file	line	kind	attributes	disposition	reason	head
reference-semantics/semantics/assert.k	6	rule		SUPPLIED_BASELINE_UNUSED	byte-identical launcher-selected semantics and unreachable from this program/claim; no proof dependency	rule <k> Assert(V:Val) => .K ... </k>
reference-semantics/semantics/assert.k	8	rule		SUPPLIED_BASELINE_UNUSED	byte-identical launcher-selected semantics and unreachable from this program/claim; no proof dependency	rule <k> Assert(V:Val) ~> _ => .K </k> <exc> NoExc => AssertionError </exc> <exit-code> _ => 1 </exit-code>
reference-semantics/semantics/assert.k	13	rule	priority	SUPPLIED_BASELINE_UNUSED	byte-identical launcher-selected semantics and unreachable from this program/claim; no proof dependency	rule <k> Assert(ref(H:Int)) => Assert(V) ... </k> <heap> ... H |-> V:Val ... </heap> [priority(40)]
reference-semantics/semantics/bool.k	8	rule		SUPPLIED_BASELINE_UNUSED	byte-identical launcher-selected semantics and unreachable from this program/claim; no proof dependency	rule applyUn("not", V:Val) => notBool truthy(V)
reference-semantics/semantics/bool.k	10	rule		SUPPLIED_BASELINE_UNUSED	byte-identical launcher-selected semantics and unreachable from this program/claim; no proof dependency	rule applyCmp("==", B1:Bool, B2:Bool) => B1 ==Bool B2
reference-semantics/semantics/bool.k	11	rule		SUPPLIED_BASELINE_UNUSED	byte-identical launcher-selected semantics and unreachable from this program/claim; no proof dependency	rule applyCmp("!=", B1:Bool, B2:Bool) => B1 =/=Bool B2 // ==== BoolOp: short-circuit, value-returning and / or ===================== // the node is its own accumulator: heat the HEAD element only, then either return it // (short-circuit) or drop it and continue
reference-semantics/semantics/bool.k	17	rule		SUPPLIED_BASELINE_UNUSED	byte-identical launcher-selected semantics and unreachable from this program/claim; no proof dependency	rule <k> BoolOp(_:String, (V:Val, .Exprs)) => V ... </k>
reference-semantics/semantics/bool.k	18	rule		SUPPLIED_BASELINE_UNUSED	byte-identical launcher-selected semantics and unreachable from this program/claim; no proof dependency	rule <k> BoolOp("and", (V:Val, A:Expr, REST:Exprs)) => BoolOp("and", (A, REST)) ... </k>
reference-semantics/semantics/bool.k	20	rule		SUPPLIED_BASELINE_UNUSED	byte-identical launcher-selected semantics and unreachable from this program/claim; no proof dependency	rule <k> BoolOp("and", (V:Val, _:Expr, _:Exprs)) => V ... </k>
reference-semantics/semantics/bool.k	22	rule		SUPPLIED_BASELINE_UNUSED	byte-identical launcher-selected semantics and unreachable from this program/claim; no proof dependency	rule <k> BoolOp("or", (V:Val, _:Expr, _:Exprs)) => V ... </k>
reference-semantics/semantics/bool.k	24	rule		SUPPLIED_BASELINE_UNUSED	byte-identical launcher-selected semantics and unreachable from this program/claim; no proof dependency	rule <k> BoolOp("or", (V:Val, A:Expr, REST:Exprs)) => BoolOp("or", (A, REST)) ... </k>
reference-semantics/semantics/bool.k	29	rule	priority	SUPPLIED_BASELINE_UNUSED	byte-identical launcher-selected semantics and unreachable from this program/claim; no proof dependency	rule <k> BoolOp(_:String, (ref(H:Int), .Exprs)) => ref(H) ... </k> [priority(40)]
reference-semantics/semantics/bool.k	31	rule		SUPPLIED_BASELINE_UNUSED	byte-identical launcher-selected semantics and unreachable from this program/claim; no proof dependency	rule <k> BoolOp("and", (ref(H:Int), A:Expr, REST:Exprs)) => BoolOp("and", (A, REST)) ... </k> <heap> ... H |-> V:Val ... </heap>
reference-semantics/semantics/bool.k	35	rule		SUPPLIED_BASELINE_UNUSED	byte-identical launcher-selected semantics and unreachable from this program/claim; no proof dependency	rule <k> BoolOp("and", (ref(H:Int), _:Expr, _:Exprs)) => ref(H) ... </k> <heap> ... H |-> V:Val ... </heap>
reference-semantics/semantics/bool.k	39	rule		SUPPLIED_BASELINE_UNUSED	byte-identical launcher-selected semantics and unreachable from this program/claim; no proof dependency	rule <k> BoolOp("or", (ref(H:Int), _:Expr, _:Exprs)) => ref(H) ... </k> <heap> ... H |-> V:Val ... </heap>
reference-semantics/semantics/bool.k	43	rule		SUPPLIED_BASELINE_UNUSED	byte-identical launcher-selected semantics and unreachable from this program/claim; no proof dependency	rule <k> BoolOp("or", (ref(H:Int), A:Expr, REST:Exprs)) => BoolOp("or", (A, REST)) ... </k> <heap> ... H |-> V:Val ... </heap>
reference-semantics/semantics/builtins.k	21	rule		SUPPLIED_BASELINE_TARGET_PATH	byte-identical launcher-selected semantics; used-rule mapping and trust primitives reviewed in REVIEW.md; no candidate modification	rule applyBuiltin("len", OBJ:Val, .Vals) => seqLen(OBJ)
reference-semantics/semantics/builtins.k	22	rule		SUPPLIED_BASELINE_TARGET_PATH	byte-identical launcher-selected semantics; used-rule mapping and trust primitives reviewed in REVIEW.md; no candidate modification	rule seqLen(list(VS:ValSeq)) => vsLen(VS)
reference-semantics/semantics/builtins.k	23	rule		SUPPLIED_BASELINE_TARGET_PATH	byte-identical launcher-selected semantics; used-rule mapping and trust primitives reviewed in REVIEW.md; no candidate modification	rule seqLen(tuple(VS:ValSeq)) => vsLen(VS)
reference-semantics/semantics/builtins.k	24	rule		SUPPLIED_BASELINE_TARGET_PATH	byte-identical launcher-selected semantics; used-rule mapping and trust primitives reviewed in REVIEW.md; no candidate modification	rule seqLen(str(IS:IntSeq)) => isLen(IS)
reference-semantics/semantics/builtins.k	25	rule		SUPPLIED_BASELINE_TARGET_PATH	byte-identical launcher-selected semantics; used-rule mapping and trust primitives reviewed in REVIEW.md; no candidate modification	rule seqLen(setV(DS:IntSeq)) => isLen(DS)
reference-semantics/semantics/builtins.k	26	rule		SUPPLIED_BASELINE_TARGET_PATH	byte-identical launcher-selected semantics; used-rule mapping and trust primitives reviewed in REVIEW.md; no candidate modification	rule seqLen(rangeObj(LO:Int, HI:Int, ST:Int)) => rangeLen(LO, HI, ST) // ==== list(seq) — materialize a list/tuple into a list (e.g. list(d.keys())) == // Minimal: the "copy a sequence" case (list of a list is itself; list of a tuple keeps order). // list() of other iterables (str/range/set/zip) is 
reference-semantics/semantics/builtins.k	32	rule		SUPPLIED_BASELINE_TARGET_PATH	byte-identical launcher-selected semantics; used-rule mapping and trust primitives reviewed in REVIEW.md; no candidate modification	rule <k> #applyK(toCall(builtinV("list")), (list(VS:ValSeq), .Vals)) => #alloc(list(VS)) ... </k>
reference-semantics/semantics/builtins.k	33	rule		SUPPLIED_BASELINE_TARGET_PATH	byte-identical launcher-selected semantics; used-rule mapping and trust primitives reviewed in REVIEW.md; no candidate modification	rule <k> #applyK(toCall(builtinV("list")), (tuple(VS:ValSeq), .Vals)) => #alloc(list(VS)) ... </k>
reference-semantics/semantics/builtins.k	34	rule		SUPPLIED_BASELINE_TARGET_PATH	byte-identical launcher-selected semantics; used-rule mapping and trust primitives reviewed in REVIEW.md; no candidate modification	rule <k> #applyK(toCall(builtinV("list")), .Vals) => #alloc(list(.ValSeq)) ... </k>
reference-semantics/semantics/builtins.k	35	rule		SUPPLIED_BASELINE_TARGET_PATH	byte-identical launcher-selected semantics; used-rule mapping and trust primitives reviewed in REVIEW.md; no candidate modification	rule <k> #applyK(toCall(builtinV("list")), (str(CS:IntSeq), .Vals)) => #alloc(list(charsOf(CS))) ... </k>
reference-semantics/semantics/builtins.k	37	rule		SUPPLIED_BASELINE_TARGET_PATH	byte-identical launcher-selected semantics; used-rule mapping and trust primitives reviewed in REVIEW.md; no candidate modification	rule charsOf(.IntSeq) => .ValSeq
reference-semantics/semantics/builtins.k	38	rule		SUPPLIED_BASELINE_TARGET_PATH	byte-identical launcher-selected semantics; used-rule mapping and trust primitives reviewed in REVIEW.md; no candidate modification	rule charsOf(iCons(C:Int, R:IntSeq)) => vCons(str(iCons(C, .IntSeq)), charsOf(R)) // ==== set(str) — distinct character codes =================================
reference-semantics/semantics/builtins.k	41	rule		SUPPLIED_BASELINE_TARGET_PATH	byte-identical launcher-selected semantics; used-rule mapping and trust primitives reviewed in REVIEW.md; no candidate modification	rule applyBuiltin("set", str(CS:IntSeq), .Vals) => setV(dedupCodes(CS)) // ==== abs(int) ============================================================
reference-semantics/semantics/builtins.k	44	rule		SUPPLIED_BASELINE_TARGET_PATH	byte-identical launcher-selected semantics; used-rule mapping and trust primitives reviewed in REVIEW.md; no candidate modification	rule applyBuiltin("abs", I:Int, .Vals) => absInt(I) // ==== sum(iterable) — one #iterNext fold; intOf = int value of an int/bool ==
reference-semantics/semantics/builtins.k	48	rule		SUPPLIED_BASELINE_TARGET_PATH	byte-identical launcher-selected semantics; used-rule mapping and trust primitives reviewed in REVIEW.md; no candidate modification	rule <k> #sumAcc(IT:Iterable, ACC:Int) => #iterNext(IT) ~> #sumCont(ACC) ... </k>
reference-semantics/semantics/builtins.k	49	rule		SUPPLIED_BASELINE_TARGET_PATH	byte-identical launcher-selected semantics; used-rule mapping and trust primitives reviewed in REVIEW.md; no candidate modification	rule <k> #iterDone ~> #sumCont(ACC:Int) => ACC ... </k>
reference-semantics/semantics/builtins.k	50	rule		SUPPLIED_BASELINE_TARGET_PATH	byte-identical launcher-selected semantics; used-rule mapping and trust primitives reviewed in REVIEW.md; no candidate modification	rule <k> #iterYield(V:Val, R:Iterable) ~> #sumCont(ACC:Int) => #sumAcc(R, ACC +Int intOf(V)) ... </k>
reference-semantics/semantics/builtins.k	55	rule		SUPPLIED_BASELINE_TARGET_PATH	byte-identical launcher-selected semantics; used-rule mapping and trust primitives reviewed in REVIEW.md; no candidate modification	rule intOf(I:Int) => I
reference-semantics/semantics/builtins.k	56	rule		SUPPLIED_BASELINE_TARGET_PATH	byte-identical launcher-selected semantics; used-rule mapping and trust primitives reviewed in REVIEW.md; no candidate modification	rule intOf(B:Bool) => #if B #then 1 #else 0 #fi // ==== all / any (short-circuiting #iterNext folds) ========================
reference-semantics/semantics/builtins.k	60	rule		SUPPLIED_BASELINE_TARGET_PATH	byte-identical launcher-selected semantics; used-rule mapping and trust primitives reviewed in REVIEW.md; no candidate modification	rule <k> #allAcc(IT:Iterable) => #iterNext(IT) ~> #allCont ... </k>
reference-semantics/semantics/builtins.k	61	rule		SUPPLIED_BASELINE_TARGET_PATH	byte-identical launcher-selected semantics; used-rule mapping and trust primitives reviewed in REVIEW.md; no candidate modification	rule <k> #iterDone ~> #allCont => true ... </k>
reference-semantics/semantics/builtins.k	62	rule		SUPPLIED_BASELINE_TARGET_PATH	byte-identical launcher-selected semantics; used-rule mapping and trust primitives reviewed in REVIEW.md; no candidate modification	rule <k> #iterYield(V:Val, R:Iterable) ~> #allCont => #allAcc(R) ... </k>
reference-semantics/semantics/builtins.k	64	rule		SUPPLIED_BASELINE_TARGET_PATH	byte-identical launcher-selected semantics; used-rule mapping and trust primitives reviewed in REVIEW.md; no candidate modification	rule <k> #iterYield(V:Val, _:Iterable) ~> #allCont => false ... </k>
reference-semantics/semantics/builtins.k	68	rule		SUPPLIED_BASELINE_TARGET_PATH	byte-identical launcher-selected semantics; used-rule mapping and trust primitives reviewed in REVIEW.md; no candidate modification	rule <k> #anyAcc(IT:Iterable) => #iterNext(IT) ~> #anyCont ... </k>
reference-semantics/semantics/builtins.k	69	rule		SUPPLIED_BASELINE_TARGET_PATH	byte-identical launcher-selected semantics; used-rule mapping and trust primitives reviewed in REVIEW.md; no candidate modification	rule <k> #iterDone ~> #anyCont => false ... </k>
reference-semantics/semantics/builtins.k	70	rule		SUPPLIED_BASELINE_TARGET_PATH	byte-identical launcher-selected semantics; used-rule mapping and trust primitives reviewed in REVIEW.md; no candidate modification	rule <k> #iterYield(V:Val, _:Iterable) ~> #anyCont => true ... </k>
reference-semantics/semantics/builtins.k	72	rule		SUPPLIED_BASELINE_TARGET_PATH	byte-identical launcher-selected semantics; used-rule mapping and trust primitives reviewed in REVIEW.md; no candidate modification	rule <k> #iterYield(V:Val, R:Iterable) ~> #anyCont => #anyAcc(R) ... </k>
reference-semantics/semantics/builtins.k	77	rule		SUPPLIED_BASELINE_TARGET_PATH	byte-identical launcher-selected semantics; used-rule mapping and trust primitives reviewed in REVIEW.md; no candidate modification	rule <k> #maxAcc0(IT:Iterable) => #iterNext(IT) ~> #maxCont0 ... </k>
reference-semantics/semantics/builtins.k	78	rule		SUPPLIED_BASELINE_TARGET_PATH	byte-identical launcher-selected semantics; used-rule mapping and trust primitives reviewed in REVIEW.md; no candidate modification	rule <k> #iterYield(V:Val, R:Iterable) ~> #maxCont0 => #maxAcc(R, {V}:>Int) ... </k>
reference-semantics/semantics/builtins.k	80	rule		SUPPLIED_BASELINE_TARGET_PATH	byte-identical launcher-selected semantics; used-rule mapping and trust primitives reviewed in REVIEW.md; no candidate modification	rule <k> #maxAcc(IT:Iterable, M:Int) => #iterNext(IT) ~> #maxCont(M) ... </k>
reference-semantics/semantics/builtins.k	81	rule		SUPPLIED_BASELINE_TARGET_PATH	byte-identical launcher-selected semantics; used-rule mapping and trust primitives reviewed in REVIEW.md; no candidate modification	rule <k> #iterDone ~> #maxCont(M:Int) => M ... </k>
reference-semantics/semantics/builtins.k	82	rule		SUPPLIED_BASELINE_TARGET_PATH	byte-identical launcher-selected semantics; used-rule mapping and trust primitives reviewed in REVIEW.md; no candidate modification	rule <k> #iterYield(V:Val, R:Iterable) ~> #maxCont(M:Int) => #maxAcc(R, maxInt(M, {V}:>Int)) ... </k>
reference-semantics/semantics/builtins.k	87	rule		SUPPLIED_BASELINE_TARGET_PATH	byte-identical launcher-selected semantics; used-rule mapping and trust primitives reviewed in REVIEW.md; no candidate modification	rule <k> #minAcc0(IT:Iterable) => #iterNext(IT) ~> #minCont0 ... </k>
reference-semantics/semantics/builtins.k	88	rule		SUPPLIED_BASELINE_TARGET_PATH	byte-identical launcher-selected semantics; used-rule mapping and trust primitives reviewed in REVIEW.md; no candidate modification	rule <k> #iterYield(V:Val, R:Iterable) ~> #minCont0 => #minAcc(R, {V}:>Int) ... </k>
reference-semantics/semantics/builtins.k	90	rule		SUPPLIED_BASELINE_TARGET_PATH	byte-identical launcher-selected semantics; used-rule mapping and trust primitives reviewed in REVIEW.md; no candidate modification	rule <k> #minAcc(IT:Iterable, M:Int) => #iterNext(IT) ~> #minCont(M) ... </k>
reference-semantics/semantics/builtins.k	91	rule		SUPPLIED_BASELINE_TARGET_PATH	byte-identical launcher-selected semantics; used-rule mapping and trust primitives reviewed in REVIEW.md; no candidate modification	rule <k> #iterDone ~> #minCont(M:Int) => M ... </k>
reference-semantics/semantics/builtins.k	92	rule		SUPPLIED_BASELINE_TARGET_PATH	byte-identical launcher-selected semantics; used-rule mapping and trust primitives reviewed in REVIEW.md; no candidate modification	rule <k> #iterYield(V:Val, R:Iterable) ~> #minCont(M:Int) => #minAcc(R, minInt(M, {V}:>Int)) ... </k>
reference-semantics/semantics/builtins.k	98	rule		SUPPLIED_BASELINE_TARGET_PATH	byte-identical launcher-selected semantics; used-rule mapping and trust primitives reviewed in REVIEW.md; no candidate modification	rule applyBuiltin("max", I:Int, REST:Vals) => maxVals(I, REST)
reference-semantics/semantics/builtins.k	99	rule		SUPPLIED_BASELINE_TARGET_PATH	byte-identical launcher-selected semantics; used-rule mapping and trust primitives reviewed in REVIEW.md; no candidate modification	rule maxVals(M:Int, .Vals) => M
reference-semantics/semantics/builtins.k	100	rule		SUPPLIED_BASELINE_TARGET_PATH	byte-identical launcher-selected semantics; used-rule mapping and trust primitives reviewed in REVIEW.md; no candidate modification	rule maxVals(M:Int, (I:Int, R:Vals)) => maxVals(maxInt(M, I), R)
reference-semantics/semantics/builtins.k	103	rule		SUPPLIED_BASELINE_TARGET_PATH	byte-identical launcher-selected semantics; used-rule mapping and trust primitives reviewed in REVIEW.md; no candidate modification	rule applyBuiltin("min", I:Int, REST:Vals) => minVals(I, REST)
reference-semantics/semantics/builtins.k	104	rule		SUPPLIED_BASELINE_TARGET_PATH	byte-identical launcher-selected semantics; used-rule mapping and trust primitives reviewed in REVIEW.md; no candidate modification	rule minVals(M:Int, .Vals) => M
reference-semantics/semantics/builtins.k	105	rule		SUPPLIED_BASELINE_TARGET_PATH	byte-identical launcher-selected semantics; used-rule mapping and trust primitives reviewed in REVIEW.md; no candidate modification	rule minVals(M:Int, (I:Int, R:Vals)) => minVals(minInt(M, I), R) // ==== bin(n) — "0b" + binary digit codes (promoted from 103's defined fold) ==
reference-semantics/semantics/builtins.k	108	rule		SUPPLIED_BASELINE_TARGET_PATH	byte-identical launcher-selected semantics; used-rule mapping and trust primitives reviewed in REVIEW.md; no candidate modification	rule applyBuiltin("bin", N:Int, .Vals) => str(iCons(48, iCons(98, binCodes(N))))
reference-semantics/semantics/builtins.k	111	rule		SUPPLIED_BASELINE_TARGET_PATH	byte-identical launcher-selected semantics; used-rule mapping and trust primitives reviewed in REVIEW.md; no candidate modification	rule applyBuiltin("bin", N:Int, .Vals) => str(iCons(45, iCons(48, iCons(98, binCodes(0 -Int N)))))
reference-semantics/semantics/builtins.k	115	rule		SUPPLIED_BASELINE_TARGET_PATH	byte-identical launcher-selected semantics; used-rule mapping and trust primitives reviewed in REVIEW.md; no candidate modification	rule binCodes(0) => iCons(48, .IntSeq)
reference-semantics/semantics/builtins.k	116	rule		SUPPLIED_BASELINE_TARGET_PATH	byte-identical launcher-selected semantics; used-rule mapping and trust primitives reviewed in REVIEW.md; no candidate modification	rule binCodes(N:Int) => binAcc(N, .IntSeq) requires N >Int 0
reference-semantics/semantics/builtins.k	118	rule		SUPPLIED_BASELINE_TARGET_PATH	byte-identical launcher-selected semantics; used-rule mapping and trust primitives reviewed in REVIEW.md; no candidate modification	rule binAcc(0, ACC:IntSeq) => ACC
reference-semantics/semantics/builtins.k	119	rule		SUPPLIED_BASELINE_TARGET_PATH	byte-identical launcher-selected semantics; used-rule mapping and trust primitives reviewed in REVIEW.md; no candidate modification	rule binAcc(N:Int, ACC:IntSeq) => binAcc((N -Int pyMod(N, 2)) /Int 2, iCons(48 +Int pyMod(N, 2), ACC))
reference-semantics/semantics/builtins.k	124	rule		SUPPLIED_BASELINE_TARGET_PATH	byte-identical launcher-selected semantics; used-rule mapping and trust primitives reviewed in REVIEW.md; no candidate modification	rule <k> #applyK(toCall(builtinV("enumerate")), (list(VS:ValSeq), .Vals)) => #alloc(list(enumVS(VS, 0))) ... </k>
reference-semantics/semantics/builtins.k	127	rule		SUPPLIED_BASELINE_TARGET_PATH	byte-identical launcher-selected semantics; used-rule mapping and trust primitives reviewed in REVIEW.md; no candidate modification	rule enumVS(.ValSeq, _:Int) => .ValSeq
reference-semantics/semantics/builtins.k	128	rule		SUPPLIED_BASELINE_TARGET_PATH	byte-identical launcher-selected semantics; used-rule mapping and trust primitives reviewed in REVIEW.md; no candidate modification	rule enumVS(vCons(V:Val, R:ValSeq), I:Int) => vCons(tuple(vCons(I, vCons(V, .ValSeq))), enumVS(R, I +Int 1)) // ==== map(str, xs) — eager (only the str case is in the subset) =============
reference-semantics/semantics/builtins.k	132	rule		SUPPLIED_BASELINE_TARGET_PATH	byte-identical launcher-selected semantics; used-rule mapping and trust primitives reviewed in REVIEW.md; no candidate modification	rule <k> #applyK(toCall(builtinV("map")), (typeV("str"), list(VS:ValSeq), .Vals)) => #alloc(list(mapStrVS(VS))) ... </k>
reference-semantics/semantics/builtins.k	135	rule		SUPPLIED_BASELINE_TARGET_PATH	byte-identical launcher-selected semantics; used-rule mapping and trust primitives reviewed in REVIEW.md; no candidate modification	rule mapStrVS(.ValSeq) => .ValSeq
reference-semantics/semantics/builtins.k	136	rule		SUPPLIED_BASELINE_TARGET_PATH	byte-identical launcher-selected semantics; used-rule mapping and trust primitives reviewed in REVIEW.md; no candidate modification	rule mapStrVS(vCons(I:Int, R:ValSeq)) => vCons(str(strToCodes(Int2String(I))), mapStrVS(R))
reference-semantics/semantics/builtins.k	137	rule		SUPPLIED_BASELINE_TARGET_PATH	byte-identical launcher-selected semantics; used-rule mapping and trust primitives reviewed in REVIEW.md; no candidate modification	rule mapStrVS(vCons(str(CS:IntSeq), R:ValSeq)) => vCons(str(CS), mapStrVS(R)) // ==== int(x) identities (int(round(x)) composes through) ====================
reference-semantics/semantics/builtins.k	140	rule		SUPPLIED_BASELINE_TARGET_PATH	byte-identical launcher-selected semantics; used-rule mapping and trust primitives reviewed in REVIEW.md; no candidate modification	rule applyBuiltin("int", I:Int, .Vals) => I // ==== ord / chr ===========================================================
reference-semantics/semantics/builtins.k	143	rule		SUPPLIED_BASELINE_TARGET_PATH	byte-identical launcher-selected semantics; used-rule mapping and trust primitives reviewed in REVIEW.md; no candidate modification	rule applyBuiltin("ord", str(iCons(C:Int, .IntSeq)), .Vals) => C
reference-semantics/semantics/builtins.k	144	rule		SUPPLIED_BASELINE_TARGET_PATH	byte-identical launcher-selected semantics; used-rule mapping and trust primitives reviewed in REVIEW.md; no candidate modification	rule applyBuiltin("chr", I:Int, .Vals) => str(iCons(I, .IntSeq))
reference-semantics/semantics/builtins.k	148	rule		SUPPLIED_BASELINE_TARGET_PATH	byte-identical launcher-selected semantics; used-rule mapping and trust primitives reviewed in REVIEW.md; no candidate modification	rule applyBuiltin("str", I:Int, .Vals) => str(strToCodes(Int2String(I)))
reference-semantics/semantics/builtins.k	149	rule		SUPPLIED_BASELINE_TARGET_PATH	byte-identical launcher-selected semantics; used-rule mapping and trust primitives reviewed in REVIEW.md; no candidate modification	rule applyBuiltin("str", str(CS:IntSeq), .Vals) => str(CS) // ==== int(str) — a single digit char ('0'..'9', code 48..57) to its value =====
reference-semantics/semantics/builtins.k	152	rule		SUPPLIED_BASELINE_TARGET_PATH	byte-identical launcher-selected semantics; used-rule mapping and trust primitives reviewed in REVIEW.md; no candidate modification	rule applyBuiltin("int", str(iCons(C:Int, .IntSeq)), .Vals) => C -Int 48
reference-semantics/semantics/builtins.k	156	rule		SUPPLIED_BASELINE_TARGET_PATH	byte-identical launcher-selected semantics; used-rule mapping and trust primitives reviewed in REVIEW.md; no candidate modification	rule applyBuiltin("int", str(CS:IntSeq), .Vals) => intDigAcc(CS, 0)
reference-semantics/semantics/builtins.k	159	rule		SUPPLIED_BASELINE_TARGET_PATH	byte-identical launcher-selected semantics; used-rule mapping and trust primitives reviewed in REVIEW.md; no candidate modification	rule intDigAcc(.IntSeq, ACC:Int) => ACC
reference-semantics/semantics/builtins.k	160	rule		SUPPLIED_BASELINE_TARGET_PATH	byte-identical launcher-selected semantics; used-rule mapping and trust primitives reviewed in REVIEW.md; no candidate modification	rule intDigAcc(iCons(C:Int, R:IntSeq), ACC:Int) => intDigAcc(R, (ACC *Int 10) +Int (C -Int 48)) // ==== zip(a, b) — parallel iterable of pairs, truncating to the shorter =====
reference-semantics/semantics/builtins.k	163	rule		SUPPLIED_BASELINE_TARGET_PATH	byte-identical launcher-selected semantics; used-rule mapping and trust primitives reviewed in REVIEW.md; no candidate modification	rule applyBuiltin("zip", list(A:ValSeq), list(B:ValSeq), .Vals) => zipObj(A, B)
reference-semantics/semantics/builtins.k	164	rule		SUPPLIED_BASELINE_TARGET_PATH	byte-identical launcher-selected semantics; used-rule mapping and trust primitives reviewed in REVIEW.md; no candidate modification	rule applyBuiltin("zip", str(A:IntSeq), str(B:IntSeq), .Vals) => zipObjS(A, B) // zip's iterator-protocol cases (zip is created here, so its #iterNext lives here)
reference-semantics/semantics/builtins.k	167	rule		SUPPLIED_BASELINE_TARGET_PATH	byte-identical launcher-selected semantics; used-rule mapping and trust primitives reviewed in REVIEW.md; no candidate modification	rule <k> #iterNext(zipObj(vCons(A:Val, As:ValSeq), vCons(B:Val, Bs:ValSeq))) => #iterYield(tuple(vCons(A, vCons(B, .ValSeq))), zipObj(As, Bs)) ... </k>
reference-semantics/semantics/builtins.k	169	rule		SUPPLIED_BASELINE_TARGET_PATH	byte-identical launcher-selected semantics; used-rule mapping and trust primitives reviewed in REVIEW.md; no candidate modification	rule <k> #iterNext(zipObj(.ValSeq, _:ValSeq)) => #iterDone ... </k>
reference-semantics/semantics/builtins.k	170	rule		SUPPLIED_BASELINE_TARGET_PATH	byte-identical launcher-selected semantics; used-rule mapping and trust primitives reviewed in REVIEW.md; no candidate modification	rule <k> #iterNext(zipObj(vCons(_:Val, _:ValSeq), .ValSeq)) => #iterDone ... </k>
reference-semantics/semantics/builtins.k	171	rule		SUPPLIED_BASELINE_TARGET_PATH	byte-identical launcher-selected semantics; used-rule mapping and trust primitives reviewed in REVIEW.md; no candidate modification	rule <k> #iterNext(zipObjS(iCons(A:Int, As:IntSeq), iCons(B:Int, Bs:IntSeq))) => #iterYield(tuple(vCons(str(iCons(A, .IntSeq)), vCons(str(iCons(B, .IntSeq)), .ValSeq))), zipObjS(As, Bs)) ... </k>
reference-semantics/semantics/builtins.k	173	rule		SUPPLIED_BASELINE_TARGET_PATH	byte-identical launcher-selected semantics; used-rule mapping and trust primitives reviewed in REVIEW.md; no candidate modification	rule <k> #iterNext(zipObjS(.IntSeq, _:IntSeq)) => #iterDone ... </k>
reference-semantics/semantics/builtins.k	174	rule		SUPPLIED_BASELINE_TARGET_PATH	byte-identical launcher-selected semantics; used-rule mapping and trust primitives reviewed in REVIEW.md; no candidate modification	rule <k> #iterNext(zipObjS(iCons(_:Int, _:IntSeq), .IntSeq)) => #iterDone ... </k> // ==== range(stop) / range(start, stop) / range(start, stop, step) =========
reference-semantics/semantics/builtins.k	177	rule		SUPPLIED_BASELINE_TARGET_PATH	byte-identical launcher-selected semantics; used-rule mapping and trust primitives reviewed in REVIEW.md; no candidate modification	rule applyBuiltin("range", I:Int, .Vals) => rangeObj(0, I, 1)
reference-semantics/semantics/builtins.k	178	rule		SUPPLIED_BASELINE_TARGET_PATH	byte-identical launcher-selected semantics; used-rule mapping and trust primitives reviewed in REVIEW.md; no candidate modification	rule applyBuiltin("range", A:Int, B:Int, .Vals) => rangeObj(A, B, 1)
reference-semantics/semantics/builtins.k	179	rule		SUPPLIED_BASELINE_TARGET_PATH	byte-identical launcher-selected semantics; used-rule mapping and trust primitives reviewed in REVIEW.md; no candidate modification	rule applyBuiltin("range", A:Int, B:Int, S:Int, .Vals) => rangeObj(A, B, S)
reference-semantics/semantics/builtins.k	187	rule		SUPPLIED_BASELINE_TARGET_PATH	byte-identical launcher-selected semantics; used-rule mapping and trust primitives reviewed in REVIEW.md; no candidate modification	rule applyBuiltin("eval", str(CS:IntSeq), .Vals) => evalArith(CS)
reference-semantics/semantics/builtins.k	189	rule		SUPPLIED_BASELINE_TARGET_PATH	byte-identical launcher-selected semantics; used-rule mapping and trust primitives reviewed in REVIEW.md; no candidate modification	rule evalArith(CS:IntSeq) => firstNdE(passAddE(passMulE(passPowE(tokOps(CS), tokNds(CS)))))
reference-semantics/semantics/builtins.k	195	rule		SUPPLIED_BASELINE_TARGET_PATH	byte-identical launcher-selected semantics; used-rule mapping and trust primitives reviewed in REVIEW.md; no candidate modification	rule evDigit(C:Int) => C >=Int 48 andBool C <=Int 57
reference-semantics/semantics/builtins.k	197	rule		SUPPLIED_BASELINE_TARGET_PATH	byte-identical launcher-selected semantics; used-rule mapping and trust primitives reviewed in REVIEW.md; no candidate modification	rule evHead42(iCons(42, _:IntSeq)) => true
reference-semantics/semantics/builtins.k	198	rule	owise	SUPPLIED_BASELINE_TARGET_PATH	byte-identical launcher-selected semantics; used-rule mapping and trust primitives reviewed in REVIEW.md; no candidate modification	rule evHead42(_:IntSeq) => false [owise]
reference-semantics/semantics/builtins.k	200	rule		SUPPLIED_BASELINE_TARGET_PATH	byte-identical launcher-selected semantics; used-rule mapping and trust primitives reviewed in REVIEW.md; no candidate modification	rule evHead47(iCons(47, _:IntSeq)) => true
reference-semantics/semantics/builtins.k	201	rule	owise	SUPPLIED_BASELINE_TARGET_PATH	byte-identical launcher-selected semantics; used-rule mapping and trust primitives reviewed in REVIEW.md; no candidate modification	rule evHead47(_:IntSeq) => false [owise]
reference-semantics/semantics/builtins.k	204	rule		SUPPLIED_BASELINE_TARGET_PATH	byte-identical launcher-selected semantics; used-rule mapping and trust primitives reviewed in REVIEW.md; no candidate modification	rule tokOps(.IntSeq) => .OpSeq
reference-semantics/semantics/builtins.k	205	rule		SUPPLIED_BASELINE_TARGET_PATH	byte-identical launcher-selected semantics; used-rule mapping and trust primitives reviewed in REVIEW.md; no candidate modification	rule tokOps(iCons(32, R:IntSeq)) => tokOps(R)
reference-semantics/semantics/builtins.k	206	rule		SUPPLIED_BASELINE_TARGET_PATH	byte-identical launcher-selected semantics; used-rule mapping and trust primitives reviewed in REVIEW.md; no candidate modification	rule tokOps(iCons(C:Int, R:IntSeq)) => tokOps(R) requires evDigit(C)
reference-semantics/semantics/builtins.k	207	rule		SUPPLIED_BASELINE_TARGET_PATH	byte-identical launcher-selected semantics; used-rule mapping and trust primitives reviewed in REVIEW.md; no candidate modification	rule tokOps(iCons(42, iCons(42, R:IntSeq))) => oCons("**", tokOps(R))
reference-semantics/semantics/builtins.k	208	rule		SUPPLIED_BASELINE_TARGET_PATH	byte-identical launcher-selected semantics; used-rule mapping and trust primitives reviewed in REVIEW.md; no candidate modification	rule tokOps(iCons(42, R:IntSeq)) => oCons("*", tokOps(R)) requires notBool evHead42(R)
reference-semantics/semantics/builtins.k	209	rule		SUPPLIED_BASELINE_TARGET_PATH	byte-identical launcher-selected semantics; used-rule mapping and trust primitives reviewed in REVIEW.md; no candidate modification	rule tokOps(iCons(47, iCons(47, R:IntSeq))) => oCons("//", tokOps(R))
reference-semantics/semantics/builtins.k	210	rule		SUPPLIED_BASELINE_TARGET_PATH	byte-identical launcher-selected semantics; used-rule mapping and trust primitives reviewed in REVIEW.md; no candidate modification	rule tokOps(iCons(47, R:IntSeq)) => oCons("/", tokOps(R)) requires notBool evHead47(R)
reference-semantics/semantics/builtins.k	211	rule		SUPPLIED_BASELINE_TARGET_PATH	byte-identical launcher-selected semantics; used-rule mapping and trust primitives reviewed in REVIEW.md; no candidate modification	rule tokOps(iCons(43, R:IntSeq)) => oCons("+", tokOps(R))
reference-semantics/semantics/builtins.k	212	rule		SUPPLIED_BASELINE_TARGET_PATH	byte-identical launcher-selected semantics; used-rule mapping and trust primitives reviewed in REVIEW.md; no candidate modification	rule tokOps(iCons(45, R:IntSeq)) => oCons("-", tokOps(R))
reference-semantics/semantics/builtins.k	216	rule		SUPPLIED_BASELINE_TARGET_PATH	byte-identical launcher-selected semantics; used-rule mapping and trust primitives reviewed in REVIEW.md; no candidate modification	rule tokNds(.IntSeq) => .IntSeq
reference-semantics/semantics/builtins.k	217	rule		SUPPLIED_BASELINE_TARGET_PATH	byte-identical launcher-selected semantics; used-rule mapping and trust primitives reviewed in REVIEW.md; no candidate modification	rule tokNds(iCons(32, R:IntSeq)) => tokNds(R)
reference-semantics/semantics/builtins.k	218	rule		SUPPLIED_BASELINE_TARGET_PATH	byte-identical launcher-selected semantics; used-rule mapping and trust primitives reviewed in REVIEW.md; no candidate modification	rule tokNds(iCons(C:Int, R:IntSeq)) => tokNdAcc(C -Int 48, R) requires evDigit(C)
reference-semantics/semantics/builtins.k	219	rule		SUPPLIED_BASELINE_TARGET_PATH	byte-identical launcher-selected semantics; used-rule mapping and trust primitives reviewed in REVIEW.md; no candidate modification	rule tokNds(iCons(C:Int, R:IntSeq)) => tokNds(R)
reference-semantics/semantics/builtins.k	221	rule		SUPPLIED_BASELINE_TARGET_PATH	byte-identical launcher-selected semantics; used-rule mapping and trust primitives reviewed in REVIEW.md; no candidate modification	rule tokNdAcc(A:Int, iCons(C:Int, R:IntSeq)) => tokNdAcc(A *Int 10 +Int (C -Int 48), R)
reference-semantics/semantics/builtins.k	223	rule	owise	SUPPLIED_BASELINE_TARGET_PATH	byte-identical launcher-selected semantics; used-rule mapping and trust primitives reviewed in REVIEW.md; no candidate modification	rule tokNdAcc(A:Int, S:IntSeq) => iCons(A, tokNds(S)) [owise]
reference-semantics/semantics/builtins.k	227	rule		SUPPLIED_BASELINE_TARGET_PATH	byte-identical launcher-selected semantics; used-rule mapping and trust primitives reviewed in REVIEW.md; no candidate modification	rule firstNdE(evp(_:OpSeq, iCons(N:Int, _:IntSeq))) => N
reference-semantics/semantics/builtins.k	228	rule	owise	SUPPLIED_BASELINE_TARGET_PATH	byte-identical launcher-selected semantics; used-rule mapping and trust primitives reviewed in REVIEW.md; no candidate modification	rule firstNdE(_:EvPair) => 0 [owise]
reference-semantics/semantics/builtins.k	231	rule		SUPPLIED_BASELINE_TARGET_PATH	byte-identical launcher-selected semantics; used-rule mapping and trust primitives reviewed in REVIEW.md; no candidate modification	rule applyOpE("+", A:Int, B:Int) => A +Int B
reference-semantics/semantics/builtins.k	232	rule		SUPPLIED_BASELINE_TARGET_PATH	byte-identical launcher-selected semantics; used-rule mapping and trust primitives reviewed in REVIEW.md; no candidate modification	rule applyOpE("-", A:Int, B:Int) => A -Int B
reference-semantics/semantics/builtins.k	233	rule		SUPPLIED_BASELINE_TARGET_PATH	byte-identical launcher-selected semantics; used-rule mapping and trust primitives reviewed in REVIEW.md; no candidate modification	rule applyOpE("*", A:Int, B:Int) => A *Int B
reference-semantics/semantics/builtins.k	234	rule		SUPPLIED_BASELINE_TARGET_PATH	byte-identical launcher-selected semantics; used-rule mapping and trust primitives reviewed in REVIEW.md; no candidate modification	rule applyOpE("//", A:Int, B:Int) => A divInt B
reference-semantics/semantics/builtins.k	235	rule		SUPPLIED_BASELINE_TARGET_PATH	byte-identical launcher-selected semantics; used-rule mapping and trust primitives reviewed in REVIEW.md; no candidate modification	rule applyOpE("**", A:Int, B:Int) => A ^Int B
reference-semantics/semantics/builtins.k	236	rule	owise	SUPPLIED_BASELINE_TARGET_PATH	byte-identical launcher-selected semantics; used-rule mapping and trust primitives reviewed in REVIEW.md; no candidate modification	rule applyOpE(_:String, A:Int, _:Int) => A [owise]
reference-semantics/semantics/builtins.k	239	rule		SUPPLIED_BASELINE_TARGET_PATH	byte-identical launcher-selected semantics; used-rule mapping and trust primitives reviewed in REVIEW.md; no candidate modification	rule passPowE(.OpSeq, NDS:IntSeq) => evp(.OpSeq, NDS)
reference-semantics/semantics/builtins.k	240	rule		SUPPLIED_BASELINE_TARGET_PATH	byte-identical launcher-selected semantics; used-rule mapping and trust primitives reviewed in REVIEW.md; no candidate modification	rule passPowE(oCons("**", OPS:OpSeq), iCons(N:Int, NDS:IntSeq)) => powCombE(N, passPowE(OPS, NDS))
reference-semantics/semantics/builtins.k	241	rule		SUPPLIED_BASELINE_TARGET_PATH	byte-identical launcher-selected semantics; used-rule mapping and trust primitives reviewed in REVIEW.md; no candidate modification	rule passPowE(oCons(O:String, OPS:OpSeq), iCons(N:Int, NDS:IntSeq)) => powCarryE(O, N, passPowE(OPS, NDS))
reference-semantics/semantics/builtins.k	243	rule	owise	SUPPLIED_BASELINE_TARGET_PATH	byte-identical launcher-selected semantics; used-rule mapping and trust primitives reviewed in REVIEW.md; no candidate modification	rule passPowE(_:OpSeq, .IntSeq) => evp(.OpSeq, .IntSeq) [owise]
reference-semantics/semantics/builtins.k	245	rule		SUPPLIED_BASELINE_TARGET_PATH	byte-identical launcher-selected semantics; used-rule mapping and trust primitives reviewed in REVIEW.md; no candidate modification	rule powCombE(N:Int, evp(OPS:OpSeq, iCons(M:Int, REST:IntSeq))) => evp(OPS, iCons(N ^Int M, REST))
reference-semantics/semantics/builtins.k	246	rule		SUPPLIED_BASELINE_TARGET_PATH	byte-identical launcher-selected semantics; used-rule mapping and trust primitives reviewed in REVIEW.md; no candidate modification	rule powCombE(N:Int, evp(OPS:OpSeq, .IntSeq)) => evp(OPS, iCons(N, .IntSeq))
reference-semantics/semantics/builtins.k	248	rule		SUPPLIED_BASELINE_TARGET_PATH	byte-identical launcher-selected semantics; used-rule mapping and trust primitives reviewed in REVIEW.md; no candidate modification	rule powCarryE(O:String, N:Int, evp(OPS:OpSeq, NDS:IntSeq)) => evp(oCons(O, OPS), iCons(N, NDS))
reference-semantics/semantics/builtins.k	251	rule		SUPPLIED_BASELINE_TARGET_PATH	byte-identical launcher-selected semantics; used-rule mapping and trust primitives reviewed in REVIEW.md; no candidate modification	rule passMulE(evp(OPS:OpSeq, iCons(N0:Int, NDS:IntSeq))) => passLGoE("mul", N0, OPS, NDS, .OpSeq, .IntSeq)
reference-semantics/semantics/builtins.k	252	rule		SUPPLIED_BASELINE_TARGET_PATH	byte-identical launcher-selected semantics; used-rule mapping and trust primitives reviewed in REVIEW.md; no candidate modification	rule passMulE(evp(OPS:OpSeq, .IntSeq)) => evp(OPS, .IntSeq)
reference-semantics/semantics/builtins.k	253	rule		SUPPLIED_BASELINE_TARGET_PATH	byte-identical launcher-selected semantics; used-rule mapping and trust primitives reviewed in REVIEW.md; no candidate modification	rule passAddE(evp(OPS:OpSeq, iCons(N0:Int, NDS:IntSeq))) => passLGoE("add", N0, OPS, NDS, .OpSeq, .IntSeq)
reference-semantics/semantics/builtins.k	254	rule		SUPPLIED_BASELINE_TARGET_PATH	byte-identical launcher-selected semantics; used-rule mapping and trust primitives reviewed in REVIEW.md; no candidate modification	rule passAddE(evp(OPS:OpSeq, .IntSeq)) => evp(OPS, .IntSeq)
reference-semantics/semantics/builtins.k	256	rule		SUPPLIED_BASELINE_TARGET_PATH	byte-identical launcher-selected semantics; used-rule mapping and trust primitives reviewed in REVIEW.md; no candidate modification	rule passLGoE(_:String, CUR:Int, .OpSeq, _:IntSeq, OO:OpSeq, ON:IntSeq) => evp(OO, appendIE(ON, CUR))
reference-semantics/semantics/builtins.k	257	rule		SUPPLIED_BASELINE_TARGET_PATH	byte-identical launcher-selected semantics; used-rule mapping and trust primitives reviewed in REVIEW.md; no candidate modification	rule passLGoE(L:String, CUR:Int, oCons(O:String, OPS:OpSeq), iCons(N:Int, NDS:IntSeq), OO:OpSeq, ON:IntSeq) => passLGoE(L, applyOpE(O, CUR, N), OPS, NDS, OO, ON)
reference-semantics/semantics/builtins.k	260	rule		SUPPLIED_BASELINE_TARGET_PATH	byte-identical launcher-selected semantics; used-rule mapping and trust primitives reviewed in REVIEW.md; no candidate modification	rule passLGoE(L:String, CUR:Int, oCons(O:String, OPS:OpSeq), iCons(N:Int, NDS:IntSeq), OO:OpSeq, ON:IntSeq) => passLGoE(L, N, OPS, NDS, appendOpE(OO, O), appendIE(ON, CUR))
reference-semantics/semantics/builtins.k	263	rule	owise	SUPPLIED_BASELINE_TARGET_PATH	byte-identical launcher-selected semantics; used-rule mapping and trust primitives reviewed in REVIEW.md; no candidate modification	rule passLGoE(_:String, CUR:Int, oCons(_:String, _:OpSeq), .IntSeq, OO:OpSeq, ON:IntSeq) => evp(OO, appendIE(ON, CUR)) [owise]
reference-semantics/semantics/builtins.k	266	rule		SUPPLIED_BASELINE_TARGET_PATH	byte-identical launcher-selected semantics; used-rule mapping and trust primitives reviewed in REVIEW.md; no candidate modification	rule inLevelE("mul", O:String) => O ==String "*" orBool O ==String "//" orBool O ==String "/"
reference-semantics/semantics/builtins.k	267	rule		SUPPLIED_BASELINE_TARGET_PATH	byte-identical launcher-selected semantics; used-rule mapping and trust primitives reviewed in REVIEW.md; no candidate modification	rule inLevelE("add", O:String) => O ==String "+" orBool O ==String "-"
reference-semantics/semantics/builtins.k	268	rule	owise	SUPPLIED_BASELINE_TARGET_PATH	byte-identical launcher-selected semantics; used-rule mapping and trust primitives reviewed in REVIEW.md; no candidate modification	rule inLevelE(_:String, _:String) => false [owise]
reference-semantics/semantics/builtins.k	270	rule		SUPPLIED_BASELINE_TARGET_PATH	byte-identical launcher-selected semantics; used-rule mapping and trust primitives reviewed in REVIEW.md; no candidate modification	rule appendOpE(.OpSeq, O:String) => oCons(O, .OpSeq)
reference-semantics/semantics/builtins.k	271	rule		SUPPLIED_BASELINE_TARGET_PATH	byte-identical launcher-selected semantics; used-rule mapping and trust primitives reviewed in REVIEW.md; no candidate modification	rule appendOpE(oCons(H:String, T:OpSeq), O:String) => oCons(H, appendOpE(T, O))
reference-semantics/semantics/builtins.k	273	rule		SUPPLIED_BASELINE_TARGET_PATH	byte-identical launcher-selected semantics; used-rule mapping and trust primitives reviewed in REVIEW.md; no candidate modification	rule appendIE(.IntSeq, N:Int) => iCons(N, .IntSeq)
reference-semantics/semantics/builtins.k	274	rule		SUPPLIED_BASELINE_TARGET_PATH	byte-identical launcher-selected semantics; used-rule mapping and trust primitives reviewed in REVIEW.md; no candidate modification	rule appendIE(iCons(H:Int, T:IntSeq), N:Int) => iCons(H, appendIE(T, N)) // ==== hashlib.md5(S).hexdigest() — a trusted opaque digest ================== // The md5 value itself is a named shared trust (sortVS-style, no concrete // twin); proofs use the length/hex-charset lemmas (lemmas/builtins.k).
reference-semantics/semantics/builtins.k	280	rule	priority	SUPPLIED_BASELINE_TARGET_PATH	byte-identical launcher-selected semantics; used-rule mapping and trust primitives reviewed in REVIEW.md; no candidate modification	rule <k> Call(Attribute(Name("hashlib"), "md5"), (E:Expr, .Exprs)) => E ~> #md5 ... </k> [priority(40)]
reference-semantics/semantics/builtins.k	282	rule		SUPPLIED_BASELINE_TARGET_PATH	byte-identical launcher-selected semantics; used-rule mapping and trust primitives reviewed in REVIEW.md; no candidate modification	rule <k> str(CS:IntSeq) ~> #md5 => md5Obj(CS) ... </k>
reference-semantics/semantics/builtins.k	284	rule		SUPPLIED_BASELINE_TARGET_PATH	byte-identical launcher-selected semantics; used-rule mapping and trust primitives reviewed in REVIEW.md; no candidate modification	rule applyMethod(md5Obj(CS:IntSeq), "hexdigest", .Vals) => str(md5hexCodes(CS))
reference-semantics/semantics/builtins.k	291	rule		SUPPLIED_BASELINE_TARGET_PATH	byte-identical launcher-selected semantics; used-rule mapping and trust primitives reviewed in REVIEW.md; no candidate modification	rule applyBuiltin("isinstance", V:Val, typeV("int"), .Vals) => isIntV(V)
reference-semantics/semantics/builtins.k	292	rule		SUPPLIED_BASELINE_TARGET_PATH	byte-identical launcher-selected semantics; used-rule mapping and trust primitives reviewed in REVIEW.md; no candidate modification	rule applyBuiltin("isinstance", V:Val, typeV("str"), .Vals) => isStrV(V)
reference-semantics/semantics/builtins.k	294	rule		SUPPLIED_BASELINE_TARGET_PATH	byte-identical launcher-selected semantics; used-rule mapping and trust primitives reviewed in REVIEW.md; no candidate modification	rule isIntV(_:Int) => true
reference-semantics/semantics/builtins.k	295	rule	owise	SUPPLIED_BASELINE_TARGET_PATH	byte-identical launcher-selected semantics; used-rule mapping and trust primitives reviewed in REVIEW.md; no candidate modification	rule isIntV(_:Val) => false [owise]
reference-semantics/semantics/builtins.k	296	rule		SUPPLIED_BASELINE_TARGET_PATH	byte-identical launcher-selected semantics; used-rule mapping and trust primitives reviewed in REVIEW.md; no candidate modification	rule isStrV(str(_:IntSeq)) => true
reference-semantics/semantics/builtins.k	297	rule	owise	SUPPLIED_BASELINE_TARGET_PATH	byte-identical launcher-selected semantics; used-rule mapping and trust primitives reviewed in REVIEW.md; no candidate modification	rule isStrV(_:Val) => false [owise]
reference-semantics/semantics/call.k	16	rule	owise	SUPPLIED_BASELINE_TARGET_PATH	byte-identical launcher-selected semantics; used-rule mapping and trust primitives reviewed in REVIEW.md; no candidate modification	rule <k> Attribute(V:Val, M:String) => boundMethodV(V, M) ... </k> // evaluate callee, then args ([owise]: problem-local Call interceptions beat this)
reference-semantics/semantics/call.k	20	rule	owise	SUPPLIED_BASELINE_TARGET_PATH	byte-identical launcher-selected semantics; used-rule mapping and trust primitives reviewed in REVIEW.md; no candidate modification	rule <k> Call(Fe:Expr, ARGS:Exprs) => Fe ~> #callee(ARGS) ... </k> [owise]
reference-semantics/semantics/call.k	21	rule		SUPPLIED_BASELINE_TARGET_PATH	byte-identical launcher-selected semantics; used-rule mapping and trust primitives reviewed in REVIEW.md; no candidate modification	rule <k> CV:Val ~> #callee(ARGS:Exprs) => #evalArgs(ARGS, .Vals, toCall(CV)) ... </k> // ==== dispatch on the callee value ========================================
reference-semantics/semantics/call.k	24	rule		SUPPLIED_BASELINE_TARGET_PATH	byte-identical launcher-selected semantics; used-rule mapping and trust primitives reviewed in REVIEW.md; no candidate modification	rule <k> #applyK(toCall(boundMethodV(OBJ:Val, M:String)), ACC:Vals) => applyMethod(OBJ, M, ACC) ... </k>
reference-semantics/semantics/call.k	26	rule		SUPPLIED_BASELINE_TARGET_PATH	byte-identical launcher-selected semantics; used-rule mapping and trust primitives reviewed in REVIEW.md; no candidate modification	rule <k> #applyK(toCall(builtinV("sum")), (OBJ:Iterable, .Vals)) => #sumAcc(OBJ, 0) ... </k>
reference-semantics/semantics/call.k	27	rule		SUPPLIED_BASELINE_TARGET_PATH	byte-identical launcher-selected semantics; used-rule mapping and trust primitives reviewed in REVIEW.md; no candidate modification	rule <k> #applyK(toCall(builtinV("all")), (OBJ:Iterable, .Vals)) => #allAcc(OBJ) ... </k>
reference-semantics/semantics/call.k	28	rule		SUPPLIED_BASELINE_TARGET_PATH	byte-identical launcher-selected semantics; used-rule mapping and trust primitives reviewed in REVIEW.md; no candidate modification	rule <k> #applyK(toCall(builtinV("any")), (OBJ:Iterable, .Vals)) => #anyAcc(OBJ) ... </k>
reference-semantics/semantics/call.k	29	rule		SUPPLIED_BASELINE_TARGET_PATH	byte-identical launcher-selected semantics; used-rule mapping and trust primitives reviewed in REVIEW.md; no candidate modification	rule <k> #applyK(toCall(builtinV("max")), (OBJ:Iterable, .Vals)) => #maxAcc0(OBJ) ... </k>
reference-semantics/semantics/call.k	30	rule		SUPPLIED_BASELINE_TARGET_PATH	byte-identical launcher-selected semantics; used-rule mapping and trust primitives reviewed in REVIEW.md; no candidate modification	rule <k> #applyK(toCall(builtinV("min")), (OBJ:Iterable, .Vals)) => #minAcc0(OBJ) ... </k>
reference-semantics/semantics/call.k	31	rule	owise	SUPPLIED_BASELINE_TARGET_PATH	byte-identical launcher-selected semantics; used-rule mapping and trust primitives reviewed in REVIEW.md; no candidate modification	rule <k> #applyK(toCall(builtinV(BN:String)), ACC:Vals) => applyBuiltin(BN, ACC) ... </k> [owise]
reference-semantics/semantics/call.k	32	rule		SUPPLIED_BASELINE_TARGET_PATH	byte-identical launcher-selected semantics; used-rule mapping and trust primitives reviewed in REVIEW.md; no candidate modification	rule <k> #applyK(toCall(typeV(T:String)), ACC:Vals) => applyBuiltin(T, ACC) ... </k> // ==== heap-object arguments/receivers ===================================== // Builtins and type calls READ structure — deref the first two arg positions // (covers len/sum/all/any/max/min/sorted/list/set + zip's 
reference-semantics/semantics/call.k	38	rule	priority	SUPPLIED_BASELINE_TARGET_PATH	byte-identical launcher-selected semantics; used-rule mapping and trust primitives reviewed in REVIEW.md; no candidate modification	rule <k> #applyK(toCall(builtinV(BN:String)), (ref(H:Int), REST:Vals)) => #applyK(toCall(builtinV(BN)), (V, REST)) ... </k> <heap> ... H |-> V:Val ... </heap> [priority(40)]
reference-semantics/semantics/call.k	42	rule		SUPPLIED_BASELINE_TARGET_PATH	byte-identical launcher-selected semantics; used-rule mapping and trust primitives reviewed in REVIEW.md; no candidate modification	rule <k> #applyK(toCall(builtinV(BN:String)), (A:Val, ref(H:Int), REST:Vals)) => #applyK(toCall(builtinV(BN)), (A, V, REST)) ... </k> <heap> ... H |-> V:Val ... </heap>
reference-semantics/semantics/call.k	47	rule	priority	SUPPLIED_BASELINE_TARGET_PATH	byte-identical launcher-selected semantics; used-rule mapping and trust primitives reviewed in REVIEW.md; no candidate modification	rule <k> #applyK(toCall(typeV(T:String)), (ref(H:Int), REST:Vals)) => #applyK(toCall(typeV(T)), (V, REST)) ... </k> <heap> ... H |-> V:Val ... </heap> [priority(40)]
reference-semantics/semantics/call.k	53	rule		SUPPLIED_BASELINE_TARGET_PATH	byte-identical launcher-selected semantics; used-rule mapping and trust primitives reviewed in REVIEW.md; no candidate modification	rule isMutMethod(M:String) => M ==String "append" orBool M ==String "sort" orBool M ==String "extend" orBool M ==String "insert" orBool M ==String "pop" orBool M ==String "remove"
reference-semantics/semantics/call.k	56	rule		SUPPLIED_BASELINE_TARGET_PATH	byte-identical launcher-selected semantics; used-rule mapping and trust primitives reviewed in REVIEW.md; no candidate modification	rule <k> #applyK(toCall(boundMethodV(ref(H:Int), M:String)), ACC:Vals) => #applyK(toCall(boundMethodV(V, M)), ACC) ... </k> <heap> ... H |-> V:Val ... </heap>
reference-semantics/semantics/call.k	63	rule		SUPPLIED_BASELINE_TARGET_PATH	byte-identical launcher-selected semantics; used-rule mapping and trust primitives reviewed in REVIEW.md; no candidate modification	rule <k> #applyK(toCall(boundMethodV(OBJ:Val, M:String)), (ref(H:Int), REST:Vals)) => #applyK(toCall(boundMethodV(OBJ, M)), (V, REST)) ... </k> <heap> ... H |-> V:Val ... </heap>
reference-semantics/semantics/call.k	69	rule		SUPPLIED_BASELINE_TARGET_PATH	byte-identical launcher-selected semantics; used-rule mapping and trust primitives reviewed in REVIEW.md; no candidate modification	rule <k> #applyK(toCall(closureVal(PNS:ParamNames, BODY:Stmts, DEFL:Int)), ACC:Vals) ~> CONT => #bindP(PNS, ACC) ~> BODY ~> #endcall </k> <env> CALLERL:Int => NEWL </env> <scopes> STORE:Map => STORE [ NEWL <- scope(.Map, parent(DEFL)) ] </scopes> <scopeLoc> NEWL:Int => NEWL +Int 1 </scopeLoc> <stack
reference-semantics/semantics/call.k	80	rule		SUPPLIED_BASELINE_TARGET_PATH	byte-identical launcher-selected semantics; used-rule mapping and trust primitives reviewed in REVIEW.md; no candidate modification	rule <k> #applyK(toCall(closureValC(PNS:ParamNames, CVS:ParamNames, BODY:Stmts, CM:Map)), ACC:Vals) ~> CONT => #allocCells(CVS) ~> #bindP(PNS, ACC) ~> BODY ~> #endcall </k> <env> CALLERL:Int => NEWL </env> <scopes> STORE:Map => STORE [ NEWL <- scope(CM [ "$cells" <- cellsMark(CVS) ], parent(0)) ] </
reference-semantics/semantics/call.k	88	rule		SUPPLIED_BASELINE_TARGET_PATH	byte-identical launcher-selected semantics; used-rule mapping and trust primitives reviewed in REVIEW.md; no candidate modification	rule <k> #allocCells(.ParamNames) => .K ... </k>
reference-semantics/semantics/call.k	89	rule		SUPPLIED_BASELINE_TARGET_PATH	byte-identical launcher-selected semantics; used-rule mapping and trust primitives reviewed in REVIEW.md; no candidate modification	rule <k> #allocCells((CV:String, R:ParamNames)) => #allocCells(R) ... </k> <env> L:Int </env> <scopes> ... L |-> scope(M:Map => M [ CV <- cellRef(N) ], _) ... </scopes> <heap> H:Map => (N |-> cellV(noneV)) H </heap> <heapLoc> N:Int => N +Int 1 </heapLoc>
reference-semantics/semantics/comprehension.k	11	rule		SUPPLIED_BASELINE_UNUSED	byte-identical launcher-selected semantics and unreachable from this program/claim; no proof dependency	rule ListComp(ELT:Expr, Gs:CompFors) => Call(closureExpr(.ParamNames, compBody(Gs, ELT)), .Exprs)
reference-semantics/semantics/comprehension.k	12	rule		SUPPLIED_BASELINE_UNUSED	byte-identical launcher-selected semantics and unreachable from this program/claim; no proof dependency	rule GenExp(ELT:Expr, Gs:CompFors) => Call(closureExpr(.ParamNames, compBody(Gs, ELT)), .Exprs)
reference-semantics/semantics/comprehension.k	15	rule		SUPPLIED_BASELINE_UNUSED	byte-identical launcher-selected semantics and unreachable from this program/claim; no proof dependency	rule compBody(Gs:CompFors, ELT:Expr) => Assign(Name("$acc"), ListExpr(.Exprs)) compNest(Gs, ELT) Return(Name("$acc"))
reference-semantics/semantics/comprehension.k	19	rule		SUPPLIED_BASELINE_UNUSED	byte-identical launcher-selected semantics and unreachable from this program/claim; no proof dependency	rule compNest(.CompFors, ELT:Expr) => Assign(Name("$acc"), BinOp("+", Name("$acc"), ListExpr(ELT)))
reference-semantics/semantics/comprehension.k	21	rule		SUPPLIED_BASELINE_UNUSED	byte-identical launcher-selected semantics and unreachable from this program/claim; no proof dependency	rule compNest((CompFor(T:Expr, ITER:Expr, Fs:Exprs) GRest:CompFors), ELT:Expr) => For(T, ITER, If(compGuard(Fs), compNest(GRest, ELT), .Stmts))
reference-semantics/semantics/comprehension.k	25	rule		SUPPLIED_BASELINE_UNUSED	byte-identical launcher-selected semantics and unreachable from this program/claim; no proof dependency	rule compGuard(.Exprs) => Bool(true)
reference-semantics/semantics/comprehension.k	26	rule		SUPPLIED_BASELINE_UNUSED	byte-identical launcher-selected semantics and unreachable from this program/claim; no proof dependency	rule compGuard((F:Expr, Fs:Exprs)) => BoolOp("and", (F, Fs))
reference-semantics/semantics/concrete.k	13	rule		SUPPLIED_BASELINE_UNUSED	byte-identical launcher-selected semantics and unreachable from this program/claim; no proof dependency	rule <k> Compare(list(A:ValSeq), CmpOp("==", list(B:ValSeq))) => deepEqVS(A, B, HP) ... </k> <heap> HP:Map </heap>
reference-semantics/semantics/concrete.k	16	rule		SUPPLIED_BASELINE_UNUSED	byte-identical launcher-selected semantics and unreachable from this program/claim; no proof dependency	rule <k> Compare(list(A:ValSeq), CmpOp("!=", list(B:ValSeq))) => notBool deepEqVS(A, B, HP) ... </k> <heap> HP:Map </heap>
reference-semantics/semantics/concrete.k	28	rule	priority	SUPPLIED_BASELINE_UNUSED	byte-identical launcher-selected semantics and unreachable from this program/claim; no proof dependency	rule <k> #applyK(toCall(builtinV("sorted")), (list(VS:ValSeq), kwV("key", KV:Val), .Vals)) => #ksort(VS, KV, .ValSeq, false) ... </k> [priority(40)]
reference-semantics/semantics/concrete.k	31	rule	priority	SUPPLIED_BASELINE_UNUSED	byte-identical launcher-selected semantics and unreachable from this program/claim; no proof dependency	rule <k> #applyK(toCall(builtinV("sorted")), (list(VS:ValSeq), kwV("key", KV:Val), kwV("reverse", RB:Bool), .Vals)) => #ksort(VS, KV, .ValSeq, RB) ... </k> [priority(40)]
reference-semantics/semantics/concrete.k	34	rule		SUPPLIED_BASELINE_UNUSED	byte-identical launcher-selected semantics and unreachable from this program/claim; no proof dependency	rule <k> #ksort(.ValSeq, _:Val, ACC:ValSeq, RB:Bool) => #alloc(list(condRev(unpairVS(ACC), RB))) ... </k>
reference-semantics/semantics/concrete.k	36	rule		SUPPLIED_BASELINE_UNUSED	byte-identical launcher-selected semantics and unreachable from this program/claim; no proof dependency	rule <k> #ksort(vCons(V:Val, R:ValSeq), KV:Val, ACC:ValSeq, RB:Bool) => KV ~> #callee((V, .Exprs)) ~> #ksIns(V, R, KV, ACC, RB) ... </k>
reference-semantics/semantics/concrete.k	38	rule		SUPPLIED_BASELINE_UNUSED	byte-identical launcher-selected semantics and unreachable from this program/claim; no proof dependency	rule <k> K:Val ~> #ksIns(V:Val, R:ValSeq, KV:Val, ACC:ValSeq, RB:Bool) => #ksort(R, KV, insPair(ACC, K, V), RB) ... </k>
reference-semantics/semantics/concrete.k	43	rule		SUPPLIED_BASELINE_UNUSED	byte-identical launcher-selected semantics and unreachable from this program/claim; no proof dependency	rule insPair(.ValSeq, K:Val, V:Val) => vCons(kvP(K, V), .ValSeq)
reference-semantics/semantics/concrete.k	44	rule		SUPPLIED_BASELINE_UNUSED	byte-identical launcher-selected semantics and unreachable from this program/claim; no proof dependency	rule insPair(vCons(kvP(K2:Val, V2:Val), R:ValSeq), K:Val, V:Val) => vCons(kvP(K, V), vCons(kvP(K2, V2), R))
reference-semantics/semantics/concrete.k	47	rule		SUPPLIED_BASELINE_UNUSED	byte-identical launcher-selected semantics and unreachable from this program/claim; no proof dependency	rule insPair(vCons(kvP(K2:Val, V2:Val), R:ValSeq), K:Val, V:Val) => vCons(kvP(K2, V2), insPair(R, K, V))
reference-semantics/semantics/concrete.k	52	rule		SUPPLIED_BASELINE_UNUSED	byte-identical launcher-selected semantics and unreachable from this program/claim; no proof dependency	rule kLt(I1:Int, I2:Int) => I1 <Int I2
reference-semantics/semantics/concrete.k	53	rule		SUPPLIED_BASELINE_UNUSED	byte-identical launcher-selected semantics and unreachable from this program/claim; no proof dependency	rule kLt(F1:Float, F2:Float) => F1 <Float F2
reference-semantics/semantics/concrete.k	54	rule		SUPPLIED_BASELINE_UNUSED	byte-identical launcher-selected semantics and unreachable from this program/claim; no proof dependency	rule kLt(str(A:IntSeq), str(B:IntSeq)) => strLt(A, B)
reference-semantics/semantics/concrete.k	57	rule		SUPPLIED_BASELINE_UNUSED	byte-identical launcher-selected semantics and unreachable from this program/claim; no proof dependency	rule unpairVS(.ValSeq) => .ValSeq
reference-semantics/semantics/concrete.k	58	rule		SUPPLIED_BASELINE_UNUSED	byte-identical launcher-selected semantics and unreachable from this program/claim; no proof dependency	rule unpairVS(vCons(kvP(_:Val, V:Val), R:ValSeq)) => vCons(V, unpairVS(R))
reference-semantics/semantics/concrete.k	59	rule	owise	SUPPLIED_BASELINE_UNUSED	byte-identical launcher-selected semantics and unreachable from this program/claim; no proof dependency	rule unpairVS(vCons(V:Val, R:ValSeq)) => vCons(V, unpairVS(R)) [owise]
reference-semantics/semantics/controls.k	9	rule		SUPPLIED_BASELINE_TARGET_PATH	byte-identical launcher-selected semantics; used-rule mapping and trust primitives reviewed in REVIEW.md; no candidate modification	rule <k> Assign(Name(X:String), V:Val) => .K ... </k> <env> L:Int </env> <scopes> ... L |-> scope(M:Map => M [ X <- V ], _) ... </scopes>
reference-semantics/semantics/controls.k	12	rule		SUPPLIED_BASELINE_TARGET_PATH	byte-identical launcher-selected semantics; used-rule mapping and trust primitives reviewed in REVIEW.md; no candidate modification	rule <k> Assign(Name(X:String), V:Val) => #cellW({M[X]}:>Val, V) ... </k> <env> L:Int </env> <scopes> ... L |-> scope(M:Map, _) ... </scopes>
reference-semantics/semantics/controls.k	20	rule		SUPPLIED_BASELINE_TARGET_PATH	byte-identical launcher-selected semantics; used-rule mapping and trust primitives reviewed in REVIEW.md; no candidate modification	rule <k> AugAssign(Name(X:String), OP:String, V:Val) => .K ... </k> <env> L:Int </env> <scopes> ... L |-> scope(M:Map => M [ X <- applyBin(OP, {M[X]}:>Val, V) ], _) ... </scopes>
reference-semantics/semantics/controls.k	27	rule		SUPPLIED_BASELINE_TARGET_PATH	byte-identical launcher-selected semantics; used-rule mapping and trust primitives reviewed in REVIEW.md; no candidate modification	rule <k> AugAssign(Name(X:String), OP:String, V:Val) => Assign(Name(X), BinOp(OP, Name(X), V)) ... </k> <env> L:Int </env> <scopes> ... L |-> scope(M:Map, _) ... </scopes>
reference-semantics/semantics/controls.k	35	rule		SUPPLIED_BASELINE_TARGET_PATH	byte-identical launcher-selected semantics; used-rule mapping and trust primitives reviewed in REVIEW.md; no candidate modification	rule <k> ImportFrom("math", NS:ParamNames) => #bindImports(NS) ... </k>
reference-semantics/semantics/controls.k	36	rule	owise	SUPPLIED_BASELINE_TARGET_PATH	byte-identical launcher-selected semantics; used-rule mapping and trust primitives reviewed in REVIEW.md; no candidate modification	rule <k> ImportFrom(_:String, _:ParamNames) => .K ... </k> [owise]
reference-semantics/semantics/controls.k	38	rule		SUPPLIED_BASELINE_TARGET_PATH	byte-identical launcher-selected semantics; used-rule mapping and trust primitives reviewed in REVIEW.md; no candidate modification	rule <k> #bindImports(.ParamNames) => .K ... </k>
reference-semantics/semantics/controls.k	39	rule		SUPPLIED_BASELINE_TARGET_PATH	byte-identical launcher-selected semantics; used-rule mapping and trust primitives reviewed in REVIEW.md; no candidate modification	rule <k> #bindImports((N:String, NS:ParamNames)) => #bindImports(NS) ... </k> <env> L:Int </env> <scopes> ... L |-> scope(M:Map => M [ N <- builtinV(N) ], _) ... </scopes>
reference-semantics/semantics/controls.k	43	rule		SUPPLIED_BASELINE_TARGET_PATH	byte-identical launcher-selected semantics; used-rule mapping and trust primitives reviewed in REVIEW.md; no candidate modification	rule <k> #bindImports((N:String, NS:ParamNames)) => #bindImports(NS) ... </k>
reference-semantics/semantics/controls.k	48	rule		SUPPLIED_BASELINE_TARGET_PATH	byte-identical launcher-selected semantics; used-rule mapping and trust primitives reviewed in REVIEW.md; no candidate modification	rule <k> Expr(_:Val) => .K ... </k> // ==== If (condition evaluated by strictness) ==============================
reference-semantics/semantics/controls.k	52	rule		SUPPLIED_BASELINE_TARGET_PATH	byte-identical launcher-selected semantics; used-rule mapping and trust primitives reviewed in REVIEW.md; no candidate modification	rule <k> If(C:Val, T:Stmts, E:Stmts) => #branch(truthy(C), T, E) ... </k>
reference-semantics/semantics/controls.k	53	rule		SUPPLIED_BASELINE_TARGET_PATH	byte-identical launcher-selected semantics; used-rule mapping and trust primitives reviewed in REVIEW.md; no candidate modification	rule <k> #branch(true, T:Stmts, _:Stmts) => T ... </k>
reference-semantics/semantics/controls.k	54	rule		SUPPLIED_BASELINE_TARGET_PATH	byte-identical launcher-selected semantics; used-rule mapping and trust primitives reviewed in REVIEW.md; no candidate modification	rule <k> #branch(false, _:Stmts, E:Stmts) => E ... </k> // ==== IfExp: ternary T if C else E ========================================
reference-semantics/semantics/controls.k	57	rule		SUPPLIED_BASELINE_TARGET_PATH	byte-identical launcher-selected semantics; used-rule mapping and trust primitives reviewed in REVIEW.md; no candidate modification	rule <k> IfExp(V:Val, T:Expr, _:Expr) => T ... </k>
reference-semantics/semantics/controls.k	59	rule		SUPPLIED_BASELINE_TARGET_PATH	byte-identical launcher-selected semantics; used-rule mapping and trust primitives reviewed in REVIEW.md; no candidate modification	rule <k> IfExp(V:Val, _:Expr, E:Expr) => E ... </k>
reference-semantics/semantics/controls.k	69	rule		SUPPLIED_BASELINE_TARGET_PATH	byte-identical launcher-selected semantics; used-rule mapping and trust primitives reviewed in REVIEW.md; no candidate modification	rule <k> For(T:Expr, OBJ:Val, B:Stmts) => #loop(OBJ, T, B) ... </k>
reference-semantics/semantics/controls.k	71	rule		SUPPLIED_BASELINE_TARGET_PATH	byte-identical launcher-selected semantics; used-rule mapping and trust primitives reviewed in REVIEW.md; no candidate modification	rule <k> #loop(IT:Iterable, T:Expr, B:Stmts) => #iterNext(IT) ~> #loopStep(T, B) ... </k>
reference-semantics/semantics/controls.k	72	rule		SUPPLIED_BASELINE_TARGET_PATH	byte-identical launcher-selected semantics; used-rule mapping and trust primitives reviewed in REVIEW.md; no candidate modification	rule <k> #iterDone ~> #loopStep(_:Expr, _:Stmts) => .K ... </k>
reference-semantics/semantics/controls.k	73	rule		SUPPLIED_BASELINE_TARGET_PATH	byte-identical launcher-selected semantics; used-rule mapping and trust primitives reviewed in REVIEW.md; no candidate modification	rule <k> #iterYield(V:Val, REST:Iterable) ~> #loopStep(T:Expr, B:Stmts) => #bindTgt(T, V) ~> B ~> #loopLbl(#loop(REST, T, B)) ... </k> // ==== While ==============================================================
reference-semantics/semantics/controls.k	77	rule		SUPPLIED_BASELINE_TARGET_PATH	byte-identical launcher-selected semantics; used-rule mapping and trust primitives reviewed in REVIEW.md; no candidate modification	rule <k> While(C:Expr, B:Stmts) => #while(C, B) ... </k>
reference-semantics/semantics/controls.k	78	rule		SUPPLIED_BASELINE_TARGET_PATH	byte-identical launcher-selected semantics; used-rule mapping and trust primitives reviewed in REVIEW.md; no candidate modification	rule <k> #while(C:Expr, B:Stmts) => C ~> #whileCond(C, B) ... </k>
reference-semantics/semantics/controls.k	79	rule		SUPPLIED_BASELINE_TARGET_PATH	byte-identical launcher-selected semantics; used-rule mapping and trust primitives reviewed in REVIEW.md; no candidate modification	rule <k> V:Val ~> #whileCond(C:Expr, B:Stmts) => B ~> #loopLbl(#while(C, B)) ... </k>
reference-semantics/semantics/controls.k	81	rule		SUPPLIED_BASELINE_TARGET_PATH	byte-identical launcher-selected semantics; used-rule mapping and trust primitives reviewed in REVIEW.md; no candidate modification	rule <k> V:Val ~> #whileCond(_C:Expr, _B:Stmts) => .K ... </k>
reference-semantics/semantics/controls.k	85	rule		SUPPLIED_BASELINE_TARGET_PATH	byte-identical launcher-selected semantics; used-rule mapping and trust primitives reviewed in REVIEW.md; no candidate modification	rule <k> #loopLbl(NEXT:K) => NEXT ... </k>
reference-semantics/semantics/controls.k	86	rule		SUPPLIED_BASELINE_TARGET_PATH	byte-identical launcher-selected semantics; used-rule mapping and trust primitives reviewed in REVIEW.md; no candidate modification	rule <k> Continue => #cont ... </k>
reference-semantics/semantics/controls.k	87	rule		SUPPLIED_BASELINE_TARGET_PATH	byte-identical launcher-selected semantics; used-rule mapping and trust primitives reviewed in REVIEW.md; no candidate modification	rule <k> Break => #brk ... </k>
reference-semantics/semantics/controls.k	88	rule		SUPPLIED_BASELINE_TARGET_PATH	byte-identical launcher-selected semantics; used-rule mapping and trust primitives reviewed in REVIEW.md; no candidate modification	rule <k> #cont ~> #loopLbl(NEXT:K) => NEXT ... </k>
reference-semantics/semantics/controls.k	89	rule	owise	SUPPLIED_BASELINE_TARGET_PATH	byte-identical launcher-selected semantics; used-rule mapping and trust primitives reviewed in REVIEW.md; no candidate modification	rule <k> #cont ~> (_:KItem => .K) ... </k> [owise]
reference-semantics/semantics/controls.k	90	rule		SUPPLIED_BASELINE_TARGET_PATH	byte-identical launcher-selected semantics; used-rule mapping and trust primitives reviewed in REVIEW.md; no candidate modification	rule <k> #brk ~> #loopLbl(_:K) => .K ... </k>
reference-semantics/semantics/controls.k	91	rule	owise	SUPPLIED_BASELINE_TARGET_PATH	byte-identical launcher-selected semantics; used-rule mapping and trust primitives reviewed in REVIEW.md; no candidate modification	rule <k> #brk ~> (_:KItem => .K) ... </k> [owise] // ==== heap-object deref at the truthiness/iteration consumers ============== // (priority(40) preempts the generic Val rules so truthy/#loop never see a ref)
reference-semantics/semantics/controls.k	95	rule	priority	SUPPLIED_BASELINE_TARGET_PATH	byte-identical launcher-selected semantics; used-rule mapping and trust primitives reviewed in REVIEW.md; no candidate modification	rule <k> If(ref(H:Int), T:Stmts, E:Stmts) => If(V, T, E) ... </k> <heap> ... H |-> V:Val ... </heap> [priority(40)]
reference-semantics/semantics/controls.k	98	rule	priority	SUPPLIED_BASELINE_TARGET_PATH	byte-identical launcher-selected semantics; used-rule mapping and trust primitives reviewed in REVIEW.md; no candidate modification	rule <k> IfExp(ref(H:Int), T:Expr, E:Expr) => IfExp(V, T, E) ... </k> <heap> ... H |-> V:Val ... </heap> [priority(40)]
reference-semantics/semantics/controls.k	101	rule	priority	SUPPLIED_BASELINE_TARGET_PATH	byte-identical launcher-selected semantics; used-rule mapping and trust primitives reviewed in REVIEW.md; no candidate modification	rule <k> ref(H:Int) ~> #whileCond(C:Expr, B:Stmts) => V ~> #whileCond(C, B) ... </k> <heap> ... H |-> V:Val ... </heap> [priority(40)] // For derefs its iterable ONCE at loop start (iteration is over the snapshot; // mutating the iterated list inside its own loop is outside the subset)
reference-semantics/semantics/controls.k	106	rule	priority	SUPPLIED_BASELINE_TARGET_PATH	byte-identical launcher-selected semantics; used-rule mapping and trust primitives reviewed in REVIEW.md; no candidate modification	rule <k> For(T:Expr, ref(H:Int), B:Stmts) => For(T, V, B) ... </k> <heap> ... H |-> V:Val ... </heap> [priority(40)]
reference-semantics/semantics/core.k	69	rule		SUPPLIED_BASELINE_TARGET_PATH	byte-identical launcher-selected semantics; used-rule mapping and trust primitives reviewed in REVIEW.md; no candidate modification	rule isRefV(ref(_:Int)) => true
reference-semantics/semantics/core.k	70	rule	owise	SUPPLIED_BASELINE_TARGET_PATH	byte-identical launcher-selected semantics; used-rule mapping and trust primitives reviewed in REVIEW.md; no candidate modification	rule isRefV(_:Val) => false [owise] // closure cells (Python-faithful capture): the heap holds cellV(V); a // cellRef surfacing as the k-redex reads through (lookup is the only use — // cellRefs never escape to user-visible values)
reference-semantics/semantics/core.k	77	rule		SUPPLIED_BASELINE_TARGET_PATH	byte-identical launcher-selected semantics; used-rule mapping and trust primitives reviewed in REVIEW.md; no candidate modification	rule isCellRef(cellRef(_:Int)) => true
reference-semantics/semantics/core.k	78	rule	owise	SUPPLIED_BASELINE_TARGET_PATH	byte-identical launcher-selected semantics; used-rule mapping and trust primitives reviewed in REVIEW.md; no candidate modification	rule isCellRef(_:Val) => false [owise] // k-top deref for cell-bound reads surfacing INSIDE the annotated frame // (AugAssign's in-place read and friends). The "$cells" guard keeps this // DECIDABLY inapplicable in plain frames — an unguarded rule lets the // prover narrow abstract k-top values into
reference-semantics/semantics/core.k	85	rule		SUPPLIED_BASELINE_TARGET_PATH	byte-identical launcher-selected semantics; used-rule mapping and trust primitives reviewed in REVIEW.md; no candidate modification	rule <k> cellRef(H:Int) => V ... </k> <env> L:Int </env> <scopes> ... L |-> scope(M:Map, _) ... </scopes> <heap> ... H |-> cellV(V:Val) ... </heap>
reference-semantics/semantics/core.k	97	rule		SUPPLIED_BASELINE_TARGET_PATH	byte-identical launcher-selected semantics; used-rule mapping and trust primitives reviewed in REVIEW.md; no candidate modification	rule <k> KwArg(N:String, E:Expr) => E ~> #kwTag(N) ... </k>
reference-semantics/semantics/core.k	98	rule		SUPPLIED_BASELINE_TARGET_PATH	byte-identical launcher-selected semantics; used-rule mapping and trust primitives reviewed in REVIEW.md; no candidate modification	rule <k> V:Val ~> #kwTag(N:String) => kwV(N, V) ... </k>
reference-semantics/semantics/core.k	101	rule		SUPPLIED_BASELINE_TARGET_PATH	byte-identical launcher-selected semantics; used-rule mapping and trust primitives reviewed in REVIEW.md; no candidate modification	rule isKwV(kwV(_:String, _:Val)) => true
reference-semantics/semantics/core.k	102	rule	owise	SUPPLIED_BASELINE_TARGET_PATH	byte-identical launcher-selected semantics; used-rule mapping and trust primitives reviewed in REVIEW.md; no candidate modification	rule isKwV(_:Val) => false [owise] // the frame marker carries the CONCRETE cellvar list, so cell-write dispatch // decides by pnMember even over an abstract frame rest (no prover branching)
reference-semantics/semantics/core.k	108	rule		SUPPLIED_BASELINE_TARGET_PATH	byte-identical launcher-selected semantics; used-rule mapping and trust primitives reviewed in REVIEW.md; no candidate modification	rule cellsOf(cellsMark(CVS:ParamNames)) => CVS
reference-semantics/semantics/core.k	110	rule		SUPPLIED_BASELINE_TARGET_PATH	byte-identical launcher-selected semantics; used-rule mapping and trust primitives reviewed in REVIEW.md; no candidate modification	rule pnMember(_:String, .ParamNames) => false
reference-semantics/semantics/core.k	111	rule		SUPPLIED_BASELINE_TARGET_PATH	byte-identical launcher-selected semantics; used-rule mapping and trust primitives reviewed in REVIEW.md; no candidate modification	rule pnMember(X:String, (P:String, R:ParamNames)) => X ==String P orBool pnMember(X, R)
reference-semantics/semantics/core.k	114	rule		SUPPLIED_BASELINE_TARGET_PATH	byte-identical launcher-selected semantics; used-rule mapping and trust primitives reviewed in REVIEW.md; no candidate modification	rule <k> #cellW(cellRef(H:Int), V:Val) => .K ... </k> <heap> ... H |-> cellV(_:Val => V) ... </heap>
reference-semantics/semantics/core.k	118	rule		SUPPLIED_BASELINE_TARGET_PATH	byte-identical launcher-selected semantics; used-rule mapping and trust primitives reviewed in REVIEW.md; no candidate modification	rule <k> #alloc(V:Val) => ref(N) ... </k> <heap> H:Map => (N |-> V) H </heap> <heapLoc> N:Int => N +Int 1 </heapLoc>
reference-semantics/semantics/core.k	125	rule		SUPPLIED_BASELINE_TARGET_PATH	byte-identical launcher-selected semantics; used-rule mapping and trust primitives reviewed in REVIEW.md; no candidate modification	rule <k> #loadAll(Module(SS:Stmts)) => SS ... </k>
reference-semantics/semantics/core.k	126	rule		SUPPLIED_BASELINE_TARGET_PATH	byte-identical launcher-selected semantics; used-rule mapping and trust primitives reviewed in REVIEW.md; no candidate modification	rule <k> (S:Stmt SS:Stmts):Stmts => S ~> SS ... </k>
reference-semantics/semantics/core.k	127	rule		SUPPLIED_BASELINE_TARGET_PATH	byte-identical launcher-selected semantics; used-rule mapping and trust primitives reviewed in REVIEW.md; no candidate modification	rule <k> .Stmts => .K ... </k> // ==== Name lookup (walk the scope chain; builtins live in the -1 scope) ====
reference-semantics/semantics/core.k	131	rule		SUPPLIED_BASELINE_TARGET_PATH	byte-identical launcher-selected semantics; used-rule mapping and trust primitives reviewed in REVIEW.md; no candidate modification	rule <k> Name(X:String) => #look(X, L) ... </k> <env> L:Int </env>
reference-semantics/semantics/core.k	132	rule		SUPPLIED_BASELINE_TARGET_PATH	byte-identical launcher-selected semantics; used-rule mapping and trust primitives reviewed in REVIEW.md; no candidate modification	rule <k> #look(X:String, L:Int) => {M[X]}:>Val ... </k> <scopes> ... L |-> scope(M:Map, _:Parent) ... </scopes>
reference-semantics/semantics/core.k	145	rule		SUPPLIED_BASELINE_TARGET_PATH	byte-identical launcher-selected semantics; used-rule mapping and trust primitives reviewed in REVIEW.md; no candidate modification	rule <k> #look(X:String, L:Int) => V ... </k> <scopes> ... L |-> scope(M:Map, _:Parent) ... </scopes> <heap> ... H |-> cellV(V:Val) ... </heap>
reference-semantics/semantics/core.k	152	rule		SUPPLIED_BASELINE_TARGET_PATH	byte-identical launcher-selected semantics; used-rule mapping and trust primitives reviewed in REVIEW.md; no candidate modification	rule <k> #look(X:String, L:Int) => #look(X, P) ... </k> <scopes> ... L |-> scope(M:Map, parent(P:Int)) ... </scopes>
reference-semantics/semantics/core.k	158	rule		SUPPLIED_BASELINE_TARGET_PATH	byte-identical launcher-selected semantics; used-rule mapping and trust primitives reviewed in REVIEW.md; no candidate modification	rule builtinsScope => scope(.Map [ "len" <- builtinV("len") ] [ "set" <- builtinV("set") ] [ "sum" <- builtinV("sum") ] [ "abs" <- builtinV("abs") ] [ "min" <- builtinV("min") ] [ "max" <- builtinV("max") ] [ "ord" <- builtinV("ord") ] [ "chr" <- builtinV("chr") ] [ "range" <- builtinV("range") ] [ 
reference-semantics/semantics/core.k	189	rule		SUPPLIED_BASELINE_TARGET_PATH	byte-identical launcher-selected semantics; used-rule mapping and trust primitives reviewed in REVIEW.md; no candidate modification	rule <k> #evalArgs((A:Expr, REST:Exprs), ACC:Vals, K:ApplyK) => A ~> #evalArgCont(REST, ACC, K) ... </k>
reference-semantics/semantics/core.k	190	rule		SUPPLIED_BASELINE_TARGET_PATH	byte-identical launcher-selected semantics; used-rule mapping and trust primitives reviewed in REVIEW.md; no candidate modification	rule <k> V:Val ~> #evalArgCont(REST:Exprs, ACC:Vals, K:ApplyK) => #evalArgs(REST, appendVal(ACC, V), K) ... </k>
reference-semantics/semantics/core.k	191	rule		SUPPLIED_BASELINE_TARGET_PATH	byte-identical launcher-selected semantics; used-rule mapping and trust primitives reviewed in REVIEW.md; no candidate modification	rule <k> #evalArgs(.Exprs, ACC:Vals, K:ApplyK) => #applyK(K, ACC) ... </k> // ==== Int / Bool / None literals ==========================================
reference-semantics/semantics/core.k	194	rule		SUPPLIED_BASELINE_TARGET_PATH	byte-identical launcher-selected semantics; used-rule mapping and trust primitives reviewed in REVIEW.md; no candidate modification	rule <k> Int(I:Int) => I ... </k>
reference-semantics/semantics/core.k	195	rule		SUPPLIED_BASELINE_TARGET_PATH	byte-identical launcher-selected semantics; used-rule mapping and trust primitives reviewed in REVIEW.md; no candidate modification	rule <k> Bool(B:Bool) => B ... </k>
reference-semantics/semantics/core.k	196	rule		SUPPLIED_BASELINE_TARGET_PATH	byte-identical launcher-selected semantics; used-rule mapping and trust primitives reviewed in REVIEW.md; no candidate modification	rule <k> NoneVal => noneV ... </k> // ==== truthy (If, Assert, BoolOp, IfExp, not, While) ======================
reference-semantics/semantics/core.k	200	rule		SUPPLIED_BASELINE_TARGET_PATH	byte-identical launcher-selected semantics; used-rule mapping and trust primitives reviewed in REVIEW.md; no candidate modification	rule truthy(B:Bool) => B
reference-semantics/semantics/core.k	201	rule		SUPPLIED_BASELINE_TARGET_PATH	byte-identical launcher-selected semantics; used-rule mapping and trust primitives reviewed in REVIEW.md; no candidate modification	rule truthy(noneV) => false
reference-semantics/semantics/core.k	202	rule		SUPPLIED_BASELINE_TARGET_PATH	byte-identical launcher-selected semantics; used-rule mapping and trust primitives reviewed in REVIEW.md; no candidate modification	rule truthy(I:Int) => I =/=Int 0
reference-semantics/semantics/core.k	203	rule		SUPPLIED_BASELINE_TARGET_PATH	byte-identical launcher-selected semantics; used-rule mapping and trust primitives reviewed in REVIEW.md; no candidate modification	rule truthy(str(S:IntSeq)) => notBool (S ==K .IntSeq)
reference-semantics/semantics/core.k	204	rule		SUPPLIED_BASELINE_TARGET_PATH	byte-identical launcher-selected semantics; used-rule mapping and trust primitives reviewed in REVIEW.md; no candidate modification	rule truthy(list(V:ValSeq)) => notBool (V ==K .ValSeq)
reference-semantics/semantics/core.k	205	rule		SUPPLIED_BASELINE_TARGET_PATH	byte-identical launcher-selected semantics; used-rule mapping and trust primitives reviewed in REVIEW.md; no candidate modification	rule truthy(tuple(V:ValSeq)) => notBool (V ==K .ValSeq) // ==== extensible operator dispatch (cases added by the construct modules) ==
reference-semantics/semantics/core.k	214	rule		SUPPLIED_BASELINE_TARGET_PATH	byte-identical launcher-selected semantics; used-rule mapping and trust primitives reviewed in REVIEW.md; no candidate modification	rule appendVal(.Vals, V:Val) => V , .Vals
reference-semantics/semantics/core.k	215	rule		SUPPLIED_BASELINE_TARGET_PATH	byte-identical launcher-selected semantics; used-rule mapping and trust primitives reviewed in REVIEW.md; no candidate modification	rule appendVal((V0:Val, VS:Vals), V:Val) => V0 , appendVal(VS, V)
reference-semantics/semantics/core.k	218	rule		SUPPLIED_BASELINE_TARGET_PATH	byte-identical launcher-selected semantics; used-rule mapping and trust primitives reviewed in REVIEW.md; no candidate modification	rule vals2valSeq(.Vals) => .ValSeq
reference-semantics/semantics/core.k	219	rule		SUPPLIED_BASELINE_TARGET_PATH	byte-identical launcher-selected semantics; used-rule mapping and trust primitives reviewed in REVIEW.md; no candidate modification	rule vals2valSeq((V:Val, VS:Vals)) => vCons(V, vals2valSeq(VS)) // ==== shared sequence length (len / summaries across many modules) ======== // (positional access valSeqAt/intSeqAt + normIdx live in subscript.k)
reference-semantics/semantics/core.k	224	rule		SUPPLIED_BASELINE_TARGET_PATH	byte-identical launcher-selected semantics; used-rule mapping and trust primitives reviewed in REVIEW.md; no candidate modification	rule vsLen(.ValSeq) => 0
reference-semantics/semantics/core.k	225	rule		SUPPLIED_BASELINE_TARGET_PATH	byte-identical launcher-selected semantics; used-rule mapping and trust primitives reviewed in REVIEW.md; no candidate modification	rule vsLen(vCons(_:Val, S:ValSeq)) => 1 +Int vsLen(S)
reference-semantics/semantics/core.k	228	rule		SUPPLIED_BASELINE_TARGET_PATH	byte-identical launcher-selected semantics; used-rule mapping and trust primitives reviewed in REVIEW.md; no candidate modification	rule isLen(.IntSeq) => 0
reference-semantics/semantics/core.k	229	rule		SUPPLIED_BASELINE_TARGET_PATH	byte-identical launcher-selected semantics; used-rule mapping and trust primitives reviewed in REVIEW.md; no candidate modification	rule isLen(iCons(_:Int, S:IntSeq)) => 1 +Int isLen(S) // in-bounds positional write (list subscript-assign); OOB leaves the seq unchanged // (valid programs write in-bounds — mirrors valSeqAt's total-but-underspecified stance)
reference-semantics/semantics/core.k	234	rule		SUPPLIED_BASELINE_TARGET_PATH	byte-identical launcher-selected semantics; used-rule mapping and trust primitives reviewed in REVIEW.md; no candidate modification	rule setVSAt(.ValSeq, _:Int, _:Val) => .ValSeq
reference-semantics/semantics/core.k	235	rule		SUPPLIED_BASELINE_TARGET_PATH	byte-identical launcher-selected semantics; used-rule mapping and trust primitives reviewed in REVIEW.md; no candidate modification	rule setVSAt(vCons(_:Val, S:ValSeq), 0, V:Val) => vCons(V, S)
reference-semantics/semantics/core.k	236	rule		SUPPLIED_BASELINE_TARGET_PATH	byte-identical launcher-selected semantics; used-rule mapping and trust primitives reviewed in REVIEW.md; no candidate modification	rule setVSAt(vCons(W:Val, S:ValSeq), I:Int, V:Val) => vCons(W, setVSAt(S, I -Int 1, V))
reference-semantics/semantics/core.k	238	rule		SUPPLIED_BASELINE_TARGET_PATH	byte-identical launcher-selected semantics; used-rule mapping and trust primitives reviewed in REVIEW.md; no candidate modification	rule setVSAt(VS:ValSeq, I:Int, _:Val) => VS
reference-semantics/semantics/dict.k	26	rule		SUPPLIED_BASELINE_UNUSED	byte-identical launcher-selected semantics and unreachable from this program/claim; no proof dependency	rule <k> DictExpr(ES:Entries) => #dictAcc(ES, .ValSeq, .ValSeq) ... </k>
reference-semantics/semantics/dict.k	27	rule		SUPPLIED_BASELINE_UNUSED	byte-identical launcher-selected semantics and unreachable from this program/claim; no proof dependency	rule <k> #dictAcc(.Entries, KS:ValSeq, VS:ValSeq) => dictV(KS, VS) ... </k>
reference-semantics/semantics/dict.k	28	rule		SUPPLIED_BASELINE_UNUSED	byte-identical launcher-selected semantics and unreachable from this program/claim; no proof dependency	rule <k> #dictAcc((Entry(K:Expr, V:Expr), REST:Entries), KS:ValSeq, VS:ValSeq) => K ~> #dictKey(V, REST, KS, VS) ... </k>
reference-semantics/semantics/dict.k	30	rule		SUPPLIED_BASELINE_UNUSED	byte-identical launcher-selected semantics and unreachable from this program/claim; no proof dependency	rule <k> KV:Val ~> #dictKey(V:Expr, REST:Entries, KS:ValSeq, VS:ValSeq) => V ~> #dictVal(KV, REST, KS, VS) ... </k>
reference-semantics/semantics/dict.k	32	rule		SUPPLIED_BASELINE_UNUSED	byte-identical launcher-selected semantics and unreachable from this program/claim; no proof dependency	rule <k> VV:Val ~> #dictVal(KV:Val, REST:Entries, KS:ValSeq, VS:ValSeq) => #dictAcc(REST, dPutK(KS, KV), dPutV(KS, VS, KV, VV)) ... </k> // insert-with-dedup helpers (concrete Val key equality via ==K). [total] so buildFold over a dict is // total (its #Ceil is #Top) — needed when a symbolic proof c
reference-semantics/semantics/dict.k	38	rule		SUPPLIED_BASELINE_UNUSED	byte-identical launcher-selected semantics and unreachable from this program/claim; no proof dependency	rule dHasKey(.ValSeq, _:Val) => false
reference-semantics/semantics/dict.k	39	rule		SUPPLIED_BASELINE_UNUSED	byte-identical launcher-selected semantics and unreachable from this program/claim; no proof dependency	rule dHasKey(vCons(A:Val, _:ValSeq), K:Val) => true requires A ==K K
reference-semantics/semantics/dict.k	40	rule		SUPPLIED_BASELINE_UNUSED	byte-identical launcher-selected semantics and unreachable from this program/claim; no proof dependency	rule dHasKey(vCons(A:Val, R:ValSeq), K:Val) => dHasKey(R, K) requires notBool (A ==K K) // dPutK: KS unchanged if K already present, else append K (keep-first-position).
reference-semantics/semantics/dict.k	44	rule		SUPPLIED_BASELINE_UNUSED	byte-identical launcher-selected semantics and unreachable from this program/claim; no proof dependency	rule dPutK(KS:ValSeq, K:Val) => KS requires dHasKey(KS, K)
reference-semantics/semantics/dict.k	45	rule	owise	SUPPLIED_BASELINE_UNUSED	byte-identical launcher-selected semantics and unreachable from this program/claim; no proof dependency	rule dPutK(KS:ValSeq, K:Val) => valSeqConcat(KS, vCons(K, .ValSeq)) requires notBool dHasKey(KS, K) // dPutV: parallel to KS — set the value at K's position if present, else append V at the end. The // [owise] catch-all covers the degenerate mismatched-length case (never reached for a well-formed di
reference-semantics/semantics/dict.k	50	rule		SUPPLIED_BASELINE_UNUSED	byte-identical launcher-selected semantics and unreachable from this program/claim; no proof dependency	rule dPutV(vCons(A:Val, _:ValSeq), vCons(_:Val, VR:ValSeq), K:Val, V:Val) => vCons(V, VR)
reference-semantics/semantics/dict.k	52	rule		SUPPLIED_BASELINE_UNUSED	byte-identical launcher-selected semantics and unreachable from this program/claim; no proof dependency	rule dPutV(vCons(A:Val, KR:ValSeq), vCons(B:Val, VR:ValSeq), K:Val, V:Val) => vCons(B, dPutV(KR, VR, K, V))
reference-semantics/semantics/dict.k	54	rule	owise	SUPPLIED_BASELINE_UNUSED	byte-identical launcher-selected semantics and unreachable from this program/claim; no proof dependency	rule dPutV(_KS:ValSeq, VS:ValSeq, _K:Val, V:Val) => valSeqConcat(VS, vCons(V, .ValSeq)) [owise] // ==== dict methods ======================================================== // d.keys() -> a FRESH list object of the ordered keys (k-cell: it allocates).
reference-semantics/semantics/dict.k	58	rule	priority	SUPPLIED_BASELINE_UNUSED	byte-identical launcher-selected semantics and unreachable from this program/claim; no proof dependency	rule <k> #applyK(toCall(boundMethodV(dictV(KS:ValSeq, _:ValSeq), "keys")), .Vals) => #alloc(list(KS)) ... </k> [priority(40)] // ==== dict subscript READ: d[k] (assoc lookup; KeyError is out of subset) ==
reference-semantics/semantics/dict.k	63	rule		SUPPLIED_BASELINE_UNUSED	byte-identical launcher-selected semantics and unreachable from this program/claim; no proof dependency	rule applyIndexD(dictV(KS:ValSeq, VS:ValSeq), K:Val) => dGet(KS, VS, K)
reference-semantics/semantics/dict.k	65	rule	priority	SUPPLIED_BASELINE_UNUSED	byte-identical launcher-selected semantics and unreachable from this program/claim; no proof dependency	rule <k> Subscript(dictV(KS:ValSeq, VS:ValSeq), K:Val) => applyIndexD(dictV(KS, VS), K) ... </k> [priority(45)] // ==== dict subscript-assign: d[k] = v (insert/update in place) ============= // Only for a LOCAL dict variable X (the current scope holds it). Reuses dPutK/dPutV.
reference-semantics/semantics/dict.k	71	rule		SUPPLIED_BASELINE_UNUSED	byte-identical launcher-selected semantics and unreachable from this program/claim; no proof dependency	rule dictSet(dictV(KS:ValSeq, VS:ValSeq), K:Val, V:Val) => dictV(dPutK(KS, K), dPutV(KS, VS, K, V)) // RHS evaluates first (Assign strictness), then the key. Dispatch on the scope // value: a bare dict updates in the scope (dicts stay values); a ref (a heap // list — or a heap dict later) writes the
reference-semantics/semantics/dict.k	77	rule		SUPPLIED_BASELINE_UNUSED	byte-identical launcher-selected semantics and unreachable from this program/claim; no proof dependency	rule <k> Assign(Subscript(Name(X:String), K:Expr), VV:Val) => K ~> #dsetK(X, VV) ... </k>
reference-semantics/semantics/dict.k	78	rule		SUPPLIED_BASELINE_UNUSED	byte-identical launcher-selected semantics and unreachable from this program/claim; no proof dependency	rule <k> KV:Val ~> #dsetK(X:String, VV:Val) => .K ... </k> <env> L:Int </env> <scopes> ... L |-> scope(M:Map => M [ X <- dictSet({M[X]}:>Val, KV, VV) ], _) ... </scopes>
reference-semantics/semantics/dict.k	82	rule		SUPPLIED_BASELINE_UNUSED	byte-identical launcher-selected semantics and unreachable from this program/claim; no proof dependency	rule <k> KV:Val ~> #dsetK(X:String, VV:Val) => #dsetV({M[X]}:>Val, KV, VV) ... </k> <env> L:Int </env> <scopes> ... L |-> scope(M:Map, _) ... </scopes>
reference-semantics/semantics/dict.k	87	rule		SUPPLIED_BASELINE_UNUSED	byte-identical launcher-selected semantics and unreachable from this program/claim; no proof dependency	rule <k> #dsetV(ref(H:Int), I:Int, VV:Val) => .K ... </k> <heap> ... H |-> list(VS:ValSeq => setVSAt(VS, normIdxD(I, vsLen(VS)), VV)) ... </heap> // negative-index normalization local to the write (subscript.k's is not imported here)
reference-semantics/semantics/dict.k	91	rule		SUPPLIED_BASELINE_UNUSED	byte-identical launcher-selected semantics and unreachable from this program/claim; no proof dependency	rule normIdxD(I:Int, LEN:Int) => I +Int LEN requires I <Int 0
reference-semantics/semantics/dict.k	92	rule		SUPPLIED_BASELINE_UNUSED	byte-identical launcher-selected semantics and unreachable from this program/claim; no proof dependency	rule normIdxD(I:Int, _:Int) => I requires I >=Int 0 // ==== dict == (order-insensitive: same size + same key->value pairs) =======
reference-semantics/semantics/dict.k	95	rule		SUPPLIED_BASELINE_UNUSED	byte-identical launcher-selected semantics and unreachable from this program/claim; no proof dependency	rule applyCmp("==", dictV(KS1:ValSeq, VS1:ValSeq), dictV(KS2:ValSeq, VS2:ValSeq)) => (vsLen(KS1) ==Int vsLen(KS2)) andBool dSubset(KS1, VS1, KS2, VS2)
reference-semantics/semantics/dict.k	98	rule		SUPPLIED_BASELINE_UNUSED	byte-identical launcher-selected semantics and unreachable from this program/claim; no proof dependency	rule dSubset(.ValSeq, .ValSeq, _:ValSeq, _:ValSeq) => true
reference-semantics/semantics/dict.k	99	rule		SUPPLIED_BASELINE_UNUSED	byte-identical launcher-selected semantics and unreachable from this program/claim; no proof dependency	rule dSubset(vCons(K:Val, KR:ValSeq), vCons(V:Val, VR:ValSeq), KS2:ValSeq, VS2:ValSeq) => dHasKey(KS2, K) andBool (dGet(KS2, VS2, K) ==K V) andBool dSubset(KR, VR, KS2, VS2)
reference-semantics/semantics/dict.k	102	rule		SUPPLIED_BASELINE_UNUSED	byte-identical launcher-selected semantics and unreachable from this program/claim; no proof dependency	rule dGet(vCons(A:Val, _:ValSeq), vCons(B:Val, _:ValSeq), K:Val) => B requires A ==K K
reference-semantics/semantics/dict.k	103	rule		SUPPLIED_BASELINE_UNUSED	byte-identical launcher-selected semantics and unreachable from this program/claim; no proof dependency	rule dGet(vCons(A:Val, KR:ValSeq), vCons(_:Val, VR:ValSeq), K:Val) => dGet(KR, VR, K) requires notBool (A ==K K)
reference-semantics/semantics/float.k	21	rule		SUPPLIED_BASELINE_TARGET_PATH	byte-identical launcher-selected semantics; used-rule mapping and trust primitives reviewed in REVIEW.md; no candidate modification	rule <k> Float(F:Float) => F ... </k> // Int / float true division. OPAQUE for kprove (no-evaluators); concrete for krun.
reference-semantics/semantics/float.k	25	rule	concrete	SUPPLIED_BASELINE_TARGET_PATH	byte-identical launcher-selected semantics; used-rule mapping and trust primitives reviewed in REVIEW.md; no candidate modification	rule intFloatDiv(I:Int, F:Float) => Int2Float(I, 53, 11) /Float F [concrete]
reference-semantics/semantics/float.k	27	rule		SUPPLIED_BASELINE_TARGET_PATH	byte-identical launcher-selected semantics; used-rule mapping and trust primitives reviewed in REVIEW.md; no candidate modification	rule applyBin("/", I:Int, F:Float) => intFloatDiv(I, F) // Int / Int true division (Python: always a float). OPAQUE for kprove; concrete for krun.
reference-semantics/semantics/float.k	31	rule	concrete	SUPPLIED_BASELINE_TARGET_PATH	byte-identical launcher-selected semantics; used-rule mapping and trust primitives reviewed in REVIEW.md; no candidate modification	rule divII(I1:Int, I2:Int) => Int2Float(I1, 53, 11) /Float Int2Float(I2, 53, 11) [concrete]
reference-semantics/semantics/float.k	32	rule		SUPPLIED_BASELINE_TARGET_PATH	byte-identical launcher-selected semantics; used-rule mapping and trust primitives reviewed in REVIEW.md; no candidate modification	rule applyBin("/", I1:Int, I2:Int) => divII(I1, I2) // float % float (e.g. `number % 1.0` = the fractional part). OPAQUE for kprove, concrete for // krun. Python's float `%` is floor-based: a % b = a - floor(a/b)*b (K's %Float is IEEE // remainder, which differs — 3.5 %Float 1.0 = -0.5 vs Python 0.5
reference-semantics/semantics/float.k	38	rule	concrete	SUPPLIED_BASELINE_TARGET_PATH	byte-identical launcher-selected semantics; used-rule mapping and trust primitives reviewed in REVIEW.md; no candidate modification	rule floatMod(F1:Float, F2:Float) => F1 -Float (floorFloat(F1 /Float F2) *Float F2) [concrete]
reference-semantics/semantics/float.k	39	rule		SUPPLIED_BASELINE_TARGET_PATH	byte-identical launcher-selected semantics; used-rule mapping and trust primitives reviewed in REVIEW.md; no candidate modification	rule applyBin("%", F1:Float, F2:Float) => floatMod(F1, F2) // float equality — for concrete krun asserts (e.g. `area == 7.5`); the FLOAT.eq hook is fine on // concrete floats. kprove proofs return floats structurally and do not compare them.
reference-semantics/semantics/float.k	43	rule		SUPPLIED_BASELINE_TARGET_PATH	byte-identical launcher-selected semantics; used-rule mapping and trust primitives reviewed in REVIEW.md; no candidate modification	rule applyCmp("==", F1:Float, F2:Float) => F1 ==Float F2
reference-semantics/semantics/float.k	44	rule	concrete	SUPPLIED_BASELINE_TARGET_PATH	byte-identical launcher-selected semantics; used-rule mapping and trust primitives reviewed in REVIEW.md; no candidate modification	rule applyCmp("!=", F1:Float, F2:Float) => notBool (F1 ==Float F2) // float `<` and abs — OPAQUE for kprove ([no-evaluators], so a SYMBOLIC float compare stays an // uninterpreted Bool a proof case-splits on — a SINGLE compare per branch, not a nonlinear cascade), // [concrete] for krun. Additive, s
reference-semantics/semantics/float.k	51	rule	concrete	SUPPLIED_BASELINE_TARGET_PATH	byte-identical launcher-selected semantics; used-rule mapping and trust primitives reviewed in REVIEW.md; no candidate modification	rule floatLt(F1:Float, F2:Float) => F1 <Float F2 [concrete]
reference-semantics/semantics/float.k	52	rule		SUPPLIED_BASELINE_TARGET_PATH	byte-identical launcher-selected semantics; used-rule mapping and trust primitives reviewed in REVIEW.md; no candidate modification	rule applyCmp("<", F1:Float, F2:Float) => floatLt(F1, F2)
reference-semantics/semantics/float.k	55	rule	concrete	SUPPLIED_BASELINE_TARGET_PATH	byte-identical launcher-selected semantics; used-rule mapping and trust primitives reviewed in REVIEW.md; no candidate modification	rule absF(F:Float) => absFloat(F) [concrete]
reference-semantics/semantics/float.k	56	rule		SUPPLIED_BASELINE_TARGET_PATH	byte-identical launcher-selected semantics; used-rule mapping and trust primitives reviewed in REVIEW.md; no candidate modification	rule applyBuiltin("abs", F:Float, .Vals) => absF(F) // ==== math.ceil =========================================================== // `import X` is a no-op (we intercept the specific math functions syntactically; `math` itself is // never bound as a value).
reference-semantics/semantics/float.k	61	rule		SUPPLIED_BASELINE_TARGET_PATH	byte-identical launcher-selected semantics; used-rule mapping and trust primitives reviewed in REVIEW.md; no candidate modification	rule <k> Import(_:String) => .K ... </k> // math.ceil(x): ceiling to an int. Intercepted at the Call BEFORE `math` is looked up (higher // priority than the generic Attribute/method dispatch in call.k).
reference-semantics/semantics/float.k	66	rule	priority	SUPPLIED_BASELINE_TARGET_PATH	byte-identical launcher-selected semantics; used-rule mapping and trust primitives reviewed in REVIEW.md; no candidate modification	rule <k> Call(Attribute(Name("math"), "ceil"), (E:Expr, .Exprs)) => E ~> #mathCeil ... </k> [priority(40)]
reference-semantics/semantics/float.k	67	rule		SUPPLIED_BASELINE_TARGET_PATH	byte-identical launcher-selected semantics; used-rule mapping and trust primitives reviewed in REVIEW.md; no candidate modification	rule <k> V:Val ~> #mathCeil => ceilF(V) ... </k> // math.floor(x) — same interception shape as math.ceil
reference-semantics/semantics/float.k	71	rule	priority	SUPPLIED_BASELINE_TARGET_PATH	byte-identical launcher-selected semantics; used-rule mapping and trust primitives reviewed in REVIEW.md; no candidate modification	rule <k> Call(Attribute(Name("math"), "floor"), (E:Expr, .Exprs)) => E ~> #mathFloor ... </k> [priority(40)]
reference-semantics/semantics/float.k	72	rule		SUPPLIED_BASELINE_TARGET_PATH	byte-identical launcher-selected semantics; used-rule mapping and trust primitives reviewed in REVIEW.md; no candidate modification	rule <k> V:Val ~> #mathFloor => floorFI(V) ... </k>
reference-semantics/semantics/float.k	74	rule	concrete	SUPPLIED_BASELINE_TARGET_PATH	byte-identical launcher-selected semantics; used-rule mapping and trust primitives reviewed in REVIEW.md; no candidate modification	rule floorFI(I:Int) => I [concrete]
reference-semantics/semantics/float.k	75	rule	concrete	SUPPLIED_BASELINE_TARGET_PATH	byte-identical launcher-selected semantics; used-rule mapping and trust primitives reviewed in REVIEW.md; no candidate modification	rule floorFI(F:Float) => Float2Int(floorFloat(F)) [concrete] // bare floor/ceil (bound by `from math import floor, ceil`)
reference-semantics/semantics/float.k	78	rule		SUPPLIED_BASELINE_TARGET_PATH	byte-identical launcher-selected semantics; used-rule mapping and trust primitives reviewed in REVIEW.md; no candidate modification	rule applyBuiltin("floor", V:Val, .Vals) => floorFI(V)
reference-semantics/semantics/float.k	79	rule		SUPPLIED_BASELINE_TARGET_PATH	byte-identical launcher-selected semantics; used-rule mapping and trust primitives reviewed in REVIEW.md; no candidate modification	rule applyBuiltin("ceil", V:Val, .Vals) => ceilF(V) // math.pow(x, y) — a two-arg interception onto powF (ints promote)
reference-semantics/semantics/float.k	83	rule	priority	SUPPLIED_BASELINE_TARGET_PATH	byte-identical launcher-selected semantics; used-rule mapping and trust primitives reviewed in REVIEW.md; no candidate modification	rule <k> Call(Attribute(Name("math"), "pow"), (E1:Expr, E2:Expr, .Exprs)) => E1 ~> #mathPow1(E2) ... </k> [priority(40)]
reference-semantics/semantics/float.k	84	rule		SUPPLIED_BASELINE_TARGET_PATH	byte-identical launcher-selected semantics; used-rule mapping and trust primitives reviewed in REVIEW.md; no candidate modification	rule <k> V1:Val ~> #mathPow1(E2:Expr) => E2 ~> #mathPow2(V1) ... </k>
reference-semantics/semantics/float.k	85	rule		SUPPLIED_BASELINE_TARGET_PATH	byte-identical launcher-selected semantics; used-rule mapping and trust primitives reviewed in REVIEW.md; no candidate modification	rule <k> V2:Val ~> #mathPow2(V1:Val) => powF(toF(V1), toF(V2)) ... </k>
reference-semantics/semantics/float.k	87	rule	concrete	SUPPLIED_BASELINE_TARGET_PATH	byte-identical launcher-selected semantics; used-rule mapping and trust primitives reviewed in REVIEW.md; no candidate modification	rule toF(F:Float) => F [concrete]
reference-semantics/semantics/float.k	88	rule	concrete	SUPPLIED_BASELINE_TARGET_PATH	byte-identical launcher-selected semantics; used-rule mapping and trust primitives reviewed in REVIEW.md; no candidate modification	rule toF(I:Int) => intToF(I) [concrete] // ceilF: math.ceil as an Int. TOTAL (K trusts it; a symbolic list element stays opaque for // kprove — structural). [concrete] so the Int2Float/ceilFloat hooks only run for krun (llvm). // Matches Python incl. negatives: ceil(-2.4) = -2 = Float2Int(ceilFloat(
reference-semantics/semantics/float.k	94	rule	concrete	SUPPLIED_BASELINE_TARGET_PATH	byte-identical launcher-selected semantics; used-rule mapping and trust primitives reviewed in REVIEW.md; no candidate modification	rule ceilF(I:Int) => I [concrete]
reference-semantics/semantics/float.k	95	rule	concrete	SUPPLIED_BASELINE_TARGET_PATH	byte-identical launcher-selected semantics; used-rule mapping and trust primitives reviewed in REVIEW.md; no candidate modification	rule ceilF(F:Float) => Float2Int(ceilFloat(F)) [concrete] // unary minus on a float (e.g. the literal -2.4 = UnaryOp("-", Float(2.4))). Concrete for krun; // proofs use symbolic elements, never a float literal.
reference-semantics/semantics/float.k	99	rule		SUPPLIED_BASELINE_TARGET_PATH	byte-identical launcher-selected semantics; used-rule mapping and trust primitives reviewed in REVIEW.md; no candidate modification	rule applyUn("-", F:Float) => 0.0 -Float F // ---- float - / / / + (OPAQUE for kprove [no-evaluators], concrete for krun) — for float-list // element maps (x - lo) / (hi - lo). Mirror intFloatDiv: additive, sort-disjoint from the Int rules.
reference-semantics/semantics/float.k	104	rule	concrete	SUPPLIED_BASELINE_TARGET_PATH	byte-identical launcher-selected semantics; used-rule mapping and trust primitives reviewed in REVIEW.md; no candidate modification	rule subF(F1:Float, F2:Float) => F1 -Float F2 [concrete]
reference-semantics/semantics/float.k	105	rule		SUPPLIED_BASELINE_TARGET_PATH	byte-identical launcher-selected semantics; used-rule mapping and trust primitives reviewed in REVIEW.md; no candidate modification	rule applyBin("-", F1:Float, F2:Float) => subF(F1, F2)
reference-semantics/semantics/float.k	108	rule	concrete	SUPPLIED_BASELINE_TARGET_PATH	byte-identical launcher-selected semantics; used-rule mapping and trust primitives reviewed in REVIEW.md; no candidate modification	rule divF(F1:Float, F2:Float) => F1 /Float F2 [concrete]
reference-semantics/semantics/float.k	109	rule		SUPPLIED_BASELINE_TARGET_PATH	byte-identical launcher-selected semantics; used-rule mapping and trust primitives reviewed in REVIEW.md; no candidate modification	rule applyBin("/", F1:Float, F2:Float) => divF(F1, F2)
reference-semantics/semantics/float.k	112	rule	concrete	SUPPLIED_BASELINE_TARGET_PATH	byte-identical launcher-selected semantics; used-rule mapping and trust primitives reviewed in REVIEW.md; no candidate modification	rule addF(F1:Float, F2:Float) => F1 +Float F2 [concrete]
reference-semantics/semantics/float.k	113	rule		SUPPLIED_BASELINE_TARGET_PATH	byte-identical launcher-selected semantics; used-rule mapping and trust primitives reviewed in REVIEW.md; no candidate modification	rule applyBin("+", F1:Float, F2:Float) => addF(F1, F2)
reference-semantics/semantics/float.k	116	rule	concrete	SUPPLIED_BASELINE_TARGET_PATH	byte-identical launcher-selected semantics; used-rule mapping and trust primitives reviewed in REVIEW.md; no candidate modification	rule mulF(F1:Float, F2:Float) => F1 *Float F2 [concrete]
reference-semantics/semantics/float.k	117	rule		SUPPLIED_BASELINE_TARGET_PATH	byte-identical launcher-selected semantics; used-rule mapping and trust primitives reviewed in REVIEW.md; no candidate modification	rule applyBin("*", F1:Float, F2:Float) => mulF(F1, F2)
reference-semantics/semantics/float.k	120	rule	concrete	SUPPLIED_BASELINE_TARGET_PATH	byte-identical launcher-selected semantics; used-rule mapping and trust primitives reviewed in REVIEW.md; no candidate modification	rule powF(F1:Float, F2:Float) => F1 ^Float F2 [concrete]
reference-semantics/semantics/float.k	121	rule		SUPPLIED_BASELINE_TARGET_PATH	byte-identical launcher-selected semantics; used-rule mapping and trust primitives reviewed in REVIEW.md; no candidate modification	rule applyBin("**", F1:Float, F2:Float) => powF(F1, F2) // ---- the remaining comparisons (gtF promoted from find_zero — its summaries // case-split on the atom; >= / <= derive from the two opaque compares) ----
reference-semantics/semantics/float.k	126	rule	concrete	SUPPLIED_BASELINE_TARGET_PATH	byte-identical launcher-selected semantics; used-rule mapping and trust primitives reviewed in REVIEW.md; no candidate modification	rule gtF(F1:Float, F2:Float) => F1 >Float F2 [concrete]
reference-semantics/semantics/float.k	127	rule		SUPPLIED_BASELINE_TARGET_PATH	byte-identical launcher-selected semantics; used-rule mapping and trust primitives reviewed in REVIEW.md; no candidate modification	rule applyCmp(">", F1:Float, F2:Float) => gtF(F1, F2)
reference-semantics/semantics/float.k	128	rule		SUPPLIED_BASELINE_TARGET_PATH	byte-identical launcher-selected semantics; used-rule mapping and trust primitives reviewed in REVIEW.md; no candidate modification	rule applyCmp(">=", F1:Float, F2:Float) => notBool floatLt(F1, F2)
reference-semantics/semantics/float.k	129	rule		SUPPLIED_BASELINE_TARGET_PATH	byte-identical launcher-selected semantics; used-rule mapping and trust primitives reviewed in REVIEW.md; no candidate modification	rule applyCmp("<=", F1:Float, F2:Float) => notBool gtF(F1, F2) // ---- mixed Int/Float operators promote the Int side (n ** 0.5 etc.) ----
reference-semantics/semantics/float.k	132	rule		SUPPLIED_BASELINE_TARGET_PATH	byte-identical launcher-selected semantics; used-rule mapping and trust primitives reviewed in REVIEW.md; no candidate modification	rule applyBin("**", I:Int, F:Float) => powF(intToF(I), F)
reference-semantics/semantics/float.k	133	rule		SUPPLIED_BASELINE_TARGET_PATH	byte-identical launcher-selected semantics; used-rule mapping and trust primitives reviewed in REVIEW.md; no candidate modification	rule applyBin("**", F:Float, I:Int) => powF(F, intToF(I))
reference-semantics/semantics/float.k	134	rule		SUPPLIED_BASELINE_TARGET_PATH	byte-identical launcher-selected semantics; used-rule mapping and trust primitives reviewed in REVIEW.md; no candidate modification	rule applyBin("-", I:Int, F:Float) => subF(intToF(I), F)
reference-semantics/semantics/float.k	135	rule		SUPPLIED_BASELINE_TARGET_PATH	byte-identical launcher-selected semantics; used-rule mapping and trust primitives reviewed in REVIEW.md; no candidate modification	rule applyBin("-", F:Float, I:Int) => subF(F, intToF(I))
reference-semantics/semantics/float.k	136	rule		SUPPLIED_BASELINE_TARGET_PATH	byte-identical launcher-selected semantics; used-rule mapping and trust primitives reviewed in REVIEW.md; no candidate modification	rule applyBin("+", I:Int, F:Float) => addF(intToF(I), F)
reference-semantics/semantics/float.k	137	rule		SUPPLIED_BASELINE_TARGET_PATH	byte-identical launcher-selected semantics; used-rule mapping and trust primitives reviewed in REVIEW.md; no candidate modification	rule applyBin("+", F:Float, I:Int) => addF(F, intToF(I))
reference-semantics/semantics/float.k	138	rule		SUPPLIED_BASELINE_TARGET_PATH	byte-identical launcher-selected semantics; used-rule mapping and trust primitives reviewed in REVIEW.md; no candidate modification	rule applyBin("*", I:Int, F:Float) => mulF(intToF(I), F)
reference-semantics/semantics/float.k	139	rule		SUPPLIED_BASELINE_TARGET_PATH	byte-identical launcher-selected semantics; used-rule mapping and trust primitives reviewed in REVIEW.md; no candidate modification	rule applyBin("*", F:Float, I:Int) => mulF(F, intToF(I)) // ---- mixed Int == Float (shared eqF; opaque symbolic / concrete twin) ----
reference-semantics/semantics/float.k	143	rule	concrete	SUPPLIED_BASELINE_TARGET_PATH	byte-identical launcher-selected semantics; used-rule mapping and trust primitives reviewed in REVIEW.md; no candidate modification	rule eqF(F1:Float, F2:Float) => F1 ==Float F2 [concrete]
reference-semantics/semantics/float.k	144	rule		SUPPLIED_BASELINE_TARGET_PATH	byte-identical launcher-selected semantics; used-rule mapping and trust primitives reviewed in REVIEW.md; no candidate modification	rule applyCmp("==", I:Int, F:Float) => eqF(intToF(I), F)
reference-semantics/semantics/float.k	145	rule		SUPPLIED_BASELINE_TARGET_PATH	byte-identical launcher-selected semantics; used-rule mapping and trust primitives reviewed in REVIEW.md; no candidate modification	rule applyCmp("==", F:Float, I:Int) => eqF(F, intToF(I))
reference-semantics/semantics/float.k	146	rule		SUPPLIED_BASELINE_TARGET_PATH	byte-identical launcher-selected semantics; used-rule mapping and trust primitives reviewed in REVIEW.md; no candidate modification	rule applyCmp("!=", I:Int, F:Float) => notBool eqF(intToF(I), F)
reference-semantics/semantics/float.k	147	rule		SUPPLIED_BASELINE_TARGET_PATH	byte-identical launcher-selected semantics; used-rule mapping and trust primitives reviewed in REVIEW.md; no candidate modification	rule applyCmp("!=", F:Float, I:Int) => notBool eqF(F, intToF(I))
reference-semantics/semantics/float.k	148	rule		SUPPLIED_BASELINE_TARGET_PATH	byte-identical launcher-selected semantics; used-rule mapping and trust primitives reviewed in REVIEW.md; no candidate modification	rule applyCmp("<", I:Int, F:Float) => floatLt(intToF(I), F)
reference-semantics/semantics/float.k	149	rule		SUPPLIED_BASELINE_TARGET_PATH	byte-identical launcher-selected semantics; used-rule mapping and trust primitives reviewed in REVIEW.md; no candidate modification	rule applyCmp("<", F:Float, I:Int) => floatLt(F, intToF(I))
reference-semantics/semantics/float.k	150	rule		SUPPLIED_BASELINE_TARGET_PATH	byte-identical launcher-selected semantics; used-rule mapping and trust primitives reviewed in REVIEW.md; no candidate modification	rule applyCmp(">", I:Int, F:Float) => gtF(intToF(I), F)
reference-semantics/semantics/float.k	151	rule		SUPPLIED_BASELINE_TARGET_PATH	byte-identical launcher-selected semantics; used-rule mapping and trust primitives reviewed in REVIEW.md; no candidate modification	rule applyCmp(">", F:Float, I:Int) => gtF(F, intToF(I)) // ---- x == None (promoted from 137; `is` cases live in operators.k) ----
reference-semantics/semantics/float.k	154	rule		SUPPLIED_BASELINE_TARGET_PATH	byte-identical launcher-selected semantics; used-rule mapping and trust primitives reviewed in REVIEW.md; no candidate modification	rule applyCmp("==", V:Val, noneV) => V ==K noneV
reference-semantics/semantics/float.k	155	rule		SUPPLIED_BASELINE_TARGET_PATH	byte-identical launcher-selected semantics; used-rule mapping and trust primitives reviewed in REVIEW.md; no candidate modification	rule applyCmp("!=", V:Val, noneV) => notBool (V ==K noneV) // ---- float(str): decimal parse (promoted from 137's defined chain) ---- // digits '.' digits, optional leading '-'; concrete evaluation only (the // symbolic side stays an opaque decStrToF term a proof case-splits on).
reference-semantics/semantics/float.k	161	rule	concrete	SUPPLIED_BASELINE_TARGET_PATH	byte-identical launcher-selected semantics; used-rule mapping and trust primitives reviewed in REVIEW.md; no candidate modification	rule decStrToF(iCons(45, CS:IntSeq)) => 0.0 -Float decStrToF(CS) [concrete]
reference-semantics/semantics/float.k	162	rule		SUPPLIED_BASELINE_TARGET_PATH	byte-identical launcher-selected semantics; used-rule mapping and trust primitives reviewed in REVIEW.md; no candidate modification	rule decStrToF(CS:IntSeq) => intToF(intPart(CS)) +Float (intToF(fracPart(CS)) /Float intToF(fracScale(CS)))
reference-semantics/semantics/float.k	166	rule		SUPPLIED_BASELINE_TARGET_PATH	byte-identical launcher-selected semantics; used-rule mapping and trust primitives reviewed in REVIEW.md; no candidate modification	rule headIS(iCons(C:Int, _:IntSeq)) => C
reference-semantics/semantics/float.k	168	rule		SUPPLIED_BASELINE_TARGET_PATH	byte-identical launcher-selected semantics; used-rule mapping and trust primitives reviewed in REVIEW.md; no candidate modification	rule intPart(CS:IntSeq) => intPartAcc(CS, 0)
reference-semantics/semantics/float.k	169	rule		SUPPLIED_BASELINE_TARGET_PATH	byte-identical launcher-selected semantics; used-rule mapping and trust primitives reviewed in REVIEW.md; no candidate modification	rule intPartAcc(.IntSeq, A:Int) => A
reference-semantics/semantics/float.k	170	rule		SUPPLIED_BASELINE_TARGET_PATH	byte-identical launcher-selected semantics; used-rule mapping and trust primitives reviewed in REVIEW.md; no candidate modification	rule intPartAcc(iCons(46, _:IntSeq), A:Int) => A
reference-semantics/semantics/float.k	171	rule		SUPPLIED_BASELINE_TARGET_PATH	byte-identical launcher-selected semantics; used-rule mapping and trust primitives reviewed in REVIEW.md; no candidate modification	rule intPartAcc(iCons(C:Int, R:IntSeq), A:Int) => intPartAcc(R, A *Int 10 +Int (C -Int 48))
reference-semantics/semantics/float.k	174	rule		SUPPLIED_BASELINE_TARGET_PATH	byte-identical launcher-selected semantics; used-rule mapping and trust primitives reviewed in REVIEW.md; no candidate modification	rule fracPart(.IntSeq) => 0
reference-semantics/semantics/float.k	175	rule		SUPPLIED_BASELINE_TARGET_PATH	byte-identical launcher-selected semantics; used-rule mapping and trust primitives reviewed in REVIEW.md; no candidate modification	rule fracPart(iCons(46, R:IntSeq)) => fracAcc(R, 0)
reference-semantics/semantics/float.k	176	rule		SUPPLIED_BASELINE_TARGET_PATH	byte-identical launcher-selected semantics; used-rule mapping and trust primitives reviewed in REVIEW.md; no candidate modification	rule fracPart(iCons(C:Int, R:IntSeq)) => fracPart(R) requires C =/=Int 46
reference-semantics/semantics/float.k	177	rule		SUPPLIED_BASELINE_TARGET_PATH	byte-identical launcher-selected semantics; used-rule mapping and trust primitives reviewed in REVIEW.md; no candidate modification	rule fracAcc(.IntSeq, A:Int) => A
reference-semantics/semantics/float.k	178	rule		SUPPLIED_BASELINE_TARGET_PATH	byte-identical launcher-selected semantics; used-rule mapping and trust primitives reviewed in REVIEW.md; no candidate modification	rule fracAcc(iCons(C:Int, R:IntSeq), A:Int) => fracAcc(R, A *Int 10 +Int (C -Int 48))
reference-semantics/semantics/float.k	180	rule		SUPPLIED_BASELINE_TARGET_PATH	byte-identical launcher-selected semantics; used-rule mapping and trust primitives reviewed in REVIEW.md; no candidate modification	rule fracScale(.IntSeq) => 1
reference-semantics/semantics/float.k	181	rule		SUPPLIED_BASELINE_TARGET_PATH	byte-identical launcher-selected semantics; used-rule mapping and trust primitives reviewed in REVIEW.md; no candidate modification	rule fracScale(iCons(46, R:IntSeq)) => fscAcc(R, 1)
reference-semantics/semantics/float.k	182	rule		SUPPLIED_BASELINE_TARGET_PATH	byte-identical launcher-selected semantics; used-rule mapping and trust primitives reviewed in REVIEW.md; no candidate modification	rule fracScale(iCons(C:Int, R:IntSeq)) => fracScale(R) requires C =/=Int 46
reference-semantics/semantics/float.k	183	rule		SUPPLIED_BASELINE_TARGET_PATH	byte-identical launcher-selected semantics; used-rule mapping and trust primitives reviewed in REVIEW.md; no candidate modification	rule fscAcc(.IntSeq, A:Int) => A
reference-semantics/semantics/float.k	184	rule		SUPPLIED_BASELINE_TARGET_PATH	byte-identical launcher-selected semantics; used-rule mapping and trust primitives reviewed in REVIEW.md; no candidate modification	rule fscAcc(iCons(_:Int, R:IntSeq), A:Int) => fscAcc(R, A *Int 10)
reference-semantics/semantics/float.k	185	rule		SUPPLIED_BASELINE_TARGET_PATH	byte-identical launcher-selected semantics; used-rule mapping and trust primitives reviewed in REVIEW.md; no candidate modification	rule applyBuiltin("float", str(CS:IntSeq), .Vals) => decStrToF(CS)
reference-semantics/semantics/float.k	186	rule		SUPPLIED_BASELINE_TARGET_PATH	byte-identical launcher-selected semantics; used-rule mapping and trust primitives reviewed in REVIEW.md; no candidate modification	rule applyBuiltin("float", I:Int, .Vals) => intToF(I)
reference-semantics/semantics/float.k	187	rule		SUPPLIED_BASELINE_TARGET_PATH	byte-identical launcher-selected semantics; used-rule mapping and trust primitives reviewed in REVIEW.md; no candidate modification	rule applyBuiltin("float", F:Float, .Vals) => F // ---- float / int division (promoted from mean_absolute_deviation) ----
reference-semantics/semantics/float.k	191	rule	concrete	SUPPLIED_BASELINE_TARGET_PATH	byte-identical launcher-selected semantics; used-rule mapping and trust primitives reviewed in REVIEW.md; no candidate modification	rule divFloatIntV(F:Float, I:Int) => F /Float Int2Float(I, 53, 11) [concrete]
reference-semantics/semantics/float.k	192	rule		SUPPLIED_BASELINE_TARGET_PATH	byte-identical launcher-selected semantics; used-rule mapping and trust primitives reviewed in REVIEW.md; no candidate modification	rule applyBin("/", F:Float, I:Int) => divFloatIntV(F, I) // ---- int -> float promotion for the remaining mixed arithmetic/compares ----
reference-semantics/semantics/float.k	196	rule	concrete	SUPPLIED_BASELINE_TARGET_PATH	byte-identical launcher-selected semantics; used-rule mapping and trust primitives reviewed in REVIEW.md; no candidate modification	rule intToF(I:Int) => Int2Float(I, 53, 11) [concrete]
reference-semantics/semantics/float.k	197	rule		SUPPLIED_BASELINE_TARGET_PATH	byte-identical launcher-selected semantics; used-rule mapping and trust primitives reviewed in REVIEW.md; no candidate modification	rule applyBin("+", I:Int, F:Float) => addF(intToF(I), F)
reference-semantics/semantics/float.k	198	rule		SUPPLIED_BASELINE_TARGET_PATH	byte-identical launcher-selected semantics; used-rule mapping and trust primitives reviewed in REVIEW.md; no candidate modification	rule applyBin("+", F:Float, I:Int) => addF(F, intToF(I))
reference-semantics/semantics/float.k	199	rule		SUPPLIED_BASELINE_TARGET_PATH	byte-identical launcher-selected semantics; used-rule mapping and trust primitives reviewed in REVIEW.md; no candidate modification	rule applyBin("-", I:Int, F:Float) => subF(intToF(I), F)
reference-semantics/semantics/float.k	200	rule		SUPPLIED_BASELINE_TARGET_PATH	byte-identical launcher-selected semantics; used-rule mapping and trust primitives reviewed in REVIEW.md; no candidate modification	rule applyBin("-", F:Float, I:Int) => subF(F, intToF(I))
reference-semantics/semantics/float.k	201	rule		SUPPLIED_BASELINE_TARGET_PATH	byte-identical launcher-selected semantics; used-rule mapping and trust primitives reviewed in REVIEW.md; no candidate modification	rule applyBin("*", I:Int, F:Float) => mulF(intToF(I), F)
reference-semantics/semantics/float.k	202	rule		SUPPLIED_BASELINE_TARGET_PATH	byte-identical launcher-selected semantics; used-rule mapping and trust primitives reviewed in REVIEW.md; no candidate modification	rule applyBin("*", F:Float, I:Int) => mulF(F, intToF(I))
reference-semantics/semantics/float.k	203	rule		SUPPLIED_BASELINE_TARGET_PATH	byte-identical launcher-selected semantics; used-rule mapping and trust primitives reviewed in REVIEW.md; no candidate modification	rule applyCmp("<", I:Int, F:Float) => floatLt(intToF(I), F)
reference-semantics/semantics/float.k	204	rule		SUPPLIED_BASELINE_TARGET_PATH	byte-identical launcher-selected semantics; used-rule mapping and trust primitives reviewed in REVIEW.md; no candidate modification	rule applyCmp("<", F:Float, I:Int) => floatLt(F, intToF(I))
reference-semantics/semantics/float.k	205	rule		SUPPLIED_BASELINE_TARGET_PATH	byte-identical launcher-selected semantics; used-rule mapping and trust primitives reviewed in REVIEW.md; no candidate modification	rule applyCmp(">", I:Int, F:Float) => gtF(intToF(I), F)
reference-semantics/semantics/float.k	206	rule		SUPPLIED_BASELINE_TARGET_PATH	byte-identical launcher-selected semantics; used-rule mapping and trust primitives reviewed in REVIEW.md; no candidate modification	rule applyCmp(">", F:Float, I:Int) => gtF(F, intToF(I)) // ---- conversions: int(float) truncates toward zero; float(int); round; math.sqrt ----
reference-semantics/semantics/float.k	210	rule	concrete	SUPPLIED_BASELINE_TARGET_PATH	byte-identical launcher-selected semantics; used-rule mapping and trust primitives reviewed in REVIEW.md; no candidate modification	rule truncF(F:Float) => #if F >=Float 0.0 #then Float2Int(floorFloat(F)) #else Float2Int(ceilFloat(F)) #fi [concrete]
reference-semantics/semantics/float.k	211	rule		SUPPLIED_BASELINE_TARGET_PATH	byte-identical launcher-selected semantics; used-rule mapping and trust primitives reviewed in REVIEW.md; no candidate modification	rule applyBuiltin("int", F:Float, .Vals) => truncF(F)
reference-semantics/semantics/float.k	213	rule		SUPPLIED_BASELINE_TARGET_PATH	byte-identical launcher-selected semantics; used-rule mapping and trust primitives reviewed in REVIEW.md; no candidate modification	rule applyBuiltin("float", I:Int, .Vals) => intToF(I)
reference-semantics/semantics/float.k	214	rule		SUPPLIED_BASELINE_TARGET_PATH	byte-identical launcher-selected semantics; used-rule mapping and trust primitives reviewed in REVIEW.md; no candidate modification	rule applyBuiltin("float", F:Float, .Vals) => F // round: Python half-even (banker's); round(F, N) scales by 10^N
reference-semantics/semantics/float.k	218	rule	concrete	SUPPLIED_BASELINE_TARGET_PATH	byte-identical launcher-selected semantics; used-rule mapping and trust primitives reviewed in REVIEW.md; no candidate modification	rule roundF(F:Float) => #if (F -Float floorFloat(F)) ==Float 0.5 #then (#if Float2Int(floorFloat(F)) %Int 2 ==Int 0 #then Float2Int(floorFloat(F)) #else Float2Int(ceilFloat(F)) #fi) #else Float2Int(floorFloat(F +Float 0.5)) #fi [concrete]
reference-semantics/semantics/float.k	224	rule	concrete	SUPPLIED_BASELINE_TARGET_PATH	byte-identical launcher-selected semantics; used-rule mapping and trust primitives reviewed in REVIEW.md; no candidate modification	rule roundFN(F:Float, N:Int) => Int2Float(roundF(F *Float Int2Float(10 ^Int N, 53, 11)), 53, 11) /Float Int2Float(10 ^Int N, 53, 11) [concrete]
reference-semantics/semantics/float.k	227	rule		SUPPLIED_BASELINE_TARGET_PATH	byte-identical launcher-selected semantics; used-rule mapping and trust primitives reviewed in REVIEW.md; no candidate modification	rule applyBuiltin("round", F:Float, .Vals) => roundF(F)
reference-semantics/semantics/float.k	228	rule		SUPPLIED_BASELINE_TARGET_PATH	byte-identical launcher-selected semantics; used-rule mapping and trust primitives reviewed in REVIEW.md; no candidate modification	rule applyBuiltin("round", F:Float, N:Int, .Vals) => roundFN(F, N)
reference-semantics/semantics/float.k	231	rule	concrete	SUPPLIED_BASELINE_TARGET_PATH	byte-identical launcher-selected semantics; used-rule mapping and trust primitives reviewed in REVIEW.md; no candidate modification	rule sqrtF(F:Float) => sqrtFloat(F) [concrete]
reference-semantics/semantics/float.k	233	rule	priority	SUPPLIED_BASELINE_TARGET_PATH	byte-identical launcher-selected semantics; used-rule mapping and trust primitives reviewed in REVIEW.md; no candidate modification	rule <k> Call(Attribute(Name("math"), "sqrt"), (E:Expr, .Exprs)) => E ~> #mathSqrt ... </k> [priority(40)]
reference-semantics/semantics/float.k	234	rule		SUPPLIED_BASELINE_TARGET_PATH	byte-identical launcher-selected semantics; used-rule mapping and trust primitives reviewed in REVIEW.md; no candidate modification	rule <k> F:Float ~> #mathSqrt => sqrtF(F) ... </k>
reference-semantics/semantics/float.k	235	rule		SUPPLIED_BASELINE_TARGET_PATH	byte-identical launcher-selected semantics; used-rule mapping and trust primitives reviewed in REVIEW.md; no candidate modification	rule <k> I:Int ~> #mathSqrt => sqrtF(intToF(I)) ... </k> // ---- min / max over a FLOAT list — FLOAT branch of the shared #minCont0/#maxCont0 folds (which // seed/step with `requires isInt(V)`, so they are STUCK on floats). These add the `requires // isFloat(V)` seed + a Float-accumulator fold via K
reference-semantics/semantics/float.k	244	rule		SUPPLIED_BASELINE_TARGET_PATH	byte-identical launcher-selected semantics; used-rule mapping and trust primitives reviewed in REVIEW.md; no candidate modification	rule <k> #iterYield(V:Val, R:Iterable) ~> #maxCont0 => #maxAccF(R, {V}:>Float) ... </k> requires isFloat(V)
reference-semantics/semantics/float.k	245	rule		SUPPLIED_BASELINE_TARGET_PATH	byte-identical launcher-selected semantics; used-rule mapping and trust primitives reviewed in REVIEW.md; no candidate modification	rule <k> #maxAccF(IT:Iterable, M:Float) => #iterNext(IT) ~> #maxContF(M) ... </k>
reference-semantics/semantics/float.k	246	rule		SUPPLIED_BASELINE_TARGET_PATH	byte-identical launcher-selected semantics; used-rule mapping and trust primitives reviewed in REVIEW.md; no candidate modification	rule <k> #iterDone ~> #maxContF(M:Float) => M ... </k>
reference-semantics/semantics/float.k	247	rule		SUPPLIED_BASELINE_TARGET_PATH	byte-identical launcher-selected semantics; used-rule mapping and trust primitives reviewed in REVIEW.md; no candidate modification	rule <k> #iterYield(V:Val, R:Iterable) ~> #maxContF(M:Float) => #maxAccF(R, maxFloat(M, {V}:>Float)) ... </k>
reference-semantics/semantics/float.k	251	rule		SUPPLIED_BASELINE_TARGET_PATH	byte-identical launcher-selected semantics; used-rule mapping and trust primitives reviewed in REVIEW.md; no candidate modification	rule <k> #iterYield(V:Val, R:Iterable) ~> #minCont0 => #minAccF(R, {V}:>Float) ... </k> requires isFloat(V)
reference-semantics/semantics/float.k	252	rule		SUPPLIED_BASELINE_TARGET_PATH	byte-identical launcher-selected semantics; used-rule mapping and trust primitives reviewed in REVIEW.md; no candidate modification	rule <k> #minAccF(IT:Iterable, M:Float) => #iterNext(IT) ~> #minContF(M) ... </k>
reference-semantics/semantics/float.k	253	rule		SUPPLIED_BASELINE_TARGET_PATH	byte-identical launcher-selected semantics; used-rule mapping and trust primitives reviewed in REVIEW.md; no candidate modification	rule <k> #iterDone ~> #minContF(M:Float) => M ... </k>
reference-semantics/semantics/float.k	254	rule		SUPPLIED_BASELINE_TARGET_PATH	byte-identical launcher-selected semantics; used-rule mapping and trust primitives reviewed in REVIEW.md; no candidate modification	rule <k> #iterYield(V:Val, R:Iterable) ~> #minContF(M:Float) => #minAccF(R, minFloat(M, {V}:>Float)) ... </k>
reference-semantics/semantics/float.k	262	rule		SUPPLIED_BASELINE_TARGET_PATH	byte-identical launcher-selected semantics; used-rule mapping and trust primitives reviewed in REVIEW.md; no candidate modification	rule <k> #iterYield(V:Val, R:Iterable) ~> #sumCont(ACC:Int) => #sumAccF(R, addF(intToF(ACC), {V}:>Float)) ... </k>
reference-semantics/semantics/float.k	265	rule		SUPPLIED_BASELINE_TARGET_PATH	byte-identical launcher-selected semantics; used-rule mapping and trust primitives reviewed in REVIEW.md; no candidate modification	rule <k> #sumAccF(IT:Iterable, ACC:Float) => #iterNext(IT) ~> #sumContF(ACC) ... </k>
reference-semantics/semantics/float.k	266	rule		SUPPLIED_BASELINE_TARGET_PATH	byte-identical launcher-selected semantics; used-rule mapping and trust primitives reviewed in REVIEW.md; no candidate modification	rule <k> #iterDone ~> #sumContF(ACC:Float) => ACC ... </k>
reference-semantics/semantics/float.k	267	rule		SUPPLIED_BASELINE_TARGET_PATH	byte-identical launcher-selected semantics; used-rule mapping and trust primitives reviewed in REVIEW.md; no candidate modification	rule <k> #iterYield(V:Val, R:Iterable) ~> #sumContF(ACC:Float) => #sumAccF(R, addF(ACC, {V}:>Float)) ... </k>
reference-semantics/semantics/float.k	270	rule		SUPPLIED_BASELINE_TARGET_PATH	byte-identical launcher-selected semantics; used-rule mapping and trust primitives reviewed in REVIEW.md; no candidate modification	rule <k> #iterYield(V:Val, R:Iterable) ~> #sumContF(ACC:Float) => #sumAccF(R, addF(ACC, intToF(intOf(V)))) ... </k>
reference-semantics/semantics/functions.k	14	rule		SUPPLIED_BASELINE_TARGET_PATH	byte-identical launcher-selected semantics; used-rule mapping and trust primitives reviewed in REVIEW.md; no candidate modification	rule <k> FuncDef(F:String, Params(PNS:ParamNames), BODY:Stmts) => .K ... </k> <env> L:Int </env> <scopes> ... L |-> scope(M:Map => M [ F <- closureVal(PNS, BODY, L) ], _) ... </scopes>
reference-semantics/semantics/functions.k	19	rule		SUPPLIED_BASELINE_TARGET_PATH	byte-identical launcher-selected semantics; used-rule mapping and trust primitives reviewed in REVIEW.md; no candidate modification	rule <k> closureExpr(PNS:ParamNames, BODY:Stmts) => closureVal(PNS, BODY, L) ... </k> <env> L:Int </env> // ==== annotated def/lambda (closure cells; spec 2.3) ====================== // closureValC(params, cellvars, body, captured-cells). No frame anchor: all // enclosing-local reads are freevars (s
reference-semantics/semantics/functions.k	33	rule		SUPPLIED_BASELINE_TARGET_PATH	byte-identical launcher-selected semantics; used-rule mapping and trust primitives reviewed in REVIEW.md; no candidate modification	rule <k> FuncDef(F:String, Params(PNS:ParamNames), CellVars(CVS:ParamNames), FreeVars(FVS:ParamNames), BODY:Stmts) => #mkClosure(F, PNS, CVS, FVS, BODY, .Map) ... </k>
reference-semantics/semantics/functions.k	36	rule		SUPPLIED_BASELINE_TARGET_PATH	byte-identical launcher-selected semantics; used-rule mapping and trust primitives reviewed in REVIEW.md; no candidate modification	rule <k> #mkClosure(F:String, PNS:ParamNames, CVS:ParamNames, (FV:String, FVR:ParamNames), BODY:Stmts, CM:Map) => #mkClosure(F, PNS, CVS, FVR, BODY, CM [ FV <- {M[FV]}:>Val ]) ... </k> <env> L:Int </env> <scopes> ... L |-> scope(M:Map, _) ... </scopes>
reference-semantics/semantics/functions.k	42	rule		SUPPLIED_BASELINE_TARGET_PATH	byte-identical launcher-selected semantics; used-rule mapping and trust primitives reviewed in REVIEW.md; no candidate modification	rule <k> #mkClosure(F:String, PNS:ParamNames, CVS:ParamNames, .ParamNames, BODY:Stmts, CM:Map) => .K ... </k> <env> L:Int </env> <scopes> ... L |-> scope(M:Map => M [ F <- closureValC(PNS, CVS, BODY, CM) ], _) ... </scopes>
reference-semantics/semantics/functions.k	47	rule		SUPPLIED_BASELINE_TARGET_PATH	byte-identical launcher-selected semantics; used-rule mapping and trust primitives reviewed in REVIEW.md; no candidate modification	rule <k> Lambda(Params(PNS:ParamNames), E:Expr) => closureVal(PNS, Return(E) .Stmts, L) ... </k> <env> L:Int </env>
reference-semantics/semantics/functions.k	50	rule		SUPPLIED_BASELINE_TARGET_PATH	byte-identical launcher-selected semantics; used-rule mapping and trust primitives reviewed in REVIEW.md; no candidate modification	rule <k> Lambda(Params(PNS:ParamNames), CellVars(CVS:ParamNames), FreeVars(FVS:ParamNames), E:Expr) => #mkLambda(PNS, CVS, FVS, Return(E) .Stmts, .Map) ... </k>
reference-semantics/semantics/functions.k	53	rule		SUPPLIED_BASELINE_TARGET_PATH	byte-identical launcher-selected semantics; used-rule mapping and trust primitives reviewed in REVIEW.md; no candidate modification	rule <k> #mkLambda(PNS:ParamNames, CVS:ParamNames, (FV:String, FVR:ParamNames), BODY:Stmts, CM:Map) => #mkLambda(PNS, CVS, FVR, BODY, CM [ FV <- {M[FV]}:>Val ]) ... </k> <env> L:Int </env> <scopes> ... L |-> scope(M:Map, _) ... </scopes>
reference-semantics/semantics/functions.k	59	rule		SUPPLIED_BASELINE_TARGET_PATH	byte-identical launcher-selected semantics; used-rule mapping and trust primitives reviewed in REVIEW.md; no candidate modification	rule <k> #mkLambda(PNS:ParamNames, CVS:ParamNames, .ParamNames, BODY:Stmts, CM:Map) => closureValC(PNS, CVS, BODY, CM) ... </k> // ==== bind params ========================================================
reference-semantics/semantics/functions.k	63	rule		SUPPLIED_BASELINE_TARGET_PATH	byte-identical launcher-selected semantics; used-rule mapping and trust primitives reviewed in REVIEW.md; no candidate modification	rule <k> #bindP(.ParamNames, .Vals) => .K ... </k>
reference-semantics/semantics/functions.k	64	rule		SUPPLIED_BASELINE_TARGET_PATH	byte-identical launcher-selected semantics; used-rule mapping and trust primitives reviewed in REVIEW.md; no candidate modification	rule <k> #bindP((P:String, PS:ParamNames), (V:Val, VS:Vals)) => #bindP(PS, VS) ... </k> <env> L:Int </env> <scopes> ... L |-> scope(M:Map => M [ P <- V ], _) ... </scopes> // a param that is a cellvar was pre-bound to its cell at frame entry
reference-semantics/semantics/functions.k	68	rule		SUPPLIED_BASELINE_TARGET_PATH	byte-identical launcher-selected semantics; used-rule mapping and trust primitives reviewed in REVIEW.md; no candidate modification	rule <k> #bindP((P:String, PS:ParamNames), (V:Val, VS:Vals)) => #cellW({M[P]}:>Val, V) ~> #bindP(PS, VS) ... </k> <env> L:Int </env> <scopes> ... L |-> scope(M:Map, _) ... </scopes>
reference-semantics/semantics/functions.k	78	rule		SUPPLIED_BASELINE_TARGET_PATH	byte-identical launcher-selected semantics; used-rule mapping and trust primitives reviewed in REVIEW.md; no candidate modification	rule <k> Return(V:Val) ~> _ => #pop </k> <ret> noRet => retV(V) </ret>
reference-semantics/semantics/functions.k	80	rule		SUPPLIED_BASELINE_TARGET_PATH	byte-identical launcher-selected semantics; used-rule mapping and trust primitives reviewed in REVIEW.md; no candidate modification	rule <k> #endcall => #pop ... </k> <ret> noRet => retV(noneV) </ret> // pop: restore env, DEALLOCATE the callee frame, and wind scopeLoc back (LIFO allocation // makes the saved loc the callee frame's own loc). Sound because no closureVal outlives its // defining frame (frontend subset: no returned/
reference-semantics/semantics/functions.k	85	rule		SUPPLIED_BASELINE_TARGET_PATH	byte-identical launcher-selected semantics; used-rule mapping and trust primitives reviewed in REVIEW.md; no candidate modification	rule <k> #pop => V ~> CONT </k> <ret> retV(V) => noRet </ret> <stack> ListItem(frame(CONT:K, CALLERL:Int, SAVEDL:Int)) => .List ... </stack> <env> L:Int => CALLERL </env> <scopes> SC:Map => SC [ L <- undef ] </scopes> <scopeLoc> _ => SAVEDL </scopeLoc>
reference-semantics/semantics/int.k	7	rule		SUPPLIED_BASELINE_UNUSED	byte-identical launcher-selected semantics and unreachable from this program/claim; no proof dependency	rule applyUn("-", I:Int) => 0 -Int I
reference-semantics/semantics/int.k	9	rule		SUPPLIED_BASELINE_UNUSED	byte-identical launcher-selected semantics and unreachable from this program/claim; no proof dependency	rule applyBin("+", I1:Int, I2:Int) => I1 +Int I2 // Bool participates in int arithmetic (x += (a == b))
reference-semantics/semantics/int.k	11	rule		SUPPLIED_BASELINE_UNUSED	byte-identical launcher-selected semantics and unreachable from this program/claim; no proof dependency	rule applyBin("+", I:Int, B:Bool) => I +Int #if B #then 1 #else 0 #fi
reference-semantics/semantics/int.k	12	rule		SUPPLIED_BASELINE_UNUSED	byte-identical launcher-selected semantics and unreachable from this program/claim; no proof dependency	rule applyBin("+", B:Bool, I:Int) => #if B #then 1 #else 0 #fi +Int I
reference-semantics/semantics/int.k	13	rule		SUPPLIED_BASELINE_UNUSED	byte-identical launcher-selected semantics and unreachable from this program/claim; no proof dependency	rule applyBin("-", I1:Int, I2:Int) => I1 -Int I2
reference-semantics/semantics/int.k	14	rule		SUPPLIED_BASELINE_UNUSED	byte-identical launcher-selected semantics and unreachable from this program/claim; no proof dependency	rule applyBin("*", I1:Int, I2:Int) => I1 *Int I2
reference-semantics/semantics/int.k	15	rule		SUPPLIED_BASELINE_UNUSED	byte-identical launcher-selected semantics and unreachable from this program/claim; no proof dependency	rule applyBin("%", I1:Int, I2:Int) => pyMod(I1, I2)
reference-semantics/semantics/int.k	16	rule		SUPPLIED_BASELINE_UNUSED	byte-identical launcher-selected semantics and unreachable from this program/claim; no proof dependency	rule applyBin("//", I1:Int, I2:Int) => (I1 -Int pyMod(I1, I2)) /Int I2
reference-semantics/semantics/int.k	17	rule		SUPPLIED_BASELINE_UNUSED	byte-identical launcher-selected semantics and unreachable from this program/claim; no proof dependency	rule applyBin("**", I1:Int, I2:Int) => I1 ^Int I2 requires I2 >=Int 0
reference-semantics/semantics/int.k	20	rule		SUPPLIED_BASELINE_UNUSED	byte-identical launcher-selected semantics and unreachable from this program/claim; no proof dependency	rule pyMod(I1:Int, I2:Int) => ((I1 %Int I2) +Int I2) %Int I2
reference-semantics/semantics/int.k	22	rule		SUPPLIED_BASELINE_UNUSED	byte-identical launcher-selected semantics and unreachable from this program/claim; no proof dependency	rule applyCmp("<", I1:Int, I2:Int) => I1 <Int I2
reference-semantics/semantics/int.k	23	rule		SUPPLIED_BASELINE_UNUSED	byte-identical launcher-selected semantics and unreachable from this program/claim; no proof dependency	rule applyCmp("<=", I1:Int, I2:Int) => I1 <=Int I2
reference-semantics/semantics/int.k	24	rule		SUPPLIED_BASELINE_UNUSED	byte-identical launcher-selected semantics and unreachable from this program/claim; no proof dependency	rule applyCmp(">", I1:Int, I2:Int) => I1 >Int I2
reference-semantics/semantics/int.k	25	rule		SUPPLIED_BASELINE_UNUSED	byte-identical launcher-selected semantics and unreachable from this program/claim; no proof dependency	rule applyCmp(">=", I1:Int, I2:Int) => I1 >=Int I2
reference-semantics/semantics/int.k	26	rule		SUPPLIED_BASELINE_UNUSED	byte-identical launcher-selected semantics and unreachable from this program/claim; no proof dependency	rule applyCmp("==", I1:Int, I2:Int) => I1 ==Int I2
reference-semantics/semantics/int.k	27	rule		SUPPLIED_BASELINE_UNUSED	byte-identical launcher-selected semantics and unreachable from this program/claim; no proof dependency	rule applyCmp("!=", I1:Int, I2:Int) => I1 =/=Int I2
reference-semantics/semantics/list.k	9	rule		SUPPLIED_BASELINE_TARGET_PATH	byte-identical launcher-selected semantics; used-rule mapping and trust primitives reviewed in REVIEW.md; no candidate modification	rule <k> #iterNext(list(.ValSeq)) => #iterDone ... </k>
reference-semantics/semantics/list.k	10	rule		SUPPLIED_BASELINE_TARGET_PATH	byte-identical launcher-selected semantics; used-rule mapping and trust primitives reviewed in REVIEW.md; no candidate modification	rule <k> #iterNext(list(vCons(V:Val, R:ValSeq))) => #iterYield(V, list(R)) ... </k> // ==== ListExpr: [...] literal -> a fresh heap object =======================
reference-semantics/semantics/list.k	14	rule		SUPPLIED_BASELINE_TARGET_PATH	byte-identical launcher-selected semantics; used-rule mapping and trust primitives reviewed in REVIEW.md; no candidate modification	rule <k> ListExpr(ES:Exprs) => #evalArgs(ES, .Vals, toList) ... </k>
reference-semantics/semantics/list.k	15	rule		SUPPLIED_BASELINE_TARGET_PATH	byte-identical launcher-selected semantics; used-rule mapping and trust primitives reviewed in REVIEW.md; no candidate modification	rule <k> #applyK(toList, ACC:Vals) => #alloc(list(vals2valSeq(ACC))) ... </k> // ==== list ops: + / == / != ===============================================
reference-semantics/semantics/list.k	19	rule		SUPPLIED_BASELINE_TARGET_PATH	byte-identical launcher-selected semantics; used-rule mapping and trust primitives reviewed in REVIEW.md; no candidate modification	rule valSeqConcat(.ValSeq, T:ValSeq) => T
reference-semantics/semantics/list.k	20	rule		SUPPLIED_BASELINE_TARGET_PATH	byte-identical launcher-selected semantics; used-rule mapping and trust primitives reviewed in REVIEW.md; no candidate modification	rule valSeqConcat(vCons(V:Val, S:ValSeq), T:ValSeq) => vCons(V, valSeqConcat(S, T)) // list + list constructs a NEW object (k-cell — it allocates; operands land here // already deref'd). priority(45) beats the generic BinOp dispatch.
reference-semantics/semantics/list.k	24	rule	priority	SUPPLIED_BASELINE_TARGET_PATH	byte-identical launcher-selected semantics; used-rule mapping and trust primitives reviewed in REVIEW.md; no candidate modification	rule <k> BinOp("+", list(A:ValSeq), list(B:ValSeq)) => #alloc(list(valSeqConcat(A, B))) ... </k> [priority(45)]
reference-semantics/semantics/list.k	27	rule		SUPPLIED_BASELINE_TARGET_PATH	byte-identical launcher-selected semantics; used-rule mapping and trust primitives reviewed in REVIEW.md; no candidate modification	rule applyCmp("==", list(A:ValSeq), list(B:ValSeq)) => A ==K B
reference-semantics/semantics/list.k	28	rule		SUPPLIED_BASELINE_TARGET_PATH	byte-identical launcher-selected semantics; used-rule mapping and trust primitives reviewed in REVIEW.md; no candidate modification	rule applyCmp("!=", list(A:ValSeq), list(B:ValSeq)) => notBool (A ==K B) // ==== deep equality when elements are heap objects (list-of-lists) ======== // Python == is structural at every depth. Fires ONLY when a ref is present // (the guard decides on concrete seqs); the plain ==K path above is unch
reference-semantics/semantics/list.k	34	rule		SUPPLIED_BASELINE_TARGET_PATH	byte-identical launcher-selected semantics; used-rule mapping and trust primitives reviewed in REVIEW.md; no candidate modification	rule hasRefVS(.ValSeq) => false
reference-semantics/semantics/list.k	35	rule		SUPPLIED_BASELINE_TARGET_PATH	byte-identical launcher-selected semantics; used-rule mapping and trust primitives reviewed in REVIEW.md; no candidate modification	rule hasRefVS(vCons(V:Val, R:ValSeq)) => isRefV(V) orBool hasRefVS(R)
reference-semantics/semantics/list.k	39	rule		SUPPLIED_BASELINE_TARGET_PATH	byte-identical launcher-selected semantics; used-rule mapping and trust primitives reviewed in REVIEW.md; no candidate modification	rule deepEqVS(.ValSeq, .ValSeq, _:Map) => true
reference-semantics/semantics/list.k	40	rule		SUPPLIED_BASELINE_TARGET_PATH	byte-identical launcher-selected semantics; used-rule mapping and trust primitives reviewed in REVIEW.md; no candidate modification	rule deepEqVS(.ValSeq, vCons(_:Val, _:ValSeq), _:Map) => false
reference-semantics/semantics/list.k	41	rule		SUPPLIED_BASELINE_TARGET_PATH	byte-identical launcher-selected semantics; used-rule mapping and trust primitives reviewed in REVIEW.md; no candidate modification	rule deepEqVS(vCons(_:Val, _:ValSeq), .ValSeq, _:Map) => false
reference-semantics/semantics/list.k	42	rule		SUPPLIED_BASELINE_TARGET_PATH	byte-identical launcher-selected semantics; used-rule mapping and trust primitives reviewed in REVIEW.md; no candidate modification	rule deepEqVS(vCons(A:Val, As:ValSeq), vCons(B:Val, Bs:ValSeq), HP:Map) => deepEqV(A, B, HP) andBool deepEqVS(As, Bs, HP)
reference-semantics/semantics/list.k	45	rule		SUPPLIED_BASELINE_TARGET_PATH	byte-identical launcher-selected semantics; used-rule mapping and trust primitives reviewed in REVIEW.md; no candidate modification	rule deepEqV(ref(H:Int), B:Val, HP:Map) => deepEqV({HP[H]}:>Val, B, HP)
reference-semantics/semantics/list.k	47	rule		SUPPLIED_BASELINE_TARGET_PATH	byte-identical launcher-selected semantics; used-rule mapping and trust primitives reviewed in REVIEW.md; no candidate modification	rule deepEqV(A:Val, ref(H:Int), HP:Map) => deepEqV(A, {HP[H]}:>Val, HP)
reference-semantics/semantics/list.k	49	rule		SUPPLIED_BASELINE_TARGET_PATH	byte-identical launcher-selected semantics; used-rule mapping and trust primitives reviewed in REVIEW.md; no candidate modification	rule deepEqV(list(A:ValSeq), list(B:ValSeq), HP:Map) => deepEqVS(A, B, HP)
reference-semantics/semantics/list.k	50	rule	owise	SUPPLIED_BASELINE_TARGET_PATH	byte-identical launcher-selected semantics; used-rule mapping and trust primitives reviewed in REVIEW.md; no candidate modification	rule deepEqV(A:Val, B:Val, _:Map) => A ==K B [owise] // ==== mutator: xs.append(v) — an in-place heap write ======================
reference-semantics/semantics/list.k	53	rule	priority	SUPPLIED_BASELINE_TARGET_PATH	byte-identical launcher-selected semantics; used-rule mapping and trust primitives reviewed in REVIEW.md; no candidate modification	rule <k> #applyK(toCall(boundMethodV(ref(H:Int), "append")), (V:Val, .Vals)) => noneV ... </k> <heap> ... H |-> list(VS:ValSeq => valSeqConcat(VS, vCons(V, .ValSeq))) ... </heap> [priority(40)] // ==== `x in list` — a <k>-cell fold over #iterNext ========================
reference-semantics/semantics/list.k	59	rule		SUPPLIED_BASELINE_TARGET_PATH	byte-identical launcher-selected semantics; used-rule mapping and trust primitives reviewed in REVIEW.md; no candidate modification	rule <k> Compare(LV:Val, CmpOp("in", list(VS:ValSeq))) => #memberAcc(LV, list(VS)) ... </k>
reference-semantics/semantics/list.k	60	rule		SUPPLIED_BASELINE_TARGET_PATH	byte-identical launcher-selected semantics; used-rule mapping and trust primitives reviewed in REVIEW.md; no candidate modification	rule <k> Compare(LV:Val, CmpOp("not in", list(VS:ValSeq))) => #memberAcc(LV, list(VS)) ~> #notB ... </k>
reference-semantics/semantics/list.k	61	rule		SUPPLIED_BASELINE_TARGET_PATH	byte-identical launcher-selected semantics; used-rule mapping and trust primitives reviewed in REVIEW.md; no candidate modification	rule <k> #memberAcc(V:Val, IT:Iterable) => #iterNext(IT) ~> #memberCont(V) ... </k>
reference-semantics/semantics/list.k	62	rule		SUPPLIED_BASELINE_TARGET_PATH	byte-identical launcher-selected semantics; used-rule mapping and trust primitives reviewed in REVIEW.md; no candidate modification	rule <k> #iterDone ~> #memberCont(_V:Val) => false ... </k>
reference-semantics/semantics/list.k	63	rule		SUPPLIED_BASELINE_TARGET_PATH	byte-identical launcher-selected semantics; used-rule mapping and trust primitives reviewed in REVIEW.md; no candidate modification	rule <k> #iterYield(E:Val, _:Iterable) ~> #memberCont(V:Val) => true ... </k>
reference-semantics/semantics/list.k	65	rule		SUPPLIED_BASELINE_TARGET_PATH	byte-identical launcher-selected semantics; used-rule mapping and trust primitives reviewed in REVIEW.md; no candidate modification	rule <k> #iterYield(E:Val, R:Iterable) ~> #memberCont(V:Val) => #memberAcc(V, R) ... </k>
reference-semantics/semantics/list.k	67	rule		SUPPLIED_BASELINE_TARGET_PATH	byte-identical launcher-selected semantics; used-rule mapping and trust primitives reviewed in REVIEW.md; no candidate modification	rule <k> B:Bool ~> #notB => notBool B ... </k>
reference-semantics/semantics/methods.k	13	rule		SUPPLIED_BASELINE_UNUSED	byte-identical launcher-selected semantics and unreachable from this program/claim; no proof dependency	rule applyMethod(str(CS:IntSeq), "isupper", .Vals) => hasUpper(CS) andBool notBool hasLower(CS)
reference-semantics/semantics/methods.k	14	rule		SUPPLIED_BASELINE_UNUSED	byte-identical launcher-selected semantics and unreachable from this program/claim; no proof dependency	rule applyMethod(str(CS:IntSeq), "islower", .Vals) => hasLower(CS) andBool notBool hasUpper(CS)
reference-semantics/semantics/methods.k	15	rule		SUPPLIED_BASELINE_UNUSED	byte-identical launcher-selected semantics and unreachable from this program/claim; no proof dependency	rule applyMethod(str(CS:IntSeq), "isalpha", .Vals) => notBool (CS ==K .IntSeq) andBool allAlpha(CS)
reference-semantics/semantics/methods.k	16	rule		SUPPLIED_BASELINE_UNUSED	byte-identical launcher-selected semantics and unreachable from this program/claim; no proof dependency	rule applyMethod(str(CS:IntSeq), "isdigit", .Vals) => notBool (CS ==K .IntSeq) andBool allDigit(CS) // ==== case maps ============================================================
reference-semantics/semantics/methods.k	19	rule		SUPPLIED_BASELINE_UNUSED	byte-identical launcher-selected semantics and unreachable from this program/claim; no proof dependency	rule applyMethod(str(CS:IntSeq), "lower", .Vals) => str(mapLower(CS))
reference-semantics/semantics/methods.k	20	rule		SUPPLIED_BASELINE_UNUSED	byte-identical launcher-selected semantics and unreachable from this program/claim; no proof dependency	rule applyMethod(str(CS:IntSeq), "upper", .Vals) => str(mapUpper(CS))
reference-semantics/semantics/methods.k	21	rule		SUPPLIED_BASELINE_UNUSED	byte-identical launcher-selected semantics and unreachable from this program/claim; no proof dependency	rule applyMethod(str(CS:IntSeq), "swapcase", .Vals) => str(mapSwap(CS)) // ==== join / count / strip / encode ======================================== // S.join(list-of-str): fold with separator codes (receiver + arg deref'd by // the call layer; the result str is a value)
reference-semantics/semantics/methods.k	26	rule		SUPPLIED_BASELINE_UNUSED	byte-identical launcher-selected semantics and unreachable from this program/claim; no proof dependency	rule applyMethod(str(SEP:IntSeq), "join", list(VS:ValSeq), .Vals) => str(joinCodes(SEP, VS))
reference-semantics/semantics/methods.k	28	rule		SUPPLIED_BASELINE_UNUSED	byte-identical launcher-selected semantics and unreachable from this program/claim; no proof dependency	rule joinCodes(_:IntSeq, .ValSeq) => .IntSeq
reference-semantics/semantics/methods.k	29	rule		SUPPLIED_BASELINE_UNUSED	byte-identical launcher-selected semantics and unreachable from this program/claim; no proof dependency	rule joinCodes(_:IntSeq, vCons(str(CS:IntSeq), .ValSeq)) => CS
reference-semantics/semantics/methods.k	30	rule		SUPPLIED_BASELINE_UNUSED	byte-identical launcher-selected semantics and unreachable from this program/claim; no proof dependency	rule joinCodes(SEP:IntSeq, vCons(str(CS:IntSeq), vCons(V:Val, R:ValSeq))) => seqConcat(CS, seqConcat(SEP, joinCodes(SEP, vCons(V, R)))) // S.count(sub): non-overlapping window scan (Python str.count)
reference-semantics/semantics/methods.k	34	rule		SUPPLIED_BASELINE_UNUSED	byte-identical launcher-selected semantics and unreachable from this program/claim; no proof dependency	rule applyMethod(str(CS:IntSeq), "count", str(PC:IntSeq), .Vals) => cntSub(CS, PC)
reference-semantics/semantics/methods.k	36	rule		SUPPLIED_BASELINE_UNUSED	byte-identical launcher-selected semantics and unreachable from this program/claim; no proof dependency	rule cntSub(.IntSeq, _:IntSeq) => 0
reference-semantics/semantics/methods.k	37	rule		SUPPLIED_BASELINE_UNUSED	byte-identical launcher-selected semantics and unreachable from this program/claim; no proof dependency	rule cntSub(iCons(C:Int, R:IntSeq), PC:IntSeq) => 1 +Int cntSub(dropIS(iCons(C, R), isLen(PC)), PC)
reference-semantics/semantics/methods.k	39	rule		SUPPLIED_BASELINE_UNUSED	byte-identical launcher-selected semantics and unreachable from this program/claim; no proof dependency	rule cntSub(iCons(C:Int, R:IntSeq), PC:IntSeq) => cntSub(R, PC)
reference-semantics/semantics/methods.k	42	rule		SUPPLIED_BASELINE_UNUSED	byte-identical launcher-selected semantics and unreachable from this program/claim; no proof dependency	rule dropIS(S:IntSeq, N:Int) => S requires N <=Int 0
reference-semantics/semantics/methods.k	43	rule	owise	SUPPLIED_BASELINE_UNUSED	byte-identical launcher-selected semantics and unreachable from this program/claim; no proof dependency	rule dropIS(.IntSeq, _:Int) => .IntSeq [owise]
reference-semantics/semantics/methods.k	44	rule		SUPPLIED_BASELINE_UNUSED	byte-identical launcher-selected semantics and unreachable from this program/claim; no proof dependency	rule dropIS(iCons(_:Int, R:IntSeq), N:Int) => dropIS(R, N -Int 1) requires N >Int 0 // S.strip(): trim whitespace runs from both ends
reference-semantics/semantics/methods.k	47	rule		SUPPLIED_BASELINE_UNUSED	byte-identical launcher-selected semantics and unreachable from this program/claim; no proof dependency	rule applyMethod(str(CS:IntSeq), "strip", .Vals) => str(revIS(trimWS(revIS(trimWS(CS)))))
reference-semantics/semantics/methods.k	49	rule		SUPPLIED_BASELINE_UNUSED	byte-identical launcher-selected semantics and unreachable from this program/claim; no proof dependency	rule trimWS(.IntSeq) => .IntSeq
reference-semantics/semantics/methods.k	50	rule		SUPPLIED_BASELINE_UNUSED	byte-identical launcher-selected semantics and unreachable from this program/claim; no proof dependency	rule trimWS(iCons(C:Int, R:IntSeq)) => trimWS(R) requires isWSC(C)
reference-semantics/semantics/methods.k	51	rule		SUPPLIED_BASELINE_UNUSED	byte-identical launcher-selected semantics and unreachable from this program/claim; no proof dependency	rule trimWS(iCons(C:Int, R:IntSeq)) => iCons(C, R) requires notBool isWSC(C)
reference-semantics/semantics/methods.k	53	rule		SUPPLIED_BASELINE_UNUSED	byte-identical launcher-selected semantics and unreachable from this program/claim; no proof dependency	rule revIS(S:IntSeq) => revISAcc(S, .IntSeq)
reference-semantics/semantics/methods.k	54	rule		SUPPLIED_BASELINE_UNUSED	byte-identical launcher-selected semantics and unreachable from this program/claim; no proof dependency	rule revISAcc(.IntSeq, A:IntSeq) => A
reference-semantics/semantics/methods.k	55	rule		SUPPLIED_BASELINE_UNUSED	byte-identical launcher-selected semantics and unreachable from this program/claim; no proof dependency	rule revISAcc(iCons(C:Int, R:IntSeq), A:IntSeq) => revISAcc(R, iCons(C, A)) // S.encode('ascii'): identity on the code-sequence model (bytes == codes)
reference-semantics/semantics/methods.k	58	rule		SUPPLIED_BASELINE_UNUSED	byte-identical launcher-selected semantics and unreachable from this program/claim; no proof dependency	rule applyMethod(str(CS:IntSeq), "encode", str(_:IntSeq), .Vals) => str(CS) // ==== prefix ===============================================================
reference-semantics/semantics/methods.k	61	rule		SUPPLIED_BASELINE_UNUSED	byte-identical launcher-selected semantics and unreachable from this program/claim; no proof dependency	rule applyMethod(str(XC:IntSeq), "startswith", str(PC:IntSeq), .Vals) => startsWith(PC, XC) // ==== list.count(v) — number of occurrences of v in the list (concrete for krun) ==========
reference-semantics/semantics/methods.k	64	rule		SUPPLIED_BASELINE_UNUSED	byte-identical launcher-selected semantics and unreachable from this program/claim; no proof dependency	rule applyMethod(list(VS:ValSeq), "count", V:Val, .Vals) => cntOccVS(VS, V)
reference-semantics/semantics/methods.k	66	rule		SUPPLIED_BASELINE_UNUSED	byte-identical launcher-selected semantics and unreachable from this program/claim; no proof dependency	rule cntOccVS(.ValSeq, _:Val) => 0
reference-semantics/semantics/methods.k	67	rule		SUPPLIED_BASELINE_UNUSED	byte-identical launcher-selected semantics and unreachable from this program/claim; no proof dependency	rule cntOccVS(vCons(A:Val, R:ValSeq), V:Val) => 1 +Int cntOccVS(R, V) requires A ==K V
reference-semantics/semantics/methods.k	68	rule		SUPPLIED_BASELINE_UNUSED	byte-identical launcher-selected semantics and unreachable from this program/claim; no proof dependency	rule cntOccVS(vCons(A:Val, R:ValSeq), V:Val) => cntOccVS(R, V) requires notBool (A ==K V) // ==== split (no-arg: on whitespace runs, dropping empty tokens) + replace (single char) ========== // Concrete string ops for krun. A proof over a symbolic string intercepts the split problem-locally.
reference-semantics/semantics/methods.k	72	rule	priority	SUPPLIED_BASELINE_UNUSED	byte-identical launcher-selected semantics and unreachable from this program/claim; no proof dependency	rule <k> #applyK(toCall(boundMethodV(str(CS:IntSeq), "split")), .Vals) => #alloc(list(splitWS(CS, .IntSeq, .ValSeq))) ... </k> [priority(40)]
reference-semantics/semantics/methods.k	76	rule		SUPPLIED_BASELINE_UNUSED	byte-identical launcher-selected semantics and unreachable from this program/claim; no proof dependency	rule splitWS(.IntSeq, CUR:IntSeq, ACC:ValSeq) => flushTok(ACC, CUR)
reference-semantics/semantics/methods.k	77	rule		SUPPLIED_BASELINE_UNUSED	byte-identical launcher-selected semantics and unreachable from this program/claim; no proof dependency	rule splitWS(iCons(C:Int, R:IntSeq), CUR:IntSeq, ACC:ValSeq) => splitWS(R, .IntSeq, flushTok(ACC, CUR))
reference-semantics/semantics/methods.k	79	rule		SUPPLIED_BASELINE_UNUSED	byte-identical launcher-selected semantics and unreachable from this program/claim; no proof dependency	rule splitWS(iCons(C:Int, R:IntSeq), CUR:IntSeq, ACC:ValSeq) => splitWS(R, seqConcat(CUR, iCons(C, .IntSeq)), ACC)
reference-semantics/semantics/methods.k	83	rule		SUPPLIED_BASELINE_UNUSED	byte-identical launcher-selected semantics and unreachable from this program/claim; no proof dependency	rule flushTok(ACC:ValSeq, .IntSeq) => ACC
reference-semantics/semantics/methods.k	84	rule		SUPPLIED_BASELINE_UNUSED	byte-identical launcher-selected semantics and unreachable from this program/claim; no proof dependency	rule flushTok(ACC:ValSeq, iCons(C:Int, T:IntSeq)) => valSeqConcat(ACC, vCons(str(iCons(C, T)), .ValSeq))
reference-semantics/semantics/methods.k	86	rule		SUPPLIED_BASELINE_UNUSED	byte-identical launcher-selected semantics and unreachable from this program/claim; no proof dependency	rule isWSC(C:Int) => C ==Int 32 orBool C ==Int 9 orBool C ==Int 10 orBool C ==Int 13 // split(sep='x') keyword form delegates to the positional k-cell rule
reference-semantics/semantics/methods.k	89	rule	priority	SUPPLIED_BASELINE_UNUSED	byte-identical launcher-selected semantics and unreachable from this program/claim; no proof dependency	rule <k> #applyK(toCall(boundMethodV(str(CS:IntSeq), "split")), (kwV("sep", str(S:IntSeq)), .Vals)) => #applyK(toCall(boundMethodV(str(CS), "split")), (str(S), .Vals)) ... </k> [priority(39)] // str.split(sep) — single-char separator, KEEPING empty parts (Python's sep-split; len == #sep + 1).
reference-semantics/semantics/methods.k	94	rule	priority	SUPPLIED_BASELINE_UNUSED	byte-identical launcher-selected semantics and unreachable from this program/claim; no proof dependency	rule <k> #applyK(toCall(boundMethodV(str(CS:IntSeq), "split")), (str(iCons(SEP:Int, .IntSeq)), .Vals)) => #alloc(list(splitSep(CS, SEP, .IntSeq))) ... </k> [priority(40)]
reference-semantics/semantics/methods.k	98	rule		SUPPLIED_BASELINE_UNUSED	byte-identical launcher-selected semantics and unreachable from this program/claim; no proof dependency	rule splitSep(.IntSeq, _SEP:Int, CUR:IntSeq) => vCons(str(CUR), .ValSeq)
reference-semantics/semantics/methods.k	99	rule		SUPPLIED_BASELINE_UNUSED	byte-identical launcher-selected semantics and unreachable from this program/claim; no proof dependency	rule splitSep(iCons(C:Int, R:IntSeq), SEP:Int, CUR:IntSeq) => vCons(str(CUR), splitSep(R, SEP, .IntSeq))
reference-semantics/semantics/methods.k	101	rule		SUPPLIED_BASELINE_UNUSED	byte-identical launcher-selected semantics and unreachable from this program/claim; no proof dependency	rule splitSep(iCons(C:Int, R:IntSeq), SEP:Int, CUR:IntSeq) => splitSep(R, SEP, seqConcat(CUR, iCons(C, .IntSeq)))
reference-semantics/semantics/methods.k	104	rule		SUPPLIED_BASELINE_UNUSED	byte-identical launcher-selected semantics and unreachable from this program/claim; no proof dependency	rule applyMethod(str(CS:IntSeq), "replace", str(iCons(A:Int, .IntSeq)), str(iCons(B:Int, .IntSeq)), .Vals) => str(replaceC(CS, A, B))
reference-semantics/semantics/methods.k	107	rule		SUPPLIED_BASELINE_UNUSED	byte-identical launcher-selected semantics and unreachable from this program/claim; no proof dependency	rule replaceC(.IntSeq, _:Int, _:Int) => .IntSeq
reference-semantics/semantics/methods.k	108	rule		SUPPLIED_BASELINE_UNUSED	byte-identical launcher-selected semantics and unreachable from this program/claim; no proof dependency	rule replaceC(iCons(C:Int, R:IntSeq), A:Int, B:Int) => iCons(B, replaceC(R, A, B)) requires C ==Int A
reference-semantics/semantics/methods.k	109	rule		SUPPLIED_BASELINE_UNUSED	byte-identical launcher-selected semantics and unreachable from this program/claim; no proof dependency	rule replaceC(iCons(C:Int, R:IntSeq), A:Int, B:Int) => iCons(C, replaceC(R, A, B)) requires notBool (C ==Int A) // ==== char helpers =========================================================
reference-semantics/semantics/methods.k	113	rule		SUPPLIED_BASELINE_UNUSED	byte-identical launcher-selected semantics and unreachable from this program/claim; no proof dependency	rule isUpperC(C:Int) => C >=Int 65 andBool C <=Int 90
reference-semantics/semantics/methods.k	116	rule		SUPPLIED_BASELINE_UNUSED	byte-identical launcher-selected semantics and unreachable from this program/claim; no proof dependency	rule isLowerC(C:Int) => C >=Int 97 andBool C <=Int 122
reference-semantics/semantics/methods.k	119	rule		SUPPLIED_BASELINE_UNUSED	byte-identical launcher-selected semantics and unreachable from this program/claim; no proof dependency	rule isAlphaC(C:Int) => isUpperC(C) orBool isLowerC(C)
reference-semantics/semantics/methods.k	122	rule		SUPPLIED_BASELINE_UNUSED	byte-identical launcher-selected semantics and unreachable from this program/claim; no proof dependency	rule isDigitC(C:Int) => C >=Int 48 andBool C <=Int 57
reference-semantics/semantics/methods.k	125	rule		SUPPLIED_BASELINE_UNUSED	byte-identical launcher-selected semantics and unreachable from this program/claim; no proof dependency	rule hasUpper(.IntSeq) => false
reference-semantics/semantics/methods.k	126	rule		SUPPLIED_BASELINE_UNUSED	byte-identical launcher-selected semantics and unreachable from this program/claim; no proof dependency	rule hasUpper(iCons(C:Int, S:IntSeq)) => isUpperC(C) orBool hasUpper(S)
reference-semantics/semantics/methods.k	129	rule		SUPPLIED_BASELINE_UNUSED	byte-identical launcher-selected semantics and unreachable from this program/claim; no proof dependency	rule hasLower(.IntSeq) => false
reference-semantics/semantics/methods.k	130	rule		SUPPLIED_BASELINE_UNUSED	byte-identical launcher-selected semantics and unreachable from this program/claim; no proof dependency	rule hasLower(iCons(C:Int, S:IntSeq)) => isLowerC(C) orBool hasLower(S)
reference-semantics/semantics/methods.k	133	rule		SUPPLIED_BASELINE_UNUSED	byte-identical launcher-selected semantics and unreachable from this program/claim; no proof dependency	rule allAlpha(.IntSeq) => true
reference-semantics/semantics/methods.k	134	rule		SUPPLIED_BASELINE_UNUSED	byte-identical launcher-selected semantics and unreachable from this program/claim; no proof dependency	rule allAlpha(iCons(C:Int, S:IntSeq)) => isAlphaC(C) andBool allAlpha(S)
reference-semantics/semantics/methods.k	137	rule		SUPPLIED_BASELINE_UNUSED	byte-identical launcher-selected semantics and unreachable from this program/claim; no proof dependency	rule allDigit(.IntSeq) => true
reference-semantics/semantics/methods.k	138	rule		SUPPLIED_BASELINE_UNUSED	byte-identical launcher-selected semantics and unreachable from this program/claim; no proof dependency	rule allDigit(iCons(C:Int, S:IntSeq)) => isDigitC(C) andBool allDigit(S)
reference-semantics/semantics/methods.k	142	rule		SUPPLIED_BASELINE_UNUSED	byte-identical launcher-selected semantics and unreachable from this program/claim; no proof dependency	rule lowerC(C:Int) => C +Int 32 requires isUpperC(C)
reference-semantics/semantics/methods.k	143	rule	owise	SUPPLIED_BASELINE_UNUSED	byte-identical launcher-selected semantics and unreachable from this program/claim; no proof dependency	rule lowerC(C:Int) => C [owise]
reference-semantics/semantics/methods.k	146	rule		SUPPLIED_BASELINE_UNUSED	byte-identical launcher-selected semantics and unreachable from this program/claim; no proof dependency	rule upperC(C:Int) => C -Int 32 requires isLowerC(C)
reference-semantics/semantics/methods.k	147	rule	owise	SUPPLIED_BASELINE_UNUSED	byte-identical launcher-selected semantics and unreachable from this program/claim; no proof dependency	rule upperC(C:Int) => C [owise]
reference-semantics/semantics/methods.k	150	rule		SUPPLIED_BASELINE_UNUSED	byte-identical launcher-selected semantics and unreachable from this program/claim; no proof dependency	rule swapC(C:Int) => C +Int 32 requires isUpperC(C)
reference-semantics/semantics/methods.k	151	rule		SUPPLIED_BASELINE_UNUSED	byte-identical launcher-selected semantics and unreachable from this program/claim; no proof dependency	rule swapC(C:Int) => C -Int 32 requires isLowerC(C)
reference-semantics/semantics/methods.k	152	rule	owise	SUPPLIED_BASELINE_UNUSED	byte-identical launcher-selected semantics and unreachable from this program/claim; no proof dependency	rule swapC(C:Int) => C [owise]
reference-semantics/semantics/methods.k	155	rule		SUPPLIED_BASELINE_UNUSED	byte-identical launcher-selected semantics and unreachable from this program/claim; no proof dependency	rule mapLower(.IntSeq) => .IntSeq
reference-semantics/semantics/methods.k	156	rule		SUPPLIED_BASELINE_UNUSED	byte-identical launcher-selected semantics and unreachable from this program/claim; no proof dependency	rule mapLower(iCons(C:Int, S:IntSeq)) => iCons(lowerC(C), mapLower(S))
reference-semantics/semantics/methods.k	159	rule		SUPPLIED_BASELINE_UNUSED	byte-identical launcher-selected semantics and unreachable from this program/claim; no proof dependency	rule mapUpper(.IntSeq) => .IntSeq
reference-semantics/semantics/methods.k	160	rule		SUPPLIED_BASELINE_UNUSED	byte-identical launcher-selected semantics and unreachable from this program/claim; no proof dependency	rule mapUpper(iCons(C:Int, S:IntSeq)) => iCons(upperC(C), mapUpper(S))
reference-semantics/semantics/methods.k	163	rule		SUPPLIED_BASELINE_UNUSED	byte-identical launcher-selected semantics and unreachable from this program/claim; no proof dependency	rule mapSwap(.IntSeq) => .IntSeq
reference-semantics/semantics/methods.k	164	rule		SUPPLIED_BASELINE_UNUSED	byte-identical launcher-selected semantics and unreachable from this program/claim; no proof dependency	rule mapSwap(iCons(C:Int, S:IntSeq)) => iCons(swapC(C), mapSwap(S))
reference-semantics/semantics/methods.k	167	rule		SUPPLIED_BASELINE_UNUSED	byte-identical launcher-selected semantics and unreachable from this program/claim; no proof dependency	rule startsWith(.IntSeq, _:IntSeq) => true
reference-semantics/semantics/methods.k	168	rule		SUPPLIED_BASELINE_UNUSED	byte-identical launcher-selected semantics and unreachable from this program/claim; no proof dependency	rule startsWith(iCons(_:Int, _:IntSeq), .IntSeq) => false
reference-semantics/semantics/methods.k	169	rule		SUPPLIED_BASELINE_UNUSED	byte-identical launcher-selected semantics and unreachable from this program/claim; no proof dependency	rule startsWith(iCons(A:Int, As:IntSeq), iCons(B:Int, Bs:IntSeq)) => A ==Int B andBool startsWith(As, Bs)
reference-semantics/semantics/operators.k	10	rule		SUPPLIED_BASELINE_TARGET_PATH	byte-identical launcher-selected semantics; used-rule mapping and trust primitives reviewed in REVIEW.md; no candidate modification	rule <k> UnaryOp(OP:String, V:Val) => applyUn(OP, V) ... </k>
reference-semantics/semantics/operators.k	12	rule		SUPPLIED_BASELINE_TARGET_PATH	byte-identical launcher-selected semantics; used-rule mapping and trust primitives reviewed in REVIEW.md; no candidate modification	rule <k> BinOp(OP:String, L:Val, R:Val) => applyBin(OP, L, R) ... </k> // Compare's right operand sits under the CmpOp wrapper — contexts instead of attributes
reference-semantics/semantics/operators.k	17	rule	owise	SUPPLIED_BASELINE_TARGET_PATH	byte-identical launcher-selected semantics; used-rule mapping and trust primitives reviewed in REVIEW.md; no candidate modification	rule <k> Compare(LV:Val, CmpOp(OP:String, RV:Val)) => applyCmp(OP, LV, RV) ... </k> [owise]
reference-semantics/semantics/operators.k	19	rule		SUPPLIED_BASELINE_TARGET_PATH	byte-identical launcher-selected semantics; used-rule mapping and trust primitives reviewed in REVIEW.md; no candidate modification	rule applyCmp("is", V:Val, noneV) => V ==K noneV
reference-semantics/semantics/operators.k	20	rule		SUPPLIED_BASELINE_TARGET_PATH	byte-identical launcher-selected semantics; used-rule mapping and trust primitives reviewed in REVIEW.md; no candidate modification	rule applyCmp("is not", V:Val, noneV) => notBool (V ==K noneV) // ==== operand deref: heap objects combine/compare by STRUCTURE ============ // (Python: list == is structural; identity only via `is`.) priority(40) // preempts the generic dispatch so applyUn/applyBin/applyCmp never see a ref.
reference-semantics/semantics/operators.k	25	rule	priority	SUPPLIED_BASELINE_TARGET_PATH	byte-identical launcher-selected semantics; used-rule mapping and trust primitives reviewed in REVIEW.md; no candidate modification	rule <k> BinOp(OP:String, ref(H:Int), R:Expr) => BinOp(OP, V, R) ... </k> <heap> ... H |-> V:Val ... </heap> [priority(40)]
reference-semantics/semantics/operators.k	28	rule		SUPPLIED_BASELINE_TARGET_PATH	byte-identical launcher-selected semantics; used-rule mapping and trust primitives reviewed in REVIEW.md; no candidate modification	rule <k> BinOp(OP:String, L:Val, ref(H:Int)) => BinOp(OP, L, V) ... </k> <heap> ... H |-> V:Val ... </heap>
reference-semantics/semantics/operators.k	34	rule		SUPPLIED_BASELINE_TARGET_PATH	byte-identical launcher-selected semantics; used-rule mapping and trust primitives reviewed in REVIEW.md; no candidate modification	rule <k> Compare(ref(H:Int), CmpOp(OP:String, R:Expr)) => Compare(V, CmpOp(OP, R)) ... </k> <heap> ... H |-> V:Val ... </heap>
reference-semantics/semantics/operators.k	38	rule		SUPPLIED_BASELINE_TARGET_PATH	byte-identical launcher-selected semantics; used-rule mapping and trust primitives reviewed in REVIEW.md; no candidate modification	rule <k> Compare(L:Val, CmpOp(OP:String, ref(H:Int))) => Compare(L, CmpOp(OP, V)) ... </k> <heap> ... H |-> V:Val ... </heap>
reference-semantics/semantics/operators.k	44	rule	priority	SUPPLIED_BASELINE_TARGET_PATH	byte-identical launcher-selected semantics; used-rule mapping and trust primitives reviewed in REVIEW.md; no candidate modification	rule <k> UnaryOp(OP:String, ref(H:Int)) => UnaryOp(OP, V) ... </k> <heap> ... H |-> V:Val ... </heap> [priority(40)]
reference-semantics/semantics/range.k	10	rule		SUPPLIED_BASELINE_UNUSED	byte-identical launcher-selected semantics and unreachable from this program/claim; no proof dependency	rule inRange(I:Int, HI:Int, ST:Int) => (ST >Int 0 andBool I <Int HI) orBool (ST <Int 0 andBool I >Int HI)
reference-semantics/semantics/range.k	13	rule		SUPPLIED_BASELINE_UNUSED	byte-identical launcher-selected semantics and unreachable from this program/claim; no proof dependency	rule rangeLen(LO:Int, HI:Int, ST:Int) => (HI -Int LO +Int ST -Int 1) /Int ST
reference-semantics/semantics/range.k	15	rule		SUPPLIED_BASELINE_UNUSED	byte-identical launcher-selected semantics and unreachable from this program/claim; no proof dependency	rule rangeLen(LO:Int, HI:Int, ST:Int) => (LO -Int HI -Int ST -Int 1) /Int (0 -Int ST)
reference-semantics/semantics/range.k	17	rule		SUPPLIED_BASELINE_UNUSED	byte-identical launcher-selected semantics and unreachable from this program/claim; no proof dependency	rule rangeLen(LO:Int, HI:Int, ST:Int) => 0
reference-semantics/semantics/range.k	20	rule		SUPPLIED_BASELINE_UNUSED	byte-identical launcher-selected semantics and unreachable from this program/claim; no proof dependency	rule <k> #iterNext(rangeObj(I:Int, HI:Int, ST:Int)) => #iterYield(I, rangeObj(I +Int ST, HI, ST)) ... </k>
reference-semantics/semantics/range.k	23	rule		SUPPLIED_BASELINE_UNUSED	byte-identical launcher-selected semantics and unreachable from this program/claim; no proof dependency	rule <k> #iterNext(rangeObj(I:Int, HI:Int, ST:Int)) => #iterDone ... </k>
reference-semantics/semantics/set.k	12	rule		SUPPLIED_BASELINE_UNUSED	byte-identical launcher-selected semantics and unreachable from this program/claim; no proof dependency	rule codeIn(_:Int, .IntSeq) => false
reference-semantics/semantics/set.k	13	rule		SUPPLIED_BASELINE_UNUSED	byte-identical launcher-selected semantics and unreachable from this program/claim; no proof dependency	rule codeIn(C:Int, iCons(H:Int, T:IntSeq)) => C ==Int H orBool codeIn(C, T) // the distinct codes of CS (insert-if-absent fold, first-seen order)
reference-semantics/semantics/set.k	18	rule		SUPPLIED_BASELINE_UNUSED	byte-identical launcher-selected semantics and unreachable from this program/claim; no proof dependency	rule dedupCodes(CS:IntSeq) => dedupFrom(CS, .IntSeq)
reference-semantics/semantics/set.k	19	rule		SUPPLIED_BASELINE_UNUSED	byte-identical launcher-selected semantics and unreachable from this program/claim; no proof dependency	rule dedupFrom(.IntSeq, ACC:IntSeq) => ACC
reference-semantics/semantics/set.k	20	rule		SUPPLIED_BASELINE_UNUSED	byte-identical launcher-selected semantics and unreachable from this program/claim; no proof dependency	rule dedupFrom(iCons(C:Int, S:IntSeq), ACC:IntSeq) => dedupFrom(S, ACC)
reference-semantics/semantics/set.k	22	rule		SUPPLIED_BASELINE_UNUSED	byte-identical launcher-selected semantics and unreachable from this program/claim; no proof dependency	rule dedupFrom(iCons(C:Int, S:IntSeq), ACC:IntSeq) => dedupFrom(S, snocCode(ACC, C))
reference-semantics/semantics/set.k	26	rule		SUPPLIED_BASELINE_UNUSED	byte-identical launcher-selected semantics and unreachable from this program/claim; no proof dependency	rule snocCode(.IntSeq, C:Int) => iCons(C, .IntSeq)
reference-semantics/semantics/set.k	27	rule		SUPPLIED_BASELINE_UNUSED	byte-identical launcher-selected semantics and unreachable from this program/claim; no proof dependency	rule snocCode(iCons(H:Int, T:IntSeq), C:Int) => iCons(H, snocCode(T, C)) // ==== set equality: two sets are equal iff mutually subsuming ============== // subsetCodes(A, B) — every code of A occurs in B (duplicates in A are harmless).
reference-semantics/semantics/set.k	32	rule		SUPPLIED_BASELINE_UNUSED	byte-identical launcher-selected semantics and unreachable from this program/claim; no proof dependency	rule subsetCodes(.IntSeq, _:IntSeq) => true
reference-semantics/semantics/set.k	33	rule		SUPPLIED_BASELINE_UNUSED	byte-identical launcher-selected semantics and unreachable from this program/claim; no proof dependency	rule subsetCodes(iCons(C:Int, S:IntSeq), B:IntSeq) => codeIn(C, B) andBool subsetCodes(S, B)
reference-semantics/semantics/set.k	36	rule		SUPPLIED_BASELINE_UNUSED	byte-identical launcher-selected semantics and unreachable from this program/claim; no proof dependency	rule sameSet(A:IntSeq, B:IntSeq) => subsetCodes(A, B) andBool subsetCodes(B, A) // set == set (the only comparison sets support here)
reference-semantics/semantics/set.k	39	rule		SUPPLIED_BASELINE_UNUSED	byte-identical launcher-selected semantics and unreachable from this program/claim; no proof dependency	rule applyCmp("==", setV(A:IntSeq), setV(B:IntSeq)) => sameSet(A, B)
reference-semantics/semantics/sort.k	20	rule	concrete	SUPPLIED_BASELINE_UNUSED	byte-identical launcher-selected semantics and unreachable from this program/claim; no proof dependency	rule sortVS(.ValSeq) => .ValSeq [concrete]
reference-semantics/semantics/sort.k	21	rule	concrete	SUPPLIED_BASELINE_UNUSED	byte-identical launcher-selected semantics and unreachable from this program/claim; no proof dependency	rule sortVS(vCons(X:Int, R:ValSeq)) => insVS(X, sortVS(R)) [concrete]
reference-semantics/semantics/sort.k	22	rule	concrete	SUPPLIED_BASELINE_UNUSED	byte-identical launcher-selected semantics and unreachable from this program/claim; no proof dependency	rule insVS(X:Int, .ValSeq) => vCons(X, .ValSeq) [concrete]
reference-semantics/semantics/sort.k	23	rule	concrete	SUPPLIED_BASELINE_UNUSED	byte-identical launcher-selected semantics and unreachable from this program/claim; no proof dependency	rule insVS(X:Int, vCons(Y:Int, R:ValSeq)) => vCons(X, vCons(Y, R)) requires X <=Int Y [concrete]
reference-semantics/semantics/sort.k	24	rule	concrete	SUPPLIED_BASELINE_UNUSED	byte-identical launcher-selected semantics and unreachable from this program/claim; no proof dependency	rule insVS(X:Int, vCons(Y:Int, R:ValSeq)) => vCons(Y, insVS(X, R)) requires X >Int Y [concrete] // str elements insert by the shared lexicographic strLt (methods.k)
reference-semantics/semantics/sort.k	27	rule	concrete	SUPPLIED_BASELINE_UNUSED	byte-identical launcher-selected semantics and unreachable from this program/claim; no proof dependency	rule sortVS(vCons(str(CS:IntSeq), R:ValSeq)) => insVSs(CS, sortVS(R)) [concrete]
reference-semantics/semantics/sort.k	28	rule	concrete	SUPPLIED_BASELINE_UNUSED	byte-identical launcher-selected semantics and unreachable from this program/claim; no proof dependency	rule insVSs(A:IntSeq, .ValSeq) => vCons(str(A), .ValSeq) [concrete]
reference-semantics/semantics/sort.k	29	rule		SUPPLIED_BASELINE_UNUSED	byte-identical launcher-selected semantics and unreachable from this program/claim; no proof dependency	rule insVSs(A:IntSeq, vCons(str(B:IntSeq), R:ValSeq)) => vCons(str(A), vCons(str(B), R))
reference-semantics/semantics/sort.k	31	rule		SUPPLIED_BASELINE_UNUSED	byte-identical launcher-selected semantics and unreachable from this program/claim; no proof dependency	rule insVSs(A:IntSeq, vCons(str(B:IntSeq), R:ValSeq)) => vCons(str(B), insVSs(A, R))
reference-semantics/semantics/sort.k	36	rule		SUPPLIED_BASELINE_UNUSED	byte-identical launcher-selected semantics and unreachable from this program/claim; no proof dependency	rule <k> #applyK(toCall(builtinV("sorted")), (list(VS:ValSeq), .Vals)) => #alloc(list(sortVS(VS))) ... </k> // mutator: xs.sort() — the in-place heap write over the same trusted sortVS
reference-semantics/semantics/sort.k	40	rule	priority	SUPPLIED_BASELINE_UNUSED	byte-identical launcher-selected semantics and unreachable from this program/claim; no proof dependency	rule <k> #applyK(toCall(boundMethodV(ref(H:Int), "sort")), .Vals) => noneV ... </k> <heap> ... H |-> list(VS:ValSeq => sortVS(VS)) ... </heap> [priority(40)] // ==== keyed / reversed sorted() (WP2) ===================================== // sortKeyVS(VS, KV): the stable ascending sort of VS by the key
reference-semantics/semantics/sort.k	53	rule		SUPPLIED_BASELINE_UNUSED	byte-identical launcher-selected semantics and unreachable from this program/claim; no proof dependency	rule revVS(S:ValSeq) => revVSAcc(S, .ValSeq)
reference-semantics/semantics/sort.k	54	rule		SUPPLIED_BASELINE_UNUSED	byte-identical launcher-selected semantics and unreachable from this program/claim; no proof dependency	rule revVSAcc(.ValSeq, A:ValSeq) => A
reference-semantics/semantics/sort.k	55	rule		SUPPLIED_BASELINE_UNUSED	byte-identical launcher-selected semantics and unreachable from this program/claim; no proof dependency	rule revVSAcc(vCons(V:Val, R:ValSeq), A:ValSeq) => revVSAcc(R, vCons(V, A))
reference-semantics/semantics/sort.k	58	rule		SUPPLIED_BASELINE_UNUSED	byte-identical launcher-selected semantics and unreachable from this program/claim; no proof dependency	rule condRev(S:ValSeq, false) => S
reference-semantics/semantics/sort.k	59	rule		SUPPLIED_BASELINE_UNUSED	byte-identical launcher-selected semantics and unreachable from this program/claim; no proof dependency	rule condRev(S:ValSeq, true) => revVS(S)
reference-semantics/semantics/sort.k	61	rule		SUPPLIED_BASELINE_UNUSED	byte-identical launcher-selected semantics and unreachable from this program/claim; no proof dependency	rule <k> #applyK(toCall(builtinV("sorted")), (list(VS:ValSeq), kwV("key", KV:Val), .Vals)) => #alloc(list(sortKeyVS(VS, KV))) ... </k>
reference-semantics/semantics/sort.k	63	rule		SUPPLIED_BASELINE_UNUSED	byte-identical launcher-selected semantics and unreachable from this program/claim; no proof dependency	rule <k> #applyK(toCall(builtinV("sorted")), (list(VS:ValSeq), kwV("key", KV:Val), kwV("reverse", RB:Bool), .Vals)) => #alloc(list(condRev(sortKeyVS(VS, KV), RB))) ... </k>
reference-semantics/semantics/sort.k	65	rule		SUPPLIED_BASELINE_UNUSED	byte-identical launcher-selected semantics and unreachable from this program/claim; no proof dependency	rule <k> #applyK(toCall(builtinV("sorted")), (list(VS:ValSeq), kwV("reverse", RB:Bool), .Vals)) => #alloc(list(condRev(sortVS(VS), RB))) ... </k> // Indexing the opaque sorted list: `valSeqAt(sortVS(VS), I)` is DEFINED because valSeqAt is // [total] (subscript.k) — it stays an abstract total value f
reference-semantics/semantics/str.k	8	rule		SUPPLIED_BASELINE_UNUSED	byte-identical launcher-selected semantics and unreachable from this program/claim; no proof dependency	rule <k> #iterNext(str(.IntSeq)) => #iterDone ... </k>
reference-semantics/semantics/str.k	9	rule		SUPPLIED_BASELINE_UNUSED	byte-identical launcher-selected semantics and unreachable from this program/claim; no proof dependency	rule <k> #iterNext(str(iCons(C:Int, R:IntSeq))) => #iterYield(str(iCons(C, .IntSeq)), str(R)) ... </k> // ==== str literal (ASCII-only) ============================================
reference-semantics/semantics/str.k	14	rule		SUPPLIED_BASELINE_UNUSED	byte-identical launcher-selected semantics and unreachable from this program/claim; no proof dependency	rule <k> Str(S:String) => str(strToCodes(S)) ... </k>
reference-semantics/semantics/str.k	15	rule		SUPPLIED_BASELINE_UNUSED	byte-identical launcher-selected semantics and unreachable from this program/claim; no proof dependency	rule strToCodes("") => .IntSeq
reference-semantics/semantics/str.k	16	rule		SUPPLIED_BASELINE_UNUSED	byte-identical launcher-selected semantics and unreachable from this program/claim; no proof dependency	rule strToCodes(S:String) => iCons(ordChar(substrString(S, 0, 1)), strToCodes(substrString(S, 1, lengthString(S))))
reference-semantics/semantics/str.k	21	rule		SUPPLIED_BASELINE_UNUSED	byte-identical launcher-selected semantics and unreachable from this program/claim; no proof dependency	rule seqConcat(.IntSeq, T:IntSeq) => T
reference-semantics/semantics/str.k	22	rule		SUPPLIED_BASELINE_UNUSED	byte-identical launcher-selected semantics and unreachable from this program/claim; no proof dependency	rule seqConcat(iCons(I:Int, S:IntSeq), T:IntSeq) => iCons(I, seqConcat(S, T))
reference-semantics/semantics/str.k	24	rule		SUPPLIED_BASELINE_UNUSED	byte-identical launcher-selected semantics and unreachable from this program/claim; no proof dependency	rule applyBin("+", str(A:IntSeq), str(B:IntSeq)) => str(seqConcat(A, B))
reference-semantics/semantics/str.k	25	rule		SUPPLIED_BASELINE_UNUSED	byte-identical launcher-selected semantics and unreachable from this program/claim; no proof dependency	rule applyCmp("==", str(A:IntSeq), str(B:IntSeq)) => A ==K B
reference-semantics/semantics/str.k	26	rule		SUPPLIED_BASELINE_UNUSED	byte-identical launcher-selected semantics and unreachable from this program/claim; no proof dependency	rule applyCmp("!=", str(A:IntSeq), str(B:IntSeq)) => notBool (A ==K B) // substring membership: `P in X` iff the code-seq P occurs contiguously in X
reference-semantics/semantics/str.k	29	rule		SUPPLIED_BASELINE_UNUSED	byte-identical launcher-selected semantics and unreachable from this program/claim; no proof dependency	rule applyCmp("in", str(P:IntSeq), str(X:IntSeq)) => strContains(P, X)
reference-semantics/semantics/str.k	30	rule		SUPPLIED_BASELINE_UNUSED	byte-identical launcher-selected semantics and unreachable from this program/claim; no proof dependency	rule applyCmp("not in", str(P:IntSeq), str(X:IntSeq)) => notBool strContains(P, X)
reference-semantics/semantics/str.k	33	rule		SUPPLIED_BASELINE_UNUSED	byte-identical launcher-selected semantics and unreachable from this program/claim; no proof dependency	rule strPrefix(.IntSeq, _:IntSeq) => true
reference-semantics/semantics/str.k	34	rule		SUPPLIED_BASELINE_UNUSED	byte-identical launcher-selected semantics and unreachable from this program/claim; no proof dependency	rule strPrefix(iCons(_:Int, _:IntSeq), .IntSeq) => false
reference-semantics/semantics/str.k	35	rule		SUPPLIED_BASELINE_UNUSED	byte-identical launcher-selected semantics and unreachable from this program/claim; no proof dependency	rule strPrefix(iCons(A:Int, As:IntSeq), iCons(B:Int, Bs:IntSeq)) => A ==Int B andBool strPrefix(As, Bs)
reference-semantics/semantics/str.k	38	rule		SUPPLIED_BASELINE_UNUSED	byte-identical launcher-selected semantics and unreachable from this program/claim; no proof dependency	rule strContains(P:IntSeq, X:IntSeq) => true requires strPrefix(P, X)
reference-semantics/semantics/str.k	39	rule		SUPPLIED_BASELINE_UNUSED	byte-identical launcher-selected semantics and unreachable from this program/claim; no proof dependency	rule strContains(P:IntSeq, .IntSeq) => false requires notBool strPrefix(P, .IntSeq)
reference-semantics/semantics/str.k	40	rule		SUPPLIED_BASELINE_UNUSED	byte-identical launcher-selected semantics and unreachable from this program/claim; no proof dependency	rule strContains(P:IntSeq, iCons(C:Int, Xs:IntSeq)) => strContains(P, Xs)
reference-semantics/semantics/str.k	49	rule		SUPPLIED_BASELINE_UNUSED	byte-identical launcher-selected semantics and unreachable from this program/claim; no proof dependency	rule strLt(.IntSeq, .IntSeq) => false
reference-semantics/semantics/str.k	50	rule		SUPPLIED_BASELINE_UNUSED	byte-identical launcher-selected semantics and unreachable from this program/claim; no proof dependency	rule strLt(.IntSeq, iCons(_:Int, _:IntSeq)) => true
reference-semantics/semantics/str.k	51	rule		SUPPLIED_BASELINE_UNUSED	byte-identical launcher-selected semantics and unreachable from this program/claim; no proof dependency	rule strLt(iCons(_:Int, _:IntSeq), .IntSeq) => false
reference-semantics/semantics/str.k	52	rule		SUPPLIED_BASELINE_UNUSED	byte-identical launcher-selected semantics and unreachable from this program/claim; no proof dependency	rule strLt(iCons(A:Int, As:IntSeq), iCons(B:Int, Bs:IntSeq)) => true requires A <Int B
reference-semantics/semantics/str.k	53	rule		SUPPLIED_BASELINE_UNUSED	byte-identical launcher-selected semantics and unreachable from this program/claim; no proof dependency	rule strLt(iCons(A:Int, As:IntSeq), iCons(B:Int, Bs:IntSeq)) => false requires A >Int B
reference-semantics/semantics/str.k	54	rule		SUPPLIED_BASELINE_UNUSED	byte-identical launcher-selected semantics and unreachable from this program/claim; no proof dependency	rule strLt(iCons(A:Int, As:IntSeq), iCons(B:Int, Bs:IntSeq)) => strLt(As, Bs) requires A ==Int B
reference-semantics/semantics/str.k	56	rule		SUPPLIED_BASELINE_UNUSED	byte-identical launcher-selected semantics and unreachable from this program/claim; no proof dependency	rule applyCmp("<", str(A:IntSeq), str(B:IntSeq)) => strLt(A, B)
reference-semantics/semantics/str.k	57	rule		SUPPLIED_BASELINE_UNUSED	byte-identical launcher-selected semantics and unreachable from this program/claim; no proof dependency	rule applyCmp(">", str(A:IntSeq), str(B:IntSeq)) => strLt(B, A)
reference-semantics/semantics/str.k	58	rule		SUPPLIED_BASELINE_UNUSED	byte-identical launcher-selected semantics and unreachable from this program/claim; no proof dependency	rule applyCmp("<=", str(A:IntSeq), str(B:IntSeq)) => notBool strLt(B, A)
reference-semantics/semantics/str.k	59	rule		SUPPLIED_BASELINE_UNUSED	byte-identical launcher-selected semantics and unreachable from this program/claim; no proof dependency	rule applyCmp(">=", str(A:IntSeq), str(B:IntSeq)) => notBool strLt(A, B)
reference-semantics/semantics/subscript.k	12	rule		SUPPLIED_BASELINE_UNUSED	byte-identical launcher-selected semantics and unreachable from this program/claim; no proof dependency	rule valSeqAt(vCons(V:Val, _:ValSeq), 0) => V
reference-semantics/semantics/subscript.k	13	rule		SUPPLIED_BASELINE_UNUSED	byte-identical launcher-selected semantics and unreachable from this program/claim; no proof dependency	rule valSeqAt(vCons(_:Val, S:ValSeq), I:Int) => valSeqAt(S, I -Int 1)
reference-semantics/semantics/subscript.k	17	rule		SUPPLIED_BASELINE_UNUSED	byte-identical launcher-selected semantics and unreachable from this program/claim; no proof dependency	rule intSeqAt(iCons(C:Int, _:IntSeq), 0) => C
reference-semantics/semantics/subscript.k	18	rule		SUPPLIED_BASELINE_UNUSED	byte-identical launcher-selected semantics and unreachable from this program/claim; no proof dependency	rule intSeqAt(iCons(_:Int, S:IntSeq), I:Int) => intSeqAt(S, I -Int 1)
reference-semantics/semantics/subscript.k	22	rule		SUPPLIED_BASELINE_UNUSED	byte-identical launcher-selected semantics and unreachable from this program/claim; no proof dependency	rule normIdx(I:Int, LEN:Int) => I +Int LEN requires I <Int 0
reference-semantics/semantics/subscript.k	23	rule		SUPPLIED_BASELINE_UNUSED	byte-identical launcher-selected semantics and unreachable from this program/claim; no proof dependency	rule normIdx(I:Int, _:Int) => I requires I >=Int 0 // ==== Subscript: indexing obj[i] (list / tuple / str) ===================== // contexts (not strict attrs): the Index slot's Slice alternative must never heat
reference-semantics/semantics/subscript.k	31	rule	priority	SUPPLIED_BASELINE_UNUSED	byte-identical launcher-selected semantics and unreachable from this program/claim; no proof dependency	rule <k> Subscript(ref(H:Int), IX:Index) => Subscript(V, IX) ... </k> <heap> ... H |-> V:Val ... </heap> [priority(40)]
reference-semantics/semantics/subscript.k	35	rule		SUPPLIED_BASELINE_UNUSED	byte-identical launcher-selected semantics and unreachable from this program/claim; no proof dependency	rule <k> Subscript(OBJ:Val, I:Int) => applyIndex(OBJ, I) ... </k>
reference-semantics/semantics/subscript.k	38	rule		SUPPLIED_BASELINE_UNUSED	byte-identical launcher-selected semantics and unreachable from this program/claim; no proof dependency	rule applyIndex(list(VS:ValSeq), I:Int) => valSeqAt(VS, normIdx(I, vsLen(VS)))
reference-semantics/semantics/subscript.k	39	rule		SUPPLIED_BASELINE_UNUSED	byte-identical launcher-selected semantics and unreachable from this program/claim; no proof dependency	rule applyIndex(tuple(VS:ValSeq), I:Int) => valSeqAt(VS, normIdx(I, vsLen(VS)))
reference-semantics/semantics/subscript.k	40	rule		SUPPLIED_BASELINE_UNUSED	byte-identical launcher-selected semantics and unreachable from this program/claim; no proof dependency	rule applyIndex(str(IS:IntSeq), I:Int) => str(iCons(intSeqAt(IS, normIdx(I, isLen(IS))), .IntSeq)) // ==== Slice: obj[lo:hi:step] (list / str) — CPython slice.indices ==========
reference-semantics/semantics/subscript.k	50	rule		SUPPLIED_BASELINE_UNUSED	byte-identical launcher-selected semantics and unreachable from this program/claim; no proof dependency	rule <k> #evalB(NoBound) => noB ... </k>
reference-semantics/semantics/subscript.k	51	rule		SUPPLIED_BASELINE_UNUSED	byte-identical launcher-selected semantics and unreachable from this program/claim; no proof dependency	rule <k> #evalB(E:Expr) => E ~> #toSome ... </k>
reference-semantics/semantics/subscript.k	52	rule		SUPPLIED_BASELINE_UNUSED	byte-identical launcher-selected semantics and unreachable from this program/claim; no proof dependency	rule <k> I:Int ~> #toSome => someB(I) ... </k>
reference-semantics/semantics/subscript.k	54	rule		SUPPLIED_BASELINE_UNUSED	byte-identical launcher-selected semantics and unreachable from this program/claim; no proof dependency	rule <k> Subscript(OBJ:Val, Slice(LO:Bound, HI:Bound, ST:Bound)) => #evalB(LO) ~> #slLo(OBJ, HI, ST) ... </k>
reference-semantics/semantics/subscript.k	55	rule		SUPPLIED_BASELINE_UNUSED	byte-identical launcher-selected semantics and unreachable from this program/claim; no proof dependency	rule <k> LO:OptInt ~> #slLo(OBJ:Val, HI:Bound, ST:Bound) => #evalB(HI) ~> #slHi(OBJ, LO, ST) ... </k>
reference-semantics/semantics/subscript.k	56	rule		SUPPLIED_BASELINE_UNUSED	byte-identical launcher-selected semantics and unreachable from this program/claim; no proof dependency	rule <k> HI:OptInt ~> #slHi(OBJ:Val, LO:OptInt, ST:Bound) => #evalB(ST) ~> #slStep(OBJ, LO, HI) ... </k> // a list slice constructs a NEW object; a str slice stays a value
reference-semantics/semantics/subscript.k	58	rule	priority	SUPPLIED_BASELINE_UNUSED	byte-identical launcher-selected semantics and unreachable from this program/claim; no proof dependency	rule <k> ST:OptInt ~> #slStep(list(VS:ValSeq), LO:OptInt, HI:OptInt) => #alloc(doSlice(list(VS), LO, HI, ST)) ... </k> [priority(45)]
reference-semantics/semantics/subscript.k	61	rule		SUPPLIED_BASELINE_UNUSED	byte-identical launcher-selected semantics and unreachable from this program/claim; no proof dependency	rule <k> ST:OptInt ~> #slStep(OBJ:Val, LO:OptInt, HI:OptInt) => doSlice(OBJ, LO, HI, ST) ... </k>
reference-semantics/semantics/subscript.k	64	rule		SUPPLIED_BASELINE_UNUSED	byte-identical launcher-selected semantics and unreachable from this program/claim; no proof dependency	rule doSlice(list(VS:ValSeq), LO:OptInt, HI:OptInt, ST:OptInt) => list(buildVS(VS, slStart(LO, ST, vsLen(VS)), slStop(HI, ST, vsLen(VS)), slStep(ST)))
reference-semantics/semantics/subscript.k	66	rule		SUPPLIED_BASELINE_UNUSED	byte-identical launcher-selected semantics and unreachable from this program/claim; no proof dependency	rule doSlice(tuple(VS:ValSeq), LO:OptInt, HI:OptInt, ST:OptInt) => tuple(buildVS(VS, slStart(LO, ST, vsLen(VS)), slStop(HI, ST, vsLen(VS)), slStep(ST)))
reference-semantics/semantics/subscript.k	68	rule		SUPPLIED_BASELINE_UNUSED	byte-identical launcher-selected semantics and unreachable from this program/claim; no proof dependency	rule doSlice(str(IS:IntSeq), LO:OptInt, HI:OptInt, ST:OptInt) => str(buildIS(IS, slStart(LO, ST, isLen(IS)), slStop(HI, ST, isLen(IS)), slStep(ST))) // ==== slice.indices: step / start / stop / clamp ==========================
reference-semantics/semantics/subscript.k	73	rule		SUPPLIED_BASELINE_UNUSED	byte-identical launcher-selected semantics and unreachable from this program/claim; no proof dependency	rule slStep(noB) => 1
reference-semantics/semantics/subscript.k	74	rule		SUPPLIED_BASELINE_UNUSED	byte-identical launcher-selected semantics and unreachable from this program/claim; no proof dependency	rule slStep(someB(S:Int)) => S
reference-semantics/semantics/subscript.k	77	rule		SUPPLIED_BASELINE_UNUSED	byte-identical launcher-selected semantics and unreachable from this program/claim; no proof dependency	rule slStart(noB, ST:OptInt, _LEN:Int) => 0
reference-semantics/semantics/subscript.k	79	rule		SUPPLIED_BASELINE_UNUSED	byte-identical launcher-selected semantics and unreachable from this program/claim; no proof dependency	rule slStart(noB, ST:OptInt, LEN:Int) => LEN -Int 1
reference-semantics/semantics/subscript.k	81	rule		SUPPLIED_BASELINE_UNUSED	byte-identical launcher-selected semantics and unreachable from this program/claim; no proof dependency	rule slStart(someB(I:Int), ST:OptInt, LEN:Int) => slAdjust(I, LEN, slStep(ST))
reference-semantics/semantics/subscript.k	84	rule		SUPPLIED_BASELINE_UNUSED	byte-identical launcher-selected semantics and unreachable from this program/claim; no proof dependency	rule slStop(noB, ST:OptInt, LEN:Int) => LEN
reference-semantics/semantics/subscript.k	86	rule		SUPPLIED_BASELINE_UNUSED	byte-identical launcher-selected semantics and unreachable from this program/claim; no proof dependency	rule slStop(noB, ST:OptInt, _LEN:Int) => -1
reference-semantics/semantics/subscript.k	88	rule		SUPPLIED_BASELINE_UNUSED	byte-identical launcher-selected semantics and unreachable from this program/claim; no proof dependency	rule slStop(someB(I:Int), ST:OptInt, LEN:Int) => slAdjust(I, LEN, slStep(ST))
reference-semantics/semantics/subscript.k	91	rule		SUPPLIED_BASELINE_UNUSED	byte-identical launcher-selected semantics and unreachable from this program/claim; no proof dependency	rule slAdjust(I:Int, LEN:Int, STEP:Int) => clampLo(I +Int LEN, STEP)
reference-semantics/semantics/subscript.k	93	rule		SUPPLIED_BASELINE_UNUSED	byte-identical launcher-selected semantics and unreachable from this program/claim; no proof dependency	rule slAdjust(I:Int, LEN:Int, STEP:Int) => clampHi(I, LEN, STEP)
reference-semantics/semantics/subscript.k	97	rule		SUPPLIED_BASELINE_UNUSED	byte-identical launcher-selected semantics and unreachable from this program/claim; no proof dependency	rule clampLo(J:Int, _STEP:Int) => J
reference-semantics/semantics/subscript.k	99	rule		SUPPLIED_BASELINE_UNUSED	byte-identical launcher-selected semantics and unreachable from this program/claim; no proof dependency	rule clampLo(J:Int, STEP:Int) => #if STEP <Int 0 #then -1 #else 0 #fi
reference-semantics/semantics/subscript.k	103	rule		SUPPLIED_BASELINE_UNUSED	byte-identical launcher-selected semantics and unreachable from this program/claim; no proof dependency	rule clampHi(I:Int, LEN:Int, _STEP:Int) => I
reference-semantics/semantics/subscript.k	105	rule		SUPPLIED_BASELINE_UNUSED	byte-identical launcher-selected semantics and unreachable from this program/claim; no proof dependency	rule clampHi(I:Int, LEN:Int, STEP:Int) => #if STEP <Int 0 #then LEN -Int 1 #else LEN #fi
reference-semantics/semantics/subscript.k	110	rule		SUPPLIED_BASELINE_UNUSED	byte-identical launcher-selected semantics and unreachable from this program/claim; no proof dependency	rule buildVS(VS:ValSeq, I:Int, STOP:Int, STEP:Int) => vCons(valSeqAt(VS, I), buildVS(VS, I +Int STEP, STOP, STEP))
reference-semantics/semantics/subscript.k	113	rule		SUPPLIED_BASELINE_UNUSED	byte-identical launcher-selected semantics and unreachable from this program/claim; no proof dependency	rule buildVS(_:ValSeq, I:Int, STOP:Int, STEP:Int) => .ValSeq
reference-semantics/semantics/subscript.k	117	rule		SUPPLIED_BASELINE_UNUSED	byte-identical launcher-selected semantics and unreachable from this program/claim; no proof dependency	rule buildIS(IS:IntSeq, I:Int, STOP:Int, STEP:Int) => iCons(intSeqAt(IS, I), buildIS(IS, I +Int STEP, STOP, STEP))
reference-semantics/semantics/subscript.k	120	rule		SUPPLIED_BASELINE_UNUSED	byte-identical launcher-selected semantics and unreachable from this program/claim; no proof dependency	rule buildIS(_:IntSeq, I:Int, STOP:Int, STEP:Int) => .IntSeq
reference-semantics/semantics/tuple.k	10	rule		SUPPLIED_BASELINE_UNUSED	byte-identical launcher-selected semantics and unreachable from this program/claim; no proof dependency	rule <k> #iterNext(tuple(.ValSeq)) => #iterDone ... </k>
reference-semantics/semantics/tuple.k	11	rule		SUPPLIED_BASELINE_UNUSED	byte-identical launcher-selected semantics and unreachable from this program/claim; no proof dependency	rule <k> #iterNext(tuple(vCons(V:Val, R:ValSeq))) => #iterYield(V, tuple(R)) ... </k> // ==== TupleExpr: tuple(ValSeq) literal + == != ===========================
reference-semantics/semantics/tuple.k	15	rule		SUPPLIED_BASELINE_UNUSED	byte-identical launcher-selected semantics and unreachable from this program/claim; no proof dependency	rule <k> TupleExpr(ES:Exprs) => #evalArgs(ES, .Vals, toTuple) ... </k>
reference-semantics/semantics/tuple.k	16	rule		SUPPLIED_BASELINE_UNUSED	byte-identical launcher-selected semantics and unreachable from this program/claim; no proof dependency	rule <k> #applyK(toTuple, ACC:Vals) => tuple(vals2valSeq(ACC)) ... </k>
reference-semantics/semantics/tuple.k	18	rule		SUPPLIED_BASELINE_UNUSED	byte-identical launcher-selected semantics and unreachable from this program/claim; no proof dependency	rule applyCmp("==", tuple(A:ValSeq), tuple(B:ValSeq)) => A ==K B // membership routes through the same k-cell fold as lists (list.k)
reference-semantics/semantics/tuple.k	20	rule		SUPPLIED_BASELINE_UNUSED	byte-identical launcher-selected semantics and unreachable from this program/claim; no proof dependency	rule <k> Compare(LV:Val, CmpOp("in", tuple(VS:ValSeq))) => #memberAcc(LV, tuple(VS)) ... </k>
reference-semantics/semantics/tuple.k	21	rule		SUPPLIED_BASELINE_UNUSED	byte-identical launcher-selected semantics and unreachable from this program/claim; no proof dependency	rule <k> Compare(LV:Val, CmpOp("not in", tuple(VS:ValSeq))) => #memberAcc(LV, tuple(VS)) ~> #notB ... </k> // t.index(v): first index of v (ValueError out of subset)
reference-semantics/semantics/tuple.k	23	rule		SUPPLIED_BASELINE_UNUSED	byte-identical launcher-selected semantics and unreachable from this program/claim; no proof dependency	rule applyMethod(tuple(VS:ValSeq), "index", V:Val, .Vals) => idxOfVS(VS, V, 0)
reference-semantics/semantics/tuple.k	25	rule		SUPPLIED_BASELINE_UNUSED	byte-identical launcher-selected semantics and unreachable from this program/claim; no proof dependency	rule idxOfVS(vCons(A:Val, _:ValSeq), V:Val, I:Int) => I requires A ==K V
reference-semantics/semantics/tuple.k	26	rule		SUPPLIED_BASELINE_UNUSED	byte-identical launcher-selected semantics and unreachable from this program/claim; no proof dependency	rule idxOfVS(vCons(A:Val, R:ValSeq), V:Val, I:Int) => idxOfVS(R, V, I +Int 1)
reference-semantics/semantics/tuple.k	28	rule		SUPPLIED_BASELINE_UNUSED	byte-identical launcher-selected semantics and unreachable from this program/claim; no proof dependency	rule applyCmp("!=", tuple(A:ValSeq), tuple(B:ValSeq)) => notBool (A ==K B) // ==== target binding: bind a Name or a TupleExpr target to a value ========
reference-semantics/semantics/tuple.k	32	rule		SUPPLIED_BASELINE_UNUSED	byte-identical launcher-selected semantics and unreachable from this program/claim; no proof dependency	rule <k> #bindTgt(Name(X:String), V:Val) => .K ... </k> <env> L:Int </env> <scopes> ... L |-> scope(M:Map => M [ X <- V ], _) ... </scopes>
reference-semantics/semantics/tuple.k	35	rule		SUPPLIED_BASELINE_UNUSED	byte-identical launcher-selected semantics and unreachable from this program/claim; no proof dependency	rule <k> #bindTgt(Name(X:String), V:Val) => #cellW({M[X]}:>Val, V) ... </k> <env> L:Int </env> <scopes> ... L |-> scope(M:Map, _) ... </scopes>
reference-semantics/semantics/tuple.k	42	rule		SUPPLIED_BASELINE_UNUSED	byte-identical launcher-selected semantics and unreachable from this program/claim; no proof dependency	rule <k> #bindTgt(TupleExpr(TS:Exprs), tuple(VS:ValSeq)) => #unpackSeq(TS, VS) ... </k>
reference-semantics/semantics/tuple.k	43	rule		SUPPLIED_BASELINE_UNUSED	byte-identical launcher-selected semantics and unreachable from this program/claim; no proof dependency	rule <k> #bindTgt(TupleExpr(TS:Exprs), list(VS:ValSeq)) => #unpackSeq(TS, VS) ... </k>
reference-semantics/semantics/tuple.k	44	rule	priority	SUPPLIED_BASELINE_UNUSED	byte-identical launcher-selected semantics and unreachable from this program/claim; no proof dependency	rule <k> #bindTgt(TupleExpr(TS:Exprs), ref(H:Int)) => #bindTgt(TupleExpr(TS), V) ... </k> <heap> ... H |-> V:Val ... </heap> [priority(40)] // ==== unpacking: a, b = <tuple|list> (RHS evaluated by strictness) ========
reference-semantics/semantics/tuple.k	50	rule		SUPPLIED_BASELINE_UNUSED	byte-identical launcher-selected semantics and unreachable from this program/claim; no proof dependency	rule <k> Assign(TupleExpr(TS:Exprs), tuple(VS:ValSeq)) => #unpackSeq(TS, VS) ... </k>
reference-semantics/semantics/tuple.k	51	rule		SUPPLIED_BASELINE_UNUSED	byte-identical launcher-selected semantics and unreachable from this program/claim; no proof dependency	rule <k> Assign(TupleExpr(TS:Exprs), list(VS:ValSeq)) => #unpackSeq(TS, VS) ... </k>
reference-semantics/semantics/tuple.k	52	rule	priority	SUPPLIED_BASELINE_UNUSED	byte-identical launcher-selected semantics and unreachable from this program/claim; no proof dependency	rule <k> Assign(TupleExpr(TS:Exprs), ref(H:Int)) => Assign(TupleExpr(TS), V) ... </k> <heap> ... H |-> V:Val ... </heap> [priority(40)]
reference-semantics/semantics/tuple.k	55	rule		SUPPLIED_BASELINE_UNUSED	byte-identical launcher-selected semantics and unreachable from this program/claim; no proof dependency	rule <k> #unpackSeq((T:Expr, TS:Exprs), vCons(V:Val, VS:ValSeq)) => #bindTgt(T, V) ~> #unpackSeq(TS, VS) ... </k>
reference-semantics/semantics/tuple.k	57	rule		SUPPLIED_BASELINE_UNUSED	byte-identical launcher-selected semantics and unreachable from this program/claim; no proof dependency	rule <k> #unpackSeq(.Exprs, .ValSeq) => .K ... </k>
verification.k	10	rule		ACCEPT	truthful definitional name for exact submitted Module constructor term	rule madSolution => Module( ImportFrom("typing", "List") FuncDef("mean_absolute_deviation", Params("numbers"), Expr(Str("Return the mean absolute deviation of a non-empty list of numbers.")) Assign(Name("mean"), BinOp("/", Call(Name("sum"), Name("numbers")), Call(Name("len"), Name("numbers")))) Assi
verification.k	28	rule		ACCEPT	entry orchestration loads exact module then performs ordinary named call	rule <k> #runMad(V:Val) => #loadAll(madSolution) ~> Call(Name("mean_absolute_deviation"), V) ... </k> // Domain predicate used by the claim. Mean absolute deviation is defined // here for non-empty sequences of Float values.
verification.k	35	rule		ACCEPT	structural, terminating, disjoint/exhaustive predicate equation	rule allFloats(.ValSeq) => true
verification.k	36	rule		ACCEPT	structural, terminating, disjoint/exhaustive predicate equation	rule allFloats(vCons(_:Float, R:ValSeq)) => allFloats(R)
verification.k	37	rule	owise	ACCEPT	structural, terminating, disjoint/exhaustive predicate equation	rule allFloats(vCons(_:Val, _:ValSeq)) => false [owise]
verification.k	38	rule		ACCEPT	structural, terminating, disjoint/exhaustive predicate equation	rule nonEmptyFloats(.ValSeq) => false
verification.k	39	rule		ACCEPT	structural, terminating, disjoint/exhaustive predicate equation	rule nonEmptyFloats(vCons(_:Float, R:ValSeq)) => allFloats(R)
verification.k	40	rule	owise	ACCEPT	structural, terminating, disjoint/exhaustive predicate equation	rule nonEmptyFloats(vCons(_:Val, _:ValSeq)) => false [owise] // K's proof backend intentionally treats floating-point arithmetic as // opaque (see MPY-FLOAT). These two symbols are corresponding exact fold // summaries: the first is Python sum(numbers), and the second is the loop // accumulator afte
verification.k	53	rule		ACCEPT	structural, terminating fold equation using supplied float primitives	rule sumFloatSeq(.ValSeq) => intToF(0)
verification.k	54	rule		ACCEPT	structural, terminating fold equation using supplied float primitives	rule sumFloatSeq(vCons(F:Float, R:ValSeq)) => sumFloatTail(R, addF(intToF(0), F))
verification.k	56	rule		ACCEPT	structural, terminating fold equation using supplied float primitives	rule sumFloatTail(.ValSeq, ACC:Float) => ACC
verification.k	57	rule		ACCEPT	structural, terminating fold equation using supplied float primitives	rule sumFloatTail(vCons(F:Float, R:ValSeq), ACC:Float) => sumFloatTail(R, addF(ACC, F))
verification.k	60	rule		ACCEPT	structural, terminating fold equation using supplied float primitives	rule absDeviationFold(.ValSeq, _:Float, ACC:Float) => ACC
verification.k	61	rule		ACCEPT	structural, terminating fold equation using supplied float primitives	rule absDeviationFold(vCons(F:Float, R:ValSeq), MEAN:Float, ACC:Float) => absDeviationFold(R, MEAN, addF(ACC, absF(subF(F, MEAN))))
verification.k	64	rule		GAP	operational sum acceleration has no bridge-free candidate connection theorem; its equations mirror the fixed fold and no false witness was found	rule <k> #applyK(toCall(builtinV("sum")), (list(VS:ValSeq), .Vals)) => sumFloatSeq(VS) ... </k>
verification.k	70	rule		REJECT_UNSOUND	operational loop bridge omits for-target binding; machine witness proves a state excluded by fixed execution	rule <k> #loop(list(VS:ValSeq), Name("number"), AugAssign(Name("total_deviation"), "+", Call(Name("abs"), BinOp("-", Name("number"), Name("mean"))))) => .K ... </k> <env> L:Int </env> <scopes> ... L |-> scope(M:Map => M [ "total_deviation" <- absDeviationFold(VS, {M["mean"]}:>Float, {M["total_deviat
spec.k	9	claim		TARGET_CLAIM	result-constraining reachability claim; dynamic closure audited separately	claim <k> #runMad(list(VS:ValSeq)) => divFloatIntV( absDeviationFold( VS, divFloatIntV(sumFloatSeq(VS), vsLen(VS)), 0.0), vsLen(VS)) </k> <env> 0 </env> <scopes> 0 |-> scope(.Map => "mean_absolute_deviation" |-> closureVal("numbers", .ParamNames, Expr(Str("Return the mean absolute deviation of a non
# counts={'ACCEPT': 14, 'GAP': 1, 'REJECT_UNSOUND': 1, 'SUPPLIED_BASELINE_TARGET_PATH': 411, 'SUPPLIED_BASELINE_UNUSED': 284, 'TARGET_CLAIM': 1}
