id	file	line	kind	origin	flags	statement
1	reference-semantics/semantics/assert.k	3	module	SUPPLIED_FIXED_SEMANTICS	-	module MPY-ASSERT
2	reference-semantics/semantics/assert.k	4	imports	SUPPLIED_FIXED_SEMANTICS	-	imports MPY-CORE
3	reference-semantics/semantics/assert.k	6	rule	SUPPLIED_FIXED_SEMANTICS	ordinary-rule	rule <k> Assert(V:Val) => .K ... </k> requires truthy(V)
4	reference-semantics/semantics/assert.k	8	rule	SUPPLIED_FIXED_SEMANTICS	ordinary-rule	rule <k> Assert(V:Val) ~> _ => .K </k> <exc> NoExc => AssertionError </exc> <exit-code> _ => 1 </exit-code> requires notBool truthy(V)
5	reference-semantics/semantics/assert.k	13	rule	SUPPLIED_FIXED_SEMANTICS	priority,ordinary-rule	rule <k> Assert(ref(H:Int)) => Assert(V) ... </k> <heap> ... H |-> V:Val ... </heap> [priority(40)] endmodule
6	reference-semantics/semantics/bool.k	5	module	SUPPLIED_FIXED_SEMANTICS	-	module MPY-BOOL
7	reference-semantics/semantics/bool.k	6	imports	SUPPLIED_FIXED_SEMANTICS	-	imports MPY-CORE
8	reference-semantics/semantics/bool.k	8	rule	SUPPLIED_FIXED_SEMANTICS	ordinary-rule	rule applyUn("not", V:Val) => notBool truthy(V)
9	reference-semantics/semantics/bool.k	10	rule	SUPPLIED_FIXED_SEMANTICS	ordinary-rule	rule applyCmp("==", B1:Bool, B2:Bool) => B1 ==Bool B2
10	reference-semantics/semantics/bool.k	11	rule	SUPPLIED_FIXED_SEMANTICS	ordinary-rule	rule applyCmp("!=", B1:Bool, B2:Bool) => B1 =/=Bool B2
11	reference-semantics/semantics/bool.k	16	context	SUPPLIED_FIXED_SEMANTICS	-	context BoolOp(_, (HOLE:Expr, _:Exprs))
12	reference-semantics/semantics/bool.k	17	rule	SUPPLIED_FIXED_SEMANTICS	ordinary-rule	rule <k> BoolOp(_:String, (V:Val, .Exprs)) => V ... </k>
13	reference-semantics/semantics/bool.k	18	rule	SUPPLIED_FIXED_SEMANTICS	ordinary-rule	rule <k> BoolOp("and", (V:Val, A:Expr, REST:Exprs)) => BoolOp("and", (A, REST)) ... </k> requires truthy(V)
14	reference-semantics/semantics/bool.k	20	rule	SUPPLIED_FIXED_SEMANTICS	ordinary-rule	rule <k> BoolOp("and", (V:Val, _:Expr, _:Exprs)) => V ... </k> requires notBool truthy(V)
15	reference-semantics/semantics/bool.k	22	rule	SUPPLIED_FIXED_SEMANTICS	ordinary-rule	rule <k> BoolOp("or", (V:Val, _:Expr, _:Exprs)) => V ... </k> requires truthy(V)
16	reference-semantics/semantics/bool.k	24	rule	SUPPLIED_FIXED_SEMANTICS	ordinary-rule	rule <k> BoolOp("or", (V:Val, A:Expr, REST:Exprs)) => BoolOp("or", (A, REST)) ... </k> requires notBool truthy(V)
17	reference-semantics/semantics/bool.k	29	rule	SUPPLIED_FIXED_SEMANTICS	priority,ordinary-rule	rule <k> BoolOp(_:String, (ref(H:Int), .Exprs)) => ref(H) ... </k> [priority(40)]
18	reference-semantics/semantics/bool.k	31	rule	SUPPLIED_FIXED_SEMANTICS	priority,ordinary-rule	rule <k> BoolOp("and", (ref(H:Int), A:Expr, REST:Exprs)) => BoolOp("and", (A, REST)) ... </k> <heap> ... H |-> V:Val ... </heap> requires truthy(V) [priority(40)]
19	reference-semantics/semantics/bool.k	35	rule	SUPPLIED_FIXED_SEMANTICS	priority,ordinary-rule	rule <k> BoolOp("and", (ref(H:Int), _:Expr, _:Exprs)) => ref(H) ... </k> <heap> ... H |-> V:Val ... </heap> requires notBool truthy(V) [priority(40)]
20	reference-semantics/semantics/bool.k	39	rule	SUPPLIED_FIXED_SEMANTICS	priority,ordinary-rule	rule <k> BoolOp("or", (ref(H:Int), _:Expr, _:Exprs)) => ref(H) ... </k> <heap> ... H |-> V:Val ... </heap> requires truthy(V) [priority(40)]
21	reference-semantics/semantics/bool.k	43	rule	SUPPLIED_FIXED_SEMANTICS	priority,ordinary-rule	rule <k> BoolOp("or", (ref(H:Int), A:Expr, REST:Exprs)) => BoolOp("or", (A, REST)) ... </k> <heap> ... H |-> V:Val ... </heap> requires notBool truthy(V) [priority(40)] endmodule
22	reference-semantics/semantics/builtins.k	3	module	SUPPLIED_FIXED_SEMANTICS	-	module MPY-BUILTINS
23	reference-semantics/semantics/builtins.k	4	imports	SUPPLIED_FIXED_SEMANTICS	-	imports MPY-CORE
24	reference-semantics/semantics/builtins.k	5	imports	SUPPLIED_FIXED_SEMANTICS	-	imports MPY-STR
25	reference-semantics/semantics/builtins.k	6	imports	SUPPLIED_FIXED_SEMANTICS	-	imports MPY-SET
26	reference-semantics/semantics/builtins.k	7	imports	SUPPLIED_FIXED_SEMANTICS	-	imports MPY-ITER
27	reference-semantics/semantics/builtins.k	8	imports	SUPPLIED_FIXED_SEMANTICS	-	imports MPY-RANGE
28	reference-semantics/semantics/builtins.k	9	imports	SUPPLIED_FIXED_SEMANTICS	-	imports MPY-INT
29	reference-semantics/semantics/builtins.k	10	imports	SUPPLIED_FIXED_SEMANTICS	-	imports MPY-METHODS
30	reference-semantics/semantics/builtins.k	17	syntax	SUPPLIED_FIXED_SEMANTICS	function	syntax Val ::= applyBuiltin(String, Vals) [function]
31	reference-semantics/semantics/builtins.k	20	syntax	SUPPLIED_FIXED_SEMANTICS	function	syntax Int ::= seqLen(Val) [function]
32	reference-semantics/semantics/builtins.k	21	rule	SUPPLIED_FIXED_SEMANTICS	ordinary-rule	rule applyBuiltin("len", OBJ:Val, .Vals) => seqLen(OBJ)
33	reference-semantics/semantics/builtins.k	22	rule	SUPPLIED_FIXED_SEMANTICS	ordinary-rule	rule seqLen(list(VS:ValSeq)) => vsLen(VS)
34	reference-semantics/semantics/builtins.k	23	rule	SUPPLIED_FIXED_SEMANTICS	ordinary-rule	rule seqLen(tuple(VS:ValSeq)) => vsLen(VS)
35	reference-semantics/semantics/builtins.k	24	rule	SUPPLIED_FIXED_SEMANTICS	ordinary-rule	rule seqLen(str(IS:IntSeq)) => isLen(IS)
36	reference-semantics/semantics/builtins.k	25	rule	SUPPLIED_FIXED_SEMANTICS	ordinary-rule	rule seqLen(setV(DS:IntSeq)) => isLen(DS)
37	reference-semantics/semantics/builtins.k	26	rule	SUPPLIED_FIXED_SEMANTICS	ordinary-rule	rule seqLen(rangeObj(LO:Int, HI:Int, ST:Int)) => rangeLen(LO, HI, ST)
38	reference-semantics/semantics/builtins.k	32	rule	SUPPLIED_FIXED_SEMANTICS	ordinary-rule	rule <k> #applyK(toCall(builtinV("list")), (list(VS:ValSeq), .Vals)) => #alloc(list(VS)) ... </k>
39	reference-semantics/semantics/builtins.k	33	rule	SUPPLIED_FIXED_SEMANTICS	ordinary-rule	rule <k> #applyK(toCall(builtinV("list")), (tuple(VS:ValSeq), .Vals)) => #alloc(list(VS)) ... </k>
40	reference-semantics/semantics/builtins.k	34	rule	SUPPLIED_FIXED_SEMANTICS	ordinary-rule	rule <k> #applyK(toCall(builtinV("list")), .Vals) => #alloc(list(.ValSeq)) ... </k>
41	reference-semantics/semantics/builtins.k	35	rule	SUPPLIED_FIXED_SEMANTICS	ordinary-rule	rule <k> #applyK(toCall(builtinV("list")), (str(CS:IntSeq), .Vals)) => #alloc(list(charsOf(CS))) ... </k>
42	reference-semantics/semantics/builtins.k	36	syntax	SUPPLIED_FIXED_SEMANTICS	function,total	syntax ValSeq ::= charsOf(IntSeq) [function, total]
43	reference-semantics/semantics/builtins.k	37	rule	SUPPLIED_FIXED_SEMANTICS	ordinary-rule	rule charsOf(.IntSeq) => .ValSeq
44	reference-semantics/semantics/builtins.k	38	rule	SUPPLIED_FIXED_SEMANTICS	ordinary-rule	rule charsOf(iCons(C:Int, R:IntSeq)) => vCons(str(iCons(C, .IntSeq)), charsOf(R))
45	reference-semantics/semantics/builtins.k	41	rule	SUPPLIED_FIXED_SEMANTICS	ordinary-rule	rule applyBuiltin("set", str(CS:IntSeq), .Vals) => setV(dedupCodes(CS))
46	reference-semantics/semantics/builtins.k	44	rule	SUPPLIED_FIXED_SEMANTICS	ordinary-rule	rule applyBuiltin("abs", I:Int, .Vals) => absInt(I)
47	reference-semantics/semantics/builtins.k	47	syntax	SUPPLIED_FIXED_SEMANTICS	-	syntax KItem ::= #sumAcc(Iterable, Int) | #sumCont(Int)
48	reference-semantics/semantics/builtins.k	48	rule	SUPPLIED_FIXED_SEMANTICS	ordinary-rule	rule <k> #sumAcc(IT:Iterable, ACC:Int) => #iterNext(IT) ~> #sumCont(ACC) ... </k>
49	reference-semantics/semantics/builtins.k	49	rule	SUPPLIED_FIXED_SEMANTICS	ordinary-rule	rule <k> #iterDone ~> #sumCont(ACC:Int) => ACC ... </k>
50	reference-semantics/semantics/builtins.k	50	rule	SUPPLIED_FIXED_SEMANTICS	ordinary-rule	rule <k> #iterYield(V:Val, R:Iterable) ~> #sumCont(ACC:Int) => #sumAcc(R, ACC +Int intOf(V)) ... </k> requires isInt(V) orBool isBool(V)
51	reference-semantics/semantics/builtins.k	54	syntax	SUPPLIED_FIXED_SEMANTICS	function	syntax Int ::= intOf(Val) [function]
52	reference-semantics/semantics/builtins.k	55	rule	SUPPLIED_FIXED_SEMANTICS	ordinary-rule	rule intOf(I:Int) => I
53	reference-semantics/semantics/builtins.k	56	rule	SUPPLIED_FIXED_SEMANTICS	ordinary-rule	rule intOf(B:Bool) => #if B #then 1 #else 0 #fi
54	reference-semantics/semantics/builtins.k	59	syntax	SUPPLIED_FIXED_SEMANTICS	-	syntax KItem ::= #allAcc(Iterable) | "#allCont"
55	reference-semantics/semantics/builtins.k	60	rule	SUPPLIED_FIXED_SEMANTICS	ordinary-rule	rule <k> #allAcc(IT:Iterable) => #iterNext(IT) ~> #allCont ... </k>
56	reference-semantics/semantics/builtins.k	61	rule	SUPPLIED_FIXED_SEMANTICS	ordinary-rule	rule <k> #iterDone ~> #allCont => true ... </k>
57	reference-semantics/semantics/builtins.k	62	rule	SUPPLIED_FIXED_SEMANTICS	ordinary-rule	rule <k> #iterYield(V:Val, R:Iterable) ~> #allCont => #allAcc(R) ... </k> requires truthy(V)
58	reference-semantics/semantics/builtins.k	64	rule	SUPPLIED_FIXED_SEMANTICS	ordinary-rule	rule <k> #iterYield(V:Val, _:Iterable) ~> #allCont => false ... </k> requires notBool truthy(V)
59	reference-semantics/semantics/builtins.k	67	syntax	SUPPLIED_FIXED_SEMANTICS	-	syntax KItem ::= #anyAcc(Iterable) | "#anyCont"
60	reference-semantics/semantics/builtins.k	68	rule	SUPPLIED_FIXED_SEMANTICS	ordinary-rule	rule <k> #anyAcc(IT:Iterable) => #iterNext(IT) ~> #anyCont ... </k>
61	reference-semantics/semantics/builtins.k	69	rule	SUPPLIED_FIXED_SEMANTICS	ordinary-rule	rule <k> #iterDone ~> #anyCont => false ... </k>
62	reference-semantics/semantics/builtins.k	70	rule	SUPPLIED_FIXED_SEMANTICS	ordinary-rule	rule <k> #iterYield(V:Val, _:Iterable) ~> #anyCont => true ... </k> requires truthy(V)
63	reference-semantics/semantics/builtins.k	72	rule	SUPPLIED_FIXED_SEMANTICS	ordinary-rule	rule <k> #iterYield(V:Val, R:Iterable) ~> #anyCont => #anyAcc(R) ... </k> requires notBool truthy(V)
64	reference-semantics/semantics/builtins.k	76	syntax	SUPPLIED_FIXED_SEMANTICS	-	syntax KItem ::= #maxAcc0(Iterable) | "#maxCont0" | #maxAcc(Iterable, Int) | #maxCont(Int)
65	reference-semantics/semantics/builtins.k	77	rule	SUPPLIED_FIXED_SEMANTICS	ordinary-rule	rule <k> #maxAcc0(IT:Iterable) => #iterNext(IT) ~> #maxCont0 ... </k>
66	reference-semantics/semantics/builtins.k	78	rule	SUPPLIED_FIXED_SEMANTICS	ordinary-rule	rule <k> #iterYield(V:Val, R:Iterable) ~> #maxCont0 => #maxAcc(R, {V}:>Int) ... </k> requires isInt(V)
67	reference-semantics/semantics/builtins.k	80	rule	SUPPLIED_FIXED_SEMANTICS	ordinary-rule	rule <k> #maxAcc(IT:Iterable, M:Int) => #iterNext(IT) ~> #maxCont(M) ... </k>
68	reference-semantics/semantics/builtins.k	81	rule	SUPPLIED_FIXED_SEMANTICS	ordinary-rule	rule <k> #iterDone ~> #maxCont(M:Int) => M ... </k>
69	reference-semantics/semantics/builtins.k	82	rule	SUPPLIED_FIXED_SEMANTICS	ordinary-rule	rule <k> #iterYield(V:Val, R:Iterable) ~> #maxCont(M:Int) => #maxAcc(R, maxInt(M, {V}:>Int)) ... </k> requires isInt(V)
70	reference-semantics/semantics/builtins.k	86	syntax	SUPPLIED_FIXED_SEMANTICS	-	syntax KItem ::= #minAcc0(Iterable) | "#minCont0" | #minAcc(Iterable, Int) | #minCont(Int)
71	reference-semantics/semantics/builtins.k	87	rule	SUPPLIED_FIXED_SEMANTICS	ordinary-rule	rule <k> #minAcc0(IT:Iterable) => #iterNext(IT) ~> #minCont0 ... </k>
72	reference-semantics/semantics/builtins.k	88	rule	SUPPLIED_FIXED_SEMANTICS	ordinary-rule	rule <k> #iterYield(V:Val, R:Iterable) ~> #minCont0 => #minAcc(R, {V}:>Int) ... </k> requires isInt(V)
73	reference-semantics/semantics/builtins.k	90	rule	SUPPLIED_FIXED_SEMANTICS	ordinary-rule	rule <k> #minAcc(IT:Iterable, M:Int) => #iterNext(IT) ~> #minCont(M) ... </k>
74	reference-semantics/semantics/builtins.k	91	rule	SUPPLIED_FIXED_SEMANTICS	ordinary-rule	rule <k> #iterDone ~> #minCont(M:Int) => M ... </k>
75	reference-semantics/semantics/builtins.k	92	rule	SUPPLIED_FIXED_SEMANTICS	ordinary-rule	rule <k> #iterYield(V:Val, R:Iterable) ~> #minCont(M:Int) => #minAcc(R, minInt(M, {V}:>Int)) ... </k> requires isInt(V)
76	reference-semantics/semantics/builtins.k	97	syntax	SUPPLIED_FIXED_SEMANTICS	function	syntax Int ::= maxVals(Int, Vals) [function]
77	reference-semantics/semantics/builtins.k	98	rule	SUPPLIED_FIXED_SEMANTICS	ordinary-rule	rule applyBuiltin("max", I:Int, REST:Vals) => maxVals(I, REST)
78	reference-semantics/semantics/builtins.k	99	rule	SUPPLIED_FIXED_SEMANTICS	ordinary-rule	rule maxVals(M:Int, .Vals) => M
79	reference-semantics/semantics/builtins.k	100	rule	SUPPLIED_FIXED_SEMANTICS	ordinary-rule	rule maxVals(M:Int, (I:Int, R:Vals)) => maxVals(maxInt(M, I), R)
80	reference-semantics/semantics/builtins.k	102	syntax	SUPPLIED_FIXED_SEMANTICS	function	syntax Int ::= minVals(Int, Vals) [function]
81	reference-semantics/semantics/builtins.k	103	rule	SUPPLIED_FIXED_SEMANTICS	ordinary-rule	rule applyBuiltin("min", I:Int, REST:Vals) => minVals(I, REST)
82	reference-semantics/semantics/builtins.k	104	rule	SUPPLIED_FIXED_SEMANTICS	ordinary-rule	rule minVals(M:Int, .Vals) => M
83	reference-semantics/semantics/builtins.k	105	rule	SUPPLIED_FIXED_SEMANTICS	ordinary-rule	rule minVals(M:Int, (I:Int, R:Vals)) => minVals(minInt(M, I), R)
84	reference-semantics/semantics/builtins.k	108	rule	SUPPLIED_FIXED_SEMANTICS	ordinary-rule	rule applyBuiltin("bin", N:Int, .Vals) => str(iCons(48, iCons(98, binCodes(N)))) requires N >=Int 0
85	reference-semantics/semantics/builtins.k	111	rule	SUPPLIED_FIXED_SEMANTICS	ordinary-rule	rule applyBuiltin("bin", N:Int, .Vals) => str(iCons(45, iCons(48, iCons(98, binCodes(0 -Int N))))) requires N <Int 0
86	reference-semantics/semantics/builtins.k	114	syntax	SUPPLIED_FIXED_SEMANTICS	function,total	syntax IntSeq ::= binCodes(Int) [function, total]
87	reference-semantics/semantics/builtins.k	115	rule	SUPPLIED_FIXED_SEMANTICS	ordinary-rule	rule binCodes(0) => iCons(48, .IntSeq)
88	reference-semantics/semantics/builtins.k	116	rule	SUPPLIED_FIXED_SEMANTICS	ordinary-rule	rule binCodes(N:Int) => binAcc(N, .IntSeq) requires N >Int 0
89	reference-semantics/semantics/builtins.k	117	syntax	SUPPLIED_FIXED_SEMANTICS	function,total	syntax IntSeq ::= binAcc(Int, IntSeq) [function, total]
90	reference-semantics/semantics/builtins.k	118	rule	SUPPLIED_FIXED_SEMANTICS	ordinary-rule	rule binAcc(0, ACC:IntSeq) => ACC
91	reference-semantics/semantics/builtins.k	119	rule	SUPPLIED_FIXED_SEMANTICS	ordinary-rule	rule binAcc(N:Int, ACC:IntSeq) => binAcc((N -Int pyMod(N, 2)) /Int 2, iCons(48 +Int pyMod(N, 2), ACC)) requires N >Int 0
92	reference-semantics/semantics/builtins.k	124	rule	SUPPLIED_FIXED_SEMANTICS	ordinary-rule	rule <k> #applyK(toCall(builtinV("enumerate")), (list(VS:ValSeq), .Vals)) => #alloc(list(enumVS(VS, 0))) ... </k>
93	reference-semantics/semantics/builtins.k	126	syntax	SUPPLIED_FIXED_SEMANTICS	function,total	syntax ValSeq ::= enumVS(ValSeq, Int) [function, total]
94	reference-semantics/semantics/builtins.k	127	rule	SUPPLIED_FIXED_SEMANTICS	ordinary-rule	rule enumVS(.ValSeq, _:Int) => .ValSeq
95	reference-semantics/semantics/builtins.k	128	rule	SUPPLIED_FIXED_SEMANTICS	ordinary-rule	rule enumVS(vCons(V:Val, R:ValSeq), I:Int) => vCons(tuple(vCons(I, vCons(V, .ValSeq))), enumVS(R, I +Int 1))
96	reference-semantics/semantics/builtins.k	132	rule	SUPPLIED_FIXED_SEMANTICS	ordinary-rule	rule <k> #applyK(toCall(builtinV("map")), (typeV("str"), list(VS:ValSeq), .Vals)) => #alloc(list(mapStrVS(VS))) ... </k>
97	reference-semantics/semantics/builtins.k	134	syntax	SUPPLIED_FIXED_SEMANTICS	function,total	syntax ValSeq ::= mapStrVS(ValSeq) [function, total]
98	reference-semantics/semantics/builtins.k	135	rule	SUPPLIED_FIXED_SEMANTICS	ordinary-rule	rule mapStrVS(.ValSeq) => .ValSeq
99	reference-semantics/semantics/builtins.k	136	rule	SUPPLIED_FIXED_SEMANTICS	ordinary-rule	rule mapStrVS(vCons(I:Int, R:ValSeq)) => vCons(str(strToCodes(Int2String(I))), mapStrVS(R))
100	reference-semantics/semantics/builtins.k	137	rule	SUPPLIED_FIXED_SEMANTICS	ordinary-rule	rule mapStrVS(vCons(str(CS:IntSeq), R:ValSeq)) => vCons(str(CS), mapStrVS(R))
101	reference-semantics/semantics/builtins.k	140	rule	SUPPLIED_FIXED_SEMANTICS	ordinary-rule	rule applyBuiltin("int", I:Int, .Vals) => I
102	reference-semantics/semantics/builtins.k	143	rule	SUPPLIED_FIXED_SEMANTICS	ordinary-rule	rule applyBuiltin("ord", str(iCons(C:Int, .IntSeq)), .Vals) => C
103	reference-semantics/semantics/builtins.k	144	rule	SUPPLIED_FIXED_SEMANTICS	ordinary-rule	rule applyBuiltin("chr", I:Int, .Vals) => str(iCons(I, .IntSeq)) requires 0 <=Int I andBool I <Int 128
104	reference-semantics/semantics/builtins.k	148	rule	SUPPLIED_FIXED_SEMANTICS	ordinary-rule	rule applyBuiltin("str", I:Int, .Vals) => str(strToCodes(Int2String(I)))
105	reference-semantics/semantics/builtins.k	149	rule	SUPPLIED_FIXED_SEMANTICS	ordinary-rule	rule applyBuiltin("str", str(CS:IntSeq), .Vals) => str(CS)
106	reference-semantics/semantics/builtins.k	152	rule	SUPPLIED_FIXED_SEMANTICS	ordinary-rule	rule applyBuiltin("int", str(iCons(C:Int, .IntSeq)), .Vals) => C -Int 48 requires 48 <=Int C andBool C <=Int 57
107	reference-semantics/semantics/builtins.k	156	rule	SUPPLIED_FIXED_SEMANTICS	ordinary-rule	rule applyBuiltin("int", str(CS:IntSeq), .Vals) => intDigAcc(CS, 0) requires isLen(CS) >=Int 2
108	reference-semantics/semantics/builtins.k	158	syntax	SUPPLIED_FIXED_SEMANTICS	function,total	syntax Int ::= intDigAcc(IntSeq, Int) [function, total]
109	reference-semantics/semantics/builtins.k	159	rule	SUPPLIED_FIXED_SEMANTICS	ordinary-rule	rule intDigAcc(.IntSeq, ACC:Int) => ACC
110	reference-semantics/semantics/builtins.k	160	rule	SUPPLIED_FIXED_SEMANTICS	ordinary-rule	rule intDigAcc(iCons(C:Int, R:IntSeq), ACC:Int) => intDigAcc(R, (ACC *Int 10) +Int (C -Int 48))
111	reference-semantics/semantics/builtins.k	163	rule	SUPPLIED_FIXED_SEMANTICS	ordinary-rule	rule applyBuiltin("zip", list(A:ValSeq), list(B:ValSeq), .Vals) => zipObj(A, B)
112	reference-semantics/semantics/builtins.k	164	rule	SUPPLIED_FIXED_SEMANTICS	ordinary-rule	rule applyBuiltin("zip", str(A:IntSeq), str(B:IntSeq), .Vals) => zipObjS(A, B)
113	reference-semantics/semantics/builtins.k	167	rule	SUPPLIED_FIXED_SEMANTICS	ordinary-rule	rule <k> #iterNext(zipObj(vCons(A:Val, As:ValSeq), vCons(B:Val, Bs:ValSeq))) => #iterYield(tuple(vCons(A, vCons(B, .ValSeq))), zipObj(As, Bs)) ... </k>
114	reference-semantics/semantics/builtins.k	169	rule	SUPPLIED_FIXED_SEMANTICS	ordinary-rule	rule <k> #iterNext(zipObj(.ValSeq, _:ValSeq)) => #iterDone ... </k>
115	reference-semantics/semantics/builtins.k	170	rule	SUPPLIED_FIXED_SEMANTICS	ordinary-rule	rule <k> #iterNext(zipObj(vCons(_:Val, _:ValSeq), .ValSeq)) => #iterDone ... </k>
116	reference-semantics/semantics/builtins.k	171	rule	SUPPLIED_FIXED_SEMANTICS	ordinary-rule	rule <k> #iterNext(zipObjS(iCons(A:Int, As:IntSeq), iCons(B:Int, Bs:IntSeq))) => #iterYield(tuple(vCons(str(iCons(A, .IntSeq)), vCons(str(iCons(B, .IntSeq)), .ValSeq))), zipObjS(As, Bs)) ... </k>
117	reference-semantics/semantics/builtins.k	173	rule	SUPPLIED_FIXED_SEMANTICS	ordinary-rule	rule <k> #iterNext(zipObjS(.IntSeq, _:IntSeq)) => #iterDone ... </k>
118	reference-semantics/semantics/builtins.k	174	rule	SUPPLIED_FIXED_SEMANTICS	ordinary-rule	rule <k> #iterNext(zipObjS(iCons(_:Int, _:IntSeq), .IntSeq)) => #iterDone ... </k>
119	reference-semantics/semantics/builtins.k	177	rule	SUPPLIED_FIXED_SEMANTICS	ordinary-rule	rule applyBuiltin("range", I:Int, .Vals) => rangeObj(0, I, 1)
120	reference-semantics/semantics/builtins.k	178	rule	SUPPLIED_FIXED_SEMANTICS	ordinary-rule	rule applyBuiltin("range", A:Int, B:Int, .Vals) => rangeObj(A, B, 1)
121	reference-semantics/semantics/builtins.k	179	rule	SUPPLIED_FIXED_SEMANTICS	ordinary-rule	rule applyBuiltin("range", A:Int, B:Int, S:Int, .Vals) => rangeObj(A, B, S) requires S =/=Int 0
122	reference-semantics/semantics/builtins.k	187	rule	SUPPLIED_FIXED_SEMANTICS	ordinary-rule	rule applyBuiltin("eval", str(CS:IntSeq), .Vals) => evalArith(CS)
123	reference-semantics/semantics/builtins.k	188	syntax	SUPPLIED_FIXED_SEMANTICS	function	syntax Int ::= evalArith(IntSeq) [function]
124	reference-semantics/semantics/builtins.k	189	rule	SUPPLIED_FIXED_SEMANTICS	ordinary-rule	rule evalArith(CS:IntSeq) => firstNdE(passAddE(passMulE(passPowE(tokOps(CS), tokNds(CS)))))
125	reference-semantics/semantics/builtins.k	192	syntax	SUPPLIED_FIXED_SEMANTICS	-	syntax OpSeq ::= ".OpSeq" | oCons(String, OpSeq)
126	reference-semantics/semantics/builtins.k	194	syntax	SUPPLIED_FIXED_SEMANTICS	function,total	syntax Bool ::= evDigit(Int) [function, total]
127	reference-semantics/semantics/builtins.k	195	rule	SUPPLIED_FIXED_SEMANTICS	ordinary-rule	rule evDigit(C:Int) => C >=Int 48 andBool C <=Int 57
128	reference-semantics/semantics/builtins.k	196	syntax	SUPPLIED_FIXED_SEMANTICS	function,total	syntax Bool ::= evHead42(IntSeq) [function, total]
129	reference-semantics/semantics/builtins.k	197	rule	SUPPLIED_FIXED_SEMANTICS	ordinary-rule	rule evHead42(iCons(42, _:IntSeq)) => true
130	reference-semantics/semantics/builtins.k	198	rule	SUPPLIED_FIXED_SEMANTICS	owise,ordinary-rule	rule evHead42(_:IntSeq) => false [owise]
131	reference-semantics/semantics/builtins.k	199	syntax	SUPPLIED_FIXED_SEMANTICS	function,total	syntax Bool ::= evHead47(IntSeq) [function, total]
132	reference-semantics/semantics/builtins.k	200	rule	SUPPLIED_FIXED_SEMANTICS	ordinary-rule	rule evHead47(iCons(47, _:IntSeq)) => true
133	reference-semantics/semantics/builtins.k	201	rule	SUPPLIED_FIXED_SEMANTICS	owise,ordinary-rule	rule evHead47(_:IntSeq) => false [owise]
134	reference-semantics/semantics/builtins.k	203	syntax	SUPPLIED_FIXED_SEMANTICS	function,total	syntax OpSeq ::= tokOps(IntSeq) [function, total]
135	reference-semantics/semantics/builtins.k	204	rule	SUPPLIED_FIXED_SEMANTICS	ordinary-rule	rule tokOps(.IntSeq) => .OpSeq
136	reference-semantics/semantics/builtins.k	205	rule	SUPPLIED_FIXED_SEMANTICS	ordinary-rule	rule tokOps(iCons(32, R:IntSeq)) => tokOps(R)
137	reference-semantics/semantics/builtins.k	206	rule	SUPPLIED_FIXED_SEMANTICS	ordinary-rule	rule tokOps(iCons(C:Int, R:IntSeq)) => tokOps(R) requires evDigit(C)
138	reference-semantics/semantics/builtins.k	207	rule	SUPPLIED_FIXED_SEMANTICS	ordinary-rule	rule tokOps(iCons(42, iCons(42, R:IntSeq))) => oCons("**", tokOps(R))
139	reference-semantics/semantics/builtins.k	208	rule	SUPPLIED_FIXED_SEMANTICS	ordinary-rule	rule tokOps(iCons(42, R:IntSeq)) => oCons("*", tokOps(R)) requires notBool evHead42(R)
140	reference-semantics/semantics/builtins.k	209	rule	SUPPLIED_FIXED_SEMANTICS	ordinary-rule	rule tokOps(iCons(47, iCons(47, R:IntSeq))) => oCons("
141	reference-semantics/semantics/builtins.k	210	rule	SUPPLIED_FIXED_SEMANTICS	ordinary-rule	rule tokOps(iCons(47, R:IntSeq)) => oCons("/", tokOps(R)) requires notBool evHead47(R)
142	reference-semantics/semantics/builtins.k	211	rule	SUPPLIED_FIXED_SEMANTICS	ordinary-rule	rule tokOps(iCons(43, R:IntSeq)) => oCons("+", tokOps(R))
143	reference-semantics/semantics/builtins.k	212	rule	SUPPLIED_FIXED_SEMANTICS	ordinary-rule	rule tokOps(iCons(45, R:IntSeq)) => oCons("-", tokOps(R))
144	reference-semantics/semantics/builtins.k	214	syntax	SUPPLIED_FIXED_SEMANTICS	function,total	syntax IntSeq ::= tokNds(IntSeq) [function, total] | tokNdAcc(Int, IntSeq) [function, total]
145	reference-semantics/semantics/builtins.k	216	rule	SUPPLIED_FIXED_SEMANTICS	ordinary-rule	rule tokNds(.IntSeq) => .IntSeq
146	reference-semantics/semantics/builtins.k	217	rule	SUPPLIED_FIXED_SEMANTICS	ordinary-rule	rule tokNds(iCons(32, R:IntSeq)) => tokNds(R)
147	reference-semantics/semantics/builtins.k	218	rule	SUPPLIED_FIXED_SEMANTICS	ordinary-rule	rule tokNds(iCons(C:Int, R:IntSeq)) => tokNdAcc(C -Int 48, R) requires evDigit(C)
148	reference-semantics/semantics/builtins.k	219	rule	SUPPLIED_FIXED_SEMANTICS	ordinary-rule	rule tokNds(iCons(C:Int, R:IntSeq)) => tokNds(R) requires notBool evDigit(C) andBool C =/=Int 32
149	reference-semantics/semantics/builtins.k	221	rule	SUPPLIED_FIXED_SEMANTICS	ordinary-rule	rule tokNdAcc(A:Int, iCons(C:Int, R:IntSeq)) => tokNdAcc(A *Int 10 +Int (C -Int 48), R) requires evDigit(C)
150	reference-semantics/semantics/builtins.k	223	rule	SUPPLIED_FIXED_SEMANTICS	owise,ordinary-rule	rule tokNdAcc(A:Int, S:IntSeq) => iCons(A, tokNds(S)) [owise]
151	reference-semantics/semantics/builtins.k	225	syntax	SUPPLIED_FIXED_SEMANTICS	-	syntax EvPair ::= evp(OpSeq, IntSeq)
152	reference-semantics/semantics/builtins.k	226	syntax	SUPPLIED_FIXED_SEMANTICS	function,total	syntax Int ::= firstNdE(EvPair) [function, total]
153	reference-semantics/semantics/builtins.k	227	rule	SUPPLIED_FIXED_SEMANTICS	ordinary-rule	rule firstNdE(evp(_:OpSeq, iCons(N:Int, _:IntSeq))) => N
154	reference-semantics/semantics/builtins.k	228	rule	SUPPLIED_FIXED_SEMANTICS	owise,ordinary-rule	rule firstNdE(_:EvPair) => 0 [owise]
155	reference-semantics/semantics/builtins.k	230	syntax	SUPPLIED_FIXED_SEMANTICS	function,total	syntax Int ::= applyOpE(String, Int, Int) [function, total]
156	reference-semantics/semantics/builtins.k	231	rule	SUPPLIED_FIXED_SEMANTICS	ordinary-rule	rule applyOpE("+", A:Int, B:Int) => A +Int B
157	reference-semantics/semantics/builtins.k	232	rule	SUPPLIED_FIXED_SEMANTICS	ordinary-rule	rule applyOpE("-", A:Int, B:Int) => A -Int B
158	reference-semantics/semantics/builtins.k	233	rule	SUPPLIED_FIXED_SEMANTICS	ordinary-rule	rule applyOpE("*", A:Int, B:Int) => A *Int B
159	reference-semantics/semantics/builtins.k	234	rule	SUPPLIED_FIXED_SEMANTICS	ordinary-rule	rule applyOpE("
160	reference-semantics/semantics/builtins.k	235	rule	SUPPLIED_FIXED_SEMANTICS	ordinary-rule	rule applyOpE("**", A:Int, B:Int) => A ^Int B
161	reference-semantics/semantics/builtins.k	236	rule	SUPPLIED_FIXED_SEMANTICS	owise,ordinary-rule	rule applyOpE(_:String, A:Int, _:Int) => A [owise]
162	reference-semantics/semantics/builtins.k	238	syntax	SUPPLIED_FIXED_SEMANTICS	function,total	syntax EvPair ::= passPowE(OpSeq, IntSeq) [function, total]
163	reference-semantics/semantics/builtins.k	239	rule	SUPPLIED_FIXED_SEMANTICS	ordinary-rule	rule passPowE(.OpSeq, NDS:IntSeq) => evp(.OpSeq, NDS)
164	reference-semantics/semantics/builtins.k	240	rule	SUPPLIED_FIXED_SEMANTICS	ordinary-rule	rule passPowE(oCons("**", OPS:OpSeq), iCons(N:Int, NDS:IntSeq)) => powCombE(N, passPowE(OPS, NDS))
165	reference-semantics/semantics/builtins.k	241	rule	SUPPLIED_FIXED_SEMANTICS	ordinary-rule	rule passPowE(oCons(O:String, OPS:OpSeq), iCons(N:Int, NDS:IntSeq)) => powCarryE(O, N, passPowE(OPS, NDS)) requires O =/=String "**"
166	reference-semantics/semantics/builtins.k	243	rule	SUPPLIED_FIXED_SEMANTICS	owise,ordinary-rule	rule passPowE(_:OpSeq, .IntSeq) => evp(.OpSeq, .IntSeq) [owise]
167	reference-semantics/semantics/builtins.k	244	syntax	SUPPLIED_FIXED_SEMANTICS	function,total	syntax EvPair ::= powCombE(Int, EvPair) [function, total]
168	reference-semantics/semantics/builtins.k	245	rule	SUPPLIED_FIXED_SEMANTICS	ordinary-rule	rule powCombE(N:Int, evp(OPS:OpSeq, iCons(M:Int, REST:IntSeq))) => evp(OPS, iCons(N ^Int M, REST))
169	reference-semantics/semantics/builtins.k	246	rule	SUPPLIED_FIXED_SEMANTICS	ordinary-rule	rule powCombE(N:Int, evp(OPS:OpSeq, .IntSeq)) => evp(OPS, iCons(N, .IntSeq))
170	reference-semantics/semantics/builtins.k	247	syntax	SUPPLIED_FIXED_SEMANTICS	function,total	syntax EvPair ::= powCarryE(String, Int, EvPair) [function, total]
171	reference-semantics/semantics/builtins.k	248	rule	SUPPLIED_FIXED_SEMANTICS	ordinary-rule	rule powCarryE(O:String, N:Int, evp(OPS:OpSeq, NDS:IntSeq)) => evp(oCons(O, OPS), iCons(N, NDS))
172	reference-semantics/semantics/builtins.k	250	syntax	SUPPLIED_FIXED_SEMANTICS	function,total	syntax EvPair ::= passMulE(EvPair) [function, total] | passAddE(EvPair) [function, total]
173	reference-semantics/semantics/builtins.k	251	rule	SUPPLIED_FIXED_SEMANTICS	ordinary-rule	rule passMulE(evp(OPS:OpSeq, iCons(N0:Int, NDS:IntSeq))) => passLGoE("mul", N0, OPS, NDS, .OpSeq, .IntSeq)
174	reference-semantics/semantics/builtins.k	252	rule	SUPPLIED_FIXED_SEMANTICS	ordinary-rule	rule passMulE(evp(OPS:OpSeq, .IntSeq)) => evp(OPS, .IntSeq)
175	reference-semantics/semantics/builtins.k	253	rule	SUPPLIED_FIXED_SEMANTICS	ordinary-rule	rule passAddE(evp(OPS:OpSeq, iCons(N0:Int, NDS:IntSeq))) => passLGoE("add", N0, OPS, NDS, .OpSeq, .IntSeq)
176	reference-semantics/semantics/builtins.k	254	rule	SUPPLIED_FIXED_SEMANTICS	ordinary-rule	rule passAddE(evp(OPS:OpSeq, .IntSeq)) => evp(OPS, .IntSeq)
177	reference-semantics/semantics/builtins.k	255	syntax	SUPPLIED_FIXED_SEMANTICS	function,total	syntax EvPair ::= passLGoE(String, Int, OpSeq, IntSeq, OpSeq, IntSeq) [function, total]
178	reference-semantics/semantics/builtins.k	256	rule	SUPPLIED_FIXED_SEMANTICS	ordinary-rule	rule passLGoE(_:String, CUR:Int, .OpSeq, _:IntSeq, OO:OpSeq, ON:IntSeq) => evp(OO, appendIE(ON, CUR))
179	reference-semantics/semantics/builtins.k	257	rule	SUPPLIED_FIXED_SEMANTICS	ordinary-rule	rule passLGoE(L:String, CUR:Int, oCons(O:String, OPS:OpSeq), iCons(N:Int, NDS:IntSeq), OO:OpSeq, ON:IntSeq) => passLGoE(L, applyOpE(O, CUR, N), OPS, NDS, OO, ON) requires inLevelE(L, O)
180	reference-semantics/semantics/builtins.k	260	rule	SUPPLIED_FIXED_SEMANTICS	ordinary-rule	rule passLGoE(L:String, CUR:Int, oCons(O:String, OPS:OpSeq), iCons(N:Int, NDS:IntSeq), OO:OpSeq, ON:IntSeq) => passLGoE(L, N, OPS, NDS, appendOpE(OO, O), appendIE(ON, CUR)) requires notBool inLevelE(L, O)
181	reference-semantics/semantics/builtins.k	263	rule	SUPPLIED_FIXED_SEMANTICS	owise,ordinary-rule	rule passLGoE(_:String, CUR:Int, oCons(_:String, _:OpSeq), .IntSeq, OO:OpSeq, ON:IntSeq) => evp(OO, appendIE(ON, CUR)) [owise]
182	reference-semantics/semantics/builtins.k	265	syntax	SUPPLIED_FIXED_SEMANTICS	function,total	syntax Bool ::= inLevelE(String, String) [function, total]
183	reference-semantics/semantics/builtins.k	266	rule	SUPPLIED_FIXED_SEMANTICS	ordinary-rule	rule inLevelE("mul", O:String) => O ==String "*" orBool O ==String "
184	reference-semantics/semantics/builtins.k	267	rule	SUPPLIED_FIXED_SEMANTICS	ordinary-rule	rule inLevelE("add", O:String) => O ==String "+" orBool O ==String "-"
185	reference-semantics/semantics/builtins.k	268	rule	SUPPLIED_FIXED_SEMANTICS	owise,ordinary-rule	rule inLevelE(_:String, _:String) => false [owise]
186	reference-semantics/semantics/builtins.k	269	syntax	SUPPLIED_FIXED_SEMANTICS	function,total	syntax OpSeq ::= appendOpE(OpSeq, String) [function, total]
187	reference-semantics/semantics/builtins.k	270	rule	SUPPLIED_FIXED_SEMANTICS	ordinary-rule	rule appendOpE(.OpSeq, O:String) => oCons(O, .OpSeq)
188	reference-semantics/semantics/builtins.k	271	rule	SUPPLIED_FIXED_SEMANTICS	ordinary-rule	rule appendOpE(oCons(H:String, T:OpSeq), O:String) => oCons(H, appendOpE(T, O))
189	reference-semantics/semantics/builtins.k	272	syntax	SUPPLIED_FIXED_SEMANTICS	function,total	syntax IntSeq ::= appendIE(IntSeq, Int) [function, total]
190	reference-semantics/semantics/builtins.k	273	rule	SUPPLIED_FIXED_SEMANTICS	ordinary-rule	rule appendIE(.IntSeq, N:Int) => iCons(N, .IntSeq)
191	reference-semantics/semantics/builtins.k	274	rule	SUPPLIED_FIXED_SEMANTICS	ordinary-rule	rule appendIE(iCons(H:Int, T:IntSeq), N:Int) => iCons(H, appendIE(T, N))
192	reference-semantics/semantics/builtins.k	279	syntax	SUPPLIED_FIXED_SEMANTICS	-	syntax KItem ::= "#md5"
193	reference-semantics/semantics/builtins.k	280	rule	SUPPLIED_FIXED_SEMANTICS	priority,ordinary-rule	rule <k> Call(Attribute(Name("hashlib"), "md5"), (E:Expr, .Exprs)) => E ~> #md5 ... </k> [priority(40)]
194	reference-semantics/semantics/builtins.k	282	rule	SUPPLIED_FIXED_SEMANTICS	ordinary-rule	rule <k> str(CS:IntSeq) ~> #md5 => md5Obj(CS) ... </k>
195	reference-semantics/semantics/builtins.k	283	syntax	SUPPLIED_FIXED_SEMANTICS	-	syntax Val ::= md5Obj(IntSeq)
196	reference-semantics/semantics/builtins.k	284	rule	SUPPLIED_FIXED_SEMANTICS	ordinary-rule	rule applyMethod(md5Obj(CS:IntSeq), "hexdigest", .Vals) => str(md5hexCodes(CS))
197	reference-semantics/semantics/builtins.k	285	syntax	SUPPLIED_FIXED_SEMANTICS	function,total,symbol,no-evaluators	syntax IntSeq ::= md5hexCodes(IntSeq) [function, total, symbol(md5hexCodes), no-evaluators]
198	reference-semantics/semantics/builtins.k	291	rule	SUPPLIED_FIXED_SEMANTICS	ordinary-rule	rule applyBuiltin("isinstance", V:Val, typeV("int"), .Vals) => isIntV(V)
199	reference-semantics/semantics/builtins.k	292	rule	SUPPLIED_FIXED_SEMANTICS	ordinary-rule	rule applyBuiltin("isinstance", V:Val, typeV("str"), .Vals) => isStrV(V)
200	reference-semantics/semantics/builtins.k	293	syntax	SUPPLIED_FIXED_SEMANTICS	function	syntax Bool ::= isIntV(Val) [function] | isStrV(Val) [function]
201	reference-semantics/semantics/builtins.k	294	rule	SUPPLIED_FIXED_SEMANTICS	ordinary-rule	rule isIntV(_:Int) => true
202	reference-semantics/semantics/builtins.k	295	rule	SUPPLIED_FIXED_SEMANTICS	owise,ordinary-rule	rule isIntV(_:Val) => false [owise]
203	reference-semantics/semantics/builtins.k	296	rule	SUPPLIED_FIXED_SEMANTICS	ordinary-rule	rule isStrV(str(_:IntSeq)) => true
204	reference-semantics/semantics/builtins.k	297	rule	SUPPLIED_FIXED_SEMANTICS	owise,ordinary-rule	rule isStrV(_:Val) => false [owise] endmodule
205	reference-semantics/semantics/call.k	10	module	SUPPLIED_FIXED_SEMANTICS	-	module MPY-CALL
206	reference-semantics/semantics/call.k	11	imports	SUPPLIED_FIXED_SEMANTICS	-	imports MPY-METHODS
207	reference-semantics/semantics/call.k	12	imports	SUPPLIED_FIXED_SEMANTICS	-	imports MPY-BUILTINS
208	reference-semantics/semantics/call.k	13	imports	SUPPLIED_FIXED_SEMANTICS	-	imports MPY-FUNCTIONS
209	reference-semantics/semantics/call.k	16	rule	SUPPLIED_FIXED_SEMANTICS	ordinary-rule	rule <k> Attribute(V:Val, M:String) => boundMethodV(V, M) ... </k>
210	reference-semantics/semantics/call.k	19	syntax	SUPPLIED_FIXED_SEMANTICS	-	syntax KItem ::= #callee(Exprs)
211	reference-semantics/semantics/call.k	20	rule	SUPPLIED_FIXED_SEMANTICS	owise,ordinary-rule	rule <k> Call(Fe:Expr, ARGS:Exprs) => Fe ~> #callee(ARGS) ... </k> [owise]
212	reference-semantics/semantics/call.k	21	rule	SUPPLIED_FIXED_SEMANTICS	ordinary-rule	rule <k> CV:Val ~> #callee(ARGS:Exprs) => #evalArgs(ARGS, .Vals, toCall(CV)) ... </k>
213	reference-semantics/semantics/call.k	24	rule	SUPPLIED_FIXED_SEMANTICS	ordinary-rule	rule <k> #applyK(toCall(boundMethodV(OBJ:Val, M:String)), ACC:Vals) => applyMethod(OBJ, M, ACC) ... </k>
214	reference-semantics/semantics/call.k	26	rule	SUPPLIED_FIXED_SEMANTICS	ordinary-rule	rule <k> #applyK(toCall(builtinV("sum")), (OBJ:Iterable, .Vals)) => #sumAcc(OBJ, 0) ... </k>
215	reference-semantics/semantics/call.k	27	rule	SUPPLIED_FIXED_SEMANTICS	ordinary-rule	rule <k> #applyK(toCall(builtinV("all")), (OBJ:Iterable, .Vals)) => #allAcc(OBJ) ... </k>
216	reference-semantics/semantics/call.k	28	rule	SUPPLIED_FIXED_SEMANTICS	ordinary-rule	rule <k> #applyK(toCall(builtinV("any")), (OBJ:Iterable, .Vals)) => #anyAcc(OBJ) ... </k>
217	reference-semantics/semantics/call.k	29	rule	SUPPLIED_FIXED_SEMANTICS	ordinary-rule	rule <k> #applyK(toCall(builtinV("max")), (OBJ:Iterable, .Vals)) => #maxAcc0(OBJ) ... </k>
218	reference-semantics/semantics/call.k	30	rule	SUPPLIED_FIXED_SEMANTICS	ordinary-rule	rule <k> #applyK(toCall(builtinV("min")), (OBJ:Iterable, .Vals)) => #minAcc0(OBJ) ... </k>
219	reference-semantics/semantics/call.k	31	rule	SUPPLIED_FIXED_SEMANTICS	owise,ordinary-rule	rule <k> #applyK(toCall(builtinV(BN:String)), ACC:Vals) => applyBuiltin(BN, ACC) ... </k> [owise]
220	reference-semantics/semantics/call.k	32	rule	SUPPLIED_FIXED_SEMANTICS	ordinary-rule	rule <k> #applyK(toCall(typeV(T:String)), ACC:Vals) => applyBuiltin(T, ACC) ... </k>
221	reference-semantics/semantics/call.k	38	rule	SUPPLIED_FIXED_SEMANTICS	priority,ordinary-rule	rule <k> #applyK(toCall(builtinV(BN:String)), (ref(H:Int), REST:Vals)) => #applyK(toCall(builtinV(BN)), (V, REST)) ... </k> <heap> ... H |-> V:Val ... </heap> [priority(40)]
222	reference-semantics/semantics/call.k	42	rule	SUPPLIED_FIXED_SEMANTICS	priority,ordinary-rule	rule <k> #applyK(toCall(builtinV(BN:String)), (A:Val, ref(H:Int), REST:Vals)) => #applyK(toCall(builtinV(BN)), (A, V, REST)) ... </k> <heap> ... H |-> V:Val ... </heap> requires notBool isRefV(A) [priority(40)]
223	reference-semantics/semantics/call.k	47	rule	SUPPLIED_FIXED_SEMANTICS	priority,ordinary-rule	rule <k> #applyK(toCall(typeV(T:String)), (ref(H:Int), REST:Vals)) => #applyK(toCall(typeV(T)), (V, REST)) ... </k> <heap> ... H |-> V:Val ... </heap> [priority(40)]
224	reference-semantics/semantics/call.k	52	syntax	SUPPLIED_FIXED_SEMANTICS	function,total	syntax Bool ::= isMutMethod(String) [function, total]
225	reference-semantics/semantics/call.k	53	rule	SUPPLIED_FIXED_SEMANTICS	ordinary-rule	rule isMutMethod(M:String) => M ==String "append" orBool M ==String "sort" orBool M ==String "extend" orBool M ==String "insert" orBool M ==String "pop" orBool M ==String "remove"
226	reference-semantics/semantics/call.k	56	rule	SUPPLIED_FIXED_SEMANTICS	priority,ordinary-rule	rule <k> #applyK(toCall(boundMethodV(ref(H:Int), M:String)), ACC:Vals) => #applyK(toCall(boundMethodV(V, M)), ACC) ... </k> <heap> ... H |-> V:Val ... </heap> requires notBool isMutMethod(M) [priority(40)]
227	reference-semantics/semantics/call.k	63	rule	SUPPLIED_FIXED_SEMANTICS	priority,ordinary-rule	rule <k> #applyK(toCall(boundMethodV(OBJ:Val, M:String)), (ref(H:Int), REST:Vals)) => #applyK(toCall(boundMethodV(OBJ, M)), (V, REST)) ... </k> <heap> ... H |-> V:Val ... </heap> requires notBool isMutMethod(M) andBool notBool isRefV(OBJ) [priority(40)]
228	reference-semantics/semantics/call.k	69	rule	SUPPLIED_FIXED_SEMANTICS	ordinary-rule	rule <k> #applyK(toCall(closureVal(PNS:ParamNames, BODY:Stmts, DEFL:Int)), ACC:Vals) ~> CONT => #bindP(PNS, ACC) ~> BODY ~> #endcall </k> <env> CALLERL:Int => NEWL </env> <scopes> STORE:Map => STORE [ NEWL <- scope(.Map, parent(DEFL)) ] </scopes> <scopeLoc> NEWL:Int => NEWL +Int 1 </scopeLoc> <stack> .List => ListItem(frame(CONT, CALLERL, NEWL)) ... </stack>
229	reference-semantics/semantics/call.k	80	rule	SUPPLIED_FIXED_SEMANTICS	ordinary-rule	rule <k> #applyK(toCall(closureValC(PNS:ParamNames, CVS:ParamNames, BODY:Stmts, CM:Map)), ACC:Vals) ~> CONT => #allocCells(CVS) ~> #bindP(PNS, ACC) ~> BODY ~> #endcall </k> <env> CALLERL:Int => NEWL </env> <scopes> STORE:Map => STORE [ NEWL <- scope(CM [ "$cells" <- cellsMark(CVS) ], parent(0)) ] </scopes> <scopeLoc> NEWL:Int => NEWL +Int 1 </scopeLoc> <stack> .List => ListItem(frame(CONT, CALLERL, NEWL)) ... </stack>
230	reference-semantics/semantics/call.k	87	syntax	SUPPLIED_FIXED_SEMANTICS	-	syntax KItem ::= #allocCells(ParamNames)
231	reference-semantics/semantics/call.k	88	rule	SUPPLIED_FIXED_SEMANTICS	ordinary-rule	rule <k> #allocCells(.ParamNames) => .K ... </k>
232	reference-semantics/semantics/call.k	89	rule	SUPPLIED_FIXED_SEMANTICS	ordinary-rule	rule <k> #allocCells((CV:String, R:ParamNames)) => #allocCells(R) ... </k> <env> L:Int </env> <scopes> ... L |-> scope(M:Map => M [ CV <- cellRef(N) ], _) ... </scopes> <heap> H:Map => (N |-> cellV(noneV)) H </heap> <heapLoc> N:Int => N +Int 1 </heapLoc> requires notBool N in_keys(H) endmodule
233	reference-semantics/semantics/comprehension.k	3	module	SUPPLIED_FIXED_SEMANTICS	-	module MPY-COMPREHENSION
234	reference-semantics/semantics/comprehension.k	4	imports	SUPPLIED_FIXED_SEMANTICS	-	imports MPY-CORE
235	reference-semantics/semantics/comprehension.k	5	imports	SUPPLIED_FIXED_SEMANTICS	-	imports MPY-OPERATORS
236	reference-semantics/semantics/comprehension.k	6	imports	SUPPLIED_FIXED_SEMANTICS	-	imports MPY-LIST
237	reference-semantics/semantics/comprehension.k	7	imports	SUPPLIED_FIXED_SEMANTICS	-	imports MPY-CONTROLS
238	reference-semantics/semantics/comprehension.k	8	imports	SUPPLIED_FIXED_SEMANTICS	-	imports MPY-FUNCTIONS
239	reference-semantics/semantics/comprehension.k	11	rule	SUPPLIED_FIXED_SEMANTICS	ordinary-rule	rule ListComp(ELT:Expr, Gs:CompFors) => Call(closureExpr(.ParamNames, compBody(Gs, ELT)), .Exprs)
240	reference-semantics/semantics/comprehension.k	12	rule	SUPPLIED_FIXED_SEMANTICS	ordinary-rule	rule GenExp(ELT:Expr, Gs:CompFors) => Call(closureExpr(.ParamNames, compBody(Gs, ELT)), .Exprs)
241	reference-semantics/semantics/comprehension.k	14	syntax	SUPPLIED_FIXED_SEMANTICS	macro	syntax Stmts ::= compBody(CompFors, Expr) [macro]
242	reference-semantics/semantics/comprehension.k	15	rule	SUPPLIED_FIXED_SEMANTICS	ordinary-rule	rule compBody(Gs:CompFors, ELT:Expr) => Assign(Name("$acc"), ListExpr(.Exprs)) compNest(Gs, ELT) Return(Name("$acc"))
243	reference-semantics/semantics/comprehension.k	18	syntax	SUPPLIED_FIXED_SEMANTICS	macro-rec,macro	syntax Stmt ::= compNest(CompFors, Expr) [macro-rec]
244	reference-semantics/semantics/comprehension.k	19	rule	SUPPLIED_FIXED_SEMANTICS	ordinary-rule	rule compNest(.CompFors, ELT:Expr) => Assign(Name("$acc"), BinOp("+", Name("$acc"), ListExpr(ELT)))
245	reference-semantics/semantics/comprehension.k	21	rule	SUPPLIED_FIXED_SEMANTICS	ordinary-rule	rule compNest((CompFor(T:Expr, ITER:Expr, Fs:Exprs) GRest:CompFors), ELT:Expr) => For(T, ITER, If(compGuard(Fs), compNest(GRest, ELT), .Stmts))
246	reference-semantics/semantics/comprehension.k	24	syntax	SUPPLIED_FIXED_SEMANTICS	macro	syntax Expr ::= compGuard(Exprs) [macro]
247	reference-semantics/semantics/comprehension.k	25	rule	SUPPLIED_FIXED_SEMANTICS	ordinary-rule	rule compGuard(.Exprs) => Bool(true)
248	reference-semantics/semantics/comprehension.k	26	rule	SUPPLIED_FIXED_SEMANTICS	ordinary-rule	rule compGuard((F:Expr, Fs:Exprs)) => BoolOp("and", (F, Fs)) endmodule
249	reference-semantics/semantics/concrete.k	8	module	SUPPLIED_FIXED_SEMANTICS	-	module MPY-CONCRETE
250	reference-semantics/semantics/concrete.k	9	imports	SUPPLIED_FIXED_SEMANTICS	-	imports MPY
251	reference-semantics/semantics/concrete.k	13	rule	SUPPLIED_FIXED_SEMANTICS	ordinary-rule	rule <k> Compare(list(A:ValSeq), CmpOp("==", list(B:ValSeq))) => deepEqVS(A, B, HP) ... </k> <heap> HP:Map </heap> requires hasRefVS(A) orBool hasRefVS(B)
252	reference-semantics/semantics/concrete.k	16	rule	SUPPLIED_FIXED_SEMANTICS	ordinary-rule	rule <k> Compare(list(A:ValSeq), CmpOp("!=", list(B:ValSeq))) => notBool deepEqVS(A, B, HP) ... </k> <heap> HP:Map </heap> requires hasRefVS(A) orBool hasRefVS(B)
253	reference-semantics/semantics/concrete.k	25	syntax	SUPPLIED_FIXED_SEMANTICS	-	syntax Val ::= kvP(Val, Val)
254	reference-semantics/semantics/concrete.k	26	syntax	SUPPLIED_FIXED_SEMANTICS	-	syntax KItem ::= #ksort(ValSeq, Val, ValSeq, Bool) | #ksIns(Val, ValSeq, Val, ValSeq, Bool)
255	reference-semantics/semantics/concrete.k	28	rule	SUPPLIED_FIXED_SEMANTICS	priority,ordinary-rule	rule <k> #applyK(toCall(builtinV("sorted")), (list(VS:ValSeq), kwV("key", KV:Val), .Vals)) => #ksort(VS, KV, .ValSeq, false) ... </k> [priority(40)]
256	reference-semantics/semantics/concrete.k	31	rule	SUPPLIED_FIXED_SEMANTICS	priority,ordinary-rule	rule <k> #applyK(toCall(builtinV("sorted")), (list(VS:ValSeq), kwV("key", KV:Val), kwV("reverse", RB:Bool), .Vals)) => #ksort(VS, KV, .ValSeq, RB) ... </k> [priority(40)]
257	reference-semantics/semantics/concrete.k	34	rule	SUPPLIED_FIXED_SEMANTICS	ordinary-rule	rule <k> #ksort(.ValSeq, _:Val, ACC:ValSeq, RB:Bool) => #alloc(list(condRev(unpairVS(ACC), RB))) ... </k>
258	reference-semantics/semantics/concrete.k	36	rule	SUPPLIED_FIXED_SEMANTICS	ordinary-rule	rule <k> #ksort(vCons(V:Val, R:ValSeq), KV:Val, ACC:ValSeq, RB:Bool) => KV ~> #callee((V, .Exprs)) ~> #ksIns(V, R, KV, ACC, RB) ... </k>
259	reference-semantics/semantics/concrete.k	38	rule	SUPPLIED_FIXED_SEMANTICS	ordinary-rule	rule <k> K:Val ~> #ksIns(V:Val, R:ValSeq, KV:Val, ACC:ValSeq, RB:Bool) => #ksort(R, KV, insPair(ACC, K, V), RB) ... </k> requires notBool isKwV(K)
260	reference-semantics/semantics/concrete.k	42	syntax	SUPPLIED_FIXED_SEMANTICS	function	syntax ValSeq ::= insPair(ValSeq, Val, Val) [function]
261	reference-semantics/semantics/concrete.k	43	rule	SUPPLIED_FIXED_SEMANTICS	ordinary-rule	rule insPair(.ValSeq, K:Val, V:Val) => vCons(kvP(K, V), .ValSeq)
262	reference-semantics/semantics/concrete.k	44	rule	SUPPLIED_FIXED_SEMANTICS	ordinary-rule	rule insPair(vCons(kvP(K2:Val, V2:Val), R:ValSeq), K:Val, V:Val) => vCons(kvP(K, V), vCons(kvP(K2, V2), R)) requires kLt(K, K2)
263	reference-semantics/semantics/concrete.k	47	rule	SUPPLIED_FIXED_SEMANTICS	ordinary-rule	rule insPair(vCons(kvP(K2:Val, V2:Val), R:ValSeq), K:Val, V:Val) => vCons(kvP(K2, V2), insPair(R, K, V)) requires notBool kLt(K, K2)
264	reference-semantics/semantics/concrete.k	51	syntax	SUPPLIED_FIXED_SEMANTICS	function	syntax Bool ::= kLt(Val, Val) [function]
265	reference-semantics/semantics/concrete.k	52	rule	SUPPLIED_FIXED_SEMANTICS	ordinary-rule	rule kLt(I1:Int, I2:Int) => I1 <Int I2
266	reference-semantics/semantics/concrete.k	53	rule	SUPPLIED_FIXED_SEMANTICS	ordinary-rule	rule kLt(F1:Float, F2:Float) => F1 <Float F2
267	reference-semantics/semantics/concrete.k	54	rule	SUPPLIED_FIXED_SEMANTICS	ordinary-rule	rule kLt(str(A:IntSeq), str(B:IntSeq)) => strLt(A, B)
268	reference-semantics/semantics/concrete.k	56	syntax	SUPPLIED_FIXED_SEMANTICS	function,total	syntax ValSeq ::= unpairVS(ValSeq) [function, total]
269	reference-semantics/semantics/concrete.k	57	rule	SUPPLIED_FIXED_SEMANTICS	ordinary-rule	rule unpairVS(.ValSeq) => .ValSeq
270	reference-semantics/semantics/concrete.k	58	rule	SUPPLIED_FIXED_SEMANTICS	ordinary-rule	rule unpairVS(vCons(kvP(_:Val, V:Val), R:ValSeq)) => vCons(V, unpairVS(R))
271	reference-semantics/semantics/concrete.k	59	rule	SUPPLIED_FIXED_SEMANTICS	owise,ordinary-rule	rule unpairVS(vCons(V:Val, R:ValSeq)) => vCons(V, unpairVS(R)) [owise] endmodule
272	reference-semantics/semantics/controls.k	3	module	SUPPLIED_FIXED_SEMANTICS	-	module MPY-CONTROLS
273	reference-semantics/semantics/controls.k	4	imports	SUPPLIED_FIXED_SEMANTICS	-	imports MPY-CORE
274	reference-semantics/semantics/controls.k	5	imports	SUPPLIED_FIXED_SEMANTICS	-	imports MPY-TUPLE
275	reference-semantics/semantics/controls.k	6	imports	SUPPLIED_FIXED_SEMANTICS	-	imports MPY-ITER
276	reference-semantics/semantics/controls.k	9	rule	SUPPLIED_FIXED_SEMANTICS	ordinary-rule	rule <k> Assign(Name(X:String), V:Val) => .K ... </k> <env> L:Int </env> <scopes> ... L |-> scope(M:Map => M [ X <- V ], _) ... </scopes>
277	reference-semantics/semantics/controls.k	12	rule	SUPPLIED_FIXED_SEMANTICS	priority,ordinary-rule	rule <k> Assign(Name(X:String), V:Val) => #cellW({M[X]}:>Val, V) ... </k> <env> L:Int </env> <scopes> ... L |-> scope(M:Map, _) ... </scopes> requires "$cells" in_keys(M) andBool pnMember(X, cellsOf({M["$cells"]}:>Val)) andBool X in_keys(M) andBool isCellRef({M[X]}:>Val) [priority(40)]
278	reference-semantics/semantics/controls.k	20	rule	SUPPLIED_FIXED_SEMANTICS	ordinary-rule	rule <k> AugAssign(Name(X:String), OP:String, V:Val) => .K ... </k> <env> L:Int </env> <scopes> ... L |-> scope(M:Map => M [ X <- applyBin(OP, {M[X]}:>Val, V) ], _) ... </scopes> requires X in_keys(M)
279	reference-semantics/semantics/controls.k	27	rule	SUPPLIED_FIXED_SEMANTICS	priority,ordinary-rule	rule <k> AugAssign(Name(X:String), OP:String, V:Val) => Assign(Name(X), BinOp(OP, Name(X), V)) ... </k> <env> L:Int </env> <scopes> ... L |-> scope(M:Map, _) ... </scopes> requires X in_keys(M) andBool isRefV({M[X]}:>Val) [priority(40)]
280	reference-semantics/semantics/controls.k	35	rule	SUPPLIED_FIXED_SEMANTICS	ordinary-rule	rule <k> ImportFrom("math", NS:ParamNames) => #bindImports(NS) ... </k>
281	reference-semantics/semantics/controls.k	36	rule	SUPPLIED_FIXED_SEMANTICS	owise,ordinary-rule	rule <k> ImportFrom(_:String, _:ParamNames) => .K ... </k> [owise]
282	reference-semantics/semantics/controls.k	37	syntax	SUPPLIED_FIXED_SEMANTICS	-	syntax KItem ::= #bindImports(ParamNames)
283	reference-semantics/semantics/controls.k	38	rule	SUPPLIED_FIXED_SEMANTICS	ordinary-rule	rule <k> #bindImports(.ParamNames) => .K ... </k>
284	reference-semantics/semantics/controls.k	39	rule	SUPPLIED_FIXED_SEMANTICS	ordinary-rule	rule <k> #bindImports((N:String, NS:ParamNames)) => #bindImports(NS) ... </k> <env> L:Int </env> <scopes> ... L |-> scope(M:Map => M [ N <- builtinV(N) ], _) ... </scopes> requires N ==String "floor" orBool N ==String "ceil"
285	reference-semantics/semantics/controls.k	43	rule	SUPPLIED_FIXED_SEMANTICS	ordinary-rule	rule <k> #bindImports((N:String, NS:ParamNames)) => #bindImports(NS) ... </k> requires notBool (N ==String "floor" orBool N ==String "ceil")
286	reference-semantics/semantics/controls.k	48	rule	SUPPLIED_FIXED_SEMANTICS	ordinary-rule	rule <k> Expr(_:Val) => .K ... </k>
287	reference-semantics/semantics/controls.k	51	syntax	SUPPLIED_FIXED_SEMANTICS	-	syntax KItem ::= #branch(Bool, Stmts, Stmts)
288	reference-semantics/semantics/controls.k	52	rule	SUPPLIED_FIXED_SEMANTICS	ordinary-rule	rule <k> If(C:Val, T:Stmts, E:Stmts) => #branch(truthy(C), T, E) ... </k>
289	reference-semantics/semantics/controls.k	53	rule	SUPPLIED_FIXED_SEMANTICS	ordinary-rule	rule <k> #branch(true, T:Stmts, _:Stmts) => T ... </k>
290	reference-semantics/semantics/controls.k	54	rule	SUPPLIED_FIXED_SEMANTICS	ordinary-rule	rule <k> #branch(false, _:Stmts, E:Stmts) => E ... </k>
291	reference-semantics/semantics/controls.k	57	rule	SUPPLIED_FIXED_SEMANTICS	ordinary-rule	rule <k> IfExp(V:Val, T:Expr, _:Expr) => T ... </k> requires truthy(V)
292	reference-semantics/semantics/controls.k	59	rule	SUPPLIED_FIXED_SEMANTICS	ordinary-rule	rule <k> IfExp(V:Val, _:Expr, E:Expr) => E ... </k> requires notBool truthy(V)
293	reference-semantics/semantics/controls.k	65	syntax	SUPPLIED_FIXED_SEMANTICS	-	syntax KItem ::= #loop(Val, Expr, Stmts) | #loopStep(Expr, Stmts) | #while(Expr, Stmts) | #whileCond(Expr, Stmts) | #loopLbl(K) | "#cont" | "#brk"
294	reference-semantics/semantics/controls.k	69	rule	SUPPLIED_FIXED_SEMANTICS	ordinary-rule	rule <k> For(T:Expr, OBJ:Val, B:Stmts) => #loop(OBJ, T, B) ... </k>
295	reference-semantics/semantics/controls.k	71	rule	SUPPLIED_FIXED_SEMANTICS	ordinary-rule	rule <k> #loop(IT:Iterable, T:Expr, B:Stmts) => #iterNext(IT) ~> #loopStep(T, B) ... </k>
296	reference-semantics/semantics/controls.k	72	rule	SUPPLIED_FIXED_SEMANTICS	ordinary-rule	rule <k> #iterDone ~> #loopStep(_:Expr, _:Stmts) => .K ... </k>
297	reference-semantics/semantics/controls.k	73	rule	SUPPLIED_FIXED_SEMANTICS	ordinary-rule	rule <k> #iterYield(V:Val, REST:Iterable) ~> #loopStep(T:Expr, B:Stmts) => #bindTgt(T, V) ~> B ~> #loopLbl(#loop(REST, T, B)) ... </k>
298	reference-semantics/semantics/controls.k	77	rule	SUPPLIED_FIXED_SEMANTICS	ordinary-rule	rule <k> While(C:Expr, B:Stmts) => #while(C, B) ... </k>
299	reference-semantics/semantics/controls.k	78	rule	SUPPLIED_FIXED_SEMANTICS	ordinary-rule	rule <k> #while(C:Expr, B:Stmts) => C ~> #whileCond(C, B) ... </k>
300	reference-semantics/semantics/controls.k	79	rule	SUPPLIED_FIXED_SEMANTICS	ordinary-rule	rule <k> V:Val ~> #whileCond(C:Expr, B:Stmts) => B ~> #loopLbl(#while(C, B)) ... </k> requires truthy(V)
301	reference-semantics/semantics/controls.k	81	rule	SUPPLIED_FIXED_SEMANTICS	ordinary-rule	rule <k> V:Val ~> #whileCond(_C:Expr, _B:Stmts) => .K ... </k> requires notBool truthy(V)
302	reference-semantics/semantics/controls.k	85	rule	SUPPLIED_FIXED_SEMANTICS	ordinary-rule	rule <k> #loopLbl(NEXT:K) => NEXT ... </k>
303	reference-semantics/semantics/controls.k	86	rule	SUPPLIED_FIXED_SEMANTICS	ordinary-rule	rule <k> Continue => #cont ... </k>
304	reference-semantics/semantics/controls.k	87	rule	SUPPLIED_FIXED_SEMANTICS	ordinary-rule	rule <k> Break => #brk ... </k>
305	reference-semantics/semantics/controls.k	88	rule	SUPPLIED_FIXED_SEMANTICS	ordinary-rule	rule <k> #cont ~> #loopLbl(NEXT:K) => NEXT ... </k>
306	reference-semantics/semantics/controls.k	89	rule	SUPPLIED_FIXED_SEMANTICS	owise,ordinary-rule	rule <k> #cont ~> (_:KItem => .K) ... </k> [owise]
307	reference-semantics/semantics/controls.k	90	rule	SUPPLIED_FIXED_SEMANTICS	ordinary-rule	rule <k> #brk ~> #loopLbl(_:K) => .K ... </k>
308	reference-semantics/semantics/controls.k	91	rule	SUPPLIED_FIXED_SEMANTICS	owise,ordinary-rule	rule <k> #brk ~> (_:KItem => .K) ... </k> [owise]
309	reference-semantics/semantics/controls.k	95	rule	SUPPLIED_FIXED_SEMANTICS	priority,ordinary-rule	rule <k> If(ref(H:Int), T:Stmts, E:Stmts) => If(V, T, E) ... </k> <heap> ... H |-> V:Val ... </heap> [priority(40)]
310	reference-semantics/semantics/controls.k	98	rule	SUPPLIED_FIXED_SEMANTICS	priority,ordinary-rule	rule <k> IfExp(ref(H:Int), T:Expr, E:Expr) => IfExp(V, T, E) ... </k> <heap> ... H |-> V:Val ... </heap> [priority(40)]
311	reference-semantics/semantics/controls.k	101	rule	SUPPLIED_FIXED_SEMANTICS	priority,ordinary-rule	rule <k> ref(H:Int) ~> #whileCond(C:Expr, B:Stmts) => V ~> #whileCond(C, B) ... </k> <heap> ... H |-> V:Val ... </heap> [priority(40)]
312	reference-semantics/semantics/controls.k	106	rule	SUPPLIED_FIXED_SEMANTICS	priority,ordinary-rule	rule <k> For(T:Expr, ref(H:Int), B:Stmts) => For(T, V, B) ... </k> <heap> ... H |-> V:Val ... </heap> [priority(40)] endmodule
313	reference-semantics/semantics/core.k	3	module	SUPPLIED_FIXED_SEMANTICS	-	module MPY-CORE
314	reference-semantics/semantics/core.k	4	imports	SUPPLIED_FIXED_SEMANTICS	-	imports MPY-SYNTAX
315	reference-semantics/semantics/core.k	5	imports	SUPPLIED_FIXED_SEMANTICS	-	imports INT
316	reference-semantics/semantics/core.k	6	imports	SUPPLIED_FIXED_SEMANTICS	-	imports BOOL
317	reference-semantics/semantics/core.k	7	imports	SUPPLIED_FIXED_SEMANTICS	-	imports STRING
318	reference-semantics/semantics/core.k	8	imports	SUPPLIED_FIXED_SEMANTICS	-	imports MAP
319	reference-semantics/semantics/core.k	9	imports	SUPPLIED_FIXED_SEMANTICS	-	imports LIST
320	reference-semantics/semantics/core.k	10	imports	SUPPLIED_FIXED_SEMANTICS	-	imports K-EQUAL
321	reference-semantics/semantics/core.k	13	syntax	SUPPLIED_FIXED_SEMANTICS	-	syntax IntSeq ::= ".IntSeq" | iCons(Int, IntSeq)
322	reference-semantics/semantics/core.k	14	syntax	SUPPLIED_FIXED_SEMANTICS	-	syntax ValSeq ::= ".ValSeq" | vCons(Val, ValSeq)
323	reference-semantics/semantics/core.k	15	syntax	SUPPLIED_FIXED_SEMANTICS	-	syntax Str ::= str(IntSeq)
324	reference-semantics/semantics/core.k	18	syntax	SUPPLIED_FIXED_SEMANTICS	-	syntax Iterable ::= list(ValSeq) | tuple(ValSeq) | Str | rangeObj(Int, Int, Int) | zipObj(ValSeq, ValSeq) | zipObjS(IntSeq, IntSeq)
325	reference-semantics/semantics/core.k	25	syntax	SUPPLIED_FIXED_SEMANTICS	-	syntax Val ::= Int | Bool | "noneV" | Iterable | ref(Int) | cellRef(Int) | closureVal(ParamNames, Stmts, Int) | typeV(String) | builtinV(String) | boundMethodV(Val, String)
326	reference-semantics/semantics/core.k	36	syntax	SUPPLIED_FIXED_SEMANTICS	-	syntax Parent ::= "root" | parent(Int)
327	reference-semantics/semantics/core.k	37	syntax	SUPPLIED_FIXED_SEMANTICS	-	syntax Scope ::= scope(Map, Parent)
328	reference-semantics/semantics/core.k	38	syntax	SUPPLIED_FIXED_SEMANTICS	-	syntax KResult ::= Val
329	reference-semantics/semantics/core.k	39	syntax	SUPPLIED_FIXED_SEMANTICS	-	syntax Expr ::= Val
330	reference-semantics/semantics/core.k	40	syntax	SUPPLIED_FIXED_SEMANTICS	-	syntax Vals ::= List{Val, ","}
331	reference-semantics/semantics/core.k	41	syntax	SUPPLIED_FIXED_SEMANTICS	-	syntax Exc ::= "NoExc" | "AssertionError"
332	reference-semantics/semantics/core.k	42	syntax	SUPPLIED_FIXED_SEMANTICS	-	syntax RetState ::= "noRet" | retV(Val)
333	reference-semantics/semantics/core.k	49	configuration	SUPPLIED_FIXED_SEMANTICS	-	configuration <k> #loadAll($PGM:Module) </k> <env> 0 </env> <scopes> 0 |-> scope(.Map, parent(-1)) -1 |-> builtinsScope </scopes> <scopeLoc> 1 </scopeLoc> <heap> .Map </heap> <heapLoc> 0 </heapLoc> <stack> .List </stack> <ret> noRet </ret> <exc> NoExc </exc> <exit-code exit=""> 0 </exit-code>
334	reference-semantics/semantics/core.k	68	syntax	SUPPLIED_FIXED_SEMANTICS	function,total	syntax Bool ::= isRefV(Val) [function, total]
335	reference-semantics/semantics/core.k	69	rule	SUPPLIED_FIXED_SEMANTICS	ordinary-rule	rule isRefV(ref(_:Int)) => true
336	reference-semantics/semantics/core.k	70	rule	SUPPLIED_FIXED_SEMANTICS	owise,ordinary-rule	rule isRefV(_:Val) => false [owise]
337	reference-semantics/semantics/core.k	75	syntax	SUPPLIED_FIXED_SEMANTICS	-	syntax HeapVal ::= cellV(Val)
338	reference-semantics/semantics/core.k	76	syntax	SUPPLIED_FIXED_SEMANTICS	function,total	syntax Bool ::= isCellRef(Val) [function, total]
339	reference-semantics/semantics/core.k	77	rule	SUPPLIED_FIXED_SEMANTICS	ordinary-rule	rule isCellRef(cellRef(_:Int)) => true
340	reference-semantics/semantics/core.k	78	rule	SUPPLIED_FIXED_SEMANTICS	owise,ordinary-rule	rule isCellRef(_:Val) => false [owise]
341	reference-semantics/semantics/core.k	85	rule	SUPPLIED_FIXED_SEMANTICS	priority,ordinary-rule	rule <k> cellRef(H:Int) => V ... </k> <env> L:Int </env> <scopes> ... L |-> scope(M:Map, _) ... </scopes> <heap> ... H |-> cellV(V:Val) ... </heap> requires "$cells" in_keys(M) [priority(40)]
342	reference-semantics/semantics/core.k	95	syntax	SUPPLIED_FIXED_SEMANTICS	-	syntax Val ::= kwV(String, Val)
343	reference-semantics/semantics/core.k	96	syntax	SUPPLIED_FIXED_SEMANTICS	-	syntax KItem ::= #kwTag(String)
344	reference-semantics/semantics/core.k	97	rule	SUPPLIED_FIXED_SEMANTICS	ordinary-rule	rule <k> KwArg(N:String, E:Expr) => E ~> #kwTag(N) ... </k>
345	reference-semantics/semantics/core.k	98	rule	SUPPLIED_FIXED_SEMANTICS	ordinary-rule	rule <k> V:Val ~> #kwTag(N:String) => kwV(N, V) ... </k> requires notBool isKwV(V)
346	reference-semantics/semantics/core.k	100	syntax	SUPPLIED_FIXED_SEMANTICS	function,total	syntax Bool ::= isKwV(Val) [function, total]
347	reference-semantics/semantics/core.k	101	rule	SUPPLIED_FIXED_SEMANTICS	ordinary-rule	rule isKwV(kwV(_:String, _:Val)) => true
348	reference-semantics/semantics/core.k	102	rule	SUPPLIED_FIXED_SEMANTICS	owise,ordinary-rule	rule isKwV(_:Val) => false [owise]
349	reference-semantics/semantics/core.k	106	syntax	SUPPLIED_FIXED_SEMANTICS	-	syntax Val ::= cellsMark(ParamNames)
350	reference-semantics/semantics/core.k	107	syntax	SUPPLIED_FIXED_SEMANTICS	function	syntax ParamNames ::= cellsOf(Val) [function]
351	reference-semantics/semantics/core.k	108	rule	SUPPLIED_FIXED_SEMANTICS	ordinary-rule	rule cellsOf(cellsMark(CVS:ParamNames)) => CVS
352	reference-semantics/semantics/core.k	109	syntax	SUPPLIED_FIXED_SEMANTICS	function,total	syntax Bool ::= pnMember(String, ParamNames) [function, total]
353	reference-semantics/semantics/core.k	110	rule	SUPPLIED_FIXED_SEMANTICS	ordinary-rule	rule pnMember(_:String, .ParamNames) => false
354	reference-semantics/semantics/core.k	111	rule	SUPPLIED_FIXED_SEMANTICS	ordinary-rule	rule pnMember(X:String, (P:String, R:ParamNames)) => X ==String P orBool pnMember(X, R)
355	reference-semantics/semantics/core.k	113	syntax	SUPPLIED_FIXED_SEMANTICS	-	syntax KItem ::= #cellW(Val, Val)
356	reference-semantics/semantics/core.k	114	rule	SUPPLIED_FIXED_SEMANTICS	ordinary-rule	rule <k> #cellW(cellRef(H:Int), V:Val) => .K ... </k> <heap> ... H |-> cellV(_:Val => V) ... </heap>
357	reference-semantics/semantics/core.k	117	syntax	SUPPLIED_FIXED_SEMANTICS	-	syntax KItem ::= #alloc(Val)
358	reference-semantics/semantics/core.k	118	rule	SUPPLIED_FIXED_SEMANTICS	ordinary-rule	rule <k> #alloc(V:Val) => ref(N) ... </k> <heap> H:Map => (N |-> V) H </heap> <heapLoc> N:Int => N +Int 1 </heapLoc> requires notBool N in_keys(H)
359	reference-semantics/semantics/core.k	124	syntax	SUPPLIED_FIXED_SEMANTICS	-	syntax KItem ::= #loadAll(Module)
360	reference-semantics/semantics/core.k	125	rule	SUPPLIED_FIXED_SEMANTICS	ordinary-rule	rule <k> #loadAll(Module(SS:Stmts)) => SS ... </k>
361	reference-semantics/semantics/core.k	126	rule	SUPPLIED_FIXED_SEMANTICS	ordinary-rule	rule <k> (S:Stmt SS:Stmts):Stmts => S ~> SS ... </k>
362	reference-semantics/semantics/core.k	127	rule	SUPPLIED_FIXED_SEMANTICS	ordinary-rule	rule <k> .Stmts => .K ... </k>
363	reference-semantics/semantics/core.k	130	syntax	SUPPLIED_FIXED_SEMANTICS	-	syntax KItem ::= #look(String, Int)
364	reference-semantics/semantics/core.k	131	rule	SUPPLIED_FIXED_SEMANTICS	ordinary-rule	rule <k> Name(X:String) => #look(X, L) ... </k> <env> L:Int </env>
365	reference-semantics/semantics/core.k	132	rule	SUPPLIED_FIXED_SEMANTICS	ordinary-rule	rule <k> #look(X:String, L:Int) => {M[X]}:>Val ... </k> <scopes> ... L |-> scope(M:Map, _:Parent) ... </scopes> requires X in_keys(M)
366	reference-semantics/semantics/core.k	145	rule	SUPPLIED_FIXED_SEMANTICS	priority,ordinary-rule	rule <k> #look(X:String, L:Int) => V ... </k> <scopes> ... L |-> scope(M:Map, _:Parent) ... </scopes> <heap> ... H |-> cellV(V:Val) ... </heap> requires X in_keys(M) andBool "$cells" in_keys(M) andBool pnMember(X, cellsOf({M["$cells"]}:>Val)) andBool {M[X]}:>Val ==K cellRef(H) [priority(40)]
367	reference-semantics/semantics/core.k	152	rule	SUPPLIED_FIXED_SEMANTICS	ordinary-rule	rule <k> #look(X:String, L:Int) => #look(X, P) ... </k> <scopes> ... L |-> scope(M:Map, parent(P:Int)) ... </scopes> requires notBool (X in_keys(M))
368	reference-semantics/semantics/core.k	157	syntax	SUPPLIED_FIXED_SEMANTICS	function,total	syntax Scope ::= "builtinsScope" [function, total]
369	reference-semantics/semantics/core.k	158	rule	SUPPLIED_FIXED_SEMANTICS	ordinary-rule	rule builtinsScope => scope(.Map [ "len" <- builtinV("len") ] [ "set" <- builtinV("set") ] [ "sum" <- builtinV("sum") ] [ "abs" <- builtinV("abs") ] [ "min" <- builtinV("min") ] [ "max" <- builtinV("max") ] [ "ord" <- builtinV("ord") ] [ "chr" <- builtinV("chr") ] [ "range" <- builtinV("range") ] [ "all" <- builtinV("all") ] [ "any" <- builtinV("any") ] [ "zip" <- builtinV("zip") ] [ "isinstance" <- builtinV("isinstance") ] [ "sorted" <- builtinV("sorted") ] [ "list" <- builtinV("list") ] [ "round" <- builtinV("round") ] [ "bin" <- builtinV("bin") ] [ "enumerate" <- builtinV("enumerate") ] [ "map" <- builtinV("map") ] [ "eval" <- builtinV("eval") ] [ "int" <- typeV("int") ] [ "str" <- typeV("str") ] [ "float" <- typeV("float") ], root)
370	reference-semantics/semantics/core.k	185	syntax	SUPPLIED_FIXED_SEMANTICS	-	syntax ApplyK ::= toCall(Val)
371	reference-semantics/semantics/core.k	186	syntax	SUPPLIED_FIXED_SEMANTICS	-	syntax KItem ::= #evalArgs(Exprs, Vals, ApplyK) | #evalArgCont(Exprs, Vals, ApplyK) | #applyK(ApplyK, Vals)
372	reference-semantics/semantics/core.k	189	rule	SUPPLIED_FIXED_SEMANTICS	ordinary-rule	rule <k> #evalArgs((A:Expr, REST:Exprs), ACC:Vals, K:ApplyK) => A ~> #evalArgCont(REST, ACC, K) ... </k>
373	reference-semantics/semantics/core.k	190	rule	SUPPLIED_FIXED_SEMANTICS	ordinary-rule	rule <k> V:Val ~> #evalArgCont(REST:Exprs, ACC:Vals, K:ApplyK) => #evalArgs(REST, appendVal(ACC, V), K) ... </k>
374	reference-semantics/semantics/core.k	191	rule	SUPPLIED_FIXED_SEMANTICS	ordinary-rule	rule <k> #evalArgs(.Exprs, ACC:Vals, K:ApplyK) => #applyK(K, ACC) ... </k>
375	reference-semantics/semantics/core.k	194	rule	SUPPLIED_FIXED_SEMANTICS	ordinary-rule	rule <k> Int(I:Int) => I ... </k>
376	reference-semantics/semantics/core.k	195	rule	SUPPLIED_FIXED_SEMANTICS	ordinary-rule	rule <k> Bool(B:Bool) => B ... </k>
377	reference-semantics/semantics/core.k	196	rule	SUPPLIED_FIXED_SEMANTICS	ordinary-rule	rule <k> NoneVal => noneV ... </k>
378	reference-semantics/semantics/core.k	199	syntax	SUPPLIED_FIXED_SEMANTICS	function	syntax Bool ::= truthy(Val) [function]
379	reference-semantics/semantics/core.k	200	rule	SUPPLIED_FIXED_SEMANTICS	ordinary-rule	rule truthy(B:Bool) => B
380	reference-semantics/semantics/core.k	201	rule	SUPPLIED_FIXED_SEMANTICS	ordinary-rule	rule truthy(noneV) => false
381	reference-semantics/semantics/core.k	202	rule	SUPPLIED_FIXED_SEMANTICS	ordinary-rule	rule truthy(I:Int) => I =/=Int 0
382	reference-semantics/semantics/core.k	203	rule	SUPPLIED_FIXED_SEMANTICS	ordinary-rule	rule truthy(str(S:IntSeq)) => notBool (S ==K .IntSeq)
383	reference-semantics/semantics/core.k	204	rule	SUPPLIED_FIXED_SEMANTICS	ordinary-rule	rule truthy(list(V:ValSeq)) => notBool (V ==K .ValSeq)
384	reference-semantics/semantics/core.k	205	rule	SUPPLIED_FIXED_SEMANTICS	ordinary-rule	rule truthy(tuple(V:ValSeq)) => notBool (V ==K .ValSeq)
385	reference-semantics/semantics/core.k	208	syntax	SUPPLIED_FIXED_SEMANTICS	function	syntax Val ::= applyUn(String, Val) [function]
386	reference-semantics/semantics/core.k	209	syntax	SUPPLIED_FIXED_SEMANTICS	function	syntax Val ::= applyBin(String, Val, Val) [function]
387	reference-semantics/semantics/core.k	210	syntax	SUPPLIED_FIXED_SEMANTICS	function	syntax Bool ::= applyCmp(String, Val, Val) [function]
388	reference-semantics/semantics/core.k	213	syntax	SUPPLIED_FIXED_SEMANTICS	function,total	syntax Vals ::= appendVal(Vals, Val) [function, total]
389	reference-semantics/semantics/core.k	214	rule	SUPPLIED_FIXED_SEMANTICS	ordinary-rule	rule appendVal(.Vals, V:Val) => V , .Vals
390	reference-semantics/semantics/core.k	215	rule	SUPPLIED_FIXED_SEMANTICS	ordinary-rule	rule appendVal((V0:Val, VS:Vals), V:Val) => V0 , appendVal(VS, V)
391	reference-semantics/semantics/core.k	217	syntax	SUPPLIED_FIXED_SEMANTICS	function,total	syntax ValSeq ::= vals2valSeq(Vals) [function, total]
392	reference-semantics/semantics/core.k	218	rule	SUPPLIED_FIXED_SEMANTICS	ordinary-rule	rule vals2valSeq(.Vals) => .ValSeq
393	reference-semantics/semantics/core.k	219	rule	SUPPLIED_FIXED_SEMANTICS	ordinary-rule	rule vals2valSeq((V:Val, VS:Vals)) => vCons(V, vals2valSeq(VS))
394	reference-semantics/semantics/core.k	223	syntax	SUPPLIED_FIXED_SEMANTICS	function,total	syntax Int ::= vsLen(ValSeq) [function, total]
395	reference-semantics/semantics/core.k	224	rule	SUPPLIED_FIXED_SEMANTICS	ordinary-rule	rule vsLen(.ValSeq) => 0
396	reference-semantics/semantics/core.k	225	rule	SUPPLIED_FIXED_SEMANTICS	ordinary-rule	rule vsLen(vCons(_:Val, S:ValSeq)) => 1 +Int vsLen(S)
397	reference-semantics/semantics/core.k	227	syntax	SUPPLIED_FIXED_SEMANTICS	function,total	syntax Int ::= isLen(IntSeq) [function, total]
398	reference-semantics/semantics/core.k	228	rule	SUPPLIED_FIXED_SEMANTICS	ordinary-rule	rule isLen(.IntSeq) => 0
399	reference-semantics/semantics/core.k	229	rule	SUPPLIED_FIXED_SEMANTICS	ordinary-rule	rule isLen(iCons(_:Int, S:IntSeq)) => 1 +Int isLen(S)
400	reference-semantics/semantics/core.k	233	syntax	SUPPLIED_FIXED_SEMANTICS	function,total	syntax ValSeq ::= setVSAt(ValSeq, Int, Val) [function, total]
401	reference-semantics/semantics/core.k	234	rule	SUPPLIED_FIXED_SEMANTICS	ordinary-rule	rule setVSAt(.ValSeq, _:Int, _:Val) => .ValSeq
402	reference-semantics/semantics/core.k	235	rule	SUPPLIED_FIXED_SEMANTICS	ordinary-rule	rule setVSAt(vCons(_:Val, S:ValSeq), 0, V:Val) => vCons(V, S)
403	reference-semantics/semantics/core.k	236	rule	SUPPLIED_FIXED_SEMANTICS	ordinary-rule	rule setVSAt(vCons(W:Val, S:ValSeq), I:Int, V:Val) => vCons(W, setVSAt(S, I -Int 1, V)) requires I >Int 0
404	reference-semantics/semantics/core.k	238	rule	SUPPLIED_FIXED_SEMANTICS	ordinary-rule	rule setVSAt(VS:ValSeq, I:Int, _:Val) => VS requires I <Int 0 endmodule
405	reference-semantics/semantics/dict.k	13	module	SUPPLIED_FIXED_SEMANTICS	-	module MPY-DICT
406	reference-semantics/semantics/dict.k	14	imports	SUPPLIED_FIXED_SEMANTICS	-	imports MPY-CORE
407	reference-semantics/semantics/dict.k	15	imports	SUPPLIED_FIXED_SEMANTICS	-	imports MPY-ITER
408	reference-semantics/semantics/dict.k	16	imports	SUPPLIED_FIXED_SEMANTICS	-	imports MPY-METHODS
409	reference-semantics/semantics/dict.k	17	imports	SUPPLIED_FIXED_SEMANTICS	-	imports MPY-LIST
410	reference-semantics/semantics/dict.k	20	syntax	SUPPLIED_FIXED_SEMANTICS	-	syntax Val ::= dictV(ValSeq, ValSeq)
411	reference-semantics/semantics/dict.k	23	syntax	SUPPLIED_FIXED_SEMANTICS	-	syntax KItem ::= #dictAcc(Entries, ValSeq, ValSeq) | #dictKey(Expr, Entries, ValSeq, ValSeq) | #dictVal(Val, Entries, ValSeq, ValSeq)
412	reference-semantics/semantics/dict.k	26	rule	SUPPLIED_FIXED_SEMANTICS	ordinary-rule	rule <k> DictExpr(ES:Entries) => #dictAcc(ES, .ValSeq, .ValSeq) ... </k>
413	reference-semantics/semantics/dict.k	27	rule	SUPPLIED_FIXED_SEMANTICS	ordinary-rule	rule <k> #dictAcc(.Entries, KS:ValSeq, VS:ValSeq) => dictV(KS, VS) ... </k>
414	reference-semantics/semantics/dict.k	28	rule	SUPPLIED_FIXED_SEMANTICS	ordinary-rule	rule <k> #dictAcc((Entry(K:Expr, V:Expr), REST:Entries), KS:ValSeq, VS:ValSeq) => K ~> #dictKey(V, REST, KS, VS) ... </k>
415	reference-semantics/semantics/dict.k	30	rule	SUPPLIED_FIXED_SEMANTICS	ordinary-rule	rule <k> KV:Val ~> #dictKey(V:Expr, REST:Entries, KS:ValSeq, VS:ValSeq) => V ~> #dictVal(KV, REST, KS, VS) ... </k>
416	reference-semantics/semantics/dict.k	32	rule	SUPPLIED_FIXED_SEMANTICS	ordinary-rule	rule <k> VV:Val ~> #dictVal(KV:Val, REST:Entries, KS:ValSeq, VS:ValSeq) => #dictAcc(REST, dPutK(KS, KV), dPutV(KS, VS, KV, VV)) ... </k>
417	reference-semantics/semantics/dict.k	37	syntax	SUPPLIED_FIXED_SEMANTICS	function,total	syntax Bool ::= dHasKey(ValSeq, Val) [function, total]
418	reference-semantics/semantics/dict.k	38	rule	SUPPLIED_FIXED_SEMANTICS	ordinary-rule	rule dHasKey(.ValSeq, _:Val) => false
419	reference-semantics/semantics/dict.k	39	rule	SUPPLIED_FIXED_SEMANTICS	ordinary-rule	rule dHasKey(vCons(A:Val, _:ValSeq), K:Val) => true requires A ==K K
420	reference-semantics/semantics/dict.k	40	rule	SUPPLIED_FIXED_SEMANTICS	ordinary-rule	rule dHasKey(vCons(A:Val, R:ValSeq), K:Val) => dHasKey(R, K) requires notBool (A ==K K)
421	reference-semantics/semantics/dict.k	43	syntax	SUPPLIED_FIXED_SEMANTICS	function,total	syntax ValSeq ::= dPutK(ValSeq, Val) [function, total]
422	reference-semantics/semantics/dict.k	44	rule	SUPPLIED_FIXED_SEMANTICS	ordinary-rule	rule dPutK(KS:ValSeq, K:Val) => KS requires dHasKey(KS, K)
423	reference-semantics/semantics/dict.k	45	rule	SUPPLIED_FIXED_SEMANTICS	ordinary-rule	rule dPutK(KS:ValSeq, K:Val) => valSeqConcat(KS, vCons(K, .ValSeq)) requires notBool dHasKey(KS, K)
424	reference-semantics/semantics/dict.k	49	syntax	SUPPLIED_FIXED_SEMANTICS	function,total	syntax ValSeq ::= dPutV(ValSeq, ValSeq, Val, Val) [function, total]
425	reference-semantics/semantics/dict.k	50	rule	SUPPLIED_FIXED_SEMANTICS	ordinary-rule	rule dPutV(vCons(A:Val, _:ValSeq), vCons(_:Val, VR:ValSeq), K:Val, V:Val) => vCons(V, VR) requires A ==K K
426	reference-semantics/semantics/dict.k	52	rule	SUPPLIED_FIXED_SEMANTICS	ordinary-rule	rule dPutV(vCons(A:Val, KR:ValSeq), vCons(B:Val, VR:ValSeq), K:Val, V:Val) => vCons(B, dPutV(KR, VR, K, V)) requires notBool (A ==K K)
427	reference-semantics/semantics/dict.k	54	rule	SUPPLIED_FIXED_SEMANTICS	owise,ordinary-rule	rule dPutV(_KS:ValSeq, VS:ValSeq, _K:Val, V:Val) => valSeqConcat(VS, vCons(V, .ValSeq)) [owise]
428	reference-semantics/semantics/dict.k	58	rule	SUPPLIED_FIXED_SEMANTICS	priority,ordinary-rule	rule <k> #applyK(toCall(boundMethodV(dictV(KS:ValSeq, _:ValSeq), "keys")), .Vals) => #alloc(list(KS)) ... </k> [priority(40)]
429	reference-semantics/semantics/dict.k	63	rule	SUPPLIED_FIXED_SEMANTICS	ordinary-rule	rule applyIndexD(dictV(KS:ValSeq, VS:ValSeq), K:Val) => dGet(KS, VS, K)
430	reference-semantics/semantics/dict.k	64	syntax	SUPPLIED_FIXED_SEMANTICS	function	syntax Val ::= applyIndexD(Val, Val) [function]
431	reference-semantics/semantics/dict.k	65	rule	SUPPLIED_FIXED_SEMANTICS	priority,ordinary-rule	rule <k> Subscript(dictV(KS:ValSeq, VS:ValSeq), K:Val) => applyIndexD(dictV(KS, VS), K) ... </k> [priority(45)]
432	reference-semantics/semantics/dict.k	70	syntax	SUPPLIED_FIXED_SEMANTICS	function	syntax Val ::= dictSet(Val, Val, Val) [function]
433	reference-semantics/semantics/dict.k	71	rule	SUPPLIED_FIXED_SEMANTICS	ordinary-rule	rule dictSet(dictV(KS:ValSeq, VS:ValSeq), K:Val, V:Val) => dictV(dPutK(KS, K), dPutV(KS, VS, K, V))
434	reference-semantics/semantics/dict.k	76	syntax	SUPPLIED_FIXED_SEMANTICS	-	syntax KItem ::= #dsetK(String, Val)
435	reference-semantics/semantics/dict.k	77	rule	SUPPLIED_FIXED_SEMANTICS	ordinary-rule	rule <k> Assign(Subscript(Name(X:String), K:Expr), VV:Val) => K ~> #dsetK(X, VV) ... </k>
436	reference-semantics/semantics/dict.k	78	rule	SUPPLIED_FIXED_SEMANTICS	ordinary-rule	rule <k> KV:Val ~> #dsetK(X:String, VV:Val) => .K ... </k> <env> L:Int </env> <scopes> ... L |-> scope(M:Map => M [ X <- dictSet({M[X]}:>Val, KV, VV) ], _) ... </scopes> requires X in_keys(M) andBool notBool isRefV({M[X]}:>Val)
437	reference-semantics/semantics/dict.k	82	rule	SUPPLIED_FIXED_SEMANTICS	ordinary-rule	rule <k> KV:Val ~> #dsetK(X:String, VV:Val) => #dsetV({M[X]}:>Val, KV, VV) ... </k> <env> L:Int </env> <scopes> ... L |-> scope(M:Map, _) ... </scopes> requires X in_keys(M) andBool isRefV({M[X]}:>Val)
438	reference-semantics/semantics/dict.k	86	syntax	SUPPLIED_FIXED_SEMANTICS	-	syntax KItem ::= #dsetV(Val, Val, Val)
439	reference-semantics/semantics/dict.k	87	rule	SUPPLIED_FIXED_SEMANTICS	ordinary-rule	rule <k> #dsetV(ref(H:Int), I:Int, VV:Val) => .K ... </k> <heap> ... H |-> list(VS:ValSeq => setVSAt(VS, normIdxD(I, vsLen(VS)), VV)) ... </heap>
440	reference-semantics/semantics/dict.k	90	syntax	SUPPLIED_FIXED_SEMANTICS	function,total	syntax Int ::= normIdxD(Int, Int) [function, total]
441	reference-semantics/semantics/dict.k	91	rule	SUPPLIED_FIXED_SEMANTICS	ordinary-rule	rule normIdxD(I:Int, LEN:Int) => I +Int LEN requires I <Int 0
442	reference-semantics/semantics/dict.k	92	rule	SUPPLIED_FIXED_SEMANTICS	ordinary-rule	rule normIdxD(I:Int, _:Int) => I requires I >=Int 0
443	reference-semantics/semantics/dict.k	95	rule	SUPPLIED_FIXED_SEMANTICS	ordinary-rule	rule applyCmp("==", dictV(KS1:ValSeq, VS1:ValSeq), dictV(KS2:ValSeq, VS2:ValSeq)) => (vsLen(KS1) ==Int vsLen(KS2)) andBool dSubset(KS1, VS1, KS2, VS2)
444	reference-semantics/semantics/dict.k	97	syntax	SUPPLIED_FIXED_SEMANTICS	function	syntax Bool ::= dSubset(ValSeq, ValSeq, ValSeq, ValSeq) [function]
445	reference-semantics/semantics/dict.k	98	rule	SUPPLIED_FIXED_SEMANTICS	ordinary-rule	rule dSubset(.ValSeq, .ValSeq, _:ValSeq, _:ValSeq) => true
446	reference-semantics/semantics/dict.k	99	rule	SUPPLIED_FIXED_SEMANTICS	ordinary-rule	rule dSubset(vCons(K:Val, KR:ValSeq), vCons(V:Val, VR:ValSeq), KS2:ValSeq, VS2:ValSeq) => dHasKey(KS2, K) andBool (dGet(KS2, VS2, K) ==K V) andBool dSubset(KR, VR, KS2, VS2)
447	reference-semantics/semantics/dict.k	101	syntax	SUPPLIED_FIXED_SEMANTICS	function	syntax Val ::= dGet(ValSeq, ValSeq, Val) [function]
448	reference-semantics/semantics/dict.k	102	rule	SUPPLIED_FIXED_SEMANTICS	ordinary-rule	rule dGet(vCons(A:Val, _:ValSeq), vCons(B:Val, _:ValSeq), K:Val) => B requires A ==K K
449	reference-semantics/semantics/dict.k	103	rule	SUPPLIED_FIXED_SEMANTICS	ordinary-rule	rule dGet(vCons(A:Val, KR:ValSeq), vCons(_:Val, VR:ValSeq), K:Val) => dGet(KR, VR, K) requires notBool (A ==K K) endmodule
450	reference-semantics/semantics/float.k	14	module	SUPPLIED_FIXED_SEMANTICS	-	module MPY-FLOAT
451	reference-semantics/semantics/float.k	15	imports	SUPPLIED_FIXED_SEMANTICS	-	imports MPY-OPERATORS
452	reference-semantics/semantics/float.k	16	imports	SUPPLIED_FIXED_SEMANTICS	-	imports MPY-BUILTINS
453	reference-semantics/semantics/float.k	17	imports	SUPPLIED_FIXED_SEMANTICS	-	imports FLOAT
454	reference-semantics/semantics/float.k	20	syntax	SUPPLIED_FIXED_SEMANTICS	-	syntax Val ::= Float
455	reference-semantics/semantics/float.k	21	rule	SUPPLIED_FIXED_SEMANTICS	ordinary-rule	rule <k> Float(F:Float) => F ... </k>
456	reference-semantics/semantics/float.k	24	syntax	SUPPLIED_FIXED_SEMANTICS	function,total,symbol,no-evaluators	syntax Float ::= intFloatDiv(Int, Float) [function, total, symbol(intFloatDiv), no-evaluators]
457	reference-semantics/semantics/float.k	25	rule	SUPPLIED_FIXED_SEMANTICS	concrete,ordinary-rule	rule intFloatDiv(I:Int, F:Float) => Int2Float(I, 53, 11) /Float F [concrete]
458	reference-semantics/semantics/float.k	27	rule	SUPPLIED_FIXED_SEMANTICS	ordinary-rule	rule applyBin("/", I:Int, F:Float) => intFloatDiv(I, F)
459	reference-semantics/semantics/float.k	30	syntax	SUPPLIED_FIXED_SEMANTICS	function,total,symbol,no-evaluators	syntax Float ::= divII(Int, Int) [function, total, symbol(divII), no-evaluators]
460	reference-semantics/semantics/float.k	31	rule	SUPPLIED_FIXED_SEMANTICS	concrete,ordinary-rule	rule divII(I1:Int, I2:Int) => Int2Float(I1, 53, 11) /Float Int2Float(I2, 53, 11) [concrete]
461	reference-semantics/semantics/float.k	32	rule	SUPPLIED_FIXED_SEMANTICS	ordinary-rule	rule applyBin("/", I1:Int, I2:Int) => divII(I1, I2)
462	reference-semantics/semantics/float.k	37	syntax	SUPPLIED_FIXED_SEMANTICS	function,total,symbol,no-evaluators	syntax Float ::= floatMod(Float, Float) [function, total, symbol(floatMod), no-evaluators]
463	reference-semantics/semantics/float.k	38	rule	SUPPLIED_FIXED_SEMANTICS	concrete,ordinary-rule	rule floatMod(F1:Float, F2:Float) => F1 -Float (floorFloat(F1 /Float F2) *Float F2) [concrete]
464	reference-semantics/semantics/float.k	39	rule	SUPPLIED_FIXED_SEMANTICS	ordinary-rule	rule applyBin("%", F1:Float, F2:Float) => floatMod(F1, F2)
465	reference-semantics/semantics/float.k	43	rule	SUPPLIED_FIXED_SEMANTICS	ordinary-rule	rule applyCmp("==", F1:Float, F2:Float) => F1 ==Float F2
466	reference-semantics/semantics/float.k	44	rule	SUPPLIED_FIXED_SEMANTICS	ordinary-rule	rule applyCmp("!=", F1:Float, F2:Float) => notBool (F1 ==Float F2)
467	reference-semantics/semantics/float.k	50	syntax	SUPPLIED_FIXED_SEMANTICS	function,total,symbol,no-evaluators	syntax Bool ::= floatLt(Float, Float) [function, total, symbol(floatLt), no-evaluators]
468	reference-semantics/semantics/float.k	51	rule	SUPPLIED_FIXED_SEMANTICS	concrete,ordinary-rule	rule floatLt(F1:Float, F2:Float) => F1 <Float F2 [concrete]
469	reference-semantics/semantics/float.k	52	rule	SUPPLIED_FIXED_SEMANTICS	ordinary-rule	rule applyCmp("<", F1:Float, F2:Float) => floatLt(F1, F2)
470	reference-semantics/semantics/float.k	54	syntax	SUPPLIED_FIXED_SEMANTICS	function,total,symbol,no-evaluators	syntax Float ::= absF(Float) [function, total, symbol(absF), no-evaluators]
471	reference-semantics/semantics/float.k	55	rule	SUPPLIED_FIXED_SEMANTICS	concrete,ordinary-rule	rule absF(F:Float) => absFloat(F) [concrete]
472	reference-semantics/semantics/float.k	56	rule	SUPPLIED_FIXED_SEMANTICS	ordinary-rule	rule applyBuiltin("abs", F:Float, .Vals) => absF(F)
473	reference-semantics/semantics/float.k	61	rule	SUPPLIED_FIXED_SEMANTICS	ordinary-rule	rule <k> Import(_:String) => .K ... </k>
474	reference-semantics/semantics/float.k	65	syntax	SUPPLIED_FIXED_SEMANTICS	-	syntax KItem ::= "#mathCeil"
475	reference-semantics/semantics/float.k	66	rule	SUPPLIED_FIXED_SEMANTICS	priority,ordinary-rule	rule <k> Call(Attribute(Name("math"), "ceil"), (E:Expr, .Exprs)) => E ~> #mathCeil ... </k> [priority(40)]
476	reference-semantics/semantics/float.k	67	rule	SUPPLIED_FIXED_SEMANTICS	ordinary-rule	rule <k> V:Val ~> #mathCeil => ceilF(V) ... </k>
477	reference-semantics/semantics/float.k	70	syntax	SUPPLIED_FIXED_SEMANTICS	-	syntax KItem ::= "#mathFloor"
478	reference-semantics/semantics/float.k	71	rule	SUPPLIED_FIXED_SEMANTICS	priority,ordinary-rule	rule <k> Call(Attribute(Name("math"), "floor"), (E:Expr, .Exprs)) => E ~> #mathFloor ... </k> [priority(40)]
479	reference-semantics/semantics/float.k	72	rule	SUPPLIED_FIXED_SEMANTICS	ordinary-rule	rule <k> V:Val ~> #mathFloor => floorFI(V) ... </k>
480	reference-semantics/semantics/float.k	73	syntax	SUPPLIED_FIXED_SEMANTICS	function,total,symbol	syntax Int ::= floorFI(Val) [function, total, symbol(floorFI)]
481	reference-semantics/semantics/float.k	74	rule	SUPPLIED_FIXED_SEMANTICS	concrete,ordinary-rule	rule floorFI(I:Int) => I [concrete]
482	reference-semantics/semantics/float.k	75	rule	SUPPLIED_FIXED_SEMANTICS	concrete,ordinary-rule	rule floorFI(F:Float) => Float2Int(floorFloat(F)) [concrete]
483	reference-semantics/semantics/float.k	78	rule	SUPPLIED_FIXED_SEMANTICS	ordinary-rule	rule applyBuiltin("floor", V:Val, .Vals) => floorFI(V)
484	reference-semantics/semantics/float.k	79	rule	SUPPLIED_FIXED_SEMANTICS	ordinary-rule	rule applyBuiltin("ceil", V:Val, .Vals) => ceilF(V)
485	reference-semantics/semantics/float.k	82	syntax	SUPPLIED_FIXED_SEMANTICS	-	syntax KItem ::= #mathPow1(Expr) | #mathPow2(Val)
486	reference-semantics/semantics/float.k	83	rule	SUPPLIED_FIXED_SEMANTICS	priority,ordinary-rule	rule <k> Call(Attribute(Name("math"), "pow"), (E1:Expr, E2:Expr, .Exprs)) => E1 ~> #mathPow1(E2) ... </k> [priority(40)]
487	reference-semantics/semantics/float.k	84	rule	SUPPLIED_FIXED_SEMANTICS	ordinary-rule	rule <k> V1:Val ~> #mathPow1(E2:Expr) => E2 ~> #mathPow2(V1) ... </k>
488	reference-semantics/semantics/float.k	85	rule	SUPPLIED_FIXED_SEMANTICS	ordinary-rule	rule <k> V2:Val ~> #mathPow2(V1:Val) => powF(toF(V1), toF(V2)) ... </k>
489	reference-semantics/semantics/float.k	86	syntax	SUPPLIED_FIXED_SEMANTICS	function,total,symbol	syntax Float ::= toF(Val) [function, total, symbol(toF)]
490	reference-semantics/semantics/float.k	87	rule	SUPPLIED_FIXED_SEMANTICS	concrete,ordinary-rule	rule toF(F:Float) => F [concrete]
491	reference-semantics/semantics/float.k	88	rule	SUPPLIED_FIXED_SEMANTICS	concrete,ordinary-rule	rule toF(I:Int) => intToF(I) [concrete]
492	reference-semantics/semantics/float.k	93	syntax	SUPPLIED_FIXED_SEMANTICS	function,total,symbol	syntax Int ::= ceilF(Val) [function, total, symbol(ceilF)]
493	reference-semantics/semantics/float.k	94	rule	SUPPLIED_FIXED_SEMANTICS	concrete,ordinary-rule	rule ceilF(I:Int) => I [concrete]
494	reference-semantics/semantics/float.k	95	rule	SUPPLIED_FIXED_SEMANTICS	concrete,ordinary-rule	rule ceilF(F:Float) => Float2Int(ceilFloat(F)) [concrete]
495	reference-semantics/semantics/float.k	99	rule	SUPPLIED_FIXED_SEMANTICS	ordinary-rule	rule applyUn("-", F:Float) => 0.0 -Float F
496	reference-semantics/semantics/float.k	103	syntax	SUPPLIED_FIXED_SEMANTICS	function,total,symbol,no-evaluators	syntax Float ::= subF(Float, Float) [function, total, symbol(subF), no-evaluators]
497	reference-semantics/semantics/float.k	104	rule	SUPPLIED_FIXED_SEMANTICS	concrete,ordinary-rule	rule subF(F1:Float, F2:Float) => F1 -Float F2 [concrete]
498	reference-semantics/semantics/float.k	105	rule	SUPPLIED_FIXED_SEMANTICS	ordinary-rule	rule applyBin("-", F1:Float, F2:Float) => subF(F1, F2)
499	reference-semantics/semantics/float.k	107	syntax	SUPPLIED_FIXED_SEMANTICS	function,total,symbol,no-evaluators	syntax Float ::= divF(Float, Float) [function, total, symbol(divF), no-evaluators]
500	reference-semantics/semantics/float.k	108	rule	SUPPLIED_FIXED_SEMANTICS	concrete,ordinary-rule	rule divF(F1:Float, F2:Float) => F1 /Float F2 [concrete]
501	reference-semantics/semantics/float.k	109	rule	SUPPLIED_FIXED_SEMANTICS	ordinary-rule	rule applyBin("/", F1:Float, F2:Float) => divF(F1, F2)
502	reference-semantics/semantics/float.k	111	syntax	SUPPLIED_FIXED_SEMANTICS	function,total,symbol,no-evaluators	syntax Float ::= addF(Float, Float) [function, total, symbol(addF), no-evaluators]
503	reference-semantics/semantics/float.k	112	rule	SUPPLIED_FIXED_SEMANTICS	concrete,ordinary-rule	rule addF(F1:Float, F2:Float) => F1 +Float F2 [concrete]
504	reference-semantics/semantics/float.k	113	rule	SUPPLIED_FIXED_SEMANTICS	ordinary-rule	rule applyBin("+", F1:Float, F2:Float) => addF(F1, F2)
505	reference-semantics/semantics/float.k	115	syntax	SUPPLIED_FIXED_SEMANTICS	function,total,symbol,no-evaluators	syntax Float ::= mulF(Float, Float) [function, total, symbol(mulF), no-evaluators]
506	reference-semantics/semantics/float.k	116	rule	SUPPLIED_FIXED_SEMANTICS	concrete,ordinary-rule	rule mulF(F1:Float, F2:Float) => F1 *Float F2 [concrete]
507	reference-semantics/semantics/float.k	117	rule	SUPPLIED_FIXED_SEMANTICS	ordinary-rule	rule applyBin("*", F1:Float, F2:Float) => mulF(F1, F2)
508	reference-semantics/semantics/float.k	119	syntax	SUPPLIED_FIXED_SEMANTICS	function,total,symbol,no-evaluators	syntax Float ::= powF(Float, Float) [function, total, symbol(powF), no-evaluators]
509	reference-semantics/semantics/float.k	120	rule	SUPPLIED_FIXED_SEMANTICS	concrete,ordinary-rule	rule powF(F1:Float, F2:Float) => F1 ^Float F2 [concrete]
510	reference-semantics/semantics/float.k	121	rule	SUPPLIED_FIXED_SEMANTICS	ordinary-rule	rule applyBin("**", F1:Float, F2:Float) => powF(F1, F2)
511	reference-semantics/semantics/float.k	125	syntax	SUPPLIED_FIXED_SEMANTICS	function,total,symbol,no-evaluators	syntax Bool ::= gtF(Float, Float) [function, total, symbol(gtF), no-evaluators]
512	reference-semantics/semantics/float.k	126	rule	SUPPLIED_FIXED_SEMANTICS	concrete,ordinary-rule	rule gtF(F1:Float, F2:Float) => F1 >Float F2 [concrete]
513	reference-semantics/semantics/float.k	127	rule	SUPPLIED_FIXED_SEMANTICS	ordinary-rule	rule applyCmp(">", F1:Float, F2:Float) => gtF(F1, F2)
514	reference-semantics/semantics/float.k	128	rule	SUPPLIED_FIXED_SEMANTICS	ordinary-rule	rule applyCmp(">=", F1:Float, F2:Float) => notBool floatLt(F1, F2)
515	reference-semantics/semantics/float.k	129	rule	SUPPLIED_FIXED_SEMANTICS	ordinary-rule	rule applyCmp("<=", F1:Float, F2:Float) => notBool gtF(F1, F2)
516	reference-semantics/semantics/float.k	132	rule	SUPPLIED_FIXED_SEMANTICS	ordinary-rule	rule applyBin("**", I:Int, F:Float) => powF(intToF(I), F)
517	reference-semantics/semantics/float.k	133	rule	SUPPLIED_FIXED_SEMANTICS	ordinary-rule	rule applyBin("**", F:Float, I:Int) => powF(F, intToF(I))
518	reference-semantics/semantics/float.k	134	rule	SUPPLIED_FIXED_SEMANTICS	ordinary-rule	rule applyBin("-", I:Int, F:Float) => subF(intToF(I), F)
519	reference-semantics/semantics/float.k	135	rule	SUPPLIED_FIXED_SEMANTICS	ordinary-rule	rule applyBin("-", F:Float, I:Int) => subF(F, intToF(I))
520	reference-semantics/semantics/float.k	136	rule	SUPPLIED_FIXED_SEMANTICS	ordinary-rule	rule applyBin("+", I:Int, F:Float) => addF(intToF(I), F)
521	reference-semantics/semantics/float.k	137	rule	SUPPLIED_FIXED_SEMANTICS	ordinary-rule	rule applyBin("+", F:Float, I:Int) => addF(F, intToF(I))
522	reference-semantics/semantics/float.k	138	rule	SUPPLIED_FIXED_SEMANTICS	ordinary-rule	rule applyBin("*", I:Int, F:Float) => mulF(intToF(I), F)
523	reference-semantics/semantics/float.k	139	rule	SUPPLIED_FIXED_SEMANTICS	ordinary-rule	rule applyBin("*", F:Float, I:Int) => mulF(F, intToF(I))
524	reference-semantics/semantics/float.k	142	syntax	SUPPLIED_FIXED_SEMANTICS	function,total,symbol,no-evaluators	syntax Bool ::= eqF(Float, Float) [function, total, symbol(eqF), no-evaluators]
525	reference-semantics/semantics/float.k	143	rule	SUPPLIED_FIXED_SEMANTICS	concrete,ordinary-rule	rule eqF(F1:Float, F2:Float) => F1 ==Float F2 [concrete]
526	reference-semantics/semantics/float.k	144	rule	SUPPLIED_FIXED_SEMANTICS	ordinary-rule	rule applyCmp("==", I:Int, F:Float) => eqF(intToF(I), F)
527	reference-semantics/semantics/float.k	145	rule	SUPPLIED_FIXED_SEMANTICS	ordinary-rule	rule applyCmp("==", F:Float, I:Int) => eqF(F, intToF(I))
528	reference-semantics/semantics/float.k	146	rule	SUPPLIED_FIXED_SEMANTICS	ordinary-rule	rule applyCmp("!=", I:Int, F:Float) => notBool eqF(intToF(I), F)
529	reference-semantics/semantics/float.k	147	rule	SUPPLIED_FIXED_SEMANTICS	ordinary-rule	rule applyCmp("!=", F:Float, I:Int) => notBool eqF(F, intToF(I))
530	reference-semantics/semantics/float.k	148	rule	SUPPLIED_FIXED_SEMANTICS	ordinary-rule	rule applyCmp("<", I:Int, F:Float) => floatLt(intToF(I), F)
531	reference-semantics/semantics/float.k	149	rule	SUPPLIED_FIXED_SEMANTICS	ordinary-rule	rule applyCmp("<", F:Float, I:Int) => floatLt(F, intToF(I))
532	reference-semantics/semantics/float.k	150	rule	SUPPLIED_FIXED_SEMANTICS	ordinary-rule	rule applyCmp(">", I:Int, F:Float) => gtF(intToF(I), F)
533	reference-semantics/semantics/float.k	151	rule	SUPPLIED_FIXED_SEMANTICS	ordinary-rule	rule applyCmp(">", F:Float, I:Int) => gtF(F, intToF(I))
534	reference-semantics/semantics/float.k	154	rule	SUPPLIED_FIXED_SEMANTICS	ordinary-rule	rule applyCmp("==", V:Val, noneV) => V ==K noneV
535	reference-semantics/semantics/float.k	155	rule	SUPPLIED_FIXED_SEMANTICS	ordinary-rule	rule applyCmp("!=", V:Val, noneV) => notBool (V ==K noneV)
536	reference-semantics/semantics/float.k	160	syntax	SUPPLIED_FIXED_SEMANTICS	function,total,symbol,no-evaluators	syntax Float ::= decStrToF(IntSeq) [function, total, symbol(decStrToF), no-evaluators]
537	reference-semantics/semantics/float.k	161	rule	SUPPLIED_FIXED_SEMANTICS	concrete,ordinary-rule	rule decStrToF(iCons(45, CS:IntSeq)) => 0.0 -Float decStrToF(CS) [concrete]
538	reference-semantics/semantics/float.k	162	rule	SUPPLIED_FIXED_SEMANTICS	concrete,ordinary-rule	rule decStrToF(CS:IntSeq) => intToF(intPart(CS)) +Float (intToF(fracPart(CS)) /Float intToF(fracScale(CS))) requires isLen(CS) >Int 0 andBool headIS(CS) =/=Int 45 [concrete]
539	reference-semantics/semantics/float.k	165	syntax	SUPPLIED_FIXED_SEMANTICS	function	syntax Int ::= headIS(IntSeq) [function]
540	reference-semantics/semantics/float.k	166	rule	SUPPLIED_FIXED_SEMANTICS	ordinary-rule	rule headIS(iCons(C:Int, _:IntSeq)) => C
541	reference-semantics/semantics/float.k	167	syntax	SUPPLIED_FIXED_SEMANTICS	function,total	syntax Int ::= intPart(IntSeq) [function, total] | intPartAcc(IntSeq, Int) [function, total]
542	reference-semantics/semantics/float.k	168	rule	SUPPLIED_FIXED_SEMANTICS	ordinary-rule	rule intPart(CS:IntSeq) => intPartAcc(CS, 0)
543	reference-semantics/semantics/float.k	169	rule	SUPPLIED_FIXED_SEMANTICS	ordinary-rule	rule intPartAcc(.IntSeq, A:Int) => A
544	reference-semantics/semantics/float.k	170	rule	SUPPLIED_FIXED_SEMANTICS	ordinary-rule	rule intPartAcc(iCons(46, _:IntSeq), A:Int) => A
545	reference-semantics/semantics/float.k	171	rule	SUPPLIED_FIXED_SEMANTICS	ordinary-rule	rule intPartAcc(iCons(C:Int, R:IntSeq), A:Int) => intPartAcc(R, A *Int 10 +Int (C -Int 48)) requires C =/=Int 46
546	reference-semantics/semantics/float.k	173	syntax	SUPPLIED_FIXED_SEMANTICS	function,total	syntax Int ::= fracPart(IntSeq) [function, total] | fracAcc(IntSeq, Int) [function, total]
547	reference-semantics/semantics/float.k	174	rule	SUPPLIED_FIXED_SEMANTICS	ordinary-rule	rule fracPart(.IntSeq) => 0
548	reference-semantics/semantics/float.k	175	rule	SUPPLIED_FIXED_SEMANTICS	ordinary-rule	rule fracPart(iCons(46, R:IntSeq)) => fracAcc(R, 0)
549	reference-semantics/semantics/float.k	176	rule	SUPPLIED_FIXED_SEMANTICS	ordinary-rule	rule fracPart(iCons(C:Int, R:IntSeq)) => fracPart(R) requires C =/=Int 46
550	reference-semantics/semantics/float.k	177	rule	SUPPLIED_FIXED_SEMANTICS	ordinary-rule	rule fracAcc(.IntSeq, A:Int) => A
551	reference-semantics/semantics/float.k	178	rule	SUPPLIED_FIXED_SEMANTICS	ordinary-rule	rule fracAcc(iCons(C:Int, R:IntSeq), A:Int) => fracAcc(R, A *Int 10 +Int (C -Int 48))
552	reference-semantics/semantics/float.k	179	syntax	SUPPLIED_FIXED_SEMANTICS	function,total	syntax Int ::= fracScale(IntSeq) [function, total] | fscAcc(IntSeq, Int) [function, total]
553	reference-semantics/semantics/float.k	180	rule	SUPPLIED_FIXED_SEMANTICS	ordinary-rule	rule fracScale(.IntSeq) => 1
554	reference-semantics/semantics/float.k	181	rule	SUPPLIED_FIXED_SEMANTICS	ordinary-rule	rule fracScale(iCons(46, R:IntSeq)) => fscAcc(R, 1)
555	reference-semantics/semantics/float.k	182	rule	SUPPLIED_FIXED_SEMANTICS	ordinary-rule	rule fracScale(iCons(C:Int, R:IntSeq)) => fracScale(R) requires C =/=Int 46
556	reference-semantics/semantics/float.k	183	rule	SUPPLIED_FIXED_SEMANTICS	ordinary-rule	rule fscAcc(.IntSeq, A:Int) => A
557	reference-semantics/semantics/float.k	184	rule	SUPPLIED_FIXED_SEMANTICS	ordinary-rule	rule fscAcc(iCons(_:Int, R:IntSeq), A:Int) => fscAcc(R, A *Int 10)
558	reference-semantics/semantics/float.k	185	rule	SUPPLIED_FIXED_SEMANTICS	ordinary-rule	rule applyBuiltin("float", str(CS:IntSeq), .Vals) => decStrToF(CS)
559	reference-semantics/semantics/float.k	186	rule	SUPPLIED_FIXED_SEMANTICS	ordinary-rule	rule applyBuiltin("float", I:Int, .Vals) => intToF(I)
560	reference-semantics/semantics/float.k	187	rule	SUPPLIED_FIXED_SEMANTICS	ordinary-rule	rule applyBuiltin("float", F:Float, .Vals) => F
561	reference-semantics/semantics/float.k	190	syntax	SUPPLIED_FIXED_SEMANTICS	function,total,symbol,no-evaluators	syntax Float ::= divFloatIntV(Float, Int) [function, total, symbol(divFloatIntV), no-evaluators]
562	reference-semantics/semantics/float.k	191	rule	SUPPLIED_FIXED_SEMANTICS	concrete,ordinary-rule	rule divFloatIntV(F:Float, I:Int) => F /Float Int2Float(I, 53, 11) [concrete]
563	reference-semantics/semantics/float.k	192	rule	SUPPLIED_FIXED_SEMANTICS	ordinary-rule	rule applyBin("/", F:Float, I:Int) => divFloatIntV(F, I)
564	reference-semantics/semantics/float.k	195	syntax	SUPPLIED_FIXED_SEMANTICS	function,total,symbol,no-evaluators	syntax Float ::= intToF(Int) [function, total, symbol(intToF), no-evaluators]
565	reference-semantics/semantics/float.k	196	rule	SUPPLIED_FIXED_SEMANTICS	concrete,ordinary-rule	rule intToF(I:Int) => Int2Float(I, 53, 11) [concrete]
566	reference-semantics/semantics/float.k	197	rule	SUPPLIED_FIXED_SEMANTICS	ordinary-rule	rule applyBin("+", I:Int, F:Float) => addF(intToF(I), F)
567	reference-semantics/semantics/float.k	198	rule	SUPPLIED_FIXED_SEMANTICS	ordinary-rule	rule applyBin("+", F:Float, I:Int) => addF(F, intToF(I))
568	reference-semantics/semantics/float.k	199	rule	SUPPLIED_FIXED_SEMANTICS	ordinary-rule	rule applyBin("-", I:Int, F:Float) => subF(intToF(I), F)
569	reference-semantics/semantics/float.k	200	rule	SUPPLIED_FIXED_SEMANTICS	ordinary-rule	rule applyBin("-", F:Float, I:Int) => subF(F, intToF(I))
570	reference-semantics/semantics/float.k	201	rule	SUPPLIED_FIXED_SEMANTICS	ordinary-rule	rule applyBin("*", I:Int, F:Float) => mulF(intToF(I), F)
571	reference-semantics/semantics/float.k	202	rule	SUPPLIED_FIXED_SEMANTICS	ordinary-rule	rule applyBin("*", F:Float, I:Int) => mulF(F, intToF(I))
572	reference-semantics/semantics/float.k	203	rule	SUPPLIED_FIXED_SEMANTICS	ordinary-rule	rule applyCmp("<", I:Int, F:Float) => floatLt(intToF(I), F)
573	reference-semantics/semantics/float.k	204	rule	SUPPLIED_FIXED_SEMANTICS	ordinary-rule	rule applyCmp("<", F:Float, I:Int) => floatLt(F, intToF(I))
574	reference-semantics/semantics/float.k	205	rule	SUPPLIED_FIXED_SEMANTICS	ordinary-rule	rule applyCmp(">", I:Int, F:Float) => gtF(intToF(I), F)
575	reference-semantics/semantics/float.k	206	rule	SUPPLIED_FIXED_SEMANTICS	ordinary-rule	rule applyCmp(">", F:Float, I:Int) => gtF(F, intToF(I))
576	reference-semantics/semantics/float.k	209	syntax	SUPPLIED_FIXED_SEMANTICS	function,total,symbol,no-evaluators	syntax Int ::= truncF(Float) [function, total, symbol(truncF), no-evaluators]
577	reference-semantics/semantics/float.k	210	rule	SUPPLIED_FIXED_SEMANTICS	concrete,ordinary-rule	rule truncF(F:Float) => #if F >=Float 0.0 #then Float2Int(floorFloat(F)) #else Float2Int(ceilFloat(F)) #fi [concrete]
578	reference-semantics/semantics/float.k	211	rule	SUPPLIED_FIXED_SEMANTICS	ordinary-rule	rule applyBuiltin("int", F:Float, .Vals) => truncF(F)
579	reference-semantics/semantics/float.k	213	rule	SUPPLIED_FIXED_SEMANTICS	ordinary-rule	rule applyBuiltin("float", I:Int, .Vals) => intToF(I)
580	reference-semantics/semantics/float.k	214	rule	SUPPLIED_FIXED_SEMANTICS	ordinary-rule	rule applyBuiltin("float", F:Float, .Vals) => F
581	reference-semantics/semantics/float.k	217	syntax	SUPPLIED_FIXED_SEMANTICS	function,total,symbol,no-evaluators	syntax Int ::= roundF(Float) [function, total, symbol(roundF), no-evaluators]
582	reference-semantics/semantics/float.k	218	rule	SUPPLIED_FIXED_SEMANTICS	concrete,ordinary-rule	rule roundF(F:Float) => #if (F -Float floorFloat(F)) ==Float 0.5 #then (#if Float2Int(floorFloat(F)) %Int 2 ==Int 0 #then Float2Int(floorFloat(F)) #else Float2Int(ceilFloat(F)) #fi) #else Float2Int(floorFloat(F +Float 0.5)) #fi [concrete]
583	reference-semantics/semantics/float.k	223	syntax	SUPPLIED_FIXED_SEMANTICS	function,total,symbol,no-evaluators	syntax Float ::= roundFN(Float, Int) [function, total, symbol(roundFN), no-evaluators]
584	reference-semantics/semantics/float.k	224	rule	SUPPLIED_FIXED_SEMANTICS	concrete,ordinary-rule	rule roundFN(F:Float, N:Int) => Int2Float(roundF(F *Float Int2Float(10 ^Int N, 53, 11)), 53, 11) /Float Int2Float(10 ^Int N, 53, 11) [concrete]
585	reference-semantics/semantics/float.k	227	rule	SUPPLIED_FIXED_SEMANTICS	ordinary-rule	rule applyBuiltin("round", F:Float, .Vals) => roundF(F)
586	reference-semantics/semantics/float.k	228	rule	SUPPLIED_FIXED_SEMANTICS	ordinary-rule	rule applyBuiltin("round", F:Float, N:Int, .Vals) => roundFN(F, N)
587	reference-semantics/semantics/float.k	230	syntax	SUPPLIED_FIXED_SEMANTICS	function,total,symbol,no-evaluators	syntax Float ::= sqrtF(Float) [function, total, symbol(sqrtF), no-evaluators]
588	reference-semantics/semantics/float.k	231	rule	SUPPLIED_FIXED_SEMANTICS	concrete,ordinary-rule	rule sqrtF(F:Float) => sqrtFloat(F) [concrete]
589	reference-semantics/semantics/float.k	232	syntax	SUPPLIED_FIXED_SEMANTICS	-	syntax KItem ::= "#mathSqrt"
590	reference-semantics/semantics/float.k	233	rule	SUPPLIED_FIXED_SEMANTICS	priority,ordinary-rule	rule <k> Call(Attribute(Name("math"), "sqrt"), (E:Expr, .Exprs)) => E ~> #mathSqrt ... </k> [priority(40)]
591	reference-semantics/semantics/float.k	234	rule	SUPPLIED_FIXED_SEMANTICS	ordinary-rule	rule <k> F:Float ~> #mathSqrt => sqrtF(F) ... </k>
592	reference-semantics/semantics/float.k	235	rule	SUPPLIED_FIXED_SEMANTICS	ordinary-rule	rule <k> I:Int ~> #mathSqrt => sqrtF(intToF(I)) ... </k>
593	reference-semantics/semantics/float.k	243	syntax	SUPPLIED_FIXED_SEMANTICS	-	syntax KItem ::= #maxAccF(Iterable, Float) | #maxContF(Float)
594	reference-semantics/semantics/float.k	244	rule	SUPPLIED_FIXED_SEMANTICS	ordinary-rule	rule <k> #iterYield(V:Val, R:Iterable) ~> #maxCont0 => #maxAccF(R, {V}:>Float) ... </k> requires isFloat(V)
595	reference-semantics/semantics/float.k	245	rule	SUPPLIED_FIXED_SEMANTICS	ordinary-rule	rule <k> #maxAccF(IT:Iterable, M:Float) => #iterNext(IT) ~> #maxContF(M) ... </k>
596	reference-semantics/semantics/float.k	246	rule	SUPPLIED_FIXED_SEMANTICS	ordinary-rule	rule <k> #iterDone ~> #maxContF(M:Float) => M ... </k>
597	reference-semantics/semantics/float.k	247	rule	SUPPLIED_FIXED_SEMANTICS	ordinary-rule	rule <k> #iterYield(V:Val, R:Iterable) ~> #maxContF(M:Float) => #maxAccF(R, maxFloat(M, {V}:>Float)) ... </k> requires isFloat(V)
598	reference-semantics/semantics/float.k	250	syntax	SUPPLIED_FIXED_SEMANTICS	-	syntax KItem ::= #minAccF(Iterable, Float) | #minContF(Float)
599	reference-semantics/semantics/float.k	251	rule	SUPPLIED_FIXED_SEMANTICS	ordinary-rule	rule <k> #iterYield(V:Val, R:Iterable) ~> #minCont0 => #minAccF(R, {V}:>Float) ... </k> requires isFloat(V)
600	reference-semantics/semantics/float.k	252	rule	SUPPLIED_FIXED_SEMANTICS	ordinary-rule	rule <k> #minAccF(IT:Iterable, M:Float) => #iterNext(IT) ~> #minContF(M) ... </k>
601	reference-semantics/semantics/float.k	253	rule	SUPPLIED_FIXED_SEMANTICS	ordinary-rule	rule <k> #iterDone ~> #minContF(M:Float) => M ... </k>
602	reference-semantics/semantics/float.k	254	rule	SUPPLIED_FIXED_SEMANTICS	ordinary-rule	rule <k> #iterYield(V:Val, R:Iterable) ~> #minContF(M:Float) => #minAccF(R, minFloat(M, {V}:>Float)) ... </k> requires isFloat(V)
603	reference-semantics/semantics/float.k	261	syntax	SUPPLIED_FIXED_SEMANTICS	-	syntax KItem ::= #sumAccF(Iterable, Float) | #sumContF(Float)
604	reference-semantics/semantics/float.k	262	rule	SUPPLIED_FIXED_SEMANTICS	ordinary-rule	rule <k> #iterYield(V:Val, R:Iterable) ~> #sumCont(ACC:Int) => #sumAccF(R, addF(intToF(ACC), {V}:>Float)) ... </k> requires isFloat(V) andBool notBool (isInt(V) orBool isBool(V))
605	reference-semantics/semantics/float.k	265	rule	SUPPLIED_FIXED_SEMANTICS	ordinary-rule	rule <k> #sumAccF(IT:Iterable, ACC:Float) => #iterNext(IT) ~> #sumContF(ACC) ... </k>
606	reference-semantics/semantics/float.k	266	rule	SUPPLIED_FIXED_SEMANTICS	ordinary-rule	rule <k> #iterDone ~> #sumContF(ACC:Float) => ACC ... </k>
607	reference-semantics/semantics/float.k	267	rule	SUPPLIED_FIXED_SEMANTICS	ordinary-rule	rule <k> #iterYield(V:Val, R:Iterable) ~> #sumContF(ACC:Float) => #sumAccF(R, addF(ACC, {V}:>Float)) ... </k> requires isFloat(V)
608	reference-semantics/semantics/float.k	270	rule	SUPPLIED_FIXED_SEMANTICS	ordinary-rule	rule <k> #iterYield(V:Val, R:Iterable) ~> #sumContF(ACC:Float) => #sumAccF(R, addF(ACC, intToF(intOf(V)))) ... </k> requires isInt(V) orBool isBool(V) endmodule
609	reference-semantics/semantics/functions.k	3	module	SUPPLIED_FIXED_SEMANTICS	-	module MPY-FUNCTIONS
610	reference-semantics/semantics/functions.k	4	imports	SUPPLIED_FIXED_SEMANTICS	-	imports MPY-CORE
611	reference-semantics/semantics/functions.k	8	syntax	SUPPLIED_FIXED_SEMANTICS	-	syntax KItem ::= frame(continuation: K, callerEnv: Int, savedLoc: Int) | #bindP(ParamNames, Vals) | "#pop" | "#endcall"
612	reference-semantics/semantics/functions.k	14	rule	SUPPLIED_FIXED_SEMANTICS	ordinary-rule	rule <k> FuncDef(F:String, Params(PNS:ParamNames), BODY:Stmts) => .K ... </k> <env> L:Int </env> <scopes> ... L |-> scope(M:Map => M [ F <- closureVal(PNS, BODY, L) ], _) ... </scopes>
613	reference-semantics/semantics/functions.k	18	syntax	SUPPLIED_FIXED_SEMANTICS	-	syntax Expr ::= closureExpr(ParamNames, Stmts)
614	reference-semantics/semantics/functions.k	19	rule	SUPPLIED_FIXED_SEMANTICS	ordinary-rule	rule <k> closureExpr(PNS:ParamNames, BODY:Stmts) => closureVal(PNS, BODY, L) ... </k> <env> L:Int </env>
615	reference-semantics/semantics/functions.k	27	syntax	SUPPLIED_FIXED_SEMANTICS	-	syntax Val ::= closureValC(ParamNames, ParamNames, Stmts, Map)
616	reference-semantics/semantics/functions.k	31	syntax	SUPPLIED_FIXED_SEMANTICS	-	syntax KItem ::= #mkClosure(String, ParamNames, ParamNames, ParamNames, Stmts, Map) | #mkLambda(ParamNames, ParamNames, ParamNames, Stmts, Map)
617	reference-semantics/semantics/functions.k	33	rule	SUPPLIED_FIXED_SEMANTICS	ordinary-rule	rule <k> FuncDef(F:String, Params(PNS:ParamNames), CellVars(CVS:ParamNames), FreeVars(FVS:ParamNames), BODY:Stmts) => #mkClosure(F, PNS, CVS, FVS, BODY, .Map) ... </k>
618	reference-semantics/semantics/functions.k	36	rule	SUPPLIED_FIXED_SEMANTICS	ordinary-rule	rule <k> #mkClosure(F:String, PNS:ParamNames, CVS:ParamNames, (FV:String, FVR:ParamNames), BODY:Stmts, CM:Map) => #mkClosure(F, PNS, CVS, FVR, BODY, CM [ FV <- {M[FV]}:>Val ]) ... </k> <env> L:Int </env> <scopes> ... L |-> scope(M:Map, _) ... </scopes> requires FV in_keys(M)
619	reference-semantics/semantics/functions.k	42	rule	SUPPLIED_FIXED_SEMANTICS	ordinary-rule	rule <k> #mkClosure(F:String, PNS:ParamNames, CVS:ParamNames, .ParamNames, BODY:Stmts, CM:Map) => .K ... </k> <env> L:Int </env> <scopes> ... L |-> scope(M:Map => M [ F <- closureValC(PNS, CVS, BODY, CM) ], _) ... </scopes>
620	reference-semantics/semantics/functions.k	47	rule	SUPPLIED_FIXED_SEMANTICS	ordinary-rule	rule <k> Lambda(Params(PNS:ParamNames), E:Expr) => closureVal(PNS, Return(E) .Stmts, L) ... </k> <env> L:Int </env>
621	reference-semantics/semantics/functions.k	50	rule	SUPPLIED_FIXED_SEMANTICS	ordinary-rule	rule <k> Lambda(Params(PNS:ParamNames), CellVars(CVS:ParamNames), FreeVars(FVS:ParamNames), E:Expr) => #mkLambda(PNS, CVS, FVS, Return(E) .Stmts, .Map) ... </k>
622	reference-semantics/semantics/functions.k	53	rule	SUPPLIED_FIXED_SEMANTICS	ordinary-rule	rule <k> #mkLambda(PNS:ParamNames, CVS:ParamNames, (FV:String, FVR:ParamNames), BODY:Stmts, CM:Map) => #mkLambda(PNS, CVS, FVR, BODY, CM [ FV <- {M[FV]}:>Val ]) ... </k> <env> L:Int </env> <scopes> ... L |-> scope(M:Map, _) ... </scopes> requires FV in_keys(M)
623	reference-semantics/semantics/functions.k	59	rule	SUPPLIED_FIXED_SEMANTICS	ordinary-rule	rule <k> #mkLambda(PNS:ParamNames, CVS:ParamNames, .ParamNames, BODY:Stmts, CM:Map) => closureValC(PNS, CVS, BODY, CM) ... </k>
624	reference-semantics/semantics/functions.k	63	rule	SUPPLIED_FIXED_SEMANTICS	ordinary-rule	rule <k> #bindP(.ParamNames, .Vals) => .K ... </k>
625	reference-semantics/semantics/functions.k	64	rule	SUPPLIED_FIXED_SEMANTICS	ordinary-rule	rule <k> #bindP((P:String, PS:ParamNames), (V:Val, VS:Vals)) => #bindP(PS, VS) ... </k> <env> L:Int </env> <scopes> ... L |-> scope(M:Map => M [ P <- V ], _) ... </scopes>
626	reference-semantics/semantics/functions.k	68	rule	SUPPLIED_FIXED_SEMANTICS	priority,ordinary-rule	rule <k> #bindP((P:String, PS:ParamNames), (V:Val, VS:Vals)) => #cellW({M[P]}:>Val, V) ~> #bindP(PS, VS) ... </k> <env> L:Int </env> <scopes> ... L |-> scope(M:Map, _) ... </scopes> requires "$cells" in_keys(M) andBool pnMember(P, cellsOf({M["$cells"]}:>Val)) andBool P in_keys(M) andBool isCellRef({M[P]}:>Val) [priority(40)]
627	reference-semantics/semantics/functions.k	78	rule	SUPPLIED_FIXED_SEMANTICS	ordinary-rule	rule <k> Return(V:Val) ~> _ => #pop </k> <ret> noRet => retV(V) </ret>
628	reference-semantics/semantics/functions.k	80	rule	SUPPLIED_FIXED_SEMANTICS	ordinary-rule	rule <k> #endcall => #pop ... </k> <ret> noRet => retV(noneV) </ret>
629	reference-semantics/semantics/functions.k	85	rule	SUPPLIED_FIXED_SEMANTICS	ordinary-rule	rule <k> #pop => V ~> CONT </k> <ret> retV(V) => noRet </ret> <stack> ListItem(frame(CONT:K, CALLERL:Int, SAVEDL:Int)) => .List ... </stack> <env> L:Int => CALLERL </env> <scopes> SC:Map => SC [ L <- undef ] </scopes> <scopeLoc> _ => SAVEDL </scopeLoc> endmodule
630	reference-semantics/semantics/int.k	4	module	SUPPLIED_FIXED_SEMANTICS	-	module MPY-INT
631	reference-semantics/semantics/int.k	5	imports	SUPPLIED_FIXED_SEMANTICS	-	imports MPY-CORE
632	reference-semantics/semantics/int.k	7	rule	SUPPLIED_FIXED_SEMANTICS	ordinary-rule	rule applyUn("-", I:Int) => 0 -Int I
633	reference-semantics/semantics/int.k	9	rule	SUPPLIED_FIXED_SEMANTICS	ordinary-rule	rule applyBin("+", I1:Int, I2:Int) => I1 +Int I2
634	reference-semantics/semantics/int.k	11	rule	SUPPLIED_FIXED_SEMANTICS	ordinary-rule	rule applyBin("+", I:Int, B:Bool) => I +Int #if B #then 1 #else 0 #fi
635	reference-semantics/semantics/int.k	12	rule	SUPPLIED_FIXED_SEMANTICS	ordinary-rule	rule applyBin("+", B:Bool, I:Int) => #if B #then 1 #else 0 #fi +Int I
636	reference-semantics/semantics/int.k	13	rule	SUPPLIED_FIXED_SEMANTICS	ordinary-rule	rule applyBin("-", I1:Int, I2:Int) => I1 -Int I2
637	reference-semantics/semantics/int.k	14	rule	SUPPLIED_FIXED_SEMANTICS	ordinary-rule	rule applyBin("*", I1:Int, I2:Int) => I1 *Int I2
638	reference-semantics/semantics/int.k	15	rule	SUPPLIED_FIXED_SEMANTICS	ordinary-rule	rule applyBin("%", I1:Int, I2:Int) => pyMod(I1, I2)
639	reference-semantics/semantics/int.k	16	rule	SUPPLIED_FIXED_SEMANTICS	ordinary-rule	rule applyBin("
640	reference-semantics/semantics/int.k	17	rule	SUPPLIED_FIXED_SEMANTICS	ordinary-rule	rule applyBin("**", I1:Int, I2:Int) => I1 ^Int I2 requires I2 >=Int 0
641	reference-semantics/semantics/int.k	19	syntax	SUPPLIED_FIXED_SEMANTICS	function	syntax Int ::= pyMod(Int, Int) [function]
642	reference-semantics/semantics/int.k	20	rule	SUPPLIED_FIXED_SEMANTICS	ordinary-rule	rule pyMod(I1:Int, I2:Int) => ((I1 %Int I2) +Int I2) %Int I2
643	reference-semantics/semantics/int.k	22	rule	SUPPLIED_FIXED_SEMANTICS	ordinary-rule	rule applyCmp("<", I1:Int, I2:Int) => I1 <Int I2
644	reference-semantics/semantics/int.k	23	rule	SUPPLIED_FIXED_SEMANTICS	ordinary-rule	rule applyCmp("<=", I1:Int, I2:Int) => I1 <=Int I2
645	reference-semantics/semantics/int.k	24	rule	SUPPLIED_FIXED_SEMANTICS	ordinary-rule	rule applyCmp(">", I1:Int, I2:Int) => I1 >Int I2
646	reference-semantics/semantics/int.k	25	rule	SUPPLIED_FIXED_SEMANTICS	ordinary-rule	rule applyCmp(">=", I1:Int, I2:Int) => I1 >=Int I2
647	reference-semantics/semantics/int.k	26	rule	SUPPLIED_FIXED_SEMANTICS	ordinary-rule	rule applyCmp("==", I1:Int, I2:Int) => I1 ==Int I2
648	reference-semantics/semantics/int.k	27	rule	SUPPLIED_FIXED_SEMANTICS	ordinary-rule	rule applyCmp("!=", I1:Int, I2:Int) => I1 =/=Int I2 endmodule
649	reference-semantics/semantics/iter.k	6	module	SUPPLIED_FIXED_SEMANTICS	-	module MPY-ITER
650	reference-semantics/semantics/iter.k	7	imports	SUPPLIED_FIXED_SEMANTICS	-	imports MPY-CORE
651	reference-semantics/semantics/iter.k	8	syntax	SUPPLIED_FIXED_SEMANTICS	-	syntax KItem ::= #iterNext(Iterable) | "#iterDone" | #iterYield(Val, Iterable) endmodule
652	reference-semantics/semantics/list.k	3	module	SUPPLIED_FIXED_SEMANTICS	-	module MPY-LIST
653	reference-semantics/semantics/list.k	4	imports	SUPPLIED_FIXED_SEMANTICS	-	imports MPY-CORE
654	reference-semantics/semantics/list.k	5	imports	SUPPLIED_FIXED_SEMANTICS	-	imports MPY-ITER
655	reference-semantics/semantics/list.k	6	imports	SUPPLIED_FIXED_SEMANTICS	-	imports MPY-OPERATORS
656	reference-semantics/semantics/list.k	9	rule	SUPPLIED_FIXED_SEMANTICS	ordinary-rule	rule <k> #iterNext(list(.ValSeq)) => #iterDone ... </k>
657	reference-semantics/semantics/list.k	10	rule	SUPPLIED_FIXED_SEMANTICS	ordinary-rule	rule <k> #iterNext(list(vCons(V:Val, R:ValSeq))) => #iterYield(V, list(R)) ... </k>
658	reference-semantics/semantics/list.k	13	syntax	SUPPLIED_FIXED_SEMANTICS	-	syntax ApplyK ::= "toList"
659	reference-semantics/semantics/list.k	14	rule	SUPPLIED_FIXED_SEMANTICS	ordinary-rule	rule <k> ListExpr(ES:Exprs) => #evalArgs(ES, .Vals, toList) ... </k>
660	reference-semantics/semantics/list.k	15	rule	SUPPLIED_FIXED_SEMANTICS	ordinary-rule	rule <k> #applyK(toList, ACC:Vals) => #alloc(list(vals2valSeq(ACC))) ... </k>
661	reference-semantics/semantics/list.k	18	syntax	SUPPLIED_FIXED_SEMANTICS	function,total	syntax ValSeq ::= valSeqConcat(ValSeq, ValSeq) [function, total]
662	reference-semantics/semantics/list.k	19	rule	SUPPLIED_FIXED_SEMANTICS	ordinary-rule	rule valSeqConcat(.ValSeq, T:ValSeq) => T
663	reference-semantics/semantics/list.k	20	rule	SUPPLIED_FIXED_SEMANTICS	ordinary-rule	rule valSeqConcat(vCons(V:Val, S:ValSeq), T:ValSeq) => vCons(V, valSeqConcat(S, T))
664	reference-semantics/semantics/list.k	24	rule	SUPPLIED_FIXED_SEMANTICS	priority,ordinary-rule	rule <k> BinOp("+", list(A:ValSeq), list(B:ValSeq)) => #alloc(list(valSeqConcat(A, B))) ... </k> [priority(45)]
665	reference-semantics/semantics/list.k	27	rule	SUPPLIED_FIXED_SEMANTICS	ordinary-rule	rule applyCmp("==", list(A:ValSeq), list(B:ValSeq)) => A ==K B
666	reference-semantics/semantics/list.k	28	rule	SUPPLIED_FIXED_SEMANTICS	ordinary-rule	rule applyCmp("!=", list(A:ValSeq), list(B:ValSeq)) => notBool (A ==K B)
667	reference-semantics/semantics/list.k	33	syntax	SUPPLIED_FIXED_SEMANTICS	function,total	syntax Bool ::= hasRefVS(ValSeq) [function, total]
668	reference-semantics/semantics/list.k	34	rule	SUPPLIED_FIXED_SEMANTICS	ordinary-rule	rule hasRefVS(.ValSeq) => false
669	reference-semantics/semantics/list.k	35	rule	SUPPLIED_FIXED_SEMANTICS	ordinary-rule	rule hasRefVS(vCons(V:Val, R:ValSeq)) => isRefV(V) orBool hasRefVS(R)
670	reference-semantics/semantics/list.k	37	syntax	SUPPLIED_FIXED_SEMANTICS	function	syntax Bool ::= deepEqVS(ValSeq, ValSeq, Map) [function] | deepEqV(Val, Val, Map) [function]
671	reference-semantics/semantics/list.k	39	rule	SUPPLIED_FIXED_SEMANTICS	ordinary-rule	rule deepEqVS(.ValSeq, .ValSeq, _:Map) => true
672	reference-semantics/semantics/list.k	40	rule	SUPPLIED_FIXED_SEMANTICS	ordinary-rule	rule deepEqVS(.ValSeq, vCons(_:Val, _:ValSeq), _:Map) => false
673	reference-semantics/semantics/list.k	41	rule	SUPPLIED_FIXED_SEMANTICS	ordinary-rule	rule deepEqVS(vCons(_:Val, _:ValSeq), .ValSeq, _:Map) => false
674	reference-semantics/semantics/list.k	42	rule	SUPPLIED_FIXED_SEMANTICS	ordinary-rule	rule deepEqVS(vCons(A:Val, As:ValSeq), vCons(B:Val, Bs:ValSeq), HP:Map) => deepEqV(A, B, HP) andBool deepEqVS(As, Bs, HP)
675	reference-semantics/semantics/list.k	45	rule	SUPPLIED_FIXED_SEMANTICS	ordinary-rule	rule deepEqV(ref(H:Int), B:Val, HP:Map) => deepEqV({HP[H]}:>Val, B, HP) requires H in_keys(HP)
676	reference-semantics/semantics/list.k	47	rule	SUPPLIED_FIXED_SEMANTICS	ordinary-rule	rule deepEqV(A:Val, ref(H:Int), HP:Map) => deepEqV(A, {HP[H]}:>Val, HP) requires notBool isRefV(A) andBool H in_keys(HP)
677	reference-semantics/semantics/list.k	49	rule	SUPPLIED_FIXED_SEMANTICS	ordinary-rule	rule deepEqV(list(A:ValSeq), list(B:ValSeq), HP:Map) => deepEqVS(A, B, HP)
678	reference-semantics/semantics/list.k	50	rule	SUPPLIED_FIXED_SEMANTICS	owise,ordinary-rule	rule deepEqV(A:Val, B:Val, _:Map) => A ==K B [owise]
679	reference-semantics/semantics/list.k	53	rule	SUPPLIED_FIXED_SEMANTICS	priority,ordinary-rule	rule <k> #applyK(toCall(boundMethodV(ref(H:Int), "append")), (V:Val, .Vals)) => noneV ... </k> <heap> ... H |-> list(VS:ValSeq => valSeqConcat(VS, vCons(V, .ValSeq))) ... </heap> [priority(40)]
680	reference-semantics/semantics/list.k	58	syntax	SUPPLIED_FIXED_SEMANTICS	-	syntax KItem ::= #memberAcc(Val, Iterable) | #memberCont(Val) | "#notB"
681	reference-semantics/semantics/list.k	59	rule	SUPPLIED_FIXED_SEMANTICS	ordinary-rule	rule <k> Compare(LV:Val, CmpOp("in", list(VS:ValSeq))) => #memberAcc(LV, list(VS)) ... </k>
682	reference-semantics/semantics/list.k	60	rule	SUPPLIED_FIXED_SEMANTICS	ordinary-rule	rule <k> Compare(LV:Val, CmpOp("not in", list(VS:ValSeq))) => #memberAcc(LV, list(VS)) ~> #notB ... </k>
683	reference-semantics/semantics/list.k	61	rule	SUPPLIED_FIXED_SEMANTICS	ordinary-rule	rule <k> #memberAcc(V:Val, IT:Iterable) => #iterNext(IT) ~> #memberCont(V) ... </k>
684	reference-semantics/semantics/list.k	62	rule	SUPPLIED_FIXED_SEMANTICS	ordinary-rule	rule <k> #iterDone ~> #memberCont(_V:Val) => false ... </k>
685	reference-semantics/semantics/list.k	63	rule	SUPPLIED_FIXED_SEMANTICS	ordinary-rule	rule <k> #iterYield(E:Val, _:Iterable) ~> #memberCont(V:Val) => true ... </k> requires E ==K V
686	reference-semantics/semantics/list.k	65	rule	SUPPLIED_FIXED_SEMANTICS	ordinary-rule	rule <k> #iterYield(E:Val, R:Iterable) ~> #memberCont(V:Val) => #memberAcc(V, R) ... </k> requires notBool (E ==K V)
687	reference-semantics/semantics/list.k	67	rule	SUPPLIED_FIXED_SEMANTICS	ordinary-rule	rule <k> B:Bool ~> #notB => notBool B ... </k> endmodule
688	reference-semantics/semantics/methods.k	3	module	SUPPLIED_FIXED_SEMANTICS	-	module MPY-METHODS
689	reference-semantics/semantics/methods.k	4	imports	SUPPLIED_FIXED_SEMANTICS	-	imports MPY-CORE
690	reference-semantics/semantics/methods.k	5	imports	SUPPLIED_FIXED_SEMANTICS	-	imports K-EQUAL
691	reference-semantics/semantics/methods.k	6	imports	SUPPLIED_FIXED_SEMANTICS	-	imports MPY-STR
692	reference-semantics/semantics/methods.k	7	imports	SUPPLIED_FIXED_SEMANTICS	-	imports MPY-LIST
693	reference-semantics/semantics/methods.k	10	syntax	SUPPLIED_FIXED_SEMANTICS	function	syntax Val ::= applyMethod(Val, String, Vals) [function]
694	reference-semantics/semantics/methods.k	13	rule	SUPPLIED_FIXED_SEMANTICS	ordinary-rule	rule applyMethod(str(CS:IntSeq), "isupper", .Vals) => hasUpper(CS) andBool notBool hasLower(CS)
695	reference-semantics/semantics/methods.k	14	rule	SUPPLIED_FIXED_SEMANTICS	ordinary-rule	rule applyMethod(str(CS:IntSeq), "islower", .Vals) => hasLower(CS) andBool notBool hasUpper(CS)
696	reference-semantics/semantics/methods.k	15	rule	SUPPLIED_FIXED_SEMANTICS	ordinary-rule	rule applyMethod(str(CS:IntSeq), "isalpha", .Vals) => notBool (CS ==K .IntSeq) andBool allAlpha(CS)
697	reference-semantics/semantics/methods.k	16	rule	SUPPLIED_FIXED_SEMANTICS	ordinary-rule	rule applyMethod(str(CS:IntSeq), "isdigit", .Vals) => notBool (CS ==K .IntSeq) andBool allDigit(CS)
698	reference-semantics/semantics/methods.k	19	rule	SUPPLIED_FIXED_SEMANTICS	ordinary-rule	rule applyMethod(str(CS:IntSeq), "lower", .Vals) => str(mapLower(CS))
699	reference-semantics/semantics/methods.k	20	rule	SUPPLIED_FIXED_SEMANTICS	ordinary-rule	rule applyMethod(str(CS:IntSeq), "upper", .Vals) => str(mapUpper(CS))
700	reference-semantics/semantics/methods.k	21	rule	SUPPLIED_FIXED_SEMANTICS	ordinary-rule	rule applyMethod(str(CS:IntSeq), "swapcase", .Vals) => str(mapSwap(CS))
701	reference-semantics/semantics/methods.k	26	rule	SUPPLIED_FIXED_SEMANTICS	ordinary-rule	rule applyMethod(str(SEP:IntSeq), "join", list(VS:ValSeq), .Vals) => str(joinCodes(SEP, VS))
702	reference-semantics/semantics/methods.k	27	syntax	SUPPLIED_FIXED_SEMANTICS	function,total	syntax IntSeq ::= joinCodes(IntSeq, ValSeq) [function, total]
703	reference-semantics/semantics/methods.k	28	rule	SUPPLIED_FIXED_SEMANTICS	ordinary-rule	rule joinCodes(_:IntSeq, .ValSeq) => .IntSeq
704	reference-semantics/semantics/methods.k	29	rule	SUPPLIED_FIXED_SEMANTICS	ordinary-rule	rule joinCodes(_:IntSeq, vCons(str(CS:IntSeq), .ValSeq)) => CS
705	reference-semantics/semantics/methods.k	30	rule	SUPPLIED_FIXED_SEMANTICS	ordinary-rule	rule joinCodes(SEP:IntSeq, vCons(str(CS:IntSeq), vCons(V:Val, R:ValSeq))) => seqConcat(CS, seqConcat(SEP, joinCodes(SEP, vCons(V, R))))
706	reference-semantics/semantics/methods.k	34	rule	SUPPLIED_FIXED_SEMANTICS	ordinary-rule	rule applyMethod(str(CS:IntSeq), "count", str(PC:IntSeq), .Vals) => cntSub(CS, PC)
707	reference-semantics/semantics/methods.k	35	syntax	SUPPLIED_FIXED_SEMANTICS	function	syntax Int ::= cntSub(IntSeq, IntSeq) [function]
708	reference-semantics/semantics/methods.k	36	rule	SUPPLIED_FIXED_SEMANTICS	ordinary-rule	rule cntSub(.IntSeq, _:IntSeq) => 0
709	reference-semantics/semantics/methods.k	37	rule	SUPPLIED_FIXED_SEMANTICS	ordinary-rule	rule cntSub(iCons(C:Int, R:IntSeq), PC:IntSeq) => 1 +Int cntSub(dropIS(iCons(C, R), isLen(PC)), PC) requires strPrefix(PC, iCons(C, R)) andBool isLen(PC) >Int 0
710	reference-semantics/semantics/methods.k	39	rule	SUPPLIED_FIXED_SEMANTICS	ordinary-rule	rule cntSub(iCons(C:Int, R:IntSeq), PC:IntSeq) => cntSub(R, PC) requires notBool strPrefix(PC, iCons(C, R)) orBool isLen(PC) <=Int 0
711	reference-semantics/semantics/methods.k	41	syntax	SUPPLIED_FIXED_SEMANTICS	function,total	syntax IntSeq ::= dropIS(IntSeq, Int) [function, total]
712	reference-semantics/semantics/methods.k	42	rule	SUPPLIED_FIXED_SEMANTICS	ordinary-rule	rule dropIS(S:IntSeq, N:Int) => S requires N <=Int 0
713	reference-semantics/semantics/methods.k	43	rule	SUPPLIED_FIXED_SEMANTICS	owise,ordinary-rule	rule dropIS(.IntSeq, _:Int) => .IntSeq [owise]
714	reference-semantics/semantics/methods.k	44	rule	SUPPLIED_FIXED_SEMANTICS	ordinary-rule	rule dropIS(iCons(_:Int, R:IntSeq), N:Int) => dropIS(R, N -Int 1) requires N >Int 0
715	reference-semantics/semantics/methods.k	47	rule	SUPPLIED_FIXED_SEMANTICS	ordinary-rule	rule applyMethod(str(CS:IntSeq), "strip", .Vals) => str(revIS(trimWS(revIS(trimWS(CS)))))
716	reference-semantics/semantics/methods.k	48	syntax	SUPPLIED_FIXED_SEMANTICS	function,total	syntax IntSeq ::= trimWS(IntSeq) [function, total]
717	reference-semantics/semantics/methods.k	49	rule	SUPPLIED_FIXED_SEMANTICS	ordinary-rule	rule trimWS(.IntSeq) => .IntSeq
718	reference-semantics/semantics/methods.k	50	rule	SUPPLIED_FIXED_SEMANTICS	ordinary-rule	rule trimWS(iCons(C:Int, R:IntSeq)) => trimWS(R) requires isWSC(C)
719	reference-semantics/semantics/methods.k	51	rule	SUPPLIED_FIXED_SEMANTICS	ordinary-rule	rule trimWS(iCons(C:Int, R:IntSeq)) => iCons(C, R) requires notBool isWSC(C)
720	reference-semantics/semantics/methods.k	52	syntax	SUPPLIED_FIXED_SEMANTICS	function,total	syntax IntSeq ::= revIS(IntSeq) [function, total] | revISAcc(IntSeq, IntSeq) [function, total]
721	reference-semantics/semantics/methods.k	53	rule	SUPPLIED_FIXED_SEMANTICS	ordinary-rule	rule revIS(S:IntSeq) => revISAcc(S, .IntSeq)
722	reference-semantics/semantics/methods.k	54	rule	SUPPLIED_FIXED_SEMANTICS	ordinary-rule	rule revISAcc(.IntSeq, A:IntSeq) => A
723	reference-semantics/semantics/methods.k	55	rule	SUPPLIED_FIXED_SEMANTICS	ordinary-rule	rule revISAcc(iCons(C:Int, R:IntSeq), A:IntSeq) => revISAcc(R, iCons(C, A))
724	reference-semantics/semantics/methods.k	58	rule	SUPPLIED_FIXED_SEMANTICS	ordinary-rule	rule applyMethod(str(CS:IntSeq), "encode", str(_:IntSeq), .Vals) => str(CS)
725	reference-semantics/semantics/methods.k	61	rule	SUPPLIED_FIXED_SEMANTICS	ordinary-rule	rule applyMethod(str(XC:IntSeq), "startswith", str(PC:IntSeq), .Vals) => startsWith(PC, XC)
726	reference-semantics/semantics/methods.k	64	rule	SUPPLIED_FIXED_SEMANTICS	ordinary-rule	rule applyMethod(list(VS:ValSeq), "count", V:Val, .Vals) => cntOccVS(VS, V)
727	reference-semantics/semantics/methods.k	65	syntax	SUPPLIED_FIXED_SEMANTICS	function,total	syntax Int ::= cntOccVS(ValSeq, Val) [function, total]
728	reference-semantics/semantics/methods.k	66	rule	SUPPLIED_FIXED_SEMANTICS	ordinary-rule	rule cntOccVS(.ValSeq, _:Val) => 0
729	reference-semantics/semantics/methods.k	67	rule	SUPPLIED_FIXED_SEMANTICS	ordinary-rule	rule cntOccVS(vCons(A:Val, R:ValSeq), V:Val) => 1 +Int cntOccVS(R, V) requires A ==K V
730	reference-semantics/semantics/methods.k	68	rule	SUPPLIED_FIXED_SEMANTICS	ordinary-rule	rule cntOccVS(vCons(A:Val, R:ValSeq), V:Val) => cntOccVS(R, V) requires notBool (A ==K V)
731	reference-semantics/semantics/methods.k	72	rule	SUPPLIED_FIXED_SEMANTICS	priority,ordinary-rule	rule <k> #applyK(toCall(boundMethodV(str(CS:IntSeq), "split")), .Vals) => #alloc(list(splitWS(CS, .IntSeq, .ValSeq))) ... </k> [priority(40)]
732	reference-semantics/semantics/methods.k	75	syntax	SUPPLIED_FIXED_SEMANTICS	function	syntax ValSeq ::= splitWS(IntSeq, IntSeq, ValSeq) [function]
733	reference-semantics/semantics/methods.k	76	rule	SUPPLIED_FIXED_SEMANTICS	ordinary-rule	rule splitWS(.IntSeq, CUR:IntSeq, ACC:ValSeq) => flushTok(ACC, CUR)
734	reference-semantics/semantics/methods.k	77	rule	SUPPLIED_FIXED_SEMANTICS	ordinary-rule	rule splitWS(iCons(C:Int, R:IntSeq), CUR:IntSeq, ACC:ValSeq) => splitWS(R, .IntSeq, flushTok(ACC, CUR)) requires isWSC(C)
735	reference-semantics/semantics/methods.k	79	rule	SUPPLIED_FIXED_SEMANTICS	ordinary-rule	rule splitWS(iCons(C:Int, R:IntSeq), CUR:IntSeq, ACC:ValSeq) => splitWS(R, seqConcat(CUR, iCons(C, .IntSeq)), ACC) requires notBool isWSC(C)
736	reference-semantics/semantics/methods.k	82	syntax	SUPPLIED_FIXED_SEMANTICS	function	syntax ValSeq ::= flushTok(ValSeq, IntSeq) [function]
737	reference-semantics/semantics/methods.k	83	rule	SUPPLIED_FIXED_SEMANTICS	ordinary-rule	rule flushTok(ACC:ValSeq, .IntSeq) => ACC
738	reference-semantics/semantics/methods.k	84	rule	SUPPLIED_FIXED_SEMANTICS	ordinary-rule	rule flushTok(ACC:ValSeq, iCons(C:Int, T:IntSeq)) => valSeqConcat(ACC, vCons(str(iCons(C, T)), .ValSeq))
739	reference-semantics/semantics/methods.k	85	syntax	SUPPLIED_FIXED_SEMANTICS	function,total	syntax Bool ::= isWSC(Int) [function, total]
740	reference-semantics/semantics/methods.k	86	rule	SUPPLIED_FIXED_SEMANTICS	ordinary-rule	rule isWSC(C:Int) => C ==Int 32 orBool C ==Int 9 orBool C ==Int 10 orBool C ==Int 13
741	reference-semantics/semantics/methods.k	89	rule	SUPPLIED_FIXED_SEMANTICS	priority,ordinary-rule	rule <k> #applyK(toCall(boundMethodV(str(CS:IntSeq), "split")), (kwV("sep", str(S:IntSeq)), .Vals)) => #applyK(toCall(boundMethodV(str(CS), "split")), (str(S), .Vals)) ... </k> [priority(39)]
742	reference-semantics/semantics/methods.k	94	rule	SUPPLIED_FIXED_SEMANTICS	priority,ordinary-rule	rule <k> #applyK(toCall(boundMethodV(str(CS:IntSeq), "split")), (str(iCons(SEP:Int, .IntSeq)), .Vals)) => #alloc(list(splitSep(CS, SEP, .IntSeq))) ... </k> [priority(40)]
743	reference-semantics/semantics/methods.k	97	syntax	SUPPLIED_FIXED_SEMANTICS	function	syntax ValSeq ::= splitSep(IntSeq, Int, IntSeq) [function]
744	reference-semantics/semantics/methods.k	98	rule	SUPPLIED_FIXED_SEMANTICS	ordinary-rule	rule splitSep(.IntSeq, _SEP:Int, CUR:IntSeq) => vCons(str(CUR), .ValSeq)
745	reference-semantics/semantics/methods.k	99	rule	SUPPLIED_FIXED_SEMANTICS	ordinary-rule	rule splitSep(iCons(C:Int, R:IntSeq), SEP:Int, CUR:IntSeq) => vCons(str(CUR), splitSep(R, SEP, .IntSeq)) requires C ==Int SEP
746	reference-semantics/semantics/methods.k	101	rule	SUPPLIED_FIXED_SEMANTICS	ordinary-rule	rule splitSep(iCons(C:Int, R:IntSeq), SEP:Int, CUR:IntSeq) => splitSep(R, SEP, seqConcat(CUR, iCons(C, .IntSeq))) requires notBool (C ==Int SEP)
747	reference-semantics/semantics/methods.k	104	rule	SUPPLIED_FIXED_SEMANTICS	ordinary-rule	rule applyMethod(str(CS:IntSeq), "replace", str(iCons(A:Int, .IntSeq)), str(iCons(B:Int, .IntSeq)), .Vals) => str(replaceC(CS, A, B))
748	reference-semantics/semantics/methods.k	106	syntax	SUPPLIED_FIXED_SEMANTICS	function,total	syntax IntSeq ::= replaceC(IntSeq, Int, Int) [function, total]
749	reference-semantics/semantics/methods.k	107	rule	SUPPLIED_FIXED_SEMANTICS	ordinary-rule	rule replaceC(.IntSeq, _:Int, _:Int) => .IntSeq
750	reference-semantics/semantics/methods.k	108	rule	SUPPLIED_FIXED_SEMANTICS	ordinary-rule	rule replaceC(iCons(C:Int, R:IntSeq), A:Int, B:Int) => iCons(B, replaceC(R, A, B)) requires C ==Int A
751	reference-semantics/semantics/methods.k	109	rule	SUPPLIED_FIXED_SEMANTICS	ordinary-rule	rule replaceC(iCons(C:Int, R:IntSeq), A:Int, B:Int) => iCons(C, replaceC(R, A, B)) requires notBool (C ==Int A)
752	reference-semantics/semantics/methods.k	112	syntax	SUPPLIED_FIXED_SEMANTICS	function,total	syntax Bool ::= isUpperC(Int) [function, total]
753	reference-semantics/semantics/methods.k	113	rule	SUPPLIED_FIXED_SEMANTICS	ordinary-rule	rule isUpperC(C:Int) => C >=Int 65 andBool C <=Int 90
754	reference-semantics/semantics/methods.k	115	syntax	SUPPLIED_FIXED_SEMANTICS	function,total	syntax Bool ::= isLowerC(Int) [function, total]
755	reference-semantics/semantics/methods.k	116	rule	SUPPLIED_FIXED_SEMANTICS	ordinary-rule	rule isLowerC(C:Int) => C >=Int 97 andBool C <=Int 122
756	reference-semantics/semantics/methods.k	118	syntax	SUPPLIED_FIXED_SEMANTICS	function,total	syntax Bool ::= isAlphaC(Int) [function, total]
757	reference-semantics/semantics/methods.k	119	rule	SUPPLIED_FIXED_SEMANTICS	ordinary-rule	rule isAlphaC(C:Int) => isUpperC(C) orBool isLowerC(C)
758	reference-semantics/semantics/methods.k	121	syntax	SUPPLIED_FIXED_SEMANTICS	function,total	syntax Bool ::= isDigitC(Int) [function, total]
759	reference-semantics/semantics/methods.k	122	rule	SUPPLIED_FIXED_SEMANTICS	ordinary-rule	rule isDigitC(C:Int) => C >=Int 48 andBool C <=Int 57
760	reference-semantics/semantics/methods.k	124	syntax	SUPPLIED_FIXED_SEMANTICS	function,total	syntax Bool ::= hasUpper(IntSeq) [function, total]
761	reference-semantics/semantics/methods.k	125	rule	SUPPLIED_FIXED_SEMANTICS	ordinary-rule	rule hasUpper(.IntSeq) => false
762	reference-semantics/semantics/methods.k	126	rule	SUPPLIED_FIXED_SEMANTICS	ordinary-rule	rule hasUpper(iCons(C:Int, S:IntSeq)) => isUpperC(C) orBool hasUpper(S)
763	reference-semantics/semantics/methods.k	128	syntax	SUPPLIED_FIXED_SEMANTICS	function,total	syntax Bool ::= hasLower(IntSeq) [function, total]
764	reference-semantics/semantics/methods.k	129	rule	SUPPLIED_FIXED_SEMANTICS	ordinary-rule	rule hasLower(.IntSeq) => false
765	reference-semantics/semantics/methods.k	130	rule	SUPPLIED_FIXED_SEMANTICS	ordinary-rule	rule hasLower(iCons(C:Int, S:IntSeq)) => isLowerC(C) orBool hasLower(S)
766	reference-semantics/semantics/methods.k	132	syntax	SUPPLIED_FIXED_SEMANTICS	function,total	syntax Bool ::= allAlpha(IntSeq) [function, total]
767	reference-semantics/semantics/methods.k	133	rule	SUPPLIED_FIXED_SEMANTICS	ordinary-rule	rule allAlpha(.IntSeq) => true
768	reference-semantics/semantics/methods.k	134	rule	SUPPLIED_FIXED_SEMANTICS	ordinary-rule	rule allAlpha(iCons(C:Int, S:IntSeq)) => isAlphaC(C) andBool allAlpha(S)
769	reference-semantics/semantics/methods.k	136	syntax	SUPPLIED_FIXED_SEMANTICS	function,total	syntax Bool ::= allDigit(IntSeq) [function, total]
770	reference-semantics/semantics/methods.k	137	rule	SUPPLIED_FIXED_SEMANTICS	ordinary-rule	rule allDigit(.IntSeq) => true
771	reference-semantics/semantics/methods.k	138	rule	SUPPLIED_FIXED_SEMANTICS	ordinary-rule	rule allDigit(iCons(C:Int, S:IntSeq)) => isDigitC(C) andBool allDigit(S)
772	reference-semantics/semantics/methods.k	140	syntax	SUPPLIED_FIXED_SEMANTICS	function,total	syntax Int ::= lowerC(Int) [function, total]
773	reference-semantics/semantics/methods.k	142	rule	SUPPLIED_FIXED_SEMANTICS	ordinary-rule	rule lowerC(C:Int) => C +Int 32 requires isUpperC(C)
774	reference-semantics/semantics/methods.k	143	rule	SUPPLIED_FIXED_SEMANTICS	owise,ordinary-rule	rule lowerC(C:Int) => C [owise]
775	reference-semantics/semantics/methods.k	145	syntax	SUPPLIED_FIXED_SEMANTICS	function,total	syntax Int ::= upperC(Int) [function, total]
776	reference-semantics/semantics/methods.k	146	rule	SUPPLIED_FIXED_SEMANTICS	ordinary-rule	rule upperC(C:Int) => C -Int 32 requires isLowerC(C)
777	reference-semantics/semantics/methods.k	147	rule	SUPPLIED_FIXED_SEMANTICS	owise,ordinary-rule	rule upperC(C:Int) => C [owise]
778	reference-semantics/semantics/methods.k	149	syntax	SUPPLIED_FIXED_SEMANTICS	function,total	syntax Int ::= swapC(Int) [function, total]
779	reference-semantics/semantics/methods.k	150	rule	SUPPLIED_FIXED_SEMANTICS	ordinary-rule	rule swapC(C:Int) => C +Int 32 requires isUpperC(C)
780	reference-semantics/semantics/methods.k	151	rule	SUPPLIED_FIXED_SEMANTICS	ordinary-rule	rule swapC(C:Int) => C -Int 32 requires isLowerC(C)
781	reference-semantics/semantics/methods.k	152	rule	SUPPLIED_FIXED_SEMANTICS	owise,ordinary-rule	rule swapC(C:Int) => C [owise]
782	reference-semantics/semantics/methods.k	154	syntax	SUPPLIED_FIXED_SEMANTICS	function,total	syntax IntSeq ::= mapLower(IntSeq) [function, total]
783	reference-semantics/semantics/methods.k	155	rule	SUPPLIED_FIXED_SEMANTICS	ordinary-rule	rule mapLower(.IntSeq) => .IntSeq
784	reference-semantics/semantics/methods.k	156	rule	SUPPLIED_FIXED_SEMANTICS	ordinary-rule	rule mapLower(iCons(C:Int, S:IntSeq)) => iCons(lowerC(C), mapLower(S))
785	reference-semantics/semantics/methods.k	158	syntax	SUPPLIED_FIXED_SEMANTICS	function,total	syntax IntSeq ::= mapUpper(IntSeq) [function, total]
786	reference-semantics/semantics/methods.k	159	rule	SUPPLIED_FIXED_SEMANTICS	ordinary-rule	rule mapUpper(.IntSeq) => .IntSeq
787	reference-semantics/semantics/methods.k	160	rule	SUPPLIED_FIXED_SEMANTICS	ordinary-rule	rule mapUpper(iCons(C:Int, S:IntSeq)) => iCons(upperC(C), mapUpper(S))
788	reference-semantics/semantics/methods.k	162	syntax	SUPPLIED_FIXED_SEMANTICS	function,total	syntax IntSeq ::= mapSwap(IntSeq) [function, total]
789	reference-semantics/semantics/methods.k	163	rule	SUPPLIED_FIXED_SEMANTICS	ordinary-rule	rule mapSwap(.IntSeq) => .IntSeq
790	reference-semantics/semantics/methods.k	164	rule	SUPPLIED_FIXED_SEMANTICS	ordinary-rule	rule mapSwap(iCons(C:Int, S:IntSeq)) => iCons(swapC(C), mapSwap(S))
791	reference-semantics/semantics/methods.k	166	syntax	SUPPLIED_FIXED_SEMANTICS	function,total	syntax Bool ::= startsWith(IntSeq, IntSeq) [function, total]
792	reference-semantics/semantics/methods.k	167	rule	SUPPLIED_FIXED_SEMANTICS	ordinary-rule	rule startsWith(.IntSeq, _:IntSeq) => true
793	reference-semantics/semantics/methods.k	168	rule	SUPPLIED_FIXED_SEMANTICS	ordinary-rule	rule startsWith(iCons(_:Int, _:IntSeq), .IntSeq) => false
794	reference-semantics/semantics/methods.k	169	rule	SUPPLIED_FIXED_SEMANTICS	ordinary-rule	rule startsWith(iCons(A:Int, As:IntSeq), iCons(B:Int, Bs:IntSeq)) => A ==Int B andBool startsWith(As, Bs) endmodule
795	reference-semantics/semantics/operators.k	6	module	SUPPLIED_FIXED_SEMANTICS	-	module MPY-OPERATORS
796	reference-semantics/semantics/operators.k	7	imports	SUPPLIED_FIXED_SEMANTICS	-	imports MPY-CORE
797	reference-semantics/semantics/operators.k	8	imports	SUPPLIED_FIXED_SEMANTICS	-	imports MPY-ITER
798	reference-semantics/semantics/operators.k	10	rule	SUPPLIED_FIXED_SEMANTICS	ordinary-rule	rule <k> UnaryOp(OP:String, V:Val) => applyUn(OP, V) ... </k>
799	reference-semantics/semantics/operators.k	12	rule	SUPPLIED_FIXED_SEMANTICS	ordinary-rule	rule <k> BinOp(OP:String, L:Val, R:Val) => applyBin(OP, L, R) ... </k>
800	reference-semantics/semantics/operators.k	15	context	SUPPLIED_FIXED_SEMANTICS	-	context Compare(HOLE, _)
801	reference-semantics/semantics/operators.k	16	context	SUPPLIED_FIXED_SEMANTICS	-	context Compare(_:Val, CmpOp(_, HOLE))
802	reference-semantics/semantics/operators.k	17	rule	SUPPLIED_FIXED_SEMANTICS	owise,ordinary-rule	rule <k> Compare(LV:Val, CmpOp(OP:String, RV:Val)) => applyCmp(OP, LV, RV) ... </k> [owise]
803	reference-semantics/semantics/operators.k	19	rule	SUPPLIED_FIXED_SEMANTICS	ordinary-rule	rule applyCmp("is", V:Val, noneV) => V ==K noneV
804	reference-semantics/semantics/operators.k	20	rule	SUPPLIED_FIXED_SEMANTICS	ordinary-rule	rule applyCmp("is not", V:Val, noneV) => notBool (V ==K noneV)
805	reference-semantics/semantics/operators.k	25	rule	SUPPLIED_FIXED_SEMANTICS	priority,ordinary-rule	rule <k> BinOp(OP:String, ref(H:Int), R:Expr) => BinOp(OP, V, R) ... </k> <heap> ... H |-> V:Val ... </heap> [priority(40)]
806	reference-semantics/semantics/operators.k	28	rule	SUPPLIED_FIXED_SEMANTICS	priority,ordinary-rule	rule <k> BinOp(OP:String, L:Val, ref(H:Int)) => BinOp(OP, L, V) ... </k> <heap> ... H |-> V:Val ... </heap> requires notBool isRefV(L) [priority(40)]
807	reference-semantics/semantics/operators.k	34	rule	SUPPLIED_FIXED_SEMANTICS	priority,ordinary-rule	rule <k> Compare(ref(H:Int), CmpOp(OP:String, R:Expr)) => Compare(V, CmpOp(OP, R)) ... </k> <heap> ... H |-> V:Val ... </heap> requires OP =/=String "in" andBool OP =/=String "not in" [priority(40)]
808	reference-semantics/semantics/operators.k	38	rule	SUPPLIED_FIXED_SEMANTICS	priority,ordinary-rule	rule <k> Compare(L:Val, CmpOp(OP:String, ref(H:Int))) => Compare(L, CmpOp(OP, V)) ... </k> <heap> ... H |-> V:Val ... </heap> requires notBool isRefV(L) orBool OP ==String "in" orBool OP ==String "not in" [priority(40)]
809	reference-semantics/semantics/operators.k	44	rule	SUPPLIED_FIXED_SEMANTICS	priority,ordinary-rule	rule <k> UnaryOp(OP:String, ref(H:Int)) => UnaryOp(OP, V) ... </k> <heap> ... H |-> V:Val ... </heap> [priority(40)] endmodule
810	reference-semantics/semantics/range.k	5	module	SUPPLIED_FIXED_SEMANTICS	-	module MPY-RANGE
811	reference-semantics/semantics/range.k	6	imports	SUPPLIED_FIXED_SEMANTICS	-	imports MPY-CORE
812	reference-semantics/semantics/range.k	7	imports	SUPPLIED_FIXED_SEMANTICS	-	imports MPY-ITER
813	reference-semantics/semantics/range.k	9	syntax	SUPPLIED_FIXED_SEMANTICS	function,total	syntax Bool ::= inRange(Int, Int, Int) [function, total]
814	reference-semantics/semantics/range.k	10	rule	SUPPLIED_FIXED_SEMANTICS	ordinary-rule	rule inRange(I:Int, HI:Int, ST:Int) => (ST >Int 0 andBool I <Int HI) orBool (ST <Int 0 andBool I >Int HI)
815	reference-semantics/semantics/range.k	12	syntax	SUPPLIED_FIXED_SEMANTICS	function	syntax Int ::= rangeLen(Int, Int, Int) [function]
816	reference-semantics/semantics/range.k	13	rule	SUPPLIED_FIXED_SEMANTICS	ordinary-rule	rule rangeLen(LO:Int, HI:Int, ST:Int) => (HI -Int LO +Int ST -Int 1) /Int ST requires ST >Int 0 andBool HI >Int LO
817	reference-semantics/semantics/range.k	15	rule	SUPPLIED_FIXED_SEMANTICS	ordinary-rule	rule rangeLen(LO:Int, HI:Int, ST:Int) => (LO -Int HI -Int ST -Int 1) /Int (0 -Int ST) requires ST <Int 0 andBool HI <Int LO
818	reference-semantics/semantics/range.k	17	rule	SUPPLIED_FIXED_SEMANTICS	ordinary-rule	rule rangeLen(LO:Int, HI:Int, ST:Int) => 0 requires (ST >Int 0 andBool HI <=Int LO) orBool (ST <Int 0 andBool HI >=Int LO)
819	reference-semantics/semantics/range.k	20	rule	SUPPLIED_FIXED_SEMANTICS	ordinary-rule	rule <k> #iterNext(rangeObj(I:Int, HI:Int, ST:Int)) => #iterYield(I, rangeObj(I +Int ST, HI, ST)) ... </k> requires inRange(I, HI, ST)
820	reference-semantics/semantics/range.k	23	rule	SUPPLIED_FIXED_SEMANTICS	ordinary-rule	rule <k> #iterNext(rangeObj(I:Int, HI:Int, ST:Int)) => #iterDone ... </k> requires notBool inRange(I, HI, ST) endmodule
821	reference-semantics/semantics/set.k	3	module	SUPPLIED_FIXED_SEMANTICS	-	module MPY-SET
822	reference-semantics/semantics/set.k	4	imports	SUPPLIED_FIXED_SEMANTICS	-	imports MPY-CORE
823	reference-semantics/semantics/set.k	8	syntax	SUPPLIED_FIXED_SEMANTICS	-	syntax Val ::= setV(IntSeq)
824	reference-semantics/semantics/set.k	11	syntax	SUPPLIED_FIXED_SEMANTICS	function,total	syntax Bool ::= codeIn(Int, IntSeq) [function, total]
825	reference-semantics/semantics/set.k	12	rule	SUPPLIED_FIXED_SEMANTICS	ordinary-rule	rule codeIn(_:Int, .IntSeq) => false
826	reference-semantics/semantics/set.k	13	rule	SUPPLIED_FIXED_SEMANTICS	ordinary-rule	rule codeIn(C:Int, iCons(H:Int, T:IntSeq)) => C ==Int H orBool codeIn(C, T)
827	reference-semantics/semantics/set.k	16	syntax	SUPPLIED_FIXED_SEMANTICS	function,total	syntax IntSeq ::= dedupCodes(IntSeq) [function, total] | dedupFrom(IntSeq, IntSeq) [function, total]
828	reference-semantics/semantics/set.k	18	rule	SUPPLIED_FIXED_SEMANTICS	ordinary-rule	rule dedupCodes(CS:IntSeq) => dedupFrom(CS, .IntSeq)
829	reference-semantics/semantics/set.k	19	rule	SUPPLIED_FIXED_SEMANTICS	ordinary-rule	rule dedupFrom(.IntSeq, ACC:IntSeq) => ACC
830	reference-semantics/semantics/set.k	20	rule	SUPPLIED_FIXED_SEMANTICS	ordinary-rule	rule dedupFrom(iCons(C:Int, S:IntSeq), ACC:IntSeq) => dedupFrom(S, ACC) requires codeIn(C, ACC)
831	reference-semantics/semantics/set.k	22	rule	SUPPLIED_FIXED_SEMANTICS	ordinary-rule	rule dedupFrom(iCons(C:Int, S:IntSeq), ACC:IntSeq) => dedupFrom(S, snocCode(ACC, C)) requires notBool codeIn(C, ACC)
832	reference-semantics/semantics/set.k	25	syntax	SUPPLIED_FIXED_SEMANTICS	function,total	syntax IntSeq ::= snocCode(IntSeq, Int) [function, total]
833	reference-semantics/semantics/set.k	26	rule	SUPPLIED_FIXED_SEMANTICS	ordinary-rule	rule snocCode(.IntSeq, C:Int) => iCons(C, .IntSeq)
834	reference-semantics/semantics/set.k	27	rule	SUPPLIED_FIXED_SEMANTICS	ordinary-rule	rule snocCode(iCons(H:Int, T:IntSeq), C:Int) => iCons(H, snocCode(T, C))
835	reference-semantics/semantics/set.k	31	syntax	SUPPLIED_FIXED_SEMANTICS	function,total	syntax Bool ::= subsetCodes(IntSeq, IntSeq) [function, total]
836	reference-semantics/semantics/set.k	32	rule	SUPPLIED_FIXED_SEMANTICS	ordinary-rule	rule subsetCodes(.IntSeq, _:IntSeq) => true
837	reference-semantics/semantics/set.k	33	rule	SUPPLIED_FIXED_SEMANTICS	ordinary-rule	rule subsetCodes(iCons(C:Int, S:IntSeq), B:IntSeq) => codeIn(C, B) andBool subsetCodes(S, B)
838	reference-semantics/semantics/set.k	35	syntax	SUPPLIED_FIXED_SEMANTICS	function,total	syntax Bool ::= sameSet(IntSeq, IntSeq) [function, total]
839	reference-semantics/semantics/set.k	36	rule	SUPPLIED_FIXED_SEMANTICS	ordinary-rule	rule sameSet(A:IntSeq, B:IntSeq) => subsetCodes(A, B) andBool subsetCodes(B, A)
840	reference-semantics/semantics/set.k	39	rule	SUPPLIED_FIXED_SEMANTICS	ordinary-rule	rule applyCmp("==", setV(A:IntSeq), setV(B:IntSeq)) => sameSet(A, B) endmodule
841	reference-semantics/semantics/sort.k	10	module	SUPPLIED_FIXED_SEMANTICS	-	module MPY-SORT
842	reference-semantics/semantics/sort.k	11	imports	SUPPLIED_FIXED_SEMANTICS	-	imports MPY-BUILTINS
843	reference-semantics/semantics/sort.k	12	imports	SUPPLIED_FIXED_SEMANTICS	-	imports MPY-SUBSCRIPT
844	reference-semantics/semantics/sort.k	18	syntax	SUPPLIED_FIXED_SEMANTICS	function,total,symbol,no-evaluators	syntax ValSeq ::= sortVS(ValSeq) [function, total, symbol(sortVS), no-evaluators]
845	reference-semantics/semantics/sort.k	19	syntax	SUPPLIED_FIXED_SEMANTICS	function	syntax ValSeq ::= insVS(Int, ValSeq) [function]
846	reference-semantics/semantics/sort.k	20	rule	SUPPLIED_FIXED_SEMANTICS	concrete,ordinary-rule	rule sortVS(.ValSeq) => .ValSeq [concrete]
847	reference-semantics/semantics/sort.k	21	rule	SUPPLIED_FIXED_SEMANTICS	concrete,ordinary-rule	rule sortVS(vCons(X:Int, R:ValSeq)) => insVS(X, sortVS(R)) [concrete]
848	reference-semantics/semantics/sort.k	22	rule	SUPPLIED_FIXED_SEMANTICS	concrete,ordinary-rule	rule insVS(X:Int, .ValSeq) => vCons(X, .ValSeq) [concrete]
849	reference-semantics/semantics/sort.k	23	rule	SUPPLIED_FIXED_SEMANTICS	concrete,ordinary-rule	rule insVS(X:Int, vCons(Y:Int, R:ValSeq)) => vCons(X, vCons(Y, R)) requires X <=Int Y [concrete]
850	reference-semantics/semantics/sort.k	24	rule	SUPPLIED_FIXED_SEMANTICS	concrete,ordinary-rule	rule insVS(X:Int, vCons(Y:Int, R:ValSeq)) => vCons(Y, insVS(X, R)) requires X >Int Y [concrete]
851	reference-semantics/semantics/sort.k	26	syntax	SUPPLIED_FIXED_SEMANTICS	function	syntax ValSeq ::= insVSs(IntSeq, ValSeq) [function]
852	reference-semantics/semantics/sort.k	27	rule	SUPPLIED_FIXED_SEMANTICS	concrete,ordinary-rule	rule sortVS(vCons(str(CS:IntSeq), R:ValSeq)) => insVSs(CS, sortVS(R)) [concrete]
853	reference-semantics/semantics/sort.k	28	rule	SUPPLIED_FIXED_SEMANTICS	concrete,ordinary-rule	rule insVSs(A:IntSeq, .ValSeq) => vCons(str(A), .ValSeq) [concrete]
854	reference-semantics/semantics/sort.k	29	rule	SUPPLIED_FIXED_SEMANTICS	concrete,ordinary-rule	rule insVSs(A:IntSeq, vCons(str(B:IntSeq), R:ValSeq)) => vCons(str(A), vCons(str(B), R)) requires strLt(A, B) orBool A ==K B [concrete]
855	reference-semantics/semantics/sort.k	31	rule	SUPPLIED_FIXED_SEMANTICS	concrete,ordinary-rule	rule insVSs(A:IntSeq, vCons(str(B:IntSeq), R:ValSeq)) => vCons(str(B), insVSs(A, R)) requires notBool (strLt(A, B) orBool A ==K B) [concrete]
856	reference-semantics/semantics/sort.k	36	rule	SUPPLIED_FIXED_SEMANTICS	ordinary-rule	rule <k> #applyK(toCall(builtinV("sorted")), (list(VS:ValSeq), .Vals)) => #alloc(list(sortVS(VS))) ... </k>
857	reference-semantics/semantics/sort.k	40	rule	SUPPLIED_FIXED_SEMANTICS	priority,ordinary-rule	rule <k> #applyK(toCall(boundMethodV(ref(H:Int), "sort")), .Vals) => noneV ... </k> <heap> ... H |-> list(VS:ValSeq => sortVS(VS)) ... </heap> [priority(40)]
858	reference-semantics/semantics/sort.k	49	syntax	SUPPLIED_FIXED_SEMANTICS	function,total,symbol,no-evaluators	syntax ValSeq ::= sortKeyVS(ValSeq, Val) [function, total, symbol(sortKeyVS), no-evaluators]
859	reference-semantics/semantics/sort.k	51	syntax	SUPPLIED_FIXED_SEMANTICS	function,total	syntax ValSeq ::= revVS(ValSeq) [function, total] | revVSAcc(ValSeq, ValSeq) [function, total]
860	reference-semantics/semantics/sort.k	53	rule	SUPPLIED_FIXED_SEMANTICS	ordinary-rule	rule revVS(S:ValSeq) => revVSAcc(S, .ValSeq)
861	reference-semantics/semantics/sort.k	54	rule	SUPPLIED_FIXED_SEMANTICS	ordinary-rule	rule revVSAcc(.ValSeq, A:ValSeq) => A
862	reference-semantics/semantics/sort.k	55	rule	SUPPLIED_FIXED_SEMANTICS	ordinary-rule	rule revVSAcc(vCons(V:Val, R:ValSeq), A:ValSeq) => revVSAcc(R, vCons(V, A))
863	reference-semantics/semantics/sort.k	57	syntax	SUPPLIED_FIXED_SEMANTICS	function,total	syntax ValSeq ::= condRev(ValSeq, Bool) [function, total]
864	reference-semantics/semantics/sort.k	58	rule	SUPPLIED_FIXED_SEMANTICS	ordinary-rule	rule condRev(S:ValSeq, false) => S
865	reference-semantics/semantics/sort.k	59	rule	SUPPLIED_FIXED_SEMANTICS	ordinary-rule	rule condRev(S:ValSeq, true) => revVS(S)
866	reference-semantics/semantics/sort.k	61	rule	SUPPLIED_FIXED_SEMANTICS	ordinary-rule	rule <k> #applyK(toCall(builtinV("sorted")), (list(VS:ValSeq), kwV("key", KV:Val), .Vals)) => #alloc(list(sortKeyVS(VS, KV))) ... </k>
867	reference-semantics/semantics/sort.k	63	rule	SUPPLIED_FIXED_SEMANTICS	ordinary-rule	rule <k> #applyK(toCall(builtinV("sorted")), (list(VS:ValSeq), kwV("key", KV:Val), kwV("reverse", RB:Bool), .Vals)) => #alloc(list(condRev(sortKeyVS(VS, KV), RB))) ... </k>
868	reference-semantics/semantics/sort.k	65	rule	SUPPLIED_FIXED_SEMANTICS	ordinary-rule	rule <k> #applyK(toCall(builtinV("sorted")), (list(VS:ValSeq), kwV("reverse", RB:Bool), .Vals)) => #alloc(list(condRev(sortVS(VS), RB))) ... </k> endmodule
869	reference-semantics/semantics/str.k	3	module	SUPPLIED_FIXED_SEMANTICS	-	module MPY-STR
870	reference-semantics/semantics/str.k	4	imports	SUPPLIED_FIXED_SEMANTICS	-	imports MPY-CORE
871	reference-semantics/semantics/str.k	5	imports	SUPPLIED_FIXED_SEMANTICS	-	imports MPY-ITER
872	reference-semantics/semantics/str.k	8	rule	SUPPLIED_FIXED_SEMANTICS	ordinary-rule	rule <k> #iterNext(str(.IntSeq)) => #iterDone ... </k>
873	reference-semantics/semantics/str.k	9	rule	SUPPLIED_FIXED_SEMANTICS	ordinary-rule	rule <k> #iterNext(str(iCons(C:Int, R:IntSeq))) => #iterYield(str(iCons(C, .IntSeq)), str(R)) ... </k>
874	reference-semantics/semantics/str.k	13	syntax	SUPPLIED_FIXED_SEMANTICS	function	syntax IntSeq ::= strToCodes(String) [function]
875	reference-semantics/semantics/str.k	14	rule	SUPPLIED_FIXED_SEMANTICS	ordinary-rule	rule <k> Str(S:String) => str(strToCodes(S)) ... </k>
876	reference-semantics/semantics/str.k	15	rule	SUPPLIED_FIXED_SEMANTICS	ordinary-rule	rule strToCodes("") => .IntSeq
877	reference-semantics/semantics/str.k	16	rule	SUPPLIED_FIXED_SEMANTICS	ordinary-rule	rule strToCodes(S:String) => iCons(ordChar(substrString(S, 0, 1)), strToCodes(substrString(S, 1, lengthString(S)))) requires S =/=String "" andBool ordChar(substrString(S, 0, 1)) <Int 128
878	reference-semantics/semantics/str.k	20	syntax	SUPPLIED_FIXED_SEMANTICS	function,total	syntax IntSeq ::= seqConcat(IntSeq, IntSeq) [function, total]
879	reference-semantics/semantics/str.k	21	rule	SUPPLIED_FIXED_SEMANTICS	ordinary-rule	rule seqConcat(.IntSeq, T:IntSeq) => T
880	reference-semantics/semantics/str.k	22	rule	SUPPLIED_FIXED_SEMANTICS	ordinary-rule	rule seqConcat(iCons(I:Int, S:IntSeq), T:IntSeq) => iCons(I, seqConcat(S, T))
881	reference-semantics/semantics/str.k	24	rule	SUPPLIED_FIXED_SEMANTICS	ordinary-rule	rule applyBin("+", str(A:IntSeq), str(B:IntSeq)) => str(seqConcat(A, B))
882	reference-semantics/semantics/str.k	25	rule	SUPPLIED_FIXED_SEMANTICS	ordinary-rule	rule applyCmp("==", str(A:IntSeq), str(B:IntSeq)) => A ==K B
883	reference-semantics/semantics/str.k	26	rule	SUPPLIED_FIXED_SEMANTICS	ordinary-rule	rule applyCmp("!=", str(A:IntSeq), str(B:IntSeq)) => notBool (A ==K B)
884	reference-semantics/semantics/str.k	29	rule	SUPPLIED_FIXED_SEMANTICS	ordinary-rule	rule applyCmp("in", str(P:IntSeq), str(X:IntSeq)) => strContains(P, X)
885	reference-semantics/semantics/str.k	30	rule	SUPPLIED_FIXED_SEMANTICS	ordinary-rule	rule applyCmp("not in", str(P:IntSeq), str(X:IntSeq)) => notBool strContains(P, X)
886	reference-semantics/semantics/str.k	32	syntax	SUPPLIED_FIXED_SEMANTICS	function,total	syntax Bool ::= strPrefix(IntSeq, IntSeq) [function, total]
887	reference-semantics/semantics/str.k	33	rule	SUPPLIED_FIXED_SEMANTICS	ordinary-rule	rule strPrefix(.IntSeq, _:IntSeq) => true
888	reference-semantics/semantics/str.k	34	rule	SUPPLIED_FIXED_SEMANTICS	ordinary-rule	rule strPrefix(iCons(_:Int, _:IntSeq), .IntSeq) => false
889	reference-semantics/semantics/str.k	35	rule	SUPPLIED_FIXED_SEMANTICS	ordinary-rule	rule strPrefix(iCons(A:Int, As:IntSeq), iCons(B:Int, Bs:IntSeq)) => A ==Int B andBool strPrefix(As, Bs)
890	reference-semantics/semantics/str.k	37	syntax	SUPPLIED_FIXED_SEMANTICS	function,total	syntax Bool ::= strContains(IntSeq, IntSeq) [function, total]
891	reference-semantics/semantics/str.k	38	rule	SUPPLIED_FIXED_SEMANTICS	ordinary-rule	rule strContains(P:IntSeq, X:IntSeq) => true requires strPrefix(P, X)
892	reference-semantics/semantics/str.k	39	rule	SUPPLIED_FIXED_SEMANTICS	ordinary-rule	rule strContains(P:IntSeq, .IntSeq) => false requires notBool strPrefix(P, .IntSeq)
893	reference-semantics/semantics/str.k	40	rule	SUPPLIED_FIXED_SEMANTICS	ordinary-rule	rule strContains(P:IntSeq, iCons(C:Int, Xs:IntSeq)) => strContains(P, Xs) requires notBool strPrefix(P, iCons(C, Xs))
894	reference-semantics/semantics/str.k	48	syntax	SUPPLIED_FIXED_SEMANTICS	function,total	syntax Bool ::= strLt(IntSeq, IntSeq) [function, total]
895	reference-semantics/semantics/str.k	49	rule	SUPPLIED_FIXED_SEMANTICS	ordinary-rule	rule strLt(.IntSeq, .IntSeq) => false
896	reference-semantics/semantics/str.k	50	rule	SUPPLIED_FIXED_SEMANTICS	ordinary-rule	rule strLt(.IntSeq, iCons(_:Int, _:IntSeq)) => true
897	reference-semantics/semantics/str.k	51	rule	SUPPLIED_FIXED_SEMANTICS	ordinary-rule	rule strLt(iCons(_:Int, _:IntSeq), .IntSeq) => false
898	reference-semantics/semantics/str.k	52	rule	SUPPLIED_FIXED_SEMANTICS	ordinary-rule	rule strLt(iCons(A:Int, As:IntSeq), iCons(B:Int, Bs:IntSeq)) => true requires A <Int B
899	reference-semantics/semantics/str.k	53	rule	SUPPLIED_FIXED_SEMANTICS	ordinary-rule	rule strLt(iCons(A:Int, As:IntSeq), iCons(B:Int, Bs:IntSeq)) => false requires A >Int B
900	reference-semantics/semantics/str.k	54	rule	SUPPLIED_FIXED_SEMANTICS	ordinary-rule	rule strLt(iCons(A:Int, As:IntSeq), iCons(B:Int, Bs:IntSeq)) => strLt(As, Bs) requires A ==Int B
901	reference-semantics/semantics/str.k	56	rule	SUPPLIED_FIXED_SEMANTICS	ordinary-rule	rule applyCmp("<", str(A:IntSeq), str(B:IntSeq)) => strLt(A, B)
902	reference-semantics/semantics/str.k	57	rule	SUPPLIED_FIXED_SEMANTICS	ordinary-rule	rule applyCmp(">", str(A:IntSeq), str(B:IntSeq)) => strLt(B, A)
903	reference-semantics/semantics/str.k	58	rule	SUPPLIED_FIXED_SEMANTICS	ordinary-rule	rule applyCmp("<=", str(A:IntSeq), str(B:IntSeq)) => notBool strLt(B, A)
904	reference-semantics/semantics/str.k	59	rule	SUPPLIED_FIXED_SEMANTICS	ordinary-rule	rule applyCmp(">=", str(A:IntSeq), str(B:IntSeq)) => notBool strLt(A, B) endmodule
905	reference-semantics/semantics/subscript.k	3	module	SUPPLIED_FIXED_SEMANTICS	-	module MPY-SUBSCRIPT
906	reference-semantics/semantics/subscript.k	4	imports	SUPPLIED_FIXED_SEMANTICS	-	imports MPY-CORE
907	reference-semantics/semantics/subscript.k	11	syntax	SUPPLIED_FIXED_SEMANTICS	function,total	syntax Val ::= valSeqAt(ValSeq, Int) [function, total]
908	reference-semantics/semantics/subscript.k	12	rule	SUPPLIED_FIXED_SEMANTICS	ordinary-rule	rule valSeqAt(vCons(V:Val, _:ValSeq), 0) => V
909	reference-semantics/semantics/subscript.k	13	rule	SUPPLIED_FIXED_SEMANTICS	ordinary-rule	rule valSeqAt(vCons(_:Val, S:ValSeq), I:Int) => valSeqAt(S, I -Int 1) requires I >Int 0
910	reference-semantics/semantics/subscript.k	16	syntax	SUPPLIED_FIXED_SEMANTICS	function	syntax Int ::= intSeqAt(IntSeq, Int) [function]
911	reference-semantics/semantics/subscript.k	17	rule	SUPPLIED_FIXED_SEMANTICS	ordinary-rule	rule intSeqAt(iCons(C:Int, _:IntSeq), 0) => C
912	reference-semantics/semantics/subscript.k	18	rule	SUPPLIED_FIXED_SEMANTICS	ordinary-rule	rule intSeqAt(iCons(_:Int, S:IntSeq), I:Int) => intSeqAt(S, I -Int 1) requires I >Int 0
913	reference-semantics/semantics/subscript.k	21	syntax	SUPPLIED_FIXED_SEMANTICS	function,total	syntax Int ::= normIdx(Int, Int) [function, total]
914	reference-semantics/semantics/subscript.k	22	rule	SUPPLIED_FIXED_SEMANTICS	ordinary-rule	rule normIdx(I:Int, LEN:Int) => I +Int LEN requires I <Int 0
915	reference-semantics/semantics/subscript.k	23	rule	SUPPLIED_FIXED_SEMANTICS	ordinary-rule	rule normIdx(I:Int, _:Int) => I requires I >=Int 0
916	reference-semantics/semantics/subscript.k	27	context	SUPPLIED_FIXED_SEMANTICS	-	context Subscript(HOLE, _)
917	reference-semantics/semantics/subscript.k	28	context	SUPPLIED_FIXED_SEMANTICS	-	context Subscript(_:Val, HOLE:Expr)
918	reference-semantics/semantics/subscript.k	31	rule	SUPPLIED_FIXED_SEMANTICS	priority,ordinary-rule	rule <k> Subscript(ref(H:Int), IX:Index) => Subscript(V, IX) ... </k> <heap> ... H |-> V:Val ... </heap> [priority(40)]
919	reference-semantics/semantics/subscript.k	35	rule	SUPPLIED_FIXED_SEMANTICS	ordinary-rule	rule <k> Subscript(OBJ:Val, I:Int) => applyIndex(OBJ, I) ... </k>
920	reference-semantics/semantics/subscript.k	37	syntax	SUPPLIED_FIXED_SEMANTICS	function	syntax Val ::= applyIndex(Val, Int) [function]
921	reference-semantics/semantics/subscript.k	38	rule	SUPPLIED_FIXED_SEMANTICS	ordinary-rule	rule applyIndex(list(VS:ValSeq), I:Int) => valSeqAt(VS, normIdx(I, vsLen(VS)))
922	reference-semantics/semantics/subscript.k	39	rule	SUPPLIED_FIXED_SEMANTICS	ordinary-rule	rule applyIndex(tuple(VS:ValSeq), I:Int) => valSeqAt(VS, normIdx(I, vsLen(VS)))
923	reference-semantics/semantics/subscript.k	40	rule	SUPPLIED_FIXED_SEMANTICS	ordinary-rule	rule applyIndex(str(IS:IntSeq), I:Int) => str(iCons(intSeqAt(IS, normIdx(I, isLen(IS))), .IntSeq))
924	reference-semantics/semantics/subscript.k	44	syntax	SUPPLIED_FIXED_SEMANTICS	-	syntax KItem ::= #evalB(Bound) | "#toSome" | #slLo(Val, Bound, Bound) | #slHi(Val, OptInt, Bound) | #slStep(Val, OptInt, OptInt)
925	reference-semantics/semantics/subscript.k	49	syntax	SUPPLIED_FIXED_SEMANTICS	-	syntax OptInt ::= "noB" | someB(Int)
926	reference-semantics/semantics/subscript.k	50	rule	SUPPLIED_FIXED_SEMANTICS	ordinary-rule	rule <k> #evalB(NoBound) => noB ... </k>
927	reference-semantics/semantics/subscript.k	51	rule	SUPPLIED_FIXED_SEMANTICS	ordinary-rule	rule <k> #evalB(E:Expr) => E ~> #toSome ... </k>
928	reference-semantics/semantics/subscript.k	52	rule	SUPPLIED_FIXED_SEMANTICS	ordinary-rule	rule <k> I:Int ~> #toSome => someB(I) ... </k>
929	reference-semantics/semantics/subscript.k	54	rule	SUPPLIED_FIXED_SEMANTICS	ordinary-rule	rule <k> Subscript(OBJ:Val, Slice(LO:Bound, HI:Bound, ST:Bound)) => #evalB(LO) ~> #slLo(OBJ, HI, ST) ... </k>
930	reference-semantics/semantics/subscript.k	55	rule	SUPPLIED_FIXED_SEMANTICS	ordinary-rule	rule <k> LO:OptInt ~> #slLo(OBJ:Val, HI:Bound, ST:Bound) => #evalB(HI) ~> #slHi(OBJ, LO, ST) ... </k>
931	reference-semantics/semantics/subscript.k	56	rule	SUPPLIED_FIXED_SEMANTICS	ordinary-rule	rule <k> HI:OptInt ~> #slHi(OBJ:Val, LO:OptInt, ST:Bound) => #evalB(ST) ~> #slStep(OBJ, LO, HI) ... </k>
932	reference-semantics/semantics/subscript.k	58	rule	SUPPLIED_FIXED_SEMANTICS	priority,ordinary-rule	rule <k> ST:OptInt ~> #slStep(list(VS:ValSeq), LO:OptInt, HI:OptInt) => #alloc(doSlice(list(VS), LO, HI, ST)) ... </k> [priority(45)]
933	reference-semantics/semantics/subscript.k	61	rule	SUPPLIED_FIXED_SEMANTICS	ordinary-rule	rule <k> ST:OptInt ~> #slStep(OBJ:Val, LO:OptInt, HI:OptInt) => doSlice(OBJ, LO, HI, ST) ... </k>
934	reference-semantics/semantics/subscript.k	63	syntax	SUPPLIED_FIXED_SEMANTICS	function	syntax Val ::= doSlice(Val, OptInt, OptInt, OptInt) [function]
935	reference-semantics/semantics/subscript.k	64	rule	SUPPLIED_FIXED_SEMANTICS	ordinary-rule	rule doSlice(list(VS:ValSeq), LO:OptInt, HI:OptInt, ST:OptInt) => list(buildVS(VS, slStart(LO, ST, vsLen(VS)), slStop(HI, ST, vsLen(VS)), slStep(ST)))
936	reference-semantics/semantics/subscript.k	66	rule	SUPPLIED_FIXED_SEMANTICS	ordinary-rule	rule doSlice(tuple(VS:ValSeq), LO:OptInt, HI:OptInt, ST:OptInt) => tuple(buildVS(VS, slStart(LO, ST, vsLen(VS)), slStop(HI, ST, vsLen(VS)), slStep(ST)))
937	reference-semantics/semantics/subscript.k	68	rule	SUPPLIED_FIXED_SEMANTICS	ordinary-rule	rule doSlice(str(IS:IntSeq), LO:OptInt, HI:OptInt, ST:OptInt) => str(buildIS(IS, slStart(LO, ST, isLen(IS)), slStop(HI, ST, isLen(IS)), slStep(ST)))
938	reference-semantics/semantics/subscript.k	72	syntax	SUPPLIED_FIXED_SEMANTICS	function,total	syntax Int ::= slStep(OptInt) [function, total]
939	reference-semantics/semantics/subscript.k	73	rule	SUPPLIED_FIXED_SEMANTICS	ordinary-rule	rule slStep(noB) => 1
940	reference-semantics/semantics/subscript.k	74	rule	SUPPLIED_FIXED_SEMANTICS	ordinary-rule	rule slStep(someB(S:Int)) => S
941	reference-semantics/semantics/subscript.k	76	syntax	SUPPLIED_FIXED_SEMANTICS	function	syntax Int ::= slStart(OptInt, OptInt, Int) [function]
942	reference-semantics/semantics/subscript.k	77	rule	SUPPLIED_FIXED_SEMANTICS	ordinary-rule	rule slStart(noB, ST:OptInt, _LEN:Int) => 0 requires slStep(ST) >Int 0
943	reference-semantics/semantics/subscript.k	79	rule	SUPPLIED_FIXED_SEMANTICS	ordinary-rule	rule slStart(noB, ST:OptInt, LEN:Int) => LEN -Int 1 requires slStep(ST) <Int 0
944	reference-semantics/semantics/subscript.k	81	rule	SUPPLIED_FIXED_SEMANTICS	ordinary-rule	rule slStart(someB(I:Int), ST:OptInt, LEN:Int) => slAdjust(I, LEN, slStep(ST))
945	reference-semantics/semantics/subscript.k	83	syntax	SUPPLIED_FIXED_SEMANTICS	function	syntax Int ::= slStop(OptInt, OptInt, Int) [function]
946	reference-semantics/semantics/subscript.k	84	rule	SUPPLIED_FIXED_SEMANTICS	ordinary-rule	rule slStop(noB, ST:OptInt, LEN:Int) => LEN requires slStep(ST) >Int 0
947	reference-semantics/semantics/subscript.k	86	rule	SUPPLIED_FIXED_SEMANTICS	ordinary-rule	rule slStop(noB, ST:OptInt, _LEN:Int) => -1 requires slStep(ST) <Int 0
948	reference-semantics/semantics/subscript.k	88	rule	SUPPLIED_FIXED_SEMANTICS	ordinary-rule	rule slStop(someB(I:Int), ST:OptInt, LEN:Int) => slAdjust(I, LEN, slStep(ST))
949	reference-semantics/semantics/subscript.k	90	syntax	SUPPLIED_FIXED_SEMANTICS	function,total	syntax Int ::= slAdjust(Int, Int, Int) [function, total]
950	reference-semantics/semantics/subscript.k	91	rule	SUPPLIED_FIXED_SEMANTICS	ordinary-rule	rule slAdjust(I:Int, LEN:Int, STEP:Int) => clampLo(I +Int LEN, STEP) requires I <Int 0
951	reference-semantics/semantics/subscript.k	93	rule	SUPPLIED_FIXED_SEMANTICS	ordinary-rule	rule slAdjust(I:Int, LEN:Int, STEP:Int) => clampHi(I, LEN, STEP) requires I >=Int 0
952	reference-semantics/semantics/subscript.k	96	syntax	SUPPLIED_FIXED_SEMANTICS	function,total	syntax Int ::= clampLo(Int, Int) [function, total]
953	reference-semantics/semantics/subscript.k	97	rule	SUPPLIED_FIXED_SEMANTICS	ordinary-rule	rule clampLo(J:Int, _STEP:Int) => J requires J >=Int 0
954	reference-semantics/semantics/subscript.k	99	rule	SUPPLIED_FIXED_SEMANTICS	ordinary-rule	rule clampLo(J:Int, STEP:Int) => #if STEP <Int 0 #then -1 #else 0 #fi requires J <Int 0
955	reference-semantics/semantics/subscript.k	102	syntax	SUPPLIED_FIXED_SEMANTICS	function,total	syntax Int ::= clampHi(Int, Int, Int) [function, total]
956	reference-semantics/semantics/subscript.k	103	rule	SUPPLIED_FIXED_SEMANTICS	ordinary-rule	rule clampHi(I:Int, LEN:Int, _STEP:Int) => I requires I <Int LEN
957	reference-semantics/semantics/subscript.k	105	rule	SUPPLIED_FIXED_SEMANTICS	ordinary-rule	rule clampHi(I:Int, LEN:Int, STEP:Int) => #if STEP <Int 0 #then LEN -Int 1 #else LEN #fi requires I >=Int LEN
958	reference-semantics/semantics/subscript.k	109	syntax	SUPPLIED_FIXED_SEMANTICS	function	syntax ValSeq ::= buildVS(ValSeq, Int, Int, Int) [function]
959	reference-semantics/semantics/subscript.k	110	rule	SUPPLIED_FIXED_SEMANTICS	ordinary-rule	rule buildVS(VS:ValSeq, I:Int, STOP:Int, STEP:Int) => vCons(valSeqAt(VS, I), buildVS(VS, I +Int STEP, STOP, STEP)) requires (STEP >Int 0 andBool I <Int STOP) orBool (STEP <Int 0 andBool I >Int STOP)
960	reference-semantics/semantics/subscript.k	113	rule	SUPPLIED_FIXED_SEMANTICS	ordinary-rule	rule buildVS(_:ValSeq, I:Int, STOP:Int, STEP:Int) => .ValSeq requires notBool ((STEP >Int 0 andBool I <Int STOP) orBool (STEP <Int 0 andBool I >Int STOP))
961	reference-semantics/semantics/subscript.k	116	syntax	SUPPLIED_FIXED_SEMANTICS	function	syntax IntSeq ::= buildIS(IntSeq, Int, Int, Int) [function]
962	reference-semantics/semantics/subscript.k	117	rule	SUPPLIED_FIXED_SEMANTICS	ordinary-rule	rule buildIS(IS:IntSeq, I:Int, STOP:Int, STEP:Int) => iCons(intSeqAt(IS, I), buildIS(IS, I +Int STEP, STOP, STEP)) requires (STEP >Int 0 andBool I <Int STOP) orBool (STEP <Int 0 andBool I >Int STOP)
963	reference-semantics/semantics/subscript.k	120	rule	SUPPLIED_FIXED_SEMANTICS	ordinary-rule	rule buildIS(_:IntSeq, I:Int, STOP:Int, STEP:Int) => .IntSeq requires notBool ((STEP >Int 0 andBool I <Int STOP) orBool (STEP <Int 0 andBool I >Int STOP)) endmodule
964	reference-semantics/semantics/syntax.k	3	module	SUPPLIED_FIXED_SEMANTICS	-	module MPY-SYNTAX
965	reference-semantics/semantics/syntax.k	4	imports	SUPPLIED_FIXED_SEMANTICS	-	imports INT-SYNTAX
966	reference-semantics/semantics/syntax.k	5	imports	SUPPLIED_FIXED_SEMANTICS	-	imports FLOAT-SYNTAX
967	reference-semantics/semantics/syntax.k	6	imports	SUPPLIED_FIXED_SEMANTICS	-	imports BOOL-SYNTAX
968	reference-semantics/semantics/syntax.k	7	imports	SUPPLIED_FIXED_SEMANTICS	-	imports STRING-SYNTAX
969	reference-semantics/semantics/syntax.k	9	syntax	SUPPLIED_FIXED_SEMANTICS	macro,strict,seqstrict	syntax Expr ::= "Int" "(" Int ")" | "Float" "(" Float ")" | "Bool" "(" Bool ")" | "Name" "(" String ")" | "Str" "(" String ")" | "UnaryOp" "(" String "," Expr ")" [strict(2)] | "BinOp" "(" String "," Expr "," Expr ")" [seqstrict(2, 3)] | "BoolOp" "(" String "," Exprs ")" | "ListExpr" "(" Exprs ")" | "DictExpr" "(" Entries ")" | "ListComp" "(" Expr "," CompFors ")" [macro] | "GenExp" "(" Expr "," CompFors ")" [macro] | "TupleExpr" "(" Exprs ")" | "Subscript" "(" Expr "," Index ")" | "IfExp" "(" Expr "," Expr "," Expr ")" [strict(1)] | "Lambda" "(" Params "," Expr ")" | "KwArg" "(" String "," Expr ")" | "Lambda" "(" Params "," CellVars "," FreeVars "," Expr ")" | "NoneVal" | "Call" "(" Expr "," Exprs ")" | "Attribute" "(" Expr "," String ")" [strict(1)] | "Compare" "(" Expr "," CmpOp ")"
970	reference-semantics/semantics/syntax.k	32	syntax	SUPPLIED_FIXED_SEMANTICS	-	syntax CmpOp ::= "CmpOp" "(" String "," Expr ")"
971	reference-semantics/semantics/syntax.k	33	syntax	SUPPLIED_FIXED_SEMANTICS	-	syntax Entry ::= "Entry" "(" Expr "," Expr ")"
972	reference-semantics/semantics/syntax.k	34	syntax	SUPPLIED_FIXED_SEMANTICS	-	syntax Entries ::= List{Entry, ","}
973	reference-semantics/semantics/syntax.k	35	syntax	SUPPLIED_FIXED_SEMANTICS	-	syntax CompFor ::= "CompFor" "(" Expr "," Expr "," Exprs ")"
974	reference-semantics/semantics/syntax.k	36	syntax	SUPPLIED_FIXED_SEMANTICS	-	syntax CompFors ::= List{CompFor, ""}
975	reference-semantics/semantics/syntax.k	37	syntax	SUPPLIED_FIXED_SEMANTICS	-	syntax Exprs ::= List{Expr, ","}
976	reference-semantics/semantics/syntax.k	38	syntax	SUPPLIED_FIXED_SEMANTICS	-	syntax Index ::= Expr | "Slice" "(" Bound "," Bound "," Bound ")"
977	reference-semantics/semantics/syntax.k	39	syntax	SUPPLIED_FIXED_SEMANTICS	-	syntax Bound ::= Expr | "NoBound"
978	reference-semantics/semantics/syntax.k	41	syntax	SUPPLIED_FIXED_SEMANTICS	strict	syntax Stmt ::= "Assign" "(" Expr "," Expr ")" [strict(2)] | "Import" "(" String ")" | "ImportFrom" "(" String "," ParamNames ")" | "AugAssign" "(" Expr "," String "," Expr ")" [strict(3)] | "For" "(" Expr "," Expr "," Stmts ")" [strict(2)] | "While" "(" Expr "," Stmts ")" | "Break" | "Continue" | "If" "(" Expr "," Stmts "," Stmts ")" [strict(1)] | "Return" "(" Expr ")" [strict] | "Assert" "(" Expr ")" [strict] | "Expr" "(" Expr ")" [strict] | "FuncDef" "(" String "," Params "," Stmts ")" | "FuncDef" "(" String "," Params "," CellVars "," FreeVars "," Stmts ")"
979	reference-semantics/semantics/syntax.k	56	syntax	SUPPLIED_FIXED_SEMANTICS	-	syntax Stmts ::= List{Stmt, ""}
980	reference-semantics/semantics/syntax.k	57	syntax	SUPPLIED_FIXED_SEMANTICS	-	syntax Params ::= "Params" "(" ParamNames ")"
981	reference-semantics/semantics/syntax.k	58	syntax	SUPPLIED_FIXED_SEMANTICS	-	syntax CellVars ::= "CellVars" "(" ParamNames ")"
982	reference-semantics/semantics/syntax.k	59	syntax	SUPPLIED_FIXED_SEMANTICS	-	syntax FreeVars ::= "FreeVars" "(" ParamNames ")"
983	reference-semantics/semantics/syntax.k	60	syntax	SUPPLIED_FIXED_SEMANTICS	-	syntax ParamNames ::= List{String, ","}
984	reference-semantics/semantics/syntax.k	61	syntax	SUPPLIED_FIXED_SEMANTICS	-	syntax Module ::= "Module" "(" Stmts ")" endmodule
985	reference-semantics/semantics/tuple.k	3	module	SUPPLIED_FIXED_SEMANTICS	-	module MPY-TUPLE
986	reference-semantics/semantics/tuple.k	4	imports	SUPPLIED_FIXED_SEMANTICS	-	imports MPY-CORE
987	reference-semantics/semantics/tuple.k	5	imports	SUPPLIED_FIXED_SEMANTICS	-	imports MPY-ITER
988	reference-semantics/semantics/tuple.k	6	imports	SUPPLIED_FIXED_SEMANTICS	-	imports MPY-LIST
989	reference-semantics/semantics/tuple.k	7	imports	SUPPLIED_FIXED_SEMANTICS	-	imports MPY-METHODS
990	reference-semantics/semantics/tuple.k	10	rule	SUPPLIED_FIXED_SEMANTICS	ordinary-rule	rule <k> #iterNext(tuple(.ValSeq)) => #iterDone ... </k>
991	reference-semantics/semantics/tuple.k	11	rule	SUPPLIED_FIXED_SEMANTICS	ordinary-rule	rule <k> #iterNext(tuple(vCons(V:Val, R:ValSeq))) => #iterYield(V, tuple(R)) ... </k>
992	reference-semantics/semantics/tuple.k	14	syntax	SUPPLIED_FIXED_SEMANTICS	-	syntax ApplyK ::= "toTuple"
993	reference-semantics/semantics/tuple.k	15	rule	SUPPLIED_FIXED_SEMANTICS	ordinary-rule	rule <k> TupleExpr(ES:Exprs) => #evalArgs(ES, .Vals, toTuple) ... </k>
994	reference-semantics/semantics/tuple.k	16	rule	SUPPLIED_FIXED_SEMANTICS	ordinary-rule	rule <k> #applyK(toTuple, ACC:Vals) => tuple(vals2valSeq(ACC)) ... </k>
995	reference-semantics/semantics/tuple.k	18	rule	SUPPLIED_FIXED_SEMANTICS	ordinary-rule	rule applyCmp("==", tuple(A:ValSeq), tuple(B:ValSeq)) => A ==K B
996	reference-semantics/semantics/tuple.k	20	rule	SUPPLIED_FIXED_SEMANTICS	ordinary-rule	rule <k> Compare(LV:Val, CmpOp("in", tuple(VS:ValSeq))) => #memberAcc(LV, tuple(VS)) ... </k>
997	reference-semantics/semantics/tuple.k	21	rule	SUPPLIED_FIXED_SEMANTICS	ordinary-rule	rule <k> Compare(LV:Val, CmpOp("not in", tuple(VS:ValSeq))) => #memberAcc(LV, tuple(VS)) ~> #notB ... </k>
998	reference-semantics/semantics/tuple.k	23	rule	SUPPLIED_FIXED_SEMANTICS	ordinary-rule	rule applyMethod(tuple(VS:ValSeq), "index", V:Val, .Vals) => idxOfVS(VS, V, 0)
999	reference-semantics/semantics/tuple.k	24	syntax	SUPPLIED_FIXED_SEMANTICS	function	syntax Int ::= idxOfVS(ValSeq, Val, Int) [function]
1000	reference-semantics/semantics/tuple.k	25	rule	SUPPLIED_FIXED_SEMANTICS	ordinary-rule	rule idxOfVS(vCons(A:Val, _:ValSeq), V:Val, I:Int) => I requires A ==K V
1001	reference-semantics/semantics/tuple.k	26	rule	SUPPLIED_FIXED_SEMANTICS	ordinary-rule	rule idxOfVS(vCons(A:Val, R:ValSeq), V:Val, I:Int) => idxOfVS(R, V, I +Int 1) requires notBool (A ==K V)
1002	reference-semantics/semantics/tuple.k	28	rule	SUPPLIED_FIXED_SEMANTICS	ordinary-rule	rule applyCmp("!=", tuple(A:ValSeq), tuple(B:ValSeq)) => notBool (A ==K B)
1003	reference-semantics/semantics/tuple.k	31	syntax	SUPPLIED_FIXED_SEMANTICS	-	syntax KItem ::= #bindTgt(Expr, Val)
1004	reference-semantics/semantics/tuple.k	32	rule	SUPPLIED_FIXED_SEMANTICS	ordinary-rule	rule <k> #bindTgt(Name(X:String), V:Val) => .K ... </k> <env> L:Int </env> <scopes> ... L |-> scope(M:Map => M [ X <- V ], _) ... </scopes>
1005	reference-semantics/semantics/tuple.k	35	rule	SUPPLIED_FIXED_SEMANTICS	priority,ordinary-rule	rule <k> #bindTgt(Name(X:String), V:Val) => #cellW({M[X]}:>Val, V) ... </k> <env> L:Int </env> <scopes> ... L |-> scope(M:Map, _) ... </scopes> requires "$cells" in_keys(M) andBool pnMember(X, cellsOf({M["$cells"]}:>Val)) andBool X in_keys(M) andBool isCellRef({M[X]}:>Val) [priority(40)]
1006	reference-semantics/semantics/tuple.k	42	rule	SUPPLIED_FIXED_SEMANTICS	ordinary-rule	rule <k> #bindTgt(TupleExpr(TS:Exprs), tuple(VS:ValSeq)) => #unpackSeq(TS, VS) ... </k>
1007	reference-semantics/semantics/tuple.k	43	rule	SUPPLIED_FIXED_SEMANTICS	ordinary-rule	rule <k> #bindTgt(TupleExpr(TS:Exprs), list(VS:ValSeq)) => #unpackSeq(TS, VS) ... </k>
1008	reference-semantics/semantics/tuple.k	44	rule	SUPPLIED_FIXED_SEMANTICS	priority,ordinary-rule	rule <k> #bindTgt(TupleExpr(TS:Exprs), ref(H:Int)) => #bindTgt(TupleExpr(TS), V) ... </k> <heap> ... H |-> V:Val ... </heap> [priority(40)]
1009	reference-semantics/semantics/tuple.k	49	syntax	SUPPLIED_FIXED_SEMANTICS	-	syntax KItem ::= #unpackSeq(Exprs, ValSeq)
1010	reference-semantics/semantics/tuple.k	50	rule	SUPPLIED_FIXED_SEMANTICS	ordinary-rule	rule <k> Assign(TupleExpr(TS:Exprs), tuple(VS:ValSeq)) => #unpackSeq(TS, VS) ... </k>
1011	reference-semantics/semantics/tuple.k	51	rule	SUPPLIED_FIXED_SEMANTICS	ordinary-rule	rule <k> Assign(TupleExpr(TS:Exprs), list(VS:ValSeq)) => #unpackSeq(TS, VS) ... </k>
1012	reference-semantics/semantics/tuple.k	52	rule	SUPPLIED_FIXED_SEMANTICS	priority,ordinary-rule	rule <k> Assign(TupleExpr(TS:Exprs), ref(H:Int)) => Assign(TupleExpr(TS), V) ... </k> <heap> ... H |-> V:Val ... </heap> [priority(40)]
1013	reference-semantics/semantics/tuple.k	55	rule	SUPPLIED_FIXED_SEMANTICS	ordinary-rule	rule <k> #unpackSeq((T:Expr, TS:Exprs), vCons(V:Val, VS:ValSeq)) => #bindTgt(T, V) ~> #unpackSeq(TS, VS) ... </k>
1014	reference-semantics/semantics/tuple.k	57	rule	SUPPLIED_FIXED_SEMANTICS	ordinary-rule	rule <k> #unpackSeq(.Exprs, .ValSeq) => .K ... </k> endmodule
1015	reference-semantics/semantics.k	58	module	SUPPLIED_FIXED_SEMANTICS	-	module MPY
1016	reference-semantics/semantics.k	59	imports	SUPPLIED_FIXED_SEMANTICS	-	imports MPY-CORE
1017	reference-semantics/semantics.k	60	imports	SUPPLIED_FIXED_SEMANTICS	-	imports MPY-ITER
1018	reference-semantics/semantics.k	61	imports	SUPPLIED_FIXED_SEMANTICS	-	imports MPY-RANGE
1019	reference-semantics/semantics.k	62	imports	SUPPLIED_FIXED_SEMANTICS	-	imports MPY-OPERATORS
1020	reference-semantics/semantics.k	63	imports	SUPPLIED_FIXED_SEMANTICS	-	imports MPY-INT
1021	reference-semantics/semantics.k	64	imports	SUPPLIED_FIXED_SEMANTICS	-	imports MPY-BOOL
1022	reference-semantics/semantics.k	65	imports	SUPPLIED_FIXED_SEMANTICS	-	imports MPY-FLOAT
1023	reference-semantics/semantics.k	66	imports	SUPPLIED_FIXED_SEMANTICS	-	imports MPY-STR
1024	reference-semantics/semantics.k	67	imports	SUPPLIED_FIXED_SEMANTICS	-	imports MPY-SET
1025	reference-semantics/semantics.k	68	imports	SUPPLIED_FIXED_SEMANTICS	-	imports MPY-LIST
1026	reference-semantics/semantics.k	69	imports	SUPPLIED_FIXED_SEMANTICS	-	imports MPY-TUPLE
1027	reference-semantics/semantics.k	70	imports	SUPPLIED_FIXED_SEMANTICS	-	imports MPY-SUBSCRIPT
1028	reference-semantics/semantics.k	71	imports	SUPPLIED_FIXED_SEMANTICS	-	imports MPY-COMPREHENSION
1029	reference-semantics/semantics.k	72	imports	SUPPLIED_FIXED_SEMANTICS	-	imports MPY-METHODS
1030	reference-semantics/semantics.k	73	imports	SUPPLIED_FIXED_SEMANTICS	-	imports MPY-CONTROLS
1031	reference-semantics/semantics.k	74	imports	SUPPLIED_FIXED_SEMANTICS	-	imports MPY-FUNCTIONS
1032	reference-semantics/semantics.k	75	imports	SUPPLIED_FIXED_SEMANTICS	-	imports MPY-BUILTINS
1033	reference-semantics/semantics.k	76	imports	SUPPLIED_FIXED_SEMANTICS	-	imports MPY-CALL
1034	reference-semantics/semantics.k	77	imports	SUPPLIED_FIXED_SEMANTICS	-	imports MPY-SORT
1035	reference-semantics/semantics.k	78	imports	SUPPLIED_FIXED_SEMANTICS	-	imports MPY-ASSERT
1036	reference-semantics/semantics.k	79	imports	SUPPLIED_FIXED_SEMANTICS	-	imports MPY-DICT endmodule
1037	reference-semantics/semantics.k	87	module	SUPPLIED_FIXED_SEMANTICS	-	module MPY-KRUN
1038	reference-semantics/semantics.k	88	imports	SUPPLIED_FIXED_SEMANTICS	-	imports MPY
1039	reference-semantics/semantics.k	89	imports	SUPPLIED_FIXED_SEMANTICS	-	imports MPY-CONCRETE endmodule
1040	verification.k	3	module	PROOF_LOCAL	-	module VERIFICATION-SYNTAX
1041	verification.k	4	imports	PROOF_LOCAL	-	imports INT
1042	verification.k	6	syntax	PROOF_LOCAL	function,total	syntax Int ::= sumToN(Int) [function, total] endmodule
1043	verification.k	9	module	PROOF_LOCAL	-	module VERIFICATION
1044	verification.k	10	imports	PROOF_LOCAL	-	imports VERIFICATION-SYNTAX
1045	verification.k	11	imports	PROOF_LOCAL	-	imports MPY
1046	verification.k	13	rule	PROOF_LOCAL	ordinary-rule	rule sumToN(N) => N *Int (N +Int 1) /Int 2 requires N >=Int 0
1047	verification.k	15	rule	PROOF_LOCAL	ordinary-rule	rule sumToN(N) => 0 requires N <Int 0 endmodule
1048	spec.k	3	module	SPECIFICATION	-	module SPEC
1049	spec.k	4	imports	SPECIFICATION	-	imports VERIFICATION
1050	spec.k	6	claim	SPECIFICATION	total	claim [sum-loop]: <k> #while(Compare(Name("n"), CmpOp(">", Int(0))), AugAssign(Name("total"), "+", Name("n")) AugAssign(Name("n"), "-", Int(1))) => .K ... </k> <env> 1 </env> <scopes> ... 1 |-> scope( ("n" |-> (N:Int => 0) "total" |-> (S:Int => S +Int sumToN(N))), parent(0)) ... </scopes> requires N >=Int 0
1051	spec.k	25	claim	SPECIFICATION	total	claim [sum-to-n-empty-range]: <k> Call(Name("sum_to_n"), Int(N)) => ?R:Int </k> <env> 0 </env> <scopes> (0 |-> scope( "sum_to_n" |-> closureVal( "n", .ParamNames, Assign(Name("total"), Int(0)) While(Compare(Name("n"), CmpOp(">", Int(0))), AugAssign(Name("total"), "+", Name("n")) AugAssign(Name("n"), "-", Int(1))) Return(Name("total")), 0), parent(-1)) -1 |-> builtinsScope) </scopes> <scopeLoc> 1 </scopeLoc> <heap> .Map </heap> <heapLoc> 0 </heapLoc> <stack> .List </stack> <ret> noRet </ret> <exc> NoExc </exc> <exit-code> 0 </exit-code> requires N <=Int 0 ensures ?R ==Int 0
1052	spec.k	54	claim	SPECIFICATION	total	claim [sum-to-n-positive]: <k> Call(Name("sum_to_n"), Int(N)) => ?R:Int </k> <env> 0 </env> <scopes> (0 |-> scope( "sum_to_n" |-> closureVal( "n", .ParamNames, Assign(Name("total"), Int(0)) While(Compare(Name("n"), CmpOp(">", Int(0))), AugAssign(Name("total"), "+", Name("n")) AugAssign(Name("n"), "-", Int(1))) Return(Name("total")), 0), parent(-1)) -1 |-> builtinsScope) </scopes> <scopeLoc> 1 </scopeLoc> <heap> .Map </heap> <heapLoc> 0 </heapLoc> <stack> .List </stack> <ret> noRet </ret> <exc> NoExc </exc> <exit-code> 0 </exit-code> requires N >=Int 1 ensures ?R ==Int sumToN(N) endmodule
