COMMAND: python3 /audit-output/evidence/classify_k_inventory.py /tmp/audit-work/candidate/reference-semantics/semantics.k /tmp/audit-work/candidate/reference-semantics/semantics /tmp/audit-work/candidate/verification.k /tmp/audit-work/candidate/spec.k
DECISION_COUNTS
ACCEPT_EXACT_PROGRAM_MACRO	8
ACCEPT_ITERATOR_ABSTRACTION	2
ACCEPT_PROOF_LOCAL_DECLARATION	7
ACCEPT_RESULT_SUMMARY	1
ACCEPT_RESULT_SUMMARY_EQUATION	8
ACCEPT_SUPPLIED_DISJOINT	601
ACCEPT_SUPPLIED_OPAQUE_INERT	25
ACCEPT_SUPPLIED_RELEVANT	281
ACCEPT_SUPPLIED_RUNTIME_ONLY	21
ACCEPT_VALIDATED_OPERATIONAL_LEMMA	1
ACCEPT_WITH_INERT_UNDERDEFINITION	2
TARGET_CLAIM	2
TOTAL_DECIDED	959

ID	SOURCE	KIND	ATTRS	DECISION	RATIONALE	DECLARATION
0001	/tmp/audit-work/candidate/reference-semantics/semantics/assert.k:6	rule	operational	ACCEPT_SUPPLIED_DISJOINT	inspected supplied rule; its syntax/guards are disjoint from every submitted-program execution term	rule <k> Assert(V:Val) => .K ... </k>
0002	/tmp/audit-work/candidate/reference-semantics/semantics/assert.k:8	rule	operational	ACCEPT_SUPPLIED_DISJOINT	inspected supplied rule; its syntax/guards are disjoint from every submitted-program execution term	rule <k> Assert(V:Val) ~> _ => .K </k>
0003	/tmp/audit-work/candidate/reference-semantics/semantics/assert.k:13	rule	priority,operational	ACCEPT_SUPPLIED_DISJOINT	inspected supplied rule; its syntax/guards are disjoint from every submitted-program execution term	rule <k> Assert(ref(H:Int)) => Assert(V) ... </k>
0004	/tmp/audit-work/candidate/reference-semantics/semantics/bool.k:8	rule	equational	ACCEPT_SUPPLIED_RELEVANT	inspected supplied rule; patterns, evaluation order, and state effects match the used construct	rule applyUn("not", V:Val) => notBool truthy(V)
0005	/tmp/audit-work/candidate/reference-semantics/semantics/bool.k:10	rule	equational	ACCEPT_SUPPLIED_RELEVANT	inspected supplied rule; patterns, evaluation order, and state effects match the used construct	rule applyCmp("==", B1:Bool, B2:Bool) => B1 ==Bool B2
0006	/tmp/audit-work/candidate/reference-semantics/semantics/bool.k:11	rule	equational	ACCEPT_SUPPLIED_RELEVANT	inspected supplied rule; patterns, evaluation order, and state effects match the used construct	rule applyCmp("!=", B1:Bool, B2:Bool) => B1 =/=Bool B2
0007	/tmp/audit-work/candidate/reference-semantics/semantics/bool.k:16	context	-	ACCEPT_SUPPLIED_RELEVANT	inspected supplied rule; patterns, evaluation order, and state effects match the used construct	context BoolOp(_, (HOLE:Expr, _:Exprs))
0008	/tmp/audit-work/candidate/reference-semantics/semantics/bool.k:17	rule	operational	ACCEPT_SUPPLIED_RELEVANT	inspected supplied rule; patterns, evaluation order, and state effects match the used construct	rule <k> BoolOp(_:String, (V:Val, .Exprs)) => V ... </k>
0009	/tmp/audit-work/candidate/reference-semantics/semantics/bool.k:18	rule	operational	ACCEPT_SUPPLIED_RELEVANT	inspected supplied rule; patterns, evaluation order, and state effects match the used construct	rule <k> BoolOp("and", (V:Val, A:Expr, REST:Exprs)) => BoolOp("and", (A, REST)) ... </k>
0010	/tmp/audit-work/candidate/reference-semantics/semantics/bool.k:20	rule	operational	ACCEPT_SUPPLIED_RELEVANT	inspected supplied rule; patterns, evaluation order, and state effects match the used construct	rule <k> BoolOp("and", (V:Val, _:Expr, _:Exprs)) => V ... </k>
0011	/tmp/audit-work/candidate/reference-semantics/semantics/bool.k:22	rule	operational	ACCEPT_SUPPLIED_RELEVANT	inspected supplied rule; patterns, evaluation order, and state effects match the used construct	rule <k> BoolOp("or",  (V:Val, _:Expr, _:Exprs)) => V ... </k>
0012	/tmp/audit-work/candidate/reference-semantics/semantics/bool.k:24	rule	operational	ACCEPT_SUPPLIED_RELEVANT	inspected supplied rule; patterns, evaluation order, and state effects match the used construct	rule <k> BoolOp("or",  (V:Val, A:Expr, REST:Exprs)) => BoolOp("or", (A, REST)) ... </k>
0013	/tmp/audit-work/candidate/reference-semantics/semantics/bool.k:29	rule	priority,operational	ACCEPT_SUPPLIED_RELEVANT	inspected supplied rule; patterns, evaluation order, and state effects match the used construct	rule <k> BoolOp(_:String, (ref(H:Int), .Exprs)) => ref(H) ... </k>
0014	/tmp/audit-work/candidate/reference-semantics/semantics/bool.k:31	rule	priority,operational	ACCEPT_SUPPLIED_RELEVANT	inspected supplied rule; patterns, evaluation order, and state effects match the used construct	rule <k> BoolOp("and", (ref(H:Int), A:Expr, REST:Exprs)) => BoolOp("and", (A, REST)) ... </k>
0015	/tmp/audit-work/candidate/reference-semantics/semantics/bool.k:35	rule	priority,operational	ACCEPT_SUPPLIED_RELEVANT	inspected supplied rule; patterns, evaluation order, and state effects match the used construct	rule <k> BoolOp("and", (ref(H:Int), _:Expr, _:Exprs)) => ref(H) ... </k>
0016	/tmp/audit-work/candidate/reference-semantics/semantics/bool.k:39	rule	priority,operational	ACCEPT_SUPPLIED_RELEVANT	inspected supplied rule; patterns, evaluation order, and state effects match the used construct	rule <k> BoolOp("or", (ref(H:Int), _:Expr, _:Exprs)) => ref(H) ... </k>
0017	/tmp/audit-work/candidate/reference-semantics/semantics/bool.k:43	rule	priority,operational	ACCEPT_SUPPLIED_RELEVANT	inspected supplied rule; patterns, evaluation order, and state effects match the used construct	rule <k> BoolOp("or", (ref(H:Int), A:Expr, REST:Exprs)) => BoolOp("or", (A, REST)) ... </k>
0018	/tmp/audit-work/candidate/reference-semantics/semantics/builtins.k:17	syntax	function	ACCEPT_SUPPLIED_DISJOINT	inspected supplied rule; its syntax/guards are disjoint from every submitted-program execution term	syntax Val ::= applyBuiltin(String, Vals) [function]
0019	/tmp/audit-work/candidate/reference-semantics/semantics/builtins.k:20	syntax	function	ACCEPT_SUPPLIED_DISJOINT	inspected supplied rule; its syntax/guards are disjoint from every submitted-program execution term	syntax Int ::= seqLen(Val) [function]
0020	/tmp/audit-work/candidate/reference-semantics/semantics/builtins.k:21	rule	equational	ACCEPT_SUPPLIED_DISJOINT	inspected supplied rule; its syntax/guards are disjoint from every submitted-program execution term	rule applyBuiltin("len", OBJ:Val, .Vals) => seqLen(OBJ)
0021	/tmp/audit-work/candidate/reference-semantics/semantics/builtins.k:22	rule	equational	ACCEPT_SUPPLIED_DISJOINT	inspected supplied rule; its syntax/guards are disjoint from every submitted-program execution term	rule seqLen(list(VS:ValSeq))                  => vsLen(VS)
0022	/tmp/audit-work/candidate/reference-semantics/semantics/builtins.k:23	rule	equational	ACCEPT_SUPPLIED_DISJOINT	inspected supplied rule; its syntax/guards are disjoint from every submitted-program execution term	rule seqLen(tuple(VS:ValSeq))                 => vsLen(VS)
0023	/tmp/audit-work/candidate/reference-semantics/semantics/builtins.k:24	rule	equational	ACCEPT_SUPPLIED_DISJOINT	inspected supplied rule; its syntax/guards are disjoint from every submitted-program execution term	rule seqLen(str(IS:IntSeq))                   => isLen(IS)
0024	/tmp/audit-work/candidate/reference-semantics/semantics/builtins.k:25	rule	equational	ACCEPT_SUPPLIED_DISJOINT	inspected supplied rule; its syntax/guards are disjoint from every submitted-program execution term	rule seqLen(setV(DS:IntSeq))                  => isLen(DS)
0025	/tmp/audit-work/candidate/reference-semantics/semantics/builtins.k:26	rule	equational	ACCEPT_SUPPLIED_DISJOINT	inspected supplied rule; its syntax/guards are disjoint from every submitted-program execution term	rule seqLen(rangeObj(LO:Int, HI:Int, ST:Int)) => rangeLen(LO, HI, ST)
0026	/tmp/audit-work/candidate/reference-semantics/semantics/builtins.k:32	rule	operational	ACCEPT_SUPPLIED_DISJOINT	inspected supplied rule; its syntax/guards are disjoint from every submitted-program execution term	rule <k> #applyK(toCall(builtinV("list")), (list(VS:ValSeq),  .Vals)) => #alloc(list(VS)) ... </k>
0027	/tmp/audit-work/candidate/reference-semantics/semantics/builtins.k:33	rule	operational	ACCEPT_SUPPLIED_DISJOINT	inspected supplied rule; its syntax/guards are disjoint from every submitted-program execution term	rule <k> #applyK(toCall(builtinV("list")), (tuple(VS:ValSeq), .Vals)) => #alloc(list(VS)) ... </k>
0028	/tmp/audit-work/candidate/reference-semantics/semantics/builtins.k:34	rule	operational	ACCEPT_SUPPLIED_DISJOINT	inspected supplied rule; its syntax/guards are disjoint from every submitted-program execution term	rule <k> #applyK(toCall(builtinV("list")), .Vals)                     => #alloc(list(.ValSeq)) ... </k>
0029	/tmp/audit-work/candidate/reference-semantics/semantics/builtins.k:35	rule	operational	ACCEPT_SUPPLIED_DISJOINT	inspected supplied rule; its syntax/guards are disjoint from every submitted-program execution term	rule <k> #applyK(toCall(builtinV("list")), (str(CS:IntSeq), .Vals))   => #alloc(list(charsOf(CS))) ... </k>
0030	/tmp/audit-work/candidate/reference-semantics/semantics/builtins.k:36	syntax	function,total	ACCEPT_SUPPLIED_DISJOINT	inspected supplied rule; its syntax/guards are disjoint from every submitted-program execution term	syntax ValSeq ::= charsOf(IntSeq) [function, total]
0031	/tmp/audit-work/candidate/reference-semantics/semantics/builtins.k:37	rule	equational	ACCEPT_SUPPLIED_DISJOINT	inspected supplied rule; its syntax/guards are disjoint from every submitted-program execution term	rule charsOf(.IntSeq)                => .ValSeq
0032	/tmp/audit-work/candidate/reference-semantics/semantics/builtins.k:38	rule	equational	ACCEPT_SUPPLIED_DISJOINT	inspected supplied rule; its syntax/guards are disjoint from every submitted-program execution term	rule charsOf(iCons(C:Int, R:IntSeq)) => vCons(str(iCons(C, .IntSeq)), charsOf(R))
0033	/tmp/audit-work/candidate/reference-semantics/semantics/builtins.k:41	rule	equational	ACCEPT_SUPPLIED_DISJOINT	inspected supplied rule; its syntax/guards are disjoint from every submitted-program execution term	rule applyBuiltin("set", str(CS:IntSeq), .Vals) => setV(dedupCodes(CS))
0034	/tmp/audit-work/candidate/reference-semantics/semantics/builtins.k:44	rule	equational	ACCEPT_SUPPLIED_DISJOINT	inspected supplied rule; its syntax/guards are disjoint from every submitted-program execution term	rule applyBuiltin("abs", I:Int, .Vals) => absInt(I)
0035	/tmp/audit-work/candidate/reference-semantics/semantics/builtins.k:47	syntax	-	ACCEPT_SUPPLIED_DISJOINT	inspected supplied rule; its syntax/guards are disjoint from every submitted-program execution term	syntax KItem ::= #sumAcc(Iterable, Int) | #sumCont(Int)
0036	/tmp/audit-work/candidate/reference-semantics/semantics/builtins.k:48	rule	operational	ACCEPT_SUPPLIED_DISJOINT	inspected supplied rule; its syntax/guards are disjoint from every submitted-program execution term	rule <k> #sumAcc(IT:Iterable, ACC:Int) => #iterNext(IT) ~> #sumCont(ACC) ... </k>
0037	/tmp/audit-work/candidate/reference-semantics/semantics/builtins.k:49	rule	operational	ACCEPT_SUPPLIED_DISJOINT	inspected supplied rule; its syntax/guards are disjoint from every submitted-program execution term	rule <k> #iterDone ~> #sumCont(ACC:Int) => ACC ... </k>
0038	/tmp/audit-work/candidate/reference-semantics/semantics/builtins.k:50	rule	operational	ACCEPT_SUPPLIED_DISJOINT	inspected supplied rule; its syntax/guards are disjoint from every submitted-program execution term	rule <k> #iterYield(V:Val, R:Iterable) ~> #sumCont(ACC:Int)
0039	/tmp/audit-work/candidate/reference-semantics/semantics/builtins.k:54	syntax	function	ACCEPT_SUPPLIED_DISJOINT	inspected supplied rule; its syntax/guards are disjoint from every submitted-program execution term	syntax Int ::= intOf(Val) [function]
0040	/tmp/audit-work/candidate/reference-semantics/semantics/builtins.k:55	rule	equational	ACCEPT_SUPPLIED_DISJOINT	inspected supplied rule; its syntax/guards are disjoint from every submitted-program execution term	rule intOf(I:Int)  => I
0041	/tmp/audit-work/candidate/reference-semantics/semantics/builtins.k:56	rule	equational	ACCEPT_SUPPLIED_DISJOINT	inspected supplied rule; its syntax/guards are disjoint from every submitted-program execution term	rule intOf(B:Bool) => #if B #then 1 #else 0 #fi
0042	/tmp/audit-work/candidate/reference-semantics/semantics/builtins.k:59	syntax	-	ACCEPT_SUPPLIED_DISJOINT	inspected supplied rule; its syntax/guards are disjoint from every submitted-program execution term	syntax KItem ::= #allAcc(Iterable) | "#allCont"
0043	/tmp/audit-work/candidate/reference-semantics/semantics/builtins.k:60	rule	operational	ACCEPT_SUPPLIED_DISJOINT	inspected supplied rule; its syntax/guards are disjoint from every submitted-program execution term	rule <k> #allAcc(IT:Iterable) => #iterNext(IT) ~> #allCont ... </k>
0044	/tmp/audit-work/candidate/reference-semantics/semantics/builtins.k:61	rule	operational	ACCEPT_SUPPLIED_DISJOINT	inspected supplied rule; its syntax/guards are disjoint from every submitted-program execution term	rule <k> #iterDone ~> #allCont => true ... </k>
0045	/tmp/audit-work/candidate/reference-semantics/semantics/builtins.k:62	rule	operational	ACCEPT_SUPPLIED_DISJOINT	inspected supplied rule; its syntax/guards are disjoint from every submitted-program execution term	rule <k> #iterYield(V:Val, R:Iterable) ~> #allCont => #allAcc(R) ... </k>
0046	/tmp/audit-work/candidate/reference-semantics/semantics/builtins.k:64	rule	operational	ACCEPT_SUPPLIED_DISJOINT	inspected supplied rule; its syntax/guards are disjoint from every submitted-program execution term	rule <k> #iterYield(V:Val, _:Iterable) ~> #allCont => false ... </k>
0047	/tmp/audit-work/candidate/reference-semantics/semantics/builtins.k:67	syntax	-	ACCEPT_SUPPLIED_DISJOINT	inspected supplied rule; its syntax/guards are disjoint from every submitted-program execution term	syntax KItem ::= #anyAcc(Iterable) | "#anyCont"
0048	/tmp/audit-work/candidate/reference-semantics/semantics/builtins.k:68	rule	operational	ACCEPT_SUPPLIED_DISJOINT	inspected supplied rule; its syntax/guards are disjoint from every submitted-program execution term	rule <k> #anyAcc(IT:Iterable) => #iterNext(IT) ~> #anyCont ... </k>
0049	/tmp/audit-work/candidate/reference-semantics/semantics/builtins.k:69	rule	operational	ACCEPT_SUPPLIED_DISJOINT	inspected supplied rule; its syntax/guards are disjoint from every submitted-program execution term	rule <k> #iterDone ~> #anyCont => false ... </k>
0050	/tmp/audit-work/candidate/reference-semantics/semantics/builtins.k:70	rule	operational	ACCEPT_SUPPLIED_DISJOINT	inspected supplied rule; its syntax/guards are disjoint from every submitted-program execution term	rule <k> #iterYield(V:Val, _:Iterable) ~> #anyCont => true ... </k>
0051	/tmp/audit-work/candidate/reference-semantics/semantics/builtins.k:72	rule	operational	ACCEPT_SUPPLIED_DISJOINT	inspected supplied rule; its syntax/guards are disjoint from every submitted-program execution term	rule <k> #iterYield(V:Val, R:Iterable) ~> #anyCont => #anyAcc(R) ... </k>
0052	/tmp/audit-work/candidate/reference-semantics/semantics/builtins.k:76	syntax	-	ACCEPT_SUPPLIED_DISJOINT	inspected supplied rule; its syntax/guards are disjoint from every submitted-program execution term	syntax KItem ::= #maxAcc0(Iterable) | "#maxCont0" | #maxAcc(Iterable, Int) | #maxCont(Int)
0053	/tmp/audit-work/candidate/reference-semantics/semantics/builtins.k:77	rule	operational	ACCEPT_SUPPLIED_DISJOINT	inspected supplied rule; its syntax/guards are disjoint from every submitted-program execution term	rule <k> #maxAcc0(IT:Iterable) => #iterNext(IT) ~> #maxCont0 ... </k>
0054	/tmp/audit-work/candidate/reference-semantics/semantics/builtins.k:78	rule	operational	ACCEPT_SUPPLIED_DISJOINT	inspected supplied rule; its syntax/guards are disjoint from every submitted-program execution term	rule <k> #iterYield(V:Val, R:Iterable) ~> #maxCont0 => #maxAcc(R, {V}:>Int) ... </k>
0055	/tmp/audit-work/candidate/reference-semantics/semantics/builtins.k:80	rule	operational	ACCEPT_SUPPLIED_DISJOINT	inspected supplied rule; its syntax/guards are disjoint from every submitted-program execution term	rule <k> #maxAcc(IT:Iterable, M:Int) => #iterNext(IT) ~> #maxCont(M) ... </k>
0056	/tmp/audit-work/candidate/reference-semantics/semantics/builtins.k:81	rule	operational	ACCEPT_SUPPLIED_DISJOINT	inspected supplied rule; its syntax/guards are disjoint from every submitted-program execution term	rule <k> #iterDone ~> #maxCont(M:Int) => M ... </k>
0057	/tmp/audit-work/candidate/reference-semantics/semantics/builtins.k:82	rule	operational	ACCEPT_SUPPLIED_DISJOINT	inspected supplied rule; its syntax/guards are disjoint from every submitted-program execution term	rule <k> #iterYield(V:Val, R:Iterable) ~> #maxCont(M:Int)
0058	/tmp/audit-work/candidate/reference-semantics/semantics/builtins.k:86	syntax	-	ACCEPT_SUPPLIED_DISJOINT	inspected supplied rule; its syntax/guards are disjoint from every submitted-program execution term	syntax KItem ::= #minAcc0(Iterable) | "#minCont0" | #minAcc(Iterable, Int) | #minCont(Int)
0059	/tmp/audit-work/candidate/reference-semantics/semantics/builtins.k:87	rule	operational	ACCEPT_SUPPLIED_DISJOINT	inspected supplied rule; its syntax/guards are disjoint from every submitted-program execution term	rule <k> #minAcc0(IT:Iterable) => #iterNext(IT) ~> #minCont0 ... </k>
0060	/tmp/audit-work/candidate/reference-semantics/semantics/builtins.k:88	rule	operational	ACCEPT_SUPPLIED_DISJOINT	inspected supplied rule; its syntax/guards are disjoint from every submitted-program execution term	rule <k> #iterYield(V:Val, R:Iterable) ~> #minCont0 => #minAcc(R, {V}:>Int) ... </k>
0061	/tmp/audit-work/candidate/reference-semantics/semantics/builtins.k:90	rule	operational	ACCEPT_SUPPLIED_DISJOINT	inspected supplied rule; its syntax/guards are disjoint from every submitted-program execution term	rule <k> #minAcc(IT:Iterable, M:Int) => #iterNext(IT) ~> #minCont(M) ... </k>
0062	/tmp/audit-work/candidate/reference-semantics/semantics/builtins.k:91	rule	operational	ACCEPT_SUPPLIED_DISJOINT	inspected supplied rule; its syntax/guards are disjoint from every submitted-program execution term	rule <k> #iterDone ~> #minCont(M:Int) => M ... </k>
0063	/tmp/audit-work/candidate/reference-semantics/semantics/builtins.k:92	rule	operational	ACCEPT_SUPPLIED_DISJOINT	inspected supplied rule; its syntax/guards are disjoint from every submitted-program execution term	rule <k> #iterYield(V:Val, R:Iterable) ~> #minCont(M:Int)
0064	/tmp/audit-work/candidate/reference-semantics/semantics/builtins.k:97	syntax	function	ACCEPT_SUPPLIED_DISJOINT	inspected supplied rule; its syntax/guards are disjoint from every submitted-program execution term	syntax Int ::= maxVals(Int, Vals) [function]
0065	/tmp/audit-work/candidate/reference-semantics/semantics/builtins.k:98	rule	equational	ACCEPT_SUPPLIED_DISJOINT	inspected supplied rule; its syntax/guards are disjoint from every submitted-program execution term	rule applyBuiltin("max", I:Int, REST:Vals) => maxVals(I, REST)
0066	/tmp/audit-work/candidate/reference-semantics/semantics/builtins.k:99	rule	equational	ACCEPT_SUPPLIED_DISJOINT	inspected supplied rule; its syntax/guards are disjoint from every submitted-program execution term	rule maxVals(M:Int, .Vals)           => M
0067	/tmp/audit-work/candidate/reference-semantics/semantics/builtins.k:100	rule	equational	ACCEPT_SUPPLIED_DISJOINT	inspected supplied rule; its syntax/guards are disjoint from every submitted-program execution term	rule maxVals(M:Int, (I:Int, R:Vals)) => maxVals(maxInt(M, I), R)
0068	/tmp/audit-work/candidate/reference-semantics/semantics/builtins.k:102	syntax	function	ACCEPT_SUPPLIED_DISJOINT	inspected supplied rule; its syntax/guards are disjoint from every submitted-program execution term	syntax Int ::= minVals(Int, Vals) [function]
0069	/tmp/audit-work/candidate/reference-semantics/semantics/builtins.k:103	rule	equational	ACCEPT_SUPPLIED_DISJOINT	inspected supplied rule; its syntax/guards are disjoint from every submitted-program execution term	rule applyBuiltin("min", I:Int, REST:Vals) => minVals(I, REST)
0070	/tmp/audit-work/candidate/reference-semantics/semantics/builtins.k:104	rule	equational	ACCEPT_SUPPLIED_DISJOINT	inspected supplied rule; its syntax/guards are disjoint from every submitted-program execution term	rule minVals(M:Int, .Vals)           => M
0071	/tmp/audit-work/candidate/reference-semantics/semantics/builtins.k:105	rule	equational	ACCEPT_SUPPLIED_DISJOINT	inspected supplied rule; its syntax/guards are disjoint from every submitted-program execution term	rule minVals(M:Int, (I:Int, R:Vals)) => minVals(minInt(M, I), R)
0072	/tmp/audit-work/candidate/reference-semantics/semantics/builtins.k:108	rule	equational	ACCEPT_SUPPLIED_DISJOINT	inspected supplied rule; its syntax/guards are disjoint from every submitted-program execution term	rule applyBuiltin("bin", N:Int, .Vals) => str(iCons(48, iCons(98, binCodes(N))))
0073	/tmp/audit-work/candidate/reference-semantics/semantics/builtins.k:111	rule	equational	ACCEPT_SUPPLIED_DISJOINT	inspected supplied rule; its syntax/guards are disjoint from every submitted-program execution term	rule applyBuiltin("bin", N:Int, .Vals)
0074	/tmp/audit-work/candidate/reference-semantics/semantics/builtins.k:114	syntax	function,total	ACCEPT_SUPPLIED_DISJOINT	inspected supplied rule; its syntax/guards are disjoint from every submitted-program execution term	syntax IntSeq ::= binCodes(Int) [function, total]
0075	/tmp/audit-work/candidate/reference-semantics/semantics/builtins.k:115	rule	equational	ACCEPT_SUPPLIED_DISJOINT	inspected supplied rule; its syntax/guards are disjoint from every submitted-program execution term	rule binCodes(0) => iCons(48, .IntSeq)
0076	/tmp/audit-work/candidate/reference-semantics/semantics/builtins.k:116	rule	equational	ACCEPT_SUPPLIED_DISJOINT	inspected supplied rule; its syntax/guards are disjoint from every submitted-program execution term	rule binCodes(N:Int) => binAcc(N, .IntSeq) requires N >Int 0
0077	/tmp/audit-work/candidate/reference-semantics/semantics/builtins.k:117	syntax	function,total	ACCEPT_SUPPLIED_DISJOINT	inspected supplied rule; its syntax/guards are disjoint from every submitted-program execution term	syntax IntSeq ::= binAcc(Int, IntSeq) [function, total]
0078	/tmp/audit-work/candidate/reference-semantics/semantics/builtins.k:118	rule	equational	ACCEPT_SUPPLIED_DISJOINT	inspected supplied rule; its syntax/guards are disjoint from every submitted-program execution term	rule binAcc(0, ACC:IntSeq) => ACC
0079	/tmp/audit-work/candidate/reference-semantics/semantics/builtins.k:119	rule	equational	ACCEPT_SUPPLIED_DISJOINT	inspected supplied rule; its syntax/guards are disjoint from every submitted-program execution term	rule binAcc(N:Int, ACC:IntSeq)
0080	/tmp/audit-work/candidate/reference-semantics/semantics/builtins.k:124	rule	operational	ACCEPT_SUPPLIED_DISJOINT	inspected supplied rule; its syntax/guards are disjoint from every submitted-program execution term	rule <k> #applyK(toCall(builtinV("enumerate")), (list(VS:ValSeq), .Vals))
0081	/tmp/audit-work/candidate/reference-semantics/semantics/builtins.k:126	syntax	function,total	ACCEPT_SUPPLIED_DISJOINT	inspected supplied rule; its syntax/guards are disjoint from every submitted-program execution term	syntax ValSeq ::= enumVS(ValSeq, Int) [function, total]
0082	/tmp/audit-work/candidate/reference-semantics/semantics/builtins.k:127	rule	equational	ACCEPT_SUPPLIED_DISJOINT	inspected supplied rule; its syntax/guards are disjoint from every submitted-program execution term	rule enumVS(.ValSeq, _:Int) => .ValSeq
0083	/tmp/audit-work/candidate/reference-semantics/semantics/builtins.k:128	rule	equational	ACCEPT_SUPPLIED_DISJOINT	inspected supplied rule; its syntax/guards are disjoint from every submitted-program execution term	rule enumVS(vCons(V:Val, R:ValSeq), I:Int)
0084	/tmp/audit-work/candidate/reference-semantics/semantics/builtins.k:132	rule	operational	ACCEPT_SUPPLIED_DISJOINT	inspected supplied rule; its syntax/guards are disjoint from every submitted-program execution term	rule <k> #applyK(toCall(builtinV("map")), (typeV("str"), list(VS:ValSeq), .Vals))
0085	/tmp/audit-work/candidate/reference-semantics/semantics/builtins.k:134	syntax	function,total	ACCEPT_SUPPLIED_DISJOINT	inspected supplied rule; its syntax/guards are disjoint from every submitted-program execution term	syntax ValSeq ::= mapStrVS(ValSeq) [function, total]
0086	/tmp/audit-work/candidate/reference-semantics/semantics/builtins.k:135	rule	equational	ACCEPT_SUPPLIED_DISJOINT	inspected supplied rule; its syntax/guards are disjoint from every submitted-program execution term	rule mapStrVS(.ValSeq) => .ValSeq
0087	/tmp/audit-work/candidate/reference-semantics/semantics/builtins.k:136	rule	equational	ACCEPT_SUPPLIED_DISJOINT	inspected supplied rule; its syntax/guards are disjoint from every submitted-program execution term	rule mapStrVS(vCons(I:Int, R:ValSeq)) => vCons(str(strToCodes(Int2String(I))), mapStrVS(R))
0088	/tmp/audit-work/candidate/reference-semantics/semantics/builtins.k:137	rule	equational	ACCEPT_SUPPLIED_DISJOINT	inspected supplied rule; its syntax/guards are disjoint from every submitted-program execution term	rule mapStrVS(vCons(str(CS:IntSeq), R:ValSeq)) => vCons(str(CS), mapStrVS(R))
0089	/tmp/audit-work/candidate/reference-semantics/semantics/builtins.k:140	rule	equational	ACCEPT_SUPPLIED_DISJOINT	inspected supplied rule; its syntax/guards are disjoint from every submitted-program execution term	rule applyBuiltin("int", I:Int, .Vals) => I
0090	/tmp/audit-work/candidate/reference-semantics/semantics/builtins.k:143	rule	equational	ACCEPT_SUPPLIED_DISJOINT	inspected supplied rule; its syntax/guards are disjoint from every submitted-program execution term	rule applyBuiltin("ord", str(iCons(C:Int, .IntSeq)), .Vals) => C
0091	/tmp/audit-work/candidate/reference-semantics/semantics/builtins.k:144	rule	equational	ACCEPT_SUPPLIED_DISJOINT	inspected supplied rule; its syntax/guards are disjoint from every submitted-program execution term	rule applyBuiltin("chr", I:Int, .Vals) => str(iCons(I, .IntSeq))
0092	/tmp/audit-work/candidate/reference-semantics/semantics/builtins.k:148	rule	equational	ACCEPT_SUPPLIED_DISJOINT	inspected supplied rule; its syntax/guards are disjoint from every submitted-program execution term	rule applyBuiltin("str", I:Int, .Vals)       => str(strToCodes(Int2String(I)))
0093	/tmp/audit-work/candidate/reference-semantics/semantics/builtins.k:149	rule	equational	ACCEPT_SUPPLIED_DISJOINT	inspected supplied rule; its syntax/guards are disjoint from every submitted-program execution term	rule applyBuiltin("str", str(CS:IntSeq), .Vals) => str(CS)
0094	/tmp/audit-work/candidate/reference-semantics/semantics/builtins.k:152	rule	equational	ACCEPT_SUPPLIED_DISJOINT	inspected supplied rule; its syntax/guards are disjoint from every submitted-program execution term	rule applyBuiltin("int", str(iCons(C:Int, .IntSeq)), .Vals) => C -Int 48
0095	/tmp/audit-work/candidate/reference-semantics/semantics/builtins.k:156	rule	equational	ACCEPT_SUPPLIED_DISJOINT	inspected supplied rule; its syntax/guards are disjoint from every submitted-program execution term	rule applyBuiltin("int", str(CS:IntSeq), .Vals) => intDigAcc(CS, 0)
0096	/tmp/audit-work/candidate/reference-semantics/semantics/builtins.k:158	syntax	function,total	ACCEPT_SUPPLIED_DISJOINT	inspected supplied rule; its syntax/guards are disjoint from every submitted-program execution term	syntax Int ::= intDigAcc(IntSeq, Int) [function, total]
0097	/tmp/audit-work/candidate/reference-semantics/semantics/builtins.k:159	rule	equational	ACCEPT_SUPPLIED_DISJOINT	inspected supplied rule; its syntax/guards are disjoint from every submitted-program execution term	rule intDigAcc(.IntSeq, ACC:Int)             => ACC
0098	/tmp/audit-work/candidate/reference-semantics/semantics/builtins.k:160	rule	equational	ACCEPT_SUPPLIED_DISJOINT	inspected supplied rule; its syntax/guards are disjoint from every submitted-program execution term	rule intDigAcc(iCons(C:Int, R:IntSeq), ACC:Int) => intDigAcc(R, (ACC *Int 10) +Int (C -Int 48))
0099	/tmp/audit-work/candidate/reference-semantics/semantics/builtins.k:163	rule	equational	ACCEPT_SUPPLIED_DISJOINT	inspected supplied rule; its syntax/guards are disjoint from every submitted-program execution term	rule applyBuiltin("zip", list(A:ValSeq), list(B:ValSeq), .Vals) => zipObj(A, B)
0100	/tmp/audit-work/candidate/reference-semantics/semantics/builtins.k:164	rule	equational	ACCEPT_SUPPLIED_DISJOINT	inspected supplied rule; its syntax/guards are disjoint from every submitted-program execution term	rule applyBuiltin("zip", str(A:IntSeq), str(B:IntSeq), .Vals)   => zipObjS(A, B)
0101	/tmp/audit-work/candidate/reference-semantics/semantics/builtins.k:167	rule	operational	ACCEPT_SUPPLIED_DISJOINT	inspected supplied rule; its syntax/guards are disjoint from every submitted-program execution term	rule <k> #iterNext(zipObj(vCons(A:Val, As:ValSeq), vCons(B:Val, Bs:ValSeq)))
0102	/tmp/audit-work/candidate/reference-semantics/semantics/builtins.k:169	rule	operational	ACCEPT_SUPPLIED_DISJOINT	inspected supplied rule; its syntax/guards are disjoint from every submitted-program execution term	rule <k> #iterNext(zipObj(.ValSeq, _:ValSeq))               => #iterDone ... </k>
0103	/tmp/audit-work/candidate/reference-semantics/semantics/builtins.k:170	rule	operational	ACCEPT_SUPPLIED_DISJOINT	inspected supplied rule; its syntax/guards are disjoint from every submitted-program execution term	rule <k> #iterNext(zipObj(vCons(_:Val, _:ValSeq), .ValSeq)) => #iterDone ... </k>
0104	/tmp/audit-work/candidate/reference-semantics/semantics/builtins.k:171	rule	operational	ACCEPT_SUPPLIED_DISJOINT	inspected supplied rule; its syntax/guards are disjoint from every submitted-program execution term	rule <k> #iterNext(zipObjS(iCons(A:Int, As:IntSeq), iCons(B:Int, Bs:IntSeq)))
0105	/tmp/audit-work/candidate/reference-semantics/semantics/builtins.k:173	rule	operational	ACCEPT_SUPPLIED_DISJOINT	inspected supplied rule; its syntax/guards are disjoint from every submitted-program execution term	rule <k> #iterNext(zipObjS(.IntSeq, _:IntSeq))              => #iterDone ... </k>
0106	/tmp/audit-work/candidate/reference-semantics/semantics/builtins.k:174	rule	operational	ACCEPT_SUPPLIED_DISJOINT	inspected supplied rule; its syntax/guards are disjoint from every submitted-program execution term	rule <k> #iterNext(zipObjS(iCons(_:Int, _:IntSeq), .IntSeq)) => #iterDone ... </k>
0107	/tmp/audit-work/candidate/reference-semantics/semantics/builtins.k:177	rule	equational	ACCEPT_SUPPLIED_DISJOINT	inspected supplied rule; its syntax/guards are disjoint from every submitted-program execution term	rule applyBuiltin("range", I:Int, .Vals)               => rangeObj(0, I, 1)
0108	/tmp/audit-work/candidate/reference-semantics/semantics/builtins.k:178	rule	equational	ACCEPT_SUPPLIED_DISJOINT	inspected supplied rule; its syntax/guards are disjoint from every submitted-program execution term	rule applyBuiltin("range", A:Int, B:Int, .Vals)        => rangeObj(A, B, 1)
0109	/tmp/audit-work/candidate/reference-semantics/semantics/builtins.k:179	rule	equational	ACCEPT_SUPPLIED_DISJOINT	inspected supplied rule; its syntax/guards are disjoint from every submitted-program execution term	rule applyBuiltin("range", A:Int, B:Int, S:Int, .Vals) => rangeObj(A, B, S)
0110	/tmp/audit-work/candidate/reference-semantics/semantics/builtins.k:187	rule	equational	ACCEPT_SUPPLIED_DISJOINT	inspected supplied rule; its syntax/guards are disjoint from every submitted-program execution term	rule applyBuiltin("eval", str(CS:IntSeq), .Vals) => evalArith(CS)
0111	/tmp/audit-work/candidate/reference-semantics/semantics/builtins.k:188	syntax	function	ACCEPT_SUPPLIED_DISJOINT	inspected supplied rule; its syntax/guards are disjoint from every submitted-program execution term	syntax Int ::= evalArith(IntSeq) [function]
0112	/tmp/audit-work/candidate/reference-semantics/semantics/builtins.k:189	rule	equational	ACCEPT_SUPPLIED_DISJOINT	inspected supplied rule; its syntax/guards are disjoint from every submitted-program execution term	rule evalArith(CS:IntSeq)
0113	/tmp/audit-work/candidate/reference-semantics/semantics/builtins.k:192	syntax	-	ACCEPT_SUPPLIED_DISJOINT	inspected supplied rule; its syntax/guards are disjoint from every submitted-program execution term	syntax OpSeq ::= ".OpSeq" | oCons(String, OpSeq)
0114	/tmp/audit-work/candidate/reference-semantics/semantics/builtins.k:194	syntax	function,total	ACCEPT_SUPPLIED_DISJOINT	inspected supplied rule; its syntax/guards are disjoint from every submitted-program execution term	syntax Bool ::= evDigit(Int) [function, total]
0115	/tmp/audit-work/candidate/reference-semantics/semantics/builtins.k:195	rule	equational	ACCEPT_SUPPLIED_DISJOINT	inspected supplied rule; its syntax/guards are disjoint from every submitted-program execution term	rule evDigit(C:Int) => C >=Int 48 andBool C <=Int 57
0116	/tmp/audit-work/candidate/reference-semantics/semantics/builtins.k:196	syntax	function,total	ACCEPT_SUPPLIED_DISJOINT	inspected supplied rule; its syntax/guards are disjoint from every submitted-program execution term	syntax Bool ::= evHead42(IntSeq) [function, total]
0117	/tmp/audit-work/candidate/reference-semantics/semantics/builtins.k:197	rule	equational	ACCEPT_SUPPLIED_DISJOINT	inspected supplied rule; its syntax/guards are disjoint from every submitted-program execution term	rule evHead42(iCons(42, _:IntSeq)) => true
0118	/tmp/audit-work/candidate/reference-semantics/semantics/builtins.k:198	rule	equational	ACCEPT_SUPPLIED_DISJOINT	inspected supplied rule; its syntax/guards are disjoint from every submitted-program execution term	rule evHead42(_:IntSeq)            => false [owise]
0119	/tmp/audit-work/candidate/reference-semantics/semantics/builtins.k:199	syntax	function,total	ACCEPT_SUPPLIED_DISJOINT	inspected supplied rule; its syntax/guards are disjoint from every submitted-program execution term	syntax Bool ::= evHead47(IntSeq) [function, total]
0120	/tmp/audit-work/candidate/reference-semantics/semantics/builtins.k:200	rule	equational	ACCEPT_SUPPLIED_DISJOINT	inspected supplied rule; its syntax/guards are disjoint from every submitted-program execution term	rule evHead47(iCons(47, _:IntSeq)) => true
0121	/tmp/audit-work/candidate/reference-semantics/semantics/builtins.k:201	rule	equational	ACCEPT_SUPPLIED_DISJOINT	inspected supplied rule; its syntax/guards are disjoint from every submitted-program execution term	rule evHead47(_:IntSeq)            => false [owise]
0122	/tmp/audit-work/candidate/reference-semantics/semantics/builtins.k:203	syntax	function,total	ACCEPT_SUPPLIED_DISJOINT	inspected supplied rule; its syntax/guards are disjoint from every submitted-program execution term	syntax OpSeq ::= tokOps(IntSeq) [function, total]
0123	/tmp/audit-work/candidate/reference-semantics/semantics/builtins.k:204	rule	equational	ACCEPT_SUPPLIED_DISJOINT	inspected supplied rule; its syntax/guards are disjoint from every submitted-program execution term	rule tokOps(.IntSeq)                 => .OpSeq
0124	/tmp/audit-work/candidate/reference-semantics/semantics/builtins.k:205	rule	equational	ACCEPT_SUPPLIED_DISJOINT	inspected supplied rule; its syntax/guards are disjoint from every submitted-program execution term	rule tokOps(iCons(32, R:IntSeq))     => tokOps(R)
0125	/tmp/audit-work/candidate/reference-semantics/semantics/builtins.k:206	rule	equational	ACCEPT_SUPPLIED_DISJOINT	inspected supplied rule; its syntax/guards are disjoint from every submitted-program execution term	rule tokOps(iCons(C:Int, R:IntSeq))  => tokOps(R) requires evDigit(C)
0126	/tmp/audit-work/candidate/reference-semantics/semantics/builtins.k:207	rule	equational	ACCEPT_SUPPLIED_DISJOINT	inspected supplied rule; its syntax/guards are disjoint from every submitted-program execution term	rule tokOps(iCons(42, iCons(42, R:IntSeq))) => oCons("**", tokOps(R))
0127	/tmp/audit-work/candidate/reference-semantics/semantics/builtins.k:208	rule	equational	ACCEPT_SUPPLIED_DISJOINT	inspected supplied rule; its syntax/guards are disjoint from every submitted-program execution term	rule tokOps(iCons(42, R:IntSeq))     => oCons("*", tokOps(R)) requires notBool evHead42(R)
0128	/tmp/audit-work/candidate/reference-semantics/semantics/builtins.k:209	rule	equational	ACCEPT_SUPPLIED_DISJOINT	inspected supplied rule; its syntax/guards are disjoint from every submitted-program execution term	rule tokOps(iCons(47, iCons(47, R:IntSeq))) => oCons("//", tokOps(R))
0129	/tmp/audit-work/candidate/reference-semantics/semantics/builtins.k:210	rule	equational	ACCEPT_SUPPLIED_DISJOINT	inspected supplied rule; its syntax/guards are disjoint from every submitted-program execution term	rule tokOps(iCons(47, R:IntSeq))     => oCons("/", tokOps(R)) requires notBool evHead47(R)
0130	/tmp/audit-work/candidate/reference-semantics/semantics/builtins.k:211	rule	equational	ACCEPT_SUPPLIED_DISJOINT	inspected supplied rule; its syntax/guards are disjoint from every submitted-program execution term	rule tokOps(iCons(43, R:IntSeq))     => oCons("+", tokOps(R))
0131	/tmp/audit-work/candidate/reference-semantics/semantics/builtins.k:212	rule	equational	ACCEPT_SUPPLIED_DISJOINT	inspected supplied rule; its syntax/guards are disjoint from every submitted-program execution term	rule tokOps(iCons(45, R:IntSeq))     => oCons("-", tokOps(R))
0132	/tmp/audit-work/candidate/reference-semantics/semantics/builtins.k:214	syntax	function,total	ACCEPT_SUPPLIED_DISJOINT	inspected supplied rule; its syntax/guards are disjoint from every submitted-program execution term	syntax IntSeq ::= tokNds(IntSeq) [function, total]
0133	/tmp/audit-work/candidate/reference-semantics/semantics/builtins.k:216	rule	equational	ACCEPT_SUPPLIED_DISJOINT	inspected supplied rule; its syntax/guards are disjoint from every submitted-program execution term	rule tokNds(.IntSeq)                => .IntSeq
0134	/tmp/audit-work/candidate/reference-semantics/semantics/builtins.k:217	rule	equational	ACCEPT_SUPPLIED_DISJOINT	inspected supplied rule; its syntax/guards are disjoint from every submitted-program execution term	rule tokNds(iCons(32, R:IntSeq))    => tokNds(R)
0135	/tmp/audit-work/candidate/reference-semantics/semantics/builtins.k:218	rule	equational	ACCEPT_SUPPLIED_DISJOINT	inspected supplied rule; its syntax/guards are disjoint from every submitted-program execution term	rule tokNds(iCons(C:Int, R:IntSeq)) => tokNdAcc(C -Int 48, R) requires evDigit(C)
0136	/tmp/audit-work/candidate/reference-semantics/semantics/builtins.k:219	rule	equational	ACCEPT_SUPPLIED_DISJOINT	inspected supplied rule; its syntax/guards are disjoint from every submitted-program execution term	rule tokNds(iCons(C:Int, R:IntSeq)) => tokNds(R)
0137	/tmp/audit-work/candidate/reference-semantics/semantics/builtins.k:221	rule	equational	ACCEPT_SUPPLIED_DISJOINT	inspected supplied rule; its syntax/guards are disjoint from every submitted-program execution term	rule tokNdAcc(A:Int, iCons(C:Int, R:IntSeq)) => tokNdAcc(A *Int 10 +Int (C -Int 48), R)
0138	/tmp/audit-work/candidate/reference-semantics/semantics/builtins.k:223	rule	equational	ACCEPT_SUPPLIED_DISJOINT	inspected supplied rule; its syntax/guards are disjoint from every submitted-program execution term	rule tokNdAcc(A:Int, S:IntSeq) => iCons(A, tokNds(S)) [owise]
0139	/tmp/audit-work/candidate/reference-semantics/semantics/builtins.k:225	syntax	-	ACCEPT_SUPPLIED_DISJOINT	inspected supplied rule; its syntax/guards are disjoint from every submitted-program execution term	syntax EvPair ::= evp(OpSeq, IntSeq)
0140	/tmp/audit-work/candidate/reference-semantics/semantics/builtins.k:226	syntax	function,total	ACCEPT_SUPPLIED_DISJOINT	inspected supplied rule; its syntax/guards are disjoint from every submitted-program execution term	syntax Int ::= firstNdE(EvPair) [function, total]
0141	/tmp/audit-work/candidate/reference-semantics/semantics/builtins.k:227	rule	equational	ACCEPT_SUPPLIED_DISJOINT	inspected supplied rule; its syntax/guards are disjoint from every submitted-program execution term	rule firstNdE(evp(_:OpSeq, iCons(N:Int, _:IntSeq))) => N
0142	/tmp/audit-work/candidate/reference-semantics/semantics/builtins.k:228	rule	equational	ACCEPT_SUPPLIED_DISJOINT	inspected supplied rule; its syntax/guards are disjoint from every submitted-program execution term	rule firstNdE(_:EvPair) => 0 [owise]
0143	/tmp/audit-work/candidate/reference-semantics/semantics/builtins.k:230	syntax	function,total	ACCEPT_SUPPLIED_DISJOINT	inspected supplied rule; its syntax/guards are disjoint from every submitted-program execution term	syntax Int ::= applyOpE(String, Int, Int) [function, total]
0144	/tmp/audit-work/candidate/reference-semantics/semantics/builtins.k:231	rule	equational	ACCEPT_SUPPLIED_DISJOINT	inspected supplied rule; its syntax/guards are disjoint from every submitted-program execution term	rule applyOpE("+",  A:Int, B:Int) => A +Int B
0145	/tmp/audit-work/candidate/reference-semantics/semantics/builtins.k:232	rule	equational	ACCEPT_SUPPLIED_DISJOINT	inspected supplied rule; its syntax/guards are disjoint from every submitted-program execution term	rule applyOpE("-",  A:Int, B:Int) => A -Int B
0146	/tmp/audit-work/candidate/reference-semantics/semantics/builtins.k:233	rule	equational	ACCEPT_SUPPLIED_DISJOINT	inspected supplied rule; its syntax/guards are disjoint from every submitted-program execution term	rule applyOpE("*",  A:Int, B:Int) => A *Int B
0147	/tmp/audit-work/candidate/reference-semantics/semantics/builtins.k:234	rule	equational	ACCEPT_SUPPLIED_DISJOINT	inspected supplied rule; its syntax/guards are disjoint from every submitted-program execution term	rule applyOpE("//", A:Int, B:Int) => A divInt B
0148	/tmp/audit-work/candidate/reference-semantics/semantics/builtins.k:235	rule	equational	ACCEPT_SUPPLIED_DISJOINT	inspected supplied rule; its syntax/guards are disjoint from every submitted-program execution term	rule applyOpE("**", A:Int, B:Int) => A ^Int B
0149	/tmp/audit-work/candidate/reference-semantics/semantics/builtins.k:236	rule	equational	ACCEPT_SUPPLIED_DISJOINT	inspected supplied rule; its syntax/guards are disjoint from every submitted-program execution term	rule applyOpE(_:String, A:Int, _:Int) => A [owise]
0150	/tmp/audit-work/candidate/reference-semantics/semantics/builtins.k:238	syntax	function,total	ACCEPT_SUPPLIED_DISJOINT	inspected supplied rule; its syntax/guards are disjoint from every submitted-program execution term	syntax EvPair ::= passPowE(OpSeq, IntSeq) [function, total]
0151	/tmp/audit-work/candidate/reference-semantics/semantics/builtins.k:239	rule	equational	ACCEPT_SUPPLIED_DISJOINT	inspected supplied rule; its syntax/guards are disjoint from every submitted-program execution term	rule passPowE(.OpSeq, NDS:IntSeq) => evp(.OpSeq, NDS)
0152	/tmp/audit-work/candidate/reference-semantics/semantics/builtins.k:240	rule	equational	ACCEPT_SUPPLIED_DISJOINT	inspected supplied rule; its syntax/guards are disjoint from every submitted-program execution term	rule passPowE(oCons("**", OPS:OpSeq), iCons(N:Int, NDS:IntSeq)) => powCombE(N, passPowE(OPS, NDS))
0153	/tmp/audit-work/candidate/reference-semantics/semantics/builtins.k:241	rule	equational	ACCEPT_SUPPLIED_DISJOINT	inspected supplied rule; its syntax/guards are disjoint from every submitted-program execution term	rule passPowE(oCons(O:String, OPS:OpSeq), iCons(N:Int, NDS:IntSeq)) => powCarryE(O, N, passPowE(OPS, NDS))
0154	/tmp/audit-work/candidate/reference-semantics/semantics/builtins.k:243	rule	equational	ACCEPT_SUPPLIED_DISJOINT	inspected supplied rule; its syntax/guards are disjoint from every submitted-program execution term	rule passPowE(_:OpSeq, .IntSeq) => evp(.OpSeq, .IntSeq) [owise]
0155	/tmp/audit-work/candidate/reference-semantics/semantics/builtins.k:244	syntax	function,total	ACCEPT_SUPPLIED_DISJOINT	inspected supplied rule; its syntax/guards are disjoint from every submitted-program execution term	syntax EvPair ::= powCombE(Int, EvPair) [function, total]
0156	/tmp/audit-work/candidate/reference-semantics/semantics/builtins.k:245	rule	equational	ACCEPT_SUPPLIED_DISJOINT	inspected supplied rule; its syntax/guards are disjoint from every submitted-program execution term	rule powCombE(N:Int, evp(OPS:OpSeq, iCons(M:Int, REST:IntSeq))) => evp(OPS, iCons(N ^Int M, REST))
0157	/tmp/audit-work/candidate/reference-semantics/semantics/builtins.k:246	rule	equational	ACCEPT_SUPPLIED_DISJOINT	inspected supplied rule; its syntax/guards are disjoint from every submitted-program execution term	rule powCombE(N:Int, evp(OPS:OpSeq, .IntSeq)) => evp(OPS, iCons(N, .IntSeq))
0158	/tmp/audit-work/candidate/reference-semantics/semantics/builtins.k:247	syntax	function,total	ACCEPT_SUPPLIED_DISJOINT	inspected supplied rule; its syntax/guards are disjoint from every submitted-program execution term	syntax EvPair ::= powCarryE(String, Int, EvPair) [function, total]
0159	/tmp/audit-work/candidate/reference-semantics/semantics/builtins.k:248	rule	equational	ACCEPT_SUPPLIED_DISJOINT	inspected supplied rule; its syntax/guards are disjoint from every submitted-program execution term	rule powCarryE(O:String, N:Int, evp(OPS:OpSeq, NDS:IntSeq)) => evp(oCons(O, OPS), iCons(N, NDS))
0160	/tmp/audit-work/candidate/reference-semantics/semantics/builtins.k:250	syntax	function,total	ACCEPT_SUPPLIED_DISJOINT	inspected supplied rule; its syntax/guards are disjoint from every submitted-program execution term	syntax EvPair ::= passMulE(EvPair) [function, total] | passAddE(EvPair) [function, total]
0161	/tmp/audit-work/candidate/reference-semantics/semantics/builtins.k:251	rule	equational	ACCEPT_SUPPLIED_DISJOINT	inspected supplied rule; its syntax/guards are disjoint from every submitted-program execution term	rule passMulE(evp(OPS:OpSeq, iCons(N0:Int, NDS:IntSeq))) => passLGoE("mul", N0, OPS, NDS, .OpSeq, .IntSeq)
0162	/tmp/audit-work/candidate/reference-semantics/semantics/builtins.k:252	rule	equational	ACCEPT_SUPPLIED_DISJOINT	inspected supplied rule; its syntax/guards are disjoint from every submitted-program execution term	rule passMulE(evp(OPS:OpSeq, .IntSeq)) => evp(OPS, .IntSeq)
0163	/tmp/audit-work/candidate/reference-semantics/semantics/builtins.k:253	rule	equational	ACCEPT_SUPPLIED_DISJOINT	inspected supplied rule; its syntax/guards are disjoint from every submitted-program execution term	rule passAddE(evp(OPS:OpSeq, iCons(N0:Int, NDS:IntSeq))) => passLGoE("add", N0, OPS, NDS, .OpSeq, .IntSeq)
0164	/tmp/audit-work/candidate/reference-semantics/semantics/builtins.k:254	rule	equational	ACCEPT_SUPPLIED_DISJOINT	inspected supplied rule; its syntax/guards are disjoint from every submitted-program execution term	rule passAddE(evp(OPS:OpSeq, .IntSeq)) => evp(OPS, .IntSeq)
0165	/tmp/audit-work/candidate/reference-semantics/semantics/builtins.k:255	syntax	function,total	ACCEPT_SUPPLIED_DISJOINT	inspected supplied rule; its syntax/guards are disjoint from every submitted-program execution term	syntax EvPair ::= passLGoE(String, Int, OpSeq, IntSeq, OpSeq, IntSeq) [function, total]
0166	/tmp/audit-work/candidate/reference-semantics/semantics/builtins.k:256	rule	equational	ACCEPT_SUPPLIED_DISJOINT	inspected supplied rule; its syntax/guards are disjoint from every submitted-program execution term	rule passLGoE(_:String, CUR:Int, .OpSeq, _:IntSeq, OO:OpSeq, ON:IntSeq) => evp(OO, appendIE(ON, CUR))
0167	/tmp/audit-work/candidate/reference-semantics/semantics/builtins.k:257	rule	equational	ACCEPT_SUPPLIED_DISJOINT	inspected supplied rule; its syntax/guards are disjoint from every submitted-program execution term	rule passLGoE(L:String, CUR:Int, oCons(O:String, OPS:OpSeq), iCons(N:Int, NDS:IntSeq), OO:OpSeq, ON:IntSeq)
0168	/tmp/audit-work/candidate/reference-semantics/semantics/builtins.k:260	rule	equational	ACCEPT_SUPPLIED_DISJOINT	inspected supplied rule; its syntax/guards are disjoint from every submitted-program execution term	rule passLGoE(L:String, CUR:Int, oCons(O:String, OPS:OpSeq), iCons(N:Int, NDS:IntSeq), OO:OpSeq, ON:IntSeq)
0169	/tmp/audit-work/candidate/reference-semantics/semantics/builtins.k:263	rule	equational	ACCEPT_SUPPLIED_DISJOINT	inspected supplied rule; its syntax/guards are disjoint from every submitted-program execution term	rule passLGoE(_:String, CUR:Int, oCons(_:String, _:OpSeq), .IntSeq, OO:OpSeq, ON:IntSeq)
0170	/tmp/audit-work/candidate/reference-semantics/semantics/builtins.k:265	syntax	function,total	ACCEPT_SUPPLIED_DISJOINT	inspected supplied rule; its syntax/guards are disjoint from every submitted-program execution term	syntax Bool ::= inLevelE(String, String) [function, total]
0171	/tmp/audit-work/candidate/reference-semantics/semantics/builtins.k:266	rule	equational	ACCEPT_SUPPLIED_DISJOINT	inspected supplied rule; its syntax/guards are disjoint from every submitted-program execution term	rule inLevelE("mul", O:String) => O ==String "*" orBool O ==String "//" orBool O ==String "/"
0172	/tmp/audit-work/candidate/reference-semantics/semantics/builtins.k:267	rule	equational	ACCEPT_SUPPLIED_DISJOINT	inspected supplied rule; its syntax/guards are disjoint from every submitted-program execution term	rule inLevelE("add", O:String) => O ==String "+" orBool O ==String "-"
0173	/tmp/audit-work/candidate/reference-semantics/semantics/builtins.k:268	rule	equational	ACCEPT_SUPPLIED_DISJOINT	inspected supplied rule; its syntax/guards are disjoint from every submitted-program execution term	rule inLevelE(_:String, _:String) => false [owise]
0174	/tmp/audit-work/candidate/reference-semantics/semantics/builtins.k:269	syntax	function,total	ACCEPT_SUPPLIED_DISJOINT	inspected supplied rule; its syntax/guards are disjoint from every submitted-program execution term	syntax OpSeq ::= appendOpE(OpSeq, String) [function, total]
0175	/tmp/audit-work/candidate/reference-semantics/semantics/builtins.k:270	rule	equational	ACCEPT_SUPPLIED_DISJOINT	inspected supplied rule; its syntax/guards are disjoint from every submitted-program execution term	rule appendOpE(.OpSeq, O:String) => oCons(O, .OpSeq)
0176	/tmp/audit-work/candidate/reference-semantics/semantics/builtins.k:271	rule	equational	ACCEPT_SUPPLIED_DISJOINT	inspected supplied rule; its syntax/guards are disjoint from every submitted-program execution term	rule appendOpE(oCons(H:String, T:OpSeq), O:String) => oCons(H, appendOpE(T, O))
0177	/tmp/audit-work/candidate/reference-semantics/semantics/builtins.k:272	syntax	function,total	ACCEPT_SUPPLIED_DISJOINT	inspected supplied rule; its syntax/guards are disjoint from every submitted-program execution term	syntax IntSeq ::= appendIE(IntSeq, Int) [function, total]
0178	/tmp/audit-work/candidate/reference-semantics/semantics/builtins.k:273	rule	equational	ACCEPT_SUPPLIED_DISJOINT	inspected supplied rule; its syntax/guards are disjoint from every submitted-program execution term	rule appendIE(.IntSeq, N:Int) => iCons(N, .IntSeq)
0179	/tmp/audit-work/candidate/reference-semantics/semantics/builtins.k:274	rule	equational	ACCEPT_SUPPLIED_DISJOINT	inspected supplied rule; its syntax/guards are disjoint from every submitted-program execution term	rule appendIE(iCons(H:Int, T:IntSeq), N:Int) => iCons(H, appendIE(T, N))
0180	/tmp/audit-work/candidate/reference-semantics/semantics/builtins.k:279	syntax	-	ACCEPT_SUPPLIED_DISJOINT	inspected supplied rule; its syntax/guards are disjoint from every submitted-program execution term	syntax KItem ::= "#md5"
0181	/tmp/audit-work/candidate/reference-semantics/semantics/builtins.k:280	rule	priority,operational	ACCEPT_SUPPLIED_DISJOINT	inspected supplied rule; its syntax/guards are disjoint from every submitted-program execution term	rule <k> Call(Attribute(Name("hashlib"), "md5"), (E:Expr, .Exprs)) => E ~> #md5 ... </k>
0182	/tmp/audit-work/candidate/reference-semantics/semantics/builtins.k:282	rule	operational	ACCEPT_SUPPLIED_DISJOINT	inspected supplied rule; its syntax/guards are disjoint from every submitted-program execution term	rule <k> str(CS:IntSeq) ~> #md5 => md5Obj(CS) ... </k>
0183	/tmp/audit-work/candidate/reference-semantics/semantics/builtins.k:283	syntax	-	ACCEPT_SUPPLIED_DISJOINT	inspected supplied rule; its syntax/guards are disjoint from every submitted-program execution term	syntax Val ::= md5Obj(IntSeq)
0184	/tmp/audit-work/candidate/reference-semantics/semantics/builtins.k:284	rule	equational	ACCEPT_SUPPLIED_DISJOINT	inspected supplied rule; its syntax/guards are disjoint from every submitted-program execution term	rule applyMethod(md5Obj(CS:IntSeq), "hexdigest", .Vals) => str(md5hexCodes(CS))
0185	/tmp/audit-work/candidate/reference-semantics/semantics/builtins.k:285	syntax	function,total,symbol,no-evaluators	ACCEPT_SUPPLIED_OPAQUE_INERT	trusted supplied primitive; no such symbol is reachable in this integer-list program	syntax IntSeq ::= md5hexCodes(IntSeq) [function, total, symbol(md5hexCodes), no-evaluators]
0186	/tmp/audit-work/candidate/reference-semantics/semantics/builtins.k:291	rule	equational	ACCEPT_SUPPLIED_DISJOINT	inspected supplied rule; its syntax/guards are disjoint from every submitted-program execution term	rule applyBuiltin("isinstance", V:Val, typeV("int"), .Vals) => isIntV(V)
0187	/tmp/audit-work/candidate/reference-semantics/semantics/builtins.k:292	rule	equational	ACCEPT_SUPPLIED_DISJOINT	inspected supplied rule; its syntax/guards are disjoint from every submitted-program execution term	rule applyBuiltin("isinstance", V:Val, typeV("str"), .Vals) => isStrV(V)
0188	/tmp/audit-work/candidate/reference-semantics/semantics/builtins.k:293	syntax	function	ACCEPT_SUPPLIED_DISJOINT	inspected supplied rule; its syntax/guards are disjoint from every submitted-program execution term	syntax Bool ::= isIntV(Val) [function] | isStrV(Val) [function]
0189	/tmp/audit-work/candidate/reference-semantics/semantics/builtins.k:294	rule	equational	ACCEPT_SUPPLIED_DISJOINT	inspected supplied rule; its syntax/guards are disjoint from every submitted-program execution term	rule isIntV(_:Int)         => true
0190	/tmp/audit-work/candidate/reference-semantics/semantics/builtins.k:295	rule	equational	ACCEPT_SUPPLIED_DISJOINT	inspected supplied rule; its syntax/guards are disjoint from every submitted-program execution term	rule isIntV(_:Val)         => false [owise]
0191	/tmp/audit-work/candidate/reference-semantics/semantics/builtins.k:296	rule	equational	ACCEPT_SUPPLIED_DISJOINT	inspected supplied rule; its syntax/guards are disjoint from every submitted-program execution term	rule isStrV(str(_:IntSeq)) => true
0192	/tmp/audit-work/candidate/reference-semantics/semantics/builtins.k:297	rule	equational	ACCEPT_SUPPLIED_DISJOINT	inspected supplied rule; its syntax/guards are disjoint from every submitted-program execution term	rule isStrV(_:Val)         => false [owise]
0193	/tmp/audit-work/candidate/reference-semantics/semantics/call.k:16	rule	operational	ACCEPT_SUPPLIED_RELEVANT	inspected supplied rule; patterns, evaluation order, and state effects match the used construct	rule <k> Attribute(V:Val, M:String) => boundMethodV(V, M) ... </k>
0194	/tmp/audit-work/candidate/reference-semantics/semantics/call.k:19	syntax	-	ACCEPT_SUPPLIED_RELEVANT	inspected supplied rule; patterns, evaluation order, and state effects match the used construct	syntax KItem ::= #callee(Exprs)
0195	/tmp/audit-work/candidate/reference-semantics/semantics/call.k:20	rule	operational	ACCEPT_SUPPLIED_RELEVANT	inspected supplied rule; patterns, evaluation order, and state effects match the used construct	rule <k> Call(Fe:Expr, ARGS:Exprs) => Fe ~> #callee(ARGS) ... </k> [owise]
0196	/tmp/audit-work/candidate/reference-semantics/semantics/call.k:21	rule	operational	ACCEPT_SUPPLIED_RELEVANT	inspected supplied rule; patterns, evaluation order, and state effects match the used construct	rule <k> CV:Val ~> #callee(ARGS:Exprs) => #evalArgs(ARGS, .Vals, toCall(CV)) ... </k>
0197	/tmp/audit-work/candidate/reference-semantics/semantics/call.k:24	rule	operational	ACCEPT_SUPPLIED_RELEVANT	inspected supplied rule; patterns, evaluation order, and state effects match the used construct	rule <k> #applyK(toCall(boundMethodV(OBJ:Val, M:String)), ACC:Vals) => applyMethod(OBJ, M, ACC) ... </k>
0198	/tmp/audit-work/candidate/reference-semantics/semantics/call.k:26	rule	operational	ACCEPT_SUPPLIED_RELEVANT	inspected supplied rule; patterns, evaluation order, and state effects match the used construct	rule <k> #applyK(toCall(builtinV("sum")), (OBJ:Iterable, .Vals)) => #sumAcc(OBJ, 0) ... </k>
0199	/tmp/audit-work/candidate/reference-semantics/semantics/call.k:27	rule	operational	ACCEPT_SUPPLIED_RELEVANT	inspected supplied rule; patterns, evaluation order, and state effects match the used construct	rule <k> #applyK(toCall(builtinV("all")), (OBJ:Iterable, .Vals)) => #allAcc(OBJ)    ... </k>
0200	/tmp/audit-work/candidate/reference-semantics/semantics/call.k:28	rule	operational	ACCEPT_SUPPLIED_RELEVANT	inspected supplied rule; patterns, evaluation order, and state effects match the used construct	rule <k> #applyK(toCall(builtinV("any")), (OBJ:Iterable, .Vals)) => #anyAcc(OBJ)    ... </k>
0201	/tmp/audit-work/candidate/reference-semantics/semantics/call.k:29	rule	operational	ACCEPT_SUPPLIED_RELEVANT	inspected supplied rule; patterns, evaluation order, and state effects match the used construct	rule <k> #applyK(toCall(builtinV("max")), (OBJ:Iterable, .Vals)) => #maxAcc0(OBJ)   ... </k>
0202	/tmp/audit-work/candidate/reference-semantics/semantics/call.k:30	rule	operational	ACCEPT_SUPPLIED_RELEVANT	inspected supplied rule; patterns, evaluation order, and state effects match the used construct	rule <k> #applyK(toCall(builtinV("min")), (OBJ:Iterable, .Vals)) => #minAcc0(OBJ)   ... </k>
0203	/tmp/audit-work/candidate/reference-semantics/semantics/call.k:31	rule	operational	ACCEPT_SUPPLIED_RELEVANT	inspected supplied rule; patterns, evaluation order, and state effects match the used construct	rule <k> #applyK(toCall(builtinV(BN:String)), ACC:Vals) => applyBuiltin(BN, ACC) ... </k> [owise]
0204	/tmp/audit-work/candidate/reference-semantics/semantics/call.k:32	rule	operational	ACCEPT_SUPPLIED_RELEVANT	inspected supplied rule; patterns, evaluation order, and state effects match the used construct	rule <k> #applyK(toCall(typeV(T:String)),     ACC:Vals) => applyBuiltin(T, ACC)  ... </k>
0205	/tmp/audit-work/candidate/reference-semantics/semantics/call.k:38	rule	priority,operational	ACCEPT_SUPPLIED_RELEVANT	inspected supplied rule; patterns, evaluation order, and state effects match the used construct	rule <k> #applyK(toCall(builtinV(BN:String)), (ref(H:Int), REST:Vals))
0206	/tmp/audit-work/candidate/reference-semantics/semantics/call.k:42	rule	priority,operational	ACCEPT_SUPPLIED_RELEVANT	inspected supplied rule; patterns, evaluation order, and state effects match the used construct	rule <k> #applyK(toCall(builtinV(BN:String)), (A:Val, ref(H:Int), REST:Vals))
0207	/tmp/audit-work/candidate/reference-semantics/semantics/call.k:47	rule	priority,operational	ACCEPT_SUPPLIED_RELEVANT	inspected supplied rule; patterns, evaluation order, and state effects match the used construct	rule <k> #applyK(toCall(typeV(T:String)), (ref(H:Int), REST:Vals))
0208	/tmp/audit-work/candidate/reference-semantics/semantics/call.k:52	syntax	function,total	ACCEPT_SUPPLIED_RELEVANT	inspected supplied rule; patterns, evaluation order, and state effects match the used construct	syntax Bool ::= isMutMethod(String) [function, total]
0209	/tmp/audit-work/candidate/reference-semantics/semantics/call.k:53	rule	equational	ACCEPT_SUPPLIED_RELEVANT	inspected supplied rule; patterns, evaluation order, and state effects match the used construct	rule isMutMethod(M:String)
0210	/tmp/audit-work/candidate/reference-semantics/semantics/call.k:56	rule	priority,operational	ACCEPT_SUPPLIED_RELEVANT	inspected supplied rule; patterns, evaluation order, and state effects match the used construct	rule <k> #applyK(toCall(boundMethodV(ref(H:Int), M:String)), ACC:Vals)
0211	/tmp/audit-work/candidate/reference-semantics/semantics/call.k:63	rule	priority,operational	ACCEPT_SUPPLIED_RELEVANT	inspected supplied rule; patterns, evaluation order, and state effects match the used construct	rule <k> #applyK(toCall(boundMethodV(OBJ:Val, M:String)), (ref(H:Int), REST:Vals))
0212	/tmp/audit-work/candidate/reference-semantics/semantics/call.k:69	rule	operational	ACCEPT_SUPPLIED_RELEVANT	inspected supplied rule; patterns, evaluation order, and state effects match the used construct	rule <k> #applyK(toCall(closureVal(PNS:ParamNames, BODY:Stmts, DEFL:Int)), ACC:Vals) ~> CONT
0213	/tmp/audit-work/candidate/reference-semantics/semantics/call.k:80	rule	operational	ACCEPT_SUPPLIED_RELEVANT	inspected supplied rule; patterns, evaluation order, and state effects match the used construct	rule <k> #applyK(toCall(closureValC(PNS:ParamNames, CVS:ParamNames, BODY:Stmts, CM:Map)), ACC:Vals) ~> CONT
0214	/tmp/audit-work/candidate/reference-semantics/semantics/call.k:87	syntax	-	ACCEPT_SUPPLIED_RELEVANT	inspected supplied rule; patterns, evaluation order, and state effects match the used construct	syntax KItem ::= #allocCells(ParamNames)
0215	/tmp/audit-work/candidate/reference-semantics/semantics/call.k:88	rule	operational	ACCEPT_SUPPLIED_RELEVANT	inspected supplied rule; patterns, evaluation order, and state effects match the used construct	rule <k> #allocCells(.ParamNames) => .K ... </k>
0216	/tmp/audit-work/candidate/reference-semantics/semantics/call.k:89	rule	operational	ACCEPT_SUPPLIED_RELEVANT	inspected supplied rule; patterns, evaluation order, and state effects match the used construct	rule <k> #allocCells((CV:String, R:ParamNames)) => #allocCells(R) ... </k>
0217	/tmp/audit-work/candidate/reference-semantics/semantics/comprehension.k:11	rule	equational	ACCEPT_SUPPLIED_DISJOINT	inspected supplied rule; its syntax/guards are disjoint from every submitted-program execution term	rule ListComp(ELT:Expr, Gs:CompFors) => Call(closureExpr(.ParamNames, compBody(Gs, ELT)), .Exprs)
0218	/tmp/audit-work/candidate/reference-semantics/semantics/comprehension.k:12	rule	equational	ACCEPT_SUPPLIED_DISJOINT	inspected supplied rule; its syntax/guards are disjoint from every submitted-program execution term	rule GenExp(ELT:Expr, Gs:CompFors)   => Call(closureExpr(.ParamNames, compBody(Gs, ELT)), .Exprs)
0219	/tmp/audit-work/candidate/reference-semantics/semantics/comprehension.k:14	syntax	macro	ACCEPT_SUPPLIED_DISJOINT	inspected supplied rule; its syntax/guards are disjoint from every submitted-program execution term	syntax Stmts ::= compBody(CompFors, Expr) [macro]
0220	/tmp/audit-work/candidate/reference-semantics/semantics/comprehension.k:15	rule	equational	ACCEPT_SUPPLIED_DISJOINT	inspected supplied rule; its syntax/guards are disjoint from every submitted-program execution term	rule compBody(Gs:CompFors, ELT:Expr)
0221	/tmp/audit-work/candidate/reference-semantics/semantics/comprehension.k:18	syntax	macro	ACCEPT_SUPPLIED_DISJOINT	inspected supplied rule; its syntax/guards are disjoint from every submitted-program execution term	syntax Stmt ::= compNest(CompFors, Expr) [macro-rec]
0222	/tmp/audit-work/candidate/reference-semantics/semantics/comprehension.k:19	rule	equational	ACCEPT_SUPPLIED_DISJOINT	inspected supplied rule; its syntax/guards are disjoint from every submitted-program execution term	rule compNest(.CompFors, ELT:Expr)
0223	/tmp/audit-work/candidate/reference-semantics/semantics/comprehension.k:21	rule	equational	ACCEPT_SUPPLIED_DISJOINT	inspected supplied rule; its syntax/guards are disjoint from every submitted-program execution term	rule compNest((CompFor(T:Expr, ITER:Expr, Fs:Exprs) GRest:CompFors), ELT:Expr)
0224	/tmp/audit-work/candidate/reference-semantics/semantics/comprehension.k:24	syntax	macro	ACCEPT_SUPPLIED_DISJOINT	inspected supplied rule; its syntax/guards are disjoint from every submitted-program execution term	syntax Expr ::= compGuard(Exprs) [macro]
0225	/tmp/audit-work/candidate/reference-semantics/semantics/comprehension.k:25	rule	equational	ACCEPT_SUPPLIED_DISJOINT	inspected supplied rule; its syntax/guards are disjoint from every submitted-program execution term	rule compGuard(.Exprs)             => Bool(true)
0226	/tmp/audit-work/candidate/reference-semantics/semantics/comprehension.k:26	rule	equational	ACCEPT_SUPPLIED_DISJOINT	inspected supplied rule; its syntax/guards are disjoint from every submitted-program execution term	rule compGuard((F:Expr, Fs:Exprs)) => BoolOp("and", (F, Fs))
0227	/tmp/audit-work/candidate/reference-semantics/semantics/concrete.k:13	rule	operational	ACCEPT_SUPPLIED_RUNTIME_ONLY	trusted supplied rule; excluded from both Haskell proof definitions	rule <k> Compare(list(A:ValSeq), CmpOp("==", list(B:ValSeq))) => deepEqVS(A, B, HP) ... </k>
0228	/tmp/audit-work/candidate/reference-semantics/semantics/concrete.k:16	rule	operational	ACCEPT_SUPPLIED_RUNTIME_ONLY	trusted supplied rule; excluded from both Haskell proof definitions	rule <k> Compare(list(A:ValSeq), CmpOp("!=", list(B:ValSeq))) => notBool deepEqVS(A, B, HP) ... </k>
0229	/tmp/audit-work/candidate/reference-semantics/semantics/concrete.k:25	syntax	-	ACCEPT_SUPPLIED_RUNTIME_ONLY	trusted supplied rule; excluded from both Haskell proof definitions	syntax Val ::= kvP(Val, Val)
0230	/tmp/audit-work/candidate/reference-semantics/semantics/concrete.k:26	syntax	-	ACCEPT_SUPPLIED_RUNTIME_ONLY	trusted supplied rule; excluded from both Haskell proof definitions	syntax KItem ::= #ksort(ValSeq, Val, ValSeq, Bool)
0231	/tmp/audit-work/candidate/reference-semantics/semantics/concrete.k:28	rule	priority,operational	ACCEPT_SUPPLIED_RUNTIME_ONLY	trusted supplied rule; excluded from both Haskell proof definitions	rule <k> #applyK(toCall(builtinV("sorted")), (list(VS:ValSeq), kwV("key", KV:Val), .Vals))
0232	/tmp/audit-work/candidate/reference-semantics/semantics/concrete.k:31	rule	priority,operational	ACCEPT_SUPPLIED_RUNTIME_ONLY	trusted supplied rule; excluded from both Haskell proof definitions	rule <k> #applyK(toCall(builtinV("sorted")), (list(VS:ValSeq), kwV("key", KV:Val), kwV("reverse", RB:Bool), .Vals))
0233	/tmp/audit-work/candidate/reference-semantics/semantics/concrete.k:34	rule	operational	ACCEPT_SUPPLIED_RUNTIME_ONLY	trusted supplied rule; excluded from both Haskell proof definitions	rule <k> #ksort(.ValSeq, _:Val, ACC:ValSeq, RB:Bool)
0234	/tmp/audit-work/candidate/reference-semantics/semantics/concrete.k:36	rule	operational	ACCEPT_SUPPLIED_RUNTIME_ONLY	trusted supplied rule; excluded from both Haskell proof definitions	rule <k> #ksort(vCons(V:Val, R:ValSeq), KV:Val, ACC:ValSeq, RB:Bool)
0235	/tmp/audit-work/candidate/reference-semantics/semantics/concrete.k:38	rule	operational	ACCEPT_SUPPLIED_RUNTIME_ONLY	trusted supplied rule; excluded from both Haskell proof definitions	rule <k> K:Val ~> #ksIns(V:Val, R:ValSeq, KV:Val, ACC:ValSeq, RB:Bool)
0236	/tmp/audit-work/candidate/reference-semantics/semantics/concrete.k:42	syntax	function	ACCEPT_SUPPLIED_RUNTIME_ONLY	trusted supplied rule; excluded from both Haskell proof definitions	syntax ValSeq ::= insPair(ValSeq, Val, Val) [function]
0237	/tmp/audit-work/candidate/reference-semantics/semantics/concrete.k:43	rule	equational	ACCEPT_SUPPLIED_RUNTIME_ONLY	trusted supplied rule; excluded from both Haskell proof definitions	rule insPair(.ValSeq, K:Val, V:Val) => vCons(kvP(K, V), .ValSeq)
0238	/tmp/audit-work/candidate/reference-semantics/semantics/concrete.k:44	rule	equational	ACCEPT_SUPPLIED_RUNTIME_ONLY	trusted supplied rule; excluded from both Haskell proof definitions	rule insPair(vCons(kvP(K2:Val, V2:Val), R:ValSeq), K:Val, V:Val)
0239	/tmp/audit-work/candidate/reference-semantics/semantics/concrete.k:47	rule	equational	ACCEPT_SUPPLIED_RUNTIME_ONLY	trusted supplied rule; excluded from both Haskell proof definitions	rule insPair(vCons(kvP(K2:Val, V2:Val), R:ValSeq), K:Val, V:Val)
0240	/tmp/audit-work/candidate/reference-semantics/semantics/concrete.k:51	syntax	function	ACCEPT_SUPPLIED_RUNTIME_ONLY	trusted supplied rule; excluded from both Haskell proof definitions	syntax Bool ::= kLt(Val, Val) [function]
0241	/tmp/audit-work/candidate/reference-semantics/semantics/concrete.k:52	rule	equational	ACCEPT_SUPPLIED_RUNTIME_ONLY	trusted supplied rule; excluded from both Haskell proof definitions	rule kLt(I1:Int, I2:Int)             => I1 <Int I2
0242	/tmp/audit-work/candidate/reference-semantics/semantics/concrete.k:53	rule	equational	ACCEPT_SUPPLIED_RUNTIME_ONLY	trusted supplied rule; excluded from both Haskell proof definitions	rule kLt(F1:Float, F2:Float)         => F1 <Float F2
0243	/tmp/audit-work/candidate/reference-semantics/semantics/concrete.k:54	rule	equational	ACCEPT_SUPPLIED_RUNTIME_ONLY	trusted supplied rule; excluded from both Haskell proof definitions	rule kLt(str(A:IntSeq), str(B:IntSeq)) => strLt(A, B)
0244	/tmp/audit-work/candidate/reference-semantics/semantics/concrete.k:56	syntax	function,total	ACCEPT_SUPPLIED_RUNTIME_ONLY	trusted supplied rule; excluded from both Haskell proof definitions	syntax ValSeq ::= unpairVS(ValSeq) [function, total]
0245	/tmp/audit-work/candidate/reference-semantics/semantics/concrete.k:57	rule	equational	ACCEPT_SUPPLIED_RUNTIME_ONLY	trusted supplied rule; excluded from both Haskell proof definitions	rule unpairVS(.ValSeq) => .ValSeq
0246	/tmp/audit-work/candidate/reference-semantics/semantics/concrete.k:58	rule	equational	ACCEPT_SUPPLIED_RUNTIME_ONLY	trusted supplied rule; excluded from both Haskell proof definitions	rule unpairVS(vCons(kvP(_:Val, V:Val), R:ValSeq)) => vCons(V, unpairVS(R))
0247	/tmp/audit-work/candidate/reference-semantics/semantics/concrete.k:59	rule	equational	ACCEPT_SUPPLIED_RUNTIME_ONLY	trusted supplied rule; excluded from both Haskell proof definitions	rule unpairVS(vCons(V:Val, R:ValSeq)) => vCons(V, unpairVS(R)) [owise]
0248	/tmp/audit-work/candidate/reference-semantics/semantics/controls.k:9	rule	operational	ACCEPT_SUPPLIED_RELEVANT	inspected supplied rule; patterns, evaluation order, and state effects match the used construct	rule <k> Assign(Name(X:String), V:Val) => .K ... </k>
0249	/tmp/audit-work/candidate/reference-semantics/semantics/controls.k:12	rule	priority,operational	ACCEPT_SUPPLIED_RELEVANT	inspected supplied rule; patterns, evaluation order, and state effects match the used construct	rule <k> Assign(Name(X:String), V:Val) => #cellW({M[X]}:>Val, V) ... </k>
0250	/tmp/audit-work/candidate/reference-semantics/semantics/controls.k:20	rule	operational	ACCEPT_SUPPLIED_RELEVANT	inspected supplied rule; patterns, evaluation order, and state effects match the used construct	rule <k> AugAssign(Name(X:String), OP:String, V:Val) => .K ... </k>
0251	/tmp/audit-work/candidate/reference-semantics/semantics/controls.k:27	rule	priority,operational	ACCEPT_SUPPLIED_RELEVANT	inspected supplied rule; patterns, evaluation order, and state effects match the used construct	rule <k> AugAssign(Name(X:String), OP:String, V:Val) => Assign(Name(X), BinOp(OP, Name(X), V)) ... </k>
0252	/tmp/audit-work/candidate/reference-semantics/semantics/controls.k:35	rule	operational	ACCEPT_SUPPLIED_RELEVANT	inspected supplied rule; patterns, evaluation order, and state effects match the used construct	rule <k> ImportFrom("math", NS:ParamNames) => #bindImports(NS) ... </k>
0253	/tmp/audit-work/candidate/reference-semantics/semantics/controls.k:36	rule	operational	ACCEPT_SUPPLIED_RELEVANT	inspected supplied rule; patterns, evaluation order, and state effects match the used construct	rule <k> ImportFrom(_:String, _:ParamNames) => .K ... </k> [owise]
0254	/tmp/audit-work/candidate/reference-semantics/semantics/controls.k:37	syntax	-	ACCEPT_SUPPLIED_RELEVANT	inspected supplied rule; patterns, evaluation order, and state effects match the used construct	syntax KItem ::= #bindImports(ParamNames)
0255	/tmp/audit-work/candidate/reference-semantics/semantics/controls.k:38	rule	operational	ACCEPT_SUPPLIED_RELEVANT	inspected supplied rule; patterns, evaluation order, and state effects match the used construct	rule <k> #bindImports(.ParamNames) => .K ... </k>
0256	/tmp/audit-work/candidate/reference-semantics/semantics/controls.k:39	rule	operational	ACCEPT_SUPPLIED_RELEVANT	inspected supplied rule; patterns, evaluation order, and state effects match the used construct	rule <k> #bindImports((N:String, NS:ParamNames)) => #bindImports(NS) ... </k>
0257	/tmp/audit-work/candidate/reference-semantics/semantics/controls.k:43	rule	operational	ACCEPT_SUPPLIED_RELEVANT	inspected supplied rule; patterns, evaluation order, and state effects match the used construct	rule <k> #bindImports((N:String, NS:ParamNames)) => #bindImports(NS) ... </k>
0258	/tmp/audit-work/candidate/reference-semantics/semantics/controls.k:48	rule	operational	ACCEPT_SUPPLIED_RELEVANT	inspected supplied rule; patterns, evaluation order, and state effects match the used construct	rule <k> Expr(_:Val) => .K ... </k>
0259	/tmp/audit-work/candidate/reference-semantics/semantics/controls.k:51	syntax	-	ACCEPT_SUPPLIED_RELEVANT	inspected supplied rule; patterns, evaluation order, and state effects match the used construct	syntax KItem ::= #branch(Bool, Stmts, Stmts)
0260	/tmp/audit-work/candidate/reference-semantics/semantics/controls.k:52	rule	operational	ACCEPT_SUPPLIED_RELEVANT	inspected supplied rule; patterns, evaluation order, and state effects match the used construct	rule <k> If(C:Val, T:Stmts, E:Stmts) => #branch(truthy(C), T, E) ... </k>
0261	/tmp/audit-work/candidate/reference-semantics/semantics/controls.k:53	rule	operational	ACCEPT_SUPPLIED_RELEVANT	inspected supplied rule; patterns, evaluation order, and state effects match the used construct	rule <k> #branch(true,  T:Stmts, _:Stmts) => T ... </k>
0262	/tmp/audit-work/candidate/reference-semantics/semantics/controls.k:54	rule	operational	ACCEPT_SUPPLIED_RELEVANT	inspected supplied rule; patterns, evaluation order, and state effects match the used construct	rule <k> #branch(false, _:Stmts, E:Stmts) => E ... </k>
0263	/tmp/audit-work/candidate/reference-semantics/semantics/controls.k:57	rule	operational	ACCEPT_SUPPLIED_RELEVANT	inspected supplied rule; patterns, evaluation order, and state effects match the used construct	rule <k> IfExp(V:Val, T:Expr, _:Expr) => T ... </k>
0264	/tmp/audit-work/candidate/reference-semantics/semantics/controls.k:59	rule	operational	ACCEPT_SUPPLIED_RELEVANT	inspected supplied rule; patterns, evaluation order, and state effects match the used construct	rule <k> IfExp(V:Val, _:Expr, E:Expr) => E ... </k>
0265	/tmp/audit-work/candidate/reference-semantics/semantics/controls.k:65	syntax	-	ACCEPT_SUPPLIED_RELEVANT	inspected supplied rule; patterns, evaluation order, and state effects match the used construct	syntax KItem ::= #loop(Val, Expr, Stmts) | #loopStep(Expr, Stmts)
0266	/tmp/audit-work/candidate/reference-semantics/semantics/controls.k:69	rule	operational	ACCEPT_SUPPLIED_RELEVANT	inspected supplied rule; patterns, evaluation order, and state effects match the used construct	rule <k> For(T:Expr, OBJ:Val, B:Stmts) => #loop(OBJ, T, B) ... </k>
0267	/tmp/audit-work/candidate/reference-semantics/semantics/controls.k:71	rule	operational	ACCEPT_SUPPLIED_RELEVANT	inspected supplied rule; patterns, evaluation order, and state effects match the used construct	rule <k> #loop(IT:Iterable, T:Expr, B:Stmts) => #iterNext(IT) ~> #loopStep(T, B) ... </k>
0268	/tmp/audit-work/candidate/reference-semantics/semantics/controls.k:72	rule	operational	ACCEPT_SUPPLIED_RELEVANT	inspected supplied rule; patterns, evaluation order, and state effects match the used construct	rule <k> #iterDone ~> #loopStep(_:Expr, _:Stmts) => .K ... </k>
0269	/tmp/audit-work/candidate/reference-semantics/semantics/controls.k:73	rule	operational	ACCEPT_SUPPLIED_RELEVANT	inspected supplied rule; patterns, evaluation order, and state effects match the used construct	rule <k> #iterYield(V:Val, REST:Iterable) ~> #loopStep(T:Expr, B:Stmts)
0270	/tmp/audit-work/candidate/reference-semantics/semantics/controls.k:77	rule	operational	ACCEPT_SUPPLIED_RELEVANT	inspected supplied rule; patterns, evaluation order, and state effects match the used construct	rule <k> While(C:Expr, B:Stmts) => #while(C, B) ... </k>
0271	/tmp/audit-work/candidate/reference-semantics/semantics/controls.k:78	rule	operational	ACCEPT_SUPPLIED_RELEVANT	inspected supplied rule; patterns, evaluation order, and state effects match the used construct	rule <k> #while(C:Expr, B:Stmts) => C ~> #whileCond(C, B) ... </k>
0272	/tmp/audit-work/candidate/reference-semantics/semantics/controls.k:79	rule	operational	ACCEPT_SUPPLIED_RELEVANT	inspected supplied rule; patterns, evaluation order, and state effects match the used construct	rule <k> V:Val ~> #whileCond(C:Expr, B:Stmts) => B ~> #loopLbl(#while(C, B)) ... </k>
0273	/tmp/audit-work/candidate/reference-semantics/semantics/controls.k:81	rule	operational	ACCEPT_SUPPLIED_RELEVANT	inspected supplied rule; patterns, evaluation order, and state effects match the used construct	rule <k> V:Val ~> #whileCond(_C:Expr, _B:Stmts) => .K ... </k>
0274	/tmp/audit-work/candidate/reference-semantics/semantics/controls.k:85	rule	operational	ACCEPT_SUPPLIED_RELEVANT	inspected supplied rule; patterns, evaluation order, and state effects match the used construct	rule <k> #loopLbl(NEXT:K) => NEXT ... </k>
0275	/tmp/audit-work/candidate/reference-semantics/semantics/controls.k:86	rule	operational	ACCEPT_SUPPLIED_RELEVANT	inspected supplied rule; patterns, evaluation order, and state effects match the used construct	rule <k> Continue => #cont ... </k>
0276	/tmp/audit-work/candidate/reference-semantics/semantics/controls.k:87	rule	operational	ACCEPT_SUPPLIED_RELEVANT	inspected supplied rule; patterns, evaluation order, and state effects match the used construct	rule <k> Break => #brk ... </k>
0277	/tmp/audit-work/candidate/reference-semantics/semantics/controls.k:88	rule	operational	ACCEPT_SUPPLIED_RELEVANT	inspected supplied rule; patterns, evaluation order, and state effects match the used construct	rule <k> #cont ~> #loopLbl(NEXT:K) => NEXT ... </k>
0278	/tmp/audit-work/candidate/reference-semantics/semantics/controls.k:89	rule	operational	ACCEPT_SUPPLIED_RELEVANT	inspected supplied rule; patterns, evaluation order, and state effects match the used construct	rule <k> #cont ~> (_:KItem => .K) ... </k> [owise]
0279	/tmp/audit-work/candidate/reference-semantics/semantics/controls.k:90	rule	operational	ACCEPT_SUPPLIED_RELEVANT	inspected supplied rule; patterns, evaluation order, and state effects match the used construct	rule <k> #brk ~> #loopLbl(_:K) => .K ... </k>
0280	/tmp/audit-work/candidate/reference-semantics/semantics/controls.k:91	rule	operational	ACCEPT_SUPPLIED_RELEVANT	inspected supplied rule; patterns, evaluation order, and state effects match the used construct	rule <k> #brk ~> (_:KItem => .K) ... </k> [owise]
0281	/tmp/audit-work/candidate/reference-semantics/semantics/controls.k:95	rule	priority,operational	ACCEPT_SUPPLIED_RELEVANT	inspected supplied rule; patterns, evaluation order, and state effects match the used construct	rule <k> If(ref(H:Int), T:Stmts, E:Stmts) => If(V, T, E) ... </k>
0282	/tmp/audit-work/candidate/reference-semantics/semantics/controls.k:98	rule	priority,operational	ACCEPT_SUPPLIED_RELEVANT	inspected supplied rule; patterns, evaluation order, and state effects match the used construct	rule <k> IfExp(ref(H:Int), T:Expr, E:Expr) => IfExp(V, T, E) ... </k>
0283	/tmp/audit-work/candidate/reference-semantics/semantics/controls.k:101	rule	priority,operational	ACCEPT_SUPPLIED_RELEVANT	inspected supplied rule; patterns, evaluation order, and state effects match the used construct	rule <k> ref(H:Int) ~> #whileCond(C:Expr, B:Stmts) => V ~> #whileCond(C, B) ... </k>
0284	/tmp/audit-work/candidate/reference-semantics/semantics/controls.k:106	rule	priority,operational	ACCEPT_SUPPLIED_RELEVANT	inspected supplied rule; patterns, evaluation order, and state effects match the used construct	rule <k> For(T:Expr, ref(H:Int), B:Stmts) => For(T, V, B) ... </k>
0285	/tmp/audit-work/candidate/reference-semantics/semantics/core.k:13	syntax	-	ACCEPT_SUPPLIED_RELEVANT	inspected supplied rule; patterns, evaluation order, and state effects match the used construct	syntax IntSeq ::= ".IntSeq" | iCons(Int, IntSeq)
0286	/tmp/audit-work/candidate/reference-semantics/semantics/core.k:14	syntax	-	ACCEPT_SUPPLIED_RELEVANT	inspected supplied rule; patterns, evaluation order, and state effects match the used construct	syntax ValSeq ::= ".ValSeq" | vCons(Val, ValSeq)
0287	/tmp/audit-work/candidate/reference-semantics/semantics/core.k:15	syntax	-	ACCEPT_SUPPLIED_RELEVANT	inspected supplied rule; patterns, evaluation order, and state effects match the used construct	syntax Str    ::= str(IntSeq)
0288	/tmp/audit-work/candidate/reference-semantics/semantics/core.k:18	syntax	-	ACCEPT_SUPPLIED_RELEVANT	inspected supplied rule; patterns, evaluation order, and state effects match the used construct	syntax Iterable ::= list(ValSeq)
0289	/tmp/audit-work/candidate/reference-semantics/semantics/core.k:25	syntax	function	ACCEPT_SUPPLIED_RELEVANT	inspected supplied rule; patterns, evaluation order, and state effects match the used construct	syntax Val      ::= Int
0290	/tmp/audit-work/candidate/reference-semantics/semantics/core.k:36	syntax	-	ACCEPT_SUPPLIED_RELEVANT	inspected supplied rule; patterns, evaluation order, and state effects match the used construct	syntax Parent   ::= "root" | parent(Int)
0291	/tmp/audit-work/candidate/reference-semantics/semantics/core.k:37	syntax	-	ACCEPT_SUPPLIED_RELEVANT	inspected supplied rule; patterns, evaluation order, and state effects match the used construct	syntax Scope    ::= scope(Map, Parent)
0292	/tmp/audit-work/candidate/reference-semantics/semantics/core.k:38	syntax	-	ACCEPT_SUPPLIED_RELEVANT	inspected supplied rule; patterns, evaluation order, and state effects match the used construct	syntax KResult  ::= Val
0293	/tmp/audit-work/candidate/reference-semantics/semantics/core.k:39	syntax	-	ACCEPT_SUPPLIED_RELEVANT	inspected supplied rule; patterns, evaluation order, and state effects match the used construct	syntax Expr     ::= Val   // cooling puts results back into expression holes
0294	/tmp/audit-work/candidate/reference-semantics/semantics/core.k:40	syntax	-	ACCEPT_SUPPLIED_RELEVANT	inspected supplied rule; patterns, evaluation order, and state effects match the used construct	syntax Vals     ::= List{Val, ","}
0295	/tmp/audit-work/candidate/reference-semantics/semantics/core.k:41	syntax	-	ACCEPT_SUPPLIED_RELEVANT	inspected supplied rule; patterns, evaluation order, and state effects match the used construct	syntax Exc      ::= "NoExc" | "AssertionError"
0296	/tmp/audit-work/candidate/reference-semantics/semantics/core.k:42	syntax	-	ACCEPT_SUPPLIED_RELEVANT	inspected supplied rule; patterns, evaluation order, and state effects match the used construct	syntax RetState ::= "noRet" | retV(Val)
0297	/tmp/audit-work/candidate/reference-semantics/semantics/core.k:49	configuration	-	ACCEPT_SUPPLIED_RELEVANT	inspected supplied rule; patterns, evaluation order, and state effects match the used construct	configuration
0298	/tmp/audit-work/candidate/reference-semantics/semantics/core.k:68	syntax	function,total	ACCEPT_SUPPLIED_RELEVANT	inspected supplied rule; patterns, evaluation order, and state effects match the used construct	syntax Bool ::= isRefV(Val) [function, total]
0299	/tmp/audit-work/candidate/reference-semantics/semantics/core.k:69	rule	equational	ACCEPT_SUPPLIED_RELEVANT	inspected supplied rule; patterns, evaluation order, and state effects match the used construct	rule isRefV(ref(_:Int)) => true
0300	/tmp/audit-work/candidate/reference-semantics/semantics/core.k:70	rule	equational	ACCEPT_SUPPLIED_RELEVANT	inspected supplied rule; patterns, evaluation order, and state effects match the used construct	rule isRefV(_:Val)      => false [owise]
0301	/tmp/audit-work/candidate/reference-semantics/semantics/core.k:75	syntax	-	ACCEPT_SUPPLIED_RELEVANT	inspected supplied rule; patterns, evaluation order, and state effects match the used construct	syntax HeapVal ::= cellV(Val)
0302	/tmp/audit-work/candidate/reference-semantics/semantics/core.k:76	syntax	function,total	ACCEPT_SUPPLIED_RELEVANT	inspected supplied rule; patterns, evaluation order, and state effects match the used construct	syntax Bool ::= isCellRef(Val) [function, total]
0303	/tmp/audit-work/candidate/reference-semantics/semantics/core.k:77	rule	equational	ACCEPT_SUPPLIED_RELEVANT	inspected supplied rule; patterns, evaluation order, and state effects match the used construct	rule isCellRef(cellRef(_:Int)) => true
0304	/tmp/audit-work/candidate/reference-semantics/semantics/core.k:78	rule	equational	ACCEPT_SUPPLIED_RELEVANT	inspected supplied rule; patterns, evaluation order, and state effects match the used construct	rule isCellRef(_:Val)          => false [owise]
0305	/tmp/audit-work/candidate/reference-semantics/semantics/core.k:85	rule	priority,operational	ACCEPT_SUPPLIED_RELEVANT	inspected supplied rule; patterns, evaluation order, and state effects match the used construct	rule <k> cellRef(H:Int) => V ... </k>
0306	/tmp/audit-work/candidate/reference-semantics/semantics/core.k:95	syntax	-	ACCEPT_SUPPLIED_RELEVANT	inspected supplied rule; patterns, evaluation order, and state effects match the used construct	syntax Val ::= kwV(String, Val)
0307	/tmp/audit-work/candidate/reference-semantics/semantics/core.k:96	syntax	-	ACCEPT_SUPPLIED_RELEVANT	inspected supplied rule; patterns, evaluation order, and state effects match the used construct	syntax KItem ::= #kwTag(String)
0308	/tmp/audit-work/candidate/reference-semantics/semantics/core.k:97	rule	operational	ACCEPT_SUPPLIED_RELEVANT	inspected supplied rule; patterns, evaluation order, and state effects match the used construct	rule <k> KwArg(N:String, E:Expr) => E ~> #kwTag(N) ... </k>
0309	/tmp/audit-work/candidate/reference-semantics/semantics/core.k:98	rule	operational	ACCEPT_SUPPLIED_RELEVANT	inspected supplied rule; patterns, evaluation order, and state effects match the used construct	rule <k> V:Val ~> #kwTag(N:String) => kwV(N, V) ... </k>
0310	/tmp/audit-work/candidate/reference-semantics/semantics/core.k:100	syntax	function,total	ACCEPT_SUPPLIED_RELEVANT	inspected supplied rule; patterns, evaluation order, and state effects match the used construct	syntax Bool ::= isKwV(Val) [function, total]
0311	/tmp/audit-work/candidate/reference-semantics/semantics/core.k:101	rule	equational	ACCEPT_SUPPLIED_RELEVANT	inspected supplied rule; patterns, evaluation order, and state effects match the used construct	rule isKwV(kwV(_:String, _:Val)) => true
0312	/tmp/audit-work/candidate/reference-semantics/semantics/core.k:102	rule	equational	ACCEPT_SUPPLIED_RELEVANT	inspected supplied rule; patterns, evaluation order, and state effects match the used construct	rule isKwV(_:Val)                => false [owise]
0313	/tmp/audit-work/candidate/reference-semantics/semantics/core.k:106	syntax	-	ACCEPT_SUPPLIED_RELEVANT	inspected supplied rule; patterns, evaluation order, and state effects match the used construct	syntax Val ::= cellsMark(ParamNames)
0314	/tmp/audit-work/candidate/reference-semantics/semantics/core.k:107	syntax	function	ACCEPT_SUPPLIED_RELEVANT	inspected supplied rule; patterns, evaluation order, and state effects match the used construct	syntax ParamNames ::= cellsOf(Val) [function]
0315	/tmp/audit-work/candidate/reference-semantics/semantics/core.k:108	rule	equational	ACCEPT_SUPPLIED_RELEVANT	inspected supplied rule; patterns, evaluation order, and state effects match the used construct	rule cellsOf(cellsMark(CVS:ParamNames)) => CVS
0316	/tmp/audit-work/candidate/reference-semantics/semantics/core.k:109	syntax	function,total	ACCEPT_SUPPLIED_RELEVANT	inspected supplied rule; patterns, evaluation order, and state effects match the used construct	syntax Bool ::= pnMember(String, ParamNames) [function, total]
0317	/tmp/audit-work/candidate/reference-semantics/semantics/core.k:110	rule	equational	ACCEPT_SUPPLIED_RELEVANT	inspected supplied rule; patterns, evaluation order, and state effects match the used construct	rule pnMember(_:String, .ParamNames) => false
0318	/tmp/audit-work/candidate/reference-semantics/semantics/core.k:111	rule	equational	ACCEPT_SUPPLIED_RELEVANT	inspected supplied rule; patterns, evaluation order, and state effects match the used construct	rule pnMember(X:String, (P:String, R:ParamNames)) => X ==String P orBool pnMember(X, R)
0319	/tmp/audit-work/candidate/reference-semantics/semantics/core.k:113	syntax	-	ACCEPT_SUPPLIED_RELEVANT	inspected supplied rule; patterns, evaluation order, and state effects match the used construct	syntax KItem ::= #cellW(Val, Val)
0320	/tmp/audit-work/candidate/reference-semantics/semantics/core.k:114	rule	operational	ACCEPT_SUPPLIED_RELEVANT	inspected supplied rule; patterns, evaluation order, and state effects match the used construct	rule <k> #cellW(cellRef(H:Int), V:Val) => .K ... </k>
0321	/tmp/audit-work/candidate/reference-semantics/semantics/core.k:117	syntax	-	ACCEPT_SUPPLIED_RELEVANT	inspected supplied rule; patterns, evaluation order, and state effects match the used construct	syntax KItem ::= #alloc(Val)
0322	/tmp/audit-work/candidate/reference-semantics/semantics/core.k:118	rule	operational	ACCEPT_SUPPLIED_RELEVANT	inspected supplied rule; patterns, evaluation order, and state effects match the used construct	rule <k> #alloc(V:Val) => ref(N) ... </k>
0323	/tmp/audit-work/candidate/reference-semantics/semantics/core.k:124	syntax	-	ACCEPT_SUPPLIED_RELEVANT	inspected supplied rule; patterns, evaluation order, and state effects match the used construct	syntax KItem ::= #loadAll(Module)
0324	/tmp/audit-work/candidate/reference-semantics/semantics/core.k:125	rule	operational	ACCEPT_SUPPLIED_RELEVANT	inspected supplied rule; patterns, evaluation order, and state effects match the used construct	rule <k> #loadAll(Module(SS:Stmts)) => SS ... </k>
0325	/tmp/audit-work/candidate/reference-semantics/semantics/core.k:126	rule	operational	ACCEPT_SUPPLIED_RELEVANT	inspected supplied rule; patterns, evaluation order, and state effects match the used construct	rule <k> (S:Stmt SS:Stmts):Stmts => S ~> SS ... </k>
0326	/tmp/audit-work/candidate/reference-semantics/semantics/core.k:127	rule	operational	ACCEPT_SUPPLIED_RELEVANT	inspected supplied rule; patterns, evaluation order, and state effects match the used construct	rule <k> .Stmts => .K ... </k>
0327	/tmp/audit-work/candidate/reference-semantics/semantics/core.k:130	syntax	-	ACCEPT_SUPPLIED_RELEVANT	inspected supplied rule; patterns, evaluation order, and state effects match the used construct	syntax KItem ::= #look(String, Int)
0328	/tmp/audit-work/candidate/reference-semantics/semantics/core.k:131	rule	operational	ACCEPT_SUPPLIED_RELEVANT	inspected supplied rule; patterns, evaluation order, and state effects match the used construct	rule <k> Name(X:String) => #look(X, L) ... </k> <env> L:Int </env>
0329	/tmp/audit-work/candidate/reference-semantics/semantics/core.k:132	rule	operational	ACCEPT_SUPPLIED_RELEVANT	inspected supplied rule; patterns, evaluation order, and state effects match the used construct	rule <k> #look(X:String, L:Int) => {M[X]}:>Val ... </k>
0330	/tmp/audit-work/candidate/reference-semantics/semantics/core.k:145	rule	priority,operational	ACCEPT_SUPPLIED_RELEVANT	inspected supplied rule; patterns, evaluation order, and state effects match the used construct	rule <k> #look(X:String, L:Int) => V ... </k>
0331	/tmp/audit-work/candidate/reference-semantics/semantics/core.k:152	rule	operational	ACCEPT_SUPPLIED_RELEVANT	inspected supplied rule; patterns, evaluation order, and state effects match the used construct	rule <k> #look(X:String, L:Int) => #look(X, P) ... </k>
0332	/tmp/audit-work/candidate/reference-semantics/semantics/core.k:157	syntax	function,total	ACCEPT_SUPPLIED_RELEVANT	inspected supplied rule; patterns, evaluation order, and state effects match the used construct	syntax Scope ::= "builtinsScope" [function, total]
0333	/tmp/audit-work/candidate/reference-semantics/semantics/core.k:158	rule	equational	ACCEPT_SUPPLIED_RELEVANT	inspected supplied rule; patterns, evaluation order, and state effects match the used construct	rule builtinsScope
0334	/tmp/audit-work/candidate/reference-semantics/semantics/core.k:185	syntax	-	ACCEPT_SUPPLIED_RELEVANT	inspected supplied rule; patterns, evaluation order, and state effects match the used construct	syntax ApplyK ::= toCall(Val)
0335	/tmp/audit-work/candidate/reference-semantics/semantics/core.k:186	syntax	-	ACCEPT_SUPPLIED_RELEVANT	inspected supplied rule; patterns, evaluation order, and state effects match the used construct	syntax KItem  ::= #evalArgs(Exprs, Vals, ApplyK)
0336	/tmp/audit-work/candidate/reference-semantics/semantics/core.k:189	rule	operational	ACCEPT_SUPPLIED_RELEVANT	inspected supplied rule; patterns, evaluation order, and state effects match the used construct	rule <k> #evalArgs((A:Expr, REST:Exprs), ACC:Vals, K:ApplyK) => A ~> #evalArgCont(REST, ACC, K) ... </k>
0337	/tmp/audit-work/candidate/reference-semantics/semantics/core.k:190	rule	operational	ACCEPT_SUPPLIED_RELEVANT	inspected supplied rule; patterns, evaluation order, and state effects match the used construct	rule <k> V:Val ~> #evalArgCont(REST:Exprs, ACC:Vals, K:ApplyK) => #evalArgs(REST, appendVal(ACC, V), K) ... </k>
0338	/tmp/audit-work/candidate/reference-semantics/semantics/core.k:191	rule	operational	ACCEPT_SUPPLIED_RELEVANT	inspected supplied rule; patterns, evaluation order, and state effects match the used construct	rule <k> #evalArgs(.Exprs, ACC:Vals, K:ApplyK) => #applyK(K, ACC) ... </k>
0339	/tmp/audit-work/candidate/reference-semantics/semantics/core.k:194	rule	operational	ACCEPT_SUPPLIED_RELEVANT	inspected supplied rule; patterns, evaluation order, and state effects match the used construct	rule <k> Int(I:Int)   => I ... </k>
0340	/tmp/audit-work/candidate/reference-semantics/semantics/core.k:195	rule	operational	ACCEPT_SUPPLIED_RELEVANT	inspected supplied rule; patterns, evaluation order, and state effects match the used construct	rule <k> Bool(B:Bool) => B ... </k>
0341	/tmp/audit-work/candidate/reference-semantics/semantics/core.k:196	rule	operational	ACCEPT_SUPPLIED_RELEVANT	inspected supplied rule; patterns, evaluation order, and state effects match the used construct	rule <k> NoneVal      => noneV ... </k>
0342	/tmp/audit-work/candidate/reference-semantics/semantics/core.k:199	syntax	function	ACCEPT_SUPPLIED_RELEVANT	inspected supplied rule; patterns, evaluation order, and state effects match the used construct	syntax Bool ::= truthy(Val) [function]
0343	/tmp/audit-work/candidate/reference-semantics/semantics/core.k:200	rule	equational	ACCEPT_SUPPLIED_RELEVANT	inspected supplied rule; patterns, evaluation order, and state effects match the used construct	rule truthy(B:Bool)          => B
0344	/tmp/audit-work/candidate/reference-semantics/semantics/core.k:201	rule	equational	ACCEPT_SUPPLIED_RELEVANT	inspected supplied rule; patterns, evaluation order, and state effects match the used construct	rule truthy(noneV)           => false
0345	/tmp/audit-work/candidate/reference-semantics/semantics/core.k:202	rule	equational	ACCEPT_SUPPLIED_RELEVANT	inspected supplied rule; patterns, evaluation order, and state effects match the used construct	rule truthy(I:Int)           => I =/=Int 0
0346	/tmp/audit-work/candidate/reference-semantics/semantics/core.k:203	rule	equational	ACCEPT_SUPPLIED_RELEVANT	inspected supplied rule; patterns, evaluation order, and state effects match the used construct	rule truthy(str(S:IntSeq))   => notBool (S ==K .IntSeq)
0347	/tmp/audit-work/candidate/reference-semantics/semantics/core.k:204	rule	equational	ACCEPT_SUPPLIED_RELEVANT	inspected supplied rule; patterns, evaluation order, and state effects match the used construct	rule truthy(list(V:ValSeq))  => notBool (V ==K .ValSeq)
0348	/tmp/audit-work/candidate/reference-semantics/semantics/core.k:205	rule	equational	ACCEPT_SUPPLIED_RELEVANT	inspected supplied rule; patterns, evaluation order, and state effects match the used construct	rule truthy(tuple(V:ValSeq)) => notBool (V ==K .ValSeq)
0349	/tmp/audit-work/candidate/reference-semantics/semantics/core.k:208	syntax	function	ACCEPT_SUPPLIED_RELEVANT	inspected supplied rule; patterns, evaluation order, and state effects match the used construct	syntax Val  ::= applyUn(String, Val) [function]
0350	/tmp/audit-work/candidate/reference-semantics/semantics/core.k:209	syntax	function	ACCEPT_SUPPLIED_RELEVANT	inspected supplied rule; patterns, evaluation order, and state effects match the used construct	syntax Val  ::= applyBin(String, Val, Val) [function]
0351	/tmp/audit-work/candidate/reference-semantics/semantics/core.k:210	syntax	function	ACCEPT_SUPPLIED_RELEVANT	inspected supplied rule; patterns, evaluation order, and state effects match the used construct	syntax Bool ::= applyCmp(String, Val, Val) [function]
0352	/tmp/audit-work/candidate/reference-semantics/semantics/core.k:213	syntax	function,total	ACCEPT_SUPPLIED_RELEVANT	inspected supplied rule; patterns, evaluation order, and state effects match the used construct	syntax Vals ::= appendVal(Vals, Val) [function, total]
0353	/tmp/audit-work/candidate/reference-semantics/semantics/core.k:214	rule	equational	ACCEPT_SUPPLIED_RELEVANT	inspected supplied rule; patterns, evaluation order, and state effects match the used construct	rule appendVal(.Vals, V:Val)              => V , .Vals
0354	/tmp/audit-work/candidate/reference-semantics/semantics/core.k:215	rule	equational	ACCEPT_SUPPLIED_RELEVANT	inspected supplied rule; patterns, evaluation order, and state effects match the used construct	rule appendVal((V0:Val, VS:Vals), V:Val)  => V0 , appendVal(VS, V)
0355	/tmp/audit-work/candidate/reference-semantics/semantics/core.k:217	syntax	function,total	ACCEPT_SUPPLIED_RELEVANT	inspected supplied rule; patterns, evaluation order, and state effects match the used construct	syntax ValSeq ::= vals2valSeq(Vals) [function, total]
0356	/tmp/audit-work/candidate/reference-semantics/semantics/core.k:218	rule	equational	ACCEPT_SUPPLIED_RELEVANT	inspected supplied rule; patterns, evaluation order, and state effects match the used construct	rule vals2valSeq(.Vals)            => .ValSeq
0357	/tmp/audit-work/candidate/reference-semantics/semantics/core.k:219	rule	equational	ACCEPT_SUPPLIED_RELEVANT	inspected supplied rule; patterns, evaluation order, and state effects match the used construct	rule vals2valSeq((V:Val, VS:Vals)) => vCons(V, vals2valSeq(VS))
0358	/tmp/audit-work/candidate/reference-semantics/semantics/core.k:223	syntax	function,total	ACCEPT_SUPPLIED_RELEVANT	inspected supplied rule; patterns, evaluation order, and state effects match the used construct	syntax Int ::= vsLen(ValSeq) [function, total]
0359	/tmp/audit-work/candidate/reference-semantics/semantics/core.k:224	rule	equational	ACCEPT_SUPPLIED_RELEVANT	inspected supplied rule; patterns, evaluation order, and state effects match the used construct	rule vsLen(.ValSeq)                => 0
0360	/tmp/audit-work/candidate/reference-semantics/semantics/core.k:225	rule	equational	ACCEPT_SUPPLIED_RELEVANT	inspected supplied rule; patterns, evaluation order, and state effects match the used construct	rule vsLen(vCons(_:Val, S:ValSeq)) => 1 +Int vsLen(S)
0361	/tmp/audit-work/candidate/reference-semantics/semantics/core.k:227	syntax	function,total	ACCEPT_SUPPLIED_RELEVANT	inspected supplied rule; patterns, evaluation order, and state effects match the used construct	syntax Int ::= isLen(IntSeq) [function, total]
0362	/tmp/audit-work/candidate/reference-semantics/semantics/core.k:228	rule	equational	ACCEPT_SUPPLIED_RELEVANT	inspected supplied rule; patterns, evaluation order, and state effects match the used construct	rule isLen(.IntSeq)                => 0
0363	/tmp/audit-work/candidate/reference-semantics/semantics/core.k:229	rule	equational	ACCEPT_SUPPLIED_RELEVANT	inspected supplied rule; patterns, evaluation order, and state effects match the used construct	rule isLen(iCons(_:Int, S:IntSeq)) => 1 +Int isLen(S)
0364	/tmp/audit-work/candidate/reference-semantics/semantics/core.k:233	syntax	function,total	ACCEPT_SUPPLIED_RELEVANT	inspected supplied rule; patterns, evaluation order, and state effects match the used construct	syntax ValSeq ::= setVSAt(ValSeq, Int, Val) [function, total]
0365	/tmp/audit-work/candidate/reference-semantics/semantics/core.k:234	rule	equational	ACCEPT_SUPPLIED_RELEVANT	inspected supplied rule; patterns, evaluation order, and state effects match the used construct	rule setVSAt(.ValSeq, _:Int, _:Val)               => .ValSeq
0366	/tmp/audit-work/candidate/reference-semantics/semantics/core.k:235	rule	equational	ACCEPT_SUPPLIED_RELEVANT	inspected supplied rule; patterns, evaluation order, and state effects match the used construct	rule setVSAt(vCons(_:Val, S:ValSeq), 0, V:Val)    => vCons(V, S)
0367	/tmp/audit-work/candidate/reference-semantics/semantics/core.k:236	rule	equational	ACCEPT_SUPPLIED_RELEVANT	inspected supplied rule; patterns, evaluation order, and state effects match the used construct	rule setVSAt(vCons(W:Val, S:ValSeq), I:Int, V:Val) => vCons(W, setVSAt(S, I -Int 1, V))
0368	/tmp/audit-work/candidate/reference-semantics/semantics/core.k:238	rule	equational	ACCEPT_SUPPLIED_RELEVANT	inspected supplied rule; patterns, evaluation order, and state effects match the used construct	rule setVSAt(VS:ValSeq, I:Int, _:Val)             => VS
0369	/tmp/audit-work/candidate/reference-semantics/semantics/dict.k:20	syntax	-	ACCEPT_SUPPLIED_DISJOINT	inspected supplied rule; its syntax/guards are disjoint from every submitted-program execution term	syntax Val ::= dictV(ValSeq, ValSeq)
0370	/tmp/audit-work/candidate/reference-semantics/semantics/dict.k:23	syntax	-	ACCEPT_SUPPLIED_DISJOINT	inspected supplied rule; its syntax/guards are disjoint from every submitted-program execution term	syntax KItem ::= #dictAcc(Entries, ValSeq, ValSeq)
0371	/tmp/audit-work/candidate/reference-semantics/semantics/dict.k:26	rule	operational	ACCEPT_SUPPLIED_DISJOINT	inspected supplied rule; its syntax/guards are disjoint from every submitted-program execution term	rule <k> DictExpr(ES:Entries) => #dictAcc(ES, .ValSeq, .ValSeq) ... </k>
0372	/tmp/audit-work/candidate/reference-semantics/semantics/dict.k:27	rule	operational	ACCEPT_SUPPLIED_DISJOINT	inspected supplied rule; its syntax/guards are disjoint from every submitted-program execution term	rule <k> #dictAcc(.Entries, KS:ValSeq, VS:ValSeq) => dictV(KS, VS) ... </k>
0373	/tmp/audit-work/candidate/reference-semantics/semantics/dict.k:28	rule	operational	ACCEPT_SUPPLIED_DISJOINT	inspected supplied rule; its syntax/guards are disjoint from every submitted-program execution term	rule <k> #dictAcc((Entry(K:Expr, V:Expr), REST:Entries), KS:ValSeq, VS:ValSeq)
0374	/tmp/audit-work/candidate/reference-semantics/semantics/dict.k:30	rule	operational	ACCEPT_SUPPLIED_DISJOINT	inspected supplied rule; its syntax/guards are disjoint from every submitted-program execution term	rule <k> KV:Val ~> #dictKey(V:Expr, REST:Entries, KS:ValSeq, VS:ValSeq)
0375	/tmp/audit-work/candidate/reference-semantics/semantics/dict.k:32	rule	operational	ACCEPT_SUPPLIED_DISJOINT	inspected supplied rule; its syntax/guards are disjoint from every submitted-program execution term	rule <k> VV:Val ~> #dictVal(KV:Val, REST:Entries, KS:ValSeq, VS:ValSeq)
0376	/tmp/audit-work/candidate/reference-semantics/semantics/dict.k:37	syntax	function,total	ACCEPT_SUPPLIED_DISJOINT	inspected supplied rule; its syntax/guards are disjoint from every submitted-program execution term	syntax Bool ::= dHasKey(ValSeq, Val) [function, total]
0377	/tmp/audit-work/candidate/reference-semantics/semantics/dict.k:38	rule	equational	ACCEPT_SUPPLIED_DISJOINT	inspected supplied rule; its syntax/guards are disjoint from every submitted-program execution term	rule dHasKey(.ValSeq, _:Val)                => false
0378	/tmp/audit-work/candidate/reference-semantics/semantics/dict.k:39	rule	equational	ACCEPT_SUPPLIED_DISJOINT	inspected supplied rule; its syntax/guards are disjoint from every submitted-program execution term	rule dHasKey(vCons(A:Val, _:ValSeq), K:Val) => true          requires A ==K K
0379	/tmp/audit-work/candidate/reference-semantics/semantics/dict.k:40	rule	equational	ACCEPT_SUPPLIED_DISJOINT	inspected supplied rule; its syntax/guards are disjoint from every submitted-program execution term	rule dHasKey(vCons(A:Val, R:ValSeq), K:Val) => dHasKey(R, K) requires notBool (A ==K K)
0380	/tmp/audit-work/candidate/reference-semantics/semantics/dict.k:43	syntax	function,total	ACCEPT_SUPPLIED_DISJOINT	inspected supplied rule; its syntax/guards are disjoint from every submitted-program execution term	syntax ValSeq ::= dPutK(ValSeq, Val) [function, total]
0381	/tmp/audit-work/candidate/reference-semantics/semantics/dict.k:44	rule	equational	ACCEPT_SUPPLIED_DISJOINT	inspected supplied rule; its syntax/guards are disjoint from every submitted-program execution term	rule dPutK(KS:ValSeq, K:Val) => KS                                  requires dHasKey(KS, K)
0382	/tmp/audit-work/candidate/reference-semantics/semantics/dict.k:45	rule	equational	ACCEPT_SUPPLIED_DISJOINT	inspected supplied rule; its syntax/guards are disjoint from every submitted-program execution term	rule dPutK(KS:ValSeq, K:Val) => valSeqConcat(KS, vCons(K, .ValSeq)) requires notBool dHasKey(KS, K)
0383	/tmp/audit-work/candidate/reference-semantics/semantics/dict.k:49	syntax	function,total	ACCEPT_SUPPLIED_DISJOINT	inspected supplied rule; its syntax/guards are disjoint from every submitted-program execution term	syntax ValSeq ::= dPutV(ValSeq, ValSeq, Val, Val) [function, total]
0384	/tmp/audit-work/candidate/reference-semantics/semantics/dict.k:50	rule	equational	ACCEPT_SUPPLIED_DISJOINT	inspected supplied rule; its syntax/guards are disjoint from every submitted-program execution term	rule dPutV(vCons(A:Val, _:ValSeq), vCons(_:Val, VR:ValSeq), K:Val, V:Val)  => vCons(V, VR)
0385	/tmp/audit-work/candidate/reference-semantics/semantics/dict.k:52	rule	equational	ACCEPT_SUPPLIED_DISJOINT	inspected supplied rule; its syntax/guards are disjoint from every submitted-program execution term	rule dPutV(vCons(A:Val, KR:ValSeq), vCons(B:Val, VR:ValSeq), K:Val, V:Val) => vCons(B, dPutV(KR, VR, K, V))
0386	/tmp/audit-work/candidate/reference-semantics/semantics/dict.k:54	rule	equational	ACCEPT_SUPPLIED_DISJOINT	inspected supplied rule; its syntax/guards are disjoint from every submitted-program execution term	rule dPutV(_KS:ValSeq, VS:ValSeq, _K:Val, V:Val) => valSeqConcat(VS, vCons(V, .ValSeq)) [owise]
0387	/tmp/audit-work/candidate/reference-semantics/semantics/dict.k:58	rule	priority,operational	ACCEPT_SUPPLIED_DISJOINT	inspected supplied rule; its syntax/guards are disjoint from every submitted-program execution term	rule <k> #applyK(toCall(boundMethodV(dictV(KS:ValSeq, _:ValSeq), "keys")), .Vals)
0388	/tmp/audit-work/candidate/reference-semantics/semantics/dict.k:63	rule	equational	ACCEPT_SUPPLIED_DISJOINT	inspected supplied rule; its syntax/guards are disjoint from every submitted-program execution term	rule applyIndexD(dictV(KS:ValSeq, VS:ValSeq), K:Val) => dGet(KS, VS, K)
0389	/tmp/audit-work/candidate/reference-semantics/semantics/dict.k:64	syntax	function	ACCEPT_SUPPLIED_DISJOINT	inspected supplied rule; its syntax/guards are disjoint from every submitted-program execution term	syntax Val ::= applyIndexD(Val, Val) [function]
0390	/tmp/audit-work/candidate/reference-semantics/semantics/dict.k:65	rule	priority,operational	ACCEPT_SUPPLIED_DISJOINT	inspected supplied rule; its syntax/guards are disjoint from every submitted-program execution term	rule <k> Subscript(dictV(KS:ValSeq, VS:ValSeq), K:Val) => applyIndexD(dictV(KS, VS), K) ... </k>
0391	/tmp/audit-work/candidate/reference-semantics/semantics/dict.k:70	syntax	function	ACCEPT_SUPPLIED_DISJOINT	inspected supplied rule; its syntax/guards are disjoint from every submitted-program execution term	syntax Val ::= dictSet(Val, Val, Val) [function]
0392	/tmp/audit-work/candidate/reference-semantics/semantics/dict.k:71	rule	equational	ACCEPT_SUPPLIED_DISJOINT	inspected supplied rule; its syntax/guards are disjoint from every submitted-program execution term	rule dictSet(dictV(KS:ValSeq, VS:ValSeq), K:Val, V:Val) => dictV(dPutK(KS, K), dPutV(KS, VS, K, V))
0393	/tmp/audit-work/candidate/reference-semantics/semantics/dict.k:76	syntax	-	ACCEPT_SUPPLIED_DISJOINT	inspected supplied rule; its syntax/guards are disjoint from every submitted-program execution term	syntax KItem ::= #dsetK(String, Val)
0394	/tmp/audit-work/candidate/reference-semantics/semantics/dict.k:77	rule	operational	ACCEPT_SUPPLIED_DISJOINT	inspected supplied rule; its syntax/guards are disjoint from every submitted-program execution term	rule <k> Assign(Subscript(Name(X:String), K:Expr), VV:Val) => K ~> #dsetK(X, VV) ... </k>
0395	/tmp/audit-work/candidate/reference-semantics/semantics/dict.k:78	rule	operational	ACCEPT_SUPPLIED_DISJOINT	inspected supplied rule; its syntax/guards are disjoint from every submitted-program execution term	rule <k> KV:Val ~> #dsetK(X:String, VV:Val) => .K ... </k>
0396	/tmp/audit-work/candidate/reference-semantics/semantics/dict.k:82	rule	operational	ACCEPT_SUPPLIED_DISJOINT	inspected supplied rule; its syntax/guards are disjoint from every submitted-program execution term	rule <k> KV:Val ~> #dsetK(X:String, VV:Val) => #dsetV({M[X]}:>Val, KV, VV) ... </k>
0397	/tmp/audit-work/candidate/reference-semantics/semantics/dict.k:86	syntax	-	ACCEPT_SUPPLIED_DISJOINT	inspected supplied rule; its syntax/guards are disjoint from every submitted-program execution term	syntax KItem ::= #dsetV(Val, Val, Val)
0398	/tmp/audit-work/candidate/reference-semantics/semantics/dict.k:87	rule	operational	ACCEPT_SUPPLIED_DISJOINT	inspected supplied rule; its syntax/guards are disjoint from every submitted-program execution term	rule <k> #dsetV(ref(H:Int), I:Int, VV:Val) => .K ... </k>
0399	/tmp/audit-work/candidate/reference-semantics/semantics/dict.k:90	syntax	function,total	ACCEPT_SUPPLIED_DISJOINT	inspected supplied rule; its syntax/guards are disjoint from every submitted-program execution term	syntax Int ::= normIdxD(Int, Int) [function, total]
0400	/tmp/audit-work/candidate/reference-semantics/semantics/dict.k:91	rule	equational	ACCEPT_SUPPLIED_DISJOINT	inspected supplied rule; its syntax/guards are disjoint from every submitted-program execution term	rule normIdxD(I:Int, LEN:Int) => I +Int LEN requires I  <Int 0
0401	/tmp/audit-work/candidate/reference-semantics/semantics/dict.k:92	rule	equational	ACCEPT_SUPPLIED_DISJOINT	inspected supplied rule; its syntax/guards are disjoint from every submitted-program execution term	rule normIdxD(I:Int, _:Int)   => I          requires I >=Int 0
0402	/tmp/audit-work/candidate/reference-semantics/semantics/dict.k:95	rule	equational	ACCEPT_SUPPLIED_DISJOINT	inspected supplied rule; its syntax/guards are disjoint from every submitted-program execution term	rule applyCmp("==", dictV(KS1:ValSeq, VS1:ValSeq), dictV(KS2:ValSeq, VS2:ValSeq))
0403	/tmp/audit-work/candidate/reference-semantics/semantics/dict.k:97	syntax	function	ACCEPT_SUPPLIED_DISJOINT	inspected supplied rule; its syntax/guards are disjoint from every submitted-program execution term	syntax Bool ::= dSubset(ValSeq, ValSeq, ValSeq, ValSeq) [function]
0404	/tmp/audit-work/candidate/reference-semantics/semantics/dict.k:98	rule	equational	ACCEPT_SUPPLIED_DISJOINT	inspected supplied rule; its syntax/guards are disjoint from every submitted-program execution term	rule dSubset(.ValSeq, .ValSeq, _:ValSeq, _:ValSeq) => true
0405	/tmp/audit-work/candidate/reference-semantics/semantics/dict.k:99	rule	equational	ACCEPT_SUPPLIED_DISJOINT	inspected supplied rule; its syntax/guards are disjoint from every submitted-program execution term	rule dSubset(vCons(K:Val, KR:ValSeq), vCons(V:Val, VR:ValSeq), KS2:ValSeq, VS2:ValSeq)
0406	/tmp/audit-work/candidate/reference-semantics/semantics/dict.k:101	syntax	function	ACCEPT_SUPPLIED_DISJOINT	inspected supplied rule; its syntax/guards are disjoint from every submitted-program execution term	syntax Val ::= dGet(ValSeq, ValSeq, Val) [function]
0407	/tmp/audit-work/candidate/reference-semantics/semantics/dict.k:102	rule	equational	ACCEPT_SUPPLIED_DISJOINT	inspected supplied rule; its syntax/guards are disjoint from every submitted-program execution term	rule dGet(vCons(A:Val, _:ValSeq), vCons(B:Val, _:ValSeq), K:Val) => B                requires A ==K K
0408	/tmp/audit-work/candidate/reference-semantics/semantics/dict.k:103	rule	equational	ACCEPT_SUPPLIED_DISJOINT	inspected supplied rule; its syntax/guards are disjoint from every submitted-program execution term	rule dGet(vCons(A:Val, KR:ValSeq), vCons(_:Val, VR:ValSeq), K:Val) => dGet(KR, VR, K) requires notBool (A ==K K)
0409	/tmp/audit-work/candidate/reference-semantics/semantics/float.k:20	syntax	-	ACCEPT_SUPPLIED_DISJOINT	inspected supplied rule; its syntax/guards are disjoint from every submitted-program execution term	syntax Val ::= Float
0410	/tmp/audit-work/candidate/reference-semantics/semantics/float.k:21	rule	operational	ACCEPT_SUPPLIED_DISJOINT	inspected supplied rule; its syntax/guards are disjoint from every submitted-program execution term	rule <k> Float(F:Float) => F ... </k>
0411	/tmp/audit-work/candidate/reference-semantics/semantics/float.k:24	syntax	function,total,symbol,no-evaluators	ACCEPT_SUPPLIED_OPAQUE_INERT	trusted supplied primitive; no such symbol is reachable in this integer-list program	syntax Float ::= intFloatDiv(Int, Float) [function, total, symbol(intFloatDiv), no-evaluators]
0412	/tmp/audit-work/candidate/reference-semantics/semantics/float.k:25	rule	concrete,equational	ACCEPT_SUPPLIED_DISJOINT	inspected supplied rule; its syntax/guards are disjoint from every submitted-program execution term	rule intFloatDiv(I:Int, F:Float) => Int2Float(I, 53, 11) /Float F [concrete]
0413	/tmp/audit-work/candidate/reference-semantics/semantics/float.k:27	rule	equational	ACCEPT_SUPPLIED_DISJOINT	inspected supplied rule; its syntax/guards are disjoint from every submitted-program execution term	rule applyBin("/", I:Int, F:Float) => intFloatDiv(I, F)
0414	/tmp/audit-work/candidate/reference-semantics/semantics/float.k:30	syntax	function,total,symbol,no-evaluators	ACCEPT_SUPPLIED_OPAQUE_INERT	trusted supplied primitive; no such symbol is reachable in this integer-list program	syntax Float ::= divII(Int, Int) [function, total, symbol(divII), no-evaluators]
0415	/tmp/audit-work/candidate/reference-semantics/semantics/float.k:31	rule	concrete,equational	ACCEPT_SUPPLIED_DISJOINT	inspected supplied rule; its syntax/guards are disjoint from every submitted-program execution term	rule divII(I1:Int, I2:Int) => Int2Float(I1, 53, 11) /Float Int2Float(I2, 53, 11) [concrete]
0416	/tmp/audit-work/candidate/reference-semantics/semantics/float.k:32	rule	equational	ACCEPT_SUPPLIED_DISJOINT	inspected supplied rule; its syntax/guards are disjoint from every submitted-program execution term	rule applyBin("/", I1:Int, I2:Int) => divII(I1, I2)
0417	/tmp/audit-work/candidate/reference-semantics/semantics/float.k:37	syntax	function,total,symbol,no-evaluators	ACCEPT_SUPPLIED_OPAQUE_INERT	trusted supplied primitive; no such symbol is reachable in this integer-list program	syntax Float ::= floatMod(Float, Float) [function, total, symbol(floatMod), no-evaluators]
0418	/tmp/audit-work/candidate/reference-semantics/semantics/float.k:38	rule	concrete,equational	ACCEPT_SUPPLIED_DISJOINT	inspected supplied rule; its syntax/guards are disjoint from every submitted-program execution term	rule floatMod(F1:Float, F2:Float) => F1 -Float (floorFloat(F1 /Float F2) *Float F2) [concrete]
0419	/tmp/audit-work/candidate/reference-semantics/semantics/float.k:39	rule	equational	ACCEPT_SUPPLIED_DISJOINT	inspected supplied rule; its syntax/guards are disjoint from every submitted-program execution term	rule applyBin("%", F1:Float, F2:Float) => floatMod(F1, F2)
0420	/tmp/audit-work/candidate/reference-semantics/semantics/float.k:43	rule	equational	ACCEPT_SUPPLIED_DISJOINT	inspected supplied rule; its syntax/guards are disjoint from every submitted-program execution term	rule applyCmp("==", F1:Float, F2:Float) => F1 ==Float F2
0421	/tmp/audit-work/candidate/reference-semantics/semantics/float.k:44	rule	equational	ACCEPT_SUPPLIED_DISJOINT	inspected supplied rule; its syntax/guards are disjoint from every submitted-program execution term	rule applyCmp("!=", F1:Float, F2:Float) => notBool (F1 ==Float F2)
0422	/tmp/audit-work/candidate/reference-semantics/semantics/float.k:50	syntax	function,total,symbol,no-evaluators	ACCEPT_SUPPLIED_OPAQUE_INERT	trusted supplied primitive; no such symbol is reachable in this integer-list program	syntax Bool ::= floatLt(Float, Float) [function, total, symbol(floatLt), no-evaluators]
0423	/tmp/audit-work/candidate/reference-semantics/semantics/float.k:51	rule	concrete,equational	ACCEPT_SUPPLIED_DISJOINT	inspected supplied rule; its syntax/guards are disjoint from every submitted-program execution term	rule floatLt(F1:Float, F2:Float) => F1 <Float F2 [concrete]
0424	/tmp/audit-work/candidate/reference-semantics/semantics/float.k:52	rule	equational	ACCEPT_SUPPLIED_DISJOINT	inspected supplied rule; its syntax/guards are disjoint from every submitted-program execution term	rule applyCmp("<", F1:Float, F2:Float) => floatLt(F1, F2)
0425	/tmp/audit-work/candidate/reference-semantics/semantics/float.k:54	syntax	function,total,symbol,no-evaluators	ACCEPT_SUPPLIED_OPAQUE_INERT	trusted supplied primitive; no such symbol is reachable in this integer-list program	syntax Float ::= absF(Float) [function, total, symbol(absF), no-evaluators]
0426	/tmp/audit-work/candidate/reference-semantics/semantics/float.k:55	rule	concrete,equational	ACCEPT_SUPPLIED_DISJOINT	inspected supplied rule; its syntax/guards are disjoint from every submitted-program execution term	rule absF(F:Float) => absFloat(F) [concrete]
0427	/tmp/audit-work/candidate/reference-semantics/semantics/float.k:56	rule	equational	ACCEPT_SUPPLIED_DISJOINT	inspected supplied rule; its syntax/guards are disjoint from every submitted-program execution term	rule applyBuiltin("abs", F:Float, .Vals) => absF(F)
0428	/tmp/audit-work/candidate/reference-semantics/semantics/float.k:61	rule	operational	ACCEPT_SUPPLIED_DISJOINT	inspected supplied rule; its syntax/guards are disjoint from every submitted-program execution term	rule <k> Import(_:String) => .K ... </k>
0429	/tmp/audit-work/candidate/reference-semantics/semantics/float.k:65	syntax	-	ACCEPT_SUPPLIED_DISJOINT	inspected supplied rule; its syntax/guards are disjoint from every submitted-program execution term	syntax KItem ::= "#mathCeil"
0430	/tmp/audit-work/candidate/reference-semantics/semantics/float.k:66	rule	priority,operational	ACCEPT_SUPPLIED_DISJOINT	inspected supplied rule; its syntax/guards are disjoint from every submitted-program execution term	rule <k> Call(Attribute(Name("math"), "ceil"), (E:Expr, .Exprs)) => E ~> #mathCeil ... </k> [priority(40)]
0431	/tmp/audit-work/candidate/reference-semantics/semantics/float.k:67	rule	operational	ACCEPT_SUPPLIED_DISJOINT	inspected supplied rule; its syntax/guards are disjoint from every submitted-program execution term	rule <k> V:Val ~> #mathCeil => ceilF(V) ... </k>
0432	/tmp/audit-work/candidate/reference-semantics/semantics/float.k:70	syntax	-	ACCEPT_SUPPLIED_DISJOINT	inspected supplied rule; its syntax/guards are disjoint from every submitted-program execution term	syntax KItem ::= "#mathFloor"
0433	/tmp/audit-work/candidate/reference-semantics/semantics/float.k:71	rule	priority,operational	ACCEPT_SUPPLIED_DISJOINT	inspected supplied rule; its syntax/guards are disjoint from every submitted-program execution term	rule <k> Call(Attribute(Name("math"), "floor"), (E:Expr, .Exprs)) => E ~> #mathFloor ... </k> [priority(40)]
0434	/tmp/audit-work/candidate/reference-semantics/semantics/float.k:72	rule	operational	ACCEPT_SUPPLIED_DISJOINT	inspected supplied rule; its syntax/guards are disjoint from every submitted-program execution term	rule <k> V:Val ~> #mathFloor => floorFI(V) ... </k>
0435	/tmp/audit-work/candidate/reference-semantics/semantics/float.k:73	syntax	function,total,symbol	ACCEPT_SUPPLIED_OPAQUE_INERT	trusted supplied primitive; no such symbol is reachable in this integer-list program	syntax Int ::= floorFI(Val) [function, total, symbol(floorFI)]
0436	/tmp/audit-work/candidate/reference-semantics/semantics/float.k:74	rule	concrete,equational	ACCEPT_SUPPLIED_DISJOINT	inspected supplied rule; its syntax/guards are disjoint from every submitted-program execution term	rule floorFI(I:Int)   => I                        [concrete]
0437	/tmp/audit-work/candidate/reference-semantics/semantics/float.k:75	rule	concrete,equational	ACCEPT_SUPPLIED_DISJOINT	inspected supplied rule; its syntax/guards are disjoint from every submitted-program execution term	rule floorFI(F:Float) => Float2Int(floorFloat(F)) [concrete]
0438	/tmp/audit-work/candidate/reference-semantics/semantics/float.k:78	rule	equational	ACCEPT_SUPPLIED_DISJOINT	inspected supplied rule; its syntax/guards are disjoint from every submitted-program execution term	rule applyBuiltin("floor", V:Val, .Vals) => floorFI(V)
0439	/tmp/audit-work/candidate/reference-semantics/semantics/float.k:79	rule	equational	ACCEPT_SUPPLIED_DISJOINT	inspected supplied rule; its syntax/guards are disjoint from every submitted-program execution term	rule applyBuiltin("ceil",  V:Val, .Vals) => ceilF(V)
0440	/tmp/audit-work/candidate/reference-semantics/semantics/float.k:82	syntax	-	ACCEPT_SUPPLIED_DISJOINT	inspected supplied rule; its syntax/guards are disjoint from every submitted-program execution term	syntax KItem ::= #mathPow1(Expr) | #mathPow2(Val)
0441	/tmp/audit-work/candidate/reference-semantics/semantics/float.k:83	rule	priority,operational	ACCEPT_SUPPLIED_DISJOINT	inspected supplied rule; its syntax/guards are disjoint from every submitted-program execution term	rule <k> Call(Attribute(Name("math"), "pow"), (E1:Expr, E2:Expr, .Exprs)) => E1 ~> #mathPow1(E2) ... </k> [priority(40)]
0442	/tmp/audit-work/candidate/reference-semantics/semantics/float.k:84	rule	operational	ACCEPT_SUPPLIED_DISJOINT	inspected supplied rule; its syntax/guards are disjoint from every submitted-program execution term	rule <k> V1:Val ~> #mathPow1(E2:Expr) => E2 ~> #mathPow2(V1) ... </k>
0443	/tmp/audit-work/candidate/reference-semantics/semantics/float.k:85	rule	operational	ACCEPT_SUPPLIED_DISJOINT	inspected supplied rule; its syntax/guards are disjoint from every submitted-program execution term	rule <k> V2:Val ~> #mathPow2(V1:Val) => powF(toF(V1), toF(V2)) ... </k>
0444	/tmp/audit-work/candidate/reference-semantics/semantics/float.k:86	syntax	function,total,symbol	ACCEPT_SUPPLIED_OPAQUE_INERT	trusted supplied primitive; no such symbol is reachable in this integer-list program	syntax Float ::= toF(Val) [function, total, symbol(toF)]
0445	/tmp/audit-work/candidate/reference-semantics/semantics/float.k:87	rule	concrete,equational	ACCEPT_SUPPLIED_DISJOINT	inspected supplied rule; its syntax/guards are disjoint from every submitted-program execution term	rule toF(F:Float) => F        [concrete]
0446	/tmp/audit-work/candidate/reference-semantics/semantics/float.k:88	rule	concrete,equational	ACCEPT_SUPPLIED_DISJOINT	inspected supplied rule; its syntax/guards are disjoint from every submitted-program execution term	rule toF(I:Int)   => intToF(I) [concrete]
0447	/tmp/audit-work/candidate/reference-semantics/semantics/float.k:93	syntax	function,total,symbol	ACCEPT_SUPPLIED_OPAQUE_INERT	trusted supplied primitive; no such symbol is reachable in this integer-list program	syntax Int ::= ceilF(Val) [function, total, symbol(ceilF)]
0448	/tmp/audit-work/candidate/reference-semantics/semantics/float.k:94	rule	concrete,equational	ACCEPT_SUPPLIED_DISJOINT	inspected supplied rule; its syntax/guards are disjoint from every submitted-program execution term	rule ceilF(I:Int)   => I                       [concrete]
0449	/tmp/audit-work/candidate/reference-semantics/semantics/float.k:95	rule	concrete,equational	ACCEPT_SUPPLIED_DISJOINT	inspected supplied rule; its syntax/guards are disjoint from every submitted-program execution term	rule ceilF(F:Float) => Float2Int(ceilFloat(F)) [concrete]
0450	/tmp/audit-work/candidate/reference-semantics/semantics/float.k:99	rule	equational	ACCEPT_SUPPLIED_DISJOINT	inspected supplied rule; its syntax/guards are disjoint from every submitted-program execution term	rule applyUn("-", F:Float) => 0.0 -Float F
0451	/tmp/audit-work/candidate/reference-semantics/semantics/float.k:103	syntax	function,total,symbol,no-evaluators	ACCEPT_SUPPLIED_OPAQUE_INERT	trusted supplied primitive; no such symbol is reachable in this integer-list program	syntax Float ::= subF(Float, Float) [function, total, symbol(subF), no-evaluators]
0452	/tmp/audit-work/candidate/reference-semantics/semantics/float.k:104	rule	concrete,equational	ACCEPT_SUPPLIED_DISJOINT	inspected supplied rule; its syntax/guards are disjoint from every submitted-program execution term	rule subF(F1:Float, F2:Float) => F1 -Float F2 [concrete]
0453	/tmp/audit-work/candidate/reference-semantics/semantics/float.k:105	rule	equational	ACCEPT_SUPPLIED_DISJOINT	inspected supplied rule; its syntax/guards are disjoint from every submitted-program execution term	rule applyBin("-", F1:Float, F2:Float) => subF(F1, F2)
0454	/tmp/audit-work/candidate/reference-semantics/semantics/float.k:107	syntax	function,total,symbol,no-evaluators	ACCEPT_SUPPLIED_OPAQUE_INERT	trusted supplied primitive; no such symbol is reachable in this integer-list program	syntax Float ::= divF(Float, Float) [function, total, symbol(divF), no-evaluators]
0455	/tmp/audit-work/candidate/reference-semantics/semantics/float.k:108	rule	concrete,equational	ACCEPT_SUPPLIED_DISJOINT	inspected supplied rule; its syntax/guards are disjoint from every submitted-program execution term	rule divF(F1:Float, F2:Float) => F1 /Float F2 [concrete]
0456	/tmp/audit-work/candidate/reference-semantics/semantics/float.k:109	rule	equational	ACCEPT_SUPPLIED_DISJOINT	inspected supplied rule; its syntax/guards are disjoint from every submitted-program execution term	rule applyBin("/", F1:Float, F2:Float) => divF(F1, F2)
0457	/tmp/audit-work/candidate/reference-semantics/semantics/float.k:111	syntax	function,total,symbol,no-evaluators	ACCEPT_SUPPLIED_OPAQUE_INERT	trusted supplied primitive; no such symbol is reachable in this integer-list program	syntax Float ::= addF(Float, Float) [function, total, symbol(addF), no-evaluators]
0458	/tmp/audit-work/candidate/reference-semantics/semantics/float.k:112	rule	concrete,equational	ACCEPT_SUPPLIED_DISJOINT	inspected supplied rule; its syntax/guards are disjoint from every submitted-program execution term	rule addF(F1:Float, F2:Float) => F1 +Float F2 [concrete]
0459	/tmp/audit-work/candidate/reference-semantics/semantics/float.k:113	rule	equational	ACCEPT_SUPPLIED_DISJOINT	inspected supplied rule; its syntax/guards are disjoint from every submitted-program execution term	rule applyBin("+", F1:Float, F2:Float) => addF(F1, F2)
0460	/tmp/audit-work/candidate/reference-semantics/semantics/float.k:115	syntax	function,total,symbol,no-evaluators	ACCEPT_SUPPLIED_OPAQUE_INERT	trusted supplied primitive; no such symbol is reachable in this integer-list program	syntax Float ::= mulF(Float, Float) [function, total, symbol(mulF), no-evaluators]
0461	/tmp/audit-work/candidate/reference-semantics/semantics/float.k:116	rule	concrete,equational	ACCEPT_SUPPLIED_DISJOINT	inspected supplied rule; its syntax/guards are disjoint from every submitted-program execution term	rule mulF(F1:Float, F2:Float) => F1 *Float F2 [concrete]
0462	/tmp/audit-work/candidate/reference-semantics/semantics/float.k:117	rule	equational	ACCEPT_SUPPLIED_DISJOINT	inspected supplied rule; its syntax/guards are disjoint from every submitted-program execution term	rule applyBin("*", F1:Float, F2:Float) => mulF(F1, F2)
0463	/tmp/audit-work/candidate/reference-semantics/semantics/float.k:119	syntax	function,total,symbol,no-evaluators	ACCEPT_SUPPLIED_OPAQUE_INERT	trusted supplied primitive; no such symbol is reachable in this integer-list program	syntax Float ::= powF(Float, Float) [function, total, symbol(powF), no-evaluators]
0464	/tmp/audit-work/candidate/reference-semantics/semantics/float.k:120	rule	concrete,equational	ACCEPT_SUPPLIED_DISJOINT	inspected supplied rule; its syntax/guards are disjoint from every submitted-program execution term	rule powF(F1:Float, F2:Float) => F1 ^Float F2 [concrete]
0465	/tmp/audit-work/candidate/reference-semantics/semantics/float.k:121	rule	equational	ACCEPT_SUPPLIED_DISJOINT	inspected supplied rule; its syntax/guards are disjoint from every submitted-program execution term	rule applyBin("**", F1:Float, F2:Float) => powF(F1, F2)
0466	/tmp/audit-work/candidate/reference-semantics/semantics/float.k:125	syntax	function,total,symbol,no-evaluators	ACCEPT_SUPPLIED_OPAQUE_INERT	trusted supplied primitive; no such symbol is reachable in this integer-list program	syntax Bool ::= gtF(Float, Float) [function, total, symbol(gtF), no-evaluators]
0467	/tmp/audit-work/candidate/reference-semantics/semantics/float.k:126	rule	concrete,equational	ACCEPT_SUPPLIED_DISJOINT	inspected supplied rule; its syntax/guards are disjoint from every submitted-program execution term	rule gtF(F1:Float, F2:Float) => F1 >Float F2 [concrete]
0468	/tmp/audit-work/candidate/reference-semantics/semantics/float.k:127	rule	equational	ACCEPT_SUPPLIED_DISJOINT	inspected supplied rule; its syntax/guards are disjoint from every submitted-program execution term	rule applyCmp(">",  F1:Float, F2:Float) => gtF(F1, F2)
0469	/tmp/audit-work/candidate/reference-semantics/semantics/float.k:128	rule	equational	ACCEPT_SUPPLIED_DISJOINT	inspected supplied rule; its syntax/guards are disjoint from every submitted-program execution term	rule applyCmp(">=", F1:Float, F2:Float) => notBool floatLt(F1, F2)
0470	/tmp/audit-work/candidate/reference-semantics/semantics/float.k:129	rule	equational	ACCEPT_SUPPLIED_DISJOINT	inspected supplied rule; its syntax/guards are disjoint from every submitted-program execution term	rule applyCmp("<=", F1:Float, F2:Float) => notBool gtF(F1, F2)
0471	/tmp/audit-work/candidate/reference-semantics/semantics/float.k:132	rule	equational	ACCEPT_SUPPLIED_DISJOINT	inspected supplied rule; its syntax/guards are disjoint from every submitted-program execution term	rule applyBin("**", I:Int, F:Float) => powF(intToF(I), F)
0472	/tmp/audit-work/candidate/reference-semantics/semantics/float.k:133	rule	equational	ACCEPT_SUPPLIED_DISJOINT	inspected supplied rule; its syntax/guards are disjoint from every submitted-program execution term	rule applyBin("**", F:Float, I:Int) => powF(F, intToF(I))
0473	/tmp/audit-work/candidate/reference-semantics/semantics/float.k:134	rule	equational	ACCEPT_SUPPLIED_DISJOINT	inspected supplied rule; its syntax/guards are disjoint from every submitted-program execution term	rule applyBin("-",  I:Int, F:Float) => subF(intToF(I), F)
0474	/tmp/audit-work/candidate/reference-semantics/semantics/float.k:135	rule	equational	ACCEPT_SUPPLIED_DISJOINT	inspected supplied rule; its syntax/guards are disjoint from every submitted-program execution term	rule applyBin("-",  F:Float, I:Int) => subF(F, intToF(I))
0475	/tmp/audit-work/candidate/reference-semantics/semantics/float.k:136	rule	equational	ACCEPT_SUPPLIED_DISJOINT	inspected supplied rule; its syntax/guards are disjoint from every submitted-program execution term	rule applyBin("+",  I:Int, F:Float) => addF(intToF(I), F)
0476	/tmp/audit-work/candidate/reference-semantics/semantics/float.k:137	rule	equational	ACCEPT_SUPPLIED_DISJOINT	inspected supplied rule; its syntax/guards are disjoint from every submitted-program execution term	rule applyBin("+",  F:Float, I:Int) => addF(F, intToF(I))
0477	/tmp/audit-work/candidate/reference-semantics/semantics/float.k:138	rule	equational	ACCEPT_SUPPLIED_DISJOINT	inspected supplied rule; its syntax/guards are disjoint from every submitted-program execution term	rule applyBin("*",  I:Int, F:Float) => mulF(intToF(I), F)
0478	/tmp/audit-work/candidate/reference-semantics/semantics/float.k:139	rule	equational	ACCEPT_SUPPLIED_DISJOINT	inspected supplied rule; its syntax/guards are disjoint from every submitted-program execution term	rule applyBin("*",  F:Float, I:Int) => mulF(F, intToF(I))
0479	/tmp/audit-work/candidate/reference-semantics/semantics/float.k:142	syntax	function,total,symbol,no-evaluators	ACCEPT_SUPPLIED_OPAQUE_INERT	trusted supplied primitive; no such symbol is reachable in this integer-list program	syntax Bool ::= eqF(Float, Float) [function, total, symbol(eqF), no-evaluators]
0480	/tmp/audit-work/candidate/reference-semantics/semantics/float.k:143	rule	concrete,equational	ACCEPT_SUPPLIED_DISJOINT	inspected supplied rule; its syntax/guards are disjoint from every submitted-program execution term	rule eqF(F1:Float, F2:Float) => F1 ==Float F2 [concrete]
0481	/tmp/audit-work/candidate/reference-semantics/semantics/float.k:144	rule	equational	ACCEPT_SUPPLIED_DISJOINT	inspected supplied rule; its syntax/guards are disjoint from every submitted-program execution term	rule applyCmp("==", I:Int, F:Float) => eqF(intToF(I), F)
0482	/tmp/audit-work/candidate/reference-semantics/semantics/float.k:145	rule	equational	ACCEPT_SUPPLIED_DISJOINT	inspected supplied rule; its syntax/guards are disjoint from every submitted-program execution term	rule applyCmp("==", F:Float, I:Int) => eqF(F, intToF(I))
0483	/tmp/audit-work/candidate/reference-semantics/semantics/float.k:146	rule	equational	ACCEPT_SUPPLIED_DISJOINT	inspected supplied rule; its syntax/guards are disjoint from every submitted-program execution term	rule applyCmp("!=", I:Int, F:Float) => notBool eqF(intToF(I), F)
0484	/tmp/audit-work/candidate/reference-semantics/semantics/float.k:147	rule	equational	ACCEPT_SUPPLIED_DISJOINT	inspected supplied rule; its syntax/guards are disjoint from every submitted-program execution term	rule applyCmp("!=", F:Float, I:Int) => notBool eqF(F, intToF(I))
0485	/tmp/audit-work/candidate/reference-semantics/semantics/float.k:148	rule	equational	ACCEPT_SUPPLIED_DISJOINT	inspected supplied rule; its syntax/guards are disjoint from every submitted-program execution term	rule applyCmp("<",  I:Int, F:Float) => floatLt(intToF(I), F)
0486	/tmp/audit-work/candidate/reference-semantics/semantics/float.k:149	rule	equational	ACCEPT_SUPPLIED_DISJOINT	inspected supplied rule; its syntax/guards are disjoint from every submitted-program execution term	rule applyCmp("<",  F:Float, I:Int) => floatLt(F, intToF(I))
0487	/tmp/audit-work/candidate/reference-semantics/semantics/float.k:150	rule	equational	ACCEPT_SUPPLIED_DISJOINT	inspected supplied rule; its syntax/guards are disjoint from every submitted-program execution term	rule applyCmp(">",  I:Int, F:Float) => gtF(intToF(I), F)
0488	/tmp/audit-work/candidate/reference-semantics/semantics/float.k:151	rule	equational	ACCEPT_SUPPLIED_DISJOINT	inspected supplied rule; its syntax/guards are disjoint from every submitted-program execution term	rule applyCmp(">",  F:Float, I:Int) => gtF(F, intToF(I))
0489	/tmp/audit-work/candidate/reference-semantics/semantics/float.k:154	rule	equational	ACCEPT_SUPPLIED_DISJOINT	inspected supplied rule; its syntax/guards are disjoint from every submitted-program execution term	rule applyCmp("==", V:Val, noneV) => V ==K noneV
0490	/tmp/audit-work/candidate/reference-semantics/semantics/float.k:155	rule	equational	ACCEPT_SUPPLIED_DISJOINT	inspected supplied rule; its syntax/guards are disjoint from every submitted-program execution term	rule applyCmp("!=", V:Val, noneV) => notBool (V ==K noneV)
0491	/tmp/audit-work/candidate/reference-semantics/semantics/float.k:160	syntax	function,total,symbol,no-evaluators	ACCEPT_SUPPLIED_OPAQUE_INERT	trusted supplied primitive; no such symbol is reachable in this integer-list program	syntax Float ::= decStrToF(IntSeq) [function, total, symbol(decStrToF), no-evaluators]
0492	/tmp/audit-work/candidate/reference-semantics/semantics/float.k:161	rule	concrete,equational	ACCEPT_SUPPLIED_DISJOINT	inspected supplied rule; its syntax/guards are disjoint from every submitted-program execution term	rule decStrToF(iCons(45, CS:IntSeq)) => 0.0 -Float decStrToF(CS) [concrete]
0493	/tmp/audit-work/candidate/reference-semantics/semantics/float.k:162	rule	concrete,equational	ACCEPT_SUPPLIED_DISJOINT	inspected supplied rule; its syntax/guards are disjoint from every submitted-program execution term	rule decStrToF(CS:IntSeq)
0494	/tmp/audit-work/candidate/reference-semantics/semantics/float.k:165	syntax	function	ACCEPT_SUPPLIED_DISJOINT	inspected supplied rule; its syntax/guards are disjoint from every submitted-program execution term	syntax Int ::= headIS(IntSeq) [function]
0495	/tmp/audit-work/candidate/reference-semantics/semantics/float.k:166	rule	equational	ACCEPT_SUPPLIED_DISJOINT	inspected supplied rule; its syntax/guards are disjoint from every submitted-program execution term	rule headIS(iCons(C:Int, _:IntSeq)) => C
0496	/tmp/audit-work/candidate/reference-semantics/semantics/float.k:167	syntax	function,total	ACCEPT_SUPPLIED_DISJOINT	inspected supplied rule; its syntax/guards are disjoint from every submitted-program execution term	syntax Int ::= intPart(IntSeq) [function, total] | intPartAcc(IntSeq, Int) [function, total]
0497	/tmp/audit-work/candidate/reference-semantics/semantics/float.k:168	rule	equational	ACCEPT_SUPPLIED_DISJOINT	inspected supplied rule; its syntax/guards are disjoint from every submitted-program execution term	rule intPart(CS:IntSeq) => intPartAcc(CS, 0)
0498	/tmp/audit-work/candidate/reference-semantics/semantics/float.k:169	rule	equational	ACCEPT_SUPPLIED_DISJOINT	inspected supplied rule; its syntax/guards are disjoint from every submitted-program execution term	rule intPartAcc(.IntSeq, A:Int) => A
0499	/tmp/audit-work/candidate/reference-semantics/semantics/float.k:170	rule	equational	ACCEPT_SUPPLIED_DISJOINT	inspected supplied rule; its syntax/guards are disjoint from every submitted-program execution term	rule intPartAcc(iCons(46, _:IntSeq), A:Int) => A
0500	/tmp/audit-work/candidate/reference-semantics/semantics/float.k:171	rule	equational	ACCEPT_SUPPLIED_DISJOINT	inspected supplied rule; its syntax/guards are disjoint from every submitted-program execution term	rule intPartAcc(iCons(C:Int, R:IntSeq), A:Int) => intPartAcc(R, A *Int 10 +Int (C -Int 48))
0501	/tmp/audit-work/candidate/reference-semantics/semantics/float.k:173	syntax	function,total	ACCEPT_SUPPLIED_DISJOINT	inspected supplied rule; its syntax/guards are disjoint from every submitted-program execution term	syntax Int ::= fracPart(IntSeq) [function, total] | fracAcc(IntSeq, Int) [function, total]
0502	/tmp/audit-work/candidate/reference-semantics/semantics/float.k:174	rule	equational	ACCEPT_SUPPLIED_DISJOINT	inspected supplied rule; its syntax/guards are disjoint from every submitted-program execution term	rule fracPart(.IntSeq) => 0
0503	/tmp/audit-work/candidate/reference-semantics/semantics/float.k:175	rule	equational	ACCEPT_SUPPLIED_DISJOINT	inspected supplied rule; its syntax/guards are disjoint from every submitted-program execution term	rule fracPart(iCons(46, R:IntSeq)) => fracAcc(R, 0)
0504	/tmp/audit-work/candidate/reference-semantics/semantics/float.k:176	rule	equational	ACCEPT_SUPPLIED_DISJOINT	inspected supplied rule; its syntax/guards are disjoint from every submitted-program execution term	rule fracPart(iCons(C:Int, R:IntSeq)) => fracPart(R) requires C =/=Int 46
0505	/tmp/audit-work/candidate/reference-semantics/semantics/float.k:177	rule	equational	ACCEPT_SUPPLIED_DISJOINT	inspected supplied rule; its syntax/guards are disjoint from every submitted-program execution term	rule fracAcc(.IntSeq, A:Int) => A
0506	/tmp/audit-work/candidate/reference-semantics/semantics/float.k:178	rule	equational	ACCEPT_SUPPLIED_DISJOINT	inspected supplied rule; its syntax/guards are disjoint from every submitted-program execution term	rule fracAcc(iCons(C:Int, R:IntSeq), A:Int) => fracAcc(R, A *Int 10 +Int (C -Int 48))
0507	/tmp/audit-work/candidate/reference-semantics/semantics/float.k:179	syntax	function,total	ACCEPT_SUPPLIED_DISJOINT	inspected supplied rule; its syntax/guards are disjoint from every submitted-program execution term	syntax Int ::= fracScale(IntSeq) [function, total] | fscAcc(IntSeq, Int) [function, total]
0508	/tmp/audit-work/candidate/reference-semantics/semantics/float.k:180	rule	equational	ACCEPT_SUPPLIED_DISJOINT	inspected supplied rule; its syntax/guards are disjoint from every submitted-program execution term	rule fracScale(.IntSeq) => 1
0509	/tmp/audit-work/candidate/reference-semantics/semantics/float.k:181	rule	equational	ACCEPT_SUPPLIED_DISJOINT	inspected supplied rule; its syntax/guards are disjoint from every submitted-program execution term	rule fracScale(iCons(46, R:IntSeq)) => fscAcc(R, 1)
0510	/tmp/audit-work/candidate/reference-semantics/semantics/float.k:182	rule	equational	ACCEPT_SUPPLIED_DISJOINT	inspected supplied rule; its syntax/guards are disjoint from every submitted-program execution term	rule fracScale(iCons(C:Int, R:IntSeq)) => fracScale(R) requires C =/=Int 46
0511	/tmp/audit-work/candidate/reference-semantics/semantics/float.k:183	rule	equational	ACCEPT_SUPPLIED_DISJOINT	inspected supplied rule; its syntax/guards are disjoint from every submitted-program execution term	rule fscAcc(.IntSeq, A:Int) => A
0512	/tmp/audit-work/candidate/reference-semantics/semantics/float.k:184	rule	equational	ACCEPT_SUPPLIED_DISJOINT	inspected supplied rule; its syntax/guards are disjoint from every submitted-program execution term	rule fscAcc(iCons(_:Int, R:IntSeq), A:Int) => fscAcc(R, A *Int 10)
0513	/tmp/audit-work/candidate/reference-semantics/semantics/float.k:185	rule	equational	ACCEPT_SUPPLIED_DISJOINT	inspected supplied rule; its syntax/guards are disjoint from every submitted-program execution term	rule applyBuiltin("float", str(CS:IntSeq), .Vals) => decStrToF(CS)
0514	/tmp/audit-work/candidate/reference-semantics/semantics/float.k:186	rule	equational	ACCEPT_SUPPLIED_DISJOINT	inspected supplied rule; its syntax/guards are disjoint from every submitted-program execution term	rule applyBuiltin("float", I:Int, .Vals)          => intToF(I)
0515	/tmp/audit-work/candidate/reference-semantics/semantics/float.k:187	rule	equational	ACCEPT_SUPPLIED_DISJOINT	inspected supplied rule; its syntax/guards are disjoint from every submitted-program execution term	rule applyBuiltin("float", F:Float, .Vals)        => F
0516	/tmp/audit-work/candidate/reference-semantics/semantics/float.k:190	syntax	function,total,symbol,no-evaluators	ACCEPT_SUPPLIED_OPAQUE_INERT	trusted supplied primitive; no such symbol is reachable in this integer-list program	syntax Float ::= divFloatIntV(Float, Int) [function, total, symbol(divFloatIntV), no-evaluators]
0517	/tmp/audit-work/candidate/reference-semantics/semantics/float.k:191	rule	concrete,equational	ACCEPT_SUPPLIED_DISJOINT	inspected supplied rule; its syntax/guards are disjoint from every submitted-program execution term	rule divFloatIntV(F:Float, I:Int) => F /Float Int2Float(I, 53, 11) [concrete]
0518	/tmp/audit-work/candidate/reference-semantics/semantics/float.k:192	rule	equational	ACCEPT_SUPPLIED_DISJOINT	inspected supplied rule; its syntax/guards are disjoint from every submitted-program execution term	rule applyBin("/", F:Float, I:Int) => divFloatIntV(F, I)
0519	/tmp/audit-work/candidate/reference-semantics/semantics/float.k:195	syntax	function,total,symbol,no-evaluators	ACCEPT_SUPPLIED_OPAQUE_INERT	trusted supplied primitive; no such symbol is reachable in this integer-list program	syntax Float ::= intToF(Int) [function, total, symbol(intToF), no-evaluators]
0520	/tmp/audit-work/candidate/reference-semantics/semantics/float.k:196	rule	concrete,equational	ACCEPT_SUPPLIED_DISJOINT	inspected supplied rule; its syntax/guards are disjoint from every submitted-program execution term	rule intToF(I:Int) => Int2Float(I, 53, 11) [concrete]
0521	/tmp/audit-work/candidate/reference-semantics/semantics/float.k:197	rule	equational	ACCEPT_SUPPLIED_DISJOINT	inspected supplied rule; its syntax/guards are disjoint from every submitted-program execution term	rule applyBin("+", I:Int, F:Float) => addF(intToF(I), F)
0522	/tmp/audit-work/candidate/reference-semantics/semantics/float.k:198	rule	equational	ACCEPT_SUPPLIED_DISJOINT	inspected supplied rule; its syntax/guards are disjoint from every submitted-program execution term	rule applyBin("+", F:Float, I:Int) => addF(F, intToF(I))
0523	/tmp/audit-work/candidate/reference-semantics/semantics/float.k:199	rule	equational	ACCEPT_SUPPLIED_DISJOINT	inspected supplied rule; its syntax/guards are disjoint from every submitted-program execution term	rule applyBin("-", I:Int, F:Float) => subF(intToF(I), F)
0524	/tmp/audit-work/candidate/reference-semantics/semantics/float.k:200	rule	equational	ACCEPT_SUPPLIED_DISJOINT	inspected supplied rule; its syntax/guards are disjoint from every submitted-program execution term	rule applyBin("-", F:Float, I:Int) => subF(F, intToF(I))
0525	/tmp/audit-work/candidate/reference-semantics/semantics/float.k:201	rule	equational	ACCEPT_SUPPLIED_DISJOINT	inspected supplied rule; its syntax/guards are disjoint from every submitted-program execution term	rule applyBin("*", I:Int, F:Float) => mulF(intToF(I), F)
0526	/tmp/audit-work/candidate/reference-semantics/semantics/float.k:202	rule	equational	ACCEPT_SUPPLIED_DISJOINT	inspected supplied rule; its syntax/guards are disjoint from every submitted-program execution term	rule applyBin("*", F:Float, I:Int) => mulF(F, intToF(I))
0527	/tmp/audit-work/candidate/reference-semantics/semantics/float.k:203	rule	equational	ACCEPT_SUPPLIED_DISJOINT	inspected supplied rule; its syntax/guards are disjoint from every submitted-program execution term	rule applyCmp("<", I:Int, F:Float) => floatLt(intToF(I), F)
0528	/tmp/audit-work/candidate/reference-semantics/semantics/float.k:204	rule	equational	ACCEPT_SUPPLIED_DISJOINT	inspected supplied rule; its syntax/guards are disjoint from every submitted-program execution term	rule applyCmp("<", F:Float, I:Int) => floatLt(F, intToF(I))
0529	/tmp/audit-work/candidate/reference-semantics/semantics/float.k:205	rule	equational	ACCEPT_SUPPLIED_DISJOINT	inspected supplied rule; its syntax/guards are disjoint from every submitted-program execution term	rule applyCmp(">", I:Int, F:Float) => gtF(intToF(I), F)
0530	/tmp/audit-work/candidate/reference-semantics/semantics/float.k:206	rule	equational	ACCEPT_SUPPLIED_DISJOINT	inspected supplied rule; its syntax/guards are disjoint from every submitted-program execution term	rule applyCmp(">", F:Float, I:Int) => gtF(F, intToF(I))
0531	/tmp/audit-work/candidate/reference-semantics/semantics/float.k:209	syntax	function,total,symbol,no-evaluators	ACCEPT_SUPPLIED_OPAQUE_INERT	trusted supplied primitive; no such symbol is reachable in this integer-list program	syntax Int ::= truncF(Float) [function, total, symbol(truncF), no-evaluators]
0532	/tmp/audit-work/candidate/reference-semantics/semantics/float.k:210	rule	concrete,equational	ACCEPT_SUPPLIED_DISJOINT	inspected supplied rule; its syntax/guards are disjoint from every submitted-program execution term	rule truncF(F:Float) => #if F >=Float 0.0 #then Float2Int(floorFloat(F)) #else Float2Int(ceilFloat(F)) #fi [concrete]
0533	/tmp/audit-work/candidate/reference-semantics/semantics/float.k:211	rule	equational	ACCEPT_SUPPLIED_DISJOINT	inspected supplied rule; its syntax/guards are disjoint from every submitted-program execution term	rule applyBuiltin("int", F:Float, .Vals) => truncF(F)
0534	/tmp/audit-work/candidate/reference-semantics/semantics/float.k:213	rule	equational	ACCEPT_SUPPLIED_DISJOINT	inspected supplied rule; its syntax/guards are disjoint from every submitted-program execution term	rule applyBuiltin("float", I:Int, .Vals)   => intToF(I)
0535	/tmp/audit-work/candidate/reference-semantics/semantics/float.k:214	rule	equational	ACCEPT_SUPPLIED_DISJOINT	inspected supplied rule; its syntax/guards are disjoint from every submitted-program execution term	rule applyBuiltin("float", F:Float, .Vals) => F
0536	/tmp/audit-work/candidate/reference-semantics/semantics/float.k:217	syntax	function,total,symbol,no-evaluators	ACCEPT_SUPPLIED_OPAQUE_INERT	trusted supplied primitive; no such symbol is reachable in this integer-list program	syntax Int ::= roundF(Float) [function, total, symbol(roundF), no-evaluators]
0537	/tmp/audit-work/candidate/reference-semantics/semantics/float.k:218	rule	concrete,equational	ACCEPT_SUPPLIED_DISJOINT	inspected supplied rule; its syntax/guards are disjoint from every submitted-program execution term	rule roundF(F:Float)
0538	/tmp/audit-work/candidate/reference-semantics/semantics/float.k:223	syntax	function,total,symbol,no-evaluators	ACCEPT_SUPPLIED_OPAQUE_INERT	trusted supplied primitive; no such symbol is reachable in this integer-list program	syntax Float ::= roundFN(Float, Int) [function, total, symbol(roundFN), no-evaluators]
0539	/tmp/audit-work/candidate/reference-semantics/semantics/float.k:224	rule	concrete,equational	ACCEPT_SUPPLIED_DISJOINT	inspected supplied rule; its syntax/guards are disjoint from every submitted-program execution term	rule roundFN(F:Float, N:Int)
0540	/tmp/audit-work/candidate/reference-semantics/semantics/float.k:227	rule	equational	ACCEPT_SUPPLIED_DISJOINT	inspected supplied rule; its syntax/guards are disjoint from every submitted-program execution term	rule applyBuiltin("round", F:Float, .Vals)        => roundF(F)
0541	/tmp/audit-work/candidate/reference-semantics/semantics/float.k:228	rule	equational	ACCEPT_SUPPLIED_DISJOINT	inspected supplied rule; its syntax/guards are disjoint from every submitted-program execution term	rule applyBuiltin("round", F:Float, N:Int, .Vals) => roundFN(F, N)
0542	/tmp/audit-work/candidate/reference-semantics/semantics/float.k:230	syntax	function,total,symbol,no-evaluators	ACCEPT_SUPPLIED_OPAQUE_INERT	trusted supplied primitive; no such symbol is reachable in this integer-list program	syntax Float ::= sqrtF(Float) [function, total, symbol(sqrtF), no-evaluators]
0543	/tmp/audit-work/candidate/reference-semantics/semantics/float.k:231	rule	concrete,equational	ACCEPT_SUPPLIED_DISJOINT	inspected supplied rule; its syntax/guards are disjoint from every submitted-program execution term	rule sqrtF(F:Float) => sqrtFloat(F) [concrete]
0544	/tmp/audit-work/candidate/reference-semantics/semantics/float.k:232	syntax	-	ACCEPT_SUPPLIED_DISJOINT	inspected supplied rule; its syntax/guards are disjoint from every submitted-program execution term	syntax KItem ::= "#mathSqrt"
0545	/tmp/audit-work/candidate/reference-semantics/semantics/float.k:233	rule	priority,operational	ACCEPT_SUPPLIED_DISJOINT	inspected supplied rule; its syntax/guards are disjoint from every submitted-program execution term	rule <k> Call(Attribute(Name("math"), "sqrt"), (E:Expr, .Exprs)) => E ~> #mathSqrt ... </k> [priority(40)]
0546	/tmp/audit-work/candidate/reference-semantics/semantics/float.k:234	rule	operational	ACCEPT_SUPPLIED_DISJOINT	inspected supplied rule; its syntax/guards are disjoint from every submitted-program execution term	rule <k> F:Float ~> #mathSqrt => sqrtF(F) ... </k>
0547	/tmp/audit-work/candidate/reference-semantics/semantics/float.k:235	rule	operational	ACCEPT_SUPPLIED_DISJOINT	inspected supplied rule; its syntax/guards are disjoint from every submitted-program execution term	rule <k> I:Int ~> #mathSqrt => sqrtF(intToF(I)) ... </k>
0548	/tmp/audit-work/candidate/reference-semantics/semantics/float.k:243	syntax	-	ACCEPT_SUPPLIED_DISJOINT	inspected supplied rule; its syntax/guards are disjoint from every submitted-program execution term	syntax KItem ::= #maxAccF(Iterable, Float) | #maxContF(Float)
0549	/tmp/audit-work/candidate/reference-semantics/semantics/float.k:244	rule	operational	ACCEPT_SUPPLIED_DISJOINT	inspected supplied rule; its syntax/guards are disjoint from every submitted-program execution term	rule <k> #iterYield(V:Val, R:Iterable) ~> #maxCont0 => #maxAccF(R, {V}:>Float) ... </k> requires isFloat(V)
0550	/tmp/audit-work/candidate/reference-semantics/semantics/float.k:245	rule	operational	ACCEPT_SUPPLIED_DISJOINT	inspected supplied rule; its syntax/guards are disjoint from every submitted-program execution term	rule <k> #maxAccF(IT:Iterable, M:Float) => #iterNext(IT) ~> #maxContF(M) ... </k>
0551	/tmp/audit-work/candidate/reference-semantics/semantics/float.k:246	rule	operational	ACCEPT_SUPPLIED_DISJOINT	inspected supplied rule; its syntax/guards are disjoint from every submitted-program execution term	rule <k> #iterDone ~> #maxContF(M:Float) => M ... </k>
0552	/tmp/audit-work/candidate/reference-semantics/semantics/float.k:247	rule	operational	ACCEPT_SUPPLIED_DISJOINT	inspected supplied rule; its syntax/guards are disjoint from every submitted-program execution term	rule <k> #iterYield(V:Val, R:Iterable) ~> #maxContF(M:Float) => #maxAccF(R, maxFloat(M, {V}:>Float)) ... </k>
0553	/tmp/audit-work/candidate/reference-semantics/semantics/float.k:250	syntax	-	ACCEPT_SUPPLIED_DISJOINT	inspected supplied rule; its syntax/guards are disjoint from every submitted-program execution term	syntax KItem ::= #minAccF(Iterable, Float) | #minContF(Float)
0554	/tmp/audit-work/candidate/reference-semantics/semantics/float.k:251	rule	operational	ACCEPT_SUPPLIED_DISJOINT	inspected supplied rule; its syntax/guards are disjoint from every submitted-program execution term	rule <k> #iterYield(V:Val, R:Iterable) ~> #minCont0 => #minAccF(R, {V}:>Float) ... </k> requires isFloat(V)
0555	/tmp/audit-work/candidate/reference-semantics/semantics/float.k:252	rule	operational	ACCEPT_SUPPLIED_DISJOINT	inspected supplied rule; its syntax/guards are disjoint from every submitted-program execution term	rule <k> #minAccF(IT:Iterable, M:Float) => #iterNext(IT) ~> #minContF(M) ... </k>
0556	/tmp/audit-work/candidate/reference-semantics/semantics/float.k:253	rule	operational	ACCEPT_SUPPLIED_DISJOINT	inspected supplied rule; its syntax/guards are disjoint from every submitted-program execution term	rule <k> #iterDone ~> #minContF(M:Float) => M ... </k>
0557	/tmp/audit-work/candidate/reference-semantics/semantics/float.k:254	rule	operational	ACCEPT_SUPPLIED_DISJOINT	inspected supplied rule; its syntax/guards are disjoint from every submitted-program execution term	rule <k> #iterYield(V:Val, R:Iterable) ~> #minContF(M:Float) => #minAccF(R, minFloat(M, {V}:>Float)) ... </k>
0558	/tmp/audit-work/candidate/reference-semantics/semantics/float.k:261	syntax	-	ACCEPT_SUPPLIED_DISJOINT	inspected supplied rule; its syntax/guards are disjoint from every submitted-program execution term	syntax KItem ::= #sumAccF(Iterable, Float) | #sumContF(Float)
0559	/tmp/audit-work/candidate/reference-semantics/semantics/float.k:262	rule	operational	ACCEPT_SUPPLIED_DISJOINT	inspected supplied rule; its syntax/guards are disjoint from every submitted-program execution term	rule <k> #iterYield(V:Val, R:Iterable) ~> #sumCont(ACC:Int)
0560	/tmp/audit-work/candidate/reference-semantics/semantics/float.k:265	rule	operational	ACCEPT_SUPPLIED_DISJOINT	inspected supplied rule; its syntax/guards are disjoint from every submitted-program execution term	rule <k> #sumAccF(IT:Iterable, ACC:Float) => #iterNext(IT) ~> #sumContF(ACC) ... </k>
0561	/tmp/audit-work/candidate/reference-semantics/semantics/float.k:266	rule	operational	ACCEPT_SUPPLIED_DISJOINT	inspected supplied rule; its syntax/guards are disjoint from every submitted-program execution term	rule <k> #iterDone ~> #sumContF(ACC:Float) => ACC ... </k>
0562	/tmp/audit-work/candidate/reference-semantics/semantics/float.k:267	rule	operational	ACCEPT_SUPPLIED_DISJOINT	inspected supplied rule; its syntax/guards are disjoint from every submitted-program execution term	rule <k> #iterYield(V:Val, R:Iterable) ~> #sumContF(ACC:Float)
0563	/tmp/audit-work/candidate/reference-semantics/semantics/float.k:270	rule	operational	ACCEPT_SUPPLIED_DISJOINT	inspected supplied rule; its syntax/guards are disjoint from every submitted-program execution term	rule <k> #iterYield(V:Val, R:Iterable) ~> #sumContF(ACC:Float)
0564	/tmp/audit-work/candidate/reference-semantics/semantics/functions.k:8	syntax	-	ACCEPT_SUPPLIED_RELEVANT	inspected supplied rule; patterns, evaluation order, and state effects match the used construct	syntax KItem ::= frame(continuation: K, callerEnv: Int, savedLoc: Int)
0565	/tmp/audit-work/candidate/reference-semantics/semantics/functions.k:14	rule	operational	ACCEPT_SUPPLIED_RELEVANT	inspected supplied rule; patterns, evaluation order, and state effects match the used construct	rule <k> FuncDef(F:String, Params(PNS:ParamNames), BODY:Stmts) => .K ... </k>
0566	/tmp/audit-work/candidate/reference-semantics/semantics/functions.k:18	syntax	-	ACCEPT_SUPPLIED_RELEVANT	inspected supplied rule; patterns, evaluation order, and state effects match the used construct	syntax Expr ::= closureExpr(ParamNames, Stmts)
0567	/tmp/audit-work/candidate/reference-semantics/semantics/functions.k:19	rule	operational	ACCEPT_SUPPLIED_RELEVANT	inspected supplied rule; patterns, evaluation order, and state effects match the used construct	rule <k> closureExpr(PNS:ParamNames, BODY:Stmts) => closureVal(PNS, BODY, L) ... </k>
0568	/tmp/audit-work/candidate/reference-semantics/semantics/functions.k:27	syntax	-	ACCEPT_SUPPLIED_RELEVANT	inspected supplied rule; patterns, evaluation order, and state effects match the used construct	syntax Val ::= closureValC(ParamNames, ParamNames, Stmts, Map)
0569	/tmp/audit-work/candidate/reference-semantics/semantics/functions.k:31	syntax	-	ACCEPT_SUPPLIED_RELEVANT	inspected supplied rule; patterns, evaluation order, and state effects match the used construct	syntax KItem ::= #mkClosure(String, ParamNames, ParamNames, ParamNames, Stmts, Map)
0570	/tmp/audit-work/candidate/reference-semantics/semantics/functions.k:33	rule	operational	ACCEPT_SUPPLIED_RELEVANT	inspected supplied rule; patterns, evaluation order, and state effects match the used construct	rule <k> FuncDef(F:String, Params(PNS:ParamNames), CellVars(CVS:ParamNames),
0571	/tmp/audit-work/candidate/reference-semantics/semantics/functions.k:36	rule	operational	ACCEPT_SUPPLIED_RELEVANT	inspected supplied rule; patterns, evaluation order, and state effects match the used construct	rule <k> #mkClosure(F:String, PNS:ParamNames, CVS:ParamNames,
0572	/tmp/audit-work/candidate/reference-semantics/semantics/functions.k:42	rule	operational	ACCEPT_SUPPLIED_RELEVANT	inspected supplied rule; patterns, evaluation order, and state effects match the used construct	rule <k> #mkClosure(F:String, PNS:ParamNames, CVS:ParamNames,
0573	/tmp/audit-work/candidate/reference-semantics/semantics/functions.k:47	rule	operational	ACCEPT_SUPPLIED_RELEVANT	inspected supplied rule; patterns, evaluation order, and state effects match the used construct	rule <k> Lambda(Params(PNS:ParamNames), E:Expr)
0574	/tmp/audit-work/candidate/reference-semantics/semantics/functions.k:50	rule	operational	ACCEPT_SUPPLIED_RELEVANT	inspected supplied rule; patterns, evaluation order, and state effects match the used construct	rule <k> Lambda(Params(PNS:ParamNames), CellVars(CVS:ParamNames),
0575	/tmp/audit-work/candidate/reference-semantics/semantics/functions.k:53	rule	operational	ACCEPT_SUPPLIED_RELEVANT	inspected supplied rule; patterns, evaluation order, and state effects match the used construct	rule <k> #mkLambda(PNS:ParamNames, CVS:ParamNames,
0576	/tmp/audit-work/candidate/reference-semantics/semantics/functions.k:59	rule	operational	ACCEPT_SUPPLIED_RELEVANT	inspected supplied rule; patterns, evaluation order, and state effects match the used construct	rule <k> #mkLambda(PNS:ParamNames, CVS:ParamNames, .ParamNames, BODY:Stmts, CM:Map)
0577	/tmp/audit-work/candidate/reference-semantics/semantics/functions.k:63	rule	operational	ACCEPT_SUPPLIED_RELEVANT	inspected supplied rule; patterns, evaluation order, and state effects match the used construct	rule <k> #bindP(.ParamNames, .Vals) => .K ... </k>
0578	/tmp/audit-work/candidate/reference-semantics/semantics/functions.k:64	rule	operational	ACCEPT_SUPPLIED_RELEVANT	inspected supplied rule; patterns, evaluation order, and state effects match the used construct	rule <k> #bindP((P:String, PS:ParamNames), (V:Val, VS:Vals)) => #bindP(PS, VS) ... </k>
0579	/tmp/audit-work/candidate/reference-semantics/semantics/functions.k:68	rule	priority,operational	ACCEPT_SUPPLIED_RELEVANT	inspected supplied rule; patterns, evaluation order, and state effects match the used construct	rule <k> #bindP((P:String, PS:ParamNames), (V:Val, VS:Vals))
0580	/tmp/audit-work/candidate/reference-semantics/semantics/functions.k:78	rule	operational	ACCEPT_SUPPLIED_RELEVANT	inspected supplied rule; patterns, evaluation order, and state effects match the used construct	rule <k> Return(V:Val) ~> _ => #pop </k>
0581	/tmp/audit-work/candidate/reference-semantics/semantics/functions.k:80	rule	operational	ACCEPT_SUPPLIED_RELEVANT	inspected supplied rule; patterns, evaluation order, and state effects match the used construct	rule <k> #endcall => #pop ... </k>
0582	/tmp/audit-work/candidate/reference-semantics/semantics/functions.k:85	rule	operational	ACCEPT_SUPPLIED_RELEVANT	inspected supplied rule; patterns, evaluation order, and state effects match the used construct	rule <k> #pop => V ~> CONT </k>
0583	/tmp/audit-work/candidate/reference-semantics/semantics/int.k:7	rule	equational	ACCEPT_SUPPLIED_RELEVANT	inspected supplied rule; patterns, evaluation order, and state effects match the used construct	rule applyUn("-", I:Int) => 0 -Int I
0584	/tmp/audit-work/candidate/reference-semantics/semantics/int.k:9	rule	equational	ACCEPT_SUPPLIED_RELEVANT	inspected supplied rule; patterns, evaluation order, and state effects match the used construct	rule applyBin("+",  I1:Int, I2:Int) => I1 +Int I2
0585	/tmp/audit-work/candidate/reference-semantics/semantics/int.k:11	rule	equational	ACCEPT_SUPPLIED_RELEVANT	inspected supplied rule; patterns, evaluation order, and state effects match the used construct	rule applyBin("+",  I:Int, B:Bool) => I +Int #if B #then 1 #else 0 #fi
0586	/tmp/audit-work/candidate/reference-semantics/semantics/int.k:12	rule	equational	ACCEPT_SUPPLIED_RELEVANT	inspected supplied rule; patterns, evaluation order, and state effects match the used construct	rule applyBin("+",  B:Bool, I:Int) => #if B #then 1 #else 0 #fi +Int I
0587	/tmp/audit-work/candidate/reference-semantics/semantics/int.k:13	rule	equational	ACCEPT_SUPPLIED_RELEVANT	inspected supplied rule; patterns, evaluation order, and state effects match the used construct	rule applyBin("-",  I1:Int, I2:Int) => I1 -Int I2
0588	/tmp/audit-work/candidate/reference-semantics/semantics/int.k:14	rule	equational	ACCEPT_SUPPLIED_RELEVANT	inspected supplied rule; patterns, evaluation order, and state effects match the used construct	rule applyBin("*",  I1:Int, I2:Int) => I1 *Int I2
0589	/tmp/audit-work/candidate/reference-semantics/semantics/int.k:15	rule	equational	ACCEPT_SUPPLIED_RELEVANT	inspected supplied rule; patterns, evaluation order, and state effects match the used construct	rule applyBin("%",  I1:Int, I2:Int) => pyMod(I1, I2)
0590	/tmp/audit-work/candidate/reference-semantics/semantics/int.k:16	rule	equational	ACCEPT_SUPPLIED_RELEVANT	inspected supplied rule; patterns, evaluation order, and state effects match the used construct	rule applyBin("//", I1:Int, I2:Int) => (I1 -Int pyMod(I1, I2)) /Int I2
0591	/tmp/audit-work/candidate/reference-semantics/semantics/int.k:17	rule	equational	ACCEPT_SUPPLIED_RELEVANT	inspected supplied rule; patterns, evaluation order, and state effects match the used construct	rule applyBin("**", I1:Int, I2:Int) => I1 ^Int I2 requires I2 >=Int 0
0592	/tmp/audit-work/candidate/reference-semantics/semantics/int.k:19	syntax	function	ACCEPT_SUPPLIED_RELEVANT	inspected supplied rule; patterns, evaluation order, and state effects match the used construct	syntax Int ::= pyMod(Int, Int) [function]
0593	/tmp/audit-work/candidate/reference-semantics/semantics/int.k:20	rule	equational	ACCEPT_SUPPLIED_RELEVANT	inspected supplied rule; patterns, evaluation order, and state effects match the used construct	rule pyMod(I1:Int, I2:Int) => ((I1 %Int I2) +Int I2) %Int I2
0594	/tmp/audit-work/candidate/reference-semantics/semantics/int.k:22	rule	equational	ACCEPT_SUPPLIED_RELEVANT	inspected supplied rule; patterns, evaluation order, and state effects match the used construct	rule applyCmp("<",  I1:Int, I2:Int)   => I1 <Int  I2
0595	/tmp/audit-work/candidate/reference-semantics/semantics/int.k:23	rule	equational	ACCEPT_SUPPLIED_RELEVANT	inspected supplied rule; patterns, evaluation order, and state effects match the used construct	rule applyCmp("<=", I1:Int, I2:Int)   => I1 <=Int I2
0596	/tmp/audit-work/candidate/reference-semantics/semantics/int.k:24	rule	equational	ACCEPT_SUPPLIED_RELEVANT	inspected supplied rule; patterns, evaluation order, and state effects match the used construct	rule applyCmp(">",  I1:Int, I2:Int)   => I1 >Int  I2
0597	/tmp/audit-work/candidate/reference-semantics/semantics/int.k:25	rule	equational	ACCEPT_SUPPLIED_RELEVANT	inspected supplied rule; patterns, evaluation order, and state effects match the used construct	rule applyCmp(">=", I1:Int, I2:Int)   => I1 >=Int I2
0598	/tmp/audit-work/candidate/reference-semantics/semantics/int.k:26	rule	equational	ACCEPT_SUPPLIED_RELEVANT	inspected supplied rule; patterns, evaluation order, and state effects match the used construct	rule applyCmp("==", I1:Int, I2:Int)   => I1 ==Int I2
0599	/tmp/audit-work/candidate/reference-semantics/semantics/int.k:27	rule	equational	ACCEPT_SUPPLIED_RELEVANT	inspected supplied rule; patterns, evaluation order, and state effects match the used construct	rule applyCmp("!=", I1:Int, I2:Int)   => I1 =/=Int I2
0600	/tmp/audit-work/candidate/reference-semantics/semantics/iter.k:8	syntax	-	ACCEPT_SUPPLIED_RELEVANT	inspected supplied rule; patterns, evaluation order, and state effects match the used construct	syntax KItem ::= #iterNext(Iterable) | "#iterDone" | #iterYield(Val, Iterable)
0601	/tmp/audit-work/candidate/reference-semantics/semantics/list.k:9	rule	operational	ACCEPT_SUPPLIED_RELEVANT	inspected supplied rule; patterns, evaluation order, and state effects match the used construct	rule <k> #iterNext(list(.ValSeq))                => #iterDone ... </k>
0602	/tmp/audit-work/candidate/reference-semantics/semantics/list.k:10	rule	operational	ACCEPT_SUPPLIED_RELEVANT	inspected supplied rule; patterns, evaluation order, and state effects match the used construct	rule <k> #iterNext(list(vCons(V:Val, R:ValSeq))) => #iterYield(V, list(R)) ... </k>
0603	/tmp/audit-work/candidate/reference-semantics/semantics/list.k:13	syntax	-	ACCEPT_SUPPLIED_RELEVANT	inspected supplied rule; patterns, evaluation order, and state effects match the used construct	syntax ApplyK ::= "toList"
0604	/tmp/audit-work/candidate/reference-semantics/semantics/list.k:14	rule	operational	ACCEPT_SUPPLIED_RELEVANT	inspected supplied rule; patterns, evaluation order, and state effects match the used construct	rule <k> ListExpr(ES:Exprs) => #evalArgs(ES, .Vals, toList) ... </k>
0605	/tmp/audit-work/candidate/reference-semantics/semantics/list.k:15	rule	operational	ACCEPT_SUPPLIED_RELEVANT	inspected supplied rule; patterns, evaluation order, and state effects match the used construct	rule <k> #applyK(toList, ACC:Vals) => #alloc(list(vals2valSeq(ACC))) ... </k>
0606	/tmp/audit-work/candidate/reference-semantics/semantics/list.k:18	syntax	function,total	ACCEPT_SUPPLIED_RELEVANT	inspected supplied rule; patterns, evaluation order, and state effects match the used construct	syntax ValSeq ::= valSeqConcat(ValSeq, ValSeq) [function, total]
0607	/tmp/audit-work/candidate/reference-semantics/semantics/list.k:19	rule	equational	ACCEPT_SUPPLIED_RELEVANT	inspected supplied rule; patterns, evaluation order, and state effects match the used construct	rule valSeqConcat(.ValSeq, T:ValSeq)                => T
0608	/tmp/audit-work/candidate/reference-semantics/semantics/list.k:20	rule	equational	ACCEPT_SUPPLIED_RELEVANT	inspected supplied rule; patterns, evaluation order, and state effects match the used construct	rule valSeqConcat(vCons(V:Val, S:ValSeq), T:ValSeq) => vCons(V, valSeqConcat(S, T))
0609	/tmp/audit-work/candidate/reference-semantics/semantics/list.k:24	rule	priority,operational	ACCEPT_SUPPLIED_RELEVANT	inspected supplied rule; patterns, evaluation order, and state effects match the used construct	rule <k> BinOp("+", list(A:ValSeq), list(B:ValSeq)) => #alloc(list(valSeqConcat(A, B))) ... </k>
0610	/tmp/audit-work/candidate/reference-semantics/semantics/list.k:27	rule	equational	ACCEPT_SUPPLIED_RELEVANT	inspected supplied rule; patterns, evaluation order, and state effects match the used construct	rule applyCmp("==", list(A:ValSeq), list(B:ValSeq)) => A ==K B
0611	/tmp/audit-work/candidate/reference-semantics/semantics/list.k:28	rule	equational	ACCEPT_SUPPLIED_RELEVANT	inspected supplied rule; patterns, evaluation order, and state effects match the used construct	rule applyCmp("!=", list(A:ValSeq), list(B:ValSeq)) => notBool (A ==K B)
0612	/tmp/audit-work/candidate/reference-semantics/semantics/list.k:33	syntax	function,total	ACCEPT_SUPPLIED_RELEVANT	inspected supplied rule; patterns, evaluation order, and state effects match the used construct	syntax Bool ::= hasRefVS(ValSeq) [function, total]
0613	/tmp/audit-work/candidate/reference-semantics/semantics/list.k:34	rule	equational	ACCEPT_SUPPLIED_RELEVANT	inspected supplied rule; patterns, evaluation order, and state effects match the used construct	rule hasRefVS(.ValSeq)                => false
0614	/tmp/audit-work/candidate/reference-semantics/semantics/list.k:35	rule	equational	ACCEPT_SUPPLIED_RELEVANT	inspected supplied rule; patterns, evaluation order, and state effects match the used construct	rule hasRefVS(vCons(V:Val, R:ValSeq)) => isRefV(V) orBool hasRefVS(R)
0615	/tmp/audit-work/candidate/reference-semantics/semantics/list.k:37	syntax	function	ACCEPT_SUPPLIED_RELEVANT	inspected supplied rule; patterns, evaluation order, and state effects match the used construct	syntax Bool ::= deepEqVS(ValSeq, ValSeq, Map) [function]
0616	/tmp/audit-work/candidate/reference-semantics/semantics/list.k:39	rule	equational	ACCEPT_SUPPLIED_RELEVANT	inspected supplied rule; patterns, evaluation order, and state effects match the used construct	rule deepEqVS(.ValSeq, .ValSeq, _:Map)                   => true
0617	/tmp/audit-work/candidate/reference-semantics/semantics/list.k:40	rule	equational	ACCEPT_SUPPLIED_RELEVANT	inspected supplied rule; patterns, evaluation order, and state effects match the used construct	rule deepEqVS(.ValSeq, vCons(_:Val, _:ValSeq), _:Map)    => false
0618	/tmp/audit-work/candidate/reference-semantics/semantics/list.k:41	rule	equational	ACCEPT_SUPPLIED_RELEVANT	inspected supplied rule; patterns, evaluation order, and state effects match the used construct	rule deepEqVS(vCons(_:Val, _:ValSeq), .ValSeq, _:Map)    => false
0619	/tmp/audit-work/candidate/reference-semantics/semantics/list.k:42	rule	equational	ACCEPT_SUPPLIED_RELEVANT	inspected supplied rule; patterns, evaluation order, and state effects match the used construct	rule deepEqVS(vCons(A:Val, As:ValSeq), vCons(B:Val, Bs:ValSeq), HP:Map)
0620	/tmp/audit-work/candidate/reference-semantics/semantics/list.k:45	rule	equational	ACCEPT_SUPPLIED_RELEVANT	inspected supplied rule; patterns, evaluation order, and state effects match the used construct	rule deepEqV(ref(H:Int), B:Val, HP:Map) => deepEqV({HP[H]}:>Val, B, HP)
0621	/tmp/audit-work/candidate/reference-semantics/semantics/list.k:47	rule	equational	ACCEPT_SUPPLIED_RELEVANT	inspected supplied rule; patterns, evaluation order, and state effects match the used construct	rule deepEqV(A:Val, ref(H:Int), HP:Map) => deepEqV(A, {HP[H]}:>Val, HP)
0622	/tmp/audit-work/candidate/reference-semantics/semantics/list.k:49	rule	equational	ACCEPT_SUPPLIED_RELEVANT	inspected supplied rule; patterns, evaluation order, and state effects match the used construct	rule deepEqV(list(A:ValSeq), list(B:ValSeq), HP:Map) => deepEqVS(A, B, HP)
0623	/tmp/audit-work/candidate/reference-semantics/semantics/list.k:50	rule	equational	ACCEPT_SUPPLIED_RELEVANT	inspected supplied rule; patterns, evaluation order, and state effects match the used construct	rule deepEqV(A:Val, B:Val, _:Map) => A ==K B [owise]
0624	/tmp/audit-work/candidate/reference-semantics/semantics/list.k:53	rule	priority,operational	ACCEPT_SUPPLIED_RELEVANT	inspected supplied rule; patterns, evaluation order, and state effects match the used construct	rule <k> #applyK(toCall(boundMethodV(ref(H:Int), "append")), (V:Val, .Vals)) => noneV ... </k>
0625	/tmp/audit-work/candidate/reference-semantics/semantics/list.k:58	syntax	-	ACCEPT_SUPPLIED_RELEVANT	inspected supplied rule; patterns, evaluation order, and state effects match the used construct	syntax KItem ::= #memberAcc(Val, Iterable) | #memberCont(Val) | "#notB"
0626	/tmp/audit-work/candidate/reference-semantics/semantics/list.k:59	rule	operational	ACCEPT_SUPPLIED_RELEVANT	inspected supplied rule; patterns, evaluation order, and state effects match the used construct	rule <k> Compare(LV:Val, CmpOp("in",     list(VS:ValSeq))) => #memberAcc(LV, list(VS)) ... </k>
0627	/tmp/audit-work/candidate/reference-semantics/semantics/list.k:60	rule	operational	ACCEPT_SUPPLIED_RELEVANT	inspected supplied rule; patterns, evaluation order, and state effects match the used construct	rule <k> Compare(LV:Val, CmpOp("not in", list(VS:ValSeq))) => #memberAcc(LV, list(VS)) ~> #notB ... </k>
0628	/tmp/audit-work/candidate/reference-semantics/semantics/list.k:61	rule	operational	ACCEPT_SUPPLIED_RELEVANT	inspected supplied rule; patterns, evaluation order, and state effects match the used construct	rule <k> #memberAcc(V:Val, IT:Iterable) => #iterNext(IT) ~> #memberCont(V) ... </k>
0629	/tmp/audit-work/candidate/reference-semantics/semantics/list.k:62	rule	operational	ACCEPT_SUPPLIED_RELEVANT	inspected supplied rule; patterns, evaluation order, and state effects match the used construct	rule <k> #iterDone ~> #memberCont(_V:Val) => false ... </k>
0630	/tmp/audit-work/candidate/reference-semantics/semantics/list.k:63	rule	operational	ACCEPT_SUPPLIED_RELEVANT	inspected supplied rule; patterns, evaluation order, and state effects match the used construct	rule <k> #iterYield(E:Val, _:Iterable) ~> #memberCont(V:Val) => true ... </k>
0631	/tmp/audit-work/candidate/reference-semantics/semantics/list.k:65	rule	operational	ACCEPT_SUPPLIED_RELEVANT	inspected supplied rule; patterns, evaluation order, and state effects match the used construct	rule <k> #iterYield(E:Val, R:Iterable) ~> #memberCont(V:Val) => #memberAcc(V, R) ... </k>
0632	/tmp/audit-work/candidate/reference-semantics/semantics/list.k:67	rule	operational	ACCEPT_SUPPLIED_RELEVANT	inspected supplied rule; patterns, evaluation order, and state effects match the used construct	rule <k> B:Bool ~> #notB => notBool B ... </k>
0633	/tmp/audit-work/candidate/reference-semantics/semantics/methods.k:10	syntax	function	ACCEPT_SUPPLIED_DISJOINT	inspected supplied rule; its syntax/guards are disjoint from every submitted-program execution term	syntax Val ::= applyMethod(Val, String, Vals) [function]
0634	/tmp/audit-work/candidate/reference-semantics/semantics/methods.k:13	rule	equational	ACCEPT_SUPPLIED_DISJOINT	inspected supplied rule; its syntax/guards are disjoint from every submitted-program execution term	rule applyMethod(str(CS:IntSeq), "isupper", .Vals) => hasUpper(CS) andBool notBool hasLower(CS)
0635	/tmp/audit-work/candidate/reference-semantics/semantics/methods.k:14	rule	equational	ACCEPT_SUPPLIED_DISJOINT	inspected supplied rule; its syntax/guards are disjoint from every submitted-program execution term	rule applyMethod(str(CS:IntSeq), "islower", .Vals) => hasLower(CS) andBool notBool hasUpper(CS)
0636	/tmp/audit-work/candidate/reference-semantics/semantics/methods.k:15	rule	equational	ACCEPT_SUPPLIED_DISJOINT	inspected supplied rule; its syntax/guards are disjoint from every submitted-program execution term	rule applyMethod(str(CS:IntSeq), "isalpha", .Vals) => notBool (CS ==K .IntSeq) andBool allAlpha(CS)
0637	/tmp/audit-work/candidate/reference-semantics/semantics/methods.k:16	rule	equational	ACCEPT_SUPPLIED_DISJOINT	inspected supplied rule; its syntax/guards are disjoint from every submitted-program execution term	rule applyMethod(str(CS:IntSeq), "isdigit", .Vals) => notBool (CS ==K .IntSeq) andBool allDigit(CS)
0638	/tmp/audit-work/candidate/reference-semantics/semantics/methods.k:19	rule	equational	ACCEPT_SUPPLIED_DISJOINT	inspected supplied rule; its syntax/guards are disjoint from every submitted-program execution term	rule applyMethod(str(CS:IntSeq), "lower",    .Vals) => str(mapLower(CS))
0639	/tmp/audit-work/candidate/reference-semantics/semantics/methods.k:20	rule	equational	ACCEPT_SUPPLIED_DISJOINT	inspected supplied rule; its syntax/guards are disjoint from every submitted-program execution term	rule applyMethod(str(CS:IntSeq), "upper",    .Vals) => str(mapUpper(CS))
0640	/tmp/audit-work/candidate/reference-semantics/semantics/methods.k:21	rule	equational	ACCEPT_SUPPLIED_DISJOINT	inspected supplied rule; its syntax/guards are disjoint from every submitted-program execution term	rule applyMethod(str(CS:IntSeq), "swapcase", .Vals) => str(mapSwap(CS))
0641	/tmp/audit-work/candidate/reference-semantics/semantics/methods.k:26	rule	equational	ACCEPT_SUPPLIED_DISJOINT	inspected supplied rule; its syntax/guards are disjoint from every submitted-program execution term	rule applyMethod(str(SEP:IntSeq), "join", list(VS:ValSeq), .Vals) => str(joinCodes(SEP, VS))
0642	/tmp/audit-work/candidate/reference-semantics/semantics/methods.k:27	syntax	function,total	ACCEPT_SUPPLIED_DISJOINT	inspected supplied rule; its syntax/guards are disjoint from every submitted-program execution term	syntax IntSeq ::= joinCodes(IntSeq, ValSeq) [function, total]
0643	/tmp/audit-work/candidate/reference-semantics/semantics/methods.k:28	rule	equational	ACCEPT_SUPPLIED_DISJOINT	inspected supplied rule; its syntax/guards are disjoint from every submitted-program execution term	rule joinCodes(_:IntSeq, .ValSeq) => .IntSeq
0644	/tmp/audit-work/candidate/reference-semantics/semantics/methods.k:29	rule	equational	ACCEPT_SUPPLIED_DISJOINT	inspected supplied rule; its syntax/guards are disjoint from every submitted-program execution term	rule joinCodes(_:IntSeq, vCons(str(CS:IntSeq), .ValSeq)) => CS
0645	/tmp/audit-work/candidate/reference-semantics/semantics/methods.k:30	rule	equational	ACCEPT_SUPPLIED_DISJOINT	inspected supplied rule; its syntax/guards are disjoint from every submitted-program execution term	rule joinCodes(SEP:IntSeq, vCons(str(CS:IntSeq), vCons(V:Val, R:ValSeq)))
0646	/tmp/audit-work/candidate/reference-semantics/semantics/methods.k:34	rule	equational	ACCEPT_SUPPLIED_DISJOINT	inspected supplied rule; its syntax/guards are disjoint from every submitted-program execution term	rule applyMethod(str(CS:IntSeq), "count", str(PC:IntSeq), .Vals) => cntSub(CS, PC)
0647	/tmp/audit-work/candidate/reference-semantics/semantics/methods.k:35	syntax	function	ACCEPT_SUPPLIED_DISJOINT	inspected supplied rule; its syntax/guards are disjoint from every submitted-program execution term	syntax Int ::= cntSub(IntSeq, IntSeq) [function]
0648	/tmp/audit-work/candidate/reference-semantics/semantics/methods.k:36	rule	equational	ACCEPT_SUPPLIED_DISJOINT	inspected supplied rule; its syntax/guards are disjoint from every submitted-program execution term	rule cntSub(.IntSeq, _:IntSeq) => 0
0649	/tmp/audit-work/candidate/reference-semantics/semantics/methods.k:37	rule	equational	ACCEPT_SUPPLIED_DISJOINT	inspected supplied rule; its syntax/guards are disjoint from every submitted-program execution term	rule cntSub(iCons(C:Int, R:IntSeq), PC:IntSeq) => 1 +Int cntSub(dropIS(iCons(C, R), isLen(PC)), PC)
0650	/tmp/audit-work/candidate/reference-semantics/semantics/methods.k:39	rule	equational	ACCEPT_SUPPLIED_DISJOINT	inspected supplied rule; its syntax/guards are disjoint from every submitted-program execution term	rule cntSub(iCons(C:Int, R:IntSeq), PC:IntSeq) => cntSub(R, PC)
0651	/tmp/audit-work/candidate/reference-semantics/semantics/methods.k:41	syntax	function,total	ACCEPT_SUPPLIED_DISJOINT	inspected supplied rule; its syntax/guards are disjoint from every submitted-program execution term	syntax IntSeq ::= dropIS(IntSeq, Int) [function, total]
0652	/tmp/audit-work/candidate/reference-semantics/semantics/methods.k:42	rule	equational	ACCEPT_SUPPLIED_DISJOINT	inspected supplied rule; its syntax/guards are disjoint from every submitted-program execution term	rule dropIS(S:IntSeq, N:Int) => S requires N <=Int 0
0653	/tmp/audit-work/candidate/reference-semantics/semantics/methods.k:43	rule	equational	ACCEPT_SUPPLIED_DISJOINT	inspected supplied rule; its syntax/guards are disjoint from every submitted-program execution term	rule dropIS(.IntSeq, _:Int) => .IntSeq [owise]
0654	/tmp/audit-work/candidate/reference-semantics/semantics/methods.k:44	rule	equational	ACCEPT_SUPPLIED_DISJOINT	inspected supplied rule; its syntax/guards are disjoint from every submitted-program execution term	rule dropIS(iCons(_:Int, R:IntSeq), N:Int) => dropIS(R, N -Int 1) requires N >Int 0
0655	/tmp/audit-work/candidate/reference-semantics/semantics/methods.k:47	rule	equational	ACCEPT_SUPPLIED_DISJOINT	inspected supplied rule; its syntax/guards are disjoint from every submitted-program execution term	rule applyMethod(str(CS:IntSeq), "strip", .Vals) => str(revIS(trimWS(revIS(trimWS(CS)))))
0656	/tmp/audit-work/candidate/reference-semantics/semantics/methods.k:48	syntax	function,total	ACCEPT_SUPPLIED_DISJOINT	inspected supplied rule; its syntax/guards are disjoint from every submitted-program execution term	syntax IntSeq ::= trimWS(IntSeq) [function, total]
0657	/tmp/audit-work/candidate/reference-semantics/semantics/methods.k:49	rule	equational	ACCEPT_SUPPLIED_DISJOINT	inspected supplied rule; its syntax/guards are disjoint from every submitted-program execution term	rule trimWS(.IntSeq) => .IntSeq
0658	/tmp/audit-work/candidate/reference-semantics/semantics/methods.k:50	rule	equational	ACCEPT_SUPPLIED_DISJOINT	inspected supplied rule; its syntax/guards are disjoint from every submitted-program execution term	rule trimWS(iCons(C:Int, R:IntSeq)) => trimWS(R) requires isWSC(C)
0659	/tmp/audit-work/candidate/reference-semantics/semantics/methods.k:51	rule	equational	ACCEPT_SUPPLIED_DISJOINT	inspected supplied rule; its syntax/guards are disjoint from every submitted-program execution term	rule trimWS(iCons(C:Int, R:IntSeq)) => iCons(C, R) requires notBool isWSC(C)
0660	/tmp/audit-work/candidate/reference-semantics/semantics/methods.k:52	syntax	function,total	ACCEPT_SUPPLIED_DISJOINT	inspected supplied rule; its syntax/guards are disjoint from every submitted-program execution term	syntax IntSeq ::= revIS(IntSeq) [function, total] | revISAcc(IntSeq, IntSeq) [function, total]
0661	/tmp/audit-work/candidate/reference-semantics/semantics/methods.k:53	rule	equational	ACCEPT_SUPPLIED_DISJOINT	inspected supplied rule; its syntax/guards are disjoint from every submitted-program execution term	rule revIS(S:IntSeq) => revISAcc(S, .IntSeq)
0662	/tmp/audit-work/candidate/reference-semantics/semantics/methods.k:54	rule	equational	ACCEPT_SUPPLIED_DISJOINT	inspected supplied rule; its syntax/guards are disjoint from every submitted-program execution term	rule revISAcc(.IntSeq, A:IntSeq) => A
0663	/tmp/audit-work/candidate/reference-semantics/semantics/methods.k:55	rule	equational	ACCEPT_SUPPLIED_DISJOINT	inspected supplied rule; its syntax/guards are disjoint from every submitted-program execution term	rule revISAcc(iCons(C:Int, R:IntSeq), A:IntSeq) => revISAcc(R, iCons(C, A))
0664	/tmp/audit-work/candidate/reference-semantics/semantics/methods.k:58	rule	equational	ACCEPT_SUPPLIED_DISJOINT	inspected supplied rule; its syntax/guards are disjoint from every submitted-program execution term	rule applyMethod(str(CS:IntSeq), "encode", str(_:IntSeq), .Vals) => str(CS)
0665	/tmp/audit-work/candidate/reference-semantics/semantics/methods.k:61	rule	equational	ACCEPT_SUPPLIED_DISJOINT	inspected supplied rule; its syntax/guards are disjoint from every submitted-program execution term	rule applyMethod(str(XC:IntSeq), "startswith", str(PC:IntSeq), .Vals) => startsWith(PC, XC)
0666	/tmp/audit-work/candidate/reference-semantics/semantics/methods.k:64	rule	equational	ACCEPT_SUPPLIED_DISJOINT	inspected supplied rule; its syntax/guards are disjoint from every submitted-program execution term	rule applyMethod(list(VS:ValSeq), "count", V:Val, .Vals) => cntOccVS(VS, V)
0667	/tmp/audit-work/candidate/reference-semantics/semantics/methods.k:65	syntax	function,total	ACCEPT_SUPPLIED_DISJOINT	inspected supplied rule; its syntax/guards are disjoint from every submitted-program execution term	syntax Int ::= cntOccVS(ValSeq, Val) [function, total]
0668	/tmp/audit-work/candidate/reference-semantics/semantics/methods.k:66	rule	equational	ACCEPT_SUPPLIED_DISJOINT	inspected supplied rule; its syntax/guards are disjoint from every submitted-program execution term	rule cntOccVS(.ValSeq, _:Val)                => 0
0669	/tmp/audit-work/candidate/reference-semantics/semantics/methods.k:67	rule	equational	ACCEPT_SUPPLIED_DISJOINT	inspected supplied rule; its syntax/guards are disjoint from every submitted-program execution term	rule cntOccVS(vCons(A:Val, R:ValSeq), V:Val) => 1 +Int cntOccVS(R, V) requires A ==K V
0670	/tmp/audit-work/candidate/reference-semantics/semantics/methods.k:68	rule	equational	ACCEPT_SUPPLIED_DISJOINT	inspected supplied rule; its syntax/guards are disjoint from every submitted-program execution term	rule cntOccVS(vCons(A:Val, R:ValSeq), V:Val) => cntOccVS(R, V)        requires notBool (A ==K V)
0671	/tmp/audit-work/candidate/reference-semantics/semantics/methods.k:72	rule	priority,operational	ACCEPT_SUPPLIED_DISJOINT	inspected supplied rule; its syntax/guards are disjoint from every submitted-program execution term	rule <k> #applyK(toCall(boundMethodV(str(CS:IntSeq), "split")), .Vals)
0672	/tmp/audit-work/candidate/reference-semantics/semantics/methods.k:75	syntax	function	ACCEPT_SUPPLIED_DISJOINT	inspected supplied rule; its syntax/guards are disjoint from every submitted-program execution term	syntax ValSeq ::= splitWS(IntSeq, IntSeq, ValSeq) [function]  // remaining, current token, result
0673	/tmp/audit-work/candidate/reference-semantics/semantics/methods.k:76	rule	equational	ACCEPT_SUPPLIED_DISJOINT	inspected supplied rule; its syntax/guards are disjoint from every submitted-program execution term	rule splitWS(.IntSeq, CUR:IntSeq, ACC:ValSeq) => flushTok(ACC, CUR)
0674	/tmp/audit-work/candidate/reference-semantics/semantics/methods.k:77	rule	equational	ACCEPT_SUPPLIED_DISJOINT	inspected supplied rule; its syntax/guards are disjoint from every submitted-program execution term	rule splitWS(iCons(C:Int, R:IntSeq), CUR:IntSeq, ACC:ValSeq) => splitWS(R, .IntSeq, flushTok(ACC, CUR))
0675	/tmp/audit-work/candidate/reference-semantics/semantics/methods.k:79	rule	equational	ACCEPT_SUPPLIED_DISJOINT	inspected supplied rule; its syntax/guards are disjoint from every submitted-program execution term	rule splitWS(iCons(C:Int, R:IntSeq), CUR:IntSeq, ACC:ValSeq) => splitWS(R, seqConcat(CUR, iCons(C, .IntSeq)), ACC)
0676	/tmp/audit-work/candidate/reference-semantics/semantics/methods.k:82	syntax	function	ACCEPT_SUPPLIED_DISJOINT	inspected supplied rule; its syntax/guards are disjoint from every submitted-program execution term	syntax ValSeq ::= flushTok(ValSeq, IntSeq) [function]
0677	/tmp/audit-work/candidate/reference-semantics/semantics/methods.k:83	rule	equational	ACCEPT_SUPPLIED_DISJOINT	inspected supplied rule; its syntax/guards are disjoint from every submitted-program execution term	rule flushTok(ACC:ValSeq, .IntSeq)            => ACC
0678	/tmp/audit-work/candidate/reference-semantics/semantics/methods.k:84	rule	equational	ACCEPT_SUPPLIED_DISJOINT	inspected supplied rule; its syntax/guards are disjoint from every submitted-program execution term	rule flushTok(ACC:ValSeq, iCons(C:Int, T:IntSeq)) => valSeqConcat(ACC, vCons(str(iCons(C, T)), .ValSeq))
0679	/tmp/audit-work/candidate/reference-semantics/semantics/methods.k:85	syntax	function,total	ACCEPT_SUPPLIED_DISJOINT	inspected supplied rule; its syntax/guards are disjoint from every submitted-program execution term	syntax Bool ::= isWSC(Int) [function, total]
0680	/tmp/audit-work/candidate/reference-semantics/semantics/methods.k:86	rule	equational	ACCEPT_SUPPLIED_DISJOINT	inspected supplied rule; its syntax/guards are disjoint from every submitted-program execution term	rule isWSC(C:Int) => C ==Int 32 orBool C ==Int 9 orBool C ==Int 10 orBool C ==Int 13
0681	/tmp/audit-work/candidate/reference-semantics/semantics/methods.k:89	rule	priority,operational	ACCEPT_SUPPLIED_DISJOINT	inspected supplied rule; its syntax/guards are disjoint from every submitted-program execution term	rule <k> #applyK(toCall(boundMethodV(str(CS:IntSeq), "split")), (kwV("sep", str(S:IntSeq)), .Vals))
0682	/tmp/audit-work/candidate/reference-semantics/semantics/methods.k:94	rule	priority,operational	ACCEPT_SUPPLIED_DISJOINT	inspected supplied rule; its syntax/guards are disjoint from every submitted-program execution term	rule <k> #applyK(toCall(boundMethodV(str(CS:IntSeq), "split")), (str(iCons(SEP:Int, .IntSeq)), .Vals))
0683	/tmp/audit-work/candidate/reference-semantics/semantics/methods.k:97	syntax	function	ACCEPT_SUPPLIED_DISJOINT	inspected supplied rule; its syntax/guards are disjoint from every submitted-program execution term	syntax ValSeq ::= splitSep(IntSeq, Int, IntSeq) [function]  // remaining, sep code, current token
0684	/tmp/audit-work/candidate/reference-semantics/semantics/methods.k:98	rule	equational	ACCEPT_SUPPLIED_DISJOINT	inspected supplied rule; its syntax/guards are disjoint from every submitted-program execution term	rule splitSep(.IntSeq, _SEP:Int, CUR:IntSeq)              => vCons(str(CUR), .ValSeq)
0685	/tmp/audit-work/candidate/reference-semantics/semantics/methods.k:99	rule	equational	ACCEPT_SUPPLIED_DISJOINT	inspected supplied rule; its syntax/guards are disjoint from every submitted-program execution term	rule splitSep(iCons(C:Int, R:IntSeq), SEP:Int, CUR:IntSeq) => vCons(str(CUR), splitSep(R, SEP, .IntSeq))
0686	/tmp/audit-work/candidate/reference-semantics/semantics/methods.k:101	rule	equational	ACCEPT_SUPPLIED_DISJOINT	inspected supplied rule; its syntax/guards are disjoint from every submitted-program execution term	rule splitSep(iCons(C:Int, R:IntSeq), SEP:Int, CUR:IntSeq) => splitSep(R, SEP, seqConcat(CUR, iCons(C, .IntSeq)))
0687	/tmp/audit-work/candidate/reference-semantics/semantics/methods.k:104	rule	equational	ACCEPT_SUPPLIED_DISJOINT	inspected supplied rule; its syntax/guards are disjoint from every submitted-program execution term	rule applyMethod(str(CS:IntSeq), "replace", str(iCons(A:Int, .IntSeq)), str(iCons(B:Int, .IntSeq)), .Vals)
0688	/tmp/audit-work/candidate/reference-semantics/semantics/methods.k:106	syntax	function,total	ACCEPT_SUPPLIED_DISJOINT	inspected supplied rule; its syntax/guards are disjoint from every submitted-program execution term	syntax IntSeq ::= replaceC(IntSeq, Int, Int) [function, total]
0689	/tmp/audit-work/candidate/reference-semantics/semantics/methods.k:107	rule	equational	ACCEPT_SUPPLIED_DISJOINT	inspected supplied rule; its syntax/guards are disjoint from every submitted-program execution term	rule replaceC(.IntSeq, _:Int, _:Int)             => .IntSeq
0690	/tmp/audit-work/candidate/reference-semantics/semantics/methods.k:108	rule	equational	ACCEPT_SUPPLIED_DISJOINT	inspected supplied rule; its syntax/guards are disjoint from every submitted-program execution term	rule replaceC(iCons(C:Int, R:IntSeq), A:Int, B:Int) => iCons(B, replaceC(R, A, B)) requires C ==Int A
0691	/tmp/audit-work/candidate/reference-semantics/semantics/methods.k:109	rule	equational	ACCEPT_SUPPLIED_DISJOINT	inspected supplied rule; its syntax/guards are disjoint from every submitted-program execution term	rule replaceC(iCons(C:Int, R:IntSeq), A:Int, B:Int) => iCons(C, replaceC(R, A, B)) requires notBool (C ==Int A)
0692	/tmp/audit-work/candidate/reference-semantics/semantics/methods.k:112	syntax	function,total	ACCEPT_SUPPLIED_DISJOINT	inspected supplied rule; its syntax/guards are disjoint from every submitted-program execution term	syntax Bool ::= isUpperC(Int) [function, total]
0693	/tmp/audit-work/candidate/reference-semantics/semantics/methods.k:113	rule	equational	ACCEPT_SUPPLIED_DISJOINT	inspected supplied rule; its syntax/guards are disjoint from every submitted-program execution term	rule isUpperC(C:Int) => C >=Int 65 andBool C <=Int 90
0694	/tmp/audit-work/candidate/reference-semantics/semantics/methods.k:115	syntax	function,total	ACCEPT_SUPPLIED_DISJOINT	inspected supplied rule; its syntax/guards are disjoint from every submitted-program execution term	syntax Bool ::= isLowerC(Int) [function, total]
0695	/tmp/audit-work/candidate/reference-semantics/semantics/methods.k:116	rule	equational	ACCEPT_SUPPLIED_DISJOINT	inspected supplied rule; its syntax/guards are disjoint from every submitted-program execution term	rule isLowerC(C:Int) => C >=Int 97 andBool C <=Int 122
0696	/tmp/audit-work/candidate/reference-semantics/semantics/methods.k:118	syntax	function,total	ACCEPT_SUPPLIED_DISJOINT	inspected supplied rule; its syntax/guards are disjoint from every submitted-program execution term	syntax Bool ::= isAlphaC(Int) [function, total]
0697	/tmp/audit-work/candidate/reference-semantics/semantics/methods.k:119	rule	equational	ACCEPT_SUPPLIED_DISJOINT	inspected supplied rule; its syntax/guards are disjoint from every submitted-program execution term	rule isAlphaC(C:Int) => isUpperC(C) orBool isLowerC(C)
0698	/tmp/audit-work/candidate/reference-semantics/semantics/methods.k:121	syntax	function,total	ACCEPT_SUPPLIED_DISJOINT	inspected supplied rule; its syntax/guards are disjoint from every submitted-program execution term	syntax Bool ::= isDigitC(Int) [function, total]
0699	/tmp/audit-work/candidate/reference-semantics/semantics/methods.k:122	rule	equational	ACCEPT_SUPPLIED_DISJOINT	inspected supplied rule; its syntax/guards are disjoint from every submitted-program execution term	rule isDigitC(C:Int) => C >=Int 48 andBool C <=Int 57
0700	/tmp/audit-work/candidate/reference-semantics/semantics/methods.k:124	syntax	function,total	ACCEPT_SUPPLIED_DISJOINT	inspected supplied rule; its syntax/guards are disjoint from every submitted-program execution term	syntax Bool ::= hasUpper(IntSeq) [function, total]
0701	/tmp/audit-work/candidate/reference-semantics/semantics/methods.k:125	rule	equational	ACCEPT_SUPPLIED_DISJOINT	inspected supplied rule; its syntax/guards are disjoint from every submitted-program execution term	rule hasUpper(.IntSeq) => false
0702	/tmp/audit-work/candidate/reference-semantics/semantics/methods.k:126	rule	equational	ACCEPT_SUPPLIED_DISJOINT	inspected supplied rule; its syntax/guards are disjoint from every submitted-program execution term	rule hasUpper(iCons(C:Int, S:IntSeq)) => isUpperC(C) orBool hasUpper(S)
0703	/tmp/audit-work/candidate/reference-semantics/semantics/methods.k:128	syntax	function,total	ACCEPT_SUPPLIED_DISJOINT	inspected supplied rule; its syntax/guards are disjoint from every submitted-program execution term	syntax Bool ::= hasLower(IntSeq) [function, total]
0704	/tmp/audit-work/candidate/reference-semantics/semantics/methods.k:129	rule	equational	ACCEPT_SUPPLIED_DISJOINT	inspected supplied rule; its syntax/guards are disjoint from every submitted-program execution term	rule hasLower(.IntSeq) => false
0705	/tmp/audit-work/candidate/reference-semantics/semantics/methods.k:130	rule	equational	ACCEPT_SUPPLIED_DISJOINT	inspected supplied rule; its syntax/guards are disjoint from every submitted-program execution term	rule hasLower(iCons(C:Int, S:IntSeq)) => isLowerC(C) orBool hasLower(S)
0706	/tmp/audit-work/candidate/reference-semantics/semantics/methods.k:132	syntax	function,total	ACCEPT_SUPPLIED_DISJOINT	inspected supplied rule; its syntax/guards are disjoint from every submitted-program execution term	syntax Bool ::= allAlpha(IntSeq) [function, total]
0707	/tmp/audit-work/candidate/reference-semantics/semantics/methods.k:133	rule	equational	ACCEPT_SUPPLIED_DISJOINT	inspected supplied rule; its syntax/guards are disjoint from every submitted-program execution term	rule allAlpha(.IntSeq) => true
0708	/tmp/audit-work/candidate/reference-semantics/semantics/methods.k:134	rule	equational	ACCEPT_SUPPLIED_DISJOINT	inspected supplied rule; its syntax/guards are disjoint from every submitted-program execution term	rule allAlpha(iCons(C:Int, S:IntSeq)) => isAlphaC(C) andBool allAlpha(S)
0709	/tmp/audit-work/candidate/reference-semantics/semantics/methods.k:136	syntax	function,total	ACCEPT_SUPPLIED_DISJOINT	inspected supplied rule; its syntax/guards are disjoint from every submitted-program execution term	syntax Bool ::= allDigit(IntSeq) [function, total]
0710	/tmp/audit-work/candidate/reference-semantics/semantics/methods.k:137	rule	equational	ACCEPT_SUPPLIED_DISJOINT	inspected supplied rule; its syntax/guards are disjoint from every submitted-program execution term	rule allDigit(.IntSeq) => true
0711	/tmp/audit-work/candidate/reference-semantics/semantics/methods.k:138	rule	equational	ACCEPT_SUPPLIED_DISJOINT	inspected supplied rule; its syntax/guards are disjoint from every submitted-program execution term	rule allDigit(iCons(C:Int, S:IntSeq)) => isDigitC(C) andBool allDigit(S)
0712	/tmp/audit-work/candidate/reference-semantics/semantics/methods.k:140	syntax	function,total	ACCEPT_SUPPLIED_DISJOINT	inspected supplied rule; its syntax/guards are disjoint from every submitted-program execution term	syntax Int ::= lowerC(Int) [function, total]
0713	/tmp/audit-work/candidate/reference-semantics/semantics/methods.k:142	rule	equational	ACCEPT_SUPPLIED_DISJOINT	inspected supplied rule; its syntax/guards are disjoint from every submitted-program execution term	rule lowerC(C:Int) => C +Int 32 requires isUpperC(C)
0714	/tmp/audit-work/candidate/reference-semantics/semantics/methods.k:143	rule	equational	ACCEPT_SUPPLIED_DISJOINT	inspected supplied rule; its syntax/guards are disjoint from every submitted-program execution term	rule lowerC(C:Int) => C         [owise]
0715	/tmp/audit-work/candidate/reference-semantics/semantics/methods.k:145	syntax	function,total	ACCEPT_SUPPLIED_DISJOINT	inspected supplied rule; its syntax/guards are disjoint from every submitted-program execution term	syntax Int ::= upperC(Int) [function, total]
0716	/tmp/audit-work/candidate/reference-semantics/semantics/methods.k:146	rule	equational	ACCEPT_SUPPLIED_DISJOINT	inspected supplied rule; its syntax/guards are disjoint from every submitted-program execution term	rule upperC(C:Int) => C -Int 32 requires isLowerC(C)
0717	/tmp/audit-work/candidate/reference-semantics/semantics/methods.k:147	rule	equational	ACCEPT_SUPPLIED_DISJOINT	inspected supplied rule; its syntax/guards are disjoint from every submitted-program execution term	rule upperC(C:Int) => C         [owise]
0718	/tmp/audit-work/candidate/reference-semantics/semantics/methods.k:149	syntax	function,total	ACCEPT_SUPPLIED_DISJOINT	inspected supplied rule; its syntax/guards are disjoint from every submitted-program execution term	syntax Int ::= swapC(Int) [function, total]
0719	/tmp/audit-work/candidate/reference-semantics/semantics/methods.k:150	rule	equational	ACCEPT_SUPPLIED_DISJOINT	inspected supplied rule; its syntax/guards are disjoint from every submitted-program execution term	rule swapC(C:Int) => C +Int 32 requires isUpperC(C)
0720	/tmp/audit-work/candidate/reference-semantics/semantics/methods.k:151	rule	equational	ACCEPT_SUPPLIED_DISJOINT	inspected supplied rule; its syntax/guards are disjoint from every submitted-program execution term	rule swapC(C:Int) => C -Int 32 requires isLowerC(C)
0721	/tmp/audit-work/candidate/reference-semantics/semantics/methods.k:152	rule	equational	ACCEPT_SUPPLIED_DISJOINT	inspected supplied rule; its syntax/guards are disjoint from every submitted-program execution term	rule swapC(C:Int) => C         [owise]
0722	/tmp/audit-work/candidate/reference-semantics/semantics/methods.k:154	syntax	function,total	ACCEPT_SUPPLIED_DISJOINT	inspected supplied rule; its syntax/guards are disjoint from every submitted-program execution term	syntax IntSeq ::= mapLower(IntSeq) [function, total]
0723	/tmp/audit-work/candidate/reference-semantics/semantics/methods.k:155	rule	equational	ACCEPT_SUPPLIED_DISJOINT	inspected supplied rule; its syntax/guards are disjoint from every submitted-program execution term	rule mapLower(.IntSeq) => .IntSeq
0724	/tmp/audit-work/candidate/reference-semantics/semantics/methods.k:156	rule	equational	ACCEPT_SUPPLIED_DISJOINT	inspected supplied rule; its syntax/guards are disjoint from every submitted-program execution term	rule mapLower(iCons(C:Int, S:IntSeq)) => iCons(lowerC(C), mapLower(S))
0725	/tmp/audit-work/candidate/reference-semantics/semantics/methods.k:158	syntax	function,total	ACCEPT_SUPPLIED_DISJOINT	inspected supplied rule; its syntax/guards are disjoint from every submitted-program execution term	syntax IntSeq ::= mapUpper(IntSeq) [function, total]
0726	/tmp/audit-work/candidate/reference-semantics/semantics/methods.k:159	rule	equational	ACCEPT_SUPPLIED_DISJOINT	inspected supplied rule; its syntax/guards are disjoint from every submitted-program execution term	rule mapUpper(.IntSeq) => .IntSeq
0727	/tmp/audit-work/candidate/reference-semantics/semantics/methods.k:160	rule	equational	ACCEPT_SUPPLIED_DISJOINT	inspected supplied rule; its syntax/guards are disjoint from every submitted-program execution term	rule mapUpper(iCons(C:Int, S:IntSeq)) => iCons(upperC(C), mapUpper(S))
0728	/tmp/audit-work/candidate/reference-semantics/semantics/methods.k:162	syntax	function,total	ACCEPT_SUPPLIED_DISJOINT	inspected supplied rule; its syntax/guards are disjoint from every submitted-program execution term	syntax IntSeq ::= mapSwap(IntSeq) [function, total]
0729	/tmp/audit-work/candidate/reference-semantics/semantics/methods.k:163	rule	equational	ACCEPT_SUPPLIED_DISJOINT	inspected supplied rule; its syntax/guards are disjoint from every submitted-program execution term	rule mapSwap(.IntSeq) => .IntSeq
0730	/tmp/audit-work/candidate/reference-semantics/semantics/methods.k:164	rule	equational	ACCEPT_SUPPLIED_DISJOINT	inspected supplied rule; its syntax/guards are disjoint from every submitted-program execution term	rule mapSwap(iCons(C:Int, S:IntSeq)) => iCons(swapC(C), mapSwap(S))
0731	/tmp/audit-work/candidate/reference-semantics/semantics/methods.k:166	syntax	function,total	ACCEPT_SUPPLIED_DISJOINT	inspected supplied rule; its syntax/guards are disjoint from every submitted-program execution term	syntax Bool ::= startsWith(IntSeq, IntSeq) [function, total]
0732	/tmp/audit-work/candidate/reference-semantics/semantics/methods.k:167	rule	equational	ACCEPT_SUPPLIED_DISJOINT	inspected supplied rule; its syntax/guards are disjoint from every submitted-program execution term	rule startsWith(.IntSeq, _:IntSeq)               => true
0733	/tmp/audit-work/candidate/reference-semantics/semantics/methods.k:168	rule	equational	ACCEPT_SUPPLIED_DISJOINT	inspected supplied rule; its syntax/guards are disjoint from every submitted-program execution term	rule startsWith(iCons(_:Int, _:IntSeq), .IntSeq) => false
0734	/tmp/audit-work/candidate/reference-semantics/semantics/methods.k:169	rule	equational	ACCEPT_SUPPLIED_DISJOINT	inspected supplied rule; its syntax/guards are disjoint from every submitted-program execution term	rule startsWith(iCons(A:Int, As:IntSeq), iCons(B:Int, Bs:IntSeq)) => A ==Int B andBool startsWith(As, Bs)
0735	/tmp/audit-work/candidate/reference-semantics/semantics/operators.k:10	rule	operational	ACCEPT_SUPPLIED_RELEVANT	inspected supplied rule; patterns, evaluation order, and state effects match the used construct	rule <k> UnaryOp(OP:String, V:Val) => applyUn(OP, V) ... </k>
0736	/tmp/audit-work/candidate/reference-semantics/semantics/operators.k:12	rule	operational	ACCEPT_SUPPLIED_RELEVANT	inspected supplied rule; patterns, evaluation order, and state effects match the used construct	rule <k> BinOp(OP:String, L:Val, R:Val) => applyBin(OP, L, R) ... </k>
0737	/tmp/audit-work/candidate/reference-semantics/semantics/operators.k:15	context	-	ACCEPT_SUPPLIED_RELEVANT	inspected supplied rule; patterns, evaluation order, and state effects match the used construct	context Compare(HOLE, _)
0738	/tmp/audit-work/candidate/reference-semantics/semantics/operators.k:16	context	-	ACCEPT_SUPPLIED_RELEVANT	inspected supplied rule; patterns, evaluation order, and state effects match the used construct	context Compare(_:Val, CmpOp(_, HOLE))
0739	/tmp/audit-work/candidate/reference-semantics/semantics/operators.k:17	rule	operational	ACCEPT_SUPPLIED_RELEVANT	inspected supplied rule; patterns, evaluation order, and state effects match the used construct	rule <k> Compare(LV:Val, CmpOp(OP:String, RV:Val)) => applyCmp(OP, LV, RV) ... </k> [owise]
0740	/tmp/audit-work/candidate/reference-semantics/semantics/operators.k:19	rule	equational	ACCEPT_SUPPLIED_RELEVANT	inspected supplied rule; patterns, evaluation order, and state effects match the used construct	rule applyCmp("is",     V:Val, noneV) => V ==K noneV
0741	/tmp/audit-work/candidate/reference-semantics/semantics/operators.k:20	rule	equational	ACCEPT_SUPPLIED_RELEVANT	inspected supplied rule; patterns, evaluation order, and state effects match the used construct	rule applyCmp("is not", V:Val, noneV) => notBool (V ==K noneV)
0742	/tmp/audit-work/candidate/reference-semantics/semantics/operators.k:25	rule	priority,operational	ACCEPT_SUPPLIED_RELEVANT	inspected supplied rule; patterns, evaluation order, and state effects match the used construct	rule <k> BinOp(OP:String, ref(H:Int), R:Expr) => BinOp(OP, V, R) ... </k>
0743	/tmp/audit-work/candidate/reference-semantics/semantics/operators.k:28	rule	priority,operational	ACCEPT_SUPPLIED_RELEVANT	inspected supplied rule; patterns, evaluation order, and state effects match the used construct	rule <k> BinOp(OP:String, L:Val, ref(H:Int)) => BinOp(OP, L, V) ... </k>
0744	/tmp/audit-work/candidate/reference-semantics/semantics/operators.k:34	rule	priority,operational	ACCEPT_SUPPLIED_RELEVANT	inspected supplied rule; patterns, evaluation order, and state effects match the used construct	rule <k> Compare(ref(H:Int), CmpOp(OP:String, R:Expr)) => Compare(V, CmpOp(OP, R)) ... </k>
0745	/tmp/audit-work/candidate/reference-semantics/semantics/operators.k:38	rule	priority,operational	ACCEPT_SUPPLIED_RELEVANT	inspected supplied rule; patterns, evaluation order, and state effects match the used construct	rule <k> Compare(L:Val, CmpOp(OP:String, ref(H:Int))) => Compare(L, CmpOp(OP, V)) ... </k>
0746	/tmp/audit-work/candidate/reference-semantics/semantics/operators.k:44	rule	priority,operational	ACCEPT_SUPPLIED_RELEVANT	inspected supplied rule; patterns, evaluation order, and state effects match the used construct	rule <k> UnaryOp(OP:String, ref(H:Int)) => UnaryOp(OP, V) ... </k>
0747	/tmp/audit-work/candidate/reference-semantics/semantics/range.k:9	syntax	function,total	ACCEPT_SUPPLIED_DISJOINT	inspected supplied rule; its syntax/guards are disjoint from every submitted-program execution term	syntax Bool ::= inRange(Int, Int, Int) [function, total]
0748	/tmp/audit-work/candidate/reference-semantics/semantics/range.k:10	rule	equational	ACCEPT_SUPPLIED_DISJOINT	inspected supplied rule; its syntax/guards are disjoint from every submitted-program execution term	rule inRange(I:Int, HI:Int, ST:Int) => (ST >Int 0 andBool I <Int HI) orBool (ST <Int 0 andBool I >Int HI)
0749	/tmp/audit-work/candidate/reference-semantics/semantics/range.k:12	syntax	function	ACCEPT_SUPPLIED_DISJOINT	inspected supplied rule; its syntax/guards are disjoint from every submitted-program execution term	syntax Int ::= rangeLen(Int, Int, Int) [function]
0750	/tmp/audit-work/candidate/reference-semantics/semantics/range.k:13	rule	equational	ACCEPT_SUPPLIED_DISJOINT	inspected supplied rule; its syntax/guards are disjoint from every submitted-program execution term	rule rangeLen(LO:Int, HI:Int, ST:Int) => (HI -Int LO +Int ST -Int 1) /Int ST
0751	/tmp/audit-work/candidate/reference-semantics/semantics/range.k:15	rule	equational	ACCEPT_SUPPLIED_DISJOINT	inspected supplied rule; its syntax/guards are disjoint from every submitted-program execution term	rule rangeLen(LO:Int, HI:Int, ST:Int) => (LO -Int HI -Int ST -Int 1) /Int (0 -Int ST)
0752	/tmp/audit-work/candidate/reference-semantics/semantics/range.k:17	rule	equational	ACCEPT_SUPPLIED_DISJOINT	inspected supplied rule; its syntax/guards are disjoint from every submitted-program execution term	rule rangeLen(LO:Int, HI:Int, ST:Int) => 0
0753	/tmp/audit-work/candidate/reference-semantics/semantics/range.k:20	rule	operational	ACCEPT_SUPPLIED_DISJOINT	inspected supplied rule; its syntax/guards are disjoint from every submitted-program execution term	rule <k> #iterNext(rangeObj(I:Int, HI:Int, ST:Int))
0754	/tmp/audit-work/candidate/reference-semantics/semantics/range.k:23	rule	operational	ACCEPT_SUPPLIED_DISJOINT	inspected supplied rule; its syntax/guards are disjoint from every submitted-program execution term	rule <k> #iterNext(rangeObj(I:Int, HI:Int, ST:Int)) => #iterDone ... </k>
0755	/tmp/audit-work/candidate/reference-semantics/semantics/set.k:8	syntax	-	ACCEPT_SUPPLIED_DISJOINT	inspected supplied rule; its syntax/guards are disjoint from every submitted-program execution term	syntax Val ::= setV(IntSeq)
0756	/tmp/audit-work/candidate/reference-semantics/semantics/set.k:11	syntax	function,total	ACCEPT_SUPPLIED_DISJOINT	inspected supplied rule; its syntax/guards are disjoint from every submitted-program execution term	syntax Bool ::= codeIn(Int, IntSeq) [function, total]
0757	/tmp/audit-work/candidate/reference-semantics/semantics/set.k:12	rule	equational	ACCEPT_SUPPLIED_DISJOINT	inspected supplied rule; its syntax/guards are disjoint from every submitted-program execution term	rule codeIn(_:Int, .IntSeq)                => false
0758	/tmp/audit-work/candidate/reference-semantics/semantics/set.k:13	rule	equational	ACCEPT_SUPPLIED_DISJOINT	inspected supplied rule; its syntax/guards are disjoint from every submitted-program execution term	rule codeIn(C:Int, iCons(H:Int, T:IntSeq)) => C ==Int H orBool codeIn(C, T)
0759	/tmp/audit-work/candidate/reference-semantics/semantics/set.k:16	syntax	function,total	ACCEPT_SUPPLIED_DISJOINT	inspected supplied rule; its syntax/guards are disjoint from every submitted-program execution term	syntax IntSeq ::= dedupCodes(IntSeq)         [function, total]
0760	/tmp/audit-work/candidate/reference-semantics/semantics/set.k:18	rule	equational	ACCEPT_SUPPLIED_DISJOINT	inspected supplied rule; its syntax/guards are disjoint from every submitted-program execution term	rule dedupCodes(CS:IntSeq) => dedupFrom(CS, .IntSeq)
0761	/tmp/audit-work/candidate/reference-semantics/semantics/set.k:19	rule	equational	ACCEPT_SUPPLIED_DISJOINT	inspected supplied rule; its syntax/guards are disjoint from every submitted-program execution term	rule dedupFrom(.IntSeq, ACC:IntSeq) => ACC
0762	/tmp/audit-work/candidate/reference-semantics/semantics/set.k:20	rule	equational	ACCEPT_SUPPLIED_DISJOINT	inspected supplied rule; its syntax/guards are disjoint from every submitted-program execution term	rule dedupFrom(iCons(C:Int, S:IntSeq), ACC:IntSeq) => dedupFrom(S, ACC)
0763	/tmp/audit-work/candidate/reference-semantics/semantics/set.k:22	rule	equational	ACCEPT_SUPPLIED_DISJOINT	inspected supplied rule; its syntax/guards are disjoint from every submitted-program execution term	rule dedupFrom(iCons(C:Int, S:IntSeq), ACC:IntSeq) => dedupFrom(S, snocCode(ACC, C))
0764	/tmp/audit-work/candidate/reference-semantics/semantics/set.k:25	syntax	function,total	ACCEPT_SUPPLIED_DISJOINT	inspected supplied rule; its syntax/guards are disjoint from every submitted-program execution term	syntax IntSeq ::= snocCode(IntSeq, Int) [function, total]
0765	/tmp/audit-work/candidate/reference-semantics/semantics/set.k:26	rule	equational	ACCEPT_SUPPLIED_DISJOINT	inspected supplied rule; its syntax/guards are disjoint from every submitted-program execution term	rule snocCode(.IntSeq, C:Int)                => iCons(C, .IntSeq)
0766	/tmp/audit-work/candidate/reference-semantics/semantics/set.k:27	rule	equational	ACCEPT_SUPPLIED_DISJOINT	inspected supplied rule; its syntax/guards are disjoint from every submitted-program execution term	rule snocCode(iCons(H:Int, T:IntSeq), C:Int) => iCons(H, snocCode(T, C))
0767	/tmp/audit-work/candidate/reference-semantics/semantics/set.k:31	syntax	function,total	ACCEPT_SUPPLIED_DISJOINT	inspected supplied rule; its syntax/guards are disjoint from every submitted-program execution term	syntax Bool ::= subsetCodes(IntSeq, IntSeq) [function, total]
0768	/tmp/audit-work/candidate/reference-semantics/semantics/set.k:32	rule	equational	ACCEPT_SUPPLIED_DISJOINT	inspected supplied rule; its syntax/guards are disjoint from every submitted-program execution term	rule subsetCodes(.IntSeq, _:IntSeq)                => true
0769	/tmp/audit-work/candidate/reference-semantics/semantics/set.k:33	rule	equational	ACCEPT_SUPPLIED_DISJOINT	inspected supplied rule; its syntax/guards are disjoint from every submitted-program execution term	rule subsetCodes(iCons(C:Int, S:IntSeq), B:IntSeq) => codeIn(C, B) andBool subsetCodes(S, B)
0770	/tmp/audit-work/candidate/reference-semantics/semantics/set.k:35	syntax	function,total	ACCEPT_SUPPLIED_DISJOINT	inspected supplied rule; its syntax/guards are disjoint from every submitted-program execution term	syntax Bool ::= sameSet(IntSeq, IntSeq) [function, total]
0771	/tmp/audit-work/candidate/reference-semantics/semantics/set.k:36	rule	equational	ACCEPT_SUPPLIED_DISJOINT	inspected supplied rule; its syntax/guards are disjoint from every submitted-program execution term	rule sameSet(A:IntSeq, B:IntSeq) => subsetCodes(A, B) andBool subsetCodes(B, A)
0772	/tmp/audit-work/candidate/reference-semantics/semantics/set.k:39	rule	equational	ACCEPT_SUPPLIED_DISJOINT	inspected supplied rule; its syntax/guards are disjoint from every submitted-program execution term	rule applyCmp("==", setV(A:IntSeq), setV(B:IntSeq)) => sameSet(A, B)
0773	/tmp/audit-work/candidate/reference-semantics/semantics/sort.k:18	syntax	function,total,symbol,no-evaluators	ACCEPT_SUPPLIED_OPAQUE_INERT	trusted supplied primitive; no such symbol is reachable in this integer-list program	syntax ValSeq ::= sortVS(ValSeq) [function, total, symbol(sortVS), no-evaluators]
0774	/tmp/audit-work/candidate/reference-semantics/semantics/sort.k:19	syntax	function	ACCEPT_SUPPLIED_DISJOINT	inspected supplied rule; its syntax/guards are disjoint from every submitted-program execution term	syntax ValSeq ::= insVS(Int, ValSeq) [function]
0775	/tmp/audit-work/candidate/reference-semantics/semantics/sort.k:20	rule	concrete,equational	ACCEPT_SUPPLIED_DISJOINT	inspected supplied rule; its syntax/guards are disjoint from every submitted-program execution term	rule sortVS(.ValSeq)                => .ValSeq          [concrete]
0776	/tmp/audit-work/candidate/reference-semantics/semantics/sort.k:21	rule	concrete,equational	ACCEPT_SUPPLIED_DISJOINT	inspected supplied rule; its syntax/guards are disjoint from every submitted-program execution term	rule sortVS(vCons(X:Int, R:ValSeq)) => insVS(X, sortVS(R)) [concrete]
0777	/tmp/audit-work/candidate/reference-semantics/semantics/sort.k:22	rule	concrete,equational	ACCEPT_SUPPLIED_DISJOINT	inspected supplied rule; its syntax/guards are disjoint from every submitted-program execution term	rule insVS(X:Int, .ValSeq)                => vCons(X, .ValSeq) [concrete]
0778	/tmp/audit-work/candidate/reference-semantics/semantics/sort.k:23	rule	concrete,equational	ACCEPT_SUPPLIED_DISJOINT	inspected supplied rule; its syntax/guards are disjoint from every submitted-program execution term	rule insVS(X:Int, vCons(Y:Int, R:ValSeq)) => vCons(X, vCons(Y, R)) requires X <=Int Y [concrete]
0779	/tmp/audit-work/candidate/reference-semantics/semantics/sort.k:24	rule	concrete,equational	ACCEPT_SUPPLIED_DISJOINT	inspected supplied rule; its syntax/guards are disjoint from every submitted-program execution term	rule insVS(X:Int, vCons(Y:Int, R:ValSeq)) => vCons(Y, insVS(X, R)) requires X  >Int Y [concrete]
0780	/tmp/audit-work/candidate/reference-semantics/semantics/sort.k:26	syntax	function	ACCEPT_SUPPLIED_DISJOINT	inspected supplied rule; its syntax/guards are disjoint from every submitted-program execution term	syntax ValSeq ::= insVSs(IntSeq, ValSeq) [function]
0781	/tmp/audit-work/candidate/reference-semantics/semantics/sort.k:27	rule	concrete,equational	ACCEPT_SUPPLIED_DISJOINT	inspected supplied rule; its syntax/guards are disjoint from every submitted-program execution term	rule sortVS(vCons(str(CS:IntSeq), R:ValSeq)) => insVSs(CS, sortVS(R)) [concrete]
0782	/tmp/audit-work/candidate/reference-semantics/semantics/sort.k:28	rule	concrete,equational	ACCEPT_SUPPLIED_DISJOINT	inspected supplied rule; its syntax/guards are disjoint from every submitted-program execution term	rule insVSs(A:IntSeq, .ValSeq) => vCons(str(A), .ValSeq) [concrete]
0783	/tmp/audit-work/candidate/reference-semantics/semantics/sort.k:29	rule	concrete,equational	ACCEPT_SUPPLIED_DISJOINT	inspected supplied rule; its syntax/guards are disjoint from every submitted-program execution term	rule insVSs(A:IntSeq, vCons(str(B:IntSeq), R:ValSeq)) => vCons(str(A), vCons(str(B), R))
0784	/tmp/audit-work/candidate/reference-semantics/semantics/sort.k:31	rule	concrete,equational	ACCEPT_SUPPLIED_DISJOINT	inspected supplied rule; its syntax/guards are disjoint from every submitted-program execution term	rule insVSs(A:IntSeq, vCons(str(B:IntSeq), R:ValSeq)) => vCons(str(B), insVSs(A, R))
0785	/tmp/audit-work/candidate/reference-semantics/semantics/sort.k:36	rule	operational	ACCEPT_SUPPLIED_DISJOINT	inspected supplied rule; its syntax/guards are disjoint from every submitted-program execution term	rule <k> #applyK(toCall(builtinV("sorted")), (list(VS:ValSeq), .Vals))
0786	/tmp/audit-work/candidate/reference-semantics/semantics/sort.k:40	rule	priority,operational	ACCEPT_SUPPLIED_DISJOINT	inspected supplied rule; its syntax/guards are disjoint from every submitted-program execution term	rule <k> #applyK(toCall(boundMethodV(ref(H:Int), "sort")), .Vals) => noneV ... </k>
0787	/tmp/audit-work/candidate/reference-semantics/semantics/sort.k:49	syntax	function,total,symbol,no-evaluators	ACCEPT_SUPPLIED_OPAQUE_INERT	trusted supplied primitive; no such symbol is reachable in this integer-list program	syntax ValSeq ::= sortKeyVS(ValSeq, Val) [function, total, symbol(sortKeyVS), no-evaluators]
0788	/tmp/audit-work/candidate/reference-semantics/semantics/sort.k:51	syntax	function,total	ACCEPT_SUPPLIED_DISJOINT	inspected supplied rule; its syntax/guards are disjoint from every submitted-program execution term	syntax ValSeq ::= revVS(ValSeq) [function, total]
0789	/tmp/audit-work/candidate/reference-semantics/semantics/sort.k:53	rule	equational	ACCEPT_SUPPLIED_DISJOINT	inspected supplied rule; its syntax/guards are disjoint from every submitted-program execution term	rule revVS(S:ValSeq) => revVSAcc(S, .ValSeq)
0790	/tmp/audit-work/candidate/reference-semantics/semantics/sort.k:54	rule	equational	ACCEPT_SUPPLIED_DISJOINT	inspected supplied rule; its syntax/guards are disjoint from every submitted-program execution term	rule revVSAcc(.ValSeq, A:ValSeq) => A
0791	/tmp/audit-work/candidate/reference-semantics/semantics/sort.k:55	rule	equational	ACCEPT_SUPPLIED_DISJOINT	inspected supplied rule; its syntax/guards are disjoint from every submitted-program execution term	rule revVSAcc(vCons(V:Val, R:ValSeq), A:ValSeq) => revVSAcc(R, vCons(V, A))
0792	/tmp/audit-work/candidate/reference-semantics/semantics/sort.k:57	syntax	function,total	ACCEPT_SUPPLIED_DISJOINT	inspected supplied rule; its syntax/guards are disjoint from every submitted-program execution term	syntax ValSeq ::= condRev(ValSeq, Bool) [function, total]
0793	/tmp/audit-work/candidate/reference-semantics/semantics/sort.k:58	rule	equational	ACCEPT_SUPPLIED_DISJOINT	inspected supplied rule; its syntax/guards are disjoint from every submitted-program execution term	rule condRev(S:ValSeq, false) => S
0794	/tmp/audit-work/candidate/reference-semantics/semantics/sort.k:59	rule	equational	ACCEPT_SUPPLIED_DISJOINT	inspected supplied rule; its syntax/guards are disjoint from every submitted-program execution term	rule condRev(S:ValSeq, true)  => revVS(S)
0795	/tmp/audit-work/candidate/reference-semantics/semantics/sort.k:61	rule	operational	ACCEPT_SUPPLIED_DISJOINT	inspected supplied rule; its syntax/guards are disjoint from every submitted-program execution term	rule <k> #applyK(toCall(builtinV("sorted")), (list(VS:ValSeq), kwV("key", KV:Val), .Vals))
0796	/tmp/audit-work/candidate/reference-semantics/semantics/sort.k:63	rule	operational	ACCEPT_SUPPLIED_DISJOINT	inspected supplied rule; its syntax/guards are disjoint from every submitted-program execution term	rule <k> #applyK(toCall(builtinV("sorted")), (list(VS:ValSeq), kwV("key", KV:Val), kwV("reverse", RB:Bool), .Vals))
0797	/tmp/audit-work/candidate/reference-semantics/semantics/sort.k:65	rule	operational	ACCEPT_SUPPLIED_DISJOINT	inspected supplied rule; its syntax/guards are disjoint from every submitted-program execution term	rule <k> #applyK(toCall(builtinV("sorted")), (list(VS:ValSeq), kwV("reverse", RB:Bool), .Vals))
0798	/tmp/audit-work/candidate/reference-semantics/semantics/str.k:8	rule	operational	ACCEPT_SUPPLIED_DISJOINT	inspected supplied rule; its syntax/guards are disjoint from every submitted-program execution term	rule <k> #iterNext(str(.IntSeq))                 => #iterDone ... </k>
0799	/tmp/audit-work/candidate/reference-semantics/semantics/str.k:9	rule	operational	ACCEPT_SUPPLIED_DISJOINT	inspected supplied rule; its syntax/guards are disjoint from every submitted-program execution term	rule <k> #iterNext(str(iCons(C:Int, R:IntSeq)))
0800	/tmp/audit-work/candidate/reference-semantics/semantics/str.k:13	syntax	function	ACCEPT_SUPPLIED_DISJOINT	inspected supplied rule; its syntax/guards are disjoint from every submitted-program execution term	syntax IntSeq ::= strToCodes(String) [function]
0801	/tmp/audit-work/candidate/reference-semantics/semantics/str.k:14	rule	operational	ACCEPT_SUPPLIED_DISJOINT	inspected supplied rule; its syntax/guards are disjoint from every submitted-program execution term	rule <k> Str(S:String) => str(strToCodes(S)) ... </k>
0802	/tmp/audit-work/candidate/reference-semantics/semantics/str.k:15	rule	equational	ACCEPT_SUPPLIED_DISJOINT	inspected supplied rule; its syntax/guards are disjoint from every submitted-program execution term	rule strToCodes("") => .IntSeq
0803	/tmp/audit-work/candidate/reference-semantics/semantics/str.k:16	rule	equational	ACCEPT_SUPPLIED_DISJOINT	inspected supplied rule; its syntax/guards are disjoint from every submitted-program execution term	rule strToCodes(S:String) => iCons(ordChar(substrString(S, 0, 1)), strToCodes(substrString(S, 1, lengthString(S))))
0804	/tmp/audit-work/candidate/reference-semantics/semantics/str.k:20	syntax	function,total	ACCEPT_SUPPLIED_DISJOINT	inspected supplied rule; its syntax/guards are disjoint from every submitted-program execution term	syntax IntSeq ::= seqConcat(IntSeq, IntSeq) [function, total]
0805	/tmp/audit-work/candidate/reference-semantics/semantics/str.k:21	rule	equational	ACCEPT_SUPPLIED_DISJOINT	inspected supplied rule; its syntax/guards are disjoint from every submitted-program execution term	rule seqConcat(.IntSeq, T:IntSeq)                => T
0806	/tmp/audit-work/candidate/reference-semantics/semantics/str.k:22	rule	equational	ACCEPT_SUPPLIED_DISJOINT	inspected supplied rule; its syntax/guards are disjoint from every submitted-program execution term	rule seqConcat(iCons(I:Int, S:IntSeq), T:IntSeq) => iCons(I, seqConcat(S, T))
0807	/tmp/audit-work/candidate/reference-semantics/semantics/str.k:24	rule	equational	ACCEPT_SUPPLIED_DISJOINT	inspected supplied rule; its syntax/guards are disjoint from every submitted-program execution term	rule applyBin("+",  str(A:IntSeq), str(B:IntSeq)) => str(seqConcat(A, B))
0808	/tmp/audit-work/candidate/reference-semantics/semantics/str.k:25	rule	equational	ACCEPT_SUPPLIED_DISJOINT	inspected supplied rule; its syntax/guards are disjoint from every submitted-program execution term	rule applyCmp("==", str(A:IntSeq), str(B:IntSeq)) => A ==K B
0809	/tmp/audit-work/candidate/reference-semantics/semantics/str.k:26	rule	equational	ACCEPT_SUPPLIED_DISJOINT	inspected supplied rule; its syntax/guards are disjoint from every submitted-program execution term	rule applyCmp("!=", str(A:IntSeq), str(B:IntSeq)) => notBool (A ==K B)
0810	/tmp/audit-work/candidate/reference-semantics/semantics/str.k:29	rule	equational	ACCEPT_SUPPLIED_DISJOINT	inspected supplied rule; its syntax/guards are disjoint from every submitted-program execution term	rule applyCmp("in",     str(P:IntSeq), str(X:IntSeq)) => strContains(P, X)
0811	/tmp/audit-work/candidate/reference-semantics/semantics/str.k:30	rule	equational	ACCEPT_SUPPLIED_DISJOINT	inspected supplied rule; its syntax/guards are disjoint from every submitted-program execution term	rule applyCmp("not in", str(P:IntSeq), str(X:IntSeq)) => notBool strContains(P, X)
0812	/tmp/audit-work/candidate/reference-semantics/semantics/str.k:32	syntax	function,total	ACCEPT_SUPPLIED_DISJOINT	inspected supplied rule; its syntax/guards are disjoint from every submitted-program execution term	syntax Bool ::= strPrefix(IntSeq, IntSeq) [function, total]
0813	/tmp/audit-work/candidate/reference-semantics/semantics/str.k:33	rule	equational	ACCEPT_SUPPLIED_DISJOINT	inspected supplied rule; its syntax/guards are disjoint from every submitted-program execution term	rule strPrefix(.IntSeq, _:IntSeq)               => true
0814	/tmp/audit-work/candidate/reference-semantics/semantics/str.k:34	rule	equational	ACCEPT_SUPPLIED_DISJOINT	inspected supplied rule; its syntax/guards are disjoint from every submitted-program execution term	rule strPrefix(iCons(_:Int, _:IntSeq), .IntSeq) => false
0815	/tmp/audit-work/candidate/reference-semantics/semantics/str.k:35	rule	equational	ACCEPT_SUPPLIED_DISJOINT	inspected supplied rule; its syntax/guards are disjoint from every submitted-program execution term	rule strPrefix(iCons(A:Int, As:IntSeq), iCons(B:Int, Bs:IntSeq)) => A ==Int B andBool strPrefix(As, Bs)
0816	/tmp/audit-work/candidate/reference-semantics/semantics/str.k:37	syntax	function,total	ACCEPT_SUPPLIED_DISJOINT	inspected supplied rule; its syntax/guards are disjoint from every submitted-program execution term	syntax Bool ::= strContains(IntSeq, IntSeq) [function, total]
0817	/tmp/audit-work/candidate/reference-semantics/semantics/str.k:38	rule	equational	ACCEPT_SUPPLIED_DISJOINT	inspected supplied rule; its syntax/guards are disjoint from every submitted-program execution term	rule strContains(P:IntSeq, X:IntSeq) => true  requires strPrefix(P, X)
0818	/tmp/audit-work/candidate/reference-semantics/semantics/str.k:39	rule	equational	ACCEPT_SUPPLIED_DISJOINT	inspected supplied rule; its syntax/guards are disjoint from every submitted-program execution term	rule strContains(P:IntSeq, .IntSeq)  => false requires notBool strPrefix(P, .IntSeq)
0819	/tmp/audit-work/candidate/reference-semantics/semantics/str.k:40	rule	equational	ACCEPT_SUPPLIED_DISJOINT	inspected supplied rule; its syntax/guards are disjoint from every submitted-program execution term	rule strContains(P:IntSeq, iCons(C:Int, Xs:IntSeq)) => strContains(P, Xs)
0820	/tmp/audit-work/candidate/reference-semantics/semantics/str.k:48	syntax	function,total	ACCEPT_SUPPLIED_DISJOINT	inspected supplied rule; its syntax/guards are disjoint from every submitted-program execution term	syntax Bool ::= strLt(IntSeq, IntSeq) [function, total]
0821	/tmp/audit-work/candidate/reference-semantics/semantics/str.k:49	rule	equational	ACCEPT_SUPPLIED_DISJOINT	inspected supplied rule; its syntax/guards are disjoint from every submitted-program execution term	rule strLt(.IntSeq, .IntSeq)                => false
0822	/tmp/audit-work/candidate/reference-semantics/semantics/str.k:50	rule	equational	ACCEPT_SUPPLIED_DISJOINT	inspected supplied rule; its syntax/guards are disjoint from every submitted-program execution term	rule strLt(.IntSeq, iCons(_:Int, _:IntSeq)) => true
0823	/tmp/audit-work/candidate/reference-semantics/semantics/str.k:51	rule	equational	ACCEPT_SUPPLIED_DISJOINT	inspected supplied rule; its syntax/guards are disjoint from every submitted-program execution term	rule strLt(iCons(_:Int, _:IntSeq), .IntSeq) => false
0824	/tmp/audit-work/candidate/reference-semantics/semantics/str.k:52	rule	equational	ACCEPT_SUPPLIED_DISJOINT	inspected supplied rule; its syntax/guards are disjoint from every submitted-program execution term	rule strLt(iCons(A:Int, As:IntSeq), iCons(B:Int, Bs:IntSeq)) => true          requires A  <Int B
0825	/tmp/audit-work/candidate/reference-semantics/semantics/str.k:53	rule	equational	ACCEPT_SUPPLIED_DISJOINT	inspected supplied rule; its syntax/guards are disjoint from every submitted-program execution term	rule strLt(iCons(A:Int, As:IntSeq), iCons(B:Int, Bs:IntSeq)) => false         requires A  >Int B
0826	/tmp/audit-work/candidate/reference-semantics/semantics/str.k:54	rule	equational	ACCEPT_SUPPLIED_DISJOINT	inspected supplied rule; its syntax/guards are disjoint from every submitted-program execution term	rule strLt(iCons(A:Int, As:IntSeq), iCons(B:Int, Bs:IntSeq)) => strLt(As, Bs) requires A ==Int B
0827	/tmp/audit-work/candidate/reference-semantics/semantics/str.k:56	rule	equational	ACCEPT_SUPPLIED_DISJOINT	inspected supplied rule; its syntax/guards are disjoint from every submitted-program execution term	rule applyCmp("<",  str(A:IntSeq), str(B:IntSeq)) => strLt(A, B)
0828	/tmp/audit-work/candidate/reference-semantics/semantics/str.k:57	rule	equational	ACCEPT_SUPPLIED_DISJOINT	inspected supplied rule; its syntax/guards are disjoint from every submitted-program execution term	rule applyCmp(">",  str(A:IntSeq), str(B:IntSeq)) => strLt(B, A)
0829	/tmp/audit-work/candidate/reference-semantics/semantics/str.k:58	rule	equational	ACCEPT_SUPPLIED_DISJOINT	inspected supplied rule; its syntax/guards are disjoint from every submitted-program execution term	rule applyCmp("<=", str(A:IntSeq), str(B:IntSeq)) => notBool strLt(B, A)
0830	/tmp/audit-work/candidate/reference-semantics/semantics/str.k:59	rule	equational	ACCEPT_SUPPLIED_DISJOINT	inspected supplied rule; its syntax/guards are disjoint from every submitted-program execution term	rule applyCmp(">=", str(A:IntSeq), str(B:IntSeq)) => notBool strLt(A, B)
0831	/tmp/audit-work/candidate/reference-semantics/semantics/subscript.k:11	syntax	function,total	ACCEPT_SUPPLIED_DISJOINT	inspected supplied rule; its syntax/guards are disjoint from every submitted-program execution term	syntax Val ::= valSeqAt(ValSeq, Int) [function, total]
0832	/tmp/audit-work/candidate/reference-semantics/semantics/subscript.k:12	rule	equational	ACCEPT_SUPPLIED_DISJOINT	inspected supplied rule; its syntax/guards are disjoint from every submitted-program execution term	rule valSeqAt(vCons(V:Val, _:ValSeq), 0)     => V
0833	/tmp/audit-work/candidate/reference-semantics/semantics/subscript.k:13	rule	equational	ACCEPT_SUPPLIED_DISJOINT	inspected supplied rule; its syntax/guards are disjoint from every submitted-program execution term	rule valSeqAt(vCons(_:Val, S:ValSeq), I:Int) => valSeqAt(S, I -Int 1)
0834	/tmp/audit-work/candidate/reference-semantics/semantics/subscript.k:16	syntax	function	ACCEPT_SUPPLIED_DISJOINT	inspected supplied rule; its syntax/guards are disjoint from every submitted-program execution term	syntax Int ::= intSeqAt(IntSeq, Int) [function]
0835	/tmp/audit-work/candidate/reference-semantics/semantics/subscript.k:17	rule	equational	ACCEPT_SUPPLIED_DISJOINT	inspected supplied rule; its syntax/guards are disjoint from every submitted-program execution term	rule intSeqAt(iCons(C:Int, _:IntSeq), 0)     => C
0836	/tmp/audit-work/candidate/reference-semantics/semantics/subscript.k:18	rule	equational	ACCEPT_SUPPLIED_DISJOINT	inspected supplied rule; its syntax/guards are disjoint from every submitted-program execution term	rule intSeqAt(iCons(_:Int, S:IntSeq), I:Int) => intSeqAt(S, I -Int 1)
0837	/tmp/audit-work/candidate/reference-semantics/semantics/subscript.k:21	syntax	function,total	ACCEPT_SUPPLIED_DISJOINT	inspected supplied rule; its syntax/guards are disjoint from every submitted-program execution term	syntax Int ::= normIdx(Int, Int) [function, total]
0838	/tmp/audit-work/candidate/reference-semantics/semantics/subscript.k:22	rule	equational	ACCEPT_SUPPLIED_DISJOINT	inspected supplied rule; its syntax/guards are disjoint from every submitted-program execution term	rule normIdx(I:Int, LEN:Int) => I +Int LEN requires I  <Int 0
0839	/tmp/audit-work/candidate/reference-semantics/semantics/subscript.k:23	rule	equational	ACCEPT_SUPPLIED_DISJOINT	inspected supplied rule; its syntax/guards are disjoint from every submitted-program execution term	rule normIdx(I:Int, _:Int)   => I          requires I >=Int 0
0840	/tmp/audit-work/candidate/reference-semantics/semantics/subscript.k:27	context	-	ACCEPT_SUPPLIED_DISJOINT	inspected supplied rule; its syntax/guards are disjoint from every submitted-program execution term	context Subscript(HOLE, _)
0841	/tmp/audit-work/candidate/reference-semantics/semantics/subscript.k:28	context	-	ACCEPT_SUPPLIED_DISJOINT	inspected supplied rule; its syntax/guards are disjoint from every submitted-program execution term	context Subscript(_:Val, HOLE:Expr)
0842	/tmp/audit-work/candidate/reference-semantics/semantics/subscript.k:31	rule	priority,operational	ACCEPT_SUPPLIED_DISJOINT	inspected supplied rule; its syntax/guards are disjoint from every submitted-program execution term	rule <k> Subscript(ref(H:Int), IX:Index) => Subscript(V, IX) ... </k>
0843	/tmp/audit-work/candidate/reference-semantics/semantics/subscript.k:35	rule	operational	ACCEPT_SUPPLIED_DISJOINT	inspected supplied rule; its syntax/guards are disjoint from every submitted-program execution term	rule <k> Subscript(OBJ:Val, I:Int) => applyIndex(OBJ, I) ... </k>
0844	/tmp/audit-work/candidate/reference-semantics/semantics/subscript.k:37	syntax	function	ACCEPT_SUPPLIED_DISJOINT	inspected supplied rule; its syntax/guards are disjoint from every submitted-program execution term	syntax Val ::= applyIndex(Val, Int) [function]
0845	/tmp/audit-work/candidate/reference-semantics/semantics/subscript.k:38	rule	equational	ACCEPT_SUPPLIED_DISJOINT	inspected supplied rule; its syntax/guards are disjoint from every submitted-program execution term	rule applyIndex(list(VS:ValSeq),  I:Int) => valSeqAt(VS, normIdx(I, vsLen(VS)))
0846	/tmp/audit-work/candidate/reference-semantics/semantics/subscript.k:39	rule	equational	ACCEPT_SUPPLIED_DISJOINT	inspected supplied rule; its syntax/guards are disjoint from every submitted-program execution term	rule applyIndex(tuple(VS:ValSeq), I:Int) => valSeqAt(VS, normIdx(I, vsLen(VS)))
0847	/tmp/audit-work/candidate/reference-semantics/semantics/subscript.k:40	rule	equational	ACCEPT_SUPPLIED_DISJOINT	inspected supplied rule; its syntax/guards are disjoint from every submitted-program execution term	rule applyIndex(str(IS:IntSeq),   I:Int)
0848	/tmp/audit-work/candidate/reference-semantics/semantics/subscript.k:44	syntax	-	ACCEPT_SUPPLIED_DISJOINT	inspected supplied rule; its syntax/guards are disjoint from every submitted-program execution term	syntax KItem ::= #evalB(Bound) | "#toSome"
0849	/tmp/audit-work/candidate/reference-semantics/semantics/subscript.k:49	syntax	-	ACCEPT_SUPPLIED_DISJOINT	inspected supplied rule; its syntax/guards are disjoint from every submitted-program execution term	syntax OptInt ::= "noB" | someB(Int)
0850	/tmp/audit-work/candidate/reference-semantics/semantics/subscript.k:50	rule	operational	ACCEPT_SUPPLIED_DISJOINT	inspected supplied rule; its syntax/guards are disjoint from every submitted-program execution term	rule <k> #evalB(NoBound)  => noB ... </k>
0851	/tmp/audit-work/candidate/reference-semantics/semantics/subscript.k:51	rule	operational	ACCEPT_SUPPLIED_DISJOINT	inspected supplied rule; its syntax/guards are disjoint from every submitted-program execution term	rule <k> #evalB(E:Expr)   => E ~> #toSome ... </k>
0852	/tmp/audit-work/candidate/reference-semantics/semantics/subscript.k:52	rule	operational	ACCEPT_SUPPLIED_DISJOINT	inspected supplied rule; its syntax/guards are disjoint from every submitted-program execution term	rule <k> I:Int ~> #toSome => someB(I) ... </k>
0853	/tmp/audit-work/candidate/reference-semantics/semantics/subscript.k:54	rule	operational	ACCEPT_SUPPLIED_DISJOINT	inspected supplied rule; its syntax/guards are disjoint from every submitted-program execution term	rule <k> Subscript(OBJ:Val, Slice(LO:Bound, HI:Bound, ST:Bound)) => #evalB(LO) ~> #slLo(OBJ, HI, ST) ... </k>
0854	/tmp/audit-work/candidate/reference-semantics/semantics/subscript.k:55	rule	operational	ACCEPT_SUPPLIED_DISJOINT	inspected supplied rule; its syntax/guards are disjoint from every submitted-program execution term	rule <k> LO:OptInt ~> #slLo(OBJ:Val, HI:Bound, ST:Bound)   => #evalB(HI) ~> #slHi(OBJ, LO, ST) ... </k>
0855	/tmp/audit-work/candidate/reference-semantics/semantics/subscript.k:56	rule	operational	ACCEPT_SUPPLIED_DISJOINT	inspected supplied rule; its syntax/guards are disjoint from every submitted-program execution term	rule <k> HI:OptInt ~> #slHi(OBJ:Val, LO:OptInt, ST:Bound)  => #evalB(ST) ~> #slStep(OBJ, LO, HI) ... </k>
0856	/tmp/audit-work/candidate/reference-semantics/semantics/subscript.k:58	rule	priority,operational	ACCEPT_SUPPLIED_DISJOINT	inspected supplied rule; its syntax/guards are disjoint from every submitted-program execution term	rule <k> ST:OptInt ~> #slStep(list(VS:ValSeq), LO:OptInt, HI:OptInt)
0857	/tmp/audit-work/candidate/reference-semantics/semantics/subscript.k:61	rule	operational	ACCEPT_SUPPLIED_DISJOINT	inspected supplied rule; its syntax/guards are disjoint from every submitted-program execution term	rule <k> ST:OptInt ~> #slStep(OBJ:Val, LO:OptInt, HI:OptInt) => doSlice(OBJ, LO, HI, ST) ... </k>
0858	/tmp/audit-work/candidate/reference-semantics/semantics/subscript.k:63	syntax	function	ACCEPT_SUPPLIED_DISJOINT	inspected supplied rule; its syntax/guards are disjoint from every submitted-program execution term	syntax Val ::= doSlice(Val, OptInt, OptInt, OptInt) [function]
0859	/tmp/audit-work/candidate/reference-semantics/semantics/subscript.k:64	rule	equational	ACCEPT_SUPPLIED_DISJOINT	inspected supplied rule; its syntax/guards are disjoint from every submitted-program execution term	rule doSlice(list(VS:ValSeq), LO:OptInt, HI:OptInt, ST:OptInt)
0860	/tmp/audit-work/candidate/reference-semantics/semantics/subscript.k:66	rule	equational	ACCEPT_SUPPLIED_DISJOINT	inspected supplied rule; its syntax/guards are disjoint from every submitted-program execution term	rule doSlice(tuple(VS:ValSeq), LO:OptInt, HI:OptInt, ST:OptInt)
0861	/tmp/audit-work/candidate/reference-semantics/semantics/subscript.k:68	rule	equational	ACCEPT_SUPPLIED_DISJOINT	inspected supplied rule; its syntax/guards are disjoint from every submitted-program execution term	rule doSlice(str(IS:IntSeq), LO:OptInt, HI:OptInt, ST:OptInt)
0862	/tmp/audit-work/candidate/reference-semantics/semantics/subscript.k:72	syntax	function,total	ACCEPT_SUPPLIED_DISJOINT	inspected supplied rule; its syntax/guards are disjoint from every submitted-program execution term	syntax Int ::= slStep(OptInt) [function, total]
0863	/tmp/audit-work/candidate/reference-semantics/semantics/subscript.k:73	rule	equational	ACCEPT_SUPPLIED_DISJOINT	inspected supplied rule; its syntax/guards are disjoint from every submitted-program execution term	rule slStep(noB)          => 1
0864	/tmp/audit-work/candidate/reference-semantics/semantics/subscript.k:74	rule	equational	ACCEPT_SUPPLIED_DISJOINT	inspected supplied rule; its syntax/guards are disjoint from every submitted-program execution term	rule slStep(someB(S:Int)) => S
0865	/tmp/audit-work/candidate/reference-semantics/semantics/subscript.k:76	syntax	function	ACCEPT_SUPPLIED_DISJOINT	inspected supplied rule; its syntax/guards are disjoint from every submitted-program execution term	syntax Int ::= slStart(OptInt, OptInt, Int) [function]
0866	/tmp/audit-work/candidate/reference-semantics/semantics/subscript.k:77	rule	equational	ACCEPT_SUPPLIED_DISJOINT	inspected supplied rule; its syntax/guards are disjoint from every submitted-program execution term	rule slStart(noB,          ST:OptInt, _LEN:Int) => 0
0867	/tmp/audit-work/candidate/reference-semantics/semantics/subscript.k:79	rule	equational	ACCEPT_SUPPLIED_DISJOINT	inspected supplied rule; its syntax/guards are disjoint from every submitted-program execution term	rule slStart(noB,          ST:OptInt, LEN:Int)  => LEN -Int 1
0868	/tmp/audit-work/candidate/reference-semantics/semantics/subscript.k:81	rule	equational	ACCEPT_SUPPLIED_DISJOINT	inspected supplied rule; its syntax/guards are disjoint from every submitted-program execution term	rule slStart(someB(I:Int), ST:OptInt, LEN:Int)  => slAdjust(I, LEN, slStep(ST))
0869	/tmp/audit-work/candidate/reference-semantics/semantics/subscript.k:83	syntax	function	ACCEPT_SUPPLIED_DISJOINT	inspected supplied rule; its syntax/guards are disjoint from every submitted-program execution term	syntax Int ::= slStop(OptInt, OptInt, Int) [function]
0870	/tmp/audit-work/candidate/reference-semantics/semantics/subscript.k:84	rule	equational	ACCEPT_SUPPLIED_DISJOINT	inspected supplied rule; its syntax/guards are disjoint from every submitted-program execution term	rule slStop(noB,          ST:OptInt, LEN:Int)  => LEN
0871	/tmp/audit-work/candidate/reference-semantics/semantics/subscript.k:86	rule	equational	ACCEPT_SUPPLIED_DISJOINT	inspected supplied rule; its syntax/guards are disjoint from every submitted-program execution term	rule slStop(noB,          ST:OptInt, _LEN:Int) => -1
0872	/tmp/audit-work/candidate/reference-semantics/semantics/subscript.k:88	rule	equational	ACCEPT_SUPPLIED_DISJOINT	inspected supplied rule; its syntax/guards are disjoint from every submitted-program execution term	rule slStop(someB(I:Int), ST:OptInt, LEN:Int)  => slAdjust(I, LEN, slStep(ST))
0873	/tmp/audit-work/candidate/reference-semantics/semantics/subscript.k:90	syntax	function,total	ACCEPT_SUPPLIED_DISJOINT	inspected supplied rule; its syntax/guards are disjoint from every submitted-program execution term	syntax Int ::= slAdjust(Int, Int, Int) [function, total]
0874	/tmp/audit-work/candidate/reference-semantics/semantics/subscript.k:91	rule	equational	ACCEPT_SUPPLIED_DISJOINT	inspected supplied rule; its syntax/guards are disjoint from every submitted-program execution term	rule slAdjust(I:Int, LEN:Int, STEP:Int) => clampLo(I +Int LEN, STEP)
0875	/tmp/audit-work/candidate/reference-semantics/semantics/subscript.k:93	rule	equational	ACCEPT_SUPPLIED_DISJOINT	inspected supplied rule; its syntax/guards are disjoint from every submitted-program execution term	rule slAdjust(I:Int, LEN:Int, STEP:Int) => clampHi(I, LEN, STEP)
0876	/tmp/audit-work/candidate/reference-semantics/semantics/subscript.k:96	syntax	function,total	ACCEPT_SUPPLIED_DISJOINT	inspected supplied rule; its syntax/guards are disjoint from every submitted-program execution term	syntax Int ::= clampLo(Int, Int) [function, total]
0877	/tmp/audit-work/candidate/reference-semantics/semantics/subscript.k:97	rule	equational	ACCEPT_SUPPLIED_DISJOINT	inspected supplied rule; its syntax/guards are disjoint from every submitted-program execution term	rule clampLo(J:Int, _STEP:Int) => J
0878	/tmp/audit-work/candidate/reference-semantics/semantics/subscript.k:99	rule	equational	ACCEPT_SUPPLIED_DISJOINT	inspected supplied rule; its syntax/guards are disjoint from every submitted-program execution term	rule clampLo(J:Int, STEP:Int)  => #if STEP <Int 0 #then -1 #else 0 #fi
0879	/tmp/audit-work/candidate/reference-semantics/semantics/subscript.k:102	syntax	function,total	ACCEPT_SUPPLIED_DISJOINT	inspected supplied rule; its syntax/guards are disjoint from every submitted-program execution term	syntax Int ::= clampHi(Int, Int, Int) [function, total]
0880	/tmp/audit-work/candidate/reference-semantics/semantics/subscript.k:103	rule	equational	ACCEPT_SUPPLIED_DISJOINT	inspected supplied rule; its syntax/guards are disjoint from every submitted-program execution term	rule clampHi(I:Int, LEN:Int, _STEP:Int) => I
0881	/tmp/audit-work/candidate/reference-semantics/semantics/subscript.k:105	rule	equational	ACCEPT_SUPPLIED_DISJOINT	inspected supplied rule; its syntax/guards are disjoint from every submitted-program execution term	rule clampHi(I:Int, LEN:Int, STEP:Int)  => #if STEP <Int 0 #then LEN -Int 1 #else LEN #fi
0882	/tmp/audit-work/candidate/reference-semantics/semantics/subscript.k:109	syntax	function	ACCEPT_SUPPLIED_DISJOINT	inspected supplied rule; its syntax/guards are disjoint from every submitted-program execution term	syntax ValSeq ::= buildVS(ValSeq, Int, Int, Int) [function]
0883	/tmp/audit-work/candidate/reference-semantics/semantics/subscript.k:110	rule	equational	ACCEPT_SUPPLIED_DISJOINT	inspected supplied rule; its syntax/guards are disjoint from every submitted-program execution term	rule buildVS(VS:ValSeq, I:Int, STOP:Int, STEP:Int)
0884	/tmp/audit-work/candidate/reference-semantics/semantics/subscript.k:113	rule	equational	ACCEPT_SUPPLIED_DISJOINT	inspected supplied rule; its syntax/guards are disjoint from every submitted-program execution term	rule buildVS(_:ValSeq, I:Int, STOP:Int, STEP:Int) => .ValSeq
0885	/tmp/audit-work/candidate/reference-semantics/semantics/subscript.k:116	syntax	function	ACCEPT_SUPPLIED_DISJOINT	inspected supplied rule; its syntax/guards are disjoint from every submitted-program execution term	syntax IntSeq ::= buildIS(IntSeq, Int, Int, Int) [function]
0886	/tmp/audit-work/candidate/reference-semantics/semantics/subscript.k:117	rule	equational	ACCEPT_SUPPLIED_DISJOINT	inspected supplied rule; its syntax/guards are disjoint from every submitted-program execution term	rule buildIS(IS:IntSeq, I:Int, STOP:Int, STEP:Int)
0887	/tmp/audit-work/candidate/reference-semantics/semantics/subscript.k:120	rule	equational	ACCEPT_SUPPLIED_DISJOINT	inspected supplied rule; its syntax/guards are disjoint from every submitted-program execution term	rule buildIS(_:IntSeq, I:Int, STOP:Int, STEP:Int) => .IntSeq
0888	/tmp/audit-work/candidate/reference-semantics/semantics/syntax.k:9	syntax	macro,strict	ACCEPT_SUPPLIED_RELEVANT	inspected supplied rule; patterns, evaluation order, and state effects match the used construct	syntax Expr ::= "Int"      "(" Int ")"
0889	/tmp/audit-work/candidate/reference-semantics/semantics/syntax.k:32	syntax	-	ACCEPT_SUPPLIED_RELEVANT	inspected supplied rule; patterns, evaluation order, and state effects match the used construct	syntax CmpOp    ::= "CmpOp" "(" String "," Expr ")"
0890	/tmp/audit-work/candidate/reference-semantics/semantics/syntax.k:33	syntax	-	ACCEPT_SUPPLIED_RELEVANT	inspected supplied rule; patterns, evaluation order, and state effects match the used construct	syntax Entry    ::= "Entry" "(" Expr "," Expr ")"
0891	/tmp/audit-work/candidate/reference-semantics/semantics/syntax.k:34	syntax	-	ACCEPT_SUPPLIED_RELEVANT	inspected supplied rule; patterns, evaluation order, and state effects match the used construct	syntax Entries  ::= List{Entry, ","}
0892	/tmp/audit-work/candidate/reference-semantics/semantics/syntax.k:35	syntax	-	ACCEPT_SUPPLIED_RELEVANT	inspected supplied rule; patterns, evaluation order, and state effects match the used construct	syntax CompFor  ::= "CompFor" "(" Expr "," Expr "," Exprs ")"
0893	/tmp/audit-work/candidate/reference-semantics/semantics/syntax.k:36	syntax	-	ACCEPT_SUPPLIED_RELEVANT	inspected supplied rule; patterns, evaluation order, and state effects match the used construct	syntax CompFors ::= List{CompFor, ""}
0894	/tmp/audit-work/candidate/reference-semantics/semantics/syntax.k:37	syntax	-	ACCEPT_SUPPLIED_RELEVANT	inspected supplied rule; patterns, evaluation order, and state effects match the used construct	syntax Exprs    ::= List{Expr, ","}
0895	/tmp/audit-work/candidate/reference-semantics/semantics/syntax.k:38	syntax	-	ACCEPT_SUPPLIED_RELEVANT	inspected supplied rule; patterns, evaluation order, and state effects match the used construct	syntax Index    ::= Expr | "Slice" "(" Bound "," Bound "," Bound ")"
0896	/tmp/audit-work/candidate/reference-semantics/semantics/syntax.k:39	syntax	-	ACCEPT_SUPPLIED_RELEVANT	inspected supplied rule; patterns, evaluation order, and state effects match the used construct	syntax Bound    ::= Expr | "NoBound"
0897	/tmp/audit-work/candidate/reference-semantics/semantics/syntax.k:41	syntax	strict	ACCEPT_SUPPLIED_RELEVANT	inspected supplied rule; patterns, evaluation order, and state effects match the used construct	syntax Stmt ::= "Assign"    "(" Expr "," Expr ")" [strict(2)]
0898	/tmp/audit-work/candidate/reference-semantics/semantics/syntax.k:56	syntax	-	ACCEPT_SUPPLIED_RELEVANT	inspected supplied rule; patterns, evaluation order, and state effects match the used construct	syntax Stmts      ::= List{Stmt, ""}
0899	/tmp/audit-work/candidate/reference-semantics/semantics/syntax.k:57	syntax	-	ACCEPT_SUPPLIED_RELEVANT	inspected supplied rule; patterns, evaluation order, and state effects match the used construct	syntax Params     ::= "Params" "(" ParamNames ")"
0900	/tmp/audit-work/candidate/reference-semantics/semantics/syntax.k:58	syntax	-	ACCEPT_SUPPLIED_RELEVANT	inspected supplied rule; patterns, evaluation order, and state effects match the used construct	syntax CellVars   ::= "CellVars" "(" ParamNames ")"
0901	/tmp/audit-work/candidate/reference-semantics/semantics/syntax.k:59	syntax	-	ACCEPT_SUPPLIED_RELEVANT	inspected supplied rule; patterns, evaluation order, and state effects match the used construct	syntax FreeVars   ::= "FreeVars" "(" ParamNames ")"
0902	/tmp/audit-work/candidate/reference-semantics/semantics/syntax.k:60	syntax	-	ACCEPT_SUPPLIED_RELEVANT	inspected supplied rule; patterns, evaluation order, and state effects match the used construct	syntax ParamNames ::= List{String, ","}
0903	/tmp/audit-work/candidate/reference-semantics/semantics/syntax.k:61	syntax	-	ACCEPT_SUPPLIED_RELEVANT	inspected supplied rule; patterns, evaluation order, and state effects match the used construct	syntax Module     ::= "Module" "(" Stmts ")"
0904	/tmp/audit-work/candidate/reference-semantics/semantics/tuple.k:10	rule	operational	ACCEPT_SUPPLIED_RELEVANT	inspected supplied rule; patterns, evaluation order, and state effects match the used construct	rule <k> #iterNext(tuple(.ValSeq))                => #iterDone ... </k>
0905	/tmp/audit-work/candidate/reference-semantics/semantics/tuple.k:11	rule	operational	ACCEPT_SUPPLIED_RELEVANT	inspected supplied rule; patterns, evaluation order, and state effects match the used construct	rule <k> #iterNext(tuple(vCons(V:Val, R:ValSeq))) => #iterYield(V, tuple(R)) ... </k>
0906	/tmp/audit-work/candidate/reference-semantics/semantics/tuple.k:14	syntax	-	ACCEPT_SUPPLIED_RELEVANT	inspected supplied rule; patterns, evaluation order, and state effects match the used construct	syntax ApplyK ::= "toTuple"
0907	/tmp/audit-work/candidate/reference-semantics/semantics/tuple.k:15	rule	operational	ACCEPT_SUPPLIED_RELEVANT	inspected supplied rule; patterns, evaluation order, and state effects match the used construct	rule <k> TupleExpr(ES:Exprs) => #evalArgs(ES, .Vals, toTuple) ... </k>
0908	/tmp/audit-work/candidate/reference-semantics/semantics/tuple.k:16	rule	operational	ACCEPT_SUPPLIED_RELEVANT	inspected supplied rule; patterns, evaluation order, and state effects match the used construct	rule <k> #applyK(toTuple, ACC:Vals) => tuple(vals2valSeq(ACC)) ... </k>
0909	/tmp/audit-work/candidate/reference-semantics/semantics/tuple.k:18	rule	equational	ACCEPT_SUPPLIED_RELEVANT	inspected supplied rule; patterns, evaluation order, and state effects match the used construct	rule applyCmp("==", tuple(A:ValSeq), tuple(B:ValSeq)) => A ==K B
0910	/tmp/audit-work/candidate/reference-semantics/semantics/tuple.k:20	rule	operational	ACCEPT_SUPPLIED_RELEVANT	inspected supplied rule; patterns, evaluation order, and state effects match the used construct	rule <k> Compare(LV:Val, CmpOp("in",     tuple(VS:ValSeq))) => #memberAcc(LV, tuple(VS)) ... </k>
0911	/tmp/audit-work/candidate/reference-semantics/semantics/tuple.k:21	rule	operational	ACCEPT_SUPPLIED_RELEVANT	inspected supplied rule; patterns, evaluation order, and state effects match the used construct	rule <k> Compare(LV:Val, CmpOp("not in", tuple(VS:ValSeq))) => #memberAcc(LV, tuple(VS)) ~> #notB ... </k>
0912	/tmp/audit-work/candidate/reference-semantics/semantics/tuple.k:23	rule	equational	ACCEPT_SUPPLIED_RELEVANT	inspected supplied rule; patterns, evaluation order, and state effects match the used construct	rule applyMethod(tuple(VS:ValSeq), "index", V:Val, .Vals) => idxOfVS(VS, V, 0)
0913	/tmp/audit-work/candidate/reference-semantics/semantics/tuple.k:24	syntax	function	ACCEPT_SUPPLIED_RELEVANT	inspected supplied rule; patterns, evaluation order, and state effects match the used construct	syntax Int ::= idxOfVS(ValSeq, Val, Int) [function]
0914	/tmp/audit-work/candidate/reference-semantics/semantics/tuple.k:25	rule	equational	ACCEPT_SUPPLIED_RELEVANT	inspected supplied rule; patterns, evaluation order, and state effects match the used construct	rule idxOfVS(vCons(A:Val, _:ValSeq), V:Val, I:Int) => I requires A ==K V
0915	/tmp/audit-work/candidate/reference-semantics/semantics/tuple.k:26	rule	equational	ACCEPT_SUPPLIED_RELEVANT	inspected supplied rule; patterns, evaluation order, and state effects match the used construct	rule idxOfVS(vCons(A:Val, R:ValSeq), V:Val, I:Int) => idxOfVS(R, V, I +Int 1)
0916	/tmp/audit-work/candidate/reference-semantics/semantics/tuple.k:28	rule	equational	ACCEPT_SUPPLIED_RELEVANT	inspected supplied rule; patterns, evaluation order, and state effects match the used construct	rule applyCmp("!=", tuple(A:ValSeq), tuple(B:ValSeq)) => notBool (A ==K B)
0917	/tmp/audit-work/candidate/reference-semantics/semantics/tuple.k:31	syntax	-	ACCEPT_SUPPLIED_RELEVANT	inspected supplied rule; patterns, evaluation order, and state effects match the used construct	syntax KItem ::= #bindTgt(Expr, Val)
0918	/tmp/audit-work/candidate/reference-semantics/semantics/tuple.k:32	rule	operational	ACCEPT_SUPPLIED_RELEVANT	inspected supplied rule; patterns, evaluation order, and state effects match the used construct	rule <k> #bindTgt(Name(X:String), V:Val) => .K ... </k>
0919	/tmp/audit-work/candidate/reference-semantics/semantics/tuple.k:35	rule	priority,operational	ACCEPT_SUPPLIED_RELEVANT	inspected supplied rule; patterns, evaluation order, and state effects match the used construct	rule <k> #bindTgt(Name(X:String), V:Val) => #cellW({M[X]}:>Val, V) ... </k>
0920	/tmp/audit-work/candidate/reference-semantics/semantics/tuple.k:42	rule	operational	ACCEPT_SUPPLIED_RELEVANT	inspected supplied rule; patterns, evaluation order, and state effects match the used construct	rule <k> #bindTgt(TupleExpr(TS:Exprs), tuple(VS:ValSeq)) => #unpackSeq(TS, VS) ... </k>
0921	/tmp/audit-work/candidate/reference-semantics/semantics/tuple.k:43	rule	operational	ACCEPT_SUPPLIED_RELEVANT	inspected supplied rule; patterns, evaluation order, and state effects match the used construct	rule <k> #bindTgt(TupleExpr(TS:Exprs), list(VS:ValSeq))  => #unpackSeq(TS, VS) ... </k>
0922	/tmp/audit-work/candidate/reference-semantics/semantics/tuple.k:44	rule	priority,operational	ACCEPT_SUPPLIED_RELEVANT	inspected supplied rule; patterns, evaluation order, and state effects match the used construct	rule <k> #bindTgt(TupleExpr(TS:Exprs), ref(H:Int)) => #bindTgt(TupleExpr(TS), V) ... </k>
0923	/tmp/audit-work/candidate/reference-semantics/semantics/tuple.k:49	syntax	-	ACCEPT_SUPPLIED_RELEVANT	inspected supplied rule; patterns, evaluation order, and state effects match the used construct	syntax KItem ::= #unpackSeq(Exprs, ValSeq)
0924	/tmp/audit-work/candidate/reference-semantics/semantics/tuple.k:50	rule	operational	ACCEPT_SUPPLIED_RELEVANT	inspected supplied rule; patterns, evaluation order, and state effects match the used construct	rule <k> Assign(TupleExpr(TS:Exprs), tuple(VS:ValSeq)) => #unpackSeq(TS, VS) ... </k>
0925	/tmp/audit-work/candidate/reference-semantics/semantics/tuple.k:51	rule	operational	ACCEPT_SUPPLIED_RELEVANT	inspected supplied rule; patterns, evaluation order, and state effects match the used construct	rule <k> Assign(TupleExpr(TS:Exprs), list(VS:ValSeq))  => #unpackSeq(TS, VS) ... </k>
0926	/tmp/audit-work/candidate/reference-semantics/semantics/tuple.k:52	rule	priority,operational	ACCEPT_SUPPLIED_RELEVANT	inspected supplied rule; patterns, evaluation order, and state effects match the used construct	rule <k> Assign(TupleExpr(TS:Exprs), ref(H:Int)) => Assign(TupleExpr(TS), V) ... </k>
0927	/tmp/audit-work/candidate/reference-semantics/semantics/tuple.k:55	rule	operational	ACCEPT_SUPPLIED_RELEVANT	inspected supplied rule; patterns, evaluation order, and state effects match the used construct	rule <k> #unpackSeq((T:Expr, TS:Exprs), vCons(V:Val, VS:ValSeq))
0928	/tmp/audit-work/candidate/reference-semantics/semantics/tuple.k:57	rule	operational	ACCEPT_SUPPLIED_RELEVANT	inspected supplied rule; patterns, evaluation order, and state effects match the used construct	rule <k> #unpackSeq(.Exprs, .ValSeq) => .K ... </k>
0929	/tmp/audit-work/candidate/spec.k:9	claim	-	TARGET_CLAIM	audited dynamically, for satisfiability, result constraint, and real-program pinning	claim
0930	/tmp/audit-work/candidate/spec.k:53	claim	-	TARGET_CLAIM	audited dynamically, for satisfiability, result constraint, and real-program pinning	claim
0931	/tmp/audit-work/candidate/verification.k:8	syntax	macro	ACCEPT_EXACT_PROGRAM_MACRO	macro expansion was KORE-identical to the submitted translated module	syntax Stmts ::= "nextSmallestLoopBody" [macro]
0932	/tmp/audit-work/candidate/verification.k:9	rule	equational	ACCEPT_EXACT_PROGRAM_MACRO	macro expansion was KORE-identical to the submitted translated module	rule nextSmallestLoopBody =>
0933	/tmp/audit-work/candidate/verification.k:27	syntax	macro	ACCEPT_EXACT_PROGRAM_MACRO	macro expansion was KORE-identical to the submitted translated module	syntax Stmts ::= "nextSmallestReturn" [macro]
0934	/tmp/audit-work/candidate/verification.k:28	rule	equational	ACCEPT_EXACT_PROGRAM_MACRO	macro expansion was KORE-identical to the submitted translated module	rule nextSmallestReturn =>
0935	/tmp/audit-work/candidate/verification.k:34	syntax	macro	ACCEPT_EXACT_PROGRAM_MACRO	macro expansion was KORE-identical to the submitted translated module	syntax Stmts ::= "nextSmallestBody" [macro]
0936	/tmp/audit-work/candidate/verification.k:35	rule	equational	ACCEPT_EXACT_PROGRAM_MACRO	macro expansion was KORE-identical to the submitted translated module	rule nextSmallestBody =>
0937	/tmp/audit-work/candidate/verification.k:43	syntax	macro	ACCEPT_EXACT_PROGRAM_MACRO	macro expansion was KORE-identical to the submitted translated module	syntax Module ::= "solutionModule" [macro]
0938	/tmp/audit-work/candidate/verification.k:44	rule	equational	ACCEPT_EXACT_PROGRAM_MACRO	macro expansion was KORE-identical to the submitted translated module	rule solutionModule =>
0939	/tmp/audit-work/candidate/verification.k:49	syntax	-	ACCEPT_PROOF_LOCAL_DECLARATION	constructor/selector declaration or exhaustive equation with no oracle value	syntax Ints ::= "nilInts" | consInts(Int, Ints)
0940	/tmp/audit-work/candidate/verification.k:50	syntax	-	ACCEPT_PROOF_LOCAL_DECLARATION	constructor/selector declaration or exhaustive equation with no oracle value	syntax ValSeq ::= intVals(Ints)
0941	/tmp/audit-work/candidate/verification.k:51	syntax	function,total	ACCEPT_PROOF_LOCAL_DECLARATION	constructor/selector declaration or exhaustive equation with no oracle value	syntax Bool ::= intsEmpty(Ints) [function, total]
0942	/tmp/audit-work/candidate/verification.k:52	syntax	function,total	ACCEPT_WITH_INERT_UNDERDEFINITION	total head/tail are equation-free on nilInts, but all target uses are guarded nonempty	syntax Int ::= intsHead(Ints) [function, total]
0943	/tmp/audit-work/candidate/verification.k:53	syntax	function,total	ACCEPT_WITH_INERT_UNDERDEFINITION	total head/tail are equation-free on nilInts, but all target uses are guarded nonempty	syntax Ints ::= intsTail(Ints) [function, total]
0944	/tmp/audit-work/candidate/verification.k:54	rule	equational	ACCEPT_PROOF_LOCAL_DECLARATION	constructor/selector declaration or exhaustive equation with no oracle value	rule intsEmpty(nilInts) => true
0945	/tmp/audit-work/candidate/verification.k:55	rule	equational	ACCEPT_PROOF_LOCAL_DECLARATION	constructor/selector declaration or exhaustive equation with no oracle value	rule intsEmpty(consInts(_:Int, _:Ints)) => false
0946	/tmp/audit-work/candidate/verification.k:56	rule	equational	ACCEPT_PROOF_LOCAL_DECLARATION	constructor/selector declaration or exhaustive equation with no oracle value	rule intsHead(consInts(X:Int, _:Ints)) => X
0947	/tmp/audit-work/candidate/verification.k:57	rule	equational	ACCEPT_PROOF_LOCAL_DECLARATION	constructor/selector declaration or exhaustive equation with no oracle value	rule intsTail(consInts(_:Int, XS:Ints)) => XS
0948	/tmp/audit-work/candidate/verification.k:58	rule	operational	ACCEPT_ITERATOR_ABSTRACTION	nil/cons guards partition Ints and mirror supplied .ValSeq/vCons iterator rules	rule <k> #iterNext(list(intVals(IS:Ints))) => #iterDone ... </k>
0949	/tmp/audit-work/candidate/verification.k:60	rule	operational	ACCEPT_ITERATOR_ABSTRACTION	nil/cons guards partition Ints and mirror supplied .ValSeq/vCons iterator rules	rule <k> #iterNext(list(intVals(IS:Ints)))
0950	/tmp/audit-work/candidate/verification.k:66	syntax	function,total	ACCEPT_RESULT_SUMMARY	nsScan is exhaustively guarded and structurally recursive on Ints	syntax Val ::= nsScan(Ints, Int, Int, Int) [function, total]
0951	/tmp/audit-work/candidate/verification.k:67	rule	equational	ACCEPT_RESULT_SUMMARY_EQUATION	disjoint/exhaustive branch equation mirrors the corresponding program branch	rule nsScan(IS:Ints, _:Int, N:Int, C:Int) => N
0952	/tmp/audit-work/candidate/verification.k:69	rule	equational	ACCEPT_RESULT_SUMMARY_EQUATION	disjoint/exhaustive branch equation mirrors the corresponding program branch	rule nsScan(IS:Ints, _:Int, _:Int, C:Int) => noneV
0953	/tmp/audit-work/candidate/verification.k:71	rule	equational	ACCEPT_RESULT_SUMMARY_EQUATION	disjoint/exhaustive branch equation mirrors the corresponding program branch	rule nsScan(IS:Ints, _:Int, N:Int, C:Int)
0954	/tmp/audit-work/candidate/verification.k:74	rule	equational	ACCEPT_RESULT_SUMMARY_EQUATION	disjoint/exhaustive branch equation mirrors the corresponding program branch	rule nsScan(IS:Ints, S:Int, _:Int, C:Int)
0955	/tmp/audit-work/candidate/verification.k:78	rule	equational	ACCEPT_RESULT_SUMMARY_EQUATION	disjoint/exhaustive branch equation mirrors the corresponding program branch	rule nsScan(IS:Ints, S:Int, N:Int, C:Int)
0956	/tmp/audit-work/candidate/verification.k:82	rule	equational	ACCEPT_RESULT_SUMMARY_EQUATION	disjoint/exhaustive branch equation mirrors the corresponding program branch	rule nsScan(IS:Ints, S:Int, _:Int, C:Int)
0957	/tmp/audit-work/candidate/verification.k:86	rule	equational	ACCEPT_RESULT_SUMMARY_EQUATION	disjoint/exhaustive branch equation mirrors the corresponding program branch	rule nsScan(IS:Ints, S:Int, N:Int, C:Int)
0958	/tmp/audit-work/candidate/verification.k:91	rule	equational	ACCEPT_RESULT_SUMMARY_EQUATION	disjoint/exhaustive branch equation mirrors the corresponding program branch	rule nsScan(IS:Ints, S:Int, N:Int, C:Int)
0959	/tmp/audit-work/candidate/verification.k:104	rule	priority,operational	ACCEPT_VALIDATED_OPERATIONAL_LEMMA	complete bridge-free connection theorem closes with the independent MAP delete law	rule

EXIT_STATUS: 0
