Script started on 2026-07-31 01:15:45-05:00 [<not executed on terminal>]
{
  "obligations": [
    {
      "discovery_manifest_sha256": "ac864263543109dab05b2a7af63cb86c3697512cb991a6626db778fcb5d48b7f",
      "inventory_sha256": "36b7269f531b8499a3ecc5033b85b9cbd19024d07da31b455cd99ab6ca61e21c",
      "lean_conjunct": "\u2200 (V : SortVal), ((\u00abproject:Int?\u00bb (SortK.kseq ((@inj SortVal SortKItem) V) SortK.dotk)).isSome = true) \u2194 (((\u00abdefinedProjectInt(_)_VERIFICATION-SYNTAX_Bool_Val\u00bb V : SortBool) = (true : SortBool)) \u2227 (True))",
      "lean_conjunct_sha256": "ce0f276ad7b2528096ca9e5a35313efda011c4233e78d082f1c4a85fe71d4d42",
      "normalized_sha256": "0312858a8718cb93d212cdb7b679a2875534dc14191dff8edf7bccf9a96d8b43",
      "source_rule_id": "rule-0312858a8718cb93d212cdb7b679a2875534dc14191dff8edf7bccf9a96d8b43",
      "source_span": {
        "end_line": 32,
        "start_line": 30
      }
    },
    {
      "discovery_manifest_sha256": "ac864263543109dab05b2a7af63cb86c3697512cb991a6626db778fcb5d48b7f",
      "inventory_sha256": "36b7269f531b8499a3ecc5033b85b9cbd19024d07da31b455cd99ab6ca61e21c",
      "lean_conjunct": "\u2200 (I : SortInt) (V : SortVal) (h : (isInt (SortK.kseq ((@inj SortVal SortKItem) V) SortK.dotk)) = true), (\u00abapplyBin(_,_,_)_MPY-CORE_Val_String_Val_Val\u00bb \"%\" V (SortVal.inj_SortInt I) : SortVal) = (SortVal.inj_SortInt (\u00abpyMod(_,_)_MPY-INT_Int_Int_Int\u00bb (projectIntTotal V) I) : SortVal)",
      "lean_conjunct_sha256": "83f29dc243d7cb4373339930d88f6095d76bf7a300c23bdcba51368367a50e42",
      "normalized_sha256": "2dd919bc012c069b3c8fffc3cbdb9c9070068f0c8eca42acdc492a3b3db5315a",
      "source_rule_id": "rule-2dd919bc012c069b3c8fffc3cbdb9c9070068f0c8eca42acdc492a3b3db5315a",
      "source_span": {
        "end_line": 48,
        "start_line": 45
      }
    },
    {
      "discovery_manifest_sha256": "ac864263543109dab05b2a7af63cb86c3697512cb991a6626db778fcb5d48b7f",
      "inventory_sha256": "36b7269f531b8499a3ecc5033b85b9cbd19024d07da31b455cd99ab6ca61e21c",
      "lean_conjunct": "\u2200 (V : SortVal) (I : SortInt) (h : (isInt (SortK.kseq ((@inj SortVal SortKItem) V) SortK.dotk)) = true), (\u00abapplyBin(_,_,_)_MPY-CORE_Val_String_Val_Val\u00bb \"+\" (SortVal.inj_SortInt I) V : SortVal) = (SortVal.inj_SortInt (\u00ab_+Int_\u00bb I (projectIntTotal V)) : SortVal)",
      "lean_conjunct_sha256": "a136af3fd103d20f196072b8ee784210ef685f811d046b4ef8b9a139ce2b8f9c",
      "normalized_sha256": "573796c5ae90b21570a38c51e4cd10a1610683b2a2b51c68ff466ef5277fc7fc",
      "source_rule_id": "rule-573796c5ae90b21570a38c51e4cd10a1610683b2a2b51c68ff466ef5277fc7fc",
      "source_span": {
        "end_line": 52,
        "start_line": 49
      }
    }
  ],
  "schema_version": 3,
  "source_rules": [
    {
      "attributes": [
        "simplification"
      ],
      "classification": "DOMAIN_LEMMA",
      "discovery_manifest_sha256": "ac864263543109dab05b2a7af63cb86c3697512cb991a6626db778fcb5d48b7f",
      "end_line": 32,
      "inventory_sha256": "36b7269f531b8499a3ecc5033b85b9cbd19024d07da31b455cd99ab6ca61e21c",
      "module": "VERIFICATION",
      "normalized_sha256": "0312858a8718cb93d212cdb7b679a2875534dc14191dff8edf7bccf9a96d8b43",
      "rationale": "Unproved simplification fact characterizing definedness of the pre-existing partial Val-to-Int cast; Stage 1 uses it without first proving this exact rule in a module that omits it.",
      "source_rule_id": "rule-0312858a8718cb93d212cdb7b679a2875534dc14191dff8edf7bccf9a96d8b43",
      "start_line": 30,
      "text": "  rule #Ceil({@V:Val}:>Int)\n    => ({ definedProjectInt(@V) #Equals true } #And #Ceil(@V))\n    [simplification]"
    },
    {
      "attributes": [
        "simplification"
      ],
      "classification": "DOMAIN_LEMMA",
      "discovery_manifest_sha256": "ac864263543109dab05b2a7af63cb86c3697512cb991a6626db778fcb5d48b7f",
      "end_line": 48,
      "inventory_sha256": "36b7269f531b8499a3ecc5033b85b9cbd19024d07da31b455cd99ab6ca61e21c",
      "module": "VERIFICATION",
      "normalized_sha256": "2dd919bc012c069b3c8fffc3cbdb9c9070068f0c8eca42acdc492a3b3db5315a",
      "rationale": "Unproved simplification fact extending the pre-existing applyBin percent operation from a statically sorted Int to an isInt-guarded Val via projection; it is not a definition of a new symbol and was present before all Stage 1 proofs.",
      "source_rule_id": "rule-2dd919bc012c069b3c8fffc3cbdb9c9070068f0c8eca42acdc492a3b3db5315a",
      "start_line": 45,
      "text": "  rule applyBin(\"%\", V:Val, I:Int)\n    => pyMod(projectIntTotal(V), I)\n    requires isInt(V)\n    [simplification]"
    },
    {
      "attributes": [
        "simplification"
      ],
      "classification": "DOMAIN_LEMMA",
      "discovery_manifest_sha256": "ac864263543109dab05b2a7af63cb86c3697512cb991a6626db778fcb5d48b7f",
      "end_line": 52,
      "inventory_sha256": "36b7269f531b8499a3ecc5033b85b9cbd19024d07da31b455cd99ab6ca61e21c",
      "module": "VERIFICATION",
      "normalized_sha256": "573796c5ae90b21570a38c51e4cd10a1610683b2a2b51c68ff466ef5277fc7fc",
      "rationale": "Unproved simplification fact extending the pre-existing applyBin addition operation from a statically sorted Int to an isInt-guarded Val via projection; no Stage 1 rule-free proof establishes its exact statement.",
      "source_rule_id": "rule-573796c5ae90b21570a38c51e4cd10a1610683b2a2b51c68ff466ef5277fc7fc",
      "start_line": 49,
      "text": "  rule applyBin(\"+\", I:Int, V:Val)\n    => I +Int projectIntTotal(V)\n    requires isInt(V)\n    [simplification]"
    }
  ],
  "trust_parameters": [
    {
      "binding_sha256": "6d899a4f2f159d557841c1d780bc3d59086f341658e37692ba672635fc4a2957",
      "kore_symbol": "Lbl'UndsPlus'Int'Unds'",
      "name": "\u00ab_+Int_\u00bb",
      "source_rule_ids": [
        "rule-573796c5ae90b21570a38c51e4cd10a1610683b2a2b51c68ff466ef5277fc7fc"
      ],
      "type": "SortInt \u2192 SortInt \u2192 SortInt"
    },
    {
      "binding_sha256": "d408d62c1134fcea596fa6389456ac82f77c0b437c55b4cd838496cc87113309",
      "kore_symbol": "LblapplyBin'LParUndsCommUndsCommUndsRParUnds'MPY-CORE'Unds'Val'Unds'String'Unds'Val'Unds'Val",
      "name": "\u00abapplyBin(_,_,_)_MPY-CORE_Val_String_Val_Val\u00bb",
      "source_rule_ids": [
        "rule-2dd919bc012c069b3c8fffc3cbdb9c9070068f0c8eca42acdc492a3b3db5315a",
        "rule-573796c5ae90b21570a38c51e4cd10a1610683b2a2b51c68ff466ef5277fc7fc"
      ],
      "type": "SortString \u2192 SortVal \u2192 SortVal \u2192 SortVal"
    },
    {
      "binding_sha256": "69fd93d86638e7b4c8da274f10efe312e030b9abd350a80d7294befcd772bab5",
      "kore_symbol": "LbldefinedProjectInt'LParUndsRParUnds'VERIFICATION-SYNTAX'Unds'Bool'Unds'Val",
      "name": "\u00abdefinedProjectInt(_)_VERIFICATION-SYNTAX_Bool_Val\u00bb",
      "source_rule_ids": [
        "rule-0312858a8718cb93d212cdb7b679a2875534dc14191dff8edf7bccf9a96d8b43"
      ],
      "type": "SortVal \u2192 SortBool"
    },
    {
      "binding_sha256": "071f250f1903830360e6723464e5f5c3c41aa33e5ee809d958f0cc8fd978065d",
      "kore_symbol": "LblisInt",
      "name": "isInt",
      "source_rule_ids": [
        "rule-2dd919bc012c069b3c8fffc3cbdb9c9070068f0c8eca42acdc492a3b3db5315a",
        "rule-573796c5ae90b21570a38c51e4cd10a1610683b2a2b51c68ff466ef5277fc7fc"
      ],
      "type": "SortK \u2192 SortBool"
    },
    {
      "binding_sha256": "7c2fbba40851f7b8faa3285da16802559f3ee97a02f19273084e75c157aa2940",
      "kore_symbol": "LblprojectIntTotal",
      "name": "projectIntTotal",
      "source_rule_ids": [
        "rule-2dd919bc012c069b3c8fffc3cbdb9c9070068f0c8eca42acdc492a3b3db5315a",
        "rule-573796c5ae90b21570a38c51e4cd10a1610683b2a2b51c68ff466ef5277fc7fc"
      ],
      "type": "SortVal \u2192 SortInt"
    },
    {
      "binding_sha256": "f73a78c8c119c95e032b6c690354bd76a633b4de79a200c9d6799f71bba21c0b",
      "kore_symbol": "LblpyMod'LParUndsCommUndsRParUnds'MPY-INT'Unds'Int'Unds'Int'Unds'Int",
      "name": "\u00abpyMod(_,_)_MPY-INT_Int_Int_Int\u00bb",
      "source_rule_ids": [
        "rule-2dd919bc012c069b3c8fffc3cbdb9c9070068f0c8eca42acdc492a3b3db5315a"
      ],
      "type": "SortInt \u2192 SortInt \u2192 SortInt"
    },
    {
      "binding_sha256": "c33c361b9b4a117c2db45615d1783153bf557f665db41c17fa864d52f12dcc99",
      "kore_symbol": "Lblproject'Coln'Int",
      "name": "\u00abproject:Int?\u00bb",
      "source_rule_ids": [
        "rule-0312858a8718cb93d212cdb7b679a2875534dc14191dff8edf7bccf9a96d8b43"
      ],
      "type": "SortK \u2192 Option SortInt"
    }
  ]
}
{
  "allowlist": [
    {
      "declaration_name": "concatAx",
      "kind": "axiom",
      "line": "183",
      "name": "ListHookDef.concatAx",
      "reason": "Klean-generated trust boundary",
      "source": "Klean85Add/Prelude.lean",
      "type": "List T \u2192 List T \u2192 Option (List T)"
    },
    {
      "declaration_name": "elementAx",
      "kind": "axiom",
      "line": "184",
      "name": "ListHookDef.elementAx",
      "reason": "Klean-generated trust boundary",
      "source": "Klean85Add/Prelude.lean",
      "type": "T \u2192 List T"
    },
    {
      "declaration_name": "fillAx",
      "kind": "axiom",
      "line": "190",
      "name": "ListHookDef.fillAx",
      "reason": "Klean-generated trust boundary",
      "source": "Klean85Add/Prelude.lean",
      "type": "List T \u2192 Int \u2192 T \u2192 Option (List T)"
    },
    {
      "declaration_name": "getAx",
      "kind": "axiom",
      "line": "186",
      "name": "ListHookDef.getAx",
      "reason": "Klean-generated trust boundary",
      "source": "Klean85Add/Prelude.lean",
      "type": "Int \u2192 List T \u2192 Option T"
    },
    {
      "declaration_name": "inListAx",
      "kind": "axiom",
      "line": "192",
      "name": "ListHookDef.inListAx",
      "reason": "Klean-generated trust boundary",
      "source": "Klean85Add/Prelude.lean",
      "type": "T \u2192 List T \u2192 Bool"
    },
    {
      "declaration_name": "makeAx",
      "kind": "axiom",
      "line": "188",
      "name": "ListHookDef.makeAx",
      "reason": "Klean-generated trust boundary",
      "source": "Klean85Add/Prelude.lean",
      "type": "Int \u2192 T \u2192 Option (List T)"
    },
    {
      "declaration_name": "pushAx",
      "kind": "axiom",
      "line": "185",
      "name": "ListHookDef.pushAx",
      "reason": "Klean-generated trust boundary",
      "source": "Klean85Add/Prelude.lean",
      "type": "T \u2192 List T \u2192 List T"
    },
    {
      "declaration_name": "rangeAx",
      "kind": "axiom",
      "line": "191",
      "name": "ListHookDef.rangeAx",
      "reason": "Klean-generated trust boundary",
      "source": "Klean85Add/Prelude.lean",
      "type": "List T \u2192 Int \u2192 Int \u2192 Option (List T)"
    },
    {
      "declaration_name": "sizeAx",
      "kind": "axiom",
      "line": "193",
      "name": "ListHookDef.sizeAx",
      "reason": "Klean-generated trust boundary",
      "source": "Klean85Add/Prelude.lean",
      "type": "List T \u2192 Int"
    },
    {
      "declaration_name": "splitAx",
      "kind": "axiom",
      "line": "194",
      "name": "ListHookDef.splitAx",
      "reason": "Klean-generated trust boundary",
      "source": "Klean85Add/Prelude.lean",
      "type": "List T \u2192 Nat \u2192 Nat \u2192 Option (List T \u00d7 List T \u00d7 List T)"
    },
    {
      "declaration_name": "unitAx",
      "kind": "axiom",
      "line": "182",
      "name": "ListHookDef.unitAx",
      "reason": "Klean-generated trust boundary",
      "source": "Klean85Add/Prelude.lean",
      "type": "List T"
    },
    {
      "declaration_name": "updateAllAx",
      "kind": "axiom",
      "line": "189",
      "name": "ListHookDef.updateAllAx",
      "reason": "Klean-generated trust boundary",
      "source": "Klean85Add/Prelude.lean",
      "type": "List T \u2192 Int \u2192 List T \u2192 Option (List T)"
    },
    {
      "declaration_name": "updteAx",
      "kind": "axiom",
      "line": "187",
      "name": "ListHookDef.updteAx",
      "reason": "Klean-generated trust boundary",
      "source": "Klean85Add/Prelude.lean",
      "type": "Int \u2192 T \u2192 List T \u2192 Option (List T)"
    },
    {
      "declaration_name": "choiceAx",
      "kind": "axiom",
      "line": "78",
      "name": "MapHookDef.choiceAx",
      "reason": "Klean-generated trust boundary",
      "source": "Klean85Add/Prelude.lean",
      "type": "List (K \u00d7 V) \u2192 K -- arbitrary key from a map"
    },
    {
      "declaration_name": "concatAx",
      "kind": "axiom",
      "line": "69",
      "name": "MapHookDef.concatAx",
      "reason": "Klean-generated trust boundary",
      "source": "Klean85Add/Prelude.lean",
      "type": "List (K \u00d7 V) \u2192 List (K \u00d7 V) \u2192 Option (List (K \u00d7 V))"
    },
    {
      "declaration_name": "consAx",
      "kind": "axiom",
      "line": "64",
      "name": "MapHookDef.consAx",
      "reason": "Klean-generated trust boundary",
      "source": "Klean85Add/Prelude.lean",
      "type": "K \u2192 V \u2192 List (K \u00d7 V) \u2192 List (K \u00d7 V)"
    },
    {
      "declaration_name": "deleteAx",
      "kind": "axiom",
      "line": "68",
      "name": "MapHookDef.deleteAx",
      "reason": "Klean-generated trust boundary",
      "source": "Klean85Add/Prelude.lean",
      "type": "List (K \u00d7 V) \u2192 K \u2192 List (K \u00d7 V)"
    },
    {
      "declaration_name": "differenceAx",
      "kind": "axiom",
      "line": "70",
      "name": "MapHookDef.differenceAx",
      "reason": "Klean-generated trust boundary",
      "source": "Klean85Add/Prelude.lean",
      "type": "List (K \u00d7 V) \u2192 List (K \u00d7 V) \u2192 List (K \u00d7 V)"
    },
    {
      "declaration_name": "in_keysAx",
      "kind": "axiom",
      "line": "74",
      "name": "MapHookDef.in_keysAx",
      "reason": "Klean-generated trust boundary",
      "source": "Klean85Add/Prelude.lean",
      "type": "List (K \u00d7 V) \u2192 K \u2192 Bool"
    },
    {
      "declaration_name": "includesAx",
      "kind": "axiom",
      "line": "77",
      "name": "MapHookDef.includesAx",
      "reason": "Klean-generated trust boundary",
      "source": "Klean85Add/Prelude.lean",
      "type": "List (K \u00d7 V) \u2192 List (K \u00d7 V) \u2192 Bool -- map inclusion"
    },
    {
      "declaration_name": "keysAx",
      "kind": "axiom",
      "line": "73",
      "name": "MapHookDef.keysAx",
      "reason": "Klean-generated trust boundary",
      "source": "Klean85Add/Prelude.lean",
      "type": "List (K \u00d7 V) \u2192 List K"
    },
    {
      "declaration_name": "lookupAx",
      "kind": "axiom",
      "line": "65",
      "name": "MapHookDef.lookupAx",
      "reason": "Klean-generated trust boundary",
      "source": "Klean85Add/Prelude.lean",
      "type": "List (K \u00d7 V) \u2192 K \u2192 Option V"
    },
    {
      "declaration_name": "lookupAx?",
      "kind": "axiom",
      "line": "66",
      "name": "MapHookDef.lookupAx?",
      "reason": "Klean-generated trust boundary",
      "source": "Klean85Add/Prelude.lean",
      "type": "List (K \u00d7 V) \u2192 K \u2192 V -- lookup with default"
    },
    {
      "declaration_name": "removeAllAx",
      "kind": "axiom",
      "line": "72",
      "name": "MapHookDef.removeAllAx",
      "reason": "Klean-generated trust boundary",
      "source": "Klean85Add/Prelude.lean",
      "type": "List (K \u00d7 V) \u2192 List K \u2192 List (K \u00d7 V)"
    },
    {
      "declaration_name": "sizeAx",
      "kind": "axiom",
      "line": "76",
      "name": "MapHookDef.sizeAx",
      "reason": "Klean-generated trust boundary",
      "source": "Klean85Add/Prelude.lean",
      "type": "List (K \u00d7 V) \u2192 Nat"
    },
    {
      "declaration_name": "splitAx",
      "kind": "axiom",
      "line": "80",
      "name": "MapHookDef.splitAx",
      "reason": "Klean-generated trust boundary",
      "source": "Klean85Add/Prelude.lean",
      "type": "List (K \u00d7 V) \u2192 List K \u2192 Option (List V \u00d7 List (K \u00d7 V))"
    },
    {
      "declaration_name": "unitAx",
      "kind": "axiom",
      "line": "63",
      "name": "MapHookDef.unitAx",
      "reason": "Klean-generated trust boundary",
      "source": "Klean85Add/Prelude.lean",
      "type": "List (K \u00d7 V)"
    },
    {
      "declaration_name": "updateAx",
      "kind": "axiom",
      "line": "67",
      "name": "MapHookDef.updateAx",
      "reason": "Klean-generated trust boundary",
      "source": "Klean85Add/Prelude.lean",
      "type": "K \u2192 V \u2192 List (K \u00d7 V) \u2192 List (K \u00d7 V)"
    },
    {
      "declaration_name": "updateMapAx",
      "kind": "axiom",
      "line": "71",
      "name": "MapHookDef.updateMapAx",
      "reason": "Klean-generated trust boundary",
      "source": "Klean85Add/Prelude.lean",
      "type": "List (K \u00d7 V) \u2192 List (K \u00d7 V) \u2192 List (K \u00d7 V)"
    },
    {
      "declaration_name": "valuesAx",
      "kind": "axiom",
      "line": "75",
      "name": "MapHookDef.valuesAx",
      "reason": "Klean-generated trust boundary",
      "source": "Klean85Add/Prelude.lean",
      "type": "List (K \u00d7 V) \u2192 List V"
    },
    {
      "declaration_name": "choiceAx",
      "kind": "axiom",
      "line": "134",
      "name": "SetHookDef.choiceAx",
      "reason": "Klean-generated trust boundary",
      "source": "Klean85Add/Prelude.lean",
      "type": "List T \u2192 T"
    },
    {
      "declaration_name": "concatAx",
      "kind": "axiom",
      "line": "126",
      "name": "SetHookDef.concatAx",
      "reason": "Klean-generated trust boundary",
      "source": "Klean85Add/Prelude.lean",
      "type": "List T \u2192 List T \u2192 Option (List T)"
    },
    {
      "declaration_name": "differenceAx",
      "kind": "axiom",
      "line": "130",
      "name": "SetHookDef.differenceAx",
      "reason": "Klean-generated trust boundary",
      "source": "Klean85Add/Prelude.lean",
      "type": "List T \u2192 List T \u2192 List T"
    },
    {
      "declaration_name": "elementAx",
      "kind": "axiom",
      "line": "127",
      "name": "SetHookDef.elementAx",
      "reason": "Klean-generated trust boundary",
      "source": "Klean85Add/Prelude.lean",
      "type": "T \u2192 List T"
    },
    {
      "declaration_name": "inSetAx",
      "kind": "axiom",
      "line": "131",
      "name": "SetHookDef.inSetAx",
      "reason": "Klean-generated trust boundary",
      "source": "Klean85Add/Prelude.lean",
      "type": "T \u2192 List T \u2192 Bool"
    },
    {
      "declaration_name": "inclusionAx",
      "kind": "axiom",
      "line": "132",
      "name": "SetHookDef.inclusionAx",
      "reason": "Klean-generated trust boundary",
      "source": "Klean85Add/Prelude.lean",
      "type": "List T \u2192 List T \u2192 Bool"
    },
    {
      "declaration_name": "intersectionAx",
      "kind": "axiom",
      "line": "129",
      "name": "SetHookDef.intersectionAx",
      "reason": "Klean-generated trust boundary",
      "source": "Klean85Add/Prelude.lean",
      "type": "List T \u2192 List T \u2192 List T"
    },
    {
      "declaration_name": "sizeAx",
      "kind": "axiom",
      "line": "133",
      "name": "SetHookDef.sizeAx",
      "reason": "Klean-generated trust boundary",
      "source": "Klean85Add/Prelude.lean",
      "type": "List T \u2192 Int"
    },
    {
      "declaration_name": "splitAx",
      "kind": "axiom",
      "line": "135",
      "name": "SetHookDef.splitAx",
      "reason": "Klean-generated trust boundary",
      "source": "Klean85Add/Prelude.lean",
      "type": "List T \u2192 List T \u2192 Option (List T)"
    },
    {
      "declaration_name": "unionAx",
      "kind": "axiom",
      "line": "128",
      "name": "SetHookDef.unionAx",
      "reason": "Klean-generated trust boundary",
      "source": "Klean85Add/Prelude.lean",
      "type": "List T \u2192 List T \u2192 List T"
    },
    {
      "declaration_name": "unitAx",
      "kind": "axiom",
      "line": "125",
      "name": "SetHookDef.unitAx",
      "reason": "Klean-generated trust boundary",
      "source": "Klean85Add/Prelude.lean",
      "type": "List T"
    },
    {
      "declaration_name": "projectIntTotal",
      "kind": "axiom",
      "line": "26",
      "name": "projectIntTotal",
      "reason": "Klean-generated trust boundary",
      "source": "Klean85Add/Func.lean",
      "type": "(x0 : SortVal) : Option SortInt"
    }
  ],
  "automatic_axiomatization": [],
  "automatic_noncomputable_repair": false,
  "axioms": [
    "ListHookDef.concatAx",
    "ListHookDef.elementAx",
    "ListHookDef.fillAx",
    "ListHookDef.getAx",
    "ListHookDef.inListAx",
    "ListHookDef.makeAx",
    "ListHookDef.pushAx",
    "ListHookDef.rangeAx",
    "ListHookDef.sizeAx",
    "ListHookDef.splitAx",
    "ListHookDef.unitAx",
    "ListHookDef.updateAllAx",
    "ListHookDef.updteAx",
    "MapHookDef.choiceAx",
    "MapHookDef.concatAx",
    "MapHookDef.consAx",
    "MapHookDef.deleteAx",
    "MapHookDef.differenceAx",
    "MapHookDef.in_keysAx",
    "MapHookDef.includesAx",
    "MapHookDef.keysAx",
    "MapHookDef.lookupAx",
    "MapHookDef.lookupAx?",
    "MapHookDef.removeAllAx",
    "MapHookDef.sizeAx",
    "MapHookDef.splitAx",
    "MapHookDef.unitAx",
    "MapHookDef.updateAx",
    "MapHookDef.updateMapAx",
    "MapHookDef.valuesAx",
    "SetHookDef.choiceAx",
    "SetHookDef.concatAx",
    "SetHookDef.differenceAx",
    "SetHookDef.elementAx",
    "SetHookDef.inSetAx",
    "SetHookDef.inclusionAx",
FILE:/reference/klean-generation/generated/Klean85Add/Prelude.lean
     1	/-
     2	K Prelude in Lean 4
     3	
     4	Functions with the `hook` attribute need to have a manual implementation in the backends.
     5	This file contains the Lean 4 definitions of the hooked functions in `domains.md`.
     6	
     7	Currently we translate hooked functions as uninterpreted functions together with axioms asserting their behavior.
     8	The current definition can be put into three levels:
     9	
    10	1. Signature Level:
    11	The signature of the hooks, this includes aliases for Sorts and function symbols for hooked functions.
    12	
    13	2. Rule Level:
    14	The behavior of the uninterpreted symbols can be asserted through axioms or theorems.
    15	Inconsistencies can arise from them, so it falls under the user to make sure axioms are consistent and/or theorems provable.
    16	
    17	3. Simplification Level:
    18	With the theory defined through function rules, simplifications can be stated as theorems.
    19	These theorems should be provable directly from the function rules and the semantics of the Sorts.
    20	 -/
    21	
    22	-- Basic K types
    23	abbrev SortBool         : Type := Bool
    24	abbrev SortBytes        : Type := ByteArray
    25	abbrev SortId           : Type := String
    26	abbrev SortFloat        : Type := Float
    27	abbrev SortInt          : Type := Int
    28	abbrev SortString       : Type := String
    29	abbrev SortStringBuffer : Type := String
    30	
    31	/-
    32	The `Map` sort represents a generalized associative array.
    33	Each key can be paired with an arbitrary value, and can be used to reference its associated value.
    34	Multiple bindings for the same key are not allowed.
    35	Note that both keys and values will always be KItems.
    36	 -/
    37	
    38	-- Signature to be instantiated by map implementations
    39	structure MapHookSig (K V : Type) where
    40	  unit       : List (K × V)
    41	  cons       : K → V → List (K × V) → List (K × V)
    42	  lookup     : List (K × V) → K → Option V
    43	  lookup?    : List (K × V) → K → V -- lookup with default
    44	  update     : K → V → List (K × V) → List (K × V)
    45	  delete     : List (K × V) → K → List (K × V)
    46	  concat     : List (K × V) → List (K × V) → Option (List (K × V))
    47	  difference : List (K × V) → List (K × V) → List (K × V)
    48	  updateMap  : List (K × V) → List (K × V) → List (K × V)
    49	  removeAll  : List (K × V) → List K → List (K × V)
    50	  keys       : List (K × V) → List K
    51	  in_keys    : List (K × V) → K → Bool
    52	  values     : List (K × V) → List V
    53	  size       : List (K × V) → Nat
    54	  includes   : List (K × V) → List (K × V) → Bool -- List (K × V) inclusion
    55	  choice     : List (K × V) → K -- arbitrary key from a List (K × V)
    56	  -- nodup is not satisfiable in the current implementation with `List (K × V)`
    57	  -- nodup      : forall al : List (K × V), List.Nodup (keys al)
    58	  split      : List (K × V) → List K → Option (List V × List (K × V))
    59	
    60	-- We use axioms to have uninterpreted functions
    61	namespace MapHookDef
    62	  variable (K V : Type)
    63	  axiom unitAx       : List (K × V)
    64	  axiom consAx       : K → V → List (K × V) → List (K × V)
    65	  axiom lookupAx     : List (K × V) → K → Option V
    66	  axiom lookupAx?    : List (K × V) → K → V -- lookup with default
    67	  axiom updateAx     : K → V → List (K × V) → List (K × V)
    68	  axiom deleteAx     : List (K × V) → K → List (K × V)
    69	  axiom concatAx     : List (K × V) → List (K × V) → Option (List (K × V))
    70	  axiom differenceAx : List (K × V) → List (K × V) → List (K × V)
    71	  axiom updateMapAx  : List (K × V) → List (K × V) → List (K × V)
    72	  axiom removeAllAx  : List (K × V) → List K → List (K × V)
    73	  axiom keysAx       : List (K × V) → List K
    74	  axiom in_keysAx    : List (K × V) → K → Bool
    75	  axiom valuesAx     : List (K × V) → List V
    76	  axiom sizeAx       : List (K × V) → Nat
    77	  axiom includesAx   : List (K × V) → List (K × V) → Bool -- map inclusion
    78	  axiom choiceAx     : List (K × V) → K -- arbitrary key from a map
    79	  -- axiom nodupAx      : forall m, List.Nodup (keysAx K V m)
    80	  axiom splitAx      : List (K × V) → List K → Option (List V × List (K × V))
    81	end MapHookDef
    82	
    83	-- Uninterpreted Map implementation
    84	noncomputable def MapHook (K V : Type) : MapHookSig K V :=
    85	  { unit       := MapHookDef.unitAx K V,
    86	    cons       := MapHookDef.consAx K V,
    87	    lookup     := MapHookDef.lookupAx K V,
    88	    lookup?    := MapHookDef.lookupAx? K V,
    89	    update     := MapHookDef.updateAx K V,
    90	    delete     := MapHookDef.deleteAx K V,
    91	    concat     := MapHookDef.concatAx K V,
    92	    difference := MapHookDef.differenceAx K V,
    93	    updateMap  := MapHookDef.updateMapAx K V,
    94	    removeAll  := MapHookDef.removeAllAx K V,
    95	    keys       := MapHookDef.keysAx K V,
    96	    in_keys    := MapHookDef.in_keysAx K V,
    97	    values     := MapHookDef.valuesAx K V,
    98	    size       := MapHookDef.sizeAx K V,
    99	    includes   := MapHookDef.includesAx K V,
   100	    choice     := MapHookDef.choiceAx K V,
   101	    -- nodup      := MapHookDef.nodupAx K V,
   102	    split      := MapHookDef.splitAx K V }
   103	
   104	/-
   105	Implementation of immutable, associative, commutative sets of `KItem`.
   106	The sets are nilpotent, i.e., the concatenation of two sets containing elements in common is `#False` (note however, this may be silently allowed during concrete execution).
   107	If you intend to add an element to a set that might already be present in the set, use the `|Set` operator instead.
   108	 -/
   109	
   110	structure SetHookSig (T : Type) where
   111	  unit         : List T
   112	  concat       : List T → List T → Option (List T)
   113	  element      : T → List T
   114	  union        : List T → List T → List T
   115	  intersection : List T → List T → List T
   116	  difference   : List T → List T → List T
   117	  inSet        : T → List T → Bool
   118	  inclusion    : List T → List T → Bool
   119	  size         : List T → Int
   120	  choice       : List T → T
   121	  split        : List T → List T → Option (List T)
   122	
   123	namespace SetHookDef
   124	  variable (T : Type)
   125	  axiom unitAx         : List T
   126	  axiom concatAx       : List T → List T → Option (List T)
   127	  axiom elementAx      : T → List T
   128	  axiom unionAx        : List T → List T → List T
   129	  axiom intersectionAx : List T → List T → List T
   130	  axiom differenceAx   : List T → List T → List T
   131	  axiom inSetAx        : T → List T → Bool
   132	  axiom inclusionAx    : List T → List T → Bool
   133	  axiom sizeAx         : List T → Int
   134	  axiom choiceAx       : List T → T
   135	  axiom splitAx        : List T → List T → Option (List T)
   136	end SetHookDef
   137	
   138	noncomputable def SetHook (T : Type) : SetHookSig T :=
   139	  { unit         := SetHookDef.unitAx T,
   140	    concat       := SetHookDef.concatAx T,
   141	    element      := SetHookDef.elementAx T,
   142	    union        := SetHookDef.unionAx T,
   143	    intersection := SetHookDef.intersectionAx T,
   144	    difference   := SetHookDef.differenceAx T,
   145	    inSet        := SetHookDef.inSetAx T,
   146	    inclusion    := SetHookDef.inclusionAx T,
   147	    size         := SetHookDef.sizeAx T,
   148	    choice       := SetHookDef.choiceAx T,
   149	    split        := SetHookDef.splitAx T }
   150	
   151	/-
   152	The `List` sort is an ordered collection that may contain duplicate elements.
   153	 -/
   154	
   155	structure listHookSig (T : Type) where
   156	  unit      : List T
   157	  concat    : List T → List T → Option (List T)
   158	  element   : T → List T
   159	  push      : T → List T → List T
   160	  get       : Int → List T → Option T
   161	  updte     : Int → T → List T → Option (List T)
   162	  -- create a List T with `length` elements, each containing  `value`. `Option` return type from `Int` parameter
   163	  make      : Int → T → Option (List T)
   164	  -- create a new `List T` which is equal to `dest` except the  `N` elements starting at `index` are replaced with the   contents of `src`
   165	  -- Having `index + size(src) > size(dest)` is undefined
   166	  -- updateList(dest: List T, index: Int, src: List T)
   167	  updateAll : List T → Int → List T → Option (List T)
   168	  -- create a new `List T` where the `length` elements starting   at `index` are replaced with `value`
   169	  fill      : List T → Int → T → Option (List T)
   170	  -- compute a new `List T` by removing `fromFront` elements from   the front of the list and `fromBack` elements from the back   of the List T
   171	  -- range(List T, fromFront: Int, fromBack: Int)
   172	  range     : List T → Int → Int → Option (List T)
   173	  -- compute whether an element is in a List T
   174	  -- the hook is `in`, but clashes with Lean syntax
   175	  inList    : T → List T → Bool
   176	  size      : List T → Int
   177	  -- split list into prefix, middle and postfix, given prefix and postfix length
   178	  split     : List T → Nat → Nat → Option (List T × List T × List T)
   179	
   180	namespace ListHookDef
   181	  variable (T : Type)
   182	  axiom unitAx      : List T
   183	  axiom concatAx    : List T → List T → Option (List T)
   184	  axiom elementAx   : T → List T
   185	  axiom pushAx      : T → List T → List T
   186	  axiom getAx       : Int → List T → Option T
   187	  axiom updteAx     : Int → T → List T → Option (List T)
   188	  axiom makeAx      : Int → T → Option (List T)
   189	  axiom updateAllAx : List T → Int → List T → Option (List T)
   190	  axiom fillAx      : List T → Int → T → Option (List T)
   191	  axiom rangeAx     : List T → Int → Int → Option (List T)
   192	  axiom inListAx    : T → List T → Bool
   193	  axiom sizeAx      : List T → Int
   194	  axiom splitAx     : List T → Nat → Nat → Option (List T × List T × List T)
   195	end ListHookDef
   196	
   197	noncomputable def ListHook (T : Type) : listHookSig T :=
   198	  { unit      := ListHookDef.unitAx T,
   199	    concat    := ListHookDef.concatAx T,
   200	    element   := ListHookDef.elementAx T,
   201	    push      := ListHookDef.pushAx T,
   202	    get       := ListHookDef.getAx T,
   203	    updte     := ListHookDef.updteAx T,
   204	    make      := ListHookDef.makeAx T,
   205	    updateAll := ListHookDef.updateAllAx T,
   206	    fill      := ListHookDef.fillAx T,
   207	    range     := ListHookDef.rangeAx T,
   208	    inList    := ListHookDef.inListAx T,
   209	    size      := ListHookDef.sizeAx T,
   210	    split     := ListHookDef.splitAx T }
   211	
   212	class Inj (From To : Type) : Type where
   213	  inj (x : From) : To
   214	  retr (x : To) : Option From
   215	
   216	def inj {From To : Type} [inst : Inj From To] := inst.inj
   217	def retr {From To : Type} [inst : Inj From To] := inst.retr
   218	
   219	-- Instances
   220	
   221	instance: BEq UInt8 where
   222	  beq a b := decide (Eq a b)
   223	
   224	instance: BEq SortBytes where
   225	  beq a b := (ByteArray.toList a) == (ByteArray.toList b)
   226	
   227	def ByteArray.decEq (a b : ByteArray) : Decidable (Eq a b) :=
   228	  match a, b with
   229	  | ⟨⟨al⟩⟩, ⟨⟨bl⟩⟩ => match List.hasDecEq al bl with
   230	    | isTrue t => isTrue (by rw [t])
   231	    | isFalse f => isFalse (by simp [f])
   232	
   233	instance: DecidableEq SortBytes := ByteArray.decEq
   234	
   235	/-! ### Function Implementations -/
   236	
   237	-- `SortInt`
   238	
   239	-- Operations
   240	def «_+Int_» (x0 x1 : SortInt) : Option SortInt := some (x0 + x1)
   241	def «_-Int_» (x0 x1 : SortInt) : Option SortInt := some (x0 - x1)
   242	def «_*Int_» (x0 x1 : SortInt) : Option SortInt := some (x0 * x1)
   243	def «_/Int_» (x0 x1 : SortInt) : Option SortInt :=
   244	  ite (x1 == 0) none (Int.tdiv x0 x1)
   245	def _modInt_ (x0 x1 : SortInt) : Option SortInt :=
   246	  ite (x1 == 0) none (Int.emod x0 x1)
   247	def «_^%Int__» (x0 x1 x2 : SortInt) : Option SortInt :=
   248	   if x2 == 0 then none else
   249	   match x1 with -- TODO: Revisit this implementation
   250	   | .ofNat n => some (Int.emod (Int.pow x0 n) x2)
   251	   | _ => none
   252	def «maxInt(_,_)_INT-COMMON_Int_Int_Int» (x0 x1 : SortInt) :=
   253	  some (ite (x0 < x1) x1 x0)
   254	def «log2Int(_)_INT-COMMON_Int_Int» (x0 : SortInt) : Option SortInt :=
   255	  ite (0 < x0) ((Nat.log2 x0.toNat) : Int) none
   256	def «~Int_» (x0 : SortInt) : Option SortInt := some (.not x0)
   257	
   258	-- Comparisons
   259	def «_<=Int_» (x0 x1 : SortInt) : Option SortBool := some (x0 <= x1)
   260	def «_>=Int_» (x0 x1 : SortInt) : Option SortBool := some (x0 >= x1)
   261	def «_<Int_» (x0 x1 : SortInt) : Option SortBool := some (x0 < x1)
   262	def «_>Int_» (x0 x1 : SortInt) : Option SortBool := some (x0 > x1)
   263	def «_==Int_» (x0 x1 : SortInt) : Option SortBool := some (x0 == x1)
   264	
   265	-- `SortBytes`
   266	
   267	inductive SortEndianness : Type where
   268	  | bigEndianBytes : SortEndianness
   269	  | littleEndianBytes : SortEndianness
   270	  deriving BEq, DecidableEq
   271	
   272	inductive SortSignedness : Type where
   273	  | signedBytes : SortSignedness
   274	  | unsignedBytes : SortSignedness
   275	  deriving BEq, DecidableEq
   276	
   277	def «.Bytes_BYTES-HOOKED_Bytes» : Option SortBytes := some .empty
   278	
   279	-- Adapted from https://github.com/runtimeverification/haskell-backend/blob/362dab30d6435ec117862fea722be67373572034/kore/src/Kore/Builtin/InternalBytes.hs#L496-L511
   280	def «Int2Bytes(_,_,_)_BYTES-HOOKED_Bytes_Int_Int_Endianness» (x0 x1 : SortInt) (x2 : SortEndianness) : Option SortBytes :=
   281	  match x2 with
   282	  | .littleEndianBytes => some littleEndian.toByteArray
   283	  | .bigEndianBytes => some littleEndian.reverse.toByteArray
   284	  where
   285	  littleEndian : List UInt8 :=
   286	    let pad := ite (x1 < 0) 0xFF 0x00
   287	    let rec bytes (len : Nat) (n : Int) : List UInt8 :=
   288	      match len, n with
   289	      | 0, _ => []
   290	      | .succ l, 0 => pad :: bytes l 0
   291	      | .succ l, n => ⟨(n % 256).toNat⟩ :: bytes l (n / 256)
   292	    bytes x0.toNat x1
   293	
   294	-- Adapted from
   295	-- https://github.com/runtimeverification/haskell-backend/blob/362dab30d6435ec117862fea722be67373572034/kore/src/Kore/Builtin/InternalBytes.hs#L527-L543
   296	-- Note that we use `List.foldl` and not `ByteArray.foldl` for ease of reasoning
   297	def «Bytes2Int(_,_,_)_BYTES-HOOKED_Int_Bytes_Endianness_Signedness» (bytes : SortBytes) (endian : SortEndianness) (sign : SortSignedness) : Option SortInt :=
   298	  match sign with
   299	  | .unsignedBytes => Int.ofNat unsigned
   300	  | .signedBytes => if 2 * unsigned >= modulus then (Int.ofNat unsigned) - (Int.ofNat modulus)
   301	                    else Int.ofNat unsigned
   302	  where
   303	  modulus : Nat := res.1
   304	  unsigned : Nat := res.2
   305	  res : Nat×Nat :=
   306	    let littleEndian := match endian with
   307	                        | .littleEndianBytes => bytes.toList
   308	                            --match bytes with |⟨⟨l⟩⟩ => l
   309	                        | .bigEndianBytes => bytes.toList.reverse
   310	                            --match bytes with |⟨⟨l⟩⟩ => l.reverse
   311	    let go (res : Nat×Nat) (b : UInt8) : Nat×Nat :=
   312	      -- `place` is `res.1`
   313	      -- `acc` is `res.2`
   314	      let place := res.1 * 0x100
   315	      let acc := res.2 + res.1 * b.toNat
   316	      ⟨place, acc⟩
   317	    List.foldl go (1, 0) littleEndian
   318	
   319	/--
   320	Pads to the right `len - b.length` bytes with specified `val` value
   321	-/
   322	def «padRightBytes(_,_,_)_BYTES-HOOKED_Bytes_Bytes_Int_Int» (b : SortBytes) (len val : SortInt) : Option SortBytes :=
   323	  if val < 0 ∨ 255 < val then none else
   324	  some { data := (Array.rightpad len.toNat (⟨val.toNat⟩ : UInt8) b.data)}
   325	
   326	/--
   327	Pads to the left `len - b.length` bytes with specified `val` value
   328	-/
   329	def «padLeftBytes(_,_,_)_BYTES-HOOKED_Bytes_Bytes_Int_Int» (b : SortBytes) (len val : SortInt) : Option SortBytes :=
   330	  if val < 0 ∨ 255 < val then none else
   331	  some { data := (Array.leftpad len.toNat (⟨val.toNat⟩ : UInt8) b.data)}
   332	
   333	def «lengthBytes(_)_BYTES-HOOKED_Int_Bytes» (x0 : SortBytes) : Option SortInt :=
   334	  Int.ofNat x0.size
   335	
   336	/--
   337	Replaces the contents of `dest` from index `index` with the contents of `src`
   338	If `dest.size < index + src.size` the result is `none`
   339	-/
   340	def «replaceAtBytes(_,_,_)_BYTES-HOOKED_Bytes_Bytes_Int_Bytes» (dest : SortBytes) (index : SortInt) (src : SortBytes) : Option SortBytes :=
   341	  if index < 0 then none else
   342	  if dest.size < index + src.size then none else
   343	  let init := dest.data.extract 0 index.toNat
   344	  let rem := dest.data.extract (index.toNat + src.size) dest.size
   345	  some { data := init ++ src.data ++ rem }
   346	
   347	/--
   348	Get a new `Bytes` object containing a range of bytes from the input `Bytes`
   349	-/
   350	def «substrBytes(_,_,_)_BYTES-HOOKED_Bytes_Bytes_Int_Int» (b : SortBytes) (startIndex : SortInt) (endIndex : SortInt) : Option SortBytes :=
   351	  if startIndex < 0 then none else
   352	  if endIndex < startIndex then none else
   353	  if b.size < endIndex then none else
   354	  b.extract startIndex.toNat endIndex.toNat
FILE:/reference/klean-generation/generated/Klean85Add/Sorts.lean
     1	import Klean85Add.Prelude
     2	
     3	inductive SortExc : Type where
     4	  | «AssertionError_MPY-CORE_Exc» : SortExc
     5	  | «NoExc_MPY-CORE_Exc» : SortExc
     6	
     7	structure SortExcCell : Type where
     8	  val : SortExc
     9	
    10	structure SortEnvCell : Type where
    11	  val : SortInt
    12	
    13	structure SortExitCodeCell : Type where
    14	  val : SortInt
    15	
    16	structure SortGeneratedCounterCell : Type where
    17	  val : SortInt
    18	
    19	structure SortHeapLocCell : Type where
    20	  val : SortInt
    21	
    22	inductive SortIntSeq : Type where
    23	  | «.IntSeq_MPY-CORE_IntSeq» : SortIntSeq
    24	  | «iCons(_,_)_MPY-CORE_IntSeq_Int_IntSeq» (x0 : SortInt) (x1 : SortIntSeq) : SortIntSeq
    25	
    26	inductive SortOptInt : Type where
    27	  | «noB_MPY-SUBSCRIPT_OptInt» : SortOptInt
    28	  | «someB(_)_MPY-SUBSCRIPT_OptInt_Int» (x0 : SortInt) : SortOptInt
    29	
    30	structure SortScopeLocCell : Type where
    31	  val : SortInt
    32	
    33	inductive SortParamNames : Type where
    34	  | «.List{"_,__MPY-SYNTAX_ParamNames_String_ParamNames"}_ParamNames» : SortParamNames
    35	  | «_,__MPY-SYNTAX_ParamNames_String_ParamNames» (x0 : SortString) (x1 : SortParamNames) : SortParamNames
    36	
    37	inductive SortCellVars : Type where
    38	  | «CellVars(_)_MPY-SYNTAX_CellVars_ParamNames» (x0 : SortParamNames) : SortCellVars
    39	
    40	inductive SortFreeVars : Type where
    41	  | «FreeVars(_)_MPY-SYNTAX_FreeVars_ParamNames» (x0 : SortParamNames) : SortFreeVars
    42	
    43	inductive SortParams : Type where
    44	  | «Params(_)_MPY-SYNTAX_Params_ParamNames» (x0 : SortParamNames) : SortParams
    45	
    46	mutual
    47	  inductive SortApplyK : Type where
    48	    | «toCall(_)_MPY-CORE_ApplyK_Val» (x0 : SortVal) : SortApplyK
    49	    | «toList_MPY-LIST_ApplyK» : SortApplyK
    50	    | «toTuple_MPY-TUPLE_ApplyK» : SortApplyK
    51	
    52	  inductive SortBound : Type where
    53	    | inj_SortBool (x : SortBool) : SortBound
    54	    | inj_SortExpr (x : SortExpr) : SortBound
    55	    | inj_SortFloat (x : SortFloat) : SortBound
    56	    | inj_SortInt (x : SortInt) : SortBound
    57	    | inj_SortIterable (x : SortIterable) : SortBound
    58	    | inj_SortVal (x : SortVal) : SortBound
    59	    | «NoBound_MPY-SYNTAX_Bound» : SortBound
    60	
    61	  inductive SortCmpOp : Type where
    62	    | «CmpOp(_,_)_MPY-SYNTAX_CmpOp_String_Expr» (x0 : SortString) (x1 : SortExpr) : SortCmpOp
    63	
    64	  inductive SortEntries : Type where
    65	    | «.List{"_,__MPY-SYNTAX_Entries_Entry_Entries"}_Entries» : SortEntries
    66	    | «_,__MPY-SYNTAX_Entries_Entry_Entries» (x0 : SortEntry) (x1 : SortEntries) : SortEntries
    67	
    68	  inductive SortEntry : Type where
    69	    | «Entry(_,_)_MPY-SYNTAX_Entry_Expr_Expr» (x0 : SortExpr) (x1 : SortExpr) : SortEntry
    70	
    71	  inductive SortExpr : Type where
    72	    | inj_SortBool (x : SortBool) : SortExpr
    73	    | inj_SortFloat (x : SortFloat) : SortExpr
    74	    | inj_SortInt (x : SortInt) : SortExpr
    75	    | inj_SortIterable (x : SortIterable) : SortExpr
    76	    | inj_SortVal (x : SortVal) : SortExpr
    77	    | «Attribute(_,_)_MPY-SYNTAX_Expr_Expr_String» (x0 : SortExpr) (x1 : SortString) : SortExpr
    78	    | «BinOp(_,_,_)_MPY-SYNTAX_Expr_String_Expr_Expr» (x0 : SortString) (x1 : SortExpr) (x2 : SortExpr) : SortExpr
    79	    | «Bool(_)_MPY-SYNTAX_Expr_Bool» (x0 : SortBool) : SortExpr
    80	    | «BoolOp(_,_)_MPY-SYNTAX_Expr_String_Exprs» (x0 : SortString) (x1 : SortExprs) : SortExpr
    81	    | «Call(_,_)_MPY-SYNTAX_Expr_Expr_Exprs» (x0 : SortExpr) (x1 : SortExprs) : SortExpr
    82	    | «Compare(_,_)_MPY-SYNTAX_Expr_Expr_CmpOp» (x0 : SortExpr) (x1 : SortCmpOp) : SortExpr
    83	    | «DictExpr(_)_MPY-SYNTAX_Expr_Entries» (x0 : SortEntries) : SortExpr
    84	    | «Float(_)_MPY-SYNTAX_Expr_Float» (x0 : SortFloat) : SortExpr
    85	    | «IfExp(_,_,_)_MPY-SYNTAX_Expr_Expr_Expr_Expr» (x0 : SortExpr) (x1 : SortExpr) (x2 : SortExpr) : SortExpr
    86	    | «Int(_)_MPY-SYNTAX_Expr_Int» (x0 : SortInt) : SortExpr
    87	    | «KwArg(_,_)_MPY-SYNTAX_Expr_String_Expr» (x0 : SortString) (x1 : SortExpr) : SortExpr
    88	    | «Lambda(_,_,_,_)_MPY-SYNTAX_Expr_Params_CellVars_FreeVars_Expr» (x0 : SortParams) (x1 : SortCellVars) (x2 : SortFreeVars) (x3 : SortExpr) : SortExpr
    89	    | «Lambda(_,_)_MPY-SYNTAX_Expr_Params_Expr» (x0 : SortParams) (x1 : SortExpr) : SortExpr
    90	    | «ListExpr(_)_MPY-SYNTAX_Expr_Exprs» (x0 : SortExprs) : SortExpr
    91	    | «Name(_)_MPY-SYNTAX_Expr_String» (x0 : SortString) : SortExpr
    92	    | «NoneVal_MPY-SYNTAX_Expr» : SortExpr
    93	    | «Str(_)_MPY-SYNTAX_Expr_String» (x0 : SortString) : SortExpr
    94	    | «Subscript(_,_)_MPY-SYNTAX_Expr_Expr_Index» (x0 : SortExpr) (x1 : SortIndex) : SortExpr
    95	    | «TupleExpr(_)_MPY-SYNTAX_Expr_Exprs» (x0 : SortExprs) : SortExpr
    96	    | «UnaryOp(_,_)_MPY-SYNTAX_Expr_String_Expr» (x0 : SortString) (x1 : SortExpr) : SortExpr
    97	    | «closureExpr(_,_)_MPY-FUNCTIONS_Expr_ParamNames_Stmts» (x0 : SortParamNames) (x1 : SortStmts) : SortExpr
    98	
    99	  inductive SortExprs : Type where
   100	    | «.List{"_,__MPY-SYNTAX_Exprs_Expr_Exprs"}_Exprs» : SortExprs
   101	    | «_,__MPY-SYNTAX_Exprs_Expr_Exprs» (x0 : SortExpr) (x1 : SortExprs) : SortExprs
   102	
   103	  structure SortGeneratedTopCell : Type where
   104	    k : SortKCell
   105	    env : SortEnvCell
   106	    scopes : SortScopesCell
   107	    scopeLoc : SortScopeLocCell
   108	    heap : SortHeapCell
   109	    heapLoc : SortHeapLocCell
   110	    stack : SortStackCell
   111	    ret : SortRetCell
   112	    exc : SortExcCell
   113	    exitCode : SortExitCodeCell
   114	    generatedCounter : SortGeneratedCounterCell
   115	
   116	  structure SortHeapCell : Type where
   117	    val : SortMap
   118	
   119	  inductive SortIndex : Type where
   120	    | inj_SortBool (x : SortBool) : SortIndex
   121	    | inj_SortExpr (x : SortExpr) : SortIndex
   122	    | inj_SortFloat (x : SortFloat) : SortIndex
   123	    | inj_SortInt (x : SortInt) : SortIndex
   124	    | inj_SortIterable (x : SortIterable) : SortIndex
   125	    | inj_SortVal (x : SortVal) : SortIndex
   126	    | «Slice(_,_,_)_MPY-SYNTAX_Index_Bound_Bound_Bound» (x0 : SortBound) (x1 : SortBound) (x2 : SortBound) : SortIndex
   127	
   128	  inductive SortIterable : Type where
   129	    | «list(_)_MPY-CORE_Iterable_ValSeq» (x0 : SortValSeq) : SortIterable
   130	    | «rangeObj(_,_,_)_MPY-CORE_Iterable_Int_Int_Int» (x0 : SortInt) (x1 : SortInt) (x2 : SortInt) : SortIterable
   131	    | «tuple(_)_MPY-CORE_Iterable_ValSeq» (x0 : SortValSeq) : SortIterable
   132	    | «zipObj(_,_)_MPY-CORE_Iterable_ValSeq_ValSeq» (x0 : SortValSeq) (x1 : SortValSeq) : SortIterable
   133	    | «zipObjS(_,_)_MPY-CORE_Iterable_IntSeq_IntSeq» (x0 : SortIntSeq) (x1 : SortIntSeq) : SortIterable
   134	
   135	  inductive SortK : Type where
   136	    | dotk : SortK
   137	    | kseq (x0 : SortKItem) (x1 : SortK) : SortK
   138	
   139	  structure SortKCell : Type where
   140	    val : SortK
   141	
   142	  inductive SortKItem : Type where
   143	    | inj_SortApplyK (x : SortApplyK) : SortKItem
   144	    | inj_SortBool (x : SortBool) : SortKItem
   145	    | inj_SortBound (x : SortBound) : SortKItem
   146	    | inj_SortCellVars (x : SortCellVars) : SortKItem
   147	    | inj_SortCmpOp (x : SortCmpOp) : SortKItem
   148	    | inj_SortEntries (x : SortEntries) : SortKItem
   149	    | inj_SortEntry (x : SortEntry) : SortKItem
   150	    | inj_SortEnvCell (x : SortEnvCell) : SortKItem
   151	    | inj_SortExc (x : SortExc) : SortKItem
   152	    | inj_SortExcCell (x : SortExcCell) : SortKItem
   153	    | inj_SortExitCodeCell (x : SortExitCodeCell) : SortKItem
   154	    | inj_SortExpr (x : SortExpr) : SortKItem
   155	    | inj_SortExprs (x : SortExprs) : SortKItem
   156	    | inj_SortFloat (x : SortFloat) : SortKItem
   157	    | inj_SortFreeVars (x : SortFreeVars) : SortKItem
   158	    | inj_SortGeneratedCounterCell (x : SortGeneratedCounterCell) : SortKItem
   159	    | inj_SortGeneratedTopCell (x : SortGeneratedTopCell) : SortKItem
   160	    | inj_SortHeapCell (x : SortHeapCell) : SortKItem
   161	    | inj_SortHeapLocCell (x : SortHeapLocCell) : SortKItem
   162	    | inj_SortIndex (x : SortIndex) : SortKItem
   163	    | inj_SortInt (x : SortInt) : SortKItem
   164	    | inj_SortIntSeq (x : SortIntSeq) : SortKItem
   165	    | inj_SortIterable (x : SortIterable) : SortKItem
   166	    | inj_SortKCell (x : SortKCell) : SortKItem
   167	    | inj_SortList (x : SortList) : SortKItem
   168	    | inj_SortMap (x : SortMap) : SortKItem
   169	    | inj_SortModule (x : SortModule) : SortKItem
   170	    | inj_SortOptInt (x : SortOptInt) : SortKItem
   171	    | inj_SortParamNames (x : SortParamNames) : SortKItem
   172	    | inj_SortParams (x : SortParams) : SortKItem
   173	    | inj_SortRetCell (x : SortRetCell) : SortKItem
   174	    | inj_SortRetState (x : SortRetState) : SortKItem
   175	    | inj_SortScopeLocCell (x : SortScopeLocCell) : SortKItem
   176	    | inj_SortScopesCell (x : SortScopesCell) : SortKItem
   177	    | inj_SortStackCell (x : SortStackCell) : SortKItem
   178	    | inj_SortStmt (x : SortStmt) : SortKItem
   179	    | inj_SortStmts (x : SortStmts) : SortKItem
   180	    | inj_SortString (x : SortString) : SortKItem
   181	    | inj_SortVal (x : SortVal) : SortKItem
   182	    | inj_SortValSeq (x : SortValSeq) : SortKItem
   183	    | inj_SortVals (x : SortVals) : SortKItem
   184	    | «#allAcc(_)_MPY-BUILTINS_KItem_Iterable» (x0 : SortIterable) : SortKItem
   185	    | «#allCont_MPY-BUILTINS_KItem» : SortKItem
   186	    | «#alloc(_)_MPY-CORE_KItem_Val» (x0 : SortVal) : SortKItem
   187	    | «#allocCells(_)_MPY-CALL_KItem_ParamNames» (x0 : SortParamNames) : SortKItem
   188	    | «#anyAcc(_)_MPY-BUILTINS_KItem_Iterable» (x0 : SortIterable) : SortKItem
   189	    | «#anyCont_MPY-BUILTINS_KItem» : SortKItem
   190	    | «#applyK(_,_)_MPY-CORE_KItem_ApplyK_Vals» (x0 : SortApplyK) (x1 : SortVals) : SortKItem
   191	    | «#bindImports(_)_MPY-CONTROLS_KItem_ParamNames» (x0 : SortParamNames) : SortKItem
   192	    | «#bindP(_,_)_MPY-FUNCTIONS_KItem_ParamNames_Vals» (x0 : SortParamNames) (x1 : SortVals) : SortKItem
   193	    | «#bindTgt(_,_)_MPY-TUPLE_KItem_Expr_Val» (x0 : SortExpr) (x1 : SortVal) : SortKItem
   194	    | «#branch(_,_,_)_MPY-CONTROLS_KItem_Bool_Stmts_Stmts» (x0 : SortBool) (x1 : SortStmts) (x2 : SortStmts) : SortKItem
   195	    | «#brk_MPY-CONTROLS_KItem» : SortKItem
   196	    | «#callee(_)_MPY-CALL_KItem_Exprs» (x0 : SortExprs) : SortKItem
   197	    | «#cellW(_,_)_MPY-CORE_KItem_Val_Val» (x0 : SortVal) (x1 : SortVal) : SortKItem
   198	    | «#cont_MPY-CONTROLS_KItem» : SortKItem
   199	    | «#dictAcc(_,_,_)_MPY-DICT_KItem_Entries_ValSeq_ValSeq» (x0 : SortEntries) (x1 : SortValSeq) (x2 : SortValSeq) : SortKItem
   200	    | «#dictKey(_,_,_,_)_MPY-DICT_KItem_Expr_Entries_ValSeq_ValSeq» (x0 : SortExpr) (x1 : SortEntries) (x2 : SortValSeq) (x3 : SortValSeq) : SortKItem
   201	    | «#dictVal(_,_,_,_)_MPY-DICT_KItem_Val_Entries_ValSeq_ValSeq» (x0 : SortVal) (x1 : SortEntries) (x2 : SortValSeq) (x3 : SortValSeq) : SortKItem
   202	    | «#dsetK(_,_)_MPY-DICT_KItem_String_Val» (x0 : SortString) (x1 : SortVal) : SortKItem
   203	    | «#dsetV(_,_,_)_MPY-DICT_KItem_Val_Val_Val» (x0 : SortVal) (x1 : SortVal) (x2 : SortVal) : SortKItem
   204	    | «#endcall_MPY-FUNCTIONS_KItem» : SortKItem
   205	    | «#evalArgCont(_,_,_)_MPY-CORE_KItem_Exprs_Vals_ApplyK» (x0 : SortExprs) (x1 : SortVals) (x2 : SortApplyK) : SortKItem
   206	    | «#evalArgs(_,_,_)_MPY-CORE_KItem_Exprs_Vals_ApplyK» (x0 : SortExprs) (x1 : SortVals) (x2 : SortApplyK) : SortKItem
   207	    | «#evalB(_)_MPY-SUBSCRIPT_KItem_Bound» (x0 : SortBound) : SortKItem
   208	    | «#freezerAssert(_)_MPY-SYNTAX_Stmt_Expr0_» : SortKItem
   209	    | «#freezerAssign(_,_)_MPY-SYNTAX_Stmt_Expr_Expr1_» (x0 : SortK) : SortKItem
   210	    | «#freezerAttribute(_,_)_MPY-SYNTAX_Expr_Expr_String0_» (x0 : SortK) : SortKItem
   211	    | «#freezerAugAssign(_,_,_)_MPY-SYNTAX_Stmt_Expr_String_Expr2_» (x0 : SortK) (x1 : SortK) : SortKItem
   212	    | «#freezerBinOp(_,_,_)_MPY-SYNTAX_Expr_String_Expr_Expr1_» (x0 : SortK) (x1 : SortK) : SortKItem
   213	    | «#freezerBinOp(_,_,_)_MPY-SYNTAX_Expr_String_Expr_Expr2_» (x0 : SortK) (x1 : SortK) : SortKItem
   214	    | «#freezerBoolOp(_,_)_MPY-SYNTAX_Expr_String_Exprs1_» (x0 : SortK) (x1 : SortK) : SortKItem
   215	    | «#freezerCompare(_,_)_MPY-SYNTAX_Expr_Expr_CmpOp0_» (x0 : SortK) : SortKItem
   216	    | «#freezerCompare(_,_)_MPY-SYNTAX_Expr_Expr_CmpOp2_» (x0 : SortK) (x1 : SortK) : SortKItem
   217	    | «#freezerExpr(_)_MPY-SYNTAX_Stmt_Expr0_» : SortKItem
   218	    | «#freezerFor(_,_,_)_MPY-SYNTAX_Stmt_Expr_Expr_Stmts1_» (x0 : SortK) (x1 : SortK) : SortKItem
   219	    | «#freezerIf(_,_,_)_MPY-SYNTAX_Stmt_Expr_Stmts_Stmts0_» (x0 : SortK) (x1 : SortK) : SortKItem
   220	    | «#freezerIfExp(_,_,_)_MPY-SYNTAX_Expr_Expr_Expr_Expr0_» (x0 : SortK) (x1 : SortK) : SortKItem
   221	    | «#freezerReturn(_)_MPY-SYNTAX_Stmt_Expr0_» : SortKItem
   222	    | «#freezerSubscript(_,_)_MPY-SYNTAX_Expr_Expr_Index0_» (x0 : SortK) : SortKItem
   223	    | «#freezerSubscript(_,_)_MPY-SYNTAX_Expr_Expr_Index1_» (x0 : SortK) : SortKItem
   224	    | «#freezerUnaryOp(_,_)_MPY-SYNTAX_Expr_String_Expr1_» (x0 : SortK) : SortKItem
   225	    | «#iterDone_MPY-ITER_KItem» : SortKItem
   226	    | «#iterNext(_)_MPY-ITER_KItem_Iterable» (x0 : SortIterable) : SortKItem
   227	    | «#iterYield(_,_)_MPY-ITER_KItem_Val_Iterable» (x0 : SortVal) (x1 : SortIterable) : SortKItem
   228	    | «#kwTag(_)_MPY-CORE_KItem_String» (x0 : SortString) : SortKItem
   229	    | «#kxExport0(_)_VERIFICATION-KLEAN-EXPORT_KItem_ValSeq» (x0 : SortValSeq) : SortKItem
   230	    | «#kxExport1(_)_VERIFICATION-KLEAN-EXPORT_KItem_Val» (x0 : SortVal) : SortKItem
   231	    | «#kxExport2(_)_VERIFICATION-KLEAN-EXPORT_KItem_Val» (x0 : SortVal) : SortKItem
   232	    | «#kxExport3(_,_)_VERIFICATION-KLEAN-EXPORT_KItem_ValSeq_Bool» (x0 : SortValSeq) (x1 : SortBool) : SortKItem
   233	    | «#loadAll(_)_MPY-CORE_KItem_Module» (x0 : SortModule) : SortKItem
   234	    | «#look(_,_)_MPY-CORE_KItem_String_Int» (x0 : SortString) (x1 : SortInt) : SortKItem
   235	    | «#loop(_,_,_)_MPY-CONTROLS_KItem_Val_Expr_Stmts» (x0 : SortVal) (x1 : SortExpr) (x2 : SortStmts) : SortKItem
   236	    | «#loopLbl(_)_MPY-CONTROLS_KItem_K» (x0 : SortK) : SortKItem
   237	    | «#loopStep(_,_)_MPY-CONTROLS_KItem_Expr_Stmts» (x0 : SortExpr) (x1 : SortStmts) : SortKItem
   238	    | «#mathCeil_MPY-FLOAT_KItem» : SortKItem
   239	    | «#mathFloor_MPY-FLOAT_KItem» : SortKItem
   240	    | «#mathPow1(_)_MPY-FLOAT_KItem_Expr» (x0 : SortExpr) : SortKItem
   241	    | «#mathPow2(_)_MPY-FLOAT_KItem_Val» (x0 : SortVal) : SortKItem
   242	    | «#mathSqrt_MPY-FLOAT_KItem» : SortKItem
   243	    | «#maxAcc(_,_)_MPY-BUILTINS_KItem_Iterable_Int» (x0 : SortIterable) (x1 : SortInt) : SortKItem
   244	    | «#maxAcc0(_)_MPY-BUILTINS_KItem_Iterable» (x0 : SortIterable) : SortKItem
   245	    | «#maxAccF(_,_)_MPY-FLOAT_KItem_Iterable_Float» (x0 : SortIterable) (x1 : SortFloat) : SortKItem
   246	    | «#maxCont(_)_MPY-BUILTINS_KItem_Int» (x0 : SortInt) : SortKItem
   247	    | «#maxCont0_MPY-BUILTINS_KItem» : SortKItem
   248	    | «#maxContF(_)_MPY-FLOAT_KItem_Float» (x0 : SortFloat) : SortKItem
   249	    | «#md5_MPY-BUILTINS_KItem» : SortKItem
   250	    | «#memberAcc(_,_)_MPY-LIST_KItem_Val_Iterable» (x0 : SortVal) (x1 : SortIterable) : SortKItem
   251	    | «#memberCont(_)_MPY-LIST_KItem_Val» (x0 : SortVal) : SortKItem
   252	    | «#minAcc(_,_)_MPY-BUILTINS_KItem_Iterable_Int» (x0 : SortIterable) (x1 : SortInt) : SortKItem
   253	    | «#minAcc0(_)_MPY-BUILTINS_KItem_Iterable» (x0 : SortIterable) : SortKItem
   254	    | «#minAccF(_,_)_MPY-FLOAT_KItem_Iterable_Float» (x0 : SortIterable) (x1 : SortFloat) : SortKItem
   255	    | «#minCont(_)_MPY-BUILTINS_KItem_Int» (x0 : SortInt) : SortKItem
   256	    | «#minCont0_MPY-BUILTINS_KItem» : SortKItem
   257	    | «#minContF(_)_MPY-FLOAT_KItem_Float» (x0 : SortFloat) : SortKItem
   258	    | «#mkClosure(_,_,_,_,_,_)_MPY-FUNCTIONS_KItem_String_ParamNames_ParamNames_ParamNames_Stmts_Map» (x0 : SortString) (x1 : SortParamNames) (x2 : SortParamNames) (x3 : SortParamNames) (x4 : SortStmts) (x5 : SortMap) : SortKItem
   259	    | «#mkLambda(_,_,_,_,_)_MPY-FUNCTIONS_KItem_ParamNames_ParamNames_ParamNames_Stmts_Map» (x0 : SortParamNames) (x1 : SortParamNames) (x2 : SortParamNames) (x3 : SortStmts) (x4 : SortMap) : SortKItem
   260	    | «#notB_MPY-LIST_KItem» : SortKItem
   261	    | «#pop_MPY-FUNCTIONS_KItem» : SortKItem
   262	    | «#slHi(_,_,_)_MPY-SUBSCRIPT_KItem_Val_OptInt_Bound» (x0 : SortVal) (x1 : SortOptInt) (x2 : SortBound) : SortKItem
   263	    | «#slLo(_,_,_)_MPY-SUBSCRIPT_KItem_Val_Bound_Bound» (x0 : SortVal) (x1 : SortBound) (x2 : SortBound) : SortKItem
   264	    | «#slStep(_,_,_)_MPY-SUBSCRIPT_KItem_Val_OptInt_OptInt» (x0 : SortVal) (x1 : SortOptInt) (x2 : SortOptInt) : SortKItem
   265	    | «#sumAcc(_,_)_MPY-BUILTINS_KItem_Iterable_Int» (x0 : SortIterable) (x1 : SortInt) : SortKItem
   266	    | «#sumAccF(_,_)_MPY-FLOAT_KItem_Iterable_Float» (x0 : SortIterable) (x1 : SortFloat) : SortKItem
   267	    | «#sumCont(_)_MPY-BUILTINS_KItem_Int» (x0 : SortInt) : SortKItem
   268	    | «#sumContF(_)_MPY-FLOAT_KItem_Float» (x0 : SortFloat) : SortKItem
   269	    | «#toSome_MPY-SUBSCRIPT_KItem» : SortKItem
   270	    | «#unpackSeq(_,_)_MPY-TUPLE_KItem_Exprs_ValSeq» (x0 : SortExprs) (x1 : SortValSeq) : SortKItem
   271	    | «#while(_,_)_MPY-CONTROLS_KItem_Expr_Stmts» (x0 : SortExpr) (x1 : SortStmts) : SortKItem
   272	    | «#whileCond(_,_)_MPY-CONTROLS_KItem_Expr_Stmts» (x0 : SortExpr) (x1 : SortStmts) : SortKItem
   273	    | «frame(_,_,_)_MPY-FUNCTIONS_KItem_K_Int_Int» (x0 : SortK) (x1 : SortInt) (x2 : SortInt) : SortKItem
   274	
   275	  structure SortList : Type where
   276	    coll : List SortKItem
   277	
   278	  structure SortMap : Type where
   279	    coll : List (SortKItem × SortKItem)
   280	
   281	  inductive SortModule : Type where
   282	    | «Module(_)_MPY-SYNTAX_Module_Stmts» (x0 : SortStmts) : SortModule
   283	
   284	  structure SortRetCell : Type where
   285	    val : SortRetState
   286	
   287	  inductive SortRetState : Type where
   288	    | «noRet_MPY-CORE_RetState» : SortRetState
   289	    | «retV(_)_MPY-CORE_RetState_Val» (x0 : SortVal) : SortRetState
   290	
   291	  structure SortScopesCell : Type where
   292	    val : SortMap
   293	
   294	  structure SortStackCell : Type where
   295	    val : SortList
   296	
   297	  inductive SortStmt : Type where
   298	    | «Assert(_)_MPY-SYNTAX_Stmt_Expr» (x0 : SortExpr) : SortStmt
   299	    | «Assign(_,_)_MPY-SYNTAX_Stmt_Expr_Expr» (x0 : SortExpr) (x1 : SortExpr) : SortStmt
   300	    | «AugAssign(_,_,_)_MPY-SYNTAX_Stmt_Expr_String_Expr» (x0 : SortExpr) (x1 : SortString) (x2 : SortExpr) : SortStmt
   301	    | «Break_MPY-SYNTAX_Stmt» : SortStmt
   302	    | «Continue_MPY-SYNTAX_Stmt» : SortStmt
   303	    | «Expr(_)_MPY-SYNTAX_Stmt_Expr» (x0 : SortExpr) : SortStmt
   304	    | «For(_,_,_)_MPY-SYNTAX_Stmt_Expr_Expr_Stmts» (x0 : SortExpr) (x1 : SortExpr) (x2 : SortStmts) : SortStmt
   305	    | «FuncDef(_,_,_,_,_)_MPY-SYNTAX_Stmt_String_Params_CellVars_FreeVars_Stmts» (x0 : SortString) (x1 : SortParams) (x2 : SortCellVars) (x3 : SortFreeVars) (x4 : SortStmts) : SortStmt
   306	    | «FuncDef(_,_,_)_MPY-SYNTAX_Stmt_String_Params_Stmts» (x0 : SortString) (x1 : SortParams) (x2 : SortStmts) : SortStmt
   307	    | «If(_,_,_)_MPY-SYNTAX_Stmt_Expr_Stmts_Stmts» (x0 : SortExpr) (x1 : SortStmts) (x2 : SortStmts) : SortStmt
   308	    | «Import(_)_MPY-SYNTAX_Stmt_String» (x0 : SortString) : SortStmt
   309	    | «ImportFrom(_,_)_MPY-SYNTAX_Stmt_String_ParamNames» (x0 : SortString) (x1 : SortParamNames) : SortStmt
   310	    | «Return(_)_MPY-SYNTAX_Stmt_Expr» (x0 : SortExpr) : SortStmt
   311	    | «While(_,_)_MPY-SYNTAX_Stmt_Expr_Stmts» (x0 : SortExpr) (x1 : SortStmts) : SortStmt
   312	
   313	  inductive SortStmts : Type where
   314	    | «.List{"___MPY-SYNTAX_Stmts_Stmt_Stmts"}_Stmts» : SortStmts
   315	    | «___MPY-SYNTAX_Stmts_Stmt_Stmts» (x0 : SortStmt) (x1 : SortStmts) : SortStmts
   316	
   317	  inductive SortVal : Type where
   318	    | inj_SortBool (x : SortBool) : SortVal
   319	    | inj_SortFloat (x : SortFloat) : SortVal
   320	    | inj_SortInt (x : SortInt) : SortVal
   321	    | inj_SortIterable (x : SortIterable) : SortVal
   322	    | «boundMethodV(_,_)_MPY-CORE_Val_Val_String» (x0 : SortVal) (x1 : SortString) : SortVal
   323	    | «builtinV(_)_MPY-CORE_Val_String» (x0 : SortString) : SortVal
   324	    | «cellRef(_)_MPY-CORE_Val_Int» (x0 : SortInt) : SortVal
   325	    | «cellsMark(_)_MPY-CORE_Val_ParamNames» (x0 : SortParamNames) : SortVal
   326	    | «closureVal(_,_,_)_MPY-CORE_Val_ParamNames_Stmts_Int» (x0 : SortParamNames) (x1 : SortStmts) (x2 : SortInt) : SortVal
   327	    | «closureValC(_,_,_,_)_MPY-FUNCTIONS_Val_ParamNames_ParamNames_Stmts_Map» (x0 : SortParamNames) (x1 : SortParamNames) (x2 : SortStmts) (x3 : SortMap) : SortVal
   328	    | «dictV(_,_)_MPY-DICT_Val_ValSeq_ValSeq» (x0 : SortValSeq) (x1 : SortValSeq) : SortVal
   329	    | «kwV(_,_)_MPY-CORE_Val_String_Val» (x0 : SortString) (x1 : SortVal) : SortVal
   330	    | «md5Obj(_)_MPY-BUILTINS_Val_IntSeq» (x0 : SortIntSeq) : SortVal
   331	    | «noneV_MPY-CORE_Val» : SortVal
   332	    | «ref(_)_MPY-CORE_Val_Int» (x0 : SortInt) : SortVal
   333	    | «setV(_)_MPY-SET_Val_IntSeq» (x0 : SortIntSeq) : SortVal
   334	    | «typeV(_)_MPY-CORE_Val_String» (x0 : SortString) : SortVal
   335	
   336	  inductive SortValSeq : Type where
   337	    | «.ValSeq_MPY-CORE_ValSeq» : SortValSeq
   338	    | «vCons(_,_)_MPY-CORE_ValSeq_Val_ValSeq» (x0 : SortVal) (x1 : SortValSeq) : SortValSeq
   339	
   340	  inductive SortVals : Type where
   341	    | «.List{"_,__MPY-CORE_Vals_Val_Vals"}_Vals» : SortVals
   342	    | «_,__MPY-CORE_Vals_Val_Vals» (x0 : SortVal) (x1 : SortVals) : SortVals
   343	end
FILE:/reference/klean-generation/generated/Klean85Add/Inj.lean
     1	import Klean85Add.Sorts
     2	
     3	instance : Inj SortBool SortBound where
     4	  inj := SortBound.inj_SortBool
     5	  retr
     6	    | SortBound.inj_SortBool x => some x
     7	    | _ => none
     8	
     9	instance : Inj SortExpr SortBound where
    10	  inj
    11	    | SortExpr.inj_SortBool x => SortBound.inj_SortBool x
    12	    | SortExpr.inj_SortFloat x => SortBound.inj_SortFloat x
    13	    | SortExpr.inj_SortInt x => SortBound.inj_SortInt x
    14	    | SortExpr.inj_SortIterable x => SortBound.inj_SortIterable x
    15	    | SortExpr.inj_SortVal x => SortBound.inj_SortVal x
    16	    | x => SortBound.inj_SortExpr x
    17	  retr
    18	    | SortBound.inj_SortBool x => some (SortExpr.inj_SortBool x)
    19	    | SortBound.inj_SortFloat x => some (SortExpr.inj_SortFloat x)
    20	    | SortBound.inj_SortInt x => some (SortExpr.inj_SortInt x)
    21	    | SortBound.inj_SortIterable x => some (SortExpr.inj_SortIterable x)
    22	    | SortBound.inj_SortVal x => some (SortExpr.inj_SortVal x)
    23	    | SortBound.inj_SortExpr x => some x
    24	    | _ => none
    25	
    26	instance : Inj SortFloat SortBound where
    27	  inj := SortBound.inj_SortFloat
    28	  retr
    29	    | SortBound.inj_SortFloat x => some x
    30	    | _ => none
    31	
    32	instance : Inj SortInt SortBound where
    33	  inj := SortBound.inj_SortInt
    34	  retr
    35	    | SortBound.inj_SortInt x => some x
    36	    | _ => none
    37	
    38	instance : Inj SortIterable SortBound where
    39	  inj := SortBound.inj_SortIterable
    40	  retr
    41	    | SortBound.inj_SortIterable x => some x
    42	    | _ => none
    43	
    44	instance : Inj SortVal SortBound where
    45	  inj
    46	    | SortVal.inj_SortBool x => SortBound.inj_SortBool x
    47	    | SortVal.inj_SortFloat x => SortBound.inj_SortFloat x
    48	    | SortVal.inj_SortInt x => SortBound.inj_SortInt x
    49	    | SortVal.inj_SortIterable x => SortBound.inj_SortIterable x
    50	    | x => SortBound.inj_SortVal x
    51	  retr
    52	    | SortBound.inj_SortBool x => some (SortVal.inj_SortBool x)
    53	    | SortBound.inj_SortFloat x => some (SortVal.inj_SortFloat x)
    54	    | SortBound.inj_SortInt x => some (SortVal.inj_SortInt x)
    55	    | SortBound.inj_SortIterable x => some (SortVal.inj_SortIterable x)
    56	    | SortBound.inj_SortVal x => some x
    57	    | _ => none
    58	
    59	instance : Inj SortBool SortExpr where
    60	  inj := SortExpr.inj_SortBool
    61	  retr
    62	    | SortExpr.inj_SortBool x => some x
    63	    | _ => none
    64	
    65	instance : Inj SortFloat SortExpr where
    66	  inj := SortExpr.inj_SortFloat
    67	  retr
    68	    | SortExpr.inj_SortFloat x => some x
    69	    | _ => none
    70	
    71	instance : Inj SortInt SortExpr where
    72	  inj := SortExpr.inj_SortInt
    73	  retr
    74	    | SortExpr.inj_SortInt x => some x
    75	    | _ => none
    76	
    77	instance : Inj SortIterable SortExpr where
    78	  inj := SortExpr.inj_SortIterable
    79	  retr
    80	    | SortExpr.inj_SortIterable x => some x
    81	    | _ => none
    82	
    83	instance : Inj SortVal SortExpr where
    84	  inj
    85	    | SortVal.inj_SortBool x => SortExpr.inj_SortBool x
    86	    | SortVal.inj_SortFloat x => SortExpr.inj_SortFloat x
    87	    | SortVal.inj_SortInt x => SortExpr.inj_SortInt x
    88	    | SortVal.inj_SortIterable x => SortExpr.inj_SortIterable x
    89	    | x => SortExpr.inj_SortVal x
    90	  retr
    91	    | SortExpr.inj_SortBool x => some (SortVal.inj_SortBool x)
    92	    | SortExpr.inj_SortFloat x => some (SortVal.inj_SortFloat x)
    93	    | SortExpr.inj_SortInt x => some (SortVal.inj_SortInt x)
    94	    | SortExpr.inj_SortIterable x => some (SortVal.inj_SortIterable x)
    95	    | SortExpr.inj_SortVal x => some x
    96	    | _ => none
    97	
    98	instance : Inj SortBool SortIndex where
    99	  inj := SortIndex.inj_SortBool
   100	  retr
   101	    | SortIndex.inj_SortBool x => some x
   102	    | _ => none
   103	
   104	instance : Inj SortExpr SortIndex where
   105	  inj
   106	    | SortExpr.inj_SortBool x => SortIndex.inj_SortBool x
   107	    | SortExpr.inj_SortFloat x => SortIndex.inj_SortFloat x
   108	    | SortExpr.inj_SortInt x => SortIndex.inj_SortInt x
   109	    | SortExpr.inj_SortIterable x => SortIndex.inj_SortIterable x
   110	    | SortExpr.inj_SortVal x => SortIndex.inj_SortVal x
   111	    | x => SortIndex.inj_SortExpr x
   112	  retr
   113	    | SortIndex.inj_SortBool x => some (SortExpr.inj_SortBool x)
   114	    | SortIndex.inj_SortFloat x => some (SortExpr.inj_SortFloat x)
   115	    | SortIndex.inj_SortInt x => some (SortExpr.inj_SortInt x)
   116	    | SortIndex.inj_SortIterable x => some (SortExpr.inj_SortIterable x)
   117	    | SortIndex.inj_SortVal x => some (SortExpr.inj_SortVal x)
   118	    | SortIndex.inj_SortExpr x => some x
   119	    | _ => none
   120	
   121	instance : Inj SortFloat SortIndex where
   122	  inj := SortIndex.inj_SortFloat
   123	  retr
   124	    | SortIndex.inj_SortFloat x => some x
   125	    | _ => none
   126	
   127	instance : Inj SortInt SortIndex where
   128	  inj := SortIndex.inj_SortInt
   129	  retr
   130	    | SortIndex.inj_SortInt x => some x
   131	    | _ => none
   132	
   133	instance : Inj SortIterable SortIndex where
   134	  inj := SortIndex.inj_SortIterable
   135	  retr
   136	    | SortIndex.inj_SortIterable x => some x
   137	    | _ => none
   138	
   139	instance : Inj SortVal SortIndex where
   140	  inj
   141	    | SortVal.inj_SortBool x => SortIndex.inj_SortBool x
   142	    | SortVal.inj_SortFloat x => SortIndex.inj_SortFloat x
   143	    | SortVal.inj_SortInt x => SortIndex.inj_SortInt x
   144	    | SortVal.inj_SortIterable x => SortIndex.inj_SortIterable x
   145	    | x => SortIndex.inj_SortVal x
   146	  retr
   147	    | SortIndex.inj_SortBool x => some (SortVal.inj_SortBool x)
   148	    | SortIndex.inj_SortFloat x => some (SortVal.inj_SortFloat x)
   149	    | SortIndex.inj_SortInt x => some (SortVal.inj_SortInt x)
   150	    | SortIndex.inj_SortIterable x => some (SortVal.inj_SortIterable x)
   151	    | SortIndex.inj_SortVal x => some x
   152	    | _ => none
   153	
   154	instance : Inj SortApplyK SortKItem where
   155	  inj := SortKItem.inj_SortApplyK
   156	  retr
   157	    | SortKItem.inj_SortApplyK x => some x
   158	    | _ => none
   159	
   160	instance : Inj SortBool SortKItem where
   161	  inj := SortKItem.inj_SortBool
   162	  retr
   163	    | SortKItem.inj_SortBool x => some x
   164	    | _ => none
   165	
   166	instance : Inj SortBound SortKItem where
   167	  inj
   168	    | SortBound.inj_SortBool x => SortKItem.inj_SortBool x
   169	    | SortBound.inj_SortExpr x => SortKItem.inj_SortExpr x
   170	    | SortBound.inj_SortFloat x => SortKItem.inj_SortFloat x
   171	    | SortBound.inj_SortInt x => SortKItem.inj_SortInt x
   172	    | SortBound.inj_SortIterable x => SortKItem.inj_SortIterable x
   173	    | SortBound.inj_SortVal x => SortKItem.inj_SortVal x
   174	    | x => SortKItem.inj_SortBound x
   175	  retr
   176	    | SortKItem.inj_SortBool x => some (SortBound.inj_SortBool x)
   177	    | SortKItem.inj_SortExpr x => some (SortBound.inj_SortExpr x)
   178	    | SortKItem.inj_SortFloat x => some (SortBound.inj_SortFloat x)
   179	    | SortKItem.inj_SortInt x => some (SortBound.inj_SortInt x)
   180	    | SortKItem.inj_SortIterable x => some (SortBound.inj_SortIterable x)
   181	    | SortKItem.inj_SortVal x => some (SortBound.inj_SortVal x)
   182	    | SortKItem.inj_SortBound x => some x
   183	    | _ => none
   184	
   185	instance : Inj SortCellVars SortKItem where
   186	  inj := SortKItem.inj_SortCellVars
   187	  retr
   188	    | SortKItem.inj_SortCellVars x => some x
   189	    | _ => none
   190	
   191	instance : Inj SortCmpOp SortKItem where
   192	  inj := SortKItem.inj_SortCmpOp
   193	  retr
   194	    | SortKItem.inj_SortCmpOp x => some x
   195	    | _ => none
   196	
   197	instance : Inj SortEntries SortKItem where
   198	  inj := SortKItem.inj_SortEntries
   199	  retr
   200	    | SortKItem.inj_SortEntries x => some x
   201	    | _ => none
   202	
   203	instance : Inj SortEntry SortKItem where
   204	  inj := SortKItem.inj_SortEntry
   205	  retr
   206	    | SortKItem.inj_SortEntry x => some x
   207	    | _ => none
   208	
   209	instance : Inj SortEnvCell SortKItem where
   210	  inj := SortKItem.inj_SortEnvCell
   211	  retr
   212	    | SortKItem.inj_SortEnvCell x => some x
   213	    | _ => none
   214	
   215	instance : Inj SortExc SortKItem where
   216	  inj := SortKItem.inj_SortExc
   217	  retr
   218	    | SortKItem.inj_SortExc x => some x
   219	    | _ => none
   220	
   221	instance : Inj SortExcCell SortKItem where
   222	  inj := SortKItem.inj_SortExcCell
   223	  retr
   224	    | SortKItem.inj_SortExcCell x => some x
   225	    | _ => none
   226	
   227	instance : Inj SortExitCodeCell SortKItem where
   228	  inj := SortKItem.inj_SortExitCodeCell
   229	  retr
   230	    | SortKItem.inj_SortExitCodeCell x => some x
   231	    | _ => none
   232	
   233	instance : Inj SortExpr SortKItem where
   234	  inj
   235	    | SortExpr.inj_SortBool x => SortKItem.inj_SortBool x
   236	    | SortExpr.inj_SortFloat x => SortKItem.inj_SortFloat x
   237	    | SortExpr.inj_SortInt x => SortKItem.inj_SortInt x
   238	    | SortExpr.inj_SortIterable x => SortKItem.inj_SortIterable x
   239	    | SortExpr.inj_SortVal x => SortKItem.inj_SortVal x
   240	    | x => SortKItem.inj_SortExpr x
   241	  retr
   242	    | SortKItem.inj_SortBool x => some (SortExpr.inj_SortBool x)
   243	    | SortKItem.inj_SortFloat x => some (SortExpr.inj_SortFloat x)
   244	    | SortKItem.inj_SortInt x => some (SortExpr.inj_SortInt x)
   245	    | SortKItem.inj_SortIterable x => some (SortExpr.inj_SortIterable x)
   246	    | SortKItem.inj_SortVal x => some (SortExpr.inj_SortVal x)
   247	    | SortKItem.inj_SortExpr x => some x
   248	    | _ => none
   249	
   250	instance : Inj SortExprs SortKItem where
   251	  inj := SortKItem.inj_SortExprs
   252	  retr
   253	    | SortKItem.inj_SortExprs x => some x
   254	    | _ => none
   255	
   256	instance : Inj SortFloat SortKItem where
   257	  inj := SortKItem.inj_SortFloat
   258	  retr
   259	    | SortKItem.inj_SortFloat x => some x
   260	    | _ => none
   261	
   262	instance : Inj SortFreeVars SortKItem where
   263	  inj := SortKItem.inj_SortFreeVars
   264	  retr
   265	    | SortKItem.inj_SortFreeVars x => some x
   266	    | _ => none
   267	
   268	instance : Inj SortGeneratedCounterCell SortKItem where
   269	  inj := SortKItem.inj_SortGeneratedCounterCell
   270	  retr
   271	    | SortKItem.inj_SortGeneratedCounterCell x => some x
   272	    | _ => none
   273	
   274	instance : Inj SortGeneratedTopCell SortKItem where
   275	  inj := SortKItem.inj_SortGeneratedTopCell
   276	  retr
   277	    | SortKItem.inj_SortGeneratedTopCell x => some x
   278	    | _ => none
   279	
   280	instance : Inj SortHeapCell SortKItem where
   281	  inj := SortKItem.inj_SortHeapCell
   282	  retr
   283	    | SortKItem.inj_SortHeapCell x => some x
   284	    | _ => none
   285	
   286	instance : Inj SortHeapLocCell SortKItem where
   287	  inj := SortKItem.inj_SortHeapLocCell
   288	  retr
   289	    | SortKItem.inj_SortHeapLocCell x => some x
   290	    | _ => none
   291	
   292	instance : Inj SortIndex SortKItem where
   293	  inj
   294	    | SortIndex.inj_SortBool x => SortKItem.inj_SortBool x
   295	    | SortIndex.inj_SortExpr x => SortKItem.inj_SortExpr x
   296	    | SortIndex.inj_SortFloat x => SortKItem.inj_SortFloat x
   297	    | SortIndex.inj_SortInt x => SortKItem.inj_SortInt x
   298	    | SortIndex.inj_SortIterable x => SortKItem.inj_SortIterable x
   299	    | SortIndex.inj_SortVal x => SortKItem.inj_SortVal x
   300	    | x => SortKItem.inj_SortIndex x
   301	  retr
   302	    | SortKItem.inj_SortBool x => some (SortIndex.inj_SortBool x)
   303	    | SortKItem.inj_SortExpr x => some (SortIndex.inj_SortExpr x)
   304	    | SortKItem.inj_SortFloat x => some (SortIndex.inj_SortFloat x)
   305	    | SortKItem.inj_SortInt x => some (SortIndex.inj_SortInt x)
   306	    | SortKItem.inj_SortIterable x => some (SortIndex.inj_SortIterable x)
   307	    | SortKItem.inj_SortVal x => some (SortIndex.inj_SortVal x)
   308	    | SortKItem.inj_SortIndex x => some x
   309	    | _ => none
   310	
   311	instance : Inj SortInt SortKItem where
   312	  inj := SortKItem.inj_SortInt
   313	  retr
   314	    | SortKItem.inj_SortInt x => some x
   315	    | _ => none
   316	
   317	instance : Inj SortIntSeq SortKItem where
   318	  inj := SortKItem.inj_SortIntSeq
   319	  retr
   320	    | SortKItem.inj_SortIntSeq x => some x
   321	    | _ => none
   322	
   323	instance : Inj SortIterable SortKItem where
   324	  inj := SortKItem.inj_SortIterable
   325	  retr
   326	    | SortKItem.inj_SortIterable x => some x
   327	    | _ => none
   328	
   329	instance : Inj SortKCell SortKItem where
   330	  inj := SortKItem.inj_SortKCell
   331	  retr
   332	    | SortKItem.inj_SortKCell x => some x
   333	    | _ => none
   334	
   335	instance : Inj SortList SortKItem where
   336	  inj := SortKItem.inj_SortList
   337	  retr
   338	    | SortKItem.inj_SortList x => some x
   339	    | _ => none
   340	
   341	instance : Inj SortMap SortKItem where
   342	  inj := SortKItem.inj_SortMap
   343	  retr
   344	    | SortKItem.inj_SortMap x => some x
   345	    | _ => none
   346	
   347	instance : Inj SortModule SortKItem where
   348	  inj := SortKItem.inj_SortModule
   349	  retr
   350	    | SortKItem.inj_SortModule x => some x
   351	    | _ => none
   352	
   353	instance : Inj SortOptInt SortKItem where
   354	  inj := SortKItem.inj_SortOptInt
   355	  retr
   356	    | SortKItem.inj_SortOptInt x => some x
   357	    | _ => none
   358	
   359	instance : Inj SortParamNames SortKItem where
   360	  inj := SortKItem.inj_SortParamNames
   361	  retr
   362	    | SortKItem.inj_SortParamNames x => some x
   363	    | _ => none
   364	
   365	instance : Inj SortParams SortKItem where
   366	  inj := SortKItem.inj_SortParams
   367	  retr
   368	    | SortKItem.inj_SortParams x => some x
   369	    | _ => none
   370	
   371	instance : Inj SortRetCell SortKItem where
   372	  inj := SortKItem.inj_SortRetCell
   373	  retr
   374	    | SortKItem.inj_SortRetCell x => some x
   375	    | _ => none
   376	
   377	instance : Inj SortRetState SortKItem where
   378	  inj := SortKItem.inj_SortRetState
   379	  retr
   380	    | SortKItem.inj_SortRetState x => some x
   381	    | _ => none
   382	
   383	instance : Inj SortScopeLocCell SortKItem where
   384	  inj := SortKItem.inj_SortScopeLocCell
   385	  retr
   386	    | SortKItem.inj_SortScopeLocCell x => some x
   387	    | _ => none
   388	
   389	instance : Inj SortScopesCell SortKItem where
   390	  inj := SortKItem.inj_SortScopesCell
   391	  retr
   392	    | SortKItem.inj_SortScopesCell x => some x
   393	    | _ => none
   394	
   395	instance : Inj SortStackCell SortKItem where
   396	  inj := SortKItem.inj_SortStackCell
   397	  retr
   398	    | SortKItem.inj_SortStackCell x => some x
   399	    | _ => none
   400	
   401	instance : Inj SortStmt SortKItem where
   402	  inj := SortKItem.inj_SortStmt
   403	  retr
   404	    | SortKItem.inj_SortStmt x => some x
   405	    | _ => none
   406	
   407	instance : Inj SortStmts SortKItem where
   408	  inj := SortKItem.inj_SortStmts
   409	  retr
   410	    | SortKItem.inj_SortStmts x => some x
   411	    | _ => none
   412	
   413	instance : Inj SortString SortKItem where
   414	  inj := SortKItem.inj_SortString
   415	  retr
   416	    | SortKItem.inj_SortString x => some x
   417	    | _ => none
   418	
   419	instance : Inj SortVal SortKItem where
   420	  inj
   421	    | SortVal.inj_SortBool x => SortKItem.inj_SortBool x
   422	    | SortVal.inj_SortFloat x => SortKItem.inj_SortFloat x
   423	    | SortVal.inj_SortInt x => SortKItem.inj_SortInt x
   424	    | SortVal.inj_SortIterable x => SortKItem.inj_SortIterable x
   425	    | x => SortKItem.inj_SortVal x
   426	  retr
   427	    | SortKItem.inj_SortBool x => some (SortVal.inj_SortBool x)
   428	    | SortKItem.inj_SortFloat x => some (SortVal.inj_SortFloat x)
   429	    | SortKItem.inj_SortInt x => some (SortVal.inj_SortInt x)
   430	    | SortKItem.inj_SortIterable x => some (SortVal.inj_SortIterable x)
   431	    | SortKItem.inj_SortVal x => some x
   432	    | _ => none
   433	
   434	instance : Inj SortValSeq SortKItem where
   435	  inj := SortKItem.inj_SortValSeq
   436	  retr
   437	    | SortKItem.inj_SortValSeq x => some x
   438	    | _ => none
   439	
   440	instance : Inj SortVals SortKItem where
   441	  inj := SortKItem.inj_SortVals
   442	  retr
   443	    | SortKItem.inj_SortVals x => some x
   444	    | _ => none
   445	
   446	instance : Inj SortBool SortVal where
   447	  inj := SortVal.inj_SortBool
   448	  retr
   449	    | SortVal.inj_SortBool x => some x
   450	    | _ => none
   451	
   452	instance : Inj SortFloat SortVal where
   453	  inj := SortVal.inj_SortFloat
   454	  retr
   455	    | SortVal.inj_SortFloat x => some x
   456	    | _ => none
   457	
   458	instance : Inj SortInt SortVal where
   459	  inj := SortVal.inj_SortInt
   460	  retr
   461	    | SortVal.inj_SortInt x => some x
   462	    | _ => none
   463	
   464	instance : Inj SortIterable SortVal where
   465	  inj := SortVal.inj_SortIterable
   466	  retr
   467	    | SortVal.inj_SortIterable x => some x
   468	    | _ => none
FILE:/reference/klean-generation/generated/Klean85Add/Func.lean
     1	import Klean85Add.Inj
     2	
     3	def _105572a : SortK → Option SortBool
     4	  | K => some false
     5	
     6	def _17ebc68 : SortBool → Option SortBool
     7	  | false => some true
     8	  | _ => none
     9	
    10	def _1ff8f4d {SortSort : Type} : SortBool → SortSort → SortSort → Option SortSort
    11	  | C, B1, _Gen0 => do
    12	    guard C
    13	    return B1
    14	
    15	def _53fc758 : SortBool → Option SortBool
    16	  | true => some false
    17	  | _ => none
    18	
    19	def _7d47044 : SortValSeq → SortBool → Option SortInt
    20	  | SortValSeq.«.ValSeq_MPY-CORE_ValSeq», _Gen0 => some 0
    21	  | _, _ => none
    22	
    23	noncomputable def «_%Int_» (x0 : SortInt) (x1 : SortInt) : Option SortInt :=
    24	  if x1 = 0 then none else some (Int.tmod x0 x1)
    25	
    26	axiom projectIntTotal (x0 : SortVal) : Option SortInt
    27	
    28	def _5b9db8d : SortBool → SortBool → Option SortBool
    29	  | true, B => some B
    30	  | _, _ => none
    31	
    32	def _61fbef3 : SortBool → SortBool → Option SortBool
    33	  | false, _Gen0 => some false
    34	  | _, _ => none
    35	
    36	def _92664aa : SortK → Option SortBool
    37	  | SortK.kseq (SortKItem.inj_SortInt Int) SortK.dotk => some true
    38	  | _ => none
    39	
    40	noncomputable local instance : DecidableEq SortKItem :=
    41	  Classical.typeDecidableEq SortKItem
    42	
    43	private noncomputable def kleanMapLookupModel
    44	    (entries : List (SortKItem × SortKItem))
    45	    (key : SortKItem) : Option SortKItem :=
    46	  match entries with
    47	  | [] => none
    48	  | (candidate, value) :: rest =>
    49	      if candidate = key then some value
    50	      else kleanMapLookupModel rest key
    51	
    52	private noncomputable def kleanMapContainsModel
    53	    (entries : List (SortKItem × SortKItem))
    54	    (key : SortKItem) : Bool :=
    55	  match entries with
    56	  | [] => false
    57	  | (candidate, _) :: rest =>
    58	      if candidate = key then true
    59	      else kleanMapContainsModel rest key
    60	
    61	private noncomputable def kleanMapDisjointModel
    62	    (left right : List (SortKItem × SortKItem)) : Bool :=
    63	  match right with
    64	  | [] => true
    65	  | (key, _) :: rest =>
    66	      if kleanMapContainsModel left key then false
    67	      else kleanMapDisjointModel left rest
    68	
    69	private noncomputable def kleanMapDeleteModel
    70	    (entries : List (SortKItem × SortKItem))
    71	    (key : SortKItem) : List (SortKItem × SortKItem) :=
    72	  match entries with
    73	  | [] => []
    74	  | (candidate, value) :: rest =>
    75	      if candidate = key then kleanMapDeleteModel rest key
    76	      else (candidate, value) :: kleanMapDeleteModel rest key
    77	
    78	private noncomputable def kleanMapUpdateModel
    79	    (entries : List (SortKItem × SortKItem))
    80	    (key value : SortKItem) : List (SortKItem × SortKItem) :=
    81	  match entries with
    82	  | [] => [(key, value)]
    83	  | (candidate, oldValue) :: rest =>
    84	      if candidate = key then (key, value) :: rest
    85	      else (candidate, oldValue) :: kleanMapUpdateModel rest key value
    86	
    87	noncomputable def «.List» : Option SortList := some ⟨[]⟩
    88	
    89	noncomputable def «.Map» : Option SortMap := some ⟨[]⟩
    90	
    91	noncomputable def _List_ (x0 : SortList) (x1 : SortList) : Option SortList := some ⟨x0.coll ++ x1.coll⟩
    92	
    93	noncomputable def _Map_ (x0 : SortMap) (x1 : SortMap) : Option SortMap :=
    94	  if kleanMapDisjointModel x0.coll x1.coll then
    95	    some ⟨x0.coll ++ x1.coll⟩
    96	  else none
    97	
    98	noncomputable def «_|->_» (x0 : SortKItem) (x1 : SortKItem) : Option SortMap :=
    99	  some ⟨[(x0, x1)]⟩
   100	
   101	noncomputable def ListItem (x0 : SortKItem) : Option SortList :=
   102	  some ⟨[x0]⟩
   103	
   104	def _e2c5587 : SortValSeq → Option SortBool
   105	  | SortValSeq.«.ValSeq_MPY-CORE_ValSeq» => some true
   106	  | _ => none
   107	
   108	def notBool_ (x0 : SortBool) : Option SortBool := (_17ebc68 x0) <|> (_53fc758 x0)
   109	
   110	noncomputable def _2d78aae : SortInt → SortInt → Option SortInt
   111	  | I1, I2 => do
   112	    let _Val0 <- «_%Int_» I1 I2
   113	    let _Val1 <- «_+Int_» _Val0 I2
   114	    let _Val2 <- «_%Int_» _Val1 I2
   115	    return _Val2
   116	
   117	def _andBool_ (x0 : SortBool) (x1 : SortBool) : Option SortBool := (_5b9db8d x0 x1) <|> (_61fbef3 x0 x1)
   118	
   119	def isInt (x0 : SortK) : Option SortBool := (_92664aa x0) <|> (_105572a x0)
   120	
   121	def _2f3f58a {SortSort : Type} : SortBool → SortSort → SortSort → Option SortSort
   122	  | C, _Gen0, B2 => do
   123	    let _Val0 <- notBool_ C
   124	    guard _Val0
   125	    return B2
   126	
   127	noncomputable def «pyMod(_,_)_MPY-INT_Int_Int_Int» (x0 : SortInt) (x1 : SortInt) : Option SortInt := _2d78aae x0 x1
   128	
   129	mutual
   130	  def «allInts(_)_VERIFICATION-SYNTAX_Bool_ValSeq» (x0 : SortValSeq) : Option SortBool := (_a540c70 x0) <|> (_e2c5587 x0)
   131	
   132	  def _a540c70 : SortValSeq → Option SortBool
   133	    | SortValSeq.«vCons(_,_)_MPY-CORE_ValSeq_Val_ValSeq» V VS => do
   134	      let _Val0 <- isInt (SortK.kseq ((@inj SortVal SortKItem) V) SortK.dotk)
   135	      let _Val1 <- «allInts(_)_VERIFICATION-SYNTAX_Bool_ValSeq» VS
   136	      let _Val2 <- _andBool_ _Val0 _Val1
   137	      return _Val2
   138	    | _ => none
   139	end
   140	
   141	def _c73d4a8 : SortVal → Option SortBool
   142	  | V => do
   143	    let _Val0 <- isInt (SortK.kseq ((@inj SortVal SortKItem) V) SortK.dotk)
   144	    return _Val0
   145	
   146	def kite {SortSort : Type} (x0 : SortBool) (x1 : SortSort) (x2 : SortSort) : Option SortSort := (_1ff8f4d x0 x1 x2) <|> (_2f3f58a x0 x1 x2)
   147	
   148	def «definedProjectInt(_)_VERIFICATION-SYNTAX_Bool_Val» (x0 : SortVal) : Option SortBool := _c73d4a8 x0
   149	
   150	mutual
   151	  noncomputable def _23b69ae : SortValSeq → SortBool → Option SortInt
   152	    | SortValSeq.«vCons(_,_)_MPY-CORE_ValSeq_Val_ValSeq» V VS, true => do
   153	      let _Val0 <- projectIntTotal V
   154	      let _Val1 <- «pyMod(_,_)_MPY-INT_Int_Int_Int» _Val0 2
   155	      let _Val2 <- «_==Int_» _Val1 0
   156	      let _Val3 <- projectIntTotal V
   157	      let _Val4 <- kite _Val2 _Val3 0
   158	      let _Val5 <- «addSummary(_,_)_VERIFICATION-SYNTAX_Int_ValSeq_Bool» VS false
   159	      let _Val6 <- «_+Int_» _Val4 _Val5
   160	      return _Val6
   161	    | _, _ => none
   162	
   163	  noncomputable def _5e5e323 : SortValSeq → SortBool → Option SortInt
   164	    | SortValSeq.«vCons(_,_)_MPY-CORE_ValSeq_Val_ValSeq» _Gen0 VS, false => do
   165	      let _Val0 <- «addSummary(_,_)_VERIFICATION-SYNTAX_Int_ValSeq_Bool» VS true
   166	      return _Val0
   167	    | _, _ => none
   168	
   169	  noncomputable def «addSummary(_,_)_VERIFICATION-SYNTAX_Int_ValSeq_Bool» (x0 : SortValSeq) (x1 : SortBool) : Option SortInt := (_23b69ae x0 x1) <|> (_5e5e323 x0 x1) <|> (_7d47044 x0 x1)
   170	end
FILE:/reference/klean-generation/generated/Klean85Add/Lemmas.lean
     1	import Klean85Add.Inj
     2	
     3	/- K trust-boundary goals. The second-pass agent must replace every
     4	   writable opaque stub with an honest definition and prove this
     5	   immutable proposition in the separate Proof.lean workspace. -/
     6	
     7	namespace Klean85Add.Lemmas
     8	
     9	def targetStatement
    10	    («_+Int_» : SortInt → SortInt → SortInt)
    11	    («applyBin(_,_,_)_MPY-CORE_Val_String_Val_Val» : SortString → SortVal → SortVal → SortVal)
    12	    («definedProjectInt(_)_VERIFICATION-SYNTAX_Bool_Val» : SortVal → SortBool)
    13	    (isInt : SortK → SortBool)
    14	    (projectIntTotal : SortVal → SortInt)
    15	    («pyMod(_,_)_MPY-INT_Int_Int_Int» : SortInt → SortInt → SortInt)
    16	    («project:Int?» : SortK → Option SortInt)
    17	    : Prop :=
    18	    (∀ (V : SortVal), ((«project:Int?» (SortK.kseq ((@inj SortVal SortKItem) V) SortK.dotk)).isSome = true) ↔ (((«definedProjectInt(_)_VERIFICATION-SYNTAX_Bool_Val» V : SortBool) = (true : SortBool)) ∧ (True)))
    19	    ∧ (∀ (I : SortInt) (V : SortVal) (h : (isInt (SortK.kseq ((@inj SortVal SortKItem) V) SortK.dotk)) = true), («applyBin(_,_,_)_MPY-CORE_Val_String_Val_Val» "%" V (SortVal.inj_SortInt I) : SortVal) = (SortVal.inj_SortInt («pyMod(_,_)_MPY-INT_Int_Int_Int» (projectIntTotal V) I) : SortVal))
    20	    ∧ (∀ (V : SortVal) (I : SortInt) (h : (isInt (SortK.kseq ((@inj SortVal SortKItem) V) SortK.dotk)) = true), («applyBin(_,_,_)_MPY-CORE_Val_String_Val_Val» "+" (SortVal.inj_SortInt I) V : SortVal) = (SortVal.inj_SortInt («_+Int_» I (projectIntTotal V)) : SortVal))
    21	
    22	end Klean85Add.Lemmas
FILE:/reference/klean-generation/generated/Klean85Add/Rewrite.lean
     1	import Klean85Add.Func
     2	
     3	inductive Rewrites : SortGeneratedTopCell → SortGeneratedTopCell → Prop where
     4	  | tran {s1 s2 s3 : SortGeneratedTopCell} (t1 : Rewrites s1 s2) (t2 : Rewrites s2 s3) : Rewrites s1 s3
     5	  | VERIFICATION_KLEAN_EXPORT_kxExport0 {V0 : SortValSeq} {_DotVar1 : SortK} {_Gen0 : SortEnvCell} {_Gen1 : SortScopesCell} {_Gen2 : SortScopeLocCell} {_Gen3 : SortHeapCell} {_Gen4 : SortHeapLocCell} {_Gen5 : SortStackCell} {_Gen6 : SortRetCell} {_Gen7 : SortExcCell} {_Gen8 : SortExitCodeCell} {_Gen9 : SortGeneratedCounterCell} {_Val0 : SortBool} (defn_Val0 : «allInts(_)_VERIFICATION-SYNTAX_Bool_ValSeq» V0 = some _Val0) : Rewrites { k := { val := SortK.kseq (SortKItem.«#kxExport0(_)_VERIFICATION-KLEAN-EXPORT_KItem_ValSeq» V0) _DotVar1 }, env := _Gen0, scopes := _Gen1, scopeLoc := _Gen2, heap := _Gen3, heapLoc := _Gen4, stack := _Gen5, ret := _Gen6, exc := _Gen7, exitCode := _Gen8, generatedCounter := _Gen9 } { k := { val := SortK.kseq ((@inj SortBool SortKItem) _Val0) _DotVar1 }, env := _Gen0, scopes := _Gen1, scopeLoc := _Gen2, heap := _Gen3, heapLoc := _Gen4, stack := _Gen5, ret := _Gen6, exc := _Gen7, exitCode := _Gen8, generatedCounter := _Gen9 }
     6	  | VERIFICATION_KLEAN_EXPORT_kxExport1 {V0 : SortVal} {_DotVar1 : SortK} {_Gen0 : SortEnvCell} {_Gen1 : SortScopesCell} {_Gen2 : SortScopeLocCell} {_Gen3 : SortHeapCell} {_Gen4 : SortHeapLocCell} {_Gen5 : SortStackCell} {_Gen6 : SortRetCell} {_Gen7 : SortExcCell} {_Gen8 : SortExitCodeCell} {_Gen9 : SortGeneratedCounterCell} {_Val0 : SortBool} (defn_Val0 : «definedProjectInt(_)_VERIFICATION-SYNTAX_Bool_Val» V0 = some _Val0) : Rewrites { k := { val := SortK.kseq (SortKItem.«#kxExport1(_)_VERIFICATION-KLEAN-EXPORT_KItem_Val» V0) _DotVar1 }, env := _Gen0, scopes := _Gen1, scopeLoc := _Gen2, heap := _Gen3, heapLoc := _Gen4, stack := _Gen5, ret := _Gen6, exc := _Gen7, exitCode := _Gen8, generatedCounter := _Gen9 } { k := { val := SortK.kseq ((@inj SortBool SortKItem) _Val0) _DotVar1 }, env := _Gen0, scopes := _Gen1, scopeLoc := _Gen2, heap := _Gen3, heapLoc := _Gen4, stack := _Gen5, ret := _Gen6, exc := _Gen7, exitCode := _Gen8, generatedCounter := _Gen9 }
     7	  | VERIFICATION_KLEAN_EXPORT_kxExport2 {V0 : SortVal} {_DotVar1 : SortK} {_Gen0 : SortEnvCell} {_Gen1 : SortScopesCell} {_Gen2 : SortScopeLocCell} {_Gen3 : SortHeapCell} {_Gen4 : SortHeapLocCell} {_Gen5 : SortStackCell} {_Gen6 : SortRetCell} {_Gen7 : SortExcCell} {_Gen8 : SortExitCodeCell} {_Gen9 : SortGeneratedCounterCell} {_Val0 : SortInt} (defn_Val0 : projectIntTotal V0 = some _Val0) : Rewrites { k := { val := SortK.kseq (SortKItem.«#kxExport2(_)_VERIFICATION-KLEAN-EXPORT_KItem_Val» V0) _DotVar1 }, env := _Gen0, scopes := _Gen1, scopeLoc := _Gen2, heap := _Gen3, heapLoc := _Gen4, stack := _Gen5, ret := _Gen6, exc := _Gen7, exitCode := _Gen8, generatedCounter := _Gen9 } { k := { val := SortK.kseq ((@inj SortInt SortKItem) _Val0) _DotVar1 }, env := _Gen0, scopes := _Gen1, scopeLoc := _Gen2, heap := _Gen3, heapLoc := _Gen4, stack := _Gen5, ret := _Gen6, exc := _Gen7, exitCode := _Gen8, generatedCounter := _Gen9 }
     8	  | VERIFICATION_KLEAN_EXPORT_kxExport3 {V0 : SortValSeq} {V1 : SortBool} {_DotVar1 : SortK} {_Gen0 : SortEnvCell} {_Gen1 : SortScopesCell} {_Gen2 : SortScopeLocCell} {_Gen3 : SortHeapCell} {_Gen4 : SortHeapLocCell} {_Gen5 : SortStackCell} {_Gen6 : SortRetCell} {_Gen7 : SortExcCell} {_Gen8 : SortExitCodeCell} {_Gen9 : SortGeneratedCounterCell} {_Val0 : SortInt} (defn_Val0 : «addSummary(_,_)_VERIFICATION-SYNTAX_Int_ValSeq_Bool» V0 V1 = some _Val0) : Rewrites { k := { val := SortK.kseq (SortKItem.«#kxExport3(_,_)_VERIFICATION-KLEAN-EXPORT_KItem_ValSeq_Bool» V0 V1) _DotVar1 }, env := _Gen0, scopes := _Gen1, scopeLoc := _Gen2, heap := _Gen3, heapLoc := _Gen4, stack := _Gen5, ret := _Gen6, exc := _Gen7, exitCode := _Gen8, generatedCounter := _Gen9 } { k := { val := SortK.kseq ((@inj SortInt SortKItem) _Val0) _DotVar1 }, env := _Gen0, scopes := _Gen1, scopeLoc := _Gen2, heap := _Gen3, heapLoc := _Gen4, stack := _Gen5, ret := _Gen6, exc := _Gen7, exitCode := _Gen8, generatedCounter := _Gen9 }
FILE:/reference/klean-generation/generated/Klean85Add.lean
     1	import Klean85Add.Rewrite
     2	import Klean85Add.Lemmas
FILE:/candidate/Proof.lean
     1	import Klean85Add.Lemmas
     2	
     3	namespace Proof
     4	
     5	/- K's `%Int` is partial at divisor zero.  The generated trust parameter is
     6	   total, so zero is used only to totalize that unreachable/undefined case;
     7	   for every defined divisor this is exactly the frozen pyMod recurrence. -/
     8	private def pyModTotal (x y : SortInt) : SortInt :=
     9	  if y = 0 then 0
    10	  else Int.tmod (Int.tmod x y + y) y
    11	
    12	/- KORE symbol: Lbl'UndsPlus'Int'Unds'; frozen source obligations: rule-573796c5ae90b21570a38c51e4cd10a1610683b2a2b51c68ff466ef5277fc7fc. Replace this stub with its honest total meaning from the frozen K semantics. -/
    13	def «_+Int_» (x y : SortInt) : SortInt := x + y
    14	
    15	/- KORE symbol: LblapplyBin'LParUndsCommUndsCommUndsRParUnds'MPY-CORE'Unds'Val'Unds'String'Unds'Val'Unds'Val; frozen source obligations: rule-2dd919bc012c069b3c8fffc3cbdb9c9070068f0c8eca42acdc492a3b3db5315a, rule-573796c5ae90b21570a38c51e4cd10a1610683b2a2b51c68ff466ef5277fc7fc. Replace this stub with its honest total meaning from the frozen K semantics. -/
    16	def «applyBin(_,_,_)_MPY-CORE_Val_String_Val_Val» :
    17	    SortString → SortVal → SortVal → SortVal
    18	  | "+", SortVal.inj_SortInt x, SortVal.inj_SortInt y =>
    19	      SortVal.inj_SortInt (x + y)
    20	  | "+", SortVal.inj_SortInt x, SortVal.inj_SortBool y =>
    21	      SortVal.inj_SortInt (x + if y then 1 else 0)
    22	  | "+", SortVal.inj_SortBool x, SortVal.inj_SortInt y =>
    23	      SortVal.inj_SortInt ((if x then 1 else 0) + y)
    24	  | "-", SortVal.inj_SortInt x, SortVal.inj_SortInt y =>
    25	      SortVal.inj_SortInt (x - y)
    26	  | "*", SortVal.inj_SortInt x, SortVal.inj_SortInt y =>
    27	      SortVal.inj_SortInt (x * y)
    28	  | "%", SortVal.inj_SortInt x, SortVal.inj_SortInt y =>
    29	      SortVal.inj_SortInt (pyModTotal x y)
    30	  | "//", SortVal.inj_SortInt x, SortVal.inj_SortInt y =>
    31	      if y = 0 then SortVal.«noneV_MPY-CORE_Val»
    32	      else SortVal.inj_SortInt (Int.tdiv (x - pyModTotal x y) y)
    33	  | "**", SortVal.inj_SortInt x, SortVal.inj_SortInt y =>
    34	      if y < 0 then SortVal.«noneV_MPY-CORE_Val»
    35	      else SortVal.inj_SortInt (Int.pow x y.toNat)
    36	  | "/", SortVal.inj_SortInt x, SortVal.inj_SortInt y =>
    37	      SortVal.inj_SortFloat (Float.ofInt x / Float.ofInt y)
    38	  | "%", SortVal.inj_SortFloat x, SortVal.inj_SortFloat y =>
    39	      SortVal.inj_SortFloat (x - Float.floor (x / y) * y)
    40	  | "-", SortVal.inj_SortFloat x, SortVal.inj_SortFloat y =>
    41	      SortVal.inj_SortFloat (x - y)
    42	  | "/", SortVal.inj_SortFloat x, SortVal.inj_SortFloat y =>
    43	      SortVal.inj_SortFloat (x / y)
    44	  | "+", SortVal.inj_SortFloat x, SortVal.inj_SortFloat y =>
    45	      SortVal.inj_SortFloat (x + y)
    46	  | "*", SortVal.inj_SortFloat x, SortVal.inj_SortFloat y =>
    47	      SortVal.inj_SortFloat (x * y)
    48	  | "**", SortVal.inj_SortFloat x, SortVal.inj_SortFloat y =>
    49	      SortVal.inj_SortFloat (x ^ y)
    50	  | "**", SortVal.inj_SortInt x, SortVal.inj_SortFloat y =>
    51	      SortVal.inj_SortFloat (Float.ofInt x ^ y)
    52	  | "**", SortVal.inj_SortFloat x, SortVal.inj_SortInt y =>
    53	      SortVal.inj_SortFloat (x ^ Float.ofInt y)
    54	  | "-", SortVal.inj_SortInt x, SortVal.inj_SortFloat y =>
    55	      SortVal.inj_SortFloat (Float.ofInt x - y)
    56	  | "-", SortVal.inj_SortFloat x, SortVal.inj_SortInt y =>
    57	      SortVal.inj_SortFloat (x - Float.ofInt y)
    58	  | "+", SortVal.inj_SortInt x, SortVal.inj_SortFloat y =>
    59	      SortVal.inj_SortFloat (Float.ofInt x + y)
    60	  | "+", SortVal.inj_SortFloat x, SortVal.inj_SortInt y =>
    61	      SortVal.inj_SortFloat (x + Float.ofInt y)
    62	  | "*", SortVal.inj_SortInt x, SortVal.inj_SortFloat y =>
    63	      SortVal.inj_SortFloat (Float.ofInt x * y)
    64	  | "*", SortVal.inj_SortFloat x, SortVal.inj_SortInt y =>
    65	      SortVal.inj_SortFloat (x * Float.ofInt y)
    66	  | "/", SortVal.inj_SortInt x, SortVal.inj_SortFloat y =>
    67	      SortVal.inj_SortFloat (Float.ofInt x / y)
    68	  | "/", SortVal.inj_SortFloat x, SortVal.inj_SortInt y =>
    69	      SortVal.inj_SortFloat (x / Float.ofInt y)
    70	  | _, _, _ => SortVal.«noneV_MPY-CORE_Val»
    71	
    72	/- KORE symbol: LbldefinedProjectInt'LParUndsRParUnds'VERIFICATION-SYNTAX'Unds'Bool'Unds'Val; frozen source obligations: rule-0312858a8718cb93d212cdb7b679a2875534dc14191dff8edf7bccf9a96d8b43. Replace this stub with its honest total meaning from the frozen K semantics. -/
    73	def «definedProjectInt(_)_VERIFICATION-SYNTAX_Bool_Val» : SortVal → SortBool
    74	  | SortVal.inj_SortInt _ => true
    75	  | _ => false
    76	
    77	/- KORE symbol: LblisInt; frozen source obligations: rule-2dd919bc012c069b3c8fffc3cbdb9c9070068f0c8eca42acdc492a3b3db5315a, rule-573796c5ae90b21570a38c51e4cd10a1610683b2a2b51c68ff466ef5277fc7fc. Replace this stub with its honest total meaning from the frozen K semantics. -/
    78	def isInt : SortK → SortBool
    79	  | SortK.kseq (SortKItem.inj_SortInt _) SortK.dotk => true
    80	  | _ => false
    81	
    82	/- KORE symbol: LblprojectIntTotal; frozen source obligations: rule-2dd919bc012c069b3c8fffc3cbdb9c9070068f0c8eca42acdc492a3b3db5315a, rule-573796c5ae90b21570a38c51e4cd10a1610683b2a2b51c68ff466ef5277fc7fc. Replace this stub with its honest total meaning from the frozen K semantics. -/
    83	def projectIntTotal : SortVal → SortInt
    84	  | SortVal.inj_SortInt i => i
    85	  | _ => 0
    86	
    87	/- KORE symbol: LblpyMod'LParUndsCommUndsRParUnds'MPY-INT'Unds'Int'Unds'Int'Unds'Int; frozen source obligations: rule-2dd919bc012c069b3c8fffc3cbdb9c9070068f0c8eca42acdc492a3b3db5315a. Replace this stub with its honest total meaning from the frozen K semantics. -/
    88	def «pyMod(_,_)_MPY-INT_Int_Int_Int» (x y : SortInt) : SortInt :=
    89	  pyModTotal x y
    90	
    91	/- KORE symbol: Lblproject'Coln'Int; frozen source obligations: rule-0312858a8718cb93d212cdb7b679a2875534dc14191dff8edf7bccf9a96d8b43. Replace this stub with its honest total meaning from the frozen K semantics. -/
    92	def «project:Int?» : SortK → Option SortInt
    93	  | SortK.kseq (SortKItem.inj_SortInt i) SortK.dotk => some i
    94	  | _ => none
    95	
    96	theorem final :
    97	    Klean85Add.Lemmas.targetStatement «_+Int_» «applyBin(_,_,_)_MPY-CORE_Val_String_Val_Val» «definedProjectInt(_)_VERIFICATION-SYNTAX_Bool_Val» isInt projectIntTotal «pyMod(_,_)_MPY-INT_Int_Int_Int» «project:Int?» := by
    98	  constructor
    99	  · intro V
   100	    cases V <;> simp [«project:Int?», «definedProjectInt(_)_VERIFICATION-SYNTAX_Bool_Val», inj]
   101	  constructor
   102	  · intro I V h
   103	    cases V <;> simp [isInt, inj] at h
   104	    rfl
   105	  · intro V I h
   106	    cases V <;> simp [isInt, inj] at h
   107	    rfl
   108	
   109	end Proof
FILE:/candidate/lakefile.lean
     1	import Lake
     2	open Lake DSL
     3	package "proof"
     4	require «klean-85-add» from "./Base"
     5	@[default_target]
     6	lean_lib Proof
FILE:/candidate/lake-manifest.json
     1	{"version": "1.1.0",
     2	 "packagesDir": ".lake/packages",
     3	 "packages":
     4	 [{"type": "path",
     5	   "scope": "",
     6	   "name": "«klean-85-add»",
     7	   "manifestFile": "lake-manifest.json",
     8	   "inherited": false,
     9	   "dir": "./Base",
    10	   "configFile": "lakefile.toml"}],
    11	 "name": "proof",
    12	 "lakeDir": ".lake"}
FILE:/candidate/lean-toolchain
     1	leanprover/lean4:v4.22.0

Script done on 2026-07-31 01:15:45-05:00 [COMMAND_EXIT_CODE="0"]
