WORKDIR: /tmp/audit-work/82-prime-length
COMMAND: /audit-output/evidence/stage2_differential.py trusted/canonical.py solution.py
{
  "oracle": "independent trial division through isqrt(length)",
  "seed": 820082,
  "scope": {
    "documented_examples": 4,
    "explicit_boundaries_and_content_cases": 11,
    "exhaustive_lengths": [
      0,
      300
    ],
    "generated_content_cases": 250,
    "total_cases": 566
  },
  "mismatch_count": 0,
  "mismatches": [],
  "results": [
    {
      "label": "example-Hello",
      "input": "Hello",
      "length": 5,
      "input_sha256": "185f8db32271fe25f561a6fc938b2e264306ec304eda518007d1764826381969",
      "oracle": true,
      "canonical": true,
      "generated": true
    },
    {
      "label": "example-abcdcba",
      "input": "abcdcba",
      "length": 7,
      "input_sha256": "71633010ebb10fc273943b9d7f51788007abbabc26035f9417d818946d72f9eb",
      "oracle": true,
      "canonical": true,
      "generated": true
    },
    {
      "label": "example-kittens",
      "input": "kittens",
      "length": 7,
      "input_sha256": "c81a7b1e755bdf87160ff008f94c8ecc21bc2a710a23bf5e1351300edc0231a1",
      "oracle": true,
      "canonical": true,
      "generated": true
    },
    {
      "label": "example-orange",
      "input": "orange",
      "length": 6,
      "input_sha256": "1b4c9133da73a711322404314402765ab0d23fd362a167d6f0c65bb215113d94",
      "oracle": false,
      "canonical": false,
      "generated": false
    },
    {
      "label": "empty",
      "input": "",
      "length": 0,
      "input_sha256": "e3b0c44298fc1c149afbf4c8996fb92427ae41e4649b934ca495991b7852b855",
      "oracle": false,
      "canonical": false,
      "generated": false
    },
    {
      "label": "length-1",
      "input": "a",
      "length": 1,
      "input_sha256": "ca978112ca1bbdcafac231b39a23dc4da786eff8147c4e72b9807785afee48bb",
      "oracle": false,
      "canonical": false,
      "generated": false
    },
    {
      "label": "length-2-loop-empty",
      "input": "ab",
      "length": 2,
      "input_sha256": "fb8e20fc2e4c3f248c60c39bd652f3c1347298bb977b8b4d5903b85055620603",
      "oracle": true,
      "canonical": true,
      "generated": true
    },
    {
      "label": "length-3-first-nonempty-prime",
      "input": "abc",
      "length": 3,
      "input_sha256": "ba7816bf8f01cfea414140de5dae2223b00361a396177a9cb410ff61f20015ad",
      "oracle": true,
      "canonical": true,
      "generated": true
    },
    {
      "label": "length-4-first-divisor",
      "input": "abcd",
      "length": 4,
      "input_sha256": "88d4266fd4e6338d13b845fcf289579d209c897823b9217da3e161936f031589",
      "oracle": false,
      "canonical": false,
      "generated": false
    },
    {
      "label": "length-5-prime",
      "input": "abcde",
      "length": 5,
      "input_sha256": "36bbe50ed96841d10443bcb670d6554f0a34b761be67ec9c4a8ad2c0c44ca42c",
      "oracle": true,
      "canonical": true,
      "generated": true
    },
    {
      "label": "length-6-divisor-2",
      "input": "abcdef",
      "length": 6,
      "input_sha256": "bef57ec7f53a6d40beb640a780a639c83bc29ac8a9816f1fc6c5c6dcd93c4721",
      "oracle": false,
      "canonical": false,
      "generated": false
    },
    {
      "label": "length-9-first-divisor-3",
      "input": "abcdefghi",
      "length": 9,
      "input_sha256": "19cc02f26df43cc571bc9ed7b0c4d29224a3ec229529221725ef76d021c8326f",
      "oracle": false,
      "canonical": false,
      "generated": false
    },
    {
      "label": "unicode-one-codepoint",
      "input": "🙂",
      "length": 1,
      "input_sha256": "d06f1525f791397809f9bc98682b5c13318eca4c3123433467fd4dffda44fd14",
      "oracle": false,
      "canonical": false,
      "generated": false
    },
    {
      "label": "unicode-two-codepoints",
      "input": "é🙂",
      "length": 2,
      "input_sha256": "7382f537af6a53054b6a72792df00fa0be0f5d2e8214db9cd6ebbcc3d57d02b9",
      "oracle": true,
      "canonical": true,
      "generated": true
    },
    {
      "label": "embedded-nul-length-2",
      "input": "\u0000a",
      "length": 2,
      "input_sha256": "022a6979e6dab7aa5ae4c3e5e45f7e977112a7e63593820dbec1ec738a24f93c",
      "oracle": true,
      "canonical": true,
      "generated": true
    },
    {
      "label": "all-lengths-0",
      "input": "",
      "length": 0,
      "input_sha256": "e3b0c44298fc1c149afbf4c8996fb92427ae41e4649b934ca495991b7852b855",
      "oracle": false,
      "canonical": false,
      "generated": false
    },
    {
      "label": "all-lengths-1",
      "input": "x",
      "length": 1,
      "input_sha256": "2d711642b726b04401627ca9fbac32f5c8530fb1903cc4db02258717921a4881",
      "oracle": false,
      "canonical": false,
      "generated": false
    },
    {
      "label": "all-lengths-2",
      "input": "xx",
      "length": 2,
      "input_sha256": "5dde896887f6754c9b15bfe3a441ae4806df2fde94001311e08bf110622e0bbe",
      "oracle": true,
      "canonical": true,
      "generated": true
    },
    {
      "label": "all-lengths-3",
      "input": "xxx",
      "length": 3,
      "input_sha256": "cd2eb0837c9b4c962c22d2ff8b5441b7b45805887f051d39bf133b583baf6860",
      "oracle": true,
      "canonical": true,
      "generated": true
    },
    {
      "label": "all-lengths-4",
      "input": "xxxx",
      "length": 4,
      "input_sha256": "2481a63c85a62cf889d2b149f1a52e985a9341750173fe01eff50cc27b5941b5",
      "oracle": false,
      "canonical": false,
      "generated": false
    },
    {
      "label": "all-lengths-5",
      "input": "xxxxx",
      "length": 5,
      "input_sha256": "eaf16bc07968e013f3f94ab1342472434a39fc3475f11cf341a6c3965974f8e9",
      "oracle": true,
      "canonical": true,
      "generated": true
    },
    {
      "label": "all-lengths-6",
      "input": "xxxxxx",
      "length": 6,
      "input_sha256": "b7fb217694ae2d305e766608d250f797daa984e4ac4b5fa638a729be352f2fcd",
      "oracle": false,
      "canonical": false,
      "generated": false
    },
    {
      "label": "all-lengths-7",
      "input": "xxxxxxx",
      "length": 7,
      "input_sha256": "7b70d3ab4c7641542e1f158b458eeae7cfb7bdb815d4110cc6178bafcfdf43f8",
      "oracle": true,
      "canonical": true,
      "generated": true
    },
    {
      "label": "all-lengths-8",
      "input": "xxxxxxxx",
      "length": 8,
      "input_sha256": "4cf0c1012276f46af31e44d2fbb03ae7af56f03c9996eb9452b99b3e6273698e",
      "oracle": false,
      "canonical": false,
      "generated": false
    },
    {
      "label": "all-lengths-9",
      "input": "xxxxxxxxx",
      "length": 9,
      "input_sha256": "a73add1aecea03a894ca65d99bc5e91d21b58cdb728343bbcb6cf6cf38b809f5",
      "oracle": false,
      "canonical": false,
      "generated": false
    },
    {
      "label": "all-lengths-10",
      "input": "xxxxxxxxxx",
      "length": 10,
      "input_sha256": "fc11d6f28e59d3cc33c0b14ceb644bf0902ebd63d61218dffe9e7dac7c254542",
      "oracle": false,
      "canonical": false,
      "generated": false
    },
    {
      "label": "all-lengths-11",
      "input": "xxxxxxxxxxx",
      "length": 11,
      "input_sha256": "7668d2cd32a37eb45b51f002690d1b9a7c03f2da91791f96227ba9a61952fce8",
      "oracle": true,
      "canonical": true,
      "generated": true
    },
    {
      "label": "all-lengths-12",
      "input": "xxxxxxxxxxxx",
      "length": 12,
      "input_sha256": "59ffe12a70df15109e0345955e3230a978f31ebc28d8fe3e42d306afb28b8e81",
      "oracle": false,
      "canonical": false,
      "generated": false
    },
    {
      "label": "all-lengths-13",
      "input": "xxxxxxxxxxxxx",
      "length": 13,
      "input_sha256": "ea156a2c16eb8f24fe98ec6a36b3cb23229dfdb192c100f49828704fed25e43e",
      "oracle": true,
      "canonical": true,
      "generated": true
    },
    {
      "label": "all-lengths-14",
      "input": "xxxxxxxxxxxxxx",
      "length": 14,
      "input_sha256": "8108ed602688b70712b2f9f1330e11a2ed1de1d274cabe2f70004a1abd103601",
      "oracle": false,
      "canonical": false,
      "generated": false
    },
    {
      "label": "all-lengths-15",
      "input": "xxxxxxxxxxxxxxx",
      "length": 15,
      "input_sha256": "b670825c8f110a2eabfb68acbebf2497ca3c91d3ba8c532a5c213d46f5eaac21",
      "oracle": false,
      "canonical": false,
      "generated": false
    },
    {
      "label": "all-lengths-16",
      "input": "xxxxxxxxxxxxxxxx",
      "length": 16,
      "input_sha256": "9c5729595fb287cc2a2256280448bbe706c0a866f0372515c7483de2af4e6532",
      "oracle": false,
      "canonical": false,
      "generated": false
    },
    {
      "label": "all-lengths-17",
      "input": "xxxxxxxxxxxxxxxxx",
      "length": 17,
      "input_sha256": "d04fd59f3d9a1fd424c47874ae1dab0dde54fa73ba474245bfac79279afe6df7",
      "oracle": true,
      "canonical": true,
      "generated": true
    },
    {
      "label": "all-lengths-18",
      "input": "xxxxxxxxxxxxxxxxxx",
      "length": 18,
      "input_sha256": "6f3226f77f030743e85dc8075aa901b63270626845a5585466bad787f530ce8e",
      "oracle": false,
      "canonical": false,
      "generated": false
    },
    {
      "label": "all-lengths-19",
      "input": "xxxxxxxxxxxxxxxxxxx",
      "length": 19,
      "input_sha256": "0d0f234feb2d235c5eb111a6a2486e6a710b72e1775926f75855ff7c927345e3",
      "oracle": true,
      "canonical": true,
      "generated": true
    },
    {
      "label": "all-lengths-20",
      "input": "xxxxxxxxxxxxxxxxxxxx",
      "length": 20,
      "input_sha256": "d4fc1db665446507dc51b0c9392dd9649291581bfe1b48e241b2b08032b3b647",
      "oracle": false,
      "canonical": false,
      "generated": false
    },
    {
      "label": "all-lengths-21",
      "input": "xxxxxxxxxxxxxxxxxxxxx",
      "length": 21,
      "input_sha256": "7799e51458c8540c1caa9d18e9678b83c4b28e781dd47c22af5d023a3054bea4",
      "oracle": false,
      "canonical": false,
      "generated": false
    },
    {
      "label": "all-lengths-22",
      "input": "xxxxxxxxxxxxxxxxxxxxxx",
      "length": 22,
      "input_sha256": "ec4a4fcd915a7672085936bb477cc50561660015653ad41616c8419727e97ff1",
      "oracle": false,
      "canonical": false,
      "generated": false
    },
    {
      "label": "all-lengths-23",
      "input": "xxxxxxxxxxxxxxxxxxxxxxx",
      "length": 23,
      "input_sha256": "564b146b27c9ded7e5110f6c53a78b2da3ccc295fe418e2534feaabb1dd0c720",
      "oracle": true,
      "canonical": true,
      "generated": true
    },
    {
      "label": "all-lengths-24",
      "input": "xxxxxxxxxxxxxxxxxxxxxxxx",
      "length": 24,
      "input_sha256": "a649dbb05965890c0ba745a26fd6d7a451de29dabc6cf5f2ba0704892fef9dee",
      "oracle": false,
      "canonical": false,
      "generated": false
    },
    {
      "label": "all-lengths-25",
      "input": "xxxxxxxxxxxxxxxxxxxxxxxxx",
      "length": 25,
      "input_sha256": "c28e601ce25724907a7af09c08052e5dcf5b7a249dc719e4b90d86f51007c33c",
      "oracle": false,
      "canonical": false,
      "generated": false
    },
    {
      "label": "all-lengths-26",
      "input": "xxxxxxxxxxxxxxxxxxxxxxxxxx",
      "length": 26,
      "input_sha256": "18d2a9c4fd84ab056bc0b93ce3e7c3809d3e66d3f089e066c2c0c4e29edfeca7",
      "oracle": false,
      "canonical": false,
      "generated": false
    },
    {
      "label": "all-lengths-27",
      "input": "xxxxxxxxxxxxxxxxxxxxxxxxxxx",
      "length": 27,
      "input_sha256": "e490a3d7a3e809950fbf9bb5071c16541f4f87b62dcdf3c56ea391326e13f384",
      "oracle": false,
      "canonical": false,
      "generated": false
    },
    {
      "label": "all-lengths-28",
      "input": "xxxxxxxxxxxxxxxxxxxxxxxxxxxx",
      "length": 28,
      "input_sha256": "f3b439399a805a21e826bbd4111ca4c4615e492934f53bbb2be042e7c97530cc",
      "oracle": false,
      "canonical": false,
      "generated": false
    },
    {
      "label": "all-lengths-29",
      "input": "xxxxxxxxxxxxxxxxxxxxxxxxxxxxx",
      "length": 29,
      "input_sha256": "1702245ac78581c3218750b9aa8c45403e5ac485bd41b428f79a60f7b11c379b",
      "oracle": true,
      "canonical": true,
      "generated": true
    },
    {
      "label": "all-lengths-30",
      "input": "xxxxxxxxxxxxxxxxxxxxxxxxxxxxxx",
      "length": 30,
      "input_sha256": "666a596df2cf2181e69835c4f812f7c6117ecbe5136a3a6be2a07ef4aaccd343",
      "oracle": false,
      "canonical": false,
      "generated": false
    },
    {
      "label": "all-lengths-31",
      "input": "xxxxxxxxxxxxxxxxxxxxxxxxxxxxxxx",
      "length": 31,
      "input_sha256": "0f46e4b0802fee6fed599682a16287d0397699cfd742025482c086a70979e56a",
      "oracle": true,
      "canonical": true,
      "generated": true
    },
    {
      "label": "all-lengths-32",
      "input": "xxxxxxxxxxxxxxxxxxxxxxxxxxxxxxxx",
      "length": 32,
      "input_sha256": "c62e4615bd39e222572f3a1bf7c2132ea1e65b17ec805047bd6b2842c593493f",
      "oracle": false,
      "canonical": false,
      "generated": false
    },
    {
      "label": "all-lengths-33",
      "input": "xxxxxxxxxxxxxxxxxxxxxxxxxxxxxxxxx",
      "length": 33,
      "input_sha256": "11ba55a3a7c1ee0f8eb8867dc40a62c67240eb4a5ea125ee5c383fe996b57cd6",
      "oracle": false,
      "canonical": false,
      "generated": false
    },
    {
      "label": "all-lengths-34",
      "input": "xxxxxxxxxxxxxxxxxxxxxxxxxxxxxxxxxx",
      "length": 34,
      "input_sha256": "b0b43789f1857820775bdb3ab67a4dd824bee60034dc4233f5412eb20ff4a4b8",
      "oracle": false,
      "canonical": false,
      "generated": false
    },
    {
      "label": "all-lengths-35",
      "input": "xxxxxxxxxxxxxxxxxxxxxxxxxxxxxxxxxxx",
      "length": 35,
      "input_sha256": "efa79bd8bf70266b39e0ccd08d615c56df473b6faa88769554d0e33f9cab8259",
      "oracle": false,
      "canonical": false,
      "generated": false
    },
    {
      "label": "all-lengths-36",
      "input": "xxxxxxxxxxxxxxxxxxxxxxxxxxxxxxxxxxxx",
      "length": 36,
      "input_sha256": "0e63ae2820af0d78b5c53a58ba608fcc47bf002b155f5ea2132ed7ca14a25199",
      "oracle": false,
      "canonical": false,
      "generated": false
    },
    {
      "label": "all-lengths-37",
      "input": "xxxxxxxxxxxxxxxxxxxxxxxxxxxxxxxxxxxxx",
      "length": 37,
      "input_sha256": "6ee29e87d96ee4fcb3baef255923aecee9d004982c32c84675843e8f751ff95a",
      "oracle": true,
      "canonical": true,
      "generated": true
    },
    {
      "label": "all-lengths-38",
      "input": "xxxxxxxxxxxxxxxxxxxxxxxxxxxxxxxxxxxxxx",
      "length": 38,
      "input_sha256": "1af257cacf04c01bca12f8a71cb0fdd24eb3657eec4d98da36e9808292d5c26e",
      "oracle": false,
      "canonical": false,
      "generated": false
    },
    {
      "label": "all-lengths-39",
      "input": "xxxxxxxxxxxxxxxxxxxxxxxxxxxxxxxxxxxxxxx",
      "length": 39,
      "input_sha256": "c374e89c980c902ffbb6474ddd8902b3562e01c70b274aa32f34cd62f2e82b4c",
      "oracle": false,
      "canonical": false,
      "generated": false
    },
    {
      "label": "all-lengths-40",
      "input": "xxxxxxxxxxxxxxxxxxxxxxxxxxxxxxxxxxxxxxxx",
      "length": 40,
      "input_sha256": "bd913ff68243d41b9611b2690dfbf2b0f6e42ea14536a98232af60e9f64ffdaa",
      "oracle": false,
      "canonical": false,
      "generated": false
    },
    {
      "label": "all-lengths-41",
      "input": "xxxxxxxxxxxxxxxxxxxxxxxxxxxxxxxxxxxxxxxxx",
      "length": 41,
      "input_sha256": "3164596df4fdd018b2c567ec8c03e79bd76f4e4ca2a3fd020b577300ff9d2aca",
      "oracle": true,
      "canonical": true,
      "generated": true
    },
    {
      "label": "all-lengths-42",
      "input": "xxxxxxxxxxxxxxxxxxxxxxxxxxxxxxxxxxxxxxxxxx",
      "length": 42,
      "input_sha256": "2b2573d5ea0b352e24bebd015f3fe83693a5b81a6252cf811b65dcf6a5037def",
      "oracle": false,
      "canonical": false,
      "generated": false
    },
    {
      "label": "all-lengths-43",
      "input": "xxxxxxxxxxxxxxxxxxxxxxxxxxxxxxxxxxxxxxxxxxx",
      "length": 43,
      "input_sha256": "cc0b1c2c66f3bb9fd1a081c626ba1bef62f6f96441a43be15268523776ac26a1",
      "oracle": true,
      "canonical": true,
      "generated": true
    },
    {
      "label": "all-lengths-44",
      "input": "xxxxxxxxxxxxxxxxxxxxxxxxxxxxxxxxxxxxxxxxxxxx",
      "length": 44,
      "input_sha256": "4105d609cdfcf79a2a9bbd37cfda4527edda249dec350908a8842d99369c0339",
      "oracle": false,
      "canonical": false,
      "generated": false
    },
    {
      "label": "all-lengths-45",
      "input": "xxxxxxxxxxxxxxxxxxxxxxxxxxxxxxxxxxxxxxxxxxxxx",
      "length": 45,
      "input_sha256": "15b526372a5ee9a39c8eff1d35476aa2460d88be13a299e9e88f64fa0e203477",
      "oracle": false,
      "canonical": false,
      "generated": false
    },
    {
      "label": "all-lengths-46",
      "input": "xxxxxxxxxxxxxxxxxxxxxxxxxxxxxxxxxxxxxxxxxxxxxx",
      "length": 46,
      "input_sha256": "404e0d6b65bc5eac7177b4e67f32a7815d5fdbf593e3010f103ccc3c97b0ebd3",
      "oracle": false,
      "canonical": false,
      "generated": false
    },
    {
      "label": "all-lengths-47",
      "input": "xxxxxxxxxxxxxxxxxxxxxxxxxxxxxxxxxxxxxxxxxxxxxxx",
      "length": 47,
      "input_sha256": "b35f3728761a26a57ec3e6e948981ae70cdd24c8769c4d647aa333422a9c61ca",
      "oracle": true,
      "canonical": true,
      "generated": true
    },
    {
      "label": "all-lengths-48",
      "input": "xxxxxxxxxxxxxxxxxxxxxxxxxxxxxxxxxxxxxxxxxxxxxxxx",
      "length": 48,
      "input_sha256": "23b3634e2751a892cddd80e42c0027949226cffdb231c42cba9361fce2a3021e",
      "oracle": false,
      "canonical": false,
      "generated": false
    },
    {
      "label": "all-lengths-49",
      "input": "xxxxxxxxxxxxxxxxxxxxxxxxxxxxxxxxxxxxxxxxxxxxxxxxx",
      "length": 49,
      "input_sha256": "55bb9823e68e05f71c105395b87283afc86e549e1f1ca4598b1cc7a6dd2d3ac8",
      "oracle": false,
      "canonical": false,
      "generated": false
    },
    {
      "label": "all-lengths-50",
      "input": "xxxxxxxxxxxxxxxxxxxxxxxxxxxxxxxxxxxxxxxxxxxxxxxxxx",
      "length": 50,
      "input_sha256": "77cf12060d47183ea8c40345e7389e7e05cb0753cab374a5e74f9329815b4cb5",
      "oracle": false,
      "canonical": false,
      "generated": false
    },
    {
      "label": "all-lengths-51",
      "input": "xxxxxxxxxxxxxxxxxxxxxxxxxxxxxxxxxxxxxxxxxxxxxxxxxxx",
      "length": 51,
      "input_sha256": "3ecd502af72c4cf4414ffb5c7eb7bdf2471bb7defa6bab588f94f1cf68040f95",
      "oracle": false,
      "canonical": false,
      "generated": false
    },
    {
      "label": "all-lengths-52",
      "input": "xxxxxxxxxxxxxxxxxxxxxxxxxxxxxxxxxxxxxxxxxxxxxxxxxxxx",
      "length": 52,
      "input_sha256": "f43f0afcb07eb0dde147ed2828a5bd838d54a6b943ab969b107f6fa8b7bca0c7",
      "oracle": false,
      "canonical": false,
      "generated": false
    },
    {
      "label": "all-lengths-53",
      "input": "xxxxxxxxxxxxxxxxxxxxxxxxxxxxxxxxxxxxxxxxxxxxxxxxxxxxx",
      "length": 53,
      "input_sha256": "8a04a39a6914f857bf2d4521caf08b098a5ae803e74ae16e52ca902886299ce1",
      "oracle": true,
      "canonical": true,
      "generated": true
    },
    {
      "label": "all-lengths-54",
      "input": "xxxxxxxxxxxxxxxxxxxxxxxxxxxxxxxxxxxxxxxxxxxxxxxxxxxxxx",
      "length": 54,
      "input_sha256": "45f316e10b2c99abf374b22bda893cf3300d77263f1e272349ed414680522952",
      "oracle": false,
      "canonical": false,
      "generated": false
    },
    {
      "label": "all-lengths-55",
      "input": "xxxxxxxxxxxxxxxxxxxxxxxxxxxxxxxxxxxxxxxxxxxxxxxxxxxxxxx",
      "length": 55,
      "input_sha256": "d5e285683cd4efc02d021a5c62014694958901005d6f71e89e0989fac77e4072",
      "oracle": false,
      "canonical": false,
      "generated": false
    },
    {
      "label": "all-lengths-56",
      "input": "xxxxxxxxxxxxxxxxxxxxxxxxxxxxxxxxxxxxxxxxxxxxxxxxxxxxxxxx",
      "length": 56,
      "input_sha256": "04c26261370ee7541549d16dee320c723e3fd14671e66a099afe0a377c16888e",
      "oracle": false,
      "canonical": false,
      "generated": false
    },
    {
      "label": "all-lengths-57",
      "input": "xxxxxxxxxxxxxxxxxxxxxxxxxxxxxxxxxxxxxxxxxxxxxxxxxxxxxxxxx",
      "length": 57,
      "input_sha256": "ae14a2563ccf969d99aca69ce6bb74981f734bbf9f655f73b8f06db68cab5217",
      "oracle": false,
      "canonical": false,
      "generated": false
    },
    {
      "label": "all-lengths-58",
      "input": "xxxxxxxxxxxxxxxxxxxxxxxxxxxxxxxxxxxxxxxxxxxxxxxxxxxxxxxxxx",
      "length": 58,
      "input_sha256": "5ef8b2e5e7a040f31df9cf316b81c92326c8db51ac29bb80d914ec9590d83e99",
      "oracle": false,
      "canonical": false,
      "generated": false
    },
    {
      "label": "all-lengths-59",
      "input": "xxxxxxxxxxxxxxxxxxxxxxxxxxxxxxxxxxxxxxxxxxxxxxxxxxxxxxxxxxx",
      "length": 59,
      "input_sha256": "6e20a1199bf58ddb8fadbe63725f1dd9de8440153af062ca56b70d99a22c306e",
      "oracle": true,
      "canonical": true,
      "generated": true
    },
    {
      "label": "all-lengths-60",
      "input": "xxxxxxxxxxxxxxxxxxxxxxxxxxxxxxxxxxxxxxxxxxxxxxxxxxxxxxxxxxxx",
      "length": 60,
      "input_sha256": "42f2d97335669f86846b721a8aa58551a46564eaf6977e3b4836d4645e3e3ed2",
      "oracle": false,
      "canonical": false,
      "generated": false
    },
    {
      "label": "all-lengths-61",
      "input": "xxxxxxxxxxxxxxxxxxxxxxxxxxxxxxxxxxxxxxxxxxxxxxxxxxxxxxxxxxxxx",
      "length": 61,
      "input_sha256": "c508e75f24e25db94dff52c9564a51025f69510191cc7dc2cfe16a6cb4b29f53",
      "oracle": true,
      "canonical": true,
      "generated": true
    },
    {
      "label": "all-lengths-62",
      "input": "xxxxxxxxxxxxxxxxxxxxxxxxxxxxxxxxxxxxxxxxxxxxxxxxxxxxxxxxxxxxxx",
      "length": 62,
      "input_sha256": "21210f9644c6fe6b4b76ed90bd48a9f88d1b20bd22f17f65b83e1b91d2a52c45",
      "oracle": false,
      "canonical": false,
      "generated": false
    },
    {
      "label": "all-lengths-63",
      "input": "xxxxxxxxxxxxxxxxxxxxxxxxxxxxxxxxxxxxxxxxxxxxxxxxxxxxxxxxxxxxxxx",
      "length": 63,
      "input_sha256": "75220b47218278e656f2013bb8f0c455a25eaf01e86c64924e9d48d89776d6f2",
      "oracle": false,
      "canonical": false,
      "generated": false
    },
    {
      "label": "all-lengths-64",
      "input": "xxxxxxxxxxxxxxxxxxxxxxxxxxxxxxxxxxxxxxxxxxxxxxxxxxxxxxxxxxxxxxxx",
      "length": 64,
      "input_sha256": "7ce100971f64e7001e8fe5a51973ecdfe1ced42befe7ee8d5fd6219506b5393c",
      "oracle": false,
      "canonical": false,
      "generated": false
    },
    {
      "label": "all-lengths-65",
      "input": "xxxxxxxxxxxxxxxxxxxxxxxxxxxxxxxxxxxxxxxxxxxxxxxxxxxxxxxxxxxxxxxxx",
      "length": 65,
      "input_sha256": "9537c5fdf120482f7d58d25e9ed583f52c02b4e304ea814db1633ad565aed7e9",
      "oracle": false,
      "canonical": false,
      "generated": false
    },
    {
      "label": "all-lengths-66",
      "input": "xxxxxxxxxxxxxxxxxxxxxxxxxxxxxxxxxxxxxxxxxxxxxxxxxxxxxxxxxxxxxxxxxx",
      "length": 66,
      "input_sha256": "6eb879f1291c6ee7d5c619d27c7b5c9c3318f58a76cab873d5e30263e50c924f",
      "oracle": false,
      "canonical": false,
      "generated": false
    },
    {
      "label": "all-lengths-67",
      "input": "xxxxxxxxxxxxxxxxxxxxxxxxxxxxxxxxxxxxxxxxxxxxxxxxxxxxxxxxxxxxxxxxxxx",
      "length": 67,
      "input_sha256": "9a84c81db565ba10e6f23545f0c4a3c615c082c9cf4a0be53274d5ec7ede5024",
      "oracle": true,
      "canonical": true,
      "generated": true
    },
    {
      "label": "all-lengths-68",
      "input": "xxxxxxxxxxxxxxxxxxxxxxxxxxxxxxxxxxxxxxxxxxxxxxxxxxxxxxxxxxxxxxxxxxxx",
      "length": 68,
      "input_sha256": "c79817d7383e27961c1c0e247201b41ac1fd5a152677757dd0958f616228f330",
      "oracle": false,
      "canonical": false,
      "generated": false
    },
    {
      "label": "all-lengths-69",
      "input": "xxxxxxxxxxxxxxxxxxxxxxxxxxxxxxxxxxxxxxxxxxxxxxxxxxxxxxxxxxxxxxxxxxxxx",
      "length": 69,
      "input_sha256": "d3fcd241ff53d52e0b64de52bfe9b08fd3cdccb263108f5963ad46a2207683fa",
      "oracle": false,
      "canonical": false,
      "generated": false
    },
    {
      "label": "all-lengths-70",
      "input": "xxxxxxxxxxxxxxxxxxxxxxxxxxxxxxxxxxxxxxxxxxxxxxxxxxxxxxxxxxxxxxxxxxxxxx",
      "length": 70,
      "input_sha256": "c71bd109227e23434ecf71fd0a344a209136c79ae5a0bda2b5ca442d699a3cd9",
      "oracle": false,
      "canonical": false,
      "generated": false
    },
    {
      "label": "all-lengths-71",
      "input": "xxxxxxxxxxxxxxxxxxxxxxxxxxxxxxxxxxxxxxxxxxxxxxxxxxxxxxxxxxxxxxxxxxxxxxx",
      "length": 71,
      "input_sha256": "87a1e4c1c92b7b7a7c46433d780de6cc19f9ef34fdb872c875fd6363ab238a56",
      "oracle": true,
      "canonical": true,
      "generated": true
    },
    {
      "label": "all-lengths-72",
      "input": "xxxxxxxxxxxxxxxxxxxxxxxxxxxxxxxxxxxxxxxxxxxxxxxxxxxxxxxxxxxxxxxxxxxxxxxx",
      "length": 72,
      "input_sha256": "5bd2fd7019be4014a135cbc4fc4aecc894861782ec797467a7cd0909e98f76f2",
      "oracle": false,
      "canonical": false,
      "generated": false
    },
    {
      "label": "all-lengths-73",
      "input": "xxxxxxxxxxxxxxxxxxxxxxxxxxxxxxxxxxxxxxxxxxxxxxxxxxxxxxxxxxxxxxxxxxxxxxxxx",
      "length": 73,
      "input_sha256": "71b07785703e311e58ec20b25a30357f6cf1c290f181492c4b429bb984de61ca",
      "oracle": true,
      "canonical": true,
      "generated": true
    },
    {
      "label": "all-lengths-74",
      "input": "xxxxxxxxxxxxxxxxxxxxxxxxxxxxxxxxxxxxxxxxxxxxxxxxxxxxxxxxxxxxxxxxxxxxxxxxxx",
      "length": 74,
      "input_sha256": "0e72fa9b833e39a1e739e0fc0e1a430ee8e51db1dd1951236a62111496b0c2d5",
      "oracle": false,
      "canonical": false,
      "generated": false
    },
    {
      "label": "all-lengths-75",
      "input": "xxxxxxxxxxxxxxxxxxxxxxxxxxxxxxxxxxxxxxxxxxxxxxxxxxxxxxxxxxxxxxxxxxxxxxxxxxx",
      "length": 75,
      "input_sha256": "81d23bf0aae040edffc4225f82292b19c3904fcc3dbdb60646dc54920c0fb1c6",
      "oracle": false,
      "canonical": false,
      "generated": false
    },
    {
      "label": "all-lengths-76",
      "input": "xxxxxxxxxxxxxxxxxxxxxxxxxxxxxxxxxxxxxxxxxxxxxxxxxxxxxxxxxxxxxxxxxxxxxxxxxxxx",
      "length": 76,
      "input_sha256": "1203d6f5c675ca206a6887f4f92acd1feb78aa773e08d757f1a92377384bc779",
      "oracle": false,
      "canonical": false,
      "generated": false
    },
    {
      "label": "all-lengths-77",
      "input": "xxxxxxxxxxxxxxxxxxxxxxxxxxxxxxxxxxxxxxxxxxxxxxxxxxxxxxxxxxxxxxxxxxxxxxxxxxxxx",
      "length": 77,
      "input_sha256": "1c1ca941fd9bac62ff9e8b452a6efec362bce2032e756623b4e7ab6ac5fcee3e",
      "oracle": false,
      "canonical": false,
      "generated": false
    },
    {
      "label": "all-lengths-78",
      "input": "xxxxxxxxxxxxxxxxxxxxxxxxxxxxxxxxxxxxxxxxxxxxxxxxxxxxxxxxxxxxxxxxxxxxxxxxxxxxxx",
      "length": 78,
      "input_sha256": "68f1880cdafd99fbf9a156946cb39dd86477886f1d115636e149e12c16f99af0",
      "oracle": false,
      "canonical": false,
      "generated": false
    },
    {
      "label": "all-lengths-79",
      "input": "xxxxxxxxxxxxxxxxxxxxxxxxxxxxxxxxxxxxxxxxxxxxxxxxxxxxxxxxxxxxxxxxxxxxxxxxxxxxxxx",
      "length": 79,
      "input_sha256": "d902bdb9cac9ab56b53da92739d2df267c023a4fdf9d07aaa6b1b208c38ec64f",
      "oracle": true,
      "canonical": true,
      "generated": true
    },
    {
      "label": "all-lengths-80",
      "input": "xxxxxxxxxxxxxxxxxxxxxxxxxxxxxxxxxxxxxxxxxxxxxxxxxxxxxxxxxxxxxxxxxxxxxxxxxxxxxxxx",
      "length": 80,
      "input_sha256": "d929cdeea7e6a0f46b59448d36a6fd491df8647cf292040508162ee5f6435ab8",
      "oracle": false,
      "canonical": false,
      "generated": false
    },
    {
      "label": "all-lengths-81",
      "input": "xxxxxxxxxxxxxxxxxxxxxxxxxxxxxxxxxxxxxxxxxxxxxxxxxxxxxxxxxxxxxxxxxxxxxxxxxxxxxxxxx",
      "length": 81,
      "input_sha256": "4d1f7bb876c6aae013f06a7430b8c6545ff30d8f9252838eb18b6357c1a2ba13",
      "oracle": false,
      "canonical": false,
      "generated": false
    },
    {
      "label": "all-lengths-82",
      "input": "xxxxxxxxxxxxxxxxxxxxxxxxxxxxxxxxxxxxxxxxxxxxxxxxxxxxxxxxxxxxxxxxxxxxxxxxxxxxxxxxxx",
      "length": 82,
      "input_sha256": "1a4429abe4ee53c6e4a274355db93b90c5b4f302df6f105b222c5eca90e3afa1",
      "oracle": false,
      "canonical": false,
      "generated": false
    },
    {
      "label": "all-lengths-83",
      "input": "xxxxxxxxxxxxxxxxxxxxxxxxxxxxxxxxxxxxxxxxxxxxxxxxxxxxxxxxxxxxxxxxxxxxxxxxxxxxxxxxxxx",
      "length": 83,
      "input_sha256": "e38fe2512c2e2184d7be298d0a392d7700873765af50b998046434f2bc48750c",
      "oracle": true,
      "canonical": true,
      "generated": true
    },
    {
      "label": "all-lengths-84",
      "input": "xxxxxxxxxxxxxxxxxxxxxxxxxxxxxxxxxxxxxxxxxxxxxxxxxxxxxxxxxxxxxxxxxxxxxxxxxxxxxxxxxxxx",
      "length": 84,
      "input_sha256": "7197490a0df09feb77b6e3f6bbc65b4e974d6175847570d0e437059dab80161f",
      "oracle": false,
      "canonical": false,
      "generated": false
    },
    {
      "label": "all-lengths-85",
      "input": "xxxxxxxxxxxxxxxxxxxxxxxxxxxxxxxxxxxxxxxxxxxxxxxxxxxxxxxxxxxxxxxxxxxxxxxxxxxxxxxxxxxxx",
      "length": 85,
      "input_sha256": "2ba11f5bd59f0d08637548813c82e9f735209dc2e9d19480a26132fb266f8f16",
      "oracle": false,
      "canonical": false,
      "generated": false
    },
    {
      "label": "all-lengths-86",
      "input": "xxxxxxxxxxxxxxxxxxxxxxxxxxxxxxxxxxxxxxxxxxxxxxxxxxxxxxxxxxxxxxxxxxxxxxxxxxxxxxxxxxxxxx",
      "length": 86,
      "input_sha256": "bcb32a372139a3860fe72f3a52ff988dd5e78ccf3fb805b37ad30525ce38a3cc",
      "oracle": false,
      "canonical": false,
      "generated": false
    },
    {
      "label": "all-lengths-87",
      "input": "xxxxxxxxxxxxxxxxxxxxxxxxxxxxxxxxxxxxxxxxxxxxxxxxxxxxxxxxxxxxxxxxxxxxxxxxxxxxxxxxxxxxxxx",
      "length": 87,
      "input_sha256": "6a3f0b6ae9deafcc9b30b92383e043cf84b539010bb55574597145c410737832",
      "oracle": false,
      "canonical": false,
      "generated": false
    },
    {
      "label": "all-lengths-88",
      "input": "xxxxxxxxxxxxxxxxxxxxxxxxxxxxxxxxxxxxxxxxxxxxxxxxxxxxxxxxxxxxxxxxxxxxxxxxxxxxxxxxxxxxxxxx",
      "length": 88,
      "input_sha256": "a2923bbb02f2f31008778fb1c496e7afeec10b1b062a8d0fd197db5347f8a8fb",
      "oracle": false,
      "canonical": false,
      "generated": false
    },
    {
      "label": "all-lengths-89",
      "input": "xxxxxxxxxxxxxxxxxxxxxxxxxxxxxxxxxxxxxxxxxxxxxxxxxxxxxxxxxxxxxxxxxxxxxxxxxxxxxxxxxxxxxxxxx",
      "length": 89,
      "input_sha256": "5bd0daa31c193d14b8f0017acfa8cb929fcfd1884b1f9633a877c0fd2e7f765b",
      "oracle": true,
      "canonical": true,
      "generated": true
    },
    {
      "label": "all-lengths-90",
      "input": "xxxxxxxxxxxxxxxxxxxxxxxxxxxxxxxxxxxxxxxxxxxxxxxxxxxxxxxxxxxxxxxxxxxxxxxxxxxxxxxxxxxxxxxxxx",
      "length": 90,
      "input_sha256": "efdfd9ee977cb6d9f6ca31e1aa4e871df8ef7dad95eb483e9de3a311bacba40f",
      "oracle": false,
      "canonical": false,
      "generated": false
    },
    {
      "label": "all-lengths-91",
      "input": "xxxxxxxxxxxxxxxxxxxxxxxxxxxxxxxxxxxxxxxxxxxxxxxxxxxxxxxxxxxxxxxxxxxxxxxxxxxxxxxxxxxxxxxxxxx",
      "length": 91,
      "input_sha256": "87b88e4e14bba7c4429183a1b7e80dbd146a5ca0278c3b7da0403e941f60373b",
      "oracle": false,
      "canonical": false,
      "generated": false
    },
    {
      "label": "all-lengths-92",
      "input": "xxxxxxxxxxxxxxxxxxxxxxxxxxxxxxxxxxxxxxxxxxxxxxxxxxxxxxxxxxxxxxxxxxxxxxxxxxxxxxxxxxxxxxxxxxxx",
      "length": 92,
      "input_sha256": "07b1ab5a68bbd57029cd7480e08523515e2d4f75f7b453aba241382174be64c0",
      "oracle": false,
      "canonical": false,
      "generated": false
    },
    {
      "label": "all-lengths-93",
      "input": "xxxxxxxxxxxxxxxxxxxxxxxxxxxxxxxxxxxxxxxxxxxxxxxxxxxxxxxxxxxxxxxxxxxxxxxxxxxxxxxxxxxxxxxxxxxxx",
      "length": 93,
      "input_sha256": "971df830e27bad508b23d2dbc5d909815ff142d4766d2ebb03c16b2ab3a50345",
      "oracle": false,
      "canonical": false,
      "generated": false
    },
    {
      "label": "all-lengths-94",
      "input": "xxxxxxxxxxxxxxxxxxxxxxxxxxxxxxxxxxxxxxxxxxxxxxxxxxxxxxxxxxxxxxxxxxxxxxxxxxxxxxxxxxxxxxxxxxxxxx",
      "length": 94,
      "input_sha256": "6568627045413852da924f2a8c345be0d895a4210a7995ee22b67aeccd570c73",
      "oracle": false,
      "canonical": false,
      "generated": false
    },
    {
      "label": "all-lengths-95",
      "input": "xxxxxxxxxxxxxxxxxxxxxxxxxxxxxxxxxxxxxxxxxxxxxxxxxxxxxxxxxxxxxxxxxxxxxxxxxxxxxxxxxxxxxxxxxxxxxxx",
      "length": 95,
      "input_sha256": "69b938805e4b98342b6d0564764fb96c234cda7ca01c3364033ae59062707698",
      "oracle": false,
      "canonical": false,
      "generated": false
    },
    {
      "label": "all-lengths-96",
      "input": "xxxxxxxxxxxxxxxxxxxxxxxxxxxxxxxxxxxxxxxxxxxxxxxxxxxxxxxxxxxxxxxxxxxxxxxxxxxxxxxxxxxxxxxxxxxxxxxx",
      "length": 96,
      "input_sha256": "d47f0876dd6917702e40d215907c975a9c8f6b8140510841c1ebee43497aac95",
      "oracle": false,
      "canonical": false,
      "generated": false
    },
    {
      "label": "all-lengths-97",
      "input": "xxxxxxxxxxxxxxxxxxxxxxxxxxxxxxxxxxxxxxxxxxxxxxxxxxxxxxxxxxxxxxxxxxxxxxxxxxxxxxxxxxxxxxxxxxxxxxxxx",
      "length": 97,
      "input_sha256": "19a8f07eeb7f3d0c0b7377e37d72eccde144cefeb44beac9c3227131a526688d",
      "oracle": true,
      "canonical": true,
      "generated": true
    },
    {
      "label": "all-lengths-98",
      "input": "xxxxxxxxxxxxxxxxxxxxxxxxxxxxxxxxxxxxxxxxxxxxxxxxxxxxxxxxxxxxxxxxxxxxxxxxxxxxxxxxxxxxxxxxxxxxxxxxxx",
      "length": 98,
      "input_sha256": "9b4ebbf27e774709b0e27357b252b7e621d86e89fceb6b60c1913038bbf46aa8",
      "oracle": false,
      "canonical": false,
      "generated": false
    },
    {
      "label": "all-lengths-99",
      "input": "xxxxxxxxxxxxxxxxxxxxxxxxxxxxxxxxxxxxxxxxxxxxxxxxxxxxxxxxxxxxxxxxxxxxxxxxxxxxxxxxxxxxxxxxxxxxxxxxxxx",
      "length": 99,
      "input_sha256": "d0621fdd5f0673d6e2b5f823b2791ada512682d2199eca78a5d56ae83f6df4da",
      "oracle": false,
      "canonical": false,
      "generated": false
    },
    {
      "label": "all-lengths-100",
      "input": "xxxxxxxxxxxxxxxxxxxxxxxxxxxxxxxxxxxxxxxxxxxxxxxxxxxxxxxxxxxxxxxxxxxxxxxxxxxxxxxxxxxxxxxxxxxxxxxxxxxx",
      "length": 100,
      "input_sha256": "09ecb6ebc8bcefc733f6f2ec44f791abeed6a99edf0cc31519637898aebd52d8",
      "oracle": false,
      "canonical": false,
      "generated": false
    },
    {
      "label": "all-lengths-101",
      "input": "xxxxxxxxxxxxxxxxxxxxxxxxxxxxxxxxxxxxxxxxxxxxxxxxxxxxxxxxxxxxxxxxxxxxxxxxxxxxxxxxxxxxxxxxxxxxxxxxxxxxx",
      "length": 101,
      "input_sha256": "c675a2e604b0cd1229c036e3ce0c87422980a245e295bbc605a507a2299752db",
      "oracle": true,
      "canonical": true,
      "generated": true
    },
    {
      "label": "all-lengths-102",
      "input": "xxxxxxxxxxxxxxxxxxxxxxxxxxxxxxxxxxxxxxxxxxxxxxxxxxxxxxxxxxxxxxxxxxxxxxxxxxxxxxxxxxxxxxxxxxxxxxxxxxxxxx",
      "length": 102,
      "input_sha256": "bb551d04248e9e4f6e17be389ee00417080c15da61afd1f30c54bc3b5afe6d21",
      "oracle": false,
      "canonical": false,
      "generated": false
    },
    {
      "label": "all-lengths-103",
      "input": "xxxxxxxxxxxxxxxxxxxxxxxxxxxxxxxxxxxxxxxxxxxxxxxxxxxxxxxxxxxxxxxxxxxxxxxxxxxxxxxxxxxxxxxxxxxxxxxxxxxxxxx",
      "length": 103,
      "input_sha256": "ec92de5ced8448c1e056037325395b813dbe2722a32f546a560a246abdd9449a",
      "oracle": true,
      "canonical": true,
      "generated": true
    },
    {
      "label": "all-lengths-104",
      "input": "xxxxxxxxxxxxxxxxxxxxxxxxxxxxxxxxxxxxxxxxxxxxxxxxxxxxxxxxxxxxxxxxxxxxxxxxxxxxxxxxxxxxxxxxxxxxxxxxxxxxxxxx",
      "length": 104,
      "input_sha256": "2e786d7949780aa1fb0d5890bd4cd629747f7a2dd3c77cb4f2a98103e83d26e4",
      "oracle": false,
      "canonical": false,
      "generated": false
    },
    {
      "label": "all-lengths-105",
      "input": "xxxxxxxxxxxxxxxxxxxxxxxxxxxxxxxxxxxxxxxxxxxxxxxxxxxxxxxxxxxxxxxxxxxxxxxxxxxxxxxxxxxxxxxxxxxxxxxxxxxxxxxxx",
      "length": 105,
      "input_sha256": "bea50eaaa49535ab454d20ee6fae3819783c7ce62d24ebdbdc6627c74ad4a7d6",
      "oracle": false,
      "canonical": false,
      "generated": false
    },
    {
      "label": "all-lengths-106",
      "input": "xxxxxxxxxxxxxxxxxxxxxxxxxxxxxxxxxxxxxxxxxxxxxxxxxxxxxxxxxxxxxxxxxxxxxxxxxxxxxxxxxxxxxxxxxxxxxxxxxxxxxxxxxx",
      "length": 106,
      "input_sha256": "5ccd9c2dfee486271bcf00af15ee1b81d94086b6f2d8eaaf3044fd80510c6f0b",
      "oracle": false,
      "canonical": false,
      "generated": false
    },
    {
      "label": "all-lengths-107",
      "input": "xxxxxxxxxxxxxxxxxxxxxxxxxxxxxxxxxxxxxxxxxxxxxxxxxxxxxxxxxxxxxxxxxxxxxxxxxxxxxxxxxxxxxxxxxxxxxxxxxxxxxxxxxxx",
      "length": 107,
      "input_sha256": "f5fc77684eac296927877cc8c72fb233d31ffebea65bff71845aa04f7b1298d2",
      "oracle": true,
      "canonical": true,
      "generated": true
    },
    {
      "label": "all-lengths-108",
      "input": "xxxxxxxxxxxxxxxxxxxxxxxxxxxxxxxxxxxxxxxxxxxxxxxxxxxxxxxxxxxxxxxxxxxxxxxxxxxxxxxxxxxxxxxxxxxxxxxxxxxxxxxxxxxx",
      "length": 108,
      "input_sha256": "b3f4776624ede9f8a366bea4226f271ba037a61287a6285b159881ffff0fe73b",
      "oracle": false,
      "canonical": false,
      "generated": false
    },
    {
      "label": "all-lengths-109",
      "input": "xxxxxxxxxxxxxxxxxxxxxxxxxxxxxxxxxxxxxxxxxxxxxxxxxxxxxxxxxxxxxxxxxxxxxxxxxxxxxxxxxxxxxxxxxxxxxxxxxxxxxxxxxxxxx",
      "length": 109,
      "input_sha256": "a64b2d3591d22ea99d480ed4395bf060e2114f1c56c52dc087adca8014e6c78e",
      "oracle": true,
      "canonical": true,
      "generated": true
    },
    {
      "label": "all-lengths-110",
      "input": "xxxxxxxxxxxxxxxxxxxxxxxxxxxxxxxxxxxxxxxxxxxxxxxxxxxxxxxxxxxxxxxxxxxxxxxxxxxxxxxxxxxxxxxxxxxxxxxxxxxxxxxxxxxxxx",
      "length": 110,
      "input_sha256": "4ac8f8068895ff93cea90e0a8cfbeaef6788a29a9328188e8eaa762d0b1c6b9f",
      "oracle": false,
      "canonical": false,
      "generated": false
    },
    {
      "label": "all-lengths-111",
      "input": "xxxxxxxxxxxxxxxxxxxxxxxxxxxxxxxxxxxxxxxxxxxxxxxxxxxxxxxxxxxxxxxxxxxxxxxxxxxxxxxxxxxxxxxxxxxxxxxxxxxxxxxxxxxxxxx",
      "length": 111,
      "input_sha256": "5ba60613dba318e9ed9020301e5dc59c721c19d82862e4d03718708aa75d2bad",
      "oracle": false,
      "canonical": false,
      "generated": false
    },
    {
      "label": "all-lengths-112",
      "input": "xxxxxxxxxxxxxxxxxxxxxxxxxxxxxxxxxxxxxxxxxxxxxxxxxxxxxxxxxxxxxxxxxxxxxxxxxxxxxxxxxxxxxxxxxxxxxxxxxxxxxxxxxxxxxxxx",
      "length": 112,
      "input_sha256": "87bf6e70ecc829aa717756ac6797b82de8b30fca1281ea1659df31949839fc6b",
      "oracle": false,
      "canonical": false,
      "generated": false
    },
    {
      "label": "all-lengths-113",
      "input": "xxxxxxxxxxxxxxxxxxxxxxxxxxxxxxxxxxxxxxxxxxxxxxxxxxxxxxxxxxxxxxxxxxxxxxxxxxxxxxxxxxxxxxxxxxxxxxxxxxxxxxxxxxxxxxxxx",
      "length": 113,
      "input_sha256": "b8983b329f09f5296bc9951e1ec7ad9174001229698acea751675a5cf4eee0ee",
      "oracle": true,
      "canonical": true,
      "generated": true
    },
    {
      "label": "all-lengths-114",
      "input": "xxxxxxxxxxxxxxxxxxxxxxxxxxxxxxxxxxxxxxxxxxxxxxxxxxxxxxxxxxxxxxxxxxxxxxxxxxxxxxxxxxxxxxxxxxxxxxxxxxxxxxxxxxxxxxxxxx",
      "length": 114,
      "input_sha256": "a0b84a9313ff6b4512d11937a1db51ef78b017ec7eb01525bdafa253c072a4ed",
      "oracle": false,
      "canonical": false,
      "generated": false
    },
    {
      "label": "all-lengths-115",
      "input": "xxxxxxxxxxxxxxxxxxxxxxxxxxxxxxxxxxxxxxxxxxxxxxxxxxxxxxxxxxxxxxxxxxxxxxxxxxxxxxxxxxxxxxxxxxxxxxxxxxxxxxxxxxxxxxxxxxx",
      "length": 115,
      "input_sha256": "f323e6db01bbf73b4e0f897837a8aa691b2db5cc5eac6ec2d87a24f82d532f30",
      "oracle": false,
      "canonical": false,
      "generated": false
    },
    {
      "label": "all-lengths-116",
      "input": "xxxxxxxxxxxxxxxxxxxxxxxxxxxxxxxxxxxxxxxxxxxxxxxxxxxxxxxxxxxxxxxxxxxxxxxxxxxxxxxxxxxxxxxxxxxxxxxxxxxxxxxxxxxxxxxxxxxx",
      "length": 116,
      "input_sha256": "c2395765ca058c9f6ebbc6eec35cf655337885f35d5a907adfe70f24c5b759cf",
      "oracle": false,
      "canonical": false,
      "generated": false
    },
    {
      "label": "all-lengths-117",
      "input": "xxxxxxxxxxxxxxxxxxxxxxxxxxxxxxxxxxxxxxxxxxxxxxxxxxxxxxxxxxxxxxxxxxxxxxxxxxxxxxxxxxxxxxxxxxxxxxxxxxxxxxxxxxxxxxxxxxxxx",
      "length": 117,
      "input_sha256": "bdf1cbf29526ae034783a66e18a1ccc504d7dd2f7d7da4af82e9e6fdad7ef473",
      "oracle": false,
      "canonical": false,
      "generated": false
    },
    {
      "label": "all-lengths-118",
      "input": "xxxxxxxxxxxxxxxxxxxxxxxxxxxxxxxxxxxxxxxxxxxxxxxxxxxxxxxxxxxxxxxxxxxxxxxxxxxxxxxxxxxxxxxxxxxxxxxxxxxxxxxxxxxxxxxxxxxxxx",
      "length": 118,
      "input_sha256": "d4fc3f146a19ae0453b2195bba6b11cffd0afc8c6f94f902e55a94ed975c6abd",
      "oracle": false,
      "canonical": false,
      "generated": false
    },
    {
      "label": "all-lengths-119",
      "input": "xxxxxxxxxxxxxxxxxxxxxxxxxxxxxxxxxxxxxxxxxxxxxxxxxxxxxxxxxxxxxxxxxxxxxxxxxxxxxxxxxxxxxxxxxxxxxxxxxxxxxxxxxxxxxxxxxxxxxxx",
      "length": 119,
      "input_sha256": "000b48d4edf0fa7bee3c6236ecd2785baa5db4eeb8bb54341b029e0d9fa5fb0c",
      "oracle": false,
      "canonical": false,
      "generated": false
    },
    {
      "label": "all-lengths-120",
      "input": "xxxxxxxxxxxxxxxxxxxxxxxxxxxxxxxxxxxxxxxxxxxxxxxxxxxxxxxxxxxxxxxxxxxxxxxxxxxxxxxxxxxxxxxxxxxxxxxxxxxxxxxxxxxxxxxxxxxxxxxx",
      "length": 120,
      "input_sha256": "13f05a0b594787f5ecd315edc96141bd3243203d1b7d4f0836f37308b276ba98",
      "oracle": false,
      "canonical": false,
      "generated": false
    },
    {
      "label": "all-lengths-121",
      "input": "xxxxxxxxxxxxxxxxxxxxxxxxxxxxxxxxxxxxxxxxxxxxxxxxxxxxxxxxxxxxxxxxxxxxxxxxxxxxxxxxxxxxxxxxxxxxxxxxxxxxxxxxxxxxxxxxxxxxxxxxx",
      "length": 121,
      "input_sha256": "79072a47bfaa54e6057a9ee21e0dea64b9edbfd160c4ccadbb657e64b6d22ee4",
      "oracle": false,
      "canonical": false,
      "generated": false
    },
    {
      "label": "all-lengths-122",
      "input": "xxxxxxxxxxxxxxxxxxxxxxxxxxxxxxxxxxxxxxxxxxxxxxxxxxxxxxxxxxxxxxxxxxxxxxxxxxxxxxxxxxxxxxxxxxxxxxxxxxxxxxxxxxxxxxxxxxxxxxxxxx",
      "length": 122,
      "input_sha256": "ccd16bc19afac2e6fd5b0931420d12e3d7c73731edf307ff681ccd8b590259e9",
      "oracle": false,
      "canonical": false,
      "generated": false
    },
    {
      "label": "all-lengths-123",
      "input": "xxxxxxxxxxxxxxxxxxxxxxxxxxxxxxxxxxxxxxxxxxxxxxxxxxxxxxxxxxxxxxxxxxxxxxxxxxxxxxxxxxxxxxxxxxxxxxxxxxxxxxxxxxxxxxxxxxxxxxxxxxx",
      "length": 123,
      "input_sha256": "5bc55890493627a065efbb2990e2a34a92efeb1429ab3f3d7d1c2246f2114e23",
      "oracle": false,
      "canonical": false,
      "generated": false
    },
    {
      "label": "all-lengths-124",
      "input": "xxxxxxxxxxxxxxxxxxxxxxxxxxxxxxxxxxxxxxxxxxxxxxxxxxxxxxxxxxxxxxxxxxxxxxxxxxxxxxxxxxxxxxxxxxxxxxxxxxxxxxxxxxxxxxxxxxxxxxxxxxxx",
      "length": 124,
      "input_sha256": "a3dc6de723c964122eaef13556fdaa3e2e406ff3230fc6588168abdfc43aabe9",
      "oracle": false,
      "canonical": false,
      "generated": false
    },
    {
      "label": "all-lengths-125",
      "input": "xxxxxxxxxxxxxxxxxxxxxxxxxxxxxxxxxxxxxxxxxxxxxxxxxxxxxxxxxxxxxxxxxxxxxxxxxxxxxxxxxxxxxxxxxxxxxxxxxxxxxxxxxxxxxxxxxxxxxxxxxxxxx",
      "length": 125,
      "input_sha256": "102be737ac85a61677e72a0a2d641cd4c15dcb3545822ec92f12be002bca5c6b",
      "oracle": false,
      "canonical": false,
      "generated": false
    },
    {
      "label": "all-lengths-126",
      "input": "xxxxxxxxxxxxxxxxxxxxxxxxxxxxxxxxxxxxxxxxxxxxxxxxxxxxxxxxxxxxxxxxxxxxxxxxxxxxxxxxxxxxxxxxxxxxxxxxxxxxxxxxxxxxxxxxxxxxxxxxxxxxxx",
      "length": 126,
      "input_sha256": "19981abaa977c9ab097c239adda74b220f06b1eb938bfec39c8361b1a1adcbbf",
      "oracle": false,
      "canonical": false,
      "generated": false
    },
    {
      "label": "all-lengths-127",
      "input": "xxxxxxxxxxxxxxxxxxxxxxxxxxxxxxxxxxxxxxxxxxxxxxxxxxxxxxxxxxxxxxxxxxxxxxxxxxxxxxxxxxxxxxxxxxxxxxxxxxxxxxxxxxxxxxxxxxxxxxxxxxxxxxx",
      "length": 127,
      "input_sha256": "70156a14adbabf98cff3a71c7084b417abf057a8efd27329ca36b7202c87d81f",
      "oracle": true,
      "canonical": true,
      "generated": true
    },
    {
      "label": "all-lengths-128",
      "input": "xxxxxxxxxxxxxxxxxxxxxxxxxxxxxxxxxxxxxxxxxxxxxxxxxxxxxxxxxxxxxxxxxxxxxxxxxxxxxxxxxxxxxxxxxxxxxxxxxxxxxxxxxxxxxxxxxxxxxxxxxxxxxxxx",
      "length": 128,
      "input_sha256": "24da1b81d0b16df6428eee73c69fcb2a93c76bc6df706f0c6670fe6bfe800464",
      "oracle": false,
      "canonical": false,
      "generated": false
    },
    {
      "label": "all-lengths-129",
      "input": "xxxxxxxxxxxxxxxxxxxxxxxxxxxxxxxxxxxxxxxxxxxxxxxxxxxxxxxxxxxxxxxxxxxxxxxxxxxxxxxxxxxxxxxxxxxxxxxxxxxxxxxxxxxxxxxxxxxxxxxxxxxxxxxxx",
      "length": 129,
      "input_sha256": "0ec9eb33e74510bcdd1f2ea55206e82f21649c5c2becbf2b433eb475b34c01bd",
      "oracle": false,
      "canonical": false,
      "generated": false
    },
    {
      "label": "all-lengths-130",
      "input": "xxxxxxxxxxxxxxxxxxxxxxxxxxxxxxxxxxxxxxxxxxxxxxxxxxxxxxxxxxxxxxxxxxxxxxxxxxxxxxxxxxxxxxxxxxxxxxxxxxxxxxxxxxxxxxxxxxxxxxxxxxxxxxxxxx",
      "length": 130,
      "input_sha256": "3afbb132863c57f08bdc32205eb6c63775397a9953819218a1f4b7cbdc0ff90f",
      "oracle": false,
      "canonical": false,
      "generated": false
    },
    {
      "label": "all-lengths-131",
      "input": "xxxxxxxxxxxxxxxxxxxxxxxxxxxxxxxxxxxxxxxxxxxxxxxxxxxxxxxxxxxxxxxxxxxxxxxxxxxxxxxxxxxxxxxxxxxxxxxxxxxxxxxxxxxxxxxxxxxxxxxxxxxxxxxxxxx",
      "length": 131,
      "input_sha256": "b1790cfd5736ade4b610a957c3189de2ced6035ac85bbc79932849ebc9f9d3fa",
      "oracle": true,
      "canonical": true,
      "generated": true
    },
    {
      "label": "all-lengths-132",
      "input": "xxxxxxxxxxxxxxxxxxxxxxxxxxxxxxxxxxxxxxxxxxxxxxxxxxxxxxxxxxxxxxxxxxxxxxxxxxxxxxxxxxxxxxxxxxxxxxxxxxxxxxxxxxxxxxxxxxxxxxxxxxxxxxxxxxxx",
      "length": 132,
      "input_sha256": "4dfe4b52e89d5444dfda0b9287ed31cfe6fcb726c06e1f8e66810926a69a2748",
      "oracle": false,
      "canonical": false,
      "generated": false
    },
    {
      "label": "all-lengths-133",
      "input": "xxxxxxxxxxxxxxxxxxxxxxxxxxxxxxxxxxxxxxxxxxxxxxxxxxxxxxxxxxxxxxxxxxxxxxxxxxxxxxxxxxxxxxxxxxxxxxxxxxxxxxxxxxxxxxxxxxxxxxxxxxxxxxxxxxxxx",
      "length": 133,
      "input_sha256": "074dce396cbbba5766222612acca16f2e751dc628b659ecb7e59cbd5db9735a7",
      "oracle": false,
      "canonical": false,
      "generated": false
    },
    {
      "label": "all-lengths-134",
      "input": "xxxxxxxxxxxxxxxxxxxxxxxxxxxxxxxxxxxxxxxxxxxxxxxxxxxxxxxxxxxxxxxxxxxxxxxxxxxxxxxxxxxxxxxxxxxxxxxxxxxxxxxxxxxxxxxxxxxxxxxxxxxxxxxxxxxxxx",
      "length": 134,
      "input_sha256": "1df427f84c0763342dc9a37ddf97a1674a383cce591a472c402a833f06fda76d",
      "oracle": false,
      "canonical": false,
      "generated": false
    },
    {
      "label": "all-lengths-135",
      "input": "xxxxxxxxxxxxxxxxxxxxxxxxxxxxxxxxxxxxxxxxxxxxxxxxxxxxxxxxxxxxxxxxxxxxxxxxxxxxxxxxxxxxxxxxxxxxxxxxxxxxxxxxxxxxxxxxxxxxxxxxxxxxxxxxxxxxxxx",
      "length": 135,
      "input_sha256": "e926e638bbd7433c641520d80e842b9e37db5b5b594fa38f07cbd26e6e332a57",
      "oracle": false,
      "canonical": false,
      "generated": false
    },
    {
      "label": "all-lengths-136",
      "input": "xxxxxxxxxxxxxxxxxxxxxxxxxxxxxxxxxxxxxxxxxxxxxxxxxxxxxxxxxxxxxxxxxxxxxxxxxxxxxxxxxxxxxxxxxxxxxxxxxxxxxxxxxxxxxxxxxxxxxxxxxxxxxxxxxxxxxxxx",
      "length": 136,
      "input_sha256": "adece145ca1f874fb0b400cedffbde21b3aa2e061a3cc60313fb4139b3649026",
      "oracle": false,
      "canonical": false,
      "generated": false
    },
    {
      "label": "all-lengths-137",
      "input": "xxxxxxxxxxxxxxxxxxxxxxxxxxxxxxxxxxxxxxxxxxxxxxxxxxxxxxxxxxxxxxxxxxxxxxxxxxxxxxxxxxxxxxxxxxxxxxxxxxxxxxxxxxxxxxxxxxxxxxxxxxxxxxxxxxxxxxxxx",
      "length": 137,
      "input_sha256": "bc8511c35f5caae2f4f2ed53a318637efc3fd951dca12f45b9d8aeb2b03f2aa4",
      "oracle": true,
      "canonical": true,
      "generated": true
    },
    {
      "label": "all-lengths-138",
      "input": "xxxxxxxxxxxxxxxxxxxxxxxxxxxxxxxxxxxxxxxxxxxxxxxxxxxxxxxxxxxxxxxxxxxxxxxxxxxxxxxxxxxxxxxxxxxxxxxxxxxxxxxxxxxxxxxxxxxxxxxxxxxxxxxxxxxxxxxxxx",
      "length": 138,
      "input_sha256": "1f5d8cbf08fbe6a47587a0d3c8fb05aae7ae312f80e27f1442726a33cc3d3539",
      "oracle": false,
      "canonical": false,
      "generated": false
    },
    {
      "label": "all-lengths-139",
      "input": "xxxxxxxxxxxxxxxxxxxxxxxxxxxxxxxxxxxxxxxxxxxxxxxxxxxxxxxxxxxxxxxxxxxxxxxxxxxxxxxxxxxxxxxxxxxxxxxxxxxxxxxxxxxxxxxxxxxxxxxxxxxxxxxxxxxxxxxxxxx",
      "length": 139,
      "input_sha256": "2e9624d34d0ca08307eb4f645cb17ac9db26ee9cd911a783221da0b327d7cce8",
      "oracle": true,
      "canonical": true,
      "generated": true
    },
    {
      "label": "all-lengths-140",
      "input": "xxxxxxxxxxxxxxxxxxxxxxxxxxxxxxxxxxxxxxxxxxxxxxxxxxxxxxxxxxxxxxxxxxxxxxxxxxxxxxxxxxxxxxxxxxxxxxxxxxxxxxxxxxxxxxxxxxxxxxxxxxxxxxxxxxxxxxxxxxxx",
      "length": 140,
      "input_sha256": "f5e19a4ccf0b42e0480ba5139ed6eec8d802e53e0bb4055e7f321fcba2d2f178",
      "oracle": false,
      "canonical": false,
      "generated": false
    },
    {
      "label": "all-lengths-141",
      "input": "xxxxxxxxxxxxxxxxxxxxxxxxxxxxxxxxxxxxxxxxxxxxxxxxxxxxxxxxxxxxxxxxxxxxxxxxxxxxxxxxxxxxxxxxxxxxxxxxxxxxxxxxxxxxxxxxxxxxxxxxxxxxxxxxxxxxxxxxxxxxx",
      "length": 141,
      "input_sha256": "066f483277d596be957d4a56a1873e7b567f93781893f34dc3ac84ebeb16ee19",
      "oracle": false,
      "canonical": false,
      "generated": false
    },
    {
      "label": "all-lengths-142",
      "input": "xxxxxxxxxxxxxxxxxxxxxxxxxxxxxxxxxxxxxxxxxxxxxxxxxxxxxxxxxxxxxxxxxxxxxxxxxxxxxxxxxxxxxxxxxxxxxxxxxxxxxxxxxxxxxxxxxxxxxxxxxxxxxxxxxxxxxxxxxxxxxx",
      "length": 142,
      "input_sha256": "f4788faef0c0ed5d60f71fb0854e333a51cf0a51a141f8ce30a61e389c428fc4",
      "oracle": false,
      "canonical": false,
      "generated": false
    },
    {
      "label": "all-lengths-143",
      "input": "xxxxxxxxxxxxxxxxxxxxxxxxxxxxxxxxxxxxxxxxxxxxxxxxxxxxxxxxxxxxxxxxxxxxxxxxxxxxxxxxxxxxxxxxxxxxxxxxxxxxxxxxxxxxxxxxxxxxxxxxxxxxxxxxxxxxxxxxxxxxxxx",
      "length": 143,
      "input_sha256": "9440921e16570dd9e6ef9507e08907fdae878f83afd233ec522c808e9c2d30c3",
      "oracle": false,
      "canonical": false,
      "generated": false
    },
    {
      "label": "all-lengths-144",
      "input": "xxxxxxxxxxxxxxxxxxxxxxxxxxxxxxxxxxxxxxxxxxxxxxxxxxxxxxxxxxxxxxxxxxxxxxxxxxxxxxxxxxxxxxxxxxxxxxxxxxxxxxxxxxxxxxxxxxxxxxxxxxxxxxxxxxxxxxxxxxxxxxxx",
      "length": 144,
      "input_sha256": "0c862f309a9fa1f6fe3d0f17234a558daf08ae7d45e7cd0642403fdd91d406ab",
      "oracle": false,
      "canonical": false,
      "generated": false
    },
    {
      "label": "all-lengths-145",
      "input": "xxxxxxxxxxxxxxxxxxxxxxxxxxxxxxxxxxxxxxxxxxxxxxxxxxxxxxxxxxxxxxxxxxxxxxxxxxxxxxxxxxxxxxxxxxxxxxxxxxxxxxxxxxxxxxxxxxxxxxxxxxxxxxxxxxxxxxxxxxxxxxxxx",
      "length": 145,
      "input_sha256": "1158b7788a3b33b70f463f68e83516718b2bc925e25ce76e47f9cad54ccfc28a",
      "oracle": false,
      "canonical": false,
      "generated": false
    },
    {
      "label": "all-lengths-146",
      "input": "xxxxxxxxxxxxxxxxxxxxxxxxxxxxxxxxxxxxxxxxxxxxxxxxxxxxxxxxxxxxxxxxxxxxxxxxxxxxxxxxxxxxxxxxxxxxxxxxxxxxxxxxxxxxxxxxxxxxxxxxxxxxxxxxxxxxxxxxxxxxxxxxxx",
      "length": 146,
      "input_sha256": "004adb49a9244c51068573d08bde3d622bb87ecafccfefc8392c476919a5e8f7",
      "oracle": false,
      "canonical": false,
      "generated": false
    },
    {
      "label": "all-lengths-147",
      "input": "xxxxxxxxxxxxxxxxxxxxxxxxxxxxxxxxxxxxxxxxxxxxxxxxxxxxxxxxxxxxxxxxxxxxxxxxxxxxxxxxxxxxxxxxxxxxxxxxxxxxxxxxxxxxxxxxxxxxxxxxxxxxxxxxxxxxxxxxxxxxxxxxxxx",
      "length": 147,
      "input_sha256": "f850a8e1f97d45fb46e5decb8daaf5714f98fcf7b08721d5886353dd73b5247c",
      "oracle": false,
      "canonical": false,
      "generated": false
    },
    {
      "label": "all-lengths-148",
      "input": "xxxxxxxxxxxxxxxxxxxxxxxxxxxxxxxxxxxxxxxxxxxxxxxxxxxxxxxxxxxxxxxxxxxxxxxxxxxxxxxxxxxxxxxxxxxxxxxxxxxxxxxxxxxxxxxxxxxxxxxxxxxxxxxxxxxxxxxxxxxxxxxxxxxx",
      "length": 148,
      "input_sha256": "93913dc6b7b89e370347d1a153ce2fdc99725ab1f9a31d920e263daf56e24205",
      "oracle": false,
      "canonical": false,
      "generated": false
    },
    {
      "label": "all-lengths-149",
      "input": "xxxxxxxxxxxxxxxxxxxxxxxxxxxxxxxxxxxxxxxxxxxxxxxxxxxxxxxxxxxxxxxxxxxxxxxxxxxxxxxxxxxxxxxxxxxxxxxxxxxxxxxxxxxxxxxxxxxxxxxxxxxxxxxxxxxxxxxxxxxxxxxxxxxxx",
      "length": 149,
      "input_sha256": "dbc916d3c51daf7cf45646de7819978d9057c0b0fa7dfb56d9a7d152e571fcae",
      "oracle": true,
      "canonical": true,
      "generated": true
    },
    {
      "label": "all-lengths-150",
      "input": "xxxxxxxxxxxxxxxxxxxxxxxxxxxxxxxxxxxxxxxxxxxxxxxxxxxxxxxxxxxxxxxxxxxxxxxxxxxxxxxxxxxxxxxxxxxxxxxxxxxxxxxxxxxxxxxxxxxxxxxxxxxxxxxxxxxxxxxxxxxxxxxxxxxxxx",
      "length": 150,
      "input_sha256": "a09244d54a7ed6e9f75c3f431270b7467ffbd133f4f9950931d0aa80ce4667e6",
      "oracle": false,
      "canonical": false,
      "generated": false
    },
    {
      "label": "all-lengths-151",
      "input": "xxxxxxxxxxxxxxxxxxxxxxxxxxxxxxxxxxxxxxxxxxxxxxxxxxxxxxxxxxxxxxxxxxxxxxxxxxxxxxxxxxxxxxxxxxxxxxxxxxxxxxxxxxxxxxxxxxxxxxxxxxxxxxxxxxxxxxxxxxxxxxxxxxxxxxx",
      "length": 151,
      "input_sha256": "8eb827e6964db1e28caafb07b408d441efc804c8da30e3bad83a70dd3566a88b",
      "oracle": true,
      "canonical": true,
      "generated": true
    },
    {
      "label": "all-lengths-152",
      "input": "xxxxxxxxxxxxxxxxxxxxxxxxxxxxxxxxxxxxxxxxxxxxxxxxxxxxxxxxxxxxxxxxxxxxxxxxxxxxxxxxxxxxxxxxxxxxxxxxxxxxxxxxxxxxxxxxxxxxxxxxxxxxxxxxxxxxxxxxxxxxxxxxxxxxxxxx",
      "length": 152,
      "input_sha256": "68d4a95bc47664e31607cb813ac8a421f21bff475638b7540c08e6c83fd54b72",
      "oracle": false,
      "canonical": false,
      "generated": false
    },
    {
      "label": "all-lengths-153",
      "input": "xxxxxxxxxxxxxxxxxxxxxxxxxxxxxxxxxxxxxxxxxxxxxxxxxxxxxxxxxxxxxxxxxxxxxxxxxxxxxxxxxxxxxxxxxxxxxxxxxxxxxxxxxxxxxxxxxxxxxxxxxxxxxxxxxxxxxxxxxxxxxxxxxxxxxxxxx",
      "length": 153,
      "input_sha256": "5f38ad2658fd8437408715719f2382e9147971d89017414d3ae523ee08ba080b",
      "oracle": false,
      "canonical": false,
      "generated": false
    },
    {
      "label": "all-lengths-154",
      "input": "xxxxxxxxxxxxxxxxxxxxxxxxxxxxxxxxxxxxxxxxxxxxxxxxxxxxxxxxxxxxxxxxxxxxxxxxxxxxxxxxxxxxxxxxxxxxxxxxxxxxxxxxxxxxxxxxxxxxxxxxxxxxxxxxxxxxxxxxxxxxxxxxxxxxxxxxxx",
      "length": 154,
      "input_sha256": "38fbe3ccd676f27d2cb67873e08674c92343c6bd44a93044e0c6bd8f77e2012a",
      "oracle": false,
      "canonical": false,
      "generated": false
    },
    {
      "label": "all-lengths-155",
      "input": "xxxxxxxxxxxxxxxxxxxxxxxxxxxxxxxxxxxxxxxxxxxxxxxxxxxxxxxxxxxxxxxxxxxxxxxxxxxxxxxxxxxxxxxxxxxxxxxxxxxxxxxxxxxxxxxxxxxxxxxxxxxxxxxxxxxxxxxxxxxxxxxxxxxxxxxxxxx",
      "length": 155,
      "input_sha256": "0f2ccb287df456db09d1cac689ca7905843e43414b87a948a6b6f4b193b71148",
      "oracle": false,
      "canonical": false,
      "generated": false
    },
    {
      "label": "all-lengths-156",
      "input": "xxxxxxxxxxxxxxxxxxxxxxxxxxxxxxxxxxxxxxxxxxxxxxxxxxxxxxxxxxxxxxxxxxxxxxxxxxxxxxxxxxxxxxxxxxxxxxxxxxxxxxxxxxxxxxxxxxxxxxxxxxxxxxxxxxxxxxxxxxxxxxxxxxxxxxxxxxxx",
      "length": 156,
      "input_sha256": "445716fd027bf373fab7dd57d36f136d5a3a99a5bf0e3a2bdf4a0f9f549de756",
      "oracle": false,
      "canonical": false,
      "generated": false
    },
    {
      "label": "all-lengths-157",
      "input": "xxxxxxxxxxxxxxxxxxxxxxxxxxxxxxxxxxxxxxxxxxxxxxxxxxxxxxxxxxxxxxxxxxxxxxxxxxxxxxxxxxxxxxxxxxxxxxxxxxxxxxxxxxxxxxxxxxxxxxxxxxxxxxxxxxxxxxxxxxxxxxxxxxxxxxxxxxxxx",
      "length": 157,
      "input_sha256": "f3de55d9ccbe120d6350f20490637b03fbc334f317f1db83e36347801fe9d5b2",
      "oracle": true,
      "canonical": true,
      "generated": true
    },
    {
      "label": "all-lengths-158",
      "input": "xxxxxxxxxxxxxxxxxxxxxxxxxxxxxxxxxxxxxxxxxxxxxxxxxxxxxxxxxxxxxxxxxxxxxxxxxxxxxxxxxxxxxxxxxxxxxxxxxxxxxxxxxxxxxxxxxxxxxxxxxxxxxxxxxxxxxxxxxxxxxxxxxxxxxxxxxxxxxx",
      "length": 158,
      "input_sha256": "c2d91b5da22cb78b178079b26849e3ead9cb12bfff4205a3da8e1c530bb1604e",
      "oracle": false,
      "canonical": false,
      "generated": false
    },
    {
      "label": "all-lengths-159",
      "input": "xxxxxxxxxxxxxxxxxxxxxxxxxxxxxxxxxxxxxxxxxxxxxxxxxxxxxxxxxxxxxxxxxxxxxxxxxxxxxxxxxxxxxxxxxxxxxxxxxxxxxxxxxxxxxxxxxxxxxxxxxxxxxxxxxxxxxxxxxxxxxxxxxxxxxxxxxxxxxxx",
      "length": 159,
      "input_sha256": "35b4b00253bf31f4d7b07775f161b9cbcf5b750691ef52698c6407b728ef00d6",
      "oracle": false,
      "canonical": false,
      "generated": false
    },
    {
      "label": "all-lengths-160",
      "input": "xxxxxxxxxxxxxxxxxxxxxxxxxxxxxxxxxxxxxxxxxxxxxxxxxxxxxxxxxxxxxxxxxxxxxxxxxxxxxxxxxxxxxxxxxxxxxxxxxxxxxxxxxxxxxxxxxxxxxxxxxxxxxxxxxxxxxxxxxxxxxxxxxxxxxxxxxxxxxxxx",
      "length": 160,
      "input_sha256": "60ba0840031727513556758984811b638f10d19eff569b7ceeab609c72dbe193",
      "oracle": false,
      "canonical": false,
      "generated": false
    },
    {
      "label": "all-lengths-161",
      "input": "xxxxxxxxxxxxxxxxxxxxxxxxxxxxxxxxxxxxxxxxxxxxxxxxxxxxxxxxxxxxxxxxxxxxxxxxxxxxxxxxxxxxxxxxxxxxxxxxxxxxxxxxxxxxxxxxxxxxxxxxxxxxxxxxxxxxxxxxxxxxxxxxxxxxxxxxxxxxxxxxx",
      "length": 161,
      "input_sha256": "fdb7f3c40645e79ca4c5d1638753243ccb283f5dd126ceb21de5fa7d40953c65",
      "oracle": false,
      "canonical": false,
      "generated": false
    },
    {
      "label": "all-lengths-162",
      "input": "xxxxxxxxxxxxxxxxxxxxxxxxxxxxxxxxxxxxxxxxxxxxxxxxxxxxxxxxxxxxxxxxxxxxxxxxxxxxxxxxxxxxxxxxxxxxxxxxxxxxxxxxxxxxxxxxxxxxxxxxxxxxxxxxxxxxxxxxxxxxxxxxxxxxxxxxxxxxxxxxxx",
      "length": 162,
      "input_sha256": "ee98503e74988f1421b52d8a1d05216339eb1c70fb197195c69b066772bdd951",
      "oracle": false,
      "canonical": false,
      "generated": false
    },
    {
      "label": "all-lengths-163",
      "input": "xxxxxxxxxxxxxxxxxxxxxxxxxxxxxxxxxxxxxxxxxxxxxxxxxxxxxxxxxxxxxxxxxxxxxxxxxxxxxxxxxxxxxxxxxxxxxxxxxxxxxxxxxxxxxxxxxxxxxxxxxxxxxxxxxxxxxxxxxxxxxxxxxxxxxxxxxxxxxxxxxxx",
      "length": 163,
      "input_sha256": "759d4957a49a12303dd68d72008419f1df994857a1d2a9d783fd03bfacb3b4d5",
      "oracle": true,
      "canonical": true,
      "generated": true
    },
    {
      "label": "all-lengths-164",
      "input": "xxxxxxxxxxxxxxxxxxxxxxxxxxxxxxxxxxxxxxxxxxxxxxxxxxxxxxxxxxxxxxxxxxxxxxxxxxxxxxxxxxxxxxxxxxxxxxxxxxxxxxxxxxxxxxxxxxxxxxxxxxxxxxxxxxxxxxxxxxxxxxxxxxxxxxxxxxxxxxxxxxxx",
      "length": 164,
      "input_sha256": "075f4846d312db85fd967a51a2dacf5cf6d658b0fefdecebc68d6c01d9fb14c8",
      "oracle": false,
      "canonical": false,
      "generated": false
    },
    {
      "label": "all-lengths-165",
      "input": "xxxxxxxxxxxxxxxxxxxxxxxxxxxxxxxxxxxxxxxxxxxxxxxxxxxxxxxxxxxxxxxxxxxxxxxxxxxxxxxxxxxxxxxxxxxxxxxxxxxxxxxxxxxxxxxxxxxxxxxxxxxxxxxxxxxxxxxxxxxxxxxxxxxxxxxxxxxxxxxxxxxxx",
      "length": 165,
      "input_sha256": "34a3215252d457f2429c9cf3cb48afba731dbc5ecf0420ce39ad7bb0a57911a0",
      "oracle": false,
      "canonical": false,
      "generated": false
    },
    {
      "label": "all-lengths-166",
      "input": "xxxxxxxxxxxxxxxxxxxxxxxxxxxxxxxxxxxxxxxxxxxxxxxxxxxxxxxxxxxxxxxxxxxxxxxxxxxxxxxxxxxxxxxxxxxxxxxxxxxxxxxxxxxxxxxxxxxxxxxxxxxxxxxxxxxxxxxxxxxxxxxxxxxxxxxxxxxxxxxxxxxxxx",
      "length": 166,
      "input_sha256": "f9df6b2764f7314b946d6be39240a92208f3f609d58863852bec71d6aef5cef1",
      "oracle": false,
      "canonical": false,
      "generated": false
    },
    {
      "label": "all-lengths-167",
      "input": "xxxxxxxxxxxxxxxxxxxxxxxxxxxxxxxxxxxxxxxxxxxxxxxxxxxxxxxxxxxxxxxxxxxxxxxxxxxxxxxxxxxxxxxxxxxxxxxxxxxxxxxxxxxxxxxxxxxxxxxxxxxxxxxxxxxxxxxxxxxxxxxxxxxxxxxxxxxxxxxxxxxxxxx",
      "length": 167,
      "input_sha256": "d45578145f5caeca89e68e635dcd9407a10b0601f616cad4830e24ceb27c1ae1",
      "oracle": true,
      "canonical": true,
      "generated": true
    },
    {
      "label": "all-lengths-168",
      "input": "xxxxxxxxxxxxxxxxxxxxxxxxxxxxxxxxxxxxxxxxxxxxxxxxxxxxxxxxxxxxxxxxxxxxxxxxxxxxxxxxxxxxxxxxxxxxxxxxxxxxxxxxxxxxxxxxxxxxxxxxxxxxxxxxxxxxxxxxxxxxxxxxxxxxxxxxxxxxxxxxxxxxxxxx",
      "length": 168,
      "input_sha256": "28497b64afea17047934eb8cef8c2b9d3a94a58e431e3c9fd367a8bd61b43ea9",
      "oracle": false,
      "canonical": false,
      "generated": false
    },
    {
      "label": "all-lengths-169",
      "input": "xxxxxxxxxxxxxxxxxxxxxxxxxxxxxxxxxxxxxxxxxxxxxxxxxxxxxxxxxxxxxxxxxxxxxxxxxxxxxxxxxxxxxxxxxxxxxxxxxxxxxxxxxxxxxxxxxxxxxxxxxxxxxxxxxxxxxxxxxxxxxxxxxxxxxxxxxxxxxxxxxxxxxxxxx",
      "length": 169,
      "input_sha256": "a0c619c50a248f6c6abedc211f25c3a8564a59a644298c5e45403967d3cd422a",
      "oracle": false,
      "canonical": false,
      "generated": false
    },
    {
      "label": "all-lengths-170",
      "input": "xxxxxxxxxxxxxxxxxxxxxxxxxxxxxxxxxxxxxxxxxxxxxxxxxxxxxxxxxxxxxxxxxxxxxxxxxxxxxxxxxxxxxxxxxxxxxxxxxxxxxxxxxxxxxxxxxxxxxxxxxxxxxxxxxxxxxxxxxxxxxxxxxxxxxxxxxxxxxxxxxxxxxxxxxx",
      "length": 170,
      "input_sha256": "b150200a3a04666089b4d412ce2e65df0c1570ce4ccbea906440e4278275e374",
      "oracle": false,
      "canonical": false,
      "generated": false
    },
    {
      "label": "all-lengths-171",
      "input": "xxxxxxxxxxxxxxxxxxxxxxxxxxxxxxxxxxxxxxxxxxxxxxxxxxxxxxxxxxxxxxxxxxxxxxxxxxxxxxxxxxxxxxxxxxxxxxxxxxxxxxxxxxxxxxxxxxxxxxxxxxxxxxxxxxxxxxxxxxxxxxxxxxxxxxxxxxxxxxxxxxxxxxxxxxx",
      "length": 171,
      "input_sha256": "7d4787083f7449f182954f756e4995da8431208f2716c012ed828a4db9bfe763",
      "oracle": false,
      "canonical": false,
      "generated": false
    },
    {
      "label": "all-lengths-172",
      "input": "xxxxxxxxxxxxxxxxxxxxxxxxxxxxxxxxxxxxxxxxxxxxxxxxxxxxxxxxxxxxxxxxxxxxxxxxxxxxxxxxxxxxxxxxxxxxxxxxxxxxxxxxxxxxxxxxxxxxxxxxxxxxxxxxxxxxxxxxxxxxxxxxxxxxxxxxxxxxxxxxxxxxxxxxxxxx",
      "length": 172,
      "input_sha256": "3dfd8ae7f5fcb3fca32989518123d595f1b77063df00a2087147a8c09ded4496",
      "oracle": false,
      "canonical": false,
      "generated": false
    },
    {
      "label": "all-lengths-173",
      "input": "xxxxxxxxxxxxxxxxxxxxxxxxxxxxxxxxxxxxxxxxxxxxxxxxxxxxxxxxxxxxxxxxxxxxxxxxxxxxxxxxxxxxxxxxxxxxxxxxxxxxxxxxxxxxxxxxxxxxxxxxxxxxxxxxxxxxxxxxxxxxxxxxxxxxxxxxxxxxxxxxxxxxxxxxxxxxx",
      "length": 173,
      "input_sha256": "94a8d4985eb0d15c57e5a722a6d752df317272f6545f9d07a27ed73703eb9281",
      "oracle": true,
      "canonical": true,
      "generated": true
    },
    {
      "label": "all-lengths-174",
      "input": "xxxxxxxxxxxxxxxxxxxxxxxxxxxxxxxxxxxxxxxxxxxxxxxxxxxxxxxxxxxxxxxxxxxxxxxxxxxxxxxxxxxxxxxxxxxxxxxxxxxxxxxxxxxxxxxxxxxxxxxxxxxxxxxxxxxxxxxxxxxxxxxxxxxxxxxxxxxxxxxxxxxxxxxxxxxxxx",
      "length": 174,
      "input_sha256": "7e40cabb2f10247aec34bedfae2411631c868c29fa6da97e134e7ef2b3526cde",
      "oracle": false,
      "canonical": false,
      "generated": false
    },
    {
      "label": "all-lengths-175",
      "input": "xxxxxxxxxxxxxxxxxxxxxxxxxxxxxxxxxxxxxxxxxxxxxxxxxxxxxxxxxxxxxxxxxxxxxxxxxxxxxxxxxxxxxxxxxxxxxxxxxxxxxxxxxxxxxxxxxxxxxxxxxxxxxxxxxxxxxxxxxxxxxxxxxxxxxxxxxxxxxxxxxxxxxxxxxxxxxxx",
      "length": 175,
      "input_sha256": "c2bdfc5d4009dd10af0addef7bae05a049444adac5fc5f0e9309928ef88bd36c",
      "oracle": false,
      "canonical": false,
      "generated": false
    },
    {
      "label": "all-lengths-176",
      "input": "xxxxxxxxxxxxxxxxxxxxxxxxxxxxxxxxxxxxxxxxxxxxxxxxxxxxxxxxxxxxxxxxxxxxxxxxxxxxxxxxxxxxxxxxxxxxxxxxxxxxxxxxxxxxxxxxxxxxxxxxxxxxxxxxxxxxxxxxxxxxxxxxxxxxxxxxxxxxxxxxxxxxxxxxxxxxxxxx",
      "length": 176,
      "input_sha256": "93cf91af212d95c575afdf48ad28485e3469100edac1e1e74d0f0298e19b478e",
      "oracle": false,
      "canonical": false,
      "generated": false
    },
    {
      "label": "all-lengths-177",
      "input": "xxxxxxxxxxxxxxxxxxxxxxxxxxxxxxxxxxxxxxxxxxxxxxxxxxxxxxxxxxxxxxxxxxxxxxxxxxxxxxxxxxxxxxxxxxxxxxxxxxxxxxxxxxxxxxxxxxxxxxxxxxxxxxxxxxxxxxxxxxxxxxxxxxxxxxxxxxxxxxxxxxxxxxxxxxxxxxxxx",
      "length": 177,
      "input_sha256": "6fe9792f73d29e569120f4f7d7c0d994fcf381f4b697717929a4331fe5a43c0b",
      "oracle": false,
      "canonical": false,
      "generated": false
    },
    {
      "label": "all-lengths-178",
      "input": "xxxxxxxxxxxxxxxxxxxxxxxxxxxxxxxxxxxxxxxxxxxxxxxxxxxxxxxxxxxxxxxxxxxxxxxxxxxxxxxxxxxxxxxxxxxxxxxxxxxxxxxxxxxxxxxxxxxxxxxxxxxxxxxxxxxxxxxxxxxxxxxxxxxxxxxxxxxxxxxxxxxxxxxxxxxxxxxxxx",
      "length": 178,
      "input_sha256": "844b36dcd4dad4077f034379dbc7e02cf59912ff5d11f4b11e27bb7ee7a79e15",
      "oracle": false,
      "canonical": false,
      "generated": false
    },
    {
      "label": "all-lengths-179",
      "input": "xxxxxxxxxxxxxxxxxxxxxxxxxxxxxxxxxxxxxxxxxxxxxxxxxxxxxxxxxxxxxxxxxxxxxxxxxxxxxxxxxxxxxxxxxxxxxxxxxxxxxxxxxxxxxxxxxxxxxxxxxxxxxxxxxxxxxxxxxxxxxxxxxxxxxxxxxxxxxxxxxxxxxxxxxxxxxxxxxxx",
      "length": 179,
      "input_sha256": "7b718f13ddb1606cd105d092bca760bad825f8fb3aba9a92fd93cc01b0d1525a",
      "oracle": true,
      "canonical": true,
      "generated": true
    },
    {
      "label": "all-lengths-180",
      "input": "xxxxxxxxxxxxxxxxxxxxxxxxxxxxxxxxxxxxxxxxxxxxxxxxxxxxxxxxxxxxxxxxxxxxxxxxxxxxxxxxxxxxxxxxxxxxxxxxxxxxxxxxxxxxxxxxxxxxxxxxxxxxxxxxxxxxxxxxxxxxxxxxxxxxxxxxxxxxxxxxxxxxxxxxxxxxxxxxxxxx",
      "length": 180,
      "input_sha256": "06b6bce48b25b355bf44ca11afb898f482f174c15f2308c47ed31bc19bc64fc6",
      "oracle": false,
      "canonical": false,
      "generated": false
    },
    {
      "label": "all-lengths-181",
      "input": "xxxxxxxxxxxxxxxxxxxxxxxxxxxxxxxxxxxxxxxxxxxxxxxxxxxxxxxxxxxxxxxxxxxxxxxxxxxxxxxxxxxxxxxxxxxxxxxxxxxxxxxxxxxxxxxxxxxxxxxxxxxxxxxxxxxxxxxxxxxxxxxxxxxxxxxxxxxxxxxxxxxxxxxxxxxxxxxxxxxxx",
      "length": 181,
      "input_sha256": "dc31ed5afb940294fdd687c69bbba2aecc51b6093425c0047f6fa6c687303924",
      "oracle": true,
      "canonical": true,
      "generated": true
    },
    {
      "label": "all-lengths-182",
      "input": "xxxxxxxxxxxxxxxxxxxxxxxxxxxxxxxxxxxxxxxxxxxxxxxxxxxxxxxxxxxxxxxxxxxxxxxxxxxxxxxxxxxxxxxxxxxxxxxxxxxxxxxxxxxxxxxxxxxxxxxxxxxxxxxxxxxxxxxxxxxxxxxxxxxxxxxxxxxxxxxxxxxxxxxxxxxxxxxxxxxxxx",
      "length": 182,
      "input_sha256": "bb213d1acb208c483a8470eb8e2bad819590cc511e323469a9ea1bddf454025f",
      "oracle": false,
      "canonical": false,
      "generated": false
    },
    {
      "label": "all-lengths-183",
      "input": "xxxxxxxxxxxxxxxxxxxxxxxxxxxxxxxxxxxxxxxxxxxxxxxxxxxxxxxxxxxxxxxxxxxxxxxxxxxxxxxxxxxxxxxxxxxxxxxxxxxxxxxxxxxxxxxxxxxxxxxxxxxxxxxxxxxxxxxxxxxxxxxxxxxxxxxxxxxxxxxxxxxxxxxxxxxxxxxxxxxxxxx",
      "length": 183,
      "input_sha256": "b95933e340383f43cfb72bb337fbb80bd93b9f54f5b49f5cd9635d2c62e7f386",
      "oracle": false,
      "canonical": false,
      "generated": false
    },
    {
      "label": "all-lengths-184",
      "input": "xxxxxxxxxxxxxxxxxxxxxxxxxxxxxxxxxxxxxxxxxxxxxxxxxxxxxxxxxxxxxxxxxxxxxxxxxxxxxxxxxxxxxxxxxxxxxxxxxxxxxxxxxxxxxxxxxxxxxxxxxxxxxxxxxxxxxxxxxxxxxxxxxxxxxxxxxxxxxxxxxxxxxxxxxxxxxxxxxxxxxxxx",
      "length": 184,
      "input_sha256": "f3936e2eb513e068318995db8ff8a043fe9cbcf079934b8dfd49046c0fca45be",
      "oracle": false,
      "canonical": false,
      "generated": false
    },
    {
      "label": "all-lengths-185",
      "input": "xxxxxxxxxxxxxxxxxxxxxxxxxxxxxxxxxxxxxxxxxxxxxxxxxxxxxxxxxxxxxxxxxxxxxxxxxxxxxxxxxxxxxxxxxxxxxxxxxxxxxxxxxxxxxxxxxxxxxxxxxxxxxxxxxxxxxxxxxxxxxxxxxxxxxxxxxxxxxxxxxxxxxxxxxxxxxxxxxxxxxxxxx",
      "length": 185,
      "input_sha256": "3ecb4f04fbf3fffd72c6a54a46182377912393132f605b7a977eef2f561580fd",
      "oracle": false,
      "canonical": false,
      "generated": false
    },
    {
      "label": "all-lengths-186",
      "input": "xxxxxxxxxxxxxxxxxxxxxxxxxxxxxxxxxxxxxxxxxxxxxxxxxxxxxxxxxxxxxxxxxxxxxxxxxxxxxxxxxxxxxxxxxxxxxxxxxxxxxxxxxxxxxxxxxxxxxxxxxxxxxxxxxxxxxxxxxxxxxxxxxxxxxxxxxxxxxxxxxxxxxxxxxxxxxxxxxxxxxxxxxx",
      "length": 186,
      "input_sha256": "ff8555f295dc3c1ab40acfef8c873a5992b4f91f2a39da4c1c8338d547868cd5",
      "oracle": false,
      "canonical": false,
      "generated": false
    },
    {
      "label": "all-lengths-187",
      "input": "xxxxxxxxxxxxxxxxxxxxxxxxxxxxxxxxxxxxxxxxxxxxxxxxxxxxxxxxxxxxxxxxxxxxxxxxxxxxxxxxxxxxxxxxxxxxxxxxxxxxxxxxxxxxxxxxxxxxxxxxxxxxxxxxxxxxxxxxxxxxxxxxxxxxxxxxxxxxxxxxxxxxxxxxxxxxxxxxxxxxxxxxxxx",
      "length": 187,
      "input_sha256": "af846fe13a9d9f1083d8ca4cbf86f66c6b2633e242d96cd5ce6150738673ad28",
      "oracle": false,
      "canonical": false,
      "generated": false
    },
    {
      "label": "all-lengths-188",
      "input": "xxxxxxxxxxxxxxxxxxxxxxxxxxxxxxxxxxxxxxxxxxxxxxxxxxxxxxxxxxxxxxxxxxxxxxxxxxxxxxxxxxxxxxxxxxxxxxxxxxxxxxxxxxxxxxxxxxxxxxxxxxxxxxxxxxxxxxxxxxxxxxxxxxxxxxxxxxxxxxxxxxxxxxxxxxxxxxxxxxxxxxxxxxxx",
      "length": 188,
      "input_sha256": "22164b27558b40863b96c08934e7aee4ac48fce013bcdaac952aaf367811ce04",
      "oracle": false,
      "canonical": false,
      "generated": false
    },
    {
      "label": "all-lengths-189",
      "input": "xxxxxxxxxxxxxxxxxxxxxxxxxxxxxxxxxxxxxxxxxxxxxxxxxxxxxxxxxxxxxxxxxxxxxxxxxxxxxxxxxxxxxxxxxxxxxxxxxxxxxxxxxxxxxxxxxxxxxxxxxxxxxxxxxxxxxxxxxxxxxxxxxxxxxxxxxxxxxxxxxxxxxxxxxxxxxxxxxxxxxxxxxxxxx",
      "length": 189,
      "input_sha256": "53bd2d8b304f9a1481a8e3bd1b683442c76fa30332139ec1354796527955ffb0",
      "oracle": false,
      "canonical": false,
      "generated": false
    },
    {
      "label": "all-lengths-190",
      "input": "xxxxxxxxxxxxxxxxxxxxxxxxxxxxxxxxxxxxxxxxxxxxxxxxxxxxxxxxxxxxxxxxxxxxxxxxxxxxxxxxxxxxxxxxxxxxxxxxxxxxxxxxxxxxxxxxxxxxxxxxxxxxxxxxxxxxxxxxxxxxxxxxxxxxxxxxxxxxxxxxxxxxxxxxxxxxxxxxxxxxxxxxxxxxxx",
      "length": 190,
      "input_sha256": "66649f6338ac5e7d0447ccf7002ff5b84c59cae94941867435a50b19e595263b",
      "oracle": false,
      "canonical": false,
      "generated": false
    },
    {
      "label": "all-lengths-191",
      "input": "xxxxxxxxxxxxxxxxxxxxxxxxxxxxxxxxxxxxxxxxxxxxxxxxxxxxxxxxxxxxxxxxxxxxxxxxxxxxxxxxxxxxxxxxxxxxxxxxxxxxxxxxxxxxxxxxxxxxxxxxxxxxxxxxxxxxxxxxxxxxxxxxxxxxxxxxxxxxxxxxxxxxxxxxxxxxxxxxxxxxxxxxxxxxxxx",
      "length": 191,
      "input_sha256": "a4fd143dcb7cb51d322c1e2252027afce63f54209921b670a1991a535d5c17db",
      "oracle": true,
      "canonical": true,
      "generated": true
    },
    {
      "label": "all-lengths-192",
      "input": "xxxxxxxxxxxxxxxxxxxxxxxxxxxxxxxxxxxxxxxxxxxxxxxxxxxxxxxxxxxxxxxxxxxxxxxxxxxxxxxxxxxxxxxxxxxxxxxxxxxxxxxxxxxxxxxxxxxxxxxxxxxxxxxxxxxxxxxxxxxxxxxxxxxxxxxxxxxxxxxxxxxxxxxxxxxxxxxxxxxxxxxxxxxxxxxx",
      "length": 192,
      "input_sha256": "f5f3b40552876b425eea612377873720c5ab7b00c002f8ddf8f50417a02209fc",
      "oracle": false,
      "canonical": false,
      "generated": false
    },
    {
      "label": "all-lengths-193",
      "input": "xxxxxxxxxxxxxxxxxxxxxxxxxxxxxxxxxxxxxxxxxxxxxxxxxxxxxxxxxxxxxxxxxxxxxxxxxxxxxxxxxxxxxxxxxxxxxxxxxxxxxxxxxxxxxxxxxxxxxxxxxxxxxxxxxxxxxxxxxxxxxxxxxxxxxxxxxxxxxxxxxxxxxxxxxxxxxxxxxxxxxxxxxxxxxxxxx",
      "length": 193,
      "input_sha256": "9c34802e3a612ed72716817b69246b5b03ec794a593601057a5ba2346169d03a",
      "oracle": true,
      "canonical": true,
      "generated": true
    },
    {
      "label": "all-lengths-194",
      "input": "xxxxxxxxxxxxxxxxxxxxxxxxxxxxxxxxxxxxxxxxxxxxxxxxxxxxxxxxxxxxxxxxxxxxxxxxxxxxxxxxxxxxxxxxxxxxxxxxxxxxxxxxxxxxxxxxxxxxxxxxxxxxxxxxxxxxxxxxxxxxxxxxxxxxxxxxxxxxxxxxxxxxxxxxxxxxxxxxxxxxxxxxxxxxxxxxxx",
      "length": 194,
      "input_sha256": "945c919e0f2f0a75460832c20e82d4512a5adbf0c6cb1ec45c0fc06b6dd6adf7",
      "oracle": false,
      "canonical": false,
      "generated": false
    },
    {
      "label": "all-lengths-195",
      "input": "xxxxxxxxxxxxxxxxxxxxxxxxxxxxxxxxxxxxxxxxxxxxxxxxxxxxxxxxxxxxxxxxxxxxxxxxxxxxxxxxxxxxxxxxxxxxxxxxxxxxxxxxxxxxxxxxxxxxxxxxxxxxxxxxxxxxxxxxxxxxxxxxxxxxxxxxxxxxxxxxxxxxxxxxxxxxxxxxxxxxxxxxxxxxxxxxxxx",
      "length": 195,
      "input_sha256": "f6d860739371a23344dcba5c34c77fa7afc6b2cc451f193159ff1cd8bde6e7b8",
      "oracle": false,
      "canonical": false,
      "generated": false
    },
    {
      "label": "all-lengths-196",
      "input": "xxxxxxxxxxxxxxxxxxxxxxxxxxxxxxxxxxxxxxxxxxxxxxxxxxxxxxxxxxxxxxxxxxxxxxxxxxxxxxxxxxxxxxxxxxxxxxxxxxxxxxxxxxxxxxxxxxxxxxxxxxxxxxxxxxxxxxxxxxxxxxxxxxxxxxxxxxxxxxxxxxxxxxxxxxxxxxxxxxxxxxxxxxxxxxxxxxxx",
      "length": 196,
      "input_sha256": "e1e8d8b142d1103921b4da9776c5a5d9965a2d3ece9e18767bd61f123f25849a",
      "oracle": false,
      "canonical": false,
      "generated": false
    },
    {
      "label": "all-lengths-197",
      "input": "xxxxxxxxxxxxxxxxxxxxxxxxxxxxxxxxxxxxxxxxxxxxxxxxxxxxxxxxxxxxxxxxxxxxxxxxxxxxxxxxxxxxxxxxxxxxxxxxxxxxxxxxxxxxxxxxxxxxxxxxxxxxxxxxxxxxxxxxxxxxxxxxxxxxxxxxxxxxxxxxxxxxxxxxxxxxxxxxxxxxxxxxxxxxxxxxxxxxx",
      "length": 197,
      "input_sha256": "6e29b651b06e2d2b4aeb293f148e4ff37079e7f585ebd71a4139f6d11a40b8f6",
      "oracle": true,
      "canonical": true,
      "generated": true
    },
    {
      "label": "all-lengths-198",
      "input": "xxxxxxxxxxxxxxxxxxxxxxxxxxxxxxxxxxxxxxxxxxxxxxxxxxxxxxxxxxxxxxxxxxxxxxxxxxxxxxxxxxxxxxxxxxxxxxxxxxxxxxxxxxxxxxxxxxxxxxxxxxxxxxxxxxxxxxxxxxxxxxxxxxxxxxxxxxxxxxxxxxxxxxxxxxxxxxxxxxxxxxxxxxxxxxxxxxxxxx",
      "length": 198,
      "input_sha256": "d5ce2eeb818284e59b798a2bb276797b68f4fcd62f17170a23fb7f472c482960",
      "oracle": false,
      "canonical": false,
      "generated": false
    },
    {
      "label": "all-lengths-199",
      "input": "xxxxxxxxxxxxxxxxxxxxxxxxxxxxxxxxxxxxxxxxxxxxxxxxxxxxxxxxxxxxxxxxxxxxxxxxxxxxxxxxxxxxxxxxxxxxxxxxxxxxxxxxxxxxxxxxxxxxxxxxxxxxxxxxxxxxxxxxxxxxxxxxxxxxxxxxxxxxxxxxxxxxxxxxxxxxxxxxxxxxxxxxxxxxxxxxxxxxxxx",
      "length": 199,
      "input_sha256": "f18029ae3f973208860c668e7b0c042ef65cf2409d8532c0cfb1fb7de5a07f9e",
      "oracle": true,
      "canonical": true,
      "generated": true
    },
    {
      "label": "all-lengths-200",
      "input": "xxxxxxxxxxxxxxxxxxxxxxxxxxxxxxxxxxxxxxxxxxxxxxxxxxxxxxxxxxxxxxxxxxxxxxxxxxxxxxxxxxxxxxxxxxxxxxxxxxxxxxxxxxxxxxxxxxxxxxxxxxxxxxxxxxxxxxxxxxxxxxxxxxxxxxxxxxxxxxxxxxxxxxxxxxxxxxxxxxxxxxxxxxxxxxxxxxxxxxxx",
      "length": 200,
      "input_sha256": "aa20c23e3201834050679e1d88941b9a6fed0557c9a705cb2c315e2e63fd486d",
      "oracle": false,
      "canonical": false,
      "generated": false
    },
    {
      "label": "all-lengths-201",
      "input": "xxxxxxxxxxxxxxxxxxxxxxxxxxxxxxxxxxxxxxxxxxxxxxxxxxxxxxxxxxxxxxxxxxxxxxxxxxxxxxxxxxxxxxxxxxxxxxxxxxxxxxxxxxxxxxxxxxxxxxxxxxxxxxxxxxxxxxxxxxxxxxxxxxxxxxxxxxxxxxxxxxxxxxxxxxxxxxxxxxxxxxxxxxxxxxxxxxxxxxxxx",
      "length": 201,
      "input_sha256": "84a0678c90937f5dcf9994d5866668da6b995109c8ad845410559b48a4ecafed",
      "oracle": false,
      "canonical": false,
      "generated": false
    },
    {
      "label": "all-lengths-202",
      "input": "xxxxxxxxxxxxxxxxxxxxxxxxxxxxxxxxxxxxxxxxxxxxxxxxxxxxxxxxxxxxxxxxxxxxxxxxxxxxxxxxxxxxxxxxxxxxxxxxxxxxxxxxxxxxxxxxxxxxxxxxxxxxxxxxxxxxxxxxxxxxxxxxxxxxxxxxxxxxxxxxxxxxxxxxxxxxxxxxxxxxxxxxxxxxxxxxxxxxxxxxxx",
      "length": 202,
      "input_sha256": "f762e174a759e2f12443a528d26704fafafc66fd7850045d04dfcdff4bb03683",
      "oracle": false,
      "canonical": false,
      "generated": false
    },
    {
      "label": "all-lengths-203",
      "input": "xxxxxxxxxxxxxxxxxxxxxxxxxxxxxxxxxxxxxxxxxxxxxxxxxxxxxxxxxxxxxxxxxxxxxxxxxxxxxxxxxxxxxxxxxxxxxxxxxxxxxxxxxxxxxxxxxxxxxxxxxxxxxxxxxxxxxxxxxxxxxxxxxxxxxxxxxxxxxxxxxxxxxxxxxxxxxxxxxxxxxxxxxxxxxxxxxxxxxxxxxxx",
      "length": 203,
      "input_sha256": "027b724834785edc3ea88295f7902b22716eb05b4f27fb8bbc2c3abec7ca962c",
      "oracle": false,
      "canonical": false,
      "generated": false
    },
    {
      "label": "all-lengths-204",
      "input": "xxxxxxxxxxxxxxxxxxxxxxxxxxxxxxxxxxxxxxxxxxxxxxxxxxxxxxxxxxxxxxxxxxxxxxxxxxxxxxxxxxxxxxxxxxxxxxxxxxxxxxxxxxxxxxxxxxxxxxxxxxxxxxxxxxxxxxxxxxxxxxxxxxxxxxxxxxxxxxxxxxxxxxxxxxxxxxxxxxxxxxxxxxxxxxxxxxxxxxxxxxxx",
      "length": 204,
      "input_sha256": "60bb568e4c813506bfcc2a86d3f851cc1592aa634ede370bb8b86cb4f0f93fd1",
      "oracle": false,
      "canonical": false,
      "generated": false
    },
    {
      "label": "all-lengths-205",
      "input": "xxxxxxxxxxxxxxxxxxxxxxxxxxxxxxxxxxxxxxxxxxxxxxxxxxxxxxxxxxxxxxxxxxxxxxxxxxxxxxxxxxxxxxxxxxxxxxxxxxxxxxxxxxxxxxxxxxxxxxxxxxxxxxxxxxxxxxxxxxxxxxxxxxxxxxxxxxxxxxxxxxxxxxxxxxxxxxxxxxxxxxxxxxxxxxxxxxxxxxxxxxxxx",
      "length": 205,
      "input_sha256": "33f5317795897e10b26a58395fb15e1d568a73e9048917843cc640c96f9ea8e9",
      "oracle": false,
      "canonical": false,
      "generated": false
    },
    {
      "label": "all-lengths-206",
      "input": "xxxxxxxxxxxxxxxxxxxxxxxxxxxxxxxxxxxxxxxxxxxxxxxxxxxxxxxxxxxxxxxxxxxxxxxxxxxxxxxxxxxxxxxxxxxxxxxxxxxxxxxxxxxxxxxxxxxxxxxxxxxxxxxxxxxxxxxxxxxxxxxxxxxxxxxxxxxxxxxxxxxxxxxxxxxxxxxxxxxxxxxxxxxxxxxxxxxxxxxxxxxxxx",
      "length": 206,
      "input_sha256": "f5651cb9d1e41cce6d19b948bea966b90caf0e9441c190d3797362e0f9e5d262",
      "oracle": false,
      "canonical": false,
      "generated": false
    },
    {
      "label": "all-lengths-207",
      "input": "xxxxxxxxxxxxxxxxxxxxxxxxxxxxxxxxxxxxxxxxxxxxxxxxxxxxxxxxxxxxxxxxxxxxxxxxxxxxxxxxxxxxxxxxxxxxxxxxxxxxxxxxxxxxxxxxxxxxxxxxxxxxxxxxxxxxxxxxxxxxxxxxxxxxxxxxxxxxxxxxxxxxxxxxxxxxxxxxxxxxxxxxxxxxxxxxxxxxxxxxxxxxxxx",
      "length": 207,
      "input_sha256": "988bc94dd64a9a14cc83ce922eaba320ae80c0ebde3b1410f43a219812f4c05d",
      "oracle": false,
      "canonical": false,
      "generated": false
    },
    {
      "label": "all-lengths-208",
      "input": "xxxxxxxxxxxxxxxxxxxxxxxxxxxxxxxxxxxxxxxxxxxxxxxxxxxxxxxxxxxxxxxxxxxxxxxxxxxxxxxxxxxxxxxxxxxxxxxxxxxxxxxxxxxxxxxxxxxxxxxxxxxxxxxxxxxxxxxxxxxxxxxxxxxxxxxxxxxxxxxxxxxxxxxxxxxxxxxxxxxxxxxxxxxxxxxxxxxxxxxxxxxxxxxx",
      "length": 208,
      "input_sha256": "93ac4cc9358e7136ca4176612e60f8c0e0260ef507094879dd07694af55184e0",
      "oracle": false,
      "canonical": false,
      "generated": false
    },
    {
      "label": "all-lengths-209",
      "input": "xxxxxxxxxxxxxxxxxxxxxxxxxxxxxxxxxxxxxxxxxxxxxxxxxxxxxxxxxxxxxxxxxxxxxxxxxxxxxxxxxxxxxxxxxxxxxxxxxxxxxxxxxxxxxxxxxxxxxxxxxxxxxxxxxxxxxxxxxxxxxxxxxxxxxxxxxxxxxxxxxxxxxxxxxxxxxxxxxxxxxxxxxxxxxxxxxxxxxxxxxxxxxxxxx",
      "length": 209,
      "input_sha256": "951a0109e715e0e5d8952a6b5fc321086c52124211860e372f1def07ef077395",
      "oracle": false,
      "canonical": false,
      "generated": false
    },
    {
      "label": "all-lengths-210",
      "input": "xxxxxxxxxxxxxxxxxxxxxxxxxxxxxxxxxxxxxxxxxxxxxxxxxxxxxxxxxxxxxxxxxxxxxxxxxxxxxxxxxxxxxxxxxxxxxxxxxxxxxxxxxxxxxxxxxxxxxxxxxxxxxxxxxxxxxxxxxxxxxxxxxxxxxxxxxxxxxxxxxxxxxxxxxxxxxxxxxxxxxxxxxxxxxxxxxxxxxxxxxxxxxxxxxx",
      "length": 210,
      "input_sha256": "aa10a2d25d3640dd2f623b08c55799dc3308d19042cd4188583003deb8d2ec86",
      "oracle": false,
      "canonical": false,
      "generated": false
    },
    {
      "label": "all-lengths-211",
      "input": "xxxxxxxxxxxxxxxxxxxxxxxxxxxxxxxxxxxxxxxxxxxxxxxxxxxxxxxxxxxxxxxxxxxxxxxxxxxxxxxxxxxxxxxxxxxxxxxxxxxxxxxxxxxxxxxxxxxxxxxxxxxxxxxxxxxxxxxxxxxxxxxxxxxxxxxxxxxxxxxxxxxxxxxxxxxxxxxxxxxxxxxxxxxxxxxxxxxxxxxxxxxxxxxxxxx",
      "length": 211,
      "input_sha256": "30259479bee0331541f144e1936edff8f0141f7aa2dfb3edb7fd4b868216d067",
      "oracle": true,
      "canonical": true,
      "generated": true
    },
    {
      "label": "all-lengths-212",
      "input": "xxxxxxxxxxxxxxxxxxxxxxxxxxxxxxxxxxxxxxxxxxxxxxxxxxxxxxxxxxxxxxxxxxxxxxxxxxxxxxxxxxxxxxxxxxxxxxxxxxxxxxxxxxxxxxxxxxxxxxxxxxxxxxxxxxxxxxxxxxxxxxxxxxxxxxxxxxxxxxxxxxxxxxxxxxxxxxxxxxxxxxxxxxxxxxxxxxxxxxxxxxxxxxxxxxxx",
      "length": 212,
      "input_sha256": "dbf812e1cbe1f04d6b41f279863c38193d37ba062fc08ff9600e00fdc6c1f11d",
      "oracle": false,
      "canonical": false,
      "generated": false
    },
    {
      "label": "all-lengths-213",
      "input": "xxxxxxxxxxxxxxxxxxxxxxxxxxxxxxxxxxxxxxxxxxxxxxxxxxxxxxxxxxxxxxxxxxxxxxxxxxxxxxxxxxxxxxxxxxxxxxxxxxxxxxxxxxxxxxxxxxxxxxxxxxxxxxxxxxxxxxxxxxxxxxxxxxxxxxxxxxxxxxxxxxxxxxxxxxxxxxxxxxxxxxxxxxxxxxxxxxxxxxxxxxxxxxxxxxxxx",
      "length": 213,
      "input_sha256": "ec8432afd4e4d52395b61b5578abbb089a3745958ad4fed10433610000b06f84",
      "oracle": false,
      "canonical": false,
      "generated": false
    },
    {
      "label": "all-lengths-214",
      "input": "xxxxxxxxxxxxxxxxxxxxxxxxxxxxxxxxxxxxxxxxxxxxxxxxxxxxxxxxxxxxxxxxxxxxxxxxxxxxxxxxxxxxxxxxxxxxxxxxxxxxxxxxxxxxxxxxxxxxxxxxxxxxxxxxxxxxxxxxxxxxxxxxxxxxxxxxxxxxxxxxxxxxxxxxxxxxxxxxxxxxxxxxxxxxxxxxxxxxxxxxxxxxxxxxxxxxxx",
      "length": 214,
      "input_sha256": "0b93f4b9b0255a8d3c98003a6972b32b92202214297220fffc1c46350ccc7441",
      "oracle": false,
      "canonical": false,
      "generated": false
    },
    {
      "label": "all-lengths-215",
      "input": "xxxxxxxxxxxxxxxxxxxxxxxxxxxxxxxxxxxxxxxxxxxxxxxxxxxxxxxxxxxxxxxxxxxxxxxxxxxxxxxxxxxxxxxxxxxxxxxxxxxxxxxxxxxxxxxxxxxxxxxxxxxxxxxxxxxxxxxxxxxxxxxxxxxxxxxxxxxxxxxxxxxxxxxxxxxxxxxxxxxxxxxxxxxxxxxxxxxxxxxxxxxxxxxxxxxxxxx",
      "length": 215,
      "input_sha256": "492acffbcbd0d8eb587eff234716c70b64e9608aad42fd28e507caae730e9dae",
      "oracle": false,
      "canonical": false,
      "generated": false
    },
    {
      "label": "all-lengths-216",
      "input": "xxxxxxxxxxxxxxxxxxxxxxxxxxxxxxxxxxxxxxxxxxxxxxxxxxxxxxxxxxxxxxxxxxxxxxxxxxxxxxxxxxxxxxxxxxxxxxxxxxxxxxxxxxxxxxxxxxxxxxxxxxxxxxxxxxxxxxxxxxxxxxxxxxxxxxxxxxxxxxxxxxxxxxxxxxxxxxxxxxxxxxxxxxxxxxxxxxxxxxxxxxxxxxxxxxxxxxxx",
      "length": 216,
      "input_sha256": "475dbd9278ce464097f8dd241b088ac96615bfdea9e496bc05828aca94aabfca",
      "oracle": false,
      "canonical": false,
      "generated": false
    },
    {
      "label": "all-lengths-217",
      "input": "xxxxxxxxxxxxxxxxxxxxxxxxxxxxxxxxxxxxxxxxxxxxxxxxxxxxxxxxxxxxxxxxxxxxxxxxxxxxxxxxxxxxxxxxxxxxxxxxxxxxxxxxxxxxxxxxxxxxxxxxxxxxxxxxxxxxxxxxxxxxxxxxxxxxxxxxxxxxxxxxxxxxxxxxxxxxxxxxxxxxxxxxxxxxxxxxxxxxxxxxxxxxxxxxxxxxxxxxx",
      "length": 217,
      "input_sha256": "9193d133dc41fcb4e318fa3db7ae58136b9d376bc0a611b8069af829a4a7d04e",
      "oracle": false,
      "canonical": false,
      "generated": false
    },
    {
      "label": "all-lengths-218",
      "input": "xxxxxxxxxxxxxxxxxxxxxxxxxxxxxxxxxxxxxxxxxxxxxxxxxxxxxxxxxxxxxxxxxxxxxxxxxxxxxxxxxxxxxxxxxxxxxxxxxxxxxxxxxxxxxxxxxxxxxxxxxxxxxxxxxxxxxxxxxxxxxxxxxxxxxxxxxxxxxxxxxxxxxxxxxxxxxxxxxxxxxxxxxxxxxxxxxxxxxxxxxxxxxxxxxxxxxxxxxx",
      "length": 218,
      "input_sha256": "2a736d96321d18ed0c31562a5e97e32ea728e950f32b94036103a3fe83efb4d5",
      "oracle": false,
      "canonical": false,
      "generated": false
    },
    {
      "label": "all-lengths-219",
      "input": "xxxxxxxxxxxxxxxxxxxxxxxxxxxxxxxxxxxxxxxxxxxxxxxxxxxxxxxxxxxxxxxxxxxxxxxxxxxxxxxxxxxxxxxxxxxxxxxxxxxxxxxxxxxxxxxxxxxxxxxxxxxxxxxxxxxxxxxxxxxxxxxxxxxxxxxxxxxxxxxxxxxxxxxxxxxxxxxxxxxxxxxxxxxxxxxxxxxxxxxxxxxxxxxxxxxxxxxxxxx",
      "length": 219,
      "input_sha256": "31508e18e2c6f1f4af69ddccfc87bc00c168574da3ef5909148625cc3e449e30",
      "oracle": false,
      "canonical": false,
      "generated": false
    },
    {
      "label": "all-lengths-220",
      "input": "xxxxxxxxxxxxxxxxxxxxxxxxxxxxxxxxxxxxxxxxxxxxxxxxxxxxxxxxxxxxxxxxxxxxxxxxxxxxxxxxxxxxxxxxxxxxxxxxxxxxxxxxxxxxxxxxxxxxxxxxxxxxxxxxxxxxxxxxxxxxxxxxxxxxxxxxxxxxxxxxxxxxxxxxxxxxxxxxxxxxxxxxxxxxxxxxxxxxxxxxxxxxxxxxxxxxxxxxxxxx",
      "length": 220,
      "input_sha256": "532fa980286a8e43c63618f31f43471f48a2abf796451be29e1e4fd283b1e028",
      "oracle": false,
      "canonical": false,
      "generated": false
    },
    {
      "label": "all-lengths-221",
      "input": "xxxxxxxxxxxxxxxxxxxxxxxxxxxxxxxxxxxxxxxxxxxxxxxxxxxxxxxxxxxxxxxxxxxxxxxxxxxxxxxxxxxxxxxxxxxxxxxxxxxxxxxxxxxxxxxxxxxxxxxxxxxxxxxxxxxxxxxxxxxxxxxxxxxxxxxxxxxxxxxxxxxxxxxxxxxxxxxxxxxxxxxxxxxxxxxxxxxxxxxxxxxxxxxxxxxxxxxxxxxxx",
      "length": 221,
      "input_sha256": "6afaec1eb08c42bed364de44fab7b0340a77bc8096f137423929e21490ac80ee",
      "oracle": false,
      "canonical": false,
      "generated": false
    },
    {
      "label": "all-lengths-222",
      "input": "xxxxxxxxxxxxxxxxxxxxxxxxxxxxxxxxxxxxxxxxxxxxxxxxxxxxxxxxxxxxxxxxxxxxxxxxxxxxxxxxxxxxxxxxxxxxxxxxxxxxxxxxxxxxxxxxxxxxxxxxxxxxxxxxxxxxxxxxxxxxxxxxxxxxxxxxxxxxxxxxxxxxxxxxxxxxxxxxxxxxxxxxxxxxxxxxxxxxxxxxxxxxxxxxxxxxxxxxxxxxxx",
      "length": 222,
      "input_sha256": "28389eae88040c0933930efcc824a2124f466a545606352953e0ec70916ba09a",
      "oracle": false,
      "canonical": false,
      "generated": false
    },
    {
      "label": "all-lengths-223",
      "input": "xxxxxxxxxxxxxxxxxxxxxxxxxxxxxxxxxxxxxxxxxxxxxxxxxxxxxxxxxxxxxxxxxxxxxxxxxxxxxxxxxxxxxxxxxxxxxxxxxxxxxxxxxxxxxxxxxxxxxxxxxxxxxxxxxxxxxxxxxxxxxxxxxxxxxxxxxxxxxxxxxxxxxxxxxxxxxxxxxxxxxxxxxxxxxxxxxxxxxxxxxxxxxxxxxxxxxxxxxxxxxxx",
      "length": 223,
      "input_sha256": "b392c1c5a636edf049e30f9744264fd644d356fc891c5cc13899b2a92ed5db01",
      "oracle": true,
      "canonical": true,
      "generated": true
    },
    {
      "label": "all-lengths-224",
      "input": "xxxxxxxxxxxxxxxxxxxxxxxxxxxxxxxxxxxxxxxxxxxxxxxxxxxxxxxxxxxxxxxxxxxxxxxxxxxxxxxxxxxxxxxxxxxxxxxxxxxxxxxxxxxxxxxxxxxxxxxxxxxxxxxxxxxxxxxxxxxxxxxxxxxxxxxxxxxxxxxxxxxxxxxxxxxxxxxxxxxxxxxxxxxxxxxxxxxxxxxxxxxxxxxxxxxxxxxxxxxxxxxx",
      "length": 224,
      "input_sha256": "916e085a6ca227ad184366ea1d790afc510d2c68f0fba9fbbde8652ad804a9de",
      "oracle": false,
      "canonical": false,
      "generated": false
    },
    {
      "label": "all-lengths-225",
      "input": "xxxxxxxxxxxxxxxxxxxxxxxxxxxxxxxxxxxxxxxxxxxxxxxxxxxxxxxxxxxxxxxxxxxxxxxxxxxxxxxxxxxxxxxxxxxxxxxxxxxxxxxxxxxxxxxxxxxxxxxxxxxxxxxxxxxxxxxxxxxxxxxxxxxxxxxxxxxxxxxxxxxxxxxxxxxxxxxxxxxxxxxxxxxxxxxxxxxxxxxxxxxxxxxxxxxxxxxxxxxxxxxxx",
      "length": 225,
      "input_sha256": "9c759614f882a14c8c23d485ca2f3a9d52c3657642abf9fe0eae3800bce1ef09",
      "oracle": false,
      "canonical": false,
      "generated": false
    },
    {
      "label": "all-lengths-226",
      "input": "xxxxxxxxxxxxxxxxxxxxxxxxxxxxxxxxxxxxxxxxxxxxxxxxxxxxxxxxxxxxxxxxxxxxxxxxxxxxxxxxxxxxxxxxxxxxxxxxxxxxxxxxxxxxxxxxxxxxxxxxxxxxxxxxxxxxxxxxxxxxxxxxxxxxxxxxxxxxxxxxxxxxxxxxxxxxxxxxxxxxxxxxxxxxxxxxxxxxxxxxxxxxxxxxxxxxxxxxxxxxxxxxxx",
      "length": 226,
      "input_sha256": "bd2b5461f86034b167c38c023af2e19c2d055e0f652ce58462b508ec58e45036",
      "oracle": false,
      "canonical": false,
      "generated": false
    },
    {
      "label": "all-lengths-227",
      "input": "xxxxxxxxxxxxxxxxxxxxxxxxxxxxxxxxxxxxxxxxxxxxxxxxxxxxxxxxxxxxxxxxxxxxxxxxxxxxxxxxxxxxxxxxxxxxxxxxxxxxxxxxxxxxxxxxxxxxxxxxxxxxxxxxxxxxxxxxxxxxxxxxxxxxxxxxxxxxxxxxxxxxxxxxxxxxxxxxxxxxxxxxxxxxxxxxxxxxxxxxxxxxxxxxxxxxxxxxxxxxxxxxxxx",
      "length": 227,
      "input_sha256": "8059b350cbe810fb2eba137033b8974294668f5f8e02d55f917b8ca9b5fd61ea",
      "oracle": true,
      "canonical": true,
      "generated": true
    },
    {
      "label": "all-lengths-228",
      "input": "xxxxxxxxxxxxxxxxxxxxxxxxxxxxxxxxxxxxxxxxxxxxxxxxxxxxxxxxxxxxxxxxxxxxxxxxxxxxxxxxxxxxxxxxxxxxxxxxxxxxxxxxxxxxxxxxxxxxxxxxxxxxxxxxxxxxxxxxxxxxxxxxxxxxxxxxxxxxxxxxxxxxxxxxxxxxxxxxxxxxxxxxxxxxxxxxxxxxxxxxxxxxxxxxxxxxxxxxxxxxxxxxxxxx",
      "length": 228,
      "input_sha256": "4c109ee9c37d099f86467170922a9c5c6778694f8061c1738a328db54636857f",
      "oracle": false,
      "canonical": false,
      "generated": false
    },
    {
      "label": "all-lengths-229",
      "input": "xxxxxxxxxxxxxxxxxxxxxxxxxxxxxxxxxxxxxxxxxxxxxxxxxxxxxxxxxxxxxxxxxxxxxxxxxxxxxxxxxxxxxxxxxxxxxxxxxxxxxxxxxxxxxxxxxxxxxxxxxxxxxxxxxxxxxxxxxxxxxxxxxxxxxxxxxxxxxxxxxxxxxxxxxxxxxxxxxxxxxxxxxxxxxxxxxxxxxxxxxxxxxxxxxxxxxxxxxxxxxxxxxxxxx",
      "length": 229,
      "input_sha256": "50941af72578211ff0228decdc38e3c0d3e6b39ba53a5fd3d922e36db59f1a03",
      "oracle": true,
      "canonical": true,
      "generated": true
    },
    {
      "label": "all-lengths-230",
      "input": "xxxxxxxxxxxxxxxxxxxxxxxxxxxxxxxxxxxxxxxxxxxxxxxxxxxxxxxxxxxxxxxxxxxxxxxxxxxxxxxxxxxxxxxxxxxxxxxxxxxxxxxxxxxxxxxxxxxxxxxxxxxxxxxxxxxxxxxxxxxxxxxxxxxxxxxxxxxxxxxxxxxxxxxxxxxxxxxxxxxxxxxxxxxxxxxxxxxxxxxxxxxxxxxxxxxxxxxxxxxxxxxxxxxxxx",
      "length": 230,
      "input_sha256": "17f5e6ed54a8109d97483057fd3282449a6f4ebaf8d567c66893e23bdfe5fd3b",
      "oracle": false,
      "canonical": false,
      "generated": false
    },
    {
      "label": "all-lengths-231",
      "input": "xxxxxxxxxxxxxxxxxxxxxxxxxxxxxxxxxxxxxxxxxxxxxxxxxxxxxxxxxxxxxxxxxxxxxxxxxxxxxxxxxxxxxxxxxxxxxxxxxxxxxxxxxxxxxxxxxxxxxxxxxxxxxxxxxxxxxxxxxxxxxxxxxxxxxxxxxxxxxxxxxxxxxxxxxxxxxxxxxxxxxxxxxxxxxxxxxxxxxxxxxxxxxxxxxxxxxxxxxxxxxxxxxxxxxxx",
      "length": 231,
      "input_sha256": "878c7f63377500d8ebc717dfba9bf20adf54d69d3c1229516c2d2e5c81e2303d",
      "oracle": false,
      "canonical": false,
      "generated": false
    },
    {
      "label": "all-lengths-232",
      "input": "xxxxxxxxxxxxxxxxxxxxxxxxxxxxxxxxxxxxxxxxxxxxxxxxxxxxxxxxxxxxxxxxxxxxxxxxxxxxxxxxxxxxxxxxxxxxxxxxxxxxxxxxxxxxxxxxxxxxxxxxxxxxxxxxxxxxxxxxxxxxxxxxxxxxxxxxxxxxxxxxxxxxxxxxxxxxxxxxxxxxxxxxxxxxxxxxxxxxxxxxxxxxxxxxxxxxxxxxxxxxxxxxxxxxxxxx",
      "length": 232,
      "input_sha256": "3bc7023db4ecc88ce3bbf1bddbc138cb6b610f2e823b2b252725af1467b1e40f",
      "oracle": false,
      "canonical": false,
      "generated": false
    },
    {
      "label": "all-lengths-233",
      "input": "xxxxxxxxxxxxxxxxxxxxxxxxxxxxxxxxxxxxxxxxxxxxxxxxxxxxxxxxxxxxxxxxxxxxxxxxxxxxxxxxxxxxxxxxxxxxxxxxxxxxxxxxxxxxxxxxxxxxxxxxxxxxxxxxxxxxxxxxxxxxxxxxxxxxxxxxxxxxxxxxxxxxxxxxxxxxxxxxxxxxxxxxxxxxxxxxxxxxxxxxxxxxxxxxxxxxxxxxxxxxxxxxxxxxxxxxx",
      "length": 233,
      "input_sha256": "fafd4e42e5c49f68401ae406d8bf2ba2c420ee12937a373a848ac41cc61eed90",
      "oracle": true,
      "canonical": true,
      "generated": true
    },
    {
      "label": "all-lengths-234",
      "input": "xxxxxxxxxxxxxxxxxxxxxxxxxxxxxxxxxxxxxxxxxxxxxxxxxxxxxxxxxxxxxxxxxxxxxxxxxxxxxxxxxxxxxxxxxxxxxxxxxxxxxxxxxxxxxxxxxxxxxxxxxxxxxxxxxxxxxxxxxxxxxxxxxxxxxxxxxxxxxxxxxxxxxxxxxxxxxxxxxxxxxxxxxxxxxxxxxxxxxxxxxxxxxxxxxxxxxxxxxxxxxxxxxxxxxxxxxx",
      "length": 234,
      "input_sha256": "5e49947899449e853405aa8c52d35998bcc003fd1299e721f6990b38a698ca6c",
      "oracle": false,
      "canonical": false,
      "generated": false
    },
    {
      "label": "all-lengths-235",
      "input": "xxxxxxxxxxxxxxxxxxxxxxxxxxxxxxxxxxxxxxxxxxxxxxxxxxxxxxxxxxxxxxxxxxxxxxxxxxxxxxxxxxxxxxxxxxxxxxxxxxxxxxxxxxxxxxxxxxxxxxxxxxxxxxxxxxxxxxxxxxxxxxxxxxxxxxxxxxxxxxxxxxxxxxxxxxxxxxxxxxxxxxxxxxxxxxxxxxxxxxxxxxxxxxxxxxxxxxxxxxxxxxxxxxxxxxxxxxx",
      "length": 235,
      "input_sha256": "7b03ee1bd62f265074b2256424fc587b08615bf88162ac09d8d9236ad00a8c8a",
      "oracle": false,
      "canonical": false,
      "generated": false
    },
    {
      "label": "all-lengths-236",
      "input": "xxxxxxxxxxxxxxxxxxxxxxxxxxxxxxxxxxxxxxxxxxxxxxxxxxxxxxxxxxxxxxxxxxxxxxxxxxxxxxxxxxxxxxxxxxxxxxxxxxxxxxxxxxxxxxxxxxxxxxxxxxxxxxxxxxxxxxxxxxxxxxxxxxxxxxxxxxxxxxxxxxxxxxxxxxxxxxxxxxxxxxxxxxxxxxxxxxxxxxxxxxxxxxxxxxxxxxxxxxxxxxxxxxxxxxxxxxxx",
      "length": 236,
      "input_sha256": "c74de318f495af8f426fcd9e9a075191f111059b0e97c7937dd4ddcff4654b1e",
      "oracle": false,
      "canonical": false,
      "generated": false
    },
    {
      "label": "all-lengths-237",
      "input": "xxxxxxxxxxxxxxxxxxxxxxxxxxxxxxxxxxxxxxxxxxxxxxxxxxxxxxxxxxxxxxxxxxxxxxxxxxxxxxxxxxxxxxxxxxxxxxxxxxxxxxxxxxxxxxxxxxxxxxxxxxxxxxxxxxxxxxxxxxxxxxxxxxxxxxxxxxxxxxxxxxxxxxxxxxxxxxxxxxxxxxxxxxxxxxxxxxxxxxxxxxxxxxxxxxxxxxxxxxxxxxxxxxxxxxxxxxxxx",
      "length": 237,
      "input_sha256": "5d662be77159c496ab42dfd03f7e8da44ffbf33885b93f5c955ec3ad1d6a532b",
      "oracle": false,
      "canonical": false,
      "generated": false
    },
    {
      "label": "all-lengths-238",
      "input": "xxxxxxxxxxxxxxxxxxxxxxxxxxxxxxxxxxxxxxxxxxxxxxxxxxxxxxxxxxxxxxxxxxxxxxxxxxxxxxxxxxxxxxxxxxxxxxxxxxxxxxxxxxxxxxxxxxxxxxxxxxxxxxxxxxxxxxxxxxxxxxxxxxxxxxxxxxxxxxxxxxxxxxxxxxxxxxxxxxxxxxxxxxxxxxxxxxxxxxxxxxxxxxxxxxxxxxxxxxxxxxxxxxxxxxxxxxxxxx",
      "length": 238,
      "input_sha256": "267bcbe7723ca36fd08dfa4048f405865b7a0a64e9d38c8d30aab166cd075b03",
      "oracle": false,
      "canonical": false,
      "generated": false
    },
    {
      "label": "all-lengths-239",
      "input": "xxxxxxxxxxxxxxxxxxxxxxxxxxxxxxxxxxxxxxxxxxxxxxxxxxxxxxxxxxxxxxxxxxxxxxxxxxxxxxxxxxxxxxxxxxxxxxxxxxxxxxxxxxxxxxxxxxxxxxxxxxxxxxxxxxxxxxxxxxxxxxxxxxxxxxxxxxxxxxxxxxxxxxxxxxxxxxxxxxxxxxxxxxxxxxxxxxxxxxxxxxxxxxxxxxxxxxxxxxxxxxxxxxxxxxxxxxxxxxx",
      "length": 239,
      "input_sha256": "d959a0932265e47f8a755175668180a24fe5cb2892b35050659b000913a85f00",
      "oracle": true,
      "canonical": true,
      "generated": true
    },
    {
      "label": "all-lengths-240",
      "input": "xxxxxxxxxxxxxxxxxxxxxxxxxxxxxxxxxxxxxxxxxxxxxxxxxxxxxxxxxxxxxxxxxxxxxxxxxxxxxxxxxxxxxxxxxxxxxxxxxxxxxxxxxxxxxxxxxxxxxxxxxxxxxxxxxxxxxxxxxxxxxxxxxxxxxxxxxxxxxxxxxxxxxxxxxxxxxxxxxxxxxxxxxxxxxxxxxxxxxxxxxxxxxxxxxxxxxxxxxxxxxxxxxxxxxxxxxxxxxxxx",
      "length": 240,
      "input_sha256": "718df6704d8a06104f8188195d17166c1276cffc91da8c756b925d29dcc60a71",
      "oracle": false,
      "canonical": false,
      "generated": false
    },
    {
      "label": "all-lengths-241",
      "input": "xxxxxxxxxxxxxxxxxxxxxxxxxxxxxxxxxxxxxxxxxxxxxxxxxxxxxxxxxxxxxxxxxxxxxxxxxxxxxxxxxxxxxxxxxxxxxxxxxxxxxxxxxxxxxxxxxxxxxxxxxxxxxxxxxxxxxxxxxxxxxxxxxxxxxxxxxxxxxxxxxxxxxxxxxxxxxxxxxxxxxxxxxxxxxxxxxxxxxxxxxxxxxxxxxxxxxxxxxxxxxxxxxxxxxxxxxxxxxxxxx",
      "length": 241,
      "input_sha256": "7dbf05774ebc8b0213e8f74d789e344714ca95a03e019d92c8d48365045b7989",
      "oracle": true,
      "canonical": true,
      "generated": true
    },
    {
      "label": "all-lengths-242",
      "input": "xxxxxxxxxxxxxxxxxxxxxxxxxxxxxxxxxxxxxxxxxxxxxxxxxxxxxxxxxxxxxxxxxxxxxxxxxxxxxxxxxxxxxxxxxxxxxxxxxxxxxxxxxxxxxxxxxxxxxxxxxxxxxxxxxxxxxxxxxxxxxxxxxxxxxxxxxxxxxxxxxxxxxxxxxxxxxxxxxxxxxxxxxxxxxxxxxxxxxxxxxxxxxxxxxxxxxxxxxxxxxxxxxxxxxxxxxxxxxxxxxx",
      "length": 242,
      "input_sha256": "0b20eb0ffd72a9185a804c53d9cf12804bf5939894cff48f48ef85c0d35dc185",
      "oracle": false,
      "canonical": false,
      "generated": false
    },
    {
      "label": "all-lengths-243",
      "input": "xxxxxxxxxxxxxxxxxxxxxxxxxxxxxxxxxxxxxxxxxxxxxxxxxxxxxxxxxxxxxxxxxxxxxxxxxxxxxxxxxxxxxxxxxxxxxxxxxxxxxxxxxxxxxxxxxxxxxxxxxxxxxxxxxxxxxxxxxxxxxxxxxxxxxxxxxxxxxxxxxxxxxxxxxxxxxxxxxxxxxxxxxxxxxxxxxxxxxxxxxxxxxxxxxxxxxxxxxxxxxxxxxxxxxxxxxxxxxxxxxxx",
      "length": 243,
      "input_sha256": "c79ef50c6dde949b35f5e2858758b71675fcfae2526c6c2f8b5196ba6bc8a0a3",
      "oracle": false,
      "canonical": false,
      "generated": false
    },
    {
      "label": "all-lengths-244",
      "input": "xxxxxxxxxxxxxxxxxxxxxxxxxxxxxxxxxxxxxxxxxxxxxxxxxxxxxxxxxxxxxxxxxxxxxxxxxxxxxxxxxxxxxxxxxxxxxxxxxxxxxxxxxxxxxxxxxxxxxxxxxxxxxxxxxxxxxxxxxxxxxxxxxxxxxxxxxxxxxxxxxxxxxxxxxxxxxxxxxxxxxxxxxxxxxxxxxxxxxxxxxxxxxxxxxxxxxxxxxxxxxxxxxxxxxxxxxxxxxxxxxxxx",
      "length": 244,
      "input_sha256": "7d19aed0baf5bdab6f3aa03abd0e016393deecf7d2191dbbe1e8cbab6586f879",
      "oracle": false,
      "canonical": false,
      "generated": false
    },
    {
      "label": "all-lengths-245",
      "input": "xxxxxxxxxxxxxxxxxxxxxxxxxxxxxxxxxxxxxxxxxxxxxxxxxxxxxxxxxxxxxxxxxxxxxxxxxxxxxxxxxxxxxxxxxxxxxxxxxxxxxxxxxxxxxxxxxxxxxxxxxxxxxxxxxxxxxxxxxxxxxxxxxxxxxxxxxxxxxxxxxxxxxxxxxxxxxxxxxxxxxxxxxxxxxxxxxxxxxxxxxxxxxxxxxxxxxxxxxxxxxxxxxxxxxxxxxxxxxxxxxxxxx",
      "length": 245,
      "input_sha256": "becad1fd31bd361e30adaa11df969d1d1d1e2cdfe80e5c4bcd8329c1ceeb71f3",
      "oracle": false,
      "canonical": false,
      "generated": false
    },
    {
      "label": "all-lengths-246",
      "input": "xxxxxxxxxxxxxxxxxxxxxxxxxxxxxxxxxxxxxxxxxxxxxxxxxxxxxxxxxxxxxxxxxxxxxxxxxxxxxxxxxxxxxxxxxxxxxxxxxxxxxxxxxxxxxxxxxxxxxxxxxxxxxxxxxxxxxxxxxxxxxxxxxxxxxxxxxxxxxxxxxxxxxxxxxxxxxxxxxxxxxxxxxxxxxxxxxxxxxxxxxxxxxxxxxxxxxxxxxxxxxxxxxxxxxxxxxxxxxxxxxxxxxx",
      "length": 246,
      "input_sha256": "8cc53d6331e742b5f588efbc3b1f9c554d8c2af305a28394b9ddc33ddc897b44",
      "oracle": false,
      "canonical": false,
      "generated": false
    },
    {
      "label": "all-lengths-247",
      "input": "xxxxxxxxxxxxxxxxxxxxxxxxxxxxxxxxxxxxxxxxxxxxxxxxxxxxxxxxxxxxxxxxxxxxxxxxxxxxxxxxxxxxxxxxxxxxxxxxxxxxxxxxxxxxxxxxxxxxxxxxxxxxxxxxxxxxxxxxxxxxxxxxxxxxxxxxxxxxxxxxxxxxxxxxxxxxxxxxxxxxxxxxxxxxxxxxxxxxxxxxxxxxxxxxxxxxxxxxxxxxxxxxxxxxxxxxxxxxxxxxxxxxxxx",
      "length": 247,
      "input_sha256": "d081fd14046d4a496161597b406c3e0fd8cb30ae181f84799ed667a904e8bd6d",
      "oracle": false,
      "canonical": false,
      "generated": false
    },
    {
      "label": "all-lengths-248",
      "input": "xxxxxxxxxxxxxxxxxxxxxxxxxxxxxxxxxxxxxxxxxxxxxxxxxxxxxxxxxxxxxxxxxxxxxxxxxxxxxxxxxxxxxxxxxxxxxxxxxxxxxxxxxxxxxxxxxxxxxxxxxxxxxxxxxxxxxxxxxxxxxxxxxxxxxxxxxxxxxxxxxxxxxxxxxxxxxxxxxxxxxxxxxxxxxxxxxxxxxxxxxxxxxxxxxxxxxxxxxxxxxxxxxxxxxxxxxxxxxxxxxxxxxxxx",
      "length": 248,
      "input_sha256": "c7f9b244448c356a7c5c8310c9142aa34ae4d922988c1cd8bd6943aa5cbf4489",
      "oracle": false,
      "canonical": false,
      "generated": false
    },
    {
      "label": "all-lengths-249",
      "input": "xxxxxxxxxxxxxxxxxxxxxxxxxxxxxxxxxxxxxxxxxxxxxxxxxxxxxxxxxxxxxxxxxxxxxxxxxxxxxxxxxxxxxxxxxxxxxxxxxxxxxxxxxxxxxxxxxxxxxxxxxxxxxxxxxxxxxxxxxxxxxxxxxxxxxxxxxxxxxxxxxxxxxxxxxxxxxxxxxxxxxxxxxxxxxxxxxxxxxxxxxxxxxxxxxxxxxxxxxxxxxxxxxxxxxxxxxxxxxxxxxxxxxxxxx",
      "length": 249,
      "input_sha256": "e1c28f9cebdaad582ee6a5a4f35d3013f625ff5bf09840e9041fa76e9b95d43c",
      "oracle": false,
      "canonical": false,
      "generated": false
    },
    {
      "label": "all-lengths-250",
      "input": "xxxxxxxxxxxxxxxxxxxxxxxxxxxxxxxxxxxxxxxxxxxxxxxxxxxxxxxxxxxxxxxxxxxxxxxxxxxxxxxxxxxxxxxxxxxxxxxxxxxxxxxxxxxxxxxxxxxxxxxxxxxxxxxxxxxxxxxxxxxxxxxxxxxxxxxxxxxxxxxxxxxxxxxxxxxxxxxxxxxxxxxxxxxxxxxxxxxxxxxxxxxxxxxxxxxxxxxxxxxxxxxxxxxxxxxxxxxxxxxxxxxxxxxxxx",
      "length": 250,
      "input_sha256": "086d4a1c293bde318dc1fec9a21b9d828ba7637bcbdc5cdb42662fd84b733e9f",
      "oracle": false,
      "canonical": false,
      "generated": false
    },
    {
      "label": "all-lengths-251",
      "input": "xxxxxxxxxxxxxxxxxxxxxxxxxxxxxxxxxxxxxxxxxxxxxxxxxxxxxxxxxxxxxxxxxxxxxxxxxxxxxxxxxxxxxxxxxxxxxxxxxxxxxxxxxxxxxxxxxxxxxxxxxxxxxxxxxxxxxxxxxxxxxxxxxxxxxxxxxxxxxxxxxxxxxxxxxxxxxxxxxxxxxxxxxxxxxxxxxxxxxxxxxxxxxxxxxxxxxxxxxxxxxxxxxxxxxxxxxxxxxxxxxxxxxxxxxxx",
      "length": 251,
      "input_sha256": "90d738c31c5ee1241cbcd2ff3d4aa1257ba5b7d717c545c397d37dc060ecf7ff",
      "oracle": true,
      "canonical": true,
      "generated": true
    },
    {
      "label": "all-lengths-252",
      "input": "xxxxxxxxxxxxxxxxxxxxxxxxxxxxxxxxxxxxxxxxxxxxxxxxxxxxxxxxxxxxxxxxxxxxxxxxxxxxxxxxxxxxxxxxxxxxxxxxxxxxxxxxxxxxxxxxxxxxxxxxxxxxxxxxxxxxxxxxxxxxxxxxxxxxxxxxxxxxxxxxxxxxxxxxxxxxxxxxxxxxxxxxxxxxxxxxxxxxxxxxxxxxxxxxxxxxxxxxxxxxxxxxxxxxxxxxxxxxxxxxxxxxxxxxxxxx",
      "length": 252,
      "input_sha256": "d4e4680fda132078b04db757a09faeee1e9824a84057a627f366d0bd317f01b0",
      "oracle": false,
      "canonical": false,
      "generated": false
    },
    {
      "label": "all-lengths-253",
      "input": "xxxxxxxxxxxxxxxxxxxxxxxxxxxxxxxxxxxxxxxxxxxxxxxxxxxxxxxxxxxxxxxxxxxxxxxxxxxxxxxxxxxxxxxxxxxxxxxxxxxxxxxxxxxxxxxxxxxxxxxxxxxxxxxxxxxxxxxxxxxxxxxxxxxxxxxxxxxxxxxxxxxxxxxxxxxxxxxxxxxxxxxxxxxxxxxxxxxxxxxxxxxxxxxxxxxxxxxxxxxxxxxxxxxxxxxxxxxxxxxxxxxxxxxxxxxxx",
      "length": 253,
      "input_sha256": "1329e1bd71a6a7b275594ffb7ac73e14c4205c25a39efb2f0e3f2a1b6c7b5856",
      "oracle": false,
      "canonical": false,
      "generated": false
    },
    {
      "label": "all-lengths-254",
      "input": "xxxxxxxxxxxxxxxxxxxxxxxxxxxxxxxxxxxxxxxxxxxxxxxxxxxxxxxxxxxxxxxxxxxxxxxxxxxxxxxxxxxxxxxxxxxxxxxxxxxxxxxxxxxxxxxxxxxxxxxxxxxxxxxxxxxxxxxxxxxxxxxxxxxxxxxxxxxxxxxxxxxxxxxxxxxxxxxxxxxxxxxxxxxxxxxxxxxxxxxxxxxxxxxxxxxxxxxxxxxxxxxxxxxxxxxxxxxxxxxxxxxxxxxxxxxxxx",
      "length": 254,
      "input_sha256": "af97a1a6ca66df0bc0d0ae024383edea1ea899f3715b4e016f6898296c5cade6",
      "oracle": false,
      "canonical": false,
      "generated": false
    },
    {
      "label": "all-lengths-255",
      "input": "xxxxxxxxxxxxxxxxxxxxxxxxxxxxxxxxxxxxxxxxxxxxxxxxxxxxxxxxxxxxxxxxxxxxxxxxxxxxxxxxxxxxxxxxxxxxxxxxxxxxxxxxxxxxxxxxxxxxxxxxxxxxxxxxxxxxxxxxxxxxxxxxxxxxxxxxxxxxxxxxxxxxxxxxxxxxxxxxxxxxxxxxxxxxxxxxxxxxxxxxxxxxxxxxxxxxxxxxxxxxxxxxxxxxxxxxxxxxxxxxxxxxxxxxxxxxxxx",
      "length": 255,
      "input_sha256": "d22609da3ae3956ca4877056a8e580eed744a6f7d7cfa5b19dd88d52fcc0d435",
      "oracle": false,
      "canonical": false,
      "generated": false
    },
    {
      "label": "all-lengths-256",
      "input": "xxxxxxxxxxxxxxxxxxxxxxxxxxxxxxxxxxxxxxxxxxxxxxxxxxxxxxxxxxxxxxxxxxxxxxxxxxxxxxxxxxxxxxxxxxxxxxxxxxxxxxxxxxxxxxxxxxxxxxxxxxxxxxxxxxxxxxxxxxxxxxxxxxxxxxxxxxxxxxxxxxxxxxxxxxxxxxxxxxxxxxxxxxxxxxxxxxxxxxxxxxxxxxxxxxxxxxxxxxxxxxxxxxxxxxxxxxxxxxxxxxxxxxxxxxxxxxxx",
      "length": 256,
      "input_sha256": "85e62acd750c4eb56b7b6a1d66dca5bfaac5f062608a1a893410d0288936c09a",
      "oracle": false,
      "canonical": false,
      "generated": false
    },
    {
      "label": "all-lengths-257",
      "input": "xxxxxxxxxxxxxxxxxxxxxxxxxxxxxxxxxxxxxxxxxxxxxxxxxxxxxxxxxxxxxxxxxxxxxxxxxxxxxxxxxxxxxxxxxxxxxxxxxxxxxxxxxxxxxxxxxxxxxxxxxxxxxxxxxxxxxxxxxxxxxxxxxxxxxxxxxxxxxxxxxxxxxxxxxxxxxxxxxxxxxxxxxxxxxxxxxxxxxxxxxxxxxxxxxxxxxxxxxxxxxxxxxxxxxxxxxxxxxxxxxxxxxxxxxxxxxxxxx",
      "length": 257,
      "input_sha256": "15eb95a462ee20bd91a415ae2d4aed341288186ddaa2b37908f7d592f0c3f85f",
      "oracle": true,
      "canonical": true,
      "generated": true
    },
    {
      "label": "all-lengths-258",
      "input": "xxxxxxxxxxxxxxxxxxxxxxxxxxxxxxxxxxxxxxxxxxxxxxxxxxxxxxxxxxxxxxxxxxxxxxxxxxxxxxxxxxxxxxxxxxxxxxxxxxxxxxxxxxxxxxxxxxxxxxxxxxxxxxxxxxxxxxxxxxxxxxxxxxxxxxxxxxxxxxxxxxxxxxxxxxxxxxxxxxxxxxxxxxxxxxxxxxxxxxxxxxxxxxxxxxxxxxxxxxxxxxxxxxxxxxxxxxxxxxxxxxxxxxxxxxxxxxxxxx",
      "length": 258,
      "input_sha256": "7bc0d81fe2c193da84f10b80aeda686358624f875c71327b2b5b8969c098681a",
      "oracle": false,
      "canonical": false,
      "generated": false
    },
    {
      "label": "all-lengths-259",
      "input": "xxxxxxxxxxxxxxxxxxxxxxxxxxxxxxxxxxxxxxxxxxxxxxxxxxxxxxxxxxxxxxxxxxxxxxxxxxxxxxxxxxxxxxxxxxxxxxxxxxxxxxxxxxxxxxxxxxxxxxxxxxxxxxxxxxxxxxxxxxxxxxxxxxxxxxxxxxxxxxxxxxxxxxxxxxxxxxxxxxxxxxxxxxxxxxxxxxxxxxxxxxxxxxxxxxxxxxxxxxxxxxxxxxxxxxxxxxxxxxxxxxxxxxxxxxxxxxxxxxx",
      "length": 259,
      "input_sha256": "05e178a9c6bfae0cc0244b34839fc77785913557af6f58a729b9ce1bc7cc5e05",
      "oracle": false,
      "canonical": false,
      "generated": false
    },
    {
      "label": "all-lengths-260",
      "input": "xxxxxxxxxxxxxxxxxxxxxxxxxxxxxxxxxxxxxxxxxxxxxxxxxxxxxxxxxxxxxxxxxxxxxxxxxxxxxxxxxxxxxxxxxxxxxxxxxxxxxxxxxxxxxxxxxxxxxxxxxxxxxxxxxxxxxxxxxxxxxxxxxxxxxxxxxxxxxxxxxxxxxxxxxxxxxxxxxxxxxxxxxxxxxxxxxxxxxxxxxxxxxxxxxxxxxxxxxxxxxxxxxxxxxxxxxxxxxxxxxxxxxxxxxxxxxxxxxxxx",
      "length": 260,
      "input_sha256": "ca19811c67a40acd0fe35832864ca30917aba6c67bb17f440753cecbcb83e9d8",
      "oracle": false,
      "canonical": false,
      "generated": false
    },
    {
      "label": "all-lengths-261",
      "input": "xxxxxxxxxxxxxxxxxxxxxxxxxxxxxxxxxxxxxxxxxxxxxxxxxxxxxxxxxxxxxxxxxxxxxxxxxxxxxxxxxxxxxxxxxxxxxxxxxxxxxxxxxxxxxxxxxxxxxxxxxxxxxxxxxxxxxxxxxxxxxxxxxxxxxxxxxxxxxxxxxxxxxxxxxxxxxxxxxxxxxxxxxxxxxxxxxxxxxxxxxxxxxxxxxxxxxxxxxxxxxxxxxxxxxxxxxxxxxxxxxxxxxxxxxxxxxxxxxxxxx",
      "length": 261,
      "input_sha256": "fe92cc8addddf193f543a0a0627e9d968c945690d01a9c7f6a5cfb0f62a6ca3c",
      "oracle": false,
      "canonical": false,
      "generated": false
    },
    {
      "label": "all-lengths-262",
      "input": "xxxxxxxxxxxxxxxxxxxxxxxxxxxxxxxxxxxxxxxxxxxxxxxxxxxxxxxxxxxxxxxxxxxxxxxxxxxxxxxxxxxxxxxxxxxxxxxxxxxxxxxxxxxxxxxxxxxxxxxxxxxxxxxxxxxxxxxxxxxxxxxxxxxxxxxxxxxxxxxxxxxxxxxxxxxxxxxxxxxxxxxxxxxxxxxxxxxxxxxxxxxxxxxxxxxxxxxxxxxxxxxxxxxxxxxxxxxxxxxxxxxxxxxxxxxxxxxxxxxxxx",
      "length": 262,
      "input_sha256": "a9e99bc4ea6308a390f7c23a07da8fe4d12f84263e725dd0c9d274972bc20dfe",
      "oracle": false,
      "canonical": false,
      "generated": false
    },
    {
      "label": "all-lengths-263",
      "input": "xxxxxxxxxxxxxxxxxxxxxxxxxxxxxxxxxxxxxxxxxxxxxxxxxxxxxxxxxxxxxxxxxxxxxxxxxxxxxxxxxxxxxxxxxxxxxxxxxxxxxxxxxxxxxxxxxxxxxxxxxxxxxxxxxxxxxxxxxxxxxxxxxxxxxxxxxxxxxxxxxxxxxxxxxxxxxxxxxxxxxxxxxxxxxxxxxxxxxxxxxxxxxxxxxxxxxxxxxxxxxxxxxxxxxxxxxxxxxxxxxxxxxxxxxxxxxxxxxxxxxxx",
      "length": 263,
      "input_sha256": "949540f2b067e97ba44527dd660333b3ac8ca08afab7c732405c91d57fd8033a",
      "oracle": true,
      "canonical": true,
      "generated": true
    },
    {
      "label": "all-lengths-264",
      "input": "xxxxxxxxxxxxxxxxxxxxxxxxxxxxxxxxxxxxxxxxxxxxxxxxxxxxxxxxxxxxxxxxxxxxxxxxxxxxxxxxxxxxxxxxxxxxxxxxxxxxxxxxxxxxxxxxxxxxxxxxxxxxxxxxxxxxxxxxxxxxxxxxxxxxxxxxxxxxxxxxxxxxxxxxxxxxxxxxxxxxxxxxxxxxxxxxxxxxxxxxxxxxxxxxxxxxxxxxxxxxxxxxxxxxxxxxxxxxxxxxxxxxxxxxxxxxxxxxxxxxxxxx",
      "length": 264,
      "input_sha256": "178b59c85809439c393af6ed7827066c2014502ab0c18e762ec2f7ac0dd1c1c3",
      "oracle": false,
      "canonical": false,
      "generated": false
    },
    {
      "label": "all-lengths-265",
      "input": "xxxxxxxxxxxxxxxxxxxxxxxxxxxxxxxxxxxxxxxxxxxxxxxxxxxxxxxxxxxxxxxxxxxxxxxxxxxxxxxxxxxxxxxxxxxxxxxxxxxxxxxxxxxxxxxxxxxxxxxxxxxxxxxxxxxxxxxxxxxxxxxxxxxxxxxxxxxxxxxxxxxxxxxxxxxxxxxxxxxxxxxxxxxxxxxxxxxxxxxxxxxxxxxxxxxxxxxxxxxxxxxxxxxxxxxxxxxxxxxxxxxxxxxxxxxxxxxxxxxxxxxxx",
      "length": 265,
      "input_sha256": "f5da5f7c4257f08c40cefd34c34fa9e7e822038d2469c8806c65104d239a5488",
      "oracle": false,
      "canonical": false,
      "generated": false
    },
    {
      "label": "all-lengths-266",
      "input": "xxxxxxxxxxxxxxxxxxxxxxxxxxxxxxxxxxxxxxxxxxxxxxxxxxxxxxxxxxxxxxxxxxxxxxxxxxxxxxxxxxxxxxxxxxxxxxxxxxxxxxxxxxxxxxxxxxxxxxxxxxxxxxxxxxxxxxxxxxxxxxxxxxxxxxxxxxxxxxxxxxxxxxxxxxxxxxxxxxxxxxxxxxxxxxxxxxxxxxxxxxxxxxxxxxxxxxxxxxxxxxxxxxxxxxxxxxxxxxxxxxxxxxxxxxxxxxxxxxxxxxxxxx",
      "length": 266,
      "input_sha256": "108e536bf19999dd14897601299aa1a7b8c5159385e03df8758edd5c64c74f48",
      "oracle": false,
      "canonical": false,
      "generated": false
    },
    {
      "label": "all-lengths-267",
      "input": "xxxxxxxxxxxxxxxxxxxxxxxxxxxxxxxxxxxxxxxxxxxxxxxxxxxxxxxxxxxxxxxxxxxxxxxxxxxxxxxxxxxxxxxxxxxxxxxxxxxxxxxxxxxxxxxxxxxxxxxxxxxxxxxxxxxxxxxxxxxxxxxxxxxxxxxxxxxxxxxxxxxxxxxxxxxxxxxxxxxxxxxxxxxxxxxxxxxxxxxxxxxxxxxxxxxxxxxxxxxxxxxxxxxxxxxxxxxxxxxxxxxxxxxxxxxxxxxxxxxxxxxxxxx",
      "length": 267,
      "input_sha256": "5c0ae4dae43dba6edb3ed00c77a75eb4d645ded1930874bb1e84a5cc8b4fbe38",
      "oracle": false,
      "canonical": false,
      "generated": false
    },
    {
      "label": "all-lengths-268",
      "input": "xxxxxxxxxxxxxxxxxxxxxxxxxxxxxxxxxxxxxxxxxxxxxxxxxxxxxxxxxxxxxxxxxxxxxxxxxxxxxxxxxxxxxxxxxxxxxxxxxxxxxxxxxxxxxxxxxxxxxxxxxxxxxxxxxxxxxxxxxxxxxxxxxxxxxxxxxxxxxxxxxxxxxxxxxxxxxxxxxxxxxxxxxxxxxxxxxxxxxxxxxxxxxxxxxxxxxxxxxxxxxxxxxxxxxxxxxxxxxxxxxxxxxxxxxxxxxxxxxxxxxxxxxxxx",
      "length": 268,
      "input_sha256": "d7227535fa203b0a0e732f0e52c23f6e8051e07a1db8cd2635a9209188ea95e0",
      "oracle": false,
      "canonical": false,
      "generated": false
    },
    {
      "label": "all-lengths-269",
      "input": "xxxxxxxxxxxxxxxxxxxxxxxxxxxxxxxxxxxxxxxxxxxxxxxxxxxxxxxxxxxxxxxxxxxxxxxxxxxxxxxxxxxxxxxxxxxxxxxxxxxxxxxxxxxxxxxxxxxxxxxxxxxxxxxxxxxxxxxxxxxxxxxxxxxxxxxxxxxxxxxxxxxxxxxxxxxxxxxxxxxxxxxxxxxxxxxxxxxxxxxxxxxxxxxxxxxxxxxxxxxxxxxxxxxxxxxxxxxxxxxxxxxxxxxxxxxxxxxxxxxxxxxxxxxxx",
      "length": 269,
      "input_sha256": "647f58bea657648ce6b8d22fd2be10301cbc2ce755a60b32ff66d7011fef595b",
      "oracle": true,
      "canonical": true,
      "generated": true
    },
    {
      "label": "all-lengths-270",
      "input": "xxxxxxxxxxxxxxxxxxxxxxxxxxxxxxxxxxxxxxxxxxxxxxxxxxxxxxxxxxxxxxxxxxxxxxxxxxxxxxxxxxxxxxxxxxxxxxxxxxxxxxxxxxxxxxxxxxxxxxxxxxxxxxxxxxxxxxxxxxxxxxxxxxxxxxxxxxxxxxxxxxxxxxxxxxxxxxxxxxxxxxxxxxxxxxxxxxxxxxxxxxxxxxxxxxxxxxxxxxxxxxxxxxxxxxxxxxxxxxxxxxxxxxxxxxxxxxxxxxxxxxxxxxxxxx",
      "length": 270,
      "input_sha256": "ad15ee538db28b3a9f0fadaf8b3d0bb03077ce774807e34f691d6d17590f53c0",
      "oracle": false,
      "canonical": false,
      "generated": false
    },
    {
      "label": "all-lengths-271",
      "input": "xxxxxxxxxxxxxxxxxxxxxxxxxxxxxxxxxxxxxxxxxxxxxxxxxxxxxxxxxxxxxxxxxxxxxxxxxxxxxxxxxxxxxxxxxxxxxxxxxxxxxxxxxxxxxxxxxxxxxxxxxxxxxxxxxxxxxxxxxxxxxxxxxxxxxxxxxxxxxxxxxxxxxxxxxxxxxxxxxxxxxxxxxxxxxxxxxxxxxxxxxxxxxxxxxxxxxxxxxxxxxxxxxxxxxxxxxxxxxxxxxxxxxxxxxxxxxxxxxxxxxxxxxxxxxxx",
      "length": 271,
      "input_sha256": "ac587e578ebf01a325bdb2e3c68fd56aa4083a6e4f73c10a45a70d9d985f1320",
      "oracle": true,
      "canonical": true,
      "generated": true
    },
    {
      "label": "all-lengths-272",
      "input": "xxxxxxxxxxxxxxxxxxxxxxxxxxxxxxxxxxxxxxxxxxxxxxxxxxxxxxxxxxxxxxxxxxxxxxxxxxxxxxxxxxxxxxxxxxxxxxxxxxxxxxxxxxxxxxxxxxxxxxxxxxxxxxxxxxxxxxxxxxxxxxxxxxxxxxxxxxxxxxxxxxxxxxxxxxxxxxxxxxxxxxxxxxxxxxxxxxxxxxxxxxxxxxxxxxxxxxxxxxxxxxxxxxxxxxxxxxxxxxxxxxxxxxxxxxxxxxxxxxxxxxxxxxxxxxxx",
      "length": 272,
      "input_sha256": "00f7ad57931ceb33c2d38b8fa0f64060da2a84033022aec5594b6ac4c207ee4b",
      "oracle": false,
      "canonical": false,
      "generated": false
    },
    {
      "label": "all-lengths-273",
      "input": "xxxxxxxxxxxxxxxxxxxxxxxxxxxxxxxxxxxxxxxxxxxxxxxxxxxxxxxxxxxxxxxxxxxxxxxxxxxxxxxxxxxxxxxxxxxxxxxxxxxxxxxxxxxxxxxxxxxxxxxxxxxxxxxxxxxxxxxxxxxxxxxxxxxxxxxxxxxxxxxxxxxxxxxxxxxxxxxxxxxxxxxxxxxxxxxxxxxxxxxxxxxxxxxxxxxxxxxxxxxxxxxxxxxxxxxxxxxxxxxxxxxxxxxxxxxxxxxxxxxxxxxxxxxxxxxxx",
      "length": 273,
      "input_sha256": "b54ba022a53be9b7c96e2180eb8fe95331f25d503012146053af58914ec879af",
      "oracle": false,
      "canonical": false,
      "generated": false
    },
    {
      "label": "all-lengths-274",
      "input": "xxxxxxxxxxxxxxxxxxxxxxxxxxxxxxxxxxxxxxxxxxxxxxxxxxxxxxxxxxxxxxxxxxxxxxxxxxxxxxxxxxxxxxxxxxxxxxxxxxxxxxxxxxxxxxxxxxxxxxxxxxxxxxxxxxxxxxxxxxxxxxxxxxxxxxxxxxxxxxxxxxxxxxxxxxxxxxxxxxxxxxxxxxxxxxxxxxxxxxxxxxxxxxxxxxxxxxxxxxxxxxxxxxxxxxxxxxxxxxxxxxxxxxxxxxxxxxxxxxxxxxxxxxxxxxxxxx",
      "length": 274,
      "input_sha256": "26c852e469d20994edf6f430278295262c9e16dc92b6cfb61bbcb0cb73e72d55",
      "oracle": false,
      "canonical": false,
      "generated": false
    },
    {
      "label": "all-lengths-275",
      "input": "xxxxxxxxxxxxxxxxxxxxxxxxxxxxxxxxxxxxxxxxxxxxxxxxxxxxxxxxxxxxxxxxxxxxxxxxxxxxxxxxxxxxxxxxxxxxxxxxxxxxxxxxxxxxxxxxxxxxxxxxxxxxxxxxxxxxxxxxxxxxxxxxxxxxxxxxxxxxxxxxxxxxxxxxxxxxxxxxxxxxxxxxxxxxxxxxxxxxxxxxxxxxxxxxxxxxxxxxxxxxxxxxxxxxxxxxxxxxxxxxxxxxxxxxxxxxxxxxxxxxxxxxxxxxxxxxxxx",
      "length": 275,
      "input_sha256": "bcd17eb736b7bd8fb2ccbaf4a37a01052bb53d35725cf55b7f9886f4875a95ee",
      "oracle": false,
      "canonical": false,
      "generated": false
    },
    {
      "label": "all-lengths-276",
      "input": "xxxxxxxxxxxxxxxxxxxxxxxxxxxxxxxxxxxxxxxxxxxxxxxxxxxxxxxxxxxxxxxxxxxxxxxxxxxxxxxxxxxxxxxxxxxxxxxxxxxxxxxxxxxxxxxxxxxxxxxxxxxxxxxxxxxxxxxxxxxxxxxxxxxxxxxxxxxxxxxxxxxxxxxxxxxxxxxxxxxxxxxxxxxxxxxxxxxxxxxxxxxxxxxxxxxxxxxxxxxxxxxxxxxxxxxxxxxxxxxxxxxxxxxxxxxxxxxxxxxxxxxxxxxxxxxxxxxx",
      "length": 276,
      "input_sha256": "6144dcb464cfa8e49d613b80f61d5f92d4846eede8370ced11ef7cc1b7ef0c7a",
      "oracle": false,
      "canonical": false,
      "generated": false
    },
    {
      "label": "all-lengths-277",
      "input": "xxxxxxxxxxxxxxxxxxxxxxxxxxxxxxxxxxxxxxxxxxxxxxxxxxxxxxxxxxxxxxxxxxxxxxxxxxxxxxxxxxxxxxxxxxxxxxxxxxxxxxxxxxxxxxxxxxxxxxxxxxxxxxxxxxxxxxxxxxxxxxxxxxxxxxxxxxxxxxxxxxxxxxxxxxxxxxxxxxxxxxxxxxxxxxxxxxxxxxxxxxxxxxxxxxxxxxxxxxxxxxxxxxxxxxxxxxxxxxxxxxxxxxxxxxxxxxxxxxxxxxxxxxxxxxxxxxxxx",
      "length": 277,
      "input_sha256": "a49cd74acdd057b09f02ee1e8bc54249dc484bdb2b8f8a79175b99ecad5d1773",
      "oracle": true,
      "canonical": true,
      "generated": true
    },
    {
      "label": "all-lengths-278",
      "input": "xxxxxxxxxxxxxxxxxxxxxxxxxxxxxxxxxxxxxxxxxxxxxxxxxxxxxxxxxxxxxxxxxxxxxxxxxxxxxxxxxxxxxxxxxxxxxxxxxxxxxxxxxxxxxxxxxxxxxxxxxxxxxxxxxxxxxxxxxxxxxxxxxxxxxxxxxxxxxxxxxxxxxxxxxxxxxxxxxxxxxxxxxxxxxxxxxxxxxxxxxxxxxxxxxxxxxxxxxxxxxxxxxxxxxxxxxxxxxxxxxxxxxxxxxxxxxxxxxxxxxxxxxxxxxxxxxxxxxx",
      "length": 278,
      "input_sha256": "2ff13cc407b2c8546db8d9882ffe5ef20424b98f92976a204cf15debf39f9791",
      "oracle": false,
      "canonical": false,
      "generated": false
    },
    {
      "label": "all-lengths-279",
      "input": "xxxxxxxxxxxxxxxxxxxxxxxxxxxxxxxxxxxxxxxxxxxxxxxxxxxxxxxxxxxxxxxxxxxxxxxxxxxxxxxxxxxxxxxxxxxxxxxxxxxxxxxxxxxxxxxxxxxxxxxxxxxxxxxxxxxxxxxxxxxxxxxxxxxxxxxxxxxxxxxxxxxxxxxxxxxxxxxxxxxxxxxxxxxxxxxxxxxxxxxxxxxxxxxxxxxxxxxxxxxxxxxxxxxxxxxxxxxxxxxxxxxxxxxxxxxxxxxxxxxxxxxxxxxxxxxxxxxxxxx",
      "length": 279,
      "input_sha256": "1496834cdd661ca476c49ac7624d7f02272d64f36a5adbb12e99b4d7cd9e107d",
      "oracle": false,
      "canonical": false,
      "generated": false
    },
    {
      "label": "all-lengths-280",
      "input": "xxxxxxxxxxxxxxxxxxxxxxxxxxxxxxxxxxxxxxxxxxxxxxxxxxxxxxxxxxxxxxxxxxxxxxxxxxxxxxxxxxxxxxxxxxxxxxxxxxxxxxxxxxxxxxxxxxxxxxxxxxxxxxxxxxxxxxxxxxxxxxxxxxxxxxxxxxxxxxxxxxxxxxxxxxxxxxxxxxxxxxxxxxxxxxxxxxxxxxxxxxxxxxxxxxxxxxxxxxxxxxxxxxxxxxxxxxxxxxxxxxxxxxxxxxxxxxxxxxxxxxxxxxxxxxxxxxxxxxxx",
      "length": 280,
      "input_sha256": "0efde80b050c7f96b5e157def46d310c39270625147ec56d32d5ec84dd897d36",
      "oracle": false,
      "canonical": false,
      "generated": false
    },
    {
      "label": "all-lengths-281",
      "input": "xxxxxxxxxxxxxxxxxxxxxxxxxxxxxxxxxxxxxxxxxxxxxxxxxxxxxxxxxxxxxxxxxxxxxxxxxxxxxxxxxxxxxxxxxxxxxxxxxxxxxxxxxxxxxxxxxxxxxxxxxxxxxxxxxxxxxxxxxxxxxxxxxxxxxxxxxxxxxxxxxxxxxxxxxxxxxxxxxxxxxxxxxxxxxxxxxxxxxxxxxxxxxxxxxxxxxxxxxxxxxxxxxxxxxxxxxxxxxxxxxxxxxxxxxxxxxxxxxxxxxxxxxxxxxxxxxxxxxxxxx",
      "length": 281,
      "input_sha256": "d9bcffda1327ba47271d6c419991afb6e479b6abd32b5f92901ca2cee44f0202",
      "oracle": true,
      "canonical": true,
      "generated": true
    },
    {
      "label": "all-lengths-282",
      "input": "xxxxxxxxxxxxxxxxxxxxxxxxxxxxxxxxxxxxxxxxxxxxxxxxxxxxxxxxxxxxxxxxxxxxxxxxxxxxxxxxxxxxxxxxxxxxxxxxxxxxxxxxxxxxxxxxxxxxxxxxxxxxxxxxxxxxxxxxxxxxxxxxxxxxxxxxxxxxxxxxxxxxxxxxxxxxxxxxxxxxxxxxxxxxxxxxxxxxxxxxxxxxxxxxxxxxxxxxxxxxxxxxxxxxxxxxxxxxxxxxxxxxxxxxxxxxxxxxxxxxxxxxxxxxxxxxxxxxxxxxxx",
      "length": 282,
      "input_sha256": "55142baa90307bac630093e07d6fc6cefcaf862f9eb2ef313700d08e5c0996a4",
      "oracle": false,
      "canonical": false,
      "generated": false
    },
    {
      "label": "all-lengths-283",
      "input": "xxxxxxxxxxxxxxxxxxxxxxxxxxxxxxxxxxxxxxxxxxxxxxxxxxxxxxxxxxxxxxxxxxxxxxxxxxxxxxxxxxxxxxxxxxxxxxxxxxxxxxxxxxxxxxxxxxxxxxxxxxxxxxxxxxxxxxxxxxxxxxxxxxxxxxxxxxxxxxxxxxxxxxxxxxxxxxxxxxxxxxxxxxxxxxxxxxxxxxxxxxxxxxxxxxxxxxxxxxxxxxxxxxxxxxxxxxxxxxxxxxxxxxxxxxxxxxxxxxxxxxxxxxxxxxxxxxxxxxxxxxx",
      "length": 283,
      "input_sha256": "e251518ef37182fc98dcaaa18d16c96257f6b4adf7c72cbc3e9ffe3233729739",
      "oracle": true,
      "canonical": true,
      "generated": true
    },
    {
      "label": "all-lengths-284",
      "input": "xxxxxxxxxxxxxxxxxxxxxxxxxxxxxxxxxxxxxxxxxxxxxxxxxxxxxxxxxxxxxxxxxxxxxxxxxxxxxxxxxxxxxxxxxxxxxxxxxxxxxxxxxxxxxxxxxxxxxxxxxxxxxxxxxxxxxxxxxxxxxxxxxxxxxxxxxxxxxxxxxxxxxxxxxxxxxxxxxxxxxxxxxxxxxxxxxxxxxxxxxxxxxxxxxxxxxxxxxxxxxxxxxxxxxxxxxxxxxxxxxxxxxxxxxxxxxxxxxxxxxxxxxxxxxxxxxxxxxxxxxxxx",
      "length": 284,
      "input_sha256": "dc6f98ea98e14bf63a1091bf365266dec9d2ca1400768dec297ab9654a5d5669",
      "oracle": false,
      "canonical": false,
      "generated": false
    },
    {
      "label": "all-lengths-285",
      "input": "xxxxxxxxxxxxxxxxxxxxxxxxxxxxxxxxxxxxxxxxxxxxxxxxxxxxxxxxxxxxxxxxxxxxxxxxxxxxxxxxxxxxxxxxxxxxxxxxxxxxxxxxxxxxxxxxxxxxxxxxxxxxxxxxxxxxxxxxxxxxxxxxxxxxxxxxxxxxxxxxxxxxxxxxxxxxxxxxxxxxxxxxxxxxxxxxxxxxxxxxxxxxxxxxxxxxxxxxxxxxxxxxxxxxxxxxxxxxxxxxxxxxxxxxxxxxxxxxxxxxxxxxxxxxxxxxxxxxxxxxxxxxx",
      "length": 285,
      "input_sha256": "bf5106e8c499046f29d4cafb3240a398a90a3318b74b64c2199b28dee4f071cb",
      "oracle": false,
      "canonical": false,
      "generated": false
    },
    {
      "label": "all-lengths-286",
      "input": "xxxxxxxxxxxxxxxxxxxxxxxxxxxxxxxxxxxxxxxxxxxxxxxxxxxxxxxxxxxxxxxxxxxxxxxxxxxxxxxxxxxxxxxxxxxxxxxxxxxxxxxxxxxxxxxxxxxxxxxxxxxxxxxxxxxxxxxxxxxxxxxxxxxxxxxxxxxxxxxxxxxxxxxxxxxxxxxxxxxxxxxxxxxxxxxxxxxxxxxxxxxxxxxxxxxxxxxxxxxxxxxxxxxxxxxxxxxxxxxxxxxxxxxxxxxxxxxxxxxxxxxxxxxxxxxxxxxxxxxxxxxxxx",
      "length": 286,
      "input_sha256": "862fdea014c3bb27733146015d9b6d8fd8a40c3b2ae88bd8394a0cce671c10fc",
      "oracle": false,
      "canonical": false,
      "generated": false
    },
    {
      "label": "all-lengths-287",
      "input": "xxxxxxxxxxxxxxxxxxxxxxxxxxxxxxxxxxxxxxxxxxxxxxxxxxxxxxxxxxxxxxxxxxxxxxxxxxxxxxxxxxxxxxxxxxxxxxxxxxxxxxxxxxxxxxxxxxxxxxxxxxxxxxxxxxxxxxxxxxxxxxxxxxxxxxxxxxxxxxxxxxxxxxxxxxxxxxxxxxxxxxxxxxxxxxxxxxxxxxxxxxxxxxxxxxxxxxxxxxxxxxxxxxxxxxxxxxxxxxxxxxxxxxxxxxxxxxxxxxxxxxxxxxxxxxxxxxxxxxxxxxxxxxx",
      "length": 287,
      "input_sha256": "cfffe4114a7dfabd947703e08e134fd461da31e9c0c93c45fb43211d017f38a3",
      "oracle": false,
      "canonical": false,
      "generated": false
    },
    {
      "label": "all-lengths-288",
      "input": "xxxxxxxxxxxxxxxxxxxxxxxxxxxxxxxxxxxxxxxxxxxxxxxxxxxxxxxxxxxxxxxxxxxxxxxxxxxxxxxxxxxxxxxxxxxxxxxxxxxxxxxxxxxxxxxxxxxxxxxxxxxxxxxxxxxxxxxxxxxxxxxxxxxxxxxxxxxxxxxxxxxxxxxxxxxxxxxxxxxxxxxxxxxxxxxxxxxxxxxxxxxxxxxxxxxxxxxxxxxxxxxxxxxxxxxxxxxxxxxxxxxxxxxxxxxxxxxxxxxxxxxxxxxxxxxxxxxxxxxxxxxxxxxx",
      "length": 288,
      "input_sha256": "5c23afac6a23d232eec964000980d67e0cc39cc1ee9196722748ab6b67043f78",
      "oracle": false,
      "canonical": false,
      "generated": false
    },
    {
      "label": "all-lengths-289",
      "input": "xxxxxxxxxxxxxxxxxxxxxxxxxxxxxxxxxxxxxxxxxxxxxxxxxxxxxxxxxxxxxxxxxxxxxxxxxxxxxxxxxxxxxxxxxxxxxxxxxxxxxxxxxxxxxxxxxxxxxxxxxxxxxxxxxxxxxxxxxxxxxxxxxxxxxxxxxxxxxxxxxxxxxxxxxxxxxxxxxxxxxxxxxxxxxxxxxxxxxxxxxxxxxxxxxxxxxxxxxxxxxxxxxxxxxxxxxxxxxxxxxxxxxxxxxxxxxxxxxxxxxxxxxxxxxxxxxxxxxxxxxxxxxxxxx",
      "length": 289,
      "input_sha256": "bc1606fc19c319eaed16189420ec59aa83e17d4a46ef81e9a063c8df68c06fd9",
      "oracle": false,
      "canonical": false,
      "generated": false
    },
    {
      "label": "all-lengths-290",
      "input": "xxxxxxxxxxxxxxxxxxxxxxxxxxxxxxxxxxxxxxxxxxxxxxxxxxxxxxxxxxxxxxxxxxxxxxxxxxxxxxxxxxxxxxxxxxxxxxxxxxxxxxxxxxxxxxxxxxxxxxxxxxxxxxxxxxxxxxxxxxxxxxxxxxxxxxxxxxxxxxxxxxxxxxxxxxxxxxxxxxxxxxxxxxxxxxxxxxxxxxxxxxxxxxxxxxxxxxxxxxxxxxxxxxxxxxxxxxxxxxxxxxxxxxxxxxxxxxxxxxxxxxxxxxxxxxxxxxxxxxxxxxxxxxxxxx",
      "length": 290,
      "input_sha256": "58cf1d8efd1038ba3163a724b40b514ffc6d22f34def31271e7d10f16e97e69b",
      "oracle": false,
      "canonical": false,
      "generated": false
    },
    {
      "label": "all-lengths-291",
      "input": "xxxxxxxxxxxxxxxxxxxxxxxxxxxxxxxxxxxxxxxxxxxxxxxxxxxxxxxxxxxxxxxxxxxxxxxxxxxxxxxxxxxxxxxxxxxxxxxxxxxxxxxxxxxxxxxxxxxxxxxxxxxxxxxxxxxxxxxxxxxxxxxxxxxxxxxxxxxxxxxxxxxxxxxxxxxxxxxxxxxxxxxxxxxxxxxxxxxxxxxxxxxxxxxxxxxxxxxxxxxxxxxxxxxxxxxxxxxxxxxxxxxxxxxxxxxxxxxxxxxxxxxxxxxxxxxxxxxxxxxxxxxxxxxxxxx",
      "length": 291,
      "input_sha256": "21b7a38efe9a0457157cda9c8ee170f3101b719da539d26b9321ca5a8ffb0f98",
      "oracle": false,
      "canonical": false,
      "generated": false
    },
    {
      "label": "all-lengths-292",
      "input": "xxxxxxxxxxxxxxxxxxxxxxxxxxxxxxxxxxxxxxxxxxxxxxxxxxxxxxxxxxxxxxxxxxxxxxxxxxxxxxxxxxxxxxxxxxxxxxxxxxxxxxxxxxxxxxxxxxxxxxxxxxxxxxxxxxxxxxxxxxxxxxxxxxxxxxxxxxxxxxxxxxxxxxxxxxxxxxxxxxxxxxxxxxxxxxxxxxxxxxxxxxxxxxxxxxxxxxxxxxxxxxxxxxxxxxxxxxxxxxxxxxxxxxxxxxxxxxxxxxxxxxxxxxxxxxxxxxxxxxxxxxxxxxxxxxxx",
      "length": 292,
      "input_sha256": "3e13cff4b3bb063095b79191190af13b5015fd954cbcf0c8b0dae4df4de81e2e",
      "oracle": false,
      "canonical": false,
      "generated": false
    },
    {
      "label": "all-lengths-293",
      "input": "xxxxxxxxxxxxxxxxxxxxxxxxxxxxxxxxxxxxxxxxxxxxxxxxxxxxxxxxxxxxxxxxxxxxxxxxxxxxxxxxxxxxxxxxxxxxxxxxxxxxxxxxxxxxxxxxxxxxxxxxxxxxxxxxxxxxxxxxxxxxxxxxxxxxxxxxxxxxxxxxxxxxxxxxxxxxxxxxxxxxxxxxxxxxxxxxxxxxxxxxxxxxxxxxxxxxxxxxxxxxxxxxxxxxxxxxxxxxxxxxxxxxxxxxxxxxxxxxxxxxxxxxxxxxxxxxxxxxxxxxxxxxxxxxxxxxx",
      "length": 293,
      "input_sha256": "2193f6ae9c30074fb9f98636179a8f9fec6b3eac5f1657ef3c353e0242469e2c",
      "oracle": true,
      "canonical": true,
      "generated": true
    },
    {
      "label": "all-lengths-294",
      "input": "xxxxxxxxxxxxxxxxxxxxxxxxxxxxxxxxxxxxxxxxxxxxxxxxxxxxxxxxxxxxxxxxxxxxxxxxxxxxxxxxxxxxxxxxxxxxxxxxxxxxxxxxxxxxxxxxxxxxxxxxxxxxxxxxxxxxxxxxxxxxxxxxxxxxxxxxxxxxxxxxxxxxxxxxxxxxxxxxxxxxxxxxxxxxxxxxxxxxxxxxxxxxxxxxxxxxxxxxxxxxxxxxxxxxxxxxxxxxxxxxxxxxxxxxxxxxxxxxxxxxxxxxxxxxxxxxxxxxxxxxxxxxxxxxxxxxxx",
      "length": 294,
      "input_sha256": "4f4b566799a424685cd396296925236de313c7860b622a41c489bf10f6698137",
      "oracle": false,
      "canonical": false,
      "generated": false
    },
    {
      "label": "all-lengths-295",
      "input": "xxxxxxxxxxxxxxxxxxxxxxxxxxxxxxxxxxxxxxxxxxxxxxxxxxxxxxxxxxxxxxxxxxxxxxxxxxxxxxxxxxxxxxxxxxxxxxxxxxxxxxxxxxxxxxxxxxxxxxxxxxxxxxxxxxxxxxxxxxxxxxxxxxxxxxxxxxxxxxxxxxxxxxxxxxxxxxxxxxxxxxxxxxxxxxxxxxxxxxxxxxxxxxxxxxxxxxxxxxxxxxxxxxxxxxxxxxxxxxxxxxxxxxxxxxxxxxxxxxxxxxxxxxxxxxxxxxxxxxxxxxxxxxxxxxxxxxx",
      "length": 295,
      "input_sha256": "82abae5dbf0806b68db0e8b64082b6f2edb143d65d004892e0292019c95b1417",
      "oracle": false,
      "canonical": false,
      "generated": false
    },
    {
      "label": "all-lengths-296",
      "input": "xxxxxxxxxxxxxxxxxxxxxxxxxxxxxxxxxxxxxxxxxxxxxxxxxxxxxxxxxxxxxxxxxxxxxxxxxxxxxxxxxxxxxxxxxxxxxxxxxxxxxxxxxxxxxxxxxxxxxxxxxxxxxxxxxxxxxxxxxxxxxxxxxxxxxxxxxxxxxxxxxxxxxxxxxxxxxxxxxxxxxxxxxxxxxxxxxxxxxxxxxxxxxxxxxxxxxxxxxxxxxxxxxxxxxxxxxxxxxxxxxxxxxxxxxxxxxxxxxxxxxxxxxxxxxxxxxxxxxxxxxxxxxxxxxxxxxxxx",
      "length": 296,
      "input_sha256": "1172312fc4e7b0894adc5e67def503ad02fc76ddc84400438e691dde58684912",
      "oracle": false,
      "canonical": false,
      "generated": false
    },
    {
      "label": "all-lengths-297",
      "input": "xxxxxxxxxxxxxxxxxxxxxxxxxxxxxxxxxxxxxxxxxxxxxxxxxxxxxxxxxxxxxxxxxxxxxxxxxxxxxxxxxxxxxxxxxxxxxxxxxxxxxxxxxxxxxxxxxxxxxxxxxxxxxxxxxxxxxxxxxxxxxxxxxxxxxxxxxxxxxxxxxxxxxxxxxxxxxxxxxxxxxxxxxxxxxxxxxxxxxxxxxxxxxxxxxxxxxxxxxxxxxxxxxxxxxxxxxxxxxxxxxxxxxxxxxxxxxxxxxxxxxxxxxxxxxxxxxxxxxxxxxxxxxxxxxxxxxxxxx",
      "length": 297,
      "input_sha256": "10f8e17a2c7dec90d769170fa2c76cfd2229c713498ca1ae59d26f65c80656fc",
      "oracle": false,
      "canonical": false,
      "generated": false
    },
    {
      "label": "all-lengths-298",
      "input": "xxxxxxxxxxxxxxxxxxxxxxxxxxxxxxxxxxxxxxxxxxxxxxxxxxxxxxxxxxxxxxxxxxxxxxxxxxxxxxxxxxxxxxxxxxxxxxxxxxxxxxxxxxxxxxxxxxxxxxxxxxxxxxxxxxxxxxxxxxxxxxxxxxxxxxxxxxxxxxxxxxxxxxxxxxxxxxxxxxxxxxxxxxxxxxxxxxxxxxxxxxxxxxxxxxxxxxxxxxxxxxxxxxxxxxxxxxxxxxxxxxxxxxxxxxxxxxxxxxxxxxxxxxxxxxxxxxxxxxxxxxxxxxxxxxxxxxxxxx",
      "length": 298,
      "input_sha256": "9e1fd7074557505473c850f7348c29bf431d5fccda33671778efdfe36a5ba121",
      "oracle": false,
      "canonical": false,
      "generated": false
    },
    {
      "label": "all-lengths-299",
      "input": "xxxxxxxxxxxxxxxxxxxxxxxxxxxxxxxxxxxxxxxxxxxxxxxxxxxxxxxxxxxxxxxxxxxxxxxxxxxxxxxxxxxxxxxxxxxxxxxxxxxxxxxxxxxxxxxxxxxxxxxxxxxxxxxxxxxxxxxxxxxxxxxxxxxxxxxxxxxxxxxxxxxxxxxxxxxxxxxxxxxxxxxxxxxxxxxxxxxxxxxxxxxxxxxxxxxxxxxxxxxxxxxxxxxxxxxxxxxxxxxxxxxxxxxxxxxxxxxxxxxxxxxxxxxxxxxxxxxxxxxxxxxxxxxxxxxxxxxxxxx",
      "length": 299,
      "input_sha256": "17b8309d28400639234568bed5e423f1b617e6926532f293277417aeea763734",
      "oracle": false,
      "canonical": false,
      "generated": false
    },
    {
      "label": "all-lengths-300",
      "input": "xxxxxxxxxxxxxxxxxxxxxxxxxxxxxxxxxxxxxxxxxxxxxxxxxxxxxxxxxxxxxxxxxxxxxxxxxxxxxxxxxxxxxxxxxxxxxxxxxxxxxxxxxxxxxxxxxxxxxxxxxxxxxxxxxxxxxxxxxxxxxxxxxxxxxxxxxxxxxxxxxxxxxxxxxxxxxxxxxxxxxxxxxxxxxxxxxxxxxxxxxxxxxxxxxxxxxxxxxxxxxxxxxxxxxxxxxxxxxxxxxxxxxxxxxxxxxxxxxxxxxxxxxxxxxxxxxxxxxxxxxxxxxxxxxxxxxxxxxxxx",
      "length": 300,
      "input_sha256": "0d4e2ca9e9cbced7a7a5380eb29e1a3783b9b6d0db72de36a1051038e1c1fbc7",
      "oracle": false,
      "canonical": false,
      "generated": false
    },
    {
      "label": "generated-0",
      "input": "λa🙂é\n🙂é\n\na é\n\nλ\u0000\n🙂🙂é\u0000aλa\u00000\u0000\n0 \n🙂éλééλλλ \u0000\n\u0000é\u0000\u0000a🙂\u0000é00Z\u0000 aλZλaa0🙂0ZλZ🙂Z \n\nλ0\u0000 🙂Z🙂 \naé0000\n\nλ🙂   🙂Z\nZ\u0000\naéa Z",
      "length": 105,
      "input_sha256": "1cfe0b909314a9d88ce09ea6896058bc3ce97f2a8d429e5f128194eb99331a6b",
      "oracle": false,
      "canonical": false,
      "generated": false
    },
    {
      "label": "generated-1",
      "input": " é0λZλ🙂a  λ\u00000aZ\n\u0000λλ λ\u0000🙂éé\néZλa Z\u00000a é0\u0000λ λλ🙂\n ZZ\u00000\nZ ",
      "length": 53,
      "input_sha256": "5675d766da3b2ffe06976c8c66634b836e830014da1c2d98f0e15cc9e8613936",
      "oracle": true,
      "canonical": true,
      "generated": true
    },
    {
      "label": "generated-2",
      "input": "🙂\néZ 0\n🙂0Z 🙂0🙂λλλZZ\u0000\u000000🙂a\u0000λaaZλ a0aZaa0éZ\n🙂\nλé\u0000é🙂λλé\nZaa\u0000🙂🙂0\u0000 \né🙂0é\u0000λ  0Z\nλ🙂\naλ🙂\u0000🙂\u0000\u0000🙂\u0000a éaa\u0000🙂a\nλλ\n\u0000ééa\u0000éZéaaλ\né0 \né🙂Z é🙂a 0\n  \n\néZ\n \u00000🙂a\u0000ZλZ🙂é \n \n\na0🙂a0 \u0000🙂éZéa\naλé0λ🙂0\n🙂Za é \u0000λ\n\n0\u0000Z0λ\u00000é\né🙂0éλaaZ 🙂aλ\u0000Z\nZaa🙂é\n\u0000aéZλZa 0λé\né\u0000\n\nZ\u0000\u0000λ\néaλλé\na a\nZ0\u0000🙂é λ🙂🙂λ0aZé🙂aλéZ\u00000   0\n0🙂🙂 a\nλ aZZ0\u0000λ0\n\u0000λλé\nλλa🙂\u0000λ00ZéZ🙂0é\n\u0000\u0000a0\né0Zéé0\u0000\n\u0000 ZaZ é00aé \u0000\n\n\né0Z🙂🙂aλ🙂\u00000Z aZ🙂a🙂\n🙂 a\nλ0a \n0🙂\nZ 🙂 \n ZZéé0a0\nZéZé\u0000\n\u0000ZZ🙂",
      "length": 384,
      "input_sha256": "4292d73e7dc8bd70eed6925754a014778c7b99f26dcd229727bb7a92abfaf719",
      "oracle": false,
      "canonical": false,
      "generated": false
    },
    {
      "label": "generated-3",
      "input": "🙂é\u0000\nλ\nZéé\u0000Z0\nZ0a\n 🙂Z\néZé\u0000Z🙂é \na0🙂\n\nλ \nZa0λ🙂Z\u0000\n\u0000\u0000Zλaaaaa\u0000éé🙂\na\n0\u0000Z0ZéZ 0λa Z\u0000λa🙂 éé🙂0 \u0000éZZ 0Z0λ0Z\n0🙂0a\nλ\u0000λ0 \u0000Z🙂0λé🙂 ",
      "length": 115,
      "input_sha256": "267f014f38430a252c53a608f8f8b3f572030f9833b795c1432714fce5c34aeb",
      "oracle": false,
      "canonical": false,
      "generated": false
    },
    {
      "label": "generated-4",
      "input": "é Z 🙂00aλλ\n\n\u0000\u0000\n\n0🙂🙂Z\u00000λ0\nZé\nZé0\u0000aaéZ🙂0Z\n\n🙂🙂 0aZλaλ0λaa\n \néé\nλé\n\u0000\u00000λZ λ🙂\u000000\u0000λ\nZ 0\n0🙂aaλZéλ🙂Z\na0 \u0000éé\nZ Z00🙂  \nZZ\n0\u0000🙂\n🙂\nλ0éé\u0000λ🙂 \naZéZ 0Z 🙂λZa\u0000é0\n \nλ🙂ééλλ🙂aé\n0\na0Za🙂é🙂🙂\n🙂a\u0000  0\u0000 a🙂λ \n🙂λ\n🙂\nZa\nλλ \n 0a\né\u0000λ0\n0\u00000\n 🙂 λ🙂é Z \u0000Z0\u00000🙂éZ0000  \n🙂aa \u0000\n0🙂λ\n\u0000\u0000 a Z Z\u0000a \u0000éé\u0000 🙂aλλ \n\n\n0\naλ 0 λλa\u00000Z0Z\nλ\u0000🙂\u0000\u0000 λ\n🙂Z\na🙂éé Zaa0a ZZ é",
      "length": 303,
      "input_sha256": "03140d9ba1c3416e22298b087aa2e281a4e2d3103b5219dea61f5559b6173df2",
      "oracle": false,
      "canonical": false,
      "generated": false
    },
    {
      "label": "generated-5",
      "input": "λ\n🙂\u0000🙂 Zéa🙂aZ\u0000\u0000\u00000\n\u0000é🙂00\n\u0000aé🙂aλ \u0000\n\n\u0000\n0🙂0 aaéa\u0000é aλ aé é\naZ\u0000 \néλλ Z🙂00aλ \n \nλ0 0🙂\nZλ é\nλ\u0000\n🙂λZ\n\u0000 Z🙂λa0λ 0\n0a\n\u0000Zéa\né0a \né\u0000Zλ🙂🙂λ 0\u00000a0Z🙂 Zé00🙂\naé 0λ🙂Z0ZZ0 Z\u0000\u00000Z🙂λZλZaa a🙂🙂λ🙂Zaa0\u0000Zλaλ🙂\né🙂 ZZ é\n a\néé🙂\n 🙂a\u0000λaλZ🙂\u0000 \u0000 \nλ\né0Z\n\u0000\né éλ🙂 0 Z\n λ🙂a0 éλλ aZé ZaaZ\nZ🙂0λ",
      "length": 248,
      "input_sha256": "ad4de7cdd3d044d907828d147e25f06471a26aa7a1d16604d552872827948432",
      "oracle": false,
      "canonical": false,
      "generated": false
    },
    {
      "label": "generated-6",
      "input": "0Z\u0000 é\u0000\u0000λéλ aλλ0λ\na\n\naZ  λλZ\u0000éaZ\u0000λé é🙂00a é\n0λ🙂Zé\u0000aλ é🙂\néa\u0000aλ🙂 λ🙂0\na🙂Za0aa  0λa0🙂é\n\u0000\n0λ🙂🙂\u0000λé🙂\u0000🙂0é\nZ\n\u0000\u0000🙂Z Z\u00000aλ0🙂  Zλ\n\né\n\u0000Zλ\n0 \n0\u00000\néa🙂 Z",
      "length": 135,
      "input_sha256": "0b761fa395829774a771d1914720cc6cc7cc379e6047123f9f7364515e886aa8",
      "oracle": false,
      "canonical": false,
      "generated": false
    },
    {
      "label": "generated-7",
      "input": "0 é\n🙂🙂Z 🙂é\n🙂 Zé0éZλZ\nλ é🙂a🙂a0Zé\u0000Z \u0000ZλZé\n0é\na\u0000éé000\n🙂 \n0aéé0\u0000🙂🙂é\u0000aa0aé aZ é\né🙂0é Za🙂é🙂 λ\naZ🙂🙂\u0000🙂\u0000Z0é \n é🙂éa\u0000\u0000\néé🙂00\n \u0000🙂éλλéé\u0000\nZ\u0000é\u0000\u0000🙂λ\néZ\u0000λZ0 \n🙂\u0000",
      "length": 142,
      "input_sha256": "c5391e3a7309d51e80c195c6964706e25d0dcbb2f2fc9aa5cfc0fa777df5b948",
      "oracle": false,
      "canonical": false,
      "generated": false
    },
    {
      "label": "generated-8",
      "input": "λé\n0 🙂Z🙂\n0λ\n0Z🙂é a 0Z🙂ZλZ\u0000Zaa\u0000🙂 0\n\u0000éa\n0aaλZéZé🙂🙂éaZ\n Z🙂λ🙂0🙂\n \n\n0\néZ0 λZλ0é 0\u0000ZZé🙂\n\u0000 é \u0000éλa 🙂🙂 🙂🙂\n\u0000aaé aa🙂 λ🙂éa \n ZéaZ λé0Z🙂\nZ0\nλ\u0000Zλ\n0λ0\né🙂a0\u0000  \u0000\nλ\n0λéaaZ000 🙂🙂é\u0000 🙂a\nλé🙂λ\u0000\nλaλ🙂🙂0Z   ééaλa\u0000 a 🙂é🙂 \u0000Z \n🙂\n\né\u00000é0a🙂🙂🙂\u0000🙂\n🙂ZZZλé\n🙂🙂\u0000λé\nλZ\nZZ 🙂\n\u0000λZ🙂a\n\nλZ🙂0\u0000ZZé\u00000a🙂Zλé0\nZZ0\u0000ZλZa0\na0é00λ\u0000\nλé0é🙂🙂ééZ0\n\u0000\u0000\u0000éZ",
      "length": 292,
      "input_sha256": "8579382fb9b3815cdd3741fb426e49194086d0d6f9367b193e2d2bdae1d73bf1",
      "oracle": false,
      "canonical": false,
      "generated": false
    },
    {
      "label": "generated-9",
      "input": "ééZ\u0000\naλλ 🙂\u0000🙂 aZ\u0000a0🙂Zéé🙂🙂λééa\néaé\nλ🙂\n\u0000\n\né00λ🙂🙂\nZ\u0000λéaλ\n \n\na0\u0000Za🙂é\n\u0000λ🙂🙂\n \néZé\nλ0 aaaéa\nZλ🙂\n\u00000aa\n🙂a🙂\u0000λ\nλ\n0aλZ\n\u0000λ🙂🙂 a🙂aλZ\u0000λ 🙂Z\n\u0000 🙂  0\nZ \n\néaé🙂a0 🙂a🙂\n0\n a\u0000a\u0000\né λ\nλ0\u0000Z🙂aa🙂Zéé\n0🙂 \u0000\na\u0000 Z\n\n🙂0🙂0λ0a0\u0000 λ0 a\u0000\u0000a\na🙂\néλ🙂\nZ\u0000\u0000Z\nZ\n",
      "length": 211,
      "input_sha256": "46a3c9c62c79dd82643c04a881287cf79e4e8baa3710b5f3e9df82df8475cd57",
      "oracle": true,
      "canonical": true,
      "generated": true
    },
    {
      "label": "generated-10",
      "input": " 0\nZ\u0000λ🙂aλ\u00000a0🙂\u0000 \u0000a\nλ0é\n0é0\u0000λ \u0000🙂Z🙂a\u0000🙂a🙂0\u0000 Z🙂λ🙂\n🙂Z\n 🙂λ\n\u0000λ\n0Zé\nZZZZaZ00é\u0000 ZZ0éZ a\na🙂a0🙂\u0000🙂\u0000λZ🙂\u0000Zλ éλ0\n\na \né\u0000é\u0000aéaé\u0000\n🙂🙂0 \nλ\n🙂 \n \u0000 ZZ🙂🙂0🙂🙂\néé\n 🙂λé🙂 🙂λ🙂\n🙂🙂0λZé🙂\nZZé0\na🙂  Z\u0000éé\n\nλ\u0000aéλ🙂aλ\na\n\u0000Z λ\u0000🙂λ\u0000éλ🙂aZZéaλa🙂 \u0000 \u00000🙂Z0\u0000Z🙂ééZλ\néλλ  \u0000 Zλéa🙂λé0",
      "length": 230,
      "input_sha256": "a9646a8b9484d463b8cc985b0a8f816dd017bf6c334020e53b5b1a8734a02255",
      "oracle": false,
      "canonical": false,
      "generated": false
    },
    {
      "label": "generated-11",
      "input": "é0a\n\u0000λ0\u0000\n\u0000a\u0000\u0000a🙂🙂Z\u0000λ  a🙂🙂 00 aλ \n🙂\n 🙂🙂🙂ZéZλ\u0000a\u0000a0\n🙂a  \u0000🙂Za0éaé\u0000é🙂\n\n\n\u0000aé\u0000\u0000λ🙂\u0000λé🙂\n0éZé éZ\nZéééλ \nλ a éé🙂λ\n🙂 Zé\u00000Z00λ\u0000é🙂Zλ\n\n\nZ🙂\u0000λaaa\u0000\n🙂a🙂\u0000aéZλZ\naa Zλλ🙂0é🙂aaaé\u00000é\n🙂éaλ0 éZaZ 🙂Zé0Z🙂0🙂🙂0é\u0000\u0000aé\nλZλ0\u0000é🙂0 éa\n\n\u0000\u00000λ\nZ🙂🙂\u00000\n0ZZ\u0000🙂é \n🙂\u0000  λλλZaa🙂aλ🙂\nλ\u0000Z0Z🙂 \u0000ZZZéλaa\né0\né\n\u0000é🙂aé🙂aλλé 0éZ\na0\u0000é\u0000\n\u0000 aλZ🙂 Z\n\naaZ\n 00🙂0🙂Zéa\u0000éλ\u0000\n0\nλ 🙂\nλ\nλaaé0Z\u00000a\u0000λ🙂🙂\n🙂Z🙂a\u0000\u0000a\u0000\u0000Zé\u0000 \n\u0000🙂 é0é0λéλ🙂00λ 0 🙂0\nZ🙂éé🙂é🙂\u0000\u0000Z🙂🙂λ\n\u0000aaaa aZ\u0000é\u0000éZaéé\n",
      "length": 388,
      "input_sha256": "592094176d999795368a5ca5572185b65944ddc75c6193ff6a3db3b12d7ddc77",
      "oracle": false,
      "canonical": false,
      "generated": false
    },
    {
      "label": "generated-12",
      "input": "0\n🙂aé\u0000 0ZéλaZ🙂\u0000 a🙂é 0\u0000Zλλa0\u0000λ🙂\na\u0000🙂0🙂é0🙂 \n\n\u0000 é\n🙂\né λ\n0a🙂0λ\u0000 aa🙂aa0\u0000\u0000a\n0\n\néZéZééé0\u0000  \u0000é0\néé\u0000é 0Z\u0000 Zé🙂00é\n0\u0000\n Z 🙂\nλaé🙂\n \n🙂🙂λλλa0\n🙂🙂a\u00000λ\n\u0000ééλ\n0Z\u0000\u0000🙂ZZZ\u0000\n0\nλ\u0000\né\u00000\u0000é\u0000🙂\u0000\n🙂ééé\n\u0000\u0000\u0000aλ\nλ\nZλ\n\u0000 \né0 \u0000🙂0é\n🙂 Z0🙂🙂a\u0000λ\u0000\u0000é🙂a\nλéZéZa 0🙂 \u0000🙂 0\nλ\n a\u0000🙂a🙂0\u0000aa\na\nλ0🙂🙂\n\u0000\n0Z🙂λZZéZ\u0000a\u0000a0 \n \u0000é0\nλλ\n\n aaλ\u0000🙂0é\u00000é🙂\na\né 0é\n\u0000 Z",
      "length": 288,
      "input_sha256": "2559375d929bb7f8f05d8d8276ba7ca0055872ab6b5ff5cbee1a7ce93da8b40d",
      "oracle": false,
      "canonical": false,
      "generated": false
    },
    {
      "label": "generated-13",
      "input": "a 0Z\n\nλ0λ🙂0\u0000éa0\u0000éZaé🙂a\u00000a  🙂",
      "length": 28,
      "input_sha256": "d115c8781ab9378809e1dc10b5cff0849b11434db5eca545ef922b56dc58eedf",
      "oracle": false,
      "canonical": false,
      "generated": false
    },
    {
      "label": "generated-14",
      "input": "a0é🙂aλ\n 🙂\n é0  0é\n\u00000🙂é0\u0000a\u0000é🙂éa\u00000🙂λ🙂é ZaZ0a00\u0000a\n λ\nλ λé0\n Z \u0000éaaéé Z\n\u0000a0 Zé 0\n ",
      "length": 78,
      "input_sha256": "b239b03fb9a17d902c0990ed6723292db95914c8d3142e4ef3e635be711f2015",
      "oracle": false,
      "canonical": false,
      "generated": false
    },
    {
      "label": "generated-15",
      "input": "a0λ0🙂🙂aéλ🙂\néZ0ZZéZ λ🙂🙂a🙂Z",
      "length": 25,
      "input_sha256": "f51e125bd536cc6f228579a91d8f550767e3bd1abe30f80d9bfd55807e566535",
      "oracle": false,
      "canonical": false,
      "generated": false
    },
    {
      "label": "generated-16",
      "input": "\n\n\u0000éλa0Z\u0000λ0\u0000\u0000🙂0aZéaé🙂🙂\u0000\n\n0aλaé00Zλ é\naa0a\nZ0🙂 \n\u0000éé\na\u0000\u0000",
      "length": 54,
      "input_sha256": "4a0b17ac8aa338f1ddf7f5a28f882a1e36010da0c4242cfdb35e8336a448ff21",
      "oracle": false,
      "canonical": false,
      "generated": false
    },
    {
      "label": "generated-17",
      "input": "é0\nZλa\n0\u0000🙂a\néé0 \u0000aaéé000\n0é\n🙂  ZaZa0\u0000λ\n🙂Zλ\u0000éé é λZλa🙂éé éaZ\u0000🙂Z\u0000\né🙂\u0000🙂🙂λéλ000\u0000🙂\nλ0\u0000λλaéZλééλ00aa\u00000Z🙂Z0🙂\u0000\u0000a\n🙂🙂\u0000🙂Zé λ\u00000Z\u0000 0 0Z λλ\naλ\u0000\u0000\na  aaé\u0000aλ0\u0000🙂\na0\u0000λ0λéλa🙂\u0000\n 0éλλ🙂éé0\u00000λZλ🙂a0 🙂λ\u0000λλ🙂é\n\n0\u0000é Z λ\u0000\u0000Z0\n\u0000Z🙂 a🙂\n0éZ🙂\nλZZ \né🙂\n🙂 λ0",
      "length": 219,
      "input_sha256": "55f72dcee48fec2b238d3d912e997244297c999a9b41ea9b9a00014246e78fb0",
      "oracle": false,
      "canonical": false,
      "generated": false
    },
    {
      "label": "generated-18",
      "input": "\u0000a\n  a\n 🙂  🙂éaλ0Zaλaé\u0000λλ🙂Z\u00000 \n\u0000λ🙂\u0000🙂a 0\u0000Z🙂λλ\n🙂  é\n a\u0000 λ\u0000éλa🙂0\n\u00000a🙂Z00Zλλ\u0000\u0000Z🙂λ\né\u0000ééλ0 aa\u0000a0a\u0000aa0λ\n a é\u0000\u0000é\u0000🙂é0🙂aλé\n\n🙂λ0 \u0000\u0000\naé λ\u0000\u0000é\u0000  \n0\u0000Z🙂\u0000λéZZ\n🙂\u0000\n00λéé\u0000é🙂🙂λ\nλ\nZ0 Za🙂λé🙂\u0000λ\u0000λa0🙂Z\néé λ0\n 🙂🙂Z🙂 a\u0000\n\u0000λ🙂🙂🙂\nλé\u0000\u0000Z0\u0000λ\n é 00éλλéλaZ0é🙂é\u0000\u0000λZλ\naaZ🙂 \u0000Z\u0000éaλ\u0000éa  \u0000 λaé\u0000 Z🙂λ🙂 λ🙂  \nλ\n🙂0ZaéZZ\né\n Za🙂 λ\u0000\na λ λa ZZ🙂Zaa\u0000\nλZéa0 a0aéé0λ\n🙂\n\nλa 0\u0000é0\u0000aλ 0ZéZééé Z \u0000ZZé🙂\n🙂\u0000Z🙂a 0 éλ a\n0\n\u0000ZZ  0a🙂é\u0000\n\u0000\n\u00000 \u0000🙂éZ🙂λ0\nλ00🙂\u0000\u0000\u0000\u0000🙂",
      "length": 387,
      "input_sha256": "c4fa75e65f4d71e7bd480b20426d698d3aea9fe4328e45d18783f1b9b41810bb",
      "oracle": false,
      "canonical": false,
      "generated": false
    },
    {
      "label": "generated-19",
      "input": "λ\u0000🙂Zλ0é🙂🙂\n \u0000λ  0\u0000🙂Z\nZ🙂a0λ\u0000é0λ\n0é0🙂éZ 0λaéZ\n0Z🙂🙂Zéλ🙂0éa🙂\n\u0000\u0000λ🙂aλa🙂🙂a\u0000🙂λ\u0000Z\u0000λ a\n0🙂aa🙂\u0000éλ🙂Zé\u0000  \u0000aZZZZ0Za\u00000a 0\u0000λ🙂\n🙂\u0000a éλ0\u0000Zλéλ🙂Z λa\u0000Zλ0éa\n0λé0\naé0Zaaλ0Z\n\u0000éa🙂 λ Z🙂ZZaéλ\na\u0000a\u0000🙂\n\nZ🙂\u0000🙂\naéλ\u0000\u0000\nZ\n\u0000🙂\u0000aaλ 0λé\u0000éé\u0000🙂🙂0\nZZaa\u0000 a a a\n\nZλ \u0000\u0000\u0000\u0000\u0000Z\u00000\u0000\nλ\u00000Zé🙂🙂0Z\u0000  \nZZ0🙂Z\u00000🙂\u0000 éaaλ0\naZ0Zλ0a\n0\n aéλ0 \néλλ🙂🙂\u00000\u0000λλZλ0 aλ\u0000 éλ0aZλaéa0 a\n\n 00λλ🙂 \u0000 éλaλλ",
      "length": 318,
      "input_sha256": "831f6d7ca0f70ae1c80cff4273aa9b8fa8f4d628a783cce0890929c92072d0dc",
      "oracle": false,
      "canonical": false,
      "generated": false
    },
    {
      "label": "generated-20",
      "input": "λ\naZ\n \u0000\u0000λ🙂aéé λ\n\na\u0000é\na\n ZZ0 🙂λ\u0000λa aé0 a\u0000\u0000aλ\u0000Z0é0a\nλ0🙂\n0λ\n\n0\u0000Zλa\u0000 🙂\n0🙂🙂λ\u0000🙂aé0 🙂 é\nZ🙂\n0ZZ\n  🙂λé🙂éλ Zλ\u00000λ🙂Za0λ\n\n\nλ a\na 🙂é\nZ",
      "length": 120,
      "input_sha256": "fa44bd828ecd50150660ac7cc6a7388eba4fd162a41700c49f24799f106dcf53",
      "oracle": false,
      "canonical": false,
      "generated": false
    },
    {
      "label": "generated-21",
      "input": "\nλ🙂 🙂aλaZZ Zλ0λé\u0000🙂aZ\n\n\néZ\u0000  0\u0000🙂λ0Zλ\na0🙂\u0000aλ 0aZ00aaλéZ0λ🙂0a🙂a\u0000λé🙂\u0000éZλλZ  \n 0\nλ0ZZ0\n0éé Z\u0000λ\u0000\nZ0\n0\n🙂ZZéZé🙂λaλ\u00000a0\nZ0éé\nλ λ0éλaaZaé0é\u0000\na  λé🙂é0aZ🙂a🙂Z0éaéé\u0000a0λ\u0000λ\u0000🙂é0Zλ\nZZZa\n\na\néé\na λ\u0000🙂a\n a 0aa🙂a a\u0000\u0000 00\n0Z\naZZ0aλZa🙂Z\u00000Za\naλλ\nZ",
      "length": 220,
      "input_sha256": "afbd4bfbea9c61de279bf587f145a336c363421a82eac70901f678bde9643759",
      "oracle": false,
      "canonical": false,
      "generated": false
    },
    {
      "label": "generated-22",
      "input": "\nλZé\néλ 🙂  🙂éλ00🙂λ\n\u0000λéλ\u0000 \u0000aé λZ🙂λZ\n\n🙂aZ0é \u0000\u0000\n0éλaééλZ\nZ",
      "length": 55,
      "input_sha256": "255f6d2bc429d29fd7a7d45b5fc26e636591a7b6dd7ec1e09b1949be3a47701a",
      "oracle": false,
      "canonical": false,
      "generated": false
    },
    {
      "label": "generated-23",
      "input": "\u0000 é 0a🙂 \u0000Z\n0\u0000\u0000 00a🙂🙂0λ\n\n🙂Z\n λ\nZZéZ\n  a \n 0aZa\u0000aZ\u0000 λ0Z\néZa\u0000ZZZ🙂a0ééZλZé🙂\u00000\n\u0000Z0\u0000Zéaa0λ🙂é\nλ0é\u0000aa\u0000a🙂aZaa λλa ZZéa\u0000λ🙂🙂0\u000000 Z🙂é a λλ\u0000\n\u0000a a\n \u0000λ0\u00000Z\u0000λ\naZaaéé0\n\néZ🙂é 🙂🙂🙂0Z\u00000🙂0éZλ\u0000🙂\u00000\u0000λé\u0000\n0\néλ\u0000 λ0🙂🙂\né aλ0🙂\u0000 a ",
      "length": 199,
      "input_sha256": "23bf5ac01bcbfad77b412bce5cc1b5665c19b1552fb3bacc4f9cc212eb08f771",
      "oracle": true,
      "canonical": true,
      "generated": true
    },
    {
      "label": "generated-24",
      "input": "\u0000🙂Z\u0000\u0000\u0000Z \n0éλ\u0000\na0aλéé\u0000🙂\nλ \nZa \u0000Zλaé0λ🙂 Z🙂🙂Z Z🙂0🙂🙂éé\u0000\n\n\u0000 é0é\u0000é🙂aZa🙂 éλ🙂λ0é\u0000λé0🙂\u0000aZ \nλλZ\né\nλ\nZ é🙂0Z🙂λaZ🙂Z\u0000\u0000🙂\n 0λ🙂éa0🙂aa🙂0λ \n00a\n\naλ0\u0000\u0000é0aλ🙂λλλZλ\u0000\u0000é\n\u0000 🙂é\n\na\n\n🙂 é\na0Zé0éaZ🙂  🙂\na0Z0é é0aZ\u0000λ🙂\u0000a",
      "length": 186,
      "input_sha256": "d7755344f09500c40600dcf4d147b0f07a10e56762cc3e32272ab2b7139736e7",
      "oracle": false,
      "canonical": false,
      "generated": false
    },
    {
      "label": "generated-25",
      "input": "\u0000\u0000🙂 \u0000  \n🙂Z\u0000\u0000 é🙂0é\u0000  \nZé🙂0🙂aλλZ🙂\u0000\u0000🙂Z0\nZ a\u0000λ\u0000\u0000é0\na\u0000aa\u0000λ\u0000🙂Za0aλ\n🙂é 0\u0000λ0\nλ00é\u0000  \n0\n🙂Z\n🙂\n🙂λaéé\u0000 \u0000é 🙂Z  \nλλ\n\nZ  \u0000é0a\u0000\u0000\u0000\u0000é🙂\u0000aZ\n\u0000Za0λλ\n🙂a\n\n\naé\n🙂\né0🙂 \nZZ 🙂a\u0000a\u0000aλ0Z ZéZZaZa🙂\u0000Z\u00000  \u00000\u00000  \u0000 λλéZ\u0000éλ\u0000\u0000🙂 λ0🙂🙂λé🙂 a\u0000Zλé\u0000Zéaé 🙂aZééλ🙂",
      "length": 214,
      "input_sha256": "00be0759ec2cf6c7fb9f42779db3950417a6a1fa28644c2e4f0c620ab9fecc4a",
      "oracle": false,
      "canonical": false,
      "generated": false
    },
    {
      "label": "generated-26",
      "input": "🙂🙂λ λ🙂λ\n\u0000Z 0éλ🙂 Z\n0a🙂🙂\n\u0000Za\u0000a\naé🙂λ🙂a\néaéa0\n\nλa\néZ\nZλa\u0000 🙂éλλZ0λZ éZ🙂\u0000\nλZa\n \n 🙂\na\n\u0000λλ 🙂\nZ🙂a🙂aéZ\n λa0\u0000λ🙂a00\n é0 Zéa\nZ 🙂\n Z\u0000ZaéλZ  \n Z\né🙂\u0000λ 0 0🙂 a a λλ\n\n🙂0é🙂 \nλλéλZ Zé0🙂0Z0Z \u00000 λé🙂\u0000🙂λé\n🙂🙂éaλ",
      "length": 185,
      "input_sha256": "43781a77856e919ab98d52048f411b5b82568c4385c38ce142a16da9ae6c2b87",
      "oracle": false,
      "canonical": false,
      "generated": false
    },
    {
      "label": "generated-27",
      "input": "\u0000 \n🙂Zλ\u0000🙂\n\u0000λ\nλ \u0000aé\na\u0000\u0000Z0 a Z Zλ\u0000 🙂aaéaλλλZZ\u0000 \u0000λa\né🙂a0Z\u0000aéZ0Z0λ\u0000λ0Z0 a\u0000aZa🙂  é\néé🙂é\naa\u0000\u0000🙂\u0000🙂é Z🙂é0a\n\u0000🙂Z0\u0000 λλ🙂🙂\u0000 \n0\u0000\nZ\nééa0λ\u0000🙂é λé\na é\né🙂 🙂a Z\n0a\u0000λa🙂0\nλ0λZaé0Z0λλZZaZ\u0000🙂λλλ\u0000\né\u0000ZZé🙂a a 🙂\nλ0aééaλλaé🙂Zé \u0000\u0000Z 0Z\n0\u0000a🙂\u0000λ🙂\n0 \u0000a\n0\n a🙂\n🙂é\nZ\n🙂λé \u0000 aaλλ0  éλ00\n0Zλé\u00000a🙂 λéλλ\nZ\u0000🙂\u0000Z\u0000\nZ a\né Z\nZa0é🙂🙂\u0000 a\u0000 🙂  \n🙂a 🙂a\nZaé é🙂é\u0000Za 0Zλ\n\u0000\n\u0000aZ 🙂\u0000🙂Zλ\n éa0a00 Z\u00000a🙂ZZ\u0000 🙂aλ0\u0000Za\u0000\u0000a\na ZZaλλλλ\u0000a\n λZé\u0000\u0000\u0000ZéZ0é\n\u0000 🙂🙂🙂aZé\n Z ZZ🙂Z \n\u0000 ",
      "length": 394,
      "input_sha256": "3929fa11379515c7c79618aaccab3734dbcb68a8abfc4154e323f94914d1673e",
      "oracle": false,
      "canonical": false,
      "generated": false
    },
    {
      "label": "generated-28",
      "input": "Z\naa\u0000λa\naZ\nλaZλ\u0000aé\u0000\u000000é \u0000éé\n\u0000\néZ🙂\u0000é0🙂0é\nλ\n0\u00000\n\u0000 \u0000aλ0λZa  aZ0λλaaλéλ\u00000éZZλλ\u0000aé0\u0000Zλ🙂0\u0000🙂a\n\u0000λλ\n  0Z\u0000\n0\u0000\u00000ZZλ\u0000ZZéé λ\n🙂Zé\u0000🙂🙂\n🙂\nλ aaZ0a00λ é \n \n🙂0Za🙂🙂🙂a\u0000a0λ éλZ 0\n🙂é\nZ🙂Zé0aλ\nZ\u0000λ🙂0\nZaé0🙂λa λ\n\u0000a\na0é 0Z 🙂é\n\u0000\u0000Z\u0000\na a0\u00000a0λZZ   \n0 0a\n\u0000a\nZ \u0000\u0000a\nZλé\u0000λ\n é\u0000\u0000λ\u0000a\u0000  λ\u0000\n \u0000λ0\u0000éaλ🙂0🙂🙂\u0000λéλ  🙂Z\u0000ééZ\n\u0000\néa0é\naZ\u0000\naé0\u0000λZλ\u0000aλ🙂\nλZ\n\nλ0\n\u0000ZaλλZ\néλZλ🙂éZ🙂🙂\né🙂λZ\nZéλ éa\né\n\nλ0\n\nZ\u0000 0a\nZZλé0\u0000é λλZZZZ🙂\n🙂éaZ\u0000\n λλZé\na\nZ\u0000é  a",
      "length": 382,
      "input_sha256": "036ca2fdec87d2b6798a00a10f4cec517e092725b8e0b0742ef2f9ee0d295b35",
      "oracle": false,
      "canonical": false,
      "generated": false
    },
    {
      "label": "generated-29",
      "input": "é\n🙂0\u00000λ🙂éa🙂éaλ0é 🙂Za 🙂🙂Z \u0000 a ééaZéλλ🙂λ🙂λ\u0000a🙂\n\naλ\u0000\né\u0000🙂Z\u0000aé0 Zéé0Z aa  \n\u0000λ0Z\nZ🙂0 a ZZ\u0000a \u0000é🙂\u0000🙂 a🙂 0 a0\u0000\néaéλ0Za0λ0Z\u0000λZ\n\u0000 \u0000\n\u0000🙂\u0000🙂🙂 🙂éZé Z \u00000🙂λ🙂\n0a \u0000",
      "length": 142,
      "input_sha256": "ce2e556385c64e756b7248e64bbdc501e89a45bd98f1237ab8bb975b83bc3b1d",
      "oracle": false,
      "canonical": false,
      "generated": false
    },
    {
      "label": "generated-30",
      "input": "🙂\u0000\u0000🙂🙂\né🙂λλ0🙂 éa\u0000 Z\n🙂λ 0\u0000é \n0\u0000\n\u0000λZ🙂a\u0000Z🙂\na\u0000\nZZ  Zλa é\n0 \u0000éλ\u0000\u0000\u0000aé\na0λλé\né\n\u0000\n\u0000🙂λé\u0000éa0a  🙂λ\n\u0000🙂aaé \n0λ🙂\u0000éa\n\n\n\u0000\n\u0000λ\n\n\u0000Z\u00000Zλaéa\néλaλ\nλ🙂🙂 🙂🙂 ZaZ\n🙂\nZλZZZ  Za0Zé0Z\n0 0\u0000λλ Z 0é\u0000 00Z0λ\n\u0000Zλ🙂λ é0  aZλ\u0000Zλ\n λλ\u0000a0ZZ0é\n0Zλa \né Z 0\nZ🙂🙂🙂aa🙂\u0000\u0000é\u0000🙂 λéé🙂a\u0000é  λ0\n a🙂🙂aZéa a  a aZéZaaλ🙂🙂a🙂é🙂\u0000λZZ\u0000aaéé\u0000🙂🙂\n\u0000 0🙂00Zλ0Z\u000000\n\na\nλ\n\u0000aé\n🙂\nZééé 🙂é\n🙂é\n 0λZ\n0",
      "length": 318,
      "input_sha256": "bcb8782b6213bb5d7105257fd3527903e8f20ddaa93d99c72ba754d9274b879b",
      "oracle": false,
      "canonical": false,
      "generated": false
    },
    {
      "label": "generated-31",
      "input": "0🙂λλ  \nZ🙂\na0🙂\u0000 00a\nλZZ\n\n\nλ 0\u0000é🙂🙂é\n00λé\u0000🙂\né🙂00é\u0000é aλ \n\nλZ \n\u0000\u00000a🙂\n🙂λλ00\u0000é🙂\u0000\n\naaZλa é\naλ🙂aZéλ0a λZ🙂λ\né🙂\n\n\u0000\n🙂aZ0Z🙂0 🙂0ééZaZ\nλ\n \n🙂é\u0000 a a00λλ 🙂éé\n\u00000Z \u0000Zλ\u0000\n 🙂 Z0Z0λZ\nλ\nλ0λ 0",
      "length": 166,
      "input_sha256": "53c7f1a9768404b0f2398156e67e2163e922f7cc4c6668bf6ea778ab265b2ae9",
      "oracle": false,
      "canonical": false,
      "generated": false
    },
    {
      "label": "generated-32",
      "input": "ZZ🙂Z\n a é λ\naZZa\n🙂λéλλ  \nλλé\u0000Z0a0éZé\nλ0éé0\na\u0000λ0\u0000Z🙂Zéλ🙂🙂\n🙂λ\u0000\u0000aZ0é🙂\u0000 \u0000é\n\u0000🙂\u0000λéZ\na 🙂Z\n🙂Za0🙂0\u0000a\né🙂\n  \u0000aλλé\u00000é\nλ🙂aé0\u0000\nZ0\u0000Z🙂Z🙂é0λa\u0000🙂0Z\u0000λ0\n🙂éλλ0éa0Z\u0000\n\u00000a λ\na 🙂\u0000🙂aaλaλ aZéa🙂aZZZééZ🙂🙂\u0000 \u0000🙂🙂aλλZéa\n0a🙂0\u0000a🙂0Z\u0000\u0000 a\u0000éa🙂ZZa\u0000\n🙂0\u0000éé\n \nλ🙂\u0000\u0000Za\u00000 a\u0000Z\u0000\n",
      "length": 229,
      "input_sha256": "b010858dbdd92d640283a74d1b583a0908ebb97255faf7a122706ebc64ab77c2",
      "oracle": true,
      "canonical": true,
      "generated": true
    },
    {
      "label": "generated-33",
      "input": "0a0🙂 Z \nλZé0 a🙂 \na λλéZ\n\u0000Z\na🙂ééZλ\u0000é\naZé🙂λa\u0000\n\u0000 0\u00000λ0aé\n λaZ\n\na\u0000Zλ0aZa0aλZ \u0000\u0000🙂a0λaλ Z\néZ Zλaλ0\u0000aλ\n0Za00🙂λéé🙂0a \n\u0000aé0\n0🙂\n0\u00000 🙂\n0éZZé0ZaZ\nλ\n0a λλZéλ🙂🙂éé\n🙂aaZλ é aλ\u0000λéa\u0000🙂λ λ🙂 \u00000é🙂é\u0000\n   é0🙂0a0λ\u0000\u0000 🙂λa\u0000aé\nZ Z aZ0aéZ0🙂 é🙂0 \u0000é 0\n0🙂ZZaλ\naaéZ\n🙂\u0000a0éé\n\u0000 \n\nZ\nλ\u0000\u0000🙂\n\n0  λ éaéé Z\nλZ \n\né\u0000é0🙂00\nZ\n  \u0000ZλZ\u0000🙂\n0🙂aλ0🙂éλ λ0éλ\u00000 \na\néaZZZ🙂🙂\u0000\n 0Z0🙂 0λ\nZé🙂éa\u0000\u00000é🙂🙂λZ0 \nZλ\u0000éé🙂Zaéé\n\u0000λaZλ0é\u00000 \u0000Z🙂\n\u00000\u0000é Z0\né\u0000ZZ0🙂0Z\u0000a\nλλ 🙂00 0",
      "length": 391,
      "input_sha256": "18e99c908cb074182c965cc1315fa731afbec956fc4716368619058e60799405",
      "oracle": false,
      "canonical": false,
      "generated": false
    },
    {
      "label": "generated-34",
      "input": "🙂0\u00000\u00000Z\n\u0000Z00ZaaZéaλ a\n🙂\nλ\u0000éé\n\n0éλ\n\u0000\n0\n0Zλ\né0\u0000 éZ λ \u00000000ZZaaa\u0000Za0a 🙂Z\n\nZ\u0000λ Z\na0a\na0é🙂\n0 a\u0000Z0\nλ\na\u0000\u0000ZZZé 0λaλ\nλλλ0Zλ0Z\u0000aλ0Z\u0000ééλ0aaé \u0000 🙂λ\u0000🙂Zλλ \u0000\u0000λaé000\nλλ\n a🙂0🙂\nλ🙂é\nλ🙂ZZ0a é00🙂é\u0000Z\n\u00000🙂 \u0000🙂🙂\n  é🙂aλa0Zλ\u0000éZ🙂0é\u00000λ🙂aaé\na\n\u00000\u00000🙂Z000aa\n\n0é\u0000λ\u0000 🙂🙂\u0000λ🙂0\n\n\n0Z\n🙂ZéZ a0λé🙂é\u0000éZ\u0000\nZZ0λ🙂0\u0000 \u00000Zéa\u0000Zaaλ aé \u0000a Za a \u0000é\nZ\n 00Z  a🙂λ aa\n🙂\nZé\na🙂0🙂Z🙂a\nZ\n0λ🙂🙂a λé\u0000a  \né🙂\n \u0000\u0000\u0000🙂\u0000\u0000\n 🙂0é🙂éa\nZ\n🙂aéa\nλ",
      "length": 361,
      "input_sha256": "2ce620c32bcd45d7ced8570589424710a4fa77e6c3cf0093250c173d73784646",
      "oracle": false,
      "canonical": false,
      "generated": false
    },
    {
      "label": "generated-35",
      "input": "é0\u0000a0🙂\u0000 Z\u0000🙂 \nλ\néλ\na🙂 🙂Z\né0Z 🙂\naa\n0aé Z\u00000a\u00000λ0λ🙂éλ\u0000🙂λλλ\na\u0000 é\u0000é  \né\n\n\n  λ🙂aéé\u00000λλ Zλλ\nZ🙂0λ\n\n 00\u0000λZ0\u0000aé\u0000🙂Z\u0000éa00\u0000λéééZ0λ\u0000Z\u0000λZ0a\u0000🙂🙂🙂🙂🙂aλZ\u0000λ\u0000a🙂\u000000λ0\u0000\n\u0000a\n0 ZZ\u0000a\nZZ\nZZé Z🙂🙂é0a \nZ🙂a\na\u00000 éaZa\u00000λ0éZ\n\n é 0é0\u0000a0λéλ0é\u0000\u0000🙂aéé\u00000 \néaZZaaé aλ\nZ🙂🙂 aéé🙂 λ\n\n0 🙂Z0\nZaéé \u0000 é\nλ0é🙂\na🙂🙂🙂 🙂🙂λ\u0000λ éλ0λ 🙂λλ🙂🙂\n\n  Z\u0000Z0λa  0",
      "length": 290,
      "input_sha256": "2b63fe6b74126511ab0c442672fc647a6617fb748f019517a32038acd5c046b0",
      "oracle": false,
      "canonical": false,
      "generated": false
    },
    {
      "label": "generated-36",
      "input": "🙂 Z🙂é🙂\u0000🙂 a\néλZZ🙂λ\n0é\u0000\u0000λZZ🙂\u0000λa0\n\u0000éé\u0000λa0Zéλ\u0000a\u0000Z\na Z Z aa \u00000 \né0 λλ0aZ\n\na Z 0 \u0000\u0000\u0000éaZ🙂λéZ\u0000\nλZ🙂a\u0000 \u0000\naZ🙂é0\na0Z0🙂🙂a \u0000Z éλ\u0000a  é \u0000🙂ZZ\u0000Zéλ00Z\u0000é\n🙂🙂  \u0000a\nZλaλλ\na0é\n🙂\u0000\u0000\n \nZλ\n🙂\u0000🙂Z0\na00é🙂Z 0\u0000🙂 Z\u0000 🙂\u0000éa Z\na \naa\u0000éZéλa\u00000 ",
      "length": 201,
      "input_sha256": "4a4d3925e1d8f7cbe7eae6c3857439c61154a8d52ec2a04912902b57edd367d7",
      "oracle": false,
      "canonical": false,
      "generated": false
    },
    {
      "label": "generated-37",
      "input": "\u0000  0aλ\u0000λaaa\u00000 é\nZ\u0000\néZ0 a\u0000λ\u0000\né🙂 λ0aλλa0\u00000\n\n\u0000λ\n\nZ\u0000λaaλé é éZaaaZ λ🙂λ aé\néZé\u0000é\n\n0\nZλ\u0000Z 🙂 λ \u0000🙂 \u0000\u0000\né\u0000a\nZ\n🙂Z\n\u0000Z\nZaZZ\u0000é0Z\u0000🙂  0a\u0000é\né\u00000Z\u00000🙂λaééλaa 🙂🙂\n λé🙂Z\u0000aa0Z \u0000Z\u0000Zaa  λ \u000000 λéZλ00 λ 0a\nZ\u0000éZλ🙂\nλa0\nλaaZ\u0000Z\n\u0000 Z00λ\nZ éλ0\u0000é\n0🙂ZaλZλé🙂 a00\n0Z🙂\nλ🙂\u0000🙂éZ\u0000\néa\nλλéZ  a\u0000 0 0λ🙂éZ\nλ\n \u0000Za\u0000\nλ0\u0000\u00000🙂λ\u0000é \nZ\n0Z0λZ0\u0000 aλa🙂Z0\n\n000\u0000\u0000é🙂\u0000🙂\n\u0000\u0000Z\n0a\u0000éλ\u0000λ0a🙂🙂0a🙂Zéλλ🙂 éééaZZ🙂 Z00Z\n\nλ🙂éλ0λ\u0000\u0000Z🙂 λλaé0🙂\néa\n\nééaé λZaλ",
      "length": 373,
      "input_sha256": "5b668e22a36bfcb05097d5dd98db7055ff8f7ae6b3ebe00d1d2e0ac163df6a91",
      "oracle": true,
      "canonical": true,
      "generated": true
    },
    {
      "label": "generated-38",
      "input": "",
      "length": 0,
      "input_sha256": "e3b0c44298fc1c149afbf4c8996fb92427ae41e4649b934ca495991b7852b855",
      "oracle": false,
      "canonical": false,
      "generated": false
    },
    {
      "label": "generated-39",
      "input": "🙂\na🙂ééaaZ\n0λ\nZaa0é 0λλ\n\u000000🙂\n\n\u0000🙂🙂é00\u0000 \u0000aé\u0000éλ",
      "length": 43,
      "input_sha256": "ca10a450be64e465a6bda2d7467fa3a77a51d3c28acf14dc88408679ed2dc586",
      "oracle": true,
      "canonical": true,
      "generated": true
    },
    {
      "label": "generated-40",
      "input": "Zλ🙂a\u0000\n\u00000\né0\nλ0\n0🙂🙂Z00\u0000Z0éé0 Zaé\n0\n \u00000Z0é🙂λZ\u0000  0Z00λ\n\n🙂a\n0λλ é λλ🙂🙂λλ0aZ\n🙂🙂0Zλ  0\u00000🙂\n λ 0\u0000 λZλ🙂Zaaλ\u0000Zé🙂\n",
      "length": 103,
      "input_sha256": "29e83846101bbee32c79edf7828bb5744a71fa952754120a7755eeb77977cf42",
      "oracle": true,
      "canonical": true,
      "generated": true
    },
    {
      "label": "generated-41",
      "input": "a0λZ\u0000Z\u0000🙂\né0aéZ0aéa🙂\nλ0Z\u0000 \n0🙂é🙂 🙂é00 \n\u00000 0é\né 🙂a00Zéλ🙂\n0\n0 aé\n\na\u0000\u00000\u0000λé\u0000\n\u0000\nZZ🙂aaééZλ\u0000\nλaé🙂🙂λéZ\n🙂\nZ🙂λ0 Zéλa\nZ0\u00000Zaa\u0000🙂0a\u0000éλ\n🙂\nλZ",
      "length": 124,
      "input_sha256": "c29e4e4035b71dda030b855e2f6d7fc0a3ffc94cb19e1ac690d18a3208e8d590",
      "oracle": false,
      "canonical": false,
      "generated": false
    },
    {
      "label": "generated-42",
      "input": "🙂0a\nZ0🙂🙂aaλé\u0000🙂 0Za\u0000λ",
      "length": 20,
      "input_sha256": "bd5d1b355d6f322ee72154cdee5afdee7b44ea100c57cbc31c42c3de60c5f145",
      "oracle": false,
      "canonical": false,
      "generated": false
    },
    {
      "label": "generated-43",
      "input": "Z éé\u0000é\u0000é🙂éλ0\u0000 \u0000  \n🙂\n 0\n\u00000Zλ0a\u0000🙂\n🙂\u0000aλé\nZ\né\u00000Z aa\naλ Z\nλé a\n\u0000\u0000λé0λé\u0000\u0000 é0λ🙂\u00000\u0000a🙂λ\n\u0000  🙂0Zéé\u0000\n\u0000\u0000ZZ λλλ🙂\n\u0000 λZéZ\u0000Z \n \u0000\u0000\u0000éλλa0🙂\n\u0000Z λ\u0000λ 🙂\u0000\u0000a 0éé0é0\u0000\u0000 ZZ0\u0000\na🙂\u00000aλ0é0\n🙂0🙂0🙂a\u00000Zλ \n\n",
      "length": 169,
      "input_sha256": "878fa7b0779050d4168adfffbefcc62c8ebeb61af66b2faa05a91369bcaaece9",
      "oracle": false,
      "canonical": false,
      "generated": false
    },
    {
      "label": "generated-44",
      "input": "aλ🙂Z🙂\n\u0000λ0\u0000Z\né\u0000 🙂\u0000éZa🙂\né0λéé\nλa🙂é0Z 0λaa Zé  \n \n\na🙂\n λé0 🙂\u0000Za0\n\u0000é\u0000λ🙂0éééaλ é0\u0000λλéλ\n0 ééZλ éZa\n\u0000\u000000a\u0000\nZZZ\né🙂\n\u0000\u0000λaZ\u00000 aé🙂 \u0000 \u0000é λ🙂\na λ\u0000🙂🙂 Zλ\na \u0000Z\nλZλZ 0Zλ\u00000λ00a00ééλ\n\nλéλ🙂\u0000\néZZ\u0000a🙂aλ 00λ\n0\n🙂0\n🙂a 0é🙂 \naa\u0000éλ 🙂\u0000éZλ\nZZλ🙂é 🙂λ\n\u0000 \u0000λ \u0000\n Z000 é🙂0\n\n🙂λ\u0000 \n🙂🙂éλé\u00000\nλ \n\u0000 λ éZ0\u0000éλaλ🙂ZλZλ\n\u0000ZaλZéa 00🙂0é0Za00 🙂aλ🙂\nλ🙂Zλaéa\n0Z0\n 🙂0λ0",
      "length": 309,
      "input_sha256": "089b10c93140d96fe524730d3110e2da3776ef0d0edc2d89c34886a00cac9bd5",
      "oracle": false,
      "canonical": false,
      "generated": false
    },
    {
      "label": "generated-45",
      "input": " é🙂\u0000\u0000aλ🙂λλ🙂λé0aa\n\u0000 \n\u0000\u0000\n\n\u0000\u0000é0 0éZ\u0000a0🙂λλZ🙂0a0\nλ🙂0\n\nZ\n\u0000Za \u00000\naZé\nZ0\n🙂🙂a\n\né\u0000ééaéλλ 00λλ\n\né\n🙂\u0000🙂\n\u0000🙂éa🙂🙂🙂Z\n\u0000\u0000\né\u0000é a0Z\n\n\nλ\nZ\néλ Z00 \nλ 0λZ🙂a\n\nλZé\n\nλ🙂0é\u0000🙂λZa🙂aa \n0\n \u00000\u00000🙂🙂 é🙂a0éλé\n 🙂Z\u0000\né🙂0\n\nλ\n\u00000\u0000aa 🙂🙂\u0000\u0000\nZ\u0000\u0000Z \na é🙂éλ00é\u0000 \u0000\nλ \u0000λλé\n\nZé\n",
      "length": 224,
      "input_sha256": "5d1fc9c465ca05f3f8ceebe97efa3f5d2b09526a5c0671c19729a67ad6803b0a",
      "oracle": false,
      "canonical": false,
      "generated": false
    },
    {
      "label": "generated-46",
      "input": "\naZZ\n0λ0Z\u0000Z🙂Za🙂éa🙂λ\u0000λ\u0000🙂λ0éé0🙂\u0000 🙂Zλa🙂🙂ZZZZ0 λλZ\u0000é🙂λ0éé  🙂",
      "length": 56,
      "input_sha256": "9cdea9d8bf5e636f30ccf373e4fb36570e3f5cd8cbce96910aeab148076c5c1d",
      "oracle": false,
      "canonical": false,
      "generated": false
    },
    {
      "label": "generated-47",
      "input": "🙂Za🙂a🙂\n🙂\né0a ZλZ🙂🙂a0 ZZéaλ🙂0\u0000\u0000aa🙂\u0000\n\n\néZ\u00000\n🙂\nZ\u0000Z\n0λ 0🙂\u0000λ λéλ0Za a🙂Z0\u0000🙂aa🙂λZ\nλ\u0000aéééZZ \n\n🙂\n \néé é\u0000Z0Z0🙂 Z a\na🙂0  é 0\néaλ\u0000🙂0\u0000aλ00🙂aZaéé \nλλaZa0 Z\u0000λ0\né a λ0Z Z\naZ 0Zλ\u0000aéa\u0000é éé🙂λ🙂 λ λ\n\u0000🙂🙂λ\n \u0000 λ 00aé0Z 0Z\na\nZ \n0\u0000 0\u0000éa\n\n\na0éZZa\né0\nλ🙂 0🙂λ\n\u00000\n🙂\u0000\n🙂\nλ\n00🙂ZZaZZ0🙂 é🙂λ\naZ",
      "length": 257,
      "input_sha256": "f7b8adc35e03d23bdf0b62d58c778fdb7ba5bea52afddbee045daea57fdbd268",
      "oracle": true,
      "canonical": true,
      "generated": true
    },
    {
      "label": "generated-48",
      "input": "\u0000\u00000Z0ZλλZ0\u0000λ0 λééZ0a🙂\u0000Z   λ\nλ \n🙂\n\n0  🙂\u00000 a aλ\u0000éa 0ééλλλZ ééλ00\n\u0000λ\naa Z🙂0 Z\n0aa🙂λ🙂λ\nλλ0\nZéaZλλ",
      "length": 93,
      "input_sha256": "693135b4638b32f443c88d926288e452a71670ed8f11769da6395e05d2eb354b",
      "oracle": false,
      "canonical": false,
      "generated": false
    },
    {
      "label": "generated-49",
      "input": "\nλλa🙂  \na0\u000000a\n\u0000é🙂\u0000λé🙂Z🙂 é\nλa🙂\n Z\u0000Z🙂\u0000aZ\u0000λZ00aéλ\n aZ0 0\n\na\n\u0000é \u0000éaZé 0é\né🙂a\u0000🙂a🙂λaλZ\nZ  λaZ a🙂aλ00\u00000éé0\n🙂00Z🙂Zé0ééaéZ0🙂éaaλ\n\n ééa 🙂\u0000a\naZ 🙂Z00\n\u0000🙂0λ \u0000 Z 0é🙂 \u0000\néaλ\nλ🙂\u0000\n\u0000\n\n λa0\u00000a\nλZλ\u0000é🙂\u0000é\u0000Z\n\nλZ\u0000🙂 0Z0aλ éZ 🙂",
      "length": 200,
      "input_sha256": "a3fd5ba9ac655802fb2bfb1355edbb3486193a35015958eb64d656db8790cbd1",
      "oracle": false,
      "canonical": false,
      "generated": false
    },
    {
      "label": "generated-50",
      "input": "\u0000a\n\n\nλ\n\néλλ\u0000éa00ZZ00a\u0000é0🙂a 0λλ a0λa🙂a🙂aé00é0é\n \nλ🙂\u0000  Zé🙂\n \n\n0Z0 🙂0Z🙂0\n🙂λ\u0000Z\u0000 \u0000a\n\n0a\n\n éλλ0ZZ\né0\u0000\u0000é🙂 0Z0ZZ🙂🙂ZZ\u0000\u00000aZ0a\nλ🙂Zéλ\n\né\né🙂\u0000λZa\u0000🙂0🙂a\naéaaé é \nλ0🙂\u0000\u0000λ\nZ λa\u0000🙂Z\u0000a \u0000\u00000a0aa🙂a\n0 aZaa🙂aZ🙂0éé\n\n🙂0Zλλ a\nλéa🙂🙂0a\n🙂aZλλ0\n🙂0 Zééλa\n\n \u0000λ0\néZaéa Z\u0000\nλ🙂 Z\u0000\u0000éλaa🙂é\n0  \u0000\n🙂Za\u0000🙂0ZλZ Zéaaa \u00000λaé🙂Zλé🙂éé🙂éZ éλa  🙂\nλ\u0000λ éé\u0000aλé0a\u0000λaλZ0λ\u0000 Z\u0000🙂é\n 0\n",
      "length": 321,
      "input_sha256": "b747cbfa94bfe93da3cc5df9e489bba257f06fbf62712456f08efdf81484d233",
      "oracle": false,
      "canonical": false,
      "generated": false
    },
    {
      "label": "generated-51",
      "input": "🙂 é\na00ZZ\n0 🙂\u0000 \n🙂\u0000🙂Z0 éZé0Z\u0000a🙂\u0000Za\n🙂\u0000é0Z",
      "length": 39,
      "input_sha256": "d53ca5a4aefbaa7df113763e701d98f545d19a40e1f47f6e8e0732b7dc6f5c9a",
      "oracle": false,
      "canonical": false,
      "generated": false
    },
    {
      "label": "generated-52",
      "input": "λ\n\u0000🙂Z\n éλa é\n🙂Zaa \n0\u00000é  ",
      "length": 25,
      "input_sha256": "4b1afe3b5ae70bea04a3c656283b32ca75433112e6738d2940f7d072ce3878a8",
      "oracle": false,
      "canonical": false,
      "generated": false
    },
    {
      "label": "generated-53",
      "input": "éZ🙂🙂\u0000\nλλ\nλZZ🙂\u0000\u0000é\u0000🙂é λa🙂  a\nλé\né\u0000λ\né\u0000\néaa🙂λaa\n\u0000\u0000\n🙂\u00000Za\néλ0\u00000🙂 \u0000",
      "length": 62,
      "input_sha256": "c573765a55478f6e7e063f5232990fa05e45730e009d07c296dd069414be7b49",
      "oracle": false,
      "canonical": false,
      "generated": false
    },
    {
      "label": "generated-54",
      "input": "aé0a\n0\n \n🙂λ é Zλ🙂 \n🙂a\u0000Zaéé\nλλZ  \nZ0a 🙂\nZé🙂\nλa0λZ\u0000\n\na\n\u0000Zé0\nλ\u00000éé\n\n\n\n0é\n🙂Z\n🙂ééZλλλλ🙂é é0🙂λaλZZλ\n",
      "length": 94,
      "input_sha256": "4521c93471def4a575afed304cb0cdca894bbdb70e65e262e966855ff9cc2d23",
      "oracle": false,
      "canonical": false,
      "generated": false
    },
    {
      "label": "generated-55",
      "input": "Z \u00000aλ🙂éaaa λ🙂\n\u0000aZ \u0000🙂\u0000🙂Z🙂\nZZé🙂 é\nλ\naa\n\u00000 \n🙂éaZé🙂 Z0éaZ 0é\n\né\u0000é\u0000🙂🙂\u0000\naé\u0000λ \u0000\u00000Zλ\u00000\n🙂λ\u0000\u0000ZéZ\u0000\n\n🙂\nZééZ\n0λa🙂λéλZé λ\u0000🙂 \n  λZλ🙂\n\u00000Z\u0000🙂\n\u0000 0aλλaZaλ\u0000λé\u0000   a\u00000\u0000λ\u0000é\na\u0000é00aZ\n\néZ🙂🙂0Z \u0000 🙂\nZZa\u0000λ \né a \nZ \n\nZ 🙂Zλ\u0000Zλ0λ\u0000a\u0000λa\u0000\u0000a0🙂aZ 0Zaa🙂0\na\u0000aZ\u0000\u0000ZλZa\n é\u0000Z\u0000\u0000\n\u0000🙂\u0000a\naλ\u0000🙂\u0000\u0000🙂Z 0 a0 \n\u0000\n0aλ 🙂\né000λa\u0000a🙂é\n\nλ\nZ🙂\u0000🙂éZλ\u0000  Zaλ éa🙂 \u0000Zé\u0000éé\néZa🙂é0éa\nZZ0a\u0000 \n\n\u0000Z\u000000a\u0000Z🙂",
      "length": 327,
      "input_sha256": "0f3790c8127e063be3d9d7806113d17b0438577d54f7cf3aa001f8c13a902f4f",
      "oracle": false,
      "canonical": false,
      "generated": false
    },
    {
      "label": "generated-56",
      "input": "\n0é0\u00000\n🙂0λ\u0000\n  a0λé\u0000é\u0000🙂\n\u0000a λé\u0000\n\u00000\u0000é\u0000\na \u0000aZ \n\na é\u0000\u0000\nZ éa  aZ🙂λ Z\n\n\u0000\u0000🙂🙂0λ🙂\u0000\n0🙂 🙂0a\u0000\n\naaéZ0a🙂🙂aé0🙂éé\néλ 0Z \u0000ZZ\u0000a0🙂\u0000λ\u0000\n0Z0a0Z \u00000",
      "length": 123,
      "input_sha256": "3ed2ac68d8f057a0493589ddf519dd69a3320b2067a57319bdd74fc23c9ecdb7",
      "oracle": false,
      "canonical": false,
      "generated": false
    },
    {
      "label": "generated-57",
      "input": "0 0 é0a éZ0\u0000\u0000Za0\u00000a\n🙂\u00000aaa\u0000 🙂\u0000Z\na0\u00000\n\nZ00λλé\nλλλ\nZ0é0ZλéaaZ\u0000\nZ 0\n\n🙂éé Z\néλaλ\u0000\u00000é\u00000\u0000 ZλéZ é0éλλZ0λaé\n 🙂\u0000é Z0ZéλZ 0\u0000λZ0λa🙂λ0🙂λ \u0000λZa\n\n🙂🙂🙂0 Z\u0000 🙂a0λ🙂\n0é \u0000a0a éλ 🙂\u0000é",
      "length": 159,
      "input_sha256": "6db6ac45d9363df1cd44f76cb250d62818c731fa77ca62e19d5d834a66422b57",
      "oracle": false,
      "canonical": false,
      "generated": false
    },
    {
      "label": "generated-58",
      "input": "\u0000\u0000aZ🙂λ🙂Z\na\u0000ZλλZ éaé0é0🙂\u0000 λééZ0\u0000a🙂\nZλZ\na\n\u0000λaZaZ🙂Z\u0000🙂Z\u0000🙂λ\u0000λλ🙂0🙂0éé0🙂ZZ \u0000 \n\n0Z0🙂λ0\u0000éa\né0λZa \n\n0éλéé0\né \n🙂\u0000 0λ\n\n0éaé  λZ🙂\n\u0000é  ééZ0Zaa0λé0🙂0λZ🙂🙂aé\u0000🙂\n0\u0000\n🙂 🙂é é λ🙂 \n🙂é🙂\u0000000\u0000λaéa\n\n0\n ZλZ0\u00000\n a0 λa🙂🙂\u0000aaλ\u0000é 🙂λé🙂 Z0\né\n \n🙂aa 0é\u0000a0a🙂🙂a0\né aZZZZ é\u0000 🙂a0λ λé aZ 0éλaλZλ λZ Za \u00000  é\u0000\n🙂\u0000\u0000🙂0\n🙂0\u0000ééZ0ZλaZ🙂Z0a Z🙂\u0000a\u0000Za🙂Z0é\u0000 a\n0\u0000🙂λa0é🙂\u0000a🙂ZZ🙂aZZZλ0🙂\u0000🙂🙂Z\u0000 aa \u0000\n0aé🙂a 0 éa\n 🙂0🙂 0éZλ00Za \u0000λ🙂\u0000\u0000Z \u0000éaZ0a 0a🙂a\n  éZ 🙂🙂Za \u0000aZ\nZ ",
      "length": 395,
      "input_sha256": "8d11ae45833c65453f66785362097b8933715c95fcd2e6b51291159483dc970e",
      "oracle": false,
      "canonical": false,
      "generated": false
    },
    {
      "label": "generated-59",
      "input": "Z00🙂\nZ0a\n0\u0000 0λ\nλ🙂\u0000\u0000é🙂Z0Z🙂🙂0Z🙂🙂éλZaa 🙂Z aλ\u0000\néa\n\u00000\u00000\u0000é\n\u0000aéé0éλaa 0Z0a🙂\u0000  0\nλλ\nλ🙂\u00000  Z \u0000\n\u0000ZZZ \u0000\n 0λ\naλλa\n 0 λ0ZZa0\né",
      "length": 113,
      "input_sha256": "083f76311a08154f59e291462e87331dfff207ea684fc24bc88fdb6ed9e7856a",
      "oracle": true,
      "canonical": true,
      "generated": true
    },
    {
      "label": "generated-60",
      "input": "aZ\u0000Zé\naλ\u0000éé\n\n0🙂0  λ\n🙂\u0000 λaZ🙂a🙂 éZaZλ0\u0000\u0000\nZéa \n 0Z\n0🙂🙂a0Z\nλλ\n\na \n🙂é000 Z\né\u0000λλ0é\u0000λ🙂🙂\u0000🙂\n\u00000🙂  λé\u0000\n Zλλ0\nZa🙂é\u0000 🙂\né 0é\u0000🙂é0aé\n \u0000Zé\nλ é0é\n \n🙂\nλé🙂0 λ 🙂\n\u0000\u0000🙂λ🙂a0  λλ🙂 Z λ\naλ0Z\u0000aλéa\u0000Z 🙂éé\na\u0000\u0000🙂\na\n0🙂0 \u0000λé0🙂aZλ\u0000🙂 \n0λ🙂 0\u0000λ🙂\u0000aλ\u0000🙂🙂λ\n\u0000\nλ\n\n Z\u0000\naλé\u0000\u0000\naaa🙂λZλ00éaλé\u0000🙂Z Z🙂\u0000Zéaa\n\u0000aλ\n\u0000\nλ00a\u0000\néλ\n🙂λé0🙂ZééaZéZλZZa0ZZ\u0000\u0000\u0000éaλé🙂 a",
      "length": 297,
      "input_sha256": "3fdab1658e3ee140561eae3fe09eb65e3f99201278636fcba1554a77627e1052",
      "oracle": false,
      "canonical": false,
      "generated": false
    },
    {
      "label": "generated-61",
      "input": "0ZλZλa\u0000\nZ\u0000éa0 \u0000éλ0 λ Z🙂\n0é  λ0 aλ0a🙂 éλ\n🙂\n0 🙂🙂\u0000\u00000 a\nZ0 λ0λ\n0aλaa🙂a0a ZλZλé🙂\n\n\u0000\u0000λ🙂🙂\u00000λλa🙂λ  λé  λ\u0000Zé0 a 0λé 🙂Zλaé🙂 a 0 é λ0\u0000Z \n🙂a\nλ\n🙂0  \né0\n🙂\u0000a\u0000éaé🙂0\né🙂\u0000🙂🙂",
      "length": 154,
      "input_sha256": "26bd34ac57c84224601e3ab6862861f4fe8d42906c423602e80aa47bbab97f73",
      "oracle": false,
      "canonical": false,
      "generated": false
    },
    {
      "label": "generated-62",
      "input": "Z🙂λ0🙂\u0000Z0Z\néaaa\u0000\n é🙂🙂a\né\n0aZaλλZZa\n\n\u0000λa \nλ\néé \naéaa\n\u0000λa0Z\u0000🙂é 🙂\n\u0000 Zaλ🙂a\u0000λ0λ",
      "length": 73,
      "input_sha256": "c555b51f852aa64f55303dabf0e9d1427aa594b137eb81c7926145fdd7630cd7",
      "oracle": true,
      "canonical": true,
      "generated": true
    },
    {
      "label": "generated-63",
      "input": "aéé λ0λa🙂 é 0λa λ\u0000\n\nλ0λa🙂\u0000é\nλaé🙂éZaλ🙂a\u0000a0\n🙂ZZéaZéZ\u0000aéZ0é\néa0\nZa\nZ0é\néé\u0000\u0000é \u0000é\n\u0000\u0000λé\u0000🙂0\u0000a\u0000λa0\nééZλZ\n\u0000  aλéλéé 🙂a\na \u00000🙂a\nλé\u0000\né🙂00Z é0a é0é\u0000aλ0Z\u0000\u0000🙂a\u0000a🙂é\u0000 \nλZλéλ\u0000λ\u0000\n0λ λ\u0000é\na0\nZ0éZ0ZéλZa\n\naλ0Z\n\n🙂0\naa🙂",
      "length": 193,
      "input_sha256": "6dcc9d3538b0a72b55ba7f95a83908ed43bbb95d2aa10b3d9c32b42f774fcffb",
      "oracle": true,
      "canonical": true,
      "generated": true
    },
    {
      "label": "generated-64",
      "input": "0éaZ\néλZ\u0000🙂 éaa 🙂 0🙂\nZaaa   λ0λ\u0000éa0\u0000λ0Zλ🙂λéλ Za🙂λ🙂λ 🙂a 🙂Z\u0000\u000000λλéλé\u0000aλaZ\nλaéa0 λa\u0000 \u0000\nZ0\na \u0000\u0000\naaλ00\n 🙂0a\n\nλ🙂🙂\u0000\né\u0000éa  \néZ\n0\u0000\u0000\n 0🙂Z\u0000Zé🙂🙂 00\naλλa ZZaZ\n\u0000a0🙂 \u00000\u0000ééé🙂\u0000a\n🙂aZZ\naZ a\n0éZ🙂Z\n 0λλ0aλ\nZZ0🙂éé00\n🙂\u0000\u0000λ Z\néaλ0λ0  0λλaZ🙂λλ🙂a\u0000\u0000a\u0000\nZ\n\u0000 🙂\u0000λé\nλZ\né\u0000λ λ\n \u0000🙂 λ🙂aλZéZ 0 Z é 0🙂0Zλaaé🙂0λZZ0🙂Zéλ0Z🙂Z🙂\u0000é\na aééλ é🙂0ZZéa\néZ🙂λaZaaa",
      "length": 309,
      "input_sha256": "3885cb1c48b5f9933c643d596b6a399e0d79f981e5f2d1fb7eb653392916b6da",
      "oracle": false,
      "canonical": false,
      "generated": false
    },
    {
      "label": "generated-65",
      "input": "\u0000 \n\u00000λ  \n00λé🙂é\u0000\u0000\u0000λZéZ\u0000\u0000Zλ  \u0000\n\u0000a\n \n0aééaaλ0 é0éλé0 \n ééé\u0000\u00000 Z🙂\u0000🙂0\u0000\nλ\n\u0000λZλλ🙂é0 \n\n Z\n λZλλéZλ\u0000\u0000λ\nλ é\n\u0000a\nZλZ\u0000λ🙂é🙂0 0\u0000\u0000 0aaé aλ🙂é🙂aaZZa🙂0🙂\nλ🙂Z  0Z🙂🙂éλ0λ 🙂\u0000\u0000\u0000\naλ0 \u0000\u00000🙂 Za \n0🙂éZ \n \n Z\u0000 Z",
      "length": 180,
      "input_sha256": "32f9f01ab7674e13845e943a65f6930695bdaa4ea23de83b60941d2c509c246f",
      "oracle": false,
      "canonical": false,
      "generated": false
    },
    {
      "label": "generated-66",
      "input": "λ🙂 \n Z é \u0000🙂aZZ🙂λééa\u0000aλ\u0000\n🙂éλaZéλ🙂🙂0λ\né\u0000\u0000\n\u0000  λ🙂0🙂🙂é0Z",
      "length": 51,
      "input_sha256": "9e5f95ade25b9b402b13fb8935ce73f2ce6312f553c3f2e9fe112d6e40235c5a",
      "oracle": false,
      "canonical": false,
      "generated": false
    },
    {
      "label": "generated-67",
      "input": "\n0🙂λ0\u0000Z0   é0\u0000éλaéaλ0a λλa \nZ\nλ 0λ🙂\u0000a0Zλ0\u0000\u0000\na ZaZλZ\naλ🙂é0\u00000é0é\n0éa0\u0000🙂Z\u0000 é0éaa\u0000Zééa🙂\n Z🙂éZéa\u00000aa0a\n aé0é\u0000aéé\u0000\u0000ZZ\nZ🙂\u0000 ZZ \n🙂\u0000a Z\u0000Z\nZ \n  0éa\n Z\n0λ  🙂aλ Z aZ🙂λ\u0000🙂\u0000ZaéZ \n 00é🙂0é0a0Zλéλ0Z\nλZ\n🙂\u00000Z  0🙂\né\nλ🙂aZ0λ\n\nZ\n 0🙂λλλλZ0🙂a λ\n\n aλ\u00000\na\n\néa \nZZ0\u0000ééZa\n\n🙂\n\u0000λé aZ🙂",
      "length": 251,
      "input_sha256": "eca1c7e2ca388937305a5dbccb968ca889fbc1f97bb2105c0abc49534dfdab6c",
      "oracle": true,
      "canonical": true,
      "generated": true
    },
    {
      "label": "generated-68",
      "input": "é 🙂\n\u0000\u0000éλ\n \naZé\u0000🙂ZaZé \n\n a  é🙂\nλ🙂0\u0000é\u00000🙂éa🙂λ0 \néλ\n0éa🙂🙂é\u0000\né \nλ0 Zλé0a\n🙂Z🙂Zλ🙂Z\u00000🙂\n🙂a0🙂 🙂🙂a\n0λλ🙂é🙂aééaé🙂\u0000é\u0000a🙂λ\n🙂λ\u0000a🙂🙂λ00\nλ\n🙂\u0000é0\nλé0\n\u0000aλ🙂\n🙂0🙂é   λ\né0aZé🙂🙂éé🙂λ🙂🙂\u0000\u0000\nZλ\n🙂Z0a Z0λλ é 0 \u0000 é\n\n aλaa\n\n aZaZλ0éaééλZéaλ0a🙂é🙂λ\u0000\u0000 aλ\u00000\u0000\nZ  \u0000λa0🙂éλa🙂🙂\né🙂\nééé\u0000🙂Z Z🙂Z \u0000\nλ\u0000 λ\n00éaaa\u0000\n Z\n\n λéλé0\n🙂\nZ0ééaa🙂 aa\n🙂0 λa🙂 🙂Z\u0000a \u0000\u0000aéλλa",
      "length": 304,
      "input_sha256": "5e9e66ef368b7928d5644197b9f26c167a03e01e0d028ec4940385b6c194ecd0",
      "oracle": false,
      "canonical": false,
      "generated": false
    },
    {
      "label": "generated-69",
      "input": "\u0000Zλ\u00000\né \u0000\nZZé\u0000\u0000λ\n  🙂🙂 Z\n🙂aZZ0\u0000a\n Z0Zé0λ λé🙂éZ🙂Z\nZZ🙂0🙂\na\u0000Za0é🙂\u0000\n \u0000éλ  éé\n\u0000Z0λ\né\n a0\u0000λ 🙂\néé\u0000a ",
      "length": 92,
      "input_sha256": "0c0bc777472298906452b4d19274ce7ea0c1c53d08a447a49b96686258f1f2cf",
      "oracle": false,
      "canonical": false,
      "generated": false
    },
    {
      "label": "generated-70",
      "input": "λ🙂 aa\u0000\u0000é\u0000λa \n\u0000 \n0éaλ 00 00a\n🙂a0\n\u0000🙂\n\u00000 \n\u0000Zaλλ\u0000λ\u0000é🙂\u00000🙂λ\n\n\nλaaéa\u0000λZ🙂éZ00λZéééλaZ\u0000é0éλ🙂\nZéa Zé0\u00000aa\nλλλ🙂aa  🙂λa🙂λéλ\nλéλZéZ🙂 Z🙂λ0🙂Zaλλa aλ🙂   λ \n\u00000Z\u0000\u0000\u0000a\u0000Z\u0000Z\u0000λ\n\u0000éZaa🙂Za\u0000\u0000\u00000λZéZ🙂🙂λ0 0Zaé0λ\na🙂a🙂0 0 0λ0 ZZa \na🙂\u0000Zλ🙂0Zé\u0000éλ\n0aaé🙂éa0 aa\n\nZéZλaéé\u0000🙂\u0000 \u0000Z\nZZ λZ",
      "length": 244,
      "input_sha256": "ae72b274971a2bfa1d1a767a767057c7ef79ea4ffebf8152694a3ce58e1f30cc",
      "oracle": false,
      "canonical": false,
      "generated": false
    },
    {
      "label": "generated-71",
      "input": "🙂aZ🙂a🙂\u0000a\u0000\u0000Zλ\u0000\u0000a🙂🙂 \n000 0\nééa\u0000Z0aa\n0\u0000Z0\u0000Z\nλa é\n\u0000ééa\nZ🙂a λ00\nZ0  λ é\n\n\n\n🙂\u0000é\u0000 Za000λλ\n0a0🙂\u0000a  λλ🙂🙂\u0000Z🙂Z\u0000\u0000Z \u0000\n🙂aλλéZ\u0000 Z 🙂 🙂0\u0000a\u0000éλ Z00aa🙂🙂Za\u0000🙂0é\u0000λ\u0000λ 🙂\u00000\u0000éa🙂λZ\u0000ééé\na\u0000 Zaa0 \n🙂a0Z🙂λ\nZa0Z\n\u0000\nλ\n \n \n\u0000λ\u0000\na\n0é0a  \na🙂🙂aZλ\n\u0000λ\n\u0000🙂λ\nλλ\n \u00000\u0000🙂Zλé\u0000ZZ\u0000a🙂\n0🙂\na🙂🙂 λ🙂aé\u0000\u0000λ0a\n0Z0 \n éλ0 λ0🙂éé 0\u0000",
      "length": 266,
      "input_sha256": "ebd11db8decbb8e01e9c701c054b6842e8780838976d1ac0425bf3a2ea59fb81",
      "oracle": false,
      "canonical": false,
      "generated": false
    },
    {
      "label": "generated-72",
      "input": "\n🙂🙂0\n\u0000é\nλ🙂é0\u0000λ\u0000Za\u0000 é0λé🙂a🙂a\n aZaλ🙂éλ\u0000 0Zé🙂\u0000 \u0000λ\nZZ\u0000🙂0Z λ\né   λ\u0000Z🙂a0🙂éaλa\naéZ\néé\u0000λ éλZZ\n a\u0000 Z🙂 \n🙂éZ0 0ZZ🙂🙂0\n Z é0λ 🙂ZZλZ0a \nλλ 🙂 \né\u00000 Za🙂🙂Zé🙂Z\u0000λZ\u0000\n🙂Z\n \u0000🙂a\u0000éZ🙂λ λ\u0000🙂\nλ\u0000\u0000é🙂🙂🙂\n\nλ🙂Z\n\n\n \u0000λ\naaZZλ  a🙂   0a\u0000a0🙂éé 🙂0\u0000é0aZZé\n\nλλZ \naZ \né\n aaé\u0000\na\naλ🙂Zλλ0\n\n a\u0000\n\u0000🙂 λé\n🙂00a🙂\nλ\nλλ\u0000  🙂λ🙂λ00λ\n0 é\u0000éa 🙂é🙂0🙂🙂 🙂0\u0000é\u0000Za0Z\u0000\u0000é\u000000Zλ Zéλé\u00000 éa 🙂λ\na0Za0Z é\u0000a éé0é\u00000🙂 é0Z\néλZ0a0λ\u0000",
      "length": 348,
      "input_sha256": "ae3a3bcd4850ca434f3bdcd1ad87ef65522b2ec10ad2b680f53284ef38dcf0f2",
      "oracle": false,
      "canonical": false,
      "generated": false
    },
    {
      "label": "generated-73",
      "input": "aaZaé\u0000\n\u0000aaλλ🙂λ0\u0000Z Z🙂\n\n🙂🙂é0\néλ\n \na0\n\n a\n\nZ🙂ééλZé\u0000a0a\u0000\u0000éaa🙂a🙂Z0\u0000Z\nλ \u0000 éé\u00000\n  éZ\n🙂🙂a\n\n a λZ0a\nZaZ0🙂Z000🙂\nλZZé0λ🙂éZ\u0000ZZ\n 🙂aa\u0000\n Z\n🙂Z\nλéλ🙂🙂0λ\u00000\u0000ZZa\u0000 a0λ\n\u0000\n\u00000 \u0000🙂 é",
      "length": 155,
      "input_sha256": "a9bfb3047b2f8df9a0c7b50b981158364f2af6fdcac8a61a636f89efde24e1ac",
      "oracle": false,
      "canonical": false,
      "generated": false
    },
    {
      "label": "generated-74",
      "input": "0\nλ0🙂Zλé 🙂 λaéa\u0000🙂\n éZλ Za\nZ🙂🙂\n0 0🙂\u0000\u0000 a\u0000\n🙂éλZ0λé🙂\n00\u0000\naλ🙂Zé\n \n0é\n \u0000é🙂0Zλ\u0000\n0 a\n\nλéλλé\né0\n\n\n\u0000λéλaé 0🙂Z🙂0é é🙂λ🙂🙂🙂λ \n0é0λZ\u0000Z \n🙂0\n\u0000a🙂λ\u0000 0 \n0\n  aZλ\na0a0🙂  \nλZλaé0Z0é\n0Z🙂 a0aZ0é\u0000é \né \na  é aa \u0000λéé a0λ\u0000é00λé\u0000a🙂é\u0000λ\n\u0000Z0λ\nZ\u0000\u0000🙂Z🙂λ Za\nZ é 0λéZ🙂a\u0000Za\u0000 🙂\n0aZλ\u00000\u0000é\u0000Z\nZZλa🙂éaZa0Z \nλλééé0éaééλ\nλλ0🙂🙂🙂λaλZaa🙂0a Z0\u0000λ 00🙂λ \u0000\u0000éZ🙂0\n0 λ0 \né\u00000Z\n0λ0\n\n🙂λé🙂🙂🙂λ0éaZ",
      "length": 334,
      "input_sha256": "e52d602f9f1e46f29029a4fd6f5123205c76cf85d1572fffb9358d6c0bc973cd",
      "oracle": false,
      "canonical": false,
      "generated": false
    },
    {
      "label": "generated-75",
      "input": "\u00000 0éé\u0000\n \n0\nλé\u0000🙂aZ00\u0000λZ0 🙂 aé\u0000a\né\n\u0000λa a \n aa\néλ\n 🙂0λa\u0000éλé0é\n0ZééZ 0Z a0 Zé🙂 λé\u0000λ aaaé\u0000λ 0Zλ λa aa\u00000🙂Za🙂\na0aéZ é\n\u0000éa🙂Z\u0000  0 ZZ 0aé🙂aé  0Zé Z\nλ\n ZZZa\n\naZλ\u000000\n0🙂 éλ0λ\n0Z\u0000λ🙂Z\n\u0000Zλ\u0000λ🙂\n\u0000é0\u00000\u0000 \u0000\nZ\u0000λaa ",
      "length": 192,
      "input_sha256": "59ad9171193fe5789a696b2669fe207181cd194c794123518216fd7cfe69171a",
      "oracle": false,
      "canonical": false,
      "generated": false
    },
    {
      "label": "generated-76",
      "input": "\nZaλ0 aéλ0\u0000éa\u0000\u0000\na\n0λ\u0000\u0000λaλé\u0000🙂\u0000Z\naé🙂é 0\né λ\u0000Z\n0λλ \nλλ 🙂 λZλZ 🙂🙂🙂🙂aé\u0000éé\u0000\u0000a\na\né \nλ\u0000🙂λ",
      "length": 81,
      "input_sha256": "c552f7330a3223c0c9cde3dd794c6907c44a870b945142e2e2181e8817172bf2",
      "oracle": false,
      "canonical": false,
      "generated": false
    },
    {
      "label": "generated-77",
      "input": " λ0\u0000🙂é0\n\u0000 🙂aλ0ééλ🙂éλ🙂\u0000  \u0000\nZ a🙂\na🙂0🙂Z🙂0aλλ\u0000\u0000Z0a λ \n\nλZé0λa🙂0λ λé🙂🙂Za λ0é00\nλaé\na \naéa🙂🙂éλ🙂λ\n a\n\n\n Z🙂λé0λ🙂aééλ0 🙂0\n\u0000Zλ🙂\n00🙂\u0000\n\nZaa🙂λ\u0000Z🙂\nZ\n\u0000Z\n é0aZZé\u0000\n🙂00\u0000 0\u0000é0éλééZé\u0000🙂Z\u0000\néZ\u0000 éZZ Z\u0000\né\nλéZ\u0000 Zé\n  🙂aaaZZ\n 0🙂\u0000a\u0000aé🙂aé0aé é é é\u0000\néZ\u0000a00éλé🙂\nλλ\u0000 é Za\n0éaé \u0000a\u0000Z🙂ZZ\nZ \u0000🙂\nZ\u00000 \u0000\na🙂Z \u000000λλ\nZ0λ 0\u0000a\nλééλ0λZ0Z  Z0\u0000 a0λ🙂Zλ00Z0\n éλ \u0000 λ\u0000 é\u0000🙂\n0é0Z\néZ\u0000λ0Z\n λλ\u00000 \nλ🙂0🙂Zλ0🙂λ0Z é🙂\u0000🙂λ0Z\naéaa0🙂aaé🙂🙂 \nλZZ\u0000🙂🙂Z",
      "length": 379,
      "input_sha256": "7a73f6269f856d3da858cb9922343cbf608a98b5576483118d6403f7e2e8c794",
      "oracle": true,
      "canonical": true,
      "generated": true
    },
    {
      "label": "generated-78",
      "input": "λλ0é\u0000🙂0aZ \néλλ\n\n🙂ZλZ0🙂aλ🙂\u0000Z🙂\u0000Zé\u0000é\n0\u0000λa🙂  aλZλZλ\u0000 éλa\u00000\n  λaé\u0000\u0000λλ aaZ🙂λéλ\nZ 🙂0λ\n0λ é 🙂🙂ZéZλéa0a\u0000 a éZé\n🙂\u0000é🙂a \u0000🙂\n🙂\u0000🙂0\u0000 🙂\u0000 \néa\u0000 \na0a\n \nλZ0\u00000a🙂\n \u0000🙂é aZ\né \né\u0000é0 éé\u0000\u0000aλé é\n  0🙂λ🙂λ\nλ\na\u0000aλZéλλ \u0000 Za\u0000🙂Z00🙂🙂ééa\u0000a\n\n\n\u0000ZZ0 0é\n λ\n0Z\u0000\néZ Z λ0 é🙂 ééZλ0Z0Zλλa\n0\u00000λ \u0000aZ\n0\naéZ🙂ZéaaéZé  \u00000aé🙂0 é\n🙂\na🙂ééaa\nλλ0éZééZ é0aé\u0000aλa\u0000\n\n λaλ\u0000aé\u0000\n\nZ🙂🙂λ λ\u0000a\u0000\n\naaa0λλa \u0000\u0000\u0000\u0000Zaéλ",
      "length": 341,
      "input_sha256": "d8ad685cc043fbe191d83afe8cd96215357a862f3fcb0fa301296125608203c0",
      "oracle": false,
      "canonical": false,
      "generated": false
    },
    {
      "label": "generated-79",
      "input": "\u0000éaé\nλéZZéa\u0000a\nZ\u0000\n\n0a0  é0🙂0a0a\n\n é\u0000Zλéλ🙂🙂a\u0000\u0000λ\u0000λ00 éZZaλ🙂0éa0\n🙂\n0🙂\u0000🙂aa0🙂aaé\n\n\u00000\naé λ🙂\u000000λ\u0000\u0000a🙂é\u0000a0\u0000Z \u0000\n \u00000🙂λ\n0aλ0ZZ🙂🙂ZaZ\n🙂🙂é\n\né\néé\u0000🙂aλ\u0000\n\u0000Z\nZé00é🙂\n0λ \nZ\u0000a 0\u0000 🙂λéλλ0Z\u0000é\u0000a🙂 é🙂\u0000é 0Z🙂🙂🙂 0Z λ\u0000🙂é\n0a\nλ  ZaZ🙂 🙂🙂λ\nλ0é0Z\u0000 \nZé0é a🙂\u0000Zλ\u0000é\u00000\n🙂λ0λ\n🙂λé0 0\u0000λé🙂λ\u0000 \nZ  \u0000λ é🙂\n\u0000🙂λaλZ0aé0 a\naλ🙂aλaλé\u0000\nλ00Z\u0000🙂0🙂 0éλ  é🙂🙂 Z\nZ\u0000\nλ  \n🙂0 a\u0000\n🙂 Z0🙂0🙂\u0000",
      "length": 317,
      "input_sha256": "ca7e612ab736b1b7b14b8e6db8b7fa700f62c12b0954a9def567eb542a81e78f",
      "oracle": true,
      "canonical": true,
      "generated": true
    },
    {
      "label": "generated-80",
      "input": "\u0000aZaλ0λ\u0000\n\n0\n0\né\n é\u0000é\u0000ZZ 🙂0aa  \u0000éλλééaa0λa \u0000 ZλéZéé0\u0000é0🙂\u00000🙂 ",
      "length": 59,
      "input_sha256": "14563f9e5463da5b32b9f57882379bb93837a486b4f8f0f777de37e9dbede51e",
      "oracle": true,
      "canonical": true,
      "generated": true
    },
    {
      "label": "generated-81",
      "input": "\n \u0000\u0000🙂\u0000Z0 Zλ\u0000λ 🙂aZaλa\u00000a\u0000\u0000ZZ🙂\u0000a\u0000\u0000 Zéa\u00000Z \u0000 λ Z  a 0éλλ ZaZaZ🙂0éλé🙂\u0000a\u0000λ\n\n🙂\u0000Z\u0000\nλ🙂ZλλZé\u0000🙂é \u0000é00a\nZ0\nλ🙂 éZ0éλ0éZ \u0000Zé🙂 éλaaλaé0 aa é🙂  \n\u0000\né\n 🙂Z éé\u0000λ\n🙂🙂Za\n🙂\n\n",
      "length": 151,
      "input_sha256": "f5ba7798b782d715d0069e572887c9a63fb4ea88d6db0f0b680fc985eda1f70f",
      "oracle": true,
      "canonical": true,
      "generated": true
    },
    {
      "label": "generated-82",
      "input": "\né0Zλé aλ0\u0000éa0Zé\n\u0000Z\né0\u00000\u0000é\u0000λ\u0000Z\né\u0000🙂λ0éZé0🙂0λ éé\na\u0000λééa\nλ0a\naZ\nZZa0Z0🙂\né🙂\u0000éaé🙂a0\u0000Z\u0000aéé\né \n é\u0000\nλ0\n\n0λλλλa \u0000λ\n🙂Z0λ Zλλ\n é\néaéZ🙂0ZZé🙂\néaééZ🙂\u0000λ0a🙂\u00000\u0000λa\u0000\u0000é\u0000\n🙂00λaaλ\nZZ é🙂\u0000\u0000\néZ00Z\u0000éλ\n\n0Z\u0000λaλa🙂\u0000 \n🙂λλ🙂 🙂0λZ0λa\u0000éλλZé\né0🙂λ0a  ZZ🙂 \nééa🙂éZé🙂🙂0 \n0 é🙂\naλ \u0000λ é\u0000 0\u0000🙂λZZ🙂\n\u0000\u0000\u0000aa0🙂aéZ🙂λaZλé\u0000\n a 🙂🙂\n🙂\n🙂0   0\u0000é🙂λ0a\n\n\n λZZa0\na\u0000\u0000\u0000λZλ\nZ\n\u0000λéZλ \n \u0000\u0000λaaa\n\u0000Zλ🙂0Z\n\nλ0λZ0a🙂🙂λZéZ🙂\u0000Z🙂λ\u0000Z\u0000é0\nλ\n\u0000 λ🙂aéé\n aa\né🙂λλ0\néZ\u00000Z\n \u0000\n\u0000 éé0a\n\u0000",
      "length": 394,
      "input_sha256": "5cbdf9afe841cb07d98e72008b79e5f1dfc322151bedf14c1b306b22915bb565",
      "oracle": false,
      "canonical": false,
      "generated": false
    },
    {
      "label": "generated-83",
      "input": "\n\n🙂\né0λλZ \n🙂a\naZ   \n🙂λZaλ\u0000\na\né\u0000λé \u00000\u0000a\u0000\n\u0000\u0000 \n\u0000🙂a🙂Z🙂a \u00000🙂a\u0000🙂éZλa\u0000🙂a\naZé Zéa 🙂🙂0Zéλ🙂éλ a Z0Za\né0Z\u0000λZ🙂\u0000aλZéZλ  Z\u0000🙂a éZZ \n 0a\n  0éZ🙂a\n0\né\n🙂🙂λ\u00000\né\u0000🙂a🙂 🙂Zé\u0000🙂 aZ0\u0000\nλ 0Z🙂ééZ\néλ 0🙂éé🙂\n🙂Zé0Zé\u0000éλa  é0🙂\n🙂  Z a 0\u0000 a\u00000λλZ éλ🙂Z\n\n0🙂Z🙂λ🙂🙂Z0ZéZé aλ",
      "length": 229,
      "input_sha256": "c35c23b068b67170a8d338eb1b3f181f4f281f61081556b362262bed09efef8d",
      "oracle": true,
      "canonical": true,
      "generated": true
    },
    {
      "label": "generated-84",
      "input": "\u0000Z🙂🙂0",
      "length": 5,
      "input_sha256": "421dd8691119ad92091b1ba4421a2888924886333e883b86c1c053b30ec6ecf2",
      "oracle": true,
      "canonical": true,
      "generated": true
    },
    {
      "label": "generated-85",
      "input": "λλaaZZλé0\naé🙂é\u0000\n\nλ Z\nλa🙂aaZ aZ\néλλ🙂\u0000\u0000\nZéλ0λλZ🙂  é\n\u0000 \nλ \u0000\u00000éa\nλλaa aéλ0é0\u0000Z\n🙂\n0é🙂λa 00aZ\u0000ZZ λ\u00000🙂λλ\u0000λλa🙂 \u0000Z00aé\u0000aZ0\u0000🙂🙂λ  λ \u00000é0λλa🙂 0aé  λ0\n\n\nZλ🙂 \néλ0🙂Z0\u0000aZ\u0000 \n\nλa0a\u0000Z\u0000  é\nZλZ Zλ é🙂a\n 0Zλ ZZ0aλaZ🙂🙂éZλ🙂\u0000🙂\u0000🙂a\u0000λ 0λλ\u0000\u000000a λaé🙂Za\na\u0000Zaλ0a\nλ🙂Z0\u0000 Z\n éa\u0000λ🙂\né0é λ 🙂Z\u0000λ  \nλZa 0λZ \u0000Z0 ",
      "length": 270,
      "input_sha256": "5e27a4c7e1683a3b437685beb0422119aa87922bbc2f69aed860328d6aee0cf3",
      "oracle": false,
      "canonical": false,
      "generated": false
    },
    {
      "label": "generated-86",
      "input": "éé\u0000λa🙂🙂🙂\u0000",
      "length": 9,
      "input_sha256": "9eb76341c2ada39fab2bbd487e12cdd98f780a69772d60f5b8b5c0890ff0cab0",
      "oracle": false,
      "canonical": false,
      "generated": false
    },
    {
      "label": "generated-87",
      "input": "🙂0🙂🙂00é🙂 🙂\u0000🙂Z0a\u0000\naλ \u0000 0\n ",
      "length": 25,
      "input_sha256": "363a2a676cdfa088974f8b2e389f86ae8bfa052651b86cc6fda6b809eb31bebf",
      "oracle": false,
      "canonical": false,
      "generated": false
    },
    {
      "label": "generated-88",
      "input": "λ0λZ0Zé \n0\n\n\n0 0\u0000\naZλ\u0000 🙂λa\n λé\u0000\u0000a0a🙂Z0Z\nλ\n",
      "length": 42,
      "input_sha256": "78aaa75e95b900e8b3536be7792d5ddcf8acf8d9c2648a05452adc1c20f704ce",
      "oracle": false,
      "canonical": false,
      "generated": false
    },
    {
      "label": "generated-89",
      "input": "é🙂🙂🙂é\u0000\u0000Z00\u0000é\u0000🙂 \u0000é\n\u0000 λ λZ\nZ\u0000 Z\nZ🙂 aλ🙂Z🙂a🙂\né0\u0000 a🙂a\u0000\n \u0000a🙂λ \u0000",
      "length": 57,
      "input_sha256": "23010548906a8a6b34ad1e786642d05096266a267b694c7dd56ace8a704ae37f",
      "oracle": false,
      "canonical": false,
      "generated": false
    },
    {
      "label": "generated-90",
      "input": " λ\u0000é",
      "length": 4,
      "input_sha256": "c741f478eb85f51e7e3ec52de7c4aab65326fdefe840933ed558258eab269f7e",
      "oracle": false,
      "canonical": false,
      "generated": false
    },
    {
      "label": "generated-91",
      "input": "",
      "length": 0,
      "input_sha256": "e3b0c44298fc1c149afbf4c8996fb92427ae41e4649b934ca495991b7852b855",
      "oracle": false,
      "canonical": false,
      "generated": false
    },
    {
      "label": "generated-92",
      "input": "\n é\nλ 00ZéaλλaZ🙂0Z 🙂0λ🙂a0\n\u0000\nλ\n🙂Zλ\n🙂0\u0000λ\u0000λa\né\n\u0000Za\nλa\u0000Za00aéa0\n🙂é0\né0\n0\u0000a\nλ λλλZZaé🙂Za0Z\nλé00é🙂é\u0000Z🙂aéé  Zλa\u0000Z🙂\n 🙂λλ🙂éλλ\u0000🙂λ 0Zλaa",
      "length": 125,
      "input_sha256": "674b09695f573d550d2ac86436bd299e2a080500ce5e677914abd9de6ceea722",
      "oracle": false,
      "canonical": false,
      "generated": false
    },
    {
      "label": "generated-93",
      "input": "Z\u0000éλλ0🙂 0é\n0 0\nλ\u00000λ\nλé \nλa é",
      "length": 28,
      "input_sha256": "45eb49745689c58ffe38f9293a3ff98e2f1931c400a63218ac68393d7bd95ab6",
      "oracle": false,
      "canonical": false,
      "generated": false
    },
    {
      "label": "generated-94",
      "input": "\n  aé000\naaλZλ\n0éZé λ\nZ🙂\n🙂ZZλ\u0000\n0λ0🙂🙂Z🙂0\n Z\u0000🙂\u0000λa🙂🙂λZ λλ\na\n0Z λZé0 \nλ\n 🙂a🙂ZZλZ a🙂0\u0000\u0000éé Zλ0λ🙂Z a0λ🙂éZλé Z\u0000a\né🙂🙂Z\u0000 \n\na \nλa🙂éé🙂🙂\n🙂 λ\nλ0a0a0a0 Z\u0000\u0000\nλ0Zaaλλ\n0 \u0000\u0000aλ\nλa\u0000Zλλ aa \néZ ",
      "length": 170,
      "input_sha256": "d797933584f53f816b92dbbf8772f102b00d2654fd93dd452a3b32e6fea3530e",
      "oracle": false,
      "canonical": false,
      "generated": false
    },
    {
      "label": "generated-95",
      "input": "🙂Z\u0000é",
      "length": 4,
      "input_sha256": "a2de7c9d5bc81699541033404d9dbd452a63f935db596459c64fd43de90e13e1",
      "oracle": false,
      "canonical": false,
      "generated": false
    },
    {
      "label": "generated-96",
      "input": "0a\nλ\néλZ \u0000éa\u0000\n00\u0000é\u0000 \n0\nZé🙂a\nλ\u0000 aZ \u0000λ\u0000\nZaZ\u0000\nλ🙂Z\u0000Z🙂λ\naéλ é0🙂00🙂é éa0\nZ\u00000\u0000aé0  0é\n a \n🙂\nZéλ\n\u0000a\u0000é  Zλ0aλ\né\u0000 \u0000\u0000λ0λ\u0000\u0000\u0000🙂0Z λéλaZ\nλéé 🙂 0éZéZ λ0a\nλ\u0000λ🙂λ0 \nZ \u0000a0\nλ  λaaλλλ\u0000\n\u00000a\u0000λ \u0000🙂a🙂\u00000\n🙂\u0000ZéZ\u0000\u0000\n \n\u0000λZ🙂\nλZ 0🙂0\u0000é🙂\n\u0000 éaλ\u0000\nZa🙂🙂 0 é\nZλ🙂é0Zé🙂éZZ\n🙂λaZ🙂Zéé\né\né\u0000",
      "length": 242,
      "input_sha256": "c4389ffad4d75e1c4a52d9e3ab2f82e719248c8e239451e33c992b9380b119eb",
      "oracle": false,
      "canonical": false,
      "generated": false
    },
    {
      "label": "generated-97",
      "input": "0🙂\néλaλ\n éaZ 🙂\nZaa é é\u0000é0é🙂éλ \u0000\u0000Z\u0000Zλ  a🙂λ\u00000a0λ🙂\n \u0000 é\n00🙂 aλ\u0000a00 \nλa00🙂0\nZ\u0000aé\naé🙂🙂é 0Z🙂 aéé0é  🙂aZ\n\né\u0000🙂\n🙂 Z🙂\u0000éZ0\u0000🙂Zλλ Z\n🙂\u0000\n0a🙂λ\u0000é  é\nλaλZ0\n\u0000\n\u00000🙂\u0000éé🙂Z \n\na🙂\nλééé é🙂🙂\u00000λZaa 🙂aa0λ 0aZZ🙂\n Z0\u0000é\né\naλ 🙂0a\n🙂  a\u0000λλ\nλ\u0000 Z é\nλZa🙂λa\u0000\u0000λλ0🙂0ZaéZ 🙂0λaλéa🙂  ZZZ",
      "length": 242,
      "input_sha256": "0476a49005b78c71637b49e48832ae6f80ba6b8b9070bf9164b612b96f3e69df",
      "oracle": false,
      "canonical": false,
      "generated": false
    },
    {
      "label": "generated-98",
      "input": "\u0000\n🙂a  0 é\nλ\nZ\n\néé\u00000\n\naZ🙂\u0000\u0000a\u0000 0a 🙂Z\n\u0000Z \n🙂éλZ \u00000🙂 Z0a\n \u0000 λ \u0000é\nZ\nZλZ\u0000 Z🙂λ λéaé\u0000a aλZé\u0000a🙂0 Z\u0000 \n  aééZéZ\u000000λ  λ\na\u0000🙂 \u0000🙂λZ\n\u0000🙂 \n\na\n\nλ0\n🙂\n\u0000\nλ\nZ\nλZ\u0000🙂\n0a λZ\u0000\u00000aλ0\u0000aéaéZλ🙂🙂aZ  \n \u0000🙂é\u0000aZa\n🙂 a\nλ🙂 \u0000é🙂é0\naa\u0000aZaéZ\n0aZ\u0000 a λ\u0000λZaa\n\nZ0é 🙂aZ\u0000é00\nZ Z0\u0000\na\nZ🙂é\n🙂a\nZ🙂λZéZ🙂a0é🙂λ\u0000λ \u0000éλλ \n\u00000 Z🙂\u0000a\n\u0000\u0000Z0  Zééaλ0a\n 0éλZaZ🙂🙂a\n🙂\n \nZa 🙂aé0éé 🙂é\u0000éZZ\na\u0000λ\n00λλZ\u0000 é\u0000é🙂0Z aZ é\né éλ \nZ\né\u00000λλ\u00000λa0\u0000Zλ 0é\nλé\nλλλéZ0  \nZaé 0aZ\u0000  ",
      "length": 383,
      "input_sha256": "93520ab9516143d064f830f74f47bce69dbb9ea65715c0480454b8fbb7801986",
      "oracle": true,
      "canonical": true,
      "generated": true
    },
    {
      "label": "generated-99",
      "input": "\u0000\u0000 🙂\n ZéaZ\n\n éλé\u0000 é🙂\u0000\u0000éλ  aZ 🙂🙂\n\u0000\u0000🙂\u0000🙂λé0 🙂\u0000λ 0\u0000🙂0é\u0000🙂λλé  ééaZaλλ🙂Zλ\u0000 \u0000é  Zλ0é🙂00 Z aéé🙂éλéλ 00é\u0000🙂00λééZ\n a a🙂λ0 λ 0Za🙂 \nZ\u0000🙂λaZZ\u0000Za\n\u0000 a\nλ\u0000 0λλ🙂Z\u0000🙂🙂0a\n0é aé0λZé\n0 0 λ0éé🙂\naé\u0000Z0🙂λé0 \u0000Z🙂 ZZ\n \u0000\néZ\né\nλZZλ\n🙂Z\u0000ééλ0\na0🙂\u0000λ\n0🙂ZZ\nλ0aa\u0000 λ 0\n\n0λ \u0000λ\u0000éλ 🙂\u0000 a🙂\nZ00\u00000\n\u0000λ000\n\néaZé\nZλ Z   \u0000λéa é0\u0000🙂\n\u0000a\u0000ZéλλZ\u0000Z0ééZ 0\n aZ\nZ\u0000λ\u0000a a\n Z 0🙂🙂ZaZ🙂\n0\n 🙂0\né🙂Zλλ🙂00a\u0000\u0000\u00000\n\u0000λ🙂a🙂\u00000🙂\u0000Z\u0000 ZZ\u0000\u0000λaéλ\nλ\na\néλ🙂a 🙂0 🙂\u0000éa a\u0000Zλ λ",
      "length": 383,
      "input_sha256": "a1ae0e330b95d9d3f359cd8850a687b4d93f47eebbf59ca04c4434ede150b22f",
      "oracle": true,
      "canonical": true,
      "generated": true
    },
    {
      "label": "generated-100",
      "input": "\n \u00000λ\u0000a🙂🙂aλ🙂\u0000 Zéλ \u0000é\u0000Z🙂\nλλaaaéZZZZ\u0000\u0000Z🙂a\u0000 0\u0000\n\u0000aa\u0000 Z🙂🙂 \n0🙂a λZ\u0000",
      "length": 61,
      "input_sha256": "c0a006d9d3ae9b5a3b25e776479bb9f67faee8c23ef785b36655979e73d98023",
      "oracle": true,
      "canonical": true,
      "generated": true
    },
    {
      "label": "generated-101",
      "input": "",
      "length": 0,
      "input_sha256": "e3b0c44298fc1c149afbf4c8996fb92427ae41e4649b934ca495991b7852b855",
      "oracle": false,
      "canonical": false,
      "generated": false
    },
    {
      "label": "generated-102",
      "input": "\u0000\na\né\u0000 aλa🙂\n éaZé\n",
      "length": 18,
      "input_sha256": "7152ecb4a68d11dbb34bd1fa21034eeced47a5b0613e2c469486205522f13d80",
      "oracle": false,
      "canonical": false,
      "generated": false
    },
    {
      "label": "generated-103",
      "input": "Z🙂0Z🙂λ\u0000\u0000 Z0aéaZZé0λé🙂Zé🙂0🙂Zλ0\u0000a Zλé\u0000a0λ\u0000\nλ🙂aééλZλ\n \nZλé\n 🙂λ0aλé0\n🙂0a\n\né\u0000a\n\u0000\u0000ZZ🙂\u0000Za🙂 00a🙂Z0🙂 é\u0000aλaλaλa\u0000\u00000a0ééZ\n🙂ZZaé🙂aa λ\u0000🙂a\nλééZ 🙂\n Z \néaλλ 🙂λ🙂λ0🙂λ\nλééλZ \u0000🙂é\u0000000é\nλ λ\u0000\nZ\u0000é 🙂0🙂🙂 Z Z \u0000🙂0λéaé🙂aéZ\u0000🙂\né \naé\n\n0\u0000\néa\u00000λ🙂éλaZ\u0000Z 0Z\u00000λ a a \u0000é\u0000Z🙂🙂é\u0000\nλ🙂 0\u0000\u0000éa0λ🙂éλé🙂a0ZZ\u0000λZéaéλ\n 🙂ZéλéZé 0aé\n🙂a🙂éa λ é🙂a\u0000\n λ\na\u0000\n\u0000λλ",
      "length": 299,
      "input_sha256": "62b95bef1dcde570b263255a25a4108ce6a10c44596c418a2b500b4a628ca837",
      "oracle": false,
      "canonical": false,
      "generated": false
    },
    {
      "label": "generated-104",
      "input": "\né\n\na λé\naa λaλ\né🙂\u0000Za0λé\u0000λλ0\u0000🙂λé🙂\naa🙂λ0é \u00000a0Z0\n0λ\nZ é🙂00\u0000λ\n\naλλaZ\u0000ZZZ  Z\u0000λ0🙂00λ\u0000Zλa\né🙂é0λa\n🙂Zλ🙂λZ\na\n0🙂 λ\u0000aéλ\u0000Z0ééé0 λé0λ 🙂🙂0éaa 0λ Z🙂\u0000aaéaaaéa\u0000 a  é🙂ZZZaé🙂\nλλ🙂0Zé🙂\n0aé \u0000é éλ\u0000🙂λZ\u0000🙂🙂aZ\né0Z\né0λ 00 é🙂Z\nZ 🙂aZZaé🙂",
      "length": 208,
      "input_sha256": "e8ba63afd4badf179b7d542c648be6b58c1237f3254dcff6cf5d581d2d0b66c4",
      "oracle": false,
      "canonical": false,
      "generated": false
    },
    {
      "label": "generated-105",
      "input": "\u0000Zé \nλ λ🙂\u0000éa0🙂\naééZa🙂\u0000ZλλZ0λ 0\nZéaa 🙂λ0Zaéé\n🙂🙂\u0000aa \u0000λZ0ZZ λ\naλ🙂aZZ aa \u0000a 🙂0\u0000a0aé🙂λ00\u0000🙂\u0000🙂Z 🙂a0éé 0🙂 Zé00\n🙂é🙂λ0🙂Z00aλ\naλé\u00000λ\u0000\n🙂\nZéZ\n\nZéλ🙂λé🙂é\u0000\n 0\nλ 🙂λ🙂é Z0🙂\n\n🙂λλ0🙂a0ZλλZ🙂🙂é\néZ 0λ\u0000🙂aa\n0\u0000λZ0🙂a0🙂a\u00000é \u0000Z0\nλ🙂aéZ0 aaaa 🙂éa\u0000é 0\nZ0\n Za0\nZ\n\u00000éλ\nZ🙂🙂λ0aaZZ🙂\né🙂\u0000Zaλéλ\n🙂é🙂éZλ a🙂Za λa0🙂λ0🙂Z🙂a\u0000aλaa\u00000\u0000ZZ 🙂\u0000Z🙂\u0000🙂Z\na\u0000\u0000éa0🙂🙂é\u0000λa\u0000\u0000λé🙂🙂 0aλ0\u0000éλλ\u0000🙂🙂\u0000🙂 é 0\u00000🙂\néλéé🙂Z é🙂éZλ0aλaλ\n🙂 é éλ",
      "length": 358,
      "input_sha256": "8621cc4f5b3ebbcbb4df8b35cd59f7d578875c27f05951b6e5e25b6823a7671f",
      "oracle": false,
      "canonical": false,
      "generated": false
    },
    {
      "label": "generated-106",
      "input": "é \u0000a🙂ZZ\n\n\n\u0000\n Zaé é\u0000\naa\u00000🙂🙂🙂0éλ\n🙂0 λ é0éZ\u00000🙂\nλ\n\n\u00000\u0000Zaé\u0000λ\néλZ\u0000\u0000\u0000\u0000aZa\n0\n\u0000Z\n\u0000 λ\n\u0000Z  🙂aa🙂\n\n🙂\naaλé Z ",
      "length": 95,
      "input_sha256": "62398090c8b5e2ad8281470d8be9b8f91ac11871bd064cff8a8bd55f3a9c0790",
      "oracle": false,
      "canonical": false,
      "generated": false
    },
    {
      "label": "generated-107",
      "input": "🙂ZéZa🙂éaé a0éλλ🙂\u0000ééZ🙂éZ \n🙂🙂aλ\n\nλaZ0🙂\u0000🙂\néλ\n \u0000\u0000🙂🙂λλ\naλλé🙂λ\nλλa\u0000Z0\u0000Zaλ  0λ\nλ\nZZ \n🙂0ZZ 🙂Zaé\u00000\né\n0\n  0 é\n\u0000a\u0000Zé0🙂   λ\u00000λ\u0000\u0000éZ\n\n\n0é ZZ0\n\u0000 \u0000λé0\u0000aééa0é🙂 é0Zλéa0🙂λ\n\u0000\u0000\né\u0000ZZé🙂Za\u0000🙂🙂0🙂ZZ0\n é\n\nλ0 é0\u0000 λ 0λ0\n \n\u0000λééaZλ\n0🙂a🙂ZZ Z🙂é🙂ZéZZa\u00000\u0000a0 🙂λéλa🙂\u0000🙂🙂🙂\u0000é\nλ 🙂\u0000\nZ0   Zé\n🙂aZZ\u0000λ000 🙂é0λ 🙂aaéa\nZ🙂",
      "length": 271,
      "input_sha256": "46857a5bde4ca9d1b20f7a5e5723bb2a062009336de97fd15bb4ca5ae7273a0e",
      "oracle": true,
      "canonical": true,
      "generated": true
    },
    {
      "label": "generated-108",
      "input": "Z\u0000é\u00000\u00000λZ Z🙂a🙂\n\u0000\u0000🙂λ\n\u0000\n\u0000 0a🙂λ0λ0\u0000  \u0000🙂Za00🙂0Zλ\n \nZ\u0000Z0🙂λλéa🙂Zλ0aZ\n0\u0000\nλλλ🙂 🙂 🙂éé 0é0🙂🙂λ Z\né🙂aZ0Z\n\u0000Z0ééZ0a\nZ0\na\néa🙂a  é🙂aZé    é0Z 🙂λéaa\nλ0 Z\u0000\u0000λλ0 \u0000🙂λ\nZ 0\n é00é 🙂0Z\u0000 \né\u0000aé\u00000\n\naé0éλ Z\u0000a\n🙂   0 0\u00000a🙂λZ\u0000é 🙂aa0éééaé00Zé00a\u00000\naZλé\u0000🙂éaZ🙂\u0000éZZ Z0ééλéZa0λ\n\n\né\u0000éλé\n0Z🙂a\u0000a\n\u0000\u0000🙂0λ a\n00 ZZa\n 🙂ZλZZZ🙂é0🙂 a\u0000ZZ\u0000éa\n \u0000éZééλλZéZ\n0 aéaéZ\nλ0\u0000\u0000\u0000\n Zééé00\u0000\u0000é a🙂λ\u0000é00🙂a0ééZZéé\u0000Z 🙂λZaZ",
      "length": 352,
      "input_sha256": "8e406a4664bfd4ce69ab71672fff254390fb34ccc28764ea4ed88acb592f8373",
      "oracle": false,
      "canonical": false,
      "generated": false
    },
    {
      "label": "generated-109",
      "input": "a\u0000🙂éaéZZ",
      "length": 8,
      "input_sha256": "aba36fac3c1e6ab7eed041b7ea1effcb49092112c06684a3bb7df0a51d2e2726",
      "oracle": false,
      "canonical": false,
      "generated": false
    },
    {
      "label": "generated-110",
      "input": "λaZλ🙂é\né\u00000éa\n\na \nZ🙂🙂\u0000λ\n0 éZéZ\n a\u0000\né 🙂🙂0 \u000000\n\n0\n0a\u0000🙂\u0000λaaλλ🙂 a🙂\n\u0000 \u0000aZ\né🙂éλ é\na🙂0 é0λ🙂\u0000Z\na\u0000\n\u0000Z0Z🙂a\n\u0000λa🙂 \u0000éλ🙂é  λ\u0000Z🙂a \u000000 \n\u0000 Z\u0000Z \u0000λZ0λλ🙂 0é0Z\n \n 🙂é🙂é🙂Z \n00\u0000a🙂é Z🙂aa0λ\u0000🙂aaééé\u0000a\u0000ZλZλ  \u0000",
      "length": 179,
      "input_sha256": "92e9c46f6d8b08095bafb64a20806ddbb4a7c2f1852cac70aedebb5f8c6f9695",
      "oracle": true,
      "canonical": true,
      "generated": true
    },
    {
      "label": "generated-111",
      "input": "Z  0é\n 🙂λ0\nZéZ \n λZ\u0000Z\nZ\né\nλ0 \u0000Za00Z🙂éZ \u0000\u00000\n0aZ0\nZ0🙂🙂Zé\n\u0000λZ\u0000\u00000λé\u00000\u0000\n      \nλ\né\nλ0\n0\u0000a 🙂Z\n\nλ🙂ZZ🙂\na🙂0λé🙂\u0000\u0000λλ Z🙂\naé λ\n\u0000\u0000\n🙂é \u0000λé\u0000aZéZ\n0\u0000aZa a🙂\n\n🙂\n\u0000🙂0🙂\néaé\u0000Z\nZ λ\n\u0000a \u0000🙂 0a0🙂\n\u0000aa00é0🙂é\u0000🙂 🙂🙂\u0000é\n🙂0\u0000aλZ \n\n0\n\nλZ\u0000\naZ \nλ🙂\n\n0\n0Z0\u0000aéZéaλ\u0000é0Z\u0000🙂 \u0000\nλaZZaλZ\nλ\u00000λλaλé\u0000Z\n0é00éZ\u0000🙂Z00🙂00é0\nλ0λZaé\nZ  \u0000Z λ\né Z\u0000 \u0000λ a\u0000\u0000🙂 é0\u0000é0\u0000\nλ\u0000 λλ \u0000\u0000λ🙂🙂λλλ0a0\u0000 \n Z\n\né\u0000é0Z \nZ🙂a\u0000\u0000",
      "length": 336,
      "input_sha256": "b5299e9075d915dab9d0d820cf5a72701faa42afb11e41bdbfcfd9825c11eb4b",
      "oracle": false,
      "canonical": false,
      "generated": false
    },
    {
      "label": "generated-112",
      "input": "a🙂ZZ🙂é\n\n \n0 \naZ a\n\né🙂\nZλ\u0000λéλ\u0000λ0\n🙂\u0000λZ00\u0000é0éa λ0Zλ0éλa\u0000 \u0000a\néa🙂0 λλλ0 🙂\n\u0000éa",
      "length": 72,
      "input_sha256": "0b5d3948752a3edeaadb2796d0333a498ab2ebda384ad37a6bd5f1a3fd866915",
      "oracle": false,
      "canonical": false,
      "generated": false
    },
    {
      "label": "generated-113",
      "input": "a\na0 aa \né🙂aa\u00000\u00000\n\u0000é \u000000\u0000aλλ\u0000λ\né\u0000\u0000λ0\u0000Zλ🙂\né aZa\u0000a🙂🙂🙂 é0aλ a🙂🙂🙂\u0000aλ aZ🙂é\naZ ZéZZ\n🙂Z🙂Zéa0λé\u0000🙂🙂\u0000\nλ\u00000é🙂0é🙂λ🙂00éλ🙂0 Zλ\u0000a \n🙂\u0000\n🙂λ🙂Zλ0\u0000 Zλλé0\u0000\u0000\u0000a0 a  \u0000\nZZa\naa\u0000λ🙂 é🙂\n\n 0 \néé🙂ZZZZ\u0000a éλ\n🙂🙂a0Za\u0000 a0🙂\n🙂0\n\u0000  🙂Z\nZ\n\u0000\nλaλ0🙂\u0000éé00aλ🙂\u0000λ\n\u0000λ0λZéZa",
      "length": 222,
      "input_sha256": "018b2c171b5c3308160307972a74be0026b4c78ca7aa726146cc2d219b070ecd",
      "oracle": false,
      "canonical": false,
      "generated": false
    },
    {
      "label": "generated-114",
      "input": "0\n\u0000\nλ🙂λaéa\u0000λa Zé\na λaZλ\u0000\n\u0000\n🙂\n\u0000a🙂 \n     Z\u0000Z\naé a\né0é🙂\u0000λ\n\n 0Z\u00000λ \nZ\u0000 0Z\u0000\u0000\u0000 aλ\u0000\u0000 🙂a  a aλ0ZaéaéZéZ\u0000é\u0000\u0000ZZZ🙂 \u0000\n0 λ0a🙂🙂λa\u0000\n🙂λλ0Z λaéZ\n0aaZéλé\n🙂λ0\n\naaa λ\n\né Z🙂λ λ🙂🙂\u0000λ0\u0000🙂\u00000a\u0000\u0000aé\nZZ\n0é0🙂Z \nZZ🙂Z🙂\u0000🙂λ0λa\u0000λ  \n\n\n\na\u0000\u0000\n\u0000🙂aéλé🙂λ\u0000Zλ0éa é\nZλ0 é\u0000a0é é🙂🙂\nλ0\u0000Zéé🙂a🙂 0 aa🙂Z🙂aZZ00🙂\n\u0000λéZa0Zλ\u0000\n\n\u0000Z\nZa\nλ🙂0Z\u0000Z🙂🙂Z0Z\n\u00000Z0\n \u0000\n\n0🙂\na\u0000a🙂éλ0\néa",
      "length": 309,
      "input_sha256": "e11625e627e71f19cc7547b175a978468d23f1c8752ef95f7a2e148d8c236922",
      "oracle": false,
      "canonical": false,
      "generated": false
    },
    {
      "label": "generated-115",
      "input": "🙂\u0000ZéZaé\n\n🙂🙂 é   0\u0000aaZ \u0000a🙂λ🙂 🙂ZaZé\n0\nλ \n\u0000é🙂0 \u0000a\n \n  Z🙂λ \n🙂\u00000🙂Zé\u0000éZZaé\u0000🙂 aé🙂é0λ\n\u00000Z🙂 0Za🙂λ00Zλλ\u0000éZ\u0000Z\u00000Za\néλa🙂🙂\né🙂🙂🙂0🙂\na🙂λ λZZ \u0000éé\u0000λ🙂Zaéλ  \n\u0000λλ\n\u0000a\n\nZ\n\nZ🙂éé🙂🙂aaéZZ Z00🙂🙂éλ\u0000Z Zλ \u0000a0λ éa  éééa🙂aZ  \u0000 \n🙂λλa🙂\u0000λé🙂🙂ZaéZ \u0000🙂\u0000  🙂🙂λ Z 0éZéaa0éZλ🙂λ\n0\u00000\na aaλ \u0000Z\u0000🙂λé Zaéλa\n\u0000λλéa\né🙂🙂\u0000aé  \u0000\u0000λaaλZ0\u00000λZ\u0000é 🙂🙂ZZZ\nZ\u0000éZ",
      "length": 295,
      "input_sha256": "00567e38ae765eff8a299062f830a933eeca23708daa52278a49e35f56f192cf",
      "oracle": false,
      "canonical": false,
      "generated": false
    },
    {
      "label": "generated-116",
      "input": "\n🙂Z\u0000é\n\u0000a0Zaéλaé0λ\n 🙂éé0\u0000🙂\naé",
      "length": 28,
      "input_sha256": "a7e1431cee1f32ede15dc2ca3322ef9e8f24885df3ea97d0530c0faa41ddfb05",
      "oracle": false,
      "canonical": false,
      "generated": false
    },
    {
      "label": "generated-117",
      "input": " 🙂0🙂Z\n\u00000\n0λ\n0éa 🙂 \u0000🙂 λZ\n0é🙂a\u0000 é0λλZZλ🙂🙂 \u00000🙂\n0🙂🙂\n0λa\naé0a\u0000\u0000aééλé🙂aZ00🙂Z λ\n0🙂a\u0000\naZ0\u0000🙂🙂00Z🙂🙂ZZZ \u0000λ 🙂λ\nλ🙂λé0🙂 Zaλa🙂λ\néa  ZZ\n\n0\n\nλa0 0éZ🙂 \u0000Z0\u00000λ🙂é0Zé\u0000Z🙂00\u0000000a\u0000",
      "length": 155,
      "input_sha256": "e04a82408210c42ad0d9071ef08b7798d40cb997fd0f76c35deb1b52efcacfba",
      "oracle": false,
      "canonical": false,
      "generated": false
    },
    {
      "label": "generated-118",
      "input": "éa0Z\n0é\né 0\u0000\nZλéaλ\u0000🙂\u0000éZ\n\u0000Z\u0000Z Z a0é aaaZ λZλaλλ 🙂\u0000a  \n",
      "length": 53,
      "input_sha256": "2864b2ed0af55de69697392016ffeb763f02df5bbe0f3f49070e9ca2052f57e5",
      "oracle": true,
      "canonical": true,
      "generated": true
    },
    {
      "label": "generated-119",
      "input": "λ\u00000Zλaé\u0000Z\u0000éé🙂🙂a\n0Za\u0000Z 00Z0λ00\né \u0000\u00000\nZλ\n λaZZ0λé0\u0000Z\n 0aa Zλ \né 🙂aé0🙂 \nZλéZéaé 0éé🙂éλa é\u0000λ0\né🙂\na\u0000λa\n\u00000\u0000 aa🙂 a\n\na \u0000Z🙂aéaé🙂λ🙂🙂Z\u0000\n",
      "length": 125,
      "input_sha256": "f688bc6e8a2a4225b7fb7aa93de53d364c2e23f11c9b18ed41736798bcd2cb80",
      "oracle": false,
      "canonical": false,
      "generated": false
    },
    {
      "label": "generated-120",
      "input": "\n\n 0\u0000Z \nλ0 Z \n Za\u0000λZZ🙂é🙂a🙂\n🙂\nZ\u0000λ λZλλ🙂é\nλZééλZ\n0 0é λaλ\n00 éé0éaZZ0\na\u0000 \n0éλéa\u0000λ\nλλaλa🙂🙂λ 🙂\u0000 \n0éé\n 00é🙂a0a\u0000Z  aé \né0λéa\n0Z00\n Zé Z",
      "length": 129,
      "input_sha256": "3496c6a1d0fa324c05b3af8814cff79b56870826ee683bee82d868c56b9fbb21",
      "oracle": false,
      "canonical": false,
      "generated": false
    },
    {
      "label": "generated-121",
      "input": "éé \u0000\na🙂 \na🙂λ λ\u0000Z\néa🙂é éZaaZ\nZé\néλZ0🙂\n \u0000é\u0000🙂0🙂0a ZλZ🙂\n\naaZZaλ\n\u00000λ\n\n Z\u0000\u0000Z\nλλaZ\u0000🙂é0\u0000\u0000Z\u0000\u0000Z ZaZ\u0000λaZ🙂 0🙂ZéZ 🙂é🙂\u0000\n\n\n0a0λa0é\u0000é🙂Zé λλé0\u0000\u0000\né\n\n\u0000\u0000🙂\n0 0🙂0λ\u0000aéé \u0000a\u0000\n0Zλ\naé🙂a00Z🙂0λ\u0000\u0000 \né🙂 Zλ\nZ\n\n0🙂ZZ ZZé \u0000\u0000\n\n\u0000 \u0000\u0000 Z0 aλZ0Zλ\u0000λéé🙂\na 0ZλZλé Z\n🙂0λa🙂0🙂",
      "length": 228,
      "input_sha256": "57500674ef2565242e5f773c37e03ae000480deab1c95f807f720e76c1a0c0e7",
      "oracle": false,
      "canonical": false,
      "generated": false
    },
    {
      "label": "generated-122",
      "input": "a\n λλaéé🙂Z\naééλ\n\u0000\u0000λ λéé\n\u0000 🙂🙂\u0000Z λ🙂\u0000é\u0000\nλλλ\u0000\n🙂Z\n\u0000\u0000 0Z é🙂0é🙂λa\n\n0\u0000é0λ\n🙂\u0000🙂\u0000Z\n\n aZ0 \n\u00000λ\na0\u0000é\n\u0000ZZ🙂a\u0000λZZλ\nZa \u0000λ\n λ🙂🙂0 éé🙂 éZaa🙂a\u0000🙂é\n\u0000 🙂aéé0aé🙂λ🙂Z\n\u0000\néé0\n  \n \u0000\nλaaZ\u0000\u0000a\n🙂🙂 λ0 a\u0000\n\u00000aλ\u0000λéZa0éλ\u0000λ0🙂0é\nλ0 λ\n0aé0 \n\u0000ZZ\u0000é🙂é\u0000🙂ZéZéé🙂λλ λ🙂a \naλ0λéZ\u0000éa🙂 aλ0a🙂🙂\u0000 λ00\u0000 ",
      "length": 245,
      "input_sha256": "4bc96462afc233ccb4925cd11972bc3e21d3f7f52c62fbebbd663983ff721ee0",
      "oracle": false,
      "canonical": false,
      "generated": false
    },
    {
      "label": "generated-123",
      "input": "0🙂λ 0\n0\u0000 \u00000é🙂é\n00é🙂\naé🙂Z🙂aλ00Zaé\n🙂Zéλ 0λ🙂é🙂\néa🙂\n0a\u0000éé\u00000\u0000λλé\n\nλéaλ0 Zλλ λλ",
      "length": 73,
      "input_sha256": "1da3e3e746986609f7f144fe5a91240dd2f74af1be82ed91e8cee65c8301e71a",
      "oracle": true,
      "canonical": true,
      "generated": true
    },
    {
      "label": "generated-124",
      "input": "0\nZ\n🙂λ 🙂é λ \u0000  a Zλ λ\n\n00 aa0\n\né\u0000λ0aλ \u0000 0Z0λ\u0000\u0000λ0🙂 \n🙂é\u0000Z\n0🙂\n\n0\u0000Z   a\né\u0000  λZ  éλ🙂λ🙂aaa\nZ\u0000🙂0\u0000  λλ\nZλ🙂🙂0 é🙂\nλ00\u0000λλλé 🙂λ Zλ a0a \n🙂Z0éé🙂\u0000\n\u00000\u0000Z\n aaa🙂🙂λéaZ\nZZ\n🙂 \u0000λλ\u0000λ\u0000Za aa a  Zé\n0\n\n\u0000Z🙂 λ\n0aéa 🙂0é λ λ 🙂\n\n\u0000 0🙂Z \u0000a   \u0000ééZ\nZé0\u00000λ ",
      "length": 219,
      "input_sha256": "023cf15f0a1b534bbe404cd684f449fe2a230c3530052a5f42e9bba1802bfb2f",
      "oracle": false,
      "canonical": false,
      "generated": false
    },
    {
      "label": "generated-125",
      "input": "aλλ λéa\n λa0\nλ\u0000 \u0000Z\u0000Z00Z 0é0λéé🙂 Z🙂 \u0000\u0000aa0a0🙂\u0000\na🙂λ🙂 λ0aλ0λ0λ0  0\na\nλ🙂\né0a\u0000 Zéλéaaa\u0000\nλZ \néa\u0000éZ\n 🙂éλZZλλ\n🙂aZa0aZλ🙂ZaZ\nλé\u0000🙂éλéZ🙂ZaZ00 é\n\n\n éaZaZé🙂🙂🙂 0aZ λ🙂\nλ\u0000\néλλλéZ🙂Z0\naλ a\n0a\u0000é0  λ\n🙂🙂a🙂éZ\u0000\u0000 \nééλ Z a\n\n\n0a\u0000ZZ\n🙂éa\n\n  a🙂Zaéé0 λ\u0000\né\né\na a  λ🙂aλ\n\u00000é 🙂\n🙂aé λZ🙂a\u0000aaZ a 🙂 \nZ\nZ🙂🙂λ\nZ\u0000🙂 a 0 aλλ aé0éλ0\n λ\u0000é \n\u0000aλ🙂ééZé Z a\u0000é \u0000Z0\u0000 λéaaé0🙂\u0000Z0λaZa \n\naλ\u0000aé🙂aZ λé0 \n\u00000  Z\nZ \n\n\u0000\u0000\n0Za🙂🙂\nZé0\n\n éé00aZλZ",
      "length": 376,
      "input_sha256": "47cb356a6f502e36e872f467d5d9a8a4c85e50a248e494491a93189885bb46d4",
      "oracle": false,
      "canonical": false,
      "generated": false
    },
    {
      "label": "generated-126",
      "input": "0aé\n🙂ZZéZé🙂éZZ\u00000🙂é ZλZ\nλa\n0é🙂λ\na  λ aaZé\né\nZZaaé🙂\u0000Z\n0é0éZ🙂aλ0\u00000é0\na \n \u0000 0🙂\n 0\n\n \u0000ZλéZ0Z λ0Z\u0000🙂é\n0éa0ZZé🙂\u0000λλ\n\u00000\u0000\n0aλé🙂ZZ0 éa λ🙂é\u0000  λ\u0000\nλ\u0000ZaZ\né Z\u0000Zéé a\nλ0 \né\u0000λéZZZZ0a🙂\u000000Zaaλaλ0\u0000 🙂 a\n \nλ\nZλa\nZ0\u0000\u00000é\u00000é0λ\n🙂\u0000 0",
      "length": 203,
      "input_sha256": "a023c349f06eabdd83b2d092b6138e558f9b93f14f8612016e596d88211d7ffe",
      "oracle": false,
      "canonical": false,
      "generated": false
    },
    {
      "label": "generated-127",
      "input": "Z0a🙂🙂0é\u0000aZ🙂0aa\n0🙂0🙂\u0000a0🙂🙂\nZ\u0000Z🙂🙂🙂aZλλé 🙂 a🙂Z\u0000\u0000aéaλ\u0000 aZ🙂aaZλ00\u0000a\u0000🙂Z\n\néé 🙂\n\n\naéa\u0000Z\u0000éa  λéé\u0000\nZ 🙂🙂\n🙂🙂ééZ🙂λ\u0000🙂\u0000aZ \u0000\u0000Zéa\n\nλλ0aλa🙂é🙂λ \u0000λ\u0000🙂Z\n🙂🙂éZλa\n🙂🙂Zλ🙂a\n\né🙂\né\nλ\u0000\u0000é🙂",
      "length": 155,
      "input_sha256": "2b51979fbcb34e15d195516d2fb4d1afd524eef5cfdef506ae066d11fce0bafe",
      "oracle": false,
      "canonical": false,
      "generated": false
    },
    {
      "label": "generated-128",
      "input": " 0é0Z\néλ0\u0000\u0000 λé🙂a\néλa\nλaZ\u0000Z\né\u0000é\u0000ZZ🙂 é0 🙂0\n ZZ aa\u0000é\u0000é\u0000Z aé 0aéZ🙂é\u00000\u0000é\nZλ0 \u0000\né\nλé Z🙂a Zaa  0 Zλé🙂Z🙂\u00000Za\u0000λ\u0000 λZZ\u0000λ 0aλ 🙂  é aλé0Z0🙂a0Zλ 🙂 éaa \u0000 \u00000Zλ\n0aλ\n\u0000ZZZ\n\n🙂\u0000é\u0000\n\né\u0000é  éZé0🙂\u0000\u0000 λλaZ\n🙂ééZéé🙂\u0000 \u0000🙂\n λ\n\u0000\u0000Zé0\naé🙂é\n  aλ0\n🙂Z\u0000a0\nZéé\u00000\u0000é\u0000λZZ λ🙂Zé ZZ\u0000a \u0000🙂0Z🙂🙂\u0000\u0000λZ Z\u0000 aZ0λ λ 0🙂éa\u0000λ🙂\nZ 🙂λ000 \na🙂0Z a\n🙂🙂Z\nλéa\u0000🙂Zaé🙂Z00🙂\nZZaλéZ0éλ🙂Zλéé\nλZé0\n\u0000Z\u0000\u0000λλé \n\u0000\u0000λaééé  Z\né🙂🙂0  \u00000 \u0000Z\n 🙂 \u0000é0\néa\nλ\u0000Z",
      "length": 366,
      "input_sha256": "f7ecf2860e6e9187b91adfdc93a6b6c39e927f0c927be4f462dcfed6ddfa59e7",
      "oracle": false,
      "canonical": false,
      "generated": false
    },
    {
      "label": "generated-129",
      "input": "a\nλ\u0000\u0000a\u0000é \u0000  🙂🙂🙂a0aé0a\n\nZé🙂Z λé λ\u0000\u000000é\nλ🙂 \u00000\u0000\u0000Zλ\u0000a  \n\u0000Zλ 🙂🙂λ🙂🙂é0a🙂🙂Z0é\u0000λλa\n0é\u0000\né0 Za0Z0\u0000λ0aaZa0\u0000λλ\u0000🙂\u0000\néλ 🙂Z\u0000 a\n00a\n\n🙂\u0000\na\u00000 🙂\u0000\u0000a\nλ\n\nZ\u0000a0λ\n",
      "length": 136,
      "input_sha256": "13b97ec7bedaa32a7e2f2f3c9731e1e99762b14be3b6297d37f90454bee35a3d",
      "oracle": false,
      "canonical": false,
      "generated": false
    },
    {
      "label": "generated-130",
      "input": "éé🙂\u0000 \naZa\u0000λ\nZ 🙂é🙂\u0000  aλ Z\nλ0aλé 🙂0\nZ🙂\naa\n Z\u0000Z\n\u0000🙂0a\u0000λ🙂 aa\nZ\nλλZ \n\nZéé\na\u0000é0\n\u0000\n\néZa\u0000🙂ZZZ🙂Z\n\u00000λλé🙂\n\u000000λ0🙂\u0000aé\nZ\n 🙂 🙂λ\u00000aé \né🙂λZ\u0000é🙂λa\n00λ \né 0λaZ\n\u0000\u0000aéZéZZ\naéééaZé \n\u0000é0aé\u0000a\u0000λZ\nZλ🙂\nλλZ é 0\néλλ \n000\u000000🙂é🙂\n🙂\néé\na\n\u0000🙂\u00000é\naZ\u0000🙂 λé\naa\u0000🙂\n0Z0\n éé🙂🙂🙂λ\né0🙂a\u0000 λ0🙂λ\u0000 \u0000a",
      "length": 247,
      "input_sha256": "aeeba302c62ba97908da0fa10a6f960548922c0135d97e22e44e4da11c038246",
      "oracle": false,
      "canonical": false,
      "generated": false
    },
    {
      "label": "generated-131",
      "input": "  \nλZ\né\u0000Zé🙂λ🙂🙂λaé0Zλ0 é0\u0000000λ0a\naé\u0000é\u0000\u0000🙂éaλ\u0000Z\nλZλλ Z\naéλλ🙂Zéa \n\na\u00000🙂\nZ0aλ\u0000Z\u0000λZéλa\n0éé  Zλ🙂 é\nZ 0Z éé\nééZ0🙂 0 0\n λéλ0 λ\u0000\u0000λ\u0000a\néa0a Z\u0000 \u0000éZλ\nZ🙂aaé0é\n🙂é\n0\u0000aλλa\né\u0000🙂\n éλ\n a \naλλ\u0000🙂0\u0000a 0Zaa é0éaa0Zé\nλ\nZéλZa0 🙂0\u0000  Z🙂a\n\u0000",
      "length": 208,
      "input_sha256": "95a570a6039ece9b6c47c7cfe97662757d938830dc78576b1ea467265a3c71ee",
      "oracle": false,
      "canonical": false,
      "generated": false
    },
    {
      "label": "generated-132",
      "input": "0ZaZZ\u0000\né0\n🙂λéZ🙂ZZλ🙂\n\u0000ZZZ\u0000\u0000\u0000λ\na0éλZ0\u0000Z0🙂  λa Z🙂Z🙂aé λ🙂 \u00000\u0000aa0 0 aé0a \u0000éaZ \u00000🙂ZλaZaλaé🙂é\nZλ🙂Zé\n0é00éa🙂🙂\u0000λ0🙂é🙂00λZλZ\u0000éaZ🙂\u0000🙂aaλZééa\néZa0é0\n0 🙂🙂\u0000Z\u0000\u0000 \n0aa🙂\n0\u0000éλ a 🙂é🙂\u0000é\u0000Z0 λ0",
      "length": 168,
      "input_sha256": "88888534bd9bccb1127767ceb993cdfee6da7c2d0663644c65fbed0a5ac2799f",
      "oracle": false,
      "canonical": false,
      "generated": false
    },
    {
      "label": "generated-133",
      "input": "a0\u0000\u00000λZ0λλ\nZ\n \n🙂\n  λZ00🙂Zλλ\n\n\n\n0\nZ🙂🙂é🙂\nλZλa🙂\u0000λ🙂🙂é🙂\n0\u0000 aa\u0000\u0000a\u0000a\u0000a0 0Z\u0000\nééaa🙂0Z0λa0λ ZZ🙂\n\u0000 🙂a0 0 Zaé aλ 0é λéZZ 🙂a🙂🙂\u0000éλλ\naλ0aλ \u0000ZZ🙂λa é\n 🙂Z🙂Zλ🙂λZé\u0000\né🙂🙂aZ 0é\u0000aé  a0λ\u0000éé é0\u0000a\n0éλé Z\nλé0éZ\u00000\u0000 \u00000 🙂aZa aéé00aéZ 🙂0a🙂0\na0🙂0\u0000aa🙂\n\n0λ0 \n🙂0\n\nλλ0 Zλ \n0🙂 a\naZ\u0000\u0000\nλ0   éZ\u0000\u0000\u0000Z \u0000éééé00\u0000é00a Z0a🙂\u0000λ \nZ🙂 0ZZZ\n🙂\n🙂a \u0000\naλλZλé000🙂λéλ🙂 Za \nλZaaa0000🙂🙂a\u0000ZλλéZλ🙂\nZ\u00000🙂0Z🙂🙂🙂Z🙂0aa00aa00\n\nλa00🙂\u0000\u0000   \u0000 a λ Z\u0000éé🙂Z\u0000a",
      "length": 380,
      "input_sha256": "ae813126880aefc0cf0e608c42bf8cdb9c6b75ec3212c4b6911423eca6121cfc",
      "oracle": false,
      "canonical": false,
      "generated": false
    },
    {
      "label": "generated-134",
      "input": "0🙂0λZ🙂Zaa é0Z0  00a\n\u0000Z a🙂Z0λ\n\u0000\u0000Z🙂λλééλλ\u0000Zaa🙂aZZ🙂\n\u0000aéaZ0a00aéZ🙂0é0λ   Z\n\n\n0\n🙂  Z \u0000\né0é\u00000\n🙂ZλZ0🙂é é0",
      "length": 98,
      "input_sha256": "1874bcbfea7a2e01359c4122cf2c7cfbb39c334e8a349fb10416caf9842a34e6",
      "oracle": false,
      "canonical": false,
      "generated": false
    },
    {
      "label": "generated-135",
      "input": "aéλZλ\u0000Zλ\u0000aa\u0000Z0é🙂🙂Z🙂a",
      "length": 20,
      "input_sha256": "30de6c2eeb569feba261f7e5c39fffb08f9c9b69bd8145c440d2dbf9f4ae99c6",
      "oracle": false,
      "canonical": false,
      "generated": false
    },
    {
      "label": "generated-136",
      "input": "ZZéZ \u00000🙂é\n🙂0é 0🙂0a\u0000🙂 Z🙂Zéλλaa\u0000éZéZé\u0000🙂\n0\u0000\na🙂ZZ🙂λZaλ\naλZ\naa0\u0000λé\u0000a🙂 🙂a0a\u0000aZZ0éa\n0ééZ0ZZ\u0000a \u0000\u0000a Zé\n \n 🙂ZéaλéZZ🙂 é0\u0000Z🙂\u0000é\n0ZaaZa\n\u0000a λéλéé0\u0000🙂Zé00ZZ0a🙂\u0000 Z\u000000\nλa\n\n🙂éé0λ 0 aλa0λ\n\u0000Zλé",
      "length": 171,
      "input_sha256": "f9a45fe30ca4aaeddd3ab26d663aa4385c8b4156c25d526c2e16cbdbeed5213f",
      "oracle": false,
      "canonical": false,
      "generated": false
    },
    {
      "label": "generated-137",
      "input": "é  \nλa\u0000Za\naé Zλ🙂 0é\u0000\u0000\n0\na🙂ééZZa\nλ🙂a\u0000ZZé0aλλ\u0000λZZ\na\n \u0000🙂",
      "length": 53,
      "input_sha256": "5e617d9a744286be88d458c58771619e0d244d2205e46a7c51f999d727c332c4",
      "oracle": true,
      "canonical": true,
      "generated": true
    },
    {
      "label": "generated-138",
      "input": "🙂🙂\n\n🙂λ\u0000éλ\nλλ\u00000λ\n00🙂\u0000 00\u0000\n\u0000Z\u0000a0aZZ🙂  λ\n\u0000\na Zéλ🙂é\u0000aaa 0 Zé0 🙂\naaλ λé\u0000🙂Z0\n🙂λ Z🙂0a\u0000éé\u0000λ0\né\u0000\néa\nλéλ λ\u0000\n \n0\nλλ\u0000\n\n🙂é \na\u0000🙂00🙂é🙂🙂é\n\n🙂λaaZaλ\nZ🙂0Z0é\u0000\u0000éZ aa\n0éλ\u0000Z🙂\u0000λ0Zéλ000\u0000é🙂 🙂",
      "length": 165,
      "input_sha256": "86b0c6831a002a1cc51a66e73a44062fd624b82879c5dde4415530d8bd29a143",
      "oracle": false,
      "canonical": false,
      "generated": false
    },
    {
      "label": "generated-139",
      "input": "🙂\u0000 🙂λ0aλé0\u0000 🙂  \n\n0🙂 \u0000aéaa🙂aλ\u0000Z🙂é0\u0000 🙂Z\u0000éé🙂λéaZλ🙂aaλa0🙂Zλ\n \u0000λ\u00000a\nλZλ🙂🙂\u0000éé\u0000🙂λé\u0000\u0000\n 0a🙂0\néZ\n\nZ\u0000\n \u0000éλ\n🙂ZZ0\nZ🙂λ\u0000🙂🙂\n\n 0é\u0000🙂\na\n00λ\u0000\né\n\n\n Z",
      "length": 128,
      "input_sha256": "e0295fa36ffc14314efeef7f24f554535bf6222f1f8a2777644bfae048ccc09d",
      "oracle": false,
      "canonical": false,
      "generated": false
    },
    {
      "label": "generated-140",
      "input": "🙂λ\n\n🙂Z\u0000Zééaé\n🙂\u0000Zé\u0000é λ λλ\u00000🙂\n0\u0000🙂Z0λZ\u0000 \u0000🙂aλ\u0000\u0000Z  🙂Z0🙂Z0\u0000🙂\n0🙂\n🙂é🙂0🙂\u0000\n λ0λé0\u0000ZZ0🙂 Z0🙂λéZ\u0000aéZ0\n0\nééZ\u0000\n\u0000éλ🙂0λ🙂λλ0 \u0000\nλa0\nZ🙂λéZ éZ🙂é0 \néλ\n λ🙂Z00\n0λ0λaλ \naλ éa éZZé\né\n\n\néé0a 🙂éZéλ00\u0000Zλa0 Z0\n0\u00000 é\n 0\nλλλZ0🙂λ\n00\u0000a0 0aZ λ🙂éaZ🙂a🙂aa\n\u0000a é\n\n0 Z 🙂λé\u0000🙂0λ\u0000 λ🙂\nZZaé\u0000\u0000 000 0Z\u0000a0Zé\na \u0000aa\né00λ\n\u0000Z \néa0é  \nZ🙂🙂 a0é\u0000\u0000éé\n",
      "length": 293,
      "input_sha256": "284ccd73ba4d508a37763fd88d7dee2343e76710ca29fed95de3ce7466222c4f",
      "oracle": true,
      "canonical": true,
      "generated": true
    },
    {
      "label": "generated-141",
      "input": "a\nZ🙂aZ Zé00 🙂λé\u0000éé\u0000 a🙂 λ \u0000  λ0 \u0000🙂 Z\n🙂\n🙂0🙂éaλa\u0000éa0🙂aéaλ\naéé\u0000\u0000é0🙂\nλλ 0λ🙂λ\nZ0λ\u0000\n0Z 🙂🙂é0\u0000\u0000\n0λ\u00000\néaλ\nλ\né\nλλ🙂\n🙂\nZ🙂λ🙂\u0000λ\u0000é🙂λ00λλZZλéa\u00000 é\n\u0000éaλéλZ\nλaé0Zéaa \néa🙂\nZλ 🙂aZλ🙂\u0000Zéaa🙂a0Z λ\u0000Z é \u0000Zaa\u0000Zé0\naé0🙂0 🙂0\nZ \u0000 🙂\u0000é\u0000a\u0000\u0000 \u0000 ZZé\u0000\n🙂0\u0000  aaé🙂🙂\u0000ZZZ \u0000aa\u0000Zé\u0000\u0000 é λaé\nZa λ\naλ \n0é 🙂 🙂\nλλ 🙂Z\u0000λ 00\u0000\n  \n\n0aé\u0000🙂🙂éaZaéa\u0000Zλ é\u0000🙂 λλZéa\u0000Z\n \u00000 \naé0 éZ\n\u0000aλa\nZéλaé\u0000\n0éé0 \u0000Z λ \n \u0000 0é0é00éλλaλZ \u0000λ\u0000\na0λλé🙂0🙂ZZ🙂λ\u0000a🙂\n\u0000éaλ \u0000 0λé🙂🙂0🙂a\n\u0000λ\na\u0000λa🙂🙂0",
      "length": 400,
      "input_sha256": "c3174058f9414da19751c414ca9c64032f57ea7a65f8bf3cc94cc47dac057670",
      "oracle": false,
      "canonical": false,
      "generated": false
    },
    {
      "label": "generated-142",
      "input": "\u0000\u0000λλa 0  0\u0000\u0000λλλZλZ\u0000🙂 \n🙂Zλé0a\u0000Z \nZa0 éZé\na🙂é\u0000é🙂a00ééé🙂\n\u0000aa\n\u0000ZZ\n🙂 \u00000 \né\u00000Z0\nλaaa0λZZ🙂🙂éλ\u0000aa\u0000 éλ0\na\n\u0000é\u0000 aλ\n0é🙂λ\né\u00000λaλéZ\u0000λ a0 \nZaa\u0000\u0000ZZ \u0000 00Zé \u0000aλ λ0\u0000\n\u0000aZλa🙂a\u0000🙂\u0000aλ 🙂é🙂\u0000λ0 Z0\u0000é00é\nλZ\n🙂\n🙂éλ\n0🙂λé\u0000a 0🙂🙂 Z🙂λ0 ZZ\n🙂🙂λλ\nZé é0  0 \n\na\u0000🙂0\nZλλéa\nλ0Z 0Z0🙂\nλλa\u0000\u0000\u0000\n 🙂\n🙂\u0000\nZ🙂🙂\n0ZZ \n\u0000\u0000\u0000éZZ0λλ\u0000🙂Z\u0000a00\nλ 🙂λλ\u0000λZaλZZa\nλλé0éa🙂é0λaa λ Z\nZa00λλ\n🙂0λλ\u0000 λéé\n 0aλé  Z🙂\naλ",
      "length": 338,
      "input_sha256": "1b7e1d5a792cf98e0e927cf66b6a3f3fd8785092b3697b8b85c947d3058f8010",
      "oracle": false,
      "canonical": false,
      "generated": false
    },
    {
      "label": "generated-143",
      "input": "a🙂🙂λ\u0000 \u0000a0Za a\u00000 0\n00🙂aa🙂\u0000a\u0000\n\né\n a  🙂\u00000λ🙂\u0000🙂\n🙂éλéa🙂é🙂a 🙂aéZ0 λ🙂λ\n\n\nZλ\n\n0λλ Z\nZéé\u0000Zé0🙂000 \n\n0Z  \n\n \nλ\n \u0000 0 \n éλZ\nλ🙂\n0🙂λ\naλ\u0000\n\u00000 a🙂 \u0000 ZZ\u0000ZZa\u0000λa\u0000Z\né\u0000\u00000\u00000\n\u0000\n0λ\u0000 🙂\u0000 \n\u0000λ0éa\u0000é0éé🙂λλ\u0000\né\u0000λ λ0🙂é🙂é🙂λ🙂é🙂\u0000🙂éλé🙂\u0000🙂00\nZ🙂🙂\n🙂é \u00000🙂aZ\nZaZ\u00000Zλλ \u00000\na 0🙂λ🙂Zaaλ🙂é0 aéa a0\u0000Z🙂a🙂λ0a\u00000a 0aa\n\nZZ\u0000aéé00 \u0000🙂\n\nλaZZ\n0\na\u0000é0🙂 Z🙂aZ00 λa\u0000a\nλ\nZ00🙂\u0000\u00000aé0Z é0\u0000é000aaλλ\nZλéλa0 a🙂\u0000aλaéλ  🙂 \u0000",
      "length": 345,
      "input_sha256": "930d307e2dda72d34ee871dc4d0485654ca51c0425c547dcfbf2d317199dba94",
      "oracle": false,
      "canonical": false,
      "generated": false
    },
    {
      "label": "generated-144",
      "input": "🙂 \u00000🙂0a\u0000\n0λé0\u0000\nλa\n\u0000λ 0é🙂é a0aé0🙂é🙂é\u0000é\n\u0000\u0000é\naaaλééλ0\u0000\u0000é\u0000🙂λ🙂\nZaλ🙂 λ\nλ\u0000Zλ🙂🙂\néZ\nλ0a\u0000éλ🙂ZZZ0é🙂 a0\u0000aaa\nZ\n0é\u00000é00Z0aλaλZλZ\nλ🙂\u0000éa\n0\u0000\n\n🙂Z\né\u0000 \néaé Z\né ZZaa\u0000 \u0000\nλéλZé0ZZλéZ\u0000λ\néZ0éλλ0🙂\néZ\n0λZ\u0000\n0é\n 🙂 a\u0000 a\u0000\u0000 🙂λé🙂 0a 🙂a🙂λ\nλé0Z🙂éλ🙂 λ🙂λ\n\u0000\nλZ  a0\n0λ\naéZaZ0\u0000éλ0\naaéa 🙂Zéa0aa0\na\néλ  \u0000\u0000 λ🙂🙂λ\naZ🙂0Z\u0000\naa\u0000🙂0\u0000λ0λ 🙂0\u0000ZZZ00\u0000🙂\u0000   Z\u0000Za \n\né\u0000λ\néaa \u0000\n\u000000Z\n λaZ\nZ0 aa\u0000\u0000🙂aZa🙂é\na0 \n\n\n \n0λZéλλé Zé0\n ZZ Z\u0000\n\n\u0000Z\né🙂\n\u0000Z\u0000a\n\u0000\u0000",
      "length": 382,
      "input_sha256": "4f86905cb1dca8b6a0a41fb0e3d04c50b7db6a3b2b11dbd44694bbc04412bd99",
      "oracle": false,
      "canonical": false,
      "generated": false
    },
    {
      "label": "generated-145",
      "input": " λZé\u0000\n a0a🙂λ\u0000é\u0000🙂\n a  0\u00000a🙂00λ\u0000 λ0Z\u0000a λ\u0000\n\u00000a\u0000\naZaλ\n0\n\u0000 0\u0000\u0000Z0a0aλλé\néλZ\nZ\u0000\u000000λ Zé 0🙂λé\u00000🙂λ\na   \n0aZ\u0000é🙂 0 Z\u0000λ\u0000a🙂\u00000aZ\u0000éZλZ🙂λZ 00\u0000Zaa🙂aλλa🙂 \u0000λλ 🙂éa aZZ🙂0Z\u0000🙂Z\n🙂é🙂\na0ZZ  aé00 \u0000a  λ0ZZZa\u0000 é🙂\n\na\n0aλ  00\né\n\u0000Zaéé a 🙂λé🙂 Z \na ZZé🙂aZ 🙂éλé\n🙂\nZ \u0000 0🙂🙂λ0Za\n\u0000\u00000a🙂éa aaZλ\n🙂\u0000Z0Z \u0000é \n ééa \u0000é\n 0\né \n🙂a\n0éλ0\u0000λ\u0000🙂éé\u00000λ0Z",
      "length": 295,
      "input_sha256": "1fd96718a4a2a5a6401b2de1112ceea77997be5063a286dae4ad9d582a261fe0",
      "oracle": false,
      "canonical": false,
      "generated": false
    },
    {
      "label": "generated-146",
      "input": "a0é\u0000🙂\nλa\n\u0000Z🙂🙂a\n🙂\n0\u0000\u0000λa\n\naλa 00λ Za🙂🙂Z\u0000λ🙂Zλé  \u0000\na🙂🙂aZ Zé0 \nZ 0🙂é\naλ λé0é λ\n🙂a\nZéZZ\u0000🙂éλéa Zéa🙂0 \n\nZa0 \u0000🙂Z0a0\u0000a\u0000🙂🙂 λZ\u0000\u00000Za0Z0Z\n\u0000\n\u0000 🙂  0a\u0000\u0000 \u0000\n0Zaλ\n 0Z\u0000é🙂\nλ🙂 \u0000 Z🙂00ééZ\u0000 Z🙂éZ\nZ0\u0000Zλλ\u0000 a\u0000\u0000Za\u0000é🙂é\nλ\u0000aλaZ00éλ\u0000🙂λaaéé\u0000\n🙂é0 \u0000\u0000🙂0a🙂é\u0000\u0000aaa0 🙂🙂é \n0\n🙂 λ\nZa🙂 Z\u0000🙂  λ0\n\n🙂a🙂\n0Zλa0\n \n0\n\né🙂0a é🙂0\n\u0000λ  é\n\n\u0000a\u0000\u0000é a \n0\né00λλéaéaaéλ\n0λ",
      "length": 305,
      "input_sha256": "e0e974d62aba5d323f38f4af6475fab338a2939dd57361bff1e40ad398bd524d",
      "oracle": false,
      "canonical": false,
      "generated": false
    },
    {
      "label": "generated-147",
      "input": "Z",
      "length": 1,
      "input_sha256": "bbeebd879e1dff6918546dc0c179fdde505f2a21591c9a9c96e36b054ec5af83",
      "oracle": false,
      "canonical": false,
      "generated": false
    },
    {
      "label": "generated-148",
      "input": "\n aéa🙂a\u0000\n\n\u00000\u0000🙂Z 0Z\nλé\u0000\n\nλ0 éa\n λ\u0000🙂éZ\n🙂🙂é0Z\n\u00000a éZ\u0000 é\u0000  aaZZ0Z\u0000é\nZ0Zé00λ",
      "length": 71,
      "input_sha256": "58234da9008baa679271e2765bf2f72dcfa15e03c642f75711b4e39adcf155a9",
      "oracle": true,
      "canonical": true,
      "generated": true
    },
    {
      "label": "generated-149",
      "input": "λ \nZ\u00000λλ\néZaaé0λ\néa🙂Z  0🙂\u0000\u0000λé🙂a\u0000λ0éZ\nZ Z🙂\naa\nλ0Z00🙂λ\na 🙂λ \u0000\nλ λa\u0000Zé0λaééλ\n",
      "length": 74,
      "input_sha256": "10d006a2faf2e6cb8b6eef021eed1e6f024cbecfa7f30025edecc153e449615f",
      "oracle": false,
      "canonical": false,
      "generated": false
    },
    {
      "label": "generated-150",
      "input": "é\u0000\u0000Z0Za\u0000a🙂éZa   é\u0000aa",
      "length": 20,
      "input_sha256": "6dd1a1cd403e254512dddf34b64eaaa13715abe27f92fbcba7e52640d6d35bbe",
      "oracle": false,
      "canonical": false,
      "generated": false
    },
    {
      "label": "generated-151",
      "input": "Z🙂\u0000é\u0000 \néλλZ0λ0Z\n\u0000\u00000\n λZé🙂🙂λZ🙂 é0a🙂\n0 Zé\u0000\u0000é🙂λéλ\n\u0000Za0\u0000Z\u0000a\n🙂 \naλ",
      "length": 61,
      "input_sha256": "8ff0426f4d535383da4b9d4c08b5ce39754eaf94c50365e4b1be7e6979ecb779",
      "oracle": true,
      "canonical": true,
      "generated": true
    },
    {
      "label": "generated-152",
      "input": "🙂Z\n\n",
      "length": 4,
      "input_sha256": "bf8a932499b8e55ef8bbee26e7d571fec3d1c138805b606114d7a29e80f3d780",
      "oracle": false,
      "canonical": false,
      "generated": false
    },
    {
      "label": "generated-153",
      "input": "🙂🙂ZZé 🙂aZZ\n🙂\u00000\u0000éZ\n\u0000\n\u0000\u0000\u0000000λa  \né0🙂 \nZ🙂a0 é \n\u0000aaλé\u0000🙂\u0000a0🙂λZλ\n🙂\n🙂0é Z\n a\u0000a0\n🙂0a\n0aa\u0000λ\u0000λZ aZé λZa λ\n  🙂λ🙂🙂a é 0 aZéZa a0\u0000\n🙂Zaλλ00aaaé\nZ0\u000000é🙂🙂a\u0000Zéλ00 0\u0000éZ0\u00000\n\nZ",
      "length": 156,
      "input_sha256": "93a93b72741911d93fae5bc3c4505bc312bb1d4cb0587e4a699c06b9b52d8a37",
      "oracle": false,
      "canonical": false,
      "generated": false
    },
    {
      "label": "generated-154",
      "input": "0ZZZλé🙂\u0000 ZéZ🙂Z\nλa λ0🙂λ \n\n🙂 \u0000🙂\na\naλ\n🙂\u0000\u0000 aa0aa  \n🙂 Zaéé0 🙂00a\n\n Z  \n0éλλé 0\n\u0000λéaλλ\n\u0000λZ0Z🙂 Zéλé  🙂a0aa Z🙂é λ00🙂Zéλ🙂🙂🙂0λ0\nZ\u0000Z🙂 \u0000λ Zλ0λaa0🙂 0🙂λ\u0000 Zéλééé\u000000a\u0000λ\u0000aZ0 λé0é\né\na\u00000\u0000🙂 Za a0Z\u0000\n\n\u0000 λ\n\u0000a🙂\n\u0000éZ  a λaZ\u0000🙂Z🙂é🙂aλ\n0aééé\n\nλ🙂é\n0aλ0Za🙂aλ\u0000\nZλaéé\u00000aZ\nλa 0Za0\u0000\u00000🙂λZ🙂a0éZ🙂a  🙂\u0000Zaaéλ🙂é\n\n\u0000λ 0éé🙂é\n 0 \n🙂0🙂   a\n\néaa\u0000λ \n\u0000λ0λZZ🙂éa\n\n0éλ🙂é \u0000\n\n\u000000λλé🙂🙂\u0000\n\u0000\n\na Z\u00000é\nZ\u0000\n\u0000λ\n🙂0aaé\u000000λaZ\n aéZ\u0000  aaéZ\u0000a\u0000aa0λ0🙂\u0000",
      "length": 379,
      "input_sha256": "7817b437b4be5f1621f2a47698e96aa84d9014f7e6b9593891277afadd8e03ef",
      "oracle": true,
      "canonical": true,
      "generated": true
    },
    {
      "label": "generated-155",
      "input": "\n🙂\na0\nZ🙂\n\nλ0a a 🙂 aλ🙂aaZé\u00000\u0000\n\u0000éZ\nZé🙂é🙂 λ00🙂aZ\n éλ\n🙂Zé0a🙂é\n 🙂\naλé\u0000\u0000 🙂\nZ🙂🙂aéZZ0aé0🙂 λ\n0 🙂0🙂é 🙂λa0éλaλλ éé🙂λZ λ\u0000 \u0000Zλ  λλ🙂🙂a🙂\n🙂\u0000 a🙂aaZ🙂 \u0000Z\u0000\u0000é0🙂0🙂\n  éZ\n0éZλ\nλλZ \u0000ZZ0🙂λa0éZé Z\nλ\nZZ\u0000\naλ🙂\u0000aaa é\naééZaaaZZ\n\n ZZa\u0000λéé🙂ZZ 🙂0\u0000\né\nλ\néZ🙂",
      "length": 220,
      "input_sha256": "1bfb89298097c650444a4b7ff615243132a6e0ed57ecd962a91ce7ab5ce94611",
      "oracle": false,
      "canonical": false,
      "generated": false
    },
    {
      "label": "generated-156",
      "input": "0aZ🙂 🙂Z \na\n0Z  \né🙂λ\u0000\n🙂\u0000Z ZZ0🙂Z  ééZé0\nZZλ00Z\u00000 \n\n é\u00000\u00000\n  \n λ \né\n🙂λé\n🙂a\n0a0λZλZ\u0000 λZ 🙂\u0000🙂\u0000éλ\n🙂🙂λaZλ\u0000é\nZλ\n0🙂λ\u0000aλ🙂λéaλ\n  λaZ0éaaλ\u00000  0🙂🙂λλλ\u0000é\naZ é00a \n 0🙂0🙂\n0 éaaaéλ\n00\néééλ🙂aa\nZ0aa  Z00ééaλa\néλ é🙂 🙂🙂 Z🙂éa  \u0000ZZ🙂é\n🙂0a Z\n🙂\n\u0000é\u0000Zλ\u0000 \n🙂Zλλλ\n\u0000 \u00000λ\u00000🙂0\u0000🙂\u0000🙂\n🙂\n 🙂\na Zλé\u0000🙂aZ",
      "length": 259,
      "input_sha256": "d1c82de4943fe02e21380cd2c6302a8a6f27646a06032523240870d35c8937e0",
      "oracle": false,
      "canonical": false,
      "generated": false
    },
    {
      "label": "generated-157",
      "input": "\u0000🙂λ\u0000λaZ\naZa🙂éa é00aaé  aa🙂λ🙂λ Z\u00000 a 0  aZ 🙂a0λ\u0000é\n0🙂a\u0000\u0000ZZaZ\u0000\u0000Z\u0000é🙂🙂0a \nZλλéé0🙂λ🙂 Zéaλ\n0é🙂 🙂é\n🙂🙂é 🙂 0\n\u0000🙂Z0a🙂λλλ0\u0000Z\nλ🙂0Za\n\u0000Zλ\n🙂\u0000a  🙂\n\nλ0é0\n🙂\néλ🙂ZZ🙂 🙂\n\u0000 λλ🙂é🙂0aZ 🙂éé\naZ\n0Z🙂éZ\n ééλaéλ\u0000🙂\u0000ééZ\nZaa  λλ \u0000 λ \nZ🙂\u0000λ\u0000é\n🙂a\u0000éZZ\u0000🙂é🙂00Z0Zλλaé🙂λ0aλ 🙂\u0000",
      "length": 231,
      "input_sha256": "ee788f15e115ceacf976489c2178b1c678144c4530dbbf116805a628fc9d4742",
      "oracle": false,
      "canonical": false,
      "generated": false
    },
    {
      "label": "generated-158",
      "input": "é \n🙂aé\n0a\n🙂\u0000🙂\u0000éaZλ\n\naéa\u0000é🙂0λ\nZZé λ\n0éa\u0000🙂\u0000Zaaλaé0 0\nZéé🙂Z\n \u0000\nZ\n0Z \u0000\nZZ0 \u0000\u0000Zλ\u0000🙂  🙂λ0 λ\u0000\n\nλ🙂Zλa\nλ00 a 0\u0000 \nλaλ🙂 \u0000aa0 Z🙂a0\u0000\u0000\u0000🙂éa 00🙂\u0000\u00000λ\na0é0\n é \u0000\u0000\u0000λ🙂0🙂Za🙂Zλ\u0000é\u0000éaZ0éZλ a\nZZ0 éλé\u0000Z  🙂ZaZaa\n0λZa\u0000ZZλZ\nZé éé\na é0🙂\n🙂λ\u0000aZ0Z🙂 λλλλ0a0",
      "length": 221,
      "input_sha256": "0eee0f7c344f5186b7d19d436f829e4c1554b486ace8c129c6835a01076d171f",
      "oracle": false,
      "canonical": false,
      "generated": false
    },
    {
      "label": "generated-159",
      "input": "λ🙂λé🙂0\nZ\n0ZZλ🙂é0éZλ \u0000λé🙂🙂\u0000éλ\n00 0\u0000\u00000🙂00🙂 λ\naλ0\u0000\n0\u0000\u00000  λZ\u0000  \n🙂a \u0000\n🙂 \u0000\n🙂Z 🙂a🙂é0 \n \u0000λZ\u0000λ🙂\u0000Z\nZ🙂\n00\n\u0000\u0000é0λ🙂é Z λZéλZ🙂0aλ🙂 0 🙂🙂\n0aé0ZéZλé\na🙂Z0aZλ🙂🙂0Z🙂Zé Zλé0Z\u0000λééZλaé\n   0λ 0🙂 éλ\né🙂0🙂Z\u0000λ é🙂éé0aλéZ\u0000Z Zλλ\n\u0000 Z\u0000\naa é\u0000🙂🙂🙂🙂\u0000 aZ Z\u0000🙂λλZ  🙂λ\n0é🙂a\u0000éZ0λ\na λ",
      "length": 239,
      "input_sha256": "5c6aa6e82424799ddc17544e54a05e84f3f4f9d4fc66bbf26f9790bc5d447d0c",
      "oracle": true,
      "canonical": true,
      "generated": true
    },
    {
      "label": "generated-160",
      "input": "é\naé\n🙂 λ\u0000\naλ\u0000\n0aaλλaZaλ\nλ0éé0λZ\u0000a\u0000\u0000\n",
      "length": 36,
      "input_sha256": "76b6cb53136321a4df4e70bc736b0ac00c5c6e3576a0384578af4871fd748f9d",
      "oracle": false,
      "canonical": false,
      "generated": false
    },
    {
      "label": "generated-161",
      "input": "λZ\né0\u0000a0a 🙂 🙂λλ \u0000\n\n aZ\n🙂🙂 \n\u0000🙂🙂 🙂\n\n\u0000aλZ\n0ééZ\u0000\n é\n\n0éλ\u00000 é\n🙂 🙂 0\u0000\n0ZZ\n 0a \naZλ\u0000a é\u0000🙂 🙂λaé0\n Z\naaa\u00000λ🙂 0 Zéé🙂λ\u0000 \n0 a\nλλ λa\u0000λλ\u0000 \u0000🙂\nZ \n\n 🙂🙂\u0000\n0λ0\né \n \n0a0é 0é\n\n\n🙂🙂a🙂0\n🙂aZZéa \u0000\n\u0000a\nλ\u0000é🙂🙂0a\u0000\u0000\na\u0000Z🙂 é Zaaa0\n🙂a\u0000é ZéaZé λ\n🙂 a éλ 0é🙂Zéλ🙂🙂0\n🙂 \n0éλ\u00000Z\na \u0000 \u0000\néλ \u0000\n 0000a\né0é0Z\u0000a\u0000\u0000\n\néλ0aé Z\néa  λ🙂\n 0 🙂é\u0000λ🙂0\u0000é\u0000🙂\n\u00000\u0000Z\u0000a \u0000é\na 🙂a  a🙂Zλ🙂Za\u00000éé\u0000\né0\u0000🙂λλ\u0000a 🙂🙂\u0000a🙂🙂λ0🙂 Z0a    \nZé🙂éaaéééZ0\né\nλ0 \u0000ZZ0λ0\n\nλ 0a éa0  🙂\u0000λλ\n0\n \na",
      "length": 395,
      "input_sha256": "284217df11968b0a79631d8430f9d29cb3ecdc63eb5cb22de75a449862b3a46f",
      "oracle": false,
      "canonical": false,
      "generated": false
    },
    {
      "label": "generated-162",
      "input": "é\n\nZ0\n🙂λλ\u0000\u0000 éZ00éé\n 0Zé a\u0000λλ\n🙂0Z Zaaλ00λλZé0 \u0000\n0🙂a0\u0000Zéa\u0000Z🙂\néaZ 0🙂0λ\n0Z\n0λ0\u0000é\u0000é\u0000 a\u0000 \u0000a\u0000🙂é\naéZ\na0a🙂aZéa🙂 00λa\né  \u0000aλaZ0Z\u0000aλλ🙂λ🙂éZZ 🙂🙂0éé\u0000é\nZa🙂 λ0Zλλa🙂λ\u0000λé λ0Z🙂λ🙂\u0000\u0000 🙂é0🙂a🙂λ0000λλ\nZZéZ\u000000 0λλ\u0000éé\u0000λ éZZ0Z  \u00000aλ🙂Z0Zλ\u0000éaZλ\na\n🙂🙂🙂\u0000\n λZ🙂🙂a0ZZ0é🙂",
      "length": 234,
      "input_sha256": "23e80804e4b5e0c51c1e40f865b531428ac3efa92f2cbbfc7bcd2c6d81c24f94",
      "oracle": false,
      "canonical": false,
      "generated": false
    },
    {
      "label": "generated-163",
      "input": "é\u0000🙂Z \u0000\u0000aλ\u0000\u0000a🙂🙂é0a🙂λZ0Z\n\n\u0000Za\n0🙂éZ0Z0🙂λλ0λZ🙂λ\u0000\u0000\u0000λ\u0000🙂éZ🙂🙂  é0é\u0000éZ\u0000λ\n🙂🙂\u0000ZZλ0aλéλZZ0🙂\u0000λaaZ\u00000é\u0000Z0🙂 Z\u0000  🙂 a0🙂é0λλéé\u0000🙂a 0Z \u00000\n0λ\n \u0000λaλ\u0000\u00000aλa\u0000  \n  \naλ",
      "length": 140,
      "input_sha256": "b9eca667b1e643b91d2e193a6a8eacfbed8359a8b68b73eeaa37a5611b4edb3e",
      "oracle": false,
      "canonical": false,
      "generated": false
    },
    {
      "label": "generated-164",
      "input": "🙂\u0000\u0000Z0λ0Za\u0000🙂  λZ00a\n🙂00éé🙂0Zaa\na\nλZλaZ 0 éé0Z0 0a🙂a \n \n🙂\u0000🙂\né \nééZ  0 \n\n🙂éZéa🙂\u0000a\nZ000a🙂 éa 0🙂\nZ\u0000🙂 0 🙂a🙂  é🙂aZ0🙂0\u0000\u0000a\n \u0000\u0000\n00🙂ZλéZéλ ZZ\na\u0000\naλλ  \u0000é\nZ🙂é\u0000Z",
      "length": 147,
      "input_sha256": "fe104b0092bef36f8d1beefb97bd5c380c03165186ec99043e2a013798313fcb",
      "oracle": false,
      "canonical": false,
      "generated": false
    },
    {
      "label": "generated-165",
      "input": "0🙂\n \u000000 🙂é0λ",
      "length": 12,
      "input_sha256": "ba6e524929fc68975420f5bc88087ec4a477746ee0900caacde11cd43e93f40e",
      "oracle": false,
      "canonical": false,
      "generated": false
    },
    {
      "label": "generated-166",
      "input": "\u0000ZZ🙂0🙂00\u0000 a🙂Zéλλ\n\u0000 \n\u0000🙂\n\u0000a\n🙂é0ZZ\u0000🙂a0 00ééλ\u0000\n\né0λéZ🙂0Za \u0000\nλ🙂00\né\n\u0000\n0λ\naZ🙂é 🙂\u0000éZ\u0000🙂\n\nλa🙂\naλ\na0é\nZ🙂aλ\n🙂0aλ🙂aé0λZ 🙂aé\u0000\u0000🙂\n 🙂🙂🙂λ0é\n🙂aλ\n\u0000🙂0é0a0a  λ🙂0 Zaλ\na\u0000🙂🙂\u0000Za 0🙂0aaéZ0éZ\u0000λ\n0\u0000🙂Z\nλ\né0🙂\n🙂0Z00aéZéé λéa\n aéa0 🙂éa 🙂\u0000 éλ\n00a🙂aé\n \na \u0000\u0000Zé Z\u0000λééλZ  0a\n λ\u0000é\u0000λλé🙂🙂🙂\u0000\nZaZ🙂\né🙂λéé🙂 0\n0 λ\n aZ🙂ZZ\na\n\nZ\n\n🙂λ0a\u0000\n0é\n λ0\u0000🙂\u0000🙂🙂 aZa\n0λ\u0000\u0000a🙂  🙂0λZ \u0000🙂\u0000λZ\n\nééλé\u0000\u0000\n\u0000Z\u00000λa0\n\u0000ééaZ🙂λ🙂\u0000ZZZaaλé0aZλ\u0000\u0000Z🙂0éZZ  0🙂λ🙂0\u0000 \u0000aZ🙂a\u0000\n🙂🙂ZZaZ0aλ0\u0000éZ0\u0000é ",
      "length": 398,
      "input_sha256": "ff283ad1645b44b6724881e0f4c732b0e8237499284d01055d4485e5e6aaf856",
      "oracle": false,
      "canonical": false,
      "generated": false
    },
    {
      "label": "generated-167",
      "input": "λé0Z 🙂\u0000\u0000 \n\u0000 ZZZλZé",
      "length": 18,
      "input_sha256": "9e728ddf0d126149b4def85cb7c9c382611de4075ebfefb77ada4cbf33ba5bb3",
      "oracle": false,
      "canonical": false,
      "generated": false
    },
    {
      "label": "generated-168",
      "input": "é\u0000\u0000λéé\né🙂\u0000 0\u0000Z\u0000Zλé\u0000Z🙂🙂Z🙂\u0000aé0Z🙂a 🙂\u0000Z0éλ a🙂é\n🙂0\u0000🙂\u0000\u0000\u0000\u0000 \n0λa\n\n\u0000aλλZ🙂é\nλ 🙂é 0\u0000🙂aéaéλ\nZaa\u00000🙂λ🙂Zéé\u0000\u00000\naλaa00🙂a🙂🙂\nééé 00Z \u00000λ\u0000 a00\nZa0Z🙂\nλ\u0000\u0000λ  Z\u0000\u0000Zλ0\u0000\na λ0ééa\u0000é\u0000é🙂a0Z0éZ🙂🙂Z\na🙂a0 0🙂 Zé\nZ0🙂🙂λ  éλ0Z\nZZ0aéZ0λ\n\u0000Za🙂Za a\u0000\n0🙂0Zλ\u0000Z\u0000 0a0\u0000Za\na\n\néλ0é  aZ é aλéZé0\u0000 éλaZ 0aa a0 ZλaZ\n\n\u0000aé\n0 a\naa🙂λ0\u0000",
      "length": 277,
      "input_sha256": "1bde937134748ca31febff01a96d299040addb88bd3cabccd020fcfa0198e941",
      "oracle": true,
      "canonical": true,
      "generated": true
    },
    {
      "label": "generated-169",
      "input": "0  λ 🙂éé\na0éaa  a \u0000Z é0λéλ\n é \u0000\u00000 éZλ\na0λZ\u00000\u0000\u0000ZZéZ🙂λ0a\u00000aa é🙂aλλa Zé🙂🙂é\u0000Zaé\u0000a0é0\nZ\u0000éZé0a\u0000 🙂éλ0\néé a0\n0 0 Z\n🙂🙂aλZ🙂λ00\naéZ\nλ\u0000Z\n\n0\u0000\u0000🙂é\u00000\u0000\nλ\u0000\n🙂 Z0é🙂\n🙂aéa\u0000🙂a0Z0Z🙂ZZ\n 0\n🙂aZλλ \n\na0ZZ🙂\néλééé Zé é0 0λZaZλZZéé0🙂 Zλλ\n\u0000\n\n0Z0 0ZaZλ\u0000\n\n\u0000λ\nZ\né 0a0Zé 🙂\nλ\n\u0000Z0 Za00aa🙂éλ 0\u0000aé\u0000é0ZZ0\u0000\u0000λλ \n\u0000 é\n\u0000 a\n 0é Z\né0a 0Z\u00000λaé🙂\nZéλ\né\n\n🙂ééλa🙂λλ0ZZ🙂aa🙂\n\u0000Z🙂λ0 🙂🙂🙂aaλa\u0000 é éλ 0Za\n0a\u0000\n\n🙂a0\né\n0éλ🙂\u00000Z\néaλ\u0000λaZ\u0000🙂 0éλ\na\u0000λ\néaZ🙂🙂Z",
      "length": 385,
      "input_sha256": "e4fe3028c2ff55fd05d8caea994a902ed630aab0ad8d67d3b928d75b56f3c86e",
      "oracle": false,
      "canonical": false,
      "generated": false
    },
    {
      "label": "generated-170",
      "input": "\u00000a\u0000\nZ\u0000 Zaé🙂0aλ🙂éZ Z\u0000\nZ \u0000λa\u0000🙂aλZλ\u0000 é 0λZ🙂🙂0Z λ\nλé\nZa é 🙂λλ Z\n0\u0000\u0000Za\néZé🙂\u0000a🙂\u0000Z\u00000 Z",
      "length": 80,
      "input_sha256": "c89acd81ae2baf4369db6a2f940beece46fdfcf369e055a86841d151824860e9",
      "oracle": false,
      "canonical": false,
      "generated": false
    },
    {
      "label": "generated-171",
      "input": "\nλZéZ0\u0000🙂a\n🙂éλZZ🙂λ\n\n ZZ 0é\n\u0000é 🙂Zλ\u0000a\u0000éλaé0Z 🙂\u0000🙂λ0\nZa \n\n 🙂éZZ0\né\n λéaéλ\u0000λ🙂éé 🙂0\u0000 \n\n\u0000\u0000\u0000\nλλ\n0 Z\n0éa0\u0000é0aZ 00λ aλ \u0000é0 λa🙂0Zaé\na\n \n\u0000Z\u0000\u0000Z aé🙂a\u0000\u00000\u0000λ 0a🙂0\n\u0000é\u0000\u0000\n  é🙂0éa0é\u0000aλ ZZ\nZ0é Z🙂\u0000🙂🙂λλaé \u0000a🙂0\n λ\u0000é\u00000\u0000a0aa🙂a0🙂é0aaa0a\né🙂é🙂\u0000Z\u00000Zλλ0\u0000é \u0000Z\u0000 é\u0000Z0🙂0\u0000λaéZ0\u0000é🙂🙂\u0000éZλ0a  \u0000🙂0\nZZ ",
      "length": 258,
      "input_sha256": "30d6823f30eb7f3627a880cecdc1684a6bdb102efec293b64c5c6fc4a59cd1a2",
      "oracle": false,
      "canonical": false,
      "generated": false
    },
    {
      "label": "generated-172",
      "input": "\nZ\n🙂\u0000\nλaZ🙂🙂λéaλ🙂Z\n\nZa λZ\u0000\u0000\nλaéλ0\na",
      "length": 34,
      "input_sha256": "e0da78b0ff57644bda221b16de486665e262252d0384f057bd0473577221343e",
      "oracle": false,
      "canonical": false,
      "generated": false
    },
    {
      "label": "generated-173",
      "input": "\u0000\u0000  λ0🙂🙂é0\u0000éZé\u0000a Z\u00000λ  \néaZaé\u0000\u0000\nZ   \néaé🙂 0é Z00\n 🙂0λa0🙂0\nZ\u0000a🙂aλ\nZ\n🙂\u0000λ🙂\u0000\n🙂\u0000λ🙂0🙂0 \u0000\n0a🙂 \né🙂\u0000 λ\u00000aé\na0λaλa\nλλZ\u00000 🙂🙂 0🙂é0\u0000aaaéa 0\u0000ZZaλaλ0é\u0000🙂0a\nZ0ZZéλλa0 🙂\u0000\n\u0000 🙂é🙂Z \n\u0000λéaé 0a🙂\nλ\u0000Za \naé\n\n🙂 ",
      "length": 183,
      "input_sha256": "37bd91b4207abef6d45472f079d6dee4bc6fd2779e436ce15534921d7675bc7f",
      "oracle": false,
      "canonical": false,
      "generated": false
    },
    {
      "label": "generated-174",
      "input": " \naZ 🙂\n0Z\n\u0000λ🙂aλ🙂\nλ0Z\u0000λéaé0é\nλλ\n\nZ\u0000🙂Za\u0000🙂🙂 🙂\nλλ λ0λ🙂Z \u0000éZ a\n\u0000é\u0000\u00000a0λ\n\néλé\naλ\u00000Z\u0000λ0λ\nλ\n\u0000\n λ🙂\u0000aéλ\n\néZa🙂é λ0\n\n\u0000 λ\u00000🙂 \naλaé🙂\u0000 🙂Za🙂λ a🙂\u00000λ\nZZ 🙂λ🙂\u0000\u0000é🙂Z\n\n\u0000Z0λ aZZλéλ0\n\naé🙂a 🙂\u0000🙂é0\u0000λ\nλ🙂éé🙂\n🙂🙂é0a\u0000\u0000Z🙂0\n\né\n\n \na\u0000\nZ\n\nλ\nZ \u0000ZZ\u0000\na\nλaλ🙂\u0000λ0Z🙂λZλ a🙂🙂λ \nZλ0Z a\nZ\n🙂\nééa🙂Z\n    \né\u0000a0é λ\nZ\nZéZ aa\u0000λ\nλ ééé\n 0aa00\n🙂🙂\u0000\n\n0🙂 é\n🙂λZ \n🙂éZ\u0000\u0000é0\n 0 λ🙂λZ00Zé0\u00000aλaZZ\n\n\u0000a00a",
      "length": 334,
      "input_sha256": "ce93decd21057a44636b68a05918afca5c2c0eba58affdb5be052a4c2ab34d57",
      "oracle": false,
      "canonical": false,
      "generated": false
    },
    {
      "label": "generated-175",
      "input": "0\n🙂é🙂\n0a ééa0\nZZλ\u0000 aλé0\u0000\n0 Z🙂  0 \u0000λ0a\u0000🙂\na🙂é\u0000é\n \u0000Z\u0000aλ0 λéé🙂λéλ00Zλ0\n🙂0aZéaZ\nZ\naλé\né\nZ 🙂Z0\n\u0000a0é0Z\nZ\n0  🙂Z\u0000aéa🙂\néλ\nλé🙂\u00000🙂aaaZ  a\nZaZé\n🙂 Z\nZ0\n000λé\n🙂λ\n0\u0000Z\u0000a\u0000Z\u0000🙂0 Z\u0000a0🙂0a🙂a🙂\u0000 λ é ZZaZ\u0000\u0000🙂é0λλZ 0Zλ\n 🙂λλ\u0000λ\n🙂Zλéé\u0000é λ0🙂aéZ\né\u00000λZZ\u0000λ \u0000\néλ🙂\nZ\u00000\nλZéλa éé\nZZ a🙂Za\nZa\u0000\u0000é\u0000\n0\u00000Za🙂\u00000aλZ\u0000λλλ0🙂éZZ🙂ZéZ\u0000🙂Za\néλ🙂0🙂\u0000λ\nZλZ\u0000\u0000λλ\u0000🙂00aaaZa0🙂ZaéZ\na 0🙂a \nλ\n  Z🙂\u0000Zλ0🙂",
      "length": 334,
      "input_sha256": "c202a8e7845b919b93bb371911a9b1f576d9d3631d92e037423a64765e2d7764",
      "oracle": false,
      "canonical": false,
      "generated": false
    },
    {
      "label": "generated-176",
      "input": " \u0000ééé\n  🙂\n\né\u0000\né\u0000aé0λé \u0000🙂\n a Zé000\n\u00000🙂 Z🙂λé λé\na\nλ\n\n \u0000a\n\u0000🙂 \n\nZéaéλ00  λZ0🙂é\nλ \né a\u00000Za \u0000 \n 0éa\néλé0é0 🙂λ0\u0000🙂Z\n a\u0000🙂λéZ aa0\u0000🙂éé\u0000\u0000\u0000🙂λ🙂λZéZλ🙂\u0000\n\n0a\n\n\u0000🙂0\u0000Zéa\nZ0🙂\u0000Z\n\u0000\nλ🙂\néλa a 0\nλ\na\n\nZaé🙂0a🙂ééλ   \u0000Z\n\n🙂0\u0000🙂🙂🙂\u0000\n\u0000🙂 é\u0000Zaλ00🙂🙂 Z\n 🙂éZ\n\u000000 00🙂éλ🙂 0λé  λé00λé 0 0\u0000\u0000\n🙂é aa\n\u0000\nλ\u0000ZaZZ\n\n \n🙂\nλλZ🙂\u0000\u0000\né\n🙂\n  é éλ\u000000\u0000\n éZa\n 🙂 \u0000é0🙂λaZ🙂éλ λ\u0000Z🙂0Z\u0000🙂Z\u0000 0\u0000λ\u0000λ\u0000λλ🙂λaλ  0",
      "length": 335,
      "input_sha256": "5c1e3bc324f49f823e90a14da73c9f40cb9dfa31cf1e521fe9582bd126a1453a",
      "oracle": false,
      "canonical": false,
      "generated": false
    },
    {
      "label": "generated-177",
      "input": "🙂a0🙂λ \n\n🙂🙂λZλλ\n\naλ0Zé\n0a0🙂0🙂 🙂a   00 \na \nZ0λ🙂λééλλ  éZ00aa \u00000λ🙂a 0aéλ🙂\u0000aλ\n0Za🙂Z a🙂éé0a🙂éZ\néZé Zé\nZ\u0000Z\u0000🙂é0🙂Zé\u0000\u0000\n🙂a\u00000\u0000\na\n\u0000\nλ\n\n🙂🙂ZZ\n ZZ\n🙂🙂🙂🙂\u0000\n0Zaé🙂\u0000ééλaa 0🙂λ🙂a 0🙂éZaZéZλλ0 a\u0000éZa🙂Z\u0000éλ0 a\na\na0\u0000aλ🙂\u0000Zéa\n🙂\u00000λλ0λaλ🙂é\u0000🙂λ🙂0\né0λ\n\u0000\nλ\né \u0000\u0000 \u0000a🙂\né\naaéa\na\n Z\u0000éλ\u0000\u0000\n 🙂🙂\n\u0000\u000000Z🙂ZZZλ🙂🙂éé\na🙂ZZ0\u0000λ 🙂λ\nλaé0a🙂a0\n🙂a0 0Z🙂  \u0000🙂Zλé🙂\u0000é\n🙂aa🙂a a\u00000🙂Zaa🙂🙂λéZ  éZλZ0\n0aZ",
      "length": 332,
      "input_sha256": "568f2c74c280dbb98b915b3dfc4f22402434e7cbdc6576494ad2ae4c6032dc2a",
      "oracle": false,
      "canonical": false,
      "generated": false
    },
    {
      "label": "generated-178",
      "input": "\u0000Z🙂🙂\n0  a  a\nZλ é\nλ🙂λZé🙂🙂Zé a0\u0000a🙂\u0000 🙂\n🙂 \n\n\n0Z",
      "length": 44,
      "input_sha256": "818db2eda074a1f289acfde64dbbfd03ef33009ccda9dd998809fc694d6ada8b",
      "oracle": false,
      "canonical": false,
      "generated": false
    },
    {
      "label": "generated-179",
      "input": "0\u0000\u0000Za\n\nZ é ZZλaλa🙂aλ0é🙂\né\n🙂aλ \n🙂a🙂λ  00Zλ\n\n\n\n🙂\n0aéa🙂éaa\na🙂\u0000a0aa λ🙂Za🙂 aé\n\n\n Z0\u0000🙂\u0000🙂\nλéé🙂\u0000 \u0000é 0a\né\u0000\n0a\nλZéa Z0 éé\nZ🙂\né0",
      "length": 117,
      "input_sha256": "6428419de23814a46a8093b252e0542763efd41b51db183f4c4f8ad020860dca",
      "oracle": false,
      "canonical": false,
      "generated": false
    },
    {
      "label": "generated-180",
      "input": "🙂λ\u0000\n 🙂\n0🙂Z\n\u0000Zaa0λaλλ 0\n🙂\n\n\n\nZ🙂éλ\n\n0🙂 é\na0Z🙂 éZéλ\u0000aλé\u0000λZZλ0\nλ\u0000aa🙂  \u0000Zaλ0é🙂λ🙂🙂é\néaλZ🙂Z\n0 🙂0a\n0 0éa",
      "length": 96,
      "input_sha256": "224b96ec0ade3021eb85273001050a5e4219dac5a931202838d11d2836be01ea",
      "oracle": false,
      "canonical": false,
      "generated": false
    },
    {
      "label": "generated-181",
      "input": "ZZa🙂Z\né\n \u0000🙂\u0000λa🙂  🙂  aZ\n\nλ 🙂Zλλa🙂 a\n\u0000é0Zéé\u0000é\u0000 \u0000\u0000Z🙂λ\u000000a\n🙂 Z\u0000",
      "length": 59,
      "input_sha256": "c3103cfe95298090f64253175f90ca279adfba8b74ea695f44324576ce74ca44",
      "oracle": true,
      "canonical": true,
      "generated": true
    },
    {
      "label": "generated-182",
      "input": "\u00000 aλZ\nλ🙂\u0000🙂 \u0000λλ 0a0a🙂a\néa 🙂aZé Z\u0000a é\n0é\u0000λ🙂λ\n\nZééλ000Zλ\n🙂 é0λ\u0000λé \n\u0000\n 0Z\n\u00000\nλ0\u0000🙂\u0000\n🙂a🙂é\u0000 0é🙂\n🙂\u0000a0🙂λ\u0000aéé0\n\u0000🙂a 🙂éZé 0Zλ0Z\u0000aéé🙂0aZ🙂\u0000\u00000ZZ\u0000a\n \n🙂 λλ\u0000\u0000Za\u0000a0ZZ00λZλéλλéλλ🙂é \n\u0000λ0ZZZa0éZ\n\u0000\u0000é0\né🙂\u0000🙂🙂 é λ Z aa é\n0🙂éλ0\n0é",
      "length": 204,
      "input_sha256": "5a7e3a387f80edf178f6ae9ee80db472e3481baeaef80a3e359c42f62e930fdf",
      "oracle": false,
      "canonical": false,
      "generated": false
    },
    {
      "label": "generated-183",
      "input": "\naaλZZ\u0000λ\u0000éZ🙂0aZλa a🙂a \n0\u0000ZZ0\né0Z\u0000\u0000 aλ  0 Z🙂ééa0 é\n\u0000λ \nλé\n\u0000🙂é0éé0ééZ\néZ🙂🙂🙂\u0000\n\u0000Z\u0000Za λZ0\nλ\nλ\u0000\u0000λ\u0000éλ\n\u0000 λλλλa0a🙂 a🙂 λ λaZ🙂éé ééλZZ\n\néλλ0Z🙂🙂λ\n\néé0🙂é \n🙂aa\u00000 0λλ a🙂éZ\naé",
      "length": 159,
      "input_sha256": "cb19b5b32af1a9acbe766bacbfe46abcb5f2a66258c9a66d76f8be84468f9cee",
      "oracle": false,
      "canonical": false,
      "generated": false
    },
    {
      "label": "generated-184",
      "input": "\u0000\n🙂a \n🙂0 0éa \u0000 \u0000\nZé0Zλé0Zλééλ\nλ\u0000λλ🙂0é éλéa \u0000\n0\u0000\u0000\n🙂0λλ 🙂\u0000  a0λ Zé\u0000\u0000a🙂 Z0\u0000 🙂é\u0000Zaλλ0\n éé\u0000\néZ0λ🙂🙂é🙂0\n0éλ🙂Zλ🙂🙂é🙂λ🙂Z\u0000éZ  🙂\n0a  a0ZZé\u0000\u0000λa 🙂🙂 λ0 00 🙂a0éé0 🙂",
      "length": 148,
      "input_sha256": "039ca1ca36c7f617fd8f1669cbecb3bbbdf08ea9a14d0ff0cd55420691a547eb",
      "oracle": false,
      "canonical": false,
      "generated": false
    },
    {
      "label": "generated-185",
      "input": "\u0000éaé\u0000λé0Z\u0000🙂0\u0000\u0000Z🙂0Zaa00\u0000🙂\u0000λa é éλ\n\né  🙂aé0\n\n0λ\u0000a\u0000é🙂Z\na0 🙂\n🙂a\n00\u0000 \u0000λ0aλ\u0000λλ🙂λ\n\n\nZ  \n\naéZa🙂Zλ0🙂0 🙂  \u0000\n🙂λ\n 🙂🙂éλ🙂λ0a\na\u0000λZé🙂0\u0000\u00000ZaaZ\u0000🙂λλ0λ🙂λZ🙂🙂éλλ0\u0000\u0000aZ0 λ Z ZaZ00\n🙂 λaZ0Z🙂λZ0🙂 🙂\u0000a🙂λé\u0000🙂 🙂Zλ\né\u0000Z0aa\u000000λ0a\u000000 é \n0é \n 0Z\u0000\u0000\u0000éλλ\u0000aé\u0000a\néa0\n\n0Z éλ🙂0λaéaZa",
      "length": 238,
      "input_sha256": "d17152daefa460d630d156019544dcc99ad4d56a0eeb4eda84341b9607b5740c",
      "oracle": false,
      "canonical": false,
      "generated": false
    },
    {
      "label": "generated-186",
      "input": "aé Z🙂  0\u0000🙂 λ0λ\n🙂λé\n\nZ\u0000Z 0\u0000Z\u0000Z λ\na\na\nλ🙂λa 0aa\nééZ🙂🙂00\n🙂0éλ🙂\u0000 é🙂Z\u00000a🙂🙂\u0000 ZZZ\u0000λ\n0\nZ 🙂Z\naé\né\néaZa\nλ0é\u0000a\néZZé0éa0Zλ  éλ Z\u0000aaa0a\u0000\u00000 Zλλ\u0000\nZλ0aλ🙂ZZλ🙂\n0λ0Z 0Zé éZλZéaλ\u0000   é  🙂λ0ééZéλZ🙂🙂 λé0λa a\nZ 🙂\u0000",
      "length": 188,
      "input_sha256": "403e7942edef59e460ee17db79a943cbbee82a2b7571916b33a7f5287ba7530d",
      "oracle": false,
      "canonical": false,
      "generated": false
    },
    {
      "label": "generated-187",
      "input": "\néaa\nλ\u0000 a\n🙂",
      "length": 11,
      "input_sha256": "dd06822796e0fab323ab726bb7eaaa47d2cad61955e6620922969b3407f5c9cb",
      "oracle": true,
      "canonical": true,
      "generated": true
    },
    {
      "label": "generated-188",
      "input": "🙂\n0🙂\n\n λa🙂\u0000é λ\nZé🙂a\u0000é🙂Za🙂éλ000\nZéaλaé\u0000aé \n0λ0\u0000\u0000Z\u0000  \u0000éaé00aλ0aa\n0🙂Z \n0 \u0000    🙂0λ Zλ\nλ🙂0λ0λλλ🙂Z\nλ\n\u0000Zaaéλ\u0000λ🙂éZ\u0000\u0000Z\n0é\n \u0000\n\n0Z🙂λ 0Zλ🙂aλ0\n0Z0🙂ééa\u0000Z a",
      "length": 141,
      "input_sha256": "31a9429354154e7c5610a8a3731c2bcf5c72960b33134484cc333b5ddd842eea",
      "oracle": false,
      "canonical": false,
      "generated": false
    },
    {
      "label": "generated-189",
      "input": "Z🙂 \n Za🙂\u0000🙂λZZ \n\u0000\n0a\n\u0000a0 0\u0000aéaλ  é",
      "length": 33,
      "input_sha256": "8ae9d097dc151e0bffb036beaad4626a814189accd07277ff669477e1112f1c1",
      "oracle": false,
      "canonical": false,
      "generated": false
    },
    {
      "label": "generated-190",
      "input": "éλ\n🙂🙂aλ\nZaZ🙂Z\n0 \u0000\n \né é\nλaZ Z0\nλZλ\u00000λ🙂Zλ   \n 0éλZa🙂0éλé0\n\u0000 λa éa\u0000  λé0a0\nZaλ\né🙂\n0ZλééZ0aλλ\nZ🙂🙂\né🙂éλZ\na\u0000aλa🙂Z0🙂 🙂🙂🙂0\nZééλ0 \n🙂 0\n\u0000λ🙂0aéa\n\u0000🙂\n \u0000🙂\né 🙂\u000000\na Z🙂\n\u0000éλ00 🙂\nλaa\u0000a🙂λλ🙂 ZéZaZé \u0000\u0000\u0000🙂λ\nééa\u0000\u0000\nλλλλλa🙂\u0000\nZ\nZ Zéλa0🙂 Z\u0000\nλ0λa\u0000é 0λ\u00000\u0000Z0 Zé\néZZZZλ0λλ \u0000a00λ\u00000\u0000é Z🙂\u0000λaZZ0λ a 0a0🙂ZλZ\néééλZ aZ0🙂🙂\u0000\u00000\na🙂00🙂ZéZZλλ0λ\néZa\nλ\naaZZ 0🙂a\u00000\nλaZa \u00000Z Zλ0a\n🙂 λa\u0000a0\u0000Z ",
      "length": 342,
      "input_sha256": "703e557011d80afa5a06d1127219063aef70350aeb6277b57e5ccf9e7deb32e2",
      "oracle": false,
      "canonical": false,
      "generated": false
    },
    {
      "label": "generated-191",
      "input": "\néa0 é a🙂λ0\nλλλ \naa é \nλ λ\u00000\n\né00aλaa λa\nZ\nZλ🙂0aλ \u0000aZé00 éλé🙂 aé0🙂\n\nλ🙂ZZZ\u0000 0\nλ\n🙂a\n🙂\u0000é\u0000a0🙂éééaZé Za00🙂0éé  aZ0\u00000\n0Za Z éaa0Z é0λ\n 0λ🙂🙂\nλ🙂\na\u0000Z\n0\na0a0\nZé\n\na\n\u0000a\nZ🙂 λ0λ \u0000Z🙂aé🙂\u0000ZZ\u0000🙂\u0000Z🙂éλZ\u0000Za🙂a\u0000a0\naλ🙂λ🙂 \u0000\n\u00000🙂\u0000éaZZλZa0\nλ",
      "length": 212,
      "input_sha256": "3450f32aba0dca547e873b169589638382fc38a01c8ef37d6e2e616b131fce2c",
      "oracle": false,
      "canonical": false,
      "generated": false
    },
    {
      "label": "generated-192",
      "input": "a0a\nλZ\u0000éa🙂Zéλ🙂🙂 \u0000λ0 aa λ\nλλ🙂 a aZ\u0000éλ\u000000🙂\n \naéZ \u0000a🙂 🙂0λaé\u0000🙂Za\u0000λaéλ🙂\n\u0000λλZ0Zλ0é🙂\né\n\nZ\u0000  éZλ0  0\n\u00000 \nZ0🙂Zλ  0 Z🙂🙂Z  \na🙂\n0 \n0\nλ0\nZZééλλ ZZ0λé\néa\u0000aλ\u0000\u0000a0é0\néZZ\u0000λ🙂 🙂Z🙂\nλ\na\n0🙂λé é🙂Z\nλZ🙂0Zé\u0000éZé0λ 0ééλa\n🙂Z🙂\n\u00000  0\n Za Z\u00000 \n0 a0é\n a0 🙂a λ0🙂\u0000\u0000λZ🙂0🙂0éZλ🙂\nZa\naλZéZ Z0 λéλ 0a\n🙂\u0000λééé0 \u0000éZéa0🙂🙂λa\u0000λ \n🙂\u0000Zééé éλ éa \n\n\u0000\u0000Za\n0ZλZλZ\u0000\u0000éλ\n🙂\n🙂é\u0000λ\nZ\n\u0000🙂λλ\u0000é\u0000λλλ\u0000\nλZλ",
      "length": 336,
      "input_sha256": "b9ec0c4964002539a6e4595b7c33971e933d7318e8377738cdf8acef3c04ef0a",
      "oracle": false,
      "canonical": false,
      "generated": false
    },
    {
      "label": "generated-193",
      "input": "🙂 \n🙂λaaé\u0000Zλ🙂🙂00🙂 \na",
      "length": 19,
      "input_sha256": "76f5b06b582d9edf1a1ac5a34f59fdc5f329e92f4929af46715610e10945f22d",
      "oracle": true,
      "canonical": true,
      "generated": true
    },
    {
      "label": "generated-194",
      "input": "0éZ\u0000ZλλZ  λa 🙂éλ\n λ\n λ\n é   🙂0\n\u0000\u0000Z🙂Z\u0000\u0000λ\u0000🙂\u0000 \u000000 \u0000🙂\n \n\u0000 \u0000éaλ🙂λ\u0000🙂 éZZ🙂aa🙂aλ  aaλZ\n\u00000aé\u0000λ🙂🙂é\na0\na🙂λ0 é é \na\n ZaaZa 🙂 λaé 🙂aλ\u00000λ🙂\n\u0000éé\n0λ\naaéλé0\na0a\u0000aZ🙂ééZ🙂λé\né\u00000 \u0000λa\n\na🙂\nZZλ0\u0000\u0000\u0000λ0a0a\nZλaZλλaé ééλ Z\u0000\u0000🙂éé0 🙂🙂\n🙂\u0000éa0\u0000a \u0000🙂λ\né\n🙂🙂0\u0000λZé\u0000Z0λλ🙂🙂aaé0🙂aé\na\u0000Z",
      "length": 241,
      "input_sha256": "582e8fb2fe29a15c9d91e346edc89563dad72cebc60c82584222cb6e3cf9f0ba",
      "oracle": true,
      "canonical": true,
      "generated": true
    },
    {
      "label": "generated-195",
      "input": "\n0a0é0Zaa\u00000Z0λλZ🙂0🙂a0Zaa \né🙂a\n00é0🙂\na  \n🙂  🙂0aZa 0λZ\u0000éé0λ 🙂🙂λ0éaλ\n \n é λZλ0é\n🙂\nZ \n \u0000λλZλ\n\naλλ\u0000🙂ZλZ0\na\n0Z0aé0é\u0000🙂λ0Zaλé🙂\u0000🙂0\u0000Z\u0000🙂 λ 🙂  Z🙂0  \u0000aλ\u0000\u0000éλ\u0000\n\u0000\n  🙂🙂λ🙂ZλλZ\n🙂 0🙂Z   a\u0000Za",
      "length": 170,
      "input_sha256": "bcafc39e8046faab8941f75f63d3e995aea58e4c9102a9bb0a131b86bc3ab52c",
      "oracle": false,
      "canonical": false,
      "generated": false
    },
    {
      "label": "generated-196",
      "input": "0\nλéλ\u00000aéZλλa\nλ🙂Z\n \nλa éλλ\n \u0000🙂\u0000a0\nZa\nZ\u0000🙂Z Zéλ\u0000🙂a \u0000\n0Z\nZé\u0000 0a0🙂Z a🙂Z 🙂\n0é\u0000é🙂\u0000Zλ0Z\nZéa\nλ\u0000🙂🙂\n0\n🙂🙂0ééa0a\naZéa\u0000🙂aé \u0000λ\u0000aé🙂ZZZZ0Zé🙂é\n\u0000a \nZ\u0000\n\u0000λ\u00000a0Z\u0000λ\u0000é0Z\nλ\u0000λ\n\naλ0λéa🙂\u0000🙂\naaaλ0λλ0éa\u0000\n00Z\n\u0000λ\n \u00000λλ\nλ\u0000\n \n0 Z\n \u0000\néa\u000000Z é0\n éa\né0é aé\u0000a 🙂0\n0\nλ λ\n a0🙂aéaaé\n🙂a🙂🙂Zλ\na Zé🙂\u0000 🙂0éλ0Zλλ🙂 \u0000🙂Z 🙂λ\néé\u0000Zλ0é\n🙂 \u0000 0🙂Z λ\u0000aé\nZ🙂  🙂 \n\u0000λ\néλ0\n\naé0🙂λé\n\u0000\u0000é0  éλ\nZ\u0000é0é🙂🙂0é0🙂🙂éééZλ🙂\n0a🙂λ\na \u0000λ\u0000\u0000\na\u0000🙂\n\n λ\u0000é🙂🙂 aéé 🙂ZZa\n🙂\n a🙂0é éaé\u0000aaé  ",
      "length": 393,
      "input_sha256": "6060e2ac8d7ecf81c7dcb00576aabf89fea4cfa23d4532dd4e5671b9cac425d6",
      "oracle": false,
      "canonical": false,
      "generated": false
    },
    {
      "label": "generated-197",
      "input": " a🙂\na🙂0🙂λ🙂é 0🙂🙂🙂\u0000\n\nλ0λaλa\n0\u0000a0\n\u0000λ🙂\u0000λ\nZ🙂0🙂é \nλ\u0000éZaaZλaλ🙂\n🙂Zλ🙂\naλ aλ\nλ🙂\néZé a éé0λλ🙂🙂\naéa\u0000000Z \n\nZZé\u0000éé🙂00 🙂\u00000Z\n\u0000ZZ🙂 ééZλ0aλ\nZ\nZZ   \n \n éλ🙂0 \u0000\u000000λ\u0000Z\u0000Z\n🙂λ éa\nZ🙂\na🙂é λ🙂🙂\u0000🙂Zéé\n\n \nλ0éλλ\na 0Za0λ\n\na🙂Za a \n🙂λZλ0ZλZ0 \né0éλa🙂λ0\n\n0 🙂é éλλ\u0000λλ   \u0000 Z🙂 0é🙂\n  λé 🙂 🙂🙂\u0000\nλ0\u0000\n",
      "length": 256,
      "input_sha256": "fbb92c0168a09029407f488c2fe82f69961ccdaaa1572bdc26abf95d2bdbbdc7",
      "oracle": false,
      "canonical": false,
      "generated": false
    },
    {
      "label": "generated-198",
      "input": "\n\nλ\u0000λé\nλ🙂\né\nλ Z0🙂a\u0000\nλZ\u0000  \n0\néλ0a\u0000🙂é\u0000Z\u0000 \u0000 é🙂Zλaλ\né🙂é\n ééλ\u0000Z\u0000\n\n🙂\u0000\n0\n\na\u0000 0\naéλZ🙂 \nλλa0a λaZ\nZé0\u0000\u0000\nλ0é 🙂a\u0000λ0\n🙂0Zéa0\u0000λ\n 🙂\na0λλλ🙂λλ\nλ0é0Z\u0000éééZ🙂a\u0000\n 0Z\nééλaZaλ00é00🙂🙂λéZé\n🙂Z\u0000Z0🙂Zλ\né0λ\u00000🙂λ \n 🙂\nZ🙂 λ0a \n🙂λZZ0🙂é🙂00\n0a0\n \u0000\u0000 aé\néλZaaé00🙂  \u0000Z\n0Zλ00🙂 \nZλλ\u0000  é0Z\nλa🙂\u0000🙂Zé\u0000Z\n\u0000a\n\u0000a\u0000\u0000λZ aλ0λZ🙂aéé🙂\n\n00λZ0🙂ééa\n🙂\né\n  \u0000λZλ0ZZZ\nZa\u0000",
      "length": 306,
      "input_sha256": "312bed55d80863eeb27f9fc6ab3b312fdd6489a82d8249fbe44920fb094bd527",
      "oracle": false,
      "canonical": false,
      "generated": false
    },
    {
      "label": "generated-199",
      "input": "🙂🙂aλ\n\nλλ🙂🙂\n\u0000\u00000λ0aλZ Zλ🙂λ \naaλ\n \na\n🙂Z\n🙂🙂0ééZ0a\u0000🙂\u0000🙂ZaZλ0Za0🙂\u0000 ZZ🙂\nλé\u0000\nλ0éZ0ZZ0a\u00000\u0000Z λ0\n Zaaé🙂",
      "length": 91,
      "input_sha256": "d005df8d08dfb4d26eb309862cadebd8463be6b268fc1afacb10827ca5f09b60",
      "oracle": false,
      "canonical": false,
      "generated": false
    },
    {
      "label": "generated-200",
      "input": "🙂\né",
      "length": 3,
      "input_sha256": "811f74864b5630c034b8d74301e3056d400b8233ee95ab189747c4f10e05a733",
      "oracle": true,
      "canonical": true,
      "generated": true
    },
    {
      "label": "generated-201",
      "input": "\u0000 \u0000\u0000λ0Z\u0000Z\u0000aλéZZé🙂0a\u0000🙂é0a\nλλ00\né 0\naλ",
      "length": 36,
      "input_sha256": "789fc2de5129b9d767d99030b9a00b18cb4944d2a3d38875d64fc66dc6d2203d",
      "oracle": false,
      "canonical": false,
      "generated": false
    },
    {
      "label": "generated-202",
      "input": "Zλλ\n🙂Z🙂λ\n\naZZ\u0000🙂\néaλ\né🙂éλZ\néaé a🙂 aééZ🙂 aλéλ🙂λZλé\u0000ZλZaaZλ\u0000\u0000Z\u0000λZ\u0000aéZ0Z\u0000ZZ0🙂λZ\n0\u00000a 🙂 \nλλ\u00000é0aéaaλ🙂Z",
      "length": 97,
      "input_sha256": "850eed6d08db2d3294af8bb9be1b132072a1ecdc5816c0342e191bb83c163d8a",
      "oracle": true,
      "canonical": true,
      "generated": true
    },
    {
      "label": "generated-203",
      "input": "éλ  éλ\na🙂Z🙂λ\né\né0\u0000Z\u0000 é\u0000a\n Z\u0000a0\n\n\né  0λ🙂λ🙂aλaé🙂\u0000\néaZ\u0000 🙂 λ\u0000é🙂\u0000é\nZ\u0000λλλ\néλaZλé Z🙂λ\néλ0é🙂0\n🙂",
      "length": 87,
      "input_sha256": "87cd532302385d013f33cf9dad69076de48225acd0f8aa92d58182e7c79263cb",
      "oracle": false,
      "canonical": false,
      "generated": false
    },
    {
      "label": "generated-204",
      "input": "🙂🙂0Z0éa\n🙂é 🙂λéλZ0ééé0\n🙂é\n0\u0000\u0000🙂\u0000\u0000\naé🙂é0 λ\u0000é00 Z\u0000Zaλλ Z🙂éZ é\u00000🙂🙂λé\u0000\u0000   éa0a0\u0000\u0000Zλ aZaλ\u00000\u0000\u00000λ0\u0000aaa \n\u0000λZ🙂éa0a λλZ🙂0🙂\u0000a🙂0\nλé é🙂0Z \n🙂Z🙂λ\u0000λ éé🙂\nλ🙂🙂Za\n🙂0Zé éaZa🙂000  \u0000\u0000🙂λ0éa0 λZ🙂Z aaaaé éa\n\nZ0ZZλ🙂λ\naZλ0\u0000 \n\u0000🙂0\u0000🙂a\né0éZ0 0\nλZZ\u0000Za 0é\u0000aZ ZaZ🙂é0🙂 λ\u0000 λ éé\n0λ🙂Z\u0000λ0\n0a\nλa\u0000\n0é\u0000a🙂\u0000  λ🙂0é🙂éa🙂 Zλ\u00000éλa\u0000ZλZ0\u0000\u0000λ\u0000aé",
      "length": 289,
      "input_sha256": "94a0a6518b7f9e870dffa19852008680e97af0a5e877dfae8faf26ba456ca147",
      "oracle": false,
      "canonical": false,
      "generated": false
    },
    {
      "label": "generated-205",
      "input": "0🙂0ZéZ0 \n🙂🙂aλéZλ\n λZλa\u0000a0λ🙂Z\n \u00000éé\u0000 λZ0λ \n éa Z🙂\n\n🙂a\u0000 Z🙂🙂🙂Zé🙂🙂λ\u0000Z",
      "length": 65,
      "input_sha256": "eaae4ffe7788001ed49f747735d1f7c2a2a349401d84b948fc2d4ca84bdfe312",
      "oracle": false,
      "canonical": false,
      "generated": false
    },
    {
      "label": "generated-206",
      "input": "éé aλZéλ00éaéλ 0🙂🙂\n\u00000🙂🙂\néλa\u0000aaa\u0000\u0000aaé0\nλZZa🙂aaZa\nλλλ \néλ\n 00\n🙂ZéaZ\u0000λZ\n\u0000é",
      "length": 71,
      "input_sha256": "0750535b6942a7dd3082537bef34667e292256ba2c423dcaf1c6884ae7a3f408",
      "oracle": true,
      "canonical": true,
      "generated": true
    },
    {
      "label": "generated-207",
      "input": "0λ\n0Z0é00Z 🙂\nZZ\nZ0λ0🙂\n 0 🙂 \nZ🙂aZéZZλ🙂λéé🙂🙂🙂 é\u0000🙂a 0Z 🙂λλa a0🙂\u0000 \n \u0000a0éé\naéé🙂\n λZ \néZ0é🙂\u0000Z\né🙂 \u00000ZλZ \n0é0Z λ\u0000Z\n🙂0aé0a a\nZZZZZéé\u0000\u0000\n0λaé0Z\u0000λλ\u0000Zé\u0000éaa\u0000λ0🙂éλ\u0000\u0000Z é0Z0Z\u0000\nλé\u0000🙂0λZ\n\u0000🙂aλa  λZ \u00000\n éλé\n a\n🙂🙂 \u0000Z🙂aλé\nZ\u000000aλZéλa λa  ZZZλ\u0000\n0a\u0000 \n \u00000é\u0000λ\u00000\u00000\u0000🙂\n 🙂aλZλ0é🙂 🙂\u0000é\u0000\n\n0 é\néa0\n  \n\u0000é  \nλZa🙂Zλéaé\u0000a\n éaλ Z0\u0000λ🙂00🙂ééZ🙂 éλ\n0é\u0000a\u0000Z0a🙂ZZ🙂 λé\u0000ZééZZ é0 λ\na\n\u0000Zéλ\u0000λZZ🙂0\na\u0000 \né🙂🙂Zλ\n \u0000",
      "length": 354,
      "input_sha256": "dbbaa11b898038aa98aadf9b4598eb6dcd961573b55aa24ba6470b25d62c4df5",
      "oracle": false,
      "canonical": false,
      "generated": false
    },
    {
      "label": "generated-208",
      "input": "Z0🙂\nλ🙂ZZ🙂 Z🙂0aZ\n\u0000 éZ\néé 0λ 0🙂 Zaé\u0000aZZλλééa\né 00\n\nZ\nZ\n\nZλ 🙂\u0000\n 🙂\n\n\nλ \u0000🙂é 🙂🙂a\u0000\né ZaZééZλ λZZ00\u0000Z\u0000λZé\u0000 🙂Zλ 🙂λ\u0000\u0000\u0000🙂éλ0🙂a000λ0aλaλ🙂0\u0000é\u0000éZ0λ0🙂aZλ 0λ Z λa\nZ\nZ",
      "length": 149,
      "input_sha256": "24748ca05e0175234ed5fd8de5b9750e855cbe33c37a46b42d8b2d0ab52ba886",
      "oracle": true,
      "canonical": true,
      "generated": true
    },
    {
      "label": "generated-209",
      "input": "0é\néaéZ0λé\n🙂0é0a🙂\n\nZλZéλa Zλ",
      "length": 28,
      "input_sha256": "aa3481520bd8c25394dc608810fc1f0702d53eb877dfda69be3ebf22e5e0edce",
      "oracle": false,
      "canonical": false,
      "generated": false
    },
    {
      "label": "generated-210",
      "input": "a\n🙂a0\u0000λλé\n0 \n\nλZ0éa\n🙂λ 00Z\n\u0000🙂🙂\u0000λa\n 🙂\nλ\n\u0000🙂🙂🙂0é\u0000Z éZ\nλZ\u0000Z🙂Z0🙂a🙂Z🙂λé🙂🙂\n\na\n\u0000\u0000\nZ\n\n00 \u0000\n🙂\n\u0000🙂🙂aé  \nZ 0\u0000aaé\n🙂\né00\u0000\u00000\nZ Z🙂éZa\néZ \néλ0\nλ\n aé🙂 \u0000  \n0 a\nλé0\u0000 Zλéa0\u000000aλZλ🙂a🙂  ZZ\n\u0000é \u00000\n🙂🙂\n0Z\n\u00000\nλ \u00000aZZa\u0000\n\naZ0Zaλ0\u0000é\u00000\n0Z0\n0a0é🙂",
      "length": 212,
      "input_sha256": "30048abd74632e41dafecb12d39d463302ebf837b8ec5cae0d5f753b155e3c88",
      "oracle": false,
      "canonical": false,
      "generated": false
    },
    {
      "label": "generated-211",
      "input": " \né\nλ λZλa0\u0000ééλéé\n 0 \nZ Z0\u0000éé \u0000\nZaaééλ🙂\n 00 λZ\nZé\n\u0000\n \u0000\n\u0000\u0000\n\u0000\n 🙂🙂é00ééé\néλ\nλ 0 λé 🙂0\u00000λ0éa  Z00ZλλéZ\u00000λéaéééa\n\u0000éa\u0000",
      "length": 112,
      "input_sha256": "ae524375cb6b09e14a3fe5f2fcd73f5ef72786e70d63d1643f8ca6c8e3556177",
      "oracle": false,
      "canonical": false,
      "generated": false
    },
    {
      "label": "generated-212",
      "input": "\n\u00000\n\n🙂aé0éZ\u0000 0\nλ0Z🙂\nλééλaZZ🙂\nZ\u0000\u0000\u0000\u0000Zλ🙂aa🙂a  \u00000🙂0🙂\n\u0000🙂 \u0000a Za λλa\n\u000000Za  Zaéa\nλ0 \u0000é🙂🙂λaZé🙂ZZaZ\n0\nZ00λ0\nZ\n🙂\n0ZZλé\u0000🙂 0 éa\néZZZZ\nZé\u0000\u0000Zé\u0000🙂a\u0000ZZé🙂 a\u0000Z\n \u0000é🙂0λλλ🙂é🙂0a\u0000λ 0λ0\u0000éZ0🙂Z\n  🙂aaa0λZaλé🙂\nλ 🙂ZZ\u0000🙂aλZ λλ\u0000λ\u0000Z🙂é\n00\nλZ",
      "length": 206,
      "input_sha256": "9854c3c72ee9f77495f6513a81f1b88fbb6fe30f8c5c8b4097e18334984a0241",
      "oracle": false,
      "canonical": false,
      "generated": false
    },
    {
      "label": "generated-213",
      "input": "🙂\n\u0000🙂\u0000\nZλλ ",
      "length": 10,
      "input_sha256": "08d289f207b2560d860948fbefbcaadd0e8d63784f96456a7b56fe48bd9735f8",
      "oracle": false,
      "canonical": false,
      "generated": false
    },
    {
      "label": "generated-214",
      "input": "🙂 λ\n0λZ\u0000éZ\u0000éλ λ🙂Za\n🙂éé λλé \u0000\n0\n\né\u000000aZ\né🙂\n🙂ZZ🙂\né\u0000Za\n \u00000🙂λ\u0000🙂0 Zλ🙂0 é\u0000Zλé\u0000🙂λ 🙂🙂\na 0🙂Z λaa\n0a🙂\u000000\u0000 \u0000éa\u0000aZZλ\u0000\u0000λ🙂\na\u0000 Z🙂aλ0\u0000λ🙂 é🙂Za",
      "length": 125,
      "input_sha256": "7b5fb7a00b7d7f01f3dd858d49346c48ed0602722b26a763a2bdac311d008f86",
      "oracle": false,
      "canonical": false,
      "generated": false
    },
    {
      "label": "generated-215",
      "input": " Z 🙂\n\n\u0000\u0000ZZaZ0\u0000λZéλ\n 🙂🙂λ\né00 \n\u0000Zé ééλ é\u00000é🙂🙂Z\nλ\u0000é\u00000\n0ZZ 🙂éλ\nλé é\u0000 λa Zλλ\u0000a0Z \u0000\n0a0🙂λλZ00\u0000éλ é🙂a\na\u0000λZ\néZéa🙂λéa\u0000🙂λa🙂  λaaZaaé🙂🙂a\u0000Zλ λéλ\u0000\u0000\n0\u0000\u0000\nZ\nZZ  \u0000 \n🙂🙂a  0ZaéλaZa\n00a🙂\u0000a\naaZ🙂Zé\n0éλ 🙂λλ🙂\n\na0\u0000λλ\nZ\u0000🙂Z 0🙂ZZ0aaa\na\n🙂 λZ\n0ééé🙂é 🙂λZé🙂\na🙂🙂λa🙂é\u0000λ🙂",
      "length": 236,
      "input_sha256": "ca34fa25a8933a4784291abc2eba8dd5293b6a613e1ed8c21532e94d82e7d16e",
      "oracle": false,
      "canonical": false,
      "generated": false
    },
    {
      "label": "generated-216",
      "input": "0λλ\u0000🙂\u0000\u0000λ00\u0000é0\n0λZ\n\na aZ00\n0λλ\u0000 \n🙂λ🙂 é🙂\u0000λ🙂\na🙂00 λ00  \u0000🙂 aλ0a🙂Z0\naλ🙂éλ\né0Z\u0000é0éaa\u0000a0 \nZ é0\n🙂é\nλ\n\u00000\n\u0000\n\u0000é🙂\n\u0000Zaé\u0000🙂0\n🙂0\u0000λλ\u0000\u0000  0a\nZ0🙂Zé\u0000 λa🙂a\u0000 \u0000aλλ0Zλéλ🙂λaa\n🙂éλZ Zλ\u0000λZλéé Zλ\u00000éλ 0🙂é0\nλ0🙂Zλéa\u0000éé\u0000é  🙂ZλZ🙂é\na\u0000λ\n \u0000🙂a λλé\u0000🙂\nZa🙂λλ0 \n🙂\u0000éZ🙂0\u0000λa 0\n  Z🙂Zaa\u0000λ00🙂\u00000🙂Zλ🙂🙂\u0000\u0000  🙂éZ🙂 ZZ🙂\nZa🙂\nZ0\u0000 🙂Zλ a🙂\u0000\u0000\nλ\n\nZ λ0\u0000Z\u0000Z\u0000 a a🙂0000\u0000éλé\n 0\u0000éZ🙂 \né 🙂0λa Z🙂λ Za\u0000Zaéé0λZZ\u0000Zé \n",
      "length": 341,
      "input_sha256": "8f2416901946de5cba356110657ed977ff8fa66fa0abc853a234c9afc1b0c665",
      "oracle": false,
      "canonical": false,
      "generated": false
    },
    {
      "label": "generated-217",
      "input": "é🙂\na0Z λλ\n λ0🙂aZλa🙂\n\u0000\nZ\u0000λ\u0000Z\n0\n 🙂\n\n0Zλ\néa00\né\u0000\u0000 🙂Z0 🙂 λéaλ🙂Za éé Zé\u0000🙂a \nλ\u0000é\u0000\u0000\n\n\n🙂\n 🙂🙂λéZ🙂aé🙂é🙂λZλa🙂0 \n🙂0Z🙂Z 🙂Z\u0000é\nZ a\u0000Z0\na λ\nZ\nλ🙂aλ\u0000é aaλ🙂\u0000 Z\n\u0000\u0000λéλλ\u0000Z🙂\u0000é\u0000\u0000 🙂0🙂a\u0000\u000000a0🙂0a🙂\né0🙂é\u0000\u0000\na\n\u0000🙂🙂\nZé0λaλ\u0000\né00\nλ\nλZ\u0000\u0000λλ🙂aλ\né🙂 0\n 0\n aλ00🙂\u0000 \u0000λZZ00λ🙂λa\n🙂Zéa🙂🙂é🙂a\na 0Zéλ0a 0é\nλZé \n\u0000Z0 é0Z λZλ\u00000Za0\u0000\n\n0éZa\nλ\na0\n\n a00\nλλ0λλéaλ🙂 λλ\n\n🙂0\n \u0000Za🙂Zé \n  \u0000λ0\u0000λ a🙂\n   \nZ0 \n\n\n Z\u0000\u0000\u0000🙂é\u0000\n\naλ éZ\u0000🙂é🙂🙂",
      "length": 362,
      "input_sha256": "62d958e304682e9d87c17d99182861136ba2b75ac68870ca20ef97c9f8c9a4a7",
      "oracle": false,
      "canonical": false,
      "generated": false
    },
    {
      "label": "generated-218",
      "input": "\nZ0\n🙂é   🙂🙂Z\n\u0000a0\n\u0000🙂0 🙂λλ🙂a\u0000Zaλ é\u0000\u0000λ🙂 0é🙂ééλ\nλ\u0000Za a0éé\n\nλ  \u0000\n\u00000λZ\nZ0é0🙂🙂🙂🙂λ🙂\u0000 a🙂 Zλλ\u0000Za \n\n0\nλ0 Zλ0 éaZé\nZ\u0000λ Z a\n\nZ🙂λ\u0000\n éλ\naa🙂a\n0🙂\na\n\nZ0Zλλ\u0000\na🙂0\u0000\n\u0000aéZ0\n🙂λλéZ 🙂λ\u0000λ\u0000éé🙂🙂Za  Z0\u00000Zλ é0\n0é\u0000🙂é🙂\nZéaλ \u0000Z\u0000\né \n \nλλλ\u00000 λ🙂\u00000\n0é\u0000 é\n\n 0 é λéZé Z\u0000λéZ\u0000Z\u0000a\u0000\n0a\n\n\u0000🙂λ aaZλ🙂\n0\nZé\nZλ\u0000\nλ0\n\u0000\u0000éλaaéa aZ0é🙂éZ🙂éa\n🙂a\nλλ\u00000 \n\u0000🙂00\n🙂aa0aZ\n0\u0000λ0",
      "length": 310,
      "input_sha256": "a4dcf6f7d6a9d984a1f8b82424dc732b2fcd29fea1b6acdd35b46ca47f51a625",
      "oracle": false,
      "canonical": false,
      "generated": false
    },
    {
      "label": "generated-219",
      "input": "a Zaé🙂0🙂Z\u0000\néé🙂é\n🙂 \nZ\u0000λ\nZaZ🙂Z a  0a 🙂0\u0000λ\n🙂0🙂a\u0000λ\u0000aλ\nλ\u0000\u0000 🙂 \u0000",
      "length": 57,
      "input_sha256": "08688b9b415345d0d00b9f645916e59c03554b447f71ea2ca775be9655fd9f24",
      "oracle": false,
      "canonical": false,
      "generated": false
    },
    {
      "label": "generated-220",
      "input": "0a\u0000a0é🙂Z\u0000λ0\u0000 0a🙂\n0 \nλλéa0a\nZ\u0000λ🙂🙂🙂 é\u0000Z\u0000\u00000 🙂\n🙂aZ Z0\u0000λZ0\n🙂 0\nZ🙂éaλ a00aZZZλ0🙂aa\u00000Z🙂λZé🙂\né\u0000λ aé\u0000Zé\u0000éλλ🙂🙂🙂 \u0000\u0000🙂é\n\u0000🙂Zλé🙂0",
      "length": 114,
      "input_sha256": "3f448ca433eae535909ee1df713953d3dc82d24650e612745a5d7d8f5085b26b",
      "oracle": false,
      "canonical": false,
      "generated": false
    },
    {
      "label": "generated-221",
      "input": "\nλ\n🙂a🙂Z0éa0Z\u0000a\u0000a\n aéλ0🙂 \u00000aZ\u0000λλa\né0é0\n\n\u0000 éZaaaé 🙂0 a🙂λ λ0  🙂\u0000\u0000\u0000\u0000 \n🙂ééaZa0ZZaa\u0000λé0 🙂λ🙂aZ🙂a0🙂λaé\u0000Z Zaaéaé é\nλ\u0000\n\u0000Z\u0000\n\n\naZZ 🙂 \u0000λ\u0000éa\u0000Z🙂éé\n \u0000é\n🙂λaZa 0é\u0000\u0000é🙂 🙂é\u00000\u0000\u0000\u0000λaa a0\u0000Zéλ\u0000  λ0🙂0é0aZ🙂a\u0000a0 🙂λ0é\u0000🙂 \n🙂\u0000🙂λZZ0aaZZ0éaé\n0\u0000λZλ0\u0000Z0Zλé\u0000\n0λ🙂é🙂é\u0000λa\u0000\n\u0000Z\u0000Z\u0000aa\u0000ZZλaλ\na00 🙂\n0Z\u0000 Za0\n é \n\n\u0000Z0éZ\u0000\n \n\n\u0000 \u0000éZé\n \nλλλ\u0000🙂 λ a\u0000🙂\u0000 🙂λZ0 é\nλ\n🙂\n\na\u0000Z0\u0000λ",
      "length": 315,
      "input_sha256": "4c380e32122c0d02227a2ea4c4b84b09ff37185aedd69a973aa6b97a8e926e20",
      "oracle": false,
      "canonical": false,
      "generated": false
    },
    {
      "label": "generated-222",
      "input": "é ZZ\u0000Z \nZ000\u0000éaZé🙂Zλλ\nZ  a🙂\u00000aé 0\u0000ZaZ0\n0\nλZ🙂  λλaλZ0λλ🙂0éZa\u0000é\n\u0000\n🙂λ\néé\nλ \u0000\n",
      "length": 74,
      "input_sha256": "7981c69a0d0058c1099e24b7354ec51c5bf7c628479e99e065140c19e1416109",
      "oracle": false,
      "canonical": false,
      "generated": false
    },
    {
      "label": "generated-223",
      "input": "0ZZ🙂\n Z 0éZ0Zλéé   \nλa\néé0Z Z\n\u0000Z\u0000🙂Z0Zλaλ ZZééé\nZ🙂 \néa🙂 é\né\u0000ZZZ0\n00 éa0\u0000🙂λ \u0000  0\n Z Z🙂é 0🙂\u0000aλ0 0\u0000a0éZ\u0000éaλ0 0\n \u0000aé Z\n🙂🙂é\u0000Zé🙂 é \u00000Z0🙂🙂Z 0a🙂Zééé éa\nZ\nλZ🙂λλéλéλa\né0🙂é🙂\n0🙂\u0000λé ZZ🙂 \n a🙂Zλé\n🙂λ \naaé a \né🙂a\nλ Zaéé \né\nλλ \u0000🙂éZ aaZ0é🙂\néé\n 🙂λ\n🙂",
      "length": 228,
      "input_sha256": "2c062772a1c1b9517934c59b035509773eba81460821fee161d144bae9cf43fc",
      "oracle": false,
      "canonical": false,
      "generated": false
    },
    {
      "label": "generated-224",
      "input": "🙂aéa0 0🙂\u0000Zéλ0Z\néZ aZλλ\u0000λZZ\n0éλ\nZλ a\u0000éZ\n0ZλλZéZ\n\n aZZ\n🙂 🙂éa 0  \u0000λ🙂a🙂\u00000 Zλéλa\u000000\n0éZa\u0000\u0000Z\nZ0éZ\u0000a\n\naλ0λ0\n 0Z🙂 \n🙂\u0000λaé\u0000 0ZZZλ0aλaλλéZ\u0000Z🙂00a é\u0000Z0Z\n🙂Z\n\u0000aλa\n\u0000\n0\u0000\n0a\u0000aλaλa🙂0a0λλλ🙂\u0000\n \nλZλλZé\n\n🙂  \u0000é  \nλZ🙂Zé\u000000 \n\n🙂é\n é🙂\n\n\na\n0 λZ\n\nZλa\u0000\n\nλa 0\nZ \na0\nZ🙂 éZ00\u0000 a🙂🙂0\u0000  \u00000 é🙂",
      "length": 255,
      "input_sha256": "1ab299dc941abde35446e868b5b30869e01e4c218d1300aeceae057adca20808",
      "oracle": false,
      "canonical": false,
      "generated": false
    },
    {
      "label": "generated-225",
      "input": "🙂🙂\n🙂  a🙂0 Z\n\u0000\u0000a éééaé\n\nZ0  a éZZλZZ\u0000a🙂Z\naé🙂🙂0λZ🙂éé 0é00\n🙂éZéa\nZ 🙂0 \né aaλa\u0000éλ🙂\n 0\n λ 🙂λa\n\u0000é\u0000a0 \nλZ🙂 é🙂🙂a\nZ \u0000\u0000Z🙂a\u0000\n\u0000\naZ🙂λaa\u00000λZ\u00000ZλaZ\n\u0000ZaλλZ \n🙂λ\n\n\u00000Z🙂a\n0Zaé\nZé🙂\naλ0Z0\u0000ZZλ\n🙂0λ🙂ZéaZ0Zλλé0a🙂0\u0000\na 🙂🙂\n🙂λaZ\u0000aaZ\na aZ0Z Z\u0000 Z a🙂0λ\u00000aZ\nZZ🙂Z\nλ0🙂0λé\nZ\n λa 0éλZ\u0000λ\n\u0000\né\n\u0000🙂\nλZa λZZ🙂λé🙂é🙂00a\u0000a🙂ZZλé\n🙂Z\u0000🙂0🙂éaa \u00000🙂Z🙂0 a 0\u0000\u0000Z🙂Zλa00λ 🙂λ λé0é\u0000\u0000\u0000λ🙂\n🙂Z0\na \u0000  \n🙂\u0000é0\u0000 🙂 \u0000ZZZ\u00000 λZa\u0000 Zé\u0000🙂aλaλé🙂λa\n a Z Zλa \n🙂 λéZ é\u00000é0Z a🙂λZ",
      "length": 394,
      "input_sha256": "6a72c24279ac134225148765730e05d108b924969dc96b77b949fa21da2b31b2",
      "oracle": false,
      "canonical": false,
      "generated": false
    },
    {
      "label": "generated-226",
      "input": "é λ é🙂λλ \u0000🙂aaZéaZ🙂\u0000  \n🙂é \nλ\u0000🙂\u0000é\n00 ",
      "length": 35,
      "input_sha256": "e3c91444db0bdf7457a95598276c8ff07112146fc1c3a7af9ef55885c2adc029",
      "oracle": false,
      "canonical": false,
      "generated": false
    },
    {
      "label": "generated-227",
      "input": "Zλ\nλ\nλλ0 0λ  \u0000 \u00000 0\u0000Zé\n0\naéa λλ🙂é🙂\n \u0000Z0🙂ééλ\nZ\u0000 \u0000éaZé🙂é\nλ 🙂a0 \u0000ZaéZZ0\u0000λ\n0λé  λé",
      "length": 78,
      "input_sha256": "fb1dc1219cb39103ee478411abc1e86d17af49f35f4f2f0f63786ea0fb366c55",
      "oracle": false,
      "canonical": false,
      "generated": false
    },
    {
      "label": "generated-228",
      "input": "\n\u0000🙂λéaZ\u0000éZ0 🙂a\nλZZéλ aééZ\u0000🙂 é🙂a0 Z\nλ🙂λ 0🙂ZZ Zaλaλ\n🙂Z🙂Zλ\nZ0\n \n0\n0λ00Za\naéλ\u0000a\u0000λa\u0000 λ\naéZ🙂\u00000\n λZ\nZZ 🙂éZ\né\n aaa\u0000 λλa\u0000 éZ🙂  🙂0🙂a éZZ\u0000",
      "length": 127,
      "input_sha256": "d96e37f2bef73fdbceeb44523892234316682fe7d2d7a7dde23350c1a62b7a83",
      "oracle": true,
      "canonical": true,
      "generated": true
    },
    {
      "label": "generated-229",
      "input": "\u0000Zé\n0a\nλ 0éé\u00000 🙂0a🙂\u0000\u0000🙂🙂Z\u0000 Za0Z\u0000\u0000Zé\n\né0\n\u0000\u00000Z \nλZZ🙂🙂🙂λé\n🙂\n🙂\u0000🙂λ🙂 \u00000🙂é éé🙂🙂\néZ\n🙂λ🙂é\né0🙂\n0 λZ\u0000aλa🙂Z\u0000Z λ\u0000\nZ\u0000a🙂 🙂🙂  🙂\n\nλZ\n\n0 Zéλ🙂0λZZ\u0000\n0a🙂é0ZZλ éa0λ\u0000🙂🙂\u0000ZZ Z🙂🙂éZ\na\na\u0000a é\u0000\né\u0000éλ\u0000λé é🙂0\u0000Z🙂\n 0éλλé\u0000\n0a🙂\u0000éaé Z🙂Z\nZa0λλ\n🙂 é\n\n é🙂0Z\n\u0000🙂Za\naλZaééé\u0000\n 0aa\u0000🙂éa 0\n0Z0Z🙂λλ🙂🙂λZλλé0\u0000aéé0λ0\naZ\n\nZ🙂0Z🙂éaλZé\n0a0\u0000🙂\né\u00000ZZ\u0000\n🙂Z\u0000λZ\n0 🙂0aaa0\u0000é0a\u0000\nZaéaa 🙂é🙂a🙂Z\n🙂🙂  Z\u0000ZλZ\u0000éa\u0000éé🙂Zλ",
      "length": 342,
      "input_sha256": "cf60816980d29af41263490bf9d92dd652e6ace8fe3b9937712f32a68f5e1d87",
      "oracle": false,
      "canonical": false,
      "generated": false
    },
    {
      "label": "generated-230",
      "input": "\n  é0Zéλ0Zλ\né0ZZ🙂\nZaé🙂ZéλZZ\u0000🙂0\n\naλ é\u00000\n🙂aé\u0000\nZ0\n🙂 a\nZ🙂Z\u0000ZZ0\u0000\u0000λ\u00000Z λé\u0000\n\u0000Z0éa🙂éaéa00Zéa\u0000\u0000λ\u0000aéλ\n\n0🙂0🙂\na🙂\u0000λ\n\nλéλ\u0000🙂🙂Z  Z\u0000λ000🙂\né0🙂Zé Z🙂λZ0 \u0000🙂🙂\u0000λZéaλ🙂\u0000λλ0\u0000\nZ0aZ\u00000Z  \n🙂é🙂é\n\u0000🙂λZa0é🙂\naéZ00 ZZa🙂0\néa0λλ 🙂 \n0λ0\n\n\u0000a\u0000 🙂\u0000λ\n🙂a\nλZ0λaλ🙂🙂\u0000a\n0\u0000é\n00é🙂 🙂Z0éa\u0000\u0000a0🙂\n\né\u0000 λ🙂 \n 0é\n🙂\nλ\u0000aa\n0a",
      "length": 262,
      "input_sha256": "4ae5defc74d2ca8cb4ba8e8bd1a0970cda1c1ede4344dd3c6da1912245e7897f",
      "oracle": false,
      "canonical": false,
      "generated": false
    },
    {
      "label": "generated-231",
      "input": "λ Z🙂a\n🙂a\u0000🙂 \u0000éλ\nλ \u0000\u0000aaaλ\n\n\u0000Z\n🙂\né\u0000🙂\u0000🙂\u0000éa\n\néaZ aZZ\naλ\u0000\u0000aλ\u0000\n🙂 Z\n é\u0000\n\n Z\u0000ZZ0éaZ\u0000\n\u0000\nλ éaλa0\u0000λ0λZZZZZ0é 0🙂λé\n\nZλ\u0000🙂Z0 🙂 \n\u0000λλ\u0000 ",
      "length": 118,
      "input_sha256": "a503018ea69cbf3a0ec53d8e94b23487cd2c64f77d812625112e3183a66f13af",
      "oracle": false,
      "canonical": false,
      "generated": false
    },
    {
      "label": "generated-232",
      "input": " 0🙂ZZ\n 0\n 0 λ\né aéé\u0000a ZZ λZa🙂\n0🙂aa\u0000🙂🙂aa Z\na λ🙂0λ\u00000éé0\u0000Z  \nZ00Z 0λ🙂Zééλ\n🙂aa\naaaé🙂λ\n\u00000🙂\u0000λ🙂 ééaa\u0000aé\u0000 a Z0éλ\u0000\naZ🙂0🙂\u0000aλa\u0000 aéZaéa\n0Z\u0000 éZé0aé λ0λa🙂\nZé\u0000Zλ\u0000 a🙂\né🙂\u0000aé\né🙂\n\u0000\u0000 \u0000ZZ🙂a  ZZ\u0000Z0\nλ ZZ\u0000éa 0ZZa\né\naλ \u0000🙂0\u0000\né0a🙂aZ0🙂\u0000Z ZZZZZ \n\u0000\né \u0000 0\u0000λ\n0aéλ🙂Z0a\u0000aaλλé0\n0🙂\u0000Z\u0000λ\u0000🙂0Zλ\u0000éZλ 🙂\u0000\naλaa0\u0000 \nZaλ  \n0\u0000🙂 λZZ a0é\u0000🙂0λZa\u0000aaaZ\n0\né0🙂🙂λ🙂a\u0000\nZ  0\nλa\n ",
      "length": 319,
      "input_sha256": "cfd7fc9a7c0838deb42959f698b04b6770ee629bc3f6a3b4d5fe13fb6046da3a",
      "oracle": false,
      "canonical": false,
      "generated": false
    },
    {
      "label": "generated-233",
      "input": " é\u0000🙂é\n🙂\u0000🙂aZZ0🙂λ aé0\u0000\u0000\u00000Za  \u0000\u0000λ\u0000\n\u0000λ 🙂λ0éaZa aéλZ\nλZZa\u0000 éZaéλλ🙂🙂\u0000\né aa🙂\u0000λ\u0000\na\néé0\u0000🙂a\u0000éa0\u0000\n\na \n🙂\n\na\u0000🙂\u0000🙂λa0λ\nλ🙂0a\u00000éZZλλ🙂🙂\u0000é\u0000éλλ Z\n0 a000🙂Zλ0aé🙂λ\nZZZ\u0000a  \u0000λλ \nZ\u0000λ\n\n🙂é\u0000éa λ0Z\u0000🙂  λZλ0 00é🙂0λλ λa\u0000ééλ🙂\néλ",
      "length": 194,
      "input_sha256": "09615a4c483299533a62155e469f8cc76e98969ab18fa9165f74d0e4513e0ba6",
      "oracle": false,
      "canonical": false,
      "generated": false
    },
    {
      "label": "generated-234",
      "input": "0ZZ🙂é🙂aé0λ0Z\u0000🙂éé\u0000éa🙂🙂λ\n🙂🙂Zé\u00000\né0🙂0\u0000🙂Zλ\nλ🙂0a   é\u0000aé0 \na\u0000\u00000aé 🙂λ0\n 00\u0000éééa0\n0é   aλ\u0000a  0Z🙂🙂\u0000\né0λλa λ aa0  Z\naaé\u0000é🙂a\n🙂Z aaZaaλλ🙂λ0 🙂\n\u0000Za λé\u00000🙂λλa🙂éλa é λ\u0000Z \u0000",
      "length": 154,
      "input_sha256": "94fd6046237df28bfb7702d26c9f20915f0f7a0c193289ed363de4af81781b02",
      "oracle": false,
      "canonical": false,
      "generated": false
    },
    {
      "label": "generated-235",
      "input": "0🙂λéλ λ0\n\n\n0\u0000a\u0000🙂éλ\u0000🙂🙂aééé0🙂\u0000ZZ🙂\na🙂 a\u00000 🙂\u0000λ 0🙂\nZa🙂 λé🙂🙂é  Z\u0000aλZ🙂a🙂\n Za\u0000a\u0000\n  éλéé🙂0\n\n🙂🙂\u0000a0é🙂Z🙂00a\u0000🙂\u0000aaλZ0🙂\u0000🙂λa\n🙂é\u0000Z\u0000🙂λ\u0000Z\u0000Z\n\u0000 ZZ0é0aλéZé\u0000 \u00000a a🙂0\u0000 a\nλ🙂λ\u0000\né🙂🙂é\n00\na🙂éλé\nλ  é \u000000Z🙂🙂é\nZ\naa\n0🙂aλ 00\naaéZZ\nλ 0🙂é 0λ\u0000🙂0\n  λ  Zé é\u0000\u0000aaZZ🙂Z\nZ aλé a\u0000\u0000Z\u0000Z   0a0Z🙂\u0000Z\nλa 🙂\né🙂  Z🙂\néaé λ a ",
      "length": 270,
      "input_sha256": "18b143e4c27e82c39e9c379cebe7fe5bce094f5ebb3a1325a78364ae486bb40e",
      "oracle": false,
      "canonical": false,
      "generated": false
    },
    {
      "label": "generated-236",
      "input": "\nλ0a\u0000λaéa\nZλ\u0000a aééZλ🙂\u0000é0éZé\u0000 \naλ00",
      "length": 34,
      "input_sha256": "6f749ec0cdd9f24d3d27d3d2fb0386671e5b07baf7775dc3289a3f200c47421c",
      "oracle": false,
      "canonical": false,
      "generated": false
    },
    {
      "label": "generated-237",
      "input": "éZ 🙂0🙂🙂\u0000Zéa\naa🙂0a🙂🙂\u00000 \u0000Z🙂\n0λλZZ🙂λéé  \u0000\u000000\u0000  aZaa\nλ\u0000\u0000 éλ0a λ0aZa\n\na🙂\n \nééλéλéZ\u0000\u0000\néZ0 \naé\nλ0 \u0000\nZZ0éZZZa\nééZ\u0000a λ \n🙂Z\n🙂\u0000\u0000éZZλλ \u00000🙂 🙂\n🙂 λ Zλ🙂 🙂\u0000\naé🙂a\n \n0\u0000\u0000Z\u0000a\n  \né\n0🙂a",
      "length": 162,
      "input_sha256": "c63f359bacc7fceef408d1cf809c6cbdba65b25e737184f9b880df201422cc02",
      "oracle": false,
      "canonical": false,
      "generated": false
    },
    {
      "label": "generated-238",
      "input": "🙂λλ🙂é 🙂éZZ0\naZλa\n0\u0000Zé0é ZaaZZ  Z  Z\nZ\u0000\n \né\n🙂a0 🙂\u0000 é  \u0000🙂 0λéa éZ\n\nλZZaZλ éλZa0 \u000000λ\n🙂00",
      "length": 86,
      "input_sha256": "7f14215aa6b4a699b941e8b566485c07157f1d432fdb91127810b051bc3a605c",
      "oracle": false,
      "canonical": false,
      "generated": false
    },
    {
      "label": "generated-239",
      "input": "\nλZ éλλλé0é\u0000 Zé 🙂\n aé aλééaλ\u0000Z\u0000éa0🙂a00a\n0a0\u00000Zé\n\nZZ éλ\u0000\u0000λé🙂a0λ Z λé\u0000 \u0000🙂\u0000λZ\u0000Zλ\n🙂λλλaλ Za éλλ🙂\nZ\u0000\u0000éλa 🙂é🙂 \n\u0000\u00000🙂Zéλ\n🙂0λa\u0000λ0Za🙂\n0a0éλ\u0000\n🙂0Zλ\u0000 Z\u0000🙂\n🙂 0 🙂a\u0000Z\u0000\u0000\u0000🙂",
      "length": 153,
      "input_sha256": "76909783533041a47dae72f4c33e5fa97b19069ccc6792642484c9143c5a833e",
      "oracle": false,
      "canonical": false,
      "generated": false
    },
    {
      "label": "generated-240",
      "input": "  λλλ🙂é0\na\u0000Z🙂éZ \u00000\u0000λ\naa🙂 Z\u0000Z\u0000\né0a  Z0é🙂0🙂0é\n0λλ a🙂é\u0000🙂\né🙂ZZλ 0éZ Zλ é Z🙂λ\n λ\n0λaé\nλé é🙂é00é🙂\n\nλλ0\nZaλ🙂00Z0ZZZ🙂0ZééaZ a\nZaλ  Zé\u0000a\u00000aa🙂aZ🙂0🙂é\nZλéZé\u0000\u0000\u0000\u0000",
      "length": 148,
      "input_sha256": "ffb8cabde07eb5e595a4f356ad079ed1bea2134cb4f22110737764a34819ef9c",
      "oracle": false,
      "canonical": false,
      "generated": false
    },
    {
      "label": "generated-241",
      "input": "a\u0000λZaZZ🙂λ🙂0\u0000ZaZ\n\n\nZZ\u0000🙂\n🙂Z0 \u0000λλZZλ\n\n\n 🙂\n  λZ\n\n 0éZλ\u0000Za\u00000Za\u0000\u0000 🙂a0a\n🙂λλ\né \u0000λ0a0λ\n0λλ🙂λ  \u0000λλ🙂🙂Z🙂\u0000\u0000ZéaZ0🙂  \u00000é 0🙂0\nZZéaZaé🙂\u0000ZZ🙂🙂🙂0λ \u0000\n0\u0000λ Z\n\u0000é\n0\n🙂🙂a🙂λa\u0000λéZé🙂Z\n🙂\u0000\u0000 0Z🙂é0a\n   \u0000  0é \nZλ\nZλ0\u0000ZZ\u0000🙂 λa0\u0000 0 Z0é0éa ",
      "length": 201,
      "input_sha256": "f5b7014225598265eaf7237003c745f71a482d9f93a9c8a1e2a80f8d545e1339",
      "oracle": false,
      "canonical": false,
      "generated": false
    },
    {
      "label": "generated-242",
      "input": "a\n🙂0éZéλ\na\u0000\u0000\n\u0000aZ éaλ🙂🙂🙂Za\n🙂\u0000λ\n\n\néZaa0  🙂\né\n é🙂ZλZ\u0000\nλ🙂λ a🙂λéa",
      "length": 60,
      "input_sha256": "f7957a0521bcfb980b4560d0fd703b33ad5ae507244ee6d567698c0311ba2c52",
      "oracle": false,
      "canonical": false,
      "generated": false
    },
    {
      "label": "generated-243",
      "input": "Z0a\n\u00000λ\u0000λ\n🙂\n🙂λé",
      "length": 15,
      "input_sha256": "c974f8ebdbe7ffc0d240e5c32d0c91194311dc3ebaba562e19cad0ae4866f67d",
      "oracle": false,
      "canonical": false,
      "generated": false
    },
    {
      "label": "generated-244",
      "input": "aaéZ\u0000aa\u0000Zλλa  Z \u0000é\n\u00000\na🙂\n \n🙂é a\na\u0000\u00000é\nλ\na  a Z\u0000éé\néZZ0\n0\u0000λ\u0000Zéλ🙂λ\u0000 é\u0000Z\u0000 a\n\u0000🙂\u0000éλλ0🙂\nλ0é\n\u0000🙂éa\n\nZλaéλ\nλaZéλé0 \u0000Zλé\u0000é 🙂\nλé \n\na🙂 Za 0🙂🙂éé\nZ\u00000 λ\u00000\u0000aa0Z λa🙂\u0000Z🙂λ\n\n\u0000\nZé🙂\n🙂é\u0000  é\nZZ🙂aλé00  🙂\u0000🙂\u0000🙂🙂\nZ🙂é aé0éλ🙂Zλé\n🙂\u0000\u00000λλa \n\n0\u0000🙂λé🙂🙂\u0000a  \n Z\u0000aa \néZ\n0 λ \n0é0 aa\n \n éλZ\u0000\nλ\n 🙂\naaé\na\nZ0\u0000a\u0000a\n\u0000\n\u0000 🙂00Z ééé0é00aλa\u0000🙂\naé 🙂éλé\na\nZéZ  λ  é0λ🙂🙂a0🙂🙂 🙂λ🙂🙂 \nλ0Z",
      "length": 327,
      "input_sha256": "5499b1208aa3d626f11a790764651e73ee8d07644afb5d354138075301f0994b",
      "oracle": false,
      "canonical": false,
      "generated": false
    },
    {
      "label": "generated-245",
      "input": "0🙂Z🙂🙂\u0000é\u0000Z\né00🙂🙂λ🙂\n🙂λ\u0000λa\na🙂\n\u00000🙂\n0Z\u0000Z🙂é0éZ0a\n \u0000aλ\nZ ",
      "length": 50,
      "input_sha256": "21da65dc063134b926fe1fd9b87bbc8c95ada9f3594274c241698585e1b8955f",
      "oracle": false,
      "canonical": false,
      "generated": false
    },
    {
      "label": "generated-246",
      "input": "\u0000🙂\nZλéλ\u0000aa🙂é\u0000é \n 🙂éZa\u0000 \nZ0\nZλZ éaa0λλ\u0000🙂 0 aZ\nλé🙂 \nZa\u00000🙂\n🙂0🙂🙂é\na🙂aéé0Za🙂0\u0000 é  00🙂Za🙂a🙂é0🙂λλ\nZ 0🙂\n🙂Z Z00 é\n\n\u00000λ0  é\u0000λaéλλ\u0000λ\u0000λ0\naé\u0000é é🙂 λ0ZZ Zaé0λ0🙂\u0000éé\u000000\nZa\na λ🙂\u0000é0a \u0000λ🙂0Z\néλ 0\n🙂\u0000é0\nλ0λ\n0🙂Z\n0é0 ",
      "length": 192,
      "input_sha256": "569d4cc265d61e20434061058df9f5d0b7753b051d7f9686fd91c353ca5cc73e",
      "oracle": false,
      "canonical": false,
      "generated": false
    },
    {
      "label": "generated-247",
      "input": "λ\naaéZ🙂λλ0Z\n\n🙂aéa0🙂λ \u0000 \u0000λZ🙂\u0000🙂a0é 🙂🙂λ🙂0 λ\n🙂\u0000Zλ0 \u0000éZ\u0000\u0000\u0000🙂Z\nλ é🙂\nλλZ aλ🙂\n0🙂Z\u0000\u0000🙂🙂a🙂\na🙂λ aλλ🙂\u0000λé\na\na\n\u0000🙂",
      "length": 97,
      "input_sha256": "49cc4f7ecc3e8117bfdda31590d064d2686d9a6d2b31a2fcfdb24b10e162a708",
      "oracle": true,
      "canonical": true,
      "generated": true
    },
    {
      "label": "generated-248",
      "input": "é λλ\nλ🙂λZ  \n ",
      "length": 13,
      "input_sha256": "8e400cea5e5c971fb46533fe37baef9c47ecfe18f7baa3f928f8a1df0cbbeb61",
      "oracle": true,
      "canonical": true,
      "generated": true
    },
    {
      "label": "generated-249",
      "input": "🙂a \nλZZZé🙂λ\nZ\nλ\u0000\nλ\u0000 \na🙂aaé🙂\u0000🙂Z λZ Za\u0000 Zaλa\na Zλé0 é🙂a🙂é \u0000λ0\n\u0000\n \néλ🙂\nZλ\nZλ00Za🙂\u0000\n🙂éa\né0\nλZ\u0000éZé\naa\u0000a0λ0a\n🙂\nλZ\n\u00000éZZ 🙂é🙂🙂éé\u0000🙂0\u0000ZéaaéZZ",
      "length": 131,
      "input_sha256": "4f0a8ddd3352b21c77906ff19ade8b1565b68e33f11964ffbf52753a6d983fee",
      "oracle": true,
      "canonical": true,
      "generated": true
    }
  ]
}

EXIT_STATUS: 0
