COMMAND: python3 /audit-output/evidence/k_inventory.py
WORKDIR: /tmp/audit-work/intersperse-audit
START_UTC: 2026-07-25T23:57:22Z

FILE reference-semantics/semantics/assert.k
MODULES MPY-ASSERT@3
reference-semantics/semantics/assert.k:6: RULE [operational] rule <k> Assert(V:Val) => .K ... </k> requires truthy(V)
reference-semantics/semantics/assert.k:8: RULE [operational] rule <k> Assert(V:Val) ~> _ => .K </k> <exc> NoExc => AssertionError </exc> <exit-code> _ => 1 </exit-code> requires notBool truthy(V)
reference-semantics/semantics/assert.k:13: RULE [priority,operational] rule <k> Assert(ref(H:Int)) => Assert(V) ... </k> <heap> ... H |-> V:Val ... </heap> [priority(40)]
FILE_COUNTS rule=3 tag:operational=3 tag:priority=1

FILE reference-semantics/semantics/bool.k
MODULES MPY-BOOL@5
reference-semantics/semantics/bool.k:8: RULE [equational] rule applyUn("not", V:Val) => notBool truthy(V)
reference-semantics/semantics/bool.k:10: RULE [equational] rule applyCmp("==", B1:Bool, B2:Bool) => B1 ==Bool B2
reference-semantics/semantics/bool.k:11: RULE [equational] rule applyCmp("!=", B1:Bool, B2:Bool) => B1 =/=Bool B2
reference-semantics/semantics/bool.k:16: CONTEXT [-] context BoolOp(_, (HOLE:Expr, _:Exprs))
reference-semantics/semantics/bool.k:17: RULE [operational] rule <k> BoolOp(_:String, (V:Val, .Exprs)) => V ... </k>
reference-semantics/semantics/bool.k:18: RULE [operational] rule <k> BoolOp("and", (V:Val, A:Expr, REST:Exprs)) => BoolOp("and", (A, REST)) ... </k> requires truthy(V)
reference-semantics/semantics/bool.k:20: RULE [operational] rule <k> BoolOp("and", (V:Val, _:Expr, _:Exprs)) => V ... </k> requires notBool truthy(V)
reference-semantics/semantics/bool.k:22: RULE [operational] rule <k> BoolOp("or", (V:Val, _:Expr, _:Exprs)) => V ... </k> requires truthy(V)
reference-semantics/semantics/bool.k:24: RULE [operational] rule <k> BoolOp("or", (V:Val, A:Expr, REST:Exprs)) => BoolOp("or", (A, REST)) ... </k> requires notBool truthy(V)
reference-semantics/semantics/bool.k:29: RULE [priority,operational] rule <k> BoolOp(_:String, (ref(H:Int), .Exprs)) => ref(H) ... </k> [priority(40)]
reference-semantics/semantics/bool.k:31: RULE [priority,operational] rule <k> BoolOp("and", (ref(H:Int), A:Expr, REST:Exprs)) => BoolOp("and", (A, REST)) ... </k> <heap> ... H |-> V:Val ... </heap> requires truthy(V) [priority(40)]
reference-semantics/semantics/bool.k:35: RULE [priority,operational] rule <k> BoolOp("and", (ref(H:Int), _:Expr, _:Exprs)) => ref(H) ... </k> <heap> ... H |-> V:Val ... </heap> requires notBool truthy(V) [priority(40)]
reference-semantics/semantics/bool.k:39: RULE [priority,operational] rule <k> BoolOp("or", (ref(H:Int), _:Expr, _:Exprs)) => ref(H) ... </k> <heap> ... H |-> V:Val ... </heap> requires truthy(V) [priority(40)]
reference-semantics/semantics/bool.k:43: RULE [priority,operational] rule <k> BoolOp("or", (ref(H:Int), A:Expr, REST:Exprs)) => BoolOp("or", (A, REST)) ... </k> <heap> ... H |-> V:Val ... </heap> requires notBool truthy(V) [priority(40)]
FILE_COUNTS context=1 rule=13 tag:equational=3 tag:operational=10 tag:priority=5

FILE reference-semantics/semantics/builtins.k
MODULES MPY-BUILTINS@3
reference-semantics/semantics/builtins.k:17: SYNTAX [function] syntax Val ::= applyBuiltin(String, Vals) [function]
reference-semantics/semantics/builtins.k:20: SYNTAX [function] syntax Int ::= seqLen(Val) [function]
reference-semantics/semantics/builtins.k:21: RULE [equational] rule applyBuiltin("len", OBJ:Val, .Vals) => seqLen(OBJ)
reference-semantics/semantics/builtins.k:22: RULE [equational] rule seqLen(list(VS:ValSeq)) => vsLen(VS)
reference-semantics/semantics/builtins.k:23: RULE [equational] rule seqLen(tuple(VS:ValSeq)) => vsLen(VS)
reference-semantics/semantics/builtins.k:24: RULE [equational] rule seqLen(str(IS:IntSeq)) => isLen(IS)
reference-semantics/semantics/builtins.k:25: RULE [equational] rule seqLen(setV(DS:IntSeq)) => isLen(DS)
reference-semantics/semantics/builtins.k:26: RULE [equational] rule seqLen(rangeObj(LO:Int, HI:Int, ST:Int)) => rangeLen(LO, HI, ST)
reference-semantics/semantics/builtins.k:32: RULE [operational] rule <k> #applyK(toCall(builtinV("list")), (list(VS:ValSeq), .Vals)) => #alloc(list(VS)) ... </k>
reference-semantics/semantics/builtins.k:33: RULE [operational] rule <k> #applyK(toCall(builtinV("list")), (tuple(VS:ValSeq), .Vals)) => #alloc(list(VS)) ... </k>
reference-semantics/semantics/builtins.k:34: RULE [operational] rule <k> #applyK(toCall(builtinV("list")), .Vals) => #alloc(list(.ValSeq)) ... </k>
reference-semantics/semantics/builtins.k:35: RULE [operational] rule <k> #applyK(toCall(builtinV("list")), (str(CS:IntSeq), .Vals)) => #alloc(list(charsOf(CS))) ... </k>
reference-semantics/semantics/builtins.k:36: SYNTAX [function,total] syntax ValSeq ::= charsOf(IntSeq) [function, total]
reference-semantics/semantics/builtins.k:37: RULE [equational] rule charsOf(.IntSeq) => .ValSeq
reference-semantics/semantics/builtins.k:38: RULE [equational] rule charsOf(iCons(C:Int, R:IntSeq)) => vCons(str(iCons(C, .IntSeq)), charsOf(R))
reference-semantics/semantics/builtins.k:41: RULE [equational] rule applyBuiltin("set", str(CS:IntSeq), .Vals) => setV(dedupCodes(CS))
reference-semantics/semantics/builtins.k:44: RULE [equational] rule applyBuiltin("abs", I:Int, .Vals) => absInt(I)
reference-semantics/semantics/builtins.k:47: SYNTAX [-] syntax KItem ::= #sumAcc(Iterable, Int) | #sumCont(Int)
reference-semantics/semantics/builtins.k:48: RULE [operational] rule <k> #sumAcc(IT:Iterable, ACC:Int) => #iterNext(IT) ~> #sumCont(ACC) ... </k>
reference-semantics/semantics/builtins.k:49: RULE [operational] rule <k> #iterDone ~> #sumCont(ACC:Int) => ACC ... </k>
reference-semantics/semantics/builtins.k:50: RULE [operational] rule <k> #iterYield(V:Val, R:Iterable) ~> #sumCont(ACC:Int) => #sumAcc(R, ACC +Int intOf(V)) ... </k> requires isInt(V) orBool isBool(V)
reference-semantics/semantics/builtins.k:54: SYNTAX [function] syntax Int ::= intOf(Val) [function]
reference-semantics/semantics/builtins.k:55: RULE [equational] rule intOf(I:Int) => I
reference-semantics/semantics/builtins.k:56: RULE [equational] rule intOf(B:Bool) => #if B #then 1 #else 0 #fi
reference-semantics/semantics/builtins.k:59: SYNTAX [-] syntax KItem ::= #allAcc(Iterable) | "#allCont"
reference-semantics/semantics/builtins.k:60: RULE [operational] rule <k> #allAcc(IT:Iterable) => #iterNext(IT) ~> #allCont ... </k>
reference-semantics/semantics/builtins.k:61: RULE [operational] rule <k> #iterDone ~> #allCont => true ... </k>
reference-semantics/semantics/builtins.k:62: RULE [operational] rule <k> #iterYield(V:Val, R:Iterable) ~> #allCont => #allAcc(R) ... </k> requires truthy(V)
reference-semantics/semantics/builtins.k:64: RULE [operational] rule <k> #iterYield(V:Val, _:Iterable) ~> #allCont => false ... </k> requires notBool truthy(V)
reference-semantics/semantics/builtins.k:67: SYNTAX [-] syntax KItem ::= #anyAcc(Iterable) | "#anyCont"
reference-semantics/semantics/builtins.k:68: RULE [operational] rule <k> #anyAcc(IT:Iterable) => #iterNext(IT) ~> #anyCont ... </k>
reference-semantics/semantics/builtins.k:69: RULE [operational] rule <k> #iterDone ~> #anyCont => false ... </k>
reference-semantics/semantics/builtins.k:70: RULE [operational] rule <k> #iterYield(V:Val, _:Iterable) ~> #anyCont => true ... </k> requires truthy(V)
reference-semantics/semantics/builtins.k:72: RULE [operational] rule <k> #iterYield(V:Val, R:Iterable) ~> #anyCont => #anyAcc(R) ... </k> requires notBool truthy(V)
reference-semantics/semantics/builtins.k:76: SYNTAX [-] syntax KItem ::= #maxAcc0(Iterable) | "#maxCont0" | #maxAcc(Iterable, Int) | #maxCont(Int)
reference-semantics/semantics/builtins.k:77: RULE [operational] rule <k> #maxAcc0(IT:Iterable) => #iterNext(IT) ~> #maxCont0 ... </k>
reference-semantics/semantics/builtins.k:78: RULE [operational] rule <k> #iterYield(V:Val, R:Iterable) ~> #maxCont0 => #maxAcc(R, {V}:>Int) ... </k> requires isInt(V)
reference-semantics/semantics/builtins.k:80: RULE [operational] rule <k> #maxAcc(IT:Iterable, M:Int) => #iterNext(IT) ~> #maxCont(M) ... </k>
reference-semantics/semantics/builtins.k:81: RULE [operational] rule <k> #iterDone ~> #maxCont(M:Int) => M ... </k>
reference-semantics/semantics/builtins.k:82: RULE [operational] rule <k> #iterYield(V:Val, R:Iterable) ~> #maxCont(M:Int) => #maxAcc(R, maxInt(M, {V}:>Int)) ... </k> requires isInt(V)
reference-semantics/semantics/builtins.k:86: SYNTAX [-] syntax KItem ::= #minAcc0(Iterable) | "#minCont0" | #minAcc(Iterable, Int) | #minCont(Int)
reference-semantics/semantics/builtins.k:87: RULE [operational] rule <k> #minAcc0(IT:Iterable) => #iterNext(IT) ~> #minCont0 ... </k>
reference-semantics/semantics/builtins.k:88: RULE [operational] rule <k> #iterYield(V:Val, R:Iterable) ~> #minCont0 => #minAcc(R, {V}:>Int) ... </k> requires isInt(V)
reference-semantics/semantics/builtins.k:90: RULE [operational] rule <k> #minAcc(IT:Iterable, M:Int) => #iterNext(IT) ~> #minCont(M) ... </k>
reference-semantics/semantics/builtins.k:91: RULE [operational] rule <k> #iterDone ~> #minCont(M:Int) => M ... </k>
reference-semantics/semantics/builtins.k:92: RULE [operational] rule <k> #iterYield(V:Val, R:Iterable) ~> #minCont(M:Int) => #minAcc(R, minInt(M, {V}:>Int)) ... </k> requires isInt(V)
reference-semantics/semantics/builtins.k:97: SYNTAX [function] syntax Int ::= maxVals(Int, Vals) [function]
reference-semantics/semantics/builtins.k:98: RULE [equational] rule applyBuiltin("max", I:Int, REST:Vals) => maxVals(I, REST)
reference-semantics/semantics/builtins.k:99: RULE [equational] rule maxVals(M:Int, .Vals) => M
reference-semantics/semantics/builtins.k:100: RULE [equational] rule maxVals(M:Int, (I:Int, R:Vals)) => maxVals(maxInt(M, I), R)
reference-semantics/semantics/builtins.k:102: SYNTAX [function] syntax Int ::= minVals(Int, Vals) [function]
reference-semantics/semantics/builtins.k:103: RULE [equational] rule applyBuiltin("min", I:Int, REST:Vals) => minVals(I, REST)
reference-semantics/semantics/builtins.k:104: RULE [equational] rule minVals(M:Int, .Vals) => M
reference-semantics/semantics/builtins.k:105: RULE [equational] rule minVals(M:Int, (I:Int, R:Vals)) => minVals(minInt(M, I), R)
reference-semantics/semantics/builtins.k:108: RULE [equational] rule applyBuiltin("bin", N:Int, .Vals) => str(iCons(48, iCons(98, binCodes(N)))) requires N >=Int 0
reference-semantics/semantics/builtins.k:111: RULE [equational] rule applyBuiltin("bin", N:Int, .Vals) => str(iCons(45, iCons(48, iCons(98, binCodes(0 -Int N))))) requires N <Int 0
reference-semantics/semantics/builtins.k:114: SYNTAX [function,total] syntax IntSeq ::= binCodes(Int) [function, total]
reference-semantics/semantics/builtins.k:115: RULE [equational] rule binCodes(0) => iCons(48, .IntSeq)
reference-semantics/semantics/builtins.k:116: RULE [equational] rule binCodes(N:Int) => binAcc(N, .IntSeq) requires N >Int 0
reference-semantics/semantics/builtins.k:117: SYNTAX [function,total] syntax IntSeq ::= binAcc(Int, IntSeq) [function, total]
reference-semantics/semantics/builtins.k:118: RULE [equational] rule binAcc(0, ACC:IntSeq) => ACC
reference-semantics/semantics/builtins.k:119: RULE [equational] rule binAcc(N:Int, ACC:IntSeq) => binAcc((N -Int pyMod(N, 2)) /Int 2, iCons(48 +Int pyMod(N, 2), ACC)) requires N >Int 0
reference-semantics/semantics/builtins.k:124: RULE [operational] rule <k> #applyK(toCall(builtinV("enumerate")), (list(VS:ValSeq), .Vals)) => #alloc(list(enumVS(VS, 0))) ... </k>
reference-semantics/semantics/builtins.k:126: SYNTAX [function,total] syntax ValSeq ::= enumVS(ValSeq, Int) [function, total]
reference-semantics/semantics/builtins.k:127: RULE [equational] rule enumVS(.ValSeq, _:Int) => .ValSeq
reference-semantics/semantics/builtins.k:128: RULE [equational] rule enumVS(vCons(V:Val, R:ValSeq), I:Int) => vCons(tuple(vCons(I, vCons(V, .ValSeq))), enumVS(R, I +Int 1))
reference-semantics/semantics/builtins.k:132: RULE [operational] rule <k> #applyK(toCall(builtinV("map")), (typeV("str"), list(VS:ValSeq), .Vals)) => #alloc(list(mapStrVS(VS))) ... </k>
reference-semantics/semantics/builtins.k:134: SYNTAX [function,total] syntax ValSeq ::= mapStrVS(ValSeq) [function, total]
reference-semantics/semantics/builtins.k:135: RULE [equational] rule mapStrVS(.ValSeq) => .ValSeq
reference-semantics/semantics/builtins.k:136: RULE [equational] rule mapStrVS(vCons(I:Int, R:ValSeq)) => vCons(str(strToCodes(Int2String(I))), mapStrVS(R))
reference-semantics/semantics/builtins.k:137: RULE [equational] rule mapStrVS(vCons(str(CS:IntSeq), R:ValSeq)) => vCons(str(CS), mapStrVS(R))
reference-semantics/semantics/builtins.k:140: RULE [equational] rule applyBuiltin("int", I:Int, .Vals) => I
reference-semantics/semantics/builtins.k:143: RULE [equational] rule applyBuiltin("ord", str(iCons(C:Int, .IntSeq)), .Vals) => C
reference-semantics/semantics/builtins.k:144: RULE [equational] rule applyBuiltin("chr", I:Int, .Vals) => str(iCons(I, .IntSeq)) requires 0 <=Int I andBool I <Int 128
reference-semantics/semantics/builtins.k:148: RULE [equational] rule applyBuiltin("str", I:Int, .Vals) => str(strToCodes(Int2String(I)))
reference-semantics/semantics/builtins.k:149: RULE [equational] rule applyBuiltin("str", str(CS:IntSeq), .Vals) => str(CS)
reference-semantics/semantics/builtins.k:152: RULE [equational] rule applyBuiltin("int", str(iCons(C:Int, .IntSeq)), .Vals) => C -Int 48 requires 48 <=Int C andBool C <=Int 57
reference-semantics/semantics/builtins.k:156: RULE [equational] rule applyBuiltin("int", str(CS:IntSeq), .Vals) => intDigAcc(CS, 0) requires isLen(CS) >=Int 2
reference-semantics/semantics/builtins.k:158: SYNTAX [function,total] syntax Int ::= intDigAcc(IntSeq, Int) [function, total]
reference-semantics/semantics/builtins.k:159: RULE [equational] rule intDigAcc(.IntSeq, ACC:Int) => ACC
reference-semantics/semantics/builtins.k:160: RULE [equational] rule intDigAcc(iCons(C:Int, R:IntSeq), ACC:Int) => intDigAcc(R, (ACC *Int 10) +Int (C -Int 48))
reference-semantics/semantics/builtins.k:163: RULE [equational] rule applyBuiltin("zip", list(A:ValSeq), list(B:ValSeq), .Vals) => zipObj(A, B)
reference-semantics/semantics/builtins.k:164: RULE [equational] rule applyBuiltin("zip", str(A:IntSeq), str(B:IntSeq), .Vals) => zipObjS(A, B)
reference-semantics/semantics/builtins.k:167: RULE [operational] rule <k> #iterNext(zipObj(vCons(A:Val, As:ValSeq), vCons(B:Val, Bs:ValSeq))) => #iterYield(tuple(vCons(A, vCons(B, .ValSeq))), zipObj(As, Bs)) ... </k>
reference-semantics/semantics/builtins.k:169: RULE [operational] rule <k> #iterNext(zipObj(.ValSeq, _:ValSeq)) => #iterDone ... </k>
reference-semantics/semantics/builtins.k:170: RULE [operational] rule <k> #iterNext(zipObj(vCons(_:Val, _:ValSeq), .ValSeq)) => #iterDone ... </k>
reference-semantics/semantics/builtins.k:171: RULE [operational] rule <k> #iterNext(zipObjS(iCons(A:Int, As:IntSeq), iCons(B:Int, Bs:IntSeq))) => #iterYield(tuple(vCons(str(iCons(A, .IntSeq)), vCons(str(iCons(B, .IntSeq)), .ValSeq))), zipObjS(As, Bs)) ... </k>
reference-semantics/semantics/builtins.k:173: RULE [operational] rule <k> #iterNext(zipObjS(.IntSeq, _:IntSeq)) => #iterDone ... </k>
reference-semantics/semantics/builtins.k:174: RULE [operational] rule <k> #iterNext(zipObjS(iCons(_:Int, _:IntSeq), .IntSeq)) => #iterDone ... </k>
reference-semantics/semantics/builtins.k:177: RULE [equational] rule applyBuiltin("range", I:Int, .Vals) => rangeObj(0, I, 1)
reference-semantics/semantics/builtins.k:178: RULE [equational] rule applyBuiltin("range", A:Int, B:Int, .Vals) => rangeObj(A, B, 1)
reference-semantics/semantics/builtins.k:179: RULE [equational] rule applyBuiltin("range", A:Int, B:Int, S:Int, .Vals) => rangeObj(A, B, S) requires S =/=Int 0
reference-semantics/semantics/builtins.k:187: RULE [equational] rule applyBuiltin("eval", str(CS:IntSeq), .Vals) => evalArith(CS)
reference-semantics/semantics/builtins.k:188: SYNTAX [function] syntax Int ::= evalArith(IntSeq) [function]
reference-semantics/semantics/builtins.k:189: RULE [equational] rule evalArith(CS:IntSeq) => firstNdE(passAddE(passMulE(passPowE(tokOps(CS), tokNds(CS)))))
reference-semantics/semantics/builtins.k:192: SYNTAX [-] syntax OpSeq ::= ".OpSeq" | oCons(String, OpSeq)
reference-semantics/semantics/builtins.k:194: SYNTAX [function,total] syntax Bool ::= evDigit(Int) [function, total]
reference-semantics/semantics/builtins.k:195: RULE [equational] rule evDigit(C:Int) => C >=Int 48 andBool C <=Int 57
reference-semantics/semantics/builtins.k:196: SYNTAX [function,total] syntax Bool ::= evHead42(IntSeq) [function, total]
reference-semantics/semantics/builtins.k:197: RULE [equational] rule evHead42(iCons(42, _:IntSeq)) => true
reference-semantics/semantics/builtins.k:198: RULE [owise,equational] rule evHead42(_:IntSeq) => false [owise]
reference-semantics/semantics/builtins.k:199: SYNTAX [function,total] syntax Bool ::= evHead47(IntSeq) [function, total]
reference-semantics/semantics/builtins.k:200: RULE [equational] rule evHead47(iCons(47, _:IntSeq)) => true
reference-semantics/semantics/builtins.k:201: RULE [owise,equational] rule evHead47(_:IntSeq) => false [owise]
reference-semantics/semantics/builtins.k:203: SYNTAX [function,total] syntax OpSeq ::= tokOps(IntSeq) [function, total]
reference-semantics/semantics/builtins.k:204: RULE [equational] rule tokOps(.IntSeq) => .OpSeq
reference-semantics/semantics/builtins.k:205: RULE [equational] rule tokOps(iCons(32, R:IntSeq)) => tokOps(R)
reference-semantics/semantics/builtins.k:206: RULE [equational] rule tokOps(iCons(C:Int, R:IntSeq)) => tokOps(R) requires evDigit(C)
reference-semantics/semantics/builtins.k:207: RULE [equational] rule tokOps(iCons(42, iCons(42, R:IntSeq))) => oCons("**", tokOps(R))
reference-semantics/semantics/builtins.k:208: RULE [equational] rule tokOps(iCons(42, R:IntSeq)) => oCons("*", tokOps(R)) requires notBool evHead42(R)
reference-semantics/semantics/builtins.k:209: RULE [equational] rule tokOps(iCons(47, iCons(47, R:IntSeq))) => oCons("//", tokOps(R))
reference-semantics/semantics/builtins.k:210: RULE [equational] rule tokOps(iCons(47, R:IntSeq)) => oCons("/", tokOps(R)) requires notBool evHead47(R)
reference-semantics/semantics/builtins.k:211: RULE [equational] rule tokOps(iCons(43, R:IntSeq)) => oCons("+", tokOps(R))
reference-semantics/semantics/builtins.k:212: RULE [equational] rule tokOps(iCons(45, R:IntSeq)) => oCons("-", tokOps(R))
reference-semantics/semantics/builtins.k:214: SYNTAX [function,total] syntax IntSeq ::= tokNds(IntSeq) [function, total] | tokNdAcc(Int, IntSeq) [function, total]
reference-semantics/semantics/builtins.k:216: RULE [equational] rule tokNds(.IntSeq) => .IntSeq
reference-semantics/semantics/builtins.k:217: RULE [equational] rule tokNds(iCons(32, R:IntSeq)) => tokNds(R)
reference-semantics/semantics/builtins.k:218: RULE [equational] rule tokNds(iCons(C:Int, R:IntSeq)) => tokNdAcc(C -Int 48, R) requires evDigit(C)
reference-semantics/semantics/builtins.k:219: RULE [equational] rule tokNds(iCons(C:Int, R:IntSeq)) => tokNds(R) requires notBool evDigit(C) andBool C =/=Int 32
reference-semantics/semantics/builtins.k:221: RULE [equational] rule tokNdAcc(A:Int, iCons(C:Int, R:IntSeq)) => tokNdAcc(A *Int 10 +Int (C -Int 48), R) requires evDigit(C)
reference-semantics/semantics/builtins.k:223: RULE [owise,equational] rule tokNdAcc(A:Int, S:IntSeq) => iCons(A, tokNds(S)) [owise]
reference-semantics/semantics/builtins.k:225: SYNTAX [-] syntax EvPair ::= evp(OpSeq, IntSeq)
reference-semantics/semantics/builtins.k:226: SYNTAX [function,total] syntax Int ::= firstNdE(EvPair) [function, total]
reference-semantics/semantics/builtins.k:227: RULE [equational] rule firstNdE(evp(_:OpSeq, iCons(N:Int, _:IntSeq))) => N
reference-semantics/semantics/builtins.k:228: RULE [owise,equational] rule firstNdE(_:EvPair) => 0 [owise]
reference-semantics/semantics/builtins.k:230: SYNTAX [function,total] syntax Int ::= applyOpE(String, Int, Int) [function, total]
reference-semantics/semantics/builtins.k:231: RULE [equational] rule applyOpE("+", A:Int, B:Int) => A +Int B
reference-semantics/semantics/builtins.k:232: RULE [equational] rule applyOpE("-", A:Int, B:Int) => A -Int B
reference-semantics/semantics/builtins.k:233: RULE [equational] rule applyOpE("*", A:Int, B:Int) => A *Int B
reference-semantics/semantics/builtins.k:234: RULE [equational] rule applyOpE("//", A:Int, B:Int) => A divInt B
reference-semantics/semantics/builtins.k:235: RULE [equational] rule applyOpE("**", A:Int, B:Int) => A ^Int B
reference-semantics/semantics/builtins.k:236: RULE [owise,equational] rule applyOpE(_:String, A:Int, _:Int) => A [owise]
reference-semantics/semantics/builtins.k:238: SYNTAX [function,total] syntax EvPair ::= passPowE(OpSeq, IntSeq) [function, total]
reference-semantics/semantics/builtins.k:239: RULE [equational] rule passPowE(.OpSeq, NDS:IntSeq) => evp(.OpSeq, NDS)
reference-semantics/semantics/builtins.k:240: RULE [equational] rule passPowE(oCons("**", OPS:OpSeq), iCons(N:Int, NDS:IntSeq)) => powCombE(N, passPowE(OPS, NDS))
reference-semantics/semantics/builtins.k:241: RULE [equational] rule passPowE(oCons(O:String, OPS:OpSeq), iCons(N:Int, NDS:IntSeq)) => powCarryE(O, N, passPowE(OPS, NDS)) requires O =/=String "**"
reference-semantics/semantics/builtins.k:243: RULE [owise,equational] rule passPowE(_:OpSeq, .IntSeq) => evp(.OpSeq, .IntSeq) [owise]
reference-semantics/semantics/builtins.k:244: SYNTAX [function,total] syntax EvPair ::= powCombE(Int, EvPair) [function, total]
reference-semantics/semantics/builtins.k:245: RULE [equational] rule powCombE(N:Int, evp(OPS:OpSeq, iCons(M:Int, REST:IntSeq))) => evp(OPS, iCons(N ^Int M, REST))
reference-semantics/semantics/builtins.k:246: RULE [equational] rule powCombE(N:Int, evp(OPS:OpSeq, .IntSeq)) => evp(OPS, iCons(N, .IntSeq))
reference-semantics/semantics/builtins.k:247: SYNTAX [function,total] syntax EvPair ::= powCarryE(String, Int, EvPair) [function, total]
reference-semantics/semantics/builtins.k:248: RULE [equational] rule powCarryE(O:String, N:Int, evp(OPS:OpSeq, NDS:IntSeq)) => evp(oCons(O, OPS), iCons(N, NDS))
reference-semantics/semantics/builtins.k:250: SYNTAX [function,total] syntax EvPair ::= passMulE(EvPair) [function, total] | passAddE(EvPair) [function, total]
reference-semantics/semantics/builtins.k:251: RULE [equational] rule passMulE(evp(OPS:OpSeq, iCons(N0:Int, NDS:IntSeq))) => passLGoE("mul", N0, OPS, NDS, .OpSeq, .IntSeq)
reference-semantics/semantics/builtins.k:252: RULE [equational] rule passMulE(evp(OPS:OpSeq, .IntSeq)) => evp(OPS, .IntSeq)
reference-semantics/semantics/builtins.k:253: RULE [equational] rule passAddE(evp(OPS:OpSeq, iCons(N0:Int, NDS:IntSeq))) => passLGoE("add", N0, OPS, NDS, .OpSeq, .IntSeq)
reference-semantics/semantics/builtins.k:254: RULE [equational] rule passAddE(evp(OPS:OpSeq, .IntSeq)) => evp(OPS, .IntSeq)
reference-semantics/semantics/builtins.k:255: SYNTAX [function,total] syntax EvPair ::= passLGoE(String, Int, OpSeq, IntSeq, OpSeq, IntSeq) [function, total]
reference-semantics/semantics/builtins.k:256: RULE [equational] rule passLGoE(_:String, CUR:Int, .OpSeq, _:IntSeq, OO:OpSeq, ON:IntSeq) => evp(OO, appendIE(ON, CUR))
reference-semantics/semantics/builtins.k:257: RULE [equational] rule passLGoE(L:String, CUR:Int, oCons(O:String, OPS:OpSeq), iCons(N:Int, NDS:IntSeq), OO:OpSeq, ON:IntSeq) => passLGoE(L, applyOpE(O, CUR, N), OPS, NDS, OO, ON) requires inLevelE(L, O)
reference-semantics/semantics/builtins.k:260: RULE [equational] rule passLGoE(L:String, CUR:Int, oCons(O:String, OPS:OpSeq), iCons(N:Int, NDS:IntSeq), OO:OpSeq, ON:IntSeq) => passLGoE(L, N, OPS, NDS, appendOpE(OO, O), appendIE(ON, CUR)) requires notBool inLevelE(L, O)
reference-semantics/semantics/builtins.k:263: RULE [owise,equational] rule passLGoE(_:String, CUR:Int, oCons(_:String, _:OpSeq), .IntSeq, OO:OpSeq, ON:IntSeq) => evp(OO, appendIE(ON, CUR)) [owise]
reference-semantics/semantics/builtins.k:265: SYNTAX [function,total] syntax Bool ::= inLevelE(String, String) [function, total]
reference-semantics/semantics/builtins.k:266: RULE [equational] rule inLevelE("mul", O:String) => O ==String "*" orBool O ==String "//" orBool O ==String "/"
reference-semantics/semantics/builtins.k:267: RULE [equational] rule inLevelE("add", O:String) => O ==String "+" orBool O ==String "-"
reference-semantics/semantics/builtins.k:268: RULE [owise,equational] rule inLevelE(_:String, _:String) => false [owise]
reference-semantics/semantics/builtins.k:269: SYNTAX [function,total] syntax OpSeq ::= appendOpE(OpSeq, String) [function, total]
reference-semantics/semantics/builtins.k:270: RULE [equational] rule appendOpE(.OpSeq, O:String) => oCons(O, .OpSeq)
reference-semantics/semantics/builtins.k:271: RULE [equational] rule appendOpE(oCons(H:String, T:OpSeq), O:String) => oCons(H, appendOpE(T, O))
reference-semantics/semantics/builtins.k:272: SYNTAX [function,total] syntax IntSeq ::= appendIE(IntSeq, Int) [function, total]
reference-semantics/semantics/builtins.k:273: RULE [equational] rule appendIE(.IntSeq, N:Int) => iCons(N, .IntSeq)
reference-semantics/semantics/builtins.k:274: RULE [equational] rule appendIE(iCons(H:Int, T:IntSeq), N:Int) => iCons(H, appendIE(T, N))
reference-semantics/semantics/builtins.k:279: SYNTAX [-] syntax KItem ::= "#md5"
reference-semantics/semantics/builtins.k:280: RULE [priority,operational] rule <k> Call(Attribute(Name("hashlib"), "md5"), (E:Expr, .Exprs)) => E ~> #md5 ... </k> [priority(40)]
reference-semantics/semantics/builtins.k:282: RULE [operational] rule <k> str(CS:IntSeq) ~> #md5 => md5Obj(CS) ... </k>
reference-semantics/semantics/builtins.k:283: SYNTAX [-] syntax Val ::= md5Obj(IntSeq)
reference-semantics/semantics/builtins.k:284: RULE [equational] rule applyMethod(md5Obj(CS:IntSeq), "hexdigest", .Vals) => str(md5hexCodes(CS))
reference-semantics/semantics/builtins.k:285: SYNTAX [function,total,symbol,no-evaluators] syntax IntSeq ::= md5hexCodes(IntSeq) [function, total, symbol(md5hexCodes), no-evaluators]
reference-semantics/semantics/builtins.k:291: RULE [equational] rule applyBuiltin("isinstance", V:Val, typeV("int"), .Vals) => isIntV(V)
reference-semantics/semantics/builtins.k:292: RULE [equational] rule applyBuiltin("isinstance", V:Val, typeV("str"), .Vals) => isStrV(V)
reference-semantics/semantics/builtins.k:293: SYNTAX [function] syntax Bool ::= isIntV(Val) [function] | isStrV(Val) [function]
reference-semantics/semantics/builtins.k:294: RULE [equational] rule isIntV(_:Int) => true
reference-semantics/semantics/builtins.k:295: RULE [owise,equational] rule isIntV(_:Val) => false [owise]
reference-semantics/semantics/builtins.k:296: RULE [equational] rule isStrV(str(_:IntSeq)) => true
reference-semantics/semantics/builtins.k:297: RULE [owise,equational] rule isStrV(_:Val) => false [owise]
FILE_COUNTS rule=137 syntax=38 tag:equational=102 tag:function=29 tag:no-evaluators=1 tag:operational=35 tag:owise=10 tag:priority=1 tag:symbol=1 tag:total=22

FILE reference-semantics/semantics/call.k
MODULES MPY-CALL@10
reference-semantics/semantics/call.k:16: RULE [operational] rule <k> Attribute(V:Val, M:String) => boundMethodV(V, M) ... </k>
reference-semantics/semantics/call.k:19: SYNTAX [-] syntax KItem ::= #callee(Exprs)
reference-semantics/semantics/call.k:20: RULE [owise,operational] rule <k> Call(Fe:Expr, ARGS:Exprs) => Fe ~> #callee(ARGS) ... </k> [owise]
reference-semantics/semantics/call.k:21: RULE [operational] rule <k> CV:Val ~> #callee(ARGS:Exprs) => #evalArgs(ARGS, .Vals, toCall(CV)) ... </k>
reference-semantics/semantics/call.k:24: RULE [operational] rule <k> #applyK(toCall(boundMethodV(OBJ:Val, M:String)), ACC:Vals) => applyMethod(OBJ, M, ACC) ... </k>
reference-semantics/semantics/call.k:26: RULE [operational] rule <k> #applyK(toCall(builtinV("sum")), (OBJ:Iterable, .Vals)) => #sumAcc(OBJ, 0) ... </k>
reference-semantics/semantics/call.k:27: RULE [operational] rule <k> #applyK(toCall(builtinV("all")), (OBJ:Iterable, .Vals)) => #allAcc(OBJ) ... </k>
reference-semantics/semantics/call.k:28: RULE [operational] rule <k> #applyK(toCall(builtinV("any")), (OBJ:Iterable, .Vals)) => #anyAcc(OBJ) ... </k>
reference-semantics/semantics/call.k:29: RULE [operational] rule <k> #applyK(toCall(builtinV("max")), (OBJ:Iterable, .Vals)) => #maxAcc0(OBJ) ... </k>
reference-semantics/semantics/call.k:30: RULE [operational] rule <k> #applyK(toCall(builtinV("min")), (OBJ:Iterable, .Vals)) => #minAcc0(OBJ) ... </k>
reference-semantics/semantics/call.k:31: RULE [owise,operational] rule <k> #applyK(toCall(builtinV(BN:String)), ACC:Vals) => applyBuiltin(BN, ACC) ... </k> [owise]
reference-semantics/semantics/call.k:32: RULE [operational] rule <k> #applyK(toCall(typeV(T:String)), ACC:Vals) => applyBuiltin(T, ACC) ... </k>
reference-semantics/semantics/call.k:38: RULE [priority,operational] rule <k> #applyK(toCall(builtinV(BN:String)), (ref(H:Int), REST:Vals)) => #applyK(toCall(builtinV(BN)), (V, REST)) ... </k> <heap> ... H |-> V:Val ... </heap> [priority(40)]
reference-semantics/semantics/call.k:42: RULE [priority,operational] rule <k> #applyK(toCall(builtinV(BN:String)), (A:Val, ref(H:Int), REST:Vals)) => #applyK(toCall(builtinV(BN)), (A, V, REST)) ... </k> <heap> ... H |-> V:Val ... </heap> requires notBool isRefV(A) [priority(40)]
reference-semantics/semantics/call.k:47: RULE [priority,operational] rule <k> #applyK(toCall(typeV(T:String)), (ref(H:Int), REST:Vals)) => #applyK(toCall(typeV(T)), (V, REST)) ... </k> <heap> ... H |-> V:Val ... </heap> [priority(40)]
reference-semantics/semantics/call.k:52: SYNTAX [function,total] syntax Bool ::= isMutMethod(String) [function, total]
reference-semantics/semantics/call.k:53: RULE [equational] rule isMutMethod(M:String) => M ==String "append" orBool M ==String "sort" orBool M ==String "extend" orBool M ==String "insert" orBool M ==String "pop" orBool M ==String "remove"
reference-semantics/semantics/call.k:56: RULE [priority,operational] rule <k> #applyK(toCall(boundMethodV(ref(H:Int), M:String)), ACC:Vals) => #applyK(toCall(boundMethodV(V, M)), ACC) ... </k> <heap> ... H |-> V:Val ... </heap> requires notBool isMutMethod(M) [priority(40)]
reference-semantics/semantics/call.k:63: RULE [priority,operational] rule <k> #applyK(toCall(boundMethodV(OBJ:Val, M:String)), (ref(H:Int), REST:Vals)) => #applyK(toCall(boundMethodV(OBJ, M)), (V, REST)) ... </k> <heap> ... H |-> V:Val ... </heap> requires notBool isMutMethod(M) andBool notBool isRefV(OBJ) [priority(40)]
reference-semantics/semantics/call.k:69: RULE [operational] rule <k> #applyK(toCall(closureVal(PNS:ParamNames, BODY:Stmts, DEFL:Int)), ACC:Vals) ~> CONT => #bindP(PNS, ACC) ~> BODY ~> #endcall </k> <env> CALLERL:Int => NEWL </env> <scopes> STORE:Map => STORE [ NEWL <- scope(.Map, parent(DEFL)) ] </scopes> <scopeLoc> NEWL:Int => NEWL +Int 1 </scopeLoc> <stack> .List => ListItem(frame(CONT, CALLERL, NEWL)) ... </stack>
reference-semantics/semantics/call.k:80: RULE [operational] rule <k> #applyK(toCall(closureValC(PNS:ParamNames, CVS:ParamNames, BODY:Stmts, CM:Map)), ACC:Vals) ~> CONT => #allocCells(CVS) ~> #bindP(PNS, ACC) ~> BODY ~> #endcall </k> <env> CALLERL:Int => NEWL </env> <scopes> STORE:Map => STORE [ NEWL <- scope(CM [ "$cells" <- cellsMark(CVS) ], parent(0)) ] </scopes> <scopeLoc> NEWL:Int => NEWL +Int 1 </scopeLoc> <stack> .List => ListItem(frame(CONT, CALLERL, NEWL)) ... </stack>
reference-semantics/semantics/call.k:87: SYNTAX [-] syntax KItem ::= #allocCells(ParamNames)
reference-semantics/semantics/call.k:88: RULE [operational] rule <k> #allocCells(.ParamNames) => .K ... </k>
reference-semantics/semantics/call.k:89: RULE [operational] rule <k> #allocCells((CV:String, R:ParamNames)) => #allocCells(R) ... </k> <env> L:Int </env> <scopes> ... L |-> scope(M:Map => M [ CV <- cellRef(N) ], _) ... </scopes> <heap> H:Map => (N |-> cellV(noneV)) H </heap> <heapLoc> N:Int => N +Int 1 </heapLoc> requires notBool N in_keys(H)
FILE_COUNTS rule=21 syntax=3 tag:equational=1 tag:function=1 tag:operational=20 tag:owise=2 tag:priority=5 tag:total=1

FILE reference-semantics/semantics/comprehension.k
MODULES MPY-COMPREHENSION@3
reference-semantics/semantics/comprehension.k:11: RULE [equational] rule ListComp(ELT:Expr, Gs:CompFors) => Call(closureExpr(.ParamNames, compBody(Gs, ELT)), .Exprs)
reference-semantics/semantics/comprehension.k:12: RULE [equational] rule GenExp(ELT:Expr, Gs:CompFors) => Call(closureExpr(.ParamNames, compBody(Gs, ELT)), .Exprs)
reference-semantics/semantics/comprehension.k:14: SYNTAX [macro] syntax Stmts ::= compBody(CompFors, Expr) [macro]
reference-semantics/semantics/comprehension.k:15: RULE [equational] rule compBody(Gs:CompFors, ELT:Expr) => Assign(Name("$acc"), ListExpr(.Exprs)) compNest(Gs, ELT) Return(Name("$acc"))
reference-semantics/semantics/comprehension.k:18: SYNTAX [macro] syntax Stmt ::= compNest(CompFors, Expr) [macro-rec]
reference-semantics/semantics/comprehension.k:19: RULE [equational] rule compNest(.CompFors, ELT:Expr) => Assign(Name("$acc"), BinOp("+", Name("$acc"), ListExpr(ELT)))
reference-semantics/semantics/comprehension.k:21: RULE [equational] rule compNest((CompFor(T:Expr, ITER:Expr, Fs:Exprs) GRest:CompFors), ELT:Expr) => For(T, ITER, If(compGuard(Fs), compNest(GRest, ELT), .Stmts))
reference-semantics/semantics/comprehension.k:24: SYNTAX [macro] syntax Expr ::= compGuard(Exprs) [macro]
reference-semantics/semantics/comprehension.k:25: RULE [equational] rule compGuard(.Exprs) => Bool(true)
reference-semantics/semantics/comprehension.k:26: RULE [equational] rule compGuard((F:Expr, Fs:Exprs)) => BoolOp("and", (F, Fs))
FILE_COUNTS rule=7 syntax=3 tag:equational=7 tag:macro=3

FILE reference-semantics/semantics/concrete.k
MODULES MPY-CONCRETE@8
reference-semantics/semantics/concrete.k:13: RULE [operational] rule <k> Compare(list(A:ValSeq), CmpOp("==", list(B:ValSeq))) => deepEqVS(A, B, HP) ... </k> <heap> HP:Map </heap> requires hasRefVS(A) orBool hasRefVS(B)
reference-semantics/semantics/concrete.k:16: RULE [operational] rule <k> Compare(list(A:ValSeq), CmpOp("!=", list(B:ValSeq))) => notBool deepEqVS(A, B, HP) ... </k> <heap> HP:Map </heap> requires hasRefVS(A) orBool hasRefVS(B)
reference-semantics/semantics/concrete.k:25: SYNTAX [-] syntax Val ::= kvP(Val, Val)
reference-semantics/semantics/concrete.k:26: SYNTAX [-] syntax KItem ::= #ksort(ValSeq, Val, ValSeq, Bool) | #ksIns(Val, ValSeq, Val, ValSeq, Bool)
reference-semantics/semantics/concrete.k:28: RULE [priority,operational] rule <k> #applyK(toCall(builtinV("sorted")), (list(VS:ValSeq), kwV("key", KV:Val), .Vals)) => #ksort(VS, KV, .ValSeq, false) ... </k> [priority(40)]
reference-semantics/semantics/concrete.k:31: RULE [priority,operational] rule <k> #applyK(toCall(builtinV("sorted")), (list(VS:ValSeq), kwV("key", KV:Val), kwV("reverse", RB:Bool), .Vals)) => #ksort(VS, KV, .ValSeq, RB) ... </k> [priority(40)]
reference-semantics/semantics/concrete.k:34: RULE [operational] rule <k> #ksort(.ValSeq, _:Val, ACC:ValSeq, RB:Bool) => #alloc(list(condRev(unpairVS(ACC), RB))) ... </k>
reference-semantics/semantics/concrete.k:36: RULE [operational] rule <k> #ksort(vCons(V:Val, R:ValSeq), KV:Val, ACC:ValSeq, RB:Bool) => KV ~> #callee((V, .Exprs)) ~> #ksIns(V, R, KV, ACC, RB) ... </k>
reference-semantics/semantics/concrete.k:38: RULE [operational] rule <k> K:Val ~> #ksIns(V:Val, R:ValSeq, KV:Val, ACC:ValSeq, RB:Bool) => #ksort(R, KV, insPair(ACC, K, V), RB) ... </k> requires notBool isKwV(K)
reference-semantics/semantics/concrete.k:42: SYNTAX [function] syntax ValSeq ::= insPair(ValSeq, Val, Val) [function]
reference-semantics/semantics/concrete.k:43: RULE [equational] rule insPair(.ValSeq, K:Val, V:Val) => vCons(kvP(K, V), .ValSeq)
reference-semantics/semantics/concrete.k:44: RULE [equational] rule insPair(vCons(kvP(K2:Val, V2:Val), R:ValSeq), K:Val, V:Val) => vCons(kvP(K, V), vCons(kvP(K2, V2), R)) requires kLt(K, K2)
reference-semantics/semantics/concrete.k:47: RULE [equational] rule insPair(vCons(kvP(K2:Val, V2:Val), R:ValSeq), K:Val, V:Val) => vCons(kvP(K2, V2), insPair(R, K, V)) requires notBool kLt(K, K2)
reference-semantics/semantics/concrete.k:51: SYNTAX [function] syntax Bool ::= kLt(Val, Val) [function]
reference-semantics/semantics/concrete.k:52: RULE [equational] rule kLt(I1:Int, I2:Int) => I1 <Int I2
reference-semantics/semantics/concrete.k:53: RULE [equational] rule kLt(F1:Float, F2:Float) => F1 <Float F2
reference-semantics/semantics/concrete.k:54: RULE [equational] rule kLt(str(A:IntSeq), str(B:IntSeq)) => strLt(A, B)
reference-semantics/semantics/concrete.k:56: SYNTAX [function,total] syntax ValSeq ::= unpairVS(ValSeq) [function, total]
reference-semantics/semantics/concrete.k:57: RULE [equational] rule unpairVS(.ValSeq) => .ValSeq
reference-semantics/semantics/concrete.k:58: RULE [equational] rule unpairVS(vCons(kvP(_:Val, V:Val), R:ValSeq)) => vCons(V, unpairVS(R))
reference-semantics/semantics/concrete.k:59: RULE [owise,equational] rule unpairVS(vCons(V:Val, R:ValSeq)) => vCons(V, unpairVS(R)) [owise]
FILE_COUNTS rule=16 syntax=5 tag:equational=9 tag:function=3 tag:operational=7 tag:owise=1 tag:priority=2 tag:total=1

FILE reference-semantics/semantics/controls.k
MODULES MPY-CONTROLS@3
reference-semantics/semantics/controls.k:9: RULE [operational] rule <k> Assign(Name(X:String), V:Val) => .K ... </k> <env> L:Int </env> <scopes> ... L |-> scope(M:Map => M [ X <- V ], _) ... </scopes>
reference-semantics/semantics/controls.k:12: RULE [priority,operational] rule <k> Assign(Name(X:String), V:Val) => #cellW({M[X]}:>Val, V) ... </k> <env> L:Int </env> <scopes> ... L |-> scope(M:Map, _) ... </scopes> requires "$cells" in_keys(M) andBool pnMember(X, cellsOf({M["$cells"]}:>Val)) andBool X in_keys(M) andBool isCellRef({M[X]}:>Val) [priority(40)]
reference-semantics/semantics/controls.k:20: RULE [operational] rule <k> AugAssign(Name(X:String), OP:String, V:Val) => .K ... </k> <env> L:Int </env> <scopes> ... L |-> scope(M:Map => M [ X <- applyBin(OP, {M[X]}:>Val, V) ], _) ... </scopes> requires X in_keys(M)
reference-semantics/semantics/controls.k:27: RULE [priority,operational] rule <k> AugAssign(Name(X:String), OP:String, V:Val) => Assign(Name(X), BinOp(OP, Name(X), V)) ... </k> <env> L:Int </env> <scopes> ... L |-> scope(M:Map, _) ... </scopes> requires X in_keys(M) andBool isRefV({M[X]}:>Val) [priority(40)]
reference-semantics/semantics/controls.k:35: RULE [operational] rule <k> ImportFrom("math", NS:ParamNames) => #bindImports(NS) ... </k>
reference-semantics/semantics/controls.k:36: RULE [owise,operational] rule <k> ImportFrom(_:String, _:ParamNames) => .K ... </k> [owise]
reference-semantics/semantics/controls.k:37: SYNTAX [-] syntax KItem ::= #bindImports(ParamNames)
reference-semantics/semantics/controls.k:38: RULE [operational] rule <k> #bindImports(.ParamNames) => .K ... </k>
reference-semantics/semantics/controls.k:39: RULE [operational] rule <k> #bindImports((N:String, NS:ParamNames)) => #bindImports(NS) ... </k> <env> L:Int </env> <scopes> ... L |-> scope(M:Map => M [ N <- builtinV(N) ], _) ... </scopes> requires N ==String "floor" orBool N ==String "ceil"
reference-semantics/semantics/controls.k:43: RULE [operational] rule <k> #bindImports((N:String, NS:ParamNames)) => #bindImports(NS) ... </k> requires notBool (N ==String "floor" orBool N ==String "ceil")
reference-semantics/semantics/controls.k:48: RULE [operational] rule <k> Expr(_:Val) => .K ... </k>
reference-semantics/semantics/controls.k:51: SYNTAX [-] syntax KItem ::= #branch(Bool, Stmts, Stmts)
reference-semantics/semantics/controls.k:52: RULE [operational] rule <k> If(C:Val, T:Stmts, E:Stmts) => #branch(truthy(C), T, E) ... </k>
reference-semantics/semantics/controls.k:53: RULE [operational] rule <k> #branch(true, T:Stmts, _:Stmts) => T ... </k>
reference-semantics/semantics/controls.k:54: RULE [operational] rule <k> #branch(false, _:Stmts, E:Stmts) => E ... </k>
reference-semantics/semantics/controls.k:57: RULE [operational] rule <k> IfExp(V:Val, T:Expr, _:Expr) => T ... </k> requires truthy(V)
reference-semantics/semantics/controls.k:59: RULE [operational] rule <k> IfExp(V:Val, _:Expr, E:Expr) => E ... </k> requires notBool truthy(V)
reference-semantics/semantics/controls.k:65: SYNTAX [-] syntax KItem ::= #loop(Val, Expr, Stmts) | #loopStep(Expr, Stmts) | #while(Expr, Stmts) | #whileCond(Expr, Stmts) | #loopLbl(K) | "#cont" | "#brk"
reference-semantics/semantics/controls.k:69: RULE [operational] rule <k> For(T:Expr, OBJ:Val, B:Stmts) => #loop(OBJ, T, B) ... </k>
reference-semantics/semantics/controls.k:71: RULE [operational] rule <k> #loop(IT:Iterable, T:Expr, B:Stmts) => #iterNext(IT) ~> #loopStep(T, B) ... </k>
reference-semantics/semantics/controls.k:72: RULE [operational] rule <k> #iterDone ~> #loopStep(_:Expr, _:Stmts) => .K ... </k>
reference-semantics/semantics/controls.k:73: RULE [operational] rule <k> #iterYield(V:Val, REST:Iterable) ~> #loopStep(T:Expr, B:Stmts) => #bindTgt(T, V) ~> B ~> #loopLbl(#loop(REST, T, B)) ... </k>
reference-semantics/semantics/controls.k:77: RULE [operational] rule <k> While(C:Expr, B:Stmts) => #while(C, B) ... </k>
reference-semantics/semantics/controls.k:78: RULE [operational] rule <k> #while(C:Expr, B:Stmts) => C ~> #whileCond(C, B) ... </k>
reference-semantics/semantics/controls.k:79: RULE [operational] rule <k> V:Val ~> #whileCond(C:Expr, B:Stmts) => B ~> #loopLbl(#while(C, B)) ... </k> requires truthy(V)
reference-semantics/semantics/controls.k:81: RULE [operational] rule <k> V:Val ~> #whileCond(_C:Expr, _B:Stmts) => .K ... </k> requires notBool truthy(V)
reference-semantics/semantics/controls.k:85: RULE [operational] rule <k> #loopLbl(NEXT:K) => NEXT ... </k>
reference-semantics/semantics/controls.k:86: RULE [operational] rule <k> Continue => #cont ... </k>
reference-semantics/semantics/controls.k:87: RULE [operational] rule <k> Break => #brk ... </k>
reference-semantics/semantics/controls.k:88: RULE [operational] rule <k> #cont ~> #loopLbl(NEXT:K) => NEXT ... </k>
reference-semantics/semantics/controls.k:89: RULE [owise,operational] rule <k> #cont ~> (_:KItem => .K) ... </k> [owise]
reference-semantics/semantics/controls.k:90: RULE [operational] rule <k> #brk ~> #loopLbl(_:K) => .K ... </k>
reference-semantics/semantics/controls.k:91: RULE [owise,operational] rule <k> #brk ~> (_:KItem => .K) ... </k> [owise]
reference-semantics/semantics/controls.k:95: RULE [priority,operational] rule <k> If(ref(H:Int), T:Stmts, E:Stmts) => If(V, T, E) ... </k> <heap> ... H |-> V:Val ... </heap> [priority(40)]
reference-semantics/semantics/controls.k:98: RULE [priority,operational] rule <k> IfExp(ref(H:Int), T:Expr, E:Expr) => IfExp(V, T, E) ... </k> <heap> ... H |-> V:Val ... </heap> [priority(40)]
reference-semantics/semantics/controls.k:101: RULE [priority,operational] rule <k> ref(H:Int) ~> #whileCond(C:Expr, B:Stmts) => V ~> #whileCond(C, B) ... </k> <heap> ... H |-> V:Val ... </heap> [priority(40)]
reference-semantics/semantics/controls.k:106: RULE [priority,operational] rule <k> For(T:Expr, ref(H:Int), B:Stmts) => For(T, V, B) ... </k> <heap> ... H |-> V:Val ... </heap> [priority(40)]
FILE_COUNTS rule=34 syntax=3 tag:operational=34 tag:owise=3 tag:priority=6

FILE reference-semantics/semantics/core.k
MODULES MPY-CORE@3
reference-semantics/semantics/core.k:13: SYNTAX [-] syntax IntSeq ::= ".IntSeq" | iCons(Int, IntSeq)
reference-semantics/semantics/core.k:14: SYNTAX [-] syntax ValSeq ::= ".ValSeq" | vCons(Val, ValSeq)
reference-semantics/semantics/core.k:15: SYNTAX [-] syntax Str ::= str(IntSeq)
reference-semantics/semantics/core.k:18: SYNTAX [-] syntax Iterable ::= list(ValSeq) | tuple(ValSeq) | Str | rangeObj(Int, Int, Int) | zipObj(ValSeq, ValSeq) | zipObjS(IntSeq, IntSeq)
reference-semantics/semantics/core.k:25: SYNTAX [function] syntax Val ::= Int | Bool | "noneV" | Iterable | ref(Int) // a heap object: <heap> holds its list(VS) | cellRef(Int) // a closure cell: <heap> holds cellV(V) | closureVal(ParamNames, Stmts, Int) | typeV(String) // a type object (int/str), resolved from the builtins frame | builtinV(String) // a builtin function, resolved like any name (LEGB fallthrough) | boundMethodV(Val, String) // a cooled Attribute: obj.method
reference-semantics/semantics/core.k:36: SYNTAX [-] syntax Parent ::= "root" | parent(Int)
reference-semantics/semantics/core.k:37: SYNTAX [-] syntax Scope ::= scope(Map, Parent)
reference-semantics/semantics/core.k:38: SYNTAX [-] syntax KResult ::= Val
reference-semantics/semantics/core.k:39: SYNTAX [-] syntax Expr ::= Val // cooling puts results back into expression holes
reference-semantics/semantics/core.k:40: SYNTAX [-] syntax Vals ::= List{Val, ","}
reference-semantics/semantics/core.k:41: SYNTAX [-] syntax Exc ::= "NoExc" | "AssertionError"
reference-semantics/semantics/core.k:42: SYNTAX [-] syntax RetState ::= "noRet" | retV(Val)
reference-semantics/semantics/core.k:49: CONFIGURATION [-] configuration <k> #loadAll($PGM:Module) </k> <env> 0 </env> <scopes> 0 |-> scope(.Map, parent(-1)) -1 |-> builtinsScope </scopes> <scopeLoc> 1 </scopeLoc> <heap> .Map </heap> <heapLoc> 0 </heapLoc> <stack> .List </stack> <ret> noRet </ret> <exc> NoExc </exc> <exit-code exit=""> 0 </exit-code>
reference-semantics/semantics/core.k:68: SYNTAX [function,total] syntax Bool ::= isRefV(Val) [function, total]
reference-semantics/semantics/core.k:69: RULE [equational] rule isRefV(ref(_:Int)) => true
reference-semantics/semantics/core.k:70: RULE [owise,equational] rule isRefV(_:Val) => false [owise]
reference-semantics/semantics/core.k:75: SYNTAX [-] syntax HeapVal ::= cellV(Val)
reference-semantics/semantics/core.k:76: SYNTAX [function,total] syntax Bool ::= isCellRef(Val) [function, total]
reference-semantics/semantics/core.k:77: RULE [equational] rule isCellRef(cellRef(_:Int)) => true
reference-semantics/semantics/core.k:78: RULE [owise,equational] rule isCellRef(_:Val) => false [owise]
reference-semantics/semantics/core.k:85: RULE [priority,operational] rule <k> cellRef(H:Int) => V ... </k> <env> L:Int </env> <scopes> ... L |-> scope(M:Map, _) ... </scopes> <heap> ... H |-> cellV(V:Val) ... </heap> requires "$cells" in_keys(M) [priority(40)]
reference-semantics/semantics/core.k:95: SYNTAX [-] syntax Val ::= kwV(String, Val)
reference-semantics/semantics/core.k:96: SYNTAX [-] syntax KItem ::= #kwTag(String)
reference-semantics/semantics/core.k:97: RULE [operational] rule <k> KwArg(N:String, E:Expr) => E ~> #kwTag(N) ... </k>
reference-semantics/semantics/core.k:98: RULE [operational] rule <k> V:Val ~> #kwTag(N:String) => kwV(N, V) ... </k> requires notBool isKwV(V)
reference-semantics/semantics/core.k:100: SYNTAX [function,total] syntax Bool ::= isKwV(Val) [function, total]
reference-semantics/semantics/core.k:101: RULE [equational] rule isKwV(kwV(_:String, _:Val)) => true
reference-semantics/semantics/core.k:102: RULE [owise,equational] rule isKwV(_:Val) => false [owise]
reference-semantics/semantics/core.k:106: SYNTAX [-] syntax Val ::= cellsMark(ParamNames)
reference-semantics/semantics/core.k:107: SYNTAX [function] syntax ParamNames ::= cellsOf(Val) [function]
reference-semantics/semantics/core.k:108: RULE [equational] rule cellsOf(cellsMark(CVS:ParamNames)) => CVS
reference-semantics/semantics/core.k:109: SYNTAX [function,total] syntax Bool ::= pnMember(String, ParamNames) [function, total]
reference-semantics/semantics/core.k:110: RULE [equational] rule pnMember(_:String, .ParamNames) => false
reference-semantics/semantics/core.k:111: RULE [equational] rule pnMember(X:String, (P:String, R:ParamNames)) => X ==String P orBool pnMember(X, R)
reference-semantics/semantics/core.k:113: SYNTAX [-] syntax KItem ::= #cellW(Val, Val)
reference-semantics/semantics/core.k:114: RULE [operational] rule <k> #cellW(cellRef(H:Int), V:Val) => .K ... </k> <heap> ... H |-> cellV(_:Val => V) ... </heap>
reference-semantics/semantics/core.k:117: SYNTAX [-] syntax KItem ::= #alloc(Val)
reference-semantics/semantics/core.k:118: RULE [operational] rule <k> #alloc(V:Val) => ref(N) ... </k> <heap> H:Map => (N |-> V) H </heap> <heapLoc> N:Int => N +Int 1 </heapLoc> requires notBool N in_keys(H)
reference-semantics/semantics/core.k:124: SYNTAX [-] syntax KItem ::= #loadAll(Module)
reference-semantics/semantics/core.k:125: RULE [operational] rule <k> #loadAll(Module(SS:Stmts)) => SS ... </k>
reference-semantics/semantics/core.k:126: RULE [operational] rule <k> (S:Stmt SS:Stmts):Stmts => S ~> SS ... </k>
reference-semantics/semantics/core.k:127: RULE [operational] rule <k> .Stmts => .K ... </k>
reference-semantics/semantics/core.k:130: SYNTAX [-] syntax KItem ::= #look(String, Int)
reference-semantics/semantics/core.k:131: RULE [operational] rule <k> Name(X:String) => #look(X, L) ... </k> <env> L:Int </env>
reference-semantics/semantics/core.k:132: RULE [operational] rule <k> #look(X:String, L:Int) => {M[X]}:>Val ... </k> <scopes> ... L |-> scope(M:Map, _:Parent) ... </scopes> requires X in_keys(M)
reference-semantics/semantics/core.k:145: RULE [priority,operational] rule <k> #look(X:String, L:Int) => V ... </k> <scopes> ... L |-> scope(M:Map, _:Parent) ... </scopes> <heap> ... H |-> cellV(V:Val) ... </heap> requires X in_keys(M) andBool "$cells" in_keys(M) andBool pnMember(X, cellsOf({M["$cells"]}:>Val)) andBool {M[X]}:>Val ==K cellRef(H) [priority(40)]
reference-semantics/semantics/core.k:152: RULE [operational] rule <k> #look(X:String, L:Int) => #look(X, P) ... </k> <scopes> ... L |-> scope(M:Map, parent(P:Int)) ... </scopes> requires notBool (X in_keys(M))
reference-semantics/semantics/core.k:157: SYNTAX [function,total] syntax Scope ::= "builtinsScope" [function, total]
reference-semantics/semantics/core.k:158: RULE [equational] rule builtinsScope => scope(.Map [ "len" <- builtinV("len") ] [ "set" <- builtinV("set") ] [ "sum" <- builtinV("sum") ] [ "abs" <- builtinV("abs") ] [ "min" <- builtinV("min") ] [ "max" <- builtinV("max") ] [ "ord" <- builtinV("ord") ] [ "chr" <- builtinV("chr") ] [ "range" <- builtinV("range") ] [ "all" <- builtinV("all") ] [ "any" <- builtinV("any") ] [ "zip" <- builtinV("zip") ] [ "isinstance" <- builtinV("isinstance") ] [ "sorted" <- builtinV("sorted") ] [ "list" <- builtinV("list") ] [ "round" <- builtinV("round") ] [ "bin" <- builtinV("bin") ] [ "enumerate" <- builtinV("enumerate") ] [ "map" <- builtinV("map") ] [ "eval" <- builtinV("eval") ] [ "int" <- typeV("int") ] [ "str" <- typeV("str") ] [ "float" <- typeV("float") ], root)
reference-semantics/semantics/core.k:185: SYNTAX [-] syntax ApplyK ::= toCall(Val)
reference-semantics/semantics/core.k:186: SYNTAX [-] syntax KItem ::= #evalArgs(Exprs, Vals, ApplyK) | #evalArgCont(Exprs, Vals, ApplyK) | #applyK(ApplyK, Vals)
reference-semantics/semantics/core.k:189: RULE [operational] rule <k> #evalArgs((A:Expr, REST:Exprs), ACC:Vals, K:ApplyK) => A ~> #evalArgCont(REST, ACC, K) ... </k>
reference-semantics/semantics/core.k:190: RULE [operational] rule <k> V:Val ~> #evalArgCont(REST:Exprs, ACC:Vals, K:ApplyK) => #evalArgs(REST, appendVal(ACC, V), K) ... </k>
reference-semantics/semantics/core.k:191: RULE [operational] rule <k> #evalArgs(.Exprs, ACC:Vals, K:ApplyK) => #applyK(K, ACC) ... </k>
reference-semantics/semantics/core.k:194: RULE [operational] rule <k> Int(I:Int) => I ... </k>
reference-semantics/semantics/core.k:195: RULE [operational] rule <k> Bool(B:Bool) => B ... </k>
reference-semantics/semantics/core.k:196: RULE [operational] rule <k> NoneVal => noneV ... </k>
reference-semantics/semantics/core.k:199: SYNTAX [function] syntax Bool ::= truthy(Val) [function]
reference-semantics/semantics/core.k:200: RULE [equational] rule truthy(B:Bool) => B
reference-semantics/semantics/core.k:201: RULE [equational] rule truthy(noneV) => false
reference-semantics/semantics/core.k:202: RULE [equational] rule truthy(I:Int) => I =/=Int 0
reference-semantics/semantics/core.k:203: RULE [equational] rule truthy(str(S:IntSeq)) => notBool (S ==K .IntSeq)
reference-semantics/semantics/core.k:204: RULE [equational] rule truthy(list(V:ValSeq)) => notBool (V ==K .ValSeq)
reference-semantics/semantics/core.k:205: RULE [equational] rule truthy(tuple(V:ValSeq)) => notBool (V ==K .ValSeq)
reference-semantics/semantics/core.k:208: SYNTAX [function] syntax Val ::= applyUn(String, Val) [function]
reference-semantics/semantics/core.k:209: SYNTAX [function] syntax Val ::= applyBin(String, Val, Val) [function]
reference-semantics/semantics/core.k:210: SYNTAX [function] syntax Bool ::= applyCmp(String, Val, Val) [function]
reference-semantics/semantics/core.k:213: SYNTAX [function,total] syntax Vals ::= appendVal(Vals, Val) [function, total]
reference-semantics/semantics/core.k:214: RULE [equational] rule appendVal(.Vals, V:Val) => V , .Vals
reference-semantics/semantics/core.k:215: RULE [equational] rule appendVal((V0:Val, VS:Vals), V:Val) => V0 , appendVal(VS, V)
reference-semantics/semantics/core.k:217: SYNTAX [function,total] syntax ValSeq ::= vals2valSeq(Vals) [function, total]
reference-semantics/semantics/core.k:218: RULE [equational] rule vals2valSeq(.Vals) => .ValSeq
reference-semantics/semantics/core.k:219: RULE [equational] rule vals2valSeq((V:Val, VS:Vals)) => vCons(V, vals2valSeq(VS))
reference-semantics/semantics/core.k:223: SYNTAX [function,total] syntax Int ::= vsLen(ValSeq) [function, total]
reference-semantics/semantics/core.k:224: RULE [equational] rule vsLen(.ValSeq) => 0
reference-semantics/semantics/core.k:225: RULE [equational] rule vsLen(vCons(_:Val, S:ValSeq)) => 1 +Int vsLen(S)
reference-semantics/semantics/core.k:227: SYNTAX [function,total] syntax Int ::= isLen(IntSeq) [function, total]
reference-semantics/semantics/core.k:228: RULE [equational] rule isLen(.IntSeq) => 0
reference-semantics/semantics/core.k:229: RULE [equational] rule isLen(iCons(_:Int, S:IntSeq)) => 1 +Int isLen(S)
reference-semantics/semantics/core.k:233: SYNTAX [function,total] syntax ValSeq ::= setVSAt(ValSeq, Int, Val) [function, total]
reference-semantics/semantics/core.k:234: RULE [equational] rule setVSAt(.ValSeq, _:Int, _:Val) => .ValSeq
reference-semantics/semantics/core.k:235: RULE [equational] rule setVSAt(vCons(_:Val, S:ValSeq), 0, V:Val) => vCons(V, S)
reference-semantics/semantics/core.k:236: RULE [equational] rule setVSAt(vCons(W:Val, S:ValSeq), I:Int, V:Val) => vCons(W, setVSAt(S, I -Int 1, V)) requires I >Int 0
reference-semantics/semantics/core.k:238: RULE [equational] rule setVSAt(VS:ValSeq, I:Int, _:Val) => VS requires I <Int 0
FILE_COUNTS configuration=1 rule=46 syntax=37 tag:equational=28 tag:function=16 tag:operational=18 tag:owise=3 tag:priority=2 tag:total=10

FILE reference-semantics/semantics/dict.k
MODULES MPY-DICT@13
reference-semantics/semantics/dict.k:20: SYNTAX [-] syntax Val ::= dictV(ValSeq, ValSeq)
reference-semantics/semantics/dict.k:23: SYNTAX [-] syntax KItem ::= #dictAcc(Entries, ValSeq, ValSeq) | #dictKey(Expr, Entries, ValSeq, ValSeq) | #dictVal(Val, Entries, ValSeq, ValSeq)
reference-semantics/semantics/dict.k:26: RULE [operational] rule <k> DictExpr(ES:Entries) => #dictAcc(ES, .ValSeq, .ValSeq) ... </k>
reference-semantics/semantics/dict.k:27: RULE [operational] rule <k> #dictAcc(.Entries, KS:ValSeq, VS:ValSeq) => dictV(KS, VS) ... </k>
reference-semantics/semantics/dict.k:28: RULE [operational] rule <k> #dictAcc((Entry(K:Expr, V:Expr), REST:Entries), KS:ValSeq, VS:ValSeq) => K ~> #dictKey(V, REST, KS, VS) ... </k>
reference-semantics/semantics/dict.k:30: RULE [operational] rule <k> KV:Val ~> #dictKey(V:Expr, REST:Entries, KS:ValSeq, VS:ValSeq) => V ~> #dictVal(KV, REST, KS, VS) ... </k>
reference-semantics/semantics/dict.k:32: RULE [operational] rule <k> VV:Val ~> #dictVal(KV:Val, REST:Entries, KS:ValSeq, VS:ValSeq) => #dictAcc(REST, dPutK(KS, KV), dPutV(KS, VS, KV, VV)) ... </k>
reference-semantics/semantics/dict.k:37: SYNTAX [function,total] syntax Bool ::= dHasKey(ValSeq, Val) [function, total]
reference-semantics/semantics/dict.k:38: RULE [equational] rule dHasKey(.ValSeq, _:Val) => false
reference-semantics/semantics/dict.k:39: RULE [equational] rule dHasKey(vCons(A:Val, _:ValSeq), K:Val) => true requires A ==K K
reference-semantics/semantics/dict.k:40: RULE [equational] rule dHasKey(vCons(A:Val, R:ValSeq), K:Val) => dHasKey(R, K) requires notBool (A ==K K)
reference-semantics/semantics/dict.k:43: SYNTAX [function,total] syntax ValSeq ::= dPutK(ValSeq, Val) [function, total]
reference-semantics/semantics/dict.k:44: RULE [equational] rule dPutK(KS:ValSeq, K:Val) => KS requires dHasKey(KS, K)
reference-semantics/semantics/dict.k:45: RULE [equational] rule dPutK(KS:ValSeq, K:Val) => valSeqConcat(KS, vCons(K, .ValSeq)) requires notBool dHasKey(KS, K)
reference-semantics/semantics/dict.k:49: SYNTAX [function,total] syntax ValSeq ::= dPutV(ValSeq, ValSeq, Val, Val) [function, total]
reference-semantics/semantics/dict.k:50: RULE [equational] rule dPutV(vCons(A:Val, _:ValSeq), vCons(_:Val, VR:ValSeq), K:Val, V:Val) => vCons(V, VR) requires A ==K K
reference-semantics/semantics/dict.k:52: RULE [equational] rule dPutV(vCons(A:Val, KR:ValSeq), vCons(B:Val, VR:ValSeq), K:Val, V:Val) => vCons(B, dPutV(KR, VR, K, V)) requires notBool (A ==K K)
reference-semantics/semantics/dict.k:54: RULE [owise,equational] rule dPutV(_KS:ValSeq, VS:ValSeq, _K:Val, V:Val) => valSeqConcat(VS, vCons(V, .ValSeq)) [owise]
reference-semantics/semantics/dict.k:58: RULE [priority,operational] rule <k> #applyK(toCall(boundMethodV(dictV(KS:ValSeq, _:ValSeq), "keys")), .Vals) => #alloc(list(KS)) ... </k> [priority(40)]
reference-semantics/semantics/dict.k:63: RULE [equational] rule applyIndexD(dictV(KS:ValSeq, VS:ValSeq), K:Val) => dGet(KS, VS, K)
reference-semantics/semantics/dict.k:64: SYNTAX [function] syntax Val ::= applyIndexD(Val, Val) [function]
reference-semantics/semantics/dict.k:65: RULE [priority,operational] rule <k> Subscript(dictV(KS:ValSeq, VS:ValSeq), K:Val) => applyIndexD(dictV(KS, VS), K) ... </k> [priority(45)]
reference-semantics/semantics/dict.k:70: SYNTAX [function] syntax Val ::= dictSet(Val, Val, Val) [function]
reference-semantics/semantics/dict.k:71: RULE [equational] rule dictSet(dictV(KS:ValSeq, VS:ValSeq), K:Val, V:Val) => dictV(dPutK(KS, K), dPutV(KS, VS, K, V))
reference-semantics/semantics/dict.k:76: SYNTAX [-] syntax KItem ::= #dsetK(String, Val)
reference-semantics/semantics/dict.k:77: RULE [operational] rule <k> Assign(Subscript(Name(X:String), K:Expr), VV:Val) => K ~> #dsetK(X, VV) ... </k>
reference-semantics/semantics/dict.k:78: RULE [operational] rule <k> KV:Val ~> #dsetK(X:String, VV:Val) => .K ... </k> <env> L:Int </env> <scopes> ... L |-> scope(M:Map => M [ X <- dictSet({M[X]}:>Val, KV, VV) ], _) ... </scopes> requires X in_keys(M) andBool notBool isRefV({M[X]}:>Val)
reference-semantics/semantics/dict.k:82: RULE [operational] rule <k> KV:Val ~> #dsetK(X:String, VV:Val) => #dsetV({M[X]}:>Val, KV, VV) ... </k> <env> L:Int </env> <scopes> ... L |-> scope(M:Map, _) ... </scopes> requires X in_keys(M) andBool isRefV({M[X]}:>Val)
reference-semantics/semantics/dict.k:86: SYNTAX [-] syntax KItem ::= #dsetV(Val, Val, Val)
reference-semantics/semantics/dict.k:87: RULE [operational] rule <k> #dsetV(ref(H:Int), I:Int, VV:Val) => .K ... </k> <heap> ... H |-> list(VS:ValSeq => setVSAt(VS, normIdxD(I, vsLen(VS)), VV)) ... </heap>
reference-semantics/semantics/dict.k:90: SYNTAX [function,total] syntax Int ::= normIdxD(Int, Int) [function, total]
reference-semantics/semantics/dict.k:91: RULE [equational] rule normIdxD(I:Int, LEN:Int) => I +Int LEN requires I <Int 0
reference-semantics/semantics/dict.k:92: RULE [equational] rule normIdxD(I:Int, _:Int) => I requires I >=Int 0
reference-semantics/semantics/dict.k:95: RULE [equational] rule applyCmp("==", dictV(KS1:ValSeq, VS1:ValSeq), dictV(KS2:ValSeq, VS2:ValSeq)) => (vsLen(KS1) ==Int vsLen(KS2)) andBool dSubset(KS1, VS1, KS2, VS2)
reference-semantics/semantics/dict.k:97: SYNTAX [function] syntax Bool ::= dSubset(ValSeq, ValSeq, ValSeq, ValSeq) [function]
reference-semantics/semantics/dict.k:98: RULE [equational] rule dSubset(.ValSeq, .ValSeq, _:ValSeq, _:ValSeq) => true
reference-semantics/semantics/dict.k:99: RULE [equational] rule dSubset(vCons(K:Val, KR:ValSeq), vCons(V:Val, VR:ValSeq), KS2:ValSeq, VS2:ValSeq) => dHasKey(KS2, K) andBool (dGet(KS2, VS2, K) ==K V) andBool dSubset(KR, VR, KS2, VS2)
reference-semantics/semantics/dict.k:101: SYNTAX [function] syntax Val ::= dGet(ValSeq, ValSeq, Val) [function]
reference-semantics/semantics/dict.k:102: RULE [equational] rule dGet(vCons(A:Val, _:ValSeq), vCons(B:Val, _:ValSeq), K:Val) => B requires A ==K K
reference-semantics/semantics/dict.k:103: RULE [equational] rule dGet(vCons(A:Val, KR:ValSeq), vCons(_:Val, VR:ValSeq), K:Val) => dGet(KR, VR, K) requires notBool (A ==K K)
FILE_COUNTS rule=28 syntax=12 tag:equational=17 tag:function=8 tag:operational=11 tag:owise=1 tag:priority=2 tag:total=4

FILE reference-semantics/semantics/float.k
MODULES MPY-FLOAT@14
reference-semantics/semantics/float.k:20: SYNTAX [-] syntax Val ::= Float
reference-semantics/semantics/float.k:21: RULE [operational] rule <k> Float(F:Float) => F ... </k>
reference-semantics/semantics/float.k:24: SYNTAX [function,total,symbol,no-evaluators] syntax Float ::= intFloatDiv(Int, Float) [function, total, symbol(intFloatDiv), no-evaluators]
reference-semantics/semantics/float.k:25: RULE [concrete,equational] rule intFloatDiv(I:Int, F:Float) => Int2Float(I, 53, 11) /Float F [concrete]
reference-semantics/semantics/float.k:27: RULE [equational] rule applyBin("/", I:Int, F:Float) => intFloatDiv(I, F)
reference-semantics/semantics/float.k:30: SYNTAX [function,total,symbol,no-evaluators] syntax Float ::= divII(Int, Int) [function, total, symbol(divII), no-evaluators]
reference-semantics/semantics/float.k:31: RULE [concrete,equational] rule divII(I1:Int, I2:Int) => Int2Float(I1, 53, 11) /Float Int2Float(I2, 53, 11) [concrete]
reference-semantics/semantics/float.k:32: RULE [equational] rule applyBin("/", I1:Int, I2:Int) => divII(I1, I2)
reference-semantics/semantics/float.k:37: SYNTAX [function,total,symbol,no-evaluators] syntax Float ::= floatMod(Float, Float) [function, total, symbol(floatMod), no-evaluators]
reference-semantics/semantics/float.k:38: RULE [concrete,equational] rule floatMod(F1:Float, F2:Float) => F1 -Float (floorFloat(F1 /Float F2) *Float F2) [concrete]
reference-semantics/semantics/float.k:39: RULE [equational] rule applyBin("%", F1:Float, F2:Float) => floatMod(F1, F2)
reference-semantics/semantics/float.k:43: RULE [equational] rule applyCmp("==", F1:Float, F2:Float) => F1 ==Float F2
reference-semantics/semantics/float.k:44: RULE [equational] rule applyCmp("!=", F1:Float, F2:Float) => notBool (F1 ==Float F2)
reference-semantics/semantics/float.k:50: SYNTAX [function,total,symbol,no-evaluators] syntax Bool ::= floatLt(Float, Float) [function, total, symbol(floatLt), no-evaluators]
reference-semantics/semantics/float.k:51: RULE [concrete,equational] rule floatLt(F1:Float, F2:Float) => F1 <Float F2 [concrete]
reference-semantics/semantics/float.k:52: RULE [equational] rule applyCmp("<", F1:Float, F2:Float) => floatLt(F1, F2)
reference-semantics/semantics/float.k:54: SYNTAX [function,total,symbol,no-evaluators] syntax Float ::= absF(Float) [function, total, symbol(absF), no-evaluators]
reference-semantics/semantics/float.k:55: RULE [concrete,equational] rule absF(F:Float) => absFloat(F) [concrete]
reference-semantics/semantics/float.k:56: RULE [equational] rule applyBuiltin("abs", F:Float, .Vals) => absF(F)
reference-semantics/semantics/float.k:61: RULE [operational] rule <k> Import(_:String) => .K ... </k>
reference-semantics/semantics/float.k:65: SYNTAX [-] syntax KItem ::= "#mathCeil"
reference-semantics/semantics/float.k:66: RULE [priority,operational] rule <k> Call(Attribute(Name("math"), "ceil"), (E:Expr, .Exprs)) => E ~> #mathCeil ... </k> [priority(40)]
reference-semantics/semantics/float.k:67: RULE [operational] rule <k> V:Val ~> #mathCeil => ceilF(V) ... </k>
reference-semantics/semantics/float.k:70: SYNTAX [-] syntax KItem ::= "#mathFloor"
reference-semantics/semantics/float.k:71: RULE [priority,operational] rule <k> Call(Attribute(Name("math"), "floor"), (E:Expr, .Exprs)) => E ~> #mathFloor ... </k> [priority(40)]
reference-semantics/semantics/float.k:72: RULE [operational] rule <k> V:Val ~> #mathFloor => floorFI(V) ... </k>
reference-semantics/semantics/float.k:73: SYNTAX [function,total,symbol] syntax Int ::= floorFI(Val) [function, total, symbol(floorFI)]
reference-semantics/semantics/float.k:74: RULE [concrete,equational] rule floorFI(I:Int) => I [concrete]
reference-semantics/semantics/float.k:75: RULE [concrete,equational] rule floorFI(F:Float) => Float2Int(floorFloat(F)) [concrete]
reference-semantics/semantics/float.k:78: RULE [equational] rule applyBuiltin("floor", V:Val, .Vals) => floorFI(V)
reference-semantics/semantics/float.k:79: RULE [equational] rule applyBuiltin("ceil", V:Val, .Vals) => ceilF(V)
reference-semantics/semantics/float.k:82: SYNTAX [-] syntax KItem ::= #mathPow1(Expr) | #mathPow2(Val)
reference-semantics/semantics/float.k:83: RULE [priority,operational] rule <k> Call(Attribute(Name("math"), "pow"), (E1:Expr, E2:Expr, .Exprs)) => E1 ~> #mathPow1(E2) ... </k> [priority(40)]
reference-semantics/semantics/float.k:84: RULE [operational] rule <k> V1:Val ~> #mathPow1(E2:Expr) => E2 ~> #mathPow2(V1) ... </k>
reference-semantics/semantics/float.k:85: RULE [operational] rule <k> V2:Val ~> #mathPow2(V1:Val) => powF(toF(V1), toF(V2)) ... </k>
reference-semantics/semantics/float.k:86: SYNTAX [function,total,symbol] syntax Float ::= toF(Val) [function, total, symbol(toF)]
reference-semantics/semantics/float.k:87: RULE [concrete,equational] rule toF(F:Float) => F [concrete]
reference-semantics/semantics/float.k:88: RULE [concrete,equational] rule toF(I:Int) => intToF(I) [concrete]
reference-semantics/semantics/float.k:93: SYNTAX [function,total,symbol] syntax Int ::= ceilF(Val) [function, total, symbol(ceilF)]
reference-semantics/semantics/float.k:94: RULE [concrete,equational] rule ceilF(I:Int) => I [concrete]
reference-semantics/semantics/float.k:95: RULE [concrete,equational] rule ceilF(F:Float) => Float2Int(ceilFloat(F)) [concrete]
reference-semantics/semantics/float.k:99: RULE [equational] rule applyUn("-", F:Float) => 0.0 -Float F
reference-semantics/semantics/float.k:103: SYNTAX [function,total,symbol,no-evaluators] syntax Float ::= subF(Float, Float) [function, total, symbol(subF), no-evaluators]
reference-semantics/semantics/float.k:104: RULE [concrete,equational] rule subF(F1:Float, F2:Float) => F1 -Float F2 [concrete]
reference-semantics/semantics/float.k:105: RULE [equational] rule applyBin("-", F1:Float, F2:Float) => subF(F1, F2)
reference-semantics/semantics/float.k:107: SYNTAX [function,total,symbol,no-evaluators] syntax Float ::= divF(Float, Float) [function, total, symbol(divF), no-evaluators]
reference-semantics/semantics/float.k:108: RULE [concrete,equational] rule divF(F1:Float, F2:Float) => F1 /Float F2 [concrete]
reference-semantics/semantics/float.k:109: RULE [equational] rule applyBin("/", F1:Float, F2:Float) => divF(F1, F2)
reference-semantics/semantics/float.k:111: SYNTAX [function,total,symbol,no-evaluators] syntax Float ::= addF(Float, Float) [function, total, symbol(addF), no-evaluators]
reference-semantics/semantics/float.k:112: RULE [concrete,equational] rule addF(F1:Float, F2:Float) => F1 +Float F2 [concrete]
reference-semantics/semantics/float.k:113: RULE [equational] rule applyBin("+", F1:Float, F2:Float) => addF(F1, F2)
reference-semantics/semantics/float.k:115: SYNTAX [function,total,symbol,no-evaluators] syntax Float ::= mulF(Float, Float) [function, total, symbol(mulF), no-evaluators]
reference-semantics/semantics/float.k:116: RULE [concrete,equational] rule mulF(F1:Float, F2:Float) => F1 *Float F2 [concrete]
reference-semantics/semantics/float.k:117: RULE [equational] rule applyBin("*", F1:Float, F2:Float) => mulF(F1, F2)
reference-semantics/semantics/float.k:119: SYNTAX [function,total,symbol,no-evaluators] syntax Float ::= powF(Float, Float) [function, total, symbol(powF), no-evaluators]
reference-semantics/semantics/float.k:120: RULE [concrete,equational] rule powF(F1:Float, F2:Float) => F1 ^Float F2 [concrete]
reference-semantics/semantics/float.k:121: RULE [equational] rule applyBin("**", F1:Float, F2:Float) => powF(F1, F2)
reference-semantics/semantics/float.k:125: SYNTAX [function,total,symbol,no-evaluators] syntax Bool ::= gtF(Float, Float) [function, total, symbol(gtF), no-evaluators]
reference-semantics/semantics/float.k:126: RULE [concrete,equational] rule gtF(F1:Float, F2:Float) => F1 >Float F2 [concrete]
reference-semantics/semantics/float.k:127: RULE [equational] rule applyCmp(">", F1:Float, F2:Float) => gtF(F1, F2)
reference-semantics/semantics/float.k:128: RULE [equational] rule applyCmp(">=", F1:Float, F2:Float) => notBool floatLt(F1, F2)
reference-semantics/semantics/float.k:129: RULE [equational] rule applyCmp("<=", F1:Float, F2:Float) => notBool gtF(F1, F2)
reference-semantics/semantics/float.k:132: RULE [equational] rule applyBin("**", I:Int, F:Float) => powF(intToF(I), F)
reference-semantics/semantics/float.k:133: RULE [equational] rule applyBin("**", F:Float, I:Int) => powF(F, intToF(I))
reference-semantics/semantics/float.k:134: RULE [equational] rule applyBin("-", I:Int, F:Float) => subF(intToF(I), F)
reference-semantics/semantics/float.k:135: RULE [equational] rule applyBin("-", F:Float, I:Int) => subF(F, intToF(I))
reference-semantics/semantics/float.k:136: RULE [equational] rule applyBin("+", I:Int, F:Float) => addF(intToF(I), F)
reference-semantics/semantics/float.k:137: RULE [equational] rule applyBin("+", F:Float, I:Int) => addF(F, intToF(I))
reference-semantics/semantics/float.k:138: RULE [equational] rule applyBin("*", I:Int, F:Float) => mulF(intToF(I), F)
reference-semantics/semantics/float.k:139: RULE [equational] rule applyBin("*", F:Float, I:Int) => mulF(F, intToF(I))
reference-semantics/semantics/float.k:142: SYNTAX [function,total,symbol,no-evaluators] syntax Bool ::= eqF(Float, Float) [function, total, symbol(eqF), no-evaluators]
reference-semantics/semantics/float.k:143: RULE [concrete,equational] rule eqF(F1:Float, F2:Float) => F1 ==Float F2 [concrete]
reference-semantics/semantics/float.k:144: RULE [equational] rule applyCmp("==", I:Int, F:Float) => eqF(intToF(I), F)
reference-semantics/semantics/float.k:145: RULE [equational] rule applyCmp("==", F:Float, I:Int) => eqF(F, intToF(I))
reference-semantics/semantics/float.k:146: RULE [equational] rule applyCmp("!=", I:Int, F:Float) => notBool eqF(intToF(I), F)
reference-semantics/semantics/float.k:147: RULE [equational] rule applyCmp("!=", F:Float, I:Int) => notBool eqF(F, intToF(I))
reference-semantics/semantics/float.k:148: RULE [equational] rule applyCmp("<", I:Int, F:Float) => floatLt(intToF(I), F)
reference-semantics/semantics/float.k:149: RULE [equational] rule applyCmp("<", F:Float, I:Int) => floatLt(F, intToF(I))
reference-semantics/semantics/float.k:150: RULE [equational] rule applyCmp(">", I:Int, F:Float) => gtF(intToF(I), F)
reference-semantics/semantics/float.k:151: RULE [equational] rule applyCmp(">", F:Float, I:Int) => gtF(F, intToF(I))
reference-semantics/semantics/float.k:154: RULE [equational] rule applyCmp("==", V:Val, noneV) => V ==K noneV
reference-semantics/semantics/float.k:155: RULE [equational] rule applyCmp("!=", V:Val, noneV) => notBool (V ==K noneV)
reference-semantics/semantics/float.k:160: SYNTAX [function,total,symbol,no-evaluators] syntax Float ::= decStrToF(IntSeq) [function, total, symbol(decStrToF), no-evaluators]
reference-semantics/semantics/float.k:161: RULE [concrete,equational] rule decStrToF(iCons(45, CS:IntSeq)) => 0.0 -Float decStrToF(CS) [concrete]
reference-semantics/semantics/float.k:162: RULE [concrete,equational] rule decStrToF(CS:IntSeq) => intToF(intPart(CS)) +Float (intToF(fracPart(CS)) /Float intToF(fracScale(CS))) requires isLen(CS) >Int 0 andBool headIS(CS) =/=Int 45 [concrete]
reference-semantics/semantics/float.k:165: SYNTAX [function] syntax Int ::= headIS(IntSeq) [function]
reference-semantics/semantics/float.k:166: RULE [equational] rule headIS(iCons(C:Int, _:IntSeq)) => C
reference-semantics/semantics/float.k:167: SYNTAX [function,total] syntax Int ::= intPart(IntSeq) [function, total] | intPartAcc(IntSeq, Int) [function, total]
reference-semantics/semantics/float.k:168: RULE [equational] rule intPart(CS:IntSeq) => intPartAcc(CS, 0)
reference-semantics/semantics/float.k:169: RULE [equational] rule intPartAcc(.IntSeq, A:Int) => A
reference-semantics/semantics/float.k:170: RULE [equational] rule intPartAcc(iCons(46, _:IntSeq), A:Int) => A
reference-semantics/semantics/float.k:171: RULE [equational] rule intPartAcc(iCons(C:Int, R:IntSeq), A:Int) => intPartAcc(R, A *Int 10 +Int (C -Int 48)) requires C =/=Int 46
reference-semantics/semantics/float.k:173: SYNTAX [function,total] syntax Int ::= fracPart(IntSeq) [function, total] | fracAcc(IntSeq, Int) [function, total]
reference-semantics/semantics/float.k:174: RULE [equational] rule fracPart(.IntSeq) => 0
reference-semantics/semantics/float.k:175: RULE [equational] rule fracPart(iCons(46, R:IntSeq)) => fracAcc(R, 0)
reference-semantics/semantics/float.k:176: RULE [equational] rule fracPart(iCons(C:Int, R:IntSeq)) => fracPart(R) requires C =/=Int 46
reference-semantics/semantics/float.k:177: RULE [equational] rule fracAcc(.IntSeq, A:Int) => A
reference-semantics/semantics/float.k:178: RULE [equational] rule fracAcc(iCons(C:Int, R:IntSeq), A:Int) => fracAcc(R, A *Int 10 +Int (C -Int 48))
reference-semantics/semantics/float.k:179: SYNTAX [function,total] syntax Int ::= fracScale(IntSeq) [function, total] | fscAcc(IntSeq, Int) [function, total]
reference-semantics/semantics/float.k:180: RULE [equational] rule fracScale(.IntSeq) => 1
reference-semantics/semantics/float.k:181: RULE [equational] rule fracScale(iCons(46, R:IntSeq)) => fscAcc(R, 1)
reference-semantics/semantics/float.k:182: RULE [equational] rule fracScale(iCons(C:Int, R:IntSeq)) => fracScale(R) requires C =/=Int 46
reference-semantics/semantics/float.k:183: RULE [equational] rule fscAcc(.IntSeq, A:Int) => A
reference-semantics/semantics/float.k:184: RULE [equational] rule fscAcc(iCons(_:Int, R:IntSeq), A:Int) => fscAcc(R, A *Int 10)
reference-semantics/semantics/float.k:185: RULE [equational] rule applyBuiltin("float", str(CS:IntSeq), .Vals) => decStrToF(CS)
reference-semantics/semantics/float.k:186: RULE [equational] rule applyBuiltin("float", I:Int, .Vals) => intToF(I)
reference-semantics/semantics/float.k:187: RULE [equational] rule applyBuiltin("float", F:Float, .Vals) => F
reference-semantics/semantics/float.k:190: SYNTAX [function,total,symbol,no-evaluators] syntax Float ::= divFloatIntV(Float, Int) [function, total, symbol(divFloatIntV), no-evaluators]
reference-semantics/semantics/float.k:191: RULE [concrete,equational] rule divFloatIntV(F:Float, I:Int) => F /Float Int2Float(I, 53, 11) [concrete]
reference-semantics/semantics/float.k:192: RULE [equational] rule applyBin("/", F:Float, I:Int) => divFloatIntV(F, I)
reference-semantics/semantics/float.k:195: SYNTAX [function,total,symbol,no-evaluators] syntax Float ::= intToF(Int) [function, total, symbol(intToF), no-evaluators]
reference-semantics/semantics/float.k:196: RULE [concrete,equational] rule intToF(I:Int) => Int2Float(I, 53, 11) [concrete]
reference-semantics/semantics/float.k:197: RULE [equational] rule applyBin("+", I:Int, F:Float) => addF(intToF(I), F)
reference-semantics/semantics/float.k:198: RULE [equational] rule applyBin("+", F:Float, I:Int) => addF(F, intToF(I))
reference-semantics/semantics/float.k:199: RULE [equational] rule applyBin("-", I:Int, F:Float) => subF(intToF(I), F)
reference-semantics/semantics/float.k:200: RULE [equational] rule applyBin("-", F:Float, I:Int) => subF(F, intToF(I))
reference-semantics/semantics/float.k:201: RULE [equational] rule applyBin("*", I:Int, F:Float) => mulF(intToF(I), F)
reference-semantics/semantics/float.k:202: RULE [equational] rule applyBin("*", F:Float, I:Int) => mulF(F, intToF(I))
reference-semantics/semantics/float.k:203: RULE [equational] rule applyCmp("<", I:Int, F:Float) => floatLt(intToF(I), F)
reference-semantics/semantics/float.k:204: RULE [equational] rule applyCmp("<", F:Float, I:Int) => floatLt(F, intToF(I))
reference-semantics/semantics/float.k:205: RULE [equational] rule applyCmp(">", I:Int, F:Float) => gtF(intToF(I), F)
reference-semantics/semantics/float.k:206: RULE [equational] rule applyCmp(">", F:Float, I:Int) => gtF(F, intToF(I))
reference-semantics/semantics/float.k:209: SYNTAX [function,total,symbol,no-evaluators] syntax Int ::= truncF(Float) [function, total, symbol(truncF), no-evaluators]
reference-semantics/semantics/float.k:210: RULE [concrete,equational] rule truncF(F:Float) => #if F >=Float 0.0 #then Float2Int(floorFloat(F)) #else Float2Int(ceilFloat(F)) #fi [concrete]
reference-semantics/semantics/float.k:211: RULE [equational] rule applyBuiltin("int", F:Float, .Vals) => truncF(F)
reference-semantics/semantics/float.k:213: RULE [equational] rule applyBuiltin("float", I:Int, .Vals) => intToF(I)
reference-semantics/semantics/float.k:214: RULE [equational] rule applyBuiltin("float", F:Float, .Vals) => F
reference-semantics/semantics/float.k:217: SYNTAX [function,total,symbol,no-evaluators] syntax Int ::= roundF(Float) [function, total, symbol(roundF), no-evaluators]
reference-semantics/semantics/float.k:218: RULE [concrete,equational] rule roundF(F:Float) => #if (F -Float floorFloat(F)) ==Float 0.5 #then (#if Float2Int(floorFloat(F)) %Int 2 ==Int 0 #then Float2Int(floorFloat(F)) #else Float2Int(ceilFloat(F)) #fi) #else Float2Int(floorFloat(F +Float 0.5)) #fi [concrete]
reference-semantics/semantics/float.k:223: SYNTAX [function,total,symbol,no-evaluators] syntax Float ::= roundFN(Float, Int) [function, total, symbol(roundFN), no-evaluators]
reference-semantics/semantics/float.k:224: RULE [concrete,equational] rule roundFN(F:Float, N:Int) => Int2Float(roundF(F *Float Int2Float(10 ^Int N, 53, 11)), 53, 11) /Float Int2Float(10 ^Int N, 53, 11) [concrete]
reference-semantics/semantics/float.k:227: RULE [equational] rule applyBuiltin("round", F:Float, .Vals) => roundF(F)
reference-semantics/semantics/float.k:228: RULE [equational] rule applyBuiltin("round", F:Float, N:Int, .Vals) => roundFN(F, N)
reference-semantics/semantics/float.k:230: SYNTAX [function,total,symbol,no-evaluators] syntax Float ::= sqrtF(Float) [function, total, symbol(sqrtF), no-evaluators]
reference-semantics/semantics/float.k:231: RULE [concrete,equational] rule sqrtF(F:Float) => sqrtFloat(F) [concrete]
reference-semantics/semantics/float.k:232: SYNTAX [-] syntax KItem ::= "#mathSqrt"
reference-semantics/semantics/float.k:233: RULE [priority,operational] rule <k> Call(Attribute(Name("math"), "sqrt"), (E:Expr, .Exprs)) => E ~> #mathSqrt ... </k> [priority(40)]
reference-semantics/semantics/float.k:234: RULE [operational] rule <k> F:Float ~> #mathSqrt => sqrtF(F) ... </k>
reference-semantics/semantics/float.k:235: RULE [operational] rule <k> I:Int ~> #mathSqrt => sqrtF(intToF(I)) ... </k>
reference-semantics/semantics/float.k:243: SYNTAX [-] syntax KItem ::= #maxAccF(Iterable, Float) | #maxContF(Float)
reference-semantics/semantics/float.k:244: RULE [operational] rule <k> #iterYield(V:Val, R:Iterable) ~> #maxCont0 => #maxAccF(R, {V}:>Float) ... </k> requires isFloat(V)
reference-semantics/semantics/float.k:245: RULE [operational] rule <k> #maxAccF(IT:Iterable, M:Float) => #iterNext(IT) ~> #maxContF(M) ... </k>
reference-semantics/semantics/float.k:246: RULE [operational] rule <k> #iterDone ~> #maxContF(M:Float) => M ... </k>
reference-semantics/semantics/float.k:247: RULE [operational] rule <k> #iterYield(V:Val, R:Iterable) ~> #maxContF(M:Float) => #maxAccF(R, maxFloat(M, {V}:>Float)) ... </k> requires isFloat(V)
reference-semantics/semantics/float.k:250: SYNTAX [-] syntax KItem ::= #minAccF(Iterable, Float) | #minContF(Float)
reference-semantics/semantics/float.k:251: RULE [operational] rule <k> #iterYield(V:Val, R:Iterable) ~> #minCont0 => #minAccF(R, {V}:>Float) ... </k> requires isFloat(V)
reference-semantics/semantics/float.k:252: RULE [operational] rule <k> #minAccF(IT:Iterable, M:Float) => #iterNext(IT) ~> #minContF(M) ... </k>
reference-semantics/semantics/float.k:253: RULE [operational] rule <k> #iterDone ~> #minContF(M:Float) => M ... </k>
reference-semantics/semantics/float.k:254: RULE [operational] rule <k> #iterYield(V:Val, R:Iterable) ~> #minContF(M:Float) => #minAccF(R, minFloat(M, {V}:>Float)) ... </k> requires isFloat(V)
reference-semantics/semantics/float.k:261: SYNTAX [-] syntax KItem ::= #sumAccF(Iterable, Float) | #sumContF(Float)
reference-semantics/semantics/float.k:262: RULE [operational] rule <k> #iterYield(V:Val, R:Iterable) ~> #sumCont(ACC:Int) => #sumAccF(R, addF(intToF(ACC), {V}:>Float)) ... </k> requires isFloat(V) andBool notBool (isInt(V) orBool isBool(V))
reference-semantics/semantics/float.k:265: RULE [operational] rule <k> #sumAccF(IT:Iterable, ACC:Float) => #iterNext(IT) ~> #sumContF(ACC) ... </k>
reference-semantics/semantics/float.k:266: RULE [operational] rule <k> #iterDone ~> #sumContF(ACC:Float) => ACC ... </k>
reference-semantics/semantics/float.k:267: RULE [operational] rule <k> #iterYield(V:Val, R:Iterable) ~> #sumContF(ACC:Float) => #sumAccF(R, addF(ACC, {V}:>Float)) ... </k> requires isFloat(V)
reference-semantics/semantics/float.k:270: RULE [operational] rule <k> #iterYield(V:Val, R:Iterable) ~> #sumContF(ACC:Float) => #sumAccF(R, addF(ACC, intToF(intOf(V)))) ... </k> requires isInt(V) orBool isBool(V)
FILE_COUNTS rule=121 syntax=34 tag:concrete=26 tag:equational=96 tag:function=26 tag:no-evaluators=19 tag:operational=25 tag:priority=4 tag:symbol=22 tag:total=25

FILE reference-semantics/semantics/functions.k
MODULES MPY-FUNCTIONS@3
reference-semantics/semantics/functions.k:8: SYNTAX [-] syntax KItem ::= frame(continuation: K, callerEnv: Int, savedLoc: Int) | #bindP(ParamNames, Vals) | "#pop" | "#endcall"
reference-semantics/semantics/functions.k:14: RULE [operational] rule <k> FuncDef(F:String, Params(PNS:ParamNames), BODY:Stmts) => .K ... </k> <env> L:Int </env> <scopes> ... L |-> scope(M:Map => M [ F <- closureVal(PNS, BODY, L) ], _) ... </scopes>
reference-semantics/semantics/functions.k:18: SYNTAX [-] syntax Expr ::= closureExpr(ParamNames, Stmts)
reference-semantics/semantics/functions.k:19: RULE [operational] rule <k> closureExpr(PNS:ParamNames, BODY:Stmts) => closureVal(PNS, BODY, L) ... </k> <env> L:Int </env>
reference-semantics/semantics/functions.k:27: SYNTAX [-] syntax Val ::= closureValC(ParamNames, ParamNames, Stmts, Map)
reference-semantics/semantics/functions.k:31: SYNTAX [-] syntax KItem ::= #mkClosure(String, ParamNames, ParamNames, ParamNames, Stmts, Map) | #mkLambda(ParamNames, ParamNames, ParamNames, Stmts, Map)
reference-semantics/semantics/functions.k:33: RULE [operational] rule <k> FuncDef(F:String, Params(PNS:ParamNames), CellVars(CVS:ParamNames), FreeVars(FVS:ParamNames), BODY:Stmts) => #mkClosure(F, PNS, CVS, FVS, BODY, .Map) ... </k>
reference-semantics/semantics/functions.k:36: RULE [operational] rule <k> #mkClosure(F:String, PNS:ParamNames, CVS:ParamNames, (FV:String, FVR:ParamNames), BODY:Stmts, CM:Map) => #mkClosure(F, PNS, CVS, FVR, BODY, CM [ FV <- {M[FV]}:>Val ]) ... </k> <env> L:Int </env> <scopes> ... L |-> scope(M:Map, _) ... </scopes> requires FV in_keys(M)
reference-semantics/semantics/functions.k:42: RULE [operational] rule <k> #mkClosure(F:String, PNS:ParamNames, CVS:ParamNames, .ParamNames, BODY:Stmts, CM:Map) => .K ... </k> <env> L:Int </env> <scopes> ... L |-> scope(M:Map => M [ F <- closureValC(PNS, CVS, BODY, CM) ], _) ... </scopes>
reference-semantics/semantics/functions.k:47: RULE [operational] rule <k> Lambda(Params(PNS:ParamNames), E:Expr) => closureVal(PNS, Return(E) .Stmts, L) ... </k> <env> L:Int </env>
reference-semantics/semantics/functions.k:50: RULE [operational] rule <k> Lambda(Params(PNS:ParamNames), CellVars(CVS:ParamNames), FreeVars(FVS:ParamNames), E:Expr) => #mkLambda(PNS, CVS, FVS, Return(E) .Stmts, .Map) ... </k>
reference-semantics/semantics/functions.k:53: RULE [operational] rule <k> #mkLambda(PNS:ParamNames, CVS:ParamNames, (FV:String, FVR:ParamNames), BODY:Stmts, CM:Map) => #mkLambda(PNS, CVS, FVR, BODY, CM [ FV <- {M[FV]}:>Val ]) ... </k> <env> L:Int </env> <scopes> ... L |-> scope(M:Map, _) ... </scopes> requires FV in_keys(M)
reference-semantics/semantics/functions.k:59: RULE [operational] rule <k> #mkLambda(PNS:ParamNames, CVS:ParamNames, .ParamNames, BODY:Stmts, CM:Map) => closureValC(PNS, CVS, BODY, CM) ... </k>
reference-semantics/semantics/functions.k:63: RULE [operational] rule <k> #bindP(.ParamNames, .Vals) => .K ... </k>
reference-semantics/semantics/functions.k:64: RULE [operational] rule <k> #bindP((P:String, PS:ParamNames), (V:Val, VS:Vals)) => #bindP(PS, VS) ... </k> <env> L:Int </env> <scopes> ... L |-> scope(M:Map => M [ P <- V ], _) ... </scopes>
reference-semantics/semantics/functions.k:68: RULE [priority,operational] rule <k> #bindP((P:String, PS:ParamNames), (V:Val, VS:Vals)) => #cellW({M[P]}:>Val, V) ~> #bindP(PS, VS) ... </k> <env> L:Int </env> <scopes> ... L |-> scope(M:Map, _) ... </scopes> requires "$cells" in_keys(M) andBool pnMember(P, cellsOf({M["$cells"]}:>Val)) andBool P in_keys(M) andBool isCellRef({M[P]}:>Val) [priority(40)]
reference-semantics/semantics/functions.k:78: RULE [operational] rule <k> Return(V:Val) ~> _ => #pop </k> <ret> noRet => retV(V) </ret>
reference-semantics/semantics/functions.k:80: RULE [operational] rule <k> #endcall => #pop ... </k> <ret> noRet => retV(noneV) </ret>
reference-semantics/semantics/functions.k:85: RULE [operational] rule <k> #pop => V ~> CONT </k> <ret> retV(V) => noRet </ret> <stack> ListItem(frame(CONT:K, CALLERL:Int, SAVEDL:Int)) => .List ... </stack> <env> L:Int => CALLERL </env> <scopes> SC:Map => SC [ L <- undef ] </scopes> <scopeLoc> _ => SAVEDL </scopeLoc>
FILE_COUNTS rule=15 syntax=4 tag:operational=15 tag:priority=1

FILE reference-semantics/semantics/int.k
MODULES MPY-INT@4
reference-semantics/semantics/int.k:7: RULE [equational] rule applyUn("-", I:Int) => 0 -Int I
reference-semantics/semantics/int.k:9: RULE [equational] rule applyBin("+", I1:Int, I2:Int) => I1 +Int I2
reference-semantics/semantics/int.k:11: RULE [equational] rule applyBin("+", I:Int, B:Bool) => I +Int #if B #then 1 #else 0 #fi
reference-semantics/semantics/int.k:12: RULE [equational] rule applyBin("+", B:Bool, I:Int) => #if B #then 1 #else 0 #fi +Int I
reference-semantics/semantics/int.k:13: RULE [equational] rule applyBin("-", I1:Int, I2:Int) => I1 -Int I2
reference-semantics/semantics/int.k:14: RULE [equational] rule applyBin("*", I1:Int, I2:Int) => I1 *Int I2
reference-semantics/semantics/int.k:15: RULE [equational] rule applyBin("%", I1:Int, I2:Int) => pyMod(I1, I2)
reference-semantics/semantics/int.k:16: RULE [equational] rule applyBin("//", I1:Int, I2:Int) => (I1 -Int pyMod(I1, I2)) /Int I2
reference-semantics/semantics/int.k:17: RULE [equational] rule applyBin("**", I1:Int, I2:Int) => I1 ^Int I2 requires I2 >=Int 0
reference-semantics/semantics/int.k:19: SYNTAX [function] syntax Int ::= pyMod(Int, Int) [function]
reference-semantics/semantics/int.k:20: RULE [equational] rule pyMod(I1:Int, I2:Int) => ((I1 %Int I2) +Int I2) %Int I2
reference-semantics/semantics/int.k:22: RULE [equational] rule applyCmp("<", I1:Int, I2:Int) => I1 <Int I2
reference-semantics/semantics/int.k:23: RULE [equational] rule applyCmp("<=", I1:Int, I2:Int) => I1 <=Int I2
reference-semantics/semantics/int.k:24: RULE [equational] rule applyCmp(">", I1:Int, I2:Int) => I1 >Int I2
reference-semantics/semantics/int.k:25: RULE [equational] rule applyCmp(">=", I1:Int, I2:Int) => I1 >=Int I2
reference-semantics/semantics/int.k:26: RULE [equational] rule applyCmp("==", I1:Int, I2:Int) => I1 ==Int I2
reference-semantics/semantics/int.k:27: RULE [equational] rule applyCmp("!=", I1:Int, I2:Int) => I1 =/=Int I2
FILE_COUNTS rule=16 syntax=1 tag:equational=16 tag:function=1

FILE reference-semantics/semantics/iter.k
MODULES MPY-ITER@6
reference-semantics/semantics/iter.k:8: SYNTAX [-] syntax KItem ::= #iterNext(Iterable) | "#iterDone" | #iterYield(Val, Iterable)
FILE_COUNTS syntax=1

FILE reference-semantics/semantics/list.k
MODULES MPY-LIST@3
reference-semantics/semantics/list.k:9: RULE [operational] rule <k> #iterNext(list(.ValSeq)) => #iterDone ... </k>
reference-semantics/semantics/list.k:10: RULE [operational] rule <k> #iterNext(list(vCons(V:Val, R:ValSeq))) => #iterYield(V, list(R)) ... </k>
reference-semantics/semantics/list.k:13: SYNTAX [-] syntax ApplyK ::= "toList"
reference-semantics/semantics/list.k:14: RULE [operational] rule <k> ListExpr(ES:Exprs) => #evalArgs(ES, .Vals, toList) ... </k>
reference-semantics/semantics/list.k:15: RULE [operational] rule <k> #applyK(toList, ACC:Vals) => #alloc(list(vals2valSeq(ACC))) ... </k>
reference-semantics/semantics/list.k:18: SYNTAX [function,total] syntax ValSeq ::= valSeqConcat(ValSeq, ValSeq) [function, total]
reference-semantics/semantics/list.k:19: RULE [equational] rule valSeqConcat(.ValSeq, T:ValSeq) => T
reference-semantics/semantics/list.k:20: RULE [equational] rule valSeqConcat(vCons(V:Val, S:ValSeq), T:ValSeq) => vCons(V, valSeqConcat(S, T))
reference-semantics/semantics/list.k:24: RULE [priority,operational] rule <k> BinOp("+", list(A:ValSeq), list(B:ValSeq)) => #alloc(list(valSeqConcat(A, B))) ... </k> [priority(45)]
reference-semantics/semantics/list.k:27: RULE [equational] rule applyCmp("==", list(A:ValSeq), list(B:ValSeq)) => A ==K B
reference-semantics/semantics/list.k:28: RULE [equational] rule applyCmp("!=", list(A:ValSeq), list(B:ValSeq)) => notBool (A ==K B)
reference-semantics/semantics/list.k:33: SYNTAX [function,total] syntax Bool ::= hasRefVS(ValSeq) [function, total]
reference-semantics/semantics/list.k:34: RULE [equational] rule hasRefVS(.ValSeq) => false
reference-semantics/semantics/list.k:35: RULE [equational] rule hasRefVS(vCons(V:Val, R:ValSeq)) => isRefV(V) orBool hasRefVS(R)
reference-semantics/semantics/list.k:37: SYNTAX [function] syntax Bool ::= deepEqVS(ValSeq, ValSeq, Map) [function] | deepEqV(Val, Val, Map) [function]
reference-semantics/semantics/list.k:39: RULE [equational] rule deepEqVS(.ValSeq, .ValSeq, _:Map) => true
reference-semantics/semantics/list.k:40: RULE [equational] rule deepEqVS(.ValSeq, vCons(_:Val, _:ValSeq), _:Map) => false
reference-semantics/semantics/list.k:41: RULE [equational] rule deepEqVS(vCons(_:Val, _:ValSeq), .ValSeq, _:Map) => false
reference-semantics/semantics/list.k:42: RULE [equational] rule deepEqVS(vCons(A:Val, As:ValSeq), vCons(B:Val, Bs:ValSeq), HP:Map) => deepEqV(A, B, HP) andBool deepEqVS(As, Bs, HP)
reference-semantics/semantics/list.k:45: RULE [equational] rule deepEqV(ref(H:Int), B:Val, HP:Map) => deepEqV({HP[H]}:>Val, B, HP) requires H in_keys(HP)
reference-semantics/semantics/list.k:47: RULE [equational] rule deepEqV(A:Val, ref(H:Int), HP:Map) => deepEqV(A, {HP[H]}:>Val, HP) requires notBool isRefV(A) andBool H in_keys(HP)
reference-semantics/semantics/list.k:49: RULE [equational] rule deepEqV(list(A:ValSeq), list(B:ValSeq), HP:Map) => deepEqVS(A, B, HP)
reference-semantics/semantics/list.k:50: RULE [owise,equational] rule deepEqV(A:Val, B:Val, _:Map) => A ==K B [owise]
reference-semantics/semantics/list.k:53: RULE [priority,operational] rule <k> #applyK(toCall(boundMethodV(ref(H:Int), "append")), (V:Val, .Vals)) => noneV ... </k> <heap> ... H |-> list(VS:ValSeq => valSeqConcat(VS, vCons(V, .ValSeq))) ... </heap> [priority(40)]
reference-semantics/semantics/list.k:58: SYNTAX [-] syntax KItem ::= #memberAcc(Val, Iterable) | #memberCont(Val) | "#notB"
reference-semantics/semantics/list.k:59: RULE [operational] rule <k> Compare(LV:Val, CmpOp("in", list(VS:ValSeq))) => #memberAcc(LV, list(VS)) ... </k>
reference-semantics/semantics/list.k:60: RULE [operational] rule <k> Compare(LV:Val, CmpOp("not in", list(VS:ValSeq))) => #memberAcc(LV, list(VS)) ~> #notB ... </k>
reference-semantics/semantics/list.k:61: RULE [operational] rule <k> #memberAcc(V:Val, IT:Iterable) => #iterNext(IT) ~> #memberCont(V) ... </k>
reference-semantics/semantics/list.k:62: RULE [operational] rule <k> #iterDone ~> #memberCont(_V:Val) => false ... </k>
reference-semantics/semantics/list.k:63: RULE [operational] rule <k> #iterYield(E:Val, _:Iterable) ~> #memberCont(V:Val) => true ... </k> requires E ==K V
reference-semantics/semantics/list.k:65: RULE [operational] rule <k> #iterYield(E:Val, R:Iterable) ~> #memberCont(V:Val) => #memberAcc(V, R) ... </k> requires notBool (E ==K V)
reference-semantics/semantics/list.k:67: RULE [operational] rule <k> B:Bool ~> #notB => notBool B ... </k>
FILE_COUNTS rule=27 syntax=5 tag:equational=14 tag:function=3 tag:operational=13 tag:owise=1 tag:priority=2 tag:total=2

FILE reference-semantics/semantics/methods.k
MODULES MPY-METHODS@3
reference-semantics/semantics/methods.k:10: SYNTAX [function] syntax Val ::= applyMethod(Val, String, Vals) [function]
reference-semantics/semantics/methods.k:13: RULE [equational] rule applyMethod(str(CS:IntSeq), "isupper", .Vals) => hasUpper(CS) andBool notBool hasLower(CS)
reference-semantics/semantics/methods.k:14: RULE [equational] rule applyMethod(str(CS:IntSeq), "islower", .Vals) => hasLower(CS) andBool notBool hasUpper(CS)
reference-semantics/semantics/methods.k:15: RULE [equational] rule applyMethod(str(CS:IntSeq), "isalpha", .Vals) => notBool (CS ==K .IntSeq) andBool allAlpha(CS)
reference-semantics/semantics/methods.k:16: RULE [equational] rule applyMethod(str(CS:IntSeq), "isdigit", .Vals) => notBool (CS ==K .IntSeq) andBool allDigit(CS)
reference-semantics/semantics/methods.k:19: RULE [equational] rule applyMethod(str(CS:IntSeq), "lower", .Vals) => str(mapLower(CS))
reference-semantics/semantics/methods.k:20: RULE [equational] rule applyMethod(str(CS:IntSeq), "upper", .Vals) => str(mapUpper(CS))
reference-semantics/semantics/methods.k:21: RULE [equational] rule applyMethod(str(CS:IntSeq), "swapcase", .Vals) => str(mapSwap(CS))
reference-semantics/semantics/methods.k:26: RULE [equational] rule applyMethod(str(SEP:IntSeq), "join", list(VS:ValSeq), .Vals) => str(joinCodes(SEP, VS))
reference-semantics/semantics/methods.k:27: SYNTAX [function,total] syntax IntSeq ::= joinCodes(IntSeq, ValSeq) [function, total]
reference-semantics/semantics/methods.k:28: RULE [equational] rule joinCodes(_:IntSeq, .ValSeq) => .IntSeq
reference-semantics/semantics/methods.k:29: RULE [equational] rule joinCodes(_:IntSeq, vCons(str(CS:IntSeq), .ValSeq)) => CS
reference-semantics/semantics/methods.k:30: RULE [equational] rule joinCodes(SEP:IntSeq, vCons(str(CS:IntSeq), vCons(V:Val, R:ValSeq))) => seqConcat(CS, seqConcat(SEP, joinCodes(SEP, vCons(V, R))))
reference-semantics/semantics/methods.k:34: RULE [equational] rule applyMethod(str(CS:IntSeq), "count", str(PC:IntSeq), .Vals) => cntSub(CS, PC)
reference-semantics/semantics/methods.k:35: SYNTAX [function] syntax Int ::= cntSub(IntSeq, IntSeq) [function]
reference-semantics/semantics/methods.k:36: RULE [equational] rule cntSub(.IntSeq, _:IntSeq) => 0
reference-semantics/semantics/methods.k:37: RULE [equational] rule cntSub(iCons(C:Int, R:IntSeq), PC:IntSeq) => 1 +Int cntSub(dropIS(iCons(C, R), isLen(PC)), PC) requires strPrefix(PC, iCons(C, R)) andBool isLen(PC) >Int 0
reference-semantics/semantics/methods.k:39: RULE [equational] rule cntSub(iCons(C:Int, R:IntSeq), PC:IntSeq) => cntSub(R, PC) requires notBool strPrefix(PC, iCons(C, R)) orBool isLen(PC) <=Int 0
reference-semantics/semantics/methods.k:41: SYNTAX [function,total] syntax IntSeq ::= dropIS(IntSeq, Int) [function, total]
reference-semantics/semantics/methods.k:42: RULE [equational] rule dropIS(S:IntSeq, N:Int) => S requires N <=Int 0
reference-semantics/semantics/methods.k:43: RULE [owise,equational] rule dropIS(.IntSeq, _:Int) => .IntSeq [owise]
reference-semantics/semantics/methods.k:44: RULE [equational] rule dropIS(iCons(_:Int, R:IntSeq), N:Int) => dropIS(R, N -Int 1) requires N >Int 0
reference-semantics/semantics/methods.k:47: RULE [equational] rule applyMethod(str(CS:IntSeq), "strip", .Vals) => str(revIS(trimWS(revIS(trimWS(CS)))))
reference-semantics/semantics/methods.k:48: SYNTAX [function,total] syntax IntSeq ::= trimWS(IntSeq) [function, total]
reference-semantics/semantics/methods.k:49: RULE [equational] rule trimWS(.IntSeq) => .IntSeq
reference-semantics/semantics/methods.k:50: RULE [equational] rule trimWS(iCons(C:Int, R:IntSeq)) => trimWS(R) requires isWSC(C)
reference-semantics/semantics/methods.k:51: RULE [equational] rule trimWS(iCons(C:Int, R:IntSeq)) => iCons(C, R) requires notBool isWSC(C)
reference-semantics/semantics/methods.k:52: SYNTAX [function,total] syntax IntSeq ::= revIS(IntSeq) [function, total] | revISAcc(IntSeq, IntSeq) [function, total]
reference-semantics/semantics/methods.k:53: RULE [equational] rule revIS(S:IntSeq) => revISAcc(S, .IntSeq)
reference-semantics/semantics/methods.k:54: RULE [equational] rule revISAcc(.IntSeq, A:IntSeq) => A
reference-semantics/semantics/methods.k:55: RULE [equational] rule revISAcc(iCons(C:Int, R:IntSeq), A:IntSeq) => revISAcc(R, iCons(C, A))
reference-semantics/semantics/methods.k:58: RULE [equational] rule applyMethod(str(CS:IntSeq), "encode", str(_:IntSeq), .Vals) => str(CS)
reference-semantics/semantics/methods.k:61: RULE [equational] rule applyMethod(str(XC:IntSeq), "startswith", str(PC:IntSeq), .Vals) => startsWith(PC, XC)
reference-semantics/semantics/methods.k:64: RULE [equational] rule applyMethod(list(VS:ValSeq), "count", V:Val, .Vals) => cntOccVS(VS, V)
reference-semantics/semantics/methods.k:65: SYNTAX [function,total] syntax Int ::= cntOccVS(ValSeq, Val) [function, total]
reference-semantics/semantics/methods.k:66: RULE [equational] rule cntOccVS(.ValSeq, _:Val) => 0
reference-semantics/semantics/methods.k:67: RULE [equational] rule cntOccVS(vCons(A:Val, R:ValSeq), V:Val) => 1 +Int cntOccVS(R, V) requires A ==K V
reference-semantics/semantics/methods.k:68: RULE [equational] rule cntOccVS(vCons(A:Val, R:ValSeq), V:Val) => cntOccVS(R, V) requires notBool (A ==K V)
reference-semantics/semantics/methods.k:72: RULE [priority,operational] rule <k> #applyK(toCall(boundMethodV(str(CS:IntSeq), "split")), .Vals) => #alloc(list(splitWS(CS, .IntSeq, .ValSeq))) ... </k> [priority(40)]
reference-semantics/semantics/methods.k:75: SYNTAX [function] syntax ValSeq ::= splitWS(IntSeq, IntSeq, ValSeq) [function] // remaining, current token, result
reference-semantics/semantics/methods.k:76: RULE [equational] rule splitWS(.IntSeq, CUR:IntSeq, ACC:ValSeq) => flushTok(ACC, CUR)
reference-semantics/semantics/methods.k:77: RULE [equational] rule splitWS(iCons(C:Int, R:IntSeq), CUR:IntSeq, ACC:ValSeq) => splitWS(R, .IntSeq, flushTok(ACC, CUR)) requires isWSC(C)
reference-semantics/semantics/methods.k:79: RULE [equational] rule splitWS(iCons(C:Int, R:IntSeq), CUR:IntSeq, ACC:ValSeq) => splitWS(R, seqConcat(CUR, iCons(C, .IntSeq)), ACC) requires notBool isWSC(C)
reference-semantics/semantics/methods.k:82: SYNTAX [function] syntax ValSeq ::= flushTok(ValSeq, IntSeq) [function]
reference-semantics/semantics/methods.k:83: RULE [equational] rule flushTok(ACC:ValSeq, .IntSeq) => ACC
reference-semantics/semantics/methods.k:84: RULE [equational] rule flushTok(ACC:ValSeq, iCons(C:Int, T:IntSeq)) => valSeqConcat(ACC, vCons(str(iCons(C, T)), .ValSeq))
reference-semantics/semantics/methods.k:85: SYNTAX [function,total] syntax Bool ::= isWSC(Int) [function, total]
reference-semantics/semantics/methods.k:86: RULE [equational] rule isWSC(C:Int) => C ==Int 32 orBool C ==Int 9 orBool C ==Int 10 orBool C ==Int 13
reference-semantics/semantics/methods.k:89: RULE [priority,operational] rule <k> #applyK(toCall(boundMethodV(str(CS:IntSeq), "split")), (kwV("sep", str(S:IntSeq)), .Vals)) => #applyK(toCall(boundMethodV(str(CS), "split")), (str(S), .Vals)) ... </k> [priority(39)]
reference-semantics/semantics/methods.k:94: RULE [priority,operational] rule <k> #applyK(toCall(boundMethodV(str(CS:IntSeq), "split")), (str(iCons(SEP:Int, .IntSeq)), .Vals)) => #alloc(list(splitSep(CS, SEP, .IntSeq))) ... </k> [priority(40)]
reference-semantics/semantics/methods.k:97: SYNTAX [function] syntax ValSeq ::= splitSep(IntSeq, Int, IntSeq) [function] // remaining, sep code, current token
reference-semantics/semantics/methods.k:98: RULE [equational] rule splitSep(.IntSeq, _SEP:Int, CUR:IntSeq) => vCons(str(CUR), .ValSeq)
reference-semantics/semantics/methods.k:99: RULE [equational] rule splitSep(iCons(C:Int, R:IntSeq), SEP:Int, CUR:IntSeq) => vCons(str(CUR), splitSep(R, SEP, .IntSeq)) requires C ==Int SEP
reference-semantics/semantics/methods.k:101: RULE [equational] rule splitSep(iCons(C:Int, R:IntSeq), SEP:Int, CUR:IntSeq) => splitSep(R, SEP, seqConcat(CUR, iCons(C, .IntSeq))) requires notBool (C ==Int SEP)
reference-semantics/semantics/methods.k:104: RULE [equational] rule applyMethod(str(CS:IntSeq), "replace", str(iCons(A:Int, .IntSeq)), str(iCons(B:Int, .IntSeq)), .Vals) => str(replaceC(CS, A, B))
reference-semantics/semantics/methods.k:106: SYNTAX [function,total] syntax IntSeq ::= replaceC(IntSeq, Int, Int) [function, total]
reference-semantics/semantics/methods.k:107: RULE [equational] rule replaceC(.IntSeq, _:Int, _:Int) => .IntSeq
reference-semantics/semantics/methods.k:108: RULE [equational] rule replaceC(iCons(C:Int, R:IntSeq), A:Int, B:Int) => iCons(B, replaceC(R, A, B)) requires C ==Int A
reference-semantics/semantics/methods.k:109: RULE [equational] rule replaceC(iCons(C:Int, R:IntSeq), A:Int, B:Int) => iCons(C, replaceC(R, A, B)) requires notBool (C ==Int A)
reference-semantics/semantics/methods.k:112: SYNTAX [function,total] syntax Bool ::= isUpperC(Int) [function, total]
reference-semantics/semantics/methods.k:113: RULE [equational] rule isUpperC(C:Int) => C >=Int 65 andBool C <=Int 90
reference-semantics/semantics/methods.k:115: SYNTAX [function,total] syntax Bool ::= isLowerC(Int) [function, total]
reference-semantics/semantics/methods.k:116: RULE [equational] rule isLowerC(C:Int) => C >=Int 97 andBool C <=Int 122
reference-semantics/semantics/methods.k:118: SYNTAX [function,total] syntax Bool ::= isAlphaC(Int) [function, total]
reference-semantics/semantics/methods.k:119: RULE [equational] rule isAlphaC(C:Int) => isUpperC(C) orBool isLowerC(C)
reference-semantics/semantics/methods.k:121: SYNTAX [function,total] syntax Bool ::= isDigitC(Int) [function, total]
reference-semantics/semantics/methods.k:122: RULE [equational] rule isDigitC(C:Int) => C >=Int 48 andBool C <=Int 57
reference-semantics/semantics/methods.k:124: SYNTAX [function,total] syntax Bool ::= hasUpper(IntSeq) [function, total]
reference-semantics/semantics/methods.k:125: RULE [equational] rule hasUpper(.IntSeq) => false
reference-semantics/semantics/methods.k:126: RULE [equational] rule hasUpper(iCons(C:Int, S:IntSeq)) => isUpperC(C) orBool hasUpper(S)
reference-semantics/semantics/methods.k:128: SYNTAX [function,total] syntax Bool ::= hasLower(IntSeq) [function, total]
reference-semantics/semantics/methods.k:129: RULE [equational] rule hasLower(.IntSeq) => false
reference-semantics/semantics/methods.k:130: RULE [equational] rule hasLower(iCons(C:Int, S:IntSeq)) => isLowerC(C) orBool hasLower(S)
reference-semantics/semantics/methods.k:132: SYNTAX [function,total] syntax Bool ::= allAlpha(IntSeq) [function, total]
reference-semantics/semantics/methods.k:133: RULE [equational] rule allAlpha(.IntSeq) => true
reference-semantics/semantics/methods.k:134: RULE [equational] rule allAlpha(iCons(C:Int, S:IntSeq)) => isAlphaC(C) andBool allAlpha(S)
reference-semantics/semantics/methods.k:136: SYNTAX [function,total] syntax Bool ::= allDigit(IntSeq) [function, total]
reference-semantics/semantics/methods.k:137: RULE [equational] rule allDigit(.IntSeq) => true
reference-semantics/semantics/methods.k:138: RULE [equational] rule allDigit(iCons(C:Int, S:IntSeq)) => isDigitC(C) andBool allDigit(S)
reference-semantics/semantics/methods.k:140: SYNTAX [function,total] syntax Int ::= lowerC(Int) [function, total]
reference-semantics/semantics/methods.k:142: RULE [equational] rule lowerC(C:Int) => C +Int 32 requires isUpperC(C)
reference-semantics/semantics/methods.k:143: RULE [owise,equational] rule lowerC(C:Int) => C [owise]
reference-semantics/semantics/methods.k:145: SYNTAX [function,total] syntax Int ::= upperC(Int) [function, total]
reference-semantics/semantics/methods.k:146: RULE [equational] rule upperC(C:Int) => C -Int 32 requires isLowerC(C)
reference-semantics/semantics/methods.k:147: RULE [owise,equational] rule upperC(C:Int) => C [owise]
reference-semantics/semantics/methods.k:149: SYNTAX [function,total] syntax Int ::= swapC(Int) [function, total]
reference-semantics/semantics/methods.k:150: RULE [equational] rule swapC(C:Int) => C +Int 32 requires isUpperC(C)
reference-semantics/semantics/methods.k:151: RULE [equational] rule swapC(C:Int) => C -Int 32 requires isLowerC(C)
reference-semantics/semantics/methods.k:152: RULE [owise,equational] rule swapC(C:Int) => C [owise]
reference-semantics/semantics/methods.k:154: SYNTAX [function,total] syntax IntSeq ::= mapLower(IntSeq) [function, total]
reference-semantics/semantics/methods.k:155: RULE [equational] rule mapLower(.IntSeq) => .IntSeq
reference-semantics/semantics/methods.k:156: RULE [equational] rule mapLower(iCons(C:Int, S:IntSeq)) => iCons(lowerC(C), mapLower(S))
reference-semantics/semantics/methods.k:158: SYNTAX [function,total] syntax IntSeq ::= mapUpper(IntSeq) [function, total]
reference-semantics/semantics/methods.k:159: RULE [equational] rule mapUpper(.IntSeq) => .IntSeq
reference-semantics/semantics/methods.k:160: RULE [equational] rule mapUpper(iCons(C:Int, S:IntSeq)) => iCons(upperC(C), mapUpper(S))
reference-semantics/semantics/methods.k:162: SYNTAX [function,total] syntax IntSeq ::= mapSwap(IntSeq) [function, total]
reference-semantics/semantics/methods.k:163: RULE [equational] rule mapSwap(.IntSeq) => .IntSeq
reference-semantics/semantics/methods.k:164: RULE [equational] rule mapSwap(iCons(C:Int, S:IntSeq)) => iCons(swapC(C), mapSwap(S))
reference-semantics/semantics/methods.k:166: SYNTAX [function,total] syntax Bool ::= startsWith(IntSeq, IntSeq) [function, total]
reference-semantics/semantics/methods.k:167: RULE [equational] rule startsWith(.IntSeq, _:IntSeq) => true
reference-semantics/semantics/methods.k:168: RULE [equational] rule startsWith(iCons(_:Int, _:IntSeq), .IntSeq) => false
reference-semantics/semantics/methods.k:169: RULE [equational] rule startsWith(iCons(A:Int, As:IntSeq), iCons(B:Int, Bs:IntSeq)) => A ==Int B andBool startsWith(As, Bs)
FILE_COUNTS rule=75 syntax=27 tag:equational=72 tag:function=27 tag:operational=3 tag:owise=4 tag:priority=3 tag:total=22

FILE reference-semantics/semantics/operators.k
MODULES MPY-OPERATORS@6
reference-semantics/semantics/operators.k:10: RULE [operational] rule <k> UnaryOp(OP:String, V:Val) => applyUn(OP, V) ... </k>
reference-semantics/semantics/operators.k:12: RULE [operational] rule <k> BinOp(OP:String, L:Val, R:Val) => applyBin(OP, L, R) ... </k>
reference-semantics/semantics/operators.k:15: CONTEXT [-] context Compare(HOLE, _)
reference-semantics/semantics/operators.k:16: CONTEXT [-] context Compare(_:Val, CmpOp(_, HOLE))
reference-semantics/semantics/operators.k:17: RULE [owise,operational] rule <k> Compare(LV:Val, CmpOp(OP:String, RV:Val)) => applyCmp(OP, LV, RV) ... </k> [owise]
reference-semantics/semantics/operators.k:19: RULE [equational] rule applyCmp("is", V:Val, noneV) => V ==K noneV
reference-semantics/semantics/operators.k:20: RULE [equational] rule applyCmp("is not", V:Val, noneV) => notBool (V ==K noneV)
reference-semantics/semantics/operators.k:25: RULE [priority,operational] rule <k> BinOp(OP:String, ref(H:Int), R:Expr) => BinOp(OP, V, R) ... </k> <heap> ... H |-> V:Val ... </heap> [priority(40)]
reference-semantics/semantics/operators.k:28: RULE [priority,operational] rule <k> BinOp(OP:String, L:Val, ref(H:Int)) => BinOp(OP, L, V) ... </k> <heap> ... H |-> V:Val ... </heap> requires notBool isRefV(L) [priority(40)]
reference-semantics/semantics/operators.k:34: RULE [priority,operational] rule <k> Compare(ref(H:Int), CmpOp(OP:String, R:Expr)) => Compare(V, CmpOp(OP, R)) ... </k> <heap> ... H |-> V:Val ... </heap> requires OP =/=String "in" andBool OP =/=String "not in" [priority(40)]
reference-semantics/semantics/operators.k:38: RULE [priority,operational] rule <k> Compare(L:Val, CmpOp(OP:String, ref(H:Int))) => Compare(L, CmpOp(OP, V)) ... </k> <heap> ... H |-> V:Val ... </heap> requires notBool isRefV(L) orBool OP ==String "in" orBool OP ==String "not in" [priority(40)]
reference-semantics/semantics/operators.k:44: RULE [priority,operational] rule <k> UnaryOp(OP:String, ref(H:Int)) => UnaryOp(OP, V) ... </k> <heap> ... H |-> V:Val ... </heap> [priority(40)]
FILE_COUNTS context=2 rule=10 tag:equational=2 tag:operational=8 tag:owise=1 tag:priority=5

FILE reference-semantics/semantics/range.k
MODULES MPY-RANGE@5
reference-semantics/semantics/range.k:9: SYNTAX [function,total] syntax Bool ::= inRange(Int, Int, Int) [function, total]
reference-semantics/semantics/range.k:10: RULE [equational] rule inRange(I:Int, HI:Int, ST:Int) => (ST >Int 0 andBool I <Int HI) orBool (ST <Int 0 andBool I >Int HI)
reference-semantics/semantics/range.k:12: SYNTAX [function] syntax Int ::= rangeLen(Int, Int, Int) [function]
reference-semantics/semantics/range.k:13: RULE [equational] rule rangeLen(LO:Int, HI:Int, ST:Int) => (HI -Int LO +Int ST -Int 1) /Int ST requires ST >Int 0 andBool HI >Int LO
reference-semantics/semantics/range.k:15: RULE [equational] rule rangeLen(LO:Int, HI:Int, ST:Int) => (LO -Int HI -Int ST -Int 1) /Int (0 -Int ST) requires ST <Int 0 andBool HI <Int LO
reference-semantics/semantics/range.k:17: RULE [equational] rule rangeLen(LO:Int, HI:Int, ST:Int) => 0 requires (ST >Int 0 andBool HI <=Int LO) orBool (ST <Int 0 andBool HI >=Int LO)
reference-semantics/semantics/range.k:20: RULE [operational] rule <k> #iterNext(rangeObj(I:Int, HI:Int, ST:Int)) => #iterYield(I, rangeObj(I +Int ST, HI, ST)) ... </k> requires inRange(I, HI, ST)
reference-semantics/semantics/range.k:23: RULE [operational] rule <k> #iterNext(rangeObj(I:Int, HI:Int, ST:Int)) => #iterDone ... </k> requires notBool inRange(I, HI, ST)
FILE_COUNTS rule=6 syntax=2 tag:equational=4 tag:function=2 tag:operational=2 tag:total=1

FILE reference-semantics/semantics/set.k
MODULES MPY-SET@3
reference-semantics/semantics/set.k:8: SYNTAX [-] syntax Val ::= setV(IntSeq)
reference-semantics/semantics/set.k:11: SYNTAX [function,total] syntax Bool ::= codeIn(Int, IntSeq) [function, total]
reference-semantics/semantics/set.k:12: RULE [equational] rule codeIn(_:Int, .IntSeq) => false
reference-semantics/semantics/set.k:13: RULE [equational] rule codeIn(C:Int, iCons(H:Int, T:IntSeq)) => C ==Int H orBool codeIn(C, T)
reference-semantics/semantics/set.k:16: SYNTAX [function,total] syntax IntSeq ::= dedupCodes(IntSeq) [function, total] | dedupFrom(IntSeq, IntSeq) [function, total]
reference-semantics/semantics/set.k:18: RULE [equational] rule dedupCodes(CS:IntSeq) => dedupFrom(CS, .IntSeq)
reference-semantics/semantics/set.k:19: RULE [equational] rule dedupFrom(.IntSeq, ACC:IntSeq) => ACC
reference-semantics/semantics/set.k:20: RULE [equational] rule dedupFrom(iCons(C:Int, S:IntSeq), ACC:IntSeq) => dedupFrom(S, ACC) requires codeIn(C, ACC)
reference-semantics/semantics/set.k:22: RULE [equational] rule dedupFrom(iCons(C:Int, S:IntSeq), ACC:IntSeq) => dedupFrom(S, snocCode(ACC, C)) requires notBool codeIn(C, ACC)
reference-semantics/semantics/set.k:25: SYNTAX [function,total] syntax IntSeq ::= snocCode(IntSeq, Int) [function, total]
reference-semantics/semantics/set.k:26: RULE [equational] rule snocCode(.IntSeq, C:Int) => iCons(C, .IntSeq)
reference-semantics/semantics/set.k:27: RULE [equational] rule snocCode(iCons(H:Int, T:IntSeq), C:Int) => iCons(H, snocCode(T, C))
reference-semantics/semantics/set.k:31: SYNTAX [function,total] syntax Bool ::= subsetCodes(IntSeq, IntSeq) [function, total]
reference-semantics/semantics/set.k:32: RULE [equational] rule subsetCodes(.IntSeq, _:IntSeq) => true
reference-semantics/semantics/set.k:33: RULE [equational] rule subsetCodes(iCons(C:Int, S:IntSeq), B:IntSeq) => codeIn(C, B) andBool subsetCodes(S, B)
reference-semantics/semantics/set.k:35: SYNTAX [function,total] syntax Bool ::= sameSet(IntSeq, IntSeq) [function, total]
reference-semantics/semantics/set.k:36: RULE [equational] rule sameSet(A:IntSeq, B:IntSeq) => subsetCodes(A, B) andBool subsetCodes(B, A)
reference-semantics/semantics/set.k:39: RULE [equational] rule applyCmp("==", setV(A:IntSeq), setV(B:IntSeq)) => sameSet(A, B)
FILE_COUNTS rule=12 syntax=6 tag:equational=12 tag:function=5 tag:total=5

FILE reference-semantics/semantics/sort.k
MODULES MPY-SORT@10
reference-semantics/semantics/sort.k:18: SYNTAX [function,total,symbol,no-evaluators] syntax ValSeq ::= sortVS(ValSeq) [function, total, symbol(sortVS), no-evaluators]
reference-semantics/semantics/sort.k:19: SYNTAX [function] syntax ValSeq ::= insVS(Int, ValSeq) [function]
reference-semantics/semantics/sort.k:20: RULE [concrete,equational] rule sortVS(.ValSeq) => .ValSeq [concrete]
reference-semantics/semantics/sort.k:21: RULE [concrete,equational] rule sortVS(vCons(X:Int, R:ValSeq)) => insVS(X, sortVS(R)) [concrete]
reference-semantics/semantics/sort.k:22: RULE [concrete,equational] rule insVS(X:Int, .ValSeq) => vCons(X, .ValSeq) [concrete]
reference-semantics/semantics/sort.k:23: RULE [concrete,equational] rule insVS(X:Int, vCons(Y:Int, R:ValSeq)) => vCons(X, vCons(Y, R)) requires X <=Int Y [concrete]
reference-semantics/semantics/sort.k:24: RULE [concrete,equational] rule insVS(X:Int, vCons(Y:Int, R:ValSeq)) => vCons(Y, insVS(X, R)) requires X >Int Y [concrete]
reference-semantics/semantics/sort.k:26: SYNTAX [function] syntax ValSeq ::= insVSs(IntSeq, ValSeq) [function]
reference-semantics/semantics/sort.k:27: RULE [concrete,equational] rule sortVS(vCons(str(CS:IntSeq), R:ValSeq)) => insVSs(CS, sortVS(R)) [concrete]
reference-semantics/semantics/sort.k:28: RULE [concrete,equational] rule insVSs(A:IntSeq, .ValSeq) => vCons(str(A), .ValSeq) [concrete]
reference-semantics/semantics/sort.k:29: RULE [concrete,equational] rule insVSs(A:IntSeq, vCons(str(B:IntSeq), R:ValSeq)) => vCons(str(A), vCons(str(B), R)) requires strLt(A, B) orBool A ==K B [concrete]
reference-semantics/semantics/sort.k:31: RULE [concrete,equational] rule insVSs(A:IntSeq, vCons(str(B:IntSeq), R:ValSeq)) => vCons(str(B), insVSs(A, R)) requires notBool (strLt(A, B) orBool A ==K B) [concrete]
reference-semantics/semantics/sort.k:36: RULE [operational] rule <k> #applyK(toCall(builtinV("sorted")), (list(VS:ValSeq), .Vals)) => #alloc(list(sortVS(VS))) ... </k>
reference-semantics/semantics/sort.k:40: RULE [priority,operational] rule <k> #applyK(toCall(boundMethodV(ref(H:Int), "sort")), .Vals) => noneV ... </k> <heap> ... H |-> list(VS:ValSeq => sortVS(VS)) ... </heap> [priority(40)]
reference-semantics/semantics/sort.k:49: SYNTAX [function,total,symbol,no-evaluators] syntax ValSeq ::= sortKeyVS(ValSeq, Val) [function, total, symbol(sortKeyVS), no-evaluators]
reference-semantics/semantics/sort.k:51: SYNTAX [function,total] syntax ValSeq ::= revVS(ValSeq) [function, total] | revVSAcc(ValSeq, ValSeq) [function, total]
reference-semantics/semantics/sort.k:53: RULE [equational] rule revVS(S:ValSeq) => revVSAcc(S, .ValSeq)
reference-semantics/semantics/sort.k:54: RULE [equational] rule revVSAcc(.ValSeq, A:ValSeq) => A
reference-semantics/semantics/sort.k:55: RULE [equational] rule revVSAcc(vCons(V:Val, R:ValSeq), A:ValSeq) => revVSAcc(R, vCons(V, A))
reference-semantics/semantics/sort.k:57: SYNTAX [function,total] syntax ValSeq ::= condRev(ValSeq, Bool) [function, total]
reference-semantics/semantics/sort.k:58: RULE [equational] rule condRev(S:ValSeq, false) => S
reference-semantics/semantics/sort.k:59: RULE [equational] rule condRev(S:ValSeq, true) => revVS(S)
reference-semantics/semantics/sort.k:61: RULE [operational] rule <k> #applyK(toCall(builtinV("sorted")), (list(VS:ValSeq), kwV("key", KV:Val), .Vals)) => #alloc(list(sortKeyVS(VS, KV))) ... </k>
reference-semantics/semantics/sort.k:63: RULE [operational] rule <k> #applyK(toCall(builtinV("sorted")), (list(VS:ValSeq), kwV("key", KV:Val), kwV("reverse", RB:Bool), .Vals)) => #alloc(list(condRev(sortKeyVS(VS, KV), RB))) ... </k>
reference-semantics/semantics/sort.k:65: RULE [operational] rule <k> #applyK(toCall(builtinV("sorted")), (list(VS:ValSeq), kwV("reverse", RB:Bool), .Vals)) => #alloc(list(condRev(sortVS(VS), RB))) ... </k>
FILE_COUNTS rule=19 syntax=6 tag:concrete=9 tag:equational=14 tag:function=6 tag:no-evaluators=2 tag:operational=5 tag:priority=1 tag:symbol=2 tag:total=4

FILE reference-semantics/semantics/str.k
MODULES MPY-STR@3
reference-semantics/semantics/str.k:8: RULE [operational] rule <k> #iterNext(str(.IntSeq)) => #iterDone ... </k>
reference-semantics/semantics/str.k:9: RULE [operational] rule <k> #iterNext(str(iCons(C:Int, R:IntSeq))) => #iterYield(str(iCons(C, .IntSeq)), str(R)) ... </k>
reference-semantics/semantics/str.k:13: SYNTAX [function] syntax IntSeq ::= strToCodes(String) [function]
reference-semantics/semantics/str.k:14: RULE [operational] rule <k> Str(S:String) => str(strToCodes(S)) ... </k>
reference-semantics/semantics/str.k:15: RULE [equational] rule strToCodes("") => .IntSeq
reference-semantics/semantics/str.k:16: RULE [equational] rule strToCodes(S:String) => iCons(ordChar(substrString(S, 0, 1)), strToCodes(substrString(S, 1, lengthString(S)))) requires S =/=String "" andBool ordChar(substrString(S, 0, 1)) <Int 128
reference-semantics/semantics/str.k:20: SYNTAX [function,total] syntax IntSeq ::= seqConcat(IntSeq, IntSeq) [function, total]
reference-semantics/semantics/str.k:21: RULE [equational] rule seqConcat(.IntSeq, T:IntSeq) => T
reference-semantics/semantics/str.k:22: RULE [equational] rule seqConcat(iCons(I:Int, S:IntSeq), T:IntSeq) => iCons(I, seqConcat(S, T))
reference-semantics/semantics/str.k:24: RULE [equational] rule applyBin("+", str(A:IntSeq), str(B:IntSeq)) => str(seqConcat(A, B))
reference-semantics/semantics/str.k:25: RULE [equational] rule applyCmp("==", str(A:IntSeq), str(B:IntSeq)) => A ==K B
reference-semantics/semantics/str.k:26: RULE [equational] rule applyCmp("!=", str(A:IntSeq), str(B:IntSeq)) => notBool (A ==K B)
reference-semantics/semantics/str.k:29: RULE [equational] rule applyCmp("in", str(P:IntSeq), str(X:IntSeq)) => strContains(P, X)
reference-semantics/semantics/str.k:30: RULE [equational] rule applyCmp("not in", str(P:IntSeq), str(X:IntSeq)) => notBool strContains(P, X)
reference-semantics/semantics/str.k:32: SYNTAX [function,total] syntax Bool ::= strPrefix(IntSeq, IntSeq) [function, total]
reference-semantics/semantics/str.k:33: RULE [equational] rule strPrefix(.IntSeq, _:IntSeq) => true
reference-semantics/semantics/str.k:34: RULE [equational] rule strPrefix(iCons(_:Int, _:IntSeq), .IntSeq) => false
reference-semantics/semantics/str.k:35: RULE [equational] rule strPrefix(iCons(A:Int, As:IntSeq), iCons(B:Int, Bs:IntSeq)) => A ==Int B andBool strPrefix(As, Bs)
reference-semantics/semantics/str.k:37: SYNTAX [function,total] syntax Bool ::= strContains(IntSeq, IntSeq) [function, total]
reference-semantics/semantics/str.k:38: RULE [equational] rule strContains(P:IntSeq, X:IntSeq) => true requires strPrefix(P, X)
reference-semantics/semantics/str.k:39: RULE [equational] rule strContains(P:IntSeq, .IntSeq) => false requires notBool strPrefix(P, .IntSeq)
reference-semantics/semantics/str.k:40: RULE [equational] rule strContains(P:IntSeq, iCons(C:Int, Xs:IntSeq)) => strContains(P, Xs) requires notBool strPrefix(P, iCons(C, Xs))
reference-semantics/semantics/str.k:48: SYNTAX [function,total] syntax Bool ::= strLt(IntSeq, IntSeq) [function, total]
reference-semantics/semantics/str.k:49: RULE [equational] rule strLt(.IntSeq, .IntSeq) => false
reference-semantics/semantics/str.k:50: RULE [equational] rule strLt(.IntSeq, iCons(_:Int, _:IntSeq)) => true
reference-semantics/semantics/str.k:51: RULE [equational] rule strLt(iCons(_:Int, _:IntSeq), .IntSeq) => false
reference-semantics/semantics/str.k:52: RULE [equational] rule strLt(iCons(A:Int, As:IntSeq), iCons(B:Int, Bs:IntSeq)) => true requires A <Int B
reference-semantics/semantics/str.k:53: RULE [equational] rule strLt(iCons(A:Int, As:IntSeq), iCons(B:Int, Bs:IntSeq)) => false requires A >Int B
reference-semantics/semantics/str.k:54: RULE [equational] rule strLt(iCons(A:Int, As:IntSeq), iCons(B:Int, Bs:IntSeq)) => strLt(As, Bs) requires A ==Int B
reference-semantics/semantics/str.k:56: RULE [equational] rule applyCmp("<", str(A:IntSeq), str(B:IntSeq)) => strLt(A, B)
reference-semantics/semantics/str.k:57: RULE [equational] rule applyCmp(">", str(A:IntSeq), str(B:IntSeq)) => strLt(B, A)
reference-semantics/semantics/str.k:58: RULE [equational] rule applyCmp("<=", str(A:IntSeq), str(B:IntSeq)) => notBool strLt(B, A)
reference-semantics/semantics/str.k:59: RULE [equational] rule applyCmp(">=", str(A:IntSeq), str(B:IntSeq)) => notBool strLt(A, B)
FILE_COUNTS rule=28 syntax=5 tag:equational=25 tag:function=5 tag:operational=3 tag:total=4

FILE reference-semantics/semantics/subscript.k
MODULES MPY-SUBSCRIPT@3
reference-semantics/semantics/subscript.k:11: SYNTAX [function,total] syntax Val ::= valSeqAt(ValSeq, Int) [function, total]
reference-semantics/semantics/subscript.k:12: RULE [equational] rule valSeqAt(vCons(V:Val, _:ValSeq), 0) => V
reference-semantics/semantics/subscript.k:13: RULE [equational] rule valSeqAt(vCons(_:Val, S:ValSeq), I:Int) => valSeqAt(S, I -Int 1) requires I >Int 0
reference-semantics/semantics/subscript.k:16: SYNTAX [function] syntax Int ::= intSeqAt(IntSeq, Int) [function]
reference-semantics/semantics/subscript.k:17: RULE [equational] rule intSeqAt(iCons(C:Int, _:IntSeq), 0) => C
reference-semantics/semantics/subscript.k:18: RULE [equational] rule intSeqAt(iCons(_:Int, S:IntSeq), I:Int) => intSeqAt(S, I -Int 1) requires I >Int 0
reference-semantics/semantics/subscript.k:21: SYNTAX [function,total] syntax Int ::= normIdx(Int, Int) [function, total]
reference-semantics/semantics/subscript.k:22: RULE [equational] rule normIdx(I:Int, LEN:Int) => I +Int LEN requires I <Int 0
reference-semantics/semantics/subscript.k:23: RULE [equational] rule normIdx(I:Int, _:Int) => I requires I >=Int 0
reference-semantics/semantics/subscript.k:27: CONTEXT [-] context Subscript(HOLE, _)
reference-semantics/semantics/subscript.k:28: CONTEXT [-] context Subscript(_:Val, HOLE:Expr)
reference-semantics/semantics/subscript.k:31: RULE [priority,operational] rule <k> Subscript(ref(H:Int), IX:Index) => Subscript(V, IX) ... </k> <heap> ... H |-> V:Val ... </heap> [priority(40)]
reference-semantics/semantics/subscript.k:35: RULE [operational] rule <k> Subscript(OBJ:Val, I:Int) => applyIndex(OBJ, I) ... </k>
reference-semantics/semantics/subscript.k:37: SYNTAX [function] syntax Val ::= applyIndex(Val, Int) [function]
reference-semantics/semantics/subscript.k:38: RULE [equational] rule applyIndex(list(VS:ValSeq), I:Int) => valSeqAt(VS, normIdx(I, vsLen(VS)))
reference-semantics/semantics/subscript.k:39: RULE [equational] rule applyIndex(tuple(VS:ValSeq), I:Int) => valSeqAt(VS, normIdx(I, vsLen(VS)))
reference-semantics/semantics/subscript.k:40: RULE [equational] rule applyIndex(str(IS:IntSeq), I:Int) => str(iCons(intSeqAt(IS, normIdx(I, isLen(IS))), .IntSeq))
reference-semantics/semantics/subscript.k:44: SYNTAX [-] syntax KItem ::= #evalB(Bound) | "#toSome" | #slLo(Val, Bound, Bound) | #slHi(Val, OptInt, Bound) | #slStep(Val, OptInt, OptInt)
reference-semantics/semantics/subscript.k:49: SYNTAX [-] syntax OptInt ::= "noB" | someB(Int)
reference-semantics/semantics/subscript.k:50: RULE [operational] rule <k> #evalB(NoBound) => noB ... </k>
reference-semantics/semantics/subscript.k:51: RULE [operational] rule <k> #evalB(E:Expr) => E ~> #toSome ... </k>
reference-semantics/semantics/subscript.k:52: RULE [operational] rule <k> I:Int ~> #toSome => someB(I) ... </k>
reference-semantics/semantics/subscript.k:54: RULE [operational] rule <k> Subscript(OBJ:Val, Slice(LO:Bound, HI:Bound, ST:Bound)) => #evalB(LO) ~> #slLo(OBJ, HI, ST) ... </k>
reference-semantics/semantics/subscript.k:55: RULE [operational] rule <k> LO:OptInt ~> #slLo(OBJ:Val, HI:Bound, ST:Bound) => #evalB(HI) ~> #slHi(OBJ, LO, ST) ... </k>
reference-semantics/semantics/subscript.k:56: RULE [operational] rule <k> HI:OptInt ~> #slHi(OBJ:Val, LO:OptInt, ST:Bound) => #evalB(ST) ~> #slStep(OBJ, LO, HI) ... </k>
reference-semantics/semantics/subscript.k:58: RULE [priority,operational] rule <k> ST:OptInt ~> #slStep(list(VS:ValSeq), LO:OptInt, HI:OptInt) => #alloc(doSlice(list(VS), LO, HI, ST)) ... </k> [priority(45)]
reference-semantics/semantics/subscript.k:61: RULE [operational] rule <k> ST:OptInt ~> #slStep(OBJ:Val, LO:OptInt, HI:OptInt) => doSlice(OBJ, LO, HI, ST) ... </k>
reference-semantics/semantics/subscript.k:63: SYNTAX [function] syntax Val ::= doSlice(Val, OptInt, OptInt, OptInt) [function]
reference-semantics/semantics/subscript.k:64: RULE [equational] rule doSlice(list(VS:ValSeq), LO:OptInt, HI:OptInt, ST:OptInt) => list(buildVS(VS, slStart(LO, ST, vsLen(VS)), slStop(HI, ST, vsLen(VS)), slStep(ST)))
reference-semantics/semantics/subscript.k:66: RULE [equational] rule doSlice(tuple(VS:ValSeq), LO:OptInt, HI:OptInt, ST:OptInt) => tuple(buildVS(VS, slStart(LO, ST, vsLen(VS)), slStop(HI, ST, vsLen(VS)), slStep(ST)))
reference-semantics/semantics/subscript.k:68: RULE [equational] rule doSlice(str(IS:IntSeq), LO:OptInt, HI:OptInt, ST:OptInt) => str(buildIS(IS, slStart(LO, ST, isLen(IS)), slStop(HI, ST, isLen(IS)), slStep(ST)))
reference-semantics/semantics/subscript.k:72: SYNTAX [function,total] syntax Int ::= slStep(OptInt) [function, total]
reference-semantics/semantics/subscript.k:73: RULE [equational] rule slStep(noB) => 1
reference-semantics/semantics/subscript.k:74: RULE [equational] rule slStep(someB(S:Int)) => S
reference-semantics/semantics/subscript.k:76: SYNTAX [function] syntax Int ::= slStart(OptInt, OptInt, Int) [function]
reference-semantics/semantics/subscript.k:77: RULE [equational] rule slStart(noB, ST:OptInt, _LEN:Int) => 0 requires slStep(ST) >Int 0
reference-semantics/semantics/subscript.k:79: RULE [equational] rule slStart(noB, ST:OptInt, LEN:Int) => LEN -Int 1 requires slStep(ST) <Int 0
reference-semantics/semantics/subscript.k:81: RULE [equational] rule slStart(someB(I:Int), ST:OptInt, LEN:Int) => slAdjust(I, LEN, slStep(ST))
reference-semantics/semantics/subscript.k:83: SYNTAX [function] syntax Int ::= slStop(OptInt, OptInt, Int) [function]
reference-semantics/semantics/subscript.k:84: RULE [equational] rule slStop(noB, ST:OptInt, LEN:Int) => LEN requires slStep(ST) >Int 0
reference-semantics/semantics/subscript.k:86: RULE [equational] rule slStop(noB, ST:OptInt, _LEN:Int) => -1 requires slStep(ST) <Int 0
reference-semantics/semantics/subscript.k:88: RULE [equational] rule slStop(someB(I:Int), ST:OptInt, LEN:Int) => slAdjust(I, LEN, slStep(ST))
reference-semantics/semantics/subscript.k:90: SYNTAX [function,total] syntax Int ::= slAdjust(Int, Int, Int) [function, total]
reference-semantics/semantics/subscript.k:91: RULE [equational] rule slAdjust(I:Int, LEN:Int, STEP:Int) => clampLo(I +Int LEN, STEP) requires I <Int 0
reference-semantics/semantics/subscript.k:93: RULE [equational] rule slAdjust(I:Int, LEN:Int, STEP:Int) => clampHi(I, LEN, STEP) requires I >=Int 0
reference-semantics/semantics/subscript.k:96: SYNTAX [function,total] syntax Int ::= clampLo(Int, Int) [function, total]
reference-semantics/semantics/subscript.k:97: RULE [equational] rule clampLo(J:Int, _STEP:Int) => J requires J >=Int 0
reference-semantics/semantics/subscript.k:99: RULE [equational] rule clampLo(J:Int, STEP:Int) => #if STEP <Int 0 #then -1 #else 0 #fi requires J <Int 0
reference-semantics/semantics/subscript.k:102: SYNTAX [function,total] syntax Int ::= clampHi(Int, Int, Int) [function, total]
reference-semantics/semantics/subscript.k:103: RULE [equational] rule clampHi(I:Int, LEN:Int, _STEP:Int) => I requires I <Int LEN
reference-semantics/semantics/subscript.k:105: RULE [equational] rule clampHi(I:Int, LEN:Int, STEP:Int) => #if STEP <Int 0 #then LEN -Int 1 #else LEN #fi requires I >=Int LEN
reference-semantics/semantics/subscript.k:109: SYNTAX [function] syntax ValSeq ::= buildVS(ValSeq, Int, Int, Int) [function]
reference-semantics/semantics/subscript.k:110: RULE [equational] rule buildVS(VS:ValSeq, I:Int, STOP:Int, STEP:Int) => vCons(valSeqAt(VS, I), buildVS(VS, I +Int STEP, STOP, STEP)) requires (STEP >Int 0 andBool I <Int STOP) orBool (STEP <Int 0 andBool I >Int STOP)
reference-semantics/semantics/subscript.k:113: RULE [equational] rule buildVS(_:ValSeq, I:Int, STOP:Int, STEP:Int) => .ValSeq requires notBool ((STEP >Int 0 andBool I <Int STOP) orBool (STEP <Int 0 andBool I >Int STOP))
reference-semantics/semantics/subscript.k:116: SYNTAX [function] syntax IntSeq ::= buildIS(IntSeq, Int, Int, Int) [function]
reference-semantics/semantics/subscript.k:117: RULE [equational] rule buildIS(IS:IntSeq, I:Int, STOP:Int, STEP:Int) => iCons(intSeqAt(IS, I), buildIS(IS, I +Int STEP, STOP, STEP)) requires (STEP >Int 0 andBool I <Int STOP) orBool (STEP <Int 0 andBool I >Int STOP)
reference-semantics/semantics/subscript.k:120: RULE [equational] rule buildIS(_:IntSeq, I:Int, STOP:Int, STEP:Int) => .IntSeq requires notBool ((STEP >Int 0 andBool I <Int STOP) orBool (STEP <Int 0 andBool I >Int STOP))
FILE_COUNTS context=2 rule=40 syntax=15 tag:equational=30 tag:function=13 tag:operational=10 tag:priority=2 tag:total=6

FILE reference-semantics/semantics/syntax.k
MODULES MPY-SYNTAX@3
reference-semantics/semantics/syntax.k:9: SYNTAX [macro,strict,seqstrict] syntax Expr ::= "Int" "(" Int ")" | "Float" "(" Float ")" | "Bool" "(" Bool ")" | "Name" "(" String ")" | "Str" "(" String ")" | "UnaryOp" "(" String "," Expr ")" [strict(2)] | "BinOp" "(" String "," Expr "," Expr ")" [seqstrict(2, 3)] | "BoolOp" "(" String "," Exprs ")" | "ListExpr" "(" Exprs ")" | "DictExpr" "(" Entries ")" | "ListComp" "(" Expr "," CompFors ")" [macro] | "GenExp" "(" Expr "," CompFors ")" [macro] | "TupleExpr" "(" Exprs ")" | "Subscript" "(" Expr "," Index ")" | "IfExp" "(" Expr "," Expr "," Expr ")" [strict(1)] | "Lambda" "(" Params "," Expr ")" | "KwArg" "(" String "," Expr ")" | "Lambda" "(" Params "," CellVars "," FreeVars "," Expr ")" | "NoneVal" | "Call" "(" Expr "," Exprs ")" | "Attribute" "(" Expr "," String ")" [strict(1)] | "Compare" "(" Expr "," CmpOp ")"
reference-semantics/semantics/syntax.k:32: SYNTAX [-] syntax CmpOp ::= "CmpOp" "(" String "," Expr ")"
reference-semantics/semantics/syntax.k:33: SYNTAX [-] syntax Entry ::= "Entry" "(" Expr "," Expr ")"
reference-semantics/semantics/syntax.k:34: SYNTAX [-] syntax Entries ::= List{Entry, ","}
reference-semantics/semantics/syntax.k:35: SYNTAX [-] syntax CompFor ::= "CompFor" "(" Expr "," Expr "," Exprs ")"
reference-semantics/semantics/syntax.k:36: SYNTAX [-] syntax CompFors ::= List{CompFor, ""}
reference-semantics/semantics/syntax.k:37: SYNTAX [-] syntax Exprs ::= List{Expr, ","}
reference-semantics/semantics/syntax.k:38: SYNTAX [-] syntax Index ::= Expr | "Slice" "(" Bound "," Bound "," Bound ")"
reference-semantics/semantics/syntax.k:39: SYNTAX [-] syntax Bound ::= Expr | "NoBound"
reference-semantics/semantics/syntax.k:41: SYNTAX [strict] syntax Stmt ::= "Assign" "(" Expr "," Expr ")" [strict(2)] | "Import" "(" String ")" | "ImportFrom" "(" String "," ParamNames ")" | "AugAssign" "(" Expr "," String "," Expr ")" [strict(3)] | "For" "(" Expr "," Expr "," Stmts ")" [strict(2)] | "While" "(" Expr "," Stmts ")" | "Break" | "Continue" | "If" "(" Expr "," Stmts "," Stmts ")" [strict(1)] | "Return" "(" Expr ")" [strict] | "Assert" "(" Expr ")" [strict] | "Expr" "(" Expr ")" [strict] | "FuncDef" "(" String "," Params "," Stmts ")" | "FuncDef" "(" String "," Params "," CellVars "," FreeVars "," Stmts ")"
reference-semantics/semantics/syntax.k:56: SYNTAX [-] syntax Stmts ::= List{Stmt, ""}
reference-semantics/semantics/syntax.k:57: SYNTAX [-] syntax Params ::= "Params" "(" ParamNames ")"
reference-semantics/semantics/syntax.k:58: SYNTAX [-] syntax CellVars ::= "CellVars" "(" ParamNames ")"
reference-semantics/semantics/syntax.k:59: SYNTAX [-] syntax FreeVars ::= "FreeVars" "(" ParamNames ")"
reference-semantics/semantics/syntax.k:60: SYNTAX [-] syntax ParamNames ::= List{String, ","}
reference-semantics/semantics/syntax.k:61: SYNTAX [-] syntax Module ::= "Module" "(" Stmts ")"
FILE_COUNTS syntax=16 tag:macro=1 tag:seqstrict=1 tag:strict=2

FILE reference-semantics/semantics/tuple.k
MODULES MPY-TUPLE@3
reference-semantics/semantics/tuple.k:10: RULE [operational] rule <k> #iterNext(tuple(.ValSeq)) => #iterDone ... </k>
reference-semantics/semantics/tuple.k:11: RULE [operational] rule <k> #iterNext(tuple(vCons(V:Val, R:ValSeq))) => #iterYield(V, tuple(R)) ... </k>
reference-semantics/semantics/tuple.k:14: SYNTAX [-] syntax ApplyK ::= "toTuple"
reference-semantics/semantics/tuple.k:15: RULE [operational] rule <k> TupleExpr(ES:Exprs) => #evalArgs(ES, .Vals, toTuple) ... </k>
reference-semantics/semantics/tuple.k:16: RULE [operational] rule <k> #applyK(toTuple, ACC:Vals) => tuple(vals2valSeq(ACC)) ... </k>
reference-semantics/semantics/tuple.k:18: RULE [equational] rule applyCmp("==", tuple(A:ValSeq), tuple(B:ValSeq)) => A ==K B
reference-semantics/semantics/tuple.k:20: RULE [operational] rule <k> Compare(LV:Val, CmpOp("in", tuple(VS:ValSeq))) => #memberAcc(LV, tuple(VS)) ... </k>
reference-semantics/semantics/tuple.k:21: RULE [operational] rule <k> Compare(LV:Val, CmpOp("not in", tuple(VS:ValSeq))) => #memberAcc(LV, tuple(VS)) ~> #notB ... </k>
reference-semantics/semantics/tuple.k:23: RULE [equational] rule applyMethod(tuple(VS:ValSeq), "index", V:Val, .Vals) => idxOfVS(VS, V, 0)
reference-semantics/semantics/tuple.k:24: SYNTAX [function] syntax Int ::= idxOfVS(ValSeq, Val, Int) [function]
reference-semantics/semantics/tuple.k:25: RULE [equational] rule idxOfVS(vCons(A:Val, _:ValSeq), V:Val, I:Int) => I requires A ==K V
reference-semantics/semantics/tuple.k:26: RULE [equational] rule idxOfVS(vCons(A:Val, R:ValSeq), V:Val, I:Int) => idxOfVS(R, V, I +Int 1) requires notBool (A ==K V)
reference-semantics/semantics/tuple.k:28: RULE [equational] rule applyCmp("!=", tuple(A:ValSeq), tuple(B:ValSeq)) => notBool (A ==K B)
reference-semantics/semantics/tuple.k:31: SYNTAX [-] syntax KItem ::= #bindTgt(Expr, Val)
reference-semantics/semantics/tuple.k:32: RULE [operational] rule <k> #bindTgt(Name(X:String), V:Val) => .K ... </k> <env> L:Int </env> <scopes> ... L |-> scope(M:Map => M [ X <- V ], _) ... </scopes>
reference-semantics/semantics/tuple.k:35: RULE [priority,operational] rule <k> #bindTgt(Name(X:String), V:Val) => #cellW({M[X]}:>Val, V) ... </k> <env> L:Int </env> <scopes> ... L |-> scope(M:Map, _) ... </scopes> requires "$cells" in_keys(M) andBool pnMember(X, cellsOf({M["$cells"]}:>Val)) andBool X in_keys(M) andBool isCellRef({M[X]}:>Val) [priority(40)]
reference-semantics/semantics/tuple.k:42: RULE [operational] rule <k> #bindTgt(TupleExpr(TS:Exprs), tuple(VS:ValSeq)) => #unpackSeq(TS, VS) ... </k>
reference-semantics/semantics/tuple.k:43: RULE [operational] rule <k> #bindTgt(TupleExpr(TS:Exprs), list(VS:ValSeq)) => #unpackSeq(TS, VS) ... </k>
reference-semantics/semantics/tuple.k:44: RULE [priority,operational] rule <k> #bindTgt(TupleExpr(TS:Exprs), ref(H:Int)) => #bindTgt(TupleExpr(TS), V) ... </k> <heap> ... H |-> V:Val ... </heap> [priority(40)]
reference-semantics/semantics/tuple.k:49: SYNTAX [-] syntax KItem ::= #unpackSeq(Exprs, ValSeq)
reference-semantics/semantics/tuple.k:50: RULE [operational] rule <k> Assign(TupleExpr(TS:Exprs), tuple(VS:ValSeq)) => #unpackSeq(TS, VS) ... </k>
reference-semantics/semantics/tuple.k:51: RULE [operational] rule <k> Assign(TupleExpr(TS:Exprs), list(VS:ValSeq)) => #unpackSeq(TS, VS) ... </k>
reference-semantics/semantics/tuple.k:52: RULE [priority,operational] rule <k> Assign(TupleExpr(TS:Exprs), ref(H:Int)) => Assign(TupleExpr(TS), V) ... </k> <heap> ... H |-> V:Val ... </heap> [priority(40)]
reference-semantics/semantics/tuple.k:55: RULE [operational] rule <k> #unpackSeq((T:Expr, TS:Exprs), vCons(V:Val, VS:ValSeq)) => #bindTgt(T, V) ~> #unpackSeq(TS, VS) ... </k>
reference-semantics/semantics/tuple.k:57: RULE [operational] rule <k> #unpackSeq(.Exprs, .ValSeq) => .K ... </k>
FILE_COUNTS rule=21 syntax=4 tag:equational=5 tag:function=1 tag:operational=16 tag:priority=3

FILE reference-semantics/semantics.k
MODULES MPY@58, MPY-KRUN@87
FILE_COUNTS 

FILE verification.k
MODULES VERIFICATION@3
verification.k:7: SYNTAX [macro] syntax Stmts ::= "INTERSPERSE-BODY" [macro]
verification.k:8: RULE [equational] rule INTERSPERSE-BODY => If(Name("result"), Expr(Call(Attribute(Name("result"), "append"), Name("delimeter"))) .Stmts, .Stmts) Expr(Call(Attribute(Name("result"), "append"), Name("number"))) .Stmts
verification.k:18: SYNTAX [function,total] syntax ValSeq ::= intersperseAcc(ValSeq, ValSeq, Val) [function, total]
verification.k:20: RULE [equational] rule intersperseAcc(ACC:ValSeq, .ValSeq, _:Val) => ACC
verification.k:22: RULE [equational] rule intersperseAcc(.ValSeq, vCons(X:Val, REST:ValSeq), D:Val) => intersperseAcc(vCons(X, .ValSeq), REST, D)
verification.k:25: RULE [equational] rule intersperseAcc(vCons(A:Val, AS:ValSeq), vCons(X:Val, REST:ValSeq), D:Val) => intersperseAcc( valSeqConcat( valSeqConcat(vCons(A, AS), vCons(D, .ValSeq)), vCons(X, .ValSeq)), REST, D)
FILE_COUNTS rule=4 syntax=2 tag:equational=4 tag:function=1 tag:macro=1 tag:total=1

FILE spec.k
MODULES SPEC@3
spec.k:6: CLAIM [-] claim [loop-invariant]: <k> #loop(list(REST:ValSeq), Name("number"), INTERSPERSE-BODY) => .K ... </k> <env> L:Int </env> <scopes> ... L |-> scope( "delimeter" |-> D:Int "number" |-> (OLD:Val => ?LAST:Val) "numbers" |-> list(ORIGINAL:ValSeq) "result" |-> ref(H:Int), parent(0)) ... </scopes> <heap> ... H |-> list( vCons(A:Val, AS:ValSeq) => intersperseAcc(vCons(A, AS), REST, D)) ... </heap>
spec.k:25: CLAIM [-] claim [intersperse-correct]: <k> Call(Name("intersperse"), list(INPUT:ValSeq), D:Int) => ref(0) </k> <env> 0 </env> <scopes> -1 |-> builtinsScope 0 |-> scope( "intersperse" |-> closureVal("numbers", "delimeter", .ParamNames, Assign(Name("result"), ListExpr(.Exprs)) For(Name("number"), Name("numbers"), INTERSPERSE-BODY) Return(Name("result")) .Stmts, 0), parent(-1)) </scopes> <scopeLoc> 1 </scopeLoc> <heap> .Map => 0 |-> list(intersperseAcc(.ValSeq, INPUT, D)) </heap> <heapLoc> 0 => 1 </heapLoc> <stack> .List </stack> <ret> noRet </ret> <exc> NoExc </exc> <exit-code> 0 </exit-code>
FILE_COUNTS claim=2

GLOBAL_COUNTS
claim=2 configuration=1 context=5 rule=699 syntax=229 tag:concrete=35 tag:equational=461 tag:function=147 tag:macro=5 tag:no-evaluators=22 tag:operational=238 tag:owise=26 tag:priority=45 tag:seqstrict=1 tag:strict=2 tag:symbol=25 tag:total=108

OPAQUE_OR_NO_EVALUATOR_DECLARATIONS
reference-semantics/semantics/builtins.k:285: syntax IntSeq ::= md5hexCodes(IntSeq) [function, total, symbol(md5hexCodes), no-evaluators]
reference-semantics/semantics/float.k:24: syntax Float ::= intFloatDiv(Int, Float) [function, total, symbol(intFloatDiv), no-evaluators]
reference-semantics/semantics/float.k:30: syntax Float ::= divII(Int, Int) [function, total, symbol(divII), no-evaluators]
reference-semantics/semantics/float.k:37: syntax Float ::= floatMod(Float, Float) [function, total, symbol(floatMod), no-evaluators]
reference-semantics/semantics/float.k:50: syntax Bool ::= floatLt(Float, Float) [function, total, symbol(floatLt), no-evaluators]
reference-semantics/semantics/float.k:54: syntax Float ::= absF(Float) [function, total, symbol(absF), no-evaluators]
reference-semantics/semantics/float.k:103: syntax Float ::= subF(Float, Float) [function, total, symbol(subF), no-evaluators]
reference-semantics/semantics/float.k:107: syntax Float ::= divF(Float, Float) [function, total, symbol(divF), no-evaluators]
reference-semantics/semantics/float.k:111: syntax Float ::= addF(Float, Float) [function, total, symbol(addF), no-evaluators]
reference-semantics/semantics/float.k:115: syntax Float ::= mulF(Float, Float) [function, total, symbol(mulF), no-evaluators]
reference-semantics/semantics/float.k:119: syntax Float ::= powF(Float, Float) [function, total, symbol(powF), no-evaluators]
reference-semantics/semantics/float.k:125: syntax Bool ::= gtF(Float, Float) [function, total, symbol(gtF), no-evaluators]
reference-semantics/semantics/float.k:142: syntax Bool ::= eqF(Float, Float) [function, total, symbol(eqF), no-evaluators]
reference-semantics/semantics/float.k:160: syntax Float ::= decStrToF(IntSeq) [function, total, symbol(decStrToF), no-evaluators]
reference-semantics/semantics/float.k:190: syntax Float ::= divFloatIntV(Float, Int) [function, total, symbol(divFloatIntV), no-evaluators]
reference-semantics/semantics/float.k:195: syntax Float ::= intToF(Int) [function, total, symbol(intToF), no-evaluators]
reference-semantics/semantics/float.k:209: syntax Int ::= truncF(Float) [function, total, symbol(truncF), no-evaluators]
reference-semantics/semantics/float.k:217: syntax Int ::= roundF(Float) [function, total, symbol(roundF), no-evaluators]
reference-semantics/semantics/float.k:223: syntax Float ::= roundFN(Float, Int) [function, total, symbol(roundFN), no-evaluators]
reference-semantics/semantics/float.k:230: syntax Float ::= sqrtF(Float) [function, total, symbol(sqrtF), no-evaluators]
reference-semantics/semantics/sort.k:18: syntax ValSeq ::= sortVS(ValSeq) [function, total, symbol(sortVS), no-evaluators]
reference-semantics/semantics/sort.k:49: syntax ValSeq ::= sortKeyVS(ValSeq, Val) [function, total, symbol(sortKeyVS), no-evaluators]
EXIT_STATUS: 0
END_UTC: 2026-07-25T23:57:22Z
