index	a	b	canonical	submitted	math_gcd
0	3	5	1	1	1
1	25	15	5	5	5
2	0	0	0	0	0
3	0	1	1	1	1
4	1	0	1	1	1
5	0	-1	-1	1	1
6	-1	0	-1	1	1
7	0	9	9	9	9
8	9	0	9	9	9
9	0	-9	-9	9	9
10	-9	0	-9	9	9
11	1	1	1	1	1
12	-1	-1	-1	1	1
13	7	7	7	7	7
14	-7	7	7	7	7
15	7	-7	-7	7	7
16	-7	-7	-7	7	7
17	54	24	6	6	6
18	-54	24	6	6	6
19	54	-24	-6	6	6
20	-54	-24	-6	6	6
21	24	54	6	6	6
22	5	3	1	1	1
23	6	3	3	3	3
24	6	4	2	2	2
25	35	64	1	1	1
26	115792089237316195423570985008687907853269984665640564039457584007913129639936	340282366920938463463374607431768211456	340282366920938463463374607431768211456	340282366920938463463374607431768211456	340282366920938463463374607431768211456
27	115792089237316195423570985008687907853269984665640564039457584007913129639935	340282366920938463463374607431768211455	340282366920938463463374607431768211455	340282366920938463463374607431768211455	340282366920938463463374607431768211455
28	-115792089237316195423570985008687907853269984665640564039457584007913129639936	340282366920938463463374607431768211456	340282366920938463463374607431768211456	340282366920938463463374607431768211456	340282366920938463463374607431768211456
29	115792089237316195423570985008687907853269984665640564039457584007913129639936	-340282366920938463463374607431768211456	-340282366920938463463374607431768211456	340282366920938463463374607431768211456	340282366920938463463374607431768211456
30	-64	-64	-64	64	64
31	-64	-63	-1	1	1
32	-64	-62	-2	2	2
33	-64	-61	-1	1	1
34	-64	-60	-4	4	4
35	-64	-59	-1	1	1
36	-64	-58	-2	2	2
37	-64	-57	-1	1	1
38	-64	-56	-8	8	8
39	-64	-55	-1	1	1
40	-64	-54	-2	2	2
41	-64	-53	-1	1	1
42	-64	-52	-4	4	4
43	-64	-51	-1	1	1
44	-64	-50	-2	2	2
45	-64	-49	-1	1	1
46	-64	-48	-16	16	16
47	-64	-47	-1	1	1
48	-64	-46	-2	2	2
49	-64	-45	-1	1	1
50	-64	-44	-4	4	4
51	-64	-43	-1	1	1
52	-64	-42	-2	2	2
53	-64	-41	-1	1	1
54	-64	-40	-8	8	8
55	-64	-39	-1	1	1
56	-64	-38	-2	2	2
57	-64	-37	-1	1	1
58	-64	-36	-4	4	4
59	-64	-35	-1	1	1
60	-64	-34	-2	2	2
61	-64	-33	-1	1	1
62	-64	-32	-32	32	32
63	-64	-31	-1	1	1
64	-64	-30	-2	2	2
65	-64	-29	-1	1	1
66	-64	-28	-4	4	4
67	-64	-27	-1	1	1
68	-64	-26	-2	2	2
69	-64	-25	-1	1	1
70	-64	-24	-8	8	8
71	-64	-23	-1	1	1
72	-64	-22	-2	2	2
73	-64	-21	-1	1	1
74	-64	-20	-4	4	4
75	-64	-19	-1	1	1
76	-64	-18	-2	2	2
77	-64	-17	-1	1	1
78	-64	-16	-16	16	16
79	-64	-15	-1	1	1
80	-64	-14	-2	2	2
81	-64	-13	-1	1	1
82	-64	-12	-4	4	4
83	-64	-11	-1	1	1
84	-64	-10	-2	2	2
85	-64	-9	-1	1	1
86	-64	-8	-8	8	8
87	-64	-7	-1	1	1
88	-64	-6	-2	2	2
89	-64	-5	-1	1	1
90	-64	-4	-4	4	4
91	-64	-3	-1	1	1
92	-64	-2	-2	2	2
93	-64	-1	-1	1	1
94	-64	0	-64	64	64
95	-64	1	1	1	1
96	-64	2	2	2	2
97	-64	3	1	1	1
98	-64	4	4	4	4
99	-64	5	1	1	1
100	-64	6	2	2	2
101	-64	7	1	1	1
102	-64	8	8	8	8
103	-64	9	1	1	1
104	-64	10	2	2	2
105	-64	11	1	1	1
106	-64	12	4	4	4
107	-64	13	1	1	1
108	-64	14	2	2	2
109	-64	15	1	1	1
110	-64	16	16	16	16
111	-64	17	1	1	1
112	-64	18	2	2	2
113	-64	19	1	1	1
114	-64	20	4	4	4
115	-64	21	1	1	1
116	-64	22	2	2	2
117	-64	23	1	1	1
118	-64	24	8	8	8
119	-64	25	1	1	1
120	-64	26	2	2	2
121	-64	27	1	1	1
122	-64	28	4	4	4
123	-64	29	1	1	1
124	-64	30	2	2	2
125	-64	31	1	1	1
126	-64	32	32	32	32
127	-64	33	1	1	1
128	-64	34	2	2	2
129	-64	35	1	1	1
130	-64	36	4	4	4
131	-64	37	1	1	1
132	-64	38	2	2	2
133	-64	39	1	1	1
134	-64	40	8	8	8
135	-64	41	1	1	1
136	-64	42	2	2	2
137	-64	43	1	1	1
138	-64	44	4	4	4
139	-64	45	1	1	1
140	-64	46	2	2	2
141	-64	47	1	1	1
142	-64	48	16	16	16
143	-64	49	1	1	1
144	-64	50	2	2	2
145	-64	51	1	1	1
146	-64	52	4	4	4
147	-64	53	1	1	1
148	-64	54	2	2	2
149	-64	55	1	1	1
150	-64	56	8	8	8
151	-64	57	1	1	1
152	-64	58	2	2	2
153	-64	59	1	1	1
154	-64	60	4	4	4
155	-64	61	1	1	1
156	-64	62	2	2	2
157	-64	63	1	1	1
158	-64	64	64	64	64
159	-63	-64	-1	1	1
160	-63	-63	-63	63	63
161	-63	-62	-1	1	1
162	-63	-61	-1	1	1
163	-63	-60	-3	3	3
164	-63	-59	-1	1	1
165	-63	-58	-1	1	1
166	-63	-57	-3	3	3
167	-63	-56	-7	7	7
168	-63	-55	-1	1	1
169	-63	-54	-9	9	9
170	-63	-53	-1	1	1
171	-63	-52	-1	1	1
172	-63	-51	-3	3	3
173	-63	-50	-1	1	1
174	-63	-49	-7	7	7
175	-63	-48	-3	3	3
176	-63	-47	-1	1	1
177	-63	-46	-1	1	1
178	-63	-45	-9	9	9
179	-63	-44	-1	1	1
180	-63	-43	-1	1	1
181	-63	-42	-21	21	21
182	-63	-41	-1	1	1
183	-63	-40	-1	1	1
184	-63	-39	-3	3	3
185	-63	-38	-1	1	1
186	-63	-37	-1	1	1
187	-63	-36	-9	9	9
188	-63	-35	-7	7	7
189	-63	-34	-1	1	1
190	-63	-33	-3	3	3
191	-63	-32	-1	1	1
192	-63	-31	-1	1	1
193	-63	-30	-3	3	3
194	-63	-29	-1	1	1
195	-63	-28	-7	7	7
196	-63	-27	-9	9	9
197	-63	-26	-1	1	1
198	-63	-25	-1	1	1
199	-63	-24	-3	3	3
200	-63	-23	-1	1	1
201	-63	-22	-1	1	1
202	-63	-21	-21	21	21
203	-63	-20	-1	1	1
204	-63	-19	-1	1	1
205	-63	-18	-9	9	9
206	-63	-17	-1	1	1
207	-63	-16	-1	1	1
208	-63	-15	-3	3	3
209	-63	-14	-7	7	7
210	-63	-13	-1	1	1
211	-63	-12	-3	3	3
212	-63	-11	-1	1	1
213	-63	-10	-1	1	1
214	-63	-9	-9	9	9
215	-63	-8	-1	1	1
216	-63	-7	-7	7	7
217	-63	-6	-3	3	3
218	-63	-5	-1	1	1
219	-63	-4	-1	1	1
220	-63	-3	-3	3	3
221	-63	-2	-1	1	1
222	-63	-1	-1	1	1
223	-63	0	-63	63	63
224	-63	1	1	1	1
225	-63	2	1	1	1
226	-63	3	3	3	3
227	-63	4	1	1	1
228	-63	5	1	1	1
229	-63	6	3	3	3
230	-63	7	7	7	7
231	-63	8	1	1	1
232	-63	9	9	9	9
233	-63	10	1	1	1
234	-63	11	1	1	1
235	-63	12	3	3	3
236	-63	13	1	1	1
237	-63	14	7	7	7
238	-63	15	3	3	3
239	-63	16	1	1	1
240	-63	17	1	1	1
241	-63	18	9	9	9
242	-63	19	1	1	1
243	-63	20	1	1	1
244	-63	21	21	21	21
245	-63	22	1	1	1
246	-63	23	1	1	1
247	-63	24	3	3	3
248	-63	25	1	1	1
249	-63	26	1	1	1
250	-63	27	9	9	9
251	-63	28	7	7	7
252	-63	29	1	1	1
253	-63	30	3	3	3
254	-63	31	1	1	1
255	-63	32	1	1	1
256	-63	33	3	3	3
257	-63	34	1	1	1
258	-63	35	7	7	7
259	-63	36	9	9	9
260	-63	37	1	1	1
261	-63	38	1	1	1
262	-63	39	3	3	3
263	-63	40	1	1	1
264	-63	41	1	1	1
265	-63	42	21	21	21
266	-63	43	1	1	1
267	-63	44	1	1	1
268	-63	45	9	9	9
269	-63	46	1	1	1
270	-63	47	1	1	1
271	-63	48	3	3	3
272	-63	49	7	7	7
273	-63	50	1	1	1
274	-63	51	3	3	3
275	-63	52	1	1	1
276	-63	53	1	1	1
277	-63	54	9	9	9
278	-63	55	1	1	1
279	-63	56	7	7	7
280	-63	57	3	3	3
281	-63	58	1	1	1
282	-63	59	1	1	1
283	-63	60	3	3	3
284	-63	61	1	1	1
285	-63	62	1	1	1
286	-63	63	63	63	63
287	-63	64	1	1	1
288	-62	-64	-2	2	2
289	-62	-63	-1	1	1
290	-62	-62	-62	62	62
291	-62	-61	-1	1	1
292	-62	-60	-2	2	2
293	-62	-59	-1	1	1
294	-62	-58	-2	2	2
295	-62	-57	-1	1	1
296	-62	-56	-2	2	2
297	-62	-55	-1	1	1
298	-62	-54	-2	2	2
299	-62	-53	-1	1	1
300	-62	-52	-2	2	2
301	-62	-51	-1	1	1
302	-62	-50	-2	2	2
303	-62	-49	-1	1	1
304	-62	-48	-2	2	2
305	-62	-47	-1	1	1
306	-62	-46	-2	2	2
307	-62	-45	-1	1	1
308	-62	-44	-2	2	2
309	-62	-43	-1	1	1
310	-62	-42	-2	2	2
311	-62	-41	-1	1	1
312	-62	-40	-2	2	2
313	-62	-39	-1	1	1
314	-62	-38	-2	2	2
315	-62	-37	-1	1	1
316	-62	-36	-2	2	2
317	-62	-35	-1	1	1
318	-62	-34	-2	2	2
319	-62	-33	-1	1	1
320	-62	-32	-2	2	2
321	-62	-31	-31	31	31
322	-62	-30	-2	2	2
323	-62	-29	-1	1	1
324	-62	-28	-2	2	2
325	-62	-27	-1	1	1
326	-62	-26	-2	2	2
327	-62	-25	-1	1	1
328	-62	-24	-2	2	2
329	-62	-23	-1	1	1
330	-62	-22	-2	2	2
331	-62	-21	-1	1	1
332	-62	-20	-2	2	2
333	-62	-19	-1	1	1
334	-62	-18	-2	2	2
335	-62	-17	-1	1	1
336	-62	-16	-2	2	2
337	-62	-15	-1	1	1
338	-62	-14	-2	2	2
339	-62	-13	-1	1	1
340	-62	-12	-2	2	2
341	-62	-11	-1	1	1
342	-62	-10	-2	2	2
343	-62	-9	-1	1	1
344	-62	-8	-2	2	2
345	-62	-7	-1	1	1
346	-62	-6	-2	2	2
347	-62	-5	-1	1	1
348	-62	-4	-2	2	2
349	-62	-3	-1	1	1
350	-62	-2	-2	2	2
351	-62	-1	-1	1	1
352	-62	0	-62	62	62
353	-62	1	1	1	1
354	-62	2	2	2	2
355	-62	3	1	1	1
356	-62	4	2	2	2
357	-62	5	1	1	1
358	-62	6	2	2	2
359	-62	7	1	1	1
360	-62	8	2	2	2
361	-62	9	1	1	1
362	-62	10	2	2	2
363	-62	11	1	1	1
364	-62	12	2	2	2
365	-62	13	1	1	1
366	-62	14	2	2	2
367	-62	15	1	1	1
368	-62	16	2	2	2
369	-62	17	1	1	1
370	-62	18	2	2	2
371	-62	19	1	1	1
372	-62	20	2	2	2
373	-62	21	1	1	1
374	-62	22	2	2	2
375	-62	23	1	1	1
376	-62	24	2	2	2
377	-62	25	1	1	1
378	-62	26	2	2	2
379	-62	27	1	1	1
380	-62	28	2	2	2
381	-62	29	1	1	1
382	-62	30	2	2	2
383	-62	31	31	31	31
384	-62	32	2	2	2
385	-62	33	1	1	1
386	-62	34	2	2	2
387	-62	35	1	1	1
388	-62	36	2	2	2
389	-62	37	1	1	1
390	-62	38	2	2	2
391	-62	39	1	1	1
392	-62	40	2	2	2
393	-62	41	1	1	1
394	-62	42	2	2	2
395	-62	43	1	1	1
396	-62	44	2	2	2
397	-62	45	1	1	1
398	-62	46	2	2	2
399	-62	47	1	1	1
400	-62	48	2	2	2
401	-62	49	1	1	1
402	-62	50	2	2	2
403	-62	51	1	1	1
404	-62	52	2	2	2
405	-62	53	1	1	1
406	-62	54	2	2	2
407	-62	55	1	1	1
408	-62	56	2	2	2
409	-62	57	1	1	1
410	-62	58	2	2	2
411	-62	59	1	1	1
412	-62	60	2	2	2
413	-62	61	1	1	1
414	-62	62	62	62	62
415	-62	63	1	1	1
416	-62	64	2	2	2
417	-61	-64	-1	1	1
418	-61	-63	-1	1	1
419	-61	-62	-1	1	1
420	-61	-61	-61	61	61
421	-61	-60	-1	1	1
422	-61	-59	-1	1	1
423	-61	-58	-1	1	1
424	-61	-57	-1	1	1
425	-61	-56	-1	1	1
426	-61	-55	-1	1	1
427	-61	-54	-1	1	1
428	-61	-53	-1	1	1
429	-61	-52	-1	1	1
430	-61	-51	-1	1	1
431	-61	-50	-1	1	1
432	-61	-49	-1	1	1
433	-61	-48	-1	1	1
434	-61	-47	-1	1	1
435	-61	-46	-1	1	1
436	-61	-45	-1	1	1
437	-61	-44	-1	1	1
438	-61	-43	-1	1	1
439	-61	-42	-1	1	1
440	-61	-41	-1	1	1
441	-61	-40	-1	1	1
442	-61	-39	-1	1	1
443	-61	-38	-1	1	1
444	-61	-37	-1	1	1
445	-61	-36	-1	1	1
446	-61	-35	-1	1	1
447	-61	-34	-1	1	1
448	-61	-33	-1	1	1
449	-61	-32	-1	1	1
450	-61	-31	-1	1	1
451	-61	-30	-1	1	1
452	-61	-29	-1	1	1
453	-61	-28	-1	1	1
454	-61	-27	-1	1	1
455	-61	-26	-1	1	1
456	-61	-25	-1	1	1
457	-61	-24	-1	1	1
458	-61	-23	-1	1	1
459	-61	-22	-1	1	1
460	-61	-21	-1	1	1
461	-61	-20	-1	1	1
462	-61	-19	-1	1	1
463	-61	-18	-1	1	1
464	-61	-17	-1	1	1
465	-61	-16	-1	1	1
466	-61	-15	-1	1	1
467	-61	-14	-1	1	1
468	-61	-13	-1	1	1
469	-61	-12	-1	1	1
470	-61	-11	-1	1	1
471	-61	-10	-1	1	1
472	-61	-9	-1	1	1
473	-61	-8	-1	1	1
474	-61	-7	-1	1	1
475	-61	-6	-1	1	1
476	-61	-5	-1	1	1
477	-61	-4	-1	1	1
478	-61	-3	-1	1	1
479	-61	-2	-1	1	1
480	-61	-1	-1	1	1
481	-61	0	-61	61	61
482	-61	1	1	1	1
483	-61	2	1	1	1
484	-61	3	1	1	1
485	-61	4	1	1	1
486	-61	5	1	1	1
487	-61	6	1	1	1
488	-61	7	1	1	1
489	-61	8	1	1	1
490	-61	9	1	1	1
491	-61	10	1	1	1
492	-61	11	1	1	1
493	-61	12	1	1	1
494	-61	13	1	1	1
495	-61	14	1	1	1
496	-61	15	1	1	1
497	-61	16	1	1	1
498	-61	17	1	1	1
499	-61	18	1	1	1
500	-61	19	1	1	1
501	-61	20	1	1	1
502	-61	21	1	1	1
503	-61	22	1	1	1
504	-61	23	1	1	1
505	-61	24	1	1	1
506	-61	25	1	1	1
507	-61	26	1	1	1
508	-61	27	1	1	1
509	-61	28	1	1	1
510	-61	29	1	1	1
511	-61	30	1	1	1
512	-61	31	1	1	1
513	-61	32	1	1	1
514	-61	33	1	1	1
515	-61	34	1	1	1
516	-61	35	1	1	1
517	-61	36	1	1	1
518	-61	37	1	1	1
519	-61	38	1	1	1
520	-61	39	1	1	1
521	-61	40	1	1	1
522	-61	41	1	1	1
523	-61	42	1	1	1
524	-61	43	1	1	1
525	-61	44	1	1	1
526	-61	45	1	1	1
527	-61	46	1	1	1
528	-61	47	1	1	1
529	-61	48	1	1	1
530	-61	49	1	1	1
531	-61	50	1	1	1
532	-61	51	1	1	1
533	-61	52	1	1	1
534	-61	53	1	1	1
535	-61	54	1	1	1
536	-61	55	1	1	1
537	-61	56	1	1	1
538	-61	57	1	1	1
539	-61	58	1	1	1
540	-61	59	1	1	1
541	-61	60	1	1	1
542	-61	61	61	61	61
543	-61	62	1	1	1
544	-61	63	1	1	1
545	-61	64	1	1	1
546	-60	-64	-4	4	4
547	-60	-63	-3	3	3
548	-60	-62	-2	2	2
549	-60	-61	-1	1	1
550	-60	-60	-60	60	60
551	-60	-59	-1	1	1
552	-60	-58	-2	2	2
553	-60	-57	-3	3	3
554	-60	-56	-4	4	4
555	-60	-55	-5	5	5
556	-60	-54	-6	6	6
557	-60	-53	-1	1	1
558	-60	-52	-4	4	4
559	-60	-51	-3	3	3
560	-60	-50	-10	10	10
561	-60	-49	-1	1	1
562	-60	-48	-12	12	12
563	-60	-47	-1	1	1
564	-60	-46	-2	2	2
565	-60	-45	-15	15	15
566	-60	-44	-4	4	4
567	-60	-43	-1	1	1
568	-60	-42	-6	6	6
569	-60	-41	-1	1	1
570	-60	-40	-20	20	20
571	-60	-39	-3	3	3
572	-60	-38	-2	2	2
573	-60	-37	-1	1	1
574	-60	-36	-12	12	12
575	-60	-35	-5	5	5
576	-60	-34	-2	2	2
577	-60	-33	-3	3	3
578	-60	-32	-4	4	4
579	-60	-31	-1	1	1
580	-60	-30	-30	30	30
581	-60	-29	-1	1	1
582	-60	-28	-4	4	4
583	-60	-27	-3	3	3
584	-60	-26	-2	2	2
585	-60	-25	-5	5	5
586	-60	-24	-12	12	12
587	-60	-23	-1	1	1
588	-60	-22	-2	2	2
589	-60	-21	-3	3	3
590	-60	-20	-20	20	20
591	-60	-19	-1	1	1
592	-60	-18	-6	6	6
593	-60	-17	-1	1	1
594	-60	-16	-4	4	4
595	-60	-15	-15	15	15
596	-60	-14	-2	2	2
597	-60	-13	-1	1	1
598	-60	-12	-12	12	12
599	-60	-11	-1	1	1
600	-60	-10	-10	10	10
601	-60	-9	-3	3	3
602	-60	-8	-4	4	4
603	-60	-7	-1	1	1
604	-60	-6	-6	6	6
605	-60	-5	-5	5	5
606	-60	-4	-4	4	4
607	-60	-3	-3	3	3
608	-60	-2	-2	2	2
609	-60	-1	-1	1	1
610	-60	0	-60	60	60
611	-60	1	1	1	1
612	-60	2	2	2	2
613	-60	3	3	3	3
614	-60	4	4	4	4
615	-60	5	5	5	5
616	-60	6	6	6	6
617	-60	7	1	1	1
618	-60	8	4	4	4
619	-60	9	3	3	3
620	-60	10	10	10	10
621	-60	11	1	1	1
622	-60	12	12	12	12
623	-60	13	1	1	1
624	-60	14	2	2	2
625	-60	15	15	15	15
626	-60	16	4	4	4
627	-60	17	1	1	1
628	-60	18	6	6	6
629	-60	19	1	1	1
630	-60	20	20	20	20
631	-60	21	3	3	3
632	-60	22	2	2	2
633	-60	23	1	1	1
634	-60	24	12	12	12
635	-60	25	5	5	5
636	-60	26	2	2	2
637	-60	27	3	3	3
638	-60	28	4	4	4
639	-60	29	1	1	1
640	-60	30	30	30	30
641	-60	31	1	1	1
642	-60	32	4	4	4
643	-60	33	3	3	3
644	-60	34	2	2	2
645	-60	35	5	5	5
646	-60	36	12	12	12
647	-60	37	1	1	1
648	-60	38	2	2	2
649	-60	39	3	3	3
650	-60	40	20	20	20
651	-60	41	1	1	1
652	-60	42	6	6	6
653	-60	43	1	1	1
654	-60	44	4	4	4
655	-60	45	15	15	15
656	-60	46	2	2	2
657	-60	47	1	1	1
658	-60	48	12	12	12
659	-60	49	1	1	1
660	-60	50	10	10	10
661	-60	51	3	3	3
662	-60	52	4	4	4
663	-60	53	1	1	1
664	-60	54	6	6	6
665	-60	55	5	5	5
666	-60	56	4	4	4
667	-60	57	3	3	3
668	-60	58	2	2	2
669	-60	59	1	1	1
670	-60	60	60	60	60
671	-60	61	1	1	1
672	-60	62	2	2	2
673	-60	63	3	3	3
674	-60	64	4	4	4
675	-59	-64	-1	1	1
676	-59	-63	-1	1	1
677	-59	-62	-1	1	1
678	-59	-61	-1	1	1
679	-59	-60	-1	1	1
680	-59	-59	-59	59	59
681	-59	-58	-1	1	1
682	-59	-57	-1	1	1
683	-59	-56	-1	1	1
684	-59	-55	-1	1	1
685	-59	-54	-1	1	1
686	-59	-53	-1	1	1
687	-59	-52	-1	1	1
688	-59	-51	-1	1	1
689	-59	-50	-1	1	1
690	-59	-49	-1	1	1
691	-59	-48	-1	1	1
692	-59	-47	-1	1	1
693	-59	-46	-1	1	1
694	-59	-45	-1	1	1
695	-59	-44	-1	1	1
696	-59	-43	-1	1	1
697	-59	-42	-1	1	1
698	-59	-41	-1	1	1
699	-59	-40	-1	1	1
700	-59	-39	-1	1	1
701	-59	-38	-1	1	1
702	-59	-37	-1	1	1
703	-59	-36	-1	1	1
704	-59	-35	-1	1	1
705	-59	-34	-1	1	1
706	-59	-33	-1	1	1
707	-59	-32	-1	1	1
708	-59	-31	-1	1	1
709	-59	-30	-1	1	1
710	-59	-29	-1	1	1
711	-59	-28	-1	1	1
712	-59	-27	-1	1	1
713	-59	-26	-1	1	1
714	-59	-25	-1	1	1
715	-59	-24	-1	1	1
716	-59	-23	-1	1	1
717	-59	-22	-1	1	1
718	-59	-21	-1	1	1
719	-59	-20	-1	1	1
720	-59	-19	-1	1	1
721	-59	-18	-1	1	1
722	-59	-17	-1	1	1
723	-59	-16	-1	1	1
724	-59	-15	-1	1	1
725	-59	-14	-1	1	1
726	-59	-13	-1	1	1
727	-59	-12	-1	1	1
728	-59	-11	-1	1	1
729	-59	-10	-1	1	1
730	-59	-9	-1	1	1
731	-59	-8	-1	1	1
732	-59	-7	-1	1	1
733	-59	-6	-1	1	1
734	-59	-5	-1	1	1
735	-59	-4	-1	1	1
736	-59	-3	-1	1	1
737	-59	-2	-1	1	1
738	-59	-1	-1	1	1
739	-59	0	-59	59	59
740	-59	1	1	1	1
741	-59	2	1	1	1
742	-59	3	1	1	1
743	-59	4	1	1	1
744	-59	5	1	1	1
745	-59	6	1	1	1
746	-59	7	1	1	1
747	-59	8	1	1	1
748	-59	9	1	1	1
749	-59	10	1	1	1
750	-59	11	1	1	1
751	-59	12	1	1	1
752	-59	13	1	1	1
753	-59	14	1	1	1
754	-59	15	1	1	1
755	-59	16	1	1	1
756	-59	17	1	1	1
757	-59	18	1	1	1
758	-59	19	1	1	1
759	-59	20	1	1	1
760	-59	21	1	1	1
761	-59	22	1	1	1
762	-59	23	1	1	1
763	-59	24	1	1	1
764	-59	25	1	1	1
765	-59	26	1	1	1
766	-59	27	1	1	1
767	-59	28	1	1	1
768	-59	29	1	1	1
769	-59	30	1	1	1
770	-59	31	1	1	1
771	-59	32	1	1	1
772	-59	33	1	1	1
773	-59	34	1	1	1
774	-59	35	1	1	1
775	-59	36	1	1	1
776	-59	37	1	1	1
777	-59	38	1	1	1
778	-59	39	1	1	1
779	-59	40	1	1	1
780	-59	41	1	1	1
781	-59	42	1	1	1
782	-59	43	1	1	1
783	-59	44	1	1	1
784	-59	45	1	1	1
785	-59	46	1	1	1
786	-59	47	1	1	1
787	-59	48	1	1	1
788	-59	49	1	1	1
789	-59	50	1	1	1
790	-59	51	1	1	1
791	-59	52	1	1	1
792	-59	53	1	1	1
793	-59	54	1	1	1
794	-59	55	1	1	1
795	-59	56	1	1	1
796	-59	57	1	1	1
797	-59	58	1	1	1
798	-59	59	59	59	59
799	-59	60	1	1	1
800	-59	61	1	1	1
801	-59	62	1	1	1
802	-59	63	1	1	1
803	-59	64	1	1	1
804	-58	-64	-2	2	2
805	-58	-63	-1	1	1
806	-58	-62	-2	2	2
807	-58	-61	-1	1	1
808	-58	-60	-2	2	2
809	-58	-59	-1	1	1
810	-58	-58	-58	58	58
811	-58	-57	-1	1	1
812	-58	-56	-2	2	2
813	-58	-55	-1	1	1
814	-58	-54	-2	2	2
815	-58	-53	-1	1	1
816	-58	-52	-2	2	2
817	-58	-51	-1	1	1
818	-58	-50	-2	2	2
819	-58	-49	-1	1	1
820	-58	-48	-2	2	2
821	-58	-47	-1	1	1
822	-58	-46	-2	2	2
823	-58	-45	-1	1	1
824	-58	-44	-2	2	2
825	-58	-43	-1	1	1
826	-58	-42	-2	2	2
827	-58	-41	-1	1	1
828	-58	-40	-2	2	2
829	-58	-39	-1	1	1
830	-58	-38	-2	2	2
831	-58	-37	-1	1	1
832	-58	-36	-2	2	2
833	-58	-35	-1	1	1
834	-58	-34	-2	2	2
835	-58	-33	-1	1	1
836	-58	-32	-2	2	2
837	-58	-31	-1	1	1
838	-58	-30	-2	2	2
839	-58	-29	-29	29	29
840	-58	-28	-2	2	2
841	-58	-27	-1	1	1
842	-58	-26	-2	2	2
843	-58	-25	-1	1	1
844	-58	-24	-2	2	2
845	-58	-23	-1	1	1
846	-58	-22	-2	2	2
847	-58	-21	-1	1	1
848	-58	-20	-2	2	2
849	-58	-19	-1	1	1
850	-58	-18	-2	2	2
851	-58	-17	-1	1	1
852	-58	-16	-2	2	2
853	-58	-15	-1	1	1
854	-58	-14	-2	2	2
855	-58	-13	-1	1	1
856	-58	-12	-2	2	2
857	-58	-11	-1	1	1
858	-58	-10	-2	2	2
859	-58	-9	-1	1	1
860	-58	-8	-2	2	2
861	-58	-7	-1	1	1
862	-58	-6	-2	2	2
863	-58	-5	-1	1	1
864	-58	-4	-2	2	2
865	-58	-3	-1	1	1
866	-58	-2	-2	2	2
867	-58	-1	-1	1	1
868	-58	0	-58	58	58
869	-58	1	1	1	1
870	-58	2	2	2	2
871	-58	3	1	1	1
872	-58	4	2	2	2
873	-58	5	1	1	1
874	-58	6	2	2	2
875	-58	7	1	1	1
876	-58	8	2	2	2
877	-58	9	1	1	1
878	-58	10	2	2	2
879	-58	11	1	1	1
880	-58	12	2	2	2
881	-58	13	1	1	1
882	-58	14	2	2	2
883	-58	15	1	1	1
884	-58	16	2	2	2
885	-58	17	1	1	1
886	-58	18	2	2	2
887	-58	19	1	1	1
888	-58	20	2	2	2
889	-58	21	1	1	1
890	-58	22	2	2	2
891	-58	23	1	1	1
892	-58	24	2	2	2
893	-58	25	1	1	1
894	-58	26	2	2	2
895	-58	27	1	1	1
896	-58	28	2	2	2
897	-58	29	29	29	29
898	-58	30	2	2	2
899	-58	31	1	1	1
900	-58	32	2	2	2
901	-58	33	1	1	1
902	-58	34	2	2	2
903	-58	35	1	1	1
904	-58	36	2	2	2
905	-58	37	1	1	1
906	-58	38	2	2	2
907	-58	39	1	1	1
908	-58	40	2	2	2
909	-58	41	1	1	1
910	-58	42	2	2	2
911	-58	43	1	1	1
912	-58	44	2	2	2
913	-58	45	1	1	1
914	-58	46	2	2	2
915	-58	47	1	1	1
916	-58	48	2	2	2
917	-58	49	1	1	1
918	-58	50	2	2	2
919	-58	51	1	1	1
920	-58	52	2	2	2
921	-58	53	1	1	1
922	-58	54	2	2	2
923	-58	55	1	1	1
924	-58	56	2	2	2
925	-58	57	1	1	1
926	-58	58	58	58	58
927	-58	59	1	1	1
928	-58	60	2	2	2
929	-58	61	1	1	1
930	-58	62	2	2	2
931	-58	63	1	1	1
932	-58	64	2	2	2
933	-57	-64	-1	1	1
934	-57	-63	-3	3	3
935	-57	-62	-1	1	1
936	-57	-61	-1	1	1
937	-57	-60	-3	3	3
938	-57	-59	-1	1	1
939	-57	-58	-1	1	1
940	-57	-57	-57	57	57
941	-57	-56	-1	1	1
942	-57	-55	-1	1	1
943	-57	-54	-3	3	3
944	-57	-53	-1	1	1
945	-57	-52	-1	1	1
946	-57	-51	-3	3	3
947	-57	-50	-1	1	1
948	-57	-49	-1	1	1
949	-57	-48	-3	3	3
950	-57	-47	-1	1	1
951	-57	-46	-1	1	1
952	-57	-45	-3	3	3
953	-57	-44	-1	1	1
954	-57	-43	-1	1	1
955	-57	-42	-3	3	3
956	-57	-41	-1	1	1
957	-57	-40	-1	1	1
958	-57	-39	-3	3	3
959	-57	-38	-19	19	19
960	-57	-37	-1	1	1
961	-57	-36	-3	3	3
962	-57	-35	-1	1	1
963	-57	-34	-1	1	1
964	-57	-33	-3	3	3
965	-57	-32	-1	1	1
966	-57	-31	-1	1	1
967	-57	-30	-3	3	3
968	-57	-29	-1	1	1
969	-57	-28	-1	1	1
970	-57	-27	-3	3	3
971	-57	-26	-1	1	1
972	-57	-25	-1	1	1
973	-57	-24	-3	3	3
974	-57	-23	-1	1	1
975	-57	-22	-1	1	1
976	-57	-21	-3	3	3
977	-57	-20	-1	1	1
978	-57	-19	-19	19	19
979	-57	-18	-3	3	3
980	-57	-17	-1	1	1
981	-57	-16	-1	1	1
982	-57	-15	-3	3	3
983	-57	-14	-1	1	1
984	-57	-13	-1	1	1
985	-57	-12	-3	3	3
986	-57	-11	-1	1	1
987	-57	-10	-1	1	1
988	-57	-9	-3	3	3
989	-57	-8	-1	1	1
990	-57	-7	-1	1	1
991	-57	-6	-3	3	3
992	-57	-5	-1	1	1
993	-57	-4	-1	1	1
994	-57	-3	-3	3	3
995	-57	-2	-1	1	1
996	-57	-1	-1	1	1
997	-57	0	-57	57	57
998	-57	1	1	1	1
999	-57	2	1	1	1
1000	-57	3	3	3	3
1001	-57	4	1	1	1
1002	-57	5	1	1	1
1003	-57	6	3	3	3
1004	-57	7	1	1	1
1005	-57	8	1	1	1
1006	-57	9	3	3	3
1007	-57	10	1	1	1
1008	-57	11	1	1	1
1009	-57	12	3	3	3
1010	-57	13	1	1	1
1011	-57	14	1	1	1
1012	-57	15	3	3	3
1013	-57	16	1	1	1
1014	-57	17	1	1	1
1015	-57	18	3	3	3
1016	-57	19	19	19	19
1017	-57	20	1	1	1
1018	-57	21	3	3	3
1019	-57	22	1	1	1
1020	-57	23	1	1	1
1021	-57	24	3	3	3
1022	-57	25	1	1	1
1023	-57	26	1	1	1
1024	-57	27	3	3	3
1025	-57	28	1	1	1
1026	-57	29	1	1	1
1027	-57	30	3	3	3
1028	-57	31	1	1	1
1029	-57	32	1	1	1
1030	-57	33	3	3	3
1031	-57	34	1	1	1
1032	-57	35	1	1	1
1033	-57	36	3	3	3
1034	-57	37	1	1	1
1035	-57	38	19	19	19
1036	-57	39	3	3	3
1037	-57	40	1	1	1
1038	-57	41	1	1	1
1039	-57	42	3	3	3
1040	-57	43	1	1	1
1041	-57	44	1	1	1
1042	-57	45	3	3	3
1043	-57	46	1	1	1
1044	-57	47	1	1	1
1045	-57	48	3	3	3
1046	-57	49	1	1	1
1047	-57	50	1	1	1
1048	-57	51	3	3	3
1049	-57	52	1	1	1
1050	-57	53	1	1	1
1051	-57	54	3	3	3
1052	-57	55	1	1	1
1053	-57	56	1	1	1
1054	-57	57	57	57	57
1055	-57	58	1	1	1
1056	-57	59	1	1	1
1057	-57	60	3	3	3
1058	-57	61	1	1	1
1059	-57	62	1	1	1
1060	-57	63	3	3	3
1061	-57	64	1	1	1
1062	-56	-64	-8	8	8
1063	-56	-63	-7	7	7
1064	-56	-62	-2	2	2
1065	-56	-61	-1	1	1
1066	-56	-60	-4	4	4
1067	-56	-59	-1	1	1
1068	-56	-58	-2	2	2
1069	-56	-57	-1	1	1
1070	-56	-56	-56	56	56
1071	-56	-55	-1	1	1
1072	-56	-54	-2	2	2
1073	-56	-53	-1	1	1
1074	-56	-52	-4	4	4
1075	-56	-51	-1	1	1
1076	-56	-50	-2	2	2
1077	-56	-49	-7	7	7
1078	-56	-48	-8	8	8
1079	-56	-47	-1	1	1
1080	-56	-46	-2	2	2
1081	-56	-45	-1	1	1
1082	-56	-44	-4	4	4
1083	-56	-43	-1	1	1
1084	-56	-42	-14	14	14
1085	-56	-41	-1	1	1
1086	-56	-40	-8	8	8
1087	-56	-39	-1	1	1
1088	-56	-38	-2	2	2
1089	-56	-37	-1	1	1
1090	-56	-36	-4	4	4
1091	-56	-35	-7	7	7
1092	-56	-34	-2	2	2
1093	-56	-33	-1	1	1
1094	-56	-32	-8	8	8
1095	-56	-31	-1	1	1
1096	-56	-30	-2	2	2
1097	-56	-29	-1	1	1
1098	-56	-28	-28	28	28
1099	-56	-27	-1	1	1
1100	-56	-26	-2	2	2
1101	-56	-25	-1	1	1
1102	-56	-24	-8	8	8
1103	-56	-23	-1	1	1
1104	-56	-22	-2	2	2
1105	-56	-21	-7	7	7
1106	-56	-20	-4	4	4
1107	-56	-19	-1	1	1
1108	-56	-18	-2	2	2
1109	-56	-17	-1	1	1
1110	-56	-16	-8	8	8
1111	-56	-15	-1	1	1
1112	-56	-14	-14	14	14
1113	-56	-13	-1	1	1
1114	-56	-12	-4	4	4
1115	-56	-11	-1	1	1
1116	-56	-10	-2	2	2
1117	-56	-9	-1	1	1
1118	-56	-8	-8	8	8
1119	-56	-7	-7	7	7
1120	-56	-6	-2	2	2
1121	-56	-5	-1	1	1
1122	-56	-4	-4	4	4
1123	-56	-3	-1	1	1
1124	-56	-2	-2	2	2
1125	-56	-1	-1	1	1
1126	-56	0	-56	56	56
1127	-56	1	1	1	1
1128	-56	2	2	2	2
1129	-56	3	1	1	1
1130	-56	4	4	4	4
1131	-56	5	1	1	1
1132	-56	6	2	2	2
1133	-56	7	7	7	7
1134	-56	8	8	8	8
1135	-56	9	1	1	1
1136	-56	10	2	2	2
1137	-56	11	1	1	1
1138	-56	12	4	4	4
1139	-56	13	1	1	1
1140	-56	14	14	14	14
1141	-56	15	1	1	1
1142	-56	16	8	8	8
1143	-56	17	1	1	1
1144	-56	18	2	2	2
1145	-56	19	1	1	1
1146	-56	20	4	4	4
1147	-56	21	7	7	7
1148	-56	22	2	2	2
1149	-56	23	1	1	1
1150	-56	24	8	8	8
1151	-56	25	1	1	1
1152	-56	26	2	2	2
1153	-56	27	1	1	1
1154	-56	28	28	28	28
1155	-56	29	1	1	1
1156	-56	30	2	2	2
1157	-56	31	1	1	1
1158	-56	32	8	8	8
1159	-56	33	1	1	1
1160	-56	34	2	2	2
1161	-56	35	7	7	7
1162	-56	36	4	4	4
1163	-56	37	1	1	1
1164	-56	38	2	2	2
1165	-56	39	1	1	1
1166	-56	40	8	8	8
1167	-56	41	1	1	1
1168	-56	42	14	14	14
1169	-56	43	1	1	1
1170	-56	44	4	4	4
1171	-56	45	1	1	1
1172	-56	46	2	2	2
1173	-56	47	1	1	1
1174	-56	48	8	8	8
1175	-56	49	7	7	7
1176	-56	50	2	2	2
1177	-56	51	1	1	1
1178	-56	52	4	4	4
1179	-56	53	1	1	1
1180	-56	54	2	2	2
1181	-56	55	1	1	1
1182	-56	56	56	56	56
1183	-56	57	1	1	1
1184	-56	58	2	2	2
1185	-56	59	1	1	1
1186	-56	60	4	4	4
1187	-56	61	1	1	1
1188	-56	62	2	2	2
1189	-56	63	7	7	7
1190	-56	64	8	8	8
1191	-55	-64	-1	1	1
1192	-55	-63	-1	1	1
1193	-55	-62	-1	1	1
1194	-55	-61	-1	1	1
1195	-55	-60	-5	5	5
1196	-55	-59	-1	1	1
1197	-55	-58	-1	1	1
1198	-55	-57	-1	1	1
1199	-55	-56	-1	1	1
1200	-55	-55	-55	55	55
1201	-55	-54	-1	1	1
1202	-55	-53	-1	1	1
1203	-55	-52	-1	1	1
1204	-55	-51	-1	1	1
1205	-55	-50	-5	5	5
1206	-55	-49	-1	1	1
1207	-55	-48	-1	1	1
1208	-55	-47	-1	1	1
1209	-55	-46	-1	1	1
1210	-55	-45	-5	5	5
1211	-55	-44	-11	11	11
1212	-55	-43	-1	1	1
1213	-55	-42	-1	1	1
1214	-55	-41	-1	1	1
1215	-55	-40	-5	5	5
1216	-55	-39	-1	1	1
1217	-55	-38	-1	1	1
1218	-55	-37	-1	1	1
1219	-55	-36	-1	1	1
1220	-55	-35	-5	5	5
1221	-55	-34	-1	1	1
1222	-55	-33	-11	11	11
1223	-55	-32	-1	1	1
1224	-55	-31	-1	1	1
1225	-55	-30	-5	5	5
1226	-55	-29	-1	1	1
1227	-55	-28	-1	1	1
1228	-55	-27	-1	1	1
1229	-55	-26	-1	1	1
1230	-55	-25	-5	5	5
1231	-55	-24	-1	1	1
1232	-55	-23	-1	1	1
1233	-55	-22	-11	11	11
1234	-55	-21	-1	1	1
1235	-55	-20	-5	5	5
1236	-55	-19	-1	1	1
1237	-55	-18	-1	1	1
1238	-55	-17	-1	1	1
1239	-55	-16	-1	1	1
1240	-55	-15	-5	5	5
1241	-55	-14	-1	1	1
1242	-55	-13	-1	1	1
1243	-55	-12	-1	1	1
1244	-55	-11	-11	11	11
1245	-55	-10	-5	5	5
1246	-55	-9	-1	1	1
1247	-55	-8	-1	1	1
1248	-55	-7	-1	1	1
1249	-55	-6	-1	1	1
1250	-55	-5	-5	5	5
1251	-55	-4	-1	1	1
1252	-55	-3	-1	1	1
1253	-55	-2	-1	1	1
1254	-55	-1	-1	1	1
1255	-55	0	-55	55	55
1256	-55	1	1	1	1
1257	-55	2	1	1	1
1258	-55	3	1	1	1
1259	-55	4	1	1	1
1260	-55	5	5	5	5
1261	-55	6	1	1	1
1262	-55	7	1	1	1
1263	-55	8	1	1	1
1264	-55	9	1	1	1
1265	-55	10	5	5	5
1266	-55	11	11	11	11
1267	-55	12	1	1	1
1268	-55	13	1	1	1
1269	-55	14	1	1	1
1270	-55	15	5	5	5
1271	-55	16	1	1	1
1272	-55	17	1	1	1
1273	-55	18	1	1	1
1274	-55	19	1	1	1
1275	-55	20	5	5	5
1276	-55	21	1	1	1
1277	-55	22	11	11	11
1278	-55	23	1	1	1
1279	-55	24	1	1	1
1280	-55	25	5	5	5
1281	-55	26	1	1	1
1282	-55	27	1	1	1
1283	-55	28	1	1	1
1284	-55	29	1	1	1
1285	-55	30	5	5	5
1286	-55	31	1	1	1
1287	-55	32	1	1	1
1288	-55	33	11	11	11
1289	-55	34	1	1	1
1290	-55	35	5	5	5
1291	-55	36	1	1	1
1292	-55	37	1	1	1
1293	-55	38	1	1	1
1294	-55	39	1	1	1
1295	-55	40	5	5	5
1296	-55	41	1	1	1
1297	-55	42	1	1	1
1298	-55	43	1	1	1
1299	-55	44	11	11	11
1300	-55	45	5	5	5
1301	-55	46	1	1	1
1302	-55	47	1	1	1
1303	-55	48	1	1	1
1304	-55	49	1	1	1
1305	-55	50	5	5	5
1306	-55	51	1	1	1
1307	-55	52	1	1	1
1308	-55	53	1	1	1
1309	-55	54	1	1	1
1310	-55	55	55	55	55
1311	-55	56	1	1	1
1312	-55	57	1	1	1
1313	-55	58	1	1	1
1314	-55	59	1	1	1
1315	-55	60	5	5	5
1316	-55	61	1	1	1
1317	-55	62	1	1	1
1318	-55	63	1	1	1
1319	-55	64	1	1	1
1320	-54	-64	-2	2	2
1321	-54	-63	-9	9	9
1322	-54	-62	-2	2	2
1323	-54	-61	-1	1	1
1324	-54	-60	-6	6	6
1325	-54	-59	-1	1	1
1326	-54	-58	-2	2	2
1327	-54	-57	-3	3	3
1328	-54	-56	-2	2	2
1329	-54	-55	-1	1	1
1330	-54	-54	-54	54	54
1331	-54	-53	-1	1	1
1332	-54	-52	-2	2	2
1333	-54	-51	-3	3	3
1334	-54	-50	-2	2	2
1335	-54	-49	-1	1	1
1336	-54	-48	-6	6	6
1337	-54	-47	-1	1	1
1338	-54	-46	-2	2	2
1339	-54	-45	-9	9	9
1340	-54	-44	-2	2	2
1341	-54	-43	-1	1	1
1342	-54	-42	-6	6	6
1343	-54	-41	-1	1	1
1344	-54	-40	-2	2	2
1345	-54	-39	-3	3	3
1346	-54	-38	-2	2	2
1347	-54	-37	-1	1	1
1348	-54	-36	-18	18	18
1349	-54	-35	-1	1	1
1350	-54	-34	-2	2	2
1351	-54	-33	-3	3	3
1352	-54	-32	-2	2	2
1353	-54	-31	-1	1	1
1354	-54	-30	-6	6	6
1355	-54	-29	-1	1	1
1356	-54	-28	-2	2	2
1357	-54	-27	-27	27	27
1358	-54	-26	-2	2	2
1359	-54	-25	-1	1	1
1360	-54	-23	-1	1	1
1361	-54	-22	-2	2	2
1362	-54	-21	-3	3	3
1363	-54	-20	-2	2	2
1364	-54	-19	-1	1	1
1365	-54	-18	-18	18	18
1366	-54	-17	-1	1	1
1367	-54	-16	-2	2	2
1368	-54	-15	-3	3	3
1369	-54	-14	-2	2	2
1370	-54	-13	-1	1	1
1371	-54	-12	-6	6	6
1372	-54	-11	-1	1	1
1373	-54	-10	-2	2	2
1374	-54	-9	-9	9	9
1375	-54	-8	-2	2	2
1376	-54	-7	-1	1	1
1377	-54	-6	-6	6	6
1378	-54	-5	-1	1	1
1379	-54	-4	-2	2	2
1380	-54	-3	-3	3	3
1381	-54	-2	-2	2	2
1382	-54	-1	-1	1	1
1383	-54	0	-54	54	54
1384	-54	1	1	1	1
1385	-54	2	2	2	2
1386	-54	3	3	3	3
1387	-54	4	2	2	2
1388	-54	5	1	1	1
1389	-54	6	6	6	6
1390	-54	7	1	1	1
1391	-54	8	2	2	2
1392	-54	9	9	9	9
1393	-54	10	2	2	2
1394	-54	11	1	1	1
1395	-54	12	6	6	6
1396	-54	13	1	1	1
1397	-54	14	2	2	2
1398	-54	15	3	3	3
1399	-54	16	2	2	2
1400	-54	17	1	1	1
1401	-54	18	18	18	18
1402	-54	19	1	1	1
1403	-54	20	2	2	2
1404	-54	21	3	3	3
1405	-54	22	2	2	2
1406	-54	23	1	1	1
1407	-54	25	1	1	1
1408	-54	26	2	2	2
1409	-54	27	27	27	27
1410	-54	28	2	2	2
1411	-54	29	1	1	1
1412	-54	30	6	6	6
1413	-54	31	1	1	1
1414	-54	32	2	2	2
1415	-54	33	3	3	3
1416	-54	34	2	2	2
1417	-54	35	1	1	1
1418	-54	36	18	18	18
1419	-54	37	1	1	1
1420	-54	38	2	2	2
1421	-54	39	3	3	3
1422	-54	40	2	2	2
1423	-54	41	1	1	1
1424	-54	42	6	6	6
1425	-54	43	1	1	1
1426	-54	44	2	2	2
1427	-54	45	9	9	9
1428	-54	46	2	2	2
1429	-54	47	1	1	1
1430	-54	48	6	6	6
1431	-54	49	1	1	1
1432	-54	50	2	2	2
1433	-54	51	3	3	3
1434	-54	52	2	2	2
1435	-54	53	1	1	1
1436	-54	54	54	54	54
1437	-54	55	1	1	1
1438	-54	56	2	2	2
1439	-54	57	3	3	3
1440	-54	58	2	2	2
1441	-54	59	1	1	1
1442	-54	60	6	6	6
1443	-54	61	1	1	1
1444	-54	62	2	2	2
1445	-54	63	9	9	9
1446	-54	64	2	2	2
1447	-53	-64	-1	1	1
1448	-53	-63	-1	1	1
1449	-53	-62	-1	1	1
1450	-53	-61	-1	1	1
1451	-53	-60	-1	1	1
1452	-53	-59	-1	1	1
1453	-53	-58	-1	1	1
1454	-53	-57	-1	1	1
1455	-53	-56	-1	1	1
1456	-53	-55	-1	1	1
1457	-53	-54	-1	1	1
1458	-53	-53	-53	53	53
1459	-53	-52	-1	1	1
1460	-53	-51	-1	1	1
1461	-53	-50	-1	1	1
1462	-53	-49	-1	1	1
1463	-53	-48	-1	1	1
1464	-53	-47	-1	1	1
1465	-53	-46	-1	1	1
1466	-53	-45	-1	1	1
1467	-53	-44	-1	1	1
1468	-53	-43	-1	1	1
1469	-53	-42	-1	1	1
1470	-53	-41	-1	1	1
1471	-53	-40	-1	1	1
1472	-53	-39	-1	1	1
1473	-53	-38	-1	1	1
1474	-53	-37	-1	1	1
1475	-53	-36	-1	1	1
1476	-53	-35	-1	1	1
1477	-53	-34	-1	1	1
1478	-53	-33	-1	1	1
1479	-53	-32	-1	1	1
1480	-53	-31	-1	1	1
1481	-53	-30	-1	1	1
1482	-53	-29	-1	1	1
1483	-53	-28	-1	1	1
1484	-53	-27	-1	1	1
1485	-53	-26	-1	1	1
1486	-53	-25	-1	1	1
1487	-53	-24	-1	1	1
1488	-53	-23	-1	1	1
1489	-53	-22	-1	1	1
1490	-53	-21	-1	1	1
1491	-53	-20	-1	1	1
1492	-53	-19	-1	1	1
1493	-53	-18	-1	1	1
1494	-53	-17	-1	1	1
1495	-53	-16	-1	1	1
1496	-53	-15	-1	1	1
1497	-53	-14	-1	1	1
1498	-53	-13	-1	1	1
1499	-53	-12	-1	1	1
1500	-53	-11	-1	1	1
1501	-53	-10	-1	1	1
1502	-53	-9	-1	1	1
1503	-53	-8	-1	1	1
1504	-53	-7	-1	1	1
1505	-53	-6	-1	1	1
1506	-53	-5	-1	1	1
1507	-53	-4	-1	1	1
1508	-53	-3	-1	1	1
1509	-53	-2	-1	1	1
1510	-53	-1	-1	1	1
1511	-53	0	-53	53	53
1512	-53	1	1	1	1
1513	-53	2	1	1	1
1514	-53	3	1	1	1
1515	-53	4	1	1	1
1516	-53	5	1	1	1
1517	-53	6	1	1	1
1518	-53	7	1	1	1
1519	-53	8	1	1	1
1520	-53	9	1	1	1
1521	-53	10	1	1	1
1522	-53	11	1	1	1
1523	-53	12	1	1	1
1524	-53	13	1	1	1
1525	-53	14	1	1	1
1526	-53	15	1	1	1
1527	-53	16	1	1	1
1528	-53	17	1	1	1
1529	-53	18	1	1	1
1530	-53	19	1	1	1
1531	-53	20	1	1	1
1532	-53	21	1	1	1
1533	-53	22	1	1	1
1534	-53	23	1	1	1
1535	-53	24	1	1	1
1536	-53	25	1	1	1
1537	-53	26	1	1	1
1538	-53	27	1	1	1
1539	-53	28	1	1	1
1540	-53	29	1	1	1
1541	-53	30	1	1	1
1542	-53	31	1	1	1
1543	-53	32	1	1	1
1544	-53	33	1	1	1
1545	-53	34	1	1	1
1546	-53	35	1	1	1
1547	-53	36	1	1	1
1548	-53	37	1	1	1
1549	-53	38	1	1	1
1550	-53	39	1	1	1
1551	-53	40	1	1	1
1552	-53	41	1	1	1
1553	-53	42	1	1	1
1554	-53	43	1	1	1
1555	-53	44	1	1	1
1556	-53	45	1	1	1
1557	-53	46	1	1	1
1558	-53	47	1	1	1
1559	-53	48	1	1	1
1560	-53	49	1	1	1
1561	-53	50	1	1	1
1562	-53	51	1	1	1
1563	-53	52	1	1	1
1564	-53	53	53	53	53
1565	-53	54	1	1	1
1566	-53	55	1	1	1
1567	-53	56	1	1	1
1568	-53	57	1	1	1
1569	-53	58	1	1	1
1570	-53	59	1	1	1
1571	-53	60	1	1	1
1572	-53	61	1	1	1
1573	-53	62	1	1	1
1574	-53	63	1	1	1
1575	-53	64	1	1	1
1576	-52	-64	-4	4	4
1577	-52	-63	-1	1	1
1578	-52	-62	-2	2	2
1579	-52	-61	-1	1	1
1580	-52	-60	-4	4	4
1581	-52	-59	-1	1	1
1582	-52	-58	-2	2	2
1583	-52	-57	-1	1	1
1584	-52	-56	-4	4	4
1585	-52	-55	-1	1	1
1586	-52	-54	-2	2	2
1587	-52	-53	-1	1	1
1588	-52	-52	-52	52	52
1589	-52	-51	-1	1	1
1590	-52	-50	-2	2	2
1591	-52	-49	-1	1	1
1592	-52	-48	-4	4	4
1593	-52	-47	-1	1	1
1594	-52	-46	-2	2	2
1595	-52	-45	-1	1	1
1596	-52	-44	-4	4	4
1597	-52	-43	-1	1	1
1598	-52	-42	-2	2	2
1599	-52	-41	-1	1	1
1600	-52	-40	-4	4	4
1601	-52	-39	-13	13	13
1602	-52	-38	-2	2	2
1603	-52	-37	-1	1	1
1604	-52	-36	-4	4	4
1605	-52	-35	-1	1	1
1606	-52	-34	-2	2	2
1607	-52	-33	-1	1	1
1608	-52	-32	-4	4	4
1609	-52	-31	-1	1	1
1610	-52	-30	-2	2	2
1611	-52	-29	-1	1	1
1612	-52	-28	-4	4	4
1613	-52	-27	-1	1	1
1614	-52	-26	-26	26	26
1615	-52	-25	-1	1	1
1616	-52	-24	-4	4	4
1617	-52	-23	-1	1	1
1618	-52	-22	-2	2	2
1619	-52	-21	-1	1	1
1620	-52	-20	-4	4	4
1621	-52	-19	-1	1	1
1622	-52	-18	-2	2	2
1623	-52	-17	-1	1	1
1624	-52	-16	-4	4	4
1625	-52	-15	-1	1	1
1626	-52	-14	-2	2	2
1627	-52	-13	-13	13	13
1628	-52	-12	-4	4	4
1629	-52	-11	-1	1	1
1630	-52	-10	-2	2	2
1631	-52	-9	-1	1	1
1632	-52	-8	-4	4	4
1633	-52	-7	-1	1	1
1634	-52	-6	-2	2	2
1635	-52	-5	-1	1	1
1636	-52	-4	-4	4	4
1637	-52	-3	-1	1	1
1638	-52	-2	-2	2	2
1639	-52	-1	-1	1	1
1640	-52	0	-52	52	52
1641	-52	1	1	1	1
1642	-52	2	2	2	2
1643	-52	3	1	1	1
1644	-52	4	4	4	4
1645	-52	5	1	1	1
1646	-52	6	2	2	2
1647	-52	7	1	1	1
1648	-52	8	4	4	4
1649	-52	9	1	1	1
1650	-52	10	2	2	2
1651	-52	11	1	1	1
1652	-52	12	4	4	4
1653	-52	13	13	13	13
1654	-52	14	2	2	2
1655	-52	15	1	1	1
1656	-52	16	4	4	4
1657	-52	17	1	1	1
1658	-52	18	2	2	2
1659	-52	19	1	1	1
1660	-52	20	4	4	4
1661	-52	21	1	1	1
1662	-52	22	2	2	2
1663	-52	23	1	1	1
1664	-52	24	4	4	4
1665	-52	25	1	1	1
1666	-52	26	26	26	26
1667	-52	27	1	1	1
1668	-52	28	4	4	4
1669	-52	29	1	1	1
1670	-52	30	2	2	2
1671	-52	31	1	1	1
1672	-52	32	4	4	4
1673	-52	33	1	1	1
1674	-52	34	2	2	2
1675	-52	35	1	1	1
1676	-52	36	4	4	4
1677	-52	37	1	1	1
1678	-52	38	2	2	2
1679	-52	39	13	13	13
1680	-52	40	4	4	4
1681	-52	41	1	1	1
1682	-52	42	2	2	2
1683	-52	43	1	1	1
1684	-52	44	4	4	4
1685	-52	45	1	1	1
1686	-52	46	2	2	2
1687	-52	47	1	1	1
1688	-52	48	4	4	4
1689	-52	49	1	1	1
1690	-52	50	2	2	2
1691	-52	51	1	1	1
1692	-52	52	52	52	52
1693	-52	53	1	1	1
1694	-52	54	2	2	2
1695	-52	55	1	1	1
1696	-52	56	4	4	4
1697	-52	57	1	1	1
1698	-52	58	2	2	2
1699	-52	59	1	1	1
1700	-52	60	4	4	4
1701	-52	61	1	1	1
1702	-52	62	2	2	2
1703	-52	63	1	1	1
1704	-52	64	4	4	4
1705	-51	-64	-1	1	1
1706	-51	-63	-3	3	3
1707	-51	-62	-1	1	1
1708	-51	-61	-1	1	1
1709	-51	-60	-3	3	3
1710	-51	-59	-1	1	1
1711	-51	-58	-1	1	1
1712	-51	-57	-3	3	3
1713	-51	-56	-1	1	1
1714	-51	-55	-1	1	1
1715	-51	-54	-3	3	3
1716	-51	-53	-1	1	1
1717	-51	-52	-1	1	1
1718	-51	-51	-51	51	51
1719	-51	-50	-1	1	1
1720	-51	-49	-1	1	1
1721	-51	-48	-3	3	3
1722	-51	-47	-1	1	1
1723	-51	-46	-1	1	1
1724	-51	-45	-3	3	3
1725	-51	-44	-1	1	1
1726	-51	-43	-1	1	1
1727	-51	-42	-3	3	3
1728	-51	-41	-1	1	1
1729	-51	-40	-1	1	1
1730	-51	-39	-3	3	3
1731	-51	-38	-1	1	1
1732	-51	-37	-1	1	1
1733	-51	-36	-3	3	3
1734	-51	-35	-1	1	1
1735	-51	-34	-17	17	17
1736	-51	-33	-3	3	3
1737	-51	-32	-1	1	1
1738	-51	-31	-1	1	1
1739	-51	-30	-3	3	3
1740	-51	-29	-1	1	1
1741	-51	-28	-1	1	1
1742	-51	-27	-3	3	3
1743	-51	-26	-1	1	1
1744	-51	-25	-1	1	1
1745	-51	-24	-3	3	3
1746	-51	-23	-1	1	1
1747	-51	-22	-1	1	1
1748	-51	-21	-3	3	3
1749	-51	-20	-1	1	1
1750	-51	-19	-1	1	1
1751	-51	-18	-3	3	3
1752	-51	-17	-17	17	17
1753	-51	-16	-1	1	1
1754	-51	-15	-3	3	3
1755	-51	-14	-1	1	1
1756	-51	-13	-1	1	1
1757	-51	-12	-3	3	3
1758	-51	-11	-1	1	1
1759	-51	-10	-1	1	1
1760	-51	-9	-3	3	3
1761	-51	-8	-1	1	1
1762	-51	-7	-1	1	1
1763	-51	-6	-3	3	3
1764	-51	-5	-1	1	1
1765	-51	-4	-1	1	1
1766	-51	-3	-3	3	3
1767	-51	-2	-1	1	1
1768	-51	-1	-1	1	1
1769	-51	0	-51	51	51
1770	-51	1	1	1	1
1771	-51	2	1	1	1
1772	-51	3	3	3	3
1773	-51	4	1	1	1
1774	-51	5	1	1	1
1775	-51	6	3	3	3
1776	-51	7	1	1	1
1777	-51	8	1	1	1
1778	-51	9	3	3	3
1779	-51	10	1	1	1
1780	-51	11	1	1	1
1781	-51	12	3	3	3
1782	-51	13	1	1	1
1783	-51	14	1	1	1
1784	-51	15	3	3	3
1785	-51	16	1	1	1
1786	-51	17	17	17	17
1787	-51	18	3	3	3
1788	-51	19	1	1	1
1789	-51	20	1	1	1
1790	-51	21	3	3	3
1791	-51	22	1	1	1
1792	-51	23	1	1	1
1793	-51	24	3	3	3
1794	-51	25	1	1	1
1795	-51	26	1	1	1
1796	-51	27	3	3	3
1797	-51	28	1	1	1
1798	-51	29	1	1	1
1799	-51	30	3	3	3
1800	-51	31	1	1	1
1801	-51	32	1	1	1
1802	-51	33	3	3	3
1803	-51	34	17	17	17
1804	-51	35	1	1	1
1805	-51	36	3	3	3
1806	-51	37	1	1	1
1807	-51	38	1	1	1
1808	-51	39	3	3	3
1809	-51	40	1	1	1
1810	-51	41	1	1	1
1811	-51	42	3	3	3
1812	-51	43	1	1	1
1813	-51	44	1	1	1
1814	-51	45	3	3	3
1815	-51	46	1	1	1
1816	-51	47	1	1	1
1817	-51	48	3	3	3
1818	-51	49	1	1	1
1819	-51	50	1	1	1
1820	-51	51	51	51	51
1821	-51	52	1	1	1
1822	-51	53	1	1	1
1823	-51	54	3	3	3
1824	-51	55	1	1	1
1825	-51	56	1	1	1
1826	-51	57	3	3	3
1827	-51	58	1	1	1
1828	-51	59	1	1	1
1829	-51	60	3	3	3
1830	-51	61	1	1	1
1831	-51	62	1	1	1
1832	-51	63	3	3	3
1833	-51	64	1	1	1
1834	-50	-64	-2	2	2
1835	-50	-63	-1	1	1
1836	-50	-62	-2	2	2
1837	-50	-61	-1	1	1
1838	-50	-60	-10	10	10
1839	-50	-59	-1	1	1
1840	-50	-58	-2	2	2
1841	-50	-57	-1	1	1
1842	-50	-56	-2	2	2
1843	-50	-55	-5	5	5
1844	-50	-54	-2	2	2
1845	-50	-53	-1	1	1
1846	-50	-52	-2	2	2
1847	-50	-51	-1	1	1
1848	-50	-50	-50	50	50
1849	-50	-49	-1	1	1
1850	-50	-48	-2	2	2
1851	-50	-47	-1	1	1
1852	-50	-46	-2	2	2
1853	-50	-45	-5	5	5
1854	-50	-44	-2	2	2
1855	-50	-43	-1	1	1
1856	-50	-42	-2	2	2
1857	-50	-41	-1	1	1
1858	-50	-40	-10	10	10
1859	-50	-39	-1	1	1
1860	-50	-38	-2	2	2
1861	-50	-37	-1	1	1
1862	-50	-36	-2	2	2
1863	-50	-35	-5	5	5
1864	-50	-34	-2	2	2
1865	-50	-33	-1	1	1
1866	-50	-32	-2	2	2
1867	-50	-31	-1	1	1
1868	-50	-30	-10	10	10
1869	-50	-29	-1	1	1
1870	-50	-28	-2	2	2
1871	-50	-27	-1	1	1
1872	-50	-26	-2	2	2
1873	-50	-25	-25	25	25
1874	-50	-24	-2	2	2
1875	-50	-23	-1	1	1
1876	-50	-22	-2	2	2
1877	-50	-21	-1	1	1
1878	-50	-20	-10	10	10
1879	-50	-19	-1	1	1
1880	-50	-18	-2	2	2
1881	-50	-17	-1	1	1
1882	-50	-16	-2	2	2
1883	-50	-15	-5	5	5
1884	-50	-14	-2	2	2
1885	-50	-13	-1	1	1
1886	-50	-12	-2	2	2
1887	-50	-11	-1	1	1
1888	-50	-10	-10	10	10
1889	-50	-9	-1	1	1
1890	-50	-8	-2	2	2
1891	-50	-7	-1	1	1
1892	-50	-6	-2	2	2
1893	-50	-5	-5	5	5
1894	-50	-4	-2	2	2
1895	-50	-3	-1	1	1
1896	-50	-2	-2	2	2
1897	-50	-1	-1	1	1
1898	-50	0	-50	50	50
1899	-50	1	1	1	1
1900	-50	2	2	2	2
1901	-50	3	1	1	1
1902	-50	4	2	2	2
1903	-50	5	5	5	5
1904	-50	6	2	2	2
1905	-50	7	1	1	1
1906	-50	8	2	2	2
1907	-50	9	1	1	1
1908	-50	10	10	10	10
1909	-50	11	1	1	1
1910	-50	12	2	2	2
1911	-50	13	1	1	1
1912	-50	14	2	2	2
1913	-50	15	5	5	5
1914	-50	16	2	2	2
1915	-50	17	1	1	1
1916	-50	18	2	2	2
1917	-50	19	1	1	1
1918	-50	20	10	10	10
1919	-50	21	1	1	1
1920	-50	22	2	2	2
1921	-50	23	1	1	1
1922	-50	24	2	2	2
1923	-50	25	25	25	25
1924	-50	26	2	2	2
1925	-50	27	1	1	1
1926	-50	28	2	2	2
1927	-50	29	1	1	1
1928	-50	30	10	10	10
1929	-50	31	1	1	1
1930	-50	32	2	2	2
1931	-50	33	1	1	1
1932	-50	34	2	2	2
1933	-50	35	5	5	5
1934	-50	36	2	2	2
1935	-50	37	1	1	1
1936	-50	38	2	2	2
1937	-50	39	1	1	1
1938	-50	40	10	10	10
1939	-50	41	1	1	1
1940	-50	42	2	2	2
1941	-50	43	1	1	1
1942	-50	44	2	2	2
1943	-50	45	5	5	5
1944	-50	46	2	2	2
1945	-50	47	1	1	1
1946	-50	48	2	2	2
1947	-50	49	1	1	1
1948	-50	50	50	50	50
1949	-50	51	1	1	1
1950	-50	52	2	2	2
1951	-50	53	1	1	1
1952	-50	54	2	2	2
1953	-50	55	5	5	5
1954	-50	56	2	2	2
1955	-50	57	1	1	1
1956	-50	58	2	2	2
1957	-50	59	1	1	1
1958	-50	60	10	10	10
1959	-50	61	1	1	1
1960	-50	62	2	2	2
1961	-50	63	1	1	1
1962	-50	64	2	2	2
1963	-49	-64	-1	1	1
1964	-49	-63	-7	7	7
1965	-49	-62	-1	1	1
1966	-49	-61	-1	1	1
1967	-49	-60	-1	1	1
1968	-49	-59	-1	1	1
1969	-49	-58	-1	1	1
1970	-49	-57	-1	1	1
1971	-49	-56	-7	7	7
1972	-49	-55	-1	1	1
1973	-49	-54	-1	1	1
1974	-49	-53	-1	1	1
1975	-49	-52	-1	1	1
1976	-49	-51	-1	1	1
1977	-49	-50	-1	1	1
1978	-49	-49	-49	49	49
1979	-49	-48	-1	1	1
1980	-49	-47	-1	1	1
1981	-49	-46	-1	1	1
1982	-49	-45	-1	1	1
1983	-49	-44	-1	1	1
1984	-49	-43	-1	1	1
1985	-49	-42	-7	7	7
1986	-49	-41	-1	1	1
1987	-49	-40	-1	1	1
1988	-49	-39	-1	1	1
1989	-49	-38	-1	1	1
1990	-49	-37	-1	1	1
1991	-49	-36	-1	1	1
1992	-49	-35	-7	7	7
1993	-49	-34	-1	1	1
1994	-49	-33	-1	1	1
1995	-49	-32	-1	1	1
1996	-49	-31	-1	1	1
1997	-49	-30	-1	1	1
1998	-49	-29	-1	1	1
1999	-49	-28	-7	7	7
2000	-49	-27	-1	1	1
2001	-49	-26	-1	1	1
2002	-49	-25	-1	1	1
2003	-49	-24	-1	1	1
2004	-49	-23	-1	1	1
2005	-49	-22	-1	1	1
2006	-49	-21	-7	7	7
2007	-49	-20	-1	1	1
2008	-49	-19	-1	1	1
2009	-49	-18	-1	1	1
2010	-49	-17	-1	1	1
2011	-49	-16	-1	1	1
2012	-49	-15	-1	1	1
2013	-49	-14	-7	7	7
2014	-49	-13	-1	1	1
2015	-49	-12	-1	1	1
2016	-49	-11	-1	1	1
2017	-49	-10	-1	1	1
2018	-49	-9	-1	1	1
2019	-49	-8	-1	1	1
2020	-49	-7	-7	7	7
2021	-49	-6	-1	1	1
2022	-49	-5	-1	1	1
2023	-49	-4	-1	1	1
2024	-49	-3	-1	1	1
2025	-49	-2	-1	1	1
2026	-49	-1	-1	1	1
2027	-49	0	-49	49	49
2028	-49	1	1	1	1
2029	-49	2	1	1	1
2030	-49	3	1	1	1
2031	-49	4	1	1	1
2032	-49	5	1	1	1
2033	-49	6	1	1	1
2034	-49	7	7	7	7
2035	-49	8	1	1	1
2036	-49	9	1	1	1
2037	-49	10	1	1	1
2038	-49	11	1	1	1
2039	-49	12	1	1	1
2040	-49	13	1	1	1
2041	-49	14	7	7	7
2042	-49	15	1	1	1
2043	-49	16	1	1	1
2044	-49	17	1	1	1
2045	-49	18	1	1	1
2046	-49	19	1	1	1
2047	-49	20	1	1	1
2048	-49	21	7	7	7
2049	-49	22	1	1	1
2050	-49	23	1	1	1
2051	-49	24	1	1	1
2052	-49	25	1	1	1
2053	-49	26	1	1	1
2054	-49	27	1	1	1
2055	-49	28	7	7	7
2056	-49	29	1	1	1
2057	-49	30	1	1	1
2058	-49	31	1	1	1
2059	-49	32	1	1	1
2060	-49	33	1	1	1
2061	-49	34	1	1	1
2062	-49	35	7	7	7
2063	-49	36	1	1	1
2064	-49	37	1	1	1
2065	-49	38	1	1	1
2066	-49	39	1	1	1
2067	-49	40	1	1	1
2068	-49	41	1	1	1
2069	-49	42	7	7	7
2070	-49	43	1	1	1
2071	-49	44	1	1	1
2072	-49	45	1	1	1
2073	-49	46	1	1	1
2074	-49	47	1	1	1
2075	-49	48	1	1	1
2076	-49	49	49	49	49
2077	-49	50	1	1	1
2078	-49	51	1	1	1
2079	-49	52	1	1	1
2080	-49	53	1	1	1
2081	-49	54	1	1	1
2082	-49	55	1	1	1
2083	-49	56	7	7	7
2084	-49	57	1	1	1
2085	-49	58	1	1	1
2086	-49	59	1	1	1
2087	-49	60	1	1	1
2088	-49	61	1	1	1
2089	-49	62	1	1	1
2090	-49	63	7	7	7
2091	-49	64	1	1	1
2092	-48	-64	-16	16	16
2093	-48	-63	-3	3	3
2094	-48	-62	-2	2	2
2095	-48	-61	-1	1	1
2096	-48	-60	-12	12	12
2097	-48	-59	-1	1	1
2098	-48	-58	-2	2	2
2099	-48	-57	-3	3	3
2100	-48	-56	-8	8	8
2101	-48	-55	-1	1	1
2102	-48	-54	-6	6	6
2103	-48	-53	-1	1	1
2104	-48	-52	-4	4	4
2105	-48	-51	-3	3	3
2106	-48	-50	-2	2	2
2107	-48	-49	-1	1	1
2108	-48	-48	-48	48	48
2109	-48	-47	-1	1	1
2110	-48	-46	-2	2	2
2111	-48	-45	-3	3	3
2112	-48	-44	-4	4	4
2113	-48	-43	-1	1	1
2114	-48	-42	-6	6	6
2115	-48	-41	-1	1	1
2116	-48	-40	-8	8	8
2117	-48	-39	-3	3	3
2118	-48	-38	-2	2	2
2119	-48	-37	-1	1	1
2120	-48	-36	-12	12	12
2121	-48	-35	-1	1	1
2122	-48	-34	-2	2	2
2123	-48	-33	-3	3	3
2124	-48	-32	-16	16	16
2125	-48	-31	-1	1	1
2126	-48	-30	-6	6	6
2127	-48	-29	-1	1	1
2128	-48	-28	-4	4	4
2129	-48	-27	-3	3	3
2130	-48	-26	-2	2	2
2131	-48	-25	-1	1	1
2132	-48	-24	-24	24	24
2133	-48	-23	-1	1	1
2134	-48	-22	-2	2	2
2135	-48	-21	-3	3	3
2136	-48	-20	-4	4	4
2137	-48	-19	-1	1	1
2138	-48	-18	-6	6	6
2139	-48	-17	-1	1	1
2140	-48	-16	-16	16	16
2141	-48	-15	-3	3	3
2142	-48	-14	-2	2	2
2143	-48	-13	-1	1	1
2144	-48	-12	-12	12	12
2145	-48	-11	-1	1	1
2146	-48	-10	-2	2	2
2147	-48	-9	-3	3	3
2148	-48	-8	-8	8	8
2149	-48	-7	-1	1	1
2150	-48	-6	-6	6	6
2151	-48	-5	-1	1	1
2152	-48	-4	-4	4	4
2153	-48	-3	-3	3	3
2154	-48	-2	-2	2	2
2155	-48	-1	-1	1	1
2156	-48	0	-48	48	48
2157	-48	1	1	1	1
2158	-48	2	2	2	2
2159	-48	3	3	3	3
2160	-48	4	4	4	4
2161	-48	5	1	1	1
2162	-48	6	6	6	6
2163	-48	7	1	1	1
2164	-48	8	8	8	8
2165	-48	9	3	3	3
2166	-48	10	2	2	2
2167	-48	11	1	1	1
2168	-48	12	12	12	12
2169	-48	13	1	1	1
2170	-48	14	2	2	2
2171	-48	15	3	3	3
2172	-48	16	16	16	16
2173	-48	17	1	1	1
2174	-48	18	6	6	6
2175	-48	19	1	1	1
2176	-48	20	4	4	4
2177	-48	21	3	3	3
2178	-48	22	2	2	2
2179	-48	23	1	1	1
2180	-48	24	24	24	24
2181	-48	25	1	1	1
2182	-48	26	2	2	2
2183	-48	27	3	3	3
2184	-48	28	4	4	4
2185	-48	29	1	1	1
2186	-48	30	6	6	6
2187	-48	31	1	1	1
2188	-48	32	16	16	16
2189	-48	33	3	3	3
2190	-48	34	2	2	2
2191	-48	35	1	1	1
2192	-48	36	12	12	12
2193	-48	37	1	1	1
2194	-48	38	2	2	2
2195	-48	39	3	3	3
2196	-48	40	8	8	8
2197	-48	41	1	1	1
2198	-48	42	6	6	6
2199	-48	43	1	1	1
2200	-48	44	4	4	4
2201	-48	45	3	3	3
2202	-48	46	2	2	2
2203	-48	47	1	1	1
2204	-48	48	48	48	48
2205	-48	49	1	1	1
2206	-48	50	2	2	2
2207	-48	51	3	3	3
2208	-48	52	4	4	4
2209	-48	53	1	1	1
2210	-48	54	6	6	6
2211	-48	55	1	1	1
2212	-48	56	8	8	8
2213	-48	57	3	3	3
2214	-48	58	2	2	2
2215	-48	59	1	1	1
2216	-48	60	12	12	12
2217	-48	61	1	1	1
2218	-48	62	2	2	2
2219	-48	63	3	3	3
2220	-48	64	16	16	16
2221	-47	-64	-1	1	1
2222	-47	-63	-1	1	1
2223	-47	-62	-1	1	1
2224	-47	-61	-1	1	1
2225	-47	-60	-1	1	1
2226	-47	-59	-1	1	1
2227	-47	-58	-1	1	1
2228	-47	-57	-1	1	1
2229	-47	-56	-1	1	1
2230	-47	-55	-1	1	1
2231	-47	-54	-1	1	1
2232	-47	-53	-1	1	1
2233	-47	-52	-1	1	1
2234	-47	-51	-1	1	1
2235	-47	-50	-1	1	1
2236	-47	-49	-1	1	1
2237	-47	-48	-1	1	1
2238	-47	-47	-47	47	47
2239	-47	-46	-1	1	1
2240	-47	-45	-1	1	1
2241	-47	-44	-1	1	1
2242	-47	-43	-1	1	1
2243	-47	-42	-1	1	1
2244	-47	-41	-1	1	1
2245	-47	-40	-1	1	1
2246	-47	-39	-1	1	1
2247	-47	-38	-1	1	1
2248	-47	-37	-1	1	1
2249	-47	-36	-1	1	1
2250	-47	-35	-1	1	1
2251	-47	-34	-1	1	1
2252	-47	-33	-1	1	1
2253	-47	-32	-1	1	1
2254	-47	-31	-1	1	1
2255	-47	-30	-1	1	1
2256	-47	-29	-1	1	1
2257	-47	-28	-1	1	1
2258	-47	-27	-1	1	1
2259	-47	-26	-1	1	1
2260	-47	-25	-1	1	1
2261	-47	-24	-1	1	1
2262	-47	-23	-1	1	1
2263	-47	-22	-1	1	1
2264	-47	-21	-1	1	1
2265	-47	-20	-1	1	1
2266	-47	-19	-1	1	1
2267	-47	-18	-1	1	1
2268	-47	-17	-1	1	1
2269	-47	-16	-1	1	1
2270	-47	-15	-1	1	1
2271	-47	-14	-1	1	1
2272	-47	-13	-1	1	1
2273	-47	-12	-1	1	1
2274	-47	-11	-1	1	1
2275	-47	-10	-1	1	1
2276	-47	-9	-1	1	1
2277	-47	-8	-1	1	1
2278	-47	-7	-1	1	1
2279	-47	-6	-1	1	1
2280	-47	-5	-1	1	1
2281	-47	-4	-1	1	1
2282	-47	-3	-1	1	1
2283	-47	-2	-1	1	1
2284	-47	-1	-1	1	1
2285	-47	0	-47	47	47
2286	-47	1	1	1	1
2287	-47	2	1	1	1
2288	-47	3	1	1	1
2289	-47	4	1	1	1
2290	-47	5	1	1	1
2291	-47	6	1	1	1
2292	-47	7	1	1	1
2293	-47	8	1	1	1
2294	-47	9	1	1	1
2295	-47	10	1	1	1
2296	-47	11	1	1	1
2297	-47	12	1	1	1
2298	-47	13	1	1	1
2299	-47	14	1	1	1
2300	-47	15	1	1	1
2301	-47	16	1	1	1
2302	-47	17	1	1	1
2303	-47	18	1	1	1
2304	-47	19	1	1	1
2305	-47	20	1	1	1
2306	-47	21	1	1	1
2307	-47	22	1	1	1
2308	-47	23	1	1	1
2309	-47	24	1	1	1
2310	-47	25	1	1	1
2311	-47	26	1	1	1
2312	-47	27	1	1	1
2313	-47	28	1	1	1
2314	-47	29	1	1	1
2315	-47	30	1	1	1
2316	-47	31	1	1	1
2317	-47	32	1	1	1
2318	-47	33	1	1	1
2319	-47	34	1	1	1
2320	-47	35	1	1	1
2321	-47	36	1	1	1
2322	-47	37	1	1	1
2323	-47	38	1	1	1
2324	-47	39	1	1	1
2325	-47	40	1	1	1
2326	-47	41	1	1	1
2327	-47	42	1	1	1
2328	-47	43	1	1	1
2329	-47	44	1	1	1
2330	-47	45	1	1	1
2331	-47	46	1	1	1
2332	-47	47	47	47	47
2333	-47	48	1	1	1
2334	-47	49	1	1	1
2335	-47	50	1	1	1
2336	-47	51	1	1	1
2337	-47	52	1	1	1
2338	-47	53	1	1	1
2339	-47	54	1	1	1
2340	-47	55	1	1	1
2341	-47	56	1	1	1
2342	-47	57	1	1	1
2343	-47	58	1	1	1
2344	-47	59	1	1	1
2345	-47	60	1	1	1
2346	-47	61	1	1	1
2347	-47	62	1	1	1
2348	-47	63	1	1	1
2349	-47	64	1	1	1
2350	-46	-64	-2	2	2
2351	-46	-63	-1	1	1
2352	-46	-62	-2	2	2
2353	-46	-61	-1	1	1
2354	-46	-60	-2	2	2
2355	-46	-59	-1	1	1
2356	-46	-58	-2	2	2
2357	-46	-57	-1	1	1
2358	-46	-56	-2	2	2
2359	-46	-55	-1	1	1
2360	-46	-54	-2	2	2
2361	-46	-53	-1	1	1
2362	-46	-52	-2	2	2
2363	-46	-51	-1	1	1
2364	-46	-50	-2	2	2
2365	-46	-49	-1	1	1
2366	-46	-48	-2	2	2
2367	-46	-47	-1	1	1
2368	-46	-46	-46	46	46
2369	-46	-45	-1	1	1
2370	-46	-44	-2	2	2
2371	-46	-43	-1	1	1
2372	-46	-42	-2	2	2
2373	-46	-41	-1	1	1
2374	-46	-40	-2	2	2
2375	-46	-39	-1	1	1
2376	-46	-38	-2	2	2
2377	-46	-37	-1	1	1
2378	-46	-36	-2	2	2
2379	-46	-35	-1	1	1
2380	-46	-34	-2	2	2
2381	-46	-33	-1	1	1
2382	-46	-32	-2	2	2
2383	-46	-31	-1	1	1
2384	-46	-30	-2	2	2
2385	-46	-29	-1	1	1
2386	-46	-28	-2	2	2
2387	-46	-27	-1	1	1
2388	-46	-26	-2	2	2
2389	-46	-25	-1	1	1
2390	-46	-24	-2	2	2
2391	-46	-23	-23	23	23
2392	-46	-22	-2	2	2
2393	-46	-21	-1	1	1
2394	-46	-20	-2	2	2
2395	-46	-19	-1	1	1
2396	-46	-18	-2	2	2
2397	-46	-17	-1	1	1
2398	-46	-16	-2	2	2
2399	-46	-15	-1	1	1
2400	-46	-14	-2	2	2
2401	-46	-13	-1	1	1
2402	-46	-12	-2	2	2
2403	-46	-11	-1	1	1
2404	-46	-10	-2	2	2
2405	-46	-9	-1	1	1
2406	-46	-8	-2	2	2
2407	-46	-7	-1	1	1
2408	-46	-6	-2	2	2
2409	-46	-5	-1	1	1
2410	-46	-4	-2	2	2
2411	-46	-3	-1	1	1
2412	-46	-2	-2	2	2
2413	-46	-1	-1	1	1
2414	-46	0	-46	46	46
2415	-46	1	1	1	1
2416	-46	2	2	2	2
2417	-46	3	1	1	1
2418	-46	4	2	2	2
2419	-46	5	1	1	1
2420	-46	6	2	2	2
2421	-46	7	1	1	1
2422	-46	8	2	2	2
2423	-46	9	1	1	1
2424	-46	10	2	2	2
2425	-46	11	1	1	1
2426	-46	12	2	2	2
2427	-46	13	1	1	1
2428	-46	14	2	2	2
2429	-46	15	1	1	1
2430	-46	16	2	2	2
2431	-46	17	1	1	1
2432	-46	18	2	2	2
2433	-46	19	1	1	1
2434	-46	20	2	2	2
2435	-46	21	1	1	1
2436	-46	22	2	2	2
2437	-46	23	23	23	23
2438	-46	24	2	2	2
2439	-46	25	1	1	1
2440	-46	26	2	2	2
2441	-46	27	1	1	1
2442	-46	28	2	2	2
2443	-46	29	1	1	1
2444	-46	30	2	2	2
2445	-46	31	1	1	1
2446	-46	32	2	2	2
2447	-46	33	1	1	1
2448	-46	34	2	2	2
2449	-46	35	1	1	1
2450	-46	36	2	2	2
2451	-46	37	1	1	1
2452	-46	38	2	2	2
2453	-46	39	1	1	1
2454	-46	40	2	2	2
2455	-46	41	1	1	1
2456	-46	42	2	2	2
2457	-46	43	1	1	1
2458	-46	44	2	2	2
2459	-46	45	1	1	1
2460	-46	46	46	46	46
2461	-46	47	1	1	1
2462	-46	48	2	2	2
2463	-46	49	1	1	1
2464	-46	50	2	2	2
2465	-46	51	1	1	1
2466	-46	52	2	2	2
2467	-46	53	1	1	1
2468	-46	54	2	2	2
2469	-46	55	1	1	1
2470	-46	56	2	2	2
2471	-46	57	1	1	1
2472	-46	58	2	2	2
2473	-46	59	1	1	1
2474	-46	60	2	2	2
2475	-46	61	1	1	1
2476	-46	62	2	2	2
2477	-46	63	1	1	1
2478	-46	64	2	2	2
2479	-45	-64	-1	1	1
2480	-45	-63	-9	9	9
2481	-45	-62	-1	1	1
2482	-45	-61	-1	1	1
2483	-45	-60	-15	15	15
2484	-45	-59	-1	1	1
2485	-45	-58	-1	1	1
2486	-45	-57	-3	3	3
2487	-45	-56	-1	1	1
2488	-45	-55	-5	5	5
2489	-45	-54	-9	9	9
2490	-45	-53	-1	1	1
2491	-45	-52	-1	1	1
2492	-45	-51	-3	3	3
2493	-45	-50	-5	5	5
2494	-45	-49	-1	1	1
2495	-45	-48	-3	3	3
2496	-45	-47	-1	1	1
2497	-45	-46	-1	1	1
2498	-45	-45	-45	45	45
2499	-45	-44	-1	1	1
2500	-45	-43	-1	1	1
2501	-45	-42	-3	3	3
2502	-45	-41	-1	1	1
2503	-45	-40	-5	5	5
2504	-45	-39	-3	3	3
2505	-45	-38	-1	1	1
2506	-45	-37	-1	1	1
2507	-45	-36	-9	9	9
2508	-45	-35	-5	5	5
2509	-45	-34	-1	1	1
2510	-45	-33	-3	3	3
2511	-45	-32	-1	1	1
2512	-45	-31	-1	1	1
2513	-45	-30	-15	15	15
2514	-45	-29	-1	1	1
2515	-45	-28	-1	1	1
2516	-45	-27	-9	9	9
2517	-45	-26	-1	1	1
2518	-45	-25	-5	5	5
2519	-45	-24	-3	3	3
2520	-45	-23	-1	1	1
2521	-45	-22	-1	1	1
2522	-45	-21	-3	3	3
2523	-45	-20	-5	5	5
2524	-45	-19	-1	1	1
2525	-45	-18	-9	9	9
2526	-45	-17	-1	1	1
2527	-45	-16	-1	1	1
2528	-45	-15	-15	15	15
2529	-45	-14	-1	1	1
2530	-45	-13	-1	1	1
2531	-45	-12	-3	3	3
2532	-45	-11	-1	1	1
2533	-45	-10	-5	5	5
2534	-45	-9	-9	9	9
2535	-45	-8	-1	1	1
2536	-45	-7	-1	1	1
2537	-45	-6	-3	3	3
2538	-45	-5	-5	5	5
2539	-45	-4	-1	1	1
2540	-45	-3	-3	3	3
2541	-45	-2	-1	1	1
2542	-45	-1	-1	1	1
2543	-45	0	-45	45	45
2544	-45	1	1	1	1
2545	-45	2	1	1	1
2546	-45	3	3	3	3
2547	-45	4	1	1	1
2548	-45	5	5	5	5
2549	-45	6	3	3	3
2550	-45	7	1	1	1
2551	-45	8	1	1	1
2552	-45	9	9	9	9
2553	-45	10	5	5	5
2554	-45	11	1	1	1
2555	-45	12	3	3	3
2556	-45	13	1	1	1
2557	-45	14	1	1	1
2558	-45	15	15	15	15
2559	-45	16	1	1	1
2560	-45	17	1	1	1
2561	-45	18	9	9	9
2562	-45	19	1	1	1
2563	-45	20	5	5	5
2564	-45	21	3	3	3
2565	-45	22	1	1	1
2566	-45	23	1	1	1
2567	-45	24	3	3	3
2568	-45	25	5	5	5
2569	-45	26	1	1	1
2570	-45	27	9	9	9
2571	-45	28	1	1	1
2572	-45	29	1	1	1
2573	-45	30	15	15	15
2574	-45	31	1	1	1
2575	-45	32	1	1	1
2576	-45	33	3	3	3
2577	-45	34	1	1	1
2578	-45	35	5	5	5
2579	-45	36	9	9	9
2580	-45	37	1	1	1
2581	-45	38	1	1	1
2582	-45	39	3	3	3
2583	-45	40	5	5	5
2584	-45	41	1	1	1
2585	-45	42	3	3	3
2586	-45	43	1	1	1
2587	-45	44	1	1	1
2588	-45	45	45	45	45
2589	-45	46	1	1	1
2590	-45	47	1	1	1
2591	-45	48	3	3	3
2592	-45	49	1	1	1
2593	-45	50	5	5	5
2594	-45	51	3	3	3
2595	-45	52	1	1	1
2596	-45	53	1	1	1
2597	-45	54	9	9	9
2598	-45	55	5	5	5
2599	-45	56	1	1	1
2600	-45	57	3	3	3
2601	-45	58	1	1	1
2602	-45	59	1	1	1
2603	-45	60	15	15	15
2604	-45	61	1	1	1
2605	-45	62	1	1	1
2606	-45	63	9	9	9
2607	-45	64	1	1	1
2608	-44	-64	-4	4	4
2609	-44	-63	-1	1	1
2610	-44	-62	-2	2	2
2611	-44	-61	-1	1	1
2612	-44	-60	-4	4	4
2613	-44	-59	-1	1	1
2614	-44	-58	-2	2	2
2615	-44	-57	-1	1	1
2616	-44	-56	-4	4	4
2617	-44	-55	-11	11	11
2618	-44	-54	-2	2	2
2619	-44	-53	-1	1	1
2620	-44	-52	-4	4	4
2621	-44	-51	-1	1	1
2622	-44	-50	-2	2	2
2623	-44	-49	-1	1	1
2624	-44	-48	-4	4	4
2625	-44	-47	-1	1	1
2626	-44	-46	-2	2	2
2627	-44	-45	-1	1	1
2628	-44	-44	-44	44	44
2629	-44	-43	-1	1	1
2630	-44	-42	-2	2	2
2631	-44	-41	-1	1	1
2632	-44	-40	-4	4	4
2633	-44	-39	-1	1	1
2634	-44	-38	-2	2	2
2635	-44	-37	-1	1	1
2636	-44	-36	-4	4	4
2637	-44	-35	-1	1	1
2638	-44	-34	-2	2	2
2639	-44	-33	-11	11	11
2640	-44	-32	-4	4	4
2641	-44	-31	-1	1	1
2642	-44	-30	-2	2	2
2643	-44	-29	-1	1	1
2644	-44	-28	-4	4	4
2645	-44	-27	-1	1	1
2646	-44	-26	-2	2	2
2647	-44	-25	-1	1	1
2648	-44	-24	-4	4	4
2649	-44	-23	-1	1	1
2650	-44	-22	-22	22	22
2651	-44	-21	-1	1	1
2652	-44	-20	-4	4	4
2653	-44	-19	-1	1	1
2654	-44	-18	-2	2	2
2655	-44	-17	-1	1	1
2656	-44	-16	-4	4	4
2657	-44	-15	-1	1	1
2658	-44	-14	-2	2	2
2659	-44	-13	-1	1	1
2660	-44	-12	-4	4	4
2661	-44	-11	-11	11	11
2662	-44	-10	-2	2	2
2663	-44	-9	-1	1	1
2664	-44	-8	-4	4	4
2665	-44	-7	-1	1	1
2666	-44	-6	-2	2	2
2667	-44	-5	-1	1	1
2668	-44	-4	-4	4	4
2669	-44	-3	-1	1	1
2670	-44	-2	-2	2	2
2671	-44	-1	-1	1	1
2672	-44	0	-44	44	44
2673	-44	1	1	1	1
2674	-44	2	2	2	2
2675	-44	3	1	1	1
2676	-44	4	4	4	4
2677	-44	5	1	1	1
2678	-44	6	2	2	2
2679	-44	7	1	1	1
2680	-44	8	4	4	4
2681	-44	9	1	1	1
2682	-44	10	2	2	2
2683	-44	11	11	11	11
2684	-44	12	4	4	4
2685	-44	13	1	1	1
2686	-44	14	2	2	2
2687	-44	15	1	1	1
2688	-44	16	4	4	4
2689	-44	17	1	1	1
2690	-44	18	2	2	2
2691	-44	19	1	1	1
2692	-44	20	4	4	4
2693	-44	21	1	1	1
2694	-44	22	22	22	22
2695	-44	23	1	1	1
2696	-44	24	4	4	4
2697	-44	25	1	1	1
2698	-44	26	2	2	2
2699	-44	27	1	1	1
2700	-44	28	4	4	4
2701	-44	29	1	1	1
2702	-44	30	2	2	2
2703	-44	31	1	1	1
2704	-44	32	4	4	4
2705	-44	33	11	11	11
2706	-44	34	2	2	2
2707	-44	35	1	1	1
2708	-44	36	4	4	4
2709	-44	37	1	1	1
2710	-44	38	2	2	2
2711	-44	39	1	1	1
2712	-44	40	4	4	4
2713	-44	41	1	1	1
2714	-44	42	2	2	2
2715	-44	43	1	1	1
2716	-44	44	44	44	44
2717	-44	45	1	1	1
2718	-44	46	2	2	2
2719	-44	47	1	1	1
2720	-44	48	4	4	4
2721	-44	49	1	1	1
2722	-44	50	2	2	2
2723	-44	51	1	1	1
2724	-44	52	4	4	4
2725	-44	53	1	1	1
2726	-44	54	2	2	2
2727	-44	55	11	11	11
2728	-44	56	4	4	4
2729	-44	57	1	1	1
2730	-44	58	2	2	2
2731	-44	59	1	1	1
2732	-44	60	4	4	4
2733	-44	61	1	1	1
2734	-44	62	2	2	2
2735	-44	63	1	1	1
2736	-44	64	4	4	4
2737	-43	-64	-1	1	1
2738	-43	-63	-1	1	1
2739	-43	-62	-1	1	1
2740	-43	-61	-1	1	1
2741	-43	-60	-1	1	1
2742	-43	-59	-1	1	1
2743	-43	-58	-1	1	1
2744	-43	-57	-1	1	1
2745	-43	-56	-1	1	1
2746	-43	-55	-1	1	1
2747	-43	-54	-1	1	1
2748	-43	-53	-1	1	1
2749	-43	-52	-1	1	1
2750	-43	-51	-1	1	1
2751	-43	-50	-1	1	1
2752	-43	-49	-1	1	1
2753	-43	-48	-1	1	1
2754	-43	-47	-1	1	1
2755	-43	-46	-1	1	1
2756	-43	-45	-1	1	1
2757	-43	-44	-1	1	1
2758	-43	-43	-43	43	43
2759	-43	-42	-1	1	1
2760	-43	-41	-1	1	1
2761	-43	-40	-1	1	1
2762	-43	-39	-1	1	1
2763	-43	-38	-1	1	1
2764	-43	-37	-1	1	1
2765	-43	-36	-1	1	1
2766	-43	-35	-1	1	1
2767	-43	-34	-1	1	1
2768	-43	-33	-1	1	1
2769	-43	-32	-1	1	1
2770	-43	-31	-1	1	1
2771	-43	-30	-1	1	1
2772	-43	-29	-1	1	1
2773	-43	-28	-1	1	1
2774	-43	-27	-1	1	1
2775	-43	-26	-1	1	1
2776	-43	-25	-1	1	1
2777	-43	-24	-1	1	1
2778	-43	-23	-1	1	1
2779	-43	-22	-1	1	1
2780	-43	-21	-1	1	1
2781	-43	-20	-1	1	1
2782	-43	-19	-1	1	1
2783	-43	-18	-1	1	1
2784	-43	-17	-1	1	1
2785	-43	-16	-1	1	1
2786	-43	-15	-1	1	1
2787	-43	-14	-1	1	1
2788	-43	-13	-1	1	1
2789	-43	-12	-1	1	1
2790	-43	-11	-1	1	1
2791	-43	-10	-1	1	1
2792	-43	-9	-1	1	1
2793	-43	-8	-1	1	1
2794	-43	-7	-1	1	1
2795	-43	-6	-1	1	1
2796	-43	-5	-1	1	1
2797	-43	-4	-1	1	1
2798	-43	-3	-1	1	1
2799	-43	-2	-1	1	1
2800	-43	-1	-1	1	1
2801	-43	0	-43	43	43
2802	-43	1	1	1	1
2803	-43	2	1	1	1
2804	-43	3	1	1	1
2805	-43	4	1	1	1
2806	-43	5	1	1	1
2807	-43	6	1	1	1
2808	-43	7	1	1	1
2809	-43	8	1	1	1
2810	-43	9	1	1	1
2811	-43	10	1	1	1
2812	-43	11	1	1	1
2813	-43	12	1	1	1
2814	-43	13	1	1	1
2815	-43	14	1	1	1
2816	-43	15	1	1	1
2817	-43	16	1	1	1
2818	-43	17	1	1	1
2819	-43	18	1	1	1
2820	-43	19	1	1	1
2821	-43	20	1	1	1
2822	-43	21	1	1	1
2823	-43	22	1	1	1
2824	-43	23	1	1	1
2825	-43	24	1	1	1
2826	-43	25	1	1	1
2827	-43	26	1	1	1
2828	-43	27	1	1	1
2829	-43	28	1	1	1
2830	-43	29	1	1	1
2831	-43	30	1	1	1
2832	-43	31	1	1	1
2833	-43	32	1	1	1
2834	-43	33	1	1	1
2835	-43	34	1	1	1
2836	-43	35	1	1	1
2837	-43	36	1	1	1
2838	-43	37	1	1	1
2839	-43	38	1	1	1
2840	-43	39	1	1	1
2841	-43	40	1	1	1
2842	-43	41	1	1	1
2843	-43	42	1	1	1
2844	-43	43	43	43	43
2845	-43	44	1	1	1
2846	-43	45	1	1	1
2847	-43	46	1	1	1
2848	-43	47	1	1	1
2849	-43	48	1	1	1
2850	-43	49	1	1	1
2851	-43	50	1	1	1
2852	-43	51	1	1	1
2853	-43	52	1	1	1
2854	-43	53	1	1	1
2855	-43	54	1	1	1
2856	-43	55	1	1	1
2857	-43	56	1	1	1
2858	-43	57	1	1	1
2859	-43	58	1	1	1
2860	-43	59	1	1	1
2861	-43	60	1	1	1
2862	-43	61	1	1	1
2863	-43	62	1	1	1
2864	-43	63	1	1	1
2865	-43	64	1	1	1
2866	-42	-64	-2	2	2
2867	-42	-63	-21	21	21
2868	-42	-62	-2	2	2
2869	-42	-61	-1	1	1
2870	-42	-60	-6	6	6
2871	-42	-59	-1	1	1
2872	-42	-58	-2	2	2
2873	-42	-57	-3	3	3
2874	-42	-56	-14	14	14
2875	-42	-55	-1	1	1
2876	-42	-54	-6	6	6
2877	-42	-53	-1	1	1
2878	-42	-52	-2	2	2
2879	-42	-51	-3	3	3
2880	-42	-50	-2	2	2
2881	-42	-49	-7	7	7
2882	-42	-48	-6	6	6
2883	-42	-47	-1	1	1
2884	-42	-46	-2	2	2
2885	-42	-45	-3	3	3
2886	-42	-44	-2	2	2
2887	-42	-43	-1	1	1
2888	-42	-42	-42	42	42
2889	-42	-41	-1	1	1
2890	-42	-40	-2	2	2
2891	-42	-39	-3	3	3
2892	-42	-38	-2	2	2
2893	-42	-37	-1	1	1
2894	-42	-36	-6	6	6
2895	-42	-35	-7	7	7
2896	-42	-34	-2	2	2
2897	-42	-33	-3	3	3
2898	-42	-32	-2	2	2
2899	-42	-31	-1	1	1
2900	-42	-30	-6	6	6
2901	-42	-29	-1	1	1
2902	-42	-28	-14	14	14
2903	-42	-27	-3	3	3
2904	-42	-26	-2	2	2
2905	-42	-25	-1	1	1
2906	-42	-24	-6	6	6
2907	-42	-23	-1	1	1
2908	-42	-22	-2	2	2
2909	-42	-21	-21	21	21
2910	-42	-20	-2	2	2
2911	-42	-19	-1	1	1
2912	-42	-18	-6	6	6
2913	-42	-17	-1	1	1
2914	-42	-16	-2	2	2
2915	-42	-15	-3	3	3
2916	-42	-14	-14	14	14
2917	-42	-13	-1	1	1
2918	-42	-12	-6	6	6
2919	-42	-11	-1	1	1
2920	-42	-10	-2	2	2
2921	-42	-9	-3	3	3
2922	-42	-8	-2	2	2
2923	-42	-7	-7	7	7
2924	-42	-6	-6	6	6
2925	-42	-5	-1	1	1
2926	-42	-4	-2	2	2
2927	-42	-3	-3	3	3
2928	-42	-2	-2	2	2
2929	-42	-1	-1	1	1
2930	-42	0	-42	42	42
2931	-42	1	1	1	1
2932	-42	2	2	2	2
2933	-42	3	3	3	3
2934	-42	4	2	2	2
2935	-42	5	1	1	1
2936	-42	6	6	6	6
2937	-42	7	7	7	7
2938	-42	8	2	2	2
2939	-42	9	3	3	3
2940	-42	10	2	2	2
2941	-42	11	1	1	1
2942	-42	12	6	6	6
2943	-42	13	1	1	1
2944	-42	14	14	14	14
2945	-42	15	3	3	3
2946	-42	16	2	2	2
2947	-42	17	1	1	1
2948	-42	18	6	6	6
2949	-42	19	1	1	1
2950	-42	20	2	2	2
2951	-42	21	21	21	21
2952	-42	22	2	2	2
2953	-42	23	1	1	1
2954	-42	24	6	6	6
2955	-42	25	1	1	1
2956	-42	26	2	2	2
2957	-42	27	3	3	3
2958	-42	28	14	14	14
2959	-42	29	1	1	1
2960	-42	30	6	6	6
2961	-42	31	1	1	1
2962	-42	32	2	2	2
2963	-42	33	3	3	3
2964	-42	34	2	2	2
2965	-42	35	7	7	7
2966	-42	36	6	6	6
2967	-42	37	1	1	1
2968	-42	38	2	2	2
2969	-42	39	3	3	3
2970	-42	40	2	2	2
2971	-42	41	1	1	1
2972	-42	42	42	42	42
2973	-42	43	1	1	1
2974	-42	44	2	2	2
2975	-42	45	3	3	3
2976	-42	46	2	2	2
2977	-42	47	1	1	1
2978	-42	48	6	6	6
2979	-42	49	7	7	7
2980	-42	50	2	2	2
2981	-42	51	3	3	3
2982	-42	52	2	2	2
2983	-42	53	1	1	1
2984	-42	54	6	6	6
2985	-42	55	1	1	1
2986	-42	56	14	14	14
2987	-42	57	3	3	3
2988	-42	58	2	2	2
2989	-42	59	1	1	1
2990	-42	60	6	6	6
2991	-42	61	1	1	1
2992	-42	62	2	2	2
2993	-42	63	21	21	21
2994	-42	64	2	2	2
2995	-41	-64	-1	1	1
2996	-41	-63	-1	1	1
2997	-41	-62	-1	1	1
2998	-41	-61	-1	1	1
2999	-41	-60	-1	1	1
3000	-41	-59	-1	1	1
3001	-41	-58	-1	1	1
3002	-41	-57	-1	1	1
3003	-41	-56	-1	1	1
3004	-41	-55	-1	1	1
3005	-41	-54	-1	1	1
3006	-41	-53	-1	1	1
3007	-41	-52	-1	1	1
3008	-41	-51	-1	1	1
3009	-41	-50	-1	1	1
3010	-41	-49	-1	1	1
3011	-41	-48	-1	1	1
3012	-41	-47	-1	1	1
3013	-41	-46	-1	1	1
3014	-41	-45	-1	1	1
3015	-41	-44	-1	1	1
3016	-41	-43	-1	1	1
3017	-41	-42	-1	1	1
3018	-41	-41	-41	41	41
3019	-41	-40	-1	1	1
3020	-41	-39	-1	1	1
3021	-41	-38	-1	1	1
3022	-41	-37	-1	1	1
3023	-41	-36	-1	1	1
3024	-41	-35	-1	1	1
3025	-41	-34	-1	1	1
3026	-41	-33	-1	1	1
3027	-41	-32	-1	1	1
3028	-41	-31	-1	1	1
3029	-41	-30	-1	1	1
3030	-41	-29	-1	1	1
3031	-41	-28	-1	1	1
3032	-41	-27	-1	1	1
3033	-41	-26	-1	1	1
3034	-41	-25	-1	1	1
3035	-41	-24	-1	1	1
3036	-41	-23	-1	1	1
3037	-41	-22	-1	1	1
3038	-41	-21	-1	1	1
3039	-41	-20	-1	1	1
3040	-41	-19	-1	1	1
3041	-41	-18	-1	1	1
3042	-41	-17	-1	1	1
3043	-41	-16	-1	1	1
3044	-41	-15	-1	1	1
3045	-41	-14	-1	1	1
3046	-41	-13	-1	1	1
3047	-41	-12	-1	1	1
3048	-41	-11	-1	1	1
3049	-41	-10	-1	1	1
3050	-41	-9	-1	1	1
3051	-41	-8	-1	1	1
3052	-41	-7	-1	1	1
3053	-41	-6	-1	1	1
3054	-41	-5	-1	1	1
3055	-41	-4	-1	1	1
3056	-41	-3	-1	1	1
3057	-41	-2	-1	1	1
3058	-41	-1	-1	1	1
3059	-41	0	-41	41	41
3060	-41	1	1	1	1
3061	-41	2	1	1	1
3062	-41	3	1	1	1
3063	-41	4	1	1	1
3064	-41	5	1	1	1
3065	-41	6	1	1	1
3066	-41	7	1	1	1
3067	-41	8	1	1	1
3068	-41	9	1	1	1
3069	-41	10	1	1	1
3070	-41	11	1	1	1
3071	-41	12	1	1	1
3072	-41	13	1	1	1
3073	-41	14	1	1	1
3074	-41	15	1	1	1
3075	-41	16	1	1	1
3076	-41	17	1	1	1
3077	-41	18	1	1	1
3078	-41	19	1	1	1
3079	-41	20	1	1	1
3080	-41	21	1	1	1
3081	-41	22	1	1	1
3082	-41	23	1	1	1
3083	-41	24	1	1	1
3084	-41	25	1	1	1
3085	-41	26	1	1	1
3086	-41	27	1	1	1
3087	-41	28	1	1	1
3088	-41	29	1	1	1
3089	-41	30	1	1	1
3090	-41	31	1	1	1
3091	-41	32	1	1	1
3092	-41	33	1	1	1
3093	-41	34	1	1	1
3094	-41	35	1	1	1
3095	-41	36	1	1	1
3096	-41	37	1	1	1
3097	-41	38	1	1	1
3098	-41	39	1	1	1
3099	-41	40	1	1	1
3100	-41	41	41	41	41
3101	-41	42	1	1	1
3102	-41	43	1	1	1
3103	-41	44	1	1	1
3104	-41	45	1	1	1
3105	-41	46	1	1	1
3106	-41	47	1	1	1
3107	-41	48	1	1	1
3108	-41	49	1	1	1
3109	-41	50	1	1	1
3110	-41	51	1	1	1
3111	-41	52	1	1	1
3112	-41	53	1	1	1
3113	-41	54	1	1	1
3114	-41	55	1	1	1
3115	-41	56	1	1	1
3116	-41	57	1	1	1
3117	-41	58	1	1	1
3118	-41	59	1	1	1
3119	-41	60	1	1	1
3120	-41	61	1	1	1
3121	-41	62	1	1	1
3122	-41	63	1	1	1
3123	-41	64	1	1	1
3124	-40	-64	-8	8	8
3125	-40	-63	-1	1	1
3126	-40	-62	-2	2	2
3127	-40	-61	-1	1	1
3128	-40	-60	-20	20	20
3129	-40	-59	-1	1	1
3130	-40	-58	-2	2	2
3131	-40	-57	-1	1	1
3132	-40	-56	-8	8	8
3133	-40	-55	-5	5	5
3134	-40	-54	-2	2	2
3135	-40	-53	-1	1	1
3136	-40	-52	-4	4	4
3137	-40	-51	-1	1	1
3138	-40	-50	-10	10	10
3139	-40	-49	-1	1	1
3140	-40	-48	-8	8	8
3141	-40	-47	-1	1	1
3142	-40	-46	-2	2	2
3143	-40	-45	-5	5	5
3144	-40	-44	-4	4	4
3145	-40	-43	-1	1	1
3146	-40	-42	-2	2	2
3147	-40	-41	-1	1	1
3148	-40	-40	-40	40	40
3149	-40	-39	-1	1	1
3150	-40	-38	-2	2	2
3151	-40	-37	-1	1	1
3152	-40	-36	-4	4	4
3153	-40	-35	-5	5	5
3154	-40	-34	-2	2	2
3155	-40	-33	-1	1	1
3156	-40	-32	-8	8	8
3157	-40	-31	-1	1	1
3158	-40	-30	-10	10	10
3159	-40	-29	-1	1	1
3160	-40	-28	-4	4	4
3161	-40	-27	-1	1	1
3162	-40	-26	-2	2	2
3163	-40	-25	-5	5	5
3164	-40	-24	-8	8	8
3165	-40	-23	-1	1	1
3166	-40	-22	-2	2	2
3167	-40	-21	-1	1	1
3168	-40	-20	-20	20	20
3169	-40	-19	-1	1	1
3170	-40	-18	-2	2	2
3171	-40	-17	-1	1	1
3172	-40	-16	-8	8	8
3173	-40	-15	-5	5	5
3174	-40	-14	-2	2	2
3175	-40	-13	-1	1	1
3176	-40	-12	-4	4	4
3177	-40	-11	-1	1	1
3178	-40	-10	-10	10	10
3179	-40	-9	-1	1	1
3180	-40	-8	-8	8	8
3181	-40	-7	-1	1	1
3182	-40	-6	-2	2	2
3183	-40	-5	-5	5	5
3184	-40	-4	-4	4	4
3185	-40	-3	-1	1	1
3186	-40	-2	-2	2	2
3187	-40	-1	-1	1	1
3188	-40	0	-40	40	40
3189	-40	1	1	1	1
3190	-40	2	2	2	2
3191	-40	3	1	1	1
3192	-40	4	4	4	4
3193	-40	5	5	5	5
3194	-40	6	2	2	2
3195	-40	7	1	1	1
3196	-40	8	8	8	8
3197	-40	9	1	1	1
3198	-40	10	10	10	10
3199	-40	11	1	1	1
3200	-40	12	4	4	4
3201	-40	13	1	1	1
3202	-40	14	2	2	2
3203	-40	15	5	5	5
3204	-40	16	8	8	8
3205	-40	17	1	1	1
3206	-40	18	2	2	2
3207	-40	19	1	1	1
3208	-40	20	20	20	20
3209	-40	21	1	1	1
3210	-40	22	2	2	2
3211	-40	23	1	1	1
3212	-40	24	8	8	8
3213	-40	25	5	5	5
3214	-40	26	2	2	2
3215	-40	27	1	1	1
3216	-40	28	4	4	4
3217	-40	29	1	1	1
3218	-40	30	10	10	10
3219	-40	31	1	1	1
3220	-40	32	8	8	8
3221	-40	33	1	1	1
3222	-40	34	2	2	2
3223	-40	35	5	5	5
3224	-40	36	4	4	4
3225	-40	37	1	1	1
3226	-40	38	2	2	2
3227	-40	39	1	1	1
3228	-40	40	40	40	40
3229	-40	41	1	1	1
3230	-40	42	2	2	2
3231	-40	43	1	1	1
3232	-40	44	4	4	4
3233	-40	45	5	5	5
3234	-40	46	2	2	2
3235	-40	47	1	1	1
3236	-40	48	8	8	8
3237	-40	49	1	1	1
3238	-40	50	10	10	10
3239	-40	51	1	1	1
3240	-40	52	4	4	4
3241	-40	53	1	1	1
3242	-40	54	2	2	2
3243	-40	55	5	5	5
3244	-40	56	8	8	8
3245	-40	57	1	1	1
3246	-40	58	2	2	2
3247	-40	59	1	1	1
3248	-40	60	20	20	20
3249	-40	61	1	1	1
3250	-40	62	2	2	2
3251	-40	63	1	1	1
3252	-40	64	8	8	8
3253	-39	-64	-1	1	1
3254	-39	-63	-3	3	3
3255	-39	-62	-1	1	1
3256	-39	-61	-1	1	1
3257	-39	-60	-3	3	3
3258	-39	-59	-1	1	1
3259	-39	-58	-1	1	1
3260	-39	-57	-3	3	3
3261	-39	-56	-1	1	1
3262	-39	-55	-1	1	1
3263	-39	-54	-3	3	3
3264	-39	-53	-1	1	1
3265	-39	-52	-13	13	13
3266	-39	-51	-3	3	3
3267	-39	-50	-1	1	1
3268	-39	-49	-1	1	1
3269	-39	-48	-3	3	3
3270	-39	-47	-1	1	1
3271	-39	-46	-1	1	1
3272	-39	-45	-3	3	3
3273	-39	-44	-1	1	1
3274	-39	-43	-1	1	1
3275	-39	-42	-3	3	3
3276	-39	-41	-1	1	1
3277	-39	-40	-1	1	1
3278	-39	-39	-39	39	39
3279	-39	-38	-1	1	1
3280	-39	-37	-1	1	1
3281	-39	-36	-3	3	3
3282	-39	-35	-1	1	1
3283	-39	-34	-1	1	1
3284	-39	-33	-3	3	3
3285	-39	-32	-1	1	1
3286	-39	-31	-1	1	1
3287	-39	-30	-3	3	3
3288	-39	-29	-1	1	1
3289	-39	-28	-1	1	1
3290	-39	-27	-3	3	3
3291	-39	-26	-13	13	13
3292	-39	-25	-1	1	1
3293	-39	-24	-3	3	3
3294	-39	-23	-1	1	1
3295	-39	-22	-1	1	1
3296	-39	-21	-3	3	3
3297	-39	-20	-1	1	1
3298	-39	-19	-1	1	1
3299	-39	-18	-3	3	3
3300	-39	-17	-1	1	1
3301	-39	-16	-1	1	1
3302	-39	-15	-3	3	3
3303	-39	-14	-1	1	1
3304	-39	-13	-13	13	13
3305	-39	-12	-3	3	3
3306	-39	-11	-1	1	1
3307	-39	-10	-1	1	1
3308	-39	-9	-3	3	3
3309	-39	-8	-1	1	1
3310	-39	-7	-1	1	1
3311	-39	-6	-3	3	3
3312	-39	-5	-1	1	1
3313	-39	-4	-1	1	1
3314	-39	-3	-3	3	3
3315	-39	-2	-1	1	1
3316	-39	-1	-1	1	1
3317	-39	0	-39	39	39
3318	-39	1	1	1	1
3319	-39	2	1	1	1
3320	-39	3	3	3	3
3321	-39	4	1	1	1
3322	-39	5	1	1	1
3323	-39	6	3	3	3
3324	-39	7	1	1	1
3325	-39	8	1	1	1
3326	-39	9	3	3	3
3327	-39	10	1	1	1
3328	-39	11	1	1	1
3329	-39	12	3	3	3
3330	-39	13	13	13	13
3331	-39	14	1	1	1
3332	-39	15	3	3	3
3333	-39	16	1	1	1
3334	-39	17	1	1	1
3335	-39	18	3	3	3
3336	-39	19	1	1	1
3337	-39	20	1	1	1
3338	-39	21	3	3	3
3339	-39	22	1	1	1
3340	-39	23	1	1	1
3341	-39	24	3	3	3
3342	-39	25	1	1	1
3343	-39	26	13	13	13
3344	-39	27	3	3	3
3345	-39	28	1	1	1
3346	-39	29	1	1	1
3347	-39	30	3	3	3
3348	-39	31	1	1	1
3349	-39	32	1	1	1
3350	-39	33	3	3	3
3351	-39	34	1	1	1
3352	-39	35	1	1	1
3353	-39	36	3	3	3
3354	-39	37	1	1	1
3355	-39	38	1	1	1
3356	-39	39	39	39	39
3357	-39	40	1	1	1
3358	-39	41	1	1	1
3359	-39	42	3	3	3
3360	-39	43	1	1	1
3361	-39	44	1	1	1
3362	-39	45	3	3	3
3363	-39	46	1	1	1
3364	-39	47	1	1	1
3365	-39	48	3	3	3
3366	-39	49	1	1	1
3367	-39	50	1	1	1
3368	-39	51	3	3	3
3369	-39	52	13	13	13
3370	-39	53	1	1	1
3371	-39	54	3	3	3
3372	-39	55	1	1	1
3373	-39	56	1	1	1
3374	-39	57	3	3	3
3375	-39	58	1	1	1
3376	-39	59	1	1	1
3377	-39	60	3	3	3
3378	-39	61	1	1	1
3379	-39	62	1	1	1
3380	-39	63	3	3	3
3381	-39	64	1	1	1
3382	-38	-64	-2	2	2
3383	-38	-63	-1	1	1
3384	-38	-62	-2	2	2
3385	-38	-61	-1	1	1
3386	-38	-60	-2	2	2
3387	-38	-59	-1	1	1
3388	-38	-58	-2	2	2
3389	-38	-57	-19	19	19
3390	-38	-56	-2	2	2
3391	-38	-55	-1	1	1
3392	-38	-54	-2	2	2
3393	-38	-53	-1	1	1
3394	-38	-52	-2	2	2
3395	-38	-51	-1	1	1
3396	-38	-50	-2	2	2
3397	-38	-49	-1	1	1
3398	-38	-48	-2	2	2
3399	-38	-47	-1	1	1
3400	-38	-46	-2	2	2
3401	-38	-45	-1	1	1
3402	-38	-44	-2	2	2
3403	-38	-43	-1	1	1
3404	-38	-42	-2	2	2
3405	-38	-41	-1	1	1
3406	-38	-40	-2	2	2
3407	-38	-39	-1	1	1
3408	-38	-38	-38	38	38
3409	-38	-37	-1	1	1
3410	-38	-36	-2	2	2
3411	-38	-35	-1	1	1
3412	-38	-34	-2	2	2
3413	-38	-33	-1	1	1
3414	-38	-32	-2	2	2
3415	-38	-31	-1	1	1
3416	-38	-30	-2	2	2
3417	-38	-29	-1	1	1
3418	-38	-28	-2	2	2
3419	-38	-27	-1	1	1
3420	-38	-26	-2	2	2
3421	-38	-25	-1	1	1
3422	-38	-24	-2	2	2
3423	-38	-23	-1	1	1
3424	-38	-22	-2	2	2
3425	-38	-21	-1	1	1
3426	-38	-20	-2	2	2
3427	-38	-19	-19	19	19
3428	-38	-18	-2	2	2
3429	-38	-17	-1	1	1
3430	-38	-16	-2	2	2
3431	-38	-15	-1	1	1
3432	-38	-14	-2	2	2
3433	-38	-13	-1	1	1
3434	-38	-12	-2	2	2
3435	-38	-11	-1	1	1
3436	-38	-10	-2	2	2
3437	-38	-9	-1	1	1
3438	-38	-8	-2	2	2
3439	-38	-7	-1	1	1
3440	-38	-6	-2	2	2
3441	-38	-5	-1	1	1
3442	-38	-4	-2	2	2
3443	-38	-3	-1	1	1
3444	-38	-2	-2	2	2
3445	-38	-1	-1	1	1
3446	-38	0	-38	38	38
3447	-38	1	1	1	1
3448	-38	2	2	2	2
3449	-38	3	1	1	1
3450	-38	4	2	2	2
3451	-38	5	1	1	1
3452	-38	6	2	2	2
3453	-38	7	1	1	1
3454	-38	8	2	2	2
3455	-38	9	1	1	1
3456	-38	10	2	2	2
3457	-38	11	1	1	1
3458	-38	12	2	2	2
3459	-38	13	1	1	1
3460	-38	14	2	2	2
3461	-38	15	1	1	1
3462	-38	16	2	2	2
3463	-38	17	1	1	1
3464	-38	18	2	2	2
3465	-38	19	19	19	19
3466	-38	20	2	2	2
3467	-38	21	1	1	1
3468	-38	22	2	2	2
3469	-38	23	1	1	1
3470	-38	24	2	2	2
3471	-38	25	1	1	1
3472	-38	26	2	2	2
3473	-38	27	1	1	1
3474	-38	28	2	2	2
3475	-38	29	1	1	1
3476	-38	30	2	2	2
3477	-38	31	1	1	1
3478	-38	32	2	2	2
3479	-38	33	1	1	1
3480	-38	34	2	2	2
3481	-38	35	1	1	1
3482	-38	36	2	2	2
3483	-38	37	1	1	1
3484	-38	38	38	38	38
3485	-38	39	1	1	1
3486	-38	40	2	2	2
3487	-38	41	1	1	1
3488	-38	42	2	2	2
3489	-38	43	1	1	1
3490	-38	44	2	2	2
3491	-38	45	1	1	1
3492	-38	46	2	2	2
3493	-38	47	1	1	1
3494	-38	48	2	2	2
3495	-38	49	1	1	1
3496	-38	50	2	2	2
3497	-38	51	1	1	1
3498	-38	52	2	2	2
3499	-38	53	1	1	1
3500	-38	54	2	2	2
3501	-38	55	1	1	1
3502	-38	56	2	2	2
3503	-38	57	19	19	19
3504	-38	58	2	2	2
3505	-38	59	1	1	1
3506	-38	60	2	2	2
3507	-38	61	1	1	1
3508	-38	62	2	2	2
3509	-38	63	1	1	1
3510	-38	64	2	2	2
3511	-37	-64	-1	1	1
3512	-37	-63	-1	1	1
3513	-37	-62	-1	1	1
3514	-37	-61	-1	1	1
3515	-37	-60	-1	1	1
3516	-37	-59	-1	1	1
3517	-37	-58	-1	1	1
3518	-37	-57	-1	1	1
3519	-37	-56	-1	1	1
3520	-37	-55	-1	1	1
3521	-37	-54	-1	1	1
3522	-37	-53	-1	1	1
3523	-37	-52	-1	1	1
3524	-37	-51	-1	1	1
3525	-37	-50	-1	1	1
3526	-37	-49	-1	1	1
3527	-37	-48	-1	1	1
3528	-37	-47	-1	1	1
3529	-37	-46	-1	1	1
3530	-37	-45	-1	1	1
3531	-37	-44	-1	1	1
3532	-37	-43	-1	1	1
3533	-37	-42	-1	1	1
3534	-37	-41	-1	1	1
3535	-37	-40	-1	1	1
3536	-37	-39	-1	1	1
3537	-37	-38	-1	1	1
3538	-37	-37	-37	37	37
3539	-37	-36	-1	1	1
3540	-37	-35	-1	1	1
3541	-37	-34	-1	1	1
3542	-37	-33	-1	1	1
3543	-37	-32	-1	1	1
3544	-37	-31	-1	1	1
3545	-37	-30	-1	1	1
3546	-37	-29	-1	1	1
3547	-37	-28	-1	1	1
3548	-37	-27	-1	1	1
3549	-37	-26	-1	1	1
3550	-37	-25	-1	1	1
3551	-37	-24	-1	1	1
3552	-37	-23	-1	1	1
3553	-37	-22	-1	1	1
3554	-37	-21	-1	1	1
3555	-37	-20	-1	1	1
3556	-37	-19	-1	1	1
3557	-37	-18	-1	1	1
3558	-37	-17	-1	1	1
3559	-37	-16	-1	1	1
3560	-37	-15	-1	1	1
3561	-37	-14	-1	1	1
3562	-37	-13	-1	1	1
3563	-37	-12	-1	1	1
3564	-37	-11	-1	1	1
3565	-37	-10	-1	1	1
3566	-37	-9	-1	1	1
3567	-37	-8	-1	1	1
3568	-37	-7	-1	1	1
3569	-37	-6	-1	1	1
3570	-37	-5	-1	1	1
3571	-37	-4	-1	1	1
3572	-37	-3	-1	1	1
3573	-37	-2	-1	1	1
3574	-37	-1	-1	1	1
3575	-37	0	-37	37	37
3576	-37	1	1	1	1
3577	-37	2	1	1	1
3578	-37	3	1	1	1
3579	-37	4	1	1	1
3580	-37	5	1	1	1
3581	-37	6	1	1	1
3582	-37	7	1	1	1
3583	-37	8	1	1	1
3584	-37	9	1	1	1
3585	-37	10	1	1	1
3586	-37	11	1	1	1
3587	-37	12	1	1	1
3588	-37	13	1	1	1
3589	-37	14	1	1	1
3590	-37	15	1	1	1
3591	-37	16	1	1	1
3592	-37	17	1	1	1
3593	-37	18	1	1	1
3594	-37	19	1	1	1
3595	-37	20	1	1	1
3596	-37	21	1	1	1
3597	-37	22	1	1	1
3598	-37	23	1	1	1
3599	-37	24	1	1	1
3600	-37	25	1	1	1
3601	-37	26	1	1	1
3602	-37	27	1	1	1
3603	-37	28	1	1	1
3604	-37	29	1	1	1
3605	-37	30	1	1	1
3606	-37	31	1	1	1
3607	-37	32	1	1	1
3608	-37	33	1	1	1
3609	-37	34	1	1	1
3610	-37	35	1	1	1
3611	-37	36	1	1	1
3612	-37	37	37	37	37
3613	-37	38	1	1	1
3614	-37	39	1	1	1
3615	-37	40	1	1	1
3616	-37	41	1	1	1
3617	-37	42	1	1	1
3618	-37	43	1	1	1
3619	-37	44	1	1	1
3620	-37	45	1	1	1
3621	-37	46	1	1	1
3622	-37	47	1	1	1
3623	-37	48	1	1	1
3624	-37	49	1	1	1
3625	-37	50	1	1	1
3626	-37	51	1	1	1
3627	-37	52	1	1	1
3628	-37	53	1	1	1
3629	-37	54	1	1	1
3630	-37	55	1	1	1
3631	-37	56	1	1	1
3632	-37	57	1	1	1
3633	-37	58	1	1	1
3634	-37	59	1	1	1
3635	-37	60	1	1	1
3636	-37	61	1	1	1
3637	-37	62	1	1	1
3638	-37	63	1	1	1
3639	-37	64	1	1	1
3640	-36	-64	-4	4	4
3641	-36	-63	-9	9	9
3642	-36	-62	-2	2	2
3643	-36	-61	-1	1	1
3644	-36	-60	-12	12	12
3645	-36	-59	-1	1	1
3646	-36	-58	-2	2	2
3647	-36	-57	-3	3	3
3648	-36	-56	-4	4	4
3649	-36	-55	-1	1	1
3650	-36	-54	-18	18	18
3651	-36	-53	-1	1	1
3652	-36	-52	-4	4	4
3653	-36	-51	-3	3	3
3654	-36	-50	-2	2	2
3655	-36	-49	-1	1	1
3656	-36	-48	-12	12	12
3657	-36	-47	-1	1	1
3658	-36	-46	-2	2	2
3659	-36	-45	-9	9	9
3660	-36	-44	-4	4	4
3661	-36	-43	-1	1	1
3662	-36	-42	-6	6	6
3663	-36	-41	-1	1	1
3664	-36	-40	-4	4	4
3665	-36	-39	-3	3	3
3666	-36	-38	-2	2	2
3667	-36	-37	-1	1	1
3668	-36	-36	-36	36	36
3669	-36	-35	-1	1	1
3670	-36	-34	-2	2	2
3671	-36	-33	-3	3	3
3672	-36	-32	-4	4	4
3673	-36	-31	-1	1	1
3674	-36	-30	-6	6	6
3675	-36	-29	-1	1	1
3676	-36	-28	-4	4	4
3677	-36	-27	-9	9	9
3678	-36	-26	-2	2	2
3679	-36	-25	-1	1	1
3680	-36	-24	-12	12	12
3681	-36	-23	-1	1	1
3682	-36	-22	-2	2	2
3683	-36	-21	-3	3	3
3684	-36	-20	-4	4	4
3685	-36	-19	-1	1	1
3686	-36	-18	-18	18	18
3687	-36	-17	-1	1	1
3688	-36	-16	-4	4	4
3689	-36	-15	-3	3	3
3690	-36	-14	-2	2	2
3691	-36	-13	-1	1	1
3692	-36	-12	-12	12	12
3693	-36	-11	-1	1	1
3694	-36	-10	-2	2	2
3695	-36	-9	-9	9	9
3696	-36	-8	-4	4	4
3697	-36	-7	-1	1	1
3698	-36	-6	-6	6	6
3699	-36	-5	-1	1	1
3700	-36	-4	-4	4	4
3701	-36	-3	-3	3	3
3702	-36	-2	-2	2	2
3703	-36	-1	-1	1	1
3704	-36	0	-36	36	36
3705	-36	1	1	1	1
3706	-36	2	2	2	2
3707	-36	3	3	3	3
3708	-36	4	4	4	4
3709	-36	5	1	1	1
3710	-36	6	6	6	6
3711	-36	7	1	1	1
3712	-36	8	4	4	4
3713	-36	9	9	9	9
3714	-36	10	2	2	2
3715	-36	11	1	1	1
3716	-36	12	12	12	12
3717	-36	13	1	1	1
3718	-36	14	2	2	2
3719	-36	15	3	3	3
3720	-36	16	4	4	4
3721	-36	17	1	1	1
3722	-36	18	18	18	18
3723	-36	19	1	1	1
3724	-36	20	4	4	4
3725	-36	21	3	3	3
3726	-36	22	2	2	2
3727	-36	23	1	1	1
3728	-36	24	12	12	12
3729	-36	25	1	1	1
3730	-36	26	2	2	2
3731	-36	27	9	9	9
3732	-36	28	4	4	4
3733	-36	29	1	1	1
3734	-36	30	6	6	6
3735	-36	31	1	1	1
3736	-36	32	4	4	4
3737	-36	33	3	3	3
3738	-36	34	2	2	2
3739	-36	35	1	1	1
3740	-36	36	36	36	36
3741	-36	37	1	1	1
3742	-36	38	2	2	2
3743	-36	39	3	3	3
3744	-36	40	4	4	4
3745	-36	41	1	1	1
3746	-36	42	6	6	6
3747	-36	43	1	1	1
3748	-36	44	4	4	4
3749	-36	45	9	9	9
3750	-36	46	2	2	2
3751	-36	47	1	1	1
3752	-36	48	12	12	12
3753	-36	49	1	1	1
3754	-36	50	2	2	2
3755	-36	51	3	3	3
3756	-36	52	4	4	4
3757	-36	53	1	1	1
3758	-36	54	18	18	18
3759	-36	55	1	1	1
3760	-36	56	4	4	4
3761	-36	57	3	3	3
3762	-36	58	2	2	2
3763	-36	59	1	1	1
3764	-36	60	12	12	12
3765	-36	61	1	1	1
3766	-36	62	2	2	2
3767	-36	63	9	9	9
3768	-36	64	4	4	4
3769	-35	-64	-1	1	1
3770	-35	-63	-7	7	7
3771	-35	-62	-1	1	1
3772	-35	-61	-1	1	1
3773	-35	-60	-5	5	5
3774	-35	-59	-1	1	1
3775	-35	-58	-1	1	1
3776	-35	-57	-1	1	1
3777	-35	-56	-7	7	7
3778	-35	-55	-5	5	5
3779	-35	-54	-1	1	1
3780	-35	-53	-1	1	1
3781	-35	-52	-1	1	1
3782	-35	-51	-1	1	1
3783	-35	-50	-5	5	5
3784	-35	-49	-7	7	7
3785	-35	-48	-1	1	1
3786	-35	-47	-1	1	1
3787	-35	-46	-1	1	1
3788	-35	-45	-5	5	5
3789	-35	-44	-1	1	1
3790	-35	-43	-1	1	1
3791	-35	-42	-7	7	7
3792	-35	-41	-1	1	1
3793	-35	-40	-5	5	5
3794	-35	-39	-1	1	1
3795	-35	-38	-1	1	1
3796	-35	-37	-1	1	1
3797	-35	-36	-1	1	1
3798	-35	-35	-35	35	35
3799	-35	-34	-1	1	1
3800	-35	-33	-1	1	1
3801	-35	-32	-1	1	1
3802	-35	-31	-1	1	1
3803	-35	-30	-5	5	5
3804	-35	-29	-1	1	1
3805	-35	-28	-7	7	7
3806	-35	-27	-1	1	1
3807	-35	-26	-1	1	1
3808	-35	-25	-5	5	5
3809	-35	-24	-1	1	1
3810	-35	-23	-1	1	1
3811	-35	-22	-1	1	1
3812	-35	-21	-7	7	7
3813	-35	-20	-5	5	5
3814	-35	-19	-1	1	1
3815	-35	-18	-1	1	1
3816	-35	-17	-1	1	1
3817	-35	-16	-1	1	1
3818	-35	-15	-5	5	5
3819	-35	-14	-7	7	7
3820	-35	-13	-1	1	1
3821	-35	-12	-1	1	1
3822	-35	-11	-1	1	1
3823	-35	-10	-5	5	5
3824	-35	-9	-1	1	1
3825	-35	-8	-1	1	1
3826	-35	-7	-7	7	7
3827	-35	-6	-1	1	1
3828	-35	-5	-5	5	5
3829	-35	-4	-1	1	1
3830	-35	-3	-1	1	1
3831	-35	-2	-1	1	1
3832	-35	-1	-1	1	1
3833	-35	0	-35	35	35
3834	-35	1	1	1	1
3835	-35	2	1	1	1
3836	-35	3	1	1	1
3837	-35	4	1	1	1
3838	-35	5	5	5	5
3839	-35	6	1	1	1
3840	-35	7	7	7	7
3841	-35	8	1	1	1
3842	-35	9	1	1	1
3843	-35	10	5	5	5
3844	-35	11	1	1	1
3845	-35	12	1	1	1
3846	-35	13	1	1	1
3847	-35	14	7	7	7
3848	-35	15	5	5	5
3849	-35	16	1	1	1
3850	-35	17	1	1	1
3851	-35	18	1	1	1
3852	-35	19	1	1	1
3853	-35	20	5	5	5
3854	-35	21	7	7	7
3855	-35	22	1	1	1
3856	-35	23	1	1	1
3857	-35	24	1	1	1
3858	-35	25	5	5	5
3859	-35	26	1	1	1
3860	-35	27	1	1	1
3861	-35	28	7	7	7
3862	-35	29	1	1	1
3863	-35	30	5	5	5
3864	-35	31	1	1	1
3865	-35	32	1	1	1
3866	-35	33	1	1	1
3867	-35	34	1	1	1
3868	-35	35	35	35	35
3869	-35	36	1	1	1
3870	-35	37	1	1	1
3871	-35	38	1	1	1
3872	-35	39	1	1	1
3873	-35	40	5	5	5
3874	-35	41	1	1	1
3875	-35	42	7	7	7
3876	-35	43	1	1	1
3877	-35	44	1	1	1
3878	-35	45	5	5	5
3879	-35	46	1	1	1
3880	-35	47	1	1	1
3881	-35	48	1	1	1
3882	-35	49	7	7	7
3883	-35	50	5	5	5
3884	-35	51	1	1	1
3885	-35	52	1	1	1
3886	-35	53	1	1	1
3887	-35	54	1	1	1
3888	-35	55	5	5	5
3889	-35	56	7	7	7
3890	-35	57	1	1	1
3891	-35	58	1	1	1
3892	-35	59	1	1	1
3893	-35	60	5	5	5
3894	-35	61	1	1	1
3895	-35	62	1	1	1
3896	-35	63	7	7	7
3897	-35	64	1	1	1
3898	-34	-64	-2	2	2
3899	-34	-63	-1	1	1
3900	-34	-62	-2	2	2
3901	-34	-61	-1	1	1
3902	-34	-60	-2	2	2
3903	-34	-59	-1	1	1
3904	-34	-58	-2	2	2
3905	-34	-57	-1	1	1
3906	-34	-56	-2	2	2
3907	-34	-55	-1	1	1
3908	-34	-54	-2	2	2
3909	-34	-53	-1	1	1
3910	-34	-52	-2	2	2
3911	-34	-51	-17	17	17
3912	-34	-50	-2	2	2
3913	-34	-49	-1	1	1
3914	-34	-48	-2	2	2
3915	-34	-47	-1	1	1
3916	-34	-46	-2	2	2
3917	-34	-45	-1	1	1
3918	-34	-44	-2	2	2
3919	-34	-43	-1	1	1
3920	-34	-42	-2	2	2
3921	-34	-41	-1	1	1
3922	-34	-40	-2	2	2
3923	-34	-39	-1	1	1
3924	-34	-38	-2	2	2
3925	-34	-37	-1	1	1
3926	-34	-36	-2	2	2
3927	-34	-35	-1	1	1
3928	-34	-34	-34	34	34
3929	-34	-33	-1	1	1
3930	-34	-32	-2	2	2
3931	-34	-31	-1	1	1
3932	-34	-30	-2	2	2
3933	-34	-29	-1	1	1
3934	-34	-28	-2	2	2
3935	-34	-27	-1	1	1
3936	-34	-26	-2	2	2
3937	-34	-25	-1	1	1
3938	-34	-24	-2	2	2
3939	-34	-23	-1	1	1
3940	-34	-22	-2	2	2
3941	-34	-21	-1	1	1
3942	-34	-20	-2	2	2
3943	-34	-19	-1	1	1
3944	-34	-18	-2	2	2
3945	-34	-17	-17	17	17
3946	-34	-16	-2	2	2
3947	-34	-15	-1	1	1
3948	-34	-14	-2	2	2
3949	-34	-13	-1	1	1
3950	-34	-12	-2	2	2
3951	-34	-11	-1	1	1
3952	-34	-10	-2	2	2
3953	-34	-9	-1	1	1
3954	-34	-8	-2	2	2
3955	-34	-7	-1	1	1
3956	-34	-6	-2	2	2
3957	-34	-5	-1	1	1
3958	-34	-4	-2	2	2
3959	-34	-3	-1	1	1
3960	-34	-2	-2	2	2
3961	-34	-1	-1	1	1
3962	-34	0	-34	34	34
3963	-34	1	1	1	1
3964	-34	2	2	2	2
3965	-34	3	1	1	1
3966	-34	4	2	2	2
3967	-34	5	1	1	1
3968	-34	6	2	2	2
3969	-34	7	1	1	1
3970	-34	8	2	2	2
3971	-34	9	1	1	1
3972	-34	10	2	2	2
3973	-34	11	1	1	1
3974	-34	12	2	2	2
3975	-34	13	1	1	1
3976	-34	14	2	2	2
3977	-34	15	1	1	1
3978	-34	16	2	2	2
3979	-34	17	17	17	17
3980	-34	18	2	2	2
3981	-34	19	1	1	1
3982	-34	20	2	2	2
3983	-34	21	1	1	1
3984	-34	22	2	2	2
3985	-34	23	1	1	1
3986	-34	24	2	2	2
3987	-34	25	1	1	1
3988	-34	26	2	2	2
3989	-34	27	1	1	1
3990	-34	28	2	2	2
3991	-34	29	1	1	1
3992	-34	30	2	2	2
3993	-34	31	1	1	1
3994	-34	32	2	2	2
3995	-34	33	1	1	1
3996	-34	34	34	34	34
3997	-34	35	1	1	1
3998	-34	36	2	2	2
3999	-34	37	1	1	1
4000	-34	38	2	2	2
4001	-34	39	1	1	1
4002	-34	40	2	2	2
4003	-34	41	1	1	1
4004	-34	42	2	2	2
4005	-34	43	1	1	1
4006	-34	44	2	2	2
4007	-34	45	1	1	1
4008	-34	46	2	2	2
4009	-34	47	1	1	1
4010	-34	48	2	2	2
4011	-34	49	1	1	1
4012	-34	50	2	2	2
4013	-34	51	17	17	17
4014	-34	52	2	2	2
4015	-34	53	1	1	1
4016	-34	54	2	2	2
4017	-34	55	1	1	1
4018	-34	56	2	2	2
4019	-34	57	1	1	1
4020	-34	58	2	2	2
4021	-34	59	1	1	1
4022	-34	60	2	2	2
4023	-34	61	1	1	1
4024	-34	62	2	2	2
4025	-34	63	1	1	1
4026	-34	64	2	2	2
4027	-33	-64	-1	1	1
4028	-33	-63	-3	3	3
4029	-33	-62	-1	1	1
4030	-33	-61	-1	1	1
4031	-33	-60	-3	3	3
4032	-33	-59	-1	1	1
4033	-33	-58	-1	1	1
4034	-33	-57	-3	3	3
4035	-33	-56	-1	1	1
4036	-33	-55	-11	11	11
4037	-33	-54	-3	3	3
4038	-33	-53	-1	1	1
4039	-33	-52	-1	1	1
4040	-33	-51	-3	3	3
4041	-33	-50	-1	1	1
4042	-33	-49	-1	1	1
4043	-33	-48	-3	3	3
4044	-33	-47	-1	1	1
4045	-33	-46	-1	1	1
4046	-33	-45	-3	3	3
4047	-33	-44	-11	11	11
4048	-33	-43	-1	1	1
4049	-33	-42	-3	3	3
4050	-33	-41	-1	1	1
4051	-33	-40	-1	1	1
4052	-33	-39	-3	3	3
4053	-33	-38	-1	1	1
4054	-33	-37	-1	1	1
4055	-33	-36	-3	3	3
4056	-33	-35	-1	1	1
4057	-33	-34	-1	1	1
4058	-33	-33	-33	33	33
4059	-33	-32	-1	1	1
4060	-33	-31	-1	1	1
4061	-33	-30	-3	3	3
4062	-33	-29	-1	1	1
4063	-33	-28	-1	1	1
4064	-33	-27	-3	3	3
4065	-33	-26	-1	1	1
4066	-33	-25	-1	1	1
4067	-33	-24	-3	3	3
4068	-33	-23	-1	1	1
4069	-33	-22	-11	11	11
4070	-33	-21	-3	3	3
4071	-33	-20	-1	1	1
4072	-33	-19	-1	1	1
4073	-33	-18	-3	3	3
4074	-33	-17	-1	1	1
4075	-33	-16	-1	1	1
4076	-33	-15	-3	3	3
4077	-33	-14	-1	1	1
4078	-33	-13	-1	1	1
4079	-33	-12	-3	3	3
4080	-33	-11	-11	11	11
4081	-33	-10	-1	1	1
4082	-33	-9	-3	3	3
4083	-33	-8	-1	1	1
4084	-33	-7	-1	1	1
4085	-33	-6	-3	3	3
4086	-33	-5	-1	1	1
4087	-33	-4	-1	1	1
4088	-33	-3	-3	3	3
4089	-33	-2	-1	1	1
4090	-33	-1	-1	1	1
4091	-33	0	-33	33	33
4092	-33	1	1	1	1
4093	-33	2	1	1	1
4094	-33	3	3	3	3
4095	-33	4	1	1	1
4096	-33	5	1	1	1
4097	-33	6	3	3	3
4098	-33	7	1	1	1
4099	-33	8	1	1	1
4100	-33	9	3	3	3
4101	-33	10	1	1	1
4102	-33	11	11	11	11
4103	-33	12	3	3	3
4104	-33	13	1	1	1
4105	-33	14	1	1	1
4106	-33	15	3	3	3
4107	-33	16	1	1	1
4108	-33	17	1	1	1
4109	-33	18	3	3	3
4110	-33	19	1	1	1
4111	-33	20	1	1	1
4112	-33	21	3	3	3
4113	-33	22	11	11	11
4114	-33	23	1	1	1
4115	-33	24	3	3	3
4116	-33	25	1	1	1
4117	-33	26	1	1	1
4118	-33	27	3	3	3
4119	-33	28	1	1	1
4120	-33	29	1	1	1
4121	-33	30	3	3	3
4122	-33	31	1	1	1
4123	-33	32	1	1	1
4124	-33	33	33	33	33
4125	-33	34	1	1	1
4126	-33	35	1	1	1
4127	-33	36	3	3	3
4128	-33	37	1	1	1
4129	-33	38	1	1	1
4130	-33	39	3	3	3
4131	-33	40	1	1	1
4132	-33	41	1	1	1
4133	-33	42	3	3	3
4134	-33	43	1	1	1
4135	-33	44	11	11	11
4136	-33	45	3	3	3
4137	-33	46	1	1	1
4138	-33	47	1	1	1
4139	-33	48	3	3	3
4140	-33	49	1	1	1
4141	-33	50	1	1	1
4142	-33	51	3	3	3
4143	-33	52	1	1	1
4144	-33	53	1	1	1
4145	-33	54	3	3	3
4146	-33	55	11	11	11
4147	-33	56	1	1	1
4148	-33	57	3	3	3
4149	-33	58	1	1	1
4150	-33	59	1	1	1
4151	-33	60	3	3	3
4152	-33	61	1	1	1
4153	-33	62	1	1	1
4154	-33	63	3	3	3
4155	-33	64	1	1	1
4156	-32	-64	-32	32	32
4157	-32	-63	-1	1	1
4158	-32	-62	-2	2	2
4159	-32	-61	-1	1	1
4160	-32	-60	-4	4	4
4161	-32	-59	-1	1	1
4162	-32	-58	-2	2	2
4163	-32	-57	-1	1	1
4164	-32	-56	-8	8	8
4165	-32	-55	-1	1	1
4166	-32	-54	-2	2	2
4167	-32	-53	-1	1	1
4168	-32	-52	-4	4	4
4169	-32	-51	-1	1	1
4170	-32	-50	-2	2	2
4171	-32	-49	-1	1	1
4172	-32	-48	-16	16	16
4173	-32	-47	-1	1	1
4174	-32	-46	-2	2	2
4175	-32	-45	-1	1	1
4176	-32	-44	-4	4	4
4177	-32	-43	-1	1	1
4178	-32	-42	-2	2	2
4179	-32	-41	-1	1	1
4180	-32	-40	-8	8	8
4181	-32	-39	-1	1	1
4182	-32	-38	-2	2	2
4183	-32	-37	-1	1	1
4184	-32	-36	-4	4	4
4185	-32	-35	-1	1	1
4186	-32	-34	-2	2	2
4187	-32	-33	-1	1	1
4188	-32	-32	-32	32	32
4189	-32	-31	-1	1	1
4190	-32	-30	-2	2	2
4191	-32	-29	-1	1	1
4192	-32	-28	-4	4	4
4193	-32	-27	-1	1	1
4194	-32	-26	-2	2	2
4195	-32	-25	-1	1	1
4196	-32	-24	-8	8	8
4197	-32	-23	-1	1	1
4198	-32	-22	-2	2	2
4199	-32	-21	-1	1	1
4200	-32	-20	-4	4	4
4201	-32	-19	-1	1	1
4202	-32	-18	-2	2	2
4203	-32	-17	-1	1	1
4204	-32	-16	-16	16	16
4205	-32	-15	-1	1	1
4206	-32	-14	-2	2	2
4207	-32	-13	-1	1	1
4208	-32	-12	-4	4	4
4209	-32	-11	-1	1	1
4210	-32	-10	-2	2	2
4211	-32	-9	-1	1	1
4212	-32	-8	-8	8	8
4213	-32	-7	-1	1	1
4214	-32	-6	-2	2	2
4215	-32	-5	-1	1	1
4216	-32	-4	-4	4	4
4217	-32	-3	-1	1	1
4218	-32	-2	-2	2	2
4219	-32	-1	-1	1	1
4220	-32	0	-32	32	32
4221	-32	1	1	1	1
4222	-32	2	2	2	2
4223	-32	3	1	1	1
4224	-32	4	4	4	4
4225	-32	5	1	1	1
4226	-32	6	2	2	2
4227	-32	7	1	1	1
4228	-32	8	8	8	8
4229	-32	9	1	1	1
4230	-32	10	2	2	2
4231	-32	11	1	1	1
4232	-32	12	4	4	4
4233	-32	13	1	1	1
4234	-32	14	2	2	2
4235	-32	15	1	1	1
4236	-32	16	16	16	16
4237	-32	17	1	1	1
4238	-32	18	2	2	2
4239	-32	19	1	1	1
4240	-32	20	4	4	4
4241	-32	21	1	1	1
4242	-32	22	2	2	2
4243	-32	23	1	1	1
4244	-32	24	8	8	8
4245	-32	25	1	1	1
4246	-32	26	2	2	2
4247	-32	27	1	1	1
4248	-32	28	4	4	4
4249	-32	29	1	1	1
4250	-32	30	2	2	2
4251	-32	31	1	1	1
4252	-32	32	32	32	32
4253	-32	33	1	1	1
4254	-32	34	2	2	2
4255	-32	35	1	1	1
4256	-32	36	4	4	4
4257	-32	37	1	1	1
4258	-32	38	2	2	2
4259	-32	39	1	1	1
4260	-32	40	8	8	8
4261	-32	41	1	1	1
4262	-32	42	2	2	2
4263	-32	43	1	1	1
4264	-32	44	4	4	4
4265	-32	45	1	1	1
4266	-32	46	2	2	2
4267	-32	47	1	1	1
4268	-32	48	16	16	16
4269	-32	49	1	1	1
4270	-32	50	2	2	2
4271	-32	51	1	1	1
4272	-32	52	4	4	4
4273	-32	53	1	1	1
4274	-32	54	2	2	2
4275	-32	55	1	1	1
4276	-32	56	8	8	8
4277	-32	57	1	1	1
4278	-32	58	2	2	2
4279	-32	59	1	1	1
4280	-32	60	4	4	4
4281	-32	61	1	1	1
4282	-32	62	2	2	2
4283	-32	63	1	1	1
4284	-32	64	32	32	32
4285	-31	-64	-1	1	1
4286	-31	-63	-1	1	1
4287	-31	-62	-31	31	31
4288	-31	-61	-1	1	1
4289	-31	-60	-1	1	1
4290	-31	-59	-1	1	1
4291	-31	-58	-1	1	1
4292	-31	-57	-1	1	1
4293	-31	-56	-1	1	1
4294	-31	-55	-1	1	1
4295	-31	-54	-1	1	1
4296	-31	-53	-1	1	1
4297	-31	-52	-1	1	1
4298	-31	-51	-1	1	1
4299	-31	-50	-1	1	1
4300	-31	-49	-1	1	1
4301	-31	-48	-1	1	1
4302	-31	-47	-1	1	1
4303	-31	-46	-1	1	1
4304	-31	-45	-1	1	1
4305	-31	-44	-1	1	1
4306	-31	-43	-1	1	1
4307	-31	-42	-1	1	1
4308	-31	-41	-1	1	1
4309	-31	-40	-1	1	1
4310	-31	-39	-1	1	1
4311	-31	-38	-1	1	1
4312	-31	-37	-1	1	1
4313	-31	-36	-1	1	1
4314	-31	-35	-1	1	1
4315	-31	-34	-1	1	1
4316	-31	-33	-1	1	1
4317	-31	-32	-1	1	1
4318	-31	-31	-31	31	31
4319	-31	-30	-1	1	1
4320	-31	-29	-1	1	1
4321	-31	-28	-1	1	1
4322	-31	-27	-1	1	1
4323	-31	-26	-1	1	1
4324	-31	-25	-1	1	1
4325	-31	-24	-1	1	1
4326	-31	-23	-1	1	1
4327	-31	-22	-1	1	1
4328	-31	-21	-1	1	1
4329	-31	-20	-1	1	1
4330	-31	-19	-1	1	1
4331	-31	-18	-1	1	1
4332	-31	-17	-1	1	1
4333	-31	-16	-1	1	1
4334	-31	-15	-1	1	1
4335	-31	-14	-1	1	1
4336	-31	-13	-1	1	1
4337	-31	-12	-1	1	1
4338	-31	-11	-1	1	1
4339	-31	-10	-1	1	1
4340	-31	-9	-1	1	1
4341	-31	-8	-1	1	1
4342	-31	-7	-1	1	1
4343	-31	-6	-1	1	1
4344	-31	-5	-1	1	1
4345	-31	-4	-1	1	1
4346	-31	-3	-1	1	1
4347	-31	-2	-1	1	1
4348	-31	-1	-1	1	1
4349	-31	0	-31	31	31
4350	-31	1	1	1	1
4351	-31	2	1	1	1
4352	-31	3	1	1	1
4353	-31	4	1	1	1
4354	-31	5	1	1	1
4355	-31	6	1	1	1
4356	-31	7	1	1	1
4357	-31	8	1	1	1
4358	-31	9	1	1	1
4359	-31	10	1	1	1
4360	-31	11	1	1	1
4361	-31	12	1	1	1
4362	-31	13	1	1	1
4363	-31	14	1	1	1
4364	-31	15	1	1	1
4365	-31	16	1	1	1
4366	-31	17	1	1	1
4367	-31	18	1	1	1
4368	-31	19	1	1	1
4369	-31	20	1	1	1
4370	-31	21	1	1	1
4371	-31	22	1	1	1
4372	-31	23	1	1	1
4373	-31	24	1	1	1
4374	-31	25	1	1	1
4375	-31	26	1	1	1
4376	-31	27	1	1	1
4377	-31	28	1	1	1
4378	-31	29	1	1	1
4379	-31	30	1	1	1
4380	-31	31	31	31	31
4381	-31	32	1	1	1
4382	-31	33	1	1	1
4383	-31	34	1	1	1
4384	-31	35	1	1	1
4385	-31	36	1	1	1
4386	-31	37	1	1	1
4387	-31	38	1	1	1
4388	-31	39	1	1	1
4389	-31	40	1	1	1
4390	-31	41	1	1	1
4391	-31	42	1	1	1
4392	-31	43	1	1	1
4393	-31	44	1	1	1
4394	-31	45	1	1	1
4395	-31	46	1	1	1
4396	-31	47	1	1	1
4397	-31	48	1	1	1
4398	-31	49	1	1	1
4399	-31	50	1	1	1
4400	-31	51	1	1	1
4401	-31	52	1	1	1
4402	-31	53	1	1	1
4403	-31	54	1	1	1
4404	-31	55	1	1	1
4405	-31	56	1	1	1
4406	-31	57	1	1	1
4407	-31	58	1	1	1
4408	-31	59	1	1	1
4409	-31	60	1	1	1
4410	-31	61	1	1	1
4411	-31	62	31	31	31
4412	-31	63	1	1	1
4413	-31	64	1	1	1
4414	-30	-64	-2	2	2
4415	-30	-63	-3	3	3
4416	-30	-62	-2	2	2
4417	-30	-61	-1	1	1
4418	-30	-60	-30	30	30
4419	-30	-59	-1	1	1
4420	-30	-58	-2	2	2
4421	-30	-57	-3	3	3
4422	-30	-56	-2	2	2
4423	-30	-55	-5	5	5
4424	-30	-54	-6	6	6
4425	-30	-53	-1	1	1
4426	-30	-52	-2	2	2
4427	-30	-51	-3	3	3
4428	-30	-50	-10	10	10
4429	-30	-49	-1	1	1
4430	-30	-48	-6	6	6
4431	-30	-47	-1	1	1
4432	-30	-46	-2	2	2
4433	-30	-45	-15	15	15
4434	-30	-44	-2	2	2
4435	-30	-43	-1	1	1
4436	-30	-42	-6	6	6
4437	-30	-41	-1	1	1
4438	-30	-40	-10	10	10
4439	-30	-39	-3	3	3
4440	-30	-38	-2	2	2
4441	-30	-37	-1	1	1
4442	-30	-36	-6	6	6
4443	-30	-35	-5	5	5
4444	-30	-34	-2	2	2
4445	-30	-33	-3	3	3
4446	-30	-32	-2	2	2
4447	-30	-31	-1	1	1
4448	-30	-30	-30	30	30
4449	-30	-29	-1	1	1
4450	-30	-28	-2	2	2
4451	-30	-27	-3	3	3
4452	-30	-26	-2	2	2
4453	-30	-25	-5	5	5
4454	-30	-24	-6	6	6
4455	-30	-23	-1	1	1
4456	-30	-22	-2	2	2
4457	-30	-21	-3	3	3
4458	-30	-20	-10	10	10
4459	-30	-19	-1	1	1
4460	-30	-18	-6	6	6
4461	-30	-17	-1	1	1
4462	-30	-16	-2	2	2
4463	-30	-15	-15	15	15
4464	-30	-14	-2	2	2
4465	-30	-13	-1	1	1
4466	-30	-12	-6	6	6
4467	-30	-11	-1	1	1
4468	-30	-10	-10	10	10
4469	-30	-9	-3	3	3
4470	-30	-8	-2	2	2
4471	-30	-7	-1	1	1
4472	-30	-6	-6	6	6
4473	-30	-5	-5	5	5
4474	-30	-4	-2	2	2
4475	-30	-3	-3	3	3
4476	-30	-2	-2	2	2
4477	-30	-1	-1	1	1
4478	-30	0	-30	30	30
4479	-30	1	1	1	1
4480	-30	2	2	2	2
4481	-30	3	3	3	3
4482	-30	4	2	2	2
4483	-30	5	5	5	5
4484	-30	6	6	6	6
4485	-30	7	1	1	1
4486	-30	8	2	2	2
4487	-30	9	3	3	3
4488	-30	10	10	10	10
4489	-30	11	1	1	1
4490	-30	12	6	6	6
4491	-30	13	1	1	1
4492	-30	14	2	2	2
4493	-30	15	15	15	15
4494	-30	16	2	2	2
4495	-30	17	1	1	1
4496	-30	18	6	6	6
4497	-30	19	1	1	1
4498	-30	20	10	10	10
4499	-30	21	3	3	3
4500	-30	22	2	2	2
4501	-30	23	1	1	1
4502	-30	24	6	6	6
4503	-30	25	5	5	5
4504	-30	26	2	2	2
4505	-30	27	3	3	3
4506	-30	28	2	2	2
4507	-30	29	1	1	1
4508	-30	30	30	30	30
4509	-30	31	1	1	1
4510	-30	32	2	2	2
4511	-30	33	3	3	3
4512	-30	34	2	2	2
4513	-30	35	5	5	5
4514	-30	36	6	6	6
4515	-30	37	1	1	1
4516	-30	38	2	2	2
4517	-30	39	3	3	3
4518	-30	40	10	10	10
4519	-30	41	1	1	1
4520	-30	42	6	6	6
4521	-30	43	1	1	1
4522	-30	44	2	2	2
4523	-30	45	15	15	15
4524	-30	46	2	2	2
4525	-30	47	1	1	1
4526	-30	48	6	6	6
4527	-30	49	1	1	1
4528	-30	50	10	10	10
4529	-30	51	3	3	3
4530	-30	52	2	2	2
4531	-30	53	1	1	1
4532	-30	54	6	6	6
4533	-30	55	5	5	5
4534	-30	56	2	2	2
4535	-30	57	3	3	3
4536	-30	58	2	2	2
4537	-30	59	1	1	1
4538	-30	60	30	30	30
4539	-30	61	1	1	1
4540	-30	62	2	2	2
4541	-30	63	3	3	3
4542	-30	64	2	2	2
4543	-29	-64	-1	1	1
4544	-29	-63	-1	1	1
4545	-29	-62	-1	1	1
4546	-29	-61	-1	1	1
4547	-29	-60	-1	1	1
4548	-29	-59	-1	1	1
4549	-29	-58	-29	29	29
4550	-29	-57	-1	1	1
4551	-29	-56	-1	1	1
4552	-29	-55	-1	1	1
4553	-29	-54	-1	1	1
4554	-29	-53	-1	1	1
4555	-29	-52	-1	1	1
4556	-29	-51	-1	1	1
4557	-29	-50	-1	1	1
4558	-29	-49	-1	1	1
4559	-29	-48	-1	1	1
4560	-29	-47	-1	1	1
4561	-29	-46	-1	1	1
4562	-29	-45	-1	1	1
4563	-29	-44	-1	1	1
4564	-29	-43	-1	1	1
4565	-29	-42	-1	1	1
4566	-29	-41	-1	1	1
4567	-29	-40	-1	1	1
4568	-29	-39	-1	1	1
4569	-29	-38	-1	1	1
4570	-29	-37	-1	1	1
4571	-29	-36	-1	1	1
4572	-29	-35	-1	1	1
4573	-29	-34	-1	1	1
4574	-29	-33	-1	1	1
4575	-29	-32	-1	1	1
4576	-29	-31	-1	1	1
4577	-29	-30	-1	1	1
4578	-29	-29	-29	29	29
4579	-29	-28	-1	1	1
4580	-29	-27	-1	1	1
4581	-29	-26	-1	1	1
4582	-29	-25	-1	1	1
4583	-29	-24	-1	1	1
4584	-29	-23	-1	1	1
4585	-29	-22	-1	1	1
4586	-29	-21	-1	1	1
4587	-29	-20	-1	1	1
4588	-29	-19	-1	1	1
4589	-29	-18	-1	1	1
4590	-29	-17	-1	1	1
4591	-29	-16	-1	1	1
4592	-29	-15	-1	1	1
4593	-29	-14	-1	1	1
4594	-29	-13	-1	1	1
4595	-29	-12	-1	1	1
4596	-29	-11	-1	1	1
4597	-29	-10	-1	1	1
4598	-29	-9	-1	1	1
4599	-29	-8	-1	1	1
4600	-29	-7	-1	1	1
4601	-29	-6	-1	1	1
4602	-29	-5	-1	1	1
4603	-29	-4	-1	1	1
4604	-29	-3	-1	1	1
4605	-29	-2	-1	1	1
4606	-29	-1	-1	1	1
4607	-29	0	-29	29	29
4608	-29	1	1	1	1
4609	-29	2	1	1	1
4610	-29	3	1	1	1
4611	-29	4	1	1	1
4612	-29	5	1	1	1
4613	-29	6	1	1	1
4614	-29	7	1	1	1
4615	-29	8	1	1	1
4616	-29	9	1	1	1
4617	-29	10	1	1	1
4618	-29	11	1	1	1
4619	-29	12	1	1	1
4620	-29	13	1	1	1
4621	-29	14	1	1	1
4622	-29	15	1	1	1
4623	-29	16	1	1	1
4624	-29	17	1	1	1
4625	-29	18	1	1	1
4626	-29	19	1	1	1
4627	-29	20	1	1	1
4628	-29	21	1	1	1
4629	-29	22	1	1	1
4630	-29	23	1	1	1
4631	-29	24	1	1	1
4632	-29	25	1	1	1
4633	-29	26	1	1	1
4634	-29	27	1	1	1
4635	-29	28	1	1	1
4636	-29	29	29	29	29
4637	-29	30	1	1	1
4638	-29	31	1	1	1
4639	-29	32	1	1	1
4640	-29	33	1	1	1
4641	-29	34	1	1	1
4642	-29	35	1	1	1
4643	-29	36	1	1	1
4644	-29	37	1	1	1
4645	-29	38	1	1	1
4646	-29	39	1	1	1
4647	-29	40	1	1	1
4648	-29	41	1	1	1
4649	-29	42	1	1	1
4650	-29	43	1	1	1
4651	-29	44	1	1	1
4652	-29	45	1	1	1
4653	-29	46	1	1	1
4654	-29	47	1	1	1
4655	-29	48	1	1	1
4656	-29	49	1	1	1
4657	-29	50	1	1	1
4658	-29	51	1	1	1
4659	-29	52	1	1	1
4660	-29	53	1	1	1
4661	-29	54	1	1	1
4662	-29	55	1	1	1
4663	-29	56	1	1	1
4664	-29	57	1	1	1
4665	-29	58	29	29	29
4666	-29	59	1	1	1
4667	-29	60	1	1	1
4668	-29	61	1	1	1
4669	-29	62	1	1	1
4670	-29	63	1	1	1
4671	-29	64	1	1	1
4672	-28	-64	-4	4	4
4673	-28	-63	-7	7	7
4674	-28	-62	-2	2	2
4675	-28	-61	-1	1	1
4676	-28	-60	-4	4	4
4677	-28	-59	-1	1	1
4678	-28	-58	-2	2	2
4679	-28	-57	-1	1	1
4680	-28	-56	-28	28	28
4681	-28	-55	-1	1	1
4682	-28	-54	-2	2	2
4683	-28	-53	-1	1	1
4684	-28	-52	-4	4	4
4685	-28	-51	-1	1	1
4686	-28	-50	-2	2	2
4687	-28	-49	-7	7	7
4688	-28	-48	-4	4	4
4689	-28	-47	-1	1	1
4690	-28	-46	-2	2	2
4691	-28	-45	-1	1	1
4692	-28	-44	-4	4	4
4693	-28	-43	-1	1	1
4694	-28	-42	-14	14	14
4695	-28	-41	-1	1	1
4696	-28	-40	-4	4	4
4697	-28	-39	-1	1	1
4698	-28	-38	-2	2	2
4699	-28	-37	-1	1	1
4700	-28	-36	-4	4	4
4701	-28	-35	-7	7	7
4702	-28	-34	-2	2	2
4703	-28	-33	-1	1	1
4704	-28	-32	-4	4	4
4705	-28	-31	-1	1	1
4706	-28	-30	-2	2	2
4707	-28	-29	-1	1	1
4708	-28	-28	-28	28	28
4709	-28	-27	-1	1	1
4710	-28	-26	-2	2	2
4711	-28	-25	-1	1	1
4712	-28	-24	-4	4	4
4713	-28	-23	-1	1	1
4714	-28	-22	-2	2	2
4715	-28	-21	-7	7	7
4716	-28	-20	-4	4	4
4717	-28	-19	-1	1	1
4718	-28	-18	-2	2	2
4719	-28	-17	-1	1	1
4720	-28	-16	-4	4	4
4721	-28	-15	-1	1	1
4722	-28	-14	-14	14	14
4723	-28	-13	-1	1	1
4724	-28	-12	-4	4	4
4725	-28	-11	-1	1	1
4726	-28	-10	-2	2	2
4727	-28	-9	-1	1	1
4728	-28	-8	-4	4	4
4729	-28	-7	-7	7	7
4730	-28	-6	-2	2	2
4731	-28	-5	-1	1	1
4732	-28	-4	-4	4	4
4733	-28	-3	-1	1	1
4734	-28	-2	-2	2	2
4735	-28	-1	-1	1	1
4736	-28	0	-28	28	28
4737	-28	1	1	1	1
4738	-28	2	2	2	2
4739	-28	3	1	1	1
4740	-28	4	4	4	4
4741	-28	5	1	1	1
4742	-28	6	2	2	2
4743	-28	7	7	7	7
4744	-28	8	4	4	4
4745	-28	9	1	1	1
4746	-28	10	2	2	2
4747	-28	11	1	1	1
4748	-28	12	4	4	4
4749	-28	13	1	1	1
4750	-28	14	14	14	14
4751	-28	15	1	1	1
4752	-28	16	4	4	4
4753	-28	17	1	1	1
4754	-28	18	2	2	2
4755	-28	19	1	1	1
4756	-28	20	4	4	4
4757	-28	21	7	7	7
4758	-28	22	2	2	2
4759	-28	23	1	1	1
4760	-28	24	4	4	4
4761	-28	25	1	1	1
4762	-28	26	2	2	2
4763	-28	27	1	1	1
4764	-28	28	28	28	28
4765	-28	29	1	1	1
4766	-28	30	2	2	2
4767	-28	31	1	1	1
4768	-28	32	4	4	4
4769	-28	33	1	1	1
4770	-28	34	2	2	2
4771	-28	35	7	7	7
4772	-28	36	4	4	4
4773	-28	37	1	1	1
4774	-28	38	2	2	2
4775	-28	39	1	1	1
4776	-28	40	4	4	4
4777	-28	41	1	1	1
4778	-28	42	14	14	14
4779	-28	43	1	1	1
4780	-28	44	4	4	4
4781	-28	45	1	1	1
4782	-28	46	2	2	2
4783	-28	47	1	1	1
4784	-28	48	4	4	4
4785	-28	49	7	7	7
4786	-28	50	2	2	2
4787	-28	51	1	1	1
4788	-28	52	4	4	4
4789	-28	53	1	1	1
4790	-28	54	2	2	2
4791	-28	55	1	1	1
4792	-28	56	28	28	28
4793	-28	57	1	1	1
4794	-28	58	2	2	2
4795	-28	59	1	1	1
4796	-28	60	4	4	4
4797	-28	61	1	1	1
4798	-28	62	2	2	2
4799	-28	63	7	7	7
4800	-28	64	4	4	4
4801	-27	-64	-1	1	1
4802	-27	-63	-9	9	9
4803	-27	-62	-1	1	1
4804	-27	-61	-1	1	1
4805	-27	-60	-3	3	3
4806	-27	-59	-1	1	1
4807	-27	-58	-1	1	1
4808	-27	-57	-3	3	3
4809	-27	-56	-1	1	1
4810	-27	-55	-1	1	1
4811	-27	-54	-27	27	27
4812	-27	-53	-1	1	1
4813	-27	-52	-1	1	1
4814	-27	-51	-3	3	3
4815	-27	-50	-1	1	1
4816	-27	-49	-1	1	1
4817	-27	-48	-3	3	3
4818	-27	-47	-1	1	1
4819	-27	-46	-1	1	1
4820	-27	-45	-9	9	9
4821	-27	-44	-1	1	1
4822	-27	-43	-1	1	1
4823	-27	-42	-3	3	3
4824	-27	-41	-1	1	1
4825	-27	-40	-1	1	1
4826	-27	-39	-3	3	3
4827	-27	-38	-1	1	1
4828	-27	-37	-1	1	1
4829	-27	-36	-9	9	9
4830	-27	-35	-1	1	1
4831	-27	-34	-1	1	1
4832	-27	-33	-3	3	3
4833	-27	-32	-1	1	1
4834	-27	-31	-1	1	1
4835	-27	-30	-3	3	3
4836	-27	-29	-1	1	1
4837	-27	-28	-1	1	1
4838	-27	-27	-27	27	27
4839	-27	-26	-1	1	1
4840	-27	-25	-1	1	1
4841	-27	-24	-3	3	3
4842	-27	-23	-1	1	1
4843	-27	-22	-1	1	1
4844	-27	-21	-3	3	3
4845	-27	-20	-1	1	1
4846	-27	-19	-1	1	1
4847	-27	-18	-9	9	9
4848	-27	-17	-1	1	1
4849	-27	-16	-1	1	1
4850	-27	-15	-3	3	3
4851	-27	-14	-1	1	1
4852	-27	-13	-1	1	1
4853	-27	-12	-3	3	3
4854	-27	-11	-1	1	1
4855	-27	-10	-1	1	1
4856	-27	-9	-9	9	9
4857	-27	-8	-1	1	1
4858	-27	-7	-1	1	1
4859	-27	-6	-3	3	3
4860	-27	-5	-1	1	1
4861	-27	-4	-1	1	1
4862	-27	-3	-3	3	3
4863	-27	-2	-1	1	1
4864	-27	-1	-1	1	1
4865	-27	0	-27	27	27
4866	-27	1	1	1	1
4867	-27	2	1	1	1
4868	-27	3	3	3	3
4869	-27	4	1	1	1
4870	-27	5	1	1	1
4871	-27	6	3	3	3
4872	-27	7	1	1	1
4873	-27	8	1	1	1
4874	-27	9	9	9	9
4875	-27	10	1	1	1
4876	-27	11	1	1	1
4877	-27	12	3	3	3
4878	-27	13	1	1	1
4879	-27	14	1	1	1
4880	-27	15	3	3	3
4881	-27	16	1	1	1
4882	-27	17	1	1	1
4883	-27	18	9	9	9
4884	-27	19	1	1	1
4885	-27	20	1	1	1
4886	-27	21	3	3	3
4887	-27	22	1	1	1
4888	-27	23	1	1	1
4889	-27	24	3	3	3
4890	-27	25	1	1	1
4891	-27	26	1	1	1
4892	-27	27	27	27	27
4893	-27	28	1	1	1
4894	-27	29	1	1	1
4895	-27	30	3	3	3
4896	-27	31	1	1	1
4897	-27	32	1	1	1
4898	-27	33	3	3	3
4899	-27	34	1	1	1
4900	-27	35	1	1	1
4901	-27	36	9	9	9
4902	-27	37	1	1	1
4903	-27	38	1	1	1
4904	-27	39	3	3	3
4905	-27	40	1	1	1
4906	-27	41	1	1	1
4907	-27	42	3	3	3
4908	-27	43	1	1	1
4909	-27	44	1	1	1
4910	-27	45	9	9	9
4911	-27	46	1	1	1
4912	-27	47	1	1	1
4913	-27	48	3	3	3
4914	-27	49	1	1	1
4915	-27	50	1	1	1
4916	-27	51	3	3	3
4917	-27	52	1	1	1
4918	-27	53	1	1	1
4919	-27	54	27	27	27
4920	-27	55	1	1	1
4921	-27	56	1	1	1
4922	-27	57	3	3	3
4923	-27	58	1	1	1
4924	-27	59	1	1	1
4925	-27	60	3	3	3
4926	-27	61	1	1	1
4927	-27	62	1	1	1
4928	-27	63	9	9	9
4929	-27	64	1	1	1
4930	-26	-64	-2	2	2
4931	-26	-63	-1	1	1
4932	-26	-62	-2	2	2
4933	-26	-61	-1	1	1
4934	-26	-60	-2	2	2
4935	-26	-59	-1	1	1
4936	-26	-58	-2	2	2
4937	-26	-57	-1	1	1
4938	-26	-56	-2	2	2
4939	-26	-55	-1	1	1
4940	-26	-54	-2	2	2
4941	-26	-53	-1	1	1
4942	-26	-52	-26	26	26
4943	-26	-51	-1	1	1
4944	-26	-50	-2	2	2
4945	-26	-49	-1	1	1
4946	-26	-48	-2	2	2
4947	-26	-47	-1	1	1
4948	-26	-46	-2	2	2
4949	-26	-45	-1	1	1
4950	-26	-44	-2	2	2
4951	-26	-43	-1	1	1
4952	-26	-42	-2	2	2
4953	-26	-41	-1	1	1
4954	-26	-40	-2	2	2
4955	-26	-39	-13	13	13
4956	-26	-38	-2	2	2
4957	-26	-37	-1	1	1
4958	-26	-36	-2	2	2
4959	-26	-35	-1	1	1
4960	-26	-34	-2	2	2
4961	-26	-33	-1	1	1
4962	-26	-32	-2	2	2
4963	-26	-31	-1	1	1
4964	-26	-30	-2	2	2
4965	-26	-29	-1	1	1
4966	-26	-28	-2	2	2
4967	-26	-27	-1	1	1
4968	-26	-26	-26	26	26
4969	-26	-25	-1	1	1
4970	-26	-24	-2	2	2
4971	-26	-23	-1	1	1
4972	-26	-22	-2	2	2
4973	-26	-21	-1	1	1
4974	-26	-20	-2	2	2
4975	-26	-19	-1	1	1
4976	-26	-18	-2	2	2
4977	-26	-17	-1	1	1
4978	-26	-16	-2	2	2
4979	-26	-15	-1	1	1
4980	-26	-14	-2	2	2
4981	-26	-13	-13	13	13
4982	-26	-12	-2	2	2
4983	-26	-11	-1	1	1
4984	-26	-10	-2	2	2
4985	-26	-9	-1	1	1
4986	-26	-8	-2	2	2
4987	-26	-7	-1	1	1
4988	-26	-6	-2	2	2
4989	-26	-5	-1	1	1
4990	-26	-4	-2	2	2
4991	-26	-3	-1	1	1
4992	-26	-2	-2	2	2
4993	-26	-1	-1	1	1
4994	-26	0	-26	26	26
4995	-26	1	1	1	1
4996	-26	2	2	2	2
4997	-26	3	1	1	1
4998	-26	4	2	2	2
4999	-26	5	1	1	1
5000	-26	6	2	2	2
5001	-26	7	1	1	1
5002	-26	8	2	2	2
5003	-26	9	1	1	1
5004	-26	10	2	2	2
5005	-26	11	1	1	1
5006	-26	12	2	2	2
5007	-26	13	13	13	13
5008	-26	14	2	2	2
5009	-26	15	1	1	1
5010	-26	16	2	2	2
5011	-26	17	1	1	1
5012	-26	18	2	2	2
5013	-26	19	1	1	1
5014	-26	20	2	2	2
5015	-26	21	1	1	1
5016	-26	22	2	2	2
5017	-26	23	1	1	1
5018	-26	24	2	2	2
5019	-26	25	1	1	1
5020	-26	26	26	26	26
5021	-26	27	1	1	1
5022	-26	28	2	2	2
5023	-26	29	1	1	1
5024	-26	30	2	2	2
5025	-26	31	1	1	1
5026	-26	32	2	2	2
5027	-26	33	1	1	1
5028	-26	34	2	2	2
5029	-26	35	1	1	1
5030	-26	36	2	2	2
5031	-26	37	1	1	1
5032	-26	38	2	2	2
5033	-26	39	13	13	13
5034	-26	40	2	2	2
5035	-26	41	1	1	1
5036	-26	42	2	2	2
5037	-26	43	1	1	1
5038	-26	44	2	2	2
5039	-26	45	1	1	1
5040	-26	46	2	2	2
5041	-26	47	1	1	1
5042	-26	48	2	2	2
5043	-26	49	1	1	1
5044	-26	50	2	2	2
5045	-26	51	1	1	1
5046	-26	52	26	26	26
5047	-26	53	1	1	1
5048	-26	54	2	2	2
5049	-26	55	1	1	1
5050	-26	56	2	2	2
5051	-26	57	1	1	1
5052	-26	58	2	2	2
5053	-26	59	1	1	1
5054	-26	60	2	2	2
5055	-26	61	1	1	1
5056	-26	62	2	2	2
5057	-26	63	1	1	1
5058	-26	64	2	2	2
5059	-25	-64	-1	1	1
5060	-25	-63	-1	1	1
5061	-25	-62	-1	1	1
5062	-25	-61	-1	1	1
5063	-25	-60	-5	5	5
5064	-25	-59	-1	1	1
5065	-25	-58	-1	1	1
5066	-25	-57	-1	1	1
5067	-25	-56	-1	1	1
5068	-25	-55	-5	5	5
5069	-25	-54	-1	1	1
5070	-25	-53	-1	1	1
5071	-25	-52	-1	1	1
5072	-25	-51	-1	1	1
5073	-25	-50	-25	25	25
5074	-25	-49	-1	1	1
5075	-25	-48	-1	1	1
5076	-25	-47	-1	1	1
5077	-25	-46	-1	1	1
5078	-25	-45	-5	5	5
5079	-25	-44	-1	1	1
5080	-25	-43	-1	1	1
5081	-25	-42	-1	1	1
5082	-25	-41	-1	1	1
5083	-25	-40	-5	5	5
5084	-25	-39	-1	1	1
5085	-25	-38	-1	1	1
5086	-25	-37	-1	1	1
5087	-25	-36	-1	1	1
5088	-25	-35	-5	5	5
5089	-25	-34	-1	1	1
5090	-25	-33	-1	1	1
5091	-25	-32	-1	1	1
5092	-25	-31	-1	1	1
5093	-25	-30	-5	5	5
5094	-25	-29	-1	1	1
5095	-25	-28	-1	1	1
5096	-25	-27	-1	1	1
5097	-25	-26	-1	1	1
5098	-25	-25	-25	25	25
5099	-25	-24	-1	1	1
5100	-25	-23	-1	1	1
5101	-25	-22	-1	1	1
5102	-25	-21	-1	1	1
5103	-25	-20	-5	5	5
5104	-25	-19	-1	1	1
5105	-25	-18	-1	1	1
5106	-25	-17	-1	1	1
5107	-25	-16	-1	1	1
5108	-25	-15	-5	5	5
5109	-25	-14	-1	1	1
5110	-25	-13	-1	1	1
5111	-25	-12	-1	1	1
5112	-25	-11	-1	1	1
5113	-25	-10	-5	5	5
5114	-25	-9	-1	1	1
5115	-25	-8	-1	1	1
5116	-25	-7	-1	1	1
5117	-25	-6	-1	1	1
5118	-25	-5	-5	5	5
5119	-25	-4	-1	1	1
5120	-25	-3	-1	1	1
5121	-25	-2	-1	1	1
5122	-25	-1	-1	1	1
5123	-25	0	-25	25	25
5124	-25	1	1	1	1
5125	-25	2	1	1	1
5126	-25	3	1	1	1
5127	-25	4	1	1	1
5128	-25	5	5	5	5
5129	-25	6	1	1	1
5130	-25	7	1	1	1
5131	-25	8	1	1	1
5132	-25	9	1	1	1
5133	-25	10	5	5	5
5134	-25	11	1	1	1
5135	-25	12	1	1	1
5136	-25	13	1	1	1
5137	-25	14	1	1	1
5138	-25	15	5	5	5
5139	-25	16	1	1	1
5140	-25	17	1	1	1
5141	-25	18	1	1	1
5142	-25	19	1	1	1
5143	-25	20	5	5	5
5144	-25	21	1	1	1
5145	-25	22	1	1	1
5146	-25	23	1	1	1
5147	-25	24	1	1	1
5148	-25	25	25	25	25
5149	-25	26	1	1	1
5150	-25	27	1	1	1
5151	-25	28	1	1	1
5152	-25	29	1	1	1
5153	-25	30	5	5	5
5154	-25	31	1	1	1
5155	-25	32	1	1	1
5156	-25	33	1	1	1
5157	-25	34	1	1	1
5158	-25	35	5	5	5
5159	-25	36	1	1	1
5160	-25	37	1	1	1
5161	-25	38	1	1	1
5162	-25	39	1	1	1
5163	-25	40	5	5	5
5164	-25	41	1	1	1
5165	-25	42	1	1	1
5166	-25	43	1	1	1
5167	-25	44	1	1	1
5168	-25	45	5	5	5
5169	-25	46	1	1	1
5170	-25	47	1	1	1
5171	-25	48	1	1	1
5172	-25	49	1	1	1
5173	-25	50	25	25	25
5174	-25	51	1	1	1
5175	-25	52	1	1	1
5176	-25	53	1	1	1
5177	-25	54	1	1	1
5178	-25	55	5	5	5
5179	-25	56	1	1	1
5180	-25	57	1	1	1
5181	-25	58	1	1	1
5182	-25	59	1	1	1
5183	-25	60	5	5	5
5184	-25	61	1	1	1
5185	-25	62	1	1	1
5186	-25	63	1	1	1
5187	-25	64	1	1	1
5188	-24	-64	-8	8	8
5189	-24	-63	-3	3	3
5190	-24	-62	-2	2	2
5191	-24	-61	-1	1	1
5192	-24	-60	-12	12	12
5193	-24	-59	-1	1	1
5194	-24	-58	-2	2	2
5195	-24	-57	-3	3	3
5196	-24	-56	-8	8	8
5197	-24	-55	-1	1	1
5198	-24	-54	-6	6	6
5199	-24	-53	-1	1	1
5200	-24	-52	-4	4	4
5201	-24	-51	-3	3	3
5202	-24	-50	-2	2	2
5203	-24	-49	-1	1	1
5204	-24	-48	-24	24	24
5205	-24	-47	-1	1	1
5206	-24	-46	-2	2	2
5207	-24	-45	-3	3	3
5208	-24	-44	-4	4	4
5209	-24	-43	-1	1	1
5210	-24	-42	-6	6	6
5211	-24	-41	-1	1	1
5212	-24	-40	-8	8	8
5213	-24	-39	-3	3	3
5214	-24	-38	-2	2	2
5215	-24	-37	-1	1	1
5216	-24	-36	-12	12	12
5217	-24	-35	-1	1	1
5218	-24	-34	-2	2	2
5219	-24	-33	-3	3	3
5220	-24	-32	-8	8	8
5221	-24	-31	-1	1	1
5222	-24	-30	-6	6	6
5223	-24	-29	-1	1	1
5224	-24	-28	-4	4	4
5225	-24	-27	-3	3	3
5226	-24	-26	-2	2	2
5227	-24	-25	-1	1	1
5228	-24	-24	-24	24	24
5229	-24	-23	-1	1	1
5230	-24	-22	-2	2	2
5231	-24	-21	-3	3	3
5232	-24	-20	-4	4	4
5233	-24	-19	-1	1	1
5234	-24	-18	-6	6	6
5235	-24	-17	-1	1	1
5236	-24	-16	-8	8	8
5237	-24	-15	-3	3	3
5238	-24	-14	-2	2	2
5239	-24	-13	-1	1	1
5240	-24	-12	-12	12	12
5241	-24	-11	-1	1	1
5242	-24	-10	-2	2	2
5243	-24	-9	-3	3	3
5244	-24	-8	-8	8	8
5245	-24	-7	-1	1	1
5246	-24	-6	-6	6	6
5247	-24	-5	-1	1	1
5248	-24	-4	-4	4	4
5249	-24	-3	-3	3	3
5250	-24	-2	-2	2	2
5251	-24	-1	-1	1	1
5252	-24	0	-24	24	24
5253	-24	1	1	1	1
5254	-24	2	2	2	2
5255	-24	3	3	3	3
5256	-24	4	4	4	4
5257	-24	5	1	1	1
5258	-24	6	6	6	6
5259	-24	7	1	1	1
5260	-24	8	8	8	8
5261	-24	9	3	3	3
5262	-24	10	2	2	2
5263	-24	11	1	1	1
5264	-24	12	12	12	12
5265	-24	13	1	1	1
5266	-24	14	2	2	2
5267	-24	15	3	3	3
5268	-24	16	8	8	8
5269	-24	17	1	1	1
5270	-24	18	6	6	6
5271	-24	19	1	1	1
5272	-24	20	4	4	4
5273	-24	21	3	3	3
5274	-24	22	2	2	2
5275	-24	23	1	1	1
5276	-24	24	24	24	24
5277	-24	25	1	1	1
5278	-24	26	2	2	2
5279	-24	27	3	3	3
5280	-24	28	4	4	4
5281	-24	29	1	1	1
5282	-24	30	6	6	6
5283	-24	31	1	1	1
5284	-24	32	8	8	8
5285	-24	33	3	3	3
5286	-24	34	2	2	2
5287	-24	35	1	1	1
5288	-24	36	12	12	12
5289	-24	37	1	1	1
5290	-24	38	2	2	2
5291	-24	39	3	3	3
5292	-24	40	8	8	8
5293	-24	41	1	1	1
5294	-24	42	6	6	6
5295	-24	43	1	1	1
5296	-24	44	4	4	4
5297	-24	45	3	3	3
5298	-24	46	2	2	2
5299	-24	47	1	1	1
5300	-24	48	24	24	24
5301	-24	49	1	1	1
5302	-24	50	2	2	2
5303	-24	51	3	3	3
5304	-24	52	4	4	4
5305	-24	53	1	1	1
5306	-24	54	6	6	6
5307	-24	55	1	1	1
5308	-24	56	8	8	8
5309	-24	57	3	3	3
5310	-24	58	2	2	2
5311	-24	59	1	1	1
5312	-24	60	12	12	12
5313	-24	61	1	1	1
5314	-24	62	2	2	2
5315	-24	63	3	3	3
5316	-24	64	8	8	8
5317	-23	-64	-1	1	1
5318	-23	-63	-1	1	1
5319	-23	-62	-1	1	1
5320	-23	-61	-1	1	1
5321	-23	-60	-1	1	1
5322	-23	-59	-1	1	1
5323	-23	-58	-1	1	1
5324	-23	-57	-1	1	1
5325	-23	-56	-1	1	1
5326	-23	-55	-1	1	1
5327	-23	-54	-1	1	1
5328	-23	-53	-1	1	1
5329	-23	-52	-1	1	1
5330	-23	-51	-1	1	1
5331	-23	-50	-1	1	1
5332	-23	-49	-1	1	1
5333	-23	-48	-1	1	1
5334	-23	-47	-1	1	1
5335	-23	-46	-23	23	23
5336	-23	-45	-1	1	1
5337	-23	-44	-1	1	1
5338	-23	-43	-1	1	1
5339	-23	-42	-1	1	1
5340	-23	-41	-1	1	1
5341	-23	-40	-1	1	1
5342	-23	-39	-1	1	1
5343	-23	-38	-1	1	1
5344	-23	-37	-1	1	1
5345	-23	-36	-1	1	1
5346	-23	-35	-1	1	1
5347	-23	-34	-1	1	1
5348	-23	-33	-1	1	1
5349	-23	-32	-1	1	1
5350	-23	-31	-1	1	1
5351	-23	-30	-1	1	1
5352	-23	-29	-1	1	1
5353	-23	-28	-1	1	1
5354	-23	-27	-1	1	1
5355	-23	-26	-1	1	1
5356	-23	-25	-1	1	1
5357	-23	-24	-1	1	1
5358	-23	-23	-23	23	23
5359	-23	-22	-1	1	1
5360	-23	-21	-1	1	1
5361	-23	-20	-1	1	1
5362	-23	-19	-1	1	1
5363	-23	-18	-1	1	1
5364	-23	-17	-1	1	1
5365	-23	-16	-1	1	1
5366	-23	-15	-1	1	1
5367	-23	-14	-1	1	1
5368	-23	-13	-1	1	1
5369	-23	-12	-1	1	1
5370	-23	-11	-1	1	1
5371	-23	-10	-1	1	1
5372	-23	-9	-1	1	1
5373	-23	-8	-1	1	1
5374	-23	-7	-1	1	1
5375	-23	-6	-1	1	1
5376	-23	-5	-1	1	1
5377	-23	-4	-1	1	1
5378	-23	-3	-1	1	1
5379	-23	-2	-1	1	1
5380	-23	-1	-1	1	1
5381	-23	0	-23	23	23
5382	-23	1	1	1	1
5383	-23	2	1	1	1
5384	-23	3	1	1	1
5385	-23	4	1	1	1
5386	-23	5	1	1	1
5387	-23	6	1	1	1
5388	-23	7	1	1	1
5389	-23	8	1	1	1
5390	-23	9	1	1	1
5391	-23	10	1	1	1
5392	-23	11	1	1	1
5393	-23	12	1	1	1
5394	-23	13	1	1	1
5395	-23	14	1	1	1
5396	-23	15	1	1	1
5397	-23	16	1	1	1
5398	-23	17	1	1	1
5399	-23	18	1	1	1
5400	-23	19	1	1	1
5401	-23	20	1	1	1
5402	-23	21	1	1	1
5403	-23	22	1	1	1
5404	-23	23	23	23	23
5405	-23	24	1	1	1
5406	-23	25	1	1	1
5407	-23	26	1	1	1
5408	-23	27	1	1	1
5409	-23	28	1	1	1
5410	-23	29	1	1	1
5411	-23	30	1	1	1
5412	-23	31	1	1	1
5413	-23	32	1	1	1
5414	-23	33	1	1	1
5415	-23	34	1	1	1
5416	-23	35	1	1	1
5417	-23	36	1	1	1
5418	-23	37	1	1	1
5419	-23	38	1	1	1
5420	-23	39	1	1	1
5421	-23	40	1	1	1
5422	-23	41	1	1	1
5423	-23	42	1	1	1
5424	-23	43	1	1	1
5425	-23	44	1	1	1
5426	-23	45	1	1	1
5427	-23	46	23	23	23
5428	-23	47	1	1	1
5429	-23	48	1	1	1
5430	-23	49	1	1	1
5431	-23	50	1	1	1
5432	-23	51	1	1	1
5433	-23	52	1	1	1
5434	-23	53	1	1	1
5435	-23	54	1	1	1
5436	-23	55	1	1	1
5437	-23	56	1	1	1
5438	-23	57	1	1	1
5439	-23	58	1	1	1
5440	-23	59	1	1	1
5441	-23	60	1	1	1
5442	-23	61	1	1	1
5443	-23	62	1	1	1
5444	-23	63	1	1	1
5445	-23	64	1	1	1
5446	-22	-64	-2	2	2
5447	-22	-63	-1	1	1
5448	-22	-62	-2	2	2
5449	-22	-61	-1	1	1
5450	-22	-60	-2	2	2
5451	-22	-59	-1	1	1
5452	-22	-58	-2	2	2
5453	-22	-57	-1	1	1
5454	-22	-56	-2	2	2
5455	-22	-55	-11	11	11
5456	-22	-54	-2	2	2
5457	-22	-53	-1	1	1
5458	-22	-52	-2	2	2
5459	-22	-51	-1	1	1
5460	-22	-50	-2	2	2
5461	-22	-49	-1	1	1
5462	-22	-48	-2	2	2
5463	-22	-47	-1	1	1
5464	-22	-46	-2	2	2
5465	-22	-45	-1	1	1
5466	-22	-44	-22	22	22
5467	-22	-43	-1	1	1
5468	-22	-42	-2	2	2
5469	-22	-41	-1	1	1
5470	-22	-40	-2	2	2
5471	-22	-39	-1	1	1
5472	-22	-38	-2	2	2
5473	-22	-37	-1	1	1
5474	-22	-36	-2	2	2
5475	-22	-35	-1	1	1
5476	-22	-34	-2	2	2
5477	-22	-33	-11	11	11
5478	-22	-32	-2	2	2
5479	-22	-31	-1	1	1
5480	-22	-30	-2	2	2
5481	-22	-29	-1	1	1
5482	-22	-28	-2	2	2
5483	-22	-27	-1	1	1
5484	-22	-26	-2	2	2
5485	-22	-25	-1	1	1
5486	-22	-24	-2	2	2
5487	-22	-23	-1	1	1
5488	-22	-22	-22	22	22
5489	-22	-21	-1	1	1
5490	-22	-20	-2	2	2
5491	-22	-19	-1	1	1
5492	-22	-18	-2	2	2
5493	-22	-17	-1	1	1
5494	-22	-16	-2	2	2
5495	-22	-15	-1	1	1
5496	-22	-14	-2	2	2
5497	-22	-13	-1	1	1
5498	-22	-12	-2	2	2
5499	-22	-11	-11	11	11
5500	-22	-10	-2	2	2
5501	-22	-9	-1	1	1
5502	-22	-8	-2	2	2
5503	-22	-7	-1	1	1
5504	-22	-6	-2	2	2
5505	-22	-5	-1	1	1
5506	-22	-4	-2	2	2
5507	-22	-3	-1	1	1
5508	-22	-2	-2	2	2
5509	-22	-1	-1	1	1
5510	-22	0	-22	22	22
5511	-22	1	1	1	1
5512	-22	2	2	2	2
5513	-22	3	1	1	1
5514	-22	4	2	2	2
5515	-22	5	1	1	1
5516	-22	6	2	2	2
5517	-22	7	1	1	1
5518	-22	8	2	2	2
5519	-22	9	1	1	1
5520	-22	10	2	2	2
5521	-22	11	11	11	11
5522	-22	12	2	2	2
5523	-22	13	1	1	1
5524	-22	14	2	2	2
5525	-22	15	1	1	1
5526	-22	16	2	2	2
5527	-22	17	1	1	1
5528	-22	18	2	2	2
5529	-22	19	1	1	1
5530	-22	20	2	2	2
5531	-22	21	1	1	1
5532	-22	22	22	22	22
5533	-22	23	1	1	1
5534	-22	24	2	2	2
5535	-22	25	1	1	1
5536	-22	26	2	2	2
5537	-22	27	1	1	1
5538	-22	28	2	2	2
5539	-22	29	1	1	1
5540	-22	30	2	2	2
5541	-22	31	1	1	1
5542	-22	32	2	2	2
5543	-22	33	11	11	11
5544	-22	34	2	2	2
5545	-22	35	1	1	1
5546	-22	36	2	2	2
5547	-22	37	1	1	1
5548	-22	38	2	2	2
5549	-22	39	1	1	1
5550	-22	40	2	2	2
5551	-22	41	1	1	1
5552	-22	42	2	2	2
5553	-22	43	1	1	1
5554	-22	44	22	22	22
5555	-22	45	1	1	1
5556	-22	46	2	2	2
5557	-22	47	1	1	1
5558	-22	48	2	2	2
5559	-22	49	1	1	1
5560	-22	50	2	2	2
5561	-22	51	1	1	1
5562	-22	52	2	2	2
5563	-22	53	1	1	1
5564	-22	54	2	2	2
5565	-22	55	11	11	11
5566	-22	56	2	2	2
5567	-22	57	1	1	1
5568	-22	58	2	2	2
5569	-22	59	1	1	1
5570	-22	60	2	2	2
5571	-22	61	1	1	1
5572	-22	62	2	2	2
5573	-22	63	1	1	1
5574	-22	64	2	2	2
5575	-21	-64	-1	1	1
5576	-21	-63	-21	21	21
5577	-21	-62	-1	1	1
5578	-21	-61	-1	1	1
5579	-21	-60	-3	3	3
5580	-21	-59	-1	1	1
5581	-21	-58	-1	1	1
5582	-21	-57	-3	3	3
5583	-21	-56	-7	7	7
5584	-21	-55	-1	1	1
5585	-21	-54	-3	3	3
5586	-21	-53	-1	1	1
5587	-21	-52	-1	1	1
5588	-21	-51	-3	3	3
5589	-21	-50	-1	1	1
5590	-21	-49	-7	7	7
5591	-21	-48	-3	3	3
5592	-21	-47	-1	1	1
5593	-21	-46	-1	1	1
5594	-21	-45	-3	3	3
5595	-21	-44	-1	1	1
5596	-21	-43	-1	1	1
5597	-21	-42	-21	21	21
5598	-21	-41	-1	1	1
5599	-21	-40	-1	1	1
5600	-21	-39	-3	3	3
5601	-21	-38	-1	1	1
5602	-21	-37	-1	1	1
5603	-21	-36	-3	3	3
5604	-21	-35	-7	7	7
5605	-21	-34	-1	1	1
5606	-21	-33	-3	3	3
5607	-21	-32	-1	1	1
5608	-21	-31	-1	1	1
5609	-21	-30	-3	3	3
5610	-21	-29	-1	1	1
5611	-21	-28	-7	7	7
5612	-21	-27	-3	3	3
5613	-21	-26	-1	1	1
5614	-21	-25	-1	1	1
5615	-21	-24	-3	3	3
5616	-21	-23	-1	1	1
5617	-21	-22	-1	1	1
5618	-21	-21	-21	21	21
5619	-21	-20	-1	1	1
5620	-21	-19	-1	1	1
5621	-21	-18	-3	3	3
5622	-21	-17	-1	1	1
5623	-21	-16	-1	1	1
5624	-21	-15	-3	3	3
5625	-21	-14	-7	7	7
5626	-21	-13	-1	1	1
5627	-21	-12	-3	3	3
5628	-21	-11	-1	1	1
5629	-21	-10	-1	1	1
5630	-21	-9	-3	3	3
5631	-21	-8	-1	1	1
5632	-21	-7	-7	7	7
5633	-21	-6	-3	3	3
5634	-21	-5	-1	1	1
5635	-21	-4	-1	1	1
5636	-21	-3	-3	3	3
5637	-21	-2	-1	1	1
5638	-21	-1	-1	1	1
5639	-21	0	-21	21	21
5640	-21	1	1	1	1
5641	-21	2	1	1	1
5642	-21	3	3	3	3
5643	-21	4	1	1	1
5644	-21	5	1	1	1
5645	-21	6	3	3	3
5646	-21	7	7	7	7
5647	-21	8	1	1	1
5648	-21	9	3	3	3
5649	-21	10	1	1	1
5650	-21	11	1	1	1
5651	-21	12	3	3	3
5652	-21	13	1	1	1
5653	-21	14	7	7	7
5654	-21	15	3	3	3
5655	-21	16	1	1	1
5656	-21	17	1	1	1
5657	-21	18	3	3	3
5658	-21	19	1	1	1
5659	-21	20	1	1	1
5660	-21	21	21	21	21
5661	-21	22	1	1	1
5662	-21	23	1	1	1
5663	-21	24	3	3	3
5664	-21	25	1	1	1
5665	-21	26	1	1	1
5666	-21	27	3	3	3
5667	-21	28	7	7	7
5668	-21	29	1	1	1
5669	-21	30	3	3	3
5670	-21	31	1	1	1
5671	-21	32	1	1	1
5672	-21	33	3	3	3
5673	-21	34	1	1	1
5674	-21	35	7	7	7
5675	-21	36	3	3	3
5676	-21	37	1	1	1
5677	-21	38	1	1	1
5678	-21	39	3	3	3
5679	-21	40	1	1	1
5680	-21	41	1	1	1
5681	-21	42	21	21	21
5682	-21	43	1	1	1
5683	-21	44	1	1	1
5684	-21	45	3	3	3
5685	-21	46	1	1	1
5686	-21	47	1	1	1
5687	-21	48	3	3	3
5688	-21	49	7	7	7
5689	-21	50	1	1	1
5690	-21	51	3	3	3
5691	-21	52	1	1	1
5692	-21	53	1	1	1
5693	-21	54	3	3	3
5694	-21	55	1	1	1
5695	-21	56	7	7	7
5696	-21	57	3	3	3
5697	-21	58	1	1	1
5698	-21	59	1	1	1
5699	-21	60	3	3	3
5700	-21	61	1	1	1
5701	-21	62	1	1	1
5702	-21	63	21	21	21
5703	-21	64	1	1	1
5704	-20	-64	-4	4	4
5705	-20	-63	-1	1	1
5706	-20	-62	-2	2	2
5707	-20	-61	-1	1	1
5708	-20	-60	-20	20	20
5709	-20	-59	-1	1	1
5710	-20	-58	-2	2	2
5711	-20	-57	-1	1	1
5712	-20	-56	-4	4	4
5713	-20	-55	-5	5	5
5714	-20	-54	-2	2	2
5715	-20	-53	-1	1	1
5716	-20	-52	-4	4	4
5717	-20	-51	-1	1	1
5718	-20	-50	-10	10	10
5719	-20	-49	-1	1	1
5720	-20	-48	-4	4	4
5721	-20	-47	-1	1	1
5722	-20	-46	-2	2	2
5723	-20	-45	-5	5	5
5724	-20	-44	-4	4	4
5725	-20	-43	-1	1	1
5726	-20	-42	-2	2	2
5727	-20	-41	-1	1	1
5728	-20	-40	-20	20	20
5729	-20	-39	-1	1	1
5730	-20	-38	-2	2	2
5731	-20	-37	-1	1	1
5732	-20	-36	-4	4	4
5733	-20	-35	-5	5	5
5734	-20	-34	-2	2	2
5735	-20	-33	-1	1	1
5736	-20	-32	-4	4	4
5737	-20	-31	-1	1	1
5738	-20	-30	-10	10	10
5739	-20	-29	-1	1	1
5740	-20	-28	-4	4	4
5741	-20	-27	-1	1	1
5742	-20	-26	-2	2	2
5743	-20	-25	-5	5	5
5744	-20	-24	-4	4	4
5745	-20	-23	-1	1	1
5746	-20	-22	-2	2	2
5747	-20	-21	-1	1	1
5748	-20	-20	-20	20	20
5749	-20	-19	-1	1	1
5750	-20	-18	-2	2	2
5751	-20	-17	-1	1	1
5752	-20	-16	-4	4	4
5753	-20	-15	-5	5	5
5754	-20	-14	-2	2	2
5755	-20	-13	-1	1	1
5756	-20	-12	-4	4	4
5757	-20	-11	-1	1	1
5758	-20	-10	-10	10	10
5759	-20	-9	-1	1	1
5760	-20	-8	-4	4	4
5761	-20	-7	-1	1	1
5762	-20	-6	-2	2	2
5763	-20	-5	-5	5	5
5764	-20	-4	-4	4	4
5765	-20	-3	-1	1	1
5766	-20	-2	-2	2	2
5767	-20	-1	-1	1	1
5768	-20	0	-20	20	20
5769	-20	1	1	1	1
5770	-20	2	2	2	2
5771	-20	3	1	1	1
5772	-20	4	4	4	4
5773	-20	5	5	5	5
5774	-20	6	2	2	2
5775	-20	7	1	1	1
5776	-20	8	4	4	4
5777	-20	9	1	1	1
5778	-20	10	10	10	10
5779	-20	11	1	1	1
5780	-20	12	4	4	4
5781	-20	13	1	1	1
5782	-20	14	2	2	2
5783	-20	15	5	5	5
5784	-20	16	4	4	4
5785	-20	17	1	1	1
5786	-20	18	2	2	2
5787	-20	19	1	1	1
5788	-20	20	20	20	20
5789	-20	21	1	1	1
5790	-20	22	2	2	2
5791	-20	23	1	1	1
5792	-20	24	4	4	4
5793	-20	25	5	5	5
5794	-20	26	2	2	2
5795	-20	27	1	1	1
5796	-20	28	4	4	4
5797	-20	29	1	1	1
5798	-20	30	10	10	10
5799	-20	31	1	1	1
5800	-20	32	4	4	4
5801	-20	33	1	1	1
5802	-20	34	2	2	2
5803	-20	35	5	5	5
5804	-20	36	4	4	4
5805	-20	37	1	1	1
5806	-20	38	2	2	2
5807	-20	39	1	1	1
5808	-20	40	20	20	20
5809	-20	41	1	1	1
5810	-20	42	2	2	2
5811	-20	43	1	1	1
5812	-20	44	4	4	4
5813	-20	45	5	5	5
5814	-20	46	2	2	2
5815	-20	47	1	1	1
5816	-20	48	4	4	4
5817	-20	49	1	1	1
5818	-20	50	10	10	10
5819	-20	51	1	1	1
5820	-20	52	4	4	4
5821	-20	53	1	1	1
5822	-20	54	2	2	2
5823	-20	55	5	5	5
5824	-20	56	4	4	4
5825	-20	57	1	1	1
5826	-20	58	2	2	2
5827	-20	59	1	1	1
5828	-20	60	20	20	20
5829	-20	61	1	1	1
5830	-20	62	2	2	2
5831	-20	63	1	1	1
5832	-20	64	4	4	4
5833	-19	-64	-1	1	1
5834	-19	-63	-1	1	1
5835	-19	-62	-1	1	1
5836	-19	-61	-1	1	1
5837	-19	-60	-1	1	1
5838	-19	-59	-1	1	1
5839	-19	-58	-1	1	1
5840	-19	-57	-19	19	19
5841	-19	-56	-1	1	1
5842	-19	-55	-1	1	1
5843	-19	-54	-1	1	1
5844	-19	-53	-1	1	1
5845	-19	-52	-1	1	1
5846	-19	-51	-1	1	1
5847	-19	-50	-1	1	1
5848	-19	-49	-1	1	1
5849	-19	-48	-1	1	1
5850	-19	-47	-1	1	1
5851	-19	-46	-1	1	1
5852	-19	-45	-1	1	1
5853	-19	-44	-1	1	1
5854	-19	-43	-1	1	1
5855	-19	-42	-1	1	1
5856	-19	-41	-1	1	1
5857	-19	-40	-1	1	1
5858	-19	-39	-1	1	1
5859	-19	-38	-19	19	19
5860	-19	-37	-1	1	1
5861	-19	-36	-1	1	1
5862	-19	-35	-1	1	1
5863	-19	-34	-1	1	1
5864	-19	-33	-1	1	1
5865	-19	-32	-1	1	1
5866	-19	-31	-1	1	1
5867	-19	-30	-1	1	1
5868	-19	-29	-1	1	1
5869	-19	-28	-1	1	1
5870	-19	-27	-1	1	1
5871	-19	-26	-1	1	1
5872	-19	-25	-1	1	1
5873	-19	-24	-1	1	1
5874	-19	-23	-1	1	1
5875	-19	-22	-1	1	1
5876	-19	-21	-1	1	1
5877	-19	-20	-1	1	1
5878	-19	-19	-19	19	19
5879	-19	-18	-1	1	1
5880	-19	-17	-1	1	1
5881	-19	-16	-1	1	1
5882	-19	-15	-1	1	1
5883	-19	-14	-1	1	1
5884	-19	-13	-1	1	1
5885	-19	-12	-1	1	1
5886	-19	-11	-1	1	1
5887	-19	-10	-1	1	1
5888	-19	-9	-1	1	1
5889	-19	-8	-1	1	1
5890	-19	-7	-1	1	1
5891	-19	-6	-1	1	1
5892	-19	-5	-1	1	1
5893	-19	-4	-1	1	1
5894	-19	-3	-1	1	1
5895	-19	-2	-1	1	1
5896	-19	-1	-1	1	1
5897	-19	0	-19	19	19
5898	-19	1	1	1	1
5899	-19	2	1	1	1
5900	-19	3	1	1	1
5901	-19	4	1	1	1
5902	-19	5	1	1	1
5903	-19	6	1	1	1
5904	-19	7	1	1	1
5905	-19	8	1	1	1
5906	-19	9	1	1	1
5907	-19	10	1	1	1
5908	-19	11	1	1	1
5909	-19	12	1	1	1
5910	-19	13	1	1	1
5911	-19	14	1	1	1
5912	-19	15	1	1	1
5913	-19	16	1	1	1
5914	-19	17	1	1	1
5915	-19	18	1	1	1
5916	-19	19	19	19	19
5917	-19	20	1	1	1
5918	-19	21	1	1	1
5919	-19	22	1	1	1
5920	-19	23	1	1	1
5921	-19	24	1	1	1
5922	-19	25	1	1	1
5923	-19	26	1	1	1
5924	-19	27	1	1	1
5925	-19	28	1	1	1
5926	-19	29	1	1	1
5927	-19	30	1	1	1
5928	-19	31	1	1	1
5929	-19	32	1	1	1
5930	-19	33	1	1	1
5931	-19	34	1	1	1
5932	-19	35	1	1	1
5933	-19	36	1	1	1
5934	-19	37	1	1	1
5935	-19	38	19	19	19
5936	-19	39	1	1	1
5937	-19	40	1	1	1
5938	-19	41	1	1	1
5939	-19	42	1	1	1
5940	-19	43	1	1	1
5941	-19	44	1	1	1
5942	-19	45	1	1	1
5943	-19	46	1	1	1
5944	-19	47	1	1	1
5945	-19	48	1	1	1
5946	-19	49	1	1	1
5947	-19	50	1	1	1
5948	-19	51	1	1	1
5949	-19	52	1	1	1
5950	-19	53	1	1	1
5951	-19	54	1	1	1
5952	-19	55	1	1	1
5953	-19	56	1	1	1
5954	-19	57	19	19	19
5955	-19	58	1	1	1
5956	-19	59	1	1	1
5957	-19	60	1	1	1
5958	-19	61	1	1	1
5959	-19	62	1	1	1
5960	-19	63	1	1	1
5961	-19	64	1	1	1
5962	-18	-64	-2	2	2
5963	-18	-63	-9	9	9
5964	-18	-62	-2	2	2
5965	-18	-61	-1	1	1
5966	-18	-60	-6	6	6
5967	-18	-59	-1	1	1
5968	-18	-58	-2	2	2
5969	-18	-57	-3	3	3
5970	-18	-56	-2	2	2
5971	-18	-55	-1	1	1
5972	-18	-54	-18	18	18
5973	-18	-53	-1	1	1
5974	-18	-52	-2	2	2
5975	-18	-51	-3	3	3
5976	-18	-50	-2	2	2
5977	-18	-49	-1	1	1
5978	-18	-48	-6	6	6
5979	-18	-47	-1	1	1
5980	-18	-46	-2	2	2
5981	-18	-45	-9	9	9
5982	-18	-44	-2	2	2
5983	-18	-43	-1	1	1
5984	-18	-42	-6	6	6
5985	-18	-41	-1	1	1
5986	-18	-40	-2	2	2
5987	-18	-39	-3	3	3
5988	-18	-38	-2	2	2
5989	-18	-37	-1	1	1
5990	-18	-36	-18	18	18
5991	-18	-35	-1	1	1
5992	-18	-34	-2	2	2
5993	-18	-33	-3	3	3
5994	-18	-32	-2	2	2
5995	-18	-31	-1	1	1
5996	-18	-30	-6	6	6
5997	-18	-29	-1	1	1
5998	-18	-28	-2	2	2
5999	-18	-27	-9	9	9
6000	-18	-26	-2	2	2
6001	-18	-25	-1	1	1
6002	-18	-24	-6	6	6
6003	-18	-23	-1	1	1
6004	-18	-22	-2	2	2
6005	-18	-21	-3	3	3
6006	-18	-20	-2	2	2
6007	-18	-19	-1	1	1
6008	-18	-18	-18	18	18
6009	-18	-17	-1	1	1
6010	-18	-16	-2	2	2
6011	-18	-15	-3	3	3
6012	-18	-14	-2	2	2
6013	-18	-13	-1	1	1
6014	-18	-12	-6	6	6
6015	-18	-11	-1	1	1
6016	-18	-10	-2	2	2
6017	-18	-9	-9	9	9
6018	-18	-8	-2	2	2
6019	-18	-7	-1	1	1
6020	-18	-6	-6	6	6
6021	-18	-5	-1	1	1
6022	-18	-4	-2	2	2
6023	-18	-3	-3	3	3
6024	-18	-2	-2	2	2
6025	-18	-1	-1	1	1
6026	-18	0	-18	18	18
6027	-18	1	1	1	1
6028	-18	2	2	2	2
6029	-18	3	3	3	3
6030	-18	4	2	2	2
6031	-18	5	1	1	1
6032	-18	6	6	6	6
6033	-18	7	1	1	1
6034	-18	8	2	2	2
6035	-18	9	9	9	9
6036	-18	10	2	2	2
6037	-18	11	1	1	1
6038	-18	12	6	6	6
6039	-18	13	1	1	1
6040	-18	14	2	2	2
6041	-18	15	3	3	3
6042	-18	16	2	2	2
6043	-18	17	1	1	1
6044	-18	18	18	18	18
6045	-18	19	1	1	1
6046	-18	20	2	2	2
6047	-18	21	3	3	3
6048	-18	22	2	2	2
6049	-18	23	1	1	1
6050	-18	24	6	6	6
6051	-18	25	1	1	1
6052	-18	26	2	2	2
6053	-18	27	9	9	9
6054	-18	28	2	2	2
6055	-18	29	1	1	1
6056	-18	30	6	6	6
6057	-18	31	1	1	1
6058	-18	32	2	2	2
6059	-18	33	3	3	3
6060	-18	34	2	2	2
6061	-18	35	1	1	1
6062	-18	36	18	18	18
6063	-18	37	1	1	1
6064	-18	38	2	2	2
6065	-18	39	3	3	3
6066	-18	40	2	2	2
6067	-18	41	1	1	1
6068	-18	42	6	6	6
6069	-18	43	1	1	1
6070	-18	44	2	2	2
6071	-18	45	9	9	9
6072	-18	46	2	2	2
6073	-18	47	1	1	1
6074	-18	48	6	6	6
6075	-18	49	1	1	1
6076	-18	50	2	2	2
6077	-18	51	3	3	3
6078	-18	52	2	2	2
6079	-18	53	1	1	1
6080	-18	54	18	18	18
6081	-18	55	1	1	1
6082	-18	56	2	2	2
6083	-18	57	3	3	3
6084	-18	58	2	2	2
6085	-18	59	1	1	1
6086	-18	60	6	6	6
6087	-18	61	1	1	1
6088	-18	62	2	2	2
6089	-18	63	9	9	9
6090	-18	64	2	2	2
6091	-17	-64	-1	1	1
6092	-17	-63	-1	1	1
6093	-17	-62	-1	1	1
6094	-17	-61	-1	1	1
6095	-17	-60	-1	1	1
6096	-17	-59	-1	1	1
6097	-17	-58	-1	1	1
6098	-17	-57	-1	1	1
6099	-17	-56	-1	1	1
6100	-17	-55	-1	1	1
6101	-17	-54	-1	1	1
6102	-17	-53	-1	1	1
6103	-17	-52	-1	1	1
6104	-17	-51	-17	17	17
6105	-17	-50	-1	1	1
6106	-17	-49	-1	1	1
6107	-17	-48	-1	1	1
6108	-17	-47	-1	1	1
6109	-17	-46	-1	1	1
6110	-17	-45	-1	1	1
6111	-17	-44	-1	1	1
6112	-17	-43	-1	1	1
6113	-17	-42	-1	1	1
6114	-17	-41	-1	1	1
6115	-17	-40	-1	1	1
6116	-17	-39	-1	1	1
6117	-17	-38	-1	1	1
6118	-17	-37	-1	1	1
6119	-17	-36	-1	1	1
6120	-17	-35	-1	1	1
6121	-17	-34	-17	17	17
6122	-17	-33	-1	1	1
6123	-17	-32	-1	1	1
6124	-17	-31	-1	1	1
6125	-17	-30	-1	1	1
6126	-17	-29	-1	1	1
6127	-17	-28	-1	1	1
6128	-17	-27	-1	1	1
6129	-17	-26	-1	1	1
6130	-17	-25	-1	1	1
6131	-17	-24	-1	1	1
6132	-17	-23	-1	1	1
6133	-17	-22	-1	1	1
6134	-17	-21	-1	1	1
6135	-17	-20	-1	1	1
6136	-17	-19	-1	1	1
6137	-17	-18	-1	1	1
6138	-17	-17	-17	17	17
6139	-17	-16	-1	1	1
6140	-17	-15	-1	1	1
6141	-17	-14	-1	1	1
6142	-17	-13	-1	1	1
6143	-17	-12	-1	1	1
6144	-17	-11	-1	1	1
6145	-17	-10	-1	1	1
6146	-17	-9	-1	1	1
6147	-17	-8	-1	1	1
6148	-17	-7	-1	1	1
6149	-17	-6	-1	1	1
6150	-17	-5	-1	1	1
6151	-17	-4	-1	1	1
6152	-17	-3	-1	1	1
6153	-17	-2	-1	1	1
6154	-17	-1	-1	1	1
6155	-17	0	-17	17	17
6156	-17	1	1	1	1
6157	-17	2	1	1	1
6158	-17	3	1	1	1
6159	-17	4	1	1	1
6160	-17	5	1	1	1
6161	-17	6	1	1	1
6162	-17	7	1	1	1
6163	-17	8	1	1	1
6164	-17	9	1	1	1
6165	-17	10	1	1	1
6166	-17	11	1	1	1
6167	-17	12	1	1	1
6168	-17	13	1	1	1
6169	-17	14	1	1	1
6170	-17	15	1	1	1
6171	-17	16	1	1	1
6172	-17	17	17	17	17
6173	-17	18	1	1	1
6174	-17	19	1	1	1
6175	-17	20	1	1	1
6176	-17	21	1	1	1
6177	-17	22	1	1	1
6178	-17	23	1	1	1
6179	-17	24	1	1	1
6180	-17	25	1	1	1
6181	-17	26	1	1	1
6182	-17	27	1	1	1
6183	-17	28	1	1	1
6184	-17	29	1	1	1
6185	-17	30	1	1	1
6186	-17	31	1	1	1
6187	-17	32	1	1	1
6188	-17	33	1	1	1
6189	-17	34	17	17	17
6190	-17	35	1	1	1
6191	-17	36	1	1	1
6192	-17	37	1	1	1
6193	-17	38	1	1	1
6194	-17	39	1	1	1
6195	-17	40	1	1	1
6196	-17	41	1	1	1
6197	-17	42	1	1	1
6198	-17	43	1	1	1
6199	-17	44	1	1	1
6200	-17	45	1	1	1
6201	-17	46	1	1	1
6202	-17	47	1	1	1
6203	-17	48	1	1	1
6204	-17	49	1	1	1
6205	-17	50	1	1	1
6206	-17	51	17	17	17
6207	-17	52	1	1	1
6208	-17	53	1	1	1
6209	-17	54	1	1	1
6210	-17	55	1	1	1
6211	-17	56	1	1	1
6212	-17	57	1	1	1
6213	-17	58	1	1	1
6214	-17	59	1	1	1
6215	-17	60	1	1	1
6216	-17	61	1	1	1
6217	-17	62	1	1	1
6218	-17	63	1	1	1
6219	-17	64	1	1	1
6220	-16	-64	-16	16	16
6221	-16	-63	-1	1	1
6222	-16	-62	-2	2	2
6223	-16	-61	-1	1	1
6224	-16	-60	-4	4	4
6225	-16	-59	-1	1	1
6226	-16	-58	-2	2	2
6227	-16	-57	-1	1	1
6228	-16	-56	-8	8	8
6229	-16	-55	-1	1	1
6230	-16	-54	-2	2	2
6231	-16	-53	-1	1	1
6232	-16	-52	-4	4	4
6233	-16	-51	-1	1	1
6234	-16	-50	-2	2	2
6235	-16	-49	-1	1	1
6236	-16	-48	-16	16	16
6237	-16	-47	-1	1	1
6238	-16	-46	-2	2	2
6239	-16	-45	-1	1	1
6240	-16	-44	-4	4	4
6241	-16	-43	-1	1	1
6242	-16	-42	-2	2	2
6243	-16	-41	-1	1	1
6244	-16	-40	-8	8	8
6245	-16	-39	-1	1	1
6246	-16	-38	-2	2	2
6247	-16	-37	-1	1	1
6248	-16	-36	-4	4	4
6249	-16	-35	-1	1	1
6250	-16	-34	-2	2	2
6251	-16	-33	-1	1	1
6252	-16	-32	-16	16	16
6253	-16	-31	-1	1	1
6254	-16	-30	-2	2	2
6255	-16	-29	-1	1	1
6256	-16	-28	-4	4	4
6257	-16	-27	-1	1	1
6258	-16	-26	-2	2	2
6259	-16	-25	-1	1	1
6260	-16	-24	-8	8	8
6261	-16	-23	-1	1	1
6262	-16	-22	-2	2	2
6263	-16	-21	-1	1	1
6264	-16	-20	-4	4	4
6265	-16	-19	-1	1	1
6266	-16	-18	-2	2	2
6267	-16	-17	-1	1	1
6268	-16	-16	-16	16	16
6269	-16	-15	-1	1	1
6270	-16	-14	-2	2	2
6271	-16	-13	-1	1	1
6272	-16	-12	-4	4	4
6273	-16	-11	-1	1	1
6274	-16	-10	-2	2	2
6275	-16	-9	-1	1	1
6276	-16	-8	-8	8	8
6277	-16	-7	-1	1	1
6278	-16	-6	-2	2	2
6279	-16	-5	-1	1	1
6280	-16	-4	-4	4	4
6281	-16	-3	-1	1	1
6282	-16	-2	-2	2	2
6283	-16	-1	-1	1	1
6284	-16	0	-16	16	16
6285	-16	1	1	1	1
6286	-16	2	2	2	2
6287	-16	3	1	1	1
6288	-16	4	4	4	4
6289	-16	5	1	1	1
6290	-16	6	2	2	2
6291	-16	7	1	1	1
6292	-16	8	8	8	8
6293	-16	9	1	1	1
6294	-16	10	2	2	2
6295	-16	11	1	1	1
6296	-16	12	4	4	4
6297	-16	13	1	1	1
6298	-16	14	2	2	2
6299	-16	15	1	1	1
6300	-16	16	16	16	16
6301	-16	17	1	1	1
6302	-16	18	2	2	2
6303	-16	19	1	1	1
6304	-16	20	4	4	4
6305	-16	21	1	1	1
6306	-16	22	2	2	2
6307	-16	23	1	1	1
6308	-16	24	8	8	8
6309	-16	25	1	1	1
6310	-16	26	2	2	2
6311	-16	27	1	1	1
6312	-16	28	4	4	4
6313	-16	29	1	1	1
6314	-16	30	2	2	2
6315	-16	31	1	1	1
6316	-16	32	16	16	16
6317	-16	33	1	1	1
6318	-16	34	2	2	2
6319	-16	35	1	1	1
6320	-16	36	4	4	4
6321	-16	37	1	1	1
6322	-16	38	2	2	2
6323	-16	39	1	1	1
6324	-16	40	8	8	8
6325	-16	41	1	1	1
6326	-16	42	2	2	2
6327	-16	43	1	1	1
6328	-16	44	4	4	4
6329	-16	45	1	1	1
6330	-16	46	2	2	2
6331	-16	47	1	1	1
6332	-16	48	16	16	16
6333	-16	49	1	1	1
6334	-16	50	2	2	2
6335	-16	51	1	1	1
6336	-16	52	4	4	4
6337	-16	53	1	1	1
6338	-16	54	2	2	2
6339	-16	55	1	1	1
6340	-16	56	8	8	8
6341	-16	57	1	1	1
6342	-16	58	2	2	2
6343	-16	59	1	1	1
6344	-16	60	4	4	4
6345	-16	61	1	1	1
6346	-16	62	2	2	2
6347	-16	63	1	1	1
6348	-16	64	16	16	16
6349	-15	-64	-1	1	1
6350	-15	-63	-3	3	3
6351	-15	-62	-1	1	1
6352	-15	-61	-1	1	1
6353	-15	-60	-15	15	15
6354	-15	-59	-1	1	1
6355	-15	-58	-1	1	1
6356	-15	-57	-3	3	3
6357	-15	-56	-1	1	1
6358	-15	-55	-5	5	5
6359	-15	-54	-3	3	3
6360	-15	-53	-1	1	1
6361	-15	-52	-1	1	1
6362	-15	-51	-3	3	3
6363	-15	-50	-5	5	5
6364	-15	-49	-1	1	1
6365	-15	-48	-3	3	3
6366	-15	-47	-1	1	1
6367	-15	-46	-1	1	1
6368	-15	-45	-15	15	15
6369	-15	-44	-1	1	1
6370	-15	-43	-1	1	1
6371	-15	-42	-3	3	3
6372	-15	-41	-1	1	1
6373	-15	-40	-5	5	5
6374	-15	-39	-3	3	3
6375	-15	-38	-1	1	1
6376	-15	-37	-1	1	1
6377	-15	-36	-3	3	3
6378	-15	-35	-5	5	5
6379	-15	-34	-1	1	1
6380	-15	-33	-3	3	3
6381	-15	-32	-1	1	1
6382	-15	-31	-1	1	1
6383	-15	-30	-15	15	15
6384	-15	-29	-1	1	1
6385	-15	-28	-1	1	1
6386	-15	-27	-3	3	3
6387	-15	-26	-1	1	1
6388	-15	-25	-5	5	5
6389	-15	-24	-3	3	3
6390	-15	-23	-1	1	1
6391	-15	-22	-1	1	1
6392	-15	-21	-3	3	3
6393	-15	-20	-5	5	5
6394	-15	-19	-1	1	1
6395	-15	-18	-3	3	3
6396	-15	-17	-1	1	1
6397	-15	-16	-1	1	1
6398	-15	-15	-15	15	15
6399	-15	-14	-1	1	1
6400	-15	-13	-1	1	1
6401	-15	-12	-3	3	3
6402	-15	-11	-1	1	1
6403	-15	-10	-5	5	5
6404	-15	-9	-3	3	3
6405	-15	-8	-1	1	1
6406	-15	-7	-1	1	1
6407	-15	-6	-3	3	3
6408	-15	-5	-5	5	5
6409	-15	-4	-1	1	1
6410	-15	-3	-3	3	3
6411	-15	-2	-1	1	1
6412	-15	-1	-1	1	1
6413	-15	0	-15	15	15
6414	-15	1	1	1	1
6415	-15	2	1	1	1
6416	-15	3	3	3	3
6417	-15	4	1	1	1
6418	-15	5	5	5	5
6419	-15	6	3	3	3
6420	-15	7	1	1	1
6421	-15	8	1	1	1
6422	-15	9	3	3	3
6423	-15	10	5	5	5
6424	-15	11	1	1	1
6425	-15	12	3	3	3
6426	-15	13	1	1	1
6427	-15	14	1	1	1
6428	-15	15	15	15	15
6429	-15	16	1	1	1
6430	-15	17	1	1	1
6431	-15	18	3	3	3
6432	-15	19	1	1	1
6433	-15	20	5	5	5
6434	-15	21	3	3	3
6435	-15	22	1	1	1
6436	-15	23	1	1	1
6437	-15	24	3	3	3
6438	-15	25	5	5	5
6439	-15	26	1	1	1
6440	-15	27	3	3	3
6441	-15	28	1	1	1
6442	-15	29	1	1	1
6443	-15	30	15	15	15
6444	-15	31	1	1	1
6445	-15	32	1	1	1
6446	-15	33	3	3	3
6447	-15	34	1	1	1
6448	-15	35	5	5	5
6449	-15	36	3	3	3
6450	-15	37	1	1	1
6451	-15	38	1	1	1
6452	-15	39	3	3	3
6453	-15	40	5	5	5
6454	-15	41	1	1	1
6455	-15	42	3	3	3
6456	-15	43	1	1	1
6457	-15	44	1	1	1
6458	-15	45	15	15	15
6459	-15	46	1	1	1
6460	-15	47	1	1	1
6461	-15	48	3	3	3
6462	-15	49	1	1	1
6463	-15	50	5	5	5
6464	-15	51	3	3	3
6465	-15	52	1	1	1
6466	-15	53	1	1	1
6467	-15	54	3	3	3
6468	-15	55	5	5	5
6469	-15	56	1	1	1
6470	-15	57	3	3	3
6471	-15	58	1	1	1
6472	-15	59	1	1	1
6473	-15	60	15	15	15
6474	-15	61	1	1	1
6475	-15	62	1	1	1
6476	-15	63	3	3	3
6477	-15	64	1	1	1
6478	-14	-64	-2	2	2
6479	-14	-63	-7	7	7
6480	-14	-62	-2	2	2
6481	-14	-61	-1	1	1
6482	-14	-60	-2	2	2
6483	-14	-59	-1	1	1
6484	-14	-58	-2	2	2
6485	-14	-57	-1	1	1
6486	-14	-56	-14	14	14
6487	-14	-55	-1	1	1
6488	-14	-54	-2	2	2
6489	-14	-53	-1	1	1
6490	-14	-52	-2	2	2
6491	-14	-51	-1	1	1
6492	-14	-50	-2	2	2
6493	-14	-49	-7	7	7
6494	-14	-48	-2	2	2
6495	-14	-47	-1	1	1
6496	-14	-46	-2	2	2
6497	-14	-45	-1	1	1
6498	-14	-44	-2	2	2
6499	-14	-43	-1	1	1
6500	-14	-42	-14	14	14
6501	-14	-41	-1	1	1
6502	-14	-40	-2	2	2
6503	-14	-39	-1	1	1
6504	-14	-38	-2	2	2
6505	-14	-37	-1	1	1
6506	-14	-36	-2	2	2
6507	-14	-35	-7	7	7
6508	-14	-34	-2	2	2
6509	-14	-33	-1	1	1
6510	-14	-32	-2	2	2
6511	-14	-31	-1	1	1
6512	-14	-30	-2	2	2
6513	-14	-29	-1	1	1
6514	-14	-28	-14	14	14
6515	-14	-27	-1	1	1
6516	-14	-26	-2	2	2
6517	-14	-25	-1	1	1
6518	-14	-24	-2	2	2
6519	-14	-23	-1	1	1
6520	-14	-22	-2	2	2
6521	-14	-21	-7	7	7
6522	-14	-20	-2	2	2
6523	-14	-19	-1	1	1
6524	-14	-18	-2	2	2
6525	-14	-17	-1	1	1
6526	-14	-16	-2	2	2
6527	-14	-15	-1	1	1
6528	-14	-14	-14	14	14
6529	-14	-13	-1	1	1
6530	-14	-12	-2	2	2
6531	-14	-11	-1	1	1
6532	-14	-10	-2	2	2
6533	-14	-9	-1	1	1
6534	-14	-8	-2	2	2
6535	-14	-7	-7	7	7
6536	-14	-6	-2	2	2
6537	-14	-5	-1	1	1
6538	-14	-4	-2	2	2
6539	-14	-3	-1	1	1
6540	-14	-2	-2	2	2
6541	-14	-1	-1	1	1
6542	-14	0	-14	14	14
6543	-14	1	1	1	1
6544	-14	2	2	2	2
6545	-14	3	1	1	1
6546	-14	4	2	2	2
6547	-14	5	1	1	1
6548	-14	6	2	2	2
6549	-14	7	7	7	7
6550	-14	8	2	2	2
6551	-14	9	1	1	1
6552	-14	10	2	2	2
6553	-14	11	1	1	1
6554	-14	12	2	2	2
6555	-14	13	1	1	1
6556	-14	14	14	14	14
6557	-14	15	1	1	1
6558	-14	16	2	2	2
6559	-14	17	1	1	1
6560	-14	18	2	2	2
6561	-14	19	1	1	1
6562	-14	20	2	2	2
6563	-14	21	7	7	7
6564	-14	22	2	2	2
6565	-14	23	1	1	1
6566	-14	24	2	2	2
6567	-14	25	1	1	1
6568	-14	26	2	2	2
6569	-14	27	1	1	1
6570	-14	28	14	14	14
6571	-14	29	1	1	1
6572	-14	30	2	2	2
6573	-14	31	1	1	1
6574	-14	32	2	2	2
6575	-14	33	1	1	1
6576	-14	34	2	2	2
6577	-14	35	7	7	7
6578	-14	36	2	2	2
6579	-14	37	1	1	1
6580	-14	38	2	2	2
6581	-14	39	1	1	1
6582	-14	40	2	2	2
6583	-14	41	1	1	1
6584	-14	42	14	14	14
6585	-14	43	1	1	1
6586	-14	44	2	2	2
6587	-14	45	1	1	1
6588	-14	46	2	2	2
6589	-14	47	1	1	1
6590	-14	48	2	2	2
6591	-14	49	7	7	7
6592	-14	50	2	2	2
6593	-14	51	1	1	1
6594	-14	52	2	2	2
6595	-14	53	1	1	1
6596	-14	54	2	2	2
6597	-14	55	1	1	1
6598	-14	56	14	14	14
6599	-14	57	1	1	1
6600	-14	58	2	2	2
6601	-14	59	1	1	1
6602	-14	60	2	2	2
6603	-14	61	1	1	1
6604	-14	62	2	2	2
6605	-14	63	7	7	7
6606	-14	64	2	2	2
6607	-13	-64	-1	1	1
6608	-13	-63	-1	1	1
6609	-13	-62	-1	1	1
6610	-13	-61	-1	1	1
6611	-13	-60	-1	1	1
6612	-13	-59	-1	1	1
6613	-13	-58	-1	1	1
6614	-13	-57	-1	1	1
6615	-13	-56	-1	1	1
6616	-13	-55	-1	1	1
6617	-13	-54	-1	1	1
6618	-13	-53	-1	1	1
6619	-13	-52	-13	13	13
6620	-13	-51	-1	1	1
6621	-13	-50	-1	1	1
6622	-13	-49	-1	1	1
6623	-13	-48	-1	1	1
6624	-13	-47	-1	1	1
6625	-13	-46	-1	1	1
6626	-13	-45	-1	1	1
6627	-13	-44	-1	1	1
6628	-13	-43	-1	1	1
6629	-13	-42	-1	1	1
6630	-13	-41	-1	1	1
6631	-13	-40	-1	1	1
6632	-13	-39	-13	13	13
6633	-13	-38	-1	1	1
6634	-13	-37	-1	1	1
6635	-13	-36	-1	1	1
6636	-13	-35	-1	1	1
6637	-13	-34	-1	1	1
6638	-13	-33	-1	1	1
6639	-13	-32	-1	1	1
6640	-13	-31	-1	1	1
6641	-13	-30	-1	1	1
6642	-13	-29	-1	1	1
6643	-13	-28	-1	1	1
6644	-13	-27	-1	1	1
6645	-13	-26	-13	13	13
6646	-13	-25	-1	1	1
6647	-13	-24	-1	1	1
6648	-13	-23	-1	1	1
6649	-13	-22	-1	1	1
6650	-13	-21	-1	1	1
6651	-13	-20	-1	1	1
6652	-13	-19	-1	1	1
6653	-13	-18	-1	1	1
6654	-13	-17	-1	1	1
6655	-13	-16	-1	1	1
6656	-13	-15	-1	1	1
6657	-13	-14	-1	1	1
6658	-13	-13	-13	13	13
6659	-13	-12	-1	1	1
6660	-13	-11	-1	1	1
6661	-13	-10	-1	1	1
6662	-13	-9	-1	1	1
6663	-13	-8	-1	1	1
6664	-13	-7	-1	1	1
6665	-13	-6	-1	1	1
6666	-13	-5	-1	1	1
6667	-13	-4	-1	1	1
6668	-13	-3	-1	1	1
6669	-13	-2	-1	1	1
6670	-13	-1	-1	1	1
6671	-13	0	-13	13	13
6672	-13	1	1	1	1
6673	-13	2	1	1	1
6674	-13	3	1	1	1
6675	-13	4	1	1	1
6676	-13	5	1	1	1
6677	-13	6	1	1	1
6678	-13	7	1	1	1
6679	-13	8	1	1	1
6680	-13	9	1	1	1
6681	-13	10	1	1	1
6682	-13	11	1	1	1
6683	-13	12	1	1	1
6684	-13	13	13	13	13
6685	-13	14	1	1	1
6686	-13	15	1	1	1
6687	-13	16	1	1	1
6688	-13	17	1	1	1
6689	-13	18	1	1	1
6690	-13	19	1	1	1
6691	-13	20	1	1	1
6692	-13	21	1	1	1
6693	-13	22	1	1	1
6694	-13	23	1	1	1
6695	-13	24	1	1	1
6696	-13	25	1	1	1
6697	-13	26	13	13	13
6698	-13	27	1	1	1
6699	-13	28	1	1	1
6700	-13	29	1	1	1
6701	-13	30	1	1	1
6702	-13	31	1	1	1
6703	-13	32	1	1	1
6704	-13	33	1	1	1
6705	-13	34	1	1	1
6706	-13	35	1	1	1
6707	-13	36	1	1	1
6708	-13	37	1	1	1
6709	-13	38	1	1	1
6710	-13	39	13	13	13
6711	-13	40	1	1	1
6712	-13	41	1	1	1
6713	-13	42	1	1	1
6714	-13	43	1	1	1
6715	-13	44	1	1	1
6716	-13	45	1	1	1
6717	-13	46	1	1	1
6718	-13	47	1	1	1
6719	-13	48	1	1	1
6720	-13	49	1	1	1
6721	-13	50	1	1	1
6722	-13	51	1	1	1
6723	-13	52	13	13	13
6724	-13	53	1	1	1
6725	-13	54	1	1	1
6726	-13	55	1	1	1
6727	-13	56	1	1	1
6728	-13	57	1	1	1
6729	-13	58	1	1	1
6730	-13	59	1	1	1
6731	-13	60	1	1	1
6732	-13	61	1	1	1
6733	-13	62	1	1	1
6734	-13	63	1	1	1
6735	-13	64	1	1	1
6736	-12	-64	-4	4	4
6737	-12	-63	-3	3	3
6738	-12	-62	-2	2	2
6739	-12	-61	-1	1	1
6740	-12	-60	-12	12	12
6741	-12	-59	-1	1	1
6742	-12	-58	-2	2	2
6743	-12	-57	-3	3	3
6744	-12	-56	-4	4	4
6745	-12	-55	-1	1	1
6746	-12	-54	-6	6	6
6747	-12	-53	-1	1	1
6748	-12	-52	-4	4	4
6749	-12	-51	-3	3	3
6750	-12	-50	-2	2	2
6751	-12	-49	-1	1	1
6752	-12	-48	-12	12	12
6753	-12	-47	-1	1	1
6754	-12	-46	-2	2	2
6755	-12	-45	-3	3	3
6756	-12	-44	-4	4	4
6757	-12	-43	-1	1	1
6758	-12	-42	-6	6	6
6759	-12	-41	-1	1	1
6760	-12	-40	-4	4	4
6761	-12	-39	-3	3	3
6762	-12	-38	-2	2	2
6763	-12	-37	-1	1	1
6764	-12	-36	-12	12	12
6765	-12	-35	-1	1	1
6766	-12	-34	-2	2	2
6767	-12	-33	-3	3	3
6768	-12	-32	-4	4	4
6769	-12	-31	-1	1	1
6770	-12	-30	-6	6	6
6771	-12	-29	-1	1	1
6772	-12	-28	-4	4	4
6773	-12	-27	-3	3	3
6774	-12	-26	-2	2	2
6775	-12	-25	-1	1	1
6776	-12	-24	-12	12	12
6777	-12	-23	-1	1	1
6778	-12	-22	-2	2	2
6779	-12	-21	-3	3	3
6780	-12	-20	-4	4	4
6781	-12	-19	-1	1	1
6782	-12	-18	-6	6	6
6783	-12	-17	-1	1	1
6784	-12	-16	-4	4	4
6785	-12	-15	-3	3	3
6786	-12	-14	-2	2	2
6787	-12	-13	-1	1	1
6788	-12	-12	-12	12	12
6789	-12	-11	-1	1	1
6790	-12	-10	-2	2	2
6791	-12	-9	-3	3	3
6792	-12	-8	-4	4	4
6793	-12	-7	-1	1	1
6794	-12	-6	-6	6	6
6795	-12	-5	-1	1	1
6796	-12	-4	-4	4	4
6797	-12	-3	-3	3	3
6798	-12	-2	-2	2	2
6799	-12	-1	-1	1	1
6800	-12	0	-12	12	12
6801	-12	1	1	1	1
6802	-12	2	2	2	2
6803	-12	3	3	3	3
6804	-12	4	4	4	4
6805	-12	5	1	1	1
6806	-12	6	6	6	6
6807	-12	7	1	1	1
6808	-12	8	4	4	4
6809	-12	9	3	3	3
6810	-12	10	2	2	2
6811	-12	11	1	1	1
6812	-12	12	12	12	12
6813	-12	13	1	1	1
6814	-12	14	2	2	2
6815	-12	15	3	3	3
6816	-12	16	4	4	4
6817	-12	17	1	1	1
6818	-12	18	6	6	6
6819	-12	19	1	1	1
6820	-12	20	4	4	4
6821	-12	21	3	3	3
6822	-12	22	2	2	2
6823	-12	23	1	1	1
6824	-12	24	12	12	12
6825	-12	25	1	1	1
6826	-12	26	2	2	2
6827	-12	27	3	3	3
6828	-12	28	4	4	4
6829	-12	29	1	1	1
6830	-12	30	6	6	6
6831	-12	31	1	1	1
6832	-12	32	4	4	4
6833	-12	33	3	3	3
6834	-12	34	2	2	2
6835	-12	35	1	1	1
6836	-12	36	12	12	12
6837	-12	37	1	1	1
6838	-12	38	2	2	2
6839	-12	39	3	3	3
6840	-12	40	4	4	4
6841	-12	41	1	1	1
6842	-12	42	6	6	6
6843	-12	43	1	1	1
6844	-12	44	4	4	4
6845	-12	45	3	3	3
6846	-12	46	2	2	2
6847	-12	47	1	1	1
6848	-12	48	12	12	12
6849	-12	49	1	1	1
6850	-12	50	2	2	2
6851	-12	51	3	3	3
6852	-12	52	4	4	4
6853	-12	53	1	1	1
6854	-12	54	6	6	6
6855	-12	55	1	1	1
6856	-12	56	4	4	4
6857	-12	57	3	3	3
6858	-12	58	2	2	2
6859	-12	59	1	1	1
6860	-12	60	12	12	12
6861	-12	61	1	1	1
6862	-12	62	2	2	2
6863	-12	63	3	3	3
6864	-12	64	4	4	4
6865	-11	-64	-1	1	1
6866	-11	-63	-1	1	1
6867	-11	-62	-1	1	1
6868	-11	-61	-1	1	1
6869	-11	-60	-1	1	1
6870	-11	-59	-1	1	1
6871	-11	-58	-1	1	1
6872	-11	-57	-1	1	1
6873	-11	-56	-1	1	1
6874	-11	-55	-11	11	11
6875	-11	-54	-1	1	1
6876	-11	-53	-1	1	1
6877	-11	-52	-1	1	1
6878	-11	-51	-1	1	1
6879	-11	-50	-1	1	1
6880	-11	-49	-1	1	1
6881	-11	-48	-1	1	1
6882	-11	-47	-1	1	1
6883	-11	-46	-1	1	1
6884	-11	-45	-1	1	1
6885	-11	-44	-11	11	11
6886	-11	-43	-1	1	1
6887	-11	-42	-1	1	1
6888	-11	-41	-1	1	1
6889	-11	-40	-1	1	1
6890	-11	-39	-1	1	1
6891	-11	-38	-1	1	1
6892	-11	-37	-1	1	1
6893	-11	-36	-1	1	1
6894	-11	-35	-1	1	1
6895	-11	-34	-1	1	1
6896	-11	-33	-11	11	11
6897	-11	-32	-1	1	1
6898	-11	-31	-1	1	1
6899	-11	-30	-1	1	1
6900	-11	-29	-1	1	1
6901	-11	-28	-1	1	1
6902	-11	-27	-1	1	1
6903	-11	-26	-1	1	1
6904	-11	-25	-1	1	1
6905	-11	-24	-1	1	1
6906	-11	-23	-1	1	1
6907	-11	-22	-11	11	11
6908	-11	-21	-1	1	1
6909	-11	-20	-1	1	1
6910	-11	-19	-1	1	1
6911	-11	-18	-1	1	1
6912	-11	-17	-1	1	1
6913	-11	-16	-1	1	1
6914	-11	-15	-1	1	1
6915	-11	-14	-1	1	1
6916	-11	-13	-1	1	1
6917	-11	-12	-1	1	1
6918	-11	-11	-11	11	11
6919	-11	-10	-1	1	1
6920	-11	-9	-1	1	1
6921	-11	-8	-1	1	1
6922	-11	-7	-1	1	1
6923	-11	-6	-1	1	1
6924	-11	-5	-1	1	1
6925	-11	-4	-1	1	1
6926	-11	-3	-1	1	1
6927	-11	-2	-1	1	1
6928	-11	-1	-1	1	1
6929	-11	0	-11	11	11
6930	-11	1	1	1	1
6931	-11	2	1	1	1
6932	-11	3	1	1	1
6933	-11	4	1	1	1
6934	-11	5	1	1	1
6935	-11	6	1	1	1
6936	-11	7	1	1	1
6937	-11	8	1	1	1
6938	-11	9	1	1	1
6939	-11	10	1	1	1
6940	-11	11	11	11	11
6941	-11	12	1	1	1
6942	-11	13	1	1	1
6943	-11	14	1	1	1
6944	-11	15	1	1	1
6945	-11	16	1	1	1
6946	-11	17	1	1	1
6947	-11	18	1	1	1
6948	-11	19	1	1	1
6949	-11	20	1	1	1
6950	-11	21	1	1	1
6951	-11	22	11	11	11
6952	-11	23	1	1	1
6953	-11	24	1	1	1
6954	-11	25	1	1	1
6955	-11	26	1	1	1
6956	-11	27	1	1	1
6957	-11	28	1	1	1
6958	-11	29	1	1	1
6959	-11	30	1	1	1
6960	-11	31	1	1	1
6961	-11	32	1	1	1
6962	-11	33	11	11	11
6963	-11	34	1	1	1
6964	-11	35	1	1	1
6965	-11	36	1	1	1
6966	-11	37	1	1	1
6967	-11	38	1	1	1
6968	-11	39	1	1	1
6969	-11	40	1	1	1
6970	-11	41	1	1	1
6971	-11	42	1	1	1
6972	-11	43	1	1	1
6973	-11	44	11	11	11
6974	-11	45	1	1	1
6975	-11	46	1	1	1
6976	-11	47	1	1	1
6977	-11	48	1	1	1
6978	-11	49	1	1	1
6979	-11	50	1	1	1
6980	-11	51	1	1	1
6981	-11	52	1	1	1
6982	-11	53	1	1	1
6983	-11	54	1	1	1
6984	-11	55	11	11	11
6985	-11	56	1	1	1
6986	-11	57	1	1	1
6987	-11	58	1	1	1
6988	-11	59	1	1	1
6989	-11	60	1	1	1
6990	-11	61	1	1	1
6991	-11	62	1	1	1
6992	-11	63	1	1	1
6993	-11	64	1	1	1
6994	-10	-64	-2	2	2
6995	-10	-63	-1	1	1
6996	-10	-62	-2	2	2
6997	-10	-61	-1	1	1
6998	-10	-60	-10	10	10
6999	-10	-59	-1	1	1
7000	-10	-58	-2	2	2
7001	-10	-57	-1	1	1
7002	-10	-56	-2	2	2
7003	-10	-55	-5	5	5
7004	-10	-54	-2	2	2
7005	-10	-53	-1	1	1
7006	-10	-52	-2	2	2
7007	-10	-51	-1	1	1
7008	-10	-50	-10	10	10
7009	-10	-49	-1	1	1
7010	-10	-48	-2	2	2
7011	-10	-47	-1	1	1
7012	-10	-46	-2	2	2
7013	-10	-45	-5	5	5
7014	-10	-44	-2	2	2
7015	-10	-43	-1	1	1
7016	-10	-42	-2	2	2
7017	-10	-41	-1	1	1
7018	-10	-40	-10	10	10
7019	-10	-39	-1	1	1
7020	-10	-38	-2	2	2
7021	-10	-37	-1	1	1
7022	-10	-36	-2	2	2
7023	-10	-35	-5	5	5
7024	-10	-34	-2	2	2
7025	-10	-33	-1	1	1
7026	-10	-32	-2	2	2
7027	-10	-31	-1	1	1
7028	-10	-30	-10	10	10
7029	-10	-29	-1	1	1
7030	-10	-28	-2	2	2
7031	-10	-27	-1	1	1
7032	-10	-26	-2	2	2
7033	-10	-25	-5	5	5
7034	-10	-24	-2	2	2
7035	-10	-23	-1	1	1
7036	-10	-22	-2	2	2
7037	-10	-21	-1	1	1
7038	-10	-20	-10	10	10
7039	-10	-19	-1	1	1
7040	-10	-18	-2	2	2
7041	-10	-17	-1	1	1
7042	-10	-16	-2	2	2
7043	-10	-15	-5	5	5
7044	-10	-14	-2	2	2
7045	-10	-13	-1	1	1
7046	-10	-12	-2	2	2
7047	-10	-11	-1	1	1
7048	-10	-10	-10	10	10
7049	-10	-9	-1	1	1
7050	-10	-8	-2	2	2
7051	-10	-7	-1	1	1
7052	-10	-6	-2	2	2
7053	-10	-5	-5	5	5
7054	-10	-4	-2	2	2
7055	-10	-3	-1	1	1
7056	-10	-2	-2	2	2
7057	-10	-1	-1	1	1
7058	-10	0	-10	10	10
7059	-10	1	1	1	1
7060	-10	2	2	2	2
7061	-10	3	1	1	1
7062	-10	4	2	2	2
7063	-10	5	5	5	5
7064	-10	6	2	2	2
7065	-10	7	1	1	1
7066	-10	8	2	2	2
7067	-10	9	1	1	1
7068	-10	10	10	10	10
7069	-10	11	1	1	1
7070	-10	12	2	2	2
7071	-10	13	1	1	1
7072	-10	14	2	2	2
7073	-10	15	5	5	5
7074	-10	16	2	2	2
7075	-10	17	1	1	1
7076	-10	18	2	2	2
7077	-10	19	1	1	1
7078	-10	20	10	10	10
7079	-10	21	1	1	1
7080	-10	22	2	2	2
7081	-10	23	1	1	1
7082	-10	24	2	2	2
7083	-10	25	5	5	5
7084	-10	26	2	2	2
7085	-10	27	1	1	1
7086	-10	28	2	2	2
7087	-10	29	1	1	1
7088	-10	30	10	10	10
7089	-10	31	1	1	1
7090	-10	32	2	2	2
7091	-10	33	1	1	1
7092	-10	34	2	2	2
7093	-10	35	5	5	5
7094	-10	36	2	2	2
7095	-10	37	1	1	1
7096	-10	38	2	2	2
7097	-10	39	1	1	1
7098	-10	40	10	10	10
7099	-10	41	1	1	1
7100	-10	42	2	2	2
7101	-10	43	1	1	1
7102	-10	44	2	2	2
7103	-10	45	5	5	5
7104	-10	46	2	2	2
7105	-10	47	1	1	1
7106	-10	48	2	2	2
7107	-10	49	1	1	1
7108	-10	50	10	10	10
7109	-10	51	1	1	1
7110	-10	52	2	2	2
7111	-10	53	1	1	1
7112	-10	54	2	2	2
7113	-10	55	5	5	5
7114	-10	56	2	2	2
7115	-10	57	1	1	1
7116	-10	58	2	2	2
7117	-10	59	1	1	1
7118	-10	60	10	10	10
7119	-10	61	1	1	1
7120	-10	62	2	2	2
7121	-10	63	1	1	1
7122	-10	64	2	2	2
7123	-9	-64	-1	1	1
7124	-9	-63	-9	9	9
7125	-9	-62	-1	1	1
7126	-9	-61	-1	1	1
7127	-9	-60	-3	3	3
7128	-9	-59	-1	1	1
7129	-9	-58	-1	1	1
7130	-9	-57	-3	3	3
7131	-9	-56	-1	1	1
7132	-9	-55	-1	1	1
7133	-9	-54	-9	9	9
7134	-9	-53	-1	1	1
7135	-9	-52	-1	1	1
7136	-9	-51	-3	3	3
7137	-9	-50	-1	1	1
7138	-9	-49	-1	1	1
7139	-9	-48	-3	3	3
7140	-9	-47	-1	1	1
7141	-9	-46	-1	1	1
7142	-9	-45	-9	9	9
7143	-9	-44	-1	1	1
7144	-9	-43	-1	1	1
7145	-9	-42	-3	3	3
7146	-9	-41	-1	1	1
7147	-9	-40	-1	1	1
7148	-9	-39	-3	3	3
7149	-9	-38	-1	1	1
7150	-9	-37	-1	1	1
7151	-9	-36	-9	9	9
7152	-9	-35	-1	1	1
7153	-9	-34	-1	1	1
7154	-9	-33	-3	3	3
7155	-9	-32	-1	1	1
7156	-9	-31	-1	1	1
7157	-9	-30	-3	3	3
7158	-9	-29	-1	1	1
7159	-9	-28	-1	1	1
7160	-9	-27	-9	9	9
7161	-9	-26	-1	1	1
7162	-9	-25	-1	1	1
7163	-9	-24	-3	3	3
7164	-9	-23	-1	1	1
7165	-9	-22	-1	1	1
7166	-9	-21	-3	3	3
7167	-9	-20	-1	1	1
7168	-9	-19	-1	1	1
7169	-9	-18	-9	9	9
7170	-9	-17	-1	1	1
7171	-9	-16	-1	1	1
7172	-9	-15	-3	3	3
7173	-9	-14	-1	1	1
7174	-9	-13	-1	1	1
7175	-9	-12	-3	3	3
7176	-9	-11	-1	1	1
7177	-9	-10	-1	1	1
7178	-9	-9	-9	9	9
7179	-9	-8	-1	1	1
7180	-9	-7	-1	1	1
7181	-9	-6	-3	3	3
7182	-9	-5	-1	1	1
7183	-9	-4	-1	1	1
7184	-9	-3	-3	3	3
7185	-9	-2	-1	1	1
7186	-9	-1	-1	1	1
7187	-9	1	1	1	1
7188	-9	2	1	1	1
7189	-9	3	3	3	3
7190	-9	4	1	1	1
7191	-9	5	1	1	1
7192	-9	6	3	3	3
7193	-9	7	1	1	1
7194	-9	8	1	1	1
7195	-9	9	9	9	9
7196	-9	10	1	1	1
7197	-9	11	1	1	1
7198	-9	12	3	3	3
7199	-9	13	1	1	1
7200	-9	14	1	1	1
7201	-9	15	3	3	3
7202	-9	16	1	1	1
7203	-9	17	1	1	1
7204	-9	18	9	9	9
7205	-9	19	1	1	1
7206	-9	20	1	1	1
7207	-9	21	3	3	3
7208	-9	22	1	1	1
7209	-9	23	1	1	1
7210	-9	24	3	3	3
7211	-9	25	1	1	1
7212	-9	26	1	1	1
7213	-9	27	9	9	9
7214	-9	28	1	1	1
7215	-9	29	1	1	1
7216	-9	30	3	3	3
7217	-9	31	1	1	1
7218	-9	32	1	1	1
7219	-9	33	3	3	3
7220	-9	34	1	1	1
7221	-9	35	1	1	1
7222	-9	36	9	9	9
7223	-9	37	1	1	1
7224	-9	38	1	1	1
7225	-9	39	3	3	3
7226	-9	40	1	1	1
7227	-9	41	1	1	1
7228	-9	42	3	3	3
7229	-9	43	1	1	1
7230	-9	44	1	1	1
7231	-9	45	9	9	9
7232	-9	46	1	1	1
7233	-9	47	1	1	1
7234	-9	48	3	3	3
7235	-9	49	1	1	1
7236	-9	50	1	1	1
7237	-9	51	3	3	3
7238	-9	52	1	1	1
7239	-9	53	1	1	1
7240	-9	54	9	9	9
7241	-9	55	1	1	1
7242	-9	56	1	1	1
7243	-9	57	3	3	3
7244	-9	58	1	1	1
7245	-9	59	1	1	1
7246	-9	60	3	3	3
7247	-9	61	1	1	1
7248	-9	62	1	1	1
7249	-9	63	9	9	9
7250	-9	64	1	1	1
7251	-8	-64	-8	8	8
7252	-8	-63	-1	1	1
7253	-8	-62	-2	2	2
7254	-8	-61	-1	1	1
7255	-8	-60	-4	4	4
7256	-8	-59	-1	1	1
7257	-8	-58	-2	2	2
7258	-8	-57	-1	1	1
7259	-8	-56	-8	8	8
7260	-8	-55	-1	1	1
7261	-8	-54	-2	2	2
7262	-8	-53	-1	1	1
7263	-8	-52	-4	4	4
7264	-8	-51	-1	1	1
7265	-8	-50	-2	2	2
7266	-8	-49	-1	1	1
7267	-8	-48	-8	8	8
7268	-8	-47	-1	1	1
7269	-8	-46	-2	2	2
7270	-8	-45	-1	1	1
7271	-8	-44	-4	4	4
7272	-8	-43	-1	1	1
7273	-8	-42	-2	2	2
7274	-8	-41	-1	1	1
7275	-8	-40	-8	8	8
7276	-8	-39	-1	1	1
7277	-8	-38	-2	2	2
7278	-8	-37	-1	1	1
7279	-8	-36	-4	4	4
7280	-8	-35	-1	1	1
7281	-8	-34	-2	2	2
7282	-8	-33	-1	1	1
7283	-8	-32	-8	8	8
7284	-8	-31	-1	1	1
7285	-8	-30	-2	2	2
7286	-8	-29	-1	1	1
7287	-8	-28	-4	4	4
7288	-8	-27	-1	1	1
7289	-8	-26	-2	2	2
7290	-8	-25	-1	1	1
7291	-8	-24	-8	8	8
7292	-8	-23	-1	1	1
7293	-8	-22	-2	2	2
7294	-8	-21	-1	1	1
7295	-8	-20	-4	4	4
7296	-8	-19	-1	1	1
7297	-8	-18	-2	2	2
7298	-8	-17	-1	1	1
7299	-8	-16	-8	8	8
7300	-8	-15	-1	1	1
7301	-8	-14	-2	2	2
7302	-8	-13	-1	1	1
7303	-8	-12	-4	4	4
7304	-8	-11	-1	1	1
7305	-8	-10	-2	2	2
7306	-8	-9	-1	1	1
7307	-8	-8	-8	8	8
7308	-8	-7	-1	1	1
7309	-8	-6	-2	2	2
7310	-8	-5	-1	1	1
7311	-8	-4	-4	4	4
7312	-8	-3	-1	1	1
7313	-8	-2	-2	2	2
7314	-8	-1	-1	1	1
7315	-8	0	-8	8	8
7316	-8	1	1	1	1
7317	-8	2	2	2	2
7318	-8	3	1	1	1
7319	-8	4	4	4	4
7320	-8	5	1	1	1
7321	-8	6	2	2	2
7322	-8	7	1	1	1
7323	-8	8	8	8	8
7324	-8	9	1	1	1
7325	-8	10	2	2	2
7326	-8	11	1	1	1
7327	-8	12	4	4	4
7328	-8	13	1	1	1
7329	-8	14	2	2	2
7330	-8	15	1	1	1
7331	-8	16	8	8	8
7332	-8	17	1	1	1
7333	-8	18	2	2	2
7334	-8	19	1	1	1
7335	-8	20	4	4	4
7336	-8	21	1	1	1
7337	-8	22	2	2	2
7338	-8	23	1	1	1
7339	-8	24	8	8	8
7340	-8	25	1	1	1
7341	-8	26	2	2	2
7342	-8	27	1	1	1
7343	-8	28	4	4	4
7344	-8	29	1	1	1
7345	-8	30	2	2	2
7346	-8	31	1	1	1
7347	-8	32	8	8	8
7348	-8	33	1	1	1
7349	-8	34	2	2	2
7350	-8	35	1	1	1
7351	-8	36	4	4	4
7352	-8	37	1	1	1
7353	-8	38	2	2	2
7354	-8	39	1	1	1
7355	-8	40	8	8	8
7356	-8	41	1	1	1
7357	-8	42	2	2	2
7358	-8	43	1	1	1
7359	-8	44	4	4	4
7360	-8	45	1	1	1
7361	-8	46	2	2	2
7362	-8	47	1	1	1
7363	-8	48	8	8	8
7364	-8	49	1	1	1
7365	-8	50	2	2	2
7366	-8	51	1	1	1
7367	-8	52	4	4	4
7368	-8	53	1	1	1
7369	-8	54	2	2	2
7370	-8	55	1	1	1
7371	-8	56	8	8	8
7372	-8	57	1	1	1
7373	-8	58	2	2	2
7374	-8	59	1	1	1
7375	-8	60	4	4	4
7376	-8	61	1	1	1
7377	-8	62	2	2	2
7378	-8	63	1	1	1
7379	-8	64	8	8	8
7380	-7	-64	-1	1	1
7381	-7	-63	-7	7	7
7382	-7	-62	-1	1	1
7383	-7	-61	-1	1	1
7384	-7	-60	-1	1	1
7385	-7	-59	-1	1	1
7386	-7	-58	-1	1	1
7387	-7	-57	-1	1	1
7388	-7	-56	-7	7	7
7389	-7	-55	-1	1	1
7390	-7	-54	-1	1	1
7391	-7	-53	-1	1	1
7392	-7	-52	-1	1	1
7393	-7	-51	-1	1	1
7394	-7	-50	-1	1	1
7395	-7	-49	-7	7	7
7396	-7	-48	-1	1	1
7397	-7	-47	-1	1	1
7398	-7	-46	-1	1	1
7399	-7	-45	-1	1	1
7400	-7	-44	-1	1	1
7401	-7	-43	-1	1	1
7402	-7	-42	-7	7	7
7403	-7	-41	-1	1	1
7404	-7	-40	-1	1	1
7405	-7	-39	-1	1	1
7406	-7	-38	-1	1	1
7407	-7	-37	-1	1	1
7408	-7	-36	-1	1	1
7409	-7	-35	-7	7	7
7410	-7	-34	-1	1	1
7411	-7	-33	-1	1	1
7412	-7	-32	-1	1	1
7413	-7	-31	-1	1	1
7414	-7	-30	-1	1	1
7415	-7	-29	-1	1	1
7416	-7	-28	-7	7	7
7417	-7	-27	-1	1	1
7418	-7	-26	-1	1	1
7419	-7	-25	-1	1	1
7420	-7	-24	-1	1	1
7421	-7	-23	-1	1	1
7422	-7	-22	-1	1	1
7423	-7	-21	-7	7	7
7424	-7	-20	-1	1	1
7425	-7	-19	-1	1	1
7426	-7	-18	-1	1	1
7427	-7	-17	-1	1	1
7428	-7	-16	-1	1	1
7429	-7	-15	-1	1	1
7430	-7	-14	-7	7	7
7431	-7	-13	-1	1	1
7432	-7	-12	-1	1	1
7433	-7	-11	-1	1	1
7434	-7	-10	-1	1	1
7435	-7	-9	-1	1	1
7436	-7	-8	-1	1	1
7437	-7	-6	-1	1	1
7438	-7	-5	-1	1	1
7439	-7	-4	-1	1	1
7440	-7	-3	-1	1	1
7441	-7	-2	-1	1	1
7442	-7	-1	-1	1	1
7443	-7	0	-7	7	7
7444	-7	1	1	1	1
7445	-7	2	1	1	1
7446	-7	3	1	1	1
7447	-7	4	1	1	1
7448	-7	5	1	1	1
7449	-7	6	1	1	1
7450	-7	8	1	1	1
7451	-7	9	1	1	1
7452	-7	10	1	1	1
7453	-7	11	1	1	1
7454	-7	12	1	1	1
7455	-7	13	1	1	1
7456	-7	14	7	7	7
7457	-7	15	1	1	1
7458	-7	16	1	1	1
7459	-7	17	1	1	1
7460	-7	18	1	1	1
7461	-7	19	1	1	1
7462	-7	20	1	1	1
7463	-7	21	7	7	7
7464	-7	22	1	1	1
7465	-7	23	1	1	1
7466	-7	24	1	1	1
7467	-7	25	1	1	1
7468	-7	26	1	1	1
7469	-7	27	1	1	1
7470	-7	28	7	7	7
7471	-7	29	1	1	1
7472	-7	30	1	1	1
7473	-7	31	1	1	1
7474	-7	32	1	1	1
7475	-7	33	1	1	1
7476	-7	34	1	1	1
7477	-7	35	7	7	7
7478	-7	36	1	1	1
7479	-7	37	1	1	1
7480	-7	38	1	1	1
7481	-7	39	1	1	1
7482	-7	40	1	1	1
7483	-7	41	1	1	1
7484	-7	42	7	7	7
7485	-7	43	1	1	1
7486	-7	44	1	1	1
7487	-7	45	1	1	1
7488	-7	46	1	1	1
7489	-7	47	1	1	1
7490	-7	48	1	1	1
7491	-7	49	7	7	7
7492	-7	50	1	1	1
7493	-7	51	1	1	1
7494	-7	52	1	1	1
7495	-7	53	1	1	1
7496	-7	54	1	1	1
7497	-7	55	1	1	1
7498	-7	56	7	7	7
7499	-7	57	1	1	1
7500	-7	58	1	1	1
7501	-7	59	1	1	1
7502	-7	60	1	1	1
7503	-7	61	1	1	1
7504	-7	62	1	1	1
7505	-7	63	7	7	7
7506	-7	64	1	1	1
7507	-6	-64	-2	2	2
7508	-6	-63	-3	3	3
7509	-6	-62	-2	2	2
7510	-6	-61	-1	1	1
7511	-6	-60	-6	6	6
7512	-6	-59	-1	1	1
7513	-6	-58	-2	2	2
7514	-6	-57	-3	3	3
7515	-6	-56	-2	2	2
7516	-6	-55	-1	1	1
7517	-6	-54	-6	6	6
7518	-6	-53	-1	1	1
7519	-6	-52	-2	2	2
7520	-6	-51	-3	3	3
7521	-6	-50	-2	2	2
7522	-6	-49	-1	1	1
7523	-6	-48	-6	6	6
7524	-6	-47	-1	1	1
7525	-6	-46	-2	2	2
7526	-6	-45	-3	3	3
7527	-6	-44	-2	2	2
7528	-6	-43	-1	1	1
7529	-6	-42	-6	6	6
7530	-6	-41	-1	1	1
7531	-6	-40	-2	2	2
7532	-6	-39	-3	3	3
7533	-6	-38	-2	2	2
7534	-6	-37	-1	1	1
7535	-6	-36	-6	6	6
7536	-6	-35	-1	1	1
7537	-6	-34	-2	2	2
7538	-6	-33	-3	3	3
7539	-6	-32	-2	2	2
7540	-6	-31	-1	1	1
7541	-6	-30	-6	6	6
7542	-6	-29	-1	1	1
7543	-6	-28	-2	2	2
7544	-6	-27	-3	3	3
7545	-6	-26	-2	2	2
7546	-6	-25	-1	1	1
7547	-6	-24	-6	6	6
7548	-6	-23	-1	1	1
7549	-6	-22	-2	2	2
7550	-6	-21	-3	3	3
7551	-6	-20	-2	2	2
7552	-6	-19	-1	1	1
7553	-6	-18	-6	6	6
7554	-6	-17	-1	1	1
7555	-6	-16	-2	2	2
7556	-6	-15	-3	3	3
7557	-6	-14	-2	2	2
7558	-6	-13	-1	1	1
7559	-6	-12	-6	6	6
7560	-6	-11	-1	1	1
7561	-6	-10	-2	2	2
7562	-6	-9	-3	3	3
7563	-6	-8	-2	2	2
7564	-6	-7	-1	1	1
7565	-6	-6	-6	6	6
7566	-6	-5	-1	1	1
7567	-6	-4	-2	2	2
7568	-6	-3	-3	3	3
7569	-6	-2	-2	2	2
7570	-6	-1	-1	1	1
7571	-6	0	-6	6	6
7572	-6	1	1	1	1
7573	-6	2	2	2	2
7574	-6	3	3	3	3
7575	-6	4	2	2	2
7576	-6	5	1	1	1
7577	-6	6	6	6	6
7578	-6	7	1	1	1
7579	-6	8	2	2	2
7580	-6	9	3	3	3
7581	-6	10	2	2	2
7582	-6	11	1	1	1
7583	-6	12	6	6	6
7584	-6	13	1	1	1
7585	-6	14	2	2	2
7586	-6	15	3	3	3
7587	-6	16	2	2	2
7588	-6	17	1	1	1
7589	-6	18	6	6	6
7590	-6	19	1	1	1
7591	-6	20	2	2	2
7592	-6	21	3	3	3
7593	-6	22	2	2	2
7594	-6	23	1	1	1
7595	-6	24	6	6	6
7596	-6	25	1	1	1
7597	-6	26	2	2	2
7598	-6	27	3	3	3
7599	-6	28	2	2	2
7600	-6	29	1	1	1
7601	-6	30	6	6	6
7602	-6	31	1	1	1
7603	-6	32	2	2	2
7604	-6	33	3	3	3
7605	-6	34	2	2	2
7606	-6	35	1	1	1
7607	-6	36	6	6	6
7608	-6	37	1	1	1
7609	-6	38	2	2	2
7610	-6	39	3	3	3
7611	-6	40	2	2	2
7612	-6	41	1	1	1
7613	-6	42	6	6	6
7614	-6	43	1	1	1
7615	-6	44	2	2	2
7616	-6	45	3	3	3
7617	-6	46	2	2	2
7618	-6	47	1	1	1
7619	-6	48	6	6	6
7620	-6	49	1	1	1
7621	-6	50	2	2	2
7622	-6	51	3	3	3
7623	-6	52	2	2	2
7624	-6	53	1	1	1
7625	-6	54	6	6	6
7626	-6	55	1	1	1
7627	-6	56	2	2	2
7628	-6	57	3	3	3
7629	-6	58	2	2	2
7630	-6	59	1	1	1
7631	-6	60	6	6	6
7632	-6	61	1	1	1
7633	-6	62	2	2	2
7634	-6	63	3	3	3
7635	-6	64	2	2	2
7636	-5	-64	-1	1	1
7637	-5	-63	-1	1	1
7638	-5	-62	-1	1	1
7639	-5	-61	-1	1	1
7640	-5	-60	-5	5	5
7641	-5	-59	-1	1	1
7642	-5	-58	-1	1	1
7643	-5	-57	-1	1	1
7644	-5	-56	-1	1	1
7645	-5	-55	-5	5	5
7646	-5	-54	-1	1	1
7647	-5	-53	-1	1	1
7648	-5	-52	-1	1	1
7649	-5	-51	-1	1	1
7650	-5	-50	-5	5	5
7651	-5	-49	-1	1	1
7652	-5	-48	-1	1	1
7653	-5	-47	-1	1	1
7654	-5	-46	-1	1	1
7655	-5	-45	-5	5	5
7656	-5	-44	-1	1	1
7657	-5	-43	-1	1	1
7658	-5	-42	-1	1	1
7659	-5	-41	-1	1	1
7660	-5	-40	-5	5	5
7661	-5	-39	-1	1	1
7662	-5	-38	-1	1	1
7663	-5	-37	-1	1	1
7664	-5	-36	-1	1	1
7665	-5	-35	-5	5	5
7666	-5	-34	-1	1	1
7667	-5	-33	-1	1	1
7668	-5	-32	-1	1	1
7669	-5	-31	-1	1	1
7670	-5	-30	-5	5	5
7671	-5	-29	-1	1	1
7672	-5	-28	-1	1	1
7673	-5	-27	-1	1	1
7674	-5	-26	-1	1	1
7675	-5	-25	-5	5	5
7676	-5	-24	-1	1	1
7677	-5	-23	-1	1	1
7678	-5	-22	-1	1	1
7679	-5	-21	-1	1	1
7680	-5	-20	-5	5	5
7681	-5	-19	-1	1	1
7682	-5	-18	-1	1	1
7683	-5	-17	-1	1	1
7684	-5	-16	-1	1	1
7685	-5	-15	-5	5	5
7686	-5	-14	-1	1	1
7687	-5	-13	-1	1	1
7688	-5	-12	-1	1	1
7689	-5	-11	-1	1	1
7690	-5	-10	-5	5	5
7691	-5	-9	-1	1	1
7692	-5	-8	-1	1	1
7693	-5	-7	-1	1	1
7694	-5	-6	-1	1	1
7695	-5	-5	-5	5	5
7696	-5	-4	-1	1	1
7697	-5	-3	-1	1	1
7698	-5	-2	-1	1	1
7699	-5	-1	-1	1	1
7700	-5	0	-5	5	5
7701	-5	1	1	1	1
7702	-5	2	1	1	1
7703	-5	3	1	1	1
7704	-5	4	1	1	1
7705	-5	5	5	5	5
7706	-5	6	1	1	1
7707	-5	7	1	1	1
7708	-5	8	1	1	1
7709	-5	9	1	1	1
7710	-5	10	5	5	5
7711	-5	11	1	1	1
7712	-5	12	1	1	1
7713	-5	13	1	1	1
7714	-5	14	1	1	1
7715	-5	15	5	5	5
7716	-5	16	1	1	1
7717	-5	17	1	1	1
7718	-5	18	1	1	1
7719	-5	19	1	1	1
7720	-5	20	5	5	5
7721	-5	21	1	1	1
7722	-5	22	1	1	1
7723	-5	23	1	1	1
7724	-5	24	1	1	1
7725	-5	25	5	5	5
7726	-5	26	1	1	1
7727	-5	27	1	1	1
7728	-5	28	1	1	1
7729	-5	29	1	1	1
7730	-5	30	5	5	5
7731	-5	31	1	1	1
7732	-5	32	1	1	1
7733	-5	33	1	1	1
7734	-5	34	1	1	1
7735	-5	35	5	5	5
7736	-5	36	1	1	1
7737	-5	37	1	1	1
7738	-5	38	1	1	1
7739	-5	39	1	1	1
7740	-5	40	5	5	5
7741	-5	41	1	1	1
7742	-5	42	1	1	1
7743	-5	43	1	1	1
7744	-5	44	1	1	1
7745	-5	45	5	5	5
7746	-5	46	1	1	1
7747	-5	47	1	1	1
7748	-5	48	1	1	1
7749	-5	49	1	1	1
7750	-5	50	5	5	5
7751	-5	51	1	1	1
7752	-5	52	1	1	1
7753	-5	53	1	1	1
7754	-5	54	1	1	1
7755	-5	55	5	5	5
7756	-5	56	1	1	1
7757	-5	57	1	1	1
7758	-5	58	1	1	1
7759	-5	59	1	1	1
7760	-5	60	5	5	5
7761	-5	61	1	1	1
7762	-5	62	1	1	1
7763	-5	63	1	1	1
7764	-5	64	1	1	1
7765	-4	-64	-4	4	4
7766	-4	-63	-1	1	1
7767	-4	-62	-2	2	2
7768	-4	-61	-1	1	1
7769	-4	-60	-4	4	4
7770	-4	-59	-1	1	1
7771	-4	-58	-2	2	2
7772	-4	-57	-1	1	1
7773	-4	-56	-4	4	4
7774	-4	-55	-1	1	1
7775	-4	-54	-2	2	2
7776	-4	-53	-1	1	1
7777	-4	-52	-4	4	4
7778	-4	-51	-1	1	1
7779	-4	-50	-2	2	2
7780	-4	-49	-1	1	1
7781	-4	-48	-4	4	4
7782	-4	-47	-1	1	1
7783	-4	-46	-2	2	2
7784	-4	-45	-1	1	1
7785	-4	-44	-4	4	4
7786	-4	-43	-1	1	1
7787	-4	-42	-2	2	2
7788	-4	-41	-1	1	1
7789	-4	-40	-4	4	4
7790	-4	-39	-1	1	1
7791	-4	-38	-2	2	2
7792	-4	-37	-1	1	1
7793	-4	-36	-4	4	4
7794	-4	-35	-1	1	1
7795	-4	-34	-2	2	2
7796	-4	-33	-1	1	1
7797	-4	-32	-4	4	4
7798	-4	-31	-1	1	1
7799	-4	-30	-2	2	2
7800	-4	-29	-1	1	1
7801	-4	-28	-4	4	4
7802	-4	-27	-1	1	1
7803	-4	-26	-2	2	2
7804	-4	-25	-1	1	1
7805	-4	-24	-4	4	4
7806	-4	-23	-1	1	1
7807	-4	-22	-2	2	2
7808	-4	-21	-1	1	1
7809	-4	-20	-4	4	4
7810	-4	-19	-1	1	1
7811	-4	-18	-2	2	2
7812	-4	-17	-1	1	1
7813	-4	-16	-4	4	4
7814	-4	-15	-1	1	1
7815	-4	-14	-2	2	2
7816	-4	-13	-1	1	1
7817	-4	-12	-4	4	4
7818	-4	-11	-1	1	1
7819	-4	-10	-2	2	2
7820	-4	-9	-1	1	1
7821	-4	-8	-4	4	4
7822	-4	-7	-1	1	1
7823	-4	-6	-2	2	2
7824	-4	-5	-1	1	1
7825	-4	-4	-4	4	4
7826	-4	-3	-1	1	1
7827	-4	-2	-2	2	2
7828	-4	-1	-1	1	1
7829	-4	0	-4	4	4
7830	-4	1	1	1	1
7831	-4	2	2	2	2
7832	-4	3	1	1	1
7833	-4	4	4	4	4
7834	-4	5	1	1	1
7835	-4	6	2	2	2
7836	-4	7	1	1	1
7837	-4	8	4	4	4
7838	-4	9	1	1	1
7839	-4	10	2	2	2
7840	-4	11	1	1	1
7841	-4	12	4	4	4
7842	-4	13	1	1	1
7843	-4	14	2	2	2
7844	-4	15	1	1	1
7845	-4	16	4	4	4
7846	-4	17	1	1	1
7847	-4	18	2	2	2
7848	-4	19	1	1	1
7849	-4	20	4	4	4
7850	-4	21	1	1	1
7851	-4	22	2	2	2
7852	-4	23	1	1	1
7853	-4	24	4	4	4
7854	-4	25	1	1	1
7855	-4	26	2	2	2
7856	-4	27	1	1	1
7857	-4	28	4	4	4
7858	-4	29	1	1	1
7859	-4	30	2	2	2
7860	-4	31	1	1	1
7861	-4	32	4	4	4
7862	-4	33	1	1	1
7863	-4	34	2	2	2
7864	-4	35	1	1	1
7865	-4	36	4	4	4
7866	-4	37	1	1	1
7867	-4	38	2	2	2
7868	-4	39	1	1	1
7869	-4	40	4	4	4
7870	-4	41	1	1	1
7871	-4	42	2	2	2
7872	-4	43	1	1	1
7873	-4	44	4	4	4
7874	-4	45	1	1	1
7875	-4	46	2	2	2
7876	-4	47	1	1	1
7877	-4	48	4	4	4
7878	-4	49	1	1	1
7879	-4	50	2	2	2
7880	-4	51	1	1	1
7881	-4	52	4	4	4
7882	-4	53	1	1	1
7883	-4	54	2	2	2
7884	-4	55	1	1	1
7885	-4	56	4	4	4
7886	-4	57	1	1	1
7887	-4	58	2	2	2
7888	-4	59	1	1	1
7889	-4	60	4	4	4
7890	-4	61	1	1	1
7891	-4	62	2	2	2
7892	-4	63	1	1	1
7893	-4	64	4	4	4
7894	-3	-64	-1	1	1
7895	-3	-63	-3	3	3
7896	-3	-62	-1	1	1
7897	-3	-61	-1	1	1
7898	-3	-60	-3	3	3
7899	-3	-59	-1	1	1
7900	-3	-58	-1	1	1
7901	-3	-57	-3	3	3
7902	-3	-56	-1	1	1
7903	-3	-55	-1	1	1
7904	-3	-54	-3	3	3
7905	-3	-53	-1	1	1
7906	-3	-52	-1	1	1
7907	-3	-51	-3	3	3
7908	-3	-50	-1	1	1
7909	-3	-49	-1	1	1
7910	-3	-48	-3	3	3
7911	-3	-47	-1	1	1
7912	-3	-46	-1	1	1
7913	-3	-45	-3	3	3
7914	-3	-44	-1	1	1
7915	-3	-43	-1	1	1
7916	-3	-42	-3	3	3
7917	-3	-41	-1	1	1
7918	-3	-40	-1	1	1
7919	-3	-39	-3	3	3
7920	-3	-38	-1	1	1
7921	-3	-37	-1	1	1
7922	-3	-36	-3	3	3
7923	-3	-35	-1	1	1
7924	-3	-34	-1	1	1
7925	-3	-33	-3	3	3
7926	-3	-32	-1	1	1
7927	-3	-31	-1	1	1
7928	-3	-30	-3	3	3
7929	-3	-29	-1	1	1
7930	-3	-28	-1	1	1
7931	-3	-27	-3	3	3
7932	-3	-26	-1	1	1
7933	-3	-25	-1	1	1
7934	-3	-24	-3	3	3
7935	-3	-23	-1	1	1
7936	-3	-22	-1	1	1
7937	-3	-21	-3	3	3
7938	-3	-20	-1	1	1
7939	-3	-19	-1	1	1
7940	-3	-18	-3	3	3
7941	-3	-17	-1	1	1
7942	-3	-16	-1	1	1
7943	-3	-15	-3	3	3
7944	-3	-14	-1	1	1
7945	-3	-13	-1	1	1
7946	-3	-12	-3	3	3
7947	-3	-11	-1	1	1
7948	-3	-10	-1	1	1
7949	-3	-9	-3	3	3
7950	-3	-8	-1	1	1
7951	-3	-7	-1	1	1
7952	-3	-6	-3	3	3
7953	-3	-5	-1	1	1
7954	-3	-4	-1	1	1
7955	-3	-3	-3	3	3
7956	-3	-2	-1	1	1
7957	-3	-1	-1	1	1
7958	-3	0	-3	3	3
7959	-3	1	1	1	1
7960	-3	2	1	1	1
7961	-3	3	3	3	3
7962	-3	4	1	1	1
7963	-3	5	1	1	1
7964	-3	6	3	3	3
7965	-3	7	1	1	1
7966	-3	8	1	1	1
7967	-3	9	3	3	3
7968	-3	10	1	1	1
7969	-3	11	1	1	1
7970	-3	12	3	3	3
7971	-3	13	1	1	1
7972	-3	14	1	1	1
7973	-3	15	3	3	3
7974	-3	16	1	1	1
7975	-3	17	1	1	1
7976	-3	18	3	3	3
7977	-3	19	1	1	1
7978	-3	20	1	1	1
7979	-3	21	3	3	3
7980	-3	22	1	1	1
7981	-3	23	1	1	1
7982	-3	24	3	3	3
7983	-3	25	1	1	1
7984	-3	26	1	1	1
7985	-3	27	3	3	3
7986	-3	28	1	1	1
7987	-3	29	1	1	1
7988	-3	30	3	3	3
7989	-3	31	1	1	1
7990	-3	32	1	1	1
7991	-3	33	3	3	3
7992	-3	34	1	1	1
7993	-3	35	1	1	1
7994	-3	36	3	3	3
7995	-3	37	1	1	1
7996	-3	38	1	1	1
7997	-3	39	3	3	3
7998	-3	40	1	1	1
7999	-3	41	1	1	1
8000	-3	42	3	3	3
8001	-3	43	1	1	1
8002	-3	44	1	1	1
8003	-3	45	3	3	3
8004	-3	46	1	1	1
8005	-3	47	1	1	1
8006	-3	48	3	3	3
8007	-3	49	1	1	1
8008	-3	50	1	1	1
8009	-3	51	3	3	3
8010	-3	52	1	1	1
8011	-3	53	1	1	1
8012	-3	54	3	3	3
8013	-3	55	1	1	1
8014	-3	56	1	1	1
8015	-3	57	3	3	3
8016	-3	58	1	1	1
8017	-3	59	1	1	1
8018	-3	60	3	3	3
8019	-3	61	1	1	1
8020	-3	62	1	1	1
8021	-3	63	3	3	3
8022	-3	64	1	1	1
8023	-2	-64	-2	2	2
8024	-2	-63	-1	1	1
8025	-2	-62	-2	2	2
8026	-2	-61	-1	1	1
8027	-2	-60	-2	2	2
8028	-2	-59	-1	1	1
8029	-2	-58	-2	2	2
8030	-2	-57	-1	1	1
8031	-2	-56	-2	2	2
8032	-2	-55	-1	1	1
8033	-2	-54	-2	2	2
8034	-2	-53	-1	1	1
8035	-2	-52	-2	2	2
8036	-2	-51	-1	1	1
8037	-2	-50	-2	2	2
8038	-2	-49	-1	1	1
8039	-2	-48	-2	2	2
8040	-2	-47	-1	1	1
8041	-2	-46	-2	2	2
8042	-2	-45	-1	1	1
8043	-2	-44	-2	2	2
8044	-2	-43	-1	1	1
8045	-2	-42	-2	2	2
8046	-2	-41	-1	1	1
8047	-2	-40	-2	2	2
8048	-2	-39	-1	1	1
8049	-2	-38	-2	2	2
8050	-2	-37	-1	1	1
8051	-2	-36	-2	2	2
8052	-2	-35	-1	1	1
8053	-2	-34	-2	2	2
8054	-2	-33	-1	1	1
8055	-2	-32	-2	2	2
8056	-2	-31	-1	1	1
8057	-2	-30	-2	2	2
8058	-2	-29	-1	1	1
8059	-2	-28	-2	2	2
8060	-2	-27	-1	1	1
8061	-2	-26	-2	2	2
8062	-2	-25	-1	1	1
8063	-2	-24	-2	2	2
8064	-2	-23	-1	1	1
8065	-2	-22	-2	2	2
8066	-2	-21	-1	1	1
8067	-2	-20	-2	2	2
8068	-2	-19	-1	1	1
8069	-2	-18	-2	2	2
8070	-2	-17	-1	1	1
8071	-2	-16	-2	2	2
8072	-2	-15	-1	1	1
8073	-2	-14	-2	2	2
8074	-2	-13	-1	1	1
8075	-2	-12	-2	2	2
8076	-2	-11	-1	1	1
8077	-2	-10	-2	2	2
8078	-2	-9	-1	1	1
8079	-2	-8	-2	2	2
8080	-2	-7	-1	1	1
8081	-2	-6	-2	2	2
8082	-2	-5	-1	1	1
8083	-2	-4	-2	2	2
8084	-2	-3	-1	1	1
8085	-2	-2	-2	2	2
8086	-2	-1	-1	1	1
8087	-2	0	-2	2	2
8088	-2	1	1	1	1
8089	-2	2	2	2	2
8090	-2	3	1	1	1
8091	-2	4	2	2	2
8092	-2	5	1	1	1
8093	-2	6	2	2	2
8094	-2	7	1	1	1
8095	-2	8	2	2	2
8096	-2	9	1	1	1
8097	-2	10	2	2	2
8098	-2	11	1	1	1
8099	-2	12	2	2	2
8100	-2	13	1	1	1
8101	-2	14	2	2	2
8102	-2	15	1	1	1
8103	-2	16	2	2	2
8104	-2	17	1	1	1
8105	-2	18	2	2	2
8106	-2	19	1	1	1
8107	-2	20	2	2	2
8108	-2	21	1	1	1
8109	-2	22	2	2	2
8110	-2	23	1	1	1
8111	-2	24	2	2	2
8112	-2	25	1	1	1
8113	-2	26	2	2	2
8114	-2	27	1	1	1
8115	-2	28	2	2	2
8116	-2	29	1	1	1
8117	-2	30	2	2	2
8118	-2	31	1	1	1
8119	-2	32	2	2	2
8120	-2	33	1	1	1
8121	-2	34	2	2	2
8122	-2	35	1	1	1
8123	-2	36	2	2	2
8124	-2	37	1	1	1
8125	-2	38	2	2	2
8126	-2	39	1	1	1
8127	-2	40	2	2	2
8128	-2	41	1	1	1
8129	-2	42	2	2	2
8130	-2	43	1	1	1
8131	-2	44	2	2	2
8132	-2	45	1	1	1
8133	-2	46	2	2	2
8134	-2	47	1	1	1
8135	-2	48	2	2	2
8136	-2	49	1	1	1
8137	-2	50	2	2	2
8138	-2	51	1	1	1
8139	-2	52	2	2	2
8140	-2	53	1	1	1
8141	-2	54	2	2	2
8142	-2	55	1	1	1
8143	-2	56	2	2	2
8144	-2	57	1	1	1
8145	-2	58	2	2	2
8146	-2	59	1	1	1
8147	-2	60	2	2	2
8148	-2	61	1	1	1
8149	-2	62	2	2	2
8150	-2	63	1	1	1
8151	-2	64	2	2	2
8152	-1	-64	-1	1	1
8153	-1	-63	-1	1	1
8154	-1	-62	-1	1	1
8155	-1	-61	-1	1	1
8156	-1	-60	-1	1	1
8157	-1	-59	-1	1	1
8158	-1	-58	-1	1	1
8159	-1	-57	-1	1	1
8160	-1	-56	-1	1	1
8161	-1	-55	-1	1	1
8162	-1	-54	-1	1	1
8163	-1	-53	-1	1	1
8164	-1	-52	-1	1	1
8165	-1	-51	-1	1	1
8166	-1	-50	-1	1	1
8167	-1	-49	-1	1	1
8168	-1	-48	-1	1	1
8169	-1	-47	-1	1	1
8170	-1	-46	-1	1	1
8171	-1	-45	-1	1	1
8172	-1	-44	-1	1	1
8173	-1	-43	-1	1	1
8174	-1	-42	-1	1	1
8175	-1	-41	-1	1	1
8176	-1	-40	-1	1	1
8177	-1	-39	-1	1	1
8178	-1	-38	-1	1	1
8179	-1	-37	-1	1	1
8180	-1	-36	-1	1	1
8181	-1	-35	-1	1	1
8182	-1	-34	-1	1	1
8183	-1	-33	-1	1	1
8184	-1	-32	-1	1	1
8185	-1	-31	-1	1	1
8186	-1	-30	-1	1	1
8187	-1	-29	-1	1	1
8188	-1	-28	-1	1	1
8189	-1	-27	-1	1	1
8190	-1	-26	-1	1	1
8191	-1	-25	-1	1	1
8192	-1	-24	-1	1	1
8193	-1	-23	-1	1	1
8194	-1	-22	-1	1	1
8195	-1	-21	-1	1	1
8196	-1	-20	-1	1	1
8197	-1	-19	-1	1	1
8198	-1	-18	-1	1	1
8199	-1	-17	-1	1	1
8200	-1	-16	-1	1	1
8201	-1	-15	-1	1	1
8202	-1	-14	-1	1	1
8203	-1	-13	-1	1	1
8204	-1	-12	-1	1	1
8205	-1	-11	-1	1	1
8206	-1	-10	-1	1	1
8207	-1	-9	-1	1	1
8208	-1	-8	-1	1	1
8209	-1	-7	-1	1	1
8210	-1	-6	-1	1	1
8211	-1	-5	-1	1	1
8212	-1	-4	-1	1	1
8213	-1	-3	-1	1	1
8214	-1	-2	-1	1	1
8215	-1	1	1	1	1
8216	-1	2	1	1	1
8217	-1	3	1	1	1
8218	-1	4	1	1	1
8219	-1	5	1	1	1
8220	-1	6	1	1	1
8221	-1	7	1	1	1
8222	-1	8	1	1	1
8223	-1	9	1	1	1
8224	-1	10	1	1	1
8225	-1	11	1	1	1
8226	-1	12	1	1	1
8227	-1	13	1	1	1
8228	-1	14	1	1	1
8229	-1	15	1	1	1
8230	-1	16	1	1	1
8231	-1	17	1	1	1
8232	-1	18	1	1	1
8233	-1	19	1	1	1
8234	-1	20	1	1	1
8235	-1	21	1	1	1
8236	-1	22	1	1	1
8237	-1	23	1	1	1
8238	-1	24	1	1	1
8239	-1	25	1	1	1
8240	-1	26	1	1	1
8241	-1	27	1	1	1
8242	-1	28	1	1	1
8243	-1	29	1	1	1
8244	-1	30	1	1	1
8245	-1	31	1	1	1
8246	-1	32	1	1	1
8247	-1	33	1	1	1
8248	-1	34	1	1	1
8249	-1	35	1	1	1
8250	-1	36	1	1	1
8251	-1	37	1	1	1
8252	-1	38	1	1	1
8253	-1	39	1	1	1
8254	-1	40	1	1	1
8255	-1	41	1	1	1
8256	-1	42	1	1	1
8257	-1	43	1	1	1
8258	-1	44	1	1	1
8259	-1	45	1	1	1
8260	-1	46	1	1	1
8261	-1	47	1	1	1
8262	-1	48	1	1	1
8263	-1	49	1	1	1
8264	-1	50	1	1	1
8265	-1	51	1	1	1
8266	-1	52	1	1	1
8267	-1	53	1	1	1
8268	-1	54	1	1	1
8269	-1	55	1	1	1
8270	-1	56	1	1	1
8271	-1	57	1	1	1
8272	-1	58	1	1	1
8273	-1	59	1	1	1
8274	-1	60	1	1	1
8275	-1	61	1	1	1
8276	-1	62	1	1	1
8277	-1	63	1	1	1
8278	-1	64	1	1	1
8279	0	-64	-64	64	64
8280	0	-63	-63	63	63
8281	0	-62	-62	62	62
8282	0	-61	-61	61	61
8283	0	-60	-60	60	60
8284	0	-59	-59	59	59
8285	0	-58	-58	58	58
8286	0	-57	-57	57	57
8287	0	-56	-56	56	56
8288	0	-55	-55	55	55
8289	0	-54	-54	54	54
8290	0	-53	-53	53	53
8291	0	-52	-52	52	52
8292	0	-51	-51	51	51
8293	0	-50	-50	50	50
8294	0	-49	-49	49	49
8295	0	-48	-48	48	48
8296	0	-47	-47	47	47
8297	0	-46	-46	46	46
8298	0	-45	-45	45	45
8299	0	-44	-44	44	44
8300	0	-43	-43	43	43
8301	0	-42	-42	42	42
8302	0	-41	-41	41	41
8303	0	-40	-40	40	40
8304	0	-39	-39	39	39
8305	0	-38	-38	38	38
8306	0	-37	-37	37	37
8307	0	-36	-36	36	36
8308	0	-35	-35	35	35
8309	0	-34	-34	34	34
8310	0	-33	-33	33	33
8311	0	-32	-32	32	32
8312	0	-31	-31	31	31
8313	0	-30	-30	30	30
8314	0	-29	-29	29	29
8315	0	-28	-28	28	28
8316	0	-27	-27	27	27
8317	0	-26	-26	26	26
8318	0	-25	-25	25	25
8319	0	-24	-24	24	24
8320	0	-23	-23	23	23
8321	0	-22	-22	22	22
8322	0	-21	-21	21	21
8323	0	-20	-20	20	20
8324	0	-19	-19	19	19
8325	0	-18	-18	18	18
8326	0	-17	-17	17	17
8327	0	-16	-16	16	16
8328	0	-15	-15	15	15
8329	0	-14	-14	14	14
8330	0	-13	-13	13	13
8331	0	-12	-12	12	12
8332	0	-11	-11	11	11
8333	0	-10	-10	10	10
8334	0	-8	-8	8	8
8335	0	-7	-7	7	7
8336	0	-6	-6	6	6
8337	0	-5	-5	5	5
8338	0	-4	-4	4	4
8339	0	-3	-3	3	3
8340	0	-2	-2	2	2
8341	0	2	2	2	2
8342	0	3	3	3	3
8343	0	4	4	4	4
8344	0	5	5	5	5
8345	0	6	6	6	6
8346	0	7	7	7	7
8347	0	8	8	8	8
8348	0	10	10	10	10
8349	0	11	11	11	11
8350	0	12	12	12	12
8351	0	13	13	13	13
8352	0	14	14	14	14
8353	0	15	15	15	15
8354	0	16	16	16	16
8355	0	17	17	17	17
8356	0	18	18	18	18
8357	0	19	19	19	19
8358	0	20	20	20	20
8359	0	21	21	21	21
8360	0	22	22	22	22
8361	0	23	23	23	23
8362	0	24	24	24	24
8363	0	25	25	25	25
8364	0	26	26	26	26
8365	0	27	27	27	27
8366	0	28	28	28	28
8367	0	29	29	29	29
8368	0	30	30	30	30
8369	0	31	31	31	31
8370	0	32	32	32	32
8371	0	33	33	33	33
8372	0	34	34	34	34
8373	0	35	35	35	35
8374	0	36	36	36	36
8375	0	37	37	37	37
8376	0	38	38	38	38
8377	0	39	39	39	39
8378	0	40	40	40	40
8379	0	41	41	41	41
8380	0	42	42	42	42
8381	0	43	43	43	43
8382	0	44	44	44	44
8383	0	45	45	45	45
8384	0	46	46	46	46
8385	0	47	47	47	47
8386	0	48	48	48	48
8387	0	49	49	49	49
8388	0	50	50	50	50
8389	0	51	51	51	51
8390	0	52	52	52	52
8391	0	53	53	53	53
8392	0	54	54	54	54
8393	0	55	55	55	55
8394	0	56	56	56	56
8395	0	57	57	57	57
8396	0	58	58	58	58
8397	0	59	59	59	59
8398	0	60	60	60	60
8399	0	61	61	61	61
8400	0	62	62	62	62
8401	0	63	63	63	63
8402	0	64	64	64	64
8403	1	-64	-1	1	1
8404	1	-63	-1	1	1
8405	1	-62	-1	1	1
8406	1	-61	-1	1	1
8407	1	-60	-1	1	1
8408	1	-59	-1	1	1
8409	1	-58	-1	1	1
8410	1	-57	-1	1	1
8411	1	-56	-1	1	1
8412	1	-55	-1	1	1
8413	1	-54	-1	1	1
8414	1	-53	-1	1	1
8415	1	-52	-1	1	1
8416	1	-51	-1	1	1
8417	1	-50	-1	1	1
8418	1	-49	-1	1	1
8419	1	-48	-1	1	1
8420	1	-47	-1	1	1
8421	1	-46	-1	1	1
8422	1	-45	-1	1	1
8423	1	-44	-1	1	1
8424	1	-43	-1	1	1
8425	1	-42	-1	1	1
8426	1	-41	-1	1	1
8427	1	-40	-1	1	1
8428	1	-39	-1	1	1
8429	1	-38	-1	1	1
8430	1	-37	-1	1	1
8431	1	-36	-1	1	1
8432	1	-35	-1	1	1
8433	1	-34	-1	1	1
8434	1	-33	-1	1	1
8435	1	-32	-1	1	1
8436	1	-31	-1	1	1
8437	1	-30	-1	1	1
8438	1	-29	-1	1	1
8439	1	-28	-1	1	1
8440	1	-27	-1	1	1
8441	1	-26	-1	1	1
8442	1	-25	-1	1	1
8443	1	-24	-1	1	1
8444	1	-23	-1	1	1
8445	1	-22	-1	1	1
8446	1	-21	-1	1	1
8447	1	-20	-1	1	1
8448	1	-19	-1	1	1
8449	1	-18	-1	1	1
8450	1	-17	-1	1	1
8451	1	-16	-1	1	1
8452	1	-15	-1	1	1
8453	1	-14	-1	1	1
8454	1	-13	-1	1	1
8455	1	-12	-1	1	1
8456	1	-11	-1	1	1
8457	1	-10	-1	1	1
8458	1	-9	-1	1	1
8459	1	-8	-1	1	1
8460	1	-7	-1	1	1
8461	1	-6	-1	1	1
8462	1	-5	-1	1	1
8463	1	-4	-1	1	1
8464	1	-3	-1	1	1
8465	1	-2	-1	1	1
8466	1	-1	-1	1	1
8467	1	2	1	1	1
8468	1	3	1	1	1
8469	1	4	1	1	1
8470	1	5	1	1	1
8471	1	6	1	1	1
8472	1	7	1	1	1
8473	1	8	1	1	1
8474	1	9	1	1	1
8475	1	10	1	1	1
8476	1	11	1	1	1
8477	1	12	1	1	1
8478	1	13	1	1	1
8479	1	14	1	1	1
8480	1	15	1	1	1
8481	1	16	1	1	1
8482	1	17	1	1	1
8483	1	18	1	1	1
8484	1	19	1	1	1
8485	1	20	1	1	1
8486	1	21	1	1	1
8487	1	22	1	1	1
8488	1	23	1	1	1
8489	1	24	1	1	1
8490	1	25	1	1	1
8491	1	26	1	1	1
8492	1	27	1	1	1
8493	1	28	1	1	1
8494	1	29	1	1	1
8495	1	30	1	1	1
8496	1	31	1	1	1
8497	1	32	1	1	1
8498	1	33	1	1	1
8499	1	34	1	1	1
8500	1	35	1	1	1
8501	1	36	1	1	1
8502	1	37	1	1	1
8503	1	38	1	1	1
8504	1	39	1	1	1
8505	1	40	1	1	1
8506	1	41	1	1	1
8507	1	42	1	1	1
8508	1	43	1	1	1
8509	1	44	1	1	1
8510	1	45	1	1	1
8511	1	46	1	1	1
8512	1	47	1	1	1
8513	1	48	1	1	1
8514	1	49	1	1	1
8515	1	50	1	1	1
8516	1	51	1	1	1
8517	1	52	1	1	1
8518	1	53	1	1	1
8519	1	54	1	1	1
8520	1	55	1	1	1
8521	1	56	1	1	1
8522	1	57	1	1	1
8523	1	58	1	1	1
8524	1	59	1	1	1
8525	1	60	1	1	1
8526	1	61	1	1	1
8527	1	62	1	1	1
8528	1	63	1	1	1
8529	1	64	1	1	1
8530	2	-64	-2	2	2
8531	2	-63	-1	1	1
8532	2	-62	-2	2	2
8533	2	-61	-1	1	1
8534	2	-60	-2	2	2
8535	2	-59	-1	1	1
8536	2	-58	-2	2	2
8537	2	-57	-1	1	1
8538	2	-56	-2	2	2
8539	2	-55	-1	1	1
8540	2	-54	-2	2	2
8541	2	-53	-1	1	1
8542	2	-52	-2	2	2
8543	2	-51	-1	1	1
8544	2	-50	-2	2	2
8545	2	-49	-1	1	1
8546	2	-48	-2	2	2
8547	2	-47	-1	1	1
8548	2	-46	-2	2	2
8549	2	-45	-1	1	1
8550	2	-44	-2	2	2
8551	2	-43	-1	1	1
8552	2	-42	-2	2	2
8553	2	-41	-1	1	1
8554	2	-40	-2	2	2
8555	2	-39	-1	1	1
8556	2	-38	-2	2	2
8557	2	-37	-1	1	1
8558	2	-36	-2	2	2
8559	2	-35	-1	1	1
8560	2	-34	-2	2	2
8561	2	-33	-1	1	1
8562	2	-32	-2	2	2
8563	2	-31	-1	1	1
8564	2	-30	-2	2	2
8565	2	-29	-1	1	1
8566	2	-28	-2	2	2
8567	2	-27	-1	1	1
8568	2	-26	-2	2	2
8569	2	-25	-1	1	1
8570	2	-24	-2	2	2
8571	2	-23	-1	1	1
8572	2	-22	-2	2	2
8573	2	-21	-1	1	1
8574	2	-20	-2	2	2
8575	2	-19	-1	1	1
8576	2	-18	-2	2	2
8577	2	-17	-1	1	1
8578	2	-16	-2	2	2
8579	2	-15	-1	1	1
8580	2	-14	-2	2	2
8581	2	-13	-1	1	1
8582	2	-12	-2	2	2
8583	2	-11	-1	1	1
8584	2	-10	-2	2	2
8585	2	-9	-1	1	1
8586	2	-8	-2	2	2
8587	2	-7	-1	1	1
8588	2	-6	-2	2	2
8589	2	-5	-1	1	1
8590	2	-4	-2	2	2
8591	2	-3	-1	1	1
8592	2	-2	-2	2	2
8593	2	-1	-1	1	1
8594	2	0	2	2	2
8595	2	1	1	1	1
8596	2	2	2	2	2
8597	2	3	1	1	1
8598	2	4	2	2	2
8599	2	5	1	1	1
8600	2	6	2	2	2
8601	2	7	1	1	1
8602	2	8	2	2	2
8603	2	9	1	1	1
8604	2	10	2	2	2
8605	2	11	1	1	1
8606	2	12	2	2	2
8607	2	13	1	1	1
8608	2	14	2	2	2
8609	2	15	1	1	1
8610	2	16	2	2	2
8611	2	17	1	1	1
8612	2	18	2	2	2
8613	2	19	1	1	1
8614	2	20	2	2	2
8615	2	21	1	1	1
8616	2	22	2	2	2
8617	2	23	1	1	1
8618	2	24	2	2	2
8619	2	25	1	1	1
8620	2	26	2	2	2
8621	2	27	1	1	1
8622	2	28	2	2	2
8623	2	29	1	1	1
8624	2	30	2	2	2
8625	2	31	1	1	1
8626	2	32	2	2	2
8627	2	33	1	1	1
8628	2	34	2	2	2
8629	2	35	1	1	1
8630	2	36	2	2	2
8631	2	37	1	1	1
8632	2	38	2	2	2
8633	2	39	1	1	1
8634	2	40	2	2	2
8635	2	41	1	1	1
8636	2	42	2	2	2
8637	2	43	1	1	1
8638	2	44	2	2	2
8639	2	45	1	1	1
8640	2	46	2	2	2
8641	2	47	1	1	1
8642	2	48	2	2	2
8643	2	49	1	1	1
8644	2	50	2	2	2
8645	2	51	1	1	1
8646	2	52	2	2	2
8647	2	53	1	1	1
8648	2	54	2	2	2
8649	2	55	1	1	1
8650	2	56	2	2	2
8651	2	57	1	1	1
8652	2	58	2	2	2
8653	2	59	1	1	1
8654	2	60	2	2	2
8655	2	61	1	1	1
8656	2	62	2	2	2
8657	2	63	1	1	1
8658	2	64	2	2	2
8659	3	-64	-1	1	1
8660	3	-63	-3	3	3
8661	3	-62	-1	1	1
8662	3	-61	-1	1	1
8663	3	-60	-3	3	3
8664	3	-59	-1	1	1
8665	3	-58	-1	1	1
8666	3	-57	-3	3	3
8667	3	-56	-1	1	1
8668	3	-55	-1	1	1
8669	3	-54	-3	3	3
8670	3	-53	-1	1	1
8671	3	-52	-1	1	1
8672	3	-51	-3	3	3
8673	3	-50	-1	1	1
8674	3	-49	-1	1	1
8675	3	-48	-3	3	3
8676	3	-47	-1	1	1
8677	3	-46	-1	1	1
8678	3	-45	-3	3	3
8679	3	-44	-1	1	1
8680	3	-43	-1	1	1
8681	3	-42	-3	3	3
8682	3	-41	-1	1	1
8683	3	-40	-1	1	1
8684	3	-39	-3	3	3
8685	3	-38	-1	1	1
8686	3	-37	-1	1	1
8687	3	-36	-3	3	3
8688	3	-35	-1	1	1
8689	3	-34	-1	1	1
8690	3	-33	-3	3	3
8691	3	-32	-1	1	1
8692	3	-31	-1	1	1
8693	3	-30	-3	3	3
8694	3	-29	-1	1	1
8695	3	-28	-1	1	1
8696	3	-27	-3	3	3
8697	3	-26	-1	1	1
8698	3	-25	-1	1	1
8699	3	-24	-3	3	3
8700	3	-23	-1	1	1
8701	3	-22	-1	1	1
8702	3	-21	-3	3	3
8703	3	-20	-1	1	1
8704	3	-19	-1	1	1
8705	3	-18	-3	3	3
8706	3	-17	-1	1	1
8707	3	-16	-1	1	1
8708	3	-15	-3	3	3
8709	3	-14	-1	1	1
8710	3	-13	-1	1	1
8711	3	-12	-3	3	3
8712	3	-11	-1	1	1
8713	3	-10	-1	1	1
8714	3	-9	-3	3	3
8715	3	-8	-1	1	1
8716	3	-7	-1	1	1
8717	3	-6	-3	3	3
8718	3	-5	-1	1	1
8719	3	-4	-1	1	1
8720	3	-3	-3	3	3
8721	3	-2	-1	1	1
8722	3	-1	-1	1	1
8723	3	0	3	3	3
8724	3	1	1	1	1
8725	3	2	1	1	1
8726	3	3	3	3	3
8727	3	4	1	1	1
8728	3	6	3	3	3
8729	3	7	1	1	1
8730	3	8	1	1	1
8731	3	9	3	3	3
8732	3	10	1	1	1
8733	3	11	1	1	1
8734	3	12	3	3	3
8735	3	13	1	1	1
8736	3	14	1	1	1
8737	3	15	3	3	3
8738	3	16	1	1	1
8739	3	17	1	1	1
8740	3	18	3	3	3
8741	3	19	1	1	1
8742	3	20	1	1	1
8743	3	21	3	3	3
8744	3	22	1	1	1
8745	3	23	1	1	1
8746	3	24	3	3	3
8747	3	25	1	1	1
8748	3	26	1	1	1
8749	3	27	3	3	3
8750	3	28	1	1	1
8751	3	29	1	1	1
8752	3	30	3	3	3
8753	3	31	1	1	1
8754	3	32	1	1	1
8755	3	33	3	3	3
8756	3	34	1	1	1
8757	3	35	1	1	1
8758	3	36	3	3	3
8759	3	37	1	1	1
8760	3	38	1	1	1
8761	3	39	3	3	3
8762	3	40	1	1	1
8763	3	41	1	1	1
8764	3	42	3	3	3
8765	3	43	1	1	1
8766	3	44	1	1	1
8767	3	45	3	3	3
8768	3	46	1	1	1
8769	3	47	1	1	1
8770	3	48	3	3	3
8771	3	49	1	1	1
8772	3	50	1	1	1
8773	3	51	3	3	3
8774	3	52	1	1	1
8775	3	53	1	1	1
8776	3	54	3	3	3
8777	3	55	1	1	1
8778	3	56	1	1	1
8779	3	57	3	3	3
8780	3	58	1	1	1
8781	3	59	1	1	1
8782	3	60	3	3	3
8783	3	61	1	1	1
8784	3	62	1	1	1
8785	3	63	3	3	3
8786	3	64	1	1	1
8787	4	-64	-4	4	4
8788	4	-63	-1	1	1
8789	4	-62	-2	2	2
8790	4	-61	-1	1	1
8791	4	-60	-4	4	4
8792	4	-59	-1	1	1
8793	4	-58	-2	2	2
8794	4	-57	-1	1	1
8795	4	-56	-4	4	4
8796	4	-55	-1	1	1
8797	4	-54	-2	2	2
8798	4	-53	-1	1	1
8799	4	-52	-4	4	4
8800	4	-51	-1	1	1
8801	4	-50	-2	2	2
8802	4	-49	-1	1	1
8803	4	-48	-4	4	4
8804	4	-47	-1	1	1
8805	4	-46	-2	2	2
8806	4	-45	-1	1	1
8807	4	-44	-4	4	4
8808	4	-43	-1	1	1
8809	4	-42	-2	2	2
8810	4	-41	-1	1	1
8811	4	-40	-4	4	4
8812	4	-39	-1	1	1
8813	4	-38	-2	2	2
8814	4	-37	-1	1	1
8815	4	-36	-4	4	4
8816	4	-35	-1	1	1
8817	4	-34	-2	2	2
8818	4	-33	-1	1	1
8819	4	-32	-4	4	4
8820	4	-31	-1	1	1
8821	4	-30	-2	2	2
8822	4	-29	-1	1	1
8823	4	-28	-4	4	4
8824	4	-27	-1	1	1
8825	4	-26	-2	2	2
8826	4	-25	-1	1	1
8827	4	-24	-4	4	4
8828	4	-23	-1	1	1
8829	4	-22	-2	2	2
8830	4	-21	-1	1	1
8831	4	-20	-4	4	4
8832	4	-19	-1	1	1
8833	4	-18	-2	2	2
8834	4	-17	-1	1	1
8835	4	-16	-4	4	4
8836	4	-15	-1	1	1
8837	4	-14	-2	2	2
8838	4	-13	-1	1	1
8839	4	-12	-4	4	4
8840	4	-11	-1	1	1
8841	4	-10	-2	2	2
8842	4	-9	-1	1	1
8843	4	-8	-4	4	4
8844	4	-7	-1	1	1
8845	4	-6	-2	2	2
8846	4	-5	-1	1	1
8847	4	-4	-4	4	4
8848	4	-3	-1	1	1
8849	4	-2	-2	2	2
8850	4	-1	-1	1	1
8851	4	0	4	4	4
8852	4	1	1	1	1
8853	4	2	2	2	2
8854	4	3	1	1	1
8855	4	4	4	4	4
8856	4	5	1	1	1
8857	4	6	2	2	2
8858	4	7	1	1	1
8859	4	8	4	4	4
8860	4	9	1	1	1
8861	4	10	2	2	2
8862	4	11	1	1	1
8863	4	12	4	4	4
8864	4	13	1	1	1
8865	4	14	2	2	2
8866	4	15	1	1	1
8867	4	16	4	4	4
8868	4	17	1	1	1
8869	4	18	2	2	2
8870	4	19	1	1	1
8871	4	20	4	4	4
8872	4	21	1	1	1
8873	4	22	2	2	2
8874	4	23	1	1	1
8875	4	24	4	4	4
8876	4	25	1	1	1
8877	4	26	2	2	2
8878	4	27	1	1	1
8879	4	28	4	4	4
8880	4	29	1	1	1
8881	4	30	2	2	2
8882	4	31	1	1	1
8883	4	32	4	4	4
8884	4	33	1	1	1
8885	4	34	2	2	2
8886	4	35	1	1	1
8887	4	36	4	4	4
8888	4	37	1	1	1
8889	4	38	2	2	2
8890	4	39	1	1	1
8891	4	40	4	4	4
8892	4	41	1	1	1
8893	4	42	2	2	2
8894	4	43	1	1	1
8895	4	44	4	4	4
8896	4	45	1	1	1
8897	4	46	2	2	2
8898	4	47	1	1	1
8899	4	48	4	4	4
8900	4	49	1	1	1
8901	4	50	2	2	2
8902	4	51	1	1	1
8903	4	52	4	4	4
8904	4	53	1	1	1
8905	4	54	2	2	2
8906	4	55	1	1	1
8907	4	56	4	4	4
8908	4	57	1	1	1
8909	4	58	2	2	2
8910	4	59	1	1	1
8911	4	60	4	4	4
8912	4	61	1	1	1
8913	4	62	2	2	2
8914	4	63	1	1	1
8915	4	64	4	4	4
8916	5	-64	-1	1	1
8917	5	-63	-1	1	1
8918	5	-62	-1	1	1
8919	5	-61	-1	1	1
8920	5	-60	-5	5	5
8921	5	-59	-1	1	1
8922	5	-58	-1	1	1
8923	5	-57	-1	1	1
8924	5	-56	-1	1	1
8925	5	-55	-5	5	5
8926	5	-54	-1	1	1
8927	5	-53	-1	1	1
8928	5	-52	-1	1	1
8929	5	-51	-1	1	1
8930	5	-50	-5	5	5
8931	5	-49	-1	1	1
8932	5	-48	-1	1	1
8933	5	-47	-1	1	1
8934	5	-46	-1	1	1
8935	5	-45	-5	5	5
8936	5	-44	-1	1	1
8937	5	-43	-1	1	1
8938	5	-42	-1	1	1
8939	5	-41	-1	1	1
8940	5	-40	-5	5	5
8941	5	-39	-1	1	1
8942	5	-38	-1	1	1
8943	5	-37	-1	1	1
8944	5	-36	-1	1	1
8945	5	-35	-5	5	5
8946	5	-34	-1	1	1
8947	5	-33	-1	1	1
8948	5	-32	-1	1	1
8949	5	-31	-1	1	1
8950	5	-30	-5	5	5
8951	5	-29	-1	1	1
8952	5	-28	-1	1	1
8953	5	-27	-1	1	1
8954	5	-26	-1	1	1
8955	5	-25	-5	5	5
8956	5	-24	-1	1	1
8957	5	-23	-1	1	1
8958	5	-22	-1	1	1
8959	5	-21	-1	1	1
8960	5	-20	-5	5	5
8961	5	-19	-1	1	1
8962	5	-18	-1	1	1
8963	5	-17	-1	1	1
8964	5	-16	-1	1	1
8965	5	-15	-5	5	5
8966	5	-14	-1	1	1
8967	5	-13	-1	1	1
8968	5	-12	-1	1	1
8969	5	-11	-1	1	1
8970	5	-10	-5	5	5
8971	5	-9	-1	1	1
8972	5	-8	-1	1	1
8973	5	-7	-1	1	1
8974	5	-6	-1	1	1
8975	5	-5	-5	5	5
8976	5	-4	-1	1	1
8977	5	-3	-1	1	1
8978	5	-2	-1	1	1
8979	5	-1	-1	1	1
8980	5	0	5	5	5
8981	5	1	1	1	1
8982	5	2	1	1	1
8983	5	4	1	1	1
8984	5	5	5	5	5
8985	5	6	1	1	1
8986	5	7	1	1	1
8987	5	8	1	1	1
8988	5	9	1	1	1
8989	5	10	5	5	5
8990	5	11	1	1	1
8991	5	12	1	1	1
8992	5	13	1	1	1
8993	5	14	1	1	1
8994	5	15	5	5	5
8995	5	16	1	1	1
8996	5	17	1	1	1
8997	5	18	1	1	1
8998	5	19	1	1	1
8999	5	20	5	5	5
9000	5	21	1	1	1
9001	5	22	1	1	1
9002	5	23	1	1	1
9003	5	24	1	1	1
9004	5	25	5	5	5
9005	5	26	1	1	1
9006	5	27	1	1	1
9007	5	28	1	1	1
9008	5	29	1	1	1
9009	5	30	5	5	5
9010	5	31	1	1	1
9011	5	32	1	1	1
9012	5	33	1	1	1
9013	5	34	1	1	1
9014	5	35	5	5	5
9015	5	36	1	1	1
9016	5	37	1	1	1
9017	5	38	1	1	1
9018	5	39	1	1	1
9019	5	40	5	5	5
9020	5	41	1	1	1
9021	5	42	1	1	1
9022	5	43	1	1	1
9023	5	44	1	1	1
9024	5	45	5	5	5
9025	5	46	1	1	1
9026	5	47	1	1	1
9027	5	48	1	1	1
9028	5	49	1	1	1
9029	5	50	5	5	5
9030	5	51	1	1	1
9031	5	52	1	1	1
9032	5	53	1	1	1
9033	5	54	1	1	1
9034	5	55	5	5	5
9035	5	56	1	1	1
9036	5	57	1	1	1
9037	5	58	1	1	1
9038	5	59	1	1	1
9039	5	60	5	5	5
9040	5	61	1	1	1
9041	5	62	1	1	1
9042	5	63	1	1	1
9043	5	64	1	1	1
9044	6	-64	-2	2	2
9045	6	-63	-3	3	3
9046	6	-62	-2	2	2
9047	6	-61	-1	1	1
9048	6	-60	-6	6	6
9049	6	-59	-1	1	1
9050	6	-58	-2	2	2
9051	6	-57	-3	3	3
9052	6	-56	-2	2	2
9053	6	-55	-1	1	1
9054	6	-54	-6	6	6
9055	6	-53	-1	1	1
9056	6	-52	-2	2	2
9057	6	-51	-3	3	3
9058	6	-50	-2	2	2
9059	6	-49	-1	1	1
9060	6	-48	-6	6	6
9061	6	-47	-1	1	1
9062	6	-46	-2	2	2
9063	6	-45	-3	3	3
9064	6	-44	-2	2	2
9065	6	-43	-1	1	1
9066	6	-42	-6	6	6
9067	6	-41	-1	1	1
9068	6	-40	-2	2	2
9069	6	-39	-3	3	3
9070	6	-38	-2	2	2
9071	6	-37	-1	1	1
9072	6	-36	-6	6	6
9073	6	-35	-1	1	1
9074	6	-34	-2	2	2
9075	6	-33	-3	3	3
9076	6	-32	-2	2	2
9077	6	-31	-1	1	1
9078	6	-30	-6	6	6
9079	6	-29	-1	1	1
9080	6	-28	-2	2	2
9081	6	-27	-3	3	3
9082	6	-26	-2	2	2
9083	6	-25	-1	1	1
9084	6	-24	-6	6	6
9085	6	-23	-1	1	1
9086	6	-22	-2	2	2
9087	6	-21	-3	3	3
9088	6	-20	-2	2	2
9089	6	-19	-1	1	1
9090	6	-18	-6	6	6
9091	6	-17	-1	1	1
9092	6	-16	-2	2	2
9093	6	-15	-3	3	3
9094	6	-14	-2	2	2
9095	6	-13	-1	1	1
9096	6	-12	-6	6	6
9097	6	-11	-1	1	1
9098	6	-10	-2	2	2
9099	6	-9	-3	3	3
9100	6	-8	-2	2	2
9101	6	-7	-1	1	1
9102	6	-6	-6	6	6
9103	6	-5	-1	1	1
9104	6	-4	-2	2	2
9105	6	-3	-3	3	3
9106	6	-2	-2	2	2
9107	6	-1	-1	1	1
9108	6	0	6	6	6
9109	6	1	1	1	1
9110	6	2	2	2	2
9111	6	5	1	1	1
9112	6	6	6	6	6
9113	6	7	1	1	1
9114	6	8	2	2	2
9115	6	9	3	3	3
9116	6	10	2	2	2
9117	6	11	1	1	1
9118	6	12	6	6	6
9119	6	13	1	1	1
9120	6	14	2	2	2
9121	6	15	3	3	3
9122	6	16	2	2	2
9123	6	17	1	1	1
9124	6	18	6	6	6
9125	6	19	1	1	1
9126	6	20	2	2	2
9127	6	21	3	3	3
9128	6	22	2	2	2
9129	6	23	1	1	1
9130	6	24	6	6	6
9131	6	25	1	1	1
9132	6	26	2	2	2
9133	6	27	3	3	3
9134	6	28	2	2	2
9135	6	29	1	1	1
9136	6	30	6	6	6
9137	6	31	1	1	1
9138	6	32	2	2	2
9139	6	33	3	3	3
9140	6	34	2	2	2
9141	6	35	1	1	1
9142	6	36	6	6	6
9143	6	37	1	1	1
9144	6	38	2	2	2
9145	6	39	3	3	3
9146	6	40	2	2	2
9147	6	41	1	1	1
9148	6	42	6	6	6
9149	6	43	1	1	1
9150	6	44	2	2	2
9151	6	45	3	3	3
9152	6	46	2	2	2
9153	6	47	1	1	1
9154	6	48	6	6	6
9155	6	49	1	1	1
9156	6	50	2	2	2
9157	6	51	3	3	3
9158	6	52	2	2	2
9159	6	53	1	1	1
9160	6	54	6	6	6
9161	6	55	1	1	1
9162	6	56	2	2	2
9163	6	57	3	3	3
9164	6	58	2	2	2
9165	6	59	1	1	1
9166	6	60	6	6	6
9167	6	61	1	1	1
9168	6	62	2	2	2
9169	6	63	3	3	3
9170	6	64	2	2	2
9171	7	-64	-1	1	1
9172	7	-63	-7	7	7
9173	7	-62	-1	1	1
9174	7	-61	-1	1	1
9175	7	-60	-1	1	1
9176	7	-59	-1	1	1
9177	7	-58	-1	1	1
9178	7	-57	-1	1	1
9179	7	-56	-7	7	7
9180	7	-55	-1	1	1
9181	7	-54	-1	1	1
9182	7	-53	-1	1	1
9183	7	-52	-1	1	1
9184	7	-51	-1	1	1
9185	7	-50	-1	1	1
9186	7	-49	-7	7	7
9187	7	-48	-1	1	1
9188	7	-47	-1	1	1
9189	7	-46	-1	1	1
9190	7	-45	-1	1	1
9191	7	-44	-1	1	1
9192	7	-43	-1	1	1
9193	7	-42	-7	7	7
9194	7	-41	-1	1	1
9195	7	-40	-1	1	1
9196	7	-39	-1	1	1
9197	7	-38	-1	1	1
9198	7	-37	-1	1	1
9199	7	-36	-1	1	1
9200	7	-35	-7	7	7
9201	7	-34	-1	1	1
9202	7	-33	-1	1	1
9203	7	-32	-1	1	1
9204	7	-31	-1	1	1
9205	7	-30	-1	1	1
9206	7	-29	-1	1	1
9207	7	-28	-7	7	7
9208	7	-27	-1	1	1
9209	7	-26	-1	1	1
9210	7	-25	-1	1	1
9211	7	-24	-1	1	1
9212	7	-23	-1	1	1
9213	7	-22	-1	1	1
9214	7	-21	-7	7	7
9215	7	-20	-1	1	1
9216	7	-19	-1	1	1
9217	7	-18	-1	1	1
9218	7	-17	-1	1	1
9219	7	-16	-1	1	1
9220	7	-15	-1	1	1
9221	7	-14	-7	7	7
9222	7	-13	-1	1	1
9223	7	-12	-1	1	1
9224	7	-11	-1	1	1
9225	7	-10	-1	1	1
9226	7	-9	-1	1	1
9227	7	-8	-1	1	1
9228	7	-6	-1	1	1
9229	7	-5	-1	1	1
9230	7	-4	-1	1	1
9231	7	-3	-1	1	1
9232	7	-2	-1	1	1
9233	7	-1	-1	1	1
9234	7	0	7	7	7
9235	7	1	1	1	1
9236	7	2	1	1	1
9237	7	3	1	1	1
9238	7	4	1	1	1
9239	7	5	1	1	1
9240	7	6	1	1	1
9241	7	8	1	1	1
9242	7	9	1	1	1
9243	7	10	1	1	1
9244	7	11	1	1	1
9245	7	12	1	1	1
9246	7	13	1	1	1
9247	7	14	7	7	7
9248	7	15	1	1	1
9249	7	16	1	1	1
9250	7	17	1	1	1
9251	7	18	1	1	1
9252	7	19	1	1	1
9253	7	20	1	1	1
9254	7	21	7	7	7
9255	7	22	1	1	1
9256	7	23	1	1	1
9257	7	24	1	1	1
9258	7	25	1	1	1
9259	7	26	1	1	1
9260	7	27	1	1	1
9261	7	28	7	7	7
9262	7	29	1	1	1
9263	7	30	1	1	1
9264	7	31	1	1	1
9265	7	32	1	1	1
9266	7	33	1	1	1
9267	7	34	1	1	1
9268	7	35	7	7	7
9269	7	36	1	1	1
9270	7	37	1	1	1
9271	7	38	1	1	1
9272	7	39	1	1	1
9273	7	40	1	1	1
9274	7	41	1	1	1
9275	7	42	7	7	7
9276	7	43	1	1	1
9277	7	44	1	1	1
9278	7	45	1	1	1
9279	7	46	1	1	1
9280	7	47	1	1	1
9281	7	48	1	1	1
9282	7	49	7	7	7
9283	7	50	1	1	1
9284	7	51	1	1	1
9285	7	52	1	1	1
9286	7	53	1	1	1
9287	7	54	1	1	1
9288	7	55	1	1	1
9289	7	56	7	7	7
9290	7	57	1	1	1
9291	7	58	1	1	1
9292	7	59	1	1	1
9293	7	60	1	1	1
9294	7	61	1	1	1
9295	7	62	1	1	1
9296	7	63	7	7	7
9297	7	64	1	1	1
9298	8	-64	-8	8	8
9299	8	-63	-1	1	1
9300	8	-62	-2	2	2
9301	8	-61	-1	1	1
9302	8	-60	-4	4	4
9303	8	-59	-1	1	1
9304	8	-58	-2	2	2
9305	8	-57	-1	1	1
9306	8	-56	-8	8	8
9307	8	-55	-1	1	1
9308	8	-54	-2	2	2
9309	8	-53	-1	1	1
9310	8	-52	-4	4	4
9311	8	-51	-1	1	1
9312	8	-50	-2	2	2
9313	8	-49	-1	1	1
9314	8	-48	-8	8	8
9315	8	-47	-1	1	1
9316	8	-46	-2	2	2
9317	8	-45	-1	1	1
9318	8	-44	-4	4	4
9319	8	-43	-1	1	1
9320	8	-42	-2	2	2
9321	8	-41	-1	1	1
9322	8	-40	-8	8	8
9323	8	-39	-1	1	1
9324	8	-38	-2	2	2
9325	8	-37	-1	1	1
9326	8	-36	-4	4	4
9327	8	-35	-1	1	1
9328	8	-34	-2	2	2
9329	8	-33	-1	1	1
9330	8	-32	-8	8	8
9331	8	-31	-1	1	1
9332	8	-30	-2	2	2
9333	8	-29	-1	1	1
9334	8	-28	-4	4	4
9335	8	-27	-1	1	1
9336	8	-26	-2	2	2
9337	8	-25	-1	1	1
9338	8	-24	-8	8	8
9339	8	-23	-1	1	1
9340	8	-22	-2	2	2
9341	8	-21	-1	1	1
9342	8	-20	-4	4	4
9343	8	-19	-1	1	1
9344	8	-18	-2	2	2
9345	8	-17	-1	1	1
9346	8	-16	-8	8	8
9347	8	-15	-1	1	1
9348	8	-14	-2	2	2
9349	8	-13	-1	1	1
9350	8	-12	-4	4	4
9351	8	-11	-1	1	1
9352	8	-10	-2	2	2
9353	8	-9	-1	1	1
9354	8	-8	-8	8	8
9355	8	-7	-1	1	1
9356	8	-6	-2	2	2
9357	8	-5	-1	1	1
9358	8	-4	-4	4	4
9359	8	-3	-1	1	1
9360	8	-2	-2	2	2
9361	8	-1	-1	1	1
9362	8	0	8	8	8
9363	8	1	1	1	1
9364	8	2	2	2	2
9365	8	3	1	1	1
9366	8	4	4	4	4
9367	8	5	1	1	1
9368	8	6	2	2	2
9369	8	7	1	1	1
9370	8	8	8	8	8
9371	8	9	1	1	1
9372	8	10	2	2	2
9373	8	11	1	1	1
9374	8	12	4	4	4
9375	8	13	1	1	1
9376	8	14	2	2	2
9377	8	15	1	1	1
9378	8	16	8	8	8
9379	8	17	1	1	1
9380	8	18	2	2	2
9381	8	19	1	1	1
9382	8	20	4	4	4
9383	8	21	1	1	1
9384	8	22	2	2	2
9385	8	23	1	1	1
9386	8	24	8	8	8
9387	8	25	1	1	1
9388	8	26	2	2	2
9389	8	27	1	1	1
9390	8	28	4	4	4
9391	8	29	1	1	1
9392	8	30	2	2	2
9393	8	31	1	1	1
9394	8	32	8	8	8
9395	8	33	1	1	1
9396	8	34	2	2	2
9397	8	35	1	1	1
9398	8	36	4	4	4
9399	8	37	1	1	1
9400	8	38	2	2	2
9401	8	39	1	1	1
9402	8	40	8	8	8
9403	8	41	1	1	1
9404	8	42	2	2	2
9405	8	43	1	1	1
9406	8	44	4	4	4
9407	8	45	1	1	1
9408	8	46	2	2	2
9409	8	47	1	1	1
9410	8	48	8	8	8
9411	8	49	1	1	1
9412	8	50	2	2	2
9413	8	51	1	1	1
9414	8	52	4	4	4
9415	8	53	1	1	1
9416	8	54	2	2	2
9417	8	55	1	1	1
9418	8	56	8	8	8
9419	8	57	1	1	1
9420	8	58	2	2	2
9421	8	59	1	1	1
9422	8	60	4	4	4
9423	8	61	1	1	1
9424	8	62	2	2	2
9425	8	63	1	1	1
9426	8	64	8	8	8
9427	9	-64	-1	1	1
9428	9	-63	-9	9	9
9429	9	-62	-1	1	1
9430	9	-61	-1	1	1
9431	9	-60	-3	3	3
9432	9	-59	-1	1	1
9433	9	-58	-1	1	1
9434	9	-57	-3	3	3
9435	9	-56	-1	1	1
9436	9	-55	-1	1	1
9437	9	-54	-9	9	9
9438	9	-53	-1	1	1
9439	9	-52	-1	1	1
9440	9	-51	-3	3	3
9441	9	-50	-1	1	1
9442	9	-49	-1	1	1
9443	9	-48	-3	3	3
9444	9	-47	-1	1	1
9445	9	-46	-1	1	1
9446	9	-45	-9	9	9
9447	9	-44	-1	1	1
9448	9	-43	-1	1	1
9449	9	-42	-3	3	3
9450	9	-41	-1	1	1
9451	9	-40	-1	1	1
9452	9	-39	-3	3	3
9453	9	-38	-1	1	1
9454	9	-37	-1	1	1
9455	9	-36	-9	9	9
9456	9	-35	-1	1	1
9457	9	-34	-1	1	1
9458	9	-33	-3	3	3
9459	9	-32	-1	1	1
9460	9	-31	-1	1	1
9461	9	-30	-3	3	3
9462	9	-29	-1	1	1
9463	9	-28	-1	1	1
9464	9	-27	-9	9	9
9465	9	-26	-1	1	1
9466	9	-25	-1	1	1
9467	9	-24	-3	3	3
9468	9	-23	-1	1	1
9469	9	-22	-1	1	1
9470	9	-21	-3	3	3
9471	9	-20	-1	1	1
9472	9	-19	-1	1	1
9473	9	-18	-9	9	9
9474	9	-17	-1	1	1
9475	9	-16	-1	1	1
9476	9	-15	-3	3	3
9477	9	-14	-1	1	1
9478	9	-13	-1	1	1
9479	9	-12	-3	3	3
9480	9	-11	-1	1	1
9481	9	-10	-1	1	1
9482	9	-9	-9	9	9
9483	9	-8	-1	1	1
9484	9	-7	-1	1	1
9485	9	-6	-3	3	3
9486	9	-5	-1	1	1
9487	9	-4	-1	1	1
9488	9	-3	-3	3	3
9489	9	-2	-1	1	1
9490	9	-1	-1	1	1
9491	9	1	1	1	1
9492	9	2	1	1	1
9493	9	3	3	3	3
9494	9	4	1	1	1
9495	9	5	1	1	1
9496	9	6	3	3	3
9497	9	7	1	1	1
9498	9	8	1	1	1
9499	9	9	9	9	9
9500	9	10	1	1	1
9501	9	11	1	1	1
9502	9	12	3	3	3
9503	9	13	1	1	1
9504	9	14	1	1	1
9505	9	15	3	3	3
9506	9	16	1	1	1
9507	9	17	1	1	1
9508	9	18	9	9	9
9509	9	19	1	1	1
9510	9	20	1	1	1
9511	9	21	3	3	3
9512	9	22	1	1	1
9513	9	23	1	1	1
9514	9	24	3	3	3
9515	9	25	1	1	1
9516	9	26	1	1	1
9517	9	27	9	9	9
9518	9	28	1	1	1
9519	9	29	1	1	1
9520	9	30	3	3	3
9521	9	31	1	1	1
9522	9	32	1	1	1
9523	9	33	3	3	3
9524	9	34	1	1	1
9525	9	35	1	1	1
9526	9	36	9	9	9
9527	9	37	1	1	1
9528	9	38	1	1	1
9529	9	39	3	3	3
9530	9	40	1	1	1
9531	9	41	1	1	1
9532	9	42	3	3	3
9533	9	43	1	1	1
9534	9	44	1	1	1
9535	9	45	9	9	9
9536	9	46	1	1	1
9537	9	47	1	1	1
9538	9	48	3	3	3
9539	9	49	1	1	1
9540	9	50	1	1	1
9541	9	51	3	3	3
9542	9	52	1	1	1
9543	9	53	1	1	1
9544	9	54	9	9	9
9545	9	55	1	1	1
9546	9	56	1	1	1
9547	9	57	3	3	3
9548	9	58	1	1	1
9549	9	59	1	1	1
9550	9	60	3	3	3
9551	9	61	1	1	1
9552	9	62	1	1	1
9553	9	63	9	9	9
9554	9	64	1	1	1
9555	10	-64	-2	2	2
9556	10	-63	-1	1	1
9557	10	-62	-2	2	2
9558	10	-61	-1	1	1
9559	10	-60	-10	10	10
9560	10	-59	-1	1	1
9561	10	-58	-2	2	2
9562	10	-57	-1	1	1
9563	10	-56	-2	2	2
9564	10	-55	-5	5	5
9565	10	-54	-2	2	2
9566	10	-53	-1	1	1
9567	10	-52	-2	2	2
9568	10	-51	-1	1	1
9569	10	-50	-10	10	10
9570	10	-49	-1	1	1
9571	10	-48	-2	2	2
9572	10	-47	-1	1	1
9573	10	-46	-2	2	2
9574	10	-45	-5	5	5
9575	10	-44	-2	2	2
9576	10	-43	-1	1	1
9577	10	-42	-2	2	2
9578	10	-41	-1	1	1
9579	10	-40	-10	10	10
9580	10	-39	-1	1	1
9581	10	-38	-2	2	2
9582	10	-37	-1	1	1
9583	10	-36	-2	2	2
9584	10	-35	-5	5	5
9585	10	-34	-2	2	2
9586	10	-33	-1	1	1
9587	10	-32	-2	2	2
9588	10	-31	-1	1	1
9589	10	-30	-10	10	10
9590	10	-29	-1	1	1
9591	10	-28	-2	2	2
9592	10	-27	-1	1	1
9593	10	-26	-2	2	2
9594	10	-25	-5	5	5
9595	10	-24	-2	2	2
9596	10	-23	-1	1	1
9597	10	-22	-2	2	2
9598	10	-21	-1	1	1
9599	10	-20	-10	10	10
9600	10	-19	-1	1	1
9601	10	-18	-2	2	2
9602	10	-17	-1	1	1
9603	10	-16	-2	2	2
9604	10	-15	-5	5	5
9605	10	-14	-2	2	2
9606	10	-13	-1	1	1
9607	10	-12	-2	2	2
9608	10	-11	-1	1	1
9609	10	-10	-10	10	10
9610	10	-9	-1	1	1
9611	10	-8	-2	2	2
9612	10	-7	-1	1	1
9613	10	-6	-2	2	2
9614	10	-5	-5	5	5
9615	10	-4	-2	2	2
9616	10	-3	-1	1	1
9617	10	-2	-2	2	2
9618	10	-1	-1	1	1
9619	10	0	10	10	10
9620	10	1	1	1	1
9621	10	2	2	2	2
9622	10	3	1	1	1
9623	10	4	2	2	2
9624	10	5	5	5	5
9625	10	6	2	2	2
9626	10	7	1	1	1
9627	10	8	2	2	2
9628	10	9	1	1	1
9629	10	10	10	10	10
9630	10	11	1	1	1
9631	10	12	2	2	2
9632	10	13	1	1	1
9633	10	14	2	2	2
9634	10	15	5	5	5
9635	10	16	2	2	2
9636	10	17	1	1	1
9637	10	18	2	2	2
9638	10	19	1	1	1
9639	10	20	10	10	10
9640	10	21	1	1	1
9641	10	22	2	2	2
9642	10	23	1	1	1
9643	10	24	2	2	2
9644	10	25	5	5	5
9645	10	26	2	2	2
9646	10	27	1	1	1
9647	10	28	2	2	2
9648	10	29	1	1	1
9649	10	30	10	10	10
9650	10	31	1	1	1
9651	10	32	2	2	2
9652	10	33	1	1	1
9653	10	34	2	2	2
9654	10	35	5	5	5
9655	10	36	2	2	2
9656	10	37	1	1	1
9657	10	38	2	2	2
9658	10	39	1	1	1
9659	10	40	10	10	10
9660	10	41	1	1	1
9661	10	42	2	2	2
9662	10	43	1	1	1
9663	10	44	2	2	2
9664	10	45	5	5	5
9665	10	46	2	2	2
9666	10	47	1	1	1
9667	10	48	2	2	2
9668	10	49	1	1	1
9669	10	50	10	10	10
9670	10	51	1	1	1
9671	10	52	2	2	2
9672	10	53	1	1	1
9673	10	54	2	2	2
9674	10	55	5	5	5
9675	10	56	2	2	2
9676	10	57	1	1	1
9677	10	58	2	2	2
9678	10	59	1	1	1
9679	10	60	10	10	10
9680	10	61	1	1	1
9681	10	62	2	2	2
9682	10	63	1	1	1
9683	10	64	2	2	2
9684	11	-64	-1	1	1
9685	11	-63	-1	1	1
9686	11	-62	-1	1	1
9687	11	-61	-1	1	1
9688	11	-60	-1	1	1
9689	11	-59	-1	1	1
9690	11	-58	-1	1	1
9691	11	-57	-1	1	1
9692	11	-56	-1	1	1
9693	11	-55	-11	11	11
9694	11	-54	-1	1	1
9695	11	-53	-1	1	1
9696	11	-52	-1	1	1
9697	11	-51	-1	1	1
9698	11	-50	-1	1	1
9699	11	-49	-1	1	1
9700	11	-48	-1	1	1
9701	11	-47	-1	1	1
9702	11	-46	-1	1	1
9703	11	-45	-1	1	1
9704	11	-44	-11	11	11
9705	11	-43	-1	1	1
9706	11	-42	-1	1	1
9707	11	-41	-1	1	1
9708	11	-40	-1	1	1
9709	11	-39	-1	1	1
9710	11	-38	-1	1	1
9711	11	-37	-1	1	1
9712	11	-36	-1	1	1
9713	11	-35	-1	1	1
9714	11	-34	-1	1	1
9715	11	-33	-11	11	11
9716	11	-32	-1	1	1
9717	11	-31	-1	1	1
9718	11	-30	-1	1	1
9719	11	-29	-1	1	1
9720	11	-28	-1	1	1
9721	11	-27	-1	1	1
9722	11	-26	-1	1	1
9723	11	-25	-1	1	1
9724	11	-24	-1	1	1
9725	11	-23	-1	1	1
9726	11	-22	-11	11	11
9727	11	-21	-1	1	1
9728	11	-20	-1	1	1
9729	11	-19	-1	1	1
9730	11	-18	-1	1	1
9731	11	-17	-1	1	1
9732	11	-16	-1	1	1
9733	11	-15	-1	1	1
9734	11	-14	-1	1	1
9735	11	-13	-1	1	1
9736	11	-12	-1	1	1
9737	11	-11	-11	11	11
9738	11	-10	-1	1	1
9739	11	-9	-1	1	1
9740	11	-8	-1	1	1
9741	11	-7	-1	1	1
9742	11	-6	-1	1	1
9743	11	-5	-1	1	1
9744	11	-4	-1	1	1
9745	11	-3	-1	1	1
9746	11	-2	-1	1	1
9747	11	-1	-1	1	1
9748	11	0	11	11	11
9749	11	1	1	1	1
9750	11	2	1	1	1
9751	11	3	1	1	1
9752	11	4	1	1	1
9753	11	5	1	1	1
9754	11	6	1	1	1
9755	11	7	1	1	1
9756	11	8	1	1	1
9757	11	9	1	1	1
9758	11	10	1	1	1
9759	11	11	11	11	11
9760	11	12	1	1	1
9761	11	13	1	1	1
9762	11	14	1	1	1
9763	11	15	1	1	1
9764	11	16	1	1	1
9765	11	17	1	1	1
9766	11	18	1	1	1
9767	11	19	1	1	1
9768	11	20	1	1	1
9769	11	21	1	1	1
9770	11	22	11	11	11
9771	11	23	1	1	1
9772	11	24	1	1	1
9773	11	25	1	1	1
9774	11	26	1	1	1
9775	11	27	1	1	1
9776	11	28	1	1	1
9777	11	29	1	1	1
9778	11	30	1	1	1
9779	11	31	1	1	1
9780	11	32	1	1	1
9781	11	33	11	11	11
9782	11	34	1	1	1
9783	11	35	1	1	1
9784	11	36	1	1	1
9785	11	37	1	1	1
9786	11	38	1	1	1
9787	11	39	1	1	1
9788	11	40	1	1	1
9789	11	41	1	1	1
9790	11	42	1	1	1
9791	11	43	1	1	1
9792	11	44	11	11	11
9793	11	45	1	1	1
9794	11	46	1	1	1
9795	11	47	1	1	1
9796	11	48	1	1	1
9797	11	49	1	1	1
9798	11	50	1	1	1
9799	11	51	1	1	1
9800	11	52	1	1	1
9801	11	53	1	1	1
9802	11	54	1	1	1
9803	11	55	11	11	11
9804	11	56	1	1	1
9805	11	57	1	1	1
9806	11	58	1	1	1
9807	11	59	1	1	1
9808	11	60	1	1	1
9809	11	61	1	1	1
9810	11	62	1	1	1
9811	11	63	1	1	1
9812	11	64	1	1	1
9813	12	-64	-4	4	4
9814	12	-63	-3	3	3
9815	12	-62	-2	2	2
9816	12	-61	-1	1	1
9817	12	-60	-12	12	12
9818	12	-59	-1	1	1
9819	12	-58	-2	2	2
9820	12	-57	-3	3	3
9821	12	-56	-4	4	4
9822	12	-55	-1	1	1
9823	12	-54	-6	6	6
9824	12	-53	-1	1	1
9825	12	-52	-4	4	4
9826	12	-51	-3	3	3
9827	12	-50	-2	2	2
9828	12	-49	-1	1	1
9829	12	-48	-12	12	12
9830	12	-47	-1	1	1
9831	12	-46	-2	2	2
9832	12	-45	-3	3	3
9833	12	-44	-4	4	4
9834	12	-43	-1	1	1
9835	12	-42	-6	6	6
9836	12	-41	-1	1	1
9837	12	-40	-4	4	4
9838	12	-39	-3	3	3
9839	12	-38	-2	2	2
9840	12	-37	-1	1	1
9841	12	-36	-12	12	12
9842	12	-35	-1	1	1
9843	12	-34	-2	2	2
9844	12	-33	-3	3	3
9845	12	-32	-4	4	4
9846	12	-31	-1	1	1
9847	12	-30	-6	6	6
9848	12	-29	-1	1	1
9849	12	-28	-4	4	4
9850	12	-27	-3	3	3
9851	12	-26	-2	2	2
9852	12	-25	-1	1	1
9853	12	-24	-12	12	12
9854	12	-23	-1	1	1
9855	12	-22	-2	2	2
9856	12	-21	-3	3	3
9857	12	-20	-4	4	4
9858	12	-19	-1	1	1
9859	12	-18	-6	6	6
9860	12	-17	-1	1	1
9861	12	-16	-4	4	4
9862	12	-15	-3	3	3
9863	12	-14	-2	2	2
9864	12	-13	-1	1	1
9865	12	-12	-12	12	12
9866	12	-11	-1	1	1
9867	12	-10	-2	2	2
9868	12	-9	-3	3	3
9869	12	-8	-4	4	4
9870	12	-7	-1	1	1
9871	12	-6	-6	6	6
9872	12	-5	-1	1	1
9873	12	-4	-4	4	4
9874	12	-3	-3	3	3
9875	12	-2	-2	2	2
9876	12	-1	-1	1	1
9877	12	0	12	12	12
9878	12	1	1	1	1
9879	12	2	2	2	2
9880	12	3	3	3	3
9881	12	4	4	4	4
9882	12	5	1	1	1
9883	12	6	6	6	6
9884	12	7	1	1	1
9885	12	8	4	4	4
9886	12	9	3	3	3
9887	12	10	2	2	2
9888	12	11	1	1	1
9889	12	12	12	12	12
9890	12	13	1	1	1
9891	12	14	2	2	2
9892	12	15	3	3	3
9893	12	16	4	4	4
9894	12	17	1	1	1
9895	12	18	6	6	6
9896	12	19	1	1	1
9897	12	20	4	4	4
9898	12	21	3	3	3
9899	12	22	2	2	2
9900	12	23	1	1	1
9901	12	24	12	12	12
9902	12	25	1	1	1
9903	12	26	2	2	2
9904	12	27	3	3	3
9905	12	28	4	4	4
9906	12	29	1	1	1
9907	12	30	6	6	6
9908	12	31	1	1	1
9909	12	32	4	4	4
9910	12	33	3	3	3
9911	12	34	2	2	2
9912	12	35	1	1	1
9913	12	36	12	12	12
9914	12	37	1	1	1
9915	12	38	2	2	2
9916	12	39	3	3	3
9917	12	40	4	4	4
9918	12	41	1	1	1
9919	12	42	6	6	6
9920	12	43	1	1	1
9921	12	44	4	4	4
9922	12	45	3	3	3
9923	12	46	2	2	2
9924	12	47	1	1	1
9925	12	48	12	12	12
9926	12	49	1	1	1
9927	12	50	2	2	2
9928	12	51	3	3	3
9929	12	52	4	4	4
9930	12	53	1	1	1
9931	12	54	6	6	6
9932	12	55	1	1	1
9933	12	56	4	4	4
9934	12	57	3	3	3
9935	12	58	2	2	2
9936	12	59	1	1	1
9937	12	60	12	12	12
9938	12	61	1	1	1
9939	12	62	2	2	2
9940	12	63	3	3	3
9941	12	64	4	4	4
9942	13	-64	-1	1	1
9943	13	-63	-1	1	1
9944	13	-62	-1	1	1
9945	13	-61	-1	1	1
9946	13	-60	-1	1	1
9947	13	-59	-1	1	1
9948	13	-58	-1	1	1
9949	13	-57	-1	1	1
9950	13	-56	-1	1	1
9951	13	-55	-1	1	1
9952	13	-54	-1	1	1
9953	13	-53	-1	1	1
9954	13	-52	-13	13	13
9955	13	-51	-1	1	1
9956	13	-50	-1	1	1
9957	13	-49	-1	1	1
9958	13	-48	-1	1	1
9959	13	-47	-1	1	1
9960	13	-46	-1	1	1
9961	13	-45	-1	1	1
9962	13	-44	-1	1	1
9963	13	-43	-1	1	1
9964	13	-42	-1	1	1
9965	13	-41	-1	1	1
9966	13	-40	-1	1	1
9967	13	-39	-13	13	13
9968	13	-38	-1	1	1
9969	13	-37	-1	1	1
9970	13	-36	-1	1	1
9971	13	-35	-1	1	1
9972	13	-34	-1	1	1
9973	13	-33	-1	1	1
9974	13	-32	-1	1	1
9975	13	-31	-1	1	1
9976	13	-30	-1	1	1
9977	13	-29	-1	1	1
9978	13	-28	-1	1	1
9979	13	-27	-1	1	1
9980	13	-26	-13	13	13
9981	13	-25	-1	1	1
9982	13	-24	-1	1	1
9983	13	-23	-1	1	1
9984	13	-22	-1	1	1
9985	13	-21	-1	1	1
9986	13	-20	-1	1	1
9987	13	-19	-1	1	1
9988	13	-18	-1	1	1
9989	13	-17	-1	1	1
9990	13	-16	-1	1	1
9991	13	-15	-1	1	1
9992	13	-14	-1	1	1
9993	13	-13	-13	13	13
9994	13	-12	-1	1	1
9995	13	-11	-1	1	1
9996	13	-10	-1	1	1
9997	13	-9	-1	1	1
9998	13	-8	-1	1	1
9999	13	-7	-1	1	1
10000	13	-6	-1	1	1
10001	13	-5	-1	1	1
10002	13	-4	-1	1	1
10003	13	-3	-1	1	1
10004	13	-2	-1	1	1
10005	13	-1	-1	1	1
10006	13	0	13	13	13
10007	13	1	1	1	1
10008	13	2	1	1	1
10009	13	3	1	1	1
10010	13	4	1	1	1
10011	13	5	1	1	1
10012	13	6	1	1	1
10013	13	7	1	1	1
10014	13	8	1	1	1
10015	13	9	1	1	1
10016	13	10	1	1	1
10017	13	11	1	1	1
10018	13	12	1	1	1
10019	13	13	13	13	13
10020	13	14	1	1	1
10021	13	15	1	1	1
10022	13	16	1	1	1
10023	13	17	1	1	1
10024	13	18	1	1	1
10025	13	19	1	1	1
10026	13	20	1	1	1
10027	13	21	1	1	1
10028	13	22	1	1	1
10029	13	23	1	1	1
10030	13	24	1	1	1
10031	13	25	1	1	1
10032	13	26	13	13	13
10033	13	27	1	1	1
10034	13	28	1	1	1
10035	13	29	1	1	1
10036	13	30	1	1	1
10037	13	31	1	1	1
10038	13	32	1	1	1
10039	13	33	1	1	1
10040	13	34	1	1	1
10041	13	35	1	1	1
10042	13	36	1	1	1
10043	13	37	1	1	1
10044	13	38	1	1	1
10045	13	39	13	13	13
10046	13	40	1	1	1
10047	13	41	1	1	1
10048	13	42	1	1	1
10049	13	43	1	1	1
10050	13	44	1	1	1
10051	13	45	1	1	1
10052	13	46	1	1	1
10053	13	47	1	1	1
10054	13	48	1	1	1
10055	13	49	1	1	1
10056	13	50	1	1	1
10057	13	51	1	1	1
10058	13	52	13	13	13
10059	13	53	1	1	1
10060	13	54	1	1	1
10061	13	55	1	1	1
10062	13	56	1	1	1
10063	13	57	1	1	1
10064	13	58	1	1	1
10065	13	59	1	1	1
10066	13	60	1	1	1
10067	13	61	1	1	1
10068	13	62	1	1	1
10069	13	63	1	1	1
10070	13	64	1	1	1
10071	14	-64	-2	2	2
10072	14	-63	-7	7	7
10073	14	-62	-2	2	2
10074	14	-61	-1	1	1
10075	14	-60	-2	2	2
10076	14	-59	-1	1	1
10077	14	-58	-2	2	2
10078	14	-57	-1	1	1
10079	14	-56	-14	14	14
10080	14	-55	-1	1	1
10081	14	-54	-2	2	2
10082	14	-53	-1	1	1
10083	14	-52	-2	2	2
10084	14	-51	-1	1	1
10085	14	-50	-2	2	2
10086	14	-49	-7	7	7
10087	14	-48	-2	2	2
10088	14	-47	-1	1	1
10089	14	-46	-2	2	2
10090	14	-45	-1	1	1
10091	14	-44	-2	2	2
10092	14	-43	-1	1	1
10093	14	-42	-14	14	14
10094	14	-41	-1	1	1
10095	14	-40	-2	2	2
10096	14	-39	-1	1	1
10097	14	-38	-2	2	2
10098	14	-37	-1	1	1
10099	14	-36	-2	2	2
10100	14	-35	-7	7	7
10101	14	-34	-2	2	2
10102	14	-33	-1	1	1
10103	14	-32	-2	2	2
10104	14	-31	-1	1	1
10105	14	-30	-2	2	2
10106	14	-29	-1	1	1
10107	14	-28	-14	14	14
10108	14	-27	-1	1	1
10109	14	-26	-2	2	2
10110	14	-25	-1	1	1
10111	14	-24	-2	2	2
10112	14	-23	-1	1	1
10113	14	-22	-2	2	2
10114	14	-21	-7	7	7
10115	14	-20	-2	2	2
10116	14	-19	-1	1	1
10117	14	-18	-2	2	2
10118	14	-17	-1	1	1
10119	14	-16	-2	2	2
10120	14	-15	-1	1	1
10121	14	-14	-14	14	14
10122	14	-13	-1	1	1
10123	14	-12	-2	2	2
10124	14	-11	-1	1	1
10125	14	-10	-2	2	2
10126	14	-9	-1	1	1
10127	14	-8	-2	2	2
10128	14	-7	-7	7	7
10129	14	-6	-2	2	2
10130	14	-5	-1	1	1
10131	14	-4	-2	2	2
10132	14	-3	-1	1	1
10133	14	-2	-2	2	2
10134	14	-1	-1	1	1
10135	14	0	14	14	14
10136	14	1	1	1	1
10137	14	2	2	2	2
10138	14	3	1	1	1
10139	14	4	2	2	2
10140	14	5	1	1	1
10141	14	6	2	2	2
10142	14	7	7	7	7
10143	14	8	2	2	2
10144	14	9	1	1	1
10145	14	10	2	2	2
10146	14	11	1	1	1
10147	14	12	2	2	2
10148	14	13	1	1	1
10149	14	14	14	14	14
10150	14	15	1	1	1
10151	14	16	2	2	2
10152	14	17	1	1	1
10153	14	18	2	2	2
10154	14	19	1	1	1
10155	14	20	2	2	2
10156	14	21	7	7	7
10157	14	22	2	2	2
10158	14	23	1	1	1
10159	14	24	2	2	2
10160	14	25	1	1	1
10161	14	26	2	2	2
10162	14	27	1	1	1
10163	14	28	14	14	14
10164	14	29	1	1	1
10165	14	30	2	2	2
10166	14	31	1	1	1
10167	14	32	2	2	2
10168	14	33	1	1	1
10169	14	34	2	2	2
10170	14	35	7	7	7
10171	14	36	2	2	2
10172	14	37	1	1	1
10173	14	38	2	2	2
10174	14	39	1	1	1
10175	14	40	2	2	2
10176	14	41	1	1	1
10177	14	42	14	14	14
10178	14	43	1	1	1
10179	14	44	2	2	2
10180	14	45	1	1	1
10181	14	46	2	2	2
10182	14	47	1	1	1
10183	14	48	2	2	2
10184	14	49	7	7	7
10185	14	50	2	2	2
10186	14	51	1	1	1
10187	14	52	2	2	2
10188	14	53	1	1	1
10189	14	54	2	2	2
10190	14	55	1	1	1
10191	14	56	14	14	14
10192	14	57	1	1	1
10193	14	58	2	2	2
10194	14	59	1	1	1
10195	14	60	2	2	2
10196	14	61	1	1	1
10197	14	62	2	2	2
10198	14	63	7	7	7
10199	14	64	2	2	2
10200	15	-64	-1	1	1
10201	15	-63	-3	3	3
10202	15	-62	-1	1	1
10203	15	-61	-1	1	1
10204	15	-60	-15	15	15
10205	15	-59	-1	1	1
10206	15	-58	-1	1	1
10207	15	-57	-3	3	3
10208	15	-56	-1	1	1
10209	15	-55	-5	5	5
10210	15	-54	-3	3	3
10211	15	-53	-1	1	1
10212	15	-52	-1	1	1
10213	15	-51	-3	3	3
10214	15	-50	-5	5	5
10215	15	-49	-1	1	1
10216	15	-48	-3	3	3
10217	15	-47	-1	1	1
10218	15	-46	-1	1	1
10219	15	-45	-15	15	15
10220	15	-44	-1	1	1
10221	15	-43	-1	1	1
10222	15	-42	-3	3	3
10223	15	-41	-1	1	1
10224	15	-40	-5	5	5
10225	15	-39	-3	3	3
10226	15	-38	-1	1	1
10227	15	-37	-1	1	1
10228	15	-36	-3	3	3
10229	15	-35	-5	5	5
10230	15	-34	-1	1	1
10231	15	-33	-3	3	3
10232	15	-32	-1	1	1
10233	15	-31	-1	1	1
10234	15	-30	-15	15	15
10235	15	-29	-1	1	1
10236	15	-28	-1	1	1
10237	15	-27	-3	3	3
10238	15	-26	-1	1	1
10239	15	-25	-5	5	5
10240	15	-24	-3	3	3
10241	15	-23	-1	1	1
10242	15	-22	-1	1	1
10243	15	-21	-3	3	3
10244	15	-20	-5	5	5
10245	15	-19	-1	1	1
10246	15	-18	-3	3	3
10247	15	-17	-1	1	1
10248	15	-16	-1	1	1
10249	15	-15	-15	15	15
10250	15	-14	-1	1	1
10251	15	-13	-1	1	1
10252	15	-12	-3	3	3
10253	15	-11	-1	1	1
10254	15	-10	-5	5	5
10255	15	-9	-3	3	3
10256	15	-8	-1	1	1
10257	15	-7	-1	1	1
10258	15	-6	-3	3	3
10259	15	-5	-5	5	5
10260	15	-4	-1	1	1
10261	15	-3	-3	3	3
10262	15	-2	-1	1	1
10263	15	-1	-1	1	1
10264	15	0	15	15	15
10265	15	1	1	1	1
10266	15	2	1	1	1
10267	15	3	3	3	3
10268	15	4	1	1	1
10269	15	5	5	5	5
10270	15	6	3	3	3
10271	15	7	1	1	1
10272	15	8	1	1	1
10273	15	9	3	3	3
10274	15	10	5	5	5
10275	15	11	1	1	1
10276	15	12	3	3	3
10277	15	13	1	1	1
10278	15	14	1	1	1
10279	15	15	15	15	15
10280	15	16	1	1	1
10281	15	17	1	1	1
10282	15	18	3	3	3
10283	15	19	1	1	1
10284	15	20	5	5	5
10285	15	21	3	3	3
10286	15	22	1	1	1
10287	15	23	1	1	1
10288	15	24	3	3	3
10289	15	25	5	5	5
10290	15	26	1	1	1
10291	15	27	3	3	3
10292	15	28	1	1	1
10293	15	29	1	1	1
10294	15	30	15	15	15
10295	15	31	1	1	1
10296	15	32	1	1	1
10297	15	33	3	3	3
10298	15	34	1	1	1
10299	15	35	5	5	5
10300	15	36	3	3	3
10301	15	37	1	1	1
10302	15	38	1	1	1
10303	15	39	3	3	3
10304	15	40	5	5	5
10305	15	41	1	1	1
10306	15	42	3	3	3
10307	15	43	1	1	1
10308	15	44	1	1	1
10309	15	45	15	15	15
10310	15	46	1	1	1
10311	15	47	1	1	1
10312	15	48	3	3	3
10313	15	49	1	1	1
10314	15	50	5	5	5
10315	15	51	3	3	3
10316	15	52	1	1	1
10317	15	53	1	1	1
10318	15	54	3	3	3
10319	15	55	5	5	5
10320	15	56	1	1	1
10321	15	57	3	3	3
10322	15	58	1	1	1
10323	15	59	1	1	1
10324	15	60	15	15	15
10325	15	61	1	1	1
10326	15	62	1	1	1
10327	15	63	3	3	3
10328	15	64	1	1	1
10329	16	-64	-16	16	16
10330	16	-63	-1	1	1
10331	16	-62	-2	2	2
10332	16	-61	-1	1	1
10333	16	-60	-4	4	4
10334	16	-59	-1	1	1
10335	16	-58	-2	2	2
10336	16	-57	-1	1	1
10337	16	-56	-8	8	8
10338	16	-55	-1	1	1
10339	16	-54	-2	2	2
10340	16	-53	-1	1	1
10341	16	-52	-4	4	4
10342	16	-51	-1	1	1
10343	16	-50	-2	2	2
10344	16	-49	-1	1	1
10345	16	-48	-16	16	16
10346	16	-47	-1	1	1
10347	16	-46	-2	2	2
10348	16	-45	-1	1	1
10349	16	-44	-4	4	4
10350	16	-43	-1	1	1
10351	16	-42	-2	2	2
10352	16	-41	-1	1	1
10353	16	-40	-8	8	8
10354	16	-39	-1	1	1
10355	16	-38	-2	2	2
10356	16	-37	-1	1	1
10357	16	-36	-4	4	4
10358	16	-35	-1	1	1
10359	16	-34	-2	2	2
10360	16	-33	-1	1	1
10361	16	-32	-16	16	16
10362	16	-31	-1	1	1
10363	16	-30	-2	2	2
10364	16	-29	-1	1	1
10365	16	-28	-4	4	4
10366	16	-27	-1	1	1
10367	16	-26	-2	2	2
10368	16	-25	-1	1	1
10369	16	-24	-8	8	8
10370	16	-23	-1	1	1
10371	16	-22	-2	2	2
10372	16	-21	-1	1	1
10373	16	-20	-4	4	4
10374	16	-19	-1	1	1
10375	16	-18	-2	2	2
10376	16	-17	-1	1	1
10377	16	-16	-16	16	16
10378	16	-15	-1	1	1
10379	16	-14	-2	2	2
10380	16	-13	-1	1	1
10381	16	-12	-4	4	4
10382	16	-11	-1	1	1
10383	16	-10	-2	2	2
10384	16	-9	-1	1	1
10385	16	-8	-8	8	8
10386	16	-7	-1	1	1
10387	16	-6	-2	2	2
10388	16	-5	-1	1	1
10389	16	-4	-4	4	4
10390	16	-3	-1	1	1
10391	16	-2	-2	2	2
10392	16	-1	-1	1	1
10393	16	0	16	16	16
10394	16	1	1	1	1
10395	16	2	2	2	2
10396	16	3	1	1	1
10397	16	4	4	4	4
10398	16	5	1	1	1
10399	16	6	2	2	2
10400	16	7	1	1	1
10401	16	8	8	8	8
10402	16	9	1	1	1
10403	16	10	2	2	2
10404	16	11	1	1	1
10405	16	12	4	4	4
10406	16	13	1	1	1
10407	16	14	2	2	2
10408	16	15	1	1	1
10409	16	16	16	16	16
10410	16	17	1	1	1
10411	16	18	2	2	2
10412	16	19	1	1	1
10413	16	20	4	4	4
10414	16	21	1	1	1
10415	16	22	2	2	2
10416	16	23	1	1	1
10417	16	24	8	8	8
10418	16	25	1	1	1
10419	16	26	2	2	2
10420	16	27	1	1	1
10421	16	28	4	4	4
10422	16	29	1	1	1
10423	16	30	2	2	2
10424	16	31	1	1	1
10425	16	32	16	16	16
10426	16	33	1	1	1
10427	16	34	2	2	2
10428	16	35	1	1	1
10429	16	36	4	4	4
10430	16	37	1	1	1
10431	16	38	2	2	2
10432	16	39	1	1	1
10433	16	40	8	8	8
10434	16	41	1	1	1
10435	16	42	2	2	2
10436	16	43	1	1	1
10437	16	44	4	4	4
10438	16	45	1	1	1
10439	16	46	2	2	2
10440	16	47	1	1	1
10441	16	48	16	16	16
10442	16	49	1	1	1
10443	16	50	2	2	2
10444	16	51	1	1	1
10445	16	52	4	4	4
10446	16	53	1	1	1
10447	16	54	2	2	2
10448	16	55	1	1	1
10449	16	56	8	8	8
10450	16	57	1	1	1
10451	16	58	2	2	2
10452	16	59	1	1	1
10453	16	60	4	4	4
10454	16	61	1	1	1
10455	16	62	2	2	2
10456	16	63	1	1	1
10457	16	64	16	16	16
10458	17	-64	-1	1	1
10459	17	-63	-1	1	1
10460	17	-62	-1	1	1
10461	17	-61	-1	1	1
10462	17	-60	-1	1	1
10463	17	-59	-1	1	1
10464	17	-58	-1	1	1
10465	17	-57	-1	1	1
10466	17	-56	-1	1	1
10467	17	-55	-1	1	1
10468	17	-54	-1	1	1
10469	17	-53	-1	1	1
10470	17	-52	-1	1	1
10471	17	-51	-17	17	17
10472	17	-50	-1	1	1
10473	17	-49	-1	1	1
10474	17	-48	-1	1	1
10475	17	-47	-1	1	1
10476	17	-46	-1	1	1
10477	17	-45	-1	1	1
10478	17	-44	-1	1	1
10479	17	-43	-1	1	1
10480	17	-42	-1	1	1
10481	17	-41	-1	1	1
10482	17	-40	-1	1	1
10483	17	-39	-1	1	1
10484	17	-38	-1	1	1
10485	17	-37	-1	1	1
10486	17	-36	-1	1	1
10487	17	-35	-1	1	1
10488	17	-34	-17	17	17
10489	17	-33	-1	1	1
10490	17	-32	-1	1	1
10491	17	-31	-1	1	1
10492	17	-30	-1	1	1
10493	17	-29	-1	1	1
10494	17	-28	-1	1	1
10495	17	-27	-1	1	1
10496	17	-26	-1	1	1
10497	17	-25	-1	1	1
10498	17	-24	-1	1	1
10499	17	-23	-1	1	1
10500	17	-22	-1	1	1
10501	17	-21	-1	1	1
10502	17	-20	-1	1	1
10503	17	-19	-1	1	1
10504	17	-18	-1	1	1
10505	17	-17	-17	17	17
10506	17	-16	-1	1	1
10507	17	-15	-1	1	1
10508	17	-14	-1	1	1
10509	17	-13	-1	1	1
10510	17	-12	-1	1	1
10511	17	-11	-1	1	1
10512	17	-10	-1	1	1
10513	17	-9	-1	1	1
10514	17	-8	-1	1	1
10515	17	-7	-1	1	1
10516	17	-6	-1	1	1
10517	17	-5	-1	1	1
10518	17	-4	-1	1	1
10519	17	-3	-1	1	1
10520	17	-2	-1	1	1
10521	17	-1	-1	1	1
10522	17	0	17	17	17
10523	17	1	1	1	1
10524	17	2	1	1	1
10525	17	3	1	1	1
10526	17	4	1	1	1
10527	17	5	1	1	1
10528	17	6	1	1	1
10529	17	7	1	1	1
10530	17	8	1	1	1
10531	17	9	1	1	1
10532	17	10	1	1	1
10533	17	11	1	1	1
10534	17	12	1	1	1
10535	17	13	1	1	1
10536	17	14	1	1	1
10537	17	15	1	1	1
10538	17	16	1	1	1
10539	17	17	17	17	17
10540	17	18	1	1	1
10541	17	19	1	1	1
10542	17	20	1	1	1
10543	17	21	1	1	1
10544	17	22	1	1	1
10545	17	23	1	1	1
10546	17	24	1	1	1
10547	17	25	1	1	1
10548	17	26	1	1	1
10549	17	27	1	1	1
10550	17	28	1	1	1
10551	17	29	1	1	1
10552	17	30	1	1	1
10553	17	31	1	1	1
10554	17	32	1	1	1
10555	17	33	1	1	1
10556	17	34	17	17	17
10557	17	35	1	1	1
10558	17	36	1	1	1
10559	17	37	1	1	1
10560	17	38	1	1	1
10561	17	39	1	1	1
10562	17	40	1	1	1
10563	17	41	1	1	1
10564	17	42	1	1	1
10565	17	43	1	1	1
10566	17	44	1	1	1
10567	17	45	1	1	1
10568	17	46	1	1	1
10569	17	47	1	1	1
10570	17	48	1	1	1
10571	17	49	1	1	1
10572	17	50	1	1	1
10573	17	51	17	17	17
10574	17	52	1	1	1
10575	17	53	1	1	1
10576	17	54	1	1	1
10577	17	55	1	1	1
10578	17	56	1	1	1
10579	17	57	1	1	1
10580	17	58	1	1	1
10581	17	59	1	1	1
10582	17	60	1	1	1
10583	17	61	1	1	1
10584	17	62	1	1	1
10585	17	63	1	1	1
10586	17	64	1	1	1
10587	18	-64	-2	2	2
10588	18	-63	-9	9	9
10589	18	-62	-2	2	2
10590	18	-61	-1	1	1
10591	18	-60	-6	6	6
10592	18	-59	-1	1	1
10593	18	-58	-2	2	2
10594	18	-57	-3	3	3
10595	18	-56	-2	2	2
10596	18	-55	-1	1	1
10597	18	-54	-18	18	18
10598	18	-53	-1	1	1
10599	18	-52	-2	2	2
10600	18	-51	-3	3	3
10601	18	-50	-2	2	2
10602	18	-49	-1	1	1
10603	18	-48	-6	6	6
10604	18	-47	-1	1	1
10605	18	-46	-2	2	2
10606	18	-45	-9	9	9
10607	18	-44	-2	2	2
10608	18	-43	-1	1	1
10609	18	-42	-6	6	6
10610	18	-41	-1	1	1
10611	18	-40	-2	2	2
10612	18	-39	-3	3	3
10613	18	-38	-2	2	2
10614	18	-37	-1	1	1
10615	18	-36	-18	18	18
10616	18	-35	-1	1	1
10617	18	-34	-2	2	2
10618	18	-33	-3	3	3
10619	18	-32	-2	2	2
10620	18	-31	-1	1	1
10621	18	-30	-6	6	6
10622	18	-29	-1	1	1
10623	18	-28	-2	2	2
10624	18	-27	-9	9	9
10625	18	-26	-2	2	2
10626	18	-25	-1	1	1
10627	18	-24	-6	6	6
10628	18	-23	-1	1	1
10629	18	-22	-2	2	2
10630	18	-21	-3	3	3
10631	18	-20	-2	2	2
10632	18	-19	-1	1	1
10633	18	-18	-18	18	18
10634	18	-17	-1	1	1
10635	18	-16	-2	2	2
10636	18	-15	-3	3	3
10637	18	-14	-2	2	2
10638	18	-13	-1	1	1
10639	18	-12	-6	6	6
10640	18	-11	-1	1	1
10641	18	-10	-2	2	2
10642	18	-9	-9	9	9
10643	18	-8	-2	2	2
10644	18	-7	-1	1	1
10645	18	-6	-6	6	6
10646	18	-5	-1	1	1
10647	18	-4	-2	2	2
10648	18	-3	-3	3	3
10649	18	-2	-2	2	2
10650	18	-1	-1	1	1
10651	18	0	18	18	18
10652	18	1	1	1	1
10653	18	2	2	2	2
10654	18	3	3	3	3
10655	18	4	2	2	2
10656	18	5	1	1	1
10657	18	6	6	6	6
10658	18	7	1	1	1
10659	18	8	2	2	2
10660	18	9	9	9	9
10661	18	10	2	2	2
10662	18	11	1	1	1
10663	18	12	6	6	6
10664	18	13	1	1	1
10665	18	14	2	2	2
10666	18	15	3	3	3
10667	18	16	2	2	2
10668	18	17	1	1	1
10669	18	18	18	18	18
10670	18	19	1	1	1
10671	18	20	2	2	2
10672	18	21	3	3	3
10673	18	22	2	2	2
10674	18	23	1	1	1
10675	18	24	6	6	6
10676	18	25	1	1	1
10677	18	26	2	2	2
10678	18	27	9	9	9
10679	18	28	2	2	2
10680	18	29	1	1	1
10681	18	30	6	6	6
10682	18	31	1	1	1
10683	18	32	2	2	2
10684	18	33	3	3	3
10685	18	34	2	2	2
10686	18	35	1	1	1
10687	18	36	18	18	18
10688	18	37	1	1	1
10689	18	38	2	2	2
10690	18	39	3	3	3
10691	18	40	2	2	2
10692	18	41	1	1	1
10693	18	42	6	6	6
10694	18	43	1	1	1
10695	18	44	2	2	2
10696	18	45	9	9	9
10697	18	46	2	2	2
10698	18	47	1	1	1
10699	18	48	6	6	6
10700	18	49	1	1	1
10701	18	50	2	2	2
10702	18	51	3	3	3
10703	18	52	2	2	2
10704	18	53	1	1	1
10705	18	54	18	18	18
10706	18	55	1	1	1
10707	18	56	2	2	2
10708	18	57	3	3	3
10709	18	58	2	2	2
10710	18	59	1	1	1
10711	18	60	6	6	6
10712	18	61	1	1	1
10713	18	62	2	2	2
10714	18	63	9	9	9
10715	18	64	2	2	2
10716	19	-64	-1	1	1
10717	19	-63	-1	1	1
10718	19	-62	-1	1	1
10719	19	-61	-1	1	1
10720	19	-60	-1	1	1
10721	19	-59	-1	1	1
10722	19	-58	-1	1	1
10723	19	-57	-19	19	19
10724	19	-56	-1	1	1
10725	19	-55	-1	1	1
10726	19	-54	-1	1	1
10727	19	-53	-1	1	1
10728	19	-52	-1	1	1
10729	19	-51	-1	1	1
10730	19	-50	-1	1	1
10731	19	-49	-1	1	1
10732	19	-48	-1	1	1
10733	19	-47	-1	1	1
10734	19	-46	-1	1	1
10735	19	-45	-1	1	1
10736	19	-44	-1	1	1
10737	19	-43	-1	1	1
10738	19	-42	-1	1	1
10739	19	-41	-1	1	1
10740	19	-40	-1	1	1
10741	19	-39	-1	1	1
10742	19	-38	-19	19	19
10743	19	-37	-1	1	1
10744	19	-36	-1	1	1
10745	19	-35	-1	1	1
10746	19	-34	-1	1	1
10747	19	-33	-1	1	1
10748	19	-32	-1	1	1
10749	19	-31	-1	1	1
10750	19	-30	-1	1	1
10751	19	-29	-1	1	1
10752	19	-28	-1	1	1
10753	19	-27	-1	1	1
10754	19	-26	-1	1	1
10755	19	-25	-1	1	1
10756	19	-24	-1	1	1
10757	19	-23	-1	1	1
10758	19	-22	-1	1	1
10759	19	-21	-1	1	1
10760	19	-20	-1	1	1
10761	19	-19	-19	19	19
10762	19	-18	-1	1	1
10763	19	-17	-1	1	1
10764	19	-16	-1	1	1
10765	19	-15	-1	1	1
10766	19	-14	-1	1	1
10767	19	-13	-1	1	1
10768	19	-12	-1	1	1
10769	19	-11	-1	1	1
10770	19	-10	-1	1	1
10771	19	-9	-1	1	1
10772	19	-8	-1	1	1
10773	19	-7	-1	1	1
10774	19	-6	-1	1	1
10775	19	-5	-1	1	1
10776	19	-4	-1	1	1
10777	19	-3	-1	1	1
10778	19	-2	-1	1	1
10779	19	-1	-1	1	1
10780	19	0	19	19	19
10781	19	1	1	1	1
10782	19	2	1	1	1
10783	19	3	1	1	1
10784	19	4	1	1	1
10785	19	5	1	1	1
10786	19	6	1	1	1
10787	19	7	1	1	1
10788	19	8	1	1	1
10789	19	9	1	1	1
10790	19	10	1	1	1
10791	19	11	1	1	1
10792	19	12	1	1	1
10793	19	13	1	1	1
10794	19	14	1	1	1
10795	19	15	1	1	1
10796	19	16	1	1	1
10797	19	17	1	1	1
10798	19	18	1	1	1
10799	19	19	19	19	19
10800	19	20	1	1	1
10801	19	21	1	1	1
10802	19	22	1	1	1
10803	19	23	1	1	1
10804	19	24	1	1	1
10805	19	25	1	1	1
10806	19	26	1	1	1
10807	19	27	1	1	1
10808	19	28	1	1	1
10809	19	29	1	1	1
10810	19	30	1	1	1
10811	19	31	1	1	1
10812	19	32	1	1	1
10813	19	33	1	1	1
10814	19	34	1	1	1
10815	19	35	1	1	1
10816	19	36	1	1	1
10817	19	37	1	1	1
10818	19	38	19	19	19
10819	19	39	1	1	1
10820	19	40	1	1	1
10821	19	41	1	1	1
10822	19	42	1	1	1
10823	19	43	1	1	1
10824	19	44	1	1	1
10825	19	45	1	1	1
10826	19	46	1	1	1
10827	19	47	1	1	1
10828	19	48	1	1	1
10829	19	49	1	1	1
10830	19	50	1	1	1
10831	19	51	1	1	1
10832	19	52	1	1	1
10833	19	53	1	1	1
10834	19	54	1	1	1
10835	19	55	1	1	1
10836	19	56	1	1	1
10837	19	57	19	19	19
10838	19	58	1	1	1
10839	19	59	1	1	1
10840	19	60	1	1	1
10841	19	61	1	1	1
10842	19	62	1	1	1
10843	19	63	1	1	1
10844	19	64	1	1	1
10845	20	-64	-4	4	4
10846	20	-63	-1	1	1
10847	20	-62	-2	2	2
10848	20	-61	-1	1	1
10849	20	-60	-20	20	20
10850	20	-59	-1	1	1
10851	20	-58	-2	2	2
10852	20	-57	-1	1	1
10853	20	-56	-4	4	4
10854	20	-55	-5	5	5
10855	20	-54	-2	2	2
10856	20	-53	-1	1	1
10857	20	-52	-4	4	4
10858	20	-51	-1	1	1
10859	20	-50	-10	10	10
10860	20	-49	-1	1	1
10861	20	-48	-4	4	4
10862	20	-47	-1	1	1
10863	20	-46	-2	2	2
10864	20	-45	-5	5	5
10865	20	-44	-4	4	4
10866	20	-43	-1	1	1
10867	20	-42	-2	2	2
10868	20	-41	-1	1	1
10869	20	-40	-20	20	20
10870	20	-39	-1	1	1
10871	20	-38	-2	2	2
10872	20	-37	-1	1	1
10873	20	-36	-4	4	4
10874	20	-35	-5	5	5
10875	20	-34	-2	2	2
10876	20	-33	-1	1	1
10877	20	-32	-4	4	4
10878	20	-31	-1	1	1
10879	20	-30	-10	10	10
10880	20	-29	-1	1	1
10881	20	-28	-4	4	4
10882	20	-27	-1	1	1
10883	20	-26	-2	2	2
10884	20	-25	-5	5	5
10885	20	-24	-4	4	4
10886	20	-23	-1	1	1
10887	20	-22	-2	2	2
10888	20	-21	-1	1	1
10889	20	-20	-20	20	20
10890	20	-19	-1	1	1
10891	20	-18	-2	2	2
10892	20	-17	-1	1	1
10893	20	-16	-4	4	4
10894	20	-15	-5	5	5
10895	20	-14	-2	2	2
10896	20	-13	-1	1	1
10897	20	-12	-4	4	4
10898	20	-11	-1	1	1
10899	20	-10	-10	10	10
10900	20	-9	-1	1	1
10901	20	-8	-4	4	4
10902	20	-7	-1	1	1
10903	20	-6	-2	2	2
10904	20	-5	-5	5	5
10905	20	-4	-4	4	4
10906	20	-3	-1	1	1
10907	20	-2	-2	2	2
10908	20	-1	-1	1	1
10909	20	0	20	20	20
10910	20	1	1	1	1
10911	20	2	2	2	2
10912	20	3	1	1	1
10913	20	4	4	4	4
10914	20	5	5	5	5
10915	20	6	2	2	2
10916	20	7	1	1	1
10917	20	8	4	4	4
10918	20	9	1	1	1
10919	20	10	10	10	10
10920	20	11	1	1	1
10921	20	12	4	4	4
10922	20	13	1	1	1
10923	20	14	2	2	2
10924	20	15	5	5	5
10925	20	16	4	4	4
10926	20	17	1	1	1
10927	20	18	2	2	2
10928	20	19	1	1	1
10929	20	20	20	20	20
10930	20	21	1	1	1
10931	20	22	2	2	2
10932	20	23	1	1	1
10933	20	24	4	4	4
10934	20	25	5	5	5
10935	20	26	2	2	2
10936	20	27	1	1	1
10937	20	28	4	4	4
10938	20	29	1	1	1
10939	20	30	10	10	10
10940	20	31	1	1	1
10941	20	32	4	4	4
10942	20	33	1	1	1
10943	20	34	2	2	2
10944	20	35	5	5	5
10945	20	36	4	4	4
10946	20	37	1	1	1
10947	20	38	2	2	2
10948	20	39	1	1	1
10949	20	40	20	20	20
10950	20	41	1	1	1
10951	20	42	2	2	2
10952	20	43	1	1	1
10953	20	44	4	4	4
10954	20	45	5	5	5
10955	20	46	2	2	2
10956	20	47	1	1	1
10957	20	48	4	4	4
10958	20	49	1	1	1
10959	20	50	10	10	10
10960	20	51	1	1	1
10961	20	52	4	4	4
10962	20	53	1	1	1
10963	20	54	2	2	2
10964	20	55	5	5	5
10965	20	56	4	4	4
10966	20	57	1	1	1
10967	20	58	2	2	2
10968	20	59	1	1	1
10969	20	60	20	20	20
10970	20	61	1	1	1
10971	20	62	2	2	2
10972	20	63	1	1	1
10973	20	64	4	4	4
10974	21	-64	-1	1	1
10975	21	-63	-21	21	21
10976	21	-62	-1	1	1
10977	21	-61	-1	1	1
10978	21	-60	-3	3	3
10979	21	-59	-1	1	1
10980	21	-58	-1	1	1
10981	21	-57	-3	3	3
10982	21	-56	-7	7	7
10983	21	-55	-1	1	1
10984	21	-54	-3	3	3
10985	21	-53	-1	1	1
10986	21	-52	-1	1	1
10987	21	-51	-3	3	3
10988	21	-50	-1	1	1
10989	21	-49	-7	7	7
10990	21	-48	-3	3	3
10991	21	-47	-1	1	1
10992	21	-46	-1	1	1
10993	21	-45	-3	3	3
10994	21	-44	-1	1	1
10995	21	-43	-1	1	1
10996	21	-42	-21	21	21
10997	21	-41	-1	1	1
10998	21	-40	-1	1	1
10999	21	-39	-3	3	3
11000	21	-38	-1	1	1
11001	21	-37	-1	1	1
11002	21	-36	-3	3	3
11003	21	-35	-7	7	7
11004	21	-34	-1	1	1
11005	21	-33	-3	3	3
11006	21	-32	-1	1	1
11007	21	-31	-1	1	1
11008	21	-30	-3	3	3
11009	21	-29	-1	1	1
11010	21	-28	-7	7	7
11011	21	-27	-3	3	3
11012	21	-26	-1	1	1
11013	21	-25	-1	1	1
11014	21	-24	-3	3	3
11015	21	-23	-1	1	1
11016	21	-22	-1	1	1
11017	21	-21	-21	21	21
11018	21	-20	-1	1	1
11019	21	-19	-1	1	1
11020	21	-18	-3	3	3
11021	21	-17	-1	1	1
11022	21	-16	-1	1	1
11023	21	-15	-3	3	3
11024	21	-14	-7	7	7
11025	21	-13	-1	1	1
11026	21	-12	-3	3	3
11027	21	-11	-1	1	1
11028	21	-10	-1	1	1
11029	21	-9	-3	3	3
11030	21	-8	-1	1	1
11031	21	-7	-7	7	7
11032	21	-6	-3	3	3
11033	21	-5	-1	1	1
11034	21	-4	-1	1	1
11035	21	-3	-3	3	3
11036	21	-2	-1	1	1
11037	21	-1	-1	1	1
11038	21	0	21	21	21
11039	21	1	1	1	1
11040	21	2	1	1	1
11041	21	3	3	3	3
11042	21	4	1	1	1
11043	21	5	1	1	1
11044	21	6	3	3	3
11045	21	7	7	7	7
11046	21	8	1	1	1
11047	21	9	3	3	3
11048	21	10	1	1	1
11049	21	11	1	1	1
11050	21	12	3	3	3
11051	21	13	1	1	1
11052	21	14	7	7	7
11053	21	15	3	3	3
11054	21	16	1	1	1
11055	21	17	1	1	1
11056	21	18	3	3	3
11057	21	19	1	1	1
11058	21	20	1	1	1
11059	21	21	21	21	21
11060	21	22	1	1	1
11061	21	23	1	1	1
11062	21	24	3	3	3
11063	21	25	1	1	1
11064	21	26	1	1	1
11065	21	27	3	3	3
11066	21	28	7	7	7
11067	21	29	1	1	1
11068	21	30	3	3	3
11069	21	31	1	1	1
11070	21	32	1	1	1
11071	21	33	3	3	3
11072	21	34	1	1	1
11073	21	35	7	7	7
11074	21	36	3	3	3
11075	21	37	1	1	1
11076	21	38	1	1	1
11077	21	39	3	3	3
11078	21	40	1	1	1
11079	21	41	1	1	1
11080	21	42	21	21	21
11081	21	43	1	1	1
11082	21	44	1	1	1
11083	21	45	3	3	3
11084	21	46	1	1	1
11085	21	47	1	1	1
11086	21	48	3	3	3
11087	21	49	7	7	7
11088	21	50	1	1	1
11089	21	51	3	3	3
11090	21	52	1	1	1
11091	21	53	1	1	1
11092	21	54	3	3	3
11093	21	55	1	1	1
11094	21	56	7	7	7
11095	21	57	3	3	3
11096	21	58	1	1	1
11097	21	59	1	1	1
11098	21	60	3	3	3
11099	21	61	1	1	1
11100	21	62	1	1	1
11101	21	63	21	21	21
11102	21	64	1	1	1
11103	22	-64	-2	2	2
11104	22	-63	-1	1	1
11105	22	-62	-2	2	2
11106	22	-61	-1	1	1
11107	22	-60	-2	2	2
11108	22	-59	-1	1	1
11109	22	-58	-2	2	2
11110	22	-57	-1	1	1
11111	22	-56	-2	2	2
11112	22	-55	-11	11	11
11113	22	-54	-2	2	2
11114	22	-53	-1	1	1
11115	22	-52	-2	2	2
11116	22	-51	-1	1	1
11117	22	-50	-2	2	2
11118	22	-49	-1	1	1
11119	22	-48	-2	2	2
11120	22	-47	-1	1	1
11121	22	-46	-2	2	2
11122	22	-45	-1	1	1
11123	22	-44	-22	22	22
11124	22	-43	-1	1	1
11125	22	-42	-2	2	2
11126	22	-41	-1	1	1
11127	22	-40	-2	2	2
11128	22	-39	-1	1	1
11129	22	-38	-2	2	2
11130	22	-37	-1	1	1
11131	22	-36	-2	2	2
11132	22	-35	-1	1	1
11133	22	-34	-2	2	2
11134	22	-33	-11	11	11
11135	22	-32	-2	2	2
11136	22	-31	-1	1	1
11137	22	-30	-2	2	2
11138	22	-29	-1	1	1
11139	22	-28	-2	2	2
11140	22	-27	-1	1	1
11141	22	-26	-2	2	2
11142	22	-25	-1	1	1
11143	22	-24	-2	2	2
11144	22	-23	-1	1	1
11145	22	-22	-22	22	22
11146	22	-21	-1	1	1
11147	22	-20	-2	2	2
11148	22	-19	-1	1	1
11149	22	-18	-2	2	2
11150	22	-17	-1	1	1
11151	22	-16	-2	2	2
11152	22	-15	-1	1	1
11153	22	-14	-2	2	2
11154	22	-13	-1	1	1
11155	22	-12	-2	2	2
11156	22	-11	-11	11	11
11157	22	-10	-2	2	2
11158	22	-9	-1	1	1
11159	22	-8	-2	2	2
11160	22	-7	-1	1	1
11161	22	-6	-2	2	2
11162	22	-5	-1	1	1
11163	22	-4	-2	2	2
11164	22	-3	-1	1	1
11165	22	-2	-2	2	2
11166	22	-1	-1	1	1
11167	22	0	22	22	22
11168	22	1	1	1	1
11169	22	2	2	2	2
11170	22	3	1	1	1
11171	22	4	2	2	2
11172	22	5	1	1	1
11173	22	6	2	2	2
11174	22	7	1	1	1
11175	22	8	2	2	2
11176	22	9	1	1	1
11177	22	10	2	2	2
11178	22	11	11	11	11
11179	22	12	2	2	2
11180	22	13	1	1	1
11181	22	14	2	2	2
11182	22	15	1	1	1
11183	22	16	2	2	2
11184	22	17	1	1	1
11185	22	18	2	2	2
11186	22	19	1	1	1
11187	22	20	2	2	2
11188	22	21	1	1	1
11189	22	22	22	22	22
11190	22	23	1	1	1
11191	22	24	2	2	2
11192	22	25	1	1	1
11193	22	26	2	2	2
11194	22	27	1	1	1
11195	22	28	2	2	2
11196	22	29	1	1	1
11197	22	30	2	2	2
11198	22	31	1	1	1
11199	22	32	2	2	2
11200	22	33	11	11	11
11201	22	34	2	2	2
11202	22	35	1	1	1
11203	22	36	2	2	2
11204	22	37	1	1	1
11205	22	38	2	2	2
11206	22	39	1	1	1
11207	22	40	2	2	2
11208	22	41	1	1	1
11209	22	42	2	2	2
11210	22	43	1	1	1
11211	22	44	22	22	22
11212	22	45	1	1	1
11213	22	46	2	2	2
11214	22	47	1	1	1
11215	22	48	2	2	2
11216	22	49	1	1	1
11217	22	50	2	2	2
11218	22	51	1	1	1
11219	22	52	2	2	2
11220	22	53	1	1	1
11221	22	54	2	2	2
11222	22	55	11	11	11
11223	22	56	2	2	2
11224	22	57	1	1	1
11225	22	58	2	2	2
11226	22	59	1	1	1
11227	22	60	2	2	2
11228	22	61	1	1	1
11229	22	62	2	2	2
11230	22	63	1	1	1
11231	22	64	2	2	2
11232	23	-64	-1	1	1
11233	23	-63	-1	1	1
11234	23	-62	-1	1	1
11235	23	-61	-1	1	1
11236	23	-60	-1	1	1
11237	23	-59	-1	1	1
11238	23	-58	-1	1	1
11239	23	-57	-1	1	1
11240	23	-56	-1	1	1
11241	23	-55	-1	1	1
11242	23	-54	-1	1	1
11243	23	-53	-1	1	1
11244	23	-52	-1	1	1
11245	23	-51	-1	1	1
11246	23	-50	-1	1	1
11247	23	-49	-1	1	1
11248	23	-48	-1	1	1
11249	23	-47	-1	1	1
11250	23	-46	-23	23	23
11251	23	-45	-1	1	1
11252	23	-44	-1	1	1
11253	23	-43	-1	1	1
11254	23	-42	-1	1	1
11255	23	-41	-1	1	1
11256	23	-40	-1	1	1
11257	23	-39	-1	1	1
11258	23	-38	-1	1	1
11259	23	-37	-1	1	1
11260	23	-36	-1	1	1
11261	23	-35	-1	1	1
11262	23	-34	-1	1	1
11263	23	-33	-1	1	1
11264	23	-32	-1	1	1
11265	23	-31	-1	1	1
11266	23	-30	-1	1	1
11267	23	-29	-1	1	1
11268	23	-28	-1	1	1
11269	23	-27	-1	1	1
11270	23	-26	-1	1	1
11271	23	-25	-1	1	1
11272	23	-24	-1	1	1
11273	23	-23	-23	23	23
11274	23	-22	-1	1	1
11275	23	-21	-1	1	1
11276	23	-20	-1	1	1
11277	23	-19	-1	1	1
11278	23	-18	-1	1	1
11279	23	-17	-1	1	1
11280	23	-16	-1	1	1
11281	23	-15	-1	1	1
11282	23	-14	-1	1	1
11283	23	-13	-1	1	1
11284	23	-12	-1	1	1
11285	23	-11	-1	1	1
11286	23	-10	-1	1	1
11287	23	-9	-1	1	1
11288	23	-8	-1	1	1
11289	23	-7	-1	1	1
11290	23	-6	-1	1	1
11291	23	-5	-1	1	1
11292	23	-4	-1	1	1
11293	23	-3	-1	1	1
11294	23	-2	-1	1	1
11295	23	-1	-1	1	1
11296	23	0	23	23	23
11297	23	1	1	1	1
11298	23	2	1	1	1
11299	23	3	1	1	1
11300	23	4	1	1	1
11301	23	5	1	1	1
11302	23	6	1	1	1
11303	23	7	1	1	1
11304	23	8	1	1	1
11305	23	9	1	1	1
11306	23	10	1	1	1
11307	23	11	1	1	1
11308	23	12	1	1	1
11309	23	13	1	1	1
11310	23	14	1	1	1
11311	23	15	1	1	1
11312	23	16	1	1	1
11313	23	17	1	1	1
11314	23	18	1	1	1
11315	23	19	1	1	1
11316	23	20	1	1	1
11317	23	21	1	1	1
11318	23	22	1	1	1
11319	23	23	23	23	23
11320	23	24	1	1	1
11321	23	25	1	1	1
11322	23	26	1	1	1
11323	23	27	1	1	1
11324	23	28	1	1	1
11325	23	29	1	1	1
11326	23	30	1	1	1
11327	23	31	1	1	1
11328	23	32	1	1	1
11329	23	33	1	1	1
11330	23	34	1	1	1
11331	23	35	1	1	1
11332	23	36	1	1	1
11333	23	37	1	1	1
11334	23	38	1	1	1
11335	23	39	1	1	1
11336	23	40	1	1	1
11337	23	41	1	1	1
11338	23	42	1	1	1
11339	23	43	1	1	1
11340	23	44	1	1	1
11341	23	45	1	1	1
11342	23	46	23	23	23
11343	23	47	1	1	1
11344	23	48	1	1	1
11345	23	49	1	1	1
11346	23	50	1	1	1
11347	23	51	1	1	1
11348	23	52	1	1	1
11349	23	53	1	1	1
11350	23	54	1	1	1
11351	23	55	1	1	1
11352	23	56	1	1	1
11353	23	57	1	1	1
11354	23	58	1	1	1
11355	23	59	1	1	1
11356	23	60	1	1	1
11357	23	61	1	1	1
11358	23	62	1	1	1
11359	23	63	1	1	1
11360	23	64	1	1	1
11361	24	-64	-8	8	8
11362	24	-63	-3	3	3
11363	24	-62	-2	2	2
11364	24	-61	-1	1	1
11365	24	-60	-12	12	12
11366	24	-59	-1	1	1
11367	24	-58	-2	2	2
11368	24	-57	-3	3	3
11369	24	-56	-8	8	8
11370	24	-55	-1	1	1
11371	24	-54	-6	6	6
11372	24	-53	-1	1	1
11373	24	-52	-4	4	4
11374	24	-51	-3	3	3
11375	24	-50	-2	2	2
11376	24	-49	-1	1	1
11377	24	-48	-24	24	24
11378	24	-47	-1	1	1
11379	24	-46	-2	2	2
11380	24	-45	-3	3	3
11381	24	-44	-4	4	4
11382	24	-43	-1	1	1
11383	24	-42	-6	6	6
11384	24	-41	-1	1	1
11385	24	-40	-8	8	8
11386	24	-39	-3	3	3
11387	24	-38	-2	2	2
11388	24	-37	-1	1	1
11389	24	-36	-12	12	12
11390	24	-35	-1	1	1
11391	24	-34	-2	2	2
11392	24	-33	-3	3	3
11393	24	-32	-8	8	8
11394	24	-31	-1	1	1
11395	24	-30	-6	6	6
11396	24	-29	-1	1	1
11397	24	-28	-4	4	4
11398	24	-27	-3	3	3
11399	24	-26	-2	2	2
11400	24	-25	-1	1	1
11401	24	-24	-24	24	24
11402	24	-23	-1	1	1
11403	24	-22	-2	2	2
11404	24	-21	-3	3	3
11405	24	-20	-4	4	4
11406	24	-19	-1	1	1
11407	24	-18	-6	6	6
11408	24	-17	-1	1	1
11409	24	-16	-8	8	8
11410	24	-15	-3	3	3
11411	24	-14	-2	2	2
11412	24	-13	-1	1	1
11413	24	-12	-12	12	12
11414	24	-11	-1	1	1
11415	24	-10	-2	2	2
11416	24	-9	-3	3	3
11417	24	-8	-8	8	8
11418	24	-7	-1	1	1
11419	24	-6	-6	6	6
11420	24	-5	-1	1	1
11421	24	-4	-4	4	4
11422	24	-3	-3	3	3
11423	24	-2	-2	2	2
11424	24	-1	-1	1	1
11425	24	0	24	24	24
11426	24	1	1	1	1
11427	24	2	2	2	2
11428	24	3	3	3	3
11429	24	4	4	4	4
11430	24	5	1	1	1
11431	24	6	6	6	6
11432	24	7	1	1	1
11433	24	8	8	8	8
11434	24	9	3	3	3
11435	24	10	2	2	2
11436	24	11	1	1	1
11437	24	12	12	12	12
11438	24	13	1	1	1
11439	24	14	2	2	2
11440	24	15	3	3	3
11441	24	16	8	8	8
11442	24	17	1	1	1
11443	24	18	6	6	6
11444	24	19	1	1	1
11445	24	20	4	4	4
11446	24	21	3	3	3
11447	24	22	2	2	2
11448	24	23	1	1	1
11449	24	24	24	24	24
11450	24	25	1	1	1
11451	24	26	2	2	2
11452	24	27	3	3	3
11453	24	28	4	4	4
11454	24	29	1	1	1
11455	24	30	6	6	6
11456	24	31	1	1	1
11457	24	32	8	8	8
11458	24	33	3	3	3
11459	24	34	2	2	2
11460	24	35	1	1	1
11461	24	36	12	12	12
11462	24	37	1	1	1
11463	24	38	2	2	2
11464	24	39	3	3	3
11465	24	40	8	8	8
11466	24	41	1	1	1
11467	24	42	6	6	6
11468	24	43	1	1	1
11469	24	44	4	4	4
11470	24	45	3	3	3
11471	24	46	2	2	2
11472	24	47	1	1	1
11473	24	48	24	24	24
11474	24	49	1	1	1
11475	24	50	2	2	2
11476	24	51	3	3	3
11477	24	52	4	4	4
11478	24	53	1	1	1
11479	24	55	1	1	1
11480	24	56	8	8	8
11481	24	57	3	3	3
11482	24	58	2	2	2
11483	24	59	1	1	1
11484	24	60	12	12	12
11485	24	61	1	1	1
11486	24	62	2	2	2
11487	24	63	3	3	3
11488	24	64	8	8	8
11489	25	-64	-1	1	1
11490	25	-63	-1	1	1
11491	25	-62	-1	1	1
11492	25	-61	-1	1	1
11493	25	-60	-5	5	5
11494	25	-59	-1	1	1
11495	25	-58	-1	1	1
11496	25	-57	-1	1	1
11497	25	-56	-1	1	1
11498	25	-55	-5	5	5
11499	25	-54	-1	1	1
11500	25	-53	-1	1	1
11501	25	-52	-1	1	1
11502	25	-51	-1	1	1
11503	25	-50	-25	25	25
11504	25	-49	-1	1	1
11505	25	-48	-1	1	1
11506	25	-47	-1	1	1
11507	25	-46	-1	1	1
11508	25	-45	-5	5	5
11509	25	-44	-1	1	1
11510	25	-43	-1	1	1
11511	25	-42	-1	1	1
11512	25	-41	-1	1	1
11513	25	-40	-5	5	5
11514	25	-39	-1	1	1
11515	25	-38	-1	1	1
11516	25	-37	-1	1	1
11517	25	-36	-1	1	1
11518	25	-35	-5	5	5
11519	25	-34	-1	1	1
11520	25	-33	-1	1	1
11521	25	-32	-1	1	1
11522	25	-31	-1	1	1
11523	25	-30	-5	5	5
11524	25	-29	-1	1	1
11525	25	-28	-1	1	1
11526	25	-27	-1	1	1
11527	25	-26	-1	1	1
11528	25	-25	-25	25	25
11529	25	-24	-1	1	1
11530	25	-23	-1	1	1
11531	25	-22	-1	1	1
11532	25	-21	-1	1	1
11533	25	-20	-5	5	5
11534	25	-19	-1	1	1
11535	25	-18	-1	1	1
11536	25	-17	-1	1	1
11537	25	-16	-1	1	1
11538	25	-15	-5	5	5
11539	25	-14	-1	1	1
11540	25	-13	-1	1	1
11541	25	-12	-1	1	1
11542	25	-11	-1	1	1
11543	25	-10	-5	5	5
11544	25	-9	-1	1	1
11545	25	-8	-1	1	1
11546	25	-7	-1	1	1
11547	25	-6	-1	1	1
11548	25	-5	-5	5	5
11549	25	-4	-1	1	1
11550	25	-3	-1	1	1
11551	25	-2	-1	1	1
11552	25	-1	-1	1	1
11553	25	0	25	25	25
11554	25	1	1	1	1
11555	25	2	1	1	1
11556	25	3	1	1	1
11557	25	4	1	1	1
11558	25	5	5	5	5
11559	25	6	1	1	1
11560	25	7	1	1	1
11561	25	8	1	1	1
11562	25	9	1	1	1
11563	25	10	5	5	5
11564	25	11	1	1	1
11565	25	12	1	1	1
11566	25	13	1	1	1
11567	25	14	1	1	1
11568	25	16	1	1	1
11569	25	17	1	1	1
11570	25	18	1	1	1
11571	25	19	1	1	1
11572	25	20	5	5	5
11573	25	21	1	1	1
11574	25	22	1	1	1
11575	25	23	1	1	1
11576	25	24	1	1	1
11577	25	25	25	25	25
11578	25	26	1	1	1
11579	25	27	1	1	1
11580	25	28	1	1	1
11581	25	29	1	1	1
11582	25	30	5	5	5
11583	25	31	1	1	1
11584	25	32	1	1	1
11585	25	33	1	1	1
11586	25	34	1	1	1
11587	25	35	5	5	5
11588	25	36	1	1	1
11589	25	37	1	1	1
11590	25	38	1	1	1
11591	25	39	1	1	1
11592	25	40	5	5	5
11593	25	41	1	1	1
11594	25	42	1	1	1
11595	25	43	1	1	1
11596	25	44	1	1	1
11597	25	45	5	5	5
11598	25	46	1	1	1
11599	25	47	1	1	1
11600	25	48	1	1	1
11601	25	49	1	1	1
11602	25	50	25	25	25
11603	25	51	1	1	1
11604	25	52	1	1	1
11605	25	53	1	1	1
11606	25	54	1	1	1
11607	25	55	5	5	5
11608	25	56	1	1	1
11609	25	57	1	1	1
11610	25	58	1	1	1
11611	25	59	1	1	1
11612	25	60	5	5	5
11613	25	61	1	1	1
11614	25	62	1	1	1
11615	25	63	1	1	1
11616	25	64	1	1	1
11617	26	-64	-2	2	2
11618	26	-63	-1	1	1
11619	26	-62	-2	2	2
11620	26	-61	-1	1	1
11621	26	-60	-2	2	2
11622	26	-59	-1	1	1
11623	26	-58	-2	2	2
11624	26	-57	-1	1	1
11625	26	-56	-2	2	2
11626	26	-55	-1	1	1
11627	26	-54	-2	2	2
11628	26	-53	-1	1	1
11629	26	-52	-26	26	26
11630	26	-51	-1	1	1
11631	26	-50	-2	2	2
11632	26	-49	-1	1	1
11633	26	-48	-2	2	2
11634	26	-47	-1	1	1
11635	26	-46	-2	2	2
11636	26	-45	-1	1	1
11637	26	-44	-2	2	2
11638	26	-43	-1	1	1
11639	26	-42	-2	2	2
11640	26	-41	-1	1	1
11641	26	-40	-2	2	2
11642	26	-39	-13	13	13
11643	26	-38	-2	2	2
11644	26	-37	-1	1	1
11645	26	-36	-2	2	2
11646	26	-35	-1	1	1
11647	26	-34	-2	2	2
11648	26	-33	-1	1	1
11649	26	-32	-2	2	2
11650	26	-31	-1	1	1
11651	26	-30	-2	2	2
11652	26	-29	-1	1	1
11653	26	-28	-2	2	2
11654	26	-27	-1	1	1
11655	26	-26	-26	26	26
11656	26	-25	-1	1	1
11657	26	-24	-2	2	2
11658	26	-23	-1	1	1
11659	26	-22	-2	2	2
11660	26	-21	-1	1	1
11661	26	-20	-2	2	2
11662	26	-19	-1	1	1
11663	26	-18	-2	2	2
11664	26	-17	-1	1	1
11665	26	-16	-2	2	2
11666	26	-15	-1	1	1
11667	26	-14	-2	2	2
11668	26	-13	-13	13	13
11669	26	-12	-2	2	2
11670	26	-11	-1	1	1
11671	26	-10	-2	2	2
11672	26	-9	-1	1	1
11673	26	-8	-2	2	2
11674	26	-7	-1	1	1
11675	26	-6	-2	2	2
11676	26	-5	-1	1	1
11677	26	-4	-2	2	2
11678	26	-3	-1	1	1
11679	26	-2	-2	2	2
11680	26	-1	-1	1	1
11681	26	0	26	26	26
11682	26	1	1	1	1
11683	26	2	2	2	2
11684	26	3	1	1	1
11685	26	4	2	2	2
11686	26	5	1	1	1
11687	26	6	2	2	2
11688	26	7	1	1	1
11689	26	8	2	2	2
11690	26	9	1	1	1
11691	26	10	2	2	2
11692	26	11	1	1	1
11693	26	12	2	2	2
11694	26	13	13	13	13
11695	26	14	2	2	2
11696	26	15	1	1	1
11697	26	16	2	2	2
11698	26	17	1	1	1
11699	26	18	2	2	2
11700	26	19	1	1	1
11701	26	20	2	2	2
11702	26	21	1	1	1
11703	26	22	2	2	2
11704	26	23	1	1	1
11705	26	24	2	2	2
11706	26	25	1	1	1
11707	26	26	26	26	26
11708	26	27	1	1	1
11709	26	28	2	2	2
11710	26	29	1	1	1
11711	26	30	2	2	2
11712	26	31	1	1	1
11713	26	32	2	2	2
11714	26	33	1	1	1
11715	26	34	2	2	2
11716	26	35	1	1	1
11717	26	36	2	2	2
11718	26	37	1	1	1
11719	26	38	2	2	2
11720	26	39	13	13	13
11721	26	40	2	2	2
11722	26	41	1	1	1
11723	26	42	2	2	2
11724	26	43	1	1	1
11725	26	44	2	2	2
11726	26	45	1	1	1
11727	26	46	2	2	2
11728	26	47	1	1	1
11729	26	48	2	2	2
11730	26	49	1	1	1
11731	26	50	2	2	2
11732	26	51	1	1	1
11733	26	52	26	26	26
11734	26	53	1	1	1
11735	26	54	2	2	2
11736	26	55	1	1	1
11737	26	56	2	2	2
11738	26	57	1	1	1
11739	26	58	2	2	2
11740	26	59	1	1	1
11741	26	60	2	2	2
11742	26	61	1	1	1
11743	26	62	2	2	2
11744	26	63	1	1	1
11745	26	64	2	2	2
11746	27	-64	-1	1	1
11747	27	-63	-9	9	9
11748	27	-62	-1	1	1
11749	27	-61	-1	1	1
11750	27	-60	-3	3	3
11751	27	-59	-1	1	1
11752	27	-58	-1	1	1
11753	27	-57	-3	3	3
11754	27	-56	-1	1	1
11755	27	-55	-1	1	1
11756	27	-54	-27	27	27
11757	27	-53	-1	1	1
11758	27	-52	-1	1	1
11759	27	-51	-3	3	3
11760	27	-50	-1	1	1
11761	27	-49	-1	1	1
11762	27	-48	-3	3	3
11763	27	-47	-1	1	1
11764	27	-46	-1	1	1
11765	27	-45	-9	9	9
11766	27	-44	-1	1	1
11767	27	-43	-1	1	1
11768	27	-42	-3	3	3
11769	27	-41	-1	1	1
11770	27	-40	-1	1	1
11771	27	-39	-3	3	3
11772	27	-38	-1	1	1
11773	27	-37	-1	1	1
11774	27	-36	-9	9	9
11775	27	-35	-1	1	1
11776	27	-34	-1	1	1
11777	27	-33	-3	3	3
11778	27	-32	-1	1	1
11779	27	-31	-1	1	1
11780	27	-30	-3	3	3
11781	27	-29	-1	1	1
11782	27	-28	-1	1	1
11783	27	-27	-27	27	27
11784	27	-26	-1	1	1
11785	27	-25	-1	1	1
11786	27	-24	-3	3	3
11787	27	-23	-1	1	1
11788	27	-22	-1	1	1
11789	27	-21	-3	3	3
11790	27	-20	-1	1	1
11791	27	-19	-1	1	1
11792	27	-18	-9	9	9
11793	27	-17	-1	1	1
11794	27	-16	-1	1	1
11795	27	-15	-3	3	3
11796	27	-14	-1	1	1
11797	27	-13	-1	1	1
11798	27	-12	-3	3	3
11799	27	-11	-1	1	1
11800	27	-10	-1	1	1
11801	27	-9	-9	9	9
11802	27	-8	-1	1	1
11803	27	-7	-1	1	1
11804	27	-6	-3	3	3
11805	27	-5	-1	1	1
11806	27	-4	-1	1	1
11807	27	-3	-3	3	3
11808	27	-2	-1	1	1
11809	27	-1	-1	1	1
11810	27	0	27	27	27
11811	27	1	1	1	1
11812	27	2	1	1	1
11813	27	3	3	3	3
11814	27	4	1	1	1
11815	27	5	1	1	1
11816	27	6	3	3	3
11817	27	7	1	1	1
11818	27	8	1	1	1
11819	27	9	9	9	9
11820	27	10	1	1	1
11821	27	11	1	1	1
11822	27	12	3	3	3
11823	27	13	1	1	1
11824	27	14	1	1	1
11825	27	15	3	3	3
11826	27	16	1	1	1
11827	27	17	1	1	1
11828	27	18	9	9	9
11829	27	19	1	1	1
11830	27	20	1	1	1
11831	27	21	3	3	3
11832	27	22	1	1	1
11833	27	23	1	1	1
11834	27	24	3	3	3
11835	27	25	1	1	1
11836	27	26	1	1	1
11837	27	27	27	27	27
11838	27	28	1	1	1
11839	27	29	1	1	1
11840	27	30	3	3	3
11841	27	31	1	1	1
11842	27	32	1	1	1
11843	27	33	3	3	3
11844	27	34	1	1	1
11845	27	35	1	1	1
11846	27	36	9	9	9
11847	27	37	1	1	1
11848	27	38	1	1	1
11849	27	39	3	3	3
11850	27	40	1	1	1
11851	27	41	1	1	1
11852	27	42	3	3	3
11853	27	43	1	1	1
11854	27	44	1	1	1
11855	27	45	9	9	9
11856	27	46	1	1	1
11857	27	47	1	1	1
11858	27	48	3	3	3
11859	27	49	1	1	1
11860	27	50	1	1	1
11861	27	51	3	3	3
11862	27	52	1	1	1
11863	27	53	1	1	1
11864	27	54	27	27	27
11865	27	55	1	1	1
11866	27	56	1	1	1
11867	27	57	3	3	3
11868	27	58	1	1	1
11869	27	59	1	1	1
11870	27	60	3	3	3
11871	27	61	1	1	1
11872	27	62	1	1	1
11873	27	63	9	9	9
11874	27	64	1	1	1
11875	28	-64	-4	4	4
11876	28	-63	-7	7	7
11877	28	-62	-2	2	2
11878	28	-61	-1	1	1
11879	28	-60	-4	4	4
11880	28	-59	-1	1	1
11881	28	-58	-2	2	2
11882	28	-57	-1	1	1
11883	28	-56	-28	28	28
11884	28	-55	-1	1	1
11885	28	-54	-2	2	2
11886	28	-53	-1	1	1
11887	28	-52	-4	4	4
11888	28	-51	-1	1	1
11889	28	-50	-2	2	2
11890	28	-49	-7	7	7
11891	28	-48	-4	4	4
11892	28	-47	-1	1	1
11893	28	-46	-2	2	2
11894	28	-45	-1	1	1
11895	28	-44	-4	4	4
11896	28	-43	-1	1	1
11897	28	-42	-14	14	14
11898	28	-41	-1	1	1
11899	28	-40	-4	4	4
11900	28	-39	-1	1	1
11901	28	-38	-2	2	2
11902	28	-37	-1	1	1
11903	28	-36	-4	4	4
11904	28	-35	-7	7	7
11905	28	-34	-2	2	2
11906	28	-33	-1	1	1
11907	28	-32	-4	4	4
11908	28	-31	-1	1	1
11909	28	-30	-2	2	2
11910	28	-29	-1	1	1
11911	28	-28	-28	28	28
11912	28	-27	-1	1	1
11913	28	-26	-2	2	2
11914	28	-25	-1	1	1
11915	28	-24	-4	4	4
11916	28	-23	-1	1	1
11917	28	-22	-2	2	2
11918	28	-21	-7	7	7
11919	28	-20	-4	4	4
11920	28	-19	-1	1	1
11921	28	-18	-2	2	2
11922	28	-17	-1	1	1
11923	28	-16	-4	4	4
11924	28	-15	-1	1	1
11925	28	-14	-14	14	14
11926	28	-13	-1	1	1
11927	28	-12	-4	4	4
11928	28	-11	-1	1	1
11929	28	-10	-2	2	2
11930	28	-9	-1	1	1
11931	28	-8	-4	4	4
11932	28	-7	-7	7	7
11933	28	-6	-2	2	2
11934	28	-5	-1	1	1
11935	28	-4	-4	4	4
11936	28	-3	-1	1	1
11937	28	-2	-2	2	2
11938	28	-1	-1	1	1
11939	28	0	28	28	28
11940	28	1	1	1	1
11941	28	2	2	2	2
11942	28	3	1	1	1
11943	28	4	4	4	4
11944	28	5	1	1	1
11945	28	6	2	2	2
11946	28	7	7	7	7
11947	28	8	4	4	4
11948	28	9	1	1	1
11949	28	10	2	2	2
11950	28	11	1	1	1
11951	28	12	4	4	4
11952	28	13	1	1	1
11953	28	14	14	14	14
11954	28	15	1	1	1
11955	28	16	4	4	4
11956	28	17	1	1	1
11957	28	18	2	2	2
11958	28	19	1	1	1
11959	28	20	4	4	4
11960	28	21	7	7	7
11961	28	22	2	2	2
11962	28	23	1	1	1
11963	28	24	4	4	4
11964	28	25	1	1	1
11965	28	26	2	2	2
11966	28	27	1	1	1
11967	28	28	28	28	28
11968	28	29	1	1	1
11969	28	30	2	2	2
11970	28	31	1	1	1
11971	28	32	4	4	4
11972	28	33	1	1	1
11973	28	34	2	2	2
11974	28	35	7	7	7
11975	28	36	4	4	4
11976	28	37	1	1	1
11977	28	38	2	2	2
11978	28	39	1	1	1
11979	28	40	4	4	4
11980	28	41	1	1	1
11981	28	42	14	14	14
11982	28	43	1	1	1
11983	28	44	4	4	4
11984	28	45	1	1	1
11985	28	46	2	2	2
11986	28	47	1	1	1
11987	28	48	4	4	4
11988	28	49	7	7	7
11989	28	50	2	2	2
11990	28	51	1	1	1
11991	28	52	4	4	4
11992	28	53	1	1	1
11993	28	54	2	2	2
11994	28	55	1	1	1
11995	28	56	28	28	28
11996	28	57	1	1	1
11997	28	58	2	2	2
11998	28	59	1	1	1
11999	28	60	4	4	4
12000	28	61	1	1	1
12001	28	62	2	2	2
12002	28	63	7	7	7
12003	28	64	4	4	4
12004	29	-64	-1	1	1
12005	29	-63	-1	1	1
12006	29	-62	-1	1	1
12007	29	-61	-1	1	1
12008	29	-60	-1	1	1
12009	29	-59	-1	1	1
12010	29	-58	-29	29	29
12011	29	-57	-1	1	1
12012	29	-56	-1	1	1
12013	29	-55	-1	1	1
12014	29	-54	-1	1	1
12015	29	-53	-1	1	1
12016	29	-52	-1	1	1
12017	29	-51	-1	1	1
12018	29	-50	-1	1	1
12019	29	-49	-1	1	1
12020	29	-48	-1	1	1
12021	29	-47	-1	1	1
12022	29	-46	-1	1	1
12023	29	-45	-1	1	1
12024	29	-44	-1	1	1
12025	29	-43	-1	1	1
12026	29	-42	-1	1	1
12027	29	-41	-1	1	1
12028	29	-40	-1	1	1
12029	29	-39	-1	1	1
12030	29	-38	-1	1	1
12031	29	-37	-1	1	1
12032	29	-36	-1	1	1
12033	29	-35	-1	1	1
12034	29	-34	-1	1	1
12035	29	-33	-1	1	1
12036	29	-32	-1	1	1
12037	29	-31	-1	1	1
12038	29	-30	-1	1	1
12039	29	-29	-29	29	29
12040	29	-28	-1	1	1
12041	29	-27	-1	1	1
12042	29	-26	-1	1	1
12043	29	-25	-1	1	1
12044	29	-24	-1	1	1
12045	29	-23	-1	1	1
12046	29	-22	-1	1	1
12047	29	-21	-1	1	1
12048	29	-20	-1	1	1
12049	29	-19	-1	1	1
12050	29	-18	-1	1	1
12051	29	-17	-1	1	1
12052	29	-16	-1	1	1
12053	29	-15	-1	1	1
12054	29	-14	-1	1	1
12055	29	-13	-1	1	1
12056	29	-12	-1	1	1
12057	29	-11	-1	1	1
12058	29	-10	-1	1	1
12059	29	-9	-1	1	1
12060	29	-8	-1	1	1
12061	29	-7	-1	1	1
12062	29	-6	-1	1	1
12063	29	-5	-1	1	1
12064	29	-4	-1	1	1
12065	29	-3	-1	1	1
12066	29	-2	-1	1	1
12067	29	-1	-1	1	1
12068	29	0	29	29	29
12069	29	1	1	1	1
12070	29	2	1	1	1
12071	29	3	1	1	1
12072	29	4	1	1	1
12073	29	5	1	1	1
12074	29	6	1	1	1
12075	29	7	1	1	1
12076	29	8	1	1	1
12077	29	9	1	1	1
12078	29	10	1	1	1
12079	29	11	1	1	1
12080	29	12	1	1	1
12081	29	13	1	1	1
12082	29	14	1	1	1
12083	29	15	1	1	1
12084	29	16	1	1	1
12085	29	17	1	1	1
12086	29	18	1	1	1
12087	29	19	1	1	1
12088	29	20	1	1	1
12089	29	21	1	1	1
12090	29	22	1	1	1
12091	29	23	1	1	1
12092	29	24	1	1	1
12093	29	25	1	1	1
12094	29	26	1	1	1
12095	29	27	1	1	1
12096	29	28	1	1	1
12097	29	29	29	29	29
12098	29	30	1	1	1
12099	29	31	1	1	1
12100	29	32	1	1	1
12101	29	33	1	1	1
12102	29	34	1	1	1
12103	29	35	1	1	1
12104	29	36	1	1	1
12105	29	37	1	1	1
12106	29	38	1	1	1
12107	29	39	1	1	1
12108	29	40	1	1	1
12109	29	41	1	1	1
12110	29	42	1	1	1
12111	29	43	1	1	1
12112	29	44	1	1	1
12113	29	45	1	1	1
12114	29	46	1	1	1
12115	29	47	1	1	1
12116	29	48	1	1	1
12117	29	49	1	1	1
12118	29	50	1	1	1
12119	29	51	1	1	1
12120	29	52	1	1	1
12121	29	53	1	1	1
12122	29	54	1	1	1
12123	29	55	1	1	1
12124	29	56	1	1	1
12125	29	57	1	1	1
12126	29	58	29	29	29
12127	29	59	1	1	1
12128	29	60	1	1	1
12129	29	61	1	1	1
12130	29	62	1	1	1
12131	29	63	1	1	1
12132	29	64	1	1	1
12133	30	-64	-2	2	2
12134	30	-63	-3	3	3
12135	30	-62	-2	2	2
12136	30	-61	-1	1	1
12137	30	-60	-30	30	30
12138	30	-59	-1	1	1
12139	30	-58	-2	2	2
12140	30	-57	-3	3	3
12141	30	-56	-2	2	2
12142	30	-55	-5	5	5
12143	30	-54	-6	6	6
12144	30	-53	-1	1	1
12145	30	-52	-2	2	2
12146	30	-51	-3	3	3
12147	30	-50	-10	10	10
12148	30	-49	-1	1	1
12149	30	-48	-6	6	6
12150	30	-47	-1	1	1
12151	30	-46	-2	2	2
12152	30	-45	-15	15	15
12153	30	-44	-2	2	2
12154	30	-43	-1	1	1
12155	30	-42	-6	6	6
12156	30	-41	-1	1	1
12157	30	-40	-10	10	10
12158	30	-39	-3	3	3
12159	30	-38	-2	2	2
12160	30	-37	-1	1	1
12161	30	-36	-6	6	6
12162	30	-35	-5	5	5
12163	30	-34	-2	2	2
12164	30	-33	-3	3	3
12165	30	-32	-2	2	2
12166	30	-31	-1	1	1
12167	30	-30	-30	30	30
12168	30	-29	-1	1	1
12169	30	-28	-2	2	2
12170	30	-27	-3	3	3
12171	30	-26	-2	2	2
12172	30	-25	-5	5	5
12173	30	-24	-6	6	6
12174	30	-23	-1	1	1
12175	30	-22	-2	2	2
12176	30	-21	-3	3	3
12177	30	-20	-10	10	10
12178	30	-19	-1	1	1
12179	30	-18	-6	6	6
12180	30	-17	-1	1	1
12181	30	-16	-2	2	2
12182	30	-15	-15	15	15
12183	30	-14	-2	2	2
12184	30	-13	-1	1	1
12185	30	-12	-6	6	6
12186	30	-11	-1	1	1
12187	30	-10	-10	10	10
12188	30	-9	-3	3	3
12189	30	-8	-2	2	2
12190	30	-7	-1	1	1
12191	30	-6	-6	6	6
12192	30	-5	-5	5	5
12193	30	-4	-2	2	2
12194	30	-3	-3	3	3
12195	30	-2	-2	2	2
12196	30	-1	-1	1	1
12197	30	0	30	30	30
12198	30	1	1	1	1
12199	30	2	2	2	2
12200	30	3	3	3	3
12201	30	4	2	2	2
12202	30	5	5	5	5
12203	30	6	6	6	6
12204	30	7	1	1	1
12205	30	8	2	2	2
12206	30	9	3	3	3
12207	30	10	10	10	10
12208	30	11	1	1	1
12209	30	12	6	6	6
12210	30	13	1	1	1
12211	30	14	2	2	2
12212	30	15	15	15	15
12213	30	16	2	2	2
12214	30	17	1	1	1
12215	30	18	6	6	6
12216	30	19	1	1	1
12217	30	20	10	10	10
12218	30	21	3	3	3
12219	30	22	2	2	2
12220	30	23	1	1	1
12221	30	24	6	6	6
12222	30	25	5	5	5
12223	30	26	2	2	2
12224	30	27	3	3	3
12225	30	28	2	2	2
12226	30	29	1	1	1
12227	30	30	30	30	30
12228	30	31	1	1	1
12229	30	32	2	2	2
12230	30	33	3	3	3
12231	30	34	2	2	2
12232	30	35	5	5	5
12233	30	36	6	6	6
12234	30	37	1	1	1
12235	30	38	2	2	2
12236	30	39	3	3	3
12237	30	40	10	10	10
12238	30	41	1	1	1
12239	30	42	6	6	6
12240	30	43	1	1	1
12241	30	44	2	2	2
12242	30	45	15	15	15
12243	30	46	2	2	2
12244	30	47	1	1	1
12245	30	48	6	6	6
12246	30	49	1	1	1
12247	30	50	10	10	10
12248	30	51	3	3	3
12249	30	52	2	2	2
12250	30	53	1	1	1
12251	30	54	6	6	6
12252	30	55	5	5	5
12253	30	56	2	2	2
12254	30	57	3	3	3
12255	30	58	2	2	2
12256	30	59	1	1	1
12257	30	60	30	30	30
12258	30	61	1	1	1
12259	30	62	2	2	2
12260	30	63	3	3	3
12261	30	64	2	2	2
12262	31	-64	-1	1	1
12263	31	-63	-1	1	1
12264	31	-62	-31	31	31
12265	31	-61	-1	1	1
12266	31	-60	-1	1	1
12267	31	-59	-1	1	1
12268	31	-58	-1	1	1
12269	31	-57	-1	1	1
12270	31	-56	-1	1	1
12271	31	-55	-1	1	1
12272	31	-54	-1	1	1
12273	31	-53	-1	1	1
12274	31	-52	-1	1	1
12275	31	-51	-1	1	1
12276	31	-50	-1	1	1
12277	31	-49	-1	1	1
12278	31	-48	-1	1	1
12279	31	-47	-1	1	1
12280	31	-46	-1	1	1
12281	31	-45	-1	1	1
12282	31	-44	-1	1	1
12283	31	-43	-1	1	1
12284	31	-42	-1	1	1
12285	31	-41	-1	1	1
12286	31	-40	-1	1	1
12287	31	-39	-1	1	1
12288	31	-38	-1	1	1
12289	31	-37	-1	1	1
12290	31	-36	-1	1	1
12291	31	-35	-1	1	1
12292	31	-34	-1	1	1
12293	31	-33	-1	1	1
12294	31	-32	-1	1	1
12295	31	-31	-31	31	31
12296	31	-30	-1	1	1
12297	31	-29	-1	1	1
12298	31	-28	-1	1	1
12299	31	-27	-1	1	1
12300	31	-26	-1	1	1
12301	31	-25	-1	1	1
12302	31	-24	-1	1	1
12303	31	-23	-1	1	1
12304	31	-22	-1	1	1
12305	31	-21	-1	1	1
12306	31	-20	-1	1	1
12307	31	-19	-1	1	1
12308	31	-18	-1	1	1
12309	31	-17	-1	1	1
12310	31	-16	-1	1	1
12311	31	-15	-1	1	1
12312	31	-14	-1	1	1
12313	31	-13	-1	1	1
12314	31	-12	-1	1	1
12315	31	-11	-1	1	1
12316	31	-10	-1	1	1
12317	31	-9	-1	1	1
12318	31	-8	-1	1	1
12319	31	-7	-1	1	1
12320	31	-6	-1	1	1
12321	31	-5	-1	1	1
12322	31	-4	-1	1	1
12323	31	-3	-1	1	1
12324	31	-2	-1	1	1
12325	31	-1	-1	1	1
12326	31	0	31	31	31
12327	31	1	1	1	1
12328	31	2	1	1	1
12329	31	3	1	1	1
12330	31	4	1	1	1
12331	31	5	1	1	1
12332	31	6	1	1	1
12333	31	7	1	1	1
12334	31	8	1	1	1
12335	31	9	1	1	1
12336	31	10	1	1	1
12337	31	11	1	1	1
12338	31	12	1	1	1
12339	31	13	1	1	1
12340	31	14	1	1	1
12341	31	15	1	1	1
12342	31	16	1	1	1
12343	31	17	1	1	1
12344	31	18	1	1	1
12345	31	19	1	1	1
12346	31	20	1	1	1
12347	31	21	1	1	1
12348	31	22	1	1	1
12349	31	23	1	1	1
12350	31	24	1	1	1
12351	31	25	1	1	1
12352	31	26	1	1	1
12353	31	27	1	1	1
12354	31	28	1	1	1
12355	31	29	1	1	1
12356	31	30	1	1	1
12357	31	31	31	31	31
12358	31	32	1	1	1
12359	31	33	1	1	1
12360	31	34	1	1	1
12361	31	35	1	1	1
12362	31	36	1	1	1
12363	31	37	1	1	1
12364	31	38	1	1	1
12365	31	39	1	1	1
12366	31	40	1	1	1
12367	31	41	1	1	1
12368	31	42	1	1	1
12369	31	43	1	1	1
12370	31	44	1	1	1
12371	31	45	1	1	1
12372	31	46	1	1	1
12373	31	47	1	1	1
12374	31	48	1	1	1
12375	31	49	1	1	1
12376	31	50	1	1	1
12377	31	51	1	1	1
12378	31	52	1	1	1
12379	31	53	1	1	1
12380	31	54	1	1	1
12381	31	55	1	1	1
12382	31	56	1	1	1
12383	31	57	1	1	1
12384	31	58	1	1	1
12385	31	59	1	1	1
12386	31	60	1	1	1
12387	31	61	1	1	1
12388	31	62	31	31	31
12389	31	63	1	1	1
12390	31	64	1	1	1
12391	32	-64	-32	32	32
12392	32	-63	-1	1	1
12393	32	-62	-2	2	2
12394	32	-61	-1	1	1
12395	32	-60	-4	4	4
12396	32	-59	-1	1	1
12397	32	-58	-2	2	2
12398	32	-57	-1	1	1
12399	32	-56	-8	8	8
12400	32	-55	-1	1	1
12401	32	-54	-2	2	2
12402	32	-53	-1	1	1
12403	32	-52	-4	4	4
12404	32	-51	-1	1	1
12405	32	-50	-2	2	2
12406	32	-49	-1	1	1
12407	32	-48	-16	16	16
12408	32	-47	-1	1	1
12409	32	-46	-2	2	2
12410	32	-45	-1	1	1
12411	32	-44	-4	4	4
12412	32	-43	-1	1	1
12413	32	-42	-2	2	2
12414	32	-41	-1	1	1
12415	32	-40	-8	8	8
12416	32	-39	-1	1	1
12417	32	-38	-2	2	2
12418	32	-37	-1	1	1
12419	32	-36	-4	4	4
12420	32	-35	-1	1	1
12421	32	-34	-2	2	2
12422	32	-33	-1	1	1
12423	32	-32	-32	32	32
12424	32	-31	-1	1	1
12425	32	-30	-2	2	2
12426	32	-29	-1	1	1
12427	32	-28	-4	4	4
12428	32	-27	-1	1	1
12429	32	-26	-2	2	2
12430	32	-25	-1	1	1
12431	32	-24	-8	8	8
12432	32	-23	-1	1	1
12433	32	-22	-2	2	2
12434	32	-21	-1	1	1
12435	32	-20	-4	4	4
12436	32	-19	-1	1	1
12437	32	-18	-2	2	2
12438	32	-17	-1	1	1
12439	32	-16	-16	16	16
12440	32	-15	-1	1	1
12441	32	-14	-2	2	2
12442	32	-13	-1	1	1
12443	32	-12	-4	4	4
12444	32	-11	-1	1	1
12445	32	-10	-2	2	2
12446	32	-9	-1	1	1
12447	32	-8	-8	8	8
12448	32	-7	-1	1	1
12449	32	-6	-2	2	2
12450	32	-5	-1	1	1
12451	32	-4	-4	4	4
12452	32	-3	-1	1	1
12453	32	-2	-2	2	2
12454	32	-1	-1	1	1
12455	32	0	32	32	32
12456	32	1	1	1	1
12457	32	2	2	2	2
12458	32	3	1	1	1
12459	32	4	4	4	4
12460	32	5	1	1	1
12461	32	6	2	2	2
12462	32	7	1	1	1
12463	32	8	8	8	8
12464	32	9	1	1	1
12465	32	10	2	2	2
12466	32	11	1	1	1
12467	32	12	4	4	4
12468	32	13	1	1	1
12469	32	14	2	2	2
12470	32	15	1	1	1
12471	32	16	16	16	16
12472	32	17	1	1	1
12473	32	18	2	2	2
12474	32	19	1	1	1
12475	32	20	4	4	4
12476	32	21	1	1	1
12477	32	22	2	2	2
12478	32	23	1	1	1
12479	32	24	8	8	8
12480	32	25	1	1	1
12481	32	26	2	2	2
12482	32	27	1	1	1
12483	32	28	4	4	4
12484	32	29	1	1	1
12485	32	30	2	2	2
12486	32	31	1	1	1
12487	32	32	32	32	32
12488	32	33	1	1	1
12489	32	34	2	2	2
12490	32	35	1	1	1
12491	32	36	4	4	4
12492	32	37	1	1	1
12493	32	38	2	2	2
12494	32	39	1	1	1
12495	32	40	8	8	8
12496	32	41	1	1	1
12497	32	42	2	2	2
12498	32	43	1	1	1
12499	32	44	4	4	4
12500	32	45	1	1	1
12501	32	46	2	2	2
12502	32	47	1	1	1
12503	32	48	16	16	16
12504	32	49	1	1	1
12505	32	50	2	2	2
12506	32	51	1	1	1
12507	32	52	4	4	4
12508	32	53	1	1	1
12509	32	54	2	2	2
12510	32	55	1	1	1
12511	32	56	8	8	8
12512	32	57	1	1	1
12513	32	58	2	2	2
12514	32	59	1	1	1
12515	32	60	4	4	4
12516	32	61	1	1	1
12517	32	62	2	2	2
12518	32	63	1	1	1
12519	32	64	32	32	32
12520	33	-64	-1	1	1
12521	33	-63	-3	3	3
12522	33	-62	-1	1	1
12523	33	-61	-1	1	1
12524	33	-60	-3	3	3
12525	33	-59	-1	1	1
12526	33	-58	-1	1	1
12527	33	-57	-3	3	3
12528	33	-56	-1	1	1
12529	33	-55	-11	11	11
12530	33	-54	-3	3	3
12531	33	-53	-1	1	1
12532	33	-52	-1	1	1
12533	33	-51	-3	3	3
12534	33	-50	-1	1	1
12535	33	-49	-1	1	1
12536	33	-48	-3	3	3
12537	33	-47	-1	1	1
12538	33	-46	-1	1	1
12539	33	-45	-3	3	3
12540	33	-44	-11	11	11
12541	33	-43	-1	1	1
12542	33	-42	-3	3	3
12543	33	-41	-1	1	1
12544	33	-40	-1	1	1
12545	33	-39	-3	3	3
12546	33	-38	-1	1	1
12547	33	-37	-1	1	1
12548	33	-36	-3	3	3
12549	33	-35	-1	1	1
12550	33	-34	-1	1	1
12551	33	-33	-33	33	33
12552	33	-32	-1	1	1
12553	33	-31	-1	1	1
12554	33	-30	-3	3	3
12555	33	-29	-1	1	1
12556	33	-28	-1	1	1
12557	33	-27	-3	3	3
12558	33	-26	-1	1	1
12559	33	-25	-1	1	1
12560	33	-24	-3	3	3
12561	33	-23	-1	1	1
12562	33	-22	-11	11	11
12563	33	-21	-3	3	3
12564	33	-20	-1	1	1
12565	33	-19	-1	1	1
12566	33	-18	-3	3	3
12567	33	-17	-1	1	1
12568	33	-16	-1	1	1
12569	33	-15	-3	3	3
12570	33	-14	-1	1	1
12571	33	-13	-1	1	1
12572	33	-12	-3	3	3
12573	33	-11	-11	11	11
12574	33	-10	-1	1	1
12575	33	-9	-3	3	3
12576	33	-8	-1	1	1
12577	33	-7	-1	1	1
12578	33	-6	-3	3	3
12579	33	-5	-1	1	1
12580	33	-4	-1	1	1
12581	33	-3	-3	3	3
12582	33	-2	-1	1	1
12583	33	-1	-1	1	1
12584	33	0	33	33	33
12585	33	1	1	1	1
12586	33	2	1	1	1
12587	33	3	3	3	3
12588	33	4	1	1	1
12589	33	5	1	1	1
12590	33	6	3	3	3
12591	33	7	1	1	1
12592	33	8	1	1	1
12593	33	9	3	3	3
12594	33	10	1	1	1
12595	33	11	11	11	11
12596	33	12	3	3	3
12597	33	13	1	1	1
12598	33	14	1	1	1
12599	33	15	3	3	3
12600	33	16	1	1	1
12601	33	17	1	1	1
12602	33	18	3	3	3
12603	33	19	1	1	1
12604	33	20	1	1	1
12605	33	21	3	3	3
12606	33	22	11	11	11
12607	33	23	1	1	1
12608	33	24	3	3	3
12609	33	25	1	1	1
12610	33	26	1	1	1
12611	33	27	3	3	3
12612	33	28	1	1	1
12613	33	29	1	1	1
12614	33	30	3	3	3
12615	33	31	1	1	1
12616	33	32	1	1	1
12617	33	33	33	33	33
12618	33	34	1	1	1
12619	33	35	1	1	1
12620	33	36	3	3	3
12621	33	37	1	1	1
12622	33	38	1	1	1
12623	33	39	3	3	3
12624	33	40	1	1	1
12625	33	41	1	1	1
12626	33	42	3	3	3
12627	33	43	1	1	1
12628	33	44	11	11	11
12629	33	45	3	3	3
12630	33	46	1	1	1
12631	33	47	1	1	1
12632	33	48	3	3	3
12633	33	49	1	1	1
12634	33	50	1	1	1
12635	33	51	3	3	3
12636	33	52	1	1	1
12637	33	53	1	1	1
12638	33	54	3	3	3
12639	33	55	11	11	11
12640	33	56	1	1	1
12641	33	57	3	3	3
12642	33	58	1	1	1
12643	33	59	1	1	1
12644	33	60	3	3	3
12645	33	61	1	1	1
12646	33	62	1	1	1
12647	33	63	3	3	3
12648	33	64	1	1	1
12649	34	-64	-2	2	2
12650	34	-63	-1	1	1
12651	34	-62	-2	2	2
12652	34	-61	-1	1	1
12653	34	-60	-2	2	2
12654	34	-59	-1	1	1
12655	34	-58	-2	2	2
12656	34	-57	-1	1	1
12657	34	-56	-2	2	2
12658	34	-55	-1	1	1
12659	34	-54	-2	2	2
12660	34	-53	-1	1	1
12661	34	-52	-2	2	2
12662	34	-51	-17	17	17
12663	34	-50	-2	2	2
12664	34	-49	-1	1	1
12665	34	-48	-2	2	2
12666	34	-47	-1	1	1
12667	34	-46	-2	2	2
12668	34	-45	-1	1	1
12669	34	-44	-2	2	2
12670	34	-43	-1	1	1
12671	34	-42	-2	2	2
12672	34	-41	-1	1	1
12673	34	-40	-2	2	2
12674	34	-39	-1	1	1
12675	34	-38	-2	2	2
12676	34	-37	-1	1	1
12677	34	-36	-2	2	2
12678	34	-35	-1	1	1
12679	34	-34	-34	34	34
12680	34	-33	-1	1	1
12681	34	-32	-2	2	2
12682	34	-31	-1	1	1
12683	34	-30	-2	2	2
12684	34	-29	-1	1	1
12685	34	-28	-2	2	2
12686	34	-27	-1	1	1
12687	34	-26	-2	2	2
12688	34	-25	-1	1	1
12689	34	-24	-2	2	2
12690	34	-23	-1	1	1
12691	34	-22	-2	2	2
12692	34	-21	-1	1	1
12693	34	-20	-2	2	2
12694	34	-19	-1	1	1
12695	34	-18	-2	2	2
12696	34	-17	-17	17	17
12697	34	-16	-2	2	2
12698	34	-15	-1	1	1
12699	34	-14	-2	2	2
12700	34	-13	-1	1	1
12701	34	-12	-2	2	2
12702	34	-11	-1	1	1
12703	34	-10	-2	2	2
12704	34	-9	-1	1	1
12705	34	-8	-2	2	2
12706	34	-7	-1	1	1
12707	34	-6	-2	2	2
12708	34	-5	-1	1	1
12709	34	-4	-2	2	2
12710	34	-3	-1	1	1
12711	34	-2	-2	2	2
12712	34	-1	-1	1	1
12713	34	0	34	34	34
12714	34	1	1	1	1
12715	34	2	2	2	2
12716	34	3	1	1	1
12717	34	4	2	2	2
12718	34	5	1	1	1
12719	34	6	2	2	2
12720	34	7	1	1	1
12721	34	8	2	2	2
12722	34	9	1	1	1
12723	34	10	2	2	2
12724	34	11	1	1	1
12725	34	12	2	2	2
12726	34	13	1	1	1
12727	34	14	2	2	2
12728	34	15	1	1	1
12729	34	16	2	2	2
12730	34	17	17	17	17
12731	34	18	2	2	2
12732	34	19	1	1	1
12733	34	20	2	2	2
12734	34	21	1	1	1
12735	34	22	2	2	2
12736	34	23	1	1	1
12737	34	24	2	2	2
12738	34	25	1	1	1
12739	34	26	2	2	2
12740	34	27	1	1	1
12741	34	28	2	2	2
12742	34	29	1	1	1
12743	34	30	2	2	2
12744	34	31	1	1	1
12745	34	32	2	2	2
12746	34	33	1	1	1
12747	34	34	34	34	34
12748	34	35	1	1	1
12749	34	36	2	2	2
12750	34	37	1	1	1
12751	34	38	2	2	2
12752	34	39	1	1	1
12753	34	40	2	2	2
12754	34	41	1	1	1
12755	34	42	2	2	2
12756	34	43	1	1	1
12757	34	44	2	2	2
12758	34	45	1	1	1
12759	34	46	2	2	2
12760	34	47	1	1	1
12761	34	48	2	2	2
12762	34	49	1	1	1
12763	34	50	2	2	2
12764	34	51	17	17	17
12765	34	52	2	2	2
12766	34	53	1	1	1
12767	34	54	2	2	2
12768	34	55	1	1	1
12769	34	56	2	2	2
12770	34	57	1	1	1
12771	34	58	2	2	2
12772	34	59	1	1	1
12773	34	60	2	2	2
12774	34	61	1	1	1
12775	34	62	2	2	2
12776	34	63	1	1	1
12777	34	64	2	2	2
12778	35	-64	-1	1	1
12779	35	-63	-7	7	7
12780	35	-62	-1	1	1
12781	35	-61	-1	1	1
12782	35	-60	-5	5	5
12783	35	-59	-1	1	1
12784	35	-58	-1	1	1
12785	35	-57	-1	1	1
12786	35	-56	-7	7	7
12787	35	-55	-5	5	5
12788	35	-54	-1	1	1
12789	35	-53	-1	1	1
12790	35	-52	-1	1	1
12791	35	-51	-1	1	1
12792	35	-50	-5	5	5
12793	35	-49	-7	7	7
12794	35	-48	-1	1	1
12795	35	-47	-1	1	1
12796	35	-46	-1	1	1
12797	35	-45	-5	5	5
12798	35	-44	-1	1	1
12799	35	-43	-1	1	1
12800	35	-42	-7	7	7
12801	35	-41	-1	1	1
12802	35	-40	-5	5	5
12803	35	-39	-1	1	1
12804	35	-38	-1	1	1
12805	35	-37	-1	1	1
12806	35	-36	-1	1	1
12807	35	-35	-35	35	35
12808	35	-34	-1	1	1
12809	35	-33	-1	1	1
12810	35	-32	-1	1	1
12811	35	-31	-1	1	1
12812	35	-30	-5	5	5
12813	35	-29	-1	1	1
12814	35	-28	-7	7	7
12815	35	-27	-1	1	1
12816	35	-26	-1	1	1
12817	35	-25	-5	5	5
12818	35	-24	-1	1	1
12819	35	-23	-1	1	1
12820	35	-22	-1	1	1
12821	35	-21	-7	7	7
12822	35	-20	-5	5	5
12823	35	-19	-1	1	1
12824	35	-18	-1	1	1
12825	35	-17	-1	1	1
12826	35	-16	-1	1	1
12827	35	-15	-5	5	5
12828	35	-14	-7	7	7
12829	35	-13	-1	1	1
12830	35	-12	-1	1	1
12831	35	-11	-1	1	1
12832	35	-10	-5	5	5
12833	35	-9	-1	1	1
12834	35	-8	-1	1	1
12835	35	-7	-7	7	7
12836	35	-6	-1	1	1
12837	35	-5	-5	5	5
12838	35	-4	-1	1	1
12839	35	-3	-1	1	1
12840	35	-2	-1	1	1
12841	35	-1	-1	1	1
12842	35	0	35	35	35
12843	35	1	1	1	1
12844	35	2	1	1	1
12845	35	3	1	1	1
12846	35	4	1	1	1
12847	35	5	5	5	5
12848	35	6	1	1	1
12849	35	7	7	7	7
12850	35	8	1	1	1
12851	35	9	1	1	1
12852	35	10	5	5	5
12853	35	11	1	1	1
12854	35	12	1	1	1
12855	35	13	1	1	1
12856	35	14	7	7	7
12857	35	15	5	5	5
12858	35	16	1	1	1
12859	35	17	1	1	1
12860	35	18	1	1	1
12861	35	19	1	1	1
12862	35	20	5	5	5
12863	35	21	7	7	7
12864	35	22	1	1	1
12865	35	23	1	1	1
12866	35	24	1	1	1
12867	35	25	5	5	5
12868	35	26	1	1	1
12869	35	27	1	1	1
12870	35	28	7	7	7
12871	35	29	1	1	1
12872	35	30	5	5	5
12873	35	31	1	1	1
12874	35	32	1	1	1
12875	35	33	1	1	1
12876	35	34	1	1	1
12877	35	35	35	35	35
12878	35	36	1	1	1
12879	35	37	1	1	1
12880	35	38	1	1	1
12881	35	39	1	1	1
12882	35	40	5	5	5
12883	35	41	1	1	1
12884	35	42	7	7	7
12885	35	43	1	1	1
12886	35	44	1	1	1
12887	35	45	5	5	5
12888	35	46	1	1	1
12889	35	47	1	1	1
12890	35	48	1	1	1
12891	35	49	7	7	7
12892	35	50	5	5	5
12893	35	51	1	1	1
12894	35	52	1	1	1
12895	35	53	1	1	1
12896	35	54	1	1	1
12897	35	55	5	5	5
12898	35	56	7	7	7
12899	35	57	1	1	1
12900	35	58	1	1	1
12901	35	59	1	1	1
12902	35	60	5	5	5
12903	35	61	1	1	1
12904	35	62	1	1	1
12905	35	63	7	7	7
12906	36	-64	-4	4	4
12907	36	-63	-9	9	9
12908	36	-62	-2	2	2
12909	36	-61	-1	1	1
12910	36	-60	-12	12	12
12911	36	-59	-1	1	1
12912	36	-58	-2	2	2
12913	36	-57	-3	3	3
12914	36	-56	-4	4	4
12915	36	-55	-1	1	1
12916	36	-54	-18	18	18
12917	36	-53	-1	1	1
12918	36	-52	-4	4	4
12919	36	-51	-3	3	3
12920	36	-50	-2	2	2
12921	36	-49	-1	1	1
12922	36	-48	-12	12	12
12923	36	-47	-1	1	1
12924	36	-46	-2	2	2
12925	36	-45	-9	9	9
12926	36	-44	-4	4	4
12927	36	-43	-1	1	1
12928	36	-42	-6	6	6
12929	36	-41	-1	1	1
12930	36	-40	-4	4	4
12931	36	-39	-3	3	3
12932	36	-38	-2	2	2
12933	36	-37	-1	1	1
12934	36	-36	-36	36	36
12935	36	-35	-1	1	1
12936	36	-34	-2	2	2
12937	36	-33	-3	3	3
12938	36	-32	-4	4	4
12939	36	-31	-1	1	1
12940	36	-30	-6	6	6
12941	36	-29	-1	1	1
12942	36	-28	-4	4	4
12943	36	-27	-9	9	9
12944	36	-26	-2	2	2
12945	36	-25	-1	1	1
12946	36	-24	-12	12	12
12947	36	-23	-1	1	1
12948	36	-22	-2	2	2
12949	36	-21	-3	3	3
12950	36	-20	-4	4	4
12951	36	-19	-1	1	1
12952	36	-18	-18	18	18
12953	36	-17	-1	1	1
12954	36	-16	-4	4	4
12955	36	-15	-3	3	3
12956	36	-14	-2	2	2
12957	36	-13	-1	1	1
12958	36	-12	-12	12	12
12959	36	-11	-1	1	1
12960	36	-10	-2	2	2
12961	36	-9	-9	9	9
12962	36	-8	-4	4	4
12963	36	-7	-1	1	1
12964	36	-6	-6	6	6
12965	36	-5	-1	1	1
12966	36	-4	-4	4	4
12967	36	-3	-3	3	3
12968	36	-2	-2	2	2
12969	36	-1	-1	1	1
12970	36	0	36	36	36
12971	36	1	1	1	1
12972	36	2	2	2	2
12973	36	3	3	3	3
12974	36	4	4	4	4
12975	36	5	1	1	1
12976	36	6	6	6	6
12977	36	7	1	1	1
12978	36	8	4	4	4
12979	36	9	9	9	9
12980	36	10	2	2	2
12981	36	11	1	1	1
12982	36	12	12	12	12
12983	36	13	1	1	1
12984	36	14	2	2	2
12985	36	15	3	3	3
12986	36	16	4	4	4
12987	36	17	1	1	1
12988	36	18	18	18	18
12989	36	19	1	1	1
12990	36	20	4	4	4
12991	36	21	3	3	3
12992	36	22	2	2	2
12993	36	23	1	1	1
12994	36	24	12	12	12
12995	36	25	1	1	1
12996	36	26	2	2	2
12997	36	27	9	9	9
12998	36	28	4	4	4
12999	36	29	1	1	1
13000	36	30	6	6	6
13001	36	31	1	1	1
13002	36	32	4	4	4
13003	36	33	3	3	3
13004	36	34	2	2	2
13005	36	35	1	1	1
13006	36	36	36	36	36
13007	36	37	1	1	1
13008	36	38	2	2	2
13009	36	39	3	3	3
13010	36	40	4	4	4
13011	36	41	1	1	1
13012	36	42	6	6	6
13013	36	43	1	1	1
13014	36	44	4	4	4
13015	36	45	9	9	9
13016	36	46	2	2	2
13017	36	47	1	1	1
13018	36	48	12	12	12
13019	36	49	1	1	1
13020	36	50	2	2	2
13021	36	51	3	3	3
13022	36	52	4	4	4
13023	36	53	1	1	1
13024	36	54	18	18	18
13025	36	55	1	1	1
13026	36	56	4	4	4
13027	36	57	3	3	3
13028	36	58	2	2	2
13029	36	59	1	1	1
13030	36	60	12	12	12
13031	36	61	1	1	1
13032	36	62	2	2	2
13033	36	63	9	9	9
13034	36	64	4	4	4
13035	37	-64	-1	1	1
13036	37	-63	-1	1	1
13037	37	-62	-1	1	1
13038	37	-61	-1	1	1
13039	37	-60	-1	1	1
13040	37	-59	-1	1	1
13041	37	-58	-1	1	1
13042	37	-57	-1	1	1
13043	37	-56	-1	1	1
13044	37	-55	-1	1	1
13045	37	-54	-1	1	1
13046	37	-53	-1	1	1
13047	37	-52	-1	1	1
13048	37	-51	-1	1	1
13049	37	-50	-1	1	1
13050	37	-49	-1	1	1
13051	37	-48	-1	1	1
13052	37	-47	-1	1	1
13053	37	-46	-1	1	1
13054	37	-45	-1	1	1
13055	37	-44	-1	1	1
13056	37	-43	-1	1	1
13057	37	-42	-1	1	1
13058	37	-41	-1	1	1
13059	37	-40	-1	1	1
13060	37	-39	-1	1	1
13061	37	-38	-1	1	1
13062	37	-37	-37	37	37
13063	37	-36	-1	1	1
13064	37	-35	-1	1	1
13065	37	-34	-1	1	1
13066	37	-33	-1	1	1
13067	37	-32	-1	1	1
13068	37	-31	-1	1	1
13069	37	-30	-1	1	1
13070	37	-29	-1	1	1
13071	37	-28	-1	1	1
13072	37	-27	-1	1	1
13073	37	-26	-1	1	1
13074	37	-25	-1	1	1
13075	37	-24	-1	1	1
13076	37	-23	-1	1	1
13077	37	-22	-1	1	1
13078	37	-21	-1	1	1
13079	37	-20	-1	1	1
13080	37	-19	-1	1	1
13081	37	-18	-1	1	1
13082	37	-17	-1	1	1
13083	37	-16	-1	1	1
13084	37	-15	-1	1	1
13085	37	-14	-1	1	1
13086	37	-13	-1	1	1
13087	37	-12	-1	1	1
13088	37	-11	-1	1	1
13089	37	-10	-1	1	1
13090	37	-9	-1	1	1
13091	37	-8	-1	1	1
13092	37	-7	-1	1	1
13093	37	-6	-1	1	1
13094	37	-5	-1	1	1
13095	37	-4	-1	1	1
13096	37	-3	-1	1	1
13097	37	-2	-1	1	1
13098	37	-1	-1	1	1
13099	37	0	37	37	37
13100	37	1	1	1	1
13101	37	2	1	1	1
13102	37	3	1	1	1
13103	37	4	1	1	1
13104	37	5	1	1	1
13105	37	6	1	1	1
13106	37	7	1	1	1
13107	37	8	1	1	1
13108	37	9	1	1	1
13109	37	10	1	1	1
13110	37	11	1	1	1
13111	37	12	1	1	1
13112	37	13	1	1	1
13113	37	14	1	1	1
13114	37	15	1	1	1
13115	37	16	1	1	1
13116	37	17	1	1	1
13117	37	18	1	1	1
13118	37	19	1	1	1
13119	37	20	1	1	1
13120	37	21	1	1	1
13121	37	22	1	1	1
13122	37	23	1	1	1
13123	37	24	1	1	1
13124	37	25	1	1	1
13125	37	26	1	1	1
13126	37	27	1	1	1
13127	37	28	1	1	1
13128	37	29	1	1	1
13129	37	30	1	1	1
13130	37	31	1	1	1
13131	37	32	1	1	1
13132	37	33	1	1	1
13133	37	34	1	1	1
13134	37	35	1	1	1
13135	37	36	1	1	1
13136	37	37	37	37	37
13137	37	38	1	1	1
13138	37	39	1	1	1
13139	37	40	1	1	1
13140	37	41	1	1	1
13141	37	42	1	1	1
13142	37	43	1	1	1
13143	37	44	1	1	1
13144	37	45	1	1	1
13145	37	46	1	1	1
13146	37	47	1	1	1
13147	37	48	1	1	1
13148	37	49	1	1	1
13149	37	50	1	1	1
13150	37	51	1	1	1
13151	37	52	1	1	1
13152	37	53	1	1	1
13153	37	54	1	1	1
13154	37	55	1	1	1
13155	37	56	1	1	1
13156	37	57	1	1	1
13157	37	58	1	1	1
13158	37	59	1	1	1
13159	37	60	1	1	1
13160	37	61	1	1	1
13161	37	62	1	1	1
13162	37	63	1	1	1
13163	37	64	1	1	1
13164	38	-64	-2	2	2
13165	38	-63	-1	1	1
13166	38	-62	-2	2	2
13167	38	-61	-1	1	1
13168	38	-60	-2	2	2
13169	38	-59	-1	1	1
13170	38	-58	-2	2	2
13171	38	-57	-19	19	19
13172	38	-56	-2	2	2
13173	38	-55	-1	1	1
13174	38	-54	-2	2	2
13175	38	-53	-1	1	1
13176	38	-52	-2	2	2
13177	38	-51	-1	1	1
13178	38	-50	-2	2	2
13179	38	-49	-1	1	1
13180	38	-48	-2	2	2
13181	38	-47	-1	1	1
13182	38	-46	-2	2	2
13183	38	-45	-1	1	1
13184	38	-44	-2	2	2
13185	38	-43	-1	1	1
13186	38	-42	-2	2	2
13187	38	-41	-1	1	1
13188	38	-40	-2	2	2
13189	38	-39	-1	1	1
13190	38	-38	-38	38	38
13191	38	-37	-1	1	1
13192	38	-36	-2	2	2
13193	38	-35	-1	1	1
13194	38	-34	-2	2	2
13195	38	-33	-1	1	1
13196	38	-32	-2	2	2
13197	38	-31	-1	1	1
13198	38	-30	-2	2	2
13199	38	-29	-1	1	1
13200	38	-28	-2	2	2
13201	38	-27	-1	1	1
13202	38	-26	-2	2	2
13203	38	-25	-1	1	1
13204	38	-24	-2	2	2
13205	38	-23	-1	1	1
13206	38	-22	-2	2	2
13207	38	-21	-1	1	1
13208	38	-20	-2	2	2
13209	38	-19	-19	19	19
13210	38	-18	-2	2	2
13211	38	-17	-1	1	1
13212	38	-16	-2	2	2
13213	38	-15	-1	1	1
13214	38	-14	-2	2	2
13215	38	-13	-1	1	1
13216	38	-12	-2	2	2
13217	38	-11	-1	1	1
13218	38	-10	-2	2	2
13219	38	-9	-1	1	1
13220	38	-8	-2	2	2
13221	38	-7	-1	1	1
13222	38	-6	-2	2	2
13223	38	-5	-1	1	1
13224	38	-4	-2	2	2
13225	38	-3	-1	1	1
13226	38	-2	-2	2	2
13227	38	-1	-1	1	1
13228	38	0	38	38	38
13229	38	1	1	1	1
13230	38	2	2	2	2
13231	38	3	1	1	1
13232	38	4	2	2	2
13233	38	5	1	1	1
13234	38	6	2	2	2
13235	38	7	1	1	1
13236	38	8	2	2	2
13237	38	9	1	1	1
13238	38	10	2	2	2
13239	38	11	1	1	1
13240	38	12	2	2	2
13241	38	13	1	1	1
13242	38	14	2	2	2
13243	38	15	1	1	1
13244	38	16	2	2	2
13245	38	17	1	1	1
13246	38	18	2	2	2
13247	38	19	19	19	19
13248	38	20	2	2	2
13249	38	21	1	1	1
13250	38	22	2	2	2
13251	38	23	1	1	1
13252	38	24	2	2	2
13253	38	25	1	1	1
13254	38	26	2	2	2
13255	38	27	1	1	1
13256	38	28	2	2	2
13257	38	29	1	1	1
13258	38	30	2	2	2
13259	38	31	1	1	1
13260	38	32	2	2	2
13261	38	33	1	1	1
13262	38	34	2	2	2
13263	38	35	1	1	1
13264	38	36	2	2	2
13265	38	37	1	1	1
13266	38	38	38	38	38
13267	38	39	1	1	1
13268	38	40	2	2	2
13269	38	41	1	1	1
13270	38	42	2	2	2
13271	38	43	1	1	1
13272	38	44	2	2	2
13273	38	45	1	1	1
13274	38	46	2	2	2
13275	38	47	1	1	1
13276	38	48	2	2	2
13277	38	49	1	1	1
13278	38	50	2	2	2
13279	38	51	1	1	1
13280	38	52	2	2	2
13281	38	53	1	1	1
13282	38	54	2	2	2
13283	38	55	1	1	1
13284	38	56	2	2	2
13285	38	57	19	19	19
13286	38	58	2	2	2
13287	38	59	1	1	1
13288	38	60	2	2	2
13289	38	61	1	1	1
13290	38	62	2	2	2
13291	38	63	1	1	1
13292	38	64	2	2	2
13293	39	-64	-1	1	1
13294	39	-63	-3	3	3
13295	39	-62	-1	1	1
13296	39	-61	-1	1	1
13297	39	-60	-3	3	3
13298	39	-59	-1	1	1
13299	39	-58	-1	1	1
13300	39	-57	-3	3	3
13301	39	-56	-1	1	1
13302	39	-55	-1	1	1
13303	39	-54	-3	3	3
13304	39	-53	-1	1	1
13305	39	-52	-13	13	13
13306	39	-51	-3	3	3
13307	39	-50	-1	1	1
13308	39	-49	-1	1	1
13309	39	-48	-3	3	3
13310	39	-47	-1	1	1
13311	39	-46	-1	1	1
13312	39	-45	-3	3	3
13313	39	-44	-1	1	1
13314	39	-43	-1	1	1
13315	39	-42	-3	3	3
13316	39	-41	-1	1	1
13317	39	-40	-1	1	1
13318	39	-39	-39	39	39
13319	39	-38	-1	1	1
13320	39	-37	-1	1	1
13321	39	-36	-3	3	3
13322	39	-35	-1	1	1
13323	39	-34	-1	1	1
13324	39	-33	-3	3	3
13325	39	-32	-1	1	1
13326	39	-31	-1	1	1
13327	39	-30	-3	3	3
13328	39	-29	-1	1	1
13329	39	-28	-1	1	1
13330	39	-27	-3	3	3
13331	39	-26	-13	13	13
13332	39	-25	-1	1	1
13333	39	-24	-3	3	3
13334	39	-23	-1	1	1
13335	39	-22	-1	1	1
13336	39	-21	-3	3	3
13337	39	-20	-1	1	1
13338	39	-19	-1	1	1
13339	39	-18	-3	3	3
13340	39	-17	-1	1	1
13341	39	-16	-1	1	1
13342	39	-15	-3	3	3
13343	39	-14	-1	1	1
13344	39	-13	-13	13	13
13345	39	-12	-3	3	3
13346	39	-11	-1	1	1
13347	39	-10	-1	1	1
13348	39	-9	-3	3	3
13349	39	-8	-1	1	1
13350	39	-7	-1	1	1
13351	39	-6	-3	3	3
13352	39	-5	-1	1	1
13353	39	-4	-1	1	1
13354	39	-3	-3	3	3
13355	39	-2	-1	1	1
13356	39	-1	-1	1	1
13357	39	0	39	39	39
13358	39	1	1	1	1
13359	39	2	1	1	1
13360	39	3	3	3	3
13361	39	4	1	1	1
13362	39	5	1	1	1
13363	39	6	3	3	3
13364	39	7	1	1	1
13365	39	8	1	1	1
13366	39	9	3	3	3
13367	39	10	1	1	1
13368	39	11	1	1	1
13369	39	12	3	3	3
13370	39	13	13	13	13
13371	39	14	1	1	1
13372	39	15	3	3	3
13373	39	16	1	1	1
13374	39	17	1	1	1
13375	39	18	3	3	3
13376	39	19	1	1	1
13377	39	20	1	1	1
13378	39	21	3	3	3
13379	39	22	1	1	1
13380	39	23	1	1	1
13381	39	24	3	3	3
13382	39	25	1	1	1
13383	39	26	13	13	13
13384	39	27	3	3	3
13385	39	28	1	1	1
13386	39	29	1	1	1
13387	39	30	3	3	3
13388	39	31	1	1	1
13389	39	32	1	1	1
13390	39	33	3	3	3
13391	39	34	1	1	1
13392	39	35	1	1	1
13393	39	36	3	3	3
13394	39	37	1	1	1
13395	39	38	1	1	1
13396	39	39	39	39	39
13397	39	40	1	1	1
13398	39	41	1	1	1
13399	39	42	3	3	3
13400	39	43	1	1	1
13401	39	44	1	1	1
13402	39	45	3	3	3
13403	39	46	1	1	1
13404	39	47	1	1	1
13405	39	48	3	3	3
13406	39	49	1	1	1
13407	39	50	1	1	1
13408	39	51	3	3	3
13409	39	52	13	13	13
13410	39	53	1	1	1
13411	39	54	3	3	3
13412	39	55	1	1	1
13413	39	56	1	1	1
13414	39	57	3	3	3
13415	39	58	1	1	1
13416	39	59	1	1	1
13417	39	60	3	3	3
13418	39	61	1	1	1
13419	39	62	1	1	1
13420	39	63	3	3	3
13421	39	64	1	1	1
13422	40	-64	-8	8	8
13423	40	-63	-1	1	1
13424	40	-62	-2	2	2
13425	40	-61	-1	1	1
13426	40	-60	-20	20	20
13427	40	-59	-1	1	1
13428	40	-58	-2	2	2
13429	40	-57	-1	1	1
13430	40	-56	-8	8	8
13431	40	-55	-5	5	5
13432	40	-54	-2	2	2
13433	40	-53	-1	1	1
13434	40	-52	-4	4	4
13435	40	-51	-1	1	1
13436	40	-50	-10	10	10
13437	40	-49	-1	1	1
13438	40	-48	-8	8	8
13439	40	-47	-1	1	1
13440	40	-46	-2	2	2
13441	40	-45	-5	5	5
13442	40	-44	-4	4	4
13443	40	-43	-1	1	1
13444	40	-42	-2	2	2
13445	40	-41	-1	1	1
13446	40	-40	-40	40	40
13447	40	-39	-1	1	1
13448	40	-38	-2	2	2
13449	40	-37	-1	1	1
13450	40	-36	-4	4	4
13451	40	-35	-5	5	5
13452	40	-34	-2	2	2
13453	40	-33	-1	1	1
13454	40	-32	-8	8	8
13455	40	-31	-1	1	1
13456	40	-30	-10	10	10
13457	40	-29	-1	1	1
13458	40	-28	-4	4	4
13459	40	-27	-1	1	1
13460	40	-26	-2	2	2
13461	40	-25	-5	5	5
13462	40	-24	-8	8	8
13463	40	-23	-1	1	1
13464	40	-22	-2	2	2
13465	40	-21	-1	1	1
13466	40	-20	-20	20	20
13467	40	-19	-1	1	1
13468	40	-18	-2	2	2
13469	40	-17	-1	1	1
13470	40	-16	-8	8	8
13471	40	-15	-5	5	5
13472	40	-14	-2	2	2
13473	40	-13	-1	1	1
13474	40	-12	-4	4	4
13475	40	-11	-1	1	1
13476	40	-10	-10	10	10
13477	40	-9	-1	1	1
13478	40	-8	-8	8	8
13479	40	-7	-1	1	1
13480	40	-6	-2	2	2
13481	40	-5	-5	5	5
13482	40	-4	-4	4	4
13483	40	-3	-1	1	1
13484	40	-2	-2	2	2
13485	40	-1	-1	1	1
13486	40	0	40	40	40
13487	40	1	1	1	1
13488	40	2	2	2	2
13489	40	3	1	1	1
13490	40	4	4	4	4
13491	40	5	5	5	5
13492	40	6	2	2	2
13493	40	7	1	1	1
13494	40	8	8	8	8
13495	40	9	1	1	1
13496	40	10	10	10	10
13497	40	11	1	1	1
13498	40	12	4	4	4
13499	40	13	1	1	1
13500	40	14	2	2	2
13501	40	15	5	5	5
13502	40	16	8	8	8
13503	40	17	1	1	1
13504	40	18	2	2	2
13505	40	19	1	1	1
13506	40	20	20	20	20
13507	40	21	1	1	1
13508	40	22	2	2	2
13509	40	23	1	1	1
13510	40	24	8	8	8
13511	40	25	5	5	5
13512	40	26	2	2	2
13513	40	27	1	1	1
13514	40	28	4	4	4
13515	40	29	1	1	1
13516	40	30	10	10	10
13517	40	31	1	1	1
13518	40	32	8	8	8
13519	40	33	1	1	1
13520	40	34	2	2	2
13521	40	35	5	5	5
13522	40	36	4	4	4
13523	40	37	1	1	1
13524	40	38	2	2	2
13525	40	39	1	1	1
13526	40	40	40	40	40
13527	40	41	1	1	1
13528	40	42	2	2	2
13529	40	43	1	1	1
13530	40	44	4	4	4
13531	40	45	5	5	5
13532	40	46	2	2	2
13533	40	47	1	1	1
13534	40	48	8	8	8
13535	40	49	1	1	1
13536	40	50	10	10	10
13537	40	51	1	1	1
13538	40	52	4	4	4
13539	40	53	1	1	1
13540	40	54	2	2	2
13541	40	55	5	5	5
13542	40	56	8	8	8
13543	40	57	1	1	1
13544	40	58	2	2	2
13545	40	59	1	1	1
13546	40	60	20	20	20
13547	40	61	1	1	1
13548	40	62	2	2	2
13549	40	63	1	1	1
13550	40	64	8	8	8
13551	41	-64	-1	1	1
13552	41	-63	-1	1	1
13553	41	-62	-1	1	1
13554	41	-61	-1	1	1
13555	41	-60	-1	1	1
13556	41	-59	-1	1	1
13557	41	-58	-1	1	1
13558	41	-57	-1	1	1
13559	41	-56	-1	1	1
13560	41	-55	-1	1	1
13561	41	-54	-1	1	1
13562	41	-53	-1	1	1
13563	41	-52	-1	1	1
13564	41	-51	-1	1	1
13565	41	-50	-1	1	1
13566	41	-49	-1	1	1
13567	41	-48	-1	1	1
13568	41	-47	-1	1	1
13569	41	-46	-1	1	1
13570	41	-45	-1	1	1
13571	41	-44	-1	1	1
13572	41	-43	-1	1	1
13573	41	-42	-1	1	1
13574	41	-41	-41	41	41
13575	41	-40	-1	1	1
13576	41	-39	-1	1	1
13577	41	-38	-1	1	1
13578	41	-37	-1	1	1
13579	41	-36	-1	1	1
13580	41	-35	-1	1	1
13581	41	-34	-1	1	1
13582	41	-33	-1	1	1
13583	41	-32	-1	1	1
13584	41	-31	-1	1	1
13585	41	-30	-1	1	1
13586	41	-29	-1	1	1
13587	41	-28	-1	1	1
13588	41	-27	-1	1	1
13589	41	-26	-1	1	1
13590	41	-25	-1	1	1
13591	41	-24	-1	1	1
13592	41	-23	-1	1	1
13593	41	-22	-1	1	1
13594	41	-21	-1	1	1
13595	41	-20	-1	1	1
13596	41	-19	-1	1	1
13597	41	-18	-1	1	1
13598	41	-17	-1	1	1
13599	41	-16	-1	1	1
13600	41	-15	-1	1	1
13601	41	-14	-1	1	1
13602	41	-13	-1	1	1
13603	41	-12	-1	1	1
13604	41	-11	-1	1	1
13605	41	-10	-1	1	1
13606	41	-9	-1	1	1
13607	41	-8	-1	1	1
13608	41	-7	-1	1	1
13609	41	-6	-1	1	1
13610	41	-5	-1	1	1
13611	41	-4	-1	1	1
13612	41	-3	-1	1	1
13613	41	-2	-1	1	1
13614	41	-1	-1	1	1
13615	41	0	41	41	41
13616	41	1	1	1	1
13617	41	2	1	1	1
13618	41	3	1	1	1
13619	41	4	1	1	1
13620	41	5	1	1	1
13621	41	6	1	1	1
13622	41	7	1	1	1
13623	41	8	1	1	1
13624	41	9	1	1	1
13625	41	10	1	1	1
13626	41	11	1	1	1
13627	41	12	1	1	1
13628	41	13	1	1	1
13629	41	14	1	1	1
13630	41	15	1	1	1
13631	41	16	1	1	1
13632	41	17	1	1	1
13633	41	18	1	1	1
13634	41	19	1	1	1
13635	41	20	1	1	1
13636	41	21	1	1	1
13637	41	22	1	1	1
13638	41	23	1	1	1
13639	41	24	1	1	1
13640	41	25	1	1	1
13641	41	26	1	1	1
13642	41	27	1	1	1
13643	41	28	1	1	1
13644	41	29	1	1	1
13645	41	30	1	1	1
13646	41	31	1	1	1
13647	41	32	1	1	1
13648	41	33	1	1	1
13649	41	34	1	1	1
13650	41	35	1	1	1
13651	41	36	1	1	1
13652	41	37	1	1	1
13653	41	38	1	1	1
13654	41	39	1	1	1
13655	41	40	1	1	1
13656	41	41	41	41	41
13657	41	42	1	1	1
13658	41	43	1	1	1
13659	41	44	1	1	1
13660	41	45	1	1	1
13661	41	46	1	1	1
13662	41	47	1	1	1
13663	41	48	1	1	1
13664	41	49	1	1	1
13665	41	50	1	1	1
13666	41	51	1	1	1
13667	41	52	1	1	1
13668	41	53	1	1	1
13669	41	54	1	1	1
13670	41	55	1	1	1
13671	41	56	1	1	1
13672	41	57	1	1	1
13673	41	58	1	1	1
13674	41	59	1	1	1
13675	41	60	1	1	1
13676	41	61	1	1	1
13677	41	62	1	1	1
13678	41	63	1	1	1
13679	41	64	1	1	1
13680	42	-64	-2	2	2
13681	42	-63	-21	21	21
13682	42	-62	-2	2	2
13683	42	-61	-1	1	1
13684	42	-60	-6	6	6
13685	42	-59	-1	1	1
13686	42	-58	-2	2	2
13687	42	-57	-3	3	3
13688	42	-56	-14	14	14
13689	42	-55	-1	1	1
13690	42	-54	-6	6	6
13691	42	-53	-1	1	1
13692	42	-52	-2	2	2
13693	42	-51	-3	3	3
13694	42	-50	-2	2	2
13695	42	-49	-7	7	7
13696	42	-48	-6	6	6
13697	42	-47	-1	1	1
13698	42	-46	-2	2	2
13699	42	-45	-3	3	3
13700	42	-44	-2	2	2
13701	42	-43	-1	1	1
13702	42	-42	-42	42	42
13703	42	-41	-1	1	1
13704	42	-40	-2	2	2
13705	42	-39	-3	3	3
13706	42	-38	-2	2	2
13707	42	-37	-1	1	1
13708	42	-36	-6	6	6
13709	42	-35	-7	7	7
13710	42	-34	-2	2	2
13711	42	-33	-3	3	3
13712	42	-32	-2	2	2
13713	42	-31	-1	1	1
13714	42	-30	-6	6	6
13715	42	-29	-1	1	1
13716	42	-28	-14	14	14
13717	42	-27	-3	3	3
13718	42	-26	-2	2	2
13719	42	-25	-1	1	1
13720	42	-24	-6	6	6
13721	42	-23	-1	1	1
13722	42	-22	-2	2	2
13723	42	-21	-21	21	21
13724	42	-20	-2	2	2
13725	42	-19	-1	1	1
13726	42	-18	-6	6	6
13727	42	-17	-1	1	1
13728	42	-16	-2	2	2
13729	42	-15	-3	3	3
13730	42	-14	-14	14	14
13731	42	-13	-1	1	1
13732	42	-12	-6	6	6
13733	42	-11	-1	1	1
13734	42	-10	-2	2	2
13735	42	-9	-3	3	3
13736	42	-8	-2	2	2
13737	42	-7	-7	7	7
13738	42	-6	-6	6	6
13739	42	-5	-1	1	1
13740	42	-4	-2	2	2
13741	42	-3	-3	3	3
13742	42	-2	-2	2	2
13743	42	-1	-1	1	1
13744	42	0	42	42	42
13745	42	1	1	1	1
13746	42	2	2	2	2
13747	42	3	3	3	3
13748	42	4	2	2	2
13749	42	5	1	1	1
13750	42	6	6	6	6
13751	42	7	7	7	7
13752	42	8	2	2	2
13753	42	9	3	3	3
13754	42	10	2	2	2
13755	42	11	1	1	1
13756	42	12	6	6	6
13757	42	13	1	1	1
13758	42	14	14	14	14
13759	42	15	3	3	3
13760	42	16	2	2	2
13761	42	17	1	1	1
13762	42	18	6	6	6
13763	42	19	1	1	1
13764	42	20	2	2	2
13765	42	21	21	21	21
13766	42	22	2	2	2
13767	42	23	1	1	1
13768	42	24	6	6	6
13769	42	25	1	1	1
13770	42	26	2	2	2
13771	42	27	3	3	3
13772	42	28	14	14	14
13773	42	29	1	1	1
13774	42	30	6	6	6
13775	42	31	1	1	1
13776	42	32	2	2	2
13777	42	33	3	3	3
13778	42	34	2	2	2
13779	42	35	7	7	7
13780	42	36	6	6	6
13781	42	37	1	1	1
13782	42	38	2	2	2
13783	42	39	3	3	3
13784	42	40	2	2	2
13785	42	41	1	1	1
13786	42	42	42	42	42
13787	42	43	1	1	1
13788	42	44	2	2	2
13789	42	45	3	3	3
13790	42	46	2	2	2
13791	42	47	1	1	1
13792	42	48	6	6	6
13793	42	49	7	7	7
13794	42	50	2	2	2
13795	42	51	3	3	3
13796	42	52	2	2	2
13797	42	53	1	1	1
13798	42	54	6	6	6
13799	42	55	1	1	1
13800	42	56	14	14	14
13801	42	57	3	3	3
13802	42	58	2	2	2
13803	42	59	1	1	1
13804	42	60	6	6	6
13805	42	61	1	1	1
13806	42	62	2	2	2
13807	42	63	21	21	21
13808	42	64	2	2	2
13809	43	-64	-1	1	1
13810	43	-63	-1	1	1
13811	43	-62	-1	1	1
13812	43	-61	-1	1	1
13813	43	-60	-1	1	1
13814	43	-59	-1	1	1
13815	43	-58	-1	1	1
13816	43	-57	-1	1	1
13817	43	-56	-1	1	1
13818	43	-55	-1	1	1
13819	43	-54	-1	1	1
13820	43	-53	-1	1	1
13821	43	-52	-1	1	1
13822	43	-51	-1	1	1
13823	43	-50	-1	1	1
13824	43	-49	-1	1	1
13825	43	-48	-1	1	1
13826	43	-47	-1	1	1
13827	43	-46	-1	1	1
13828	43	-45	-1	1	1
13829	43	-44	-1	1	1
13830	43	-43	-43	43	43
13831	43	-42	-1	1	1
13832	43	-41	-1	1	1
13833	43	-40	-1	1	1
13834	43	-39	-1	1	1
13835	43	-38	-1	1	1
13836	43	-37	-1	1	1
13837	43	-36	-1	1	1
13838	43	-35	-1	1	1
13839	43	-34	-1	1	1
13840	43	-33	-1	1	1
13841	43	-32	-1	1	1
13842	43	-31	-1	1	1
13843	43	-30	-1	1	1
13844	43	-29	-1	1	1
13845	43	-28	-1	1	1
13846	43	-27	-1	1	1
13847	43	-26	-1	1	1
13848	43	-25	-1	1	1
13849	43	-24	-1	1	1
13850	43	-23	-1	1	1
13851	43	-22	-1	1	1
13852	43	-21	-1	1	1
13853	43	-20	-1	1	1
13854	43	-19	-1	1	1
13855	43	-18	-1	1	1
13856	43	-17	-1	1	1
13857	43	-16	-1	1	1
13858	43	-15	-1	1	1
13859	43	-14	-1	1	1
13860	43	-13	-1	1	1
13861	43	-12	-1	1	1
13862	43	-11	-1	1	1
13863	43	-10	-1	1	1
13864	43	-9	-1	1	1
13865	43	-8	-1	1	1
13866	43	-7	-1	1	1
13867	43	-6	-1	1	1
13868	43	-5	-1	1	1
13869	43	-4	-1	1	1
13870	43	-3	-1	1	1
13871	43	-2	-1	1	1
13872	43	-1	-1	1	1
13873	43	0	43	43	43
13874	43	1	1	1	1
13875	43	2	1	1	1
13876	43	3	1	1	1
13877	43	4	1	1	1
13878	43	5	1	1	1
13879	43	6	1	1	1
13880	43	7	1	1	1
13881	43	8	1	1	1
13882	43	9	1	1	1
13883	43	10	1	1	1
13884	43	11	1	1	1
13885	43	12	1	1	1
13886	43	13	1	1	1
13887	43	14	1	1	1
13888	43	15	1	1	1
13889	43	16	1	1	1
13890	43	17	1	1	1
13891	43	18	1	1	1
13892	43	19	1	1	1
13893	43	20	1	1	1
13894	43	21	1	1	1
13895	43	22	1	1	1
13896	43	23	1	1	1
13897	43	24	1	1	1
13898	43	25	1	1	1
13899	43	26	1	1	1
13900	43	27	1	1	1
13901	43	28	1	1	1
13902	43	29	1	1	1
13903	43	30	1	1	1
13904	43	31	1	1	1
13905	43	32	1	1	1
13906	43	33	1	1	1
13907	43	34	1	1	1
13908	43	35	1	1	1
13909	43	36	1	1	1
13910	43	37	1	1	1
13911	43	38	1	1	1
13912	43	39	1	1	1
13913	43	40	1	1	1
13914	43	41	1	1	1
13915	43	42	1	1	1
13916	43	43	43	43	43
13917	43	44	1	1	1
13918	43	45	1	1	1
13919	43	46	1	1	1
13920	43	47	1	1	1
13921	43	48	1	1	1
13922	43	49	1	1	1
13923	43	50	1	1	1
13924	43	51	1	1	1
13925	43	52	1	1	1
13926	43	53	1	1	1
13927	43	54	1	1	1
13928	43	55	1	1	1
13929	43	56	1	1	1
13930	43	57	1	1	1
13931	43	58	1	1	1
13932	43	59	1	1	1
13933	43	60	1	1	1
13934	43	61	1	1	1
13935	43	62	1	1	1
13936	43	63	1	1	1
13937	43	64	1	1	1
13938	44	-64	-4	4	4
13939	44	-63	-1	1	1
13940	44	-62	-2	2	2
13941	44	-61	-1	1	1
13942	44	-60	-4	4	4
13943	44	-59	-1	1	1
13944	44	-58	-2	2	2
13945	44	-57	-1	1	1
13946	44	-56	-4	4	4
13947	44	-55	-11	11	11
13948	44	-54	-2	2	2
13949	44	-53	-1	1	1
13950	44	-52	-4	4	4
13951	44	-51	-1	1	1
13952	44	-50	-2	2	2
13953	44	-49	-1	1	1
13954	44	-48	-4	4	4
13955	44	-47	-1	1	1
13956	44	-46	-2	2	2
13957	44	-45	-1	1	1
13958	44	-44	-44	44	44
13959	44	-43	-1	1	1
13960	44	-42	-2	2	2
13961	44	-41	-1	1	1
13962	44	-40	-4	4	4
13963	44	-39	-1	1	1
13964	44	-38	-2	2	2
13965	44	-37	-1	1	1
13966	44	-36	-4	4	4
13967	44	-35	-1	1	1
13968	44	-34	-2	2	2
13969	44	-33	-11	11	11
13970	44	-32	-4	4	4
13971	44	-31	-1	1	1
13972	44	-30	-2	2	2
13973	44	-29	-1	1	1
13974	44	-28	-4	4	4
13975	44	-27	-1	1	1
13976	44	-26	-2	2	2
13977	44	-25	-1	1	1
13978	44	-24	-4	4	4
13979	44	-23	-1	1	1
13980	44	-22	-22	22	22
13981	44	-21	-1	1	1
13982	44	-20	-4	4	4
13983	44	-19	-1	1	1
13984	44	-18	-2	2	2
13985	44	-17	-1	1	1
13986	44	-16	-4	4	4
13987	44	-15	-1	1	1
13988	44	-14	-2	2	2
13989	44	-13	-1	1	1
13990	44	-12	-4	4	4
13991	44	-11	-11	11	11
13992	44	-10	-2	2	2
13993	44	-9	-1	1	1
13994	44	-8	-4	4	4
13995	44	-7	-1	1	1
13996	44	-6	-2	2	2
13997	44	-5	-1	1	1
13998	44	-4	-4	4	4
13999	44	-3	-1	1	1
14000	44	-2	-2	2	2
14001	44	-1	-1	1	1
14002	44	0	44	44	44
14003	44	1	1	1	1
14004	44	2	2	2	2
14005	44	3	1	1	1
14006	44	4	4	4	4
14007	44	5	1	1	1
14008	44	6	2	2	2
14009	44	7	1	1	1
14010	44	8	4	4	4
14011	44	9	1	1	1
14012	44	10	2	2	2
14013	44	11	11	11	11
14014	44	12	4	4	4
14015	44	13	1	1	1
14016	44	14	2	2	2
14017	44	15	1	1	1
14018	44	16	4	4	4
14019	44	17	1	1	1
14020	44	18	2	2	2
14021	44	19	1	1	1
14022	44	20	4	4	4
14023	44	21	1	1	1
14024	44	22	22	22	22
14025	44	23	1	1	1
14026	44	24	4	4	4
14027	44	25	1	1	1
14028	44	26	2	2	2
14029	44	27	1	1	1
14030	44	28	4	4	4
14031	44	29	1	1	1
14032	44	30	2	2	2
14033	44	31	1	1	1
14034	44	32	4	4	4
14035	44	33	11	11	11
14036	44	34	2	2	2
14037	44	35	1	1	1
14038	44	36	4	4	4
14039	44	37	1	1	1
14040	44	38	2	2	2
14041	44	39	1	1	1
14042	44	40	4	4	4
14043	44	41	1	1	1
14044	44	42	2	2	2
14045	44	43	1	1	1
14046	44	44	44	44	44
14047	44	45	1	1	1
14048	44	46	2	2	2
14049	44	47	1	1	1
14050	44	48	4	4	4
14051	44	49	1	1	1
14052	44	50	2	2	2
14053	44	51	1	1	1
14054	44	52	4	4	4
14055	44	53	1	1	1
14056	44	54	2	2	2
14057	44	55	11	11	11
14058	44	56	4	4	4
14059	44	57	1	1	1
14060	44	58	2	2	2
14061	44	59	1	1	1
14062	44	60	4	4	4
14063	44	61	1	1	1
14064	44	62	2	2	2
14065	44	63	1	1	1
14066	44	64	4	4	4
14067	45	-64	-1	1	1
14068	45	-63	-9	9	9
14069	45	-62	-1	1	1
14070	45	-61	-1	1	1
14071	45	-60	-15	15	15
14072	45	-59	-1	1	1
14073	45	-58	-1	1	1
14074	45	-57	-3	3	3
14075	45	-56	-1	1	1
14076	45	-55	-5	5	5
14077	45	-54	-9	9	9
14078	45	-53	-1	1	1
14079	45	-52	-1	1	1
14080	45	-51	-3	3	3
14081	45	-50	-5	5	5
14082	45	-49	-1	1	1
14083	45	-48	-3	3	3
14084	45	-47	-1	1	1
14085	45	-46	-1	1	1
14086	45	-45	-45	45	45
14087	45	-44	-1	1	1
14088	45	-43	-1	1	1
14089	45	-42	-3	3	3
14090	45	-41	-1	1	1
14091	45	-40	-5	5	5
14092	45	-39	-3	3	3
14093	45	-38	-1	1	1
14094	45	-37	-1	1	1
14095	45	-36	-9	9	9
14096	45	-35	-5	5	5
14097	45	-34	-1	1	1
14098	45	-33	-3	3	3
14099	45	-32	-1	1	1
14100	45	-31	-1	1	1
14101	45	-30	-15	15	15
14102	45	-29	-1	1	1
14103	45	-28	-1	1	1
14104	45	-27	-9	9	9
14105	45	-26	-1	1	1
14106	45	-25	-5	5	5
14107	45	-24	-3	3	3
14108	45	-23	-1	1	1
14109	45	-22	-1	1	1
14110	45	-21	-3	3	3
14111	45	-20	-5	5	5
14112	45	-19	-1	1	1
14113	45	-18	-9	9	9
14114	45	-17	-1	1	1
14115	45	-16	-1	1	1
14116	45	-15	-15	15	15
14117	45	-14	-1	1	1
14118	45	-13	-1	1	1
14119	45	-12	-3	3	3
14120	45	-11	-1	1	1
14121	45	-10	-5	5	5
14122	45	-9	-9	9	9
14123	45	-8	-1	1	1
14124	45	-7	-1	1	1
14125	45	-6	-3	3	3
14126	45	-5	-5	5	5
14127	45	-4	-1	1	1
14128	45	-3	-3	3	3
14129	45	-2	-1	1	1
14130	45	-1	-1	1	1
14131	45	0	45	45	45
14132	45	1	1	1	1
14133	45	2	1	1	1
14134	45	3	3	3	3
14135	45	4	1	1	1
14136	45	5	5	5	5
14137	45	6	3	3	3
14138	45	7	1	1	1
14139	45	8	1	1	1
14140	45	9	9	9	9
14141	45	10	5	5	5
14142	45	11	1	1	1
14143	45	12	3	3	3
14144	45	13	1	1	1
14145	45	14	1	1	1
14146	45	15	15	15	15
14147	45	16	1	1	1
14148	45	17	1	1	1
14149	45	18	9	9	9
14150	45	19	1	1	1
14151	45	20	5	5	5
14152	45	21	3	3	3
14153	45	22	1	1	1
14154	45	23	1	1	1
14155	45	24	3	3	3
14156	45	25	5	5	5
14157	45	26	1	1	1
14158	45	27	9	9	9
14159	45	28	1	1	1
14160	45	29	1	1	1
14161	45	30	15	15	15
14162	45	31	1	1	1
14163	45	32	1	1	1
14164	45	33	3	3	3
14165	45	34	1	1	1
14166	45	35	5	5	5
14167	45	36	9	9	9
14168	45	37	1	1	1
14169	45	38	1	1	1
14170	45	39	3	3	3
14171	45	40	5	5	5
14172	45	41	1	1	1
14173	45	42	3	3	3
14174	45	43	1	1	1
14175	45	44	1	1	1
14176	45	45	45	45	45
14177	45	46	1	1	1
14178	45	47	1	1	1
14179	45	48	3	3	3
14180	45	49	1	1	1
14181	45	50	5	5	5
14182	45	51	3	3	3
14183	45	52	1	1	1
14184	45	53	1	1	1
14185	45	54	9	9	9
14186	45	55	5	5	5
14187	45	56	1	1	1
14188	45	57	3	3	3
14189	45	58	1	1	1
14190	45	59	1	1	1
14191	45	60	15	15	15
14192	45	61	1	1	1
14193	45	62	1	1	1
14194	45	63	9	9	9
14195	45	64	1	1	1
14196	46	-64	-2	2	2
14197	46	-63	-1	1	1
14198	46	-62	-2	2	2
14199	46	-61	-1	1	1
14200	46	-60	-2	2	2
14201	46	-59	-1	1	1
14202	46	-58	-2	2	2
14203	46	-57	-1	1	1
14204	46	-56	-2	2	2
14205	46	-55	-1	1	1
14206	46	-54	-2	2	2
14207	46	-53	-1	1	1
14208	46	-52	-2	2	2
14209	46	-51	-1	1	1
14210	46	-50	-2	2	2
14211	46	-49	-1	1	1
14212	46	-48	-2	2	2
14213	46	-47	-1	1	1
14214	46	-46	-46	46	46
14215	46	-45	-1	1	1
14216	46	-44	-2	2	2
14217	46	-43	-1	1	1
14218	46	-42	-2	2	2
14219	46	-41	-1	1	1
14220	46	-40	-2	2	2
14221	46	-39	-1	1	1
14222	46	-38	-2	2	2
14223	46	-37	-1	1	1
14224	46	-36	-2	2	2
14225	46	-35	-1	1	1
14226	46	-34	-2	2	2
14227	46	-33	-1	1	1
14228	46	-32	-2	2	2
14229	46	-31	-1	1	1
14230	46	-30	-2	2	2
14231	46	-29	-1	1	1
14232	46	-28	-2	2	2
14233	46	-27	-1	1	1
14234	46	-26	-2	2	2
14235	46	-25	-1	1	1
14236	46	-24	-2	2	2
14237	46	-23	-23	23	23
14238	46	-22	-2	2	2
14239	46	-21	-1	1	1
14240	46	-20	-2	2	2
14241	46	-19	-1	1	1
14242	46	-18	-2	2	2
14243	46	-17	-1	1	1
14244	46	-16	-2	2	2
14245	46	-15	-1	1	1
14246	46	-14	-2	2	2
14247	46	-13	-1	1	1
14248	46	-12	-2	2	2
14249	46	-11	-1	1	1
14250	46	-10	-2	2	2
14251	46	-9	-1	1	1
14252	46	-8	-2	2	2
14253	46	-7	-1	1	1
14254	46	-6	-2	2	2
14255	46	-5	-1	1	1
14256	46	-4	-2	2	2
14257	46	-3	-1	1	1
14258	46	-2	-2	2	2
14259	46	-1	-1	1	1
14260	46	0	46	46	46
14261	46	1	1	1	1
14262	46	2	2	2	2
14263	46	3	1	1	1
14264	46	4	2	2	2
14265	46	5	1	1	1
14266	46	6	2	2	2
14267	46	7	1	1	1
14268	46	8	2	2	2
14269	46	9	1	1	1
14270	46	10	2	2	2
14271	46	11	1	1	1
14272	46	12	2	2	2
14273	46	13	1	1	1
14274	46	14	2	2	2
14275	46	15	1	1	1
14276	46	16	2	2	2
14277	46	17	1	1	1
14278	46	18	2	2	2
14279	46	19	1	1	1
14280	46	20	2	2	2
14281	46	21	1	1	1
14282	46	22	2	2	2
14283	46	23	23	23	23
14284	46	24	2	2	2
14285	46	25	1	1	1
14286	46	26	2	2	2
14287	46	27	1	1	1
14288	46	28	2	2	2
14289	46	29	1	1	1
14290	46	30	2	2	2
14291	46	31	1	1	1
14292	46	32	2	2	2
14293	46	33	1	1	1
14294	46	34	2	2	2
14295	46	35	1	1	1
14296	46	36	2	2	2
14297	46	37	1	1	1
14298	46	38	2	2	2
14299	46	39	1	1	1
14300	46	40	2	2	2
14301	46	41	1	1	1
14302	46	42	2	2	2
14303	46	43	1	1	1
14304	46	44	2	2	2
14305	46	45	1	1	1
14306	46	46	46	46	46
14307	46	47	1	1	1
14308	46	48	2	2	2
14309	46	49	1	1	1
14310	46	50	2	2	2
14311	46	51	1	1	1
14312	46	52	2	2	2
14313	46	53	1	1	1
14314	46	54	2	2	2
14315	46	55	1	1	1
14316	46	56	2	2	2
14317	46	57	1	1	1
14318	46	58	2	2	2
14319	46	59	1	1	1
14320	46	60	2	2	2
14321	46	61	1	1	1
14322	46	62	2	2	2
14323	46	63	1	1	1
14324	46	64	2	2	2
14325	47	-64	-1	1	1
14326	47	-63	-1	1	1
14327	47	-62	-1	1	1
14328	47	-61	-1	1	1
14329	47	-60	-1	1	1
14330	47	-59	-1	1	1
14331	47	-58	-1	1	1
14332	47	-57	-1	1	1
14333	47	-56	-1	1	1
14334	47	-55	-1	1	1
14335	47	-54	-1	1	1
14336	47	-53	-1	1	1
14337	47	-52	-1	1	1
14338	47	-51	-1	1	1
14339	47	-50	-1	1	1
14340	47	-49	-1	1	1
14341	47	-48	-1	1	1
14342	47	-47	-47	47	47
14343	47	-46	-1	1	1
14344	47	-45	-1	1	1
14345	47	-44	-1	1	1
14346	47	-43	-1	1	1
14347	47	-42	-1	1	1
14348	47	-41	-1	1	1
14349	47	-40	-1	1	1
14350	47	-39	-1	1	1
14351	47	-38	-1	1	1
14352	47	-37	-1	1	1
14353	47	-36	-1	1	1
14354	47	-35	-1	1	1
14355	47	-34	-1	1	1
14356	47	-33	-1	1	1
14357	47	-32	-1	1	1
14358	47	-31	-1	1	1
14359	47	-30	-1	1	1
14360	47	-29	-1	1	1
14361	47	-28	-1	1	1
14362	47	-27	-1	1	1
14363	47	-26	-1	1	1
14364	47	-25	-1	1	1
14365	47	-24	-1	1	1
14366	47	-23	-1	1	1
14367	47	-22	-1	1	1
14368	47	-21	-1	1	1
14369	47	-20	-1	1	1
14370	47	-19	-1	1	1
14371	47	-18	-1	1	1
14372	47	-17	-1	1	1
14373	47	-16	-1	1	1
14374	47	-15	-1	1	1
14375	47	-14	-1	1	1
14376	47	-13	-1	1	1
14377	47	-12	-1	1	1
14378	47	-11	-1	1	1
14379	47	-10	-1	1	1
14380	47	-9	-1	1	1
14381	47	-8	-1	1	1
14382	47	-7	-1	1	1
14383	47	-6	-1	1	1
14384	47	-5	-1	1	1
14385	47	-4	-1	1	1
14386	47	-3	-1	1	1
14387	47	-2	-1	1	1
14388	47	-1	-1	1	1
14389	47	0	47	47	47
14390	47	1	1	1	1
14391	47	2	1	1	1
14392	47	3	1	1	1
14393	47	4	1	1	1
14394	47	5	1	1	1
14395	47	6	1	1	1
14396	47	7	1	1	1
14397	47	8	1	1	1
14398	47	9	1	1	1
14399	47	10	1	1	1
14400	47	11	1	1	1
14401	47	12	1	1	1
14402	47	13	1	1	1
14403	47	14	1	1	1
14404	47	15	1	1	1
14405	47	16	1	1	1
14406	47	17	1	1	1
14407	47	18	1	1	1
14408	47	19	1	1	1
14409	47	20	1	1	1
14410	47	21	1	1	1
14411	47	22	1	1	1
14412	47	23	1	1	1
14413	47	24	1	1	1
14414	47	25	1	1	1
14415	47	26	1	1	1
14416	47	27	1	1	1
14417	47	28	1	1	1
14418	47	29	1	1	1
14419	47	30	1	1	1
14420	47	31	1	1	1
14421	47	32	1	1	1
14422	47	33	1	1	1
14423	47	34	1	1	1
14424	47	35	1	1	1
14425	47	36	1	1	1
14426	47	37	1	1	1
14427	47	38	1	1	1
14428	47	39	1	1	1
14429	47	40	1	1	1
14430	47	41	1	1	1
14431	47	42	1	1	1
14432	47	43	1	1	1
14433	47	44	1	1	1
14434	47	45	1	1	1
14435	47	46	1	1	1
14436	47	47	47	47	47
14437	47	48	1	1	1
14438	47	49	1	1	1
14439	47	50	1	1	1
14440	47	51	1	1	1
14441	47	52	1	1	1
14442	47	53	1	1	1
14443	47	54	1	1	1
14444	47	55	1	1	1
14445	47	56	1	1	1
14446	47	57	1	1	1
14447	47	58	1	1	1
14448	47	59	1	1	1
14449	47	60	1	1	1
14450	47	61	1	1	1
14451	47	62	1	1	1
14452	47	63	1	1	1
14453	47	64	1	1	1
14454	48	-64	-16	16	16
14455	48	-63	-3	3	3
14456	48	-62	-2	2	2
14457	48	-61	-1	1	1
14458	48	-60	-12	12	12
14459	48	-59	-1	1	1
14460	48	-58	-2	2	2
14461	48	-57	-3	3	3
14462	48	-56	-8	8	8
14463	48	-55	-1	1	1
14464	48	-54	-6	6	6
14465	48	-53	-1	1	1
14466	48	-52	-4	4	4
14467	48	-51	-3	3	3
14468	48	-50	-2	2	2
14469	48	-49	-1	1	1
14470	48	-48	-48	48	48
14471	48	-47	-1	1	1
14472	48	-46	-2	2	2
14473	48	-45	-3	3	3
14474	48	-44	-4	4	4
14475	48	-43	-1	1	1
14476	48	-42	-6	6	6
14477	48	-41	-1	1	1
14478	48	-40	-8	8	8
14479	48	-39	-3	3	3
14480	48	-38	-2	2	2
14481	48	-37	-1	1	1
14482	48	-36	-12	12	12
14483	48	-35	-1	1	1
14484	48	-34	-2	2	2
14485	48	-33	-3	3	3
14486	48	-32	-16	16	16
14487	48	-31	-1	1	1
14488	48	-30	-6	6	6
14489	48	-29	-1	1	1
14490	48	-28	-4	4	4
14491	48	-27	-3	3	3
14492	48	-26	-2	2	2
14493	48	-25	-1	1	1
14494	48	-24	-24	24	24
14495	48	-23	-1	1	1
14496	48	-22	-2	2	2
14497	48	-21	-3	3	3
14498	48	-20	-4	4	4
14499	48	-19	-1	1	1
14500	48	-18	-6	6	6
14501	48	-17	-1	1	1
14502	48	-16	-16	16	16
14503	48	-15	-3	3	3
14504	48	-14	-2	2	2
14505	48	-13	-1	1	1
14506	48	-12	-12	12	12
14507	48	-11	-1	1	1
14508	48	-10	-2	2	2
14509	48	-9	-3	3	3
14510	48	-8	-8	8	8
14511	48	-7	-1	1	1
14512	48	-6	-6	6	6
14513	48	-5	-1	1	1
14514	48	-4	-4	4	4
14515	48	-3	-3	3	3
14516	48	-2	-2	2	2
14517	48	-1	-1	1	1
14518	48	0	48	48	48
14519	48	1	1	1	1
14520	48	2	2	2	2
14521	48	3	3	3	3
14522	48	4	4	4	4
14523	48	5	1	1	1
14524	48	6	6	6	6
14525	48	7	1	1	1
14526	48	8	8	8	8
14527	48	9	3	3	3
14528	48	10	2	2	2
14529	48	11	1	1	1
14530	48	12	12	12	12
14531	48	13	1	1	1
14532	48	14	2	2	2
14533	48	15	3	3	3
14534	48	16	16	16	16
14535	48	17	1	1	1
14536	48	18	6	6	6
14537	48	19	1	1	1
14538	48	20	4	4	4
14539	48	21	3	3	3
14540	48	22	2	2	2
14541	48	23	1	1	1
14542	48	24	24	24	24
14543	48	25	1	1	1
14544	48	26	2	2	2
14545	48	27	3	3	3
14546	48	28	4	4	4
14547	48	29	1	1	1
14548	48	30	6	6	6
14549	48	31	1	1	1
14550	48	32	16	16	16
14551	48	33	3	3	3
14552	48	34	2	2	2
14553	48	35	1	1	1
14554	48	36	12	12	12
14555	48	37	1	1	1
14556	48	38	2	2	2
14557	48	39	3	3	3
14558	48	40	8	8	8
14559	48	41	1	1	1
14560	48	42	6	6	6
14561	48	43	1	1	1
14562	48	44	4	4	4
14563	48	45	3	3	3
14564	48	46	2	2	2
14565	48	47	1	1	1
14566	48	48	48	48	48
14567	48	49	1	1	1
14568	48	50	2	2	2
14569	48	51	3	3	3
14570	48	52	4	4	4
14571	48	53	1	1	1
14572	48	54	6	6	6
14573	48	55	1	1	1
14574	48	56	8	8	8
14575	48	57	3	3	3
14576	48	58	2	2	2
14577	48	59	1	1	1
14578	48	60	12	12	12
14579	48	61	1	1	1
14580	48	62	2	2	2
14581	48	63	3	3	3
14582	48	64	16	16	16
14583	49	-64	-1	1	1
14584	49	-63	-7	7	7
14585	49	-62	-1	1	1
14586	49	-61	-1	1	1
14587	49	-60	-1	1	1
14588	49	-59	-1	1	1
14589	49	-58	-1	1	1
14590	49	-57	-1	1	1
14591	49	-56	-7	7	7
14592	49	-55	-1	1	1
14593	49	-54	-1	1	1
14594	49	-53	-1	1	1
14595	49	-52	-1	1	1
14596	49	-51	-1	1	1
14597	49	-50	-1	1	1
14598	49	-49	-49	49	49
14599	49	-48	-1	1	1
14600	49	-47	-1	1	1
14601	49	-46	-1	1	1
14602	49	-45	-1	1	1
14603	49	-44	-1	1	1
14604	49	-43	-1	1	1
14605	49	-42	-7	7	7
14606	49	-41	-1	1	1
14607	49	-40	-1	1	1
14608	49	-39	-1	1	1
14609	49	-38	-1	1	1
14610	49	-37	-1	1	1
14611	49	-36	-1	1	1
14612	49	-35	-7	7	7
14613	49	-34	-1	1	1
14614	49	-33	-1	1	1
14615	49	-32	-1	1	1
14616	49	-31	-1	1	1
14617	49	-30	-1	1	1
14618	49	-29	-1	1	1
14619	49	-28	-7	7	7
14620	49	-27	-1	1	1
14621	49	-26	-1	1	1
14622	49	-25	-1	1	1
14623	49	-24	-1	1	1
14624	49	-23	-1	1	1
14625	49	-22	-1	1	1
14626	49	-21	-7	7	7
14627	49	-20	-1	1	1
14628	49	-19	-1	1	1
14629	49	-18	-1	1	1
14630	49	-17	-1	1	1
14631	49	-16	-1	1	1
14632	49	-15	-1	1	1
14633	49	-14	-7	7	7
14634	49	-13	-1	1	1
14635	49	-12	-1	1	1
14636	49	-11	-1	1	1
14637	49	-10	-1	1	1
14638	49	-9	-1	1	1
14639	49	-8	-1	1	1
14640	49	-7	-7	7	7
14641	49	-6	-1	1	1
14642	49	-5	-1	1	1
14643	49	-4	-1	1	1
14644	49	-3	-1	1	1
14645	49	-2	-1	1	1
14646	49	-1	-1	1	1
14647	49	0	49	49	49
14648	49	1	1	1	1
14649	49	2	1	1	1
14650	49	3	1	1	1
14651	49	4	1	1	1
14652	49	5	1	1	1
14653	49	6	1	1	1
14654	49	7	7	7	7
14655	49	8	1	1	1
14656	49	9	1	1	1
14657	49	10	1	1	1
14658	49	11	1	1	1
14659	49	12	1	1	1
14660	49	13	1	1	1
14661	49	14	7	7	7
14662	49	15	1	1	1
14663	49	16	1	1	1
14664	49	17	1	1	1
14665	49	18	1	1	1
14666	49	19	1	1	1
14667	49	20	1	1	1
14668	49	21	7	7	7
14669	49	22	1	1	1
14670	49	23	1	1	1
14671	49	24	1	1	1
14672	49	25	1	1	1
14673	49	26	1	1	1
14674	49	27	1	1	1
14675	49	28	7	7	7
14676	49	29	1	1	1
14677	49	30	1	1	1
14678	49	31	1	1	1
14679	49	32	1	1	1
14680	49	33	1	1	1
14681	49	34	1	1	1
14682	49	35	7	7	7
14683	49	36	1	1	1
14684	49	37	1	1	1
14685	49	38	1	1	1
14686	49	39	1	1	1
14687	49	40	1	1	1
14688	49	41	1	1	1
14689	49	42	7	7	7
14690	49	43	1	1	1
14691	49	44	1	1	1
14692	49	45	1	1	1
14693	49	46	1	1	1
14694	49	47	1	1	1
14695	49	48	1	1	1
14696	49	49	49	49	49
14697	49	50	1	1	1
14698	49	51	1	1	1
14699	49	52	1	1	1
14700	49	53	1	1	1
14701	49	54	1	1	1
14702	49	55	1	1	1
14703	49	56	7	7	7
14704	49	57	1	1	1
14705	49	58	1	1	1
14706	49	59	1	1	1
14707	49	60	1	1	1
14708	49	61	1	1	1
14709	49	62	1	1	1
14710	49	63	7	7	7
14711	49	64	1	1	1
14712	50	-64	-2	2	2
14713	50	-63	-1	1	1
14714	50	-62	-2	2	2
14715	50	-61	-1	1	1
14716	50	-60	-10	10	10
14717	50	-59	-1	1	1
14718	50	-58	-2	2	2
14719	50	-57	-1	1	1
14720	50	-56	-2	2	2
14721	50	-55	-5	5	5
14722	50	-54	-2	2	2
14723	50	-53	-1	1	1
14724	50	-52	-2	2	2
14725	50	-51	-1	1	1
14726	50	-50	-50	50	50
14727	50	-49	-1	1	1
14728	50	-48	-2	2	2
14729	50	-47	-1	1	1
14730	50	-46	-2	2	2
14731	50	-45	-5	5	5
14732	50	-44	-2	2	2
14733	50	-43	-1	1	1
14734	50	-42	-2	2	2
14735	50	-41	-1	1	1
14736	50	-40	-10	10	10
14737	50	-39	-1	1	1
14738	50	-38	-2	2	2
14739	50	-37	-1	1	1
14740	50	-36	-2	2	2
14741	50	-35	-5	5	5
14742	50	-34	-2	2	2
14743	50	-33	-1	1	1
14744	50	-32	-2	2	2
14745	50	-31	-1	1	1
14746	50	-30	-10	10	10
14747	50	-29	-1	1	1
14748	50	-28	-2	2	2
14749	50	-27	-1	1	1
14750	50	-26	-2	2	2
14751	50	-25	-25	25	25
14752	50	-24	-2	2	2
14753	50	-23	-1	1	1
14754	50	-22	-2	2	2
14755	50	-21	-1	1	1
14756	50	-20	-10	10	10
14757	50	-19	-1	1	1
14758	50	-18	-2	2	2
14759	50	-17	-1	1	1
14760	50	-16	-2	2	2
14761	50	-15	-5	5	5
14762	50	-14	-2	2	2
14763	50	-13	-1	1	1
14764	50	-12	-2	2	2
14765	50	-11	-1	1	1
14766	50	-10	-10	10	10
14767	50	-9	-1	1	1
14768	50	-8	-2	2	2
14769	50	-7	-1	1	1
14770	50	-6	-2	2	2
14771	50	-5	-5	5	5
14772	50	-4	-2	2	2
14773	50	-3	-1	1	1
14774	50	-2	-2	2	2
14775	50	-1	-1	1	1
14776	50	0	50	50	50
14777	50	1	1	1	1
14778	50	2	2	2	2
14779	50	3	1	1	1
14780	50	4	2	2	2
14781	50	5	5	5	5
14782	50	6	2	2	2
14783	50	7	1	1	1
14784	50	8	2	2	2
14785	50	9	1	1	1
14786	50	10	10	10	10
14787	50	11	1	1	1
14788	50	12	2	2	2
14789	50	13	1	1	1
14790	50	14	2	2	2
14791	50	15	5	5	5
14792	50	16	2	2	2
14793	50	17	1	1	1
14794	50	18	2	2	2
14795	50	19	1	1	1
14796	50	20	10	10	10
14797	50	21	1	1	1
14798	50	22	2	2	2
14799	50	23	1	1	1
14800	50	24	2	2	2
14801	50	25	25	25	25
14802	50	26	2	2	2
14803	50	27	1	1	1
14804	50	28	2	2	2
14805	50	29	1	1	1
14806	50	30	10	10	10
14807	50	31	1	1	1
14808	50	32	2	2	2
14809	50	33	1	1	1
14810	50	34	2	2	2
14811	50	35	5	5	5
14812	50	36	2	2	2
14813	50	37	1	1	1
14814	50	38	2	2	2
14815	50	39	1	1	1
14816	50	40	10	10	10
14817	50	41	1	1	1
14818	50	42	2	2	2
14819	50	43	1	1	1
14820	50	44	2	2	2
14821	50	45	5	5	5
14822	50	46	2	2	2
14823	50	47	1	1	1
14824	50	48	2	2	2
14825	50	49	1	1	1
14826	50	50	50	50	50
14827	50	51	1	1	1
14828	50	52	2	2	2
14829	50	53	1	1	1
14830	50	54	2	2	2
14831	50	55	5	5	5
14832	50	56	2	2	2
14833	50	57	1	1	1
14834	50	58	2	2	2
14835	50	59	1	1	1
14836	50	60	10	10	10
14837	50	61	1	1	1
14838	50	62	2	2	2
14839	50	63	1	1	1
14840	50	64	2	2	2
14841	51	-64	-1	1	1
14842	51	-63	-3	3	3
14843	51	-62	-1	1	1
14844	51	-61	-1	1	1
14845	51	-60	-3	3	3
14846	51	-59	-1	1	1
14847	51	-58	-1	1	1
14848	51	-57	-3	3	3
14849	51	-56	-1	1	1
14850	51	-55	-1	1	1
14851	51	-54	-3	3	3
14852	51	-53	-1	1	1
14853	51	-52	-1	1	1
14854	51	-51	-51	51	51
14855	51	-50	-1	1	1
14856	51	-49	-1	1	1
14857	51	-48	-3	3	3
14858	51	-47	-1	1	1
14859	51	-46	-1	1	1
14860	51	-45	-3	3	3
14861	51	-44	-1	1	1
14862	51	-43	-1	1	1
14863	51	-42	-3	3	3
14864	51	-41	-1	1	1
14865	51	-40	-1	1	1
14866	51	-39	-3	3	3
14867	51	-38	-1	1	1
14868	51	-37	-1	1	1
14869	51	-36	-3	3	3
14870	51	-35	-1	1	1
14871	51	-34	-17	17	17
14872	51	-33	-3	3	3
14873	51	-32	-1	1	1
14874	51	-31	-1	1	1
14875	51	-30	-3	3	3
14876	51	-29	-1	1	1
14877	51	-28	-1	1	1
14878	51	-27	-3	3	3
14879	51	-26	-1	1	1
14880	51	-25	-1	1	1
14881	51	-24	-3	3	3
14882	51	-23	-1	1	1
14883	51	-22	-1	1	1
14884	51	-21	-3	3	3
14885	51	-20	-1	1	1
14886	51	-19	-1	1	1
14887	51	-18	-3	3	3
14888	51	-17	-17	17	17
14889	51	-16	-1	1	1
14890	51	-15	-3	3	3
14891	51	-14	-1	1	1
14892	51	-13	-1	1	1
14893	51	-12	-3	3	3
14894	51	-11	-1	1	1
14895	51	-10	-1	1	1
14896	51	-9	-3	3	3
14897	51	-8	-1	1	1
14898	51	-7	-1	1	1
14899	51	-6	-3	3	3
14900	51	-5	-1	1	1
14901	51	-4	-1	1	1
14902	51	-3	-3	3	3
14903	51	-2	-1	1	1
14904	51	-1	-1	1	1
14905	51	0	51	51	51
14906	51	1	1	1	1
14907	51	2	1	1	1
14908	51	3	3	3	3
14909	51	4	1	1	1
14910	51	5	1	1	1
14911	51	6	3	3	3
14912	51	7	1	1	1
14913	51	8	1	1	1
14914	51	9	3	3	3
14915	51	10	1	1	1
14916	51	11	1	1	1
14917	51	12	3	3	3
14918	51	13	1	1	1
14919	51	14	1	1	1
14920	51	15	3	3	3
14921	51	16	1	1	1
14922	51	17	17	17	17
14923	51	18	3	3	3
14924	51	19	1	1	1
14925	51	20	1	1	1
14926	51	21	3	3	3
14927	51	22	1	1	1
14928	51	23	1	1	1
14929	51	24	3	3	3
14930	51	25	1	1	1
14931	51	26	1	1	1
14932	51	27	3	3	3
14933	51	28	1	1	1
14934	51	29	1	1	1
14935	51	30	3	3	3
14936	51	31	1	1	1
14937	51	32	1	1	1
14938	51	33	3	3	3
14939	51	34	17	17	17
14940	51	35	1	1	1
14941	51	36	3	3	3
14942	51	37	1	1	1
14943	51	38	1	1	1
14944	51	39	3	3	3
14945	51	40	1	1	1
14946	51	41	1	1	1
14947	51	42	3	3	3
14948	51	43	1	1	1
14949	51	44	1	1	1
14950	51	45	3	3	3
14951	51	46	1	1	1
14952	51	47	1	1	1
14953	51	48	3	3	3
14954	51	49	1	1	1
14955	51	50	1	1	1
14956	51	51	51	51	51
14957	51	52	1	1	1
14958	51	53	1	1	1
14959	51	54	3	3	3
14960	51	55	1	1	1
14961	51	56	1	1	1
14962	51	57	3	3	3
14963	51	58	1	1	1
14964	51	59	1	1	1
14965	51	60	3	3	3
14966	51	61	1	1	1
14967	51	62	1	1	1
14968	51	63	3	3	3
14969	51	64	1	1	1
14970	52	-64	-4	4	4
14971	52	-63	-1	1	1
14972	52	-62	-2	2	2
14973	52	-61	-1	1	1
14974	52	-60	-4	4	4
14975	52	-59	-1	1	1
14976	52	-58	-2	2	2
14977	52	-57	-1	1	1
14978	52	-56	-4	4	4
14979	52	-55	-1	1	1
14980	52	-54	-2	2	2
14981	52	-53	-1	1	1
14982	52	-52	-52	52	52
14983	52	-51	-1	1	1
14984	52	-50	-2	2	2
14985	52	-49	-1	1	1
14986	52	-48	-4	4	4
14987	52	-47	-1	1	1
14988	52	-46	-2	2	2
14989	52	-45	-1	1	1
14990	52	-44	-4	4	4
14991	52	-43	-1	1	1
14992	52	-42	-2	2	2
14993	52	-41	-1	1	1
14994	52	-40	-4	4	4
14995	52	-39	-13	13	13
14996	52	-38	-2	2	2
14997	52	-37	-1	1	1
14998	52	-36	-4	4	4
14999	52	-35	-1	1	1
15000	52	-34	-2	2	2
15001	52	-33	-1	1	1
15002	52	-32	-4	4	4
15003	52	-31	-1	1	1
15004	52	-30	-2	2	2
15005	52	-29	-1	1	1
15006	52	-28	-4	4	4
15007	52	-27	-1	1	1
15008	52	-26	-26	26	26
15009	52	-25	-1	1	1
15010	52	-24	-4	4	4
15011	52	-23	-1	1	1
15012	52	-22	-2	2	2
15013	52	-21	-1	1	1
15014	52	-20	-4	4	4
15015	52	-19	-1	1	1
15016	52	-18	-2	2	2
15017	52	-17	-1	1	1
15018	52	-16	-4	4	4
15019	52	-15	-1	1	1
15020	52	-14	-2	2	2
15021	52	-13	-13	13	13
15022	52	-12	-4	4	4
15023	52	-11	-1	1	1
15024	52	-10	-2	2	2
15025	52	-9	-1	1	1
15026	52	-8	-4	4	4
15027	52	-7	-1	1	1
15028	52	-6	-2	2	2
15029	52	-5	-1	1	1
15030	52	-4	-4	4	4
15031	52	-3	-1	1	1
15032	52	-2	-2	2	2
15033	52	-1	-1	1	1
15034	52	0	52	52	52
15035	52	1	1	1	1
15036	52	2	2	2	2
15037	52	3	1	1	1
15038	52	4	4	4	4
15039	52	5	1	1	1
15040	52	6	2	2	2
15041	52	7	1	1	1
15042	52	8	4	4	4
15043	52	9	1	1	1
15044	52	10	2	2	2
15045	52	11	1	1	1
15046	52	12	4	4	4
15047	52	13	13	13	13
15048	52	14	2	2	2
15049	52	15	1	1	1
15050	52	16	4	4	4
15051	52	17	1	1	1
15052	52	18	2	2	2
15053	52	19	1	1	1
15054	52	20	4	4	4
15055	52	21	1	1	1
15056	52	22	2	2	2
15057	52	23	1	1	1
15058	52	24	4	4	4
15059	52	25	1	1	1
15060	52	26	26	26	26
15061	52	27	1	1	1
15062	52	28	4	4	4
15063	52	29	1	1	1
15064	52	30	2	2	2
15065	52	31	1	1	1
15066	52	32	4	4	4
15067	52	33	1	1	1
15068	52	34	2	2	2
15069	52	35	1	1	1
15070	52	36	4	4	4
15071	52	37	1	1	1
15072	52	38	2	2	2
15073	52	39	13	13	13
15074	52	40	4	4	4
15075	52	41	1	1	1
15076	52	42	2	2	2
15077	52	43	1	1	1
15078	52	44	4	4	4
15079	52	45	1	1	1
15080	52	46	2	2	2
15081	52	47	1	1	1
15082	52	48	4	4	4
15083	52	49	1	1	1
15084	52	50	2	2	2
15085	52	51	1	1	1
15086	52	52	52	52	52
15087	52	53	1	1	1
15088	52	54	2	2	2
15089	52	55	1	1	1
15090	52	56	4	4	4
15091	52	57	1	1	1
15092	52	58	2	2	2
15093	52	59	1	1	1
15094	52	60	4	4	4
15095	52	61	1	1	1
15096	52	62	2	2	2
15097	52	63	1	1	1
15098	52	64	4	4	4
15099	53	-64	-1	1	1
15100	53	-63	-1	1	1
15101	53	-62	-1	1	1
15102	53	-61	-1	1	1
15103	53	-60	-1	1	1
15104	53	-59	-1	1	1
15105	53	-58	-1	1	1
15106	53	-57	-1	1	1
15107	53	-56	-1	1	1
15108	53	-55	-1	1	1
15109	53	-54	-1	1	1
15110	53	-53	-53	53	53
15111	53	-52	-1	1	1
15112	53	-51	-1	1	1
15113	53	-50	-1	1	1
15114	53	-49	-1	1	1
15115	53	-48	-1	1	1
15116	53	-47	-1	1	1
15117	53	-46	-1	1	1
15118	53	-45	-1	1	1
15119	53	-44	-1	1	1
15120	53	-43	-1	1	1
15121	53	-42	-1	1	1
15122	53	-41	-1	1	1
15123	53	-40	-1	1	1
15124	53	-39	-1	1	1
15125	53	-38	-1	1	1
15126	53	-37	-1	1	1
15127	53	-36	-1	1	1
15128	53	-35	-1	1	1
15129	53	-34	-1	1	1
15130	53	-33	-1	1	1
15131	53	-32	-1	1	1
15132	53	-31	-1	1	1
15133	53	-30	-1	1	1
15134	53	-29	-1	1	1
15135	53	-28	-1	1	1
15136	53	-27	-1	1	1
15137	53	-26	-1	1	1
15138	53	-25	-1	1	1
15139	53	-24	-1	1	1
15140	53	-23	-1	1	1
15141	53	-22	-1	1	1
15142	53	-21	-1	1	1
15143	53	-20	-1	1	1
15144	53	-19	-1	1	1
15145	53	-18	-1	1	1
15146	53	-17	-1	1	1
15147	53	-16	-1	1	1
15148	53	-15	-1	1	1
15149	53	-14	-1	1	1
15150	53	-13	-1	1	1
15151	53	-12	-1	1	1
15152	53	-11	-1	1	1
15153	53	-10	-1	1	1
15154	53	-9	-1	1	1
15155	53	-8	-1	1	1
15156	53	-7	-1	1	1
15157	53	-6	-1	1	1
15158	53	-5	-1	1	1
15159	53	-4	-1	1	1
15160	53	-3	-1	1	1
15161	53	-2	-1	1	1
15162	53	-1	-1	1	1
15163	53	0	53	53	53
15164	53	1	1	1	1
15165	53	2	1	1	1
15166	53	3	1	1	1
15167	53	4	1	1	1
15168	53	5	1	1	1
15169	53	6	1	1	1
15170	53	7	1	1	1
15171	53	8	1	1	1
15172	53	9	1	1	1
15173	53	10	1	1	1
15174	53	11	1	1	1
15175	53	12	1	1	1
15176	53	13	1	1	1
15177	53	14	1	1	1
15178	53	15	1	1	1
15179	53	16	1	1	1
15180	53	17	1	1	1
15181	53	18	1	1	1
15182	53	19	1	1	1
15183	53	20	1	1	1
15184	53	21	1	1	1
15185	53	22	1	1	1
15186	53	23	1	1	1
15187	53	24	1	1	1
15188	53	25	1	1	1
15189	53	26	1	1	1
15190	53	27	1	1	1
15191	53	28	1	1	1
15192	53	29	1	1	1
15193	53	30	1	1	1
15194	53	31	1	1	1
15195	53	32	1	1	1
15196	53	33	1	1	1
15197	53	34	1	1	1
15198	53	35	1	1	1
15199	53	36	1	1	1
15200	53	37	1	1	1
15201	53	38	1	1	1
15202	53	39	1	1	1
15203	53	40	1	1	1
15204	53	41	1	1	1
15205	53	42	1	1	1
15206	53	43	1	1	1
15207	53	44	1	1	1
15208	53	45	1	1	1
15209	53	46	1	1	1
15210	53	47	1	1	1
15211	53	48	1	1	1
15212	53	49	1	1	1
15213	53	50	1	1	1
15214	53	51	1	1	1
15215	53	52	1	1	1
15216	53	53	53	53	53
15217	53	54	1	1	1
15218	53	55	1	1	1
15219	53	56	1	1	1
15220	53	57	1	1	1
15221	53	58	1	1	1
15222	53	59	1	1	1
15223	53	60	1	1	1
15224	53	61	1	1	1
15225	53	62	1	1	1
15226	53	63	1	1	1
15227	53	64	1	1	1
15228	54	-64	-2	2	2
15229	54	-63	-9	9	9
15230	54	-62	-2	2	2
15231	54	-61	-1	1	1
15232	54	-60	-6	6	6
15233	54	-59	-1	1	1
15234	54	-58	-2	2	2
15235	54	-57	-3	3	3
15236	54	-56	-2	2	2
15237	54	-55	-1	1	1
15238	54	-54	-54	54	54
15239	54	-53	-1	1	1
15240	54	-52	-2	2	2
15241	54	-51	-3	3	3
15242	54	-50	-2	2	2
15243	54	-49	-1	1	1
15244	54	-48	-6	6	6
15245	54	-47	-1	1	1
15246	54	-46	-2	2	2
15247	54	-45	-9	9	9
15248	54	-44	-2	2	2
15249	54	-43	-1	1	1
15250	54	-42	-6	6	6
15251	54	-41	-1	1	1
15252	54	-40	-2	2	2
15253	54	-39	-3	3	3
15254	54	-38	-2	2	2
15255	54	-37	-1	1	1
15256	54	-36	-18	18	18
15257	54	-35	-1	1	1
15258	54	-34	-2	2	2
15259	54	-33	-3	3	3
15260	54	-32	-2	2	2
15261	54	-31	-1	1	1
15262	54	-30	-6	6	6
15263	54	-29	-1	1	1
15264	54	-28	-2	2	2
15265	54	-27	-27	27	27
15266	54	-26	-2	2	2
15267	54	-25	-1	1	1
15268	54	-23	-1	1	1
15269	54	-22	-2	2	2
15270	54	-21	-3	3	3
15271	54	-20	-2	2	2
15272	54	-19	-1	1	1
15273	54	-18	-18	18	18
15274	54	-17	-1	1	1
15275	54	-16	-2	2	2
15276	54	-15	-3	3	3
15277	54	-14	-2	2	2
15278	54	-13	-1	1	1
15279	54	-12	-6	6	6
15280	54	-11	-1	1	1
15281	54	-10	-2	2	2
15282	54	-9	-9	9	9
15283	54	-8	-2	2	2
15284	54	-7	-1	1	1
15285	54	-6	-6	6	6
15286	54	-5	-1	1	1
15287	54	-4	-2	2	2
15288	54	-3	-3	3	3
15289	54	-2	-2	2	2
15290	54	-1	-1	1	1
15291	54	0	54	54	54
15292	54	1	1	1	1
15293	54	2	2	2	2
15294	54	3	3	3	3
15295	54	4	2	2	2
15296	54	5	1	1	1
15297	54	6	6	6	6
15298	54	7	1	1	1
15299	54	8	2	2	2
15300	54	9	9	9	9
15301	54	10	2	2	2
15302	54	11	1	1	1
15303	54	12	6	6	6
15304	54	13	1	1	1
15305	54	14	2	2	2
15306	54	15	3	3	3
15307	54	16	2	2	2
15308	54	17	1	1	1
15309	54	18	18	18	18
15310	54	19	1	1	1
15311	54	20	2	2	2
15312	54	21	3	3	3
15313	54	22	2	2	2
15314	54	23	1	1	1
15315	54	25	1	1	1
15316	54	26	2	2	2
15317	54	27	27	27	27
15318	54	28	2	2	2
15319	54	29	1	1	1
15320	54	30	6	6	6
15321	54	31	1	1	1
15322	54	32	2	2	2
15323	54	33	3	3	3
15324	54	34	2	2	2
15325	54	35	1	1	1
15326	54	36	18	18	18
15327	54	37	1	1	1
15328	54	38	2	2	2
15329	54	39	3	3	3
15330	54	40	2	2	2
15331	54	41	1	1	1
15332	54	42	6	6	6
15333	54	43	1	1	1
15334	54	44	2	2	2
15335	54	45	9	9	9
15336	54	46	2	2	2
15337	54	47	1	1	1
15338	54	48	6	6	6
15339	54	49	1	1	1
15340	54	50	2	2	2
15341	54	51	3	3	3
15342	54	52	2	2	2
15343	54	53	1	1	1
15344	54	54	54	54	54
15345	54	55	1	1	1
15346	54	56	2	2	2
15347	54	57	3	3	3
15348	54	58	2	2	2
15349	54	59	1	1	1
15350	54	60	6	6	6
15351	54	61	1	1	1
15352	54	62	2	2	2
15353	54	63	9	9	9
15354	54	64	2	2	2
15355	55	-64	-1	1	1
15356	55	-63	-1	1	1
15357	55	-62	-1	1	1
15358	55	-61	-1	1	1
15359	55	-60	-5	5	5
15360	55	-59	-1	1	1
15361	55	-58	-1	1	1
15362	55	-57	-1	1	1
15363	55	-56	-1	1	1
15364	55	-55	-55	55	55
15365	55	-54	-1	1	1
15366	55	-53	-1	1	1
15367	55	-52	-1	1	1
15368	55	-51	-1	1	1
15369	55	-50	-5	5	5
15370	55	-49	-1	1	1
15371	55	-48	-1	1	1
15372	55	-47	-1	1	1
15373	55	-46	-1	1	1
15374	55	-45	-5	5	5
15375	55	-44	-11	11	11
15376	55	-43	-1	1	1
15377	55	-42	-1	1	1
15378	55	-41	-1	1	1
15379	55	-40	-5	5	5
15380	55	-39	-1	1	1
15381	55	-38	-1	1	1
15382	55	-37	-1	1	1
15383	55	-36	-1	1	1
15384	55	-35	-5	5	5
15385	55	-34	-1	1	1
15386	55	-33	-11	11	11
15387	55	-32	-1	1	1
15388	55	-31	-1	1	1
15389	55	-30	-5	5	5
15390	55	-29	-1	1	1
15391	55	-28	-1	1	1
15392	55	-27	-1	1	1
15393	55	-26	-1	1	1
15394	55	-25	-5	5	5
15395	55	-24	-1	1	1
15396	55	-23	-1	1	1
15397	55	-22	-11	11	11
15398	55	-21	-1	1	1
15399	55	-20	-5	5	5
15400	55	-19	-1	1	1
15401	55	-18	-1	1	1
15402	55	-17	-1	1	1
15403	55	-16	-1	1	1
15404	55	-15	-5	5	5
15405	55	-14	-1	1	1
15406	55	-13	-1	1	1
15407	55	-12	-1	1	1
15408	55	-11	-11	11	11
15409	55	-10	-5	5	5
15410	55	-9	-1	1	1
15411	55	-8	-1	1	1
15412	55	-7	-1	1	1
15413	55	-6	-1	1	1
15414	55	-5	-5	5	5
15415	55	-4	-1	1	1
15416	55	-3	-1	1	1
15417	55	-2	-1	1	1
15418	55	-1	-1	1	1
15419	55	0	55	55	55
15420	55	1	1	1	1
15421	55	2	1	1	1
15422	55	3	1	1	1
15423	55	4	1	1	1
15424	55	5	5	5	5
15425	55	6	1	1	1
15426	55	7	1	1	1
15427	55	8	1	1	1
15428	55	9	1	1	1
15429	55	10	5	5	5
15430	55	11	11	11	11
15431	55	12	1	1	1
15432	55	13	1	1	1
15433	55	14	1	1	1
15434	55	15	5	5	5
15435	55	16	1	1	1
15436	55	17	1	1	1
15437	55	18	1	1	1
15438	55	19	1	1	1
15439	55	20	5	5	5
15440	55	21	1	1	1
15441	55	22	11	11	11
15442	55	23	1	1	1
15443	55	24	1	1	1
15444	55	25	5	5	5
15445	55	26	1	1	1
15446	55	27	1	1	1
15447	55	28	1	1	1
15448	55	29	1	1	1
15449	55	30	5	5	5
15450	55	31	1	1	1
15451	55	32	1	1	1
15452	55	33	11	11	11
15453	55	34	1	1	1
15454	55	35	5	5	5
15455	55	36	1	1	1
15456	55	37	1	1	1
15457	55	38	1	1	1
15458	55	39	1	1	1
15459	55	40	5	5	5
15460	55	41	1	1	1
15461	55	42	1	1	1
15462	55	43	1	1	1
15463	55	44	11	11	11
15464	55	45	5	5	5
15465	55	46	1	1	1
15466	55	47	1	1	1
15467	55	48	1	1	1
15468	55	49	1	1	1
15469	55	50	5	5	5
15470	55	51	1	1	1
15471	55	52	1	1	1
15472	55	53	1	1	1
15473	55	54	1	1	1
15474	55	55	55	55	55
15475	55	56	1	1	1
15476	55	57	1	1	1
15477	55	58	1	1	1
15478	55	59	1	1	1
15479	55	60	5	5	5
15480	55	61	1	1	1
15481	55	62	1	1	1
15482	55	63	1	1	1
15483	55	64	1	1	1
15484	56	-64	-8	8	8
15485	56	-63	-7	7	7
15486	56	-62	-2	2	2
15487	56	-61	-1	1	1
15488	56	-60	-4	4	4
15489	56	-59	-1	1	1
15490	56	-58	-2	2	2
15491	56	-57	-1	1	1
15492	56	-56	-56	56	56
15493	56	-55	-1	1	1
15494	56	-54	-2	2	2
15495	56	-53	-1	1	1
15496	56	-52	-4	4	4
15497	56	-51	-1	1	1
15498	56	-50	-2	2	2
15499	56	-49	-7	7	7
15500	56	-48	-8	8	8
15501	56	-47	-1	1	1
15502	56	-46	-2	2	2
15503	56	-45	-1	1	1
15504	56	-44	-4	4	4
15505	56	-43	-1	1	1
15506	56	-42	-14	14	14
15507	56	-41	-1	1	1
15508	56	-40	-8	8	8
15509	56	-39	-1	1	1
15510	56	-38	-2	2	2
15511	56	-37	-1	1	1
15512	56	-36	-4	4	4
15513	56	-35	-7	7	7
15514	56	-34	-2	2	2
15515	56	-33	-1	1	1
15516	56	-32	-8	8	8
15517	56	-31	-1	1	1
15518	56	-30	-2	2	2
15519	56	-29	-1	1	1
15520	56	-28	-28	28	28
15521	56	-27	-1	1	1
15522	56	-26	-2	2	2
15523	56	-25	-1	1	1
15524	56	-24	-8	8	8
15525	56	-23	-1	1	1
15526	56	-22	-2	2	2
15527	56	-21	-7	7	7
15528	56	-20	-4	4	4
15529	56	-19	-1	1	1
15530	56	-18	-2	2	2
15531	56	-17	-1	1	1
15532	56	-16	-8	8	8
15533	56	-15	-1	1	1
15534	56	-14	-14	14	14
15535	56	-13	-1	1	1
15536	56	-12	-4	4	4
15537	56	-11	-1	1	1
15538	56	-10	-2	2	2
15539	56	-9	-1	1	1
15540	56	-8	-8	8	8
15541	56	-7	-7	7	7
15542	56	-6	-2	2	2
15543	56	-5	-1	1	1
15544	56	-4	-4	4	4
15545	56	-3	-1	1	1
15546	56	-2	-2	2	2
15547	56	-1	-1	1	1
15548	56	0	56	56	56
15549	56	1	1	1	1
15550	56	2	2	2	2
15551	56	3	1	1	1
15552	56	4	4	4	4
15553	56	5	1	1	1
15554	56	6	2	2	2
15555	56	7	7	7	7
15556	56	8	8	8	8
15557	56	9	1	1	1
15558	56	10	2	2	2
15559	56	11	1	1	1
15560	56	12	4	4	4
15561	56	13	1	1	1
15562	56	14	14	14	14
15563	56	15	1	1	1
15564	56	16	8	8	8
15565	56	17	1	1	1
15566	56	18	2	2	2
15567	56	19	1	1	1
15568	56	20	4	4	4
15569	56	21	7	7	7
15570	56	22	2	2	2
15571	56	23	1	1	1
15572	56	24	8	8	8
15573	56	25	1	1	1
15574	56	26	2	2	2
15575	56	27	1	1	1
15576	56	28	28	28	28
15577	56	29	1	1	1
15578	56	30	2	2	2
15579	56	31	1	1	1
15580	56	32	8	8	8
15581	56	33	1	1	1
15582	56	34	2	2	2
15583	56	35	7	7	7
15584	56	36	4	4	4
15585	56	37	1	1	1
15586	56	38	2	2	2
15587	56	39	1	1	1
15588	56	40	8	8	8
15589	56	41	1	1	1
15590	56	42	14	14	14
15591	56	43	1	1	1
15592	56	44	4	4	4
15593	56	45	1	1	1
15594	56	46	2	2	2
15595	56	47	1	1	1
15596	56	48	8	8	8
15597	56	49	7	7	7
15598	56	50	2	2	2
15599	56	51	1	1	1
15600	56	52	4	4	4
15601	56	53	1	1	1
15602	56	54	2	2	2
15603	56	55	1	1	1
15604	56	56	56	56	56
15605	56	57	1	1	1
15606	56	58	2	2	2
15607	56	59	1	1	1
15608	56	60	4	4	4
15609	56	61	1	1	1
15610	56	62	2	2	2
15611	56	63	7	7	7
15612	56	64	8	8	8
15613	57	-64	-1	1	1
15614	57	-63	-3	3	3
15615	57	-62	-1	1	1
15616	57	-61	-1	1	1
15617	57	-60	-3	3	3
15618	57	-59	-1	1	1
15619	57	-58	-1	1	1
15620	57	-57	-57	57	57
15621	57	-56	-1	1	1
15622	57	-55	-1	1	1
15623	57	-54	-3	3	3
15624	57	-53	-1	1	1
15625	57	-52	-1	1	1
15626	57	-51	-3	3	3
15627	57	-50	-1	1	1
15628	57	-49	-1	1	1
15629	57	-48	-3	3	3
15630	57	-47	-1	1	1
15631	57	-46	-1	1	1
15632	57	-45	-3	3	3
15633	57	-44	-1	1	1
15634	57	-43	-1	1	1
15635	57	-42	-3	3	3
15636	57	-41	-1	1	1
15637	57	-40	-1	1	1
15638	57	-39	-3	3	3
15639	57	-38	-19	19	19
15640	57	-37	-1	1	1
15641	57	-36	-3	3	3
15642	57	-35	-1	1	1
15643	57	-34	-1	1	1
15644	57	-33	-3	3	3
15645	57	-32	-1	1	1
15646	57	-31	-1	1	1
15647	57	-30	-3	3	3
15648	57	-29	-1	1	1
15649	57	-28	-1	1	1
15650	57	-27	-3	3	3
15651	57	-26	-1	1	1
15652	57	-25	-1	1	1
15653	57	-24	-3	3	3
15654	57	-23	-1	1	1
15655	57	-22	-1	1	1
15656	57	-21	-3	3	3
15657	57	-20	-1	1	1
15658	57	-19	-19	19	19
15659	57	-18	-3	3	3
15660	57	-17	-1	1	1
15661	57	-16	-1	1	1
15662	57	-15	-3	3	3
15663	57	-14	-1	1	1
15664	57	-13	-1	1	1
15665	57	-12	-3	3	3
15666	57	-11	-1	1	1
15667	57	-10	-1	1	1
15668	57	-9	-3	3	3
15669	57	-8	-1	1	1
15670	57	-7	-1	1	1
15671	57	-6	-3	3	3
15672	57	-5	-1	1	1
15673	57	-4	-1	1	1
15674	57	-3	-3	3	3
15675	57	-2	-1	1	1
15676	57	-1	-1	1	1
15677	57	0	57	57	57
15678	57	1	1	1	1
15679	57	2	1	1	1
15680	57	3	3	3	3
15681	57	4	1	1	1
15682	57	5	1	1	1
15683	57	6	3	3	3
15684	57	7	1	1	1
15685	57	8	1	1	1
15686	57	9	3	3	3
15687	57	10	1	1	1
15688	57	11	1	1	1
15689	57	12	3	3	3
15690	57	13	1	1	1
15691	57	14	1	1	1
15692	57	15	3	3	3
15693	57	16	1	1	1
15694	57	17	1	1	1
15695	57	18	3	3	3
15696	57	19	19	19	19
15697	57	20	1	1	1
15698	57	21	3	3	3
15699	57	22	1	1	1
15700	57	23	1	1	1
15701	57	24	3	3	3
15702	57	25	1	1	1
15703	57	26	1	1	1
15704	57	27	3	3	3
15705	57	28	1	1	1
15706	57	29	1	1	1
15707	57	30	3	3	3
15708	57	31	1	1	1
15709	57	32	1	1	1
15710	57	33	3	3	3
15711	57	34	1	1	1
15712	57	35	1	1	1
15713	57	36	3	3	3
15714	57	37	1	1	1
15715	57	38	19	19	19
15716	57	39	3	3	3
15717	57	40	1	1	1
15718	57	41	1	1	1
15719	57	42	3	3	3
15720	57	43	1	1	1
15721	57	44	1	1	1
15722	57	45	3	3	3
15723	57	46	1	1	1
15724	57	47	1	1	1
15725	57	48	3	3	3
15726	57	49	1	1	1
15727	57	50	1	1	1
15728	57	51	3	3	3
15729	57	52	1	1	1
15730	57	53	1	1	1
15731	57	54	3	3	3
15732	57	55	1	1	1
15733	57	56	1	1	1
15734	57	57	57	57	57
15735	57	58	1	1	1
15736	57	59	1	1	1
15737	57	60	3	3	3
15738	57	61	1	1	1
15739	57	62	1	1	1
15740	57	63	3	3	3
15741	57	64	1	1	1
15742	58	-64	-2	2	2
15743	58	-63	-1	1	1
15744	58	-62	-2	2	2
15745	58	-61	-1	1	1
15746	58	-60	-2	2	2
15747	58	-59	-1	1	1
15748	58	-58	-58	58	58
15749	58	-57	-1	1	1
15750	58	-56	-2	2	2
15751	58	-55	-1	1	1
15752	58	-54	-2	2	2
15753	58	-53	-1	1	1
15754	58	-52	-2	2	2
15755	58	-51	-1	1	1
15756	58	-50	-2	2	2
15757	58	-49	-1	1	1
15758	58	-48	-2	2	2
15759	58	-47	-1	1	1
15760	58	-46	-2	2	2
15761	58	-45	-1	1	1
15762	58	-44	-2	2	2
15763	58	-43	-1	1	1
15764	58	-42	-2	2	2
15765	58	-41	-1	1	1
15766	58	-40	-2	2	2
15767	58	-39	-1	1	1
15768	58	-38	-2	2	2
15769	58	-37	-1	1	1
15770	58	-36	-2	2	2
15771	58	-35	-1	1	1
15772	58	-34	-2	2	2
15773	58	-33	-1	1	1
15774	58	-32	-2	2	2
15775	58	-31	-1	1	1
15776	58	-30	-2	2	2
15777	58	-29	-29	29	29
15778	58	-28	-2	2	2
15779	58	-27	-1	1	1
15780	58	-26	-2	2	2
15781	58	-25	-1	1	1
15782	58	-24	-2	2	2
15783	58	-23	-1	1	1
15784	58	-22	-2	2	2
15785	58	-21	-1	1	1
15786	58	-20	-2	2	2
15787	58	-19	-1	1	1
15788	58	-18	-2	2	2
15789	58	-17	-1	1	1
15790	58	-16	-2	2	2
15791	58	-15	-1	1	1
15792	58	-14	-2	2	2
15793	58	-13	-1	1	1
15794	58	-12	-2	2	2
15795	58	-11	-1	1	1
15796	58	-10	-2	2	2
15797	58	-9	-1	1	1
15798	58	-8	-2	2	2
15799	58	-7	-1	1	1
15800	58	-6	-2	2	2
15801	58	-5	-1	1	1
15802	58	-4	-2	2	2
15803	58	-3	-1	1	1
15804	58	-2	-2	2	2
15805	58	-1	-1	1	1
15806	58	0	58	58	58
15807	58	1	1	1	1
15808	58	2	2	2	2
15809	58	3	1	1	1
15810	58	4	2	2	2
15811	58	5	1	1	1
15812	58	6	2	2	2
15813	58	7	1	1	1
15814	58	8	2	2	2
15815	58	9	1	1	1
15816	58	10	2	2	2
15817	58	11	1	1	1
15818	58	12	2	2	2
15819	58	13	1	1	1
15820	58	14	2	2	2
15821	58	15	1	1	1
15822	58	16	2	2	2
15823	58	17	1	1	1
15824	58	18	2	2	2
15825	58	19	1	1	1
15826	58	20	2	2	2
15827	58	21	1	1	1
15828	58	22	2	2	2
15829	58	23	1	1	1
15830	58	24	2	2	2
15831	58	25	1	1	1
15832	58	26	2	2	2
15833	58	27	1	1	1
15834	58	28	2	2	2
15835	58	29	29	29	29
15836	58	30	2	2	2
15837	58	31	1	1	1
15838	58	32	2	2	2
15839	58	33	1	1	1
15840	58	34	2	2	2
15841	58	35	1	1	1
15842	58	36	2	2	2
15843	58	37	1	1	1
15844	58	38	2	2	2
15845	58	39	1	1	1
15846	58	40	2	2	2
15847	58	41	1	1	1
15848	58	42	2	2	2
15849	58	43	1	1	1
15850	58	44	2	2	2
15851	58	45	1	1	1
15852	58	46	2	2	2
15853	58	47	1	1	1
15854	58	48	2	2	2
15855	58	49	1	1	1
15856	58	50	2	2	2
15857	58	51	1	1	1
15858	58	52	2	2	2
15859	58	53	1	1	1
15860	58	54	2	2	2
15861	58	55	1	1	1
15862	58	56	2	2	2
15863	58	57	1	1	1
15864	58	58	58	58	58
15865	58	59	1	1	1
15866	58	60	2	2	2
15867	58	61	1	1	1
15868	58	62	2	2	2
15869	58	63	1	1	1
15870	58	64	2	2	2
15871	59	-64	-1	1	1
15872	59	-63	-1	1	1
15873	59	-62	-1	1	1
15874	59	-61	-1	1	1
15875	59	-60	-1	1	1
15876	59	-59	-59	59	59
15877	59	-58	-1	1	1
15878	59	-57	-1	1	1
15879	59	-56	-1	1	1
15880	59	-55	-1	1	1
15881	59	-54	-1	1	1
15882	59	-53	-1	1	1
15883	59	-52	-1	1	1
15884	59	-51	-1	1	1
15885	59	-50	-1	1	1
15886	59	-49	-1	1	1
15887	59	-48	-1	1	1
15888	59	-47	-1	1	1
15889	59	-46	-1	1	1
15890	59	-45	-1	1	1
15891	59	-44	-1	1	1
15892	59	-43	-1	1	1
15893	59	-42	-1	1	1
15894	59	-41	-1	1	1
15895	59	-40	-1	1	1
15896	59	-39	-1	1	1
15897	59	-38	-1	1	1
15898	59	-37	-1	1	1
15899	59	-36	-1	1	1
15900	59	-35	-1	1	1
15901	59	-34	-1	1	1
15902	59	-33	-1	1	1
15903	59	-32	-1	1	1
15904	59	-31	-1	1	1
15905	59	-30	-1	1	1
15906	59	-29	-1	1	1
15907	59	-28	-1	1	1
15908	59	-27	-1	1	1
15909	59	-26	-1	1	1
15910	59	-25	-1	1	1
15911	59	-24	-1	1	1
15912	59	-23	-1	1	1
15913	59	-22	-1	1	1
15914	59	-21	-1	1	1
15915	59	-20	-1	1	1
15916	59	-19	-1	1	1
15917	59	-18	-1	1	1
15918	59	-17	-1	1	1
15919	59	-16	-1	1	1
15920	59	-15	-1	1	1
15921	59	-14	-1	1	1
15922	59	-13	-1	1	1
15923	59	-12	-1	1	1
15924	59	-11	-1	1	1
15925	59	-10	-1	1	1
15926	59	-9	-1	1	1
15927	59	-8	-1	1	1
15928	59	-7	-1	1	1
15929	59	-6	-1	1	1
15930	59	-5	-1	1	1
15931	59	-4	-1	1	1
15932	59	-3	-1	1	1
15933	59	-2	-1	1	1
15934	59	-1	-1	1	1
15935	59	0	59	59	59
15936	59	1	1	1	1
15937	59	2	1	1	1
15938	59	3	1	1	1
15939	59	4	1	1	1
15940	59	5	1	1	1
15941	59	6	1	1	1
15942	59	7	1	1	1
15943	59	8	1	1	1
15944	59	9	1	1	1
15945	59	10	1	1	1
15946	59	11	1	1	1
15947	59	12	1	1	1
15948	59	13	1	1	1
15949	59	14	1	1	1
15950	59	15	1	1	1
15951	59	16	1	1	1
15952	59	17	1	1	1
15953	59	18	1	1	1
15954	59	19	1	1	1
15955	59	20	1	1	1
15956	59	21	1	1	1
15957	59	22	1	1	1
15958	59	23	1	1	1
15959	59	24	1	1	1
15960	59	25	1	1	1
15961	59	26	1	1	1
15962	59	27	1	1	1
15963	59	28	1	1	1
15964	59	29	1	1	1
15965	59	30	1	1	1
15966	59	31	1	1	1
15967	59	32	1	1	1
15968	59	33	1	1	1
15969	59	34	1	1	1
15970	59	35	1	1	1
15971	59	36	1	1	1
15972	59	37	1	1	1
15973	59	38	1	1	1
15974	59	39	1	1	1
15975	59	40	1	1	1
15976	59	41	1	1	1
15977	59	42	1	1	1
15978	59	43	1	1	1
15979	59	44	1	1	1
15980	59	45	1	1	1
15981	59	46	1	1	1
15982	59	47	1	1	1
15983	59	48	1	1	1
15984	59	49	1	1	1
15985	59	50	1	1	1
15986	59	51	1	1	1
15987	59	52	1	1	1
15988	59	53	1	1	1
15989	59	54	1	1	1
15990	59	55	1	1	1
15991	59	56	1	1	1
15992	59	57	1	1	1
15993	59	58	1	1	1
15994	59	59	59	59	59
15995	59	60	1	1	1
15996	59	61	1	1	1
15997	59	62	1	1	1
15998	59	63	1	1	1
15999	59	64	1	1	1
16000	60	-64	-4	4	4
16001	60	-63	-3	3	3
16002	60	-62	-2	2	2
16003	60	-61	-1	1	1
16004	60	-60	-60	60	60
16005	60	-59	-1	1	1
16006	60	-58	-2	2	2
16007	60	-57	-3	3	3
16008	60	-56	-4	4	4
16009	60	-55	-5	5	5
16010	60	-54	-6	6	6
16011	60	-53	-1	1	1
16012	60	-52	-4	4	4
16013	60	-51	-3	3	3
16014	60	-50	-10	10	10
16015	60	-49	-1	1	1
16016	60	-48	-12	12	12
16017	60	-47	-1	1	1
16018	60	-46	-2	2	2
16019	60	-45	-15	15	15
16020	60	-44	-4	4	4
16021	60	-43	-1	1	1
16022	60	-42	-6	6	6
16023	60	-41	-1	1	1
16024	60	-40	-20	20	20
16025	60	-39	-3	3	3
16026	60	-38	-2	2	2
16027	60	-37	-1	1	1
16028	60	-36	-12	12	12
16029	60	-35	-5	5	5
16030	60	-34	-2	2	2
16031	60	-33	-3	3	3
16032	60	-32	-4	4	4
16033	60	-31	-1	1	1
16034	60	-30	-30	30	30
16035	60	-29	-1	1	1
16036	60	-28	-4	4	4
16037	60	-27	-3	3	3
16038	60	-26	-2	2	2
16039	60	-25	-5	5	5
16040	60	-24	-12	12	12
16041	60	-23	-1	1	1
16042	60	-22	-2	2	2
16043	60	-21	-3	3	3
16044	60	-20	-20	20	20
16045	60	-19	-1	1	1
16046	60	-18	-6	6	6
16047	60	-17	-1	1	1
16048	60	-16	-4	4	4
16049	60	-15	-15	15	15
16050	60	-14	-2	2	2
16051	60	-13	-1	1	1
16052	60	-12	-12	12	12
16053	60	-11	-1	1	1
16054	60	-10	-10	10	10
16055	60	-9	-3	3	3
16056	60	-8	-4	4	4
16057	60	-7	-1	1	1
16058	60	-6	-6	6	6
16059	60	-5	-5	5	5
16060	60	-4	-4	4	4
16061	60	-3	-3	3	3
16062	60	-2	-2	2	2
16063	60	-1	-1	1	1
16064	60	0	60	60	60
16065	60	1	1	1	1
16066	60	2	2	2	2
16067	60	3	3	3	3
16068	60	4	4	4	4
16069	60	5	5	5	5
16070	60	6	6	6	6
16071	60	7	1	1	1
16072	60	8	4	4	4
16073	60	9	3	3	3
16074	60	10	10	10	10
16075	60	11	1	1	1
16076	60	12	12	12	12
16077	60	13	1	1	1
16078	60	14	2	2	2
16079	60	15	15	15	15
16080	60	16	4	4	4
16081	60	17	1	1	1
16082	60	18	6	6	6
16083	60	19	1	1	1
16084	60	20	20	20	20
16085	60	21	3	3	3
16086	60	22	2	2	2
16087	60	23	1	1	1
16088	60	24	12	12	12
16089	60	25	5	5	5
16090	60	26	2	2	2
16091	60	27	3	3	3
16092	60	28	4	4	4
16093	60	29	1	1	1
16094	60	30	30	30	30
16095	60	31	1	1	1
16096	60	32	4	4	4
16097	60	33	3	3	3
16098	60	34	2	2	2
16099	60	35	5	5	5
16100	60	36	12	12	12
16101	60	37	1	1	1
16102	60	38	2	2	2
16103	60	39	3	3	3
16104	60	40	20	20	20
16105	60	41	1	1	1
16106	60	42	6	6	6
16107	60	43	1	1	1
16108	60	44	4	4	4
16109	60	45	15	15	15
16110	60	46	2	2	2
16111	60	47	1	1	1
16112	60	48	12	12	12
16113	60	49	1	1	1
16114	60	50	10	10	10
16115	60	51	3	3	3
16116	60	52	4	4	4
16117	60	53	1	1	1
16118	60	54	6	6	6
16119	60	55	5	5	5
16120	60	56	4	4	4
16121	60	57	3	3	3
16122	60	58	2	2	2
16123	60	59	1	1	1
16124	60	60	60	60	60
16125	60	61	1	1	1
16126	60	62	2	2	2
16127	60	63	3	3	3
16128	60	64	4	4	4
16129	61	-64	-1	1	1
16130	61	-63	-1	1	1
16131	61	-62	-1	1	1
16132	61	-61	-61	61	61
16133	61	-60	-1	1	1
16134	61	-59	-1	1	1
16135	61	-58	-1	1	1
16136	61	-57	-1	1	1
16137	61	-56	-1	1	1
16138	61	-55	-1	1	1
16139	61	-54	-1	1	1
16140	61	-53	-1	1	1
16141	61	-52	-1	1	1
16142	61	-51	-1	1	1
16143	61	-50	-1	1	1
16144	61	-49	-1	1	1
16145	61	-48	-1	1	1
16146	61	-47	-1	1	1
16147	61	-46	-1	1	1
16148	61	-45	-1	1	1
16149	61	-44	-1	1	1
16150	61	-43	-1	1	1
16151	61	-42	-1	1	1
16152	61	-41	-1	1	1
16153	61	-40	-1	1	1
16154	61	-39	-1	1	1
16155	61	-38	-1	1	1
16156	61	-37	-1	1	1
16157	61	-36	-1	1	1
16158	61	-35	-1	1	1
16159	61	-34	-1	1	1
16160	61	-33	-1	1	1
16161	61	-32	-1	1	1
16162	61	-31	-1	1	1
16163	61	-30	-1	1	1
16164	61	-29	-1	1	1
16165	61	-28	-1	1	1
16166	61	-27	-1	1	1
16167	61	-26	-1	1	1
16168	61	-25	-1	1	1
16169	61	-24	-1	1	1
16170	61	-23	-1	1	1
16171	61	-22	-1	1	1
16172	61	-21	-1	1	1
16173	61	-20	-1	1	1
16174	61	-19	-1	1	1
16175	61	-18	-1	1	1
16176	61	-17	-1	1	1
16177	61	-16	-1	1	1
16178	61	-15	-1	1	1
16179	61	-14	-1	1	1
16180	61	-13	-1	1	1
16181	61	-12	-1	1	1
16182	61	-11	-1	1	1
16183	61	-10	-1	1	1
16184	61	-9	-1	1	1
16185	61	-8	-1	1	1
16186	61	-7	-1	1	1
16187	61	-6	-1	1	1
16188	61	-5	-1	1	1
16189	61	-4	-1	1	1
16190	61	-3	-1	1	1
16191	61	-2	-1	1	1
16192	61	-1	-1	1	1
16193	61	0	61	61	61
16194	61	1	1	1	1
16195	61	2	1	1	1
16196	61	3	1	1	1
16197	61	4	1	1	1
16198	61	5	1	1	1
16199	61	6	1	1	1
16200	61	7	1	1	1
16201	61	8	1	1	1
16202	61	9	1	1	1
16203	61	10	1	1	1
16204	61	11	1	1	1
16205	61	12	1	1	1
16206	61	13	1	1	1
16207	61	14	1	1	1
16208	61	15	1	1	1
16209	61	16	1	1	1
16210	61	17	1	1	1
16211	61	18	1	1	1
16212	61	19	1	1	1
16213	61	20	1	1	1
16214	61	21	1	1	1
16215	61	22	1	1	1
16216	61	23	1	1	1
16217	61	24	1	1	1
16218	61	25	1	1	1
16219	61	26	1	1	1
16220	61	27	1	1	1
16221	61	28	1	1	1
16222	61	29	1	1	1
16223	61	30	1	1	1
16224	61	31	1	1	1
16225	61	32	1	1	1
16226	61	33	1	1	1
16227	61	34	1	1	1
16228	61	35	1	1	1
16229	61	36	1	1	1
16230	61	37	1	1	1
16231	61	38	1	1	1
16232	61	39	1	1	1
16233	61	40	1	1	1
16234	61	41	1	1	1
16235	61	42	1	1	1
16236	61	43	1	1	1
16237	61	44	1	1	1
16238	61	45	1	1	1
16239	61	46	1	1	1
16240	61	47	1	1	1
16241	61	48	1	1	1
16242	61	49	1	1	1
16243	61	50	1	1	1
16244	61	51	1	1	1
16245	61	52	1	1	1
16246	61	53	1	1	1
16247	61	54	1	1	1
16248	61	55	1	1	1
16249	61	56	1	1	1
16250	61	57	1	1	1
16251	61	58	1	1	1
16252	61	59	1	1	1
16253	61	60	1	1	1
16254	61	61	61	61	61
16255	61	62	1	1	1
16256	61	63	1	1	1
16257	61	64	1	1	1
16258	62	-64	-2	2	2
16259	62	-63	-1	1	1
16260	62	-62	-62	62	62
16261	62	-61	-1	1	1
16262	62	-60	-2	2	2
16263	62	-59	-1	1	1
16264	62	-58	-2	2	2
16265	62	-57	-1	1	1
16266	62	-56	-2	2	2
16267	62	-55	-1	1	1
16268	62	-54	-2	2	2
16269	62	-53	-1	1	1
16270	62	-52	-2	2	2
16271	62	-51	-1	1	1
16272	62	-50	-2	2	2
16273	62	-49	-1	1	1
16274	62	-48	-2	2	2
16275	62	-47	-1	1	1
16276	62	-46	-2	2	2
16277	62	-45	-1	1	1
16278	62	-44	-2	2	2
16279	62	-43	-1	1	1
16280	62	-42	-2	2	2
16281	62	-41	-1	1	1
16282	62	-40	-2	2	2
16283	62	-39	-1	1	1
16284	62	-38	-2	2	2
16285	62	-37	-1	1	1
16286	62	-36	-2	2	2
16287	62	-35	-1	1	1
16288	62	-34	-2	2	2
16289	62	-33	-1	1	1
16290	62	-32	-2	2	2
16291	62	-31	-31	31	31
16292	62	-30	-2	2	2
16293	62	-29	-1	1	1
16294	62	-28	-2	2	2
16295	62	-27	-1	1	1
16296	62	-26	-2	2	2
16297	62	-25	-1	1	1
16298	62	-24	-2	2	2
16299	62	-23	-1	1	1
16300	62	-22	-2	2	2
16301	62	-21	-1	1	1
16302	62	-20	-2	2	2
16303	62	-19	-1	1	1
16304	62	-18	-2	2	2
16305	62	-17	-1	1	1
16306	62	-16	-2	2	2
16307	62	-15	-1	1	1
16308	62	-14	-2	2	2
16309	62	-13	-1	1	1
16310	62	-12	-2	2	2
16311	62	-11	-1	1	1
16312	62	-10	-2	2	2
16313	62	-9	-1	1	1
16314	62	-8	-2	2	2
16315	62	-7	-1	1	1
16316	62	-6	-2	2	2
16317	62	-5	-1	1	1
16318	62	-4	-2	2	2
16319	62	-3	-1	1	1
16320	62	-2	-2	2	2
16321	62	-1	-1	1	1
16322	62	0	62	62	62
16323	62	1	1	1	1
16324	62	2	2	2	2
16325	62	3	1	1	1
16326	62	4	2	2	2
16327	62	5	1	1	1
16328	62	6	2	2	2
16329	62	7	1	1	1
16330	62	8	2	2	2
16331	62	9	1	1	1
16332	62	10	2	2	2
16333	62	11	1	1	1
16334	62	12	2	2	2
16335	62	13	1	1	1
16336	62	14	2	2	2
16337	62	15	1	1	1
16338	62	16	2	2	2
16339	62	17	1	1	1
16340	62	18	2	2	2
16341	62	19	1	1	1
16342	62	20	2	2	2
16343	62	21	1	1	1
16344	62	22	2	2	2
16345	62	23	1	1	1
16346	62	24	2	2	2
16347	62	25	1	1	1
16348	62	26	2	2	2
16349	62	27	1	1	1
16350	62	28	2	2	2
16351	62	29	1	1	1
16352	62	30	2	2	2
16353	62	31	31	31	31
16354	62	32	2	2	2
16355	62	33	1	1	1
16356	62	34	2	2	2
16357	62	35	1	1	1
16358	62	36	2	2	2
16359	62	37	1	1	1
16360	62	38	2	2	2
16361	62	39	1	1	1
16362	62	40	2	2	2
16363	62	41	1	1	1
16364	62	42	2	2	2
16365	62	43	1	1	1
16366	62	44	2	2	2
16367	62	45	1	1	1
16368	62	46	2	2	2
16369	62	47	1	1	1
16370	62	48	2	2	2
16371	62	49	1	1	1
16372	62	50	2	2	2
16373	62	51	1	1	1
16374	62	52	2	2	2
16375	62	53	1	1	1
16376	62	54	2	2	2
16377	62	55	1	1	1
16378	62	56	2	2	2
16379	62	57	1	1	1
16380	62	58	2	2	2
16381	62	59	1	1	1
16382	62	60	2	2	2
16383	62	61	1	1	1
16384	62	62	62	62	62
16385	62	63	1	1	1
16386	62	64	2	2	2
16387	63	-64	-1	1	1
16388	63	-63	-63	63	63
16389	63	-62	-1	1	1
16390	63	-61	-1	1	1
16391	63	-60	-3	3	3
16392	63	-59	-1	1	1
16393	63	-58	-1	1	1
16394	63	-57	-3	3	3
16395	63	-56	-7	7	7
16396	63	-55	-1	1	1
16397	63	-54	-9	9	9
16398	63	-53	-1	1	1
16399	63	-52	-1	1	1
16400	63	-51	-3	3	3
16401	63	-50	-1	1	1
16402	63	-49	-7	7	7
16403	63	-48	-3	3	3
16404	63	-47	-1	1	1
16405	63	-46	-1	1	1
16406	63	-45	-9	9	9
16407	63	-44	-1	1	1
16408	63	-43	-1	1	1
16409	63	-42	-21	21	21
16410	63	-41	-1	1	1
16411	63	-40	-1	1	1
16412	63	-39	-3	3	3
16413	63	-38	-1	1	1
16414	63	-37	-1	1	1
16415	63	-36	-9	9	9
16416	63	-35	-7	7	7
16417	63	-34	-1	1	1
16418	63	-33	-3	3	3
16419	63	-32	-1	1	1
16420	63	-31	-1	1	1
16421	63	-30	-3	3	3
16422	63	-29	-1	1	1
16423	63	-28	-7	7	7
16424	63	-27	-9	9	9
16425	63	-26	-1	1	1
16426	63	-25	-1	1	1
16427	63	-24	-3	3	3
16428	63	-23	-1	1	1
16429	63	-22	-1	1	1
16430	63	-21	-21	21	21
16431	63	-20	-1	1	1
16432	63	-19	-1	1	1
16433	63	-18	-9	9	9
16434	63	-17	-1	1	1
16435	63	-16	-1	1	1
16436	63	-15	-3	3	3
16437	63	-14	-7	7	7
16438	63	-13	-1	1	1
16439	63	-12	-3	3	3
16440	63	-11	-1	1	1
16441	63	-10	-1	1	1
16442	63	-9	-9	9	9
16443	63	-8	-1	1	1
16444	63	-7	-7	7	7
16445	63	-6	-3	3	3
16446	63	-5	-1	1	1
16447	63	-4	-1	1	1
16448	63	-3	-3	3	3
16449	63	-2	-1	1	1
16450	63	-1	-1	1	1
16451	63	0	63	63	63
16452	63	1	1	1	1
16453	63	2	1	1	1
16454	63	3	3	3	3
16455	63	4	1	1	1
16456	63	5	1	1	1
16457	63	6	3	3	3
16458	63	7	7	7	7
16459	63	8	1	1	1
16460	63	9	9	9	9
16461	63	10	1	1	1
16462	63	11	1	1	1
16463	63	12	3	3	3
16464	63	13	1	1	1
16465	63	14	7	7	7
16466	63	15	3	3	3
16467	63	16	1	1	1
16468	63	17	1	1	1
16469	63	18	9	9	9
16470	63	19	1	1	1
16471	63	20	1	1	1
16472	63	21	21	21	21
16473	63	22	1	1	1
16474	63	23	1	1	1
16475	63	24	3	3	3
16476	63	25	1	1	1
16477	63	26	1	1	1
16478	63	27	9	9	9
16479	63	28	7	7	7
16480	63	29	1	1	1
16481	63	30	3	3	3
16482	63	31	1	1	1
16483	63	32	1	1	1
16484	63	33	3	3	3
16485	63	34	1	1	1
16486	63	35	7	7	7
16487	63	36	9	9	9
16488	63	37	1	1	1
16489	63	38	1	1	1
16490	63	39	3	3	3
16491	63	40	1	1	1
16492	63	41	1	1	1
16493	63	42	21	21	21
16494	63	43	1	1	1
16495	63	44	1	1	1
16496	63	45	9	9	9
16497	63	46	1	1	1
16498	63	47	1	1	1
16499	63	48	3	3	3
16500	63	49	7	7	7
16501	63	50	1	1	1
16502	63	51	3	3	3
16503	63	52	1	1	1
16504	63	53	1	1	1
16505	63	54	9	9	9
16506	63	55	1	1	1
16507	63	56	7	7	7
16508	63	57	3	3	3
16509	63	58	1	1	1
16510	63	59	1	1	1
16511	63	60	3	3	3
16512	63	61	1	1	1
16513	63	62	1	1	1
16514	63	63	63	63	63
16515	63	64	1	1	1
16516	64	-64	-64	64	64
16517	64	-63	-1	1	1
16518	64	-62	-2	2	2
16519	64	-61	-1	1	1
16520	64	-60	-4	4	4
16521	64	-59	-1	1	1
16522	64	-58	-2	2	2
16523	64	-57	-1	1	1
16524	64	-56	-8	8	8
16525	64	-55	-1	1	1
16526	64	-54	-2	2	2
16527	64	-53	-1	1	1
16528	64	-52	-4	4	4
16529	64	-51	-1	1	1
16530	64	-50	-2	2	2
16531	64	-49	-1	1	1
16532	64	-48	-16	16	16
16533	64	-47	-1	1	1
16534	64	-46	-2	2	2
16535	64	-45	-1	1	1
16536	64	-44	-4	4	4
16537	64	-43	-1	1	1
16538	64	-42	-2	2	2
16539	64	-41	-1	1	1
16540	64	-40	-8	8	8
16541	64	-39	-1	1	1
16542	64	-38	-2	2	2
16543	64	-37	-1	1	1
16544	64	-36	-4	4	4
16545	64	-35	-1	1	1
16546	64	-34	-2	2	2
16547	64	-33	-1	1	1
16548	64	-32	-32	32	32
16549	64	-31	-1	1	1
16550	64	-30	-2	2	2
16551	64	-29	-1	1	1
16552	64	-28	-4	4	4
16553	64	-27	-1	1	1
16554	64	-26	-2	2	2
16555	64	-25	-1	1	1
16556	64	-24	-8	8	8
16557	64	-23	-1	1	1
16558	64	-22	-2	2	2
16559	64	-21	-1	1	1
16560	64	-20	-4	4	4
16561	64	-19	-1	1	1
16562	64	-18	-2	2	2
16563	64	-17	-1	1	1
16564	64	-16	-16	16	16
16565	64	-15	-1	1	1
16566	64	-14	-2	2	2
16567	64	-13	-1	1	1
16568	64	-12	-4	4	4
16569	64	-11	-1	1	1
16570	64	-10	-2	2	2
16571	64	-9	-1	1	1
16572	64	-8	-8	8	8
16573	64	-7	-1	1	1
16574	64	-6	-2	2	2
16575	64	-5	-1	1	1
16576	64	-4	-4	4	4
16577	64	-3	-1	1	1
16578	64	-2	-2	2	2
16579	64	-1	-1	1	1
16580	64	0	64	64	64
16581	64	1	1	1	1
16582	64	2	2	2	2
16583	64	3	1	1	1
16584	64	4	4	4	4
16585	64	5	1	1	1
16586	64	6	2	2	2
16587	64	7	1	1	1
16588	64	8	8	8	8
16589	64	9	1	1	1
16590	64	10	2	2	2
16591	64	11	1	1	1
16592	64	12	4	4	4
16593	64	13	1	1	1
16594	64	14	2	2	2
16595	64	15	1	1	1
16596	64	16	16	16	16
16597	64	17	1	1	1
16598	64	18	2	2	2
16599	64	19	1	1	1
16600	64	20	4	4	4
16601	64	21	1	1	1
16602	64	22	2	2	2
16603	64	23	1	1	1
16604	64	24	8	8	8
16605	64	25	1	1	1
16606	64	26	2	2	2
16607	64	27	1	1	1
16608	64	28	4	4	4
16609	64	29	1	1	1
16610	64	30	2	2	2
16611	64	31	1	1	1
16612	64	32	32	32	32
16613	64	33	1	1	1
16614	64	34	2	2	2
16615	64	35	1	1	1
16616	64	36	4	4	4
16617	64	37	1	1	1
16618	64	38	2	2	2
16619	64	39	1	1	1
16620	64	40	8	8	8
16621	64	41	1	1	1
16622	64	42	2	2	2
16623	64	43	1	1	1
16624	64	44	4	4	4
16625	64	45	1	1	1
16626	64	46	2	2	2
16627	64	47	1	1	1
16628	64	48	16	16	16
16629	64	49	1	1	1
16630	64	50	2	2	2
16631	64	51	1	1	1
16632	64	52	4	4	4
16633	64	53	1	1	1
16634	64	54	2	2	2
16635	64	55	1	1	1
16636	64	56	8	8	8
16637	64	57	1	1	1
16638	64	58	2	2	2
16639	64	59	1	1	1
16640	64	60	4	4	4
16641	64	61	1	1	1
16642	64	62	2	2	2
16643	64	63	1	1	1
16644	64	64	64	64	64
16645	-410497024413943637	390929401088213838	1	1	1
16646	198126849403075640	118926682616372114	2	2	2
16647	-595797344688050386	-439139853682467269	-1	1	1
16648	713599155579295227	847703947159379758	1	1	1
16649	-282456682373432077	845799227842953203	1	1	1
16650	491375049237822394	-779153903987940966	-2	2	2
16651	360896275539150380	-277654197412672305	-5	5	5
16652	364521040662663938	768121732715284053	1	1	1
16653	39427998185785351	-32980471396652966	-1	1	1
16654	789746399685350936	-466263119977703780	-4	4	4
16655	153376309997230700	-64940489946118941	-1	1	1
16656	-89549275359741283	104714652854531341	1	1	1
16657	-170113786146982394	941468113489594152	2	2	2
16658	83948270589461633	-528086641125015412	-1	1	1
16659	687377664512398182	-535382152662123521	-1	1	1
16660	494030399316759753	-817624568665182988	-1	1	1
16661	-609130278230914843	-174619546687697016	-29	29	29
16662	176122356656439457	-968056155071548546	-1	1	1
16663	-827710285328062330	994795390240045685	5	5	5
16664	420387468827341297	-903686638105088352	-1	1	1
16665	-917438336117307727	17208856675660670	1	1	1
16666	-538660892952747044	-572783947252809849	-19	19	19
16667	425663322736511807	739348537606831086	1	1	1
16668	742030829166221905	-934272890872546767	-1	1	1
16669	947595271686662265	-921820953308411334	-3	3	3
16670	-556237390531038358	-991308821388309909	-1	1	1
16671	-952672096562407925	179145342213168577	1	1	1
16672	-277279483531950433	-635198678998160077	-1	1	1
16673	160081558240896890	888762569757922219	1	1	1
16674	-418298047765333027	330158499398464251	1	1	1
16675	-728406728877201945	618393468497042364	3	3	3
16676	-782507379348274427	-481187119071819276	-1	1	1
16677	-919483619211700449	600192253003090757	1	1	1
16678	-930831461071117161	-608217293117474015	-1	1	1
16679	-284416951022305165	-25842313565364696	-1	1	1
16680	664991730637579380	-860679367396739204	-4	4	4
16681	-176434564929763198	285202291272062508	2	2	2
16682	-352097227734731581	-768951744355272082	-1	1	1
16683	244937052577437215	-333697227166216053	-1	1	1
16684	-762865219586281155	-8706755803672216	-1	1	1
16685	877301008912516397	-178616967821986855	-1	1	1
16686	679286316758031574	305565251735047729	1	1	1
16687	639378173885515833	805052400370403677	1	1	1
16688	-759030803340223911	-416650555673956710	-3	3	3
16689	-351428921408043030	-354831104413166717	-1	1	1
16690	708024209122892635	492491036340301558	1	1	1
16691	-852465589881510863	-533513810290639788	-1	1	1
16692	594938086904185173	494899431732843092	1	1	1
16693	-827245223715130156	296143401111671162	2	2	2
16694	-826319900988958041	-215845252612118407	-1	1	1
16695	-758073245993204501	-549008909613626490	-1	1	1
16696	-430197894714944373	672898490091535489	1	1	1
16697	-21548822486239648	-287308451999440788	-4	4	4
16698	-123784190718204819	-237078064456469572	-1	1	1
16699	931880159170232779	-18760840984781035	-1	1	1
16700	725275078138948083	107132617010223560	1	1	1
16701	372421456259632028	-570950271790478870	-2	2	2
16702	-932589592757960125	-947251196594758938	-1	1	1
16703	371395363200459603	-128455605833187516	-3	3	3
16704	-681547152352401941	77432828931322004	1	1	1
16705	35339864127356950	-409641877918430159	-1	1	1
16706	861558115473240198	656262690719991720	6	6	6
16707	-271897643890471097	-140383206274573587	-1	1	1
16708	925030711653818505	-196698784055349867	-3	3	3
16709	893447081816829535	-364754582482628651	-1	1	1
16710	104009788062517229	-880128374141654283	-1	1	1
16711	-420216431009228246	-810430869509059468	-2	2	2
16712	488104807780775072	46155180434587982	2	2	2
16713	312275405164091170	-314735375334686035	-5	5	5
16714	260338568919206582	-757314582156723102	-2	2	2
16715	-9254489746904061	368945740714018176	3	3	3
16716	859544388263811983	365476826818918985	1	1	1
16717	-238737778011788737	519102130923751564	1	1	1
16718	-231041195470100887	-479849946669089892	-1	1	1
16719	240985581890280629	-708234788263287860	-1	1	1
16720	713821105493811081	-414615613235743527	-3	3	3
16721	732479929407271115	715019130111401047	1	1	1
16722	545007330236210539	205115858078305931	1	1	1
16723	-469647001807165272	-886339477905410289	-3	3	3
16724	681378625108926971	699716727928752392	1	1	1
16725	-205830100478075052	-876585445459150700	-28	28	28
16726	-898928841158394394	165564943142491803	1	1	1
16727	46347589157909022	200764224618697172	2	2	2
16728	494910679486741159	21473678198737903	1	1	1
16729	691291956625321667	-981120085502692427	-1	1	1
16730	674116534635464087	725358688765080919	1	1	1
16731	251080530975819386	-299220222892179351	-1	1	1
16732	-982235917769292755	597360666978986492	1	1	1
16733	385237226791802076	-857027257491079631	-1	1	1
16734	-745625736461522170	-471011253178216316	-2	2	2
16735	-399529458987382764	175569623812053180	36	36	36
16736	-583244666533125641	39665589631715432	11	11	11
16737	943302523945111458	840250163261482997	29	29	29
16738	324503868517629825	941673936539831476	17	17	17
16739	573551416262548405	-667816457672114706	-1	1	1
16740	-226531106934631283	249175535279314589	719	719	719
16741	-197613551988154207	-788207294463636667	-1	1	1
16742	827452372115913658	439465047014758814	2	2	2
16743	812386453480502030	-238577729433876936	-2	2	2
16744	306046236085403737	-271939121470386623	-11	11	11
16745	95128543972951407	-472019769751133395	-1	1	1
16746	-243396646999076557	248368828384087692	1	1	1
16747	730615970761591464	297553247720917281	9	9	9
16748	626474270201983903	-716113918889984893	-1	1	1
16749	-589927850291374412	-879845525571121862	-2	2	2
16750	-961226076955616368	434916542336729278	2	2	2
16751	458110810563613210	461490915994071150	10	10	10
16752	247913091374589147	278078261941713371	1	1	1
16753	412729573388949644	886517162116118766	2	2	2
16754	521782521019009207	697968688212127718	1	1	1
16755	603187961704744413	886182559136364969	3	3	3
16756	-259009212442447832	588845143520451723	1	1	1
16757	969228643926265116	-129935808851063497	-1	1	1
16758	-452119782570930401	-860238387574262740	-1	1	1
16759	926355826458186799	-230194424440357790	-1	1	1
16760	-498116221353214859	369055676046673819	1	1	1
16761	-121205379898334609	2564041253841293	1	1	1
16762	-238728861325670703	-247721617429217713	-1	1	1
16763	743509669466531641	-778313776283942683	-1	1	1
16764	-661116865710928292	-433476248203744555	-1	1	1
16765	630654170334023891	296660441915933811	1	1	1
16766	-805450730811817569	529527510027676967	1	1	1
16767	95175176374653683	-464008672590122149	-7	7	7
16768	-608774573471064402	12437034874572528	6	6	6
16769	386335585228941613	-640112619725956402	-1	1	1
16770	22488845805346821	303329730520102477	1	1	1
16771	484399965258409321	-828611185876880890	-11	11	11
16772	710539786751262468	254451974939005435	1	1	1
16773	-836356834842965758	-411309166830312219	-7	7	7
16774	-248856162261231552	471366770849047207	1	1	1
16775	-16990244148812208	54247308594226043	1	1	1
16776	-544733794968453782	-745374178427429903	-1	1	1
16777	179636326168946540	940722282475800606	2	2	2
16778	-884830598270229071	99713938727885626	1	1	1
16779	-969216571753900528	-906441162079127097	-1	1	1
16780	-866924417265121277	-772005709673106129	-1	1	1
16781	965697924574150013	458305205496354822	1	1	1
16782	-687276789277303197	929117662637917283	1	1	1
16783	263117400186384152	-927003399125645604	-4	4	4
16784	850239790575489445	930190654564499625	5	5	5
16785	-671641106888178616	651114048276822180	4	4	4
16786	983546598318945411	480059755900473385	67	67	67
16787	-889126024903081211	675590879704223404	1	1	1
16788	66323383786691199	850955764614243928	1	1	1
16789	363635065842051480	776445593121126479	1	1	1
16790	555426588668085504	769674134591735349	3	3	3
16791	875581606046173816	-674590210352816408	-8	8	8
16792	-630290370570045779	-607807451008253527	-1	1	1
16793	480413447430066530	-514175681496685825	-5	5	5
16794	337913951814508436	-536217447945223672	-4	4	4
16795	-64429178852424003	-870695331946051441	-1	1	1
16796	607407910280482101	-762034906060358456	-1	1	1
16797	941572261453533095	-308589721665552725	-5	5	5
16798	264513354617904153	-49721479600337859	-3	3	3
16799	293709509685920317	903410152982417542	11	11	11
16800	794361872803870899	87561455829959627	1	1	1
16801	194589279148494821	955296090116779786	1	1	1
16802	-924223605964537364	132267842854212900	4	4	4
16803	-607609949177974238	671555597900761015	1	1	1
16804	815001793729992936	-867976989628803828	-12	12	12
16805	-72494437213036889	-919171381920027258	-1	1	1
16806	-784556125789769238	-708520161507812019	-3	3	3
16807	-752661521266245919	47043183066453439	1	1	1
16808	-242758735218772226	-792354970854034414	-2	2	2
16809	-431376777216846839	-473863532020830481	-1	1	1
16810	690840565865098074	463975319623899145	1	1	1
16811	352721931526662298	296013746093017789	1	1	1
16812	804837959860712499	487876913656088267	1	1	1
16813	-6984289260017836	-914230512846928805	-1	1	1
16814	418282032306007815	-954471824697362423	-1	1	1
16815	-352838348707137944	745973095160334616	8	8	8
16816	352907462345084592	-861766633934383723	-101	101	101
16817	771388254836483226	-256162543394196527	-1	1	1
16818	699136223388672012	150558766632724564	4	4	4
16819	-946915710003106708	39490255468405423	1	1	1
16820	77812196234584535	-571147597786565288	-29	29	29
16821	154711905444436641	31230457377892345	1	1	1
16822	452659858835875228	-157912586734104763	-1	1	1
16823	-439029917790965292	-266725867334741057	-1	1	1
16824	-261251560362407723	-171443695473348489	-1	1	1
16825	846933298319792468	898970884933580612	4	4	4
16826	-44152565187428775	-331553239269860569	-1	1	1
16827	558238665011046117	-168682936836237158	-1	1	1
16828	-249739127565235294	371030659762838349	1	1	1
16829	-687659605962837747	-554073337349505379	-1	1	1
16830	132330004884073080	373897241502069315	15	15	15
16831	509516576683242967	93270637012389586	1	1	1
16832	-845067395154116073	-422141586427338818	-1	1	1
16833	265994255815223825	915224173380502888	1	1	1
16834	-59835618070151869	42283254038337773	1	1	1
16835	-675323672812673655	-561333507563471388	-3	3	3
16836	945973487419255791	-732195738906341542	-1	1	1
16837	224461093840758099	98312087523512333	1	1	1
16838	450538241109979453	-488977731740984826	-1	1	1
16839	627954410464290055	-57470544974504559	-1	1	1
16840	484582388117354767	-19831411566791700	-1	1	1
16841	553816499482481353	-509209215563120251	-1	1	1
16842	200903240784201304	655098922918764817	1	1	1
16843	175714158970868529	642873377451344898	3	3	3
16844	-152557714315163348	560202247145032644	4	4	4
16845	614195474245403661	-895703515859628059	-1	1	1
16846	965666715857932909	-437130109844835796	-1	1	1
16847	79001739615303184	-464370502673565103	-1	1	1
16848	865617963444795050	-804949531886367105	-35	35	35
16849	-885488711274430016	-893773327935853187	-1	1	1
16850	786988998886554894	-938953665279212377	-1	1	1
16851	-777957003278983501	960038721487545205	1	1	1
16852	-662633452296403272	-414950227074896099	-1	1	1
16853	-37379893135693380	-89583371753714787	-3	3	3
16854	394412599560712139	961978159097049385	1	1	1
16855	-765675002100694838	33342770535344485	1	1	1
16856	616711244855279638	740268081139503977	1	1	1
16857	-692207096969104887	243651081468933966	3	3	3
16858	730374714996362896	63157754317565949	19	19	19
16859	-82893145379271626	556510817838390445	1	1	1
16860	306998689739619902	326645950317613421	1	1	1
16861	-518109074801481793	-399540895917786825	-1	1	1
16862	139526810407125701	932108617812662048	1	1	1
16863	380826789236870950	609475540663100383	1	1	1
16864	-805334613883392801	440455653451817692	13	13	13
16865	361593087924452595	368950283718973564	1	1	1
16866	620578628886684758	86050920176923730	2	2	2
16867	-309743252567750456	-651382568500968742	-2	2	2
16868	669283915870314758	-314696108085413845	-1	1	1
16869	-346735825179687873	688866025837560063	3	3	3
16870	942587483553499795	-803154038911915409	-1	1	1
16871	-62609702665364674	-786037057044683327	-1	1	1
16872	-332790691447720549	-432596873290048272	-1	1	1
16873	-737733795181443412	955079096570901925	1	1	1
16874	7566300589465260	39978766688838740	20	20	20
16875	506481334208892663	-635533790491031713	-1	1	1
16876	448482788509223379	900060603354519213	3	3	3
16877	-64234967190232475	691396680582899367	1	1	1
16878	-857073296597065904	-983642216803129558	-2	2	2
16879	-498347010862830024	380353253712286	2	2	2
16880	-427864092219655233	-900682123248496995	-3	3	3
16881	801057863541897142	234122493815015263	1	1	1
16882	-296929230196904616	438680261893463866	2	2	2
16883	-636403060613662956	979848705170696195	1	1	1
16884	774548908171939928	674928534358987121	1	1	1
16885	-889276299887051925	-979515234313433649	-3	3	3
16886	568752920860169648	-75289442355195007	-1	1	1
16887	227748569989419434	-336692390159640197	-1	1	1
16888	-276151476359374601	-338505866264296380	-1	1	1
16889	-792049015171522119	-278729172307975751	-1	1	1
16890	-454951281085328287	473820440360488514	1	1	1
16891	440641765630872693	5360170294044429	3	3	3
16892	20290112810594564	600500955405260034	2	2	2
16893	-477394577843624882	654921938511906565	1	1	1
16894	-629202416468040235	706480941155250498	1	1	1
16895	451155051006547735	158991486091171882	1	1	1
16896	265160457267863538	-882345472989195581	-1	1	1
16897	-881630384726937440	-586525795648147621	-7	7	7
16898	964717600502106295	-740832568481015129	-1	1	1
16899	-331566958173398436	-511267814397035862	-6	6	6
16900	165301520510440822	428031563728375786	2	2	2
16901	453233100922213426	-659772827368812523	-1	1	1
16902	-841050718065732260	-328564166600644675	-5	5	5
16903	-726770916353951427	398575276588352584	7	7	7
16904	946932259923084177	-191708860183619576	-1	1	1
16905	68548808070918114	549849252129770050	2	2	2
16906	-259631924272824532	704324906009083398	26	26	26
16907	-195100995022409479	673385922081368877	1	1	1
16908	858138712507965169	-926327609492793668	-1	1	1
16909	-202808542114093165	933182800286399196	1	1	1
16910	606172059175689558	987896433065305745	1	1	1
16911	671585987592137791	976681570187083128	1	1	1
16912	-59825046377181055	-717104028095805583	-1	1	1
16913	-165933943920475290	28814999639712949	1	1	1
16914	722479421340136444	-977078432938608980	-4	4	4
16915	533477681830497080	666757870384901808	8	8	8
16916	-951874071564403383	341053304895360698	1	1	1
16917	-770618757211018088	227300582529308785	1	1	1
16918	391486446683754696	-959952810738967903	-1	1	1
16919	-690318416884428982	137327862939479016	2	2	2
16920	-89979188252212556	619611030971646668	4	4	4
16921	-8947053398271995	164487827257807195	5	5	5
16922	244527872558162254	318641732700811917	1	1	1
16923	236665213745391400	881215191067255183	1	1	1
16924	-889059509543052438	221819444171793260	2	2	2
16925	-328774889902747478	-32929856365583358	-2	2	2
16926	-205129030314748471	-575764985593371170	-1	1	1
16927	-153069280674548938	996083745419253642	2	2	2
16928	312275500783390027	348784194960605388	1	1	1
16929	-746653236162362874	172743854333389796	2	2	2
16930	-54533208258453091	-119151260439248890	-1	1	1
16931	-163787420657074453	-379777264483846768	-1	1	1
16932	-534283769296552961	110748614644774355	1	1	1
16933	-641762984032194867	-844847743992934958	-1	1	1
16934	-69173442032857331	-452201293641490311	-1	1	1
16935	-347632267323109090	118319432498984373	1	1	1
16936	-241098885961369283	-889271139670741860	-1	1	1
16937	215965564180423082	-474335546974948423	-1	1	1
16938	-779572934380310466	-754775080101652881	-3	3	3
16939	-808178764819109678	-614527153556846031	-1	1	1
16940	-947625931780095291	-706823525353541781	-3	3	3
16941	-946109782042271968	247238628438441098	2	2	2
16942	339816128915218093	-505603812426852143	-1	1	1
16943	-380050467987053628	-271502926462582012	-4	4	4
16944	956988799504482735	-15178930297974986	-1	1	1
16945	-215909694453931323	601337486703219740	1	1	1
16946	435737770112857269	62350981397689545	3	3	3
16947	-927607265412478341	-479408485166314213	-1	1	1
16948	-107740521026825469	828300960100273379	1	1	1
16949	-847442109766549407	-69158943880597271	-1	1	1
16950	769394339077540844	-278240093682126718	-2	2	2
16951	-25099064768517209	267381344402622455	1	1	1
16952	-248712624987930422	96007012007945503	1	1	1
16953	-801134652741059322	370582908109269014	2	2	2
16954	-137104622635829053	668887950330316321	1	1	1
16955	172578735946256388	-545719221313565747	-7	7	7
16956	728173332028275095	711225637853181115	5	5	5
16957	660000946104946062	-953441657292763554	-6	6	6
16958	454141918884241764	-685280550449568940	-4	4	4
16959	999669288073018509	-392772006748830073	-1	1	1
16960	684665289756651919	-974924762794212583	-1	1	1
16961	-785368989973219394	870873896192597554	2	2	2
16962	541524305258628434	158573963276332890	2	2	2
16963	925460137008000330	-483717355528544840	-10	10	10
16964	-792065893975183554	-473518028094734656	-2	2	2
16965	613245368928396765	310091403684316026	3	3	3
16966	452926979678181539	-514036813742422900	-1	1	1
16967	268952978509073128	-77733262781135277	-1	1	1
16968	-50623143250604046	762606235405924396	58	58	58
16969	-804599888991370831	-332572324223851166	-1	1	1
16970	589227132106033532	-223430324620343568	-4	4	4
16971	985402479211609559	769265653455308854	1	1	1
16972	472796370085842557	255336987418036519	1	1	1
16973	879065744847875204	364194649247420034	2	2	2
16974	-776754286262726337	85958007253142627	1	1	1
16975	621629952158379591	-775607256575945784	-9	9	9
16976	846910125028583454	179533986324036590	2	2	2
16977	-63745456853906704	-161188644819979996	-4	4	4
16978	-248308352891068370	-665535612097072872	-2	2	2
16979	407905741318118459	75739614471228684	1	1	1
16980	875817263667232363	-815079864033131518	-1	1	1
16981	-85198332076916909	-34417576093568512	-1	1	1
16982	-509632850467675308	-899410980717649254	-6	6	6
16983	960634985203008252	-55284312470051849	-1	1	1
16984	-696741494407197455	74974767101766820	5	5	5
16985	951283617002476983	-562544314220629675	-1	1	1
16986	349672420813066411	941087535805629320	1	1	1
16987	-947364974233748026	-135314064359811281	-1	1	1
16988	735042719996670500	635566254441994617	1	1	1
16989	491406522861652390	805131002714131573	1	1	1
16990	-524590039215129292	339453609163910690	2	2	2
16991	-877934265484874101	-159228445039606547	-1	1	1
16992	-587196254548500004	221761513540161209	1	1	1
16993	-371004089349270666	-106614722027351200	-2	2	2
16994	214883300723307258	-254965444712915399	-1	1	1
16995	-43757505317411585	-420970152033242014	-7	7	7
16996	-828061331448926143	150528006869823924	1	1	1
16997	838399626609324918	-151976560141530392	-2	2	2
16998	-133901290394105521	-591291725860943960	-1	1	1
16999	575041776590138453	296461720563533927	1	1	1
17000	653262748557087608	43518473517173467	1	1	1
17001	-159095149991803177	-28343130030171091	-1	1	1
17002	-296922613508095265	-470244743515833373	-1	1	1
17003	-470917734393376880	713197788728591131	1	1	1
17004	37724821463182135	324196559301195319	1	1	1
17005	522350081211067600	128140149632332658	2	2	2
17006	183287453856008354	-166460253311738113	-1	1	1
17007	-169235963983466060	701009610101380798	2	2	2
17008	256674248090806177	143204533694006131	71	71	71
17009	-576269717848174006	-9202894663329604	-74	74	74
17010	554810285951567035	914523639248848809	1	1	1
17011	-512941133054788699	-739782070722941442	-1	1	1
17012	827184377657581586	-765360890695877575	-1	1	1
17013	-948837844495553016	308670076165052948	4	4	4
17014	768107758161500100	793062084928187765	5	5	5
17015	578364738017289584	-663461315282883826	-2	2	2
17016	-192408248581854331	-382496766541162546	-13	13	13
17017	-915900472175816532	-370962428010064996	-4	4	4
17018	-1271173208052079	-113130132890648450	-1	1	1
17019	583521731409791355	-475610056271079491	-1	1	1
17020	-769675782156117248	543456647385696350	2	2	2
17021	286902158177803743	-369633919223883132	-9	9	9
17022	-900974312009301786	562651240245637369	1	1	1
17023	619944483448497498	260055364751883450	6	6	6
17024	502936224542485846	-834713130282886515	-1	1	1
17025	766035285231747884	346081902609328139	1	1	1
17026	-463058931708433130	13695304557785550	70	70	70
17027	259032538784022179	396469843459450835	1	1	1
17028	-731088449282657096	353754830209627260	4	4	4
17029	-331389697097059409	907499616309914351	1	1	1
17030	-342349849321735662	111353675629795758	18	18	18
17031	-55974912363164622	133445442784057163	1	1	1
17032	303423863691061685	371999324297170310	65	65	65
17033	538298337947887238	579707339451070923	1	1	1
17034	3954865255345614	-139135386102013869	-3	3	3
17035	-340346892564222824	68136850480188721	7	7	7
17036	-344894554875446471	247278638365351829	1	1	1
17037	241609448769350813	-387552948584407505	-1	1	1
17038	619207436291473406	633663780923408609	1	1	1
17039	305010242363712293	-714508169283396205	-1	1	1
17040	-78976061938137087	789727384899049004	1	1	1
17041	627365178097294535	-819180809941906648	-1	1	1
17042	-637163248922579265	406414803681170100	15	15	15
17043	161482008505086156	990349897821072607	1	1	1
17044	706791248305175076	324007283384836059	3	3	3
17045	-285308030704054416	-318734145871322463	-3	3	3
17046	-340333395403012514	741599658602420848	2	2	2
17047	655726985285618422	200494598959362728	122	122	122
17048	-430201020648550864	-553439194209104437	-1	1	1
17049	-256140377606930822	424392186773770219	1	1	1
17050	-720270998183697158	365221642430410240	2	2	2
17051	-405762072086590700	940961280442438007	1	1	1
17052	130560364345686538	-703103952745944936	-2	2	2
17053	-678551475255799546	820798469964401012	2	2	2
17054	-780767293063206297	469910899049842635	3	3	3
17055	-776782146927571973	435241150049301061	1	1	1
17056	533447899428282062	-691144033771351693	-1	1	1
17057	-481802681029839949	540603639329569626	1	1	1
17058	-909240365507101520	-244837470793072774	-2	2	2
17059	-535155469879700433	-398042579022967752	-3	3	3
17060	-498628851186929520	447879304982864375	5	5	5
17061	675363666613834637	378010059345381320	1	1	1
17062	-709819874660906906	840334518870546690	2	2	2
17063	-653966707042481745	-474556275790121997	-3	3	3
17064	-388534940620741801	-536237587329983078	-1	1	1
17065	-171599737501569885	-263860522837140205	-5	5	5
17066	258721011403122164	506518170778227803	13	13	13
17067	-91621433271834976	-717912833074028234	-2	2	2
17068	-836261906464592712	28181904761978335	1	1	1
17069	456156239495367744	-329913088619716816	-16	16	16
17070	873632885974928275	78033934756517335	5	5	5
17071	-419447223892693427	94947278710427114	1	1	1
17072	103381870611129568	-688520558054205731	-1	1	1
17073	320757250827950518	825021854130986900	2	2	2
17074	-499935680896472082	236641341585501531	81	81	81
17075	247098094597686041	-803384804902885909	-1	1	1
17076	77572229360105248	301405157355880371	1	1	1
17077	614841548825364225	320221659488756406	3	3	3
17078	222081555166580421	-20223686135394854	-1	1	1
17079	-636793874738307452	-304526094215501364	-4	4	4
17080	580987919740950386	771717467063954204	2	2	2
17081	-704319219405975081	-217244019286444989	-3	3	3
17082	473758346823909861	644759516380939756	1	1	1
17083	-65762818071934827	-924267247838190826	-1	1	1
17084	-639949125896168547	18725054582613282	3	3	3
17085	813835749741630201	916688402530320541	1	1	1
17086	-412284880019115524	-680805748878458700	-4	4	4
17087	-601926199086460312	-123546635164188435	-1	1	1
17088	-114074594903021444	-71727140215921363	-1	1	1
17089	404035909637185007	109126986391050284	1	1	1
17090	228490005808357341	-112072926825276121	-1	1	1
17091	482733338234268378	862678733235029498	2	2	2
17092	-636024621802425629	823265524770776876	1	1	1
17093	-355776139337819758	-931929661191590025	-1	1	1
17094	-349718863425936746	-212619958338319439	-1	1	1
17095	-479644504764615158	-347805929252787690	-2	2	2
17096	-315155652245749377	957777163193381510	1	1	1
17097	585452441505976578	-440010729917228113	-1	1	1
17098	60369049901387538	751657280940133368	6	6	6
17099	-78923608479595614	958431373353188235	3	3	3
17100	-144327116519395559	-563255996724980024	-1	1	1
17101	-802380866530457762	-17295723511490356	-2	2	2
17102	732219204663531747	-922151258990322377	-1	1	1
17103	-663006804049016009	-163987974293431263	-1	1	1
17104	253824280736713818	-64965624351910032	-6	6	6
17105	-411238318712652897	700034794200788692	1	1	1
17106	235111509653888561	-280823172064080247	-1	1	1
17107	688272347606157585	65330414572733529	3	3	3
17108	486292501550054930	-780075821437300100	-10	10	10
17109	994529837105644550	-418053526963980710	-10	10	10
17110	540757321660737140	378995595886743125	5	5	5
17111	119693920833524946	-705871490960992714	-2	2	2
17112	-268580291379588482	-600262754127486429	-7	7	7
17113	-851648060490305989	-862997892506419143	-1	1	1
17114	13538112462594565	-536343201298290893	-1	1	1
17115	166839482937068524	-693308762612385114	-2	2	2
17116	160137871122741925	-945826147764266877	-1	1	1
17117	462026049048641476	727390462875085886	2	2	2
17118	79197897647547031	-144505756710477164	-1	1	1
17119	395159940378410100	-395864104951004199	-3	3	3
17120	-723036502843148627	-514341017863466955	-7	7	7
17121	540704348860253670	-492606599132345266	-2	2	2
17122	182634668094454189	836519852659859216	1	1	1
17123	254476840925578274	690246599843039364	2	2	2
17124	-174105573876246645	845870281360625204	1	1	1
17125	-685606892525671828	-211217281375910384	-4	4	4
17126	264886668888109265	111790236878763140	5	5	5
17127	-985840022471777542	-288464436610518636	-2	2	2
17128	-209975809148954087	-777874983549720433	-1	1	1
17129	961463289611865889	461744988556158130	1	1	1
17130	684093489202740481	-448311715001290453	-1	1	1
17131	-503914599444662545	926821162318658913	1	1	1
17132	202852821823147091	93304089932608241	1	1	1
17133	-19323122143349843	969191670728658174	7	7	7
17134	774017154235155288	679566491773775119	1	1	1
17135	-307260573679141020	577681465954374388	4	4	4
17136	-873466298592625379	933103693841609383	19	19	19
17137	-467441279177111942	825050084534242921	1	1	1
17138	970989554089495790	-863747924499445947	-1	1	1
17139	576444242608827853	-823419879156722921	-1	1	1
17140	614736566902925315	-922715887764627154	-1	1	1
17141	916431754930120396	-63998637223918965	-1	1	1
17142	-59353157373773671	672055120449749568	1	1	1
17143	-393348494018297020	982892696118221301	7	7	7
17144	-25595200356130970	290516511044337827	1	1	1
17145	402727527659826722	736800142654956736	2	2	2
17146	387600455816368826	395083618186822181	1	1	1
17147	647919543189412447	53185954718231998	1	1	1
17148	720131464532925971	-394469300177635163	-1	1	1
17149	190823955782330780	21422418888163305	5	5	5
17150	-77268054837475943	-944487044114084093	-7	7	7
17151	-170697132444521326	745374356318090422	14	14	14
17152	237800624574084012	241239328935390437	1	1	1
17153	451230027989506190	608354876815525418	2	2	2
17154	-687705569434205659	-818943044848481747	-1	1	1
17155	66738294171611782	703575984900951304	2	2	2
17156	801141654318452967	-608445715677256459	-1	1	1
17157	471465288232240624	-762331390014203833	-1	1	1
17158	-384282011127251093	-111689974029538266	-1	1	1
17159	780878135155286612	681407548532788469	1	1	1
17160	465540995021641099	-730642332096711663	-1	1	1
17161	587272212508994808	581747565664129428	12	12	12
17162	-277362575745671642	83371450132340781	1	1	1
17163	107172972019270047	232214221604178664	1	1	1
17164	-254397353972700922	392059047279105238	2	2	2
17165	515209440585386054	185078438518015083	1	1	1
17166	525225368982172871	977696520195236930	1	1	1
17167	468740936268183387	-3326746467317390	-1	1	1
17168	-824219958501844698	-486172271811891106	-2	2	2
17169	-558973272152853993	275714814368054698	1	1	1
17170	346828264608827709	-293112528248694890	-1	1	1
17171	731067075967016965	22900450408075457	1	1	1
17172	320783737931928994	117594396087059075	1	1	1
17173	695533105419147622	-549970703634030632	-2	2	2
17174	364062040407787458	-2189798555680478	-2	2	2
17175	-656487795145547428	473390529009895651	7	7	7
17176	147610245057243107	595706321625600876	1	1	1
17177	-819493642217885697	-809911690709317539	-3	3	3
17178	-265286445726168231	-285347128733762806	-1	1	1
17179	57335333197081047	-6519065058657200	-1	1	1
17180	-649312192524216352	-141657654052825044	-4	4	4
17181	-900080408562701165	511449394155917359	1	1	1
17182	865716666246787020	-406897774010511206	-2	2	2
17183	-914499806145950727	-227313071183748728	-1	1	1
17184	8034667357586325	798912316895274824	1	1	1
17185	-612863052275177628	-584391593406302414	-2	2	2
17186	-151682098613046999	-563479409604493153	-1	1	1
17187	674284786553675025	519479594952472563	3	3	3
17188	-294967050560204972	-516492623904663622	-2	2	2
17189	232340794600457272	-17531236545211485	-1	1	1
17190	-312294455124430851	581998481383600949	1	1	1
17191	-976323352790344656	-934768497424791800	-8	8	8
17192	-98457976006632703	-986262289368957288	-1	1	1
17193	-388912744255612808	-260044858176938667	-7	7	7
17194	871369594571154467	-27703694979540841	-1	1	1
17195	-738213142821755986	-16751945035701396	-2	2	2
17196	267645896002708656	774305558616491977	1	1	1
17197	-454107159177916761	-825930781809363643	-1	1	1
17198	-999216964788873920	-952366576532351051	-1	1	1
17199	875613757772926167	318064462029512678	19	19	19
17200	-903351492263987501	-523278562695375610	-1	1	1
17201	609368861642683638	929906542918871339	1	1	1
17202	-482256818087389642	-540010798193373096	-2	2	2
17203	617116604249707815	574811886355513357	1	1	1
17204	-676078138946360012	728267038882855740	4	4	4
17205	-935113047129272073	930962446866274855	1	1	1
17206	-902700648301413461	751419082226357801	1	1	1
17207	-972454629803754678	-715001704878464390	-2	2	2
17208	-676048522679389933	-358757407912876847	-1	1	1
17209	-106476150633017601	-576979638753718588	-1	1	1
17210	114775305619410373	-234686988572874182	-1	1	1
17211	336646229589328314	450190950632872970	2	2	2
17212	524932175071117514	-175390663406181146	-2	2	2
17213	282536636764242687	21544119444142588	1	1	1
17214	745793312031670890	443349440807146141	1	1	1
17215	496834285860220730	-197091129999355486	-2	2	2
17216	709716133352961136	-149749592804770460	-4	4	4
17217	-350880601123725658	-598260754157324324	-2	2	2
17218	78782336675293083	112211055440828545	1	1	1
17219	289971580580813947	898193018627691736	1	1	1
17220	188997932125305963	264828242833849043	1	1	1
17221	-280346528368584518	267331458915559265	1	1	1
17222	674664367789086358	986681570184282854	2	2	2
17223	-2123553151664913	-467605027094470513	-1	1	1
17224	861788925955720218	-889193513162768408	-2	2	2
17225	-858632895420581152	758351457066282294	2	2	2
17226	-663189724337379820	278516435025813910	10	10	10
17227	-537727241734403917	795705557165776093	1	1	1
17228	244771634555077810	-327597568133032396	-2	2	2
17229	862315005911246512	-154941886307795892	-4	4	4
17230	770199742957524618	72123826095979775	1	1	1
17231	-372264048338217433	-726340914561244693	-1	1	1
17232	-321562820380507302	707370429899709824	2	2	2
17233	-440284312706369386	626674450032282879	1	1	1
17234	-369184358455876335	-703687927154930872	-1	1	1
17235	-90018258624094404	-569866593033404542	-2	2	2
17236	-743380025243510374	-746097231360017395	-1	1	1
17237	-872153810988501326	-678959186502228706	-2	2	2
17238	-598256804337470779	-669877787376723292	-1	1	1
17239	746326011023199873	571466487432997194	3	3	3
17240	661605229859879793	-669693673329487459	-1	1	1
17241	-714892850647919740	-582620942296104230	-10	10	10
17242	107163191070072473	-939234473188020782	-1	1	1
17243	821469887034360998	549883799236359336	14	14	14
17244	-416626126753860625	-971627380871213007	-1	1	1
17245	858853748559162624	-421067652344935912	-8	8	8
17246	-686558652864029298	-640778596566945806	-2	2	2
17247	-991828863359477092	-553860011721100876	-4	4	4
17248	247755637538708928	-421160329263757750	-2	2	2
17249	-330371642274016772	-637489945129167049	-1	1	1
17250	-888469006686577061	84281687787165974	101	101	101
17251	-405809200138337887	-18518174802656381	-1	1	1
17252	758159903819734012	-656879706764928852	-4	4	4
17253	-498292912720365581	-529123441294858565	-349	349	349
17254	415838594453159636	-479640817348964658	-2	2	2
17255	204003903431024770	248750634726270801	1	1	1
17256	-623418980363684201	604897121225779025	1	1	1
17257	100672205577194787	-877362676898101856	-1	1	1
17258	-222667307640256249	-463160366099040730	-1	1	1
17259	-312875418339334199	643261623858453452	1	1	1
17260	-819696653620811966	-154307184592355342	-2	2	2
17261	541197706660705130	-735418644710844364	-2	2	2
17262	967373267244599356	-742939559782580655	-1	1	1
17263	206671678787733076	-27753846091852334	-2	2	2
17264	-825645165986439355	-964903445642638647	-1	1	1
17265	937711774604753864	-12248288207554460	-4	4	4
17266	-408989102860626231	-113646973255990505	-1	1	1
17267	-831392376085826397	90604565687469412	1	1	1
17268	7734863438509333	630109927513788229	1	1	1
17269	-484647370862864168	-464714073075123813	-1	1	1
17270	-903389863177970304	-514377109119277767	-3	3	3
17271	579062315335495048	-448203722504755131	-1	1	1
17272	-366466969547290455	-158898601274601923	-1	1	1
17273	927476902126824379	431331389915832491	1	1	1
17274	30378526498751879	997762630920620363	1	1	1
17275	445118502465535050	630273923457993413	1	1	1
17276	719138316040987217	983535564011272190	1	1	1
17277	-408342409103977822	290842805825018318	2	2	2
17278	188528590634847127	-486330202818161622	-1	1	1
17279	-804567640282833375	-607687222738851879	-39	39	39
17280	64902172578751361	364463787491163499	1	1	1
17281	828411208181215782	790782654652031418	6	6	6
17282	-922795281952051857	567654222864677937	3	3	3
17283	-281833754898002862	831249680329944618	6	6	6
17284	-341227585464155088	811243307689382986	2	2	2
17285	-294825386093753142	980256071404100492	2	2	2
17286	537843820501813713	426764045691238282	1	1	1
17287	-294831459017437908	-464172726381031631	-1	1	1
17288	750758884977306323	-758302146249263037	-1	1	1
17289	375516544418698084	949802697230922111	1	1	1
17290	-159861168259426690	39588368476059595	5	5	5
17291	-342115704090234018	-58655046511525925	-1	1	1
17292	443898381920884002	-394274646118028585	-7	7	7
17293	-915061170813453702	258061739593941016	2	2	2
17294	-962033803018465021	-760835536276518771	-1	1	1
17295	562375837946291124	34624681008689508	12	12	12
17296	444620963109399008	-576607726069281658	-2	2	2
17297	-723460932277103081	-19491898501357370	-1	1	1
17298	261416856105353034	481003497767034337	1	1	1
17299	711129777967903255	336354230137055290	5	5	5
17300	311521278510817803	47456592312319476	3	3	3
17301	311248998500511360	-781474008619415641	-1	1	1
17302	368956320902073143	-289282923307949651	-1	1	1
17303	24209471887098739	-99541681678248323	-1	1	1
17304	-623481677233282794	-545079828642782154	-6	6	6
17305	-463341147490415194	928587828950102338	2	2	2
17306	-753768825055300024	589812580337994252	4	4	4
17307	-858119057910652260	-172134396462456985	-5	5	5
17308	-394256521882009754	390507326737156110	2	2	2
17309	796341435924198810	-788638152168292232	-2	2	2
17310	-56474848955302026	675640393855421016	102	102	102
17311	806456048302949706	887804105642874775	1	1	1
17312	-332149389719799838	-536892414862854084	-2	2	2
17313	176257626809923204	201125770222105648	4	4	4
17314	639347191255153488	387584431962199465	1	1	1
17315	721954950789523994	-587711489721353945	-1	1	1
17316	997872795209093334	-612699098995095915	-3	3	3
17317	-790050104899513681	161130268589224684	1	1	1
17318	999538735570399001	446268335163695527	1	1	1
17319	173646395478192798	-306697170295017663	-21	21	21
17320	991989421339710885	-677335513210648297	-1	1	1
17321	-479846635725402528	-66223806637200019	-1	1	1
17322	821967794963955112	-209345059683415335	-1	1	1
17323	-587776999361983994	-230261594431329030	-2	2	2
17324	141742901893079786	-914003135632593367	-1	1	1
17325	-643721945148624410	600801445309349210	10	10	10
17326	-559669863487106110	-34231401889524414	-2	2	2
17327	-705540458977672011	-798747630389202345	-3	3	3
17328	11128142154972552	344880767251484908	4	4	4
17329	-450896452210110084	90394456166270191	1	1	1
17330	406586478111692483	11924348857994169	1	1	1
17331	-702937523291297265	679177593447925927	1	1	1
17332	228347701220532337	-102968487517730648	-1	1	1
17333	-739774643651405211	634862030051488248	3	3	3
17334	-645550637659220832	910507689717281461	1	1	1
17335	781682481351371500	-587254909540483302	-2	2	2
17336	462377493109279863	898292817839707265	1	1	1
17337	-977801459639567398	876711412618139902	2	2	2
17338	760572707264508524	697572736600916716	4	4	4
17339	895548755648764116	251820913687209034	2	2	2
17340	382403283136315191	-692995864484894675	-1	1	1
17341	-612291182764981030	422030672885029778	2	2	2
17342	-552019487896381249	-266510725801555284	-1	1	1
17343	954895749343199152	207061101780689268	4	4	4
17344	-668016157835424781	-691430956058430421	-1	1	1
17345	864778001399141628	440600595522077567	1	1	1
17346	-864730386470605939	-573182521148326932	-1	1	1
17347	-936249382858179589	-905766633193617762	-1	1	1
17348	-767924007052108852	-492739773025834130	-2	2	2
17349	-274561271117389357	81898585006432483	1	1	1
17350	-213714038683720903	-18219574544746265	-1	1	1
17351	351303486921434688	368388870310002209	1	1	1
17352	36511191223180796	-103042161017272749	-1	1	1
17353	-856641203666232215	923328548851573760	35	35	35
17354	556749713287540521	-817374812114548440	-9	9	9
17355	-944707048077626103	590480044227062410	1	1	1
17356	-534670700021979618	-493504627341438785	-1	1	1
17357	-54979899239594347	-589617406660815706	-1	1	1
17358	558156736768622051	-351114833817746426	-1	1	1
17359	666592109827201398	-734246914267832314	-2	2	2
17360	-224979921448796032	-713173654319832152	-8	8	8
17361	-330635967838760078	-885317713506614880	-2	2	2
17362	485632694322517444	-929566513302107100	-4	4	4
17363	517663041886619647	593850553402517983	1	1	1
17364	943812903112653108	376756159905991112	4	4	4
17365	39760514353718940	-659171642860917456	-12	12	12
17366	-370605179721305259	-391302881956567312	-1	1	1
17367	-918746262536957775	-688298967207713255	-5	5	5
17368	963717004230679239	-617234824252717685	-1	1	1
17369	291072360586354911	-413725583747162961	-9	9	9
17370	840818599309271768	-613737386959201461	-1	1	1
17371	554280756308491068	-741567027980441366	-2	2	2
17372	-602585445893637265	-275813644614036059	-1	1	1
17373	658690944751916084	-999152436710882736	-4	4	4
17374	-59119869762799398	-728124529192042709	-1	1	1
17375	-27288640816746308	128049201276097528	4	4	4
17376	-549996782190167419	228369408450683992	1	1	1
17377	869595890101204028	942102548746646546	14	14	14
17378	372324398664775165	90793883425320347	1	1	1
17379	888729017745487017	-640269902842811087	-11	11	11
17380	-561384888123310586	561508774978228062	46	46	46
17381	685939375664726974	-371892997192335841	-1	1	1
17382	-783490635316641107	777563306542562418	1	1	1
17383	535830945298352702	397937597552273914	2	2	2
17384	43730711669062853	453884711514312719	1	1	1
17385	-262962262709892530	493009988736972431	1	1	1
17386	294319837839709384	-540956185038356619	-1	1	1
17387	-182958695686187706	-62756230882137979	-1	1	1
17388	808149765013433423	271011740040000796	1	1	1
17389	101241233202116251	187496266056210693	1	1	1
17390	-806623152075393448	432064248431295105	1	1	1
17391	353076113243326913	843585469045354518	1	1	1
17392	-989067611444317464	-741055247365490691	-3	3	3
17393	648503456710379000	790726992657331541	1	1	1
17394	905148131120141413	-399649604604807997	-1	1	1
17395	-699924560883998448	-600453380971819860	-12	12	12
17396	800205217489481220	885224375762102574	6	6	6
17397	-847979812070385170	563160251445405666	2	2	2
17398	-428735455724752551	654812310959468428	1	1	1
17399	-636987667557628013	56593001575706130	1	1	1
17400	59440866124818458	439950230016770885	1	1	1
17401	-949248726314687308	-463403687919637144	-4	4	4
17402	143220862735208504	212599177110507934	2	2	2
17403	805984487910673974	937464345200050455	3	3	3
17404	916807087387402482	-660813819215690665	-1	1	1
17405	624442965972419429	-497309397665393073	-1	1	1
17406	-247763080839728697	228806959902281736	3	3	3
17407	-392221916699930297	-971577164402788721	-1	1	1
17408	114284077212294402	-738715678744480451	-7	7	7
17409	496919763288731752	945356383465236035	1	1	1
17410	-588929623192976973	-481199364045891505	-29	29	29
17411	-345193400001531937	883200333503302802	1	1	1
17412	909887903550701809	74557267762522892	1	1	1
17413	29425481320258543	-620551166584298596	-1	1	1
17414	636363457795931868	738125859596955232	4	4	4
17415	-916447145412442216	-231968589932737611	-1	1	1
17416	-780211503518433125	-486702892783559191	-1	1	1
17417	-848299006985122395	-840377933481906462	-3	3	3
17418	779718166775749747	72515803957904133	1	1	1
17419	37342667134431638	-941556259659266635	-1	1	1
17420	706498665278163114	735761863253114233	1	1	1
17421	856308777582897511	-487837940317084776	-1	1	1
17422	634382690186871386	430004568758839495	1	1	1
17423	400969985803847624	-600914128139107268	-4	4	4
17424	223758377658470177	579124301341867623	1	1	1
17425	-405855860121918708	-875576528598664251	-3	3	3
17426	-692089362454962461	384783612458588744	1	1	1
17427	-628375295020250404	462796505863119493	1	1	1
17428	-298473933726832108	269245240145130123	7	7	7
17429	-668965856414004119	-71947441966456505	-1	1	1
17430	542146353396062979	-980417170017937530	-3	3	3
17431	-648643887794008685	-168140840755110594	-1	1	1
17432	-695675900396378664	-632599363701829507	-1	1	1
17433	-13761602495866520	283681082683866500	20	20	20
17434	-574755467504222448	886535414803533975	3	3	3
17435	82526416424005107	-690714263701036630	-1	1	1
17436	44787289053036761	-672994377701973151	-121	121	121
17437	687843964986204551	-485862549700512795	-1	1	1
17438	-449991816366172140	-296773650386443105	-5	5	5
17439	-17600408015841018	173692974125534823	9	9	9
17440	-669190719242637357	891134552204606620	1	1	1
17441	-531743051929001347	-990982305848144440	-1	1	1
17442	-534496272668706476	-44640367791295957	-1	1	1
17443	-554305914494119526	149847635080020856	2	2	2
17444	335769978754563262	-85540323599908238	-2	2	2
17445	-858390540046820978	913723533356372598	2	2	2
17446	666034977943354794	702492233069412652	2	2	2
17447	815395067049444989	971704743416834773	1	1	1
17448	84196217830283325	93400324807742840	5	5	5
17449	154132784787276956	845478570001233670	2	2	2
17450	-172665848708073038	633561978690993657	1	1	1
17451	-913416242593112302	-556988110676418739	-1	1	1
17452	-524338117378845192	193153541960327658	6	6	6
17453	-797791624805653541	878311865898182127	1	1	1
17454	-574188315464838293	-870679177191747291	-1	1	1
17455	-295677833093881647	31496181778523576	1	1	1
17456	-199752004349561041	838062988966118918	1	1	1
17457	-708811258304604681	-108268280247043886	-1	1	1
17458	-2495561248953288	815541856143815956	4	4	4
17459	-24220547595854131	-916300814730617934	-1	1	1
17460	71019553214457303	202795759252530824	1	1	1
17461	685506999008234898	518253390600027300	18	18	18
17462	174740127150154017	965050847826015237	3	3	3
17463	377824567632832526	-22990260125272388	-2	2	2
17464	503462127463922544	871361189509470919	1	1	1
17465	39952472948147774	-573585516515515214	-2	2	2
17466	-640898936153993066	-963780373544227252	-2	2	2
17467	-234507583688362299	-832066971843605441	-1	1	1
17468	-149602490903816237	-306926667682750710	-7	7	7
17469	-917076831935877143	759626991629972999	1	1	1
17470	694607047311096930	441811227230654742	6	6	6
17471	156794101423275737	984351825594209207	1	1	1
17472	-271160673191417168	-930313508567550586	-2	2	2
17473	-392113956664712414	700431395086338124	22	22	22
17474	623600818283868059	-214266611957774580	-41	41	41
17475	-930438565234153120	-912348273437279248	-272	272	272
17476	-910438058314397134	253646248907292466	2	2	2
17477	982845178649699834	-361152695707960227	-1	1	1
17478	427392545154151809	-65718186116832404	-1	1	1
17479	-75082941525821069	-581290692779431039	-1	1	1
17480	-627539316652138064	-582851083490114188	-4	4	4
17481	-275822194862634671	51754677869529217	1	1	1
17482	195979829847240032	562854540053129169	1	1	1
17483	789867751248101164	-506396487465484513	-1	1	1
17484	-212599165067485632	770394546242637418	2	2	2
17485	831672822394692308	-144280034336721496	-4	4	4
17486	312430322257271974	331470165518391507	1	1	1
17487	416215385703246567	701317028775455029	1	1	1
17488	198989324574811307	-488030011522500252	-1	1	1
17489	357815823357797413	-231293849584522010	-53	53	53
17490	-300669354246347796	423726934672372555	1	1	1
17491	83291490559137842	-87596003065694501	-1	1	1
17492	525635258753392732	-432781422514804842	-2	2	2
17493	40399123842663513	-363390074450828818	-1	1	1
17494	-491943703672282855	650011554758495432	1	1	1
17495	-673974712635737372	465028048476781111	1	1	1
17496	-676795709221582995	259181739043714510	5	5	5
17497	-836330592922695638	-708550205391493274	-2	2	2
17498	-309318138305571777	114581033983466690	1	1	1
17499	994896945726248145	-660167404182420860	-5	5	5
17500	281773307892780458	-80807718841214572	-2	2	2
17501	553635176260256509	883464683255076590	1	1	1
17502	-279768217095982966	-765322482042481794	-2	2	2
17503	580699727957154649	97112494470529316	1	1	1
17504	-463476934972239501	115923661903223651	1	1	1
17505	394567011243323363	-801357181383666732	-1	1	1
17506	-568161095141600510	550664918499036901	1	1	1
17507	837017568257384818	783386385209960344	2	2	2
17508	949810009282838444	-939048421567954949	-1	1	1
17509	-202895578986278826	-209915757440847168	-6	6	6
17510	-466379135288610818	954533292158457629	1	1	1
17511	116283425733697583	-251143932648697665	-1	1	1
17512	611496903582653929	-617462700165429931	-1	1	1
17513	886611039486319664	834964179865645627	1	1	1
17514	375263022315356848	486293209268953711	1	1	1
17515	696794868082243248	-718301775565561704	-24	24	24
17516	-937116187512621324	-152372268952058744	-4	4	4
17517	442485319649389779	-99804407315000411	-1	1	1
17518	703477381944339644	324058609997694210	2	2	2
17519	-929166937761374154	-723393792189877024	-2	2	2
17520	881506129594862824	906166878027360648	8	8	8
17521	691610422256360404	-99111885247716920	-4	4	4
17522	337237288334580172	-236152829699879924	-4	4	4
17523	-264117073105053020	-490389632731949241	-1	1	1
17524	910234631665734928	71050203010182547	1	1	1
17525	140813016965414815	9391044720015774	1	1	1
17526	921677127582092724	-137984933833829140	-4	4	4
17527	399650898568253891	-697355730644137431	-1	1	1
17528	-165325533539016646	875980121432218170	2	2	2
17529	-108087493293105877	-988136841342029960	-1	1	1
17530	57587804710653905	-365993091760906316	-1	1	1
17531	284410146033320841	-564415825486644163	-1	1	1
17532	46470545087479914	621303692068466913	3	3	3
17533	905451009907366576	-961216034851954328	-8	8	8
17534	133127866520351783	394262861876118526	1	1	1
17535	-451998616338175929	920379810893219235	3	3	3
17536	657604215873331055	868896711471606610	5	5	5
17537	267594816267409917	396578250772054186	11	11	11
17538	-65334014153649483	-674684782646888189	-11	11	11
17539	76562804951995056	-280010646260882452	-4	4	4
17540	277035129035152262	-188232876213088901	-1	1	1
17541	85483461455955516	-751041564408386045	-1	1	1
17542	526126097028595872	-713336025064872018	-6	6	6
17543	906751171364013078	940293799468695917	1	1	1
17544	-543170149140628201	-406359370237111206	-1	1	1
17545	776242119074648084	530428824254220752	4	4	4
17546	364713631326690880	336824195935743139	13	13	13
17547	-604385113640072071	521641637083938879	1	1	1
17548	-58647822665651752	-983838889042447433	-1	1	1
17549	826677283615884708	206631983333459667	3	3	3
17550	524682237347010420	424975143674391482	2	2	2
17551	994238564112540395	-240810870699911651	-1	1	1
17552	-14770732708244323	402815165549674676	1	1	1
17553	-890133511451780925	974054665997959830	15	15	15
17554	-562323817330704019	666220747833879010	1	1	1
17555	-892501276301421376	-644182641446453164	-4	4	4
17556	-66546475885278356	675210664760063425	1	1	1
17557	378557985668787168	-654879872192131394	-2	2	2
17558	-773728318293584789	855514042695987981	1	1	1
17559	338264369372328751	957508312422757534	29	29	29
17560	116234297003466299	-557431245277242118	-1	1	1
17561	-662751063007870440	872367107662420164	12	12	12
17562	-228573877388418905	-968227383181726652	-1	1	1
17563	101410653067683348	282877479303288770	2	2	2
17564	754047911648390891	-714285657988142554	-1	1	1
17565	-392216283134514228	203216926897042889	1	1	1
17566	-934752189067390896	-503915888753881448	-8	8	8
17567	-602571123143011926	-337622763526921392	-6	6	6
17568	-515263903740321074	-380183597859140264	-2	2	2
17569	400986311034845236	730132637221304547	1	1	1
17570	-968518641288301049	-212465724164091079	-1	1	1
17571	-273286396357569777	673468114221208660	1	1	1
17572	-952262209877180638	-727655187102265090	-2	2	2
17573	35418932665690159	929002789516755049	1	1	1
17574	-999934483161166516	-8077230384411303	-1	1	1
17575	-25128381148979471	-827642166505367965	-1	1	1
17576	-480842450520595629	605162788219255113	3	3	3
17577	-553158192379012439	83043458181024673	1	1	1
17578	-22417278795709481	-639558007365425078	-1	1	1
17579	-176518359717648853	412422466523494070	1	1	1
17580	-169560556876398239	14898964845784955	1	1	1
17581	381360924126464980	-322615162306274301	-1	1	1
17582	-778382961883543690	489622332016845364	2	2	2
17583	-871295524793738486	61546176035633375	1	1	1
17584	540987157406386874	-107611005777969092	-2	2	2
17585	-424719934862273858	-691010067587312220	-74	74	74
17586	730721882084814034	-506908168486666568	-2	2	2
17587	775545530579809242	-456960063482883621	-3	3	3
17588	190665194997097003	25239389477373265	1	1	1
17589	479122993933947468	213229958490225470	2	2	2
17590	97469438108348866	779785501843784165	1	1	1
17591	-474180200070086018	201960364511483621	1	1	1
17592	-853318975740278449	-293613533645024583	-1	1	1
17593	140233193153386148	249748673099809306	2	2	2
17594	943957572764605896	-554169637821102256	-8	8	8
17595	262605307586909566	933231453248821592	2	2	2
17596	741132582203340871	-50601848526040046	-1	1	1
17597	605473793762484313	-729169975100451991	-1	1	1
17598	-925870185523078396	-404339966433659530	-2	2	2
17599	606841927515007781	333929380592868284	1	1	1
17600	588261705316621490	195576831862230541	1	1	1
17601	-950260142563940622	613088772732267571	1	1	1
17602	-899362646662486325	878992463413717740	5	5	5
17603	702898266356777969	960641061864436958	1	1	1
17604	572494797018244943	488077616251471102	1	1	1
17605	751034858192768852	-383165417424968015	-1	1	1
17606	-891551816759648886	417665369310306957	3	3	3
17607	-202347621739883974	-684427857189653130	-2	2	2
17608	330109621637429690	250529632099145825	5	5	5
17609	849108939655028554	458061791267923281	1	1	1
17610	-317690793478097874	-78264090314689794	-6	6	6
17611	-890849260946933199	709736293162706837	1	1	1
17612	663066404913608126	481106319782071806	2	2	2
17613	964010528365664767	679792500708555549	1	1	1
17614	982968933854583463	-732531057297077643	-1	1	1
17615	-355814411874504282	272830726638036350	14	14	14
17616	-346185385397960550	31386129674140752	6	6	6
17617	3182398076298388	-239342273221124329	-1	1	1
17618	-840869744939650261	157887510569657747	1	1	1
17619	-73934711850304069	-827840732588154490	-1	1	1
17620	-879039718700762753	-685726123246955439	-1	1	1
17621	-158992750379754563	-148154713660584560	-1	1	1
17622	-729024620029842098	13975373550925886	2	2	2
17623	-413558632432306849	-721993206984390733	-1	1	1
17624	-425788286755551862	-22216786938533320	-2	2	2
17625	976833130683377057	-215673578505455237	-1	1	1
17626	755219421685134652	-782436678461353448	-4	4	4
17627	275481127634327225	768228820738066995	5	5	5
17628	669175559620937878	341552006021224353	1	1	1
17629	-72415434796163334	-726991460027552880	-18	18	18
17630	-515203001346631314	214291296083351534	2	2	2
17631	-749621577741925514	50342345309717950	2	2	2
17632	-509225061739003109	-27955046838778172	-1	1	1
17633	746464955592089817	478719839402573906	1	1	1
17634	985543979344094935	-423301704604562206	-1	1	1
17635	309661682892854797	-933486453821799093	-1	1	1
17636	-64742060609047645	466790241208007107	1	1	1
17637	98369549586935269	-98434170196370588	-1	1	1
17638	481378469595918616	117902116986545218	2	2	2
17639	-76690015942458631	-38171631930188469	-1	1	1
17640	-397416069551407799	270155761645468178	1	1	1
17641	618374607397468248	415527328117317502	2	2	2
17642	-494566858700390412	394814683225667611	1	1	1
17643	-3265359410918941	-763027161275455063	-1	1	1
17644	155733551255738325	798984273029152294	1	1	1
17645	-385107522233465326	-618647161029059362	-2	2	2
17646	617248636864913784	519175190098965964	4	4	4
17647	-796641254109118153	-839778921830703083	-1	1	1
17648	-470703126684248981	740427147638533130	1	1	1
17649	-63256258203332834	-279113806186181713	-1	1	1
17650	-635351995548199161	755059723010267125	1	1	1
17651	-836092219320990082	-130576713258113705	-11	11	11
17652	-634518323724723193	-29715477702943575	-1	1	1
17653	487027727040632342	139099133872756723	1	1	1
17654	956862478014377333	385793098983358048	1	1	1
17655	-47519658017394983	-870815285016282251	-1	1	1
17656	744256162587567572	-924559299765430270	-2	2	2
17657	-492785867617230072	82829105472752010	6	6	6
17658	439652552717275886	784454417993960774	2	2	2
17659	-66766558443739626	91749397099565080	2	2	2
17660	434212877130674411	-849793676522969535	-7	7	7
17661	790827691056743944	-135930968396953956	-4	4	4
17662	-287829200595278080	140240987142115625	5	5	5
17663	-269050849091696064	273300240989305174	2	2	2
17664	-718427102721242267	732492820481491006	1	1	1
17665	104883575176395508	-626257207787094021	-1	1	1
17666	-280558374685663417	275504808323456129	1	1	1
17667	671947725917071726	964040686769457860	2	2	2
17668	-507717957192408904	-512339284146396688	-8	8	8
17669	-753951982416985265	719960791444993482	1	1	1
17670	866125524708410286	472196264051479980	6	6	6
17671	-671657830714381429	427324042373283794	1	1	1
17672	732597106849895287	-767042355049761295	-1	1	1
17673	424522685123091458	-314650496032766037	-1	1	1
17674	306232017108680182	-933146062429921950	-2	2	2
17675	695474573396052731	153009061933350266	1	1	1
17676	482146228922861094	470458600368349698	6	6	6
17677	-15577510698902893	909107468651376640	1	1	1
17678	90390244577761672	900916897218015017	1	1	1
17679	-311676527103698362	576313128435317304	2	2	2
17680	701207102846877376	301472615652777651	1	1	1
17681	-467653268476663719	-771311103756199961	-1	1	1
17682	-958113681403908329	513863838404390648	1	1	1
17683	813420561720374200	-202396644450550405	-5	5	5
17684	-363898309060744379	138885687716702803	1	1	1
17685	-684776001294708275	-564377689774922794	-1	1	1
17686	-99828648456694999	951144701427291067	1	1	1
17687	-190119060888599343	757207486765938408	3	3	3
17688	254457257578178918	-4399865459027707	-1	1	1
17689	503775279796545462	-960062657629427893	-1	1	1
17690	62252070255977566	-445145133954202816	-2	2	2
17691	962438322873565873	-720758651993999469	-1	1	1
17692	-152072557799778945	-525908829553787174	-1	1	1
17693	-795036487447097336	-890647471908075860	-4	4	4
17694	813213390344815321	450024724249366206	1	1	1
17695	792840725240780006	-415695589733536907	-1	1	1
17696	-236424777174994970	-641137713097602845	-5	5	5
17697	-349577594031845288	-112466414752162195	-1	1	1
17698	486931080517445102	737674417091959989	1	1	1
17699	135056449369238255	159048419981607478	1	1	1
17700	692895641476002491	970231446220942278	1	1	1
17701	-620784035852911886	-592976072484641613	-1	1	1
17702	528706811470789346	-873090188691855759	-1	1	1
17703	920953822926759448	-678692606406566018	-2	2	2
17704	-953347297838097363	-596777561710964956	-1	1	1
17705	851750675822935501	444161305456185764	1	1	1
17706	494096138307396767	-460392182800858191	-1	1	1
17707	202586130715528059	39567260295408307	1	1	1
17708	953486385302727795	958420858757045067	3	3	3
17709	-804354010730622615	317130048373261487	1	1	1
17710	-602498791877945325	109554932142242204	1	1	1
17711	464069743697047624	-267497697384722939	-1	1	1
17712	-243896170961192345	623087729571039847	1	1	1
17713	-864155032297939504	-133540677162929231	-1	1	1
17714	978835248126210128	-427094032471112064	-16	16	16
17715	961561236648408676	-704656737472092859	-1	1	1
17716	350382817714683387	367780970489316379	1	1	1
17717	-507974037859036048	344323378424580567	1	1	1
17718	827185372332457603	135364482305063678	1	1	1
17719	-33498019846511358	253049828857640633	1	1	1
17720	589324423928245779	-795129649804541043	-3	3	3
17721	34992178258215558	-69811094178507181	-1	1	1
17722	206137459207320123	94999947388039521	3	3	3
17723	-457154274760558340	-701927748240074051	-1	1	1
17724	61090504408311570	545058746313953946	6	6	6
17725	-361378818781213277	-933389117160243382	-1	1	1
17726	205960532645919850	-100369517151165786	-2	2	2
17727	122572098830002143	-615574628705184944	-1	1	1
17728	-740917532424564301	-368910471168098907	-1	1	1
17729	-755704100729866578	-127953738510008283	-3	3	3
17730	358873884843456477	276654150571691279	1	1	1
17731	283830672479190052	-731932447174330948	-4	4	4
17732	-724414354993782260	-755776832285991695	-5	5	5
17733	-385880505646288097	-508087953429098406	-1	1	1
17734	-168848951345591188	-443275360695102654	-2	2	2
17735	680522320026379371	883910301105141436	1	1	1
17736	-834976738469597651	-976341992347814982	-1	1	1
17737	-419665503971688421	490717552717392693	1	1	1
17738	649155769848554945	871390840012359413	1	1	1
17739	-638121651471973310	871356163864745783	1	1	1
17740	887174016545090954	-604719807674297164	-2	2	2
17741	774691762787812264	-692567987629247751	-1	1	1
17742	-534929480959767442	-338775171249893936	-2	2	2
17743	-103016102225580711	802277610801375886	1	1	1
17744	-864016974160043795	855799331314623861	1	1	1
17745	-538596340464706554	-956614962781768957	-1	1	1
17746	-923512458652193225	-124467118482684725	-25	25	25
17747	-347473765265321241	-838947068671471994	-1	1	1
17748	-18615223376791761	185717619502616786	1	1	1
17749	-505210309846850885	-900127415905942995	-5	5	5
17750	-262498817604034173	663715767734808069	3	3	3
17751	371901534090787510	-885009933056522896	-2	2	2
17752	580047759160210567	-337643094494528639	-1	1	1
17753	-573698400627333359	-413296201643598038	-1	1	1
17754	265828851969245716	-242695678724976638	-2	2	2
17755	-789267225167890287	256250630160243352	1	1	1
17756	-714820714619401848	-234184425853570448	-8	8	8
17757	-626187439226752177	851612934889836854	1	1	1
17758	796840103963408242	-716401124452950329	-1	1	1
17759	-394432135404414401	777595277802778406	1	1	1
17760	210154434537728077	-59551942408893547	-1	1	1
17761	-742572295258965506	207071205676136316	2	2	2
17762	-21334903145203800	-375730003619915933	-1	1	1
17763	-626713994701325572	-713036045142789254	-2	2	2
17764	-976568951210119103	-378683457117025404	-1	1	1
17765	-462459569068457411	-616107843577800207	-1	1	1
17766	379780542281142634	-404329460816492180	-2	2	2
17767	-555361749526742216	795919214747481365	1	1	1
17768	-467558111472364752	325247667308554320	48	48	48
17769	829172396090792229	434829718214127482	1	1	1
17770	-203624138882395712	-126770624613736134	-2	2	2
17771	603163004239225425	-815955015919482713	-1	1	1
17772	604613532175008564	652578003544912667	1	1	1
17773	596059381922867557	-856989163646129579	-1	1	1
17774	971432470199680305	294155400784000260	15	15	15
17775	-564170010312612983	336113855254867150	1	1	1
17776	970804807435339381	-99096146728509862	-1	1	1
17777	45795530351280637	927419233662405509	1	1	1
17778	-529905980060574441	412655118695988100	1	1	1
17779	705796187618923621	-140504792025508968	-1	1	1
17780	419212539039788957	-311714228086128906	-1	1	1
17781	420352908775031089	-407125254781544974	-1	1	1
17782	739671109354958212	-159329167208783718	-2	2	2
17783	959039370233105758	273093047320924862	2	2	2
17784	324810281638510311	919693322715353075	1	1	1
17785	262354314215714326	-847797925169067159	-1	1	1
17786	-780556463526503160	-806529584153561614	-2	2	2
17787	737606069439599015	-981592649313656274	-1	1	1
17788	-916051894142071521	-73800678088452669	-3	3	3
17789	582588861965404166	705657501438582206	2	2	2
17790	865289230911073994	-313102769965719479	-1	1	1
17791	834717488966143035	99236596955674593	3	3	3
17792	337302853309265039	119402816087176325	1	1	1
17793	-628004736104402842	762190431834611005	1	1	1
17794	-966864869486666026	-257519739007039089	-1	1	1
17795	251733992003213176	440970419689961010	2	2	2
17796	-573998896210969048	786224705837443368	8	8	8
17797	512986883891139192	-946402106070316449	-3	3	3
17798	-25737986728140230	427010943862155190	10	10	10
17799	686243435948030120	-491343325629768982	-2	2	2
17800	-732595220913013436	-473683047655859572	-4	4	4
17801	-976737161404054606	151199354417352130	2	2	2
17802	-795733521587919793	-280032860484366366	-1	1	1
17803	983383944116077800	992571603745488571	1	1	1
17804	913151929579874810	-583472308968253960	-10	10	10
17805	-113665072150991180	262379980742917369	1	1	1
17806	-192933432184662903	993077078652886643	1	1	1
17807	194753136453263340	-336339201125965805	-5	5	5
17808	706393192486912329	-234691423601954543	-49	49	49
17809	999295562028136120	-578704568345983761	-11	11	11
17810	524574274819766772	827317390596957162	6	6	6
17811	-571241374040593110	-385518409262147895	-15	15	15
17812	-891083328044208754	-97672698952851914	-2	2	2
17813	878592912065392768	-702575092250925321	-1	1	1
17814	857057736213893801	-975604974001421839	-1	1	1
17815	-484532147640249548	-537645216057917791	-1	1	1
17816	14750314798062320	-334607585466668917	-1	1	1
17817	-62939864880836741	952913023128691721	1	1	1
17818	951247305963331205	-748139493946675847	-1	1	1
17819	-340414869928554172	-728786419677682047	-1	1	1
17820	-736059881721592752	426120121575615305	1	1	1
17821	486693834122035266	773478331698361522	2	2	2
17822	-319246900610389125	-945180866413230153	-3	3	3
17823	669532570882333328	-321910511929899597	-1	1	1
17824	227804988956708161	-640723475834666655	-1	1	1
17825	81294829007587531	-31170718586935924	-1	1	1
17826	-994116218101116035	843676673001210246	1	1	1
17827	-23469800116926048	157799183010549300	12	12	12
17828	-212040067282361169	-428758586606120795	-271	271	271
17829	-577994081980492261	-335580183951150604	-1	1	1
17830	-47024905517036857	-711125891720081019	-1	1	1
17831	-28986290445453720	274614255689967814	2	2	2
17832	643938572372376580	-680590311871628082	-2	2	2
17833	127081765264417625	929985492239405368	1	1	1
17834	470772756290688249	529684130332752196	1	1	1
17835	-302231329970270699	883673121143111275	1	1	1
17836	224205019950737822	-378109036857331703	-1	1	1
17837	636963653548541593	524062798517757214	1	1	1
17838	196542676662700541	-126780464280957230	-1	1	1
17839	659456160171705593	645270443223887081	1	1	1
17840	-184341175458662030	368624911418456889	1	1	1
17841	-281318331774804067	316019547011632156	23	23	23
17842	-530201432561323068	693234622631583415	1	1	1
17843	-636472811074294365	160320612877834093	1	1	1
17844	-199795011553769039	-646818716780299815	-19	19	19
17845	421419225214675547	856980212460440999	1	1	1
17846	-98772100973594741	-112206621510772317	-1	1	1
17847	-815520646471917605	882765277466030847	1	1	1
17848	95127567996503628	-949326901521948882	-18	18	18
17849	563490527490105261	556805705975878928	1	1	1
17850	-426371457182501245	592263356209287722	1	1	1
17851	402765911684905845	633505387285407544	1	1	1
17852	-487420463498744139	877344193864304579	7	7	7
17853	431454349536025352	199687267594897567	1	1	1
17854	992355121382092175	-40744203317215825	-25	25	25
17855	677901627071738790	994730049685725170	10	10	10
17856	526179209563340024	392469689137474208	8	8	8
17857	-408110146573344680	20520065121838888	8	8	8
17858	267387985856771841	800585058676679667	3	3	3
17859	-543347010052441539	-796270431032600621	-1	1	1
17860	-538153379602490136	593735257606254671	59	59	59
17861	522938774614971452	-977659980544926496	-172	172	172
17862	341449091939288425	-599921572321560981	-1	1	1
17863	-768579562112338541	541830384875795770	1	1	1
17864	632500049646195071	-683023888555873202	-1	1	1
17865	-329513387513379305	95055584353247718	1	1	1
17866	809510354806847331	-370397377783982021	-11	11	11
17867	834561985661198758	38215704841005346	2	2	2
17868	-629216551750766059	-176432537418606190	-1	1	1
17869	-428672179512215281	-243824029328158787	-1	1	1
17870	-393939916791677298	676311847682648547	3	3	3
17871	-862085615215060605	-882962380816964155	-5	5	5
17872	-376116784918153674	-859506050647774446	-6	6	6
17873	154070345608323732	979109126477872446	42	42	42
17874	-674379297388649162	272754823707038326	2	2	2
17875	-494881480938381949	899542774886208872	1	1	1
17876	-712601138546611067	-735791571042410339	-41	41	41
17877	-616375640888510253	-673276862268574214	-1	1	1
17878	526741719135356274	-344159240833308990	-6	6	6
17879	-72629378599350385	764653863120054950	5	5	5
17880	-34417753649996673	-472852694547978973	-1	1	1
17881	814048393223414212	755584310740150535	1	1	1
17882	571910274695280943	66874659966269084	1	1	1
17883	61196034034863672	-12759838981367274	-6	6	6
17884	-344225449751871243	-668483512034884091	-1	1	1
17885	-942718224945542504	841473870090289060	4	4	4
17886	-803496491480330291	284134065949243642	1	1	1
17887	641491783260487009	397051736817661844	1	1	1
17888	-256818318440726052	-716534391434724696	-12	12	12
17889	-834276698937031144	928879034925328362	2	2	2
17890	669489661251331229	783350391081107964	1	1	1
17891	359836831458919532	230982373133926218	2	2	2
17892	267770742695996707	340510159986614923	1	1	1
17893	-81872644454565093	842315230561984264	1	1	1
17894	-16439939833584562	44712147571138900	2	2	2
17895	-29046954112521563	156908982128359164	1	1	1
17896	58247696925669538	-415720865725954908	-14	14	14
17897	-39973043564389739	-235908130070709403	-1	1	1
17898	-121642443820865166	371268374633875496	2	2	2
17899	-310380874928610997	998720340451019535	1	1	1
17900	211559905916606381	-294283563060750455	-1	1	1
17901	-952144990912189808	-288420898013990482	-2	2	2
17902	275895017203246590	-945056276740340524	-2	2	2
17903	676394984845737042	343363353680379157	1	1	1
17904	469081901470277682	588411102241884739	1	1	1
17905	409070568748612519	-754237680584745593	-1	1	1
17906	-357281471655221572	-334732954215684504	-4	4	4
17907	752034790233864693	-947635433216196606	-9	9	9
17908	-293538798186997485	105780938296344860	5	5	5
17909	-791188501072171535	404381290416227525	5	5	5
17910	-572930816558801614	93735266211437220	2	2	2
17911	-715478363797034083	768291852604864461	1	1	1
17912	311239400957759924	-497625598494927690	-2	2	2
17913	-557380424714942140	-926683083598871247	-1	1	1
17914	-728439653045656942	-169628088046915948	-2	2	2
17915	-785836666789405600	535759244512719290	10	10	10
17916	324388504050977100	56438453498462189	7	7	7
17917	271229675135173348	-196413377356810940	-4	4	4
17918	-963678555162224883	294828367213773483	3	3	3
17919	238392633870237174	903945220417924250	2	2	2
17920	-396249755698721708	-16572362346152640	-4	4	4
17921	-305451362690683090	245165149037266794	14	14	14
17922	-691408262549303534	-39350954622820612	-2	2	2
17923	-806170153452942098	102002855444583625	1	1	1
17924	201394055665853698	-35691460254978314	-2	2	2
17925	-558908462281359422	438024899406776535	1	1	1
17926	75949598998871450	477292083564241675	25	25	25
17927	-482171041688377205	-349211066967267301	-1	1	1
17928	-864550821944410747	-450482585252305664	-1	1	1
17929	-575226439623199895	-716510813826805739	-1	1	1
17930	265955005375216072	244633630777747945	1	1	1
17931	633994897624105046	957870667548661806	2	2	2
17932	-381477013614453177	-599813874160347942	-9	9	9
17933	-900330006423156432	743371828877635070	2	2	2
17934	-768437440353057561	789410339774100735	3	3	3
17935	273555455858209172	788192198539531343	1	1	1
17936	-563693283880018601	504140124358403052	1	1	1
17937	-924079344137445004	-143255043665493402	-2	2	2
17938	-231952138091665492	-750657520671253979	-1	1	1
17939	683302933107670625	802222714763192866	1	1	1
17940	-297354094273746849	881889070627032197	1	1	1
17941	-446066817899322800	-579102524329717381	-1	1	1
17942	-29434028339720464	444056282815699421	1	1	1
17943	991896213309791549	-718408341748233766	-1	1	1
17944	972299113940361893	-580823620757707788	-1	1	1
17945	403803264251601100	46105836992046316	4	4	4
17946	659568069030417744	975098625957947559	3	3	3
17947	80631826823013716	118923185021535870	2	2	2
17948	887509945076608785	-490117966869262401	-3	3	3
17949	442040649996511331	365460979625430594	1	1	1
17950	-500760266717787546	-983015390224184457	-3	3	3
17951	133945970496336928	136345439031242983	1	1	1
17952	650713086328972007	589831756419899135	1	1	1
17953	-705470073532493471	-145706315268034901	-1	1	1
17954	572086782394895695	-775430570722006230	-5	5	5
17955	-494697368698794862	-509530852552882695	-1	1	1
17956	-685706533152911711	-556407187396478293	-1	1	1
17957	366392320089370090	476004351243994208	2	2	2
17958	-615222578281771782	-396761891836857088	-2	2	2
17959	-749534031204501897	743210926035052220	1	1	1
17960	-302934813088475698	658360072482853657	1	1	1
17961	-62880986317043059	-716661875524017406	-1	1	1
17962	220575936532474532	439642149716217463	1	1	1
17963	-180414983578368727	-308018618428273664	-1	1	1
17964	-325989470794174432	-575423472563278082	-2	2	2
17965	819180724409870640	-706101351204483282	-114	114	114
17966	-247195783298731722	-109428553352847891	-3	3	3
17967	505973290951339489	-237754462773551895	-1	1	1
17968	-623461345759940316	227123073472992352	4	4	4
17969	-955840818872097955	24102845354195279	1	1	1
17970	53218558597132122	959194602140337529	1	1	1
17971	-151010204469944781	-542501743767274665	-3	3	3
17972	28010387275914740	611970904175410529	1	1	1
17973	356194752645237489	-637214598830196241	-1	1	1
17974	525507549709745890	902664532140796278	14	14	14
17975	-869566049955723287	-705709999438439894	-1	1	1
17976	274721318395935939	923226783081898042	8459	8459	8459
17977	-440547472925834598	490385563294954458	6	6	6
17978	887957975025424083	9602805123340710	3	3	3
17979	3973580317419988	115736198643730737	1	1	1
17980	154812150496494115	-160972964177415740	-5	5	5
17981	565647509041384973	599055867059928044	1	1	1
17982	514242092581501924	-80547753827947915	-1	1	1
17983	-607599528989743772	-179375352326822493	-1	1	1
17984	-917979041094611859	553300863668443075	1	1	1
17985	-656272635746128211	894283723407946099	1	1	1
17986	-308947436958953671	-48938427138425169	-1	1	1
17987	-574151654875187264	-93443743071724692	-4	4	4
17988	-167606593973983183	-797777675684299790	-1	1	1
17989	916568293478414906	-241816319381831396	-2	2	2
17990	-831890970257754720	172277011733166859	1	1	1
17991	-84489272964284622	862615827280378605	21	21	21
17992	-914515339540449846	-668498256693985123	-1	1	1
17993	906308498917503000	-696616949019286126	-2	2	2
17994	-222019005715148486	-433441967732964416	-2	2	2
17995	-980291447975295640	-729775887382714347	-1	1	1
17996	-550834004844471425	267942549671168589	7	7	7
17997	614001898591128056	-320077267454970803	-1	1	1
17998	23561954239468759	-62018009655953733	-1	1	1
17999	192147090572854455	636496339482105258	3	3	3
18000	-530762714204623234	299518599821944709	1	1	1
18001	-630868849736198822	-224822519968635348	-2	2	2
18002	-783846078685076561	-792637700403155405	-1	1	1
18003	-809345454104411231	-822843826867351799	-1	1	1
18004	938708758436974653	863228250215982485	1	1	1
18005	-759209423276711047	745015211526732343	1	1	1
18006	666396095619554254	499035746870281291	1	1	1
18007	-718902251363963061	-167277324871735390	-1	1	1
18008	-639343031395489066	-670826831534603540	-2	2	2
18009	-689652456614939719	-728117670277529903	-1	1	1
18010	-643916133970110257	131711643784182103	1	1	1
18011	597121166694064726	27432800367910154	14	14	14
18012	272779951306023922	818571387490887727	1	1	1
18013	265716736141758308	-5410962360809640	-92	92	92
18014	859864961157959612	-47870429737656556	-4	4	4
18015	-496707739684291921	344571036504375707	1	1	1
18016	421385349991779587	-516867642694127480	-1	1	1
18017	426082086574727288	266637282197644911	1	1	1
18018	427907769752140014	76729838385521242	2	2	2
18019	-820417330355550260	933043147629170032	4	4	4
18020	520247279185997568	998363971949144259	3	3	3
18021	-123088045722334533	587729763446133814	1	1	1
18022	365105814737159192	996569342300694795	1	1	1
18023	225065491631611538	769352066045382737	1	1	1
18024	-731187395428621070	963137408592880933	1	1	1
18025	-787034753837408598	-755600678348091911	-1	1	1
18026	-559424977943889301	708547448843506252	1	1	1
18027	611065727190970360	-685424905726602279	-1	1	1
18028	-748109795189132165	-402141640216321787	-1	1	1
18029	-37471811392535075	514225838233789694	1	1	1
18030	-736823641486874569	338945472540918938	1	1	1
18031	855414985296252974	-562908494911634540	-2	2	2
18032	317426827239469074	-516315113901929422	-2	2	2
18033	392283453633882066	-613401389099412431	-1	1	1
18034	510718884283999819	-177688979651250529	-1	1	1
18035	635475805552564091	902405648548932395	1	1	1
18036	-725726045682553414	736625574474850795	1	1	1
18037	34363027481555821	773931127576125813	1	1	1
18038	12092540670220157	742287634025265450	1	1	1
18039	156224063003164791	678081177097920549	3	3	3
18040	676663398765969386	115418561953665268	2	2	2
18041	-915898375575125394	599671902283184225	1	1	1
18042	199168967155757360	462024011003310838	2	2	2
18043	593145049632805060	-49919726038261994	-2	2	2
18044	122211832357993576	899877408073453616	8	8	8
18045	-978435613806943945	857966865437011214	1	1	1
18046	850557228439633650	133388015280809177	1	1	1
18047	-183164624666799311	556944048986060883	1	1	1
18048	979846104151713466	137266884970007264	2	2	2
18049	302186125196014068	28417594108635358	2	2	2
18050	-607795713346655219	-527530640872254862	-1	1	1
18051	-509954784772434948	835226526569597115	3	3	3
18052	-400304901161182724	-492727285848440127	-1	1	1
18053	336901783436918459	50106050974711963	1	1	1
18054	-394915140846194629	984008170980561224	1	1	1
18055	-617339624919448802	-397121448943353766	-2	2	2
18056	-414922014146694575	773034254902330406	1	1	1
18057	-512321853011813648	780616280075878713	1	1	1
18058	-881028700090564406	-850274165222156941	-1	1	1
18059	467978823822723589	-926212669629650218	-1	1	1
18060	452164687429772171	-518808945210188740	-1	1	1
18061	-966966456328715257	728400906637523567	1	1	1
18062	-650029101886835508	879809692850847853	1	1	1
18063	-962659146003943887	845850214511588805	3	3	3
18064	943164362649503446	-993352344171988217	-1	1	1
18065	-659093229842081208	-136441379008871543	-1	1	1
18066	805996039524329359	-975885824733502795	-1	1	1
18067	-958066608181485939	-875371587249832567	-1	1	1
18068	-742249927816306093	566740575406113158	1	1	1
18069	-201806521674318656	710291974531972785	1	1	1
18070	557516573887834412	71115426374548125	1	1	1
18071	143959445191213394	-505760406877784401	-1	1	1
18072	-761740321616402066	-429394589973991610	-2	2	2
18073	-668557510185742393	773270425011553552	1	1	1
18074	-837751523975554788	265900081819018704	12	12	12
18075	-815928860197214197	581994904248154937	1	1	1
18076	847700362641214883	-747415396347296177	-1	1	1
18077	-546066492343912735	-722554612861945255	-5	5	5
18078	814943864576103774	902102436127158224	2	2	2
18079	693832391422088685	-785402355417735161	-1	1	1
18080	234505890959238426	199875647669142369	3	3	3
18081	-772379321948190898	-835638786011642973	-1	1	1
18082	-220935319506542929	-476793443707893570	-1	1	1
18083	-22691177988090416	-617998909634220139	-1	1	1
18084	-894757565986104674	842758475887966008	14	14	14
18085	-785462052868932217	490754026962918972	1	1	1
18086	898668128350810045	698955228243047694	1	1	1
18087	-469429836025042189	696349382360694882	1	1	1
18088	172741131747698222	-172845778259718585	-1	1	1
18089	79842641403831474	450828547905655807	1	1	1
18090	-847783913810816810	413560855292175308	38	38	38
18091	-775355986116442307	967839897332478207	1	1	1
18092	-232150333248538405	-979081856801654719	-1	1	1
18093	570322182052214958	-954168594647403784	-2	2	2
18094	178659090610459029	99276826398042757	1	1	1
18095	996385244138342006	-205650280325446508	-2	2	2
18096	29359682719220659	334559196249469467	1	1	1
18097	-646957965855831401	759287915964961327	1	1	1
18098	-63855484339972441	635349277337196148	1	1	1
18099	591163362759889720	936126668999499859	1	1	1
18100	99550304745869598	228101268015133932	6	6	6
18101	273881486422729182	602743045669099692	6	6	6
18102	439372543044301834	593924859947993310	22	22	22
18103	444090453411262649	668619127738603865	1	1	1
18104	949984673827877382	-699668625209249717	-1	1	1
18105	925578293275075965	-239032448945251274	-1	1	1
18106	-504412899137595109	179023149402429572	1	1	1
18107	310209873821501309	-13289979100253844	-1	1	1
18108	483858442017206348	680396990873323666	2	2	2
18109	441741499569779110	-658579682000931560	-10	10	10
18110	105063928518923142	-356989123290899812	-2	2	2
18111	48965904873298004	326774737677491986	2	2	2
18112	875809196889649278	562485693817662447	3	3	3
18113	-40196508651503458	365151520635568201	1	1	1
18114	-150625304687677787	-922844799646851927	-1	1	1
18115	154133924333748439	-485140917027949485	-1	1	1
18116	29804042685028799	447428461644442369	1	1	1
18117	-694697300951466490	-300319587536624761	-1	1	1
18118	-199209618313726355	-948457427041881741	-1	1	1
18119	-319553295406988046	-193078327570759177	-1	1	1
18120	620625508799938899	611501507846082877	1	1	1
18121	-285039360367867839	645739698806599454	1	1	1
18122	206531198510175340	964127100187847682	2	2	2
18123	-967955084208157409	246714877266984644	7	7	7
18124	-516907311465339466	419513226371410258	2	2	2
18125	424244667880358552	-996964859533335097	-1	1	1
18126	-901551424670618187	611508083022791349	3	3	3
18127	169967706177132293	704816093922696722	1	1	1
18128	470703455042650558	919508257211575993	1	1	1
18129	67980924108860257	-246785200040115023	-1	1	1
18130	-684881275401025567	-606538070458115282	-1	1	1
18131	-290066541518254539	255688923879643813	1	1	1
18132	20058755592537732	-729928792231343907	-3	3	3
18133	145124295735856554	-965918642112842318	-2	2	2
18134	-436286797246712840	-79796837657826428	-4	4	4
18135	-848934916247325376	523362324954015208	8	8	8
18136	633205199216006386	-483430021687426329	-1	1	1
18137	-856546589733676213	-964692167194747217	-1	1	1
18138	-867888823383684505	861138838799117263	1	1	1
18139	255619188317429414	569637795462904604	2	2	2
18140	-997932730412393477	-353828158702314251	-1	1	1
18141	172370226858049326	-183868382296179340	-2	2	2
18142	-362347065573821836	-237678569162221572	-4	4	4
18143	-512765763683422304	246991084426572120	8	8	8
18144	633243874251281561	-602913180088030774	-1	1	1
18145	-312960362654671642	-17479493095011018	-2	2	2
18146	-501501756367967438	299077178052306974	2	2	2
18147	-877343486925802782	-475335421322108795	-1	1	1
18148	-354176765571034938	488589506376625392	6	6	6
18149	-125152125768007797	-615555000047211278	-1	1	1
18150	407250124384220003	501571930394530476	1	1	1
18151	814310792877311316	-985652533466081657	-1	1	1
18152	144237493553496353	-458111341513745330	-1	1	1
18153	-698520850647372402	754993955308101297	3	3	3
18154	-477089661628365803	164427834834392991	1	1	1
18155	614378764152622124	-804191891542873598	-2	2	2
18156	-32552403226154691	-823200905046846202	-1	1	1
18157	-174368931638690878	966073156101781839	1	1	1
18158	-301391310063904159	650337030039601430	1	1	1
18159	-502474896545785603	527621962886553256	1	1	1
18160	836139201997373564	-981131260602491296	-4	4	4
18161	971765548538435749	466498313354765455	1	1	1
18162	532353058530393550	-475122349802754859	-1	1	1
18163	-464904717800707820	-866751206597645795	-5	5	5
18164	-279340261656281286	-456624117293465808	-6	6	6
18165	-68000131272803160	412202193251135389	1	1	1
18166	-609592074840222949	463513399404498212	1	1	1
18167	-46457395660258441	673001831252283134	1	1	1
18168	177130431719838320	-314609818214598084	-4	4	4
18169	-543724299395501841	148467636618410741	1	1	1
18170	538845591651604997	-681307141133298131	-1	1	1
18171	-63913148603220672	-59357386723300444	-4	4	4
18172	-500698064921548065	113532049616898954	3	3	3
18173	-655111669973075107	-859808521727715727	-1	1	1
18174	-423214788208944227	-616424545191501112	-1	1	1
18175	-243572704804319625	542307406698733772	1	1	1
18176	-416502224182158903	650183455828209289	1	1	1
18177	-766797716325621644	290406607773257386	2	2	2
18178	892655205560082350	961559924542466536	2	2	2
18179	-2006365541969528	728919056476755405	1	1	1
18180	-164426093761592052	-100932288399164248	-52	52	52
18181	282124367639893963	-608583691540443440	-1	1	1
18182	-898790455470264794	-464455981445042128	-2	2	2
18183	203999384658292427	513065552667794857	1	1	1
18184	796129772928169045	-601438448349414619	-1	1	1
18185	-396756432051504980	-434663193216997718	-2	2	2
18186	-82177400907693695	54818403209992459	1	1	1
18187	-809163034667981506	-172965991431923458	-2	2	2
18188	537472165528122775	-855400901575302739	-1	1	1
18189	748448769817636652	324934651674941494	2	2	2
18190	490190613213720892	-257278861048238783	-1	1	1
18191	164019440481900124	-778404882284011409	-73	73	73
18192	307251475613085963	47840905882086233	1	1	1
18193	-195617963892709552	-780463115082132622	-2	2	2
18194	13921611200565683	625699601014416423	1	1	1
18195	507502792731086595	191415345221067921	243	243	243
18196	147158403234646165	14243986497371566	1	1	1
18197	-737480909835998879	393726628299054571	1	1	1
18198	-175007943400964714	389722922823226827	1	1	1
18199	868579702578051701	359020932405798403	1	1	1
18200	534435530672972031	426931096226810336	1	1	1
18201	982175468922044978	-353286428885066594	-2	2	2
18202	-741434114712024676	752259221656569329	1	1	1
18203	870740514238823538	-186888499460982446	-2	2	2
18204	843702682048028138	-395790094118177925	-1	1	1
18205	-631453684369891336	979738243952351414	2	2	2
18206	-912835753162745970	983250378521325310	10	10	10
18207	-942417519690940704	-567121123562453527	-1	1	1
18208	-731465745327268190	539624926324303590	10	10	10
18209	634251526196394264	-718050416297477365	-1	1	1
18210	926830938086551986	456450579588607728	6	6	6
18211	-955455062255655440	115230427501562425	5	5	5
18212	-915298928512987860	-196968558257023012	-4	4	4
18213	-79258371147477263	154540142196179016	1	1	1
18214	703890887742361479	-723437330092580984	-1	1	1
18215	-726992751879589082	807835733085107248	2	2	2
18216	-128830403985912623	-725633254218697731	-1	1	1
18217	-160370883095515372	-642950312416801447	-1	1	1
18218	-590883676085675403	-387595225822531548	-3	3	3
18219	-527042005519323362	933913411458058027	1	1	1
18220	848167363311593568	-937868609792921821	-1	1	1
18221	-943734037659342577	-125452089558168381	-1	1	1
18222	309051727042928774	-73923470445908705	-1	1	1
18223	-929499148723342508	216415737717241153	1	1	1
18224	827099086842248529	-416723576785192497	-3	3	3
18225	-226513615566254234	-618482903371787151	-1	1	1
18226	139563475448537631	-880674319725043609	-1	1	1
18227	-994079351323040889	426710032002936518	1	1	1
18228	-199668229821367889	964430716628625485	1	1	1
18229	-382884356135875420	-157520758578821504	-4	4	4
18230	-991704969184182781	260749692519063460	1	1	1
18231	-752345057525594334	-666046593265171771	-1	1	1
18232	-818646022086562389	264171214089963845	1	1	1
18233	-834557148529168890	-213132908327239261	-1	1	1
18234	-956242563453748398	655067643808012928	2	2	2
18235	78978111698528811	802134803193638607	9	9	9
18236	-392441972780152923	-109323595785516015	-3	3	3
18237	-125295498210027917	236814028644408678	19	19	19
18238	902259844446197422	973843524442631187	1	1	1
18239	-895396127514700108	334866107903867163	1	1	1
18240	-728706283728375314	-804932024059941940	-2	2	2
18241	726454792889823263	699204734758397157	1	1	1
18242	32041802326966749	-714343005188639299	-1	1	1
18243	976780262476497515	363251707755424457	1	1	1
18244	-233926476396930604	577725170480558466	2	2	2
18245	126800910155729734	742340934503920172	2	2	2
18246	-84325115087880804	11799570268651699	1	1	1
18247	-653562035214533160	637212356655151947	3	3	3
18248	-268669514002965778	162190090500501780	2	2	2
18249	-463990981060029211	811433113065111329	1	1	1
18250	-25162909763636755	730605656345186432	1	1	1
18251	487864361043628432	533667665560941923	1	1	1
18252	741750749069197912	-719178217832703299	-11	11	11
18253	919868888154441656	-657531079815236349	-1	1	1
18254	-55218842291004113	-942650625444179469	-1	1	1
18255	-836560275270149586	-995881227522392352	-6	6	6
18256	255544765690570624	704359271095350108	4	4	4
18257	458038531201906564	637942430774789636	4	4	4
18258	250165747131388559	871608747465140944	1	1	1
18259	-368659440881446059	-826747638199361147	-1	1	1
18260	-754751594925537262	-553266448642398096	-2	2	2
18261	-772454746687979515	-497930988179243506	-1	1	1
18262	914189519987569208	-867642153181770307	-1	1	1
18263	261756236633021167	-808711184397919734	-1	1	1
18264	-441923975928976911	407489278888677122	1	1	1
18265	-249183918225361924	363249273546703005	7	7	7
18266	-737695214494298329	-104817521340243317	-1	1	1
18267	-943385490759707834	489455777238290592	2	2	2
18268	33203184964739703	12238583350252707	9	9	9
18269	-196134793436640337	-563424433839294315	-1	1	1
18270	467844206366566377	-874853218200061446	-3	3	3
18271	-15950052643540523	-441631090044944325	-1	1	1
18272	-715225955466754948	291952080173416961	1	1	1
18273	415681026321874338	918009023658179224	2	2	2
18274	597279987424071926	-493915865059446500	-2	2	2
18275	-943893386445981357	422436077979501598	1	1	1
18276	-570770217573668205	-239953078861882682	-1	1	1
18277	-472429973765179387	-415133582311824761	-1	1	1
18278	-422325394296316364	539443730037471963	1	1	1
18279	-364093480028935745	-694517097520272124	-1	1	1
18280	510892545149095449	-304324147470488266	-1	1	1
18281	-124883902225626344	-874093205252254444	-4	4	4
18282	-90483882623487582	945765065449841964	6	6	6
18283	695513528869674067	-305361135434801896	-1	1	1
18284	612950083746272730	-603341062560865555	-5	5	5
18285	-574592038886983217	-843823300411398067	-1	1	1
18286	653318629273857326	267039296999996613	1	1	1
18287	841980163028218375	-129391911202096023	-1	1	1
18288	610883727932969495	-836330544186919224	-1	1	1
18289	300636909352204517	-817360044166253651	-1	1	1
18290	-12275620618855570	-846094304804706031	-1	1	1
18291	-437214850505273263	63903828626032653	1	1	1
18292	-644617183523603414	-241763091319299149	-1	1	1
18293	98578919998719634	-308288707067370893	-1	1	1
18294	957658249053908151	975472329616941911	1	1	1
18295	347847858528119586	-494246532274312506	-78	78	78
18296	-323033131158418729	893295794017573270	1	1	1
18297	-281659690192373852	884675920417424177	1	1	1
18298	418553882665288921	602593953107256506	1	1	1
18299	-800461722095277854	798467123992469833	1	1	1
18300	150423309036188843	-414283501656641006	-1	1	1
18301	-925764705767369212	-626626248646820550	-2	2	2
18302	941026391258116837	-94980635752369699	-1	1	1
18303	908256041830477964	985003178944221994	2	2	2
18304	-72610029108577866	-30300113986743574	-2	2	2
18305	-513605689081765009	618079167919858791	1	1	1
18306	-268968186172787521	541272496587965242	1	1	1
18307	332326068996457735	-101602978512407542	-1	1	1
18308	932954264597392846	429661286454759071	1	1	1
18309	-142994671220975957	-971705275989272372	-1	1	1
18310	939426341291486747	-725039872213958557	-1	1	1
18311	-388547325966472138	709683022920348501	1	1	1
18312	851892725438666412	142945812555426537	3	3	3
18313	621503593568916314	-596321872187767039	-1	1	1
18314	-821500518276340759	-93594688390968774	-1	1	1
18315	936910080678213976	488886226187398650	2	2	2
18316	-235741899530480238	-888537728468832533	-7	7	7
18317	-8109694143362998	-130340579691504246	-2	2	2
18318	691882325774652281	-971843604847873738	-1	1	1
18319	122724290122901878	667881357653597070	2	2	2
18320	-739703107138277255	289833304735100481	1	1	1
18321	-859368579008815496	756342071420021340	4	4	4
18322	501565950458799309	-606170922552954341	-1	1	1
18323	-331679044914272991	472035018584530582	1	1	1
18324	501006957512750620	-737570279485476531	-1	1	1
18325	163650459443554224	-875893043752375404	-12	12	12
18326	-798112780887940807	-390343344964890857	-1	1	1
18327	-188079488870781391	61386292550087472	1	1	1
18328	58599269955336326	594570819924297304	2	2	2
18329	-287434899745052628	393635502194125016	124	124	124
18330	-864687464753760948	-337104319009620690	-6	6	6
18331	-670111796513000853	90133643268597982	1	1	1
18332	278824355350548896	-219510714284121928	-8	8	8
18333	977077598551680185	548335418804459241	1	1	1
18334	-228373420852852196	577326745762864341	1	1	1
18335	572088180203523199	724502513557613237	1	1	1
18336	-193114727935976653	-853714210208412971	-1	1	1
18337	-713192655331641688	322652132740095676	28	28	28
18338	-551611093212127420	-619518541544914804	-4	4	4
18339	-123056264838604975	77838512245986777	1	1	1
18340	806649762910428641	106028842814445837	1	1	1
18341	351353619388363870	191829217486514334	2	2	2
18342	271482259897278058	-942832786607677546	-2	2	2
18343	62166679881508239	-975815663431651718	-1	1	1
18344	857145757077279308	444764115067215992	4	4	4
18345	-467869417216622444	707655888043211568	4	4	4
18346	-789393550016830348	242846127581062089	1	1	1
18347	-98760310911657942	-87048865509064546	-2	2	2
18348	895788002240399887	739772543816160509	1	1	1
18349	975393647770106807	458826888965383151	1	1	1
18350	-896619544961041697	401513222827507353	1	1	1
18351	110100226404833510	-166417232099099681	-1	1	1
18352	-728493402632507550	-633084445415965746	-6	6	6
18353	145428316330595265	-985953548954257422	-33	33	33
18354	-166965842425715665	531507315687320889	1	1	1
18355	-417072744675890916	553390280248253554	2	2	2
18356	-414883166107930045	-589984310635765352	-1	1	1
18357	611350356078302399	-509786936932258939	-1	1	1
18358	14976496923374838	-722833201820570020	-2	2	2
18359	-852233049757394947	-970791954543458083	-1	1	1
18360	-282515319540004955	328272117018755658	1	1	1
18361	-298708899315701683	-851686994514106823	-1	1	1
18362	-335389890714876386	-9082909106863575	-1	1	1
18363	439050441451017845	591731720171924571	1	1	1
18364	-253003020031491592	-662969199928032419	-1	1	1
18365	860960538045737009	-109319186718019518	-1	1	1
18366	104336548105292034	899992232304695133	3	3	3
18367	753224039134749722	381746775050543614	2	2	2
18368	-143701800943177293	-968272616024334387	-3	3	3
18369	536807065726144196	-813096070894909278	-2	2	2
18370	670737065067734126	-251672319327843090	-2	2	2
18371	397340358786510533	-702376385718082169	-1	1	1
18372	184340859588679712	-138433909880181811	-1	1	1
18373	651216618561548377	-315344407835793995	-1	1	1
18374	-671482410472628371	137010551276117650	1	1	1
18375	-738523969147645472	-48597721924735436	-4	4	4
18376	-532044350170850117	-230101754524296394	-1	1	1
18377	-958151963642861306	-926521209112386492	-22	22	22
18378	8049258800547791	-336117787149709301	-1	1	1
18379	-750581982692581567	-866093526193758008	-1	1	1
18380	313277098868209396	-292272318665473876	-4	4	4
18381	790946937688588580	303869439584407889	1	1	1
18382	-340987533652673652	924072438514960225	1	1	1
18383	427759510348812584	582513165275278940	508	508	508
18384	36917461960511045	529966365699662676	1	1	1
18385	-857086305590691920	-872648032918708613	-1	1	1
18386	925979600581767200	-710904930957350641	-1	1	1
18387	134465614500847861	425552500146898694	1	1	1
18388	-757609031487335583	-430126084865852644	-1	1	1
18389	-399796379891016198	-112358049527384167	-1	1	1
18390	154491520721109482	643061563319645757	1	1	1
18391	-352409873183472465	656824023083284660	5	5	5
18392	-231969942072100978	140714598675511788	2	2	2
18393	-899142566159550656	-989692266478035314	-2	2	2
18394	-15236994890442733	848203446098012182	1	1	1
18395	-480887777371210209	-805055123792718817	-1	1	1
18396	-375199551094988088	168005076325383216	24	24	24
18397	799780732981071556	-656608120222710189	-1	1	1
18398	-189430631186303929	-268758200966082916	-1	1	1
18399	-103868483089655156	93073565617982211	1	1	1
18400	835344456649701215	492862084531771392	1	1	1
18401	444711990527848773	-801721884914298364	-1	1	1
18402	159166994682218860	-380235948275160517	-1	1	1
18403	327020902287323660	210452271423119777	1	1	1
18404	918989342134085754	947244326320401609	3	3	3
18405	51815264101438853	795432933222017861	1	1	1
18406	-219536575330528147	716604081279607120	1	1	1
18407	370115107530853685	-785708194192449749	-13	13	13
18408	187792726670328048	-265777368430689434	-2	2	2
18409	-172359019887581969	-11588395430146109	-1	1	1
18410	984407040826237934	-376655179274442397	-1	1	1
18411	615720971586350428	365481053294534419	1	1	1
18412	178143189073659966	436699006949476116	102	102	102
18413	108531525749631892	-9198824524795695	-1	1	1
18414	-923458513793281221	626973033166623829	7	7	7
18415	-916806920506202667	196203258728755469	1	1	1
18416	-70323410751058088	36578867534120971	1	1	1
18417	-94357402296059490	-984570769270878329	-1	1	1
18418	335913181273505472	664868310744909497	1	1	1
18419	-380071390342093050	535660897967370693	3	3	3
18420	-85616226060773896	510550031199560258	2	2	2
18421	914038861744277938	-251187481672366609	-1	1	1
18422	54462652855470266	-551476931706254506	-2	2	2
18423	170156826597880070	-448969334352330889	-1	1	1
18424	-555600511094292362	301680052610562233	1	1	1
18425	-44572299335208674	-449631990741458024	-2	2	2
18426	-199272833266532138	922410724221073345	1	1	1
18427	829735065794687596	-106631861774076049	-1	1	1
18428	159838450185608483	-207049395109626156	-1	1	1
18429	-355960650606945220	963532675955348557	1	1	1
18430	666032969762013525	123886014236828192	1	1	1
18431	-622241435102305093	146253773666089203	1	1	1
18432	321662666333760546	810148605465519696	6	6	6
18433	82704474344313602	289557711456843484	2	2	2
18434	-767886073681466160	582374912241984685	5	5	5
18435	720595473620714809	209274832892612025	1	1	1
18436	636527974182103217	-843819371319944511	-1	1	1
18437	97759968017694002	43361093407286771	1	1	1
18438	365977704317737856	-158499325097089539	-1	1	1
18439	310505644735452474	363770803337055186	6	6	6
18440	-293860293407249901	-33383159429236961	-1	1	1
18441	-894285155121410537	-857181209736446524	-1	1	1
18442	-309916922385168115	-625531121563855381	-1	1	1
18443	-578122883468565798	464260631900609069	1	1	1
18444	-357782329296535684	433086582811105406	2	2	2
18445	-92778159960404204	569146518067602802	2	2	2
18446	407894898726660094	-207018482131955134	-2	2	2
18447	564941859279500955	-267591920411405182	-1	1	1
18448	-442595194535258262	360194183724210279	3	3	3
18449	217000320522649339	123964234312113064	1	1	1
18450	-324741026571985731	954532635202108141	1	1	1
18451	311411961369630011	540324676694448120	1	1	1
18452	714293494516833415	-664930133183805777	-1	1	1
18453	79671018552498993	894141383302745041	1	1	1
18454	-196969391503294150	-479122126108728166	-2	2	2
18455	-103384917430077036	-34187353354694754	-6	6	6
18456	-682806638218229880	-599364168329008641	-3	3	3
18457	-172078234153916205	648383189622368643	3	3	3
18458	405786428811086612	843329373678913432	4	4	4
18459	-284428043154032998	63157565438313923	1	1	1
18460	-888722721679372671	430128405451615413	3	3	3
18461	-960565710382532982	-255586481353384833	-3	3	3
18462	-1879318514378762	724493827655068366	2	2	2
18463	717449820429549714	713325316110658137	3	3	3
18464	-341239913409050981	-516655540374534817	-1	1	1
18465	-865418474036282680	-522608804123011043	-1	1	1
18466	-877717239350289795	-125528151476514021	-3	3	3
18467	967550750139310631	-769987304436016227	-1	1	1
18468	-871398521418976808	-668932300340526013	-1	1	1
18469	-721284075482779537	-53378750954465512	-1	1	1
18470	904803662594274408	-341391803877469238	-2	2	2
18471	425197065643141618	-699480893440230259	-1	1	1
18472	-595920616919796113	-634840829648886581	-1	1	1
18473	589311554913400365	851010689444148642	3	3	3
18474	957132097344822735	-836022785639514770	-5	5	5
18475	316938153610030582	-765249002072368571	-1	1	1
18476	677241222943606870	16259654053448117	1	1	1
18477	436194969905203862	-793684355980093987	-1	1	1
18478	970304177558788722	-780893995344004223	-1	1	1
18479	861785928624254970	-572097736483787205	-15	15	15
18480	589882576037221476	-355043790800314179	-3	3	3
18481	422440345758128657	611376937351544408	1	1	1
18482	896654961624480886	108196889933464853	1	1	1
18483	231924019366803211	350980705903729722	1	1	1
18484	-513951774688503926	-441066275005533813	-1	1	1
18485	746409829213113336	-359235274795036600	-8	8	8
18486	-633610827428643922	-24079994680427756	-2	2	2
18487	-170487363954322926	-417078022570346041	-1	1	1
18488	-505918421665676771	-114704325140283009	-1	1	1
18489	-133652119761821255	219135239641439292	1	1	1
18490	-345568499204735914	299332088203470527	1	1	1
18491	-390806652607583300	116420601351586194	2	2	2
18492	668878855959252464	148348154077674048	16	16	16
18493	-205454257116161905	503997759596687346	1	1	1
18494	626788707437122407	864300760709528794	1	1	1
18495	602037950910858409	-665396374083790898	-1	1	1
18496	-766262214905509625	903538075069491160	5	5	5
18497	-645893185269358890	3967669708605274	2	2	2
18498	-20693177871269157	-712676458690672004	-1	1	1
18499	123669434048524240	360333914877430559	29	29	29
18500	261042320922809431	943568853234616491	1	1	1
18501	995392253247961198	-440542519856938675	-1	1	1
18502	638513549765385699	820410202310875548	3	3	3
18503	594870748519013266	577319049825492866	2	2	2
18504	-488602287656783498	-979052412710766586	-2	2	2
18505	-214541678965001034	334780962506108818	2	2	2
18506	408493942760346806	-516745422392627485	-1	1	1
18507	881946388252153960	-420251223424289863	-1	1	1
18508	391560923807728746	-686069202484569557	-1	1	1
18509	344012649710806058	131257025133180661	1	1	1
18510	867595053666259311	-230041073179573208	-1	1	1
18511	-786288444184011311	574476688887522190	1	1	1
18512	808583787896039691	345548359114168430	1	1	1
18513	-145806670368392148	346306797282711801	3	3	3
18514	131826430850917034	-948417277285607155	-1	1	1
18515	31856756506933748	-589997905273983625	-1	1	1
18516	572712290405032779	-261161581008621205	-1	1	1
18517	-777364612101736508	-494111013946847531	-1	1	1
18518	878645925580329618	-92625608934197589	-3	3	3
18519	-758949179912256881	417857566414575962	1	1	1
18520	-161762746349223740	-102146325835907997	-7	7	7
18521	749295230047801545	-137418225729030395	-5	5	5
18522	676884723178639124	-20672077909232294	-2	2	2
18523	938375543175127885	756225623026822453	1	1	1
18524	-50189581732450842	-893733026692292787	-33	33	33
18525	286306881683332563	-192743998490645028	-9	9	9
18526	862927978600407286	-611471764405593990	-2	2	2
18527	802905070607030072	653551176359072902	2	2	2
18528	852347138406940498	-378758932555435975	-1	1	1
18529	240627825692578820	-740662356573902032	-4	4	4
18530	-805793554800157884	534462609659116363	1	1	1
18531	-999594138880071915	197335115080443632	1	1	1
18532	194812877052280798	-102155195059390986	-2	2	2
18533	-948350276006341511	-545241002732358390	-1	1	1
18534	224796387196889573	-266679978298328528	-1	1	1
18535	740666333927651399	245336086265042719	1	1	1
18536	912994575021590893	-403717351669720195	-1	1	1
18537	-996685211545641335	-491427653723292900	-5	5	5
18538	348229040731389316	624849369907687509	1	1	1
18539	752864019710094757	-791537901525248565	-1	1	1
18540	-78894905173026913	105355576249716872	1	1	1
18541	763612553836404266	938698857970874320	2	2	2
18542	847277164264093187	-602652809913057838	-1	1	1
18543	280139623012201908	-716348555937610812	-12	12	12
18544	444996011454603805	-883000201663849263	-1	1	1
18545	84709723015994377	409652101276687216	1	1	1
18546	-985585783253755747	897782484753532480	1	1	1
18547	-900181795737353018	-327757794316078386	-2	2	2
18548	-546139955401619460	-722189736108405087	-3	3	3
18549	-853815149203623909	-996424088486271444	-3	3	3
18550	-655819895029195757	-935123065902824284	-1	1	1
18551	367631659019595063	-181151883903853763	-1	1	1
18552	-601745346707960565	119184001209353790	45	45	45
18553	107994432017586624	-369567200957572963	-1	1	1
18554	110470956703023323	-797842579511668101	-1	1	1
18555	-669404094577035055	130865549069531594	1	1	1
18556	420823456892560222	-777583883476989613	-1	1	1
18557	567816454225077233	318828092507179138	1	1	1
18558	400622054311105035	-263557425327392707	-1	1	1
18559	-237985005724654412	-810729082155644543	-1	1	1
18560	-724129061908186523	-534481197184082897	-1	1	1
18561	-78840948574700754	324339233111620478	2	2	2
18562	118231228628483763	356463364194618829	1	1	1
18563	-613358820480212181	671395692532071163	1	1	1
18564	-352820100025742953	-11307763207243302	-1	1	1
18565	132221021493185134	-543972200176971282	-2	2	2
18566	60755009220869674	794721591935016008	2	2	2
18567	-580155838492444394	403773132873173644	2	2	2
18568	-182992501337252995	-655476744456328806	-1	1	1
18569	191561443743774313	-898847200891732515	-1	1	1
18570	307920485112997766	260892034998023951	1	1	1
18571	-953572036819220229	-648158972207233231	-1	1	1
18572	467739811236790260	301426644315721691	1	1	1
18573	-471854124980507751	929497504565526723	3	3	3
18574	485294350361362438	708705655363991144	2	2	2
18575	-256321925431519225	-400623836947416788	-1	1	1
18576	617991706292089566	-367133369970967298	-2	2	2
18577	-816081631133136922	415580986047753183	1	1	1
18578	243047872222616440	-529361555357258981	-7	7	7
18579	893990025612840825	-42756416032134613	-1	1	1
18580	254769310705272949	21919678225849162	1	1	1
18581	-510084128388033994	992344104520663263	1	1	1
18582	-987255964372065652	311213005487603893	1	1	1
18583	364368460270539057	-669541526527968114	-3	3	3
18584	-264220518146792577	-184597500961914136	-1	1	1
18585	819647790364579338	-279283569717264665	-1	1	1
18586	737070856617665283	331763554833383051	1	1	1
18587	231806375097262876	-407781826576153979	-1	1	1
18588	-891593292157911158	310507807844447599	1	1	1
18589	762790496417364041	191545148510908759	1	1	1
18590	283954812501843579	-370486576308908688	-3	3	3
18591	503279079682613298	186283976504940117	3	3	3
18592	16006167155525706	-459647957500006845	-3	3	3
18593	-465161705508230882	200944747369585945	1	1	1
18594	445866136054506788	-721024544099385435	-1	1	1
18595	350289994917836825	-174109400681697623	-1	1	1
18596	861638284105600777	272020536490869174	1	1	1
18597	-423497978376446541	297756344845414364	1	1	1
18598	-297013463997184737	-624057087694781132	-1	1	1
18599	17245015924489658	767815514487466597	1	1	1
18600	-454959335937085753	77324657689279377	1	1	1
18601	-929054459998988436	-286816966565868024	-12	12	12
18602	-570183260668279985	-376844368361597938	-1	1	1
18603	-851558632550402836	484137650181724912	4	4	4
18604	-776453461684906686	718217034247590056	2	2	2
18605	-939626278314217424	-255796401030004745	-1	1	1
18606	467648355548256059	505169992220182108	1	1	1
18607	973160508562494129	883262662923200510	1	1	1
18608	-889501450060402168	833361244074180270	2	2	2
18609	-47683009904741628	-162136906061985304	-4	4	4
18610	-302254972059863254	439240140312243138	2	2	2
18611	394320353639472523	-494688796209208701	-1	1	1
18612	-969625101869274215	-996340533018753929	-1	1	1
18613	275129124356874183	150260645676009820	1	1	1
18614	773487915004924557	-65490619173585771	-3	3	3
18615	423767313065881427	990437244780984880	1	1	1
18616	-23529721105302895	-759132606619008228	-1	1	1
18617	14696012189570974	404757928436944367	1	1	1
18618	673410408471143352	-758106060958456949	-1	1	1
18619	178862209005745624	-976615660270376526	-2	2	2
18620	-691401449772316471	684442706829439723	1	1	1
18621	867542556430568089	328151332825626158	1	1	1
18622	-669741676685700252	-260119370700179899	-1	1	1
18623	-965283712949674831	-253735711823592472	-1	1	1
18624	375404304004479933	350889499385692141	1	1	1
18625	434498385803178007	664157450890824012	1	1	1
18626	31874286544196142	-83765264016992026	-2	2	2
18627	315562071736615549	-367654016908077209	-1	1	1
18628	-922002382206158265	-700169689297317469	-1	1	1
18629	839554249643968996	-94820324759553859	-1	1	1
18630	-923282019985077019	-78921923192676796	-1	1	1
18631	-791943521283356087	473636246672476417	1	1	1
18632	-527588709868996239	886067691218900679	3	3	3
18633	-983242224150486626	904199927325898219	19	19	19
18634	727980113285297906	955298605082651866	2	2	2
18635	962686595572417810	947922017602008963	1	1	1
18636	-102075383903849390	-60037980525932107	-1	1	1
18637	36934187681414521	-533209447941856124	-1	1	1
18638	-452622784989769256	178008294804102318	2	2	2
18639	794156652561525341	119681390674258754	11	11	11
18640	239166793754653796	62591201745917901	1	1	1
18641	450098954916265707	875756396681170669	1	1	1
18642	31862076762740341	637695842587091555	1	1	1
18643	948909199595220475	99006676897179937	19	19	19
18644	-165849998282759198	-545559022893866706	-2	2	2
18645	65536	65535	1	1	1
18646	65536	-65536	-65536	65536	65536
18647	-65536	65536	65536	65536	65536
18648	-65536	-65536	-65536	65536	65536
18649	196608	327680	65536	65536	65536
18650	4294967296	4294967295	1	1	1
18651	4294967296	-4294967296	-4294967296	4294967296	4294967296
18652	-4294967296	4294967296	4294967296	4294967296	4294967296
18653	-4294967296	-4294967296	-4294967296	4294967296	4294967296
18654	12884901888	21474836480	4294967296	4294967296	4294967296
18655	281474976710656	281474976710655	1	1	1
18656	281474976710656	-281474976710656	-281474976710656	281474976710656	281474976710656
18657	-281474976710656	281474976710656	281474976710656	281474976710656	281474976710656
18658	-281474976710656	-281474976710656	-281474976710656	281474976710656	281474976710656
18659	844424930131968	1407374883553280	281474976710656	281474976710656	281474976710656
18660	18446744073709551616	18446744073709551615	1	1	1
18661	18446744073709551616	-18446744073709551616	-18446744073709551616	18446744073709551616	18446744073709551616
18662	-18446744073709551616	18446744073709551616	18446744073709551616	18446744073709551616	18446744073709551616
18663	-18446744073709551616	-18446744073709551616	-18446744073709551616	18446744073709551616	18446744073709551616
18664	55340232221128654848	92233720368547758080	18446744073709551616	18446744073709551616	18446744073709551616
18665	1208925819614629174706176	1208925819614629174706175	1	1	1
18666	1208925819614629174706176	-1208925819614629174706176	-1208925819614629174706176	1208925819614629174706176	1208925819614629174706176
18667	-1208925819614629174706176	1208925819614629174706176	1208925819614629174706176	1208925819614629174706176	1208925819614629174706176
18668	-1208925819614629174706176	-1208925819614629174706176	-1208925819614629174706176	1208925819614629174706176	1208925819614629174706176
18669	3626777458843887524118528	6044629098073145873530880	1208925819614629174706176	1208925819614629174706176	1208925819614629174706176
18670	79228162514264337593543950336	79228162514264337593543950335	1	1	1
18671	79228162514264337593543950336	-79228162514264337593543950336	-79228162514264337593543950336	79228162514264337593543950336	79228162514264337593543950336
18672	-79228162514264337593543950336	79228162514264337593543950336	79228162514264337593543950336	79228162514264337593543950336	79228162514264337593543950336
18673	-79228162514264337593543950336	-79228162514264337593543950336	-79228162514264337593543950336	79228162514264337593543950336	79228162514264337593543950336
18674	237684487542793012780631851008	396140812571321687967719751680	79228162514264337593543950336	79228162514264337593543950336	79228162514264337593543950336
18675	5192296858534827628530496329220096	5192296858534827628530496329220095	1	1	1
18676	5192296858534827628530496329220096	-5192296858534827628530496329220096	-5192296858534827628530496329220096	5192296858534827628530496329220096	5192296858534827628530496329220096
18677	-5192296858534827628530496329220096	5192296858534827628530496329220096	5192296858534827628530496329220096	5192296858534827628530496329220096	5192296858534827628530496329220096
18678	-5192296858534827628530496329220096	-5192296858534827628530496329220096	-5192296858534827628530496329220096	5192296858534827628530496329220096	5192296858534827628530496329220096
18679	15576890575604482885591488987660288	25961484292674138142652481646100480	5192296858534827628530496329220096	5192296858534827628530496329220096	5192296858534827628530496329220096
18680	340282366920938463463374607431768211456	340282366920938463463374607431768211455	1	1	1
18681	340282366920938463463374607431768211456	-340282366920938463463374607431768211456	-340282366920938463463374607431768211456	340282366920938463463374607431768211456	340282366920938463463374607431768211456
18682	-340282366920938463463374607431768211456	340282366920938463463374607431768211456	340282366920938463463374607431768211456	340282366920938463463374607431768211456	340282366920938463463374607431768211456
18683	-340282366920938463463374607431768211456	-340282366920938463463374607431768211456	-340282366920938463463374607431768211456	340282366920938463463374607431768211456	340282366920938463463374607431768211456
18684	1020847100762815390390123822295304634368	1701411834604692317316873037158841057280	340282366920938463463374607431768211456	340282366920938463463374607431768211456	340282366920938463463374607431768211456
18685	22300745198530623141535718272648361505980416	22300745198530623141535718272648361505980415	1	1	1
18686	22300745198530623141535718272648361505980416	-22300745198530623141535718272648361505980416	-22300745198530623141535718272648361505980416	22300745198530623141535718272648361505980416	22300745198530623141535718272648361505980416
18687	-22300745198530623141535718272648361505980416	22300745198530623141535718272648361505980416	22300745198530623141535718272648361505980416	22300745198530623141535718272648361505980416	22300745198530623141535718272648361505980416
18688	-22300745198530623141535718272648361505980416	-22300745198530623141535718272648361505980416	-22300745198530623141535718272648361505980416	22300745198530623141535718272648361505980416	22300745198530623141535718272648361505980416
18689	66902235595591869424607154817945084517941248	111503725992653115707678591363241807529902080	22300745198530623141535718272648361505980416	22300745198530623141535718272648361505980416	22300745198530623141535718272648361505980416
18690	1461501637330902918203684832716283019655932542976	1461501637330902918203684832716283019655932542975	1	1	1
18691	1461501637330902918203684832716283019655932542976	-1461501637330902918203684832716283019655932542976	-1461501637330902918203684832716283019655932542976	1461501637330902918203684832716283019655932542976	1461501637330902918203684832716283019655932542976
18692	-1461501637330902918203684832716283019655932542976	1461501637330902918203684832716283019655932542976	1461501637330902918203684832716283019655932542976	1461501637330902918203684832716283019655932542976	1461501637330902918203684832716283019655932542976
18693	-1461501637330902918203684832716283019655932542976	-1461501637330902918203684832716283019655932542976	-1461501637330902918203684832716283019655932542976	1461501637330902918203684832716283019655932542976	1461501637330902918203684832716283019655932542976
18694	4384504911992708754611054498148849058967797628928	7307508186654514591018424163581415098279662714880	1461501637330902918203684832716283019655932542976	1461501637330902918203684832716283019655932542976	1461501637330902918203684832716283019655932542976
18695	95780971304118053647396689196894323976171195136475136	95780971304118053647396689196894323976171195136475135	1	1	1
18696	95780971304118053647396689196894323976171195136475136	-95780971304118053647396689196894323976171195136475136	-95780971304118053647396689196894323976171195136475136	95780971304118053647396689196894323976171195136475136	95780971304118053647396689196894323976171195136475136
18697	-95780971304118053647396689196894323976171195136475136	95780971304118053647396689196894323976171195136475136	95780971304118053647396689196894323976171195136475136	95780971304118053647396689196894323976171195136475136	95780971304118053647396689196894323976171195136475136
18698	-95780971304118053647396689196894323976171195136475136	-95780971304118053647396689196894323976171195136475136	-95780971304118053647396689196894323976171195136475136	95780971304118053647396689196894323976171195136475136	95780971304118053647396689196894323976171195136475136
18699	287342913912354160942190067590682971928513585409425408	478904856520590268236983445984471619880855975682375680	95780971304118053647396689196894323976171195136475136	95780971304118053647396689196894323976171195136475136	95780971304118053647396689196894323976171195136475136
18700	6277101735386680763835789423207666416102355444464034512896	6277101735386680763835789423207666416102355444464034512895	1	1	1
18701	6277101735386680763835789423207666416102355444464034512896	-6277101735386680763835789423207666416102355444464034512896	-6277101735386680763835789423207666416102355444464034512896	6277101735386680763835789423207666416102355444464034512896	6277101735386680763835789423207666416102355444464034512896
18702	-6277101735386680763835789423207666416102355444464034512896	6277101735386680763835789423207666416102355444464034512896	6277101735386680763835789423207666416102355444464034512896	6277101735386680763835789423207666416102355444464034512896	6277101735386680763835789423207666416102355444464034512896
18703	-6277101735386680763835789423207666416102355444464034512896	-6277101735386680763835789423207666416102355444464034512896	-6277101735386680763835789423207666416102355444464034512896	6277101735386680763835789423207666416102355444464034512896	6277101735386680763835789423207666416102355444464034512896
18704	18831305206160042291507368269622999248307066333392103538688	31385508676933403819178947116038332080511777222320172564480	6277101735386680763835789423207666416102355444464034512896	6277101735386680763835789423207666416102355444464034512896	6277101735386680763835789423207666416102355444464034512896
18705	411376139330301510538742295639337626245683966408394965837152256	411376139330301510538742295639337626245683966408394965837152255	1	1	1
18706	411376139330301510538742295639337626245683966408394965837152256	-411376139330301510538742295639337626245683966408394965837152256	-411376139330301510538742295639337626245683966408394965837152256	411376139330301510538742295639337626245683966408394965837152256	411376139330301510538742295639337626245683966408394965837152256
18707	-411376139330301510538742295639337626245683966408394965837152256	411376139330301510538742295639337626245683966408394965837152256	411376139330301510538742295639337626245683966408394965837152256	411376139330301510538742295639337626245683966408394965837152256	411376139330301510538742295639337626245683966408394965837152256
18708	-411376139330301510538742295639337626245683966408394965837152256	-411376139330301510538742295639337626245683966408394965837152256	-411376139330301510538742295639337626245683966408394965837152256	411376139330301510538742295639337626245683966408394965837152256	411376139330301510538742295639337626245683966408394965837152256
18709	1234128417990904531616226886918012878737051899225184897511456768	2056880696651507552693711478196688131228419832041974829185761280	411376139330301510538742295639337626245683966408394965837152256	411376139330301510538742295639337626245683966408394965837152256	411376139330301510538742295639337626245683966408394965837152256
18710	26959946667150639794667015087019630673637144422540572481103610249216	26959946667150639794667015087019630673637144422540572481103610249215	1	1	1
18711	26959946667150639794667015087019630673637144422540572481103610249216	-26959946667150639794667015087019630673637144422540572481103610249216	-26959946667150639794667015087019630673637144422540572481103610249216	26959946667150639794667015087019630673637144422540572481103610249216	26959946667150639794667015087019630673637144422540572481103610249216
18712	-26959946667150639794667015087019630673637144422540572481103610249216	26959946667150639794667015087019630673637144422540572481103610249216	26959946667150639794667015087019630673637144422540572481103610249216	26959946667150639794667015087019630673637144422540572481103610249216	26959946667150639794667015087019630673637144422540572481103610249216
18713	-26959946667150639794667015087019630673637144422540572481103610249216	-26959946667150639794667015087019630673637144422540572481103610249216	-26959946667150639794667015087019630673637144422540572481103610249216	26959946667150639794667015087019630673637144422540572481103610249216	26959946667150639794667015087019630673637144422540572481103610249216
18714	80879840001451919384001045261058892020911433267621717443310830747648	134799733335753198973335075435098153368185722112702862405518051246080	26959946667150639794667015087019630673637144422540572481103610249216	26959946667150639794667015087019630673637144422540572481103610249216	26959946667150639794667015087019630673637144422540572481103610249216
18715	1766847064778384329583297500742918515827483896875618958121606201292619776	1766847064778384329583297500742918515827483896875618958121606201292619775	1	1	1
18716	1766847064778384329583297500742918515827483896875618958121606201292619776	-1766847064778384329583297500742918515827483896875618958121606201292619776	-1766847064778384329583297500742918515827483896875618958121606201292619776	1766847064778384329583297500742918515827483896875618958121606201292619776	1766847064778384329583297500742918515827483896875618958121606201292619776
18717	-1766847064778384329583297500742918515827483896875618958121606201292619776	1766847064778384329583297500742918515827483896875618958121606201292619776	1766847064778384329583297500742918515827483896875618958121606201292619776	1766847064778384329583297500742918515827483896875618958121606201292619776	1766847064778384329583297500742918515827483896875618958121606201292619776
18718	-1766847064778384329583297500742918515827483896875618958121606201292619776	-1766847064778384329583297500742918515827483896875618958121606201292619776	-1766847064778384329583297500742918515827483896875618958121606201292619776	1766847064778384329583297500742918515827483896875618958121606201292619776	1766847064778384329583297500742918515827483896875618958121606201292619776
18719	5300541194335152988749892502228755547482451690626856874364818603877859328	8834235323891921647916487503714592579137419484378094790608031006463098880	1766847064778384329583297500742918515827483896875618958121606201292619776	1766847064778384329583297500742918515827483896875618958121606201292619776	1766847064778384329583297500742918515827483896875618958121606201292619776
18720	115792089237316195423570985008687907853269984665640564039457584007913129639936	115792089237316195423570985008687907853269984665640564039457584007913129639935	1	1	1
18721	115792089237316195423570985008687907853269984665640564039457584007913129639936	-115792089237316195423570985008687907853269984665640564039457584007913129639936	-115792089237316195423570985008687907853269984665640564039457584007913129639936	115792089237316195423570985008687907853269984665640564039457584007913129639936	115792089237316195423570985008687907853269984665640564039457584007913129639936
18722	-115792089237316195423570985008687907853269984665640564039457584007913129639936	115792089237316195423570985008687907853269984665640564039457584007913129639936	115792089237316195423570985008687907853269984665640564039457584007913129639936	115792089237316195423570985008687907853269984665640564039457584007913129639936	115792089237316195423570985008687907853269984665640564039457584007913129639936
18723	-115792089237316195423570985008687907853269984665640564039457584007913129639936	-115792089237316195423570985008687907853269984665640564039457584007913129639936	-115792089237316195423570985008687907853269984665640564039457584007913129639936	115792089237316195423570985008687907853269984665640564039457584007913129639936	115792089237316195423570985008687907853269984665640564039457584007913129639936
18724	347376267711948586270712955026063723559809953996921692118372752023739388919808	578960446186580977117854925043439539266349923328202820197287920039565648199680	115792089237316195423570985008687907853269984665640564039457584007913129639936	115792089237316195423570985008687907853269984665640564039457584007913129639936	115792089237316195423570985008687907853269984665640564039457584007913129639936
