WORKDIR: /audit-output
COMMAND: /audit-output/evidence/build_rule_inventory.py
# Exhaustive K source inventory

Roots: trusted supplied semantics copy, candidate verification.k, candidate spec.k.

## reference-semantics/semantics.k

Sentence count: 0


## reference-semantics/semantics/assert.k

Sentence count: 3

0001	RULE	reference-semantics/semantics/assert.k:6-7	ATTRS=-	rule <k> Assert(V:Val) => .K ... </k> requires truthy(V)
0002	RULE	reference-semantics/semantics/assert.k:8-11	ATTRS=-	rule <k> Assert(V:Val) ~> _ => .K </k> <exc> NoExc => AssertionError </exc> <exit-code> _ => 1 </exit-code> requires notBool truthy(V)
0003	RULE	reference-semantics/semantics/assert.k:13-15	ATTRS=priority	rule <k> Assert(ref(H:Int)) => Assert(V) ... </k> <heap> ... H |-> V:Val ... </heap> [priority(40)]

## reference-semantics/semantics/bool.k

Sentence count: 14

0004	RULE	reference-semantics/semantics/bool.k:8-8	ATTRS=-	rule applyUn("not", V:Val) => notBool truthy(V)
0005	RULE	reference-semantics/semantics/bool.k:10-10	ATTRS=-	rule applyCmp("==", B1:Bool, B2:Bool) => B1 ==Bool B2
0006	RULE	reference-semantics/semantics/bool.k:11-11	ATTRS=-	rule applyCmp("!=", B1:Bool, B2:Bool) => B1 =/=Bool B2
0007	CONTEXT	reference-semantics/semantics/bool.k:16-16	ATTRS=-	context BoolOp(_, (HOLE:Expr, _:Exprs))
0008	RULE	reference-semantics/semantics/bool.k:17-17	ATTRS=-	rule <k> BoolOp(_:String, (V:Val, .Exprs)) => V ... </k>
0009	RULE	reference-semantics/semantics/bool.k:18-19	ATTRS=-	rule <k> BoolOp("and", (V:Val, A:Expr, REST:Exprs)) => BoolOp("and", (A, REST)) ... </k> requires truthy(V)
0010	RULE	reference-semantics/semantics/bool.k:20-21	ATTRS=-	rule <k> BoolOp("and", (V:Val, _:Expr, _:Exprs)) => V ... </k> requires notBool truthy(V)
0011	RULE	reference-semantics/semantics/bool.k:22-23	ATTRS=-	rule <k> BoolOp("or",  (V:Val, _:Expr, _:Exprs)) => V ... </k> requires truthy(V)
0012	RULE	reference-semantics/semantics/bool.k:24-25	ATTRS=-	rule <k> BoolOp("or",  (V:Val, A:Expr, REST:Exprs)) => BoolOp("or", (A, REST)) ... </k> requires notBool truthy(V)
0013	RULE	reference-semantics/semantics/bool.k:29-30	ATTRS=priority	rule <k> BoolOp(_:String, (ref(H:Int), .Exprs)) => ref(H) ... </k> [priority(40)]
0014	RULE	reference-semantics/semantics/bool.k:31-34	ATTRS=priority	rule <k> BoolOp("and", (ref(H:Int), A:Expr, REST:Exprs)) => BoolOp("and", (A, REST)) ... </k> <heap> ... H |-> V:Val ... </heap> requires truthy(V) [priority(40)]
0015	RULE	reference-semantics/semantics/bool.k:35-38	ATTRS=priority	rule <k> BoolOp("and", (ref(H:Int), _:Expr, _:Exprs)) => ref(H) ... </k> <heap> ... H |-> V:Val ... </heap> requires notBool truthy(V) [priority(40)]
0016	RULE	reference-semantics/semantics/bool.k:39-42	ATTRS=priority	rule <k> BoolOp("or", (ref(H:Int), _:Expr, _:Exprs)) => ref(H) ... </k> <heap> ... H |-> V:Val ... </heap> requires truthy(V) [priority(40)]
0017	RULE	reference-semantics/semantics/bool.k:43-46	ATTRS=priority	rule <k> BoolOp("or", (ref(H:Int), A:Expr, REST:Exprs)) => BoolOp("or", (A, REST)) ... </k> <heap> ... H |-> V:Val ... </heap> requires notBool truthy(V) [priority(40)]

## reference-semantics/semantics/builtins.k

Sentence count: 175

0018	SYNTAX	reference-semantics/semantics/builtins.k:17-17	ATTRS=function	syntax Val ::= applyBuiltin(String, Vals) [function]
0019	SYNTAX	reference-semantics/semantics/builtins.k:20-20	ATTRS=function	syntax Int ::= seqLen(Val) [function]
0020	RULE	reference-semantics/semantics/builtins.k:21-21	ATTRS=-	rule applyBuiltin("len", OBJ:Val, .Vals) => seqLen(OBJ)
0021	RULE	reference-semantics/semantics/builtins.k:22-22	ATTRS=-	rule seqLen(list(VS:ValSeq))                  => vsLen(VS)
0022	RULE	reference-semantics/semantics/builtins.k:23-23	ATTRS=-	rule seqLen(tuple(VS:ValSeq))                 => vsLen(VS)
0023	RULE	reference-semantics/semantics/builtins.k:24-24	ATTRS=-	rule seqLen(str(IS:IntSeq))                   => isLen(IS)
0024	RULE	reference-semantics/semantics/builtins.k:25-25	ATTRS=-	rule seqLen(setV(DS:IntSeq))                  => isLen(DS)
0025	RULE	reference-semantics/semantics/builtins.k:26-26	ATTRS=-	rule seqLen(rangeObj(LO:Int, HI:Int, ST:Int)) => rangeLen(LO, HI, ST)
0026	RULE	reference-semantics/semantics/builtins.k:32-32	ATTRS=-	rule <k> #applyK(toCall(builtinV("list")), (list(VS:ValSeq),  .Vals)) => #alloc(list(VS)) ... </k>
0027	RULE	reference-semantics/semantics/builtins.k:33-33	ATTRS=-	rule <k> #applyK(toCall(builtinV("list")), (tuple(VS:ValSeq), .Vals)) => #alloc(list(VS)) ... </k>
0028	RULE	reference-semantics/semantics/builtins.k:34-34	ATTRS=-	rule <k> #applyK(toCall(builtinV("list")), .Vals)                     => #alloc(list(.ValSeq)) ... </k>
0029	RULE	reference-semantics/semantics/builtins.k:35-35	ATTRS=-	rule <k> #applyK(toCall(builtinV("list")), (str(CS:IntSeq), .Vals))   => #alloc(list(charsOf(CS))) ... </k>
0030	SYNTAX	reference-semantics/semantics/builtins.k:36-36	ATTRS=function,total	syntax ValSeq ::= charsOf(IntSeq) [function, total]
0031	RULE	reference-semantics/semantics/builtins.k:37-37	ATTRS=-	rule charsOf(.IntSeq)                => .ValSeq
0032	RULE	reference-semantics/semantics/builtins.k:38-38	ATTRS=-	rule charsOf(iCons(C:Int, R:IntSeq)) => vCons(str(iCons(C, .IntSeq)), charsOf(R))
0033	RULE	reference-semantics/semantics/builtins.k:41-41	ATTRS=-	rule applyBuiltin("set", str(CS:IntSeq), .Vals) => setV(dedupCodes(CS))
0034	RULE	reference-semantics/semantics/builtins.k:44-44	ATTRS=-	rule applyBuiltin("abs", I:Int, .Vals) => absInt(I)
0035	SYNTAX	reference-semantics/semantics/builtins.k:47-47	ATTRS=-	syntax KItem ::= #sumAcc(Iterable, Int) | #sumCont(Int)
0036	RULE	reference-semantics/semantics/builtins.k:48-48	ATTRS=-	rule <k> #sumAcc(IT:Iterable, ACC:Int) => #iterNext(IT) ~> #sumCont(ACC) ... </k>
0037	RULE	reference-semantics/semantics/builtins.k:49-49	ATTRS=-	rule <k> #iterDone ~> #sumCont(ACC:Int) => ACC ... </k>
0038	RULE	reference-semantics/semantics/builtins.k:50-52	ATTRS=-	rule <k> #iterYield(V:Val, R:Iterable) ~> #sumCont(ACC:Int) => #sumAcc(R, ACC +Int intOf(V)) ... </k> requires isInt(V) orBool isBool(V)
0039	SYNTAX	reference-semantics/semantics/builtins.k:54-54	ATTRS=function	syntax Int ::= intOf(Val) [function]
0040	RULE	reference-semantics/semantics/builtins.k:55-55	ATTRS=-	rule intOf(I:Int)  => I
0041	RULE	reference-semantics/semantics/builtins.k:56-56	ATTRS=-	rule intOf(B:Bool) => #if B #then 1 #else 0 #fi
0042	SYNTAX	reference-semantics/semantics/builtins.k:59-59	ATTRS=-	syntax KItem ::= #allAcc(Iterable) | "#allCont"
0043	RULE	reference-semantics/semantics/builtins.k:60-60	ATTRS=-	rule <k> #allAcc(IT:Iterable) => #iterNext(IT) ~> #allCont ... </k>
0044	RULE	reference-semantics/semantics/builtins.k:61-61	ATTRS=-	rule <k> #iterDone ~> #allCont => true ... </k>
0045	RULE	reference-semantics/semantics/builtins.k:62-63	ATTRS=-	rule <k> #iterYield(V:Val, R:Iterable) ~> #allCont => #allAcc(R) ... </k> requires truthy(V)
0046	RULE	reference-semantics/semantics/builtins.k:64-65	ATTRS=-	rule <k> #iterYield(V:Val, _:Iterable) ~> #allCont => false ... </k> requires notBool truthy(V)
0047	SYNTAX	reference-semantics/semantics/builtins.k:67-67	ATTRS=-	syntax KItem ::= #anyAcc(Iterable) | "#anyCont"
0048	RULE	reference-semantics/semantics/builtins.k:68-68	ATTRS=-	rule <k> #anyAcc(IT:Iterable) => #iterNext(IT) ~> #anyCont ... </k>
0049	RULE	reference-semantics/semantics/builtins.k:69-69	ATTRS=-	rule <k> #iterDone ~> #anyCont => false ... </k>
0050	RULE	reference-semantics/semantics/builtins.k:70-71	ATTRS=-	rule <k> #iterYield(V:Val, _:Iterable) ~> #anyCont => true ... </k> requires truthy(V)
0051	RULE	reference-semantics/semantics/builtins.k:72-73	ATTRS=-	rule <k> #iterYield(V:Val, R:Iterable) ~> #anyCont => #anyAcc(R) ... </k> requires notBool truthy(V)
0052	SYNTAX	reference-semantics/semantics/builtins.k:76-76	ATTRS=-	syntax KItem ::= #maxAcc0(Iterable) | "#maxCont0" | #maxAcc(Iterable, Int) | #maxCont(Int)
0053	RULE	reference-semantics/semantics/builtins.k:77-77	ATTRS=-	rule <k> #maxAcc0(IT:Iterable) => #iterNext(IT) ~> #maxCont0 ... </k>
0054	RULE	reference-semantics/semantics/builtins.k:78-79	ATTRS=-	rule <k> #iterYield(V:Val, R:Iterable) ~> #maxCont0 => #maxAcc(R, {V}:>Int) ... </k> requires isInt(V)
0055	RULE	reference-semantics/semantics/builtins.k:80-80	ATTRS=-	rule <k> #maxAcc(IT:Iterable, M:Int) => #iterNext(IT) ~> #maxCont(M) ... </k>
0056	RULE	reference-semantics/semantics/builtins.k:81-81	ATTRS=-	rule <k> #iterDone ~> #maxCont(M:Int) => M ... </k>
0057	RULE	reference-semantics/semantics/builtins.k:82-84	ATTRS=-	rule <k> #iterYield(V:Val, R:Iterable) ~> #maxCont(M:Int) => #maxAcc(R, maxInt(M, {V}:>Int)) ... </k> requires isInt(V)
0058	SYNTAX	reference-semantics/semantics/builtins.k:86-86	ATTRS=-	syntax KItem ::= #minAcc0(Iterable) | "#minCont0" | #minAcc(Iterable, Int) | #minCont(Int)
0059	RULE	reference-semantics/semantics/builtins.k:87-87	ATTRS=-	rule <k> #minAcc0(IT:Iterable) => #iterNext(IT) ~> #minCont0 ... </k>
0060	RULE	reference-semantics/semantics/builtins.k:88-89	ATTRS=-	rule <k> #iterYield(V:Val, R:Iterable) ~> #minCont0 => #minAcc(R, {V}:>Int) ... </k> requires isInt(V)
0061	RULE	reference-semantics/semantics/builtins.k:90-90	ATTRS=-	rule <k> #minAcc(IT:Iterable, M:Int) => #iterNext(IT) ~> #minCont(M) ... </k>
0062	RULE	reference-semantics/semantics/builtins.k:91-91	ATTRS=-	rule <k> #iterDone ~> #minCont(M:Int) => M ... </k>
0063	RULE	reference-semantics/semantics/builtins.k:92-94	ATTRS=-	rule <k> #iterYield(V:Val, R:Iterable) ~> #minCont(M:Int) => #minAcc(R, minInt(M, {V}:>Int)) ... </k> requires isInt(V)
0064	SYNTAX	reference-semantics/semantics/builtins.k:97-97	ATTRS=function	syntax Int ::= maxVals(Int, Vals) [function]
0065	RULE	reference-semantics/semantics/builtins.k:98-98	ATTRS=-	rule applyBuiltin("max", I:Int, REST:Vals) => maxVals(I, REST)
0066	RULE	reference-semantics/semantics/builtins.k:99-99	ATTRS=-	rule maxVals(M:Int, .Vals)           => M
0067	RULE	reference-semantics/semantics/builtins.k:100-100	ATTRS=-	rule maxVals(M:Int, (I:Int, R:Vals)) => maxVals(maxInt(M, I), R)
0068	SYNTAX	reference-semantics/semantics/builtins.k:102-102	ATTRS=function	syntax Int ::= minVals(Int, Vals) [function]
0069	RULE	reference-semantics/semantics/builtins.k:103-103	ATTRS=-	rule applyBuiltin("min", I:Int, REST:Vals) => minVals(I, REST)
0070	RULE	reference-semantics/semantics/builtins.k:104-104	ATTRS=-	rule minVals(M:Int, .Vals)           => M
0071	RULE	reference-semantics/semantics/builtins.k:105-105	ATTRS=-	rule minVals(M:Int, (I:Int, R:Vals)) => minVals(minInt(M, I), R)
0072	RULE	reference-semantics/semantics/builtins.k:108-109	ATTRS=-	rule applyBuiltin("bin", N:Int, .Vals) => str(iCons(48, iCons(98, binCodes(N)))) requires N >=Int 0
0073	RULE	reference-semantics/semantics/builtins.k:111-113	ATTRS=-	rule applyBuiltin("bin", N:Int, .Vals) => str(iCons(45, iCons(48, iCons(98, binCodes(0 -Int N))))) requires N <Int 0
0074	SYNTAX	reference-semantics/semantics/builtins.k:114-114	ATTRS=function,total	syntax IntSeq ::= binCodes(Int) [function, total]
0075	RULE	reference-semantics/semantics/builtins.k:115-115	ATTRS=-	rule binCodes(0) => iCons(48, .IntSeq)
0076	RULE	reference-semantics/semantics/builtins.k:116-116	ATTRS=-	rule binCodes(N:Int) => binAcc(N, .IntSeq) requires N >Int 0
0077	SYNTAX	reference-semantics/semantics/builtins.k:117-117	ATTRS=function,total	syntax IntSeq ::= binAcc(Int, IntSeq) [function, total]
0078	RULE	reference-semantics/semantics/builtins.k:118-118	ATTRS=-	rule binAcc(0, ACC:IntSeq) => ACC
0079	RULE	reference-semantics/semantics/builtins.k:119-121	ATTRS=-	rule binAcc(N:Int, ACC:IntSeq) => binAcc((N -Int pyMod(N, 2)) /Int 2, iCons(48 +Int pyMod(N, 2), ACC)) requires N >Int 0
0080	RULE	reference-semantics/semantics/builtins.k:124-125	ATTRS=-	rule <k> #applyK(toCall(builtinV("enumerate")), (list(VS:ValSeq), .Vals)) => #alloc(list(enumVS(VS, 0))) ... </k>
0081	SYNTAX	reference-semantics/semantics/builtins.k:126-126	ATTRS=function,total	syntax ValSeq ::= enumVS(ValSeq, Int) [function, total]
0082	RULE	reference-semantics/semantics/builtins.k:127-127	ATTRS=-	rule enumVS(.ValSeq, _:Int) => .ValSeq
0083	RULE	reference-semantics/semantics/builtins.k:128-129	ATTRS=-	rule enumVS(vCons(V:Val, R:ValSeq), I:Int) => vCons(tuple(vCons(I, vCons(V, .ValSeq))), enumVS(R, I +Int 1))
0084	RULE	reference-semantics/semantics/builtins.k:132-133	ATTRS=-	rule <k> #applyK(toCall(builtinV("map")), (typeV("str"), list(VS:ValSeq), .Vals)) => #alloc(list(mapStrVS(VS))) ... </k>
0085	SYNTAX	reference-semantics/semantics/builtins.k:134-134	ATTRS=function,total	syntax ValSeq ::= mapStrVS(ValSeq) [function, total]
0086	RULE	reference-semantics/semantics/builtins.k:135-135	ATTRS=-	rule mapStrVS(.ValSeq) => .ValSeq
0087	RULE	reference-semantics/semantics/builtins.k:136-136	ATTRS=-	rule mapStrVS(vCons(I:Int, R:ValSeq)) => vCons(str(strToCodes(Int2String(I))), mapStrVS(R))
0088	RULE	reference-semantics/semantics/builtins.k:137-137	ATTRS=-	rule mapStrVS(vCons(str(CS:IntSeq), R:ValSeq)) => vCons(str(CS), mapStrVS(R))
0089	RULE	reference-semantics/semantics/builtins.k:140-140	ATTRS=-	rule applyBuiltin("int", I:Int, .Vals) => I
0090	RULE	reference-semantics/semantics/builtins.k:143-143	ATTRS=-	rule applyBuiltin("ord", str(iCons(C:Int, .IntSeq)), .Vals) => C
0091	RULE	reference-semantics/semantics/builtins.k:144-145	ATTRS=-	rule applyBuiltin("chr", I:Int, .Vals) => str(iCons(I, .IntSeq)) requires 0 <=Int I andBool I <Int 128
0092	RULE	reference-semantics/semantics/builtins.k:148-148	ATTRS=-	rule applyBuiltin("str", I:Int, .Vals)       => str(strToCodes(Int2String(I)))
0093	RULE	reference-semantics/semantics/builtins.k:149-149	ATTRS=-	rule applyBuiltin("str", str(CS:IntSeq), .Vals) => str(CS)
0094	RULE	reference-semantics/semantics/builtins.k:152-153	ATTRS=-	rule applyBuiltin("int", str(iCons(C:Int, .IntSeq)), .Vals) => C -Int 48 requires 48 <=Int C andBool C <=Int 57
0095	RULE	reference-semantics/semantics/builtins.k:156-157	ATTRS=-	rule applyBuiltin("int", str(CS:IntSeq), .Vals) => intDigAcc(CS, 0) requires isLen(CS) >=Int 2
0096	SYNTAX	reference-semantics/semantics/builtins.k:158-158	ATTRS=function,total	syntax Int ::= intDigAcc(IntSeq, Int) [function, total]
0097	RULE	reference-semantics/semantics/builtins.k:159-159	ATTRS=-	rule intDigAcc(.IntSeq, ACC:Int)             => ACC
0098	RULE	reference-semantics/semantics/builtins.k:160-160	ATTRS=-	rule intDigAcc(iCons(C:Int, R:IntSeq), ACC:Int) => intDigAcc(R, (ACC *Int 10) +Int (C -Int 48))
0099	RULE	reference-semantics/semantics/builtins.k:163-163	ATTRS=-	rule applyBuiltin("zip", list(A:ValSeq), list(B:ValSeq), .Vals) => zipObj(A, B)
0100	RULE	reference-semantics/semantics/builtins.k:164-164	ATTRS=-	rule applyBuiltin("zip", str(A:IntSeq), str(B:IntSeq), .Vals)   => zipObjS(A, B)
0101	RULE	reference-semantics/semantics/builtins.k:167-168	ATTRS=-	rule <k> #iterNext(zipObj(vCons(A:Val, As:ValSeq), vCons(B:Val, Bs:ValSeq))) => #iterYield(tuple(vCons(A, vCons(B, .ValSeq))), zipObj(As, Bs)) ... </k>
0102	RULE	reference-semantics/semantics/builtins.k:169-169	ATTRS=-	rule <k> #iterNext(zipObj(.ValSeq, _:ValSeq))               => #iterDone ... </k>
0103	RULE	reference-semantics/semantics/builtins.k:170-170	ATTRS=-	rule <k> #iterNext(zipObj(vCons(_:Val, _:ValSeq), .ValSeq)) => #iterDone ... </k>
0104	RULE	reference-semantics/semantics/builtins.k:171-172	ATTRS=-	rule <k> #iterNext(zipObjS(iCons(A:Int, As:IntSeq), iCons(B:Int, Bs:IntSeq))) => #iterYield(tuple(vCons(str(iCons(A, .IntSeq)), vCons(str(iCons(B, .IntSeq)), .ValSeq))), zipObjS(As, Bs)) ... </k>
0105	RULE	reference-semantics/semantics/builtins.k:173-173	ATTRS=-	rule <k> #iterNext(zipObjS(.IntSeq, _:IntSeq))              => #iterDone ... </k>
0106	RULE	reference-semantics/semantics/builtins.k:174-174	ATTRS=-	rule <k> #iterNext(zipObjS(iCons(_:Int, _:IntSeq), .IntSeq)) => #iterDone ... </k>
0107	RULE	reference-semantics/semantics/builtins.k:177-177	ATTRS=-	rule applyBuiltin("range", I:Int, .Vals)               => rangeObj(0, I, 1)
0108	RULE	reference-semantics/semantics/builtins.k:178-178	ATTRS=-	rule applyBuiltin("range", A:Int, B:Int, .Vals)        => rangeObj(A, B, 1)
0109	RULE	reference-semantics/semantics/builtins.k:179-180	ATTRS=-	rule applyBuiltin("range", A:Int, B:Int, S:Int, .Vals) => rangeObj(A, B, S) requires S =/=Int 0
0110	RULE	reference-semantics/semantics/builtins.k:187-187	ATTRS=-	rule applyBuiltin("eval", str(CS:IntSeq), .Vals) => evalArith(CS)
0111	SYNTAX	reference-semantics/semantics/builtins.k:188-188	ATTRS=function	syntax Int ::= evalArith(IntSeq) [function]
0112	RULE	reference-semantics/semantics/builtins.k:189-190	ATTRS=-	rule evalArith(CS:IntSeq) => firstNdE(passAddE(passMulE(passPowE(tokOps(CS), tokNds(CS)))))
0113	SYNTAX	reference-semantics/semantics/builtins.k:192-192	ATTRS=-	syntax OpSeq ::= ".OpSeq" | oCons(String, OpSeq)
0114	SYNTAX	reference-semantics/semantics/builtins.k:194-194	ATTRS=function,total	syntax Bool ::= evDigit(Int) [function, total]
0115	RULE	reference-semantics/semantics/builtins.k:195-195	ATTRS=-	rule evDigit(C:Int) => C >=Int 48 andBool C <=Int 57
0116	SYNTAX	reference-semantics/semantics/builtins.k:196-196	ATTRS=function,total	syntax Bool ::= evHead42(IntSeq) [function, total]
0117	RULE	reference-semantics/semantics/builtins.k:197-197	ATTRS=-	rule evHead42(iCons(42, _:IntSeq)) => true
0118	RULE	reference-semantics/semantics/builtins.k:198-198	ATTRS=owise	rule evHead42(_:IntSeq)            => false [owise]
0119	SYNTAX	reference-semantics/semantics/builtins.k:199-199	ATTRS=function,total	syntax Bool ::= evHead47(IntSeq) [function, total]
0120	RULE	reference-semantics/semantics/builtins.k:200-200	ATTRS=-	rule evHead47(iCons(47, _:IntSeq)) => true
0121	RULE	reference-semantics/semantics/builtins.k:201-201	ATTRS=owise	rule evHead47(_:IntSeq)            => false [owise]
0122	SYNTAX	reference-semantics/semantics/builtins.k:203-203	ATTRS=function,total	syntax OpSeq ::= tokOps(IntSeq) [function, total]
0123	RULE	reference-semantics/semantics/builtins.k:204-204	ATTRS=-	rule tokOps(.IntSeq)                 => .OpSeq
0124	RULE	reference-semantics/semantics/builtins.k:205-205	ATTRS=-	rule tokOps(iCons(32, R:IntSeq))     => tokOps(R)
0125	RULE	reference-semantics/semantics/builtins.k:206-206	ATTRS=-	rule tokOps(iCons(C:Int, R:IntSeq))  => tokOps(R) requires evDigit(C)
0126	RULE	reference-semantics/semantics/builtins.k:207-207	ATTRS=-	rule tokOps(iCons(42, iCons(42, R:IntSeq))) => oCons("**", tokOps(R))
0127	RULE	reference-semantics/semantics/builtins.k:208-208	ATTRS=-	rule tokOps(iCons(42, R:IntSeq))     => oCons("*", tokOps(R)) requires notBool evHead42(R)
0128	RULE	reference-semantics/semantics/builtins.k:209-209	ATTRS=-	rule tokOps(iCons(47, iCons(47, R:IntSeq))) => oCons("//", tokOps(R))
0129	RULE	reference-semantics/semantics/builtins.k:210-210	ATTRS=-	rule tokOps(iCons(47, R:IntSeq))     => oCons("/", tokOps(R)) requires notBool evHead47(R)
0130	RULE	reference-semantics/semantics/builtins.k:211-211	ATTRS=-	rule tokOps(iCons(43, R:IntSeq))     => oCons("+", tokOps(R))
0131	RULE	reference-semantics/semantics/builtins.k:212-212	ATTRS=-	rule tokOps(iCons(45, R:IntSeq))     => oCons("-", tokOps(R))
0132	SYNTAX	reference-semantics/semantics/builtins.k:214-215	ATTRS=function,total	syntax IntSeq ::= tokNds(IntSeq) [function, total] | tokNdAcc(Int, IntSeq) [function, total]
0133	RULE	reference-semantics/semantics/builtins.k:216-216	ATTRS=-	rule tokNds(.IntSeq)                => .IntSeq
0134	RULE	reference-semantics/semantics/builtins.k:217-217	ATTRS=-	rule tokNds(iCons(32, R:IntSeq))    => tokNds(R)
0135	RULE	reference-semantics/semantics/builtins.k:218-218	ATTRS=-	rule tokNds(iCons(C:Int, R:IntSeq)) => tokNdAcc(C -Int 48, R) requires evDigit(C)
0136	RULE	reference-semantics/semantics/builtins.k:219-220	ATTRS=-	rule tokNds(iCons(C:Int, R:IntSeq)) => tokNds(R) requires notBool evDigit(C) andBool C =/=Int 32
0137	RULE	reference-semantics/semantics/builtins.k:221-222	ATTRS=-	rule tokNdAcc(A:Int, iCons(C:Int, R:IntSeq)) => tokNdAcc(A *Int 10 +Int (C -Int 48), R) requires evDigit(C)
0138	RULE	reference-semantics/semantics/builtins.k:223-223	ATTRS=owise	rule tokNdAcc(A:Int, S:IntSeq) => iCons(A, tokNds(S)) [owise]
0139	SYNTAX	reference-semantics/semantics/builtins.k:225-225	ATTRS=-	syntax EvPair ::= evp(OpSeq, IntSeq)
0140	SYNTAX	reference-semantics/semantics/builtins.k:226-226	ATTRS=function,total	syntax Int ::= firstNdE(EvPair) [function, total]
0141	RULE	reference-semantics/semantics/builtins.k:227-227	ATTRS=-	rule firstNdE(evp(_:OpSeq, iCons(N:Int, _:IntSeq))) => N
0142	RULE	reference-semantics/semantics/builtins.k:228-228	ATTRS=owise	rule firstNdE(_:EvPair) => 0 [owise]
0143	SYNTAX	reference-semantics/semantics/builtins.k:230-230	ATTRS=function,total	syntax Int ::= applyOpE(String, Int, Int) [function, total]
0144	RULE	reference-semantics/semantics/builtins.k:231-231	ATTRS=-	rule applyOpE("+",  A:Int, B:Int) => A +Int B
0145	RULE	reference-semantics/semantics/builtins.k:232-232	ATTRS=-	rule applyOpE("-",  A:Int, B:Int) => A -Int B
0146	RULE	reference-semantics/semantics/builtins.k:233-233	ATTRS=-	rule applyOpE("*",  A:Int, B:Int) => A *Int B
0147	RULE	reference-semantics/semantics/builtins.k:234-234	ATTRS=-	rule applyOpE("//", A:Int, B:Int) => A divInt B
0148	RULE	reference-semantics/semantics/builtins.k:235-235	ATTRS=-	rule applyOpE("**", A:Int, B:Int) => A ^Int B
0149	RULE	reference-semantics/semantics/builtins.k:236-236	ATTRS=owise	rule applyOpE(_:String, A:Int, _:Int) => A [owise]
0150	SYNTAX	reference-semantics/semantics/builtins.k:238-238	ATTRS=function,total	syntax EvPair ::= passPowE(OpSeq, IntSeq) [function, total]
0151	RULE	reference-semantics/semantics/builtins.k:239-239	ATTRS=-	rule passPowE(.OpSeq, NDS:IntSeq) => evp(.OpSeq, NDS)
0152	RULE	reference-semantics/semantics/builtins.k:240-240	ATTRS=-	rule passPowE(oCons("**", OPS:OpSeq), iCons(N:Int, NDS:IntSeq)) => powCombE(N, passPowE(OPS, NDS))
0153	RULE	reference-semantics/semantics/builtins.k:241-242	ATTRS=-	rule passPowE(oCons(O:String, OPS:OpSeq), iCons(N:Int, NDS:IntSeq)) => powCarryE(O, N, passPowE(OPS, NDS)) requires O =/=String "**"
0154	RULE	reference-semantics/semantics/builtins.k:243-243	ATTRS=owise	rule passPowE(_:OpSeq, .IntSeq) => evp(.OpSeq, .IntSeq) [owise]
0155	SYNTAX	reference-semantics/semantics/builtins.k:244-244	ATTRS=function,total	syntax EvPair ::= powCombE(Int, EvPair) [function, total]
0156	RULE	reference-semantics/semantics/builtins.k:245-245	ATTRS=-	rule powCombE(N:Int, evp(OPS:OpSeq, iCons(M:Int, REST:IntSeq))) => evp(OPS, iCons(N ^Int M, REST))
0157	RULE	reference-semantics/semantics/builtins.k:246-246	ATTRS=-	rule powCombE(N:Int, evp(OPS:OpSeq, .IntSeq)) => evp(OPS, iCons(N, .IntSeq))
0158	SYNTAX	reference-semantics/semantics/builtins.k:247-247	ATTRS=function,total	syntax EvPair ::= powCarryE(String, Int, EvPair) [function, total]
0159	RULE	reference-semantics/semantics/builtins.k:248-248	ATTRS=-	rule powCarryE(O:String, N:Int, evp(OPS:OpSeq, NDS:IntSeq)) => evp(oCons(O, OPS), iCons(N, NDS))
0160	SYNTAX	reference-semantics/semantics/builtins.k:250-250	ATTRS=function,total	syntax EvPair ::= passMulE(EvPair) [function, total] | passAddE(EvPair) [function, total]
0161	RULE	reference-semantics/semantics/builtins.k:251-251	ATTRS=-	rule passMulE(evp(OPS:OpSeq, iCons(N0:Int, NDS:IntSeq))) => passLGoE("mul", N0, OPS, NDS, .OpSeq, .IntSeq)
0162	RULE	reference-semantics/semantics/builtins.k:252-252	ATTRS=-	rule passMulE(evp(OPS:OpSeq, .IntSeq)) => evp(OPS, .IntSeq)
0163	RULE	reference-semantics/semantics/builtins.k:253-253	ATTRS=-	rule passAddE(evp(OPS:OpSeq, iCons(N0:Int, NDS:IntSeq))) => passLGoE("add", N0, OPS, NDS, .OpSeq, .IntSeq)
0164	RULE	reference-semantics/semantics/builtins.k:254-254	ATTRS=-	rule passAddE(evp(OPS:OpSeq, .IntSeq)) => evp(OPS, .IntSeq)
0165	SYNTAX	reference-semantics/semantics/builtins.k:255-255	ATTRS=function,total	syntax EvPair ::= passLGoE(String, Int, OpSeq, IntSeq, OpSeq, IntSeq) [function, total]
0166	RULE	reference-semantics/semantics/builtins.k:256-256	ATTRS=-	rule passLGoE(_:String, CUR:Int, .OpSeq, _:IntSeq, OO:OpSeq, ON:IntSeq) => evp(OO, appendIE(ON, CUR))
0167	RULE	reference-semantics/semantics/builtins.k:257-259	ATTRS=-	rule passLGoE(L:String, CUR:Int, oCons(O:String, OPS:OpSeq), iCons(N:Int, NDS:IntSeq), OO:OpSeq, ON:IntSeq) => passLGoE(L, applyOpE(O, CUR, N), OPS, NDS, OO, ON) requires inLevelE(L, O)
0168	RULE	reference-semantics/semantics/builtins.k:260-262	ATTRS=-	rule passLGoE(L:String, CUR:Int, oCons(O:String, OPS:OpSeq), iCons(N:Int, NDS:IntSeq), OO:OpSeq, ON:IntSeq) => passLGoE(L, N, OPS, NDS, appendOpE(OO, O), appendIE(ON, CUR)) requires notBool inLevelE(L, O)
0169	RULE	reference-semantics/semantics/builtins.k:263-264	ATTRS=owise	rule passLGoE(_:String, CUR:Int, oCons(_:String, _:OpSeq), .IntSeq, OO:OpSeq, ON:IntSeq) => evp(OO, appendIE(ON, CUR)) [owise]
0170	SYNTAX	reference-semantics/semantics/builtins.k:265-265	ATTRS=function,total	syntax Bool ::= inLevelE(String, String) [function, total]
0171	RULE	reference-semantics/semantics/builtins.k:266-266	ATTRS=-	rule inLevelE("mul", O:String) => O ==String "*" orBool O ==String "//" orBool O ==String "/"
0172	RULE	reference-semantics/semantics/builtins.k:267-267	ATTRS=-	rule inLevelE("add", O:String) => O ==String "+" orBool O ==String "-"
0173	RULE	reference-semantics/semantics/builtins.k:268-268	ATTRS=owise	rule inLevelE(_:String, _:String) => false [owise]
0174	SYNTAX	reference-semantics/semantics/builtins.k:269-269	ATTRS=function,total	syntax OpSeq ::= appendOpE(OpSeq, String) [function, total]
0175	RULE	reference-semantics/semantics/builtins.k:270-270	ATTRS=-	rule appendOpE(.OpSeq, O:String) => oCons(O, .OpSeq)
0176	RULE	reference-semantics/semantics/builtins.k:271-271	ATTRS=-	rule appendOpE(oCons(H:String, T:OpSeq), O:String) => oCons(H, appendOpE(T, O))
0177	SYNTAX	reference-semantics/semantics/builtins.k:272-272	ATTRS=function,total	syntax IntSeq ::= appendIE(IntSeq, Int) [function, total]
0178	RULE	reference-semantics/semantics/builtins.k:273-273	ATTRS=-	rule appendIE(.IntSeq, N:Int) => iCons(N, .IntSeq)
0179	RULE	reference-semantics/semantics/builtins.k:274-274	ATTRS=-	rule appendIE(iCons(H:Int, T:IntSeq), N:Int) => iCons(H, appendIE(T, N))
0180	SYNTAX	reference-semantics/semantics/builtins.k:279-279	ATTRS=-	syntax KItem ::= "#md5"
0181	RULE	reference-semantics/semantics/builtins.k:280-281	ATTRS=priority	rule <k> Call(Attribute(Name("hashlib"), "md5"), (E:Expr, .Exprs)) => E ~> #md5 ... </k> [priority(40)]
0182	RULE	reference-semantics/semantics/builtins.k:282-282	ATTRS=-	rule <k> str(CS:IntSeq) ~> #md5 => md5Obj(CS) ... </k>
0183	SYNTAX	reference-semantics/semantics/builtins.k:283-283	ATTRS=-	syntax Val ::= md5Obj(IntSeq)
0184	RULE	reference-semantics/semantics/builtins.k:284-284	ATTRS=-	rule applyMethod(md5Obj(CS:IntSeq), "hexdigest", .Vals) => str(md5hexCodes(CS))
0185	SYNTAX	reference-semantics/semantics/builtins.k:285-285	ATTRS=function,total,no-evaluators,symbol	syntax IntSeq ::= md5hexCodes(IntSeq) [function, total, symbol(md5hexCodes), no-evaluators]
0186	RULE	reference-semantics/semantics/builtins.k:291-291	ATTRS=-	rule applyBuiltin("isinstance", V:Val, typeV("int"), .Vals) => isIntV(V)
0187	RULE	reference-semantics/semantics/builtins.k:292-292	ATTRS=-	rule applyBuiltin("isinstance", V:Val, typeV("str"), .Vals) => isStrV(V)
0188	SYNTAX	reference-semantics/semantics/builtins.k:293-293	ATTRS=function	syntax Bool ::= isIntV(Val) [function] | isStrV(Val) [function]
0189	RULE	reference-semantics/semantics/builtins.k:294-294	ATTRS=-	rule isIntV(_:Int)         => true
0190	RULE	reference-semantics/semantics/builtins.k:295-295	ATTRS=owise	rule isIntV(_:Val)         => false [owise]
0191	RULE	reference-semantics/semantics/builtins.k:296-296	ATTRS=-	rule isStrV(str(_:IntSeq)) => true
0192	RULE	reference-semantics/semantics/builtins.k:297-297	ATTRS=owise	rule isStrV(_:Val)         => false [owise]

## reference-semantics/semantics/call.k

Sentence count: 24

0193	RULE	reference-semantics/semantics/call.k:16-16	ATTRS=-	rule <k> Attribute(V:Val, M:String) => boundMethodV(V, M) ... </k>
0194	SYNTAX	reference-semantics/semantics/call.k:19-19	ATTRS=-	syntax KItem ::= #callee(Exprs)
0195	RULE	reference-semantics/semantics/call.k:20-20	ATTRS=owise	rule <k> Call(Fe:Expr, ARGS:Exprs) => Fe ~> #callee(ARGS) ... </k> [owise]
0196	RULE	reference-semantics/semantics/call.k:21-21	ATTRS=-	rule <k> CV:Val ~> #callee(ARGS:Exprs) => #evalArgs(ARGS, .Vals, toCall(CV)) ... </k>
0197	RULE	reference-semantics/semantics/call.k:24-24	ATTRS=-	rule <k> #applyK(toCall(boundMethodV(OBJ:Val, M:String)), ACC:Vals) => applyMethod(OBJ, M, ACC) ... </k>
0198	RULE	reference-semantics/semantics/call.k:26-26	ATTRS=-	rule <k> #applyK(toCall(builtinV("sum")), (OBJ:Iterable, .Vals)) => #sumAcc(OBJ, 0) ... </k>
0199	RULE	reference-semantics/semantics/call.k:27-27	ATTRS=-	rule <k> #applyK(toCall(builtinV("all")), (OBJ:Iterable, .Vals)) => #allAcc(OBJ)    ... </k>
0200	RULE	reference-semantics/semantics/call.k:28-28	ATTRS=-	rule <k> #applyK(toCall(builtinV("any")), (OBJ:Iterable, .Vals)) => #anyAcc(OBJ)    ... </k>
0201	RULE	reference-semantics/semantics/call.k:29-29	ATTRS=-	rule <k> #applyK(toCall(builtinV("max")), (OBJ:Iterable, .Vals)) => #maxAcc0(OBJ)   ... </k>
0202	RULE	reference-semantics/semantics/call.k:30-30	ATTRS=-	rule <k> #applyK(toCall(builtinV("min")), (OBJ:Iterable, .Vals)) => #minAcc0(OBJ)   ... </k>
0203	RULE	reference-semantics/semantics/call.k:31-31	ATTRS=owise	rule <k> #applyK(toCall(builtinV(BN:String)), ACC:Vals) => applyBuiltin(BN, ACC) ... </k> [owise]
0204	RULE	reference-semantics/semantics/call.k:32-32	ATTRS=-	rule <k> #applyK(toCall(typeV(T:String)),     ACC:Vals) => applyBuiltin(T, ACC)  ... </k>
0205	RULE	reference-semantics/semantics/call.k:38-41	ATTRS=priority	rule <k> #applyK(toCall(builtinV(BN:String)), (ref(H:Int), REST:Vals)) => #applyK(toCall(builtinV(BN)), (V, REST)) ... </k> <heap> ... H |-> V:Val ... </heap> [priority(40)]
0206	RULE	reference-semantics/semantics/call.k:42-46	ATTRS=priority	rule <k> #applyK(toCall(builtinV(BN:String)), (A:Val, ref(H:Int), REST:Vals)) => #applyK(toCall(builtinV(BN)), (A, V, REST)) ... </k> <heap> ... H |-> V:Val ... </heap> requires notBool isRefV(A) [priority(40)]
0207	RULE	reference-semantics/semantics/call.k:47-50	ATTRS=priority	rule <k> #applyK(toCall(typeV(T:String)), (ref(H:Int), REST:Vals)) => #applyK(toCall(typeV(T)), (V, REST)) ... </k> <heap> ... H |-> V:Val ... </heap> [priority(40)]
0208	SYNTAX	reference-semantics/semantics/call.k:52-52	ATTRS=function,total	syntax Bool ::= isMutMethod(String) [function, total]
0209	RULE	reference-semantics/semantics/call.k:53-55	ATTRS=-	rule isMutMethod(M:String) => M ==String "append" orBool M ==String "sort" orBool M ==String "extend" orBool M ==String "insert" orBool M ==String "pop" orBool M ==String "remove"
0210	RULE	reference-semantics/semantics/call.k:56-60	ATTRS=priority	rule <k> #applyK(toCall(boundMethodV(ref(H:Int), M:String)), ACC:Vals) => #applyK(toCall(boundMethodV(V, M)), ACC) ... </k> <heap> ... H |-> V:Val ... </heap> requires notBool isMutMethod(M) [priority(40)]
0211	RULE	reference-semantics/semantics/call.k:63-67	ATTRS=priority	rule <k> #applyK(toCall(boundMethodV(OBJ:Val, M:String)), (ref(H:Int), REST:Vals)) => #applyK(toCall(boundMethodV(OBJ, M)), (V, REST)) ... </k> <heap> ... H |-> V:Val ... </heap> requires notBool isMutMethod(M) andBool notBool isRefV(OBJ) [priority(40)]
0212	RULE	reference-semantics/semantics/call.k:69-74	ATTRS=-	rule <k> #applyK(toCall(closureVal(PNS:ParamNames, BODY:Stmts, DEFL:Int)), ACC:Vals) ~> CONT => #bindP(PNS, ACC) ~> BODY ~> #endcall </k> <env>     CALLERL:Int => NEWL </env> <scopes>   STORE:Map => STORE [ NEWL <- scope(.Map, parent(DEFL)) ] </scopes> <scopeLoc> NEWL:Int => NEWL +Int 1 </scopeLoc> <stack>   .List => ListItem(frame(CONT, CALLERL, NEWL)) ... </stack>
0213	RULE	reference-semantics/semantics/call.k:80-85	ATTRS=-	rule <k> #applyK(toCall(closureValC(PNS:ParamNames, CVS:ParamNames, BODY:Stmts, CM:Map)), ACC:Vals) ~> CONT => #allocCells(CVS) ~> #bindP(PNS, ACC) ~> BODY ~> #endcall </k> <env>     CALLERL:Int => NEWL </env> <scopes>   STORE:Map => STORE [ NEWL <- scope(CM [ "$cells" <- cellsMark(CVS) ], parent(0)) ] </scopes> <scopeLoc> NEWL:Int => NEWL +Int 1 </scopeLoc> <stack>   .List => ListItem(frame(CONT, CALLERL, NEWL)) ... </stack>
0214	SYNTAX	reference-semantics/semantics/call.k:87-87	ATTRS=-	syntax KItem ::= #allocCells(ParamNames)
0215	RULE	reference-semantics/semantics/call.k:88-88	ATTRS=-	rule <k> #allocCells(.ParamNames) => .K ... </k>
0216	RULE	reference-semantics/semantics/call.k:89-94	ATTRS=-	rule <k> #allocCells((CV:String, R:ParamNames)) => #allocCells(R) ... </k> <env> L:Int </env> <scopes> ... L |-> scope(M:Map => M [ CV <- cellRef(N) ], _) ... </scopes> <heap>    H:Map => (N |-> cellV(noneV)) H </heap> <heapLoc> N:Int => N +Int 1 </heapLoc> requires notBool N in_keys(H)

## reference-semantics/semantics/comprehension.k

Sentence count: 10

0217	RULE	reference-semantics/semantics/comprehension.k:11-11	ATTRS=-	rule ListComp(ELT:Expr, Gs:CompFors) => Call(closureExpr(.ParamNames, compBody(Gs, ELT)), .Exprs)
0218	RULE	reference-semantics/semantics/comprehension.k:12-12	ATTRS=-	rule GenExp(ELT:Expr, Gs:CompFors)   => Call(closureExpr(.ParamNames, compBody(Gs, ELT)), .Exprs)
0219	SYNTAX	reference-semantics/semantics/comprehension.k:14-14	ATTRS=macro	syntax Stmts ::= compBody(CompFors, Expr) [macro]
0220	RULE	reference-semantics/semantics/comprehension.k:15-16	ATTRS=-	rule compBody(Gs:CompFors, ELT:Expr) => Assign(Name("$acc"), ListExpr(.Exprs)) compNest(Gs, ELT) Return(Name("$acc"))
0221	SYNTAX	reference-semantics/semantics/comprehension.k:18-18	ATTRS=macro	syntax Stmt ::= compNest(CompFors, Expr) [macro-rec]
0222	RULE	reference-semantics/semantics/comprehension.k:19-20	ATTRS=-	rule compNest(.CompFors, ELT:Expr) => Assign(Name("$acc"), BinOp("+", Name("$acc"), ListExpr(ELT)))
0223	RULE	reference-semantics/semantics/comprehension.k:21-22	ATTRS=-	rule compNest((CompFor(T:Expr, ITER:Expr, Fs:Exprs) GRest:CompFors), ELT:Expr) => For(T, ITER, If(compGuard(Fs), compNest(GRest, ELT), .Stmts))
0224	SYNTAX	reference-semantics/semantics/comprehension.k:24-24	ATTRS=macro	syntax Expr ::= compGuard(Exprs) [macro]
0225	RULE	reference-semantics/semantics/comprehension.k:25-25	ATTRS=-	rule compGuard(.Exprs)             => Bool(true)
0226	RULE	reference-semantics/semantics/comprehension.k:26-26	ATTRS=-	rule compGuard((F:Expr, Fs:Exprs)) => BoolOp("and", (F, Fs))

## reference-semantics/semantics/concrete.k

Sentence count: 21

0227	RULE	reference-semantics/semantics/concrete.k:13-15	ATTRS=-	rule <k> Compare(list(A:ValSeq), CmpOp("==", list(B:ValSeq))) => deepEqVS(A, B, HP) ... </k> <heap> HP:Map </heap> requires hasRefVS(A) orBool hasRefVS(B)
0228	RULE	reference-semantics/semantics/concrete.k:16-18	ATTRS=-	rule <k> Compare(list(A:ValSeq), CmpOp("!=", list(B:ValSeq))) => notBool deepEqVS(A, B, HP) ... </k> <heap> HP:Map </heap> requires hasRefVS(A) orBool hasRefVS(B)
0229	SYNTAX	reference-semantics/semantics/concrete.k:25-25	ATTRS=-	syntax Val ::= kvP(Val, Val)
0230	SYNTAX	reference-semantics/semantics/concrete.k:26-27	ATTRS=-	syntax KItem ::= #ksort(ValSeq, Val, ValSeq, Bool) | #ksIns(Val, ValSeq, Val, ValSeq, Bool)
0231	RULE	reference-semantics/semantics/concrete.k:28-30	ATTRS=priority	rule <k> #applyK(toCall(builtinV("sorted")), (list(VS:ValSeq), kwV("key", KV:Val), .Vals)) => #ksort(VS, KV, .ValSeq, false) ... </k> [priority(40)]
0232	RULE	reference-semantics/semantics/concrete.k:31-33	ATTRS=priority	rule <k> #applyK(toCall(builtinV("sorted")), (list(VS:ValSeq), kwV("key", KV:Val), kwV("reverse", RB:Bool), .Vals)) => #ksort(VS, KV, .ValSeq, RB) ... </k> [priority(40)]
0233	RULE	reference-semantics/semantics/concrete.k:34-35	ATTRS=-	rule <k> #ksort(.ValSeq, _:Val, ACC:ValSeq, RB:Bool) => #alloc(list(condRev(unpairVS(ACC), RB))) ... </k>
0234	RULE	reference-semantics/semantics/concrete.k:36-37	ATTRS=-	rule <k> #ksort(vCons(V:Val, R:ValSeq), KV:Val, ACC:ValSeq, RB:Bool) => KV ~> #callee((V, .Exprs)) ~> #ksIns(V, R, KV, ACC, RB) ... </k>
0235	RULE	reference-semantics/semantics/concrete.k:38-40	ATTRS=-	rule <k> K:Val ~> #ksIns(V:Val, R:ValSeq, KV:Val, ACC:ValSeq, RB:Bool) => #ksort(R, KV, insPair(ACC, K, V), RB) ... </k> requires notBool isKwV(K)
0236	SYNTAX	reference-semantics/semantics/concrete.k:42-42	ATTRS=function	syntax ValSeq ::= insPair(ValSeq, Val, Val) [function]
0237	RULE	reference-semantics/semantics/concrete.k:43-43	ATTRS=-	rule insPair(.ValSeq, K:Val, V:Val) => vCons(kvP(K, V), .ValSeq)
0238	RULE	reference-semantics/semantics/concrete.k:44-46	ATTRS=-	rule insPair(vCons(kvP(K2:Val, V2:Val), R:ValSeq), K:Val, V:Val) => vCons(kvP(K, V), vCons(kvP(K2, V2), R)) requires kLt(K, K2)
0239	RULE	reference-semantics/semantics/concrete.k:47-49	ATTRS=-	rule insPair(vCons(kvP(K2:Val, V2:Val), R:ValSeq), K:Val, V:Val) => vCons(kvP(K2, V2), insPair(R, K, V)) requires notBool kLt(K, K2)
0240	SYNTAX	reference-semantics/semantics/concrete.k:51-51	ATTRS=function	syntax Bool ::= kLt(Val, Val) [function]
0241	RULE	reference-semantics/semantics/concrete.k:52-52	ATTRS=-	rule kLt(I1:Int, I2:Int)             => I1 <Int I2
0242	RULE	reference-semantics/semantics/concrete.k:53-53	ATTRS=-	rule kLt(F1:Float, F2:Float)         => F1 <Float F2
0243	RULE	reference-semantics/semantics/concrete.k:54-54	ATTRS=-	rule kLt(str(A:IntSeq), str(B:IntSeq)) => strLt(A, B)
0244	SYNTAX	reference-semantics/semantics/concrete.k:56-56	ATTRS=function,total	syntax ValSeq ::= unpairVS(ValSeq) [function, total]
0245	RULE	reference-semantics/semantics/concrete.k:57-57	ATTRS=-	rule unpairVS(.ValSeq) => .ValSeq
0246	RULE	reference-semantics/semantics/concrete.k:58-58	ATTRS=-	rule unpairVS(vCons(kvP(_:Val, V:Val), R:ValSeq)) => vCons(V, unpairVS(R))
0247	RULE	reference-semantics/semantics/concrete.k:59-59	ATTRS=owise	rule unpairVS(vCons(V:Val, R:ValSeq)) => vCons(V, unpairVS(R)) [owise]

## reference-semantics/semantics/controls.k

Sentence count: 37

0248	RULE	reference-semantics/semantics/controls.k:9-11	ATTRS=-	rule <k> Assign(Name(X:String), V:Val) => .K ... </k> <env> L:Int </env> <scopes> ... L |-> scope(M:Map => M [ X <- V ], _) ... </scopes>
0249	RULE	reference-semantics/semantics/controls.k:12-18	ATTRS=priority	rule <k> Assign(Name(X:String), V:Val) => #cellW({M[X]}:>Val, V) ... </k> <env> L:Int </env> <scopes> ... L |-> scope(M:Map, _) ... </scopes> requires "$cells" in_keys(M) andBool pnMember(X, cellsOf({M["$cells"]}:>Val)) andBool X in_keys(M) andBool isCellRef({M[X]}:>Val) [priority(40)]
0250	RULE	reference-semantics/semantics/controls.k:20-23	ATTRS=-	rule <k> AugAssign(Name(X:String), OP:String, V:Val) => .K ... </k> <env> L:Int </env> <scopes> ... L |-> scope(M:Map => M [ X <- applyBin(OP, {M[X]}:>Val, V) ], _) ... </scopes> requires X in_keys(M)
0251	RULE	reference-semantics/semantics/controls.k:27-31	ATTRS=priority	rule <k> AugAssign(Name(X:String), OP:String, V:Val) => Assign(Name(X), BinOp(OP, Name(X), V)) ... </k> <env> L:Int </env> <scopes> ... L |-> scope(M:Map, _) ... </scopes> requires X in_keys(M) andBool isRefV({M[X]}:>Val) [priority(40)]
0252	RULE	reference-semantics/semantics/controls.k:35-35	ATTRS=-	rule <k> ImportFrom("math", NS:ParamNames) => #bindImports(NS) ... </k>
0253	RULE	reference-semantics/semantics/controls.k:36-36	ATTRS=owise	rule <k> ImportFrom(_:String, _:ParamNames) => .K ... </k> [owise]
0254	SYNTAX	reference-semantics/semantics/controls.k:37-37	ATTRS=-	syntax KItem ::= #bindImports(ParamNames)
0255	RULE	reference-semantics/semantics/controls.k:38-38	ATTRS=-	rule <k> #bindImports(.ParamNames) => .K ... </k>
0256	RULE	reference-semantics/semantics/controls.k:39-42	ATTRS=-	rule <k> #bindImports((N:String, NS:ParamNames)) => #bindImports(NS) ... </k> <env> L:Int </env> <scopes> ... L |-> scope(M:Map => M [ N <- builtinV(N) ], _) ... </scopes> requires N ==String "floor" orBool N ==String "ceil"
0257	RULE	reference-semantics/semantics/controls.k:43-44	ATTRS=-	rule <k> #bindImports((N:String, NS:ParamNames)) => #bindImports(NS) ... </k> requires notBool (N ==String "floor" orBool N ==String "ceil")
0258	RULE	reference-semantics/semantics/controls.k:48-48	ATTRS=-	rule <k> Expr(_:Val) => .K ... </k>
0259	SYNTAX	reference-semantics/semantics/controls.k:51-51	ATTRS=-	syntax KItem ::= #branch(Bool, Stmts, Stmts)
0260	RULE	reference-semantics/semantics/controls.k:52-52	ATTRS=-	rule <k> If(C:Val, T:Stmts, E:Stmts) => #branch(truthy(C), T, E) ... </k>
0261	RULE	reference-semantics/semantics/controls.k:53-53	ATTRS=-	rule <k> #branch(true,  T:Stmts, _:Stmts) => T ... </k>
0262	RULE	reference-semantics/semantics/controls.k:54-54	ATTRS=-	rule <k> #branch(false, _:Stmts, E:Stmts) => E ... </k>
0263	RULE	reference-semantics/semantics/controls.k:57-58	ATTRS=-	rule <k> IfExp(V:Val, T:Expr, _:Expr) => T ... </k> requires truthy(V)
0264	RULE	reference-semantics/semantics/controls.k:59-60	ATTRS=-	rule <k> IfExp(V:Val, _:Expr, E:Expr) => E ... </k> requires notBool truthy(V)
0265	SYNTAX	reference-semantics/semantics/controls.k:65-67	ATTRS=-	syntax KItem ::= #loop(Val, Expr, Stmts) | #loopStep(Expr, Stmts) | #while(Expr, Stmts) | #whileCond(Expr, Stmts) | #loopLbl(K) | "#cont" | "#brk"
0266	RULE	reference-semantics/semantics/controls.k:69-69	ATTRS=-	rule <k> For(T:Expr, OBJ:Val, B:Stmts) => #loop(OBJ, T, B) ... </k>
0267	RULE	reference-semantics/semantics/controls.k:71-71	ATTRS=-	rule <k> #loop(IT:Iterable, T:Expr, B:Stmts) => #iterNext(IT) ~> #loopStep(T, B) ... </k>
0268	RULE	reference-semantics/semantics/controls.k:72-72	ATTRS=-	rule <k> #iterDone ~> #loopStep(_:Expr, _:Stmts) => .K ... </k>
0269	RULE	reference-semantics/semantics/controls.k:73-74	ATTRS=-	rule <k> #iterYield(V:Val, REST:Iterable) ~> #loopStep(T:Expr, B:Stmts) => #bindTgt(T, V) ~> B ~> #loopLbl(#loop(REST, T, B)) ... </k>
0270	RULE	reference-semantics/semantics/controls.k:77-77	ATTRS=-	rule <k> While(C:Expr, B:Stmts) => #while(C, B) ... </k>
0271	RULE	reference-semantics/semantics/controls.k:78-78	ATTRS=-	rule <k> #while(C:Expr, B:Stmts) => C ~> #whileCond(C, B) ... </k>
0272	RULE	reference-semantics/semantics/controls.k:79-80	ATTRS=-	rule <k> V:Val ~> #whileCond(C:Expr, B:Stmts) => B ~> #loopLbl(#while(C, B)) ... </k> requires truthy(V)
0273	RULE	reference-semantics/semantics/controls.k:81-82	ATTRS=-	rule <k> V:Val ~> #whileCond(_C:Expr, _B:Stmts) => .K ... </k> requires notBool truthy(V)
0274	RULE	reference-semantics/semantics/controls.k:85-85	ATTRS=-	rule <k> #loopLbl(NEXT:K) => NEXT ... </k>
0275	RULE	reference-semantics/semantics/controls.k:86-86	ATTRS=-	rule <k> Continue => #cont ... </k>
0276	RULE	reference-semantics/semantics/controls.k:87-87	ATTRS=-	rule <k> Break => #brk ... </k>
0277	RULE	reference-semantics/semantics/controls.k:88-88	ATTRS=-	rule <k> #cont ~> #loopLbl(NEXT:K) => NEXT ... </k>
0278	RULE	reference-semantics/semantics/controls.k:89-89	ATTRS=owise	rule <k> #cont ~> (_:KItem => .K) ... </k> [owise]
0279	RULE	reference-semantics/semantics/controls.k:90-90	ATTRS=-	rule <k> #brk ~> #loopLbl(_:K) => .K ... </k>
0280	RULE	reference-semantics/semantics/controls.k:91-91	ATTRS=owise	rule <k> #brk ~> (_:KItem => .K) ... </k> [owise]
0281	RULE	reference-semantics/semantics/controls.k:95-97	ATTRS=priority	rule <k> If(ref(H:Int), T:Stmts, E:Stmts) => If(V, T, E) ... </k> <heap> ... H |-> V:Val ... </heap> [priority(40)]
0282	RULE	reference-semantics/semantics/controls.k:98-100	ATTRS=priority	rule <k> IfExp(ref(H:Int), T:Expr, E:Expr) => IfExp(V, T, E) ... </k> <heap> ... H |-> V:Val ... </heap> [priority(40)]
0283	RULE	reference-semantics/semantics/controls.k:101-103	ATTRS=priority	rule <k> ref(H:Int) ~> #whileCond(C:Expr, B:Stmts) => V ~> #whileCond(C, B) ... </k> <heap> ... H |-> V:Val ... </heap> [priority(40)]
0284	RULE	reference-semantics/semantics/controls.k:106-108	ATTRS=priority	rule <k> For(T:Expr, ref(H:Int), B:Stmts) => For(T, V, B) ... </k> <heap> ... H |-> V:Val ... </heap> [priority(40)]

## reference-semantics/semantics/core.k

Sentence count: 84

0285	SYNTAX	reference-semantics/semantics/core.k:13-13	ATTRS=-	syntax IntSeq ::= ".IntSeq" | iCons(Int, IntSeq)
0286	SYNTAX	reference-semantics/semantics/core.k:14-14	ATTRS=-	syntax ValSeq ::= ".ValSeq" | vCons(Val, ValSeq)
0287	SYNTAX	reference-semantics/semantics/core.k:15-15	ATTRS=-	syntax Str    ::= str(IntSeq)
0288	SYNTAX	reference-semantics/semantics/core.k:18-23	ATTRS=-	syntax Iterable ::= list(ValSeq) | tuple(ValSeq) | Str | rangeObj(Int, Int, Int) | zipObj(ValSeq, ValSeq) | zipObjS(IntSeq, IntSeq)
0289	SYNTAX	reference-semantics/semantics/core.k:25-34	ATTRS=function	syntax Val      ::= Int | Bool | "noneV" | Iterable | ref(Int)          // a heap object: <heap> holds its list(VS) | cellRef(Int)      // a closure cell: <heap> holds cellV(V) | closureVal(ParamNames, Stmts, Int) | typeV(String)     // a type object (int/str), resolved from the builtins frame | builtinV(String)  // a builtin function, resolved like any name (LEGB fallthrough) | boundMethodV(Val, String)   // a cooled Attribute: obj.method
0290	SYNTAX	reference-semantics/semantics/core.k:36-36	ATTRS=-	syntax Parent   ::= "root" | parent(Int)
0291	SYNTAX	reference-semantics/semantics/core.k:37-37	ATTRS=-	syntax Scope    ::= scope(Map, Parent)
0292	SYNTAX	reference-semantics/semantics/core.k:38-38	ATTRS=-	syntax KResult  ::= Val
0293	SYNTAX	reference-semantics/semantics/core.k:39-39	ATTRS=-	syntax Expr     ::= Val   // cooling puts results back into expression holes
0294	SYNTAX	reference-semantics/semantics/core.k:40-40	ATTRS=-	syntax Vals     ::= List{Val, ","}
0295	SYNTAX	reference-semantics/semantics/core.k:41-41	ATTRS=-	syntax Exc      ::= "NoExc" | "AssertionError"
0296	SYNTAX	reference-semantics/semantics/core.k:42-42	ATTRS=-	syntax RetState ::= "noRet" | retV(Val)
0297	CONFIGURATION	reference-semantics/semantics/core.k:49-60	ATTRS=-	configuration <k>       #loadAll($PGM:Module) </k> <env>     0 </env> <scopes>   0     |-> scope(.Map, parent(-1)) -1    |-> builtinsScope </scopes> <scopeLoc> 1 </scopeLoc> <heap>    .Map </heap> <heapLoc> 0 </heapLoc> <stack>   .List </stack> <ret>     noRet </ret> <exc>     NoExc </exc> <exit-code exit=""> 0 </exit-code>
0298	SYNTAX	reference-semantics/semantics/core.k:68-68	ATTRS=function,total	syntax Bool ::= isRefV(Val) [function, total]
0299	RULE	reference-semantics/semantics/core.k:69-69	ATTRS=-	rule isRefV(ref(_:Int)) => true
0300	RULE	reference-semantics/semantics/core.k:70-70	ATTRS=owise	rule isRefV(_:Val)      => false [owise]
0301	SYNTAX	reference-semantics/semantics/core.k:75-75	ATTRS=-	syntax HeapVal ::= cellV(Val)
0302	SYNTAX	reference-semantics/semantics/core.k:76-76	ATTRS=function,total	syntax Bool ::= isCellRef(Val) [function, total]
0303	RULE	reference-semantics/semantics/core.k:77-77	ATTRS=-	rule isCellRef(cellRef(_:Int)) => true
0304	RULE	reference-semantics/semantics/core.k:78-78	ATTRS=owise	rule isCellRef(_:Val)          => false [owise]
0305	RULE	reference-semantics/semantics/core.k:85-90	ATTRS=priority	rule <k> cellRef(H:Int) => V ... </k> <env> L:Int </env> <scopes> ... L |-> scope(M:Map, _) ... </scopes> <heap> ... H |-> cellV(V:Val) ... </heap> requires "$cells" in_keys(M) [priority(40)]
0306	SYNTAX	reference-semantics/semantics/core.k:95-95	ATTRS=-	syntax Val ::= kwV(String, Val)
0307	SYNTAX	reference-semantics/semantics/core.k:96-96	ATTRS=-	syntax KItem ::= #kwTag(String)
0308	RULE	reference-semantics/semantics/core.k:97-97	ATTRS=-	rule <k> KwArg(N:String, E:Expr) => E ~> #kwTag(N) ... </k>
0309	RULE	reference-semantics/semantics/core.k:98-99	ATTRS=-	rule <k> V:Val ~> #kwTag(N:String) => kwV(N, V) ... </k> requires notBool isKwV(V)
0310	SYNTAX	reference-semantics/semantics/core.k:100-100	ATTRS=function,total	syntax Bool ::= isKwV(Val) [function, total]
0311	RULE	reference-semantics/semantics/core.k:101-101	ATTRS=-	rule isKwV(kwV(_:String, _:Val)) => true
0312	RULE	reference-semantics/semantics/core.k:102-102	ATTRS=owise	rule isKwV(_:Val)                => false [owise]
0313	SYNTAX	reference-semantics/semantics/core.k:106-106	ATTRS=-	syntax Val ::= cellsMark(ParamNames)
0314	SYNTAX	reference-semantics/semantics/core.k:107-107	ATTRS=function	syntax ParamNames ::= cellsOf(Val) [function]
0315	RULE	reference-semantics/semantics/core.k:108-108	ATTRS=-	rule cellsOf(cellsMark(CVS:ParamNames)) => CVS
0316	SYNTAX	reference-semantics/semantics/core.k:109-109	ATTRS=function,total	syntax Bool ::= pnMember(String, ParamNames) [function, total]
0317	RULE	reference-semantics/semantics/core.k:110-110	ATTRS=-	rule pnMember(_:String, .ParamNames) => false
0318	RULE	reference-semantics/semantics/core.k:111-111	ATTRS=-	rule pnMember(X:String, (P:String, R:ParamNames)) => X ==String P orBool pnMember(X, R)
0319	SYNTAX	reference-semantics/semantics/core.k:113-113	ATTRS=-	syntax KItem ::= #cellW(Val, Val)
0320	RULE	reference-semantics/semantics/core.k:114-115	ATTRS=-	rule <k> #cellW(cellRef(H:Int), V:Val) => .K ... </k> <heap> ... H |-> cellV(_:Val => V) ... </heap>
0321	SYNTAX	reference-semantics/semantics/core.k:117-117	ATTRS=-	syntax KItem ::= #alloc(Val)
0322	RULE	reference-semantics/semantics/core.k:118-121	ATTRS=-	rule <k> #alloc(V:Val) => ref(N) ... </k> <heap>    H:Map => (N |-> V) H </heap> <heapLoc> N:Int => N +Int 1 </heapLoc> requires notBool N in_keys(H)
0323	SYNTAX	reference-semantics/semantics/core.k:124-124	ATTRS=-	syntax KItem ::= #loadAll(Module)
0324	RULE	reference-semantics/semantics/core.k:125-125	ATTRS=-	rule <k> #loadAll(Module(SS:Stmts)) => SS ... </k>
0325	RULE	reference-semantics/semantics/core.k:126-126	ATTRS=-	rule <k> (S:Stmt SS:Stmts):Stmts => S ~> SS ... </k>
0326	RULE	reference-semantics/semantics/core.k:127-127	ATTRS=-	rule <k> .Stmts => .K ... </k>
0327	SYNTAX	reference-semantics/semantics/core.k:130-130	ATTRS=-	syntax KItem ::= #look(String, Int)
0328	RULE	reference-semantics/semantics/core.k:131-131	ATTRS=-	rule <k> Name(X:String) => #look(X, L) ... </k> <env> L:Int </env>
0329	RULE	reference-semantics/semantics/core.k:132-134	ATTRS=-	rule <k> #look(X:String, L:Int) => {M[X]}:>Val ... </k> <scopes> ... L |-> scope(M:Map, _:Parent) ... </scopes> requires X in_keys(M)
0330	RULE	reference-semantics/semantics/core.k:145-151	ATTRS=priority	rule <k> #look(X:String, L:Int) => V ... </k> <scopes> ... L |-> scope(M:Map, _:Parent) ... </scopes> <heap> ... H |-> cellV(V:Val) ... </heap> requires X in_keys(M) andBool "$cells" in_keys(M) andBool pnMember(X, cellsOf({M["$cells"]}:>Val)) andBool {M[X]}:>Val ==K cellRef(H) [priority(40)]
0331	RULE	reference-semantics/semantics/core.k:152-154	ATTRS=-	rule <k> #look(X:String, L:Int) => #look(X, P) ... </k> <scopes> ... L |-> scope(M:Map, parent(P:Int)) ... </scopes> requires notBool (X in_keys(M))
0332	SYNTAX	reference-semantics/semantics/core.k:157-157	ATTRS=function,total	syntax Scope ::= "builtinsScope" [function, total]
0333	RULE	reference-semantics/semantics/core.k:158-181	ATTRS=-	rule builtinsScope => scope(.Map [ "len"    <- builtinV("len")    ] [ "set"    <- builtinV("set")    ] [ "sum"    <- builtinV("sum")    ] [ "abs"    <- builtinV("abs")    ] [ "min"    <- builtinV("min")    ] [ "max"    <- builtinV("max")    ] [ "ord"    <- builtinV("ord")    ] [ "chr"    <- builtinV("chr")    ] [ "range"  <- builtinV("range")  ] [ "all"    <- builtinV("all")    ] [ "any"    <- builtinV("any")    ] [ "zip"    <- builtinV("zip")    ] [ "isinstance" <- builtinV("isinstance") ] [ "sorted" <- builtinV("sorted") ] [ "list"   <- builtinV("list")   ] [ "round"  <- builtinV("round")  ] [ "bin"    <- builtinV("bin")    ] [ "enumerate" <- builtinV("enumerate") ] [ "map"    <- builtinV("map")    ] [ "eval"   <- builtinV("eval")   ] [ "int"    <- typeV("int")       ] [ "str"    <- typeV("str")       ] [ "float"  <- typeV("float")     ], root)
0334	SYNTAX	reference-semantics/semantics/core.k:185-185	ATTRS=-	syntax ApplyK ::= toCall(Val)
0335	SYNTAX	reference-semantics/semantics/core.k:186-188	ATTRS=-	syntax KItem  ::= #evalArgs(Exprs, Vals, ApplyK) | #evalArgCont(Exprs, Vals, ApplyK) | #applyK(ApplyK, Vals)
0336	RULE	reference-semantics/semantics/core.k:189-189	ATTRS=-	rule <k> #evalArgs((A:Expr, REST:Exprs), ACC:Vals, K:ApplyK) => A ~> #evalArgCont(REST, ACC, K) ... </k>
0337	RULE	reference-semantics/semantics/core.k:190-190	ATTRS=-	rule <k> V:Val ~> #evalArgCont(REST:Exprs, ACC:Vals, K:ApplyK) => #evalArgs(REST, appendVal(ACC, V), K) ... </k>
0338	RULE	reference-semantics/semantics/core.k:191-191	ATTRS=-	rule <k> #evalArgs(.Exprs, ACC:Vals, K:ApplyK) => #applyK(K, ACC) ... </k>
0339	RULE	reference-semantics/semantics/core.k:194-194	ATTRS=-	rule <k> Int(I:Int)   => I ... </k>
0340	RULE	reference-semantics/semantics/core.k:195-195	ATTRS=-	rule <k> Bool(B:Bool) => B ... </k>
0341	RULE	reference-semantics/semantics/core.k:196-196	ATTRS=-	rule <k> NoneVal      => noneV ... </k>
0342	SYNTAX	reference-semantics/semantics/core.k:199-199	ATTRS=function	syntax Bool ::= truthy(Val) [function]
0343	RULE	reference-semantics/semantics/core.k:200-200	ATTRS=-	rule truthy(B:Bool)          => B
0344	RULE	reference-semantics/semantics/core.k:201-201	ATTRS=-	rule truthy(noneV)           => false
0345	RULE	reference-semantics/semantics/core.k:202-202	ATTRS=-	rule truthy(I:Int)           => I =/=Int 0
0346	RULE	reference-semantics/semantics/core.k:203-203	ATTRS=-	rule truthy(str(S:IntSeq))   => notBool (S ==K .IntSeq)
0347	RULE	reference-semantics/semantics/core.k:204-204	ATTRS=-	rule truthy(list(V:ValSeq))  => notBool (V ==K .ValSeq)
0348	RULE	reference-semantics/semantics/core.k:205-205	ATTRS=-	rule truthy(tuple(V:ValSeq)) => notBool (V ==K .ValSeq)
0349	SYNTAX	reference-semantics/semantics/core.k:208-208	ATTRS=function	syntax Val  ::= applyUn(String, Val) [function]
0350	SYNTAX	reference-semantics/semantics/core.k:209-209	ATTRS=function	syntax Val  ::= applyBin(String, Val, Val) [function]
0351	SYNTAX	reference-semantics/semantics/core.k:210-210	ATTRS=function	syntax Bool ::= applyCmp(String, Val, Val) [function]
0352	SYNTAX	reference-semantics/semantics/core.k:213-213	ATTRS=function,total	syntax Vals ::= appendVal(Vals, Val) [function, total]
0353	RULE	reference-semantics/semantics/core.k:214-214	ATTRS=-	rule appendVal(.Vals, V:Val)              => V , .Vals
0354	RULE	reference-semantics/semantics/core.k:215-215	ATTRS=-	rule appendVal((V0:Val, VS:Vals), V:Val)  => V0 , appendVal(VS, V)
0355	SYNTAX	reference-semantics/semantics/core.k:217-217	ATTRS=function,total	syntax ValSeq ::= vals2valSeq(Vals) [function, total]
0356	RULE	reference-semantics/semantics/core.k:218-218	ATTRS=-	rule vals2valSeq(.Vals)            => .ValSeq
0357	RULE	reference-semantics/semantics/core.k:219-219	ATTRS=-	rule vals2valSeq((V:Val, VS:Vals)) => vCons(V, vals2valSeq(VS))
0358	SYNTAX	reference-semantics/semantics/core.k:223-223	ATTRS=function,total	syntax Int ::= vsLen(ValSeq) [function, total]
0359	RULE	reference-semantics/semantics/core.k:224-224	ATTRS=-	rule vsLen(.ValSeq)                => 0
0360	RULE	reference-semantics/semantics/core.k:225-225	ATTRS=-	rule vsLen(vCons(_:Val, S:ValSeq)) => 1 +Int vsLen(S)
0361	SYNTAX	reference-semantics/semantics/core.k:227-227	ATTRS=function,total	syntax Int ::= isLen(IntSeq) [function, total]
0362	RULE	reference-semantics/semantics/core.k:228-228	ATTRS=-	rule isLen(.IntSeq)                => 0
0363	RULE	reference-semantics/semantics/core.k:229-229	ATTRS=-	rule isLen(iCons(_:Int, S:IntSeq)) => 1 +Int isLen(S)
0364	SYNTAX	reference-semantics/semantics/core.k:233-233	ATTRS=function,total	syntax ValSeq ::= setVSAt(ValSeq, Int, Val) [function, total]
0365	RULE	reference-semantics/semantics/core.k:234-234	ATTRS=-	rule setVSAt(.ValSeq, _:Int, _:Val)               => .ValSeq
0366	RULE	reference-semantics/semantics/core.k:235-235	ATTRS=-	rule setVSAt(vCons(_:Val, S:ValSeq), 0, V:Val)    => vCons(V, S)
0367	RULE	reference-semantics/semantics/core.k:236-237	ATTRS=-	rule setVSAt(vCons(W:Val, S:ValSeq), I:Int, V:Val) => vCons(W, setVSAt(S, I -Int 1, V)) requires I >Int 0
0368	RULE	reference-semantics/semantics/core.k:238-239	ATTRS=-	rule setVSAt(VS:ValSeq, I:Int, _:Val)             => VS requires I <Int 0

## reference-semantics/semantics/dict.k

Sentence count: 40

0369	SYNTAX	reference-semantics/semantics/dict.k:20-20	ATTRS=-	syntax Val ::= dictV(ValSeq, ValSeq)
0370	SYNTAX	reference-semantics/semantics/dict.k:23-25	ATTRS=-	syntax KItem ::= #dictAcc(Entries, ValSeq, ValSeq) | #dictKey(Expr, Entries, ValSeq, ValSeq) | #dictVal(Val, Entries, ValSeq, ValSeq)
0371	RULE	reference-semantics/semantics/dict.k:26-26	ATTRS=-	rule <k> DictExpr(ES:Entries) => #dictAcc(ES, .ValSeq, .ValSeq) ... </k>
0372	RULE	reference-semantics/semantics/dict.k:27-27	ATTRS=-	rule <k> #dictAcc(.Entries, KS:ValSeq, VS:ValSeq) => dictV(KS, VS) ... </k>
0373	RULE	reference-semantics/semantics/dict.k:28-29	ATTRS=-	rule <k> #dictAcc((Entry(K:Expr, V:Expr), REST:Entries), KS:ValSeq, VS:ValSeq) => K ~> #dictKey(V, REST, KS, VS) ... </k>
0374	RULE	reference-semantics/semantics/dict.k:30-31	ATTRS=-	rule <k> KV:Val ~> #dictKey(V:Expr, REST:Entries, KS:ValSeq, VS:ValSeq) => V ~> #dictVal(KV, REST, KS, VS) ... </k>
0375	RULE	reference-semantics/semantics/dict.k:32-33	ATTRS=-	rule <k> VV:Val ~> #dictVal(KV:Val, REST:Entries, KS:ValSeq, VS:ValSeq) => #dictAcc(REST, dPutK(KS, KV), dPutV(KS, VS, KV, VV)) ... </k>
0376	SYNTAX	reference-semantics/semantics/dict.k:37-37	ATTRS=function,total	syntax Bool ::= dHasKey(ValSeq, Val) [function, total]
0377	RULE	reference-semantics/semantics/dict.k:38-38	ATTRS=-	rule dHasKey(.ValSeq, _:Val)                => false
0378	RULE	reference-semantics/semantics/dict.k:39-39	ATTRS=-	rule dHasKey(vCons(A:Val, _:ValSeq), K:Val) => true          requires A ==K K
0379	RULE	reference-semantics/semantics/dict.k:40-40	ATTRS=-	rule dHasKey(vCons(A:Val, R:ValSeq), K:Val) => dHasKey(R, K) requires notBool (A ==K K)
0380	SYNTAX	reference-semantics/semantics/dict.k:43-43	ATTRS=function,total	syntax ValSeq ::= dPutK(ValSeq, Val) [function, total]
0381	RULE	reference-semantics/semantics/dict.k:44-44	ATTRS=-	rule dPutK(KS:ValSeq, K:Val) => KS                                  requires dHasKey(KS, K)
0382	RULE	reference-semantics/semantics/dict.k:45-45	ATTRS=-	rule dPutK(KS:ValSeq, K:Val) => valSeqConcat(KS, vCons(K, .ValSeq)) requires notBool dHasKey(KS, K)
0383	SYNTAX	reference-semantics/semantics/dict.k:49-49	ATTRS=function,total	syntax ValSeq ::= dPutV(ValSeq, ValSeq, Val, Val) [function, total]
0384	RULE	reference-semantics/semantics/dict.k:50-51	ATTRS=-	rule dPutV(vCons(A:Val, _:ValSeq), vCons(_:Val, VR:ValSeq), K:Val, V:Val)  => vCons(V, VR) requires A ==K K
0385	RULE	reference-semantics/semantics/dict.k:52-53	ATTRS=-	rule dPutV(vCons(A:Val, KR:ValSeq), vCons(B:Val, VR:ValSeq), K:Val, V:Val) => vCons(B, dPutV(KR, VR, K, V)) requires notBool (A ==K K)
0386	RULE	reference-semantics/semantics/dict.k:54-54	ATTRS=owise	rule dPutV(_KS:ValSeq, VS:ValSeq, _K:Val, V:Val) => valSeqConcat(VS, vCons(V, .ValSeq)) [owise]
0387	RULE	reference-semantics/semantics/dict.k:58-60	ATTRS=priority	rule <k> #applyK(toCall(boundMethodV(dictV(KS:ValSeq, _:ValSeq), "keys")), .Vals) => #alloc(list(KS)) ... </k> [priority(40)]
0388	RULE	reference-semantics/semantics/dict.k:63-63	ATTRS=-	rule applyIndexD(dictV(KS:ValSeq, VS:ValSeq), K:Val) => dGet(KS, VS, K)
0389	SYNTAX	reference-semantics/semantics/dict.k:64-64	ATTRS=function	syntax Val ::= applyIndexD(Val, Val) [function]
0390	RULE	reference-semantics/semantics/dict.k:65-66	ATTRS=priority	rule <k> Subscript(dictV(KS:ValSeq, VS:ValSeq), K:Val) => applyIndexD(dictV(KS, VS), K) ... </k> [priority(45)]
0391	SYNTAX	reference-semantics/semantics/dict.k:70-70	ATTRS=function	syntax Val ::= dictSet(Val, Val, Val) [function]
0392	RULE	reference-semantics/semantics/dict.k:71-71	ATTRS=-	rule dictSet(dictV(KS:ValSeq, VS:ValSeq), K:Val, V:Val) => dictV(dPutK(KS, K), dPutV(KS, VS, K, V))
0393	SYNTAX	reference-semantics/semantics/dict.k:76-76	ATTRS=-	syntax KItem ::= #dsetK(String, Val)
0394	RULE	reference-semantics/semantics/dict.k:77-77	ATTRS=-	rule <k> Assign(Subscript(Name(X:String), K:Expr), VV:Val) => K ~> #dsetK(X, VV) ... </k>
0395	RULE	reference-semantics/semantics/dict.k:78-81	ATTRS=-	rule <k> KV:Val ~> #dsetK(X:String, VV:Val) => .K ... </k> <env> L:Int </env> <scopes> ... L |-> scope(M:Map => M [ X <- dictSet({M[X]}:>Val, KV, VV) ], _) ... </scopes> requires X in_keys(M) andBool notBool isRefV({M[X]}:>Val)
0396	RULE	reference-semantics/semantics/dict.k:82-85	ATTRS=-	rule <k> KV:Val ~> #dsetK(X:String, VV:Val) => #dsetV({M[X]}:>Val, KV, VV) ... </k> <env> L:Int </env> <scopes> ... L |-> scope(M:Map, _) ... </scopes> requires X in_keys(M) andBool isRefV({M[X]}:>Val)
0397	SYNTAX	reference-semantics/semantics/dict.k:86-86	ATTRS=-	syntax KItem ::= #dsetV(Val, Val, Val)
0398	RULE	reference-semantics/semantics/dict.k:87-88	ATTRS=-	rule <k> #dsetV(ref(H:Int), I:Int, VV:Val) => .K ... </k> <heap> ... H |-> list(VS:ValSeq => setVSAt(VS, normIdxD(I, vsLen(VS)), VV)) ... </heap>
0399	SYNTAX	reference-semantics/semantics/dict.k:90-90	ATTRS=function,total	syntax Int ::= normIdxD(Int, Int) [function, total]
0400	RULE	reference-semantics/semantics/dict.k:91-91	ATTRS=-	rule normIdxD(I:Int, LEN:Int) => I +Int LEN requires I  <Int 0
0401	RULE	reference-semantics/semantics/dict.k:92-92	ATTRS=-	rule normIdxD(I:Int, _:Int)   => I          requires I >=Int 0
0402	RULE	reference-semantics/semantics/dict.k:95-96	ATTRS=-	rule applyCmp("==", dictV(KS1:ValSeq, VS1:ValSeq), dictV(KS2:ValSeq, VS2:ValSeq)) => (vsLen(KS1) ==Int vsLen(KS2)) andBool dSubset(KS1, VS1, KS2, VS2)
0403	SYNTAX	reference-semantics/semantics/dict.k:97-97	ATTRS=function	syntax Bool ::= dSubset(ValSeq, ValSeq, ValSeq, ValSeq) [function]
0404	RULE	reference-semantics/semantics/dict.k:98-98	ATTRS=-	rule dSubset(.ValSeq, .ValSeq, _:ValSeq, _:ValSeq) => true
0405	RULE	reference-semantics/semantics/dict.k:99-100	ATTRS=-	rule dSubset(vCons(K:Val, KR:ValSeq), vCons(V:Val, VR:ValSeq), KS2:ValSeq, VS2:ValSeq) => dHasKey(KS2, K) andBool (dGet(KS2, VS2, K) ==K V) andBool dSubset(KR, VR, KS2, VS2)
0406	SYNTAX	reference-semantics/semantics/dict.k:101-101	ATTRS=function	syntax Val ::= dGet(ValSeq, ValSeq, Val) [function]
0407	RULE	reference-semantics/semantics/dict.k:102-102	ATTRS=-	rule dGet(vCons(A:Val, _:ValSeq), vCons(B:Val, _:ValSeq), K:Val) => B                requires A ==K K
0408	RULE	reference-semantics/semantics/dict.k:103-103	ATTRS=-	rule dGet(vCons(A:Val, KR:ValSeq), vCons(_:Val, VR:ValSeq), K:Val) => dGet(KR, VR, K) requires notBool (A ==K K)

## reference-semantics/semantics/float.k

Sentence count: 155

0409	SYNTAX	reference-semantics/semantics/float.k:20-20	ATTRS=-	syntax Val ::= Float
0410	RULE	reference-semantics/semantics/float.k:21-21	ATTRS=-	rule <k> Float(F:Float) => F ... </k>
0411	SYNTAX	reference-semantics/semantics/float.k:24-24	ATTRS=function,total,no-evaluators,symbol	syntax Float ::= intFloatDiv(Int, Float) [function, total, symbol(intFloatDiv), no-evaluators]
0412	RULE	reference-semantics/semantics/float.k:25-25	ATTRS=concrete	rule intFloatDiv(I:Int, F:Float) => Int2Float(I, 53, 11) /Float F [concrete]
0413	RULE	reference-semantics/semantics/float.k:27-27	ATTRS=-	rule applyBin("/", I:Int, F:Float) => intFloatDiv(I, F)
0414	SYNTAX	reference-semantics/semantics/float.k:30-30	ATTRS=function,total,no-evaluators,symbol	syntax Float ::= divII(Int, Int) [function, total, symbol(divII), no-evaluators]
0415	RULE	reference-semantics/semantics/float.k:31-31	ATTRS=concrete	rule divII(I1:Int, I2:Int) => Int2Float(I1, 53, 11) /Float Int2Float(I2, 53, 11) [concrete]
0416	RULE	reference-semantics/semantics/float.k:32-32	ATTRS=-	rule applyBin("/", I1:Int, I2:Int) => divII(I1, I2)
0417	SYNTAX	reference-semantics/semantics/float.k:37-37	ATTRS=function,total,no-evaluators,symbol	syntax Float ::= floatMod(Float, Float) [function, total, symbol(floatMod), no-evaluators]
0418	RULE	reference-semantics/semantics/float.k:38-38	ATTRS=concrete	rule floatMod(F1:Float, F2:Float) => F1 -Float (floorFloat(F1 /Float F2) *Float F2) [concrete]
0419	RULE	reference-semantics/semantics/float.k:39-39	ATTRS=-	rule applyBin("%", F1:Float, F2:Float) => floatMod(F1, F2)
0420	RULE	reference-semantics/semantics/float.k:43-43	ATTRS=-	rule applyCmp("==", F1:Float, F2:Float) => F1 ==Float F2
0421	RULE	reference-semantics/semantics/float.k:44-44	ATTRS=-	rule applyCmp("!=", F1:Float, F2:Float) => notBool (F1 ==Float F2)
0422	SYNTAX	reference-semantics/semantics/float.k:50-50	ATTRS=function,total,no-evaluators,symbol	syntax Bool ::= floatLt(Float, Float) [function, total, symbol(floatLt), no-evaluators]
0423	RULE	reference-semantics/semantics/float.k:51-51	ATTRS=concrete	rule floatLt(F1:Float, F2:Float) => F1 <Float F2 [concrete]
0424	RULE	reference-semantics/semantics/float.k:52-52	ATTRS=-	rule applyCmp("<", F1:Float, F2:Float) => floatLt(F1, F2)
0425	SYNTAX	reference-semantics/semantics/float.k:54-54	ATTRS=function,total,no-evaluators,symbol	syntax Float ::= absF(Float) [function, total, symbol(absF), no-evaluators]
0426	RULE	reference-semantics/semantics/float.k:55-55	ATTRS=concrete	rule absF(F:Float) => absFloat(F) [concrete]
0427	RULE	reference-semantics/semantics/float.k:56-56	ATTRS=-	rule applyBuiltin("abs", F:Float, .Vals) => absF(F)
0428	RULE	reference-semantics/semantics/float.k:61-61	ATTRS=-	rule <k> Import(_:String) => .K ... </k>
0429	SYNTAX	reference-semantics/semantics/float.k:65-65	ATTRS=-	syntax KItem ::= "#mathCeil"
0430	RULE	reference-semantics/semantics/float.k:66-66	ATTRS=priority	rule <k> Call(Attribute(Name("math"), "ceil"), (E:Expr, .Exprs)) => E ~> #mathCeil ... </k> [priority(40)]
0431	RULE	reference-semantics/semantics/float.k:67-67	ATTRS=-	rule <k> V:Val ~> #mathCeil => ceilF(V) ... </k>
0432	SYNTAX	reference-semantics/semantics/float.k:70-70	ATTRS=-	syntax KItem ::= "#mathFloor"
0433	RULE	reference-semantics/semantics/float.k:71-71	ATTRS=priority	rule <k> Call(Attribute(Name("math"), "floor"), (E:Expr, .Exprs)) => E ~> #mathFloor ... </k> [priority(40)]
0434	RULE	reference-semantics/semantics/float.k:72-72	ATTRS=-	rule <k> V:Val ~> #mathFloor => floorFI(V) ... </k>
0435	SYNTAX	reference-semantics/semantics/float.k:73-73	ATTRS=function,total,symbol	syntax Int ::= floorFI(Val) [function, total, symbol(floorFI)]
0436	RULE	reference-semantics/semantics/float.k:74-74	ATTRS=concrete	rule floorFI(I:Int)   => I                        [concrete]
0437	RULE	reference-semantics/semantics/float.k:75-75	ATTRS=concrete	rule floorFI(F:Float) => Float2Int(floorFloat(F)) [concrete]
0438	RULE	reference-semantics/semantics/float.k:78-78	ATTRS=-	rule applyBuiltin("floor", V:Val, .Vals) => floorFI(V)
0439	RULE	reference-semantics/semantics/float.k:79-79	ATTRS=-	rule applyBuiltin("ceil",  V:Val, .Vals) => ceilF(V)
0440	SYNTAX	reference-semantics/semantics/float.k:82-82	ATTRS=-	syntax KItem ::= #mathPow1(Expr) | #mathPow2(Val)
0441	RULE	reference-semantics/semantics/float.k:83-83	ATTRS=priority	rule <k> Call(Attribute(Name("math"), "pow"), (E1:Expr, E2:Expr, .Exprs)) => E1 ~> #mathPow1(E2) ... </k> [priority(40)]
0442	RULE	reference-semantics/semantics/float.k:84-84	ATTRS=-	rule <k> V1:Val ~> #mathPow1(E2:Expr) => E2 ~> #mathPow2(V1) ... </k>
0443	RULE	reference-semantics/semantics/float.k:85-85	ATTRS=-	rule <k> V2:Val ~> #mathPow2(V1:Val) => powF(toF(V1), toF(V2)) ... </k>
0444	SYNTAX	reference-semantics/semantics/float.k:86-86	ATTRS=function,total,symbol	syntax Float ::= toF(Val) [function, total, symbol(toF)]
0445	RULE	reference-semantics/semantics/float.k:87-87	ATTRS=concrete	rule toF(F:Float) => F        [concrete]
0446	RULE	reference-semantics/semantics/float.k:88-88	ATTRS=concrete	rule toF(I:Int)   => intToF(I) [concrete]
0447	SYNTAX	reference-semantics/semantics/float.k:93-93	ATTRS=function,total,symbol	syntax Int ::= ceilF(Val) [function, total, symbol(ceilF)]
0448	RULE	reference-semantics/semantics/float.k:94-94	ATTRS=concrete	rule ceilF(I:Int)   => I                       [concrete]
0449	RULE	reference-semantics/semantics/float.k:95-95	ATTRS=concrete	rule ceilF(F:Float) => Float2Int(ceilFloat(F)) [concrete]
0450	RULE	reference-semantics/semantics/float.k:99-99	ATTRS=-	rule applyUn("-", F:Float) => 0.0 -Float F
0451	SYNTAX	reference-semantics/semantics/float.k:103-103	ATTRS=function,total,no-evaluators,symbol	syntax Float ::= subF(Float, Float) [function, total, symbol(subF), no-evaluators]
0452	RULE	reference-semantics/semantics/float.k:104-104	ATTRS=concrete	rule subF(F1:Float, F2:Float) => F1 -Float F2 [concrete]
0453	RULE	reference-semantics/semantics/float.k:105-105	ATTRS=-	rule applyBin("-", F1:Float, F2:Float) => subF(F1, F2)
0454	SYNTAX	reference-semantics/semantics/float.k:107-107	ATTRS=function,total,no-evaluators,symbol	syntax Float ::= divF(Float, Float) [function, total, symbol(divF), no-evaluators]
0455	RULE	reference-semantics/semantics/float.k:108-108	ATTRS=concrete	rule divF(F1:Float, F2:Float) => F1 /Float F2 [concrete]
0456	RULE	reference-semantics/semantics/float.k:109-109	ATTRS=-	rule applyBin("/", F1:Float, F2:Float) => divF(F1, F2)
0457	SYNTAX	reference-semantics/semantics/float.k:111-111	ATTRS=function,total,no-evaluators,symbol	syntax Float ::= addF(Float, Float) [function, total, symbol(addF), no-evaluators]
0458	RULE	reference-semantics/semantics/float.k:112-112	ATTRS=concrete	rule addF(F1:Float, F2:Float) => F1 +Float F2 [concrete]
0459	RULE	reference-semantics/semantics/float.k:113-113	ATTRS=-	rule applyBin("+", F1:Float, F2:Float) => addF(F1, F2)
0460	SYNTAX	reference-semantics/semantics/float.k:115-115	ATTRS=function,total,no-evaluators,symbol	syntax Float ::= mulF(Float, Float) [function, total, symbol(mulF), no-evaluators]
0461	RULE	reference-semantics/semantics/float.k:116-116	ATTRS=concrete	rule mulF(F1:Float, F2:Float) => F1 *Float F2 [concrete]
0462	RULE	reference-semantics/semantics/float.k:117-117	ATTRS=-	rule applyBin("*", F1:Float, F2:Float) => mulF(F1, F2)
0463	SYNTAX	reference-semantics/semantics/float.k:119-119	ATTRS=function,total,no-evaluators,symbol	syntax Float ::= powF(Float, Float) [function, total, symbol(powF), no-evaluators]
0464	RULE	reference-semantics/semantics/float.k:120-120	ATTRS=concrete	rule powF(F1:Float, F2:Float) => F1 ^Float F2 [concrete]
0465	RULE	reference-semantics/semantics/float.k:121-121	ATTRS=-	rule applyBin("**", F1:Float, F2:Float) => powF(F1, F2)
0466	SYNTAX	reference-semantics/semantics/float.k:125-125	ATTRS=function,total,no-evaluators,symbol	syntax Bool ::= gtF(Float, Float) [function, total, symbol(gtF), no-evaluators]
0467	RULE	reference-semantics/semantics/float.k:126-126	ATTRS=concrete	rule gtF(F1:Float, F2:Float) => F1 >Float F2 [concrete]
0468	RULE	reference-semantics/semantics/float.k:127-127	ATTRS=-	rule applyCmp(">",  F1:Float, F2:Float) => gtF(F1, F2)
0469	RULE	reference-semantics/semantics/float.k:128-128	ATTRS=-	rule applyCmp(">=", F1:Float, F2:Float) => notBool floatLt(F1, F2)
0470	RULE	reference-semantics/semantics/float.k:129-129	ATTRS=-	rule applyCmp("<=", F1:Float, F2:Float) => notBool gtF(F1, F2)
0471	RULE	reference-semantics/semantics/float.k:132-132	ATTRS=-	rule applyBin("**", I:Int, F:Float) => powF(intToF(I), F)
0472	RULE	reference-semantics/semantics/float.k:133-133	ATTRS=-	rule applyBin("**", F:Float, I:Int) => powF(F, intToF(I))
0473	RULE	reference-semantics/semantics/float.k:134-134	ATTRS=-	rule applyBin("-",  I:Int, F:Float) => subF(intToF(I), F)
0474	RULE	reference-semantics/semantics/float.k:135-135	ATTRS=-	rule applyBin("-",  F:Float, I:Int) => subF(F, intToF(I))
0475	RULE	reference-semantics/semantics/float.k:136-136	ATTRS=-	rule applyBin("+",  I:Int, F:Float) => addF(intToF(I), F)
0476	RULE	reference-semantics/semantics/float.k:137-137	ATTRS=-	rule applyBin("+",  F:Float, I:Int) => addF(F, intToF(I))
0477	RULE	reference-semantics/semantics/float.k:138-138	ATTRS=-	rule applyBin("*",  I:Int, F:Float) => mulF(intToF(I), F)
0478	RULE	reference-semantics/semantics/float.k:139-139	ATTRS=-	rule applyBin("*",  F:Float, I:Int) => mulF(F, intToF(I))
0479	SYNTAX	reference-semantics/semantics/float.k:142-142	ATTRS=function,total,no-evaluators,symbol	syntax Bool ::= eqF(Float, Float) [function, total, symbol(eqF), no-evaluators]
0480	RULE	reference-semantics/semantics/float.k:143-143	ATTRS=concrete	rule eqF(F1:Float, F2:Float) => F1 ==Float F2 [concrete]
0481	RULE	reference-semantics/semantics/float.k:144-144	ATTRS=-	rule applyCmp("==", I:Int, F:Float) => eqF(intToF(I), F)
0482	RULE	reference-semantics/semantics/float.k:145-145	ATTRS=-	rule applyCmp("==", F:Float, I:Int) => eqF(F, intToF(I))
0483	RULE	reference-semantics/semantics/float.k:146-146	ATTRS=-	rule applyCmp("!=", I:Int, F:Float) => notBool eqF(intToF(I), F)
0484	RULE	reference-semantics/semantics/float.k:147-147	ATTRS=-	rule applyCmp("!=", F:Float, I:Int) => notBool eqF(F, intToF(I))
0485	RULE	reference-semantics/semantics/float.k:148-148	ATTRS=-	rule applyCmp("<",  I:Int, F:Float) => floatLt(intToF(I), F)
0486	RULE	reference-semantics/semantics/float.k:149-149	ATTRS=-	rule applyCmp("<",  F:Float, I:Int) => floatLt(F, intToF(I))
0487	RULE	reference-semantics/semantics/float.k:150-150	ATTRS=-	rule applyCmp(">",  I:Int, F:Float) => gtF(intToF(I), F)
0488	RULE	reference-semantics/semantics/float.k:151-151	ATTRS=-	rule applyCmp(">",  F:Float, I:Int) => gtF(F, intToF(I))
0489	RULE	reference-semantics/semantics/float.k:154-154	ATTRS=-	rule applyCmp("==", V:Val, noneV) => V ==K noneV
0490	RULE	reference-semantics/semantics/float.k:155-155	ATTRS=-	rule applyCmp("!=", V:Val, noneV) => notBool (V ==K noneV)
0491	SYNTAX	reference-semantics/semantics/float.k:160-160	ATTRS=function,total,no-evaluators,symbol	syntax Float ::= decStrToF(IntSeq) [function, total, symbol(decStrToF), no-evaluators]
0492	RULE	reference-semantics/semantics/float.k:161-161	ATTRS=concrete	rule decStrToF(iCons(45, CS:IntSeq)) => 0.0 -Float decStrToF(CS) [concrete]
0493	RULE	reference-semantics/semantics/float.k:162-164	ATTRS=concrete	rule decStrToF(CS:IntSeq) => intToF(intPart(CS)) +Float (intToF(fracPart(CS)) /Float intToF(fracScale(CS))) requires isLen(CS) >Int 0 andBool headIS(CS) =/=Int 45 [concrete]
0494	SYNTAX	reference-semantics/semantics/float.k:165-165	ATTRS=function	syntax Int ::= headIS(IntSeq) [function]
0495	RULE	reference-semantics/semantics/float.k:166-166	ATTRS=-	rule headIS(iCons(C:Int, _:IntSeq)) => C
0496	SYNTAX	reference-semantics/semantics/float.k:167-167	ATTRS=function,total	syntax Int ::= intPart(IntSeq) [function, total] | intPartAcc(IntSeq, Int) [function, total]
0497	RULE	reference-semantics/semantics/float.k:168-168	ATTRS=-	rule intPart(CS:IntSeq) => intPartAcc(CS, 0)
0498	RULE	reference-semantics/semantics/float.k:169-169	ATTRS=-	rule intPartAcc(.IntSeq, A:Int) => A
0499	RULE	reference-semantics/semantics/float.k:170-170	ATTRS=-	rule intPartAcc(iCons(46, _:IntSeq), A:Int) => A
0500	RULE	reference-semantics/semantics/float.k:171-172	ATTRS=-	rule intPartAcc(iCons(C:Int, R:IntSeq), A:Int) => intPartAcc(R, A *Int 10 +Int (C -Int 48)) requires C =/=Int 46
0501	SYNTAX	reference-semantics/semantics/float.k:173-173	ATTRS=function,total	syntax Int ::= fracPart(IntSeq) [function, total] | fracAcc(IntSeq, Int) [function, total]
0502	RULE	reference-semantics/semantics/float.k:174-174	ATTRS=-	rule fracPart(.IntSeq) => 0
0503	RULE	reference-semantics/semantics/float.k:175-175	ATTRS=-	rule fracPart(iCons(46, R:IntSeq)) => fracAcc(R, 0)
0504	RULE	reference-semantics/semantics/float.k:176-176	ATTRS=-	rule fracPart(iCons(C:Int, R:IntSeq)) => fracPart(R) requires C =/=Int 46
0505	RULE	reference-semantics/semantics/float.k:177-177	ATTRS=-	rule fracAcc(.IntSeq, A:Int) => A
0506	RULE	reference-semantics/semantics/float.k:178-178	ATTRS=-	rule fracAcc(iCons(C:Int, R:IntSeq), A:Int) => fracAcc(R, A *Int 10 +Int (C -Int 48))
0507	SYNTAX	reference-semantics/semantics/float.k:179-179	ATTRS=function,total	syntax Int ::= fracScale(IntSeq) [function, total] | fscAcc(IntSeq, Int) [function, total]
0508	RULE	reference-semantics/semantics/float.k:180-180	ATTRS=-	rule fracScale(.IntSeq) => 1
0509	RULE	reference-semantics/semantics/float.k:181-181	ATTRS=-	rule fracScale(iCons(46, R:IntSeq)) => fscAcc(R, 1)
0510	RULE	reference-semantics/semantics/float.k:182-182	ATTRS=-	rule fracScale(iCons(C:Int, R:IntSeq)) => fracScale(R) requires C =/=Int 46
0511	RULE	reference-semantics/semantics/float.k:183-183	ATTRS=-	rule fscAcc(.IntSeq, A:Int) => A
0512	RULE	reference-semantics/semantics/float.k:184-184	ATTRS=-	rule fscAcc(iCons(_:Int, R:IntSeq), A:Int) => fscAcc(R, A *Int 10)
0513	RULE	reference-semantics/semantics/float.k:185-185	ATTRS=-	rule applyBuiltin("float", str(CS:IntSeq), .Vals) => decStrToF(CS)
0514	RULE	reference-semantics/semantics/float.k:186-186	ATTRS=-	rule applyBuiltin("float", I:Int, .Vals)          => intToF(I)
0515	RULE	reference-semantics/semantics/float.k:187-187	ATTRS=-	rule applyBuiltin("float", F:Float, .Vals)        => F
0516	SYNTAX	reference-semantics/semantics/float.k:190-190	ATTRS=function,total,no-evaluators,symbol	syntax Float ::= divFloatIntV(Float, Int) [function, total, symbol(divFloatIntV), no-evaluators]
0517	RULE	reference-semantics/semantics/float.k:191-191	ATTRS=concrete	rule divFloatIntV(F:Float, I:Int) => F /Float Int2Float(I, 53, 11) [concrete]
0518	RULE	reference-semantics/semantics/float.k:192-192	ATTRS=-	rule applyBin("/", F:Float, I:Int) => divFloatIntV(F, I)
0519	SYNTAX	reference-semantics/semantics/float.k:195-195	ATTRS=function,total,no-evaluators,symbol	syntax Float ::= intToF(Int) [function, total, symbol(intToF), no-evaluators]
0520	RULE	reference-semantics/semantics/float.k:196-196	ATTRS=concrete	rule intToF(I:Int) => Int2Float(I, 53, 11) [concrete]
0521	RULE	reference-semantics/semantics/float.k:197-197	ATTRS=-	rule applyBin("+", I:Int, F:Float) => addF(intToF(I), F)
0522	RULE	reference-semantics/semantics/float.k:198-198	ATTRS=-	rule applyBin("+", F:Float, I:Int) => addF(F, intToF(I))
0523	RULE	reference-semantics/semantics/float.k:199-199	ATTRS=-	rule applyBin("-", I:Int, F:Float) => subF(intToF(I), F)
0524	RULE	reference-semantics/semantics/float.k:200-200	ATTRS=-	rule applyBin("-", F:Float, I:Int) => subF(F, intToF(I))
0525	RULE	reference-semantics/semantics/float.k:201-201	ATTRS=-	rule applyBin("*", I:Int, F:Float) => mulF(intToF(I), F)
0526	RULE	reference-semantics/semantics/float.k:202-202	ATTRS=-	rule applyBin("*", F:Float, I:Int) => mulF(F, intToF(I))
0527	RULE	reference-semantics/semantics/float.k:203-203	ATTRS=-	rule applyCmp("<", I:Int, F:Float) => floatLt(intToF(I), F)
0528	RULE	reference-semantics/semantics/float.k:204-204	ATTRS=-	rule applyCmp("<", F:Float, I:Int) => floatLt(F, intToF(I))
0529	RULE	reference-semantics/semantics/float.k:205-205	ATTRS=-	rule applyCmp(">", I:Int, F:Float) => gtF(intToF(I), F)
0530	RULE	reference-semantics/semantics/float.k:206-206	ATTRS=-	rule applyCmp(">", F:Float, I:Int) => gtF(F, intToF(I))
0531	SYNTAX	reference-semantics/semantics/float.k:209-209	ATTRS=function,total,no-evaluators,symbol	syntax Int ::= truncF(Float) [function, total, symbol(truncF), no-evaluators]
0532	RULE	reference-semantics/semantics/float.k:210-210	ATTRS=concrete	rule truncF(F:Float) => #if F >=Float 0.0 #then Float2Int(floorFloat(F)) #else Float2Int(ceilFloat(F)) #fi [concrete]
0533	RULE	reference-semantics/semantics/float.k:211-211	ATTRS=-	rule applyBuiltin("int", F:Float, .Vals) => truncF(F)
0534	RULE	reference-semantics/semantics/float.k:213-213	ATTRS=-	rule applyBuiltin("float", I:Int, .Vals)   => intToF(I)
0535	RULE	reference-semantics/semantics/float.k:214-214	ATTRS=-	rule applyBuiltin("float", F:Float, .Vals) => F
0536	SYNTAX	reference-semantics/semantics/float.k:217-217	ATTRS=function,total,no-evaluators,symbol	syntax Int ::= roundF(Float) [function, total, symbol(roundF), no-evaluators]
0537	RULE	reference-semantics/semantics/float.k:218-222	ATTRS=concrete	rule roundF(F:Float) => #if (F -Float floorFloat(F)) ==Float 0.5 #then (#if Float2Int(floorFloat(F)) %Int 2 ==Int 0 #then Float2Int(floorFloat(F)) #else Float2Int(ceilFloat(F)) #fi) #else Float2Int(floorFloat(F +Float 0.5)) #fi [concrete]
0538	SYNTAX	reference-semantics/semantics/float.k:223-223	ATTRS=function,total,no-evaluators,symbol	syntax Float ::= roundFN(Float, Int) [function, total, symbol(roundFN), no-evaluators]
0539	RULE	reference-semantics/semantics/float.k:224-226	ATTRS=concrete	rule roundFN(F:Float, N:Int) => Int2Float(roundF(F *Float Int2Float(10 ^Int N, 53, 11)), 53, 11) /Float Int2Float(10 ^Int N, 53, 11) [concrete]
0540	RULE	reference-semantics/semantics/float.k:227-227	ATTRS=-	rule applyBuiltin("round", F:Float, .Vals)        => roundF(F)
0541	RULE	reference-semantics/semantics/float.k:228-228	ATTRS=-	rule applyBuiltin("round", F:Float, N:Int, .Vals) => roundFN(F, N)
0542	SYNTAX	reference-semantics/semantics/float.k:230-230	ATTRS=function,total,no-evaluators,symbol	syntax Float ::= sqrtF(Float) [function, total, symbol(sqrtF), no-evaluators]
0543	RULE	reference-semantics/semantics/float.k:231-231	ATTRS=concrete	rule sqrtF(F:Float) => sqrtFloat(F) [concrete]
0544	SYNTAX	reference-semantics/semantics/float.k:232-232	ATTRS=-	syntax KItem ::= "#mathSqrt"
0545	RULE	reference-semantics/semantics/float.k:233-233	ATTRS=priority	rule <k> Call(Attribute(Name("math"), "sqrt"), (E:Expr, .Exprs)) => E ~> #mathSqrt ... </k> [priority(40)]
0546	RULE	reference-semantics/semantics/float.k:234-234	ATTRS=-	rule <k> F:Float ~> #mathSqrt => sqrtF(F) ... </k>
0547	RULE	reference-semantics/semantics/float.k:235-235	ATTRS=-	rule <k> I:Int ~> #mathSqrt => sqrtF(intToF(I)) ... </k>
0548	SYNTAX	reference-semantics/semantics/float.k:243-243	ATTRS=-	syntax KItem ::= #maxAccF(Iterable, Float) | #maxContF(Float)
0549	RULE	reference-semantics/semantics/float.k:244-244	ATTRS=-	rule <k> #iterYield(V:Val, R:Iterable) ~> #maxCont0 => #maxAccF(R, {V}:>Float) ... </k> requires isFloat(V)
0550	RULE	reference-semantics/semantics/float.k:245-245	ATTRS=-	rule <k> #maxAccF(IT:Iterable, M:Float) => #iterNext(IT) ~> #maxContF(M) ... </k>
0551	RULE	reference-semantics/semantics/float.k:246-246	ATTRS=-	rule <k> #iterDone ~> #maxContF(M:Float) => M ... </k>
0552	RULE	reference-semantics/semantics/float.k:247-248	ATTRS=-	rule <k> #iterYield(V:Val, R:Iterable) ~> #maxContF(M:Float) => #maxAccF(R, maxFloat(M, {V}:>Float)) ... </k> requires isFloat(V)
0553	SYNTAX	reference-semantics/semantics/float.k:250-250	ATTRS=-	syntax KItem ::= #minAccF(Iterable, Float) | #minContF(Float)
0554	RULE	reference-semantics/semantics/float.k:251-251	ATTRS=-	rule <k> #iterYield(V:Val, R:Iterable) ~> #minCont0 => #minAccF(R, {V}:>Float) ... </k> requires isFloat(V)
0555	RULE	reference-semantics/semantics/float.k:252-252	ATTRS=-	rule <k> #minAccF(IT:Iterable, M:Float) => #iterNext(IT) ~> #minContF(M) ... </k>
0556	RULE	reference-semantics/semantics/float.k:253-253	ATTRS=-	rule <k> #iterDone ~> #minContF(M:Float) => M ... </k>
0557	RULE	reference-semantics/semantics/float.k:254-255	ATTRS=-	rule <k> #iterYield(V:Val, R:Iterable) ~> #minContF(M:Float) => #minAccF(R, minFloat(M, {V}:>Float)) ... </k> requires isFloat(V)
0558	SYNTAX	reference-semantics/semantics/float.k:261-261	ATTRS=-	syntax KItem ::= #sumAccF(Iterable, Float) | #sumContF(Float)
0559	RULE	reference-semantics/semantics/float.k:262-264	ATTRS=-	rule <k> #iterYield(V:Val, R:Iterable) ~> #sumCont(ACC:Int) => #sumAccF(R, addF(intToF(ACC), {V}:>Float)) ... </k> requires isFloat(V) andBool notBool (isInt(V) orBool isBool(V))
0560	RULE	reference-semantics/semantics/float.k:265-265	ATTRS=-	rule <k> #sumAccF(IT:Iterable, ACC:Float) => #iterNext(IT) ~> #sumContF(ACC) ... </k>
0561	RULE	reference-semantics/semantics/float.k:266-266	ATTRS=-	rule <k> #iterDone ~> #sumContF(ACC:Float) => ACC ... </k>
0562	RULE	reference-semantics/semantics/float.k:267-269	ATTRS=-	rule <k> #iterYield(V:Val, R:Iterable) ~> #sumContF(ACC:Float) => #sumAccF(R, addF(ACC, {V}:>Float)) ... </k> requires isFloat(V)
0563	RULE	reference-semantics/semantics/float.k:270-272	ATTRS=-	rule <k> #iterYield(V:Val, R:Iterable) ~> #sumContF(ACC:Float) => #sumAccF(R, addF(ACC, intToF(intOf(V)))) ... </k> requires isInt(V) orBool isBool(V)

## reference-semantics/semantics/functions.k

Sentence count: 19

0564	SYNTAX	reference-semantics/semantics/functions.k:8-11	ATTRS=-	syntax KItem ::= frame(continuation: K, callerEnv: Int, savedLoc: Int) | #bindP(ParamNames, Vals) | "#pop" | "#endcall"
0565	RULE	reference-semantics/semantics/functions.k:14-16	ATTRS=-	rule <k> FuncDef(F:String, Params(PNS:ParamNames), BODY:Stmts) => .K ... </k> <env> L:Int </env> <scopes> ... L |-> scope(M:Map => M [ F <- closureVal(PNS, BODY, L) ], _) ... </scopes>
0566	SYNTAX	reference-semantics/semantics/functions.k:18-18	ATTRS=-	syntax Expr ::= closureExpr(ParamNames, Stmts)
0567	RULE	reference-semantics/semantics/functions.k:19-20	ATTRS=-	rule <k> closureExpr(PNS:ParamNames, BODY:Stmts) => closureVal(PNS, BODY, L) ... </k> <env> L:Int </env>
0568	SYNTAX	reference-semantics/semantics/functions.k:27-27	ATTRS=-	syntax Val ::= closureValC(ParamNames, ParamNames, Stmts, Map)
0569	SYNTAX	reference-semantics/semantics/functions.k:31-32	ATTRS=-	syntax KItem ::= #mkClosure(String, ParamNames, ParamNames, ParamNames, Stmts, Map) | #mkLambda(ParamNames, ParamNames, ParamNames, Stmts, Map)
0570	RULE	reference-semantics/semantics/functions.k:33-35	ATTRS=-	rule <k> FuncDef(F:String, Params(PNS:ParamNames), CellVars(CVS:ParamNames), FreeVars(FVS:ParamNames), BODY:Stmts) => #mkClosure(F, PNS, CVS, FVS, BODY, .Map) ... </k>
0571	RULE	reference-semantics/semantics/functions.k:36-41	ATTRS=-	rule <k> #mkClosure(F:String, PNS:ParamNames, CVS:ParamNames, (FV:String, FVR:ParamNames), BODY:Stmts, CM:Map) => #mkClosure(F, PNS, CVS, FVR, BODY, CM [ FV <- {M[FV]}:>Val ]) ... </k> <env> L:Int </env> <scopes> ... L |-> scope(M:Map, _) ... </scopes> requires FV in_keys(M)
0572	RULE	reference-semantics/semantics/functions.k:42-45	ATTRS=-	rule <k> #mkClosure(F:String, PNS:ParamNames, CVS:ParamNames, .ParamNames, BODY:Stmts, CM:Map) => .K ... </k> <env> L:Int </env> <scopes> ... L |-> scope(M:Map => M [ F <- closureValC(PNS, CVS, BODY, CM) ], _) ... </scopes>
0573	RULE	reference-semantics/semantics/functions.k:47-49	ATTRS=-	rule <k> Lambda(Params(PNS:ParamNames), E:Expr) => closureVal(PNS, Return(E) .Stmts, L) ... </k> <env> L:Int </env>
0574	RULE	reference-semantics/semantics/functions.k:50-52	ATTRS=-	rule <k> Lambda(Params(PNS:ParamNames), CellVars(CVS:ParamNames), FreeVars(FVS:ParamNames), E:Expr) => #mkLambda(PNS, CVS, FVS, Return(E) .Stmts, .Map) ... </k>
0575	RULE	reference-semantics/semantics/functions.k:53-58	ATTRS=-	rule <k> #mkLambda(PNS:ParamNames, CVS:ParamNames, (FV:String, FVR:ParamNames), BODY:Stmts, CM:Map) => #mkLambda(PNS, CVS, FVR, BODY, CM [ FV <- {M[FV]}:>Val ]) ... </k> <env> L:Int </env> <scopes> ... L |-> scope(M:Map, _) ... </scopes> requires FV in_keys(M)
0576	RULE	reference-semantics/semantics/functions.k:59-60	ATTRS=-	rule <k> #mkLambda(PNS:ParamNames, CVS:ParamNames, .ParamNames, BODY:Stmts, CM:Map) => closureValC(PNS, CVS, BODY, CM) ... </k>
0577	RULE	reference-semantics/semantics/functions.k:63-63	ATTRS=-	rule <k> #bindP(.ParamNames, .Vals) => .K ... </k>
0578	RULE	reference-semantics/semantics/functions.k:64-66	ATTRS=-	rule <k> #bindP((P:String, PS:ParamNames), (V:Val, VS:Vals)) => #bindP(PS, VS) ... </k> <env> L:Int </env> <scopes> ... L |-> scope(M:Map => M [ P <- V ], _) ... </scopes>
0579	RULE	reference-semantics/semantics/functions.k:68-75	ATTRS=priority	rule <k> #bindP((P:String, PS:ParamNames), (V:Val, VS:Vals)) => #cellW({M[P]}:>Val, V) ~> #bindP(PS, VS) ... </k> <env> L:Int </env> <scopes> ... L |-> scope(M:Map, _) ... </scopes> requires "$cells" in_keys(M) andBool pnMember(P, cellsOf({M["$cells"]}:>Val)) andBool P in_keys(M) andBool isCellRef({M[P]}:>Val) [priority(40)]
0580	RULE	reference-semantics/semantics/functions.k:78-79	ATTRS=-	rule <k> Return(V:Val) ~> _ => #pop </k> <ret> noRet => retV(V) </ret>
0581	RULE	reference-semantics/semantics/functions.k:80-81	ATTRS=-	rule <k> #endcall => #pop ... </k> <ret> noRet => retV(noneV) </ret>
0582	RULE	reference-semantics/semantics/functions.k:85-90	ATTRS=-	rule <k> #pop => V ~> CONT </k> <ret>   retV(V) => noRet </ret> <stack> ListItem(frame(CONT:K, CALLERL:Int, SAVEDL:Int)) => .List ... </stack> <env>   L:Int => CALLERL </env> <scopes> SC:Map => SC [ L <- undef ] </scopes> <scopeLoc> _ => SAVEDL </scopeLoc>

## reference-semantics/semantics/int.k

Sentence count: 17

0583	RULE	reference-semantics/semantics/int.k:7-7	ATTRS=-	rule applyUn("-", I:Int) => 0 -Int I
0584	RULE	reference-semantics/semantics/int.k:9-9	ATTRS=-	rule applyBin("+",  I1:Int, I2:Int) => I1 +Int I2
0585	RULE	reference-semantics/semantics/int.k:11-11	ATTRS=-	rule applyBin("+",  I:Int, B:Bool) => I +Int #if B #then 1 #else 0 #fi
0586	RULE	reference-semantics/semantics/int.k:12-12	ATTRS=-	rule applyBin("+",  B:Bool, I:Int) => #if B #then 1 #else 0 #fi +Int I
0587	RULE	reference-semantics/semantics/int.k:13-13	ATTRS=-	rule applyBin("-",  I1:Int, I2:Int) => I1 -Int I2
0588	RULE	reference-semantics/semantics/int.k:14-14	ATTRS=-	rule applyBin("*",  I1:Int, I2:Int) => I1 *Int I2
0589	RULE	reference-semantics/semantics/int.k:15-15	ATTRS=-	rule applyBin("%",  I1:Int, I2:Int) => pyMod(I1, I2)
0590	RULE	reference-semantics/semantics/int.k:16-16	ATTRS=-	rule applyBin("//", I1:Int, I2:Int) => (I1 -Int pyMod(I1, I2)) /Int I2
0591	RULE	reference-semantics/semantics/int.k:17-17	ATTRS=-	rule applyBin("**", I1:Int, I2:Int) => I1 ^Int I2 requires I2 >=Int 0
0592	SYNTAX	reference-semantics/semantics/int.k:19-19	ATTRS=function	syntax Int ::= pyMod(Int, Int) [function]
0593	RULE	reference-semantics/semantics/int.k:20-20	ATTRS=-	rule pyMod(I1:Int, I2:Int) => ((I1 %Int I2) +Int I2) %Int I2
0594	RULE	reference-semantics/semantics/int.k:22-22	ATTRS=-	rule applyCmp("<",  I1:Int, I2:Int)   => I1 <Int  I2
0595	RULE	reference-semantics/semantics/int.k:23-23	ATTRS=-	rule applyCmp("<=", I1:Int, I2:Int)   => I1 <=Int I2
0596	RULE	reference-semantics/semantics/int.k:24-24	ATTRS=-	rule applyCmp(">",  I1:Int, I2:Int)   => I1 >Int  I2
0597	RULE	reference-semantics/semantics/int.k:25-25	ATTRS=-	rule applyCmp(">=", I1:Int, I2:Int)   => I1 >=Int I2
0598	RULE	reference-semantics/semantics/int.k:26-26	ATTRS=-	rule applyCmp("==", I1:Int, I2:Int)   => I1 ==Int I2
0599	RULE	reference-semantics/semantics/int.k:27-27	ATTRS=-	rule applyCmp("!=", I1:Int, I2:Int)   => I1 =/=Int I2

## reference-semantics/semantics/iter.k

Sentence count: 1

0600	SYNTAX	reference-semantics/semantics/iter.k:8-8	ATTRS=-	syntax KItem ::= #iterNext(Iterable) | "#iterDone" | #iterYield(Val, Iterable)

## reference-semantics/semantics/list.k

Sentence count: 32

0601	RULE	reference-semantics/semantics/list.k:9-9	ATTRS=-	rule <k> #iterNext(list(.ValSeq))                => #iterDone ... </k>
0602	RULE	reference-semantics/semantics/list.k:10-10	ATTRS=-	rule <k> #iterNext(list(vCons(V:Val, R:ValSeq))) => #iterYield(V, list(R)) ... </k>
0603	SYNTAX	reference-semantics/semantics/list.k:13-13	ATTRS=-	syntax ApplyK ::= "toList"
0604	RULE	reference-semantics/semantics/list.k:14-14	ATTRS=-	rule <k> ListExpr(ES:Exprs) => #evalArgs(ES, .Vals, toList) ... </k>
0605	RULE	reference-semantics/semantics/list.k:15-15	ATTRS=-	rule <k> #applyK(toList, ACC:Vals) => #alloc(list(vals2valSeq(ACC))) ... </k>
0606	SYNTAX	reference-semantics/semantics/list.k:18-18	ATTRS=function,total	syntax ValSeq ::= valSeqConcat(ValSeq, ValSeq) [function, total]
0607	RULE	reference-semantics/semantics/list.k:19-19	ATTRS=-	rule valSeqConcat(.ValSeq, T:ValSeq)                => T
0608	RULE	reference-semantics/semantics/list.k:20-20	ATTRS=-	rule valSeqConcat(vCons(V:Val, S:ValSeq), T:ValSeq) => vCons(V, valSeqConcat(S, T))
0609	RULE	reference-semantics/semantics/list.k:24-25	ATTRS=priority	rule <k> BinOp("+", list(A:ValSeq), list(B:ValSeq)) => #alloc(list(valSeqConcat(A, B))) ... </k> [priority(45)]
0610	RULE	reference-semantics/semantics/list.k:27-27	ATTRS=-	rule applyCmp("==", list(A:ValSeq), list(B:ValSeq)) => A ==K B
0611	RULE	reference-semantics/semantics/list.k:28-28	ATTRS=-	rule applyCmp("!=", list(A:ValSeq), list(B:ValSeq)) => notBool (A ==K B)
0612	SYNTAX	reference-semantics/semantics/list.k:33-33	ATTRS=function,total	syntax Bool ::= hasRefVS(ValSeq) [function, total]
0613	RULE	reference-semantics/semantics/list.k:34-34	ATTRS=-	rule hasRefVS(.ValSeq)                => false
0614	RULE	reference-semantics/semantics/list.k:35-35	ATTRS=-	rule hasRefVS(vCons(V:Val, R:ValSeq)) => isRefV(V) orBool hasRefVS(R)
0615	SYNTAX	reference-semantics/semantics/list.k:37-38	ATTRS=function	syntax Bool ::= deepEqVS(ValSeq, ValSeq, Map) [function] | deepEqV(Val, Val, Map)        [function]
0616	RULE	reference-semantics/semantics/list.k:39-39	ATTRS=-	rule deepEqVS(.ValSeq, .ValSeq, _:Map)                   => true
0617	RULE	reference-semantics/semantics/list.k:40-40	ATTRS=-	rule deepEqVS(.ValSeq, vCons(_:Val, _:ValSeq), _:Map)    => false
0618	RULE	reference-semantics/semantics/list.k:41-41	ATTRS=-	rule deepEqVS(vCons(_:Val, _:ValSeq), .ValSeq, _:Map)    => false
0619	RULE	reference-semantics/semantics/list.k:42-43	ATTRS=-	rule deepEqVS(vCons(A:Val, As:ValSeq), vCons(B:Val, Bs:ValSeq), HP:Map) => deepEqV(A, B, HP) andBool deepEqVS(As, Bs, HP)
0620	RULE	reference-semantics/semantics/list.k:45-46	ATTRS=-	rule deepEqV(ref(H:Int), B:Val, HP:Map) => deepEqV({HP[H]}:>Val, B, HP) requires H in_keys(HP)
0621	RULE	reference-semantics/semantics/list.k:47-48	ATTRS=-	rule deepEqV(A:Val, ref(H:Int), HP:Map) => deepEqV(A, {HP[H]}:>Val, HP) requires notBool isRefV(A) andBool H in_keys(HP)
0622	RULE	reference-semantics/semantics/list.k:49-49	ATTRS=-	rule deepEqV(list(A:ValSeq), list(B:ValSeq), HP:Map) => deepEqVS(A, B, HP)
0623	RULE	reference-semantics/semantics/list.k:50-50	ATTRS=owise	rule deepEqV(A:Val, B:Val, _:Map) => A ==K B [owise]
0624	RULE	reference-semantics/semantics/list.k:53-55	ATTRS=priority	rule <k> #applyK(toCall(boundMethodV(ref(H:Int), "append")), (V:Val, .Vals)) => noneV ... </k> <heap> ... H |-> list(VS:ValSeq => valSeqConcat(VS, vCons(V, .ValSeq))) ... </heap> [priority(40)]
0625	SYNTAX	reference-semantics/semantics/list.k:58-58	ATTRS=-	syntax KItem ::= #memberAcc(Val, Iterable) | #memberCont(Val) | "#notB"
0626	RULE	reference-semantics/semantics/list.k:59-59	ATTRS=-	rule <k> Compare(LV:Val, CmpOp("in",     list(VS:ValSeq))) => #memberAcc(LV, list(VS)) ... </k>
0627	RULE	reference-semantics/semantics/list.k:60-60	ATTRS=-	rule <k> Compare(LV:Val, CmpOp("not in", list(VS:ValSeq))) => #memberAcc(LV, list(VS)) ~> #notB ... </k>
0628	RULE	reference-semantics/semantics/list.k:61-61	ATTRS=-	rule <k> #memberAcc(V:Val, IT:Iterable) => #iterNext(IT) ~> #memberCont(V) ... </k>
0629	RULE	reference-semantics/semantics/list.k:62-62	ATTRS=-	rule <k> #iterDone ~> #memberCont(_V:Val) => false ... </k>
0630	RULE	reference-semantics/semantics/list.k:63-64	ATTRS=-	rule <k> #iterYield(E:Val, _:Iterable) ~> #memberCont(V:Val) => true ... </k> requires E ==K V
0631	RULE	reference-semantics/semantics/list.k:65-66	ATTRS=-	rule <k> #iterYield(E:Val, R:Iterable) ~> #memberCont(V:Val) => #memberAcc(V, R) ... </k> requires notBool (E ==K V)
0632	RULE	reference-semantics/semantics/list.k:67-67	ATTRS=-	rule <k> B:Bool ~> #notB => notBool B ... </k>

## reference-semantics/semantics/methods.k

Sentence count: 102

0633	SYNTAX	reference-semantics/semantics/methods.k:10-10	ATTRS=function	syntax Val ::= applyMethod(Val, String, Vals) [function]
0634	RULE	reference-semantics/semantics/methods.k:13-13	ATTRS=-	rule applyMethod(str(CS:IntSeq), "isupper", .Vals) => hasUpper(CS) andBool notBool hasLower(CS)
0635	RULE	reference-semantics/semantics/methods.k:14-14	ATTRS=-	rule applyMethod(str(CS:IntSeq), "islower", .Vals) => hasLower(CS) andBool notBool hasUpper(CS)
0636	RULE	reference-semantics/semantics/methods.k:15-15	ATTRS=-	rule applyMethod(str(CS:IntSeq), "isalpha", .Vals) => notBool (CS ==K .IntSeq) andBool allAlpha(CS)
0637	RULE	reference-semantics/semantics/methods.k:16-16	ATTRS=-	rule applyMethod(str(CS:IntSeq), "isdigit", .Vals) => notBool (CS ==K .IntSeq) andBool allDigit(CS)
0638	RULE	reference-semantics/semantics/methods.k:19-19	ATTRS=-	rule applyMethod(str(CS:IntSeq), "lower",    .Vals) => str(mapLower(CS))
0639	RULE	reference-semantics/semantics/methods.k:20-20	ATTRS=-	rule applyMethod(str(CS:IntSeq), "upper",    .Vals) => str(mapUpper(CS))
0640	RULE	reference-semantics/semantics/methods.k:21-21	ATTRS=-	rule applyMethod(str(CS:IntSeq), "swapcase", .Vals) => str(mapSwap(CS))
0641	RULE	reference-semantics/semantics/methods.k:26-26	ATTRS=-	rule applyMethod(str(SEP:IntSeq), "join", list(VS:ValSeq), .Vals) => str(joinCodes(SEP, VS))
0642	SYNTAX	reference-semantics/semantics/methods.k:27-27	ATTRS=function,total	syntax IntSeq ::= joinCodes(IntSeq, ValSeq) [function, total]
0643	RULE	reference-semantics/semantics/methods.k:28-28	ATTRS=-	rule joinCodes(_:IntSeq, .ValSeq) => .IntSeq
0644	RULE	reference-semantics/semantics/methods.k:29-29	ATTRS=-	rule joinCodes(_:IntSeq, vCons(str(CS:IntSeq), .ValSeq)) => CS
0645	RULE	reference-semantics/semantics/methods.k:30-31	ATTRS=-	rule joinCodes(SEP:IntSeq, vCons(str(CS:IntSeq), vCons(V:Val, R:ValSeq))) => seqConcat(CS, seqConcat(SEP, joinCodes(SEP, vCons(V, R))))
0646	RULE	reference-semantics/semantics/methods.k:34-34	ATTRS=-	rule applyMethod(str(CS:IntSeq), "count", str(PC:IntSeq), .Vals) => cntSub(CS, PC)
0647	SYNTAX	reference-semantics/semantics/methods.k:35-35	ATTRS=function	syntax Int ::= cntSub(IntSeq, IntSeq) [function]
0648	RULE	reference-semantics/semantics/methods.k:36-36	ATTRS=-	rule cntSub(.IntSeq, _:IntSeq) => 0
0649	RULE	reference-semantics/semantics/methods.k:37-38	ATTRS=-	rule cntSub(iCons(C:Int, R:IntSeq), PC:IntSeq) => 1 +Int cntSub(dropIS(iCons(C, R), isLen(PC)), PC) requires strPrefix(PC, iCons(C, R)) andBool isLen(PC) >Int 0
0650	RULE	reference-semantics/semantics/methods.k:39-40	ATTRS=-	rule cntSub(iCons(C:Int, R:IntSeq), PC:IntSeq) => cntSub(R, PC) requires notBool strPrefix(PC, iCons(C, R)) orBool isLen(PC) <=Int 0
0651	SYNTAX	reference-semantics/semantics/methods.k:41-41	ATTRS=function,total	syntax IntSeq ::= dropIS(IntSeq, Int) [function, total]
0652	RULE	reference-semantics/semantics/methods.k:42-42	ATTRS=-	rule dropIS(S:IntSeq, N:Int) => S requires N <=Int 0
0653	RULE	reference-semantics/semantics/methods.k:43-43	ATTRS=owise	rule dropIS(.IntSeq, _:Int) => .IntSeq [owise]
0654	RULE	reference-semantics/semantics/methods.k:44-44	ATTRS=-	rule dropIS(iCons(_:Int, R:IntSeq), N:Int) => dropIS(R, N -Int 1) requires N >Int 0
0655	RULE	reference-semantics/semantics/methods.k:47-47	ATTRS=-	rule applyMethod(str(CS:IntSeq), "strip", .Vals) => str(revIS(trimWS(revIS(trimWS(CS)))))
0656	SYNTAX	reference-semantics/semantics/methods.k:48-48	ATTRS=function,total	syntax IntSeq ::= trimWS(IntSeq) [function, total]
0657	RULE	reference-semantics/semantics/methods.k:49-49	ATTRS=-	rule trimWS(.IntSeq) => .IntSeq
0658	RULE	reference-semantics/semantics/methods.k:50-50	ATTRS=-	rule trimWS(iCons(C:Int, R:IntSeq)) => trimWS(R) requires isWSC(C)
0659	RULE	reference-semantics/semantics/methods.k:51-51	ATTRS=-	rule trimWS(iCons(C:Int, R:IntSeq)) => iCons(C, R) requires notBool isWSC(C)
0660	SYNTAX	reference-semantics/semantics/methods.k:52-52	ATTRS=function,total	syntax IntSeq ::= revIS(IntSeq) [function, total] | revISAcc(IntSeq, IntSeq) [function, total]
0661	RULE	reference-semantics/semantics/methods.k:53-53	ATTRS=-	rule revIS(S:IntSeq) => revISAcc(S, .IntSeq)
0662	RULE	reference-semantics/semantics/methods.k:54-54	ATTRS=-	rule revISAcc(.IntSeq, A:IntSeq) => A
0663	RULE	reference-semantics/semantics/methods.k:55-55	ATTRS=-	rule revISAcc(iCons(C:Int, R:IntSeq), A:IntSeq) => revISAcc(R, iCons(C, A))
0664	RULE	reference-semantics/semantics/methods.k:58-58	ATTRS=-	rule applyMethod(str(CS:IntSeq), "encode", str(_:IntSeq), .Vals) => str(CS)
0665	RULE	reference-semantics/semantics/methods.k:61-61	ATTRS=-	rule applyMethod(str(XC:IntSeq), "startswith", str(PC:IntSeq), .Vals) => startsWith(PC, XC)
0666	RULE	reference-semantics/semantics/methods.k:64-64	ATTRS=-	rule applyMethod(list(VS:ValSeq), "count", V:Val, .Vals) => cntOccVS(VS, V)
0667	SYNTAX	reference-semantics/semantics/methods.k:65-65	ATTRS=function,total	syntax Int ::= cntOccVS(ValSeq, Val) [function, total]
0668	RULE	reference-semantics/semantics/methods.k:66-66	ATTRS=-	rule cntOccVS(.ValSeq, _:Val)                => 0
0669	RULE	reference-semantics/semantics/methods.k:67-67	ATTRS=-	rule cntOccVS(vCons(A:Val, R:ValSeq), V:Val) => 1 +Int cntOccVS(R, V) requires A ==K V
0670	RULE	reference-semantics/semantics/methods.k:68-68	ATTRS=-	rule cntOccVS(vCons(A:Val, R:ValSeq), V:Val) => cntOccVS(R, V)        requires notBool (A ==K V)
0671	RULE	reference-semantics/semantics/methods.k:72-74	ATTRS=priority	rule <k> #applyK(toCall(boundMethodV(str(CS:IntSeq), "split")), .Vals) => #alloc(list(splitWS(CS, .IntSeq, .ValSeq))) ... </k> [priority(40)]
0672	SYNTAX	reference-semantics/semantics/methods.k:75-75	ATTRS=function	syntax ValSeq ::= splitWS(IntSeq, IntSeq, ValSeq) [function]  // remaining, current token, result
0673	RULE	reference-semantics/semantics/methods.k:76-76	ATTRS=-	rule splitWS(.IntSeq, CUR:IntSeq, ACC:ValSeq) => flushTok(ACC, CUR)
0674	RULE	reference-semantics/semantics/methods.k:77-78	ATTRS=-	rule splitWS(iCons(C:Int, R:IntSeq), CUR:IntSeq, ACC:ValSeq) => splitWS(R, .IntSeq, flushTok(ACC, CUR)) requires isWSC(C)
0675	RULE	reference-semantics/semantics/methods.k:79-80	ATTRS=-	rule splitWS(iCons(C:Int, R:IntSeq), CUR:IntSeq, ACC:ValSeq) => splitWS(R, seqConcat(CUR, iCons(C, .IntSeq)), ACC) requires notBool isWSC(C)
0676	SYNTAX	reference-semantics/semantics/methods.k:82-82	ATTRS=function	syntax ValSeq ::= flushTok(ValSeq, IntSeq) [function]
0677	RULE	reference-semantics/semantics/methods.k:83-83	ATTRS=-	rule flushTok(ACC:ValSeq, .IntSeq)            => ACC
0678	RULE	reference-semantics/semantics/methods.k:84-84	ATTRS=-	rule flushTok(ACC:ValSeq, iCons(C:Int, T:IntSeq)) => valSeqConcat(ACC, vCons(str(iCons(C, T)), .ValSeq))
0679	SYNTAX	reference-semantics/semantics/methods.k:85-85	ATTRS=function,total	syntax Bool ::= isWSC(Int) [function, total]
0680	RULE	reference-semantics/semantics/methods.k:86-86	ATTRS=-	rule isWSC(C:Int) => C ==Int 32 orBool C ==Int 9 orBool C ==Int 10 orBool C ==Int 13
0681	RULE	reference-semantics/semantics/methods.k:89-91	ATTRS=priority	rule <k> #applyK(toCall(boundMethodV(str(CS:IntSeq), "split")), (kwV("sep", str(S:IntSeq)), .Vals)) => #applyK(toCall(boundMethodV(str(CS), "split")), (str(S), .Vals)) ... </k> [priority(39)]
0682	RULE	reference-semantics/semantics/methods.k:94-96	ATTRS=priority	rule <k> #applyK(toCall(boundMethodV(str(CS:IntSeq), "split")), (str(iCons(SEP:Int, .IntSeq)), .Vals)) => #alloc(list(splitSep(CS, SEP, .IntSeq))) ... </k> [priority(40)]
0683	SYNTAX	reference-semantics/semantics/methods.k:97-97	ATTRS=function	syntax ValSeq ::= splitSep(IntSeq, Int, IntSeq) [function]  // remaining, sep code, current token
0684	RULE	reference-semantics/semantics/methods.k:98-98	ATTRS=-	rule splitSep(.IntSeq, _SEP:Int, CUR:IntSeq)              => vCons(str(CUR), .ValSeq)
0685	RULE	reference-semantics/semantics/methods.k:99-100	ATTRS=-	rule splitSep(iCons(C:Int, R:IntSeq), SEP:Int, CUR:IntSeq) => vCons(str(CUR), splitSep(R, SEP, .IntSeq)) requires C ==Int SEP
0686	RULE	reference-semantics/semantics/methods.k:101-102	ATTRS=-	rule splitSep(iCons(C:Int, R:IntSeq), SEP:Int, CUR:IntSeq) => splitSep(R, SEP, seqConcat(CUR, iCons(C, .IntSeq))) requires notBool (C ==Int SEP)
0687	RULE	reference-semantics/semantics/methods.k:104-105	ATTRS=-	rule applyMethod(str(CS:IntSeq), "replace", str(iCons(A:Int, .IntSeq)), str(iCons(B:Int, .IntSeq)), .Vals) => str(replaceC(CS, A, B))
0688	SYNTAX	reference-semantics/semantics/methods.k:106-106	ATTRS=function,total	syntax IntSeq ::= replaceC(IntSeq, Int, Int) [function, total]
0689	RULE	reference-semantics/semantics/methods.k:107-107	ATTRS=-	rule replaceC(.IntSeq, _:Int, _:Int)             => .IntSeq
0690	RULE	reference-semantics/semantics/methods.k:108-108	ATTRS=-	rule replaceC(iCons(C:Int, R:IntSeq), A:Int, B:Int) => iCons(B, replaceC(R, A, B)) requires C ==Int A
0691	RULE	reference-semantics/semantics/methods.k:109-109	ATTRS=-	rule replaceC(iCons(C:Int, R:IntSeq), A:Int, B:Int) => iCons(C, replaceC(R, A, B)) requires notBool (C ==Int A)
0692	SYNTAX	reference-semantics/semantics/methods.k:112-112	ATTRS=function,total	syntax Bool ::= isUpperC(Int) [function, total]
0693	RULE	reference-semantics/semantics/methods.k:113-113	ATTRS=-	rule isUpperC(C:Int) => C >=Int 65 andBool C <=Int 90
0694	SYNTAX	reference-semantics/semantics/methods.k:115-115	ATTRS=function,total	syntax Bool ::= isLowerC(Int) [function, total]
0695	RULE	reference-semantics/semantics/methods.k:116-116	ATTRS=-	rule isLowerC(C:Int) => C >=Int 97 andBool C <=Int 122
0696	SYNTAX	reference-semantics/semantics/methods.k:118-118	ATTRS=function,total	syntax Bool ::= isAlphaC(Int) [function, total]
0697	RULE	reference-semantics/semantics/methods.k:119-119	ATTRS=-	rule isAlphaC(C:Int) => isUpperC(C) orBool isLowerC(C)
0698	SYNTAX	reference-semantics/semantics/methods.k:121-121	ATTRS=function,total	syntax Bool ::= isDigitC(Int) [function, total]
0699	RULE	reference-semantics/semantics/methods.k:122-122	ATTRS=-	rule isDigitC(C:Int) => C >=Int 48 andBool C <=Int 57
0700	SYNTAX	reference-semantics/semantics/methods.k:124-124	ATTRS=function,total	syntax Bool ::= hasUpper(IntSeq) [function, total]
0701	RULE	reference-semantics/semantics/methods.k:125-125	ATTRS=-	rule hasUpper(.IntSeq) => false
0702	RULE	reference-semantics/semantics/methods.k:126-126	ATTRS=-	rule hasUpper(iCons(C:Int, S:IntSeq)) => isUpperC(C) orBool hasUpper(S)
0703	SYNTAX	reference-semantics/semantics/methods.k:128-128	ATTRS=function,total	syntax Bool ::= hasLower(IntSeq) [function, total]
0704	RULE	reference-semantics/semantics/methods.k:129-129	ATTRS=-	rule hasLower(.IntSeq) => false
0705	RULE	reference-semantics/semantics/methods.k:130-130	ATTRS=-	rule hasLower(iCons(C:Int, S:IntSeq)) => isLowerC(C) orBool hasLower(S)
0706	SYNTAX	reference-semantics/semantics/methods.k:132-132	ATTRS=function,total	syntax Bool ::= allAlpha(IntSeq) [function, total]
0707	RULE	reference-semantics/semantics/methods.k:133-133	ATTRS=-	rule allAlpha(.IntSeq) => true
0708	RULE	reference-semantics/semantics/methods.k:134-134	ATTRS=-	rule allAlpha(iCons(C:Int, S:IntSeq)) => isAlphaC(C) andBool allAlpha(S)
0709	SYNTAX	reference-semantics/semantics/methods.k:136-136	ATTRS=function,total	syntax Bool ::= allDigit(IntSeq) [function, total]
0710	RULE	reference-semantics/semantics/methods.k:137-137	ATTRS=-	rule allDigit(.IntSeq) => true
0711	RULE	reference-semantics/semantics/methods.k:138-138	ATTRS=-	rule allDigit(iCons(C:Int, S:IntSeq)) => isDigitC(C) andBool allDigit(S)
0712	SYNTAX	reference-semantics/semantics/methods.k:140-140	ATTRS=function,total	syntax Int ::= lowerC(Int) [function, total]
0713	RULE	reference-semantics/semantics/methods.k:142-142	ATTRS=-	rule lowerC(C:Int) => C +Int 32 requires isUpperC(C)
0714	RULE	reference-semantics/semantics/methods.k:143-143	ATTRS=owise	rule lowerC(C:Int) => C         [owise]
0715	SYNTAX	reference-semantics/semantics/methods.k:145-145	ATTRS=function,total	syntax Int ::= upperC(Int) [function, total]
0716	RULE	reference-semantics/semantics/methods.k:146-146	ATTRS=-	rule upperC(C:Int) => C -Int 32 requires isLowerC(C)
0717	RULE	reference-semantics/semantics/methods.k:147-147	ATTRS=owise	rule upperC(C:Int) => C         [owise]
0718	SYNTAX	reference-semantics/semantics/methods.k:149-149	ATTRS=function,total	syntax Int ::= swapC(Int) [function, total]
0719	RULE	reference-semantics/semantics/methods.k:150-150	ATTRS=-	rule swapC(C:Int) => C +Int 32 requires isUpperC(C)
0720	RULE	reference-semantics/semantics/methods.k:151-151	ATTRS=-	rule swapC(C:Int) => C -Int 32 requires isLowerC(C)
0721	RULE	reference-semantics/semantics/methods.k:152-152	ATTRS=owise	rule swapC(C:Int) => C         [owise]
0722	SYNTAX	reference-semantics/semantics/methods.k:154-154	ATTRS=function,total	syntax IntSeq ::= mapLower(IntSeq) [function, total]
0723	RULE	reference-semantics/semantics/methods.k:155-155	ATTRS=-	rule mapLower(.IntSeq) => .IntSeq
0724	RULE	reference-semantics/semantics/methods.k:156-156	ATTRS=-	rule mapLower(iCons(C:Int, S:IntSeq)) => iCons(lowerC(C), mapLower(S))
0725	SYNTAX	reference-semantics/semantics/methods.k:158-158	ATTRS=function,total	syntax IntSeq ::= mapUpper(IntSeq) [function, total]
0726	RULE	reference-semantics/semantics/methods.k:159-159	ATTRS=-	rule mapUpper(.IntSeq) => .IntSeq
0727	RULE	reference-semantics/semantics/methods.k:160-160	ATTRS=-	rule mapUpper(iCons(C:Int, S:IntSeq)) => iCons(upperC(C), mapUpper(S))
0728	SYNTAX	reference-semantics/semantics/methods.k:162-162	ATTRS=function,total	syntax IntSeq ::= mapSwap(IntSeq) [function, total]
0729	RULE	reference-semantics/semantics/methods.k:163-163	ATTRS=-	rule mapSwap(.IntSeq) => .IntSeq
0730	RULE	reference-semantics/semantics/methods.k:164-164	ATTRS=-	rule mapSwap(iCons(C:Int, S:IntSeq)) => iCons(swapC(C), mapSwap(S))
0731	SYNTAX	reference-semantics/semantics/methods.k:166-166	ATTRS=function,total	syntax Bool ::= startsWith(IntSeq, IntSeq) [function, total]
0732	RULE	reference-semantics/semantics/methods.k:167-167	ATTRS=-	rule startsWith(.IntSeq, _:IntSeq)               => true
0733	RULE	reference-semantics/semantics/methods.k:168-168	ATTRS=-	rule startsWith(iCons(_:Int, _:IntSeq), .IntSeq) => false
0734	RULE	reference-semantics/semantics/methods.k:169-169	ATTRS=-	rule startsWith(iCons(A:Int, As:IntSeq), iCons(B:Int, Bs:IntSeq)) => A ==Int B andBool startsWith(As, Bs)

## reference-semantics/semantics/operators.k

Sentence count: 12

0735	RULE	reference-semantics/semantics/operators.k:10-10	ATTRS=-	rule <k> UnaryOp(OP:String, V:Val) => applyUn(OP, V) ... </k>
0736	RULE	reference-semantics/semantics/operators.k:12-12	ATTRS=-	rule <k> BinOp(OP:String, L:Val, R:Val) => applyBin(OP, L, R) ... </k>
0737	CONTEXT	reference-semantics/semantics/operators.k:15-15	ATTRS=-	context Compare(HOLE, _)
0738	CONTEXT	reference-semantics/semantics/operators.k:16-16	ATTRS=-	context Compare(_:Val, CmpOp(_, HOLE))
0739	RULE	reference-semantics/semantics/operators.k:17-17	ATTRS=owise	rule <k> Compare(LV:Val, CmpOp(OP:String, RV:Val)) => applyCmp(OP, LV, RV) ... </k> [owise]
0740	RULE	reference-semantics/semantics/operators.k:19-19	ATTRS=-	rule applyCmp("is",     V:Val, noneV) => V ==K noneV
0741	RULE	reference-semantics/semantics/operators.k:20-20	ATTRS=-	rule applyCmp("is not", V:Val, noneV) => notBool (V ==K noneV)
0742	RULE	reference-semantics/semantics/operators.k:25-27	ATTRS=priority	rule <k> BinOp(OP:String, ref(H:Int), R:Expr) => BinOp(OP, V, R) ... </k> <heap> ... H |-> V:Val ... </heap> [priority(40)]
0743	RULE	reference-semantics/semantics/operators.k:28-31	ATTRS=priority	rule <k> BinOp(OP:String, L:Val, ref(H:Int)) => BinOp(OP, L, V) ... </k> <heap> ... H |-> V:Val ... </heap> requires notBool isRefV(L) [priority(40)]
0744	RULE	reference-semantics/semantics/operators.k:34-37	ATTRS=priority	rule <k> Compare(ref(H:Int), CmpOp(OP:String, R:Expr)) => Compare(V, CmpOp(OP, R)) ... </k> <heap> ... H |-> V:Val ... </heap> requires OP =/=String "in" andBool OP =/=String "not in" [priority(40)]
0745	RULE	reference-semantics/semantics/operators.k:38-42	ATTRS=priority	rule <k> Compare(L:Val, CmpOp(OP:String, ref(H:Int))) => Compare(L, CmpOp(OP, V)) ... </k> <heap> ... H |-> V:Val ... </heap> requires notBool isRefV(L) orBool OP ==String "in" orBool OP ==String "not in" [priority(40)]
0746	RULE	reference-semantics/semantics/operators.k:44-46	ATTRS=priority	rule <k> UnaryOp(OP:String, ref(H:Int)) => UnaryOp(OP, V) ... </k> <heap> ... H |-> V:Val ... </heap> [priority(40)]

## reference-semantics/semantics/range.k

Sentence count: 8

0747	SYNTAX	reference-semantics/semantics/range.k:9-9	ATTRS=function,total	syntax Bool ::= inRange(Int, Int, Int) [function, total]
0748	RULE	reference-semantics/semantics/range.k:10-10	ATTRS=-	rule inRange(I:Int, HI:Int, ST:Int) => (ST >Int 0 andBool I <Int HI) orBool (ST <Int 0 andBool I >Int HI)
0749	SYNTAX	reference-semantics/semantics/range.k:12-12	ATTRS=function	syntax Int ::= rangeLen(Int, Int, Int) [function]
0750	RULE	reference-semantics/semantics/range.k:13-14	ATTRS=-	rule rangeLen(LO:Int, HI:Int, ST:Int) => (HI -Int LO +Int ST -Int 1) /Int ST requires ST >Int 0 andBool HI >Int LO
0751	RULE	reference-semantics/semantics/range.k:15-16	ATTRS=-	rule rangeLen(LO:Int, HI:Int, ST:Int) => (LO -Int HI -Int ST -Int 1) /Int (0 -Int ST) requires ST <Int 0 andBool HI <Int LO
0752	RULE	reference-semantics/semantics/range.k:17-18	ATTRS=-	rule rangeLen(LO:Int, HI:Int, ST:Int) => 0 requires (ST >Int 0 andBool HI <=Int LO) orBool (ST <Int 0 andBool HI >=Int LO)
0753	RULE	reference-semantics/semantics/range.k:20-22	ATTRS=-	rule <k> #iterNext(rangeObj(I:Int, HI:Int, ST:Int)) => #iterYield(I, rangeObj(I +Int ST, HI, ST)) ... </k> requires inRange(I, HI, ST)
0754	RULE	reference-semantics/semantics/range.k:23-24	ATTRS=-	rule <k> #iterNext(rangeObj(I:Int, HI:Int, ST:Int)) => #iterDone ... </k> requires notBool inRange(I, HI, ST)

## reference-semantics/semantics/set.k

Sentence count: 18

0755	SYNTAX	reference-semantics/semantics/set.k:8-8	ATTRS=-	syntax Val ::= setV(IntSeq)
0756	SYNTAX	reference-semantics/semantics/set.k:11-11	ATTRS=function,total	syntax Bool ::= codeIn(Int, IntSeq) [function, total]
0757	RULE	reference-semantics/semantics/set.k:12-12	ATTRS=-	rule codeIn(_:Int, .IntSeq)                => false
0758	RULE	reference-semantics/semantics/set.k:13-13	ATTRS=-	rule codeIn(C:Int, iCons(H:Int, T:IntSeq)) => C ==Int H orBool codeIn(C, T)
0759	SYNTAX	reference-semantics/semantics/set.k:16-17	ATTRS=function,total	syntax IntSeq ::= dedupCodes(IntSeq)         [function, total] | dedupFrom(IntSeq, IntSeq)  [function, total]
0760	RULE	reference-semantics/semantics/set.k:18-18	ATTRS=-	rule dedupCodes(CS:IntSeq) => dedupFrom(CS, .IntSeq)
0761	RULE	reference-semantics/semantics/set.k:19-19	ATTRS=-	rule dedupFrom(.IntSeq, ACC:IntSeq) => ACC
0762	RULE	reference-semantics/semantics/set.k:20-21	ATTRS=-	rule dedupFrom(iCons(C:Int, S:IntSeq), ACC:IntSeq) => dedupFrom(S, ACC) requires codeIn(C, ACC)
0763	RULE	reference-semantics/semantics/set.k:22-23	ATTRS=-	rule dedupFrom(iCons(C:Int, S:IntSeq), ACC:IntSeq) => dedupFrom(S, snocCode(ACC, C)) requires notBool codeIn(C, ACC)
0764	SYNTAX	reference-semantics/semantics/set.k:25-25	ATTRS=function,total	syntax IntSeq ::= snocCode(IntSeq, Int) [function, total]
0765	RULE	reference-semantics/semantics/set.k:26-26	ATTRS=-	rule snocCode(.IntSeq, C:Int)                => iCons(C, .IntSeq)
0766	RULE	reference-semantics/semantics/set.k:27-27	ATTRS=-	rule snocCode(iCons(H:Int, T:IntSeq), C:Int) => iCons(H, snocCode(T, C))
0767	SYNTAX	reference-semantics/semantics/set.k:31-31	ATTRS=function,total	syntax Bool ::= subsetCodes(IntSeq, IntSeq) [function, total]
0768	RULE	reference-semantics/semantics/set.k:32-32	ATTRS=-	rule subsetCodes(.IntSeq, _:IntSeq)                => true
0769	RULE	reference-semantics/semantics/set.k:33-33	ATTRS=-	rule subsetCodes(iCons(C:Int, S:IntSeq), B:IntSeq) => codeIn(C, B) andBool subsetCodes(S, B)
0770	SYNTAX	reference-semantics/semantics/set.k:35-35	ATTRS=function,total	syntax Bool ::= sameSet(IntSeq, IntSeq) [function, total]
0771	RULE	reference-semantics/semantics/set.k:36-36	ATTRS=-	rule sameSet(A:IntSeq, B:IntSeq) => subsetCodes(A, B) andBool subsetCodes(B, A)
0772	RULE	reference-semantics/semantics/set.k:39-39	ATTRS=-	rule applyCmp("==", setV(A:IntSeq), setV(B:IntSeq)) => sameSet(A, B)

## reference-semantics/semantics/sort.k

Sentence count: 25

0773	SYNTAX	reference-semantics/semantics/sort.k:18-18	ATTRS=function,total,no-evaluators,symbol	syntax ValSeq ::= sortVS(ValSeq) [function, total, symbol(sortVS), no-evaluators]
0774	SYNTAX	reference-semantics/semantics/sort.k:19-19	ATTRS=function	syntax ValSeq ::= insVS(Int, ValSeq) [function]
0775	RULE	reference-semantics/semantics/sort.k:20-20	ATTRS=concrete	rule sortVS(.ValSeq)                => .ValSeq          [concrete]
0776	RULE	reference-semantics/semantics/sort.k:21-21	ATTRS=concrete	rule sortVS(vCons(X:Int, R:ValSeq)) => insVS(X, sortVS(R)) [concrete]
0777	RULE	reference-semantics/semantics/sort.k:22-22	ATTRS=concrete	rule insVS(X:Int, .ValSeq)                => vCons(X, .ValSeq) [concrete]
0778	RULE	reference-semantics/semantics/sort.k:23-23	ATTRS=concrete	rule insVS(X:Int, vCons(Y:Int, R:ValSeq)) => vCons(X, vCons(Y, R)) requires X <=Int Y [concrete]
0779	RULE	reference-semantics/semantics/sort.k:24-24	ATTRS=concrete	rule insVS(X:Int, vCons(Y:Int, R:ValSeq)) => vCons(Y, insVS(X, R)) requires X  >Int Y [concrete]
0780	SYNTAX	reference-semantics/semantics/sort.k:26-26	ATTRS=function	syntax ValSeq ::= insVSs(IntSeq, ValSeq) [function]
0781	RULE	reference-semantics/semantics/sort.k:27-27	ATTRS=concrete	rule sortVS(vCons(str(CS:IntSeq), R:ValSeq)) => insVSs(CS, sortVS(R)) [concrete]
0782	RULE	reference-semantics/semantics/sort.k:28-28	ATTRS=concrete	rule insVSs(A:IntSeq, .ValSeq) => vCons(str(A), .ValSeq) [concrete]
0783	RULE	reference-semantics/semantics/sort.k:29-30	ATTRS=concrete	rule insVSs(A:IntSeq, vCons(str(B:IntSeq), R:ValSeq)) => vCons(str(A), vCons(str(B), R)) requires strLt(A, B) orBool A ==K B [concrete]
0784	RULE	reference-semantics/semantics/sort.k:31-32	ATTRS=concrete	rule insVSs(A:IntSeq, vCons(str(B:IntSeq), R:ValSeq)) => vCons(str(B), insVSs(A, R)) requires notBool (strLt(A, B) orBool A ==K B) [concrete]
0785	RULE	reference-semantics/semantics/sort.k:36-37	ATTRS=-	rule <k> #applyK(toCall(builtinV("sorted")), (list(VS:ValSeq), .Vals)) => #alloc(list(sortVS(VS))) ... </k>
0786	RULE	reference-semantics/semantics/sort.k:40-42	ATTRS=priority	rule <k> #applyK(toCall(boundMethodV(ref(H:Int), "sort")), .Vals) => noneV ... </k> <heap> ... H |-> list(VS:ValSeq => sortVS(VS)) ... </heap> [priority(40)]
0787	SYNTAX	reference-semantics/semantics/sort.k:49-49	ATTRS=function,total,no-evaluators,symbol	syntax ValSeq ::= sortKeyVS(ValSeq, Val) [function, total, symbol(sortKeyVS), no-evaluators]
0788	SYNTAX	reference-semantics/semantics/sort.k:51-52	ATTRS=function,total	syntax ValSeq ::= revVS(ValSeq) [function, total] | revVSAcc(ValSeq, ValSeq) [function, total]
0789	RULE	reference-semantics/semantics/sort.k:53-53	ATTRS=-	rule revVS(S:ValSeq) => revVSAcc(S, .ValSeq)
0790	RULE	reference-semantics/semantics/sort.k:54-54	ATTRS=-	rule revVSAcc(.ValSeq, A:ValSeq) => A
0791	RULE	reference-semantics/semantics/sort.k:55-55	ATTRS=-	rule revVSAcc(vCons(V:Val, R:ValSeq), A:ValSeq) => revVSAcc(R, vCons(V, A))
0792	SYNTAX	reference-semantics/semantics/sort.k:57-57	ATTRS=function,total	syntax ValSeq ::= condRev(ValSeq, Bool) [function, total]
0793	RULE	reference-semantics/semantics/sort.k:58-58	ATTRS=-	rule condRev(S:ValSeq, false) => S
0794	RULE	reference-semantics/semantics/sort.k:59-59	ATTRS=-	rule condRev(S:ValSeq, true)  => revVS(S)
0795	RULE	reference-semantics/semantics/sort.k:61-62	ATTRS=-	rule <k> #applyK(toCall(builtinV("sorted")), (list(VS:ValSeq), kwV("key", KV:Val), .Vals)) => #alloc(list(sortKeyVS(VS, KV))) ... </k>
0796	RULE	reference-semantics/semantics/sort.k:63-64	ATTRS=-	rule <k> #applyK(toCall(builtinV("sorted")), (list(VS:ValSeq), kwV("key", KV:Val), kwV("reverse", RB:Bool), .Vals)) => #alloc(list(condRev(sortKeyVS(VS, KV), RB))) ... </k>
0797	RULE	reference-semantics/semantics/sort.k:65-66	ATTRS=-	rule <k> #applyK(toCall(builtinV("sorted")), (list(VS:ValSeq), kwV("reverse", RB:Bool), .Vals)) => #alloc(list(condRev(sortVS(VS), RB))) ... </k>

## reference-semantics/semantics/str.k

Sentence count: 33

0798	RULE	reference-semantics/semantics/str.k:8-8	ATTRS=-	rule <k> #iterNext(str(.IntSeq))                 => #iterDone ... </k>
0799	RULE	reference-semantics/semantics/str.k:9-10	ATTRS=-	rule <k> #iterNext(str(iCons(C:Int, R:IntSeq))) => #iterYield(str(iCons(C, .IntSeq)), str(R)) ... </k>
0800	SYNTAX	reference-semantics/semantics/str.k:13-13	ATTRS=function	syntax IntSeq ::= strToCodes(String) [function]
0801	RULE	reference-semantics/semantics/str.k:14-14	ATTRS=-	rule <k> Str(S:String) => str(strToCodes(S)) ... </k>
0802	RULE	reference-semantics/semantics/str.k:15-15	ATTRS=-	rule strToCodes("") => .IntSeq
0803	RULE	reference-semantics/semantics/str.k:16-17	ATTRS=-	rule strToCodes(S:String) => iCons(ordChar(substrString(S, 0, 1)), strToCodes(substrString(S, 1, lengthString(S)))) requires S =/=String "" andBool ordChar(substrString(S, 0, 1)) <Int 128
0804	SYNTAX	reference-semantics/semantics/str.k:20-20	ATTRS=function,total	syntax IntSeq ::= seqConcat(IntSeq, IntSeq) [function, total]
0805	RULE	reference-semantics/semantics/str.k:21-21	ATTRS=-	rule seqConcat(.IntSeq, T:IntSeq)                => T
0806	RULE	reference-semantics/semantics/str.k:22-22	ATTRS=-	rule seqConcat(iCons(I:Int, S:IntSeq), T:IntSeq) => iCons(I, seqConcat(S, T))
0807	RULE	reference-semantics/semantics/str.k:24-24	ATTRS=-	rule applyBin("+",  str(A:IntSeq), str(B:IntSeq)) => str(seqConcat(A, B))
0808	RULE	reference-semantics/semantics/str.k:25-25	ATTRS=-	rule applyCmp("==", str(A:IntSeq), str(B:IntSeq)) => A ==K B
0809	RULE	reference-semantics/semantics/str.k:26-26	ATTRS=-	rule applyCmp("!=", str(A:IntSeq), str(B:IntSeq)) => notBool (A ==K B)
0810	RULE	reference-semantics/semantics/str.k:29-29	ATTRS=-	rule applyCmp("in",     str(P:IntSeq), str(X:IntSeq)) => strContains(P, X)
0811	RULE	reference-semantics/semantics/str.k:30-30	ATTRS=-	rule applyCmp("not in", str(P:IntSeq), str(X:IntSeq)) => notBool strContains(P, X)
0812	SYNTAX	reference-semantics/semantics/str.k:32-32	ATTRS=function,total	syntax Bool ::= strPrefix(IntSeq, IntSeq) [function, total]
0813	RULE	reference-semantics/semantics/str.k:33-33	ATTRS=-	rule strPrefix(.IntSeq, _:IntSeq)               => true
0814	RULE	reference-semantics/semantics/str.k:34-34	ATTRS=-	rule strPrefix(iCons(_:Int, _:IntSeq), .IntSeq) => false
0815	RULE	reference-semantics/semantics/str.k:35-35	ATTRS=-	rule strPrefix(iCons(A:Int, As:IntSeq), iCons(B:Int, Bs:IntSeq)) => A ==Int B andBool strPrefix(As, Bs)
0816	SYNTAX	reference-semantics/semantics/str.k:37-37	ATTRS=function,total	syntax Bool ::= strContains(IntSeq, IntSeq) [function, total]
0817	RULE	reference-semantics/semantics/str.k:38-38	ATTRS=-	rule strContains(P:IntSeq, X:IntSeq) => true  requires strPrefix(P, X)
0818	RULE	reference-semantics/semantics/str.k:39-39	ATTRS=-	rule strContains(P:IntSeq, .IntSeq)  => false requires notBool strPrefix(P, .IntSeq)
0819	RULE	reference-semantics/semantics/str.k:40-41	ATTRS=-	rule strContains(P:IntSeq, iCons(C:Int, Xs:IntSeq)) => strContains(P, Xs) requires notBool strPrefix(P, iCons(C, Xs))
0820	SYNTAX	reference-semantics/semantics/str.k:48-48	ATTRS=function,total	syntax Bool ::= strLt(IntSeq, IntSeq) [function, total]
0821	RULE	reference-semantics/semantics/str.k:49-49	ATTRS=-	rule strLt(.IntSeq, .IntSeq)                => false
0822	RULE	reference-semantics/semantics/str.k:50-50	ATTRS=-	rule strLt(.IntSeq, iCons(_:Int, _:IntSeq)) => true
0823	RULE	reference-semantics/semantics/str.k:51-51	ATTRS=-	rule strLt(iCons(_:Int, _:IntSeq), .IntSeq) => false
0824	RULE	reference-semantics/semantics/str.k:52-52	ATTRS=-	rule strLt(iCons(A:Int, As:IntSeq), iCons(B:Int, Bs:IntSeq)) => true          requires A  <Int B
0825	RULE	reference-semantics/semantics/str.k:53-53	ATTRS=-	rule strLt(iCons(A:Int, As:IntSeq), iCons(B:Int, Bs:IntSeq)) => false         requires A  >Int B
0826	RULE	reference-semantics/semantics/str.k:54-54	ATTRS=-	rule strLt(iCons(A:Int, As:IntSeq), iCons(B:Int, Bs:IntSeq)) => strLt(As, Bs) requires A ==Int B
0827	RULE	reference-semantics/semantics/str.k:56-56	ATTRS=-	rule applyCmp("<",  str(A:IntSeq), str(B:IntSeq)) => strLt(A, B)
0828	RULE	reference-semantics/semantics/str.k:57-57	ATTRS=-	rule applyCmp(">",  str(A:IntSeq), str(B:IntSeq)) => strLt(B, A)
0829	RULE	reference-semantics/semantics/str.k:58-58	ATTRS=-	rule applyCmp("<=", str(A:IntSeq), str(B:IntSeq)) => notBool strLt(B, A)
0830	RULE	reference-semantics/semantics/str.k:59-59	ATTRS=-	rule applyCmp(">=", str(A:IntSeq), str(B:IntSeq)) => notBool strLt(A, B)

## reference-semantics/semantics/subscript.k

Sentence count: 57

0831	SYNTAX	reference-semantics/semantics/subscript.k:11-11	ATTRS=function,total	syntax Val ::= valSeqAt(ValSeq, Int) [function, total]
0832	RULE	reference-semantics/semantics/subscript.k:12-12	ATTRS=-	rule valSeqAt(vCons(V:Val, _:ValSeq), 0)     => V
0833	RULE	reference-semantics/semantics/subscript.k:13-14	ATTRS=-	rule valSeqAt(vCons(_:Val, S:ValSeq), I:Int) => valSeqAt(S, I -Int 1) requires I >Int 0
0834	SYNTAX	reference-semantics/semantics/subscript.k:16-16	ATTRS=function	syntax Int ::= intSeqAt(IntSeq, Int) [function]
0835	RULE	reference-semantics/semantics/subscript.k:17-17	ATTRS=-	rule intSeqAt(iCons(C:Int, _:IntSeq), 0)     => C
0836	RULE	reference-semantics/semantics/subscript.k:18-19	ATTRS=-	rule intSeqAt(iCons(_:Int, S:IntSeq), I:Int) => intSeqAt(S, I -Int 1) requires I >Int 0
0837	SYNTAX	reference-semantics/semantics/subscript.k:21-21	ATTRS=function,total	syntax Int ::= normIdx(Int, Int) [function, total]
0838	RULE	reference-semantics/semantics/subscript.k:22-22	ATTRS=-	rule normIdx(I:Int, LEN:Int) => I +Int LEN requires I  <Int 0
0839	RULE	reference-semantics/semantics/subscript.k:23-23	ATTRS=-	rule normIdx(I:Int, _:Int)   => I          requires I >=Int 0
0840	CONTEXT	reference-semantics/semantics/subscript.k:27-27	ATTRS=-	context Subscript(HOLE, _)
0841	CONTEXT	reference-semantics/semantics/subscript.k:28-28	ATTRS=-	context Subscript(_:Val, HOLE:Expr)
0842	RULE	reference-semantics/semantics/subscript.k:31-33	ATTRS=priority	rule <k> Subscript(ref(H:Int), IX:Index) => Subscript(V, IX) ... </k> <heap> ... H |-> V:Val ... </heap> [priority(40)]
0843	RULE	reference-semantics/semantics/subscript.k:35-35	ATTRS=-	rule <k> Subscript(OBJ:Val, I:Int) => applyIndex(OBJ, I) ... </k>
0844	SYNTAX	reference-semantics/semantics/subscript.k:37-37	ATTRS=function	syntax Val ::= applyIndex(Val, Int) [function]
0845	RULE	reference-semantics/semantics/subscript.k:38-38	ATTRS=-	rule applyIndex(list(VS:ValSeq),  I:Int) => valSeqAt(VS, normIdx(I, vsLen(VS)))
0846	RULE	reference-semantics/semantics/subscript.k:39-39	ATTRS=-	rule applyIndex(tuple(VS:ValSeq), I:Int) => valSeqAt(VS, normIdx(I, vsLen(VS)))
0847	RULE	reference-semantics/semantics/subscript.k:40-41	ATTRS=-	rule applyIndex(str(IS:IntSeq),   I:Int) => str(iCons(intSeqAt(IS, normIdx(I, isLen(IS))), .IntSeq))
0848	SYNTAX	reference-semantics/semantics/subscript.k:44-47	ATTRS=-	syntax KItem ::= #evalB(Bound) | "#toSome" | #slLo(Val, Bound, Bound) | #slHi(Val, OptInt, Bound) | #slStep(Val, OptInt, OptInt)
0849	SYNTAX	reference-semantics/semantics/subscript.k:49-49	ATTRS=-	syntax OptInt ::= "noB" | someB(Int)
0850	RULE	reference-semantics/semantics/subscript.k:50-50	ATTRS=-	rule <k> #evalB(NoBound)  => noB ... </k>
0851	RULE	reference-semantics/semantics/subscript.k:51-51	ATTRS=-	rule <k> #evalB(E:Expr)   => E ~> #toSome ... </k>
0852	RULE	reference-semantics/semantics/subscript.k:52-52	ATTRS=-	rule <k> I:Int ~> #toSome => someB(I) ... </k>
0853	RULE	reference-semantics/semantics/subscript.k:54-54	ATTRS=-	rule <k> Subscript(OBJ:Val, Slice(LO:Bound, HI:Bound, ST:Bound)) => #evalB(LO) ~> #slLo(OBJ, HI, ST) ... </k>
0854	RULE	reference-semantics/semantics/subscript.k:55-55	ATTRS=-	rule <k> LO:OptInt ~> #slLo(OBJ:Val, HI:Bound, ST:Bound)   => #evalB(HI) ~> #slHi(OBJ, LO, ST) ... </k>
0855	RULE	reference-semantics/semantics/subscript.k:56-56	ATTRS=-	rule <k> HI:OptInt ~> #slHi(OBJ:Val, LO:OptInt, ST:Bound)  => #evalB(ST) ~> #slStep(OBJ, LO, HI) ... </k>
0856	RULE	reference-semantics/semantics/subscript.k:58-60	ATTRS=priority	rule <k> ST:OptInt ~> #slStep(list(VS:ValSeq), LO:OptInt, HI:OptInt) => #alloc(doSlice(list(VS), LO, HI, ST)) ... </k> [priority(45)]
0857	RULE	reference-semantics/semantics/subscript.k:61-61	ATTRS=-	rule <k> ST:OptInt ~> #slStep(OBJ:Val, LO:OptInt, HI:OptInt) => doSlice(OBJ, LO, HI, ST) ... </k>
0858	SYNTAX	reference-semantics/semantics/subscript.k:63-63	ATTRS=function	syntax Val ::= doSlice(Val, OptInt, OptInt, OptInt) [function]
0859	RULE	reference-semantics/semantics/subscript.k:64-65	ATTRS=-	rule doSlice(list(VS:ValSeq), LO:OptInt, HI:OptInt, ST:OptInt) => list(buildVS(VS, slStart(LO, ST, vsLen(VS)), slStop(HI, ST, vsLen(VS)), slStep(ST)))
0860	RULE	reference-semantics/semantics/subscript.k:66-67	ATTRS=-	rule doSlice(tuple(VS:ValSeq), LO:OptInt, HI:OptInt, ST:OptInt) => tuple(buildVS(VS, slStart(LO, ST, vsLen(VS)), slStop(HI, ST, vsLen(VS)), slStep(ST)))
0861	RULE	reference-semantics/semantics/subscript.k:68-69	ATTRS=-	rule doSlice(str(IS:IntSeq), LO:OptInt, HI:OptInt, ST:OptInt) => str(buildIS(IS, slStart(LO, ST, isLen(IS)), slStop(HI, ST, isLen(IS)), slStep(ST)))
0862	SYNTAX	reference-semantics/semantics/subscript.k:72-72	ATTRS=function,total	syntax Int ::= slStep(OptInt) [function, total]
0863	RULE	reference-semantics/semantics/subscript.k:73-73	ATTRS=-	rule slStep(noB)          => 1
0864	RULE	reference-semantics/semantics/subscript.k:74-74	ATTRS=-	rule slStep(someB(S:Int)) => S
0865	SYNTAX	reference-semantics/semantics/subscript.k:76-76	ATTRS=function	syntax Int ::= slStart(OptInt, OptInt, Int) [function]
0866	RULE	reference-semantics/semantics/subscript.k:77-78	ATTRS=-	rule slStart(noB,          ST:OptInt, _LEN:Int) => 0 requires slStep(ST) >Int 0
0867	RULE	reference-semantics/semantics/subscript.k:79-80	ATTRS=-	rule slStart(noB,          ST:OptInt, LEN:Int)  => LEN -Int 1 requires slStep(ST) <Int 0
0868	RULE	reference-semantics/semantics/subscript.k:81-81	ATTRS=-	rule slStart(someB(I:Int), ST:OptInt, LEN:Int)  => slAdjust(I, LEN, slStep(ST))
0869	SYNTAX	reference-semantics/semantics/subscript.k:83-83	ATTRS=function	syntax Int ::= slStop(OptInt, OptInt, Int) [function]
0870	RULE	reference-semantics/semantics/subscript.k:84-85	ATTRS=-	rule slStop(noB,          ST:OptInt, LEN:Int)  => LEN requires slStep(ST) >Int 0
0871	RULE	reference-semantics/semantics/subscript.k:86-87	ATTRS=-	rule slStop(noB,          ST:OptInt, _LEN:Int) => -1 requires slStep(ST) <Int 0
0872	RULE	reference-semantics/semantics/subscript.k:88-88	ATTRS=-	rule slStop(someB(I:Int), ST:OptInt, LEN:Int)  => slAdjust(I, LEN, slStep(ST))
0873	SYNTAX	reference-semantics/semantics/subscript.k:90-90	ATTRS=function,total	syntax Int ::= slAdjust(Int, Int, Int) [function, total]
0874	RULE	reference-semantics/semantics/subscript.k:91-92	ATTRS=-	rule slAdjust(I:Int, LEN:Int, STEP:Int) => clampLo(I +Int LEN, STEP) requires I  <Int 0
0875	RULE	reference-semantics/semantics/subscript.k:93-94	ATTRS=-	rule slAdjust(I:Int, LEN:Int, STEP:Int) => clampHi(I, LEN, STEP) requires I >=Int 0
0876	SYNTAX	reference-semantics/semantics/subscript.k:96-96	ATTRS=function,total	syntax Int ::= clampLo(Int, Int) [function, total]
0877	RULE	reference-semantics/semantics/subscript.k:97-98	ATTRS=-	rule clampLo(J:Int, _STEP:Int) => J requires J >=Int 0
0878	RULE	reference-semantics/semantics/subscript.k:99-100	ATTRS=-	rule clampLo(J:Int, STEP:Int)  => #if STEP <Int 0 #then -1 #else 0 #fi requires J <Int 0
0879	SYNTAX	reference-semantics/semantics/subscript.k:102-102	ATTRS=function,total	syntax Int ::= clampHi(Int, Int, Int) [function, total]
0880	RULE	reference-semantics/semantics/subscript.k:103-104	ATTRS=-	rule clampHi(I:Int, LEN:Int, _STEP:Int) => I requires I  <Int LEN
0881	RULE	reference-semantics/semantics/subscript.k:105-106	ATTRS=-	rule clampHi(I:Int, LEN:Int, STEP:Int)  => #if STEP <Int 0 #then LEN -Int 1 #else LEN #fi requires I >=Int LEN
0882	SYNTAX	reference-semantics/semantics/subscript.k:109-109	ATTRS=function	syntax ValSeq ::= buildVS(ValSeq, Int, Int, Int) [function]
0883	RULE	reference-semantics/semantics/subscript.k:110-112	ATTRS=-	rule buildVS(VS:ValSeq, I:Int, STOP:Int, STEP:Int) => vCons(valSeqAt(VS, I), buildVS(VS, I +Int STEP, STOP, STEP)) requires (STEP >Int 0 andBool I <Int STOP) orBool (STEP <Int 0 andBool I >Int STOP)
0884	RULE	reference-semantics/semantics/subscript.k:113-114	ATTRS=-	rule buildVS(_:ValSeq, I:Int, STOP:Int, STEP:Int) => .ValSeq requires notBool ((STEP >Int 0 andBool I <Int STOP) orBool (STEP <Int 0 andBool I >Int STOP))
0885	SYNTAX	reference-semantics/semantics/subscript.k:116-116	ATTRS=function	syntax IntSeq ::= buildIS(IntSeq, Int, Int, Int) [function]
0886	RULE	reference-semantics/semantics/subscript.k:117-119	ATTRS=-	rule buildIS(IS:IntSeq, I:Int, STOP:Int, STEP:Int) => iCons(intSeqAt(IS, I), buildIS(IS, I +Int STEP, STOP, STEP)) requires (STEP >Int 0 andBool I <Int STOP) orBool (STEP <Int 0 andBool I >Int STOP)
0887	RULE	reference-semantics/semantics/subscript.k:120-121	ATTRS=-	rule buildIS(_:IntSeq, I:Int, STOP:Int, STEP:Int) => .IntSeq requires notBool ((STEP >Int 0 andBool I <Int STOP) orBool (STEP <Int 0 andBool I >Int STOP))

## reference-semantics/semantics/syntax.k

Sentence count: 16

0888	SYNTAX	reference-semantics/semantics/syntax.k:9-30	ATTRS=macro,strict,seqstrict	syntax Expr ::= "Int"      "(" Int ")" | "Float"    "(" Float ")" | "Bool"     "(" Bool ")" | "Name"     "(" String ")" | "Str"      "(" String ")" | "UnaryOp"  "(" String "," Expr ")" [strict(2)] | "BinOp"    "(" String "," Expr "," Expr ")" [seqstrict(2, 3)] | "BoolOp"    "(" String "," Exprs ")" | "ListExpr"  "(" Exprs ")" | "DictExpr"  "(" Entries ")" | "ListComp"  "(" Expr "," CompFors ")" [macro] | "GenExp"    "(" Expr "," CompFors ")" [macro] | "TupleExpr" "(" Exprs ")" | "Subscript" "(" Expr "," Index ")" | "IfExp"     "(" Expr "," Expr "," Expr ")" [strict(1)] | "Lambda"    "(" Params "," Expr ")" | "KwArg"     "(" String "," Expr ")" | "Lambda"    "(" Params "," CellVars "," FreeVars "," Expr ")" | "NoneVal" | "Call"      "(" Expr "," Exprs ")" | "Attribute" "(" Expr "," String ")" [strict(1)] | "Compare"   "(" Expr "," CmpOp ")"
0889	SYNTAX	reference-semantics/semantics/syntax.k:32-32	ATTRS=-	syntax CmpOp    ::= "CmpOp" "(" String "," Expr ")"
0890	SYNTAX	reference-semantics/semantics/syntax.k:33-33	ATTRS=-	syntax Entry    ::= "Entry" "(" Expr "," Expr ")"
0891	SYNTAX	reference-semantics/semantics/syntax.k:34-34	ATTRS=-	syntax Entries  ::= List{Entry, ","}
0892	SYNTAX	reference-semantics/semantics/syntax.k:35-35	ATTRS=-	syntax CompFor  ::= "CompFor" "(" Expr "," Expr "," Exprs ")"
0893	SYNTAX	reference-semantics/semantics/syntax.k:36-36	ATTRS=-	syntax CompFors ::= List{CompFor, ""}
0894	SYNTAX	reference-semantics/semantics/syntax.k:37-37	ATTRS=-	syntax Exprs    ::= List{Expr, ","}
0895	SYNTAX	reference-semantics/semantics/syntax.k:38-38	ATTRS=-	syntax Index    ::= Expr | "Slice" "(" Bound "," Bound "," Bound ")"
0896	SYNTAX	reference-semantics/semantics/syntax.k:39-39	ATTRS=-	syntax Bound    ::= Expr | "NoBound"
0897	SYNTAX	reference-semantics/semantics/syntax.k:41-54	ATTRS=strict	syntax Stmt ::= "Assign"    "(" Expr "," Expr ")" [strict(2)] | "Import"    "(" String ")" | "ImportFrom" "(" String "," ParamNames ")" | "AugAssign" "(" Expr "," String "," Expr ")" [strict(3)] | "For"       "(" Expr "," Expr "," Stmts ")" [strict(2)] | "While"     "(" Expr "," Stmts ")" | "Break" | "Continue" | "If"        "(" Expr "," Stmts "," Stmts ")" [strict(1)] | "Return"    "(" Expr ")" [strict] | "Assert"    "(" Expr ")" [strict] | "Expr"      "(" Expr ")" [strict] | "FuncDef"   "(" String "," Params "," Stmts ")" | "FuncDef"   "(" String "," Params "," CellVars "," FreeVars "," Stmts ")"
0898	SYNTAX	reference-semantics/semantics/syntax.k:56-56	ATTRS=-	syntax Stmts      ::= List{Stmt, ""}
0899	SYNTAX	reference-semantics/semantics/syntax.k:57-57	ATTRS=-	syntax Params     ::= "Params" "(" ParamNames ")"
0900	SYNTAX	reference-semantics/semantics/syntax.k:58-58	ATTRS=-	syntax CellVars   ::= "CellVars" "(" ParamNames ")"
0901	SYNTAX	reference-semantics/semantics/syntax.k:59-59	ATTRS=-	syntax FreeVars   ::= "FreeVars" "(" ParamNames ")"
0902	SYNTAX	reference-semantics/semantics/syntax.k:60-60	ATTRS=-	syntax ParamNames ::= List{String, ","}
0903	SYNTAX	reference-semantics/semantics/syntax.k:61-61	ATTRS=-	syntax Module     ::= "Module" "(" Stmts ")"

## reference-semantics/semantics/tuple.k

Sentence count: 25

0904	RULE	reference-semantics/semantics/tuple.k:10-10	ATTRS=-	rule <k> #iterNext(tuple(.ValSeq))                => #iterDone ... </k>
0905	RULE	reference-semantics/semantics/tuple.k:11-11	ATTRS=-	rule <k> #iterNext(tuple(vCons(V:Val, R:ValSeq))) => #iterYield(V, tuple(R)) ... </k>
0906	SYNTAX	reference-semantics/semantics/tuple.k:14-14	ATTRS=-	syntax ApplyK ::= "toTuple"
0907	RULE	reference-semantics/semantics/tuple.k:15-15	ATTRS=-	rule <k> TupleExpr(ES:Exprs) => #evalArgs(ES, .Vals, toTuple) ... </k>
0908	RULE	reference-semantics/semantics/tuple.k:16-16	ATTRS=-	rule <k> #applyK(toTuple, ACC:Vals) => tuple(vals2valSeq(ACC)) ... </k>
0909	RULE	reference-semantics/semantics/tuple.k:18-18	ATTRS=-	rule applyCmp("==", tuple(A:ValSeq), tuple(B:ValSeq)) => A ==K B
0910	RULE	reference-semantics/semantics/tuple.k:20-20	ATTRS=-	rule <k> Compare(LV:Val, CmpOp("in",     tuple(VS:ValSeq))) => #memberAcc(LV, tuple(VS)) ... </k>
0911	RULE	reference-semantics/semantics/tuple.k:21-21	ATTRS=-	rule <k> Compare(LV:Val, CmpOp("not in", tuple(VS:ValSeq))) => #memberAcc(LV, tuple(VS)) ~> #notB ... </k>
0912	RULE	reference-semantics/semantics/tuple.k:23-23	ATTRS=-	rule applyMethod(tuple(VS:ValSeq), "index", V:Val, .Vals) => idxOfVS(VS, V, 0)
0913	SYNTAX	reference-semantics/semantics/tuple.k:24-24	ATTRS=function	syntax Int ::= idxOfVS(ValSeq, Val, Int) [function]
0914	RULE	reference-semantics/semantics/tuple.k:25-25	ATTRS=-	rule idxOfVS(vCons(A:Val, _:ValSeq), V:Val, I:Int) => I requires A ==K V
0915	RULE	reference-semantics/semantics/tuple.k:26-27	ATTRS=-	rule idxOfVS(vCons(A:Val, R:ValSeq), V:Val, I:Int) => idxOfVS(R, V, I +Int 1) requires notBool (A ==K V)
0916	RULE	reference-semantics/semantics/tuple.k:28-28	ATTRS=-	rule applyCmp("!=", tuple(A:ValSeq), tuple(B:ValSeq)) => notBool (A ==K B)
0917	SYNTAX	reference-semantics/semantics/tuple.k:31-31	ATTRS=-	syntax KItem ::= #bindTgt(Expr, Val)
0918	RULE	reference-semantics/semantics/tuple.k:32-34	ATTRS=-	rule <k> #bindTgt(Name(X:String), V:Val) => .K ... </k> <env> L:Int </env> <scopes> ... L |-> scope(M:Map => M [ X <- V ], _) ... </scopes>
0919	RULE	reference-semantics/semantics/tuple.k:35-41	ATTRS=priority	rule <k> #bindTgt(Name(X:String), V:Val) => #cellW({M[X]}:>Val, V) ... </k> <env> L:Int </env> <scopes> ... L |-> scope(M:Map, _) ... </scopes> requires "$cells" in_keys(M) andBool pnMember(X, cellsOf({M["$cells"]}:>Val)) andBool X in_keys(M) andBool isCellRef({M[X]}:>Val) [priority(40)]
0920	RULE	reference-semantics/semantics/tuple.k:42-42	ATTRS=-	rule <k> #bindTgt(TupleExpr(TS:Exprs), tuple(VS:ValSeq)) => #unpackSeq(TS, VS) ... </k>
0921	RULE	reference-semantics/semantics/tuple.k:43-43	ATTRS=-	rule <k> #bindTgt(TupleExpr(TS:Exprs), list(VS:ValSeq))  => #unpackSeq(TS, VS) ... </k>
0922	RULE	reference-semantics/semantics/tuple.k:44-46	ATTRS=priority	rule <k> #bindTgt(TupleExpr(TS:Exprs), ref(H:Int)) => #bindTgt(TupleExpr(TS), V) ... </k> <heap> ... H |-> V:Val ... </heap> [priority(40)]
0923	SYNTAX	reference-semantics/semantics/tuple.k:49-49	ATTRS=-	syntax KItem ::= #unpackSeq(Exprs, ValSeq)
0924	RULE	reference-semantics/semantics/tuple.k:50-50	ATTRS=-	rule <k> Assign(TupleExpr(TS:Exprs), tuple(VS:ValSeq)) => #unpackSeq(TS, VS) ... </k>
0925	RULE	reference-semantics/semantics/tuple.k:51-51	ATTRS=-	rule <k> Assign(TupleExpr(TS:Exprs), list(VS:ValSeq))  => #unpackSeq(TS, VS) ... </k>
0926	RULE	reference-semantics/semantics/tuple.k:52-54	ATTRS=priority	rule <k> Assign(TupleExpr(TS:Exprs), ref(H:Int)) => Assign(TupleExpr(TS), V) ... </k> <heap> ... H |-> V:Val ... </heap> [priority(40)]
0927	RULE	reference-semantics/semantics/tuple.k:55-56	ATTRS=-	rule <k> #unpackSeq((T:Expr, TS:Exprs), vCons(V:Val, VS:ValSeq)) => #bindTgt(T, V) ~> #unpackSeq(TS, VS) ... </k>
0928	RULE	reference-semantics/semantics/tuple.k:57-57	ATTRS=-	rule <k> #unpackSeq(.Exprs, .ValSeq) => .K ... </k>

## verification.k

Sentence count: 17

0929	SYNTAX	verification.k:8-9	ATTRS=-	syntax StrList ::= ".StrList" | sCons(IntSeq, StrList)
0930	SYNTAX	verification.k:11-11	ATTRS=-	syntax ValSeq ::= strVals(StrList)
0931	RULE	verification.k:12-12	ATTRS=-	rule strVals(.StrList) => .ValSeq
0932	RULE	verification.k:13-14	ATTRS=-	rule strVals(sCons(CS:IntSeq, REST:StrList)) => vCons(str(CS), strVals(REST))
0933	SYNTAX	verification.k:18-18	ATTRS=function,total	syntax ValSeq ::= evenAppend(ValSeq, StrList) [function, total]
0934	RULE	verification.k:19-19	ATTRS=-	rule evenAppend(ACC:ValSeq, .StrList) => ACC
0935	RULE	verification.k:20-24	ATTRS=-	rule evenAppend(ACC:ValSeq, sCons(CS:IntSeq, REST:StrList)) => evenAppend( valSeqConcat(ACC, vCons(str(CS), .ValSeq)), REST) requires pyMod(isLen(CS), 2) ==Int 0
0936	RULE	verification.k:25-27	ATTRS=-	rule evenAppend(ACC:ValSeq, sCons(CS:IntSeq, REST:StrList)) => evenAppend(ACC, REST) requires pyMod(isLen(CS), 2) =/=Int 0
0937	SYNTAX	verification.k:32-32	ATTRS=macro	syntax Stmts ::= "filterBody" [macro]
0938	RULE	verification.k:33-42	ATTRS=-	rule filterBody => If( Compare( BinOp("%", Call(Name("len"), Name("word")), Int(2)), CmpOp("==", Int(0))), Expr( Call( Attribute(Name("even_words"), "append"), Name("word"))), .Stmts)
0939	SYNTAX	verification.k:44-44	ATTRS=macro	syntax Stmts ::= "solutionBody" [macro]
0940	RULE	verification.k:45-52	ATTRS=-	rule solutionBody => Assign(Name("even_words"), ListExpr(.Exprs)) For(Name("word"), Name("lst"), filterBody) Return( Call( Name("sorted"), Call(Name("sorted"), Name("even_words")), KwArg("key", Name("len"))))
0941	SYNTAX	verification.k:54-54	ATTRS=function,total	syntax Val ::= solutionClosure(Int) [function, total]
0942	RULE	verification.k:55-56	ATTRS=-	rule solutionClosure(L:Int) => closureVal(("lst", .ParamNames), solutionBody, L)
0943	SYNTAX	verification.k:61-61	ATTRS=function,total	syntax Map ::= "solutionGlobals" [function, total]
0944	RULE	verification.k:62-63	ATTRS=-	rule solutionGlobals => .Map [ "sorted_list_sum" <- solutionClosure(0) ]
0945	RULE	verification.k:71-93	ATTRS=priority	rule <k> #loop( list(strVals(INPUT:StrList)), Name("word"), filterBody) ~> CONT:K => CONT </k> <env> L:Int </env> <scopes> ... L |-> scope( "lst" |-> list(strVals(_WHOLE:StrList)) "even_words" |-> ref(H:Int), parent(0)) </scopes> <heap> ... H |-> list(ACC:ValSeq) => H |-> list(evenAppend(ACC, INPUT)) ... </heap> [priority(40)]

## spec.k

Sentence count: 2

0946	CLAIM	spec.k:9-30	ATTRS=-	claim <k> #loop( list(strVals(INPUT:StrList)), Name("word"), filterBody) ~> CONT:K => CONT </k> <env> L:Int </env> <scopes> ... L |-> scope( "lst" |-> list(strVals(_WHOLE:StrList)) "even_words" |-> ref(H:Int), parent(0)) </scopes> <heap> ... H |-> list(ACC:ValSeq) => H |-> list(evenAppend(ACC, INPUT)) ... </heap>
0947	CLAIM	spec.k:35-66	ATTRS=-	claim <k> FuncDef("sorted_list_sum", Params("lst"), solutionBody) ~> Call(Name("sorted_list_sum"), list(strVals(INPUT:StrList))) => ref(2) </k> <env> 0 </env> <scopes> -1 |-> builtinsScope 0  |-> scope(.Map, parent(-1)) => -1 |-> builtinsScope 0  |-> scope(solutionGlobals, parent(-1)) </scopes> <scopeLoc> 1 </scopeLoc> <heap> .Map => .Map [ 0 <- list(evenAppend(.ValSeq, INPUT)) ] [ 1 <- list(sortVS(evenAppend(.ValSeq, INPUT))) ] [ 2 <- list( sortKeyVS( sortVS(evenAppend(.ValSeq, INPUT)), builtinV("len"))) ] </heap> <heapLoc> 0 => 3 </heapLoc> <stack> .List </stack> <ret> noRet </ret> <exc> NoExc </exc> <exit-code> 0 </exit-code>

# Totals

sentences=947
claim=2
configuration=1
context=5
rule=705
syntax=234
attribute_concrete=35
attribute_function=149
attribute_macro=6
attribute_no-evaluators=22
attribute_owise=26
attribute_priority=46
attribute_seqstrict=1
attribute_strict=2
attribute_symbol=25
attribute_total=110
EXIT_STATUS: 0
