Script started on 2026-07-30 06:50:47-05:00 [<not executed on terminal>]
COMMAND: python3 /audit-output/evidence/stage5_inventory.py
FILES=26
TOP_LEVEL_DECLARATIONS=1183
COUNTS=claim=2 configuration=1 context=5 endmodule=27 imports=88 module=27 requires=25 rule=764 syntax=244

== Per-file counts ==
/tmp/audit-work/162-string-to-md5/reference-semantics/semantics.k: endmodule=2 imports=23 module=2 requires=23
/tmp/audit-work/162-string-to-md5/reference-semantics/semantics/assert.k: endmodule=1 imports=1 module=1 rule=3
/tmp/audit-work/162-string-to-md5/reference-semantics/semantics/bool.k: context=1 endmodule=1 imports=1 module=1 rule=16
/tmp/audit-work/162-string-to-md5/reference-semantics/semantics/builtins.k: endmodule=1 imports=7 module=1 rule=154 syntax=40
/tmp/audit-work/162-string-to-md5/reference-semantics/semantics/call.k: endmodule=1 imports=3 module=1 rule=21 syntax=3
/tmp/audit-work/162-string-to-md5/reference-semantics/semantics/comprehension.k: endmodule=1 imports=5 module=1 rule=7 syntax=3
/tmp/audit-work/162-string-to-md5/reference-semantics/semantics/concrete.k: endmodule=1 imports=1 module=1 rule=26 syntax=6
/tmp/audit-work/162-string-to-md5/reference-semantics/semantics/controls.k: endmodule=1 imports=3 module=1 rule=34 syntax=3
/tmp/audit-work/162-string-to-md5/reference-semantics/semantics/core.k: configuration=1 endmodule=1 imports=7 module=1 rule=51 syntax=41
/tmp/audit-work/162-string-to-md5/reference-semantics/semantics/dict.k: endmodule=1 imports=4 module=1 rule=28 syntax=12
/tmp/audit-work/162-string-to-md5/reference-semantics/semantics/float.k: endmodule=1 imports=3 module=1 rule=146 syntax=43
/tmp/audit-work/162-string-to-md5/reference-semantics/semantics/functions.k: endmodule=1 imports=1 module=1 rule=15 syntax=4
/tmp/audit-work/162-string-to-md5/reference-semantics/semantics/int.k: endmodule=1 imports=1 module=1 rule=19 syntax=1
/tmp/audit-work/162-string-to-md5/reference-semantics/semantics/iter.k: endmodule=1 imports=1 module=1 syntax=1
/tmp/audit-work/162-string-to-md5/reference-semantics/semantics/list.k: endmodule=1 imports=3 module=1 rule=27 syntax=5
/tmp/audit-work/162-string-to-md5/reference-semantics/semantics/methods.k: endmodule=1 imports=4 module=1 rule=75 syntax=27
/tmp/audit-work/162-string-to-md5/reference-semantics/semantics/operators.k: context=2 endmodule=1 imports=2 module=1 rule=10
/tmp/audit-work/162-string-to-md5/reference-semantics/semantics/range.k: endmodule=1 imports=2 module=1 rule=6 syntax=2
/tmp/audit-work/162-string-to-md5/reference-semantics/semantics/set.k: endmodule=1 imports=1 module=1 rule=12 syntax=6
/tmp/audit-work/162-string-to-md5/reference-semantics/semantics/sort.k: endmodule=1 imports=2 module=1 rule=25 syntax=7
/tmp/audit-work/162-string-to-md5/reference-semantics/semantics/str.k: endmodule=1 imports=2 module=1 rule=28 syntax=5
/tmp/audit-work/162-string-to-md5/reference-semantics/semantics/subscript.k: context=2 endmodule=1 imports=1 module=1 rule=40 syntax=15
/tmp/audit-work/162-string-to-md5/reference-semantics/semantics/syntax.k: endmodule=1 imports=4 module=1 syntax=16
/tmp/audit-work/162-string-to-md5/reference-semantics/semantics/tuple.k: endmodule=1 imports=4 module=1 rule=21 syntax=4
/tmp/audit-work/162-string-to-md5/verification.k: endmodule=1 imports=1 module=1 requires=1
/tmp/audit-work/162-string-to-md5/spec.k: claim=2 endmodule=1 imports=1 module=1 requires=1

== Every top-level declaration/rule ==
INV-0001 SOURCE=SUPPLIED_FIXED KIND=requires FILE=/tmp/audit-work/162-string-to-md5/reference-semantics/semantics.k LINES=34-34 ATTRS=-
  requires "semantics/syntax.k"
INV-0002 SOURCE=SUPPLIED_FIXED KIND=requires FILE=/tmp/audit-work/162-string-to-md5/reference-semantics/semantics.k LINES=35-35 ATTRS=-
  requires "semantics/core.k"
INV-0003 SOURCE=SUPPLIED_FIXED KIND=requires FILE=/tmp/audit-work/162-string-to-md5/reference-semantics/semantics.k LINES=36-36 ATTRS=-
  requires "semantics/iter.k"
INV-0004 SOURCE=SUPPLIED_FIXED KIND=requires FILE=/tmp/audit-work/162-string-to-md5/reference-semantics/semantics.k LINES=37-37 ATTRS=-
  requires "semantics/range.k"
INV-0005 SOURCE=SUPPLIED_FIXED KIND=requires FILE=/tmp/audit-work/162-string-to-md5/reference-semantics/semantics.k LINES=38-38 ATTRS=-
  requires "semantics/operators.k"
INV-0006 SOURCE=SUPPLIED_FIXED KIND=requires FILE=/tmp/audit-work/162-string-to-md5/reference-semantics/semantics.k LINES=39-39 ATTRS=-
  requires "semantics/int.k"
INV-0007 SOURCE=SUPPLIED_FIXED KIND=requires FILE=/tmp/audit-work/162-string-to-md5/reference-semantics/semantics.k LINES=40-40 ATTRS=-
  requires "semantics/bool.k"
INV-0008 SOURCE=SUPPLIED_FIXED KIND=requires FILE=/tmp/audit-work/162-string-to-md5/reference-semantics/semantics.k LINES=41-41 ATTRS=-
  requires "semantics/float.k"
INV-0009 SOURCE=SUPPLIED_FIXED KIND=requires FILE=/tmp/audit-work/162-string-to-md5/reference-semantics/semantics.k LINES=42-42 ATTRS=-
  requires "semantics/str.k"
INV-0010 SOURCE=SUPPLIED_FIXED KIND=requires FILE=/tmp/audit-work/162-string-to-md5/reference-semantics/semantics.k LINES=43-43 ATTRS=-
  requires "semantics/set.k"
INV-0011 SOURCE=SUPPLIED_FIXED KIND=requires FILE=/tmp/audit-work/162-string-to-md5/reference-semantics/semantics.k LINES=44-44 ATTRS=-
  requires "semantics/list.k"
INV-0012 SOURCE=SUPPLIED_FIXED KIND=requires FILE=/tmp/audit-work/162-string-to-md5/reference-semantics/semantics.k LINES=45-45 ATTRS=-
  requires "semantics/tuple.k"
INV-0013 SOURCE=SUPPLIED_FIXED KIND=requires FILE=/tmp/audit-work/162-string-to-md5/reference-semantics/semantics.k LINES=46-46 ATTRS=-
  requires "semantics/subscript.k"
INV-0014 SOURCE=SUPPLIED_FIXED KIND=requires FILE=/tmp/audit-work/162-string-to-md5/reference-semantics/semantics.k LINES=47-47 ATTRS=-
  requires "semantics/comprehension.k"
INV-0015 SOURCE=SUPPLIED_FIXED KIND=requires FILE=/tmp/audit-work/162-string-to-md5/reference-semantics/semantics.k LINES=48-48 ATTRS=-
  requires "semantics/methods.k"
INV-0016 SOURCE=SUPPLIED_FIXED KIND=requires FILE=/tmp/audit-work/162-string-to-md5/reference-semantics/semantics.k LINES=49-49 ATTRS=-
  requires "semantics/controls.k"
INV-0017 SOURCE=SUPPLIED_FIXED KIND=requires FILE=/tmp/audit-work/162-string-to-md5/reference-semantics/semantics.k LINES=50-50 ATTRS=-
  requires "semantics/functions.k"
INV-0018 SOURCE=SUPPLIED_FIXED KIND=requires FILE=/tmp/audit-work/162-string-to-md5/reference-semantics/semantics.k LINES=51-51 ATTRS=-
  requires "semantics/builtins.k"
INV-0019 SOURCE=SUPPLIED_FIXED KIND=requires FILE=/tmp/audit-work/162-string-to-md5/reference-semantics/semantics.k LINES=52-52 ATTRS=-
  requires "semantics/call.k"
INV-0020 SOURCE=SUPPLIED_FIXED KIND=requires FILE=/tmp/audit-work/162-string-to-md5/reference-semantics/semantics.k LINES=53-53 ATTRS=-
  requires "semantics/sort.k"
INV-0021 SOURCE=SUPPLIED_FIXED KIND=requires FILE=/tmp/audit-work/162-string-to-md5/reference-semantics/semantics.k LINES=54-54 ATTRS=-
  requires "semantics/assert.k"
INV-0022 SOURCE=SUPPLIED_FIXED KIND=requires FILE=/tmp/audit-work/162-string-to-md5/reference-semantics/semantics.k LINES=55-55 ATTRS=-
  requires "semantics/dict.k"
INV-0023 SOURCE=SUPPLIED_FIXED KIND=requires FILE=/tmp/audit-work/162-string-to-md5/reference-semantics/semantics.k LINES=56-56 ATTRS=-
  requires "semantics/concrete.k"
INV-0024 SOURCE=SUPPLIED_FIXED KIND=module FILE=/tmp/audit-work/162-string-to-md5/reference-semantics/semantics.k LINES=58-58 ATTRS=-
  module MPY
INV-0025 SOURCE=SUPPLIED_FIXED KIND=imports FILE=/tmp/audit-work/162-string-to-md5/reference-semantics/semantics.k LINES=59-59 ATTRS=-
  imports MPY-CORE
INV-0026 SOURCE=SUPPLIED_FIXED KIND=imports FILE=/tmp/audit-work/162-string-to-md5/reference-semantics/semantics.k LINES=60-60 ATTRS=-
  imports MPY-ITER
INV-0027 SOURCE=SUPPLIED_FIXED KIND=imports FILE=/tmp/audit-work/162-string-to-md5/reference-semantics/semantics.k LINES=61-61 ATTRS=-
  imports MPY-RANGE
INV-0028 SOURCE=SUPPLIED_FIXED KIND=imports FILE=/tmp/audit-work/162-string-to-md5/reference-semantics/semantics.k LINES=62-62 ATTRS=-
  imports MPY-OPERATORS
INV-0029 SOURCE=SUPPLIED_FIXED KIND=imports FILE=/tmp/audit-work/162-string-to-md5/reference-semantics/semantics.k LINES=63-63 ATTRS=-
  imports MPY-INT
INV-0030 SOURCE=SUPPLIED_FIXED KIND=imports FILE=/tmp/audit-work/162-string-to-md5/reference-semantics/semantics.k LINES=64-64 ATTRS=-
  imports MPY-BOOL
INV-0031 SOURCE=SUPPLIED_FIXED KIND=imports FILE=/tmp/audit-work/162-string-to-md5/reference-semantics/semantics.k LINES=65-65 ATTRS=-
  imports MPY-FLOAT
INV-0032 SOURCE=SUPPLIED_FIXED KIND=imports FILE=/tmp/audit-work/162-string-to-md5/reference-semantics/semantics.k LINES=66-66 ATTRS=-
  imports MPY-STR
INV-0033 SOURCE=SUPPLIED_FIXED KIND=imports FILE=/tmp/audit-work/162-string-to-md5/reference-semantics/semantics.k LINES=67-67 ATTRS=-
  imports MPY-SET
INV-0034 SOURCE=SUPPLIED_FIXED KIND=imports FILE=/tmp/audit-work/162-string-to-md5/reference-semantics/semantics.k LINES=68-68 ATTRS=-
  imports MPY-LIST
INV-0035 SOURCE=SUPPLIED_FIXED KIND=imports FILE=/tmp/audit-work/162-string-to-md5/reference-semantics/semantics.k LINES=69-69 ATTRS=-
  imports MPY-TUPLE
INV-0036 SOURCE=SUPPLIED_FIXED KIND=imports FILE=/tmp/audit-work/162-string-to-md5/reference-semantics/semantics.k LINES=70-70 ATTRS=-
  imports MPY-SUBSCRIPT
INV-0037 SOURCE=SUPPLIED_FIXED KIND=imports FILE=/tmp/audit-work/162-string-to-md5/reference-semantics/semantics.k LINES=71-71 ATTRS=-
  imports MPY-COMPREHENSION
INV-0038 SOURCE=SUPPLIED_FIXED KIND=imports FILE=/tmp/audit-work/162-string-to-md5/reference-semantics/semantics.k LINES=72-72 ATTRS=-
  imports MPY-METHODS
INV-0039 SOURCE=SUPPLIED_FIXED KIND=imports FILE=/tmp/audit-work/162-string-to-md5/reference-semantics/semantics.k LINES=73-73 ATTRS=-
  imports MPY-CONTROLS
INV-0040 SOURCE=SUPPLIED_FIXED KIND=imports FILE=/tmp/audit-work/162-string-to-md5/reference-semantics/semantics.k LINES=74-74 ATTRS=-
  imports MPY-FUNCTIONS
INV-0041 SOURCE=SUPPLIED_FIXED KIND=imports FILE=/tmp/audit-work/162-string-to-md5/reference-semantics/semantics.k LINES=75-75 ATTRS=-
  imports MPY-BUILTINS
INV-0042 SOURCE=SUPPLIED_FIXED KIND=imports FILE=/tmp/audit-work/162-string-to-md5/reference-semantics/semantics.k LINES=76-76 ATTRS=-
  imports MPY-CALL
INV-0043 SOURCE=SUPPLIED_FIXED KIND=imports FILE=/tmp/audit-work/162-string-to-md5/reference-semantics/semantics.k LINES=77-77 ATTRS=-
  imports MPY-SORT
INV-0044 SOURCE=SUPPLIED_FIXED KIND=imports FILE=/tmp/audit-work/162-string-to-md5/reference-semantics/semantics.k LINES=78-78 ATTRS=-
  imports MPY-ASSERT
INV-0045 SOURCE=SUPPLIED_FIXED KIND=imports FILE=/tmp/audit-work/162-string-to-md5/reference-semantics/semantics.k LINES=79-79 ATTRS=-
  imports MPY-DICT
INV-0046 SOURCE=SUPPLIED_FIXED KIND=endmodule FILE=/tmp/audit-work/162-string-to-md5/reference-semantics/semantics.k LINES=80-80 ATTRS=-
  endmodule
INV-0047 SOURCE=SUPPLIED_FIXED KIND=module FILE=/tmp/audit-work/162-string-to-md5/reference-semantics/semantics.k LINES=87-87 ATTRS=-
  module MPY-KRUN
INV-0048 SOURCE=SUPPLIED_FIXED KIND=imports FILE=/tmp/audit-work/162-string-to-md5/reference-semantics/semantics.k LINES=88-88 ATTRS=-
  imports MPY
INV-0049 SOURCE=SUPPLIED_FIXED KIND=imports FILE=/tmp/audit-work/162-string-to-md5/reference-semantics/semantics.k LINES=89-89 ATTRS=-
  imports MPY-CONCRETE
INV-0050 SOURCE=SUPPLIED_FIXED KIND=endmodule FILE=/tmp/audit-work/162-string-to-md5/reference-semantics/semantics.k LINES=90-90 ATTRS=-
  endmodule
INV-0051 SOURCE=SUPPLIED_FIXED KIND=module FILE=/tmp/audit-work/162-string-to-md5/reference-semantics/semantics/assert.k LINES=3-3 ATTRS=-
  module MPY-ASSERT
INV-0052 SOURCE=SUPPLIED_FIXED KIND=imports FILE=/tmp/audit-work/162-string-to-md5/reference-semantics/semantics/assert.k LINES=4-4 ATTRS=-
  imports MPY-CORE
INV-0053 SOURCE=SUPPLIED_FIXED KIND=rule FILE=/tmp/audit-work/162-string-to-md5/reference-semantics/semantics/assert.k LINES=6-7 ATTRS=-
  rule <k> Assert(V:Val) => .K ... </k> requires truthy(V)
INV-0054 SOURCE=SUPPLIED_FIXED KIND=rule FILE=/tmp/audit-work/162-string-to-md5/reference-semantics/semantics/assert.k LINES=8-11 ATTRS=-
  rule <k> Assert(V:Val) ~> _ => .K </k> <exc> NoExc => AssertionError </exc> <exit-code> _ => 1 </exit-code> requires notBool truthy(V)
INV-0055 SOURCE=SUPPLIED_FIXED KIND=rule FILE=/tmp/audit-work/162-string-to-md5/reference-semantics/semantics/assert.k LINES=13-15 ATTRS=priority
  rule <k> Assert(ref(H:Int)) => Assert(V) ... </k> <heap> ... H |-> V:Val ... </heap> [priority(40)]
INV-0056 SOURCE=SUPPLIED_FIXED KIND=endmodule FILE=/tmp/audit-work/162-string-to-md5/reference-semantics/semantics/assert.k LINES=16-16 ATTRS=-
  endmodule
INV-0057 SOURCE=SUPPLIED_FIXED KIND=module FILE=/tmp/audit-work/162-string-to-md5/reference-semantics/semantics/bool.k LINES=5-5 ATTRS=-
  module MPY-BOOL
INV-0058 SOURCE=SUPPLIED_FIXED KIND=imports FILE=/tmp/audit-work/162-string-to-md5/reference-semantics/semantics/bool.k LINES=6-6 ATTRS=-
  imports MPY-CORE
INV-0059 SOURCE=SUPPLIED_FIXED KIND=rule FILE=/tmp/audit-work/162-string-to-md5/reference-semantics/semantics/bool.k LINES=8-8 ATTRS=-
  rule applyUn("not", V:Val) => notBool truthy(V)
INV-0060 SOURCE=SUPPLIED_FIXED KIND=rule FILE=/tmp/audit-work/162-string-to-md5/reference-semantics/semantics/bool.k LINES=10-10 ATTRS=-
  rule applyCmp("==", B1:Bool, B2:Bool) => B1 ==Bool B2
INV-0061 SOURCE=SUPPLIED_FIXED KIND=rule FILE=/tmp/audit-work/162-string-to-md5/reference-semantics/semantics/bool.k LINES=11-11 ATTRS=-
  rule applyCmp("!=", B1:Bool, B2:Bool) => B1 =/=Bool B2
INV-0062 SOURCE=SUPPLIED_FIXED KIND=rule FILE=/tmp/audit-work/162-string-to-md5/reference-semantics/semantics/bool.k LINES=17-18 ATTRS=-
  rule applyCmp(OP:String, B:Bool, I:Int) => applyCmp(OP, boolAsInt(B), I) requires isEqOrdOp(OP)
INV-0063 SOURCE=SUPPLIED_FIXED KIND=rule FILE=/tmp/audit-work/162-string-to-md5/reference-semantics/semantics/bool.k LINES=19-20 ATTRS=-
  rule applyCmp(OP:String, I:Int, B:Bool) => applyCmp(OP, I, boolAsInt(B)) requires isEqOrdOp(OP)
INV-0064 SOURCE=SUPPLIED_FIXED KIND=rule FILE=/tmp/audit-work/162-string-to-md5/reference-semantics/semantics/bool.k LINES=21-22 ATTRS=-
  rule applyCmp(OP:String, B1:Bool, B2:Bool) => applyCmp(OP, boolAsInt(B1), boolAsInt(B2)) requires isOrdOp(OP)
INV-0065 SOURCE=SUPPLIED_FIXED KIND=context FILE=/tmp/audit-work/162-string-to-md5/reference-semantics/semantics/bool.k LINES=27-27 ATTRS=-
  context BoolOp(_, (HOLE:Expr, _:Exprs))
INV-0066 SOURCE=SUPPLIED_FIXED KIND=rule FILE=/tmp/audit-work/162-string-to-md5/reference-semantics/semantics/bool.k LINES=28-28 ATTRS=-
  rule <k> BoolOp(_:String, (V:Val, .Exprs)) => V ... </k>
INV-0067 SOURCE=SUPPLIED_FIXED KIND=rule FILE=/tmp/audit-work/162-string-to-md5/reference-semantics/semantics/bool.k LINES=29-30 ATTRS=-
  rule <k> BoolOp("and", (V:Val, A:Expr, REST:Exprs)) => BoolOp("and", (A, REST)) ... </k> requires truthy(V)
INV-0068 SOURCE=SUPPLIED_FIXED KIND=rule FILE=/tmp/audit-work/162-string-to-md5/reference-semantics/semantics/bool.k LINES=31-32 ATTRS=-
  rule <k> BoolOp("and", (V:Val, _:Expr, _:Exprs)) => V ... </k> requires notBool truthy(V)
INV-0069 SOURCE=SUPPLIED_FIXED KIND=rule FILE=/tmp/audit-work/162-string-to-md5/reference-semantics/semantics/bool.k LINES=33-34 ATTRS=-
  rule <k> BoolOp("or", (V:Val, _:Expr, _:Exprs)) => V ... </k> requires truthy(V)
INV-0070 SOURCE=SUPPLIED_FIXED KIND=rule FILE=/tmp/audit-work/162-string-to-md5/reference-semantics/semantics/bool.k LINES=35-36 ATTRS=-
  rule <k> BoolOp("or", (V:Val, A:Expr, REST:Exprs)) => BoolOp("or", (A, REST)) ... </k> requires notBool truthy(V)
INV-0071 SOURCE=SUPPLIED_FIXED KIND=rule FILE=/tmp/audit-work/162-string-to-md5/reference-semantics/semantics/bool.k LINES=40-41 ATTRS=priority
  rule <k> BoolOp(_:String, (ref(H:Int), .Exprs)) => ref(H) ... </k> [priority(40)]
INV-0072 SOURCE=SUPPLIED_FIXED KIND=rule FILE=/tmp/audit-work/162-string-to-md5/reference-semantics/semantics/bool.k LINES=42-45 ATTRS=priority
  rule <k> BoolOp("and", (ref(H:Int), A:Expr, REST:Exprs)) => BoolOp("and", (A, REST)) ... </k> <heap> ... H |-> V:Val ... </heap> requires truthy(V) [priority(40)]
INV-0073 SOURCE=SUPPLIED_FIXED KIND=rule FILE=/tmp/audit-work/162-string-to-md5/reference-semantics/semantics/bool.k LINES=46-49 ATTRS=priority
  rule <k> BoolOp("and", (ref(H:Int), _:Expr, _:Exprs)) => ref(H) ... </k> <heap> ... H |-> V:Val ... </heap> requires notBool truthy(V) [priority(40)]
INV-0074 SOURCE=SUPPLIED_FIXED KIND=rule FILE=/tmp/audit-work/162-string-to-md5/reference-semantics/semantics/bool.k LINES=50-53 ATTRS=priority
  rule <k> BoolOp("or", (ref(H:Int), _:Expr, _:Exprs)) => ref(H) ... </k> <heap> ... H |-> V:Val ... </heap> requires truthy(V) [priority(40)]
INV-0075 SOURCE=SUPPLIED_FIXED KIND=rule FILE=/tmp/audit-work/162-string-to-md5/reference-semantics/semantics/bool.k LINES=54-57 ATTRS=priority
  rule <k> BoolOp("or", (ref(H:Int), A:Expr, REST:Exprs)) => BoolOp("or", (A, REST)) ... </k> <heap> ... H |-> V:Val ... </heap> requires notBool truthy(V) [priority(40)]
INV-0076 SOURCE=SUPPLIED_FIXED KIND=endmodule FILE=/tmp/audit-work/162-string-to-md5/reference-semantics/semantics/bool.k LINES=58-58 ATTRS=-
  endmodule
INV-0077 SOURCE=SUPPLIED_FIXED KIND=module FILE=/tmp/audit-work/162-string-to-md5/reference-semantics/semantics/builtins.k LINES=3-3 ATTRS=-
  module MPY-BUILTINS
INV-0078 SOURCE=SUPPLIED_FIXED KIND=imports FILE=/tmp/audit-work/162-string-to-md5/reference-semantics/semantics/builtins.k LINES=4-4 ATTRS=-
  imports MPY-CORE
INV-0079 SOURCE=SUPPLIED_FIXED KIND=imports FILE=/tmp/audit-work/162-string-to-md5/reference-semantics/semantics/builtins.k LINES=5-5 ATTRS=-
  imports MPY-STR
INV-0080 SOURCE=SUPPLIED_FIXED KIND=imports FILE=/tmp/audit-work/162-string-to-md5/reference-semantics/semantics/builtins.k LINES=6-6 ATTRS=-
  imports MPY-SET
INV-0081 SOURCE=SUPPLIED_FIXED KIND=imports FILE=/tmp/audit-work/162-string-to-md5/reference-semantics/semantics/builtins.k LINES=7-7 ATTRS=-
  imports MPY-ITER
INV-0082 SOURCE=SUPPLIED_FIXED KIND=imports FILE=/tmp/audit-work/162-string-to-md5/reference-semantics/semantics/builtins.k LINES=8-8 ATTRS=-
  imports MPY-RANGE
INV-0083 SOURCE=SUPPLIED_FIXED KIND=imports FILE=/tmp/audit-work/162-string-to-md5/reference-semantics/semantics/builtins.k LINES=9-9 ATTRS=-
  imports MPY-INT
INV-0084 SOURCE=SUPPLIED_FIXED KIND=imports FILE=/tmp/audit-work/162-string-to-md5/reference-semantics/semantics/builtins.k LINES=10-10 ATTRS=-
  imports MPY-METHODS
INV-0085 SOURCE=SUPPLIED_FIXED KIND=syntax FILE=/tmp/audit-work/162-string-to-md5/reference-semantics/semantics/builtins.k LINES=17-17 ATTRS=function
  syntax Val ::= applyBuiltin(String, Vals) [function]
INV-0086 SOURCE=SUPPLIED_FIXED KIND=syntax FILE=/tmp/audit-work/162-string-to-md5/reference-semantics/semantics/builtins.k LINES=20-20 ATTRS=function
  syntax Int ::= seqLen(Val) [function]
INV-0087 SOURCE=SUPPLIED_FIXED KIND=rule FILE=/tmp/audit-work/162-string-to-md5/reference-semantics/semantics/builtins.k LINES=21-21 ATTRS=-
  rule applyBuiltin("len", OBJ:Val, .Vals) => seqLen(OBJ)
INV-0088 SOURCE=SUPPLIED_FIXED KIND=rule FILE=/tmp/audit-work/162-string-to-md5/reference-semantics/semantics/builtins.k LINES=22-22 ATTRS=-
  rule seqLen(list(VS:ValSeq)) => vsLen(VS)
INV-0089 SOURCE=SUPPLIED_FIXED KIND=rule FILE=/tmp/audit-work/162-string-to-md5/reference-semantics/semantics/builtins.k LINES=23-23 ATTRS=-
  rule seqLen(tuple(VS:ValSeq)) => vsLen(VS)
INV-0090 SOURCE=SUPPLIED_FIXED KIND=rule FILE=/tmp/audit-work/162-string-to-md5/reference-semantics/semantics/builtins.k LINES=24-24 ATTRS=-
  rule seqLen(str(IS:IntSeq)) => isLen(IS)
INV-0091 SOURCE=SUPPLIED_FIXED KIND=rule FILE=/tmp/audit-work/162-string-to-md5/reference-semantics/semantics/builtins.k LINES=25-25 ATTRS=-
  rule seqLen(setV(DS:IntSeq)) => isLen(DS)
INV-0092 SOURCE=SUPPLIED_FIXED KIND=rule FILE=/tmp/audit-work/162-string-to-md5/reference-semantics/semantics/builtins.k LINES=26-26 ATTRS=-
  rule seqLen(rangeObj(LO:Int, HI:Int, ST:Int)) => rangeLen(LO, HI, ST)
INV-0093 SOURCE=SUPPLIED_FIXED KIND=rule FILE=/tmp/audit-work/162-string-to-md5/reference-semantics/semantics/builtins.k LINES=32-32 ATTRS=-
  rule <k> #applyK(toCall(builtinV("list")), (list(VS:ValSeq), .Vals)) => #alloc(list(VS)) ... </k>
INV-0094 SOURCE=SUPPLIED_FIXED KIND=rule FILE=/tmp/audit-work/162-string-to-md5/reference-semantics/semantics/builtins.k LINES=33-33 ATTRS=-
  rule <k> #applyK(toCall(builtinV("list")), (tuple(VS:ValSeq), .Vals)) => #alloc(list(VS)) ... </k>
INV-0095 SOURCE=SUPPLIED_FIXED KIND=rule FILE=/tmp/audit-work/162-string-to-md5/reference-semantics/semantics/builtins.k LINES=34-34 ATTRS=-
  rule <k> #applyK(toCall(builtinV("list")), .Vals) => #alloc(list(.ValSeq)) ... </k>
INV-0096 SOURCE=SUPPLIED_FIXED KIND=rule FILE=/tmp/audit-work/162-string-to-md5/reference-semantics/semantics/builtins.k LINES=35-35 ATTRS=-
  rule <k> #applyK(toCall(builtinV("list")), (str(CS:IntSeq), .Vals)) => #alloc(list(charsOf(CS))) ... </k>
INV-0097 SOURCE=SUPPLIED_FIXED KIND=syntax FILE=/tmp/audit-work/162-string-to-md5/reference-semantics/semantics/builtins.k LINES=36-36 ATTRS=function,total
  syntax ValSeq ::= charsOf(IntSeq) [function, total]
INV-0098 SOURCE=SUPPLIED_FIXED KIND=rule FILE=/tmp/audit-work/162-string-to-md5/reference-semantics/semantics/builtins.k LINES=37-37 ATTRS=-
  rule charsOf(.IntSeq) => .ValSeq
INV-0099 SOURCE=SUPPLIED_FIXED KIND=rule FILE=/tmp/audit-work/162-string-to-md5/reference-semantics/semantics/builtins.k LINES=38-38 ATTRS=-
  rule charsOf(iCons(C:Int, R:IntSeq)) => vCons(str(iCons(C, .IntSeq)), charsOf(R))
INV-0100 SOURCE=SUPPLIED_FIXED KIND=rule FILE=/tmp/audit-work/162-string-to-md5/reference-semantics/semantics/builtins.k LINES=41-41 ATTRS=-
  rule applyBuiltin("set", str(CS:IntSeq), .Vals) => setV(dedupCodes(CS))
INV-0101 SOURCE=SUPPLIED_FIXED KIND=rule FILE=/tmp/audit-work/162-string-to-md5/reference-semantics/semantics/builtins.k LINES=44-44 ATTRS=-
  rule applyBuiltin("abs", I:Int, .Vals) => absInt(I)
INV-0102 SOURCE=SUPPLIED_FIXED KIND=syntax FILE=/tmp/audit-work/162-string-to-md5/reference-semantics/semantics/builtins.k LINES=47-47 ATTRS=-
  syntax KItem ::= #sumAcc(Iterable, Int) | #sumCont(Int)
INV-0103 SOURCE=SUPPLIED_FIXED KIND=rule FILE=/tmp/audit-work/162-string-to-md5/reference-semantics/semantics/builtins.k LINES=48-48 ATTRS=-
  rule <k> #sumAcc(IT:Iterable, ACC:Int) => #iterNext(IT) ~> #sumCont(ACC) ... </k>
INV-0104 SOURCE=SUPPLIED_FIXED KIND=rule FILE=/tmp/audit-work/162-string-to-md5/reference-semantics/semantics/builtins.k LINES=49-49 ATTRS=-
  rule <k> #iterDone ~> #sumCont(ACC:Int) => ACC ... </k>
INV-0105 SOURCE=SUPPLIED_FIXED KIND=rule FILE=/tmp/audit-work/162-string-to-md5/reference-semantics/semantics/builtins.k LINES=50-52 ATTRS=-
  rule <k> #iterYield(V:Val, R:Iterable) ~> #sumCont(ACC:Int) => #sumAcc(R, ACC +Int intOf(V)) ... </k> requires isInt(V) orBool isBool(V)
INV-0106 SOURCE=SUPPLIED_FIXED KIND=syntax FILE=/tmp/audit-work/162-string-to-md5/reference-semantics/semantics/builtins.k LINES=54-54 ATTRS=function
  syntax Int ::= intOf(Val) [function]
INV-0107 SOURCE=SUPPLIED_FIXED KIND=rule FILE=/tmp/audit-work/162-string-to-md5/reference-semantics/semantics/builtins.k LINES=55-55 ATTRS=-
  rule intOf(I:Int) => I
INV-0108 SOURCE=SUPPLIED_FIXED KIND=rule FILE=/tmp/audit-work/162-string-to-md5/reference-semantics/semantics/builtins.k LINES=56-56 ATTRS=-
  rule intOf(B:Bool) => #if B #then 1 #else 0 #fi
INV-0109 SOURCE=SUPPLIED_FIXED KIND=syntax FILE=/tmp/audit-work/162-string-to-md5/reference-semantics/semantics/builtins.k LINES=59-59 ATTRS=-
  syntax KItem ::= #allAcc(Iterable) | "#allCont"
INV-0110 SOURCE=SUPPLIED_FIXED KIND=rule FILE=/tmp/audit-work/162-string-to-md5/reference-semantics/semantics/builtins.k LINES=60-60 ATTRS=-
  rule <k> #allAcc(IT:Iterable) => #iterNext(IT) ~> #allCont ... </k>
INV-0111 SOURCE=SUPPLIED_FIXED KIND=rule FILE=/tmp/audit-work/162-string-to-md5/reference-semantics/semantics/builtins.k LINES=61-61 ATTRS=-
  rule <k> #iterDone ~> #allCont => true ... </k>
INV-0112 SOURCE=SUPPLIED_FIXED KIND=rule FILE=/tmp/audit-work/162-string-to-md5/reference-semantics/semantics/builtins.k LINES=62-63 ATTRS=-
  rule <k> #iterYield(V:Val, R:Iterable) ~> #allCont => #allAcc(R) ... </k> requires truthy(V)
INV-0113 SOURCE=SUPPLIED_FIXED KIND=rule FILE=/tmp/audit-work/162-string-to-md5/reference-semantics/semantics/builtins.k LINES=64-65 ATTRS=-
  rule <k> #iterYield(V:Val, _:Iterable) ~> #allCont => false ... </k> requires notBool truthy(V)
INV-0114 SOURCE=SUPPLIED_FIXED KIND=syntax FILE=/tmp/audit-work/162-string-to-md5/reference-semantics/semantics/builtins.k LINES=67-67 ATTRS=-
  syntax KItem ::= #anyAcc(Iterable) | "#anyCont"
INV-0115 SOURCE=SUPPLIED_FIXED KIND=rule FILE=/tmp/audit-work/162-string-to-md5/reference-semantics/semantics/builtins.k LINES=68-68 ATTRS=-
  rule <k> #anyAcc(IT:Iterable) => #iterNext(IT) ~> #anyCont ... </k>
INV-0116 SOURCE=SUPPLIED_FIXED KIND=rule FILE=/tmp/audit-work/162-string-to-md5/reference-semantics/semantics/builtins.k LINES=69-69 ATTRS=-
  rule <k> #iterDone ~> #anyCont => false ... </k>
INV-0117 SOURCE=SUPPLIED_FIXED KIND=rule FILE=/tmp/audit-work/162-string-to-md5/reference-semantics/semantics/builtins.k LINES=70-71 ATTRS=-
  rule <k> #iterYield(V:Val, _:Iterable) ~> #anyCont => true ... </k> requires truthy(V)
INV-0118 SOURCE=SUPPLIED_FIXED KIND=rule FILE=/tmp/audit-work/162-string-to-md5/reference-semantics/semantics/builtins.k LINES=72-73 ATTRS=-
  rule <k> #iterYield(V:Val, R:Iterable) ~> #anyCont => #anyAcc(R) ... </k> requires notBool truthy(V)
INV-0119 SOURCE=SUPPLIED_FIXED KIND=syntax FILE=/tmp/audit-work/162-string-to-md5/reference-semantics/semantics/builtins.k LINES=76-76 ATTRS=-
  syntax KItem ::= #maxAcc0(Iterable) | "#maxCont0" | #maxAcc(Iterable, Int) | #maxCont(Int)
INV-0120 SOURCE=SUPPLIED_FIXED KIND=rule FILE=/tmp/audit-work/162-string-to-md5/reference-semantics/semantics/builtins.k LINES=77-77 ATTRS=-
  rule <k> #maxAcc0(IT:Iterable) => #iterNext(IT) ~> #maxCont0 ... </k>
INV-0121 SOURCE=SUPPLIED_FIXED KIND=rule FILE=/tmp/audit-work/162-string-to-md5/reference-semantics/semantics/builtins.k LINES=78-79 ATTRS=-
  rule <k> #iterYield(V:Val, R:Iterable) ~> #maxCont0 => #maxAcc(R, {V}:>Int) ... </k> requires isInt(V)
INV-0122 SOURCE=SUPPLIED_FIXED KIND=rule FILE=/tmp/audit-work/162-string-to-md5/reference-semantics/semantics/builtins.k LINES=80-80 ATTRS=-
  rule <k> #maxAcc(IT:Iterable, M:Int) => #iterNext(IT) ~> #maxCont(M) ... </k>
INV-0123 SOURCE=SUPPLIED_FIXED KIND=rule FILE=/tmp/audit-work/162-string-to-md5/reference-semantics/semantics/builtins.k LINES=81-81 ATTRS=-
  rule <k> #iterDone ~> #maxCont(M:Int) => M ... </k>
INV-0124 SOURCE=SUPPLIED_FIXED KIND=rule FILE=/tmp/audit-work/162-string-to-md5/reference-semantics/semantics/builtins.k LINES=82-84 ATTRS=-
  rule <k> #iterYield(V:Val, R:Iterable) ~> #maxCont(M:Int) => #maxAcc(R, maxInt(M, {V}:>Int)) ... </k> requires isInt(V)
INV-0125 SOURCE=SUPPLIED_FIXED KIND=syntax FILE=/tmp/audit-work/162-string-to-md5/reference-semantics/semantics/builtins.k LINES=86-86 ATTRS=-
  syntax KItem ::= #minAcc0(Iterable) | "#minCont0" | #minAcc(Iterable, Int) | #minCont(Int)
INV-0126 SOURCE=SUPPLIED_FIXED KIND=rule FILE=/tmp/audit-work/162-string-to-md5/reference-semantics/semantics/builtins.k LINES=87-87 ATTRS=-
  rule <k> #minAcc0(IT:Iterable) => #iterNext(IT) ~> #minCont0 ... </k>
INV-0127 SOURCE=SUPPLIED_FIXED KIND=rule FILE=/tmp/audit-work/162-string-to-md5/reference-semantics/semantics/builtins.k LINES=88-89 ATTRS=-
  rule <k> #iterYield(V:Val, R:Iterable) ~> #minCont0 => #minAcc(R, {V}:>Int) ... </k> requires isInt(V)
INV-0128 SOURCE=SUPPLIED_FIXED KIND=rule FILE=/tmp/audit-work/162-string-to-md5/reference-semantics/semantics/builtins.k LINES=90-90 ATTRS=-
  rule <k> #minAcc(IT:Iterable, M:Int) => #iterNext(IT) ~> #minCont(M) ... </k>
INV-0129 SOURCE=SUPPLIED_FIXED KIND=rule FILE=/tmp/audit-work/162-string-to-md5/reference-semantics/semantics/builtins.k LINES=91-91 ATTRS=-
  rule <k> #iterDone ~> #minCont(M:Int) => M ... </k>
INV-0130 SOURCE=SUPPLIED_FIXED KIND=rule FILE=/tmp/audit-work/162-string-to-md5/reference-semantics/semantics/builtins.k LINES=92-94 ATTRS=-
  rule <k> #iterYield(V:Val, R:Iterable) ~> #minCont(M:Int) => #minAcc(R, minInt(M, {V}:>Int)) ... </k> requires isInt(V)
INV-0131 SOURCE=SUPPLIED_FIXED KIND=syntax FILE=/tmp/audit-work/162-string-to-md5/reference-semantics/semantics/builtins.k LINES=105-105 ATTRS=-
  syntax KItem ::= #maxAccV(Iterable, Val) | #maxContV(Val)
INV-0132 SOURCE=SUPPLIED_FIXED KIND=rule FILE=/tmp/audit-work/162-string-to-md5/reference-semantics/semantics/builtins.k LINES=106-107 ATTRS=-
  rule <k> #iterYield(V:Val, R:Iterable) ~> #maxCont0 => #maxAccV(R, V) ... </k> requires isBool(V) orBool isStr(V)
INV-0133 SOURCE=SUPPLIED_FIXED KIND=rule FILE=/tmp/audit-work/162-string-to-md5/reference-semantics/semantics/builtins.k LINES=108-110 ATTRS=-
  rule <k> #iterYield(V:Val, R:Iterable) ~> #maxCont(M:Int) => #iterYield(V, R) ~> #maxContV(M) ... </k> requires isFloat(V) orBool isBool(V)
INV-0134 SOURCE=SUPPLIED_FIXED KIND=rule FILE=/tmp/audit-work/162-string-to-md5/reference-semantics/semantics/builtins.k LINES=111-111 ATTRS=-
  rule <k> #maxAccV(IT:Iterable, M:Val) => #iterNext(IT) ~> #maxContV(M) ... </k>
INV-0135 SOURCE=SUPPLIED_FIXED KIND=rule FILE=/tmp/audit-work/162-string-to-md5/reference-semantics/semantics/builtins.k LINES=112-112 ATTRS=-
  rule <k> #iterDone ~> #maxContV(M:Val) => M ... </k>
INV-0136 SOURCE=SUPPLIED_FIXED KIND=rule FILE=/tmp/audit-work/162-string-to-md5/reference-semantics/semantics/builtins.k LINES=113-114 ATTRS=-
  rule <k> #iterYield(V:Val, R:Iterable) ~> #maxContV(M:Val) => #maxAccV(R, V) ... </k> requires applyCmp(">", V, M)
INV-0137 SOURCE=SUPPLIED_FIXED KIND=rule FILE=/tmp/audit-work/162-string-to-md5/reference-semantics/semantics/builtins.k LINES=115-116 ATTRS=-
  rule <k> #iterYield(V:Val, R:Iterable) ~> #maxContV(M:Val) => #maxAccV(R, M) ... </k> requires notBool applyCmp(">", V, M)
INV-0138 SOURCE=SUPPLIED_FIXED KIND=syntax FILE=/tmp/audit-work/162-string-to-md5/reference-semantics/semantics/builtins.k LINES=118-118 ATTRS=-
  syntax KItem ::= #minAccV(Iterable, Val) | #minContV(Val)
INV-0139 SOURCE=SUPPLIED_FIXED KIND=rule FILE=/tmp/audit-work/162-string-to-md5/reference-semantics/semantics/builtins.k LINES=119-120 ATTRS=-
  rule <k> #iterYield(V:Val, R:Iterable) ~> #minCont0 => #minAccV(R, V) ... </k> requires isBool(V) orBool isStr(V)
INV-0140 SOURCE=SUPPLIED_FIXED KIND=rule FILE=/tmp/audit-work/162-string-to-md5/reference-semantics/semantics/builtins.k LINES=121-123 ATTRS=-
  rule <k> #iterYield(V:Val, R:Iterable) ~> #minCont(M:Int) => #iterYield(V, R) ~> #minContV(M) ... </k> requires isFloat(V) orBool isBool(V)
INV-0141 SOURCE=SUPPLIED_FIXED KIND=rule FILE=/tmp/audit-work/162-string-to-md5/reference-semantics/semantics/builtins.k LINES=124-124 ATTRS=-
  rule <k> #minAccV(IT:Iterable, M:Val) => #iterNext(IT) ~> #minContV(M) ... </k>
INV-0142 SOURCE=SUPPLIED_FIXED KIND=rule FILE=/tmp/audit-work/162-string-to-md5/reference-semantics/semantics/builtins.k LINES=125-125 ATTRS=-
  rule <k> #iterDone ~> #minContV(M:Val) => M ... </k>
INV-0143 SOURCE=SUPPLIED_FIXED KIND=rule FILE=/tmp/audit-work/162-string-to-md5/reference-semantics/semantics/builtins.k LINES=126-127 ATTRS=-
  rule <k> #iterYield(V:Val, R:Iterable) ~> #minContV(M:Val) => #minAccV(R, V) ... </k> requires applyCmp("<", V, M)
INV-0144 SOURCE=SUPPLIED_FIXED KIND=rule FILE=/tmp/audit-work/162-string-to-md5/reference-semantics/semantics/builtins.k LINES=128-129 ATTRS=-
  rule <k> #iterYield(V:Val, R:Iterable) ~> #minContV(M:Val) => #minAccV(R, M) ... </k> requires notBool applyCmp("<", V, M)
INV-0145 SOURCE=SUPPLIED_FIXED KIND=syntax FILE=/tmp/audit-work/162-string-to-md5/reference-semantics/semantics/builtins.k LINES=135-135 ATTRS=function
  syntax Val ::= maxVals(Val, Vals) [function]
INV-0146 SOURCE=SUPPLIED_FIXED KIND=rule FILE=/tmp/audit-work/162-string-to-md5/reference-semantics/semantics/builtins.k LINES=136-136 ATTRS=-
  rule applyBuiltin("max", I:Int, REST:Vals) => maxVals(I, REST)
INV-0147 SOURCE=SUPPLIED_FIXED KIND=rule FILE=/tmp/audit-work/162-string-to-md5/reference-semantics/semantics/builtins.k LINES=137-138 ATTRS=-
  rule applyBuiltin("max", V:Val, (V2:Val, REST:Vals)) => maxVals(V, (V2, REST)) requires isFloat(V) orBool isBool(V) orBool isStr(V)
INV-0148 SOURCE=SUPPLIED_FIXED KIND=rule FILE=/tmp/audit-work/162-string-to-md5/reference-semantics/semantics/builtins.k LINES=139-139 ATTRS=-
  rule maxVals(M:Val, .Vals) => M
INV-0149 SOURCE=SUPPLIED_FIXED KIND=rule FILE=/tmp/audit-work/162-string-to-md5/reference-semantics/semantics/builtins.k LINES=140-140 ATTRS=-
  rule maxVals(M:Val, (V:Val, R:Vals)) => maxVals(V, R) requires applyCmp(">", V, M)
INV-0150 SOURCE=SUPPLIED_FIXED KIND=rule FILE=/tmp/audit-work/162-string-to-md5/reference-semantics/semantics/builtins.k LINES=141-141 ATTRS=-
  rule maxVals(M:Val, (V:Val, R:Vals)) => maxVals(M, R) requires notBool applyCmp(">", V, M)
INV-0151 SOURCE=SUPPLIED_FIXED KIND=syntax FILE=/tmp/audit-work/162-string-to-md5/reference-semantics/semantics/builtins.k LINES=143-143 ATTRS=function
  syntax Val ::= minVals(Val, Vals) [function]
INV-0152 SOURCE=SUPPLIED_FIXED KIND=rule FILE=/tmp/audit-work/162-string-to-md5/reference-semantics/semantics/builtins.k LINES=144-144 ATTRS=-
  rule applyBuiltin("min", I:Int, REST:Vals) => minVals(I, REST)
INV-0153 SOURCE=SUPPLIED_FIXED KIND=rule FILE=/tmp/audit-work/162-string-to-md5/reference-semantics/semantics/builtins.k LINES=145-146 ATTRS=-
  rule applyBuiltin("min", V:Val, (V2:Val, REST:Vals)) => minVals(V, (V2, REST)) requires isFloat(V) orBool isBool(V) orBool isStr(V)
INV-0154 SOURCE=SUPPLIED_FIXED KIND=rule FILE=/tmp/audit-work/162-string-to-md5/reference-semantics/semantics/builtins.k LINES=147-147 ATTRS=-
  rule minVals(M:Val, .Vals) => M
INV-0155 SOURCE=SUPPLIED_FIXED KIND=rule FILE=/tmp/audit-work/162-string-to-md5/reference-semantics/semantics/builtins.k LINES=148-148 ATTRS=-
  rule minVals(M:Val, (V:Val, R:Vals)) => minVals(V, R) requires applyCmp("<", V, M)
INV-0156 SOURCE=SUPPLIED_FIXED KIND=rule FILE=/tmp/audit-work/162-string-to-md5/reference-semantics/semantics/builtins.k LINES=149-149 ATTRS=-
  rule minVals(M:Val, (V:Val, R:Vals)) => minVals(M, R) requires notBool applyCmp("<", V, M)
INV-0157 SOURCE=SUPPLIED_FIXED KIND=rule FILE=/tmp/audit-work/162-string-to-md5/reference-semantics/semantics/builtins.k LINES=152-153 ATTRS=-
  rule applyBuiltin("bin", N:Int, .Vals) => str(iCons(48, iCons(98, binCodes(N)))) requires N >=Int 0
INV-0158 SOURCE=SUPPLIED_FIXED KIND=rule FILE=/tmp/audit-work/162-string-to-md5/reference-semantics/semantics/builtins.k LINES=155-157 ATTRS=-
  rule applyBuiltin("bin", N:Int, .Vals) => str(iCons(45, iCons(48, iCons(98, binCodes(0 -Int N))))) requires N <Int 0
INV-0159 SOURCE=SUPPLIED_FIXED KIND=syntax FILE=/tmp/audit-work/162-string-to-md5/reference-semantics/semantics/builtins.k LINES=158-158 ATTRS=function,total
  syntax IntSeq ::= binCodes(Int) [function, total]
INV-0160 SOURCE=SUPPLIED_FIXED KIND=rule FILE=/tmp/audit-work/162-string-to-md5/reference-semantics/semantics/builtins.k LINES=159-159 ATTRS=-
  rule binCodes(0) => iCons(48, .IntSeq)
INV-0161 SOURCE=SUPPLIED_FIXED KIND=rule FILE=/tmp/audit-work/162-string-to-md5/reference-semantics/semantics/builtins.k LINES=160-160 ATTRS=-
  rule binCodes(N:Int) => binAcc(N, .IntSeq) requires N >Int 0
INV-0162 SOURCE=SUPPLIED_FIXED KIND=syntax FILE=/tmp/audit-work/162-string-to-md5/reference-semantics/semantics/builtins.k LINES=161-161 ATTRS=function,total
  syntax IntSeq ::= binAcc(Int, IntSeq) [function, total]
INV-0163 SOURCE=SUPPLIED_FIXED KIND=rule FILE=/tmp/audit-work/162-string-to-md5/reference-semantics/semantics/builtins.k LINES=162-162 ATTRS=-
  rule binAcc(0, ACC:IntSeq) => ACC
INV-0164 SOURCE=SUPPLIED_FIXED KIND=rule FILE=/tmp/audit-work/162-string-to-md5/reference-semantics/semantics/builtins.k LINES=163-165 ATTRS=-
  rule binAcc(N:Int, ACC:IntSeq) => binAcc((N -Int pyMod(N, 2)) /Int 2, iCons(48 +Int pyMod(N, 2), ACC)) requires N >Int 0
INV-0165 SOURCE=SUPPLIED_FIXED KIND=rule FILE=/tmp/audit-work/162-string-to-md5/reference-semantics/semantics/builtins.k LINES=168-169 ATTRS=-
  rule <k> #applyK(toCall(builtinV("enumerate")), (list(VS:ValSeq), .Vals)) => #alloc(list(enumVS(VS, 0))) ... </k>
INV-0166 SOURCE=SUPPLIED_FIXED KIND=syntax FILE=/tmp/audit-work/162-string-to-md5/reference-semantics/semantics/builtins.k LINES=170-170 ATTRS=function,total
  syntax ValSeq ::= enumVS(ValSeq, Int) [function, total]
INV-0167 SOURCE=SUPPLIED_FIXED KIND=rule FILE=/tmp/audit-work/162-string-to-md5/reference-semantics/semantics/builtins.k LINES=171-171 ATTRS=-
  rule enumVS(.ValSeq, _:Int) => .ValSeq
INV-0168 SOURCE=SUPPLIED_FIXED KIND=rule FILE=/tmp/audit-work/162-string-to-md5/reference-semantics/semantics/builtins.k LINES=172-173 ATTRS=-
  rule enumVS(vCons(V:Val, R:ValSeq), I:Int) => vCons(tuple(vCons(I, vCons(V, .ValSeq))), enumVS(R, I +Int 1))
INV-0169 SOURCE=SUPPLIED_FIXED KIND=rule FILE=/tmp/audit-work/162-string-to-md5/reference-semantics/semantics/builtins.k LINES=176-177 ATTRS=-
  rule <k> #applyK(toCall(builtinV("map")), (typeV("str"), list(VS:ValSeq), .Vals)) => #alloc(list(mapStrVS(VS))) ... </k>
INV-0170 SOURCE=SUPPLIED_FIXED KIND=syntax FILE=/tmp/audit-work/162-string-to-md5/reference-semantics/semantics/builtins.k LINES=178-178 ATTRS=function,total
  syntax ValSeq ::= mapStrVS(ValSeq) [function, total]
INV-0171 SOURCE=SUPPLIED_FIXED KIND=rule FILE=/tmp/audit-work/162-string-to-md5/reference-semantics/semantics/builtins.k LINES=179-179 ATTRS=-
  rule mapStrVS(.ValSeq) => .ValSeq
INV-0172 SOURCE=SUPPLIED_FIXED KIND=rule FILE=/tmp/audit-work/162-string-to-md5/reference-semantics/semantics/builtins.k LINES=180-180 ATTRS=-
  rule mapStrVS(vCons(I:Int, R:ValSeq)) => vCons(str(strToCodes(Int2String(I))), mapStrVS(R))
INV-0173 SOURCE=SUPPLIED_FIXED KIND=rule FILE=/tmp/audit-work/162-string-to-md5/reference-semantics/semantics/builtins.k LINES=181-181 ATTRS=-
  rule mapStrVS(vCons(str(CS:IntSeq), R:ValSeq)) => vCons(str(CS), mapStrVS(R))
INV-0174 SOURCE=SUPPLIED_FIXED KIND=rule FILE=/tmp/audit-work/162-string-to-md5/reference-semantics/semantics/builtins.k LINES=184-184 ATTRS=-
  rule applyBuiltin("int", I:Int, .Vals) => I
INV-0175 SOURCE=SUPPLIED_FIXED KIND=rule FILE=/tmp/audit-work/162-string-to-md5/reference-semantics/semantics/builtins.k LINES=187-187 ATTRS=-
  rule applyBuiltin("ord", str(iCons(C:Int, .IntSeq)), .Vals) => C
INV-0176 SOURCE=SUPPLIED_FIXED KIND=rule FILE=/tmp/audit-work/162-string-to-md5/reference-semantics/semantics/builtins.k LINES=188-189 ATTRS=-
  rule applyBuiltin("chr", I:Int, .Vals) => str(iCons(I, .IntSeq)) requires 0 <=Int I andBool I <Int 128
INV-0177 SOURCE=SUPPLIED_FIXED KIND=rule FILE=/tmp/audit-work/162-string-to-md5/reference-semantics/semantics/builtins.k LINES=192-192 ATTRS=-
  rule applyBuiltin("str", I:Int, .Vals) => str(strToCodes(Int2String(I)))
INV-0178 SOURCE=SUPPLIED_FIXED KIND=rule FILE=/tmp/audit-work/162-string-to-md5/reference-semantics/semantics/builtins.k LINES=193-193 ATTRS=-
  rule applyBuiltin("str", str(CS:IntSeq), .Vals) => str(CS)
INV-0179 SOURCE=SUPPLIED_FIXED KIND=rule FILE=/tmp/audit-work/162-string-to-md5/reference-semantics/semantics/builtins.k LINES=196-197 ATTRS=-
  rule applyBuiltin("int", str(iCons(C:Int, .IntSeq)), .Vals) => C -Int 48 requires 48 <=Int C andBool C <=Int 57
INV-0180 SOURCE=SUPPLIED_FIXED KIND=rule FILE=/tmp/audit-work/162-string-to-md5/reference-semantics/semantics/builtins.k LINES=200-201 ATTRS=-
  rule applyBuiltin("int", str(CS:IntSeq), .Vals) => intDigAcc(CS, 0) requires isLen(CS) >=Int 2
INV-0181 SOURCE=SUPPLIED_FIXED KIND=syntax FILE=/tmp/audit-work/162-string-to-md5/reference-semantics/semantics/builtins.k LINES=202-202 ATTRS=function,total
  syntax Int ::= intDigAcc(IntSeq, Int) [function, total]
INV-0182 SOURCE=SUPPLIED_FIXED KIND=rule FILE=/tmp/audit-work/162-string-to-md5/reference-semantics/semantics/builtins.k LINES=203-203 ATTRS=-
  rule intDigAcc(.IntSeq, ACC:Int) => ACC
INV-0183 SOURCE=SUPPLIED_FIXED KIND=rule FILE=/tmp/audit-work/162-string-to-md5/reference-semantics/semantics/builtins.k LINES=204-204 ATTRS=-
  rule intDigAcc(iCons(C:Int, R:IntSeq), ACC:Int) => intDigAcc(R, (ACC *Int 10) +Int (C -Int 48))
INV-0184 SOURCE=SUPPLIED_FIXED KIND=rule FILE=/tmp/audit-work/162-string-to-md5/reference-semantics/semantics/builtins.k LINES=207-207 ATTRS=-
  rule applyBuiltin("zip", list(A:ValSeq), list(B:ValSeq), .Vals) => zipObj(A, B)
INV-0185 SOURCE=SUPPLIED_FIXED KIND=rule FILE=/tmp/audit-work/162-string-to-md5/reference-semantics/semantics/builtins.k LINES=208-208 ATTRS=-
  rule applyBuiltin("zip", str(A:IntSeq), str(B:IntSeq), .Vals) => zipObjS(A, B)
INV-0186 SOURCE=SUPPLIED_FIXED KIND=rule FILE=/tmp/audit-work/162-string-to-md5/reference-semantics/semantics/builtins.k LINES=211-212 ATTRS=-
  rule <k> #iterNext(zipObj(vCons(A:Val, As:ValSeq), vCons(B:Val, Bs:ValSeq))) => #iterYield(tuple(vCons(A, vCons(B, .ValSeq))), zipObj(As, Bs)) ... </k>
INV-0187 SOURCE=SUPPLIED_FIXED KIND=rule FILE=/tmp/audit-work/162-string-to-md5/reference-semantics/semantics/builtins.k LINES=213-213 ATTRS=-
  rule <k> #iterNext(zipObj(.ValSeq, _:ValSeq)) => #iterDone ... </k>
INV-0188 SOURCE=SUPPLIED_FIXED KIND=rule FILE=/tmp/audit-work/162-string-to-md5/reference-semantics/semantics/builtins.k LINES=214-214 ATTRS=-
  rule <k> #iterNext(zipObj(vCons(_:Val, _:ValSeq), .ValSeq)) => #iterDone ... </k>
INV-0189 SOURCE=SUPPLIED_FIXED KIND=rule FILE=/tmp/audit-work/162-string-to-md5/reference-semantics/semantics/builtins.k LINES=215-216 ATTRS=-
  rule <k> #iterNext(zipObjS(iCons(A:Int, As:IntSeq), iCons(B:Int, Bs:IntSeq))) => #iterYield(tuple(vCons(str(iCons(A, .IntSeq)), vCons(str(iCons(B, .IntSeq)), .ValSeq))), zipObjS(As, Bs)) ... </k>
INV-0190 SOURCE=SUPPLIED_FIXED KIND=rule FILE=/tmp/audit-work/162-string-to-md5/reference-semantics/semantics/builtins.k LINES=217-217 ATTRS=-
  rule <k> #iterNext(zipObjS(.IntSeq, _:IntSeq)) => #iterDone ... </k>
INV-0191 SOURCE=SUPPLIED_FIXED KIND=rule FILE=/tmp/audit-work/162-string-to-md5/reference-semantics/semantics/builtins.k LINES=218-218 ATTRS=-
  rule <k> #iterNext(zipObjS(iCons(_:Int, _:IntSeq), .IntSeq)) => #iterDone ... </k>
INV-0192 SOURCE=SUPPLIED_FIXED KIND=rule FILE=/tmp/audit-work/162-string-to-md5/reference-semantics/semantics/builtins.k LINES=221-221 ATTRS=-
  rule applyBuiltin("range", I:Int, .Vals) => rangeObj(0, I, 1)
INV-0193 SOURCE=SUPPLIED_FIXED KIND=rule FILE=/tmp/audit-work/162-string-to-md5/reference-semantics/semantics/builtins.k LINES=222-222 ATTRS=-
  rule applyBuiltin("range", A:Int, B:Int, .Vals) => rangeObj(A, B, 1)
INV-0194 SOURCE=SUPPLIED_FIXED KIND=rule FILE=/tmp/audit-work/162-string-to-md5/reference-semantics/semantics/builtins.k LINES=223-224 ATTRS=-
  rule applyBuiltin("range", A:Int, B:Int, S:Int, .Vals) => rangeObj(A, B, S) requires S =/=Int 0
INV-0195 SOURCE=SUPPLIED_FIXED KIND=rule FILE=/tmp/audit-work/162-string-to-md5/reference-semantics/semantics/builtins.k LINES=231-231 ATTRS=-
  rule applyBuiltin("eval", str(CS:IntSeq), .Vals) => evalArith(CS)
INV-0196 SOURCE=SUPPLIED_FIXED KIND=syntax FILE=/tmp/audit-work/162-string-to-md5/reference-semantics/semantics/builtins.k LINES=232-232 ATTRS=function
  syntax Int ::= evalArith(IntSeq) [function]
INV-0197 SOURCE=SUPPLIED_FIXED KIND=rule FILE=/tmp/audit-work/162-string-to-md5/reference-semantics/semantics/builtins.k LINES=233-234 ATTRS=-
  rule evalArith(CS:IntSeq) => firstNdE(passAddE(passMulE(passPowE(tokOps(CS), tokNds(CS)))))
INV-0198 SOURCE=SUPPLIED_FIXED KIND=syntax FILE=/tmp/audit-work/162-string-to-md5/reference-semantics/semantics/builtins.k LINES=236-236 ATTRS=-
  syntax OpSeq ::= ".OpSeq" | oCons(String, OpSeq)
INV-0199 SOURCE=SUPPLIED_FIXED KIND=syntax FILE=/tmp/audit-work/162-string-to-md5/reference-semantics/semantics/builtins.k LINES=238-238 ATTRS=function,total
  syntax Bool ::= evDigit(Int) [function, total]
INV-0200 SOURCE=SUPPLIED_FIXED KIND=rule FILE=/tmp/audit-work/162-string-to-md5/reference-semantics/semantics/builtins.k LINES=239-239 ATTRS=-
  rule evDigit(C:Int) => C >=Int 48 andBool C <=Int 57
INV-0201 SOURCE=SUPPLIED_FIXED KIND=syntax FILE=/tmp/audit-work/162-string-to-md5/reference-semantics/semantics/builtins.k LINES=240-240 ATTRS=function,total
  syntax Bool ::= evHead42(IntSeq) [function, total]
INV-0202 SOURCE=SUPPLIED_FIXED KIND=rule FILE=/tmp/audit-work/162-string-to-md5/reference-semantics/semantics/builtins.k LINES=241-241 ATTRS=-
  rule evHead42(iCons(42, _:IntSeq)) => true
INV-0203 SOURCE=SUPPLIED_FIXED KIND=rule FILE=/tmp/audit-work/162-string-to-md5/reference-semantics/semantics/builtins.k LINES=242-242 ATTRS=owise
  rule evHead42(_:IntSeq) => false [owise]
INV-0204 SOURCE=SUPPLIED_FIXED KIND=syntax FILE=/tmp/audit-work/162-string-to-md5/reference-semantics/semantics/builtins.k LINES=243-243 ATTRS=function,total
  syntax Bool ::= evHead47(IntSeq) [function, total]
INV-0205 SOURCE=SUPPLIED_FIXED KIND=rule FILE=/tmp/audit-work/162-string-to-md5/reference-semantics/semantics/builtins.k LINES=244-244 ATTRS=-
  rule evHead47(iCons(47, _:IntSeq)) => true
INV-0206 SOURCE=SUPPLIED_FIXED KIND=rule FILE=/tmp/audit-work/162-string-to-md5/reference-semantics/semantics/builtins.k LINES=245-245 ATTRS=owise
  rule evHead47(_:IntSeq) => false [owise]
INV-0207 SOURCE=SUPPLIED_FIXED KIND=syntax FILE=/tmp/audit-work/162-string-to-md5/reference-semantics/semantics/builtins.k LINES=247-247 ATTRS=function,total
  syntax OpSeq ::= tokOps(IntSeq) [function, total]
INV-0208 SOURCE=SUPPLIED_FIXED KIND=rule FILE=/tmp/audit-work/162-string-to-md5/reference-semantics/semantics/builtins.k LINES=248-248 ATTRS=-
  rule tokOps(.IntSeq) => .OpSeq
INV-0209 SOURCE=SUPPLIED_FIXED KIND=rule FILE=/tmp/audit-work/162-string-to-md5/reference-semantics/semantics/builtins.k LINES=249-249 ATTRS=-
  rule tokOps(iCons(32, R:IntSeq)) => tokOps(R)
INV-0210 SOURCE=SUPPLIED_FIXED KIND=rule FILE=/tmp/audit-work/162-string-to-md5/reference-semantics/semantics/builtins.k LINES=250-250 ATTRS=-
  rule tokOps(iCons(C:Int, R:IntSeq)) => tokOps(R) requires evDigit(C)
INV-0211 SOURCE=SUPPLIED_FIXED KIND=rule FILE=/tmp/audit-work/162-string-to-md5/reference-semantics/semantics/builtins.k LINES=251-251 ATTRS=-
  rule tokOps(iCons(42, iCons(42, R:IntSeq))) => oCons("**", tokOps(R))
INV-0212 SOURCE=SUPPLIED_FIXED KIND=rule FILE=/tmp/audit-work/162-string-to-md5/reference-semantics/semantics/builtins.k LINES=252-252 ATTRS=-
  rule tokOps(iCons(42, R:IntSeq)) => oCons("*", tokOps(R)) requires notBool evHead42(R)
INV-0213 SOURCE=SUPPLIED_FIXED KIND=rule FILE=/tmp/audit-work/162-string-to-md5/reference-semantics/semantics/builtins.k LINES=253-253 ATTRS=-
  rule tokOps(iCons(47, iCons(47, R:IntSeq))) => oCons("//", tokOps(R))
INV-0214 SOURCE=SUPPLIED_FIXED KIND=rule FILE=/tmp/audit-work/162-string-to-md5/reference-semantics/semantics/builtins.k LINES=254-254 ATTRS=-
  rule tokOps(iCons(47, R:IntSeq)) => oCons("/", tokOps(R)) requires notBool evHead47(R)
INV-0215 SOURCE=SUPPLIED_FIXED KIND=rule FILE=/tmp/audit-work/162-string-to-md5/reference-semantics/semantics/builtins.k LINES=255-255 ATTRS=-
  rule tokOps(iCons(43, R:IntSeq)) => oCons("+", tokOps(R))
INV-0216 SOURCE=SUPPLIED_FIXED KIND=rule FILE=/tmp/audit-work/162-string-to-md5/reference-semantics/semantics/builtins.k LINES=256-256 ATTRS=-
  rule tokOps(iCons(45, R:IntSeq)) => oCons("-", tokOps(R))
INV-0217 SOURCE=SUPPLIED_FIXED KIND=syntax FILE=/tmp/audit-work/162-string-to-md5/reference-semantics/semantics/builtins.k LINES=258-259 ATTRS=function,total
  syntax IntSeq ::= tokNds(IntSeq) [function, total] | tokNdAcc(Int, IntSeq) [function, total]
INV-0218 SOURCE=SUPPLIED_FIXED KIND=rule FILE=/tmp/audit-work/162-string-to-md5/reference-semantics/semantics/builtins.k LINES=260-260 ATTRS=-
  rule tokNds(.IntSeq) => .IntSeq
INV-0219 SOURCE=SUPPLIED_FIXED KIND=rule FILE=/tmp/audit-work/162-string-to-md5/reference-semantics/semantics/builtins.k LINES=261-261 ATTRS=-
  rule tokNds(iCons(32, R:IntSeq)) => tokNds(R)
INV-0220 SOURCE=SUPPLIED_FIXED KIND=rule FILE=/tmp/audit-work/162-string-to-md5/reference-semantics/semantics/builtins.k LINES=262-262 ATTRS=-
  rule tokNds(iCons(C:Int, R:IntSeq)) => tokNdAcc(C -Int 48, R) requires evDigit(C)
INV-0221 SOURCE=SUPPLIED_FIXED KIND=rule FILE=/tmp/audit-work/162-string-to-md5/reference-semantics/semantics/builtins.k LINES=263-264 ATTRS=-
  rule tokNds(iCons(C:Int, R:IntSeq)) => tokNds(R) requires notBool evDigit(C) andBool C =/=Int 32
INV-0222 SOURCE=SUPPLIED_FIXED KIND=rule FILE=/tmp/audit-work/162-string-to-md5/reference-semantics/semantics/builtins.k LINES=265-266 ATTRS=-
  rule tokNdAcc(A:Int, iCons(C:Int, R:IntSeq)) => tokNdAcc(A *Int 10 +Int (C -Int 48), R) requires evDigit(C)
INV-0223 SOURCE=SUPPLIED_FIXED KIND=rule FILE=/tmp/audit-work/162-string-to-md5/reference-semantics/semantics/builtins.k LINES=267-267 ATTRS=owise
  rule tokNdAcc(A:Int, S:IntSeq) => iCons(A, tokNds(S)) [owise]
INV-0224 SOURCE=SUPPLIED_FIXED KIND=syntax FILE=/tmp/audit-work/162-string-to-md5/reference-semantics/semantics/builtins.k LINES=269-269 ATTRS=-
  syntax EvPair ::= evp(OpSeq, IntSeq)
INV-0225 SOURCE=SUPPLIED_FIXED KIND=syntax FILE=/tmp/audit-work/162-string-to-md5/reference-semantics/semantics/builtins.k LINES=270-270 ATTRS=function,total
  syntax Int ::= firstNdE(EvPair) [function, total]
INV-0226 SOURCE=SUPPLIED_FIXED KIND=rule FILE=/tmp/audit-work/162-string-to-md5/reference-semantics/semantics/builtins.k LINES=271-271 ATTRS=-
  rule firstNdE(evp(_:OpSeq, iCons(N:Int, _:IntSeq))) => N
INV-0227 SOURCE=SUPPLIED_FIXED KIND=rule FILE=/tmp/audit-work/162-string-to-md5/reference-semantics/semantics/builtins.k LINES=272-272 ATTRS=owise
  rule firstNdE(_:EvPair) => 0 [owise]
INV-0228 SOURCE=SUPPLIED_FIXED KIND=syntax FILE=/tmp/audit-work/162-string-to-md5/reference-semantics/semantics/builtins.k LINES=274-274 ATTRS=function,total
  syntax Int ::= applyOpE(String, Int, Int) [function, total]
INV-0229 SOURCE=SUPPLIED_FIXED KIND=rule FILE=/tmp/audit-work/162-string-to-md5/reference-semantics/semantics/builtins.k LINES=275-275 ATTRS=-
  rule applyOpE("+", A:Int, B:Int) => A +Int B
INV-0230 SOURCE=SUPPLIED_FIXED KIND=rule FILE=/tmp/audit-work/162-string-to-md5/reference-semantics/semantics/builtins.k LINES=276-276 ATTRS=-
  rule applyOpE("-", A:Int, B:Int) => A -Int B
INV-0231 SOURCE=SUPPLIED_FIXED KIND=rule FILE=/tmp/audit-work/162-string-to-md5/reference-semantics/semantics/builtins.k LINES=277-277 ATTRS=-
  rule applyOpE("*", A:Int, B:Int) => A *Int B
INV-0232 SOURCE=SUPPLIED_FIXED KIND=rule FILE=/tmp/audit-work/162-string-to-md5/reference-semantics/semantics/builtins.k LINES=278-278 ATTRS=-
  rule applyOpE("//", A:Int, B:Int) => A divInt B
INV-0233 SOURCE=SUPPLIED_FIXED KIND=rule FILE=/tmp/audit-work/162-string-to-md5/reference-semantics/semantics/builtins.k LINES=279-279 ATTRS=-
  rule applyOpE("**", A:Int, B:Int) => A ^Int B
INV-0234 SOURCE=SUPPLIED_FIXED KIND=rule FILE=/tmp/audit-work/162-string-to-md5/reference-semantics/semantics/builtins.k LINES=280-280 ATTRS=owise
  rule applyOpE(_:String, A:Int, _:Int) => A [owise]
INV-0235 SOURCE=SUPPLIED_FIXED KIND=syntax FILE=/tmp/audit-work/162-string-to-md5/reference-semantics/semantics/builtins.k LINES=282-282 ATTRS=function,total
  syntax EvPair ::= passPowE(OpSeq, IntSeq) [function, total]
INV-0236 SOURCE=SUPPLIED_FIXED KIND=rule FILE=/tmp/audit-work/162-string-to-md5/reference-semantics/semantics/builtins.k LINES=283-283 ATTRS=-
  rule passPowE(.OpSeq, NDS:IntSeq) => evp(.OpSeq, NDS)
INV-0237 SOURCE=SUPPLIED_FIXED KIND=rule FILE=/tmp/audit-work/162-string-to-md5/reference-semantics/semantics/builtins.k LINES=284-284 ATTRS=-
  rule passPowE(oCons("**", OPS:OpSeq), iCons(N:Int, NDS:IntSeq)) => powCombE(N, passPowE(OPS, NDS))
INV-0238 SOURCE=SUPPLIED_FIXED KIND=rule FILE=/tmp/audit-work/162-string-to-md5/reference-semantics/semantics/builtins.k LINES=285-286 ATTRS=-
  rule passPowE(oCons(O:String, OPS:OpSeq), iCons(N:Int, NDS:IntSeq)) => powCarryE(O, N, passPowE(OPS, NDS)) requires O =/=String "**"
INV-0239 SOURCE=SUPPLIED_FIXED KIND=rule FILE=/tmp/audit-work/162-string-to-md5/reference-semantics/semantics/builtins.k LINES=287-287 ATTRS=owise
  rule passPowE(_:OpSeq, .IntSeq) => evp(.OpSeq, .IntSeq) [owise]
INV-0240 SOURCE=SUPPLIED_FIXED KIND=syntax FILE=/tmp/audit-work/162-string-to-md5/reference-semantics/semantics/builtins.k LINES=288-288 ATTRS=function,total
  syntax EvPair ::= powCombE(Int, EvPair) [function, total]
INV-0241 SOURCE=SUPPLIED_FIXED KIND=rule FILE=/tmp/audit-work/162-string-to-md5/reference-semantics/semantics/builtins.k LINES=289-289 ATTRS=-
  rule powCombE(N:Int, evp(OPS:OpSeq, iCons(M:Int, REST:IntSeq))) => evp(OPS, iCons(N ^Int M, REST))
INV-0242 SOURCE=SUPPLIED_FIXED KIND=rule FILE=/tmp/audit-work/162-string-to-md5/reference-semantics/semantics/builtins.k LINES=290-290 ATTRS=-
  rule powCombE(N:Int, evp(OPS:OpSeq, .IntSeq)) => evp(OPS, iCons(N, .IntSeq))
INV-0243 SOURCE=SUPPLIED_FIXED KIND=syntax FILE=/tmp/audit-work/162-string-to-md5/reference-semantics/semantics/builtins.k LINES=291-291 ATTRS=function,total
  syntax EvPair ::= powCarryE(String, Int, EvPair) [function, total]
INV-0244 SOURCE=SUPPLIED_FIXED KIND=rule FILE=/tmp/audit-work/162-string-to-md5/reference-semantics/semantics/builtins.k LINES=292-292 ATTRS=-
  rule powCarryE(O:String, N:Int, evp(OPS:OpSeq, NDS:IntSeq)) => evp(oCons(O, OPS), iCons(N, NDS))
INV-0245 SOURCE=SUPPLIED_FIXED KIND=syntax FILE=/tmp/audit-work/162-string-to-md5/reference-semantics/semantics/builtins.k LINES=294-294 ATTRS=function,total
  syntax EvPair ::= passMulE(EvPair) [function, total] | passAddE(EvPair) [function, total]
INV-0246 SOURCE=SUPPLIED_FIXED KIND=rule FILE=/tmp/audit-work/162-string-to-md5/reference-semantics/semantics/builtins.k LINES=295-295 ATTRS=-
  rule passMulE(evp(OPS:OpSeq, iCons(N0:Int, NDS:IntSeq))) => passLGoE("mul", N0, OPS, NDS, .OpSeq, .IntSeq)
INV-0247 SOURCE=SUPPLIED_FIXED KIND=rule FILE=/tmp/audit-work/162-string-to-md5/reference-semantics/semantics/builtins.k LINES=296-296 ATTRS=-
  rule passMulE(evp(OPS:OpSeq, .IntSeq)) => evp(OPS, .IntSeq)
INV-0248 SOURCE=SUPPLIED_FIXED KIND=rule FILE=/tmp/audit-work/162-string-to-md5/reference-semantics/semantics/builtins.k LINES=297-297 ATTRS=-
  rule passAddE(evp(OPS:OpSeq, iCons(N0:Int, NDS:IntSeq))) => passLGoE("add", N0, OPS, NDS, .OpSeq, .IntSeq)
INV-0249 SOURCE=SUPPLIED_FIXED KIND=rule FILE=/tmp/audit-work/162-string-to-md5/reference-semantics/semantics/builtins.k LINES=298-298 ATTRS=-
  rule passAddE(evp(OPS:OpSeq, .IntSeq)) => evp(OPS, .IntSeq)
INV-0250 SOURCE=SUPPLIED_FIXED KIND=syntax FILE=/tmp/audit-work/162-string-to-md5/reference-semantics/semantics/builtins.k LINES=299-299 ATTRS=function,total
  syntax EvPair ::= passLGoE(String, Int, OpSeq, IntSeq, OpSeq, IntSeq) [function, total]
INV-0251 SOURCE=SUPPLIED_FIXED KIND=rule FILE=/tmp/audit-work/162-string-to-md5/reference-semantics/semantics/builtins.k LINES=300-300 ATTRS=-
  rule passLGoE(_:String, CUR:Int, .OpSeq, _:IntSeq, OO:OpSeq, ON:IntSeq) => evp(OO, appendIE(ON, CUR))
INV-0252 SOURCE=SUPPLIED_FIXED KIND=rule FILE=/tmp/audit-work/162-string-to-md5/reference-semantics/semantics/builtins.k LINES=301-303 ATTRS=-
  rule passLGoE(L:String, CUR:Int, oCons(O:String, OPS:OpSeq), iCons(N:Int, NDS:IntSeq), OO:OpSeq, ON:IntSeq) => passLGoE(L, applyOpE(O, CUR, N), OPS, NDS, OO, ON) requires inLevelE(L, O)
INV-0253 SOURCE=SUPPLIED_FIXED KIND=rule FILE=/tmp/audit-work/162-string-to-md5/reference-semantics/semantics/builtins.k LINES=304-306 ATTRS=-
  rule passLGoE(L:String, CUR:Int, oCons(O:String, OPS:OpSeq), iCons(N:Int, NDS:IntSeq), OO:OpSeq, ON:IntSeq) => passLGoE(L, N, OPS, NDS, appendOpE(OO, O), appendIE(ON, CUR)) requires notBool inLevelE(L, O)
INV-0254 SOURCE=SUPPLIED_FIXED KIND=rule FILE=/tmp/audit-work/162-string-to-md5/reference-semantics/semantics/builtins.k LINES=307-308 ATTRS=owise
  rule passLGoE(_:String, CUR:Int, oCons(_:String, _:OpSeq), .IntSeq, OO:OpSeq, ON:IntSeq) => evp(OO, appendIE(ON, CUR)) [owise]
INV-0255 SOURCE=SUPPLIED_FIXED KIND=syntax FILE=/tmp/audit-work/162-string-to-md5/reference-semantics/semantics/builtins.k LINES=309-309 ATTRS=function,total
  syntax Bool ::= inLevelE(String, String) [function, total]
INV-0256 SOURCE=SUPPLIED_FIXED KIND=rule FILE=/tmp/audit-work/162-string-to-md5/reference-semantics/semantics/builtins.k LINES=310-310 ATTRS=-
  rule inLevelE("mul", O:String) => O ==String "*" orBool O ==String "//" orBool O ==String "/"
INV-0257 SOURCE=SUPPLIED_FIXED KIND=rule FILE=/tmp/audit-work/162-string-to-md5/reference-semantics/semantics/builtins.k LINES=311-311 ATTRS=-
  rule inLevelE("add", O:String) => O ==String "+" orBool O ==String "-"
INV-0258 SOURCE=SUPPLIED_FIXED KIND=rule FILE=/tmp/audit-work/162-string-to-md5/reference-semantics/semantics/builtins.k LINES=312-312 ATTRS=owise
  rule inLevelE(_:String, _:String) => false [owise]
INV-0259 SOURCE=SUPPLIED_FIXED KIND=syntax FILE=/tmp/audit-work/162-string-to-md5/reference-semantics/semantics/builtins.k LINES=313-313 ATTRS=function,total
  syntax OpSeq ::= appendOpE(OpSeq, String) [function, total]
INV-0260 SOURCE=SUPPLIED_FIXED KIND=rule FILE=/tmp/audit-work/162-string-to-md5/reference-semantics/semantics/builtins.k LINES=314-314 ATTRS=-
  rule appendOpE(.OpSeq, O:String) => oCons(O, .OpSeq)
INV-0261 SOURCE=SUPPLIED_FIXED KIND=rule FILE=/tmp/audit-work/162-string-to-md5/reference-semantics/semantics/builtins.k LINES=315-315 ATTRS=-
  rule appendOpE(oCons(H:String, T:OpSeq), O:String) => oCons(H, appendOpE(T, O))
INV-0262 SOURCE=SUPPLIED_FIXED KIND=syntax FILE=/tmp/audit-work/162-string-to-md5/reference-semantics/semantics/builtins.k LINES=316-316 ATTRS=function,total
  syntax IntSeq ::= appendIE(IntSeq, Int) [function, total]
INV-0263 SOURCE=SUPPLIED_FIXED KIND=rule FILE=/tmp/audit-work/162-string-to-md5/reference-semantics/semantics/builtins.k LINES=317-317 ATTRS=-
  rule appendIE(.IntSeq, N:Int) => iCons(N, .IntSeq)
INV-0264 SOURCE=SUPPLIED_FIXED KIND=rule FILE=/tmp/audit-work/162-string-to-md5/reference-semantics/semantics/builtins.k LINES=318-318 ATTRS=-
  rule appendIE(iCons(H:Int, T:IntSeq), N:Int) => iCons(H, appendIE(T, N))
INV-0265 SOURCE=SUPPLIED_FIXED KIND=syntax FILE=/tmp/audit-work/162-string-to-md5/reference-semantics/semantics/builtins.k LINES=323-323 ATTRS=-
  syntax KItem ::= "#md5"
INV-0266 SOURCE=SUPPLIED_FIXED KIND=rule FILE=/tmp/audit-work/162-string-to-md5/reference-semantics/semantics/builtins.k LINES=324-325 ATTRS=priority
  rule <k> Call(Attribute(Name("hashlib"), "md5"), (E:Expr, .Exprs)) => E ~> #md5 ... </k> [priority(40)]
INV-0267 SOURCE=SUPPLIED_FIXED KIND=rule FILE=/tmp/audit-work/162-string-to-md5/reference-semantics/semantics/builtins.k LINES=326-326 ATTRS=-
  rule <k> str(CS:IntSeq) ~> #md5 => md5Obj(CS) ... </k>
INV-0268 SOURCE=SUPPLIED_FIXED KIND=syntax FILE=/tmp/audit-work/162-string-to-md5/reference-semantics/semantics/builtins.k LINES=327-327 ATTRS=-
  syntax Val ::= md5Obj(IntSeq)
INV-0269 SOURCE=SUPPLIED_FIXED KIND=rule FILE=/tmp/audit-work/162-string-to-md5/reference-semantics/semantics/builtins.k LINES=328-328 ATTRS=-
  rule applyMethod(md5Obj(CS:IntSeq), "hexdigest", .Vals) => str(md5hexCodes(CS))
INV-0270 SOURCE=SUPPLIED_FIXED KIND=syntax FILE=/tmp/audit-work/162-string-to-md5/reference-semantics/semantics/builtins.k LINES=329-329 ATTRS=function,total,symbol,no-evaluators
  syntax IntSeq ::= md5hexCodes(IntSeq) [function, total, symbol(md5hexCodes), no-evaluators]
INV-0271 SOURCE=SUPPLIED_FIXED KIND=rule FILE=/tmp/audit-work/162-string-to-md5/reference-semantics/semantics/builtins.k LINES=335-335 ATTRS=-
  rule applyBuiltin("isinstance", V:Val, typeV("int"), .Vals) => isIntV(V)
INV-0272 SOURCE=SUPPLIED_FIXED KIND=rule FILE=/tmp/audit-work/162-string-to-md5/reference-semantics/semantics/builtins.k LINES=336-336 ATTRS=-
  rule applyBuiltin("isinstance", V:Val, typeV("str"), .Vals) => isStrV(V)
INV-0273 SOURCE=SUPPLIED_FIXED KIND=syntax FILE=/tmp/audit-work/162-string-to-md5/reference-semantics/semantics/builtins.k LINES=337-337 ATTRS=function
  syntax Bool ::= isIntV(Val) [function] | isStrV(Val) [function]
INV-0274 SOURCE=SUPPLIED_FIXED KIND=rule FILE=/tmp/audit-work/162-string-to-md5/reference-semantics/semantics/builtins.k LINES=338-338 ATTRS=-
  rule isIntV(_:Int) => true
INV-0275 SOURCE=SUPPLIED_FIXED KIND=rule FILE=/tmp/audit-work/162-string-to-md5/reference-semantics/semantics/builtins.k LINES=340-340 ATTRS=-
  rule isIntV(_:Bool) => true
INV-0276 SOURCE=SUPPLIED_FIXED KIND=rule FILE=/tmp/audit-work/162-string-to-md5/reference-semantics/semantics/builtins.k LINES=341-341 ATTRS=owise
  rule isIntV(_:Val) => false [owise]
INV-0277 SOURCE=SUPPLIED_FIXED KIND=rule FILE=/tmp/audit-work/162-string-to-md5/reference-semantics/semantics/builtins.k LINES=342-342 ATTRS=-
  rule isStrV(str(_:IntSeq)) => true
INV-0278 SOURCE=SUPPLIED_FIXED KIND=rule FILE=/tmp/audit-work/162-string-to-md5/reference-semantics/semantics/builtins.k LINES=343-343 ATTRS=owise
  rule isStrV(_:Val) => false [owise]
INV-0279 SOURCE=SUPPLIED_FIXED KIND=endmodule FILE=/tmp/audit-work/162-string-to-md5/reference-semantics/semantics/builtins.k LINES=344-344 ATTRS=-
  endmodule
INV-0280 SOURCE=SUPPLIED_FIXED KIND=module FILE=/tmp/audit-work/162-string-to-md5/reference-semantics/semantics/call.k LINES=10-10 ATTRS=-
  module MPY-CALL
INV-0281 SOURCE=SUPPLIED_FIXED KIND=imports FILE=/tmp/audit-work/162-string-to-md5/reference-semantics/semantics/call.k LINES=11-11 ATTRS=-
  imports MPY-METHODS
INV-0282 SOURCE=SUPPLIED_FIXED KIND=imports FILE=/tmp/audit-work/162-string-to-md5/reference-semantics/semantics/call.k LINES=12-12 ATTRS=-
  imports MPY-BUILTINS
INV-0283 SOURCE=SUPPLIED_FIXED KIND=imports FILE=/tmp/audit-work/162-string-to-md5/reference-semantics/semantics/call.k LINES=13-13 ATTRS=-
  imports MPY-FUNCTIONS
INV-0284 SOURCE=SUPPLIED_FIXED KIND=rule FILE=/tmp/audit-work/162-string-to-md5/reference-semantics/semantics/call.k LINES=16-16 ATTRS=-
  rule <k> Attribute(V:Val, M:String) => boundMethodV(V, M) ... </k>
INV-0285 SOURCE=SUPPLIED_FIXED KIND=syntax FILE=/tmp/audit-work/162-string-to-md5/reference-semantics/semantics/call.k LINES=19-19 ATTRS=-
  syntax KItem ::= #callee(Exprs)
INV-0286 SOURCE=SUPPLIED_FIXED KIND=rule FILE=/tmp/audit-work/162-string-to-md5/reference-semantics/semantics/call.k LINES=20-20 ATTRS=owise
  rule <k> Call(Fe:Expr, ARGS:Exprs) => Fe ~> #callee(ARGS) ... </k> [owise]
INV-0287 SOURCE=SUPPLIED_FIXED KIND=rule FILE=/tmp/audit-work/162-string-to-md5/reference-semantics/semantics/call.k LINES=21-21 ATTRS=-
  rule <k> CV:Val ~> #callee(ARGS:Exprs) => #evalArgs(ARGS, .Vals, toCall(CV)) ... </k>
INV-0288 SOURCE=SUPPLIED_FIXED KIND=rule FILE=/tmp/audit-work/162-string-to-md5/reference-semantics/semantics/call.k LINES=24-24 ATTRS=-
  rule <k> #applyK(toCall(boundMethodV(OBJ:Val, M:String)), ACC:Vals) => applyMethod(OBJ, M, ACC) ... </k>
INV-0289 SOURCE=SUPPLIED_FIXED KIND=rule FILE=/tmp/audit-work/162-string-to-md5/reference-semantics/semantics/call.k LINES=26-26 ATTRS=-
  rule <k> #applyK(toCall(builtinV("sum")), (OBJ:Iterable, .Vals)) => #sumAcc(OBJ, 0) ... </k>
INV-0290 SOURCE=SUPPLIED_FIXED KIND=rule FILE=/tmp/audit-work/162-string-to-md5/reference-semantics/semantics/call.k LINES=27-27 ATTRS=-
  rule <k> #applyK(toCall(builtinV("all")), (OBJ:Iterable, .Vals)) => #allAcc(OBJ) ... </k>
INV-0291 SOURCE=SUPPLIED_FIXED KIND=rule FILE=/tmp/audit-work/162-string-to-md5/reference-semantics/semantics/call.k LINES=28-28 ATTRS=-
  rule <k> #applyK(toCall(builtinV("any")), (OBJ:Iterable, .Vals)) => #anyAcc(OBJ) ... </k>
INV-0292 SOURCE=SUPPLIED_FIXED KIND=rule FILE=/tmp/audit-work/162-string-to-md5/reference-semantics/semantics/call.k LINES=29-29 ATTRS=-
  rule <k> #applyK(toCall(builtinV("max")), (OBJ:Iterable, .Vals)) => #maxAcc0(OBJ) ... </k>
INV-0293 SOURCE=SUPPLIED_FIXED KIND=rule FILE=/tmp/audit-work/162-string-to-md5/reference-semantics/semantics/call.k LINES=30-30 ATTRS=-
  rule <k> #applyK(toCall(builtinV("min")), (OBJ:Iterable, .Vals)) => #minAcc0(OBJ) ... </k>
INV-0294 SOURCE=SUPPLIED_FIXED KIND=rule FILE=/tmp/audit-work/162-string-to-md5/reference-semantics/semantics/call.k LINES=31-31 ATTRS=owise
  rule <k> #applyK(toCall(builtinV(BN:String)), ACC:Vals) => applyBuiltin(BN, ACC) ... </k> [owise]
INV-0295 SOURCE=SUPPLIED_FIXED KIND=rule FILE=/tmp/audit-work/162-string-to-md5/reference-semantics/semantics/call.k LINES=32-32 ATTRS=-
  rule <k> #applyK(toCall(typeV(T:String)), ACC:Vals) => applyBuiltin(T, ACC) ... </k>
INV-0296 SOURCE=SUPPLIED_FIXED KIND=rule FILE=/tmp/audit-work/162-string-to-md5/reference-semantics/semantics/call.k LINES=38-41 ATTRS=priority
  rule <k> #applyK(toCall(builtinV(BN:String)), (ref(H:Int), REST:Vals)) => #applyK(toCall(builtinV(BN)), (V, REST)) ... </k> <heap> ... H |-> V:Val ... </heap> [priority(40)]
INV-0297 SOURCE=SUPPLIED_FIXED KIND=rule FILE=/tmp/audit-work/162-string-to-md5/reference-semantics/semantics/call.k LINES=42-46 ATTRS=priority
  rule <k> #applyK(toCall(builtinV(BN:String)), (A:Val, ref(H:Int), REST:Vals)) => #applyK(toCall(builtinV(BN)), (A, V, REST)) ... </k> <heap> ... H |-> V:Val ... </heap> requires notBool isRefV(A) [priority(40)]
INV-0298 SOURCE=SUPPLIED_FIXED KIND=rule FILE=/tmp/audit-work/162-string-to-md5/reference-semantics/semantics/call.k LINES=47-50 ATTRS=priority
  rule <k> #applyK(toCall(typeV(T:String)), (ref(H:Int), REST:Vals)) => #applyK(toCall(typeV(T)), (V, REST)) ... </k> <heap> ... H |-> V:Val ... </heap> [priority(40)]
INV-0299 SOURCE=SUPPLIED_FIXED KIND=syntax FILE=/tmp/audit-work/162-string-to-md5/reference-semantics/semantics/call.k LINES=52-52 ATTRS=function,total
  syntax Bool ::= isMutMethod(String) [function, total]
INV-0300 SOURCE=SUPPLIED_FIXED KIND=rule FILE=/tmp/audit-work/162-string-to-md5/reference-semantics/semantics/call.k LINES=53-55 ATTRS=-
  rule isMutMethod(M:String) => M ==String "append" orBool M ==String "sort" orBool M ==String "extend" orBool M ==String "insert" orBool M ==String "pop" orBool M ==String "remove"
INV-0301 SOURCE=SUPPLIED_FIXED KIND=rule FILE=/tmp/audit-work/162-string-to-md5/reference-semantics/semantics/call.k LINES=56-60 ATTRS=priority
  rule <k> #applyK(toCall(boundMethodV(ref(H:Int), M:String)), ACC:Vals) => #applyK(toCall(boundMethodV(V, M)), ACC) ... </k> <heap> ... H |-> V:Val ... </heap> requires notBool isMutMethod(M) [priority(40)]
INV-0302 SOURCE=SUPPLIED_FIXED KIND=rule FILE=/tmp/audit-work/162-string-to-md5/reference-semantics/semantics/call.k LINES=63-67 ATTRS=priority
  rule <k> #applyK(toCall(boundMethodV(OBJ:Val, M:String)), (ref(H:Int), REST:Vals)) => #applyK(toCall(boundMethodV(OBJ, M)), (V, REST)) ... </k> <heap> ... H |-> V:Val ... </heap> requires notBool isMutMethod(M) andBool notBool isRefV(OBJ) [priority(40)]
INV-0303 SOURCE=SUPPLIED_FIXED KIND=rule FILE=/tmp/audit-work/162-string-to-md5/reference-semantics/semantics/call.k LINES=69-74 ATTRS=-
  rule <k> #applyK(toCall(closureVal(PNS:ParamNames, BODY:Stmts, DEFL:Int)), ACC:Vals) ~> CONT => #bindP(PNS, ACC) ~> BODY ~> #endcall </k> <env> CALLERL:Int => NEWL </env> <scopes> STORE:Map => STORE [ NEWL <- scope(.Map, parent(DEFL)) ] </scopes> <scopeLoc> NEWL:Int => NEWL +Int 1 </scopeLoc> <stack> .List => ListItem(frame(CONT, CALLERL, NEWL)) ... </stack>
INV-0304 SOURCE=SUPPLIED_FIXED KIND=rule FILE=/tmp/audit-work/162-string-to-md5/reference-semantics/semantics/call.k LINES=80-85 ATTRS=-
  rule <k> #applyK(toCall(closureValC(PNS:ParamNames, CVS:ParamNames, BODY:Stmts, CM:Map)), ACC:Vals) ~> CONT => #allocCells(CVS) ~> #bindP(PNS, ACC) ~> BODY ~> #endcall </k> <env> CALLERL:Int => NEWL </env> <scopes> STORE:Map => STORE [ NEWL <- scope(CM [ "$cells" <- cellsMark(CVS) ], parent(0)) ] </scopes> <scopeLoc> NEWL:Int => NEWL +Int 1 </scopeLoc> <stack> .List => ListItem(frame(CONT, CALLERL, NEWL)) ... </stack>
INV-0305 SOURCE=SUPPLIED_FIXED KIND=syntax FILE=/tmp/audit-work/162-string-to-md5/reference-semantics/semantics/call.k LINES=87-87 ATTRS=-
  syntax KItem ::= #allocCells(ParamNames)
INV-0306 SOURCE=SUPPLIED_FIXED KIND=rule FILE=/tmp/audit-work/162-string-to-md5/reference-semantics/semantics/call.k LINES=88-88 ATTRS=-
  rule <k> #allocCells(.ParamNames) => .K ... </k>
INV-0307 SOURCE=SUPPLIED_FIXED KIND=rule FILE=/tmp/audit-work/162-string-to-md5/reference-semantics/semantics/call.k LINES=89-94 ATTRS=-
  rule <k> #allocCells((CV:String, R:ParamNames)) => #allocCells(R) ... </k> <env> L:Int </env> <scopes> ... L |-> scope(M:Map => M [ CV <- cellRef(N) ], _) ... </scopes> <heap> H:Map => (N |-> cellV(noneV)) H </heap> <heapLoc> N:Int => N +Int 1 </heapLoc> requires notBool N in_keys(H)
INV-0308 SOURCE=SUPPLIED_FIXED KIND=endmodule FILE=/tmp/audit-work/162-string-to-md5/reference-semantics/semantics/call.k LINES=95-95 ATTRS=-
  endmodule
INV-0309 SOURCE=SUPPLIED_FIXED KIND=module FILE=/tmp/audit-work/162-string-to-md5/reference-semantics/semantics/comprehension.k LINES=3-3 ATTRS=-
  module MPY-COMPREHENSION
INV-0310 SOURCE=SUPPLIED_FIXED KIND=imports FILE=/tmp/audit-work/162-string-to-md5/reference-semantics/semantics/comprehension.k LINES=4-4 ATTRS=-
  imports MPY-CORE
INV-0311 SOURCE=SUPPLIED_FIXED KIND=imports FILE=/tmp/audit-work/162-string-to-md5/reference-semantics/semantics/comprehension.k LINES=5-5 ATTRS=-
  imports MPY-OPERATORS
INV-0312 SOURCE=SUPPLIED_FIXED KIND=imports FILE=/tmp/audit-work/162-string-to-md5/reference-semantics/semantics/comprehension.k LINES=6-6 ATTRS=-
  imports MPY-LIST
INV-0313 SOURCE=SUPPLIED_FIXED KIND=imports FILE=/tmp/audit-work/162-string-to-md5/reference-semantics/semantics/comprehension.k LINES=7-7 ATTRS=-
  imports MPY-CONTROLS
INV-0314 SOURCE=SUPPLIED_FIXED KIND=imports FILE=/tmp/audit-work/162-string-to-md5/reference-semantics/semantics/comprehension.k LINES=8-8 ATTRS=-
  imports MPY-FUNCTIONS
INV-0315 SOURCE=SUPPLIED_FIXED KIND=rule FILE=/tmp/audit-work/162-string-to-md5/reference-semantics/semantics/comprehension.k LINES=11-11 ATTRS=-
  rule ListComp(ELT:Expr, Gs:CompFors) => Call(closureExpr(.ParamNames, compBody(Gs, ELT)), .Exprs)
INV-0316 SOURCE=SUPPLIED_FIXED KIND=rule FILE=/tmp/audit-work/162-string-to-md5/reference-semantics/semantics/comprehension.k LINES=12-12 ATTRS=-
  rule GenExp(ELT:Expr, Gs:CompFors) => Call(closureExpr(.ParamNames, compBody(Gs, ELT)), .Exprs)
INV-0317 SOURCE=SUPPLIED_FIXED KIND=syntax FILE=/tmp/audit-work/162-string-to-md5/reference-semantics/semantics/comprehension.k LINES=14-14 ATTRS=macro
  syntax Stmts ::= compBody(CompFors, Expr) [macro]
INV-0318 SOURCE=SUPPLIED_FIXED KIND=rule FILE=/tmp/audit-work/162-string-to-md5/reference-semantics/semantics/comprehension.k LINES=15-16 ATTRS=-
  rule compBody(Gs:CompFors, ELT:Expr) => Assign(Name("$acc"), ListExpr(.Exprs)) compNest(Gs, ELT) Return(Name("$acc"))
INV-0319 SOURCE=SUPPLIED_FIXED KIND=syntax FILE=/tmp/audit-work/162-string-to-md5/reference-semantics/semantics/comprehension.k LINES=18-18 ATTRS=-
  syntax Stmt ::= compNest(CompFors, Expr) [macro-rec]
INV-0320 SOURCE=SUPPLIED_FIXED KIND=rule FILE=/tmp/audit-work/162-string-to-md5/reference-semantics/semantics/comprehension.k LINES=19-20 ATTRS=-
  rule compNest(.CompFors, ELT:Expr) => Assign(Name("$acc"), BinOp("+", Name("$acc"), ListExpr(ELT)))
INV-0321 SOURCE=SUPPLIED_FIXED KIND=rule FILE=/tmp/audit-work/162-string-to-md5/reference-semantics/semantics/comprehension.k LINES=21-22 ATTRS=-
  rule compNest((CompFor(T:Expr, ITER:Expr, Fs:Exprs) GRest:CompFors), ELT:Expr) => For(T, ITER, If(compGuard(Fs), compNest(GRest, ELT), .Stmts))
INV-0322 SOURCE=SUPPLIED_FIXED KIND=syntax FILE=/tmp/audit-work/162-string-to-md5/reference-semantics/semantics/comprehension.k LINES=24-24 ATTRS=macro
  syntax Expr ::= compGuard(Exprs) [macro]
INV-0323 SOURCE=SUPPLIED_FIXED KIND=rule FILE=/tmp/audit-work/162-string-to-md5/reference-semantics/semantics/comprehension.k LINES=25-25 ATTRS=-
  rule compGuard(.Exprs) => Bool(true)
INV-0324 SOURCE=SUPPLIED_FIXED KIND=rule FILE=/tmp/audit-work/162-string-to-md5/reference-semantics/semantics/comprehension.k LINES=26-26 ATTRS=-
  rule compGuard((F:Expr, Fs:Exprs)) => BoolOp("and", (F, Fs))
INV-0325 SOURCE=SUPPLIED_FIXED KIND=endmodule FILE=/tmp/audit-work/162-string-to-md5/reference-semantics/semantics/comprehension.k LINES=27-27 ATTRS=-
  endmodule
INV-0326 SOURCE=SUPPLIED_FIXED KIND=module FILE=/tmp/audit-work/162-string-to-md5/reference-semantics/semantics/concrete.k LINES=8-8 ATTRS=-
  module MPY-CONCRETE
INV-0327 SOURCE=SUPPLIED_FIXED KIND=imports FILE=/tmp/audit-work/162-string-to-md5/reference-semantics/semantics/concrete.k LINES=9-9 ATTRS=-
  imports MPY
INV-0328 SOURCE=SUPPLIED_FIXED KIND=rule FILE=/tmp/audit-work/162-string-to-md5/reference-semantics/semantics/concrete.k LINES=13-15 ATTRS=-
  rule <k> Compare(list(A:ValSeq), CmpOp("==", list(B:ValSeq))) => deepEqVS(A, B, HP) ... </k> <heap> HP:Map </heap> requires hasRefVS(A) orBool hasRefVS(B)
INV-0329 SOURCE=SUPPLIED_FIXED KIND=rule FILE=/tmp/audit-work/162-string-to-md5/reference-semantics/semantics/concrete.k LINES=16-18 ATTRS=-
  rule <k> Compare(list(A:ValSeq), CmpOp("!=", list(B:ValSeq))) => notBool deepEqVS(A, B, HP) ... </k> <heap> HP:Map </heap> requires hasRefVS(A) orBool hasRefVS(B)
INV-0330 SOURCE=SUPPLIED_FIXED KIND=syntax FILE=/tmp/audit-work/162-string-to-md5/reference-semantics/semantics/concrete.k LINES=25-25 ATTRS=-
  syntax Val ::= kvP(Val, Val)
INV-0331 SOURCE=SUPPLIED_FIXED KIND=syntax FILE=/tmp/audit-work/162-string-to-md5/reference-semantics/semantics/concrete.k LINES=26-27 ATTRS=-
  syntax KItem ::= #ksort(ValSeq, Val, ValSeq, Bool) | #ksIns(Val, ValSeq, Val, ValSeq, Bool)
INV-0332 SOURCE=SUPPLIED_FIXED KIND=rule FILE=/tmp/audit-work/162-string-to-md5/reference-semantics/semantics/concrete.k LINES=28-30 ATTRS=priority
  rule <k> #applyK(toCall(builtinV("sorted")), (list(VS:ValSeq), kwV("key", KV:Val), .Vals)) => #ksort(VS, KV, .ValSeq, false) ... </k> [priority(40)]
INV-0333 SOURCE=SUPPLIED_FIXED KIND=rule FILE=/tmp/audit-work/162-string-to-md5/reference-semantics/semantics/concrete.k LINES=31-33 ATTRS=priority
  rule <k> #applyK(toCall(builtinV("sorted")), (list(VS:ValSeq), kwV("key", KV:Val), kwV("reverse", RB:Bool), .Vals)) => #ksort(VS, KV, .ValSeq, RB) ... </k> [priority(40)]
INV-0334 SOURCE=SUPPLIED_FIXED KIND=rule FILE=/tmp/audit-work/162-string-to-md5/reference-semantics/semantics/concrete.k LINES=34-35 ATTRS=-
  rule <k> #ksort(.ValSeq, _:Val, ACC:ValSeq, RB:Bool) => #alloc(list(condRev(unpairVS(ACC), RB))) ... </k>
INV-0335 SOURCE=SUPPLIED_FIXED KIND=rule FILE=/tmp/audit-work/162-string-to-md5/reference-semantics/semantics/concrete.k LINES=36-37 ATTRS=-
  rule <k> #ksort(vCons(V:Val, R:ValSeq), KV:Val, ACC:ValSeq, RB:Bool) => KV ~> #callee((V, .Exprs)) ~> #ksIns(V, R, KV, ACC, RB) ... </k>
INV-0336 SOURCE=SUPPLIED_FIXED KIND=rule FILE=/tmp/audit-work/162-string-to-md5/reference-semantics/semantics/concrete.k LINES=38-40 ATTRS=-
  rule <k> K:Val ~> #ksIns(V:Val, R:ValSeq, KV:Val, ACC:ValSeq, RB:Bool) => #ksort(R, KV, insPair(ACC, K, V), RB) ... </k> requires notBool isKwV(K)
INV-0337 SOURCE=SUPPLIED_FIXED KIND=syntax FILE=/tmp/audit-work/162-string-to-md5/reference-semantics/semantics/concrete.k LINES=42-42 ATTRS=function
  syntax ValSeq ::= insPair(ValSeq, Val, Val) [function]
INV-0338 SOURCE=SUPPLIED_FIXED KIND=rule FILE=/tmp/audit-work/162-string-to-md5/reference-semantics/semantics/concrete.k LINES=43-43 ATTRS=-
  rule insPair(.ValSeq, K:Val, V:Val) => vCons(kvP(K, V), .ValSeq)
INV-0339 SOURCE=SUPPLIED_FIXED KIND=rule FILE=/tmp/audit-work/162-string-to-md5/reference-semantics/semantics/concrete.k LINES=44-46 ATTRS=-
  rule insPair(vCons(kvP(K2:Val, V2:Val), R:ValSeq), K:Val, V:Val) => vCons(kvP(K, V), vCons(kvP(K2, V2), R)) requires kLt(K, K2)
INV-0340 SOURCE=SUPPLIED_FIXED KIND=rule FILE=/tmp/audit-work/162-string-to-md5/reference-semantics/semantics/concrete.k LINES=47-49 ATTRS=-
  rule insPair(vCons(kvP(K2:Val, V2:Val), R:ValSeq), K:Val, V:Val) => vCons(kvP(K2, V2), insPair(R, K, V)) requires notBool kLt(K, K2)
INV-0341 SOURCE=SUPPLIED_FIXED KIND=syntax FILE=/tmp/audit-work/162-string-to-md5/reference-semantics/semantics/concrete.k LINES=51-51 ATTRS=function
  syntax Bool ::= kLt(Val, Val) [function]
INV-0342 SOURCE=SUPPLIED_FIXED KIND=rule FILE=/tmp/audit-work/162-string-to-md5/reference-semantics/semantics/concrete.k LINES=52-52 ATTRS=-
  rule kLt(I1:Int, I2:Int) => I1 <Int I2
INV-0343 SOURCE=SUPPLIED_FIXED KIND=rule FILE=/tmp/audit-work/162-string-to-md5/reference-semantics/semantics/concrete.k LINES=53-53 ATTRS=-
  rule kLt(F1:Float, F2:Float) => F1 <Float F2
INV-0344 SOURCE=SUPPLIED_FIXED KIND=rule FILE=/tmp/audit-work/162-string-to-md5/reference-semantics/semantics/concrete.k LINES=54-54 ATTRS=-
  rule kLt(str(A:IntSeq), str(B:IntSeq)) => strLt(A, B)
INV-0345 SOURCE=SUPPLIED_FIXED KIND=rule FILE=/tmp/audit-work/162-string-to-md5/reference-semantics/semantics/concrete.k LINES=58-58 ATTRS=-
  rule kLt(I:Int, F:Float) => ltIF(I, F)
INV-0346 SOURCE=SUPPLIED_FIXED KIND=rule FILE=/tmp/audit-work/162-string-to-md5/reference-semantics/semantics/concrete.k LINES=59-59 ATTRS=-
  rule kLt(F:Float, I:Int) => ltFI(F, I)
INV-0347 SOURCE=SUPPLIED_FIXED KIND=rule FILE=/tmp/audit-work/162-string-to-md5/reference-semantics/semantics/concrete.k LINES=60-60 ATTRS=-
  rule kLt(B:Bool, V:Val) => kLt(boolAsInt(B), V) requires isInt(V) orBool isFloat(V)
INV-0348 SOURCE=SUPPLIED_FIXED KIND=rule FILE=/tmp/audit-work/162-string-to-md5/reference-semantics/semantics/concrete.k LINES=61-61 ATTRS=-
  rule kLt(V:Val, B:Bool) => kLt(V, boolAsInt(B)) requires isInt(V) orBool isFloat(V)
INV-0349 SOURCE=SUPPLIED_FIXED KIND=rule FILE=/tmp/audit-work/162-string-to-md5/reference-semantics/semantics/concrete.k LINES=62-62 ATTRS=-
  rule kLt(B1:Bool, B2:Bool) => boolAsInt(B1) <Int boolAsInt(B2)
INV-0350 SOURCE=SUPPLIED_FIXED KIND=syntax FILE=/tmp/audit-work/162-string-to-md5/reference-semantics/semantics/concrete.k LINES=64-64 ATTRS=function,total
  syntax ValSeq ::= unpairVS(ValSeq) [function, total]
INV-0351 SOURCE=SUPPLIED_FIXED KIND=rule FILE=/tmp/audit-work/162-string-to-md5/reference-semantics/semantics/concrete.k LINES=65-65 ATTRS=-
  rule unpairVS(.ValSeq) => .ValSeq
INV-0352 SOURCE=SUPPLIED_FIXED KIND=rule FILE=/tmp/audit-work/162-string-to-md5/reference-semantics/semantics/concrete.k LINES=66-66 ATTRS=-
  rule unpairVS(vCons(kvP(_:Val, V:Val), R:ValSeq)) => vCons(V, unpairVS(R))
INV-0353 SOURCE=SUPPLIED_FIXED KIND=rule FILE=/tmp/audit-work/162-string-to-md5/reference-semantics/semantics/concrete.k LINES=67-67 ATTRS=owise
  rule unpairVS(vCons(V:Val, R:ValSeq)) => vCons(V, unpairVS(R)) [owise]
INV-0354 SOURCE=SUPPLIED_FIXED KIND=rule FILE=/tmp/audit-work/162-string-to-md5/reference-semantics/semantics/concrete.k LINES=77-79 ATTRS=priority
  rule <k> #applyK(toCall(builtinV("sorted")), (list(VS:ValSeq), kwV("reverse", true), .Vals)) => #alloc(list(revVS(sortVS(revVS(VS))))) ... </k> [priority(40)]
INV-0355 SOURCE=SUPPLIED_FIXED KIND=syntax FILE=/tmp/audit-work/162-string-to-md5/reference-semantics/semantics/concrete.k LINES=90-90 ATTRS=function
  syntax Bool ::= numOrKEq(Val, Val) [function]
INV-0356 SOURCE=SUPPLIED_FIXED KIND=rule FILE=/tmp/audit-work/162-string-to-md5/reference-semantics/semantics/concrete.k LINES=91-93 ATTRS=-
  rule numOrKEq(A:Val, B:Val) => applyCmp("==", A, B) requires (isInt(A) orBool isBool(A) orBool isFloat(A)) andBool (isInt(B) orBool isBool(B) orBool isFloat(B))
INV-0357 SOURCE=SUPPLIED_FIXED KIND=rule FILE=/tmp/audit-work/162-string-to-md5/reference-semantics/semantics/concrete.k LINES=94-94 ATTRS=owise
  rule numOrKEq(A:Val, B:Val) => A ==K B [owise]
INV-0358 SOURCE=SUPPLIED_FIXED KIND=rule FILE=/tmp/audit-work/162-string-to-md5/reference-semantics/semantics/concrete.k LINES=96-97 ATTRS=priority
  rule <k> #iterYield(E:Val, _:Iterable) ~> #memberCont(V:Val) => true ... </k> requires numOrKEq(E, V) [priority(40)]
INV-0359 SOURCE=SUPPLIED_FIXED KIND=rule FILE=/tmp/audit-work/162-string-to-md5/reference-semantics/semantics/concrete.k LINES=98-99 ATTRS=priority
  rule <k> #iterYield(E:Val, R:Iterable) ~> #memberCont(V:Val) => #memberAcc(V, R) ... </k> requires notBool numOrKEq(E, V) [priority(40)]
INV-0360 SOURCE=SUPPLIED_FIXED KIND=endmodule FILE=/tmp/audit-work/162-string-to-md5/reference-semantics/semantics/concrete.k LINES=100-100 ATTRS=-
  endmodule
INV-0361 SOURCE=SUPPLIED_FIXED KIND=module FILE=/tmp/audit-work/162-string-to-md5/reference-semantics/semantics/controls.k LINES=3-3 ATTRS=-
  module MPY-CONTROLS
INV-0362 SOURCE=SUPPLIED_FIXED KIND=imports FILE=/tmp/audit-work/162-string-to-md5/reference-semantics/semantics/controls.k LINES=4-4 ATTRS=-
  imports MPY-CORE
INV-0363 SOURCE=SUPPLIED_FIXED KIND=imports FILE=/tmp/audit-work/162-string-to-md5/reference-semantics/semantics/controls.k LINES=5-5 ATTRS=-
  imports MPY-TUPLE
INV-0364 SOURCE=SUPPLIED_FIXED KIND=imports FILE=/tmp/audit-work/162-string-to-md5/reference-semantics/semantics/controls.k LINES=6-6 ATTRS=-
  imports MPY-ITER
INV-0365 SOURCE=SUPPLIED_FIXED KIND=rule FILE=/tmp/audit-work/162-string-to-md5/reference-semantics/semantics/controls.k LINES=9-11 ATTRS=-
  rule <k> Assign(Name(X:String), V:Val) => .K ... </k> <env> L:Int </env> <scopes> ... L |-> scope(M:Map => M [ X <- V ], _) ... </scopes>
INV-0366 SOURCE=SUPPLIED_FIXED KIND=rule FILE=/tmp/audit-work/162-string-to-md5/reference-semantics/semantics/controls.k LINES=12-18 ATTRS=priority
  rule <k> Assign(Name(X:String), V:Val) => #cellW({M[X]}:>Val, V) ... </k> <env> L:Int </env> <scopes> ... L |-> scope(M:Map, _) ... </scopes> requires "$cells" in_keys(M) andBool pnMember(X, cellsOf({M["$cells"]}:>Val)) andBool X in_keys(M) andBool isCellRef({M[X]}:>Val) [priority(40)]
INV-0367 SOURCE=SUPPLIED_FIXED KIND=rule FILE=/tmp/audit-work/162-string-to-md5/reference-semantics/semantics/controls.k LINES=20-23 ATTRS=-
  rule <k> AugAssign(Name(X:String), OP:String, V:Val) => .K ... </k> <env> L:Int </env> <scopes> ... L |-> scope(M:Map => M [ X <- applyBin(OP, {M[X]}:>Val, V) ], _) ... </scopes> requires X in_keys(M)
INV-0368 SOURCE=SUPPLIED_FIXED KIND=rule FILE=/tmp/audit-work/162-string-to-md5/reference-semantics/semantics/controls.k LINES=27-31 ATTRS=priority
  rule <k> AugAssign(Name(X:String), OP:String, V:Val) => Assign(Name(X), BinOp(OP, Name(X), V)) ... </k> <env> L:Int </env> <scopes> ... L |-> scope(M:Map, _) ... </scopes> requires X in_keys(M) andBool isRefV({M[X]}:>Val) [priority(40)]
INV-0369 SOURCE=SUPPLIED_FIXED KIND=rule FILE=/tmp/audit-work/162-string-to-md5/reference-semantics/semantics/controls.k LINES=35-35 ATTRS=-
  rule <k> ImportFrom("math", NS:ParamNames) => #bindImports(NS) ... </k>
INV-0370 SOURCE=SUPPLIED_FIXED KIND=rule FILE=/tmp/audit-work/162-string-to-md5/reference-semantics/semantics/controls.k LINES=36-36 ATTRS=owise
  rule <k> ImportFrom(_:String, _:ParamNames) => .K ... </k> [owise]
INV-0371 SOURCE=SUPPLIED_FIXED KIND=syntax FILE=/tmp/audit-work/162-string-to-md5/reference-semantics/semantics/controls.k LINES=37-37 ATTRS=-
  syntax KItem ::= #bindImports(ParamNames)
INV-0372 SOURCE=SUPPLIED_FIXED KIND=rule FILE=/tmp/audit-work/162-string-to-md5/reference-semantics/semantics/controls.k LINES=38-38 ATTRS=-
  rule <k> #bindImports(.ParamNames) => .K ... </k>
INV-0373 SOURCE=SUPPLIED_FIXED KIND=rule FILE=/tmp/audit-work/162-string-to-md5/reference-semantics/semantics/controls.k LINES=39-42 ATTRS=-
  rule <k> #bindImports((N:String, NS:ParamNames)) => #bindImports(NS) ... </k> <env> L:Int </env> <scopes> ... L |-> scope(M:Map => M [ N <- builtinV(N) ], _) ... </scopes> requires N ==String "floor" orBool N ==String "ceil"
INV-0374 SOURCE=SUPPLIED_FIXED KIND=rule FILE=/tmp/audit-work/162-string-to-md5/reference-semantics/semantics/controls.k LINES=43-44 ATTRS=-
  rule <k> #bindImports((N:String, NS:ParamNames)) => #bindImports(NS) ... </k> requires notBool (N ==String "floor" orBool N ==String "ceil")
INV-0375 SOURCE=SUPPLIED_FIXED KIND=rule FILE=/tmp/audit-work/162-string-to-md5/reference-semantics/semantics/controls.k LINES=48-48 ATTRS=-
  rule <k> Expr(_:Val) => .K ... </k>
INV-0376 SOURCE=SUPPLIED_FIXED KIND=syntax FILE=/tmp/audit-work/162-string-to-md5/reference-semantics/semantics/controls.k LINES=51-51 ATTRS=-
  syntax KItem ::= #branch(Bool, Stmts, Stmts)
INV-0377 SOURCE=SUPPLIED_FIXED KIND=rule FILE=/tmp/audit-work/162-string-to-md5/reference-semantics/semantics/controls.k LINES=52-52 ATTRS=-
  rule <k> If(C:Val, T:Stmts, E:Stmts) => #branch(truthy(C), T, E) ... </k>
INV-0378 SOURCE=SUPPLIED_FIXED KIND=rule FILE=/tmp/audit-work/162-string-to-md5/reference-semantics/semantics/controls.k LINES=53-53 ATTRS=-
  rule <k> #branch(true, T:Stmts, _:Stmts) => T ... </k>
INV-0379 SOURCE=SUPPLIED_FIXED KIND=rule FILE=/tmp/audit-work/162-string-to-md5/reference-semantics/semantics/controls.k LINES=54-54 ATTRS=-
  rule <k> #branch(false, _:Stmts, E:Stmts) => E ... </k>
INV-0380 SOURCE=SUPPLIED_FIXED KIND=rule FILE=/tmp/audit-work/162-string-to-md5/reference-semantics/semantics/controls.k LINES=57-58 ATTRS=-
  rule <k> IfExp(V:Val, T:Expr, _:Expr) => T ... </k> requires truthy(V)
INV-0381 SOURCE=SUPPLIED_FIXED KIND=rule FILE=/tmp/audit-work/162-string-to-md5/reference-semantics/semantics/controls.k LINES=59-60 ATTRS=-
  rule <k> IfExp(V:Val, _:Expr, E:Expr) => E ... </k> requires notBool truthy(V)
INV-0382 SOURCE=SUPPLIED_FIXED KIND=syntax FILE=/tmp/audit-work/162-string-to-md5/reference-semantics/semantics/controls.k LINES=65-67 ATTRS=-
  syntax KItem ::= #loop(Val, Expr, Stmts) | #loopStep(Expr, Stmts) | #while(Expr, Stmts) | #whileCond(Expr, Stmts) | #loopLbl(K) | "#cont" | "#brk"
INV-0383 SOURCE=SUPPLIED_FIXED KIND=rule FILE=/tmp/audit-work/162-string-to-md5/reference-semantics/semantics/controls.k LINES=69-69 ATTRS=-
  rule <k> For(T:Expr, OBJ:Val, B:Stmts) => #loop(OBJ, T, B) ... </k>
INV-0384 SOURCE=SUPPLIED_FIXED KIND=rule FILE=/tmp/audit-work/162-string-to-md5/reference-semantics/semantics/controls.k LINES=71-71 ATTRS=-
  rule <k> #loop(IT:Iterable, T:Expr, B:Stmts) => #iterNext(IT) ~> #loopStep(T, B) ... </k>
INV-0385 SOURCE=SUPPLIED_FIXED KIND=rule FILE=/tmp/audit-work/162-string-to-md5/reference-semantics/semantics/controls.k LINES=72-72 ATTRS=-
  rule <k> #iterDone ~> #loopStep(_:Expr, _:Stmts) => .K ... </k>
INV-0386 SOURCE=SUPPLIED_FIXED KIND=rule FILE=/tmp/audit-work/162-string-to-md5/reference-semantics/semantics/controls.k LINES=73-74 ATTRS=-
  rule <k> #iterYield(V:Val, REST:Iterable) ~> #loopStep(T:Expr, B:Stmts) => #bindTgt(T, V) ~> B ~> #loopLbl(#loop(REST, T, B)) ... </k>
INV-0387 SOURCE=SUPPLIED_FIXED KIND=rule FILE=/tmp/audit-work/162-string-to-md5/reference-semantics/semantics/controls.k LINES=77-77 ATTRS=-
  rule <k> While(C:Expr, B:Stmts) => #while(C, B) ... </k>
INV-0388 SOURCE=SUPPLIED_FIXED KIND=rule FILE=/tmp/audit-work/162-string-to-md5/reference-semantics/semantics/controls.k LINES=78-78 ATTRS=-
  rule <k> #while(C:Expr, B:Stmts) => C ~> #whileCond(C, B) ... </k>
INV-0389 SOURCE=SUPPLIED_FIXED KIND=rule FILE=/tmp/audit-work/162-string-to-md5/reference-semantics/semantics/controls.k LINES=79-80 ATTRS=-
  rule <k> V:Val ~> #whileCond(C:Expr, B:Stmts) => B ~> #loopLbl(#while(C, B)) ... </k> requires truthy(V)
INV-0390 SOURCE=SUPPLIED_FIXED KIND=rule FILE=/tmp/audit-work/162-string-to-md5/reference-semantics/semantics/controls.k LINES=81-82 ATTRS=-
  rule <k> V:Val ~> #whileCond(_C:Expr, _B:Stmts) => .K ... </k> requires notBool truthy(V)
INV-0391 SOURCE=SUPPLIED_FIXED KIND=rule FILE=/tmp/audit-work/162-string-to-md5/reference-semantics/semantics/controls.k LINES=85-85 ATTRS=-
  rule <k> #loopLbl(NEXT:K) => NEXT ... </k>
INV-0392 SOURCE=SUPPLIED_FIXED KIND=rule FILE=/tmp/audit-work/162-string-to-md5/reference-semantics/semantics/controls.k LINES=86-86 ATTRS=-
  rule <k> Continue => #cont ... </k>
INV-0393 SOURCE=SUPPLIED_FIXED KIND=rule FILE=/tmp/audit-work/162-string-to-md5/reference-semantics/semantics/controls.k LINES=87-87 ATTRS=-
  rule <k> Break => #brk ... </k>
INV-0394 SOURCE=SUPPLIED_FIXED KIND=rule FILE=/tmp/audit-work/162-string-to-md5/reference-semantics/semantics/controls.k LINES=88-88 ATTRS=-
  rule <k> #cont ~> #loopLbl(NEXT:K) => NEXT ... </k>
INV-0395 SOURCE=SUPPLIED_FIXED KIND=rule FILE=/tmp/audit-work/162-string-to-md5/reference-semantics/semantics/controls.k LINES=89-89 ATTRS=owise
  rule <k> #cont ~> (_:KItem => .K) ... </k> [owise]
INV-0396 SOURCE=SUPPLIED_FIXED KIND=rule FILE=/tmp/audit-work/162-string-to-md5/reference-semantics/semantics/controls.k LINES=90-90 ATTRS=-
  rule <k> #brk ~> #loopLbl(_:K) => .K ... </k>
INV-0397 SOURCE=SUPPLIED_FIXED KIND=rule FILE=/tmp/audit-work/162-string-to-md5/reference-semantics/semantics/controls.k LINES=91-91 ATTRS=owise
  rule <k> #brk ~> (_:KItem => .K) ... </k> [owise]
INV-0398 SOURCE=SUPPLIED_FIXED KIND=rule FILE=/tmp/audit-work/162-string-to-md5/reference-semantics/semantics/controls.k LINES=95-97 ATTRS=priority
  rule <k> If(ref(H:Int), T:Stmts, E:Stmts) => If(V, T, E) ... </k> <heap> ... H |-> V:Val ... </heap> [priority(40)]
INV-0399 SOURCE=SUPPLIED_FIXED KIND=rule FILE=/tmp/audit-work/162-string-to-md5/reference-semantics/semantics/controls.k LINES=98-100 ATTRS=priority
  rule <k> IfExp(ref(H:Int), T:Expr, E:Expr) => IfExp(V, T, E) ... </k> <heap> ... H |-> V:Val ... </heap> [priority(40)]
INV-0400 SOURCE=SUPPLIED_FIXED KIND=rule FILE=/tmp/audit-work/162-string-to-md5/reference-semantics/semantics/controls.k LINES=101-103 ATTRS=priority
  rule <k> ref(H:Int) ~> #whileCond(C:Expr, B:Stmts) => V ~> #whileCond(C, B) ... </k> <heap> ... H |-> V:Val ... </heap> [priority(40)]
INV-0401 SOURCE=SUPPLIED_FIXED KIND=rule FILE=/tmp/audit-work/162-string-to-md5/reference-semantics/semantics/controls.k LINES=106-108 ATTRS=priority
  rule <k> For(T:Expr, ref(H:Int), B:Stmts) => For(T, V, B) ... </k> <heap> ... H |-> V:Val ... </heap> [priority(40)]
INV-0402 SOURCE=SUPPLIED_FIXED KIND=endmodule FILE=/tmp/audit-work/162-string-to-md5/reference-semantics/semantics/controls.k LINES=109-109 ATTRS=-
  endmodule
INV-0403 SOURCE=SUPPLIED_FIXED KIND=module FILE=/tmp/audit-work/162-string-to-md5/reference-semantics/semantics/core.k LINES=3-3 ATTRS=-
  module MPY-CORE
INV-0404 SOURCE=SUPPLIED_FIXED KIND=imports FILE=/tmp/audit-work/162-string-to-md5/reference-semantics/semantics/core.k LINES=4-4 ATTRS=-
  imports MPY-SYNTAX
INV-0405 SOURCE=SUPPLIED_FIXED KIND=imports FILE=/tmp/audit-work/162-string-to-md5/reference-semantics/semantics/core.k LINES=5-5 ATTRS=-
  imports INT
INV-0406 SOURCE=SUPPLIED_FIXED KIND=imports FILE=/tmp/audit-work/162-string-to-md5/reference-semantics/semantics/core.k LINES=6-6 ATTRS=-
  imports BOOL
INV-0407 SOURCE=SUPPLIED_FIXED KIND=imports FILE=/tmp/audit-work/162-string-to-md5/reference-semantics/semantics/core.k LINES=7-7 ATTRS=-
  imports STRING
INV-0408 SOURCE=SUPPLIED_FIXED KIND=imports FILE=/tmp/audit-work/162-string-to-md5/reference-semantics/semantics/core.k LINES=8-8 ATTRS=-
  imports MAP
INV-0409 SOURCE=SUPPLIED_FIXED KIND=imports FILE=/tmp/audit-work/162-string-to-md5/reference-semantics/semantics/core.k LINES=9-9 ATTRS=-
  imports LIST
INV-0410 SOURCE=SUPPLIED_FIXED KIND=imports FILE=/tmp/audit-work/162-string-to-md5/reference-semantics/semantics/core.k LINES=10-10 ATTRS=-
  imports K-EQUAL
INV-0411 SOURCE=SUPPLIED_FIXED KIND=syntax FILE=/tmp/audit-work/162-string-to-md5/reference-semantics/semantics/core.k LINES=13-13 ATTRS=-
  syntax IntSeq ::= ".IntSeq" | iCons(Int, IntSeq)
INV-0412 SOURCE=SUPPLIED_FIXED KIND=syntax FILE=/tmp/audit-work/162-string-to-md5/reference-semantics/semantics/core.k LINES=14-14 ATTRS=-
  syntax ValSeq ::= ".ValSeq" | vCons(Val, ValSeq)
INV-0413 SOURCE=SUPPLIED_FIXED KIND=syntax FILE=/tmp/audit-work/162-string-to-md5/reference-semantics/semantics/core.k LINES=15-15 ATTRS=-
  syntax Str ::= str(IntSeq)
INV-0414 SOURCE=SUPPLIED_FIXED KIND=syntax FILE=/tmp/audit-work/162-string-to-md5/reference-semantics/semantics/core.k LINES=18-23 ATTRS=-
  syntax Iterable ::= list(ValSeq) | tuple(ValSeq) | Str | rangeObj(Int, Int, Int) | zipObj(ValSeq, ValSeq) | zipObjS(IntSeq, IntSeq)
INV-0415 SOURCE=SUPPLIED_FIXED KIND=syntax FILE=/tmp/audit-work/162-string-to-md5/reference-semantics/semantics/core.k LINES=25-34 ATTRS=-
  syntax Val ::= Int | Bool | "noneV" | Iterable | ref(Int) // a heap object: <heap> holds its list(VS) | cellRef(Int) // a closure cell: <heap> holds cellV(V) | closureVal(ParamNames, Stmts, Int) | typeV(String) // a type object (int/str), resolved from the builtins frame | builtinV(String) // a builtin function, resolved like any name (LEGB fallthrough) | boundMethodV(Val, String) // a cooled Attribute: obj.method
INV-0416 SOURCE=SUPPLIED_FIXED KIND=syntax FILE=/tmp/audit-work/162-string-to-md5/reference-semantics/semantics/core.k LINES=36-36 ATTRS=-
  syntax Parent ::= "root" | parent(Int)
INV-0417 SOURCE=SUPPLIED_FIXED KIND=syntax FILE=/tmp/audit-work/162-string-to-md5/reference-semantics/semantics/core.k LINES=37-37 ATTRS=-
  syntax Scope ::= scope(Map, Parent)
INV-0418 SOURCE=SUPPLIED_FIXED KIND=syntax FILE=/tmp/audit-work/162-string-to-md5/reference-semantics/semantics/core.k LINES=38-38 ATTRS=-
  syntax KResult ::= Val
INV-0419 SOURCE=SUPPLIED_FIXED KIND=syntax FILE=/tmp/audit-work/162-string-to-md5/reference-semantics/semantics/core.k LINES=39-39 ATTRS=-
  syntax Expr ::= Val // cooling puts results back into expression holes
INV-0420 SOURCE=SUPPLIED_FIXED KIND=syntax FILE=/tmp/audit-work/162-string-to-md5/reference-semantics/semantics/core.k LINES=40-40 ATTRS=-
  syntax Vals ::= List{Val, ","}
INV-0421 SOURCE=SUPPLIED_FIXED KIND=syntax FILE=/tmp/audit-work/162-string-to-md5/reference-semantics/semantics/core.k LINES=41-41 ATTRS=-
  syntax Exc ::= "NoExc" | "AssertionError"
INV-0422 SOURCE=SUPPLIED_FIXED KIND=syntax FILE=/tmp/audit-work/162-string-to-md5/reference-semantics/semantics/core.k LINES=42-42 ATTRS=-
  syntax RetState ::= "noRet" | retV(Val)
INV-0423 SOURCE=SUPPLIED_FIXED KIND=configuration FILE=/tmp/audit-work/162-string-to-md5/reference-semantics/semantics/core.k LINES=49-60 ATTRS=-
  configuration <k> #loadAll($PGM:Module) </k> <env> 0 </env> <scopes> 0 |-> scope(.Map, parent(-1)) -1 |-> builtinsScope </scopes> <scopeLoc> 1 </scopeLoc> <heap> .Map </heap> <heapLoc> 0 </heapLoc> <stack> .List </stack> <ret> noRet </ret> <exc> NoExc </exc> <exit-code exit=""> 0 </exit-code>
INV-0424 SOURCE=SUPPLIED_FIXED KIND=syntax FILE=/tmp/audit-work/162-string-to-md5/reference-semantics/semantics/core.k LINES=68-68 ATTRS=function,total
  syntax Bool ::= isRefV(Val) [function, total]
INV-0425 SOURCE=SUPPLIED_FIXED KIND=rule FILE=/tmp/audit-work/162-string-to-md5/reference-semantics/semantics/core.k LINES=69-69 ATTRS=-
  rule isRefV(ref(_:Int)) => true
INV-0426 SOURCE=SUPPLIED_FIXED KIND=rule FILE=/tmp/audit-work/162-string-to-md5/reference-semantics/semantics/core.k LINES=70-70 ATTRS=owise
  rule isRefV(_:Val) => false [owise]
INV-0427 SOURCE=SUPPLIED_FIXED KIND=syntax FILE=/tmp/audit-work/162-string-to-md5/reference-semantics/semantics/core.k LINES=75-75 ATTRS=-
  syntax HeapVal ::= cellV(Val)
INV-0428 SOURCE=SUPPLIED_FIXED KIND=syntax FILE=/tmp/audit-work/162-string-to-md5/reference-semantics/semantics/core.k LINES=76-76 ATTRS=function,total
  syntax Bool ::= isCellRef(Val) [function, total]
INV-0429 SOURCE=SUPPLIED_FIXED KIND=rule FILE=/tmp/audit-work/162-string-to-md5/reference-semantics/semantics/core.k LINES=77-77 ATTRS=-
  rule isCellRef(cellRef(_:Int)) => true
INV-0430 SOURCE=SUPPLIED_FIXED KIND=rule FILE=/tmp/audit-work/162-string-to-md5/reference-semantics/semantics/core.k LINES=78-78 ATTRS=owise
  rule isCellRef(_:Val) => false [owise]
INV-0431 SOURCE=SUPPLIED_FIXED KIND=rule FILE=/tmp/audit-work/162-string-to-md5/reference-semantics/semantics/core.k LINES=85-90 ATTRS=priority
  rule <k> cellRef(H:Int) => V ... </k> <env> L:Int </env> <scopes> ... L |-> scope(M:Map, _) ... </scopes> <heap> ... H |-> cellV(V:Val) ... </heap> requires "$cells" in_keys(M) [priority(40)]
INV-0432 SOURCE=SUPPLIED_FIXED KIND=syntax FILE=/tmp/audit-work/162-string-to-md5/reference-semantics/semantics/core.k LINES=95-95 ATTRS=-
  syntax Val ::= kwV(String, Val)
INV-0433 SOURCE=SUPPLIED_FIXED KIND=syntax FILE=/tmp/audit-work/162-string-to-md5/reference-semantics/semantics/core.k LINES=96-96 ATTRS=-
  syntax KItem ::= #kwTag(String)
INV-0434 SOURCE=SUPPLIED_FIXED KIND=rule FILE=/tmp/audit-work/162-string-to-md5/reference-semantics/semantics/core.k LINES=97-97 ATTRS=-
  rule <k> KwArg(N:String, E:Expr) => E ~> #kwTag(N) ... </k>
INV-0435 SOURCE=SUPPLIED_FIXED KIND=rule FILE=/tmp/audit-work/162-string-to-md5/reference-semantics/semantics/core.k LINES=98-99 ATTRS=-
  rule <k> V:Val ~> #kwTag(N:String) => kwV(N, V) ... </k> requires notBool isKwV(V)
INV-0436 SOURCE=SUPPLIED_FIXED KIND=syntax FILE=/tmp/audit-work/162-string-to-md5/reference-semantics/semantics/core.k LINES=100-100 ATTRS=function,total
  syntax Bool ::= isKwV(Val) [function, total]
INV-0437 SOURCE=SUPPLIED_FIXED KIND=rule FILE=/tmp/audit-work/162-string-to-md5/reference-semantics/semantics/core.k LINES=101-101 ATTRS=-
  rule isKwV(kwV(_:String, _:Val)) => true
INV-0438 SOURCE=SUPPLIED_FIXED KIND=rule FILE=/tmp/audit-work/162-string-to-md5/reference-semantics/semantics/core.k LINES=102-102 ATTRS=owise
  rule isKwV(_:Val) => false [owise]
INV-0439 SOURCE=SUPPLIED_FIXED KIND=syntax FILE=/tmp/audit-work/162-string-to-md5/reference-semantics/semantics/core.k LINES=106-106 ATTRS=-
  syntax Val ::= cellsMark(ParamNames)
INV-0440 SOURCE=SUPPLIED_FIXED KIND=syntax FILE=/tmp/audit-work/162-string-to-md5/reference-semantics/semantics/core.k LINES=107-107 ATTRS=function
  syntax ParamNames ::= cellsOf(Val) [function]
INV-0441 SOURCE=SUPPLIED_FIXED KIND=rule FILE=/tmp/audit-work/162-string-to-md5/reference-semantics/semantics/core.k LINES=108-108 ATTRS=-
  rule cellsOf(cellsMark(CVS:ParamNames)) => CVS
INV-0442 SOURCE=SUPPLIED_FIXED KIND=syntax FILE=/tmp/audit-work/162-string-to-md5/reference-semantics/semantics/core.k LINES=109-109 ATTRS=function,total
  syntax Bool ::= pnMember(String, ParamNames) [function, total]
INV-0443 SOURCE=SUPPLIED_FIXED KIND=rule FILE=/tmp/audit-work/162-string-to-md5/reference-semantics/semantics/core.k LINES=110-110 ATTRS=-
  rule pnMember(_:String, .ParamNames) => false
INV-0444 SOURCE=SUPPLIED_FIXED KIND=rule FILE=/tmp/audit-work/162-string-to-md5/reference-semantics/semantics/core.k LINES=111-111 ATTRS=-
  rule pnMember(X:String, (P:String, R:ParamNames)) => X ==String P orBool pnMember(X, R)
INV-0445 SOURCE=SUPPLIED_FIXED KIND=syntax FILE=/tmp/audit-work/162-string-to-md5/reference-semantics/semantics/core.k LINES=113-113 ATTRS=-
  syntax KItem ::= #cellW(Val, Val)
INV-0446 SOURCE=SUPPLIED_FIXED KIND=rule FILE=/tmp/audit-work/162-string-to-md5/reference-semantics/semantics/core.k LINES=114-115 ATTRS=-
  rule <k> #cellW(cellRef(H:Int), V:Val) => .K ... </k> <heap> ... H |-> cellV(_:Val => V) ... </heap>
INV-0447 SOURCE=SUPPLIED_FIXED KIND=syntax FILE=/tmp/audit-work/162-string-to-md5/reference-semantics/semantics/core.k LINES=117-117 ATTRS=-
  syntax KItem ::= #alloc(Val)
INV-0448 SOURCE=SUPPLIED_FIXED KIND=rule FILE=/tmp/audit-work/162-string-to-md5/reference-semantics/semantics/core.k LINES=118-121 ATTRS=-
  rule <k> #alloc(V:Val) => ref(N) ... </k> <heap> H:Map => (N |-> V) H </heap> <heapLoc> N:Int => N +Int 1 </heapLoc> requires notBool N in_keys(H)
INV-0449 SOURCE=SUPPLIED_FIXED KIND=syntax FILE=/tmp/audit-work/162-string-to-md5/reference-semantics/semantics/core.k LINES=124-124 ATTRS=-
  syntax KItem ::= #loadAll(Module)
INV-0450 SOURCE=SUPPLIED_FIXED KIND=rule FILE=/tmp/audit-work/162-string-to-md5/reference-semantics/semantics/core.k LINES=125-125 ATTRS=-
  rule <k> #loadAll(Module(SS:Stmts)) => SS ... </k>
INV-0451 SOURCE=SUPPLIED_FIXED KIND=rule FILE=/tmp/audit-work/162-string-to-md5/reference-semantics/semantics/core.k LINES=126-126 ATTRS=-
  rule <k> (S:Stmt SS:Stmts):Stmts => S ~> SS ... </k>
INV-0452 SOURCE=SUPPLIED_FIXED KIND=rule FILE=/tmp/audit-work/162-string-to-md5/reference-semantics/semantics/core.k LINES=127-127 ATTRS=-
  rule <k> .Stmts => .K ... </k>
INV-0453 SOURCE=SUPPLIED_FIXED KIND=syntax FILE=/tmp/audit-work/162-string-to-md5/reference-semantics/semantics/core.k LINES=130-130 ATTRS=-
  syntax KItem ::= #look(String, Int)
INV-0454 SOURCE=SUPPLIED_FIXED KIND=rule FILE=/tmp/audit-work/162-string-to-md5/reference-semantics/semantics/core.k LINES=131-131 ATTRS=-
  rule <k> Name(X:String) => #look(X, L) ... </k> <env> L:Int </env>
INV-0455 SOURCE=SUPPLIED_FIXED KIND=rule FILE=/tmp/audit-work/162-string-to-md5/reference-semantics/semantics/core.k LINES=132-134 ATTRS=-
  rule <k> #look(X:String, L:Int) => {M[X]}:>Val ... </k> <scopes> ... L |-> scope(M:Map, _:Parent) ... </scopes> requires X in_keys(M)
INV-0456 SOURCE=SUPPLIED_FIXED KIND=rule FILE=/tmp/audit-work/162-string-to-md5/reference-semantics/semantics/core.k LINES=145-151 ATTRS=priority
  rule <k> #look(X:String, L:Int) => V ... </k> <scopes> ... L |-> scope(M:Map, _:Parent) ... </scopes> <heap> ... H |-> cellV(V:Val) ... </heap> requires X in_keys(M) andBool "$cells" in_keys(M) andBool pnMember(X, cellsOf({M["$cells"]}:>Val)) andBool {M[X]}:>Val ==K cellRef(H) [priority(40)]
INV-0457 SOURCE=SUPPLIED_FIXED KIND=rule FILE=/tmp/audit-work/162-string-to-md5/reference-semantics/semantics/core.k LINES=152-154 ATTRS=-
  rule <k> #look(X:String, L:Int) => #look(X, P) ... </k> <scopes> ... L |-> scope(M:Map, parent(P:Int)) ... </scopes> requires notBool (X in_keys(M))
INV-0458 SOURCE=SUPPLIED_FIXED KIND=syntax FILE=/tmp/audit-work/162-string-to-md5/reference-semantics/semantics/core.k LINES=157-157 ATTRS=function,total
  syntax Scope ::= "builtinsScope" [function, total]
INV-0459 SOURCE=SUPPLIED_FIXED KIND=rule FILE=/tmp/audit-work/162-string-to-md5/reference-semantics/semantics/core.k LINES=158-181 ATTRS=-
  rule builtinsScope => scope(.Map [ "len" <- builtinV("len") ] [ "set" <- builtinV("set") ] [ "sum" <- builtinV("sum") ] [ "abs" <- builtinV("abs") ] [ "min" <- builtinV("min") ] [ "max" <- builtinV("max") ] [ "ord" <- builtinV("ord") ] [ "chr" <- builtinV("chr") ] [ "range" <- builtinV("range") ] [ "all" <- builtinV("all") ] [ "any" <- builtinV("any") ] [ "zip" <- builtinV("zip") ] [ "isinstance" <- builtinV("isinstance") ] [ "sorted" <- builtinV("sorted") ] [ "list" <- builtinV("list") ] [ "round" <- builtinV("round") ] [ "bin" <- builtinV("bin") ] [ "enumerate" <- builtinV("enumerate") ] [ "map" <- builtinV("map") ] [ "eval" <- builtinV("eval") ] [ "int" <- typeV("int") ] [ "str" <- typeV("str") ] [ "float" <- typeV("float") ], root)
INV-0460 SOURCE=SUPPLIED_FIXED KIND=syntax FILE=/tmp/audit-work/162-string-to-md5/reference-semantics/semantics/core.k LINES=185-185 ATTRS=-
  syntax ApplyK ::= toCall(Val)
INV-0461 SOURCE=SUPPLIED_FIXED KIND=syntax FILE=/tmp/audit-work/162-string-to-md5/reference-semantics/semantics/core.k LINES=186-188 ATTRS=-
  syntax KItem ::= #evalArgs(Exprs, Vals, ApplyK) | #evalArgCont(Exprs, Vals, ApplyK) | #applyK(ApplyK, Vals)
INV-0462 SOURCE=SUPPLIED_FIXED KIND=rule FILE=/tmp/audit-work/162-string-to-md5/reference-semantics/semantics/core.k LINES=189-189 ATTRS=-
  rule <k> #evalArgs((A:Expr, REST:Exprs), ACC:Vals, K:ApplyK) => A ~> #evalArgCont(REST, ACC, K) ... </k>
INV-0463 SOURCE=SUPPLIED_FIXED KIND=rule FILE=/tmp/audit-work/162-string-to-md5/reference-semantics/semantics/core.k LINES=190-190 ATTRS=-
  rule <k> V:Val ~> #evalArgCont(REST:Exprs, ACC:Vals, K:ApplyK) => #evalArgs(REST, appendVal(ACC, V), K) ... </k>
INV-0464 SOURCE=SUPPLIED_FIXED KIND=rule FILE=/tmp/audit-work/162-string-to-md5/reference-semantics/semantics/core.k LINES=191-191 ATTRS=-
  rule <k> #evalArgs(.Exprs, ACC:Vals, K:ApplyK) => #applyK(K, ACC) ... </k>
INV-0465 SOURCE=SUPPLIED_FIXED KIND=rule FILE=/tmp/audit-work/162-string-to-md5/reference-semantics/semantics/core.k LINES=194-194 ATTRS=-
  rule <k> Int(I:Int) => I ... </k>
INV-0466 SOURCE=SUPPLIED_FIXED KIND=rule FILE=/tmp/audit-work/162-string-to-md5/reference-semantics/semantics/core.k LINES=195-195 ATTRS=-
  rule <k> Bool(B:Bool) => B ... </k>
INV-0467 SOURCE=SUPPLIED_FIXED KIND=rule FILE=/tmp/audit-work/162-string-to-md5/reference-semantics/semantics/core.k LINES=196-196 ATTRS=-
  rule <k> NoneVal => noneV ... </k>
INV-0468 SOURCE=SUPPLIED_FIXED KIND=syntax FILE=/tmp/audit-work/162-string-to-md5/reference-semantics/semantics/core.k LINES=199-199 ATTRS=function
  syntax Bool ::= truthy(Val) [function]
INV-0469 SOURCE=SUPPLIED_FIXED KIND=rule FILE=/tmp/audit-work/162-string-to-md5/reference-semantics/semantics/core.k LINES=200-200 ATTRS=-
  rule truthy(B:Bool) => B
INV-0470 SOURCE=SUPPLIED_FIXED KIND=rule FILE=/tmp/audit-work/162-string-to-md5/reference-semantics/semantics/core.k LINES=201-201 ATTRS=-
  rule truthy(noneV) => false
INV-0471 SOURCE=SUPPLIED_FIXED KIND=rule FILE=/tmp/audit-work/162-string-to-md5/reference-semantics/semantics/core.k LINES=202-202 ATTRS=-
  rule truthy(I:Int) => I =/=Int 0
INV-0472 SOURCE=SUPPLIED_FIXED KIND=rule FILE=/tmp/audit-work/162-string-to-md5/reference-semantics/semantics/core.k LINES=203-203 ATTRS=-
  rule truthy(str(S:IntSeq)) => notBool (S ==K .IntSeq)
INV-0473 SOURCE=SUPPLIED_FIXED KIND=rule FILE=/tmp/audit-work/162-string-to-md5/reference-semantics/semantics/core.k LINES=204-204 ATTRS=-
  rule truthy(list(V:ValSeq)) => notBool (V ==K .ValSeq)
INV-0474 SOURCE=SUPPLIED_FIXED KIND=rule FILE=/tmp/audit-work/162-string-to-md5/reference-semantics/semantics/core.k LINES=205-205 ATTRS=-
  rule truthy(tuple(V:ValSeq)) => notBool (V ==K .ValSeq)
INV-0475 SOURCE=SUPPLIED_FIXED KIND=syntax FILE=/tmp/audit-work/162-string-to-md5/reference-semantics/semantics/core.k LINES=208-208 ATTRS=function
  syntax Val ::= applyUn(String, Val) [function]
INV-0476 SOURCE=SUPPLIED_FIXED KIND=syntax FILE=/tmp/audit-work/162-string-to-md5/reference-semantics/semantics/core.k LINES=209-209 ATTRS=function
  syntax Val ::= applyBin(String, Val, Val) [function]
INV-0477 SOURCE=SUPPLIED_FIXED KIND=syntax FILE=/tmp/audit-work/162-string-to-md5/reference-semantics/semantics/core.k LINES=210-210 ATTRS=function
  syntax Bool ::= applyCmp(String, Val, Val) [function]
INV-0478 SOURCE=SUPPLIED_FIXED KIND=syntax FILE=/tmp/audit-work/162-string-to-md5/reference-semantics/semantics/core.k LINES=218-218 ATTRS=function,total
  syntax Int ::= boolAsInt(Bool) [function, total]
INV-0479 SOURCE=SUPPLIED_FIXED KIND=rule FILE=/tmp/audit-work/162-string-to-md5/reference-semantics/semantics/core.k LINES=219-219 ATTRS=-
  rule boolAsInt(true) => 1
INV-0480 SOURCE=SUPPLIED_FIXED KIND=rule FILE=/tmp/audit-work/162-string-to-md5/reference-semantics/semantics/core.k LINES=220-220 ATTRS=-
  rule boolAsInt(false) => 0
INV-0481 SOURCE=SUPPLIED_FIXED KIND=syntax FILE=/tmp/audit-work/162-string-to-md5/reference-semantics/semantics/core.k LINES=222-222 ATTRS=function,total
  syntax Bool ::= isArithOp(String) [function, total]
INV-0482 SOURCE=SUPPLIED_FIXED KIND=rule FILE=/tmp/audit-work/162-string-to-md5/reference-semantics/semantics/core.k LINES=223-226 ATTRS=-
  rule isArithOp(OP:String) => OP ==String "+" orBool OP ==String "-" orBool OP ==String "*" orBool OP ==String "/" orBool OP ==String "//" orBool OP ==String "%" orBool OP ==String "**"
INV-0483 SOURCE=SUPPLIED_FIXED KIND=syntax FILE=/tmp/audit-work/162-string-to-md5/reference-semantics/semantics/core.k LINES=228-228 ATTRS=function,total
  syntax Bool ::= isEqOrdOp(String) [function, total]
INV-0484 SOURCE=SUPPLIED_FIXED KIND=rule FILE=/tmp/audit-work/162-string-to-md5/reference-semantics/semantics/core.k LINES=229-231 ATTRS=-
  rule isEqOrdOp(OP:String) => OP ==String "==" orBool OP ==String "!=" orBool OP ==String "<" orBool OP ==String "<=" orBool OP ==String ">" orBool OP ==String ">="
INV-0485 SOURCE=SUPPLIED_FIXED KIND=syntax FILE=/tmp/audit-work/162-string-to-md5/reference-semantics/semantics/core.k LINES=233-233 ATTRS=function,total
  syntax Bool ::= isOrdOp(String) [function, total]
INV-0486 SOURCE=SUPPLIED_FIXED KIND=rule FILE=/tmp/audit-work/162-string-to-md5/reference-semantics/semantics/core.k LINES=234-235 ATTRS=-
  rule isOrdOp(OP:String) => OP ==String "<" orBool OP ==String "<=" orBool OP ==String ">" orBool OP ==String ">="
INV-0487 SOURCE=SUPPLIED_FIXED KIND=syntax FILE=/tmp/audit-work/162-string-to-md5/reference-semantics/semantics/core.k LINES=238-238 ATTRS=function,total
  syntax Vals ::= appendVal(Vals, Val) [function, total]
INV-0488 SOURCE=SUPPLIED_FIXED KIND=rule FILE=/tmp/audit-work/162-string-to-md5/reference-semantics/semantics/core.k LINES=239-239 ATTRS=-
  rule appendVal(.Vals, V:Val) => V , .Vals
INV-0489 SOURCE=SUPPLIED_FIXED KIND=rule FILE=/tmp/audit-work/162-string-to-md5/reference-semantics/semantics/core.k LINES=240-240 ATTRS=-
  rule appendVal((V0:Val, VS:Vals), V:Val) => V0 , appendVal(VS, V)
INV-0490 SOURCE=SUPPLIED_FIXED KIND=syntax FILE=/tmp/audit-work/162-string-to-md5/reference-semantics/semantics/core.k LINES=242-242 ATTRS=function,total
  syntax ValSeq ::= vals2valSeq(Vals) [function, total]
INV-0491 SOURCE=SUPPLIED_FIXED KIND=rule FILE=/tmp/audit-work/162-string-to-md5/reference-semantics/semantics/core.k LINES=243-243 ATTRS=-
  rule vals2valSeq(.Vals) => .ValSeq
INV-0492 SOURCE=SUPPLIED_FIXED KIND=rule FILE=/tmp/audit-work/162-string-to-md5/reference-semantics/semantics/core.k LINES=244-244 ATTRS=-
  rule vals2valSeq((V:Val, VS:Vals)) => vCons(V, vals2valSeq(VS))
INV-0493 SOURCE=SUPPLIED_FIXED KIND=syntax FILE=/tmp/audit-work/162-string-to-md5/reference-semantics/semantics/core.k LINES=248-248 ATTRS=function,total
  syntax Int ::= vsLen(ValSeq) [function, total]
INV-0494 SOURCE=SUPPLIED_FIXED KIND=rule FILE=/tmp/audit-work/162-string-to-md5/reference-semantics/semantics/core.k LINES=249-249 ATTRS=-
  rule vsLen(.ValSeq) => 0
INV-0495 SOURCE=SUPPLIED_FIXED KIND=rule FILE=/tmp/audit-work/162-string-to-md5/reference-semantics/semantics/core.k LINES=250-250 ATTRS=-
  rule vsLen(vCons(_:Val, S:ValSeq)) => 1 +Int vsLen(S)
INV-0496 SOURCE=SUPPLIED_FIXED KIND=syntax FILE=/tmp/audit-work/162-string-to-md5/reference-semantics/semantics/core.k LINES=252-252 ATTRS=function,total
  syntax Int ::= isLen(IntSeq) [function, total]
INV-0497 SOURCE=SUPPLIED_FIXED KIND=rule FILE=/tmp/audit-work/162-string-to-md5/reference-semantics/semantics/core.k LINES=253-253 ATTRS=-
  rule isLen(.IntSeq) => 0
INV-0498 SOURCE=SUPPLIED_FIXED KIND=rule FILE=/tmp/audit-work/162-string-to-md5/reference-semantics/semantics/core.k LINES=254-254 ATTRS=-
  rule isLen(iCons(_:Int, S:IntSeq)) => 1 +Int isLen(S)
INV-0499 SOURCE=SUPPLIED_FIXED KIND=syntax FILE=/tmp/audit-work/162-string-to-md5/reference-semantics/semantics/core.k LINES=258-258 ATTRS=function,total
  syntax ValSeq ::= setVSAt(ValSeq, Int, Val) [function, total]
INV-0500 SOURCE=SUPPLIED_FIXED KIND=rule FILE=/tmp/audit-work/162-string-to-md5/reference-semantics/semantics/core.k LINES=259-259 ATTRS=-
  rule setVSAt(.ValSeq, _:Int, _:Val) => .ValSeq
INV-0501 SOURCE=SUPPLIED_FIXED KIND=rule FILE=/tmp/audit-work/162-string-to-md5/reference-semantics/semantics/core.k LINES=260-260 ATTRS=-
  rule setVSAt(vCons(_:Val, S:ValSeq), 0, V:Val) => vCons(V, S)
INV-0502 SOURCE=SUPPLIED_FIXED KIND=rule FILE=/tmp/audit-work/162-string-to-md5/reference-semantics/semantics/core.k LINES=261-262 ATTRS=-
  rule setVSAt(vCons(W:Val, S:ValSeq), I:Int, V:Val) => vCons(W, setVSAt(S, I -Int 1, V)) requires I >Int 0
INV-0503 SOURCE=SUPPLIED_FIXED KIND=rule FILE=/tmp/audit-work/162-string-to-md5/reference-semantics/semantics/core.k LINES=263-264 ATTRS=-
  rule setVSAt(VS:ValSeq, I:Int, _:Val) => VS requires I <Int 0
INV-0504 SOURCE=SUPPLIED_FIXED KIND=endmodule FILE=/tmp/audit-work/162-string-to-md5/reference-semantics/semantics/core.k LINES=265-265 ATTRS=-
  endmodule
INV-0505 SOURCE=SUPPLIED_FIXED KIND=module FILE=/tmp/audit-work/162-string-to-md5/reference-semantics/semantics/dict.k LINES=13-13 ATTRS=-
  module MPY-DICT
INV-0506 SOURCE=SUPPLIED_FIXED KIND=imports FILE=/tmp/audit-work/162-string-to-md5/reference-semantics/semantics/dict.k LINES=14-14 ATTRS=-
  imports MPY-CORE
INV-0507 SOURCE=SUPPLIED_FIXED KIND=imports FILE=/tmp/audit-work/162-string-to-md5/reference-semantics/semantics/dict.k LINES=15-15 ATTRS=-
  imports MPY-ITER
INV-0508 SOURCE=SUPPLIED_FIXED KIND=imports FILE=/tmp/audit-work/162-string-to-md5/reference-semantics/semantics/dict.k LINES=16-16 ATTRS=-
  imports MPY-METHODS
INV-0509 SOURCE=SUPPLIED_FIXED KIND=imports FILE=/tmp/audit-work/162-string-to-md5/reference-semantics/semantics/dict.k LINES=17-17 ATTRS=-
  imports MPY-LIST
INV-0510 SOURCE=SUPPLIED_FIXED KIND=syntax FILE=/tmp/audit-work/162-string-to-md5/reference-semantics/semantics/dict.k LINES=20-20 ATTRS=-
  syntax Val ::= dictV(ValSeq, ValSeq)
INV-0511 SOURCE=SUPPLIED_FIXED KIND=syntax FILE=/tmp/audit-work/162-string-to-md5/reference-semantics/semantics/dict.k LINES=23-25 ATTRS=-
  syntax KItem ::= #dictAcc(Entries, ValSeq, ValSeq) | #dictKey(Expr, Entries, ValSeq, ValSeq) | #dictVal(Val, Entries, ValSeq, ValSeq)
INV-0512 SOURCE=SUPPLIED_FIXED KIND=rule FILE=/tmp/audit-work/162-string-to-md5/reference-semantics/semantics/dict.k LINES=26-26 ATTRS=-
  rule <k> DictExpr(ES:Entries) => #dictAcc(ES, .ValSeq, .ValSeq) ... </k>
INV-0513 SOURCE=SUPPLIED_FIXED KIND=rule FILE=/tmp/audit-work/162-string-to-md5/reference-semantics/semantics/dict.k LINES=27-27 ATTRS=-
  rule <k> #dictAcc(.Entries, KS:ValSeq, VS:ValSeq) => dictV(KS, VS) ... </k>
INV-0514 SOURCE=SUPPLIED_FIXED KIND=rule FILE=/tmp/audit-work/162-string-to-md5/reference-semantics/semantics/dict.k LINES=28-29 ATTRS=-
  rule <k> #dictAcc((Entry(K:Expr, V:Expr), REST:Entries), KS:ValSeq, VS:ValSeq) => K ~> #dictKey(V, REST, KS, VS) ... </k>
INV-0515 SOURCE=SUPPLIED_FIXED KIND=rule FILE=/tmp/audit-work/162-string-to-md5/reference-semantics/semantics/dict.k LINES=30-31 ATTRS=-
  rule <k> KV:Val ~> #dictKey(V:Expr, REST:Entries, KS:ValSeq, VS:ValSeq) => V ~> #dictVal(KV, REST, KS, VS) ... </k>
INV-0516 SOURCE=SUPPLIED_FIXED KIND=rule FILE=/tmp/audit-work/162-string-to-md5/reference-semantics/semantics/dict.k LINES=32-33 ATTRS=-
  rule <k> VV:Val ~> #dictVal(KV:Val, REST:Entries, KS:ValSeq, VS:ValSeq) => #dictAcc(REST, dPutK(KS, KV), dPutV(KS, VS, KV, VV)) ... </k>
INV-0517 SOURCE=SUPPLIED_FIXED KIND=syntax FILE=/tmp/audit-work/162-string-to-md5/reference-semantics/semantics/dict.k LINES=37-37 ATTRS=function,total
  syntax Bool ::= dHasKey(ValSeq, Val) [function, total]
INV-0518 SOURCE=SUPPLIED_FIXED KIND=rule FILE=/tmp/audit-work/162-string-to-md5/reference-semantics/semantics/dict.k LINES=38-38 ATTRS=-
  rule dHasKey(.ValSeq, _:Val) => false
INV-0519 SOURCE=SUPPLIED_FIXED KIND=rule FILE=/tmp/audit-work/162-string-to-md5/reference-semantics/semantics/dict.k LINES=39-39 ATTRS=-
  rule dHasKey(vCons(A:Val, _:ValSeq), K:Val) => true requires A ==K K
INV-0520 SOURCE=SUPPLIED_FIXED KIND=rule FILE=/tmp/audit-work/162-string-to-md5/reference-semantics/semantics/dict.k LINES=40-40 ATTRS=-
  rule dHasKey(vCons(A:Val, R:ValSeq), K:Val) => dHasKey(R, K) requires notBool (A ==K K)
INV-0521 SOURCE=SUPPLIED_FIXED KIND=syntax FILE=/tmp/audit-work/162-string-to-md5/reference-semantics/semantics/dict.k LINES=43-43 ATTRS=function,total
  syntax ValSeq ::= dPutK(ValSeq, Val) [function, total]
INV-0522 SOURCE=SUPPLIED_FIXED KIND=rule FILE=/tmp/audit-work/162-string-to-md5/reference-semantics/semantics/dict.k LINES=44-44 ATTRS=-
  rule dPutK(KS:ValSeq, K:Val) => KS requires dHasKey(KS, K)
INV-0523 SOURCE=SUPPLIED_FIXED KIND=rule FILE=/tmp/audit-work/162-string-to-md5/reference-semantics/semantics/dict.k LINES=45-45 ATTRS=-
  rule dPutK(KS:ValSeq, K:Val) => valSeqConcat(KS, vCons(K, .ValSeq)) requires notBool dHasKey(KS, K)
INV-0524 SOURCE=SUPPLIED_FIXED KIND=syntax FILE=/tmp/audit-work/162-string-to-md5/reference-semantics/semantics/dict.k LINES=49-49 ATTRS=function,total
  syntax ValSeq ::= dPutV(ValSeq, ValSeq, Val, Val) [function, total]
INV-0525 SOURCE=SUPPLIED_FIXED KIND=rule FILE=/tmp/audit-work/162-string-to-md5/reference-semantics/semantics/dict.k LINES=50-51 ATTRS=-
  rule dPutV(vCons(A:Val, _:ValSeq), vCons(_:Val, VR:ValSeq), K:Val, V:Val) => vCons(V, VR) requires A ==K K
INV-0526 SOURCE=SUPPLIED_FIXED KIND=rule FILE=/tmp/audit-work/162-string-to-md5/reference-semantics/semantics/dict.k LINES=52-53 ATTRS=-
  rule dPutV(vCons(A:Val, KR:ValSeq), vCons(B:Val, VR:ValSeq), K:Val, V:Val) => vCons(B, dPutV(KR, VR, K, V)) requires notBool (A ==K K)
INV-0527 SOURCE=SUPPLIED_FIXED KIND=rule FILE=/tmp/audit-work/162-string-to-md5/reference-semantics/semantics/dict.k LINES=54-54 ATTRS=owise
  rule dPutV(_KS:ValSeq, VS:ValSeq, _K:Val, V:Val) => valSeqConcat(VS, vCons(V, .ValSeq)) [owise]
INV-0528 SOURCE=SUPPLIED_FIXED KIND=rule FILE=/tmp/audit-work/162-string-to-md5/reference-semantics/semantics/dict.k LINES=58-60 ATTRS=priority
  rule <k> #applyK(toCall(boundMethodV(dictV(KS:ValSeq, _:ValSeq), "keys")), .Vals) => #alloc(list(KS)) ... </k> [priority(40)]
INV-0529 SOURCE=SUPPLIED_FIXED KIND=rule FILE=/tmp/audit-work/162-string-to-md5/reference-semantics/semantics/dict.k LINES=63-63 ATTRS=-
  rule applyIndexD(dictV(KS:ValSeq, VS:ValSeq), K:Val) => dGet(KS, VS, K)
INV-0530 SOURCE=SUPPLIED_FIXED KIND=syntax FILE=/tmp/audit-work/162-string-to-md5/reference-semantics/semantics/dict.k LINES=64-64 ATTRS=function
  syntax Val ::= applyIndexD(Val, Val) [function]
INV-0531 SOURCE=SUPPLIED_FIXED KIND=rule FILE=/tmp/audit-work/162-string-to-md5/reference-semantics/semantics/dict.k LINES=65-66 ATTRS=priority
  rule <k> Subscript(dictV(KS:ValSeq, VS:ValSeq), K:Val) => applyIndexD(dictV(KS, VS), K) ... </k> [priority(45)]
INV-0532 SOURCE=SUPPLIED_FIXED KIND=syntax FILE=/tmp/audit-work/162-string-to-md5/reference-semantics/semantics/dict.k LINES=70-70 ATTRS=function
  syntax Val ::= dictSet(Val, Val, Val) [function]
INV-0533 SOURCE=SUPPLIED_FIXED KIND=rule FILE=/tmp/audit-work/162-string-to-md5/reference-semantics/semantics/dict.k LINES=71-71 ATTRS=-
  rule dictSet(dictV(KS:ValSeq, VS:ValSeq), K:Val, V:Val) => dictV(dPutK(KS, K), dPutV(KS, VS, K, V))
INV-0534 SOURCE=SUPPLIED_FIXED KIND=syntax FILE=/tmp/audit-work/162-string-to-md5/reference-semantics/semantics/dict.k LINES=76-76 ATTRS=-
  syntax KItem ::= #dsetK(String, Val)
INV-0535 SOURCE=SUPPLIED_FIXED KIND=rule FILE=/tmp/audit-work/162-string-to-md5/reference-semantics/semantics/dict.k LINES=77-77 ATTRS=-
  rule <k> Assign(Subscript(Name(X:String), K:Expr), VV:Val) => K ~> #dsetK(X, VV) ... </k>
INV-0536 SOURCE=SUPPLIED_FIXED KIND=rule FILE=/tmp/audit-work/162-string-to-md5/reference-semantics/semantics/dict.k LINES=78-81 ATTRS=-
  rule <k> KV:Val ~> #dsetK(X:String, VV:Val) => .K ... </k> <env> L:Int </env> <scopes> ... L |-> scope(M:Map => M [ X <- dictSet({M[X]}:>Val, KV, VV) ], _) ... </scopes> requires X in_keys(M) andBool notBool isRefV({M[X]}:>Val)
INV-0537 SOURCE=SUPPLIED_FIXED KIND=rule FILE=/tmp/audit-work/162-string-to-md5/reference-semantics/semantics/dict.k LINES=82-85 ATTRS=-
  rule <k> KV:Val ~> #dsetK(X:String, VV:Val) => #dsetV({M[X]}:>Val, KV, VV) ... </k> <env> L:Int </env> <scopes> ... L |-> scope(M:Map, _) ... </scopes> requires X in_keys(M) andBool isRefV({M[X]}:>Val)
INV-0538 SOURCE=SUPPLIED_FIXED KIND=syntax FILE=/tmp/audit-work/162-string-to-md5/reference-semantics/semantics/dict.k LINES=86-86 ATTRS=-
  syntax KItem ::= #dsetV(Val, Val, Val)
INV-0539 SOURCE=SUPPLIED_FIXED KIND=rule FILE=/tmp/audit-work/162-string-to-md5/reference-semantics/semantics/dict.k LINES=87-88 ATTRS=-
  rule <k> #dsetV(ref(H:Int), I:Int, VV:Val) => .K ... </k> <heap> ... H |-> list(VS:ValSeq => setVSAt(VS, normIdxD(I, vsLen(VS)), VV)) ... </heap>
INV-0540 SOURCE=SUPPLIED_FIXED KIND=syntax FILE=/tmp/audit-work/162-string-to-md5/reference-semantics/semantics/dict.k LINES=90-90 ATTRS=function,total
  syntax Int ::= normIdxD(Int, Int) [function, total]
INV-0541 SOURCE=SUPPLIED_FIXED KIND=rule FILE=/tmp/audit-work/162-string-to-md5/reference-semantics/semantics/dict.k LINES=91-91 ATTRS=-
  rule normIdxD(I:Int, LEN:Int) => I +Int LEN requires I <Int 0
INV-0542 SOURCE=SUPPLIED_FIXED KIND=rule FILE=/tmp/audit-work/162-string-to-md5/reference-semantics/semantics/dict.k LINES=92-92 ATTRS=-
  rule normIdxD(I:Int, _:Int) => I requires I >=Int 0
INV-0543 SOURCE=SUPPLIED_FIXED KIND=rule FILE=/tmp/audit-work/162-string-to-md5/reference-semantics/semantics/dict.k LINES=95-96 ATTRS=-
  rule applyCmp("==", dictV(KS1:ValSeq, VS1:ValSeq), dictV(KS2:ValSeq, VS2:ValSeq)) => (vsLen(KS1) ==Int vsLen(KS2)) andBool dSubset(KS1, VS1, KS2, VS2)
INV-0544 SOURCE=SUPPLIED_FIXED KIND=syntax FILE=/tmp/audit-work/162-string-to-md5/reference-semantics/semantics/dict.k LINES=97-97 ATTRS=function
  syntax Bool ::= dSubset(ValSeq, ValSeq, ValSeq, ValSeq) [function]
INV-0545 SOURCE=SUPPLIED_FIXED KIND=rule FILE=/tmp/audit-work/162-string-to-md5/reference-semantics/semantics/dict.k LINES=98-98 ATTRS=-
  rule dSubset(.ValSeq, .ValSeq, _:ValSeq, _:ValSeq) => true
INV-0546 SOURCE=SUPPLIED_FIXED KIND=rule FILE=/tmp/audit-work/162-string-to-md5/reference-semantics/semantics/dict.k LINES=99-100 ATTRS=-
  rule dSubset(vCons(K:Val, KR:ValSeq), vCons(V:Val, VR:ValSeq), KS2:ValSeq, VS2:ValSeq) => dHasKey(KS2, K) andBool (dGet(KS2, VS2, K) ==K V) andBool dSubset(KR, VR, KS2, VS2)
INV-0547 SOURCE=SUPPLIED_FIXED KIND=syntax FILE=/tmp/audit-work/162-string-to-md5/reference-semantics/semantics/dict.k LINES=101-101 ATTRS=function
  syntax Val ::= dGet(ValSeq, ValSeq, Val) [function]
INV-0548 SOURCE=SUPPLIED_FIXED KIND=rule FILE=/tmp/audit-work/162-string-to-md5/reference-semantics/semantics/dict.k LINES=102-102 ATTRS=-
  rule dGet(vCons(A:Val, _:ValSeq), vCons(B:Val, _:ValSeq), K:Val) => B requires A ==K K
INV-0549 SOURCE=SUPPLIED_FIXED KIND=rule FILE=/tmp/audit-work/162-string-to-md5/reference-semantics/semantics/dict.k LINES=103-103 ATTRS=-
  rule dGet(vCons(A:Val, KR:ValSeq), vCons(_:Val, VR:ValSeq), K:Val) => dGet(KR, VR, K) requires notBool (A ==K K)
INV-0550 SOURCE=SUPPLIED_FIXED KIND=endmodule FILE=/tmp/audit-work/162-string-to-md5/reference-semantics/semantics/dict.k LINES=104-104 ATTRS=-
  endmodule
INV-0551 SOURCE=SUPPLIED_FIXED KIND=module FILE=/tmp/audit-work/162-string-to-md5/reference-semantics/semantics/float.k LINES=14-14 ATTRS=-
  module MPY-FLOAT
INV-0552 SOURCE=SUPPLIED_FIXED KIND=imports FILE=/tmp/audit-work/162-string-to-md5/reference-semantics/semantics/float.k LINES=15-15 ATTRS=-
  imports MPY-OPERATORS
INV-0553 SOURCE=SUPPLIED_FIXED KIND=imports FILE=/tmp/audit-work/162-string-to-md5/reference-semantics/semantics/float.k LINES=16-16 ATTRS=-
  imports MPY-BUILTINS
INV-0554 SOURCE=SUPPLIED_FIXED KIND=imports FILE=/tmp/audit-work/162-string-to-md5/reference-semantics/semantics/float.k LINES=17-17 ATTRS=-
  imports FLOAT
INV-0555 SOURCE=SUPPLIED_FIXED KIND=syntax FILE=/tmp/audit-work/162-string-to-md5/reference-semantics/semantics/float.k LINES=20-20 ATTRS=-
  syntax Val ::= Float
INV-0556 SOURCE=SUPPLIED_FIXED KIND=rule FILE=/tmp/audit-work/162-string-to-md5/reference-semantics/semantics/float.k LINES=21-21 ATTRS=-
  rule <k> Float(F:Float) => F ... </k>
INV-0557 SOURCE=SUPPLIED_FIXED KIND=syntax FILE=/tmp/audit-work/162-string-to-md5/reference-semantics/semantics/float.k LINES=24-24 ATTRS=function,total,symbol,no-evaluators
  syntax Float ::= intFloatDiv(Int, Float) [function, total, symbol(intFloatDiv), no-evaluators]
INV-0558 SOURCE=SUPPLIED_FIXED KIND=rule FILE=/tmp/audit-work/162-string-to-md5/reference-semantics/semantics/float.k LINES=25-25 ATTRS=concrete
  rule intFloatDiv(I:Int, F:Float) => Int2Float(I, 53, 11) /Float F [concrete]
INV-0559 SOURCE=SUPPLIED_FIXED KIND=rule FILE=/tmp/audit-work/162-string-to-md5/reference-semantics/semantics/float.k LINES=27-27 ATTRS=-
  rule applyBin("/", I:Int, F:Float) => intFloatDiv(I, F)
INV-0560 SOURCE=SUPPLIED_FIXED KIND=syntax FILE=/tmp/audit-work/162-string-to-md5/reference-semantics/semantics/float.k LINES=30-30 ATTRS=function,total,symbol,no-evaluators
  syntax Float ::= divII(Int, Int) [function, total, symbol(divII), no-evaluators]
INV-0561 SOURCE=SUPPLIED_FIXED KIND=rule FILE=/tmp/audit-work/162-string-to-md5/reference-semantics/semantics/float.k LINES=31-31 ATTRS=concrete
  rule divII(I1:Int, I2:Int) => Int2Float(I1, 53, 11) /Float Int2Float(I2, 53, 11) [concrete]
INV-0562 SOURCE=SUPPLIED_FIXED KIND=rule FILE=/tmp/audit-work/162-string-to-md5/reference-semantics/semantics/float.k LINES=32-32 ATTRS=-
  rule applyBin("/", I1:Int, I2:Int) => divII(I1, I2)
INV-0563 SOURCE=SUPPLIED_FIXED KIND=syntax FILE=/tmp/audit-work/162-string-to-md5/reference-semantics/semantics/float.k LINES=37-37 ATTRS=function,total,symbol,no-evaluators
  syntax Float ::= floatMod(Float, Float) [function, total, symbol(floatMod), no-evaluators]
INV-0564 SOURCE=SUPPLIED_FIXED KIND=rule FILE=/tmp/audit-work/162-string-to-md5/reference-semantics/semantics/float.k LINES=38-38 ATTRS=concrete
  rule floatMod(F1:Float, F2:Float) => F1 -Float (floorFloat(F1 /Float F2) *Float F2) [concrete]
INV-0565 SOURCE=SUPPLIED_FIXED KIND=rule FILE=/tmp/audit-work/162-string-to-md5/reference-semantics/semantics/float.k LINES=39-39 ATTRS=-
  rule applyBin("%", F1:Float, F2:Float) => floatMod(F1, F2)
INV-0566 SOURCE=SUPPLIED_FIXED KIND=rule FILE=/tmp/audit-work/162-string-to-md5/reference-semantics/semantics/float.k LINES=43-43 ATTRS=-
  rule applyCmp("==", F1:Float, F2:Float) => F1 ==Float F2
INV-0567 SOURCE=SUPPLIED_FIXED KIND=rule FILE=/tmp/audit-work/162-string-to-md5/reference-semantics/semantics/float.k LINES=44-44 ATTRS=-
  rule applyCmp("!=", F1:Float, F2:Float) => notBool (F1 ==Float F2)
INV-0568 SOURCE=SUPPLIED_FIXED KIND=syntax FILE=/tmp/audit-work/162-string-to-md5/reference-semantics/semantics/float.k LINES=50-50 ATTRS=function,total,symbol,no-evaluators
  syntax Bool ::= floatLt(Float, Float) [function, total, symbol(floatLt), no-evaluators]
INV-0569 SOURCE=SUPPLIED_FIXED KIND=rule FILE=/tmp/audit-work/162-string-to-md5/reference-semantics/semantics/float.k LINES=51-51 ATTRS=concrete
  rule floatLt(F1:Float, F2:Float) => F1 <Float F2 [concrete]
INV-0570 SOURCE=SUPPLIED_FIXED KIND=rule FILE=/tmp/audit-work/162-string-to-md5/reference-semantics/semantics/float.k LINES=52-52 ATTRS=-
  rule applyCmp("<", F1:Float, F2:Float) => floatLt(F1, F2)
INV-0571 SOURCE=SUPPLIED_FIXED KIND=syntax FILE=/tmp/audit-work/162-string-to-md5/reference-semantics/semantics/float.k LINES=54-54 ATTRS=function,total,symbol,no-evaluators
  syntax Float ::= absF(Float) [function, total, symbol(absF), no-evaluators]
INV-0572 SOURCE=SUPPLIED_FIXED KIND=rule FILE=/tmp/audit-work/162-string-to-md5/reference-semantics/semantics/float.k LINES=55-55 ATTRS=concrete
  rule absF(F:Float) => absFloat(F) [concrete]
INV-0573 SOURCE=SUPPLIED_FIXED KIND=rule FILE=/tmp/audit-work/162-string-to-md5/reference-semantics/semantics/float.k LINES=56-56 ATTRS=-
  rule applyBuiltin("abs", F:Float, .Vals) => absF(F)
INV-0574 SOURCE=SUPPLIED_FIXED KIND=rule FILE=/tmp/audit-work/162-string-to-md5/reference-semantics/semantics/float.k LINES=61-61 ATTRS=-
  rule <k> Import(_:String) => .K ... </k>
INV-0575 SOURCE=SUPPLIED_FIXED KIND=syntax FILE=/tmp/audit-work/162-string-to-md5/reference-semantics/semantics/float.k LINES=65-65 ATTRS=-
  syntax KItem ::= "#mathCeil"
INV-0576 SOURCE=SUPPLIED_FIXED KIND=rule FILE=/tmp/audit-work/162-string-to-md5/reference-semantics/semantics/float.k LINES=66-66 ATTRS=priority
  rule <k> Call(Attribute(Name("math"), "ceil"), (E:Expr, .Exprs)) => E ~> #mathCeil ... </k> [priority(40)]
INV-0577 SOURCE=SUPPLIED_FIXED KIND=rule FILE=/tmp/audit-work/162-string-to-md5/reference-semantics/semantics/float.k LINES=67-67 ATTRS=-
  rule <k> V:Val ~> #mathCeil => ceilF(V) ... </k>
INV-0578 SOURCE=SUPPLIED_FIXED KIND=syntax FILE=/tmp/audit-work/162-string-to-md5/reference-semantics/semantics/float.k LINES=70-70 ATTRS=-
  syntax KItem ::= "#mathFloor"
INV-0579 SOURCE=SUPPLIED_FIXED KIND=rule FILE=/tmp/audit-work/162-string-to-md5/reference-semantics/semantics/float.k LINES=71-71 ATTRS=priority
  rule <k> Call(Attribute(Name("math"), "floor"), (E:Expr, .Exprs)) => E ~> #mathFloor ... </k> [priority(40)]
INV-0580 SOURCE=SUPPLIED_FIXED KIND=rule FILE=/tmp/audit-work/162-string-to-md5/reference-semantics/semantics/float.k LINES=72-72 ATTRS=-
  rule <k> V:Val ~> #mathFloor => floorFI(V) ... </k>
INV-0581 SOURCE=SUPPLIED_FIXED KIND=syntax FILE=/tmp/audit-work/162-string-to-md5/reference-semantics/semantics/float.k LINES=73-73 ATTRS=function,total,symbol
  syntax Int ::= floorFI(Val) [function, total, symbol(floorFI)]
INV-0582 SOURCE=SUPPLIED_FIXED KIND=rule FILE=/tmp/audit-work/162-string-to-md5/reference-semantics/semantics/float.k LINES=74-74 ATTRS=concrete
  rule floorFI(I:Int) => I [concrete]
INV-0583 SOURCE=SUPPLIED_FIXED KIND=rule FILE=/tmp/audit-work/162-string-to-md5/reference-semantics/semantics/float.k LINES=75-75 ATTRS=concrete
  rule floorFI(F:Float) => Float2Int(floorFloat(F)) [concrete]
INV-0584 SOURCE=SUPPLIED_FIXED KIND=rule FILE=/tmp/audit-work/162-string-to-md5/reference-semantics/semantics/float.k LINES=78-78 ATTRS=-
  rule applyBuiltin("floor", V:Val, .Vals) => floorFI(V)
INV-0585 SOURCE=SUPPLIED_FIXED KIND=rule FILE=/tmp/audit-work/162-string-to-md5/reference-semantics/semantics/float.k LINES=79-79 ATTRS=-
  rule applyBuiltin("ceil", V:Val, .Vals) => ceilF(V)
INV-0586 SOURCE=SUPPLIED_FIXED KIND=syntax FILE=/tmp/audit-work/162-string-to-md5/reference-semantics/semantics/float.k LINES=82-82 ATTRS=-
  syntax KItem ::= #mathPow1(Expr) | #mathPow2(Val)
INV-0587 SOURCE=SUPPLIED_FIXED KIND=rule FILE=/tmp/audit-work/162-string-to-md5/reference-semantics/semantics/float.k LINES=83-83 ATTRS=priority
  rule <k> Call(Attribute(Name("math"), "pow"), (E1:Expr, E2:Expr, .Exprs)) => E1 ~> #mathPow1(E2) ... </k> [priority(40)]
INV-0588 SOURCE=SUPPLIED_FIXED KIND=rule FILE=/tmp/audit-work/162-string-to-md5/reference-semantics/semantics/float.k LINES=84-84 ATTRS=-
  rule <k> V1:Val ~> #mathPow1(E2:Expr) => E2 ~> #mathPow2(V1) ... </k>
INV-0589 SOURCE=SUPPLIED_FIXED KIND=rule FILE=/tmp/audit-work/162-string-to-md5/reference-semantics/semantics/float.k LINES=85-85 ATTRS=-
  rule <k> V2:Val ~> #mathPow2(V1:Val) => powF(toF(V1), toF(V2)) ... </k>
INV-0590 SOURCE=SUPPLIED_FIXED KIND=syntax FILE=/tmp/audit-work/162-string-to-md5/reference-semantics/semantics/float.k LINES=86-86 ATTRS=function,total,symbol
  syntax Float ::= toF(Val) [function, total, symbol(toF)]
INV-0591 SOURCE=SUPPLIED_FIXED KIND=rule FILE=/tmp/audit-work/162-string-to-md5/reference-semantics/semantics/float.k LINES=87-87 ATTRS=concrete
  rule toF(F:Float) => F [concrete]
INV-0592 SOURCE=SUPPLIED_FIXED KIND=rule FILE=/tmp/audit-work/162-string-to-md5/reference-semantics/semantics/float.k LINES=88-88 ATTRS=concrete
  rule toF(I:Int) => intToF(I) [concrete]
INV-0593 SOURCE=SUPPLIED_FIXED KIND=syntax FILE=/tmp/audit-work/162-string-to-md5/reference-semantics/semantics/float.k LINES=93-93 ATTRS=function,total,symbol
  syntax Int ::= ceilF(Val) [function, total, symbol(ceilF)]
INV-0594 SOURCE=SUPPLIED_FIXED KIND=rule FILE=/tmp/audit-work/162-string-to-md5/reference-semantics/semantics/float.k LINES=94-94 ATTRS=concrete
  rule ceilF(I:Int) => I [concrete]
INV-0595 SOURCE=SUPPLIED_FIXED KIND=rule FILE=/tmp/audit-work/162-string-to-md5/reference-semantics/semantics/float.k LINES=95-95 ATTRS=concrete
  rule ceilF(F:Float) => Float2Int(ceilFloat(F)) [concrete]
INV-0596 SOURCE=SUPPLIED_FIXED KIND=rule FILE=/tmp/audit-work/162-string-to-md5/reference-semantics/semantics/float.k LINES=99-99 ATTRS=-
  rule applyUn("-", F:Float) => 0.0 -Float F
INV-0597 SOURCE=SUPPLIED_FIXED KIND=syntax FILE=/tmp/audit-work/162-string-to-md5/reference-semantics/semantics/float.k LINES=103-103 ATTRS=function,total,symbol,no-evaluators
  syntax Float ::= subF(Float, Float) [function, total, symbol(subF), no-evaluators]
INV-0598 SOURCE=SUPPLIED_FIXED KIND=rule FILE=/tmp/audit-work/162-string-to-md5/reference-semantics/semantics/float.k LINES=104-104 ATTRS=concrete
  rule subF(F1:Float, F2:Float) => F1 -Float F2 [concrete]
INV-0599 SOURCE=SUPPLIED_FIXED KIND=rule FILE=/tmp/audit-work/162-string-to-md5/reference-semantics/semantics/float.k LINES=105-105 ATTRS=-
  rule applyBin("-", F1:Float, F2:Float) => subF(F1, F2)
INV-0600 SOURCE=SUPPLIED_FIXED KIND=syntax FILE=/tmp/audit-work/162-string-to-md5/reference-semantics/semantics/float.k LINES=107-107 ATTRS=function,total,symbol,no-evaluators
  syntax Float ::= divF(Float, Float) [function, total, symbol(divF), no-evaluators]
INV-0601 SOURCE=SUPPLIED_FIXED KIND=rule FILE=/tmp/audit-work/162-string-to-md5/reference-semantics/semantics/float.k LINES=108-108 ATTRS=concrete
  rule divF(F1:Float, F2:Float) => F1 /Float F2 [concrete]
INV-0602 SOURCE=SUPPLIED_FIXED KIND=rule FILE=/tmp/audit-work/162-string-to-md5/reference-semantics/semantics/float.k LINES=109-109 ATTRS=-
  rule applyBin("/", F1:Float, F2:Float) => divF(F1, F2)
INV-0603 SOURCE=SUPPLIED_FIXED KIND=syntax FILE=/tmp/audit-work/162-string-to-md5/reference-semantics/semantics/float.k LINES=111-111 ATTRS=function,total,symbol,no-evaluators
  syntax Float ::= addF(Float, Float) [function, total, symbol(addF), no-evaluators]
INV-0604 SOURCE=SUPPLIED_FIXED KIND=rule FILE=/tmp/audit-work/162-string-to-md5/reference-semantics/semantics/float.k LINES=112-112 ATTRS=concrete
  rule addF(F1:Float, F2:Float) => F1 +Float F2 [concrete]
INV-0605 SOURCE=SUPPLIED_FIXED KIND=rule FILE=/tmp/audit-work/162-string-to-md5/reference-semantics/semantics/float.k LINES=113-113 ATTRS=-
  rule applyBin("+", F1:Float, F2:Float) => addF(F1, F2)
INV-0606 SOURCE=SUPPLIED_FIXED KIND=syntax FILE=/tmp/audit-work/162-string-to-md5/reference-semantics/semantics/float.k LINES=115-115 ATTRS=function,total,symbol,no-evaluators
  syntax Float ::= mulF(Float, Float) [function, total, symbol(mulF), no-evaluators]
INV-0607 SOURCE=SUPPLIED_FIXED KIND=rule FILE=/tmp/audit-work/162-string-to-md5/reference-semantics/semantics/float.k LINES=116-116 ATTRS=concrete
  rule mulF(F1:Float, F2:Float) => F1 *Float F2 [concrete]
INV-0608 SOURCE=SUPPLIED_FIXED KIND=rule FILE=/tmp/audit-work/162-string-to-md5/reference-semantics/semantics/float.k LINES=117-117 ATTRS=-
  rule applyBin("*", F1:Float, F2:Float) => mulF(F1, F2)
INV-0609 SOURCE=SUPPLIED_FIXED KIND=syntax FILE=/tmp/audit-work/162-string-to-md5/reference-semantics/semantics/float.k LINES=119-119 ATTRS=function,total,symbol,no-evaluators
  syntax Float ::= powF(Float, Float) [function, total, symbol(powF), no-evaluators]
INV-0610 SOURCE=SUPPLIED_FIXED KIND=rule FILE=/tmp/audit-work/162-string-to-md5/reference-semantics/semantics/float.k LINES=120-120 ATTRS=concrete
  rule powF(F1:Float, F2:Float) => F1 ^Float F2 [concrete]
INV-0611 SOURCE=SUPPLIED_FIXED KIND=rule FILE=/tmp/audit-work/162-string-to-md5/reference-semantics/semantics/float.k LINES=121-121 ATTRS=-
  rule applyBin("**", F1:Float, F2:Float) => powF(F1, F2)
INV-0612 SOURCE=SUPPLIED_FIXED KIND=syntax FILE=/tmp/audit-work/162-string-to-md5/reference-semantics/semantics/float.k LINES=125-125 ATTRS=function,total,symbol,no-evaluators
  syntax Bool ::= gtF(Float, Float) [function, total, symbol(gtF), no-evaluators]
INV-0613 SOURCE=SUPPLIED_FIXED KIND=rule FILE=/tmp/audit-work/162-string-to-md5/reference-semantics/semantics/float.k LINES=126-126 ATTRS=concrete
  rule gtF(F1:Float, F2:Float) => F1 >Float F2 [concrete]
INV-0614 SOURCE=SUPPLIED_FIXED KIND=rule FILE=/tmp/audit-work/162-string-to-md5/reference-semantics/semantics/float.k LINES=127-127 ATTRS=-
  rule applyCmp(">", F1:Float, F2:Float) => gtF(F1, F2)
INV-0615 SOURCE=SUPPLIED_FIXED KIND=rule FILE=/tmp/audit-work/162-string-to-md5/reference-semantics/semantics/float.k LINES=128-128 ATTRS=-
  rule applyCmp(">=", F1:Float, F2:Float) => notBool floatLt(F1, F2)
INV-0616 SOURCE=SUPPLIED_FIXED KIND=rule FILE=/tmp/audit-work/162-string-to-md5/reference-semantics/semantics/float.k LINES=129-129 ATTRS=-
  rule applyCmp("<=", F1:Float, F2:Float) => notBool gtF(F1, F2)
INV-0617 SOURCE=SUPPLIED_FIXED KIND=rule FILE=/tmp/audit-work/162-string-to-md5/reference-semantics/semantics/float.k LINES=132-132 ATTRS=-
  rule applyBin("**", I:Int, F:Float) => powF(intToF(I), F)
INV-0618 SOURCE=SUPPLIED_FIXED KIND=rule FILE=/tmp/audit-work/162-string-to-md5/reference-semantics/semantics/float.k LINES=133-133 ATTRS=-
  rule applyBin("**", F:Float, I:Int) => powF(F, intToF(I))
INV-0619 SOURCE=SUPPLIED_FIXED KIND=rule FILE=/tmp/audit-work/162-string-to-md5/reference-semantics/semantics/float.k LINES=134-134 ATTRS=-
  rule applyBin("-", I:Int, F:Float) => subF(intToF(I), F)
INV-0620 SOURCE=SUPPLIED_FIXED KIND=rule FILE=/tmp/audit-work/162-string-to-md5/reference-semantics/semantics/float.k LINES=135-135 ATTRS=-
  rule applyBin("-", F:Float, I:Int) => subF(F, intToF(I))
INV-0621 SOURCE=SUPPLIED_FIXED KIND=rule FILE=/tmp/audit-work/162-string-to-md5/reference-semantics/semantics/float.k LINES=136-136 ATTRS=-
  rule applyBin("+", I:Int, F:Float) => addF(intToF(I), F)
INV-0622 SOURCE=SUPPLIED_FIXED KIND=rule FILE=/tmp/audit-work/162-string-to-md5/reference-semantics/semantics/float.k LINES=137-137 ATTRS=-
  rule applyBin("+", F:Float, I:Int) => addF(F, intToF(I))
INV-0623 SOURCE=SUPPLIED_FIXED KIND=rule FILE=/tmp/audit-work/162-string-to-md5/reference-semantics/semantics/float.k LINES=138-138 ATTRS=-
  rule applyBin("*", I:Int, F:Float) => mulF(intToF(I), F)
INV-0624 SOURCE=SUPPLIED_FIXED KIND=rule FILE=/tmp/audit-work/162-string-to-md5/reference-semantics/semantics/float.k LINES=139-139 ATTRS=-
  rule applyBin("*", F:Float, I:Int) => mulF(F, intToF(I))
INV-0625 SOURCE=SUPPLIED_FIXED KIND=syntax FILE=/tmp/audit-work/162-string-to-md5/reference-semantics/semantics/float.k LINES=152-152 ATTRS=function,total,symbol,no-evaluators
  syntax Bool ::= eqF(Float, Float) [function, total, symbol(eqF), no-evaluators]
INV-0626 SOURCE=SUPPLIED_FIXED KIND=rule FILE=/tmp/audit-work/162-string-to-md5/reference-semantics/semantics/float.k LINES=153-153 ATTRS=concrete
  rule eqF(F1:Float, F2:Float) => F1 ==Float F2 [concrete]
INV-0627 SOURCE=SUPPLIED_FIXED KIND=syntax FILE=/tmp/audit-work/162-string-to-md5/reference-semantics/semantics/float.k LINES=155-155 ATTRS=function,total,symbol,no-evaluators
  syntax Bool ::= floatFinite(Float) [function, total, symbol(floatFinite), no-evaluators]
INV-0628 SOURCE=SUPPLIED_FIXED KIND=rule FILE=/tmp/audit-work/162-string-to-md5/reference-semantics/semantics/float.k LINES=156-156 ATTRS=concrete
  rule floatFinite(F:Float) => notBool isNaN(F) andBool notBool isInfinite(F) [concrete]
INV-0629 SOURCE=SUPPLIED_FIXED KIND=syntax FILE=/tmp/audit-work/162-string-to-md5/reference-semantics/semantics/float.k LINES=158-160 ATTRS=function,total,symbol,no-evaluators
  syntax Bool ::= ltFI(Float, Int) [function, total, symbol(ltFI), no-evaluators] // F < I | ltIF(Int, Float) [function, total, symbol(ltIF), no-evaluators] // I < F | eqIF(Int, Float) [function, total, symbol(eqIF), no-evaluators] // I == F
INV-0630 SOURCE=SUPPLIED_FIXED KIND=rule FILE=/tmp/audit-work/162-string-to-md5/reference-semantics/semantics/float.k LINES=161-161 ATTRS=concrete
  rule ltFI(F:Float, I:Int) => Float2Int(floorFloat(F)) <Int I requires floatFinite(F) [concrete]
INV-0631 SOURCE=SUPPLIED_FIXED KIND=rule FILE=/tmp/audit-work/162-string-to-md5/reference-semantics/semantics/float.k LINES=162-162 ATTRS=concrete
  rule ltFI(F:Float, I:Int) => floatLt(F, intToF(I)) requires notBool floatFinite(F) [concrete]
INV-0632 SOURCE=SUPPLIED_FIXED KIND=rule FILE=/tmp/audit-work/162-string-to-md5/reference-semantics/semantics/float.k LINES=163-163 ATTRS=concrete
  rule ltIF(I:Int, F:Float) => Float2Int(ceilFloat(F)) >Int I requires floatFinite(F) [concrete]
INV-0633 SOURCE=SUPPLIED_FIXED KIND=rule FILE=/tmp/audit-work/162-string-to-md5/reference-semantics/semantics/float.k LINES=164-164 ATTRS=concrete
  rule ltIF(I:Int, F:Float) => floatLt(intToF(I), F) requires notBool floatFinite(F) [concrete]
INV-0634 SOURCE=SUPPLIED_FIXED KIND=rule FILE=/tmp/audit-work/162-string-to-md5/reference-semantics/semantics/float.k LINES=165-167 ATTRS=concrete
  rule eqIF(I:Int, F:Float) => (floorFloat(F) ==Float ceilFloat(F)) andBool (Float2Int(floorFloat(F)) ==Int I) requires floatFinite(F) [concrete]
INV-0635 SOURCE=SUPPLIED_FIXED KIND=rule FILE=/tmp/audit-work/162-string-to-md5/reference-semantics/semantics/float.k LINES=168-168 ATTRS=concrete
  rule eqIF(I:Int, F:Float) => eqF(intToF(I), F) requires notBool floatFinite(F) [concrete]
INV-0636 SOURCE=SUPPLIED_FIXED KIND=rule FILE=/tmp/audit-work/162-string-to-md5/reference-semantics/semantics/float.k LINES=170-170 ATTRS=-
  rule applyCmp("==", I:Int, F:Float) => eqIF(I, F)
INV-0637 SOURCE=SUPPLIED_FIXED KIND=rule FILE=/tmp/audit-work/162-string-to-md5/reference-semantics/semantics/float.k LINES=171-171 ATTRS=-
  rule applyCmp("==", F:Float, I:Int) => eqIF(I, F)
INV-0638 SOURCE=SUPPLIED_FIXED KIND=rule FILE=/tmp/audit-work/162-string-to-md5/reference-semantics/semantics/float.k LINES=172-172 ATTRS=-
  rule applyCmp("!=", I:Int, F:Float) => notBool eqIF(I, F)
INV-0639 SOURCE=SUPPLIED_FIXED KIND=rule FILE=/tmp/audit-work/162-string-to-md5/reference-semantics/semantics/float.k LINES=173-173 ATTRS=-
  rule applyCmp("!=", F:Float, I:Int) => notBool eqIF(I, F)
INV-0640 SOURCE=SUPPLIED_FIXED KIND=rule FILE=/tmp/audit-work/162-string-to-md5/reference-semantics/semantics/float.k LINES=174-174 ATTRS=-
  rule applyCmp("<", I:Int, F:Float) => ltIF(I, F)
INV-0641 SOURCE=SUPPLIED_FIXED KIND=rule FILE=/tmp/audit-work/162-string-to-md5/reference-semantics/semantics/float.k LINES=175-175 ATTRS=-
  rule applyCmp("<", F:Float, I:Int) => ltFI(F, I)
INV-0642 SOURCE=SUPPLIED_FIXED KIND=rule FILE=/tmp/audit-work/162-string-to-md5/reference-semantics/semantics/float.k LINES=176-176 ATTRS=-
  rule applyCmp(">", I:Int, F:Float) => ltFI(F, I) // I > F <=> F < I
INV-0643 SOURCE=SUPPLIED_FIXED KIND=rule FILE=/tmp/audit-work/162-string-to-md5/reference-semantics/semantics/float.k LINES=177-177 ATTRS=-
  rule applyCmp(">", F:Float, I:Int) => ltIF(I, F) // F > I <=> I < F
INV-0644 SOURCE=SUPPLIED_FIXED KIND=rule FILE=/tmp/audit-work/162-string-to-md5/reference-semantics/semantics/float.k LINES=178-178 ATTRS=-
  rule applyCmp("<=", I:Int, F:Float) => notBool ltFI(F, I) // I <= F <=> not (F < I)
INV-0645 SOURCE=SUPPLIED_FIXED KIND=rule FILE=/tmp/audit-work/162-string-to-md5/reference-semantics/semantics/float.k LINES=179-179 ATTRS=-
  rule applyCmp("<=", F:Float, I:Int) => notBool ltIF(I, F) // F <= I <=> not (I < F)
INV-0646 SOURCE=SUPPLIED_FIXED KIND=rule FILE=/tmp/audit-work/162-string-to-md5/reference-semantics/semantics/float.k LINES=180-180 ATTRS=-
  rule applyCmp(">=", I:Int, F:Float) => notBool ltIF(I, F) // I >= F <=> not (I < F)
INV-0647 SOURCE=SUPPLIED_FIXED KIND=rule FILE=/tmp/audit-work/162-string-to-md5/reference-semantics/semantics/float.k LINES=181-181 ATTRS=-
  rule applyCmp(">=", F:Float, I:Int) => notBool ltFI(F, I) // F >= I <=> not (F < I)
INV-0648 SOURCE=SUPPLIED_FIXED KIND=rule FILE=/tmp/audit-work/162-string-to-md5/reference-semantics/semantics/float.k LINES=184-184 ATTRS=-
  rule applyBin(OP:String, B:Bool, F:Float) => applyBin(OP, boolAsInt(B), F) requires isArithOp(OP)
INV-0649 SOURCE=SUPPLIED_FIXED KIND=rule FILE=/tmp/audit-work/162-string-to-md5/reference-semantics/semantics/float.k LINES=185-185 ATTRS=-
  rule applyBin(OP:String, F:Float, B:Bool) => applyBin(OP, F, boolAsInt(B)) requires isArithOp(OP)
INV-0650 SOURCE=SUPPLIED_FIXED KIND=rule FILE=/tmp/audit-work/162-string-to-md5/reference-semantics/semantics/float.k LINES=186-186 ATTRS=-
  rule applyCmp(OP:String, B:Bool, F:Float) => applyCmp(OP, boolAsInt(B), F) requires isEqOrdOp(OP)
INV-0651 SOURCE=SUPPLIED_FIXED KIND=rule FILE=/tmp/audit-work/162-string-to-md5/reference-semantics/semantics/float.k LINES=187-187 ATTRS=-
  rule applyCmp(OP:String, F:Float, B:Bool) => applyCmp(OP, F, boolAsInt(B)) requires isEqOrdOp(OP)
INV-0652 SOURCE=SUPPLIED_FIXED KIND=rule FILE=/tmp/audit-work/162-string-to-md5/reference-semantics/semantics/float.k LINES=190-190 ATTRS=-
  rule applyCmp("==", V:Val, noneV) => V ==K noneV
INV-0653 SOURCE=SUPPLIED_FIXED KIND=rule FILE=/tmp/audit-work/162-string-to-md5/reference-semantics/semantics/float.k LINES=191-191 ATTRS=-
  rule applyCmp("!=", V:Val, noneV) => notBool (V ==K noneV)
INV-0654 SOURCE=SUPPLIED_FIXED KIND=syntax FILE=/tmp/audit-work/162-string-to-md5/reference-semantics/semantics/float.k LINES=196-196 ATTRS=function,total,symbol,no-evaluators
  syntax Float ::= decStrToF(IntSeq) [function, total, symbol(decStrToF), no-evaluators]
INV-0655 SOURCE=SUPPLIED_FIXED KIND=rule FILE=/tmp/audit-work/162-string-to-md5/reference-semantics/semantics/float.k LINES=197-197 ATTRS=concrete
  rule decStrToF(iCons(45, CS:IntSeq)) => 0.0 -Float decStrToF(CS) [concrete]
INV-0656 SOURCE=SUPPLIED_FIXED KIND=rule FILE=/tmp/audit-work/162-string-to-md5/reference-semantics/semantics/float.k LINES=198-200 ATTRS=concrete
  rule decStrToF(CS:IntSeq) => intToF(intPart(CS)) +Float (intToF(fracPart(CS)) /Float intToF(fracScale(CS))) requires isLen(CS) >Int 0 andBool headIS(CS) =/=Int 45 [concrete]
INV-0657 SOURCE=SUPPLIED_FIXED KIND=syntax FILE=/tmp/audit-work/162-string-to-md5/reference-semantics/semantics/float.k LINES=201-201 ATTRS=function
  syntax Int ::= headIS(IntSeq) [function]
INV-0658 SOURCE=SUPPLIED_FIXED KIND=rule FILE=/tmp/audit-work/162-string-to-md5/reference-semantics/semantics/float.k LINES=202-202 ATTRS=-
  rule headIS(iCons(C:Int, _:IntSeq)) => C
INV-0659 SOURCE=SUPPLIED_FIXED KIND=syntax FILE=/tmp/audit-work/162-string-to-md5/reference-semantics/semantics/float.k LINES=203-203 ATTRS=function,total
  syntax Int ::= intPart(IntSeq) [function, total] | intPartAcc(IntSeq, Int) [function, total]
INV-0660 SOURCE=SUPPLIED_FIXED KIND=rule FILE=/tmp/audit-work/162-string-to-md5/reference-semantics/semantics/float.k LINES=204-204 ATTRS=-
  rule intPart(CS:IntSeq) => intPartAcc(CS, 0)
INV-0661 SOURCE=SUPPLIED_FIXED KIND=rule FILE=/tmp/audit-work/162-string-to-md5/reference-semantics/semantics/float.k LINES=205-205 ATTRS=-
  rule intPartAcc(.IntSeq, A:Int) => A
INV-0662 SOURCE=SUPPLIED_FIXED KIND=rule FILE=/tmp/audit-work/162-string-to-md5/reference-semantics/semantics/float.k LINES=206-206 ATTRS=-
  rule intPartAcc(iCons(46, _:IntSeq), A:Int) => A
INV-0663 SOURCE=SUPPLIED_FIXED KIND=rule FILE=/tmp/audit-work/162-string-to-md5/reference-semantics/semantics/float.k LINES=207-208 ATTRS=-
  rule intPartAcc(iCons(C:Int, R:IntSeq), A:Int) => intPartAcc(R, A *Int 10 +Int (C -Int 48)) requires C =/=Int 46
INV-0664 SOURCE=SUPPLIED_FIXED KIND=syntax FILE=/tmp/audit-work/162-string-to-md5/reference-semantics/semantics/float.k LINES=209-209 ATTRS=function,total
  syntax Int ::= fracPart(IntSeq) [function, total] | fracAcc(IntSeq, Int) [function, total]
INV-0665 SOURCE=SUPPLIED_FIXED KIND=rule FILE=/tmp/audit-work/162-string-to-md5/reference-semantics/semantics/float.k LINES=210-210 ATTRS=-
  rule fracPart(.IntSeq) => 0
INV-0666 SOURCE=SUPPLIED_FIXED KIND=rule FILE=/tmp/audit-work/162-string-to-md5/reference-semantics/semantics/float.k LINES=211-211 ATTRS=-
  rule fracPart(iCons(46, R:IntSeq)) => fracAcc(R, 0)
INV-0667 SOURCE=SUPPLIED_FIXED KIND=rule FILE=/tmp/audit-work/162-string-to-md5/reference-semantics/semantics/float.k LINES=212-212 ATTRS=-
  rule fracPart(iCons(C:Int, R:IntSeq)) => fracPart(R) requires C =/=Int 46
INV-0668 SOURCE=SUPPLIED_FIXED KIND=rule FILE=/tmp/audit-work/162-string-to-md5/reference-semantics/semantics/float.k LINES=213-213 ATTRS=-
  rule fracAcc(.IntSeq, A:Int) => A
INV-0669 SOURCE=SUPPLIED_FIXED KIND=rule FILE=/tmp/audit-work/162-string-to-md5/reference-semantics/semantics/float.k LINES=214-214 ATTRS=-
  rule fracAcc(iCons(C:Int, R:IntSeq), A:Int) => fracAcc(R, A *Int 10 +Int (C -Int 48))
INV-0670 SOURCE=SUPPLIED_FIXED KIND=syntax FILE=/tmp/audit-work/162-string-to-md5/reference-semantics/semantics/float.k LINES=215-215 ATTRS=function,total
  syntax Int ::= fracScale(IntSeq) [function, total] | fscAcc(IntSeq, Int) [function, total]
INV-0671 SOURCE=SUPPLIED_FIXED KIND=rule FILE=/tmp/audit-work/162-string-to-md5/reference-semantics/semantics/float.k LINES=216-216 ATTRS=-
  rule fracScale(.IntSeq) => 1
INV-0672 SOURCE=SUPPLIED_FIXED KIND=rule FILE=/tmp/audit-work/162-string-to-md5/reference-semantics/semantics/float.k LINES=217-217 ATTRS=-
  rule fracScale(iCons(46, R:IntSeq)) => fscAcc(R, 1)
INV-0673 SOURCE=SUPPLIED_FIXED KIND=rule FILE=/tmp/audit-work/162-string-to-md5/reference-semantics/semantics/float.k LINES=218-218 ATTRS=-
  rule fracScale(iCons(C:Int, R:IntSeq)) => fracScale(R) requires C =/=Int 46
INV-0674 SOURCE=SUPPLIED_FIXED KIND=rule FILE=/tmp/audit-work/162-string-to-md5/reference-semantics/semantics/float.k LINES=219-219 ATTRS=-
  rule fscAcc(.IntSeq, A:Int) => A
INV-0675 SOURCE=SUPPLIED_FIXED KIND=rule FILE=/tmp/audit-work/162-string-to-md5/reference-semantics/semantics/float.k LINES=220-220 ATTRS=-
  rule fscAcc(iCons(_:Int, R:IntSeq), A:Int) => fscAcc(R, A *Int 10)
INV-0676 SOURCE=SUPPLIED_FIXED KIND=rule FILE=/tmp/audit-work/162-string-to-md5/reference-semantics/semantics/float.k LINES=221-221 ATTRS=-
  rule applyBuiltin("float", str(CS:IntSeq), .Vals) => decStrToF(CS)
INV-0677 SOURCE=SUPPLIED_FIXED KIND=rule FILE=/tmp/audit-work/162-string-to-md5/reference-semantics/semantics/float.k LINES=222-222 ATTRS=-
  rule applyBuiltin("float", I:Int, .Vals) => intToF(I)
INV-0678 SOURCE=SUPPLIED_FIXED KIND=rule FILE=/tmp/audit-work/162-string-to-md5/reference-semantics/semantics/float.k LINES=223-223 ATTRS=-
  rule applyBuiltin("float", F:Float, .Vals) => F
INV-0679 SOURCE=SUPPLIED_FIXED KIND=syntax FILE=/tmp/audit-work/162-string-to-md5/reference-semantics/semantics/float.k LINES=226-226 ATTRS=function,total,symbol,no-evaluators
  syntax Float ::= divFloatIntV(Float, Int) [function, total, symbol(divFloatIntV), no-evaluators]
INV-0680 SOURCE=SUPPLIED_FIXED KIND=rule FILE=/tmp/audit-work/162-string-to-md5/reference-semantics/semantics/float.k LINES=227-227 ATTRS=concrete
  rule divFloatIntV(F:Float, I:Int) => F /Float Int2Float(I, 53, 11) [concrete]
INV-0681 SOURCE=SUPPLIED_FIXED KIND=rule FILE=/tmp/audit-work/162-string-to-md5/reference-semantics/semantics/float.k LINES=228-228 ATTRS=-
  rule applyBin("/", F:Float, I:Int) => divFloatIntV(F, I)
INV-0682 SOURCE=SUPPLIED_FIXED KIND=syntax FILE=/tmp/audit-work/162-string-to-md5/reference-semantics/semantics/float.k LINES=231-231 ATTRS=function,total,symbol,no-evaluators
  syntax Float ::= intToF(Int) [function, total, symbol(intToF), no-evaluators]
INV-0683 SOURCE=SUPPLIED_FIXED KIND=rule FILE=/tmp/audit-work/162-string-to-md5/reference-semantics/semantics/float.k LINES=232-232 ATTRS=concrete
  rule intToF(I:Int) => Int2Float(I, 53, 11) [concrete]
INV-0684 SOURCE=SUPPLIED_FIXED KIND=rule FILE=/tmp/audit-work/162-string-to-md5/reference-semantics/semantics/float.k LINES=233-233 ATTRS=-
  rule applyBin("+", I:Int, F:Float) => addF(intToF(I), F)
INV-0685 SOURCE=SUPPLIED_FIXED KIND=rule FILE=/tmp/audit-work/162-string-to-md5/reference-semantics/semantics/float.k LINES=234-234 ATTRS=-
  rule applyBin("+", F:Float, I:Int) => addF(F, intToF(I))
INV-0686 SOURCE=SUPPLIED_FIXED KIND=rule FILE=/tmp/audit-work/162-string-to-md5/reference-semantics/semantics/float.k LINES=235-235 ATTRS=-
  rule applyBin("-", I:Int, F:Float) => subF(intToF(I), F)
INV-0687 SOURCE=SUPPLIED_FIXED KIND=rule FILE=/tmp/audit-work/162-string-to-md5/reference-semantics/semantics/float.k LINES=236-236 ATTRS=-
  rule applyBin("-", F:Float, I:Int) => subF(F, intToF(I))
INV-0688 SOURCE=SUPPLIED_FIXED KIND=rule FILE=/tmp/audit-work/162-string-to-md5/reference-semantics/semantics/float.k LINES=237-237 ATTRS=-
  rule applyBin("*", I:Int, F:Float) => mulF(intToF(I), F)
INV-0689 SOURCE=SUPPLIED_FIXED KIND=rule FILE=/tmp/audit-work/162-string-to-md5/reference-semantics/semantics/float.k LINES=238-238 ATTRS=-
  rule applyBin("*", F:Float, I:Int) => mulF(F, intToF(I))
INV-0690 SOURCE=SUPPLIED_FIXED KIND=syntax FILE=/tmp/audit-work/162-string-to-md5/reference-semantics/semantics/float.k LINES=243-243 ATTRS=function,total,symbol,no-evaluators
  syntax Int ::= truncF(Float) [function, total, symbol(truncF), no-evaluators]
INV-0691 SOURCE=SUPPLIED_FIXED KIND=rule FILE=/tmp/audit-work/162-string-to-md5/reference-semantics/semantics/float.k LINES=244-244 ATTRS=concrete
  rule truncF(F:Float) => #if F >=Float 0.0 #then Float2Int(floorFloat(F)) #else Float2Int(ceilFloat(F)) #fi [concrete]
INV-0692 SOURCE=SUPPLIED_FIXED KIND=rule FILE=/tmp/audit-work/162-string-to-md5/reference-semantics/semantics/float.k LINES=245-245 ATTRS=-
  rule applyBuiltin("int", F:Float, .Vals) => truncF(F)
INV-0693 SOURCE=SUPPLIED_FIXED KIND=rule FILE=/tmp/audit-work/162-string-to-md5/reference-semantics/semantics/float.k LINES=247-247 ATTRS=-
  rule applyBuiltin("float", I:Int, .Vals) => intToF(I)
INV-0694 SOURCE=SUPPLIED_FIXED KIND=rule FILE=/tmp/audit-work/162-string-to-md5/reference-semantics/semantics/float.k LINES=248-248 ATTRS=-
  rule applyBuiltin("float", F:Float, .Vals) => F
INV-0695 SOURCE=SUPPLIED_FIXED KIND=syntax FILE=/tmp/audit-work/162-string-to-md5/reference-semantics/semantics/float.k LINES=251-251 ATTRS=function,total,symbol,no-evaluators
  syntax Int ::= roundF(Float) [function, total, symbol(roundF), no-evaluators]
INV-0696 SOURCE=SUPPLIED_FIXED KIND=rule FILE=/tmp/audit-work/162-string-to-md5/reference-semantics/semantics/float.k LINES=252-256 ATTRS=concrete
  rule roundF(F:Float) => #if (F -Float floorFloat(F)) ==Float 0.5 #then (#if Float2Int(floorFloat(F)) %Int 2 ==Int 0 #then Float2Int(floorFloat(F)) #else Float2Int(ceilFloat(F)) #fi) #else Float2Int(floorFloat(F +Float 0.5)) #fi [concrete]
INV-0697 SOURCE=SUPPLIED_FIXED KIND=syntax FILE=/tmp/audit-work/162-string-to-md5/reference-semantics/semantics/float.k LINES=271-271 ATTRS=function,total,symbol,no-evaluators
  syntax Float ::= roundFN(Float, Int) [function, total, symbol(roundFN), no-evaluators]
INV-0698 SOURCE=SUPPLIED_FIXED KIND=rule FILE=/tmp/audit-work/162-string-to-md5/reference-semantics/semantics/float.k LINES=272-276 ATTRS=concrete
  rule roundFN(F:Float, N:Int) => roundExactFN(F, N) requires notBool isNaN(F) andBool notBool isInfinite(F) andBool N >=Int 0 andBool absFloat(F) <Float 1000000000000.0 andBool (absFloat(F) *Float Int2Float(10 ^Int N, 53, 11)) <Float 4500000000000000.0 andBool exponentFloat(F) >Int -900 [concrete]
INV-0699 SOURCE=SUPPLIED_FIXED KIND=rule FILE=/tmp/audit-work/162-string-to-md5/reference-semantics/semantics/float.k LINES=277-279 ATTRS=concrete,owise
  rule roundFN(F:Float, N:Int) => Int2Float(roundF(F *Float Int2Float(10 ^Int N, 53, 11)), 53, 11) /Float Int2Float(10 ^Int N, 53, 11) [owise, concrete]
INV-0700 SOURCE=SUPPLIED_FIXED KIND=syntax FILE=/tmp/audit-work/162-string-to-md5/reference-semantics/semantics/float.k LINES=281-281 ATTRS=function
  syntax Float ::= roundExactFN(Float, Int) [function]
INV-0701 SOURCE=SUPPLIED_FIXED KIND=rule FILE=/tmp/audit-work/162-string-to-md5/reference-semantics/semantics/float.k LINES=282-283 ATTRS=concrete
  rule roundExactFN(F:Float, N:Int) => rheToFloat(rndHalfEven(rExNumer(F) *Int (10 ^Int N), rExDenom(F)), 10 ^Int N, F) [concrete]
INV-0702 SOURCE=SUPPLIED_FIXED KIND=syntax FILE=/tmp/audit-work/162-string-to-md5/reference-semantics/semantics/float.k LINES=287-287 ATTRS=function
  syntax Int ::= rExK(Float) [function]
INV-0703 SOURCE=SUPPLIED_FIXED KIND=rule FILE=/tmp/audit-work/162-string-to-md5/reference-semantics/semantics/float.k LINES=288-288 ATTRS=concrete
  rule rExK(F:Float) => 52 -Int exponentFloat(F) [concrete]
INV-0704 SOURCE=SUPPLIED_FIXED KIND=syntax FILE=/tmp/audit-work/162-string-to-md5/reference-semantics/semantics/float.k LINES=289-289 ATTRS=function
  syntax Int ::= rExNumer(Float) [function]
INV-0705 SOURCE=SUPPLIED_FIXED KIND=rule FILE=/tmp/audit-work/162-string-to-md5/reference-semantics/semantics/float.k LINES=290-290 ATTRS=concrete
  rule rExNumer(F:Float) => Float2Int(F *Float Int2Float(2 ^Int rExK(F), 53, 11)) [concrete]
INV-0706 SOURCE=SUPPLIED_FIXED KIND=syntax FILE=/tmp/audit-work/162-string-to-md5/reference-semantics/semantics/float.k LINES=291-291 ATTRS=function
  syntax Int ::= rExDenom(Float) [function]
INV-0707 SOURCE=SUPPLIED_FIXED KIND=rule FILE=/tmp/audit-work/162-string-to-md5/reference-semantics/semantics/float.k LINES=292-292 ATTRS=concrete
  rule rExDenom(F:Float) => 2 ^Int rExK(F) [concrete]
INV-0708 SOURCE=SUPPLIED_FIXED KIND=syntax FILE=/tmp/audit-work/162-string-to-md5/reference-semantics/semantics/float.k LINES=296-296 ATTRS=function
  syntax Int ::= rndHalfEven(Int, Int) [function]
INV-0709 SOURCE=SUPPLIED_FIXED KIND=rule FILE=/tmp/audit-work/162-string-to-md5/reference-semantics/semantics/float.k LINES=297-297 ATTRS=concrete
  rule rndHalfEven(A:Int, B:Int) => rndHE(A divInt B, A modInt B, B) [concrete]
INV-0710 SOURCE=SUPPLIED_FIXED KIND=syntax FILE=/tmp/audit-work/162-string-to-md5/reference-semantics/semantics/float.k LINES=298-298 ATTRS=function
  syntax Int ::= rndHE(Int, Int, Int) [function]
INV-0711 SOURCE=SUPPLIED_FIXED KIND=rule FILE=/tmp/audit-work/162-string-to-md5/reference-semantics/semantics/float.k LINES=299-299 ATTRS=concrete
  rule rndHE(Q:Int, R:Int, B:Int) => Q requires 2 *Int R <Int B [concrete]
INV-0712 SOURCE=SUPPLIED_FIXED KIND=rule FILE=/tmp/audit-work/162-string-to-md5/reference-semantics/semantics/float.k LINES=300-300 ATTRS=concrete
  rule rndHE(Q:Int, R:Int, B:Int) => Q +Int 1 requires 2 *Int R >Int B [concrete]
INV-0713 SOURCE=SUPPLIED_FIXED KIND=rule FILE=/tmp/audit-work/162-string-to-md5/reference-semantics/semantics/float.k LINES=301-301 ATTRS=concrete
  rule rndHE(Q:Int, R:Int, B:Int) => Q requires 2 *Int R ==Int B andBool Q modInt 2 ==Int 0 [concrete]
INV-0714 SOURCE=SUPPLIED_FIXED KIND=rule FILE=/tmp/audit-work/162-string-to-md5/reference-semantics/semantics/float.k LINES=302-302 ATTRS=concrete
  rule rndHE(Q:Int, R:Int, B:Int) => Q +Int 1 requires 2 *Int R ==Int B andBool Q modInt 2 =/=Int 0 [concrete]
INV-0715 SOURCE=SUPPLIED_FIXED KIND=syntax FILE=/tmp/audit-work/162-string-to-md5/reference-semantics/semantics/float.k LINES=305-305 ATTRS=function
  syntax Float ::= rheToFloat(Int, Int, Float) [function]
INV-0716 SOURCE=SUPPLIED_FIXED KIND=rule FILE=/tmp/audit-work/162-string-to-md5/reference-semantics/semantics/float.k LINES=306-306 ATTRS=concrete
  rule rheToFloat(0, _:Int, F:Float) => #if signFloat(F) #then --Float 0.0 #else 0.0 #fi [concrete]
INV-0717 SOURCE=SUPPLIED_FIXED KIND=rule FILE=/tmp/audit-work/162-string-to-md5/reference-semantics/semantics/float.k LINES=307-308 ATTRS=concrete
  rule rheToFloat(Q:Int, SCALE:Int, _:Float) => Int2Float(Q, 53, 11) /Float Int2Float(SCALE, 53, 11) requires Q =/=Int 0 [concrete]
INV-0718 SOURCE=SUPPLIED_FIXED KIND=rule FILE=/tmp/audit-work/162-string-to-md5/reference-semantics/semantics/float.k LINES=310-310 ATTRS=-
  rule applyBuiltin("round", F:Float, .Vals) => roundF(F)
INV-0719 SOURCE=SUPPLIED_FIXED KIND=rule FILE=/tmp/audit-work/162-string-to-md5/reference-semantics/semantics/float.k LINES=311-311 ATTRS=-
  rule applyBuiltin("round", F:Float, N:Int, .Vals) => roundFN(F, N)
INV-0720 SOURCE=SUPPLIED_FIXED KIND=syntax FILE=/tmp/audit-work/162-string-to-md5/reference-semantics/semantics/float.k LINES=313-313 ATTRS=function,total,symbol,no-evaluators
  syntax Float ::= sqrtF(Float) [function, total, symbol(sqrtF), no-evaluators]
INV-0721 SOURCE=SUPPLIED_FIXED KIND=rule FILE=/tmp/audit-work/162-string-to-md5/reference-semantics/semantics/float.k LINES=314-314 ATTRS=concrete
  rule sqrtF(F:Float) => sqrtFloat(F) [concrete]
INV-0722 SOURCE=SUPPLIED_FIXED KIND=syntax FILE=/tmp/audit-work/162-string-to-md5/reference-semantics/semantics/float.k LINES=315-315 ATTRS=-
  syntax KItem ::= "#mathSqrt"
INV-0723 SOURCE=SUPPLIED_FIXED KIND=rule FILE=/tmp/audit-work/162-string-to-md5/reference-semantics/semantics/float.k LINES=316-316 ATTRS=priority
  rule <k> Call(Attribute(Name("math"), "sqrt"), (E:Expr, .Exprs)) => E ~> #mathSqrt ... </k> [priority(40)]
INV-0724 SOURCE=SUPPLIED_FIXED KIND=rule FILE=/tmp/audit-work/162-string-to-md5/reference-semantics/semantics/float.k LINES=317-317 ATTRS=-
  rule <k> F:Float ~> #mathSqrt => sqrtF(F) ... </k>
INV-0725 SOURCE=SUPPLIED_FIXED KIND=rule FILE=/tmp/audit-work/162-string-to-md5/reference-semantics/semantics/float.k LINES=318-318 ATTRS=-
  rule <k> I:Int ~> #mathSqrt => sqrtF(intToF(I)) ... </k>
INV-0726 SOURCE=SUPPLIED_FIXED KIND=syntax FILE=/tmp/audit-work/162-string-to-md5/reference-semantics/semantics/float.k LINES=326-326 ATTRS=-
  syntax KItem ::= #maxAccF(Iterable, Float) | #maxContF(Float)
INV-0727 SOURCE=SUPPLIED_FIXED KIND=rule FILE=/tmp/audit-work/162-string-to-md5/reference-semantics/semantics/float.k LINES=327-327 ATTRS=-
  rule <k> #iterYield(V:Val, R:Iterable) ~> #maxCont0 => #maxAccF(R, {V}:>Float) ... </k> requires isFloat(V)
INV-0728 SOURCE=SUPPLIED_FIXED KIND=rule FILE=/tmp/audit-work/162-string-to-md5/reference-semantics/semantics/float.k LINES=328-328 ATTRS=-
  rule <k> #maxAccF(IT:Iterable, M:Float) => #iterNext(IT) ~> #maxContF(M) ... </k>
INV-0729 SOURCE=SUPPLIED_FIXED KIND=rule FILE=/tmp/audit-work/162-string-to-md5/reference-semantics/semantics/float.k LINES=329-329 ATTRS=-
  rule <k> #iterDone ~> #maxContF(M:Float) => M ... </k>
INV-0730 SOURCE=SUPPLIED_FIXED KIND=rule FILE=/tmp/audit-work/162-string-to-md5/reference-semantics/semantics/float.k LINES=330-331 ATTRS=-
  rule <k> #iterYield(V:Val, R:Iterable) ~> #maxContF(M:Float) => #maxAccF(R, maxFloat(M, {V}:>Float)) ... </k> requires isFloat(V)
INV-0731 SOURCE=SUPPLIED_FIXED KIND=syntax FILE=/tmp/audit-work/162-string-to-md5/reference-semantics/semantics/float.k LINES=333-333 ATTRS=-
  syntax KItem ::= #minAccF(Iterable, Float) | #minContF(Float)
INV-0732 SOURCE=SUPPLIED_FIXED KIND=rule FILE=/tmp/audit-work/162-string-to-md5/reference-semantics/semantics/float.k LINES=334-334 ATTRS=-
  rule <k> #iterYield(V:Val, R:Iterable) ~> #minCont0 => #minAccF(R, {V}:>Float) ... </k> requires isFloat(V)
INV-0733 SOURCE=SUPPLIED_FIXED KIND=rule FILE=/tmp/audit-work/162-string-to-md5/reference-semantics/semantics/float.k LINES=335-335 ATTRS=-
  rule <k> #minAccF(IT:Iterable, M:Float) => #iterNext(IT) ~> #minContF(M) ... </k>
INV-0734 SOURCE=SUPPLIED_FIXED KIND=rule FILE=/tmp/audit-work/162-string-to-md5/reference-semantics/semantics/float.k LINES=336-336 ATTRS=-
  rule <k> #iterDone ~> #minContF(M:Float) => M ... </k>
INV-0735 SOURCE=SUPPLIED_FIXED KIND=rule FILE=/tmp/audit-work/162-string-to-md5/reference-semantics/semantics/float.k LINES=337-338 ATTRS=-
  rule <k> #iterYield(V:Val, R:Iterable) ~> #minContF(M:Float) => #minAccF(R, minFloat(M, {V}:>Float)) ... </k> requires isFloat(V)
INV-0736 SOURCE=SUPPLIED_FIXED KIND=rule FILE=/tmp/audit-work/162-string-to-md5/reference-semantics/semantics/float.k LINES=344-346 ATTRS=-
  rule <k> #iterYield(V:Val, R:Iterable) ~> #maxContF(M:Float) => #iterYield(V, R) ~> #maxContV(M) ... </k> requires isInt(V) orBool isBool(V)
INV-0737 SOURCE=SUPPLIED_FIXED KIND=rule FILE=/tmp/audit-work/162-string-to-md5/reference-semantics/semantics/float.k LINES=347-349 ATTRS=-
  rule <k> #iterYield(V:Val, R:Iterable) ~> #minContF(M:Float) => #iterYield(V, R) ~> #minContV(M) ... </k> requires isInt(V) orBool isBool(V)
INV-0738 SOURCE=SUPPLIED_FIXED KIND=syntax FILE=/tmp/audit-work/162-string-to-md5/reference-semantics/semantics/float.k LINES=355-355 ATTRS=-
  syntax KItem ::= #sumAccF(Iterable, Float) | #sumContF(Float)
INV-0739 SOURCE=SUPPLIED_FIXED KIND=rule FILE=/tmp/audit-work/162-string-to-md5/reference-semantics/semantics/float.k LINES=356-358 ATTRS=-
  rule <k> #iterYield(V:Val, R:Iterable) ~> #sumCont(ACC:Int) => #sumAccF(R, addF(intToF(ACC), {V}:>Float)) ... </k> requires isFloat(V) andBool notBool (isInt(V) orBool isBool(V))
INV-0740 SOURCE=SUPPLIED_FIXED KIND=rule FILE=/tmp/audit-work/162-string-to-md5/reference-semantics/semantics/float.k LINES=359-359 ATTRS=-
  rule <k> #sumAccF(IT:Iterable, ACC:Float) => #iterNext(IT) ~> #sumContF(ACC) ... </k>
INV-0741 SOURCE=SUPPLIED_FIXED KIND=rule FILE=/tmp/audit-work/162-string-to-md5/reference-semantics/semantics/float.k LINES=360-360 ATTRS=-
  rule <k> #iterDone ~> #sumContF(ACC:Float) => ACC ... </k>
INV-0742 SOURCE=SUPPLIED_FIXED KIND=rule FILE=/tmp/audit-work/162-string-to-md5/reference-semantics/semantics/float.k LINES=361-363 ATTRS=-
  rule <k> #iterYield(V:Val, R:Iterable) ~> #sumContF(ACC:Float) => #sumAccF(R, addF(ACC, {V}:>Float)) ... </k> requires isFloat(V)
INV-0743 SOURCE=SUPPLIED_FIXED KIND=rule FILE=/tmp/audit-work/162-string-to-md5/reference-semantics/semantics/float.k LINES=364-366 ATTRS=-
  rule <k> #iterYield(V:Val, R:Iterable) ~> #sumContF(ACC:Float) => #sumAccF(R, addF(ACC, intToF(intOf(V)))) ... </k> requires isInt(V) orBool isBool(V)
INV-0744 SOURCE=SUPPLIED_FIXED KIND=endmodule FILE=/tmp/audit-work/162-string-to-md5/reference-semantics/semantics/float.k LINES=367-367 ATTRS=-
  endmodule
INV-0745 SOURCE=SUPPLIED_FIXED KIND=module FILE=/tmp/audit-work/162-string-to-md5/reference-semantics/semantics/functions.k LINES=3-3 ATTRS=-
  module MPY-FUNCTIONS
INV-0746 SOURCE=SUPPLIED_FIXED KIND=imports FILE=/tmp/audit-work/162-string-to-md5/reference-semantics/semantics/functions.k LINES=4-4 ATTRS=-
  imports MPY-CORE
INV-0747 SOURCE=SUPPLIED_FIXED KIND=syntax FILE=/tmp/audit-work/162-string-to-md5/reference-semantics/semantics/functions.k LINES=8-11 ATTRS=-
  syntax KItem ::= frame(continuation: K, callerEnv: Int, savedLoc: Int) | #bindP(ParamNames, Vals) | "#pop" | "#endcall"
INV-0748 SOURCE=SUPPLIED_FIXED KIND=rule FILE=/tmp/audit-work/162-string-to-md5/reference-semantics/semantics/functions.k LINES=14-16 ATTRS=-
  rule <k> FuncDef(F:String, Params(PNS:ParamNames), BODY:Stmts) => .K ... </k> <env> L:Int </env> <scopes> ... L |-> scope(M:Map => M [ F <- closureVal(PNS, BODY, L) ], _) ... </scopes>
INV-0749 SOURCE=SUPPLIED_FIXED KIND=syntax FILE=/tmp/audit-work/162-string-to-md5/reference-semantics/semantics/functions.k LINES=18-18 ATTRS=-
  syntax Expr ::= closureExpr(ParamNames, Stmts)
INV-0750 SOURCE=SUPPLIED_FIXED KIND=rule FILE=/tmp/audit-work/162-string-to-md5/reference-semantics/semantics/functions.k LINES=19-20 ATTRS=-
  rule <k> closureExpr(PNS:ParamNames, BODY:Stmts) => closureVal(PNS, BODY, L) ... </k> <env> L:Int </env>
INV-0751 SOURCE=SUPPLIED_FIXED KIND=syntax FILE=/tmp/audit-work/162-string-to-md5/reference-semantics/semantics/functions.k LINES=27-27 ATTRS=-
  syntax Val ::= closureValC(ParamNames, ParamNames, Stmts, Map)
INV-0752 SOURCE=SUPPLIED_FIXED KIND=syntax FILE=/tmp/audit-work/162-string-to-md5/reference-semantics/semantics/functions.k LINES=31-32 ATTRS=-
  syntax KItem ::= #mkClosure(String, ParamNames, ParamNames, ParamNames, Stmts, Map) | #mkLambda(ParamNames, ParamNames, ParamNames, Stmts, Map)
INV-0753 SOURCE=SUPPLIED_FIXED KIND=rule FILE=/tmp/audit-work/162-string-to-md5/reference-semantics/semantics/functions.k LINES=33-35 ATTRS=-
  rule <k> FuncDef(F:String, Params(PNS:ParamNames), CellVars(CVS:ParamNames), FreeVars(FVS:ParamNames), BODY:Stmts) => #mkClosure(F, PNS, CVS, FVS, BODY, .Map) ... </k>
INV-0754 SOURCE=SUPPLIED_FIXED KIND=rule FILE=/tmp/audit-work/162-string-to-md5/reference-semantics/semantics/functions.k LINES=36-41 ATTRS=-
  rule <k> #mkClosure(F:String, PNS:ParamNames, CVS:ParamNames, (FV:String, FVR:ParamNames), BODY:Stmts, CM:Map) => #mkClosure(F, PNS, CVS, FVR, BODY, CM [ FV <- {M[FV]}:>Val ]) ... </k> <env> L:Int </env> <scopes> ... L |-> scope(M:Map, _) ... </scopes> requires FV in_keys(M)
INV-0755 SOURCE=SUPPLIED_FIXED KIND=rule FILE=/tmp/audit-work/162-string-to-md5/reference-semantics/semantics/functions.k LINES=42-45 ATTRS=-
  rule <k> #mkClosure(F:String, PNS:ParamNames, CVS:ParamNames, .ParamNames, BODY:Stmts, CM:Map) => .K ... </k> <env> L:Int </env> <scopes> ... L |-> scope(M:Map => M [ F <- closureValC(PNS, CVS, BODY, CM) ], _) ... </scopes>
INV-0756 SOURCE=SUPPLIED_FIXED KIND=rule FILE=/tmp/audit-work/162-string-to-md5/reference-semantics/semantics/functions.k LINES=47-49 ATTRS=-
  rule <k> Lambda(Params(PNS:ParamNames), E:Expr) => closureVal(PNS, Return(E) .Stmts, L) ... </k> <env> L:Int </env>
INV-0757 SOURCE=SUPPLIED_FIXED KIND=rule FILE=/tmp/audit-work/162-string-to-md5/reference-semantics/semantics/functions.k LINES=50-52 ATTRS=-
  rule <k> Lambda(Params(PNS:ParamNames), CellVars(CVS:ParamNames), FreeVars(FVS:ParamNames), E:Expr) => #mkLambda(PNS, CVS, FVS, Return(E) .Stmts, .Map) ... </k>
INV-0758 SOURCE=SUPPLIED_FIXED KIND=rule FILE=/tmp/audit-work/162-string-to-md5/reference-semantics/semantics/functions.k LINES=53-58 ATTRS=-
  rule <k> #mkLambda(PNS:ParamNames, CVS:ParamNames, (FV:String, FVR:ParamNames), BODY:Stmts, CM:Map) => #mkLambda(PNS, CVS, FVR, BODY, CM [ FV <- {M[FV]}:>Val ]) ... </k> <env> L:Int </env> <scopes> ... L |-> scope(M:Map, _) ... </scopes> requires FV in_keys(M)
INV-0759 SOURCE=SUPPLIED_FIXED KIND=rule FILE=/tmp/audit-work/162-string-to-md5/reference-semantics/semantics/functions.k LINES=59-60 ATTRS=-
  rule <k> #mkLambda(PNS:ParamNames, CVS:ParamNames, .ParamNames, BODY:Stmts, CM:Map) => closureValC(PNS, CVS, BODY, CM) ... </k>
INV-0760 SOURCE=SUPPLIED_FIXED KIND=rule FILE=/tmp/audit-work/162-string-to-md5/reference-semantics/semantics/functions.k LINES=63-63 ATTRS=-
  rule <k> #bindP(.ParamNames, .Vals) => .K ... </k>
INV-0761 SOURCE=SUPPLIED_FIXED KIND=rule FILE=/tmp/audit-work/162-string-to-md5/reference-semantics/semantics/functions.k LINES=64-66 ATTRS=-
  rule <k> #bindP((P:String, PS:ParamNames), (V:Val, VS:Vals)) => #bindP(PS, VS) ... </k> <env> L:Int </env> <scopes> ... L |-> scope(M:Map => M [ P <- V ], _) ... </scopes>
INV-0762 SOURCE=SUPPLIED_FIXED KIND=rule FILE=/tmp/audit-work/162-string-to-md5/reference-semantics/semantics/functions.k LINES=68-75 ATTRS=priority
  rule <k> #bindP((P:String, PS:ParamNames), (V:Val, VS:Vals)) => #cellW({M[P]}:>Val, V) ~> #bindP(PS, VS) ... </k> <env> L:Int </env> <scopes> ... L |-> scope(M:Map, _) ... </scopes> requires "$cells" in_keys(M) andBool pnMember(P, cellsOf({M["$cells"]}:>Val)) andBool P in_keys(M) andBool isCellRef({M[P]}:>Val) [priority(40)]
INV-0763 SOURCE=SUPPLIED_FIXED KIND=rule FILE=/tmp/audit-work/162-string-to-md5/reference-semantics/semantics/functions.k LINES=78-79 ATTRS=-
  rule <k> Return(V:Val) ~> _ => #pop </k> <ret> noRet => retV(V) </ret>
INV-0764 SOURCE=SUPPLIED_FIXED KIND=rule FILE=/tmp/audit-work/162-string-to-md5/reference-semantics/semantics/functions.k LINES=80-81 ATTRS=-
  rule <k> #endcall => #pop ... </k> <ret> noRet => retV(noneV) </ret>
INV-0765 SOURCE=SUPPLIED_FIXED KIND=rule FILE=/tmp/audit-work/162-string-to-md5/reference-semantics/semantics/functions.k LINES=85-90 ATTRS=-
  rule <k> #pop => V ~> CONT </k> <ret> retV(V) => noRet </ret> <stack> ListItem(frame(CONT:K, CALLERL:Int, SAVEDL:Int)) => .List ... </stack> <env> L:Int => CALLERL </env> <scopes> SC:Map => SC [ L <- undef ] </scopes> <scopeLoc> _ => SAVEDL </scopeLoc>
INV-0766 SOURCE=SUPPLIED_FIXED KIND=endmodule FILE=/tmp/audit-work/162-string-to-md5/reference-semantics/semantics/functions.k LINES=91-91 ATTRS=-
  endmodule
INV-0767 SOURCE=SUPPLIED_FIXED KIND=module FILE=/tmp/audit-work/162-string-to-md5/reference-semantics/semantics/int.k LINES=4-4 ATTRS=-
  module MPY-INT
INV-0768 SOURCE=SUPPLIED_FIXED KIND=imports FILE=/tmp/audit-work/162-string-to-md5/reference-semantics/semantics/int.k LINES=5-5 ATTRS=-
  imports MPY-CORE
INV-0769 SOURCE=SUPPLIED_FIXED KIND=rule FILE=/tmp/audit-work/162-string-to-md5/reference-semantics/semantics/int.k LINES=7-7 ATTRS=-
  rule applyUn("-", I:Int) => 0 -Int I
INV-0770 SOURCE=SUPPLIED_FIXED KIND=rule FILE=/tmp/audit-work/162-string-to-md5/reference-semantics/semantics/int.k LINES=9-9 ATTRS=-
  rule applyBin("+", I1:Int, I2:Int) => I1 +Int I2
INV-0771 SOURCE=SUPPLIED_FIXED KIND=rule FILE=/tmp/audit-work/162-string-to-md5/reference-semantics/semantics/int.k LINES=11-11 ATTRS=-
  rule applyBin("+", I:Int, B:Bool) => I +Int #if B #then 1 #else 0 #fi
INV-0772 SOURCE=SUPPLIED_FIXED KIND=rule FILE=/tmp/audit-work/162-string-to-md5/reference-semantics/semantics/int.k LINES=12-12 ATTRS=-
  rule applyBin("+", B:Bool, I:Int) => #if B #then 1 #else 0 #fi +Int I
INV-0773 SOURCE=SUPPLIED_FIXED KIND=rule FILE=/tmp/audit-work/162-string-to-md5/reference-semantics/semantics/int.k LINES=16-17 ATTRS=-
  rule applyBin(OP:String, B1:Bool, B2:Bool) => applyBin(OP, boolAsInt(B1), boolAsInt(B2)) requires isArithOp(OP)
INV-0774 SOURCE=SUPPLIED_FIXED KIND=rule FILE=/tmp/audit-work/162-string-to-md5/reference-semantics/semantics/int.k LINES=18-19 ATTRS=-
  rule applyBin(OP:String, B:Bool, I:Int) => applyBin(OP, boolAsInt(B), I) requires isArithOp(OP) andBool OP =/=String "+"
INV-0775 SOURCE=SUPPLIED_FIXED KIND=rule FILE=/tmp/audit-work/162-string-to-md5/reference-semantics/semantics/int.k LINES=20-21 ATTRS=-
  rule applyBin(OP:String, I:Int, B:Bool) => applyBin(OP, I, boolAsInt(B)) requires isArithOp(OP) andBool OP =/=String "+"
INV-0776 SOURCE=SUPPLIED_FIXED KIND=rule FILE=/tmp/audit-work/162-string-to-md5/reference-semantics/semantics/int.k LINES=22-22 ATTRS=-
  rule applyBin("-", I1:Int, I2:Int) => I1 -Int I2
INV-0777 SOURCE=SUPPLIED_FIXED KIND=rule FILE=/tmp/audit-work/162-string-to-md5/reference-semantics/semantics/int.k LINES=23-23 ATTRS=-
  rule applyBin("*", I1:Int, I2:Int) => I1 *Int I2
INV-0778 SOURCE=SUPPLIED_FIXED KIND=rule FILE=/tmp/audit-work/162-string-to-md5/reference-semantics/semantics/int.k LINES=24-24 ATTRS=-
  rule applyBin("%", I1:Int, I2:Int) => pyMod(I1, I2)
INV-0779 SOURCE=SUPPLIED_FIXED KIND=rule FILE=/tmp/audit-work/162-string-to-md5/reference-semantics/semantics/int.k LINES=25-25 ATTRS=-
  rule applyBin("//", I1:Int, I2:Int) => (I1 -Int pyMod(I1, I2)) /Int I2
INV-0780 SOURCE=SUPPLIED_FIXED KIND=rule FILE=/tmp/audit-work/162-string-to-md5/reference-semantics/semantics/int.k LINES=26-26 ATTRS=-
  rule applyBin("**", I1:Int, I2:Int) => I1 ^Int I2 requires I2 >=Int 0
INV-0781 SOURCE=SUPPLIED_FIXED KIND=syntax FILE=/tmp/audit-work/162-string-to-md5/reference-semantics/semantics/int.k LINES=28-28 ATTRS=function
  syntax Int ::= pyMod(Int, Int) [function]
INV-0782 SOURCE=SUPPLIED_FIXED KIND=rule FILE=/tmp/audit-work/162-string-to-md5/reference-semantics/semantics/int.k LINES=29-29 ATTRS=-
  rule pyMod(I1:Int, I2:Int) => ((I1 %Int I2) +Int I2) %Int I2
INV-0783 SOURCE=SUPPLIED_FIXED KIND=rule FILE=/tmp/audit-work/162-string-to-md5/reference-semantics/semantics/int.k LINES=31-31 ATTRS=-
  rule applyCmp("<", I1:Int, I2:Int) => I1 <Int I2
INV-0784 SOURCE=SUPPLIED_FIXED KIND=rule FILE=/tmp/audit-work/162-string-to-md5/reference-semantics/semantics/int.k LINES=32-32 ATTRS=-
  rule applyCmp("<=", I1:Int, I2:Int) => I1 <=Int I2
INV-0785 SOURCE=SUPPLIED_FIXED KIND=rule FILE=/tmp/audit-work/162-string-to-md5/reference-semantics/semantics/int.k LINES=33-33 ATTRS=-
  rule applyCmp(">", I1:Int, I2:Int) => I1 >Int I2
INV-0786 SOURCE=SUPPLIED_FIXED KIND=rule FILE=/tmp/audit-work/162-string-to-md5/reference-semantics/semantics/int.k LINES=34-34 ATTRS=-
  rule applyCmp(">=", I1:Int, I2:Int) => I1 >=Int I2
INV-0787 SOURCE=SUPPLIED_FIXED KIND=rule FILE=/tmp/audit-work/162-string-to-md5/reference-semantics/semantics/int.k LINES=35-35 ATTRS=-
  rule applyCmp("==", I1:Int, I2:Int) => I1 ==Int I2
INV-0788 SOURCE=SUPPLIED_FIXED KIND=rule FILE=/tmp/audit-work/162-string-to-md5/reference-semantics/semantics/int.k LINES=36-36 ATTRS=-
  rule applyCmp("!=", I1:Int, I2:Int) => I1 =/=Int I2
INV-0789 SOURCE=SUPPLIED_FIXED KIND=endmodule FILE=/tmp/audit-work/162-string-to-md5/reference-semantics/semantics/int.k LINES=37-37 ATTRS=-
  endmodule
INV-0790 SOURCE=SUPPLIED_FIXED KIND=module FILE=/tmp/audit-work/162-string-to-md5/reference-semantics/semantics/iter.k LINES=6-6 ATTRS=-
  module MPY-ITER
INV-0791 SOURCE=SUPPLIED_FIXED KIND=imports FILE=/tmp/audit-work/162-string-to-md5/reference-semantics/semantics/iter.k LINES=7-7 ATTRS=-
  imports MPY-CORE
INV-0792 SOURCE=SUPPLIED_FIXED KIND=syntax FILE=/tmp/audit-work/162-string-to-md5/reference-semantics/semantics/iter.k LINES=8-8 ATTRS=-
  syntax KItem ::= #iterNext(Iterable) | "#iterDone" | #iterYield(Val, Iterable)
INV-0793 SOURCE=SUPPLIED_FIXED KIND=endmodule FILE=/tmp/audit-work/162-string-to-md5/reference-semantics/semantics/iter.k LINES=9-9 ATTRS=-
  endmodule
INV-0794 SOURCE=SUPPLIED_FIXED KIND=module FILE=/tmp/audit-work/162-string-to-md5/reference-semantics/semantics/list.k LINES=3-3 ATTRS=-
  module MPY-LIST
INV-0795 SOURCE=SUPPLIED_FIXED KIND=imports FILE=/tmp/audit-work/162-string-to-md5/reference-semantics/semantics/list.k LINES=4-4 ATTRS=-
  imports MPY-CORE
INV-0796 SOURCE=SUPPLIED_FIXED KIND=imports FILE=/tmp/audit-work/162-string-to-md5/reference-semantics/semantics/list.k LINES=5-5 ATTRS=-
  imports MPY-ITER
INV-0797 SOURCE=SUPPLIED_FIXED KIND=imports FILE=/tmp/audit-work/162-string-to-md5/reference-semantics/semantics/list.k LINES=6-6 ATTRS=-
  imports MPY-OPERATORS
INV-0798 SOURCE=SUPPLIED_FIXED KIND=rule FILE=/tmp/audit-work/162-string-to-md5/reference-semantics/semantics/list.k LINES=9-9 ATTRS=-
  rule <k> #iterNext(list(.ValSeq)) => #iterDone ... </k>
INV-0799 SOURCE=SUPPLIED_FIXED KIND=rule FILE=/tmp/audit-work/162-string-to-md5/reference-semantics/semantics/list.k LINES=10-10 ATTRS=-
  rule <k> #iterNext(list(vCons(V:Val, R:ValSeq))) => #iterYield(V, list(R)) ... </k>
INV-0800 SOURCE=SUPPLIED_FIXED KIND=syntax FILE=/tmp/audit-work/162-string-to-md5/reference-semantics/semantics/list.k LINES=13-13 ATTRS=-
  syntax ApplyK ::= "toList"
INV-0801 SOURCE=SUPPLIED_FIXED KIND=rule FILE=/tmp/audit-work/162-string-to-md5/reference-semantics/semantics/list.k LINES=14-14 ATTRS=-
  rule <k> ListExpr(ES:Exprs) => #evalArgs(ES, .Vals, toList) ... </k>
INV-0802 SOURCE=SUPPLIED_FIXED KIND=rule FILE=/tmp/audit-work/162-string-to-md5/reference-semantics/semantics/list.k LINES=15-15 ATTRS=-
  rule <k> #applyK(toList, ACC:Vals) => #alloc(list(vals2valSeq(ACC))) ... </k>
INV-0803 SOURCE=SUPPLIED_FIXED KIND=syntax FILE=/tmp/audit-work/162-string-to-md5/reference-semantics/semantics/list.k LINES=18-18 ATTRS=function,total
  syntax ValSeq ::= valSeqConcat(ValSeq, ValSeq) [function, total]
INV-0804 SOURCE=SUPPLIED_FIXED KIND=rule FILE=/tmp/audit-work/162-string-to-md5/reference-semantics/semantics/list.k LINES=19-19 ATTRS=-
  rule valSeqConcat(.ValSeq, T:ValSeq) => T
INV-0805 SOURCE=SUPPLIED_FIXED KIND=rule FILE=/tmp/audit-work/162-string-to-md5/reference-semantics/semantics/list.k LINES=20-20 ATTRS=-
  rule valSeqConcat(vCons(V:Val, S:ValSeq), T:ValSeq) => vCons(V, valSeqConcat(S, T))
INV-0806 SOURCE=SUPPLIED_FIXED KIND=rule FILE=/tmp/audit-work/162-string-to-md5/reference-semantics/semantics/list.k LINES=24-25 ATTRS=priority
  rule <k> BinOp("+", list(A:ValSeq), list(B:ValSeq)) => #alloc(list(valSeqConcat(A, B))) ... </k> [priority(45)]
INV-0807 SOURCE=SUPPLIED_FIXED KIND=rule FILE=/tmp/audit-work/162-string-to-md5/reference-semantics/semantics/list.k LINES=27-27 ATTRS=-
  rule applyCmp("==", list(A:ValSeq), list(B:ValSeq)) => A ==K B
INV-0808 SOURCE=SUPPLIED_FIXED KIND=rule FILE=/tmp/audit-work/162-string-to-md5/reference-semantics/semantics/list.k LINES=28-28 ATTRS=-
  rule applyCmp("!=", list(A:ValSeq), list(B:ValSeq)) => notBool (A ==K B)
INV-0809 SOURCE=SUPPLIED_FIXED KIND=syntax FILE=/tmp/audit-work/162-string-to-md5/reference-semantics/semantics/list.k LINES=33-33 ATTRS=function,total
  syntax Bool ::= hasRefVS(ValSeq) [function, total]
INV-0810 SOURCE=SUPPLIED_FIXED KIND=rule FILE=/tmp/audit-work/162-string-to-md5/reference-semantics/semantics/list.k LINES=34-34 ATTRS=-
  rule hasRefVS(.ValSeq) => false
INV-0811 SOURCE=SUPPLIED_FIXED KIND=rule FILE=/tmp/audit-work/162-string-to-md5/reference-semantics/semantics/list.k LINES=35-35 ATTRS=-
  rule hasRefVS(vCons(V:Val, R:ValSeq)) => isRefV(V) orBool hasRefVS(R)
INV-0812 SOURCE=SUPPLIED_FIXED KIND=syntax FILE=/tmp/audit-work/162-string-to-md5/reference-semantics/semantics/list.k LINES=37-38 ATTRS=function
  syntax Bool ::= deepEqVS(ValSeq, ValSeq, Map) [function] | deepEqV(Val, Val, Map) [function]
INV-0813 SOURCE=SUPPLIED_FIXED KIND=rule FILE=/tmp/audit-work/162-string-to-md5/reference-semantics/semantics/list.k LINES=39-39 ATTRS=-
  rule deepEqVS(.ValSeq, .ValSeq, _:Map) => true
INV-0814 SOURCE=SUPPLIED_FIXED KIND=rule FILE=/tmp/audit-work/162-string-to-md5/reference-semantics/semantics/list.k LINES=40-40 ATTRS=-
  rule deepEqVS(.ValSeq, vCons(_:Val, _:ValSeq), _:Map) => false
INV-0815 SOURCE=SUPPLIED_FIXED KIND=rule FILE=/tmp/audit-work/162-string-to-md5/reference-semantics/semantics/list.k LINES=41-41 ATTRS=-
  rule deepEqVS(vCons(_:Val, _:ValSeq), .ValSeq, _:Map) => false
INV-0816 SOURCE=SUPPLIED_FIXED KIND=rule FILE=/tmp/audit-work/162-string-to-md5/reference-semantics/semantics/list.k LINES=42-43 ATTRS=-
  rule deepEqVS(vCons(A:Val, As:ValSeq), vCons(B:Val, Bs:ValSeq), HP:Map) => deepEqV(A, B, HP) andBool deepEqVS(As, Bs, HP)
INV-0817 SOURCE=SUPPLIED_FIXED KIND=rule FILE=/tmp/audit-work/162-string-to-md5/reference-semantics/semantics/list.k LINES=45-46 ATTRS=-
  rule deepEqV(ref(H:Int), B:Val, HP:Map) => deepEqV({HP[H]}:>Val, B, HP) requires H in_keys(HP)
INV-0818 SOURCE=SUPPLIED_FIXED KIND=rule FILE=/tmp/audit-work/162-string-to-md5/reference-semantics/semantics/list.k LINES=47-48 ATTRS=-
  rule deepEqV(A:Val, ref(H:Int), HP:Map) => deepEqV(A, {HP[H]}:>Val, HP) requires notBool isRefV(A) andBool H in_keys(HP)
INV-0819 SOURCE=SUPPLIED_FIXED KIND=rule FILE=/tmp/audit-work/162-string-to-md5/reference-semantics/semantics/list.k LINES=49-49 ATTRS=-
  rule deepEqV(list(A:ValSeq), list(B:ValSeq), HP:Map) => deepEqVS(A, B, HP)
INV-0820 SOURCE=SUPPLIED_FIXED KIND=rule FILE=/tmp/audit-work/162-string-to-md5/reference-semantics/semantics/list.k LINES=50-50 ATTRS=owise
  rule deepEqV(A:Val, B:Val, _:Map) => A ==K B [owise]
INV-0821 SOURCE=SUPPLIED_FIXED KIND=rule FILE=/tmp/audit-work/162-string-to-md5/reference-semantics/semantics/list.k LINES=53-55 ATTRS=priority
  rule <k> #applyK(toCall(boundMethodV(ref(H:Int), "append")), (V:Val, .Vals)) => noneV ... </k> <heap> ... H |-> list(VS:ValSeq => valSeqConcat(VS, vCons(V, .ValSeq))) ... </heap> [priority(40)]
INV-0822 SOURCE=SUPPLIED_FIXED KIND=syntax FILE=/tmp/audit-work/162-string-to-md5/reference-semantics/semantics/list.k LINES=58-58 ATTRS=-
  syntax KItem ::= #memberAcc(Val, Iterable) | #memberCont(Val) | "#notB"
INV-0823 SOURCE=SUPPLIED_FIXED KIND=rule FILE=/tmp/audit-work/162-string-to-md5/reference-semantics/semantics/list.k LINES=59-59 ATTRS=-
  rule <k> Compare(LV:Val, CmpOp("in", list(VS:ValSeq))) => #memberAcc(LV, list(VS)) ... </k>
INV-0824 SOURCE=SUPPLIED_FIXED KIND=rule FILE=/tmp/audit-work/162-string-to-md5/reference-semantics/semantics/list.k LINES=60-60 ATTRS=-
  rule <k> Compare(LV:Val, CmpOp("not in", list(VS:ValSeq))) => #memberAcc(LV, list(VS)) ~> #notB ... </k>
INV-0825 SOURCE=SUPPLIED_FIXED KIND=rule FILE=/tmp/audit-work/162-string-to-md5/reference-semantics/semantics/list.k LINES=61-61 ATTRS=-
  rule <k> #memberAcc(V:Val, IT:Iterable) => #iterNext(IT) ~> #memberCont(V) ... </k>
INV-0826 SOURCE=SUPPLIED_FIXED KIND=rule FILE=/tmp/audit-work/162-string-to-md5/reference-semantics/semantics/list.k LINES=62-62 ATTRS=-
  rule <k> #iterDone ~> #memberCont(_V:Val) => false ... </k>
INV-0827 SOURCE=SUPPLIED_FIXED KIND=rule FILE=/tmp/audit-work/162-string-to-md5/reference-semantics/semantics/list.k LINES=63-64 ATTRS=-
  rule <k> #iterYield(E:Val, _:Iterable) ~> #memberCont(V:Val) => true ... </k> requires E ==K V
INV-0828 SOURCE=SUPPLIED_FIXED KIND=rule FILE=/tmp/audit-work/162-string-to-md5/reference-semantics/semantics/list.k LINES=65-66 ATTRS=-
  rule <k> #iterYield(E:Val, R:Iterable) ~> #memberCont(V:Val) => #memberAcc(V, R) ... </k> requires notBool (E ==K V)
INV-0829 SOURCE=SUPPLIED_FIXED KIND=rule FILE=/tmp/audit-work/162-string-to-md5/reference-semantics/semantics/list.k LINES=67-67 ATTRS=-
  rule <k> B:Bool ~> #notB => notBool B ... </k>
INV-0830 SOURCE=SUPPLIED_FIXED KIND=endmodule FILE=/tmp/audit-work/162-string-to-md5/reference-semantics/semantics/list.k LINES=68-68 ATTRS=-
  endmodule
INV-0831 SOURCE=SUPPLIED_FIXED KIND=module FILE=/tmp/audit-work/162-string-to-md5/reference-semantics/semantics/methods.k LINES=3-3 ATTRS=-
  module MPY-METHODS
INV-0832 SOURCE=SUPPLIED_FIXED KIND=imports FILE=/tmp/audit-work/162-string-to-md5/reference-semantics/semantics/methods.k LINES=4-4 ATTRS=-
  imports MPY-CORE
INV-0833 SOURCE=SUPPLIED_FIXED KIND=imports FILE=/tmp/audit-work/162-string-to-md5/reference-semantics/semantics/methods.k LINES=5-5 ATTRS=-
  imports K-EQUAL
INV-0834 SOURCE=SUPPLIED_FIXED KIND=imports FILE=/tmp/audit-work/162-string-to-md5/reference-semantics/semantics/methods.k LINES=6-6 ATTRS=-
  imports MPY-STR
INV-0835 SOURCE=SUPPLIED_FIXED KIND=imports FILE=/tmp/audit-work/162-string-to-md5/reference-semantics/semantics/methods.k LINES=7-7 ATTRS=-
  imports MPY-LIST
INV-0836 SOURCE=SUPPLIED_FIXED KIND=syntax FILE=/tmp/audit-work/162-string-to-md5/reference-semantics/semantics/methods.k LINES=10-10 ATTRS=function
  syntax Val ::= applyMethod(Val, String, Vals) [function]
INV-0837 SOURCE=SUPPLIED_FIXED KIND=rule FILE=/tmp/audit-work/162-string-to-md5/reference-semantics/semantics/methods.k LINES=13-13 ATTRS=-
  rule applyMethod(str(CS:IntSeq), "isupper", .Vals) => hasUpper(CS) andBool notBool hasLower(CS)
INV-0838 SOURCE=SUPPLIED_FIXED KIND=rule FILE=/tmp/audit-work/162-string-to-md5/reference-semantics/semantics/methods.k LINES=14-14 ATTRS=-
  rule applyMethod(str(CS:IntSeq), "islower", .Vals) => hasLower(CS) andBool notBool hasUpper(CS)
INV-0839 SOURCE=SUPPLIED_FIXED KIND=rule FILE=/tmp/audit-work/162-string-to-md5/reference-semantics/semantics/methods.k LINES=15-15 ATTRS=-
  rule applyMethod(str(CS:IntSeq), "isalpha", .Vals) => notBool (CS ==K .IntSeq) andBool allAlpha(CS)
INV-0840 SOURCE=SUPPLIED_FIXED KIND=rule FILE=/tmp/audit-work/162-string-to-md5/reference-semantics/semantics/methods.k LINES=16-16 ATTRS=-
  rule applyMethod(str(CS:IntSeq), "isdigit", .Vals) => notBool (CS ==K .IntSeq) andBool allDigit(CS)
INV-0841 SOURCE=SUPPLIED_FIXED KIND=rule FILE=/tmp/audit-work/162-string-to-md5/reference-semantics/semantics/methods.k LINES=19-19 ATTRS=-
  rule applyMethod(str(CS:IntSeq), "lower", .Vals) => str(mapLower(CS))
INV-0842 SOURCE=SUPPLIED_FIXED KIND=rule FILE=/tmp/audit-work/162-string-to-md5/reference-semantics/semantics/methods.k LINES=20-20 ATTRS=-
  rule applyMethod(str(CS:IntSeq), "upper", .Vals) => str(mapUpper(CS))
INV-0843 SOURCE=SUPPLIED_FIXED KIND=rule FILE=/tmp/audit-work/162-string-to-md5/reference-semantics/semantics/methods.k LINES=21-21 ATTRS=-
  rule applyMethod(str(CS:IntSeq), "swapcase", .Vals) => str(mapSwap(CS))
INV-0844 SOURCE=SUPPLIED_FIXED KIND=rule FILE=/tmp/audit-work/162-string-to-md5/reference-semantics/semantics/methods.k LINES=26-26 ATTRS=-
  rule applyMethod(str(SEP:IntSeq), "join", list(VS:ValSeq), .Vals) => str(joinCodes(SEP, VS))
INV-0845 SOURCE=SUPPLIED_FIXED KIND=syntax FILE=/tmp/audit-work/162-string-to-md5/reference-semantics/semantics/methods.k LINES=27-27 ATTRS=function,total
  syntax IntSeq ::= joinCodes(IntSeq, ValSeq) [function, total]
INV-0846 SOURCE=SUPPLIED_FIXED KIND=rule FILE=/tmp/audit-work/162-string-to-md5/reference-semantics/semantics/methods.k LINES=28-28 ATTRS=-
  rule joinCodes(_:IntSeq, .ValSeq) => .IntSeq
INV-0847 SOURCE=SUPPLIED_FIXED KIND=rule FILE=/tmp/audit-work/162-string-to-md5/reference-semantics/semantics/methods.k LINES=29-29 ATTRS=-
  rule joinCodes(_:IntSeq, vCons(str(CS:IntSeq), .ValSeq)) => CS
INV-0848 SOURCE=SUPPLIED_FIXED KIND=rule FILE=/tmp/audit-work/162-string-to-md5/reference-semantics/semantics/methods.k LINES=30-31 ATTRS=-
  rule joinCodes(SEP:IntSeq, vCons(str(CS:IntSeq), vCons(V:Val, R:ValSeq))) => seqConcat(CS, seqConcat(SEP, joinCodes(SEP, vCons(V, R))))
INV-0849 SOURCE=SUPPLIED_FIXED KIND=rule FILE=/tmp/audit-work/162-string-to-md5/reference-semantics/semantics/methods.k LINES=34-34 ATTRS=-
  rule applyMethod(str(CS:IntSeq), "count", str(PC:IntSeq), .Vals) => cntSub(CS, PC)
INV-0850 SOURCE=SUPPLIED_FIXED KIND=syntax FILE=/tmp/audit-work/162-string-to-md5/reference-semantics/semantics/methods.k LINES=35-35 ATTRS=function
  syntax Int ::= cntSub(IntSeq, IntSeq) [function]
INV-0851 SOURCE=SUPPLIED_FIXED KIND=rule FILE=/tmp/audit-work/162-string-to-md5/reference-semantics/semantics/methods.k LINES=36-36 ATTRS=-
  rule cntSub(.IntSeq, _:IntSeq) => 0
INV-0852 SOURCE=SUPPLIED_FIXED KIND=rule FILE=/tmp/audit-work/162-string-to-md5/reference-semantics/semantics/methods.k LINES=37-38 ATTRS=-
  rule cntSub(iCons(C:Int, R:IntSeq), PC:IntSeq) => 1 +Int cntSub(dropIS(iCons(C, R), isLen(PC)), PC) requires strPrefix(PC, iCons(C, R)) andBool isLen(PC) >Int 0
INV-0853 SOURCE=SUPPLIED_FIXED KIND=rule FILE=/tmp/audit-work/162-string-to-md5/reference-semantics/semantics/methods.k LINES=39-40 ATTRS=-
  rule cntSub(iCons(C:Int, R:IntSeq), PC:IntSeq) => cntSub(R, PC) requires notBool strPrefix(PC, iCons(C, R)) orBool isLen(PC) <=Int 0
INV-0854 SOURCE=SUPPLIED_FIXED KIND=syntax FILE=/tmp/audit-work/162-string-to-md5/reference-semantics/semantics/methods.k LINES=41-41 ATTRS=function,total
  syntax IntSeq ::= dropIS(IntSeq, Int) [function, total]
INV-0855 SOURCE=SUPPLIED_FIXED KIND=rule FILE=/tmp/audit-work/162-string-to-md5/reference-semantics/semantics/methods.k LINES=42-42 ATTRS=-
  rule dropIS(S:IntSeq, N:Int) => S requires N <=Int 0
INV-0856 SOURCE=SUPPLIED_FIXED KIND=rule FILE=/tmp/audit-work/162-string-to-md5/reference-semantics/semantics/methods.k LINES=43-43 ATTRS=owise
  rule dropIS(.IntSeq, _:Int) => .IntSeq [owise]
INV-0857 SOURCE=SUPPLIED_FIXED KIND=rule FILE=/tmp/audit-work/162-string-to-md5/reference-semantics/semantics/methods.k LINES=44-44 ATTRS=-
  rule dropIS(iCons(_:Int, R:IntSeq), N:Int) => dropIS(R, N -Int 1) requires N >Int 0
INV-0858 SOURCE=SUPPLIED_FIXED KIND=rule FILE=/tmp/audit-work/162-string-to-md5/reference-semantics/semantics/methods.k LINES=47-47 ATTRS=-
  rule applyMethod(str(CS:IntSeq), "strip", .Vals) => str(revIS(trimWS(revIS(trimWS(CS)))))
INV-0859 SOURCE=SUPPLIED_FIXED KIND=syntax FILE=/tmp/audit-work/162-string-to-md5/reference-semantics/semantics/methods.k LINES=48-48 ATTRS=function,total
  syntax IntSeq ::= trimWS(IntSeq) [function, total]
INV-0860 SOURCE=SUPPLIED_FIXED KIND=rule FILE=/tmp/audit-work/162-string-to-md5/reference-semantics/semantics/methods.k LINES=49-49 ATTRS=-
  rule trimWS(.IntSeq) => .IntSeq
INV-0861 SOURCE=SUPPLIED_FIXED KIND=rule FILE=/tmp/audit-work/162-string-to-md5/reference-semantics/semantics/methods.k LINES=50-50 ATTRS=-
  rule trimWS(iCons(C:Int, R:IntSeq)) => trimWS(R) requires isWSC(C)
INV-0862 SOURCE=SUPPLIED_FIXED KIND=rule FILE=/tmp/audit-work/162-string-to-md5/reference-semantics/semantics/methods.k LINES=51-51 ATTRS=-
  rule trimWS(iCons(C:Int, R:IntSeq)) => iCons(C, R) requires notBool isWSC(C)
INV-0863 SOURCE=SUPPLIED_FIXED KIND=syntax FILE=/tmp/audit-work/162-string-to-md5/reference-semantics/semantics/methods.k LINES=52-52 ATTRS=function,total
  syntax IntSeq ::= revIS(IntSeq) [function, total] | revISAcc(IntSeq, IntSeq) [function, total]
INV-0864 SOURCE=SUPPLIED_FIXED KIND=rule FILE=/tmp/audit-work/162-string-to-md5/reference-semantics/semantics/methods.k LINES=53-53 ATTRS=-
  rule revIS(S:IntSeq) => revISAcc(S, .IntSeq)
INV-0865 SOURCE=SUPPLIED_FIXED KIND=rule FILE=/tmp/audit-work/162-string-to-md5/reference-semantics/semantics/methods.k LINES=54-54 ATTRS=-
  rule revISAcc(.IntSeq, A:IntSeq) => A
INV-0866 SOURCE=SUPPLIED_FIXED KIND=rule FILE=/tmp/audit-work/162-string-to-md5/reference-semantics/semantics/methods.k LINES=55-55 ATTRS=-
  rule revISAcc(iCons(C:Int, R:IntSeq), A:IntSeq) => revISAcc(R, iCons(C, A))
INV-0867 SOURCE=SUPPLIED_FIXED KIND=rule FILE=/tmp/audit-work/162-string-to-md5/reference-semantics/semantics/methods.k LINES=58-58 ATTRS=-
  rule applyMethod(str(CS:IntSeq), "encode", str(_:IntSeq), .Vals) => str(CS)
INV-0868 SOURCE=SUPPLIED_FIXED KIND=rule FILE=/tmp/audit-work/162-string-to-md5/reference-semantics/semantics/methods.k LINES=61-61 ATTRS=-
  rule applyMethod(str(XC:IntSeq), "startswith", str(PC:IntSeq), .Vals) => startsWith(PC, XC)
INV-0869 SOURCE=SUPPLIED_FIXED KIND=rule FILE=/tmp/audit-work/162-string-to-md5/reference-semantics/semantics/methods.k LINES=64-64 ATTRS=-
  rule applyMethod(list(VS:ValSeq), "count", V:Val, .Vals) => cntOccVS(VS, V)
INV-0870 SOURCE=SUPPLIED_FIXED KIND=syntax FILE=/tmp/audit-work/162-string-to-md5/reference-semantics/semantics/methods.k LINES=65-65 ATTRS=function,total
  syntax Int ::= cntOccVS(ValSeq, Val) [function, total]
INV-0871 SOURCE=SUPPLIED_FIXED KIND=rule FILE=/tmp/audit-work/162-string-to-md5/reference-semantics/semantics/methods.k LINES=66-66 ATTRS=-
  rule cntOccVS(.ValSeq, _:Val) => 0
INV-0872 SOURCE=SUPPLIED_FIXED KIND=rule FILE=/tmp/audit-work/162-string-to-md5/reference-semantics/semantics/methods.k LINES=67-67 ATTRS=-
  rule cntOccVS(vCons(A:Val, R:ValSeq), V:Val) => 1 +Int cntOccVS(R, V) requires A ==K V
INV-0873 SOURCE=SUPPLIED_FIXED KIND=rule FILE=/tmp/audit-work/162-string-to-md5/reference-semantics/semantics/methods.k LINES=68-68 ATTRS=-
  rule cntOccVS(vCons(A:Val, R:ValSeq), V:Val) => cntOccVS(R, V) requires notBool (A ==K V)
INV-0874 SOURCE=SUPPLIED_FIXED KIND=rule FILE=/tmp/audit-work/162-string-to-md5/reference-semantics/semantics/methods.k LINES=72-74 ATTRS=priority
  rule <k> #applyK(toCall(boundMethodV(str(CS:IntSeq), "split")), .Vals) => #alloc(list(splitWS(CS, .IntSeq, .ValSeq))) ... </k> [priority(40)]
INV-0875 SOURCE=SUPPLIED_FIXED KIND=syntax FILE=/tmp/audit-work/162-string-to-md5/reference-semantics/semantics/methods.k LINES=75-75 ATTRS=function
  syntax ValSeq ::= splitWS(IntSeq, IntSeq, ValSeq) [function] // remaining, current token, result
INV-0876 SOURCE=SUPPLIED_FIXED KIND=rule FILE=/tmp/audit-work/162-string-to-md5/reference-semantics/semantics/methods.k LINES=76-76 ATTRS=-
  rule splitWS(.IntSeq, CUR:IntSeq, ACC:ValSeq) => flushTok(ACC, CUR)
INV-0877 SOURCE=SUPPLIED_FIXED KIND=rule FILE=/tmp/audit-work/162-string-to-md5/reference-semantics/semantics/methods.k LINES=77-78 ATTRS=-
  rule splitWS(iCons(C:Int, R:IntSeq), CUR:IntSeq, ACC:ValSeq) => splitWS(R, .IntSeq, flushTok(ACC, CUR)) requires isWSC(C)
INV-0878 SOURCE=SUPPLIED_FIXED KIND=rule FILE=/tmp/audit-work/162-string-to-md5/reference-semantics/semantics/methods.k LINES=79-80 ATTRS=-
  rule splitWS(iCons(C:Int, R:IntSeq), CUR:IntSeq, ACC:ValSeq) => splitWS(R, seqConcat(CUR, iCons(C, .IntSeq)), ACC) requires notBool isWSC(C)
INV-0879 SOURCE=SUPPLIED_FIXED KIND=syntax FILE=/tmp/audit-work/162-string-to-md5/reference-semantics/semantics/methods.k LINES=82-82 ATTRS=function
  syntax ValSeq ::= flushTok(ValSeq, IntSeq) [function]
INV-0880 SOURCE=SUPPLIED_FIXED KIND=rule FILE=/tmp/audit-work/162-string-to-md5/reference-semantics/semantics/methods.k LINES=83-83 ATTRS=-
  rule flushTok(ACC:ValSeq, .IntSeq) => ACC
INV-0881 SOURCE=SUPPLIED_FIXED KIND=rule FILE=/tmp/audit-work/162-string-to-md5/reference-semantics/semantics/methods.k LINES=84-84 ATTRS=-
  rule flushTok(ACC:ValSeq, iCons(C:Int, T:IntSeq)) => valSeqConcat(ACC, vCons(str(iCons(C, T)), .ValSeq))
INV-0882 SOURCE=SUPPLIED_FIXED KIND=syntax FILE=/tmp/audit-work/162-string-to-md5/reference-semantics/semantics/methods.k LINES=85-85 ATTRS=function,total
  syntax Bool ::= isWSC(Int) [function, total]
INV-0883 SOURCE=SUPPLIED_FIXED KIND=rule FILE=/tmp/audit-work/162-string-to-md5/reference-semantics/semantics/methods.k LINES=86-86 ATTRS=-
  rule isWSC(C:Int) => C ==Int 32 orBool C ==Int 9 orBool C ==Int 10 orBool C ==Int 13
INV-0884 SOURCE=SUPPLIED_FIXED KIND=rule FILE=/tmp/audit-work/162-string-to-md5/reference-semantics/semantics/methods.k LINES=89-91 ATTRS=priority
  rule <k> #applyK(toCall(boundMethodV(str(CS:IntSeq), "split")), (kwV("sep", str(S:IntSeq)), .Vals)) => #applyK(toCall(boundMethodV(str(CS), "split")), (str(S), .Vals)) ... </k> [priority(39)]
INV-0885 SOURCE=SUPPLIED_FIXED KIND=rule FILE=/tmp/audit-work/162-string-to-md5/reference-semantics/semantics/methods.k LINES=94-96 ATTRS=priority
  rule <k> #applyK(toCall(boundMethodV(str(CS:IntSeq), "split")), (str(iCons(SEP:Int, .IntSeq)), .Vals)) => #alloc(list(splitSep(CS, SEP, .IntSeq))) ... </k> [priority(40)]
INV-0886 SOURCE=SUPPLIED_FIXED KIND=syntax FILE=/tmp/audit-work/162-string-to-md5/reference-semantics/semantics/methods.k LINES=97-97 ATTRS=function
  syntax ValSeq ::= splitSep(IntSeq, Int, IntSeq) [function] // remaining, sep code, current token
INV-0887 SOURCE=SUPPLIED_FIXED KIND=rule FILE=/tmp/audit-work/162-string-to-md5/reference-semantics/semantics/methods.k LINES=98-98 ATTRS=-
  rule splitSep(.IntSeq, _SEP:Int, CUR:IntSeq) => vCons(str(CUR), .ValSeq)
INV-0888 SOURCE=SUPPLIED_FIXED KIND=rule FILE=/tmp/audit-work/162-string-to-md5/reference-semantics/semantics/methods.k LINES=99-100 ATTRS=-
  rule splitSep(iCons(C:Int, R:IntSeq), SEP:Int, CUR:IntSeq) => vCons(str(CUR), splitSep(R, SEP, .IntSeq)) requires C ==Int SEP
INV-0889 SOURCE=SUPPLIED_FIXED KIND=rule FILE=/tmp/audit-work/162-string-to-md5/reference-semantics/semantics/methods.k LINES=101-102 ATTRS=-
  rule splitSep(iCons(C:Int, R:IntSeq), SEP:Int, CUR:IntSeq) => splitSep(R, SEP, seqConcat(CUR, iCons(C, .IntSeq))) requires notBool (C ==Int SEP)
INV-0890 SOURCE=SUPPLIED_FIXED KIND=rule FILE=/tmp/audit-work/162-string-to-md5/reference-semantics/semantics/methods.k LINES=104-105 ATTRS=-
  rule applyMethod(str(CS:IntSeq), "replace", str(iCons(A:Int, .IntSeq)), str(iCons(B:Int, .IntSeq)), .Vals) => str(replaceC(CS, A, B))
INV-0891 SOURCE=SUPPLIED_FIXED KIND=syntax FILE=/tmp/audit-work/162-string-to-md5/reference-semantics/semantics/methods.k LINES=106-106 ATTRS=function,total
  syntax IntSeq ::= replaceC(IntSeq, Int, Int) [function, total]
INV-0892 SOURCE=SUPPLIED_FIXED KIND=rule FILE=/tmp/audit-work/162-string-to-md5/reference-semantics/semantics/methods.k LINES=107-107 ATTRS=-
  rule replaceC(.IntSeq, _:Int, _:Int) => .IntSeq
INV-0893 SOURCE=SUPPLIED_FIXED KIND=rule FILE=/tmp/audit-work/162-string-to-md5/reference-semantics/semantics/methods.k LINES=108-108 ATTRS=-
  rule replaceC(iCons(C:Int, R:IntSeq), A:Int, B:Int) => iCons(B, replaceC(R, A, B)) requires C ==Int A
INV-0894 SOURCE=SUPPLIED_FIXED KIND=rule FILE=/tmp/audit-work/162-string-to-md5/reference-semantics/semantics/methods.k LINES=109-109 ATTRS=-
  rule replaceC(iCons(C:Int, R:IntSeq), A:Int, B:Int) => iCons(C, replaceC(R, A, B)) requires notBool (C ==Int A)
INV-0895 SOURCE=SUPPLIED_FIXED KIND=syntax FILE=/tmp/audit-work/162-string-to-md5/reference-semantics/semantics/methods.k LINES=112-112 ATTRS=function,total
  syntax Bool ::= isUpperC(Int) [function, total]
INV-0896 SOURCE=SUPPLIED_FIXED KIND=rule FILE=/tmp/audit-work/162-string-to-md5/reference-semantics/semantics/methods.k LINES=113-113 ATTRS=-
  rule isUpperC(C:Int) => C >=Int 65 andBool C <=Int 90
INV-0897 SOURCE=SUPPLIED_FIXED KIND=syntax FILE=/tmp/audit-work/162-string-to-md5/reference-semantics/semantics/methods.k LINES=115-115 ATTRS=function,total
  syntax Bool ::= isLowerC(Int) [function, total]
INV-0898 SOURCE=SUPPLIED_FIXED KIND=rule FILE=/tmp/audit-work/162-string-to-md5/reference-semantics/semantics/methods.k LINES=116-116 ATTRS=-
  rule isLowerC(C:Int) => C >=Int 97 andBool C <=Int 122
INV-0899 SOURCE=SUPPLIED_FIXED KIND=syntax FILE=/tmp/audit-work/162-string-to-md5/reference-semantics/semantics/methods.k LINES=118-118 ATTRS=function,total
  syntax Bool ::= isAlphaC(Int) [function, total]
INV-0900 SOURCE=SUPPLIED_FIXED KIND=rule FILE=/tmp/audit-work/162-string-to-md5/reference-semantics/semantics/methods.k LINES=119-119 ATTRS=-
  rule isAlphaC(C:Int) => isUpperC(C) orBool isLowerC(C)
INV-0901 SOURCE=SUPPLIED_FIXED KIND=syntax FILE=/tmp/audit-work/162-string-to-md5/reference-semantics/semantics/methods.k LINES=121-121 ATTRS=function,total
  syntax Bool ::= isDigitC(Int) [function, total]
INV-0902 SOURCE=SUPPLIED_FIXED KIND=rule FILE=/tmp/audit-work/162-string-to-md5/reference-semantics/semantics/methods.k LINES=122-122 ATTRS=-
  rule isDigitC(C:Int) => C >=Int 48 andBool C <=Int 57
INV-0903 SOURCE=SUPPLIED_FIXED KIND=syntax FILE=/tmp/audit-work/162-string-to-md5/reference-semantics/semantics/methods.k LINES=124-124 ATTRS=function,total
  syntax Bool ::= hasUpper(IntSeq) [function, total]
INV-0904 SOURCE=SUPPLIED_FIXED KIND=rule FILE=/tmp/audit-work/162-string-to-md5/reference-semantics/semantics/methods.k LINES=125-125 ATTRS=-
  rule hasUpper(.IntSeq) => false
INV-0905 SOURCE=SUPPLIED_FIXED KIND=rule FILE=/tmp/audit-work/162-string-to-md5/reference-semantics/semantics/methods.k LINES=126-126 ATTRS=-
  rule hasUpper(iCons(C:Int, S:IntSeq)) => isUpperC(C) orBool hasUpper(S)
INV-0906 SOURCE=SUPPLIED_FIXED KIND=syntax FILE=/tmp/audit-work/162-string-to-md5/reference-semantics/semantics/methods.k LINES=128-128 ATTRS=function,total
  syntax Bool ::= hasLower(IntSeq) [function, total]
INV-0907 SOURCE=SUPPLIED_FIXED KIND=rule FILE=/tmp/audit-work/162-string-to-md5/reference-semantics/semantics/methods.k LINES=129-129 ATTRS=-
  rule hasLower(.IntSeq) => false
INV-0908 SOURCE=SUPPLIED_FIXED KIND=rule FILE=/tmp/audit-work/162-string-to-md5/reference-semantics/semantics/methods.k LINES=130-130 ATTRS=-
  rule hasLower(iCons(C:Int, S:IntSeq)) => isLowerC(C) orBool hasLower(S)
INV-0909 SOURCE=SUPPLIED_FIXED KIND=syntax FILE=/tmp/audit-work/162-string-to-md5/reference-semantics/semantics/methods.k LINES=132-132 ATTRS=function,total
  syntax Bool ::= allAlpha(IntSeq) [function, total]
INV-0910 SOURCE=SUPPLIED_FIXED KIND=rule FILE=/tmp/audit-work/162-string-to-md5/reference-semantics/semantics/methods.k LINES=133-133 ATTRS=-
  rule allAlpha(.IntSeq) => true
INV-0911 SOURCE=SUPPLIED_FIXED KIND=rule FILE=/tmp/audit-work/162-string-to-md5/reference-semantics/semantics/methods.k LINES=134-134 ATTRS=-
  rule allAlpha(iCons(C:Int, S:IntSeq)) => isAlphaC(C) andBool allAlpha(S)
INV-0912 SOURCE=SUPPLIED_FIXED KIND=syntax FILE=/tmp/audit-work/162-string-to-md5/reference-semantics/semantics/methods.k LINES=136-136 ATTRS=function,total
  syntax Bool ::= allDigit(IntSeq) [function, total]
INV-0913 SOURCE=SUPPLIED_FIXED KIND=rule FILE=/tmp/audit-work/162-string-to-md5/reference-semantics/semantics/methods.k LINES=137-137 ATTRS=-
  rule allDigit(.IntSeq) => true
INV-0914 SOURCE=SUPPLIED_FIXED KIND=rule FILE=/tmp/audit-work/162-string-to-md5/reference-semantics/semantics/methods.k LINES=138-138 ATTRS=-
  rule allDigit(iCons(C:Int, S:IntSeq)) => isDigitC(C) andBool allDigit(S)
INV-0915 SOURCE=SUPPLIED_FIXED KIND=syntax FILE=/tmp/audit-work/162-string-to-md5/reference-semantics/semantics/methods.k LINES=140-140 ATTRS=function,total
  syntax Int ::= lowerC(Int) [function, total]
INV-0916 SOURCE=SUPPLIED_FIXED KIND=rule FILE=/tmp/audit-work/162-string-to-md5/reference-semantics/semantics/methods.k LINES=142-142 ATTRS=-
  rule lowerC(C:Int) => C +Int 32 requires isUpperC(C)
INV-0917 SOURCE=SUPPLIED_FIXED KIND=rule FILE=/tmp/audit-work/162-string-to-md5/reference-semantics/semantics/methods.k LINES=143-143 ATTRS=owise
  rule lowerC(C:Int) => C [owise]
INV-0918 SOURCE=SUPPLIED_FIXED KIND=syntax FILE=/tmp/audit-work/162-string-to-md5/reference-semantics/semantics/methods.k LINES=145-145 ATTRS=function,total
  syntax Int ::= upperC(Int) [function, total]
INV-0919 SOURCE=SUPPLIED_FIXED KIND=rule FILE=/tmp/audit-work/162-string-to-md5/reference-semantics/semantics/methods.k LINES=146-146 ATTRS=-
  rule upperC(C:Int) => C -Int 32 requires isLowerC(C)
INV-0920 SOURCE=SUPPLIED_FIXED KIND=rule FILE=/tmp/audit-work/162-string-to-md5/reference-semantics/semantics/methods.k LINES=147-147 ATTRS=owise
  rule upperC(C:Int) => C [owise]
INV-0921 SOURCE=SUPPLIED_FIXED KIND=syntax FILE=/tmp/audit-work/162-string-to-md5/reference-semantics/semantics/methods.k LINES=149-149 ATTRS=function,total
  syntax Int ::= swapC(Int) [function, total]
INV-0922 SOURCE=SUPPLIED_FIXED KIND=rule FILE=/tmp/audit-work/162-string-to-md5/reference-semantics/semantics/methods.k LINES=150-150 ATTRS=-
  rule swapC(C:Int) => C +Int 32 requires isUpperC(C)
INV-0923 SOURCE=SUPPLIED_FIXED KIND=rule FILE=/tmp/audit-work/162-string-to-md5/reference-semantics/semantics/methods.k LINES=151-151 ATTRS=-
  rule swapC(C:Int) => C -Int 32 requires isLowerC(C)
INV-0924 SOURCE=SUPPLIED_FIXED KIND=rule FILE=/tmp/audit-work/162-string-to-md5/reference-semantics/semantics/methods.k LINES=152-152 ATTRS=owise
  rule swapC(C:Int) => C [owise]
INV-0925 SOURCE=SUPPLIED_FIXED KIND=syntax FILE=/tmp/audit-work/162-string-to-md5/reference-semantics/semantics/methods.k LINES=154-154 ATTRS=function,total
  syntax IntSeq ::= mapLower(IntSeq) [function, total]
INV-0926 SOURCE=SUPPLIED_FIXED KIND=rule FILE=/tmp/audit-work/162-string-to-md5/reference-semantics/semantics/methods.k LINES=155-155 ATTRS=-
  rule mapLower(.IntSeq) => .IntSeq
INV-0927 SOURCE=SUPPLIED_FIXED KIND=rule FILE=/tmp/audit-work/162-string-to-md5/reference-semantics/semantics/methods.k LINES=156-156 ATTRS=-
  rule mapLower(iCons(C:Int, S:IntSeq)) => iCons(lowerC(C), mapLower(S))
INV-0928 SOURCE=SUPPLIED_FIXED KIND=syntax FILE=/tmp/audit-work/162-string-to-md5/reference-semantics/semantics/methods.k LINES=158-158 ATTRS=function,total
  syntax IntSeq ::= mapUpper(IntSeq) [function, total]
INV-0929 SOURCE=SUPPLIED_FIXED KIND=rule FILE=/tmp/audit-work/162-string-to-md5/reference-semantics/semantics/methods.k LINES=159-159 ATTRS=-
  rule mapUpper(.IntSeq) => .IntSeq
INV-0930 SOURCE=SUPPLIED_FIXED KIND=rule FILE=/tmp/audit-work/162-string-to-md5/reference-semantics/semantics/methods.k LINES=160-160 ATTRS=-
  rule mapUpper(iCons(C:Int, S:IntSeq)) => iCons(upperC(C), mapUpper(S))
INV-0931 SOURCE=SUPPLIED_FIXED KIND=syntax FILE=/tmp/audit-work/162-string-to-md5/reference-semantics/semantics/methods.k LINES=162-162 ATTRS=function,total
  syntax IntSeq ::= mapSwap(IntSeq) [function, total]
INV-0932 SOURCE=SUPPLIED_FIXED KIND=rule FILE=/tmp/audit-work/162-string-to-md5/reference-semantics/semantics/methods.k LINES=163-163 ATTRS=-
  rule mapSwap(.IntSeq) => .IntSeq
INV-0933 SOURCE=SUPPLIED_FIXED KIND=rule FILE=/tmp/audit-work/162-string-to-md5/reference-semantics/semantics/methods.k LINES=164-164 ATTRS=-
  rule mapSwap(iCons(C:Int, S:IntSeq)) => iCons(swapC(C), mapSwap(S))
INV-0934 SOURCE=SUPPLIED_FIXED KIND=syntax FILE=/tmp/audit-work/162-string-to-md5/reference-semantics/semantics/methods.k LINES=166-166 ATTRS=function,total
  syntax Bool ::= startsWith(IntSeq, IntSeq) [function, total]
INV-0935 SOURCE=SUPPLIED_FIXED KIND=rule FILE=/tmp/audit-work/162-string-to-md5/reference-semantics/semantics/methods.k LINES=167-167 ATTRS=-
  rule startsWith(.IntSeq, _:IntSeq) => true
INV-0936 SOURCE=SUPPLIED_FIXED KIND=rule FILE=/tmp/audit-work/162-string-to-md5/reference-semantics/semantics/methods.k LINES=168-168 ATTRS=-
  rule startsWith(iCons(_:Int, _:IntSeq), .IntSeq) => false
INV-0937 SOURCE=SUPPLIED_FIXED KIND=rule FILE=/tmp/audit-work/162-string-to-md5/reference-semantics/semantics/methods.k LINES=169-169 ATTRS=-
  rule startsWith(iCons(A:Int, As:IntSeq), iCons(B:Int, Bs:IntSeq)) => A ==Int B andBool startsWith(As, Bs)
INV-0938 SOURCE=SUPPLIED_FIXED KIND=endmodule FILE=/tmp/audit-work/162-string-to-md5/reference-semantics/semantics/methods.k LINES=170-170 ATTRS=-
  endmodule
INV-0939 SOURCE=SUPPLIED_FIXED KIND=module FILE=/tmp/audit-work/162-string-to-md5/reference-semantics/semantics/operators.k LINES=6-6 ATTRS=-
  module MPY-OPERATORS
INV-0940 SOURCE=SUPPLIED_FIXED KIND=imports FILE=/tmp/audit-work/162-string-to-md5/reference-semantics/semantics/operators.k LINES=7-7 ATTRS=-
  imports MPY-CORE
INV-0941 SOURCE=SUPPLIED_FIXED KIND=imports FILE=/tmp/audit-work/162-string-to-md5/reference-semantics/semantics/operators.k LINES=8-8 ATTRS=-
  imports MPY-ITER
INV-0942 SOURCE=SUPPLIED_FIXED KIND=rule FILE=/tmp/audit-work/162-string-to-md5/reference-semantics/semantics/operators.k LINES=10-10 ATTRS=-
  rule <k> UnaryOp(OP:String, V:Val) => applyUn(OP, V) ... </k>
INV-0943 SOURCE=SUPPLIED_FIXED KIND=rule FILE=/tmp/audit-work/162-string-to-md5/reference-semantics/semantics/operators.k LINES=12-12 ATTRS=-
  rule <k> BinOp(OP:String, L:Val, R:Val) => applyBin(OP, L, R) ... </k>
INV-0944 SOURCE=SUPPLIED_FIXED KIND=context FILE=/tmp/audit-work/162-string-to-md5/reference-semantics/semantics/operators.k LINES=15-15 ATTRS=-
  context Compare(HOLE, _)
INV-0945 SOURCE=SUPPLIED_FIXED KIND=context FILE=/tmp/audit-work/162-string-to-md5/reference-semantics/semantics/operators.k LINES=16-16 ATTRS=-
  context Compare(_:Val, CmpOp(_, HOLE))
INV-0946 SOURCE=SUPPLIED_FIXED KIND=rule FILE=/tmp/audit-work/162-string-to-md5/reference-semantics/semantics/operators.k LINES=17-17 ATTRS=owise
  rule <k> Compare(LV:Val, CmpOp(OP:String, RV:Val)) => applyCmp(OP, LV, RV) ... </k> [owise]
INV-0947 SOURCE=SUPPLIED_FIXED KIND=rule FILE=/tmp/audit-work/162-string-to-md5/reference-semantics/semantics/operators.k LINES=19-19 ATTRS=-
  rule applyCmp("is", V:Val, noneV) => V ==K noneV
INV-0948 SOURCE=SUPPLIED_FIXED KIND=rule FILE=/tmp/audit-work/162-string-to-md5/reference-semantics/semantics/operators.k LINES=20-20 ATTRS=-
  rule applyCmp("is not", V:Val, noneV) => notBool (V ==K noneV)
INV-0949 SOURCE=SUPPLIED_FIXED KIND=rule FILE=/tmp/audit-work/162-string-to-md5/reference-semantics/semantics/operators.k LINES=25-27 ATTRS=priority
  rule <k> BinOp(OP:String, ref(H:Int), R:Expr) => BinOp(OP, V, R) ... </k> <heap> ... H |-> V:Val ... </heap> [priority(40)]
INV-0950 SOURCE=SUPPLIED_FIXED KIND=rule FILE=/tmp/audit-work/162-string-to-md5/reference-semantics/semantics/operators.k LINES=28-31 ATTRS=priority
  rule <k> BinOp(OP:String, L:Val, ref(H:Int)) => BinOp(OP, L, V) ... </k> <heap> ... H |-> V:Val ... </heap> requires notBool isRefV(L) [priority(40)]
INV-0951 SOURCE=SUPPLIED_FIXED KIND=rule FILE=/tmp/audit-work/162-string-to-md5/reference-semantics/semantics/operators.k LINES=34-37 ATTRS=priority
  rule <k> Compare(ref(H:Int), CmpOp(OP:String, R:Expr)) => Compare(V, CmpOp(OP, R)) ... </k> <heap> ... H |-> V:Val ... </heap> requires OP =/=String "in" andBool OP =/=String "not in" [priority(40)]
INV-0952 SOURCE=SUPPLIED_FIXED KIND=rule FILE=/tmp/audit-work/162-string-to-md5/reference-semantics/semantics/operators.k LINES=38-42 ATTRS=priority
  rule <k> Compare(L:Val, CmpOp(OP:String, ref(H:Int))) => Compare(L, CmpOp(OP, V)) ... </k> <heap> ... H |-> V:Val ... </heap> requires notBool isRefV(L) orBool OP ==String "in" orBool OP ==String "not in" [priority(40)]
INV-0953 SOURCE=SUPPLIED_FIXED KIND=rule FILE=/tmp/audit-work/162-string-to-md5/reference-semantics/semantics/operators.k LINES=44-46 ATTRS=priority
  rule <k> UnaryOp(OP:String, ref(H:Int)) => UnaryOp(OP, V) ... </k> <heap> ... H |-> V:Val ... </heap> [priority(40)]
INV-0954 SOURCE=SUPPLIED_FIXED KIND=endmodule FILE=/tmp/audit-work/162-string-to-md5/reference-semantics/semantics/operators.k LINES=47-47 ATTRS=-
  endmodule
INV-0955 SOURCE=SUPPLIED_FIXED KIND=module FILE=/tmp/audit-work/162-string-to-md5/reference-semantics/semantics/range.k LINES=5-5 ATTRS=-
  module MPY-RANGE
INV-0956 SOURCE=SUPPLIED_FIXED KIND=imports FILE=/tmp/audit-work/162-string-to-md5/reference-semantics/semantics/range.k LINES=6-6 ATTRS=-
  imports MPY-CORE
INV-0957 SOURCE=SUPPLIED_FIXED KIND=imports FILE=/tmp/audit-work/162-string-to-md5/reference-semantics/semantics/range.k LINES=7-7 ATTRS=-
  imports MPY-ITER
INV-0958 SOURCE=SUPPLIED_FIXED KIND=syntax FILE=/tmp/audit-work/162-string-to-md5/reference-semantics/semantics/range.k LINES=9-9 ATTRS=function,total
  syntax Bool ::= inRange(Int, Int, Int) [function, total]
INV-0959 SOURCE=SUPPLIED_FIXED KIND=rule FILE=/tmp/audit-work/162-string-to-md5/reference-semantics/semantics/range.k LINES=10-10 ATTRS=-
  rule inRange(I:Int, HI:Int, ST:Int) => (ST >Int 0 andBool I <Int HI) orBool (ST <Int 0 andBool I >Int HI)
INV-0960 SOURCE=SUPPLIED_FIXED KIND=syntax FILE=/tmp/audit-work/162-string-to-md5/reference-semantics/semantics/range.k LINES=12-12 ATTRS=function
  syntax Int ::= rangeLen(Int, Int, Int) [function]
INV-0961 SOURCE=SUPPLIED_FIXED KIND=rule FILE=/tmp/audit-work/162-string-to-md5/reference-semantics/semantics/range.k LINES=13-14 ATTRS=-
  rule rangeLen(LO:Int, HI:Int, ST:Int) => (HI -Int LO +Int ST -Int 1) /Int ST requires ST >Int 0 andBool HI >Int LO
INV-0962 SOURCE=SUPPLIED_FIXED KIND=rule FILE=/tmp/audit-work/162-string-to-md5/reference-semantics/semantics/range.k LINES=15-16 ATTRS=-
  rule rangeLen(LO:Int, HI:Int, ST:Int) => (LO -Int HI -Int ST -Int 1) /Int (0 -Int ST) requires ST <Int 0 andBool HI <Int LO
INV-0963 SOURCE=SUPPLIED_FIXED KIND=rule FILE=/tmp/audit-work/162-string-to-md5/reference-semantics/semantics/range.k LINES=17-18 ATTRS=-
  rule rangeLen(LO:Int, HI:Int, ST:Int) => 0 requires (ST >Int 0 andBool HI <=Int LO) orBool (ST <Int 0 andBool HI >=Int LO)
INV-0964 SOURCE=SUPPLIED_FIXED KIND=rule FILE=/tmp/audit-work/162-string-to-md5/reference-semantics/semantics/range.k LINES=20-22 ATTRS=-
  rule <k> #iterNext(rangeObj(I:Int, HI:Int, ST:Int)) => #iterYield(I, rangeObj(I +Int ST, HI, ST)) ... </k> requires inRange(I, HI, ST)
INV-0965 SOURCE=SUPPLIED_FIXED KIND=rule FILE=/tmp/audit-work/162-string-to-md5/reference-semantics/semantics/range.k LINES=23-24 ATTRS=-
  rule <k> #iterNext(rangeObj(I:Int, HI:Int, ST:Int)) => #iterDone ... </k> requires notBool inRange(I, HI, ST)
INV-0966 SOURCE=SUPPLIED_FIXED KIND=endmodule FILE=/tmp/audit-work/162-string-to-md5/reference-semantics/semantics/range.k LINES=25-25 ATTRS=-
  endmodule
INV-0967 SOURCE=SUPPLIED_FIXED KIND=module FILE=/tmp/audit-work/162-string-to-md5/reference-semantics/semantics/set.k LINES=3-3 ATTRS=-
  module MPY-SET
INV-0968 SOURCE=SUPPLIED_FIXED KIND=imports FILE=/tmp/audit-work/162-string-to-md5/reference-semantics/semantics/set.k LINES=4-4 ATTRS=-
  imports MPY-CORE
INV-0969 SOURCE=SUPPLIED_FIXED KIND=syntax FILE=/tmp/audit-work/162-string-to-md5/reference-semantics/semantics/set.k LINES=8-8 ATTRS=-
  syntax Val ::= setV(IntSeq)
INV-0970 SOURCE=SUPPLIED_FIXED KIND=syntax FILE=/tmp/audit-work/162-string-to-md5/reference-semantics/semantics/set.k LINES=11-11 ATTRS=function,total
  syntax Bool ::= codeIn(Int, IntSeq) [function, total]
INV-0971 SOURCE=SUPPLIED_FIXED KIND=rule FILE=/tmp/audit-work/162-string-to-md5/reference-semantics/semantics/set.k LINES=12-12 ATTRS=-
  rule codeIn(_:Int, .IntSeq) => false
INV-0972 SOURCE=SUPPLIED_FIXED KIND=rule FILE=/tmp/audit-work/162-string-to-md5/reference-semantics/semantics/set.k LINES=13-13 ATTRS=-
  rule codeIn(C:Int, iCons(H:Int, T:IntSeq)) => C ==Int H orBool codeIn(C, T)
INV-0973 SOURCE=SUPPLIED_FIXED KIND=syntax FILE=/tmp/audit-work/162-string-to-md5/reference-semantics/semantics/set.k LINES=16-17 ATTRS=function,total
  syntax IntSeq ::= dedupCodes(IntSeq) [function, total] | dedupFrom(IntSeq, IntSeq) [function, total]
INV-0974 SOURCE=SUPPLIED_FIXED KIND=rule FILE=/tmp/audit-work/162-string-to-md5/reference-semantics/semantics/set.k LINES=18-18 ATTRS=-
  rule dedupCodes(CS:IntSeq) => dedupFrom(CS, .IntSeq)
INV-0975 SOURCE=SUPPLIED_FIXED KIND=rule FILE=/tmp/audit-work/162-string-to-md5/reference-semantics/semantics/set.k LINES=19-19 ATTRS=-
  rule dedupFrom(.IntSeq, ACC:IntSeq) => ACC
INV-0976 SOURCE=SUPPLIED_FIXED KIND=rule FILE=/tmp/audit-work/162-string-to-md5/reference-semantics/semantics/set.k LINES=20-21 ATTRS=-
  rule dedupFrom(iCons(C:Int, S:IntSeq), ACC:IntSeq) => dedupFrom(S, ACC) requires codeIn(C, ACC)
INV-0977 SOURCE=SUPPLIED_FIXED KIND=rule FILE=/tmp/audit-work/162-string-to-md5/reference-semantics/semantics/set.k LINES=22-23 ATTRS=-
  rule dedupFrom(iCons(C:Int, S:IntSeq), ACC:IntSeq) => dedupFrom(S, snocCode(ACC, C)) requires notBool codeIn(C, ACC)
INV-0978 SOURCE=SUPPLIED_FIXED KIND=syntax FILE=/tmp/audit-work/162-string-to-md5/reference-semantics/semantics/set.k LINES=25-25 ATTRS=function,total
  syntax IntSeq ::= snocCode(IntSeq, Int) [function, total]
INV-0979 SOURCE=SUPPLIED_FIXED KIND=rule FILE=/tmp/audit-work/162-string-to-md5/reference-semantics/semantics/set.k LINES=26-26 ATTRS=-
  rule snocCode(.IntSeq, C:Int) => iCons(C, .IntSeq)
INV-0980 SOURCE=SUPPLIED_FIXED KIND=rule FILE=/tmp/audit-work/162-string-to-md5/reference-semantics/semantics/set.k LINES=27-27 ATTRS=-
  rule snocCode(iCons(H:Int, T:IntSeq), C:Int) => iCons(H, snocCode(T, C))
INV-0981 SOURCE=SUPPLIED_FIXED KIND=syntax FILE=/tmp/audit-work/162-string-to-md5/reference-semantics/semantics/set.k LINES=31-31 ATTRS=function,total
  syntax Bool ::= subsetCodes(IntSeq, IntSeq) [function, total]
INV-0982 SOURCE=SUPPLIED_FIXED KIND=rule FILE=/tmp/audit-work/162-string-to-md5/reference-semantics/semantics/set.k LINES=32-32 ATTRS=-
  rule subsetCodes(.IntSeq, _:IntSeq) => true
INV-0983 SOURCE=SUPPLIED_FIXED KIND=rule FILE=/tmp/audit-work/162-string-to-md5/reference-semantics/semantics/set.k LINES=33-33 ATTRS=-
  rule subsetCodes(iCons(C:Int, S:IntSeq), B:IntSeq) => codeIn(C, B) andBool subsetCodes(S, B)
INV-0984 SOURCE=SUPPLIED_FIXED KIND=syntax FILE=/tmp/audit-work/162-string-to-md5/reference-semantics/semantics/set.k LINES=35-35 ATTRS=function,total
  syntax Bool ::= sameSet(IntSeq, IntSeq) [function, total]
INV-0985 SOURCE=SUPPLIED_FIXED KIND=rule FILE=/tmp/audit-work/162-string-to-md5/reference-semantics/semantics/set.k LINES=36-36 ATTRS=-
  rule sameSet(A:IntSeq, B:IntSeq) => subsetCodes(A, B) andBool subsetCodes(B, A)
INV-0986 SOURCE=SUPPLIED_FIXED KIND=rule FILE=/tmp/audit-work/162-string-to-md5/reference-semantics/semantics/set.k LINES=39-39 ATTRS=-
  rule applyCmp("==", setV(A:IntSeq), setV(B:IntSeq)) => sameSet(A, B)
INV-0987 SOURCE=SUPPLIED_FIXED KIND=endmodule FILE=/tmp/audit-work/162-string-to-md5/reference-semantics/semantics/set.k LINES=40-40 ATTRS=-
  endmodule
INV-0988 SOURCE=SUPPLIED_FIXED KIND=module FILE=/tmp/audit-work/162-string-to-md5/reference-semantics/semantics/sort.k LINES=10-10 ATTRS=-
  module MPY-SORT
INV-0989 SOURCE=SUPPLIED_FIXED KIND=imports FILE=/tmp/audit-work/162-string-to-md5/reference-semantics/semantics/sort.k LINES=11-11 ATTRS=-
  imports MPY-BUILTINS
INV-0990 SOURCE=SUPPLIED_FIXED KIND=imports FILE=/tmp/audit-work/162-string-to-md5/reference-semantics/semantics/sort.k LINES=12-12 ATTRS=-
  imports MPY-SUBSCRIPT
INV-0991 SOURCE=SUPPLIED_FIXED KIND=syntax FILE=/tmp/audit-work/162-string-to-md5/reference-semantics/semantics/sort.k LINES=18-18 ATTRS=function,total,symbol,no-evaluators
  syntax ValSeq ::= sortVS(ValSeq) [function, total, symbol(sortVS), no-evaluators]
INV-0992 SOURCE=SUPPLIED_FIXED KIND=syntax FILE=/tmp/audit-work/162-string-to-md5/reference-semantics/semantics/sort.k LINES=19-19 ATTRS=function
  syntax ValSeq ::= insVS(Int, ValSeq) [function]
INV-0993 SOURCE=SUPPLIED_FIXED KIND=rule FILE=/tmp/audit-work/162-string-to-md5/reference-semantics/semantics/sort.k LINES=20-20 ATTRS=concrete
  rule sortVS(.ValSeq) => .ValSeq [concrete]
INV-0994 SOURCE=SUPPLIED_FIXED KIND=rule FILE=/tmp/audit-work/162-string-to-md5/reference-semantics/semantics/sort.k LINES=21-21 ATTRS=concrete
  rule sortVS(vCons(X:Int, R:ValSeq)) => insVS(X, sortVS(R)) [concrete]
INV-0995 SOURCE=SUPPLIED_FIXED KIND=rule FILE=/tmp/audit-work/162-string-to-md5/reference-semantics/semantics/sort.k LINES=22-22 ATTRS=concrete
  rule insVS(X:Int, .ValSeq) => vCons(X, .ValSeq) [concrete]
INV-0996 SOURCE=SUPPLIED_FIXED KIND=rule FILE=/tmp/audit-work/162-string-to-md5/reference-semantics/semantics/sort.k LINES=23-23 ATTRS=concrete
  rule insVS(X:Int, vCons(Y:Int, R:ValSeq)) => vCons(X, vCons(Y, R)) requires X <=Int Y [concrete]
INV-0997 SOURCE=SUPPLIED_FIXED KIND=rule FILE=/tmp/audit-work/162-string-to-md5/reference-semantics/semantics/sort.k LINES=24-24 ATTRS=concrete
  rule insVS(X:Int, vCons(Y:Int, R:ValSeq)) => vCons(Y, insVS(X, R)) requires X >Int Y [concrete]
INV-0998 SOURCE=SUPPLIED_FIXED KIND=syntax FILE=/tmp/audit-work/162-string-to-md5/reference-semantics/semantics/sort.k LINES=32-32 ATTRS=function
  syntax ValSeq ::= insVSn(Val, ValSeq) [function]
INV-0999 SOURCE=SUPPLIED_FIXED KIND=rule FILE=/tmp/audit-work/162-string-to-md5/reference-semantics/semantics/sort.k LINES=33-34 ATTRS=concrete
  rule sortVS(vCons(X:Val, R:ValSeq)) => insVSn(X, sortVS(R)) requires isFloat(X) orBool isBool(X) [concrete]
INV-1000 SOURCE=SUPPLIED_FIXED KIND=rule FILE=/tmp/audit-work/162-string-to-md5/reference-semantics/semantics/sort.k LINES=35-36 ATTRS=concrete
  rule insVS(X:Int, vCons(Y:Val, R:ValSeq)) => vCons(X, vCons(Y, R)) requires (isFloat(Y) orBool isBool(Y)) andBool notBool applyCmp("<", Y, X) [concrete]
INV-1001 SOURCE=SUPPLIED_FIXED KIND=rule FILE=/tmp/audit-work/162-string-to-md5/reference-semantics/semantics/sort.k LINES=37-38 ATTRS=concrete
  rule insVS(X:Int, vCons(Y:Val, R:ValSeq)) => vCons(Y, insVS(X, R)) requires (isFloat(Y) orBool isBool(Y)) andBool applyCmp("<", Y, X) [concrete]
INV-1002 SOURCE=SUPPLIED_FIXED KIND=rule FILE=/tmp/audit-work/162-string-to-md5/reference-semantics/semantics/sort.k LINES=39-39 ATTRS=concrete
  rule insVSn(X:Val, .ValSeq) => vCons(X, .ValSeq) [concrete]
INV-1003 SOURCE=SUPPLIED_FIXED KIND=rule FILE=/tmp/audit-work/162-string-to-md5/reference-semantics/semantics/sort.k LINES=40-41 ATTRS=concrete
  rule insVSn(X:Val, vCons(Y:Val, R:ValSeq)) => vCons(X, vCons(Y, R)) requires notBool applyCmp("<", Y, X) [concrete]
INV-1004 SOURCE=SUPPLIED_FIXED KIND=rule FILE=/tmp/audit-work/162-string-to-md5/reference-semantics/semantics/sort.k LINES=42-43 ATTRS=concrete
  rule insVSn(X:Val, vCons(Y:Val, R:ValSeq)) => vCons(Y, insVSn(X, R)) requires applyCmp("<", Y, X) [concrete]
INV-1005 SOURCE=SUPPLIED_FIXED KIND=syntax FILE=/tmp/audit-work/162-string-to-md5/reference-semantics/semantics/sort.k LINES=45-45 ATTRS=function
  syntax ValSeq ::= insVSs(IntSeq, ValSeq) [function]
INV-1006 SOURCE=SUPPLIED_FIXED KIND=rule FILE=/tmp/audit-work/162-string-to-md5/reference-semantics/semantics/sort.k LINES=46-46 ATTRS=concrete
  rule sortVS(vCons(str(CS:IntSeq), R:ValSeq)) => insVSs(CS, sortVS(R)) [concrete]
INV-1007 SOURCE=SUPPLIED_FIXED KIND=rule FILE=/tmp/audit-work/162-string-to-md5/reference-semantics/semantics/sort.k LINES=47-47 ATTRS=concrete
  rule insVSs(A:IntSeq, .ValSeq) => vCons(str(A), .ValSeq) [concrete]
INV-1008 SOURCE=SUPPLIED_FIXED KIND=rule FILE=/tmp/audit-work/162-string-to-md5/reference-semantics/semantics/sort.k LINES=48-49 ATTRS=concrete
  rule insVSs(A:IntSeq, vCons(str(B:IntSeq), R:ValSeq)) => vCons(str(A), vCons(str(B), R)) requires strLt(A, B) orBool A ==K B [concrete]
INV-1009 SOURCE=SUPPLIED_FIXED KIND=rule FILE=/tmp/audit-work/162-string-to-md5/reference-semantics/semantics/sort.k LINES=50-51 ATTRS=concrete
  rule insVSs(A:IntSeq, vCons(str(B:IntSeq), R:ValSeq)) => vCons(str(B), insVSs(A, R)) requires notBool (strLt(A, B) orBool A ==K B) [concrete]
INV-1010 SOURCE=SUPPLIED_FIXED KIND=rule FILE=/tmp/audit-work/162-string-to-md5/reference-semantics/semantics/sort.k LINES=55-56 ATTRS=-
  rule <k> #applyK(toCall(builtinV("sorted")), (list(VS:ValSeq), .Vals)) => #alloc(list(sortVS(VS))) ... </k>
INV-1011 SOURCE=SUPPLIED_FIXED KIND=rule FILE=/tmp/audit-work/162-string-to-md5/reference-semantics/semantics/sort.k LINES=59-61 ATTRS=priority
  rule <k> #applyK(toCall(boundMethodV(ref(H:Int), "sort")), .Vals) => noneV ... </k> <heap> ... H |-> list(VS:ValSeq => sortVS(VS)) ... </heap> [priority(40)]
INV-1012 SOURCE=SUPPLIED_FIXED KIND=syntax FILE=/tmp/audit-work/162-string-to-md5/reference-semantics/semantics/sort.k LINES=68-68 ATTRS=function,total,symbol,no-evaluators
  syntax ValSeq ::= sortKeyVS(ValSeq, Val) [function, total, symbol(sortKeyVS), no-evaluators]
INV-1013 SOURCE=SUPPLIED_FIXED KIND=syntax FILE=/tmp/audit-work/162-string-to-md5/reference-semantics/semantics/sort.k LINES=70-71 ATTRS=function,total
  syntax ValSeq ::= revVS(ValSeq) [function, total] | revVSAcc(ValSeq, ValSeq) [function, total]
INV-1014 SOURCE=SUPPLIED_FIXED KIND=rule FILE=/tmp/audit-work/162-string-to-md5/reference-semantics/semantics/sort.k LINES=72-72 ATTRS=-
  rule revVS(S:ValSeq) => revVSAcc(S, .ValSeq)
INV-1015 SOURCE=SUPPLIED_FIXED KIND=rule FILE=/tmp/audit-work/162-string-to-md5/reference-semantics/semantics/sort.k LINES=73-73 ATTRS=-
  rule revVSAcc(.ValSeq, A:ValSeq) => A
INV-1016 SOURCE=SUPPLIED_FIXED KIND=rule FILE=/tmp/audit-work/162-string-to-md5/reference-semantics/semantics/sort.k LINES=74-74 ATTRS=-
  rule revVSAcc(vCons(V:Val, R:ValSeq), A:ValSeq) => revVSAcc(R, vCons(V, A))
INV-1017 SOURCE=SUPPLIED_FIXED KIND=syntax FILE=/tmp/audit-work/162-string-to-md5/reference-semantics/semantics/sort.k LINES=76-76 ATTRS=function,total
  syntax ValSeq ::= condRev(ValSeq, Bool) [function, total]
INV-1018 SOURCE=SUPPLIED_FIXED KIND=rule FILE=/tmp/audit-work/162-string-to-md5/reference-semantics/semantics/sort.k LINES=77-77 ATTRS=-
  rule condRev(S:ValSeq, false) => S
INV-1019 SOURCE=SUPPLIED_FIXED KIND=rule FILE=/tmp/audit-work/162-string-to-md5/reference-semantics/semantics/sort.k LINES=78-78 ATTRS=-
  rule condRev(S:ValSeq, true) => revVS(S)
INV-1020 SOURCE=SUPPLIED_FIXED KIND=rule FILE=/tmp/audit-work/162-string-to-md5/reference-semantics/semantics/sort.k LINES=80-81 ATTRS=-
  rule <k> #applyK(toCall(builtinV("sorted")), (list(VS:ValSeq), kwV("key", KV:Val), .Vals)) => #alloc(list(sortKeyVS(VS, KV))) ... </k>
INV-1021 SOURCE=SUPPLIED_FIXED KIND=rule FILE=/tmp/audit-work/162-string-to-md5/reference-semantics/semantics/sort.k LINES=82-83 ATTRS=-
  rule <k> #applyK(toCall(builtinV("sorted")), (list(VS:ValSeq), kwV("key", KV:Val), kwV("reverse", RB:Bool), .Vals)) => #alloc(list(condRev(sortKeyVS(VS, KV), RB))) ... </k>
INV-1022 SOURCE=SUPPLIED_FIXED KIND=rule FILE=/tmp/audit-work/162-string-to-md5/reference-semantics/semantics/sort.k LINES=84-85 ATTRS=-
  rule <k> #applyK(toCall(builtinV("sorted")), (list(VS:ValSeq), kwV("reverse", RB:Bool), .Vals)) => #alloc(list(condRev(sortVS(VS), RB))) ... </k>
INV-1023 SOURCE=SUPPLIED_FIXED KIND=endmodule FILE=/tmp/audit-work/162-string-to-md5/reference-semantics/semantics/sort.k LINES=91-91 ATTRS=-
  endmodule
INV-1024 SOURCE=SUPPLIED_FIXED KIND=module FILE=/tmp/audit-work/162-string-to-md5/reference-semantics/semantics/str.k LINES=3-3 ATTRS=-
  module MPY-STR
INV-1025 SOURCE=SUPPLIED_FIXED KIND=imports FILE=/tmp/audit-work/162-string-to-md5/reference-semantics/semantics/str.k LINES=4-4 ATTRS=-
  imports MPY-CORE
INV-1026 SOURCE=SUPPLIED_FIXED KIND=imports FILE=/tmp/audit-work/162-string-to-md5/reference-semantics/semantics/str.k LINES=5-5 ATTRS=-
  imports MPY-ITER
INV-1027 SOURCE=SUPPLIED_FIXED KIND=rule FILE=/tmp/audit-work/162-string-to-md5/reference-semantics/semantics/str.k LINES=8-8 ATTRS=-
  rule <k> #iterNext(str(.IntSeq)) => #iterDone ... </k>
INV-1028 SOURCE=SUPPLIED_FIXED KIND=rule FILE=/tmp/audit-work/162-string-to-md5/reference-semantics/semantics/str.k LINES=9-10 ATTRS=-
  rule <k> #iterNext(str(iCons(C:Int, R:IntSeq))) => #iterYield(str(iCons(C, .IntSeq)), str(R)) ... </k>
INV-1029 SOURCE=SUPPLIED_FIXED KIND=syntax FILE=/tmp/audit-work/162-string-to-md5/reference-semantics/semantics/str.k LINES=13-13 ATTRS=function
  syntax IntSeq ::= strToCodes(String) [function]
INV-1030 SOURCE=SUPPLIED_FIXED KIND=rule FILE=/tmp/audit-work/162-string-to-md5/reference-semantics/semantics/str.k LINES=14-14 ATTRS=-
  rule <k> Str(S:String) => str(strToCodes(S)) ... </k>
INV-1031 SOURCE=SUPPLIED_FIXED KIND=rule FILE=/tmp/audit-work/162-string-to-md5/reference-semantics/semantics/str.k LINES=15-15 ATTRS=-
  rule strToCodes("") => .IntSeq
INV-1032 SOURCE=SUPPLIED_FIXED KIND=rule FILE=/tmp/audit-work/162-string-to-md5/reference-semantics/semantics/str.k LINES=16-17 ATTRS=-
  rule strToCodes(S:String) => iCons(ordChar(substrString(S, 0, 1)), strToCodes(substrString(S, 1, lengthString(S)))) requires S =/=String "" andBool ordChar(substrString(S, 0, 1)) <Int 128
INV-1033 SOURCE=SUPPLIED_FIXED KIND=syntax FILE=/tmp/audit-work/162-string-to-md5/reference-semantics/semantics/str.k LINES=20-20 ATTRS=function,total
  syntax IntSeq ::= seqConcat(IntSeq, IntSeq) [function, total]
INV-1034 SOURCE=SUPPLIED_FIXED KIND=rule FILE=/tmp/audit-work/162-string-to-md5/reference-semantics/semantics/str.k LINES=21-21 ATTRS=-
  rule seqConcat(.IntSeq, T:IntSeq) => T
INV-1035 SOURCE=SUPPLIED_FIXED KIND=rule FILE=/tmp/audit-work/162-string-to-md5/reference-semantics/semantics/str.k LINES=22-22 ATTRS=-
  rule seqConcat(iCons(I:Int, S:IntSeq), T:IntSeq) => iCons(I, seqConcat(S, T))
INV-1036 SOURCE=SUPPLIED_FIXED KIND=rule FILE=/tmp/audit-work/162-string-to-md5/reference-semantics/semantics/str.k LINES=24-24 ATTRS=-
  rule applyBin("+", str(A:IntSeq), str(B:IntSeq)) => str(seqConcat(A, B))
INV-1037 SOURCE=SUPPLIED_FIXED KIND=rule FILE=/tmp/audit-work/162-string-to-md5/reference-semantics/semantics/str.k LINES=25-25 ATTRS=-
  rule applyCmp("==", str(A:IntSeq), str(B:IntSeq)) => A ==K B
INV-1038 SOURCE=SUPPLIED_FIXED KIND=rule FILE=/tmp/audit-work/162-string-to-md5/reference-semantics/semantics/str.k LINES=26-26 ATTRS=-
  rule applyCmp("!=", str(A:IntSeq), str(B:IntSeq)) => notBool (A ==K B)
INV-1039 SOURCE=SUPPLIED_FIXED KIND=rule FILE=/tmp/audit-work/162-string-to-md5/reference-semantics/semantics/str.k LINES=29-29 ATTRS=-
  rule applyCmp("in", str(P:IntSeq), str(X:IntSeq)) => strContains(P, X)
INV-1040 SOURCE=SUPPLIED_FIXED KIND=rule FILE=/tmp/audit-work/162-string-to-md5/reference-semantics/semantics/str.k LINES=30-30 ATTRS=-
  rule applyCmp("not in", str(P:IntSeq), str(X:IntSeq)) => notBool strContains(P, X)
INV-1041 SOURCE=SUPPLIED_FIXED KIND=syntax FILE=/tmp/audit-work/162-string-to-md5/reference-semantics/semantics/str.k LINES=32-32 ATTRS=function,total
  syntax Bool ::= strPrefix(IntSeq, IntSeq) [function, total]
INV-1042 SOURCE=SUPPLIED_FIXED KIND=rule FILE=/tmp/audit-work/162-string-to-md5/reference-semantics/semantics/str.k LINES=33-33 ATTRS=-
  rule strPrefix(.IntSeq, _:IntSeq) => true
INV-1043 SOURCE=SUPPLIED_FIXED KIND=rule FILE=/tmp/audit-work/162-string-to-md5/reference-semantics/semantics/str.k LINES=34-34 ATTRS=-
  rule strPrefix(iCons(_:Int, _:IntSeq), .IntSeq) => false
INV-1044 SOURCE=SUPPLIED_FIXED KIND=rule FILE=/tmp/audit-work/162-string-to-md5/reference-semantics/semantics/str.k LINES=35-35 ATTRS=-
  rule strPrefix(iCons(A:Int, As:IntSeq), iCons(B:Int, Bs:IntSeq)) => A ==Int B andBool strPrefix(As, Bs)
INV-1045 SOURCE=SUPPLIED_FIXED KIND=syntax FILE=/tmp/audit-work/162-string-to-md5/reference-semantics/semantics/str.k LINES=37-37 ATTRS=function,total
  syntax Bool ::= strContains(IntSeq, IntSeq) [function, total]
INV-1046 SOURCE=SUPPLIED_FIXED KIND=rule FILE=/tmp/audit-work/162-string-to-md5/reference-semantics/semantics/str.k LINES=38-38 ATTRS=-
  rule strContains(P:IntSeq, X:IntSeq) => true requires strPrefix(P, X)
INV-1047 SOURCE=SUPPLIED_FIXED KIND=rule FILE=/tmp/audit-work/162-string-to-md5/reference-semantics/semantics/str.k LINES=39-39 ATTRS=-
  rule strContains(P:IntSeq, .IntSeq) => false requires notBool strPrefix(P, .IntSeq)
INV-1048 SOURCE=SUPPLIED_FIXED KIND=rule FILE=/tmp/audit-work/162-string-to-md5/reference-semantics/semantics/str.k LINES=40-41 ATTRS=-
  rule strContains(P:IntSeq, iCons(C:Int, Xs:IntSeq)) => strContains(P, Xs) requires notBool strPrefix(P, iCons(C, Xs))
INV-1049 SOURCE=SUPPLIED_FIXED KIND=syntax FILE=/tmp/audit-work/162-string-to-md5/reference-semantics/semantics/str.k LINES=48-48 ATTRS=function,total
  syntax Bool ::= strLt(IntSeq, IntSeq) [function, total]
INV-1050 SOURCE=SUPPLIED_FIXED KIND=rule FILE=/tmp/audit-work/162-string-to-md5/reference-semantics/semantics/str.k LINES=49-49 ATTRS=-
  rule strLt(.IntSeq, .IntSeq) => false
INV-1051 SOURCE=SUPPLIED_FIXED KIND=rule FILE=/tmp/audit-work/162-string-to-md5/reference-semantics/semantics/str.k LINES=50-50 ATTRS=-
  rule strLt(.IntSeq, iCons(_:Int, _:IntSeq)) => true
INV-1052 SOURCE=SUPPLIED_FIXED KIND=rule FILE=/tmp/audit-work/162-string-to-md5/reference-semantics/semantics/str.k LINES=51-51 ATTRS=-
  rule strLt(iCons(_:Int, _:IntSeq), .IntSeq) => false
INV-1053 SOURCE=SUPPLIED_FIXED KIND=rule FILE=/tmp/audit-work/162-string-to-md5/reference-semantics/semantics/str.k LINES=52-52 ATTRS=-
  rule strLt(iCons(A:Int, As:IntSeq), iCons(B:Int, Bs:IntSeq)) => true requires A <Int B
INV-1054 SOURCE=SUPPLIED_FIXED KIND=rule FILE=/tmp/audit-work/162-string-to-md5/reference-semantics/semantics/str.k LINES=53-53 ATTRS=-
  rule strLt(iCons(A:Int, As:IntSeq), iCons(B:Int, Bs:IntSeq)) => false requires A >Int B
INV-1055 SOURCE=SUPPLIED_FIXED KIND=rule FILE=/tmp/audit-work/162-string-to-md5/reference-semantics/semantics/str.k LINES=54-54 ATTRS=-
  rule strLt(iCons(A:Int, As:IntSeq), iCons(B:Int, Bs:IntSeq)) => strLt(As, Bs) requires A ==Int B
INV-1056 SOURCE=SUPPLIED_FIXED KIND=rule FILE=/tmp/audit-work/162-string-to-md5/reference-semantics/semantics/str.k LINES=56-56 ATTRS=-
  rule applyCmp("<", str(A:IntSeq), str(B:IntSeq)) => strLt(A, B)
INV-1057 SOURCE=SUPPLIED_FIXED KIND=rule FILE=/tmp/audit-work/162-string-to-md5/reference-semantics/semantics/str.k LINES=57-57 ATTRS=-
  rule applyCmp(">", str(A:IntSeq), str(B:IntSeq)) => strLt(B, A)
INV-1058 SOURCE=SUPPLIED_FIXED KIND=rule FILE=/tmp/audit-work/162-string-to-md5/reference-semantics/semantics/str.k LINES=58-58 ATTRS=-
  rule applyCmp("<=", str(A:IntSeq), str(B:IntSeq)) => notBool strLt(B, A)
INV-1059 SOURCE=SUPPLIED_FIXED KIND=rule FILE=/tmp/audit-work/162-string-to-md5/reference-semantics/semantics/str.k LINES=59-59 ATTRS=-
  rule applyCmp(">=", str(A:IntSeq), str(B:IntSeq)) => notBool strLt(A, B)
INV-1060 SOURCE=SUPPLIED_FIXED KIND=endmodule FILE=/tmp/audit-work/162-string-to-md5/reference-semantics/semantics/str.k LINES=60-60 ATTRS=-
  endmodule
INV-1061 SOURCE=SUPPLIED_FIXED KIND=module FILE=/tmp/audit-work/162-string-to-md5/reference-semantics/semantics/subscript.k LINES=3-3 ATTRS=-
  module MPY-SUBSCRIPT
INV-1062 SOURCE=SUPPLIED_FIXED KIND=imports FILE=/tmp/audit-work/162-string-to-md5/reference-semantics/semantics/subscript.k LINES=4-4 ATTRS=-
  imports MPY-CORE
INV-1063 SOURCE=SUPPLIED_FIXED KIND=syntax FILE=/tmp/audit-work/162-string-to-md5/reference-semantics/semantics/subscript.k LINES=11-11 ATTRS=function,total
  syntax Val ::= valSeqAt(ValSeq, Int) [function, total]
INV-1064 SOURCE=SUPPLIED_FIXED KIND=rule FILE=/tmp/audit-work/162-string-to-md5/reference-semantics/semantics/subscript.k LINES=12-12 ATTRS=-
  rule valSeqAt(vCons(V:Val, _:ValSeq), 0) => V
INV-1065 SOURCE=SUPPLIED_FIXED KIND=rule FILE=/tmp/audit-work/162-string-to-md5/reference-semantics/semantics/subscript.k LINES=13-14 ATTRS=-
  rule valSeqAt(vCons(_:Val, S:ValSeq), I:Int) => valSeqAt(S, I -Int 1) requires I >Int 0
INV-1066 SOURCE=SUPPLIED_FIXED KIND=syntax FILE=/tmp/audit-work/162-string-to-md5/reference-semantics/semantics/subscript.k LINES=16-16 ATTRS=function
  syntax Int ::= intSeqAt(IntSeq, Int) [function]
INV-1067 SOURCE=SUPPLIED_FIXED KIND=rule FILE=/tmp/audit-work/162-string-to-md5/reference-semantics/semantics/subscript.k LINES=17-17 ATTRS=-
  rule intSeqAt(iCons(C:Int, _:IntSeq), 0) => C
INV-1068 SOURCE=SUPPLIED_FIXED KIND=rule FILE=/tmp/audit-work/162-string-to-md5/reference-semantics/semantics/subscript.k LINES=18-19 ATTRS=-
  rule intSeqAt(iCons(_:Int, S:IntSeq), I:Int) => intSeqAt(S, I -Int 1) requires I >Int 0
INV-1069 SOURCE=SUPPLIED_FIXED KIND=syntax FILE=/tmp/audit-work/162-string-to-md5/reference-semantics/semantics/subscript.k LINES=21-21 ATTRS=function,total
  syntax Int ::= normIdx(Int, Int) [function, total]
INV-1070 SOURCE=SUPPLIED_FIXED KIND=rule FILE=/tmp/audit-work/162-string-to-md5/reference-semantics/semantics/subscript.k LINES=22-22 ATTRS=-
  rule normIdx(I:Int, LEN:Int) => I +Int LEN requires I <Int 0
INV-1071 SOURCE=SUPPLIED_FIXED KIND=rule FILE=/tmp/audit-work/162-string-to-md5/reference-semantics/semantics/subscript.k LINES=23-23 ATTRS=-
  rule normIdx(I:Int, _:Int) => I requires I >=Int 0
INV-1072 SOURCE=SUPPLIED_FIXED KIND=context FILE=/tmp/audit-work/162-string-to-md5/reference-semantics/semantics/subscript.k LINES=27-27 ATTRS=-
  context Subscript(HOLE, _)
INV-1073 SOURCE=SUPPLIED_FIXED KIND=context FILE=/tmp/audit-work/162-string-to-md5/reference-semantics/semantics/subscript.k LINES=28-28 ATTRS=-
  context Subscript(_:Val, HOLE:Expr)
INV-1074 SOURCE=SUPPLIED_FIXED KIND=rule FILE=/tmp/audit-work/162-string-to-md5/reference-semantics/semantics/subscript.k LINES=31-33 ATTRS=priority
  rule <k> Subscript(ref(H:Int), IX:Index) => Subscript(V, IX) ... </k> <heap> ... H |-> V:Val ... </heap> [priority(40)]
INV-1075 SOURCE=SUPPLIED_FIXED KIND=rule FILE=/tmp/audit-work/162-string-to-md5/reference-semantics/semantics/subscript.k LINES=35-35 ATTRS=-
  rule <k> Subscript(OBJ:Val, I:Int) => applyIndex(OBJ, I) ... </k>
INV-1076 SOURCE=SUPPLIED_FIXED KIND=syntax FILE=/tmp/audit-work/162-string-to-md5/reference-semantics/semantics/subscript.k LINES=37-37 ATTRS=function
  syntax Val ::= applyIndex(Val, Int) [function]
INV-1077 SOURCE=SUPPLIED_FIXED KIND=rule FILE=/tmp/audit-work/162-string-to-md5/reference-semantics/semantics/subscript.k LINES=38-38 ATTRS=-
  rule applyIndex(list(VS:ValSeq), I:Int) => valSeqAt(VS, normIdx(I, vsLen(VS)))
INV-1078 SOURCE=SUPPLIED_FIXED KIND=rule FILE=/tmp/audit-work/162-string-to-md5/reference-semantics/semantics/subscript.k LINES=39-39 ATTRS=-
  rule applyIndex(tuple(VS:ValSeq), I:Int) => valSeqAt(VS, normIdx(I, vsLen(VS)))
INV-1079 SOURCE=SUPPLIED_FIXED KIND=rule FILE=/tmp/audit-work/162-string-to-md5/reference-semantics/semantics/subscript.k LINES=40-41 ATTRS=-
  rule applyIndex(str(IS:IntSeq), I:Int) => str(iCons(intSeqAt(IS, normIdx(I, isLen(IS))), .IntSeq))
INV-1080 SOURCE=SUPPLIED_FIXED KIND=syntax FILE=/tmp/audit-work/162-string-to-md5/reference-semantics/semantics/subscript.k LINES=44-47 ATTRS=-
  syntax KItem ::= #evalB(Bound) | "#toSome" | #slLo(Val, Bound, Bound) | #slHi(Val, OptInt, Bound) | #slStep(Val, OptInt, OptInt)
INV-1081 SOURCE=SUPPLIED_FIXED KIND=syntax FILE=/tmp/audit-work/162-string-to-md5/reference-semantics/semantics/subscript.k LINES=49-49 ATTRS=-
  syntax OptInt ::= "noB" | someB(Int)
INV-1082 SOURCE=SUPPLIED_FIXED KIND=rule FILE=/tmp/audit-work/162-string-to-md5/reference-semantics/semantics/subscript.k LINES=50-50 ATTRS=-
  rule <k> #evalB(NoBound) => noB ... </k>
INV-1083 SOURCE=SUPPLIED_FIXED KIND=rule FILE=/tmp/audit-work/162-string-to-md5/reference-semantics/semantics/subscript.k LINES=51-51 ATTRS=-
  rule <k> #evalB(E:Expr) => E ~> #toSome ... </k>
INV-1084 SOURCE=SUPPLIED_FIXED KIND=rule FILE=/tmp/audit-work/162-string-to-md5/reference-semantics/semantics/subscript.k LINES=52-52 ATTRS=-
  rule <k> I:Int ~> #toSome => someB(I) ... </k>
INV-1085 SOURCE=SUPPLIED_FIXED KIND=rule FILE=/tmp/audit-work/162-string-to-md5/reference-semantics/semantics/subscript.k LINES=54-54 ATTRS=-
  rule <k> Subscript(OBJ:Val, Slice(LO:Bound, HI:Bound, ST:Bound)) => #evalB(LO) ~> #slLo(OBJ, HI, ST) ... </k>
INV-1086 SOURCE=SUPPLIED_FIXED KIND=rule FILE=/tmp/audit-work/162-string-to-md5/reference-semantics/semantics/subscript.k LINES=55-55 ATTRS=-
  rule <k> LO:OptInt ~> #slLo(OBJ:Val, HI:Bound, ST:Bound) => #evalB(HI) ~> #slHi(OBJ, LO, ST) ... </k>
INV-1087 SOURCE=SUPPLIED_FIXED KIND=rule FILE=/tmp/audit-work/162-string-to-md5/reference-semantics/semantics/subscript.k LINES=56-56 ATTRS=-
  rule <k> HI:OptInt ~> #slHi(OBJ:Val, LO:OptInt, ST:Bound) => #evalB(ST) ~> #slStep(OBJ, LO, HI) ... </k>
INV-1088 SOURCE=SUPPLIED_FIXED KIND=rule FILE=/tmp/audit-work/162-string-to-md5/reference-semantics/semantics/subscript.k LINES=58-60 ATTRS=priority
  rule <k> ST:OptInt ~> #slStep(list(VS:ValSeq), LO:OptInt, HI:OptInt) => #alloc(doSlice(list(VS), LO, HI, ST)) ... </k> [priority(45)]
INV-1089 SOURCE=SUPPLIED_FIXED KIND=rule FILE=/tmp/audit-work/162-string-to-md5/reference-semantics/semantics/subscript.k LINES=61-61 ATTRS=-
  rule <k> ST:OptInt ~> #slStep(OBJ:Val, LO:OptInt, HI:OptInt) => doSlice(OBJ, LO, HI, ST) ... </k>
INV-1090 SOURCE=SUPPLIED_FIXED KIND=syntax FILE=/tmp/audit-work/162-string-to-md5/reference-semantics/semantics/subscript.k LINES=63-63 ATTRS=function
  syntax Val ::= doSlice(Val, OptInt, OptInt, OptInt) [function]
INV-1091 SOURCE=SUPPLIED_FIXED KIND=rule FILE=/tmp/audit-work/162-string-to-md5/reference-semantics/semantics/subscript.k LINES=64-65 ATTRS=-
  rule doSlice(list(VS:ValSeq), LO:OptInt, HI:OptInt, ST:OptInt) => list(buildVS(VS, slStart(LO, ST, vsLen(VS)), slStop(HI, ST, vsLen(VS)), slStep(ST)))
INV-1092 SOURCE=SUPPLIED_FIXED KIND=rule FILE=/tmp/audit-work/162-string-to-md5/reference-semantics/semantics/subscript.k LINES=66-67 ATTRS=-
  rule doSlice(tuple(VS:ValSeq), LO:OptInt, HI:OptInt, ST:OptInt) => tuple(buildVS(VS, slStart(LO, ST, vsLen(VS)), slStop(HI, ST, vsLen(VS)), slStep(ST)))
INV-1093 SOURCE=SUPPLIED_FIXED KIND=rule FILE=/tmp/audit-work/162-string-to-md5/reference-semantics/semantics/subscript.k LINES=68-69 ATTRS=-
  rule doSlice(str(IS:IntSeq), LO:OptInt, HI:OptInt, ST:OptInt) => str(buildIS(IS, slStart(LO, ST, isLen(IS)), slStop(HI, ST, isLen(IS)), slStep(ST)))
INV-1094 SOURCE=SUPPLIED_FIXED KIND=syntax FILE=/tmp/audit-work/162-string-to-md5/reference-semantics/semantics/subscript.k LINES=72-72 ATTRS=function,total
  syntax Int ::= slStep(OptInt) [function, total]
INV-1095 SOURCE=SUPPLIED_FIXED KIND=rule FILE=/tmp/audit-work/162-string-to-md5/reference-semantics/semantics/subscript.k LINES=73-73 ATTRS=-
  rule slStep(noB) => 1
INV-1096 SOURCE=SUPPLIED_FIXED KIND=rule FILE=/tmp/audit-work/162-string-to-md5/reference-semantics/semantics/subscript.k LINES=74-74 ATTRS=-
  rule slStep(someB(S:Int)) => S
INV-1097 SOURCE=SUPPLIED_FIXED KIND=syntax FILE=/tmp/audit-work/162-string-to-md5/reference-semantics/semantics/subscript.k LINES=76-76 ATTRS=function
  syntax Int ::= slStart(OptInt, OptInt, Int) [function]
INV-1098 SOURCE=SUPPLIED_FIXED KIND=rule FILE=/tmp/audit-work/162-string-to-md5/reference-semantics/semantics/subscript.k LINES=77-78 ATTRS=-
  rule slStart(noB, ST:OptInt, _LEN:Int) => 0 requires slStep(ST) >Int 0
INV-1099 SOURCE=SUPPLIED_FIXED KIND=rule FILE=/tmp/audit-work/162-string-to-md5/reference-semantics/semantics/subscript.k LINES=79-80 ATTRS=-
  rule slStart(noB, ST:OptInt, LEN:Int) => LEN -Int 1 requires slStep(ST) <Int 0
INV-1100 SOURCE=SUPPLIED_FIXED KIND=rule FILE=/tmp/audit-work/162-string-to-md5/reference-semantics/semantics/subscript.k LINES=81-81 ATTRS=-
  rule slStart(someB(I:Int), ST:OptInt, LEN:Int) => slAdjust(I, LEN, slStep(ST))
INV-1101 SOURCE=SUPPLIED_FIXED KIND=syntax FILE=/tmp/audit-work/162-string-to-md5/reference-semantics/semantics/subscript.k LINES=83-83 ATTRS=function
  syntax Int ::= slStop(OptInt, OptInt, Int) [function]
INV-1102 SOURCE=SUPPLIED_FIXED KIND=rule FILE=/tmp/audit-work/162-string-to-md5/reference-semantics/semantics/subscript.k LINES=84-85 ATTRS=-
  rule slStop(noB, ST:OptInt, LEN:Int) => LEN requires slStep(ST) >Int 0
INV-1103 SOURCE=SUPPLIED_FIXED KIND=rule FILE=/tmp/audit-work/162-string-to-md5/reference-semantics/semantics/subscript.k LINES=86-87 ATTRS=-
  rule slStop(noB, ST:OptInt, _LEN:Int) => -1 requires slStep(ST) <Int 0
INV-1104 SOURCE=SUPPLIED_FIXED KIND=rule FILE=/tmp/audit-work/162-string-to-md5/reference-semantics/semantics/subscript.k LINES=88-88 ATTRS=-
  rule slStop(someB(I:Int), ST:OptInt, LEN:Int) => slAdjust(I, LEN, slStep(ST))
INV-1105 SOURCE=SUPPLIED_FIXED KIND=syntax FILE=/tmp/audit-work/162-string-to-md5/reference-semantics/semantics/subscript.k LINES=90-90 ATTRS=function,total
  syntax Int ::= slAdjust(Int, Int, Int) [function, total]
INV-1106 SOURCE=SUPPLIED_FIXED KIND=rule FILE=/tmp/audit-work/162-string-to-md5/reference-semantics/semantics/subscript.k LINES=91-92 ATTRS=-
  rule slAdjust(I:Int, LEN:Int, STEP:Int) => clampLo(I +Int LEN, STEP) requires I <Int 0
INV-1107 SOURCE=SUPPLIED_FIXED KIND=rule FILE=/tmp/audit-work/162-string-to-md5/reference-semantics/semantics/subscript.k LINES=93-94 ATTRS=-
  rule slAdjust(I:Int, LEN:Int, STEP:Int) => clampHi(I, LEN, STEP) requires I >=Int 0
INV-1108 SOURCE=SUPPLIED_FIXED KIND=syntax FILE=/tmp/audit-work/162-string-to-md5/reference-semantics/semantics/subscript.k LINES=96-96 ATTRS=function,total
  syntax Int ::= clampLo(Int, Int) [function, total]
INV-1109 SOURCE=SUPPLIED_FIXED KIND=rule FILE=/tmp/audit-work/162-string-to-md5/reference-semantics/semantics/subscript.k LINES=97-98 ATTRS=-
  rule clampLo(J:Int, _STEP:Int) => J requires J >=Int 0
INV-1110 SOURCE=SUPPLIED_FIXED KIND=rule FILE=/tmp/audit-work/162-string-to-md5/reference-semantics/semantics/subscript.k LINES=99-100 ATTRS=-
  rule clampLo(J:Int, STEP:Int) => #if STEP <Int 0 #then -1 #else 0 #fi requires J <Int 0
INV-1111 SOURCE=SUPPLIED_FIXED KIND=syntax FILE=/tmp/audit-work/162-string-to-md5/reference-semantics/semantics/subscript.k LINES=102-102 ATTRS=function,total
  syntax Int ::= clampHi(Int, Int, Int) [function, total]
INV-1112 SOURCE=SUPPLIED_FIXED KIND=rule FILE=/tmp/audit-work/162-string-to-md5/reference-semantics/semantics/subscript.k LINES=103-104 ATTRS=-
  rule clampHi(I:Int, LEN:Int, _STEP:Int) => I requires I <Int LEN
INV-1113 SOURCE=SUPPLIED_FIXED KIND=rule FILE=/tmp/audit-work/162-string-to-md5/reference-semantics/semantics/subscript.k LINES=105-106 ATTRS=-
  rule clampHi(I:Int, LEN:Int, STEP:Int) => #if STEP <Int 0 #then LEN -Int 1 #else LEN #fi requires I >=Int LEN
INV-1114 SOURCE=SUPPLIED_FIXED KIND=syntax FILE=/tmp/audit-work/162-string-to-md5/reference-semantics/semantics/subscript.k LINES=109-109 ATTRS=function
  syntax ValSeq ::= buildVS(ValSeq, Int, Int, Int) [function]
INV-1115 SOURCE=SUPPLIED_FIXED KIND=rule FILE=/tmp/audit-work/162-string-to-md5/reference-semantics/semantics/subscript.k LINES=110-112 ATTRS=-
  rule buildVS(VS:ValSeq, I:Int, STOP:Int, STEP:Int) => vCons(valSeqAt(VS, I), buildVS(VS, I +Int STEP, STOP, STEP)) requires (STEP >Int 0 andBool I <Int STOP) orBool (STEP <Int 0 andBool I >Int STOP)
INV-1116 SOURCE=SUPPLIED_FIXED KIND=rule FILE=/tmp/audit-work/162-string-to-md5/reference-semantics/semantics/subscript.k LINES=113-114 ATTRS=-
  rule buildVS(_:ValSeq, I:Int, STOP:Int, STEP:Int) => .ValSeq requires notBool ((STEP >Int 0 andBool I <Int STOP) orBool (STEP <Int 0 andBool I >Int STOP))
INV-1117 SOURCE=SUPPLIED_FIXED KIND=syntax FILE=/tmp/audit-work/162-string-to-md5/reference-semantics/semantics/subscript.k LINES=116-116 ATTRS=function
  syntax IntSeq ::= buildIS(IntSeq, Int, Int, Int) [function]
INV-1118 SOURCE=SUPPLIED_FIXED KIND=rule FILE=/tmp/audit-work/162-string-to-md5/reference-semantics/semantics/subscript.k LINES=117-119 ATTRS=-
  rule buildIS(IS:IntSeq, I:Int, STOP:Int, STEP:Int) => iCons(intSeqAt(IS, I), buildIS(IS, I +Int STEP, STOP, STEP)) requires (STEP >Int 0 andBool I <Int STOP) orBool (STEP <Int 0 andBool I >Int STOP)
INV-1119 SOURCE=SUPPLIED_FIXED KIND=rule FILE=/tmp/audit-work/162-string-to-md5/reference-semantics/semantics/subscript.k LINES=120-121 ATTRS=-
  rule buildIS(_:IntSeq, I:Int, STOP:Int, STEP:Int) => .IntSeq requires notBool ((STEP >Int 0 andBool I <Int STOP) orBool (STEP <Int 0 andBool I >Int STOP))
INV-1120 SOURCE=SUPPLIED_FIXED KIND=endmodule FILE=/tmp/audit-work/162-string-to-md5/reference-semantics/semantics/subscript.k LINES=122-122 ATTRS=-
  endmodule
INV-1121 SOURCE=SUPPLIED_FIXED KIND=module FILE=/tmp/audit-work/162-string-to-md5/reference-semantics/semantics/syntax.k LINES=3-3 ATTRS=-
  module MPY-SYNTAX
INV-1122 SOURCE=SUPPLIED_FIXED KIND=imports FILE=/tmp/audit-work/162-string-to-md5/reference-semantics/semantics/syntax.k LINES=4-4 ATTRS=-
  imports INT-SYNTAX
INV-1123 SOURCE=SUPPLIED_FIXED KIND=imports FILE=/tmp/audit-work/162-string-to-md5/reference-semantics/semantics/syntax.k LINES=5-5 ATTRS=-
  imports FLOAT-SYNTAX
INV-1124 SOURCE=SUPPLIED_FIXED KIND=imports FILE=/tmp/audit-work/162-string-to-md5/reference-semantics/semantics/syntax.k LINES=6-6 ATTRS=-
  imports BOOL-SYNTAX
INV-1125 SOURCE=SUPPLIED_FIXED KIND=imports FILE=/tmp/audit-work/162-string-to-md5/reference-semantics/semantics/syntax.k LINES=7-7 ATTRS=-
  imports STRING-SYNTAX
INV-1126 SOURCE=SUPPLIED_FIXED KIND=syntax FILE=/tmp/audit-work/162-string-to-md5/reference-semantics/semantics/syntax.k LINES=9-30 ATTRS=strict,seqstrict,macro
  syntax Expr ::= "Int" "(" Int ")" | "Float" "(" Float ")" | "Bool" "(" Bool ")" | "Name" "(" String ")" | "Str" "(" String ")" | "UnaryOp" "(" String "," Expr ")" [strict(2)] | "BinOp" "(" String "," Expr "," Expr ")" [seqstrict(2, 3)] | "BoolOp" "(" String "," Exprs ")" | "ListExpr" "(" Exprs ")" | "DictExpr" "(" Entries ")" | "ListComp" "(" Expr "," CompFors ")" [macro] | "GenExp" "(" Expr "," CompFors ")" [macro] | "TupleExpr" "(" Exprs ")" | "Subscript" "(" Expr "," Index ")" | "IfExp" "(" Expr "," Expr "," Expr ")" [strict(1)] | "Lambda" "(" Params "," Expr ")" | "KwArg" "(" String "," Expr ")" | "Lambda" "(" Params "," CellVars "," FreeVars "," Expr ")" | "NoneVal" | "Call" "(" Expr "," Exprs ")" | "Attribute" "(" Expr "," String ")" [strict(1)] | "Compare" "(" Expr "," CmpOp ")"
INV-1127 SOURCE=SUPPLIED_FIXED KIND=syntax FILE=/tmp/audit-work/162-string-to-md5/reference-semantics/semantics/syntax.k LINES=32-32 ATTRS=-
  syntax CmpOp ::= "CmpOp" "(" String "," Expr ")"
INV-1128 SOURCE=SUPPLIED_FIXED KIND=syntax FILE=/tmp/audit-work/162-string-to-md5/reference-semantics/semantics/syntax.k LINES=33-33 ATTRS=-
  syntax Entry ::= "Entry" "(" Expr "," Expr ")"
INV-1129 SOURCE=SUPPLIED_FIXED KIND=syntax FILE=/tmp/audit-work/162-string-to-md5/reference-semantics/semantics/syntax.k LINES=34-34 ATTRS=-
  syntax Entries ::= List{Entry, ","}
INV-1130 SOURCE=SUPPLIED_FIXED KIND=syntax FILE=/tmp/audit-work/162-string-to-md5/reference-semantics/semantics/syntax.k LINES=35-35 ATTRS=-
  syntax CompFor ::= "CompFor" "(" Expr "," Expr "," Exprs ")"
INV-1131 SOURCE=SUPPLIED_FIXED KIND=syntax FILE=/tmp/audit-work/162-string-to-md5/reference-semantics/semantics/syntax.k LINES=36-36 ATTRS=-
  syntax CompFors ::= List{CompFor, ""}
INV-1132 SOURCE=SUPPLIED_FIXED KIND=syntax FILE=/tmp/audit-work/162-string-to-md5/reference-semantics/semantics/syntax.k LINES=37-37 ATTRS=-
  syntax Exprs ::= List{Expr, ","}
INV-1133 SOURCE=SUPPLIED_FIXED KIND=syntax FILE=/tmp/audit-work/162-string-to-md5/reference-semantics/semantics/syntax.k LINES=38-38 ATTRS=-
  syntax Index ::= Expr | "Slice" "(" Bound "," Bound "," Bound ")"
INV-1134 SOURCE=SUPPLIED_FIXED KIND=syntax FILE=/tmp/audit-work/162-string-to-md5/reference-semantics/semantics/syntax.k LINES=39-39 ATTRS=-
  syntax Bound ::= Expr | "NoBound"
INV-1135 SOURCE=SUPPLIED_FIXED KIND=syntax FILE=/tmp/audit-work/162-string-to-md5/reference-semantics/semantics/syntax.k LINES=41-54 ATTRS=strict
  syntax Stmt ::= "Assign" "(" Expr "," Expr ")" [strict(2)] | "Import" "(" String ")" | "ImportFrom" "(" String "," ParamNames ")" | "AugAssign" "(" Expr "," String "," Expr ")" [strict(3)] | "For" "(" Expr "," Expr "," Stmts ")" [strict(2)] | "While" "(" Expr "," Stmts ")" | "Break" | "Continue" | "If" "(" Expr "," Stmts "," Stmts ")" [strict(1)] | "Return" "(" Expr ")" [strict] | "Assert" "(" Expr ")" [strict] | "Expr" "(" Expr ")" [strict] | "FuncDef" "(" String "," Params "," Stmts ")" | "FuncDef" "(" String "," Params "," CellVars "," FreeVars "," Stmts ")"
INV-1136 SOURCE=SUPPLIED_FIXED KIND=syntax FILE=/tmp/audit-work/162-string-to-md5/reference-semantics/semantics/syntax.k LINES=56-56 ATTRS=-
  syntax Stmts ::= List{Stmt, ""}
INV-1137 SOURCE=SUPPLIED_FIXED KIND=syntax FILE=/tmp/audit-work/162-string-to-md5/reference-semantics/semantics/syntax.k LINES=57-57 ATTRS=-
  syntax Params ::= "Params" "(" ParamNames ")"
INV-1138 SOURCE=SUPPLIED_FIXED KIND=syntax FILE=/tmp/audit-work/162-string-to-md5/reference-semantics/semantics/syntax.k LINES=58-58 ATTRS=-
  syntax CellVars ::= "CellVars" "(" ParamNames ")"
INV-1139 SOURCE=SUPPLIED_FIXED KIND=syntax FILE=/tmp/audit-work/162-string-to-md5/reference-semantics/semantics/syntax.k LINES=59-59 ATTRS=-
  syntax FreeVars ::= "FreeVars" "(" ParamNames ")"
INV-1140 SOURCE=SUPPLIED_FIXED KIND=syntax FILE=/tmp/audit-work/162-string-to-md5/reference-semantics/semantics/syntax.k LINES=60-60 ATTRS=-
  syntax ParamNames ::= List{String, ","}
INV-1141 SOURCE=SUPPLIED_FIXED KIND=syntax FILE=/tmp/audit-work/162-string-to-md5/reference-semantics/semantics/syntax.k LINES=61-61 ATTRS=-
  syntax Module ::= "Module" "(" Stmts ")"
INV-1142 SOURCE=SUPPLIED_FIXED KIND=endmodule FILE=/tmp/audit-work/162-string-to-md5/reference-semantics/semantics/syntax.k LINES=62-62 ATTRS=-
  endmodule
INV-1143 SOURCE=SUPPLIED_FIXED KIND=module FILE=/tmp/audit-work/162-string-to-md5/reference-semantics/semantics/tuple.k LINES=3-3 ATTRS=-
  module MPY-TUPLE
INV-1144 SOURCE=SUPPLIED_FIXED KIND=imports FILE=/tmp/audit-work/162-string-to-md5/reference-semantics/semantics/tuple.k LINES=4-4 ATTRS=-
  imports MPY-CORE
INV-1145 SOURCE=SUPPLIED_FIXED KIND=imports FILE=/tmp/audit-work/162-string-to-md5/reference-semantics/semantics/tuple.k LINES=5-5 ATTRS=-
  imports MPY-ITER
INV-1146 SOURCE=SUPPLIED_FIXED KIND=imports FILE=/tmp/audit-work/162-string-to-md5/reference-semantics/semantics/tuple.k LINES=6-6 ATTRS=-
  imports MPY-LIST
INV-1147 SOURCE=SUPPLIED_FIXED KIND=imports FILE=/tmp/audit-work/162-string-to-md5/reference-semantics/semantics/tuple.k LINES=7-7 ATTRS=-
  imports MPY-METHODS
INV-1148 SOURCE=SUPPLIED_FIXED KIND=rule FILE=/tmp/audit-work/162-string-to-md5/reference-semantics/semantics/tuple.k LINES=10-10 ATTRS=-
  rule <k> #iterNext(tuple(.ValSeq)) => #iterDone ... </k>
INV-1149 SOURCE=SUPPLIED_FIXED KIND=rule FILE=/tmp/audit-work/162-string-to-md5/reference-semantics/semantics/tuple.k LINES=11-11 ATTRS=-
  rule <k> #iterNext(tuple(vCons(V:Val, R:ValSeq))) => #iterYield(V, tuple(R)) ... </k>
INV-1150 SOURCE=SUPPLIED_FIXED KIND=syntax FILE=/tmp/audit-work/162-string-to-md5/reference-semantics/semantics/tuple.k LINES=14-14 ATTRS=-
  syntax ApplyK ::= "toTuple"
INV-1151 SOURCE=SUPPLIED_FIXED KIND=rule FILE=/tmp/audit-work/162-string-to-md5/reference-semantics/semantics/tuple.k LINES=15-15 ATTRS=-
  rule <k> TupleExpr(ES:Exprs) => #evalArgs(ES, .Vals, toTuple) ... </k>
INV-1152 SOURCE=SUPPLIED_FIXED KIND=rule FILE=/tmp/audit-work/162-string-to-md5/reference-semantics/semantics/tuple.k LINES=16-16 ATTRS=-
  rule <k> #applyK(toTuple, ACC:Vals) => tuple(vals2valSeq(ACC)) ... </k>
INV-1153 SOURCE=SUPPLIED_FIXED KIND=rule FILE=/tmp/audit-work/162-string-to-md5/reference-semantics/semantics/tuple.k LINES=18-18 ATTRS=-
  rule applyCmp("==", tuple(A:ValSeq), tuple(B:ValSeq)) => A ==K B
INV-1154 SOURCE=SUPPLIED_FIXED KIND=rule FILE=/tmp/audit-work/162-string-to-md5/reference-semantics/semantics/tuple.k LINES=20-20 ATTRS=-
  rule <k> Compare(LV:Val, CmpOp("in", tuple(VS:ValSeq))) => #memberAcc(LV, tuple(VS)) ... </k>
INV-1155 SOURCE=SUPPLIED_FIXED KIND=rule FILE=/tmp/audit-work/162-string-to-md5/reference-semantics/semantics/tuple.k LINES=21-21 ATTRS=-
  rule <k> Compare(LV:Val, CmpOp("not in", tuple(VS:ValSeq))) => #memberAcc(LV, tuple(VS)) ~> #notB ... </k>
INV-1156 SOURCE=SUPPLIED_FIXED KIND=rule FILE=/tmp/audit-work/162-string-to-md5/reference-semantics/semantics/tuple.k LINES=23-23 ATTRS=-
  rule applyMethod(tuple(VS:ValSeq), "index", V:Val, .Vals) => idxOfVS(VS, V, 0)
INV-1157 SOURCE=SUPPLIED_FIXED KIND=syntax FILE=/tmp/audit-work/162-string-to-md5/reference-semantics/semantics/tuple.k LINES=24-24 ATTRS=function
  syntax Int ::= idxOfVS(ValSeq, Val, Int) [function]
INV-1158 SOURCE=SUPPLIED_FIXED KIND=rule FILE=/tmp/audit-work/162-string-to-md5/reference-semantics/semantics/tuple.k LINES=25-25 ATTRS=-
  rule idxOfVS(vCons(A:Val, _:ValSeq), V:Val, I:Int) => I requires A ==K V
INV-1159 SOURCE=SUPPLIED_FIXED KIND=rule FILE=/tmp/audit-work/162-string-to-md5/reference-semantics/semantics/tuple.k LINES=26-27 ATTRS=-
  rule idxOfVS(vCons(A:Val, R:ValSeq), V:Val, I:Int) => idxOfVS(R, V, I +Int 1) requires notBool (A ==K V)
INV-1160 SOURCE=SUPPLIED_FIXED KIND=rule FILE=/tmp/audit-work/162-string-to-md5/reference-semantics/semantics/tuple.k LINES=28-28 ATTRS=-
  rule applyCmp("!=", tuple(A:ValSeq), tuple(B:ValSeq)) => notBool (A ==K B)
INV-1161 SOURCE=SUPPLIED_FIXED KIND=syntax FILE=/tmp/audit-work/162-string-to-md5/reference-semantics/semantics/tuple.k LINES=31-31 ATTRS=-
  syntax KItem ::= #bindTgt(Expr, Val)
INV-1162 SOURCE=SUPPLIED_FIXED KIND=rule FILE=/tmp/audit-work/162-string-to-md5/reference-semantics/semantics/tuple.k LINES=32-34 ATTRS=-
  rule <k> #bindTgt(Name(X:String), V:Val) => .K ... </k> <env> L:Int </env> <scopes> ... L |-> scope(M:Map => M [ X <- V ], _) ... </scopes>
INV-1163 SOURCE=SUPPLIED_FIXED KIND=rule FILE=/tmp/audit-work/162-string-to-md5/reference-semantics/semantics/tuple.k LINES=35-41 ATTRS=priority
  rule <k> #bindTgt(Name(X:String), V:Val) => #cellW({M[X]}:>Val, V) ... </k> <env> L:Int </env> <scopes> ... L |-> scope(M:Map, _) ... </scopes> requires "$cells" in_keys(M) andBool pnMember(X, cellsOf({M["$cells"]}:>Val)) andBool X in_keys(M) andBool isCellRef({M[X]}:>Val) [priority(40)]
INV-1164 SOURCE=SUPPLIED_FIXED KIND=rule FILE=/tmp/audit-work/162-string-to-md5/reference-semantics/semantics/tuple.k LINES=42-42 ATTRS=-
  rule <k> #bindTgt(TupleExpr(TS:Exprs), tuple(VS:ValSeq)) => #unpackSeq(TS, VS) ... </k>
INV-1165 SOURCE=SUPPLIED_FIXED KIND=rule FILE=/tmp/audit-work/162-string-to-md5/reference-semantics/semantics/tuple.k LINES=43-43 ATTRS=-
  rule <k> #bindTgt(TupleExpr(TS:Exprs), list(VS:ValSeq)) => #unpackSeq(TS, VS) ... </k>
INV-1166 SOURCE=SUPPLIED_FIXED KIND=rule FILE=/tmp/audit-work/162-string-to-md5/reference-semantics/semantics/tuple.k LINES=44-46 ATTRS=priority
  rule <k> #bindTgt(TupleExpr(TS:Exprs), ref(H:Int)) => #bindTgt(TupleExpr(TS), V) ... </k> <heap> ... H |-> V:Val ... </heap> [priority(40)]
INV-1167 SOURCE=SUPPLIED_FIXED KIND=syntax FILE=/tmp/audit-work/162-string-to-md5/reference-semantics/semantics/tuple.k LINES=49-49 ATTRS=-
  syntax KItem ::= #unpackSeq(Exprs, ValSeq)
INV-1168 SOURCE=SUPPLIED_FIXED KIND=rule FILE=/tmp/audit-work/162-string-to-md5/reference-semantics/semantics/tuple.k LINES=50-50 ATTRS=-
  rule <k> Assign(TupleExpr(TS:Exprs), tuple(VS:ValSeq)) => #unpackSeq(TS, VS) ... </k>
INV-1169 SOURCE=SUPPLIED_FIXED KIND=rule FILE=/tmp/audit-work/162-string-to-md5/reference-semantics/semantics/tuple.k LINES=51-51 ATTRS=-
  rule <k> Assign(TupleExpr(TS:Exprs), list(VS:ValSeq)) => #unpackSeq(TS, VS) ... </k>
INV-1170 SOURCE=SUPPLIED_FIXED KIND=rule FILE=/tmp/audit-work/162-string-to-md5/reference-semantics/semantics/tuple.k LINES=52-54 ATTRS=priority
  rule <k> Assign(TupleExpr(TS:Exprs), ref(H:Int)) => Assign(TupleExpr(TS), V) ... </k> <heap> ... H |-> V:Val ... </heap> [priority(40)]
INV-1171 SOURCE=SUPPLIED_FIXED KIND=rule FILE=/tmp/audit-work/162-string-to-md5/reference-semantics/semantics/tuple.k LINES=55-56 ATTRS=-
  rule <k> #unpackSeq((T:Expr, TS:Exprs), vCons(V:Val, VS:ValSeq)) => #bindTgt(T, V) ~> #unpackSeq(TS, VS) ... </k>
INV-1172 SOURCE=SUPPLIED_FIXED KIND=rule FILE=/tmp/audit-work/162-string-to-md5/reference-semantics/semantics/tuple.k LINES=57-57 ATTRS=-
  rule <k> #unpackSeq(.Exprs, .ValSeq) => .K ... </k>
INV-1173 SOURCE=SUPPLIED_FIXED KIND=endmodule FILE=/tmp/audit-work/162-string-to-md5/reference-semantics/semantics/tuple.k LINES=58-58 ATTRS=-
  endmodule
INV-1174 SOURCE=CANDIDATE KIND=requires FILE=/tmp/audit-work/162-string-to-md5/verification.k LINES=1-1 ATTRS=-
  requires "reference-semantics/semantics.k"
INV-1175 SOURCE=CANDIDATE KIND=module FILE=/tmp/audit-work/162-string-to-md5/verification.k LINES=3-3 ATTRS=-
  module VERIFICATION
INV-1176 SOURCE=CANDIDATE KIND=imports FILE=/tmp/audit-work/162-string-to-md5/verification.k LINES=4-4 ATTRS=-
  imports MPY
INV-1177 SOURCE=CANDIDATE KIND=endmodule FILE=/tmp/audit-work/162-string-to-md5/verification.k LINES=5-5 ATTRS=-
  endmodule
INV-1178 SOURCE=CANDIDATE KIND=requires FILE=/tmp/audit-work/162-string-to-md5/spec.k LINES=1-1 ATTRS=-
  requires "verification.k"
INV-1179 SOURCE=CANDIDATE KIND=module FILE=/tmp/audit-work/162-string-to-md5/spec.k LINES=3-3 ATTRS=-
  module SPEC
INV-1180 SOURCE=CANDIDATE KIND=imports FILE=/tmp/audit-work/162-string-to-md5/spec.k LINES=4-4 ATTRS=-
  imports VERIFICATION
INV-1181 SOURCE=CANDIDATE KIND=claim FILE=/tmp/audit-work/162-string-to-md5/spec.k LINES=6-56 ATTRS=-
  claim [empty-input]: <k> #loadAll(Module( Import("hashlib") FuncDef("string_to_md5", Params("text"), If(Compare(Name("text"), CmpOp("==", Str(""))), Return(NoneVal), .Stmts) Return( Call( Attribute( Call( Attribute(Name("hashlib"), "md5"), Call(Attribute(Name("text"), "encode"), Str("utf-8"))), "hexdigest"), .Exprs))) Assign( Name("result"), Call(Name("string_to_md5"), str(.IntSeq))) )) => .K </k> <env> 0 </env> <scopes> 0 |-> scope( .Map => "string_to_md5" |-> closureVal( "text", If(Compare(Name("text"), CmpOp("==", Str(""))), Return(NoneVal), .Stmts) Return( Call( Attribute( Call( Attribute(Name("hashlib"), "md5"), Call(Attribute(Name("text"), "encode"), Str("utf-8"))), "hexdigest"), .Exprs)), 0) "result" |-> noneV, parent(-1)) -1 |-> builtinsScope </scopes> <scopeLoc> 1 </scopeLoc> <heap> .Map </heap> <heapLoc> 0 </heapLoc> <stack> .List </stack> <ret> noRet </ret> <exc> NoExc </exc> <exit-code> 0 </exit-code>
INV-1182 SOURCE=CANDIDATE KIND=claim FILE=/tmp/audit-work/162-string-to-md5/spec.k LINES=58-109 ATTRS=-
  claim [nonempty-input]: <k> #loadAll(Module( Import("hashlib") FuncDef("string_to_md5", Params("text"), If(Compare(Name("text"), CmpOp("==", Str(""))), Return(NoneVal), .Stmts) Return( Call( Attribute( Call( Attribute(Name("hashlib"), "md5"), Call(Attribute(Name("text"), "encode"), Str("utf-8"))), "hexdigest"), .Exprs))) Assign( Name("result"), Call(Name("string_to_md5"), str(CS:IntSeq))) )) => .K </k> <env> 0 </env> <scopes> 0 |-> scope( .Map => "string_to_md5" |-> closureVal( "text", If(Compare(Name("text"), CmpOp("==", Str(""))), Return(NoneVal), .Stmts) Return( Call( Attribute( Call( Attribute(Name("hashlib"), "md5"), Call(Attribute(Name("text"), "encode"), Str("utf-8"))), "hexdigest"), .Exprs)), 0) "result" |-> str(md5hexCodes(CS)), parent(-1)) -1 |-> builtinsScope </scopes> <scopeLoc> 1 </scopeLoc> <heap> .Map </heap> <heapLoc> 0 </heapLoc> <stack> .List </stack> <ret> noRet </ret> <exc> NoExc </exc> <exit-code> 0 </exit-code> requires notBool (CS ==K .IntSeq)
INV-1183 SOURCE=CANDIDATE KIND=endmodule FILE=/tmp/audit-work/162-string-to-md5/spec.k LINES=110-110 ATTRS=-
  endmodule

== Function-like declaration coverage heuristic ==
FUNCTION_SYMBOL=absF HAS_DIRECT_RULE=true
FUNCTION_SYMBOL=addF HAS_DIRECT_RULE=true
FUNCTION_SYMBOL=allAlpha HAS_DIRECT_RULE=true
FUNCTION_SYMBOL=allDigit HAS_DIRECT_RULE=true
FUNCTION_SYMBOL=appendIE HAS_DIRECT_RULE=true
FUNCTION_SYMBOL=appendOpE HAS_DIRECT_RULE=true
FUNCTION_SYMBOL=appendVal HAS_DIRECT_RULE=true
FUNCTION_SYMBOL=applyBin HAS_DIRECT_RULE=true
FUNCTION_SYMBOL=applyBuiltin HAS_DIRECT_RULE=true
FUNCTION_SYMBOL=applyCmp HAS_DIRECT_RULE=true
FUNCTION_SYMBOL=applyIndex HAS_DIRECT_RULE=true
FUNCTION_SYMBOL=applyIndexD HAS_DIRECT_RULE=true
FUNCTION_SYMBOL=applyMethod HAS_DIRECT_RULE=true
FUNCTION_SYMBOL=applyOpE HAS_DIRECT_RULE=true
FUNCTION_SYMBOL=applyUn HAS_DIRECT_RULE=true
FUNCTION_SYMBOL=binAcc HAS_DIRECT_RULE=true
FUNCTION_SYMBOL=binCodes HAS_DIRECT_RULE=true
FUNCTION_SYMBOL=boolAsInt HAS_DIRECT_RULE=true
FUNCTION_SYMBOL=buildIS HAS_DIRECT_RULE=true
FUNCTION_SYMBOL=buildVS HAS_DIRECT_RULE=true
FUNCTION_SYMBOL=ceilF HAS_DIRECT_RULE=true
FUNCTION_SYMBOL=cellsOf HAS_DIRECT_RULE=true
FUNCTION_SYMBOL=charsOf HAS_DIRECT_RULE=true
FUNCTION_SYMBOL=clampHi HAS_DIRECT_RULE=true
FUNCTION_SYMBOL=clampLo HAS_DIRECT_RULE=true
FUNCTION_SYMBOL=cntOccVS HAS_DIRECT_RULE=true
FUNCTION_SYMBOL=cntSub HAS_DIRECT_RULE=true
FUNCTION_SYMBOL=codeIn HAS_DIRECT_RULE=true
FUNCTION_SYMBOL=condRev HAS_DIRECT_RULE=true
FUNCTION_SYMBOL=dGet HAS_DIRECT_RULE=true
FUNCTION_SYMBOL=dHasKey HAS_DIRECT_RULE=true
FUNCTION_SYMBOL=dPutK HAS_DIRECT_RULE=true
FUNCTION_SYMBOL=dPutV HAS_DIRECT_RULE=true
FUNCTION_SYMBOL=dSubset HAS_DIRECT_RULE=true
FUNCTION_SYMBOL=decStrToF HAS_DIRECT_RULE=true
FUNCTION_SYMBOL=dedupCodes HAS_DIRECT_RULE=true
FUNCTION_SYMBOL=dedupFrom HAS_DIRECT_RULE=true
FUNCTION_SYMBOL=deepEqV HAS_DIRECT_RULE=true
FUNCTION_SYMBOL=deepEqVS HAS_DIRECT_RULE=true
FUNCTION_SYMBOL=dictSet HAS_DIRECT_RULE=true
FUNCTION_SYMBOL=divF HAS_DIRECT_RULE=true
FUNCTION_SYMBOL=divFloatIntV HAS_DIRECT_RULE=true
FUNCTION_SYMBOL=divII HAS_DIRECT_RULE=true
FUNCTION_SYMBOL=doSlice HAS_DIRECT_RULE=true
FUNCTION_SYMBOL=dropIS HAS_DIRECT_RULE=true
FUNCTION_SYMBOL=enumVS HAS_DIRECT_RULE=true
FUNCTION_SYMBOL=eqF HAS_DIRECT_RULE=true
FUNCTION_SYMBOL=eqIF HAS_DIRECT_RULE=true
FUNCTION_SYMBOL=evDigit HAS_DIRECT_RULE=true
FUNCTION_SYMBOL=evHead42 HAS_DIRECT_RULE=true
FUNCTION_SYMBOL=evHead47 HAS_DIRECT_RULE=true
FUNCTION_SYMBOL=evalArith HAS_DIRECT_RULE=true
FUNCTION_SYMBOL=firstNdE HAS_DIRECT_RULE=true
FUNCTION_SYMBOL=floatFinite HAS_DIRECT_RULE=true
FUNCTION_SYMBOL=floatLt HAS_DIRECT_RULE=true
FUNCTION_SYMBOL=floatMod HAS_DIRECT_RULE=true
FUNCTION_SYMBOL=floorFI HAS_DIRECT_RULE=true
FUNCTION_SYMBOL=flushTok HAS_DIRECT_RULE=true
FUNCTION_SYMBOL=fracAcc HAS_DIRECT_RULE=true
FUNCTION_SYMBOL=fracPart HAS_DIRECT_RULE=true
FUNCTION_SYMBOL=fracScale HAS_DIRECT_RULE=true
FUNCTION_SYMBOL=fscAcc HAS_DIRECT_RULE=true
FUNCTION_SYMBOL=gtF HAS_DIRECT_RULE=true
FUNCTION_SYMBOL=hasLower HAS_DIRECT_RULE=true
FUNCTION_SYMBOL=hasRefVS HAS_DIRECT_RULE=true
FUNCTION_SYMBOL=hasUpper HAS_DIRECT_RULE=true
FUNCTION_SYMBOL=headIS HAS_DIRECT_RULE=true
FUNCTION_SYMBOL=idxOfVS HAS_DIRECT_RULE=true
FUNCTION_SYMBOL=inLevelE HAS_DIRECT_RULE=true
FUNCTION_SYMBOL=inRange HAS_DIRECT_RULE=true
FUNCTION_SYMBOL=insPair HAS_DIRECT_RULE=true
FUNCTION_SYMBOL=insVS HAS_DIRECT_RULE=true
FUNCTION_SYMBOL=insVSn HAS_DIRECT_RULE=true
FUNCTION_SYMBOL=insVSs HAS_DIRECT_RULE=true
FUNCTION_SYMBOL=intDigAcc HAS_DIRECT_RULE=true
FUNCTION_SYMBOL=intFloatDiv HAS_DIRECT_RULE=true
FUNCTION_SYMBOL=intOf HAS_DIRECT_RULE=true
FUNCTION_SYMBOL=intPart HAS_DIRECT_RULE=true
FUNCTION_SYMBOL=intPartAcc HAS_DIRECT_RULE=true
FUNCTION_SYMBOL=intSeqAt HAS_DIRECT_RULE=true
FUNCTION_SYMBOL=intToF HAS_DIRECT_RULE=true
FUNCTION_SYMBOL=isAlphaC HAS_DIRECT_RULE=true
FUNCTION_SYMBOL=isArithOp HAS_DIRECT_RULE=true
FUNCTION_SYMBOL=isCellRef HAS_DIRECT_RULE=true
FUNCTION_SYMBOL=isDigitC HAS_DIRECT_RULE=true
FUNCTION_SYMBOL=isEqOrdOp HAS_DIRECT_RULE=true
FUNCTION_SYMBOL=isIntV HAS_DIRECT_RULE=true
FUNCTION_SYMBOL=isKwV HAS_DIRECT_RULE=true
FUNCTION_SYMBOL=isLen HAS_DIRECT_RULE=true
FUNCTION_SYMBOL=isLowerC HAS_DIRECT_RULE=true
FUNCTION_SYMBOL=isMutMethod HAS_DIRECT_RULE=true
FUNCTION_SYMBOL=isOrdOp HAS_DIRECT_RULE=true
FUNCTION_SYMBOL=isRefV HAS_DIRECT_RULE=true
FUNCTION_SYMBOL=isStrV HAS_DIRECT_RULE=true
FUNCTION_SYMBOL=isUpperC HAS_DIRECT_RULE=true
FUNCTION_SYMBOL=isWSC HAS_DIRECT_RULE=true
FUNCTION_SYMBOL=joinCodes HAS_DIRECT_RULE=true
FUNCTION_SYMBOL=kLt HAS_DIRECT_RULE=true
FUNCTION_SYMBOL=lowerC HAS_DIRECT_RULE=true
FUNCTION_SYMBOL=ltFI HAS_DIRECT_RULE=true
FUNCTION_SYMBOL=ltIF HAS_DIRECT_RULE=true
FUNCTION_SYMBOL=mapLower HAS_DIRECT_RULE=true
FUNCTION_SYMBOL=mapStrVS HAS_DIRECT_RULE=true
FUNCTION_SYMBOL=mapSwap HAS_DIRECT_RULE=true
FUNCTION_SYMBOL=mapUpper HAS_DIRECT_RULE=true
FUNCTION_SYMBOL=maxVals HAS_DIRECT_RULE=true
FUNCTION_SYMBOL=md5hexCodes HAS_DIRECT_RULE=false
FUNCTION_SYMBOL=minVals HAS_DIRECT_RULE=true
FUNCTION_SYMBOL=mulF HAS_DIRECT_RULE=true
FUNCTION_SYMBOL=normIdx HAS_DIRECT_RULE=true
FUNCTION_SYMBOL=normIdxD HAS_DIRECT_RULE=true
FUNCTION_SYMBOL=numOrKEq HAS_DIRECT_RULE=true
FUNCTION_SYMBOL=passAddE HAS_DIRECT_RULE=true
FUNCTION_SYMBOL=passLGoE HAS_DIRECT_RULE=true
FUNCTION_SYMBOL=passMulE HAS_DIRECT_RULE=true
FUNCTION_SYMBOL=passPowE HAS_DIRECT_RULE=true
FUNCTION_SYMBOL=pnMember HAS_DIRECT_RULE=true
FUNCTION_SYMBOL=powCarryE HAS_DIRECT_RULE=true
FUNCTION_SYMBOL=powCombE HAS_DIRECT_RULE=true
FUNCTION_SYMBOL=powF HAS_DIRECT_RULE=true
FUNCTION_SYMBOL=pyMod HAS_DIRECT_RULE=true
FUNCTION_SYMBOL=rExDenom HAS_DIRECT_RULE=true
FUNCTION_SYMBOL=rExK HAS_DIRECT_RULE=true
FUNCTION_SYMBOL=rExNumer HAS_DIRECT_RULE=true
FUNCTION_SYMBOL=rangeLen HAS_DIRECT_RULE=true
FUNCTION_SYMBOL=replaceC HAS_DIRECT_RULE=true
FUNCTION_SYMBOL=revIS HAS_DIRECT_RULE=true
FUNCTION_SYMBOL=revISAcc HAS_DIRECT_RULE=true
FUNCTION_SYMBOL=revVS HAS_DIRECT_RULE=true
FUNCTION_SYMBOL=revVSAcc HAS_DIRECT_RULE=true
FUNCTION_SYMBOL=rheToFloat HAS_DIRECT_RULE=true
FUNCTION_SYMBOL=rndHE HAS_DIRECT_RULE=true
FUNCTION_SYMBOL=rndHalfEven HAS_DIRECT_RULE=true
FUNCTION_SYMBOL=roundExactFN HAS_DIRECT_RULE=true
FUNCTION_SYMBOL=roundF HAS_DIRECT_RULE=true
FUNCTION_SYMBOL=roundFN HAS_DIRECT_RULE=true
FUNCTION_SYMBOL=sameSet HAS_DIRECT_RULE=true
FUNCTION_SYMBOL=seqConcat HAS_DIRECT_RULE=true
FUNCTION_SYMBOL=seqLen HAS_DIRECT_RULE=true
FUNCTION_SYMBOL=setVSAt HAS_DIRECT_RULE=true
FUNCTION_SYMBOL=slAdjust HAS_DIRECT_RULE=true
FUNCTION_SYMBOL=slStart HAS_DIRECT_RULE=true
FUNCTION_SYMBOL=slStep HAS_DIRECT_RULE=true
FUNCTION_SYMBOL=slStop HAS_DIRECT_RULE=true
FUNCTION_SYMBOL=snocCode HAS_DIRECT_RULE=true
FUNCTION_SYMBOL=sortKeyVS HAS_DIRECT_RULE=false
FUNCTION_SYMBOL=sortVS HAS_DIRECT_RULE=true
FUNCTION_SYMBOL=splitSep HAS_DIRECT_RULE=true
FUNCTION_SYMBOL=splitWS HAS_DIRECT_RULE=true
FUNCTION_SYMBOL=sqrtF HAS_DIRECT_RULE=true
FUNCTION_SYMBOL=startsWith HAS_DIRECT_RULE=true
FUNCTION_SYMBOL=strContains HAS_DIRECT_RULE=true
FUNCTION_SYMBOL=strLt HAS_DIRECT_RULE=true
FUNCTION_SYMBOL=strPrefix HAS_DIRECT_RULE=true
FUNCTION_SYMBOL=strToCodes HAS_DIRECT_RULE=true
FUNCTION_SYMBOL=subF HAS_DIRECT_RULE=true
FUNCTION_SYMBOL=subsetCodes HAS_DIRECT_RULE=true
FUNCTION_SYMBOL=swapC HAS_DIRECT_RULE=true
FUNCTION_SYMBOL=toF HAS_DIRECT_RULE=true
FUNCTION_SYMBOL=tokNdAcc HAS_DIRECT_RULE=true
FUNCTION_SYMBOL=tokNds HAS_DIRECT_RULE=true
FUNCTION_SYMBOL=tokOps HAS_DIRECT_RULE=true
FUNCTION_SYMBOL=trimWS HAS_DIRECT_RULE=true
FUNCTION_SYMBOL=truncF HAS_DIRECT_RULE=true
FUNCTION_SYMBOL=truthy HAS_DIRECT_RULE=true
FUNCTION_SYMBOL=unpairVS HAS_DIRECT_RULE=true
FUNCTION_SYMBOL=upperC HAS_DIRECT_RULE=true
FUNCTION_SYMBOL=valSeqAt HAS_DIRECT_RULE=true
FUNCTION_SYMBOL=valSeqConcat HAS_DIRECT_RULE=true
FUNCTION_SYMBOL=vals2valSeq HAS_DIRECT_RULE=true
FUNCTION_SYMBOL=vsLen HAS_DIRECT_RULE=true

== Attribute totals over declaration blocks ==
ATTRIBUTE=function BLOCKS=160
ATTRIBUTE=total BLOCKS=113
ATTRIBUTE=functional BLOCKS=0
ATTRIBUTE=symbol BLOCKS=27
ATTRIBUTE=no-evaluators BLOCKS=24
ATTRIBUTE=simplification BLOCKS=0
ATTRIBUTE=concrete BLOCKS=60
ATTRIBUTE=priority BLOCKS=48
ATTRIBUTE=owise BLOCKS=28
ATTRIBUTE=strict BLOCKS=2
ATTRIBUTE=seqstrict BLOCKS=1
ATTRIBUTE=macro BLOCKS=3

Script done on 2026-07-30 06:50:47-05:00 [COMMAND_EXIT_CODE="0"]
