1
4
235
2
3
8
9
10
11
12
19
20
21
88
89
90
91
98
99
100
101
109
110
111
200
201
208
209
2468
97531
1010101
8080808
111111
135790
246802468
975319753
5
6
7
13
14
15
16
17
18
22
23
24
25
26
27
28
29
30
31
32
33
34
35
36
37
38
39
40
41
42
43
44
45
46
47
48
49
50
51
52
53
54
55
56
57
58
59
60
61
62
63
64
65
66
67
68
69
70
71
72
73
74
75
76
77
78
79
80
81
82
83
84
85
86
87
92
93
94
95
96
97
102
103
104
105
106
107
108
112
113
114
115
116
117
118
119
120
121
122
123
124
125
126
127
128
129
130
131
132
133
134
135
136
137
138
139
140
141
142
143
144
145
146
147
148
149
150
151
152
153
154
155
156
157
158
159
160
161
162
163
164
165
166
167
168
169
170
171
172
173
174
175
176
177
178
179
180
181
182
183
184
185
186
187
188
189
190
191
192
193
194
195
196
197
198
199
202
203
204
205
206
207
210
211
212
213
214
215
216
217
218
219
220
221
222
223
224
225
226
227
228
229
230
231
232
233
234
236
237
238
239
240
241
242
243
244
245
246
247
248
249
250
251
252
253
254
255
256
257
258
259
260
261
262
263
264
265
266
267
268
269
270
271
272
273
274
275
276
277
278
279
280
281
282
283
284
285
286
287
288
289
290
291
292
293
294
295
296
297
298
299
300
301
302
303
304
305
306
307
308
309
310
311
312
313
314
315
316
317
318
319
320
321
322
323
324
325
326
327
328
329
330
331
332
333
334
335
336
337
338
339
340
341
342
343
344
345
346
347
348
349
350
351
352
353
354
355
356
357
358
359
360
361
362
363
364
365
366
367
368
369
370
371
372
373
374
375
376
377
378
379
380
381
382
383
384
385
386
387
388
389
390
391
392
393
394
395
396
397
398
399
400
401
402
403
404
405
406
407
408
409
410
411
412
413
414
415
416
417
418
419
420
421
422
423
424
425
426
427
428
429
430
431
432
433
434
435
436
437
438
439
440
441
442
443
444
445
446
447
448
449
450
451
452
453
454
455
456
457
458
459
460
461
462
463
464
465
466
467
468
469
470
471
472
473
474
475
476
477
478
479
480
481
482
483
484
485
486
487
488
489
490
491
492
493
494
495
496
497
498
499
500
501
502
503
504
505
506
507
508
509
510
511
512
513
514
515
516
517
518
519
520
521
522
523
524
525
526
527
528
529
530
531
532
533
534
535
536
537
538
539
540
541
542
543
544
545
546
547
548
549
550
551
552
553
554
555
556
557
558
559
560
561
562
563
564
565
566
567
568
569
570
571
572
573
574
575
576
577
578
579
580
581
582
583
584
585
586
587
588
589
590
591
592
593
594
595
596
597
598
599
600
601
602
603
604
605
606
607
608
609
610
611
612
613
614
615
616
617
618
619
620
621
622
623
624
625
626
627
628
629
630
631
632
633
634
635
636
637
638
639
640
641
642
643
644
645
646
647
648
649
650
651
652
653
654
655
656
657
658
659
660
661
662
663
664
665
666
667
668
669
670
671
672
673
674
675
676
677
678
679
680
681
682
683
684
685
686
687
688
689
690
691
692
693
694
695
696
697
698
699
700
701
702
703
704
705
706
707
708
709
710
711
712
713
714
715
716
717
718
719
720
721
722
723
724
725
726
727
728
729
730
731
732
733
734
735
736
737
738
739
740
741
742
743
744
745
746
747
748
749
750
751
752
753
754
755
756
757
758
759
760
761
762
763
764
765
766
767
768
769
770
771
772
773
774
775
776
777
778
779
780
781
782
783
784
785
786
787
788
789
790
791
792
793
794
795
796
797
798
799
800
801
802
803
804
805
806
807
808
809
810
811
812
813
814
815
816
817
818
819
820
821
822
823
824
825
826
827
828
829
830
831
832
833
834
835
836
837
838
839
840
841
842
843
844
845
846
847
848
849
850
851
852
853
854
855
856
857
858
859
860
861
862
863
864
865
866
867
868
869
870
871
872
873
874
875
876
877
878
879
880
881
882
883
884
885
886
887
888
889
890
891
892
893
894
895
896
897
898
899
900
901
902
903
904
905
906
907
908
909
910
911
912
913
914
915
916
917
918
919
920
921
922
923
924
925
926
927
928
929
930
931
932
933
934
935
936
937
938
939
940
941
942
943
944
945
946
947
948
949
950
951
952
953
954
955
956
957
958
959
960
961
962
963
964
965
966
967
968
969
970
971
972
973
974
975
976
977
978
979
980
981
982
983
984
985
986
987
988
989
990
991
992
993
994
995
996
997
998
999
1000
1001
1002
1003
1004
1005
1006
1007
1008
1009
1010
1011
1012
1013
1014
1015
1016
1017
1018
1019
1020
1021
1022
1023
1024
1025
1026
1027
1028
1029
1030
1031
1032
1033
1034
1035
1036
1037
1038
1039
1040
1041
1042
1043
1044
1045
1046
1047
1048
1049
1050
1051
1052
1053
1054
1055
1056
1057
1058
1059
1060
1061
1062
1063
1064
1065
1066
1067
1068
1069
1070
1071
1072
1073
1074
1075
1076
1077
1078
1079
1080
1081
1082
1083
1084
1085
1086
1087
1088
1089
1090
1091
1092
1093
1094
1095
1096
1097
1098
1099
1100
1101
1102
1103
1104
1105
1106
1107
1108
1109
1110
1111
1112
1113
1114
1115
1116
1117
1118
1119
1120
1121
1122
1123
1124
1125
1126
1127
1128
1129
1130
1131
1132
1133
1134
1135
1136
1137
1138
1139
1140
1141
1142
1143
1144
1145
1146
1147
1148
1149
1150
1151
1152
1153
1154
1155
1156
1157
1158
1159
1160
1161
1162
1163
1164
1165
1166
1167
1168
1169
1170
1171
1172
1173
1174
1175
1176
1177
1178
1179
1180
1181
1182
1183
1184
1185
1186
1187
1188
1189
1190
1191
1192
1193
1194
1195
1196
1197
1198
1199
1200
1201
1202
1203
1204
1205
1206
1207
1208
1209
1210
1211
1212
1213
1214
1215
1216
1217
1218
1219
1220
1221
1222
1223
1224
1225
1226
1227
1228
1229
1230
1231
1232
1233
1234
1235
1236
1237
1238
1239
1240
1241
1242
1243
1244
1245
1246
1247
1248
1249
1250
1251
1252
1253
1254
1255
1256
1257
1258
1259
1260
1261
1262
1263
1264
1265
1266
1267
1268
1269
1270
1271
1272
1273
1274
1275
1276
1277
1278
1279
1280
1281
1282
1283
1284
1285
1286
1287
1288
1289
1290
1291
1292
1293
1294
1295
1296
1297
1298
1299
1300
1301
1302
1303
1304
1305
1306
1307
1308
1309
1310
1311
1312
1313
1314
1315
1316
1317
1318
1319
1320
1321
1322
1323
1324
1325
1326
1327
1328
1329
1330
1331
1332
1333
1334
1335
1336
1337
1338
1339
1340
1341
1342
1343
1344
1345
1346
1347
1348
1349
1350
1351
1352
1353
1354
1355
1356
1357
1358
1359
1360
1361
1362
1363
1364
1365
1366
1367
1368
1369
1370
1371
1372
1373
1374
1375
1376
1377
1378
1379
1380
1381
1382
1383
1384
1385
1386
1387
1388
1389
1390
1391
1392
1393
1394
1395
1396
1397
1398
1399
1400
1401
1402
1403
1404
1405
1406
1407
1408
1409
1410
1411
1412
1413
1414
1415
1416
1417
1418
1419
1420
1421
1422
1423
1424
1425
1426
1427
1428
1429
1430
1431
1432
1433
1434
1435
1436
1437
1438
1439
1440
1441
1442
1443
1444
1445
1446
1447
1448
1449
1450
1451
1452
1453
1454
1455
1456
1457
1458
1459
1460
1461
1462
1463
1464
1465
1466
1467
1468
1469
1470
1471
1472
1473
1474
1475
1476
1477
1478
1479
1480
1481
1482
1483
1484
1485
1486
1487
1488
1489
1490
1491
1492
1493
1494
1495
1496
1497
1498
1499
1500
1501
1502
1503
1504
1505
1506
1507
1508
1509
1510
1511
1512
1513
1514
1515
1516
1517
1518
1519
1520
1521
1522
1523
1524
1525
1526
1527
1528
1529
1530
1531
1532
1533
1534
1535
1536
1537
1538
1539
1540
1541
1542
1543
1544
1545
1546
1547
1548
1549
1550
1551
1552
1553
1554
1555
1556
1557
1558
1559
1560
1561
1562
1563
1564
1565
1566
1567
1568
1569
1570
1571
1572
1573
1574
1575
1576
1577
1578
1579
1580
1581
1582
1583
1584
1585
1586
1587
1588
1589
1590
1591
1592
1593
1594
1595
1596
1597
1598
1599
1600
1601
1602
1603
1604
1605
1606
1607
1608
1609
1610
1611
1612
1613
1614
1615
1616
1617
1618
1619
1620
1621
1622
1623
1624
1625
1626
1627
1628
1629
1630
1631
1632
1633
1634
1635
1636
1637
1638
1639
1640
1641
1642
1643
1644
1645
1646
1647
1648
1649
1650
1651
1652
1653
1654
1655
1656
1657
1658
1659
1660
1661
1662
1663
1664
1665
1666
1667
1668
1669
1670
1671
1672
1673
1674
1675
1676
1677
1678
1679
1680
1681
1682
1683
1684
1685
1686
1687
1688
1689
1690
1691
1692
1693
1694
1695
1696
1697
1698
1699
1700
1701
1702
1703
1704
1705
1706
1707
1708
1709
1710
1711
1712
1713
1714
1715
1716
1717
1718
1719
1720
1721
1722
1723
1724
1725
1726
1727
1728
1729
1730
1731
1732
1733
1734
1735
1736
1737
1738
1739
1740
1741
1742
1743
1744
1745
1746
1747
1748
1749
1750
1751
1752
1753
1754
1755
1756
1757
1758
1759
1760
1761
1762
1763
1764
1765
1766
1767
1768
1769
1770
1771
1772
1773
1774
1775
1776
1777
1778
1779
1780
1781
1782
1783
1784
1785
1786
1787
1788
1789
1790
1791
1792
1793
1794
1795
1796
1797
1798
1799
1800
1801
1802
1803
1804
1805
1806
1807
1808
1809
1810
1811
1812
1813
1814
1815
1816
1817
1818
1819
1820
1821
1822
1823
1824
1825
1826
1827
1828
1829
1830
1831
1832
1833
1834
1835
1836
1837
1838
1839
1840
1841
1842
1843
1844
1845
1846
1847
1848
1849
1850
1851
1852
1853
1854
1855
1856
1857
1858
1859
1860
1861
1862
1863
1864
1865
1866
1867
1868
1869
1870
1871
1872
1873
1874
1875
1876
1877
1878
1879
1880
1881
1882
1883
1884
1885
1886
1887
1888
1889
1890
1891
1892
1893
1894
1895
1896
1897
1898
1899
1900
1901
1902
1903
1904
1905
1906
1907
1908
1909
1910
1911
1912
1913
1914
1915
1916
1917
1918
1919
1920
1921
1922
1923
1924
1925
1926
1927
1928
1929
1930
1931
1932
1933
1934
1935
1936
1937
1938
1939
1940
1941
1942
1943
1944
1945
1946
1947
1948
1949
1950
1951
1952
1953
1954
1955
1956
1957
1958
1959
1960
1961
1962
1963
1964
1965
1966
1967
1968
1969
1970
1971
1972
1973
1974
1975
1976
1977
1978
1979
1980
1981
1982
1983
1984
1985
1986
1987
1988
1989
1990
1991
1992
1993
1994
1995
1996
1997
1998
1999
2000
2001
2002
2003
2004
2005
2006
2007
2008
2009
2010
2011
2012
2013
2014
2015
2016
2017
2018
2019
2020
2021
2022
2023
2024
2025
2026
2027
2028
2029
2030
2031
2032
2033
2034
2035
2036
2037
2038
2039
2040
2041
2042
2043
2044
2045
2046
2047
2048
2049
2050
2051
2052
2053
2054
2055
2056
2057
2058
2059
2060
2061
2062
2063
2064
2065
2066
2067
2068
2069
2070
2071
2072
2073
2074
2075
2076
2077
2078
2079
2080
2081
2082
2083
2084
2085
2086
2087
2088
2089
2090
2091
2092
2093
2094
2095
2096
2097
2098
2099
2100
2101
2102
2103
2104
2105
2106
2107
2108
2109
2110
2111
2112
2113
2114
2115
2116
2117
2118
2119
2120
2121
2122
2123
2124
2125
2126
2127
2128
2129
2130
2131
2132
2133
2134
2135
2136
2137
2138
2139
2140
2141
2142
2143
2144
2145
2146
2147
2148
2149
2150
2151
2152
2153
2154
2155
2156
2157
2158
2159
2160
2161
2162
2163
2164
2165
2166
2167
2168
2169
2170
2171
2172
2173
2174
2175
2176
2177
2178
2179
2180
2181
2182
2183
2184
2185
2186
2187
2188
2189
2190
2191
2192
2193
2194
2195
2196
2197
2198
2199
2200
2201
2202
2203
2204
2205
2206
2207
2208
2209
2210
2211
2212
2213
2214
2215
2216
2217
2218
2219
2220
2221
2222
2223
2224
2225
2226
2227
2228
2229
2230
2231
2232
2233
2234
2235
2236
2237
2238
2239
2240
2241
2242
2243
2244
2245
2246
2247
2248
2249
2250
2251
2252
2253
2254
2255
2256
2257
2258
2259
2260
2261
2262
2263
2264
2265
2266
2267
2268
2269
2270
2271
2272
2273
2274
2275
2276
2277
2278
2279
2280
2281
2282
2283
2284
2285
2286
2287
2288
2289
2290
2291
2292
2293
2294
2295
2296
2297
2298
2299
2300
2301
2302
2303
2304
2305
2306
2307
2308
2309
2310
2311
2312
2313
2314
2315
2316
2317
2318
2319
2320
2321
2322
2323
2324
2325
2326
2327
2328
2329
2330
2331
2332
2333
2334
2335
2336
2337
2338
2339
2340
2341
2342
2343
2344
2345
2346
2347
2348
2349
2350
2351
2352
2353
2354
2355
2356
2357
2358
2359
2360
2361
2362
2363
2364
2365
2366
2367
2368
2369
2370
2371
2372
2373
2374
2375
2376
2377
2378
2379
2380
2381
2382
2383
2384
2385
2386
2387
2388
2389
2390
2391
2392
2393
2394
2395
2396
2397
2398
2399
2400
2401
2402
2403
2404
2405
2406
2407
2408
2409
2410
2411
2412
2413
2414
2415
2416
2417
2418
2419
2420
2421
2422
2423
2424
2425
2426
2427
2428
2429
2430
2431
2432
2433
2434
2435
2436
2437
2438
2439
2440
2441
2442
2443
2444
2445
2446
2447
2448
2449
2450
2451
2452
2453
2454
2455
2456
2457
2458
2459
2460
2461
2462
2463
2464
2465
2466
2467
2469
2470
2471
2472
2473
2474
2475
2476
2477
2478
2479
2480
2481
2482
2483
2484
2485
2486
2487
2488
2489
2490
2491
2492
2493
2494
2495
2496
2497
2498
2499
2500
2501
2502
2503
2504
2505
2506
2507
2508
2509
2510
2511
2512
2513
2514
2515
2516
2517
2518
2519
2520
2521
2522
2523
2524
2525
2526
2527
2528
2529
2530
2531
2532
2533
2534
2535
2536
2537
2538
2539
2540
2541
2542
2543
2544
2545
2546
2547
2548
2549
2550
2551
2552
2553
2554
2555
2556
2557
2558
2559
2560
2561
2562
2563
2564
2565
2566
2567
2568
2569
2570
2571
2572
2573
2574
2575
2576
2577
2578
2579
2580
2581
2582
2583
2584
2585
2586
2587
2588
2589
2590
2591
2592
2593
2594
2595
2596
2597
2598
2599
2600
2601
2602
2603
2604
2605
2606
2607
2608
2609
2610
2611
2612
2613
2614
2615
2616
2617
2618
2619
2620
2621
2622
2623
2624
2625
2626
2627
2628
2629
2630
2631
2632
2633
2634
2635
2636
2637
2638
2639
2640
2641
2642
2643
2644
2645
2646
2647
2648
2649
2650
2651
2652
2653
2654
2655
2656
2657
2658
2659
2660
2661
2662
2663
2664
2665
2666
2667
2668
2669
2670
2671
2672
2673
2674
2675
2676
2677
2678
2679
2680
2681
2682
2683
2684
2685
2686
2687
2688
2689
2690
2691
2692
2693
2694
2695
2696
2697
2698
2699
2700
2701
2702
2703
2704
2705
2706
2707
2708
2709
2710
2711
2712
2713
2714
2715
2716
2717
2718
2719
2720
2721
2722
2723
2724
2725
2726
2727
2728
2729
2730
2731
2732
2733
2734
2735
2736
2737
2738
2739
2740
2741
2742
2743
2744
2745
2746
2747
2748
2749
2750
2751
2752
2753
2754
2755
2756
2757
2758
2759
2760
2761
2762
2763
2764
2765
2766
2767
2768
2769
2770
2771
2772
2773
2774
2775
2776
2777
2778
2779
2780
2781
2782
2783
2784
2785
2786
2787
2788
2789
2790
2791
2792
2793
2794
2795
2796
2797
2798
2799
2800
2801
2802
2803
2804
2805
2806
2807
2808
2809
2810
2811
2812
2813
2814
2815
2816
2817
2818
2819
2820
2821
2822
2823
2824
2825
2826
2827
2828
2829
2830
2831
2832
2833
2834
2835
2836
2837
2838
2839
2840
2841
2842
2843
2844
2845
2846
2847
2848
2849
2850
2851
2852
2853
2854
2855
2856
2857
2858
2859
2860
2861
2862
2863
2864
2865
2866
2867
2868
2869
2870
2871
2872
2873
2874
2875
2876
2877
2878
2879
2880
2881
2882
2883
2884
2885
2886
2887
2888
2889
2890
2891
2892
2893
2894
2895
2896
2897
2898
2899
2900
2901
2902
2903
2904
2905
2906
2907
2908
2909
2910
2911
2912
2913
2914
2915
2916
2917
2918
2919
2920
2921
2922
2923
2924
2925
2926
2927
2928
2929
2930
2931
2932
2933
2934
2935
2936
2937
2938
2939
2940
2941
2942
2943
2944
2945
2946
2947
2948
2949
2950
2951
2952
2953
2954
2955
2956
2957
2958
2959
2960
2961
2962
2963
2964
2965
2966
2967
2968
2969
2970
2971
2972
2973
2974
2975
2976
2977
2978
2979
2980
2981
2982
2983
2984
2985
2986
2987
2988
2989
2990
2991
2992
2993
2994
2995
2996
2997
2998
2999
3000
3001
3002
3003
3004
3005
3006
3007
3008
3009
3010
3011
3012
3013
3014
3015
3016
3017
3018
3019
3020
3021
3022
3023
3024
3025
3026
3027
3028
3029
3030
3031
3032
3033
3034
3035
3036
3037
3038
3039
3040
3041
3042
3043
3044
3045
3046
3047
3048
3049
3050
3051
3052
3053
3054
3055
3056
3057
3058
3059
3060
3061
3062
3063
3064
3065
3066
3067
3068
3069
3070
3071
3072
3073
3074
3075
3076
3077
3078
3079
3080
3081
3082
3083
3084
3085
3086
3087
3088
3089
3090
3091
3092
3093
3094
3095
3096
3097
3098
3099
3100
3101
3102
3103
3104
3105
3106
3107
3108
3109
3110
3111
3112
3113
3114
3115
3116
3117
3118
3119
3120
3121
3122
3123
3124
3125
3126
3127
3128
3129
3130
3131
3132
3133
3134
3135
3136
3137
3138
3139
3140
3141
3142
3143
3144
3145
3146
3147
3148
3149
3150
3151
3152
3153
3154
3155
3156
3157
3158
3159
3160
3161
3162
3163
3164
3165
3166
3167
3168
3169
3170
3171
3172
3173
3174
3175
3176
3177
3178
3179
3180
3181
3182
3183
3184
3185
3186
3187
3188
3189
3190
3191
3192
3193
3194
3195
3196
3197
3198
3199
3200
3201
3202
3203
3204
3205
3206
3207
3208
3209
3210
3211
3212
3213
3214
3215
3216
3217
3218
3219
3220
3221
3222
3223
3224
3225
3226
3227
3228
3229
3230
3231
3232
3233
3234
3235
3236
3237
3238
3239
3240
3241
3242
3243
3244
3245
3246
3247
3248
3249
3250
3251
3252
3253
3254
3255
3256
3257
3258
3259
3260
3261
3262
3263
3264
3265
3266
3267
3268
3269
3270
3271
3272
3273
3274
3275
3276
3277
3278
3279
3280
3281
3282
3283
3284
3285
3286
3287
3288
3289
3290
3291
3292
3293
3294
3295
3296
3297
3298
3299
3300
3301
3302
3303
3304
3305
3306
3307
3308
3309
3310
3311
3312
3313
3314
3315
3316
3317
3318
3319
3320
3321
3322
3323
3324
3325
3326
3327
3328
3329
3330
3331
3332
3333
3334
3335
3336
3337
3338
3339
3340
3341
3342
3343
3344
3345
3346
3347
3348
3349
3350
3351
3352
3353
3354
3355
3356
3357
3358
3359
3360
3361
3362
3363
3364
3365
3366
3367
3368
3369
3370
3371
3372
3373
3374
3375
3376
3377
3378
3379
3380
3381
3382
3383
3384
3385
3386
3387
3388
3389
3390
3391
3392
3393
3394
3395
3396
3397
3398
3399
3400
3401
3402
3403
3404
3405
3406
3407
3408
3409
3410
3411
3412
3413
3414
3415
3416
3417
3418
3419
3420
3421
3422
3423
3424
3425
3426
3427
3428
3429
3430
3431
3432
3433
3434
3435
3436
3437
3438
3439
3440
3441
3442
3443
3444
3445
3446
3447
3448
3449
3450
3451
3452
3453
3454
3455
3456
3457
3458
3459
3460
3461
3462
3463
3464
3465
3466
3467
3468
3469
3470
3471
3472
3473
3474
3475
3476
3477
3478
3479
3480
3481
3482
3483
3484
3485
3486
3487
3488
3489
3490
3491
3492
3493
3494
3495
3496
3497
3498
3499
3500
3501
3502
3503
3504
3505
3506
3507
3508
3509
3510
3511
3512
3513
3514
3515
3516
3517
3518
3519
3520
3521
3522
3523
3524
3525
3526
3527
3528
3529
3530
3531
3532
3533
3534
3535
3536
3537
3538
3539
3540
3541
3542
3543
3544
3545
3546
3547
3548
3549
3550
3551
3552
3553
3554
3555
3556
3557
3558
3559
3560
3561
3562
3563
3564
3565
3566
3567
3568
3569
3570
3571
3572
3573
3574
3575
3576
3577
3578
3579
3580
3581
3582
3583
3584
3585
3586
3587
3588
3589
3590
3591
3592
3593
3594
3595
3596
3597
3598
3599
3600
3601
3602
3603
3604
3605
3606
3607
3608
3609
3610
3611
3612
3613
3614
3615
3616
3617
3618
3619
3620
3621
3622
3623
3624
3625
3626
3627
3628
3629
3630
3631
3632
3633
3634
3635
3636
3637
3638
3639
3640
3641
3642
3643
3644
3645
3646
3647
3648
3649
3650
3651
3652
3653
3654
3655
3656
3657
3658
3659
3660
3661
3662
3663
3664
3665
3666
3667
3668
3669
3670
3671
3672
3673
3674
3675
3676
3677
3678
3679
3680
3681
3682
3683
3684
3685
3686
3687
3688
3689
3690
3691
3692
3693
3694
3695
3696
3697
3698
3699
3700
3701
3702
3703
3704
3705
3706
3707
3708
3709
3710
3711
3712
3713
3714
3715
3716
3717
3718
3719
3720
3721
3722
3723
3724
3725
3726
3727
3728
3729
3730
3731
3732
3733
3734
3735
3736
3737
3738
3739
3740
3741
3742
3743
3744
3745
3746
3747
3748
3749
3750
3751
3752
3753
3754
3755
3756
3757
3758
3759
3760
3761
3762
3763
3764
3765
3766
3767
3768
3769
3770
3771
3772
3773
3774
3775
3776
3777
3778
3779
3780
3781
3782
3783
3784
3785
3786
3787
3788
3789
3790
3791
3792
3793
3794
3795
3796
3797
3798
3799
3800
3801
3802
3803
3804
3805
3806
3807
3808
3809
3810
3811
3812
3813
3814
3815
3816
3817
3818
3819
3820
3821
3822
3823
3824
3825
3826
3827
3828
3829
3830
3831
3832
3833
3834
3835
3836
3837
3838
3839
3840
3841
3842
3843
3844
3845
3846
3847
3848
3849
3850
3851
3852
3853
3854
3855
3856
3857
3858
3859
3860
3861
3862
3863
3864
3865
3866
3867
3868
3869
3870
3871
3872
3873
3874
3875
3876
3877
3878
3879
3880
3881
3882
3883
3884
3885
3886
3887
3888
3889
3890
3891
3892
3893
3894
3895
3896
3897
3898
3899
3900
3901
3902
3903
3904
3905
3906
3907
3908
3909
3910
3911
3912
3913
3914
3915
3916
3917
3918
3919
3920
3921
3922
3923
3924
3925
3926
3927
3928
3929
3930
3931
3932
3933
3934
3935
3936
3937
3938
3939
3940
3941
3942
3943
3944
3945
3946
3947
3948
3949
3950
3951
3952
3953
3954
3955
3956
3957
3958
3959
3960
3961
3962
3963
3964
3965
3966
3967
3968
3969
3970
3971
3972
3973
3974
3975
3976
3977
3978
3979
3980
3981
3982
3983
3984
3985
3986
3987
3988
3989
3990
3991
3992
3993
3994
3995
3996
3997
3998
3999
4000
4001
4002
4003
4004
4005
4006
4007
4008
4009
4010
4011
4012
4013
4014
4015
4016
4017
4018
4019
4020
4021
4022
4023
4024
4025
4026
4027
4028
4029
4030
4031
4032
4033
4034
4035
4036
4037
4038
4039
4040
4041
4042
4043
4044
4045
4046
4047
4048
4049
4050
4051
4052
4053
4054
4055
4056
4057
4058
4059
4060
4061
4062
4063
4064
4065
4066
4067
4068
4069
4070
4071
4072
4073
4074
4075
4076
4077
4078
4079
4080
4081
4082
4083
4084
4085
4086
4087
4088
4089
4090
4091
4092
4093
4094
4095
4096
4097
4098
4099
4100
4101
4102
4103
4104
4105
4106
4107
4108
4109
4110
4111
4112
4113
4114
4115
4116
4117
4118
4119
4120
4121
4122
4123
4124
4125
4126
4127
4128
4129
4130
4131
4132
4133
4134
4135
4136
4137
4138
4139
4140
4141
4142
4143
4144
4145
4146
4147
4148
4149
4150
4151
4152
4153
4154
4155
4156
4157
4158
4159
4160
4161
4162
4163
4164
4165
4166
4167
4168
4169
4170
4171
4172
4173
4174
4175
4176
4177
4178
4179
4180
4181
4182
4183
4184
4185
4186
4187
4188
4189
4190
4191
4192
4193
4194
4195
4196
4197
4198
4199
4200
4201
4202
4203
4204
4205
4206
4207
4208
4209
4210
4211
4212
4213
4214
4215
4216
4217
4218
4219
4220
4221
4222
4223
4224
4225
4226
4227
4228
4229
4230
4231
4232
4233
4234
4235
4236
4237
4238
4239
4240
4241
4242
4243
4244
4245
4246
4247
4248
4249
4250
4251
4252
4253
4254
4255
4256
4257
4258
4259
4260
4261
4262
4263
4264
4265
4266
4267
4268
4269
4270
4271
4272
4273
4274
4275
4276
4277
4278
4279
4280
4281
4282
4283
4284
4285
4286
4287
4288
4289
4290
4291
4292
4293
4294
4295
4296
4297
4298
4299
4300
4301
4302
4303
4304
4305
4306
4307
4308
4309
4310
4311
4312
4313
4314
4315
4316
4317
4318
4319
4320
4321
4322
4323
4324
4325
4326
4327
4328
4329
4330
4331
4332
4333
4334
4335
4336
4337
4338
4339
4340
4341
4342
4343
4344
4345
4346
4347
4348
4349
4350
4351
4352
4353
4354
4355
4356
4357
4358
4359
4360
4361
4362
4363
4364
4365
4366
4367
4368
4369
4370
4371
4372
4373
4374
4375
4376
4377
4378
4379
4380
4381
4382
4383
4384
4385
4386
4387
4388
4389
4390
4391
4392
4393
4394
4395
4396
4397
4398
4399
4400
4401
4402
4403
4404
4405
4406
4407
4408
4409
4410
4411
4412
4413
4414
4415
4416
4417
4418
4419
4420
4421
4422
4423
4424
4425
4426
4427
4428
4429
4430
4431
4432
4433
4434
4435
4436
4437
4438
4439
4440
4441
4442
4443
4444
4445
4446
4447
4448
4449
4450
4451
4452
4453
4454
4455
4456
4457
4458
4459
4460
4461
4462
4463
4464
4465
4466
4467
4468
4469
4470
4471
4472
4473
4474
4475
4476
4477
4478
4479
4480
4481
4482
4483
4484
4485
4486
4487
4488
4489
4490
4491
4492
4493
4494
4495
4496
4497
4498
4499
4500
4501
4502
4503
4504
4505
4506
4507
4508
4509
4510
4511
4512
4513
4514
4515
4516
4517
4518
4519
4520
4521
4522
4523
4524
4525
4526
4527
4528
4529
4530
4531
4532
4533
4534
4535
4536
4537
4538
4539
4540
4541
4542
4543
4544
4545
4546
4547
4548
4549
4550
4551
4552
4553
4554
4555
4556
4557
4558
4559
4560
4561
4562
4563
4564
4565
4566
4567
4568
4569
4570
4571
4572
4573
4574
4575
4576
4577
4578
4579
4580
4581
4582
4583
4584
4585
4586
4587
4588
4589
4590
4591
4592
4593
4594
4595
4596
4597
4598
4599
4600
4601
4602
4603
4604
4605
4606
4607
4608
4609
4610
4611
4612
4613
4614
4615
4616
4617
4618
4619
4620
4621
4622
4623
4624
4625
4626
4627
4628
4629
4630
4631
4632
4633
4634
4635
4636
4637
4638
4639
4640
4641
4642
4643
4644
4645
4646
4647
4648
4649
4650
4651
4652
4653
4654
4655
4656
4657
4658
4659
4660
4661
4662
4663
4664
4665
4666
4667
4668
4669
4670
4671
4672
4673
4674
4675
4676
4677
4678
4679
4680
4681
4682
4683
4684
4685
4686
4687
4688
4689
4690
4691
4692
4693
4694
4695
4696
4697
4698
4699
4700
4701
4702
4703
4704
4705
4706
4707
4708
4709
4710
4711
4712
4713
4714
4715
4716
4717
4718
4719
4720
4721
4722
4723
4724
4725
4726
4727
4728
4729
4730
4731
4732
4733
4734
4735
4736
4737
4738
4739
4740
4741
4742
4743
4744
4745
4746
4747
4748
4749
4750
4751
4752
4753
4754
4755
4756
4757
4758
4759
4760
4761
4762
4763
4764
4765
4766
4767
4768
4769
4770
4771
4772
4773
4774
4775
4776
4777
4778
4779
4780
4781
4782
4783
4784
4785
4786
4787
4788
4789
4790
4791
4792
4793
4794
4795
4796
4797
4798
4799
4800
4801
4802
4803
4804
4805
4806
4807
4808
4809
4810
4811
4812
4813
4814
4815
4816
4817
4818
4819
4820
4821
4822
4823
4824
4825
4826
4827
4828
4829
4830
4831
4832
4833
4834
4835
4836
4837
4838
4839
4840
4841
4842
4843
4844
4845
4846
4847
4848
4849
4850
4851
4852
4853
4854
4855
4856
4857
4858
4859
4860
4861
4862
4863
4864
4865
4866
4867
4868
4869
4870
4871
4872
4873
4874
4875
4876
4877
4878
4879
4880
4881
4882
4883
4884
4885
4886
4887
4888
4889
4890
4891
4892
4893
4894
4895
4896
4897
4898
4899
4900
4901
4902
4903
4904
4905
4906
4907
4908
4909
4910
4911
4912
4913
4914
4915
4916
4917
4918
4919
4920
4921
4922
4923
4924
4925
4926
4927
4928
4929
4930
4931
4932
4933
4934
4935
4936
4937
4938
4939
4940
4941
4942
4943
4944
4945
4946
4947
4948
4949
4950
4951
4952
4953
4954
4955
4956
4957
4958
4959
4960
4961
4962
4963
4964
4965
4966
4967
4968
4969
4970
4971
4972
4973
4974
4975
4976
4977
4978
4979
4980
4981
4982
4983
4984
4985
4986
4987
4988
4989
4990
4991
4992
4993
4994
4995
4996
4997
4998
4999
5000
5001
5002
5003
5004
5005
5006
5007
5008
5009
5010
5011
5012
5013
5014
5015
5016
5017
5018
5019
5020
5021
5022
5023
5024
5025
5026
5027
5028
5029
5030
5031
5032
5033
5034
5035
5036
5037
5038
5039
5040
5041
5042
5043
5044
5045
5046
5047
5048
5049
5050
5051
5052
5053
5054
5055
5056
5057
5058
5059
5060
5061
5062
5063
5064
5065
5066
5067
5068
5069
5070
5071
5072
5073
5074
5075
5076
5077
5078
5079
5080
5081
5082
5083
5084
5085
5086
5087
5088
5089
5090
5091
5092
5093
5094
5095
5096
5097
5098
5099
5100
5101
5102
5103
5104
5105
5106
5107
5108
5109
5110
5111
5112
5113
5114
5115
5116
5117
5118
5119
5120
5121
5122
5123
5124
5125
5126
5127
5128
5129
5130
5131
5132
5133
5134
5135
5136
5137
5138
5139
5140
5141
5142
5143
5144
5145
5146
5147
5148
5149
5150
5151
5152
5153
5154
5155
5156
5157
5158
5159
5160
5161
5162
5163
5164
5165
5166
5167
5168
5169
5170
5171
5172
5173
5174
5175
5176
5177
5178
5179
5180
5181
5182
5183
5184
5185
5186
5187
5188
5189
5190
5191
5192
5193
5194
5195
5196
5197
5198
5199
5200
5201
5202
5203
5204
5205
5206
5207
5208
5209
5210
5211
5212
5213
5214
5215
5216
5217
5218
5219
5220
5221
5222
5223
5224
5225
5226
5227
5228
5229
5230
5231
5232
5233
5234
5235
5236
5237
5238
5239
5240
5241
5242
5243
5244
5245
5246
5247
5248
5249
5250
5251
5252
5253
5254
5255
5256
5257
5258
5259
5260
5261
5262
5263
5264
5265
5266
5267
5268
5269
5270
5271
5272
5273
5274
5275
5276
5277
5278
5279
5280
5281
5282
5283
5284
5285
5286
5287
5288
5289
5290
5291
5292
5293
5294
5295
5296
5297
5298
5299
5300
5301
5302
5303
5304
5305
5306
5307
5308
5309
5310
5311
5312
5313
5314
5315
5316
5317
5318
5319
5320
5321
5322
5323
5324
5325
5326
5327
5328
5329
5330
5331
5332
5333
5334
5335
5336
5337
5338
5339
5340
5341
5342
5343
5344
5345
5346
5347
5348
5349
5350
5351
5352
5353
5354
5355
5356
5357
5358
5359
5360
5361
5362
5363
5364
5365
5366
5367
5368
5369
5370
5371
5372
5373
5374
5375
5376
5377
5378
5379
5380
5381
5382
5383
5384
5385
5386
5387
5388
5389
5390
5391
5392
5393
5394
5395
5396
5397
5398
5399
5400
5401
5402
5403
5404
5405
5406
5407
5408
5409
5410
5411
5412
5413
5414
5415
5416
5417
5418
5419
5420
5421
5422
5423
5424
5425
5426
5427
5428
5429
5430
5431
5432
5433
5434
5435
5436
5437
5438
5439
5440
5441
5442
5443
5444
5445
5446
5447
5448
5449
5450
5451
5452
5453
5454
5455
5456
5457
5458
5459
5460
5461
5462
5463
5464
5465
5466
5467
5468
5469
5470
5471
5472
5473
5474
5475
5476
5477
5478
5479
5480
5481
5482
5483
5484
5485
5486
5487
5488
5489
5490
5491
5492
5493
5494
5495
5496
5497
5498
5499
5500
5501
5502
5503
5504
5505
5506
5507
5508
5509
5510
5511
5512
5513
5514
5515
5516
5517
5518
5519
5520
5521
5522
5523
5524
5525
5526
5527
5528
5529
5530
5531
5532
5533
5534
5535
5536
5537
5538
5539
5540
5541
5542
5543
5544
5545
5546
5547
5548
5549
5550
5551
5552
5553
5554
5555
5556
5557
5558
5559
5560
5561
5562
5563
5564
5565
5566
5567
5568
5569
5570
5571
5572
5573
5574
5575
5576
5577
5578
5579
5580
5581
5582
5583
5584
5585
5586
5587
5588
5589
5590
5591
5592
5593
5594
5595
5596
5597
5598
5599
5600
5601
5602
5603
5604
5605
5606
5607
5608
5609
5610
5611
5612
5613
5614
5615
5616
5617
5618
5619
5620
5621
5622
5623
5624
5625
5626
5627
5628
5629
5630
5631
5632
5633
5634
5635
5636
5637
5638
5639
5640
5641
5642
5643
5644
5645
5646
5647
5648
5649
5650
5651
5652
5653
5654
5655
5656
5657
5658
5659
5660
5661
5662
5663
5664
5665
5666
5667
5668
5669
5670
5671
5672
5673
5674
5675
5676
5677
5678
5679
5680
5681
5682
5683
5684
5685
5686
5687
5688
5689
5690
5691
5692
5693
5694
5695
5696
5697
5698
5699
5700
5701
5702
5703
5704
5705
5706
5707
5708
5709
5710
5711
5712
5713
5714
5715
5716
5717
5718
5719
5720
5721
5722
5723
5724
5725
5726
5727
5728
5729
5730
5731
5732
5733
5734
5735
5736
5737
5738
5739
5740
5741
5742
5743
5744
5745
5746
5747
5748
5749
5750
5751
5752
5753
5754
5755
5756
5757
5758
5759
5760
5761
5762
5763
5764
5765
5766
5767
5768
5769
5770
5771
5772
5773
5774
5775
5776
5777
5778
5779
5780
5781
5782
5783
5784
5785
5786
5787
5788
5789
5790
5791
5792
5793
5794
5795
5796
5797
5798
5799
5800
5801
5802
5803
5804
5805
5806
5807
5808
5809
5810
5811
5812
5813
5814
5815
5816
5817
5818
5819
5820
5821
5822
5823
5824
5825
5826
5827
5828
5829
5830
5831
5832
5833
5834
5835
5836
5837
5838
5839
5840
5841
5842
5843
5844
5845
5846
5847
5848
5849
5850
5851
5852
5853
5854
5855
5856
5857
5858
5859
5860
5861
5862
5863
5864
5865
5866
5867
5868
5869
5870
5871
5872
5873
5874
5875
5876
5877
5878
5879
5880
5881
5882
5883
5884
5885
5886
5887
5888
5889
5890
5891
5892
5893
5894
5895
5896
5897
5898
5899
5900
5901
5902
5903
5904
5905
5906
5907
5908
5909
5910
5911
5912
5913
5914
5915
5916
5917
5918
5919
5920
5921
5922
5923
5924
5925
5926
5927
5928
5929
5930
5931
5932
5933
5934
5935
5936
5937
5938
5939
5940
5941
5942
5943
5944
5945
5946
5947
5948
5949
5950
5951
5952
5953
5954
5955
5956
5957
5958
5959
5960
5961
5962
5963
5964
5965
5966
5967
5968
5969
5970
5971
5972
5973
5974
5975
5976
5977
5978
5979
5980
5981
5982
5983
5984
5985
5986
5987
5988
5989
5990
5991
5992
5993
5994
5995
5996
5997
5998
5999
6000
6001
6002
6003
6004
6005
6006
6007
6008
6009
6010
6011
6012
6013
6014
6015
6016
6017
6018
6019
6020
6021
6022
6023
6024
6025
6026
6027
6028
6029
6030
6031
6032
6033
6034
6035
6036
6037
6038
6039
6040
6041
6042
6043
6044
6045
6046
6047
6048
6049
6050
6051
6052
6053
6054
6055
6056
6057
6058
6059
6060
6061
6062
6063
6064
6065
6066
6067
6068
6069
6070
6071
6072
6073
6074
6075
6076
6077
6078
6079
6080
6081
6082
6083
6084
6085
6086
6087
6088
6089
6090
6091
6092
6093
6094
6095
6096
6097
6098
6099
6100
6101
6102
6103
6104
6105
6106
6107
6108
6109
6110
6111
6112
6113
6114
6115
6116
6117
6118
6119
6120
6121
6122
6123
6124
6125
6126
6127
6128
6129
6130
6131
6132
6133
6134
6135
6136
6137
6138
6139
6140
6141
6142
6143
6144
6145
6146
6147
6148
6149
6150
6151
6152
6153
6154
6155
6156
6157
6158
6159
6160
6161
6162
6163
6164
6165
6166
6167
6168
6169
6170
6171
6172
6173
6174
6175
6176
6177
6178
6179
6180
6181
6182
6183
6184
6185
6186
6187
6188
6189
6190
6191
6192
6193
6194
6195
6196
6197
6198
6199
6200
6201
6202
6203
6204
6205
6206
6207
6208
6209
6210
6211
6212
6213
6214
6215
6216
6217
6218
6219
6220
6221
6222
6223
6224
6225
6226
6227
6228
6229
6230
6231
6232
6233
6234
6235
6236
6237
6238
6239
6240
6241
6242
6243
6244
6245
6246
6247
6248
6249
6250
6251
6252
6253
6254
6255
6256
6257
6258
6259
6260
6261
6262
6263
6264
6265
6266
6267
6268
6269
6270
6271
6272
6273
6274
6275
6276
6277
6278
6279
6280
6281
6282
6283
6284
6285
6286
6287
6288
6289
6290
6291
6292
6293
6294
6295
6296
6297
6298
6299
6300
6301
6302
6303
6304
6305
6306
6307
6308
6309
6310
6311
6312
6313
6314
6315
6316
6317
6318
6319
6320
6321
6322
6323
6324
6325
6326
6327
6328
6329
6330
6331
6332
6333
6334
6335
6336
6337
6338
6339
6340
6341
6342
6343
6344
6345
6346
6347
6348
6349
6350
6351
6352
6353
6354
6355
6356
6357
6358
6359
6360
6361
6362
6363
6364
6365
6366
6367
6368
6369
6370
6371
6372
6373
6374
6375
6376
6377
6378
6379
6380
6381
6382
6383
6384
6385
6386
6387
6388
6389
6390
6391
6392
6393
6394
6395
6396
6397
6398
6399
6400
6401
6402
6403
6404
6405
6406
6407
6408
6409
6410
6411
6412
6413
6414
6415
6416
6417
6418
6419
6420
6421
6422
6423
6424
6425
6426
6427
6428
6429
6430
6431
6432
6433
6434
6435
6436
6437
6438
6439
6440
6441
6442
6443
6444
6445
6446
6447
6448
6449
6450
6451
6452
6453
6454
6455
6456
6457
6458
6459
6460
6461
6462
6463
6464
6465
6466
6467
6468
6469
6470
6471
6472
6473
6474
6475
6476
6477
6478
6479
6480
6481
6482
6483
6484
6485
6486
6487
6488
6489
6490
6491
6492
6493
6494
6495
6496
6497
6498
6499
6500
6501
6502
6503
6504
6505
6506
6507
6508
6509
6510
6511
6512
6513
6514
6515
6516
6517
6518
6519
6520
6521
6522
6523
6524
6525
6526
6527
6528
6529
6530
6531
6532
6533
6534
6535
6536
6537
6538
6539
6540
6541
6542
6543
6544
6545
6546
6547
6548
6549
6550
6551
6552
6553
6554
6555
6556
6557
6558
6559
6560
6561
6562
6563
6564
6565
6566
6567
6568
6569
6570
6571
6572
6573
6574
6575
6576
6577
6578
6579
6580
6581
6582
6583
6584
6585
6586
6587
6588
6589
6590
6591
6592
6593
6594
6595
6596
6597
6598
6599
6600
6601
6602
6603
6604
6605
6606
6607
6608
6609
6610
6611
6612
6613
6614
6615
6616
6617
6618
6619
6620
6621
6622
6623
6624
6625
6626
6627
6628
6629
6630
6631
6632
6633
6634
6635
6636
6637
6638
6639
6640
6641
6642
6643
6644
6645
6646
6647
6648
6649
6650
6651
6652
6653
6654
6655
6656
6657
6658
6659
6660
6661
6662
6663
6664
6665
6666
6667
6668
6669
6670
6671
6672
6673
6674
6675
6676
6677
6678
6679
6680
6681
6682
6683
6684
6685
6686
6687
6688
6689
6690
6691
6692
6693
6694
6695
6696
6697
6698
6699
6700
6701
6702
6703
6704
6705
6706
6707
6708
6709
6710
6711
6712
6713
6714
6715
6716
6717
6718
6719
6720
6721
6722
6723
6724
6725
6726
6727
6728
6729
6730
6731
6732
6733
6734
6735
6736
6737
6738
6739
6740
6741
6742
6743
6744
6745
6746
6747
6748
6749
6750
6751
6752
6753
6754
6755
6756
6757
6758
6759
6760
6761
6762
6763
6764
6765
6766
6767
6768
6769
6770
6771
6772
6773
6774
6775
6776
6777
6778
6779
6780
6781
6782
6783
6784
6785
6786
6787
6788
6789
6790
6791
6792
6793
6794
6795
6796
6797
6798
6799
6800
6801
6802
6803
6804
6805
6806
6807
6808
6809
6810
6811
6812
6813
6814
6815
6816
6817
6818
6819
6820
6821
6822
6823
6824
6825
6826
6827
6828
6829
6830
6831
6832
6833
6834
6835
6836
6837
6838
6839
6840
6841
6842
6843
6844
6845
6846
6847
6848
6849
6850
6851
6852
6853
6854
6855
6856
6857
6858
6859
6860
6861
6862
6863
6864
6865
6866
6867
6868
6869
6870
6871
6872
6873
6874
6875
6876
6877
6878
6879
6880
6881
6882
6883
6884
6885
6886
6887
6888
6889
6890
6891
6892
6893
6894
6895
6896
6897
6898
6899
6900
6901
6902
6903
6904
6905
6906
6907
6908
6909
6910
6911
6912
6913
6914
6915
6916
6917
6918
6919
6920
6921
6922
6923
6924
6925
6926
6927
6928
6929
6930
6931
6932
6933
6934
6935
6936
6937
6938
6939
6940
6941
6942
6943
6944
6945
6946
6947
6948
6949
6950
6951
6952
6953
6954
6955
6956
6957
6958
6959
6960
6961
6962
6963
6964
6965
6966
6967
6968
6969
6970
6971
6972
6973
6974
6975
6976
6977
6978
6979
6980
6981
6982
6983
6984
6985
6986
6987
6988
6989
6990
6991
6992
6993
6994
6995
6996
6997
6998
6999
7000
7001
7002
7003
7004
7005
7006
7007
7008
7009
7010
7011
7012
7013
7014
7015
7016
7017
7018
7019
7020
7021
7022
7023
7024
7025
7026
7027
7028
7029
7030
7031
7032
7033
7034
7035
7036
7037
7038
7039
7040
7041
7042
7043
7044
7045
7046
7047
7048
7049
7050
7051
7052
7053
7054
7055
7056
7057
7058
7059
7060
7061
7062
7063
7064
7065
7066
7067
7068
7069
7070
7071
7072
7073
7074
7075
7076
7077
7078
7079
7080
7081
7082
7083
7084
7085
7086
7087
7088
7089
7090
7091
7092
7093
7094
7095
7096
7097
7098
7099
7100
7101
7102
7103
7104
7105
7106
7107
7108
7109
7110
7111
7112
7113
7114
7115
7116
7117
7118
7119
7120
7121
7122
7123
7124
7125
7126
7127
7128
7129
7130
7131
7132
7133
7134
7135
7136
7137
7138
7139
7140
7141
7142
7143
7144
7145
7146
7147
7148
7149
7150
7151
7152
7153
7154
7155
7156
7157
7158
7159
7160
7161
7162
7163
7164
7165
7166
7167
7168
7169
7170
7171
7172
7173
7174
7175
7176
7177
7178
7179
7180
7181
7182
7183
7184
7185
7186
7187
7188
7189
7190
7191
7192
7193
7194
7195
7196
7197
7198
7199
7200
7201
7202
7203
7204
7205
7206
7207
7208
7209
7210
7211
7212
7213
7214
7215
7216
7217
7218
7219
7220
7221
7222
7223
7224
7225
7226
7227
7228
7229
7230
7231
7232
7233
7234
7235
7236
7237
7238
7239
7240
7241
7242
7243
7244
7245
7246
7247
7248
7249
7250
7251
7252
7253
7254
7255
7256
7257
7258
7259
7260
7261
7262
7263
7264
7265
7266
7267
7268
7269
7270
7271
7272
7273
7274
7275
7276
7277
7278
7279
7280
7281
7282
7283
7284
7285
7286
7287
7288
7289
7290
7291
7292
7293
7294
7295
7296
7297
7298
7299
7300
7301
7302
7303
7304
7305
7306
7307
7308
7309
7310
7311
7312
7313
7314
7315
7316
7317
7318
7319
7320
7321
7322
7323
7324
7325
7326
7327
7328
7329
7330
7331
7332
7333
7334
7335
7336
7337
7338
7339
7340
7341
7342
7343
7344
7345
7346
7347
7348
7349
7350
7351
7352
7353
7354
7355
7356
7357
7358
7359
7360
7361
7362
7363
7364
7365
7366
7367
7368
7369
7370
7371
7372
7373
7374
7375
7376
7377
7378
7379
7380
7381
7382
7383
7384
7385
7386
7387
7388
7389
7390
7391
7392
7393
7394
7395
7396
7397
7398
7399
7400
7401
7402
7403
7404
7405
7406
7407
7408
7409
7410
7411
7412
7413
7414
7415
7416
7417
7418
7419
7420
7421
7422
7423
7424
7425
7426
7427
7428
7429
7430
7431
7432
7433
7434
7435
7436
7437
7438
7439
7440
7441
7442
7443
7444
7445
7446
7447
7448
7449
7450
7451
7452
7453
7454
7455
7456
7457
7458
7459
7460
7461
7462
7463
7464
7465
7466
7467
7468
7469
7470
7471
7472
7473
7474
7475
7476
7477
7478
7479
7480
7481
7482
7483
7484
7485
7486
7487
7488
7489
7490
7491
7492
7493
7494
7495
7496
7497
7498
7499
7500
7501
7502
7503
7504
7505
7506
7507
7508
7509
7510
7511
7512
7513
7514
7515
7516
7517
7518
7519
7520
7521
7522
7523
7524
7525
7526
7527
7528
7529
7530
7531
7532
7533
7534
7535
7536
7537
7538
7539
7540
7541
7542
7543
7544
7545
7546
7547
7548
7549
7550
7551
7552
7553
7554
7555
7556
7557
7558
7559
7560
7561
7562
7563
7564
7565
7566
7567
7568
7569
7570
7571
7572
7573
7574
7575
7576
7577
7578
7579
7580
7581
7582
7583
7584
7585
7586
7587
7588
7589
7590
7591
7592
7593
7594
7595
7596
7597
7598
7599
7600
7601
7602
7603
7604
7605
7606
7607
7608
7609
7610
7611
7612
7613
7614
7615
7616
7617
7618
7619
7620
7621
7622
7623
7624
7625
7626
7627
7628
7629
7630
7631
7632
7633
7634
7635
7636
7637
7638
7639
7640
7641
7642
7643
7644
7645
7646
7647
7648
7649
7650
7651
7652
7653
7654
7655
7656
7657
7658
7659
7660
7661
7662
7663
7664
7665
7666
7667
7668
7669
7670
7671
7672
7673
7674
7675
7676
7677
7678
7679
7680
7681
7682
7683
7684
7685
7686
7687
7688
7689
7690
7691
7692
7693
7694
7695
7696
7697
7698
7699
7700
7701
7702
7703
7704
7705
7706
7707
7708
7709
7710
7711
7712
7713
7714
7715
7716
7717
7718
7719
7720
7721
7722
7723
7724
7725
7726
7727
7728
7729
7730
7731
7732
7733
7734
7735
7736
7737
7738
7739
7740
7741
7742
7743
7744
7745
7746
7747
7748
7749
7750
7751
7752
7753
7754
7755
7756
7757
7758
7759
7760
7761
7762
7763
7764
7765
7766
7767
7768
7769
7770
7771
7772
7773
7774
7775
7776
7777
7778
7779
7780
7781
7782
7783
7784
7785
7786
7787
7788
7789
7790
7791
7792
7793
7794
7795
7796
7797
7798
7799
7800
7801
7802
7803
7804
7805
7806
7807
7808
7809
7810
7811
7812
7813
7814
7815
7816
7817
7818
7819
7820
7821
7822
7823
7824
7825
7826
7827
7828
7829
7830
7831
7832
7833
7834
7835
7836
7837
7838
7839
7840
7841
7842
7843
7844
7845
7846
7847
7848
7849
7850
7851
7852
7853
7854
7855
7856
7857
7858
7859
7860
7861
7862
7863
7864
7865
7866
7867
7868
7869
7870
7871
7872
7873
7874
7875
7876
7877
7878
7879
7880
7881
7882
7883
7884
7885
7886
7887
7888
7889
7890
7891
7892
7893
7894
7895
7896
7897
7898
7899
7900
7901
7902
7903
7904
7905
7906
7907
7908
7909
7910
7911
7912
7913
7914
7915
7916
7917
7918
7919
7920
7921
7922
7923
7924
7925
7926
7927
7928
7929
7930
7931
7932
7933
7934
7935
7936
7937
7938
7939
7940
7941
7942
7943
7944
7945
7946
7947
7948
7949
7950
7951
7952
7953
7954
7955
7956
7957
7958
7959
7960
7961
7962
7963
7964
7965
7966
7967
7968
7969
7970
7971
7972
7973
7974
7975
7976
7977
7978
7979
7980
7981
7982
7983
7984
7985
7986
7987
7988
7989
7990
7991
7992
7993
7994
7995
7996
7997
7998
7999
8000
8001
8002
8003
8004
8005
8006
8007
8008
8009
8010
8011
8012
8013
8014
8015
8016
8017
8018
8019
8020
8021
8022
8023
8024
8025
8026
8027
8028
8029
8030
8031
8032
8033
8034
8035
8036
8037
8038
8039
8040
8041
8042
8043
8044
8045
8046
8047
8048
8049
8050
8051
8052
8053
8054
8055
8056
8057
8058
8059
8060
8061
8062
8063
8064
8065
8066
8067
8068
8069
8070
8071
8072
8073
8074
8075
8076
8077
8078
8079
8080
8081
8082
8083
8084
8085
8086
8087
8088
8089
8090
8091
8092
8093
8094
8095
8096
8097
8098
8099
8100
8101
8102
8103
8104
8105
8106
8107
8108
8109
8110
8111
8112
8113
8114
8115
8116
8117
8118
8119
8120
8121
8122
8123
8124
8125
8126
8127
8128
8129
8130
8131
8132
8133
8134
8135
8136
8137
8138
8139
8140
8141
8142
8143
8144
8145
8146
8147
8148
8149
8150
8151
8152
8153
8154
8155
8156
8157
8158
8159
8160
8161
8162
8163
8164
8165
8166
8167
8168
8169
8170
8171
8172
8173
8174
8175
8176
8177
8178
8179
8180
8181
8182
8183
8184
8185
8186
8187
8188
8189
8190
8191
8192
8193
8194
8195
8196
8197
8198
8199
8200
8201
8202
8203
8204
8205
8206
8207
8208
8209
8210
8211
8212
8213
8214
8215
8216
8217
8218
8219
8220
8221
8222
8223
8224
8225
8226
8227
8228
8229
8230
8231
8232
8233
8234
8235
8236
8237
8238
8239
8240
8241
8242
8243
8244
8245
8246
8247
8248
8249
8250
8251
8252
8253
8254
8255
8256
8257
8258
8259
8260
8261
8262
8263
8264
8265
8266
8267
8268
8269
8270
8271
8272
8273
8274
8275
8276
8277
8278
8279
8280
8281
8282
8283
8284
8285
8286
8287
8288
8289
8290
8291
8292
8293
8294
8295
8296
8297
8298
8299
8300
8301
8302
8303
8304
8305
8306
8307
8308
8309
8310
8311
8312
8313
8314
8315
8316
8317
8318
8319
8320
8321
8322
8323
8324
8325
8326
8327
8328
8329
8330
8331
8332
8333
8334
8335
8336
8337
8338
8339
8340
8341
8342
8343
8344
8345
8346
8347
8348
8349
8350
8351
8352
8353
8354
8355
8356
8357
8358
8359
8360
8361
8362
8363
8364
8365
8366
8367
8368
8369
8370
8371
8372
8373
8374
8375
8376
8377
8378
8379
8380
8381
8382
8383
8384
8385
8386
8387
8388
8389
8390
8391
8392
8393
8394
8395
8396
8397
8398
8399
8400
8401
8402
8403
8404
8405
8406
8407
8408
8409
8410
8411
8412
8413
8414
8415
8416
8417
8418
8419
8420
8421
8422
8423
8424
8425
8426
8427
8428
8429
8430
8431
8432
8433
8434
8435
8436
8437
8438
8439
8440
8441
8442
8443
8444
8445
8446
8447
8448
8449
8450
8451
8452
8453
8454
8455
8456
8457
8458
8459
8460
8461
8462
8463
8464
8465
8466
8467
8468
8469
8470
8471
8472
8473
8474
8475
8476
8477
8478
8479
8480
8481
8482
8483
8484
8485
8486
8487
8488
8489
8490
8491
8492
8493
8494
8495
8496
8497
8498
8499
8500
8501
8502
8503
8504
8505
8506
8507
8508
8509
8510
8511
8512
8513
8514
8515
8516
8517
8518
8519
8520
8521
8522
8523
8524
8525
8526
8527
8528
8529
8530
8531
8532
8533
8534
8535
8536
8537
8538
8539
8540
8541
8542
8543
8544
8545
8546
8547
8548
8549
8550
8551
8552
8553
8554
8555
8556
8557
8558
8559
8560
8561
8562
8563
8564
8565
8566
8567
8568
8569
8570
8571
8572
8573
8574
8575
8576
8577
8578
8579
8580
8581
8582
8583
8584
8585
8586
8587
8588
8589
8590
8591
8592
8593
8594
8595
8596
8597
8598
8599
8600
8601
8602
8603
8604
8605
8606
8607
8608
8609
8610
8611
8612
8613
8614
8615
8616
8617
8618
8619
8620
8621
8622
8623
8624
8625
8626
8627
8628
8629
8630
8631
8632
8633
8634
8635
8636
8637
8638
8639
8640
8641
8642
8643
8644
8645
8646
8647
8648
8649
8650
8651
8652
8653
8654
8655
8656
8657
8658
8659
8660
8661
8662
8663
8664
8665
8666
8667
8668
8669
8670
8671
8672
8673
8674
8675
8676
8677
8678
8679
8680
8681
8682
8683
8684
8685
8686
8687
8688
8689
8690
8691
8692
8693
8694
8695
8696
8697
8698
8699
8700
8701
8702
8703
8704
8705
8706
8707
8708
8709
8710
8711
8712
8713
8714
8715
8716
8717
8718
8719
8720
8721
8722
8723
8724
8725
8726
8727
8728
8729
8730
8731
8732
8733
8734
8735
8736
8737
8738
8739
8740
8741
8742
8743
8744
8745
8746
8747
8748
8749
8750
8751
8752
8753
8754
8755
8756
8757
8758
8759
8760
8761
8762
8763
8764
8765
8766
8767
8768
8769
8770
8771
8772
8773
8774
8775
8776
8777
8778
8779
8780
8781
8782
8783
8784
8785
8786
8787
8788
8789
8790
8791
8792
8793
8794
8795
8796
8797
8798
8799
8800
8801
8802
8803
8804
8805
8806
8807
8808
8809
8810
8811
8812
8813
8814
8815
8816
8817
8818
8819
8820
8821
8822
8823
8824
8825
8826
8827
8828
8829
8830
8831
8832
8833
8834
8835
8836
8837
8838
8839
8840
8841
8842
8843
8844
8845
8846
8847
8848
8849
8850
8851
8852
8853
8854
8855
8856
8857
8858
8859
8860
8861
8862
8863
8864
8865
8866
8867
8868
8869
8870
8871
8872
8873
8874
8875
8876
8877
8878
8879
8880
8881
8882
8883
8884
8885
8886
8887
8888
8889
8890
8891
8892
8893
8894
8895
8896
8897
8898
8899
8900
8901
8902
8903
8904
8905
8906
8907
8908
8909
8910
8911
8912
8913
8914
8915
8916
8917
8918
8919
8920
8921
8922
8923
8924
8925
8926
8927
8928
8929
8930
8931
8932
8933
8934
8935
8936
8937
8938
8939
8940
8941
8942
8943
8944
8945
8946
8947
8948
8949
8950
8951
8952
8953
8954
8955
8956
8957
8958
8959
8960
8961
8962
8963
8964
8965
8966
8967
8968
8969
8970
8971
8972
8973
8974
8975
8976
8977
8978
8979
8980
8981
8982
8983
8984
8985
8986
8987
8988
8989
8990
8991
8992
8993
8994
8995
8996
8997
8998
8999
9000
9001
9002
9003
9004
9005
9006
9007
9008
9009
9010
9011
9012
9013
9014
9015
9016
9017
9018
9019
9020
9021
9022
9023
9024
9025
9026
9027
9028
9029
9030
9031
9032
9033
9034
9035
9036
9037
9038
9039
9040
9041
9042
9043
9044
9045
9046
9047
9048
9049
9050
9051
9052
9053
9054
9055
9056
9057
9058
9059
9060
9061
9062
9063
9064
9065
9066
9067
9068
9069
9070
9071
9072
9073
9074
9075
9076
9077
9078
9079
9080
9081
9082
9083
9084
9085
9086
9087
9088
9089
9090
9091
9092
9093
9094
9095
9096
9097
9098
9099
9100
9101
9102
9103
9104
9105
9106
9107
9108
9109
9110
9111
9112
9113
9114
9115
9116
9117
9118
9119
9120
9121
9122
9123
9124
9125
9126
9127
9128
9129
9130
9131
9132
9133
9134
9135
9136
9137
9138
9139
9140
9141
9142
9143
9144
9145
9146
9147
9148
9149
9150
9151
9152
9153
9154
9155
9156
9157
9158
9159
9160
9161
9162
9163
9164
9165
9166
9167
9168
9169
9170
9171
9172
9173
9174
9175
9176
9177
9178
9179
9180
9181
9182
9183
9184
9185
9186
9187
9188
9189
9190
9191
9192
9193
9194
9195
9196
9197
9198
9199
9200
9201
9202
9203
9204
9205
9206
9207
9208
9209
9210
9211
9212
9213
9214
9215
9216
9217
9218
9219
9220
9221
9222
9223
9224
9225
9226
9227
9228
9229
9230
9231
9232
9233
9234
9235
9236
9237
9238
9239
9240
9241
9242
9243
9244
9245
9246
9247
9248
9249
9250
9251
9252
9253
9254
9255
9256
9257
9258
9259
9260
9261
9262
9263
9264
9265
9266
9267
9268
9269
9270
9271
9272
9273
9274
9275
9276
9277
9278
9279
9280
9281
9282
9283
9284
9285
9286
9287
9288
9289
9290
9291
9292
9293
9294
9295
9296
9297
9298
9299
9300
9301
9302
9303
9304
9305
9306
9307
9308
9309
9310
9311
9312
9313
9314
9315
9316
9317
9318
9319
9320
9321
9322
9323
9324
9325
9326
9327
9328
9329
9330
9331
9332
9333
9334
9335
9336
9337
9338
9339
9340
9341
9342
9343
9344
9345
9346
9347
9348
9349
9350
9351
9352
9353
9354
9355
9356
9357
9358
9359
9360
9361
9362
9363
9364
9365
9366
9367
9368
9369
9370
9371
9372
9373
9374
9375
9376
9377
9378
9379
9380
9381
9382
9383
9384
9385
9386
9387
9388
9389
9390
9391
9392
9393
9394
9395
9396
9397
9398
9399
9400
9401
9402
9403
9404
9405
9406
9407
9408
9409
9410
9411
9412
9413
9414
9415
9416
9417
9418
9419
9420
9421
9422
9423
9424
9425
9426
9427
9428
9429
9430
9431
9432
9433
9434
9435
9436
9437
9438
9439
9440
9441
9442
9443
9444
9445
9446
9447
9448
9449
9450
9451
9452
9453
9454
9455
9456
9457
9458
9459
9460
9461
9462
9463
9464
9465
9466
9467
9468
9469
9470
9471
9472
9473
9474
9475
9476
9477
9478
9479
9480
9481
9482
9483
9484
9485
9486
9487
9488
9489
9490
9491
9492
9493
9494
9495
9496
9497
9498
9499
9500
9501
9502
9503
9504
9505
9506
9507
9508
9509
9510
9511
9512
9513
9514
9515
9516
9517
9518
9519
9520
9521
9522
9523
9524
9525
9526
9527
9528
9529
9530
9531
9532
9533
9534
9535
9536
9537
9538
9539
9540
9541
9542
9543
9544
9545
9546
9547
9548
9549
9550
9551
9552
9553
9554
9555
9556
9557
9558
9559
9560
9561
9562
9563
9564
9565
9566
9567
9568
9569
9570
9571
9572
9573
9574
9575
9576
9577
9578
9579
9580
9581
9582
9583
9584
9585
9586
9587
9588
9589
9590
9591
9592
9593
9594
9595
9596
9597
9598
9599
9600
9601
9602
9603
9604
9605
9606
9607
9608
9609
9610
9611
9612
9613
9614
9615
9616
9617
9618
9619
9620
9621
9622
9623
9624
9625
9626
9627
9628
9629
9630
9631
9632
9633
9634
9635
9636
9637
9638
9639
9640
9641
9642
9643
9644
9645
9646
9647
9648
9649
9650
9651
9652
9653
9654
9655
9656
9657
9658
9659
9660
9661
9662
9663
9664
9665
9666
9667
9668
9669
9670
9671
9672
9673
9674
9675
9676
9677
9678
9679
9680
9681
9682
9683
9684
9685
9686
9687
9688
9689
9690
9691
9692
9693
9694
9695
9696
9697
9698
9699
9700
9701
9702
9703
9704
9705
9706
9707
9708
9709
9710
9711
9712
9713
9714
9715
9716
9717
9718
9719
9720
9721
9722
9723
9724
9725
9726
9727
9728
9729
9730
9731
9732
9733
9734
9735
9736
9737
9738
9739
9740
9741
9742
9743
9744
9745
9746
9747
9748
9749
9750
9751
9752
9753
9754
9755
9756
9757
9758
9759
9760
9761
9762
9763
9764
9765
9766
9767
9768
9769
9770
9771
9772
9773
9774
9775
9776
9777
9778
9779
9780
9781
9782
9783
9784
9785
9786
9787
9788
9789
9790
9791
9792
9793
9794
9795
9796
9797
9798
9799
9800
9801
9802
9803
9804
9805
9806
9807
9808
9809
9810
9811
9812
9813
9814
9815
9816
9817
9818
9819
9820
9821
9822
9823
9824
9825
9826
9827
9828
9829
9830
9831
9832
9833
9834
9835
9836
9837
9838
9839
9840
9841
9842
9843
9844
9845
9846
9847
9848
9849
9850
9851
9852
9853
9854
9855
9856
9857
9858
9859
9860
9861
9862
9863
9864
9865
9866
9867
9868
9869
9870
9871
9872
9873
9874
9875
9876
9877
9878
9879
9880
9881
9882
9883
9884
9885
9886
9887
9888
9889
9890
9891
9892
9893
9894
9895
9896
9897
9898
9899
9900
9901
9902
9903
9904
9905
9906
9907
9908
9909
9910
9911
9912
9913
9914
9915
9916
9917
9918
9919
9920
9921
9922
9923
9924
9925
9926
9927
9928
9929
9930
9931
9932
9933
9934
9935
9936
9937
9938
9939
9940
9941
9942
9943
9944
9945
9946
9947
9948
9949
9950
9951
9952
9953
9954
9955
9956
9957
9958
9959
9960
9961
9962
9963
9964
9965
9966
9967
9968
9969
9970
9971
9972
9973
9974
9975
9976
9977
9978
9979
9980
9981
9982
9983
9984
9985
9986
9987
9988
9989
9990
9991
9992
9993
9994
9995
9996
9997
9998
9999
10000
10001
10002
10003
10004
10005
10006
10007
10008
10009
10010
10011
10012
10013
10014
10015
10016
10017
10018
10019
10020
10021
10022
10023
10024
10025
10026
10027
10028
10029
10030
10031
10032
10033
10034
10035
10036
10037
10038
10039
10040
10041
10042
10043
10044
10045
10046
10047
10048
10049
10050
10051
10052
10053
10054
10055
10056
10057
10058
10059
10060
10061
10062
10063
10064
10065
10066
10067
10068
10069
10070
10071
10072
10073
10074
10075
10076
10077
10078
10079
10080
10081
10082
10083
10084
10085
10086
10087
10088
10089
10090
10091
10092
10093
10094
10095
10096
10097
10098
10099
10100
10101
10102
10103
10104
10105
10106
10107
10108
10109
10110
10111
10112
10113
10114
10115
10116
10117
10118
10119
10120
10121
10122
10123
10124
10125
10126
10127
10128
10129
10130
10131
10132
10133
10134
10135
10136
10137
10138
10139
10140
10141
10142
10143
10144
10145
10146
10147
10148
10149
10150
10151
10152
10153
10154
10155
10156
10157
10158
10159
10160
10161
10162
10163
10164
10165
10166
10167
10168
10169
10170
10171
10172
10173
10174
10175
10176
10177
10178
10179
10180
10181
10182
10183
10184
10185
10186
10187
10188
10189
10190
10191
10192
10193
10194
10195
10196
10197
10198
10199
10200
10201
10202
10203
10204
10205
10206
10207
10208
10209
10210
10211
10212
10213
10214
10215
10216
10217
10218
10219
10220
10221
10222
10223
10224
10225
10226
10227
10228
10229
10230
10231
10232
10233
10234
10235
10236
10237
10238
10239
10240
10241
10242
10243
10244
10245
10246
10247
10248
10249
10250
10251
10252
10253
10254
10255
10256
10257
10258
10259
10260
10261
10262
10263
10264
10265
10266
10267
10268
10269
10270
10271
10272
10273
10274
10275
10276
10277
10278
10279
10280
10281
10282
10283
10284
10285
10286
10287
10288
10289
10290
10291
10292
10293
10294
10295
10296
10297
10298
10299
10300
10301
10302
10303
10304
10305
10306
10307
10308
10309
10310
10311
10312
10313
10314
10315
10316
10317
10318
10319
10320
10321
10322
10323
10324
10325
10326
10327
10328
10329
10330
10331
10332
10333
10334
10335
10336
10337
10338
10339
10340
10341
10342
10343
10344
10345
10346
10347
10348
10349
10350
10351
10352
10353
10354
10355
10356
10357
10358
10359
10360
10361
10362
10363
10364
10365
10366
10367
10368
10369
10370
10371
10372
10373
10374
10375
10376
10377
10378
10379
10380
10381
10382
10383
10384
10385
10386
10387
10388
10389
10390
10391
10392
10393
10394
10395
10396
10397
10398
10399
10400
10401
10402
10403
10404
10405
10406
10407
10408
10409
10410
10411
10412
10413
10414
10415
10416
10417
10418
10419
10420
10421
10422
10423
10424
10425
10426
10427
10428
10429
10430
10431
10432
10433
10434
10435
10436
10437
10438
10439
10440
10441
10442
10443
10444
10445
10446
10447
10448
10449
10450
10451
10452
10453
10454
10455
10456
10457
10458
10459
10460
10461
10462
10463
10464
10465
10466
10467
10468
10469
10470
10471
10472
10473
10474
10475
10476
10477
10478
10479
10480
10481
10482
10483
10484
10485
10486
10487
10488
10489
10490
10491
10492
10493
10494
10495
10496
10497
10498
10499
10500
10501
10502
10503
10504
10505
10506
10507
10508
10509
10510
10511
10512
10513
10514
10515
10516
10517
10518
10519
10520
10521
10522
10523
10524
10525
10526
10527
10528
10529
10530
10531
10532
10533
10534
10535
10536
10537
10538
10539
10540
10541
10542
10543
10544
10545
10546
10547
10548
10549
10550
10551
10552
10553
10554
10555
10556
10557
10558
10559
10560
10561
10562
10563
10564
10565
10566
10567
10568
10569
10570
10571
10572
10573
10574
10575
10576
10577
10578
10579
10580
10581
10582
10583
10584
10585
10586
10587
10588
10589
10590
10591
10592
10593
10594
10595
10596
10597
10598
10599
10600
10601
10602
10603
10604
10605
10606
10607
10608
10609
10610
10611
10612
10613
10614
10615
10616
10617
10618
10619
10620
10621
10622
10623
10624
10625
10626
10627
10628
10629
10630
10631
10632
10633
10634
10635
10636
10637
10638
10639
10640
10641
10642
10643
10644
10645
10646
10647
10648
10649
10650
10651
10652
10653
10654
10655
10656
10657
10658
10659
10660
10661
10662
10663
10664
10665
10666
10667
10668
10669
10670
10671
10672
10673
10674
10675
10676
10677
10678
10679
10680
10681
10682
10683
10684
10685
10686
10687
10688
10689
10690
10691
10692
10693
10694
10695
10696
10697
10698
10699
10700
10701
10702
10703
10704
10705
10706
10707
10708
10709
10710
10711
10712
10713
10714
10715
10716
10717
10718
10719
10720
10721
10722
10723
10724
10725
10726
10727
10728
10729
10730
10731
10732
10733
10734
10735
10736
10737
10738
10739
10740
10741
10742
10743
10744
10745
10746
10747
10748
10749
10750
10751
10752
10753
10754
10755
10756
10757
10758
10759
10760
10761
10762
10763
10764
10765
10766
10767
10768
10769
10770
10771
10772
10773
10774
10775
10776
10777
10778
10779
10780
10781
10782
10783
10784
10785
10786
10787
10788
10789
10790
10791
10792
10793
10794
10795
10796
10797
10798
10799
10800
10801
10802
10803
10804
10805
10806
10807
10808
10809
10810
10811
10812
10813
10814
10815
10816
10817
10818
10819
10820
10821
10822
10823
10824
10825
10826
10827
10828
10829
10830
10831
10832
10833
10834
10835
10836
10837
10838
10839
10840
10841
10842
10843
10844
10845
10846
10847
10848
10849
10850
10851
10852
10853
10854
10855
10856
10857
10858
10859
10860
10861
10862
10863
10864
10865
10866
10867
10868
10869
10870
10871
10872
10873
10874
10875
10876
10877
10878
10879
10880
10881
10882
10883
10884
10885
10886
10887
10888
10889
10890
10891
10892
10893
10894
10895
10896
10897
10898
10899
10900
10901
10902
10903
10904
10905
10906
10907
10908
10909
10910
10911
10912
10913
10914
10915
10916
10917
10918
10919
10920
10921
10922
10923
10924
10925
10926
10927
10928
10929
10930
10931
10932
10933
10934
10935
10936
10937
10938
10939
10940
10941
10942
10943
10944
10945
10946
10947
10948
10949
10950
10951
10952
10953
10954
10955
10956
10957
10958
10959
10960
10961
10962
10963
10964
10965
10966
10967
10968
10969
10970
10971
10972
10973
10974
10975
10976
10977
10978
10979
10980
10981
10982
10983
10984
10985
10986
10987
10988
10989
10990
10991
10992
10993
10994
10995
10996
10997
10998
10999
11000
11001
11002
11003
11004
11005
11006
11007
11008
11009
11010
11011
11012
11013
11014
11015
11016
11017
11018
11019
11020
11021
11022
11023
11024
11025
11026
11027
11028
11029
11030
11031
11032
11033
11034
11035
11036
11037
11038
11039
11040
11041
11042
11043
11044
11045
11046
11047
11048
11049
11050
11051
11052
11053
11054
11055
11056
11057
11058
11059
11060
11061
11062
11063
11064
11065
11066
11067
11068
11069
11070
11071
11072
11073
11074
11075
11076
11077
11078
11079
11080
11081
11082
11083
11084
11085
11086
11087
11088
11089
11090
11091
11092
11093
11094
11095
11096
11097
11098
11099
11100
11101
11102
11103
11104
11105
11106
11107
11108
11109
11110
11111
11112
11113
11114
11115
11116
11117
11118
11119
11120
11121
11122
11123
11124
11125
11126
11127
11128
11129
11130
11131
11132
11133
11134
11135
11136
11137
11138
11139
11140
11141
11142
11143
11144
11145
11146
11147
11148
11149
11150
11151
11152
11153
11154
11155
11156
11157
11158
11159
11160
11161
11162
11163
11164
11165
11166
11167
11168
11169
11170
11171
11172
11173
11174
11175
11176
11177
11178
11179
11180
11181
11182
11183
11184
11185
11186
11187
11188
11189
11190
11191
11192
11193
11194
11195
11196
11197
11198
11199
11200
11201
11202
11203
11204
11205
11206
11207
11208
11209
11210
11211
11212
11213
11214
11215
11216
11217
11218
11219
11220
11221
11222
11223
11224
11225
11226
11227
11228
11229
11230
11231
11232
11233
11234
11235
11236
11237
11238
11239
11240
11241
11242
11243
11244
11245
11246
11247
11248
11249
11250
11251
11252
11253
11254
11255
11256
11257
11258
11259
11260
11261
11262
11263
11264
11265
11266
11267
11268
11269
11270
11271
11272
11273
11274
11275
11276
11277
11278
11279
11280
11281
11282
11283
11284
11285
11286
11287
11288
11289
11290
11291
11292
11293
11294
11295
11296
11297
11298
11299
11300
11301
11302
11303
11304
11305
11306
11307
11308
11309
11310
11311
11312
11313
11314
11315
11316
11317
11318
11319
11320
11321
11322
11323
11324
11325
11326
11327
11328
11329
11330
11331
11332
11333
11334
11335
11336
11337
11338
11339
11340
11341
11342
11343
11344
11345
11346
11347
11348
11349
11350
11351
11352
11353
11354
11355
11356
11357
11358
11359
11360
11361
11362
11363
11364
11365
11366
11367
11368
11369
11370
11371
11372
11373
11374
11375
11376
11377
11378
11379
11380
11381
11382
11383
11384
11385
11386
11387
11388
11389
11390
11391
11392
11393
11394
11395
11396
11397
11398
11399
11400
11401
11402
11403
11404
11405
11406
11407
11408
11409
11410
11411
11412
11413
11414
11415
11416
11417
11418
11419
11420
11421
11422
11423
11424
11425
11426
11427
11428
11429
11430
11431
11432
11433
11434
11435
11436
11437
11438
11439
11440
11441
11442
11443
11444
11445
11446
11447
11448
11449
11450
11451
11452
11453
11454
11455
11456
11457
11458
11459
11460
11461
11462
11463
11464
11465
11466
11467
11468
11469
11470
11471
11472
11473
11474
11475
11476
11477
11478
11479
11480
11481
11482
11483
11484
11485
11486
11487
11488
11489
11490
11491
11492
11493
11494
11495
11496
11497
11498
11499
11500
11501
11502
11503
11504
11505
11506
11507
11508
11509
11510
11511
11512
11513
11514
11515
11516
11517
11518
11519
11520
11521
11522
11523
11524
11525
11526
11527
11528
11529
11530
11531
11532
11533
11534
11535
11536
11537
11538
11539
11540
11541
11542
11543
11544
11545
11546
11547
11548
11549
11550
11551
11552
11553
11554
11555
11556
11557
11558
11559
11560
11561
11562
11563
11564
11565
11566
11567
11568
11569
11570
11571
11572
11573
11574
11575
11576
11577
11578
11579
11580
11581
11582
11583
11584
11585
11586
11587
11588
11589
11590
11591
11592
11593
11594
11595
11596
11597
11598
11599
11600
11601
11602
11603
11604
11605
11606
11607
11608
11609
11610
11611
11612
11613
11614
11615
11616
11617
11618
11619
11620
11621
11622
11623
11624
11625
11626
11627
11628
11629
11630
11631
11632
11633
11634
11635
11636
11637
11638
11639
11640
11641
11642
11643
11644
11645
11646
11647
11648
11649
11650
11651
11652
11653
11654
11655
11656
11657
11658
11659
11660
11661
11662
11663
11664
11665
11666
11667
11668
11669
11670
11671
11672
11673
11674
11675
11676
11677
11678
11679
11680
11681
11682
11683
11684
11685
11686
11687
11688
11689
11690
11691
11692
11693
11694
11695
11696
11697
11698
11699
11700
11701
11702
11703
11704
11705
11706
11707
11708
11709
11710
11711
11712
11713
11714
11715
11716
11717
11718
11719
11720
11721
11722
11723
11724
11725
11726
11727
11728
11729
11730
11731
11732
11733
11734
11735
11736
11737
11738
11739
11740
11741
11742
11743
11744
11745
11746
11747
11748
11749
11750
11751
11752
11753
11754
11755
11756
11757
11758
11759
11760
11761
11762
11763
11764
11765
11766
11767
11768
11769
11770
11771
11772
11773
11774
11775
11776
11777
11778
11779
11780
11781
11782
11783
11784
11785
11786
11787
11788
11789
11790
11791
11792
11793
11794
11795
11796
11797
11798
11799
11800
11801
11802
11803
11804
11805
11806
11807
11808
11809
11810
11811
11812
11813
11814
11815
11816
11817
11818
11819
11820
11821
11822
11823
11824
11825
11826
11827
11828
11829
11830
11831
11832
11833
11834
11835
11836
11837
11838
11839
11840
11841
11842
11843
11844
11845
11846
11847
11848
11849
11850
11851
11852
11853
11854
11855
11856
11857
11858
11859
11860
11861
11862
11863
11864
11865
11866
11867
11868
11869
11870
11871
11872
11873
11874
11875
11876
11877
11878
11879
11880
11881
11882
11883
11884
11885
11886
11887
11888
11889
11890
11891
11892
11893
11894
11895
11896
11897
11898
11899
11900
11901
11902
11903
11904
11905
11906
11907
11908
11909
11910
11911
11912
11913
11914
11915
11916
11917
11918
11919
11920
11921
11922
11923
11924
11925
11926
11927
11928
11929
11930
11931
11932
11933
11934
11935
11936
11937
11938
11939
11940
11941
11942
11943
11944
11945
11946
11947
11948
11949
11950
11951
11952
11953
11954
11955
11956
11957
11958
11959
11960
11961
11962
11963
11964
11965
11966
11967
11968
11969
11970
11971
11972
11973
11974
11975
11976
11977
11978
11979
11980
11981
11982
11983
11984
11985
11986
11987
11988
11989
11990
11991
11992
11993
11994
11995
11996
11997
11998
11999
12000
12001
12002
12003
12004
12005
12006
12007
12008
12009
12010
12011
12012
12013
12014
12015
12016
12017
12018
12019
12020
12021
12022
12023
12024
12025
12026
12027
12028
12029
12030
12031
12032
12033
12034
12035
12036
12037
12038
12039
12040
12041
12042
12043
12044
12045
12046
12047
12048
12049
12050
12051
12052
12053
12054
12055
12056
12057
12058
12059
12060
12061
12062
12063
12064
12065
12066
12067
12068
12069
12070
12071
12072
12073
12074
12075
12076
12077
12078
12079
12080
12081
12082
12083
12084
12085
12086
12087
12088
12089
12090
12091
12092
12093
12094
12095
12096
12097
12098
12099
12100
12101
12102
12103
12104
12105
12106
12107
12108
12109
12110
12111
12112
12113
12114
12115
12116
12117
12118
12119
12120
12121
12122
12123
12124
12125
12126
12127
12128
12129
12130
12131
12132
12133
12134
12135
12136
12137
12138
12139
12140
12141
12142
12143
12144
12145
12146
12147
12148
12149
12150
12151
12152
12153
12154
12155
12156
12157
12158
12159
12160
12161
12162
12163
12164
12165
12166
12167
12168
12169
12170
12171
12172
12173
12174
12175
12176
12177
12178
12179
12180
12181
12182
12183
12184
12185
12186
12187
12188
12189
12190
12191
12192
12193
12194
12195
12196
12197
12198
12199
12200
12201
12202
12203
12204
12205
12206
12207
12208
12209
12210
12211
12212
12213
12214
12215
12216
12217
12218
12219
12220
12221
12222
12223
12224
12225
12226
12227
12228
12229
12230
12231
12232
12233
12234
12235
12236
12237
12238
12239
12240
12241
12242
12243
12244
12245
12246
12247
12248
12249
12250
12251
12252
12253
12254
12255
12256
12257
12258
12259
12260
12261
12262
12263
12264
12265
12266
12267
12268
12269
12270
12271
12272
12273
12274
12275
12276
12277
12278
12279
12280
12281
12282
12283
12284
12285
12286
12287
12288
12289
12290
12291
12292
12293
12294
12295
12296
12297
12298
12299
12300
12301
12302
12303
12304
12305
12306
12307
12308
12309
12310
12311
12312
12313
12314
12315
12316
12317
12318
12319
12320
12321
12322
12323
12324
12325
12326
12327
12328
12329
12330
12331
12332
12333
12334
12335
12336
12337
12338
12339
12340
12341
12342
12343
12344
12345
12346
12347
12348
12349
12350
12351
12352
12353
12354
12355
12356
12357
12358
12359
12360
12361
12362
12363
12364
12365
12366
12367
12368
12369
12370
12371
12372
12373
12374
12375
12376
12377
12378
12379
12380
12381
12382
12383
12384
12385
12386
12387
12388
12389
12390
12391
12392
12393
12394
12395
12396
12397
12398
12399
12400
12401
12402
12403
12404
12405
12406
12407
12408
12409
12410
12411
12412
12413
12414
12415
12416
12417
12418
12419
12420
12421
12422
12423
12424
12425
12426
12427
12428
12429
12430
12431
12432
12433
12434
12435
12436
12437
12438
12439
12440
12441
12442
12443
12444
12445
12446
12447
12448
12449
12450
12451
12452
12453
12454
12455
12456
12457
12458
12459
12460
12461
12462
12463
12464
12465
12466
12467
12468
12469
12470
12471
12472
12473
12474
12475
12476
12477
12478
12479
12480
12481
12482
12483
12484
12485
12486
12487
12488
12489
12490
12491
12492
12493
12494
12495
12496
12497
12498
12499
12500
12501
12502
12503
12504
12505
12506
12507
12508
12509
12510
12511
12512
12513
12514
12515
12516
12517
12518
12519
12520
12521
12522
12523
12524
12525
12526
12527
12528
12529
12530
12531
12532
12533
12534
12535
12536
12537
12538
12539
12540
12541
12542
12543
12544
12545
12546
12547
12548
12549
12550
12551
12552
12553
12554
12555
12556
12557
12558
12559
12560
12561
12562
12563
12564
12565
12566
12567
12568
12569
12570
12571
12572
12573
12574
12575
12576
12577
12578
12579
12580
12581
12582
12583
12584
12585
12586
12587
12588
12589
12590
12591
12592
12593
12594
12595
12596
12597
12598
12599
12600
12601
12602
12603
12604
12605
12606
12607
12608
12609
12610
12611
12612
12613
12614
12615
12616
12617
12618
12619
12620
12621
12622
12623
12624
12625
12626
12627
12628
12629
12630
12631
12632
12633
12634
12635
12636
12637
12638
12639
12640
12641
12642
12643
12644
12645
12646
12647
12648
12649
12650
12651
12652
12653
12654
12655
12656
12657
12658
12659
12660
12661
12662
12663
12664
12665
12666
12667
12668
12669
12670
12671
12672
12673
12674
12675
12676
12677
12678
12679
12680
12681
12682
12683
12684
12685
12686
12687
12688
12689
12690
12691
12692
12693
12694
12695
12696
12697
12698
12699
12700
12701
12702
12703
12704
12705
12706
12707
12708
12709
12710
12711
12712
12713
12714
12715
12716
12717
12718
12719
12720
12721
12722
12723
12724
12725
12726
12727
12728
12729
12730
12731
12732
12733
12734
12735
12736
12737
12738
12739
12740
12741
12742
12743
12744
12745
12746
12747
12748
12749
12750
12751
12752
12753
12754
12755
12756
12757
12758
12759
12760
12761
12762
12763
12764
12765
12766
12767
12768
12769
12770
12771
12772
12773
12774
12775
12776
12777
12778
12779
12780
12781
12782
12783
12784
12785
12786
12787
12788
12789
12790
12791
12792
12793
12794
12795
12796
12797
12798
12799
12800
12801
12802
12803
12804
12805
12806
12807
12808
12809
12810
12811
12812
12813
12814
12815
12816
12817
12818
12819
12820
12821
12822
12823
12824
12825
12826
12827
12828
12829
12830
12831
12832
12833
12834
12835
12836
12837
12838
12839
12840
12841
12842
12843
12844
12845
12846
12847
12848
12849
12850
12851
12852
12853
12854
12855
12856
12857
12858
12859
12860
12861
12862
12863
12864
12865
12866
12867
12868
12869
12870
12871
12872
12873
12874
12875
12876
12877
12878
12879
12880
12881
12882
12883
12884
12885
12886
12887
12888
12889
12890
12891
12892
12893
12894
12895
12896
12897
12898
12899
12900
12901
12902
12903
12904
12905
12906
12907
12908
12909
12910
12911
12912
12913
12914
12915
12916
12917
12918
12919
12920
12921
12922
12923
12924
12925
12926
12927
12928
12929
12930
12931
12932
12933
12934
12935
12936
12937
12938
12939
12940
12941
12942
12943
12944
12945
12946
12947
12948
12949
12950
12951
12952
12953
12954
12955
12956
12957
12958
12959
12960
12961
12962
12963
12964
12965
12966
12967
12968
12969
12970
12971
12972
12973
12974
12975
12976
12977
12978
12979
12980
12981
12982
12983
12984
12985
12986
12987
12988
12989
12990
12991
12992
12993
12994
12995
12996
12997
12998
12999
13000
13001
13002
13003
13004
13005
13006
13007
13008
13009
13010
13011
13012
13013
13014
13015
13016
13017
13018
13019
13020
13021
13022
13023
13024
13025
13026
13027
13028
13029
13030
13031
13032
13033
13034
13035
13036
13037
13038
13039
13040
13041
13042
13043
13044
13045
13046
13047
13048
13049
13050
13051
13052
13053
13054
13055
13056
13057
13058
13059
13060
13061
13062
13063
13064
13065
13066
13067
13068
13069
13070
13071
13072
13073
13074
13075
13076
13077
13078
13079
13080
13081
13082
13083
13084
13085
13086
13087
13088
13089
13090
13091
13092
13093
13094
13095
13096
13097
13098
13099
13100
13101
13102
13103
13104
13105
13106
13107
13108
13109
13110
13111
13112
13113
13114
13115
13116
13117
13118
13119
13120
13121
13122
13123
13124
13125
13126
13127
13128
13129
13130
13131
13132
13133
13134
13135
13136
13137
13138
13139
13140
13141
13142
13143
13144
13145
13146
13147
13148
13149
13150
13151
13152
13153
13154
13155
13156
13157
13158
13159
13160
13161
13162
13163
13164
13165
13166
13167
13168
13169
13170
13171
13172
13173
13174
13175
13176
13177
13178
13179
13180
13181
13182
13183
13184
13185
13186
13187
13188
13189
13190
13191
13192
13193
13194
13195
13196
13197
13198
13199
13200
13201
13202
13203
13204
13205
13206
13207
13208
13209
13210
13211
13212
13213
13214
13215
13216
13217
13218
13219
13220
13221
13222
13223
13224
13225
13226
13227
13228
13229
13230
13231
13232
13233
13234
13235
13236
13237
13238
13239
13240
13241
13242
13243
13244
13245
13246
13247
13248
13249
13250
13251
13252
13253
13254
13255
13256
13257
13258
13259
13260
13261
13262
13263
13264
13265
13266
13267
13268
13269
13270
13271
13272
13273
13274
13275
13276
13277
13278
13279
13280
13281
13282
13283
13284
13285
13286
13287
13288
13289
13290
13291
13292
13293
13294
13295
13296
13297
13298
13299
13300
13301
13302
13303
13304
13305
13306
13307
13308
13309
13310
13311
13312
13313
13314
13315
13316
13317
13318
13319
13320
13321
13322
13323
13324
13325
13326
13327
13328
13329
13330
13331
13332
13333
13334
13335
13336
13337
13338
13339
13340
13341
13342
13343
13344
13345
13346
13347
13348
13349
13350
13351
13352
13353
13354
13355
13356
13357
13358
13359
13360
13361
13362
13363
13364
13365
13366
13367
13368
13369
13370
13371
13372
13373
13374
13375
13376
13377
13378
13379
13380
13381
13382
13383
13384
13385
13386
13387
13388
13389
13390
13391
13392
13393
13394
13395
13396
13397
13398
13399
13400
13401
13402
13403
13404
13405
13406
13407
13408
13409
13410
13411
13412
13413
13414
13415
13416
13417
13418
13419
13420
13421
13422
13423
13424
13425
13426
13427
13428
13429
13430
13431
13432
13433
13434
13435
13436
13437
13438
13439
13440
13441
13442
13443
13444
13445
13446
13447
13448
13449
13450
13451
13452
13453
13454
13455
13456
13457
13458
13459
13460
13461
13462
13463
13464
13465
13466
13467
13468
13469
13470
13471
13472
13473
13474
13475
13476
13477
13478
13479
13480
13481
13482
13483
13484
13485
13486
13487
13488
13489
13490
13491
13492
13493
13494
13495
13496
13497
13498
13499
13500
13501
13502
13503
13504
13505
13506
13507
13508
13509
13510
13511
13512
13513
13514
13515
13516
13517
13518
13519
13520
13521
13522
13523
13524
13525
13526
13527
13528
13529
13530
13531
13532
13533
13534
13535
13536
13537
13538
13539
13540
13541
13542
13543
13544
13545
13546
13547
13548
13549
13550
13551
13552
13553
13554
13555
13556
13557
13558
13559
13560
13561
13562
13563
13564
13565
13566
13567
13568
13569
13570
13571
13572
13573
13574
13575
13576
13577
13578
13579
13580
13581
13582
13583
13584
13585
13586
13587
13588
13589
13590
13591
13592
13593
13594
13595
13596
13597
13598
13599
13600
13601
13602
13603
13604
13605
13606
13607
13608
13609
13610
13611
13612
13613
13614
13615
13616
13617
13618
13619
13620
13621
13622
13623
13624
13625
13626
13627
13628
13629
13630
13631
13632
13633
13634
13635
13636
13637
13638
13639
13640
13641
13642
13643
13644
13645
13646
13647
13648
13649
13650
13651
13652
13653
13654
13655
13656
13657
13658
13659
13660
13661
13662
13663
13664
13665
13666
13667
13668
13669
13670
13671
13672
13673
13674
13675
13676
13677
13678
13679
13680
13681
13682
13683
13684
13685
13686
13687
13688
13689
13690
13691
13692
13693
13694
13695
13696
13697
13698
13699
13700
13701
13702
13703
13704
13705
13706
13707
13708
13709
13710
13711
13712
13713
13714
13715
13716
13717
13718
13719
13720
13721
13722
13723
13724
13725
13726
13727
13728
13729
13730
13731
13732
13733
13734
13735
13736
13737
13738
13739
13740
13741
13742
13743
13744
13745
13746
13747
13748
13749
13750
13751
13752
13753
13754
13755
13756
13757
13758
13759
13760
13761
13762
13763
13764
13765
13766
13767
13768
13769
13770
13771
13772
13773
13774
13775
13776
13777
13778
13779
13780
13781
13782
13783
13784
13785
13786
13787
13788
13789
13790
13791
13792
13793
13794
13795
13796
13797
13798
13799
13800
13801
13802
13803
13804
13805
13806
13807
13808
13809
13810
13811
13812
13813
13814
13815
13816
13817
13818
13819
13820
13821
13822
13823
13824
13825
13826
13827
13828
13829
13830
13831
13832
13833
13834
13835
13836
13837
13838
13839
13840
13841
13842
13843
13844
13845
13846
13847
13848
13849
13850
13851
13852
13853
13854
13855
13856
13857
13858
13859
13860
13861
13862
13863
13864
13865
13866
13867
13868
13869
13870
13871
13872
13873
13874
13875
13876
13877
13878
13879
13880
13881
13882
13883
13884
13885
13886
13887
13888
13889
13890
13891
13892
13893
13894
13895
13896
13897
13898
13899
13900
13901
13902
13903
13904
13905
13906
13907
13908
13909
13910
13911
13912
13913
13914
13915
13916
13917
13918
13919
13920
13921
13922
13923
13924
13925
13926
13927
13928
13929
13930
13931
13932
13933
13934
13935
13936
13937
13938
13939
13940
13941
13942
13943
13944
13945
13946
13947
13948
13949
13950
13951
13952
13953
13954
13955
13956
13957
13958
13959
13960
13961
13962
13963
13964
13965
13966
13967
13968
13969
13970
13971
13972
13973
13974
13975
13976
13977
13978
13979
13980
13981
13982
13983
13984
13985
13986
13987
13988
13989
13990
13991
13992
13993
13994
13995
13996
13997
13998
13999
14000
14001
14002
14003
14004
14005
14006
14007
14008
14009
14010
14011
14012
14013
14014
14015
14016
14017
14018
14019
14020
14021
14022
14023
14024
14025
14026
14027
14028
14029
14030
14031
14032
14033
14034
14035
14036
14037
14038
14039
14040
14041
14042
14043
14044
14045
14046
14047
14048
14049
14050
14051
14052
14053
14054
14055
14056
14057
14058
14059
14060
14061
14062
14063
14064
14065
14066
14067
14068
14069
14070
14071
14072
14073
14074
14075
14076
14077
14078
14079
14080
14081
14082
14083
14084
14085
14086
14087
14088
14089
14090
14091
14092
14093
14094
14095
14096
14097
14098
14099
14100
14101
14102
14103
14104
14105
14106
14107
14108
14109
14110
14111
14112
14113
14114
14115
14116
14117
14118
14119
14120
14121
14122
14123
14124
14125
14126
14127
14128
14129
14130
14131
14132
14133
14134
14135
14136
14137
14138
14139
14140
14141
14142
14143
14144
14145
14146
14147
14148
14149
14150
14151
14152
14153
14154
14155
14156
14157
14158
14159
14160
14161
14162
14163
14164
14165
14166
14167
14168
14169
14170
14171
14172
14173
14174
14175
14176
14177
14178
14179
14180
14181
14182
14183
14184
14185
14186
14187
14188
14189
14190
14191
14192
14193
14194
14195
14196
14197
14198
14199
14200
14201
14202
14203
14204
14205
14206
14207
14208
14209
14210
14211
14212
14213
14214
14215
14216
14217
14218
14219
14220
14221
14222
14223
14224
14225
14226
14227
14228
14229
14230
14231
14232
14233
14234
14235
14236
14237
14238
14239
14240
14241
14242
14243
14244
14245
14246
14247
14248
14249
14250
14251
14252
14253
14254
14255
14256
14257
14258
14259
14260
14261
14262
14263
14264
14265
14266
14267
14268
14269
14270
14271
14272
14273
14274
14275
14276
14277
14278
14279
14280
14281
14282
14283
14284
14285
14286
14287
14288
14289
14290
14291
14292
14293
14294
14295
14296
14297
14298
14299
14300
14301
14302
14303
14304
14305
14306
14307
14308
14309
14310
14311
14312
14313
14314
14315
14316
14317
14318
14319
14320
14321
14322
14323
14324
14325
14326
14327
14328
14329
14330
14331
14332
14333
14334
14335
14336
14337
14338
14339
14340
14341
14342
14343
14344
14345
14346
14347
14348
14349
14350
14351
14352
14353
14354
14355
14356
14357
14358
14359
14360
14361
14362
14363
14364
14365
14366
14367
14368
14369
14370
14371
14372
14373
14374
14375
14376
14377
14378
14379
14380
14381
14382
14383
14384
14385
14386
14387
14388
14389
14390
14391
14392
14393
14394
14395
14396
14397
14398
14399
14400
14401
14402
14403
14404
14405
14406
14407
14408
14409
14410
14411
14412
14413
14414
14415
14416
14417
14418
14419
14420
14421
14422
14423
14424
14425
14426
14427
14428
14429
14430
14431
14432
14433
14434
14435
14436
14437
14438
14439
14440
14441
14442
14443
14444
14445
14446
14447
14448
14449
14450
14451
14452
14453
14454
14455
14456
14457
14458
14459
14460
14461
14462
14463
14464
14465
14466
14467
14468
14469
14470
14471
14472
14473
14474
14475
14476
14477
14478
14479
14480
14481
14482
14483
14484
14485
14486
14487
14488
14489
14490
14491
14492
14493
14494
14495
14496
14497
14498
14499
14500
14501
14502
14503
14504
14505
14506
14507
14508
14509
14510
14511
14512
14513
14514
14515
14516
14517
14518
14519
14520
14521
14522
14523
14524
14525
14526
14527
14528
14529
14530
14531
14532
14533
14534
14535
14536
14537
14538
14539
14540
14541
14542
14543
14544
14545
14546
14547
14548
14549
14550
14551
14552
14553
14554
14555
14556
14557
14558
14559
14560
14561
14562
14563
14564
14565
14566
14567
14568
14569
14570
14571
14572
14573
14574
14575
14576
14577
14578
14579
14580
14581
14582
14583
14584
14585
14586
14587
14588
14589
14590
14591
14592
14593
14594
14595
14596
14597
14598
14599
14600
14601
14602
14603
14604
14605
14606
14607
14608
14609
14610
14611
14612
14613
14614
14615
14616
14617
14618
14619
14620
14621
14622
14623
14624
14625
14626
14627
14628
14629
14630
14631
14632
14633
14634
14635
14636
14637
14638
14639
14640
14641
14642
14643
14644
14645
14646
14647
14648
14649
14650
14651
14652
14653
14654
14655
14656
14657
14658
14659
14660
14661
14662
14663
14664
14665
14666
14667
14668
14669
14670
14671
14672
14673
14674
14675
14676
14677
14678
14679
14680
14681
14682
14683
14684
14685
14686
14687
14688
14689
14690
14691
14692
14693
14694
14695
14696
14697
14698
14699
14700
14701
14702
14703
14704
14705
14706
14707
14708
14709
14710
14711
14712
14713
14714
14715
14716
14717
14718
14719
14720
14721
14722
14723
14724
14725
14726
14727
14728
14729
14730
14731
14732
14733
14734
14735
14736
14737
14738
14739
14740
14741
14742
14743
14744
14745
14746
14747
14748
14749
14750
14751
14752
14753
14754
14755
14756
14757
14758
14759
14760
14761
14762
14763
14764
14765
14766
14767
14768
14769
14770
14771
14772
14773
14774
14775
14776
14777
14778
14779
14780
14781
14782
14783
14784
14785
14786
14787
14788
14789
14790
14791
14792
14793
14794
14795
14796
14797
14798
14799
14800
14801
14802
14803
14804
14805
14806
14807
14808
14809
14810
14811
14812
14813
14814
14815
14816
14817
14818
14819
14820
14821
14822
14823
14824
14825
14826
14827
14828
14829
14830
14831
14832
14833
14834
14835
14836
14837
14838
14839
14840
14841
14842
14843
14844
14845
14846
14847
14848
14849
14850
14851
14852
14853
14854
14855
14856
14857
14858
14859
14860
14861
14862
14863
14864
14865
14866
14867
14868
14869
14870
14871
14872
14873
14874
14875
14876
14877
14878
14879
14880
14881
14882
14883
14884
14885
14886
14887
14888
14889
14890
14891
14892
14893
14894
14895
14896
14897
14898
14899
14900
14901
14902
14903
14904
14905
14906
14907
14908
14909
14910
14911
14912
14913
14914
14915
14916
14917
14918
14919
14920
14921
14922
14923
14924
14925
14926
14927
14928
14929
14930
14931
14932
14933
14934
14935
14936
14937
14938
14939
14940
14941
14942
14943
14944
14945
14946
14947
14948
14949
14950
14951
14952
14953
14954
14955
14956
14957
14958
14959
14960
14961
14962
14963
14964
14965
14966
14967
14968
14969
14970
14971
14972
14973
14974
14975
14976
14977
14978
14979
14980
14981
14982
14983
14984
14985
14986
14987
14988
14989
14990
14991
14992
14993
14994
14995
14996
14997
14998
14999
15000
15001
15002
15003
15004
15005
15006
15007
15008
15009
15010
15011
15012
15013
15014
15015
15016
15017
15018
15019
15020
15021
15022
15023
15024
15025
15026
15027
15028
15029
15030
15031
15032
15033
15034
15035
15036
15037
15038
15039
15040
15041
15042
15043
15044
15045
15046
15047
15048
15049
15050
15051
15052
15053
15054
15055
15056
15057
15058
15059
15060
15061
15062
15063
15064
15065
15066
15067
15068
15069
15070
15071
15072
15073
15074
15075
15076
15077
15078
15079
15080
15081
15082
15083
15084
15085
15086
15087
15088
15089
15090
15091
15092
15093
15094
15095
15096
15097
15098
15099
15100
15101
15102
15103
15104
15105
15106
15107
15108
15109
15110
15111
15112
15113
15114
15115
15116
15117
15118
15119
15120
15121
15122
15123
15124
15125
15126
15127
15128
15129
15130
15131
15132
15133
15134
15135
15136
15137
15138
15139
15140
15141
15142
15143
15144
15145
15146
15147
15148
15149
15150
15151
15152
15153
15154
15155
15156
15157
15158
15159
15160
15161
15162
15163
15164
15165
15166
15167
15168
15169
15170
15171
15172
15173
15174
15175
15176
15177
15178
15179
15180
15181
15182
15183
15184
15185
15186
15187
15188
15189
15190
15191
15192
15193
15194
15195
15196
15197
15198
15199
15200
15201
15202
15203
15204
15205
15206
15207
15208
15209
15210
15211
15212
15213
15214
15215
15216
15217
15218
15219
15220
15221
15222
15223
15224
15225
15226
15227
15228
15229
15230
15231
15232
15233
15234
15235
15236
15237
15238
15239
15240
15241
15242
15243
15244
15245
15246
15247
15248
15249
15250
15251
15252
15253
15254
15255
15256
15257
15258
15259
15260
15261
15262
15263
15264
15265
15266
15267
15268
15269
15270
15271
15272
15273
15274
15275
15276
15277
15278
15279
15280
15281
15282
15283
15284
15285
15286
15287
15288
15289
15290
15291
15292
15293
15294
15295
15296
15297
15298
15299
15300
15301
15302
15303
15304
15305
15306
15307
15308
15309
15310
15311
15312
15313
15314
15315
15316
15317
15318
15319
15320
15321
15322
15323
15324
15325
15326
15327
15328
15329
15330
15331
15332
15333
15334
15335
15336
15337
15338
15339
15340
15341
15342
15343
15344
15345
15346
15347
15348
15349
15350
15351
15352
15353
15354
15355
15356
15357
15358
15359
15360
15361
15362
15363
15364
15365
15366
15367
15368
15369
15370
15371
15372
15373
15374
15375
15376
15377
15378
15379
15380
15381
15382
15383
15384
15385
15386
15387
15388
15389
15390
15391
15392
15393
15394
15395
15396
15397
15398
15399
15400
15401
15402
15403
15404
15405
15406
15407
15408
15409
15410
15411
15412
15413
15414
15415
15416
15417
15418
15419
15420
15421
15422
15423
15424
15425
15426
15427
15428
15429
15430
15431
15432
15433
15434
15435
15436
15437
15438
15439
15440
15441
15442
15443
15444
15445
15446
15447
15448
15449
15450
15451
15452
15453
15454
15455
15456
15457
15458
15459
15460
15461
15462
15463
15464
15465
15466
15467
15468
15469
15470
15471
15472
15473
15474
15475
15476
15477
15478
15479
15480
15481
15482
15483
15484
15485
15486
15487
15488
15489
15490
15491
15492
15493
15494
15495
15496
15497
15498
15499
15500
15501
15502
15503
15504
15505
15506
15507
15508
15509
15510
15511
15512
15513
15514
15515
15516
15517
15518
15519
15520
15521
15522
15523
15524
15525
15526
15527
15528
15529
15530
15531
15532
15533
15534
15535
15536
15537
15538
15539
15540
15541
15542
15543
15544
15545
15546
15547
15548
15549
15550
15551
15552
15553
15554
15555
15556
15557
15558
15559
15560
15561
15562
15563
15564
15565
15566
15567
15568
15569
15570
15571
15572
15573
15574
15575
15576
15577
15578
15579
15580
15581
15582
15583
15584
15585
15586
15587
15588
15589
15590
15591
15592
15593
15594
15595
15596
15597
15598
15599
15600
15601
15602
15603
15604
15605
15606
15607
15608
15609
15610
15611
15612
15613
15614
15615
15616
15617
15618
15619
15620
15621
15622
15623
15624
15625
15626
15627
15628
15629
15630
15631
15632
15633
15634
15635
15636
15637
15638
15639
15640
15641
15642
15643
15644
15645
15646
15647
15648
15649
15650
15651
15652
15653
15654
15655
15656
15657
15658
15659
15660
15661
15662
15663
15664
15665
15666
15667
15668
15669
15670
15671
15672
15673
15674
15675
15676
15677
15678
15679
15680
15681
15682
15683
15684
15685
15686
15687
15688
15689
15690
15691
15692
15693
15694
15695
15696
15697
15698
15699
15700
15701
15702
15703
15704
15705
15706
15707
15708
15709
15710
15711
15712
15713
15714
15715
15716
15717
15718
15719
15720
15721
15722
15723
15724
15725
15726
15727
15728
15729
15730
15731
15732
15733
15734
15735
15736
15737
15738
15739
15740
15741
15742
15743
15744
15745
15746
15747
15748
15749
15750
15751
15752
15753
15754
15755
15756
15757
15758
15759
15760
15761
15762
15763
15764
15765
15766
15767
15768
15769
15770
15771
15772
15773
15774
15775
15776
15777
15778
15779
15780
15781
15782
15783
15784
15785
15786
15787
15788
15789
15790
15791
15792
15793
15794
15795
15796
15797
15798
15799
15800
15801
15802
15803
15804
15805
15806
15807
15808
15809
15810
15811
15812
15813
15814
15815
15816
15817
15818
15819
15820
15821
15822
15823
15824
15825
15826
15827
15828
15829
15830
15831
15832
15833
15834
15835
15836
15837
15838
15839
15840
15841
15842
15843
15844
15845
15846
15847
15848
15849
15850
15851
15852
15853
15854
15855
15856
15857
15858
15859
15860
15861
15862
15863
15864
15865
15866
15867
15868
15869
15870
15871
15872
15873
15874
15875
15876
15877
15878
15879
15880
15881
15882
15883
15884
15885
15886
15887
15888
15889
15890
15891
15892
15893
15894
15895
15896
15897
15898
15899
15900
15901
15902
15903
15904
15905
15906
15907
15908
15909
15910
15911
15912
15913
15914
15915
15916
15917
15918
15919
15920
15921
15922
15923
15924
15925
15926
15927
15928
15929
15930
15931
15932
15933
15934
15935
15936
15937
15938
15939
15940
15941
15942
15943
15944
15945
15946
15947
15948
15949
15950
15951
15952
15953
15954
15955
15956
15957
15958
15959
15960
15961
15962
15963
15964
15965
15966
15967
15968
15969
15970
15971
15972
15973
15974
15975
15976
15977
15978
15979
15980
15981
15982
15983
15984
15985
15986
15987
15988
15989
15990
15991
15992
15993
15994
15995
15996
15997
15998
15999
16000
16001
16002
16003
16004
16005
16006
16007
16008
16009
16010
16011
16012
16013
16014
16015
16016
16017
16018
16019
16020
16021
16022
16023
16024
16025
16026
16027
16028
16029
16030
16031
16032
16033
16034
16035
16036
16037
16038
16039
16040
16041
16042
16043
16044
16045
16046
16047
16048
16049
16050
16051
16052
16053
16054
16055
16056
16057
16058
16059
16060
16061
16062
16063
16064
16065
16066
16067
16068
16069
16070
16071
16072
16073
16074
16075
16076
16077
16078
16079
16080
16081
16082
16083
16084
16085
16086
16087
16088
16089
16090
16091
16092
16093
16094
16095
16096
16097
16098
16099
16100
16101
16102
16103
16104
16105
16106
16107
16108
16109
16110
16111
16112
16113
16114
16115
16116
16117
16118
16119
16120
16121
16122
16123
16124
16125
16126
16127
16128
16129
16130
16131
16132
16133
16134
16135
16136
16137
16138
16139
16140
16141
16142
16143
16144
16145
16146
16147
16148
16149
16150
16151
16152
16153
16154
16155
16156
16157
16158
16159
16160
16161
16162
16163
16164
16165
16166
16167
16168
16169
16170
16171
16172
16173
16174
16175
16176
16177
16178
16179
16180
16181
16182
16183
16184
16185
16186
16187
16188
16189
16190
16191
16192
16193
16194
16195
16196
16197
16198
16199
16200
16201
16202
16203
16204
16205
16206
16207
16208
16209
16210
16211
16212
16213
16214
16215
16216
16217
16218
16219
16220
16221
16222
16223
16224
16225
16226
16227
16228
16229
16230
16231
16232
16233
16234
16235
16236
16237
16238
16239
16240
16241
16242
16243
16244
16245
16246
16247
16248
16249
16250
16251
16252
16253
16254
16255
16256
16257
16258
16259
16260
16261
16262
16263
16264
16265
16266
16267
16268
16269
16270
16271
16272
16273
16274
16275
16276
16277
16278
16279
16280
16281
16282
16283
16284
16285
16286
16287
16288
16289
16290
16291
16292
16293
16294
16295
16296
16297
16298
16299
16300
16301
16302
16303
16304
16305
16306
16307
16308
16309
16310
16311
16312
16313
16314
16315
16316
16317
16318
16319
16320
16321
16322
16323
16324
16325
16326
16327
16328
16329
16330
16331
16332
16333
16334
16335
16336
16337
16338
16339
16340
16341
16342
16343
16344
16345
16346
16347
16348
16349
16350
16351
16352
16353
16354
16355
16356
16357
16358
16359
16360
16361
16362
16363
16364
16365
16366
16367
16368
16369
16370
16371
16372
16373
16374
16375
16376
16377
16378
16379
16380
16381
16382
16383
16384
16385
16386
16387
16388
16389
16390
16391
16392
16393
16394
16395
16396
16397
16398
16399
16400
16401
16402
16403
16404
16405
16406
16407
16408
16409
16410
16411
16412
16413
16414
16415
16416
16417
16418
16419
16420
16421
16422
16423
16424
16425
16426
16427
16428
16429
16430
16431
16432
16433
16434
16435
16436
16437
16438
16439
16440
16441
16442
16443
16444
16445
16446
16447
16448
16449
16450
16451
16452
16453
16454
16455
16456
16457
16458
16459
16460
16461
16462
16463
16464
16465
16466
16467
16468
16469
16470
16471
16472
16473
16474
16475
16476
16477
16478
16479
16480
16481
16482
16483
16484
16485
16486
16487
16488
16489
16490
16491
16492
16493
16494
16495
16496
16497
16498
16499
16500
16501
16502
16503
16504
16505
16506
16507
16508
16509
16510
16511
16512
16513
16514
16515
16516
16517
16518
16519
16520
16521
16522
16523
16524
16525
16526
16527
16528
16529
16530
16531
16532
16533
16534
16535
16536
16537
16538
16539
16540
16541
16542
16543
16544
16545
16546
16547
16548
16549
16550
16551
16552
16553
16554
16555
16556
16557
16558
16559
16560
16561
16562
16563
16564
16565
16566
16567
16568
16569
16570
16571
16572
16573
16574
16575
16576
16577
16578
16579
16580
16581
16582
16583
16584
16585
16586
16587
16588
16589
16590
16591
16592
16593
16594
16595
16596
16597
16598
16599
16600
16601
16602
16603
16604
16605
16606
16607
16608
16609
16610
16611
16612
16613
16614
16615
16616
16617
16618
16619
16620
16621
16622
16623
16624
16625
16626
16627
16628
16629
16630
16631
16632
16633
16634
16635
16636
16637
16638
16639
16640
16641
16642
16643
16644
16645
16646
16647
16648
16649
16650
16651
16652
16653
16654
16655
16656
16657
16658
16659
16660
16661
16662
16663
16664
16665
16666
16667
16668
16669
16670
16671
16672
16673
16674
16675
16676
16677
16678
16679
16680
16681
16682
16683
16684
16685
16686
16687
16688
16689
16690
16691
16692
16693
16694
16695
16696
16697
16698
16699
16700
16701
16702
16703
16704
16705
16706
16707
16708
16709
16710
16711
16712
16713
16714
16715
16716
16717
16718
16719
16720
16721
16722
16723
16724
16725
16726
16727
16728
16729
16730
16731
16732
16733
16734
16735
16736
16737
16738
16739
16740
16741
16742
16743
16744
16745
16746
16747
16748
16749
16750
16751
16752
16753
16754
16755
16756
16757
16758
16759
16760
16761
16762
16763
16764
16765
16766
16767
16768
16769
16770
16771
16772
16773
16774
16775
16776
16777
16778
16779
16780
16781
16782
16783
16784
16785
16786
16787
16788
16789
16790
16791
16792
16793
16794
16795
16796
16797
16798
16799
16800
16801
16802
16803
16804
16805
16806
16807
16808
16809
16810
16811
16812
16813
16814
16815
16816
16817
16818
16819
16820
16821
16822
16823
16824
16825
16826
16827
16828
16829
16830
16831
16832
16833
16834
16835
16836
16837
16838
16839
16840
16841
16842
16843
16844
16845
16846
16847
16848
16849
16850
16851
16852
16853
16854
16855
16856
16857
16858
16859
16860
16861
16862
16863
16864
16865
16866
16867
16868
16869
16870
16871
16872
16873
16874
16875
16876
16877
16878
16879
16880
16881
16882
16883
16884
16885
16886
16887
16888
16889
16890
16891
16892
16893
16894
16895
16896
16897
16898
16899
16900
16901
16902
16903
16904
16905
16906
16907
16908
16909
16910
16911
16912
16913
16914
16915
16916
16917
16918
16919
16920
16921
16922
16923
16924
16925
16926
16927
16928
16929
16930
16931
16932
16933
16934
16935
16936
16937
16938
16939
16940
16941
16942
16943
16944
16945
16946
16947
16948
16949
16950
16951
16952
16953
16954
16955
16956
16957
16958
16959
16960
16961
16962
16963
16964
16965
16966
16967
16968
16969
16970
16971
16972
16973
16974
16975
16976
16977
16978
16979
16980
16981
16982
16983
16984
16985
16986
16987
16988
16989
16990
16991
16992
16993
16994
16995
16996
16997
16998
16999
17000
17001
17002
17003
17004
17005
17006
17007
17008
17009
17010
17011
17012
17013
17014
17015
17016
17017
17018
17019
17020
17021
17022
17023
17024
17025
17026
17027
17028
17029
17030
17031
17032
17033
17034
17035
17036
17037
17038
17039
17040
17041
17042
17043
17044
17045
17046
17047
17048
17049
17050
17051
17052
17053
17054
17055
17056
17057
17058
17059
17060
17061
17062
17063
17064
17065
17066
17067
17068
17069
17070
17071
17072
17073
17074
17075
17076
17077
17078
17079
17080
17081
17082
17083
17084
17085
17086
17087
17088
17089
17090
17091
17092
17093
17094
17095
17096
17097
17098
17099
17100
17101
17102
17103
17104
17105
17106
17107
17108
17109
17110
17111
17112
17113
17114
17115
17116
17117
17118
17119
17120
17121
17122
17123
17124
17125
17126
17127
17128
17129
17130
17131
17132
17133
17134
17135
17136
17137
17138
17139
17140
17141
17142
17143
17144
17145
17146
17147
17148
17149
17150
17151
17152
17153
17154
17155
17156
17157
17158
17159
17160
17161
17162
17163
17164
17165
17166
17167
17168
17169
17170
17171
17172
17173
17174
17175
17176
17177
17178
17179
17180
17181
17182
17183
17184
17185
17186
17187
17188
17189
17190
17191
17192
17193
17194
17195
17196
17197
17198
17199
17200
17201
17202
17203
17204
17205
17206
17207
17208
17209
17210
17211
17212
17213
17214
17215
17216
17217
17218
17219
17220
17221
17222
17223
17224
17225
17226
17227
17228
17229
17230
17231
17232
17233
17234
17235
17236
17237
17238
17239
17240
17241
17242
17243
17244
17245
17246
17247
17248
17249
17250
17251
17252
17253
17254
17255
17256
17257
17258
17259
17260
17261
17262
17263
17264
17265
17266
17267
17268
17269
17270
17271
17272
17273
17274
17275
17276
17277
17278
17279
17280
17281
17282
17283
17284
17285
17286
17287
17288
17289
17290
17291
17292
17293
17294
17295
17296
17297
17298
17299
17300
17301
17302
17303
17304
17305
17306
17307
17308
17309
17310
17311
17312
17313
17314
17315
17316
17317
17318
17319
17320
17321
17322
17323
17324
17325
17326
17327
17328
17329
17330
17331
17332
17333
17334
17335
17336
17337
17338
17339
17340
17341
17342
17343
17344
17345
17346
17347
17348
17349
17350
17351
17352
17353
17354
17355
17356
17357
17358
17359
17360
17361
17362
17363
17364
17365
17366
17367
17368
17369
17370
17371
17372
17373
17374
17375
17376
17377
17378
17379
17380
17381
17382
17383
17384
17385
17386
17387
17388
17389
17390
17391
17392
17393
17394
17395
17396
17397
17398
17399
17400
17401
17402
17403
17404
17405
17406
17407
17408
17409
17410
17411
17412
17413
17414
17415
17416
17417
17418
17419
17420
17421
17422
17423
17424
17425
17426
17427
17428
17429
17430
17431
17432
17433
17434
17435
17436
17437
17438
17439
17440
17441
17442
17443
17444
17445
17446
17447
17448
17449
17450
17451
17452
17453
17454
17455
17456
17457
17458
17459
17460
17461
17462
17463
17464
17465
17466
17467
17468
17469
17470
17471
17472
17473
17474
17475
17476
17477
17478
17479
17480
17481
17482
17483
17484
17485
17486
17487
17488
17489
17490
17491
17492
17493
17494
17495
17496
17497
17498
17499
17500
17501
17502
17503
17504
17505
17506
17507
17508
17509
17510
17511
17512
17513
17514
17515
17516
17517
17518
17519
17520
17521
17522
17523
17524
17525
17526
17527
17528
17529
17530
17531
17532
17533
17534
17535
17536
17537
17538
17539
17540
17541
17542
17543
17544
17545
17546
17547
17548
17549
17550
17551
17552
17553
17554
17555
17556
17557
17558
17559
17560
17561
17562
17563
17564
17565
17566
17567
17568
17569
17570
17571
17572
17573
17574
17575
17576
17577
17578
17579
17580
17581
17582
17583
17584
17585
17586
17587
17588
17589
17590
17591
17592
17593
17594
17595
17596
17597
17598
17599
17600
17601
17602
17603
17604
17605
17606
17607
17608
17609
17610
17611
17612
17613
17614
17615
17616
17617
17618
17619
17620
17621
17622
17623
17624
17625
17626
17627
17628
17629
17630
17631
17632
17633
17634
17635
17636
17637
17638
17639
17640
17641
17642
17643
17644
17645
17646
17647
17648
17649
17650
17651
17652
17653
17654
17655
17656
17657
17658
17659
17660
17661
17662
17663
17664
17665
17666
17667
17668
17669
17670
17671
17672
17673
17674
17675
17676
17677
17678
17679
17680
17681
17682
17683
17684
17685
17686
17687
17688
17689
17690
17691
17692
17693
17694
17695
17696
17697
17698
17699
17700
17701
17702
17703
17704
17705
17706
17707
17708
17709
17710
17711
17712
17713
17714
17715
17716
17717
17718
17719
17720
17721
17722
17723
17724
17725
17726
17727
17728
17729
17730
17731
17732
17733
17734
17735
17736
17737
17738
17739
17740
17741
17742
17743
17744
17745
17746
17747
17748
17749
17750
17751
17752
17753
17754
17755
17756
17757
17758
17759
17760
17761
17762
17763
17764
17765
17766
17767
17768
17769
17770
17771
17772
17773
17774
17775
17776
17777
17778
17779
17780
17781
17782
17783
17784
17785
17786
17787
17788
17789
17790
17791
17792
17793
17794
17795
17796
17797
17798
17799
17800
17801
17802
17803
17804
17805
17806
17807
17808
17809
17810
17811
17812
17813
17814
17815
17816
17817
17818
17819
17820
17821
17822
17823
17824
17825
17826
17827
17828
17829
17830
17831
17832
17833
17834
17835
17836
17837
17838
17839
17840
17841
17842
17843
17844
17845
17846
17847
17848
17849
17850
17851
17852
17853
17854
17855
17856
17857
17858
17859
17860
17861
17862
17863
17864
17865
17866
17867
17868
17869
17870
17871
17872
17873
17874
17875
17876
17877
17878
17879
17880
17881
17882
17883
17884
17885
17886
17887
17888
17889
17890
17891
17892
17893
17894
17895
17896
17897
17898
17899
17900
17901
17902
17903
17904
17905
17906
17907
17908
17909
17910
17911
17912
17913
17914
17915
17916
17917
17918
17919
17920
17921
17922
17923
17924
17925
17926
17927
17928
17929
17930
17931
17932
17933
17934
17935
17936
17937
17938
17939
17940
17941
17942
17943
17944
17945
17946
17947
17948
17949
17950
17951
17952
17953
17954
17955
17956
17957
17958
17959
17960
17961
17962
17963
17964
17965
17966
17967
17968
17969
17970
17971
17972
17973
17974
17975
17976
17977
17978
17979
17980
17981
17982
17983
17984
17985
17986
17987
17988
17989
17990
17991
17992
17993
17994
17995
17996
17997
17998
17999
18000
18001
18002
18003
18004
18005
18006
18007
18008
18009
18010
18011
18012
18013
18014
18015
18016
18017
18018
18019
18020
18021
18022
18023
18024
18025
18026
18027
18028
18029
18030
18031
18032
18033
18034
18035
18036
18037
18038
18039
18040
18041
18042
18043
18044
18045
18046
18047
18048
18049
18050
18051
18052
18053
18054
18055
18056
18057
18058
18059
18060
18061
18062
18063
18064
18065
18066
18067
18068
18069
18070
18071
18072
18073
18074
18075
18076
18077
18078
18079
18080
18081
18082
18083
18084
18085
18086
18087
18088
18089
18090
18091
18092
18093
18094
18095
18096
18097
18098
18099
18100
18101
18102
18103
18104
18105
18106
18107
18108
18109
18110
18111
18112
18113
18114
18115
18116
18117
18118
18119
18120
18121
18122
18123
18124
18125
18126
18127
18128
18129
18130
18131
18132
18133
18134
18135
18136
18137
18138
18139
18140
18141
18142
18143
18144
18145
18146
18147
18148
18149
18150
18151
18152
18153
18154
18155
18156
18157
18158
18159
18160
18161
18162
18163
18164
18165
18166
18167
18168
18169
18170
18171
18172
18173
18174
18175
18176
18177
18178
18179
18180
18181
18182
18183
18184
18185
18186
18187
18188
18189
18190
18191
18192
18193
18194
18195
18196
18197
18198
18199
18200
18201
18202
18203
18204
18205
18206
18207
18208
18209
18210
18211
18212
18213
18214
18215
18216
18217
18218
18219
18220
18221
18222
18223
18224
18225
18226
18227
18228
18229
18230
18231
18232
18233
18234
18235
18236
18237
18238
18239
18240
18241
18242
18243
18244
18245
18246
18247
18248
18249
18250
18251
18252
18253
18254
18255
18256
18257
18258
18259
18260
18261
18262
18263
18264
18265
18266
18267
18268
18269
18270
18271
18272
18273
18274
18275
18276
18277
18278
18279
18280
18281
18282
18283
18284
18285
18286
18287
18288
18289
18290
18291
18292
18293
18294
18295
18296
18297
18298
18299
18300
18301
18302
18303
18304
18305
18306
18307
18308
18309
18310
18311
18312
18313
18314
18315
18316
18317
18318
18319
18320
18321
18322
18323
18324
18325
18326
18327
18328
18329
18330
18331
18332
18333
18334
18335
18336
18337
18338
18339
18340
18341
18342
18343
18344
18345
18346
18347
18348
18349
18350
18351
18352
18353
18354
18355
18356
18357
18358
18359
18360
18361
18362
18363
18364
18365
18366
18367
18368
18369
18370
18371
18372
18373
18374
18375
18376
18377
18378
18379
18380
18381
18382
18383
18384
18385
18386
18387
18388
18389
18390
18391
18392
18393
18394
18395
18396
18397
18398
18399
18400
18401
18402
18403
18404
18405
18406
18407
18408
18409
18410
18411
18412
18413
18414
18415
18416
18417
18418
18419
18420
18421
18422
18423
18424
18425
18426
18427
18428
18429
18430
18431
18432
18433
18434
18435
18436
18437
18438
18439
18440
18441
18442
18443
18444
18445
18446
18447
18448
18449
18450
18451
18452
18453
18454
18455
18456
18457
18458
18459
18460
18461
18462
18463
18464
18465
18466
18467
18468
18469
18470
18471
18472
18473
18474
18475
18476
18477
18478
18479
18480
18481
18482
18483
18484
18485
18486
18487
18488
18489
18490
18491
18492
18493
18494
18495
18496
18497
18498
18499
18500
18501
18502
18503
18504
18505
18506
18507
18508
18509
18510
18511
18512
18513
18514
18515
18516
18517
18518
18519
18520
18521
18522
18523
18524
18525
18526
18527
18528
18529
18530
18531
18532
18533
18534
18535
18536
18537
18538
18539
18540
18541
18542
18543
18544
18545
18546
18547
18548
18549
18550
18551
18552
18553
18554
18555
18556
18557
18558
18559
18560
18561
18562
18563
18564
18565
18566
18567
18568
18569
18570
18571
18572
18573
18574
18575
18576
18577
18578
18579
18580
18581
18582
18583
18584
18585
18586
18587
18588
18589
18590
18591
18592
18593
18594
18595
18596
18597
18598
18599
18600
18601
18602
18603
18604
18605
18606
18607
18608
18609
18610
18611
18612
18613
18614
18615
18616
18617
18618
18619
18620
18621
18622
18623
18624
18625
18626
18627
18628
18629
18630
18631
18632
18633
18634
18635
18636
18637
18638
18639
18640
18641
18642
18643
18644
18645
18646
18647
18648
18649
18650
18651
18652
18653
18654
18655
18656
18657
18658
18659
18660
18661
18662
18663
18664
18665
18666
18667
18668
18669
18670
18671
18672
18673
18674
18675
18676
18677
18678
18679
18680
18681
18682
18683
18684
18685
18686
18687
18688
18689
18690
18691
18692
18693
18694
18695
18696
18697
18698
18699
18700
18701
18702
18703
18704
18705
18706
18707
18708
18709
18710
18711
18712
18713
18714
18715
18716
18717
18718
18719
18720
18721
18722
18723
18724
18725
18726
18727
18728
18729
18730
18731
18732
18733
18734
18735
18736
18737
18738
18739
18740
18741
18742
18743
18744
18745
18746
18747
18748
18749
18750
18751
18752
18753
18754
18755
18756
18757
18758
18759
18760
18761
18762
18763
18764
18765
18766
18767
18768
18769
18770
18771
18772
18773
18774
18775
18776
18777
18778
18779
18780
18781
18782
18783
18784
18785
18786
18787
18788
18789
18790
18791
18792
18793
18794
18795
18796
18797
18798
18799
18800
18801
18802
18803
18804
18805
18806
18807
18808
18809
18810
18811
18812
18813
18814
18815
18816
18817
18818
18819
18820
18821
18822
18823
18824
18825
18826
18827
18828
18829
18830
18831
18832
18833
18834
18835
18836
18837
18838
18839
18840
18841
18842
18843
18844
18845
18846
18847
18848
18849
18850
18851
18852
18853
18854
18855
18856
18857
18858
18859
18860
18861
18862
18863
18864
18865
18866
18867
18868
18869
18870
18871
18872
18873
18874
18875
18876
18877
18878
18879
18880
18881
18882
18883
18884
18885
18886
18887
18888
18889
18890
18891
18892
18893
18894
18895
18896
18897
18898
18899
18900
18901
18902
18903
18904
18905
18906
18907
18908
18909
18910
18911
18912
18913
18914
18915
18916
18917
18918
18919
18920
18921
18922
18923
18924
18925
18926
18927
18928
18929
18930
18931
18932
18933
18934
18935
18936
18937
18938
18939
18940
18941
18942
18943
18944
18945
18946
18947
18948
18949
18950
18951
18952
18953
18954
18955
18956
18957
18958
18959
18960
18961
18962
18963
18964
18965
18966
18967
18968
18969
18970
18971
18972
18973
18974
18975
18976
18977
18978
18979
18980
18981
18982
18983
18984
18985
18986
18987
18988
18989
18990
18991
18992
18993
18994
18995
18996
18997
18998
18999
19000
19001
19002
19003
19004
19005
19006
19007
19008
19009
19010
19011
19012
19013
19014
19015
19016
19017
19018
19019
19020
19021
19022
19023
19024
19025
19026
19027
19028
19029
19030
19031
19032
19033
19034
19035
19036
19037
19038
19039
19040
19041
19042
19043
19044
19045
19046
19047
19048
19049
19050
19051
19052
19053
19054
19055
19056
19057
19058
19059
19060
19061
19062
19063
19064
19065
19066
19067
19068
19069
19070
19071
19072
19073
19074
19075
19076
19077
19078
19079
19080
19081
19082
19083
19084
19085
19086
19087
19088
19089
19090
19091
19092
19093
19094
19095
19096
19097
19098
19099
19100
19101
19102
19103
19104
19105
19106
19107
19108
19109
19110
19111
19112
19113
19114
19115
19116
19117
19118
19119
19120
19121
19122
19123
19124
19125
19126
19127
19128
19129
19130
19131
19132
19133
19134
19135
19136
19137
19138
19139
19140
19141
19142
19143
19144
19145
19146
19147
19148
19149
19150
19151
19152
19153
19154
19155
19156
19157
19158
19159
19160
19161
19162
19163
19164
19165
19166
19167
19168
19169
19170
19171
19172
19173
19174
19175
19176
19177
19178
19179
19180
19181
19182
19183
19184
19185
19186
19187
19188
19189
19190
19191
19192
19193
19194
19195
19196
19197
19198
19199
19200
19201
19202
19203
19204
19205
19206
19207
19208
19209
19210
19211
19212
19213
19214
19215
19216
19217
19218
19219
19220
19221
19222
19223
19224
19225
19226
19227
19228
19229
19230
19231
19232
19233
19234
19235
19236
19237
19238
19239
19240
19241
19242
19243
19244
19245
19246
19247
19248
19249
19250
19251
19252
19253
19254
19255
19256
19257
19258
19259
19260
19261
19262
19263
19264
19265
19266
19267
19268
19269
19270
19271
19272
19273
19274
19275
19276
19277
19278
19279
19280
19281
19282
19283
19284
19285
19286
19287
19288
19289
19290
19291
19292
19293
19294
19295
19296
19297
19298
19299
19300
19301
19302
19303
19304
19305
19306
19307
19308
19309
19310
19311
19312
19313
19314
19315
19316
19317
19318
19319
19320
19321
19322
19323
19324
19325
19326
19327
19328
19329
19330
19331
19332
19333
19334
19335
19336
19337
19338
19339
19340
19341
19342
19343
19344
19345
19346
19347
19348
19349
19350
19351
19352
19353
19354
19355
19356
19357
19358
19359
19360
19361
19362
19363
19364
19365
19366
19367
19368
19369
19370
19371
19372
19373
19374
19375
19376
19377
19378
19379
19380
19381
19382
19383
19384
19385
19386
19387
19388
19389
19390
19391
19392
19393
19394
19395
19396
19397
19398
19399
19400
19401
19402
19403
19404
19405
19406
19407
19408
19409
19410
19411
19412
19413
19414
19415
19416
19417
19418
19419
19420
19421
19422
19423
19424
19425
19426
19427
19428
19429
19430
19431
19432
19433
19434
19435
19436
19437
19438
19439
19440
19441
19442
19443
19444
19445
19446
19447
19448
19449
19450
19451
19452
19453
19454
19455
19456
19457
19458
19459
19460
19461
19462
19463
19464
19465
19466
19467
19468
19469
19470
19471
19472
19473
19474
19475
19476
19477
19478
19479
19480
19481
19482
19483
19484
19485
19486
19487
19488
19489
19490
19491
19492
19493
19494
19495
19496
19497
19498
19499
19500
19501
19502
19503
19504
19505
19506
19507
19508
19509
19510
19511
19512
19513
19514
19515
19516
19517
19518
19519
19520
19521
19522
19523
19524
19525
19526
19527
19528
19529
19530
19531
19532
19533
19534
19535
19536
19537
19538
19539
19540
19541
19542
19543
19544
19545
19546
19547
19548
19549
19550
19551
19552
19553
19554
19555
19556
19557
19558
19559
19560
19561
19562
19563
19564
19565
19566
19567
19568
19569
19570
19571
19572
19573
19574
19575
19576
19577
19578
19579
19580
19581
19582
19583
19584
19585
19586
19587
19588
19589
19590
19591
19592
19593
19594
19595
19596
19597
19598
19599
19600
19601
19602
19603
19604
19605
19606
19607
19608
19609
19610
19611
19612
19613
19614
19615
19616
19617
19618
19619
19620
19621
19622
19623
19624
19625
19626
19627
19628
19629
19630
19631
19632
19633
19634
19635
19636
19637
19638
19639
19640
19641
19642
19643
19644
19645
19646
19647
19648
19649
19650
19651
19652
19653
19654
19655
19656
19657
19658
19659
19660
19661
19662
19663
19664
19665
19666
19667
19668
19669
19670
19671
19672
19673
19674
19675
19676
19677
19678
19679
19680
19681
19682
19683
19684
19685
19686
19687
19688
19689
19690
19691
19692
19693
19694
19695
19696
19697
19698
19699
19700
19701
19702
19703
19704
19705
19706
19707
19708
19709
19710
19711
19712
19713
19714
19715
19716
19717
19718
19719
19720
19721
19722
19723
19724
19725
19726
19727
19728
19729
19730
19731
19732
19733
19734
19735
19736
19737
19738
19739
19740
19741
19742
19743
19744
19745
19746
19747
19748
19749
19750
19751
19752
19753
19754
19755
19756
19757
19758
19759
19760
19761
19762
19763
19764
19765
19766
19767
19768
19769
19770
19771
19772
19773
19774
19775
19776
19777
19778
19779
19780
19781
19782
19783
19784
19785
19786
19787
19788
19789
19790
19791
19792
19793
19794
19795
19796
19797
19798
19799
19800
19801
19802
19803
19804
19805
19806
19807
19808
19809
19810
19811
19812
19813
19814
19815
19816
19817
19818
19819
19820
19821
19822
19823
19824
19825
19826
19827
19828
19829
19830
19831
19832
19833
19834
19835
19836
19837
19838
19839
19840
19841
19842
19843
19844
19845
19846
19847
19848
19849
19850
19851
19852
19853
19854
19855
19856
19857
19858
19859
19860
19861
19862
19863
19864
19865
19866
19867
19868
19869
19870
19871
19872
19873
19874
19875
19876
19877
19878
19879
19880
19881
19882
19883
19884
19885
19886
19887
19888
19889
19890
19891
19892
19893
19894
19895
19896
19897
19898
19899
19900
19901
19902
19903
19904
19905
19906
19907
19908
19909
19910
19911
19912
19913
19914
19915
19916
19917
19918
19919
19920
19921
19922
19923
19924
19925
19926
19927
19928
19929
19930
19931
19932
19933
19934
19935
19936
19937
19938
19939
19940
19941
19942
19943
19944
19945
19946
19947
19948
19949
19950
19951
19952
19953
19954
19955
19956
19957
19958
19959
19960
19961
19962
19963
19964
19965
19966
19967
19968
19969
19970
19971
19972
19973
19974
19975
19976
19977
19978
19979
19980
19981
19982
19983
19984
19985
19986
19987
19988
19989
19990
19991
19992
19993
19994
19995
19996
19997
19998
19999
20000
20001
20002
20003
20004
20005
20006
20007
20008
20009
20010
20011
20012
20013
20014
20015
20016
20017
20018
20019
20020
20021
20022
20023
20024
20025
20026
20027
20028
20029
20030
20031
20032
20033
20034
20035
20036
20037
20038
20039
20040
20041
20042
20043
20044
20045
20046
20047
20048
20049
20050
20051
20052
20053
20054
20055
20056
20057
20058
20059
20060
20061
20062
20063
20064
20065
20066
20067
20068
20069
20070
20071
20072
20073
20074
20075
20076
20077
20078
20079
20080
20081
20082
20083
20084
20085
20086
20087
20088
20089
20090
20091
20092
20093
20094
20095
20096
20097
20098
20099
20100
20101
20102
20103
20104
20105
20106
20107
20108
20109
20110
20111
20112
20113
20114
20115
20116
20117
20118
20119
20120
20121
20122
20123
20124
20125
20126
20127
20128
20129
20130
20131
20132
20133
20134
20135
20136
20137
20138
20139
20140
20141
20142
20143
20144
20145
20146
20147
20148
20149
20150
20151
20152
20153
20154
20155
20156
20157
20158
20159
20160
20161
20162
20163
20164
20165
20166
20167
20168
20169
20170
20171
20172
20173
20174
20175
20176
20177
20178
20179
20180
20181
20182
20183
20184
20185
20186
20187
20188
20189
20190
20191
20192
20193
20194
20195
20196
20197
20198
20199
20200
20201
20202
20203
20204
20205
20206
20207
20208
20209
20210
20211
20212
20213
20214
20215
20216
20217
20218
20219
20220
20221
20222
20223
20224
20225
20226
20227
20228
20229
20230
20231
20232
20233
20234
20235
20236
20237
20238
20239
20240
20241
20242
20243
20244
20245
20246
20247
20248
20249
20250
20251
20252
20253
20254
20255
20256
20257
20258
20259
20260
20261
20262
20263
20264
20265
20266
20267
20268
20269
20270
20271
20272
20273
20274
20275
20276
20277
20278
20279
20280
20281
20282
20283
20284
20285
20286
20287
20288
20289
20290
20291
20292
20293
20294
20295
20296
20297
20298
20299
20300
20301
20302
20303
20304
20305
20306
20307
20308
20309
20310
20311
20312
20313
20314
20315
20316
20317
20318
20319
20320
20321
20322
20323
20324
20325
20326
20327
20328
20329
20330
20331
20332
20333
20334
20335
20336
20337
20338
20339
20340
20341
20342
20343
20344
20345
20346
20347
20348
20349
20350
20351
20352
20353
20354
20355
20356
20357
20358
20359
20360
20361
20362
20363
20364
20365
20366
20367
20368
20369
20370
20371
20372
20373
20374
20375
20376
20377
20378
20379
20380
20381
20382
20383
20384
20385
20386
20387
20388
20389
20390
20391
20392
20393
20394
20395
20396
20397
20398
20399
20400
20401
20402
20403
20404
20405
20406
20407
20408
20409
20410
20411
20412
20413
20414
20415
20416
20417
20418
20419
20420
20421
20422
20423
20424
20425
20426
20427
20428
20429
20430
20431
20432
20433
20434
20435
20436
20437
20438
20439
20440
20441
20442
20443
20444
20445
20446
20447
20448
20449
20450
20451
20452
20453
20454
20455
20456
20457
20458
20459
20460
20461
20462
20463
20464
20465
20466
20467
20468
20469
20470
20471
20472
20473
20474
20475
20476
20477
20478
20479
20480
20481
20482
20483
20484
20485
20486
20487
20488
20489
20490
20491
20492
20493
20494
20495
20496
20497
20498
20499
20500
20501
20502
20503
20504
20505
20506
20507
20508
20509
20510
20511
20512
20513
20514
20515
20516
20517
20518
20519
20520
20521
20522
20523
20524
20525
20526
20527
20528
20529
20530
20531
20532
20533
20534
20535
20536
20537
20538
20539
20540
20541
20542
20543
20544
20545
20546
20547
20548
20549
20550
20551
20552
20553
20554
20555
20556
20557
20558
20559
20560
20561
20562
20563
20564
20565
20566
20567
20568
20569
20570
20571
20572
20573
20574
20575
20576
20577
20578
20579
20580
20581
20582
20583
20584
20585
20586
20587
20588
20589
20590
20591
20592
20593
20594
20595
20596
20597
20598
20599
20600
20601
20602
20603
20604
20605
20606
20607
20608
20609
20610
20611
20612
20613
20614
20615
20616
20617
20618
20619
20620
20621
20622
20623
20624
20625
20626
20627
20628
20629
20630
20631
20632
20633
20634
20635
20636
20637
20638
20639
20640
20641
20642
20643
20644
20645
20646
20647
20648
20649
20650
20651
20652
20653
20654
20655
20656
20657
20658
20659
20660
20661
20662
20663
20664
20665
20666
20667
20668
20669
20670
20671
20672
20673
20674
20675
20676
20677
20678
20679
20680
20681
20682
20683
20684
20685
20686
20687
20688
20689
20690
20691
20692
20693
20694
20695
20696
20697
20698
20699
20700
20701
20702
20703
20704
20705
20706
20707
20708
20709
20710
20711
20712
20713
20714
20715
20716
20717
20718
20719
20720
20721
20722
20723
20724
20725
20726
20727
20728
20729
20730
20731
20732
20733
20734
20735
20736
20737
20738
20739
20740
20741
20742
20743
20744
20745
20746
20747
20748
20749
20750
20751
20752
20753
20754
20755
20756
20757
20758
20759
20760
20761
20762
20763
20764
20765
20766
20767
20768
20769
20770
20771
20772
20773
20774
20775
20776
20777
20778
20779
20780
20781
20782
20783
20784
20785
20786
20787
20788
20789
20790
20791
20792
20793
20794
20795
20796
20797
20798
20799
20800
20801
20802
20803
20804
20805
20806
20807
20808
20809
20810
20811
20812
20813
20814
20815
20816
20817
20818
20819
20820
20821
20822
20823
20824
20825
20826
20827
20828
20829
20830
20831
20832
20833
20834
20835
20836
20837
20838
20839
20840
20841
20842
20843
20844
20845
20846
20847
20848
20849
20850
20851
20852
20853
20854
20855
20856
20857
20858
20859
20860
20861
20862
20863
20864
20865
20866
20867
20868
20869
20870
20871
20872
20873
20874
20875
20876
20877
20878
20879
20880
20881
20882
20883
20884
20885
20886
20887
20888
20889
20890
20891
20892
20893
20894
20895
20896
20897
20898
20899
20900
20901
20902
20903
20904
20905
20906
20907
20908
20909
20910
20911
20912
20913
20914
20915
20916
20917
20918
20919
20920
20921
20922
20923
20924
20925
20926
20927
20928
20929
20930
20931
20932
20933
20934
20935
20936
20937
20938
20939
20940
20941
20942
20943
20944
20945
20946
20947
20948
20949
20950
20951
20952
20953
20954
20955
20956
20957
20958
20959
20960
20961
20962
20963
20964
20965
20966
20967
20968
20969
20970
20971
20972
20973
20974
20975
20976
20977
20978
20979
20980
20981
20982
20983
20984
20985
20986
20987
20988
20989
20990
20991
20992
20993
20994
20995
20996
20997
20998
20999
21000
21001
21002
21003
21004
21005
21006
21007
21008
21009
21010
21011
21012
21013
21014
21015
21016
21017
21018
21019
21020
21021
21022
21023
21024
21025
21026
21027
21028
21029
21030
21031
21032
21033
21034
21035
21036
21037
21038
21039
21040
21041
21042
21043
21044
21045
21046
21047
21048
21049
21050
21051
21052
21053
21054
21055
21056
21057
21058
21059
21060
21061
21062
21063
21064
21065
21066
21067
21068
21069
21070
21071
21072
21073
21074
21075
21076
21077
21078
21079
21080
21081
21082
21083
21084
21085
21086
21087
21088
21089
21090
21091
21092
21093
21094
21095
21096
21097
21098
21099
21100
21101
21102
21103
21104
21105
21106
21107
21108
21109
21110
21111
21112
21113
21114
21115
21116
21117
21118
21119
21120
21121
21122
21123
21124
21125
21126
21127
21128
21129
21130
21131
21132
21133
21134
21135
21136
21137
21138
21139
21140
21141
21142
21143
21144
21145
21146
21147
21148
21149
21150
21151
21152
21153
21154
21155
21156
21157
21158
21159
21160
21161
21162
21163
21164
21165
21166
21167
21168
21169
21170
21171
21172
21173
21174
21175
21176
21177
21178
21179
21180
21181
21182
21183
21184
21185
21186
21187
21188
21189
21190
21191
21192
21193
21194
21195
21196
21197
21198
21199
21200
21201
21202
21203
21204
21205
21206
21207
21208
21209
21210
21211
21212
21213
21214
21215
21216
21217
21218
21219
21220
21221
21222
21223
21224
21225
21226
21227
21228
21229
21230
21231
21232
21233
21234
21235
21236
21237
21238
21239
21240
21241
21242
21243
21244
21245
21246
21247
21248
21249
21250
21251
21252
21253
21254
21255
21256
21257
21258
21259
21260
21261
21262
21263
21264
21265
21266
21267
21268
21269
21270
21271
21272
21273
21274
21275
21276
21277
21278
21279
21280
21281
21282
21283
21284
21285
21286
21287
21288
21289
21290
21291
21292
21293
21294
21295
21296
21297
21298
21299
21300
21301
21302
21303
21304
21305
21306
21307
21308
21309
21310
21311
21312
21313
21314
21315
21316
21317
21318
21319
21320
21321
21322
21323
21324
21325
21326
21327
21328
21329
21330
21331
21332
21333
21334
21335
21336
21337
21338
21339
21340
21341
21342
21343
21344
21345
21346
21347
21348
21349
21350
21351
21352
21353
21354
21355
21356
21357
21358
21359
21360
21361
21362
21363
21364
21365
21366
21367
21368
21369
21370
21371
21372
21373
21374
21375
21376
21377
21378
21379
21380
21381
21382
21383
21384
21385
21386
21387
21388
21389
21390
21391
21392
21393
21394
21395
21396
21397
21398
21399
21400
21401
21402
21403
21404
21405
21406
21407
21408
21409
21410
21411
21412
21413
21414
21415
21416
21417
21418
21419
21420
21421
21422
21423
21424
21425
21426
21427
21428
21429
21430
21431
21432
21433
21434
21435
21436
21437
21438
21439
21440
21441
21442
21443
21444
21445
21446
21447
21448
21449
21450
21451
21452
21453
21454
21455
21456
21457
21458
21459
21460
21461
21462
21463
21464
21465
21466
21467
21468
21469
21470
21471
21472
21473
21474
21475
21476
21477
21478
21479
21480
21481
21482
21483
21484
21485
21486
21487
21488
21489
21490
21491
21492
21493
21494
21495
21496
21497
21498
21499
21500
21501
21502
21503
21504
21505
21506
21507
21508
21509
21510
21511
21512
21513
21514
21515
21516
21517
21518
21519
21520
21521
21522
21523
21524
21525
21526
21527
21528
21529
21530
21531
21532
21533
21534
21535
21536
21537
21538
21539
21540
21541
21542
21543
21544
21545
21546
21547
21548
21549
21550
21551
21552
21553
21554
21555
21556
21557
21558
21559
21560
21561
21562
21563
21564
21565
21566
21567
21568
21569
21570
21571
21572
21573
21574
21575
21576
21577
21578
21579
21580
21581
21582
21583
21584
21585
21586
21587
21588
21589
21590
21591
21592
21593
21594
21595
21596
21597
21598
21599
21600
21601
21602
21603
21604
21605
21606
21607
21608
21609
21610
21611
21612
21613
21614
21615
21616
21617
21618
21619
21620
21621
21622
21623
21624
21625
21626
21627
21628
21629
21630
21631
21632
21633
21634
21635
21636
21637
21638
21639
21640
21641
21642
21643
21644
21645
21646
21647
21648
21649
21650
21651
21652
21653
21654
21655
21656
21657
21658
21659
21660
21661
21662
21663
21664
21665
21666
21667
21668
21669
21670
21671
21672
21673
21674
21675
21676
21677
21678
21679
21680
21681
21682
21683
21684
21685
21686
21687
21688
21689
21690
21691
21692
21693
21694
21695
21696
21697
21698
21699
21700
21701
21702
21703
21704
21705
21706
21707
21708
21709
21710
21711
21712
21713
21714
21715
21716
21717
21718
21719
21720
21721
21722
21723
21724
21725
21726
21727
21728
21729
21730
21731
21732
21733
21734
21735
21736
21737
21738
21739
21740
21741
21742
21743
21744
21745
21746
21747
21748
21749
21750
21751
21752
21753
21754
21755
21756
21757
21758
21759
21760
21761
21762
21763
21764
21765
21766
21767
21768
21769
21770
21771
21772
21773
21774
21775
21776
21777
21778
21779
21780
21781
21782
21783
21784
21785
21786
21787
21788
21789
21790
21791
21792
21793
21794
21795
21796
21797
21798
21799
21800
21801
21802
21803
21804
21805
21806
21807
21808
21809
21810
21811
21812
21813
21814
21815
21816
21817
21818
21819
21820
21821
21822
21823
21824
21825
21826
21827
21828
21829
21830
21831
21832
21833
21834
21835
21836
21837
21838
21839
21840
21841
21842
21843
21844
21845
21846
21847
21848
21849
21850
21851
21852
21853
21854
21855
21856
21857
21858
21859
21860
21861
21862
21863
21864
21865
21866
21867
21868
21869
21870
21871
21872
21873
21874
21875
21876
21877
21878
21879
21880
21881
21882
21883
21884
21885
21886
21887
21888
21889
21890
21891
21892
21893
21894
21895
21896
21897
21898
21899
21900
21901
21902
21903
21904
21905
21906
21907
21908
21909
21910
21911
21912
21913
21914
21915
21916
21917
21918
21919
21920
21921
21922
21923
21924
21925
21926
21927
21928
21929
21930
21931
21932
21933
21934
21935
21936
21937
21938
21939
21940
21941
21942
21943
21944
21945
21946
21947
21948
21949
21950
21951
21952
21953
21954
21955
21956
21957
21958
21959
21960
21961
21962
21963
21964
21965
21966
21967
21968
21969
21970
21971
21972
21973
21974
21975
21976
21977
21978
21979
21980
21981
21982
21983
21984
21985
21986
21987
21988
21989
21990
21991
21992
21993
21994
21995
21996
21997
21998
21999
22000
22001
22002
22003
22004
22005
22006
22007
22008
22009
22010
22011
22012
22013
22014
22015
22016
22017
22018
22019
22020
22021
22022
22023
22024
22025
22026
22027
22028
22029
22030
22031
22032
22033
22034
22035
22036
22037
22038
22039
22040
22041
22042
22043
22044
22045
22046
22047
22048
22049
22050
22051
22052
22053
22054
22055
22056
22057
22058
22059
22060
22061
22062
22063
22064
22065
22066
22067
22068
22069
22070
22071
22072
22073
22074
22075
22076
22077
22078
22079
22080
22081
22082
22083
22084
22085
22086
22087
22088
22089
22090
22091
22092
22093
22094
22095
22096
22097
22098
22099
22100
22101
22102
22103
22104
22105
22106
22107
22108
22109
22110
22111
22112
22113
22114
22115
22116
22117
22118
22119
22120
22121
22122
22123
22124
22125
22126
22127
22128
22129
22130
22131
22132
22133
22134
22135
22136
22137
22138
22139
22140
22141
22142
22143
22144
22145
22146
22147
22148
22149
22150
22151
22152
22153
22154
22155
22156
22157
22158
22159
22160
22161
22162
22163
22164
22165
22166
22167
22168
22169
22170
22171
22172
22173
22174
22175
22176
22177
22178
22179
22180
22181
22182
22183
22184
22185
22186
22187
22188
22189
22190
22191
22192
22193
22194
22195
22196
22197
22198
22199
22200
22201
22202
22203
22204
22205
22206
22207
22208
22209
22210
22211
22212
22213
22214
22215
22216
22217
22218
22219
22220
22221
22222
22223
22224
22225
22226
22227
22228
22229
22230
22231
22232
22233
22234
22235
22236
22237
22238
22239
22240
22241
22242
22243
22244
22245
22246
22247
22248
22249
22250
22251
22252
22253
22254
22255
22256
22257
22258
22259
22260
22261
22262
22263
22264
22265
22266
22267
22268
22269
22270
22271
22272
22273
22274
22275
22276
22277
22278
22279
22280
22281
22282
22283
22284
22285
22286
22287
22288
22289
22290
22291
22292
22293
22294
22295
22296
22297
22298
22299
22300
22301
22302
22303
22304
22305
22306
22307
22308
22309
22310
22311
22312
22313
22314
22315
22316
22317
22318
22319
22320
22321
22322
22323
22324
22325
22326
22327
22328
22329
22330
22331
22332
22333
22334
22335
22336
22337
22338
22339
22340
22341
22342
22343
22344
22345
22346
22347
22348
22349
22350
22351
22352
22353
22354
22355
22356
22357
22358
22359
22360
22361
22362
22363
22364
22365
22366
22367
22368
22369
22370
22371
22372
22373
22374
22375
22376
22377
22378
22379
22380
22381
22382
22383
22384
22385
22386
22387
22388
22389
22390
22391
22392
22393
22394
22395
22396
22397
22398
22399
22400
22401
22402
22403
22404
22405
22406
22407
22408
22409
22410
22411
22412
22413
22414
22415
22416
22417
22418
22419
22420
22421
22422
22423
22424
22425
22426
22427
22428
22429
22430
22431
22432
22433
22434
22435
22436
22437
22438
22439
22440
22441
22442
22443
22444
22445
22446
22447
22448
22449
22450
22451
22452
22453
22454
22455
22456
22457
22458
22459
22460
22461
22462
22463
22464
22465
22466
22467
22468
22469
22470
22471
22472
22473
22474
22475
22476
22477
22478
22479
22480
22481
22482
22483
22484
22485
22486
22487
22488
22489
22490
22491
22492
22493
22494
22495
22496
22497
22498
22499
22500
22501
22502
22503
22504
22505
22506
22507
22508
22509
22510
22511
22512
22513
22514
22515
22516
22517
22518
22519
22520
22521
22522
22523
22524
22525
22526
22527
22528
22529
22530
22531
22532
22533
22534
22535
22536
22537
22538
22539
22540
22541
22542
22543
22544
22545
22546
22547
22548
22549
22550
22551
22552
22553
22554
22555
22556
22557
22558
22559
22560
22561
22562
22563
22564
22565
22566
22567
22568
22569
22570
22571
22572
22573
22574
22575
22576
22577
22578
22579
22580
22581
22582
22583
22584
22585
22586
22587
22588
22589
22590
22591
22592
22593
22594
22595
22596
22597
22598
22599
22600
22601
22602
22603
22604
22605
22606
22607
22608
22609
22610
22611
22612
22613
22614
22615
22616
22617
22618
22619
22620
22621
22622
22623
22624
22625
22626
22627
22628
22629
22630
22631
22632
22633
22634
22635
22636
22637
22638
22639
22640
22641
22642
22643
22644
22645
22646
22647
22648
22649
22650
22651
22652
22653
22654
22655
22656
22657
22658
22659
22660
22661
22662
22663
22664
22665
22666
22667
22668
22669
22670
22671
22672
22673
22674
22675
22676
22677
22678
22679
22680
22681
22682
22683
22684
22685
22686
22687
22688
22689
22690
22691
22692
22693
22694
22695
22696
22697
22698
22699
22700
22701
22702
22703
22704
22705
22706
22707
22708
22709
22710
22711
22712
22713
22714
22715
22716
22717
22718
22719
22720
22721
22722
22723
22724
22725
22726
22727
22728
22729
22730
22731
22732
22733
22734
22735
22736
22737
22738
22739
22740
22741
22742
22743
22744
22745
22746
22747
22748
22749
22750
22751
22752
22753
22754
22755
22756
22757
22758
22759
22760
22761
22762
22763
22764
22765
22766
22767
22768
22769
22770
22771
22772
22773
22774
22775
22776
22777
22778
22779
22780
22781
22782
22783
22784
22785
22786
22787
22788
22789
22790
22791
22792
22793
22794
22795
22796
22797
22798
22799
22800
22801
22802
22803
22804
22805
22806
22807
22808
22809
22810
22811
22812
22813
22814
22815
22816
22817
22818
22819
22820
22821
22822
22823
22824
22825
22826
22827
22828
22829
22830
22831
22832
22833
22834
22835
22836
22837
22838
22839
22840
22841
22842
22843
22844
22845
22846
22847
22848
22849
22850
22851
22852
22853
22854
22855
22856
22857
22858
22859
22860
22861
22862
22863
22864
22865
22866
22867
22868
22869
22870
22871
22872
22873
22874
22875
22876
22877
22878
22879
22880
22881
22882
22883
22884
22885
22886
22887
22888
22889
22890
22891
22892
22893
22894
22895
22896
22897
22898
22899
22900
22901
22902
22903
22904
22905
22906
22907
22908
22909
22910
22911
22912
22913
22914
22915
22916
22917
22918
22919
22920
22921
22922
22923
22924
22925
22926
22927
22928
22929
22930
22931
22932
22933
22934
22935
22936
22937
22938
22939
22940
22941
22942
22943
22944
22945
22946
22947
22948
22949
22950
22951
22952
22953
22954
22955
22956
22957
22958
22959
22960
22961
22962
22963
22964
22965
22966
22967
22968
22969
22970
22971
22972
22973
22974
22975
22976
22977
22978
22979
22980
22981
22982
22983
22984
22985
22986
22987
22988
22989
22990
22991
22992
22993
22994
22995
22996
22997
22998
22999
23000
23001
23002
23003
23004
23005
23006
23007
23008
23009
23010
23011
23012
23013
23014
23015
23016
23017
23018
23019
23020
23021
23022
23023
23024
23025
23026
23027
23028
23029
23030
23031
23032
23033
23034
23035
23036
23037
23038
23039
23040
23041
23042
23043
23044
23045
23046
23047
23048
23049
23050
23051
23052
23053
23054
23055
23056
23057
23058
23059
23060
23061
23062
23063
23064
23065
23066
23067
23068
23069
23070
23071
23072
23073
23074
23075
23076
23077
23078
23079
23080
23081
23082
23083
23084
23085
23086
23087
23088
23089
23090
23091
23092
23093
23094
23095
23096
23097
23098
23099
23100
23101
23102
23103
23104
23105
23106
23107
23108
23109
23110
23111
23112
23113
23114
23115
23116
23117
23118
23119
23120
23121
23122
23123
23124
23125
23126
23127
23128
23129
23130
23131
23132
23133
23134
23135
23136
23137
23138
23139
23140
23141
23142
23143
23144
23145
23146
23147
23148
23149
23150
23151
23152
23153
23154
23155
23156
23157
23158
23159
23160
23161
23162
23163
23164
23165
23166
23167
23168
23169
23170
23171
23172
23173
23174
23175
23176
23177
23178
23179
23180
23181
23182
23183
23184
23185
23186
23187
23188
23189
23190
23191
23192
23193
23194
23195
23196
23197
23198
23199
23200
23201
23202
23203
23204
23205
23206
23207
23208
23209
23210
23211
23212
23213
23214
23215
23216
23217
23218
23219
23220
23221
23222
23223
23224
23225
23226
23227
23228
23229
23230
23231
23232
23233
23234
23235
23236
23237
23238
23239
23240
23241
23242
23243
23244
23245
23246
23247
23248
23249
23250
23251
23252
23253
23254
23255
23256
23257
23258
23259
23260
23261
23262
23263
23264
23265
23266
23267
23268
23269
23270
23271
23272
23273
23274
23275
23276
23277
23278
23279
23280
23281
23282
23283
23284
23285
23286
23287
23288
23289
23290
23291
23292
23293
23294
23295
23296
23297
23298
23299
23300
23301
23302
23303
23304
23305
23306
23307
23308
23309
23310
23311
23312
23313
23314
23315
23316
23317
23318
23319
23320
23321
23322
23323
23324
23325
23326
23327
23328
23329
23330
23331
23332
23333
23334
23335
23336
23337
23338
23339
23340
23341
23342
23343
23344
23345
23346
23347
23348
23349
23350
23351
23352
23353
23354
23355
23356
23357
23358
23359
23360
23361
23362
23363
23364
23365
23366
23367
23368
23369
23370
23371
23372
23373
23374
23375
23376
23377
23378
23379
23380
23381
23382
23383
23384
23385
23386
23387
23388
23389
23390
23391
23392
23393
23394
23395
23396
23397
23398
23399
23400
23401
23402
23403
23404
23405
23406
23407
23408
23409
23410
23411
23412
23413
23414
23415
23416
23417
23418
23419
23420
23421
23422
23423
23424
23425
23426
23427
23428
23429
23430
23431
23432
23433
23434
23435
23436
23437
23438
23439
23440
23441
23442
23443
23444
23445
23446
23447
23448
23449
23450
23451
23452
23453
23454
23455
23456
23457
23458
23459
23460
23461
23462
23463
23464
23465
23466
23467
23468
23469
23470
23471
23472
23473
23474
23475
23476
23477
23478
23479
23480
23481
23482
23483
23484
23485
23486
23487
23488
23489
23490
23491
23492
23493
23494
23495
23496
23497
23498
23499
23500
23501
23502
23503
23504
23505
23506
23507
23508
23509
23510
23511
23512
23513
23514
23515
23516
23517
23518
23519
23520
23521
23522
23523
23524
23525
23526
23527
23528
23529
23530
23531
23532
23533
23534
23535
23536
23537
23538
23539
23540
23541
23542
23543
23544
23545
23546
23547
23548
23549
23550
23551
23552
23553
23554
23555
23556
23557
23558
23559
23560
23561
23562
23563
23564
23565
23566
23567
23568
23569
23570
23571
23572
23573
23574
23575
23576
23577
23578
23579
23580
23581
23582
23583
23584
23585
23586
23587
23588
23589
23590
23591
23592
23593
23594
23595
23596
23597
23598
23599
23600
23601
23602
23603
23604
23605
23606
23607
23608
23609
23610
23611
23612
23613
23614
23615
23616
23617
23618
23619
23620
23621
23622
23623
23624
23625
23626
23627
23628
23629
23630
23631
23632
23633
23634
23635
23636
23637
23638
23639
23640
23641
23642
23643
23644
23645
23646
23647
23648
23649
23650
23651
23652
23653
23654
23655
23656
23657
23658
23659
23660
23661
23662
23663
23664
23665
23666
23667
23668
23669
23670
23671
23672
23673
23674
23675
23676
23677
23678
23679
23680
23681
23682
23683
23684
23685
23686
23687
23688
23689
23690
23691
23692
23693
23694
23695
23696
23697
23698
23699
23700
23701
23702
23703
23704
23705
23706
23707
23708
23709
23710
23711
23712
23713
23714
23715
23716
23717
23718
23719
23720
23721
23722
23723
23724
23725
23726
23727
23728
23729
23730
23731
23732
23733
23734
23735
23736
23737
23738
23739
23740
23741
23742
23743
23744
23745
23746
23747
23748
23749
23750
23751
23752
23753
23754
23755
23756
23757
23758
23759
23760
23761
23762
23763
23764
23765
23766
23767
23768
23769
23770
23771
23772
23773
23774
23775
23776
23777
23778
23779
23780
23781
23782
23783
23784
23785
23786
23787
23788
23789
23790
23791
23792
23793
23794
23795
23796
23797
23798
23799
23800
23801
23802
23803
23804
23805
23806
23807
23808
23809
23810
23811
23812
23813
23814
23815
23816
23817
23818
23819
23820
23821
23822
23823
23824
23825
23826
23827
23828
23829
23830
23831
23832
23833
23834
23835
23836
23837
23838
23839
23840
23841
23842
23843
23844
23845
23846
23847
23848
23849
23850
23851
23852
23853
23854
23855
23856
23857
23858
23859
23860
23861
23862
23863
23864
23865
23866
23867
23868
23869
23870
23871
23872
23873
23874
23875
23876
23877
23878
23879
23880
23881
23882
23883
23884
23885
23886
23887
23888
23889
23890
23891
23892
23893
23894
23895
23896
23897
23898
23899
23900
23901
23902
23903
23904
23905
23906
23907
23908
23909
23910
23911
23912
23913
23914
23915
23916
23917
23918
23919
23920
23921
23922
23923
23924
23925
23926
23927
23928
23929
23930
23931
23932
23933
23934
23935
23936
23937
23938
23939
23940
23941
23942
23943
23944
23945
23946
23947
23948
23949
23950
23951
23952
23953
23954
23955
23956
23957
23958
23959
23960
23961
23962
23963
23964
23965
23966
23967
23968
23969
23970
23971
23972
23973
23974
23975
23976
23977
23978
23979
23980
23981
23982
23983
23984
23985
23986
23987
23988
23989
23990
23991
23992
23993
23994
23995
23996
23997
23998
23999
24000
24001
24002
24003
24004
24005
24006
24007
24008
24009
24010
24011
24012
24013
24014
24015
24016
24017
24018
24019
24020
24021
24022
24023
24024
24025
24026
24027
24028
24029
24030
24031
24032
24033
24034
24035
24036
24037
24038
24039
24040
24041
24042
24043
24044
24045
24046
24047
24048
24049
24050
24051
24052
24053
24054
24055
24056
24057
24058
24059
24060
24061
24062
24063
24064
24065
24066
24067
24068
24069
24070
24071
24072
24073
24074
24075
24076
24077
24078
24079
24080
24081
24082
24083
24084
24085
24086
24087
24088
24089
24090
24091
24092
24093
24094
24095
24096
24097
24098
24099
24100
24101
24102
24103
24104
24105
24106
24107
24108
24109
24110
24111
24112
24113
24114
24115
24116
24117
24118
24119
24120
24121
24122
24123
24124
24125
24126
24127
24128
24129
24130
24131
24132
24133
24134
24135
24136
24137
24138
24139
24140
24141
24142
24143
24144
24145
24146
24147
24148
24149
24150
24151
24152
24153
24154
24155
24156
24157
24158
24159
24160
24161
24162
24163
24164
24165
24166
24167
24168
24169
24170
24171
24172
24173
24174
24175
24176
24177
24178
24179
24180
24181
24182
24183
24184
24185
24186
24187
24188
24189
24190
24191
24192
24193
24194
24195
24196
24197
24198
24199
24200
24201
24202
24203
24204
24205
24206
24207
24208
24209
24210
24211
24212
24213
24214
24215
24216
24217
24218
24219
24220
24221
24222
24223
24224
24225
24226
24227
24228
24229
24230
24231
24232
24233
24234
24235
24236
24237
24238
24239
24240
24241
24242
24243
24244
24245
24246
24247
24248
24249
24250
24251
24252
24253
24254
24255
24256
24257
24258
24259
24260
24261
24262
24263
24264
24265
24266
24267
24268
24269
24270
24271
24272
24273
24274
24275
24276
24277
24278
24279
24280
24281
24282
24283
24284
24285
24286
24287
24288
24289
24290
24291
24292
24293
24294
24295
24296
24297
24298
24299
24300
24301
24302
24303
24304
24305
24306
24307
24308
24309
24310
24311
24312
24313
24314
24315
24316
24317
24318
24319
24320
24321
24322
24323
24324
24325
24326
24327
24328
24329
24330
24331
24332
24333
24334
24335
24336
24337
24338
24339
24340
24341
24342
24343
24344
24345
24346
24347
24348
24349
24350
24351
24352
24353
24354
24355
24356
24357
24358
24359
24360
24361
24362
24363
24364
24365
24366
24367
24368
24369
24370
24371
24372
24373
24374
24375
24376
24377
24378
24379
24380
24381
24382
24383
24384
24385
24386
24387
24388
24389
24390
24391
24392
24393
24394
24395
24396
24397
24398
24399
24400
24401
24402
24403
24404
24405
24406
24407
24408
24409
24410
24411
24412
24413
24414
24415
24416
24417
24418
24419
24420
24421
24422
24423
24424
24425
24426
24427
24428
24429
24430
24431
24432
24433
24434
24435
24436
24437
24438
24439
24440
24441
24442
24443
24444
24445
24446
24447
24448
24449
24450
24451
24452
24453
24454
24455
24456
24457
24458
24459
24460
24461
24462
24463
24464
24465
24466
24467
24468
24469
24470
24471
24472
24473
24474
24475
24476
24477
24478
24479
24480
24481
24482
24483
24484
24485
24486
24487
24488
24489
24490
24491
24492
24493
24494
24495
24496
24497
24498
24499
24500
24501
24502
24503
24504
24505
24506
24507
24508
24509
24510
24511
24512
24513
24514
24515
24516
24517
24518
24519
24520
24521
24522
24523
24524
24525
24526
24527
24528
24529
24530
24531
24532
24533
24534
24535
24536
24537
24538
24539
24540
24541
24542
24543
24544
24545
24546
24547
24548
24549
24550
24551
24552
24553
24554
24555
24556
24557
24558
24559
24560
24561
24562
24563
24564
24565
24566
24567
24568
24569
24570
24571
24572
24573
24574
24575
24576
24577
24578
24579
24580
24581
24582
24583
24584
24585
24586
24587
24588
24589
24590
24591
24592
24593
24594
24595
24596
24597
24598
24599
24600
24601
24602
24603
24604
24605
24606
24607
24608
24609
24610
24611
24612
24613
24614
24615
24616
24617
24618
24619
24620
24621
24622
24623
24624
24625
24626
24627
24628
24629
24630
24631
24632
24633
24634
24635
24636
24637
24638
24639
24640
24641
24642
24643
24644
24645
24646
24647
24648
24649
24650
24651
24652
24653
24654
24655
24656
24657
24658
24659
24660
24661
24662
24663
24664
24665
24666
24667
24668
24669
24670
24671
24672
24673
24674
24675
24676
24677
24678
24679
24680
24681
24682
24683
24684
24685
24686
24687
24688
24689
24690
24691
24692
24693
24694
24695
24696
24697
24698
24699
24700
24701
24702
24703
24704
24705
24706
24707
24708
24709
24710
24711
24712
24713
24714
24715
24716
24717
24718
24719
24720
24721
24722
24723
24724
24725
24726
24727
24728
24729
24730
24731
24732
24733
24734
24735
24736
24737
24738
24739
24740
24741
24742
24743
24744
24745
24746
24747
24748
24749
24750
24751
24752
24753
24754
24755
24756
24757
24758
24759
24760
24761
24762
24763
24764
24765
24766
24767
24768
24769
24770
24771
24772
24773
24774
24775
24776
24777
24778
24779
24780
24781
24782
24783
24784
24785
24786
24787
24788
24789
24790
24791
24792
24793
24794
24795
24796
24797
24798
24799
24800
24801
24802
24803
24804
24805
24806
24807
24808
24809
24810
24811
24812
24813
24814
24815
24816
24817
24818
24819
24820
24821
24822
24823
24824
24825
24826
24827
24828
24829
24830
24831
24832
24833
24834
24835
24836
24837
24838
24839
24840
24841
24842
24843
24844
24845
24846
24847
24848
24849
24850
24851
24852
24853
24854
24855
24856
24857
24858
24859
24860
24861
24862
24863
24864
24865
24866
24867
24868
24869
24870
24871
24872
24873
24874
24875
24876
24877
24878
24879
24880
24881
24882
24883
24884
24885
24886
24887
24888
24889
24890
24891
24892
24893
24894
24895
24896
24897
24898
24899
24900
24901
24902
24903
24904
24905
24906
24907
24908
24909
24910
24911
24912
24913
24914
24915
24916
24917
24918
24919
24920
24921
24922
24923
24924
24925
24926
24927
24928
24929
24930
24931
24932
24933
24934
24935
24936
24937
24938
24939
24940
24941
24942
24943
24944
24945
24946
24947
24948
24949
24950
24951
24952
24953
24954
24955
24956
24957
24958
24959
24960
24961
24962
24963
24964
24965
24966
24967
24968
24969
24970
24971
24972
24973
24974
24975
24976
24977
24978
24979
24980
24981
24982
24983
24984
24985
24986
24987
24988
24989
24990
24991
24992
24993
24994
24995
24996
24997
24998
24999
25000
99999
100000
100001
999999
1000000
1000001
9999999
10000000
10000001
99999999
100000000
100000001
999999999
1000000000
1000000001
9999999999
10000000000
10000000001
99999999999
100000000000
100000000001
999999999999
1000000000000
1000000000001
9999999999999
10000000000000
10000000000001
99999999999999
100000000000000
100000000000001
999999999999999
1000000000000000
1000000000000001
9999999999999999
10000000000000000
10000000000000001
99999999999999999
100000000000000000
100000000000000001
999999999999999999
1000000000000000000
1000000000000000001
9999999999999999999
10000000000000000000
10000000000000000001
99999999999999999999
100000000000000000000
100000000000000000001
999999999999999999999
1000000000000000000000
1000000000000000000001
9999999999999999999999
10000000000000000000000
10000000000000000000001
99999999999999999999999
100000000000000000000000
100000000000000000000001
999999999999999999999999
1000000000000000000000000
1000000000000000000000001
9999999999999999999999999
10000000000000000000000000
10000000000000000000000001
99999999999999999999999999
100000000000000000000000000
100000000000000000000000001
999999999999999999999999999
1000000000000000000000000000
1000000000000000000000000001
9999999999999999999999999999
10000000000000000000000000000
10000000000000000000000000001
99999999999999999999999999999
100000000000000000000000000000
100000000000000000000000000001
999999999999999999999999999999
1000000000000000000000000000000
1000000000000000000000000000001
9999999999999999999999999999999
10000000000000000000000000000000
10000000000000000000000000000001
99999999999999999999999999999999
100000000000000000000000000000000
100000000000000000000000000000001
999999999999999999999999999999999
1000000000000000000000000000000000
1000000000000000000000000000000001
9999999999999999999999999999999999
10000000000000000000000000000000000
10000000000000000000000000000000001
99999999999999999999999999999999999
100000000000000000000000000000000000
100000000000000000000000000000000001
999999999999999999999999999999999999
1000000000000000000000000000000000000
1000000000000000000000000000000000001
9999999999999999999999999999999999999
10000000000000000000000000000000000000
10000000000000000000000000000000000001
99999999999999999999999999999999999999
100000000000000000000000000000000000000
100000000000000000000000000000000000001
999999999999999999999999999999999999999
1000000000000000000000000000000000000000
1000000000000000000000000000000000000001
9999999999999999999999999999999999999999
10000000000000000000000000000000000000000
10000000000000000000000000000000000000001
99999999999999999999999999999999999999999
100000000000000000000000000000000000000000
100000000000000000000000000000000000000001
999999999999999999999999999999999999999999
1000000000000000000000000000000000000000000
1000000000000000000000000000000000000000001
9999999999999999999999999999999999999999999
10000000000000000000000000000000000000000000
10000000000000000000000000000000000000000001
99999999999999999999999999999999999999999999
100000000000000000000000000000000000000000000
100000000000000000000000000000000000000000001
999999999999999999999999999999999999999999999
1000000000000000000000000000000000000000000000
1000000000000000000000000000000000000000000001
9999999999999999999999999999999999999999999999
10000000000000000000000000000000000000000000000
10000000000000000000000000000000000000000000001
99999999999999999999999999999999999999999999999
100000000000000000000000000000000000000000000000
100000000000000000000000000000000000000000000001
999999999999999999999999999999999999999999999999
1000000000000000000000000000000000000000000000000
1000000000000000000000000000000000000000000000001
9999999999999999999999999999999999999999999999999
10000000000000000000000000000000000000000000000000
10000000000000000000000000000000000000000000000001
99999999999999999999999999999999999999999999999999
100000000000000000000000000000000000000000000000000
100000000000000000000000000000000000000000000000001
999999999999999999999999999999999999999999999999999
1000000000000000000000000000000000000000000000000000
1000000000000000000000000000000000000000000000000001
9999999999999999999999999999999999999999999999999999
10000000000000000000000000000000000000000000000000000
10000000000000000000000000000000000000000000000000001
99999999999999999999999999999999999999999999999999999
100000000000000000000000000000000000000000000000000000
100000000000000000000000000000000000000000000000000001
999999999999999999999999999999999999999999999999999999
1000000000000000000000000000000000000000000000000000000
1000000000000000000000000000000000000000000000000000001
9999999999999999999999999999999999999999999999999999999
10000000000000000000000000000000000000000000000000000000
10000000000000000000000000000000000000000000000000000001
99999999999999999999999999999999999999999999999999999999
100000000000000000000000000000000000000000000000000000000
100000000000000000000000000000000000000000000000000000001
999999999999999999999999999999999999999999999999999999999
1000000000000000000000000000000000000000000000000000000000
1000000000000000000000000000000000000000000000000000000001
9999999999999999999999999999999999999999999999999999999999
10000000000000000000000000000000000000000000000000000000000
10000000000000000000000000000000000000000000000000000000001
99999999999999999999999999999999999999999999999999999999999
100000000000000000000000000000000000000000000000000000000000
100000000000000000000000000000000000000000000000000000000001
999999999999999999999999999999999999999999999999999999999999
1000000000000000000000000000000000000000000000000000000000000
1000000000000000000000000000000000000000000000000000000000001
9999999999999999999999999999999999999999999999999999999999999
10000000000000000000000000000000000000000000000000000000000000
10000000000000000000000000000000000000000000000000000000000001
99999999999999999999999999999999999999999999999999999999999999
100000000000000000000000000000000000000000000000000000000000000
100000000000000000000000000000000000000000000000000000000000001
999999999999999999999999999999999999999999999999999999999999999
1000000000000000000000000000000000000000000000000000000000000000
1000000000000000000000000000000000000000000000000000000000000001
9999999999999999999999999999999999999999999999999999999999999999
10000000000000000000000000000000000000000000000000000000000000000
10000000000000000000000000000000000000000000000000000000000000001
99999999999999999999999999999999999999999999999999999999999999999
100000000000000000000000000000000000000000000000000000000000000000
100000000000000000000000000000000000000000000000000000000000000001
999999999999999999999999999999999999999999999999999999999999999999
1000000000000000000000000000000000000000000000000000000000000000000
1000000000000000000000000000000000000000000000000000000000000000001
9999999999999999999999999999999999999999999999999999999999999999999
10000000000000000000000000000000000000000000000000000000000000000000
10000000000000000000000000000000000000000000000000000000000000000001
99999999999999999999999999999999999999999999999999999999999999999999
100000000000000000000000000000000000000000000000000000000000000000000
100000000000000000000000000000000000000000000000000000000000000000001
999999999999999999999999999999999999999999999999999999999999999999999
1000000000000000000000000000000000000000000000000000000000000000000000
1000000000000000000000000000000000000000000000000000000000000000000001
9999999999999999999999999999999999999999999999999999999999999999999999
10000000000000000000000000000000000000000000000000000000000000000000000
10000000000000000000000000000000000000000000000000000000000000000000001
99999999999999999999999999999999999999999999999999999999999999999999999
100000000000000000000000000000000000000000000000000000000000000000000000
100000000000000000000000000000000000000000000000000000000000000000000001
999999999999999999999999999999999999999999999999999999999999999999999999
1000000000000000000000000000000000000000000000000000000000000000000000000
1000000000000000000000000000000000000000000000000000000000000000000000001
9999999999999999999999999999999999999999999999999999999999999999999999999
10000000000000000000000000000000000000000000000000000000000000000000000000
10000000000000000000000000000000000000000000000000000000000000000000000001
99999999999999999999999999999999999999999999999999999999999999999999999999
100000000000000000000000000000000000000000000000000000000000000000000000000
100000000000000000000000000000000000000000000000000000000000000000000000001
999999999999999999999999999999999999999999999999999999999999999999999999999
1000000000000000000000000000000000000000000000000000000000000000000000000000
1000000000000000000000000000000000000000000000000000000000000000000000000001
9999999999999999999999999999999999999999999999999999999999999999999999999999
10000000000000000000000000000000000000000000000000000000000000000000000000000
10000000000000000000000000000000000000000000000000000000000000000000000000001
99999999999999999999999999999999999999999999999999999999999999999999999999999
100000000000000000000000000000000000000000000000000000000000000000000000000000
100000000000000000000000000000000000000000000000000000000000000000000000000001
999999999999999999999999999999999999999999999999999999999999999999999999999999
1000000000000000000000000000000000000000000000000000000000000000000000000000000
1000000000000000000000000000000000000000000000000000000000000000000000000000001
9999999999999999999999999999999999999999999999999999999999999999999999999999999
10000000000000000000000000000000000000000000000000000000000000000000000000000000
10000000000000000000000000000000000000000000000000000000000000000000000000000001
99999999999999999999999999999999999999999999999999999999999999999999999999999999
100000000000000000000000000000000000000000000000000000000000000000000000000000000
100000000000000000000000000000000000000000000000000000000000000000000000000000001
999999999999999999999999999999999999999999999999999999999999999999999999999999999
1000000000000000000000000000000000000000000000000000000000000000000000000000000000
1000000000000000000000000000000000000000000000000000000000000000000000000000000001
9999999999999999999999999999999999999999999999999999999999999999999999999999999999
10000000000000000000000000000000000000000000000000000000000000000000000000000000000
10000000000000000000000000000000000000000000000000000000000000000000000000000000001
99999999999999999999999999999999999999999999999999999999999999999999999999999999999
100000000000000000000000000000000000000000000000000000000000000000000000000000000000
100000000000000000000000000000000000000000000000000000000000000000000000000000000001
999999999999999999999999999999999999999999999999999999999999999999999999999999999999
1000000000000000000000000000000000000000000000000000000000000000000000000000000000000
1000000000000000000000000000000000000000000000000000000000000000000000000000000000001
9999999999999999999999999999999999999999999999999999999999999999999999999999999999999
10000000000000000000000000000000000000000000000000000000000000000000000000000000000000
10000000000000000000000000000000000000000000000000000000000000000000000000000000000001
99999999999999999999999999999999999999999999999999999999999999999999999999999999999999
100000000000000000000000000000000000000000000000000000000000000000000000000000000000000
100000000000000000000000000000000000000000000000000000000000000000000000000000000000001
999999999999999999999999999999999999999999999999999999999999999999999999999999999999999
1000000000000000000000000000000000000000000000000000000000000000000000000000000000000000
1000000000000000000000000000000000000000000000000000000000000000000000000000000000000001
9999999999999999999999999999999999999999999999999999999999999999999999999999999999999999
10000000000000000000000000000000000000000000000000000000000000000000000000000000000000000
10000000000000000000000000000000000000000000000000000000000000000000000000000000000000001
99999999999999999999999999999999999999999999999999999999999999999999999999999999999999999
100000000000000000000000000000000000000000000000000000000000000000000000000000000000000000
100000000000000000000000000000000000000000000000000000000000000000000000000000000000000001
999999999999999999999999999999999999999999999999999999999999999999999999999999999999999999
1000000000000000000000000000000000000000000000000000000000000000000000000000000000000000000
1000000000000000000000000000000000000000000000000000000000000000000000000000000000000000001
9999999999999999999999999999999999999999999999999999999999999999999999999999999999999999999
10000000000000000000000000000000000000000000000000000000000000000000000000000000000000000000
10000000000000000000000000000000000000000000000000000000000000000000000000000000000000000001
99999999999999999999999999999999999999999999999999999999999999999999999999999999999999999999
100000000000000000000000000000000000000000000000000000000000000000000000000000000000000000000
100000000000000000000000000000000000000000000000000000000000000000000000000000000000000000001
999999999999999999999999999999999999999999999999999999999999999999999999999999999999999999999
1000000000000000000000000000000000000000000000000000000000000000000000000000000000000000000000
1000000000000000000000000000000000000000000000000000000000000000000000000000000000000000000001
9999999999999999999999999999999999999999999999999999999999999999999999999999999999999999999999
10000000000000000000000000000000000000000000000000000000000000000000000000000000000000000000000
10000000000000000000000000000000000000000000000000000000000000000000000000000000000000000000001
99999999999999999999999999999999999999999999999999999999999999999999999999999999999999999999999
100000000000000000000000000000000000000000000000000000000000000000000000000000000000000000000000
100000000000000000000000000000000000000000000000000000000000000000000000000000000000000000000001
999999999999999999999999999999999999999999999999999999999999999999999999999999999999999999999999
1000000000000000000000000000000000000000000000000000000000000000000000000000000000000000000000000
1000000000000000000000000000000000000000000000000000000000000000000000000000000000000000000000001
9999999999999999999999999999999999999999999999999999999999999999999999999999999999999999999999999
10000000000000000000000000000000000000000000000000000000000000000000000000000000000000000000000000
10000000000000000000000000000000000000000000000000000000000000000000000000000000000000000000000001
99999999999999999999999999999999999999999999999999999999999999999999999999999999999999999999999999
100000000000000000000000000000000000000000000000000000000000000000000000000000000000000000000000000
100000000000000000000000000000000000000000000000000000000000000000000000000000000000000000000000001
999999999999999999999999999999999999999999999999999999999999999999999999999999999999999999999999999
1000000000000000000000000000000000000000000000000000000000000000000000000000000000000000000000000000
1000000000000000000000000000000000000000000000000000000000000000000000000000000000000000000000000001
9999999999999999999999999999999999999999999999999999999999999999999999999999999999999999999999999999
10000000000000000000000000000000000000000000000000000000000000000000000000000000000000000000000000000
10000000000000000000000000000000000000000000000000000000000000000000000000000000000000000000000000001
99999999999999999999999999999999999999999999999999999999999999999999999999999999999999999999999999999
100000000000000000000000000000000000000000000000000000000000000000000000000000000000000000000000000000
100000000000000000000000000000000000000000000000000000000000000000000000000000000000000000000000000001
999999999999999999999999999999999999999999999999999999999999999999999999999999999999999999999999999999
1000000000000000000000000000000000000000000000000000000000000000000000000000000000000000000000000000000
1000000000000000000000000000000000000000000000000000000000000000000000000000000000000000000000000000001
9999999999999999999999999999999999999999999999999999999999999999999999999999999999999999999999999999999
10000000000000000000000000000000000000000000000000000000000000000000000000000000000000000000000000000000
10000000000000000000000000000000000000000000000000000000000000000000000000000000000000000000000000000001
99999999999999999999999999999999999999999999999999999999999999999999999999999999999999999999999999999999
100000000000000000000000000000000000000000000000000000000000000000000000000000000000000000000000000000000
100000000000000000000000000000000000000000000000000000000000000000000000000000000000000000000000000000001
999999999999999999999999999999999999999999999999999999999999999999999999999999999999999999999999999999999
1000000000000000000000000000000000000000000000000000000000000000000000000000000000000000000000000000000000
1000000000000000000000000000000000000000000000000000000000000000000000000000000000000000000000000000000001
9999999999999999999999999999999999999999999999999999999999999999999999999999999999999999999999999999999999
10000000000000000000000000000000000000000000000000000000000000000000000000000000000000000000000000000000000
10000000000000000000000000000000000000000000000000000000000000000000000000000000000000000000000000000000001
99999999999999999999999999999999999999999999999999999999999999999999999999999999999999999999999999999999999
100000000000000000000000000000000000000000000000000000000000000000000000000000000000000000000000000000000000
100000000000000000000000000000000000000000000000000000000000000000000000000000000000000000000000000000000001
999999999999999999999999999999999999999999999999999999999999999999999999999999999999999999999999999999999999
1000000000000000000000000000000000000000000000000000000000000000000000000000000000000000000000000000000000000
1000000000000000000000000000000000000000000000000000000000000000000000000000000000000000000000000000000000001
9999999999999999999999999999999999999999999999999999999999999999999999999999999999999999999999999999999999999
10000000000000000000000000000000000000000000000000000000000000000000000000000000000000000000000000000000000000
10000000000000000000000000000000000000000000000000000000000000000000000000000000000000000000000000000000000001
99999999999999999999999999999999999999999999999999999999999999999999999999999999999999999999999999999999999999
100000000000000000000000000000000000000000000000000000000000000000000000000000000000000000000000000000000000000
100000000000000000000000000000000000000000000000000000000000000000000000000000000000000000000000000000000000001
999999999999999999999999999999999999999999999999999999999999999999999999999999999999999999999999999999999999999
1000000000000000000000000000000000000000000000000000000000000000000000000000000000000000000000000000000000000000
1000000000000000000000000000000000000000000000000000000000000000000000000000000000000000000000000000000000000001
9999999999999999999999999999999999999999999999999999999999999999999999999999999999999999999999999999999999999999
10000000000000000000000000000000000000000000000000000000000000000000000000000000000000000000000000000000000000000
10000000000000000000000000000000000000000000000000000000000000000000000000000000000000000000000000000000000000001
99999999999999999999999999999999999999999999999999999999999999999999999999999999999999999999999999999999999999999
100000000000000000000000000000000000000000000000000000000000000000000000000000000000000000000000000000000000000000
100000000000000000000000000000000000000000000000000000000000000000000000000000000000000000000000000000000000000001
999999999999999999999999999999999999999999999999999999999999999999999999999999999999999999999999999999999999999999
1000000000000000000000000000000000000000000000000000000000000000000000000000000000000000000000000000000000000000000
1000000000000000000000000000000000000000000000000000000000000000000000000000000000000000000000000000000000000000001
9999999999999999999999999999999999999999999999999999999999999999999999999999999999999999999999999999999999999999999
10000000000000000000000000000000000000000000000000000000000000000000000000000000000000000000000000000000000000000000
10000000000000000000000000000000000000000000000000000000000000000000000000000000000000000000000000000000000000000001
99999999999999999999999999999999999999999999999999999999999999999999999999999999999999999999999999999999999999999999
100000000000000000000000000000000000000000000000000000000000000000000000000000000000000000000000000000000000000000000
100000000000000000000000000000000000000000000000000000000000000000000000000000000000000000000000000000000000000000001
999999999999999999999999999999999999999999999999999999999999999999999999999999999999999999999999999999999999999999999
1000000000000000000000000000000000000000000000000000000000000000000000000000000000000000000000000000000000000000000000
1000000000000000000000000000000000000000000000000000000000000000000000000000000000000000000000000000000000000000000001
9999999999999999999999999999999999999999999999999999999999999999999999999999999999999999999999999999999999999999999999
10000000000000000000000000000000000000000000000000000000000000000000000000000000000000000000000000000000000000000000000
10000000000000000000000000000000000000000000000000000000000000000000000000000000000000000000000000000000000000000000001
99999999999999999999999999999999999999999999999999999999999999999999999999999999999999999999999999999999999999999999999
100000000000000000000000000000000000000000000000000000000000000000000000000000000000000000000000000000000000000000000000
100000000000000000000000000000000000000000000000000000000000000000000000000000000000000000000000000000000000000000000001
999999999999999999999999999999999999999999999999999999999999999999999999999999999999999999999999999999999999999999999999
1000000000000000000000000000000000000000000000000000000000000000000000000000000000000000000000000000000000000000000000000
1000000000000000000000000000000000000000000000000000000000000000000000000000000000000000000000000000000000000000000000001
68426560074026830291885850878271313991873
9524464641316893370789995105366835597
4001883760871271
204274715780856636461892235997178540385031111829538013479238344172117308305646048190861458
57259964697079738816336150798
2598228985930281072518213539642452800929812646834266228735397485626870943474862572402248236468969230578730317824436
9038450361359608394493570386368251021512130068761078914132768674154959474447314539225805015981
94890737282226058147425702777708059805440382174670382815366599787544600243006346
81094790231409461170015214023687664238895772
87344331026094845410629232460790178138639799864988489603166126317916628906765093501036060943500556818817501797932
9899497433273370125892146
527781433610345968790373742100235869189738136342145803557016406860175534634376437933988470627973645623204
4781540894520758418
3558765371517760733028805734771690239537077859783209371965754835068166513619773957316884865102804748
383478786322324600962310317073294089150811739524
76655840882509455097
2400744117691975247389836151550937807028027920767349623382456270917254372228591502
394913
15001544483284721528031729059609974538732686490207525770258121628758901711755442882872
64890941998511050585785938894762326880892151868213168910632407141645605835367066237341858203
932803851224709527427011614527
833441791794674274499
7980379552200226413936334341953993690628506951
9718394513339315480
4150227715371300339992391823859002039277885500996155251309836365922592271
870575336135495232001835673265195232739022540734478342191195134099211879254573420362066273714327937418598902414
6482175607289393837596300839931760222
39984572184812522
83588477183878
835901917156944788422208329144058105574061788741
6446511810227700824199960686342226026026411514046453863960891290453735574894343708034
11756812738967103581562
300382353981255863217782370331243210968152464120368605857979
264802
4806665008
4779436199411428486024636450550554188264665623658207779869086654020025021473462758233739009
997943185570932726557817226327315236330799228497328719564108196055216600463
23049717935783298190334870415022
6082532524102064829421677522
813350593127650839460716149630368744600156907603440060591472868793
209613832386227782664967176444014412033376444805462649122664519978161238589104952443139692
30658417128816154689
466595967632300112224304260504
51835127317800472942314333643326987709149661154438684295
5995370126493602323951698988705656807109068504117375327788217238970139476400925134214315698638418969115890366440
740403802829069536918011303766737767717468337556946868805424504071089709637335825846825437846709
337611898
5290658587342545
187601899340470285078370922129223096914
9580355030759349886847876393337145231
18993951325091651893929114239493966
541707522069777385720345358082188178661610487391055124669813134832220727481003978982443330914391251293
51503453170132715278700042754026269092347083027551149577064
64120728648832953584869999648060800214138618095495252550398973016933825985059613903341521
3183175682625282623113482089760818665216911833416
264318064348485084808573482155088210015718333424061393377450781092737220972621514433
138065085421102097158140638348033371382817820384767771187263089124844559656646347039116279
99030625633728038485858838613161
848775791552026702261103962897169
63665513697
9564452340550159841793985150
4540691898711755514773179262095003574093
278414296221041
279116361806826821189091682150660324563316296719042661041984100775599061799574153591865017865411521829
701327927515002
7057242835030518939495310189482856076052737828
4843613859041211842124681647484353638129185308017145997
3797630834349
312816490013965049090181900673740888086512959257784103861
4123747011442451449897275966015556362841343713875988370170730106268656821676575581700974712786245693411
434092244632795098722392955206392011054999703
273338595637258988887525604386161172
82010676030
92477615124954516736589169901337660298028341935501734165785660809115445423205086153732156335686989444339955546
940590100381378212836572897569201223034367718247976020296653673086203796786724846183736362891154549270007703072910040551
416933012857056663524726129591042892964507738385902075030413845228898959970572727812910870072773113917537697379499
739989262868256826478416963609965530745352412983039657510665566742821479132457333197352184882476219514854128
860627627
9351893570940318606689052562808083819360721532630267155348351857603874632611817205
8052851593725319739371692766006294008022391699505182043982776768716920
339772326634095695434471947950031227266203668622990062265077272590964970852694415711
75754888243586707930146234709085003427590383589814944217
70149538482508966232430581902749800139485782843958364432475955967575702381920253274557270621394296251078990203528926218
8253026798538481069331630176492586630784354701484729723505835610647917590577313733549447500791
617165253787450201915766059695105460400103009495331584263079103413600464353057109376214126981561487901564
91133235035821647258843142884889601246599083284272162362083347034483843078582650015
7229978064894796307336895324945428425326441499172795986049962722462355125388378974
7584096052183665525339359620522446421072918277958579663847235200622964921781614090408232765006016599
903608194073033994863573776
265154414766036824
39686853402455086646688360794330539482254537366788668299
55420756294642033183767775783268886312804862941068653697680077130919789359279419545228290218323661770201647366530
9839769869789808263676863580210055695707937500157268581
1707095465732152890942425411081143127997195182580660031362927688
9165637751986170758742892412721141577692833060029745694930534383
5622834580595518641191617017768743194852
86806540876182256851225304363030
15268712128908437853970646698229
436077625390694730553783909634269975365081663861786497390802029543188892352223
1969016673200138954377554295928840477
75665728975482945519108284238228453380668676154847341534897995215416235948029065175746683597651775572814569821185
80717334570740062089528738294868794900345285607364346175170525385455450904119565
5673177415866319018842457396373276288501474153248181426396928836544150427084581
9018823878578625873732439741492866
9142078534606996142197664863860224433273188793250727342326437109228899128210328
43405801309057420089052284623573008681811858871954903284751948044661631353
274539272383649908387146737840930607101065745788749349718606832
699780428488652901974971197032738084277077916
6667710926195690408986368360428270256583891821107462876
944916962
37295970385043678142546
1933082462743490079605948478543531647459750535213883395995463545991206159170450476593482381937480127
267670186607622906301744
292156717806872362650283733835901983636559824164069380262830292866154765745139650520836597489
214987044741836127465191712161498104911240412270400
3422025020634536275235255595067969301581717889792423692427216376326895346733113741171896742469410
258938070863703944372854089247023268696167549123689509089708703583582608521799
824797362642048726985023526931668990894675574639281512644388955597517352783461352875237
501036344440090053649983920486072078990322967257559053911337470239572709
66314295811025182183107174117525028466402238442901322622896
5118084895828918862204081974318
2907282621247661614505029383027895757
8959329183
277556276509705394055007068097
58846404499708244184352384708588592057312736497
208308965254087235470539132329152721520109483070496871725226333905173
8377860850626507008438270668
203442726840132782632824004653265499021329508857
3935282712846115916758869486556206855
57685541128734630272832042221303916424825349281146661684173861596930020885523699475487339307062158920
764403810281272892360077287436330325403173006243863872218450399107423353497474599488780649
35787574756827211377259669316614961839766669575832854556541035482421881638794171453602302974
6634046849322724435047355738203276413418597629063905911957268996859853462452095
372063413467101148780370357807847980528032232424867762862889653485006110051556103558925261592682697
1712880968966550044753152966495277555338180117946
699522409589339842326
50073833688668018823019254690632
6433740039251041805482655
71055913867757646
5547280304634088532262846984126745834066978781436152456784326771967298860
7091197903703526454656425852128424612914271528765118896433821814019395630976870270121293
859213865255649685512337679688697775244338346909876305413264969177722970425347553922171734047234
2996099071430862897627902134524
8956848
90025825431251847096921113248348784042510988202300348504049932750152248894853673238957403297002869
5925630445301452137349117441296441901301249240903646095143997651385395590943090701839016362603343288
7663910828645532059956799372563392345291802747863794831
83744614522004606046
491424954958732537533133229366050040851156885603076289989404729742907112896
4817535732213514553
134029281647361578643959047097211413636948625198067717852252507312473406802971915669951477547903559045819718034
60746693677333229740090495179697478393487985504785891352044849759152409522483024792097684605013886669
7709921709121449562986549439564047306928136
5605529984078646268530895262133764787749510276387684638895126
9360650853623186077530161618043168789565670558307374275642225253238451088713218702830934952815196725273033549573265
159624572147005178547910509623351107040097801606887
2708210232057799681719263823547012890454763
2286628525754496575282342428410847521091916045385397084840550930233629
730219873697560519847971878
23718058609259550889823688953925396309341904825828153
1558139985931111290240648664915796568312256186001323859275089166052330487925281750438
989085936251119799625744703929063052
63478173584246201555139144073495510895647437770691549205408729949741390
164850149948237531794458801602322522558248333709102904945535366010706763894979392319528998039538769339629
523928784980191174283920456458795432333763812354806554239179934727437205180342938979851692196896051627479521207636966960
695359279210701985868498
37658549118919291672450980166562723423589516622367617227491436716318889481537926650409266
3206968624292869861090342721090707908893386782020164163291897660870568825006944
627931949119088558439382692382191609171382810378427
6172405499702772160796082563092849497274205729290938666199408903557641012165162994433931296764937365490
61011338043141239019880375
162151636199062332021148343
78481097071648062380362534309051485102510973793864107520793799719977
3300146044482594526596422122509467218207209895037355704467127490900
75091767
33878664666453610381753803495
890828363971664644672750107926773
8001640463750716084514174872951053749799722207776631927151360056888842390005656035085118310169592852133955076859719
636663511685
24304974576180852
5940151623303582093297926553362263185116045443929557645252827147
1377331593499774909760956423194282719142018463883268770831226022592561861450545933607410466844830970908660756394821
29188170587397901021
47652593035454667
4510876572393774932654966300195469
5982767424183196470157818262286735976322282980829243786263057220680565563845756
27306905435192226379262956205614557372892730
5709829502172088667622963649
35347234860416461552141125954080084066494284965703683813778939861275877173818
14622574222882718865794779859283762031791426333317848648080114727047066408124074245386366573
50682286923044313008622753473642083934641630037574414404660683906291
6439496118207822567664180923598588710113882902446082809761351522744915545178304685680037673781265247204122907150573781
93016872722107095939577138159129
192531931666128100631426610398402681549634937763940773195
7872007472101016113465964770625108593523061740805660388
1877358369202798885880401021592737314847097788490503855859716464004466641012803936305935822766861844697032504364
834667
81253729814473794952291838588186647724146427716928732273862616411201881895583344067
88659259053133258179985336
345399669943749860873887889448399784096529148215493135952474610
4771703
59932909652293646288028
75269561764343946020843450014404415398589350314017736494
63382999675
4010610631035521216185326507079914567011355209148703956205204665
39630736032361913462327519028951095264207431832597513796809660
6080963231624894690681566173837006494596153963141439361828160
96657518185099652686781116568883872217883
1839042191223269234696474806060227702102875477503181525410456966689513913463036472322448308861316574153
11409232106418480146535919382663924835801413952
39036486876095792982911
14689416903365086579866351819827435202535934548456835184579836600965031007996599
97365551228563208191437260611677456775352808551586169119
83143057045866355837771407865120363453740988038553459526424830326587525
785808545754877793257860421065055440263291936851660067706637421398944339425885543249722424055362639719654893000153958774
468183260770303975943767937813957090493280366962558993438951478708742702554367538300569357949423
68702379549505141084758039
578758807264377790125374
1042763276132543668415001368536729549164988614787660985
56344478973686228676302831314302470643298317737631810175859053693925553482458
471988720419226811434705940295490719930192961222212159734404786130286209943746506984702810203
96370203175522675201427313454678051613555
837625701946738251731248908112814
1569351419539413984604353590675570510083646204193141436069391263
18590154471949288496018213
672251453940994437458414952332285065086800475308705481840696865304550190541159944249747553276378204135599195810
569603
495780989002726508560079214846
954853805811919768573595699600613082409584434451604504540443784613758187610325878120555011375
30749002768275476611326893849793243916689
16755042137368635192756158241911675826193087450679
206863889226919304919898800764639999458881
66687758568986159255953850178358409794952061337564873424145154172594277604796722488691952856620
5988654294191441716441381954887961092867787927418408960336263424623593986104944545300333020919548767694376027463902357
3386123343788094345148441374174
7398915081037796072445295079730258451157034980782086514543263790687282792321069276588223496212615268
18152110266078900019844143416129768630800504989674987680303510402557534515808928867528783642740280299693
19139752611304716
7364841087620646208064929250964757341759292058053155760992
625211930492327319618204828390021758379758675681451497917087060683771
3783926980338391995244214188687
54255405950434358297290233814239419809485234707275047167735296088640853339249434853175104284629315341296
398504722320729113001911565499605921429582171088775258706560518185013081617294478834768137455497548854216775263555806799
6463527880219470964674957993237211921014
7024557858507
93540353607259671338795801380236
752485780723755790493831043749723557768904900641739518079868541465601749595777226010617838149663363308168195203727865692
61834972850948413296846501038181441775988377730946361774898400352775987264918352407180
11900373205916955579085677472346545609226310069890038
3947914862639865428849102036182834018332205664102669988237380225240568316386473845495135311691935
40963318207413807
224910682577803578851631912121448586627820219741347940636
3083189696984362640993650423219390835295964744108918916100453127540294183817870462770034563529575122947687133722
51861473709161738714954109958452646529790
2832758590655570185799631819351781609869627903674647480089251403
8972444912092228060274842690321707453725134192556082000574738407
7189174455596812621522369671630948294924056540298929010411697
783266770115040843011313935049443755
83695661
46956003841
81444974553361445269054918110
577173573822180866591026525653570487725728817412
3411438428769797015974577015704227
46283518913836143061114838680642736
5725598207360097434860561845723774332611918130852084293799289761830733969780228965136049417920122221161010
76730869761869427540830795068868637612241532805745501021385097
45529840949484763758417978573545282296046594828451729172526919243554883435419216197855619842944698128
69253362277
10776690827112040237432065746182717010
942024823736306799180120726917076070023920890373729982916257306561305157
1188314377067555722903216224280247545219910411236042292376745371646876
376963969415405755270260744644408084167386031314377673691846580
4265889588180193116655521477221013673636582371967691112574829046653374249800910788
845178282761164653346821135518980495
97406544831201985709570170668464011522955035115715186767502199401580351938914914250202149160912263765949
3328350875818859751288532145627393995908051160203853031687684929538456425499861634716596
704752873161675545871635342309037066152866711
313144
4872721601861268321975112867270589495397615231160087820626690183301276782835606227729480177573884970043
35434018618790104940441859156856150832622273070685714391057942522351045236523710788538851778858218
324713324532395342276695799
523324388342666960217547962076465
54296635782070654559189231402364630542450831271928396735531286799254033314709712091
56177680091796618132041304202646428003475623846511470193755707318004551261218090671876527056211210500427547224395083128
38863214319607914209086916023330464
597565371075158873279733420136983074093824332414670495658070076422042958511620684544416007073
746698494507553576176953229570268183775599803382487235092835460749615022
42917141189155982722771411593352840807449671930175206773324836050083847763
189741829347808430238273210626037896256515192963984888016652798487516248314244678158
369220260642565970254650822887906687849323813001828656904749415043268166644725003
9208700050904127747970073039319803445534172602840128307936253076394435
64417073834
469129708103387495842283070395497197106681456629973918693563708023603421843211445625989810971545201765600
9278034094490003474570918399156629505582484802724682393431495863066447764697736766588057835555298805184974965808254
774153009903832067311000650546142605389752219062630756986520043761124234069385562345375331786951239291399436338928931728
81259695279978614943330688191785744752957878170686256758110589832428671016488798279739359879257152256962842457837929423
861878272
50127548738601015644459852235556590101657873425941080098150515701557160105126446
6233518
8808874148612523206637864110410082210043081240015515740789789629631861491348667647742790912197831382820964094717
378893960959079055612978300352508113532191051414011408
252917169980485443239668989068162577902870005533713769033
8710095213443414088787223488113160194257960677701
3794863611078884599480864451955401
97724737876406041267989320664651037073800651538318505655714368585093200443627611271414242600119812439543815
109460070795150143948325492929991222353636469
81454909028092387817856177848515129794298425760405250262673058520806071275272201708127629236217221249869624990
101449862805738657813337828182371653814006250321375155362884254223
9021286198250828140642312996789130868826883733138669847453913620329206226048369974887849572228
62383782038087380500135492831344368944320946969929797778019348
7630600353446049330458285148998513209453
86997404518451783190
3457580288471919599071202930642209671988751187582186613
285419583349284762574525942594495153720792302197109760603124973399389799477308371234669402849035379992001592574152
781906089256775773174338217986529462701124406815093362417430536
5487056596119123227953814091909522905562143613771055835882168911341856118090215857
7082543380555099077009946870054395639892369294145665970704206275852568693163837
17713708022686873254639201738154218531088531511313862561796095128141306878856805936206032604136294406870449
371959897600396996411385642458935517502530623212887959610467770073972008095067704906412234659614661012132189578937950
681989164166425436385356664891510117856055589340322699852232197013943804068616430511220276
133547621081099681522511997022603295099514601219327494929929610386755503615437927063849354141375451965682405867796653312
28242940718060576629974836014253186150315792453873910416752143218229377
133183484925532329364266561169706124284724129619733312371095119744109681
5708871958482119789153445913528736941333310
4474743597776847835171665700021875714927870394357506494291887901459868162321222978272074839687292563
23684753642165868768605564159116232895135884565955442479965859479956442120
608895537380177339633001331947145256911601601705355868331396135341663324908850171023425503647811590467347
7603910222783142565524149441582017537331638282007907530208119629321061700723591184900109117108365
645830448354599506819779591128124580582934373
4690737371777600941399111195428277924425170070915223365994803359625282918482014146
349493942985987316066520253332217321194079737987801998856301414239140262417401933652856
43875398524473999311311336698389230084760365775801603174428334631169301234223431023014469103911524502741475398099208335
72627612
1455604827133478697760
42620283018026458770035560076770060334448553249712985215588416394868661481205544714443
673901522734389757444161073250465502785
74403743767
3395077060008854850441388568148536278881139606550603394396604769806067655867661
18908981001768040982096684628884951
528968506492350049733791942217
432604372991120622492724559797333332594073985
27398386408253244242576219340699510593490772504777285547360022209994587661415323841300548573831366162337948265941
947732
240854532807716312484667992376552884764557590692946739353460244419255268574958498231230627646935862
2559677373584751176895446848534517273815279551344625644401693687923414681298615
518712617919437822282833252300697718597501489158285266843878594229084311304704125709229977095597859
6643015001982682849673166913540649130024042184
178538309114849938092917058428345090776784417621845473328408988900891480175768884959103165
51071468767944847289452700563764249917517096765293068982558878035366998107489893906738852763031947934775494574960
37464925928767933322781874920347658619420802003188165103684275031423946047335275739637273045639019523149823307650613
7122035155534891748675490143416048950207534748474211333819974861823769609680745585489424896910665371210535107387429250
849847497665947159056540121037290307780809760223310987476769061661848
7047714335024847592198436354637531605378124078435692514412028063733982435502869677525401139063296147
858378646185224383216878442551773212086183678740889023825402385766
489208749183302665478554030010475014445279870548580165433671548242960049516828
685676
16152672641767081026717086404446518654308241577159419263431955749624192
852499399554503671593438906130014494224768554223567733732327619521428713902098632333
2240562562172270814977162372705425145280027586612636794247801672076917989738441113
9691407206606641769717
207347263509607141782094072942396494755382638024671399187647943690975413361
169208573679864
871494204433979195430506576145944491396438315817801609814283695010
95560410000729590
69828362175359458530605892123688047850703467268042707472490508893090472296314194566327501529698390806474103310263239
234248275926434238864548970882728336845142749966654289484220825985120284184292383675165688353316991
365259
321010547810572308795969276708957847009993213918764270673017427295764696
5560816296648592579626477056774309
414202287820021297
7988044865108337643523738337302317301056745882521580823620897024151819123950701891092552583839242705632325823339
89195185216046297584129503434450736671556873492543055184381
66081061078580126753107418630897091913829121561840700376958198103557178281802267
4209239652632812193549321189773731714163
575501398568922149739930925003240742842406495223
24871770499289227288519612444094694075698432893462178524902
310575642138833783050694056544012747146903640044819025948773730
138340440795597098166817187100722805742104590664603932710002180080349536456244
66923277475371555341980442737057534631796897625407548153751786476710261763677
70112633660294222562256054918754309029406795371075959640944038608017051488719677244428831847069782
857242266588563425203581131759062343437920369130728756241771320174584021337610427626282227158098015418187423729
69571556043
477335361089300268745286189766122458421898896277763821503179474144077262580669463159651125358584
211704311739610301181630651961583917815020273680816100656676241892824
1179827097664286613630478937467453971731254432768156074125682437366483908665548375079988009028119549076
73022864
49710429426917612516
4357630973878473648737641734947799638695217832561378660061233669072879031042324651082664744238539852180148772365704080
2231772518554566961528391064797657202864887782175482380527771409256361858459718246220731
260493
72956419018939561
91359580849082303893960097177636645154066573424454259966464238278275014059839339782045566471184239810783
725096804455468876798630632476642302280119010642680976988001876196137329415379377
5995770322902669236937457955097140627441772849175412059513747646185776811
1907541387414814516184241719043302638460691426603769052512921327326932061904731434765278
72588323192610199410634481444040946276561666390880791494
147604489269975743093863180969454475160
6337283062243319187557938848480462763625510642615559691007
2323610554567408772677382070691154123901215286563221521061007774738789048431354049930148473613
3841781293044252242619977180545267386406870637698428503898931048295
680922459652418176069925219944359136103617129133507458559478764852055343721918898407727864461462047533497456149247928673
833075981901057917120634754545739636759792805005561050792077911041515423177
38286473702557705823025321068384600945949822974186508637187982586475719081191604605913296543551
298528263108872964725986176930180
497994121627413554721556583557
8433788643882846624635924322911384
25676486661241195259927615307189252353392693212395392328202589060916439
8723041794385034008086886444608010618638313731788158596159135642636458774675503663300749250683112296270362908
85643115580614044536416
9800757180001753
6467934770149456531356
826984698857676500668375964644239894111250572049484869706
8884512361606097196612143132956901605070729957064196373008541567542918370774198510907498724192084453658760464647814756
85987117935587744865717250137682314210257058958870819786074844020121651215253956160185227617621517360699481546180241
421115438182470409214355513934745789746132060471520667536639198185148342
2579412889054167738155639335565784828064209184827732636899398293851062160466588992314353615
240290690580288211003
2966153532991537464043776634337143400
586863080275995982598350447690200414105280248723428
72182658224991160939082250757007707721291813492623603085067930074
554114853874636523360836713719220806583
63935050249475553372424474989156448697470989933
19471715738576459846576025782523462316915612
6649217124978950257757822240412989013250386
5696168093024097659305353656673727627740398656687110769520282595391084070185043771958
930638182206284164131012934304299630
663287598995465412185047169711326519275165466436270071
33683000190493513663515312270599787991873234045366306409839948469635
3235399262390749200439278766785326282914112279373729246704006925815335144822061399349872249209508523564659
5598735915739737808781667891910749702439338677067596401928536422611387852914381122105500533502642683526113450864
12470453935460288752497177323532526119212973086973565807400243097576355180850014516744730614668
33264889243466468336226529459676540236501129002740205
84090730560187635941548412924426852178406059107308733756534124594187856264706766762620813632136290978159634985
165390104550605720387334239065417631296279336456819759928491003663403281140135629325130792941232
8299850604209755673396754903603940003846920622604306759326
396410959606404647097
969234673010300801725632653170518
68834859727300596289810310874200056685245056151842142785759552281096336992510036456112050
49196456501835147650335127706887196653470793618361842375232557016623129123097864014
3201490412708662781502619723697820
8516020622673264099402088985103225079099674670444301992331543
1280145465939713160381804273515653804849439759190629757342531279758579152928792
6403116925772223575022933336983624893590062625249553067612341901670815884020194599042345190
740489433610201562758889512119882801477671631380203437508868467025405385785596571464087684047278149834905212414095345
62368618403393172
8194208639821321125239926730923411681353373556171488636925642449608810641527401453997090301
47569487890954535221812209484807494299559103755
56903919820863852292210223473010417465588001213938605772373739325809325116711945013307868324850
300665561367664217961023112548215810012355560478
5377390228224026506279991065909541337953284001606196446005443821550150621219150444
920774846432517032793
9036032575697600703047615952055873154196726084951172219160979122785908834558941300487670744853307571598712115
783623365395211497456588088
5959429640229023590359075942567598249364124894237
2310323890373838134074037458175216376503297022163351390886987389004425020938077614735928641901
4030424221495660226309712276357821911820077759230060326573
669478421391774202652966430853174680846883368864626330363888677036293
9245084859948509142787685232473861300853116363716510250372571825454770146
402900372785968040262898695086778421730717098940599401588390328769292641610690204538851619331746629572195640039152923919
217014
918703991016071973452063417428931870570574479078001
15378550823132508695787686659109418309955620500
73526108869392287439271781610061641374
4797089011390827684342205192837197225348657020993088967222360090101205077944678174485357823566725282114157
80102075619707810148757952698243
62489150943024589685338072577721984946231430239015111540890668282612470211663
7451694273241263537208286517665871683411772424275117692039114782955725161500077771780985139526469711117308534469952
187778481
4081668815493826570008491533817789850491255371193522059198894482235046383785906533965889368405253
12625159342434180004
170352738930737221384586255017929123579991299022489294449318170824740698848037031061
311422914655980796729905929564108059754102446207731016881617878095460971329996284862104870186177054684425687032
41747524831326719886170714805849745190715426211386069521708554581239750346266362975080003017883728
190932369572280065195355339327970614754734322465696764261065505032661411165
31035863490066263
931831677852477124208424454835667529068
7390937871250375045069108517495962928585337770305580576629916234001417883289636282734737641
53749059400179749686155788408500
10971953980090711931485583745484954175854070328908638104764
594335978282783440514743742396827764451023301758236965492
61167040317319
65814658544
237291473301261353773634047068973616739794244250892107014215324842643143123771857109467709
78129414159993819434337
3864042668297517229398805453307658852536311604057063293360788248211293
7726822756467448319184565198149591753225774272042891337034647256865704739653163363952286893225485874341829977452195863
5909981888315056155245
105816548464314065797920793425086219901429408270864877794392897196125
334051544405197413836173
5011128913688131901235239603522989023107184984826133189723418022
93703707394209167478498945495670827278928939
61699753788905442346885846530483680
604885584731445741077237313436155121029
16758723949839
908354312349426806837041665083278518682511728218193210
8097718940593565762036769426653558333336501407331108081587737797345323900374250471042145099996376954421937284281
845443579
26138510016939339097552323353419541068485931607361726509641266258268923321957968269633264531081
54218613275660095831665680
47566780401726637041
6816704610849022778488329877002336262952410405404849704281911864854333984107828841128709143763529957998654040
534383065576128601023541198900530058562766327784948337502267529635112874905447173224062289396467828583451933721509
6043743500
2828840906809772883500116834195558007831589314
1866385453815699496808442815155141618585284460130132386019747929411160146291379864855899633966573094983
9666349
111211378867887697549642090396266633739837033163523499805251113831010533753888690173674066637
603785353160861553191894458019297999932
74054461566938004354750695813284
368020360840982187424061
65690890278675325865140730975547970779330716479477334936
19493446151416092563326949638475072195279652322727557092684501332624261022249119887063127252187151228634143460648
20859222127576008767375216455920290029608855819562981168459029107293871644094253412872
31049684368987168556447153006319345901784702813144137190214314671992131118010963
254483826532169791646026224567539555068933423171086161305121087323631883117298403209324278983571397679552
740736317720625441413060895838802072215659038944917878
1424874598276921653594738233857413038909025
49948461107052586915008918518349
953852494209339353
417230206311274227510387180061
54540957790214410877347040050343024040957950833907027466016608565208801672368315844421347156880
9911370271667286925888624120145884093024581098878815739299823297136046419609456951537140262796787997426314495717436
65714387191517938
2264891195831222937294655077812
20035546283718901934722529128758375885026224384043896391046612707114920842570391455464776216796163266
3396144328089458245828193083317276749185416949482022489306201451344368432225015171466008611811231533263658332428714
79716718242748526904904240918463236579045812076958495131097638905809667049006629577420
27118731854572921
677556007746480488475354367409192366035368392054417942118083806307627
802622059861539766187188969415528060305646691
87276810642992433567764159598498346084310309507953480633614257068873759996551423672886483419789
932091396368692526427003859298997092341408838709397410896216383414408337
2883229346655407780175856428
8035023390910495160398431338742514189658659033882076368844056424897725593206405876098052347821613247998791276473176
545553156768001767614143754251941747484896682032888539
86946059998453188222341
91115036628649698055362846780322319054166243926921892891637966537
798882890824156197976819728273
86218314775143297893483139447694063703228695685706809078226219474672121732315
7343707344862956403881296080938060435203855361427811355067576431345146038976452515377009197901
669287158448527946514092393789317050796653608214563663523484317159022580537150
306010656644793075084481860463361577157509376317470111433778695460666746270059
668091028585841115401864911257158261143118506899868979611166845154757154286574931372914020351
11573921407247353512943909095278930
12740358374227047857596135385460594780169846745574228274622485469538957100501329387722922165739464986463737007498104333
543263
40138126636524663344731923775515138937195100931789105113221353310826768130853927987350925370260686369836830248448
3988761479875620935780961074773427793938364019493381927530
5887929702301309195930128520621
151285187
98812952140976767832309501392946899880353491308466009070768146156133195046141152512615876
74664405934705358511585311566271235535603306249676763321310551911545859830801
350383976025935171057567546480266141213882149811880806269753311629671910083624062888842781
624521502726863435012765576767489179394654501240940855262145547490887008660313108
696684545982609197935443551783005407552730461450308000206876694579
271987076190758110841161475353671461468695948593734646306049841159721138443144107348337777581925150196321406
815038733481099825779842802609001476886696537906058939793571339778384712385862786237616393976778215254
30285108870655109537575264397957558921802
36173346411597351811019127463310115426887500176203564268002951743494180983340941034132228542521940389731531202102751
4865769930956123125950385996998024557405241750533771479275788828868917710
77523119687352365840225979011365688000266890687011360570694339704097934565144
71781899021739973929969993694734550756094065710335227786746369
4667581141356923741
416339155882311199157727244876400375735064050628
6214670994118813018267214429029546312327507575984432363815743447054244350709400393480
741872300785479642107165638989968847
74063488442433486517506703112770455419134420166542357080703923
49842909003999624
633558195472955616639504751504531359590056738900895292909073962251122374602090415712434726
647289556
85386915022177507650244443901987576986851345752237610891046694745627420041563868758198608388346827765191711187615108
41623247822062242604
291096448119298364383076262632178204325692660855155
72510118733634423
50388481279749638562062625760899798189836142942146
53757621993832806794115905992238387233087325
6784710508589321666566725607573633419399484127438726950903500825031805500503945115828
10323300026439439572
13493273857556526056326858639743983
949856323918623466982366830606037756363
82415451730403378000794977250481659100716074671940629320349677033514164044484460641682257
4342079693787
69585300441329050867922096652157899106650679926306578755620117453170745259048420248140770553410408
498345969577569805455516428443395579029043557237466239196925742174941661456187899
4466073778283257848951212930797338041780484569825104456603946887780
45550105347170595009358571226112503664817874854196785378353485759828508734729846
9262709238134059547371851255335270
485385500548265812783792383662385606768267735615177212345
880776164221401429923776531168273006146966895857061483924718774670266409490792
47374959157064860242118118052156
831776628420711468570544184422610222499045889267014888152886188792797000880416200573372965940243977960386487
5119470563543555468156838469250305298177004642762900952453043489355835076445024323770645476856397145753
8086189593174084042660854082403669097055566079786983506481503284
788386255678321330
8474823784510249870445152420620867372069768952243596408133571
226432738553430185413407884840847206148629713
1862745950778639126017024451937318636144960800813064129679080022622670530367936228556058443746810720692713381876
871211230236670878389457365144587308765972975961680732693554238701004896
9710276988095359687138734295487129067932600830640692527654686975
9606277303060656144255855807630361579015464393597233349280648627663856868602361
334880186
50202541002619636272987233102016380845453611809994495928384637
5331081639480531515963918209756343251472506945724194871154854227378004939160
34003085246866089956566379379438769
96657313947332445409381777956285656940643041326221839
4805390724356792702447689513454252975886587833378223247799848363315692388038253634547
41068121116910819609964155299683628460025266321743621187471958830482536876884784608915556
1277698482368301592054603172171312848552640346383733586713820099175474080
2797278242691904640
9352685935818111163981308091103733229555482923163159452097399187217079529700608743897966701039540773
739626289464979788476368
9782797298096733205289146894675297220229466358220
6882565130945396254759905216473133479
913584368647928
787741060603675879602582127081782055308191099413955290890716456358546980206252484371302219200210779481104250220945
4916704177030922016444841943906119587726912611721256445404947216154514142564007015395631288805157756
35900686849283201700480470965994204084700266589751733056949445693134962472099404836551622843298265
7299192481066128881656571748736460268075095236803298966025
412404021630032891574159160983630301214655315625790511005
3418601336440040354864144203136811451949799727556646275620859
16177651266607960004790532541541174292625320313366269904215446208
649362187745727990422865768680383232256845257026094029
684354661921022336512592729
15904678260642914912254721210142254608869655735298698708781288115
94513066776049314865351158509431889842907102782
144261372517995735056406464
85691792010719866288818290089811
724523
3259579421915931281919225904965137925872187647364738172677918753978953182554404871422706827147084177531724140607
71137434736754052018523259606182531050226132581285
520712799707833335646827797779992916414314102167683963570605517705013233465564024495365177979908363
9229424920886310536324593809218181849623045948771189432646161605759316180904048269129975649819469481656566682423064
95704907348733356728178102494751090140493088906094416023896353767000432780245863422090288158489011085947576929542
76468440779833653584775609514802093954519357218689500541112129730986619938512728854975369469
717459727572730063718159600566206093910658842484097481606019594688780019732478090433930143685604900802386138304
692173395962510632480942106951514709395846816357549337007195829897926716783561684967308618
5682512662214122169761
204462081626259599669524980717250605640221695042418672466119540607
282194333653310631620051387043324232001910818170445987770687313196837333952441705221932517137041546782784248991754
4256078072465474227206721029168821170125239693382358357612116761501
74732193502591004174752807202069161831110425201061949689514537289400696530478766714086032047541984031867962660250158
584945038200790950057
8904912680656284602484287357481551112390975066018361790477227280544854690812013859520763548104
52250318396277837180532584821284760342119201523736339333935310446463822192577
771315606381307060623937183503781913243635665052088249681378079094943824446040071541576540
6241294517413202033670390102741179
9651576188401168304633302858484153294358234182310
47255307870383564811454547818906827915049772441341738218792679026552889806316994136050875997487930887396300519578490244
3217503851867491939552738021229817
911013041378168464022886685355118718857085848053424240045765579384419396883863702188089376450111016645975956857
524890566553535170669650321123840
8475364909975541852222313805959951934771691952305188851568826015112854606544867534615793427533461
7689733830528459356803179442036539328093908628152391657924325
490447253141478255553137014152936121993450383096197222980357427980462135913573534800316
7953568804104427
766090529363308565255581467719798767299378333337804374099019886152780
733287210912541441635957120981116507656046795753366378984083595842168251153121170632366365696220383395348345516064
800033713091590612404988799180426842823180047082536967860345460284060589488
832160981672937
578510558646466447602187734
11323348641961204975985211680757679180293433907508941272430737954114861245281302243276402275405216790870088456007163708
2635378297056250290551
346883102512871767655128020219526152304542787011714839388028524001334369981379652689208438997332552387947
36713489216016047176782399452910337444153515434
36309601251960318136411997
22057330625641269624950301976837816711513183571423520804008467681137406618544453333
7253651299
5099642894522743
933842803593298000348850099911124458179828856704815540046546518176942878549291119121531612579474560932843777
7383506182704952184924818150437119379148550135534423336667916701621787398419322480422071856323831855990308721760074
836899607030936911151452995169810489399494760916090128225489992845443374802103216413650522198536513881999596
51355803646765012569342204530087214403805260252766304950800973435560979647238359366525917496
45974882628628939195117525759849059868352672079641
8497021279510780006497569136344011262752
21304085872533191344266452613141037734794883817760147944036566565686008484020717554880178
469140475936545516524023659535619902107269399092237382802354120162
525763808964665956170913086707107160613055899989157255454356794182054945819212366
911023
58031645243234270443181310392175879781793
776585220681042639789817300
5406828149850998244132267246582314548274674571935639437818837530502642158177205065862085
92524834399412003561410143625975
7402152
5749864186638312558168880485343876495676452306809535563506752624229294
296353949832197942187595772372426003707188069950922731443275825483642008800493492098137134
139592036687521286616666805162804511303663252185610454193063065811771489105625089170412269423418
5466901024867174230593036456143525994293428191457236380019
826167633052
93000284584270391886717197907853242019121882192002870770089374970566419377354357395594390290261613964417
7975377017984111259605670547031274259141774544471574609245403862490069572990
8908089884647530303
76449983807036501203351673021624655302231
500032171075661493605
35076573184095014312786571447067728915182855434462675429469791963200013643530412380935231756121041432328345
7696692820860166
94430304036743857202054270090
655439443288128598048858108044844035652
515363423
674999738654468123077531080624376823452384371046742281606842412397917875923816862613300555352289
633827550392836864714518153118351156538778640507139410185695644504973252201875543283602610610924045536712
2866298716733021413779809977017577980838337162152410469526
465950928230151745433508951891716217818407742220327705405336318168968044641257588089462837040430259616
34057778638590801691516696621346349252753624523620156234082015
33528180465675197687106914957043011623466402627491
6009427523460531374193748800368488553706
3972848001422416449414
81483747505851074736757654589540490850
6583687
694798725312053120919067683304347
823477630929628084392700117166920286695973176665341269464373
398802910076083611093597176475032124067539833937759460378718077652716552399249941099941790074
819393728661570597180026226905751191239096289751082555283451937480370257
19761320962250147183654824103646468540818580059684488519264321326
99891960864164187654519384562539223994188770428556814080370154110061
587953070642052696190587260766477414734897864866489988
698421104946065178439706846816897084037890645017659395928286746042295158567918542705707639298314
372442706046571268135713748182411722343542864403220232959099900915241336277068169211180
5461299212832306184472592399263155758428763774305631690952756587
25482710278793955632103987187851772096248717783425600929220939412656565553483005332795183850463077755145864
4642634871503883484865284573099821433405905438279156463641776228417407
2806314003351295722768126403553963350328967177071117329336380545231815755982608156244651031874403258977255388292622
452347077696430986359173829768313308895111180794589269048924398291291
45366484960430512997225438032435640798877
377089697253925485353242204454240799009
2644147565349900500132181938663870719808866996269462812644827517951285569045738983962851
1125268756390806480197049714371097994413558146516358325963
6384670921963344725435386115360562188936743507218
846241804586049158903493389985921770468375246008553878335398305
5279003076022066832327894870
602215736290230
777647643211481677532331621333818
8405575967936
599023320950058597631320531390992168486485085678682021944414130728952190271931734735458917687027197165374728955975680
626214111312798613220820529730908627205514671698696235401307425055812341572557243265322902
8448013106164385903526997585986910780426753955722451565441690864913832470304024673396390763786846245550380327
613813110862560184826211140383646998241077298139616045586294719234863075968529
1346686684096510623126891303185293702890183610429072536470661958162727143452277599512936830045965502033096120990
76108850684724258863075380969206223276495292116811571781259304955979479132287329398817978594364748038741536409585647322
1470789998771325491822489278893324093405090901360589088871635618761469942019024787332618751431200322
2884131738202915110159427619656166544916131133012634718787027897128194796372047689180440975757622111840195493186374359
617494562302727803357397815748194847025732041845746704
881955781764441197
61998444476335347986489510057967465978897288887072175349511951611532245857353680
18071584457270464457779819692683812169394869117358757029680018847915689138308
5695634
7869940544856477
5811808698477807
9072512906710441183332974348297117544325096143649792181747084
549184057968381030210068753077412851881231474500802865277575035247053292246000499386394194323533
62032008588064411784263718830660982585867194700740
5584866728545158524028161173918131455060963816371813762210103147270132445
6917433264573573797174121944379259099249330373037287404741101281755909550780997148118804
19968640
576267707741057150564367512155151576700164678768359558940914828277765998205346086
47366098289555760412240233335425716306701499866265090582417058552501822702088190203718833360164
269741773
84156185859650513977702781160575521894115539298520398531225149500283
558381680601411476060792079112221820655528371715476855051070419936
83669526624117119316208941655455306343763163600476561137623968153189383798114724614311230388835
865294820427
5443334
142736517143288264887845509465016476407729049298204134613498923712744400348013379281947386167562260981026164321123
227163
78100281702594461493508261891040056785668155124301523367833305764012762214951287477478389243466407477293453695262
511882902626872363595259920481214
780703487853453297252416038437674544290423109798
5209739413283570905053
48664373426391460680265918993987530400092352530032093053865
3411212165635350205847346562859284044534249898731671104169282114343537
35451911812276570475725041581356568419435656941066895677
1185585769275803335859077241
139774325838714480889078993408479142815934867373176450813002078976
769517265217610470132637440510780003295370590461004761513878018489405886271783085004471
4147787253348311840969527784986208715267708090
2230127555625759046720749215450507027996671687279685463593720546575895539
391558211
52818287062365828269048050025271114531981588199298554334089113766625862495548120680038449303037158665246312572087584
61211899787954999841114748108328617452617186955277607413587675634205845846553517066308919142416358539877334
203638291659909934771548839688397117530025011780796424996944846399165849524748935918229557747511332444437804912580
359764648409727377110810577479051136490419834667992740012504662893922353828309855187855236
591090715479691598207312001318080660149851301724825097620414702449503710719453961419013618831770617809715975906
30213223299640165
64275640603690
8488165864712433687226712396082172855764137518527418630988806467097844259900522456148810340459719385
65101151929793722048545661
43684040155960968421155707068230043923070484874109896461587107420696055451218615192833370111064547986183353476
22625615697416670349872935771838661654400856989562091903281
2750367963930920644885543842830942322116893781977644052682707134
420615826308886352749738772672264890994909942001530230586109344999499464566105453300497878483
29143726657053362129897702502157312309385234056094701079884189510138309228072
8172986564852455751186
3901813306500857222569001746619766002015526417783698932667336757484025906989370332551419739168
7740499877077038170287978925441346586402831261859256116684298176323398715440485088007978900265886845726369888359
326690350816055276016919858554483263630384011121032782050653271812719217485757432914069920
67701889239325983767835947104817281399973489
677596788356986081453
15860931667252
72279342969624821615480845863109360121153765567113381954506144691619077
1847439494550367669639806415341962838114166648000724243769227739965101231069231
790658197641829
457792148806247489538079342904577201541175887068416670464631836109537827696477932889204004602
961827801939476045889338556349669256972780600471479449372723733080779829283
776583922757880052666799094645553652635810017147934255449985753792905568125197888968661425301190169929108831548772131779
3664589
2744224088041883603384329973611279874631100563669
3635195724172325081
440585495643589796277988194321764135217303300097216286079779476899482241152969500368079986549742783936061195
658610019570962773342446193187588443680859661614754734704766013939445320975003417941343060770010955944680602795
1151368077679613780007834561845017275834734569333815244094596826336494359734098577570507096898287110083
174916346066641582739735296948
94644054428886356693103427414995111422547311312717507607975217030296884463531192712052
46803655291243573827518241455336525669531158967451952493547996119970045272091139665284658625181591694486
876551565890698806902831149373839528108216153616795102009512997891121128
2443791857113914752395
43394094845574559882803049251770865387953058107274970347450118558693700225777598791577752929566081638373164
6526337157695687497065073951349883925257846286113358115306076232499312933032964015326522273613332157072379
3198802686167348481856569
48365654163875252776803902122172807333038971650954953540764954947082830151598841
16512735474872803215812187
8322844722403943624757828523778254
7037653330673891625
42143220869919704661488701686915254476700636314340734867152866759115746914607950167132984466132
9279927660468413253821934356562252116981265108531958978093205423690842828
584102398712852967360652638127631506900974491515009595815762986750654385382581800
31956995529593477564157733749347579666355408650178956920
622201849031511442390929799204476907549166175743897465422156681808992481231230893847170100410923104
26128481
59285038167525589068813826619883969200807911828752967446428765253938492992139674747143939277580336291070581906342342182
331627842219983688997805189616561346128162916410531718040014835701769363754480944956474322841184647
1883607365646667803087318629236814237172953565392
32221193376484041
35472779824929096327610494532880799570048436144741181599367750749
4673330496548062967646789313025
327747537905079815665465546464784470224115077225906460264871809713776094080580253
767965470297785239823519909941
5261567727739000
53982757347105203943030756939569384227186982210151509360751590
98106943542848971363524133349
9806914136948158464919698695761207511777103313377655031942168613219474106963997
2156042035950349904526381021293973733207839769844
9382051807639317104366782243389489909280876171223988
441091083587602463248664019803057067678321122857406164323960654072815184602319094994128705871699348
172489738873112005667342680181328874135824153885632962704501027
74696625065020608834446910239
918712903423601975947814239530482157986228610033576894460918870304054422947591
81569678723780397688426658332325875047366619774191203222529848735452
355324406775444326240310886924314948201027146371319539817570724271360
555536789386416873398734151881756735404318571808268022949025348938874226097919292332594184
9898930939753139106922207470084446078828799686530940913197107758725439
1351366513643017991876271758090848336260113159541516088829289397359592881
202530929502544811646523341661818769203965581
84019188874579944512342566927692516087668189034553041872044830725069774583325420072422939033
47286837337471964296326740114696313159823176871545995126543486543173900773454966439009931559014360667310
77174118210168281665061243238400015847354078049432870201
34162431435645511146751492913876046888133379761419
582634910092540159382339310985683247466741510162273380280705348542933114
714486
64250225406857623148202305
168448951420300915113134285228624248458814505092578636248088526037278
1345772423921514776936609686355331940
557780114657567639034861684045041055792459085818853562768578973665015710666819947859831021325
54761336867072962799473077812767106989163247304777175415740195370197838826479286284128368216442940814100917966251091
310137610929073114
175018569621149649341494245263589749195842642925248205930579255631272086464608328356305649622511919626836935
984297917221016428063403841666167
6831239757488564651935479202211318860782836772592613827034391980776473014509968122976655073306538361100072382636631
457490654702059234
5417898367224234369325378101171593754068095526356499381962196
6422401020
971878235786906774182667218523417218206619
20337673361438034078408650
7982995661971519061437621963911550819546491295056059
4803923090685085768549001250962
4348017558812
71160486665459123470886897695
5480054044166891928196855779380459031359450827685770236956139465014973446049012263543119282375152322128206478
16146923900980211167220420958630883340174217136032000119284037872345827894934315029340678294588776290744743029685067451
63766582573991477927080900469946955044512828216022794663792055445
38709123988427058594038426711578803663309395486848032768996685814004587032285491563449216608687410270284111392
37884595536203577337284704292290592910975762712974310
99904747821112352200493633522426074697778121083591675011188729788629614774577829171985943370013093308293200
5907333022937759524007608310504244891302429399729680884980294945522635808556822
2940723798145473784045419872256794865915504557378782057662242380
126695537116768504934
87946715175
76579454109766765041264009903490601587857953143414749822029448186287070127
425969332137792029245270469131001771918348388496802630576291558936035672208347360852327588386272726798592
11575308
2455689662432927558780987798241598308500300994
41742454512739118085450684462233963471851219758604534743152552644705094904930990
640239967116660725221984920099778866667517007421395460560070493865133969933674246
80101545926163280816987112775516618159446109819375510140274338343415449932866581434528343610067092909
2079038475234536022656753974927198272278127106849126428624512635508276802572505267785876187426787
45978043
87868694050393363523469927166091674975071335317362259284363660555542253249531389505019120190045237048631178
360292944665287268366813066637121579830781948004642036
12999469145594630147303560298252399
311784096834
89753884327180514090227363274303696518158392312464760258462010079439582317821432091427995039494934
7562793762346026904585537226826404
930331288863310072034449418035181306863511937
763384496630143099959753754005441015780308704885017210184261
49110567292484154627335651581281126489435523717601616830607167604
55073194
4316682866773706281734797235248
10001700
644760802443722241811864
796806036452468021
92946458028927057812745595868942990406308906289140754024741
4831069797899087099189747509765935797191074281396
31622066887972003269455727854986335254999976179974499
9265308898246614973983175352914695321961865137214002606705971842947899628292097773857837904274882913655820483324
28282529054243091522
1888126471463130247711474086036176232381083676783453333496318099668368952
6097030539482729857
98307
178135308154281612345311744
624555752587254177234731427732857920386804452790661676315702844502902341175694116889191894581081178591319762124
431342105258843782113227890008516455182894107787031280711044272387291055270444546028312845096307556170357883063501954
953071629458494111470465778
807778485918294050
28763584439044017415850766943442544872628885573252706553878279624555840206809109321372744549254428
25816198550070171430584932
593258189832484236882242164213982979382990174479191087871164597778614114064637247000757
2130514831425206994651391997457442
3608129499265288517810304564028702096676963345792442750211671395718556580812886309596
378440604526456688798455084819050874514624674063453419682360090163691439183545460171040853541424414156234754462038616
24479135914421661752146289474107
7828615090794
4887738661267761435910650045132553
79001260394218829377907156155754286894536786881320
702967334214848802016046795431414395706059098434057336859583780985874934744389312
53109988950660149117863043356234320513243888773322652684
638023121497986223321189861655849345796
94508709064642068450618132170372485841259348514016223
4121600339442
35833409738950394816381593464917197994858280317083458170264241972
8486741160306517359206186955615867045472766598739579837131495671541388207946124447570997399187932736162332
137089176796410896312660052722370231640590749534862176964500596323540149733037970
25253436438343727977734626254686678110685908958302272317468229146687858009828225513877452185
278527945751165469601729286330034413277473296411030423769063525619850092127075838822849407572394
68478082652889805875852332
4896134897287526247344
27896147893513479583142321766989611500796372525606466225415454561992651057132
272667661082
46848159576911011255827376913163355192743530540
92158718395928745204550587632515750330278927643434805329429914472747092524837795467642
904593744177079570264166301859547906996723805160401853237533455645833630659353994099288074142748433636375
64546659017657617146428405001621065619041003011755468333872719260910354062742
2990572230701846089303857513
377544746556448439327848053821748351397624588528635563576
57406805817637208990390661358500182813604262909766205713429190351587898111104139363836968316241303110076906897
142128177724199613245697160569003111133732771805569
7309989978254629879002311980189432227245782810019988077
32237299252375280
8979407760635105259158059566
62630492636945335308046666535181699863
77551027192406230759342221
2698608001744003262186228707425611463032806498
72290917939223152571603343519685430524216046080671103187351135004981993706996334528133446271232
719936492075246580987033618655570250027113387369953322275999004924508628804117065611136
1474580616567290249431979032116921492659486294212783545026785946121594033441661386477889288366
7667683365112736108125499170103239009614778970951852196092030380654787975472037845595941983114316223356455906
1649142435566882323821398557943327602690818739315941797169245432980063098618461041045613572930898339
5606057661493326536151442384209558973343059029569137756753459284
336198970108217134671514803736712435891785190009309583388002114851180189622027789312341601570172519348518659
580688
718116050726081538709916220532668134929679187073344938169
11560944016675125715452026725116299753858696057310537835454513762700293856336212760464192957311
154073691561910721257938704354989202709527235495646034680233630943923807980556381600174168086315568285
7666374850612608899257940649983338522918428
27277347276257375953932357802566476930795470145893996636882747384198503173556
1886514508348064418212187102426409795776258756430005510446850329121230777234984227368163219108174834839502
60532188375570807967273837240342679349174819146183681246478441623499545410901528738330651745773379369
35654685116998001323928508514163085
3734118816576436598126892328980946179525544996278497295425552057506672404269302439912158003317778416574295014
8068339611420480665076422032
510597601708839787007712954873624716184612444122219828369922484328705621598228119621567173948152147653240810670948714
75097807353328280924928404653145874533411044914049634695972930331166471088515161064384454512737014420863532445821874
7937172620162962279484547577934944900599990924
8006369506288253741649525170266421613896141027
17291586182159136104909641582369656592170184970527541349972175808487237752323
2370735090559468152140575319604554006
2868975714343820004393461496004502733381270363365578014
616150963341172555375665917999
40685793238343129209248402165144124221630238058411
327558953904
67415631015773845898089534298162480093051397041880800025813615
4261152352825477276896516311417852210374257692732766622229198513844387610569269991166720073783074036812241495877
97906190747528983988127137496594377493192512557555582165932837140360810727650467
84131309532468155071
70161407464538506585166673892101673980182862914881917647176132658
429795897236898685932395744503244711821153100682338036269538552196548058944597480407
4661451526769118923038
52281254289183047977
5896296008753510
2355039202015928898237153016309698
62006172891708115812940235782933472174131696385510875343946056
5396714255833434260422348649323698845320612544935246204382451044
7335023466313750864982062397642111688649960567436325824
9511320317784789875251067770369398116159285190065096
28315371113561394700920343357425394732532326931562649977561476479951312525951474308018284327
243397976565275594074031059776309669843871875897
57101403692715533106515469275099325394377159986235706347892132717528153858386276761376
178103903046
98433769699632375543983305886034833773921361960398931792682171842951907365840809716694264792209242927130590052733089316
80781969706618845006824054490295666723943994662948676456784
519718046199423099288482077761185696132304863897609445670679404722881196163960872218097287969631808476662667380974575
437854863785105382794944774688989693872074750960179876939786897035605991059651368844062495674538
130456833750632043738304923997372240903510938910208243133798920428399816674198163589316116976294085494287532012939449893
3522606992304779677951650127787458996413129107380627643460420404513789804036005532759502723823714130609278765
574335387761097467234319791645010571757771561448758753161059710815705825555537906793456
437084791907989541057558728180484629344497
335586679925988349743372185074970455734401177249973475242597763436686271848433061965446136651927476385916455
67400507249777462560501931966333257184641846163656901204854927590988404215575283558088404001708
93698041220053982400997828762870732545362126492581180721146883678205614404
213979226656637606719837553797846607812614336348357750649746938518071099509621700218295466799416492
323851269198338505433729121423358094090331466036667229331755671242372
624183197581270732376749682889895108092663238269576185767598750544832183
295584963194063995
2698341298527938315989254614499912870178980530607055794588482986
957702547058378269176852559194402861100429512556929763495129427753909
49927096738256795241003027090987791
286766459334908732296316037705065525229499735798997317722054265449442261176653541033391480810375078701105869
5267192369518673875006530
188716565402695951792049107764961620230162601950126629777225986
37030929316857587396675173720964034122693273856927723621296121302560361387
61744185745011694766351929149361050224831
4420368854967513271971618160058443675608931744367966103211240391359556924971954
124455726470640623441796425867
1444091677703740988641490443807961759843062387308790860735600342657060649422
3616197076308235996074934
693226847593668045423542933200
429989245926188336512648107071634789718782448089591582924176444652023
56615411831650211728407416062962270770432
35391994650075204712831496154051111873301651934264275117211172889258411790830469866936313170727097222902174271
7689641790695576521783471452987484588413097
45466563031754445326986535073164855962874361689714616760424764781664015535035362682095666093
695977777518545586028590031345710542532769436549592993419
4538228140281014596388
444034112446343608521138478994719169194535663315201337020070860
8613704024019526900285341478083
701258474185648581
32017839309996285535502404874455186079233928915316896097701187152877292904521717015457574453020
607186157309304088271163932869431821386194575096595822371802325710079071230647708449398238441062045791868
13372179467404739501726797372029387
23233204606168871591387295152269338
9174134044250663766674094416033450816231983450791056458180206808355834404630110975160221709790453680744341942197044
134784959299111612828938826895921735508149544534005684096818048093
542303582609177
729940133798626293628410499914017973998704434062205497586003574635542544546546230515477419640770874730305003020533305522
7471703570687760117146616225346572675315879260119051725136838571753438294703504539209842766071
30303101054495085424975286
889214621852453081083291633588522071256061424073690
2775063127601387063673490429759495261765822860393023222909684072
99077733822650605501330802795895671478858218899423846581335375
1146172160905
340680247802312624338739285763771011883587411349754470201704776
971178
662493614589897502734711296982785174112843791647437846157504246054222474999129346345509158095879532052
5148986826427519909438579293419734505267650403599355473888800813837312287572817
2006207444024414514752135600096180795247408093653773936465919264623234
919785787840641319191800456912309
7720708426933980091105054408620736249213720818915284204158215430514306142069164345093816456275873213809632
154204106839643319580451164970473724789428131185070613742126774408845270005890824
892142954870452813591369318363390205
3480859610831972751681436069837369532138735437654443878409033125396153109
77490
2791271021685680204403765312776501332
96521516000503609788573597261893201870663314519876238510605656693942
8480937503516873031686320374790916596610546774052112627280289418351538493515697275096569188
6895541594289948877441093925100270485904383960181308144959558757150281133392194317627005401476288828196
21050677213948929079791207287295052476338343625149294234244
534500678960016901394356634339622762967373859826438146780080502762987377
24611032397181304851805436907503197020179624778511023887217663734591155
7899422450257895043901717650291182144011004332097946203
333144957233532397020733856514824119935879503050802476333595525263708
8280043018076114933469069459355137874499763038571737807080473253025631898433002359954349887012209129836590
4102589211341779724312179371673773918772660135787943268926918322951708107624527
23869692044562955933346769377515438809150357136875254973889964480168884173525610099712680777562976623057
126176183759243407953887453683502152132718632056223916530748093001137261194834921655100648
4449222289683290494158796387899187243256587064424164973699231369233201003796
3053785464375729236283761177780164470159474283599493851186144424736080186173556574524226107738805505914
9385431367108033550176145685820558175612559046750637810764517262942098
41017569409146640308817305199726
32619819993529392992671121396705475870221
40665719909167620817750905829363485084219
10627960181
65751473630200695
19402513955449003727367381073983073545226217352812398750898101012
901112201300618943629044836416610932629138431250194561
9194277772869724213345242732205175242813377750785578305162263881516604527153275811242780075570
641900
47464160426243194741224490807496784099985197652254778760416397086513056582829628405230697164
4168546223612713037580475446470353355016085395568016717011328327184444407628398485132589799446410538877675147
4715630291211652864
66202757498899153242681332909483959657149003897
989307880756847422696565984
8598598426005943007598724350388421705711953153176730924598694452514998867243261343923808569735115345
874292224677041413703138423428873732414623041
256949
42971090
6803520976463917509869539401968834250479725134788400466707140598311595294386721302837347834
7369752394198276902810589594307410258825070509227689959364719626183014226706928126562391
5197586501169692846981683188786507624064838107458536454032915507303564043889857585811806010848260254
1047556540828314206363660727077693339326916046790117931285649089314
4444108977650220797184655009206712361
7176592
7916470388712808699889788959800763044469716987012512171355992459992000927213527106
671846715509041819970330753001572052920728706963270534312676490048956161731146443844299348349450903067
894027862453019831831048305560044541368003131093858685754
271531474464833074140813127318562587100539
9031012588702363884994174469719438902165445672670
2945818107152961958013059555497202494810142165528331
8954961835390923319464874916824761590434572375267152538777593550208219032304047312742991
597912057383621476317168241629742168820825280504138248382608372386670
9642665308800246825696610449187418427592481783023175390458
206244014643680193646401523840366924098990141099869751765524622548345986268200548901929
776272507227722033084640031414669961255205347122
577336468877589
3603709875151
593668529590795164648002630027770204694404109337193874
9647899373494462335673133128568104493
290667
8850396398491681392374008262145832469034203804253580053080536824
48267513771966641521111589019093891412299365198160112910392803677743662
446720092396516054337214961890332176021
7685980088999248493676804786233027945934472353994884511606870087518104382719304221439
391449234264685875451197191173616286633355376866560150465515
89441123411720586608000526720931012330661001269838382991768101435797689568747955901533090130804678504429674354807
305256745262106406730526217667242649528604000870485641029144337024497005295499464198448
1775665201745617510953961881526491673357267
407426267749890155609565612261604967
362744348630670420940672029320492798829752295541446884942663196576637865357846550342395437910640289
1694157433440490631228016124669359719783026972400231433974565648792129
656015985648957715006644
2513811006650468900741660328719899
7504510821735833243451449489630853760961
1942881132762
489070461588317574934043025552666077015586614834317593119453994629663026935195839374977276119657318586596769170332616450
93459943894986586357986532598941000436857911637155198615260915979811630384771842274952712973713672736863
228614906067663719169861400916081480332045180749472149914368983976757437339313339014
31524852757734953790314043322430358594190199268152062964871025832260616456985607346116761722052319634125989950900
96525142745338815176583721314917038806563541957760755135
5228898391018003924100090392329437217311900653258111410841045347813433144260603925194302401993572315
639792991840723023768850654847395725817768049630122352189
4829469283146076082860700710761601661677052978590132964262
265128052289264678798988362077997789175330596907899543820913468271815694835391639557185051534796633770445586890657312454
5297091954783325927302613599330629600760
72470922233586697198349713664519068110430056623902676446622761657
34356348382954751405751213268686036993609175183703654777
662016769297
631193870639307920496336151616316251620174959655367275782852959259116847356935950769
160754577950864731656303413151174585637942373721558617296
33758621007763794073190401235418864060423386682589761853834134136
934841626307726552809285871927228167983252537691441612407276126309931594530401
72435986569408473730968723208016102
36987452312336514915241843906706762475077665709627637547254748079026763487819411
98742619456457024741643057172624806455387274599032423221222641556887542589618
7093516936115227302590508181516161135356218791669667525780683898328427
42411328976759832987746781000127498190348221581751240154036392
90169264639389473995309206497465731678
646552728019718823808407347446315538380431439767273448999757091
12907918667738319442576279961
66120154772193350217309844882503472695203949343367434160075210587527835768017704929238397004861573483854540623
532896980914139055417649537865048661195807375488961526016967948027272780126872340
800827830422891630542672187739582069291130951
3576919241956646453649487303590039890
46342037813532817758576381130949254388924569721161672509648396713691298619042623514645955161
71581360279625796893982384195864143415021386137697096565565580835907549350979877035229050124032523463188211152
92875811621137084654691326514707984156127881619372916775339861947460423873287178341786833745626745
91714340196080783323597630092613871343300238616320621785270538593860782
541201749431583741
740423569639356959679344945681129853836836990154753136955094049637007321917907272530681776944270944911887100040
44710690572011002065486301308457376812811584072037302243465648743856250950576742732823489396172218
38142988376140176816897120569412574090
213037053966800104625132969869
747174486804677676637874975056322622527521708755146287638776
5481454048965573821451744016854407
9635981
79601482331172533568295061622933096814080072454
76397936274255631813600426364463223709631348416507030466409225326242398345520667686212486435494930139
46160363656584637256169593458638849142034054377771062699715870777335755569327264522949204338292125
660449790872680754739473399812340623664608196656434022226406130871141496159211114279733337687209
90079549729681640442823168533585683927950099132184370323777779005956700192993701925958856450985687102407041213002
5698417251823315683707659178495730753446704470168591135383955
221961705161625571750572465175597686305195943994
7794266064911703795247024544963348228775936751655
224369351981267994885009385823602257268485639973364059361713317097651313557636082499585188417288587
9336590686777147422581562110102114881505449272666268721939879643790188910488353273094478038634234734410163
82008960015197094684710495000339824511991
149000172888548161585293712235788401216
499648099
3574384421435489758675792699831015605582533512
260684174681052614
806790753251
546156706852351389969564054153619550254957592054448404102
357657657921808755843004537085454285483692644905143663840376269760407589441195266125524527737
39394706076053864597735624407236306811638079835411762882561642107
423776576435350006099068016711279294083822664340186214503733179278068160083132207361620400407
6548817367356057082773074447492703957774406448738002634898919762461301941568320620549473135
47155440887284139907230923252342
514490603695497201574052653702145981280320706645024803521672718769201765370
3930763602329495473665944793601319730026434692174698
2885868283416465613366542371144287291011199307903631686440492356797215852150790469426140242907660768272854696884
57334867351362739471180572434139268728835125138
794137970576193283296146586271775888369960353201604879731731975643213626808866728257476657348879111198479
935292685003505443865111910026198878194618806396634272747672888184680116395964049197327659547154096172062057
733223328542232216441233222136554933115674804419935
873522569321761126368599342491
364035461635523785880790530956603983263842829818348679909380283047446973380542569913308840678688294
853192649757870586565960589682904580949366894089100373198369238843495596941106169
4842260899311645425824299687532615312020430095568560460648
82982366207123394881972346442584237761867306625872933628462581128337334880107163122717037704836179
968019053238664920866006437228138337649935270482460762478832669336371454335667771074594452866725458399262651799100479
59959517420655404776122365449755879182668268577606717056116106430966361499122525425015904327262389332679992895203200847
17775051479654212658343463283063456
9582210048637650829272447882102291327752340707
60775046205248223273457811448947017376737409632476934498626206906482542538372657000403
772878347300539175821035044544
400578118534300371207963584780765572646207926198544649805182674500466034807361950705306997
52743169562086944985558720772309829752454445961753475723515969627995168743
3122915704023775004477768986
948475767993376420949107433914032161737581032179127388477042
8498710041198162874895279444457240158066
32372373765428274803152495122802120023216688741743895119258447984278541234265111661327832500831246069546
8338048475602845893974211188846
2120056382710158685490
935357750748303954444970040999254812601395069651731438
9390720420
27925842190260524447139601791631985056523299418998520128090459844577809132523898
71661770782880255180317109289559831599484662274608538162464269478524470594046321261581520530972058931487994075
4282835374868938911192587468474054198014830426329362855456576219
49477334843329593517464103610008220623182501271425545024752847162
7699519316889371826882764361992678041298025573149066100608261737897064159588569572982456126
86263380864685750051711792318158961875782155744923135584037185833820974177321016594620308891109154281338216705249119654
1780642017849632771319579303469677141048556949323523961904779
2411126125751153
469310917636503872759316578175617014033156554165483073340606398039416133038522453154593892270520754411839885
550515169946390525626147525728276937704105775244694535437
29587986081567659558786465155098116766179874397415574729097051289124259703
874362391469162924889678291689823360311249
18743808347154444268758890317476772667789031851730423602543240419698185768084697874331328
479572428876657538598267520861551634691236765050513575657329469940886196514839760289888
87023724394779714158144488784083090399442083103538553198248510893826478563744708061532086695870092353526
6638893590984710833477918
15701065800469289473319372654467251
8635820186889434867565718220456501178381523606390261201692710488552410568378289943411849775119
7081847205942315484800060402663045624771436746750881673811740473690110577988294225993068265523236540757643068854829
12325179312033
4047039049593048563840474113019
315800137443834712709211127255359910584321360532443632806406914952839863870656753028174
2535518620885662141814076297137305919609552831759739202366101085688
9338918326301102393365560314281168291419148140917394570339427451659900235329577321002895312908035797575469
7064837919305721120999946359049565077831504801761610440228552960549041531
197376701471888159746200241225467508234612684269928386370152129854876084267130091480474
680096390141
722381
1934688738128158345371430213746134388
60494977693102455583489313879718965246318139950282526939488432594747155
6420117958086757185381919411191139718306405566
735977150619728530302981627663212619303762421151358907300186970145067052050932759249981703184487790867900359526960020
82270310632160053494984656074672370629689207553337186964888269561038
45779786603
4007155420071571668713647356659169623507
433887934214553976371381188715213151481848896721127716098877321142172608350135726318357580129518
279889021924674759972743046184326839
39508611732040776467465261780938826556157582319211123792126771950754339982782022656743413888395597794607847
110209748870237
514133858857334
3927051934823345927727879045685306389979477929250010414055601
129915778937105895133701155577028674320832169318556758965721087776576529548707021838594484497625584401605447305354345
52758036462414460285951199251243388163775010836086801729156045761691459438075037924845441934917294404704049
5533825753880746
5369883379059551921255272154248291872720
82801297149691719623140812810751734568011238969909750661943759190073783166101854
4381373035486943543834
46629064227
969305999951135850558781077771082772
98027295548605094073666833184430429156346955713260484803449187645591225907374402462317225157504130647069575080477
826582087982789948892880698408750332771860076701004130122642781878646676024
980787866788421
36262299681552238669897372029274104513347123503530551
8786553646061662834200650421850610757403872
56537213375206094
319706879260945521617290388516254003767325435223047306179746841004030872
314236349579467595510923215300838981508052918380058083646986535989824720632860606120347414468545690889627276893
231909209791795940767960058
1059157
278228838839029253380404300438057416318636222923584149212123188749213007775607253855763592410703708026959032719277
8358357376782867274077934878035604482202622758907910853254069070925788748947558532535569435592642337559287299651400
796206626819450897288
301871918351881388815937
790349896759396006766719508461636875735445426927870650870136480062522228026666660146434
4438678229585887895421696654726718805449494432595370
8718889856446822767769783636389051787300221312
88783099751685492113590896293544123369146994362491425232744181639253759766015609025822806198099
2766773557597508152434457171945360316516940938874529930016584587718458112687657451873366408117963
91654494515442840306147519415003192721090952401775643034913472
793252747939632160075770371398949140735829901581747523451728616457709629235734
2861515704627293638716727984332618726644796671718378680
4350858907873855272644779888582318041524008791897825288076972933529966934616687710322326
390760644410
608806923774042811989741626675379817847662794680905821349527567378194
30713
52294474382683102647173919450736439904144019
744580
3894308577832683338
996199
853075257652308396001136176535843173500694996
15332640344170574328164407225307771577208775963548928840233596131515955325933760677154280988264203614019
4608237659225852062065256941293350797941304479251839548559684990658996442560801279467695349736847510762858452248
3206161520838183298539409186889111800571735675637152769258896157872601975842956054290389169007783364375401287
510321654572356158565335151206729232373255168319898434054403802810359723628838575322755401110626084802147928266710
23495449920472412298836065163754478080
302700568853383327466028311396677600685166
769148849402398268073712
723804264177396234910048184380532179587976204581825267080832
43853199798986299454401504673043062752167097525810353669736203595207462214117884609
64304918888333282999938643693887648288962010015946169834186720349559334983818234882520928091922883786961105
396150870950685690939352724033028886163460531844394804022689825506947175832002693879098
149880297482553230564788254742215188433950808275407447696787150975974407326714818
1888617970249659071994696949467655219680972177934924135284205753441429510908419571
2757026168773367488521565689472380
59595689910393247989008337126027515158183853630159
7739688766471052151892658900084582956282875532826470720704416836121067441624809759
402256223
533473
54339096818103955066879092111992424640884598282321
2592844294790040385416945921262673853867
1761366075438062223009433065
4675932006857695462928382433974903169725695581366732994359996313205178509994992891164849
888921803576299684341094588000131555199065568632721518112576302692090457468067897846650247403201099730862838316498545
646396195496393235970264818973156512746156231228569782428
682855157434426077670859210298380752539549653439857980044852373936962265370622670303218643318762253189862166877716
339665921716670320937190797852155159255911941756
6747900795115382767614956810897361620954072198230117663599755503929408406
926874021263699070777959912
6681589617717750864958366863825964980238498011287714722265318518900073350620766014470151530645492089326687354762
57972668303787676763829828594994704926454191198881992509717044134710192181630361133727076597966701979599303
5378413461798140537707939681142767278411801
44299068708494399542243278606
61706067934112744903200178806449828042423203337308
62283608321941149316788440186597
720713719085981693517729503647421568045445413964371009136808673046907094888747525905715876001687065089439458
36359944988948041851126356232117329576586127639014989547209889635777733915365594380130
566468135842062
204856323855031015861844216604520897865760234230819676990104111
682097564482175090951462169025966775099003071891205317826378976845
63427513965218008565022858382557152838787126806403984891839834243881645599424489818718489676023431
20489101412095159989661940697482881573119659204352075145992306221976787140581706581475729376756662819291829064868
76694492030736466302377187499684
106853095256807868386429952079962143065844333683525874169422687493876477927788407
12674808693994231538146970217178633468051740269868978131612957455228212887888823319195054989569269245237784
6020407090056164760065816815672582851405865229811844868743483
815746959105196153335214167
84938760671869483005852925014704486133020898335447829632310973543562980453787263970
70789816641
476663152286308536687760842817142960379031176695538173951099526642528402
405785973313825105260127118215334614226826
90832642238757311957439109812747871974519134728492574103244482
4456747321
5640523159071692950575
61003359408810243026361865923932210795374908533899529393234114
34656711371006637
51490682282765108861913314
609264016351972551108514796014687917457641448705767628164711281546383019532703361642287508295400386850183629
65182684568165885344254789192865790591028281234475842
61765037886066823945832903162196408032378726854740604755
792663651046035889410632936897906400109733578826489721473294512458555078551435138157964741
42610542077797613
56257377753663640463450438318527
530522312948721455508751360354055509281883006435401074479001252710816776192358825025197469177949857363
54384361287295608521246069967188197876764146084166581228856396618650099181774
146572530644245964258256768738696562431784786467161387234808296961817692985
40885189791745
515390439722388919101740560448796580438230623435497246398892676621959289758551176464839373
466515863865646980973589375025495622531350373021318542136741583325943984824437262160397350047
730356362493180601868002867417739151513413838556107439151920320262303187261591
742143753759761190626917128845006844371104051237981929202678686902358541
8453661509305549217594478050492286566009544565447443750399820766802621373108963596296
17361336713109175089611957197852522429529504512823330214235736410905285221427766349699468535692179249886
605368176496028550000528331651734715640473573284253185957940584028320448141208864372611840036979936883963354
921486701924292849451972331451205992930
270187208214307999316
429697412
2179362612528191797091269284722296452143856482279742180425420191136560367818341
692703773
1274547562439134622576321218529507991073
977273
84399428636065176292983006445050452653341427194
60159636621146927249569
788825
40688147467681573100
701331326184611589328962019927
53086233
6098001002494
88633715810315075886716987480163265247147807528
927728496662832463086567419424074346521494366036786988610244299240313916896071
832626103217477807422220238461434618059760768963009326391301228123056206813214074798604247427210521
114339463122653863503366645080807052320447379572827170680156615017141
865874413913042
50210165842282146623454749294996955614371507896476132664221798044540898309
524698176543015864906128236098937844473791304633802729328098313564499183589870341599599580207960028
1137279330408
8026444340550234760277327338589544043841793375285740061915418779303025617205020966910635193437568745355491902189706774
3518972639371274747832847556404664658944903335930305903617509237
3421701498786531064033
10546329526755295103219886623161109727086032744240830699348095615388404888581083650924443260995393851613057
31661291885897990960774415970474698828612499331072169242466967416216699842075169093
3817538238850633012585888700659471423476318276220283253044424759230677577398409512851971004
99242473828255306736707122964582222570646683259203629347480019
60451718837624825562884259942343974044846653588898904099506640175287874959912127547495506583580259116
38724560465353991644
848101322855939919509707940513248506012955489307003893487928168673856823712043368675881007
6809945903944737255772911648647351231880144932694339088057993202937300576203238
557667663280662868499909803200963119731448912782970554836482452563738020704576637710902274109017668188912485
77958861629237864822951583052484400300280136
386976466403001270442969489250375484309606537887658063272559065666939798588374369413138386578460762390178215500069035193
5495916445205783491608668225983683167542414318992229183727036808776101853913844721800706547813919279457235
459665609881299602150386497261
57160102324001892748231824655856
67893671397950731757019146921731203093959007881679612785507333186
4353697804930504922865976741807707350338931644395181131112103
8000814212511662418617575052465708115791676118524238691713482074650787
512945099229966437554946367535421768120378787461305787501109638186253380127615531403
3588156827003341440572216360972508297893099846632892653922921576845793548812971917271280151
7172779611575944921605075984476810223816650266721836733084
83396064281059771646114557016661143245994397376
6163150541225445573556138138955
73594598560841974743729856786980052
58435080007906228679
66410473102518674088808442224838105107347749105936055953519712078441945244541238769666791749155
882667391875372439953421452400185205754772091888997806488613882466423730432
5733023608824141123000497867065298015442646621096362650203935028828907865387438621562
993185952776740063610503227626546328475417052284
6891158676417432761185233553453135559334
117854715443262459122390501564048283292136581442266251981670127939995542452423355770909540964165
769489853962369054620796820021016936851832526071739135002635427153027707393315019027883167
681426177347
614797716828430650944032640845844938764728637493055672881250608581556618214501
85321
84773528037979456782855207633313025166032
6247086834695299989791531379206791898927852952132697153777096366399136321434
18125823662178200145703237830571448422490842055572059631385721286393115229050960334495217938020
9127728228539286085060021189687396088632675062040037287549826287275876392
3579349825049010314882112927650214116239479591507856977494
41156528260271880581400547187503266168343611436579993612045739936891575829
708048921211498250716113108340510465252230817822517066788508656923209
2114077170531224672220098057779648268028239616
71039466592386740206002384510313012
22443916407311946312237277134977708693880934308990574430448859054817251897246704852878658541859146
790709521449794816101357456217191732926053413493749199483589919235204099194172391805057769554735576457579880821554
4560246419345921716113590609808176655370367803787748039675365068074881318624018822227041837953883500313656174297778014
86137421502837564342580713946418001307367246745601061577270184147203882776399046991061857714496583524554
7246430956364954713566486087984549226777062214428465
57680543937556212399209661758179501381785018435498895650680266904017362621833231529665232213
778709760658705613864524115576274766501558918988568482
9222926789821416449707532977716922239773850947138766973341513115452788852410515200454135734709979
1781430049021318253410112980641298922648193763708813765905942478
54792488862484325147879487197335345272916758977331935737580200114019297079167096556960130194496605531194807527060231378
830189868643223742907700485
8129973670911726090959233500878987156511842171736067041025210438064734416125331523756008556534815521385669220681943
69397251671018217886493744974726083014165074848641949110571322590566627971976535711335601521885
762731042133639815966501949409890125781458248823116186444217993
9039894788764934069606486958725755738960929622306274695
9987360575099770893226515
7992507
639412335280304703642917883
7966039449320107343594536013335130721598099210409139030919399321357623462973066842829273536528410421821738232180033268
94216933165619644231443640736851577293480772178679333474235
23081459147000818817123044791903576471797661830517142223407177255712369233127149060527961272499343435299
76415
54722608614727103485973344883085586763922909996992252867973037737428615864423843116
350042939974095132236888011897203226784103996004649168392663960359
36608819171157241221206444929748822004020361469848421648176539456767925984461051813070603131824138646155470
145887050983718671768909226179607406925564419016
90861971921542183856091799407587794788969265709841488494667136379
764456242608493838991351271225308696704463002
865286062209731514186671
1290105780953513971268600582125755072682511
595537402992811997456650013518903485143
429873707563427054317921166930820123955085441244593136063135776183674019859573590407936
6817995456920271194160878945817541091936679329131106205460818
5394958446838659089929232232249516
911045192295806668143426861891196197737882203823367404319125948032959111259581289411664382758828389486378
64914682716324234045457578549929343711953599042174729825064441231893383129
51570341165938649849683197222896307954549427064796371311760020354974139314570176069813333334680911138528701284537140994
83817028516567300634254648477757
78943131004485566924105665440763296927413103422816681531510170
9858230030620725634299069986027990907215693449037678490278997286161833
9725124224147187486504426468253053435148
44414979571470033
828490336888522318204148120
316343209629783002072436215106992438753079671760635361155166340432459524998
486191067547391825408073247068007795886717254
5435815432355928510513200278308104368231930815379080771236005612986093788225811297524
289653099925623107108803392383556901512965237566112241792121376112020196761250981
258652714275753145445759458320211524396279235038567545867135514666409796097392043196918196592723455495585940
199088422303914788935184819
11211460966196286
9637451191880103890993988982090635308340926136979176308751211963255654331710164295545
665870134929824438155105457897761627250863959922830177663083292678
15521461621315320055894270742436209668979831685701
7374245418029461145088976
56988202884170560774271262482642
9505023485010148860145253564138889762721439954356100866227532147789369333205882089
3022002123197223107355735686853121162271567232157089309890105
3685951502500836719287129059860859025801834923794552134
58265860109108131136926066438310681478082800769912480641758424787734946638235846043519285021545385329092
17848164215033862930755646088152811031512455416024478175792317775091
66899437319464648464108528275558605365033059211486169314464218453147
336471369097503587
48594674097655788852422521193475318337648815379633728392833237864607228067709355672832420520222146
918000243242953437375162506668035135416381161787782398514063
4422166710930524416647971014739
8114198309278629913424118707937854497568262274649619892065513
7375448519200055284532025064645699806710814
18879245506574657566258609211493503934870524034352328242085292294808805864
6832215161807206152101429071945454306
222829665440
6531718074112470841361398070170135667721755681033101403284133962874110461141259816072685969511720741356329840632
304212660573846701393382485989847689011901625144232731144454855918894800379726998221072936
47120041605063280805487974023804991850
84272188779041787431831169542074671430472382096009032397073031448518870737094439
54867776320417645118143250602744617117845473418475122466271542350521701309745558500817033802192744
1980737508066481138542394994250170626298298918841508455547085490345974382646159760771880255028
4513163617857823732076080401017160211
243534702388469556480000468220969767037408753991799943776127545737158678226746
179797524720651224561300410574450501609591392907802848
28139908850641070404538353062211715543964606632190620616392903100614929205607335777063469990204
98111340249482339643359890143808625507608898716833664871602215950726830636546469649967715946545230
7142281154722899566532790112375390841248793419776599
9569939444776
802944147943159679747624672552722941777239989406940408944709608589866988941961337795963
5301264409923072607664830394221062500855679539
2360845601028887509
542035841177365322478970993502030669093823015305810697501652155618313116827168110754105205749152198110430
2213345601566887564204358712823532831361006595289557158041777118303589992
867942105690335941080965564986462121326298135897666079375946257599641330661329719280806874571089047222468928328
879057176633257542628206614534910624091142535
388918933282109168415287252829
19286751736801
81511665784315506699
597115830078569844841308528495584914951072463422173
53673362995462049674711387143113099011213763737635917115989935131385381533597717285991538409653675822875303592400
653002612339814498210912004814614878951873728499242704316092583582335966304
7711104337661850872645523411082133446279016550492156
7689170301007781281399601123498982153255077147418188524492857771396856
924385863015507939099790380526851731557765043724379116016647459445194071540070172699351227904
402609797994296475362422988428852902077773400338670020806806775250022203708514378853976480671607009182046652913338
466400372271966634920894704444645854240738141105266621625284481695508835189934837817316791022977135173
4895057107198054839156804501692596363327
7073286859779
75577
4242015090974215556538380982301320171420
37175466591847981026383678560355964304013081328988473141638013
4501292568914488617579345461101610469167806800833401936609855823657731
42024723866530068577569
321922925189558399073583400760159361601733586604305149104832081
96680178251335120561244621875058857793712021349874158971193399290657256822433947232715
80564834360358197637692071343821263009811703881657819064036962029693733289604373133122310310306904901621365748140490
35626780193572860410914659792
7987098986820669231660794789487041192123277
616812550018677883401408
69349926075798321982143503246038305925676004210125775188578417084
25868399004528560290749208154779906310477679960023875438105686942853787838
116375300757020215673660295225185118896917822060854608573279053468688901504665739049605073240373647126137708
143903367265758151688766263414235266395431084706615358005864303319816253789638028725099193302073795401293137287819
830923888442218265635279025800959067543495832
321580187285906
421471505140671327298244203836464308097743929776389561701838850554892
398538882370649660979237141040944447267628059511232977253312101222457398412569819269563247576
5820731560471797201845562082916776149740496461
2832665180359698851456725782692209468415743563126013222027121565588820415655772
802943174949747531015826851498491591892520890225254555958411136988624885495955
3663071037653955456000311151615578887773192377900272113387863833240419560
914287193342285554907176272
7786145597860459762605856080706862248525106880337209949841345453501699
24751590737406058764542607417557286283096561551433308780297445757164125249836094065764192727265597737632
542420605846232958907757354515196606751838030123174053883082286826306950184546
59199351316319529234121842370310779561954
191028073802921562635962357994247692922367150001805483498906029910502324211089959186062099169220460331606725158356
88460918045942085375636836361108358571975503531371480994315909950669462147910304349336980663
31254186650749333831119225776321086664215808451739889827100498445477174779
37890818446193547119004417032532352621423537474990123168
47276929828158821299
4191328288373192494292028175841013122719634629048485614543872382095465625588017359934962529960318
19892184608953827355903099602443053875250250897807665359140234435
7464384301893183995280
3638136127092674494836553211203667804658791076237395256317050259884898229389537233532
4842778442318400223872359928821987900354328446489914629053470828069692181724634318807995241655982375939772939
5672516976145397114455053175852161595240562017213855751140500410944235797745176
7057060024941844957291523264838147134960853263324026010229178481427813706435166887325140
805180995495454539005507569419385354451458726002439
859656802
15037654074989883154366409444992986737566591415225243447400265397152135613504907509301694088618958926095348370088840835
63588564962696864664628417509475989168334728348209909154295474016418172048531299009713349906890172362007647
7012292348521383507897985363373460852
75077746029335052231334923249496299806799462260116015526118065906183402369185767
13580611828661685635334130585328414167510087109264215255086521712061704407850840643434312586828283060163786
7899464481200976241636877745502945256336833423093077536741429483915744965879255323890317757835222145015
26973436455025187539037604070008687980356405084340037904906696150882039896362150904905804218081792474457872190147535599
82552706403573734437996035011240070578163760722534978815313019224266202338355796067288682
183987291303814783725449774261743292432511750892739157600216903000627543041621
64492892092032343153803085190373844605625491239021997245444362477787580961339961000293630344438762556675804171
2072935821859365602882357706116346839888246836502707027487
79945361087495626433097027886668915449089520603097
40677888270571788415232468216156098713650948379104101802836679701580327293383477706899038633593672868
9927865783019053558671171864061560945472099860523793
23445873512737826400534624191654209267367644
82487940372525797817060164469798399064961985391626325038847723498015846917930852758921572609124215359141998030
962935030988131080
718783546381817219584350657294457192984978510724378992962233133347354875042803913372616381
21567650203136658441298459415073739287548350124557610423085621711919805504
637869229286266741441667779293110794968097462260402347508429885767
5515717221728011980581016257662308188801146144195
579205168451415011515186635242120102523800590949033180834608855424256601106505835718
429475450222565
75765498411500419750778324351467405694290457345544663105894256537139030756329995912570113661954
25713975566545221791834593192048685291369516504736156131181783
465969593891472837702180311328743175723952985450320928700541981799008427191437522450160841313638086099755615116424
622703352
2830851645984719
144438398673529166837673011862638421854724822454240
67047917111601253352835645422
46711747992111001879351289267448986395295950341878567442709896774666366332491958784445625094828462370
15101725233080698976032076912439894436624594850119718205752738428610023196266452159296771214561
1544530804300445477210111384064968144482506098645123132624222361
89357271691625177773662798831444136197700292
573449636878116806790831138413170375766777864499224691579286751575847296486545
594812666380359967548009804249745545288347790872762403
4629620081966484096320354385317234053162677612861164759587444991076880195506085852
78049334757562961083575337883400012363426288947647846122390642051794996893354041816925848
6958998039339444925030835040
35055262034923673059157673384597189780115784438843893227578370113458947697312676659139
2712118203400088792612341322460764609883032524518583920427278711044649893418012787794731
6543575124052151325362957714315687156560735213
462496749005589151
8525691383966713306961176129569
334501113669593275712580688675550011935816800256079080896479
61809685225519161810513859634827330780106049562712261119
1781680324820871965468595034911004530855625273545680970968914
836187819706145952302710893090154550218894381130187559350688050699385202073741735908301059712423125022805
8546806345637739
7422563447995081294
988700040244151194524033227534434367660766243167690419782
37682635767803845911429760084792563143237974232800144678152336986863249021896328320324339330590311623255
464101625275
56750380860255844735192446694849301139217217536958163595853361843172182245913689965797928425203036
72248482498831284619555144919590521939
5876442640355437577506275805
973546652865985417799262519060024129701354868048527558894197570447718415902294470002444436094289
52888246929550161538976
956493085095279425176290053956292622134327627981670405396878
1102605934317445481248946907196539750139127570261359313117251117648651868630088694115116298525652049800475
1232693789722742251385813178850
79579487466906425520836721520759890981744127575700357301240910099571943712029008907393507
518989983588542854811403966351841840
87769959944612582813151544359363509463566833401401114030557483992865722432544203687541115188771971291114836388916
8990334575817000694405
212897172207723273261435351753
736678689229169063876918663925012937173003968
26052428420062742520818082887652832880182570835206874556770262710337677736720234450515479135481701174867821719338280899
28236850058332363425219544961801916503237
8293020
435491678803666337167
402996797124992691561748481833847068232713542141622548375570361542269815319
265623
9918788323209136945884564084753241965871495443406
68373538823730710167908842588568031974976523111976918344846574352672783217
344711588492118674035946402827968438921644794167
6738523716950865
35421117387969644324077664
729238266559662908694363197328513899556573535314790919699912462458671749792
98109208304355491516500008152898569688407425866036535178463050602614391607433286444670338906088063892526570
23917094630427540370313411
7468130024674387270649629100267630370861331268043
9191412966680951408351059229136115403082119337269158365747183407221452523298294297477539120108800027186981757068220930
9369124573454168759712133475256508630
1684015
96778071713122748960845727812795166622387934645
918127411797020623034032600145939827074834284470
27394700884454870900566530918835247238515517400624923199498903598966685536187880485636295806
10674319695348550679274351714385396650056981897299718920522348755202987981
111455165586605372983474949567735759395412211907135728
85171467115882801186604742504331409024128146223761162195925
58718723749987235481998758467189447794364385498412089911574490304632888782646499496327507854952
68239274415669373745595343385496836945845032629362641332580879377394528959498745322099158927188845157195650429955925
805411409365210192006029648709919871137223375441420350874920106412068449861362795853774763221423
7125969
6351496167321250418091724056979283897717231796758645482314695940298273217739176714853371084842506876725062
51100096529629810745764
152082
737679713432149010340262724618699455971946227926869235760027090428416677963474805021751929406535
93132607450392516395088364860151934841758747309223571546296206307986026062160
492247422
583006291134595905066217244997132521772318196377380082686004489417372163874146076585725576491
901231644044979299706563567530721094345
921323453179614090105370227688496304044486741462635384461970621234
5860546814718061422471224734551172271694415495890953608
8297703136207047892204361036435952528446407246699628898072662549836549359817808196214743167449625721418253048605463164
7784269905714492075793346313741482932747309919153363828126502745631359869435
78190112402070131992614055827000115410207755069635377642754756757173928
19589383755529643781413019090613979950883037547240953883614
348889890072781
24550080885598255082592006709271956176008908404165572219095251172460969204498719601136352880601450873184155148322754020
834233689522298325106493648437538272439898
6422811959957338662620010615881964394099088787079175675544598622863
940780869470488158619008937377570163205579089567873348
14924878158841919675100117755860026107727872942069420276999999279280692204698202510302365
38368382482143478509072585742976830355697238395047490555155481432407536774928057855825
8610158613984674522664064652010438602851037568669
179499092335916617183455900073576526010785293479090011579793673900106854389518880470587316
25870699553
2211413031082876958318626443634749654332871892296233142439081288572085737055483261894371722945819150059145539932
37719468771315887870026415130303084810675725021392802719
1881411922699316629122490044380586590741596776722603037916459372015303475271833408456501292753806
292716646277184434603921248597048297293954013058727455
44905270209087813265304960436896796500304039744647353616678
798718935474079017429042092917221364094
89129882425947939422551491666079254408870339420320991871770585611707380929149850165126704311
28743292
14402840820357358
3648111905688008616880512431200019163551470703501275941125979928045870936137264222
174864262781113123
4664044600150265201885114664071365864500029980620427390995683709780
274206043946000596418129262913751079
8330508019692684870146777351480987409250874081299358053003246254534737761834119
46048341498624768291408878894371233491630098903087274558674514346082857978767103786976566514380696
64551337
375785719005302935048794783256962572323508
9904466987688131706040454945515003358704525739167246008897512560530146
7929690892274784924330719943472531599048201061788
757302806
504003163532805604454757929581089447117922459638085941641341
7402363902326226959806156171911101465814973956485155947574620253
43515291650047195233075625850127649197729667758424509465802977
7303781815070381173338122342261089035319153952657601047551194259756372168801090425
3268874604760844512649211304894250021559967790809897624360030653483816372602934852879178174006194793814309032510709
796876034206892582174740652411969138725188022
31632191037275234140584444901691710175483743
459125617993029961192030497897434817964907817162845031185050250902782879656
33818833703817009060828077351379288099147809283553907852339008959611227737939
3495122075273847005962725284262954507868394190223118407981136800826977578664139137958132077
911600075
69121176231698842107477961940638780067581245348371371574834156974153259738356446810260850368709
21516177764167
527817639915708355829881073411994385140686252430640695701151256104581861895656895
24051599417662387729582357494876929711238458509758
390576399164219652198276457008268849810375
48415854439712431962616615108591154257111265128719311
483922167849372609172504243331072154925330705604684000328130955820894565617321817001790
2998970678470629444667516313720555692075954693205774177674204627530
4604521746070849955
6423349440459667662734
1948196490346442621080411462357556675944707376045975524333169209670270884247612035891308
109255203363755798451161300229444279373074236721191962998509916320194870822077517508297597210
7466338955218210311059950070033442035130157214872282790953815015509940231794782
7140728663487645868648508162
80617299087831315294133082754702232516848832433614234574883799727437687064020310629962576786182651151748
152021637753735699008114258327042912581601828179824739192303100954919013259010833722543464531574464
482642097586200716671941994386692960265054
9973507766705754479312874
31196575375513957804116392668520913934345948070755337486353727588751746040733762307
204816037859325716705934509483596898984841180212275218780836155239852
598419920793583877006681
787534675446371258806488738002179800542849361
479953278046286912937403194462682685846591803556246690034812179427387667179162284381784751503107747600870331994738220
340006345506
947803579751275656265813980229496430153186387779874712142149370018197489948151264592805620506166967655779136040264
7034172938210375198802054765859516547437775762902150569319096742058877017554578759858110555323032590665440
82779257306459531813940080805518245700840857225737083244490031205432
50240489055641586600641276567603645375259146236392243791682412429498557236782106777219092172
6938381
52439560714334799766809549267816870615504360988444552943107692840361402133572706208562764862357639401
4946983455583679804764058277304796871568547902585923691726775305356188513
16264028562017521841113876980631856543891831504344207446583463
210161386042916530872709772879241195350
72076157404294017221076740864450977914739508855030388607370322138528605500025549278743052042131565
2105621098716576352630679391134865048
7739762834817437751680099000419495092797555247195
281039312773834799705577742265526784488372741307511432943845865
861484232335244693447277317416798265422421330732093668066641061
418205848740263758297220056162060005554207695712009893763629695999600580502
7672390294542375459390109815760547727301249626288231855068
963674499911821
12789817967883595077874083922824834
15724044715214055179892921095231046570677692243189871394624257868029280946050507991560365090357488980845008
908142791365408168488179146612786751944517079469079613702936738387901953341181639688922596082
120411383688284778626745372059279818473337987976162
12615611214461804764620582109721769048473318934911388078101182482
30097741611162958260335269178582385260971995897039281888465979350123392433107581
7199268183685711301968891093358764225950211419262237766235675514602860422905605327340989400753912451740561191876
395917076120893047947994204053045098304168068606001932953940241495186113644119120407513790571128550634634332290361479
75430306864590497126229003369446366745047552003386036360469533
15040205329042826565885769030592643200990024618849638245247480035593294190725177446562266395
58037019527505764083459356732515466056141215997355791011
128758395773120565587156264153392562
69152716055552566492826067479151403220897036827288141673409212626807737264515402716803875
72268832833061144534172179568105837725087505339100443906885545053462163816018587132548076728715849297533307613593271
80731786345354789000391306791874361677
40722702076393056599
9111996677224305649536684165383578384046204044625050550457969953750492548548175
9305898306177568492094016039863774339280866852060230924787289057898553128787495010826870667623878165052720803
732784604167225618905209363716436
7595657494482325464959889230386524587549865755601039600571461237346334770290726709977436981711
96854
37608256270692783219848546742476851762242092372277687
5559880099903310400500382657
322432915689152115454064927364
80753027378246828226637539336908397445239356976725880391167684229843459008977
5645168763259101457411530357362482560886821380752947136439246930225584292123804558187971600290026041501343889070
329840114855370634676063718783559795033758372427139705946215
92687295392238562306375587792965825011591302249018464456868195861173638946744666285668442716180724884069
10289411001432409924440393013260128719379234120378668662809818781
46327740990789819275740191179475893
66379602947216059054233483465865622555685619154168697550708477760274468690245
9645099156347140618175226234917014882651426492614
200090825991828034
30048967580557782823090241090734864872103342822794933078004513428849149689
217570895729438775256288593485685434
8205158096457508440808246404599111004704433283550136764285927814588798
9920433688593354678941935571064482719209166796290336969610763267273739555198366888629488861628933270160082
72505589244832733927937099348676350218394761601858453404584659960445020850454892984304666711876483589927
970030996332982102
4315076528782797655
7691689798745745630169847055601513760802841443
26618464335277098972766351611944483970772869638968008980734649264158351729466652325
60099002216173126284474945314176636366757695747945192741
586710
662769141338
278445014066341796367227913988994713240
5939617479583184779501971569091085111726670993541906500237855
975417220267459916250631488915741975427781685187643688603113196746052219889868049550434652581439030742
732695432883897436948067932549314424056258059508140137961526043621649241453241802502266187387006012457207
8468632158004606739
45708291655046121159373253464384638064620667044990509421992057268200000887458991014394592150916560164794321234602120517
4862124969103273002925441715677956866435525216267138662348808088242067449173926900076
753734145452652951848721191035819778558768441206954284781352414528720914046504494079
35905664537153871263323453876425242328359502379337407276673245102920313473730004346063097029861569364298321066039233
9873053132097039887705186564676801718076018287564870773254
48959517797300612845966976871706885538020745964348308229877827100617830834364877801644215
738347147504528666872681280828336088113883502764
32871591790545452153086326928411637303482599215430320149007462481918674322890654977609687837040573953973392864348200
4810682
26411399845370718706883428509367227058018328107629067282575964967436225
209157358102240313
5386116300215419
96885679421
6169753920946
43975547943144249858595558197431601431342516
653829206042815553819268283192817104864515902200339542129845375901230895854175173680742190206395779931887682769782
91074468424911686768409667816175672466486199692525888551232938602458915135342743693901932739589816473
7355264930785599998184602258520199670815001064655
52292668957753361272105058289384263390926418114638699123263054135434606711027967311559158638049029681061562648549
877360418194434923415350021959364272680329066909653133330368774985152816536394709834559247292998687532732519
71938845183936351680802346334615470691876077610237462169237064576288451531168103415730770818
26420023205827360717074954569644079719233789
6385927675697162693822277250404886
2419165474398657524852162135719120941846881284649824050461901
9652912226089840854561664886158474398
196518745000442191779338827447
9217035228262705412727131
331775882343711590483922
50222673397325041822135960331641402019924119
41206480232141896637751910523891294273967436127705282450235084321398659753685674793133648
540759175889371356280623771827835964485602495
64353914363521818203874069186121848154623710315293179081
902336301543398894718666562387837331562119585608828181661276029220035468215268567664823232449011319690870675112243884
787687673347651768489389665625816100895171527
90212737173122163
310536051131571065090961990509155716093536869095724623456232735980151182593518996496391230020338823096276
924775951754799534867839931481611030150011422762018808
2573044562836028776459140018
66391791510792559219275590497668220951127029507467237656
524009579388868601965118510399738632516737016798817840270251379183641783841
1435995501178596605435689098187655936982075329765468472366762924749008723145551457209966323638128768467836481560245
518678768507040995350236730212779814919566023628923858898
5727293930953363776353687310620616790527192
59986982
3314254978848838748665896441014652294115652173811494765922
261534159506678257085607205355554624560176135683597927693765629
3306042634373116417944053549979041690663326399546336588501775648730457758764825505371338106671576445333594983794793330
57231585132001600096730322012650415889776689443213792099
684030426310671330935347299272077
95912778714619085552523430092821676264674
24497619567557631004179250816391005857169883542934154757748298829239786568666
568700484840471944085837817961018879
657315392668748086243031959462035914893934005782991372214089493903578918157098666516
9213748063045547643460938670431959718910965794531079649612183400445023369745189115576504821619820
845827729034095445711142661708971932625285105781300357382028848
21468459335191048685351784936193516240216084128542536430833917899497513714880704560745122520501843
678803538905054096966295162944975599230059979917288875182023177231675759
870448689397584466370469256
70165864424299589876948847540812762516
359167274320800091766622604097790820764969285249511132340180880211109770523576242
278643
2687916740074827673876236961200198877600174774577
7512560246366298748780675179620533558401074961547674377369568264799010836812726689496313571169431390423
75677039729366405486
259177122259875970864
1950648079151109482951098932367884076472796550647424643250346061212958913213
749213577024155156508543806408101937032503527138818900469011241750308031
7194369490518467134
14144900977940699865684150813504386287610923326225653918054119951423001964
8096955210581535481229734584738189881059
34654209438100
432309737225271156429384299720523775
1412515132995167845830012188610787051691286843620752032509495236129305055841316207062274139364129216526556497
60375976072839728907778539794703692829549939196785673792491361497797337411715002221718784108080941783462
27656993630261184741124769922152
66941223627612278069
3007326672829281218173396929184943275388827546808015838527184904
323595908631129512983233922
34887917957867100993757916614291309837515038969119943898607493
169641962926512055399308264962818893170165
998876593273355947626829770437
474954273143461291722490420579214768357045370732385111003284516242900945018326170576644
7235276464691572714591524544131829015268544089163860711079504209930660
2353365069227039284737282008
9374189756350020033163997454225234958859446493824282060551282
804630172740057763267542245623073103497946049152235581451958104138744641334570142528040834691927513666346929842649229917
7660538869890690126213912031646140223181790464411
18786377223764214519451209485
3913856689270260269585307480728042784145468314103663350836593504977
57745148415295137109222389036690872928824856585195103766459222577645816311891704914915
706448173263821
758071464124631920330549351517111701312851262663732161543928056
457117353960957345873699751064741000385327801173211605662113
7347532222955399959656376046245629
176767168785764565436214680622687168464836399697705391652215
473431288634853234514578167241615036636258712450442
64836504962274087475472273803938449381385526702370
60842560283765697992612665948387654417681244297742384984799133217287001680416566489412472891848006265751693
581798846175133884629949020253285469126
2756301539923825435111523698746159891144202706051225677145277348798390594086151810458848102018794214757352607
7754570344610357345193405018862684508750108633662200761205744
331342
58301181843057842935132891245495469483536556561771211676482225823506131551796411239981546335742034740578279038499179
56944014237539099006236722084650811164339972467101186210
744232912368017295827570489802034
85248042589
874569696993365199729308277511216647064397135077434633731695942127958380810112670633163497193552712
53186776703602543596329485776632410605863304467199953362652398
210438648157118471336580756915482970846872026813817228700987753821670812193151762473893318084472
47351417091926728880195604482553016900049091107249560616786343059
2207668458779428609704056166756854941664976173648914016724030881182003982961708597165892551824538655300096846576901
385225656783101006416221
103695504713454229512501715683686241517942229126021754
37989562001924658786849734897809372773087239468246779976
14554627009626147901995477837054922518518703002650280449
8615213129662553213789565953341579396115451783848492819513138289164022703702496835821081260361113145642650893
65771596055666248257464182
80838397491051480426142159099944002782
863892847754825275742364231554
86234184940117457617129
2455563337658478940180853592658637870007298288272368465549780654302163982920673238182563421283937655189636376866
530809255340466045554354918722300055638295622330217988102791650319496249781419214049572769274934770543243503813327568
61500702201220623885189864690023474744328589984517349530306
37280476799852067598811163766453993972177392898562459883334546017862497044310397432285761028041
2710682396607377703923702545185589426643187921253664235137535105521024141452
876024094
64614656920707138485625333920817470572290826108830352472438
81027652412094454543454585720039918328659085219
2651114559506968660404160470882440105
5282051108898620274991757817803729656285577204778150246602485567998
131928252
1394344669913776647792946244561193655931248
55757734355226308073838467579675755169735058528171525487
7703640152342351217345443309434646253711034084198652479413826027681674767842207407788
540544797186706907157608323394641445972564494521520297
8037741688
5247100708554305236747139425570142271559200658656882068
56209103628359707164868150508232138384
61515316182166313935549663046315421615013772315
498992813499020727110247341502837622062212109830511516276603662369547398242043064261381962
981345181992365469448522260853087793758591816699693058513271757705911884246004000579717222479853937086
3165428598115847209056149915
142650645044974617515956904917591978140285720407541311594
1352301609490782939714688781489268781275560944618805563726
4045972023473697787325926689719274186501318199110863117
3216886108398800165219637726958852570813643
4438726908376512804582885615953543461785010803006523
5596643006275297151362159801207691639329624564943349200924694100443
9998241711818443085874033289555563140597785273908799764297811209296033580945049032934529
9930704039015597778568206983150657915425490886425791518720113945367575078667108470842625405123982508453685
960347322530186926288510985406931508722991002549680838951607555966503492
84979693446024888237761638079399863503955003721881228555802417410732810767310187419
50534907186704
671618
2721707211968496966046478733450079763555606115595021599960657093731
8443208546
45823516257817699795895
655695328760256995233498559888672621622928163701310982038906976660531114876674544945063300123367268242178732041
5830754967709681997741547777048264903725807829213
596730163304997458686738968425181204415334755168417100562520764984716254440689751687827968
661122676493
7578891222137616821502891235671755601540026477493404994727623266853868525477730120549432892846567505752253092898365
3549450963082675101892287504552179420958306176628940797828
3270413
827180277229230740689007760263154858996920250673260
903001120959479360134836881746449
770509860140309307501589296098676314034356511644051405981301480628282906162683417696418
6707087481013953977604794
8191844
993573626892376
5595746248177740801025926443850702563137577582145716224192394280381117377547149686
62417028928559793172826761173151611302261482702018981723418115468216137195136499399
188555292447415399059762964460856491053636437545915428089186898389863291195597006243585688487797106066330340961
6844673861149122163223457025020591326266236761193974675935089399
84946266294827559907644745982373
698032231246054924109377971791480433357418368441976126391255613258156504641054199748589795704417588
4000892595721613800
931337385261330336606319834205
1436643422585713385520959678687161624063978048538503425846231950347139212276265
44822455966
12823901756528564652067704340396772503895769741203101493785771569289644380539602700899619932
22931920488932981486024326235102419417584604721
325789614013782416167339954111099852933633220787745123708722306758358185303386028590598117448597713390025
204432204777240565446817298833089102992462436643671833699221231109955
5274603715647702220212414043010596861695813291269065075346287
28188777619174590925367642904227325583732865046610643523965806920521655222655818196
49881322232514752540964733535896521694006759506249726464233741501120264755905005584756
781975410252801792124452533802628112988322359979871370574657054089131038680499785038914
545099698029304185564720149047044
5347657660771248311969049751568888646661824
5193902835798030920879253136074730782352864632494221878588542706569793643647223755228696038605289097193312933079
8097008199425396588821
55444240664985196387995907661610731130164
3140770076006869831268762706784850207838527537130382951577509535532787486719585406690988
524968490920816766182778196977742590208315162754272884683719476776319739547
98673
54897628147962458824684437124075980497602261731375904
859357323674962507396343218272434938198030771480139598961808350
6160956209835538424959333137518107975591359
48455551438137616952021734845620614222
2506298910951417165869787633371304236762301973426957
826991562504363665810978706807546394241808391737250891463765552113647978233798439453163862963819703713383447
96106896055587979484473860968558730494504249298773105955067989541044203674769969246851311579407142038806
3228769
34405819899672596351859899713225704299125452067394982785468322450
1977459457
18731414264210927939669374858554156825324
2831226279893929413331926387022960840659333652827538674352991522955200836824036256495443384958010436
63182044175770239197968053
876190039763240098300035619328414823792884532756764508027255158894190263275406
5511266403689281351454521735678562398
728612883570901364056648600459962642
21254882762756401685950337054825735956585986447151539092561790917211989209678455
7440201978586399595604251749410374055122312166
46969187482029855941611657093899384550693570717151910343882717126771577051428696545190346167900762
7167078734379706568030710371122238853233611
32213085719895728320494020981070435064419647335175425495510775718208556941820192190557112388268028012402295642629685042
60155379386740261907258567241735545564964
654076783078794267473239626193364822971949028473862718563230515254184
6275803023727
73701094816839548236480464213309320834679654346338416272764277037857630343577892347585325
613423979139921469907894479133998844347520346231835725744487290189527403118531175442918606965551
176110697133996653424959401784952118293919517134189299099965
46377070419060884826444
77839133776117624824942444201827525905553754
2270954776759162459118
479061122997403152359049744037128901473690527786227077229626395
636530238738820856373556184643475885488901208901121062614053296771302883094
39456154290226383744984089686505654044132971530222763851129706879475216618119848
1219073560000999592646031343649249354377645550930236596559888689622254584869750
507182249152997236857994493422920099838048320149330156687593188399073016658898781273
724377233795394052591022970669780702468270115942
484023342992234268986346861838141539706932491739050281369539095785436536672763112449464124022526865516838
221277341251324273073142421116050841449015013446348148111979882592414
26579630078830364988184512697495382144834408699978674267890081272161623662900191021
424353101
71880290626727649511005497
46268714391426864579197686597221999741445864941
90711699530274499
72230963391343262971160649672088815907317830320390580469349913297871198113410334
332052107534077156105716343161768687942585166052431529876830156906036883739645197071129076770791187127182300172
727631111780383928484637975460866702193808500328892524906908569855594509845169428870006813474910167767885504
628646778806225871468487164121216417459377986281586355707548098432484394586959733125334
3686330027983355794
267127428671915763693447800864690435874750020713016922573492780700615657998054158649643079829776345218190388763
25030260887233054915772298969267276750327666148918895694563320083580177701177528755067170467825872020
76861845457486359113268162271077899992322649749885085854432055069001844478775306928837114749648480502846263249
69389722829874857389793326748074838
911167787069017629425781111
290845855177025951820861503190134586881
58033283027133738045030920555126785524578258255144346923014519288468599122880875251478534032803151141188701935
289694927090468114682235629479017749378354551
51767846579181865696324054005748974169241611254557771658196745088668426
41999423836882755114797395622799106009930367685527229843882995073088926996119490
16517951
798717850407759344771837213484455374840846070711124841013387649143647820680
802598733647884045847811097674367526404195395548381256296194893372
43631157522577522359809715703105150752816171469512101064890025479
269743833765885984663053695589507929055049885862105367749885307207
3043512659193161144523553610984761711143492833545036898691930865765641072939725610121455162568987799250978644691456701
48279752057578430784215642374354534265561452178554552550716784983854161023155610889201022643408899635594542641212
8527709358076385881845670544497114158336233497943593822207356
755389224604721
42894431063289374450911806727679716304304140035669172277286815961368775831973742
48338610456788107504
2924588890273538150061
9561120121317038717522539446074529154408832380244621082239162532440780082227616205413279560628744804750
4913421
9800600588741231612449275
4375943008683485234200346470844709121431260249452944648321833397080157135209068459922314868562605860748737749206342
85076679561640039186507471912191298570874678774380942347857900335747859109778694475865573070092731595972156062374941
266260356498899727720284778083361903616830110521845264192981675
7224359173877123337953606008077525536770641801752232100
5603765248057046286719629972739383930331115686389528617879015258312
508883109411157423876305797308309195308789616172397347784857776923832926484844036923
30148119397457186656950722171
2500802273079
18138703905558228790758201959278432284668218973575442481
9077974757673982643094663085255358685140446912192422465739579919536419353337908829712260265
38057784228895965206915374055250214538326803
76859876123963827114173869783065579920921899408107952168928579951890
273101481272603485394953546766661372366365740401114261474
812605249520
7183595945832562642991646742916210163
75457650516278799008479159934466132172938408606134374396356648149449989542711299
81933578353984168676199516046241173646133790154981778128223230462198117
644774164830455073287697225
245948449616746063129717281933701866
6717747388683830665865840279169911008265196100264778542
5530430027900914567596537602829494677596311415777944343059022158097984540777157608315793488025916669723763256604
95434201629235312982538745877201348604115265415619128015417132269263944351961296386233332746427838
1968233819697829027421632026520116443516849003503605202479063462497193533062814135751031641760824803171537127315119631
54911636010798594909541188576045289250957065193367154217808863726573725309972
642617233829357100060356599363115980465889259150120633622959131535585610860764294416
7679848260398742379183540409
891766259
252462847395929058710698376261566024153872461332327699448522894523534058725552902706531823460853
434098847029922770190006637249753
6341158003195822277579219215333
8143545978967334088253094293188747011606832773567776412623236015107609893
967701097159301961946597359378130300435380391775564795646617081885343523046954819142
5011376821579600155390076737
4473500701633431118500989294930817897177506670041857681623550802212822906691001600
5609036242107910195897667254805657419590551676495902790185905429443699098758219
7932211339602825269974128563246358560221743588761883604994434580339401174807210
8034309167376341853534390338895058556242224699162552
34509059632515480161
1038449553920421690200985488540
7190375871
6462554824751882647150800924765115441025479452
1593073959699989507425051417147567040160483681509289238008720328634035402
95321179088366047909
7605502903346409924426429547627708338192292197612420271250843644006628681051187863764777006944
489778093330633911133814860476859675570109027409491
434486189547629765060848719270186712679395991815
5011573
331734963
621832538618001355068605759869433307206246154448164206421862600251665427251941522958402471522973266
5143747
704486226958412356333385483990247083623950313717090833686241321863
706974889485584359583409692717583689
34633392010
9299042894934781591689097000
7084777065171219934
21574786168160596337703327771656791876207883781005385381752760623806614141017348423549190998983
211018496368643343505710511632757941902510161246337123900812598824192906233593694216
56858692116747895413075588219544243277540279274044287112574906612366122562748112539765393934378797069247507274596290
683450733322024629733519603927695033679990954
6937689526429658886123187238239999665087009446962189760720557217878416049729219273
3844310805431
7722607883978439262816526040495341791876800842093706363234439565259051
66462304499595021
28332464359066136409495393997687957966379460275340181228511915700767745611
29033446386229857630124080256694308196766779791519194210641563413141857745339608
18389018665595433358119
60321405516700341435466823296685153712456070170
2975237980250035261696575218221672947001738858169031468276019330478826779024920183469168057983331704243355102470949933
76745256
42301484232636029599246268565962330414883783298940422750780620050491699152401459078682168030778744752339267518396
85781059102568548
7944373260970473682928338840005727399
574789103891026774761102753211628839273428977143558504247469246796980451246365370091728027555948
3623919025995069982567661719811053234995081925164161049830
52284543350348741529777857237772813513009735491
69319392210035943132396
2187841
6379068736734736091163146772303174570352911079287183220540728981818299105482942411798713203336
316363313265195031323424387476090282308878272156388544568253046910834
55677033904136100684375216164179213070451852735114911517112038591572367826054938756516597244003130558160124707364530493
97329265073616412285289800865703528779913249173291738022589295119588859983567195223956794106334881878428606455253
96727346504478264777863996078278134764721046571503357338093254444411207613259475967
63085731273884264764057850497534316517153053895882206
95337018585715
70227487
92317079641
1123815504426494909493654432838399310052885402384819872255411574193464821117967
1435715412974389324234886363701083215857637001576422837524634578380439154153855825681256685848744174270260330
6884915431410153566187329792218991798114179
14257052716500026327445497482993991351967705033755975782975580197731201024608986139752104946803679031014935736496
26246410997026805417754283475567372118129058318369434506117972901939754449
4519665216008438437864635653643754557788541305280841563113832394006881097741521834754
5965639595855347781791307686416527442778728558930581759389404938960827797397871120
1982649307840351934037337569700464444518255076466713625949317007837433928090729965334
341052497444903257496085377247744355755449264779414041354316307578207091358634648371508352
65050455930638974362755993043474767334399754629201357070156637351676658
47952118384594362545248808705634623309739401232422071525662737427941449363977969191045596172742821
631636004588215877511120785684982810
6943012274483404843
93327796366331346115255181068958211605951276943115934142365862
47287417841465110482940573398769602199286855817609608524304693
8240733912799939957620191793829141622462228268821413435663838761154739794462522065
69673114535566871386706840507064153056
45310721116839
799272439856753619892143216190954360369145067337731918222294229822328837376351049184348166839593194010585
88134974429737039944781436423135484767046467581567998
427619358694964444018977906105126671
445856362256720908030080764073149963933410152206501611799326283010695474004055544191
703514731015626556294303415719831887479603687525582124319481319696106294464744508008020918270579625817157947786848
825961522
40466762938571017839500227624
621245419
28439978305677417240927928052740906681626
538227540803094745252543834
68028143910100
37359441229809063
6728216792733896675723346570901536654004826789815074727562048154521133589170172370
72749561268817385318809129468052867407263055
7689476304773911938251114494689936370838406661965705298878923213904462203796924561343180
91941608762218346838277005790913156357508987313689425891526133977969956122105816786
3797124375910423249732014944399734430379801751043641505600947955293939941042204
269570209391219265379509865795331613
5055572823967002187046648912601200726253900825052039642531879694877679820446558390431978013360
79186967039763244078
9034045594305338356756294087026
675270101079937926297958409101314028193067990554
82354430260730162812006028222461579257480294054945803049709268819453338631320917152950127791494712
238729163525545729694
438064579121894577703678541352880710680485058579927023435341737911529615483133502146894
4579349329794457360955057212252770515033389583642
963288839340455089824815061501080490604217064716584464690665389839503099370
2229766551490256609850980223677950081440095536897203611967776828699276077310892
5479034400262250036740765732539190217561410318044876591362620462465064562950491863306
37161435178128101212817962948137658176557117080728755720146890931236511985598
6299184818169493209012879986807708226856968858044645528284785820444418476146356090463454164365868
186535588260745415082726805660664108505858283662656682906956757024481689
761120595977694
384588953738561110616017239228596199005018928152157982774745845996432156
741981703632096082463795383
28820286879784354023741662335495444524368043342642974460174957188647594004028965835968136158692181464467368
478107147753562633016643531203987089842894307414543125649750558727944601884945659523943324570856
2599868611245157454964604026394824943147677636
246700847384616437682067737406876595999
9239248989684320261430733377085513387062001205553587483503810498125285510402062236796787053578
89029049267890171047412287899487652347592004124761820467309185445617343846044148435373453778895652479619525585745481344
61039115501706414817145354486931070154284056926450
18236228003248364010921194052066101747264422435380685036604692140279581856400518867980550295324871982936338
27318474391517681701
954793963273221096701709472133169009245762666693741272639840084927372759113910019382782421193761591403798081543
39325417728078580542353089205431103775867475302707940328525015527699266191500945741088803756874
99904111868547255610844983725432193423171688389726782261836485879496548
627910581390271405137947073385789563
23351281313568068461955361585295560674208104150892705988208369
342341321935185914045031163310792139277816688068021831510411760373489779589913365302356017782045016372
64759859
83653330694765948702578377921332265001596476272355656344525517430601082545460400238925674
570430377261813240053572967810873382468077726805865374642902515818433960402326344827686206630775985545942326207152670
930913226786188174207630690550100670400343432246828944586877115803963094528377115692531235508660034297
5531380696650314630228254056459435872978016356037868456934194009661245955
759380313376381965930638015842165732407880808
7394882516028617921081805945990582959582423562
6119653702905835893815020432169690
603384973666991539853495413936470053049651214569940388167332
46942601643147
4794950539968190815408070909780156290094173788492743147828176
376324340549829834009475857191858990296695694518565726706910119737870182
93934098671847301910
90369313929659147938570
5991692673095621998525360713220
125894
47872876137226339800793363129766672212680974135995003252891603453267819875000978490002790762022099
91988940395087050610778308028206134081878340677692059498312547
92389189942694613764984985071516451735552792784383617246199743734918574488324393097883796875005628072884956527005908
5657114654632596431013245134854116107007664596241730158334354282917682879028343377
70001807604011378224561149998829818953325239070504305924841158683238
427528
1597684413450543935905354215030178
87832247216292870053665549695022040070041077300091470676257361334176307856754049
1603952084507554593843365770394551358927000242562830267007780251322923344724371455567620913936816183852
9982130689961783620530625303456834746518227317525503776747651817800108755417636250171294358516247
20637172319361430252872806257163491894679427184724133591495294752286284890897064621251601682318069731786
2024775278367275777151394
81074308732810543233392510203976099125088706468235744445
416488368563377048435004224727744045229820083092161851529
171163354701725083431184698560903577827404460134644930274181660145752939774610836257075
86743430089500176930344417770798856181857090885794439410828106
4515680133202708641196505937579350410060405495396439368489140444230908382722949951624456356360992
21193259003182888586448725419768454592206614418053737949293515645596541895674975982009385344980798437588173870
14334169864960478945491181181019972190596465711377224068518526057340542183
5187732651569869784030267853757594777168110431979263564534698881281366284142923
72148007545373967479969252338857540328377461997829638069435803565058378060721977572
6190795365792623309441386068828192039162125938279815314109299137532783246
2004633938616553901129773016939188977877614210718497624774740575659
23786046990985836922635027362465427829322516471584843794003972648818589145722985343174618850873
39895640931536082742404641805745796863032690277528387430701966399789415826480966023187951064165278
57364726496541605577775316187540455559
312910048057120258325210055907394534992408891925
1123743059591943641993796145734
400408005596210600808141335702401467571922790447919017990219277101877935440453717371554654597664929757573964392363618
291007940567965945742560540355036897
7050068150025109244492569620051263545592789757171040185869202637015794298722007218756016723595585203344081310
854354018427766295314819638718347156319828305676649739883023738394600344559813527733896698836800796560
8349324750305341690339102313033141067240000738012651753713335780308329
88031126762292606161
921491993002842126538002476634787875021009591186011548645677
933472609140247651347128
64797092619196773700662505223236753047903496429818982719000065588495066755298146787369428039
7533265048987730658035299434428
865865560254479153754440493036338270861755174448942598631410624342196895145039490265820472056334737466
4256793612279364795
405747034717511343383045631354513808039863957215801108
403788033409684632402510549047386526618686866665286
946642300
1533230909646157311256041750953207575
560746573795455628893126255509859923704425142968288271173082255508818683482736549022628
56059390818897536804994565786874750940058463617843042541343049060873275923339625589173900303684342189
1373097208
14126378939759943345345397141748813691888674876060139981434608654735133
8920601279538243004
68190166792794959791073765683407758886216580706355798
27387673
462370032659115917813292953248148391452038705374676145706396127807053342
6433954773316551516141932821539378741176269693853387046367712439469439410079
10172004240407175097291622714505299606219576837848548583037434272509471127312013933445323101
75732227342727457884856467923722858706546361860755213277285
809957155533495095865026899943655255394064545823542763145083029014
998455719247413561661722370930402038825424154458017813286219155340401655031819539647089420309338
4368975593141223745254711326310908322027345062130596124975375889743311072048716305540573257787798845493887
32981263814172758568382986186473660271466612244770887792219715577397201352760025659024474248508
2873416
47033
641546880342325343327433375833705206492478211679524330415474234588563867334865289111794985383653284305592523
277737980
789331175065134380719039236045397718626918593080758394229396709090
1657653213385486487534823107831840310059797899672801254
850364209072100
161835304153755202291077973660322257297964618767228341808608893254664304673548703884904986388679361246356119112997931081
67785411504128949131507556858423343106539799925041689957998680
56301250483680893903742264699858491107210
38638610963269367612912343039741247481073
6333915866206756128086567486636736714134054252818043
816165390687000513077761315452111366173559457445921093888795604331118513798888365046
2481726214574337846631736083937614733350167725674114532094631766513203278707181884
4491772920907410920887847800448453033017087413030797192146952090220
888011690897291458904706918
81517756932261694291809655020248182588984802899075389506266716306421814106384145758032072725
53812655679717614495043588507360020756847573710987361235041923
8284480690006724522064949560857120592930423692543388375846117602268605735052423140034012334133960
972530172090921274904722509187151471899762939938295555835366769805212210922337761579
69407830936489777466834844594838534909190805310297186323948116355622127415843939679
2727190890074060015535619714581778675121335750754314938203672161966958320308610328860300104528424756547957619487048
891189283486
70789162227591230771372536203621537499176820070470094187405273385785428510840235950431845411085600033237163815
7410567413722904954114
15316182124671568600809406114862961053480926532303342959625515969
53744183495821941530422769940839901144594509058900164240985681094624680776599095263853418313836186547603471226
714739187626122427715541
9816246251900287291941
8509087298144460412412952502541701
75511071233175152416429367720879959098275265378515919091985851917
20349326335506842395925
57696090590243304018143682833324001689544151706045
36962070289227324601539
16968099347920805946958207914215479968824022224199597703744991117351021445
132367090310670688510623043009303674389678695854258505018890174106462636423763519247
985304377118637198665549882495002630793612845397894539978673506684584518133181229078317877831252884640
1573194509450803126704139784870092715760359373763841416990
2529655
2979560572876171817393524490223405140188371785950003728901163020260582216589590593986582
373136826375536995791615355115810716153419456254066309552222839712882967563
38821513497945293
7855729264583441174497220874787424804601361209212105148979889308034449751976137036021925725837304966
98666491101495306006347
1319535750813775934238261604738869921394443794034692358599565366730743987395900052083244893549449032156398
581247089017168571171783021890249707665008489433
691468342063644378633010110440504000252133230201381276997453558972425599914369968190360494420993
79175471631763274062949724439799799278991521889180567243482453536443153933586079552983682
49036430142722222831298055518649391547423814703790407338104415187348222319435572173986135526201614818908725520168
917950041270094515254570603777284842701
853884271521931494212208495525467013090354757140384796645183258490617721090184811632678
1045431384
3570489344252166506100245933967528290770094064469390958
39863722469937357912636060497757225172511024642364687376849070911559087732071740685538642975
2384073374726800870180047396547083148665649707675393057602867444496499682192178871142151176336695067304658311597
998617627056475527702167233054110553935891565589892135790507175178643486981873591641218349794998089487009677777165271
65420144588553626750896604028701343
9524803768220186282105373157700927512753581969966
709011061339251161627736157894144077145696521818293890956881389147615915544
7667916943455
813179605299
36019304772846817016584312648481807353809213229849409857628626435007417396710281705894
5704043023990597887439060771448354318677669458424676565596130849167410456751000451625411215059497165949986465246595833
4551805254377522599714627
74829653529027748092211390156407941972677748278843372870382461398422166640547832
238569826660631450476560910813754913
11249704659732803724074217234663311023381979016701910251774894608825969607477305339080532
3208924592109576230428828596458598919724081038356237241066032036352102893600
6321673043557109775476247941890296
8937966935012709183089723216593284415892668867724930134766818037864558683
9802541575483920
52304806349020352076814094662123636043647853258336211682880072023910165456051563
586635054815128668852387777283301927640927424612125304807835427444861771532058500950574072700061862959130138841767960187
43518754447224534998032883785886416787093401003738440491837039622187942250780641102627561211182
41352125284039076164620349773611592243308626995563852947300494570275047141005611120328199595473399
74849096338146230497162577640199869539859750899443570211079835690955368308294993160394455694431256842078395486
1703707564029491543775496819008271749332753255718480416286856457074860656235216166630170677745095174264137380327758103
9599852436621395250246446733
4902793472618915128819052635821396
355900579641
9611408875780574898614470333492079513107095768644563758429712363
7003586173739192613490681607749819681312998516848542244000715794316045916733252274043154267697049182486826248157
4228143835351574850932010701973838625111206338452347144
726416336033046080092176637136593121675115752431443769192944413405825395972190590162218003273896
984079340385681265139293929836314529267839050428923881902033045858447237756203121582567766142037039980945925218425
379145907568782336655116778942661826435216371918415913521163964230990664404844493411999300180
2954486018089599300877028490222350015231484379364806167497487838836561
34655705105403521620879
7274563111203528545857538879695783707036689829394094204007671348888284309395322963174
8307829513513888696239052000474846875538490295252876348687
95426930595207
106130348769189187862872265792241274073066057844
99347586396864923
98774933848
6447289567921624437905586047239059401036309064494854719729541016994936
183101188475559802061131580924607657639989788873868
4055091568155598460175939554646558762161332597491197435456978387583818371039197779863474628081214623615
77750999830510748246112874038158117739994367825011806330197777948148
939484459465696409957126
66318140526183756655188989343423902868932566329481101350
7714296990643363924341198355677522689461937269059965264448032848589011917571838824825
27824017746298133592375155119154368333881462492141651703225735129204438513946230688405655
90479392878399372965272584048070463587240984520491437810770078803008082178566346733433770318505083544668
6846252931006210865600638112551972585045401209015605787489189316459479497273735965719155
5712561810304164428249
35567769981778239838461
5352297130499093159872238264791735769423422665720108164552880356141790463691208022515281917440056838965077349055361
81716926077309080247261437774335013509162674542221567371206352678710147973626
804026283206507477489989642492562449668356694047618548991858533872424395711578844140809370702
25034840812574860094292304131480293186004390154225497414811018
601314548469880936759741826
33389916979134834668012720
4224891457889583643484449871505101957578450659590478715521109447640
349914177096383812202156000819446189356255449037866760318626803638662928903238137206287278508726821168823889048953514701
46764879612084203
6007519073239340061640178962874813002882846338073998854072332143
2267170558627461267427834780825333764385597847443630830801675288768484551152671555693083141326472472987299260709
19127524195981379612766784989246930519258148784452633407438218361708015742300
8781007908557427268598497648209
28474589563183876318068312392929343352570797466884365444388641759819795222328265128293972998193714928648417952
425893036577502556174435100669929100236308566403747641171375913143640507106892619192236024674551482452211
9883984696099313773270333105
761544388781999721455616730555467
3177913101181309667693131487454412856374
40703929560386646935278625003480954206148314
162478200796076979898645678039606358691608139620399474717798823112859145407186728777664445248163083
85032812319798990549489923579146453324964600034422905678051707587274059
3216725751580384918563473966891317792115771482346115
95358359
234998789475178290372564856609483734397011149045341034151672979
9871834796780070029439337163897118268390330320808720842551043436431063935896159390
8667918716981747914627848547717680463774350522588672763007465038795350636
925443294005365026757302277034689900959648296
846283042490158119914714846013286845209042626020892823866616035185566125828409024981052502379963
799506629319711
272847232644160382597399437061745600528923118662038242352549165051888589862502174479709699939976678050250422200
40816816112548588857550516018533508820547228215755427167556418393446646114589025090666913899869585742876440706263
643502637684060673056870589873107672459409
30254624586607
623040178207769097941855125193166532986555479259131052577185827670443529505801110321069827003970837120
84237788577
995996543488741437133840923123955665545516047949559951908540509214310945877886017079172897
238727851010480940407790219239162244165500525975582024289837633408570158728310893384185191591413399993
1910947684718943362766718872325517
746292231569911413970528141434716308600735483687585952749829014504352199056690798809633687075885444040773710499400
63800618801531680150738787672
5905798001717943611234928153896423829454922717182066830
42091583011302286856694211795222974881774031376446193924995167194680
41705153302
61322312592824881439485062912017720630850100037049544048536440579568797004825538769899681199735613716067
6583017530819686293935361645615590212980127382183431872290682144595021570601618205511679469923969393918380298
1161601574890069989320340423584904884769553780284764213474858051474962101643181273170952554566141616298937934532164
55754649433716934943440892234636688030965033742167021108884471618
5555822889672
412988359562
9457841041593401922701398802235906377689764200125126813828528988407
8295896774601774063191482111799185110952773360643228729
89881171138136785491789465543954285683562256886782150601684296225334
724001495496226188368283656837355042000459693914558362947272367055588719774666823992214239234442786230032113
39699694463455336144751848927136486967122501257924162780611217
73164534656175753291301736108864062803022197652898360424530986363470675773496761
76210116886154857640271264152539082786136854009996406479775523997300549091353564605299
6293818130
74281226115678112519739344052330934902867967796601024581278204475865130017717654828411626
2873600735930397513896
1308527028390326593482812
50912255776023476901315373495703513857048831514647691092013583733768554608073581849250473600
7923734158608088588155597058125103276236395203993
23724784346199732712980022503058306657083
96336667023303282106770674867332545318904657505941220706549882105629467067349711184359538
8257906277744688169749694495336609157378790205980420540226372856184181824025703736829429412822
216263721074849024391938287024284846054
6990983038396916069563582184725601842264504226683634791131789471798062613555976293011198479879122870561471513048
4469909723603178447831709475854976066851911213276602175359034963387456867537890874954070
7031295324973542812024926161776561027174459244403616903580756296611575540867540181513996
94337520569530652328225653922022175974306844460150857560096
82036171850298107137523673576595273151416332050998628
685465171638091706
861673022412751217774560013961054488249077563578572573231893381936446702667544892585146828680674890856508624414836477
22517213308654613307949078023437446470529817112405498221704035774237005899700910126700293646270132297
727420210788619812653783065662890029330810567542970876796234565012705914528289244036698
56377231076114803919
6438140629046519985766741086813342554677304203785609322949538474985276267914653099681228367355815725
11195229627093871075959899010120833487457120698487425303847611519176116792646465376426040665759771136784728663937
44709218559
14105823596784837437345517795974366166082692197268094214097247197420919233227838994737055940742355934387
318271785781806780097537466350969779672492821
16315579237622828734027074534886414311615315666833679541028113
3382087320181493503584271059812091326512929241388712981152853827955
621212881563585531930311764028726
77135741
6442107618720098749944424513769528309573319228099122901036506004909156295181868733
49435678745450835080352
908225060313468503432174390764823441841551534665955194132911939560860948197227655314980009295301857237484363
30973983793241924432878202976863451730452492
2308235
373648141218917233637771837301899526517645664888712383907666393752893581491909880472503735006187422587104581997
96034
106861523599036920
9351212485341931723273406886677434681706219736
1727834838406809177021670657622650508917256253134961269478714698498297406675854677768991
90598005122330322199755090297017831829303917844758693479208323720358683977968127972472695
14131104271145183557752971658386643677264571952728615002393896048077895322083
44166450461962262017258324315723095465414473362493811054808020833
49275319003847626248674777343972978308857217198
5066350859351734076014017966
8564732704574634801584187641745107516701177426145696007739988621352832816343173406387844378
911268811184941824470833944238454371150705928970112579465840050611
3113073015829347848260625950549811906404671750848507560909920872349921131050374
66831313710511257671908940201890022890699302935101777681251731552936035323793333821869311852089999129740
5962793374110857924839682331872549565012112399440433903244823011656466399312
2511265099172812446230898555193728826930497550118610920336805189037674154772628722375491348
55350509566259882496036008319221405009738284026455645136197668709863777116776687583693919946841442
4492339084221888212251999752909349369125613
529172750495516632055157200483951092276778603850530050754796231213262520033611811549159158359044652690390731351095066
52779
20663468350
37631555780039936795572102935730892
95795637602870480
7300664448441721885121143198047996667376286192777486921646063863999939304298347175919729904308598523927230797155484840
93367072037372150021389
287442823358819074612463321777291049495141585310500
6800643788022305861775382897600960644872703411509968406753070945543850920
301003585665937047
5596512039970541318432884213426017008109426218994790138547637840690129438483
4154238482645868582616507607584589673829435617010356588
53349
234715682398529533596822718604220849070032390986776923404755968311045572650042684064675622562214943447090
781685915440727728212399022324702682435963914267503554
30829314540570
31332958847647
48534233422683140535169663906386122007236043830719890125837594506612855894872415146002673985933494786731688217551221348
6294534129008
22751323963914015871429752086608492180007295935692775
471032549818280733704839905469929721852565513998573366311176636
20026359338625167123814239809503151327720662981717969885869317996920981191968463966166033349813510453754217701745213
90930369315488856172497318032166093535160049753954702846723977820892121296113947982341036113003153433840519964802109185
2384210138014251791146185873792164988128719935
987833621791
569864978434064857933032799717693576376606157457059442215170946443680331355526290935206756714230765054
1511447989130316686023671188722508484731420462290291543624200181557257535145191438362103
425480068381500636003999396587
433991217323673848045103327335915461946284091432890252320752764227225069389144928779882081281994315
1506893401876
826264002951254024119908781374114632214519477
7127081857377193615384011673764
1914439750
1048454208356941932166738088082450312018123528706529948263476840906430302140070008122476119
668404950956961172321993706694187529784169736577476601
25726607042687890984453059577290460678919437506169486902
71656475764772369430620254842290511456374946308216229072944210782700
8764592207878511839776521815852281761922427239298865367628772555156076332038235564640750598452376305814761
2205345102154262982118486307660997708814450
6986641288704102151121
568657009539811918304454136869000435897559993801664725149670479769938372958784032908571314
28829442281638875972014717564341832593180875725799136197634602131027396853063534402328661312088155298647986062123
972382289593765193078386701820506882141332375308670959190
1149818978229720759432546015164758852028278470
7165572262985751904392308
5681233157009185393345007182672848002966401622890759687902334756115182
3459126982754317691901897840636795157242516403008072339777542869542080611823346009602499328622645183770535336152771907
7201373590748203466116698641
13193450057291516209905433929334608059818474234855623292265363442159063178761992311903582007739210092784
837546295431261329
911271861946133985584192122588266271959129537264601531477346152569087
18181880135127835706
75838641333892900927623088888566
5951276698340619717726028861501393584866079349273154028181088854749138438433784940073545925874466024
139079519607
225199566736936277181296681105444776667374411
86230119522018067622570462
3969172402818283073307941757604218
2185669371681764101709553184183728418864386823749835554335174631580303631101088372908280433591
701411316154931295063483079322556046182225932396642319093976221714659173704205976079011909467915474316904550860
33374944156297968371644473930021541246226306920791931429
722647089306977035785940970016464338580735670504369
1881309311899308887817044399495447247813413309668738036422850002018835333683817898117483911741624897118792376
163758685679197749910572784531081956144910926590917150068585417084367945402607015865746984
90123198714672
849996113228945655801478713307767839
9243111507
280995892633657
3063968308883935790986533820701290466278928543510062983045927034692406398536308110632619
8206854905361567
9414383456909911641933147088306598590800362
3348516049145224849747008619611375245059507062660765269132666887772770219460755102621169677320576205261964
99501595
236456204716061087462904771337081288809147765433764076007626856512556496547708416149729195231032168510933867488333326
338023
977239837468860530319158197599271948833481096134780198551975462434822137808068299943203251261439503179753694126535618666
93441364130385073810303034745157256448605261376298622573140079910416722299772862686709812595442
801511237144769750458397084613515772222722306364874190
40869836498808801469733248107639009641729481863038815590329374516241665160671878
35922856511674022819884652846947385913984505731578592279347733066866920466789542631935708151231934075426395742560035371
6569770
8497695106108693993614629448775000204628454689643202216378416032318683
29400467925674892778150039559534420270906870064631515429516687565665463650780275708156368610
391905138078971876449489
819786205305009253638690043987853864850757048650581430131792518856
52409974732171516765238306332021844151514696833017861008890058362741724360326910
845410782876752148121008443383559850014784201028079315338811468598892031927422
697005978551720024845195022490413244506239837370934283825772990149112881303163925973101374102239725598586073
909198776457896320861522904387817588184596184345103917208662762473206916229111508891308364710642682445478
91286356970343835587750438289608725267924447234831203
9210363984440657971296328214753566375066857452636939386948601120322291782129
405518840561856566247181463128627758376405643918742318064578594731122728310956520495385255209013
6667740155953126237598769115855736076110572252677756124828855448467895884522210106572211734798315994121997517531
6972986327227024972098695163293505180928919149608973432161639097166602696096909142890978891205164223172419001375
8115462744073504093455816104160531029981379461028593892010491158093996671949507266769
93016241871543431168482267321982620707655751213273057929026579443570904163659578323
8882925595118565903368498364828262382540291462794864852477252979509511014688769299754572576988805487236
74178642536
77879
108027067499130902623317065961261366833498520642788352361237427954058235109876401143651208586250730098398637
6557785485125326229905195163
50092605601521043765949757034319713841560116648678678371916218868359443788492511112366847026717910330465
502322007896774833128416077509663721750603415817684007299284675820609
553007863004852607379542610099259474308357
92063987899463498560613412053704794931461575377874411126
205140643711873
633678510518439566821460188461935092374209959141587045914313793520560922059080420148038024891163773074487054825324
35010192891
228688964703579251627780546220507196502952237872705551241653787313263922521385568594251
6510848143478992728023357846849338
665962819538228610609553181326467773926024850485220101301184407472151114888126858814916578143
52357125078194086751530532382177580789073176474115891882057594159035941166
9615193
21635084589078836070435413
43930008139363145644127556609150817174565509334438985207981404
9782685016197905939564395117086187224138702
93060857832401331344151855900
390839651949635753746087782476391804921840540338116585226552751568804
7274562486472218251702700221769585985619945089189722142820115765777923137085492024626437060487237959675245803557815376
48933081436879510757399005450988518796533756118410887897300549212900151571902880410126985057063238300021
756866283826661686001788379549575851888131512101904887960482010917344268895798948174589769196447044269743
744312894458366794633933703944593002315717386823525927605957717127845431885230
4485091606312088082001206204574154691302173376580665451083292204200457391279176926575631854053666
45873464520
868721255769590916424937532167064812384672
39364806090398471735911012712434302218813699106258169840380040191884544217862821503362062625623071190
8250596848057727675128505228634619628915344874417200260429165741034361136403636755
967122774357209909182531073489982166218248194
5456700681475314951598388140161
263297363818716726964251106952
93510557478019950942326972284388670518734117886681989458842399202961024398996087893337292285121457126920928
269231238695492865008447676937871346406041684517014223543456444191292900648895848535418059108920669998525843083
6451500442737331434099058840382745183845527
9783449568626830872337495596720727951547076976830255204136119192094689566798
728600866523251101631816238860242256558540560829019500730701194931508478062226533
40710898416323758088371385560181691007873038935158236736943342292775072481619481467235766357818243500627022494935
866987833106027881399403653750457200583813511229361661977714211275188683243722968821172630012055717433585482
223192034694833969270789594342488175866103360239511029443
57623184210644799055792718043173011224147533270737887
367006492132557956418748850109860236980258150144497473961870551662450400659966
5117157891703059902832105923382855627961933510214824672365277
4214045135708596936786657657237086
8731252457417623450148840375849532915584901692460638310098836876547458674917025279941
961749326346102787806826014124749
817112849674822752162190714498083378379343103002134508268814914777866
2825096012591179626857618966214267198613467048170421979962405919
62387745473711106190625222727778397974104820775875390271342020015295365935617347408704314051150385078783539649
4801404672391289177814283820989258343717955395034392212569398197293441981544077385
760657418653813632010786372437311262713126101524549060496175573953744235288086237
82503309119782909655407888620981840769934174592323641113273095387295
743142710600939735841881032083050399318184592086319547371789321023750523
111110592078322198778000609846055859802543865229289954374457712423222637152
590221063300772916435375275603588598802784364484755555943912881913
4899846267488494997259516406038209369417001520057025882378771639394346988720087422261937975902407352660573156
46126962309797644214787656792293102681727254450706086997568770045571427556
602947870
7040233140968282055460770374
1893558812154836929809279649026696369752461439289250
92874048
55774142273434092255673413941248638529876891416492945488975178469186656260594943951383202297939040007010906376
5047208103600543694545642565792951994247658961656688908978478012878272409966109471610824267073
8764399102941344750862525648984143
417916269726595076905836669846649281982674831593776910980084952789023906659881234330437560
951912659137831132321288943481389094375116333285232670041133270750934530
391826343982
80945371757934985940760470073173909321569466648629751081520758462002580269416697702948451371495343209093698937531274
562224508874229777796607362715431210533633239706375323718116912090
5442832553005246544078716146469984755882318
98698
58829030901789340060141357272177270652857409386558590
5570269008785602488
73889952966175193577100
542794692793494931119039951469547117927
54717093167632236100677259401535199710268710692892723631448979011291520099283095
97181328938054283923333573182714626963877417883511077
6939538
985256011526820376325
128137922427582163893088780122559157715082238936589191010880563348910580755426826443747518
99263758367
63887113015231417875068402106703545967366291403583226095921
71004739702215540077623572110851486644985306445468640832529824339917763358473486258275131894869332176229039255770
15318773317889661842375017276522185733948175222024404896960711765960695698810307525691
53610341968241553773461924
4221942254698775500050007309086789739092895822035393747680597
9398490871502188128315216027254337027757253076482435536317855841078688689234064786369930801487467
36721696716753875323419642244949879685478416467399337473352122122608865487140067431911373401616610
8031749320476574467881851145195011524053919488433971583221635160
8858980843278474034217717909772885161540
712311313182610647330367818067509435125
1749311804659391467875888240991783315841067806941902033378808213710870096864935150428709028951805544539799859647987
6512421239796415010789626983725254894690210982209706
3876547286519373713815814812364738519736
72813779018048800234447448664980402501031551382135170482276651529245409163098166049815225387523873316340
7814625015613
72217953803196322199267403055626007986
616768199541845148475688869405858218229272164904337314974050456577977420888817199318758554883931480703487335
78300558483238360004883236812216589358211955202635950462109154430919677052425166771216619178562547760251
633589167023577768283587108691345479054128646799968071944650539946284537201
4080855838574876714598084406691975376138862163290423237972535254510185402388563504086100988572161295
96431428145313227293174297472207741687554522296266679448267637440378628735475
7363553403344
72393622613731872965877783938649088515756355237
9916976410407281669456545116611899897626961148871234022393
984286508558723349599066254195336423885102975984236655242361022683753304386318807935
3142641873160362863080406804191652107694377662326
111520543526087786354524781578347737153185611692289402526089989672238421996031835
42293514119885008643
6846564762748913429315
9432305311526977500077782291047744645270905720519360437985929412373633013
20747376629909450811140471212578007038480477495781713004424719744528908074814694407835425930
309779110676887701415070067301591436534680538405363241565969826018096554323093881545143468290901143636945685350681
3885806570556595281170445926984921676518103396850028526586329983098723742105896643
2622294888751608106
166028650537142372871780979445498398532249868313593105418169991644819589
34214973873565
261263033629724588709272435956368022114105070633024025570490794194243580202
1071409570827490683309835751668814253499
2192820812714093529875534813
16938563939854539315961908916127530201863465628756179174388316244519
1105064360511978115407075068083359119103842943832593730164227974754516241783874086347092
635952237414849187499001016523151472743804552278675073410616
3228420716885332256478276115601107581133087020038270275733362391773722221387
159128875869210954930616110
570506739454554713800749733997795328148019415449463897167835789385706461215769227143065939
1771579578516340418
46095309721939
38123280681881595412607532455614874306665340629315344718178491573543808534987752390426789640602995146856460199094
9137803928992149991970446640918497767743164029680442641163089
30709447741430002919
3495682939211111305748106329577083612519776230712385611044535213795304
71392751000118214676619883907366021023549016671445666344112796151967196436514925768858302956
570953894805619
76436124978816948269739128304128107049271647872632593974777546641753673238375482459429233787231963983125878
7188444236372768137800559398413526458458495589437073167
188055488711913689272539660290098280305824290826013934594519050712893688200
177826
71158619203128001964495325951550302327505794704
4987025060983433540867258532766452642
11405422463820314468931884093598370
86576055128308891741107623062536601763995656420062245768855021769169193859953680698220843587295
62978799060794334008218430902328090187115891736424634522354820924366001913614246459031623583055861137035661418
4243104601137794032685556817110831922243912964
8970580733939472809970617235436434598320298302172457801678649668141
2292548217649574062363634873219819420119094974025333251223786912
4124988689405
833183570144
8192972141468056325403265771
5189109
338406204515321916
8801043243228166890282654560572891577718943954255379185964831778535047120693423534142399095890921267343937867737395440
36824307717799560535153411637861018123116255172131288506960917187457430343168974200800139965
178995225
2625784040751894121757461349592901447081916472809
78857606537264417725448278584651963475956963060066470060030962
169485260078663798358538
97631198564904935436645865406840600225847588912171219578969505862301821545985163568397536635292348805574462194680857457
4654833660
2044878696980353658832583928326737749405851989123743947892653675355110
5403418603601493110570120150244074595847799956046352153768674563382498721286272229469001771309905865259258528
24539175983117327547411461339256738299287903
808197306153466270134440974807122659952596347248534051666891488934317057536520999702038491967338724771622886573
4800387214227893088494243203413586250092133223454521036075294040488530059489749086947175990045737082034357787678235
275758303408
45268303016778344105400872793866387590787422960359980215781803450440917823176641846
3013597398024058169783
9288664
678912765867107959942883822890919078873
1344875282
648083726052003082287495090142371395823592326362898720290874948701988820538096970405553913365668825532476856390644828
78999546364606765232548724090755678945325834719453
9219253733839630290989204856324118463734
4491710741020668048524011098819594336319864007261272102738900921849663986516501002
1255842133045002769891425517437
363293697769549642967939550702026513380689268606228610789856470671071871651344868391825051088
1680638505700251003710
886483581093375422068252419254393684653344461627396044639569211065780335487
177915672382752106632044936886189932198499698372690866932473772190304949881317047755832711709562995345226319262
731785552161135616415504303460790532305
2428468322187387034474967985168594922688880225825194759880432871173358496984627708215357930110568191805564
58130499631430647006724757811440754375701146552814424
1360914171032543146103799013622053593182
241297058331310
62908156356482063721238988515053012385141331200787132585579197533234745812498642663114962814270498917595805287201
70733394948130531356870570656038623723738906776
70291798557725531735743903676966968306519299796181337530113511523485064617949510141162175070737767993277748842969221
4704483083065964350786240715394673420900374579860198930198046149501098328948934824957337
4217495318382933369153164
9148383136131296445359909190257637697988965900233
16806160451452675313861866303602856135838509698732661583622827627947397982756127680039443488427880660534
12965341366845550382412032891138503190686880131542784
195169595851744936216627028698190960838690590629191466813413422958072033842750488541
5191311940989780732878379926358038193103716625547391042
2287633333019319517962132646271180272424136699960902780990391568868228551927342988005311411547719811993500
44394106136381572764745465999072082499269502081088053557808623337335404276701063008951505443664
10257735734826003039423247908913655693796866178399181415894865377038439277853051981246130065577
90728439288314218697382660600943922862523879192485977792358374106620562525686600345188276802398971
680640956375631111484714713
1619231731763424130520101526241501290587134441250164651332468079822086046
862869106828095768395392792166580
8549514889385020068360815094594732505660117900071661617103192652403304919132197821684013319460901590882246753180950
6667959052479019523029178097179230537
11588953906642243
5215360327940029250993218173296147043269188399872697680573447723160
211467767910124042873106598531592246276124294554
8757030951
8620345165234341590038594858666413869363195203379625461
292950275847000379926364105872155940334235651964413
9555134213879326356858978012435009351339167228428418640132471197968630441598724687930891204579303777165563897839062408
60044
904857110463104496777142972257220227079261126174052280434168
523219216352920953882724113979161088763547980684506067446422602438286956555269732226319556416354902749946293267625593
249155760257610771207930426845440211741744566169520561649807750245492468508540886153
26914023776431821433462654286182406393466233141153657142868876868
94048980133402293759855010197787704926736283315682758657884734111833156015549184791952144411118
6715828639643508
31599625664623549234060242909949136872200427246695803852
3560897956288979173641400970231542954913078439608137623436585
8034646587653378731533745353
4145663699061322463062773877892946131217237324904014093236083269929869485225317380709701587901
203553742841808093006152180786
2426639105703874882920842395350986811883456642229486693205377936
96400256842812779959046331047076954254296525007878464633
810746486446092013441578029893713734637946604509457224595636551743198668870922601238649255737009322810322597399
413476180079780088676332863363220364915351758920349275577172122620158754781474
641109232481998711116425698441094389902598757380936698921624
71291693064373405659350022280677645706372081024777335752857298268
2888232791503930878820581466838798138147076778116406938365233465220152829914605
2209532696510527523572489865298595821617386627748201833612833774843030344514423296854205264696594655671741894095952
69394853458103401860416087444461773284775583053430115
40372107020106969224161603942908043787192394071264899
93838432748003537418973419986492573548
229947565368782545497179196085217738419631644976340
207352232344690713823790728178389630418878889
607411965503742267464005520537021961582068205841375038
71208500977827794652733494949354722953990802968
48470124948594788452508313204191517390136776010868098989886255461565568
93553840488988223982052253958766543229021248532942509449959533137710591631357820046197214802529958173882530
998843533359372891940432422512072085356
63885671718009897904389039071670366476031774986625310322602094982452356249831458596365
1852922128458107300488160792
154339005176014462887139379807648976607337065423297320412919626671027703824803226937875098429292850532300445
7312112538987392486308085732080044664801873846198496796008694970234258938987128083801364035967258283029
68273868669338248134421311761464827389334860195559926625603
674844673318024484235096876652079462023380582711240580141477
16583621048142490180350478816584477792782936018694486993327376565703848281362749822177863573200928476377464503010729803
2534122276697250377117573399465328524444251
8872161932467393616873762849500135241876487265108221883893760973716990116243090484973060
921535901249621887
824980630896686759346504635294908782245335843
38221092699877465190721802814520088255439968647465643975875
15570240025593133180285460382415842948222777332154805053
98785874681227970782
6485246549928469536848593489717775619787450224598832892523755
1470174556968
1498086939674043460024545973465727210
658941066
5186755921377789043254135195650977689928716013251
669234184986079788574798771407531755506391744649035304961
8924950266
2035331895533652218521628
885626498863244861814700466147189139234921313
49078727448416599695255716568240195989920563225130325998
80070256590790552074269884354441450719159841990044576255088472093692525187005091063384743685934149529
29102139709100245530784919445419184270497566864004456933498565406449329034422148352844660
8341567344448187725635151412743584585561029709712748908549
8753394817725521000671036322664891040157896485
18775415057999237760525267055485881406984621668593043994552597
5883030188517304885017516175
294975707870763142408156351074714247958836767984941097840776898293764792418312319120282
5187437685455741973575404590896008536238363922049800009414690662271
98765247138315357226976911779401919532148362308350149563297277987719680587013071159226075
25600311310704688937
400094639093770027360711577298931236
91951384800958777115549541130635812321
47046267784907444174135031531965715738362973055471626239934633776791879661455090298435261245246124739588792863
811800745128074822866605672374941460233303378529034342749930005222462472540607161248070
1388062874655551019498823955434391232148075506566
6731212096008497375157429806083849161617040146639481
948988739
15554519171627209440646735443767673154093187977674983430433990394885201619963
32532331055898577029109631069
75083195629906156327346447
406518466835812779
3415972
221563773445610863784418504253562946863070424779330540655685313250594712434040
9246376844746715773255104317769146101333
51009689423572996265747743238161864432038588079846377461991237215154836063609513
33964270817416025379215412931472819660840637154424400129293251317839873997255927599214344582809
16962735505229240511518759341210181337704373979766360
46010555005229967453546922853632356276673
608243218825605722094801667176985147719060859629075
30652689073568103501733918197685389494716867969242875187442736260689048588945622810856606542628
431704776313301093690534
77142944022638967874762593128595918061936532416662661523095461507361584277961129121729068196
341775297
25456268821621158761172377298788746447219021458450586424581
870268747759397227853001483188626463022232352006998
93655187062172205480117853113974933658209187
3053121230867561053764622080723626584246581415951138716152183
9130030974781393577867172527011160058393948922179531145925721719161013350028687455626959463714646943084016
192178017951760171702881118903228986311893400883134121
612504584086710877864819
6494035705127724143394430039947757
43794965454784917465249143532396926996219159482347231246691427046002083142346720519442
203927648047465885713123429325600958970306
8193877898006468126096509798885148524090521299
232542739533043117042007364516823666871466590308109954388794773917875439300661676560201187175817461
2359664776461535556086501982718267099640788172713210162
3012793585457397853804300813
7324193947614385724841952029547182495935354979844164409391831216
20126468353242594
7094030795946556296436076893854982417551976001740889585131805526732107752180965982493446152167
1229184213742185293159448714188809313839814533062397890064731061472166405540839166798156682
3176098832125364097460259384761329067165137304849505675951437786542302956753808254073033232
1097943557348148569589297234298202213967544791897679192973511829892958205601880497331957518232744180
9408611740574280748478933763082778642274508
13064811854162
6873618706090123290636242061662932284474626327038451377919215281033376753328635479533728846651892672909416
411806983375618
7408261873828971826870381299709829
2650753523463964199716707451036664174913677012493866782838837926
561370405650888633788
371284469558713425065820692571856151102261635320224435188117786984456297507688403539864673780
62036221903274171954880823243881381391581583119793566062526826220824055992317195843793955342276685045204982573969352430
78381442561171233594531051579840
49278033816607404745513612002188221106273315980644679080284082583460167601128393476079286143515675652699380
967904084513388467046655448199795408482190
88120069978854116185036584465317110513786287375039057267653321
9236556305553969659719109950362317130273002105389448917864721343816244846221311928332269622319943739877200663
2513853915128863006733949
8369391190273508975132086034667847437325732092725778057474644444228375
85671447980835273764649468674840873977497936086342762838394769490060101009762108087837365465536770787581617471
41377004483400386572115259869291150033988156755922172866873340680852815479137973332403724961402011832
469729598037610623064265592567437767269888507795
937124452880849398996351103473737106868806474995174507854776659493826986280822521125849517366297376047706
26929228883382555860487548484011650161790151160756333254610531374075432832745673666499453828
99723296628908600428256217023127586196
172117971477453207898439651094103371604981
1934991931702653827126738311106816647956947169619926853871658617551
36908060967642038473953067626684126879156704864316247640285545452886149217397
18251725434197208920599914994071059890036593402472108777847485
8621027792232652847014141150049879419838157216250697026517452060062292445
8851356
11405273349143892008467437265987757761767761194148
680685270002322415994809328666639503186708293270413683599330
10315953742762957962595307195156942684517479085515920210938728970243563074760504309205144
398628822495367225689058573161112118943390016511138792800412970183880958467270119128
905335686620931127912099664984424973347971090
2273717456852522725688936226557875702445501496
577186
41259075961346903507124167840227631294659672989391689595144295015225719508346
84436243908526980762252744589825183654151584376770198350626697033999960446114052550
48925851736238045733162609091166874853370016934071809498656711653987395437413775
77054015707101309020411569662142873963545269189135815347601959195607364298126453982274630327624164
97314074619484090876098036955876774512720949378650630598698764732098408560537529001974
39559336818999337085734500530401844212465025203884253452088518496410434784301935433039218506532258672344818018782991641
542779942475829095472053932886210857981815500376364
54422134446902673518082937840370575460853531190385251104278374446332661
229904083581229476701752076469448739226720991034163164408133023572913490337926
2880042741239780093767434902849686439274500307837883066352129788696224622864330065
1930832523433999902367860100064634475087806131190635013
949513610756241733896888077163168240
7016056428151540270726911957350077772935
7639149133317436323052235386217010485712717972574370476010362
1288269799874019734168549561457184869077427314748001798340063349828579196700
5012886052777159680055298943716611434189030998413180
66410194477078367617658918691824753026007964459197655346013943639439
9352417531698430702909710429245234143035125530770247656065593889284
543490858725821686514883264143025973090051463385778995535314284620029213306912100336763
1346289178192300645326273
943640797652853909712511565
1012867576923310
984816479782404167217982727709869
429500301995223461693457
204596490007436675860441282521783201619082988216896
440731524888569915978220819198155392077424147562506748122426731711436621752
466618141541768646040680098881318947142742
333065499036472847657695221002680588566305451618344091208223715874036884598012482810624
3145700539593646282152980108964441935109
58332594503049529519058482806365330395576773644951030781254558483470579524416630608267
72334057319177732419361622083
2069921382259808660
863890173365565170243669214951423029832465902474215847463417596017784438635082390
805009461843693738017573679930555766711574000861815693783211201998598124663926689233849072624159881714
9554061635438198415696824527104485802556858874523797017208860324054745
538401430461087054061752359345310155195744270506752674510448188835415276490004142785989
685345777497132206837374
5716871522599735213908650053867678456358688
5502753532286311156279300099098441311167114824959228339113545
6744284728125409770646565891576458066534546639737458803517548961832672144167858586772959995554915975195746179
51062241715944290360575790895781848956384597470470557578070352400
557740485239898981034674079178932765115193083975327283204461274288553972926271275542808726893383679
398477786269717229466353311849968074411502944334373250
565608466703135497415882027922978702326787214061965290081644920178328959483511175397609953372387884947
161277695806065049453095124736764707311300908148833007271974483439353674716930927240697877183180350413954176
622078
7691941942090726991094299755085304012
49730155038049815936650118271403367765282355599792953550112523389745749891685585261
4954707890956750072937919493900460052101424475800229161188
97365023764847062976507349198590564274045592618305381941798143095844125316643902
519249732313773660056589240207522404864405825141118946325570323418096915496449725038060070662
69851
47120047053385
987299614129846018639666100908231789671916643153268928287371031638010517610647684377208396388524920360704
210361800590819164133789339809196435165985584756920873332312955132180695125213882986036519173081716496595952455574
4075677694292575810190587325166233194225376635373275189773152200214336838048938083005967714570367422035
659843765083951690639598360849654954886742567771045837478
91894538772578184931445518552175875
1783210231958565929293307921398848228788013445157567807739
5303931205949678119742543662592329138532110908698
795752224893374672051156191852257969568298293661452915714425928912254599936232419196576184807838295511886473
271857615437886437034732047533244651233152272124518158719213129561020080266882511789985805105
4820948698649259738321837198432369571791933404795908372992151706166107306185952397641672
36976191301631820999000614617324787068826339344703219276870275550399102483603934940916273563878378498265317346469914610
46130446163600752511101457
2779657747466869667689251093249408898575
34893012891063392516717909265344547884379
64414714613113
23400717809580373562625699056436578954574456052743101324827110974879049502296720765872979961550
7934490751628758647321835152258739714158645570873662133676887575706477918032844584287938339766707865286520269467092
71972658786556198900213257326749661131400409883930615735128678772425693889
87297265101620276944921448414264560653179161150001622777295268803880510893686620164088862541
906981133905560271359863395794037520881911067266343810980431778441891930408
342878636882413238962858333397311433870668644736355982783747
996136866444846334176727118347165465830502237861762186233715436906852396175139444705
6463385602957609847920982944344908231
606668050562102668377882576615442657192729778584224989381975050917294819818811
63249952431683608164441570765311191666791495418726946548219140
38165533808354450007025044635715072549124912496637715549218998836840342932083433233
505205
8054314477145026295058013463225910980423506225164504415682094939
71353611223443205817184510943878524556539740332456164137094522927947327431616436183341523871818038605394921
12717136596170823134637420727322060526038195117446741712194962615882153407984569847450365720895600513402053873
34329850527380343346455238683331436008
686214805056179746883942484277149242903678298250443837382991981337133649199313718172055298917531536
55832392750350855549116626918640181626228098611460044134716661751979755739935376351038271012
534418220146695319473974292547375516661448632204100739851301241409195665718794750127208893478
68181870158045360554083684386194539951693898483390492757765
211322292832308361927797303558994827275191783501559537
12885063536469053724869306
462772393384
1971580895789981472631210833519510172826856713564267181
857536427372427613501576146371230907088594824478658637911579474444324192720437274181715541835
9580008393940037765956730989537087314
652263723451734228927
631646198285061034825042063193009286237532189038
59305474690133854100575
438505567275229014305322106778864878282811869677970298
354977987224807667784928792462913775786164
6465393528466609871208405526165946894165206077621647450606270823550254837201064478807848793900336847940258477
82657157452377458263335108768665230945857
995865707117217548515828179148528218178775821079115411562848287082061685106069108007679895482595624093978
72770721664527635214726560
701452622154395733007524301789308941677393415393978029282403232357423963304049618128803975525591557750
55882941894001700279687705
56371506483896257219341448870544150107226155979023496616414527976790562293623704761523583817
47805424133083104460361839879696299183657008994409940935492446985486241259888166558279
569859218562608007650635358115
8700519886183702598792982338
50773355942319723073678154227381900205309581049256579344079652937095689707303199603252317700599
587865430563844065178727197613614603962705838749271861019150272075272673659737738582670611351159376520863693
93662839836828080194664809100652828700863887015019991769811529531344316776431446151434
27260279721925063632174683767335611005709018
175406037783438115137118655637581037184829880
969992370567117528667708257995055320853491935960297668547221953317661475760871140818425396459355874787611141031543030
62042286015353202968327525603
3132329608542490
29029563908984521341483655310754227778160985049354091448218951288492566642030101071020288758894162586848
2551677297470817071542433177013440986350768357812909865470661954494882159904690224291238395470208022
4333087333838785072655583008555961299450
4120098907062958808979680235587654782929837678996294844231996931714333
22886524305709464464450978
92735271669357601829322525029036820739400492
2774838232868369306542584032280153757627542504224201414881743823891743666486514295336151405309028
2887518277828398663540626334
299000669372145374459768589395238109504635344990669040017034245898729368135986716470833567412542524404474292703
40413
857399706978249817806057
297883717322941355814911112922016423226571316605325986143861
34844088975479151814185100673968423749918601614831192134905872564433102825953878295446853196868912487870
536098689761659833849041990723093738816409677562810935171481595663696371996220447311220
75239059836942814029173034360402329450938176275962510128463856686033238
479248066799317325800758249395848984972719540940616833716890299416098911526723818914207388861444142613523199949864945
78696159519896900769619658557861080650193971424060411209378448718606832500541870650974334929589315719306659879519
87312016550933
5480274325741003865059666981736371598010510357433662235856414825600102186335758794979754747118641825530544478606069
9214431987743704379329774590948946210799822778484591933458474786859119860909954356464630041400628098138270435
747255108860321498390668429838613719928720302281697632980862556124419002770362292671232457067116346676195777604971570
5483046425864344556106290266913828919738509498243063968299375971167823198209509515349535309
720166180636654874942146985279128290498560414445664440910973871213558653252302043760239196241
3268275067430521277132144578306017771270196862058351047266488573513093114327878096618329685028
98048151781125416396039864781160423454381242451511324532830850092
5013900355170701873895961943309260135931991626105788163196
8118940693636874699758719105405170764721041002514
168570541895372579781014178462873199405784994135029653854135723883799867687843755329926475593503
174732049636178852785312796794993473587855542504825480900202586843580936216337836
350211249260292356798687803317667355095903658608673133757646656433352442
591273091761368
863679235636744906585066413560037626973754433945
6602423216825103006392234965668358945690886007255
95980500619063734267664797382008109858153021127559047022930143127337984269586236513131752386242696551
3259021521096585308090472413327012011969617953424385017644342295356874324868379064378370772316118
365400664350593305246141667309184787857920271548418
438813038584639715437585549650120255799226481415543134586973023794
831683875644481172804844800881290
206696673729918390694938619582113656823410907876907252828400458900677830777167166586961115093290723320178176144758
2967322193334271304015486
2739360535566879993333730848515789038484256205283596525880544374950622837160903717
42591215240539100469872592706799493580883251076279910602979986432063905148861861379699997228489
67163246226
7989596108454711213079864934269256565
519377025199125534332179447619449796556263
614291473398275280457869076751485890358992021848006908353945920905107261869770
59908006164494486061845879761739258786182949274641434
5399348029655439470395727845613483185374
9645774344071387373203949995086933175852813836629700180887070333615631167320898863
45046638266607284932961951611442597714724281641727795113896585490179844501991014072224238574897070
9793089050415277368037369202404186369668096879691236066368296870903859
796634277886628917478130759080122028
17865607681465060326242872324624
4242712035103279366963703336788075648552709518581051050113616394535753248129033815424280
415017939276748386301504
6626909195078301
284164676714656790206499316217874231399470128877259977269649252983545263797335903793714288882152768368379
1569519149663542198
393980
42496204228409652860446173183299845843742003335979104134531268235297311044620460907948070271023595720054847213469171044
84553500757921894233483109909443828129920970038525473317970734071947567446277964260407458847935162528644118666498407
9646336412457523593170650745063167178941829274361913517868384129742897620255218551
163046672064900064293617381403307604182414954197987212801780332008712890610950219167180824366580755465803053283114
62987907361971751223620045386675133235776796257660376872443
1338154597090620524383093805393827910731325558641706907203536745598811895728895731073475407
5017675012
666406738033550753723306327277764227805799786748402205716
58274871345686831416087172395126376101281381135532620419837297101072074343247609886493113273784725328838
870448881088731629950886000592382257539
599316603222211322307597165814128740680027083553185347532511554924814974
72185259665283207822436364991308198715126088350729267943074495873153422011571836978537828142371223857614394339205067
24207876541212186622751698175622622956589306931489746676442253774884628990120228159704445
919893511001757508
56885668084035676124846156710484399874085510718052225119166265685101134142318338689409820787975182471585565015701330798
7908392018105727329065759628185228807147849382493991086826423018516982866042052242181560460056
1564722468520584053938464178579258999122013487154227653376533330372439268909323607
16514611342604398946249351284055207641725884764261014748118298707378635773660050965829592939849189136927
5878845471879694357660849799403802278158035683496044274806053522247562821659451298
72699837542
8588579653982745
9052101744197527372873964143644453862386221381700169603952
6577983179383192078751061383535849140036141
59482479752349390623588994260139654624278611779036918749533794068060775
82131575453857144411741884625665080750821491767999622263964645622240874582685
9851085603040453389316806250742882939395181101292388670503526005017142879523401064342153334417001800212620
178531102306214150501579721992491411601705662089925736921852224999064102912
75363066449687298177261292179531277646314748421527351432606
2734928120603704164
4050084471436015334229042799515731200377132452108990195047574874290515583716734748141039553522229
80312679948167170383486260991159424743969238423386067776563051898604603838360348352492
547495643719605962274254368892782168996789045386536187681043476043163907381853347393174654869362517
76496117217210600154126279853611563119048605992276238775147119515987628
43925345414888592596495487618864073852062847854625533151701812168380309383315562882033574537891560509231043646507
79344559969848445663801814653037545267453434743869455175836752999
955800406064713312936023604898650852334290643261502252193692985240950367284425744170488605470
9406813104740634400155589637425798052730975955676124318542511053708309410959967910048597002544339619093212311992965344
8831204797209845488575018923673909262396027958565349374087190260642946495570280400872889412494
711866321066
22024330368091458677299
8533862
9058923350587212336326603915373725331686898660483510
17555825071260167165101643321991202705606423311644806937121213269547591150993736814
573576473116977061115553273921267136834608396317573637880153766320396479379049766547166
6958272
301653480267613532
7023869370892555158734959947814
5796075205348697248
180377416600114172
391880177671545860774
40163435569302558401827582531357337509070141907943998690794309403300613281909
273010810611232578422191865648155975819719366949639536837950892579004498279700
839531719650315846280435272757308669722756150210303233203616588958958152224297209344417183765348210274595686009682704
994369343719313530885184756495794552
98662262524602414647055983468762314970636694903635791989570919258916235660290827440074130278611383910
86751623002970
913631971812080494671678904263259287570618228964836386325964723231405924258735933939510590769240847252469907
1293405063084858152632210303714724563439809743252474284068244973672795374186535138586147402319994
4142332189491070132865979202920661307797687900761496817177814570073778417458130469
731048444226695561375114800898245085076637786301141958412368085223726799504284621822556
18912205458089535264353767696798242425260917947473729526057329630232081414524422951
7034165007496414762940106814720190426094990011235872592578357478997243190031988477303607150
384437444723
4791194862
451775829016527574729520049889842082789456230414392582345780417068825478328349896790669599518288895
9568558299072568
711799601473029727917842494179519543949589605547375451976478117530374681041126457819729277041556148538848552692522
626809548894831350565117206757541015872640747439760673430339194301837
38931759964269099615249363710966096555548894828063612123826167814847869
58190026332181525729257151090906546252085293581478564162338939030232293403106379874271418762626555412247585728076247547
95160596840700769687060125552569130386456989543921474
93534672372237569316582141471433349043825255423281400142222335467934646618959901334277738082301783812758869
70912529405294158894415427228410369480097027145340234231346356946001643433552946562017
819851533504468352598387400318761927050020879070309953585072652243516052805367552401834617747085
509091119012132199809604128333415960912676875774883661263
9738081815019535793147666978940697084393214197475196346660532692248778080
637969744111421108467266662521454237988759769945648206932246937
8160506204917743156801151713771
10185945697284339797168309494956558283006322275610030818407823221475975
219151191616964567943052180638632287864460251936
960185946856561069254483495039554009100383015043665568525118094034076136161222895
43401704641353143395135345590755605804256416461328377250467468653117272
944515873513446733998334846793974378632147353680928520905439562762797502130043689033201047279357107286529303757
31958463913771014165037129431044941173937527153888345751790101829249853588711282667588061181096835646015460190306
7098017
359852870
647175076937875434867122001668279
361581941078827857124026174857752742379735216180014880000490640371015429863482416460322656
989815368281833199313654915021007426914564831517345655006
4125985963689503733288597450993083274610675383
973832994789628237459172228856735721152596519415497572768486689793393195469
8931465719855499837899413906613103333463641718393
4672095198243520045459150916945819
7593020413622095322991563291812669534406904087433221300
381799650068275636358291419524560706284310287713817503161728783216549110328974742559529898508068492223041888858
900798164223259400183624923653340610692622
919290244597233933875749804718584260081267340539571963456233556483068135495784522249145181111340404053296552040
963591536526030132861936382795503292671637
3542151740333132300147146574691580542309465724682668490196613417501741653437152033564000979962162087635270011001469808
201546883716605
4129002661430878794499138219216335535519113066509401551840737
472052363166413443347393458934224556537937570182271752404041093564863381558957687588036878475
25254568635228954812761769073303781487811038169147786106679055153169910373702878992663364273771331272407003
4242953292295259406
98940124783529189642126711919736816820438494283575292109347292223435459236798386042959465361911466747858
4226603452081240254382745081
11605269147355776393677495159787729776302225369417940702476453700197547573970330616352139913191348
25942465809644372088752
611170674310930667984939347661268554369718604894210143593075599874758769
915785600239970962946957794793165370
3915801018188
9626264768890341499500927910442744439006943267475093755909841374165629311375961716572926438142730020245
6710846623677500064310144334915775455508009525569194442532694840621721336219547245468586379820660498
4780907301264734744128328
51241002959256503554529230166995481345040429486556168675
875370757879768
8767781567921774593019726451
53518938902248083959664041772015664349325675128567029682201860
4549428332200021929354672330421514848476419945709687443386923227184033799309909640927532790488
245146156706
97178528846604225603
888355691360742
819913383788754784901572172826193969668753367147246955612412884394653969017491605399134356748513694624694401879143
211828201641
38658131
75076812668345656487659793119851915695442211737793966127381293164999562308
39288182340247
41633107104643643896187538907199925826885577080211049648177
284106
883797093600446130163459290194924115209801390546971525401630178795541734238870891929338325349390829132441134105999820994
812303110577765511166998675656768214916055744953715025671580349024653144957565368364702696401582352
319037553297869837201993193818376488149
4084822811373844038197824137869084868269254342199839304479801336045340390527999784762
46624984685954036
73273949337359528028869194668338023818988558219862758450850532474466422337386833711144307625871791744051
74841445896996
439746400799990203211516030868164527237731
29948789459036085762356205432182933899686783872448840879373392759728140313793053790459871
10639499849694910805692842720701456
292686890380156369418982555734608525855755129509090452455256520
6663812932501363291733400537632450146354685050997471406697830292337
8557695888290544852063592817721731667787248
664639634276446403725307912349160608676244571997715601499562992336800617701642820557651191466068363597177238631
5332690605
689024807378508396909283960223671486745628941334498539777597
11818291011504747222462048614
61724519592368271473341812456519399640551501078744618294543808396258524092296739637
7071740146751262100659803382773
9600463797197660703591181923366663095517839548087284778833227392418722206192116982050207071265019092762822179632814933
28589236014
6029050500489411063821001804182985
393844621900938241100
590386677521373902799458856197266236101248962701427353823509710936639712426131020281493868646
395928191138776353123288028085619057501722496418801356751663216944962817175500293908871335719887644536465
1999298344997
4215801046986335356394532437125140620918636013148147437460413413452
706936265336513564419686
622819323124705763103454538221328049068661491680847017769751775260069050571
596912544207694633250819869641651017657011441626
238204779108218064004874521397650055004565997778409533262981776055173916937518054397033598173182928211033
918104085078931688595334418636418006305060855651289116219876179080595704965929576256908968291517181651
7743718818805820761249504
4226001785077496574205811753767002839795487
57692836430360133541747506643558748908784488239809291377437
386732093644117523464
4213573027508381471555711614978171276862888609961248987062099399431017325762126012477655953327222056906774933
9368532187429161882413235199469747890541020097765061152783944624230659720063432504301174564593925350231348
7198452160080489831276639214536117139139110417
766777238934361268333416721261849894895650769237784376822886509189592513582475157991
80693702601296364415684325224703943833497651863851831279
69373856615767772362104602081600000604555592
99494568590926171
33888568973336278340263834888711115034731870351402228570702021249
2599793149653927860420577478045426059823702628960916706991198662406038531077905200657142
888764587144414840558948778722175814237462374789958203876138735958377777753877567374175842732442876014662816480271
66934858846828178
32516526231738972004477490352880702163753181377333250604935248861256893
632078260582293843222798929223437240154445929331421897175377
1604140398844789918510107244137809120087398566660884077323996729106493815024169200327789930059846814
9115259636775222577625798688588643736352596
785224438727938935268914674651434492
62606590296208049893589463227652057462121789312981841308
3737361052785150992949963576197304637669791
601336891995951944575008
52856279343077
8933541391852309334526155665469703303385695959369092022929299650545161189699826279
44765374609266848433292747723286984227860914147334135462301058612702374294645489771075015545742934577601409001
3966059734865624361380344098223838467427205397549122367262335932228148706780587510686394974760343
686535817722659982606402
841379330195363241242420046892000673682420798157542038575802729150357
5943866885892397759807799567633194543179718904512622
9037109454863371137
423101105364295416993501335569765218789085747294592691587665827302473159689584048
5309124109545851517403179810488265565048488446688563
2460456039740668418357703231868974290569663517136189897646504978310083775258802687
14924471795168105381231284067696852231525
59948827162085326753695624682632108457904725
886342845964875268169546977054950936914905034637206938776756
953918596696569973328231
9376343699154835765971
9801350899009957883571502527532985797739564252374308099337
885766463662625354008372710249
637358577563517978228065357913928644453684074421254940283979159636484332500011726
303470043521329975101855817909135068929821084425432805460894868993406960006756904146
43151678061950446849830383899484551993008583514565659667341547043306621221517717058203874845
58014404405633108261622790730616284167668690742265021006997377787339337624714491843421
19127654946922451979700292960968567094080349306884
982868827448433600735385339128383893870439979434914435364504876318330545415290192852904331937855830877
6308616098099404
18593306278938339818176847770877885052
718626397993908077066665322114330356
534677164816855060184909613645170405796705
93452526792000488679003032324582208637679500892265459756207708484073675788604767120617604333841916532611813994332718472
57842941245070612666765149735687036176485286424547020020727124556856551713473626410162554276252415159491
7584299902042728800496974174627454476399137419143015536187562150
434270776719386274190719106322627183056876031890714791368440624523492107246
8160842973495113202938971170670610537030400595304968644207368115646722445673062448522668019810834298836
6810388608497653986901149617347751150531265537948742660069224269109765558914664605242196984214720002203931
7905005930987396413172427735232025476683264807809410887306097994525224863457445629291271025621957
20969480191824745838591382651064442399999316614879097094966865308344822100445322346484760501420424
9455265017144831817928019043586272414559423261553336728113804741272207321160747
9433654977290299779551711854630600861663
1114554033020767706385046773394156125311202
258190664070022737651381478816442799821975755600371535307219254461833841897263786918704299047545158408527134932601
340739975355424948517781655941738972869956263001822236066165146517501346974289442422982813031154273593732665798142
72115896834478863196476914558840928751166227264933228441604957842503213912823968127156575374
60533220248686553155396003957186221446555822292019028023497048095030
26992746480507641326447741818263194723323687469
6284080925558422399476512631268335912345672807569
3920940719555696011273696106058492275616245361837082494044771374821098867718912331340940009075569025599387024887
829309866985108480639041263538988105422073485908718439534138911423
3563234686994539723495657285763903860747105548
354257673955047187494401232571811927637869719826762732458909270700472709033991033190486655559637642369163682397
8148007040564
4799593098812762320459354277383813263984787887963368962316516050973605309814681264117967963
7897807778392732201149263075129990311988593035200189373453697
1763042034638349304939540043227771750545
38046428235243041938376674980432121982223335164400611474870912727491926601826870436417478244503289573559291
1225714223
4110756736531967507384750
177240922450963383719695
26222608122192606125139608523129885771737207664210395677581791
57280757460864117333011677688110791563196221399926893262780444
25220051818605206345961399778694463618676089639021905699527834502548166382249
668904951413773332224843994078981
285448234750137802372581709742007067172062457376458774150321372811735934937323
80103304862816396948222880440892335410554790803750600237083813359509
804284302327443700907122986415183618577
5532638068057189458300677361817218504335361153238018340471623278753049179606757667000950973889062429863839154851
699797361589074337272891396214623
8980377881491256051451559493065964622055472555381383378900220040314109572
943261560126209257380794015989210501749657125335868467553621049349318635159
39797197334813684569222950057702697589493654961511853
339699875536097591032012493127675448779779427888850941699306615942113419855358532177138166512928120
531620368043061880358295779
3962341026072352704365426765658748814984227785200552238407214120434753540415609529673283587066208458944667753586056
67835567034087989315816283203399401600322199863657915708628943845591679357139
57990158934117218781355991849564014143773866812300817016312084435106575871325936557148621942512286522611550750381
87331011234849869992
15558733086579656320678405549100359665
38284896205836211053006465631319672464
4760354617625924
382508276194207079404
5264674223392822591445888836257703267394832647947680434076367531682922072625464987699717963588220889618402041454756885
76899809690171862844522606597671375582177568165307710145180391063577861957342927015809110930118794479948
91574759080330738
315003086753888346
46342250985154980043236281589052054004754460640478557246545744130770925202174402447871162500
6288123216153741700347462532023236692572581126924861839355781
95812795097072650165528552668113575023146089219369410834367066666704894797344477467324371693585828080647600190
8287565395758641675
43320271036558335421191600696383017641825053740736813355167635017686113406861063287753538404423812469383
7355896469734376532679452367069231
49599614814109428076744924730410853238182752053160339817
1037650172637223366186229109756
357505528242979890235667359205875
605107348605831532056866750853533407358512
581832303509791974809394541976713138116
58625067503963886242530963273468796957970602789902428399175377956354042218465933228073266862608484206
6134756974
4022141930934958109396726663715276891650448646272734083192198961463
98591
8026707375655807714360648136556311862660083299725527417278527010816195902311624099
59499688674427795780566132956376552155798218393994280892417669368800
57362869846651924241426043611775
584708287664277930845385153007906941567897959983482046466923013030193101039694353237030169
472258845108210620700333327660286952181378041065929655962437242268150859369338116751817216250161325487
1327587427720738651526479948231464512985122769411
62394555537510774247829822
9735848564993237
75617158814368
177378515583633465641697619003122938
419511471044588062053729746084535178407354567988724827876906000747419854049515533524816
407347393743831972456753727650365942396
7508416783345334
5800571228244634247456358522185440827291
45019930659272074244122318493336010894842269070703
8186972304361962747787924533826634131352141378639170714858
7209135627919763701167917947709861753432189543588033553810540272448344721211015591517600659849850727832702386390
56448183523101885915702409580174237219913014868809
4822226108
736233471250355230631703060083177267933712116338292938955770787955547881430317462230
5308697582684297182508
5998827715858938694658158478395720507779319650712298863200993946537796909296492167884254889687843843439808
1181940285040072521653554825307697256005272439900828707704611083071872859732198981199
3988697423233670168839303023973123620955126460861872608153292930555
191636322183925209830528163580363578149178461622450099241963318642083
13860139839450393304650745718652165202466
184426162130372516704900306960677933348856101437200
972386519770355507085811496
11801591639530446596231910686991171585813357943295564196832098399141785113200036461989011080028
969738376733570268699825962428
55604713393801653766010303102206331080859942601412949811527601409
25814012119384297593718722769133199671430453486377450295791450483513849418106488366805324331
200008538128385097604615310519012740667958805493821007537219275161288022095010609527107743921735719473652655
4896703059596229748656431540286617368929224148035390161680
4578075031979716303402428561465851286802253808906709665383165213571733015205462843474731
57756253642710564351983154453947115820528029639334524758124761304184
2960588097914830636516942981858180968455310324233125326585730792105033327019
584912709652665623924384079680613482849342909
15775431701843179455964189019364962039322585007266378169183660360469480339121995887521422271495
7843828465324599
475949500304846092916457926577710638853037719458725590869001611352
501542297936
4508092689437543
84153822921583955692583907124040298584340480532857789583381
969072014816542786546447680744473113318577539929208200862693391678985106888937946912103221801
73323059526311077709901939919986628616240749027069589138884529152124169226437541320353920396158958295263204138
16408534212301704068357
15897495314483782447903196224396564545924710102936500785234013438112527611784
64910837569224586397410383770886663860844147914431236335675744226183406752553959939688804502363297219432723
12297776463812246250264946506041549608759
995277161531740597266214672070822622513085498
284676498334865819700308062262418277
812235958404408357708845451449267094271296742383960108457095797993185001369481113883769
881103123926675673046053518681020839139396251883041579448634
2973024525041968285251677814511593176733532138452649923582944867925172577942602716728490025434906194
93057366187530361225697519558693316571430809167913277174021598223984318937794280626617915844
6885995185717640774914874204893122679544764369711043323814581063257354
90613319641300194409276255884554534547222047217677757102544533016733666598311594207107
63947510620
413077948936738084015250353642965661027549855529904175
106835043546056482824251085806474619875640824870531313592302692749367369407271259785708617728144344433262935935
3682938147993687280233103461341884432371070128971758341684023449
24413440817104338498227972549341343369637786273101216516702831143
2257473919497172521331231981503830
297013683
5740696571925385425727367765845888600549633738272084846730135409
6366891754051958487114840863
5702771143787153052086565810174420081796294126017270055411343819980563147495989607760096230309950216
91622073696666017708697016384712380732999800450539306437159754915832168895294753820801372381342055
81325057882314192951894280301152744812691207697302603774799891700031018029075500249209
9479136874
98375638851
47015787455264380021998244017330134899463749804168209154609474693037891788983874069
28317784131524427368170313861980
9522216435803308117836013625809215762207999248348642
548753816874106
8520788337333928230310160132516897294155977671545869811392162819796408040990610744013553785
3939569239646732895338342481855557580191150479576251413229584626252104382194617409136991578564475339
69244789529044746842818297239624766566411088819140195369585616669992151202643917469129227876966907731755723710244859077
994366127519194809226
93193748520324847165508534751448587667409343949221966130292557409025068525257715
9318351434919416199835288407320717529797212642341404331027716496907241537027656060978184606304
78744203
4363792954290491294355124011595619619798977595556364676444574456778716867434039554240305908
48129966623347412778433041369576827698146008247180297542845737453043936733879
5200318159918347798871023049773955681856143005538530850485537829808945
561616255620260762142284947534856936165101
92424101290336677170337306024197648808575459678134303523142101905485
662293084359
642172623002189680286311040720705930099081849085530008757280
11560348441898445493851631239287856534938932089113313192578726435834803033872
85004426671269963759580592725903455455245420551238874627855178118027812177
98389376946410733256478279465762592842181124117670268586852981604590433135329256147496076185909
67554429681
53379974469253898315259830790757
915449680931803523913564908825452509920620775166910177921314803745163
753533186618959875387935504537626488076296257505913661159398508131
24161424697841722387500699627334179420274463910253836148438719765300363814870101421622164211976444327437519573975882
5496241593929217379812786470572884952288029080409213455674379495970858
848526885756935000594105457597637651289434898227026111437966910578196490102838675098931
65161037583
128381368515391796997237
24716517645
76551056733494761021972500725559883886611875476610243609092991172316151244747317069208816900343172870
64870267347753435996710009193045202816483277808505362531225
423554357525382496759877120305641149768999151753786925579020934602019918
474761329030324812357724032265770395
622026065312559045796954871822413001014781952294
18189308551325951389895020005179143035212378740829010572073590525804509396951352026176774396666009321887
78462154411655385797269280580337383227441590840728755892853
1390213324662992654776055287566547187400008802063
16996601824689200519535144038134504320794232549825052882686750389705980826763470592419240814399845916653443229464553095
20251111168525974034084905654491533548412579718176452805216791071730541012829658576024
807002453827767256399554060717899611352172823043391869110408132979486
79649081645958421307804779034221105078242210217657481215081907153401708444182277348027629084270
230042424320330966938282066196113919448259129072709853572743048124440819356290427148606756
53495489053080172565005
14517873528671432117
47626202
9996822897857062854686573369407968769802312282199124
3986578851681334223961930336745677380128340397768529735185
5125581356088849343609198528982875703919013537266130
7587858394788176174413892286890070685828762724497204314039903374600396767456117407406430965212722730211674187947
6944304817623146294652185042063017038378270515077934461770377674226714752482376076921167354479133709075721
47681340366226891858389481077375038015393248924370270768391257931646810825165255538191449607994307810
73741452021617296859572750420561263311336753775946550007303382168503080980772630281186731982405508559047328557
7563409896171729991159533270046412270245831449836283782832
510731871727678818521537305931670802133276392802113252085768181197228082302782
6560680758591870566195816316520722048038914260
973420154215102898
54713540564939914354354332
351288272260284351127909
42243031400853108082923950567234801858
32977409181706
56837125439
9805575098056371029
12264222128404063613631346069213090811361298858350522427390374001468012921672109742764925641159722728184976634210
33972327071932656852594713793355154143578977472498025487576021007725617655775862137594335970325070277
9531981237035788314052100052531
37096793385876784342585719761757900189149343295142881028828
345171227737006071171417933410445942481194951402199572307
6230197623984166213180592191431531523175357289038064
9206553308005406867783270683702061587795668351213803967867998730902175606698363707699524828963545580274809964493542850
96959410445984049270389267020314059571956486759197517037944260543708
37307
4478948888961237773241216276938298553107380766975
740530079559442883618085546087405266298735243778468
869481574180078051321059254301170102185913
16616990105572383778301887247152425701295591309098780165666605570676054665405708075593377730
41127863197681761981852162062508189241336125462099504865061170634
9773130767934912738295824
8838578580
7728741659664753938843358640631263654469953317549858240381264402384
82103835258923763628663515736622534706908110988181999457334623720591183150
85597393159095831574411804138571671058929
2687950580875899260867964329216101308403575169345899594118032591008
69279185182080896546885543637779267462
135891912983110328932492631648432272158190
577858328435604657889527522567552958586813119098128515300195614482111807
2223092904240594273835960456467665407075276029
99838254447641473411379698852358001955603314900223202495985792331049067911947259440162509487751704989533
85069661314
362568223318557567217895768050172637859012225380119534059240431679920393
46643066663725116948942205697089236718849
74922090918560510281123691920845409368146174685002194
2479046991129807747651305587353
136770684085819595192971119
18223251849740867699895113240688703905612465003596663954121617896252772544130269118
6928369383817523143303107817525865364949280163302202365050701962435627228600672444359542406043266121495547046
96361780651456092812512802676713990146768474
610056945
85983834352760243035757
850637317789780485653761133723389184432391374191659237461394
89513231881159157622860572653196413730820204856215476991
141497596186848285538016936673703210542904413535280971401690
33485576071723055663007826100951191171960429137747627983149664053982516730602818809023220715093013340853699208
41812835655013882206128740830371700159967824
94083587754041014661323
2809599779322575656037
5313307291013867573477356852946555797514694801962485454015684614682917928930
835940447480108895202390172999574091074066556807732
37514595605519779792573445861463359972
422035115769668985890952660212390800150787228025870012748680764755918062081441260017482263526345781146913072
3495860328626280764693115649462160534348725940755807378321341006376445009941337177022877956921244713313038
92924201721999976341029985890476211423835387335808895
90531830516464404385907865374624883835534459570384219053940636390044736705631753216910
85819435669979383760820216134346126762530684631350
302803844223933487402402049624833517714147045550638851530737017882437
62672158240170
6545383267168393577090219407501133107373956123513646257207051584744561203
7853319340481039474044903336413397274103
3937061897996811751565706
8834568535977161570970088999198119985492659321452284157339922679996401418403816771858082161306442191
5789281491259409547416
62690150264264545216532401394783389301117704997394435762405159171709991669331976542772127740041283132191030079
18002364666281680942897217266898654706372450476033608502164095498128935051600901658910281983327154
4969518002910236629162008360045753951533936351328070633824727339316410333
1432948757480
7137764544804822686867578639919204037032677281033962464904896269642847868057490179300573787
28836347788931352344307522572221721086914384633269551265812559290919919992510545469
76429528683751849876924632896069255207324714
47968920376738008153
55644777281604768226443414176182281
58548
43784107
9128133054806802586702897790072718219
87300808511455703562696149480882226214907731477870
469990206203607292287691
413466611925195
1294517048711428616923979388616646170
3641824428969568160553011476070518490459879249732914807886360247352216
64504
5179406997808566973952055948510596162286088008106806123093757651297732431838905090283
202037290426860025212385588159456399935024796041542420788053631527963
2300230253620733546238332513992614849679334526678992188945775189693468965773
297545935402695908932759100153515097464979601022489225
821773484097227875422870820980305352493
7657443397902784499196013778317284754502617940017213028214913997748813310641554422004290948
348664579625498781744859467667899205644487893442493321770362548736520091935383965507991
880135
5288925418403
722601127915100153916537900295702479840701336156403786794779915134039702792944810027
2402675
494126643493083567
28637987233506469133319
2187725086126498242510541966568551984310676079058884726968845151589479028894881075155
263281153426843689544478870207529080477020931045429729012217496564522968246526465069
360484026191544626278366630265299893442489899596426063052008195283762075932301628531
6915249507333314878332474221474015679893
68300189958593625545853006684297640637411338926999585417268218463159955175850727471855611683993655126662396798815724
6266031033991295478065648278612668191748701418878618470379692858536325708855047445488261608972
4914589955677878333471451759174347734653021687094803
583847021033473490234033609366288675665033943335066259342440341485139628752
341476150266694149235073261377541174549179404690875444512480323588275106784869999432789611320806856474
56414127723829019624557083182692354773944383149101196
633750803043893581345729534099039221371041078659614176444485738599
91502556822
60974664576237262406488559894071559384961572387924599662067336732577415510704393062690210073352692785767114
1970402322863220610454312240730896111667737233272197949205702982189200731853549849684784210583620815121
3280098067807609460550962059281224329
35748946
52878797065250744759103300932657077328751590873081969780771295
707575449478731900118526
6658460480103116634544386435457803328284954576170758385234854969449994252443040222723631486
42874028902463287590584496314906441865274747235633711959625
7823890034214350468169285580800696644147597618751966004286248565041203367145585077306008484
2759274941953017030976736453300728294812879236159625035387756873410124158731795521089516880153122497811409
525262002269820432383032717243634018508253716
2943391148933152789333717242450588969794183492987971548059136468032649986744108398213921871546923269463
60335449884699663993505865231866162868262503977040343232029405
889903185976571817738771077450193845505683084346522995705687623494594754210157841721488
23363838528406735583506385358477870037996368247685760577136647577934435868962897451721443183025512489650464152845223904
97350545820234329995187129684875492660009116110860
92298695819761
9871238621049099070542732140096505318655489761381593001943276303986960878904944897371695012557985
9817222421424028074155149674772740446089550129203682598151098874045213771096850733335085
65984783707706145
3856347951542484215773520613054749158
88182348971432563184905604056469982402382738187972662007125206774440205420407884928408676648782346930521862102008993842
288936717583031594666110211193620561939224649430192586367623657607025471655796056203418
1936916520996448521760548208759403850246683300747558932209341983964
93861344072945970800629831264729208463501788553720909021102372270805252020273332068150187728
9677129259878126779085953349655021906174570952135565178022358364
67860614238
68881101251961024772899835815118798133924948291583567472927617769487027715944454
36445213756879290121252189850113
1160141601423279258428
6583149779396716060859223680916414676383746091866310473347903581995507333375469756232237444343998
9086864275186389659443416411025513607720505934376249342993849348
22750483658520892023974031265830775904106137544044
4900499596292725287457000382
746419928149366636128285307331475091934
65578902485070991041776378551658159514219250256849762391518657059849874302575925324261478201176206113602875352203539
166942003383210093
886691027377340
8000330
22370062043534337187000624132591624580638740740427136198321551015265024594156525167198112944601190253721674609885204
6101720511814237565451620636184
110209845
37716208287
286473494795591485995697081415384255399336688248656267564
69798426272550508698515642071957999061960822520254845960194360180400305167054388
747242401642423131053405654311879
40866924539514499269977132669203228580684080003862309659
5034619239819399681198377798962449779563397990878183264169870977138706237649990
947431976508820717016285797819734263386999851628445820580773256973182206920803800
1860266253616006073541753618559881343575403495048426231832546374659
38543601652691424324628108304374
7020140807154599305709877701583032516
6668591028388947796964710072802057416473625260694165495663109895967045960453239174
289898521378263428649528342113043202969167854278504437823608901176918940267249697845950638706293755468531353
91970119803288371131676560900239900129483034225666353005593124719410029560956759717641244720512602739563747561676534483
939382702635118767826264290466952512792141437667793
9733555190163608475848757362965631333241598658646472324807091561960402725
218694
69712070589590129768647886513748892890596
7513890460654498474362671124293376899182986127915401112773716088992774552677253423675376770181108866600846341771
358602581651993358
4036313945827346844
706634349409735636166576477583294403706475868011887954772290
23788166897764142256644621156245994034673837069259155366074723144601655054
7074943156398139447189328737486723142093928461692170513401789256731126287498514410468359059853326667788
4127446164466133924955547636332225
9219127342590487104843961743531183130895659579631844787610
1105789412431379931898509396661291439304690755909688148544297307811977230932079688741401314
36963812067416252343896793185450106984162007554544041341365284810370239712741624783374214736695072234505
627611235577062696011961993596082088108538202639982144743413891048511631989437540940365172714278982787901121
3839761794446489856095399812804781931595880071805106349755899605825217031993187
29252112823000548587567917871634711457730947971980704883289438874404
7034309225657109989095961570141242956355892644291443571462228769955266049827633674343232
61419666164344699051346956621893119633452108029347338380531052718078174
32394116612656202475821943590630885406101885967899088549991885998004098023726124
10025712620766957848009481524992325168217536606061878209724565386
83781839832549918396909630708782182515337580283153511997697022654712576599884702071288923383762784773283
3572468743
197401105805484672238701953308099200033369699338586214595264626160698121521264062007553938236037762424380183106071242
54518648977731068224634240935302655050922082311004124008069743021056117136961256995048232
3256925636926680163117648276643583105
561349297093750789428853147125023176993382424404196586970773924092960385692764291503832964440560942262662739956948111852
1522046242118822099872557035948852184541314187519372032892508172111618788703021363752919556780514420348596695005
293434917
123583974386721424217405585244594848252511126504755532630603021569276
9482158316743694773158265083703520177486624241115832834766006853271240451550824451419035097325358766212279402695
217768378867751227548868284351149344921523235673089705135525968548521615792563416720
802035991163370676292550
9888261179649948614823375858491
58905176788309292813118751029986421527276332060831101303621558823690245134205325241516183
359662873692561711850689038303721131177216330039823197076260819259624205204385090697
2394148560514503497026197312244474919270499057226597793793153339105481827076599709646244326559639243849811083590001
8199240744447921294888037529207264067749232311521843080563795269550671841260805612612035890945687994467051534169373
8382095718067389145068533581485057306851924844158807812126298045179760949038070063155860981249721419271
222076861805632389175227850514519710102892933543003277097494095504573432774499190745762
29759303313
101200565
364548315164605190150473
72204682961796624363144417508697374267918582497966311
434806535556196352686432342029383943444016132480982410049142866769765589965061126037996193982162740034148730
746846440060120513707474795174093068696870965065103530166236017
54081740342807906186421451565401845
428638466000698564793638564320184453661830219064147662287778089079836251498373058927341675573343345
515039116258302677099294060725578800128034406152145983890092045836030193642039371347929055670152222118742723
700556805302825013
448806671032311738598400883460066234
83551065656461881777674490557420399030763093030022510808887285738102176769
307743521219315808397662555547352801633570118081177
96025301352347719585697369782249708695271604739907908972262946659762921255
946314669530567824162
717305
3677291340299253724097996345217345546768835899727125544701042654428840764050366106653455383777915
888935796279185904255038501316183036222262688501
26390268113441375422961598487821037592424526923273463323803241083124102058038061958728872959449189003601844744324077930
99850026269
70328843238479979144785422965858039625504026054238977367125878071874381956961617348113816041103427118436783013454
1279886444
837004854936178901
546869776051489687842054910921204219480821761942971797224321024925
3809676210802387258926014581529910687874500706832254884660962096820756245939982833113004365699413
12558165757269199123628169992961209449706891001454596129743212397790278338809209252490854983644643158
729847679273921925
119195801888900924671245873792283173976081301634387
76921834971363150535829821881665700312181106837116137210032857263422542600614593251332104950244
6923642987684786983923790700811925745
4524251819620326205105619063081
850919902353852469624779592916280205092040644228714258206417151292385786495867051968
477843830508789647466235756185447350725539628833794457055140730292457
1971145676538814007482851969859410730539322203288407269820132
736258732881893852873550889602546905953788662838396192873197078132305439757950403730871516864748474404595
5412803989333750838930659291688752723745914798155039608443668588985900550434410403693620878
9399995804922563758395740650296874348081346774336447877
5140524834624271433537290
61403253499852097547954218618435831974282558172973072086881982328951483253244630086964337648999966148941
49630898321520889747168679129637439660796577931899365930933820829080962288265137534027368
8812599393564046
8226533815958344669831535790199543974011640336015738957165123643952
3951846280492547230
4735869692921044935861731227875287253732248078800250
605500671798249430756469851123958532863739756
673221772852335338400547520202194327160176115335922466
289874927762949292439393453291755593895964066854592462588220224233313454578933811514
332362100977095728467323597258
9384587439577799744735411730300463659411594341246992230055630319220192947692945027
5286897322569836574223868931081653571478605222732740
98262186793618252029043502402781040120065679259575276760999
53509786629691742
23085816293974408383090604580486203746519468489003855765439797870426053373
15382971054044601858516159006788290072449356375587608220044943088841318095120911869603804437
3405725502546655223983147906902560606562765960708
8158015358441525473
1289191
7038322598116040663774388528051560516629177
80470250403522152604081812542756058906241593963337629105314883329838746221986600959620
58033069112926811719250347208925045137147055259171963300194425
7650554767878919957915536522777421439222696745117714788267180130615165492504086190860682454497401366257
8301795851480185480980718380029259514
219213367301197691820376
5903224
726194850283522097687778899143232429397802538402411036108495553673684328
43816256806872365428779366826708567960039
724931832466063046550095471532347592995767231340846176869773730259
780268385878650319709948171474722982492946263574460684649111069292473256874
20259229363273334382781057892215941379964467026126546652186614088996641
164091797970377008390453589843338478473562331
3973744038462515354326306064495224028940630652042780790705262300914832992816
2670787549531151596244898024459068475867147442169799551814711621278890447584753340396728003021
6833656053613866798345
4563355294705027300927145586916477471296878415476597225732204250028110177292219401219380717123154267
70241260713882340949634480281843759080879134963908768098149079
4423194765596948046722237712291586980214932522345701492526384341443861253792978809657667133
8762521447793518364453243809263048640546
5521480596996983389001767001879717783109607237204421708422923390910436573865826140974131292006772922595642483
62506934627952631229241134432825156906474503048889987516886474897278150563541376822076646412355263702967051433912
62672259678957392702890690182920858582139
4494030909838106057265558333288960280327701078587298149904558870
203926231358456035717185574411415
76908392323276202502842740929750631409827
330059355038343731162265
4215750715201278864219399922976872528220351620646725475718502172731026098614672512104791530
6153616691077848667013646912714418960781429213205798964949573884361
4184931948937
329918733867406453435157075
15047277229540863504386803868769921051007307250015552316
419575116184799061393055333457024509762308784704069827283962960091582103674529947974922492671737955510223039295579164
54284371242912965375448034
644235622509553284910244044413297
344822886690498687084005236970531498294856711642256580063390741945902275861697872901423966756410799387332761
9078954327345765
7694202090
22479926223456603320803
87548459927615884856962133248168873812333457984991725860473521628119304275504507736560160953938797
33562147558322032446253
98985116193338594883058495
492995008918141322654379194745957803590862427616945354945605793787372746748025767939777128469559884891593807979
629470100232041944514102
189033616070650407453585203643835962180656941263658792326235584
7346767057369374444669620369687795821973965703536321308324950804728891545698976626474168038069922649209591538407524
444111762585647640900586829614756073019505678500544539329036798624821
244796116224759481822238710632666399
317696660726116867131779223633367747601770515382366970029373073414000636733806117363311695869560636770030306287686348
508386252416751467407355059034126791200032790938284431351897915849406182190764206358805303850132460501273339741094
48537278656356344585144593809570391223660405939901078927935298687103201446074250102093788544607515584052582166
1993117933633298340493245926983496685102461465704616431837564255654853282388578603639757210834
385812
2175396349691995495171148776852020390837087079673459541014100228694448787677777455999824061318285954033139937
41886058948762128698249969745632455067751
94764918030
867333355902967584755107837846191158518291167161974658167936432206657706732850447405695404602445525938621109153066075583
484846772136795967976134944220793956660886742966025860270886938782686579633188852041355
7766107475932502918463605368384272008780
31706934691909743043500795661677220118211600243
45895656486668236947
48086104772613154326569160146564194433326493552969850829036498414829805332052701569
730761951631040
3516875497164981686864814826675575999505423108707503943758381803223837858806
4420011629428638945163978769967718146169
32344706647781635568635939205429653282644058598262817048178692558043497843726107516461578668991142722012694941880005
9011471410692
3784383216631357797105128317230658843819580366711046372634120067118539670622243416
344185576168371490921002787
399719558015041925337257244879660050154238
75948108272318370476830477854477031859480749879860936310496641814100480070
95288556403169116158321576367327894545079913448945170677365574600025778
453729506632
619019907016159508054827621807791482461931101
65998
896803007230424248015183154172913986209077649531613587536149714655296617594014948964019186083374689019688696
1650717323233617132888617937058154722086848471367683547746184676367972896581914364667944876019167939
26291887447181378478438881808149279480978
6425556116715042186126714527936686951317369086109603
26247629920587588645187120039685883239439764388283264279236478562124441442001311429950586423656719047545506
50390212289392682867967179207875162505040911656372
4670089577975515192875174451014486330444830565513915645519295100691783001722400057
325869397350165301845937667
1400412479563843618692014425324741994820329532957448075524808
853781396282034806815
90453280891512853
90167012
62526628574729596359101714869257699394784829075369521860075533380746591086582537389449462
822959
97275178741967307945116281519592209967785354322081405981974779250266732090936738413899235130607035893980
284729428034712811347123288536750294148592299893920365917809724510575307039
58814754587657559958591810815145984654357284003648414685553808647478602651861776934927
579288447892379210849411481909272310754665121193934033507566570933828611596871654111706394524302180229290480820209819118
910379768146042
2128715369843078139067229628847229050518222456152829762000847258505582366616782759702086
17663053438194811223233284092952245904029756810375565
83171519156130866229077238715044537283990154398820846821660703763648751219213620
536491237332888139736203497246499201285
485315114126656208567228053319358734915165748259252739512953372964772088704916256161712487296
20694574348224026533597
46618445549180920276602680772355308606541500894542702071600
95564397555174688000506729818643439251600098
113168
74067858430508478635821687806184228225115273
64529406234805015053869490971754407154567351858867892772
324974757693243240266
54378565747359046161637167130295096859
7460281694192311250984705511090216270308141045012887374591447462777899
94037460143531101
340061917839743
3560315312335309537813134837307805632374
47845164809132648853549802051260285589568559775633705294843747488604139503219284
96439175025659598657355492789809212855912352860664907353845138179789126214490379778
40032410355698673353063758213743525884922811241785835771051913147899
3913302853817081308738283639125100449952888915067386189302959052347342234528014267294072076660068549054505474325
966465933020643429984269299229822817
90195707586556436282352316
56074792291683685594904754363
5366430063125870020342491736925024488217070629640974794043479094207185036234754116107784448433276359
2914446880013717015553578577446232425184697743847845799039488947922006640374979059730062291911675523761
220394371970377744607452382582735888913527699196125434595945022382676477126764075158304417313068044137504159868971
97159082267676723863533208324190309810734873697654112308942065138561560995178
476859029102734629157166344357960890312550777082138951566643228311362225162258017804928978662
8883551249188617878216011726190110651367724657114163216888434094221112696271529809072753735676865351980121480
169898844993613147112247328
2701296233468935214095215853765083163916688352215751726880166934100065553768
90742057688583433959954353649480500761995231482545753767982463976622
3509110619743994303
78454654585191819384555151747509776903056054168007418987090731918040932500896482453246096492141274980223241223734391
8295944120654797
8487354298106269224612975746681802037545138399990829992298419831789252162804939977524
584282666067982107940
7599739352
969498975626167773385051154903503101904778757345695269078534151837076360806361689795980710292271266016036180493845071
48112870760514
887456283184628076824
21122340032
6647653715983644063576257445941665771454267534655551456341018416891044199569
237531513173643
1126190453003047657
3826917245321952180673723297288273450718
3267652266869020394447067080679919806265972534752
4572343229351928173519774568862596238496532882496558534497816
14302922628080124797752329301791633503784238851636
425464979549245270217072072360441143653853
16846978580035745224333130511798728525422462490686642234182808705870566191154775029234792125673
5755136315888554090416229438421007680
372334832562801
29066802069521442153899737
511564177883127725763908862717458142467678
28065145064079279751974376223108628209715808185668787265950937825495455982149654742701764199350618236909035991085423
2691174458040348646965083714608111116029266813547696909329439459502868066411077247146172121984640832140
492630884495302554731331313394654583245477438666239029
483973741518738974518918853985867432464760822446390750376634867712917865720135107253827
3932830969950033895499144311694315389875242268644941533689762751433769344778649512811218166929480476511
75136758776410770975080467991690304199029832530567309237089538324937397988381
6611433045584870348793164225157202843178575435383161644
98698196294915327390205522353591912
1865282794160552060009105055629261401427838296073257971946806302272480894519282635489891880371228004084
2809306030619548266918815142950540986966627068251199454479202577414252593952804
475829558917608
461390760597096211488421
874276802
94742294580746261883926750625081280251015471
6879987763998227
8576945901082423731078221994405145
62224
103188387806528458150612809256871700413232307257325342073497750206569052243884660328148950086456599673633675604218217210
88173045152351120261253992803023181804674116
787376059523802671884779507564512080002434447420252544266059488063552
861670726585671525128381127227951560545119673445511306216
149809113134610936043689870213143860964887458812762490853614107877717061653153296079027823859435
5470691758784271140473260611362727746229270851519672396522647299717465977494781105926083195792340
24721849358604486
5633292037898758
642025104803028095911076104961140482888439576099370434410007709684309
908363787238583554319416685268828758025
2566075484407543268289496268966898214683309392515563216490
7160334766613067664416238789627648298155959757452394512
15081582149368253487498076957036090578484830981777366973199365394092023888411265988482721754608740177961127687139496205
874743846795980877631790287575390604810497245612784312444943726559976873773216744214224710064826001575037534164481
31657768442055915917167525195697800073123091410919414883792128391645409794341760814607145253723834339055036317917325049
71062503058216866705953479364544514141501122895434010821139184669448770406
79595423095403931327658696187340933691624419987220182057124357435981941587679162341529072614764218171893051270
6683597628463938375
91588975557474653684883214803262155755983666793371832884874270014631182030497648923529689559
9277472106686880576837
219597594911247265579118939736230904200237788201127349382303909198
65990094170350774593903532928164081001768871160123688399492717260056996582767694764874393708817791553913374393859940836
2463964155641567789854840084481053179617656605528505284242034630756
5619795265179307657070406603809211622765894886181030968210367
589117139475033735837247000147381640801460624043115
410326115668350299402593277758244802828
397708819465424
4354669
92646954265605962469056103019600976420675588447551480444739901
288601487934394
75568818008528752684288591834842901535701214170812824401612371251941212474203416328744144740181583754971646315
441549421336088035631646055377739729013603231616
3172542339079352493947522951
72149347774954015576533864852565798306967
4403099276820
50054802449630822176
17429542872607377065421449708928657553517
2819360280550549231
8163289342572645978812384249809629870160414751382132367113532679018010633787795067557943326133150959008480831
601620867484101997316021930
862745875153944141306750154544911480
1000338456997187477416690959420368563361115651698374648796409392938206
5339033109790505743850896248374305788105802067816533968942945488547286357364422968472198
1736580950787
358976523003135669900724031027240993980616052107859834128048846190115508745079161743961144215295450839162828740637184895
1028649647494310991340034762606259843011705503866261975
6728999374744094717035616580402308575635911227905666457776779
2910852336838582484229427151666564093662538392153348
980784116352607861169792959354940133056543789
10936866752090978600744726124017602463376164815269551180779984383997140915255829766645
73478224442492118327032757453271295182960490050658432045860561247811898792016114780
552738731661664115857688071209300778668506021264769691893228088686661686323708116989174857637801434167407998906793846892
17648914356670694345416
622603
35681066188742514280807
8275229892474091495280320559452851561674522642487967759958182
69935021954126000720435080232229111916850626271268
65168246940563420953813080500714650988644854377394258159074233315083
4359652783849335878825171750172107834506405273254317
511190487776381427815896877422046275780601367613508877534141581681734108304176902182522
579265466723693150
16835164129820918290391867796094885773808925113146746742160531766958484766388366069153549947844
15426971192668230051762861401492437891296651928831977890412910148592821875770834364217660327129
2050637389027978862767079799813116616
242251102883365951267132519349294829927459
52450780378188056
15006134033802171610052556
4648710232153486058552950223594723621312198364679070234843106227069
9486937
6205142094443261420693524532950712899222269736
74224671449719310437640
32840616061455254252809174279679660042496038958194359794221271406963
659133483754754417139920994797728234824388557393702868353407277870077501750437304348239727302815262054
26156524861175928857897021147262623002673824679
620630835451750019927033697471662655648639563514628144465289005280772
58358250392220629184324139292382820732415751756142860894
578374857121835714322863921688920217853470635665119613715604293917510955973
385675448724212957913652518525019254910591929288057787255730662040941249735036028623725542486227
1718958466500
295453370651096670685424808109974081572198591456384531311340
7214587385790443882065149463824273201720350053189074556703716002414425108718512537273805069239436148
763826722988377525183461747364925518544435239826033
39578516259946575014025548528742915
3354773785927113244813530147148392420475043719236805838063171082864202485
66336309999355239508909543157015413
2595757340996580049932996603846760587282239676541810903116379023020064643054336295241218054466106677105274192273077258
272694360313328909459005001322083707612505277804255598468619022143414916
6673395053
334468055322779153818762844230865079331185
758888226768654645102002526644214590340908745171261732185001953822140
7939440611964110188107936246276730381747295501555276697792832071994928309584333
18716156366672312746146745304251170070762871115411222828338
3937539343800
18167816483329579664
8704471278415712317262166497644857
15774230540955823315701114589866113411232436779941652290289539203920077704184
8882091305956579935717639007766499718888384348426765652487752735482545031755959969940597598090722
870453456468
68269267409466904338955544879239899248958115296928461494917799791129771698297974942812984650977260895511731
68099914942764441096125390777391266864847595
76684092124321727
4185092608387216154401033599259100145747410799059623303082230875090552844484483003861745193751206977555867345226
84356170331824989290609044532240659533934968301687044921059865273576450777838384220287159140202054498184236595
73983859943149959071196005203986161955760596837925203
143733845998779295948418045537555057619827746273785041019817623748309400972542227253662255065698849195714031227287
8320421157761320601037261090646613234019317293194260426344
564895265581605668879527458795292558057368076941459885774104534096603798575831808897622637486867404293391251356
17564580491
99384822905269689867527097515542264982060962521725377226942034665672951428148414759702375434858568873061490201209138369
28289410531087582857968818192255818171570885705
6280164591303235975242776523
91219124351877424812028399998110989153283707951201220546377608993212459010240299500910826737608910836972815480
55313009629762055707051217074467020216253985450506027493368702952603705292577
31031794662676162315290591096
74006647376345741166029076553134881572982218445444125324417056057871706084869907332233512103182252757
34590104754187400902392644689291133754661251607878043575871
556308774107103204007726185666981822048201663569370897336232534799576497
806077121716388039260397661510392007692050751961040881983
6921690914017810693516693060406100845424711779
66815127874254396775779475912434812910681747197039338151936688455876231880
326425578
66555477228865307077539870841818055273477447320727472817881727654337308210098812621404720410723932208397097731
7294044550642635112175784284350268694652013785118399754040532555979258729337952817507907481
1003678307897734884850097274852756936124785331274550968569380
7418002759752127053027586497901226362217988026394842401056260171
72837421881323474748147066445571993112506450722825123742231733715970
59596177602443104677684370921284935136774076785401364022564702065575423047718725283970501342356567300917856698
853326680134510711608
294857216210847495517
31438005227212873412409024504393567201564764971038596572739500387390837125735409525725619
13571225444189139374587725333569995050795219728665331763485476522466065153291155489108694515870579060517955
5517836064369156236526173505344990659553836866751895506572961419150480961524367900768375708809671985892514407918
4852941298330877
36216469766050880415443891326017798461500600225
1705571371122072667167752209
47707279026416
9466061022826968220622113898222196907920001801709207264296373769328931525
2583878644744533136121462707134458789879130512526377123134683216163597168905962068
3577774975891382823702054423627951540108902804512924877195074320234778181356453768771563569391484626
295310592568396115924596433863252482894777107523719207446330781438
39164148743322515249997668138604030055040786071603794885643363212838
77561660237157322196
66759037117833544926579249240899651504986455091921
674992066575932485927329211801220827771323545114831352501720343499
1322383333208966008129401352248746382903064124572131975376086337386
1336421263446009607839828472417200909105257268513349648809848
9077709075188156937003129437952642630691669221
36599
4843698748636669415824368443212527713562903951999
5403422459462412019265769560228282924947255033614688386546675
11835292121034446149503764164907397722409458471880974724824849354102439789936350692491552674435295967350941657503
3606528427448344566198007789079989952419476326790540267995177760839167766
47686760131920858594294188910037101543712831585079668810992382107656358007604968898707306107043
40229116329843548958503263431727718101049214982940655318
99292177627561613341563822350387382419252847435446603450282540480338216
579500169348969047034605426057057439016572101000171032737852840077979911186741863492829482937796614412368
61483436374922832495575786333654281128655224303226090035222631308521743733789
39659011309640948739044396539913872748503467192117744543369051943368069742661458091443664858166880825610
1939712363372529330902726798564414809744
65949495248281051551547062202
83311354873027214688806128553085652735210426030244302468997457158544682262691078809113134962762998462501486683448
52540588173
514944604602963242089117029831315438503197573899450104218187570482123
718464551703830614674279734182715528168258110393110827052443400549392408907568070087
577310946526599207810430937862904831
596472947941701965143076326035124193657392693061759806027083208315560931360
636284841479736571335601957783002632079402711806465045780042048891
39647728637375929386737937274977997123160995752678086
85509903808
646825584361567241866198163563516776773852897781675574258756853
4919411407174195719971050407153973411844969258846038878853762
9361445501886706
72633626
767071935674381789645753401913137520869017057804896108815784158522744243656989797533085862258811332356126146233
44401230706319868857562242328882633332181858029724130083162002002956035154382
725128632177182322
2165708530591936087928192590371936738
23174440156802009637046498450347024565867206014442073963006377529184
528944757630707130088013786549432968
80510747904457375095637
91311576295485160248731693
164165077659105809798292808682165711
5447901041886079451488187516594110015665782776725073917802634258
6543997319320246374699304335256462491346613616
9861065655226926235007277299932701989128
564007477211934968903604236306706781578080196684155246802305430358868133325855707399616345666531908773119531761421791
419545810281763935633187859693857160642108369199566780560392131782024422374468297747804351109494799228487
499771763579443509623763052920936954217282679498135569873286666751042023998711748629
822346181246725354985617018766692115206277812
8574644268255195142042683141114425324988271864068515697086748350475496564
544531206285169443457955
20334008874831109536362934175685711368991143949001520987382386635262565548
283152218078435656994439063258942942986797023217368249459603763231656046373328160071112808503472142082478838133317
2600656154958315290710
441088955134612018123684361580280390825426465100671770578643793864911319083787
2783092759140427985740099155709849744
87883286607663610248409987748596
5356973764434083588
5733121948431437618490302576626
9058827534864526526162765652677021317384043156777398079808561343365997044591153776744310595056214097192560277
41015423642094142319694814756271608497475059737133396647812664465535404329982284376567077492684451933587813
66681065887228774793381077263789738988343152419784976974
799653858184967541504503391352831815210110606989669976840521166
6727531409960918978542847
842269800521234388120155016268588784778695525259559145688916846725803038066907465626926012223
14672257791365224026483650121968083376890195756541827954910629713447171139756263946936839288738622
67218660091111919080993580370453826872725428568631857051994742187
39492754986
79164959193590405895070319798110001189893555507416076050895726185527170037930013276436851371471480956914
189925101439659035887444055116560966481603006960715041701946330454779443581319328
4008115892767084207176693686037697126676192508452676341486420403721086099744864107
251061947018530615580
42046590232243189140137248800096482
58307240719857752571109637870531764196854865350165452
9812487959675957638
3384711185574456
3553738167329461706883375012913
46821872116696271454850785656991321274914906218184697213116364787571212776186595
27155352350959854185909560876573418549282505963454911753220686741929990252769456623654
605003914108859177271354594901318343315017331721167358899352924757902315920242113
5692028711584194448448630822368703197362639500
19357252839228321433089434854
928085135432700908979477012254581800473419768318945231
257608408742974263938601908198744223880031083693684446501222288309806218337452925204863963383470058222770090
886393946715104191107094306067
32742351457201581299171358728305597365244991380472788120062115144081020919021
88642085805782573542386102292155843111471614963162774481149607121555852580717456082764560413743614509077
23609817
6670503450
7273244728495823830285663335608951
3809305618971015375923495771251998021
564988627378576677704592395776994642130771293989508191508440464898629650353675886076505403891877342004099709687185
154128794320976282032908340675547544399776795162834570054324528078803926432239053
715869717759767408808457033774008887467694
53269288261874041000373736484226242568864131933880684022326842500206437118908391007370274873089836542047
232609363339139319
1609233198250277422547962306737822030683538150
468679547079624850119772669034497156604736061
304923680523495511495153193165571804770855783382896653212948944916428380555024497177923
9718904514751490261998605890249175239325080190170284217291757
8821566052556841622853459310412009828138182757632942620168394577229136239672
546064952741797615375487744841110165753930367738310919517932812015332694111730148422186641052889631977167534
49830046838665369839505484142269638191151402138130730023835533547104044741398596226269139193748250487917679823189
641174956677311735461699338575767067674373520423236976855647850858419929540140322015623252377472293011324761
39281653465224141229775885149475061558593747316394594440604726140596256820113456633492913214464066247295491375878903476
20938464559
96865679192626669852126740226194258527182537853945045379079814184831589240718334485360726593078593256818127731167
952287988555091490347786639121641454852180186787578674339168017
696926426669333834
2653971507420025319187967058687183133234479097347373067577814963310970818356128470
8356691204029186893404722101286560909113243612888519711333199984504944477280005339368301250843293025485171374620720
8912170386182712976660905624674810802492682831880135676595852834138380667369255
99176120733340369625129918522701346636190092738151785356302446775569108
6833355122181999352963625844336092214051145495729356669538553
348313606186081
974295879336731457188929308827748003812271969
44513154358457278204508424023217707131012240023700328731
828014757457141273971075263998238212555809659334285904107577891729373507596
851462014327363119130735659656970314186582989825
807138588365046562820524171228047909652930497275194316258882265850120
262423720875747
590126024554637254099567927788245673352652137771552358127
1008365988839309984026
31183254253025067795873131380323
848942156540458678619540686575781833176684957853256856546936816112149759556
9412882462808393926246478870412210648289967319701120357046011289497704154204185595713132696
656639861951016097649953465330607129738617054461546542560799141202240415321377412406082281880
4749528401232637934
6697405721043604946537403972875892890359521977482243662412207240971934830783369
2417113755409023375579591105496929524664926024446
7690447541574144362309354675409110275269533423162103966694594585251
56260334131467374318023615190902616365
765138092867462077712654058009821
23213085129353339231567844809565816169672089666502319723852325
52218043782
709774911425444233351757963339858325934100342239321057233046702175007163446068
477793634505101733301148317098920004277161792498179
96842073547426511249791036552035573536704589771659541852357797111712059007760744593555629961055
339141039027132706955439701542018818301154841654864346302065
26819221962277374453443934864851951387649324543525997640182154008000782681
6900435256573675909855378223172769467022392306027793490550054213071075112750838882049696875393428587038062072980
539884786827338284
7392817623419772275331182211124288759598486764132722576533713679286078486796925493598781136734966318094657430192924006
19963330001139779733214778312669171032845984502555164468730812
84683122199338284836443323232339300226823771568450058417123967628180618788879401000979967105968
9920250546825548638211059966997
743032454289557206352049580513641750009
8687034498481028005813694531477038303515762944215616
35480029625605881115712
8072620224731411077081
30727572049
6491657861006372910105265991623210417517999057853212354582730666
83409528079920072
21456948363858410
969166827617157328353177201750673227025164340865431578405941814285668815470083653172038015383772135236590822576902124072
970909669266126454746110036079368940358643361235865376581449340825327850
981255076072173419980066164815348347927988
6779800871427367630313425
8652092004531886901906767867180470705392016290814010152568757425965509475378058215448661494595894433126210261772549
958709352
19030420000251063245392920390881351248732997266161797102967661529260715778577
85418990158551073652072057204973310750873779549286423715407538695349055708066740264736615
339955363974695060181
366383971273618789032065583347343918530245514493554435646162899712153139743391723981485123194751594486044702
14477378682151059084974551630124158385906881662930654741231936899
174309653296341542865920902190333294200408071528261488554467513503107854
95344064255
7690722423292847991839298173036
21319996657662868919997710604903389219926381
619898648123198792642768873472288266351720281933712802177688897282582736279097887026273456227676082709694151836656258
8726136920404838163383209148079671
299752885464680171226354077946367
87848587421115373335918103109409431838716391160
66288057971711059815986647890031052871283
68090
75582189965460605233678083471479094090964976155216030518688498965824406787199
7897526827856880799900616755287395055283048221988715405970693540970584698589386939832
83356408788759774036
3276521420077009343931029477836478995141384346383091812360093113017511836849048944511744892547511673327235913802
4428967284
9111439155630808996309545181200038933047565851180171221325549288958652270893617194180082235055635394
246330112646991967301796516327004414591076863504139209694136128710252447280045290222465322103984
1779239021814700459488460425
9383515933315690671157453893411237380186772935622288225003865058
3992197966468227173483806429491
47220146543231521447865168145118077848455430910619576282780358659254650396139900092267271755304374876583923029600
700398308768270088965846207743576323964189789981772461904371344447305127
95933964989456718605525535785090379241362
32637586907832308877525090912254686774156772438
96297198
86921213202643381258588450748088301668013055702884138275749612505228937876178542647846106974
76966503578755565761105075
630127902254375532830591851886289868811390866259453083475881011856595435837150880109688
300271314742137
2147573587622744961170360780968036742737559214617703500796022531552549019271391369074785766420064781153
2959218950929895071535169958250890144709426593781259610887956668229921468968349405401498560016541541
486347783928760063743854114799626376385120421967368
749994892353993588429887631363189791137308630064997013313184697624752904681063009230608433248365063
8397539275116595662104542077959736
1445381210620744890446844383409585812059228356053557522021144306752251487
821878930403975005694928730274214345881885744682040238750
202703852196192753046650568787667156025128349199183271105082280438056735679028357492198357890927757505099
35425393253669854543121260932476019089442264669192970912
57637232423226562535389363376788674389941620536414851924780112037541726097194
434813031747905857587300395
2474191452147739196992443616010531614472793113468172092334370469
931402393725523895886866858852975171343520479947703747375963496895940772959171418063010679595769417019
3470150476670642426505323851551119319666476081526049004638519463936192467056668753513307870247189455042576052030587098
282615664459548145818746677696856386378252959376953807250227894816890279724771947284591170458166664561385
8038924517823393408158813578450710347011333272689000535370828739987029393543166411440711590416261
757965448641468748351168010458983887656394732774938143974905372316237927354597169050366853913
2378158785052873048
872536018366956533563211231756996285057533606179799672798028073070009411795310815701407175639038272029778878495969435719
5355117183675137552755931464988529875930
78562540157267063546472814131471148021461627785019872576057379054181184571
75212167771510153549110770496290295
51492778152180275571045986779837035854213649213585999616655926488287
1638733
32486264939903299486621072
91783313786481585516353899676978213806918892300401632682645315925608760955620264547
4462704602055403343050911551866835
4171099002384713266750049728758211756658834056402450352316988971211010084992715516268807572358058
647348506640574585169021599891416394421539087163691344984163206205160399606587452939690697844459784617052551
845608652435141826762181130197260549518761372036542880745656283
67866672429922356712829957560782108083054575453873640
16241259517590812644616949283221594552001240351482536486003676477294160758691914295292863147181454793
963758901902773509959866015030245197182554307127201401133
9491314650705588836387447052710663958833452225226756643054388873593450851980509847900622127517232279988107388223454668
70327824316068946
1921658869227909147586664391553376506103993386269587
4080360
23396720596487678802153295115
8925028604111476878059224847632648856980722596667127133591285683933041417538608345354038067308942055700683139391079
800307
605736722893482387761630901939422876884613916892560235137492311314970446915139086829060851646034343197
590194914143617096999121745326666918484087631882412685329574653726412371466131615510968349861389084884300
9956644024359672505305347529751174662442111149357121384678513234706439750944345357466636376
445038116617198447332116745821689
11023967163169297069970322920689482293060680921528684676983371389349490816187413966184336865575
9182087735474299257323163388759769152859456
71572368096256497884937976354876174479576538119126709915862392373388542398977636677
61360417116127202147831813855095670219478089657577279939158503002430506544252928857058470674538659534433098087838
145914451308738957
851139050571332703575336141973666146580080916860303395828578820521646391644067
9442769637030103956313076660
626572988951
6262695899195212678321594355427171916
178308294302654744620735345900863065866526245232561890625505522156439071
62367900563071305535104456013561
768475429413476973241798462745801151295140996134172621165683788135835662
362053471138468832332162847750813754291204547973033065194
87747966836609047760315742113144
65839708430958183578767202635284845931359186713239
95145764109655042871896994751750764824810497969096505156584985201853397135199851469462628376
26212144539990706092738226533127259701104923038036601468956082373009070738448172077241
89132195687465290609836507996
8987999312825307617810388580065175507398106619618
4427475167682248757472
2038506320685455869676511735214584849420
70178652220561024020548944035890655265851569884402138365341645886837126749385028893451700
834988704068877434066230988784557469394092261598573481839863815440896671794
699982600202122222769565308908331341629
467909946693246549926699465852249519546310702348036922641249620181455782207127091740130124290410876
165953896397759587675248620
290955372307409915088221336632
147143782682984293870126276698980681861303698190159477972709593486305975660110877020077385232754010939921
2783708906772
817824688394663064095459418864182714862522417802057020700728261249621532023738236960819735633404913175
5662470036645466445149780018294482113950529678811457494319114450
98276562642762016363513861509235285312166124329623158056101617120386480422597696919070
934525303092074940417324853613633938631572293755905310827716762909244715063876285692635635169450815365975673430391
958568055683326752271
3304755572243224
451146770686835593616767325
286812941138024856728290343048924
753995678083323227471312208750806483285322055
322304792538472754661314028824395074330
897865327782459953097908207320787101429878615025109237875621451683799950735031741
62749624
458741
3477571965831520995929932833094470503891354182501389622069646775408546581379130299229279767
510667113472314914397871937348745849493787
54228276860551
2869946769369323745119363498348207146718647897475682459393471319974692227283790451615295855171124949249459345863087
8235367375387062023590742606714504191397785555763660277036383725
48513038929741731463291105670325352858932030267733430040003584965887953298696114773969927532981231
59483598225262228526200574271
561532034254348394045975911699744405999102288
70194816749534574315095046336828120888960182855119218147246077091287350890803960182660
45472674163
871349421
6862574003648595895663587
733549388
246388855117035165585181090355832
477025750705612609419208333119289931208787794
7312739140795959429602460780184148138107010366120935916
29240683200867596903225
913146141756222964311452697619721315430325579179768216228500100398242330908296362
94545794721154317085917632849422591285501487608925164369954294791905921408157385103385039506299297512612300
6795531660776607406446678217267030318374199895167843077539380254675953705506010904332007
211790940098039690241968513275399164135360615726900063576161813587036468382824249
341413305393708473281260082167236322897825781573836620541766907874
5294285471367759194031462281332033229876083508686217104820522296279832368832006684709184696765437115010796406344875
12757025096304
997141799422905035100648336928236312084770283004716589149902894914472737721045340272758093702449873085571445164037332221
7020611482908470365334304002324906072804926127888709206
46480497477991641854490540535583044032195107553468965962994390794091637
3230696925533934524102577217633058163372956706706075220959713540401540046115088783753693625301598123260004891005348
46718998853305106318306784757189711951612070401142281179407285290726317
1643351559837880102667753995
558991064596952108911659645987794808631849925087046006938522198698601650834
21564571866198267037695139109602655973877631284903286137123378920558758816526632230583274
6147221059049829560839681989544871623115197199198041094
67662374447309427
6130637355180621772900402907277437820892122284
57356526593061179888631026892318499735246119209873626334616687517437468319302
700822534555319678199216334509828262861456411190626696761438299606700179017
98873608254421269886079772178888484390757466085
8384140001983399892969107067079524572546842825315487894989861685517499573002945
2133548964161954749
461932914371344967304114301313421663841954958974283858937144024278784796322303472644430918909709963806613572884825084
2347266765856514409096089603999152305710837103070308115676306609879663108265107782174168775417114
675552149478866153115915994633238305454259
9782197691022382507824239791710727093927020775616400540273834256413203108416086
93389586925670682243491477985640108242784384890732392068575702237
150149818924635036718020770046643041361714366926813191270226835028082632131
92226135012129032793079964609918163519229720138700991399630631925835765837524527086839760409200353417449870189674
68093066458896762645763199420655796159240933970407864316664945
426488866305126751003678004802935919914921856336929979119815162072934662266134281056470824022532177407939158414534560
410431498506148567796800977
35759795066311294064100956143585295879113957988603877477738144928238060998106541028718122655983424101752484265570474919
9122094491557237018993014148131465843574356653355
253684985459797653335503831795531567362380652974
753459315664369726830272388075952466182
81043210025
97457713507
691041332323800069120011050153995590854885997922561455179898793547534147977071796273224827298566787169125
928542269167
1702810484149000715029314684988246665723
9446270132451678445884441170819242048826538
76579133122909385851410353576140137512040601456091872810601076302397023788249790343260010088525101662149
293093295146364108891978810014437916264103653071383366489635696756042853272370231235131884552179849519
13203227707439339262163542370219081470022159657058040381004147181832217846882805893681428914062415486125727
714975055367859437
52801956570749716173862713262047420116118209999565137775978274179290363275082583073
136597435124720238239502489268183276114457039138653611966009046435065102419813551687656672833018181940
7461896291018119314959347958731
5061378112643
316643639387559117555198829851824306073203723628956221722316841626382986218856179474021115989210829282788764
138677942556703266178101127042287
99862112641385739494119364200503906976485090655393139824566193465074624838462345026431177818041283517977567763
2173299457375085244
8997417452223423579502731793401269010368483372033575427949534484901633576000519674608475680611191044301
30024424854702475776996007529225386228170181475268273996249
61930070404174175104
88557776143196191096964119060747006490990180959678
7180386415738503066908
55289753521773148120224766870100249
96994373271467769490736171734777030400661359032585334877699038447303082108971439396880344980785024117847263705
6683795848736399059625322991955569913019486453941643
17304370679416190314384752791260904828596897144248584437800084
18808950335929
885276850975
6781194331602462312915057718352480911021532510262
6838927873692551102522214898808234487019836208743482282688611673222610448
8462272846752274261624553166012082896569803516206682250334132952523698395401320879542059348790175844724697892
484715605878313827259816062279589242608370060456701729478206037679378706078021357674849494
8929185411627173
980285407501534295202183612892
5201098856146476289968041408224649613790673025450621775249707240358595356906071
86355968929463668226665471104472684
83386751881661951727672040171412087877274067778176896759569941779051116775249346417445746906301691344478914873005
947061809134908542317812
17692776718290588
330309039222627701357477288699539244659
735907544112123265690
70276829
3787256968930241897120346123705336422250317742015828583380746049855146309446219846539154862188043539338791002796769493
71583604438968345539703459583780235668196576326615737276094899646777015614418560186887
849191904674191197389492178248862537421756
2713399089722544396564186748
65948791987985613
3604250608455347766313023552319251999442546566615108859592974250019008568262119870803898605380003457598150726
5687302393314279785494981796124611695962426578006765430936197885396
727629516151269787648222450614074643763243
8077350112255672526338327739582
86188194773515182112658121165104684729973681096968653936718228516548089244957208527159911
1030875406034579717142161243925488435752715868124634787661
908605427447276171018229718637657785
567338304448719210966491608791062763729122010044648456201694079469219766509065750194879
130767448372487208740723487884596313035931805209348649452929392787972388189843213563332614996713
6220551330250044577388031742105153110163832870
746052855082754363446744737961582380462574459883732031
64485733512454699525480066193854094321777931115539736544065885830191
175292699775039007556502436709434520093480920428686328013338
41462054635542107677703335781527514613123024838808088249539173568557388525
86796079130335386841523255
260338295220054751119641677001340
48508990731350933451772800620
960595848662513815314961609457798076807205813774398731053405431123239791140438637881488107073600194
422527393684938611189422473493060138344885278214038943828068334597111622880109492824670200065382263
9136317201726573541803
411222782116816432436791773931824552861117941051186
289624093185084513071
4281116002494662601
5204360095606160706494615407670206073515653732515714598831578326478439473284481667928
943135161628367855989977826813065761940211
678888535999904396370180219424444624296611
71562069991904436687431744549098376426945689109810444174
581001167357834469852653444494440560688691082767198511954734980758298638828004185568618196764649742755869412
81202266046942754962048891401490219277143103235051284824254131102588566362322028497794351290878664287
259439048451475865734417899688789454171000253
48472902668
5607057700782851311256845425946602320215293383701853562836225738628345880747434259703890400347560876
5810311869003928100403834
76616358778442886107653291644246077614822972525187211689574092157288823
702046762053
2519172257977093435487590353860879357062137465039930471050191306900576428056562396910509110147724591
34291
583838165255341484982436351855703830315450034552655507236094950552722158080027626909527283530190349520614394063476
123662828286722685660141550568764466468968821423667513
84837216369898277342282505837907838987097069616946492907687914872148750997712292526986860006
9771707571105102535
84215536753496565889034865278149713665728822420281240043029019833007259082949923
1446666519885578226298384882055719569227880873789404044777333078029691714235523434006970520880461254334788720862542
6461471035377198611733292609828217280105247353264043130910955598433674781
10254065606597844631869842248229349679535423574117579014231048115380588567
10640113850123275767340882640118188955357825780216946982487130173022234548289381875176496817
878021967286562811761105915951141499300625950515795384478806095551979530441022
32875918661121560831463487486193364104710678456520354570234395248092453677326123926553875553926137569
22773883032514835780547247104416434536308849434023725
17338056579272718340296425207986715744931114912
1732187768770950610369346826451863873438098602168858892770042566601058691824169629965383070245428071199170542671
62413035115131112504706608703823751395563879123760717921238026536721314811689965193134765732905229508234812766432885079
3495976862439524626928
8860778122110119273208025544006361942526113216540186807320753572039863783001845377165781637922323603
67700059116471760430090567228124460
958089422989
199242812491262589196982299955171686654240968712913979229419728682811370255853907807
36970305
5373406
282141871965730648951601572813992399934329914707454401983831254944767
536513600345375347476102051642923448367627798226777359311623288521482463200079588333413215
4529694823161078866659748994942738498707164593199475265148624206662
96143788949867642191924285285674911247354664349022387
6946082214477534318875369509675005943946787921534536472601227549666946617050
2789150860169163471191
75079059312195714051850387809145690563249711273033112354219
95940922841863648685296653996184939594695997171798858102322117415791395103392923404227565680928268850548202558
84931706852339316734349796283101212442229092657573462412606
215664410815375663447038906789665959331698154701591787337593791353291670574661779195207
9244145906747996707984798148168987273949153442284158415464640063834612634211070770392055899158509936515802610501
347110007314425736075397935884667161934775698439382081626844882068173976831639766580
54989524824016189260178037145185159881457109769428084688168
46273920
801760006537057961673227812496242446215843989126162638207868135228915685054399610768677453083
368582615811771728616262354901243093915939203241709636553654308590939556712628645662939258514759791
64651076940
1417390700
1876750001
6830713336042273
8957688007157804217976945268246951907336160680840989376416502
8113807171285476718240658479181864721088565839133472423356004036096773791821300257343110
46601391412329683705346875159839195788439987678
723286564
8503497610234198839575662155064916676503537743904573551211333376737413744503566
684408780494174006466422658
34118125200109158058782040308075130380804906078788364
3696458195688996178626285573384128342549876974
3062922420658470156940129393487867177904484586156266822928167607903160975134285532229117095975579130315
4375510289
91736605253779186481144033470310118
3791083348586751621306325619
78954207730452344858618548505638307359459165820084867938624897155140394847163234297247914788838329621291440
4758457989579464177743243147043350774680649154628845437195417735260
5118138624636915858851
56738338358
42451633104676347
102911
722766497612617116015182103713647915258900546749173094089726215480881359
14656324140170873542333990744820815145244426341906
73574840015697133755727373830871041637247414541697176332655932870247216808978995229648578065672287470305069543470
878715178825586054900266269166479109247799952918183237943336716567626539
8293972932025486020522330931493813923687532385387329295414912
540280515131167439573207804110880556564574802018259492712858775
41072436767329062882315
57079
1799359615586669246871857329938947042435156146324425293084482036
7383239655461835431023948618467489
3424792883910930056063875561086765344426669322238793725490
2606838466712
266817616939576390057502244668379188975650869250727229465628014876273150043678983393529704515287569983741328
9130309761452508279190144822483675932448773636846762495933621018912198442905273900000306255760919838845051
604272313895807916868860735699102084130004652033082627662536007151633938669966190
3784984766863270128
7097957199
56684239280986652517603003564103478774662270377993777990971589945887346030075356212221277528835845295
638952132326544099327303393095794982542390266655238132941058308875604090725
583449196215309792494752345344689779697536645279676523584707293799530633482046913510925277815177713188104390173309025
3564102327945507052153660591678490743030870407691182177682423463237840237886443799625056734768144922353828252925
190478569743439646669094730110350178610946711158219666848839193084431050512128229
88026742911267335677590995
973262450364409058169734732
3261366594496
6008137710915272634339951829899518198691465870647337636502208303814610109333193463
9937729134213366074687099993014
79528071241783659274058506246188971838821514118855817047554119951622905025697888569343813992940476065620842905014198
6101274868630337676106329
2516282094132729605355252831799265162436697921231702491594381839
3741815376547732479
2464132674139016848200877228771201237552496093872758273177541910512056581292412323825
687990948553684184453731052931358808598475926844899297786159946931934
6868710090876503667292143488637715477528803523508170484595867017668396426684690831971786120608315089
27841191481820092837481676324953624861578848875879936930527997250293460078630056283362
4969712574572557220
22800502923259686006304147635663422023940190085343152929694260450711602477037301632180466381824456933174274476784487398
89356627846292164252161603768211272325791758526497071340071368620341053950511
950525146304312
31397556650296628774279297374939956831854826291646806950379692
2141022331325745877361280406366236644131705705391451863716048713413190323554576538080
14051636982047204246720764326418139717573822621755314592206446811838
8455573414752379300956024
4226959064209216028548841626095210592142036656252805167290453619900058473875225975243648800563656133765731
547774508321859260124259051736539908420216860687178484004433848456523370902188165622950548117520531139287955733
32024354961456265740917902163560763029853731222815338924207477278
859731402912372582129873811438070764309826479382
9137137785628
79815372464600055782889269206915087719906605021706664649631837972554908808488057153584284272940041257927677047662292
683819912205408555692835367644661825736798692415
49420765374874398
329805820977886649903044616609062279892931067494851195991982
5365178356812950714535156891805472128193959640675821223850486530326169545158
7469898684934447115843996645348867096082104586996471698575255101356046878541121092883779768361932276616103
26993644257666124912400663300052934142857346007597193783132355
849201739149848292005822664376749755380302628931123399087319563779453041243812461614991022801748
662314371867215066315587437284104316772996874068008039691860659303501057606163
96065180952959162432362297287869881421329400025828072191014952530057857585110488363119875589528869038811212379382267
914565084141805946000050683580866219341063930274388306228662408578394760767016033057625794311
6918074597639482686975018385605182915089069045963558332063828595380262995187252874835884155174557423390487043817301925
7169802134568763241307744287996079087885639496410448635419745252528588860131153900287343912666432635745
61581513420444891478263106084030482946539329510421153278
62434699970570330368281259604116781591535432203446892538555777127185861167550606115497463378308
5196825313357554579089832993750617858903854689166444437810595799548767943316964269502001131802
72225482246122039742920721456058910559523297002096986552135526137587732707828
75092429894686563
7277135135
75496493542611459243564
469611829343346901500035912353423011512322
18262943776035377998126779965734211037309522980857946925241649632884942784655227217549
5977841902033289768409889721487130902709781973494297004671482803065
98963645917093384279433949919347555579860
241433841148917679
741694260185284218538509273017810414832604025
8938481788810309436817187439929681953483806145411205738997838846392755
927843891439293071397729957241391469
5640900966507593450784686381595665
11880443010302797523118288667149356461551910404583813
6183153625567256824689134377
391136466465290485407808698093537385453326717634
26259027581990357055958816434680383258375447709321645759095155024604090803507102209607724173115
3774990917602981406278319250553683541300706404837422789057185640988044362224442033449184373
625188277172937095821928067435685536844734466107508548116573265906802035977526354290361350398782601931271972523213079
92354511730336865311122825510281218588538903356149728602
603268270926588056311547611687937124473206673575011
5510374565645098997
48650679188474623537578732495181162024694374369288
2821792
6882411726245439160180776940082802363706438883355633389
9112738840070807819
87554149760787406810594968497573876454442346931233773268754773392006917618886294831163767656
11618349650360460296953014079314246945317533881699289390477756
1468120448891311738931854587614825023130455515963604186848660939681168980057150591040794752584615025545972
76307474909120547063230
4993561131760124106702674131333206261871743483188021417485156007929969457881819468981255108588734116684254316
834261831827805231234364741523374902797578444491767766689621458309351
5336958879243896534859919960
7858931682211145137717456691655694361630134732475017361298167170819917623047320542150134890637
1115147527993655091723514811686786013163670065836013385912579933924059
247407956
994419389674056248072264
949217792577565645732562364529337567998750280659067238905603271939621026331942369971418467872073055271
953669361446406761909232775412725028658242214180431525603770025288970682481158771734736874705715841438
53314997049613835522734866176837836498590835779
86017679590156282614162145926240872712165814493405005220458927939250854909645321799684702726297683969
337486956951594507605364203919022491390490401831964585558771032892494458727417748685931034958970545830492913246923586
955528511858089972427023624646758613345
5425719380731884515364347479708725066802901720898668246341
2924154372989966431887064205715478424185
453775843752282633640446237250426290609
852352210
9057249595599143640622977697140738815913418211460269887576174934944215264608354930226549641978055888055693875029760892
812038973400417326034235292561487448279452745927598320759414264472124292717336887353660357999141
45377788827051664663799276835230190323300093273905867570944832756282840492
134126945106448967230609478552433224498158034635859445
671418786759008394051485752534811335108427249671373206220885698898632268316802698249526235591437635
9075852002812513845189706090
4973218679
2334148242926236861666848519795050245238561471074954269819120009126693677510696494347643259980431710271966
856131048251450512434123557527609692137873537408806968635417796550681387286807
141465284283113363322441495806799
80676522518091134720082132134847356043703421
928599247660498558318
33223925064382812516430558795434683866179235903520138242576030732511
8175767838619065223646551214307790139802599396663546161156582663148087569260440095387537768429308919591
580254358932621
790551725541477065219215108580012782679329533995748674897349187158022074030582273367793754603656099360626779254572187496
3579286647929812069007621828876722202443328613691748544730674746107901798093532242784058114950
798758728307560
843888417280386168531269791592664457014479660428274229427010566975233351046124057027299
8743489149457
404792858548262274106403498134
9665835321225436248506298277438807449255352015602081437194261222263790709874243322553526328562547291965234920714685060
64185965505203339648375262309608581429045972788532270095839
255586827037650931054485674684570627713159868568951050488406156548789016540142881853016727818419
568474485979756858594253909921884482879269461204283672960478977893425
103834649373968
664233952860868851159709825240787140689500052668974111127782924996677937981337986582084995
5367003339418114490202560880818022202225867453292972136883712541037799641405626783271358895256771809991620141004817
1811611570620174506
97257793204301159156153657379390685587965224
21655935835862458578856533779348167959744149389709537258896570458421795373593880750687271731976667594281983116432504
954266147681433292976399938394829177589619961012348963245258616772487646804128290101268829435352
653369575106110478497817120349141389131275299102671075446454815175586422100279931092077432199693619810779676138547
231954480761462286635254718224690198791598
7054224077600153163629
60078552174838574974976757127708673359169134125287941327238476384625407438883993565372701650303035373464
507522961634403268170448845823812839416502585810046096
864700823657793496334024626359787047954847948940315703129142352
1896338481097724
59795386930888404341120189382857750458627901993056779053418
6210335546889236383309566749670047832422492355490
4856879974172698261256583538182659531184132882021
3673520822495059436307225975420026859061053732880769330457078596079364832179126493060
534014810860073935643968209992969865446249003393255112023436243827017200967533032671466979976521
54552503518541127025384651186243334655808365895335611752024839659
90477769015113560882566719
3665416030148235501555792994495
7067031930456557761577132556550601138441
10313788
904196759773056853686315004914531694241987230670151348346479988392927954946656659397893282920174207849
1050912688754057302654365365984092117009965521094103320408757900424731665003524953209334643867220
90580941482376973
6417755711198405903561234
7615171488600012406808807220669773501568426
259250491724635398184196694893
74164004891
848901783836034
729082841775922431511905822706016354044748367186388779592429593902599508851715651696612647906272084478563125
1275364611024312183173855054701425656362127582958881406792571927408740075562565792976727558826875
3953592939460736656524670
42658408797187181643189441523472936661231090918715283889369530615088956351122
929790661612076399
82070276648168985594136496728024888819322894
972475178549147
