id,file,line,kind,flags,decision,declaration
1,reference-semantics/semantics/assert.k,4,imports,,ACCEPTED_FIXED_SUPPLIED_SEMANTICS,imports MPY-CORE
2,reference-semantics/semantics/assert.k,6,rule,,ACCEPTED_FIXED_SUPPLIED_SEMANTICS,rule <k> Assert(V:Val) => .K ... </k> requires truthy(V)
3,reference-semantics/semantics/assert.k,8,rule,,ACCEPTED_FIXED_SUPPLIED_SEMANTICS,rule <k> Assert(V:Val) ~> _ => .K </k> <exc> NoExc => AssertionError </exc> <exit-code> _ => 1 </exit-code> requires notBool truthy(V)
4,reference-semantics/semantics/assert.k,13,rule,priority,ACCEPTED_FIXED_SUPPLIED_SEMANTICS,rule <k> Assert(ref(H:Int)) => Assert(V) ... </k> <heap> ... H |-> V:Val ... </heap> [priority(40)] endmodule
5,reference-semantics/semantics/bool.k,6,imports,,ACCEPTED_FIXED_SUPPLIED_SEMANTICS,imports MPY-CORE
6,reference-semantics/semantics/bool.k,8,rule,,ACCEPTED_FIXED_SUPPLIED_SEMANTICS,"rule applyUn(""not"", V:Val) => notBool truthy(V)"
7,reference-semantics/semantics/bool.k,10,rule,,ACCEPTED_FIXED_SUPPLIED_SEMANTICS,"rule applyCmp(""=="", B1:Bool, B2:Bool) => B1 ==Bool B2"
8,reference-semantics/semantics/bool.k,11,rule,,ACCEPTED_FIXED_SUPPLIED_SEMANTICS,"rule applyCmp(""!="", B1:Bool, B2:Bool) => B1 =/=Bool B2"
9,reference-semantics/semantics/bool.k,16,context,,ACCEPTED_FIXED_SUPPLIED_SEMANTICS,"context BoolOp(_, (HOLE:Expr, _:Exprs))"
10,reference-semantics/semantics/bool.k,17,rule,,ACCEPTED_FIXED_SUPPLIED_SEMANTICS,"rule <k> BoolOp(_:String, (V:Val, .Exprs)) => V ... </k>"
11,reference-semantics/semantics/bool.k,18,rule,,ACCEPTED_FIXED_SUPPLIED_SEMANTICS,"rule <k> BoolOp(""and"", (V:Val, A:Expr, REST:Exprs)) => BoolOp(""and"", (A, REST)) ... </k> requires truthy(V)"
12,reference-semantics/semantics/bool.k,20,rule,,ACCEPTED_FIXED_SUPPLIED_SEMANTICS,"rule <k> BoolOp(""and"", (V:Val, _:Expr, _:Exprs)) => V ... </k> requires notBool truthy(V)"
13,reference-semantics/semantics/bool.k,22,rule,,ACCEPTED_FIXED_SUPPLIED_SEMANTICS,"rule <k> BoolOp(""or"",  (V:Val, _:Expr, _:Exprs)) => V ... </k> requires truthy(V)"
14,reference-semantics/semantics/bool.k,24,rule,,ACCEPTED_FIXED_SUPPLIED_SEMANTICS,"rule <k> BoolOp(""or"",  (V:Val, A:Expr, REST:Exprs)) => BoolOp(""or"", (A, REST)) ... </k> requires notBool truthy(V)"
15,reference-semantics/semantics/bool.k,29,rule,priority,ACCEPTED_FIXED_SUPPLIED_SEMANTICS,"rule <k> BoolOp(_:String, (ref(H:Int), .Exprs)) => ref(H) ... </k> [priority(40)]"
16,reference-semantics/semantics/bool.k,31,rule,priority,ACCEPTED_FIXED_SUPPLIED_SEMANTICS,"rule <k> BoolOp(""and"", (ref(H:Int), A:Expr, REST:Exprs)) => BoolOp(""and"", (A, REST)) ... </k> <heap> ... H |-> V:Val ... </heap> requires truthy(V) [priority(40)]"
17,reference-semantics/semantics/bool.k,35,rule,priority,ACCEPTED_FIXED_SUPPLIED_SEMANTICS,"rule <k> BoolOp(""and"", (ref(H:Int), _:Expr, _:Exprs)) => ref(H) ... </k> <heap> ... H |-> V:Val ... </heap> requires notBool truthy(V) [priority(40)]"
18,reference-semantics/semantics/bool.k,39,rule,priority,ACCEPTED_FIXED_SUPPLIED_SEMANTICS,"rule <k> BoolOp(""or"", (ref(H:Int), _:Expr, _:Exprs)) => ref(H) ... </k> <heap> ... H |-> V:Val ... </heap> requires truthy(V) [priority(40)]"
19,reference-semantics/semantics/bool.k,43,rule,priority,ACCEPTED_FIXED_SUPPLIED_SEMANTICS,"rule <k> BoolOp(""or"", (ref(H:Int), A:Expr, REST:Exprs)) => BoolOp(""or"", (A, REST)) ... </k> <heap> ... H |-> V:Val ... </heap> requires notBool truthy(V) [priority(40)] endmodule"
20,reference-semantics/semantics/builtins.k,4,imports,,ACCEPTED_FIXED_SUPPLIED_SEMANTICS,imports MPY-CORE
21,reference-semantics/semantics/builtins.k,5,imports,,ACCEPTED_FIXED_SUPPLIED_SEMANTICS,imports MPY-STR
22,reference-semantics/semantics/builtins.k,6,imports,,ACCEPTED_FIXED_SUPPLIED_SEMANTICS,imports MPY-SET
23,reference-semantics/semantics/builtins.k,7,imports,,ACCEPTED_FIXED_SUPPLIED_SEMANTICS,imports MPY-ITER
24,reference-semantics/semantics/builtins.k,8,imports,,ACCEPTED_FIXED_SUPPLIED_SEMANTICS,imports MPY-RANGE
25,reference-semantics/semantics/builtins.k,9,imports,,ACCEPTED_FIXED_SUPPLIED_SEMANTICS,imports MPY-INT
26,reference-semantics/semantics/builtins.k,10,imports,,ACCEPTED_FIXED_SUPPLIED_SEMANTICS,imports MPY-METHODS
27,reference-semantics/semantics/builtins.k,17,syntax,function,ACCEPTED_FIXED_SUPPLIED_SEMANTICS,"syntax Val ::= applyBuiltin(String, Vals) [function]"
28,reference-semantics/semantics/builtins.k,20,syntax,function,ACCEPTED_FIXED_SUPPLIED_SEMANTICS,syntax Int ::= seqLen(Val) [function]
29,reference-semantics/semantics/builtins.k,21,rule,,ACCEPTED_FIXED_SUPPLIED_SEMANTICS,"rule applyBuiltin(""len"", OBJ:Val, .Vals) => seqLen(OBJ)"
30,reference-semantics/semantics/builtins.k,22,rule,,ACCEPTED_FIXED_SUPPLIED_SEMANTICS,rule seqLen(list(VS:ValSeq))                  => vsLen(VS)
31,reference-semantics/semantics/builtins.k,23,rule,,ACCEPTED_FIXED_SUPPLIED_SEMANTICS,rule seqLen(tuple(VS:ValSeq))                 => vsLen(VS)
32,reference-semantics/semantics/builtins.k,24,rule,,ACCEPTED_FIXED_SUPPLIED_SEMANTICS,rule seqLen(str(IS:IntSeq))                   => isLen(IS)
33,reference-semantics/semantics/builtins.k,25,rule,,ACCEPTED_FIXED_SUPPLIED_SEMANTICS,rule seqLen(setV(DS:IntSeq))                  => isLen(DS)
34,reference-semantics/semantics/builtins.k,26,rule,,ACCEPTED_FIXED_SUPPLIED_SEMANTICS,"rule seqLen(rangeObj(LO:Int, HI:Int, ST:Int)) => rangeLen(LO, HI, ST)"
35,reference-semantics/semantics/builtins.k,32,rule,,ACCEPTED_FIXED_SUPPLIED_SEMANTICS,"rule <k> #applyK(toCall(builtinV(""list"")), (list(VS:ValSeq),  .Vals)) => #alloc(list(VS)) ... </k>"
36,reference-semantics/semantics/builtins.k,33,rule,,ACCEPTED_FIXED_SUPPLIED_SEMANTICS,"rule <k> #applyK(toCall(builtinV(""list"")), (tuple(VS:ValSeq), .Vals)) => #alloc(list(VS)) ... </k>"
37,reference-semantics/semantics/builtins.k,34,rule,,ACCEPTED_FIXED_SUPPLIED_SEMANTICS,"rule <k> #applyK(toCall(builtinV(""list"")), .Vals)                     => #alloc(list(.ValSeq)) ... </k>"
38,reference-semantics/semantics/builtins.k,35,rule,,ACCEPTED_FIXED_SUPPLIED_SEMANTICS,"rule <k> #applyK(toCall(builtinV(""list"")), (str(CS:IntSeq), .Vals))   => #alloc(list(charsOf(CS))) ... </k>"
39,reference-semantics/semantics/builtins.k,36,syntax,"function,total",ACCEPTED_FIXED_SUPPLIED_SEMANTICS,"syntax ValSeq ::= charsOf(IntSeq) [function, total]"
40,reference-semantics/semantics/builtins.k,37,rule,,ACCEPTED_FIXED_SUPPLIED_SEMANTICS,rule charsOf(.IntSeq)                => .ValSeq
41,reference-semantics/semantics/builtins.k,38,rule,,ACCEPTED_FIXED_SUPPLIED_SEMANTICS,"rule charsOf(iCons(C:Int, R:IntSeq)) => vCons(str(iCons(C, .IntSeq)), charsOf(R))"
42,reference-semantics/semantics/builtins.k,41,rule,,ACCEPTED_FIXED_SUPPLIED_SEMANTICS,"rule applyBuiltin(""set"", str(CS:IntSeq), .Vals) => setV(dedupCodes(CS))"
43,reference-semantics/semantics/builtins.k,44,rule,,ACCEPTED_FIXED_SUPPLIED_SEMANTICS,"rule applyBuiltin(""abs"", I:Int, .Vals) => absInt(I)"
44,reference-semantics/semantics/builtins.k,47,syntax,,ACCEPTED_FIXED_SUPPLIED_SEMANTICS,"syntax KItem ::= #sumAcc(Iterable, Int) | #sumCont(Int)"
45,reference-semantics/semantics/builtins.k,48,rule,,ACCEPTED_FIXED_SUPPLIED_SEMANTICS,"rule <k> #sumAcc(IT:Iterable, ACC:Int) => #iterNext(IT) ~> #sumCont(ACC) ... </k>"
46,reference-semantics/semantics/builtins.k,49,rule,,ACCEPTED_FIXED_SUPPLIED_SEMANTICS,rule <k> #iterDone ~> #sumCont(ACC:Int) => ACC ... </k>
47,reference-semantics/semantics/builtins.k,50,rule,,ACCEPTED_FIXED_SUPPLIED_SEMANTICS,"rule <k> #iterYield(V:Val, R:Iterable) ~> #sumCont(ACC:Int) => #sumAcc(R, ACC +Int intOf(V)) ... </k> requires isInt(V) orBool isBool(V)"
48,reference-semantics/semantics/builtins.k,54,syntax,function,ACCEPTED_FIXED_SUPPLIED_SEMANTICS,syntax Int ::= intOf(Val) [function]
49,reference-semantics/semantics/builtins.k,55,rule,,ACCEPTED_FIXED_SUPPLIED_SEMANTICS,rule intOf(I:Int)  => I
50,reference-semantics/semantics/builtins.k,56,rule,,ACCEPTED_FIXED_SUPPLIED_SEMANTICS,rule intOf(B:Bool) => #if B #then 1 #else 0 #fi
51,reference-semantics/semantics/builtins.k,59,syntax,,ACCEPTED_FIXED_SUPPLIED_SEMANTICS,"syntax KItem ::= #allAcc(Iterable) | ""#allCont"""
52,reference-semantics/semantics/builtins.k,60,rule,,ACCEPTED_FIXED_SUPPLIED_SEMANTICS,rule <k> #allAcc(IT:Iterable) => #iterNext(IT) ~> #allCont ... </k>
53,reference-semantics/semantics/builtins.k,61,rule,,ACCEPTED_FIXED_SUPPLIED_SEMANTICS,rule <k> #iterDone ~> #allCont => true ... </k>
54,reference-semantics/semantics/builtins.k,62,rule,,ACCEPTED_FIXED_SUPPLIED_SEMANTICS,"rule <k> #iterYield(V:Val, R:Iterable) ~> #allCont => #allAcc(R) ... </k> requires truthy(V)"
55,reference-semantics/semantics/builtins.k,64,rule,,ACCEPTED_FIXED_SUPPLIED_SEMANTICS,"rule <k> #iterYield(V:Val, _:Iterable) ~> #allCont => false ... </k> requires notBool truthy(V)"
56,reference-semantics/semantics/builtins.k,67,syntax,,ACCEPTED_FIXED_SUPPLIED_SEMANTICS,"syntax KItem ::= #anyAcc(Iterable) | ""#anyCont"""
57,reference-semantics/semantics/builtins.k,68,rule,,ACCEPTED_FIXED_SUPPLIED_SEMANTICS,rule <k> #anyAcc(IT:Iterable) => #iterNext(IT) ~> #anyCont ... </k>
58,reference-semantics/semantics/builtins.k,69,rule,,ACCEPTED_FIXED_SUPPLIED_SEMANTICS,rule <k> #iterDone ~> #anyCont => false ... </k>
59,reference-semantics/semantics/builtins.k,70,rule,,ACCEPTED_FIXED_SUPPLIED_SEMANTICS,"rule <k> #iterYield(V:Val, _:Iterable) ~> #anyCont => true ... </k> requires truthy(V)"
60,reference-semantics/semantics/builtins.k,72,rule,,ACCEPTED_FIXED_SUPPLIED_SEMANTICS,"rule <k> #iterYield(V:Val, R:Iterable) ~> #anyCont => #anyAcc(R) ... </k> requires notBool truthy(V)"
61,reference-semantics/semantics/builtins.k,76,syntax,,ACCEPTED_FIXED_SUPPLIED_SEMANTICS,"syntax KItem ::= #maxAcc0(Iterable) | ""#maxCont0"" | #maxAcc(Iterable, Int) | #maxCont(Int)"
62,reference-semantics/semantics/builtins.k,77,rule,,ACCEPTED_FIXED_SUPPLIED_SEMANTICS,rule <k> #maxAcc0(IT:Iterable) => #iterNext(IT) ~> #maxCont0 ... </k>
63,reference-semantics/semantics/builtins.k,78,rule,,ACCEPTED_FIXED_SUPPLIED_SEMANTICS,"rule <k> #iterYield(V:Val, R:Iterable) ~> #maxCont0 => #maxAcc(R, {V}:>Int) ... </k> requires isInt(V)"
64,reference-semantics/semantics/builtins.k,80,rule,,ACCEPTED_FIXED_SUPPLIED_SEMANTICS,"rule <k> #maxAcc(IT:Iterable, M:Int) => #iterNext(IT) ~> #maxCont(M) ... </k>"
65,reference-semantics/semantics/builtins.k,81,rule,,ACCEPTED_FIXED_SUPPLIED_SEMANTICS,rule <k> #iterDone ~> #maxCont(M:Int) => M ... </k>
66,reference-semantics/semantics/builtins.k,82,rule,,ACCEPTED_FIXED_SUPPLIED_SEMANTICS,"rule <k> #iterYield(V:Val, R:Iterable) ~> #maxCont(M:Int) => #maxAcc(R, maxInt(M, {V}:>Int)) ... </k> requires isInt(V)"
67,reference-semantics/semantics/builtins.k,86,syntax,,ACCEPTED_FIXED_SUPPLIED_SEMANTICS,"syntax KItem ::= #minAcc0(Iterable) | ""#minCont0"" | #minAcc(Iterable, Int) | #minCont(Int)"
68,reference-semantics/semantics/builtins.k,87,rule,,ACCEPTED_FIXED_SUPPLIED_SEMANTICS,rule <k> #minAcc0(IT:Iterable) => #iterNext(IT) ~> #minCont0 ... </k>
69,reference-semantics/semantics/builtins.k,88,rule,,ACCEPTED_FIXED_SUPPLIED_SEMANTICS,"rule <k> #iterYield(V:Val, R:Iterable) ~> #minCont0 => #minAcc(R, {V}:>Int) ... </k> requires isInt(V)"
70,reference-semantics/semantics/builtins.k,90,rule,,ACCEPTED_FIXED_SUPPLIED_SEMANTICS,"rule <k> #minAcc(IT:Iterable, M:Int) => #iterNext(IT) ~> #minCont(M) ... </k>"
71,reference-semantics/semantics/builtins.k,91,rule,,ACCEPTED_FIXED_SUPPLIED_SEMANTICS,rule <k> #iterDone ~> #minCont(M:Int) => M ... </k>
72,reference-semantics/semantics/builtins.k,92,rule,,ACCEPTED_FIXED_SUPPLIED_SEMANTICS,"rule <k> #iterYield(V:Val, R:Iterable) ~> #minCont(M:Int) => #minAcc(R, minInt(M, {V}:>Int)) ... </k> requires isInt(V)"
73,reference-semantics/semantics/builtins.k,97,syntax,function,ACCEPTED_FIXED_SUPPLIED_SEMANTICS,"syntax Int ::= maxVals(Int, Vals) [function]"
74,reference-semantics/semantics/builtins.k,98,rule,,ACCEPTED_FIXED_SUPPLIED_SEMANTICS,"rule applyBuiltin(""max"", I:Int, REST:Vals) => maxVals(I, REST)"
75,reference-semantics/semantics/builtins.k,99,rule,,ACCEPTED_FIXED_SUPPLIED_SEMANTICS,"rule maxVals(M:Int, .Vals)           => M"
76,reference-semantics/semantics/builtins.k,100,rule,,ACCEPTED_FIXED_SUPPLIED_SEMANTICS,"rule maxVals(M:Int, (I:Int, R:Vals)) => maxVals(maxInt(M, I), R)"
77,reference-semantics/semantics/builtins.k,102,syntax,function,ACCEPTED_FIXED_SUPPLIED_SEMANTICS,"syntax Int ::= minVals(Int, Vals) [function]"
78,reference-semantics/semantics/builtins.k,103,rule,,ACCEPTED_FIXED_SUPPLIED_SEMANTICS,"rule applyBuiltin(""min"", I:Int, REST:Vals) => minVals(I, REST)"
79,reference-semantics/semantics/builtins.k,104,rule,,ACCEPTED_FIXED_SUPPLIED_SEMANTICS,"rule minVals(M:Int, .Vals)           => M"
80,reference-semantics/semantics/builtins.k,105,rule,,ACCEPTED_FIXED_SUPPLIED_SEMANTICS,"rule minVals(M:Int, (I:Int, R:Vals)) => minVals(minInt(M, I), R)"
81,reference-semantics/semantics/builtins.k,108,rule,,ACCEPTED_FIXED_SUPPLIED_SEMANTICS,"rule applyBuiltin(""bin"", N:Int, .Vals) => str(iCons(48, iCons(98, binCodes(N)))) requires N >=Int 0"
82,reference-semantics/semantics/builtins.k,111,rule,,ACCEPTED_FIXED_SUPPLIED_SEMANTICS,"rule applyBuiltin(""bin"", N:Int, .Vals) => str(iCons(45, iCons(48, iCons(98, binCodes(0 -Int N))))) requires N <Int 0"
83,reference-semantics/semantics/builtins.k,114,syntax,"function,total",ACCEPTED_FIXED_SUPPLIED_SEMANTICS,"syntax IntSeq ::= binCodes(Int) [function, total]"
84,reference-semantics/semantics/builtins.k,115,rule,,ACCEPTED_FIXED_SUPPLIED_SEMANTICS,"rule binCodes(0) => iCons(48, .IntSeq)"
85,reference-semantics/semantics/builtins.k,116,rule,,ACCEPTED_FIXED_SUPPLIED_SEMANTICS,"rule binCodes(N:Int) => binAcc(N, .IntSeq) requires N >Int 0"
86,reference-semantics/semantics/builtins.k,117,syntax,"function,total",ACCEPTED_FIXED_SUPPLIED_SEMANTICS,"syntax IntSeq ::= binAcc(Int, IntSeq) [function, total]"
87,reference-semantics/semantics/builtins.k,118,rule,,ACCEPTED_FIXED_SUPPLIED_SEMANTICS,"rule binAcc(0, ACC:IntSeq) => ACC"
88,reference-semantics/semantics/builtins.k,119,rule,,ACCEPTED_FIXED_SUPPLIED_SEMANTICS,"rule binAcc(N:Int, ACC:IntSeq) => binAcc((N -Int pyMod(N, 2)) /Int 2, iCons(48 +Int pyMod(N, 2), ACC)) requires N >Int 0"
89,reference-semantics/semantics/builtins.k,124,rule,,ACCEPTED_FIXED_SUPPLIED_SEMANTICS,"rule <k> #applyK(toCall(builtinV(""enumerate"")), (list(VS:ValSeq), .Vals)) => #alloc(list(enumVS(VS, 0))) ... </k>"
90,reference-semantics/semantics/builtins.k,126,syntax,"function,total",ACCEPTED_FIXED_SUPPLIED_SEMANTICS,"syntax ValSeq ::= enumVS(ValSeq, Int) [function, total]"
91,reference-semantics/semantics/builtins.k,127,rule,,ACCEPTED_FIXED_SUPPLIED_SEMANTICS,"rule enumVS(.ValSeq, _:Int) => .ValSeq"
92,reference-semantics/semantics/builtins.k,128,rule,,ACCEPTED_FIXED_SUPPLIED_SEMANTICS,"rule enumVS(vCons(V:Val, R:ValSeq), I:Int) => vCons(tuple(vCons(I, vCons(V, .ValSeq))), enumVS(R, I +Int 1))"
93,reference-semantics/semantics/builtins.k,132,rule,,ACCEPTED_FIXED_SUPPLIED_SEMANTICS,"rule <k> #applyK(toCall(builtinV(""map"")), (typeV(""str""), list(VS:ValSeq), .Vals)) => #alloc(list(mapStrVS(VS))) ... </k>"
94,reference-semantics/semantics/builtins.k,134,syntax,"function,total",ACCEPTED_FIXED_SUPPLIED_SEMANTICS,"syntax ValSeq ::= mapStrVS(ValSeq) [function, total]"
95,reference-semantics/semantics/builtins.k,135,rule,,ACCEPTED_FIXED_SUPPLIED_SEMANTICS,rule mapStrVS(.ValSeq) => .ValSeq
96,reference-semantics/semantics/builtins.k,136,rule,,ACCEPTED_FIXED_SUPPLIED_SEMANTICS,"rule mapStrVS(vCons(I:Int, R:ValSeq)) => vCons(str(strToCodes(Int2String(I))), mapStrVS(R))"
97,reference-semantics/semantics/builtins.k,137,rule,,ACCEPTED_FIXED_SUPPLIED_SEMANTICS,"rule mapStrVS(vCons(str(CS:IntSeq), R:ValSeq)) => vCons(str(CS), mapStrVS(R))"
98,reference-semantics/semantics/builtins.k,140,rule,,ACCEPTED_FIXED_SUPPLIED_SEMANTICS,"rule applyBuiltin(""int"", I:Int, .Vals) => I"
99,reference-semantics/semantics/builtins.k,143,rule,,ACCEPTED_FIXED_SUPPLIED_SEMANTICS,"rule applyBuiltin(""ord"", str(iCons(C:Int, .IntSeq)), .Vals) => C"
100,reference-semantics/semantics/builtins.k,144,rule,,ACCEPTED_FIXED_SUPPLIED_SEMANTICS,"rule applyBuiltin(""chr"", I:Int, .Vals) => str(iCons(I, .IntSeq)) requires 0 <=Int I andBool I <Int 128"
101,reference-semantics/semantics/builtins.k,148,rule,,ACCEPTED_FIXED_SUPPLIED_SEMANTICS,"rule applyBuiltin(""str"", I:Int, .Vals)       => str(strToCodes(Int2String(I)))"
102,reference-semantics/semantics/builtins.k,149,rule,,ACCEPTED_FIXED_SUPPLIED_SEMANTICS,"rule applyBuiltin(""str"", str(CS:IntSeq), .Vals) => str(CS)"
103,reference-semantics/semantics/builtins.k,152,rule,,ACCEPTED_FIXED_SUPPLIED_SEMANTICS,"rule applyBuiltin(""int"", str(iCons(C:Int, .IntSeq)), .Vals) => C -Int 48 requires 48 <=Int C andBool C <=Int 57"
104,reference-semantics/semantics/builtins.k,156,rule,,ACCEPTED_FIXED_SUPPLIED_SEMANTICS,"rule applyBuiltin(""int"", str(CS:IntSeq), .Vals) => intDigAcc(CS, 0) requires isLen(CS) >=Int 2"
105,reference-semantics/semantics/builtins.k,158,syntax,"function,total",ACCEPTED_FIXED_SUPPLIED_SEMANTICS,"syntax Int ::= intDigAcc(IntSeq, Int) [function, total]"
106,reference-semantics/semantics/builtins.k,159,rule,,ACCEPTED_FIXED_SUPPLIED_SEMANTICS,"rule intDigAcc(.IntSeq, ACC:Int)             => ACC"
107,reference-semantics/semantics/builtins.k,160,rule,,ACCEPTED_FIXED_SUPPLIED_SEMANTICS,"rule intDigAcc(iCons(C:Int, R:IntSeq), ACC:Int) => intDigAcc(R, (ACC *Int 10) +Int (C -Int 48))"
108,reference-semantics/semantics/builtins.k,163,rule,,ACCEPTED_FIXED_SUPPLIED_SEMANTICS,"rule applyBuiltin(""zip"", list(A:ValSeq), list(B:ValSeq), .Vals) => zipObj(A, B)"
109,reference-semantics/semantics/builtins.k,164,rule,,ACCEPTED_FIXED_SUPPLIED_SEMANTICS,"rule applyBuiltin(""zip"", str(A:IntSeq), str(B:IntSeq), .Vals)   => zipObjS(A, B)"
110,reference-semantics/semantics/builtins.k,167,rule,,ACCEPTED_FIXED_SUPPLIED_SEMANTICS,"rule <k> #iterNext(zipObj(vCons(A:Val, As:ValSeq), vCons(B:Val, Bs:ValSeq))) => #iterYield(tuple(vCons(A, vCons(B, .ValSeq))), zipObj(As, Bs)) ... </k>"
111,reference-semantics/semantics/builtins.k,169,rule,,ACCEPTED_FIXED_SUPPLIED_SEMANTICS,"rule <k> #iterNext(zipObj(.ValSeq, _:ValSeq))               => #iterDone ... </k>"
112,reference-semantics/semantics/builtins.k,170,rule,,ACCEPTED_FIXED_SUPPLIED_SEMANTICS,"rule <k> #iterNext(zipObj(vCons(_:Val, _:ValSeq), .ValSeq)) => #iterDone ... </k>"
113,reference-semantics/semantics/builtins.k,171,rule,,ACCEPTED_FIXED_SUPPLIED_SEMANTICS,"rule <k> #iterNext(zipObjS(iCons(A:Int, As:IntSeq), iCons(B:Int, Bs:IntSeq))) => #iterYield(tuple(vCons(str(iCons(A, .IntSeq)), vCons(str(iCons(B, .IntSeq)), .ValSeq))), zipObjS(As, Bs)) ... </k>"
114,reference-semantics/semantics/builtins.k,173,rule,,ACCEPTED_FIXED_SUPPLIED_SEMANTICS,"rule <k> #iterNext(zipObjS(.IntSeq, _:IntSeq))              => #iterDone ... </k>"
115,reference-semantics/semantics/builtins.k,174,rule,,ACCEPTED_FIXED_SUPPLIED_SEMANTICS,"rule <k> #iterNext(zipObjS(iCons(_:Int, _:IntSeq), .IntSeq)) => #iterDone ... </k>"
116,reference-semantics/semantics/builtins.k,177,rule,,ACCEPTED_FIXED_SUPPLIED_SEMANTICS,"rule applyBuiltin(""range"", I:Int, .Vals)               => rangeObj(0, I, 1)"
117,reference-semantics/semantics/builtins.k,178,rule,,ACCEPTED_FIXED_SUPPLIED_SEMANTICS,"rule applyBuiltin(""range"", A:Int, B:Int, .Vals)        => rangeObj(A, B, 1)"
118,reference-semantics/semantics/builtins.k,179,rule,,ACCEPTED_FIXED_SUPPLIED_SEMANTICS,"rule applyBuiltin(""range"", A:Int, B:Int, S:Int, .Vals) => rangeObj(A, B, S) requires S =/=Int 0"
119,reference-semantics/semantics/builtins.k,187,rule,,ACCEPTED_FIXED_SUPPLIED_SEMANTICS,"rule applyBuiltin(""eval"", str(CS:IntSeq), .Vals) => evalArith(CS)"
120,reference-semantics/semantics/builtins.k,188,syntax,function,ACCEPTED_FIXED_SUPPLIED_SEMANTICS,syntax Int ::= evalArith(IntSeq) [function]
121,reference-semantics/semantics/builtins.k,189,rule,,ACCEPTED_FIXED_SUPPLIED_SEMANTICS,"rule evalArith(CS:IntSeq) => firstNdE(passAddE(passMulE(passPowE(tokOps(CS), tokNds(CS)))))"
122,reference-semantics/semantics/builtins.k,192,syntax,,ACCEPTED_FIXED_SUPPLIED_SEMANTICS,"syntax OpSeq ::= "".OpSeq"" | oCons(String, OpSeq)"
123,reference-semantics/semantics/builtins.k,194,syntax,"function,total",ACCEPTED_FIXED_SUPPLIED_SEMANTICS,"syntax Bool ::= evDigit(Int) [function, total]"
124,reference-semantics/semantics/builtins.k,195,rule,,ACCEPTED_FIXED_SUPPLIED_SEMANTICS,rule evDigit(C:Int) => C >=Int 48 andBool C <=Int 57
125,reference-semantics/semantics/builtins.k,196,syntax,"function,total",ACCEPTED_FIXED_SUPPLIED_SEMANTICS,"syntax Bool ::= evHead42(IntSeq) [function, total]"
126,reference-semantics/semantics/builtins.k,197,rule,,ACCEPTED_FIXED_SUPPLIED_SEMANTICS,"rule evHead42(iCons(42, _:IntSeq)) => true"
127,reference-semantics/semantics/builtins.k,198,rule,owise,ACCEPTED_FIXED_SUPPLIED_SEMANTICS,rule evHead42(_:IntSeq)            => false [owise]
128,reference-semantics/semantics/builtins.k,199,syntax,"function,total",ACCEPTED_FIXED_SUPPLIED_SEMANTICS,"syntax Bool ::= evHead47(IntSeq) [function, total]"
129,reference-semantics/semantics/builtins.k,200,rule,,ACCEPTED_FIXED_SUPPLIED_SEMANTICS,"rule evHead47(iCons(47, _:IntSeq)) => true"
130,reference-semantics/semantics/builtins.k,201,rule,owise,ACCEPTED_FIXED_SUPPLIED_SEMANTICS,rule evHead47(_:IntSeq)            => false [owise]
131,reference-semantics/semantics/builtins.k,203,syntax,"function,total",ACCEPTED_FIXED_SUPPLIED_SEMANTICS,"syntax OpSeq ::= tokOps(IntSeq) [function, total]"
132,reference-semantics/semantics/builtins.k,204,rule,,ACCEPTED_FIXED_SUPPLIED_SEMANTICS,rule tokOps(.IntSeq)                 => .OpSeq
133,reference-semantics/semantics/builtins.k,205,rule,,ACCEPTED_FIXED_SUPPLIED_SEMANTICS,"rule tokOps(iCons(32, R:IntSeq))     => tokOps(R)"
134,reference-semantics/semantics/builtins.k,206,rule,,ACCEPTED_FIXED_SUPPLIED_SEMANTICS,"rule tokOps(iCons(C:Int, R:IntSeq))  => tokOps(R) requires evDigit(C)"
135,reference-semantics/semantics/builtins.k,207,rule,,ACCEPTED_FIXED_SUPPLIED_SEMANTICS,"rule tokOps(iCons(42, iCons(42, R:IntSeq))) => oCons(""**"", tokOps(R))"
136,reference-semantics/semantics/builtins.k,208,rule,,ACCEPTED_FIXED_SUPPLIED_SEMANTICS,"rule tokOps(iCons(42, R:IntSeq))     => oCons(""*"", tokOps(R)) requires notBool evHead42(R)"
137,reference-semantics/semantics/builtins.k,209,rule,,ACCEPTED_FIXED_SUPPLIED_SEMANTICS,"rule tokOps(iCons(47, iCons(47, R:IntSeq))) => oCons(""//"", tokOps(R))"
138,reference-semantics/semantics/builtins.k,210,rule,,ACCEPTED_FIXED_SUPPLIED_SEMANTICS,"rule tokOps(iCons(47, R:IntSeq))     => oCons(""/"", tokOps(R)) requires notBool evHead47(R)"
139,reference-semantics/semantics/builtins.k,211,rule,,ACCEPTED_FIXED_SUPPLIED_SEMANTICS,"rule tokOps(iCons(43, R:IntSeq))     => oCons(""+"", tokOps(R))"
140,reference-semantics/semantics/builtins.k,212,rule,,ACCEPTED_FIXED_SUPPLIED_SEMANTICS,"rule tokOps(iCons(45, R:IntSeq))     => oCons(""-"", tokOps(R))"
141,reference-semantics/semantics/builtins.k,214,syntax,"function,total",ACCEPTED_FIXED_SUPPLIED_SEMANTICS,"syntax IntSeq ::= tokNds(IntSeq) [function, total] | tokNdAcc(Int, IntSeq) [function, total]"
142,reference-semantics/semantics/builtins.k,216,rule,,ACCEPTED_FIXED_SUPPLIED_SEMANTICS,rule tokNds(.IntSeq)                => .IntSeq
143,reference-semantics/semantics/builtins.k,217,rule,,ACCEPTED_FIXED_SUPPLIED_SEMANTICS,"rule tokNds(iCons(32, R:IntSeq))    => tokNds(R)"
144,reference-semantics/semantics/builtins.k,218,rule,,ACCEPTED_FIXED_SUPPLIED_SEMANTICS,"rule tokNds(iCons(C:Int, R:IntSeq)) => tokNdAcc(C -Int 48, R) requires evDigit(C)"
145,reference-semantics/semantics/builtins.k,219,rule,,ACCEPTED_FIXED_SUPPLIED_SEMANTICS,"rule tokNds(iCons(C:Int, R:IntSeq)) => tokNds(R) requires notBool evDigit(C) andBool C =/=Int 32"
146,reference-semantics/semantics/builtins.k,221,rule,,ACCEPTED_FIXED_SUPPLIED_SEMANTICS,"rule tokNdAcc(A:Int, iCons(C:Int, R:IntSeq)) => tokNdAcc(A *Int 10 +Int (C -Int 48), R) requires evDigit(C)"
147,reference-semantics/semantics/builtins.k,223,rule,owise,ACCEPTED_FIXED_SUPPLIED_SEMANTICS,"rule tokNdAcc(A:Int, S:IntSeq) => iCons(A, tokNds(S)) [owise]"
148,reference-semantics/semantics/builtins.k,225,syntax,,ACCEPTED_FIXED_SUPPLIED_SEMANTICS,"syntax EvPair ::= evp(OpSeq, IntSeq)"
149,reference-semantics/semantics/builtins.k,226,syntax,"function,total",ACCEPTED_FIXED_SUPPLIED_SEMANTICS,"syntax Int ::= firstNdE(EvPair) [function, total]"
150,reference-semantics/semantics/builtins.k,227,rule,,ACCEPTED_FIXED_SUPPLIED_SEMANTICS,"rule firstNdE(evp(_:OpSeq, iCons(N:Int, _:IntSeq))) => N"
151,reference-semantics/semantics/builtins.k,228,rule,owise,ACCEPTED_FIXED_SUPPLIED_SEMANTICS,rule firstNdE(_:EvPair) => 0 [owise]
152,reference-semantics/semantics/builtins.k,230,syntax,"function,total",ACCEPTED_FIXED_SUPPLIED_SEMANTICS,"syntax Int ::= applyOpE(String, Int, Int) [function, total]"
153,reference-semantics/semantics/builtins.k,231,rule,,ACCEPTED_FIXED_SUPPLIED_SEMANTICS,"rule applyOpE(""+"",  A:Int, B:Int) => A +Int B"
154,reference-semantics/semantics/builtins.k,232,rule,,ACCEPTED_FIXED_SUPPLIED_SEMANTICS,"rule applyOpE(""-"",  A:Int, B:Int) => A -Int B"
155,reference-semantics/semantics/builtins.k,233,rule,,ACCEPTED_FIXED_SUPPLIED_SEMANTICS,"rule applyOpE(""*"",  A:Int, B:Int) => A *Int B"
156,reference-semantics/semantics/builtins.k,234,rule,,ACCEPTED_FIXED_SUPPLIED_SEMANTICS,"rule applyOpE(""//"", A:Int, B:Int) => A divInt B"
157,reference-semantics/semantics/builtins.k,235,rule,,ACCEPTED_FIXED_SUPPLIED_SEMANTICS,"rule applyOpE(""**"", A:Int, B:Int) => A ^Int B"
158,reference-semantics/semantics/builtins.k,236,rule,owise,ACCEPTED_FIXED_SUPPLIED_SEMANTICS,"rule applyOpE(_:String, A:Int, _:Int) => A [owise]"
159,reference-semantics/semantics/builtins.k,238,syntax,"function,total",ACCEPTED_FIXED_SUPPLIED_SEMANTICS,"syntax EvPair ::= passPowE(OpSeq, IntSeq) [function, total]"
160,reference-semantics/semantics/builtins.k,239,rule,,ACCEPTED_FIXED_SUPPLIED_SEMANTICS,"rule passPowE(.OpSeq, NDS:IntSeq) => evp(.OpSeq, NDS)"
161,reference-semantics/semantics/builtins.k,240,rule,,ACCEPTED_FIXED_SUPPLIED_SEMANTICS,"rule passPowE(oCons(""**"", OPS:OpSeq), iCons(N:Int, NDS:IntSeq)) => powCombE(N, passPowE(OPS, NDS))"
162,reference-semantics/semantics/builtins.k,241,rule,,ACCEPTED_FIXED_SUPPLIED_SEMANTICS,"rule passPowE(oCons(O:String, OPS:OpSeq), iCons(N:Int, NDS:IntSeq)) => powCarryE(O, N, passPowE(OPS, NDS)) requires O =/=String ""**"""
163,reference-semantics/semantics/builtins.k,243,rule,owise,ACCEPTED_FIXED_SUPPLIED_SEMANTICS,"rule passPowE(_:OpSeq, .IntSeq) => evp(.OpSeq, .IntSeq) [owise]"
164,reference-semantics/semantics/builtins.k,244,syntax,"function,total",ACCEPTED_FIXED_SUPPLIED_SEMANTICS,"syntax EvPair ::= powCombE(Int, EvPair) [function, total]"
165,reference-semantics/semantics/builtins.k,245,rule,,ACCEPTED_FIXED_SUPPLIED_SEMANTICS,"rule powCombE(N:Int, evp(OPS:OpSeq, iCons(M:Int, REST:IntSeq))) => evp(OPS, iCons(N ^Int M, REST))"
166,reference-semantics/semantics/builtins.k,246,rule,,ACCEPTED_FIXED_SUPPLIED_SEMANTICS,"rule powCombE(N:Int, evp(OPS:OpSeq, .IntSeq)) => evp(OPS, iCons(N, .IntSeq))"
167,reference-semantics/semantics/builtins.k,247,syntax,"function,total",ACCEPTED_FIXED_SUPPLIED_SEMANTICS,"syntax EvPair ::= powCarryE(String, Int, EvPair) [function, total]"
168,reference-semantics/semantics/builtins.k,248,rule,,ACCEPTED_FIXED_SUPPLIED_SEMANTICS,"rule powCarryE(O:String, N:Int, evp(OPS:OpSeq, NDS:IntSeq)) => evp(oCons(O, OPS), iCons(N, NDS))"
169,reference-semantics/semantics/builtins.k,250,syntax,"function,total",ACCEPTED_FIXED_SUPPLIED_SEMANTICS,"syntax EvPair ::= passMulE(EvPair) [function, total] | passAddE(EvPair) [function, total]"
170,reference-semantics/semantics/builtins.k,251,rule,,ACCEPTED_FIXED_SUPPLIED_SEMANTICS,"rule passMulE(evp(OPS:OpSeq, iCons(N0:Int, NDS:IntSeq))) => passLGoE(""mul"", N0, OPS, NDS, .OpSeq, .IntSeq)"
171,reference-semantics/semantics/builtins.k,252,rule,,ACCEPTED_FIXED_SUPPLIED_SEMANTICS,"rule passMulE(evp(OPS:OpSeq, .IntSeq)) => evp(OPS, .IntSeq)"
172,reference-semantics/semantics/builtins.k,253,rule,,ACCEPTED_FIXED_SUPPLIED_SEMANTICS,"rule passAddE(evp(OPS:OpSeq, iCons(N0:Int, NDS:IntSeq))) => passLGoE(""add"", N0, OPS, NDS, .OpSeq, .IntSeq)"
173,reference-semantics/semantics/builtins.k,254,rule,,ACCEPTED_FIXED_SUPPLIED_SEMANTICS,"rule passAddE(evp(OPS:OpSeq, .IntSeq)) => evp(OPS, .IntSeq)"
174,reference-semantics/semantics/builtins.k,255,syntax,"function,total",ACCEPTED_FIXED_SUPPLIED_SEMANTICS,"syntax EvPair ::= passLGoE(String, Int, OpSeq, IntSeq, OpSeq, IntSeq) [function, total]"
175,reference-semantics/semantics/builtins.k,256,rule,,ACCEPTED_FIXED_SUPPLIED_SEMANTICS,"rule passLGoE(_:String, CUR:Int, .OpSeq, _:IntSeq, OO:OpSeq, ON:IntSeq) => evp(OO, appendIE(ON, CUR))"
176,reference-semantics/semantics/builtins.k,257,rule,,ACCEPTED_FIXED_SUPPLIED_SEMANTICS,"rule passLGoE(L:String, CUR:Int, oCons(O:String, OPS:OpSeq), iCons(N:Int, NDS:IntSeq), OO:OpSeq, ON:IntSeq) => passLGoE(L, applyOpE(O, CUR, N), OPS, NDS, OO, ON) requires inLevelE(L, O)"
177,reference-semantics/semantics/builtins.k,260,rule,,ACCEPTED_FIXED_SUPPLIED_SEMANTICS,"rule passLGoE(L:String, CUR:Int, oCons(O:String, OPS:OpSeq), iCons(N:Int, NDS:IntSeq), OO:OpSeq, ON:IntSeq) => passLGoE(L, N, OPS, NDS, appendOpE(OO, O), appendIE(ON, CUR)) requires notBool inLevelE(L, O)"
178,reference-semantics/semantics/builtins.k,263,rule,owise,ACCEPTED_FIXED_SUPPLIED_SEMANTICS,"rule passLGoE(_:String, CUR:Int, oCons(_:String, _:OpSeq), .IntSeq, OO:OpSeq, ON:IntSeq) => evp(OO, appendIE(ON, CUR)) [owise]"
179,reference-semantics/semantics/builtins.k,265,syntax,"function,total",ACCEPTED_FIXED_SUPPLIED_SEMANTICS,"syntax Bool ::= inLevelE(String, String) [function, total]"
180,reference-semantics/semantics/builtins.k,266,rule,,ACCEPTED_FIXED_SUPPLIED_SEMANTICS,"rule inLevelE(""mul"", O:String) => O ==String ""*"" orBool O ==String ""//"" orBool O ==String ""/"""
181,reference-semantics/semantics/builtins.k,267,rule,,ACCEPTED_FIXED_SUPPLIED_SEMANTICS,"rule inLevelE(""add"", O:String) => O ==String ""+"" orBool O ==String ""-"""
182,reference-semantics/semantics/builtins.k,268,rule,owise,ACCEPTED_FIXED_SUPPLIED_SEMANTICS,"rule inLevelE(_:String, _:String) => false [owise]"
183,reference-semantics/semantics/builtins.k,269,syntax,"function,total",ACCEPTED_FIXED_SUPPLIED_SEMANTICS,"syntax OpSeq ::= appendOpE(OpSeq, String) [function, total]"
184,reference-semantics/semantics/builtins.k,270,rule,,ACCEPTED_FIXED_SUPPLIED_SEMANTICS,"rule appendOpE(.OpSeq, O:String) => oCons(O, .OpSeq)"
185,reference-semantics/semantics/builtins.k,271,rule,,ACCEPTED_FIXED_SUPPLIED_SEMANTICS,"rule appendOpE(oCons(H:String, T:OpSeq), O:String) => oCons(H, appendOpE(T, O))"
186,reference-semantics/semantics/builtins.k,272,syntax,"function,total",ACCEPTED_FIXED_SUPPLIED_SEMANTICS,"syntax IntSeq ::= appendIE(IntSeq, Int) [function, total]"
187,reference-semantics/semantics/builtins.k,273,rule,,ACCEPTED_FIXED_SUPPLIED_SEMANTICS,"rule appendIE(.IntSeq, N:Int) => iCons(N, .IntSeq)"
188,reference-semantics/semantics/builtins.k,274,rule,,ACCEPTED_FIXED_SUPPLIED_SEMANTICS,"rule appendIE(iCons(H:Int, T:IntSeq), N:Int) => iCons(H, appendIE(T, N))"
189,reference-semantics/semantics/builtins.k,279,syntax,,ACCEPTED_FIXED_SUPPLIED_SEMANTICS,"syntax KItem ::= ""#md5"""
190,reference-semantics/semantics/builtins.k,280,rule,priority,ACCEPTED_FIXED_SUPPLIED_SEMANTICS,"rule <k> Call(Attribute(Name(""hashlib""), ""md5""), (E:Expr, .Exprs)) => E ~> #md5 ... </k> [priority(40)]"
191,reference-semantics/semantics/builtins.k,282,rule,,ACCEPTED_FIXED_SUPPLIED_SEMANTICS,rule <k> str(CS:IntSeq) ~> #md5 => md5Obj(CS) ... </k>
192,reference-semantics/semantics/builtins.k,283,syntax,,ACCEPTED_FIXED_SUPPLIED_SEMANTICS,syntax Val ::= md5Obj(IntSeq)
193,reference-semantics/semantics/builtins.k,284,rule,,ACCEPTED_FIXED_SUPPLIED_SEMANTICS,"rule applyMethod(md5Obj(CS:IntSeq), ""hexdigest"", .Vals) => str(md5hexCodes(CS))"
194,reference-semantics/semantics/builtins.k,285,syntax,"function,total,symbol,no-evaluators",ACCEPTED_FIXED_OPAQUE_RULE_INERT_FOR_ENCODE,"syntax IntSeq ::= md5hexCodes(IntSeq) [function, total, symbol(md5hexCodes), no-evaluators]"
195,reference-semantics/semantics/builtins.k,291,rule,,ACCEPTED_FIXED_SUPPLIED_SEMANTICS,"rule applyBuiltin(""isinstance"", V:Val, typeV(""int""), .Vals) => isIntV(V)"
196,reference-semantics/semantics/builtins.k,292,rule,,ACCEPTED_FIXED_SUPPLIED_SEMANTICS,"rule applyBuiltin(""isinstance"", V:Val, typeV(""str""), .Vals) => isStrV(V)"
197,reference-semantics/semantics/builtins.k,293,syntax,function,ACCEPTED_FIXED_SUPPLIED_SEMANTICS,syntax Bool ::= isIntV(Val) [function] | isStrV(Val) [function]
198,reference-semantics/semantics/builtins.k,294,rule,,ACCEPTED_FIXED_SUPPLIED_SEMANTICS,rule isIntV(_:Int)         => true
199,reference-semantics/semantics/builtins.k,295,rule,owise,ACCEPTED_FIXED_SUPPLIED_SEMANTICS,rule isIntV(_:Val)         => false [owise]
200,reference-semantics/semantics/builtins.k,296,rule,,ACCEPTED_FIXED_SUPPLIED_SEMANTICS,rule isStrV(str(_:IntSeq)) => true
201,reference-semantics/semantics/builtins.k,297,rule,owise,ACCEPTED_FIXED_SUPPLIED_SEMANTICS,rule isStrV(_:Val)         => false [owise] endmodule
202,reference-semantics/semantics/call.k,11,imports,,ACCEPTED_FIXED_SUPPLIED_SEMANTICS,imports MPY-METHODS
203,reference-semantics/semantics/call.k,12,imports,,ACCEPTED_FIXED_SUPPLIED_SEMANTICS,imports MPY-BUILTINS
204,reference-semantics/semantics/call.k,13,imports,,ACCEPTED_FIXED_SUPPLIED_SEMANTICS,imports MPY-FUNCTIONS
205,reference-semantics/semantics/call.k,16,rule,,ACCEPTED_FIXED_SUPPLIED_SEMANTICS,"rule <k> Attribute(V:Val, M:String) => boundMethodV(V, M) ... </k>"
206,reference-semantics/semantics/call.k,19,syntax,,ACCEPTED_FIXED_SUPPLIED_SEMANTICS,syntax KItem ::= #callee(Exprs)
207,reference-semantics/semantics/call.k,20,rule,owise,ACCEPTED_FIXED_SUPPLIED_SEMANTICS,"rule <k> Call(Fe:Expr, ARGS:Exprs) => Fe ~> #callee(ARGS) ... </k> [owise]"
208,reference-semantics/semantics/call.k,21,rule,,ACCEPTED_FIXED_SUPPLIED_SEMANTICS,"rule <k> CV:Val ~> #callee(ARGS:Exprs) => #evalArgs(ARGS, .Vals, toCall(CV)) ... </k>"
209,reference-semantics/semantics/call.k,24,rule,,ACCEPTED_FIXED_SUPPLIED_SEMANTICS,"rule <k> #applyK(toCall(boundMethodV(OBJ:Val, M:String)), ACC:Vals) => applyMethod(OBJ, M, ACC) ... </k>"
210,reference-semantics/semantics/call.k,26,rule,,ACCEPTED_FIXED_SUPPLIED_SEMANTICS,"rule <k> #applyK(toCall(builtinV(""sum"")), (OBJ:Iterable, .Vals)) => #sumAcc(OBJ, 0) ... </k>"
211,reference-semantics/semantics/call.k,27,rule,,ACCEPTED_FIXED_SUPPLIED_SEMANTICS,"rule <k> #applyK(toCall(builtinV(""all"")), (OBJ:Iterable, .Vals)) => #allAcc(OBJ)    ... </k>"
212,reference-semantics/semantics/call.k,28,rule,,ACCEPTED_FIXED_SUPPLIED_SEMANTICS,"rule <k> #applyK(toCall(builtinV(""any"")), (OBJ:Iterable, .Vals)) => #anyAcc(OBJ)    ... </k>"
213,reference-semantics/semantics/call.k,29,rule,,ACCEPTED_FIXED_SUPPLIED_SEMANTICS,"rule <k> #applyK(toCall(builtinV(""max"")), (OBJ:Iterable, .Vals)) => #maxAcc0(OBJ)   ... </k>"
214,reference-semantics/semantics/call.k,30,rule,,ACCEPTED_FIXED_SUPPLIED_SEMANTICS,"rule <k> #applyK(toCall(builtinV(""min"")), (OBJ:Iterable, .Vals)) => #minAcc0(OBJ)   ... </k>"
215,reference-semantics/semantics/call.k,31,rule,owise,ACCEPTED_FIXED_SUPPLIED_SEMANTICS,"rule <k> #applyK(toCall(builtinV(BN:String)), ACC:Vals) => applyBuiltin(BN, ACC) ... </k> [owise]"
216,reference-semantics/semantics/call.k,32,rule,,ACCEPTED_FIXED_SUPPLIED_SEMANTICS,"rule <k> #applyK(toCall(typeV(T:String)),     ACC:Vals) => applyBuiltin(T, ACC)  ... </k>"
217,reference-semantics/semantics/call.k,38,rule,priority,ACCEPTED_FIXED_SUPPLIED_SEMANTICS,"rule <k> #applyK(toCall(builtinV(BN:String)), (ref(H:Int), REST:Vals)) => #applyK(toCall(builtinV(BN)), (V, REST)) ... </k> <heap> ... H |-> V:Val ... </heap> [priority(40)]"
218,reference-semantics/semantics/call.k,42,rule,priority,ACCEPTED_FIXED_SUPPLIED_SEMANTICS,"rule <k> #applyK(toCall(builtinV(BN:String)), (A:Val, ref(H:Int), REST:Vals)) => #applyK(toCall(builtinV(BN)), (A, V, REST)) ... </k> <heap> ... H |-> V:Val ... </heap> requires notBool isRefV(A) [priority(40)]"
219,reference-semantics/semantics/call.k,47,rule,priority,ACCEPTED_FIXED_SUPPLIED_SEMANTICS,"rule <k> #applyK(toCall(typeV(T:String)), (ref(H:Int), REST:Vals)) => #applyK(toCall(typeV(T)), (V, REST)) ... </k> <heap> ... H |-> V:Val ... </heap> [priority(40)]"
220,reference-semantics/semantics/call.k,52,syntax,"function,total",ACCEPTED_FIXED_SUPPLIED_SEMANTICS,"syntax Bool ::= isMutMethod(String) [function, total]"
221,reference-semantics/semantics/call.k,53,rule,,ACCEPTED_FIXED_SUPPLIED_SEMANTICS,"rule isMutMethod(M:String) => M ==String ""append"" orBool M ==String ""sort"" orBool M ==String ""extend"" orBool M ==String ""insert"" orBool M ==String ""pop"" orBool M ==String ""remove"""
222,reference-semantics/semantics/call.k,56,rule,priority,ACCEPTED_FIXED_SUPPLIED_SEMANTICS,"rule <k> #applyK(toCall(boundMethodV(ref(H:Int), M:String)), ACC:Vals) => #applyK(toCall(boundMethodV(V, M)), ACC) ... </k> <heap> ... H |-> V:Val ... </heap> requires notBool isMutMethod(M) [priority(40)]"
223,reference-semantics/semantics/call.k,63,rule,priority,ACCEPTED_FIXED_SUPPLIED_SEMANTICS,"rule <k> #applyK(toCall(boundMethodV(OBJ:Val, M:String)), (ref(H:Int), REST:Vals)) => #applyK(toCall(boundMethodV(OBJ, M)), (V, REST)) ... </k> <heap> ... H |-> V:Val ... </heap> requires notBool isMutMethod(M) andBool notBool isRefV(OBJ) [priority(40)]"
224,reference-semantics/semantics/call.k,69,rule,,ACCEPTED_FIXED_SUPPLIED_SEMANTICS,"rule <k> #applyK(toCall(closureVal(PNS:ParamNames, BODY:Stmts, DEFL:Int)), ACC:Vals) ~> CONT => #bindP(PNS, ACC) ~> BODY ~> #endcall </k> <env>     CALLERL:Int => NEWL </env> <scopes>   STORE:Map => STORE [ NEWL <- scope(.Map, parent(DEFL)) ] </scopes> <scopeLoc> NEWL:Int => NEWL +Int 1 </scopeLoc> <stack>   .List => ListItem(frame(CONT, CALLERL, NEWL)) ... </stack>"
225,reference-semantics/semantics/call.k,80,rule,,ACCEPTED_FIXED_SUPPLIED_SEMANTICS,"rule <k> #applyK(toCall(closureValC(PNS:ParamNames, CVS:ParamNames, BODY:Stmts, CM:Map)), ACC:Vals) ~> CONT => #allocCells(CVS) ~> #bindP(PNS, ACC) ~> BODY ~> #endcall </k> <env>     CALLERL:Int => NEWL </env> <scopes>   STORE:Map => STORE [ NEWL <- scope(CM [ ""$cells"" <- cellsMark(CVS) ], parent(0)) ] </scopes> <scopeLoc> NEWL:Int => NEWL +Int 1 </scopeLoc> <stack>   .List => ListItem(frame(CONT, CALLERL, NEWL)) ... </stack>"
226,reference-semantics/semantics/call.k,87,syntax,,ACCEPTED_FIXED_SUPPLIED_SEMANTICS,syntax KItem ::= #allocCells(ParamNames)
227,reference-semantics/semantics/call.k,88,rule,,ACCEPTED_FIXED_SUPPLIED_SEMANTICS,rule <k> #allocCells(.ParamNames) => .K ... </k>
228,reference-semantics/semantics/call.k,89,rule,,ACCEPTED_FIXED_SUPPLIED_SEMANTICS,"rule <k> #allocCells((CV:String, R:ParamNames)) => #allocCells(R) ... </k> <env> L:Int </env> <scopes> ... L |-> scope(M:Map => M [ CV <- cellRef(N) ], _) ... </scopes> <heap>    H:Map => (N |-> cellV(noneV)) H </heap> <heapLoc> N:Int => N +Int 1 </heapLoc> requires notBool N in_keys(H) endmodule"
229,reference-semantics/semantics/comprehension.k,4,imports,,ACCEPTED_FIXED_SUPPLIED_SEMANTICS,imports MPY-CORE
230,reference-semantics/semantics/comprehension.k,5,imports,,ACCEPTED_FIXED_SUPPLIED_SEMANTICS,imports MPY-OPERATORS
231,reference-semantics/semantics/comprehension.k,6,imports,,ACCEPTED_FIXED_SUPPLIED_SEMANTICS,imports MPY-LIST
232,reference-semantics/semantics/comprehension.k,7,imports,,ACCEPTED_FIXED_SUPPLIED_SEMANTICS,imports MPY-CONTROLS
233,reference-semantics/semantics/comprehension.k,8,imports,,ACCEPTED_FIXED_SUPPLIED_SEMANTICS,imports MPY-FUNCTIONS
234,reference-semantics/semantics/comprehension.k,11,rule,,ACCEPTED_FIXED_SUPPLIED_SEMANTICS,"rule ListComp(ELT:Expr, Gs:CompFors) => Call(closureExpr(.ParamNames, compBody(Gs, ELT)), .Exprs)"
235,reference-semantics/semantics/comprehension.k,12,rule,,ACCEPTED_FIXED_SUPPLIED_SEMANTICS,"rule GenExp(ELT:Expr, Gs:CompFors)   => Call(closureExpr(.ParamNames, compBody(Gs, ELT)), .Exprs)"
236,reference-semantics/semantics/comprehension.k,14,syntax,macro,ACCEPTED_FIXED_SUPPLIED_SEMANTICS,"syntax Stmts ::= compBody(CompFors, Expr) [macro]"
237,reference-semantics/semantics/comprehension.k,15,rule,,ACCEPTED_FIXED_SUPPLIED_SEMANTICS,"rule compBody(Gs:CompFors, ELT:Expr) => Assign(Name(""$acc""), ListExpr(.Exprs)) compNest(Gs, ELT) Return(Name(""$acc""))"
238,reference-semantics/semantics/comprehension.k,18,syntax,"macro,macro-rec",ACCEPTED_FIXED_SUPPLIED_SEMANTICS,"syntax Stmt ::= compNest(CompFors, Expr) [macro-rec]"
239,reference-semantics/semantics/comprehension.k,19,rule,,ACCEPTED_FIXED_SUPPLIED_SEMANTICS,"rule compNest(.CompFors, ELT:Expr) => Assign(Name(""$acc""), BinOp(""+"", Name(""$acc""), ListExpr(ELT)))"
240,reference-semantics/semantics/comprehension.k,21,rule,,ACCEPTED_FIXED_SUPPLIED_SEMANTICS,"rule compNest((CompFor(T:Expr, ITER:Expr, Fs:Exprs) GRest:CompFors), ELT:Expr) => For(T, ITER, If(compGuard(Fs), compNest(GRest, ELT), .Stmts))"
241,reference-semantics/semantics/comprehension.k,24,syntax,macro,ACCEPTED_FIXED_SUPPLIED_SEMANTICS,syntax Expr ::= compGuard(Exprs) [macro]
242,reference-semantics/semantics/comprehension.k,25,rule,,ACCEPTED_FIXED_SUPPLIED_SEMANTICS,rule compGuard(.Exprs)             => Bool(true)
243,reference-semantics/semantics/comprehension.k,26,rule,,ACCEPTED_FIXED_SUPPLIED_SEMANTICS,"rule compGuard((F:Expr, Fs:Exprs)) => BoolOp(""and"", (F, Fs)) endmodule"
244,reference-semantics/semantics/concrete.k,9,imports,,ACCEPTED_FIXED_SUPPLIED_SEMANTICS,imports MPY
245,reference-semantics/semantics/concrete.k,13,rule,,ACCEPTED_FIXED_SUPPLIED_SEMANTICS,"rule <k> Compare(list(A:ValSeq), CmpOp(""=="", list(B:ValSeq))) => deepEqVS(A, B, HP) ... </k> <heap> HP:Map </heap> requires hasRefVS(A) orBool hasRefVS(B)"
246,reference-semantics/semantics/concrete.k,16,rule,,ACCEPTED_FIXED_SUPPLIED_SEMANTICS,"rule <k> Compare(list(A:ValSeq), CmpOp(""!="", list(B:ValSeq))) => notBool deepEqVS(A, B, HP) ... </k> <heap> HP:Map </heap> requires hasRefVS(A) orBool hasRefVS(B)"
247,reference-semantics/semantics/concrete.k,25,syntax,,ACCEPTED_FIXED_SUPPLIED_SEMANTICS,"syntax Val ::= kvP(Val, Val)"
248,reference-semantics/semantics/concrete.k,26,syntax,,ACCEPTED_FIXED_SUPPLIED_SEMANTICS,"syntax KItem ::= #ksort(ValSeq, Val, ValSeq, Bool) | #ksIns(Val, ValSeq, Val, ValSeq, Bool)"
249,reference-semantics/semantics/concrete.k,28,rule,priority,ACCEPTED_FIXED_SUPPLIED_SEMANTICS,"rule <k> #applyK(toCall(builtinV(""sorted"")), (list(VS:ValSeq), kwV(""key"", KV:Val), .Vals)) => #ksort(VS, KV, .ValSeq, false) ... </k> [priority(40)]"
250,reference-semantics/semantics/concrete.k,31,rule,priority,ACCEPTED_FIXED_SUPPLIED_SEMANTICS,"rule <k> #applyK(toCall(builtinV(""sorted"")), (list(VS:ValSeq), kwV(""key"", KV:Val), kwV(""reverse"", RB:Bool), .Vals)) => #ksort(VS, KV, .ValSeq, RB) ... </k> [priority(40)]"
251,reference-semantics/semantics/concrete.k,34,rule,,ACCEPTED_FIXED_SUPPLIED_SEMANTICS,"rule <k> #ksort(.ValSeq, _:Val, ACC:ValSeq, RB:Bool) => #alloc(list(condRev(unpairVS(ACC), RB))) ... </k>"
252,reference-semantics/semantics/concrete.k,36,rule,,ACCEPTED_FIXED_SUPPLIED_SEMANTICS,"rule <k> #ksort(vCons(V:Val, R:ValSeq), KV:Val, ACC:ValSeq, RB:Bool) => KV ~> #callee((V, .Exprs)) ~> #ksIns(V, R, KV, ACC, RB) ... </k>"
253,reference-semantics/semantics/concrete.k,38,rule,,ACCEPTED_FIXED_SUPPLIED_SEMANTICS,"rule <k> K:Val ~> #ksIns(V:Val, R:ValSeq, KV:Val, ACC:ValSeq, RB:Bool) => #ksort(R, KV, insPair(ACC, K, V), RB) ... </k> requires notBool isKwV(K)"
254,reference-semantics/semantics/concrete.k,42,syntax,function,ACCEPTED_FIXED_SUPPLIED_SEMANTICS,"syntax ValSeq ::= insPair(ValSeq, Val, Val) [function]"
255,reference-semantics/semantics/concrete.k,43,rule,,ACCEPTED_FIXED_SUPPLIED_SEMANTICS,"rule insPair(.ValSeq, K:Val, V:Val) => vCons(kvP(K, V), .ValSeq)"
256,reference-semantics/semantics/concrete.k,44,rule,,ACCEPTED_FIXED_SUPPLIED_SEMANTICS,"rule insPair(vCons(kvP(K2:Val, V2:Val), R:ValSeq), K:Val, V:Val) => vCons(kvP(K, V), vCons(kvP(K2, V2), R)) requires kLt(K, K2)"
257,reference-semantics/semantics/concrete.k,47,rule,,ACCEPTED_FIXED_SUPPLIED_SEMANTICS,"rule insPair(vCons(kvP(K2:Val, V2:Val), R:ValSeq), K:Val, V:Val) => vCons(kvP(K2, V2), insPair(R, K, V)) requires notBool kLt(K, K2)"
258,reference-semantics/semantics/concrete.k,51,syntax,function,ACCEPTED_FIXED_SUPPLIED_SEMANTICS,"syntax Bool ::= kLt(Val, Val) [function]"
259,reference-semantics/semantics/concrete.k,52,rule,,ACCEPTED_FIXED_SUPPLIED_SEMANTICS,"rule kLt(I1:Int, I2:Int)             => I1 <Int I2"
260,reference-semantics/semantics/concrete.k,53,rule,,ACCEPTED_FIXED_SUPPLIED_SEMANTICS,"rule kLt(F1:Float, F2:Float)         => F1 <Float F2"
261,reference-semantics/semantics/concrete.k,54,rule,,ACCEPTED_FIXED_SUPPLIED_SEMANTICS,"rule kLt(str(A:IntSeq), str(B:IntSeq)) => strLt(A, B)"
262,reference-semantics/semantics/concrete.k,56,syntax,"function,total",ACCEPTED_FIXED_SUPPLIED_SEMANTICS,"syntax ValSeq ::= unpairVS(ValSeq) [function, total]"
263,reference-semantics/semantics/concrete.k,57,rule,,ACCEPTED_FIXED_SUPPLIED_SEMANTICS,rule unpairVS(.ValSeq) => .ValSeq
264,reference-semantics/semantics/concrete.k,58,rule,,ACCEPTED_FIXED_SUPPLIED_SEMANTICS,"rule unpairVS(vCons(kvP(_:Val, V:Val), R:ValSeq)) => vCons(V, unpairVS(R))"
265,reference-semantics/semantics/concrete.k,59,rule,owise,ACCEPTED_FIXED_SUPPLIED_SEMANTICS,"rule unpairVS(vCons(V:Val, R:ValSeq)) => vCons(V, unpairVS(R)) [owise] endmodule"
266,reference-semantics/semantics/controls.k,4,imports,,ACCEPTED_FIXED_SUPPLIED_SEMANTICS,imports MPY-CORE
267,reference-semantics/semantics/controls.k,5,imports,,ACCEPTED_FIXED_SUPPLIED_SEMANTICS,imports MPY-TUPLE
268,reference-semantics/semantics/controls.k,6,imports,,ACCEPTED_FIXED_SUPPLIED_SEMANTICS,imports MPY-ITER
269,reference-semantics/semantics/controls.k,9,rule,,ACCEPTED_FIXED_SUPPLIED_SEMANTICS,"rule <k> Assign(Name(X:String), V:Val) => .K ... </k> <env> L:Int </env> <scopes> ... L |-> scope(M:Map => M [ X <- V ], _) ... </scopes>"
270,reference-semantics/semantics/controls.k,12,rule,priority,ACCEPTED_FIXED_SUPPLIED_SEMANTICS,"rule <k> Assign(Name(X:String), V:Val) => #cellW({M[X]}:>Val, V) ... </k> <env> L:Int </env> <scopes> ... L |-> scope(M:Map, _) ... </scopes> requires ""$cells"" in_keys(M) andBool pnMember(X, cellsOf({M[""$cells""]}:>Val)) andBool X in_keys(M) andBool isCellRef({M[X]}:>Val) [priority(40)]"
271,reference-semantics/semantics/controls.k,20,rule,,ACCEPTED_FIXED_SUPPLIED_SEMANTICS,"rule <k> AugAssign(Name(X:String), OP:String, V:Val) => .K ... </k> <env> L:Int </env> <scopes> ... L |-> scope(M:Map => M [ X <- applyBin(OP, {M[X]}:>Val, V) ], _) ... </scopes> requires X in_keys(M)"
272,reference-semantics/semantics/controls.k,27,rule,priority,ACCEPTED_FIXED_SUPPLIED_SEMANTICS,"rule <k> AugAssign(Name(X:String), OP:String, V:Val) => Assign(Name(X), BinOp(OP, Name(X), V)) ... </k> <env> L:Int </env> <scopes> ... L |-> scope(M:Map, _) ... </scopes> requires X in_keys(M) andBool isRefV({M[X]}:>Val) [priority(40)]"
273,reference-semantics/semantics/controls.k,35,rule,,ACCEPTED_FIXED_SUPPLIED_SEMANTICS,"rule <k> ImportFrom(""math"", NS:ParamNames) => #bindImports(NS) ... </k>"
274,reference-semantics/semantics/controls.k,36,rule,owise,ACCEPTED_FIXED_SUPPLIED_SEMANTICS,"rule <k> ImportFrom(_:String, _:ParamNames) => .K ... </k> [owise]"
275,reference-semantics/semantics/controls.k,37,syntax,,ACCEPTED_FIXED_SUPPLIED_SEMANTICS,syntax KItem ::= #bindImports(ParamNames)
276,reference-semantics/semantics/controls.k,38,rule,,ACCEPTED_FIXED_SUPPLIED_SEMANTICS,rule <k> #bindImports(.ParamNames) => .K ... </k>
277,reference-semantics/semantics/controls.k,39,rule,,ACCEPTED_FIXED_SUPPLIED_SEMANTICS,"rule <k> #bindImports((N:String, NS:ParamNames)) => #bindImports(NS) ... </k> <env> L:Int </env> <scopes> ... L |-> scope(M:Map => M [ N <- builtinV(N) ], _) ... </scopes> requires N ==String ""floor"" orBool N ==String ""ceil"""
278,reference-semantics/semantics/controls.k,43,rule,,ACCEPTED_FIXED_SUPPLIED_SEMANTICS,"rule <k> #bindImports((N:String, NS:ParamNames)) => #bindImports(NS) ... </k> requires notBool (N ==String ""floor"" orBool N ==String ""ceil"")"
279,reference-semantics/semantics/controls.k,48,rule,,ACCEPTED_FIXED_SUPPLIED_SEMANTICS,rule <k> Expr(_:Val) => .K ... </k>
280,reference-semantics/semantics/controls.k,51,syntax,,ACCEPTED_FIXED_SUPPLIED_SEMANTICS,"syntax KItem ::= #branch(Bool, Stmts, Stmts)"
281,reference-semantics/semantics/controls.k,52,rule,,ACCEPTED_FIXED_SUPPLIED_SEMANTICS,"rule <k> If(C:Val, T:Stmts, E:Stmts) => #branch(truthy(C), T, E) ... </k>"
282,reference-semantics/semantics/controls.k,53,rule,,ACCEPTED_FIXED_SUPPLIED_SEMANTICS,"rule <k> #branch(true,  T:Stmts, _:Stmts) => T ... </k>"
283,reference-semantics/semantics/controls.k,54,rule,,ACCEPTED_FIXED_SUPPLIED_SEMANTICS,"rule <k> #branch(false, _:Stmts, E:Stmts) => E ... </k>"
284,reference-semantics/semantics/controls.k,57,rule,,ACCEPTED_FIXED_SUPPLIED_SEMANTICS,"rule <k> IfExp(V:Val, T:Expr, _:Expr) => T ... </k> requires truthy(V)"
285,reference-semantics/semantics/controls.k,59,rule,,ACCEPTED_FIXED_SUPPLIED_SEMANTICS,"rule <k> IfExp(V:Val, _:Expr, E:Expr) => E ... </k> requires notBool truthy(V)"
286,reference-semantics/semantics/controls.k,65,syntax,,ACCEPTED_FIXED_SUPPLIED_SEMANTICS,"syntax KItem ::= #loop(Val, Expr, Stmts) | #loopStep(Expr, Stmts) | #while(Expr, Stmts) | #whileCond(Expr, Stmts) | #loopLbl(K) | ""#cont"" | ""#brk"""
287,reference-semantics/semantics/controls.k,69,rule,,ACCEPTED_FIXED_SUPPLIED_SEMANTICS,"rule <k> For(T:Expr, OBJ:Val, B:Stmts) => #loop(OBJ, T, B) ... </k>"
288,reference-semantics/semantics/controls.k,71,rule,,ACCEPTED_FIXED_SUPPLIED_SEMANTICS,"rule <k> #loop(IT:Iterable, T:Expr, B:Stmts) => #iterNext(IT) ~> #loopStep(T, B) ... </k>"
289,reference-semantics/semantics/controls.k,72,rule,,ACCEPTED_FIXED_SUPPLIED_SEMANTICS,"rule <k> #iterDone ~> #loopStep(_:Expr, _:Stmts) => .K ... </k>"
290,reference-semantics/semantics/controls.k,73,rule,,ACCEPTED_FIXED_SUPPLIED_SEMANTICS,"rule <k> #iterYield(V:Val, REST:Iterable) ~> #loopStep(T:Expr, B:Stmts) => #bindTgt(T, V) ~> B ~> #loopLbl(#loop(REST, T, B)) ... </k>"
291,reference-semantics/semantics/controls.k,77,rule,,ACCEPTED_FIXED_SUPPLIED_SEMANTICS,"rule <k> While(C:Expr, B:Stmts) => #while(C, B) ... </k>"
292,reference-semantics/semantics/controls.k,78,rule,,ACCEPTED_FIXED_SUPPLIED_SEMANTICS,"rule <k> #while(C:Expr, B:Stmts) => C ~> #whileCond(C, B) ... </k>"
293,reference-semantics/semantics/controls.k,79,rule,,ACCEPTED_FIXED_SUPPLIED_SEMANTICS,"rule <k> V:Val ~> #whileCond(C:Expr, B:Stmts) => B ~> #loopLbl(#while(C, B)) ... </k> requires truthy(V)"
294,reference-semantics/semantics/controls.k,81,rule,,ACCEPTED_FIXED_SUPPLIED_SEMANTICS,"rule <k> V:Val ~> #whileCond(_C:Expr, _B:Stmts) => .K ... </k> requires notBool truthy(V)"
295,reference-semantics/semantics/controls.k,85,rule,,ACCEPTED_FIXED_SUPPLIED_SEMANTICS,rule <k> #loopLbl(NEXT:K) => NEXT ... </k>
296,reference-semantics/semantics/controls.k,86,rule,,ACCEPTED_FIXED_SUPPLIED_SEMANTICS,rule <k> Continue => #cont ... </k>
297,reference-semantics/semantics/controls.k,87,rule,,ACCEPTED_FIXED_SUPPLIED_SEMANTICS,rule <k> Break => #brk ... </k>
298,reference-semantics/semantics/controls.k,88,rule,,ACCEPTED_FIXED_SUPPLIED_SEMANTICS,rule <k> #cont ~> #loopLbl(NEXT:K) => NEXT ... </k>
299,reference-semantics/semantics/controls.k,89,rule,owise,ACCEPTED_FIXED_SUPPLIED_SEMANTICS,rule <k> #cont ~> (_:KItem => .K) ... </k> [owise]
300,reference-semantics/semantics/controls.k,90,rule,,ACCEPTED_FIXED_SUPPLIED_SEMANTICS,rule <k> #brk ~> #loopLbl(_:K) => .K ... </k>
301,reference-semantics/semantics/controls.k,91,rule,owise,ACCEPTED_FIXED_SUPPLIED_SEMANTICS,rule <k> #brk ~> (_:KItem => .K) ... </k> [owise]
302,reference-semantics/semantics/controls.k,95,rule,priority,ACCEPTED_FIXED_SUPPLIED_SEMANTICS,"rule <k> If(ref(H:Int), T:Stmts, E:Stmts) => If(V, T, E) ... </k> <heap> ... H |-> V:Val ... </heap> [priority(40)]"
303,reference-semantics/semantics/controls.k,98,rule,priority,ACCEPTED_FIXED_SUPPLIED_SEMANTICS,"rule <k> IfExp(ref(H:Int), T:Expr, E:Expr) => IfExp(V, T, E) ... </k> <heap> ... H |-> V:Val ... </heap> [priority(40)]"
304,reference-semantics/semantics/controls.k,101,rule,priority,ACCEPTED_FIXED_SUPPLIED_SEMANTICS,"rule <k> ref(H:Int) ~> #whileCond(C:Expr, B:Stmts) => V ~> #whileCond(C, B) ... </k> <heap> ... H |-> V:Val ... </heap> [priority(40)]"
305,reference-semantics/semantics/controls.k,106,rule,priority,ACCEPTED_FIXED_SUPPLIED_SEMANTICS,"rule <k> For(T:Expr, ref(H:Int), B:Stmts) => For(T, V, B) ... </k> <heap> ... H |-> V:Val ... </heap> [priority(40)] endmodule"
306,reference-semantics/semantics/core.k,4,imports,,ACCEPTED_FIXED_SUPPLIED_SEMANTICS,imports MPY-SYNTAX
307,reference-semantics/semantics/core.k,5,imports,,ACCEPTED_FIXED_SUPPLIED_SEMANTICS,imports INT
308,reference-semantics/semantics/core.k,6,imports,,ACCEPTED_FIXED_SUPPLIED_SEMANTICS,imports BOOL
309,reference-semantics/semantics/core.k,7,imports,,ACCEPTED_FIXED_SUPPLIED_SEMANTICS,imports STRING
310,reference-semantics/semantics/core.k,8,imports,,ACCEPTED_FIXED_SUPPLIED_SEMANTICS,imports MAP
311,reference-semantics/semantics/core.k,9,imports,,ACCEPTED_FIXED_SUPPLIED_SEMANTICS,imports LIST
312,reference-semantics/semantics/core.k,10,imports,,ACCEPTED_FIXED_SUPPLIED_SEMANTICS,imports K-EQUAL
313,reference-semantics/semantics/core.k,13,syntax,,ACCEPTED_FIXED_SUPPLIED_SEMANTICS,"syntax IntSeq ::= "".IntSeq"" | iCons(Int, IntSeq)"
314,reference-semantics/semantics/core.k,14,syntax,,ACCEPTED_FIXED_SUPPLIED_SEMANTICS,"syntax ValSeq ::= "".ValSeq"" | vCons(Val, ValSeq)"
315,reference-semantics/semantics/core.k,15,syntax,,ACCEPTED_FIXED_SUPPLIED_SEMANTICS,syntax Str    ::= str(IntSeq)
316,reference-semantics/semantics/core.k,18,syntax,,ACCEPTED_FIXED_SUPPLIED_SEMANTICS,"syntax Iterable ::= list(ValSeq) | tuple(ValSeq) | Str | rangeObj(Int, Int, Int) | zipObj(ValSeq, ValSeq) | zipObjS(IntSeq, IntSeq)"
317,reference-semantics/semantics/core.k,25,syntax,function,ACCEPTED_FIXED_SUPPLIED_SEMANTICS,"syntax Val      ::= Int | Bool | ""noneV"" | Iterable | ref(Int)          // a heap object: <heap> holds its list(VS) | cellRef(Int)      // a closure cell: <heap> holds cellV(V) | closureVal(ParamNames, Stmts, Int) | typeV(String)     // a type object (int/str), resolved from the builtins frame | builtinV(String)  // a builtin function, resolved like any name (LEGB fallthrough) | boundMethodV(Val, String)   // a cooled Attribute: obj.method"
318,reference-semantics/semantics/core.k,36,syntax,,ACCEPTED_FIXED_SUPPLIED_SEMANTICS,"syntax Parent   ::= ""root"" | parent(Int)"
319,reference-semantics/semantics/core.k,37,syntax,,ACCEPTED_FIXED_SUPPLIED_SEMANTICS,"syntax Scope    ::= scope(Map, Parent)"
320,reference-semantics/semantics/core.k,38,syntax,,ACCEPTED_FIXED_SUPPLIED_SEMANTICS,syntax KResult  ::= Val
321,reference-semantics/semantics/core.k,39,syntax,,ACCEPTED_FIXED_SUPPLIED_SEMANTICS,syntax Expr     ::= Val   // cooling puts results back into expression holes
322,reference-semantics/semantics/core.k,40,syntax,,ACCEPTED_FIXED_SUPPLIED_SEMANTICS,"syntax Vals     ::= List{Val, "",""}"
323,reference-semantics/semantics/core.k,41,syntax,,ACCEPTED_FIXED_SUPPLIED_SEMANTICS,"syntax Exc      ::= ""NoExc"" | ""AssertionError"""
324,reference-semantics/semantics/core.k,42,syntax,,ACCEPTED_FIXED_SUPPLIED_SEMANTICS,"syntax RetState ::= ""noRet"" | retV(Val)"
325,reference-semantics/semantics/core.k,49,configuration,,ACCEPTED_FIXED_SUPPLIED_SEMANTICS,"configuration <k>       #loadAll($PGM:Module) </k> <env>     0 </env> <scopes>   0     |-> scope(.Map, parent(-1)) -1    |-> builtinsScope </scopes> <scopeLoc> 1 </scopeLoc> <heap>    .Map </heap> <heapLoc> 0 </heapLoc> <stack>   .List </stack> <ret>     noRet </ret> <exc>     NoExc </exc> <exit-code exit=""""> 0 </exit-code>"
326,reference-semantics/semantics/core.k,68,syntax,"function,total",ACCEPTED_FIXED_SUPPLIED_SEMANTICS,"syntax Bool ::= isRefV(Val) [function, total]"
327,reference-semantics/semantics/core.k,69,rule,,ACCEPTED_FIXED_SUPPLIED_SEMANTICS,rule isRefV(ref(_:Int)) => true
328,reference-semantics/semantics/core.k,70,rule,owise,ACCEPTED_FIXED_SUPPLIED_SEMANTICS,rule isRefV(_:Val)      => false [owise]
329,reference-semantics/semantics/core.k,75,syntax,,ACCEPTED_FIXED_SUPPLIED_SEMANTICS,syntax HeapVal ::= cellV(Val)
330,reference-semantics/semantics/core.k,76,syntax,"function,total",ACCEPTED_FIXED_SUPPLIED_SEMANTICS,"syntax Bool ::= isCellRef(Val) [function, total]"
331,reference-semantics/semantics/core.k,77,rule,,ACCEPTED_FIXED_SUPPLIED_SEMANTICS,rule isCellRef(cellRef(_:Int)) => true
332,reference-semantics/semantics/core.k,78,rule,owise,ACCEPTED_FIXED_SUPPLIED_SEMANTICS,rule isCellRef(_:Val)          => false [owise]
333,reference-semantics/semantics/core.k,85,rule,priority,ACCEPTED_FIXED_SUPPLIED_SEMANTICS,"rule <k> cellRef(H:Int) => V ... </k> <env> L:Int </env> <scopes> ... L |-> scope(M:Map, _) ... </scopes> <heap> ... H |-> cellV(V:Val) ... </heap> requires ""$cells"" in_keys(M) [priority(40)]"
334,reference-semantics/semantics/core.k,95,syntax,,ACCEPTED_FIXED_SUPPLIED_SEMANTICS,"syntax Val ::= kwV(String, Val)"
335,reference-semantics/semantics/core.k,96,syntax,,ACCEPTED_FIXED_SUPPLIED_SEMANTICS,syntax KItem ::= #kwTag(String)
336,reference-semantics/semantics/core.k,97,rule,,ACCEPTED_FIXED_SUPPLIED_SEMANTICS,"rule <k> KwArg(N:String, E:Expr) => E ~> #kwTag(N) ... </k>"
337,reference-semantics/semantics/core.k,98,rule,,ACCEPTED_FIXED_SUPPLIED_SEMANTICS,"rule <k> V:Val ~> #kwTag(N:String) => kwV(N, V) ... </k> requires notBool isKwV(V)"
338,reference-semantics/semantics/core.k,100,syntax,"function,total",ACCEPTED_FIXED_SUPPLIED_SEMANTICS,"syntax Bool ::= isKwV(Val) [function, total]"
339,reference-semantics/semantics/core.k,101,rule,,ACCEPTED_FIXED_SUPPLIED_SEMANTICS,"rule isKwV(kwV(_:String, _:Val)) => true"
340,reference-semantics/semantics/core.k,102,rule,owise,ACCEPTED_FIXED_SUPPLIED_SEMANTICS,rule isKwV(_:Val)                => false [owise]
341,reference-semantics/semantics/core.k,106,syntax,,ACCEPTED_FIXED_SUPPLIED_SEMANTICS,syntax Val ::= cellsMark(ParamNames)
342,reference-semantics/semantics/core.k,107,syntax,function,ACCEPTED_FIXED_SUPPLIED_SEMANTICS,syntax ParamNames ::= cellsOf(Val) [function]
343,reference-semantics/semantics/core.k,108,rule,,ACCEPTED_FIXED_SUPPLIED_SEMANTICS,rule cellsOf(cellsMark(CVS:ParamNames)) => CVS
344,reference-semantics/semantics/core.k,109,syntax,"function,total",ACCEPTED_FIXED_SUPPLIED_SEMANTICS,"syntax Bool ::= pnMember(String, ParamNames) [function, total]"
345,reference-semantics/semantics/core.k,110,rule,,ACCEPTED_FIXED_SUPPLIED_SEMANTICS,"rule pnMember(_:String, .ParamNames) => false"
346,reference-semantics/semantics/core.k,111,rule,,ACCEPTED_FIXED_SUPPLIED_SEMANTICS,"rule pnMember(X:String, (P:String, R:ParamNames)) => X ==String P orBool pnMember(X, R)"
347,reference-semantics/semantics/core.k,113,syntax,,ACCEPTED_FIXED_SUPPLIED_SEMANTICS,"syntax KItem ::= #cellW(Val, Val)"
348,reference-semantics/semantics/core.k,114,rule,,ACCEPTED_FIXED_SUPPLIED_SEMANTICS,"rule <k> #cellW(cellRef(H:Int), V:Val) => .K ... </k> <heap> ... H |-> cellV(_:Val => V) ... </heap>"
349,reference-semantics/semantics/core.k,117,syntax,,ACCEPTED_FIXED_SUPPLIED_SEMANTICS,syntax KItem ::= #alloc(Val)
350,reference-semantics/semantics/core.k,118,rule,,ACCEPTED_FIXED_SUPPLIED_SEMANTICS,rule <k> #alloc(V:Val) => ref(N) ... </k> <heap>    H:Map => (N |-> V) H </heap> <heapLoc> N:Int => N +Int 1 </heapLoc> requires notBool N in_keys(H)
351,reference-semantics/semantics/core.k,124,syntax,,ACCEPTED_FIXED_SUPPLIED_SEMANTICS,syntax KItem ::= #loadAll(Module)
352,reference-semantics/semantics/core.k,125,rule,,ACCEPTED_FIXED_SUPPLIED_SEMANTICS,rule <k> #loadAll(Module(SS:Stmts)) => SS ... </k>
353,reference-semantics/semantics/core.k,126,rule,,ACCEPTED_FIXED_SUPPLIED_SEMANTICS,rule <k> (S:Stmt SS:Stmts):Stmts => S ~> SS ... </k>
354,reference-semantics/semantics/core.k,127,rule,,ACCEPTED_FIXED_SUPPLIED_SEMANTICS,rule <k> .Stmts => .K ... </k>
355,reference-semantics/semantics/core.k,130,syntax,,ACCEPTED_FIXED_SUPPLIED_SEMANTICS,"syntax KItem ::= #look(String, Int)"
356,reference-semantics/semantics/core.k,131,rule,,ACCEPTED_FIXED_SUPPLIED_SEMANTICS,"rule <k> Name(X:String) => #look(X, L) ... </k> <env> L:Int </env>"
357,reference-semantics/semantics/core.k,132,rule,,ACCEPTED_FIXED_SUPPLIED_SEMANTICS,"rule <k> #look(X:String, L:Int) => {M[X]}:>Val ... </k> <scopes> ... L |-> scope(M:Map, _:Parent) ... </scopes> requires X in_keys(M)"
358,reference-semantics/semantics/core.k,145,rule,priority,ACCEPTED_FIXED_SUPPLIED_SEMANTICS,"rule <k> #look(X:String, L:Int) => V ... </k> <scopes> ... L |-> scope(M:Map, _:Parent) ... </scopes> <heap> ... H |-> cellV(V:Val) ... </heap> requires X in_keys(M) andBool ""$cells"" in_keys(M) andBool pnMember(X, cellsOf({M[""$cells""]}:>Val)) andBool {M[X]}:>Val ==K cellRef(H) [priority(40)]"
359,reference-semantics/semantics/core.k,152,rule,,ACCEPTED_FIXED_SUPPLIED_SEMANTICS,"rule <k> #look(X:String, L:Int) => #look(X, P) ... </k> <scopes> ... L |-> scope(M:Map, parent(P:Int)) ... </scopes> requires notBool (X in_keys(M))"
360,reference-semantics/semantics/core.k,157,syntax,"function,total",ACCEPTED_FIXED_SUPPLIED_SEMANTICS,"syntax Scope ::= ""builtinsScope"" [function, total]"
361,reference-semantics/semantics/core.k,158,rule,,ACCEPTED_FIXED_SUPPLIED_SEMANTICS,"rule builtinsScope => scope(.Map [ ""len""    <- builtinV(""len"")    ] [ ""set""    <- builtinV(""set"")    ] [ ""sum""    <- builtinV(""sum"")    ] [ ""abs""    <- builtinV(""abs"")    ] [ ""min""    <- builtinV(""min"")    ] [ ""max""    <- builtinV(""max"")    ] [ ""ord""    <- builtinV(""ord"")    ] [ ""chr""    <- builtinV(""chr"")    ] [ ""range""  <- builtinV(""range"")  ] [ ""all""    <- builtinV(""all"")    ] [ ""any""    <- builtinV(""any"")    ] [ ""zip""    <- builtinV(""zip"")    ] [ ""isinstance"" <- builtinV(""isinstance"") ] [ ""sorted"" <- builtinV(""sorted"") ] [ ""list""   <- builtinV(""list"")   ] [ ""round""  <- builtinV(""round"")  ] [ ""bin""    <- builtinV(""bin"")    ] [ ""enumerate"" <- builtinV(""enumerate"") ] [ ""map""    <- builtinV(""map"")    ] [ ""eval""   <- builtinV(""eval"")   ] [ ""int""    <- typeV(""int"")       ] [ ""str""    <- typeV(""str"")       ] [ ""float""  <- typeV(""float"")     ], root)"
362,reference-semantics/semantics/core.k,185,syntax,,ACCEPTED_FIXED_SUPPLIED_SEMANTICS,syntax ApplyK ::= toCall(Val)
363,reference-semantics/semantics/core.k,186,syntax,,ACCEPTED_FIXED_SUPPLIED_SEMANTICS,"syntax KItem  ::= #evalArgs(Exprs, Vals, ApplyK) | #evalArgCont(Exprs, Vals, ApplyK) | #applyK(ApplyK, Vals)"
364,reference-semantics/semantics/core.k,189,rule,,ACCEPTED_FIXED_SUPPLIED_SEMANTICS,"rule <k> #evalArgs((A:Expr, REST:Exprs), ACC:Vals, K:ApplyK) => A ~> #evalArgCont(REST, ACC, K) ... </k>"
365,reference-semantics/semantics/core.k,190,rule,,ACCEPTED_FIXED_SUPPLIED_SEMANTICS,"rule <k> V:Val ~> #evalArgCont(REST:Exprs, ACC:Vals, K:ApplyK) => #evalArgs(REST, appendVal(ACC, V), K) ... </k>"
366,reference-semantics/semantics/core.k,191,rule,,ACCEPTED_FIXED_SUPPLIED_SEMANTICS,"rule <k> #evalArgs(.Exprs, ACC:Vals, K:ApplyK) => #applyK(K, ACC) ... </k>"
367,reference-semantics/semantics/core.k,194,rule,,ACCEPTED_FIXED_SUPPLIED_SEMANTICS,rule <k> Int(I:Int)   => I ... </k>
368,reference-semantics/semantics/core.k,195,rule,,ACCEPTED_FIXED_SUPPLIED_SEMANTICS,rule <k> Bool(B:Bool) => B ... </k>
369,reference-semantics/semantics/core.k,196,rule,,ACCEPTED_FIXED_SUPPLIED_SEMANTICS,rule <k> NoneVal      => noneV ... </k>
370,reference-semantics/semantics/core.k,199,syntax,function,ACCEPTED_FIXED_SUPPLIED_SEMANTICS,syntax Bool ::= truthy(Val) [function]
371,reference-semantics/semantics/core.k,200,rule,,ACCEPTED_FIXED_SUPPLIED_SEMANTICS,rule truthy(B:Bool)          => B
372,reference-semantics/semantics/core.k,201,rule,,ACCEPTED_FIXED_SUPPLIED_SEMANTICS,rule truthy(noneV)           => false
373,reference-semantics/semantics/core.k,202,rule,,ACCEPTED_FIXED_SUPPLIED_SEMANTICS,rule truthy(I:Int)           => I =/=Int 0
374,reference-semantics/semantics/core.k,203,rule,,ACCEPTED_FIXED_SUPPLIED_SEMANTICS,rule truthy(str(S:IntSeq))   => notBool (S ==K .IntSeq)
375,reference-semantics/semantics/core.k,204,rule,,ACCEPTED_FIXED_SUPPLIED_SEMANTICS,rule truthy(list(V:ValSeq))  => notBool (V ==K .ValSeq)
376,reference-semantics/semantics/core.k,205,rule,,ACCEPTED_FIXED_SUPPLIED_SEMANTICS,rule truthy(tuple(V:ValSeq)) => notBool (V ==K .ValSeq)
377,reference-semantics/semantics/core.k,208,syntax,function,ACCEPTED_FIXED_SUPPLIED_SEMANTICS,"syntax Val  ::= applyUn(String, Val) [function]"
378,reference-semantics/semantics/core.k,209,syntax,function,ACCEPTED_FIXED_SUPPLIED_SEMANTICS,"syntax Val  ::= applyBin(String, Val, Val) [function]"
379,reference-semantics/semantics/core.k,210,syntax,function,ACCEPTED_FIXED_SUPPLIED_SEMANTICS,"syntax Bool ::= applyCmp(String, Val, Val) [function]"
380,reference-semantics/semantics/core.k,213,syntax,"function,total",ACCEPTED_FIXED_SUPPLIED_SEMANTICS,"syntax Vals ::= appendVal(Vals, Val) [function, total]"
381,reference-semantics/semantics/core.k,214,rule,,ACCEPTED_FIXED_SUPPLIED_SEMANTICS,"rule appendVal(.Vals, V:Val)              => V , .Vals"
382,reference-semantics/semantics/core.k,215,rule,,ACCEPTED_FIXED_SUPPLIED_SEMANTICS,"rule appendVal((V0:Val, VS:Vals), V:Val)  => V0 , appendVal(VS, V)"
383,reference-semantics/semantics/core.k,217,syntax,"function,total",ACCEPTED_FIXED_SUPPLIED_SEMANTICS,"syntax ValSeq ::= vals2valSeq(Vals) [function, total]"
384,reference-semantics/semantics/core.k,218,rule,,ACCEPTED_FIXED_SUPPLIED_SEMANTICS,rule vals2valSeq(.Vals)            => .ValSeq
385,reference-semantics/semantics/core.k,219,rule,,ACCEPTED_FIXED_SUPPLIED_SEMANTICS,"rule vals2valSeq((V:Val, VS:Vals)) => vCons(V, vals2valSeq(VS))"
386,reference-semantics/semantics/core.k,223,syntax,"function,total",ACCEPTED_FIXED_SUPPLIED_SEMANTICS,"syntax Int ::= vsLen(ValSeq) [function, total]"
387,reference-semantics/semantics/core.k,224,rule,,ACCEPTED_FIXED_SUPPLIED_SEMANTICS,rule vsLen(.ValSeq)                => 0
388,reference-semantics/semantics/core.k,225,rule,,ACCEPTED_FIXED_SUPPLIED_SEMANTICS,"rule vsLen(vCons(_:Val, S:ValSeq)) => 1 +Int vsLen(S)"
389,reference-semantics/semantics/core.k,227,syntax,"function,total",ACCEPTED_FIXED_SUPPLIED_SEMANTICS,"syntax Int ::= isLen(IntSeq) [function, total]"
390,reference-semantics/semantics/core.k,228,rule,,ACCEPTED_FIXED_SUPPLIED_SEMANTICS,rule isLen(.IntSeq)                => 0
391,reference-semantics/semantics/core.k,229,rule,,ACCEPTED_FIXED_SUPPLIED_SEMANTICS,"rule isLen(iCons(_:Int, S:IntSeq)) => 1 +Int isLen(S)"
392,reference-semantics/semantics/core.k,233,syntax,"function,total",ACCEPTED_FIXED_SUPPLIED_SEMANTICS,"syntax ValSeq ::= setVSAt(ValSeq, Int, Val) [function, total]"
393,reference-semantics/semantics/core.k,234,rule,,ACCEPTED_FIXED_SUPPLIED_SEMANTICS,"rule setVSAt(.ValSeq, _:Int, _:Val)               => .ValSeq"
394,reference-semantics/semantics/core.k,235,rule,,ACCEPTED_FIXED_SUPPLIED_SEMANTICS,"rule setVSAt(vCons(_:Val, S:ValSeq), 0, V:Val)    => vCons(V, S)"
395,reference-semantics/semantics/core.k,236,rule,,ACCEPTED_FIXED_SUPPLIED_SEMANTICS,"rule setVSAt(vCons(W:Val, S:ValSeq), I:Int, V:Val) => vCons(W, setVSAt(S, I -Int 1, V)) requires I >Int 0"
396,reference-semantics/semantics/core.k,238,rule,,ACCEPTED_FIXED_SUPPLIED_SEMANTICS,"rule setVSAt(VS:ValSeq, I:Int, _:Val)             => VS requires I <Int 0 endmodule"
397,reference-semantics/semantics/dict.k,14,imports,,ACCEPTED_FIXED_SUPPLIED_SEMANTICS,imports MPY-CORE
398,reference-semantics/semantics/dict.k,15,imports,,ACCEPTED_FIXED_SUPPLIED_SEMANTICS,imports MPY-ITER
399,reference-semantics/semantics/dict.k,16,imports,,ACCEPTED_FIXED_SUPPLIED_SEMANTICS,imports MPY-METHODS
400,reference-semantics/semantics/dict.k,17,imports,,ACCEPTED_FIXED_SUPPLIED_SEMANTICS,imports MPY-LIST
401,reference-semantics/semantics/dict.k,20,syntax,,ACCEPTED_FIXED_SUPPLIED_SEMANTICS,"syntax Val ::= dictV(ValSeq, ValSeq)"
402,reference-semantics/semantics/dict.k,23,syntax,,ACCEPTED_FIXED_SUPPLIED_SEMANTICS,"syntax KItem ::= #dictAcc(Entries, ValSeq, ValSeq) | #dictKey(Expr, Entries, ValSeq, ValSeq) | #dictVal(Val, Entries, ValSeq, ValSeq)"
403,reference-semantics/semantics/dict.k,26,rule,,ACCEPTED_FIXED_SUPPLIED_SEMANTICS,"rule <k> DictExpr(ES:Entries) => #dictAcc(ES, .ValSeq, .ValSeq) ... </k>"
404,reference-semantics/semantics/dict.k,27,rule,,ACCEPTED_FIXED_SUPPLIED_SEMANTICS,"rule <k> #dictAcc(.Entries, KS:ValSeq, VS:ValSeq) => dictV(KS, VS) ... </k>"
405,reference-semantics/semantics/dict.k,28,rule,,ACCEPTED_FIXED_SUPPLIED_SEMANTICS,"rule <k> #dictAcc((Entry(K:Expr, V:Expr), REST:Entries), KS:ValSeq, VS:ValSeq) => K ~> #dictKey(V, REST, KS, VS) ... </k>"
406,reference-semantics/semantics/dict.k,30,rule,,ACCEPTED_FIXED_SUPPLIED_SEMANTICS,"rule <k> KV:Val ~> #dictKey(V:Expr, REST:Entries, KS:ValSeq, VS:ValSeq) => V ~> #dictVal(KV, REST, KS, VS) ... </k>"
407,reference-semantics/semantics/dict.k,32,rule,,ACCEPTED_FIXED_SUPPLIED_SEMANTICS,"rule <k> VV:Val ~> #dictVal(KV:Val, REST:Entries, KS:ValSeq, VS:ValSeq) => #dictAcc(REST, dPutK(KS, KV), dPutV(KS, VS, KV, VV)) ... </k>"
408,reference-semantics/semantics/dict.k,37,syntax,"function,total",ACCEPTED_FIXED_SUPPLIED_SEMANTICS,"syntax Bool ::= dHasKey(ValSeq, Val) [function, total]"
409,reference-semantics/semantics/dict.k,38,rule,,ACCEPTED_FIXED_SUPPLIED_SEMANTICS,"rule dHasKey(.ValSeq, _:Val)                => false"
410,reference-semantics/semantics/dict.k,39,rule,,ACCEPTED_FIXED_SUPPLIED_SEMANTICS,"rule dHasKey(vCons(A:Val, _:ValSeq), K:Val) => true          requires A ==K K"
411,reference-semantics/semantics/dict.k,40,rule,,ACCEPTED_FIXED_SUPPLIED_SEMANTICS,"rule dHasKey(vCons(A:Val, R:ValSeq), K:Val) => dHasKey(R, K) requires notBool (A ==K K)"
412,reference-semantics/semantics/dict.k,43,syntax,"function,total",ACCEPTED_FIXED_SUPPLIED_SEMANTICS,"syntax ValSeq ::= dPutK(ValSeq, Val) [function, total]"
413,reference-semantics/semantics/dict.k,44,rule,,ACCEPTED_FIXED_SUPPLIED_SEMANTICS,"rule dPutK(KS:ValSeq, K:Val) => KS                                  requires dHasKey(KS, K)"
414,reference-semantics/semantics/dict.k,45,rule,,ACCEPTED_FIXED_SUPPLIED_SEMANTICS,"rule dPutK(KS:ValSeq, K:Val) => valSeqConcat(KS, vCons(K, .ValSeq)) requires notBool dHasKey(KS, K)"
415,reference-semantics/semantics/dict.k,49,syntax,"function,total",ACCEPTED_FIXED_SUPPLIED_SEMANTICS,"syntax ValSeq ::= dPutV(ValSeq, ValSeq, Val, Val) [function, total]"
416,reference-semantics/semantics/dict.k,50,rule,,ACCEPTED_FIXED_SUPPLIED_SEMANTICS,"rule dPutV(vCons(A:Val, _:ValSeq), vCons(_:Val, VR:ValSeq), K:Val, V:Val)  => vCons(V, VR) requires A ==K K"
417,reference-semantics/semantics/dict.k,52,rule,,ACCEPTED_FIXED_SUPPLIED_SEMANTICS,"rule dPutV(vCons(A:Val, KR:ValSeq), vCons(B:Val, VR:ValSeq), K:Val, V:Val) => vCons(B, dPutV(KR, VR, K, V)) requires notBool (A ==K K)"
418,reference-semantics/semantics/dict.k,54,rule,owise,ACCEPTED_FIXED_SUPPLIED_SEMANTICS,"rule dPutV(_KS:ValSeq, VS:ValSeq, _K:Val, V:Val) => valSeqConcat(VS, vCons(V, .ValSeq)) [owise]"
419,reference-semantics/semantics/dict.k,58,rule,priority,ACCEPTED_FIXED_SUPPLIED_SEMANTICS,"rule <k> #applyK(toCall(boundMethodV(dictV(KS:ValSeq, _:ValSeq), ""keys"")), .Vals) => #alloc(list(KS)) ... </k> [priority(40)]"
420,reference-semantics/semantics/dict.k,63,rule,,ACCEPTED_FIXED_SUPPLIED_SEMANTICS,"rule applyIndexD(dictV(KS:ValSeq, VS:ValSeq), K:Val) => dGet(KS, VS, K)"
421,reference-semantics/semantics/dict.k,64,syntax,function,ACCEPTED_FIXED_SUPPLIED_SEMANTICS,"syntax Val ::= applyIndexD(Val, Val) [function]"
422,reference-semantics/semantics/dict.k,65,rule,priority,ACCEPTED_FIXED_SUPPLIED_SEMANTICS,"rule <k> Subscript(dictV(KS:ValSeq, VS:ValSeq), K:Val) => applyIndexD(dictV(KS, VS), K) ... </k> [priority(45)]"
423,reference-semantics/semantics/dict.k,70,syntax,function,ACCEPTED_FIXED_SUPPLIED_SEMANTICS,"syntax Val ::= dictSet(Val, Val, Val) [function]"
424,reference-semantics/semantics/dict.k,71,rule,,ACCEPTED_FIXED_SUPPLIED_SEMANTICS,"rule dictSet(dictV(KS:ValSeq, VS:ValSeq), K:Val, V:Val) => dictV(dPutK(KS, K), dPutV(KS, VS, K, V))"
425,reference-semantics/semantics/dict.k,76,syntax,,ACCEPTED_FIXED_SUPPLIED_SEMANTICS,"syntax KItem ::= #dsetK(String, Val)"
426,reference-semantics/semantics/dict.k,77,rule,,ACCEPTED_FIXED_SUPPLIED_SEMANTICS,"rule <k> Assign(Subscript(Name(X:String), K:Expr), VV:Val) => K ~> #dsetK(X, VV) ... </k>"
427,reference-semantics/semantics/dict.k,78,rule,,ACCEPTED_FIXED_SUPPLIED_SEMANTICS,"rule <k> KV:Val ~> #dsetK(X:String, VV:Val) => .K ... </k> <env> L:Int </env> <scopes> ... L |-> scope(M:Map => M [ X <- dictSet({M[X]}:>Val, KV, VV) ], _) ... </scopes> requires X in_keys(M) andBool notBool isRefV({M[X]}:>Val)"
428,reference-semantics/semantics/dict.k,82,rule,,ACCEPTED_FIXED_SUPPLIED_SEMANTICS,"rule <k> KV:Val ~> #dsetK(X:String, VV:Val) => #dsetV({M[X]}:>Val, KV, VV) ... </k> <env> L:Int </env> <scopes> ... L |-> scope(M:Map, _) ... </scopes> requires X in_keys(M) andBool isRefV({M[X]}:>Val)"
429,reference-semantics/semantics/dict.k,86,syntax,,ACCEPTED_FIXED_SUPPLIED_SEMANTICS,"syntax KItem ::= #dsetV(Val, Val, Val)"
430,reference-semantics/semantics/dict.k,87,rule,,ACCEPTED_FIXED_SUPPLIED_SEMANTICS,"rule <k> #dsetV(ref(H:Int), I:Int, VV:Val) => .K ... </k> <heap> ... H |-> list(VS:ValSeq => setVSAt(VS, normIdxD(I, vsLen(VS)), VV)) ... </heap>"
431,reference-semantics/semantics/dict.k,90,syntax,"function,total",ACCEPTED_FIXED_SUPPLIED_SEMANTICS,"syntax Int ::= normIdxD(Int, Int) [function, total]"
432,reference-semantics/semantics/dict.k,91,rule,,ACCEPTED_FIXED_SUPPLIED_SEMANTICS,"rule normIdxD(I:Int, LEN:Int) => I +Int LEN requires I  <Int 0"
433,reference-semantics/semantics/dict.k,92,rule,,ACCEPTED_FIXED_SUPPLIED_SEMANTICS,"rule normIdxD(I:Int, _:Int)   => I          requires I >=Int 0"
434,reference-semantics/semantics/dict.k,95,rule,,ACCEPTED_FIXED_SUPPLIED_SEMANTICS,"rule applyCmp(""=="", dictV(KS1:ValSeq, VS1:ValSeq), dictV(KS2:ValSeq, VS2:ValSeq)) => (vsLen(KS1) ==Int vsLen(KS2)) andBool dSubset(KS1, VS1, KS2, VS2)"
435,reference-semantics/semantics/dict.k,97,syntax,function,ACCEPTED_FIXED_SUPPLIED_SEMANTICS,"syntax Bool ::= dSubset(ValSeq, ValSeq, ValSeq, ValSeq) [function]"
436,reference-semantics/semantics/dict.k,98,rule,,ACCEPTED_FIXED_SUPPLIED_SEMANTICS,"rule dSubset(.ValSeq, .ValSeq, _:ValSeq, _:ValSeq) => true"
437,reference-semantics/semantics/dict.k,99,rule,,ACCEPTED_FIXED_SUPPLIED_SEMANTICS,"rule dSubset(vCons(K:Val, KR:ValSeq), vCons(V:Val, VR:ValSeq), KS2:ValSeq, VS2:ValSeq) => dHasKey(KS2, K) andBool (dGet(KS2, VS2, K) ==K V) andBool dSubset(KR, VR, KS2, VS2)"
438,reference-semantics/semantics/dict.k,101,syntax,function,ACCEPTED_FIXED_SUPPLIED_SEMANTICS,"syntax Val ::= dGet(ValSeq, ValSeq, Val) [function]"
439,reference-semantics/semantics/dict.k,102,rule,,ACCEPTED_FIXED_SUPPLIED_SEMANTICS,"rule dGet(vCons(A:Val, _:ValSeq), vCons(B:Val, _:ValSeq), K:Val) => B                requires A ==K K"
440,reference-semantics/semantics/dict.k,103,rule,,ACCEPTED_FIXED_SUPPLIED_SEMANTICS,"rule dGet(vCons(A:Val, KR:ValSeq), vCons(_:Val, VR:ValSeq), K:Val) => dGet(KR, VR, K) requires notBool (A ==K K) endmodule"
441,reference-semantics/semantics/float.k,15,imports,,ACCEPTED_FIXED_SUPPLIED_SEMANTICS,imports MPY-OPERATORS
442,reference-semantics/semantics/float.k,16,imports,,ACCEPTED_FIXED_SUPPLIED_SEMANTICS,imports MPY-BUILTINS
443,reference-semantics/semantics/float.k,17,imports,,ACCEPTED_FIXED_SUPPLIED_SEMANTICS,imports FLOAT
444,reference-semantics/semantics/float.k,20,syntax,,ACCEPTED_FIXED_SUPPLIED_SEMANTICS,syntax Val ::= Float
445,reference-semantics/semantics/float.k,21,rule,,ACCEPTED_FIXED_SUPPLIED_SEMANTICS,rule <k> Float(F:Float) => F ... </k>
446,reference-semantics/semantics/float.k,24,syntax,"function,total,symbol,no-evaluators",ACCEPTED_FIXED_OPAQUE_RULE_INERT_FOR_ENCODE,"syntax Float ::= intFloatDiv(Int, Float) [function, total, symbol(intFloatDiv), no-evaluators]"
447,reference-semantics/semantics/float.k,25,rule,concrete,ACCEPTED_FIXED_SUPPLIED_SEMANTICS,"rule intFloatDiv(I:Int, F:Float) => Int2Float(I, 53, 11) /Float F [concrete]"
448,reference-semantics/semantics/float.k,27,rule,,ACCEPTED_FIXED_SUPPLIED_SEMANTICS,"rule applyBin(""/"", I:Int, F:Float) => intFloatDiv(I, F)"
449,reference-semantics/semantics/float.k,30,syntax,"function,total,symbol,no-evaluators",ACCEPTED_FIXED_OPAQUE_RULE_INERT_FOR_ENCODE,"syntax Float ::= divII(Int, Int) [function, total, symbol(divII), no-evaluators]"
450,reference-semantics/semantics/float.k,31,rule,concrete,ACCEPTED_FIXED_SUPPLIED_SEMANTICS,"rule divII(I1:Int, I2:Int) => Int2Float(I1, 53, 11) /Float Int2Float(I2, 53, 11) [concrete]"
451,reference-semantics/semantics/float.k,32,rule,,ACCEPTED_FIXED_SUPPLIED_SEMANTICS,"rule applyBin(""/"", I1:Int, I2:Int) => divII(I1, I2)"
452,reference-semantics/semantics/float.k,37,syntax,"function,total,symbol,no-evaluators",ACCEPTED_FIXED_OPAQUE_RULE_INERT_FOR_ENCODE,"syntax Float ::= floatMod(Float, Float) [function, total, symbol(floatMod), no-evaluators]"
453,reference-semantics/semantics/float.k,38,rule,concrete,ACCEPTED_FIXED_SUPPLIED_SEMANTICS,"rule floatMod(F1:Float, F2:Float) => F1 -Float (floorFloat(F1 /Float F2) *Float F2) [concrete]"
454,reference-semantics/semantics/float.k,39,rule,,ACCEPTED_FIXED_SUPPLIED_SEMANTICS,"rule applyBin(""%"", F1:Float, F2:Float) => floatMod(F1, F2)"
455,reference-semantics/semantics/float.k,43,rule,,ACCEPTED_FIXED_SUPPLIED_SEMANTICS,"rule applyCmp(""=="", F1:Float, F2:Float) => F1 ==Float F2"
456,reference-semantics/semantics/float.k,44,rule,,ACCEPTED_FIXED_SUPPLIED_SEMANTICS,"rule applyCmp(""!="", F1:Float, F2:Float) => notBool (F1 ==Float F2)"
457,reference-semantics/semantics/float.k,50,syntax,"function,total,symbol,no-evaluators",ACCEPTED_FIXED_OPAQUE_RULE_INERT_FOR_ENCODE,"syntax Bool ::= floatLt(Float, Float) [function, total, symbol(floatLt), no-evaluators]"
458,reference-semantics/semantics/float.k,51,rule,concrete,ACCEPTED_FIXED_SUPPLIED_SEMANTICS,"rule floatLt(F1:Float, F2:Float) => F1 <Float F2 [concrete]"
459,reference-semantics/semantics/float.k,52,rule,,ACCEPTED_FIXED_SUPPLIED_SEMANTICS,"rule applyCmp(""<"", F1:Float, F2:Float) => floatLt(F1, F2)"
460,reference-semantics/semantics/float.k,54,syntax,"function,total,symbol,no-evaluators",ACCEPTED_FIXED_OPAQUE_RULE_INERT_FOR_ENCODE,"syntax Float ::= absF(Float) [function, total, symbol(absF), no-evaluators]"
461,reference-semantics/semantics/float.k,55,rule,concrete,ACCEPTED_FIXED_SUPPLIED_SEMANTICS,rule absF(F:Float) => absFloat(F) [concrete]
462,reference-semantics/semantics/float.k,56,rule,,ACCEPTED_FIXED_SUPPLIED_SEMANTICS,"rule applyBuiltin(""abs"", F:Float, .Vals) => absF(F)"
463,reference-semantics/semantics/float.k,61,rule,,ACCEPTED_FIXED_SUPPLIED_SEMANTICS,rule <k> Import(_:String) => .K ... </k>
464,reference-semantics/semantics/float.k,65,syntax,,ACCEPTED_FIXED_SUPPLIED_SEMANTICS,"syntax KItem ::= ""#mathCeil"""
465,reference-semantics/semantics/float.k,66,rule,priority,ACCEPTED_FIXED_SUPPLIED_SEMANTICS,"rule <k> Call(Attribute(Name(""math""), ""ceil""), (E:Expr, .Exprs)) => E ~> #mathCeil ... </k> [priority(40)]"
466,reference-semantics/semantics/float.k,67,rule,,ACCEPTED_FIXED_SUPPLIED_SEMANTICS,rule <k> V:Val ~> #mathCeil => ceilF(V) ... </k>
467,reference-semantics/semantics/float.k,70,syntax,,ACCEPTED_FIXED_SUPPLIED_SEMANTICS,"syntax KItem ::= ""#mathFloor"""
468,reference-semantics/semantics/float.k,71,rule,priority,ACCEPTED_FIXED_SUPPLIED_SEMANTICS,"rule <k> Call(Attribute(Name(""math""), ""floor""), (E:Expr, .Exprs)) => E ~> #mathFloor ... </k> [priority(40)]"
469,reference-semantics/semantics/float.k,72,rule,,ACCEPTED_FIXED_SUPPLIED_SEMANTICS,rule <k> V:Val ~> #mathFloor => floorFI(V) ... </k>
470,reference-semantics/semantics/float.k,73,syntax,"function,total,symbol",ACCEPTED_FIXED_SUPPLIED_SEMANTICS,"syntax Int ::= floorFI(Val) [function, total, symbol(floorFI)]"
471,reference-semantics/semantics/float.k,74,rule,concrete,ACCEPTED_FIXED_SUPPLIED_SEMANTICS,rule floorFI(I:Int)   => I                        [concrete]
472,reference-semantics/semantics/float.k,75,rule,concrete,ACCEPTED_FIXED_SUPPLIED_SEMANTICS,rule floorFI(F:Float) => Float2Int(floorFloat(F)) [concrete]
473,reference-semantics/semantics/float.k,78,rule,,ACCEPTED_FIXED_SUPPLIED_SEMANTICS,"rule applyBuiltin(""floor"", V:Val, .Vals) => floorFI(V)"
474,reference-semantics/semantics/float.k,79,rule,,ACCEPTED_FIXED_SUPPLIED_SEMANTICS,"rule applyBuiltin(""ceil"",  V:Val, .Vals) => ceilF(V)"
475,reference-semantics/semantics/float.k,82,syntax,,ACCEPTED_FIXED_SUPPLIED_SEMANTICS,syntax KItem ::= #mathPow1(Expr) | #mathPow2(Val)
476,reference-semantics/semantics/float.k,83,rule,priority,ACCEPTED_FIXED_SUPPLIED_SEMANTICS,"rule <k> Call(Attribute(Name(""math""), ""pow""), (E1:Expr, E2:Expr, .Exprs)) => E1 ~> #mathPow1(E2) ... </k> [priority(40)]"
477,reference-semantics/semantics/float.k,84,rule,,ACCEPTED_FIXED_SUPPLIED_SEMANTICS,rule <k> V1:Val ~> #mathPow1(E2:Expr) => E2 ~> #mathPow2(V1) ... </k>
478,reference-semantics/semantics/float.k,85,rule,,ACCEPTED_FIXED_SUPPLIED_SEMANTICS,"rule <k> V2:Val ~> #mathPow2(V1:Val) => powF(toF(V1), toF(V2)) ... </k>"
479,reference-semantics/semantics/float.k,86,syntax,"function,total,symbol",ACCEPTED_FIXED_SUPPLIED_SEMANTICS,"syntax Float ::= toF(Val) [function, total, symbol(toF)]"
480,reference-semantics/semantics/float.k,87,rule,concrete,ACCEPTED_FIXED_SUPPLIED_SEMANTICS,rule toF(F:Float) => F        [concrete]
481,reference-semantics/semantics/float.k,88,rule,concrete,ACCEPTED_FIXED_SUPPLIED_SEMANTICS,rule toF(I:Int)   => intToF(I) [concrete]
482,reference-semantics/semantics/float.k,93,syntax,"function,total,symbol",ACCEPTED_FIXED_SUPPLIED_SEMANTICS,"syntax Int ::= ceilF(Val) [function, total, symbol(ceilF)]"
483,reference-semantics/semantics/float.k,94,rule,concrete,ACCEPTED_FIXED_SUPPLIED_SEMANTICS,rule ceilF(I:Int)   => I                       [concrete]
484,reference-semantics/semantics/float.k,95,rule,concrete,ACCEPTED_FIXED_SUPPLIED_SEMANTICS,rule ceilF(F:Float) => Float2Int(ceilFloat(F)) [concrete]
485,reference-semantics/semantics/float.k,99,rule,,ACCEPTED_FIXED_SUPPLIED_SEMANTICS,"rule applyUn(""-"", F:Float) => 0.0 -Float F"
486,reference-semantics/semantics/float.k,103,syntax,"function,total,symbol,no-evaluators",ACCEPTED_FIXED_OPAQUE_RULE_INERT_FOR_ENCODE,"syntax Float ::= subF(Float, Float) [function, total, symbol(subF), no-evaluators]"
487,reference-semantics/semantics/float.k,104,rule,concrete,ACCEPTED_FIXED_SUPPLIED_SEMANTICS,"rule subF(F1:Float, F2:Float) => F1 -Float F2 [concrete]"
488,reference-semantics/semantics/float.k,105,rule,,ACCEPTED_FIXED_SUPPLIED_SEMANTICS,"rule applyBin(""-"", F1:Float, F2:Float) => subF(F1, F2)"
489,reference-semantics/semantics/float.k,107,syntax,"function,total,symbol,no-evaluators",ACCEPTED_FIXED_OPAQUE_RULE_INERT_FOR_ENCODE,"syntax Float ::= divF(Float, Float) [function, total, symbol(divF), no-evaluators]"
490,reference-semantics/semantics/float.k,108,rule,concrete,ACCEPTED_FIXED_SUPPLIED_SEMANTICS,"rule divF(F1:Float, F2:Float) => F1 /Float F2 [concrete]"
491,reference-semantics/semantics/float.k,109,rule,,ACCEPTED_FIXED_SUPPLIED_SEMANTICS,"rule applyBin(""/"", F1:Float, F2:Float) => divF(F1, F2)"
492,reference-semantics/semantics/float.k,111,syntax,"function,total,symbol,no-evaluators",ACCEPTED_FIXED_OPAQUE_RULE_INERT_FOR_ENCODE,"syntax Float ::= addF(Float, Float) [function, total, symbol(addF), no-evaluators]"
493,reference-semantics/semantics/float.k,112,rule,concrete,ACCEPTED_FIXED_SUPPLIED_SEMANTICS,"rule addF(F1:Float, F2:Float) => F1 +Float F2 [concrete]"
494,reference-semantics/semantics/float.k,113,rule,,ACCEPTED_FIXED_SUPPLIED_SEMANTICS,"rule applyBin(""+"", F1:Float, F2:Float) => addF(F1, F2)"
495,reference-semantics/semantics/float.k,115,syntax,"function,total,symbol,no-evaluators",ACCEPTED_FIXED_OPAQUE_RULE_INERT_FOR_ENCODE,"syntax Float ::= mulF(Float, Float) [function, total, symbol(mulF), no-evaluators]"
496,reference-semantics/semantics/float.k,116,rule,concrete,ACCEPTED_FIXED_SUPPLIED_SEMANTICS,"rule mulF(F1:Float, F2:Float) => F1 *Float F2 [concrete]"
497,reference-semantics/semantics/float.k,117,rule,,ACCEPTED_FIXED_SUPPLIED_SEMANTICS,"rule applyBin(""*"", F1:Float, F2:Float) => mulF(F1, F2)"
498,reference-semantics/semantics/float.k,119,syntax,"function,total,symbol,no-evaluators",ACCEPTED_FIXED_OPAQUE_RULE_INERT_FOR_ENCODE,"syntax Float ::= powF(Float, Float) [function, total, symbol(powF), no-evaluators]"
499,reference-semantics/semantics/float.k,120,rule,concrete,ACCEPTED_FIXED_SUPPLIED_SEMANTICS,"rule powF(F1:Float, F2:Float) => F1 ^Float F2 [concrete]"
500,reference-semantics/semantics/float.k,121,rule,,ACCEPTED_FIXED_SUPPLIED_SEMANTICS,"rule applyBin(""**"", F1:Float, F2:Float) => powF(F1, F2)"
501,reference-semantics/semantics/float.k,125,syntax,"function,total,symbol,no-evaluators",ACCEPTED_FIXED_OPAQUE_RULE_INERT_FOR_ENCODE,"syntax Bool ::= gtF(Float, Float) [function, total, symbol(gtF), no-evaluators]"
502,reference-semantics/semantics/float.k,126,rule,concrete,ACCEPTED_FIXED_SUPPLIED_SEMANTICS,"rule gtF(F1:Float, F2:Float) => F1 >Float F2 [concrete]"
503,reference-semantics/semantics/float.k,127,rule,,ACCEPTED_FIXED_SUPPLIED_SEMANTICS,"rule applyCmp("">"",  F1:Float, F2:Float) => gtF(F1, F2)"
504,reference-semantics/semantics/float.k,128,rule,,ACCEPTED_FIXED_SUPPLIED_SEMANTICS,"rule applyCmp("">="", F1:Float, F2:Float) => notBool floatLt(F1, F2)"
505,reference-semantics/semantics/float.k,129,rule,,ACCEPTED_FIXED_SUPPLIED_SEMANTICS,"rule applyCmp(""<="", F1:Float, F2:Float) => notBool gtF(F1, F2)"
506,reference-semantics/semantics/float.k,132,rule,,ACCEPTED_FIXED_SUPPLIED_SEMANTICS,"rule applyBin(""**"", I:Int, F:Float) => powF(intToF(I), F)"
507,reference-semantics/semantics/float.k,133,rule,,ACCEPTED_FIXED_SUPPLIED_SEMANTICS,"rule applyBin(""**"", F:Float, I:Int) => powF(F, intToF(I))"
508,reference-semantics/semantics/float.k,134,rule,,ACCEPTED_FIXED_SUPPLIED_SEMANTICS,"rule applyBin(""-"",  I:Int, F:Float) => subF(intToF(I), F)"
509,reference-semantics/semantics/float.k,135,rule,,ACCEPTED_FIXED_SUPPLIED_SEMANTICS,"rule applyBin(""-"",  F:Float, I:Int) => subF(F, intToF(I))"
510,reference-semantics/semantics/float.k,136,rule,,ACCEPTED_FIXED_SUPPLIED_SEMANTICS,"rule applyBin(""+"",  I:Int, F:Float) => addF(intToF(I), F)"
511,reference-semantics/semantics/float.k,137,rule,,ACCEPTED_FIXED_SUPPLIED_SEMANTICS,"rule applyBin(""+"",  F:Float, I:Int) => addF(F, intToF(I))"
512,reference-semantics/semantics/float.k,138,rule,,ACCEPTED_FIXED_SUPPLIED_SEMANTICS,"rule applyBin(""*"",  I:Int, F:Float) => mulF(intToF(I), F)"
513,reference-semantics/semantics/float.k,139,rule,,ACCEPTED_FIXED_SUPPLIED_SEMANTICS,"rule applyBin(""*"",  F:Float, I:Int) => mulF(F, intToF(I))"
514,reference-semantics/semantics/float.k,142,syntax,"function,total,symbol,no-evaluators",ACCEPTED_FIXED_OPAQUE_RULE_INERT_FOR_ENCODE,"syntax Bool ::= eqF(Float, Float) [function, total, symbol(eqF), no-evaluators]"
515,reference-semantics/semantics/float.k,143,rule,concrete,ACCEPTED_FIXED_SUPPLIED_SEMANTICS,"rule eqF(F1:Float, F2:Float) => F1 ==Float F2 [concrete]"
516,reference-semantics/semantics/float.k,144,rule,,ACCEPTED_FIXED_SUPPLIED_SEMANTICS,"rule applyCmp(""=="", I:Int, F:Float) => eqF(intToF(I), F)"
517,reference-semantics/semantics/float.k,145,rule,,ACCEPTED_FIXED_SUPPLIED_SEMANTICS,"rule applyCmp(""=="", F:Float, I:Int) => eqF(F, intToF(I))"
518,reference-semantics/semantics/float.k,146,rule,,ACCEPTED_FIXED_SUPPLIED_SEMANTICS,"rule applyCmp(""!="", I:Int, F:Float) => notBool eqF(intToF(I), F)"
519,reference-semantics/semantics/float.k,147,rule,,ACCEPTED_FIXED_SUPPLIED_SEMANTICS,"rule applyCmp(""!="", F:Float, I:Int) => notBool eqF(F, intToF(I))"
520,reference-semantics/semantics/float.k,148,rule,,ACCEPTED_FIXED_SUPPLIED_SEMANTICS,"rule applyCmp(""<"",  I:Int, F:Float) => floatLt(intToF(I), F)"
521,reference-semantics/semantics/float.k,149,rule,,ACCEPTED_FIXED_SUPPLIED_SEMANTICS,"rule applyCmp(""<"",  F:Float, I:Int) => floatLt(F, intToF(I))"
522,reference-semantics/semantics/float.k,150,rule,,ACCEPTED_FIXED_SUPPLIED_SEMANTICS,"rule applyCmp("">"",  I:Int, F:Float) => gtF(intToF(I), F)"
523,reference-semantics/semantics/float.k,151,rule,,ACCEPTED_FIXED_SUPPLIED_SEMANTICS,"rule applyCmp("">"",  F:Float, I:Int) => gtF(F, intToF(I))"
524,reference-semantics/semantics/float.k,154,rule,,ACCEPTED_FIXED_SUPPLIED_SEMANTICS,"rule applyCmp(""=="", V:Val, noneV) => V ==K noneV"
525,reference-semantics/semantics/float.k,155,rule,,ACCEPTED_FIXED_SUPPLIED_SEMANTICS,"rule applyCmp(""!="", V:Val, noneV) => notBool (V ==K noneV)"
526,reference-semantics/semantics/float.k,160,syntax,"function,total,symbol,no-evaluators",ACCEPTED_FIXED_OPAQUE_RULE_INERT_FOR_ENCODE,"syntax Float ::= decStrToF(IntSeq) [function, total, symbol(decStrToF), no-evaluators]"
527,reference-semantics/semantics/float.k,161,rule,concrete,ACCEPTED_FIXED_SUPPLIED_SEMANTICS,"rule decStrToF(iCons(45, CS:IntSeq)) => 0.0 -Float decStrToF(CS) [concrete]"
528,reference-semantics/semantics/float.k,162,rule,concrete,ACCEPTED_FIXED_SUPPLIED_SEMANTICS,rule decStrToF(CS:IntSeq) => intToF(intPart(CS)) +Float (intToF(fracPart(CS)) /Float intToF(fracScale(CS))) requires isLen(CS) >Int 0 andBool headIS(CS) =/=Int 45 [concrete]
529,reference-semantics/semantics/float.k,165,syntax,function,ACCEPTED_FIXED_SUPPLIED_SEMANTICS,syntax Int ::= headIS(IntSeq) [function]
530,reference-semantics/semantics/float.k,166,rule,,ACCEPTED_FIXED_SUPPLIED_SEMANTICS,"rule headIS(iCons(C:Int, _:IntSeq)) => C"
531,reference-semantics/semantics/float.k,167,syntax,"function,total",ACCEPTED_FIXED_SUPPLIED_SEMANTICS,"syntax Int ::= intPart(IntSeq) [function, total] | intPartAcc(IntSeq, Int) [function, total]"
532,reference-semantics/semantics/float.k,168,rule,,ACCEPTED_FIXED_SUPPLIED_SEMANTICS,"rule intPart(CS:IntSeq) => intPartAcc(CS, 0)"
533,reference-semantics/semantics/float.k,169,rule,,ACCEPTED_FIXED_SUPPLIED_SEMANTICS,"rule intPartAcc(.IntSeq, A:Int) => A"
534,reference-semantics/semantics/float.k,170,rule,,ACCEPTED_FIXED_SUPPLIED_SEMANTICS,"rule intPartAcc(iCons(46, _:IntSeq), A:Int) => A"
535,reference-semantics/semantics/float.k,171,rule,,ACCEPTED_FIXED_SUPPLIED_SEMANTICS,"rule intPartAcc(iCons(C:Int, R:IntSeq), A:Int) => intPartAcc(R, A *Int 10 +Int (C -Int 48)) requires C =/=Int 46"
536,reference-semantics/semantics/float.k,173,syntax,"function,total",ACCEPTED_FIXED_SUPPLIED_SEMANTICS,"syntax Int ::= fracPart(IntSeq) [function, total] | fracAcc(IntSeq, Int) [function, total]"
537,reference-semantics/semantics/float.k,174,rule,,ACCEPTED_FIXED_SUPPLIED_SEMANTICS,rule fracPart(.IntSeq) => 0
538,reference-semantics/semantics/float.k,175,rule,,ACCEPTED_FIXED_SUPPLIED_SEMANTICS,"rule fracPart(iCons(46, R:IntSeq)) => fracAcc(R, 0)"
539,reference-semantics/semantics/float.k,176,rule,,ACCEPTED_FIXED_SUPPLIED_SEMANTICS,"rule fracPart(iCons(C:Int, R:IntSeq)) => fracPart(R) requires C =/=Int 46"
540,reference-semantics/semantics/float.k,177,rule,,ACCEPTED_FIXED_SUPPLIED_SEMANTICS,"rule fracAcc(.IntSeq, A:Int) => A"
541,reference-semantics/semantics/float.k,178,rule,,ACCEPTED_FIXED_SUPPLIED_SEMANTICS,"rule fracAcc(iCons(C:Int, R:IntSeq), A:Int) => fracAcc(R, A *Int 10 +Int (C -Int 48))"
542,reference-semantics/semantics/float.k,179,syntax,"function,total",ACCEPTED_FIXED_SUPPLIED_SEMANTICS,"syntax Int ::= fracScale(IntSeq) [function, total] | fscAcc(IntSeq, Int) [function, total]"
543,reference-semantics/semantics/float.k,180,rule,,ACCEPTED_FIXED_SUPPLIED_SEMANTICS,rule fracScale(.IntSeq) => 1
544,reference-semantics/semantics/float.k,181,rule,,ACCEPTED_FIXED_SUPPLIED_SEMANTICS,"rule fracScale(iCons(46, R:IntSeq)) => fscAcc(R, 1)"
545,reference-semantics/semantics/float.k,182,rule,,ACCEPTED_FIXED_SUPPLIED_SEMANTICS,"rule fracScale(iCons(C:Int, R:IntSeq)) => fracScale(R) requires C =/=Int 46"
546,reference-semantics/semantics/float.k,183,rule,,ACCEPTED_FIXED_SUPPLIED_SEMANTICS,"rule fscAcc(.IntSeq, A:Int) => A"
547,reference-semantics/semantics/float.k,184,rule,,ACCEPTED_FIXED_SUPPLIED_SEMANTICS,"rule fscAcc(iCons(_:Int, R:IntSeq), A:Int) => fscAcc(R, A *Int 10)"
548,reference-semantics/semantics/float.k,185,rule,,ACCEPTED_FIXED_SUPPLIED_SEMANTICS,"rule applyBuiltin(""float"", str(CS:IntSeq), .Vals) => decStrToF(CS)"
549,reference-semantics/semantics/float.k,186,rule,,ACCEPTED_FIXED_SUPPLIED_SEMANTICS,"rule applyBuiltin(""float"", I:Int, .Vals)          => intToF(I)"
550,reference-semantics/semantics/float.k,187,rule,,ACCEPTED_FIXED_SUPPLIED_SEMANTICS,"rule applyBuiltin(""float"", F:Float, .Vals)        => F"
551,reference-semantics/semantics/float.k,190,syntax,"function,total,symbol,no-evaluators",ACCEPTED_FIXED_OPAQUE_RULE_INERT_FOR_ENCODE,"syntax Float ::= divFloatIntV(Float, Int) [function, total, symbol(divFloatIntV), no-evaluators]"
552,reference-semantics/semantics/float.k,191,rule,concrete,ACCEPTED_FIXED_SUPPLIED_SEMANTICS,"rule divFloatIntV(F:Float, I:Int) => F /Float Int2Float(I, 53, 11) [concrete]"
553,reference-semantics/semantics/float.k,192,rule,,ACCEPTED_FIXED_SUPPLIED_SEMANTICS,"rule applyBin(""/"", F:Float, I:Int) => divFloatIntV(F, I)"
554,reference-semantics/semantics/float.k,195,syntax,"function,total,symbol,no-evaluators",ACCEPTED_FIXED_OPAQUE_RULE_INERT_FOR_ENCODE,"syntax Float ::= intToF(Int) [function, total, symbol(intToF), no-evaluators]"
555,reference-semantics/semantics/float.k,196,rule,concrete,ACCEPTED_FIXED_SUPPLIED_SEMANTICS,"rule intToF(I:Int) => Int2Float(I, 53, 11) [concrete]"
556,reference-semantics/semantics/float.k,197,rule,,ACCEPTED_FIXED_SUPPLIED_SEMANTICS,"rule applyBin(""+"", I:Int, F:Float) => addF(intToF(I), F)"
557,reference-semantics/semantics/float.k,198,rule,,ACCEPTED_FIXED_SUPPLIED_SEMANTICS,"rule applyBin(""+"", F:Float, I:Int) => addF(F, intToF(I))"
558,reference-semantics/semantics/float.k,199,rule,,ACCEPTED_FIXED_SUPPLIED_SEMANTICS,"rule applyBin(""-"", I:Int, F:Float) => subF(intToF(I), F)"
559,reference-semantics/semantics/float.k,200,rule,,ACCEPTED_FIXED_SUPPLIED_SEMANTICS,"rule applyBin(""-"", F:Float, I:Int) => subF(F, intToF(I))"
560,reference-semantics/semantics/float.k,201,rule,,ACCEPTED_FIXED_SUPPLIED_SEMANTICS,"rule applyBin(""*"", I:Int, F:Float) => mulF(intToF(I), F)"
561,reference-semantics/semantics/float.k,202,rule,,ACCEPTED_FIXED_SUPPLIED_SEMANTICS,"rule applyBin(""*"", F:Float, I:Int) => mulF(F, intToF(I))"
562,reference-semantics/semantics/float.k,203,rule,,ACCEPTED_FIXED_SUPPLIED_SEMANTICS,"rule applyCmp(""<"", I:Int, F:Float) => floatLt(intToF(I), F)"
563,reference-semantics/semantics/float.k,204,rule,,ACCEPTED_FIXED_SUPPLIED_SEMANTICS,"rule applyCmp(""<"", F:Float, I:Int) => floatLt(F, intToF(I))"
564,reference-semantics/semantics/float.k,205,rule,,ACCEPTED_FIXED_SUPPLIED_SEMANTICS,"rule applyCmp("">"", I:Int, F:Float) => gtF(intToF(I), F)"
565,reference-semantics/semantics/float.k,206,rule,,ACCEPTED_FIXED_SUPPLIED_SEMANTICS,"rule applyCmp("">"", F:Float, I:Int) => gtF(F, intToF(I))"
566,reference-semantics/semantics/float.k,209,syntax,"function,total,symbol,no-evaluators",ACCEPTED_FIXED_OPAQUE_RULE_INERT_FOR_ENCODE,"syntax Int ::= truncF(Float) [function, total, symbol(truncF), no-evaluators]"
567,reference-semantics/semantics/float.k,210,rule,concrete,ACCEPTED_FIXED_SUPPLIED_SEMANTICS,rule truncF(F:Float) => #if F >=Float 0.0 #then Float2Int(floorFloat(F)) #else Float2Int(ceilFloat(F)) #fi [concrete]
568,reference-semantics/semantics/float.k,211,rule,,ACCEPTED_FIXED_SUPPLIED_SEMANTICS,"rule applyBuiltin(""int"", F:Float, .Vals) => truncF(F)"
569,reference-semantics/semantics/float.k,213,rule,,ACCEPTED_FIXED_SUPPLIED_SEMANTICS,"rule applyBuiltin(""float"", I:Int, .Vals)   => intToF(I)"
570,reference-semantics/semantics/float.k,214,rule,,ACCEPTED_FIXED_SUPPLIED_SEMANTICS,"rule applyBuiltin(""float"", F:Float, .Vals) => F"
571,reference-semantics/semantics/float.k,217,syntax,"function,total,symbol,no-evaluators",ACCEPTED_FIXED_OPAQUE_RULE_INERT_FOR_ENCODE,"syntax Int ::= roundF(Float) [function, total, symbol(roundF), no-evaluators]"
572,reference-semantics/semantics/float.k,218,rule,concrete,ACCEPTED_FIXED_SUPPLIED_SEMANTICS,rule roundF(F:Float) => #if (F -Float floorFloat(F)) ==Float 0.5 #then (#if Float2Int(floorFloat(F)) %Int 2 ==Int 0 #then Float2Int(floorFloat(F)) #else Float2Int(ceilFloat(F)) #fi) #else Float2Int(floorFloat(F +Float 0.5)) #fi [concrete]
573,reference-semantics/semantics/float.k,223,syntax,"function,total,symbol,no-evaluators",ACCEPTED_FIXED_OPAQUE_RULE_INERT_FOR_ENCODE,"syntax Float ::= roundFN(Float, Int) [function, total, symbol(roundFN), no-evaluators]"
574,reference-semantics/semantics/float.k,224,rule,concrete,ACCEPTED_FIXED_SUPPLIED_SEMANTICS,"rule roundFN(F:Float, N:Int) => Int2Float(roundF(F *Float Int2Float(10 ^Int N, 53, 11)), 53, 11) /Float Int2Float(10 ^Int N, 53, 11) [concrete]"
575,reference-semantics/semantics/float.k,227,rule,,ACCEPTED_FIXED_SUPPLIED_SEMANTICS,"rule applyBuiltin(""round"", F:Float, .Vals)        => roundF(F)"
576,reference-semantics/semantics/float.k,228,rule,,ACCEPTED_FIXED_SUPPLIED_SEMANTICS,"rule applyBuiltin(""round"", F:Float, N:Int, .Vals) => roundFN(F, N)"
577,reference-semantics/semantics/float.k,230,syntax,"function,total,symbol,no-evaluators",ACCEPTED_FIXED_OPAQUE_RULE_INERT_FOR_ENCODE,"syntax Float ::= sqrtF(Float) [function, total, symbol(sqrtF), no-evaluators]"
578,reference-semantics/semantics/float.k,231,rule,concrete,ACCEPTED_FIXED_SUPPLIED_SEMANTICS,rule sqrtF(F:Float) => sqrtFloat(F) [concrete]
579,reference-semantics/semantics/float.k,232,syntax,,ACCEPTED_FIXED_SUPPLIED_SEMANTICS,"syntax KItem ::= ""#mathSqrt"""
580,reference-semantics/semantics/float.k,233,rule,priority,ACCEPTED_FIXED_SUPPLIED_SEMANTICS,"rule <k> Call(Attribute(Name(""math""), ""sqrt""), (E:Expr, .Exprs)) => E ~> #mathSqrt ... </k> [priority(40)]"
581,reference-semantics/semantics/float.k,234,rule,,ACCEPTED_FIXED_SUPPLIED_SEMANTICS,rule <k> F:Float ~> #mathSqrt => sqrtF(F) ... </k>
582,reference-semantics/semantics/float.k,235,rule,,ACCEPTED_FIXED_SUPPLIED_SEMANTICS,rule <k> I:Int ~> #mathSqrt => sqrtF(intToF(I)) ... </k>
583,reference-semantics/semantics/float.k,243,syntax,,ACCEPTED_FIXED_SUPPLIED_SEMANTICS,"syntax KItem ::= #maxAccF(Iterable, Float) | #maxContF(Float)"
584,reference-semantics/semantics/float.k,244,rule,,ACCEPTED_FIXED_SUPPLIED_SEMANTICS,"rule <k> #iterYield(V:Val, R:Iterable) ~> #maxCont0 => #maxAccF(R, {V}:>Float) ... </k> requires isFloat(V)"
585,reference-semantics/semantics/float.k,245,rule,,ACCEPTED_FIXED_SUPPLIED_SEMANTICS,"rule <k> #maxAccF(IT:Iterable, M:Float) => #iterNext(IT) ~> #maxContF(M) ... </k>"
586,reference-semantics/semantics/float.k,246,rule,,ACCEPTED_FIXED_SUPPLIED_SEMANTICS,rule <k> #iterDone ~> #maxContF(M:Float) => M ... </k>
587,reference-semantics/semantics/float.k,247,rule,,ACCEPTED_FIXED_SUPPLIED_SEMANTICS,"rule <k> #iterYield(V:Val, R:Iterable) ~> #maxContF(M:Float) => #maxAccF(R, maxFloat(M, {V}:>Float)) ... </k> requires isFloat(V)"
588,reference-semantics/semantics/float.k,250,syntax,,ACCEPTED_FIXED_SUPPLIED_SEMANTICS,"syntax KItem ::= #minAccF(Iterable, Float) | #minContF(Float)"
589,reference-semantics/semantics/float.k,251,rule,,ACCEPTED_FIXED_SUPPLIED_SEMANTICS,"rule <k> #iterYield(V:Val, R:Iterable) ~> #minCont0 => #minAccF(R, {V}:>Float) ... </k> requires isFloat(V)"
590,reference-semantics/semantics/float.k,252,rule,,ACCEPTED_FIXED_SUPPLIED_SEMANTICS,"rule <k> #minAccF(IT:Iterable, M:Float) => #iterNext(IT) ~> #minContF(M) ... </k>"
591,reference-semantics/semantics/float.k,253,rule,,ACCEPTED_FIXED_SUPPLIED_SEMANTICS,rule <k> #iterDone ~> #minContF(M:Float) => M ... </k>
592,reference-semantics/semantics/float.k,254,rule,,ACCEPTED_FIXED_SUPPLIED_SEMANTICS,"rule <k> #iterYield(V:Val, R:Iterable) ~> #minContF(M:Float) => #minAccF(R, minFloat(M, {V}:>Float)) ... </k> requires isFloat(V)"
593,reference-semantics/semantics/float.k,261,syntax,,ACCEPTED_FIXED_SUPPLIED_SEMANTICS,"syntax KItem ::= #sumAccF(Iterable, Float) | #sumContF(Float)"
594,reference-semantics/semantics/float.k,262,rule,,ACCEPTED_FIXED_SUPPLIED_SEMANTICS,"rule <k> #iterYield(V:Val, R:Iterable) ~> #sumCont(ACC:Int) => #sumAccF(R, addF(intToF(ACC), {V}:>Float)) ... </k> requires isFloat(V) andBool notBool (isInt(V) orBool isBool(V))"
595,reference-semantics/semantics/float.k,265,rule,,ACCEPTED_FIXED_SUPPLIED_SEMANTICS,"rule <k> #sumAccF(IT:Iterable, ACC:Float) => #iterNext(IT) ~> #sumContF(ACC) ... </k>"
596,reference-semantics/semantics/float.k,266,rule,,ACCEPTED_FIXED_SUPPLIED_SEMANTICS,rule <k> #iterDone ~> #sumContF(ACC:Float) => ACC ... </k>
597,reference-semantics/semantics/float.k,267,rule,,ACCEPTED_FIXED_SUPPLIED_SEMANTICS,"rule <k> #iterYield(V:Val, R:Iterable) ~> #sumContF(ACC:Float) => #sumAccF(R, addF(ACC, {V}:>Float)) ... </k> requires isFloat(V)"
598,reference-semantics/semantics/float.k,270,rule,,ACCEPTED_FIXED_SUPPLIED_SEMANTICS,"rule <k> #iterYield(V:Val, R:Iterable) ~> #sumContF(ACC:Float) => #sumAccF(R, addF(ACC, intToF(intOf(V)))) ... </k> requires isInt(V) orBool isBool(V) endmodule"
599,reference-semantics/semantics/functions.k,4,imports,,ACCEPTED_FIXED_SUPPLIED_SEMANTICS,imports MPY-CORE
600,reference-semantics/semantics/functions.k,8,syntax,,ACCEPTED_FIXED_SUPPLIED_SEMANTICS,"syntax KItem ::= frame(continuation: K, callerEnv: Int, savedLoc: Int) | #bindP(ParamNames, Vals) | ""#pop"" | ""#endcall"""
601,reference-semantics/semantics/functions.k,14,rule,,ACCEPTED_FIXED_SUPPLIED_SEMANTICS,"rule <k> FuncDef(F:String, Params(PNS:ParamNames), BODY:Stmts) => .K ... </k> <env> L:Int </env> <scopes> ... L |-> scope(M:Map => M [ F <- closureVal(PNS, BODY, L) ], _) ... </scopes>"
602,reference-semantics/semantics/functions.k,18,syntax,,ACCEPTED_FIXED_SUPPLIED_SEMANTICS,"syntax Expr ::= closureExpr(ParamNames, Stmts)"
603,reference-semantics/semantics/functions.k,19,rule,,ACCEPTED_FIXED_SUPPLIED_SEMANTICS,"rule <k> closureExpr(PNS:ParamNames, BODY:Stmts) => closureVal(PNS, BODY, L) ... </k> <env> L:Int </env>"
604,reference-semantics/semantics/functions.k,27,syntax,,ACCEPTED_FIXED_SUPPLIED_SEMANTICS,"syntax Val ::= closureValC(ParamNames, ParamNames, Stmts, Map)"
605,reference-semantics/semantics/functions.k,31,syntax,,ACCEPTED_FIXED_SUPPLIED_SEMANTICS,"syntax KItem ::= #mkClosure(String, ParamNames, ParamNames, ParamNames, Stmts, Map) | #mkLambda(ParamNames, ParamNames, ParamNames, Stmts, Map)"
606,reference-semantics/semantics/functions.k,33,rule,,ACCEPTED_FIXED_SUPPLIED_SEMANTICS,"rule <k> FuncDef(F:String, Params(PNS:ParamNames), CellVars(CVS:ParamNames), FreeVars(FVS:ParamNames), BODY:Stmts) => #mkClosure(F, PNS, CVS, FVS, BODY, .Map) ... </k>"
607,reference-semantics/semantics/functions.k,36,rule,,ACCEPTED_FIXED_SUPPLIED_SEMANTICS,"rule <k> #mkClosure(F:String, PNS:ParamNames, CVS:ParamNames, (FV:String, FVR:ParamNames), BODY:Stmts, CM:Map) => #mkClosure(F, PNS, CVS, FVR, BODY, CM [ FV <- {M[FV]}:>Val ]) ... </k> <env> L:Int </env> <scopes> ... L |-> scope(M:Map, _) ... </scopes> requires FV in_keys(M)"
608,reference-semantics/semantics/functions.k,42,rule,,ACCEPTED_FIXED_SUPPLIED_SEMANTICS,"rule <k> #mkClosure(F:String, PNS:ParamNames, CVS:ParamNames, .ParamNames, BODY:Stmts, CM:Map) => .K ... </k> <env> L:Int </env> <scopes> ... L |-> scope(M:Map => M [ F <- closureValC(PNS, CVS, BODY, CM) ], _) ... </scopes>"
609,reference-semantics/semantics/functions.k,47,rule,,ACCEPTED_FIXED_SUPPLIED_SEMANTICS,"rule <k> Lambda(Params(PNS:ParamNames), E:Expr) => closureVal(PNS, Return(E) .Stmts, L) ... </k> <env> L:Int </env>"
610,reference-semantics/semantics/functions.k,50,rule,,ACCEPTED_FIXED_SUPPLIED_SEMANTICS,"rule <k> Lambda(Params(PNS:ParamNames), CellVars(CVS:ParamNames), FreeVars(FVS:ParamNames), E:Expr) => #mkLambda(PNS, CVS, FVS, Return(E) .Stmts, .Map) ... </k>"
611,reference-semantics/semantics/functions.k,53,rule,,ACCEPTED_FIXED_SUPPLIED_SEMANTICS,"rule <k> #mkLambda(PNS:ParamNames, CVS:ParamNames, (FV:String, FVR:ParamNames), BODY:Stmts, CM:Map) => #mkLambda(PNS, CVS, FVR, BODY, CM [ FV <- {M[FV]}:>Val ]) ... </k> <env> L:Int </env> <scopes> ... L |-> scope(M:Map, _) ... </scopes> requires FV in_keys(M)"
612,reference-semantics/semantics/functions.k,59,rule,,ACCEPTED_FIXED_SUPPLIED_SEMANTICS,"rule <k> #mkLambda(PNS:ParamNames, CVS:ParamNames, .ParamNames, BODY:Stmts, CM:Map) => closureValC(PNS, CVS, BODY, CM) ... </k>"
613,reference-semantics/semantics/functions.k,63,rule,,ACCEPTED_FIXED_SUPPLIED_SEMANTICS,"rule <k> #bindP(.ParamNames, .Vals) => .K ... </k>"
614,reference-semantics/semantics/functions.k,64,rule,,ACCEPTED_FIXED_SUPPLIED_SEMANTICS,"rule <k> #bindP((P:String, PS:ParamNames), (V:Val, VS:Vals)) => #bindP(PS, VS) ... </k> <env> L:Int </env> <scopes> ... L |-> scope(M:Map => M [ P <- V ], _) ... </scopes>"
615,reference-semantics/semantics/functions.k,68,rule,priority,ACCEPTED_FIXED_SUPPLIED_SEMANTICS,"rule <k> #bindP((P:String, PS:ParamNames), (V:Val, VS:Vals)) => #cellW({M[P]}:>Val, V) ~> #bindP(PS, VS) ... </k> <env> L:Int </env> <scopes> ... L |-> scope(M:Map, _) ... </scopes> requires ""$cells"" in_keys(M) andBool pnMember(P, cellsOf({M[""$cells""]}:>Val)) andBool P in_keys(M) andBool isCellRef({M[P]}:>Val) [priority(40)]"
616,reference-semantics/semantics/functions.k,78,rule,,ACCEPTED_FIXED_SUPPLIED_SEMANTICS,rule <k> Return(V:Val) ~> _ => #pop </k> <ret> noRet => retV(V) </ret>
617,reference-semantics/semantics/functions.k,80,rule,,ACCEPTED_FIXED_SUPPLIED_SEMANTICS,rule <k> #endcall => #pop ... </k> <ret> noRet => retV(noneV) </ret>
618,reference-semantics/semantics/functions.k,85,rule,,ACCEPTED_FIXED_SUPPLIED_SEMANTICS,"rule <k> #pop => V ~> CONT </k> <ret>   retV(V) => noRet </ret> <stack> ListItem(frame(CONT:K, CALLERL:Int, SAVEDL:Int)) => .List ... </stack> <env>   L:Int => CALLERL </env> <scopes> SC:Map => SC [ L <- undef ] </scopes> <scopeLoc> _ => SAVEDL </scopeLoc> endmodule"
619,reference-semantics/semantics/int.k,5,imports,,ACCEPTED_FIXED_SUPPLIED_SEMANTICS,imports MPY-CORE
620,reference-semantics/semantics/int.k,7,rule,,ACCEPTED_FIXED_SUPPLIED_SEMANTICS,"rule applyUn(""-"", I:Int) => 0 -Int I"
621,reference-semantics/semantics/int.k,9,rule,,ACCEPTED_FIXED_SUPPLIED_SEMANTICS,"rule applyBin(""+"",  I1:Int, I2:Int) => I1 +Int I2"
622,reference-semantics/semantics/int.k,11,rule,,ACCEPTED_FIXED_SUPPLIED_SEMANTICS,"rule applyBin(""+"",  I:Int, B:Bool) => I +Int #if B #then 1 #else 0 #fi"
623,reference-semantics/semantics/int.k,12,rule,,ACCEPTED_FIXED_SUPPLIED_SEMANTICS,"rule applyBin(""+"",  B:Bool, I:Int) => #if B #then 1 #else 0 #fi +Int I"
624,reference-semantics/semantics/int.k,13,rule,,ACCEPTED_FIXED_SUPPLIED_SEMANTICS,"rule applyBin(""-"",  I1:Int, I2:Int) => I1 -Int I2"
625,reference-semantics/semantics/int.k,14,rule,,ACCEPTED_FIXED_SUPPLIED_SEMANTICS,"rule applyBin(""*"",  I1:Int, I2:Int) => I1 *Int I2"
626,reference-semantics/semantics/int.k,15,rule,,ACCEPTED_FIXED_SUPPLIED_SEMANTICS,"rule applyBin(""%"",  I1:Int, I2:Int) => pyMod(I1, I2)"
627,reference-semantics/semantics/int.k,16,rule,,ACCEPTED_FIXED_SUPPLIED_SEMANTICS,"rule applyBin(""//"", I1:Int, I2:Int) => (I1 -Int pyMod(I1, I2)) /Int I2"
628,reference-semantics/semantics/int.k,17,rule,,ACCEPTED_FIXED_SUPPLIED_SEMANTICS,"rule applyBin(""**"", I1:Int, I2:Int) => I1 ^Int I2 requires I2 >=Int 0"
629,reference-semantics/semantics/int.k,19,syntax,function,ACCEPTED_FIXED_SUPPLIED_SEMANTICS,"syntax Int ::= pyMod(Int, Int) [function]"
630,reference-semantics/semantics/int.k,20,rule,,ACCEPTED_FIXED_SUPPLIED_SEMANTICS,"rule pyMod(I1:Int, I2:Int) => ((I1 %Int I2) +Int I2) %Int I2"
631,reference-semantics/semantics/int.k,22,rule,,ACCEPTED_FIXED_SUPPLIED_SEMANTICS,"rule applyCmp(""<"",  I1:Int, I2:Int)   => I1 <Int  I2"
632,reference-semantics/semantics/int.k,23,rule,,ACCEPTED_FIXED_SUPPLIED_SEMANTICS,"rule applyCmp(""<="", I1:Int, I2:Int)   => I1 <=Int I2"
633,reference-semantics/semantics/int.k,24,rule,,ACCEPTED_FIXED_SUPPLIED_SEMANTICS,"rule applyCmp("">"",  I1:Int, I2:Int)   => I1 >Int  I2"
634,reference-semantics/semantics/int.k,25,rule,,ACCEPTED_FIXED_SUPPLIED_SEMANTICS,"rule applyCmp("">="", I1:Int, I2:Int)   => I1 >=Int I2"
635,reference-semantics/semantics/int.k,26,rule,,ACCEPTED_FIXED_SUPPLIED_SEMANTICS,"rule applyCmp(""=="", I1:Int, I2:Int)   => I1 ==Int I2"
636,reference-semantics/semantics/int.k,27,rule,,ACCEPTED_FIXED_SUPPLIED_SEMANTICS,"rule applyCmp(""!="", I1:Int, I2:Int)   => I1 =/=Int I2 endmodule"
637,reference-semantics/semantics/iter.k,7,imports,,ACCEPTED_FIXED_SUPPLIED_SEMANTICS,imports MPY-CORE
638,reference-semantics/semantics/iter.k,8,syntax,,ACCEPTED_FIXED_SUPPLIED_SEMANTICS,"syntax KItem ::= #iterNext(Iterable) | ""#iterDone"" | #iterYield(Val, Iterable) endmodule"
639,reference-semantics/semantics/list.k,4,imports,,ACCEPTED_FIXED_SUPPLIED_SEMANTICS,imports MPY-CORE
640,reference-semantics/semantics/list.k,5,imports,,ACCEPTED_FIXED_SUPPLIED_SEMANTICS,imports MPY-ITER
641,reference-semantics/semantics/list.k,6,imports,,ACCEPTED_FIXED_SUPPLIED_SEMANTICS,imports MPY-OPERATORS
642,reference-semantics/semantics/list.k,9,rule,,ACCEPTED_FIXED_SUPPLIED_SEMANTICS,rule <k> #iterNext(list(.ValSeq))                => #iterDone ... </k>
643,reference-semantics/semantics/list.k,10,rule,,ACCEPTED_FIXED_SUPPLIED_SEMANTICS,"rule <k> #iterNext(list(vCons(V:Val, R:ValSeq))) => #iterYield(V, list(R)) ... </k>"
644,reference-semantics/semantics/list.k,13,syntax,,ACCEPTED_FIXED_SUPPLIED_SEMANTICS,"syntax ApplyK ::= ""toList"""
645,reference-semantics/semantics/list.k,14,rule,,ACCEPTED_FIXED_SUPPLIED_SEMANTICS,"rule <k> ListExpr(ES:Exprs) => #evalArgs(ES, .Vals, toList) ... </k>"
646,reference-semantics/semantics/list.k,15,rule,,ACCEPTED_FIXED_SUPPLIED_SEMANTICS,"rule <k> #applyK(toList, ACC:Vals) => #alloc(list(vals2valSeq(ACC))) ... </k>"
647,reference-semantics/semantics/list.k,18,syntax,"function,total",ACCEPTED_FIXED_SUPPLIED_SEMANTICS,"syntax ValSeq ::= valSeqConcat(ValSeq, ValSeq) [function, total]"
648,reference-semantics/semantics/list.k,19,rule,,ACCEPTED_FIXED_SUPPLIED_SEMANTICS,"rule valSeqConcat(.ValSeq, T:ValSeq)                => T"
649,reference-semantics/semantics/list.k,20,rule,,ACCEPTED_FIXED_SUPPLIED_SEMANTICS,"rule valSeqConcat(vCons(V:Val, S:ValSeq), T:ValSeq) => vCons(V, valSeqConcat(S, T))"
650,reference-semantics/semantics/list.k,24,rule,priority,ACCEPTED_FIXED_SUPPLIED_SEMANTICS,"rule <k> BinOp(""+"", list(A:ValSeq), list(B:ValSeq)) => #alloc(list(valSeqConcat(A, B))) ... </k> [priority(45)]"
651,reference-semantics/semantics/list.k,27,rule,,ACCEPTED_FIXED_SUPPLIED_SEMANTICS,"rule applyCmp(""=="", list(A:ValSeq), list(B:ValSeq)) => A ==K B"
652,reference-semantics/semantics/list.k,28,rule,,ACCEPTED_FIXED_SUPPLIED_SEMANTICS,"rule applyCmp(""!="", list(A:ValSeq), list(B:ValSeq)) => notBool (A ==K B)"
653,reference-semantics/semantics/list.k,33,syntax,"function,total",ACCEPTED_FIXED_SUPPLIED_SEMANTICS,"syntax Bool ::= hasRefVS(ValSeq) [function, total]"
654,reference-semantics/semantics/list.k,34,rule,,ACCEPTED_FIXED_SUPPLIED_SEMANTICS,rule hasRefVS(.ValSeq)                => false
655,reference-semantics/semantics/list.k,35,rule,,ACCEPTED_FIXED_SUPPLIED_SEMANTICS,"rule hasRefVS(vCons(V:Val, R:ValSeq)) => isRefV(V) orBool hasRefVS(R)"
656,reference-semantics/semantics/list.k,37,syntax,function,ACCEPTED_FIXED_SUPPLIED_SEMANTICS,"syntax Bool ::= deepEqVS(ValSeq, ValSeq, Map) [function] | deepEqV(Val, Val, Map)        [function]"
657,reference-semantics/semantics/list.k,39,rule,,ACCEPTED_FIXED_SUPPLIED_SEMANTICS,"rule deepEqVS(.ValSeq, .ValSeq, _:Map)                   => true"
658,reference-semantics/semantics/list.k,40,rule,,ACCEPTED_FIXED_SUPPLIED_SEMANTICS,"rule deepEqVS(.ValSeq, vCons(_:Val, _:ValSeq), _:Map)    => false"
659,reference-semantics/semantics/list.k,41,rule,,ACCEPTED_FIXED_SUPPLIED_SEMANTICS,"rule deepEqVS(vCons(_:Val, _:ValSeq), .ValSeq, _:Map)    => false"
660,reference-semantics/semantics/list.k,42,rule,,ACCEPTED_FIXED_SUPPLIED_SEMANTICS,"rule deepEqVS(vCons(A:Val, As:ValSeq), vCons(B:Val, Bs:ValSeq), HP:Map) => deepEqV(A, B, HP) andBool deepEqVS(As, Bs, HP)"
661,reference-semantics/semantics/list.k,45,rule,,ACCEPTED_FIXED_SUPPLIED_SEMANTICS,"rule deepEqV(ref(H:Int), B:Val, HP:Map) => deepEqV({HP[H]}:>Val, B, HP) requires H in_keys(HP)"
662,reference-semantics/semantics/list.k,47,rule,,ACCEPTED_FIXED_SUPPLIED_SEMANTICS,"rule deepEqV(A:Val, ref(H:Int), HP:Map) => deepEqV(A, {HP[H]}:>Val, HP) requires notBool isRefV(A) andBool H in_keys(HP)"
663,reference-semantics/semantics/list.k,49,rule,,ACCEPTED_FIXED_SUPPLIED_SEMANTICS,"rule deepEqV(list(A:ValSeq), list(B:ValSeq), HP:Map) => deepEqVS(A, B, HP)"
664,reference-semantics/semantics/list.k,50,rule,owise,ACCEPTED_FIXED_SUPPLIED_SEMANTICS,"rule deepEqV(A:Val, B:Val, _:Map) => A ==K B [owise]"
665,reference-semantics/semantics/list.k,53,rule,priority,ACCEPTED_FIXED_SUPPLIED_SEMANTICS,"rule <k> #applyK(toCall(boundMethodV(ref(H:Int), ""append"")), (V:Val, .Vals)) => noneV ... </k> <heap> ... H |-> list(VS:ValSeq => valSeqConcat(VS, vCons(V, .ValSeq))) ... </heap> [priority(40)]"
666,reference-semantics/semantics/list.k,58,syntax,,ACCEPTED_FIXED_SUPPLIED_SEMANTICS,"syntax KItem ::= #memberAcc(Val, Iterable) | #memberCont(Val) | ""#notB"""
667,reference-semantics/semantics/list.k,59,rule,,ACCEPTED_FIXED_SUPPLIED_SEMANTICS,"rule <k> Compare(LV:Val, CmpOp(""in"",     list(VS:ValSeq))) => #memberAcc(LV, list(VS)) ... </k>"
668,reference-semantics/semantics/list.k,60,rule,,ACCEPTED_FIXED_SUPPLIED_SEMANTICS,"rule <k> Compare(LV:Val, CmpOp(""not in"", list(VS:ValSeq))) => #memberAcc(LV, list(VS)) ~> #notB ... </k>"
669,reference-semantics/semantics/list.k,61,rule,,ACCEPTED_FIXED_SUPPLIED_SEMANTICS,"rule <k> #memberAcc(V:Val, IT:Iterable) => #iterNext(IT) ~> #memberCont(V) ... </k>"
670,reference-semantics/semantics/list.k,62,rule,,ACCEPTED_FIXED_SUPPLIED_SEMANTICS,rule <k> #iterDone ~> #memberCont(_V:Val) => false ... </k>
671,reference-semantics/semantics/list.k,63,rule,,ACCEPTED_FIXED_SUPPLIED_SEMANTICS,"rule <k> #iterYield(E:Val, _:Iterable) ~> #memberCont(V:Val) => true ... </k> requires E ==K V"
672,reference-semantics/semantics/list.k,65,rule,,ACCEPTED_FIXED_SUPPLIED_SEMANTICS,"rule <k> #iterYield(E:Val, R:Iterable) ~> #memberCont(V:Val) => #memberAcc(V, R) ... </k> requires notBool (E ==K V)"
673,reference-semantics/semantics/list.k,67,rule,,ACCEPTED_FIXED_SUPPLIED_SEMANTICS,rule <k> B:Bool ~> #notB => notBool B ... </k> endmodule
674,reference-semantics/semantics/methods.k,4,imports,,ACCEPTED_FIXED_SUPPLIED_SEMANTICS,imports MPY-CORE
675,reference-semantics/semantics/methods.k,5,imports,,ACCEPTED_FIXED_SUPPLIED_SEMANTICS,imports K-EQUAL
676,reference-semantics/semantics/methods.k,6,imports,,ACCEPTED_FIXED_SUPPLIED_SEMANTICS,imports MPY-STR
677,reference-semantics/semantics/methods.k,7,imports,,ACCEPTED_FIXED_SUPPLIED_SEMANTICS,imports MPY-LIST
678,reference-semantics/semantics/methods.k,10,syntax,function,ACCEPTED_FIXED_SUPPLIED_SEMANTICS,"syntax Val ::= applyMethod(Val, String, Vals) [function]"
679,reference-semantics/semantics/methods.k,13,rule,,ACCEPTED_FIXED_SUPPLIED_SEMANTICS,"rule applyMethod(str(CS:IntSeq), ""isupper"", .Vals) => hasUpper(CS) andBool notBool hasLower(CS)"
680,reference-semantics/semantics/methods.k,14,rule,,ACCEPTED_FIXED_SUPPLIED_SEMANTICS,"rule applyMethod(str(CS:IntSeq), ""islower"", .Vals) => hasLower(CS) andBool notBool hasUpper(CS)"
681,reference-semantics/semantics/methods.k,15,rule,,ACCEPTED_FIXED_SUPPLIED_SEMANTICS,"rule applyMethod(str(CS:IntSeq), ""isalpha"", .Vals) => notBool (CS ==K .IntSeq) andBool allAlpha(CS)"
682,reference-semantics/semantics/methods.k,16,rule,,ACCEPTED_FIXED_SUPPLIED_SEMANTICS,"rule applyMethod(str(CS:IntSeq), ""isdigit"", .Vals) => notBool (CS ==K .IntSeq) andBool allDigit(CS)"
683,reference-semantics/semantics/methods.k,19,rule,,ACCEPTED_FIXED_SUPPLIED_SEMANTICS,"rule applyMethod(str(CS:IntSeq), ""lower"",    .Vals) => str(mapLower(CS))"
684,reference-semantics/semantics/methods.k,20,rule,,ACCEPTED_FIXED_SUPPLIED_SEMANTICS,"rule applyMethod(str(CS:IntSeq), ""upper"",    .Vals) => str(mapUpper(CS))"
685,reference-semantics/semantics/methods.k,21,rule,,ACCEPTED_FIXED_SUPPLIED_SEMANTICS,"rule applyMethod(str(CS:IntSeq), ""swapcase"", .Vals) => str(mapSwap(CS))"
686,reference-semantics/semantics/methods.k,26,rule,,ACCEPTED_FIXED_SUPPLIED_SEMANTICS,"rule applyMethod(str(SEP:IntSeq), ""join"", list(VS:ValSeq), .Vals) => str(joinCodes(SEP, VS))"
687,reference-semantics/semantics/methods.k,27,syntax,"function,total",ACCEPTED_FIXED_SUPPLIED_SEMANTICS,"syntax IntSeq ::= joinCodes(IntSeq, ValSeq) [function, total]"
688,reference-semantics/semantics/methods.k,28,rule,,ACCEPTED_FIXED_SUPPLIED_SEMANTICS,"rule joinCodes(_:IntSeq, .ValSeq) => .IntSeq"
689,reference-semantics/semantics/methods.k,29,rule,,ACCEPTED_FIXED_SUPPLIED_SEMANTICS,"rule joinCodes(_:IntSeq, vCons(str(CS:IntSeq), .ValSeq)) => CS"
690,reference-semantics/semantics/methods.k,30,rule,,ACCEPTED_FIXED_SUPPLIED_SEMANTICS,"rule joinCodes(SEP:IntSeq, vCons(str(CS:IntSeq), vCons(V:Val, R:ValSeq))) => seqConcat(CS, seqConcat(SEP, joinCodes(SEP, vCons(V, R))))"
691,reference-semantics/semantics/methods.k,34,rule,,ACCEPTED_FIXED_SUPPLIED_SEMANTICS,"rule applyMethod(str(CS:IntSeq), ""count"", str(PC:IntSeq), .Vals) => cntSub(CS, PC)"
692,reference-semantics/semantics/methods.k,35,syntax,function,ACCEPTED_FIXED_SUPPLIED_SEMANTICS,"syntax Int ::= cntSub(IntSeq, IntSeq) [function]"
693,reference-semantics/semantics/methods.k,36,rule,,ACCEPTED_FIXED_SUPPLIED_SEMANTICS,"rule cntSub(.IntSeq, _:IntSeq) => 0"
694,reference-semantics/semantics/methods.k,37,rule,,ACCEPTED_FIXED_SUPPLIED_SEMANTICS,"rule cntSub(iCons(C:Int, R:IntSeq), PC:IntSeq) => 1 +Int cntSub(dropIS(iCons(C, R), isLen(PC)), PC) requires strPrefix(PC, iCons(C, R)) andBool isLen(PC) >Int 0"
695,reference-semantics/semantics/methods.k,39,rule,,ACCEPTED_FIXED_SUPPLIED_SEMANTICS,"rule cntSub(iCons(C:Int, R:IntSeq), PC:IntSeq) => cntSub(R, PC) requires notBool strPrefix(PC, iCons(C, R)) orBool isLen(PC) <=Int 0"
696,reference-semantics/semantics/methods.k,41,syntax,"function,total",ACCEPTED_FIXED_SUPPLIED_SEMANTICS,"syntax IntSeq ::= dropIS(IntSeq, Int) [function, total]"
697,reference-semantics/semantics/methods.k,42,rule,,ACCEPTED_FIXED_SUPPLIED_SEMANTICS,"rule dropIS(S:IntSeq, N:Int) => S requires N <=Int 0"
698,reference-semantics/semantics/methods.k,43,rule,owise,ACCEPTED_FIXED_SUPPLIED_SEMANTICS,"rule dropIS(.IntSeq, _:Int) => .IntSeq [owise]"
699,reference-semantics/semantics/methods.k,44,rule,,ACCEPTED_FIXED_SUPPLIED_SEMANTICS,"rule dropIS(iCons(_:Int, R:IntSeq), N:Int) => dropIS(R, N -Int 1) requires N >Int 0"
700,reference-semantics/semantics/methods.k,47,rule,,ACCEPTED_FIXED_SUPPLIED_SEMANTICS,"rule applyMethod(str(CS:IntSeq), ""strip"", .Vals) => str(revIS(trimWS(revIS(trimWS(CS)))))"
701,reference-semantics/semantics/methods.k,48,syntax,"function,total",ACCEPTED_FIXED_SUPPLIED_SEMANTICS,"syntax IntSeq ::= trimWS(IntSeq) [function, total]"
702,reference-semantics/semantics/methods.k,49,rule,,ACCEPTED_FIXED_SUPPLIED_SEMANTICS,rule trimWS(.IntSeq) => .IntSeq
703,reference-semantics/semantics/methods.k,50,rule,,ACCEPTED_FIXED_SUPPLIED_SEMANTICS,"rule trimWS(iCons(C:Int, R:IntSeq)) => trimWS(R) requires isWSC(C)"
704,reference-semantics/semantics/methods.k,51,rule,,ACCEPTED_FIXED_SUPPLIED_SEMANTICS,"rule trimWS(iCons(C:Int, R:IntSeq)) => iCons(C, R) requires notBool isWSC(C)"
705,reference-semantics/semantics/methods.k,52,syntax,"function,total",ACCEPTED_FIXED_SUPPLIED_SEMANTICS,"syntax IntSeq ::= revIS(IntSeq) [function, total] | revISAcc(IntSeq, IntSeq) [function, total]"
706,reference-semantics/semantics/methods.k,53,rule,,ACCEPTED_FIXED_SUPPLIED_SEMANTICS,"rule revIS(S:IntSeq) => revISAcc(S, .IntSeq)"
707,reference-semantics/semantics/methods.k,54,rule,,ACCEPTED_FIXED_SUPPLIED_SEMANTICS,"rule revISAcc(.IntSeq, A:IntSeq) => A"
708,reference-semantics/semantics/methods.k,55,rule,,ACCEPTED_FIXED_SUPPLIED_SEMANTICS,"rule revISAcc(iCons(C:Int, R:IntSeq), A:IntSeq) => revISAcc(R, iCons(C, A))"
709,reference-semantics/semantics/methods.k,58,rule,,ACCEPTED_FIXED_SUPPLIED_SEMANTICS,"rule applyMethod(str(CS:IntSeq), ""encode"", str(_:IntSeq), .Vals) => str(CS)"
710,reference-semantics/semantics/methods.k,61,rule,,ACCEPTED_FIXED_SUPPLIED_SEMANTICS,"rule applyMethod(str(XC:IntSeq), ""startswith"", str(PC:IntSeq), .Vals) => startsWith(PC, XC)"
711,reference-semantics/semantics/methods.k,64,rule,,ACCEPTED_FIXED_SUPPLIED_SEMANTICS,"rule applyMethod(list(VS:ValSeq), ""count"", V:Val, .Vals) => cntOccVS(VS, V)"
712,reference-semantics/semantics/methods.k,65,syntax,"function,total",ACCEPTED_FIXED_SUPPLIED_SEMANTICS,"syntax Int ::= cntOccVS(ValSeq, Val) [function, total]"
713,reference-semantics/semantics/methods.k,66,rule,,ACCEPTED_FIXED_SUPPLIED_SEMANTICS,"rule cntOccVS(.ValSeq, _:Val)                => 0"
714,reference-semantics/semantics/methods.k,67,rule,,ACCEPTED_FIXED_SUPPLIED_SEMANTICS,"rule cntOccVS(vCons(A:Val, R:ValSeq), V:Val) => 1 +Int cntOccVS(R, V) requires A ==K V"
715,reference-semantics/semantics/methods.k,68,rule,,ACCEPTED_FIXED_SUPPLIED_SEMANTICS,"rule cntOccVS(vCons(A:Val, R:ValSeq), V:Val) => cntOccVS(R, V)        requires notBool (A ==K V)"
716,reference-semantics/semantics/methods.k,72,rule,priority,ACCEPTED_FIXED_SUPPLIED_SEMANTICS,"rule <k> #applyK(toCall(boundMethodV(str(CS:IntSeq), ""split"")), .Vals) => #alloc(list(splitWS(CS, .IntSeq, .ValSeq))) ... </k> [priority(40)]"
717,reference-semantics/semantics/methods.k,75,syntax,function,ACCEPTED_FIXED_SUPPLIED_SEMANTICS,"syntax ValSeq ::= splitWS(IntSeq, IntSeq, ValSeq) [function]  // remaining, current token, result"
718,reference-semantics/semantics/methods.k,76,rule,,ACCEPTED_FIXED_SUPPLIED_SEMANTICS,"rule splitWS(.IntSeq, CUR:IntSeq, ACC:ValSeq) => flushTok(ACC, CUR)"
719,reference-semantics/semantics/methods.k,77,rule,,ACCEPTED_FIXED_SUPPLIED_SEMANTICS,"rule splitWS(iCons(C:Int, R:IntSeq), CUR:IntSeq, ACC:ValSeq) => splitWS(R, .IntSeq, flushTok(ACC, CUR)) requires isWSC(C)"
720,reference-semantics/semantics/methods.k,79,rule,,ACCEPTED_FIXED_SUPPLIED_SEMANTICS,"rule splitWS(iCons(C:Int, R:IntSeq), CUR:IntSeq, ACC:ValSeq) => splitWS(R, seqConcat(CUR, iCons(C, .IntSeq)), ACC) requires notBool isWSC(C)"
721,reference-semantics/semantics/methods.k,82,syntax,function,ACCEPTED_FIXED_SUPPLIED_SEMANTICS,"syntax ValSeq ::= flushTok(ValSeq, IntSeq) [function]"
722,reference-semantics/semantics/methods.k,83,rule,,ACCEPTED_FIXED_SUPPLIED_SEMANTICS,"rule flushTok(ACC:ValSeq, .IntSeq)            => ACC"
723,reference-semantics/semantics/methods.k,84,rule,,ACCEPTED_FIXED_SUPPLIED_SEMANTICS,"rule flushTok(ACC:ValSeq, iCons(C:Int, T:IntSeq)) => valSeqConcat(ACC, vCons(str(iCons(C, T)), .ValSeq))"
724,reference-semantics/semantics/methods.k,85,syntax,"function,total",ACCEPTED_FIXED_SUPPLIED_SEMANTICS,"syntax Bool ::= isWSC(Int) [function, total]"
725,reference-semantics/semantics/methods.k,86,rule,,ACCEPTED_FIXED_SUPPLIED_SEMANTICS,rule isWSC(C:Int) => C ==Int 32 orBool C ==Int 9 orBool C ==Int 10 orBool C ==Int 13
726,reference-semantics/semantics/methods.k,89,rule,priority,ACCEPTED_FIXED_SUPPLIED_SEMANTICS,"rule <k> #applyK(toCall(boundMethodV(str(CS:IntSeq), ""split"")), (kwV(""sep"", str(S:IntSeq)), .Vals)) => #applyK(toCall(boundMethodV(str(CS), ""split"")), (str(S), .Vals)) ... </k> [priority(39)]"
727,reference-semantics/semantics/methods.k,94,rule,priority,ACCEPTED_FIXED_SUPPLIED_SEMANTICS,"rule <k> #applyK(toCall(boundMethodV(str(CS:IntSeq), ""split"")), (str(iCons(SEP:Int, .IntSeq)), .Vals)) => #alloc(list(splitSep(CS, SEP, .IntSeq))) ... </k> [priority(40)]"
728,reference-semantics/semantics/methods.k,97,syntax,function,ACCEPTED_FIXED_SUPPLIED_SEMANTICS,"syntax ValSeq ::= splitSep(IntSeq, Int, IntSeq) [function]  // remaining, sep code, current token"
729,reference-semantics/semantics/methods.k,98,rule,,ACCEPTED_FIXED_SUPPLIED_SEMANTICS,"rule splitSep(.IntSeq, _SEP:Int, CUR:IntSeq)              => vCons(str(CUR), .ValSeq)"
730,reference-semantics/semantics/methods.k,99,rule,,ACCEPTED_FIXED_SUPPLIED_SEMANTICS,"rule splitSep(iCons(C:Int, R:IntSeq), SEP:Int, CUR:IntSeq) => vCons(str(CUR), splitSep(R, SEP, .IntSeq)) requires C ==Int SEP"
731,reference-semantics/semantics/methods.k,101,rule,,ACCEPTED_FIXED_SUPPLIED_SEMANTICS,"rule splitSep(iCons(C:Int, R:IntSeq), SEP:Int, CUR:IntSeq) => splitSep(R, SEP, seqConcat(CUR, iCons(C, .IntSeq))) requires notBool (C ==Int SEP)"
732,reference-semantics/semantics/methods.k,104,rule,,ACCEPTED_FIXED_SUPPLIED_SEMANTICS,"rule applyMethod(str(CS:IntSeq), ""replace"", str(iCons(A:Int, .IntSeq)), str(iCons(B:Int, .IntSeq)), .Vals) => str(replaceC(CS, A, B))"
733,reference-semantics/semantics/methods.k,106,syntax,"function,total",ACCEPTED_FIXED_SUPPLIED_SEMANTICS,"syntax IntSeq ::= replaceC(IntSeq, Int, Int) [function, total]"
734,reference-semantics/semantics/methods.k,107,rule,,ACCEPTED_FIXED_SUPPLIED_SEMANTICS,"rule replaceC(.IntSeq, _:Int, _:Int)             => .IntSeq"
735,reference-semantics/semantics/methods.k,108,rule,,ACCEPTED_FIXED_SUPPLIED_SEMANTICS,"rule replaceC(iCons(C:Int, R:IntSeq), A:Int, B:Int) => iCons(B, replaceC(R, A, B)) requires C ==Int A"
736,reference-semantics/semantics/methods.k,109,rule,,ACCEPTED_FIXED_SUPPLIED_SEMANTICS,"rule replaceC(iCons(C:Int, R:IntSeq), A:Int, B:Int) => iCons(C, replaceC(R, A, B)) requires notBool (C ==Int A)"
737,reference-semantics/semantics/methods.k,112,syntax,"function,total",ACCEPTED_FIXED_SUPPLIED_SEMANTICS,"syntax Bool ::= isUpperC(Int) [function, total]"
738,reference-semantics/semantics/methods.k,113,rule,,ACCEPTED_FIXED_SUPPLIED_SEMANTICS,rule isUpperC(C:Int) => C >=Int 65 andBool C <=Int 90
739,reference-semantics/semantics/methods.k,115,syntax,"function,total",ACCEPTED_FIXED_SUPPLIED_SEMANTICS,"syntax Bool ::= isLowerC(Int) [function, total]"
740,reference-semantics/semantics/methods.k,116,rule,,ACCEPTED_FIXED_SUPPLIED_SEMANTICS,rule isLowerC(C:Int) => C >=Int 97 andBool C <=Int 122
741,reference-semantics/semantics/methods.k,118,syntax,"function,total",ACCEPTED_FIXED_SUPPLIED_SEMANTICS,"syntax Bool ::= isAlphaC(Int) [function, total]"
742,reference-semantics/semantics/methods.k,119,rule,,ACCEPTED_FIXED_SUPPLIED_SEMANTICS,rule isAlphaC(C:Int) => isUpperC(C) orBool isLowerC(C)
743,reference-semantics/semantics/methods.k,121,syntax,"function,total",ACCEPTED_FIXED_SUPPLIED_SEMANTICS,"syntax Bool ::= isDigitC(Int) [function, total]"
744,reference-semantics/semantics/methods.k,122,rule,,ACCEPTED_FIXED_SUPPLIED_SEMANTICS,rule isDigitC(C:Int) => C >=Int 48 andBool C <=Int 57
745,reference-semantics/semantics/methods.k,124,syntax,"function,total",ACCEPTED_FIXED_SUPPLIED_SEMANTICS,"syntax Bool ::= hasUpper(IntSeq) [function, total]"
746,reference-semantics/semantics/methods.k,125,rule,,ACCEPTED_FIXED_SUPPLIED_SEMANTICS,rule hasUpper(.IntSeq) => false
747,reference-semantics/semantics/methods.k,126,rule,,ACCEPTED_FIXED_SUPPLIED_SEMANTICS,"rule hasUpper(iCons(C:Int, S:IntSeq)) => isUpperC(C) orBool hasUpper(S)"
748,reference-semantics/semantics/methods.k,128,syntax,"function,total",ACCEPTED_FIXED_SUPPLIED_SEMANTICS,"syntax Bool ::= hasLower(IntSeq) [function, total]"
749,reference-semantics/semantics/methods.k,129,rule,,ACCEPTED_FIXED_SUPPLIED_SEMANTICS,rule hasLower(.IntSeq) => false
750,reference-semantics/semantics/methods.k,130,rule,,ACCEPTED_FIXED_SUPPLIED_SEMANTICS,"rule hasLower(iCons(C:Int, S:IntSeq)) => isLowerC(C) orBool hasLower(S)"
751,reference-semantics/semantics/methods.k,132,syntax,"function,total",ACCEPTED_FIXED_SUPPLIED_SEMANTICS,"syntax Bool ::= allAlpha(IntSeq) [function, total]"
752,reference-semantics/semantics/methods.k,133,rule,,ACCEPTED_FIXED_SUPPLIED_SEMANTICS,rule allAlpha(.IntSeq) => true
753,reference-semantics/semantics/methods.k,134,rule,,ACCEPTED_FIXED_SUPPLIED_SEMANTICS,"rule allAlpha(iCons(C:Int, S:IntSeq)) => isAlphaC(C) andBool allAlpha(S)"
754,reference-semantics/semantics/methods.k,136,syntax,"function,total",ACCEPTED_FIXED_SUPPLIED_SEMANTICS,"syntax Bool ::= allDigit(IntSeq) [function, total]"
755,reference-semantics/semantics/methods.k,137,rule,,ACCEPTED_FIXED_SUPPLIED_SEMANTICS,rule allDigit(.IntSeq) => true
756,reference-semantics/semantics/methods.k,138,rule,,ACCEPTED_FIXED_SUPPLIED_SEMANTICS,"rule allDigit(iCons(C:Int, S:IntSeq)) => isDigitC(C) andBool allDigit(S)"
757,reference-semantics/semantics/methods.k,140,syntax,"function,total",ACCEPTED_FIXED_SUPPLIED_SEMANTICS,"syntax Int ::= lowerC(Int) [function, total]"
758,reference-semantics/semantics/methods.k,142,rule,,ACCEPTED_FIXED_SUPPLIED_SEMANTICS,rule lowerC(C:Int) => C +Int 32 requires isUpperC(C)
759,reference-semantics/semantics/methods.k,143,rule,owise,ACCEPTED_FIXED_SUPPLIED_SEMANTICS,rule lowerC(C:Int) => C         [owise]
760,reference-semantics/semantics/methods.k,145,syntax,"function,total",ACCEPTED_FIXED_SUPPLIED_SEMANTICS,"syntax Int ::= upperC(Int) [function, total]"
761,reference-semantics/semantics/methods.k,146,rule,,ACCEPTED_FIXED_SUPPLIED_SEMANTICS,rule upperC(C:Int) => C -Int 32 requires isLowerC(C)
762,reference-semantics/semantics/methods.k,147,rule,owise,ACCEPTED_FIXED_SUPPLIED_SEMANTICS,rule upperC(C:Int) => C         [owise]
763,reference-semantics/semantics/methods.k,149,syntax,"function,total",ACCEPTED_FIXED_SUPPLIED_SEMANTICS,"syntax Int ::= swapC(Int) [function, total]"
764,reference-semantics/semantics/methods.k,150,rule,,ACCEPTED_FIXED_SUPPLIED_SEMANTICS,rule swapC(C:Int) => C +Int 32 requires isUpperC(C)
765,reference-semantics/semantics/methods.k,151,rule,,ACCEPTED_FIXED_SUPPLIED_SEMANTICS,rule swapC(C:Int) => C -Int 32 requires isLowerC(C)
766,reference-semantics/semantics/methods.k,152,rule,owise,ACCEPTED_FIXED_SUPPLIED_SEMANTICS,rule swapC(C:Int) => C         [owise]
767,reference-semantics/semantics/methods.k,154,syntax,"function,total",ACCEPTED_FIXED_SUPPLIED_SEMANTICS,"syntax IntSeq ::= mapLower(IntSeq) [function, total]"
768,reference-semantics/semantics/methods.k,155,rule,,ACCEPTED_FIXED_SUPPLIED_SEMANTICS,rule mapLower(.IntSeq) => .IntSeq
769,reference-semantics/semantics/methods.k,156,rule,,ACCEPTED_FIXED_SUPPLIED_SEMANTICS,"rule mapLower(iCons(C:Int, S:IntSeq)) => iCons(lowerC(C), mapLower(S))"
770,reference-semantics/semantics/methods.k,158,syntax,"function,total",ACCEPTED_FIXED_SUPPLIED_SEMANTICS,"syntax IntSeq ::= mapUpper(IntSeq) [function, total]"
771,reference-semantics/semantics/methods.k,159,rule,,ACCEPTED_FIXED_SUPPLIED_SEMANTICS,rule mapUpper(.IntSeq) => .IntSeq
772,reference-semantics/semantics/methods.k,160,rule,,ACCEPTED_FIXED_SUPPLIED_SEMANTICS,"rule mapUpper(iCons(C:Int, S:IntSeq)) => iCons(upperC(C), mapUpper(S))"
773,reference-semantics/semantics/methods.k,162,syntax,"function,total",ACCEPTED_FIXED_SUPPLIED_SEMANTICS,"syntax IntSeq ::= mapSwap(IntSeq) [function, total]"
774,reference-semantics/semantics/methods.k,163,rule,,ACCEPTED_FIXED_SUPPLIED_SEMANTICS,rule mapSwap(.IntSeq) => .IntSeq
775,reference-semantics/semantics/methods.k,164,rule,,ACCEPTED_FIXED_SUPPLIED_SEMANTICS,"rule mapSwap(iCons(C:Int, S:IntSeq)) => iCons(swapC(C), mapSwap(S))"
776,reference-semantics/semantics/methods.k,166,syntax,"function,total",ACCEPTED_FIXED_SUPPLIED_SEMANTICS,"syntax Bool ::= startsWith(IntSeq, IntSeq) [function, total]"
777,reference-semantics/semantics/methods.k,167,rule,,ACCEPTED_FIXED_SUPPLIED_SEMANTICS,"rule startsWith(.IntSeq, _:IntSeq)               => true"
778,reference-semantics/semantics/methods.k,168,rule,,ACCEPTED_FIXED_SUPPLIED_SEMANTICS,"rule startsWith(iCons(_:Int, _:IntSeq), .IntSeq) => false"
779,reference-semantics/semantics/methods.k,169,rule,,ACCEPTED_FIXED_SUPPLIED_SEMANTICS,"rule startsWith(iCons(A:Int, As:IntSeq), iCons(B:Int, Bs:IntSeq)) => A ==Int B andBool startsWith(As, Bs) endmodule"
780,reference-semantics/semantics/operators.k,7,imports,,ACCEPTED_FIXED_SUPPLIED_SEMANTICS,imports MPY-CORE
781,reference-semantics/semantics/operators.k,8,imports,,ACCEPTED_FIXED_SUPPLIED_SEMANTICS,imports MPY-ITER
782,reference-semantics/semantics/operators.k,10,rule,,ACCEPTED_FIXED_SUPPLIED_SEMANTICS,"rule <k> UnaryOp(OP:String, V:Val) => applyUn(OP, V) ... </k>"
783,reference-semantics/semantics/operators.k,12,rule,,ACCEPTED_FIXED_SUPPLIED_SEMANTICS,"rule <k> BinOp(OP:String, L:Val, R:Val) => applyBin(OP, L, R) ... </k>"
784,reference-semantics/semantics/operators.k,15,context,,ACCEPTED_FIXED_SUPPLIED_SEMANTICS,"context Compare(HOLE, _)"
785,reference-semantics/semantics/operators.k,16,context,,ACCEPTED_FIXED_SUPPLIED_SEMANTICS,"context Compare(_:Val, CmpOp(_, HOLE))"
786,reference-semantics/semantics/operators.k,17,rule,owise,ACCEPTED_FIXED_SUPPLIED_SEMANTICS,"rule <k> Compare(LV:Val, CmpOp(OP:String, RV:Val)) => applyCmp(OP, LV, RV) ... </k> [owise]"
787,reference-semantics/semantics/operators.k,19,rule,,ACCEPTED_FIXED_SUPPLIED_SEMANTICS,"rule applyCmp(""is"",     V:Val, noneV) => V ==K noneV"
788,reference-semantics/semantics/operators.k,20,rule,,ACCEPTED_FIXED_SUPPLIED_SEMANTICS,"rule applyCmp(""is not"", V:Val, noneV) => notBool (V ==K noneV)"
789,reference-semantics/semantics/operators.k,25,rule,priority,ACCEPTED_FIXED_SUPPLIED_SEMANTICS,"rule <k> BinOp(OP:String, ref(H:Int), R:Expr) => BinOp(OP, V, R) ... </k> <heap> ... H |-> V:Val ... </heap> [priority(40)]"
790,reference-semantics/semantics/operators.k,28,rule,priority,ACCEPTED_FIXED_SUPPLIED_SEMANTICS,"rule <k> BinOp(OP:String, L:Val, ref(H:Int)) => BinOp(OP, L, V) ... </k> <heap> ... H |-> V:Val ... </heap> requires notBool isRefV(L) [priority(40)]"
791,reference-semantics/semantics/operators.k,34,rule,priority,ACCEPTED_FIXED_SUPPLIED_SEMANTICS,"rule <k> Compare(ref(H:Int), CmpOp(OP:String, R:Expr)) => Compare(V, CmpOp(OP, R)) ... </k> <heap> ... H |-> V:Val ... </heap> requires OP =/=String ""in"" andBool OP =/=String ""not in"" [priority(40)]"
792,reference-semantics/semantics/operators.k,38,rule,priority,ACCEPTED_FIXED_SUPPLIED_SEMANTICS,"rule <k> Compare(L:Val, CmpOp(OP:String, ref(H:Int))) => Compare(L, CmpOp(OP, V)) ... </k> <heap> ... H |-> V:Val ... </heap> requires notBool isRefV(L) orBool OP ==String ""in"" orBool OP ==String ""not in"" [priority(40)]"
793,reference-semantics/semantics/operators.k,44,rule,priority,ACCEPTED_FIXED_SUPPLIED_SEMANTICS,"rule <k> UnaryOp(OP:String, ref(H:Int)) => UnaryOp(OP, V) ... </k> <heap> ... H |-> V:Val ... </heap> [priority(40)] endmodule"
794,reference-semantics/semantics/range.k,6,imports,,ACCEPTED_FIXED_SUPPLIED_SEMANTICS,imports MPY-CORE
795,reference-semantics/semantics/range.k,7,imports,,ACCEPTED_FIXED_SUPPLIED_SEMANTICS,imports MPY-ITER
796,reference-semantics/semantics/range.k,9,syntax,"function,total",ACCEPTED_FIXED_SUPPLIED_SEMANTICS,"syntax Bool ::= inRange(Int, Int, Int) [function, total]"
797,reference-semantics/semantics/range.k,10,rule,,ACCEPTED_FIXED_SUPPLIED_SEMANTICS,"rule inRange(I:Int, HI:Int, ST:Int) => (ST >Int 0 andBool I <Int HI) orBool (ST <Int 0 andBool I >Int HI)"
798,reference-semantics/semantics/range.k,12,syntax,function,ACCEPTED_FIXED_SUPPLIED_SEMANTICS,"syntax Int ::= rangeLen(Int, Int, Int) [function]"
799,reference-semantics/semantics/range.k,13,rule,,ACCEPTED_FIXED_SUPPLIED_SEMANTICS,"rule rangeLen(LO:Int, HI:Int, ST:Int) => (HI -Int LO +Int ST -Int 1) /Int ST requires ST >Int 0 andBool HI >Int LO"
800,reference-semantics/semantics/range.k,15,rule,,ACCEPTED_FIXED_SUPPLIED_SEMANTICS,"rule rangeLen(LO:Int, HI:Int, ST:Int) => (LO -Int HI -Int ST -Int 1) /Int (0 -Int ST) requires ST <Int 0 andBool HI <Int LO"
801,reference-semantics/semantics/range.k,17,rule,,ACCEPTED_FIXED_SUPPLIED_SEMANTICS,"rule rangeLen(LO:Int, HI:Int, ST:Int) => 0 requires (ST >Int 0 andBool HI <=Int LO) orBool (ST <Int 0 andBool HI >=Int LO)"
802,reference-semantics/semantics/range.k,20,rule,,ACCEPTED_FIXED_SUPPLIED_SEMANTICS,"rule <k> #iterNext(rangeObj(I:Int, HI:Int, ST:Int)) => #iterYield(I, rangeObj(I +Int ST, HI, ST)) ... </k> requires inRange(I, HI, ST)"
803,reference-semantics/semantics/range.k,23,rule,,ACCEPTED_FIXED_SUPPLIED_SEMANTICS,"rule <k> #iterNext(rangeObj(I:Int, HI:Int, ST:Int)) => #iterDone ... </k> requires notBool inRange(I, HI, ST) endmodule"
804,reference-semantics/semantics/set.k,4,imports,,ACCEPTED_FIXED_SUPPLIED_SEMANTICS,imports MPY-CORE
805,reference-semantics/semantics/set.k,8,syntax,,ACCEPTED_FIXED_SUPPLIED_SEMANTICS,syntax Val ::= setV(IntSeq)
806,reference-semantics/semantics/set.k,11,syntax,"function,total",ACCEPTED_FIXED_SUPPLIED_SEMANTICS,"syntax Bool ::= codeIn(Int, IntSeq) [function, total]"
807,reference-semantics/semantics/set.k,12,rule,,ACCEPTED_FIXED_SUPPLIED_SEMANTICS,"rule codeIn(_:Int, .IntSeq)                => false"
808,reference-semantics/semantics/set.k,13,rule,,ACCEPTED_FIXED_SUPPLIED_SEMANTICS,"rule codeIn(C:Int, iCons(H:Int, T:IntSeq)) => C ==Int H orBool codeIn(C, T)"
809,reference-semantics/semantics/set.k,16,syntax,"function,total",ACCEPTED_FIXED_SUPPLIED_SEMANTICS,"syntax IntSeq ::= dedupCodes(IntSeq)         [function, total] | dedupFrom(IntSeq, IntSeq)  [function, total]"
810,reference-semantics/semantics/set.k,18,rule,,ACCEPTED_FIXED_SUPPLIED_SEMANTICS,"rule dedupCodes(CS:IntSeq) => dedupFrom(CS, .IntSeq)"
811,reference-semantics/semantics/set.k,19,rule,,ACCEPTED_FIXED_SUPPLIED_SEMANTICS,"rule dedupFrom(.IntSeq, ACC:IntSeq) => ACC"
812,reference-semantics/semantics/set.k,20,rule,,ACCEPTED_FIXED_SUPPLIED_SEMANTICS,"rule dedupFrom(iCons(C:Int, S:IntSeq), ACC:IntSeq) => dedupFrom(S, ACC) requires codeIn(C, ACC)"
813,reference-semantics/semantics/set.k,22,rule,,ACCEPTED_FIXED_SUPPLIED_SEMANTICS,"rule dedupFrom(iCons(C:Int, S:IntSeq), ACC:IntSeq) => dedupFrom(S, snocCode(ACC, C)) requires notBool codeIn(C, ACC)"
814,reference-semantics/semantics/set.k,25,syntax,"function,total",ACCEPTED_FIXED_SUPPLIED_SEMANTICS,"syntax IntSeq ::= snocCode(IntSeq, Int) [function, total]"
815,reference-semantics/semantics/set.k,26,rule,,ACCEPTED_FIXED_SUPPLIED_SEMANTICS,"rule snocCode(.IntSeq, C:Int)                => iCons(C, .IntSeq)"
816,reference-semantics/semantics/set.k,27,rule,,ACCEPTED_FIXED_SUPPLIED_SEMANTICS,"rule snocCode(iCons(H:Int, T:IntSeq), C:Int) => iCons(H, snocCode(T, C))"
817,reference-semantics/semantics/set.k,31,syntax,"function,total",ACCEPTED_FIXED_SUPPLIED_SEMANTICS,"syntax Bool ::= subsetCodes(IntSeq, IntSeq) [function, total]"
818,reference-semantics/semantics/set.k,32,rule,,ACCEPTED_FIXED_SUPPLIED_SEMANTICS,"rule subsetCodes(.IntSeq, _:IntSeq)                => true"
819,reference-semantics/semantics/set.k,33,rule,,ACCEPTED_FIXED_SUPPLIED_SEMANTICS,"rule subsetCodes(iCons(C:Int, S:IntSeq), B:IntSeq) => codeIn(C, B) andBool subsetCodes(S, B)"
820,reference-semantics/semantics/set.k,35,syntax,"function,total",ACCEPTED_FIXED_SUPPLIED_SEMANTICS,"syntax Bool ::= sameSet(IntSeq, IntSeq) [function, total]"
821,reference-semantics/semantics/set.k,36,rule,,ACCEPTED_FIXED_SUPPLIED_SEMANTICS,"rule sameSet(A:IntSeq, B:IntSeq) => subsetCodes(A, B) andBool subsetCodes(B, A)"
822,reference-semantics/semantics/set.k,39,rule,,ACCEPTED_FIXED_SUPPLIED_SEMANTICS,"rule applyCmp(""=="", setV(A:IntSeq), setV(B:IntSeq)) => sameSet(A, B) endmodule"
823,reference-semantics/semantics/sort.k,11,imports,,ACCEPTED_FIXED_SUPPLIED_SEMANTICS,imports MPY-BUILTINS
824,reference-semantics/semantics/sort.k,12,imports,,ACCEPTED_FIXED_SUPPLIED_SEMANTICS,imports MPY-SUBSCRIPT
825,reference-semantics/semantics/sort.k,18,syntax,"function,total,symbol,no-evaluators",ACCEPTED_FIXED_OPAQUE_RULE_INERT_FOR_ENCODE,"syntax ValSeq ::= sortVS(ValSeq) [function, total, symbol(sortVS), no-evaluators]"
826,reference-semantics/semantics/sort.k,19,syntax,function,ACCEPTED_FIXED_SUPPLIED_SEMANTICS,"syntax ValSeq ::= insVS(Int, ValSeq) [function]"
827,reference-semantics/semantics/sort.k,20,rule,concrete,ACCEPTED_FIXED_SUPPLIED_SEMANTICS,rule sortVS(.ValSeq)                => .ValSeq          [concrete]
828,reference-semantics/semantics/sort.k,21,rule,concrete,ACCEPTED_FIXED_SUPPLIED_SEMANTICS,"rule sortVS(vCons(X:Int, R:ValSeq)) => insVS(X, sortVS(R)) [concrete]"
829,reference-semantics/semantics/sort.k,22,rule,concrete,ACCEPTED_FIXED_SUPPLIED_SEMANTICS,"rule insVS(X:Int, .ValSeq)                => vCons(X, .ValSeq) [concrete]"
830,reference-semantics/semantics/sort.k,23,rule,concrete,ACCEPTED_FIXED_SUPPLIED_SEMANTICS,"rule insVS(X:Int, vCons(Y:Int, R:ValSeq)) => vCons(X, vCons(Y, R)) requires X <=Int Y [concrete]"
831,reference-semantics/semantics/sort.k,24,rule,concrete,ACCEPTED_FIXED_SUPPLIED_SEMANTICS,"rule insVS(X:Int, vCons(Y:Int, R:ValSeq)) => vCons(Y, insVS(X, R)) requires X  >Int Y [concrete]"
832,reference-semantics/semantics/sort.k,26,syntax,function,ACCEPTED_FIXED_SUPPLIED_SEMANTICS,"syntax ValSeq ::= insVSs(IntSeq, ValSeq) [function]"
833,reference-semantics/semantics/sort.k,27,rule,concrete,ACCEPTED_FIXED_SUPPLIED_SEMANTICS,"rule sortVS(vCons(str(CS:IntSeq), R:ValSeq)) => insVSs(CS, sortVS(R)) [concrete]"
834,reference-semantics/semantics/sort.k,28,rule,concrete,ACCEPTED_FIXED_SUPPLIED_SEMANTICS,"rule insVSs(A:IntSeq, .ValSeq) => vCons(str(A), .ValSeq) [concrete]"
835,reference-semantics/semantics/sort.k,29,rule,concrete,ACCEPTED_FIXED_SUPPLIED_SEMANTICS,"rule insVSs(A:IntSeq, vCons(str(B:IntSeq), R:ValSeq)) => vCons(str(A), vCons(str(B), R)) requires strLt(A, B) orBool A ==K B [concrete]"
836,reference-semantics/semantics/sort.k,31,rule,concrete,ACCEPTED_FIXED_SUPPLIED_SEMANTICS,"rule insVSs(A:IntSeq, vCons(str(B:IntSeq), R:ValSeq)) => vCons(str(B), insVSs(A, R)) requires notBool (strLt(A, B) orBool A ==K B) [concrete]"
837,reference-semantics/semantics/sort.k,36,rule,,ACCEPTED_FIXED_SUPPLIED_SEMANTICS,"rule <k> #applyK(toCall(builtinV(""sorted"")), (list(VS:ValSeq), .Vals)) => #alloc(list(sortVS(VS))) ... </k>"
838,reference-semantics/semantics/sort.k,40,rule,priority,ACCEPTED_FIXED_SUPPLIED_SEMANTICS,"rule <k> #applyK(toCall(boundMethodV(ref(H:Int), ""sort"")), .Vals) => noneV ... </k> <heap> ... H |-> list(VS:ValSeq => sortVS(VS)) ... </heap> [priority(40)]"
839,reference-semantics/semantics/sort.k,49,syntax,"function,total,symbol,no-evaluators",ACCEPTED_FIXED_OPAQUE_RULE_INERT_FOR_ENCODE,"syntax ValSeq ::= sortKeyVS(ValSeq, Val) [function, total, symbol(sortKeyVS), no-evaluators]"
840,reference-semantics/semantics/sort.k,51,syntax,"function,total",ACCEPTED_FIXED_SUPPLIED_SEMANTICS,"syntax ValSeq ::= revVS(ValSeq) [function, total] | revVSAcc(ValSeq, ValSeq) [function, total]"
841,reference-semantics/semantics/sort.k,53,rule,,ACCEPTED_FIXED_SUPPLIED_SEMANTICS,"rule revVS(S:ValSeq) => revVSAcc(S, .ValSeq)"
842,reference-semantics/semantics/sort.k,54,rule,,ACCEPTED_FIXED_SUPPLIED_SEMANTICS,"rule revVSAcc(.ValSeq, A:ValSeq) => A"
843,reference-semantics/semantics/sort.k,55,rule,,ACCEPTED_FIXED_SUPPLIED_SEMANTICS,"rule revVSAcc(vCons(V:Val, R:ValSeq), A:ValSeq) => revVSAcc(R, vCons(V, A))"
844,reference-semantics/semantics/sort.k,57,syntax,"function,total",ACCEPTED_FIXED_SUPPLIED_SEMANTICS,"syntax ValSeq ::= condRev(ValSeq, Bool) [function, total]"
845,reference-semantics/semantics/sort.k,58,rule,,ACCEPTED_FIXED_SUPPLIED_SEMANTICS,"rule condRev(S:ValSeq, false) => S"
846,reference-semantics/semantics/sort.k,59,rule,,ACCEPTED_FIXED_SUPPLIED_SEMANTICS,"rule condRev(S:ValSeq, true)  => revVS(S)"
847,reference-semantics/semantics/sort.k,61,rule,,ACCEPTED_FIXED_SUPPLIED_SEMANTICS,"rule <k> #applyK(toCall(builtinV(""sorted"")), (list(VS:ValSeq), kwV(""key"", KV:Val), .Vals)) => #alloc(list(sortKeyVS(VS, KV))) ... </k>"
848,reference-semantics/semantics/sort.k,63,rule,,ACCEPTED_FIXED_SUPPLIED_SEMANTICS,"rule <k> #applyK(toCall(builtinV(""sorted"")), (list(VS:ValSeq), kwV(""key"", KV:Val), kwV(""reverse"", RB:Bool), .Vals)) => #alloc(list(condRev(sortKeyVS(VS, KV), RB))) ... </k>"
849,reference-semantics/semantics/sort.k,65,rule,,ACCEPTED_FIXED_SUPPLIED_SEMANTICS,"rule <k> #applyK(toCall(builtinV(""sorted"")), (list(VS:ValSeq), kwV(""reverse"", RB:Bool), .Vals)) => #alloc(list(condRev(sortVS(VS), RB))) ... </k>"
850,reference-semantics/semantics/str.k,4,imports,,ACCEPTED_FIXED_SUPPLIED_SEMANTICS,imports MPY-CORE
851,reference-semantics/semantics/str.k,5,imports,,ACCEPTED_FIXED_SUPPLIED_SEMANTICS,imports MPY-ITER
852,reference-semantics/semantics/str.k,8,rule,,ACCEPTED_FIXED_SUPPLIED_SEMANTICS,rule <k> #iterNext(str(.IntSeq))                 => #iterDone ... </k>
853,reference-semantics/semantics/str.k,9,rule,,ACCEPTED_FIXED_SUPPLIED_SEMANTICS,"rule <k> #iterNext(str(iCons(C:Int, R:IntSeq))) => #iterYield(str(iCons(C, .IntSeq)), str(R)) ... </k>"
854,reference-semantics/semantics/str.k,13,syntax,function,ACCEPTED_FIXED_SUPPLIED_SEMANTICS,syntax IntSeq ::= strToCodes(String) [function]
855,reference-semantics/semantics/str.k,14,rule,,ACCEPTED_FIXED_SUPPLIED_SEMANTICS,rule <k> Str(S:String) => str(strToCodes(S)) ... </k>
856,reference-semantics/semantics/str.k,15,rule,,ACCEPTED_FIXED_SUPPLIED_SEMANTICS,"rule strToCodes("""") => .IntSeq"
857,reference-semantics/semantics/str.k,16,rule,,ACCEPTED_FIXED_SUPPLIED_SEMANTICS,"rule strToCodes(S:String) => iCons(ordChar(substrString(S, 0, 1)), strToCodes(substrString(S, 1, lengthString(S)))) requires S =/=String """" andBool ordChar(substrString(S, 0, 1)) <Int 128"
858,reference-semantics/semantics/str.k,20,syntax,"function,total",ACCEPTED_FIXED_SUPPLIED_SEMANTICS,"syntax IntSeq ::= seqConcat(IntSeq, IntSeq) [function, total]"
859,reference-semantics/semantics/str.k,21,rule,,ACCEPTED_FIXED_SUPPLIED_SEMANTICS,"rule seqConcat(.IntSeq, T:IntSeq)                => T"
860,reference-semantics/semantics/str.k,22,rule,,ACCEPTED_FIXED_SUPPLIED_SEMANTICS,"rule seqConcat(iCons(I:Int, S:IntSeq), T:IntSeq) => iCons(I, seqConcat(S, T))"
861,reference-semantics/semantics/str.k,24,rule,,ACCEPTED_FIXED_SUPPLIED_SEMANTICS,"rule applyBin(""+"",  str(A:IntSeq), str(B:IntSeq)) => str(seqConcat(A, B))"
862,reference-semantics/semantics/str.k,25,rule,,ACCEPTED_FIXED_SUPPLIED_SEMANTICS,"rule applyCmp(""=="", str(A:IntSeq), str(B:IntSeq)) => A ==K B"
863,reference-semantics/semantics/str.k,26,rule,,ACCEPTED_FIXED_SUPPLIED_SEMANTICS,"rule applyCmp(""!="", str(A:IntSeq), str(B:IntSeq)) => notBool (A ==K B)"
864,reference-semantics/semantics/str.k,29,rule,,ACCEPTED_FIXED_SUPPLIED_SEMANTICS,"rule applyCmp(""in"",     str(P:IntSeq), str(X:IntSeq)) => strContains(P, X)"
865,reference-semantics/semantics/str.k,30,rule,,ACCEPTED_FIXED_SUPPLIED_SEMANTICS,"rule applyCmp(""not in"", str(P:IntSeq), str(X:IntSeq)) => notBool strContains(P, X)"
866,reference-semantics/semantics/str.k,32,syntax,"function,total",ACCEPTED_FIXED_SUPPLIED_SEMANTICS,"syntax Bool ::= strPrefix(IntSeq, IntSeq) [function, total]"
867,reference-semantics/semantics/str.k,33,rule,,ACCEPTED_FIXED_SUPPLIED_SEMANTICS,"rule strPrefix(.IntSeq, _:IntSeq)               => true"
868,reference-semantics/semantics/str.k,34,rule,,ACCEPTED_FIXED_SUPPLIED_SEMANTICS,"rule strPrefix(iCons(_:Int, _:IntSeq), .IntSeq) => false"
869,reference-semantics/semantics/str.k,35,rule,,ACCEPTED_FIXED_SUPPLIED_SEMANTICS,"rule strPrefix(iCons(A:Int, As:IntSeq), iCons(B:Int, Bs:IntSeq)) => A ==Int B andBool strPrefix(As, Bs)"
870,reference-semantics/semantics/str.k,37,syntax,"function,total",ACCEPTED_FIXED_SUPPLIED_SEMANTICS,"syntax Bool ::= strContains(IntSeq, IntSeq) [function, total]"
871,reference-semantics/semantics/str.k,38,rule,,ACCEPTED_FIXED_SUPPLIED_SEMANTICS,"rule strContains(P:IntSeq, X:IntSeq) => true  requires strPrefix(P, X)"
872,reference-semantics/semantics/str.k,39,rule,,ACCEPTED_FIXED_SUPPLIED_SEMANTICS,"rule strContains(P:IntSeq, .IntSeq)  => false requires notBool strPrefix(P, .IntSeq)"
873,reference-semantics/semantics/str.k,40,rule,,ACCEPTED_FIXED_SUPPLIED_SEMANTICS,"rule strContains(P:IntSeq, iCons(C:Int, Xs:IntSeq)) => strContains(P, Xs) requires notBool strPrefix(P, iCons(C, Xs))"
874,reference-semantics/semantics/str.k,48,syntax,"function,total",ACCEPTED_FIXED_SUPPLIED_SEMANTICS,"syntax Bool ::= strLt(IntSeq, IntSeq) [function, total]"
875,reference-semantics/semantics/str.k,49,rule,,ACCEPTED_FIXED_SUPPLIED_SEMANTICS,"rule strLt(.IntSeq, .IntSeq)                => false"
876,reference-semantics/semantics/str.k,50,rule,,ACCEPTED_FIXED_SUPPLIED_SEMANTICS,"rule strLt(.IntSeq, iCons(_:Int, _:IntSeq)) => true"
877,reference-semantics/semantics/str.k,51,rule,,ACCEPTED_FIXED_SUPPLIED_SEMANTICS,"rule strLt(iCons(_:Int, _:IntSeq), .IntSeq) => false"
878,reference-semantics/semantics/str.k,52,rule,,ACCEPTED_FIXED_SUPPLIED_SEMANTICS,"rule strLt(iCons(A:Int, As:IntSeq), iCons(B:Int, Bs:IntSeq)) => true          requires A  <Int B"
879,reference-semantics/semantics/str.k,53,rule,,ACCEPTED_FIXED_SUPPLIED_SEMANTICS,"rule strLt(iCons(A:Int, As:IntSeq), iCons(B:Int, Bs:IntSeq)) => false         requires A  >Int B"
880,reference-semantics/semantics/str.k,54,rule,,ACCEPTED_FIXED_SUPPLIED_SEMANTICS,"rule strLt(iCons(A:Int, As:IntSeq), iCons(B:Int, Bs:IntSeq)) => strLt(As, Bs) requires A ==Int B"
881,reference-semantics/semantics/str.k,56,rule,,ACCEPTED_FIXED_SUPPLIED_SEMANTICS,"rule applyCmp(""<"",  str(A:IntSeq), str(B:IntSeq)) => strLt(A, B)"
882,reference-semantics/semantics/str.k,57,rule,,ACCEPTED_FIXED_SUPPLIED_SEMANTICS,"rule applyCmp("">"",  str(A:IntSeq), str(B:IntSeq)) => strLt(B, A)"
883,reference-semantics/semantics/str.k,58,rule,,ACCEPTED_FIXED_SUPPLIED_SEMANTICS,"rule applyCmp(""<="", str(A:IntSeq), str(B:IntSeq)) => notBool strLt(B, A)"
884,reference-semantics/semantics/str.k,59,rule,,ACCEPTED_FIXED_SUPPLIED_SEMANTICS,"rule applyCmp("">="", str(A:IntSeq), str(B:IntSeq)) => notBool strLt(A, B) endmodule"
885,reference-semantics/semantics/subscript.k,4,imports,,ACCEPTED_FIXED_SUPPLIED_SEMANTICS,imports MPY-CORE
886,reference-semantics/semantics/subscript.k,11,syntax,"function,total",ACCEPTED_FIXED_SUPPLIED_SEMANTICS,"syntax Val ::= valSeqAt(ValSeq, Int) [function, total]"
887,reference-semantics/semantics/subscript.k,12,rule,,ACCEPTED_FIXED_SUPPLIED_SEMANTICS,"rule valSeqAt(vCons(V:Val, _:ValSeq), 0)     => V"
888,reference-semantics/semantics/subscript.k,13,rule,,ACCEPTED_FIXED_SUPPLIED_SEMANTICS,"rule valSeqAt(vCons(_:Val, S:ValSeq), I:Int) => valSeqAt(S, I -Int 1) requires I >Int 0"
889,reference-semantics/semantics/subscript.k,16,syntax,function,ACCEPTED_FIXED_SUPPLIED_SEMANTICS,"syntax Int ::= intSeqAt(IntSeq, Int) [function]"
890,reference-semantics/semantics/subscript.k,17,rule,,ACCEPTED_FIXED_SUPPLIED_SEMANTICS,"rule intSeqAt(iCons(C:Int, _:IntSeq), 0)     => C"
891,reference-semantics/semantics/subscript.k,18,rule,,ACCEPTED_FIXED_SUPPLIED_SEMANTICS,"rule intSeqAt(iCons(_:Int, S:IntSeq), I:Int) => intSeqAt(S, I -Int 1) requires I >Int 0"
892,reference-semantics/semantics/subscript.k,21,syntax,"function,total",ACCEPTED_FIXED_SUPPLIED_SEMANTICS,"syntax Int ::= normIdx(Int, Int) [function, total]"
893,reference-semantics/semantics/subscript.k,22,rule,,ACCEPTED_FIXED_SUPPLIED_SEMANTICS,"rule normIdx(I:Int, LEN:Int) => I +Int LEN requires I  <Int 0"
894,reference-semantics/semantics/subscript.k,23,rule,,ACCEPTED_FIXED_SUPPLIED_SEMANTICS,"rule normIdx(I:Int, _:Int)   => I          requires I >=Int 0"
895,reference-semantics/semantics/subscript.k,27,context,,ACCEPTED_FIXED_SUPPLIED_SEMANTICS,"context Subscript(HOLE, _)"
896,reference-semantics/semantics/subscript.k,28,context,,ACCEPTED_FIXED_SUPPLIED_SEMANTICS,"context Subscript(_:Val, HOLE:Expr)"
897,reference-semantics/semantics/subscript.k,31,rule,priority,ACCEPTED_FIXED_SUPPLIED_SEMANTICS,"rule <k> Subscript(ref(H:Int), IX:Index) => Subscript(V, IX) ... </k> <heap> ... H |-> V:Val ... </heap> [priority(40)]"
898,reference-semantics/semantics/subscript.k,35,rule,,ACCEPTED_FIXED_SUPPLIED_SEMANTICS,"rule <k> Subscript(OBJ:Val, I:Int) => applyIndex(OBJ, I) ... </k>"
899,reference-semantics/semantics/subscript.k,37,syntax,function,ACCEPTED_FIXED_SUPPLIED_SEMANTICS,"syntax Val ::= applyIndex(Val, Int) [function]"
900,reference-semantics/semantics/subscript.k,38,rule,,ACCEPTED_FIXED_SUPPLIED_SEMANTICS,"rule applyIndex(list(VS:ValSeq),  I:Int) => valSeqAt(VS, normIdx(I, vsLen(VS)))"
901,reference-semantics/semantics/subscript.k,39,rule,,ACCEPTED_FIXED_SUPPLIED_SEMANTICS,"rule applyIndex(tuple(VS:ValSeq), I:Int) => valSeqAt(VS, normIdx(I, vsLen(VS)))"
902,reference-semantics/semantics/subscript.k,40,rule,,ACCEPTED_FIXED_SUPPLIED_SEMANTICS,"rule applyIndex(str(IS:IntSeq),   I:Int) => str(iCons(intSeqAt(IS, normIdx(I, isLen(IS))), .IntSeq))"
903,reference-semantics/semantics/subscript.k,44,syntax,,ACCEPTED_FIXED_SUPPLIED_SEMANTICS,"syntax KItem ::= #evalB(Bound) | ""#toSome"" | #slLo(Val, Bound, Bound) | #slHi(Val, OptInt, Bound) | #slStep(Val, OptInt, OptInt)"
904,reference-semantics/semantics/subscript.k,49,syntax,,ACCEPTED_FIXED_SUPPLIED_SEMANTICS,"syntax OptInt ::= ""noB"" | someB(Int)"
905,reference-semantics/semantics/subscript.k,50,rule,,ACCEPTED_FIXED_SUPPLIED_SEMANTICS,rule <k> #evalB(NoBound)  => noB ... </k>
906,reference-semantics/semantics/subscript.k,51,rule,,ACCEPTED_FIXED_SUPPLIED_SEMANTICS,rule <k> #evalB(E:Expr)   => E ~> #toSome ... </k>
907,reference-semantics/semantics/subscript.k,52,rule,,ACCEPTED_FIXED_SUPPLIED_SEMANTICS,rule <k> I:Int ~> #toSome => someB(I) ... </k>
908,reference-semantics/semantics/subscript.k,54,rule,,ACCEPTED_FIXED_SUPPLIED_SEMANTICS,"rule <k> Subscript(OBJ:Val, Slice(LO:Bound, HI:Bound, ST:Bound)) => #evalB(LO) ~> #slLo(OBJ, HI, ST) ... </k>"
909,reference-semantics/semantics/subscript.k,55,rule,,ACCEPTED_FIXED_SUPPLIED_SEMANTICS,"rule <k> LO:OptInt ~> #slLo(OBJ:Val, HI:Bound, ST:Bound)   => #evalB(HI) ~> #slHi(OBJ, LO, ST) ... </k>"
910,reference-semantics/semantics/subscript.k,56,rule,,ACCEPTED_FIXED_SUPPLIED_SEMANTICS,"rule <k> HI:OptInt ~> #slHi(OBJ:Val, LO:OptInt, ST:Bound)  => #evalB(ST) ~> #slStep(OBJ, LO, HI) ... </k>"
911,reference-semantics/semantics/subscript.k,58,rule,priority,ACCEPTED_FIXED_SUPPLIED_SEMANTICS,"rule <k> ST:OptInt ~> #slStep(list(VS:ValSeq), LO:OptInt, HI:OptInt) => #alloc(doSlice(list(VS), LO, HI, ST)) ... </k> [priority(45)]"
912,reference-semantics/semantics/subscript.k,61,rule,,ACCEPTED_FIXED_SUPPLIED_SEMANTICS,"rule <k> ST:OptInt ~> #slStep(OBJ:Val, LO:OptInt, HI:OptInt) => doSlice(OBJ, LO, HI, ST) ... </k>"
913,reference-semantics/semantics/subscript.k,63,syntax,function,ACCEPTED_FIXED_SUPPLIED_SEMANTICS,"syntax Val ::= doSlice(Val, OptInt, OptInt, OptInt) [function]"
914,reference-semantics/semantics/subscript.k,64,rule,,ACCEPTED_FIXED_SUPPLIED_SEMANTICS,"rule doSlice(list(VS:ValSeq), LO:OptInt, HI:OptInt, ST:OptInt) => list(buildVS(VS, slStart(LO, ST, vsLen(VS)), slStop(HI, ST, vsLen(VS)), slStep(ST)))"
915,reference-semantics/semantics/subscript.k,66,rule,,ACCEPTED_FIXED_SUPPLIED_SEMANTICS,"rule doSlice(tuple(VS:ValSeq), LO:OptInt, HI:OptInt, ST:OptInt) => tuple(buildVS(VS, slStart(LO, ST, vsLen(VS)), slStop(HI, ST, vsLen(VS)), slStep(ST)))"
916,reference-semantics/semantics/subscript.k,68,rule,,ACCEPTED_FIXED_SUPPLIED_SEMANTICS,"rule doSlice(str(IS:IntSeq), LO:OptInt, HI:OptInt, ST:OptInt) => str(buildIS(IS, slStart(LO, ST, isLen(IS)), slStop(HI, ST, isLen(IS)), slStep(ST)))"
917,reference-semantics/semantics/subscript.k,72,syntax,"function,total",ACCEPTED_FIXED_SUPPLIED_SEMANTICS,"syntax Int ::= slStep(OptInt) [function, total]"
918,reference-semantics/semantics/subscript.k,73,rule,,ACCEPTED_FIXED_SUPPLIED_SEMANTICS,rule slStep(noB)          => 1
919,reference-semantics/semantics/subscript.k,74,rule,,ACCEPTED_FIXED_SUPPLIED_SEMANTICS,rule slStep(someB(S:Int)) => S
920,reference-semantics/semantics/subscript.k,76,syntax,function,ACCEPTED_FIXED_SUPPLIED_SEMANTICS,"syntax Int ::= slStart(OptInt, OptInt, Int) [function]"
921,reference-semantics/semantics/subscript.k,77,rule,,ACCEPTED_FIXED_SUPPLIED_SEMANTICS,"rule slStart(noB,          ST:OptInt, _LEN:Int) => 0 requires slStep(ST) >Int 0"
922,reference-semantics/semantics/subscript.k,79,rule,,ACCEPTED_FIXED_SUPPLIED_SEMANTICS,"rule slStart(noB,          ST:OptInt, LEN:Int)  => LEN -Int 1 requires slStep(ST) <Int 0"
923,reference-semantics/semantics/subscript.k,81,rule,,ACCEPTED_FIXED_SUPPLIED_SEMANTICS,"rule slStart(someB(I:Int), ST:OptInt, LEN:Int)  => slAdjust(I, LEN, slStep(ST))"
924,reference-semantics/semantics/subscript.k,83,syntax,function,ACCEPTED_FIXED_SUPPLIED_SEMANTICS,"syntax Int ::= slStop(OptInt, OptInt, Int) [function]"
925,reference-semantics/semantics/subscript.k,84,rule,,ACCEPTED_FIXED_SUPPLIED_SEMANTICS,"rule slStop(noB,          ST:OptInt, LEN:Int)  => LEN requires slStep(ST) >Int 0"
926,reference-semantics/semantics/subscript.k,86,rule,,ACCEPTED_FIXED_SUPPLIED_SEMANTICS,"rule slStop(noB,          ST:OptInt, _LEN:Int) => -1 requires slStep(ST) <Int 0"
927,reference-semantics/semantics/subscript.k,88,rule,,ACCEPTED_FIXED_SUPPLIED_SEMANTICS,"rule slStop(someB(I:Int), ST:OptInt, LEN:Int)  => slAdjust(I, LEN, slStep(ST))"
928,reference-semantics/semantics/subscript.k,90,syntax,"function,total",ACCEPTED_FIXED_SUPPLIED_SEMANTICS,"syntax Int ::= slAdjust(Int, Int, Int) [function, total]"
929,reference-semantics/semantics/subscript.k,91,rule,,ACCEPTED_FIXED_SUPPLIED_SEMANTICS,"rule slAdjust(I:Int, LEN:Int, STEP:Int) => clampLo(I +Int LEN, STEP) requires I  <Int 0"
930,reference-semantics/semantics/subscript.k,93,rule,,ACCEPTED_FIXED_SUPPLIED_SEMANTICS,"rule slAdjust(I:Int, LEN:Int, STEP:Int) => clampHi(I, LEN, STEP) requires I >=Int 0"
931,reference-semantics/semantics/subscript.k,96,syntax,"function,total",ACCEPTED_FIXED_SUPPLIED_SEMANTICS,"syntax Int ::= clampLo(Int, Int) [function, total]"
932,reference-semantics/semantics/subscript.k,97,rule,,ACCEPTED_FIXED_SUPPLIED_SEMANTICS,"rule clampLo(J:Int, _STEP:Int) => J requires J >=Int 0"
933,reference-semantics/semantics/subscript.k,99,rule,,ACCEPTED_FIXED_SUPPLIED_SEMANTICS,"rule clampLo(J:Int, STEP:Int)  => #if STEP <Int 0 #then -1 #else 0 #fi requires J <Int 0"
934,reference-semantics/semantics/subscript.k,102,syntax,"function,total",ACCEPTED_FIXED_SUPPLIED_SEMANTICS,"syntax Int ::= clampHi(Int, Int, Int) [function, total]"
935,reference-semantics/semantics/subscript.k,103,rule,,ACCEPTED_FIXED_SUPPLIED_SEMANTICS,"rule clampHi(I:Int, LEN:Int, _STEP:Int) => I requires I  <Int LEN"
936,reference-semantics/semantics/subscript.k,105,rule,,ACCEPTED_FIXED_SUPPLIED_SEMANTICS,"rule clampHi(I:Int, LEN:Int, STEP:Int)  => #if STEP <Int 0 #then LEN -Int 1 #else LEN #fi requires I >=Int LEN"
937,reference-semantics/semantics/subscript.k,109,syntax,function,ACCEPTED_FIXED_SUPPLIED_SEMANTICS,"syntax ValSeq ::= buildVS(ValSeq, Int, Int, Int) [function]"
938,reference-semantics/semantics/subscript.k,110,rule,,ACCEPTED_FIXED_SUPPLIED_SEMANTICS,"rule buildVS(VS:ValSeq, I:Int, STOP:Int, STEP:Int) => vCons(valSeqAt(VS, I), buildVS(VS, I +Int STEP, STOP, STEP)) requires (STEP >Int 0 andBool I <Int STOP) orBool (STEP <Int 0 andBool I >Int STOP)"
939,reference-semantics/semantics/subscript.k,113,rule,,ACCEPTED_FIXED_SUPPLIED_SEMANTICS,"rule buildVS(_:ValSeq, I:Int, STOP:Int, STEP:Int) => .ValSeq requires notBool ((STEP >Int 0 andBool I <Int STOP) orBool (STEP <Int 0 andBool I >Int STOP))"
940,reference-semantics/semantics/subscript.k,116,syntax,function,ACCEPTED_FIXED_SUPPLIED_SEMANTICS,"syntax IntSeq ::= buildIS(IntSeq, Int, Int, Int) [function]"
941,reference-semantics/semantics/subscript.k,117,rule,,ACCEPTED_FIXED_SUPPLIED_SEMANTICS,"rule buildIS(IS:IntSeq, I:Int, STOP:Int, STEP:Int) => iCons(intSeqAt(IS, I), buildIS(IS, I +Int STEP, STOP, STEP)) requires (STEP >Int 0 andBool I <Int STOP) orBool (STEP <Int 0 andBool I >Int STOP)"
942,reference-semantics/semantics/subscript.k,120,rule,,ACCEPTED_FIXED_SUPPLIED_SEMANTICS,"rule buildIS(_:IntSeq, I:Int, STOP:Int, STEP:Int) => .IntSeq requires notBool ((STEP >Int 0 andBool I <Int STOP) orBool (STEP <Int 0 andBool I >Int STOP)) endmodule"
943,reference-semantics/semantics/syntax.k,4,imports,,ACCEPTED_FIXED_SUPPLIED_SEMANTICS,imports INT-SYNTAX
944,reference-semantics/semantics/syntax.k,5,imports,,ACCEPTED_FIXED_SUPPLIED_SEMANTICS,imports FLOAT-SYNTAX
945,reference-semantics/semantics/syntax.k,6,imports,,ACCEPTED_FIXED_SUPPLIED_SEMANTICS,imports BOOL-SYNTAX
946,reference-semantics/semantics/syntax.k,7,imports,,ACCEPTED_FIXED_SUPPLIED_SEMANTICS,imports STRING-SYNTAX
947,reference-semantics/semantics/syntax.k,9,syntax,"macro,strict,seqstrict",ACCEPTED_FIXED_SUPPLIED_SEMANTICS,"syntax Expr ::= ""Int""      ""("" Int "")"" | ""Float""    ""("" Float "")"" | ""Bool""     ""("" Bool "")"" | ""Name""     ""("" String "")"" | ""Str""      ""("" String "")"" | ""UnaryOp""  ""("" String "","" Expr "")"" [strict(2)] | ""BinOp""    ""("" String "","" Expr "","" Expr "")"" [seqstrict(2, 3)] | ""BoolOp""    ""("" String "","" Exprs "")"" | ""ListExpr""  ""("" Exprs "")"" | ""DictExpr""  ""("" Entries "")"" | ""ListComp""  ""("" Expr "","" CompFors "")"" [macro] | ""GenExp""    ""("" Expr "","" CompFors "")"" [macro] | ""TupleExpr"" ""("" Exprs "")"" | ""Subscript"" ""("" Expr "","" Index "")"" | ""IfExp""     ""("" Expr "","" Expr "","" Expr "")"" [strict(1)] | ""Lambda""    ""("" Params "","" Expr "")"" | ""KwArg""     ""("" String "","" Expr "")"" | ""Lambda""    ""("" Params "","" CellVars "","" FreeVars "","" Expr "")"" | ""NoneVal"" | ""Call""      ""("" Expr "","" Exprs "")"" | ""Attribute"" ""("" Expr "","" String "")"" [strict(1)] | ""Compare""   ""("" Expr "","" CmpOp "")"""
948,reference-semantics/semantics/syntax.k,32,syntax,,ACCEPTED_FIXED_SUPPLIED_SEMANTICS,"syntax CmpOp    ::= ""CmpOp"" ""("" String "","" Expr "")"""
949,reference-semantics/semantics/syntax.k,33,syntax,,ACCEPTED_FIXED_SUPPLIED_SEMANTICS,"syntax Entry    ::= ""Entry"" ""("" Expr "","" Expr "")"""
950,reference-semantics/semantics/syntax.k,34,syntax,,ACCEPTED_FIXED_SUPPLIED_SEMANTICS,"syntax Entries  ::= List{Entry, "",""}"
951,reference-semantics/semantics/syntax.k,35,syntax,,ACCEPTED_FIXED_SUPPLIED_SEMANTICS,"syntax CompFor  ::= ""CompFor"" ""("" Expr "","" Expr "","" Exprs "")"""
952,reference-semantics/semantics/syntax.k,36,syntax,,ACCEPTED_FIXED_SUPPLIED_SEMANTICS,"syntax CompFors ::= List{CompFor, """"}"
953,reference-semantics/semantics/syntax.k,37,syntax,,ACCEPTED_FIXED_SUPPLIED_SEMANTICS,"syntax Exprs    ::= List{Expr, "",""}"
954,reference-semantics/semantics/syntax.k,38,syntax,,ACCEPTED_FIXED_SUPPLIED_SEMANTICS,"syntax Index    ::= Expr | ""Slice"" ""("" Bound "","" Bound "","" Bound "")"""
955,reference-semantics/semantics/syntax.k,39,syntax,,ACCEPTED_FIXED_SUPPLIED_SEMANTICS,"syntax Bound    ::= Expr | ""NoBound"""
956,reference-semantics/semantics/syntax.k,41,syntax,strict,ACCEPTED_FIXED_SUPPLIED_SEMANTICS,"syntax Stmt ::= ""Assign""    ""("" Expr "","" Expr "")"" [strict(2)] | ""Import""    ""("" String "")"" | ""ImportFrom"" ""("" String "","" ParamNames "")"" | ""AugAssign"" ""("" Expr "","" String "","" Expr "")"" [strict(3)] | ""For""       ""("" Expr "","" Expr "","" Stmts "")"" [strict(2)] | ""While""     ""("" Expr "","" Stmts "")"" | ""Break"" | ""Continue"" | ""If""        ""("" Expr "","" Stmts "","" Stmts "")"" [strict(1)] | ""Return""    ""("" Expr "")"" [strict] | ""Assert""    ""("" Expr "")"" [strict] | ""Expr""      ""("" Expr "")"" [strict] | ""FuncDef""   ""("" String "","" Params "","" Stmts "")"" | ""FuncDef""   ""("" String "","" Params "","" CellVars "","" FreeVars "","" Stmts "")"""
957,reference-semantics/semantics/syntax.k,56,syntax,,ACCEPTED_FIXED_SUPPLIED_SEMANTICS,"syntax Stmts      ::= List{Stmt, """"}"
958,reference-semantics/semantics/syntax.k,57,syntax,,ACCEPTED_FIXED_SUPPLIED_SEMANTICS,"syntax Params     ::= ""Params"" ""("" ParamNames "")"""
959,reference-semantics/semantics/syntax.k,58,syntax,,ACCEPTED_FIXED_SUPPLIED_SEMANTICS,"syntax CellVars   ::= ""CellVars"" ""("" ParamNames "")"""
960,reference-semantics/semantics/syntax.k,59,syntax,,ACCEPTED_FIXED_SUPPLIED_SEMANTICS,"syntax FreeVars   ::= ""FreeVars"" ""("" ParamNames "")"""
961,reference-semantics/semantics/syntax.k,60,syntax,,ACCEPTED_FIXED_SUPPLIED_SEMANTICS,"syntax ParamNames ::= List{String, "",""}"
962,reference-semantics/semantics/syntax.k,61,syntax,,ACCEPTED_FIXED_SUPPLIED_SEMANTICS,"syntax Module     ::= ""Module"" ""("" Stmts "")"" endmodule"
963,reference-semantics/semantics/tuple.k,4,imports,,ACCEPTED_FIXED_SUPPLIED_SEMANTICS,imports MPY-CORE
964,reference-semantics/semantics/tuple.k,5,imports,,ACCEPTED_FIXED_SUPPLIED_SEMANTICS,imports MPY-ITER
965,reference-semantics/semantics/tuple.k,6,imports,,ACCEPTED_FIXED_SUPPLIED_SEMANTICS,imports MPY-LIST
966,reference-semantics/semantics/tuple.k,7,imports,,ACCEPTED_FIXED_SUPPLIED_SEMANTICS,imports MPY-METHODS
967,reference-semantics/semantics/tuple.k,10,rule,,ACCEPTED_FIXED_SUPPLIED_SEMANTICS,rule <k> #iterNext(tuple(.ValSeq))                => #iterDone ... </k>
968,reference-semantics/semantics/tuple.k,11,rule,,ACCEPTED_FIXED_SUPPLIED_SEMANTICS,"rule <k> #iterNext(tuple(vCons(V:Val, R:ValSeq))) => #iterYield(V, tuple(R)) ... </k>"
969,reference-semantics/semantics/tuple.k,14,syntax,,ACCEPTED_FIXED_SUPPLIED_SEMANTICS,"syntax ApplyK ::= ""toTuple"""
970,reference-semantics/semantics/tuple.k,15,rule,,ACCEPTED_FIXED_SUPPLIED_SEMANTICS,"rule <k> TupleExpr(ES:Exprs) => #evalArgs(ES, .Vals, toTuple) ... </k>"
971,reference-semantics/semantics/tuple.k,16,rule,,ACCEPTED_FIXED_SUPPLIED_SEMANTICS,"rule <k> #applyK(toTuple, ACC:Vals) => tuple(vals2valSeq(ACC)) ... </k>"
972,reference-semantics/semantics/tuple.k,18,rule,,ACCEPTED_FIXED_SUPPLIED_SEMANTICS,"rule applyCmp(""=="", tuple(A:ValSeq), tuple(B:ValSeq)) => A ==K B"
973,reference-semantics/semantics/tuple.k,20,rule,,ACCEPTED_FIXED_SUPPLIED_SEMANTICS,"rule <k> Compare(LV:Val, CmpOp(""in"",     tuple(VS:ValSeq))) => #memberAcc(LV, tuple(VS)) ... </k>"
974,reference-semantics/semantics/tuple.k,21,rule,,ACCEPTED_FIXED_SUPPLIED_SEMANTICS,"rule <k> Compare(LV:Val, CmpOp(""not in"", tuple(VS:ValSeq))) => #memberAcc(LV, tuple(VS)) ~> #notB ... </k>"
975,reference-semantics/semantics/tuple.k,23,rule,,ACCEPTED_FIXED_SUPPLIED_SEMANTICS,"rule applyMethod(tuple(VS:ValSeq), ""index"", V:Val, .Vals) => idxOfVS(VS, V, 0)"
976,reference-semantics/semantics/tuple.k,24,syntax,function,ACCEPTED_FIXED_SUPPLIED_SEMANTICS,"syntax Int ::= idxOfVS(ValSeq, Val, Int) [function]"
977,reference-semantics/semantics/tuple.k,25,rule,,ACCEPTED_FIXED_SUPPLIED_SEMANTICS,"rule idxOfVS(vCons(A:Val, _:ValSeq), V:Val, I:Int) => I requires A ==K V"
978,reference-semantics/semantics/tuple.k,26,rule,,ACCEPTED_FIXED_SUPPLIED_SEMANTICS,"rule idxOfVS(vCons(A:Val, R:ValSeq), V:Val, I:Int) => idxOfVS(R, V, I +Int 1) requires notBool (A ==K V)"
979,reference-semantics/semantics/tuple.k,28,rule,,ACCEPTED_FIXED_SUPPLIED_SEMANTICS,"rule applyCmp(""!="", tuple(A:ValSeq), tuple(B:ValSeq)) => notBool (A ==K B)"
980,reference-semantics/semantics/tuple.k,31,syntax,,ACCEPTED_FIXED_SUPPLIED_SEMANTICS,"syntax KItem ::= #bindTgt(Expr, Val)"
981,reference-semantics/semantics/tuple.k,32,rule,,ACCEPTED_FIXED_SUPPLIED_SEMANTICS,"rule <k> #bindTgt(Name(X:String), V:Val) => .K ... </k> <env> L:Int </env> <scopes> ... L |-> scope(M:Map => M [ X <- V ], _) ... </scopes>"
982,reference-semantics/semantics/tuple.k,35,rule,priority,ACCEPTED_FIXED_SUPPLIED_SEMANTICS,"rule <k> #bindTgt(Name(X:String), V:Val) => #cellW({M[X]}:>Val, V) ... </k> <env> L:Int </env> <scopes> ... L |-> scope(M:Map, _) ... </scopes> requires ""$cells"" in_keys(M) andBool pnMember(X, cellsOf({M[""$cells""]}:>Val)) andBool X in_keys(M) andBool isCellRef({M[X]}:>Val) [priority(40)]"
983,reference-semantics/semantics/tuple.k,42,rule,,ACCEPTED_FIXED_SUPPLIED_SEMANTICS,"rule <k> #bindTgt(TupleExpr(TS:Exprs), tuple(VS:ValSeq)) => #unpackSeq(TS, VS) ... </k>"
984,reference-semantics/semantics/tuple.k,43,rule,,ACCEPTED_FIXED_SUPPLIED_SEMANTICS,"rule <k> #bindTgt(TupleExpr(TS:Exprs), list(VS:ValSeq))  => #unpackSeq(TS, VS) ... </k>"
985,reference-semantics/semantics/tuple.k,44,rule,priority,ACCEPTED_FIXED_SUPPLIED_SEMANTICS,"rule <k> #bindTgt(TupleExpr(TS:Exprs), ref(H:Int)) => #bindTgt(TupleExpr(TS), V) ... </k> <heap> ... H |-> V:Val ... </heap> [priority(40)]"
986,reference-semantics/semantics/tuple.k,49,syntax,,ACCEPTED_FIXED_SUPPLIED_SEMANTICS,"syntax KItem ::= #unpackSeq(Exprs, ValSeq)"
987,reference-semantics/semantics/tuple.k,50,rule,,ACCEPTED_FIXED_SUPPLIED_SEMANTICS,"rule <k> Assign(TupleExpr(TS:Exprs), tuple(VS:ValSeq)) => #unpackSeq(TS, VS) ... </k>"
988,reference-semantics/semantics/tuple.k,51,rule,,ACCEPTED_FIXED_SUPPLIED_SEMANTICS,"rule <k> Assign(TupleExpr(TS:Exprs), list(VS:ValSeq))  => #unpackSeq(TS, VS) ... </k>"
989,reference-semantics/semantics/tuple.k,52,rule,priority,ACCEPTED_FIXED_SUPPLIED_SEMANTICS,"rule <k> Assign(TupleExpr(TS:Exprs), ref(H:Int)) => Assign(TupleExpr(TS), V) ... </k> <heap> ... H |-> V:Val ... </heap> [priority(40)]"
990,reference-semantics/semantics/tuple.k,55,rule,,ACCEPTED_FIXED_SUPPLIED_SEMANTICS,"rule <k> #unpackSeq((T:Expr, TS:Exprs), vCons(V:Val, VS:ValSeq)) => #bindTgt(T, V) ~> #unpackSeq(TS, VS) ... </k>"
991,reference-semantics/semantics/tuple.k,57,rule,,ACCEPTED_FIXED_SUPPLIED_SEMANTICS,"rule <k> #unpackSeq(.Exprs, .ValSeq) => .K ... </k> endmodule"
992,reference-semantics/semantics.k,59,imports,,ACCEPTED_FIXED_SUPPLIED_SEMANTICS,imports MPY-CORE
993,reference-semantics/semantics.k,60,imports,,ACCEPTED_FIXED_SUPPLIED_SEMANTICS,imports MPY-ITER
994,reference-semantics/semantics.k,61,imports,,ACCEPTED_FIXED_SUPPLIED_SEMANTICS,imports MPY-RANGE
995,reference-semantics/semantics.k,62,imports,,ACCEPTED_FIXED_SUPPLIED_SEMANTICS,imports MPY-OPERATORS
996,reference-semantics/semantics.k,63,imports,,ACCEPTED_FIXED_SUPPLIED_SEMANTICS,imports MPY-INT
997,reference-semantics/semantics.k,64,imports,,ACCEPTED_FIXED_SUPPLIED_SEMANTICS,imports MPY-BOOL
998,reference-semantics/semantics.k,65,imports,,ACCEPTED_FIXED_SUPPLIED_SEMANTICS,imports MPY-FLOAT
999,reference-semantics/semantics.k,66,imports,,ACCEPTED_FIXED_SUPPLIED_SEMANTICS,imports MPY-STR
1000,reference-semantics/semantics.k,67,imports,,ACCEPTED_FIXED_SUPPLIED_SEMANTICS,imports MPY-SET
1001,reference-semantics/semantics.k,68,imports,,ACCEPTED_FIXED_SUPPLIED_SEMANTICS,imports MPY-LIST
1002,reference-semantics/semantics.k,69,imports,,ACCEPTED_FIXED_SUPPLIED_SEMANTICS,imports MPY-TUPLE
1003,reference-semantics/semantics.k,70,imports,,ACCEPTED_FIXED_SUPPLIED_SEMANTICS,imports MPY-SUBSCRIPT
1004,reference-semantics/semantics.k,71,imports,,ACCEPTED_FIXED_SUPPLIED_SEMANTICS,imports MPY-COMPREHENSION
1005,reference-semantics/semantics.k,72,imports,,ACCEPTED_FIXED_SUPPLIED_SEMANTICS,imports MPY-METHODS
1006,reference-semantics/semantics.k,73,imports,,ACCEPTED_FIXED_SUPPLIED_SEMANTICS,imports MPY-CONTROLS
1007,reference-semantics/semantics.k,74,imports,,ACCEPTED_FIXED_SUPPLIED_SEMANTICS,imports MPY-FUNCTIONS
1008,reference-semantics/semantics.k,75,imports,,ACCEPTED_FIXED_SUPPLIED_SEMANTICS,imports MPY-BUILTINS
1009,reference-semantics/semantics.k,76,imports,,ACCEPTED_FIXED_SUPPLIED_SEMANTICS,imports MPY-CALL
1010,reference-semantics/semantics.k,77,imports,,ACCEPTED_FIXED_SUPPLIED_SEMANTICS,imports MPY-SORT
1011,reference-semantics/semantics.k,78,imports,,ACCEPTED_FIXED_SUPPLIED_SEMANTICS,imports MPY-ASSERT
1012,reference-semantics/semantics.k,79,imports,,ACCEPTED_FIXED_SUPPLIED_SEMANTICS,imports MPY-DICT endmodule
1013,reference-semantics/semantics.k,88,imports,,ACCEPTED_FIXED_SUPPLIED_SEMANTICS,imports MPY
1014,reference-semantics/semantics.k,89,imports,,ACCEPTED_FIXED_SUPPLIED_SEMANTICS,imports MPY-CONCRETE endmodule
1015,verification.k,4,imports,,STRUCTURAL_MODULE_DECLARATION,imports MPY
1016,verification.k,8,syntax,macro,ACCEPTED_EXACT_AST_MACRO,"syntax Stmts ::= ""encodeLoopBody"" [macro]"
1017,verification.k,9,rule,,ACCEPTED_EXACT_AST_MACRO,"rule encodeLoopBody => Assign( Name(""char""), Call(Attribute(Name(""char""), ""swapcase""), .Exprs)) Assign( Name(""code""), Call(Name(""ord""), (Name(""char""), .Exprs))) If( BoolOp( ""or"", (Compare(Name(""code""), CmpOp(""=="", Int(97))), Compare(Name(""code""), CmpOp(""=="", Int(101))), Compare(Name(""code""), CmpOp(""=="", Int(105))), Compare(Name(""code""), CmpOp(""=="", Int(111))), Compare(Name(""code""), CmpOp(""=="", Int(117))), Compare(Name(""code""), CmpOp(""=="", Int(65))), Compare(Name(""code""), CmpOp(""=="", Int(69))), Compare(Name(""code""), CmpOp(""=="", Int(73))), Compare(Name(""code""), CmpOp(""=="", Int(79))), Compare(Name(""code""), CmpOp(""=="", Int(85))), .Exprs)), AugAssign( Name(""result""), ""+"", Call( Name(""chr""), (BinOp( ""+"", Name(""code""), Int(2)), .Exprs))), AugAssign( Name(""result""), ""+"", Name(""char""))) .Stmts"
1018,verification.k,47,syntax,macro,ACCEPTED_EXACT_AST_MACRO,"syntax Stmts ::= ""encodeFunctionBody"" [macro]"
1019,verification.k,48,rule,,ACCEPTED_EXACT_AST_MACRO,"rule encodeFunctionBody => Assign(Name(""result""), Str("""")) Assign(Name(""char""), Str("""")) Assign(Name(""code""), Int(0)) For(Name(""char""), Name(""message""), encodeLoopBody) Return(Name(""result"")) .Stmts"
1020,verification.k,59,syntax,"function,total",ACCEPTED_DEFINITIONAL_MATHEMATICS,"syntax Bool ::= isVowelCode(Int) [function, total]"
1021,verification.k,60,rule,,ACCEPTED_DEFINITIONAL_MATHEMATICS,rule isVowelCode(C:Int) => C ==Int 65  orBool C ==Int 69  orBool C ==Int 73 orBool C ==Int 79  orBool C ==Int 85 orBool C ==Int 97  orBool C ==Int 101 orBool C ==Int 105 orBool C ==Int 111 orBool C ==Int 117
1022,verification.k,66,syntax,"function,total",ACCEPTED_DEFINITIONAL_MATHEMATICS,"syntax Int ::= encodeCode(Int) [function, total]"
1023,verification.k,67,rule,,ACCEPTED_DEFINITIONAL_MATHEMATICS,rule encodeCode(C:Int) => swapC(C) +Int 2 requires isVowelCode(swapC(C))
1024,verification.k,69,rule,,ACCEPTED_DEFINITIONAL_MATHEMATICS,rule encodeCode(C:Int) => swapC(C) requires notBool isVowelCode(swapC(C))
1025,verification.k,74,syntax,"function,total",ACCEPTED_DEFINITIONAL_MATHEMATICS,"syntax IntSeq ::= encodeAcc(IntSeq, IntSeq) [function, total]"
1026,verification.k,75,rule,,ACCEPTED_DEFINITIONAL_MATHEMATICS,"rule encodeAcc(.IntSeq, ACC:IntSeq) => ACC"
1027,verification.k,76,rule,,ACCEPTED_DEFINITIONAL_MATHEMATICS,"rule encodeAcc(iCons(C:Int, REST:IntSeq), ACC:IntSeq) => encodeAcc( REST, seqConcat(ACC, iCons(encodeCode(C), .IntSeq)))"
1028,verification.k,81,syntax,"function,total",ACCEPTED_DEFINITIONAL_MATHEMATICS,"syntax IntSeq ::= encodeCodes(IntSeq) [function, total]"
1029,verification.k,82,rule,,ACCEPTED_DEFINITIONAL_MATHEMATICS,"rule encodeCodes(INPUT:IntSeq) => encodeAcc(INPUT, .IntSeq) endmodule"
1030,spec.k,4,imports,,STRUCTURAL_MODULE_DECLARATION,imports ENCODE-VERIFICATION
1031,spec.k,8,claim,total,RECONSTRUCTED_POSITIVE_PROOF_OBLIGATION,"claim [encode-total]: <k> Call( closureVal( (""message"", .ParamNames), encodeFunctionBody, 0), (str(INPUT:IntSeq), .Exprs)) => str(encodeCodes(INPUT)) </k> <env> 0 </env> <scopes> 0 |-> scope(.Map, parent(-1)) -1 |-> builtinsScope </scopes> <scopeLoc> 1 </scopeLoc> <heap> .Map </heap> <heapLoc> 0 </heapLoc> <stack> .List </stack> <ret> noRet </ret> <exc> NoExc </exc> <exit-code> 0 </exit-code>"
1032,spec.k,34,claim,,RECONSTRUCTED_POSITIVE_PROOF_OBLIGATION,"claim [encode-init]: <k> Call( closureVal( (""message"", .ParamNames), encodeFunctionBody, 0), (str(INPUT:IntSeq), .Exprs)) => #loop(str(INPUT), Name(""char""), encodeLoopBody) ~> (Return(Name(""result"")) .Stmts) ~> #endcall </k> <env> 0 => 1 </env> <scopes> 0 |-> scope(.Map, parent(-1)) -1 |-> builtinsScope => 0 |-> scope(.Map, parent(-1)) 1 |-> scope( ""message"" |-> str(INPUT) ""result""  |-> str(.IntSeq) ""char""    |-> str(.IntSeq) ""code""    |-> 0, parent(0)) -1 |-> builtinsScope </scopes> <scopeLoc> 1 => 2 </scopeLoc> <heap> .Map </heap> <heapLoc> 0 </heapLoc> <stack> .List => ListItem(frame(.K, 0, 1)) </stack> <ret> noRet </ret> <exc> NoExc </exc> <exit-code> 0 </exit-code>"
1033,spec.k,70,claim,,RECONSTRUCTED_POSITIVE_PROOF_OBLIGATION,"claim [encode-loop]: <k> #loop(str(INPUT:IntSeq), Name(""char""), encodeLoopBody) ~> (Return(Name(""result"")) .Stmts) ~> #endcall => str(encodeAcc(INPUT, ACC)) </k> <env> 1 => 0 </env> <scopes> 0 |-> scope(.Map, parent(-1)) 1 |-> scope( ""message"" |-> str(_MESSAGE:IntSeq) ""result""  |-> str(ACC:IntSeq) ""char""    |-> str(_OLDCHAR:IntSeq) ""code""    |-> _OLDCODE:Int, parent(0)) -1 |-> builtinsScope => 0 |-> scope(.Map, parent(-1)) -1 |-> builtinsScope </scopes> <scopeLoc> 2 => 1 </scopeLoc> <heap> .Map </heap> <heapLoc> 0 </heapLoc> <stack> ListItem(frame(.K, 0, 1)) => .List </stack> <ret> noRet </ret> <exc> NoExc </exc> <exit-code> 0 </exit-code> endmodule"
