id	file	start_line	end_line	kind	attributes	review_class	decision	text
reference-semantics/semantics/assert.k:3:module:1	reference-semantics/semantics/assert.k	3	3	module		FIXED_SCAFFOLD	NO TARGET IMPACT: assembly/module/import scaffolding	module MPY-ASSERT
reference-semantics/semantics/assert.k:4:imports:2	reference-semantics/semantics/assert.k	4	4	imports		FIXED_SCAFFOLD	NO TARGET IMPACT: assembly/module/import scaffolding	imports MPY-CORE
reference-semantics/semantics/assert.k:6:rule:3	reference-semantics/semantics/assert.k	6	7	rule		OUT_OF_TARGET_SLICE_FIXED_RULE	NO TARGET IMPACT: cannot match the pinned program's reachable constructors/control states; no false witness asserted	rule <k> Assert(V:Val) => .K ... </k> requires truthy(V)
reference-semantics/semantics/assert.k:8:rule:4	reference-semantics/semantics/assert.k	8	11	rule		OUT_OF_TARGET_SLICE_FIXED_RULE	NO TARGET IMPACT: cannot match the pinned program's reachable constructors/control states; no false witness asserted	rule <k> Assert(V:Val) ~> _ => .K </k> <exc> NoExc => AssertionError </exc> <exit-code> _ => 1 </exit-code> requires notBool truthy(V)
reference-semantics/semantics/assert.k:13:rule:5	reference-semantics/semantics/assert.k	13	15	rule	priority	OUT_OF_TARGET_SLICE_FIXED_RULE	NO TARGET IMPACT: cannot match the pinned program's reachable constructors/control states; no false witness asserted	rule <k> Assert(ref(H:Int)) => Assert(V) ... </k> <heap> ... H |-> V:Val ... </heap> [priority(40)]
reference-semantics/semantics/assert.k:16:endmodule:6	reference-semantics/semantics/assert.k	16	16	endmodule		FIXED_SCAFFOLD	NO TARGET IMPACT: assembly/module/import scaffolding	endmodule
reference-semantics/semantics/bool.k:5:module:1	reference-semantics/semantics/bool.k	5	5	module		FIXED_SCAFFOLD	NO TARGET IMPACT: assembly/module/import scaffolding	module MPY-BOOL
reference-semantics/semantics/bool.k:6:imports:2	reference-semantics/semantics/bool.k	6	6	imports		FIXED_SCAFFOLD	NO TARGET IMPACT: assembly/module/import scaffolding	imports MPY-CORE
reference-semantics/semantics/bool.k:8:rule:3	reference-semantics/semantics/bool.k	8	8	rule		OUT_OF_TARGET_SLICE_FIXED_RULE	NO TARGET IMPACT: cannot match the pinned program's reachable constructors/control states; no false witness asserted	"rule applyUn(""not"", V:Val) => notBool truthy(V)"
reference-semantics/semantics/bool.k:10:rule:4	reference-semantics/semantics/bool.k	10	10	rule		OUT_OF_TARGET_SLICE_FIXED_RULE	NO TARGET IMPACT: cannot match the pinned program's reachable constructors/control states; no false witness asserted	"rule applyCmp(""=="", B1:Bool, B2:Bool) => B1 ==Bool B2"
reference-semantics/semantics/bool.k:11:rule:5	reference-semantics/semantics/bool.k	11	11	rule		OUT_OF_TARGET_SLICE_FIXED_RULE	NO TARGET IMPACT: cannot match the pinned program's reachable constructors/control states; no false witness asserted	"rule applyCmp(""!="", B1:Bool, B2:Bool) => B1 =/=Bool B2"
reference-semantics/semantics/bool.k:16:context:6	reference-semantics/semantics/bool.k	16	16	context		OUT_OF_TARGET_SLICE_DECLARATION	NO TARGET IMPACT: fixed-semantics declaration not exercised by the pinned program	context BoolOp(_, (HOLE:Expr, _:Exprs))
reference-semantics/semantics/bool.k:17:rule:7	reference-semantics/semantics/bool.k	17	17	rule		OUT_OF_TARGET_SLICE_FIXED_RULE	NO TARGET IMPACT: cannot match the pinned program's reachable constructors/control states; no false witness asserted	rule <k> BoolOp(_:String, (V:Val, .Exprs)) => V ... </k>
reference-semantics/semantics/bool.k:18:rule:8	reference-semantics/semantics/bool.k	18	19	rule		OUT_OF_TARGET_SLICE_FIXED_RULE	NO TARGET IMPACT: cannot match the pinned program's reachable constructors/control states; no false witness asserted	"rule <k> BoolOp(""and"", (V:Val, A:Expr, REST:Exprs)) => BoolOp(""and"", (A, REST)) ... </k> requires truthy(V)"
reference-semantics/semantics/bool.k:20:rule:9	reference-semantics/semantics/bool.k	20	21	rule		OUT_OF_TARGET_SLICE_FIXED_RULE	NO TARGET IMPACT: cannot match the pinned program's reachable constructors/control states; no false witness asserted	"rule <k> BoolOp(""and"", (V:Val, _:Expr, _:Exprs)) => V ... </k> requires notBool truthy(V)"
reference-semantics/semantics/bool.k:22:rule:10	reference-semantics/semantics/bool.k	22	23	rule		OUT_OF_TARGET_SLICE_FIXED_RULE	NO TARGET IMPACT: cannot match the pinned program's reachable constructors/control states; no false witness asserted	"rule <k> BoolOp(""or"", (V:Val, _:Expr, _:Exprs)) => V ... </k> requires truthy(V)"
reference-semantics/semantics/bool.k:24:rule:11	reference-semantics/semantics/bool.k	24	25	rule		OUT_OF_TARGET_SLICE_FIXED_RULE	NO TARGET IMPACT: cannot match the pinned program's reachable constructors/control states; no false witness asserted	"rule <k> BoolOp(""or"", (V:Val, A:Expr, REST:Exprs)) => BoolOp(""or"", (A, REST)) ... </k> requires notBool truthy(V)"
reference-semantics/semantics/bool.k:29:rule:12	reference-semantics/semantics/bool.k	29	30	rule	priority	OUT_OF_TARGET_SLICE_FIXED_RULE	NO TARGET IMPACT: cannot match the pinned program's reachable constructors/control states; no false witness asserted	rule <k> BoolOp(_:String, (ref(H:Int), .Exprs)) => ref(H) ... </k> [priority(40)]
reference-semantics/semantics/bool.k:31:rule:13	reference-semantics/semantics/bool.k	31	34	rule	priority	OUT_OF_TARGET_SLICE_FIXED_RULE	NO TARGET IMPACT: cannot match the pinned program's reachable constructors/control states; no false witness asserted	"rule <k> BoolOp(""and"", (ref(H:Int), A:Expr, REST:Exprs)) => BoolOp(""and"", (A, REST)) ... </k> <heap> ... H |-> V:Val ... </heap> requires truthy(V) [priority(40)]"
reference-semantics/semantics/bool.k:35:rule:14	reference-semantics/semantics/bool.k	35	38	rule	priority	OUT_OF_TARGET_SLICE_FIXED_RULE	NO TARGET IMPACT: cannot match the pinned program's reachable constructors/control states; no false witness asserted	"rule <k> BoolOp(""and"", (ref(H:Int), _:Expr, _:Exprs)) => ref(H) ... </k> <heap> ... H |-> V:Val ... </heap> requires notBool truthy(V) [priority(40)]"
reference-semantics/semantics/bool.k:39:rule:15	reference-semantics/semantics/bool.k	39	42	rule	priority	OUT_OF_TARGET_SLICE_FIXED_RULE	NO TARGET IMPACT: cannot match the pinned program's reachable constructors/control states; no false witness asserted	"rule <k> BoolOp(""or"", (ref(H:Int), _:Expr, _:Exprs)) => ref(H) ... </k> <heap> ... H |-> V:Val ... </heap> requires truthy(V) [priority(40)]"
reference-semantics/semantics/bool.k:43:rule:16	reference-semantics/semantics/bool.k	43	46	rule	priority	OUT_OF_TARGET_SLICE_FIXED_RULE	NO TARGET IMPACT: cannot match the pinned program's reachable constructors/control states; no false witness asserted	"rule <k> BoolOp(""or"", (ref(H:Int), A:Expr, REST:Exprs)) => BoolOp(""or"", (A, REST)) ... </k> <heap> ... H |-> V:Val ... </heap> requires notBool truthy(V) [priority(40)]"
reference-semantics/semantics/bool.k:47:endmodule:17	reference-semantics/semantics/bool.k	47	47	endmodule		FIXED_SCAFFOLD	NO TARGET IMPACT: assembly/module/import scaffolding	endmodule
reference-semantics/semantics/builtins.k:3:module:1	reference-semantics/semantics/builtins.k	3	3	module		FIXED_SCAFFOLD	NO TARGET IMPACT: assembly/module/import scaffolding	module MPY-BUILTINS
reference-semantics/semantics/builtins.k:4:imports:2	reference-semantics/semantics/builtins.k	4	4	imports		FIXED_SCAFFOLD	NO TARGET IMPACT: assembly/module/import scaffolding	imports MPY-CORE
reference-semantics/semantics/builtins.k:5:imports:3	reference-semantics/semantics/builtins.k	5	5	imports		FIXED_SCAFFOLD	NO TARGET IMPACT: assembly/module/import scaffolding	imports MPY-STR
reference-semantics/semantics/builtins.k:6:imports:4	reference-semantics/semantics/builtins.k	6	6	imports		FIXED_SCAFFOLD	NO TARGET IMPACT: assembly/module/import scaffolding	imports MPY-SET
reference-semantics/semantics/builtins.k:7:imports:5	reference-semantics/semantics/builtins.k	7	7	imports		FIXED_SCAFFOLD	NO TARGET IMPACT: assembly/module/import scaffolding	imports MPY-ITER
reference-semantics/semantics/builtins.k:8:imports:6	reference-semantics/semantics/builtins.k	8	8	imports		FIXED_SCAFFOLD	NO TARGET IMPACT: assembly/module/import scaffolding	imports MPY-RANGE
reference-semantics/semantics/builtins.k:9:imports:7	reference-semantics/semantics/builtins.k	9	9	imports		FIXED_SCAFFOLD	NO TARGET IMPACT: assembly/module/import scaffolding	imports MPY-INT
reference-semantics/semantics/builtins.k:10:imports:8	reference-semantics/semantics/builtins.k	10	10	imports		FIXED_SCAFFOLD	NO TARGET IMPACT: assembly/module/import scaffolding	imports MPY-METHODS
reference-semantics/semantics/builtins.k:17:syntax:9	reference-semantics/semantics/builtins.k	17	17	syntax	function	OUT_OF_TARGET_SLICE_DECLARATION	NO TARGET IMPACT: fixed-semantics declaration not exercised by the pinned program	syntax Val ::= applyBuiltin(String, Vals) [function]
reference-semantics/semantics/builtins.k:20:syntax:10	reference-semantics/semantics/builtins.k	20	20	syntax	function	OUT_OF_TARGET_SLICE_DECLARATION	NO TARGET IMPACT: fixed-semantics declaration not exercised by the pinned program	syntax Int ::= seqLen(Val) [function]
reference-semantics/semantics/builtins.k:21:rule:11	reference-semantics/semantics/builtins.k	21	21	rule		OUT_OF_TARGET_SLICE_FIXED_RULE	NO TARGET IMPACT: cannot match the pinned program's reachable constructors/control states; no false witness asserted	"rule applyBuiltin(""len"", OBJ:Val, .Vals) => seqLen(OBJ)"
reference-semantics/semantics/builtins.k:22:rule:12	reference-semantics/semantics/builtins.k	22	22	rule		OUT_OF_TARGET_SLICE_FIXED_RULE	NO TARGET IMPACT: cannot match the pinned program's reachable constructors/control states; no false witness asserted	rule seqLen(list(VS:ValSeq)) => vsLen(VS)
reference-semantics/semantics/builtins.k:23:rule:13	reference-semantics/semantics/builtins.k	23	23	rule		OUT_OF_TARGET_SLICE_FIXED_RULE	NO TARGET IMPACT: cannot match the pinned program's reachable constructors/control states; no false witness asserted	rule seqLen(tuple(VS:ValSeq)) => vsLen(VS)
reference-semantics/semantics/builtins.k:24:rule:14	reference-semantics/semantics/builtins.k	24	24	rule		OUT_OF_TARGET_SLICE_FIXED_RULE	NO TARGET IMPACT: cannot match the pinned program's reachable constructors/control states; no false witness asserted	rule seqLen(str(IS:IntSeq)) => isLen(IS)
reference-semantics/semantics/builtins.k:25:rule:15	reference-semantics/semantics/builtins.k	25	25	rule		OUT_OF_TARGET_SLICE_FIXED_RULE	NO TARGET IMPACT: cannot match the pinned program's reachable constructors/control states; no false witness asserted	rule seqLen(setV(DS:IntSeq)) => isLen(DS)
reference-semantics/semantics/builtins.k:26:rule:16	reference-semantics/semantics/builtins.k	26	26	rule		OUT_OF_TARGET_SLICE_FIXED_RULE	NO TARGET IMPACT: cannot match the pinned program's reachable constructors/control states; no false witness asserted	rule seqLen(rangeObj(LO:Int, HI:Int, ST:Int)) => rangeLen(LO, HI, ST)
reference-semantics/semantics/builtins.k:32:rule:17	reference-semantics/semantics/builtins.k	32	32	rule		OUT_OF_TARGET_SLICE_FIXED_RULE	NO TARGET IMPACT: cannot match the pinned program's reachable constructors/control states; no false witness asserted	"rule <k> #applyK(toCall(builtinV(""list"")), (list(VS:ValSeq), .Vals)) => #alloc(list(VS)) ... </k>"
reference-semantics/semantics/builtins.k:33:rule:18	reference-semantics/semantics/builtins.k	33	33	rule		OUT_OF_TARGET_SLICE_FIXED_RULE	NO TARGET IMPACT: cannot match the pinned program's reachable constructors/control states; no false witness asserted	"rule <k> #applyK(toCall(builtinV(""list"")), (tuple(VS:ValSeq), .Vals)) => #alloc(list(VS)) ... </k>"
reference-semantics/semantics/builtins.k:34:rule:19	reference-semantics/semantics/builtins.k	34	34	rule		OUT_OF_TARGET_SLICE_FIXED_RULE	NO TARGET IMPACT: cannot match the pinned program's reachable constructors/control states; no false witness asserted	"rule <k> #applyK(toCall(builtinV(""list"")), .Vals) => #alloc(list(.ValSeq)) ... </k>"
reference-semantics/semantics/builtins.k:35:rule:20	reference-semantics/semantics/builtins.k	35	35	rule		OUT_OF_TARGET_SLICE_FIXED_RULE	NO TARGET IMPACT: cannot match the pinned program's reachable constructors/control states; no false witness asserted	"rule <k> #applyK(toCall(builtinV(""list"")), (str(CS:IntSeq), .Vals)) => #alloc(list(charsOf(CS))) ... </k>"
reference-semantics/semantics/builtins.k:36:syntax:21	reference-semantics/semantics/builtins.k	36	36	syntax	function,total	OUT_OF_TARGET_SLICE_DECLARATION	NO TARGET IMPACT: fixed-semantics declaration not exercised by the pinned program	syntax ValSeq ::= charsOf(IntSeq) [function, total]
reference-semantics/semantics/builtins.k:37:rule:22	reference-semantics/semantics/builtins.k	37	37	rule		OUT_OF_TARGET_SLICE_FIXED_RULE	NO TARGET IMPACT: cannot match the pinned program's reachable constructors/control states; no false witness asserted	rule charsOf(.IntSeq) => .ValSeq
reference-semantics/semantics/builtins.k:38:rule:23	reference-semantics/semantics/builtins.k	38	38	rule		OUT_OF_TARGET_SLICE_FIXED_RULE	NO TARGET IMPACT: cannot match the pinned program's reachable constructors/control states; no false witness asserted	rule charsOf(iCons(C:Int, R:IntSeq)) => vCons(str(iCons(C, .IntSeq)), charsOf(R))
reference-semantics/semantics/builtins.k:41:rule:24	reference-semantics/semantics/builtins.k	41	41	rule		OUT_OF_TARGET_SLICE_FIXED_RULE	NO TARGET IMPACT: cannot match the pinned program's reachable constructors/control states; no false witness asserted	"rule applyBuiltin(""set"", str(CS:IntSeq), .Vals) => setV(dedupCodes(CS))"
reference-semantics/semantics/builtins.k:44:rule:25	reference-semantics/semantics/builtins.k	44	44	rule		OUT_OF_TARGET_SLICE_FIXED_RULE	NO TARGET IMPACT: cannot match the pinned program's reachable constructors/control states; no false witness asserted	"rule applyBuiltin(""abs"", I:Int, .Vals) => absInt(I)"
reference-semantics/semantics/builtins.k:47:syntax:26	reference-semantics/semantics/builtins.k	47	47	syntax		OUT_OF_TARGET_SLICE_DECLARATION	NO TARGET IMPACT: fixed-semantics declaration not exercised by the pinned program	syntax KItem ::= #sumAcc(Iterable, Int) | #sumCont(Int)
reference-semantics/semantics/builtins.k:48:rule:27	reference-semantics/semantics/builtins.k	48	48	rule		OUT_OF_TARGET_SLICE_FIXED_RULE	NO TARGET IMPACT: cannot match the pinned program's reachable constructors/control states; no false witness asserted	rule <k> #sumAcc(IT:Iterable, ACC:Int) => #iterNext(IT) ~> #sumCont(ACC) ... </k>
reference-semantics/semantics/builtins.k:49:rule:28	reference-semantics/semantics/builtins.k	49	49	rule		OUT_OF_TARGET_SLICE_FIXED_RULE	NO TARGET IMPACT: cannot match the pinned program's reachable constructors/control states; no false witness asserted	rule <k> #iterDone ~> #sumCont(ACC:Int) => ACC ... </k>
reference-semantics/semantics/builtins.k:50:rule:29	reference-semantics/semantics/builtins.k	50	52	rule		OUT_OF_TARGET_SLICE_FIXED_RULE	NO TARGET IMPACT: cannot match the pinned program's reachable constructors/control states; no false witness asserted	rule <k> #iterYield(V:Val, R:Iterable) ~> #sumCont(ACC:Int) => #sumAcc(R, ACC +Int intOf(V)) ... </k> requires isInt(V) orBool isBool(V)
reference-semantics/semantics/builtins.k:54:syntax:30	reference-semantics/semantics/builtins.k	54	54	syntax	function	OUT_OF_TARGET_SLICE_DECLARATION	NO TARGET IMPACT: fixed-semantics declaration not exercised by the pinned program	syntax Int ::= intOf(Val) [function]
reference-semantics/semantics/builtins.k:55:rule:31	reference-semantics/semantics/builtins.k	55	55	rule		OUT_OF_TARGET_SLICE_FIXED_RULE	NO TARGET IMPACT: cannot match the pinned program's reachable constructors/control states; no false witness asserted	rule intOf(I:Int) => I
reference-semantics/semantics/builtins.k:56:rule:32	reference-semantics/semantics/builtins.k	56	56	rule		OUT_OF_TARGET_SLICE_FIXED_RULE	NO TARGET IMPACT: cannot match the pinned program's reachable constructors/control states; no false witness asserted	rule intOf(B:Bool) => #if B #then 1 #else 0 #fi
reference-semantics/semantics/builtins.k:59:syntax:33	reference-semantics/semantics/builtins.k	59	59	syntax		OUT_OF_TARGET_SLICE_DECLARATION	NO TARGET IMPACT: fixed-semantics declaration not exercised by the pinned program	"syntax KItem ::= #allAcc(Iterable) | ""#allCont"""
reference-semantics/semantics/builtins.k:60:rule:34	reference-semantics/semantics/builtins.k	60	60	rule		OUT_OF_TARGET_SLICE_FIXED_RULE	NO TARGET IMPACT: cannot match the pinned program's reachable constructors/control states; no false witness asserted	rule <k> #allAcc(IT:Iterable) => #iterNext(IT) ~> #allCont ... </k>
reference-semantics/semantics/builtins.k:61:rule:35	reference-semantics/semantics/builtins.k	61	61	rule		OUT_OF_TARGET_SLICE_FIXED_RULE	NO TARGET IMPACT: cannot match the pinned program's reachable constructors/control states; no false witness asserted	rule <k> #iterDone ~> #allCont => true ... </k>
reference-semantics/semantics/builtins.k:62:rule:36	reference-semantics/semantics/builtins.k	62	63	rule		OUT_OF_TARGET_SLICE_FIXED_RULE	NO TARGET IMPACT: cannot match the pinned program's reachable constructors/control states; no false witness asserted	rule <k> #iterYield(V:Val, R:Iterable) ~> #allCont => #allAcc(R) ... </k> requires truthy(V)
reference-semantics/semantics/builtins.k:64:rule:37	reference-semantics/semantics/builtins.k	64	65	rule		OUT_OF_TARGET_SLICE_FIXED_RULE	NO TARGET IMPACT: cannot match the pinned program's reachable constructors/control states; no false witness asserted	rule <k> #iterYield(V:Val, _:Iterable) ~> #allCont => false ... </k> requires notBool truthy(V)
reference-semantics/semantics/builtins.k:67:syntax:38	reference-semantics/semantics/builtins.k	67	67	syntax		OUT_OF_TARGET_SLICE_DECLARATION	NO TARGET IMPACT: fixed-semantics declaration not exercised by the pinned program	"syntax KItem ::= #anyAcc(Iterable) | ""#anyCont"""
reference-semantics/semantics/builtins.k:68:rule:39	reference-semantics/semantics/builtins.k	68	68	rule		OUT_OF_TARGET_SLICE_FIXED_RULE	NO TARGET IMPACT: cannot match the pinned program's reachable constructors/control states; no false witness asserted	rule <k> #anyAcc(IT:Iterable) => #iterNext(IT) ~> #anyCont ... </k>
reference-semantics/semantics/builtins.k:69:rule:40	reference-semantics/semantics/builtins.k	69	69	rule		OUT_OF_TARGET_SLICE_FIXED_RULE	NO TARGET IMPACT: cannot match the pinned program's reachable constructors/control states; no false witness asserted	rule <k> #iterDone ~> #anyCont => false ... </k>
reference-semantics/semantics/builtins.k:70:rule:41	reference-semantics/semantics/builtins.k	70	71	rule		OUT_OF_TARGET_SLICE_FIXED_RULE	NO TARGET IMPACT: cannot match the pinned program's reachable constructors/control states; no false witness asserted	rule <k> #iterYield(V:Val, _:Iterable) ~> #anyCont => true ... </k> requires truthy(V)
reference-semantics/semantics/builtins.k:72:rule:42	reference-semantics/semantics/builtins.k	72	73	rule		OUT_OF_TARGET_SLICE_FIXED_RULE	NO TARGET IMPACT: cannot match the pinned program's reachable constructors/control states; no false witness asserted	rule <k> #iterYield(V:Val, R:Iterable) ~> #anyCont => #anyAcc(R) ... </k> requires notBool truthy(V)
reference-semantics/semantics/builtins.k:76:syntax:43	reference-semantics/semantics/builtins.k	76	76	syntax		OUT_OF_TARGET_SLICE_DECLARATION	NO TARGET IMPACT: fixed-semantics declaration not exercised by the pinned program	"syntax KItem ::= #maxAcc0(Iterable) | ""#maxCont0"" | #maxAcc(Iterable, Int) | #maxCont(Int)"
reference-semantics/semantics/builtins.k:77:rule:44	reference-semantics/semantics/builtins.k	77	77	rule		OUT_OF_TARGET_SLICE_FIXED_RULE	NO TARGET IMPACT: cannot match the pinned program's reachable constructors/control states; no false witness asserted	rule <k> #maxAcc0(IT:Iterable) => #iterNext(IT) ~> #maxCont0 ... </k>
reference-semantics/semantics/builtins.k:78:rule:45	reference-semantics/semantics/builtins.k	78	79	rule		OUT_OF_TARGET_SLICE_FIXED_RULE	NO TARGET IMPACT: cannot match the pinned program's reachable constructors/control states; no false witness asserted	rule <k> #iterYield(V:Val, R:Iterable) ~> #maxCont0 => #maxAcc(R, {V}:>Int) ... </k> requires isInt(V)
reference-semantics/semantics/builtins.k:80:rule:46	reference-semantics/semantics/builtins.k	80	80	rule		OUT_OF_TARGET_SLICE_FIXED_RULE	NO TARGET IMPACT: cannot match the pinned program's reachable constructors/control states; no false witness asserted	rule <k> #maxAcc(IT:Iterable, M:Int) => #iterNext(IT) ~> #maxCont(M) ... </k>
reference-semantics/semantics/builtins.k:81:rule:47	reference-semantics/semantics/builtins.k	81	81	rule		OUT_OF_TARGET_SLICE_FIXED_RULE	NO TARGET IMPACT: cannot match the pinned program's reachable constructors/control states; no false witness asserted	rule <k> #iterDone ~> #maxCont(M:Int) => M ... </k>
reference-semantics/semantics/builtins.k:82:rule:48	reference-semantics/semantics/builtins.k	82	84	rule		OUT_OF_TARGET_SLICE_FIXED_RULE	NO TARGET IMPACT: cannot match the pinned program's reachable constructors/control states; no false witness asserted	rule <k> #iterYield(V:Val, R:Iterable) ~> #maxCont(M:Int) => #maxAcc(R, maxInt(M, {V}:>Int)) ... </k> requires isInt(V)
reference-semantics/semantics/builtins.k:86:syntax:49	reference-semantics/semantics/builtins.k	86	86	syntax		OUT_OF_TARGET_SLICE_DECLARATION	NO TARGET IMPACT: fixed-semantics declaration not exercised by the pinned program	"syntax KItem ::= #minAcc0(Iterable) | ""#minCont0"" | #minAcc(Iterable, Int) | #minCont(Int)"
reference-semantics/semantics/builtins.k:87:rule:50	reference-semantics/semantics/builtins.k	87	87	rule		OUT_OF_TARGET_SLICE_FIXED_RULE	NO TARGET IMPACT: cannot match the pinned program's reachable constructors/control states; no false witness asserted	rule <k> #minAcc0(IT:Iterable) => #iterNext(IT) ~> #minCont0 ... </k>
reference-semantics/semantics/builtins.k:88:rule:51	reference-semantics/semantics/builtins.k	88	89	rule		OUT_OF_TARGET_SLICE_FIXED_RULE	NO TARGET IMPACT: cannot match the pinned program's reachable constructors/control states; no false witness asserted	rule <k> #iterYield(V:Val, R:Iterable) ~> #minCont0 => #minAcc(R, {V}:>Int) ... </k> requires isInt(V)
reference-semantics/semantics/builtins.k:90:rule:52	reference-semantics/semantics/builtins.k	90	90	rule		OUT_OF_TARGET_SLICE_FIXED_RULE	NO TARGET IMPACT: cannot match the pinned program's reachable constructors/control states; no false witness asserted	rule <k> #minAcc(IT:Iterable, M:Int) => #iterNext(IT) ~> #minCont(M) ... </k>
reference-semantics/semantics/builtins.k:91:rule:53	reference-semantics/semantics/builtins.k	91	91	rule		OUT_OF_TARGET_SLICE_FIXED_RULE	NO TARGET IMPACT: cannot match the pinned program's reachable constructors/control states; no false witness asserted	rule <k> #iterDone ~> #minCont(M:Int) => M ... </k>
reference-semantics/semantics/builtins.k:92:rule:54	reference-semantics/semantics/builtins.k	92	94	rule		OUT_OF_TARGET_SLICE_FIXED_RULE	NO TARGET IMPACT: cannot match the pinned program's reachable constructors/control states; no false witness asserted	rule <k> #iterYield(V:Val, R:Iterable) ~> #minCont(M:Int) => #minAcc(R, minInt(M, {V}:>Int)) ... </k> requires isInt(V)
reference-semantics/semantics/builtins.k:97:syntax:55	reference-semantics/semantics/builtins.k	97	97	syntax	function	OUT_OF_TARGET_SLICE_DECLARATION	NO TARGET IMPACT: fixed-semantics declaration not exercised by the pinned program	syntax Int ::= maxVals(Int, Vals) [function]
reference-semantics/semantics/builtins.k:98:rule:56	reference-semantics/semantics/builtins.k	98	98	rule		OUT_OF_TARGET_SLICE_FIXED_RULE	NO TARGET IMPACT: cannot match the pinned program's reachable constructors/control states; no false witness asserted	"rule applyBuiltin(""max"", I:Int, REST:Vals) => maxVals(I, REST)"
reference-semantics/semantics/builtins.k:99:rule:57	reference-semantics/semantics/builtins.k	99	99	rule		OUT_OF_TARGET_SLICE_FIXED_RULE	NO TARGET IMPACT: cannot match the pinned program's reachable constructors/control states; no false witness asserted	rule maxVals(M:Int, .Vals) => M
reference-semantics/semantics/builtins.k:100:rule:58	reference-semantics/semantics/builtins.k	100	100	rule		OUT_OF_TARGET_SLICE_FIXED_RULE	NO TARGET IMPACT: cannot match the pinned program's reachable constructors/control states; no false witness asserted	rule maxVals(M:Int, (I:Int, R:Vals)) => maxVals(maxInt(M, I), R)
reference-semantics/semantics/builtins.k:102:syntax:59	reference-semantics/semantics/builtins.k	102	102	syntax	function	OUT_OF_TARGET_SLICE_DECLARATION	NO TARGET IMPACT: fixed-semantics declaration not exercised by the pinned program	syntax Int ::= minVals(Int, Vals) [function]
reference-semantics/semantics/builtins.k:103:rule:60	reference-semantics/semantics/builtins.k	103	103	rule		OUT_OF_TARGET_SLICE_FIXED_RULE	NO TARGET IMPACT: cannot match the pinned program's reachable constructors/control states; no false witness asserted	"rule applyBuiltin(""min"", I:Int, REST:Vals) => minVals(I, REST)"
reference-semantics/semantics/builtins.k:104:rule:61	reference-semantics/semantics/builtins.k	104	104	rule		OUT_OF_TARGET_SLICE_FIXED_RULE	NO TARGET IMPACT: cannot match the pinned program's reachable constructors/control states; no false witness asserted	rule minVals(M:Int, .Vals) => M
reference-semantics/semantics/builtins.k:105:rule:62	reference-semantics/semantics/builtins.k	105	105	rule		OUT_OF_TARGET_SLICE_FIXED_RULE	NO TARGET IMPACT: cannot match the pinned program's reachable constructors/control states; no false witness asserted	rule minVals(M:Int, (I:Int, R:Vals)) => minVals(minInt(M, I), R)
reference-semantics/semantics/builtins.k:108:rule:63	reference-semantics/semantics/builtins.k	108	109	rule		OUT_OF_TARGET_SLICE_FIXED_RULE	NO TARGET IMPACT: cannot match the pinned program's reachable constructors/control states; no false witness asserted	"rule applyBuiltin(""bin"", N:Int, .Vals) => str(iCons(48, iCons(98, binCodes(N)))) requires N >=Int 0"
reference-semantics/semantics/builtins.k:111:rule:64	reference-semantics/semantics/builtins.k	111	113	rule		OUT_OF_TARGET_SLICE_FIXED_RULE	NO TARGET IMPACT: cannot match the pinned program's reachable constructors/control states; no false witness asserted	"rule applyBuiltin(""bin"", N:Int, .Vals) => str(iCons(45, iCons(48, iCons(98, binCodes(0 -Int N))))) requires N <Int 0"
reference-semantics/semantics/builtins.k:114:syntax:65	reference-semantics/semantics/builtins.k	114	114	syntax	function,total	OUT_OF_TARGET_SLICE_DECLARATION	NO TARGET IMPACT: fixed-semantics declaration not exercised by the pinned program	syntax IntSeq ::= binCodes(Int) [function, total]
reference-semantics/semantics/builtins.k:115:rule:66	reference-semantics/semantics/builtins.k	115	115	rule		OUT_OF_TARGET_SLICE_FIXED_RULE	NO TARGET IMPACT: cannot match the pinned program's reachable constructors/control states; no false witness asserted	rule binCodes(0) => iCons(48, .IntSeq)
reference-semantics/semantics/builtins.k:116:rule:67	reference-semantics/semantics/builtins.k	116	116	rule		OUT_OF_TARGET_SLICE_FIXED_RULE	NO TARGET IMPACT: cannot match the pinned program's reachable constructors/control states; no false witness asserted	rule binCodes(N:Int) => binAcc(N, .IntSeq) requires N >Int 0
reference-semantics/semantics/builtins.k:117:syntax:68	reference-semantics/semantics/builtins.k	117	117	syntax	function,total	OUT_OF_TARGET_SLICE_DECLARATION	NO TARGET IMPACT: fixed-semantics declaration not exercised by the pinned program	syntax IntSeq ::= binAcc(Int, IntSeq) [function, total]
reference-semantics/semantics/builtins.k:118:rule:69	reference-semantics/semantics/builtins.k	118	118	rule		OUT_OF_TARGET_SLICE_FIXED_RULE	NO TARGET IMPACT: cannot match the pinned program's reachable constructors/control states; no false witness asserted	rule binAcc(0, ACC:IntSeq) => ACC
reference-semantics/semantics/builtins.k:119:rule:70	reference-semantics/semantics/builtins.k	119	121	rule		OUT_OF_TARGET_SLICE_FIXED_RULE	NO TARGET IMPACT: cannot match the pinned program's reachable constructors/control states; no false witness asserted	rule binAcc(N:Int, ACC:IntSeq) => binAcc((N -Int pyMod(N, 2)) /Int 2, iCons(48 +Int pyMod(N, 2), ACC)) requires N >Int 0
reference-semantics/semantics/builtins.k:124:rule:71	reference-semantics/semantics/builtins.k	124	125	rule		OUT_OF_TARGET_SLICE_FIXED_RULE	NO TARGET IMPACT: cannot match the pinned program's reachable constructors/control states; no false witness asserted	"rule <k> #applyK(toCall(builtinV(""enumerate"")), (list(VS:ValSeq), .Vals)) => #alloc(list(enumVS(VS, 0))) ... </k>"
reference-semantics/semantics/builtins.k:126:syntax:72	reference-semantics/semantics/builtins.k	126	126	syntax	function,total	OUT_OF_TARGET_SLICE_DECLARATION	NO TARGET IMPACT: fixed-semantics declaration not exercised by the pinned program	syntax ValSeq ::= enumVS(ValSeq, Int) [function, total]
reference-semantics/semantics/builtins.k:127:rule:73	reference-semantics/semantics/builtins.k	127	127	rule		OUT_OF_TARGET_SLICE_FIXED_RULE	NO TARGET IMPACT: cannot match the pinned program's reachable constructors/control states; no false witness asserted	rule enumVS(.ValSeq, _:Int) => .ValSeq
reference-semantics/semantics/builtins.k:128:rule:74	reference-semantics/semantics/builtins.k	128	129	rule		OUT_OF_TARGET_SLICE_FIXED_RULE	NO TARGET IMPACT: cannot match the pinned program's reachable constructors/control states; no false witness asserted	rule enumVS(vCons(V:Val, R:ValSeq), I:Int) => vCons(tuple(vCons(I, vCons(V, .ValSeq))), enumVS(R, I +Int 1))
reference-semantics/semantics/builtins.k:132:rule:75	reference-semantics/semantics/builtins.k	132	133	rule		OUT_OF_TARGET_SLICE_FIXED_RULE	NO TARGET IMPACT: cannot match the pinned program's reachable constructors/control states; no false witness asserted	"rule <k> #applyK(toCall(builtinV(""map"")), (typeV(""str""), list(VS:ValSeq), .Vals)) => #alloc(list(mapStrVS(VS))) ... </k>"
reference-semantics/semantics/builtins.k:134:syntax:76	reference-semantics/semantics/builtins.k	134	134	syntax	function,total	OUT_OF_TARGET_SLICE_DECLARATION	NO TARGET IMPACT: fixed-semantics declaration not exercised by the pinned program	syntax ValSeq ::= mapStrVS(ValSeq) [function, total]
reference-semantics/semantics/builtins.k:135:rule:77	reference-semantics/semantics/builtins.k	135	135	rule		OUT_OF_TARGET_SLICE_FIXED_RULE	NO TARGET IMPACT: cannot match the pinned program's reachable constructors/control states; no false witness asserted	rule mapStrVS(.ValSeq) => .ValSeq
reference-semantics/semantics/builtins.k:136:rule:78	reference-semantics/semantics/builtins.k	136	136	rule		OUT_OF_TARGET_SLICE_FIXED_RULE	NO TARGET IMPACT: cannot match the pinned program's reachable constructors/control states; no false witness asserted	rule mapStrVS(vCons(I:Int, R:ValSeq)) => vCons(str(strToCodes(Int2String(I))), mapStrVS(R))
reference-semantics/semantics/builtins.k:137:rule:79	reference-semantics/semantics/builtins.k	137	137	rule		OUT_OF_TARGET_SLICE_FIXED_RULE	NO TARGET IMPACT: cannot match the pinned program's reachable constructors/control states; no false witness asserted	rule mapStrVS(vCons(str(CS:IntSeq), R:ValSeq)) => vCons(str(CS), mapStrVS(R))
reference-semantics/semantics/builtins.k:140:rule:80	reference-semantics/semantics/builtins.k	140	140	rule		OUT_OF_TARGET_SLICE_FIXED_RULE	NO TARGET IMPACT: cannot match the pinned program's reachable constructors/control states; no false witness asserted	"rule applyBuiltin(""int"", I:Int, .Vals) => I"
reference-semantics/semantics/builtins.k:143:rule:81	reference-semantics/semantics/builtins.k	143	143	rule		OUT_OF_TARGET_SLICE_FIXED_RULE	NO TARGET IMPACT: cannot match the pinned program's reachable constructors/control states; no false witness asserted	"rule applyBuiltin(""ord"", str(iCons(C:Int, .IntSeq)), .Vals) => C"
reference-semantics/semantics/builtins.k:144:rule:82	reference-semantics/semantics/builtins.k	144	145	rule		OUT_OF_TARGET_SLICE_FIXED_RULE	NO TARGET IMPACT: cannot match the pinned program's reachable constructors/control states; no false witness asserted	"rule applyBuiltin(""chr"", I:Int, .Vals) => str(iCons(I, .IntSeq)) requires 0 <=Int I andBool I <Int 128"
reference-semantics/semantics/builtins.k:148:rule:83	reference-semantics/semantics/builtins.k	148	148	rule		OUT_OF_TARGET_SLICE_FIXED_RULE	NO TARGET IMPACT: cannot match the pinned program's reachable constructors/control states; no false witness asserted	"rule applyBuiltin(""str"", I:Int, .Vals) => str(strToCodes(Int2String(I)))"
reference-semantics/semantics/builtins.k:149:rule:84	reference-semantics/semantics/builtins.k	149	149	rule		OUT_OF_TARGET_SLICE_FIXED_RULE	NO TARGET IMPACT: cannot match the pinned program's reachable constructors/control states; no false witness asserted	"rule applyBuiltin(""str"", str(CS:IntSeq), .Vals) => str(CS)"
reference-semantics/semantics/builtins.k:152:rule:85	reference-semantics/semantics/builtins.k	152	153	rule		OUT_OF_TARGET_SLICE_FIXED_RULE	NO TARGET IMPACT: cannot match the pinned program's reachable constructors/control states; no false witness asserted	"rule applyBuiltin(""int"", str(iCons(C:Int, .IntSeq)), .Vals) => C -Int 48 requires 48 <=Int C andBool C <=Int 57"
reference-semantics/semantics/builtins.k:156:rule:86	reference-semantics/semantics/builtins.k	156	157	rule		OUT_OF_TARGET_SLICE_FIXED_RULE	NO TARGET IMPACT: cannot match the pinned program's reachable constructors/control states; no false witness asserted	"rule applyBuiltin(""int"", str(CS:IntSeq), .Vals) => intDigAcc(CS, 0) requires isLen(CS) >=Int 2"
reference-semantics/semantics/builtins.k:158:syntax:87	reference-semantics/semantics/builtins.k	158	158	syntax	function,total	OUT_OF_TARGET_SLICE_DECLARATION	NO TARGET IMPACT: fixed-semantics declaration not exercised by the pinned program	syntax Int ::= intDigAcc(IntSeq, Int) [function, total]
reference-semantics/semantics/builtins.k:159:rule:88	reference-semantics/semantics/builtins.k	159	159	rule		OUT_OF_TARGET_SLICE_FIXED_RULE	NO TARGET IMPACT: cannot match the pinned program's reachable constructors/control states; no false witness asserted	rule intDigAcc(.IntSeq, ACC:Int) => ACC
reference-semantics/semantics/builtins.k:160:rule:89	reference-semantics/semantics/builtins.k	160	160	rule		OUT_OF_TARGET_SLICE_FIXED_RULE	NO TARGET IMPACT: cannot match the pinned program's reachable constructors/control states; no false witness asserted	rule intDigAcc(iCons(C:Int, R:IntSeq), ACC:Int) => intDigAcc(R, (ACC *Int 10) +Int (C -Int 48))
reference-semantics/semantics/builtins.k:163:rule:90	reference-semantics/semantics/builtins.k	163	163	rule		OUT_OF_TARGET_SLICE_FIXED_RULE	NO TARGET IMPACT: cannot match the pinned program's reachable constructors/control states; no false witness asserted	"rule applyBuiltin(""zip"", list(A:ValSeq), list(B:ValSeq), .Vals) => zipObj(A, B)"
reference-semantics/semantics/builtins.k:164:rule:91	reference-semantics/semantics/builtins.k	164	164	rule		OUT_OF_TARGET_SLICE_FIXED_RULE	NO TARGET IMPACT: cannot match the pinned program's reachable constructors/control states; no false witness asserted	"rule applyBuiltin(""zip"", str(A:IntSeq), str(B:IntSeq), .Vals) => zipObjS(A, B)"
reference-semantics/semantics/builtins.k:167:rule:92	reference-semantics/semantics/builtins.k	167	168	rule		OUT_OF_TARGET_SLICE_FIXED_RULE	NO TARGET IMPACT: cannot match the pinned program's reachable constructors/control states; no false witness asserted	rule <k> #iterNext(zipObj(vCons(A:Val, As:ValSeq), vCons(B:Val, Bs:ValSeq))) => #iterYield(tuple(vCons(A, vCons(B, .ValSeq))), zipObj(As, Bs)) ... </k>
reference-semantics/semantics/builtins.k:169:rule:93	reference-semantics/semantics/builtins.k	169	169	rule		OUT_OF_TARGET_SLICE_FIXED_RULE	NO TARGET IMPACT: cannot match the pinned program's reachable constructors/control states; no false witness asserted	rule <k> #iterNext(zipObj(.ValSeq, _:ValSeq)) => #iterDone ... </k>
reference-semantics/semantics/builtins.k:170:rule:94	reference-semantics/semantics/builtins.k	170	170	rule		OUT_OF_TARGET_SLICE_FIXED_RULE	NO TARGET IMPACT: cannot match the pinned program's reachable constructors/control states; no false witness asserted	rule <k> #iterNext(zipObj(vCons(_:Val, _:ValSeq), .ValSeq)) => #iterDone ... </k>
reference-semantics/semantics/builtins.k:171:rule:95	reference-semantics/semantics/builtins.k	171	172	rule		OUT_OF_TARGET_SLICE_FIXED_RULE	NO TARGET IMPACT: cannot match the pinned program's reachable constructors/control states; no false witness asserted	rule <k> #iterNext(zipObjS(iCons(A:Int, As:IntSeq), iCons(B:Int, Bs:IntSeq))) => #iterYield(tuple(vCons(str(iCons(A, .IntSeq)), vCons(str(iCons(B, .IntSeq)), .ValSeq))), zipObjS(As, Bs)) ... </k>
reference-semantics/semantics/builtins.k:173:rule:96	reference-semantics/semantics/builtins.k	173	173	rule		OUT_OF_TARGET_SLICE_FIXED_RULE	NO TARGET IMPACT: cannot match the pinned program's reachable constructors/control states; no false witness asserted	rule <k> #iterNext(zipObjS(.IntSeq, _:IntSeq)) => #iterDone ... </k>
reference-semantics/semantics/builtins.k:174:rule:97	reference-semantics/semantics/builtins.k	174	174	rule		OUT_OF_TARGET_SLICE_FIXED_RULE	NO TARGET IMPACT: cannot match the pinned program's reachable constructors/control states; no false witness asserted	rule <k> #iterNext(zipObjS(iCons(_:Int, _:IntSeq), .IntSeq)) => #iterDone ... </k>
reference-semantics/semantics/builtins.k:177:rule:98	reference-semantics/semantics/builtins.k	177	177	rule		OUT_OF_TARGET_SLICE_FIXED_RULE	NO TARGET IMPACT: cannot match the pinned program's reachable constructors/control states; no false witness asserted	"rule applyBuiltin(""range"", I:Int, .Vals) => rangeObj(0, I, 1)"
reference-semantics/semantics/builtins.k:178:rule:99	reference-semantics/semantics/builtins.k	178	178	rule		OUT_OF_TARGET_SLICE_FIXED_RULE	NO TARGET IMPACT: cannot match the pinned program's reachable constructors/control states; no false witness asserted	"rule applyBuiltin(""range"", A:Int, B:Int, .Vals) => rangeObj(A, B, 1)"
reference-semantics/semantics/builtins.k:179:rule:100	reference-semantics/semantics/builtins.k	179	180	rule		OUT_OF_TARGET_SLICE_FIXED_RULE	NO TARGET IMPACT: cannot match the pinned program's reachable constructors/control states; no false witness asserted	"rule applyBuiltin(""range"", A:Int, B:Int, S:Int, .Vals) => rangeObj(A, B, S) requires S =/=Int 0"
reference-semantics/semantics/builtins.k:187:rule:101	reference-semantics/semantics/builtins.k	187	187	rule		OUT_OF_TARGET_SLICE_FIXED_RULE	NO TARGET IMPACT: cannot match the pinned program's reachable constructors/control states; no false witness asserted	"rule applyBuiltin(""eval"", str(CS:IntSeq), .Vals) => evalArith(CS)"
reference-semantics/semantics/builtins.k:188:syntax:102	reference-semantics/semantics/builtins.k	188	188	syntax	function	OUT_OF_TARGET_SLICE_DECLARATION	NO TARGET IMPACT: fixed-semantics declaration not exercised by the pinned program	syntax Int ::= evalArith(IntSeq) [function]
reference-semantics/semantics/builtins.k:189:rule:103	reference-semantics/semantics/builtins.k	189	190	rule		OUT_OF_TARGET_SLICE_FIXED_RULE	NO TARGET IMPACT: cannot match the pinned program's reachable constructors/control states; no false witness asserted	rule evalArith(CS:IntSeq) => firstNdE(passAddE(passMulE(passPowE(tokOps(CS), tokNds(CS)))))
reference-semantics/semantics/builtins.k:192:syntax:104	reference-semantics/semantics/builtins.k	192	192	syntax		OUT_OF_TARGET_SLICE_DECLARATION	NO TARGET IMPACT: fixed-semantics declaration not exercised by the pinned program	"syntax OpSeq ::= "".OpSeq"" | oCons(String, OpSeq)"
reference-semantics/semantics/builtins.k:194:syntax:105	reference-semantics/semantics/builtins.k	194	194	syntax	function,total	OUT_OF_TARGET_SLICE_DECLARATION	NO TARGET IMPACT: fixed-semantics declaration not exercised by the pinned program	syntax Bool ::= evDigit(Int) [function, total]
reference-semantics/semantics/builtins.k:195:rule:106	reference-semantics/semantics/builtins.k	195	195	rule		OUT_OF_TARGET_SLICE_FIXED_RULE	NO TARGET IMPACT: cannot match the pinned program's reachable constructors/control states; no false witness asserted	rule evDigit(C:Int) => C >=Int 48 andBool C <=Int 57
reference-semantics/semantics/builtins.k:196:syntax:107	reference-semantics/semantics/builtins.k	196	196	syntax	function,total	OUT_OF_TARGET_SLICE_DECLARATION	NO TARGET IMPACT: fixed-semantics declaration not exercised by the pinned program	syntax Bool ::= evHead42(IntSeq) [function, total]
reference-semantics/semantics/builtins.k:197:rule:108	reference-semantics/semantics/builtins.k	197	197	rule		OUT_OF_TARGET_SLICE_FIXED_RULE	NO TARGET IMPACT: cannot match the pinned program's reachable constructors/control states; no false witness asserted	rule evHead42(iCons(42, _:IntSeq)) => true
reference-semantics/semantics/builtins.k:198:rule:109	reference-semantics/semantics/builtins.k	198	198	rule	owise	OUT_OF_TARGET_SLICE_FIXED_RULE	NO TARGET IMPACT: cannot match the pinned program's reachable constructors/control states; no false witness asserted	rule evHead42(_:IntSeq) => false [owise]
reference-semantics/semantics/builtins.k:199:syntax:110	reference-semantics/semantics/builtins.k	199	199	syntax	function,total	OUT_OF_TARGET_SLICE_DECLARATION	NO TARGET IMPACT: fixed-semantics declaration not exercised by the pinned program	syntax Bool ::= evHead47(IntSeq) [function, total]
reference-semantics/semantics/builtins.k:200:rule:111	reference-semantics/semantics/builtins.k	200	200	rule		OUT_OF_TARGET_SLICE_FIXED_RULE	NO TARGET IMPACT: cannot match the pinned program's reachable constructors/control states; no false witness asserted	rule evHead47(iCons(47, _:IntSeq)) => true
reference-semantics/semantics/builtins.k:201:rule:112	reference-semantics/semantics/builtins.k	201	201	rule	owise	OUT_OF_TARGET_SLICE_FIXED_RULE	NO TARGET IMPACT: cannot match the pinned program's reachable constructors/control states; no false witness asserted	rule evHead47(_:IntSeq) => false [owise]
reference-semantics/semantics/builtins.k:203:syntax:113	reference-semantics/semantics/builtins.k	203	203	syntax	function,total	OUT_OF_TARGET_SLICE_DECLARATION	NO TARGET IMPACT: fixed-semantics declaration not exercised by the pinned program	syntax OpSeq ::= tokOps(IntSeq) [function, total]
reference-semantics/semantics/builtins.k:204:rule:114	reference-semantics/semantics/builtins.k	204	204	rule		OUT_OF_TARGET_SLICE_FIXED_RULE	NO TARGET IMPACT: cannot match the pinned program's reachable constructors/control states; no false witness asserted	rule tokOps(.IntSeq) => .OpSeq
reference-semantics/semantics/builtins.k:205:rule:115	reference-semantics/semantics/builtins.k	205	205	rule		OUT_OF_TARGET_SLICE_FIXED_RULE	NO TARGET IMPACT: cannot match the pinned program's reachable constructors/control states; no false witness asserted	rule tokOps(iCons(32, R:IntSeq)) => tokOps(R)
reference-semantics/semantics/builtins.k:206:rule:116	reference-semantics/semantics/builtins.k	206	206	rule		OUT_OF_TARGET_SLICE_FIXED_RULE	NO TARGET IMPACT: cannot match the pinned program's reachable constructors/control states; no false witness asserted	rule tokOps(iCons(C:Int, R:IntSeq)) => tokOps(R) requires evDigit(C)
reference-semantics/semantics/builtins.k:207:rule:117	reference-semantics/semantics/builtins.k	207	207	rule		OUT_OF_TARGET_SLICE_FIXED_RULE	NO TARGET IMPACT: cannot match the pinned program's reachable constructors/control states; no false witness asserted	"rule tokOps(iCons(42, iCons(42, R:IntSeq))) => oCons(""**"", tokOps(R))"
reference-semantics/semantics/builtins.k:208:rule:118	reference-semantics/semantics/builtins.k	208	208	rule		OUT_OF_TARGET_SLICE_FIXED_RULE	NO TARGET IMPACT: cannot match the pinned program's reachable constructors/control states; no false witness asserted	"rule tokOps(iCons(42, R:IntSeq)) => oCons(""*"", tokOps(R)) requires notBool evHead42(R)"
reference-semantics/semantics/builtins.k:209:rule:119	reference-semantics/semantics/builtins.k	209	209	rule		OUT_OF_TARGET_SLICE_FIXED_RULE	NO TARGET IMPACT: cannot match the pinned program's reachable constructors/control states; no false witness asserted	"rule tokOps(iCons(47, iCons(47, R:IntSeq))) => oCons(""//"", tokOps(R))"
reference-semantics/semantics/builtins.k:210:rule:120	reference-semantics/semantics/builtins.k	210	210	rule		OUT_OF_TARGET_SLICE_FIXED_RULE	NO TARGET IMPACT: cannot match the pinned program's reachable constructors/control states; no false witness asserted	"rule tokOps(iCons(47, R:IntSeq)) => oCons(""/"", tokOps(R)) requires notBool evHead47(R)"
reference-semantics/semantics/builtins.k:211:rule:121	reference-semantics/semantics/builtins.k	211	211	rule		OUT_OF_TARGET_SLICE_FIXED_RULE	NO TARGET IMPACT: cannot match the pinned program's reachable constructors/control states; no false witness asserted	"rule tokOps(iCons(43, R:IntSeq)) => oCons(""+"", tokOps(R))"
reference-semantics/semantics/builtins.k:212:rule:122	reference-semantics/semantics/builtins.k	212	212	rule		OUT_OF_TARGET_SLICE_FIXED_RULE	NO TARGET IMPACT: cannot match the pinned program's reachable constructors/control states; no false witness asserted	"rule tokOps(iCons(45, R:IntSeq)) => oCons(""-"", tokOps(R))"
reference-semantics/semantics/builtins.k:214:syntax:123	reference-semantics/semantics/builtins.k	214	215	syntax	function,total	OUT_OF_TARGET_SLICE_DECLARATION	NO TARGET IMPACT: fixed-semantics declaration not exercised by the pinned program	syntax IntSeq ::= tokNds(IntSeq) [function, total] | tokNdAcc(Int, IntSeq) [function, total]
reference-semantics/semantics/builtins.k:216:rule:124	reference-semantics/semantics/builtins.k	216	216	rule		OUT_OF_TARGET_SLICE_FIXED_RULE	NO TARGET IMPACT: cannot match the pinned program's reachable constructors/control states; no false witness asserted	rule tokNds(.IntSeq) => .IntSeq
reference-semantics/semantics/builtins.k:217:rule:125	reference-semantics/semantics/builtins.k	217	217	rule		OUT_OF_TARGET_SLICE_FIXED_RULE	NO TARGET IMPACT: cannot match the pinned program's reachable constructors/control states; no false witness asserted	rule tokNds(iCons(32, R:IntSeq)) => tokNds(R)
reference-semantics/semantics/builtins.k:218:rule:126	reference-semantics/semantics/builtins.k	218	218	rule		OUT_OF_TARGET_SLICE_FIXED_RULE	NO TARGET IMPACT: cannot match the pinned program's reachable constructors/control states; no false witness asserted	rule tokNds(iCons(C:Int, R:IntSeq)) => tokNdAcc(C -Int 48, R) requires evDigit(C)
reference-semantics/semantics/builtins.k:219:rule:127	reference-semantics/semantics/builtins.k	219	220	rule		OUT_OF_TARGET_SLICE_FIXED_RULE	NO TARGET IMPACT: cannot match the pinned program's reachable constructors/control states; no false witness asserted	rule tokNds(iCons(C:Int, R:IntSeq)) => tokNds(R) requires notBool evDigit(C) andBool C =/=Int 32
reference-semantics/semantics/builtins.k:221:rule:128	reference-semantics/semantics/builtins.k	221	222	rule		OUT_OF_TARGET_SLICE_FIXED_RULE	NO TARGET IMPACT: cannot match the pinned program's reachable constructors/control states; no false witness asserted	rule tokNdAcc(A:Int, iCons(C:Int, R:IntSeq)) => tokNdAcc(A *Int 10 +Int (C -Int 48), R) requires evDigit(C)
reference-semantics/semantics/builtins.k:223:rule:129	reference-semantics/semantics/builtins.k	223	223	rule	owise	OUT_OF_TARGET_SLICE_FIXED_RULE	NO TARGET IMPACT: cannot match the pinned program's reachable constructors/control states; no false witness asserted	rule tokNdAcc(A:Int, S:IntSeq) => iCons(A, tokNds(S)) [owise]
reference-semantics/semantics/builtins.k:225:syntax:130	reference-semantics/semantics/builtins.k	225	225	syntax		OUT_OF_TARGET_SLICE_DECLARATION	NO TARGET IMPACT: fixed-semantics declaration not exercised by the pinned program	syntax EvPair ::= evp(OpSeq, IntSeq)
reference-semantics/semantics/builtins.k:226:syntax:131	reference-semantics/semantics/builtins.k	226	226	syntax	function,total	OUT_OF_TARGET_SLICE_DECLARATION	NO TARGET IMPACT: fixed-semantics declaration not exercised by the pinned program	syntax Int ::= firstNdE(EvPair) [function, total]
reference-semantics/semantics/builtins.k:227:rule:132	reference-semantics/semantics/builtins.k	227	227	rule		OUT_OF_TARGET_SLICE_FIXED_RULE	NO TARGET IMPACT: cannot match the pinned program's reachable constructors/control states; no false witness asserted	rule firstNdE(evp(_:OpSeq, iCons(N:Int, _:IntSeq))) => N
reference-semantics/semantics/builtins.k:228:rule:133	reference-semantics/semantics/builtins.k	228	228	rule	owise	OUT_OF_TARGET_SLICE_FIXED_RULE	NO TARGET IMPACT: cannot match the pinned program's reachable constructors/control states; no false witness asserted	rule firstNdE(_:EvPair) => 0 [owise]
reference-semantics/semantics/builtins.k:230:syntax:134	reference-semantics/semantics/builtins.k	230	230	syntax	function,total	OUT_OF_TARGET_SLICE_DECLARATION	NO TARGET IMPACT: fixed-semantics declaration not exercised by the pinned program	syntax Int ::= applyOpE(String, Int, Int) [function, total]
reference-semantics/semantics/builtins.k:231:rule:135	reference-semantics/semantics/builtins.k	231	231	rule		OUT_OF_TARGET_SLICE_FIXED_RULE	NO TARGET IMPACT: cannot match the pinned program's reachable constructors/control states; no false witness asserted	"rule applyOpE(""+"", A:Int, B:Int) => A +Int B"
reference-semantics/semantics/builtins.k:232:rule:136	reference-semantics/semantics/builtins.k	232	232	rule		OUT_OF_TARGET_SLICE_FIXED_RULE	NO TARGET IMPACT: cannot match the pinned program's reachable constructors/control states; no false witness asserted	"rule applyOpE(""-"", A:Int, B:Int) => A -Int B"
reference-semantics/semantics/builtins.k:233:rule:137	reference-semantics/semantics/builtins.k	233	233	rule		OUT_OF_TARGET_SLICE_FIXED_RULE	NO TARGET IMPACT: cannot match the pinned program's reachable constructors/control states; no false witness asserted	"rule applyOpE(""*"", A:Int, B:Int) => A *Int B"
reference-semantics/semantics/builtins.k:234:rule:138	reference-semantics/semantics/builtins.k	234	234	rule		OUT_OF_TARGET_SLICE_FIXED_RULE	NO TARGET IMPACT: cannot match the pinned program's reachable constructors/control states; no false witness asserted	"rule applyOpE(""//"", A:Int, B:Int) => A divInt B"
reference-semantics/semantics/builtins.k:235:rule:139	reference-semantics/semantics/builtins.k	235	235	rule		OUT_OF_TARGET_SLICE_FIXED_RULE	NO TARGET IMPACT: cannot match the pinned program's reachable constructors/control states; no false witness asserted	"rule applyOpE(""**"", A:Int, B:Int) => A ^Int B"
reference-semantics/semantics/builtins.k:236:rule:140	reference-semantics/semantics/builtins.k	236	236	rule	owise	OUT_OF_TARGET_SLICE_FIXED_RULE	NO TARGET IMPACT: cannot match the pinned program's reachable constructors/control states; no false witness asserted	rule applyOpE(_:String, A:Int, _:Int) => A [owise]
reference-semantics/semantics/builtins.k:238:syntax:141	reference-semantics/semantics/builtins.k	238	238	syntax	function,total	OUT_OF_TARGET_SLICE_DECLARATION	NO TARGET IMPACT: fixed-semantics declaration not exercised by the pinned program	syntax EvPair ::= passPowE(OpSeq, IntSeq) [function, total]
reference-semantics/semantics/builtins.k:239:rule:142	reference-semantics/semantics/builtins.k	239	239	rule		OUT_OF_TARGET_SLICE_FIXED_RULE	NO TARGET IMPACT: cannot match the pinned program's reachable constructors/control states; no false witness asserted	rule passPowE(.OpSeq, NDS:IntSeq) => evp(.OpSeq, NDS)
reference-semantics/semantics/builtins.k:240:rule:143	reference-semantics/semantics/builtins.k	240	240	rule		OUT_OF_TARGET_SLICE_FIXED_RULE	NO TARGET IMPACT: cannot match the pinned program's reachable constructors/control states; no false witness asserted	"rule passPowE(oCons(""**"", OPS:OpSeq), iCons(N:Int, NDS:IntSeq)) => powCombE(N, passPowE(OPS, NDS))"
reference-semantics/semantics/builtins.k:241:rule:144	reference-semantics/semantics/builtins.k	241	242	rule		OUT_OF_TARGET_SLICE_FIXED_RULE	NO TARGET IMPACT: cannot match the pinned program's reachable constructors/control states; no false witness asserted	"rule passPowE(oCons(O:String, OPS:OpSeq), iCons(N:Int, NDS:IntSeq)) => powCarryE(O, N, passPowE(OPS, NDS)) requires O =/=String ""**"""
reference-semantics/semantics/builtins.k:243:rule:145	reference-semantics/semantics/builtins.k	243	243	rule	owise	OUT_OF_TARGET_SLICE_FIXED_RULE	NO TARGET IMPACT: cannot match the pinned program's reachable constructors/control states; no false witness asserted	rule passPowE(_:OpSeq, .IntSeq) => evp(.OpSeq, .IntSeq) [owise]
reference-semantics/semantics/builtins.k:244:syntax:146	reference-semantics/semantics/builtins.k	244	244	syntax	function,total	OUT_OF_TARGET_SLICE_DECLARATION	NO TARGET IMPACT: fixed-semantics declaration not exercised by the pinned program	syntax EvPair ::= powCombE(Int, EvPair) [function, total]
reference-semantics/semantics/builtins.k:245:rule:147	reference-semantics/semantics/builtins.k	245	245	rule		OUT_OF_TARGET_SLICE_FIXED_RULE	NO TARGET IMPACT: cannot match the pinned program's reachable constructors/control states; no false witness asserted	rule powCombE(N:Int, evp(OPS:OpSeq, iCons(M:Int, REST:IntSeq))) => evp(OPS, iCons(N ^Int M, REST))
reference-semantics/semantics/builtins.k:246:rule:148	reference-semantics/semantics/builtins.k	246	246	rule		OUT_OF_TARGET_SLICE_FIXED_RULE	NO TARGET IMPACT: cannot match the pinned program's reachable constructors/control states; no false witness asserted	rule powCombE(N:Int, evp(OPS:OpSeq, .IntSeq)) => evp(OPS, iCons(N, .IntSeq))
reference-semantics/semantics/builtins.k:247:syntax:149	reference-semantics/semantics/builtins.k	247	247	syntax	function,total	OUT_OF_TARGET_SLICE_DECLARATION	NO TARGET IMPACT: fixed-semantics declaration not exercised by the pinned program	syntax EvPair ::= powCarryE(String, Int, EvPair) [function, total]
reference-semantics/semantics/builtins.k:248:rule:150	reference-semantics/semantics/builtins.k	248	248	rule		OUT_OF_TARGET_SLICE_FIXED_RULE	NO TARGET IMPACT: cannot match the pinned program's reachable constructors/control states; no false witness asserted	rule powCarryE(O:String, N:Int, evp(OPS:OpSeq, NDS:IntSeq)) => evp(oCons(O, OPS), iCons(N, NDS))
reference-semantics/semantics/builtins.k:250:syntax:151	reference-semantics/semantics/builtins.k	250	250	syntax	function,total	OUT_OF_TARGET_SLICE_DECLARATION	NO TARGET IMPACT: fixed-semantics declaration not exercised by the pinned program	syntax EvPair ::= passMulE(EvPair) [function, total] | passAddE(EvPair) [function, total]
reference-semantics/semantics/builtins.k:251:rule:152	reference-semantics/semantics/builtins.k	251	251	rule		OUT_OF_TARGET_SLICE_FIXED_RULE	NO TARGET IMPACT: cannot match the pinned program's reachable constructors/control states; no false witness asserted	"rule passMulE(evp(OPS:OpSeq, iCons(N0:Int, NDS:IntSeq))) => passLGoE(""mul"", N0, OPS, NDS, .OpSeq, .IntSeq)"
reference-semantics/semantics/builtins.k:252:rule:153	reference-semantics/semantics/builtins.k	252	252	rule		OUT_OF_TARGET_SLICE_FIXED_RULE	NO TARGET IMPACT: cannot match the pinned program's reachable constructors/control states; no false witness asserted	rule passMulE(evp(OPS:OpSeq, .IntSeq)) => evp(OPS, .IntSeq)
reference-semantics/semantics/builtins.k:253:rule:154	reference-semantics/semantics/builtins.k	253	253	rule		OUT_OF_TARGET_SLICE_FIXED_RULE	NO TARGET IMPACT: cannot match the pinned program's reachable constructors/control states; no false witness asserted	"rule passAddE(evp(OPS:OpSeq, iCons(N0:Int, NDS:IntSeq))) => passLGoE(""add"", N0, OPS, NDS, .OpSeq, .IntSeq)"
reference-semantics/semantics/builtins.k:254:rule:155	reference-semantics/semantics/builtins.k	254	254	rule		OUT_OF_TARGET_SLICE_FIXED_RULE	NO TARGET IMPACT: cannot match the pinned program's reachable constructors/control states; no false witness asserted	rule passAddE(evp(OPS:OpSeq, .IntSeq)) => evp(OPS, .IntSeq)
reference-semantics/semantics/builtins.k:255:syntax:156	reference-semantics/semantics/builtins.k	255	255	syntax	function,total	OUT_OF_TARGET_SLICE_DECLARATION	NO TARGET IMPACT: fixed-semantics declaration not exercised by the pinned program	syntax EvPair ::= passLGoE(String, Int, OpSeq, IntSeq, OpSeq, IntSeq) [function, total]
reference-semantics/semantics/builtins.k:256:rule:157	reference-semantics/semantics/builtins.k	256	256	rule		OUT_OF_TARGET_SLICE_FIXED_RULE	NO TARGET IMPACT: cannot match the pinned program's reachable constructors/control states; no false witness asserted	rule passLGoE(_:String, CUR:Int, .OpSeq, _:IntSeq, OO:OpSeq, ON:IntSeq) => evp(OO, appendIE(ON, CUR))
reference-semantics/semantics/builtins.k:257:rule:158	reference-semantics/semantics/builtins.k	257	259	rule		OUT_OF_TARGET_SLICE_FIXED_RULE	NO TARGET IMPACT: cannot match the pinned program's reachable constructors/control states; no false witness asserted	rule passLGoE(L:String, CUR:Int, oCons(O:String, OPS:OpSeq), iCons(N:Int, NDS:IntSeq), OO:OpSeq, ON:IntSeq) => passLGoE(L, applyOpE(O, CUR, N), OPS, NDS, OO, ON) requires inLevelE(L, O)
reference-semantics/semantics/builtins.k:260:rule:159	reference-semantics/semantics/builtins.k	260	262	rule		OUT_OF_TARGET_SLICE_FIXED_RULE	NO TARGET IMPACT: cannot match the pinned program's reachable constructors/control states; no false witness asserted	rule passLGoE(L:String, CUR:Int, oCons(O:String, OPS:OpSeq), iCons(N:Int, NDS:IntSeq), OO:OpSeq, ON:IntSeq) => passLGoE(L, N, OPS, NDS, appendOpE(OO, O), appendIE(ON, CUR)) requires notBool inLevelE(L, O)
reference-semantics/semantics/builtins.k:263:rule:160	reference-semantics/semantics/builtins.k	263	264	rule	owise	OUT_OF_TARGET_SLICE_FIXED_RULE	NO TARGET IMPACT: cannot match the pinned program's reachable constructors/control states; no false witness asserted	rule passLGoE(_:String, CUR:Int, oCons(_:String, _:OpSeq), .IntSeq, OO:OpSeq, ON:IntSeq) => evp(OO, appendIE(ON, CUR)) [owise]
reference-semantics/semantics/builtins.k:265:syntax:161	reference-semantics/semantics/builtins.k	265	265	syntax	function,total	OUT_OF_TARGET_SLICE_DECLARATION	NO TARGET IMPACT: fixed-semantics declaration not exercised by the pinned program	syntax Bool ::= inLevelE(String, String) [function, total]
reference-semantics/semantics/builtins.k:266:rule:162	reference-semantics/semantics/builtins.k	266	266	rule		OUT_OF_TARGET_SLICE_FIXED_RULE	NO TARGET IMPACT: cannot match the pinned program's reachable constructors/control states; no false witness asserted	"rule inLevelE(""mul"", O:String) => O ==String ""*"" orBool O ==String ""//"" orBool O ==String ""/"""
reference-semantics/semantics/builtins.k:267:rule:163	reference-semantics/semantics/builtins.k	267	267	rule		OUT_OF_TARGET_SLICE_FIXED_RULE	NO TARGET IMPACT: cannot match the pinned program's reachable constructors/control states; no false witness asserted	"rule inLevelE(""add"", O:String) => O ==String ""+"" orBool O ==String ""-"""
reference-semantics/semantics/builtins.k:268:rule:164	reference-semantics/semantics/builtins.k	268	268	rule	owise	OUT_OF_TARGET_SLICE_FIXED_RULE	NO TARGET IMPACT: cannot match the pinned program's reachable constructors/control states; no false witness asserted	rule inLevelE(_:String, _:String) => false [owise]
reference-semantics/semantics/builtins.k:269:syntax:165	reference-semantics/semantics/builtins.k	269	269	syntax	function,total	OUT_OF_TARGET_SLICE_DECLARATION	NO TARGET IMPACT: fixed-semantics declaration not exercised by the pinned program	syntax OpSeq ::= appendOpE(OpSeq, String) [function, total]
reference-semantics/semantics/builtins.k:270:rule:166	reference-semantics/semantics/builtins.k	270	270	rule		OUT_OF_TARGET_SLICE_FIXED_RULE	NO TARGET IMPACT: cannot match the pinned program's reachable constructors/control states; no false witness asserted	rule appendOpE(.OpSeq, O:String) => oCons(O, .OpSeq)
reference-semantics/semantics/builtins.k:271:rule:167	reference-semantics/semantics/builtins.k	271	271	rule		OUT_OF_TARGET_SLICE_FIXED_RULE	NO TARGET IMPACT: cannot match the pinned program's reachable constructors/control states; no false witness asserted	rule appendOpE(oCons(H:String, T:OpSeq), O:String) => oCons(H, appendOpE(T, O))
reference-semantics/semantics/builtins.k:272:syntax:168	reference-semantics/semantics/builtins.k	272	272	syntax	function,total	OUT_OF_TARGET_SLICE_DECLARATION	NO TARGET IMPACT: fixed-semantics declaration not exercised by the pinned program	syntax IntSeq ::= appendIE(IntSeq, Int) [function, total]
reference-semantics/semantics/builtins.k:273:rule:169	reference-semantics/semantics/builtins.k	273	273	rule		OUT_OF_TARGET_SLICE_FIXED_RULE	NO TARGET IMPACT: cannot match the pinned program's reachable constructors/control states; no false witness asserted	rule appendIE(.IntSeq, N:Int) => iCons(N, .IntSeq)
reference-semantics/semantics/builtins.k:274:rule:170	reference-semantics/semantics/builtins.k	274	274	rule		OUT_OF_TARGET_SLICE_FIXED_RULE	NO TARGET IMPACT: cannot match the pinned program's reachable constructors/control states; no false witness asserted	rule appendIE(iCons(H:Int, T:IntSeq), N:Int) => iCons(H, appendIE(T, N))
reference-semantics/semantics/builtins.k:279:syntax:171	reference-semantics/semantics/builtins.k	279	279	syntax		OUT_OF_TARGET_SLICE_DECLARATION	NO TARGET IMPACT: fixed-semantics declaration not exercised by the pinned program	"syntax KItem ::= ""#md5"""
reference-semantics/semantics/builtins.k:280:rule:172	reference-semantics/semantics/builtins.k	280	281	rule	priority	OUT_OF_TARGET_SLICE_FIXED_RULE	NO TARGET IMPACT: cannot match the pinned program's reachable constructors/control states; no false witness asserted	"rule <k> Call(Attribute(Name(""hashlib""), ""md5""), (E:Expr, .Exprs)) => E ~> #md5 ... </k> [priority(40)]"
reference-semantics/semantics/builtins.k:282:rule:173	reference-semantics/semantics/builtins.k	282	282	rule		OUT_OF_TARGET_SLICE_FIXED_RULE	NO TARGET IMPACT: cannot match the pinned program's reachable constructors/control states; no false witness asserted	rule <k> str(CS:IntSeq) ~> #md5 => md5Obj(CS) ... </k>
reference-semantics/semantics/builtins.k:283:syntax:174	reference-semantics/semantics/builtins.k	283	283	syntax		OUT_OF_TARGET_SLICE_DECLARATION	NO TARGET IMPACT: fixed-semantics declaration not exercised by the pinned program	syntax Val ::= md5Obj(IntSeq)
reference-semantics/semantics/builtins.k:284:rule:175	reference-semantics/semantics/builtins.k	284	284	rule		OUT_OF_TARGET_SLICE_FIXED_RULE	NO TARGET IMPACT: cannot match the pinned program's reachable constructors/control states; no false witness asserted	"rule applyMethod(md5Obj(CS:IntSeq), ""hexdigest"", .Vals) => str(md5hexCodes(CS))"
reference-semantics/semantics/builtins.k:285:syntax:176	reference-semantics/semantics/builtins.k	285	285	syntax	function,total,no-evaluators,symbol	OUT_OF_TARGET_SLICE_DECLARATION	NO TARGET IMPACT: fixed-semantics declaration not exercised by the pinned program	syntax IntSeq ::= md5hexCodes(IntSeq) [function, total, symbol(md5hexCodes), no-evaluators]
reference-semantics/semantics/builtins.k:291:rule:177	reference-semantics/semantics/builtins.k	291	291	rule		OUT_OF_TARGET_SLICE_FIXED_RULE	NO TARGET IMPACT: cannot match the pinned program's reachable constructors/control states; no false witness asserted	"rule applyBuiltin(""isinstance"", V:Val, typeV(""int""), .Vals) => isIntV(V)"
reference-semantics/semantics/builtins.k:292:rule:178	reference-semantics/semantics/builtins.k	292	292	rule		OUT_OF_TARGET_SLICE_FIXED_RULE	NO TARGET IMPACT: cannot match the pinned program's reachable constructors/control states; no false witness asserted	"rule applyBuiltin(""isinstance"", V:Val, typeV(""str""), .Vals) => isStrV(V)"
reference-semantics/semantics/builtins.k:293:syntax:179	reference-semantics/semantics/builtins.k	293	293	syntax	function	OUT_OF_TARGET_SLICE_DECLARATION	NO TARGET IMPACT: fixed-semantics declaration not exercised by the pinned program	syntax Bool ::= isIntV(Val) [function] | isStrV(Val) [function]
reference-semantics/semantics/builtins.k:294:rule:180	reference-semantics/semantics/builtins.k	294	294	rule		OUT_OF_TARGET_SLICE_FIXED_RULE	NO TARGET IMPACT: cannot match the pinned program's reachable constructors/control states; no false witness asserted	rule isIntV(_:Int) => true
reference-semantics/semantics/builtins.k:295:rule:181	reference-semantics/semantics/builtins.k	295	295	rule	owise	OUT_OF_TARGET_SLICE_FIXED_RULE	NO TARGET IMPACT: cannot match the pinned program's reachable constructors/control states; no false witness asserted	rule isIntV(_:Val) => false [owise]
reference-semantics/semantics/builtins.k:296:rule:182	reference-semantics/semantics/builtins.k	296	296	rule		OUT_OF_TARGET_SLICE_FIXED_RULE	NO TARGET IMPACT: cannot match the pinned program's reachable constructors/control states; no false witness asserted	rule isStrV(str(_:IntSeq)) => true
reference-semantics/semantics/builtins.k:297:rule:183	reference-semantics/semantics/builtins.k	297	297	rule	owise	OUT_OF_TARGET_SLICE_FIXED_RULE	NO TARGET IMPACT: cannot match the pinned program's reachable constructors/control states; no false witness asserted	rule isStrV(_:Val) => false [owise]
reference-semantics/semantics/builtins.k:298:endmodule:184	reference-semantics/semantics/builtins.k	298	298	endmodule		FIXED_SCAFFOLD	NO TARGET IMPACT: assembly/module/import scaffolding	endmodule
reference-semantics/semantics/call.k:10:module:1	reference-semantics/semantics/call.k	10	10	module		MATERIAL_SCAFFOLD	ACCEPT: fixed-semantics module/import scaffolding	module MPY-CALL
reference-semantics/semantics/call.k:11:imports:2	reference-semantics/semantics/call.k	11	11	imports		MATERIAL_SCAFFOLD	ACCEPT: fixed-semantics module/import scaffolding	imports MPY-METHODS
reference-semantics/semantics/call.k:12:imports:3	reference-semantics/semantics/call.k	12	12	imports		MATERIAL_SCAFFOLD	ACCEPT: fixed-semantics module/import scaffolding	imports MPY-BUILTINS
reference-semantics/semantics/call.k:13:imports:4	reference-semantics/semantics/call.k	13	13	imports		MATERIAL_SCAFFOLD	ACCEPT: fixed-semantics module/import scaffolding	imports MPY-FUNCTIONS
reference-semantics/semantics/call.k:16:rule:5	reference-semantics/semantics/call.k	16	16	rule		MATERIAL_FIXED_SEMANTICS	ACCEPT: manually reviewed in the reachable semantic slice; matches the intended material operation	rule <k> Attribute(V:Val, M:String) => boundMethodV(V, M) ... </k>
reference-semantics/semantics/call.k:19:syntax:6	reference-semantics/semantics/call.k	19	19	syntax		MATERIAL_DECLARATION	ACCEPT: declaration/strictness for a constructor or value used by the pinned program	syntax KItem ::= #callee(Exprs)
reference-semantics/semantics/call.k:20:rule:7	reference-semantics/semantics/call.k	20	20	rule	owise	MATERIAL_FIXED_SEMANTICS	ACCEPT: manually reviewed in the reachable semantic slice; matches the intended material operation	rule <k> Call(Fe:Expr, ARGS:Exprs) => Fe ~> #callee(ARGS) ... </k> [owise]
reference-semantics/semantics/call.k:21:rule:8	reference-semantics/semantics/call.k	21	21	rule		MATERIAL_FIXED_SEMANTICS	ACCEPT: manually reviewed in the reachable semantic slice; matches the intended material operation	rule <k> CV:Val ~> #callee(ARGS:Exprs) => #evalArgs(ARGS, .Vals, toCall(CV)) ... </k>
reference-semantics/semantics/call.k:24:rule:9	reference-semantics/semantics/call.k	24	24	rule		OUT_OF_TARGET_SLICE_FIXED_RULE	NO TARGET IMPACT: cannot match the pinned program's reachable constructors/control states; no false witness asserted	rule <k> #applyK(toCall(boundMethodV(OBJ:Val, M:String)), ACC:Vals) => applyMethod(OBJ, M, ACC) ... </k>
reference-semantics/semantics/call.k:26:rule:10	reference-semantics/semantics/call.k	26	26	rule		OUT_OF_TARGET_SLICE_FIXED_RULE	NO TARGET IMPACT: cannot match the pinned program's reachable constructors/control states; no false witness asserted	"rule <k> #applyK(toCall(builtinV(""sum"")), (OBJ:Iterable, .Vals)) => #sumAcc(OBJ, 0) ... </k>"
reference-semantics/semantics/call.k:27:rule:11	reference-semantics/semantics/call.k	27	27	rule		OUT_OF_TARGET_SLICE_FIXED_RULE	NO TARGET IMPACT: cannot match the pinned program's reachable constructors/control states; no false witness asserted	"rule <k> #applyK(toCall(builtinV(""all"")), (OBJ:Iterable, .Vals)) => #allAcc(OBJ) ... </k>"
reference-semantics/semantics/call.k:28:rule:12	reference-semantics/semantics/call.k	28	28	rule		OUT_OF_TARGET_SLICE_FIXED_RULE	NO TARGET IMPACT: cannot match the pinned program's reachable constructors/control states; no false witness asserted	"rule <k> #applyK(toCall(builtinV(""any"")), (OBJ:Iterable, .Vals)) => #anyAcc(OBJ) ... </k>"
reference-semantics/semantics/call.k:29:rule:13	reference-semantics/semantics/call.k	29	29	rule		OUT_OF_TARGET_SLICE_FIXED_RULE	NO TARGET IMPACT: cannot match the pinned program's reachable constructors/control states; no false witness asserted	"rule <k> #applyK(toCall(builtinV(""max"")), (OBJ:Iterable, .Vals)) => #maxAcc0(OBJ) ... </k>"
reference-semantics/semantics/call.k:30:rule:14	reference-semantics/semantics/call.k	30	30	rule		OUT_OF_TARGET_SLICE_FIXED_RULE	NO TARGET IMPACT: cannot match the pinned program's reachable constructors/control states; no false witness asserted	"rule <k> #applyK(toCall(builtinV(""min"")), (OBJ:Iterable, .Vals)) => #minAcc0(OBJ) ... </k>"
reference-semantics/semantics/call.k:31:rule:15	reference-semantics/semantics/call.k	31	31	rule	owise	OUT_OF_TARGET_SLICE_FIXED_RULE	NO TARGET IMPACT: cannot match the pinned program's reachable constructors/control states; no false witness asserted	rule <k> #applyK(toCall(builtinV(BN:String)), ACC:Vals) => applyBuiltin(BN, ACC) ... </k> [owise]
reference-semantics/semantics/call.k:32:rule:16	reference-semantics/semantics/call.k	32	32	rule		OUT_OF_TARGET_SLICE_FIXED_RULE	NO TARGET IMPACT: cannot match the pinned program's reachable constructors/control states; no false witness asserted	rule <k> #applyK(toCall(typeV(T:String)), ACC:Vals) => applyBuiltin(T, ACC) ... </k>
reference-semantics/semantics/call.k:38:rule:17	reference-semantics/semantics/call.k	38	41	rule	priority	OUT_OF_TARGET_SLICE_FIXED_RULE	NO TARGET IMPACT: cannot match the pinned program's reachable constructors/control states; no false witness asserted	rule <k> #applyK(toCall(builtinV(BN:String)), (ref(H:Int), REST:Vals)) => #applyK(toCall(builtinV(BN)), (V, REST)) ... </k> <heap> ... H |-> V:Val ... </heap> [priority(40)]
reference-semantics/semantics/call.k:42:rule:18	reference-semantics/semantics/call.k	42	46	rule	priority	OUT_OF_TARGET_SLICE_FIXED_RULE	NO TARGET IMPACT: cannot match the pinned program's reachable constructors/control states; no false witness asserted	rule <k> #applyK(toCall(builtinV(BN:String)), (A:Val, ref(H:Int), REST:Vals)) => #applyK(toCall(builtinV(BN)), (A, V, REST)) ... </k> <heap> ... H |-> V:Val ... </heap> requires notBool isRefV(A) [priority(40)]
reference-semantics/semantics/call.k:47:rule:19	reference-semantics/semantics/call.k	47	50	rule	priority	OUT_OF_TARGET_SLICE_FIXED_RULE	NO TARGET IMPACT: cannot match the pinned program's reachable constructors/control states; no false witness asserted	rule <k> #applyK(toCall(typeV(T:String)), (ref(H:Int), REST:Vals)) => #applyK(toCall(typeV(T)), (V, REST)) ... </k> <heap> ... H |-> V:Val ... </heap> [priority(40)]
reference-semantics/semantics/call.k:52:syntax:20	reference-semantics/semantics/call.k	52	52	syntax	function,total	OUT_OF_TARGET_SLICE_DECLARATION	NO TARGET IMPACT: fixed-semantics declaration not exercised by the pinned program	syntax Bool ::= isMutMethod(String) [function, total]
reference-semantics/semantics/call.k:53:rule:21	reference-semantics/semantics/call.k	53	55	rule		OUT_OF_TARGET_SLICE_FIXED_RULE	NO TARGET IMPACT: cannot match the pinned program's reachable constructors/control states; no false witness asserted	"rule isMutMethod(M:String) => M ==String ""append"" orBool M ==String ""sort"" orBool M ==String ""extend"" orBool M ==String ""insert"" orBool M ==String ""pop"" orBool M ==String ""remove"""
reference-semantics/semantics/call.k:56:rule:22	reference-semantics/semantics/call.k	56	60	rule	priority	OUT_OF_TARGET_SLICE_FIXED_RULE	NO TARGET IMPACT: cannot match the pinned program's reachable constructors/control states; no false witness asserted	rule <k> #applyK(toCall(boundMethodV(ref(H:Int), M:String)), ACC:Vals) => #applyK(toCall(boundMethodV(V, M)), ACC) ... </k> <heap> ... H |-> V:Val ... </heap> requires notBool isMutMethod(M) [priority(40)]
reference-semantics/semantics/call.k:63:rule:23	reference-semantics/semantics/call.k	63	67	rule	priority	OUT_OF_TARGET_SLICE_FIXED_RULE	NO TARGET IMPACT: cannot match the pinned program's reachable constructors/control states; no false witness asserted	rule <k> #applyK(toCall(boundMethodV(OBJ:Val, M:String)), (ref(H:Int), REST:Vals)) => #applyK(toCall(boundMethodV(OBJ, M)), (V, REST)) ... </k> <heap> ... H |-> V:Val ... </heap> requires notBool isMutMethod(M) andBool notBool isRefV(OBJ) [priority(40)]
reference-semantics/semantics/call.k:69:rule:24	reference-semantics/semantics/call.k	69	74	rule		MATERIAL_FIXED_SEMANTICS	ACCEPT: manually reviewed in the reachable semantic slice; matches the intended material operation	rule <k> #applyK(toCall(closureVal(PNS:ParamNames, BODY:Stmts, DEFL:Int)), ACC:Vals) ~> CONT => #bindP(PNS, ACC) ~> BODY ~> #endcall </k> <env> CALLERL:Int => NEWL </env> <scopes> STORE:Map => STORE [ NEWL <- scope(.Map, parent(DEFL)) ] </scopes> <scopeLoc> NEWL:Int => NEWL +Int 1 </scopeLoc> <stack> .List => ListItem(frame(CONT, CALLERL, NEWL)) ... </stack>
reference-semantics/semantics/call.k:80:rule:25	reference-semantics/semantics/call.k	80	85	rule		OUT_OF_TARGET_SLICE_FIXED_RULE	NO TARGET IMPACT: cannot match the pinned program's reachable constructors/control states; no false witness asserted	"rule <k> #applyK(toCall(closureValC(PNS:ParamNames, CVS:ParamNames, BODY:Stmts, CM:Map)), ACC:Vals) ~> CONT => #allocCells(CVS) ~> #bindP(PNS, ACC) ~> BODY ~> #endcall </k> <env> CALLERL:Int => NEWL </env> <scopes> STORE:Map => STORE [ NEWL <- scope(CM [ ""$cells"" <- cellsMark(CVS) ], parent(0)) ] </scopes> <scopeLoc> NEWL:Int => NEWL +Int 1 </scopeLoc> <stack> .List => ListItem(frame(CONT, CALLERL, NEWL)) ... </stack>"
reference-semantics/semantics/call.k:87:syntax:26	reference-semantics/semantics/call.k	87	87	syntax		OUT_OF_TARGET_SLICE_DECLARATION	NO TARGET IMPACT: fixed-semantics declaration not exercised by the pinned program	syntax KItem ::= #allocCells(ParamNames)
reference-semantics/semantics/call.k:88:rule:27	reference-semantics/semantics/call.k	88	88	rule		OUT_OF_TARGET_SLICE_FIXED_RULE	NO TARGET IMPACT: cannot match the pinned program's reachable constructors/control states; no false witness asserted	rule <k> #allocCells(.ParamNames) => .K ... </k>
reference-semantics/semantics/call.k:89:rule:28	reference-semantics/semantics/call.k	89	94	rule		OUT_OF_TARGET_SLICE_FIXED_RULE	NO TARGET IMPACT: cannot match the pinned program's reachable constructors/control states; no false witness asserted	rule <k> #allocCells((CV:String, R:ParamNames)) => #allocCells(R) ... </k> <env> L:Int </env> <scopes> ... L |-> scope(M:Map => M [ CV <- cellRef(N) ], _) ... </scopes> <heap> H:Map => (N |-> cellV(noneV)) H </heap> <heapLoc> N:Int => N +Int 1 </heapLoc> requires notBool N in_keys(H)
reference-semantics/semantics/call.k:95:endmodule:29	reference-semantics/semantics/call.k	95	95	endmodule		FIXED_SCAFFOLD	NO TARGET IMPACT: assembly/module/import scaffolding	endmodule
reference-semantics/semantics/comprehension.k:3:module:1	reference-semantics/semantics/comprehension.k	3	3	module		FIXED_SCAFFOLD	NO TARGET IMPACT: assembly/module/import scaffolding	module MPY-COMPREHENSION
reference-semantics/semantics/comprehension.k:4:imports:2	reference-semantics/semantics/comprehension.k	4	4	imports		FIXED_SCAFFOLD	NO TARGET IMPACT: assembly/module/import scaffolding	imports MPY-CORE
reference-semantics/semantics/comprehension.k:5:imports:3	reference-semantics/semantics/comprehension.k	5	5	imports		FIXED_SCAFFOLD	NO TARGET IMPACT: assembly/module/import scaffolding	imports MPY-OPERATORS
reference-semantics/semantics/comprehension.k:6:imports:4	reference-semantics/semantics/comprehension.k	6	6	imports		FIXED_SCAFFOLD	NO TARGET IMPACT: assembly/module/import scaffolding	imports MPY-LIST
reference-semantics/semantics/comprehension.k:7:imports:5	reference-semantics/semantics/comprehension.k	7	7	imports		FIXED_SCAFFOLD	NO TARGET IMPACT: assembly/module/import scaffolding	imports MPY-CONTROLS
reference-semantics/semantics/comprehension.k:8:imports:6	reference-semantics/semantics/comprehension.k	8	8	imports		FIXED_SCAFFOLD	NO TARGET IMPACT: assembly/module/import scaffolding	imports MPY-FUNCTIONS
reference-semantics/semantics/comprehension.k:11:rule:7	reference-semantics/semantics/comprehension.k	11	11	rule		OUT_OF_TARGET_SLICE_FIXED_RULE	NO TARGET IMPACT: cannot match the pinned program's reachable constructors/control states; no false witness asserted	rule ListComp(ELT:Expr, Gs:CompFors) => Call(closureExpr(.ParamNames, compBody(Gs, ELT)), .Exprs)
reference-semantics/semantics/comprehension.k:12:rule:8	reference-semantics/semantics/comprehension.k	12	12	rule		OUT_OF_TARGET_SLICE_FIXED_RULE	NO TARGET IMPACT: cannot match the pinned program's reachable constructors/control states; no false witness asserted	rule GenExp(ELT:Expr, Gs:CompFors) => Call(closureExpr(.ParamNames, compBody(Gs, ELT)), .Exprs)
reference-semantics/semantics/comprehension.k:14:syntax:9	reference-semantics/semantics/comprehension.k	14	14	syntax	macro	OUT_OF_TARGET_SLICE_DECLARATION	NO TARGET IMPACT: fixed-semantics declaration not exercised by the pinned program	syntax Stmts ::= compBody(CompFors, Expr) [macro]
reference-semantics/semantics/comprehension.k:15:rule:10	reference-semantics/semantics/comprehension.k	15	16	rule		OUT_OF_TARGET_SLICE_FIXED_RULE	NO TARGET IMPACT: cannot match the pinned program's reachable constructors/control states; no false witness asserted	"rule compBody(Gs:CompFors, ELT:Expr) => Assign(Name(""$acc""), ListExpr(.Exprs)) compNest(Gs, ELT) Return(Name(""$acc""))"
reference-semantics/semantics/comprehension.k:18:syntax:11	reference-semantics/semantics/comprehension.k	18	18	syntax	macro	OUT_OF_TARGET_SLICE_DECLARATION	NO TARGET IMPACT: fixed-semantics declaration not exercised by the pinned program	syntax Stmt ::= compNest(CompFors, Expr) [macro-rec]
reference-semantics/semantics/comprehension.k:19:rule:12	reference-semantics/semantics/comprehension.k	19	20	rule		OUT_OF_TARGET_SLICE_FIXED_RULE	NO TARGET IMPACT: cannot match the pinned program's reachable constructors/control states; no false witness asserted	"rule compNest(.CompFors, ELT:Expr) => Assign(Name(""$acc""), BinOp(""+"", Name(""$acc""), ListExpr(ELT)))"
reference-semantics/semantics/comprehension.k:21:rule:13	reference-semantics/semantics/comprehension.k	21	22	rule		OUT_OF_TARGET_SLICE_FIXED_RULE	NO TARGET IMPACT: cannot match the pinned program's reachable constructors/control states; no false witness asserted	rule compNest((CompFor(T:Expr, ITER:Expr, Fs:Exprs) GRest:CompFors), ELT:Expr) => For(T, ITER, If(compGuard(Fs), compNest(GRest, ELT), .Stmts))
reference-semantics/semantics/comprehension.k:24:syntax:14	reference-semantics/semantics/comprehension.k	24	24	syntax	macro	OUT_OF_TARGET_SLICE_DECLARATION	NO TARGET IMPACT: fixed-semantics declaration not exercised by the pinned program	syntax Expr ::= compGuard(Exprs) [macro]
reference-semantics/semantics/comprehension.k:25:rule:15	reference-semantics/semantics/comprehension.k	25	25	rule		OUT_OF_TARGET_SLICE_FIXED_RULE	NO TARGET IMPACT: cannot match the pinned program's reachable constructors/control states; no false witness asserted	rule compGuard(.Exprs) => Bool(true)
reference-semantics/semantics/comprehension.k:26:rule:16	reference-semantics/semantics/comprehension.k	26	26	rule		OUT_OF_TARGET_SLICE_FIXED_RULE	NO TARGET IMPACT: cannot match the pinned program's reachable constructors/control states; no false witness asserted	"rule compGuard((F:Expr, Fs:Exprs)) => BoolOp(""and"", (F, Fs))"
reference-semantics/semantics/comprehension.k:27:endmodule:17	reference-semantics/semantics/comprehension.k	27	27	endmodule		FIXED_SCAFFOLD	NO TARGET IMPACT: assembly/module/import scaffolding	endmodule
reference-semantics/semantics/concrete.k:8:module:1	reference-semantics/semantics/concrete.k	8	8	module		FIXED_SCAFFOLD	NO TARGET IMPACT: assembly/module/import scaffolding	module MPY-CONCRETE
reference-semantics/semantics/concrete.k:9:imports:2	reference-semantics/semantics/concrete.k	9	9	imports		FIXED_SCAFFOLD	NO TARGET IMPACT: assembly/module/import scaffolding	imports MPY
reference-semantics/semantics/concrete.k:13:rule:3	reference-semantics/semantics/concrete.k	13	15	rule		OUT_OF_TARGET_SLICE_FIXED_RULE	NO TARGET IMPACT: cannot match the pinned program's reachable constructors/control states; no false witness asserted	"rule <k> Compare(list(A:ValSeq), CmpOp(""=="", list(B:ValSeq))) => deepEqVS(A, B, HP) ... </k> <heap> HP:Map </heap> requires hasRefVS(A) orBool hasRefVS(B)"
reference-semantics/semantics/concrete.k:16:rule:4	reference-semantics/semantics/concrete.k	16	18	rule		OUT_OF_TARGET_SLICE_FIXED_RULE	NO TARGET IMPACT: cannot match the pinned program's reachable constructors/control states; no false witness asserted	"rule <k> Compare(list(A:ValSeq), CmpOp(""!="", list(B:ValSeq))) => notBool deepEqVS(A, B, HP) ... </k> <heap> HP:Map </heap> requires hasRefVS(A) orBool hasRefVS(B)"
reference-semantics/semantics/concrete.k:25:syntax:5	reference-semantics/semantics/concrete.k	25	25	syntax		OUT_OF_TARGET_SLICE_DECLARATION	NO TARGET IMPACT: fixed-semantics declaration not exercised by the pinned program	syntax Val ::= kvP(Val, Val)
reference-semantics/semantics/concrete.k:26:syntax:6	reference-semantics/semantics/concrete.k	26	27	syntax		OUT_OF_TARGET_SLICE_DECLARATION	NO TARGET IMPACT: fixed-semantics declaration not exercised by the pinned program	syntax KItem ::= #ksort(ValSeq, Val, ValSeq, Bool) | #ksIns(Val, ValSeq, Val, ValSeq, Bool)
reference-semantics/semantics/concrete.k:28:rule:7	reference-semantics/semantics/concrete.k	28	30	rule	priority	OUT_OF_TARGET_SLICE_FIXED_RULE	NO TARGET IMPACT: cannot match the pinned program's reachable constructors/control states; no false witness asserted	"rule <k> #applyK(toCall(builtinV(""sorted"")), (list(VS:ValSeq), kwV(""key"", KV:Val), .Vals)) => #ksort(VS, KV, .ValSeq, false) ... </k> [priority(40)]"
reference-semantics/semantics/concrete.k:31:rule:8	reference-semantics/semantics/concrete.k	31	33	rule	priority	OUT_OF_TARGET_SLICE_FIXED_RULE	NO TARGET IMPACT: cannot match the pinned program's reachable constructors/control states; no false witness asserted	"rule <k> #applyK(toCall(builtinV(""sorted"")), (list(VS:ValSeq), kwV(""key"", KV:Val), kwV(""reverse"", RB:Bool), .Vals)) => #ksort(VS, KV, .ValSeq, RB) ... </k> [priority(40)]"
reference-semantics/semantics/concrete.k:34:rule:9	reference-semantics/semantics/concrete.k	34	35	rule		OUT_OF_TARGET_SLICE_FIXED_RULE	NO TARGET IMPACT: cannot match the pinned program's reachable constructors/control states; no false witness asserted	rule <k> #ksort(.ValSeq, _:Val, ACC:ValSeq, RB:Bool) => #alloc(list(condRev(unpairVS(ACC), RB))) ... </k>
reference-semantics/semantics/concrete.k:36:rule:10	reference-semantics/semantics/concrete.k	36	37	rule		OUT_OF_TARGET_SLICE_FIXED_RULE	NO TARGET IMPACT: cannot match the pinned program's reachable constructors/control states; no false witness asserted	rule <k> #ksort(vCons(V:Val, R:ValSeq), KV:Val, ACC:ValSeq, RB:Bool) => KV ~> #callee((V, .Exprs)) ~> #ksIns(V, R, KV, ACC, RB) ... </k>
reference-semantics/semantics/concrete.k:38:rule:11	reference-semantics/semantics/concrete.k	38	40	rule		OUT_OF_TARGET_SLICE_FIXED_RULE	NO TARGET IMPACT: cannot match the pinned program's reachable constructors/control states; no false witness asserted	rule <k> K:Val ~> #ksIns(V:Val, R:ValSeq, KV:Val, ACC:ValSeq, RB:Bool) => #ksort(R, KV, insPair(ACC, K, V), RB) ... </k> requires notBool isKwV(K)
reference-semantics/semantics/concrete.k:42:syntax:12	reference-semantics/semantics/concrete.k	42	42	syntax	function	OUT_OF_TARGET_SLICE_DECLARATION	NO TARGET IMPACT: fixed-semantics declaration not exercised by the pinned program	syntax ValSeq ::= insPair(ValSeq, Val, Val) [function]
reference-semantics/semantics/concrete.k:43:rule:13	reference-semantics/semantics/concrete.k	43	43	rule		OUT_OF_TARGET_SLICE_FIXED_RULE	NO TARGET IMPACT: cannot match the pinned program's reachable constructors/control states; no false witness asserted	rule insPair(.ValSeq, K:Val, V:Val) => vCons(kvP(K, V), .ValSeq)
reference-semantics/semantics/concrete.k:44:rule:14	reference-semantics/semantics/concrete.k	44	46	rule		OUT_OF_TARGET_SLICE_FIXED_RULE	NO TARGET IMPACT: cannot match the pinned program's reachable constructors/control states; no false witness asserted	rule insPair(vCons(kvP(K2:Val, V2:Val), R:ValSeq), K:Val, V:Val) => vCons(kvP(K, V), vCons(kvP(K2, V2), R)) requires kLt(K, K2)
reference-semantics/semantics/concrete.k:47:rule:15	reference-semantics/semantics/concrete.k	47	49	rule		OUT_OF_TARGET_SLICE_FIXED_RULE	NO TARGET IMPACT: cannot match the pinned program's reachable constructors/control states; no false witness asserted	rule insPair(vCons(kvP(K2:Val, V2:Val), R:ValSeq), K:Val, V:Val) => vCons(kvP(K2, V2), insPair(R, K, V)) requires notBool kLt(K, K2)
reference-semantics/semantics/concrete.k:51:syntax:16	reference-semantics/semantics/concrete.k	51	51	syntax	function	OUT_OF_TARGET_SLICE_DECLARATION	NO TARGET IMPACT: fixed-semantics declaration not exercised by the pinned program	syntax Bool ::= kLt(Val, Val) [function]
reference-semantics/semantics/concrete.k:52:rule:17	reference-semantics/semantics/concrete.k	52	52	rule		OUT_OF_TARGET_SLICE_FIXED_RULE	NO TARGET IMPACT: cannot match the pinned program's reachable constructors/control states; no false witness asserted	rule kLt(I1:Int, I2:Int) => I1 <Int I2
reference-semantics/semantics/concrete.k:53:rule:18	reference-semantics/semantics/concrete.k	53	53	rule		OUT_OF_TARGET_SLICE_FIXED_RULE	NO TARGET IMPACT: cannot match the pinned program's reachable constructors/control states; no false witness asserted	rule kLt(F1:Float, F2:Float) => F1 <Float F2
reference-semantics/semantics/concrete.k:54:rule:19	reference-semantics/semantics/concrete.k	54	54	rule		OUT_OF_TARGET_SLICE_FIXED_RULE	NO TARGET IMPACT: cannot match the pinned program's reachable constructors/control states; no false witness asserted	rule kLt(str(A:IntSeq), str(B:IntSeq)) => strLt(A, B)
reference-semantics/semantics/concrete.k:56:syntax:20	reference-semantics/semantics/concrete.k	56	56	syntax	function,total	OUT_OF_TARGET_SLICE_DECLARATION	NO TARGET IMPACT: fixed-semantics declaration not exercised by the pinned program	syntax ValSeq ::= unpairVS(ValSeq) [function, total]
reference-semantics/semantics/concrete.k:57:rule:21	reference-semantics/semantics/concrete.k	57	57	rule		OUT_OF_TARGET_SLICE_FIXED_RULE	NO TARGET IMPACT: cannot match the pinned program's reachable constructors/control states; no false witness asserted	rule unpairVS(.ValSeq) => .ValSeq
reference-semantics/semantics/concrete.k:58:rule:22	reference-semantics/semantics/concrete.k	58	58	rule		OUT_OF_TARGET_SLICE_FIXED_RULE	NO TARGET IMPACT: cannot match the pinned program's reachable constructors/control states; no false witness asserted	rule unpairVS(vCons(kvP(_:Val, V:Val), R:ValSeq)) => vCons(V, unpairVS(R))
reference-semantics/semantics/concrete.k:59:rule:23	reference-semantics/semantics/concrete.k	59	59	rule	owise	OUT_OF_TARGET_SLICE_FIXED_RULE	NO TARGET IMPACT: cannot match the pinned program's reachable constructors/control states; no false witness asserted	rule unpairVS(vCons(V:Val, R:ValSeq)) => vCons(V, unpairVS(R)) [owise]
reference-semantics/semantics/concrete.k:60:endmodule:24	reference-semantics/semantics/concrete.k	60	60	endmodule		FIXED_SCAFFOLD	NO TARGET IMPACT: assembly/module/import scaffolding	endmodule
reference-semantics/semantics/controls.k:3:module:1	reference-semantics/semantics/controls.k	3	3	module		MATERIAL_SCAFFOLD	ACCEPT: fixed-semantics module/import scaffolding	module MPY-CONTROLS
reference-semantics/semantics/controls.k:4:imports:2	reference-semantics/semantics/controls.k	4	4	imports		MATERIAL_SCAFFOLD	ACCEPT: fixed-semantics module/import scaffolding	imports MPY-CORE
reference-semantics/semantics/controls.k:5:imports:3	reference-semantics/semantics/controls.k	5	5	imports		MATERIAL_SCAFFOLD	ACCEPT: fixed-semantics module/import scaffolding	imports MPY-TUPLE
reference-semantics/semantics/controls.k:6:imports:4	reference-semantics/semantics/controls.k	6	6	imports		MATERIAL_SCAFFOLD	ACCEPT: fixed-semantics module/import scaffolding	imports MPY-ITER
reference-semantics/semantics/controls.k:9:rule:5	reference-semantics/semantics/controls.k	9	11	rule		MATERIAL_FIXED_SEMANTICS	ACCEPT: manually reviewed in the reachable semantic slice; matches the intended material operation	rule <k> Assign(Name(X:String), V:Val) => .K ... </k> <env> L:Int </env> <scopes> ... L |-> scope(M:Map => M [ X <- V ], _) ... </scopes>
reference-semantics/semantics/controls.k:12:rule:6	reference-semantics/semantics/controls.k	12	18	rule	priority	MATERIAL_FIXED_SEMANTICS	ACCEPT: manually reviewed in the reachable semantic slice; matches the intended material operation	"rule <k> Assign(Name(X:String), V:Val) => #cellW({M[X]}:>Val, V) ... </k> <env> L:Int </env> <scopes> ... L |-> scope(M:Map, _) ... </scopes> requires ""$cells"" in_keys(M) andBool pnMember(X, cellsOf({M[""$cells""]}:>Val)) andBool X in_keys(M) andBool isCellRef({M[X]}:>Val) [priority(40)]"
reference-semantics/semantics/controls.k:20:rule:7	reference-semantics/semantics/controls.k	20	23	rule		MATERIAL_FIXED_SEMANTICS	ACCEPT: manually reviewed in the reachable semantic slice; matches the intended material operation	rule <k> AugAssign(Name(X:String), OP:String, V:Val) => .K ... </k> <env> L:Int </env> <scopes> ... L |-> scope(M:Map => M [ X <- applyBin(OP, {M[X]}:>Val, V) ], _) ... </scopes> requires X in_keys(M)
reference-semantics/semantics/controls.k:27:rule:8	reference-semantics/semantics/controls.k	27	31	rule	priority	MATERIAL_FIXED_SEMANTICS	ACCEPT: manually reviewed in the reachable semantic slice; matches the intended material operation	rule <k> AugAssign(Name(X:String), OP:String, V:Val) => Assign(Name(X), BinOp(OP, Name(X), V)) ... </k> <env> L:Int </env> <scopes> ... L |-> scope(M:Map, _) ... </scopes> requires X in_keys(M) andBool isRefV({M[X]}:>Val) [priority(40)]
reference-semantics/semantics/controls.k:35:rule:9	reference-semantics/semantics/controls.k	35	35	rule		OUT_OF_TARGET_SLICE_FIXED_RULE	NO TARGET IMPACT: cannot match the pinned program's reachable constructors/control states; no false witness asserted	"rule <k> ImportFrom(""math"", NS:ParamNames) => #bindImports(NS) ... </k>"
reference-semantics/semantics/controls.k:36:rule:10	reference-semantics/semantics/controls.k	36	36	rule	owise	OUT_OF_TARGET_SLICE_FIXED_RULE	NO TARGET IMPACT: cannot match the pinned program's reachable constructors/control states; no false witness asserted	rule <k> ImportFrom(_:String, _:ParamNames) => .K ... </k> [owise]
reference-semantics/semantics/controls.k:37:syntax:11	reference-semantics/semantics/controls.k	37	37	syntax		OUT_OF_TARGET_SLICE_DECLARATION	NO TARGET IMPACT: fixed-semantics declaration not exercised by the pinned program	syntax KItem ::= #bindImports(ParamNames)
reference-semantics/semantics/controls.k:38:rule:12	reference-semantics/semantics/controls.k	38	38	rule		OUT_OF_TARGET_SLICE_FIXED_RULE	NO TARGET IMPACT: cannot match the pinned program's reachable constructors/control states; no false witness asserted	rule <k> #bindImports(.ParamNames) => .K ... </k>
reference-semantics/semantics/controls.k:39:rule:13	reference-semantics/semantics/controls.k	39	42	rule		OUT_OF_TARGET_SLICE_FIXED_RULE	NO TARGET IMPACT: cannot match the pinned program's reachable constructors/control states; no false witness asserted	"rule <k> #bindImports((N:String, NS:ParamNames)) => #bindImports(NS) ... </k> <env> L:Int </env> <scopes> ... L |-> scope(M:Map => M [ N <- builtinV(N) ], _) ... </scopes> requires N ==String ""floor"" orBool N ==String ""ceil"""
reference-semantics/semantics/controls.k:43:rule:14	reference-semantics/semantics/controls.k	43	44	rule		OUT_OF_TARGET_SLICE_FIXED_RULE	NO TARGET IMPACT: cannot match the pinned program's reachable constructors/control states; no false witness asserted	"rule <k> #bindImports((N:String, NS:ParamNames)) => #bindImports(NS) ... </k> requires notBool (N ==String ""floor"" orBool N ==String ""ceil"")"
reference-semantics/semantics/controls.k:48:rule:15	reference-semantics/semantics/controls.k	48	48	rule		MATERIAL_FIXED_SEMANTICS	ACCEPT: manually reviewed in the reachable semantic slice; matches the intended material operation	rule <k> Expr(_:Val) => .K ... </k>
reference-semantics/semantics/controls.k:51:syntax:16	reference-semantics/semantics/controls.k	51	51	syntax		MATERIAL_DECLARATION	ACCEPT: declaration/strictness for a constructor or value used by the pinned program	syntax KItem ::= #branch(Bool, Stmts, Stmts)
reference-semantics/semantics/controls.k:52:rule:17	reference-semantics/semantics/controls.k	52	52	rule		MATERIAL_FIXED_SEMANTICS	ACCEPT: manually reviewed in the reachable semantic slice; matches the intended material operation	rule <k> If(C:Val, T:Stmts, E:Stmts) => #branch(truthy(C), T, E) ... </k>
reference-semantics/semantics/controls.k:53:rule:18	reference-semantics/semantics/controls.k	53	53	rule		MATERIAL_FIXED_SEMANTICS	ACCEPT: manually reviewed in the reachable semantic slice; matches the intended material operation	rule <k> #branch(true, T:Stmts, _:Stmts) => T ... </k>
reference-semantics/semantics/controls.k:54:rule:19	reference-semantics/semantics/controls.k	54	54	rule		MATERIAL_FIXED_SEMANTICS	ACCEPT: manually reviewed in the reachable semantic slice; matches the intended material operation	rule <k> #branch(false, _:Stmts, E:Stmts) => E ... </k>
reference-semantics/semantics/controls.k:57:rule:20	reference-semantics/semantics/controls.k	57	58	rule		MATERIAL_FIXED_SEMANTICS	ACCEPT: manually reviewed in the reachable semantic slice; matches the intended material operation	rule <k> IfExp(V:Val, T:Expr, _:Expr) => T ... </k> requires truthy(V)
reference-semantics/semantics/controls.k:59:rule:21	reference-semantics/semantics/controls.k	59	60	rule		MATERIAL_FIXED_SEMANTICS	ACCEPT: manually reviewed in the reachable semantic slice; matches the intended material operation	rule <k> IfExp(V:Val, _:Expr, E:Expr) => E ... </k> requires notBool truthy(V)
reference-semantics/semantics/controls.k:65:syntax:22	reference-semantics/semantics/controls.k	65	67	syntax		MATERIAL_DECLARATION	ACCEPT: declaration/strictness for a constructor or value used by the pinned program	"syntax KItem ::= #loop(Val, Expr, Stmts) | #loopStep(Expr, Stmts) | #while(Expr, Stmts) | #whileCond(Expr, Stmts) | #loopLbl(K) | ""#cont"" | ""#brk"""
reference-semantics/semantics/controls.k:69:rule:23	reference-semantics/semantics/controls.k	69	69	rule		MATERIAL_FIXED_SEMANTICS	ACCEPT: manually reviewed in the reachable semantic slice; matches the intended material operation	rule <k> For(T:Expr, OBJ:Val, B:Stmts) => #loop(OBJ, T, B) ... </k>
reference-semantics/semantics/controls.k:71:rule:24	reference-semantics/semantics/controls.k	71	71	rule		MATERIAL_FIXED_SEMANTICS	ACCEPT: manually reviewed in the reachable semantic slice; matches the intended material operation	rule <k> #loop(IT:Iterable, T:Expr, B:Stmts) => #iterNext(IT) ~> #loopStep(T, B) ... </k>
reference-semantics/semantics/controls.k:72:rule:25	reference-semantics/semantics/controls.k	72	72	rule		MATERIAL_FIXED_SEMANTICS	ACCEPT: manually reviewed in the reachable semantic slice; matches the intended material operation	rule <k> #iterDone ~> #loopStep(_:Expr, _:Stmts) => .K ... </k>
reference-semantics/semantics/controls.k:73:rule:26	reference-semantics/semantics/controls.k	73	74	rule		MATERIAL_FIXED_SEMANTICS	ACCEPT: manually reviewed in the reachable semantic slice; matches the intended material operation	rule <k> #iterYield(V:Val, REST:Iterable) ~> #loopStep(T:Expr, B:Stmts) => #bindTgt(T, V) ~> B ~> #loopLbl(#loop(REST, T, B)) ... </k>
reference-semantics/semantics/controls.k:77:rule:27	reference-semantics/semantics/controls.k	77	77	rule		OUT_OF_TARGET_SLICE_FIXED_RULE	NO TARGET IMPACT: cannot match the pinned program's reachable constructors/control states; no false witness asserted	rule <k> While(C:Expr, B:Stmts) => #while(C, B) ... </k>
reference-semantics/semantics/controls.k:78:rule:28	reference-semantics/semantics/controls.k	78	78	rule		OUT_OF_TARGET_SLICE_FIXED_RULE	NO TARGET IMPACT: cannot match the pinned program's reachable constructors/control states; no false witness asserted	rule <k> #while(C:Expr, B:Stmts) => C ~> #whileCond(C, B) ... </k>
reference-semantics/semantics/controls.k:79:rule:29	reference-semantics/semantics/controls.k	79	80	rule		OUT_OF_TARGET_SLICE_FIXED_RULE	NO TARGET IMPACT: cannot match the pinned program's reachable constructors/control states; no false witness asserted	rule <k> V:Val ~> #whileCond(C:Expr, B:Stmts) => B ~> #loopLbl(#while(C, B)) ... </k> requires truthy(V)
reference-semantics/semantics/controls.k:81:rule:30	reference-semantics/semantics/controls.k	81	82	rule		OUT_OF_TARGET_SLICE_FIXED_RULE	NO TARGET IMPACT: cannot match the pinned program's reachable constructors/control states; no false witness asserted	rule <k> V:Val ~> #whileCond(_C:Expr, _B:Stmts) => .K ... </k> requires notBool truthy(V)
reference-semantics/semantics/controls.k:85:rule:31	reference-semantics/semantics/controls.k	85	85	rule		OUT_OF_TARGET_SLICE_FIXED_RULE	NO TARGET IMPACT: cannot match the pinned program's reachable constructors/control states; no false witness asserted	rule <k> #loopLbl(NEXT:K) => NEXT ... </k>
reference-semantics/semantics/controls.k:86:rule:32	reference-semantics/semantics/controls.k	86	86	rule		OUT_OF_TARGET_SLICE_FIXED_RULE	NO TARGET IMPACT: cannot match the pinned program's reachable constructors/control states; no false witness asserted	rule <k> Continue => #cont ... </k>
reference-semantics/semantics/controls.k:87:rule:33	reference-semantics/semantics/controls.k	87	87	rule		OUT_OF_TARGET_SLICE_FIXED_RULE	NO TARGET IMPACT: cannot match the pinned program's reachable constructors/control states; no false witness asserted	rule <k> Break => #brk ... </k>
reference-semantics/semantics/controls.k:88:rule:34	reference-semantics/semantics/controls.k	88	88	rule		OUT_OF_TARGET_SLICE_FIXED_RULE	NO TARGET IMPACT: cannot match the pinned program's reachable constructors/control states; no false witness asserted	rule <k> #cont ~> #loopLbl(NEXT:K) => NEXT ... </k>
reference-semantics/semantics/controls.k:89:rule:35	reference-semantics/semantics/controls.k	89	89	rule	owise	OUT_OF_TARGET_SLICE_FIXED_RULE	NO TARGET IMPACT: cannot match the pinned program's reachable constructors/control states; no false witness asserted	rule <k> #cont ~> (_:KItem => .K) ... </k> [owise]
reference-semantics/semantics/controls.k:90:rule:36	reference-semantics/semantics/controls.k	90	90	rule		OUT_OF_TARGET_SLICE_FIXED_RULE	NO TARGET IMPACT: cannot match the pinned program's reachable constructors/control states; no false witness asserted	rule <k> #brk ~> #loopLbl(_:K) => .K ... </k>
reference-semantics/semantics/controls.k:91:rule:37	reference-semantics/semantics/controls.k	91	91	rule	owise	OUT_OF_TARGET_SLICE_FIXED_RULE	NO TARGET IMPACT: cannot match the pinned program's reachable constructors/control states; no false witness asserted	rule <k> #brk ~> (_:KItem => .K) ... </k> [owise]
reference-semantics/semantics/controls.k:95:rule:38	reference-semantics/semantics/controls.k	95	97	rule	priority	OUT_OF_TARGET_SLICE_FIXED_RULE	NO TARGET IMPACT: cannot match the pinned program's reachable constructors/control states; no false witness asserted	rule <k> If(ref(H:Int), T:Stmts, E:Stmts) => If(V, T, E) ... </k> <heap> ... H |-> V:Val ... </heap> [priority(40)]
reference-semantics/semantics/controls.k:98:rule:39	reference-semantics/semantics/controls.k	98	100	rule	priority	OUT_OF_TARGET_SLICE_FIXED_RULE	NO TARGET IMPACT: cannot match the pinned program's reachable constructors/control states; no false witness asserted	rule <k> IfExp(ref(H:Int), T:Expr, E:Expr) => IfExp(V, T, E) ... </k> <heap> ... H |-> V:Val ... </heap> [priority(40)]
reference-semantics/semantics/controls.k:101:rule:40	reference-semantics/semantics/controls.k	101	103	rule	priority	OUT_OF_TARGET_SLICE_FIXED_RULE	NO TARGET IMPACT: cannot match the pinned program's reachable constructors/control states; no false witness asserted	rule <k> ref(H:Int) ~> #whileCond(C:Expr, B:Stmts) => V ~> #whileCond(C, B) ... </k> <heap> ... H |-> V:Val ... </heap> [priority(40)]
reference-semantics/semantics/controls.k:106:rule:41	reference-semantics/semantics/controls.k	106	108	rule	priority	OUT_OF_TARGET_SLICE_FIXED_RULE	NO TARGET IMPACT: cannot match the pinned program's reachable constructors/control states; no false witness asserted	rule <k> For(T:Expr, ref(H:Int), B:Stmts) => For(T, V, B) ... </k> <heap> ... H |-> V:Val ... </heap> [priority(40)]
reference-semantics/semantics/controls.k:109:endmodule:42	reference-semantics/semantics/controls.k	109	109	endmodule		FIXED_SCAFFOLD	NO TARGET IMPACT: assembly/module/import scaffolding	endmodule
reference-semantics/semantics/core.k:3:module:1	reference-semantics/semantics/core.k	3	3	module		FIXED_SCAFFOLD	NO TARGET IMPACT: assembly/module/import scaffolding	module MPY-CORE
reference-semantics/semantics/core.k:4:imports:2	reference-semantics/semantics/core.k	4	4	imports		FIXED_SCAFFOLD	NO TARGET IMPACT: assembly/module/import scaffolding	imports MPY-SYNTAX
reference-semantics/semantics/core.k:5:imports:3	reference-semantics/semantics/core.k	5	5	imports		FIXED_SCAFFOLD	NO TARGET IMPACT: assembly/module/import scaffolding	imports INT
reference-semantics/semantics/core.k:6:imports:4	reference-semantics/semantics/core.k	6	6	imports		FIXED_SCAFFOLD	NO TARGET IMPACT: assembly/module/import scaffolding	imports BOOL
reference-semantics/semantics/core.k:7:imports:5	reference-semantics/semantics/core.k	7	7	imports		FIXED_SCAFFOLD	NO TARGET IMPACT: assembly/module/import scaffolding	imports STRING
reference-semantics/semantics/core.k:8:imports:6	reference-semantics/semantics/core.k	8	8	imports		FIXED_SCAFFOLD	NO TARGET IMPACT: assembly/module/import scaffolding	imports MAP
reference-semantics/semantics/core.k:9:imports:7	reference-semantics/semantics/core.k	9	9	imports		FIXED_SCAFFOLD	NO TARGET IMPACT: assembly/module/import scaffolding	imports LIST
reference-semantics/semantics/core.k:10:imports:8	reference-semantics/semantics/core.k	10	10	imports		FIXED_SCAFFOLD	NO TARGET IMPACT: assembly/module/import scaffolding	imports K-EQUAL
reference-semantics/semantics/core.k:13:syntax:9	reference-semantics/semantics/core.k	13	13	syntax		MATERIAL_DECLARATION	ACCEPT: declaration/strictness for a constructor or value used by the pinned program	"syntax IntSeq ::= "".IntSeq"" | iCons(Int, IntSeq)"
reference-semantics/semantics/core.k:14:syntax:10	reference-semantics/semantics/core.k	14	14	syntax		MATERIAL_DECLARATION	ACCEPT: declaration/strictness for a constructor or value used by the pinned program	"syntax ValSeq ::= "".ValSeq"" | vCons(Val, ValSeq)"
reference-semantics/semantics/core.k:15:syntax:11	reference-semantics/semantics/core.k	15	15	syntax		MATERIAL_DECLARATION	ACCEPT: declaration/strictness for a constructor or value used by the pinned program	syntax Str ::= str(IntSeq)
reference-semantics/semantics/core.k:18:syntax:12	reference-semantics/semantics/core.k	18	23	syntax		MATERIAL_DECLARATION	ACCEPT: declaration/strictness for a constructor or value used by the pinned program	syntax Iterable ::= list(ValSeq) | tuple(ValSeq) | Str | rangeObj(Int, Int, Int) | zipObj(ValSeq, ValSeq) | zipObjS(IntSeq, IntSeq)
reference-semantics/semantics/core.k:25:syntax:13	reference-semantics/semantics/core.k	25	34	syntax	function	MATERIAL_DECLARATION	ACCEPT: declaration/strictness for a constructor or value used by the pinned program	"syntax Val ::= Int | Bool | ""noneV"" | Iterable | ref(Int) // a heap object: <heap> holds its list(VS) | cellRef(Int) // a closure cell: <heap> holds cellV(V) | closureVal(ParamNames, Stmts, Int) | typeV(String) // a type object (int/str), resolved from the builtins frame | builtinV(String) // a builtin function, resolved like any name (LEGB fallthrough) | boundMethodV(Val, String) // a cooled Attribute: obj.method"
reference-semantics/semantics/core.k:36:syntax:14	reference-semantics/semantics/core.k	36	36	syntax		MATERIAL_DECLARATION	ACCEPT: declaration/strictness for a constructor or value used by the pinned program	"syntax Parent ::= ""root"" | parent(Int)"
reference-semantics/semantics/core.k:37:syntax:15	reference-semantics/semantics/core.k	37	37	syntax		MATERIAL_DECLARATION	ACCEPT: declaration/strictness for a constructor or value used by the pinned program	syntax Scope ::= scope(Map, Parent)
reference-semantics/semantics/core.k:38:syntax:16	reference-semantics/semantics/core.k	38	38	syntax		MATERIAL_DECLARATION	ACCEPT: declaration/strictness for a constructor or value used by the pinned program	syntax KResult ::= Val
reference-semantics/semantics/core.k:39:syntax:17	reference-semantics/semantics/core.k	39	39	syntax		MATERIAL_DECLARATION	ACCEPT: declaration/strictness for a constructor or value used by the pinned program	syntax Expr ::= Val // cooling puts results back into expression holes
reference-semantics/semantics/core.k:40:syntax:18	reference-semantics/semantics/core.k	40	40	syntax		MATERIAL_DECLARATION	ACCEPT: declaration/strictness for a constructor or value used by the pinned program	"syntax Vals ::= List{Val, "",""}"
reference-semantics/semantics/core.k:41:syntax:19	reference-semantics/semantics/core.k	41	41	syntax		MATERIAL_DECLARATION	ACCEPT: declaration/strictness for a constructor or value used by the pinned program	"syntax Exc ::= ""NoExc"" | ""AssertionError"""
reference-semantics/semantics/core.k:42:syntax:20	reference-semantics/semantics/core.k	42	42	syntax		MATERIAL_DECLARATION	ACCEPT: declaration/strictness for a constructor or value used by the pinned program	"syntax RetState ::= ""noRet"" | retV(Val)"
reference-semantics/semantics/core.k:49:configuration:21	reference-semantics/semantics/core.k	49	60	configuration		MATERIAL_FIXED_SEMANTICS	ACCEPT: manually reviewed in the reachable semantic slice; matches the intended material operation	"configuration <k> #loadAll($PGM:Module) </k> <env> 0 </env> <scopes> 0 |-> scope(.Map, parent(-1)) -1 |-> builtinsScope </scopes> <scopeLoc> 1 </scopeLoc> <heap> .Map </heap> <heapLoc> 0 </heapLoc> <stack> .List </stack> <ret> noRet </ret> <exc> NoExc </exc> <exit-code exit=""""> 0 </exit-code>"
reference-semantics/semantics/core.k:68:syntax:22	reference-semantics/semantics/core.k	68	68	syntax	function,total	OUT_OF_TARGET_SLICE_DECLARATION	NO TARGET IMPACT: fixed-semantics declaration not exercised by the pinned program	syntax Bool ::= isRefV(Val) [function, total]
reference-semantics/semantics/core.k:69:rule:23	reference-semantics/semantics/core.k	69	69	rule		OUT_OF_TARGET_SLICE_FIXED_RULE	NO TARGET IMPACT: cannot match the pinned program's reachable constructors/control states; no false witness asserted	rule isRefV(ref(_:Int)) => true
reference-semantics/semantics/core.k:70:rule:24	reference-semantics/semantics/core.k	70	70	rule	owise	OUT_OF_TARGET_SLICE_FIXED_RULE	NO TARGET IMPACT: cannot match the pinned program's reachable constructors/control states; no false witness asserted	rule isRefV(_:Val) => false [owise]
reference-semantics/semantics/core.k:75:syntax:25	reference-semantics/semantics/core.k	75	75	syntax		OUT_OF_TARGET_SLICE_DECLARATION	NO TARGET IMPACT: fixed-semantics declaration not exercised by the pinned program	syntax HeapVal ::= cellV(Val)
reference-semantics/semantics/core.k:76:syntax:26	reference-semantics/semantics/core.k	76	76	syntax	function,total	OUT_OF_TARGET_SLICE_DECLARATION	NO TARGET IMPACT: fixed-semantics declaration not exercised by the pinned program	syntax Bool ::= isCellRef(Val) [function, total]
reference-semantics/semantics/core.k:77:rule:27	reference-semantics/semantics/core.k	77	77	rule		OUT_OF_TARGET_SLICE_FIXED_RULE	NO TARGET IMPACT: cannot match the pinned program's reachable constructors/control states; no false witness asserted	rule isCellRef(cellRef(_:Int)) => true
reference-semantics/semantics/core.k:78:rule:28	reference-semantics/semantics/core.k	78	78	rule	owise	OUT_OF_TARGET_SLICE_FIXED_RULE	NO TARGET IMPACT: cannot match the pinned program's reachable constructors/control states; no false witness asserted	rule isCellRef(_:Val) => false [owise]
reference-semantics/semantics/core.k:85:rule:29	reference-semantics/semantics/core.k	85	90	rule	priority	OUT_OF_TARGET_SLICE_FIXED_RULE	NO TARGET IMPACT: cannot match the pinned program's reachable constructors/control states; no false witness asserted	"rule <k> cellRef(H:Int) => V ... </k> <env> L:Int </env> <scopes> ... L |-> scope(M:Map, _) ... </scopes> <heap> ... H |-> cellV(V:Val) ... </heap> requires ""$cells"" in_keys(M) [priority(40)]"
reference-semantics/semantics/core.k:95:syntax:30	reference-semantics/semantics/core.k	95	95	syntax		MATERIAL_DECLARATION	ACCEPT: declaration/strictness for a constructor or value used by the pinned program	syntax Val ::= kwV(String, Val)
reference-semantics/semantics/core.k:96:syntax:31	reference-semantics/semantics/core.k	96	96	syntax		MATERIAL_DECLARATION	ACCEPT: declaration/strictness for a constructor or value used by the pinned program	syntax KItem ::= #kwTag(String)
reference-semantics/semantics/core.k:97:rule:32	reference-semantics/semantics/core.k	97	97	rule		MATERIAL_FIXED_SEMANTICS	ACCEPT: manually reviewed in the reachable semantic slice; matches the intended material operation	rule <k> KwArg(N:String, E:Expr) => E ~> #kwTag(N) ... </k>
reference-semantics/semantics/core.k:98:rule:33	reference-semantics/semantics/core.k	98	99	rule		MATERIAL_FIXED_SEMANTICS	ACCEPT: manually reviewed in the reachable semantic slice; matches the intended material operation	rule <k> V:Val ~> #kwTag(N:String) => kwV(N, V) ... </k> requires notBool isKwV(V)
reference-semantics/semantics/core.k:100:syntax:34	reference-semantics/semantics/core.k	100	100	syntax	function,total	MATERIAL_DECLARATION	ACCEPT: declaration/strictness for a constructor or value used by the pinned program	syntax Bool ::= isKwV(Val) [function, total]
reference-semantics/semantics/core.k:101:rule:35	reference-semantics/semantics/core.k	101	101	rule		MATERIAL_FIXED_SEMANTICS	ACCEPT: manually reviewed in the reachable semantic slice; matches the intended material operation	rule isKwV(kwV(_:String, _:Val)) => true
reference-semantics/semantics/core.k:102:rule:36	reference-semantics/semantics/core.k	102	102	rule	owise	MATERIAL_FIXED_SEMANTICS	ACCEPT: manually reviewed in the reachable semantic slice; matches the intended material operation	rule isKwV(_:Val) => false [owise]
reference-semantics/semantics/core.k:106:syntax:37	reference-semantics/semantics/core.k	106	106	syntax		OUT_OF_TARGET_SLICE_DECLARATION	NO TARGET IMPACT: fixed-semantics declaration not exercised by the pinned program	syntax Val ::= cellsMark(ParamNames)
reference-semantics/semantics/core.k:107:syntax:38	reference-semantics/semantics/core.k	107	107	syntax	function	OUT_OF_TARGET_SLICE_DECLARATION	NO TARGET IMPACT: fixed-semantics declaration not exercised by the pinned program	syntax ParamNames ::= cellsOf(Val) [function]
reference-semantics/semantics/core.k:108:rule:39	reference-semantics/semantics/core.k	108	108	rule		OUT_OF_TARGET_SLICE_FIXED_RULE	NO TARGET IMPACT: cannot match the pinned program's reachable constructors/control states; no false witness asserted	rule cellsOf(cellsMark(CVS:ParamNames)) => CVS
reference-semantics/semantics/core.k:109:syntax:40	reference-semantics/semantics/core.k	109	109	syntax	function,total	OUT_OF_TARGET_SLICE_DECLARATION	NO TARGET IMPACT: fixed-semantics declaration not exercised by the pinned program	syntax Bool ::= pnMember(String, ParamNames) [function, total]
reference-semantics/semantics/core.k:110:rule:41	reference-semantics/semantics/core.k	110	110	rule		OUT_OF_TARGET_SLICE_FIXED_RULE	NO TARGET IMPACT: cannot match the pinned program's reachable constructors/control states; no false witness asserted	rule pnMember(_:String, .ParamNames) => false
reference-semantics/semantics/core.k:111:rule:42	reference-semantics/semantics/core.k	111	111	rule		OUT_OF_TARGET_SLICE_FIXED_RULE	NO TARGET IMPACT: cannot match the pinned program's reachable constructors/control states; no false witness asserted	rule pnMember(X:String, (P:String, R:ParamNames)) => X ==String P orBool pnMember(X, R)
reference-semantics/semantics/core.k:113:syntax:43	reference-semantics/semantics/core.k	113	113	syntax		OUT_OF_TARGET_SLICE_DECLARATION	NO TARGET IMPACT: fixed-semantics declaration not exercised by the pinned program	syntax KItem ::= #cellW(Val, Val)
reference-semantics/semantics/core.k:114:rule:44	reference-semantics/semantics/core.k	114	115	rule		OUT_OF_TARGET_SLICE_FIXED_RULE	NO TARGET IMPACT: cannot match the pinned program's reachable constructors/control states; no false witness asserted	rule <k> #cellW(cellRef(H:Int), V:Val) => .K ... </k> <heap> ... H |-> cellV(_:Val => V) ... </heap>
reference-semantics/semantics/core.k:117:syntax:45	reference-semantics/semantics/core.k	117	117	syntax		OUT_OF_TARGET_SLICE_DECLARATION	NO TARGET IMPACT: fixed-semantics declaration not exercised by the pinned program	syntax KItem ::= #alloc(Val)
reference-semantics/semantics/core.k:118:rule:46	reference-semantics/semantics/core.k	118	121	rule		OUT_OF_TARGET_SLICE_FIXED_RULE	NO TARGET IMPACT: cannot match the pinned program's reachable constructors/control states; no false witness asserted	rule <k> #alloc(V:Val) => ref(N) ... </k> <heap> H:Map => (N |-> V) H </heap> <heapLoc> N:Int => N +Int 1 </heapLoc> requires notBool N in_keys(H)
reference-semantics/semantics/core.k:124:syntax:47	reference-semantics/semantics/core.k	124	124	syntax		MATERIAL_DECLARATION	ACCEPT: declaration/strictness for a constructor or value used by the pinned program	syntax KItem ::= #loadAll(Module)
reference-semantics/semantics/core.k:125:rule:48	reference-semantics/semantics/core.k	125	125	rule		MATERIAL_FIXED_SEMANTICS	ACCEPT: manually reviewed in the reachable semantic slice; matches the intended material operation	rule <k> #loadAll(Module(SS:Stmts)) => SS ... </k>
reference-semantics/semantics/core.k:126:rule:49	reference-semantics/semantics/core.k	126	126	rule		MATERIAL_FIXED_SEMANTICS	ACCEPT: manually reviewed in the reachable semantic slice; matches the intended material operation	rule <k> (S:Stmt SS:Stmts):Stmts => S ~> SS ... </k>
reference-semantics/semantics/core.k:127:rule:50	reference-semantics/semantics/core.k	127	127	rule		MATERIAL_FIXED_SEMANTICS	ACCEPT: manually reviewed in the reachable semantic slice; matches the intended material operation	rule <k> .Stmts => .K ... </k>
reference-semantics/semantics/core.k:130:syntax:51	reference-semantics/semantics/core.k	130	130	syntax		MATERIAL_DECLARATION	ACCEPT: declaration/strictness for a constructor or value used by the pinned program	syntax KItem ::= #look(String, Int)
reference-semantics/semantics/core.k:131:rule:52	reference-semantics/semantics/core.k	131	131	rule		MATERIAL_FIXED_SEMANTICS	ACCEPT: manually reviewed in the reachable semantic slice; matches the intended material operation	rule <k> Name(X:String) => #look(X, L) ... </k> <env> L:Int </env>
reference-semantics/semantics/core.k:132:rule:53	reference-semantics/semantics/core.k	132	134	rule		MATERIAL_FIXED_SEMANTICS	ACCEPT: manually reviewed in the reachable semantic slice; matches the intended material operation	rule <k> #look(X:String, L:Int) => {M[X]}:>Val ... </k> <scopes> ... L |-> scope(M:Map, _:Parent) ... </scopes> requires X in_keys(M)
reference-semantics/semantics/core.k:145:rule:54	reference-semantics/semantics/core.k	145	151	rule	priority	OUT_OF_TARGET_SLICE_FIXED_RULE	NO TARGET IMPACT: cannot match the pinned program's reachable constructors/control states; no false witness asserted	"rule <k> #look(X:String, L:Int) => V ... </k> <scopes> ... L |-> scope(M:Map, _:Parent) ... </scopes> <heap> ... H |-> cellV(V:Val) ... </heap> requires X in_keys(M) andBool ""$cells"" in_keys(M) andBool pnMember(X, cellsOf({M[""$cells""]}:>Val)) andBool {M[X]}:>Val ==K cellRef(H) [priority(40)]"
reference-semantics/semantics/core.k:152:rule:55	reference-semantics/semantics/core.k	152	154	rule		OUT_OF_TARGET_SLICE_FIXED_RULE	NO TARGET IMPACT: cannot match the pinned program's reachable constructors/control states; no false witness asserted	rule <k> #look(X:String, L:Int) => #look(X, P) ... </k> <scopes> ... L |-> scope(M:Map, parent(P:Int)) ... </scopes> requires notBool (X in_keys(M))
reference-semantics/semantics/core.k:157:syntax:56	reference-semantics/semantics/core.k	157	157	syntax	function,total	OUT_OF_TARGET_SLICE_DECLARATION	NO TARGET IMPACT: fixed-semantics declaration not exercised by the pinned program	"syntax Scope ::= ""builtinsScope"" [function, total]"
reference-semantics/semantics/core.k:158:rule:57	reference-semantics/semantics/core.k	158	181	rule		OUT_OF_TARGET_SLICE_FIXED_RULE	NO TARGET IMPACT: cannot match the pinned program's reachable constructors/control states; no false witness asserted	"rule builtinsScope => scope(.Map [ ""len"" <- builtinV(""len"") ] [ ""set"" <- builtinV(""set"") ] [ ""sum"" <- builtinV(""sum"") ] [ ""abs"" <- builtinV(""abs"") ] [ ""min"" <- builtinV(""min"") ] [ ""max"" <- builtinV(""max"") ] [ ""ord"" <- builtinV(""ord"") ] [ ""chr"" <- builtinV(""chr"") ] [ ""range"" <- builtinV(""range"") ] [ ""all"" <- builtinV(""all"") ] [ ""any"" <- builtinV(""any"") ] [ ""zip"" <- builtinV(""zip"") ] [ ""isinstance"" <- builtinV(""isinstance"") ] [ ""sorted"" <- builtinV(""sorted"") ] [ ""list"" <- builtinV(""list"") ] [ ""round"" <- builtinV(""round"") ] [ ""bin"" <- builtinV(""bin"") ] [ ""enumerate"" <- builtinV(""enumerate"") ] [ ""map"" <- builtinV(""map"") ] [ ""eval"" <- builtinV(""eval"") ] [ ""int"" <- typeV(""int"") ] [ ""str"" <- typeV(""str"") ] [ ""float"" <- typeV(""float"") ], root)"
reference-semantics/semantics/core.k:185:syntax:58	reference-semantics/semantics/core.k	185	185	syntax		MATERIAL_DECLARATION	ACCEPT: declaration/strictness for a constructor or value used by the pinned program	syntax ApplyK ::= toCall(Val)
reference-semantics/semantics/core.k:186:syntax:59	reference-semantics/semantics/core.k	186	188	syntax		MATERIAL_DECLARATION	ACCEPT: declaration/strictness for a constructor or value used by the pinned program	syntax KItem ::= #evalArgs(Exprs, Vals, ApplyK) | #evalArgCont(Exprs, Vals, ApplyK) | #applyK(ApplyK, Vals)
reference-semantics/semantics/core.k:189:rule:60	reference-semantics/semantics/core.k	189	189	rule		MATERIAL_FIXED_SEMANTICS	ACCEPT: manually reviewed in the reachable semantic slice; matches the intended material operation	rule <k> #evalArgs((A:Expr, REST:Exprs), ACC:Vals, K:ApplyK) => A ~> #evalArgCont(REST, ACC, K) ... </k>
reference-semantics/semantics/core.k:190:rule:61	reference-semantics/semantics/core.k	190	190	rule		MATERIAL_FIXED_SEMANTICS	ACCEPT: manually reviewed in the reachable semantic slice; matches the intended material operation	rule <k> V:Val ~> #evalArgCont(REST:Exprs, ACC:Vals, K:ApplyK) => #evalArgs(REST, appendVal(ACC, V), K) ... </k>
reference-semantics/semantics/core.k:191:rule:62	reference-semantics/semantics/core.k	191	191	rule		MATERIAL_FIXED_SEMANTICS	ACCEPT: manually reviewed in the reachable semantic slice; matches the intended material operation	rule <k> #evalArgs(.Exprs, ACC:Vals, K:ApplyK) => #applyK(K, ACC) ... </k>
reference-semantics/semantics/core.k:194:rule:63	reference-semantics/semantics/core.k	194	194	rule		MATERIAL_FIXED_SEMANTICS	ACCEPT: manually reviewed in the reachable semantic slice; matches the intended material operation	rule <k> Int(I:Int) => I ... </k>
reference-semantics/semantics/core.k:195:rule:64	reference-semantics/semantics/core.k	195	195	rule		MATERIAL_FIXED_SEMANTICS	ACCEPT: manually reviewed in the reachable semantic slice; matches the intended material operation	rule <k> Bool(B:Bool) => B ... </k>
reference-semantics/semantics/core.k:196:rule:65	reference-semantics/semantics/core.k	196	196	rule		MATERIAL_FIXED_SEMANTICS	ACCEPT: manually reviewed in the reachable semantic slice; matches the intended material operation	rule <k> NoneVal => noneV ... </k>
reference-semantics/semantics/core.k:199:syntax:66	reference-semantics/semantics/core.k	199	199	syntax	function	MATERIAL_DECLARATION	ACCEPT: declaration/strictness for a constructor or value used by the pinned program	syntax Bool ::= truthy(Val) [function]
reference-semantics/semantics/core.k:200:rule:67	reference-semantics/semantics/core.k	200	200	rule		MATERIAL_FIXED_SEMANTICS	ACCEPT: manually reviewed in the reachable semantic slice; matches the intended material operation	rule truthy(B:Bool) => B
reference-semantics/semantics/core.k:201:rule:68	reference-semantics/semantics/core.k	201	201	rule		MATERIAL_FIXED_SEMANTICS	ACCEPT: manually reviewed in the reachable semantic slice; matches the intended material operation	rule truthy(noneV) => false
reference-semantics/semantics/core.k:202:rule:69	reference-semantics/semantics/core.k	202	202	rule		MATERIAL_FIXED_SEMANTICS	ACCEPT: manually reviewed in the reachable semantic slice; matches the intended material operation	rule truthy(I:Int) => I =/=Int 0
reference-semantics/semantics/core.k:203:rule:70	reference-semantics/semantics/core.k	203	203	rule		MATERIAL_FIXED_SEMANTICS	ACCEPT: manually reviewed in the reachable semantic slice; matches the intended material operation	rule truthy(str(S:IntSeq)) => notBool (S ==K .IntSeq)
reference-semantics/semantics/core.k:204:rule:71	reference-semantics/semantics/core.k	204	204	rule		MATERIAL_FIXED_SEMANTICS	ACCEPT: manually reviewed in the reachable semantic slice; matches the intended material operation	rule truthy(list(V:ValSeq)) => notBool (V ==K .ValSeq)
reference-semantics/semantics/core.k:205:rule:72	reference-semantics/semantics/core.k	205	205	rule		MATERIAL_FIXED_SEMANTICS	ACCEPT: manually reviewed in the reachable semantic slice; matches the intended material operation	rule truthy(tuple(V:ValSeq)) => notBool (V ==K .ValSeq)
reference-semantics/semantics/core.k:208:syntax:73	reference-semantics/semantics/core.k	208	208	syntax	function	MATERIAL_DECLARATION	ACCEPT: declaration/strictness for a constructor or value used by the pinned program	syntax Val ::= applyUn(String, Val) [function]
reference-semantics/semantics/core.k:209:syntax:74	reference-semantics/semantics/core.k	209	209	syntax	function	MATERIAL_DECLARATION	ACCEPT: declaration/strictness for a constructor or value used by the pinned program	syntax Val ::= applyBin(String, Val, Val) [function]
reference-semantics/semantics/core.k:210:syntax:75	reference-semantics/semantics/core.k	210	210	syntax	function	MATERIAL_DECLARATION	ACCEPT: declaration/strictness for a constructor or value used by the pinned program	syntax Bool ::= applyCmp(String, Val, Val) [function]
reference-semantics/semantics/core.k:213:syntax:76	reference-semantics/semantics/core.k	213	213	syntax	function,total	MATERIAL_DECLARATION	ACCEPT: declaration/strictness for a constructor or value used by the pinned program	syntax Vals ::= appendVal(Vals, Val) [function, total]
reference-semantics/semantics/core.k:214:rule:77	reference-semantics/semantics/core.k	214	214	rule		MATERIAL_FIXED_SEMANTICS	ACCEPT: manually reviewed in the reachable semantic slice; matches the intended material operation	rule appendVal(.Vals, V:Val) => V , .Vals
reference-semantics/semantics/core.k:215:rule:78	reference-semantics/semantics/core.k	215	215	rule		MATERIAL_FIXED_SEMANTICS	ACCEPT: manually reviewed in the reachable semantic slice; matches the intended material operation	rule appendVal((V0:Val, VS:Vals), V:Val) => V0 , appendVal(VS, V)
reference-semantics/semantics/core.k:217:syntax:79	reference-semantics/semantics/core.k	217	217	syntax	function,total	MATERIAL_DECLARATION	ACCEPT: declaration/strictness for a constructor or value used by the pinned program	syntax ValSeq ::= vals2valSeq(Vals) [function, total]
reference-semantics/semantics/core.k:218:rule:80	reference-semantics/semantics/core.k	218	218	rule		MATERIAL_FIXED_SEMANTICS	ACCEPT: manually reviewed in the reachable semantic slice; matches the intended material operation	rule vals2valSeq(.Vals) => .ValSeq
reference-semantics/semantics/core.k:219:rule:81	reference-semantics/semantics/core.k	219	219	rule		MATERIAL_FIXED_SEMANTICS	ACCEPT: manually reviewed in the reachable semantic slice; matches the intended material operation	rule vals2valSeq((V:Val, VS:Vals)) => vCons(V, vals2valSeq(VS))
reference-semantics/semantics/core.k:223:syntax:82	reference-semantics/semantics/core.k	223	223	syntax	function,total	OUT_OF_TARGET_SLICE_DECLARATION	NO TARGET IMPACT: fixed-semantics declaration not exercised by the pinned program	syntax Int ::= vsLen(ValSeq) [function, total]
reference-semantics/semantics/core.k:224:rule:83	reference-semantics/semantics/core.k	224	224	rule		OUT_OF_TARGET_SLICE_FIXED_RULE	NO TARGET IMPACT: cannot match the pinned program's reachable constructors/control states; no false witness asserted	rule vsLen(.ValSeq) => 0
reference-semantics/semantics/core.k:225:rule:84	reference-semantics/semantics/core.k	225	225	rule		OUT_OF_TARGET_SLICE_FIXED_RULE	NO TARGET IMPACT: cannot match the pinned program's reachable constructors/control states; no false witness asserted	rule vsLen(vCons(_:Val, S:ValSeq)) => 1 +Int vsLen(S)
reference-semantics/semantics/core.k:227:syntax:85	reference-semantics/semantics/core.k	227	227	syntax	function,total	OUT_OF_TARGET_SLICE_DECLARATION	NO TARGET IMPACT: fixed-semantics declaration not exercised by the pinned program	syntax Int ::= isLen(IntSeq) [function, total]
reference-semantics/semantics/core.k:228:rule:86	reference-semantics/semantics/core.k	228	228	rule		OUT_OF_TARGET_SLICE_FIXED_RULE	NO TARGET IMPACT: cannot match the pinned program's reachable constructors/control states; no false witness asserted	rule isLen(.IntSeq) => 0
reference-semantics/semantics/core.k:229:rule:87	reference-semantics/semantics/core.k	229	229	rule		OUT_OF_TARGET_SLICE_FIXED_RULE	NO TARGET IMPACT: cannot match the pinned program's reachable constructors/control states; no false witness asserted	rule isLen(iCons(_:Int, S:IntSeq)) => 1 +Int isLen(S)
reference-semantics/semantics/core.k:233:syntax:88	reference-semantics/semantics/core.k	233	233	syntax	function,total	OUT_OF_TARGET_SLICE_DECLARATION	NO TARGET IMPACT: fixed-semantics declaration not exercised by the pinned program	syntax ValSeq ::= setVSAt(ValSeq, Int, Val) [function, total]
reference-semantics/semantics/core.k:234:rule:89	reference-semantics/semantics/core.k	234	234	rule		OUT_OF_TARGET_SLICE_FIXED_RULE	NO TARGET IMPACT: cannot match the pinned program's reachable constructors/control states; no false witness asserted	rule setVSAt(.ValSeq, _:Int, _:Val) => .ValSeq
reference-semantics/semantics/core.k:235:rule:90	reference-semantics/semantics/core.k	235	235	rule		OUT_OF_TARGET_SLICE_FIXED_RULE	NO TARGET IMPACT: cannot match the pinned program's reachable constructors/control states; no false witness asserted	rule setVSAt(vCons(_:Val, S:ValSeq), 0, V:Val) => vCons(V, S)
reference-semantics/semantics/core.k:236:rule:91	reference-semantics/semantics/core.k	236	237	rule		OUT_OF_TARGET_SLICE_FIXED_RULE	NO TARGET IMPACT: cannot match the pinned program's reachable constructors/control states; no false witness asserted	rule setVSAt(vCons(W:Val, S:ValSeq), I:Int, V:Val) => vCons(W, setVSAt(S, I -Int 1, V)) requires I >Int 0
reference-semantics/semantics/core.k:238:rule:92	reference-semantics/semantics/core.k	238	239	rule		OUT_OF_TARGET_SLICE_FIXED_RULE	NO TARGET IMPACT: cannot match the pinned program's reachable constructors/control states; no false witness asserted	rule setVSAt(VS:ValSeq, I:Int, _:Val) => VS requires I <Int 0
reference-semantics/semantics/core.k:240:endmodule:93	reference-semantics/semantics/core.k	240	240	endmodule		FIXED_SCAFFOLD	NO TARGET IMPACT: assembly/module/import scaffolding	endmodule
reference-semantics/semantics/dict.k:13:module:1	reference-semantics/semantics/dict.k	13	13	module		FIXED_SCAFFOLD	NO TARGET IMPACT: assembly/module/import scaffolding	module MPY-DICT
reference-semantics/semantics/dict.k:14:imports:2	reference-semantics/semantics/dict.k	14	14	imports		FIXED_SCAFFOLD	NO TARGET IMPACT: assembly/module/import scaffolding	imports MPY-CORE
reference-semantics/semantics/dict.k:15:imports:3	reference-semantics/semantics/dict.k	15	15	imports		FIXED_SCAFFOLD	NO TARGET IMPACT: assembly/module/import scaffolding	imports MPY-ITER
reference-semantics/semantics/dict.k:16:imports:4	reference-semantics/semantics/dict.k	16	16	imports		FIXED_SCAFFOLD	NO TARGET IMPACT: assembly/module/import scaffolding	imports MPY-METHODS
reference-semantics/semantics/dict.k:17:imports:5	reference-semantics/semantics/dict.k	17	17	imports		FIXED_SCAFFOLD	NO TARGET IMPACT: assembly/module/import scaffolding	imports MPY-LIST
reference-semantics/semantics/dict.k:20:syntax:6	reference-semantics/semantics/dict.k	20	20	syntax		OUT_OF_TARGET_SLICE_DECLARATION	NO TARGET IMPACT: fixed-semantics declaration not exercised by the pinned program	syntax Val ::= dictV(ValSeq, ValSeq)
reference-semantics/semantics/dict.k:23:syntax:7	reference-semantics/semantics/dict.k	23	25	syntax		OUT_OF_TARGET_SLICE_DECLARATION	NO TARGET IMPACT: fixed-semantics declaration not exercised by the pinned program	syntax KItem ::= #dictAcc(Entries, ValSeq, ValSeq) | #dictKey(Expr, Entries, ValSeq, ValSeq) | #dictVal(Val, Entries, ValSeq, ValSeq)
reference-semantics/semantics/dict.k:26:rule:8	reference-semantics/semantics/dict.k	26	26	rule		OUT_OF_TARGET_SLICE_FIXED_RULE	NO TARGET IMPACT: cannot match the pinned program's reachable constructors/control states; no false witness asserted	rule <k> DictExpr(ES:Entries) => #dictAcc(ES, .ValSeq, .ValSeq) ... </k>
reference-semantics/semantics/dict.k:27:rule:9	reference-semantics/semantics/dict.k	27	27	rule		OUT_OF_TARGET_SLICE_FIXED_RULE	NO TARGET IMPACT: cannot match the pinned program's reachable constructors/control states; no false witness asserted	rule <k> #dictAcc(.Entries, KS:ValSeq, VS:ValSeq) => dictV(KS, VS) ... </k>
reference-semantics/semantics/dict.k:28:rule:10	reference-semantics/semantics/dict.k	28	29	rule		OUT_OF_TARGET_SLICE_FIXED_RULE	NO TARGET IMPACT: cannot match the pinned program's reachable constructors/control states; no false witness asserted	rule <k> #dictAcc((Entry(K:Expr, V:Expr), REST:Entries), KS:ValSeq, VS:ValSeq) => K ~> #dictKey(V, REST, KS, VS) ... </k>
reference-semantics/semantics/dict.k:30:rule:11	reference-semantics/semantics/dict.k	30	31	rule		OUT_OF_TARGET_SLICE_FIXED_RULE	NO TARGET IMPACT: cannot match the pinned program's reachable constructors/control states; no false witness asserted	rule <k> KV:Val ~> #dictKey(V:Expr, REST:Entries, KS:ValSeq, VS:ValSeq) => V ~> #dictVal(KV, REST, KS, VS) ... </k>
reference-semantics/semantics/dict.k:32:rule:12	reference-semantics/semantics/dict.k	32	33	rule		OUT_OF_TARGET_SLICE_FIXED_RULE	NO TARGET IMPACT: cannot match the pinned program's reachable constructors/control states; no false witness asserted	rule <k> VV:Val ~> #dictVal(KV:Val, REST:Entries, KS:ValSeq, VS:ValSeq) => #dictAcc(REST, dPutK(KS, KV), dPutV(KS, VS, KV, VV)) ... </k>
reference-semantics/semantics/dict.k:37:syntax:13	reference-semantics/semantics/dict.k	37	37	syntax	function,total	OUT_OF_TARGET_SLICE_DECLARATION	NO TARGET IMPACT: fixed-semantics declaration not exercised by the pinned program	syntax Bool ::= dHasKey(ValSeq, Val) [function, total]
reference-semantics/semantics/dict.k:38:rule:14	reference-semantics/semantics/dict.k	38	38	rule		OUT_OF_TARGET_SLICE_FIXED_RULE	NO TARGET IMPACT: cannot match the pinned program's reachable constructors/control states; no false witness asserted	rule dHasKey(.ValSeq, _:Val) => false
reference-semantics/semantics/dict.k:39:rule:15	reference-semantics/semantics/dict.k	39	39	rule		OUT_OF_TARGET_SLICE_FIXED_RULE	NO TARGET IMPACT: cannot match the pinned program's reachable constructors/control states; no false witness asserted	rule dHasKey(vCons(A:Val, _:ValSeq), K:Val) => true requires A ==K K
reference-semantics/semantics/dict.k:40:rule:16	reference-semantics/semantics/dict.k	40	40	rule		OUT_OF_TARGET_SLICE_FIXED_RULE	NO TARGET IMPACT: cannot match the pinned program's reachable constructors/control states; no false witness asserted	rule dHasKey(vCons(A:Val, R:ValSeq), K:Val) => dHasKey(R, K) requires notBool (A ==K K)
reference-semantics/semantics/dict.k:43:syntax:17	reference-semantics/semantics/dict.k	43	43	syntax	function,total	OUT_OF_TARGET_SLICE_DECLARATION	NO TARGET IMPACT: fixed-semantics declaration not exercised by the pinned program	syntax ValSeq ::= dPutK(ValSeq, Val) [function, total]
reference-semantics/semantics/dict.k:44:rule:18	reference-semantics/semantics/dict.k	44	44	rule		OUT_OF_TARGET_SLICE_FIXED_RULE	NO TARGET IMPACT: cannot match the pinned program's reachable constructors/control states; no false witness asserted	rule dPutK(KS:ValSeq, K:Val) => KS requires dHasKey(KS, K)
reference-semantics/semantics/dict.k:45:rule:19	reference-semantics/semantics/dict.k	45	45	rule		OUT_OF_TARGET_SLICE_FIXED_RULE	NO TARGET IMPACT: cannot match the pinned program's reachable constructors/control states; no false witness asserted	rule dPutK(KS:ValSeq, K:Val) => valSeqConcat(KS, vCons(K, .ValSeq)) requires notBool dHasKey(KS, K)
reference-semantics/semantics/dict.k:49:syntax:20	reference-semantics/semantics/dict.k	49	49	syntax	function,total	OUT_OF_TARGET_SLICE_DECLARATION	NO TARGET IMPACT: fixed-semantics declaration not exercised by the pinned program	syntax ValSeq ::= dPutV(ValSeq, ValSeq, Val, Val) [function, total]
reference-semantics/semantics/dict.k:50:rule:21	reference-semantics/semantics/dict.k	50	51	rule		OUT_OF_TARGET_SLICE_FIXED_RULE	NO TARGET IMPACT: cannot match the pinned program's reachable constructors/control states; no false witness asserted	rule dPutV(vCons(A:Val, _:ValSeq), vCons(_:Val, VR:ValSeq), K:Val, V:Val) => vCons(V, VR) requires A ==K K
reference-semantics/semantics/dict.k:52:rule:22	reference-semantics/semantics/dict.k	52	53	rule		OUT_OF_TARGET_SLICE_FIXED_RULE	NO TARGET IMPACT: cannot match the pinned program's reachable constructors/control states; no false witness asserted	rule dPutV(vCons(A:Val, KR:ValSeq), vCons(B:Val, VR:ValSeq), K:Val, V:Val) => vCons(B, dPutV(KR, VR, K, V)) requires notBool (A ==K K)
reference-semantics/semantics/dict.k:54:rule:23	reference-semantics/semantics/dict.k	54	54	rule	owise	OUT_OF_TARGET_SLICE_FIXED_RULE	NO TARGET IMPACT: cannot match the pinned program's reachable constructors/control states; no false witness asserted	rule dPutV(_KS:ValSeq, VS:ValSeq, _K:Val, V:Val) => valSeqConcat(VS, vCons(V, .ValSeq)) [owise]
reference-semantics/semantics/dict.k:58:rule:24	reference-semantics/semantics/dict.k	58	60	rule	priority	OUT_OF_TARGET_SLICE_FIXED_RULE	NO TARGET IMPACT: cannot match the pinned program's reachable constructors/control states; no false witness asserted	"rule <k> #applyK(toCall(boundMethodV(dictV(KS:ValSeq, _:ValSeq), ""keys"")), .Vals) => #alloc(list(KS)) ... </k> [priority(40)]"
reference-semantics/semantics/dict.k:63:rule:25	reference-semantics/semantics/dict.k	63	63	rule		OUT_OF_TARGET_SLICE_FIXED_RULE	NO TARGET IMPACT: cannot match the pinned program's reachable constructors/control states; no false witness asserted	rule applyIndexD(dictV(KS:ValSeq, VS:ValSeq), K:Val) => dGet(KS, VS, K)
reference-semantics/semantics/dict.k:64:syntax:26	reference-semantics/semantics/dict.k	64	64	syntax	function	OUT_OF_TARGET_SLICE_DECLARATION	NO TARGET IMPACT: fixed-semantics declaration not exercised by the pinned program	syntax Val ::= applyIndexD(Val, Val) [function]
reference-semantics/semantics/dict.k:65:rule:27	reference-semantics/semantics/dict.k	65	66	rule	priority	OUT_OF_TARGET_SLICE_FIXED_RULE	NO TARGET IMPACT: cannot match the pinned program's reachable constructors/control states; no false witness asserted	rule <k> Subscript(dictV(KS:ValSeq, VS:ValSeq), K:Val) => applyIndexD(dictV(KS, VS), K) ... </k> [priority(45)]
reference-semantics/semantics/dict.k:70:syntax:28	reference-semantics/semantics/dict.k	70	70	syntax	function	OUT_OF_TARGET_SLICE_DECLARATION	NO TARGET IMPACT: fixed-semantics declaration not exercised by the pinned program	syntax Val ::= dictSet(Val, Val, Val) [function]
reference-semantics/semantics/dict.k:71:rule:29	reference-semantics/semantics/dict.k	71	71	rule		OUT_OF_TARGET_SLICE_FIXED_RULE	NO TARGET IMPACT: cannot match the pinned program's reachable constructors/control states; no false witness asserted	rule dictSet(dictV(KS:ValSeq, VS:ValSeq), K:Val, V:Val) => dictV(dPutK(KS, K), dPutV(KS, VS, K, V))
reference-semantics/semantics/dict.k:76:syntax:30	reference-semantics/semantics/dict.k	76	76	syntax		OUT_OF_TARGET_SLICE_DECLARATION	NO TARGET IMPACT: fixed-semantics declaration not exercised by the pinned program	syntax KItem ::= #dsetK(String, Val)
reference-semantics/semantics/dict.k:77:rule:31	reference-semantics/semantics/dict.k	77	77	rule		OUT_OF_TARGET_SLICE_FIXED_RULE	NO TARGET IMPACT: cannot match the pinned program's reachable constructors/control states; no false witness asserted	rule <k> Assign(Subscript(Name(X:String), K:Expr), VV:Val) => K ~> #dsetK(X, VV) ... </k>
reference-semantics/semantics/dict.k:78:rule:32	reference-semantics/semantics/dict.k	78	81	rule		OUT_OF_TARGET_SLICE_FIXED_RULE	NO TARGET IMPACT: cannot match the pinned program's reachable constructors/control states; no false witness asserted	rule <k> KV:Val ~> #dsetK(X:String, VV:Val) => .K ... </k> <env> L:Int </env> <scopes> ... L |-> scope(M:Map => M [ X <- dictSet({M[X]}:>Val, KV, VV) ], _) ... </scopes> requires X in_keys(M) andBool notBool isRefV({M[X]}:>Val)
reference-semantics/semantics/dict.k:82:rule:33	reference-semantics/semantics/dict.k	82	85	rule		OUT_OF_TARGET_SLICE_FIXED_RULE	NO TARGET IMPACT: cannot match the pinned program's reachable constructors/control states; no false witness asserted	rule <k> KV:Val ~> #dsetK(X:String, VV:Val) => #dsetV({M[X]}:>Val, KV, VV) ... </k> <env> L:Int </env> <scopes> ... L |-> scope(M:Map, _) ... </scopes> requires X in_keys(M) andBool isRefV({M[X]}:>Val)
reference-semantics/semantics/dict.k:86:syntax:34	reference-semantics/semantics/dict.k	86	86	syntax		OUT_OF_TARGET_SLICE_DECLARATION	NO TARGET IMPACT: fixed-semantics declaration not exercised by the pinned program	syntax KItem ::= #dsetV(Val, Val, Val)
reference-semantics/semantics/dict.k:87:rule:35	reference-semantics/semantics/dict.k	87	88	rule		OUT_OF_TARGET_SLICE_FIXED_RULE	NO TARGET IMPACT: cannot match the pinned program's reachable constructors/control states; no false witness asserted	rule <k> #dsetV(ref(H:Int), I:Int, VV:Val) => .K ... </k> <heap> ... H |-> list(VS:ValSeq => setVSAt(VS, normIdxD(I, vsLen(VS)), VV)) ... </heap>
reference-semantics/semantics/dict.k:90:syntax:36	reference-semantics/semantics/dict.k	90	90	syntax	function,total	OUT_OF_TARGET_SLICE_DECLARATION	NO TARGET IMPACT: fixed-semantics declaration not exercised by the pinned program	syntax Int ::= normIdxD(Int, Int) [function, total]
reference-semantics/semantics/dict.k:91:rule:37	reference-semantics/semantics/dict.k	91	91	rule		OUT_OF_TARGET_SLICE_FIXED_RULE	NO TARGET IMPACT: cannot match the pinned program's reachable constructors/control states; no false witness asserted	rule normIdxD(I:Int, LEN:Int) => I +Int LEN requires I <Int 0
reference-semantics/semantics/dict.k:92:rule:38	reference-semantics/semantics/dict.k	92	92	rule		OUT_OF_TARGET_SLICE_FIXED_RULE	NO TARGET IMPACT: cannot match the pinned program's reachable constructors/control states; no false witness asserted	rule normIdxD(I:Int, _:Int) => I requires I >=Int 0
reference-semantics/semantics/dict.k:95:rule:39	reference-semantics/semantics/dict.k	95	96	rule		OUT_OF_TARGET_SLICE_FIXED_RULE	NO TARGET IMPACT: cannot match the pinned program's reachable constructors/control states; no false witness asserted	"rule applyCmp(""=="", dictV(KS1:ValSeq, VS1:ValSeq), dictV(KS2:ValSeq, VS2:ValSeq)) => (vsLen(KS1) ==Int vsLen(KS2)) andBool dSubset(KS1, VS1, KS2, VS2)"
reference-semantics/semantics/dict.k:97:syntax:40	reference-semantics/semantics/dict.k	97	97	syntax	function	OUT_OF_TARGET_SLICE_DECLARATION	NO TARGET IMPACT: fixed-semantics declaration not exercised by the pinned program	syntax Bool ::= dSubset(ValSeq, ValSeq, ValSeq, ValSeq) [function]
reference-semantics/semantics/dict.k:98:rule:41	reference-semantics/semantics/dict.k	98	98	rule		OUT_OF_TARGET_SLICE_FIXED_RULE	NO TARGET IMPACT: cannot match the pinned program's reachable constructors/control states; no false witness asserted	rule dSubset(.ValSeq, .ValSeq, _:ValSeq, _:ValSeq) => true
reference-semantics/semantics/dict.k:99:rule:42	reference-semantics/semantics/dict.k	99	100	rule		OUT_OF_TARGET_SLICE_FIXED_RULE	NO TARGET IMPACT: cannot match the pinned program's reachable constructors/control states; no false witness asserted	rule dSubset(vCons(K:Val, KR:ValSeq), vCons(V:Val, VR:ValSeq), KS2:ValSeq, VS2:ValSeq) => dHasKey(KS2, K) andBool (dGet(KS2, VS2, K) ==K V) andBool dSubset(KR, VR, KS2, VS2)
reference-semantics/semantics/dict.k:101:syntax:43	reference-semantics/semantics/dict.k	101	101	syntax	function	OUT_OF_TARGET_SLICE_DECLARATION	NO TARGET IMPACT: fixed-semantics declaration not exercised by the pinned program	syntax Val ::= dGet(ValSeq, ValSeq, Val) [function]
reference-semantics/semantics/dict.k:102:rule:44	reference-semantics/semantics/dict.k	102	102	rule		OUT_OF_TARGET_SLICE_FIXED_RULE	NO TARGET IMPACT: cannot match the pinned program's reachable constructors/control states; no false witness asserted	rule dGet(vCons(A:Val, _:ValSeq), vCons(B:Val, _:ValSeq), K:Val) => B requires A ==K K
reference-semantics/semantics/dict.k:103:rule:45	reference-semantics/semantics/dict.k	103	103	rule		OUT_OF_TARGET_SLICE_FIXED_RULE	NO TARGET IMPACT: cannot match the pinned program's reachable constructors/control states; no false witness asserted	rule dGet(vCons(A:Val, KR:ValSeq), vCons(_:Val, VR:ValSeq), K:Val) => dGet(KR, VR, K) requires notBool (A ==K K)
reference-semantics/semantics/dict.k:104:endmodule:46	reference-semantics/semantics/dict.k	104	104	endmodule		FIXED_SCAFFOLD	NO TARGET IMPACT: assembly/module/import scaffolding	endmodule
reference-semantics/semantics/float.k:14:module:1	reference-semantics/semantics/float.k	14	14	module		FIXED_SCAFFOLD	NO TARGET IMPACT: assembly/module/import scaffolding	module MPY-FLOAT
reference-semantics/semantics/float.k:15:imports:2	reference-semantics/semantics/float.k	15	15	imports		FIXED_SCAFFOLD	NO TARGET IMPACT: assembly/module/import scaffolding	imports MPY-OPERATORS
reference-semantics/semantics/float.k:16:imports:3	reference-semantics/semantics/float.k	16	16	imports		FIXED_SCAFFOLD	NO TARGET IMPACT: assembly/module/import scaffolding	imports MPY-BUILTINS
reference-semantics/semantics/float.k:17:imports:4	reference-semantics/semantics/float.k	17	17	imports		FIXED_SCAFFOLD	NO TARGET IMPACT: assembly/module/import scaffolding	imports FLOAT
reference-semantics/semantics/float.k:20:syntax:5	reference-semantics/semantics/float.k	20	20	syntax		OUT_OF_TARGET_SLICE_DECLARATION	NO TARGET IMPACT: fixed-semantics declaration not exercised by the pinned program	syntax Val ::= Float
reference-semantics/semantics/float.k:21:rule:6	reference-semantics/semantics/float.k	21	21	rule		OUT_OF_TARGET_SLICE_FIXED_RULE	NO TARGET IMPACT: cannot match the pinned program's reachable constructors/control states; no false witness asserted	rule <k> Float(F:Float) => F ... </k>
reference-semantics/semantics/float.k:24:syntax:7	reference-semantics/semantics/float.k	24	24	syntax	function,total,no-evaluators,symbol	OUT_OF_TARGET_SLICE_DECLARATION	NO TARGET IMPACT: fixed-semantics declaration not exercised by the pinned program	syntax Float ::= intFloatDiv(Int, Float) [function, total, symbol(intFloatDiv), no-evaluators]
reference-semantics/semantics/float.k:25:rule:8	reference-semantics/semantics/float.k	25	25	rule	concrete	OUT_OF_TARGET_SLICE_FIXED_RULE	NO TARGET IMPACT: cannot match the pinned program's reachable constructors/control states; no false witness asserted	rule intFloatDiv(I:Int, F:Float) => Int2Float(I, 53, 11) /Float F [concrete]
reference-semantics/semantics/float.k:27:rule:9	reference-semantics/semantics/float.k	27	27	rule		OUT_OF_TARGET_SLICE_FIXED_RULE	NO TARGET IMPACT: cannot match the pinned program's reachable constructors/control states; no false witness asserted	"rule applyBin(""/"", I:Int, F:Float) => intFloatDiv(I, F)"
reference-semantics/semantics/float.k:30:syntax:10	reference-semantics/semantics/float.k	30	30	syntax	function,total,no-evaluators,symbol	OUT_OF_TARGET_SLICE_DECLARATION	NO TARGET IMPACT: fixed-semantics declaration not exercised by the pinned program	syntax Float ::= divII(Int, Int) [function, total, symbol(divII), no-evaluators]
reference-semantics/semantics/float.k:31:rule:11	reference-semantics/semantics/float.k	31	31	rule	concrete	OUT_OF_TARGET_SLICE_FIXED_RULE	NO TARGET IMPACT: cannot match the pinned program's reachable constructors/control states; no false witness asserted	rule divII(I1:Int, I2:Int) => Int2Float(I1, 53, 11) /Float Int2Float(I2, 53, 11) [concrete]
reference-semantics/semantics/float.k:32:rule:12	reference-semantics/semantics/float.k	32	32	rule		OUT_OF_TARGET_SLICE_FIXED_RULE	NO TARGET IMPACT: cannot match the pinned program's reachable constructors/control states; no false witness asserted	"rule applyBin(""/"", I1:Int, I2:Int) => divII(I1, I2)"
reference-semantics/semantics/float.k:37:syntax:13	reference-semantics/semantics/float.k	37	37	syntax	function,total,no-evaluators,symbol	OUT_OF_TARGET_SLICE_DECLARATION	NO TARGET IMPACT: fixed-semantics declaration not exercised by the pinned program	syntax Float ::= floatMod(Float, Float) [function, total, symbol(floatMod), no-evaluators]
reference-semantics/semantics/float.k:38:rule:14	reference-semantics/semantics/float.k	38	38	rule	concrete	OUT_OF_TARGET_SLICE_FIXED_RULE	NO TARGET IMPACT: cannot match the pinned program's reachable constructors/control states; no false witness asserted	rule floatMod(F1:Float, F2:Float) => F1 -Float (floorFloat(F1 /Float F2) *Float F2) [concrete]
reference-semantics/semantics/float.k:39:rule:15	reference-semantics/semantics/float.k	39	39	rule		OUT_OF_TARGET_SLICE_FIXED_RULE	NO TARGET IMPACT: cannot match the pinned program's reachable constructors/control states; no false witness asserted	"rule applyBin(""%"", F1:Float, F2:Float) => floatMod(F1, F2)"
reference-semantics/semantics/float.k:43:rule:16	reference-semantics/semantics/float.k	43	43	rule		OUT_OF_TARGET_SLICE_FIXED_RULE	NO TARGET IMPACT: cannot match the pinned program's reachable constructors/control states; no false witness asserted	"rule applyCmp(""=="", F1:Float, F2:Float) => F1 ==Float F2"
reference-semantics/semantics/float.k:44:rule:17	reference-semantics/semantics/float.k	44	44	rule		OUT_OF_TARGET_SLICE_FIXED_RULE	NO TARGET IMPACT: cannot match the pinned program's reachable constructors/control states; no false witness asserted	"rule applyCmp(""!="", F1:Float, F2:Float) => notBool (F1 ==Float F2)"
reference-semantics/semantics/float.k:50:syntax:18	reference-semantics/semantics/float.k	50	50	syntax	function,total,no-evaluators,symbol	OUT_OF_TARGET_SLICE_DECLARATION	NO TARGET IMPACT: fixed-semantics declaration not exercised by the pinned program	syntax Bool ::= floatLt(Float, Float) [function, total, symbol(floatLt), no-evaluators]
reference-semantics/semantics/float.k:51:rule:19	reference-semantics/semantics/float.k	51	51	rule	concrete	OUT_OF_TARGET_SLICE_FIXED_RULE	NO TARGET IMPACT: cannot match the pinned program's reachable constructors/control states; no false witness asserted	rule floatLt(F1:Float, F2:Float) => F1 <Float F2 [concrete]
reference-semantics/semantics/float.k:52:rule:20	reference-semantics/semantics/float.k	52	52	rule		OUT_OF_TARGET_SLICE_FIXED_RULE	NO TARGET IMPACT: cannot match the pinned program's reachable constructors/control states; no false witness asserted	"rule applyCmp(""<"", F1:Float, F2:Float) => floatLt(F1, F2)"
reference-semantics/semantics/float.k:54:syntax:21	reference-semantics/semantics/float.k	54	54	syntax	function,total,no-evaluators,symbol	OUT_OF_TARGET_SLICE_DECLARATION	NO TARGET IMPACT: fixed-semantics declaration not exercised by the pinned program	syntax Float ::= absF(Float) [function, total, symbol(absF), no-evaluators]
reference-semantics/semantics/float.k:55:rule:22	reference-semantics/semantics/float.k	55	55	rule	concrete	OUT_OF_TARGET_SLICE_FIXED_RULE	NO TARGET IMPACT: cannot match the pinned program's reachable constructors/control states; no false witness asserted	rule absF(F:Float) => absFloat(F) [concrete]
reference-semantics/semantics/float.k:56:rule:23	reference-semantics/semantics/float.k	56	56	rule		OUT_OF_TARGET_SLICE_FIXED_RULE	NO TARGET IMPACT: cannot match the pinned program's reachable constructors/control states; no false witness asserted	"rule applyBuiltin(""abs"", F:Float, .Vals) => absF(F)"
reference-semantics/semantics/float.k:61:rule:24	reference-semantics/semantics/float.k	61	61	rule		OUT_OF_TARGET_SLICE_FIXED_RULE	NO TARGET IMPACT: cannot match the pinned program's reachable constructors/control states; no false witness asserted	rule <k> Import(_:String) => .K ... </k>
reference-semantics/semantics/float.k:65:syntax:25	reference-semantics/semantics/float.k	65	65	syntax		OUT_OF_TARGET_SLICE_DECLARATION	NO TARGET IMPACT: fixed-semantics declaration not exercised by the pinned program	"syntax KItem ::= ""#mathCeil"""
reference-semantics/semantics/float.k:66:rule:26	reference-semantics/semantics/float.k	66	66	rule	priority	OUT_OF_TARGET_SLICE_FIXED_RULE	NO TARGET IMPACT: cannot match the pinned program's reachable constructors/control states; no false witness asserted	"rule <k> Call(Attribute(Name(""math""), ""ceil""), (E:Expr, .Exprs)) => E ~> #mathCeil ... </k> [priority(40)]"
reference-semantics/semantics/float.k:67:rule:27	reference-semantics/semantics/float.k	67	67	rule		OUT_OF_TARGET_SLICE_FIXED_RULE	NO TARGET IMPACT: cannot match the pinned program's reachable constructors/control states; no false witness asserted	rule <k> V:Val ~> #mathCeil => ceilF(V) ... </k>
reference-semantics/semantics/float.k:70:syntax:28	reference-semantics/semantics/float.k	70	70	syntax		OUT_OF_TARGET_SLICE_DECLARATION	NO TARGET IMPACT: fixed-semantics declaration not exercised by the pinned program	"syntax KItem ::= ""#mathFloor"""
reference-semantics/semantics/float.k:71:rule:29	reference-semantics/semantics/float.k	71	71	rule	priority	OUT_OF_TARGET_SLICE_FIXED_RULE	NO TARGET IMPACT: cannot match the pinned program's reachable constructors/control states; no false witness asserted	"rule <k> Call(Attribute(Name(""math""), ""floor""), (E:Expr, .Exprs)) => E ~> #mathFloor ... </k> [priority(40)]"
reference-semantics/semantics/float.k:72:rule:30	reference-semantics/semantics/float.k	72	72	rule		OUT_OF_TARGET_SLICE_FIXED_RULE	NO TARGET IMPACT: cannot match the pinned program's reachable constructors/control states; no false witness asserted	rule <k> V:Val ~> #mathFloor => floorFI(V) ... </k>
reference-semantics/semantics/float.k:73:syntax:31	reference-semantics/semantics/float.k	73	73	syntax	function,total,symbol	OUT_OF_TARGET_SLICE_DECLARATION	NO TARGET IMPACT: fixed-semantics declaration not exercised by the pinned program	syntax Int ::= floorFI(Val) [function, total, symbol(floorFI)]
reference-semantics/semantics/float.k:74:rule:32	reference-semantics/semantics/float.k	74	74	rule	concrete	OUT_OF_TARGET_SLICE_FIXED_RULE	NO TARGET IMPACT: cannot match the pinned program's reachable constructors/control states; no false witness asserted	rule floorFI(I:Int) => I [concrete]
reference-semantics/semantics/float.k:75:rule:33	reference-semantics/semantics/float.k	75	75	rule	concrete	OUT_OF_TARGET_SLICE_FIXED_RULE	NO TARGET IMPACT: cannot match the pinned program's reachable constructors/control states; no false witness asserted	rule floorFI(F:Float) => Float2Int(floorFloat(F)) [concrete]
reference-semantics/semantics/float.k:78:rule:34	reference-semantics/semantics/float.k	78	78	rule		OUT_OF_TARGET_SLICE_FIXED_RULE	NO TARGET IMPACT: cannot match the pinned program's reachable constructors/control states; no false witness asserted	"rule applyBuiltin(""floor"", V:Val, .Vals) => floorFI(V)"
reference-semantics/semantics/float.k:79:rule:35	reference-semantics/semantics/float.k	79	79	rule		OUT_OF_TARGET_SLICE_FIXED_RULE	NO TARGET IMPACT: cannot match the pinned program's reachable constructors/control states; no false witness asserted	"rule applyBuiltin(""ceil"", V:Val, .Vals) => ceilF(V)"
reference-semantics/semantics/float.k:82:syntax:36	reference-semantics/semantics/float.k	82	82	syntax		OUT_OF_TARGET_SLICE_DECLARATION	NO TARGET IMPACT: fixed-semantics declaration not exercised by the pinned program	syntax KItem ::= #mathPow1(Expr) | #mathPow2(Val)
reference-semantics/semantics/float.k:83:rule:37	reference-semantics/semantics/float.k	83	83	rule	priority	OUT_OF_TARGET_SLICE_FIXED_RULE	NO TARGET IMPACT: cannot match the pinned program's reachable constructors/control states; no false witness asserted	"rule <k> Call(Attribute(Name(""math""), ""pow""), (E1:Expr, E2:Expr, .Exprs)) => E1 ~> #mathPow1(E2) ... </k> [priority(40)]"
reference-semantics/semantics/float.k:84:rule:38	reference-semantics/semantics/float.k	84	84	rule		OUT_OF_TARGET_SLICE_FIXED_RULE	NO TARGET IMPACT: cannot match the pinned program's reachable constructors/control states; no false witness asserted	rule <k> V1:Val ~> #mathPow1(E2:Expr) => E2 ~> #mathPow2(V1) ... </k>
reference-semantics/semantics/float.k:85:rule:39	reference-semantics/semantics/float.k	85	85	rule		OUT_OF_TARGET_SLICE_FIXED_RULE	NO TARGET IMPACT: cannot match the pinned program's reachable constructors/control states; no false witness asserted	rule <k> V2:Val ~> #mathPow2(V1:Val) => powF(toF(V1), toF(V2)) ... </k>
reference-semantics/semantics/float.k:86:syntax:40	reference-semantics/semantics/float.k	86	86	syntax	function,total,symbol	OUT_OF_TARGET_SLICE_DECLARATION	NO TARGET IMPACT: fixed-semantics declaration not exercised by the pinned program	syntax Float ::= toF(Val) [function, total, symbol(toF)]
reference-semantics/semantics/float.k:87:rule:41	reference-semantics/semantics/float.k	87	87	rule	concrete	OUT_OF_TARGET_SLICE_FIXED_RULE	NO TARGET IMPACT: cannot match the pinned program's reachable constructors/control states; no false witness asserted	rule toF(F:Float) => F [concrete]
reference-semantics/semantics/float.k:88:rule:42	reference-semantics/semantics/float.k	88	88	rule	concrete	OUT_OF_TARGET_SLICE_FIXED_RULE	NO TARGET IMPACT: cannot match the pinned program's reachable constructors/control states; no false witness asserted	rule toF(I:Int) => intToF(I) [concrete]
reference-semantics/semantics/float.k:93:syntax:43	reference-semantics/semantics/float.k	93	93	syntax	function,total,symbol	OUT_OF_TARGET_SLICE_DECLARATION	NO TARGET IMPACT: fixed-semantics declaration not exercised by the pinned program	syntax Int ::= ceilF(Val) [function, total, symbol(ceilF)]
reference-semantics/semantics/float.k:94:rule:44	reference-semantics/semantics/float.k	94	94	rule	concrete	OUT_OF_TARGET_SLICE_FIXED_RULE	NO TARGET IMPACT: cannot match the pinned program's reachable constructors/control states; no false witness asserted	rule ceilF(I:Int) => I [concrete]
reference-semantics/semantics/float.k:95:rule:45	reference-semantics/semantics/float.k	95	95	rule	concrete	OUT_OF_TARGET_SLICE_FIXED_RULE	NO TARGET IMPACT: cannot match the pinned program's reachable constructors/control states; no false witness asserted	rule ceilF(F:Float) => Float2Int(ceilFloat(F)) [concrete]
reference-semantics/semantics/float.k:99:rule:46	reference-semantics/semantics/float.k	99	99	rule		OUT_OF_TARGET_SLICE_FIXED_RULE	NO TARGET IMPACT: cannot match the pinned program's reachable constructors/control states; no false witness asserted	"rule applyUn(""-"", F:Float) => 0.0 -Float F"
reference-semantics/semantics/float.k:103:syntax:47	reference-semantics/semantics/float.k	103	103	syntax	function,total,no-evaluators,symbol	OUT_OF_TARGET_SLICE_DECLARATION	NO TARGET IMPACT: fixed-semantics declaration not exercised by the pinned program	syntax Float ::= subF(Float, Float) [function, total, symbol(subF), no-evaluators]
reference-semantics/semantics/float.k:104:rule:48	reference-semantics/semantics/float.k	104	104	rule	concrete	OUT_OF_TARGET_SLICE_FIXED_RULE	NO TARGET IMPACT: cannot match the pinned program's reachable constructors/control states; no false witness asserted	rule subF(F1:Float, F2:Float) => F1 -Float F2 [concrete]
reference-semantics/semantics/float.k:105:rule:49	reference-semantics/semantics/float.k	105	105	rule		OUT_OF_TARGET_SLICE_FIXED_RULE	NO TARGET IMPACT: cannot match the pinned program's reachable constructors/control states; no false witness asserted	"rule applyBin(""-"", F1:Float, F2:Float) => subF(F1, F2)"
reference-semantics/semantics/float.k:107:syntax:50	reference-semantics/semantics/float.k	107	107	syntax	function,total,no-evaluators,symbol	OUT_OF_TARGET_SLICE_DECLARATION	NO TARGET IMPACT: fixed-semantics declaration not exercised by the pinned program	syntax Float ::= divF(Float, Float) [function, total, symbol(divF), no-evaluators]
reference-semantics/semantics/float.k:108:rule:51	reference-semantics/semantics/float.k	108	108	rule	concrete	OUT_OF_TARGET_SLICE_FIXED_RULE	NO TARGET IMPACT: cannot match the pinned program's reachable constructors/control states; no false witness asserted	rule divF(F1:Float, F2:Float) => F1 /Float F2 [concrete]
reference-semantics/semantics/float.k:109:rule:52	reference-semantics/semantics/float.k	109	109	rule		OUT_OF_TARGET_SLICE_FIXED_RULE	NO TARGET IMPACT: cannot match the pinned program's reachable constructors/control states; no false witness asserted	"rule applyBin(""/"", F1:Float, F2:Float) => divF(F1, F2)"
reference-semantics/semantics/float.k:111:syntax:53	reference-semantics/semantics/float.k	111	111	syntax	function,total,no-evaluators,symbol	OUT_OF_TARGET_SLICE_DECLARATION	NO TARGET IMPACT: fixed-semantics declaration not exercised by the pinned program	syntax Float ::= addF(Float, Float) [function, total, symbol(addF), no-evaluators]
reference-semantics/semantics/float.k:112:rule:54	reference-semantics/semantics/float.k	112	112	rule	concrete	OUT_OF_TARGET_SLICE_FIXED_RULE	NO TARGET IMPACT: cannot match the pinned program's reachable constructors/control states; no false witness asserted	rule addF(F1:Float, F2:Float) => F1 +Float F2 [concrete]
reference-semantics/semantics/float.k:113:rule:55	reference-semantics/semantics/float.k	113	113	rule		OUT_OF_TARGET_SLICE_FIXED_RULE	NO TARGET IMPACT: cannot match the pinned program's reachable constructors/control states; no false witness asserted	"rule applyBin(""+"", F1:Float, F2:Float) => addF(F1, F2)"
reference-semantics/semantics/float.k:115:syntax:56	reference-semantics/semantics/float.k	115	115	syntax	function,total,no-evaluators,symbol	OUT_OF_TARGET_SLICE_DECLARATION	NO TARGET IMPACT: fixed-semantics declaration not exercised by the pinned program	syntax Float ::= mulF(Float, Float) [function, total, symbol(mulF), no-evaluators]
reference-semantics/semantics/float.k:116:rule:57	reference-semantics/semantics/float.k	116	116	rule	concrete	OUT_OF_TARGET_SLICE_FIXED_RULE	NO TARGET IMPACT: cannot match the pinned program's reachable constructors/control states; no false witness asserted	rule mulF(F1:Float, F2:Float) => F1 *Float F2 [concrete]
reference-semantics/semantics/float.k:117:rule:58	reference-semantics/semantics/float.k	117	117	rule		OUT_OF_TARGET_SLICE_FIXED_RULE	NO TARGET IMPACT: cannot match the pinned program's reachable constructors/control states; no false witness asserted	"rule applyBin(""*"", F1:Float, F2:Float) => mulF(F1, F2)"
reference-semantics/semantics/float.k:119:syntax:59	reference-semantics/semantics/float.k	119	119	syntax	function,total,no-evaluators,symbol	OUT_OF_TARGET_SLICE_DECLARATION	NO TARGET IMPACT: fixed-semantics declaration not exercised by the pinned program	syntax Float ::= powF(Float, Float) [function, total, symbol(powF), no-evaluators]
reference-semantics/semantics/float.k:120:rule:60	reference-semantics/semantics/float.k	120	120	rule	concrete	OUT_OF_TARGET_SLICE_FIXED_RULE	NO TARGET IMPACT: cannot match the pinned program's reachable constructors/control states; no false witness asserted	rule powF(F1:Float, F2:Float) => F1 ^Float F2 [concrete]
reference-semantics/semantics/float.k:121:rule:61	reference-semantics/semantics/float.k	121	121	rule		OUT_OF_TARGET_SLICE_FIXED_RULE	NO TARGET IMPACT: cannot match the pinned program's reachable constructors/control states; no false witness asserted	"rule applyBin(""**"", F1:Float, F2:Float) => powF(F1, F2)"
reference-semantics/semantics/float.k:125:syntax:62	reference-semantics/semantics/float.k	125	125	syntax	function,total,no-evaluators,symbol	OUT_OF_TARGET_SLICE_DECLARATION	NO TARGET IMPACT: fixed-semantics declaration not exercised by the pinned program	syntax Bool ::= gtF(Float, Float) [function, total, symbol(gtF), no-evaluators]
reference-semantics/semantics/float.k:126:rule:63	reference-semantics/semantics/float.k	126	126	rule	concrete	OUT_OF_TARGET_SLICE_FIXED_RULE	NO TARGET IMPACT: cannot match the pinned program's reachable constructors/control states; no false witness asserted	rule gtF(F1:Float, F2:Float) => F1 >Float F2 [concrete]
reference-semantics/semantics/float.k:127:rule:64	reference-semantics/semantics/float.k	127	127	rule		OUT_OF_TARGET_SLICE_FIXED_RULE	NO TARGET IMPACT: cannot match the pinned program's reachable constructors/control states; no false witness asserted	"rule applyCmp("">"", F1:Float, F2:Float) => gtF(F1, F2)"
reference-semantics/semantics/float.k:128:rule:65	reference-semantics/semantics/float.k	128	128	rule		OUT_OF_TARGET_SLICE_FIXED_RULE	NO TARGET IMPACT: cannot match the pinned program's reachable constructors/control states; no false witness asserted	"rule applyCmp("">="", F1:Float, F2:Float) => notBool floatLt(F1, F2)"
reference-semantics/semantics/float.k:129:rule:66	reference-semantics/semantics/float.k	129	129	rule		OUT_OF_TARGET_SLICE_FIXED_RULE	NO TARGET IMPACT: cannot match the pinned program's reachable constructors/control states; no false witness asserted	"rule applyCmp(""<="", F1:Float, F2:Float) => notBool gtF(F1, F2)"
reference-semantics/semantics/float.k:132:rule:67	reference-semantics/semantics/float.k	132	132	rule		OUT_OF_TARGET_SLICE_FIXED_RULE	NO TARGET IMPACT: cannot match the pinned program's reachable constructors/control states; no false witness asserted	"rule applyBin(""**"", I:Int, F:Float) => powF(intToF(I), F)"
reference-semantics/semantics/float.k:133:rule:68	reference-semantics/semantics/float.k	133	133	rule		OUT_OF_TARGET_SLICE_FIXED_RULE	NO TARGET IMPACT: cannot match the pinned program's reachable constructors/control states; no false witness asserted	"rule applyBin(""**"", F:Float, I:Int) => powF(F, intToF(I))"
reference-semantics/semantics/float.k:134:rule:69	reference-semantics/semantics/float.k	134	134	rule		OUT_OF_TARGET_SLICE_FIXED_RULE	NO TARGET IMPACT: cannot match the pinned program's reachable constructors/control states; no false witness asserted	"rule applyBin(""-"", I:Int, F:Float) => subF(intToF(I), F)"
reference-semantics/semantics/float.k:135:rule:70	reference-semantics/semantics/float.k	135	135	rule		OUT_OF_TARGET_SLICE_FIXED_RULE	NO TARGET IMPACT: cannot match the pinned program's reachable constructors/control states; no false witness asserted	"rule applyBin(""-"", F:Float, I:Int) => subF(F, intToF(I))"
reference-semantics/semantics/float.k:136:rule:71	reference-semantics/semantics/float.k	136	136	rule		OUT_OF_TARGET_SLICE_FIXED_RULE	NO TARGET IMPACT: cannot match the pinned program's reachable constructors/control states; no false witness asserted	"rule applyBin(""+"", I:Int, F:Float) => addF(intToF(I), F)"
reference-semantics/semantics/float.k:137:rule:72	reference-semantics/semantics/float.k	137	137	rule		OUT_OF_TARGET_SLICE_FIXED_RULE	NO TARGET IMPACT: cannot match the pinned program's reachable constructors/control states; no false witness asserted	"rule applyBin(""+"", F:Float, I:Int) => addF(F, intToF(I))"
reference-semantics/semantics/float.k:138:rule:73	reference-semantics/semantics/float.k	138	138	rule		OUT_OF_TARGET_SLICE_FIXED_RULE	NO TARGET IMPACT: cannot match the pinned program's reachable constructors/control states; no false witness asserted	"rule applyBin(""*"", I:Int, F:Float) => mulF(intToF(I), F)"
reference-semantics/semantics/float.k:139:rule:74	reference-semantics/semantics/float.k	139	139	rule		OUT_OF_TARGET_SLICE_FIXED_RULE	NO TARGET IMPACT: cannot match the pinned program's reachable constructors/control states; no false witness asserted	"rule applyBin(""*"", F:Float, I:Int) => mulF(F, intToF(I))"
reference-semantics/semantics/float.k:142:syntax:75	reference-semantics/semantics/float.k	142	142	syntax	function,total,no-evaluators,symbol	OUT_OF_TARGET_SLICE_DECLARATION	NO TARGET IMPACT: fixed-semantics declaration not exercised by the pinned program	syntax Bool ::= eqF(Float, Float) [function, total, symbol(eqF), no-evaluators]
reference-semantics/semantics/float.k:143:rule:76	reference-semantics/semantics/float.k	143	143	rule	concrete	OUT_OF_TARGET_SLICE_FIXED_RULE	NO TARGET IMPACT: cannot match the pinned program's reachable constructors/control states; no false witness asserted	rule eqF(F1:Float, F2:Float) => F1 ==Float F2 [concrete]
reference-semantics/semantics/float.k:144:rule:77	reference-semantics/semantics/float.k	144	144	rule		OUT_OF_TARGET_SLICE_FIXED_RULE	NO TARGET IMPACT: cannot match the pinned program's reachable constructors/control states; no false witness asserted	"rule applyCmp(""=="", I:Int, F:Float) => eqF(intToF(I), F)"
reference-semantics/semantics/float.k:145:rule:78	reference-semantics/semantics/float.k	145	145	rule		OUT_OF_TARGET_SLICE_FIXED_RULE	NO TARGET IMPACT: cannot match the pinned program's reachable constructors/control states; no false witness asserted	"rule applyCmp(""=="", F:Float, I:Int) => eqF(F, intToF(I))"
reference-semantics/semantics/float.k:146:rule:79	reference-semantics/semantics/float.k	146	146	rule		OUT_OF_TARGET_SLICE_FIXED_RULE	NO TARGET IMPACT: cannot match the pinned program's reachable constructors/control states; no false witness asserted	"rule applyCmp(""!="", I:Int, F:Float) => notBool eqF(intToF(I), F)"
reference-semantics/semantics/float.k:147:rule:80	reference-semantics/semantics/float.k	147	147	rule		OUT_OF_TARGET_SLICE_FIXED_RULE	NO TARGET IMPACT: cannot match the pinned program's reachable constructors/control states; no false witness asserted	"rule applyCmp(""!="", F:Float, I:Int) => notBool eqF(F, intToF(I))"
reference-semantics/semantics/float.k:148:rule:81	reference-semantics/semantics/float.k	148	148	rule		OUT_OF_TARGET_SLICE_FIXED_RULE	NO TARGET IMPACT: cannot match the pinned program's reachable constructors/control states; no false witness asserted	"rule applyCmp(""<"", I:Int, F:Float) => floatLt(intToF(I), F)"
reference-semantics/semantics/float.k:149:rule:82	reference-semantics/semantics/float.k	149	149	rule		OUT_OF_TARGET_SLICE_FIXED_RULE	NO TARGET IMPACT: cannot match the pinned program's reachable constructors/control states; no false witness asserted	"rule applyCmp(""<"", F:Float, I:Int) => floatLt(F, intToF(I))"
reference-semantics/semantics/float.k:150:rule:83	reference-semantics/semantics/float.k	150	150	rule		OUT_OF_TARGET_SLICE_FIXED_RULE	NO TARGET IMPACT: cannot match the pinned program's reachable constructors/control states; no false witness asserted	"rule applyCmp("">"", I:Int, F:Float) => gtF(intToF(I), F)"
reference-semantics/semantics/float.k:151:rule:84	reference-semantics/semantics/float.k	151	151	rule		OUT_OF_TARGET_SLICE_FIXED_RULE	NO TARGET IMPACT: cannot match the pinned program's reachable constructors/control states; no false witness asserted	"rule applyCmp("">"", F:Float, I:Int) => gtF(F, intToF(I))"
reference-semantics/semantics/float.k:154:rule:85	reference-semantics/semantics/float.k	154	154	rule		OUT_OF_TARGET_SLICE_FIXED_RULE	NO TARGET IMPACT: cannot match the pinned program's reachable constructors/control states; no false witness asserted	"rule applyCmp(""=="", V:Val, noneV) => V ==K noneV"
reference-semantics/semantics/float.k:155:rule:86	reference-semantics/semantics/float.k	155	155	rule		OUT_OF_TARGET_SLICE_FIXED_RULE	NO TARGET IMPACT: cannot match the pinned program's reachable constructors/control states; no false witness asserted	"rule applyCmp(""!="", V:Val, noneV) => notBool (V ==K noneV)"
reference-semantics/semantics/float.k:160:syntax:87	reference-semantics/semantics/float.k	160	160	syntax	function,total,no-evaluators,symbol	OUT_OF_TARGET_SLICE_DECLARATION	NO TARGET IMPACT: fixed-semantics declaration not exercised by the pinned program	syntax Float ::= decStrToF(IntSeq) [function, total, symbol(decStrToF), no-evaluators]
reference-semantics/semantics/float.k:161:rule:88	reference-semantics/semantics/float.k	161	161	rule	concrete	OUT_OF_TARGET_SLICE_FIXED_RULE	NO TARGET IMPACT: cannot match the pinned program's reachable constructors/control states; no false witness asserted	rule decStrToF(iCons(45, CS:IntSeq)) => 0.0 -Float decStrToF(CS) [concrete]
reference-semantics/semantics/float.k:162:rule:89	reference-semantics/semantics/float.k	162	164	rule	concrete	OUT_OF_TARGET_SLICE_FIXED_RULE	NO TARGET IMPACT: cannot match the pinned program's reachable constructors/control states; no false witness asserted	rule decStrToF(CS:IntSeq) => intToF(intPart(CS)) +Float (intToF(fracPart(CS)) /Float intToF(fracScale(CS))) requires isLen(CS) >Int 0 andBool headIS(CS) =/=Int 45 [concrete]
reference-semantics/semantics/float.k:165:syntax:90	reference-semantics/semantics/float.k	165	165	syntax	function	OUT_OF_TARGET_SLICE_DECLARATION	NO TARGET IMPACT: fixed-semantics declaration not exercised by the pinned program	syntax Int ::= headIS(IntSeq) [function]
reference-semantics/semantics/float.k:166:rule:91	reference-semantics/semantics/float.k	166	166	rule		OUT_OF_TARGET_SLICE_FIXED_RULE	NO TARGET IMPACT: cannot match the pinned program's reachable constructors/control states; no false witness asserted	rule headIS(iCons(C:Int, _:IntSeq)) => C
reference-semantics/semantics/float.k:167:syntax:92	reference-semantics/semantics/float.k	167	167	syntax	function,total	OUT_OF_TARGET_SLICE_DECLARATION	NO TARGET IMPACT: fixed-semantics declaration not exercised by the pinned program	syntax Int ::= intPart(IntSeq) [function, total] | intPartAcc(IntSeq, Int) [function, total]
reference-semantics/semantics/float.k:168:rule:93	reference-semantics/semantics/float.k	168	168	rule		OUT_OF_TARGET_SLICE_FIXED_RULE	NO TARGET IMPACT: cannot match the pinned program's reachable constructors/control states; no false witness asserted	rule intPart(CS:IntSeq) => intPartAcc(CS, 0)
reference-semantics/semantics/float.k:169:rule:94	reference-semantics/semantics/float.k	169	169	rule		OUT_OF_TARGET_SLICE_FIXED_RULE	NO TARGET IMPACT: cannot match the pinned program's reachable constructors/control states; no false witness asserted	rule intPartAcc(.IntSeq, A:Int) => A
reference-semantics/semantics/float.k:170:rule:95	reference-semantics/semantics/float.k	170	170	rule		OUT_OF_TARGET_SLICE_FIXED_RULE	NO TARGET IMPACT: cannot match the pinned program's reachable constructors/control states; no false witness asserted	rule intPartAcc(iCons(46, _:IntSeq), A:Int) => A
reference-semantics/semantics/float.k:171:rule:96	reference-semantics/semantics/float.k	171	172	rule		OUT_OF_TARGET_SLICE_FIXED_RULE	NO TARGET IMPACT: cannot match the pinned program's reachable constructors/control states; no false witness asserted	rule intPartAcc(iCons(C:Int, R:IntSeq), A:Int) => intPartAcc(R, A *Int 10 +Int (C -Int 48)) requires C =/=Int 46
reference-semantics/semantics/float.k:173:syntax:97	reference-semantics/semantics/float.k	173	173	syntax	function,total	OUT_OF_TARGET_SLICE_DECLARATION	NO TARGET IMPACT: fixed-semantics declaration not exercised by the pinned program	syntax Int ::= fracPart(IntSeq) [function, total] | fracAcc(IntSeq, Int) [function, total]
reference-semantics/semantics/float.k:174:rule:98	reference-semantics/semantics/float.k	174	174	rule		OUT_OF_TARGET_SLICE_FIXED_RULE	NO TARGET IMPACT: cannot match the pinned program's reachable constructors/control states; no false witness asserted	rule fracPart(.IntSeq) => 0
reference-semantics/semantics/float.k:175:rule:99	reference-semantics/semantics/float.k	175	175	rule		OUT_OF_TARGET_SLICE_FIXED_RULE	NO TARGET IMPACT: cannot match the pinned program's reachable constructors/control states; no false witness asserted	rule fracPart(iCons(46, R:IntSeq)) => fracAcc(R, 0)
reference-semantics/semantics/float.k:176:rule:100	reference-semantics/semantics/float.k	176	176	rule		OUT_OF_TARGET_SLICE_FIXED_RULE	NO TARGET IMPACT: cannot match the pinned program's reachable constructors/control states; no false witness asserted	rule fracPart(iCons(C:Int, R:IntSeq)) => fracPart(R) requires C =/=Int 46
reference-semantics/semantics/float.k:177:rule:101	reference-semantics/semantics/float.k	177	177	rule		OUT_OF_TARGET_SLICE_FIXED_RULE	NO TARGET IMPACT: cannot match the pinned program's reachable constructors/control states; no false witness asserted	rule fracAcc(.IntSeq, A:Int) => A
reference-semantics/semantics/float.k:178:rule:102	reference-semantics/semantics/float.k	178	178	rule		OUT_OF_TARGET_SLICE_FIXED_RULE	NO TARGET IMPACT: cannot match the pinned program's reachable constructors/control states; no false witness asserted	rule fracAcc(iCons(C:Int, R:IntSeq), A:Int) => fracAcc(R, A *Int 10 +Int (C -Int 48))
reference-semantics/semantics/float.k:179:syntax:103	reference-semantics/semantics/float.k	179	179	syntax	function,total	OUT_OF_TARGET_SLICE_DECLARATION	NO TARGET IMPACT: fixed-semantics declaration not exercised by the pinned program	syntax Int ::= fracScale(IntSeq) [function, total] | fscAcc(IntSeq, Int) [function, total]
reference-semantics/semantics/float.k:180:rule:104	reference-semantics/semantics/float.k	180	180	rule		OUT_OF_TARGET_SLICE_FIXED_RULE	NO TARGET IMPACT: cannot match the pinned program's reachable constructors/control states; no false witness asserted	rule fracScale(.IntSeq) => 1
reference-semantics/semantics/float.k:181:rule:105	reference-semantics/semantics/float.k	181	181	rule		OUT_OF_TARGET_SLICE_FIXED_RULE	NO TARGET IMPACT: cannot match the pinned program's reachable constructors/control states; no false witness asserted	rule fracScale(iCons(46, R:IntSeq)) => fscAcc(R, 1)
reference-semantics/semantics/float.k:182:rule:106	reference-semantics/semantics/float.k	182	182	rule		OUT_OF_TARGET_SLICE_FIXED_RULE	NO TARGET IMPACT: cannot match the pinned program's reachable constructors/control states; no false witness asserted	rule fracScale(iCons(C:Int, R:IntSeq)) => fracScale(R) requires C =/=Int 46
reference-semantics/semantics/float.k:183:rule:107	reference-semantics/semantics/float.k	183	183	rule		OUT_OF_TARGET_SLICE_FIXED_RULE	NO TARGET IMPACT: cannot match the pinned program's reachable constructors/control states; no false witness asserted	rule fscAcc(.IntSeq, A:Int) => A
reference-semantics/semantics/float.k:184:rule:108	reference-semantics/semantics/float.k	184	184	rule		OUT_OF_TARGET_SLICE_FIXED_RULE	NO TARGET IMPACT: cannot match the pinned program's reachable constructors/control states; no false witness asserted	rule fscAcc(iCons(_:Int, R:IntSeq), A:Int) => fscAcc(R, A *Int 10)
reference-semantics/semantics/float.k:185:rule:109	reference-semantics/semantics/float.k	185	185	rule		OUT_OF_TARGET_SLICE_FIXED_RULE	NO TARGET IMPACT: cannot match the pinned program's reachable constructors/control states; no false witness asserted	"rule applyBuiltin(""float"", str(CS:IntSeq), .Vals) => decStrToF(CS)"
reference-semantics/semantics/float.k:186:rule:110	reference-semantics/semantics/float.k	186	186	rule		OUT_OF_TARGET_SLICE_FIXED_RULE	NO TARGET IMPACT: cannot match the pinned program's reachable constructors/control states; no false witness asserted	"rule applyBuiltin(""float"", I:Int, .Vals) => intToF(I)"
reference-semantics/semantics/float.k:187:rule:111	reference-semantics/semantics/float.k	187	187	rule		OUT_OF_TARGET_SLICE_FIXED_RULE	NO TARGET IMPACT: cannot match the pinned program's reachable constructors/control states; no false witness asserted	"rule applyBuiltin(""float"", F:Float, .Vals) => F"
reference-semantics/semantics/float.k:190:syntax:112	reference-semantics/semantics/float.k	190	190	syntax	function,total,no-evaluators,symbol	OUT_OF_TARGET_SLICE_DECLARATION	NO TARGET IMPACT: fixed-semantics declaration not exercised by the pinned program	syntax Float ::= divFloatIntV(Float, Int) [function, total, symbol(divFloatIntV), no-evaluators]
reference-semantics/semantics/float.k:191:rule:113	reference-semantics/semantics/float.k	191	191	rule	concrete	OUT_OF_TARGET_SLICE_FIXED_RULE	NO TARGET IMPACT: cannot match the pinned program's reachable constructors/control states; no false witness asserted	rule divFloatIntV(F:Float, I:Int) => F /Float Int2Float(I, 53, 11) [concrete]
reference-semantics/semantics/float.k:192:rule:114	reference-semantics/semantics/float.k	192	192	rule		OUT_OF_TARGET_SLICE_FIXED_RULE	NO TARGET IMPACT: cannot match the pinned program's reachable constructors/control states; no false witness asserted	"rule applyBin(""/"", F:Float, I:Int) => divFloatIntV(F, I)"
reference-semantics/semantics/float.k:195:syntax:115	reference-semantics/semantics/float.k	195	195	syntax	function,total,no-evaluators,symbol	OUT_OF_TARGET_SLICE_DECLARATION	NO TARGET IMPACT: fixed-semantics declaration not exercised by the pinned program	syntax Float ::= intToF(Int) [function, total, symbol(intToF), no-evaluators]
reference-semantics/semantics/float.k:196:rule:116	reference-semantics/semantics/float.k	196	196	rule	concrete	OUT_OF_TARGET_SLICE_FIXED_RULE	NO TARGET IMPACT: cannot match the pinned program's reachable constructors/control states; no false witness asserted	rule intToF(I:Int) => Int2Float(I, 53, 11) [concrete]
reference-semantics/semantics/float.k:197:rule:117	reference-semantics/semantics/float.k	197	197	rule		OUT_OF_TARGET_SLICE_FIXED_RULE	NO TARGET IMPACT: cannot match the pinned program's reachable constructors/control states; no false witness asserted	"rule applyBin(""+"", I:Int, F:Float) => addF(intToF(I), F)"
reference-semantics/semantics/float.k:198:rule:118	reference-semantics/semantics/float.k	198	198	rule		OUT_OF_TARGET_SLICE_FIXED_RULE	NO TARGET IMPACT: cannot match the pinned program's reachable constructors/control states; no false witness asserted	"rule applyBin(""+"", F:Float, I:Int) => addF(F, intToF(I))"
reference-semantics/semantics/float.k:199:rule:119	reference-semantics/semantics/float.k	199	199	rule		OUT_OF_TARGET_SLICE_FIXED_RULE	NO TARGET IMPACT: cannot match the pinned program's reachable constructors/control states; no false witness asserted	"rule applyBin(""-"", I:Int, F:Float) => subF(intToF(I), F)"
reference-semantics/semantics/float.k:200:rule:120	reference-semantics/semantics/float.k	200	200	rule		OUT_OF_TARGET_SLICE_FIXED_RULE	NO TARGET IMPACT: cannot match the pinned program's reachable constructors/control states; no false witness asserted	"rule applyBin(""-"", F:Float, I:Int) => subF(F, intToF(I))"
reference-semantics/semantics/float.k:201:rule:121	reference-semantics/semantics/float.k	201	201	rule		OUT_OF_TARGET_SLICE_FIXED_RULE	NO TARGET IMPACT: cannot match the pinned program's reachable constructors/control states; no false witness asserted	"rule applyBin(""*"", I:Int, F:Float) => mulF(intToF(I), F)"
reference-semantics/semantics/float.k:202:rule:122	reference-semantics/semantics/float.k	202	202	rule		OUT_OF_TARGET_SLICE_FIXED_RULE	NO TARGET IMPACT: cannot match the pinned program's reachable constructors/control states; no false witness asserted	"rule applyBin(""*"", F:Float, I:Int) => mulF(F, intToF(I))"
reference-semantics/semantics/float.k:203:rule:123	reference-semantics/semantics/float.k	203	203	rule		OUT_OF_TARGET_SLICE_FIXED_RULE	NO TARGET IMPACT: cannot match the pinned program's reachable constructors/control states; no false witness asserted	"rule applyCmp(""<"", I:Int, F:Float) => floatLt(intToF(I), F)"
reference-semantics/semantics/float.k:204:rule:124	reference-semantics/semantics/float.k	204	204	rule		OUT_OF_TARGET_SLICE_FIXED_RULE	NO TARGET IMPACT: cannot match the pinned program's reachable constructors/control states; no false witness asserted	"rule applyCmp(""<"", F:Float, I:Int) => floatLt(F, intToF(I))"
reference-semantics/semantics/float.k:205:rule:125	reference-semantics/semantics/float.k	205	205	rule		OUT_OF_TARGET_SLICE_FIXED_RULE	NO TARGET IMPACT: cannot match the pinned program's reachable constructors/control states; no false witness asserted	"rule applyCmp("">"", I:Int, F:Float) => gtF(intToF(I), F)"
reference-semantics/semantics/float.k:206:rule:126	reference-semantics/semantics/float.k	206	206	rule		OUT_OF_TARGET_SLICE_FIXED_RULE	NO TARGET IMPACT: cannot match the pinned program's reachable constructors/control states; no false witness asserted	"rule applyCmp("">"", F:Float, I:Int) => gtF(F, intToF(I))"
reference-semantics/semantics/float.k:209:syntax:127	reference-semantics/semantics/float.k	209	209	syntax	function,total,no-evaluators,symbol	OUT_OF_TARGET_SLICE_DECLARATION	NO TARGET IMPACT: fixed-semantics declaration not exercised by the pinned program	syntax Int ::= truncF(Float) [function, total, symbol(truncF), no-evaluators]
reference-semantics/semantics/float.k:210:rule:128	reference-semantics/semantics/float.k	210	210	rule	concrete	OUT_OF_TARGET_SLICE_FIXED_RULE	NO TARGET IMPACT: cannot match the pinned program's reachable constructors/control states; no false witness asserted	rule truncF(F:Float) => #if F >=Float 0.0 #then Float2Int(floorFloat(F)) #else Float2Int(ceilFloat(F)) #fi [concrete]
reference-semantics/semantics/float.k:211:rule:129	reference-semantics/semantics/float.k	211	211	rule		OUT_OF_TARGET_SLICE_FIXED_RULE	NO TARGET IMPACT: cannot match the pinned program's reachable constructors/control states; no false witness asserted	"rule applyBuiltin(""int"", F:Float, .Vals) => truncF(F)"
reference-semantics/semantics/float.k:213:rule:130	reference-semantics/semantics/float.k	213	213	rule		OUT_OF_TARGET_SLICE_FIXED_RULE	NO TARGET IMPACT: cannot match the pinned program's reachable constructors/control states; no false witness asserted	"rule applyBuiltin(""float"", I:Int, .Vals) => intToF(I)"
reference-semantics/semantics/float.k:214:rule:131	reference-semantics/semantics/float.k	214	214	rule		OUT_OF_TARGET_SLICE_FIXED_RULE	NO TARGET IMPACT: cannot match the pinned program's reachable constructors/control states; no false witness asserted	"rule applyBuiltin(""float"", F:Float, .Vals) => F"
reference-semantics/semantics/float.k:217:syntax:132	reference-semantics/semantics/float.k	217	217	syntax	function,total,no-evaluators,symbol	OUT_OF_TARGET_SLICE_DECLARATION	NO TARGET IMPACT: fixed-semantics declaration not exercised by the pinned program	syntax Int ::= roundF(Float) [function, total, symbol(roundF), no-evaluators]
reference-semantics/semantics/float.k:218:rule:133	reference-semantics/semantics/float.k	218	222	rule	concrete	OUT_OF_TARGET_SLICE_FIXED_RULE	NO TARGET IMPACT: cannot match the pinned program's reachable constructors/control states; no false witness asserted	rule roundF(F:Float) => #if (F -Float floorFloat(F)) ==Float 0.5 #then (#if Float2Int(floorFloat(F)) %Int 2 ==Int 0 #then Float2Int(floorFloat(F)) #else Float2Int(ceilFloat(F)) #fi) #else Float2Int(floorFloat(F +Float 0.5)) #fi [concrete]
reference-semantics/semantics/float.k:223:syntax:134	reference-semantics/semantics/float.k	223	223	syntax	function,total,no-evaluators,symbol	OUT_OF_TARGET_SLICE_DECLARATION	NO TARGET IMPACT: fixed-semantics declaration not exercised by the pinned program	syntax Float ::= roundFN(Float, Int) [function, total, symbol(roundFN), no-evaluators]
reference-semantics/semantics/float.k:224:rule:135	reference-semantics/semantics/float.k	224	226	rule	concrete	OUT_OF_TARGET_SLICE_FIXED_RULE	NO TARGET IMPACT: cannot match the pinned program's reachable constructors/control states; no false witness asserted	rule roundFN(F:Float, N:Int) => Int2Float(roundF(F *Float Int2Float(10 ^Int N, 53, 11)), 53, 11) /Float Int2Float(10 ^Int N, 53, 11) [concrete]
reference-semantics/semantics/float.k:227:rule:136	reference-semantics/semantics/float.k	227	227	rule		OUT_OF_TARGET_SLICE_FIXED_RULE	NO TARGET IMPACT: cannot match the pinned program's reachable constructors/control states; no false witness asserted	"rule applyBuiltin(""round"", F:Float, .Vals) => roundF(F)"
reference-semantics/semantics/float.k:228:rule:137	reference-semantics/semantics/float.k	228	228	rule		OUT_OF_TARGET_SLICE_FIXED_RULE	NO TARGET IMPACT: cannot match the pinned program's reachable constructors/control states; no false witness asserted	"rule applyBuiltin(""round"", F:Float, N:Int, .Vals) => roundFN(F, N)"
reference-semantics/semantics/float.k:230:syntax:138	reference-semantics/semantics/float.k	230	230	syntax	function,total,no-evaluators,symbol	OUT_OF_TARGET_SLICE_DECLARATION	NO TARGET IMPACT: fixed-semantics declaration not exercised by the pinned program	syntax Float ::= sqrtF(Float) [function, total, symbol(sqrtF), no-evaluators]
reference-semantics/semantics/float.k:231:rule:139	reference-semantics/semantics/float.k	231	231	rule	concrete	OUT_OF_TARGET_SLICE_FIXED_RULE	NO TARGET IMPACT: cannot match the pinned program's reachable constructors/control states; no false witness asserted	rule sqrtF(F:Float) => sqrtFloat(F) [concrete]
reference-semantics/semantics/float.k:232:syntax:140	reference-semantics/semantics/float.k	232	232	syntax		OUT_OF_TARGET_SLICE_DECLARATION	NO TARGET IMPACT: fixed-semantics declaration not exercised by the pinned program	"syntax KItem ::= ""#mathSqrt"""
reference-semantics/semantics/float.k:233:rule:141	reference-semantics/semantics/float.k	233	233	rule	priority	OUT_OF_TARGET_SLICE_FIXED_RULE	NO TARGET IMPACT: cannot match the pinned program's reachable constructors/control states; no false witness asserted	"rule <k> Call(Attribute(Name(""math""), ""sqrt""), (E:Expr, .Exprs)) => E ~> #mathSqrt ... </k> [priority(40)]"
reference-semantics/semantics/float.k:234:rule:142	reference-semantics/semantics/float.k	234	234	rule		OUT_OF_TARGET_SLICE_FIXED_RULE	NO TARGET IMPACT: cannot match the pinned program's reachable constructors/control states; no false witness asserted	rule <k> F:Float ~> #mathSqrt => sqrtF(F) ... </k>
reference-semantics/semantics/float.k:235:rule:143	reference-semantics/semantics/float.k	235	235	rule		OUT_OF_TARGET_SLICE_FIXED_RULE	NO TARGET IMPACT: cannot match the pinned program's reachable constructors/control states; no false witness asserted	rule <k> I:Int ~> #mathSqrt => sqrtF(intToF(I)) ... </k>
reference-semantics/semantics/float.k:243:syntax:144	reference-semantics/semantics/float.k	243	243	syntax		OUT_OF_TARGET_SLICE_DECLARATION	NO TARGET IMPACT: fixed-semantics declaration not exercised by the pinned program	syntax KItem ::= #maxAccF(Iterable, Float) | #maxContF(Float)
reference-semantics/semantics/float.k:244:rule:145	reference-semantics/semantics/float.k	244	244	rule		OUT_OF_TARGET_SLICE_FIXED_RULE	NO TARGET IMPACT: cannot match the pinned program's reachable constructors/control states; no false witness asserted	rule <k> #iterYield(V:Val, R:Iterable) ~> #maxCont0 => #maxAccF(R, {V}:>Float) ... </k> requires isFloat(V)
reference-semantics/semantics/float.k:245:rule:146	reference-semantics/semantics/float.k	245	245	rule		OUT_OF_TARGET_SLICE_FIXED_RULE	NO TARGET IMPACT: cannot match the pinned program's reachable constructors/control states; no false witness asserted	rule <k> #maxAccF(IT:Iterable, M:Float) => #iterNext(IT) ~> #maxContF(M) ... </k>
reference-semantics/semantics/float.k:246:rule:147	reference-semantics/semantics/float.k	246	246	rule		OUT_OF_TARGET_SLICE_FIXED_RULE	NO TARGET IMPACT: cannot match the pinned program's reachable constructors/control states; no false witness asserted	rule <k> #iterDone ~> #maxContF(M:Float) => M ... </k>
reference-semantics/semantics/float.k:247:rule:148	reference-semantics/semantics/float.k	247	248	rule		OUT_OF_TARGET_SLICE_FIXED_RULE	NO TARGET IMPACT: cannot match the pinned program's reachable constructors/control states; no false witness asserted	rule <k> #iterYield(V:Val, R:Iterable) ~> #maxContF(M:Float) => #maxAccF(R, maxFloat(M, {V}:>Float)) ... </k> requires isFloat(V)
reference-semantics/semantics/float.k:250:syntax:149	reference-semantics/semantics/float.k	250	250	syntax		OUT_OF_TARGET_SLICE_DECLARATION	NO TARGET IMPACT: fixed-semantics declaration not exercised by the pinned program	syntax KItem ::= #minAccF(Iterable, Float) | #minContF(Float)
reference-semantics/semantics/float.k:251:rule:150	reference-semantics/semantics/float.k	251	251	rule		OUT_OF_TARGET_SLICE_FIXED_RULE	NO TARGET IMPACT: cannot match the pinned program's reachable constructors/control states; no false witness asserted	rule <k> #iterYield(V:Val, R:Iterable) ~> #minCont0 => #minAccF(R, {V}:>Float) ... </k> requires isFloat(V)
reference-semantics/semantics/float.k:252:rule:151	reference-semantics/semantics/float.k	252	252	rule		OUT_OF_TARGET_SLICE_FIXED_RULE	NO TARGET IMPACT: cannot match the pinned program's reachable constructors/control states; no false witness asserted	rule <k> #minAccF(IT:Iterable, M:Float) => #iterNext(IT) ~> #minContF(M) ... </k>
reference-semantics/semantics/float.k:253:rule:152	reference-semantics/semantics/float.k	253	253	rule		OUT_OF_TARGET_SLICE_FIXED_RULE	NO TARGET IMPACT: cannot match the pinned program's reachable constructors/control states; no false witness asserted	rule <k> #iterDone ~> #minContF(M:Float) => M ... </k>
reference-semantics/semantics/float.k:254:rule:153	reference-semantics/semantics/float.k	254	255	rule		OUT_OF_TARGET_SLICE_FIXED_RULE	NO TARGET IMPACT: cannot match the pinned program's reachable constructors/control states; no false witness asserted	rule <k> #iterYield(V:Val, R:Iterable) ~> #minContF(M:Float) => #minAccF(R, minFloat(M, {V}:>Float)) ... </k> requires isFloat(V)
reference-semantics/semantics/float.k:261:syntax:154	reference-semantics/semantics/float.k	261	261	syntax		OUT_OF_TARGET_SLICE_DECLARATION	NO TARGET IMPACT: fixed-semantics declaration not exercised by the pinned program	syntax KItem ::= #sumAccF(Iterable, Float) | #sumContF(Float)
reference-semantics/semantics/float.k:262:rule:155	reference-semantics/semantics/float.k	262	264	rule		OUT_OF_TARGET_SLICE_FIXED_RULE	NO TARGET IMPACT: cannot match the pinned program's reachable constructors/control states; no false witness asserted	rule <k> #iterYield(V:Val, R:Iterable) ~> #sumCont(ACC:Int) => #sumAccF(R, addF(intToF(ACC), {V}:>Float)) ... </k> requires isFloat(V) andBool notBool (isInt(V) orBool isBool(V))
reference-semantics/semantics/float.k:265:rule:156	reference-semantics/semantics/float.k	265	265	rule		OUT_OF_TARGET_SLICE_FIXED_RULE	NO TARGET IMPACT: cannot match the pinned program's reachable constructors/control states; no false witness asserted	rule <k> #sumAccF(IT:Iterable, ACC:Float) => #iterNext(IT) ~> #sumContF(ACC) ... </k>
reference-semantics/semantics/float.k:266:rule:157	reference-semantics/semantics/float.k	266	266	rule		OUT_OF_TARGET_SLICE_FIXED_RULE	NO TARGET IMPACT: cannot match the pinned program's reachable constructors/control states; no false witness asserted	rule <k> #iterDone ~> #sumContF(ACC:Float) => ACC ... </k>
reference-semantics/semantics/float.k:267:rule:158	reference-semantics/semantics/float.k	267	269	rule		OUT_OF_TARGET_SLICE_FIXED_RULE	NO TARGET IMPACT: cannot match the pinned program's reachable constructors/control states; no false witness asserted	rule <k> #iterYield(V:Val, R:Iterable) ~> #sumContF(ACC:Float) => #sumAccF(R, addF(ACC, {V}:>Float)) ... </k> requires isFloat(V)
reference-semantics/semantics/float.k:270:rule:159	reference-semantics/semantics/float.k	270	272	rule		OUT_OF_TARGET_SLICE_FIXED_RULE	NO TARGET IMPACT: cannot match the pinned program's reachable constructors/control states; no false witness asserted	rule <k> #iterYield(V:Val, R:Iterable) ~> #sumContF(ACC:Float) => #sumAccF(R, addF(ACC, intToF(intOf(V)))) ... </k> requires isInt(V) orBool isBool(V)
reference-semantics/semantics/float.k:273:endmodule:160	reference-semantics/semantics/float.k	273	273	endmodule		FIXED_SCAFFOLD	NO TARGET IMPACT: assembly/module/import scaffolding	endmodule
reference-semantics/semantics/functions.k:3:module:1	reference-semantics/semantics/functions.k	3	3	module		MATERIAL_SCAFFOLD	ACCEPT: fixed-semantics module/import scaffolding	module MPY-FUNCTIONS
reference-semantics/semantics/functions.k:4:imports:2	reference-semantics/semantics/functions.k	4	4	imports		MATERIAL_SCAFFOLD	ACCEPT: fixed-semantics module/import scaffolding	imports MPY-CORE
reference-semantics/semantics/functions.k:8:syntax:3	reference-semantics/semantics/functions.k	8	11	syntax		MATERIAL_DECLARATION	ACCEPT: declaration/strictness for a constructor or value used by the pinned program	"syntax KItem ::= frame(continuation: K, callerEnv: Int, savedLoc: Int) | #bindP(ParamNames, Vals) | ""#pop"" | ""#endcall"""
reference-semantics/semantics/functions.k:14:rule:4	reference-semantics/semantics/functions.k	14	16	rule		MATERIAL_FIXED_SEMANTICS	ACCEPT: manually reviewed in the reachable semantic slice; matches the intended material operation	rule <k> FuncDef(F:String, Params(PNS:ParamNames), BODY:Stmts) => .K ... </k> <env> L:Int </env> <scopes> ... L |-> scope(M:Map => M [ F <- closureVal(PNS, BODY, L) ], _) ... </scopes>
reference-semantics/semantics/functions.k:18:syntax:5	reference-semantics/semantics/functions.k	18	18	syntax		MATERIAL_DECLARATION	ACCEPT: declaration/strictness for a constructor or value used by the pinned program	syntax Expr ::= closureExpr(ParamNames, Stmts)
reference-semantics/semantics/functions.k:19:rule:6	reference-semantics/semantics/functions.k	19	20	rule		MATERIAL_FIXED_SEMANTICS	ACCEPT: manually reviewed in the reachable semantic slice; matches the intended material operation	rule <k> closureExpr(PNS:ParamNames, BODY:Stmts) => closureVal(PNS, BODY, L) ... </k> <env> L:Int </env>
reference-semantics/semantics/functions.k:27:syntax:7	reference-semantics/semantics/functions.k	27	27	syntax		OUT_OF_TARGET_SLICE_DECLARATION	NO TARGET IMPACT: fixed-semantics declaration not exercised by the pinned program	syntax Val ::= closureValC(ParamNames, ParamNames, Stmts, Map)
reference-semantics/semantics/functions.k:31:syntax:8	reference-semantics/semantics/functions.k	31	32	syntax		OUT_OF_TARGET_SLICE_DECLARATION	NO TARGET IMPACT: fixed-semantics declaration not exercised by the pinned program	syntax KItem ::= #mkClosure(String, ParamNames, ParamNames, ParamNames, Stmts, Map) | #mkLambda(ParamNames, ParamNames, ParamNames, Stmts, Map)
reference-semantics/semantics/functions.k:33:rule:9	reference-semantics/semantics/functions.k	33	35	rule		OUT_OF_TARGET_SLICE_FIXED_RULE	NO TARGET IMPACT: cannot match the pinned program's reachable constructors/control states; no false witness asserted	rule <k> FuncDef(F:String, Params(PNS:ParamNames), CellVars(CVS:ParamNames), FreeVars(FVS:ParamNames), BODY:Stmts) => #mkClosure(F, PNS, CVS, FVS, BODY, .Map) ... </k>
reference-semantics/semantics/functions.k:36:rule:10	reference-semantics/semantics/functions.k	36	41	rule		OUT_OF_TARGET_SLICE_FIXED_RULE	NO TARGET IMPACT: cannot match the pinned program's reachable constructors/control states; no false witness asserted	rule <k> #mkClosure(F:String, PNS:ParamNames, CVS:ParamNames, (FV:String, FVR:ParamNames), BODY:Stmts, CM:Map) => #mkClosure(F, PNS, CVS, FVR, BODY, CM [ FV <- {M[FV]}:>Val ]) ... </k> <env> L:Int </env> <scopes> ... L |-> scope(M:Map, _) ... </scopes> requires FV in_keys(M)
reference-semantics/semantics/functions.k:42:rule:11	reference-semantics/semantics/functions.k	42	45	rule		OUT_OF_TARGET_SLICE_FIXED_RULE	NO TARGET IMPACT: cannot match the pinned program's reachable constructors/control states; no false witness asserted	rule <k> #mkClosure(F:String, PNS:ParamNames, CVS:ParamNames, .ParamNames, BODY:Stmts, CM:Map) => .K ... </k> <env> L:Int </env> <scopes> ... L |-> scope(M:Map => M [ F <- closureValC(PNS, CVS, BODY, CM) ], _) ... </scopes>
reference-semantics/semantics/functions.k:47:rule:12	reference-semantics/semantics/functions.k	47	49	rule		OUT_OF_TARGET_SLICE_FIXED_RULE	NO TARGET IMPACT: cannot match the pinned program's reachable constructors/control states; no false witness asserted	rule <k> Lambda(Params(PNS:ParamNames), E:Expr) => closureVal(PNS, Return(E) .Stmts, L) ... </k> <env> L:Int </env>
reference-semantics/semantics/functions.k:50:rule:13	reference-semantics/semantics/functions.k	50	52	rule		OUT_OF_TARGET_SLICE_FIXED_RULE	NO TARGET IMPACT: cannot match the pinned program's reachable constructors/control states; no false witness asserted	rule <k> Lambda(Params(PNS:ParamNames), CellVars(CVS:ParamNames), FreeVars(FVS:ParamNames), E:Expr) => #mkLambda(PNS, CVS, FVS, Return(E) .Stmts, .Map) ... </k>
reference-semantics/semantics/functions.k:53:rule:14	reference-semantics/semantics/functions.k	53	58	rule		OUT_OF_TARGET_SLICE_FIXED_RULE	NO TARGET IMPACT: cannot match the pinned program's reachable constructors/control states; no false witness asserted	rule <k> #mkLambda(PNS:ParamNames, CVS:ParamNames, (FV:String, FVR:ParamNames), BODY:Stmts, CM:Map) => #mkLambda(PNS, CVS, FVR, BODY, CM [ FV <- {M[FV]}:>Val ]) ... </k> <env> L:Int </env> <scopes> ... L |-> scope(M:Map, _) ... </scopes> requires FV in_keys(M)
reference-semantics/semantics/functions.k:59:rule:15	reference-semantics/semantics/functions.k	59	60	rule		OUT_OF_TARGET_SLICE_FIXED_RULE	NO TARGET IMPACT: cannot match the pinned program's reachable constructors/control states; no false witness asserted	rule <k> #mkLambda(PNS:ParamNames, CVS:ParamNames, .ParamNames, BODY:Stmts, CM:Map) => closureValC(PNS, CVS, BODY, CM) ... </k>
reference-semantics/semantics/functions.k:63:rule:16	reference-semantics/semantics/functions.k	63	63	rule		MATERIAL_FIXED_SEMANTICS	ACCEPT: manually reviewed in the reachable semantic slice; matches the intended material operation	rule <k> #bindP(.ParamNames, .Vals) => .K ... </k>
reference-semantics/semantics/functions.k:64:rule:17	reference-semantics/semantics/functions.k	64	66	rule		MATERIAL_FIXED_SEMANTICS	ACCEPT: manually reviewed in the reachable semantic slice; matches the intended material operation	rule <k> #bindP((P:String, PS:ParamNames), (V:Val, VS:Vals)) => #bindP(PS, VS) ... </k> <env> L:Int </env> <scopes> ... L |-> scope(M:Map => M [ P <- V ], _) ... </scopes>
reference-semantics/semantics/functions.k:68:rule:18	reference-semantics/semantics/functions.k	68	75	rule	priority	MATERIAL_FIXED_SEMANTICS	ACCEPT: manually reviewed in the reachable semantic slice; matches the intended material operation	"rule <k> #bindP((P:String, PS:ParamNames), (V:Val, VS:Vals)) => #cellW({M[P]}:>Val, V) ~> #bindP(PS, VS) ... </k> <env> L:Int </env> <scopes> ... L |-> scope(M:Map, _) ... </scopes> requires ""$cells"" in_keys(M) andBool pnMember(P, cellsOf({M[""$cells""]}:>Val)) andBool P in_keys(M) andBool isCellRef({M[P]}:>Val) [priority(40)]"
reference-semantics/semantics/functions.k:78:rule:19	reference-semantics/semantics/functions.k	78	79	rule		MATERIAL_FIXED_SEMANTICS	ACCEPT: manually reviewed in the reachable semantic slice; matches the intended material operation	rule <k> Return(V:Val) ~> _ => #pop </k> <ret> noRet => retV(V) </ret>
reference-semantics/semantics/functions.k:80:rule:20	reference-semantics/semantics/functions.k	80	81	rule		MATERIAL_FIXED_SEMANTICS	ACCEPT: manually reviewed in the reachable semantic slice; matches the intended material operation	rule <k> #endcall => #pop ... </k> <ret> noRet => retV(noneV) </ret>
reference-semantics/semantics/functions.k:85:rule:21	reference-semantics/semantics/functions.k	85	90	rule		MATERIAL_FIXED_SEMANTICS	ACCEPT: manually reviewed in the reachable semantic slice; matches the intended material operation	rule <k> #pop => V ~> CONT </k> <ret> retV(V) => noRet </ret> <stack> ListItem(frame(CONT:K, CALLERL:Int, SAVEDL:Int)) => .List ... </stack> <env> L:Int => CALLERL </env> <scopes> SC:Map => SC [ L <- undef ] </scopes> <scopeLoc> _ => SAVEDL </scopeLoc>
reference-semantics/semantics/functions.k:91:endmodule:22	reference-semantics/semantics/functions.k	91	91	endmodule		MATERIAL_SCAFFOLD	ACCEPT: fixed-semantics module/import scaffolding	endmodule
reference-semantics/semantics/int.k:4:module:1	reference-semantics/semantics/int.k	4	4	module		FIXED_SCAFFOLD	NO TARGET IMPACT: assembly/module/import scaffolding	module MPY-INT
reference-semantics/semantics/int.k:5:imports:2	reference-semantics/semantics/int.k	5	5	imports		FIXED_SCAFFOLD	NO TARGET IMPACT: assembly/module/import scaffolding	imports MPY-CORE
reference-semantics/semantics/int.k:7:rule:3	reference-semantics/semantics/int.k	7	7	rule		OUT_OF_TARGET_SLICE_FIXED_RULE	NO TARGET IMPACT: cannot match the pinned program's reachable constructors/control states; no false witness asserted	"rule applyUn(""-"", I:Int) => 0 -Int I"
reference-semantics/semantics/int.k:9:rule:4	reference-semantics/semantics/int.k	9	9	rule		OUT_OF_TARGET_SLICE_FIXED_RULE	NO TARGET IMPACT: cannot match the pinned program's reachable constructors/control states; no false witness asserted	"rule applyBin(""+"", I1:Int, I2:Int) => I1 +Int I2"
reference-semantics/semantics/int.k:11:rule:5	reference-semantics/semantics/int.k	11	11	rule		OUT_OF_TARGET_SLICE_FIXED_RULE	NO TARGET IMPACT: cannot match the pinned program's reachable constructors/control states; no false witness asserted	"rule applyBin(""+"", I:Int, B:Bool) => I +Int #if B #then 1 #else 0 #fi"
reference-semantics/semantics/int.k:12:rule:6	reference-semantics/semantics/int.k	12	12	rule		OUT_OF_TARGET_SLICE_FIXED_RULE	NO TARGET IMPACT: cannot match the pinned program's reachable constructors/control states; no false witness asserted	"rule applyBin(""+"", B:Bool, I:Int) => #if B #then 1 #else 0 #fi +Int I"
reference-semantics/semantics/int.k:13:rule:7	reference-semantics/semantics/int.k	13	13	rule		OUT_OF_TARGET_SLICE_FIXED_RULE	NO TARGET IMPACT: cannot match the pinned program's reachable constructors/control states; no false witness asserted	"rule applyBin(""-"", I1:Int, I2:Int) => I1 -Int I2"
reference-semantics/semantics/int.k:14:rule:8	reference-semantics/semantics/int.k	14	14	rule		OUT_OF_TARGET_SLICE_FIXED_RULE	NO TARGET IMPACT: cannot match the pinned program's reachable constructors/control states; no false witness asserted	"rule applyBin(""*"", I1:Int, I2:Int) => I1 *Int I2"
reference-semantics/semantics/int.k:15:rule:9	reference-semantics/semantics/int.k	15	15	rule		OUT_OF_TARGET_SLICE_FIXED_RULE	NO TARGET IMPACT: cannot match the pinned program's reachable constructors/control states; no false witness asserted	"rule applyBin(""%"", I1:Int, I2:Int) => pyMod(I1, I2)"
reference-semantics/semantics/int.k:16:rule:10	reference-semantics/semantics/int.k	16	16	rule		OUT_OF_TARGET_SLICE_FIXED_RULE	NO TARGET IMPACT: cannot match the pinned program's reachable constructors/control states; no false witness asserted	"rule applyBin(""//"", I1:Int, I2:Int) => (I1 -Int pyMod(I1, I2)) /Int I2"
reference-semantics/semantics/int.k:17:rule:11	reference-semantics/semantics/int.k	17	17	rule		OUT_OF_TARGET_SLICE_FIXED_RULE	NO TARGET IMPACT: cannot match the pinned program's reachable constructors/control states; no false witness asserted	"rule applyBin(""**"", I1:Int, I2:Int) => I1 ^Int I2 requires I2 >=Int 0"
reference-semantics/semantics/int.k:19:syntax:12	reference-semantics/semantics/int.k	19	19	syntax	function	OUT_OF_TARGET_SLICE_DECLARATION	NO TARGET IMPACT: fixed-semantics declaration not exercised by the pinned program	syntax Int ::= pyMod(Int, Int) [function]
reference-semantics/semantics/int.k:20:rule:13	reference-semantics/semantics/int.k	20	20	rule		OUT_OF_TARGET_SLICE_FIXED_RULE	NO TARGET IMPACT: cannot match the pinned program's reachable constructors/control states; no false witness asserted	rule pyMod(I1:Int, I2:Int) => ((I1 %Int I2) +Int I2) %Int I2
reference-semantics/semantics/int.k:22:rule:14	reference-semantics/semantics/int.k	22	22	rule		OUT_OF_TARGET_SLICE_FIXED_RULE	NO TARGET IMPACT: cannot match the pinned program's reachable constructors/control states; no false witness asserted	"rule applyCmp(""<"", I1:Int, I2:Int) => I1 <Int I2"
reference-semantics/semantics/int.k:23:rule:15	reference-semantics/semantics/int.k	23	23	rule		OUT_OF_TARGET_SLICE_FIXED_RULE	NO TARGET IMPACT: cannot match the pinned program's reachable constructors/control states; no false witness asserted	"rule applyCmp(""<="", I1:Int, I2:Int) => I1 <=Int I2"
reference-semantics/semantics/int.k:24:rule:16	reference-semantics/semantics/int.k	24	24	rule		OUT_OF_TARGET_SLICE_FIXED_RULE	NO TARGET IMPACT: cannot match the pinned program's reachable constructors/control states; no false witness asserted	"rule applyCmp("">"", I1:Int, I2:Int) => I1 >Int I2"
reference-semantics/semantics/int.k:25:rule:17	reference-semantics/semantics/int.k	25	25	rule		OUT_OF_TARGET_SLICE_FIXED_RULE	NO TARGET IMPACT: cannot match the pinned program's reachable constructors/control states; no false witness asserted	"rule applyCmp("">="", I1:Int, I2:Int) => I1 >=Int I2"
reference-semantics/semantics/int.k:26:rule:18	reference-semantics/semantics/int.k	26	26	rule		OUT_OF_TARGET_SLICE_FIXED_RULE	NO TARGET IMPACT: cannot match the pinned program's reachable constructors/control states; no false witness asserted	"rule applyCmp(""=="", I1:Int, I2:Int) => I1 ==Int I2"
reference-semantics/semantics/int.k:27:rule:19	reference-semantics/semantics/int.k	27	27	rule		OUT_OF_TARGET_SLICE_FIXED_RULE	NO TARGET IMPACT: cannot match the pinned program's reachable constructors/control states; no false witness asserted	"rule applyCmp(""!="", I1:Int, I2:Int) => I1 =/=Int I2"
reference-semantics/semantics/int.k:28:endmodule:20	reference-semantics/semantics/int.k	28	28	endmodule		FIXED_SCAFFOLD	NO TARGET IMPACT: assembly/module/import scaffolding	endmodule
reference-semantics/semantics/iter.k:6:module:1	reference-semantics/semantics/iter.k	6	6	module		MATERIAL_SCAFFOLD	ACCEPT: fixed-semantics module/import scaffolding	module MPY-ITER
reference-semantics/semantics/iter.k:7:imports:2	reference-semantics/semantics/iter.k	7	7	imports		MATERIAL_SCAFFOLD	ACCEPT: fixed-semantics module/import scaffolding	imports MPY-CORE
reference-semantics/semantics/iter.k:8:syntax:3	reference-semantics/semantics/iter.k	8	8	syntax		MATERIAL_DECLARATION	ACCEPT: declaration/strictness for a constructor or value used by the pinned program	"syntax KItem ::= #iterNext(Iterable) | ""#iterDone"" | #iterYield(Val, Iterable)"
reference-semantics/semantics/iter.k:9:endmodule:4	reference-semantics/semantics/iter.k	9	9	endmodule		FIXED_SCAFFOLD	NO TARGET IMPACT: assembly/module/import scaffolding	endmodule
reference-semantics/semantics/list.k:3:module:1	reference-semantics/semantics/list.k	3	3	module		FIXED_SCAFFOLD	NO TARGET IMPACT: assembly/module/import scaffolding	module MPY-LIST
reference-semantics/semantics/list.k:4:imports:2	reference-semantics/semantics/list.k	4	4	imports		FIXED_SCAFFOLD	NO TARGET IMPACT: assembly/module/import scaffolding	imports MPY-CORE
reference-semantics/semantics/list.k:5:imports:3	reference-semantics/semantics/list.k	5	5	imports		FIXED_SCAFFOLD	NO TARGET IMPACT: assembly/module/import scaffolding	imports MPY-ITER
reference-semantics/semantics/list.k:6:imports:4	reference-semantics/semantics/list.k	6	6	imports		FIXED_SCAFFOLD	NO TARGET IMPACT: assembly/module/import scaffolding	imports MPY-OPERATORS
reference-semantics/semantics/list.k:9:rule:5	reference-semantics/semantics/list.k	9	9	rule		OUT_OF_TARGET_SLICE_FIXED_RULE	NO TARGET IMPACT: cannot match the pinned program's reachable constructors/control states; no false witness asserted	rule <k> #iterNext(list(.ValSeq)) => #iterDone ... </k>
reference-semantics/semantics/list.k:10:rule:6	reference-semantics/semantics/list.k	10	10	rule		OUT_OF_TARGET_SLICE_FIXED_RULE	NO TARGET IMPACT: cannot match the pinned program's reachable constructors/control states; no false witness asserted	rule <k> #iterNext(list(vCons(V:Val, R:ValSeq))) => #iterYield(V, list(R)) ... </k>
reference-semantics/semantics/list.k:13:syntax:7	reference-semantics/semantics/list.k	13	13	syntax		OUT_OF_TARGET_SLICE_DECLARATION	NO TARGET IMPACT: fixed-semantics declaration not exercised by the pinned program	"syntax ApplyK ::= ""toList"""
reference-semantics/semantics/list.k:14:rule:8	reference-semantics/semantics/list.k	14	14	rule		OUT_OF_TARGET_SLICE_FIXED_RULE	NO TARGET IMPACT: cannot match the pinned program's reachable constructors/control states; no false witness asserted	rule <k> ListExpr(ES:Exprs) => #evalArgs(ES, .Vals, toList) ... </k>
reference-semantics/semantics/list.k:15:rule:9	reference-semantics/semantics/list.k	15	15	rule		OUT_OF_TARGET_SLICE_FIXED_RULE	NO TARGET IMPACT: cannot match the pinned program's reachable constructors/control states; no false witness asserted	rule <k> #applyK(toList, ACC:Vals) => #alloc(list(vals2valSeq(ACC))) ... </k>
reference-semantics/semantics/list.k:18:syntax:10	reference-semantics/semantics/list.k	18	18	syntax	function,total	OUT_OF_TARGET_SLICE_DECLARATION	NO TARGET IMPACT: fixed-semantics declaration not exercised by the pinned program	syntax ValSeq ::= valSeqConcat(ValSeq, ValSeq) [function, total]
reference-semantics/semantics/list.k:19:rule:11	reference-semantics/semantics/list.k	19	19	rule		OUT_OF_TARGET_SLICE_FIXED_RULE	NO TARGET IMPACT: cannot match the pinned program's reachable constructors/control states; no false witness asserted	rule valSeqConcat(.ValSeq, T:ValSeq) => T
reference-semantics/semantics/list.k:20:rule:12	reference-semantics/semantics/list.k	20	20	rule		OUT_OF_TARGET_SLICE_FIXED_RULE	NO TARGET IMPACT: cannot match the pinned program's reachable constructors/control states; no false witness asserted	rule valSeqConcat(vCons(V:Val, S:ValSeq), T:ValSeq) => vCons(V, valSeqConcat(S, T))
reference-semantics/semantics/list.k:24:rule:13	reference-semantics/semantics/list.k	24	25	rule	priority	OUT_OF_TARGET_SLICE_FIXED_RULE	NO TARGET IMPACT: cannot match the pinned program's reachable constructors/control states; no false witness asserted	"rule <k> BinOp(""+"", list(A:ValSeq), list(B:ValSeq)) => #alloc(list(valSeqConcat(A, B))) ... </k> [priority(45)]"
reference-semantics/semantics/list.k:27:rule:14	reference-semantics/semantics/list.k	27	27	rule		OUT_OF_TARGET_SLICE_FIXED_RULE	NO TARGET IMPACT: cannot match the pinned program's reachable constructors/control states; no false witness asserted	"rule applyCmp(""=="", list(A:ValSeq), list(B:ValSeq)) => A ==K B"
reference-semantics/semantics/list.k:28:rule:15	reference-semantics/semantics/list.k	28	28	rule		OUT_OF_TARGET_SLICE_FIXED_RULE	NO TARGET IMPACT: cannot match the pinned program's reachable constructors/control states; no false witness asserted	"rule applyCmp(""!="", list(A:ValSeq), list(B:ValSeq)) => notBool (A ==K B)"
reference-semantics/semantics/list.k:33:syntax:16	reference-semantics/semantics/list.k	33	33	syntax	function,total	OUT_OF_TARGET_SLICE_DECLARATION	NO TARGET IMPACT: fixed-semantics declaration not exercised by the pinned program	syntax Bool ::= hasRefVS(ValSeq) [function, total]
reference-semantics/semantics/list.k:34:rule:17	reference-semantics/semantics/list.k	34	34	rule		OUT_OF_TARGET_SLICE_FIXED_RULE	NO TARGET IMPACT: cannot match the pinned program's reachable constructors/control states; no false witness asserted	rule hasRefVS(.ValSeq) => false
reference-semantics/semantics/list.k:35:rule:18	reference-semantics/semantics/list.k	35	35	rule		OUT_OF_TARGET_SLICE_FIXED_RULE	NO TARGET IMPACT: cannot match the pinned program's reachable constructors/control states; no false witness asserted	rule hasRefVS(vCons(V:Val, R:ValSeq)) => isRefV(V) orBool hasRefVS(R)
reference-semantics/semantics/list.k:37:syntax:19	reference-semantics/semantics/list.k	37	38	syntax	function	OUT_OF_TARGET_SLICE_DECLARATION	NO TARGET IMPACT: fixed-semantics declaration not exercised by the pinned program	syntax Bool ::= deepEqVS(ValSeq, ValSeq, Map) [function] | deepEqV(Val, Val, Map) [function]
reference-semantics/semantics/list.k:39:rule:20	reference-semantics/semantics/list.k	39	39	rule		OUT_OF_TARGET_SLICE_FIXED_RULE	NO TARGET IMPACT: cannot match the pinned program's reachable constructors/control states; no false witness asserted	rule deepEqVS(.ValSeq, .ValSeq, _:Map) => true
reference-semantics/semantics/list.k:40:rule:21	reference-semantics/semantics/list.k	40	40	rule		OUT_OF_TARGET_SLICE_FIXED_RULE	NO TARGET IMPACT: cannot match the pinned program's reachable constructors/control states; no false witness asserted	rule deepEqVS(.ValSeq, vCons(_:Val, _:ValSeq), _:Map) => false
reference-semantics/semantics/list.k:41:rule:22	reference-semantics/semantics/list.k	41	41	rule		OUT_OF_TARGET_SLICE_FIXED_RULE	NO TARGET IMPACT: cannot match the pinned program's reachable constructors/control states; no false witness asserted	rule deepEqVS(vCons(_:Val, _:ValSeq), .ValSeq, _:Map) => false
reference-semantics/semantics/list.k:42:rule:23	reference-semantics/semantics/list.k	42	43	rule		OUT_OF_TARGET_SLICE_FIXED_RULE	NO TARGET IMPACT: cannot match the pinned program's reachable constructors/control states; no false witness asserted	rule deepEqVS(vCons(A:Val, As:ValSeq), vCons(B:Val, Bs:ValSeq), HP:Map) => deepEqV(A, B, HP) andBool deepEqVS(As, Bs, HP)
reference-semantics/semantics/list.k:45:rule:24	reference-semantics/semantics/list.k	45	46	rule		OUT_OF_TARGET_SLICE_FIXED_RULE	NO TARGET IMPACT: cannot match the pinned program's reachable constructors/control states; no false witness asserted	rule deepEqV(ref(H:Int), B:Val, HP:Map) => deepEqV({HP[H]}:>Val, B, HP) requires H in_keys(HP)
reference-semantics/semantics/list.k:47:rule:25	reference-semantics/semantics/list.k	47	48	rule		OUT_OF_TARGET_SLICE_FIXED_RULE	NO TARGET IMPACT: cannot match the pinned program's reachable constructors/control states; no false witness asserted	rule deepEqV(A:Val, ref(H:Int), HP:Map) => deepEqV(A, {HP[H]}:>Val, HP) requires notBool isRefV(A) andBool H in_keys(HP)
reference-semantics/semantics/list.k:49:rule:26	reference-semantics/semantics/list.k	49	49	rule		OUT_OF_TARGET_SLICE_FIXED_RULE	NO TARGET IMPACT: cannot match the pinned program's reachable constructors/control states; no false witness asserted	rule deepEqV(list(A:ValSeq), list(B:ValSeq), HP:Map) => deepEqVS(A, B, HP)
reference-semantics/semantics/list.k:50:rule:27	reference-semantics/semantics/list.k	50	50	rule	owise	OUT_OF_TARGET_SLICE_FIXED_RULE	NO TARGET IMPACT: cannot match the pinned program's reachable constructors/control states; no false witness asserted	rule deepEqV(A:Val, B:Val, _:Map) => A ==K B [owise]
reference-semantics/semantics/list.k:53:rule:28	reference-semantics/semantics/list.k	53	55	rule	priority	OUT_OF_TARGET_SLICE_FIXED_RULE	NO TARGET IMPACT: cannot match the pinned program's reachable constructors/control states; no false witness asserted	"rule <k> #applyK(toCall(boundMethodV(ref(H:Int), ""append"")), (V:Val, .Vals)) => noneV ... </k> <heap> ... H |-> list(VS:ValSeq => valSeqConcat(VS, vCons(V, .ValSeq))) ... </heap> [priority(40)]"
reference-semantics/semantics/list.k:58:syntax:29	reference-semantics/semantics/list.k	58	58	syntax		OUT_OF_TARGET_SLICE_DECLARATION	NO TARGET IMPACT: fixed-semantics declaration not exercised by the pinned program	"syntax KItem ::= #memberAcc(Val, Iterable) | #memberCont(Val) | ""#notB"""
reference-semantics/semantics/list.k:59:rule:30	reference-semantics/semantics/list.k	59	59	rule		OUT_OF_TARGET_SLICE_FIXED_RULE	NO TARGET IMPACT: cannot match the pinned program's reachable constructors/control states; no false witness asserted	"rule <k> Compare(LV:Val, CmpOp(""in"", list(VS:ValSeq))) => #memberAcc(LV, list(VS)) ... </k>"
reference-semantics/semantics/list.k:60:rule:31	reference-semantics/semantics/list.k	60	60	rule		OUT_OF_TARGET_SLICE_FIXED_RULE	NO TARGET IMPACT: cannot match the pinned program's reachable constructors/control states; no false witness asserted	"rule <k> Compare(LV:Val, CmpOp(""not in"", list(VS:ValSeq))) => #memberAcc(LV, list(VS)) ~> #notB ... </k>"
reference-semantics/semantics/list.k:61:rule:32	reference-semantics/semantics/list.k	61	61	rule		OUT_OF_TARGET_SLICE_FIXED_RULE	NO TARGET IMPACT: cannot match the pinned program's reachable constructors/control states; no false witness asserted	rule <k> #memberAcc(V:Val, IT:Iterable) => #iterNext(IT) ~> #memberCont(V) ... </k>
reference-semantics/semantics/list.k:62:rule:33	reference-semantics/semantics/list.k	62	62	rule		OUT_OF_TARGET_SLICE_FIXED_RULE	NO TARGET IMPACT: cannot match the pinned program's reachable constructors/control states; no false witness asserted	rule <k> #iterDone ~> #memberCont(_V:Val) => false ... </k>
reference-semantics/semantics/list.k:63:rule:34	reference-semantics/semantics/list.k	63	64	rule		OUT_OF_TARGET_SLICE_FIXED_RULE	NO TARGET IMPACT: cannot match the pinned program's reachable constructors/control states; no false witness asserted	rule <k> #iterYield(E:Val, _:Iterable) ~> #memberCont(V:Val) => true ... </k> requires E ==K V
reference-semantics/semantics/list.k:65:rule:35	reference-semantics/semantics/list.k	65	66	rule		OUT_OF_TARGET_SLICE_FIXED_RULE	NO TARGET IMPACT: cannot match the pinned program's reachable constructors/control states; no false witness asserted	rule <k> #iterYield(E:Val, R:Iterable) ~> #memberCont(V:Val) => #memberAcc(V, R) ... </k> requires notBool (E ==K V)
reference-semantics/semantics/list.k:67:rule:36	reference-semantics/semantics/list.k	67	67	rule		OUT_OF_TARGET_SLICE_FIXED_RULE	NO TARGET IMPACT: cannot match the pinned program's reachable constructors/control states; no false witness asserted	rule <k> B:Bool ~> #notB => notBool B ... </k>
reference-semantics/semantics/list.k:68:endmodule:37	reference-semantics/semantics/list.k	68	68	endmodule		FIXED_SCAFFOLD	NO TARGET IMPACT: assembly/module/import scaffolding	endmodule
reference-semantics/semantics/methods.k:3:module:1	reference-semantics/semantics/methods.k	3	3	module		FIXED_SCAFFOLD	NO TARGET IMPACT: assembly/module/import scaffolding	module MPY-METHODS
reference-semantics/semantics/methods.k:4:imports:2	reference-semantics/semantics/methods.k	4	4	imports		FIXED_SCAFFOLD	NO TARGET IMPACT: assembly/module/import scaffolding	imports MPY-CORE
reference-semantics/semantics/methods.k:5:imports:3	reference-semantics/semantics/methods.k	5	5	imports		FIXED_SCAFFOLD	NO TARGET IMPACT: assembly/module/import scaffolding	imports K-EQUAL
reference-semantics/semantics/methods.k:6:imports:4	reference-semantics/semantics/methods.k	6	6	imports		FIXED_SCAFFOLD	NO TARGET IMPACT: assembly/module/import scaffolding	imports MPY-STR
reference-semantics/semantics/methods.k:7:imports:5	reference-semantics/semantics/methods.k	7	7	imports		FIXED_SCAFFOLD	NO TARGET IMPACT: assembly/module/import scaffolding	imports MPY-LIST
reference-semantics/semantics/methods.k:10:syntax:6	reference-semantics/semantics/methods.k	10	10	syntax	function	OUT_OF_TARGET_SLICE_DECLARATION	NO TARGET IMPACT: fixed-semantics declaration not exercised by the pinned program	syntax Val ::= applyMethod(Val, String, Vals) [function]
reference-semantics/semantics/methods.k:13:rule:7	reference-semantics/semantics/methods.k	13	13	rule		OUT_OF_TARGET_SLICE_FIXED_RULE	NO TARGET IMPACT: cannot match the pinned program's reachable constructors/control states; no false witness asserted	"rule applyMethod(str(CS:IntSeq), ""isupper"", .Vals) => hasUpper(CS) andBool notBool hasLower(CS)"
reference-semantics/semantics/methods.k:14:rule:8	reference-semantics/semantics/methods.k	14	14	rule		OUT_OF_TARGET_SLICE_FIXED_RULE	NO TARGET IMPACT: cannot match the pinned program's reachable constructors/control states; no false witness asserted	"rule applyMethod(str(CS:IntSeq), ""islower"", .Vals) => hasLower(CS) andBool notBool hasUpper(CS)"
reference-semantics/semantics/methods.k:15:rule:9	reference-semantics/semantics/methods.k	15	15	rule		OUT_OF_TARGET_SLICE_FIXED_RULE	NO TARGET IMPACT: cannot match the pinned program's reachable constructors/control states; no false witness asserted	"rule applyMethod(str(CS:IntSeq), ""isalpha"", .Vals) => notBool (CS ==K .IntSeq) andBool allAlpha(CS)"
reference-semantics/semantics/methods.k:16:rule:10	reference-semantics/semantics/methods.k	16	16	rule		OUT_OF_TARGET_SLICE_FIXED_RULE	NO TARGET IMPACT: cannot match the pinned program's reachable constructors/control states; no false witness asserted	"rule applyMethod(str(CS:IntSeq), ""isdigit"", .Vals) => notBool (CS ==K .IntSeq) andBool allDigit(CS)"
reference-semantics/semantics/methods.k:19:rule:11	reference-semantics/semantics/methods.k	19	19	rule		OUT_OF_TARGET_SLICE_FIXED_RULE	NO TARGET IMPACT: cannot match the pinned program's reachable constructors/control states; no false witness asserted	"rule applyMethod(str(CS:IntSeq), ""lower"", .Vals) => str(mapLower(CS))"
reference-semantics/semantics/methods.k:20:rule:12	reference-semantics/semantics/methods.k	20	20	rule		OUT_OF_TARGET_SLICE_FIXED_RULE	NO TARGET IMPACT: cannot match the pinned program's reachable constructors/control states; no false witness asserted	"rule applyMethod(str(CS:IntSeq), ""upper"", .Vals) => str(mapUpper(CS))"
reference-semantics/semantics/methods.k:21:rule:13	reference-semantics/semantics/methods.k	21	21	rule		OUT_OF_TARGET_SLICE_FIXED_RULE	NO TARGET IMPACT: cannot match the pinned program's reachable constructors/control states; no false witness asserted	"rule applyMethod(str(CS:IntSeq), ""swapcase"", .Vals) => str(mapSwap(CS))"
reference-semantics/semantics/methods.k:26:rule:14	reference-semantics/semantics/methods.k	26	26	rule		OUT_OF_TARGET_SLICE_FIXED_RULE	NO TARGET IMPACT: cannot match the pinned program's reachable constructors/control states; no false witness asserted	"rule applyMethod(str(SEP:IntSeq), ""join"", list(VS:ValSeq), .Vals) => str(joinCodes(SEP, VS))"
reference-semantics/semantics/methods.k:27:syntax:15	reference-semantics/semantics/methods.k	27	27	syntax	function,total	OUT_OF_TARGET_SLICE_DECLARATION	NO TARGET IMPACT: fixed-semantics declaration not exercised by the pinned program	syntax IntSeq ::= joinCodes(IntSeq, ValSeq) [function, total]
reference-semantics/semantics/methods.k:28:rule:16	reference-semantics/semantics/methods.k	28	28	rule		OUT_OF_TARGET_SLICE_FIXED_RULE	NO TARGET IMPACT: cannot match the pinned program's reachable constructors/control states; no false witness asserted	rule joinCodes(_:IntSeq, .ValSeq) => .IntSeq
reference-semantics/semantics/methods.k:29:rule:17	reference-semantics/semantics/methods.k	29	29	rule		OUT_OF_TARGET_SLICE_FIXED_RULE	NO TARGET IMPACT: cannot match the pinned program's reachable constructors/control states; no false witness asserted	rule joinCodes(_:IntSeq, vCons(str(CS:IntSeq), .ValSeq)) => CS
reference-semantics/semantics/methods.k:30:rule:18	reference-semantics/semantics/methods.k	30	31	rule		OUT_OF_TARGET_SLICE_FIXED_RULE	NO TARGET IMPACT: cannot match the pinned program's reachable constructors/control states; no false witness asserted	rule joinCodes(SEP:IntSeq, vCons(str(CS:IntSeq), vCons(V:Val, R:ValSeq))) => seqConcat(CS, seqConcat(SEP, joinCodes(SEP, vCons(V, R))))
reference-semantics/semantics/methods.k:34:rule:19	reference-semantics/semantics/methods.k	34	34	rule		OUT_OF_TARGET_SLICE_FIXED_RULE	NO TARGET IMPACT: cannot match the pinned program's reachable constructors/control states; no false witness asserted	"rule applyMethod(str(CS:IntSeq), ""count"", str(PC:IntSeq), .Vals) => cntSub(CS, PC)"
reference-semantics/semantics/methods.k:35:syntax:20	reference-semantics/semantics/methods.k	35	35	syntax	function	OUT_OF_TARGET_SLICE_DECLARATION	NO TARGET IMPACT: fixed-semantics declaration not exercised by the pinned program	syntax Int ::= cntSub(IntSeq, IntSeq) [function]
reference-semantics/semantics/methods.k:36:rule:21	reference-semantics/semantics/methods.k	36	36	rule		OUT_OF_TARGET_SLICE_FIXED_RULE	NO TARGET IMPACT: cannot match the pinned program's reachable constructors/control states; no false witness asserted	rule cntSub(.IntSeq, _:IntSeq) => 0
reference-semantics/semantics/methods.k:37:rule:22	reference-semantics/semantics/methods.k	37	38	rule		OUT_OF_TARGET_SLICE_FIXED_RULE	NO TARGET IMPACT: cannot match the pinned program's reachable constructors/control states; no false witness asserted	rule cntSub(iCons(C:Int, R:IntSeq), PC:IntSeq) => 1 +Int cntSub(dropIS(iCons(C, R), isLen(PC)), PC) requires strPrefix(PC, iCons(C, R)) andBool isLen(PC) >Int 0
reference-semantics/semantics/methods.k:39:rule:23	reference-semantics/semantics/methods.k	39	40	rule		OUT_OF_TARGET_SLICE_FIXED_RULE	NO TARGET IMPACT: cannot match the pinned program's reachable constructors/control states; no false witness asserted	rule cntSub(iCons(C:Int, R:IntSeq), PC:IntSeq) => cntSub(R, PC) requires notBool strPrefix(PC, iCons(C, R)) orBool isLen(PC) <=Int 0
reference-semantics/semantics/methods.k:41:syntax:24	reference-semantics/semantics/methods.k	41	41	syntax	function,total	OUT_OF_TARGET_SLICE_DECLARATION	NO TARGET IMPACT: fixed-semantics declaration not exercised by the pinned program	syntax IntSeq ::= dropIS(IntSeq, Int) [function, total]
reference-semantics/semantics/methods.k:42:rule:25	reference-semantics/semantics/methods.k	42	42	rule		OUT_OF_TARGET_SLICE_FIXED_RULE	NO TARGET IMPACT: cannot match the pinned program's reachable constructors/control states; no false witness asserted	rule dropIS(S:IntSeq, N:Int) => S requires N <=Int 0
reference-semantics/semantics/methods.k:43:rule:26	reference-semantics/semantics/methods.k	43	43	rule	owise	OUT_OF_TARGET_SLICE_FIXED_RULE	NO TARGET IMPACT: cannot match the pinned program's reachable constructors/control states; no false witness asserted	rule dropIS(.IntSeq, _:Int) => .IntSeq [owise]
reference-semantics/semantics/methods.k:44:rule:27	reference-semantics/semantics/methods.k	44	44	rule		OUT_OF_TARGET_SLICE_FIXED_RULE	NO TARGET IMPACT: cannot match the pinned program's reachable constructors/control states; no false witness asserted	rule dropIS(iCons(_:Int, R:IntSeq), N:Int) => dropIS(R, N -Int 1) requires N >Int 0
reference-semantics/semantics/methods.k:47:rule:28	reference-semantics/semantics/methods.k	47	47	rule		OUT_OF_TARGET_SLICE_FIXED_RULE	NO TARGET IMPACT: cannot match the pinned program's reachable constructors/control states; no false witness asserted	"rule applyMethod(str(CS:IntSeq), ""strip"", .Vals) => str(revIS(trimWS(revIS(trimWS(CS)))))"
reference-semantics/semantics/methods.k:48:syntax:29	reference-semantics/semantics/methods.k	48	48	syntax	function,total	OUT_OF_TARGET_SLICE_DECLARATION	NO TARGET IMPACT: fixed-semantics declaration not exercised by the pinned program	syntax IntSeq ::= trimWS(IntSeq) [function, total]
reference-semantics/semantics/methods.k:49:rule:30	reference-semantics/semantics/methods.k	49	49	rule		OUT_OF_TARGET_SLICE_FIXED_RULE	NO TARGET IMPACT: cannot match the pinned program's reachable constructors/control states; no false witness asserted	rule trimWS(.IntSeq) => .IntSeq
reference-semantics/semantics/methods.k:50:rule:31	reference-semantics/semantics/methods.k	50	50	rule		OUT_OF_TARGET_SLICE_FIXED_RULE	NO TARGET IMPACT: cannot match the pinned program's reachable constructors/control states; no false witness asserted	rule trimWS(iCons(C:Int, R:IntSeq)) => trimWS(R) requires isWSC(C)
reference-semantics/semantics/methods.k:51:rule:32	reference-semantics/semantics/methods.k	51	51	rule		OUT_OF_TARGET_SLICE_FIXED_RULE	NO TARGET IMPACT: cannot match the pinned program's reachable constructors/control states; no false witness asserted	rule trimWS(iCons(C:Int, R:IntSeq)) => iCons(C, R) requires notBool isWSC(C)
reference-semantics/semantics/methods.k:52:syntax:33	reference-semantics/semantics/methods.k	52	52	syntax	function,total	OUT_OF_TARGET_SLICE_DECLARATION	NO TARGET IMPACT: fixed-semantics declaration not exercised by the pinned program	syntax IntSeq ::= revIS(IntSeq) [function, total] | revISAcc(IntSeq, IntSeq) [function, total]
reference-semantics/semantics/methods.k:53:rule:34	reference-semantics/semantics/methods.k	53	53	rule		OUT_OF_TARGET_SLICE_FIXED_RULE	NO TARGET IMPACT: cannot match the pinned program's reachable constructors/control states; no false witness asserted	rule revIS(S:IntSeq) => revISAcc(S, .IntSeq)
reference-semantics/semantics/methods.k:54:rule:35	reference-semantics/semantics/methods.k	54	54	rule		OUT_OF_TARGET_SLICE_FIXED_RULE	NO TARGET IMPACT: cannot match the pinned program's reachable constructors/control states; no false witness asserted	rule revISAcc(.IntSeq, A:IntSeq) => A
reference-semantics/semantics/methods.k:55:rule:36	reference-semantics/semantics/methods.k	55	55	rule		OUT_OF_TARGET_SLICE_FIXED_RULE	NO TARGET IMPACT: cannot match the pinned program's reachable constructors/control states; no false witness asserted	rule revISAcc(iCons(C:Int, R:IntSeq), A:IntSeq) => revISAcc(R, iCons(C, A))
reference-semantics/semantics/methods.k:58:rule:37	reference-semantics/semantics/methods.k	58	58	rule		OUT_OF_TARGET_SLICE_FIXED_RULE	NO TARGET IMPACT: cannot match the pinned program's reachable constructors/control states; no false witness asserted	"rule applyMethod(str(CS:IntSeq), ""encode"", str(_:IntSeq), .Vals) => str(CS)"
reference-semantics/semantics/methods.k:61:rule:38	reference-semantics/semantics/methods.k	61	61	rule		OUT_OF_TARGET_SLICE_FIXED_RULE	NO TARGET IMPACT: cannot match the pinned program's reachable constructors/control states; no false witness asserted	"rule applyMethod(str(XC:IntSeq), ""startswith"", str(PC:IntSeq), .Vals) => startsWith(PC, XC)"
reference-semantics/semantics/methods.k:64:rule:39	reference-semantics/semantics/methods.k	64	64	rule		OUT_OF_TARGET_SLICE_FIXED_RULE	NO TARGET IMPACT: cannot match the pinned program's reachable constructors/control states; no false witness asserted	"rule applyMethod(list(VS:ValSeq), ""count"", V:Val, .Vals) => cntOccVS(VS, V)"
reference-semantics/semantics/methods.k:65:syntax:40	reference-semantics/semantics/methods.k	65	65	syntax	function,total	OUT_OF_TARGET_SLICE_DECLARATION	NO TARGET IMPACT: fixed-semantics declaration not exercised by the pinned program	syntax Int ::= cntOccVS(ValSeq, Val) [function, total]
reference-semantics/semantics/methods.k:66:rule:41	reference-semantics/semantics/methods.k	66	66	rule		OUT_OF_TARGET_SLICE_FIXED_RULE	NO TARGET IMPACT: cannot match the pinned program's reachable constructors/control states; no false witness asserted	rule cntOccVS(.ValSeq, _:Val) => 0
reference-semantics/semantics/methods.k:67:rule:42	reference-semantics/semantics/methods.k	67	67	rule		OUT_OF_TARGET_SLICE_FIXED_RULE	NO TARGET IMPACT: cannot match the pinned program's reachable constructors/control states; no false witness asserted	rule cntOccVS(vCons(A:Val, R:ValSeq), V:Val) => 1 +Int cntOccVS(R, V) requires A ==K V
reference-semantics/semantics/methods.k:68:rule:43	reference-semantics/semantics/methods.k	68	68	rule		OUT_OF_TARGET_SLICE_FIXED_RULE	NO TARGET IMPACT: cannot match the pinned program's reachable constructors/control states; no false witness asserted	rule cntOccVS(vCons(A:Val, R:ValSeq), V:Val) => cntOccVS(R, V) requires notBool (A ==K V)
reference-semantics/semantics/methods.k:72:rule:44	reference-semantics/semantics/methods.k	72	74	rule	priority	OUT_OF_TARGET_SLICE_FIXED_RULE	NO TARGET IMPACT: cannot match the pinned program's reachable constructors/control states; no false witness asserted	"rule <k> #applyK(toCall(boundMethodV(str(CS:IntSeq), ""split"")), .Vals) => #alloc(list(splitWS(CS, .IntSeq, .ValSeq))) ... </k> [priority(40)]"
reference-semantics/semantics/methods.k:75:syntax:45	reference-semantics/semantics/methods.k	75	75	syntax	function	OUT_OF_TARGET_SLICE_DECLARATION	NO TARGET IMPACT: fixed-semantics declaration not exercised by the pinned program	syntax ValSeq ::= splitWS(IntSeq, IntSeq, ValSeq) [function] // remaining, current token, result
reference-semantics/semantics/methods.k:76:rule:46	reference-semantics/semantics/methods.k	76	76	rule		OUT_OF_TARGET_SLICE_FIXED_RULE	NO TARGET IMPACT: cannot match the pinned program's reachable constructors/control states; no false witness asserted	rule splitWS(.IntSeq, CUR:IntSeq, ACC:ValSeq) => flushTok(ACC, CUR)
reference-semantics/semantics/methods.k:77:rule:47	reference-semantics/semantics/methods.k	77	78	rule		OUT_OF_TARGET_SLICE_FIXED_RULE	NO TARGET IMPACT: cannot match the pinned program's reachable constructors/control states; no false witness asserted	rule splitWS(iCons(C:Int, R:IntSeq), CUR:IntSeq, ACC:ValSeq) => splitWS(R, .IntSeq, flushTok(ACC, CUR)) requires isWSC(C)
reference-semantics/semantics/methods.k:79:rule:48	reference-semantics/semantics/methods.k	79	80	rule		OUT_OF_TARGET_SLICE_FIXED_RULE	NO TARGET IMPACT: cannot match the pinned program's reachable constructors/control states; no false witness asserted	rule splitWS(iCons(C:Int, R:IntSeq), CUR:IntSeq, ACC:ValSeq) => splitWS(R, seqConcat(CUR, iCons(C, .IntSeq)), ACC) requires notBool isWSC(C)
reference-semantics/semantics/methods.k:82:syntax:49	reference-semantics/semantics/methods.k	82	82	syntax	function	OUT_OF_TARGET_SLICE_DECLARATION	NO TARGET IMPACT: fixed-semantics declaration not exercised by the pinned program	syntax ValSeq ::= flushTok(ValSeq, IntSeq) [function]
reference-semantics/semantics/methods.k:83:rule:50	reference-semantics/semantics/methods.k	83	83	rule		OUT_OF_TARGET_SLICE_FIXED_RULE	NO TARGET IMPACT: cannot match the pinned program's reachable constructors/control states; no false witness asserted	rule flushTok(ACC:ValSeq, .IntSeq) => ACC
reference-semantics/semantics/methods.k:84:rule:51	reference-semantics/semantics/methods.k	84	84	rule		OUT_OF_TARGET_SLICE_FIXED_RULE	NO TARGET IMPACT: cannot match the pinned program's reachable constructors/control states; no false witness asserted	rule flushTok(ACC:ValSeq, iCons(C:Int, T:IntSeq)) => valSeqConcat(ACC, vCons(str(iCons(C, T)), .ValSeq))
reference-semantics/semantics/methods.k:85:syntax:52	reference-semantics/semantics/methods.k	85	85	syntax	function,total	OUT_OF_TARGET_SLICE_DECLARATION	NO TARGET IMPACT: fixed-semantics declaration not exercised by the pinned program	syntax Bool ::= isWSC(Int) [function, total]
reference-semantics/semantics/methods.k:86:rule:53	reference-semantics/semantics/methods.k	86	86	rule		OUT_OF_TARGET_SLICE_FIXED_RULE	NO TARGET IMPACT: cannot match the pinned program's reachable constructors/control states; no false witness asserted	rule isWSC(C:Int) => C ==Int 32 orBool C ==Int 9 orBool C ==Int 10 orBool C ==Int 13
reference-semantics/semantics/methods.k:89:rule:54	reference-semantics/semantics/methods.k	89	91	rule	priority	OUT_OF_TARGET_SLICE_FIXED_RULE	NO TARGET IMPACT: cannot match the pinned program's reachable constructors/control states; no false witness asserted	"rule <k> #applyK(toCall(boundMethodV(str(CS:IntSeq), ""split"")), (kwV(""sep"", str(S:IntSeq)), .Vals)) => #applyK(toCall(boundMethodV(str(CS), ""split"")), (str(S), .Vals)) ... </k> [priority(39)]"
reference-semantics/semantics/methods.k:94:rule:55	reference-semantics/semantics/methods.k	94	96	rule	priority	OUT_OF_TARGET_SLICE_FIXED_RULE	NO TARGET IMPACT: cannot match the pinned program's reachable constructors/control states; no false witness asserted	"rule <k> #applyK(toCall(boundMethodV(str(CS:IntSeq), ""split"")), (str(iCons(SEP:Int, .IntSeq)), .Vals)) => #alloc(list(splitSep(CS, SEP, .IntSeq))) ... </k> [priority(40)]"
reference-semantics/semantics/methods.k:97:syntax:56	reference-semantics/semantics/methods.k	97	97	syntax	function	OUT_OF_TARGET_SLICE_DECLARATION	NO TARGET IMPACT: fixed-semantics declaration not exercised by the pinned program	syntax ValSeq ::= splitSep(IntSeq, Int, IntSeq) [function] // remaining, sep code, current token
reference-semantics/semantics/methods.k:98:rule:57	reference-semantics/semantics/methods.k	98	98	rule		OUT_OF_TARGET_SLICE_FIXED_RULE	NO TARGET IMPACT: cannot match the pinned program's reachable constructors/control states; no false witness asserted	rule splitSep(.IntSeq, _SEP:Int, CUR:IntSeq) => vCons(str(CUR), .ValSeq)
reference-semantics/semantics/methods.k:99:rule:58	reference-semantics/semantics/methods.k	99	100	rule		OUT_OF_TARGET_SLICE_FIXED_RULE	NO TARGET IMPACT: cannot match the pinned program's reachable constructors/control states; no false witness asserted	rule splitSep(iCons(C:Int, R:IntSeq), SEP:Int, CUR:IntSeq) => vCons(str(CUR), splitSep(R, SEP, .IntSeq)) requires C ==Int SEP
reference-semantics/semantics/methods.k:101:rule:59	reference-semantics/semantics/methods.k	101	102	rule		OUT_OF_TARGET_SLICE_FIXED_RULE	NO TARGET IMPACT: cannot match the pinned program's reachable constructors/control states; no false witness asserted	rule splitSep(iCons(C:Int, R:IntSeq), SEP:Int, CUR:IntSeq) => splitSep(R, SEP, seqConcat(CUR, iCons(C, .IntSeq))) requires notBool (C ==Int SEP)
reference-semantics/semantics/methods.k:104:rule:60	reference-semantics/semantics/methods.k	104	105	rule		OUT_OF_TARGET_SLICE_FIXED_RULE	NO TARGET IMPACT: cannot match the pinned program's reachable constructors/control states; no false witness asserted	"rule applyMethod(str(CS:IntSeq), ""replace"", str(iCons(A:Int, .IntSeq)), str(iCons(B:Int, .IntSeq)), .Vals) => str(replaceC(CS, A, B))"
reference-semantics/semantics/methods.k:106:syntax:61	reference-semantics/semantics/methods.k	106	106	syntax	function,total	OUT_OF_TARGET_SLICE_DECLARATION	NO TARGET IMPACT: fixed-semantics declaration not exercised by the pinned program	syntax IntSeq ::= replaceC(IntSeq, Int, Int) [function, total]
reference-semantics/semantics/methods.k:107:rule:62	reference-semantics/semantics/methods.k	107	107	rule		OUT_OF_TARGET_SLICE_FIXED_RULE	NO TARGET IMPACT: cannot match the pinned program's reachable constructors/control states; no false witness asserted	rule replaceC(.IntSeq, _:Int, _:Int) => .IntSeq
reference-semantics/semantics/methods.k:108:rule:63	reference-semantics/semantics/methods.k	108	108	rule		OUT_OF_TARGET_SLICE_FIXED_RULE	NO TARGET IMPACT: cannot match the pinned program's reachable constructors/control states; no false witness asserted	rule replaceC(iCons(C:Int, R:IntSeq), A:Int, B:Int) => iCons(B, replaceC(R, A, B)) requires C ==Int A
reference-semantics/semantics/methods.k:109:rule:64	reference-semantics/semantics/methods.k	109	109	rule		OUT_OF_TARGET_SLICE_FIXED_RULE	NO TARGET IMPACT: cannot match the pinned program's reachable constructors/control states; no false witness asserted	rule replaceC(iCons(C:Int, R:IntSeq), A:Int, B:Int) => iCons(C, replaceC(R, A, B)) requires notBool (C ==Int A)
reference-semantics/semantics/methods.k:112:syntax:65	reference-semantics/semantics/methods.k	112	112	syntax	function,total	OUT_OF_TARGET_SLICE_DECLARATION	NO TARGET IMPACT: fixed-semantics declaration not exercised by the pinned program	syntax Bool ::= isUpperC(Int) [function, total]
reference-semantics/semantics/methods.k:113:rule:66	reference-semantics/semantics/methods.k	113	113	rule		OUT_OF_TARGET_SLICE_FIXED_RULE	NO TARGET IMPACT: cannot match the pinned program's reachable constructors/control states; no false witness asserted	rule isUpperC(C:Int) => C >=Int 65 andBool C <=Int 90
reference-semantics/semantics/methods.k:115:syntax:67	reference-semantics/semantics/methods.k	115	115	syntax	function,total	OUT_OF_TARGET_SLICE_DECLARATION	NO TARGET IMPACT: fixed-semantics declaration not exercised by the pinned program	syntax Bool ::= isLowerC(Int) [function, total]
reference-semantics/semantics/methods.k:116:rule:68	reference-semantics/semantics/methods.k	116	116	rule		OUT_OF_TARGET_SLICE_FIXED_RULE	NO TARGET IMPACT: cannot match the pinned program's reachable constructors/control states; no false witness asserted	rule isLowerC(C:Int) => C >=Int 97 andBool C <=Int 122
reference-semantics/semantics/methods.k:118:syntax:69	reference-semantics/semantics/methods.k	118	118	syntax	function,total	OUT_OF_TARGET_SLICE_DECLARATION	NO TARGET IMPACT: fixed-semantics declaration not exercised by the pinned program	syntax Bool ::= isAlphaC(Int) [function, total]
reference-semantics/semantics/methods.k:119:rule:70	reference-semantics/semantics/methods.k	119	119	rule		OUT_OF_TARGET_SLICE_FIXED_RULE	NO TARGET IMPACT: cannot match the pinned program's reachable constructors/control states; no false witness asserted	rule isAlphaC(C:Int) => isUpperC(C) orBool isLowerC(C)
reference-semantics/semantics/methods.k:121:syntax:71	reference-semantics/semantics/methods.k	121	121	syntax	function,total	OUT_OF_TARGET_SLICE_DECLARATION	NO TARGET IMPACT: fixed-semantics declaration not exercised by the pinned program	syntax Bool ::= isDigitC(Int) [function, total]
reference-semantics/semantics/methods.k:122:rule:72	reference-semantics/semantics/methods.k	122	122	rule		OUT_OF_TARGET_SLICE_FIXED_RULE	NO TARGET IMPACT: cannot match the pinned program's reachable constructors/control states; no false witness asserted	rule isDigitC(C:Int) => C >=Int 48 andBool C <=Int 57
reference-semantics/semantics/methods.k:124:syntax:73	reference-semantics/semantics/methods.k	124	124	syntax	function,total	OUT_OF_TARGET_SLICE_DECLARATION	NO TARGET IMPACT: fixed-semantics declaration not exercised by the pinned program	syntax Bool ::= hasUpper(IntSeq) [function, total]
reference-semantics/semantics/methods.k:125:rule:74	reference-semantics/semantics/methods.k	125	125	rule		OUT_OF_TARGET_SLICE_FIXED_RULE	NO TARGET IMPACT: cannot match the pinned program's reachable constructors/control states; no false witness asserted	rule hasUpper(.IntSeq) => false
reference-semantics/semantics/methods.k:126:rule:75	reference-semantics/semantics/methods.k	126	126	rule		OUT_OF_TARGET_SLICE_FIXED_RULE	NO TARGET IMPACT: cannot match the pinned program's reachable constructors/control states; no false witness asserted	rule hasUpper(iCons(C:Int, S:IntSeq)) => isUpperC(C) orBool hasUpper(S)
reference-semantics/semantics/methods.k:128:syntax:76	reference-semantics/semantics/methods.k	128	128	syntax	function,total	OUT_OF_TARGET_SLICE_DECLARATION	NO TARGET IMPACT: fixed-semantics declaration not exercised by the pinned program	syntax Bool ::= hasLower(IntSeq) [function, total]
reference-semantics/semantics/methods.k:129:rule:77	reference-semantics/semantics/methods.k	129	129	rule		OUT_OF_TARGET_SLICE_FIXED_RULE	NO TARGET IMPACT: cannot match the pinned program's reachable constructors/control states; no false witness asserted	rule hasLower(.IntSeq) => false
reference-semantics/semantics/methods.k:130:rule:78	reference-semantics/semantics/methods.k	130	130	rule		OUT_OF_TARGET_SLICE_FIXED_RULE	NO TARGET IMPACT: cannot match the pinned program's reachable constructors/control states; no false witness asserted	rule hasLower(iCons(C:Int, S:IntSeq)) => isLowerC(C) orBool hasLower(S)
reference-semantics/semantics/methods.k:132:syntax:79	reference-semantics/semantics/methods.k	132	132	syntax	function,total	OUT_OF_TARGET_SLICE_DECLARATION	NO TARGET IMPACT: fixed-semantics declaration not exercised by the pinned program	syntax Bool ::= allAlpha(IntSeq) [function, total]
reference-semantics/semantics/methods.k:133:rule:80	reference-semantics/semantics/methods.k	133	133	rule		OUT_OF_TARGET_SLICE_FIXED_RULE	NO TARGET IMPACT: cannot match the pinned program's reachable constructors/control states; no false witness asserted	rule allAlpha(.IntSeq) => true
reference-semantics/semantics/methods.k:134:rule:81	reference-semantics/semantics/methods.k	134	134	rule		OUT_OF_TARGET_SLICE_FIXED_RULE	NO TARGET IMPACT: cannot match the pinned program's reachable constructors/control states; no false witness asserted	rule allAlpha(iCons(C:Int, S:IntSeq)) => isAlphaC(C) andBool allAlpha(S)
reference-semantics/semantics/methods.k:136:syntax:82	reference-semantics/semantics/methods.k	136	136	syntax	function,total	OUT_OF_TARGET_SLICE_DECLARATION	NO TARGET IMPACT: fixed-semantics declaration not exercised by the pinned program	syntax Bool ::= allDigit(IntSeq) [function, total]
reference-semantics/semantics/methods.k:137:rule:83	reference-semantics/semantics/methods.k	137	137	rule		OUT_OF_TARGET_SLICE_FIXED_RULE	NO TARGET IMPACT: cannot match the pinned program's reachable constructors/control states; no false witness asserted	rule allDigit(.IntSeq) => true
reference-semantics/semantics/methods.k:138:rule:84	reference-semantics/semantics/methods.k	138	138	rule		OUT_OF_TARGET_SLICE_FIXED_RULE	NO TARGET IMPACT: cannot match the pinned program's reachable constructors/control states; no false witness asserted	rule allDigit(iCons(C:Int, S:IntSeq)) => isDigitC(C) andBool allDigit(S)
reference-semantics/semantics/methods.k:140:syntax:85	reference-semantics/semantics/methods.k	140	140	syntax	function,total	OUT_OF_TARGET_SLICE_DECLARATION	NO TARGET IMPACT: fixed-semantics declaration not exercised by the pinned program	syntax Int ::= lowerC(Int) [function, total]
reference-semantics/semantics/methods.k:142:rule:86	reference-semantics/semantics/methods.k	142	142	rule		OUT_OF_TARGET_SLICE_FIXED_RULE	NO TARGET IMPACT: cannot match the pinned program's reachable constructors/control states; no false witness asserted	rule lowerC(C:Int) => C +Int 32 requires isUpperC(C)
reference-semantics/semantics/methods.k:143:rule:87	reference-semantics/semantics/methods.k	143	143	rule	owise	OUT_OF_TARGET_SLICE_FIXED_RULE	NO TARGET IMPACT: cannot match the pinned program's reachable constructors/control states; no false witness asserted	rule lowerC(C:Int) => C [owise]
reference-semantics/semantics/methods.k:145:syntax:88	reference-semantics/semantics/methods.k	145	145	syntax	function,total	OUT_OF_TARGET_SLICE_DECLARATION	NO TARGET IMPACT: fixed-semantics declaration not exercised by the pinned program	syntax Int ::= upperC(Int) [function, total]
reference-semantics/semantics/methods.k:146:rule:89	reference-semantics/semantics/methods.k	146	146	rule		OUT_OF_TARGET_SLICE_FIXED_RULE	NO TARGET IMPACT: cannot match the pinned program's reachable constructors/control states; no false witness asserted	rule upperC(C:Int) => C -Int 32 requires isLowerC(C)
reference-semantics/semantics/methods.k:147:rule:90	reference-semantics/semantics/methods.k	147	147	rule	owise	OUT_OF_TARGET_SLICE_FIXED_RULE	NO TARGET IMPACT: cannot match the pinned program's reachable constructors/control states; no false witness asserted	rule upperC(C:Int) => C [owise]
reference-semantics/semantics/methods.k:149:syntax:91	reference-semantics/semantics/methods.k	149	149	syntax	function,total	OUT_OF_TARGET_SLICE_DECLARATION	NO TARGET IMPACT: fixed-semantics declaration not exercised by the pinned program	syntax Int ::= swapC(Int) [function, total]
reference-semantics/semantics/methods.k:150:rule:92	reference-semantics/semantics/methods.k	150	150	rule		OUT_OF_TARGET_SLICE_FIXED_RULE	NO TARGET IMPACT: cannot match the pinned program's reachable constructors/control states; no false witness asserted	rule swapC(C:Int) => C +Int 32 requires isUpperC(C)
reference-semantics/semantics/methods.k:151:rule:93	reference-semantics/semantics/methods.k	151	151	rule		OUT_OF_TARGET_SLICE_FIXED_RULE	NO TARGET IMPACT: cannot match the pinned program's reachable constructors/control states; no false witness asserted	rule swapC(C:Int) => C -Int 32 requires isLowerC(C)
reference-semantics/semantics/methods.k:152:rule:94	reference-semantics/semantics/methods.k	152	152	rule	owise	OUT_OF_TARGET_SLICE_FIXED_RULE	NO TARGET IMPACT: cannot match the pinned program's reachable constructors/control states; no false witness asserted	rule swapC(C:Int) => C [owise]
reference-semantics/semantics/methods.k:154:syntax:95	reference-semantics/semantics/methods.k	154	154	syntax	function,total	OUT_OF_TARGET_SLICE_DECLARATION	NO TARGET IMPACT: fixed-semantics declaration not exercised by the pinned program	syntax IntSeq ::= mapLower(IntSeq) [function, total]
reference-semantics/semantics/methods.k:155:rule:96	reference-semantics/semantics/methods.k	155	155	rule		OUT_OF_TARGET_SLICE_FIXED_RULE	NO TARGET IMPACT: cannot match the pinned program's reachable constructors/control states; no false witness asserted	rule mapLower(.IntSeq) => .IntSeq
reference-semantics/semantics/methods.k:156:rule:97	reference-semantics/semantics/methods.k	156	156	rule		OUT_OF_TARGET_SLICE_FIXED_RULE	NO TARGET IMPACT: cannot match the pinned program's reachable constructors/control states; no false witness asserted	rule mapLower(iCons(C:Int, S:IntSeq)) => iCons(lowerC(C), mapLower(S))
reference-semantics/semantics/methods.k:158:syntax:98	reference-semantics/semantics/methods.k	158	158	syntax	function,total	OUT_OF_TARGET_SLICE_DECLARATION	NO TARGET IMPACT: fixed-semantics declaration not exercised by the pinned program	syntax IntSeq ::= mapUpper(IntSeq) [function, total]
reference-semantics/semantics/methods.k:159:rule:99	reference-semantics/semantics/methods.k	159	159	rule		OUT_OF_TARGET_SLICE_FIXED_RULE	NO TARGET IMPACT: cannot match the pinned program's reachable constructors/control states; no false witness asserted	rule mapUpper(.IntSeq) => .IntSeq
reference-semantics/semantics/methods.k:160:rule:100	reference-semantics/semantics/methods.k	160	160	rule		OUT_OF_TARGET_SLICE_FIXED_RULE	NO TARGET IMPACT: cannot match the pinned program's reachable constructors/control states; no false witness asserted	rule mapUpper(iCons(C:Int, S:IntSeq)) => iCons(upperC(C), mapUpper(S))
reference-semantics/semantics/methods.k:162:syntax:101	reference-semantics/semantics/methods.k	162	162	syntax	function,total	OUT_OF_TARGET_SLICE_DECLARATION	NO TARGET IMPACT: fixed-semantics declaration not exercised by the pinned program	syntax IntSeq ::= mapSwap(IntSeq) [function, total]
reference-semantics/semantics/methods.k:163:rule:102	reference-semantics/semantics/methods.k	163	163	rule		OUT_OF_TARGET_SLICE_FIXED_RULE	NO TARGET IMPACT: cannot match the pinned program's reachable constructors/control states; no false witness asserted	rule mapSwap(.IntSeq) => .IntSeq
reference-semantics/semantics/methods.k:164:rule:103	reference-semantics/semantics/methods.k	164	164	rule		OUT_OF_TARGET_SLICE_FIXED_RULE	NO TARGET IMPACT: cannot match the pinned program's reachable constructors/control states; no false witness asserted	rule mapSwap(iCons(C:Int, S:IntSeq)) => iCons(swapC(C), mapSwap(S))
reference-semantics/semantics/methods.k:166:syntax:104	reference-semantics/semantics/methods.k	166	166	syntax	function,total	OUT_OF_TARGET_SLICE_DECLARATION	NO TARGET IMPACT: fixed-semantics declaration not exercised by the pinned program	syntax Bool ::= startsWith(IntSeq, IntSeq) [function, total]
reference-semantics/semantics/methods.k:167:rule:105	reference-semantics/semantics/methods.k	167	167	rule		OUT_OF_TARGET_SLICE_FIXED_RULE	NO TARGET IMPACT: cannot match the pinned program's reachable constructors/control states; no false witness asserted	rule startsWith(.IntSeq, _:IntSeq) => true
reference-semantics/semantics/methods.k:168:rule:106	reference-semantics/semantics/methods.k	168	168	rule		OUT_OF_TARGET_SLICE_FIXED_RULE	NO TARGET IMPACT: cannot match the pinned program's reachable constructors/control states; no false witness asserted	rule startsWith(iCons(_:Int, _:IntSeq), .IntSeq) => false
reference-semantics/semantics/methods.k:169:rule:107	reference-semantics/semantics/methods.k	169	169	rule		OUT_OF_TARGET_SLICE_FIXED_RULE	NO TARGET IMPACT: cannot match the pinned program's reachable constructors/control states; no false witness asserted	rule startsWith(iCons(A:Int, As:IntSeq), iCons(B:Int, Bs:IntSeq)) => A ==Int B andBool startsWith(As, Bs)
reference-semantics/semantics/methods.k:170:endmodule:108	reference-semantics/semantics/methods.k	170	170	endmodule		FIXED_SCAFFOLD	NO TARGET IMPACT: assembly/module/import scaffolding	endmodule
reference-semantics/semantics/operators.k:6:module:1	reference-semantics/semantics/operators.k	6	6	module		MATERIAL_SCAFFOLD	ACCEPT: fixed-semantics module/import scaffolding	module MPY-OPERATORS
reference-semantics/semantics/operators.k:7:imports:2	reference-semantics/semantics/operators.k	7	7	imports		MATERIAL_SCAFFOLD	ACCEPT: fixed-semantics module/import scaffolding	imports MPY-CORE
reference-semantics/semantics/operators.k:8:imports:3	reference-semantics/semantics/operators.k	8	8	imports		MATERIAL_SCAFFOLD	ACCEPT: fixed-semantics module/import scaffolding	imports MPY-ITER
reference-semantics/semantics/operators.k:10:rule:4	reference-semantics/semantics/operators.k	10	10	rule		MATERIAL_FIXED_SEMANTICS	ACCEPT: manually reviewed in the reachable semantic slice; matches the intended material operation	rule <k> UnaryOp(OP:String, V:Val) => applyUn(OP, V) ... </k>
reference-semantics/semantics/operators.k:12:rule:5	reference-semantics/semantics/operators.k	12	12	rule		MATERIAL_FIXED_SEMANTICS	ACCEPT: manually reviewed in the reachable semantic slice; matches the intended material operation	rule <k> BinOp(OP:String, L:Val, R:Val) => applyBin(OP, L, R) ... </k>
reference-semantics/semantics/operators.k:15:context:6	reference-semantics/semantics/operators.k	15	15	context		MATERIAL_FIXED_SEMANTICS	ACCEPT: manually reviewed in the reachable semantic slice; matches the intended material operation	context Compare(HOLE, _)
reference-semantics/semantics/operators.k:16:context:7	reference-semantics/semantics/operators.k	16	16	context		MATERIAL_FIXED_SEMANTICS	ACCEPT: manually reviewed in the reachable semantic slice; matches the intended material operation	context Compare(_:Val, CmpOp(_, HOLE))
reference-semantics/semantics/operators.k:17:rule:8	reference-semantics/semantics/operators.k	17	17	rule	owise	MATERIAL_FIXED_SEMANTICS	ACCEPT: manually reviewed in the reachable semantic slice; matches the intended material operation	rule <k> Compare(LV:Val, CmpOp(OP:String, RV:Val)) => applyCmp(OP, LV, RV) ... </k> [owise]
reference-semantics/semantics/operators.k:19:rule:9	reference-semantics/semantics/operators.k	19	19	rule		OUT_OF_TARGET_SLICE_FIXED_RULE	NO TARGET IMPACT: cannot match the pinned program's reachable constructors/control states; no false witness asserted	"rule applyCmp(""is"", V:Val, noneV) => V ==K noneV"
reference-semantics/semantics/operators.k:20:rule:10	reference-semantics/semantics/operators.k	20	20	rule		OUT_OF_TARGET_SLICE_FIXED_RULE	NO TARGET IMPACT: cannot match the pinned program's reachable constructors/control states; no false witness asserted	"rule applyCmp(""is not"", V:Val, noneV) => notBool (V ==K noneV)"
reference-semantics/semantics/operators.k:25:rule:11	reference-semantics/semantics/operators.k	25	27	rule	priority	OUT_OF_TARGET_SLICE_FIXED_RULE	NO TARGET IMPACT: cannot match the pinned program's reachable constructors/control states; no false witness asserted	rule <k> BinOp(OP:String, ref(H:Int), R:Expr) => BinOp(OP, V, R) ... </k> <heap> ... H |-> V:Val ... </heap> [priority(40)]
reference-semantics/semantics/operators.k:28:rule:12	reference-semantics/semantics/operators.k	28	31	rule	priority	OUT_OF_TARGET_SLICE_FIXED_RULE	NO TARGET IMPACT: cannot match the pinned program's reachable constructors/control states; no false witness asserted	rule <k> BinOp(OP:String, L:Val, ref(H:Int)) => BinOp(OP, L, V) ... </k> <heap> ... H |-> V:Val ... </heap> requires notBool isRefV(L) [priority(40)]
reference-semantics/semantics/operators.k:34:rule:13	reference-semantics/semantics/operators.k	34	37	rule	priority	OUT_OF_TARGET_SLICE_FIXED_RULE	NO TARGET IMPACT: cannot match the pinned program's reachable constructors/control states; no false witness asserted	"rule <k> Compare(ref(H:Int), CmpOp(OP:String, R:Expr)) => Compare(V, CmpOp(OP, R)) ... </k> <heap> ... H |-> V:Val ... </heap> requires OP =/=String ""in"" andBool OP =/=String ""not in"" [priority(40)]"
reference-semantics/semantics/operators.k:38:rule:14	reference-semantics/semantics/operators.k	38	42	rule	priority	OUT_OF_TARGET_SLICE_FIXED_RULE	NO TARGET IMPACT: cannot match the pinned program's reachable constructors/control states; no false witness asserted	"rule <k> Compare(L:Val, CmpOp(OP:String, ref(H:Int))) => Compare(L, CmpOp(OP, V)) ... </k> <heap> ... H |-> V:Val ... </heap> requires notBool isRefV(L) orBool OP ==String ""in"" orBool OP ==String ""not in"" [priority(40)]"
reference-semantics/semantics/operators.k:44:rule:15	reference-semantics/semantics/operators.k	44	46	rule	priority	OUT_OF_TARGET_SLICE_FIXED_RULE	NO TARGET IMPACT: cannot match the pinned program's reachable constructors/control states; no false witness asserted	rule <k> UnaryOp(OP:String, ref(H:Int)) => UnaryOp(OP, V) ... </k> <heap> ... H |-> V:Val ... </heap> [priority(40)]
reference-semantics/semantics/operators.k:47:endmodule:16	reference-semantics/semantics/operators.k	47	47	endmodule		FIXED_SCAFFOLD	NO TARGET IMPACT: assembly/module/import scaffolding	endmodule
reference-semantics/semantics/range.k:5:module:1	reference-semantics/semantics/range.k	5	5	module		FIXED_SCAFFOLD	NO TARGET IMPACT: assembly/module/import scaffolding	module MPY-RANGE
reference-semantics/semantics/range.k:6:imports:2	reference-semantics/semantics/range.k	6	6	imports		FIXED_SCAFFOLD	NO TARGET IMPACT: assembly/module/import scaffolding	imports MPY-CORE
reference-semantics/semantics/range.k:7:imports:3	reference-semantics/semantics/range.k	7	7	imports		FIXED_SCAFFOLD	NO TARGET IMPACT: assembly/module/import scaffolding	imports MPY-ITER
reference-semantics/semantics/range.k:9:syntax:4	reference-semantics/semantics/range.k	9	9	syntax	function,total	OUT_OF_TARGET_SLICE_DECLARATION	NO TARGET IMPACT: fixed-semantics declaration not exercised by the pinned program	syntax Bool ::= inRange(Int, Int, Int) [function, total]
reference-semantics/semantics/range.k:10:rule:5	reference-semantics/semantics/range.k	10	10	rule		OUT_OF_TARGET_SLICE_FIXED_RULE	NO TARGET IMPACT: cannot match the pinned program's reachable constructors/control states; no false witness asserted	rule inRange(I:Int, HI:Int, ST:Int) => (ST >Int 0 andBool I <Int HI) orBool (ST <Int 0 andBool I >Int HI)
reference-semantics/semantics/range.k:12:syntax:6	reference-semantics/semantics/range.k	12	12	syntax	function	OUT_OF_TARGET_SLICE_DECLARATION	NO TARGET IMPACT: fixed-semantics declaration not exercised by the pinned program	syntax Int ::= rangeLen(Int, Int, Int) [function]
reference-semantics/semantics/range.k:13:rule:7	reference-semantics/semantics/range.k	13	14	rule		OUT_OF_TARGET_SLICE_FIXED_RULE	NO TARGET IMPACT: cannot match the pinned program's reachable constructors/control states; no false witness asserted	rule rangeLen(LO:Int, HI:Int, ST:Int) => (HI -Int LO +Int ST -Int 1) /Int ST requires ST >Int 0 andBool HI >Int LO
reference-semantics/semantics/range.k:15:rule:8	reference-semantics/semantics/range.k	15	16	rule		OUT_OF_TARGET_SLICE_FIXED_RULE	NO TARGET IMPACT: cannot match the pinned program's reachable constructors/control states; no false witness asserted	rule rangeLen(LO:Int, HI:Int, ST:Int) => (LO -Int HI -Int ST -Int 1) /Int (0 -Int ST) requires ST <Int 0 andBool HI <Int LO
reference-semantics/semantics/range.k:17:rule:9	reference-semantics/semantics/range.k	17	18	rule		OUT_OF_TARGET_SLICE_FIXED_RULE	NO TARGET IMPACT: cannot match the pinned program's reachable constructors/control states; no false witness asserted	rule rangeLen(LO:Int, HI:Int, ST:Int) => 0 requires (ST >Int 0 andBool HI <=Int LO) orBool (ST <Int 0 andBool HI >=Int LO)
reference-semantics/semantics/range.k:20:rule:10	reference-semantics/semantics/range.k	20	22	rule		OUT_OF_TARGET_SLICE_FIXED_RULE	NO TARGET IMPACT: cannot match the pinned program's reachable constructors/control states; no false witness asserted	rule <k> #iterNext(rangeObj(I:Int, HI:Int, ST:Int)) => #iterYield(I, rangeObj(I +Int ST, HI, ST)) ... </k> requires inRange(I, HI, ST)
reference-semantics/semantics/range.k:23:rule:11	reference-semantics/semantics/range.k	23	24	rule		OUT_OF_TARGET_SLICE_FIXED_RULE	NO TARGET IMPACT: cannot match the pinned program's reachable constructors/control states; no false witness asserted	rule <k> #iterNext(rangeObj(I:Int, HI:Int, ST:Int)) => #iterDone ... </k> requires notBool inRange(I, HI, ST)
reference-semantics/semantics/range.k:25:endmodule:12	reference-semantics/semantics/range.k	25	25	endmodule		FIXED_SCAFFOLD	NO TARGET IMPACT: assembly/module/import scaffolding	endmodule
reference-semantics/semantics/set.k:3:module:1	reference-semantics/semantics/set.k	3	3	module		FIXED_SCAFFOLD	NO TARGET IMPACT: assembly/module/import scaffolding	module MPY-SET
reference-semantics/semantics/set.k:4:imports:2	reference-semantics/semantics/set.k	4	4	imports		FIXED_SCAFFOLD	NO TARGET IMPACT: assembly/module/import scaffolding	imports MPY-CORE
reference-semantics/semantics/set.k:8:syntax:3	reference-semantics/semantics/set.k	8	8	syntax		OUT_OF_TARGET_SLICE_DECLARATION	NO TARGET IMPACT: fixed-semantics declaration not exercised by the pinned program	syntax Val ::= setV(IntSeq)
reference-semantics/semantics/set.k:11:syntax:4	reference-semantics/semantics/set.k	11	11	syntax	function,total	OUT_OF_TARGET_SLICE_DECLARATION	NO TARGET IMPACT: fixed-semantics declaration not exercised by the pinned program	syntax Bool ::= codeIn(Int, IntSeq) [function, total]
reference-semantics/semantics/set.k:12:rule:5	reference-semantics/semantics/set.k	12	12	rule		OUT_OF_TARGET_SLICE_FIXED_RULE	NO TARGET IMPACT: cannot match the pinned program's reachable constructors/control states; no false witness asserted	rule codeIn(_:Int, .IntSeq) => false
reference-semantics/semantics/set.k:13:rule:6	reference-semantics/semantics/set.k	13	13	rule		OUT_OF_TARGET_SLICE_FIXED_RULE	NO TARGET IMPACT: cannot match the pinned program's reachable constructors/control states; no false witness asserted	rule codeIn(C:Int, iCons(H:Int, T:IntSeq)) => C ==Int H orBool codeIn(C, T)
reference-semantics/semantics/set.k:16:syntax:7	reference-semantics/semantics/set.k	16	17	syntax	function,total	OUT_OF_TARGET_SLICE_DECLARATION	NO TARGET IMPACT: fixed-semantics declaration not exercised by the pinned program	syntax IntSeq ::= dedupCodes(IntSeq) [function, total] | dedupFrom(IntSeq, IntSeq) [function, total]
reference-semantics/semantics/set.k:18:rule:8	reference-semantics/semantics/set.k	18	18	rule		OUT_OF_TARGET_SLICE_FIXED_RULE	NO TARGET IMPACT: cannot match the pinned program's reachable constructors/control states; no false witness asserted	rule dedupCodes(CS:IntSeq) => dedupFrom(CS, .IntSeq)
reference-semantics/semantics/set.k:19:rule:9	reference-semantics/semantics/set.k	19	19	rule		OUT_OF_TARGET_SLICE_FIXED_RULE	NO TARGET IMPACT: cannot match the pinned program's reachable constructors/control states; no false witness asserted	rule dedupFrom(.IntSeq, ACC:IntSeq) => ACC
reference-semantics/semantics/set.k:20:rule:10	reference-semantics/semantics/set.k	20	21	rule		OUT_OF_TARGET_SLICE_FIXED_RULE	NO TARGET IMPACT: cannot match the pinned program's reachable constructors/control states; no false witness asserted	rule dedupFrom(iCons(C:Int, S:IntSeq), ACC:IntSeq) => dedupFrom(S, ACC) requires codeIn(C, ACC)
reference-semantics/semantics/set.k:22:rule:11	reference-semantics/semantics/set.k	22	23	rule		OUT_OF_TARGET_SLICE_FIXED_RULE	NO TARGET IMPACT: cannot match the pinned program's reachable constructors/control states; no false witness asserted	rule dedupFrom(iCons(C:Int, S:IntSeq), ACC:IntSeq) => dedupFrom(S, snocCode(ACC, C)) requires notBool codeIn(C, ACC)
reference-semantics/semantics/set.k:25:syntax:12	reference-semantics/semantics/set.k	25	25	syntax	function,total	OUT_OF_TARGET_SLICE_DECLARATION	NO TARGET IMPACT: fixed-semantics declaration not exercised by the pinned program	syntax IntSeq ::= snocCode(IntSeq, Int) [function, total]
reference-semantics/semantics/set.k:26:rule:13	reference-semantics/semantics/set.k	26	26	rule		OUT_OF_TARGET_SLICE_FIXED_RULE	NO TARGET IMPACT: cannot match the pinned program's reachable constructors/control states; no false witness asserted	rule snocCode(.IntSeq, C:Int) => iCons(C, .IntSeq)
reference-semantics/semantics/set.k:27:rule:14	reference-semantics/semantics/set.k	27	27	rule		OUT_OF_TARGET_SLICE_FIXED_RULE	NO TARGET IMPACT: cannot match the pinned program's reachable constructors/control states; no false witness asserted	rule snocCode(iCons(H:Int, T:IntSeq), C:Int) => iCons(H, snocCode(T, C))
reference-semantics/semantics/set.k:31:syntax:15	reference-semantics/semantics/set.k	31	31	syntax	function,total	OUT_OF_TARGET_SLICE_DECLARATION	NO TARGET IMPACT: fixed-semantics declaration not exercised by the pinned program	syntax Bool ::= subsetCodes(IntSeq, IntSeq) [function, total]
reference-semantics/semantics/set.k:32:rule:16	reference-semantics/semantics/set.k	32	32	rule		OUT_OF_TARGET_SLICE_FIXED_RULE	NO TARGET IMPACT: cannot match the pinned program's reachable constructors/control states; no false witness asserted	rule subsetCodes(.IntSeq, _:IntSeq) => true
reference-semantics/semantics/set.k:33:rule:17	reference-semantics/semantics/set.k	33	33	rule		OUT_OF_TARGET_SLICE_FIXED_RULE	NO TARGET IMPACT: cannot match the pinned program's reachable constructors/control states; no false witness asserted	rule subsetCodes(iCons(C:Int, S:IntSeq), B:IntSeq) => codeIn(C, B) andBool subsetCodes(S, B)
reference-semantics/semantics/set.k:35:syntax:18	reference-semantics/semantics/set.k	35	35	syntax	function,total	OUT_OF_TARGET_SLICE_DECLARATION	NO TARGET IMPACT: fixed-semantics declaration not exercised by the pinned program	syntax Bool ::= sameSet(IntSeq, IntSeq) [function, total]
reference-semantics/semantics/set.k:36:rule:19	reference-semantics/semantics/set.k	36	36	rule		OUT_OF_TARGET_SLICE_FIXED_RULE	NO TARGET IMPACT: cannot match the pinned program's reachable constructors/control states; no false witness asserted	rule sameSet(A:IntSeq, B:IntSeq) => subsetCodes(A, B) andBool subsetCodes(B, A)
reference-semantics/semantics/set.k:39:rule:20	reference-semantics/semantics/set.k	39	39	rule		OUT_OF_TARGET_SLICE_FIXED_RULE	NO TARGET IMPACT: cannot match the pinned program's reachable constructors/control states; no false witness asserted	"rule applyCmp(""=="", setV(A:IntSeq), setV(B:IntSeq)) => sameSet(A, B)"
reference-semantics/semantics/set.k:40:endmodule:21	reference-semantics/semantics/set.k	40	40	endmodule		FIXED_SCAFFOLD	NO TARGET IMPACT: assembly/module/import scaffolding	endmodule
reference-semantics/semantics/sort.k:10:module:1	reference-semantics/semantics/sort.k	10	10	module		FIXED_SCAFFOLD	NO TARGET IMPACT: assembly/module/import scaffolding	module MPY-SORT
reference-semantics/semantics/sort.k:11:imports:2	reference-semantics/semantics/sort.k	11	11	imports		FIXED_SCAFFOLD	NO TARGET IMPACT: assembly/module/import scaffolding	imports MPY-BUILTINS
reference-semantics/semantics/sort.k:12:imports:3	reference-semantics/semantics/sort.k	12	12	imports		FIXED_SCAFFOLD	NO TARGET IMPACT: assembly/module/import scaffolding	imports MPY-SUBSCRIPT
reference-semantics/semantics/sort.k:18:syntax:4	reference-semantics/semantics/sort.k	18	18	syntax	function,total,no-evaluators,symbol	OUT_OF_TARGET_SLICE_DECLARATION	NO TARGET IMPACT: fixed-semantics declaration not exercised by the pinned program	syntax ValSeq ::= sortVS(ValSeq) [function, total, symbol(sortVS), no-evaluators]
reference-semantics/semantics/sort.k:19:syntax:5	reference-semantics/semantics/sort.k	19	19	syntax	function	OUT_OF_TARGET_SLICE_DECLARATION	NO TARGET IMPACT: fixed-semantics declaration not exercised by the pinned program	syntax ValSeq ::= insVS(Int, ValSeq) [function]
reference-semantics/semantics/sort.k:20:rule:6	reference-semantics/semantics/sort.k	20	20	rule	concrete	OUT_OF_TARGET_SLICE_FIXED_RULE	NO TARGET IMPACT: cannot match the pinned program's reachable constructors/control states; no false witness asserted	rule sortVS(.ValSeq) => .ValSeq [concrete]
reference-semantics/semantics/sort.k:21:rule:7	reference-semantics/semantics/sort.k	21	21	rule	concrete	OUT_OF_TARGET_SLICE_FIXED_RULE	NO TARGET IMPACT: cannot match the pinned program's reachable constructors/control states; no false witness asserted	rule sortVS(vCons(X:Int, R:ValSeq)) => insVS(X, sortVS(R)) [concrete]
reference-semantics/semantics/sort.k:22:rule:8	reference-semantics/semantics/sort.k	22	22	rule	concrete	OUT_OF_TARGET_SLICE_FIXED_RULE	NO TARGET IMPACT: cannot match the pinned program's reachable constructors/control states; no false witness asserted	rule insVS(X:Int, .ValSeq) => vCons(X, .ValSeq) [concrete]
reference-semantics/semantics/sort.k:23:rule:9	reference-semantics/semantics/sort.k	23	23	rule	concrete	OUT_OF_TARGET_SLICE_FIXED_RULE	NO TARGET IMPACT: cannot match the pinned program's reachable constructors/control states; no false witness asserted	rule insVS(X:Int, vCons(Y:Int, R:ValSeq)) => vCons(X, vCons(Y, R)) requires X <=Int Y [concrete]
reference-semantics/semantics/sort.k:24:rule:10	reference-semantics/semantics/sort.k	24	24	rule	concrete	OUT_OF_TARGET_SLICE_FIXED_RULE	NO TARGET IMPACT: cannot match the pinned program's reachable constructors/control states; no false witness asserted	rule insVS(X:Int, vCons(Y:Int, R:ValSeq)) => vCons(Y, insVS(X, R)) requires X >Int Y [concrete]
reference-semantics/semantics/sort.k:26:syntax:11	reference-semantics/semantics/sort.k	26	26	syntax	function	OUT_OF_TARGET_SLICE_DECLARATION	NO TARGET IMPACT: fixed-semantics declaration not exercised by the pinned program	syntax ValSeq ::= insVSs(IntSeq, ValSeq) [function]
reference-semantics/semantics/sort.k:27:rule:12	reference-semantics/semantics/sort.k	27	27	rule	concrete	OUT_OF_TARGET_SLICE_FIXED_RULE	NO TARGET IMPACT: cannot match the pinned program's reachable constructors/control states; no false witness asserted	rule sortVS(vCons(str(CS:IntSeq), R:ValSeq)) => insVSs(CS, sortVS(R)) [concrete]
reference-semantics/semantics/sort.k:28:rule:13	reference-semantics/semantics/sort.k	28	28	rule	concrete	OUT_OF_TARGET_SLICE_FIXED_RULE	NO TARGET IMPACT: cannot match the pinned program's reachable constructors/control states; no false witness asserted	rule insVSs(A:IntSeq, .ValSeq) => vCons(str(A), .ValSeq) [concrete]
reference-semantics/semantics/sort.k:29:rule:14	reference-semantics/semantics/sort.k	29	30	rule	concrete	OUT_OF_TARGET_SLICE_FIXED_RULE	NO TARGET IMPACT: cannot match the pinned program's reachable constructors/control states; no false witness asserted	rule insVSs(A:IntSeq, vCons(str(B:IntSeq), R:ValSeq)) => vCons(str(A), vCons(str(B), R)) requires strLt(A, B) orBool A ==K B [concrete]
reference-semantics/semantics/sort.k:31:rule:15	reference-semantics/semantics/sort.k	31	32	rule	concrete	OUT_OF_TARGET_SLICE_FIXED_RULE	NO TARGET IMPACT: cannot match the pinned program's reachable constructors/control states; no false witness asserted	rule insVSs(A:IntSeq, vCons(str(B:IntSeq), R:ValSeq)) => vCons(str(B), insVSs(A, R)) requires notBool (strLt(A, B) orBool A ==K B) [concrete]
reference-semantics/semantics/sort.k:36:rule:16	reference-semantics/semantics/sort.k	36	37	rule		OUT_OF_TARGET_SLICE_FIXED_RULE	NO TARGET IMPACT: cannot match the pinned program's reachable constructors/control states; no false witness asserted	"rule <k> #applyK(toCall(builtinV(""sorted"")), (list(VS:ValSeq), .Vals)) => #alloc(list(sortVS(VS))) ... </k>"
reference-semantics/semantics/sort.k:40:rule:17	reference-semantics/semantics/sort.k	40	42	rule	priority	OUT_OF_TARGET_SLICE_FIXED_RULE	NO TARGET IMPACT: cannot match the pinned program's reachable constructors/control states; no false witness asserted	"rule <k> #applyK(toCall(boundMethodV(ref(H:Int), ""sort"")), .Vals) => noneV ... </k> <heap> ... H |-> list(VS:ValSeq => sortVS(VS)) ... </heap> [priority(40)]"
reference-semantics/semantics/sort.k:49:syntax:18	reference-semantics/semantics/sort.k	49	49	syntax	function,total,no-evaluators,symbol	OUT_OF_TARGET_SLICE_DECLARATION	NO TARGET IMPACT: fixed-semantics declaration not exercised by the pinned program	syntax ValSeq ::= sortKeyVS(ValSeq, Val) [function, total, symbol(sortKeyVS), no-evaluators]
reference-semantics/semantics/sort.k:51:syntax:19	reference-semantics/semantics/sort.k	51	52	syntax	function,total	OUT_OF_TARGET_SLICE_DECLARATION	NO TARGET IMPACT: fixed-semantics declaration not exercised by the pinned program	syntax ValSeq ::= revVS(ValSeq) [function, total] | revVSAcc(ValSeq, ValSeq) [function, total]
reference-semantics/semantics/sort.k:53:rule:20	reference-semantics/semantics/sort.k	53	53	rule		OUT_OF_TARGET_SLICE_FIXED_RULE	NO TARGET IMPACT: cannot match the pinned program's reachable constructors/control states; no false witness asserted	rule revVS(S:ValSeq) => revVSAcc(S, .ValSeq)
reference-semantics/semantics/sort.k:54:rule:21	reference-semantics/semantics/sort.k	54	54	rule		OUT_OF_TARGET_SLICE_FIXED_RULE	NO TARGET IMPACT: cannot match the pinned program's reachable constructors/control states; no false witness asserted	rule revVSAcc(.ValSeq, A:ValSeq) => A
reference-semantics/semantics/sort.k:55:rule:22	reference-semantics/semantics/sort.k	55	55	rule		OUT_OF_TARGET_SLICE_FIXED_RULE	NO TARGET IMPACT: cannot match the pinned program's reachable constructors/control states; no false witness asserted	rule revVSAcc(vCons(V:Val, R:ValSeq), A:ValSeq) => revVSAcc(R, vCons(V, A))
reference-semantics/semantics/sort.k:57:syntax:23	reference-semantics/semantics/sort.k	57	57	syntax	function,total	OUT_OF_TARGET_SLICE_DECLARATION	NO TARGET IMPACT: fixed-semantics declaration not exercised by the pinned program	syntax ValSeq ::= condRev(ValSeq, Bool) [function, total]
reference-semantics/semantics/sort.k:58:rule:24	reference-semantics/semantics/sort.k	58	58	rule		OUT_OF_TARGET_SLICE_FIXED_RULE	NO TARGET IMPACT: cannot match the pinned program's reachable constructors/control states; no false witness asserted	rule condRev(S:ValSeq, false) => S
reference-semantics/semantics/sort.k:59:rule:25	reference-semantics/semantics/sort.k	59	59	rule		OUT_OF_TARGET_SLICE_FIXED_RULE	NO TARGET IMPACT: cannot match the pinned program's reachable constructors/control states; no false witness asserted	rule condRev(S:ValSeq, true) => revVS(S)
reference-semantics/semantics/sort.k:61:rule:26	reference-semantics/semantics/sort.k	61	62	rule		OUT_OF_TARGET_SLICE_FIXED_RULE	NO TARGET IMPACT: cannot match the pinned program's reachable constructors/control states; no false witness asserted	"rule <k> #applyK(toCall(builtinV(""sorted"")), (list(VS:ValSeq), kwV(""key"", KV:Val), .Vals)) => #alloc(list(sortKeyVS(VS, KV))) ... </k>"
reference-semantics/semantics/sort.k:63:rule:27	reference-semantics/semantics/sort.k	63	64	rule		OUT_OF_TARGET_SLICE_FIXED_RULE	NO TARGET IMPACT: cannot match the pinned program's reachable constructors/control states; no false witness asserted	"rule <k> #applyK(toCall(builtinV(""sorted"")), (list(VS:ValSeq), kwV(""key"", KV:Val), kwV(""reverse"", RB:Bool), .Vals)) => #alloc(list(condRev(sortKeyVS(VS, KV), RB))) ... </k>"
reference-semantics/semantics/sort.k:65:rule:28	reference-semantics/semantics/sort.k	65	66	rule		OUT_OF_TARGET_SLICE_FIXED_RULE	NO TARGET IMPACT: cannot match the pinned program's reachable constructors/control states; no false witness asserted	"rule <k> #applyK(toCall(builtinV(""sorted"")), (list(VS:ValSeq), kwV(""reverse"", RB:Bool), .Vals)) => #alloc(list(condRev(sortVS(VS), RB))) ... </k>"
reference-semantics/semantics/sort.k:72:endmodule:29	reference-semantics/semantics/sort.k	72	72	endmodule		FIXED_SCAFFOLD	NO TARGET IMPACT: assembly/module/import scaffolding	endmodule
reference-semantics/semantics/str.k:3:module:1	reference-semantics/semantics/str.k	3	3	module		MATERIAL_SCAFFOLD	ACCEPT: fixed-semantics module/import scaffolding	module MPY-STR
reference-semantics/semantics/str.k:4:imports:2	reference-semantics/semantics/str.k	4	4	imports		MATERIAL_SCAFFOLD	ACCEPT: fixed-semantics module/import scaffolding	imports MPY-CORE
reference-semantics/semantics/str.k:5:imports:3	reference-semantics/semantics/str.k	5	5	imports		MATERIAL_SCAFFOLD	ACCEPT: fixed-semantics module/import scaffolding	imports MPY-ITER
reference-semantics/semantics/str.k:8:rule:4	reference-semantics/semantics/str.k	8	8	rule		MATERIAL_FIXED_SEMANTICS	ACCEPT: manually reviewed in the reachable semantic slice; matches the intended material operation	rule <k> #iterNext(str(.IntSeq)) => #iterDone ... </k>
reference-semantics/semantics/str.k:9:rule:5	reference-semantics/semantics/str.k	9	10	rule		MATERIAL_FIXED_SEMANTICS	ACCEPT: manually reviewed in the reachable semantic slice; matches the intended material operation	rule <k> #iterNext(str(iCons(C:Int, R:IntSeq))) => #iterYield(str(iCons(C, .IntSeq)), str(R)) ... </k>
reference-semantics/semantics/str.k:13:syntax:6	reference-semantics/semantics/str.k	13	13	syntax	function	MATERIAL_DECLARATION	ACCEPT: declaration/strictness for a constructor or value used by the pinned program	syntax IntSeq ::= strToCodes(String) [function]
reference-semantics/semantics/str.k:14:rule:7	reference-semantics/semantics/str.k	14	14	rule		MATERIAL_FIXED_SEMANTICS	ACCEPT: manually reviewed in the reachable semantic slice; matches the intended material operation	rule <k> Str(S:String) => str(strToCodes(S)) ... </k>
reference-semantics/semantics/str.k:15:rule:8	reference-semantics/semantics/str.k	15	15	rule		MATERIAL_FIXED_SEMANTICS	ACCEPT: manually reviewed in the reachable semantic slice; matches the intended material operation	"rule strToCodes("""") => .IntSeq"
reference-semantics/semantics/str.k:16:rule:9	reference-semantics/semantics/str.k	16	17	rule		MATERIAL_FIXED_SEMANTICS	ACCEPT: manually reviewed in the reachable semantic slice; matches the intended material operation	"rule strToCodes(S:String) => iCons(ordChar(substrString(S, 0, 1)), strToCodes(substrString(S, 1, lengthString(S)))) requires S =/=String """" andBool ordChar(substrString(S, 0, 1)) <Int 128"
reference-semantics/semantics/str.k:20:syntax:10	reference-semantics/semantics/str.k	20	20	syntax	function,total	MATERIAL_DECLARATION	ACCEPT: declaration/strictness for a constructor or value used by the pinned program	syntax IntSeq ::= seqConcat(IntSeq, IntSeq) [function, total]
reference-semantics/semantics/str.k:21:rule:11	reference-semantics/semantics/str.k	21	21	rule		MATERIAL_FIXED_SEMANTICS	ACCEPT: manually reviewed in the reachable semantic slice; matches the intended material operation	rule seqConcat(.IntSeq, T:IntSeq) => T
reference-semantics/semantics/str.k:22:rule:12	reference-semantics/semantics/str.k	22	22	rule		MATERIAL_FIXED_SEMANTICS	ACCEPT: manually reviewed in the reachable semantic slice; matches the intended material operation	rule seqConcat(iCons(I:Int, S:IntSeq), T:IntSeq) => iCons(I, seqConcat(S, T))
reference-semantics/semantics/str.k:24:rule:13	reference-semantics/semantics/str.k	24	24	rule		MATERIAL_FIXED_SEMANTICS	ACCEPT: manually reviewed in the reachable semantic slice; matches the intended material operation	"rule applyBin(""+"", str(A:IntSeq), str(B:IntSeq)) => str(seqConcat(A, B))"
reference-semantics/semantics/str.k:25:rule:14	reference-semantics/semantics/str.k	25	25	rule		MATERIAL_FIXED_SEMANTICS	ACCEPT: manually reviewed in the reachable semantic slice; matches the intended material operation	"rule applyCmp(""=="", str(A:IntSeq), str(B:IntSeq)) => A ==K B"
reference-semantics/semantics/str.k:26:rule:15	reference-semantics/semantics/str.k	26	26	rule		MATERIAL_FIXED_SEMANTICS	ACCEPT: manually reviewed in the reachable semantic slice; matches the intended material operation	"rule applyCmp(""!="", str(A:IntSeq), str(B:IntSeq)) => notBool (A ==K B)"
reference-semantics/semantics/str.k:29:rule:16	reference-semantics/semantics/str.k	29	29	rule		MATERIAL_FIXED_SEMANTICS	ACCEPT: manually reviewed in the reachable semantic slice; matches the intended material operation	"rule applyCmp(""in"", str(P:IntSeq), str(X:IntSeq)) => strContains(P, X)"
reference-semantics/semantics/str.k:30:rule:17	reference-semantics/semantics/str.k	30	30	rule		MATERIAL_FIXED_SEMANTICS	ACCEPT: manually reviewed in the reachable semantic slice; matches the intended material operation	"rule applyCmp(""not in"", str(P:IntSeq), str(X:IntSeq)) => notBool strContains(P, X)"
reference-semantics/semantics/str.k:32:syntax:18	reference-semantics/semantics/str.k	32	32	syntax	function,total	MATERIAL_DECLARATION	ACCEPT: declaration/strictness for a constructor or value used by the pinned program	syntax Bool ::= strPrefix(IntSeq, IntSeq) [function, total]
reference-semantics/semantics/str.k:33:rule:19	reference-semantics/semantics/str.k	33	33	rule		MATERIAL_FIXED_SEMANTICS	ACCEPT: manually reviewed in the reachable semantic slice; matches the intended material operation	rule strPrefix(.IntSeq, _:IntSeq) => true
reference-semantics/semantics/str.k:34:rule:20	reference-semantics/semantics/str.k	34	34	rule		MATERIAL_FIXED_SEMANTICS	ACCEPT: manually reviewed in the reachable semantic slice; matches the intended material operation	rule strPrefix(iCons(_:Int, _:IntSeq), .IntSeq) => false
reference-semantics/semantics/str.k:35:rule:21	reference-semantics/semantics/str.k	35	35	rule		MATERIAL_FIXED_SEMANTICS	ACCEPT: manually reviewed in the reachable semantic slice; matches the intended material operation	rule strPrefix(iCons(A:Int, As:IntSeq), iCons(B:Int, Bs:IntSeq)) => A ==Int B andBool strPrefix(As, Bs)
reference-semantics/semantics/str.k:37:syntax:22	reference-semantics/semantics/str.k	37	37	syntax	function,total	MATERIAL_DECLARATION	ACCEPT: declaration/strictness for a constructor or value used by the pinned program	syntax Bool ::= strContains(IntSeq, IntSeq) [function, total]
reference-semantics/semantics/str.k:38:rule:23	reference-semantics/semantics/str.k	38	38	rule		MATERIAL_FIXED_SEMANTICS	ACCEPT: manually reviewed in the reachable semantic slice; matches the intended material operation	rule strContains(P:IntSeq, X:IntSeq) => true requires strPrefix(P, X)
reference-semantics/semantics/str.k:39:rule:24	reference-semantics/semantics/str.k	39	39	rule		MATERIAL_FIXED_SEMANTICS	ACCEPT: manually reviewed in the reachable semantic slice; matches the intended material operation	rule strContains(P:IntSeq, .IntSeq) => false requires notBool strPrefix(P, .IntSeq)
reference-semantics/semantics/str.k:40:rule:25	reference-semantics/semantics/str.k	40	41	rule		MATERIAL_FIXED_SEMANTICS	ACCEPT: manually reviewed in the reachable semantic slice; matches the intended material operation	rule strContains(P:IntSeq, iCons(C:Int, Xs:IntSeq)) => strContains(P, Xs) requires notBool strPrefix(P, iCons(C, Xs))
reference-semantics/semantics/str.k:48:syntax:26	reference-semantics/semantics/str.k	48	48	syntax	function,total	OUT_OF_TARGET_SLICE_DECLARATION	NO TARGET IMPACT: fixed-semantics declaration not exercised by the pinned program	syntax Bool ::= strLt(IntSeq, IntSeq) [function, total]
reference-semantics/semantics/str.k:49:rule:27	reference-semantics/semantics/str.k	49	49	rule		OUT_OF_TARGET_SLICE_FIXED_RULE	NO TARGET IMPACT: cannot match the pinned program's reachable constructors/control states; no false witness asserted	rule strLt(.IntSeq, .IntSeq) => false
reference-semantics/semantics/str.k:50:rule:28	reference-semantics/semantics/str.k	50	50	rule		OUT_OF_TARGET_SLICE_FIXED_RULE	NO TARGET IMPACT: cannot match the pinned program's reachable constructors/control states; no false witness asserted	rule strLt(.IntSeq, iCons(_:Int, _:IntSeq)) => true
reference-semantics/semantics/str.k:51:rule:29	reference-semantics/semantics/str.k	51	51	rule		OUT_OF_TARGET_SLICE_FIXED_RULE	NO TARGET IMPACT: cannot match the pinned program's reachable constructors/control states; no false witness asserted	rule strLt(iCons(_:Int, _:IntSeq), .IntSeq) => false
reference-semantics/semantics/str.k:52:rule:30	reference-semantics/semantics/str.k	52	52	rule		OUT_OF_TARGET_SLICE_FIXED_RULE	NO TARGET IMPACT: cannot match the pinned program's reachable constructors/control states; no false witness asserted	rule strLt(iCons(A:Int, As:IntSeq), iCons(B:Int, Bs:IntSeq)) => true requires A <Int B
reference-semantics/semantics/str.k:53:rule:31	reference-semantics/semantics/str.k	53	53	rule		OUT_OF_TARGET_SLICE_FIXED_RULE	NO TARGET IMPACT: cannot match the pinned program's reachable constructors/control states; no false witness asserted	rule strLt(iCons(A:Int, As:IntSeq), iCons(B:Int, Bs:IntSeq)) => false requires A >Int B
reference-semantics/semantics/str.k:54:rule:32	reference-semantics/semantics/str.k	54	54	rule		OUT_OF_TARGET_SLICE_FIXED_RULE	NO TARGET IMPACT: cannot match the pinned program's reachable constructors/control states; no false witness asserted	rule strLt(iCons(A:Int, As:IntSeq), iCons(B:Int, Bs:IntSeq)) => strLt(As, Bs) requires A ==Int B
reference-semantics/semantics/str.k:56:rule:33	reference-semantics/semantics/str.k	56	56	rule		OUT_OF_TARGET_SLICE_FIXED_RULE	NO TARGET IMPACT: cannot match the pinned program's reachable constructors/control states; no false witness asserted	"rule applyCmp(""<"", str(A:IntSeq), str(B:IntSeq)) => strLt(A, B)"
reference-semantics/semantics/str.k:57:rule:34	reference-semantics/semantics/str.k	57	57	rule		OUT_OF_TARGET_SLICE_FIXED_RULE	NO TARGET IMPACT: cannot match the pinned program's reachable constructors/control states; no false witness asserted	"rule applyCmp("">"", str(A:IntSeq), str(B:IntSeq)) => strLt(B, A)"
reference-semantics/semantics/str.k:58:rule:35	reference-semantics/semantics/str.k	58	58	rule		OUT_OF_TARGET_SLICE_FIXED_RULE	NO TARGET IMPACT: cannot match the pinned program's reachable constructors/control states; no false witness asserted	"rule applyCmp(""<="", str(A:IntSeq), str(B:IntSeq)) => notBool strLt(B, A)"
reference-semantics/semantics/str.k:59:rule:36	reference-semantics/semantics/str.k	59	59	rule		OUT_OF_TARGET_SLICE_FIXED_RULE	NO TARGET IMPACT: cannot match the pinned program's reachable constructors/control states; no false witness asserted	"rule applyCmp("">="", str(A:IntSeq), str(B:IntSeq)) => notBool strLt(A, B)"
reference-semantics/semantics/str.k:60:endmodule:37	reference-semantics/semantics/str.k	60	60	endmodule		FIXED_SCAFFOLD	NO TARGET IMPACT: assembly/module/import scaffolding	endmodule
reference-semantics/semantics/subscript.k:3:module:1	reference-semantics/semantics/subscript.k	3	3	module		FIXED_SCAFFOLD	NO TARGET IMPACT: assembly/module/import scaffolding	module MPY-SUBSCRIPT
reference-semantics/semantics/subscript.k:4:imports:2	reference-semantics/semantics/subscript.k	4	4	imports		FIXED_SCAFFOLD	NO TARGET IMPACT: assembly/module/import scaffolding	imports MPY-CORE
reference-semantics/semantics/subscript.k:11:syntax:3	reference-semantics/semantics/subscript.k	11	11	syntax	function,total	OUT_OF_TARGET_SLICE_DECLARATION	NO TARGET IMPACT: fixed-semantics declaration not exercised by the pinned program	syntax Val ::= valSeqAt(ValSeq, Int) [function, total]
reference-semantics/semantics/subscript.k:12:rule:4	reference-semantics/semantics/subscript.k	12	12	rule		OUT_OF_TARGET_SLICE_FIXED_RULE	NO TARGET IMPACT: cannot match the pinned program's reachable constructors/control states; no false witness asserted	rule valSeqAt(vCons(V:Val, _:ValSeq), 0) => V
reference-semantics/semantics/subscript.k:13:rule:5	reference-semantics/semantics/subscript.k	13	14	rule		OUT_OF_TARGET_SLICE_FIXED_RULE	NO TARGET IMPACT: cannot match the pinned program's reachable constructors/control states; no false witness asserted	rule valSeqAt(vCons(_:Val, S:ValSeq), I:Int) => valSeqAt(S, I -Int 1) requires I >Int 0
reference-semantics/semantics/subscript.k:16:syntax:6	reference-semantics/semantics/subscript.k	16	16	syntax	function	OUT_OF_TARGET_SLICE_DECLARATION	NO TARGET IMPACT: fixed-semantics declaration not exercised by the pinned program	syntax Int ::= intSeqAt(IntSeq, Int) [function]
reference-semantics/semantics/subscript.k:17:rule:7	reference-semantics/semantics/subscript.k	17	17	rule		OUT_OF_TARGET_SLICE_FIXED_RULE	NO TARGET IMPACT: cannot match the pinned program's reachable constructors/control states; no false witness asserted	rule intSeqAt(iCons(C:Int, _:IntSeq), 0) => C
reference-semantics/semantics/subscript.k:18:rule:8	reference-semantics/semantics/subscript.k	18	19	rule		OUT_OF_TARGET_SLICE_FIXED_RULE	NO TARGET IMPACT: cannot match the pinned program's reachable constructors/control states; no false witness asserted	rule intSeqAt(iCons(_:Int, S:IntSeq), I:Int) => intSeqAt(S, I -Int 1) requires I >Int 0
reference-semantics/semantics/subscript.k:21:syntax:9	reference-semantics/semantics/subscript.k	21	21	syntax	function,total	OUT_OF_TARGET_SLICE_DECLARATION	NO TARGET IMPACT: fixed-semantics declaration not exercised by the pinned program	syntax Int ::= normIdx(Int, Int) [function, total]
reference-semantics/semantics/subscript.k:22:rule:10	reference-semantics/semantics/subscript.k	22	22	rule		OUT_OF_TARGET_SLICE_FIXED_RULE	NO TARGET IMPACT: cannot match the pinned program's reachable constructors/control states; no false witness asserted	rule normIdx(I:Int, LEN:Int) => I +Int LEN requires I <Int 0
reference-semantics/semantics/subscript.k:23:rule:11	reference-semantics/semantics/subscript.k	23	23	rule		OUT_OF_TARGET_SLICE_FIXED_RULE	NO TARGET IMPACT: cannot match the pinned program's reachable constructors/control states; no false witness asserted	rule normIdx(I:Int, _:Int) => I requires I >=Int 0
reference-semantics/semantics/subscript.k:27:context:12	reference-semantics/semantics/subscript.k	27	27	context		OUT_OF_TARGET_SLICE_DECLARATION	NO TARGET IMPACT: fixed-semantics declaration not exercised by the pinned program	context Subscript(HOLE, _)
reference-semantics/semantics/subscript.k:28:context:13	reference-semantics/semantics/subscript.k	28	28	context		OUT_OF_TARGET_SLICE_DECLARATION	NO TARGET IMPACT: fixed-semantics declaration not exercised by the pinned program	context Subscript(_:Val, HOLE:Expr)
reference-semantics/semantics/subscript.k:31:rule:14	reference-semantics/semantics/subscript.k	31	33	rule	priority	OUT_OF_TARGET_SLICE_FIXED_RULE	NO TARGET IMPACT: cannot match the pinned program's reachable constructors/control states; no false witness asserted	rule <k> Subscript(ref(H:Int), IX:Index) => Subscript(V, IX) ... </k> <heap> ... H |-> V:Val ... </heap> [priority(40)]
reference-semantics/semantics/subscript.k:35:rule:15	reference-semantics/semantics/subscript.k	35	35	rule		OUT_OF_TARGET_SLICE_FIXED_RULE	NO TARGET IMPACT: cannot match the pinned program's reachable constructors/control states; no false witness asserted	rule <k> Subscript(OBJ:Val, I:Int) => applyIndex(OBJ, I) ... </k>
reference-semantics/semantics/subscript.k:37:syntax:16	reference-semantics/semantics/subscript.k	37	37	syntax	function	OUT_OF_TARGET_SLICE_DECLARATION	NO TARGET IMPACT: fixed-semantics declaration not exercised by the pinned program	syntax Val ::= applyIndex(Val, Int) [function]
reference-semantics/semantics/subscript.k:38:rule:17	reference-semantics/semantics/subscript.k	38	38	rule		OUT_OF_TARGET_SLICE_FIXED_RULE	NO TARGET IMPACT: cannot match the pinned program's reachable constructors/control states; no false witness asserted	rule applyIndex(list(VS:ValSeq), I:Int) => valSeqAt(VS, normIdx(I, vsLen(VS)))
reference-semantics/semantics/subscript.k:39:rule:18	reference-semantics/semantics/subscript.k	39	39	rule		OUT_OF_TARGET_SLICE_FIXED_RULE	NO TARGET IMPACT: cannot match the pinned program's reachable constructors/control states; no false witness asserted	rule applyIndex(tuple(VS:ValSeq), I:Int) => valSeqAt(VS, normIdx(I, vsLen(VS)))
reference-semantics/semantics/subscript.k:40:rule:19	reference-semantics/semantics/subscript.k	40	41	rule		OUT_OF_TARGET_SLICE_FIXED_RULE	NO TARGET IMPACT: cannot match the pinned program's reachable constructors/control states; no false witness asserted	rule applyIndex(str(IS:IntSeq), I:Int) => str(iCons(intSeqAt(IS, normIdx(I, isLen(IS))), .IntSeq))
reference-semantics/semantics/subscript.k:44:syntax:20	reference-semantics/semantics/subscript.k	44	47	syntax		OUT_OF_TARGET_SLICE_DECLARATION	NO TARGET IMPACT: fixed-semantics declaration not exercised by the pinned program	"syntax KItem ::= #evalB(Bound) | ""#toSome"" | #slLo(Val, Bound, Bound) | #slHi(Val, OptInt, Bound) | #slStep(Val, OptInt, OptInt)"
reference-semantics/semantics/subscript.k:49:syntax:21	reference-semantics/semantics/subscript.k	49	49	syntax		OUT_OF_TARGET_SLICE_DECLARATION	NO TARGET IMPACT: fixed-semantics declaration not exercised by the pinned program	"syntax OptInt ::= ""noB"" | someB(Int)"
reference-semantics/semantics/subscript.k:50:rule:22	reference-semantics/semantics/subscript.k	50	50	rule		OUT_OF_TARGET_SLICE_FIXED_RULE	NO TARGET IMPACT: cannot match the pinned program's reachable constructors/control states; no false witness asserted	rule <k> #evalB(NoBound) => noB ... </k>
reference-semantics/semantics/subscript.k:51:rule:23	reference-semantics/semantics/subscript.k	51	51	rule		OUT_OF_TARGET_SLICE_FIXED_RULE	NO TARGET IMPACT: cannot match the pinned program's reachable constructors/control states; no false witness asserted	rule <k> #evalB(E:Expr) => E ~> #toSome ... </k>
reference-semantics/semantics/subscript.k:52:rule:24	reference-semantics/semantics/subscript.k	52	52	rule		OUT_OF_TARGET_SLICE_FIXED_RULE	NO TARGET IMPACT: cannot match the pinned program's reachable constructors/control states; no false witness asserted	rule <k> I:Int ~> #toSome => someB(I) ... </k>
reference-semantics/semantics/subscript.k:54:rule:25	reference-semantics/semantics/subscript.k	54	54	rule		OUT_OF_TARGET_SLICE_FIXED_RULE	NO TARGET IMPACT: cannot match the pinned program's reachable constructors/control states; no false witness asserted	rule <k> Subscript(OBJ:Val, Slice(LO:Bound, HI:Bound, ST:Bound)) => #evalB(LO) ~> #slLo(OBJ, HI, ST) ... </k>
reference-semantics/semantics/subscript.k:55:rule:26	reference-semantics/semantics/subscript.k	55	55	rule		OUT_OF_TARGET_SLICE_FIXED_RULE	NO TARGET IMPACT: cannot match the pinned program's reachable constructors/control states; no false witness asserted	rule <k> LO:OptInt ~> #slLo(OBJ:Val, HI:Bound, ST:Bound) => #evalB(HI) ~> #slHi(OBJ, LO, ST) ... </k>
reference-semantics/semantics/subscript.k:56:rule:27	reference-semantics/semantics/subscript.k	56	56	rule		OUT_OF_TARGET_SLICE_FIXED_RULE	NO TARGET IMPACT: cannot match the pinned program's reachable constructors/control states; no false witness asserted	rule <k> HI:OptInt ~> #slHi(OBJ:Val, LO:OptInt, ST:Bound) => #evalB(ST) ~> #slStep(OBJ, LO, HI) ... </k>
reference-semantics/semantics/subscript.k:58:rule:28	reference-semantics/semantics/subscript.k	58	60	rule	priority	OUT_OF_TARGET_SLICE_FIXED_RULE	NO TARGET IMPACT: cannot match the pinned program's reachable constructors/control states; no false witness asserted	rule <k> ST:OptInt ~> #slStep(list(VS:ValSeq), LO:OptInt, HI:OptInt) => #alloc(doSlice(list(VS), LO, HI, ST)) ... </k> [priority(45)]
reference-semantics/semantics/subscript.k:61:rule:29	reference-semantics/semantics/subscript.k	61	61	rule		OUT_OF_TARGET_SLICE_FIXED_RULE	NO TARGET IMPACT: cannot match the pinned program's reachable constructors/control states; no false witness asserted	rule <k> ST:OptInt ~> #slStep(OBJ:Val, LO:OptInt, HI:OptInt) => doSlice(OBJ, LO, HI, ST) ... </k>
reference-semantics/semantics/subscript.k:63:syntax:30	reference-semantics/semantics/subscript.k	63	63	syntax	function	OUT_OF_TARGET_SLICE_DECLARATION	NO TARGET IMPACT: fixed-semantics declaration not exercised by the pinned program	syntax Val ::= doSlice(Val, OptInt, OptInt, OptInt) [function]
reference-semantics/semantics/subscript.k:64:rule:31	reference-semantics/semantics/subscript.k	64	65	rule		OUT_OF_TARGET_SLICE_FIXED_RULE	NO TARGET IMPACT: cannot match the pinned program's reachable constructors/control states; no false witness asserted	rule doSlice(list(VS:ValSeq), LO:OptInt, HI:OptInt, ST:OptInt) => list(buildVS(VS, slStart(LO, ST, vsLen(VS)), slStop(HI, ST, vsLen(VS)), slStep(ST)))
reference-semantics/semantics/subscript.k:66:rule:32	reference-semantics/semantics/subscript.k	66	67	rule		OUT_OF_TARGET_SLICE_FIXED_RULE	NO TARGET IMPACT: cannot match the pinned program's reachable constructors/control states; no false witness asserted	rule doSlice(tuple(VS:ValSeq), LO:OptInt, HI:OptInt, ST:OptInt) => tuple(buildVS(VS, slStart(LO, ST, vsLen(VS)), slStop(HI, ST, vsLen(VS)), slStep(ST)))
reference-semantics/semantics/subscript.k:68:rule:33	reference-semantics/semantics/subscript.k	68	69	rule		OUT_OF_TARGET_SLICE_FIXED_RULE	NO TARGET IMPACT: cannot match the pinned program's reachable constructors/control states; no false witness asserted	rule doSlice(str(IS:IntSeq), LO:OptInt, HI:OptInt, ST:OptInt) => str(buildIS(IS, slStart(LO, ST, isLen(IS)), slStop(HI, ST, isLen(IS)), slStep(ST)))
reference-semantics/semantics/subscript.k:72:syntax:34	reference-semantics/semantics/subscript.k	72	72	syntax	function,total	OUT_OF_TARGET_SLICE_DECLARATION	NO TARGET IMPACT: fixed-semantics declaration not exercised by the pinned program	syntax Int ::= slStep(OptInt) [function, total]
reference-semantics/semantics/subscript.k:73:rule:35	reference-semantics/semantics/subscript.k	73	73	rule		OUT_OF_TARGET_SLICE_FIXED_RULE	NO TARGET IMPACT: cannot match the pinned program's reachable constructors/control states; no false witness asserted	rule slStep(noB) => 1
reference-semantics/semantics/subscript.k:74:rule:36	reference-semantics/semantics/subscript.k	74	74	rule		OUT_OF_TARGET_SLICE_FIXED_RULE	NO TARGET IMPACT: cannot match the pinned program's reachable constructors/control states; no false witness asserted	rule slStep(someB(S:Int)) => S
reference-semantics/semantics/subscript.k:76:syntax:37	reference-semantics/semantics/subscript.k	76	76	syntax	function	OUT_OF_TARGET_SLICE_DECLARATION	NO TARGET IMPACT: fixed-semantics declaration not exercised by the pinned program	syntax Int ::= slStart(OptInt, OptInt, Int) [function]
reference-semantics/semantics/subscript.k:77:rule:38	reference-semantics/semantics/subscript.k	77	78	rule		OUT_OF_TARGET_SLICE_FIXED_RULE	NO TARGET IMPACT: cannot match the pinned program's reachable constructors/control states; no false witness asserted	rule slStart(noB, ST:OptInt, _LEN:Int) => 0 requires slStep(ST) >Int 0
reference-semantics/semantics/subscript.k:79:rule:39	reference-semantics/semantics/subscript.k	79	80	rule		OUT_OF_TARGET_SLICE_FIXED_RULE	NO TARGET IMPACT: cannot match the pinned program's reachable constructors/control states; no false witness asserted	rule slStart(noB, ST:OptInt, LEN:Int) => LEN -Int 1 requires slStep(ST) <Int 0
reference-semantics/semantics/subscript.k:81:rule:40	reference-semantics/semantics/subscript.k	81	81	rule		OUT_OF_TARGET_SLICE_FIXED_RULE	NO TARGET IMPACT: cannot match the pinned program's reachable constructors/control states; no false witness asserted	rule slStart(someB(I:Int), ST:OptInt, LEN:Int) => slAdjust(I, LEN, slStep(ST))
reference-semantics/semantics/subscript.k:83:syntax:41	reference-semantics/semantics/subscript.k	83	83	syntax	function	OUT_OF_TARGET_SLICE_DECLARATION	NO TARGET IMPACT: fixed-semantics declaration not exercised by the pinned program	syntax Int ::= slStop(OptInt, OptInt, Int) [function]
reference-semantics/semantics/subscript.k:84:rule:42	reference-semantics/semantics/subscript.k	84	85	rule		OUT_OF_TARGET_SLICE_FIXED_RULE	NO TARGET IMPACT: cannot match the pinned program's reachable constructors/control states; no false witness asserted	rule slStop(noB, ST:OptInt, LEN:Int) => LEN requires slStep(ST) >Int 0
reference-semantics/semantics/subscript.k:86:rule:43	reference-semantics/semantics/subscript.k	86	87	rule		OUT_OF_TARGET_SLICE_FIXED_RULE	NO TARGET IMPACT: cannot match the pinned program's reachable constructors/control states; no false witness asserted	rule slStop(noB, ST:OptInt, _LEN:Int) => -1 requires slStep(ST) <Int 0
reference-semantics/semantics/subscript.k:88:rule:44	reference-semantics/semantics/subscript.k	88	88	rule		OUT_OF_TARGET_SLICE_FIXED_RULE	NO TARGET IMPACT: cannot match the pinned program's reachable constructors/control states; no false witness asserted	rule slStop(someB(I:Int), ST:OptInt, LEN:Int) => slAdjust(I, LEN, slStep(ST))
reference-semantics/semantics/subscript.k:90:syntax:45	reference-semantics/semantics/subscript.k	90	90	syntax	function,total	OUT_OF_TARGET_SLICE_DECLARATION	NO TARGET IMPACT: fixed-semantics declaration not exercised by the pinned program	syntax Int ::= slAdjust(Int, Int, Int) [function, total]
reference-semantics/semantics/subscript.k:91:rule:46	reference-semantics/semantics/subscript.k	91	92	rule		OUT_OF_TARGET_SLICE_FIXED_RULE	NO TARGET IMPACT: cannot match the pinned program's reachable constructors/control states; no false witness asserted	rule slAdjust(I:Int, LEN:Int, STEP:Int) => clampLo(I +Int LEN, STEP) requires I <Int 0
reference-semantics/semantics/subscript.k:93:rule:47	reference-semantics/semantics/subscript.k	93	94	rule		OUT_OF_TARGET_SLICE_FIXED_RULE	NO TARGET IMPACT: cannot match the pinned program's reachable constructors/control states; no false witness asserted	rule slAdjust(I:Int, LEN:Int, STEP:Int) => clampHi(I, LEN, STEP) requires I >=Int 0
reference-semantics/semantics/subscript.k:96:syntax:48	reference-semantics/semantics/subscript.k	96	96	syntax	function,total	OUT_OF_TARGET_SLICE_DECLARATION	NO TARGET IMPACT: fixed-semantics declaration not exercised by the pinned program	syntax Int ::= clampLo(Int, Int) [function, total]
reference-semantics/semantics/subscript.k:97:rule:49	reference-semantics/semantics/subscript.k	97	98	rule		OUT_OF_TARGET_SLICE_FIXED_RULE	NO TARGET IMPACT: cannot match the pinned program's reachable constructors/control states; no false witness asserted	rule clampLo(J:Int, _STEP:Int) => J requires J >=Int 0
reference-semantics/semantics/subscript.k:99:rule:50	reference-semantics/semantics/subscript.k	99	100	rule		OUT_OF_TARGET_SLICE_FIXED_RULE	NO TARGET IMPACT: cannot match the pinned program's reachable constructors/control states; no false witness asserted	rule clampLo(J:Int, STEP:Int) => #if STEP <Int 0 #then -1 #else 0 #fi requires J <Int 0
reference-semantics/semantics/subscript.k:102:syntax:51	reference-semantics/semantics/subscript.k	102	102	syntax	function,total	OUT_OF_TARGET_SLICE_DECLARATION	NO TARGET IMPACT: fixed-semantics declaration not exercised by the pinned program	syntax Int ::= clampHi(Int, Int, Int) [function, total]
reference-semantics/semantics/subscript.k:103:rule:52	reference-semantics/semantics/subscript.k	103	104	rule		OUT_OF_TARGET_SLICE_FIXED_RULE	NO TARGET IMPACT: cannot match the pinned program's reachable constructors/control states; no false witness asserted	rule clampHi(I:Int, LEN:Int, _STEP:Int) => I requires I <Int LEN
reference-semantics/semantics/subscript.k:105:rule:53	reference-semantics/semantics/subscript.k	105	106	rule		OUT_OF_TARGET_SLICE_FIXED_RULE	NO TARGET IMPACT: cannot match the pinned program's reachable constructors/control states; no false witness asserted	rule clampHi(I:Int, LEN:Int, STEP:Int) => #if STEP <Int 0 #then LEN -Int 1 #else LEN #fi requires I >=Int LEN
reference-semantics/semantics/subscript.k:109:syntax:54	reference-semantics/semantics/subscript.k	109	109	syntax	function	OUT_OF_TARGET_SLICE_DECLARATION	NO TARGET IMPACT: fixed-semantics declaration not exercised by the pinned program	syntax ValSeq ::= buildVS(ValSeq, Int, Int, Int) [function]
reference-semantics/semantics/subscript.k:110:rule:55	reference-semantics/semantics/subscript.k	110	112	rule		OUT_OF_TARGET_SLICE_FIXED_RULE	NO TARGET IMPACT: cannot match the pinned program's reachable constructors/control states; no false witness asserted	rule buildVS(VS:ValSeq, I:Int, STOP:Int, STEP:Int) => vCons(valSeqAt(VS, I), buildVS(VS, I +Int STEP, STOP, STEP)) requires (STEP >Int 0 andBool I <Int STOP) orBool (STEP <Int 0 andBool I >Int STOP)
reference-semantics/semantics/subscript.k:113:rule:56	reference-semantics/semantics/subscript.k	113	114	rule		OUT_OF_TARGET_SLICE_FIXED_RULE	NO TARGET IMPACT: cannot match the pinned program's reachable constructors/control states; no false witness asserted	rule buildVS(_:ValSeq, I:Int, STOP:Int, STEP:Int) => .ValSeq requires notBool ((STEP >Int 0 andBool I <Int STOP) orBool (STEP <Int 0 andBool I >Int STOP))
reference-semantics/semantics/subscript.k:116:syntax:57	reference-semantics/semantics/subscript.k	116	116	syntax	function	OUT_OF_TARGET_SLICE_DECLARATION	NO TARGET IMPACT: fixed-semantics declaration not exercised by the pinned program	syntax IntSeq ::= buildIS(IntSeq, Int, Int, Int) [function]
reference-semantics/semantics/subscript.k:117:rule:58	reference-semantics/semantics/subscript.k	117	119	rule		OUT_OF_TARGET_SLICE_FIXED_RULE	NO TARGET IMPACT: cannot match the pinned program's reachable constructors/control states; no false witness asserted	rule buildIS(IS:IntSeq, I:Int, STOP:Int, STEP:Int) => iCons(intSeqAt(IS, I), buildIS(IS, I +Int STEP, STOP, STEP)) requires (STEP >Int 0 andBool I <Int STOP) orBool (STEP <Int 0 andBool I >Int STOP)
reference-semantics/semantics/subscript.k:120:rule:59	reference-semantics/semantics/subscript.k	120	121	rule		OUT_OF_TARGET_SLICE_FIXED_RULE	NO TARGET IMPACT: cannot match the pinned program's reachable constructors/control states; no false witness asserted	rule buildIS(_:IntSeq, I:Int, STOP:Int, STEP:Int) => .IntSeq requires notBool ((STEP >Int 0 andBool I <Int STOP) orBool (STEP <Int 0 andBool I >Int STOP))
reference-semantics/semantics/subscript.k:122:endmodule:60	reference-semantics/semantics/subscript.k	122	122	endmodule		FIXED_SCAFFOLD	NO TARGET IMPACT: assembly/module/import scaffolding	endmodule
reference-semantics/semantics/syntax.k:3:module:1	reference-semantics/semantics/syntax.k	3	3	module		FIXED_SCAFFOLD	NO TARGET IMPACT: assembly/module/import scaffolding	module MPY-SYNTAX
reference-semantics/semantics/syntax.k:4:imports:2	reference-semantics/semantics/syntax.k	4	4	imports		FIXED_SCAFFOLD	NO TARGET IMPACT: assembly/module/import scaffolding	imports INT-SYNTAX
reference-semantics/semantics/syntax.k:5:imports:3	reference-semantics/semantics/syntax.k	5	5	imports		FIXED_SCAFFOLD	NO TARGET IMPACT: assembly/module/import scaffolding	imports FLOAT-SYNTAX
reference-semantics/semantics/syntax.k:6:imports:4	reference-semantics/semantics/syntax.k	6	6	imports		FIXED_SCAFFOLD	NO TARGET IMPACT: assembly/module/import scaffolding	imports BOOL-SYNTAX
reference-semantics/semantics/syntax.k:7:imports:5	reference-semantics/semantics/syntax.k	7	7	imports		FIXED_SCAFFOLD	NO TARGET IMPACT: assembly/module/import scaffolding	imports STRING-SYNTAX
reference-semantics/semantics/syntax.k:9:syntax:6	reference-semantics/semantics/syntax.k	9	30	syntax	strict,seqstrict,macro	MATERIAL_DECLARATION	ACCEPT: declaration/strictness for a constructor or value used by the pinned program	"syntax Expr ::= ""Int"" ""("" Int "")"" | ""Float"" ""("" Float "")"" | ""Bool"" ""("" Bool "")"" | ""Name"" ""("" String "")"" | ""Str"" ""("" String "")"" | ""UnaryOp"" ""("" String "","" Expr "")"" [strict(2)] | ""BinOp"" ""("" String "","" Expr "","" Expr "")"" [seqstrict(2, 3)] | ""BoolOp"" ""("" String "","" Exprs "")"" | ""ListExpr"" ""("" Exprs "")"" | ""DictExpr"" ""("" Entries "")"" | ""ListComp"" ""("" Expr "","" CompFors "")"" [macro] | ""GenExp"" ""("" Expr "","" CompFors "")"" [macro] | ""TupleExpr"" ""("" Exprs "")"" | ""Subscript"" ""("" Expr "","" Index "")"" | ""IfExp"" ""("" Expr "","" Expr "","" Expr "")"" [strict(1)] | ""Lambda"" ""("" Params "","" Expr "")"" | ""KwArg"" ""("" String "","" Expr "")"" | ""Lambda"" ""("" Params "","" CellVars "","" FreeVars "","" Expr "")"" | ""NoneVal"" | ""Call"" ""("" Expr "","" Exprs "")"" | ""Attribute"" ""("" Expr "","" String "")"" [strict(1)] | ""Compare"" ""("" Expr "","" CmpOp "")"""
reference-semantics/semantics/syntax.k:32:syntax:7	reference-semantics/semantics/syntax.k	32	32	syntax		MATERIAL_DECLARATION	ACCEPT: declaration/strictness for a constructor or value used by the pinned program	"syntax CmpOp ::= ""CmpOp"" ""("" String "","" Expr "")"""
reference-semantics/semantics/syntax.k:33:syntax:8	reference-semantics/semantics/syntax.k	33	33	syntax		MATERIAL_DECLARATION	ACCEPT: declaration/strictness for a constructor or value used by the pinned program	"syntax Entry ::= ""Entry"" ""("" Expr "","" Expr "")"""
reference-semantics/semantics/syntax.k:34:syntax:9	reference-semantics/semantics/syntax.k	34	34	syntax		MATERIAL_DECLARATION	ACCEPT: declaration/strictness for a constructor or value used by the pinned program	"syntax Entries ::= List{Entry, "",""}"
reference-semantics/semantics/syntax.k:35:syntax:10	reference-semantics/semantics/syntax.k	35	35	syntax		MATERIAL_DECLARATION	ACCEPT: declaration/strictness for a constructor or value used by the pinned program	"syntax CompFor ::= ""CompFor"" ""("" Expr "","" Expr "","" Exprs "")"""
reference-semantics/semantics/syntax.k:36:syntax:11	reference-semantics/semantics/syntax.k	36	36	syntax		MATERIAL_DECLARATION	ACCEPT: declaration/strictness for a constructor or value used by the pinned program	"syntax CompFors ::= List{CompFor, """"}"
reference-semantics/semantics/syntax.k:37:syntax:12	reference-semantics/semantics/syntax.k	37	37	syntax		MATERIAL_DECLARATION	ACCEPT: declaration/strictness for a constructor or value used by the pinned program	"syntax Exprs ::= List{Expr, "",""}"
reference-semantics/semantics/syntax.k:38:syntax:13	reference-semantics/semantics/syntax.k	38	38	syntax		MATERIAL_DECLARATION	ACCEPT: declaration/strictness for a constructor or value used by the pinned program	"syntax Index ::= Expr | ""Slice"" ""("" Bound "","" Bound "","" Bound "")"""
reference-semantics/semantics/syntax.k:39:syntax:14	reference-semantics/semantics/syntax.k	39	39	syntax		MATERIAL_DECLARATION	ACCEPT: declaration/strictness for a constructor or value used by the pinned program	"syntax Bound ::= Expr | ""NoBound"""
reference-semantics/semantics/syntax.k:41:syntax:15	reference-semantics/semantics/syntax.k	41	54	syntax	strict	MATERIAL_DECLARATION	ACCEPT: declaration/strictness for a constructor or value used by the pinned program	"syntax Stmt ::= ""Assign"" ""("" Expr "","" Expr "")"" [strict(2)] | ""Import"" ""("" String "")"" | ""ImportFrom"" ""("" String "","" ParamNames "")"" | ""AugAssign"" ""("" Expr "","" String "","" Expr "")"" [strict(3)] | ""For"" ""("" Expr "","" Expr "","" Stmts "")"" [strict(2)] | ""While"" ""("" Expr "","" Stmts "")"" | ""Break"" | ""Continue"" | ""If"" ""("" Expr "","" Stmts "","" Stmts "")"" [strict(1)] | ""Return"" ""("" Expr "")"" [strict] | ""Assert"" ""("" Expr "")"" [strict] | ""Expr"" ""("" Expr "")"" [strict] | ""FuncDef"" ""("" String "","" Params "","" Stmts "")"" | ""FuncDef"" ""("" String "","" Params "","" CellVars "","" FreeVars "","" Stmts "")"""
reference-semantics/semantics/syntax.k:56:syntax:16	reference-semantics/semantics/syntax.k	56	56	syntax		MATERIAL_DECLARATION	ACCEPT: declaration/strictness for a constructor or value used by the pinned program	"syntax Stmts ::= List{Stmt, """"}"
reference-semantics/semantics/syntax.k:57:syntax:17	reference-semantics/semantics/syntax.k	57	57	syntax		MATERIAL_DECLARATION	ACCEPT: declaration/strictness for a constructor or value used by the pinned program	"syntax Params ::= ""Params"" ""("" ParamNames "")"""
reference-semantics/semantics/syntax.k:58:syntax:18	reference-semantics/semantics/syntax.k	58	58	syntax		MATERIAL_DECLARATION	ACCEPT: declaration/strictness for a constructor or value used by the pinned program	"syntax CellVars ::= ""CellVars"" ""("" ParamNames "")"""
reference-semantics/semantics/syntax.k:59:syntax:19	reference-semantics/semantics/syntax.k	59	59	syntax		MATERIAL_DECLARATION	ACCEPT: declaration/strictness for a constructor or value used by the pinned program	"syntax FreeVars ::= ""FreeVars"" ""("" ParamNames "")"""
reference-semantics/semantics/syntax.k:60:syntax:20	reference-semantics/semantics/syntax.k	60	60	syntax		MATERIAL_DECLARATION	ACCEPT: declaration/strictness for a constructor or value used by the pinned program	"syntax ParamNames ::= List{String, "",""}"
reference-semantics/semantics/syntax.k:61:syntax:21	reference-semantics/semantics/syntax.k	61	61	syntax		MATERIAL_DECLARATION	ACCEPT: declaration/strictness for a constructor or value used by the pinned program	"syntax Module ::= ""Module"" ""("" Stmts "")"""
reference-semantics/semantics/syntax.k:62:endmodule:22	reference-semantics/semantics/syntax.k	62	62	endmodule		FIXED_SCAFFOLD	NO TARGET IMPACT: assembly/module/import scaffolding	endmodule
reference-semantics/semantics/tuple.k:3:module:1	reference-semantics/semantics/tuple.k	3	3	module		MATERIAL_SCAFFOLD	ACCEPT: fixed-semantics module/import scaffolding	module MPY-TUPLE
reference-semantics/semantics/tuple.k:4:imports:2	reference-semantics/semantics/tuple.k	4	4	imports		MATERIAL_SCAFFOLD	ACCEPT: fixed-semantics module/import scaffolding	imports MPY-CORE
reference-semantics/semantics/tuple.k:5:imports:3	reference-semantics/semantics/tuple.k	5	5	imports		MATERIAL_SCAFFOLD	ACCEPT: fixed-semantics module/import scaffolding	imports MPY-ITER
reference-semantics/semantics/tuple.k:6:imports:4	reference-semantics/semantics/tuple.k	6	6	imports		MATERIAL_SCAFFOLD	ACCEPT: fixed-semantics module/import scaffolding	imports MPY-LIST
reference-semantics/semantics/tuple.k:7:imports:5	reference-semantics/semantics/tuple.k	7	7	imports		MATERIAL_SCAFFOLD	ACCEPT: fixed-semantics module/import scaffolding	imports MPY-METHODS
reference-semantics/semantics/tuple.k:10:rule:6	reference-semantics/semantics/tuple.k	10	10	rule		MATERIAL_FIXED_SEMANTICS	ACCEPT: manually reviewed in the reachable semantic slice; matches the intended material operation	rule <k> #iterNext(tuple(.ValSeq)) => #iterDone ... </k>
reference-semantics/semantics/tuple.k:11:rule:7	reference-semantics/semantics/tuple.k	11	11	rule		MATERIAL_FIXED_SEMANTICS	ACCEPT: manually reviewed in the reachable semantic slice; matches the intended material operation	rule <k> #iterNext(tuple(vCons(V:Val, R:ValSeq))) => #iterYield(V, tuple(R)) ... </k>
reference-semantics/semantics/tuple.k:14:syntax:8	reference-semantics/semantics/tuple.k	14	14	syntax		MATERIAL_DECLARATION	ACCEPT: declaration/strictness for a constructor or value used by the pinned program	"syntax ApplyK ::= ""toTuple"""
reference-semantics/semantics/tuple.k:15:rule:9	reference-semantics/semantics/tuple.k	15	15	rule		MATERIAL_FIXED_SEMANTICS	ACCEPT: manually reviewed in the reachable semantic slice; matches the intended material operation	rule <k> TupleExpr(ES:Exprs) => #evalArgs(ES, .Vals, toTuple) ... </k>
reference-semantics/semantics/tuple.k:16:rule:10	reference-semantics/semantics/tuple.k	16	16	rule		MATERIAL_FIXED_SEMANTICS	ACCEPT: manually reviewed in the reachable semantic slice; matches the intended material operation	rule <k> #applyK(toTuple, ACC:Vals) => tuple(vals2valSeq(ACC)) ... </k>
reference-semantics/semantics/tuple.k:18:rule:11	reference-semantics/semantics/tuple.k	18	18	rule		MATERIAL_FIXED_SEMANTICS	ACCEPT: manually reviewed in the reachable semantic slice; matches the intended material operation	"rule applyCmp(""=="", tuple(A:ValSeq), tuple(B:ValSeq)) => A ==K B"
reference-semantics/semantics/tuple.k:20:rule:12	reference-semantics/semantics/tuple.k	20	20	rule		OUT_OF_TARGET_SLICE_FIXED_RULE	NO TARGET IMPACT: cannot match the pinned program's reachable constructors/control states; no false witness asserted	"rule <k> Compare(LV:Val, CmpOp(""in"", tuple(VS:ValSeq))) => #memberAcc(LV, tuple(VS)) ... </k>"
reference-semantics/semantics/tuple.k:21:rule:13	reference-semantics/semantics/tuple.k	21	21	rule		OUT_OF_TARGET_SLICE_FIXED_RULE	NO TARGET IMPACT: cannot match the pinned program's reachable constructors/control states; no false witness asserted	"rule <k> Compare(LV:Val, CmpOp(""not in"", tuple(VS:ValSeq))) => #memberAcc(LV, tuple(VS)) ~> #notB ... </k>"
reference-semantics/semantics/tuple.k:23:rule:14	reference-semantics/semantics/tuple.k	23	23	rule		OUT_OF_TARGET_SLICE_FIXED_RULE	NO TARGET IMPACT: cannot match the pinned program's reachable constructors/control states; no false witness asserted	"rule applyMethod(tuple(VS:ValSeq), ""index"", V:Val, .Vals) => idxOfVS(VS, V, 0)"
reference-semantics/semantics/tuple.k:24:syntax:15	reference-semantics/semantics/tuple.k	24	24	syntax	function	OUT_OF_TARGET_SLICE_DECLARATION	NO TARGET IMPACT: fixed-semantics declaration not exercised by the pinned program	syntax Int ::= idxOfVS(ValSeq, Val, Int) [function]
reference-semantics/semantics/tuple.k:25:rule:16	reference-semantics/semantics/tuple.k	25	25	rule		OUT_OF_TARGET_SLICE_FIXED_RULE	NO TARGET IMPACT: cannot match the pinned program's reachable constructors/control states; no false witness asserted	rule idxOfVS(vCons(A:Val, _:ValSeq), V:Val, I:Int) => I requires A ==K V
reference-semantics/semantics/tuple.k:26:rule:17	reference-semantics/semantics/tuple.k	26	27	rule		OUT_OF_TARGET_SLICE_FIXED_RULE	NO TARGET IMPACT: cannot match the pinned program's reachable constructors/control states; no false witness asserted	rule idxOfVS(vCons(A:Val, R:ValSeq), V:Val, I:Int) => idxOfVS(R, V, I +Int 1) requires notBool (A ==K V)
reference-semantics/semantics/tuple.k:28:rule:18	reference-semantics/semantics/tuple.k	28	28	rule		OUT_OF_TARGET_SLICE_FIXED_RULE	NO TARGET IMPACT: cannot match the pinned program's reachable constructors/control states; no false witness asserted	"rule applyCmp(""!="", tuple(A:ValSeq), tuple(B:ValSeq)) => notBool (A ==K B)"
reference-semantics/semantics/tuple.k:31:syntax:19	reference-semantics/semantics/tuple.k	31	31	syntax		MATERIAL_DECLARATION	ACCEPT: declaration/strictness for a constructor or value used by the pinned program	syntax KItem ::= #bindTgt(Expr, Val)
reference-semantics/semantics/tuple.k:32:rule:20	reference-semantics/semantics/tuple.k	32	34	rule		MATERIAL_FIXED_SEMANTICS	ACCEPT: manually reviewed in the reachable semantic slice; matches the intended material operation	rule <k> #bindTgt(Name(X:String), V:Val) => .K ... </k> <env> L:Int </env> <scopes> ... L |-> scope(M:Map => M [ X <- V ], _) ... </scopes>
reference-semantics/semantics/tuple.k:35:rule:21	reference-semantics/semantics/tuple.k	35	41	rule	priority	MATERIAL_FIXED_SEMANTICS	ACCEPT: manually reviewed in the reachable semantic slice; matches the intended material operation	"rule <k> #bindTgt(Name(X:String), V:Val) => #cellW({M[X]}:>Val, V) ... </k> <env> L:Int </env> <scopes> ... L |-> scope(M:Map, _) ... </scopes> requires ""$cells"" in_keys(M) andBool pnMember(X, cellsOf({M[""$cells""]}:>Val)) andBool X in_keys(M) andBool isCellRef({M[X]}:>Val) [priority(40)]"
reference-semantics/semantics/tuple.k:42:rule:22	reference-semantics/semantics/tuple.k	42	42	rule		OUT_OF_TARGET_SLICE_FIXED_RULE	NO TARGET IMPACT: cannot match the pinned program's reachable constructors/control states; no false witness asserted	rule <k> #bindTgt(TupleExpr(TS:Exprs), tuple(VS:ValSeq)) => #unpackSeq(TS, VS) ... </k>
reference-semantics/semantics/tuple.k:43:rule:23	reference-semantics/semantics/tuple.k	43	43	rule		OUT_OF_TARGET_SLICE_FIXED_RULE	NO TARGET IMPACT: cannot match the pinned program's reachable constructors/control states; no false witness asserted	rule <k> #bindTgt(TupleExpr(TS:Exprs), list(VS:ValSeq)) => #unpackSeq(TS, VS) ... </k>
reference-semantics/semantics/tuple.k:44:rule:24	reference-semantics/semantics/tuple.k	44	46	rule	priority	OUT_OF_TARGET_SLICE_FIXED_RULE	NO TARGET IMPACT: cannot match the pinned program's reachable constructors/control states; no false witness asserted	rule <k> #bindTgt(TupleExpr(TS:Exprs), ref(H:Int)) => #bindTgt(TupleExpr(TS), V) ... </k> <heap> ... H |-> V:Val ... </heap> [priority(40)]
reference-semantics/semantics/tuple.k:49:syntax:25	reference-semantics/semantics/tuple.k	49	49	syntax		OUT_OF_TARGET_SLICE_DECLARATION	NO TARGET IMPACT: fixed-semantics declaration not exercised by the pinned program	syntax KItem ::= #unpackSeq(Exprs, ValSeq)
reference-semantics/semantics/tuple.k:50:rule:26	reference-semantics/semantics/tuple.k	50	50	rule		OUT_OF_TARGET_SLICE_FIXED_RULE	NO TARGET IMPACT: cannot match the pinned program's reachable constructors/control states; no false witness asserted	rule <k> Assign(TupleExpr(TS:Exprs), tuple(VS:ValSeq)) => #unpackSeq(TS, VS) ... </k>
reference-semantics/semantics/tuple.k:51:rule:27	reference-semantics/semantics/tuple.k	51	51	rule		OUT_OF_TARGET_SLICE_FIXED_RULE	NO TARGET IMPACT: cannot match the pinned program's reachable constructors/control states; no false witness asserted	rule <k> Assign(TupleExpr(TS:Exprs), list(VS:ValSeq)) => #unpackSeq(TS, VS) ... </k>
reference-semantics/semantics/tuple.k:52:rule:28	reference-semantics/semantics/tuple.k	52	54	rule	priority	OUT_OF_TARGET_SLICE_FIXED_RULE	NO TARGET IMPACT: cannot match the pinned program's reachable constructors/control states; no false witness asserted	rule <k> Assign(TupleExpr(TS:Exprs), ref(H:Int)) => Assign(TupleExpr(TS), V) ... </k> <heap> ... H |-> V:Val ... </heap> [priority(40)]
reference-semantics/semantics/tuple.k:55:rule:29	reference-semantics/semantics/tuple.k	55	56	rule		OUT_OF_TARGET_SLICE_FIXED_RULE	NO TARGET IMPACT: cannot match the pinned program's reachable constructors/control states; no false witness asserted	rule <k> #unpackSeq((T:Expr, TS:Exprs), vCons(V:Val, VS:ValSeq)) => #bindTgt(T, V) ~> #unpackSeq(TS, VS) ... </k>
reference-semantics/semantics/tuple.k:57:rule:30	reference-semantics/semantics/tuple.k	57	57	rule		OUT_OF_TARGET_SLICE_FIXED_RULE	NO TARGET IMPACT: cannot match the pinned program's reachable constructors/control states; no false witness asserted	rule <k> #unpackSeq(.Exprs, .ValSeq) => .K ... </k>
reference-semantics/semantics/tuple.k:58:endmodule:31	reference-semantics/semantics/tuple.k	58	58	endmodule		FIXED_SCAFFOLD	NO TARGET IMPACT: assembly/module/import scaffolding	endmodule
reference-semantics/semantics.k:34:requires:1	reference-semantics/semantics.k	34	34	requires		FIXED_SCAFFOLD	NO TARGET IMPACT: assembly/module/import scaffolding	"requires ""semantics/syntax.k"""
reference-semantics/semantics.k:35:requires:2	reference-semantics/semantics.k	35	35	requires		FIXED_SCAFFOLD	NO TARGET IMPACT: assembly/module/import scaffolding	"requires ""semantics/core.k"""
reference-semantics/semantics.k:36:requires:3	reference-semantics/semantics.k	36	36	requires		FIXED_SCAFFOLD	NO TARGET IMPACT: assembly/module/import scaffolding	"requires ""semantics/iter.k"""
reference-semantics/semantics.k:37:requires:4	reference-semantics/semantics.k	37	37	requires		FIXED_SCAFFOLD	NO TARGET IMPACT: assembly/module/import scaffolding	"requires ""semantics/range.k"""
reference-semantics/semantics.k:38:requires:5	reference-semantics/semantics.k	38	38	requires		FIXED_SCAFFOLD	NO TARGET IMPACT: assembly/module/import scaffolding	"requires ""semantics/operators.k"""
reference-semantics/semantics.k:39:requires:6	reference-semantics/semantics.k	39	39	requires		FIXED_SCAFFOLD	NO TARGET IMPACT: assembly/module/import scaffolding	"requires ""semantics/int.k"""
reference-semantics/semantics.k:40:requires:7	reference-semantics/semantics.k	40	40	requires		FIXED_SCAFFOLD	NO TARGET IMPACT: assembly/module/import scaffolding	"requires ""semantics/bool.k"""
reference-semantics/semantics.k:41:requires:8	reference-semantics/semantics.k	41	41	requires		FIXED_SCAFFOLD	NO TARGET IMPACT: assembly/module/import scaffolding	"requires ""semantics/float.k"""
reference-semantics/semantics.k:42:requires:9	reference-semantics/semantics.k	42	42	requires		FIXED_SCAFFOLD	NO TARGET IMPACT: assembly/module/import scaffolding	"requires ""semantics/str.k"""
reference-semantics/semantics.k:43:requires:10	reference-semantics/semantics.k	43	43	requires		FIXED_SCAFFOLD	NO TARGET IMPACT: assembly/module/import scaffolding	"requires ""semantics/set.k"""
reference-semantics/semantics.k:44:requires:11	reference-semantics/semantics.k	44	44	requires		FIXED_SCAFFOLD	NO TARGET IMPACT: assembly/module/import scaffolding	"requires ""semantics/list.k"""
reference-semantics/semantics.k:45:requires:12	reference-semantics/semantics.k	45	45	requires		FIXED_SCAFFOLD	NO TARGET IMPACT: assembly/module/import scaffolding	"requires ""semantics/tuple.k"""
reference-semantics/semantics.k:46:requires:13	reference-semantics/semantics.k	46	46	requires		FIXED_SCAFFOLD	NO TARGET IMPACT: assembly/module/import scaffolding	"requires ""semantics/subscript.k"""
reference-semantics/semantics.k:47:requires:14	reference-semantics/semantics.k	47	47	requires		FIXED_SCAFFOLD	NO TARGET IMPACT: assembly/module/import scaffolding	"requires ""semantics/comprehension.k"""
reference-semantics/semantics.k:48:requires:15	reference-semantics/semantics.k	48	48	requires		FIXED_SCAFFOLD	NO TARGET IMPACT: assembly/module/import scaffolding	"requires ""semantics/methods.k"""
reference-semantics/semantics.k:49:requires:16	reference-semantics/semantics.k	49	49	requires		FIXED_SCAFFOLD	NO TARGET IMPACT: assembly/module/import scaffolding	"requires ""semantics/controls.k"""
reference-semantics/semantics.k:50:requires:17	reference-semantics/semantics.k	50	50	requires	function	FIXED_SCAFFOLD	NO TARGET IMPACT: assembly/module/import scaffolding	"requires ""semantics/functions.k"""
reference-semantics/semantics.k:51:requires:18	reference-semantics/semantics.k	51	51	requires		FIXED_SCAFFOLD	NO TARGET IMPACT: assembly/module/import scaffolding	"requires ""semantics/builtins.k"""
reference-semantics/semantics.k:52:requires:19	reference-semantics/semantics.k	52	52	requires		FIXED_SCAFFOLD	NO TARGET IMPACT: assembly/module/import scaffolding	"requires ""semantics/call.k"""
reference-semantics/semantics.k:53:requires:20	reference-semantics/semantics.k	53	53	requires		FIXED_SCAFFOLD	NO TARGET IMPACT: assembly/module/import scaffolding	"requires ""semantics/sort.k"""
reference-semantics/semantics.k:54:requires:21	reference-semantics/semantics.k	54	54	requires		FIXED_SCAFFOLD	NO TARGET IMPACT: assembly/module/import scaffolding	"requires ""semantics/assert.k"""
reference-semantics/semantics.k:55:requires:22	reference-semantics/semantics.k	55	55	requires		FIXED_SCAFFOLD	NO TARGET IMPACT: assembly/module/import scaffolding	"requires ""semantics/dict.k"""
reference-semantics/semantics.k:56:requires:23	reference-semantics/semantics.k	56	56	requires	concrete	FIXED_SCAFFOLD	NO TARGET IMPACT: assembly/module/import scaffolding	"requires ""semantics/concrete.k"""
reference-semantics/semantics.k:58:module:24	reference-semantics/semantics.k	58	58	module		FIXED_SCAFFOLD	NO TARGET IMPACT: assembly/module/import scaffolding	module MPY
reference-semantics/semantics.k:59:imports:25	reference-semantics/semantics.k	59	59	imports		FIXED_SCAFFOLD	NO TARGET IMPACT: assembly/module/import scaffolding	imports MPY-CORE
reference-semantics/semantics.k:60:imports:26	reference-semantics/semantics.k	60	60	imports		FIXED_SCAFFOLD	NO TARGET IMPACT: assembly/module/import scaffolding	imports MPY-ITER
reference-semantics/semantics.k:61:imports:27	reference-semantics/semantics.k	61	61	imports		FIXED_SCAFFOLD	NO TARGET IMPACT: assembly/module/import scaffolding	imports MPY-RANGE
reference-semantics/semantics.k:62:imports:28	reference-semantics/semantics.k	62	62	imports		FIXED_SCAFFOLD	NO TARGET IMPACT: assembly/module/import scaffolding	imports MPY-OPERATORS
reference-semantics/semantics.k:63:imports:29	reference-semantics/semantics.k	63	63	imports		FIXED_SCAFFOLD	NO TARGET IMPACT: assembly/module/import scaffolding	imports MPY-INT
reference-semantics/semantics.k:64:imports:30	reference-semantics/semantics.k	64	64	imports		FIXED_SCAFFOLD	NO TARGET IMPACT: assembly/module/import scaffolding	imports MPY-BOOL
reference-semantics/semantics.k:65:imports:31	reference-semantics/semantics.k	65	65	imports		FIXED_SCAFFOLD	NO TARGET IMPACT: assembly/module/import scaffolding	imports MPY-FLOAT
reference-semantics/semantics.k:66:imports:32	reference-semantics/semantics.k	66	66	imports		FIXED_SCAFFOLD	NO TARGET IMPACT: assembly/module/import scaffolding	imports MPY-STR
reference-semantics/semantics.k:67:imports:33	reference-semantics/semantics.k	67	67	imports		FIXED_SCAFFOLD	NO TARGET IMPACT: assembly/module/import scaffolding	imports MPY-SET
reference-semantics/semantics.k:68:imports:34	reference-semantics/semantics.k	68	68	imports		FIXED_SCAFFOLD	NO TARGET IMPACT: assembly/module/import scaffolding	imports MPY-LIST
reference-semantics/semantics.k:69:imports:35	reference-semantics/semantics.k	69	69	imports		FIXED_SCAFFOLD	NO TARGET IMPACT: assembly/module/import scaffolding	imports MPY-TUPLE
reference-semantics/semantics.k:70:imports:36	reference-semantics/semantics.k	70	70	imports		FIXED_SCAFFOLD	NO TARGET IMPACT: assembly/module/import scaffolding	imports MPY-SUBSCRIPT
reference-semantics/semantics.k:71:imports:37	reference-semantics/semantics.k	71	71	imports		FIXED_SCAFFOLD	NO TARGET IMPACT: assembly/module/import scaffolding	imports MPY-COMPREHENSION
reference-semantics/semantics.k:72:imports:38	reference-semantics/semantics.k	72	72	imports		FIXED_SCAFFOLD	NO TARGET IMPACT: assembly/module/import scaffolding	imports MPY-METHODS
reference-semantics/semantics.k:73:imports:39	reference-semantics/semantics.k	73	73	imports		FIXED_SCAFFOLD	NO TARGET IMPACT: assembly/module/import scaffolding	imports MPY-CONTROLS
reference-semantics/semantics.k:74:imports:40	reference-semantics/semantics.k	74	74	imports		FIXED_SCAFFOLD	NO TARGET IMPACT: assembly/module/import scaffolding	imports MPY-FUNCTIONS
reference-semantics/semantics.k:75:imports:41	reference-semantics/semantics.k	75	75	imports		FIXED_SCAFFOLD	NO TARGET IMPACT: assembly/module/import scaffolding	imports MPY-BUILTINS
reference-semantics/semantics.k:76:imports:42	reference-semantics/semantics.k	76	76	imports		FIXED_SCAFFOLD	NO TARGET IMPACT: assembly/module/import scaffolding	imports MPY-CALL
reference-semantics/semantics.k:77:imports:43	reference-semantics/semantics.k	77	77	imports		FIXED_SCAFFOLD	NO TARGET IMPACT: assembly/module/import scaffolding	imports MPY-SORT
reference-semantics/semantics.k:78:imports:44	reference-semantics/semantics.k	78	78	imports		FIXED_SCAFFOLD	NO TARGET IMPACT: assembly/module/import scaffolding	imports MPY-ASSERT
reference-semantics/semantics.k:79:imports:45	reference-semantics/semantics.k	79	79	imports		FIXED_SCAFFOLD	NO TARGET IMPACT: assembly/module/import scaffolding	imports MPY-DICT
reference-semantics/semantics.k:80:endmodule:46	reference-semantics/semantics.k	80	80	endmodule		FIXED_SCAFFOLD	NO TARGET IMPACT: assembly/module/import scaffolding	endmodule
reference-semantics/semantics.k:87:module:47	reference-semantics/semantics.k	87	87	module		FIXED_SCAFFOLD	NO TARGET IMPACT: assembly/module/import scaffolding	module MPY-KRUN
reference-semantics/semantics.k:88:imports:48	reference-semantics/semantics.k	88	88	imports		FIXED_SCAFFOLD	NO TARGET IMPACT: assembly/module/import scaffolding	imports MPY
reference-semantics/semantics.k:89:imports:49	reference-semantics/semantics.k	89	89	imports		FIXED_SCAFFOLD	NO TARGET IMPACT: assembly/module/import scaffolding	imports MPY-CONCRETE
reference-semantics/semantics.k:90:endmodule:50	reference-semantics/semantics.k	90	90	endmodule		FIXED_SCAFFOLD	NO TARGET IMPACT: assembly/module/import scaffolding	endmodule
verification.k:1:requires:1	verification.k	1	1	requires		PROOF_LOCAL_SCAFFOLD	ACCEPT: module/import scaffolding only	"requires ""reference-semantics/semantics.k"""
verification.k:3:module:2	verification.k	3	3	module		PROOF_LOCAL_SCAFFOLD	ACCEPT: module/import scaffolding only	module VERIFICATION
verification.k:4:imports:3	verification.k	4	4	imports		PROOF_LOCAL_SCAFFOLD	ACCEPT: module/import scaffolding only	imports MPY
verification.k:7:syntax:4	verification.k	7	7	syntax	function,total	PROOF_LOCAL_DECLARATION	ACCEPT: pure total structural summary; exhaustive IntSeq constructors; no K-cell match	syntax IntSeq ::= deleteAcc(IntSeq, IntSeq, IntSeq) [function, total]
verification.k:8:rule:5	verification.k	8	8	rule		PROOF_LOCAL_EQUATION	ACCEPT: truthful guarded structural recursion on a strict IntSeq suffix	rule deleteAcc(.IntSeq, _:IntSeq, ACC:IntSeq) => ACC
verification.k:9:rule:6	verification.k	9	13	rule		PROOF_LOCAL_EQUATION	ACCEPT: truthful guarded structural recursion on a strict IntSeq suffix	rule deleteAcc(iCons(X:Int, XS:IntSeq), C:IntSeq, ACC:IntSeq) => #if strContains(iCons(X, .IntSeq), C) #then deleteAcc(XS, C, ACC) #else deleteAcc(XS, C, seqConcat(ACC, iCons(X, .IntSeq))) #fi
verification.k:17:syntax:7	verification.k	17	18	syntax	function,total	PROOF_LOCAL_DECLARATION	ACCEPT: pure total structural summary; exhaustive IntSeq constructors; no K-cell match	syntax IntSeq ::= reverseDeleteAcc(IntSeq, IntSeq, IntSeq) [function, total]
verification.k:19:rule:8	verification.k	19	19	rule		PROOF_LOCAL_EQUATION	ACCEPT: truthful guarded structural recursion on a strict IntSeq suffix	rule reverseDeleteAcc(.IntSeq, _:IntSeq, ACC:IntSeq) => ACC
verification.k:20:rule:9	verification.k	20	24	rule		PROOF_LOCAL_EQUATION	ACCEPT: truthful guarded structural recursion on a strict IntSeq suffix	rule reverseDeleteAcc(iCons(X:Int, XS:IntSeq), C:IntSeq, ACC:IntSeq) => #if strContains(iCons(X, .IntSeq), C) #then reverseDeleteAcc(XS, C, ACC) #else reverseDeleteAcc(XS, C, iCons(X, ACC)) #fi
verification.k:25:endmodule:10	verification.k	25	25	endmodule		PROOF_LOCAL_SCAFFOLD	ACCEPT: module/import scaffolding only	endmodule
spec.k:1:requires:1	spec.k	1	1	requires		SPEC_SCAFFOLD	ACCEPT: module/import scaffolding only	"requires ""verification.k"""
spec.k:3:module:2	spec.k	3	3	module		SPEC_SCAFFOLD	ACCEPT: module/import scaffolding only	module SPEC
spec.k:4:imports:3	spec.k	4	4	imports		SPEC_SCAFFOLD	ACCEPT: module/import scaffolding only	imports VERIFICATION
spec.k:6:claim:4	spec.k	6	40	claim		REACHABILITY_CLAIM	ACCEPT: manually reviewed for satisfiability, control-flow pinning, framing, and result constraint	"claim [reverse-delete-loop]: <k> #loop( str(S:IntSeq), Name(""ch""), If( Compare(Name(""ch""), CmpOp(""not in"", Name(""c""))), AugAssign(Name(""result""), ""+"", Name(""ch"")) Assign( Name(""reversed_result""), BinOp(""+"", Name(""ch""), Name(""reversed_result""))), .Stmts)) => .K ... </k> <env> L:Int </env> <scopes> REST:Map L |-> scope( ""s"" |-> str(ORIGINAL:IntSeq) ""c"" |-> str(C:IntSeq) ""result"" |-> (str(A:IntSeq) => str(deleteAcc(S, C, A))) ""reversed_result"" |-> (str(R:IntSeq) => str(reverseDeleteAcc(S, C, R))) ""ch"" |-> (CH:Val => ?CH:Val), parent(0)) </scopes> <scopeLoc> NEXT:Int </scopeLoc> <heap> HEAP:Map </heap> <heapLoc> HNEXT:Int </heapLoc> <stack> STACK:List </stack> <ret> noRet </ret> <exc> NoExc </exc> <exit-code> EXIT:Int </exit-code> requires notBool L in_keys(REST)"
spec.k:42:claim:5	spec.k	42	91	claim		REACHABILITY_CLAIM	ACCEPT: manually reviewed for satisfiability, control-flow pinning, framing, and result constraint	"claim [reverse-delete-entry]: <k> Call( Name(""reverse_delete""), (str(S:IntSeq), str(C:IntSeq), .Exprs)) => tuple( vCons( str(deleteAcc(S, C, .IntSeq)), vCons( deleteAcc(S, C, .IntSeq) ==K reverseDeleteAcc(S, C, .IntSeq), .ValSeq))) </k> <env> 0 </env> <scopes> 0 |-> scope( ""reverse_delete"" |-> closureVal( (""s"", ""c"", .ParamNames), Assign(Name(""result""), Str("""")) Assign(Name(""reversed_result""), Str("""")) Assign(Name(""ch""), Str("""")) For( Name(""ch""), Name(""s""), If( Compare(Name(""ch""), CmpOp(""not in"", Name(""c""))), AugAssign(Name(""result""), ""+"", Name(""ch"")) Assign( Name(""reversed_result""), BinOp(""+"", Name(""ch""), Name(""reversed_result""))), .Stmts)) Return( TupleExpr( Name(""result""), Compare( Name(""result""), CmpOp(""=="", Name(""reversed_result""))))) .Stmts, 0), parent(-1)) -1 |-> builtinsScope </scopes> <scopeLoc> 1 </scopeLoc> <heap> .Map </heap> <heapLoc> 0 </heapLoc> <stack> .List </stack> <ret> noRet </ret> <exc> NoExc </exc> <exit-code> 0 </exit-code>"
spec.k:92:endmodule:6	spec.k	92	92	endmodule		SPEC_SCAFFOLD	ACCEPT: module/import scaffolding only	endmodule
