id	path	line	scope	kind	subtype	attributes	decision	text
K0001	reference-semantics/semantics/assert.k	6	supplied-semantics	rule	ordinary-semantic-rule	-	FOLLOWS_SELECTED_SUPPLIED_SEMANTICS	rule <k> Assert(V:Val) => .K ... </k> requires truthy(V)
K0002	reference-semantics/semantics/assert.k	8	supplied-semantics	rule	ordinary-semantic-rule	-	FOLLOWS_SELECTED_SUPPLIED_SEMANTICS	rule <k> Assert(V:Val) ~> _ => .K </k> <exc> NoExc => AssertionError </exc> <exit-code> _ => 1 </exit-code> requires notBool truthy(V)
K0003	reference-semantics/semantics/assert.k	13	supplied-semantics	rule	priority-rule	priority	FOLLOWS_SELECTED_SUPPLIED_SEMANTICS	rule <k> Assert(ref(H:Int)) => Assert(V) ... </k> <heap> ... H |-> V:Val ... </heap> [priority(40)]
K0004	reference-semantics/semantics/bool.k	8	supplied-semantics	rule	ordinary-semantic-rule	-	FOLLOWS_SELECTED_SUPPLIED_SEMANTICS	"rule applyUn(""not"", V:Val) => notBool truthy(V)"
K0005	reference-semantics/semantics/bool.k	10	supplied-semantics	rule	ordinary-semantic-rule	-	FOLLOWS_SELECTED_SUPPLIED_SEMANTICS	"rule applyCmp(""=="", B1:Bool, B2:Bool) => B1 ==Bool B2"
K0006	reference-semantics/semantics/bool.k	11	supplied-semantics	rule	ordinary-semantic-rule	-	FOLLOWS_SELECTED_SUPPLIED_SEMANTICS	"rule applyCmp(""!="", B1:Bool, B2:Bool) => B1 =/=Bool B2"
K0007	reference-semantics/semantics/bool.k	16	supplied-semantics	context	context	-	FOLLOWS_SELECTED_SUPPLIED_SEMANTICS	context BoolOp(_, (HOLE:Expr, _:Exprs))
K0008	reference-semantics/semantics/bool.k	17	supplied-semantics	rule	ordinary-semantic-rule	-	FOLLOWS_SELECTED_SUPPLIED_SEMANTICS	rule <k> BoolOp(_:String, (V:Val, .Exprs)) => V ... </k>
K0009	reference-semantics/semantics/bool.k	18	supplied-semantics	rule	ordinary-semantic-rule	-	FOLLOWS_SELECTED_SUPPLIED_SEMANTICS	"rule <k> BoolOp(""and"", (V:Val, A:Expr, REST:Exprs)) => BoolOp(""and"", (A, REST)) ... </k> requires truthy(V)"
K0010	reference-semantics/semantics/bool.k	20	supplied-semantics	rule	ordinary-semantic-rule	-	FOLLOWS_SELECTED_SUPPLIED_SEMANTICS	"rule <k> BoolOp(""and"", (V:Val, _:Expr, _:Exprs)) => V ... </k> requires notBool truthy(V)"
K0011	reference-semantics/semantics/bool.k	22	supplied-semantics	rule	ordinary-semantic-rule	-	FOLLOWS_SELECTED_SUPPLIED_SEMANTICS	"rule <k> BoolOp(""or"",  (V:Val, _:Expr, _:Exprs)) => V ... </k> requires truthy(V)"
K0012	reference-semantics/semantics/bool.k	24	supplied-semantics	rule	ordinary-semantic-rule	-	FOLLOWS_SELECTED_SUPPLIED_SEMANTICS	"rule <k> BoolOp(""or"",  (V:Val, A:Expr, REST:Exprs)) => BoolOp(""or"", (A, REST)) ... </k> requires notBool truthy(V)"
K0013	reference-semantics/semantics/bool.k	29	supplied-semantics	rule	priority-rule	priority	FOLLOWS_SELECTED_SUPPLIED_SEMANTICS	rule <k> BoolOp(_:String, (ref(H:Int), .Exprs)) => ref(H) ... </k> [priority(40)]
K0014	reference-semantics/semantics/bool.k	31	supplied-semantics	rule	priority-rule	priority	FOLLOWS_SELECTED_SUPPLIED_SEMANTICS	"rule <k> BoolOp(""and"", (ref(H:Int), A:Expr, REST:Exprs)) => BoolOp(""and"", (A, REST)) ... </k> <heap> ... H |-> V:Val ... </heap> requires truthy(V) [priority(40)]"
K0015	reference-semantics/semantics/bool.k	35	supplied-semantics	rule	priority-rule	priority	FOLLOWS_SELECTED_SUPPLIED_SEMANTICS	"rule <k> BoolOp(""and"", (ref(H:Int), _:Expr, _:Exprs)) => ref(H) ... </k> <heap> ... H |-> V:Val ... </heap> requires notBool truthy(V) [priority(40)]"
K0016	reference-semantics/semantics/bool.k	39	supplied-semantics	rule	priority-rule	priority	FOLLOWS_SELECTED_SUPPLIED_SEMANTICS	"rule <k> BoolOp(""or"", (ref(H:Int), _:Expr, _:Exprs)) => ref(H) ... </k> <heap> ... H |-> V:Val ... </heap> requires truthy(V) [priority(40)]"
K0017	reference-semantics/semantics/bool.k	43	supplied-semantics	rule	priority-rule	priority	FOLLOWS_SELECTED_SUPPLIED_SEMANTICS	"rule <k> BoolOp(""or"", (ref(H:Int), A:Expr, REST:Exprs)) => BoolOp(""or"", (A, REST)) ... </k> <heap> ... H |-> V:Val ... </heap> requires notBool truthy(V) [priority(40)]"
K0018	reference-semantics/semantics/builtins.k	17	supplied-semantics	syntax	function-declaration	function	FOLLOWS_SELECTED_SUPPLIED_SEMANTICS	syntax Val ::= applyBuiltin(String, Vals) [function]
K0019	reference-semantics/semantics/builtins.k	20	supplied-semantics	syntax	function-declaration	function	FOLLOWS_SELECTED_SUPPLIED_SEMANTICS	syntax Int ::= seqLen(Val) [function]
K0020	reference-semantics/semantics/builtins.k	21	supplied-semantics	rule	ordinary-semantic-rule	-	FOLLOWS_SELECTED_SUPPLIED_SEMANTICS	"rule applyBuiltin(""len"", OBJ:Val, .Vals) => seqLen(OBJ)"
K0021	reference-semantics/semantics/builtins.k	22	supplied-semantics	rule	ordinary-semantic-rule	-	FOLLOWS_SELECTED_SUPPLIED_SEMANTICS	rule seqLen(list(VS:ValSeq))                  => vsLen(VS)
K0022	reference-semantics/semantics/builtins.k	23	supplied-semantics	rule	ordinary-semantic-rule	-	FOLLOWS_SELECTED_SUPPLIED_SEMANTICS	rule seqLen(tuple(VS:ValSeq))                 => vsLen(VS)
K0023	reference-semantics/semantics/builtins.k	24	supplied-semantics	rule	ordinary-semantic-rule	-	FOLLOWS_SELECTED_SUPPLIED_SEMANTICS	rule seqLen(str(IS:IntSeq))                   => isLen(IS)
K0024	reference-semantics/semantics/builtins.k	25	supplied-semantics	rule	ordinary-semantic-rule	-	FOLLOWS_SELECTED_SUPPLIED_SEMANTICS	rule seqLen(setV(DS:IntSeq))                  => isLen(DS)
K0025	reference-semantics/semantics/builtins.k	26	supplied-semantics	rule	ordinary-semantic-rule	-	FOLLOWS_SELECTED_SUPPLIED_SEMANTICS	rule seqLen(rangeObj(LO:Int, HI:Int, ST:Int)) => rangeLen(LO, HI, ST)
K0026	reference-semantics/semantics/builtins.k	32	supplied-semantics	rule	ordinary-semantic-rule	-	FOLLOWS_SELECTED_SUPPLIED_SEMANTICS	"rule <k> #applyK(toCall(builtinV(""list"")), (list(VS:ValSeq),  .Vals)) => #alloc(list(VS)) ... </k>"
K0027	reference-semantics/semantics/builtins.k	33	supplied-semantics	rule	ordinary-semantic-rule	-	FOLLOWS_SELECTED_SUPPLIED_SEMANTICS	"rule <k> #applyK(toCall(builtinV(""list"")), (tuple(VS:ValSeq), .Vals)) => #alloc(list(VS)) ... </k>"
K0028	reference-semantics/semantics/builtins.k	34	supplied-semantics	rule	ordinary-semantic-rule	-	FOLLOWS_SELECTED_SUPPLIED_SEMANTICS	"rule <k> #applyK(toCall(builtinV(""list"")), .Vals)                     => #alloc(list(.ValSeq)) ... </k>"
K0029	reference-semantics/semantics/builtins.k	35	supplied-semantics	rule	ordinary-semantic-rule	-	FOLLOWS_SELECTED_SUPPLIED_SEMANTICS	"rule <k> #applyK(toCall(builtinV(""list"")), (str(CS:IntSeq), .Vals))   => #alloc(list(charsOf(CS))) ... </k>"
K0030	reference-semantics/semantics/builtins.k	36	supplied-semantics	syntax	function-declaration	function,total	FOLLOWS_SELECTED_SUPPLIED_SEMANTICS	syntax ValSeq ::= charsOf(IntSeq) [function, total]
K0031	reference-semantics/semantics/builtins.k	37	supplied-semantics	rule	ordinary-semantic-rule	-	FOLLOWS_SELECTED_SUPPLIED_SEMANTICS	rule charsOf(.IntSeq)                => .ValSeq
K0032	reference-semantics/semantics/builtins.k	38	supplied-semantics	rule	ordinary-semantic-rule	-	FOLLOWS_SELECTED_SUPPLIED_SEMANTICS	rule charsOf(iCons(C:Int, R:IntSeq)) => vCons(str(iCons(C, .IntSeq)), charsOf(R))
K0033	reference-semantics/semantics/builtins.k	41	supplied-semantics	rule	ordinary-semantic-rule	-	FOLLOWS_SELECTED_SUPPLIED_SEMANTICS	"rule applyBuiltin(""set"", str(CS:IntSeq), .Vals) => setV(dedupCodes(CS))"
K0034	reference-semantics/semantics/builtins.k	44	supplied-semantics	rule	ordinary-semantic-rule	-	FOLLOWS_SELECTED_SUPPLIED_SEMANTICS	"rule applyBuiltin(""abs"", I:Int, .Vals) => absInt(I)"
K0035	reference-semantics/semantics/builtins.k	47	supplied-semantics	syntax	syntax-declaration	-	FOLLOWS_SELECTED_SUPPLIED_SEMANTICS	syntax KItem ::= #sumAcc(Iterable, Int) | #sumCont(Int)
K0036	reference-semantics/semantics/builtins.k	48	supplied-semantics	rule	ordinary-semantic-rule	-	FOLLOWS_SELECTED_SUPPLIED_SEMANTICS	rule <k> #sumAcc(IT:Iterable, ACC:Int) => #iterNext(IT) ~> #sumCont(ACC) ... </k>
K0037	reference-semantics/semantics/builtins.k	49	supplied-semantics	rule	ordinary-semantic-rule	-	FOLLOWS_SELECTED_SUPPLIED_SEMANTICS	rule <k> #iterDone ~> #sumCont(ACC:Int) => ACC ... </k>
K0038	reference-semantics/semantics/builtins.k	50	supplied-semantics	rule	ordinary-semantic-rule	-	FOLLOWS_SELECTED_SUPPLIED_SEMANTICS	rule <k> #iterYield(V:Val, R:Iterable) ~> #sumCont(ACC:Int) => #sumAcc(R, ACC +Int intOf(V)) ... </k> requires isInt(V) orBool isBool(V)
K0039	reference-semantics/semantics/builtins.k	54	supplied-semantics	syntax	function-declaration	function	FOLLOWS_SELECTED_SUPPLIED_SEMANTICS	syntax Int ::= intOf(Val) [function]
K0040	reference-semantics/semantics/builtins.k	55	supplied-semantics	rule	ordinary-semantic-rule	-	FOLLOWS_SELECTED_SUPPLIED_SEMANTICS	rule intOf(I:Int)  => I
K0041	reference-semantics/semantics/builtins.k	56	supplied-semantics	rule	ordinary-semantic-rule	-	FOLLOWS_SELECTED_SUPPLIED_SEMANTICS	rule intOf(B:Bool) => #if B #then 1 #else 0 #fi
K0042	reference-semantics/semantics/builtins.k	59	supplied-semantics	syntax	syntax-declaration	-	FOLLOWS_SELECTED_SUPPLIED_SEMANTICS	"syntax KItem ::= #allAcc(Iterable) | ""#allCont"""
K0043	reference-semantics/semantics/builtins.k	60	supplied-semantics	rule	ordinary-semantic-rule	-	FOLLOWS_SELECTED_SUPPLIED_SEMANTICS	rule <k> #allAcc(IT:Iterable) => #iterNext(IT) ~> #allCont ... </k>
K0044	reference-semantics/semantics/builtins.k	61	supplied-semantics	rule	ordinary-semantic-rule	-	FOLLOWS_SELECTED_SUPPLIED_SEMANTICS	rule <k> #iterDone ~> #allCont => true ... </k>
K0045	reference-semantics/semantics/builtins.k	62	supplied-semantics	rule	ordinary-semantic-rule	-	FOLLOWS_SELECTED_SUPPLIED_SEMANTICS	rule <k> #iterYield(V:Val, R:Iterable) ~> #allCont => #allAcc(R) ... </k> requires truthy(V)
K0046	reference-semantics/semantics/builtins.k	64	supplied-semantics	rule	ordinary-semantic-rule	-	FOLLOWS_SELECTED_SUPPLIED_SEMANTICS	rule <k> #iterYield(V:Val, _:Iterable) ~> #allCont => false ... </k> requires notBool truthy(V)
K0047	reference-semantics/semantics/builtins.k	67	supplied-semantics	syntax	syntax-declaration	-	FOLLOWS_SELECTED_SUPPLIED_SEMANTICS	"syntax KItem ::= #anyAcc(Iterable) | ""#anyCont"""
K0048	reference-semantics/semantics/builtins.k	68	supplied-semantics	rule	ordinary-semantic-rule	-	FOLLOWS_SELECTED_SUPPLIED_SEMANTICS	rule <k> #anyAcc(IT:Iterable) => #iterNext(IT) ~> #anyCont ... </k>
K0049	reference-semantics/semantics/builtins.k	69	supplied-semantics	rule	ordinary-semantic-rule	-	FOLLOWS_SELECTED_SUPPLIED_SEMANTICS	rule <k> #iterDone ~> #anyCont => false ... </k>
K0050	reference-semantics/semantics/builtins.k	70	supplied-semantics	rule	ordinary-semantic-rule	-	FOLLOWS_SELECTED_SUPPLIED_SEMANTICS	rule <k> #iterYield(V:Val, _:Iterable) ~> #anyCont => true ... </k> requires truthy(V)
K0051	reference-semantics/semantics/builtins.k	72	supplied-semantics	rule	ordinary-semantic-rule	-	FOLLOWS_SELECTED_SUPPLIED_SEMANTICS	rule <k> #iterYield(V:Val, R:Iterable) ~> #anyCont => #anyAcc(R) ... </k> requires notBool truthy(V)
K0052	reference-semantics/semantics/builtins.k	76	supplied-semantics	syntax	syntax-declaration	-	FOLLOWS_SELECTED_SUPPLIED_SEMANTICS	"syntax KItem ::= #maxAcc0(Iterable) | ""#maxCont0"" | #maxAcc(Iterable, Int) | #maxCont(Int)"
K0053	reference-semantics/semantics/builtins.k	77	supplied-semantics	rule	ordinary-semantic-rule	-	FOLLOWS_SELECTED_SUPPLIED_SEMANTICS	rule <k> #maxAcc0(IT:Iterable) => #iterNext(IT) ~> #maxCont0 ... </k>
K0054	reference-semantics/semantics/builtins.k	78	supplied-semantics	rule	ordinary-semantic-rule	-	FOLLOWS_SELECTED_SUPPLIED_SEMANTICS	rule <k> #iterYield(V:Val, R:Iterable) ~> #maxCont0 => #maxAcc(R, {V}:>Int) ... </k> requires isInt(V)
K0055	reference-semantics/semantics/builtins.k	80	supplied-semantics	rule	ordinary-semantic-rule	-	FOLLOWS_SELECTED_SUPPLIED_SEMANTICS	rule <k> #maxAcc(IT:Iterable, M:Int) => #iterNext(IT) ~> #maxCont(M) ... </k>
K0056	reference-semantics/semantics/builtins.k	81	supplied-semantics	rule	ordinary-semantic-rule	-	FOLLOWS_SELECTED_SUPPLIED_SEMANTICS	rule <k> #iterDone ~> #maxCont(M:Int) => M ... </k>
K0057	reference-semantics/semantics/builtins.k	82	supplied-semantics	rule	ordinary-semantic-rule	-	FOLLOWS_SELECTED_SUPPLIED_SEMANTICS	rule <k> #iterYield(V:Val, R:Iterable) ~> #maxCont(M:Int) => #maxAcc(R, maxInt(M, {V}:>Int)) ... </k> requires isInt(V)
K0058	reference-semantics/semantics/builtins.k	86	supplied-semantics	syntax	syntax-declaration	-	FOLLOWS_SELECTED_SUPPLIED_SEMANTICS	"syntax KItem ::= #minAcc0(Iterable) | ""#minCont0"" | #minAcc(Iterable, Int) | #minCont(Int)"
K0059	reference-semantics/semantics/builtins.k	87	supplied-semantics	rule	ordinary-semantic-rule	-	FOLLOWS_SELECTED_SUPPLIED_SEMANTICS	rule <k> #minAcc0(IT:Iterable) => #iterNext(IT) ~> #minCont0 ... </k>
K0060	reference-semantics/semantics/builtins.k	88	supplied-semantics	rule	ordinary-semantic-rule	-	FOLLOWS_SELECTED_SUPPLIED_SEMANTICS	rule <k> #iterYield(V:Val, R:Iterable) ~> #minCont0 => #minAcc(R, {V}:>Int) ... </k> requires isInt(V)
K0061	reference-semantics/semantics/builtins.k	90	supplied-semantics	rule	ordinary-semantic-rule	-	FOLLOWS_SELECTED_SUPPLIED_SEMANTICS	rule <k> #minAcc(IT:Iterable, M:Int) => #iterNext(IT) ~> #minCont(M) ... </k>
K0062	reference-semantics/semantics/builtins.k	91	supplied-semantics	rule	ordinary-semantic-rule	-	FOLLOWS_SELECTED_SUPPLIED_SEMANTICS	rule <k> #iterDone ~> #minCont(M:Int) => M ... </k>
K0063	reference-semantics/semantics/builtins.k	92	supplied-semantics	rule	ordinary-semantic-rule	-	FOLLOWS_SELECTED_SUPPLIED_SEMANTICS	rule <k> #iterYield(V:Val, R:Iterable) ~> #minCont(M:Int) => #minAcc(R, minInt(M, {V}:>Int)) ... </k> requires isInt(V)
K0064	reference-semantics/semantics/builtins.k	97	supplied-semantics	syntax	function-declaration	function	FOLLOWS_SELECTED_SUPPLIED_SEMANTICS	syntax Int ::= maxVals(Int, Vals) [function]
K0065	reference-semantics/semantics/builtins.k	98	supplied-semantics	rule	ordinary-semantic-rule	-	FOLLOWS_SELECTED_SUPPLIED_SEMANTICS	"rule applyBuiltin(""max"", I:Int, REST:Vals) => maxVals(I, REST)"
K0066	reference-semantics/semantics/builtins.k	99	supplied-semantics	rule	ordinary-semantic-rule	-	FOLLOWS_SELECTED_SUPPLIED_SEMANTICS	rule maxVals(M:Int, .Vals)           => M
K0067	reference-semantics/semantics/builtins.k	100	supplied-semantics	rule	ordinary-semantic-rule	-	FOLLOWS_SELECTED_SUPPLIED_SEMANTICS	rule maxVals(M:Int, (I:Int, R:Vals)) => maxVals(maxInt(M, I), R)
K0068	reference-semantics/semantics/builtins.k	102	supplied-semantics	syntax	function-declaration	function	FOLLOWS_SELECTED_SUPPLIED_SEMANTICS	syntax Int ::= minVals(Int, Vals) [function]
K0069	reference-semantics/semantics/builtins.k	103	supplied-semantics	rule	ordinary-semantic-rule	-	FOLLOWS_SELECTED_SUPPLIED_SEMANTICS	"rule applyBuiltin(""min"", I:Int, REST:Vals) => minVals(I, REST)"
K0070	reference-semantics/semantics/builtins.k	104	supplied-semantics	rule	ordinary-semantic-rule	-	FOLLOWS_SELECTED_SUPPLIED_SEMANTICS	rule minVals(M:Int, .Vals)           => M
K0071	reference-semantics/semantics/builtins.k	105	supplied-semantics	rule	ordinary-semantic-rule	-	FOLLOWS_SELECTED_SUPPLIED_SEMANTICS	rule minVals(M:Int, (I:Int, R:Vals)) => minVals(minInt(M, I), R)
K0072	reference-semantics/semantics/builtins.k	108	supplied-semantics	rule	ordinary-semantic-rule	-	FOLLOWS_SELECTED_SUPPLIED_SEMANTICS	"rule applyBuiltin(""bin"", N:Int, .Vals) => str(iCons(48, iCons(98, binCodes(N)))) requires N >=Int 0"
K0073	reference-semantics/semantics/builtins.k	111	supplied-semantics	rule	ordinary-semantic-rule	-	FOLLOWS_SELECTED_SUPPLIED_SEMANTICS	"rule applyBuiltin(""bin"", N:Int, .Vals) => str(iCons(45, iCons(48, iCons(98, binCodes(0 -Int N))))) requires N <Int 0"
K0074	reference-semantics/semantics/builtins.k	114	supplied-semantics	syntax	function-declaration	function,total	FOLLOWS_SELECTED_SUPPLIED_SEMANTICS	syntax IntSeq ::= binCodes(Int) [function, total]
K0075	reference-semantics/semantics/builtins.k	115	supplied-semantics	rule	ordinary-semantic-rule	-	FOLLOWS_SELECTED_SUPPLIED_SEMANTICS	rule binCodes(0) => iCons(48, .IntSeq)
K0076	reference-semantics/semantics/builtins.k	116	supplied-semantics	rule	ordinary-semantic-rule	-	FOLLOWS_SELECTED_SUPPLIED_SEMANTICS	rule binCodes(N:Int) => binAcc(N, .IntSeq) requires N >Int 0
K0077	reference-semantics/semantics/builtins.k	117	supplied-semantics	syntax	function-declaration	function,total	FOLLOWS_SELECTED_SUPPLIED_SEMANTICS	syntax IntSeq ::= binAcc(Int, IntSeq) [function, total]
K0078	reference-semantics/semantics/builtins.k	118	supplied-semantics	rule	ordinary-semantic-rule	-	FOLLOWS_SELECTED_SUPPLIED_SEMANTICS	rule binAcc(0, ACC:IntSeq) => ACC
K0079	reference-semantics/semantics/builtins.k	119	supplied-semantics	rule	ordinary-semantic-rule	-	FOLLOWS_SELECTED_SUPPLIED_SEMANTICS	rule binAcc(N:Int, ACC:IntSeq) => binAcc((N -Int pyMod(N, 2)) /Int 2, iCons(48 +Int pyMod(N, 2), ACC)) requires N >Int 0
K0080	reference-semantics/semantics/builtins.k	124	supplied-semantics	rule	ordinary-semantic-rule	-	FOLLOWS_SELECTED_SUPPLIED_SEMANTICS	"rule <k> #applyK(toCall(builtinV(""enumerate"")), (list(VS:ValSeq), .Vals)) => #alloc(list(enumVS(VS, 0))) ... </k>"
K0081	reference-semantics/semantics/builtins.k	126	supplied-semantics	syntax	function-declaration	function,total	FOLLOWS_SELECTED_SUPPLIED_SEMANTICS	syntax ValSeq ::= enumVS(ValSeq, Int) [function, total]
K0082	reference-semantics/semantics/builtins.k	127	supplied-semantics	rule	ordinary-semantic-rule	-	FOLLOWS_SELECTED_SUPPLIED_SEMANTICS	rule enumVS(.ValSeq, _:Int) => .ValSeq
K0083	reference-semantics/semantics/builtins.k	128	supplied-semantics	rule	ordinary-semantic-rule	-	FOLLOWS_SELECTED_SUPPLIED_SEMANTICS	rule enumVS(vCons(V:Val, R:ValSeq), I:Int) => vCons(tuple(vCons(I, vCons(V, .ValSeq))), enumVS(R, I +Int 1))
K0084	reference-semantics/semantics/builtins.k	132	supplied-semantics	rule	ordinary-semantic-rule	-	FOLLOWS_SELECTED_SUPPLIED_SEMANTICS	"rule <k> #applyK(toCall(builtinV(""map"")), (typeV(""str""), list(VS:ValSeq), .Vals)) => #alloc(list(mapStrVS(VS))) ... </k>"
K0085	reference-semantics/semantics/builtins.k	134	supplied-semantics	syntax	function-declaration	function,total	FOLLOWS_SELECTED_SUPPLIED_SEMANTICS	syntax ValSeq ::= mapStrVS(ValSeq) [function, total]
K0086	reference-semantics/semantics/builtins.k	135	supplied-semantics	rule	ordinary-semantic-rule	-	FOLLOWS_SELECTED_SUPPLIED_SEMANTICS	rule mapStrVS(.ValSeq) => .ValSeq
K0087	reference-semantics/semantics/builtins.k	136	supplied-semantics	rule	ordinary-semantic-rule	-	FOLLOWS_SELECTED_SUPPLIED_SEMANTICS	rule mapStrVS(vCons(I:Int, R:ValSeq)) => vCons(str(strToCodes(Int2String(I))), mapStrVS(R))
K0088	reference-semantics/semantics/builtins.k	137	supplied-semantics	rule	ordinary-semantic-rule	-	FOLLOWS_SELECTED_SUPPLIED_SEMANTICS	rule mapStrVS(vCons(str(CS:IntSeq), R:ValSeq)) => vCons(str(CS), mapStrVS(R))
K0089	reference-semantics/semantics/builtins.k	140	supplied-semantics	rule	ordinary-semantic-rule	-	FOLLOWS_SELECTED_SUPPLIED_SEMANTICS	"rule applyBuiltin(""int"", I:Int, .Vals) => I"
K0090	reference-semantics/semantics/builtins.k	143	supplied-semantics	rule	ordinary-semantic-rule	-	FOLLOWS_SELECTED_SUPPLIED_SEMANTICS	"rule applyBuiltin(""ord"", str(iCons(C:Int, .IntSeq)), .Vals) => C"
K0091	reference-semantics/semantics/builtins.k	144	supplied-semantics	rule	ordinary-semantic-rule	-	FOLLOWS_SELECTED_SUPPLIED_SEMANTICS	"rule applyBuiltin(""chr"", I:Int, .Vals) => str(iCons(I, .IntSeq)) requires 0 <=Int I andBool I <Int 128"
K0092	reference-semantics/semantics/builtins.k	148	supplied-semantics	rule	ordinary-semantic-rule	-	FOLLOWS_SELECTED_SUPPLIED_SEMANTICS	"rule applyBuiltin(""str"", I:Int, .Vals)       => str(strToCodes(Int2String(I)))"
K0093	reference-semantics/semantics/builtins.k	149	supplied-semantics	rule	ordinary-semantic-rule	-	FOLLOWS_SELECTED_SUPPLIED_SEMANTICS	"rule applyBuiltin(""str"", str(CS:IntSeq), .Vals) => str(CS)"
K0094	reference-semantics/semantics/builtins.k	152	supplied-semantics	rule	ordinary-semantic-rule	-	FOLLOWS_SELECTED_SUPPLIED_SEMANTICS	"rule applyBuiltin(""int"", str(iCons(C:Int, .IntSeq)), .Vals) => C -Int 48 requires 48 <=Int C andBool C <=Int 57"
K0095	reference-semantics/semantics/builtins.k	156	supplied-semantics	rule	ordinary-semantic-rule	-	FOLLOWS_SELECTED_SUPPLIED_SEMANTICS	"rule applyBuiltin(""int"", str(CS:IntSeq), .Vals) => intDigAcc(CS, 0) requires isLen(CS) >=Int 2"
K0096	reference-semantics/semantics/builtins.k	158	supplied-semantics	syntax	function-declaration	function,total	FOLLOWS_SELECTED_SUPPLIED_SEMANTICS	syntax Int ::= intDigAcc(IntSeq, Int) [function, total]
K0097	reference-semantics/semantics/builtins.k	159	supplied-semantics	rule	ordinary-semantic-rule	-	FOLLOWS_SELECTED_SUPPLIED_SEMANTICS	rule intDigAcc(.IntSeq, ACC:Int)             => ACC
K0098	reference-semantics/semantics/builtins.k	160	supplied-semantics	rule	ordinary-semantic-rule	-	FOLLOWS_SELECTED_SUPPLIED_SEMANTICS	rule intDigAcc(iCons(C:Int, R:IntSeq), ACC:Int) => intDigAcc(R, (ACC *Int 10) +Int (C -Int 48))
K0099	reference-semantics/semantics/builtins.k	163	supplied-semantics	rule	ordinary-semantic-rule	-	FOLLOWS_SELECTED_SUPPLIED_SEMANTICS	"rule applyBuiltin(""zip"", list(A:ValSeq), list(B:ValSeq), .Vals) => zipObj(A, B)"
K0100	reference-semantics/semantics/builtins.k	164	supplied-semantics	rule	ordinary-semantic-rule	-	FOLLOWS_SELECTED_SUPPLIED_SEMANTICS	"rule applyBuiltin(""zip"", str(A:IntSeq), str(B:IntSeq), .Vals)   => zipObjS(A, B)"
K0101	reference-semantics/semantics/builtins.k	167	supplied-semantics	rule	ordinary-semantic-rule	-	FOLLOWS_SELECTED_SUPPLIED_SEMANTICS	rule <k> #iterNext(zipObj(vCons(A:Val, As:ValSeq), vCons(B:Val, Bs:ValSeq))) => #iterYield(tuple(vCons(A, vCons(B, .ValSeq))), zipObj(As, Bs)) ... </k>
K0102	reference-semantics/semantics/builtins.k	169	supplied-semantics	rule	ordinary-semantic-rule	-	FOLLOWS_SELECTED_SUPPLIED_SEMANTICS	rule <k> #iterNext(zipObj(.ValSeq, _:ValSeq))               => #iterDone ... </k>
K0103	reference-semantics/semantics/builtins.k	170	supplied-semantics	rule	ordinary-semantic-rule	-	FOLLOWS_SELECTED_SUPPLIED_SEMANTICS	rule <k> #iterNext(zipObj(vCons(_:Val, _:ValSeq), .ValSeq)) => #iterDone ... </k>
K0104	reference-semantics/semantics/builtins.k	171	supplied-semantics	rule	ordinary-semantic-rule	-	FOLLOWS_SELECTED_SUPPLIED_SEMANTICS	rule <k> #iterNext(zipObjS(iCons(A:Int, As:IntSeq), iCons(B:Int, Bs:IntSeq))) => #iterYield(tuple(vCons(str(iCons(A, .IntSeq)), vCons(str(iCons(B, .IntSeq)), .ValSeq))), zipObjS(As, Bs)) ... </k>
K0105	reference-semantics/semantics/builtins.k	173	supplied-semantics	rule	ordinary-semantic-rule	-	FOLLOWS_SELECTED_SUPPLIED_SEMANTICS	rule <k> #iterNext(zipObjS(.IntSeq, _:IntSeq))              => #iterDone ... </k>
K0106	reference-semantics/semantics/builtins.k	174	supplied-semantics	rule	ordinary-semantic-rule	-	FOLLOWS_SELECTED_SUPPLIED_SEMANTICS	rule <k> #iterNext(zipObjS(iCons(_:Int, _:IntSeq), .IntSeq)) => #iterDone ... </k>
K0107	reference-semantics/semantics/builtins.k	177	supplied-semantics	rule	ordinary-semantic-rule	-	FOLLOWS_SELECTED_SUPPLIED_SEMANTICS	"rule applyBuiltin(""range"", I:Int, .Vals)               => rangeObj(0, I, 1)"
K0108	reference-semantics/semantics/builtins.k	178	supplied-semantics	rule	ordinary-semantic-rule	-	FOLLOWS_SELECTED_SUPPLIED_SEMANTICS	"rule applyBuiltin(""range"", A:Int, B:Int, .Vals)        => rangeObj(A, B, 1)"
K0109	reference-semantics/semantics/builtins.k	179	supplied-semantics	rule	ordinary-semantic-rule	-	FOLLOWS_SELECTED_SUPPLIED_SEMANTICS	"rule applyBuiltin(""range"", A:Int, B:Int, S:Int, .Vals) => rangeObj(A, B, S) requires S =/=Int 0"
K0110	reference-semantics/semantics/builtins.k	187	supplied-semantics	rule	ordinary-semantic-rule	-	FOLLOWS_SELECTED_SUPPLIED_SEMANTICS	"rule applyBuiltin(""eval"", str(CS:IntSeq), .Vals) => evalArith(CS)"
K0111	reference-semantics/semantics/builtins.k	188	supplied-semantics	syntax	function-declaration	function	FOLLOWS_SELECTED_SUPPLIED_SEMANTICS	syntax Int ::= evalArith(IntSeq) [function]
K0112	reference-semantics/semantics/builtins.k	189	supplied-semantics	rule	ordinary-semantic-rule	-	FOLLOWS_SELECTED_SUPPLIED_SEMANTICS	rule evalArith(CS:IntSeq) => firstNdE(passAddE(passMulE(passPowE(tokOps(CS), tokNds(CS)))))
K0113	reference-semantics/semantics/builtins.k	192	supplied-semantics	syntax	syntax-declaration	-	FOLLOWS_SELECTED_SUPPLIED_SEMANTICS	"syntax OpSeq ::= "".OpSeq"" | oCons(String, OpSeq)"
K0114	reference-semantics/semantics/builtins.k	194	supplied-semantics	syntax	function-declaration	function,total	FOLLOWS_SELECTED_SUPPLIED_SEMANTICS	syntax Bool ::= evDigit(Int) [function, total]
K0115	reference-semantics/semantics/builtins.k	195	supplied-semantics	rule	ordinary-semantic-rule	-	FOLLOWS_SELECTED_SUPPLIED_SEMANTICS	rule evDigit(C:Int) => C >=Int 48 andBool C <=Int 57
K0116	reference-semantics/semantics/builtins.k	196	supplied-semantics	syntax	function-declaration	function,total	FOLLOWS_SELECTED_SUPPLIED_SEMANTICS	syntax Bool ::= evHead42(IntSeq) [function, total]
K0117	reference-semantics/semantics/builtins.k	197	supplied-semantics	rule	ordinary-semantic-rule	-	FOLLOWS_SELECTED_SUPPLIED_SEMANTICS	rule evHead42(iCons(42, _:IntSeq)) => true
K0118	reference-semantics/semantics/builtins.k	198	supplied-semantics	rule	owise-rule	owise	FOLLOWS_SELECTED_SUPPLIED_SEMANTICS	rule evHead42(_:IntSeq)            => false [owise]
K0119	reference-semantics/semantics/builtins.k	199	supplied-semantics	syntax	function-declaration	function,total	FOLLOWS_SELECTED_SUPPLIED_SEMANTICS	syntax Bool ::= evHead47(IntSeq) [function, total]
K0120	reference-semantics/semantics/builtins.k	200	supplied-semantics	rule	ordinary-semantic-rule	-	FOLLOWS_SELECTED_SUPPLIED_SEMANTICS	rule evHead47(iCons(47, _:IntSeq)) => true
K0121	reference-semantics/semantics/builtins.k	201	supplied-semantics	rule	owise-rule	owise	FOLLOWS_SELECTED_SUPPLIED_SEMANTICS	rule evHead47(_:IntSeq)            => false [owise]
K0122	reference-semantics/semantics/builtins.k	203	supplied-semantics	syntax	function-declaration	function,total	FOLLOWS_SELECTED_SUPPLIED_SEMANTICS	syntax OpSeq ::= tokOps(IntSeq) [function, total]
K0123	reference-semantics/semantics/builtins.k	204	supplied-semantics	rule	ordinary-semantic-rule	-	FOLLOWS_SELECTED_SUPPLIED_SEMANTICS	rule tokOps(.IntSeq)                 => .OpSeq
K0124	reference-semantics/semantics/builtins.k	205	supplied-semantics	rule	ordinary-semantic-rule	-	FOLLOWS_SELECTED_SUPPLIED_SEMANTICS	rule tokOps(iCons(32, R:IntSeq))     => tokOps(R)
K0125	reference-semantics/semantics/builtins.k	206	supplied-semantics	rule	ordinary-semantic-rule	-	FOLLOWS_SELECTED_SUPPLIED_SEMANTICS	rule tokOps(iCons(C:Int, R:IntSeq))  => tokOps(R) requires evDigit(C)
K0126	reference-semantics/semantics/builtins.k	207	supplied-semantics	rule	ordinary-semantic-rule	-	FOLLOWS_SELECTED_SUPPLIED_SEMANTICS	"rule tokOps(iCons(42, iCons(42, R:IntSeq))) => oCons(""**"", tokOps(R))"
K0127	reference-semantics/semantics/builtins.k	208	supplied-semantics	rule	ordinary-semantic-rule	-	FOLLOWS_SELECTED_SUPPLIED_SEMANTICS	"rule tokOps(iCons(42, R:IntSeq))     => oCons(""*"", tokOps(R)) requires notBool evHead42(R)"
K0128	reference-semantics/semantics/builtins.k	209	supplied-semantics	rule	ordinary-semantic-rule	-	FOLLOWS_SELECTED_SUPPLIED_SEMANTICS	"rule tokOps(iCons(47, iCons(47, R:IntSeq))) => oCons(""//"", tokOps(R))"
K0129	reference-semantics/semantics/builtins.k	210	supplied-semantics	rule	ordinary-semantic-rule	-	FOLLOWS_SELECTED_SUPPLIED_SEMANTICS	"rule tokOps(iCons(47, R:IntSeq))     => oCons(""/"", tokOps(R)) requires notBool evHead47(R)"
K0130	reference-semantics/semantics/builtins.k	211	supplied-semantics	rule	ordinary-semantic-rule	-	FOLLOWS_SELECTED_SUPPLIED_SEMANTICS	"rule tokOps(iCons(43, R:IntSeq))     => oCons(""+"", tokOps(R))"
K0131	reference-semantics/semantics/builtins.k	212	supplied-semantics	rule	ordinary-semantic-rule	-	FOLLOWS_SELECTED_SUPPLIED_SEMANTICS	"rule tokOps(iCons(45, R:IntSeq))     => oCons(""-"", tokOps(R))"
K0132	reference-semantics/semantics/builtins.k	214	supplied-semantics	syntax	function-declaration	function,total	FOLLOWS_SELECTED_SUPPLIED_SEMANTICS	syntax IntSeq ::= tokNds(IntSeq) [function, total] | tokNdAcc(Int, IntSeq) [function, total]
K0133	reference-semantics/semantics/builtins.k	216	supplied-semantics	rule	ordinary-semantic-rule	-	FOLLOWS_SELECTED_SUPPLIED_SEMANTICS	rule tokNds(.IntSeq)                => .IntSeq
K0134	reference-semantics/semantics/builtins.k	217	supplied-semantics	rule	ordinary-semantic-rule	-	FOLLOWS_SELECTED_SUPPLIED_SEMANTICS	rule tokNds(iCons(32, R:IntSeq))    => tokNds(R)
K0135	reference-semantics/semantics/builtins.k	218	supplied-semantics	rule	ordinary-semantic-rule	-	FOLLOWS_SELECTED_SUPPLIED_SEMANTICS	rule tokNds(iCons(C:Int, R:IntSeq)) => tokNdAcc(C -Int 48, R) requires evDigit(C)
K0136	reference-semantics/semantics/builtins.k	219	supplied-semantics	rule	ordinary-semantic-rule	-	FOLLOWS_SELECTED_SUPPLIED_SEMANTICS	rule tokNds(iCons(C:Int, R:IntSeq)) => tokNds(R) requires notBool evDigit(C) andBool C =/=Int 32
K0137	reference-semantics/semantics/builtins.k	221	supplied-semantics	rule	ordinary-semantic-rule	-	FOLLOWS_SELECTED_SUPPLIED_SEMANTICS	rule tokNdAcc(A:Int, iCons(C:Int, R:IntSeq)) => tokNdAcc(A *Int 10 +Int (C -Int 48), R) requires evDigit(C)
K0138	reference-semantics/semantics/builtins.k	223	supplied-semantics	rule	owise-rule	owise	FOLLOWS_SELECTED_SUPPLIED_SEMANTICS	rule tokNdAcc(A:Int, S:IntSeq) => iCons(A, tokNds(S)) [owise]
K0139	reference-semantics/semantics/builtins.k	225	supplied-semantics	syntax	syntax-declaration	-	FOLLOWS_SELECTED_SUPPLIED_SEMANTICS	syntax EvPair ::= evp(OpSeq, IntSeq)
K0140	reference-semantics/semantics/builtins.k	226	supplied-semantics	syntax	function-declaration	function,total	FOLLOWS_SELECTED_SUPPLIED_SEMANTICS	syntax Int ::= firstNdE(EvPair) [function, total]
K0141	reference-semantics/semantics/builtins.k	227	supplied-semantics	rule	ordinary-semantic-rule	-	FOLLOWS_SELECTED_SUPPLIED_SEMANTICS	rule firstNdE(evp(_:OpSeq, iCons(N:Int, _:IntSeq))) => N
K0142	reference-semantics/semantics/builtins.k	228	supplied-semantics	rule	owise-rule	owise	FOLLOWS_SELECTED_SUPPLIED_SEMANTICS	rule firstNdE(_:EvPair) => 0 [owise]
K0143	reference-semantics/semantics/builtins.k	230	supplied-semantics	syntax	function-declaration	function,total	FOLLOWS_SELECTED_SUPPLIED_SEMANTICS	syntax Int ::= applyOpE(String, Int, Int) [function, total]
K0144	reference-semantics/semantics/builtins.k	231	supplied-semantics	rule	ordinary-semantic-rule	-	FOLLOWS_SELECTED_SUPPLIED_SEMANTICS	"rule applyOpE(""+"",  A:Int, B:Int) => A +Int B"
K0145	reference-semantics/semantics/builtins.k	232	supplied-semantics	rule	ordinary-semantic-rule	-	FOLLOWS_SELECTED_SUPPLIED_SEMANTICS	"rule applyOpE(""-"",  A:Int, B:Int) => A -Int B"
K0146	reference-semantics/semantics/builtins.k	233	supplied-semantics	rule	ordinary-semantic-rule	-	FOLLOWS_SELECTED_SUPPLIED_SEMANTICS	"rule applyOpE(""*"",  A:Int, B:Int) => A *Int B"
K0147	reference-semantics/semantics/builtins.k	234	supplied-semantics	rule	ordinary-semantic-rule	-	FOLLOWS_SELECTED_SUPPLIED_SEMANTICS	"rule applyOpE(""//"", A:Int, B:Int) => A divInt B"
K0148	reference-semantics/semantics/builtins.k	235	supplied-semantics	rule	ordinary-semantic-rule	-	FOLLOWS_SELECTED_SUPPLIED_SEMANTICS	"rule applyOpE(""**"", A:Int, B:Int) => A ^Int B"
K0149	reference-semantics/semantics/builtins.k	236	supplied-semantics	rule	owise-rule	owise	FOLLOWS_SELECTED_SUPPLIED_SEMANTICS	rule applyOpE(_:String, A:Int, _:Int) => A [owise]
K0150	reference-semantics/semantics/builtins.k	238	supplied-semantics	syntax	function-declaration	function,total	FOLLOWS_SELECTED_SUPPLIED_SEMANTICS	syntax EvPair ::= passPowE(OpSeq, IntSeq) [function, total]
K0151	reference-semantics/semantics/builtins.k	239	supplied-semantics	rule	ordinary-semantic-rule	-	FOLLOWS_SELECTED_SUPPLIED_SEMANTICS	rule passPowE(.OpSeq, NDS:IntSeq) => evp(.OpSeq, NDS)
K0152	reference-semantics/semantics/builtins.k	240	supplied-semantics	rule	ordinary-semantic-rule	-	FOLLOWS_SELECTED_SUPPLIED_SEMANTICS	"rule passPowE(oCons(""**"", OPS:OpSeq), iCons(N:Int, NDS:IntSeq)) => powCombE(N, passPowE(OPS, NDS))"
K0153	reference-semantics/semantics/builtins.k	241	supplied-semantics	rule	ordinary-semantic-rule	-	FOLLOWS_SELECTED_SUPPLIED_SEMANTICS	"rule passPowE(oCons(O:String, OPS:OpSeq), iCons(N:Int, NDS:IntSeq)) => powCarryE(O, N, passPowE(OPS, NDS)) requires O =/=String ""**"""
K0154	reference-semantics/semantics/builtins.k	243	supplied-semantics	rule	owise-rule	owise	FOLLOWS_SELECTED_SUPPLIED_SEMANTICS	rule passPowE(_:OpSeq, .IntSeq) => evp(.OpSeq, .IntSeq) [owise]
K0155	reference-semantics/semantics/builtins.k	244	supplied-semantics	syntax	function-declaration	function,total	FOLLOWS_SELECTED_SUPPLIED_SEMANTICS	syntax EvPair ::= powCombE(Int, EvPair) [function, total]
K0156	reference-semantics/semantics/builtins.k	245	supplied-semantics	rule	ordinary-semantic-rule	-	FOLLOWS_SELECTED_SUPPLIED_SEMANTICS	rule powCombE(N:Int, evp(OPS:OpSeq, iCons(M:Int, REST:IntSeq))) => evp(OPS, iCons(N ^Int M, REST))
K0157	reference-semantics/semantics/builtins.k	246	supplied-semantics	rule	ordinary-semantic-rule	-	FOLLOWS_SELECTED_SUPPLIED_SEMANTICS	rule powCombE(N:Int, evp(OPS:OpSeq, .IntSeq)) => evp(OPS, iCons(N, .IntSeq))
K0158	reference-semantics/semantics/builtins.k	247	supplied-semantics	syntax	function-declaration	function,total	FOLLOWS_SELECTED_SUPPLIED_SEMANTICS	syntax EvPair ::= powCarryE(String, Int, EvPair) [function, total]
K0159	reference-semantics/semantics/builtins.k	248	supplied-semantics	rule	ordinary-semantic-rule	-	FOLLOWS_SELECTED_SUPPLIED_SEMANTICS	rule powCarryE(O:String, N:Int, evp(OPS:OpSeq, NDS:IntSeq)) => evp(oCons(O, OPS), iCons(N, NDS))
K0160	reference-semantics/semantics/builtins.k	250	supplied-semantics	syntax	function-declaration	function,total	FOLLOWS_SELECTED_SUPPLIED_SEMANTICS	syntax EvPair ::= passMulE(EvPair) [function, total] | passAddE(EvPair) [function, total]
K0161	reference-semantics/semantics/builtins.k	251	supplied-semantics	rule	ordinary-semantic-rule	-	FOLLOWS_SELECTED_SUPPLIED_SEMANTICS	"rule passMulE(evp(OPS:OpSeq, iCons(N0:Int, NDS:IntSeq))) => passLGoE(""mul"", N0, OPS, NDS, .OpSeq, .IntSeq)"
K0162	reference-semantics/semantics/builtins.k	252	supplied-semantics	rule	ordinary-semantic-rule	-	FOLLOWS_SELECTED_SUPPLIED_SEMANTICS	rule passMulE(evp(OPS:OpSeq, .IntSeq)) => evp(OPS, .IntSeq)
K0163	reference-semantics/semantics/builtins.k	253	supplied-semantics	rule	ordinary-semantic-rule	-	FOLLOWS_SELECTED_SUPPLIED_SEMANTICS	"rule passAddE(evp(OPS:OpSeq, iCons(N0:Int, NDS:IntSeq))) => passLGoE(""add"", N0, OPS, NDS, .OpSeq, .IntSeq)"
K0164	reference-semantics/semantics/builtins.k	254	supplied-semantics	rule	ordinary-semantic-rule	-	FOLLOWS_SELECTED_SUPPLIED_SEMANTICS	rule passAddE(evp(OPS:OpSeq, .IntSeq)) => evp(OPS, .IntSeq)
K0165	reference-semantics/semantics/builtins.k	255	supplied-semantics	syntax	function-declaration	function,total	FOLLOWS_SELECTED_SUPPLIED_SEMANTICS	syntax EvPair ::= passLGoE(String, Int, OpSeq, IntSeq, OpSeq, IntSeq) [function, total]
K0166	reference-semantics/semantics/builtins.k	256	supplied-semantics	rule	ordinary-semantic-rule	-	FOLLOWS_SELECTED_SUPPLIED_SEMANTICS	rule passLGoE(_:String, CUR:Int, .OpSeq, _:IntSeq, OO:OpSeq, ON:IntSeq) => evp(OO, appendIE(ON, CUR))
K0167	reference-semantics/semantics/builtins.k	257	supplied-semantics	rule	ordinary-semantic-rule	-	FOLLOWS_SELECTED_SUPPLIED_SEMANTICS	rule passLGoE(L:String, CUR:Int, oCons(O:String, OPS:OpSeq), iCons(N:Int, NDS:IntSeq), OO:OpSeq, ON:IntSeq) => passLGoE(L, applyOpE(O, CUR, N), OPS, NDS, OO, ON) requires inLevelE(L, O)
K0168	reference-semantics/semantics/builtins.k	260	supplied-semantics	rule	ordinary-semantic-rule	-	FOLLOWS_SELECTED_SUPPLIED_SEMANTICS	rule passLGoE(L:String, CUR:Int, oCons(O:String, OPS:OpSeq), iCons(N:Int, NDS:IntSeq), OO:OpSeq, ON:IntSeq) => passLGoE(L, N, OPS, NDS, appendOpE(OO, O), appendIE(ON, CUR)) requires notBool inLevelE(L, O)
K0169	reference-semantics/semantics/builtins.k	263	supplied-semantics	rule	owise-rule	owise	FOLLOWS_SELECTED_SUPPLIED_SEMANTICS	rule passLGoE(_:String, CUR:Int, oCons(_:String, _:OpSeq), .IntSeq, OO:OpSeq, ON:IntSeq) => evp(OO, appendIE(ON, CUR)) [owise]
K0170	reference-semantics/semantics/builtins.k	265	supplied-semantics	syntax	function-declaration	function,total	FOLLOWS_SELECTED_SUPPLIED_SEMANTICS	syntax Bool ::= inLevelE(String, String) [function, total]
K0171	reference-semantics/semantics/builtins.k	266	supplied-semantics	rule	ordinary-semantic-rule	-	FOLLOWS_SELECTED_SUPPLIED_SEMANTICS	"rule inLevelE(""mul"", O:String) => O ==String ""*"" orBool O ==String ""//"" orBool O ==String ""/"""
K0172	reference-semantics/semantics/builtins.k	267	supplied-semantics	rule	ordinary-semantic-rule	-	FOLLOWS_SELECTED_SUPPLIED_SEMANTICS	"rule inLevelE(""add"", O:String) => O ==String ""+"" orBool O ==String ""-"""
K0173	reference-semantics/semantics/builtins.k	268	supplied-semantics	rule	owise-rule	owise	FOLLOWS_SELECTED_SUPPLIED_SEMANTICS	rule inLevelE(_:String, _:String) => false [owise]
K0174	reference-semantics/semantics/builtins.k	269	supplied-semantics	syntax	function-declaration	function,total	FOLLOWS_SELECTED_SUPPLIED_SEMANTICS	syntax OpSeq ::= appendOpE(OpSeq, String) [function, total]
K0175	reference-semantics/semantics/builtins.k	270	supplied-semantics	rule	ordinary-semantic-rule	-	FOLLOWS_SELECTED_SUPPLIED_SEMANTICS	rule appendOpE(.OpSeq, O:String) => oCons(O, .OpSeq)
K0176	reference-semantics/semantics/builtins.k	271	supplied-semantics	rule	ordinary-semantic-rule	-	FOLLOWS_SELECTED_SUPPLIED_SEMANTICS	rule appendOpE(oCons(H:String, T:OpSeq), O:String) => oCons(H, appendOpE(T, O))
K0177	reference-semantics/semantics/builtins.k	272	supplied-semantics	syntax	function-declaration	function,total	FOLLOWS_SELECTED_SUPPLIED_SEMANTICS	syntax IntSeq ::= appendIE(IntSeq, Int) [function, total]
K0178	reference-semantics/semantics/builtins.k	273	supplied-semantics	rule	ordinary-semantic-rule	-	FOLLOWS_SELECTED_SUPPLIED_SEMANTICS	rule appendIE(.IntSeq, N:Int) => iCons(N, .IntSeq)
K0179	reference-semantics/semantics/builtins.k	274	supplied-semantics	rule	ordinary-semantic-rule	-	FOLLOWS_SELECTED_SUPPLIED_SEMANTICS	rule appendIE(iCons(H:Int, T:IntSeq), N:Int) => iCons(H, appendIE(T, N))
K0180	reference-semantics/semantics/builtins.k	279	supplied-semantics	syntax	syntax-declaration	-	FOLLOWS_SELECTED_SUPPLIED_SEMANTICS	"syntax KItem ::= ""#md5"""
K0181	reference-semantics/semantics/builtins.k	280	supplied-semantics	rule	priority-rule	priority	FOLLOWS_SELECTED_SUPPLIED_SEMANTICS	"rule <k> Call(Attribute(Name(""hashlib""), ""md5""), (E:Expr, .Exprs)) => E ~> #md5 ... </k> [priority(40)]"
K0182	reference-semantics/semantics/builtins.k	282	supplied-semantics	rule	ordinary-semantic-rule	-	FOLLOWS_SELECTED_SUPPLIED_SEMANTICS	rule <k> str(CS:IntSeq) ~> #md5 => md5Obj(CS) ... </k>
K0183	reference-semantics/semantics/builtins.k	283	supplied-semantics	syntax	syntax-declaration	-	FOLLOWS_SELECTED_SUPPLIED_SEMANTICS	syntax Val ::= md5Obj(IntSeq)
K0184	reference-semantics/semantics/builtins.k	284	supplied-semantics	rule	ordinary-semantic-rule	-	FOLLOWS_SELECTED_SUPPLIED_SEMANTICS	"rule applyMethod(md5Obj(CS:IntSeq), ""hexdigest"", .Vals) => str(md5hexCodes(CS))"
K0185	reference-semantics/semantics/builtins.k	285	supplied-semantics	syntax	opaque-symbol-declaration	function,total,symbol,no-evaluators	FOLLOWS_SELECTED_SUPPLIED_SEMANTICS	syntax IntSeq ::= md5hexCodes(IntSeq) [function, total, symbol(md5hexCodes), no-evaluators]
K0186	reference-semantics/semantics/builtins.k	291	supplied-semantics	rule	ordinary-semantic-rule	-	FOLLOWS_SELECTED_SUPPLIED_SEMANTICS	"rule applyBuiltin(""isinstance"", V:Val, typeV(""int""), .Vals) => isIntV(V)"
K0187	reference-semantics/semantics/builtins.k	292	supplied-semantics	rule	ordinary-semantic-rule	-	FOLLOWS_SELECTED_SUPPLIED_SEMANTICS	"rule applyBuiltin(""isinstance"", V:Val, typeV(""str""), .Vals) => isStrV(V)"
K0188	reference-semantics/semantics/builtins.k	293	supplied-semantics	syntax	function-declaration	function	FOLLOWS_SELECTED_SUPPLIED_SEMANTICS	syntax Bool ::= isIntV(Val) [function] | isStrV(Val) [function]
K0189	reference-semantics/semantics/builtins.k	294	supplied-semantics	rule	ordinary-semantic-rule	-	FOLLOWS_SELECTED_SUPPLIED_SEMANTICS	rule isIntV(_:Int)         => true
K0190	reference-semantics/semantics/builtins.k	295	supplied-semantics	rule	owise-rule	owise	FOLLOWS_SELECTED_SUPPLIED_SEMANTICS	rule isIntV(_:Val)         => false [owise]
K0191	reference-semantics/semantics/builtins.k	296	supplied-semantics	rule	ordinary-semantic-rule	-	FOLLOWS_SELECTED_SUPPLIED_SEMANTICS	rule isStrV(str(_:IntSeq)) => true
K0192	reference-semantics/semantics/builtins.k	297	supplied-semantics	rule	owise-rule	owise	FOLLOWS_SELECTED_SUPPLIED_SEMANTICS	rule isStrV(_:Val)         => false [owise]
K0193	reference-semantics/semantics/call.k	16	supplied-semantics	rule	ordinary-semantic-rule	-	FOLLOWS_SELECTED_SUPPLIED_SEMANTICS	rule <k> Attribute(V:Val, M:String) => boundMethodV(V, M) ... </k>
K0194	reference-semantics/semantics/call.k	19	supplied-semantics	syntax	syntax-declaration	-	FOLLOWS_SELECTED_SUPPLIED_SEMANTICS	syntax KItem ::= #callee(Exprs)
K0195	reference-semantics/semantics/call.k	20	supplied-semantics	rule	owise-rule	owise	FOLLOWS_SELECTED_SUPPLIED_SEMANTICS	rule <k> Call(Fe:Expr, ARGS:Exprs) => Fe ~> #callee(ARGS) ... </k> [owise]
K0196	reference-semantics/semantics/call.k	21	supplied-semantics	rule	ordinary-semantic-rule	-	FOLLOWS_SELECTED_SUPPLIED_SEMANTICS	rule <k> CV:Val ~> #callee(ARGS:Exprs) => #evalArgs(ARGS, .Vals, toCall(CV)) ... </k>
K0197	reference-semantics/semantics/call.k	24	supplied-semantics	rule	ordinary-semantic-rule	-	FOLLOWS_SELECTED_SUPPLIED_SEMANTICS	rule <k> #applyK(toCall(boundMethodV(OBJ:Val, M:String)), ACC:Vals) => applyMethod(OBJ, M, ACC) ... </k>
K0198	reference-semantics/semantics/call.k	26	supplied-semantics	rule	ordinary-semantic-rule	-	FOLLOWS_SELECTED_SUPPLIED_SEMANTICS	"rule <k> #applyK(toCall(builtinV(""sum"")), (OBJ:Iterable, .Vals)) => #sumAcc(OBJ, 0) ... </k>"
K0199	reference-semantics/semantics/call.k	27	supplied-semantics	rule	ordinary-semantic-rule	-	FOLLOWS_SELECTED_SUPPLIED_SEMANTICS	"rule <k> #applyK(toCall(builtinV(""all"")), (OBJ:Iterable, .Vals)) => #allAcc(OBJ)    ... </k>"
K0200	reference-semantics/semantics/call.k	28	supplied-semantics	rule	ordinary-semantic-rule	-	FOLLOWS_SELECTED_SUPPLIED_SEMANTICS	"rule <k> #applyK(toCall(builtinV(""any"")), (OBJ:Iterable, .Vals)) => #anyAcc(OBJ)    ... </k>"
K0201	reference-semantics/semantics/call.k	29	supplied-semantics	rule	ordinary-semantic-rule	-	FOLLOWS_SELECTED_SUPPLIED_SEMANTICS	"rule <k> #applyK(toCall(builtinV(""max"")), (OBJ:Iterable, .Vals)) => #maxAcc0(OBJ)   ... </k>"
K0202	reference-semantics/semantics/call.k	30	supplied-semantics	rule	ordinary-semantic-rule	-	FOLLOWS_SELECTED_SUPPLIED_SEMANTICS	"rule <k> #applyK(toCall(builtinV(""min"")), (OBJ:Iterable, .Vals)) => #minAcc0(OBJ)   ... </k>"
K0203	reference-semantics/semantics/call.k	31	supplied-semantics	rule	owise-rule	owise	FOLLOWS_SELECTED_SUPPLIED_SEMANTICS	rule <k> #applyK(toCall(builtinV(BN:String)), ACC:Vals) => applyBuiltin(BN, ACC) ... </k> [owise]
K0204	reference-semantics/semantics/call.k	32	supplied-semantics	rule	ordinary-semantic-rule	-	FOLLOWS_SELECTED_SUPPLIED_SEMANTICS	rule <k> #applyK(toCall(typeV(T:String)),     ACC:Vals) => applyBuiltin(T, ACC)  ... </k>
K0205	reference-semantics/semantics/call.k	38	supplied-semantics	rule	priority-rule	priority	FOLLOWS_SELECTED_SUPPLIED_SEMANTICS	rule <k> #applyK(toCall(builtinV(BN:String)), (ref(H:Int), REST:Vals)) => #applyK(toCall(builtinV(BN)), (V, REST)) ... </k> <heap> ... H |-> V:Val ... </heap> [priority(40)]
K0206	reference-semantics/semantics/call.k	42	supplied-semantics	rule	priority-rule	priority	FOLLOWS_SELECTED_SUPPLIED_SEMANTICS	rule <k> #applyK(toCall(builtinV(BN:String)), (A:Val, ref(H:Int), REST:Vals)) => #applyK(toCall(builtinV(BN)), (A, V, REST)) ... </k> <heap> ... H |-> V:Val ... </heap> requires notBool isRefV(A) [priority(40)]
K0207	reference-semantics/semantics/call.k	47	supplied-semantics	rule	priority-rule	priority	FOLLOWS_SELECTED_SUPPLIED_SEMANTICS	rule <k> #applyK(toCall(typeV(T:String)), (ref(H:Int), REST:Vals)) => #applyK(toCall(typeV(T)), (V, REST)) ... </k> <heap> ... H |-> V:Val ... </heap> [priority(40)]
K0208	reference-semantics/semantics/call.k	52	supplied-semantics	syntax	function-declaration	function,total	FOLLOWS_SELECTED_SUPPLIED_SEMANTICS	syntax Bool ::= isMutMethod(String) [function, total]
K0209	reference-semantics/semantics/call.k	53	supplied-semantics	rule	ordinary-semantic-rule	-	FOLLOWS_SELECTED_SUPPLIED_SEMANTICS	"rule isMutMethod(M:String) => M ==String ""append"" orBool M ==String ""sort"" orBool M ==String ""extend"" orBool M ==String ""insert"" orBool M ==String ""pop"" orBool M ==String ""remove"""
K0210	reference-semantics/semantics/call.k	56	supplied-semantics	rule	priority-rule	priority	FOLLOWS_SELECTED_SUPPLIED_SEMANTICS	rule <k> #applyK(toCall(boundMethodV(ref(H:Int), M:String)), ACC:Vals) => #applyK(toCall(boundMethodV(V, M)), ACC) ... </k> <heap> ... H |-> V:Val ... </heap> requires notBool isMutMethod(M) [priority(40)]
K0211	reference-semantics/semantics/call.k	63	supplied-semantics	rule	priority-rule	priority	FOLLOWS_SELECTED_SUPPLIED_SEMANTICS	rule <k> #applyK(toCall(boundMethodV(OBJ:Val, M:String)), (ref(H:Int), REST:Vals)) => #applyK(toCall(boundMethodV(OBJ, M)), (V, REST)) ... </k> <heap> ... H |-> V:Val ... </heap> requires notBool isMutMethod(M) andBool notBool isRefV(OBJ) [priority(40)]
K0212	reference-semantics/semantics/call.k	69	supplied-semantics	rule	ordinary-semantic-rule	-	FOLLOWS_SELECTED_SUPPLIED_SEMANTICS	rule <k> #applyK(toCall(closureVal(PNS:ParamNames, BODY:Stmts, DEFL:Int)), ACC:Vals) ~> CONT => #bindP(PNS, ACC) ~> BODY ~> #endcall </k> <env>     CALLERL:Int => NEWL </env> <scopes>   STORE:Map => STORE [ NEWL <- scope(.Map, parent(DEFL)) ] </scopes> <scopeLoc> NEWL:Int => NEWL +Int 1 </scopeLoc> <stack>   .List => ListItem(frame(CONT, CALLERL, NEWL)) ... </stack>
K0213	reference-semantics/semantics/call.k	80	supplied-semantics	rule	ordinary-semantic-rule	-	FOLLOWS_SELECTED_SUPPLIED_SEMANTICS	"rule <k> #applyK(toCall(closureValC(PNS:ParamNames, CVS:ParamNames, BODY:Stmts, CM:Map)), ACC:Vals) ~> CONT => #allocCells(CVS) ~> #bindP(PNS, ACC) ~> BODY ~> #endcall </k> <env>     CALLERL:Int => NEWL </env> <scopes>   STORE:Map => STORE [ NEWL <- scope(CM [ ""$cells"" <- cellsMark(CVS) ], parent(0)) ] </scopes> <scopeLoc> NEWL:Int => NEWL +Int 1 </scopeLoc> <stack>   .List => ListItem(frame(CONT, CALLERL, NEWL)) ... </stack>"
K0214	reference-semantics/semantics/call.k	87	supplied-semantics	syntax	syntax-declaration	-	FOLLOWS_SELECTED_SUPPLIED_SEMANTICS	syntax KItem ::= #allocCells(ParamNames)
K0215	reference-semantics/semantics/call.k	88	supplied-semantics	rule	ordinary-semantic-rule	-	FOLLOWS_SELECTED_SUPPLIED_SEMANTICS	rule <k> #allocCells(.ParamNames) => .K ... </k>
K0216	reference-semantics/semantics/call.k	89	supplied-semantics	rule	ordinary-semantic-rule	-	FOLLOWS_SELECTED_SUPPLIED_SEMANTICS	rule <k> #allocCells((CV:String, R:ParamNames)) => #allocCells(R) ... </k> <env> L:Int </env> <scopes> ... L |-> scope(M:Map => M [ CV <- cellRef(N) ], _) ... </scopes> <heap>    H:Map => (N |-> cellV(noneV)) H </heap> <heapLoc> N:Int => N +Int 1 </heapLoc> requires notBool N in_keys(H)
K0217	reference-semantics/semantics/comprehension.k	11	supplied-semantics	rule	ordinary-semantic-rule	-	FOLLOWS_SELECTED_SUPPLIED_SEMANTICS	rule ListComp(ELT:Expr, Gs:CompFors) => Call(closureExpr(.ParamNames, compBody(Gs, ELT)), .Exprs)
K0218	reference-semantics/semantics/comprehension.k	12	supplied-semantics	rule	ordinary-semantic-rule	-	FOLLOWS_SELECTED_SUPPLIED_SEMANTICS	rule GenExp(ELT:Expr, Gs:CompFors)   => Call(closureExpr(.ParamNames, compBody(Gs, ELT)), .Exprs)
K0219	reference-semantics/semantics/comprehension.k	14	supplied-semantics	syntax	macro-declaration	macro	FOLLOWS_SELECTED_SUPPLIED_SEMANTICS	syntax Stmts ::= compBody(CompFors, Expr) [macro]
K0220	reference-semantics/semantics/comprehension.k	15	supplied-semantics	rule	ordinary-semantic-rule	-	FOLLOWS_SELECTED_SUPPLIED_SEMANTICS	"rule compBody(Gs:CompFors, ELT:Expr) => Assign(Name(""$acc""), ListExpr(.Exprs)) compNest(Gs, ELT) Return(Name(""$acc""))"
K0221	reference-semantics/semantics/comprehension.k	18	supplied-semantics	syntax	macro-declaration	macro,macro-rec	FOLLOWS_SELECTED_SUPPLIED_SEMANTICS	syntax Stmt ::= compNest(CompFors, Expr) [macro-rec]
K0222	reference-semantics/semantics/comprehension.k	19	supplied-semantics	rule	ordinary-semantic-rule	-	FOLLOWS_SELECTED_SUPPLIED_SEMANTICS	"rule compNest(.CompFors, ELT:Expr) => Assign(Name(""$acc""), BinOp(""+"", Name(""$acc""), ListExpr(ELT)))"
K0223	reference-semantics/semantics/comprehension.k	21	supplied-semantics	rule	ordinary-semantic-rule	-	FOLLOWS_SELECTED_SUPPLIED_SEMANTICS	rule compNest((CompFor(T:Expr, ITER:Expr, Fs:Exprs) GRest:CompFors), ELT:Expr) => For(T, ITER, If(compGuard(Fs), compNest(GRest, ELT), .Stmts))
K0224	reference-semantics/semantics/comprehension.k	24	supplied-semantics	syntax	macro-declaration	macro	FOLLOWS_SELECTED_SUPPLIED_SEMANTICS	syntax Expr ::= compGuard(Exprs) [macro]
K0225	reference-semantics/semantics/comprehension.k	25	supplied-semantics	rule	ordinary-semantic-rule	-	FOLLOWS_SELECTED_SUPPLIED_SEMANTICS	rule compGuard(.Exprs)             => Bool(true)
K0226	reference-semantics/semantics/comprehension.k	26	supplied-semantics	rule	ordinary-semantic-rule	-	FOLLOWS_SELECTED_SUPPLIED_SEMANTICS	"rule compGuard((F:Expr, Fs:Exprs)) => BoolOp(""and"", (F, Fs))"
K0227	reference-semantics/semantics/concrete.k	13	supplied-semantics	rule	ordinary-semantic-rule	-	FOLLOWS_SELECTED_SUPPLIED_SEMANTICS	"rule <k> Compare(list(A:ValSeq), CmpOp(""=="", list(B:ValSeq))) => deepEqVS(A, B, HP) ... </k> <heap> HP:Map </heap> requires hasRefVS(A) orBool hasRefVS(B)"
K0228	reference-semantics/semantics/concrete.k	16	supplied-semantics	rule	ordinary-semantic-rule	-	FOLLOWS_SELECTED_SUPPLIED_SEMANTICS	"rule <k> Compare(list(A:ValSeq), CmpOp(""!="", list(B:ValSeq))) => notBool deepEqVS(A, B, HP) ... </k> <heap> HP:Map </heap> requires hasRefVS(A) orBool hasRefVS(B)"
K0229	reference-semantics/semantics/concrete.k	25	supplied-semantics	syntax	syntax-declaration	-	FOLLOWS_SELECTED_SUPPLIED_SEMANTICS	syntax Val ::= kvP(Val, Val)
K0230	reference-semantics/semantics/concrete.k	26	supplied-semantics	syntax	syntax-declaration	-	FOLLOWS_SELECTED_SUPPLIED_SEMANTICS	syntax KItem ::= #ksort(ValSeq, Val, ValSeq, Bool) | #ksIns(Val, ValSeq, Val, ValSeq, Bool)
K0231	reference-semantics/semantics/concrete.k	28	supplied-semantics	rule	priority-rule	priority	FOLLOWS_SELECTED_SUPPLIED_SEMANTICS	"rule <k> #applyK(toCall(builtinV(""sorted"")), (list(VS:ValSeq), kwV(""key"", KV:Val), .Vals)) => #ksort(VS, KV, .ValSeq, false) ... </k> [priority(40)]"
K0232	reference-semantics/semantics/concrete.k	31	supplied-semantics	rule	priority-rule	priority	FOLLOWS_SELECTED_SUPPLIED_SEMANTICS	"rule <k> #applyK(toCall(builtinV(""sorted"")), (list(VS:ValSeq), kwV(""key"", KV:Val), kwV(""reverse"", RB:Bool), .Vals)) => #ksort(VS, KV, .ValSeq, RB) ... </k> [priority(40)]"
K0233	reference-semantics/semantics/concrete.k	34	supplied-semantics	rule	ordinary-semantic-rule	-	FOLLOWS_SELECTED_SUPPLIED_SEMANTICS	rule <k> #ksort(.ValSeq, _:Val, ACC:ValSeq, RB:Bool) => #alloc(list(condRev(unpairVS(ACC), RB))) ... </k>
K0234	reference-semantics/semantics/concrete.k	36	supplied-semantics	rule	ordinary-semantic-rule	-	FOLLOWS_SELECTED_SUPPLIED_SEMANTICS	rule <k> #ksort(vCons(V:Val, R:ValSeq), KV:Val, ACC:ValSeq, RB:Bool) => KV ~> #callee((V, .Exprs)) ~> #ksIns(V, R, KV, ACC, RB) ... </k>
K0235	reference-semantics/semantics/concrete.k	38	supplied-semantics	rule	ordinary-semantic-rule	-	FOLLOWS_SELECTED_SUPPLIED_SEMANTICS	rule <k> K:Val ~> #ksIns(V:Val, R:ValSeq, KV:Val, ACC:ValSeq, RB:Bool) => #ksort(R, KV, insPair(ACC, K, V), RB) ... </k> requires notBool isKwV(K)
K0236	reference-semantics/semantics/concrete.k	42	supplied-semantics	syntax	function-declaration	function	FOLLOWS_SELECTED_SUPPLIED_SEMANTICS	syntax ValSeq ::= insPair(ValSeq, Val, Val) [function]
K0237	reference-semantics/semantics/concrete.k	43	supplied-semantics	rule	ordinary-semantic-rule	-	FOLLOWS_SELECTED_SUPPLIED_SEMANTICS	rule insPair(.ValSeq, K:Val, V:Val) => vCons(kvP(K, V), .ValSeq)
K0238	reference-semantics/semantics/concrete.k	44	supplied-semantics	rule	ordinary-semantic-rule	-	FOLLOWS_SELECTED_SUPPLIED_SEMANTICS	rule insPair(vCons(kvP(K2:Val, V2:Val), R:ValSeq), K:Val, V:Val) => vCons(kvP(K, V), vCons(kvP(K2, V2), R)) requires kLt(K, K2)
K0239	reference-semantics/semantics/concrete.k	47	supplied-semantics	rule	ordinary-semantic-rule	-	FOLLOWS_SELECTED_SUPPLIED_SEMANTICS	rule insPair(vCons(kvP(K2:Val, V2:Val), R:ValSeq), K:Val, V:Val) => vCons(kvP(K2, V2), insPair(R, K, V)) requires notBool kLt(K, K2)
K0240	reference-semantics/semantics/concrete.k	51	supplied-semantics	syntax	function-declaration	function	FOLLOWS_SELECTED_SUPPLIED_SEMANTICS	syntax Bool ::= kLt(Val, Val) [function]
K0241	reference-semantics/semantics/concrete.k	52	supplied-semantics	rule	ordinary-semantic-rule	-	FOLLOWS_SELECTED_SUPPLIED_SEMANTICS	rule kLt(I1:Int, I2:Int)             => I1 <Int I2
K0242	reference-semantics/semantics/concrete.k	53	supplied-semantics	rule	ordinary-semantic-rule	-	FOLLOWS_SELECTED_SUPPLIED_SEMANTICS	rule kLt(F1:Float, F2:Float)         => F1 <Float F2
K0243	reference-semantics/semantics/concrete.k	54	supplied-semantics	rule	ordinary-semantic-rule	-	FOLLOWS_SELECTED_SUPPLIED_SEMANTICS	rule kLt(str(A:IntSeq), str(B:IntSeq)) => strLt(A, B)
K0244	reference-semantics/semantics/concrete.k	56	supplied-semantics	syntax	function-declaration	function,total	FOLLOWS_SELECTED_SUPPLIED_SEMANTICS	syntax ValSeq ::= unpairVS(ValSeq) [function, total]
K0245	reference-semantics/semantics/concrete.k	57	supplied-semantics	rule	ordinary-semantic-rule	-	FOLLOWS_SELECTED_SUPPLIED_SEMANTICS	rule unpairVS(.ValSeq) => .ValSeq
K0246	reference-semantics/semantics/concrete.k	58	supplied-semantics	rule	ordinary-semantic-rule	-	FOLLOWS_SELECTED_SUPPLIED_SEMANTICS	rule unpairVS(vCons(kvP(_:Val, V:Val), R:ValSeq)) => vCons(V, unpairVS(R))
K0247	reference-semantics/semantics/concrete.k	59	supplied-semantics	rule	owise-rule	owise	FOLLOWS_SELECTED_SUPPLIED_SEMANTICS	rule unpairVS(vCons(V:Val, R:ValSeq)) => vCons(V, unpairVS(R)) [owise]
K0248	reference-semantics/semantics/controls.k	9	supplied-semantics	rule	ordinary-semantic-rule	-	FOLLOWS_SELECTED_SUPPLIED_SEMANTICS	rule <k> Assign(Name(X:String), V:Val) => .K ... </k> <env> L:Int </env> <scopes> ... L |-> scope(M:Map => M [ X <- V ], _) ... </scopes>
K0249	reference-semantics/semantics/controls.k	12	supplied-semantics	rule	priority-rule	priority	FOLLOWS_SELECTED_SUPPLIED_SEMANTICS	"rule <k> Assign(Name(X:String), V:Val) => #cellW({M[X]}:>Val, V) ... </k> <env> L:Int </env> <scopes> ... L |-> scope(M:Map, _) ... </scopes> requires ""$cells"" in_keys(M) andBool pnMember(X, cellsOf({M[""$cells""]}:>Val)) andBool X in_keys(M) andBool isCellRef({M[X]}:>Val) [priority(40)]"
K0250	reference-semantics/semantics/controls.k	20	supplied-semantics	rule	ordinary-semantic-rule	-	FOLLOWS_SELECTED_SUPPLIED_SEMANTICS	rule <k> AugAssign(Name(X:String), OP:String, V:Val) => .K ... </k> <env> L:Int </env> <scopes> ... L |-> scope(M:Map => M [ X <- applyBin(OP, {M[X]}:>Val, V) ], _) ... </scopes> requires X in_keys(M)
K0251	reference-semantics/semantics/controls.k	27	supplied-semantics	rule	priority-rule	priority	FOLLOWS_SELECTED_SUPPLIED_SEMANTICS	rule <k> AugAssign(Name(X:String), OP:String, V:Val) => Assign(Name(X), BinOp(OP, Name(X), V)) ... </k> <env> L:Int </env> <scopes> ... L |-> scope(M:Map, _) ... </scopes> requires X in_keys(M) andBool isRefV({M[X]}:>Val) [priority(40)]
K0252	reference-semantics/semantics/controls.k	35	supplied-semantics	rule	ordinary-semantic-rule	-	FOLLOWS_SELECTED_SUPPLIED_SEMANTICS	"rule <k> ImportFrom(""math"", NS:ParamNames) => #bindImports(NS) ... </k>"
K0253	reference-semantics/semantics/controls.k	36	supplied-semantics	rule	owise-rule	owise	FOLLOWS_SELECTED_SUPPLIED_SEMANTICS	rule <k> ImportFrom(_:String, _:ParamNames) => .K ... </k> [owise]
K0254	reference-semantics/semantics/controls.k	37	supplied-semantics	syntax	syntax-declaration	-	FOLLOWS_SELECTED_SUPPLIED_SEMANTICS	syntax KItem ::= #bindImports(ParamNames)
K0255	reference-semantics/semantics/controls.k	38	supplied-semantics	rule	ordinary-semantic-rule	-	FOLLOWS_SELECTED_SUPPLIED_SEMANTICS	rule <k> #bindImports(.ParamNames) => .K ... </k>
K0256	reference-semantics/semantics/controls.k	39	supplied-semantics	rule	ordinary-semantic-rule	-	FOLLOWS_SELECTED_SUPPLIED_SEMANTICS	"rule <k> #bindImports((N:String, NS:ParamNames)) => #bindImports(NS) ... </k> <env> L:Int </env> <scopes> ... L |-> scope(M:Map => M [ N <- builtinV(N) ], _) ... </scopes> requires N ==String ""floor"" orBool N ==String ""ceil"""
K0257	reference-semantics/semantics/controls.k	43	supplied-semantics	rule	ordinary-semantic-rule	-	FOLLOWS_SELECTED_SUPPLIED_SEMANTICS	"rule <k> #bindImports((N:String, NS:ParamNames)) => #bindImports(NS) ... </k> requires notBool (N ==String ""floor"" orBool N ==String ""ceil"")"
K0258	reference-semantics/semantics/controls.k	48	supplied-semantics	rule	ordinary-semantic-rule	-	FOLLOWS_SELECTED_SUPPLIED_SEMANTICS	rule <k> Expr(_:Val) => .K ... </k>
K0259	reference-semantics/semantics/controls.k	51	supplied-semantics	syntax	syntax-declaration	-	FOLLOWS_SELECTED_SUPPLIED_SEMANTICS	syntax KItem ::= #branch(Bool, Stmts, Stmts)
K0260	reference-semantics/semantics/controls.k	52	supplied-semantics	rule	ordinary-semantic-rule	-	FOLLOWS_SELECTED_SUPPLIED_SEMANTICS	rule <k> If(C:Val, T:Stmts, E:Stmts) => #branch(truthy(C), T, E) ... </k>
K0261	reference-semantics/semantics/controls.k	53	supplied-semantics	rule	ordinary-semantic-rule	-	FOLLOWS_SELECTED_SUPPLIED_SEMANTICS	rule <k> #branch(true,  T:Stmts, _:Stmts) => T ... </k>
K0262	reference-semantics/semantics/controls.k	54	supplied-semantics	rule	ordinary-semantic-rule	-	FOLLOWS_SELECTED_SUPPLIED_SEMANTICS	rule <k> #branch(false, _:Stmts, E:Stmts) => E ... </k>
K0263	reference-semantics/semantics/controls.k	57	supplied-semantics	rule	ordinary-semantic-rule	-	FOLLOWS_SELECTED_SUPPLIED_SEMANTICS	rule <k> IfExp(V:Val, T:Expr, _:Expr) => T ... </k> requires truthy(V)
K0264	reference-semantics/semantics/controls.k	59	supplied-semantics	rule	ordinary-semantic-rule	-	FOLLOWS_SELECTED_SUPPLIED_SEMANTICS	rule <k> IfExp(V:Val, _:Expr, E:Expr) => E ... </k> requires notBool truthy(V)
K0265	reference-semantics/semantics/controls.k	65	supplied-semantics	syntax	syntax-declaration	-	FOLLOWS_SELECTED_SUPPLIED_SEMANTICS	"syntax KItem ::= #loop(Val, Expr, Stmts) | #loopStep(Expr, Stmts) | #while(Expr, Stmts) | #whileCond(Expr, Stmts) | #loopLbl(K) | ""#cont"" | ""#brk"""
K0266	reference-semantics/semantics/controls.k	69	supplied-semantics	rule	ordinary-semantic-rule	-	FOLLOWS_SELECTED_SUPPLIED_SEMANTICS	rule <k> For(T:Expr, OBJ:Val, B:Stmts) => #loop(OBJ, T, B) ... </k>
K0267	reference-semantics/semantics/controls.k	71	supplied-semantics	rule	ordinary-semantic-rule	-	FOLLOWS_SELECTED_SUPPLIED_SEMANTICS	rule <k> #loop(IT:Iterable, T:Expr, B:Stmts) => #iterNext(IT) ~> #loopStep(T, B) ... </k>
K0268	reference-semantics/semantics/controls.k	72	supplied-semantics	rule	ordinary-semantic-rule	-	FOLLOWS_SELECTED_SUPPLIED_SEMANTICS	rule <k> #iterDone ~> #loopStep(_:Expr, _:Stmts) => .K ... </k>
K0269	reference-semantics/semantics/controls.k	73	supplied-semantics	rule	ordinary-semantic-rule	-	FOLLOWS_SELECTED_SUPPLIED_SEMANTICS	rule <k> #iterYield(V:Val, REST:Iterable) ~> #loopStep(T:Expr, B:Stmts) => #bindTgt(T, V) ~> B ~> #loopLbl(#loop(REST, T, B)) ... </k>
K0270	reference-semantics/semantics/controls.k	77	supplied-semantics	rule	ordinary-semantic-rule	-	FOLLOWS_SELECTED_SUPPLIED_SEMANTICS	rule <k> While(C:Expr, B:Stmts) => #while(C, B) ... </k>
K0271	reference-semantics/semantics/controls.k	78	supplied-semantics	rule	ordinary-semantic-rule	-	FOLLOWS_SELECTED_SUPPLIED_SEMANTICS	rule <k> #while(C:Expr, B:Stmts) => C ~> #whileCond(C, B) ... </k>
K0272	reference-semantics/semantics/controls.k	79	supplied-semantics	rule	ordinary-semantic-rule	-	FOLLOWS_SELECTED_SUPPLIED_SEMANTICS	rule <k> V:Val ~> #whileCond(C:Expr, B:Stmts) => B ~> #loopLbl(#while(C, B)) ... </k> requires truthy(V)
K0273	reference-semantics/semantics/controls.k	81	supplied-semantics	rule	ordinary-semantic-rule	-	FOLLOWS_SELECTED_SUPPLIED_SEMANTICS	rule <k> V:Val ~> #whileCond(_C:Expr, _B:Stmts) => .K ... </k> requires notBool truthy(V)
K0274	reference-semantics/semantics/controls.k	85	supplied-semantics	rule	ordinary-semantic-rule	-	FOLLOWS_SELECTED_SUPPLIED_SEMANTICS	rule <k> #loopLbl(NEXT:K) => NEXT ... </k>
K0275	reference-semantics/semantics/controls.k	86	supplied-semantics	rule	ordinary-semantic-rule	-	FOLLOWS_SELECTED_SUPPLIED_SEMANTICS	rule <k> Continue => #cont ... </k>
K0276	reference-semantics/semantics/controls.k	87	supplied-semantics	rule	ordinary-semantic-rule	-	FOLLOWS_SELECTED_SUPPLIED_SEMANTICS	rule <k> Break => #brk ... </k>
K0277	reference-semantics/semantics/controls.k	88	supplied-semantics	rule	ordinary-semantic-rule	-	FOLLOWS_SELECTED_SUPPLIED_SEMANTICS	rule <k> #cont ~> #loopLbl(NEXT:K) => NEXT ... </k>
K0278	reference-semantics/semantics/controls.k	89	supplied-semantics	rule	owise-rule	owise	FOLLOWS_SELECTED_SUPPLIED_SEMANTICS	rule <k> #cont ~> (_:KItem => .K) ... </k> [owise]
K0279	reference-semantics/semantics/controls.k	90	supplied-semantics	rule	ordinary-semantic-rule	-	FOLLOWS_SELECTED_SUPPLIED_SEMANTICS	rule <k> #brk ~> #loopLbl(_:K) => .K ... </k>
K0280	reference-semantics/semantics/controls.k	91	supplied-semantics	rule	owise-rule	owise	FOLLOWS_SELECTED_SUPPLIED_SEMANTICS	rule <k> #brk ~> (_:KItem => .K) ... </k> [owise]
K0281	reference-semantics/semantics/controls.k	95	supplied-semantics	rule	priority-rule	priority	FOLLOWS_SELECTED_SUPPLIED_SEMANTICS	rule <k> If(ref(H:Int), T:Stmts, E:Stmts) => If(V, T, E) ... </k> <heap> ... H |-> V:Val ... </heap> [priority(40)]
K0282	reference-semantics/semantics/controls.k	98	supplied-semantics	rule	priority-rule	priority	FOLLOWS_SELECTED_SUPPLIED_SEMANTICS	rule <k> IfExp(ref(H:Int), T:Expr, E:Expr) => IfExp(V, T, E) ... </k> <heap> ... H |-> V:Val ... </heap> [priority(40)]
K0283	reference-semantics/semantics/controls.k	101	supplied-semantics	rule	priority-rule	priority	FOLLOWS_SELECTED_SUPPLIED_SEMANTICS	rule <k> ref(H:Int) ~> #whileCond(C:Expr, B:Stmts) => V ~> #whileCond(C, B) ... </k> <heap> ... H |-> V:Val ... </heap> [priority(40)]
K0284	reference-semantics/semantics/controls.k	106	supplied-semantics	rule	priority-rule	priority	FOLLOWS_SELECTED_SUPPLIED_SEMANTICS	rule <k> For(T:Expr, ref(H:Int), B:Stmts) => For(T, V, B) ... </k> <heap> ... H |-> V:Val ... </heap> [priority(40)]
K0285	reference-semantics/semantics/core.k	13	supplied-semantics	syntax	syntax-declaration	-	FOLLOWS_SELECTED_SUPPLIED_SEMANTICS	"syntax IntSeq ::= "".IntSeq"" | iCons(Int, IntSeq)"
K0286	reference-semantics/semantics/core.k	14	supplied-semantics	syntax	syntax-declaration	-	FOLLOWS_SELECTED_SUPPLIED_SEMANTICS	"syntax ValSeq ::= "".ValSeq"" | vCons(Val, ValSeq)"
K0287	reference-semantics/semantics/core.k	15	supplied-semantics	syntax	syntax-declaration	-	FOLLOWS_SELECTED_SUPPLIED_SEMANTICS	syntax Str    ::= str(IntSeq)
K0288	reference-semantics/semantics/core.k	18	supplied-semantics	syntax	syntax-declaration	-	FOLLOWS_SELECTED_SUPPLIED_SEMANTICS	syntax Iterable ::= list(ValSeq) | tuple(ValSeq) | Str | rangeObj(Int, Int, Int) | zipObj(ValSeq, ValSeq) | zipObjS(IntSeq, IntSeq)
K0289	reference-semantics/semantics/core.k	25	supplied-semantics	syntax	function-declaration	function	FOLLOWS_SELECTED_SUPPLIED_SEMANTICS	"syntax Val      ::= Int | Bool | ""noneV"" | Iterable | ref(Int)          // a heap object: <heap> holds its list(VS) | cellRef(Int)      // a closure cell: <heap> holds cellV(V) | closureVal(ParamNames, Stmts, Int) | typeV(String)     // a type object (int/str), resolved from the builtins frame | builtinV(String)  // a builtin function, resolved like any name (LEGB fallthrough) | boundMethodV(Val, String)   // a cooled Attribute: obj.method"
K0290	reference-semantics/semantics/core.k	36	supplied-semantics	syntax	syntax-declaration	-	FOLLOWS_SELECTED_SUPPLIED_SEMANTICS	"syntax Parent   ::= ""root"" | parent(Int)"
K0291	reference-semantics/semantics/core.k	37	supplied-semantics	syntax	syntax-declaration	-	FOLLOWS_SELECTED_SUPPLIED_SEMANTICS	syntax Scope    ::= scope(Map, Parent)
K0292	reference-semantics/semantics/core.k	38	supplied-semantics	syntax	syntax-declaration	-	FOLLOWS_SELECTED_SUPPLIED_SEMANTICS	syntax KResult  ::= Val
K0293	reference-semantics/semantics/core.k	39	supplied-semantics	syntax	syntax-declaration	-	FOLLOWS_SELECTED_SUPPLIED_SEMANTICS	syntax Expr     ::= Val   // cooling puts results back into expression holes
K0294	reference-semantics/semantics/core.k	40	supplied-semantics	syntax	syntax-declaration	-	FOLLOWS_SELECTED_SUPPLIED_SEMANTICS	"syntax Vals     ::= List{Val, "",""}"
K0295	reference-semantics/semantics/core.k	41	supplied-semantics	syntax	syntax-declaration	-	FOLLOWS_SELECTED_SUPPLIED_SEMANTICS	"syntax Exc      ::= ""NoExc"" | ""AssertionError"""
K0296	reference-semantics/semantics/core.k	42	supplied-semantics	syntax	syntax-declaration	-	FOLLOWS_SELECTED_SUPPLIED_SEMANTICS	"syntax RetState ::= ""noRet"" | retV(Val)"
K0297	reference-semantics/semantics/core.k	49	supplied-semantics	configuration	configuration	-	FOLLOWS_SELECTED_SUPPLIED_SEMANTICS	"configuration <k>       #loadAll($PGM:Module) </k> <env>     0 </env> <scopes>   0     |-> scope(.Map, parent(-1)) -1    |-> builtinsScope </scopes> <scopeLoc> 1 </scopeLoc> <heap>    .Map </heap> <heapLoc> 0 </heapLoc> <stack>   .List </stack> <ret>     noRet </ret> <exc>     NoExc </exc> <exit-code exit=""""> 0 </exit-code>"
K0298	reference-semantics/semantics/core.k	68	supplied-semantics	syntax	function-declaration	function,total	FOLLOWS_SELECTED_SUPPLIED_SEMANTICS	syntax Bool ::= isRefV(Val) [function, total]
K0299	reference-semantics/semantics/core.k	69	supplied-semantics	rule	ordinary-semantic-rule	-	FOLLOWS_SELECTED_SUPPLIED_SEMANTICS	rule isRefV(ref(_:Int)) => true
K0300	reference-semantics/semantics/core.k	70	supplied-semantics	rule	owise-rule	owise	FOLLOWS_SELECTED_SUPPLIED_SEMANTICS	rule isRefV(_:Val)      => false [owise]
K0301	reference-semantics/semantics/core.k	75	supplied-semantics	syntax	syntax-declaration	-	FOLLOWS_SELECTED_SUPPLIED_SEMANTICS	syntax HeapVal ::= cellV(Val)
K0302	reference-semantics/semantics/core.k	76	supplied-semantics	syntax	function-declaration	function,total	FOLLOWS_SELECTED_SUPPLIED_SEMANTICS	syntax Bool ::= isCellRef(Val) [function, total]
K0303	reference-semantics/semantics/core.k	77	supplied-semantics	rule	ordinary-semantic-rule	-	FOLLOWS_SELECTED_SUPPLIED_SEMANTICS	rule isCellRef(cellRef(_:Int)) => true
K0304	reference-semantics/semantics/core.k	78	supplied-semantics	rule	owise-rule	owise	FOLLOWS_SELECTED_SUPPLIED_SEMANTICS	rule isCellRef(_:Val)          => false [owise]
K0305	reference-semantics/semantics/core.k	85	supplied-semantics	rule	priority-rule	priority	FOLLOWS_SELECTED_SUPPLIED_SEMANTICS	"rule <k> cellRef(H:Int) => V ... </k> <env> L:Int </env> <scopes> ... L |-> scope(M:Map, _) ... </scopes> <heap> ... H |-> cellV(V:Val) ... </heap> requires ""$cells"" in_keys(M) [priority(40)]"
K0306	reference-semantics/semantics/core.k	95	supplied-semantics	syntax	syntax-declaration	-	FOLLOWS_SELECTED_SUPPLIED_SEMANTICS	syntax Val ::= kwV(String, Val)
K0307	reference-semantics/semantics/core.k	96	supplied-semantics	syntax	syntax-declaration	-	FOLLOWS_SELECTED_SUPPLIED_SEMANTICS	syntax KItem ::= #kwTag(String)
K0308	reference-semantics/semantics/core.k	97	supplied-semantics	rule	ordinary-semantic-rule	-	FOLLOWS_SELECTED_SUPPLIED_SEMANTICS	rule <k> KwArg(N:String, E:Expr) => E ~> #kwTag(N) ... </k>
K0309	reference-semantics/semantics/core.k	98	supplied-semantics	rule	ordinary-semantic-rule	-	FOLLOWS_SELECTED_SUPPLIED_SEMANTICS	rule <k> V:Val ~> #kwTag(N:String) => kwV(N, V) ... </k> requires notBool isKwV(V)
K0310	reference-semantics/semantics/core.k	100	supplied-semantics	syntax	function-declaration	function,total	FOLLOWS_SELECTED_SUPPLIED_SEMANTICS	syntax Bool ::= isKwV(Val) [function, total]
K0311	reference-semantics/semantics/core.k	101	supplied-semantics	rule	ordinary-semantic-rule	-	FOLLOWS_SELECTED_SUPPLIED_SEMANTICS	rule isKwV(kwV(_:String, _:Val)) => true
K0312	reference-semantics/semantics/core.k	102	supplied-semantics	rule	owise-rule	owise	FOLLOWS_SELECTED_SUPPLIED_SEMANTICS	rule isKwV(_:Val)                => false [owise]
K0313	reference-semantics/semantics/core.k	106	supplied-semantics	syntax	syntax-declaration	-	FOLLOWS_SELECTED_SUPPLIED_SEMANTICS	syntax Val ::= cellsMark(ParamNames)
K0314	reference-semantics/semantics/core.k	107	supplied-semantics	syntax	function-declaration	function	FOLLOWS_SELECTED_SUPPLIED_SEMANTICS	syntax ParamNames ::= cellsOf(Val) [function]
K0315	reference-semantics/semantics/core.k	108	supplied-semantics	rule	ordinary-semantic-rule	-	FOLLOWS_SELECTED_SUPPLIED_SEMANTICS	rule cellsOf(cellsMark(CVS:ParamNames)) => CVS
K0316	reference-semantics/semantics/core.k	109	supplied-semantics	syntax	function-declaration	function,total	FOLLOWS_SELECTED_SUPPLIED_SEMANTICS	syntax Bool ::= pnMember(String, ParamNames) [function, total]
K0317	reference-semantics/semantics/core.k	110	supplied-semantics	rule	ordinary-semantic-rule	-	FOLLOWS_SELECTED_SUPPLIED_SEMANTICS	rule pnMember(_:String, .ParamNames) => false
K0318	reference-semantics/semantics/core.k	111	supplied-semantics	rule	ordinary-semantic-rule	-	FOLLOWS_SELECTED_SUPPLIED_SEMANTICS	rule pnMember(X:String, (P:String, R:ParamNames)) => X ==String P orBool pnMember(X, R)
K0319	reference-semantics/semantics/core.k	113	supplied-semantics	syntax	syntax-declaration	-	FOLLOWS_SELECTED_SUPPLIED_SEMANTICS	syntax KItem ::= #cellW(Val, Val)
K0320	reference-semantics/semantics/core.k	114	supplied-semantics	rule	ordinary-semantic-rule	-	FOLLOWS_SELECTED_SUPPLIED_SEMANTICS	rule <k> #cellW(cellRef(H:Int), V:Val) => .K ... </k> <heap> ... H |-> cellV(_:Val => V) ... </heap>
K0321	reference-semantics/semantics/core.k	117	supplied-semantics	syntax	syntax-declaration	-	FOLLOWS_SELECTED_SUPPLIED_SEMANTICS	syntax KItem ::= #alloc(Val)
K0322	reference-semantics/semantics/core.k	118	supplied-semantics	rule	ordinary-semantic-rule	-	FOLLOWS_SELECTED_SUPPLIED_SEMANTICS	rule <k> #alloc(V:Val) => ref(N) ... </k> <heap>    H:Map => (N |-> V) H </heap> <heapLoc> N:Int => N +Int 1 </heapLoc> requires notBool N in_keys(H)
K0323	reference-semantics/semantics/core.k	124	supplied-semantics	syntax	syntax-declaration	-	FOLLOWS_SELECTED_SUPPLIED_SEMANTICS	syntax KItem ::= #loadAll(Module)
K0324	reference-semantics/semantics/core.k	125	supplied-semantics	rule	ordinary-semantic-rule	-	FOLLOWS_SELECTED_SUPPLIED_SEMANTICS	rule <k> #loadAll(Module(SS:Stmts)) => SS ... </k>
K0325	reference-semantics/semantics/core.k	126	supplied-semantics	rule	ordinary-semantic-rule	-	FOLLOWS_SELECTED_SUPPLIED_SEMANTICS	rule <k> (S:Stmt SS:Stmts):Stmts => S ~> SS ... </k>
K0326	reference-semantics/semantics/core.k	127	supplied-semantics	rule	ordinary-semantic-rule	-	FOLLOWS_SELECTED_SUPPLIED_SEMANTICS	rule <k> .Stmts => .K ... </k>
K0327	reference-semantics/semantics/core.k	130	supplied-semantics	syntax	syntax-declaration	-	FOLLOWS_SELECTED_SUPPLIED_SEMANTICS	syntax KItem ::= #look(String, Int)
K0328	reference-semantics/semantics/core.k	131	supplied-semantics	rule	ordinary-semantic-rule	-	FOLLOWS_SELECTED_SUPPLIED_SEMANTICS	rule <k> Name(X:String) => #look(X, L) ... </k> <env> L:Int </env>
K0329	reference-semantics/semantics/core.k	132	supplied-semantics	rule	ordinary-semantic-rule	-	FOLLOWS_SELECTED_SUPPLIED_SEMANTICS	rule <k> #look(X:String, L:Int) => {M[X]}:>Val ... </k> <scopes> ... L |-> scope(M:Map, _:Parent) ... </scopes> requires X in_keys(M)
K0330	reference-semantics/semantics/core.k	145	supplied-semantics	rule	priority-rule	priority	FOLLOWS_SELECTED_SUPPLIED_SEMANTICS	"rule <k> #look(X:String, L:Int) => V ... </k> <scopes> ... L |-> scope(M:Map, _:Parent) ... </scopes> <heap> ... H |-> cellV(V:Val) ... </heap> requires X in_keys(M) andBool ""$cells"" in_keys(M) andBool pnMember(X, cellsOf({M[""$cells""]}:>Val)) andBool {M[X]}:>Val ==K cellRef(H) [priority(40)]"
K0331	reference-semantics/semantics/core.k	152	supplied-semantics	rule	ordinary-semantic-rule	-	FOLLOWS_SELECTED_SUPPLIED_SEMANTICS	rule <k> #look(X:String, L:Int) => #look(X, P) ... </k> <scopes> ... L |-> scope(M:Map, parent(P:Int)) ... </scopes> requires notBool (X in_keys(M))
K0332	reference-semantics/semantics/core.k	157	supplied-semantics	syntax	function-declaration	function,total	FOLLOWS_SELECTED_SUPPLIED_SEMANTICS	"syntax Scope ::= ""builtinsScope"" [function, total]"
K0333	reference-semantics/semantics/core.k	158	supplied-semantics	rule	ordinary-semantic-rule	-	FOLLOWS_SELECTED_SUPPLIED_SEMANTICS	"rule builtinsScope => scope(.Map [ ""len""    <- builtinV(""len"")    ] [ ""set""    <- builtinV(""set"")    ] [ ""sum""    <- builtinV(""sum"")    ] [ ""abs""    <- builtinV(""abs"")    ] [ ""min""    <- builtinV(""min"")    ] [ ""max""    <- builtinV(""max"")    ] [ ""ord""    <- builtinV(""ord"")    ] [ ""chr""    <- builtinV(""chr"")    ] [ ""range""  <- builtinV(""range"")  ] [ ""all""    <- builtinV(""all"")    ] [ ""any""    <- builtinV(""any"")    ] [ ""zip""    <- builtinV(""zip"")    ] [ ""isinstance"" <- builtinV(""isinstance"") ] [ ""sorted"" <- builtinV(""sorted"") ] [ ""list""   <- builtinV(""list"")   ] [ ""round""  <- builtinV(""round"")  ] [ ""bin""    <- builtinV(""bin"")    ] [ ""enumerate"" <- builtinV(""enumerate"") ] [ ""map""    <- builtinV(""map"")    ] [ ""eval""   <- builtinV(""eval"")   ] [ ""int""    <- typeV(""int"")       ] [ ""str""    <- typeV(""str"")       ] [ ""float""  <- typeV(""float"")     ], root)"
K0334	reference-semantics/semantics/core.k	185	supplied-semantics	syntax	syntax-declaration	-	FOLLOWS_SELECTED_SUPPLIED_SEMANTICS	syntax ApplyK ::= toCall(Val)
K0335	reference-semantics/semantics/core.k	186	supplied-semantics	syntax	syntax-declaration	-	FOLLOWS_SELECTED_SUPPLIED_SEMANTICS	syntax KItem  ::= #evalArgs(Exprs, Vals, ApplyK) | #evalArgCont(Exprs, Vals, ApplyK) | #applyK(ApplyK, Vals)
K0336	reference-semantics/semantics/core.k	189	supplied-semantics	rule	ordinary-semantic-rule	-	FOLLOWS_SELECTED_SUPPLIED_SEMANTICS	rule <k> #evalArgs((A:Expr, REST:Exprs), ACC:Vals, K:ApplyK) => A ~> #evalArgCont(REST, ACC, K) ... </k>
K0337	reference-semantics/semantics/core.k	190	supplied-semantics	rule	ordinary-semantic-rule	-	FOLLOWS_SELECTED_SUPPLIED_SEMANTICS	rule <k> V:Val ~> #evalArgCont(REST:Exprs, ACC:Vals, K:ApplyK) => #evalArgs(REST, appendVal(ACC, V), K) ... </k>
K0338	reference-semantics/semantics/core.k	191	supplied-semantics	rule	ordinary-semantic-rule	-	FOLLOWS_SELECTED_SUPPLIED_SEMANTICS	rule <k> #evalArgs(.Exprs, ACC:Vals, K:ApplyK) => #applyK(K, ACC) ... </k>
K0339	reference-semantics/semantics/core.k	194	supplied-semantics	rule	ordinary-semantic-rule	-	FOLLOWS_SELECTED_SUPPLIED_SEMANTICS	rule <k> Int(I:Int)   => I ... </k>
K0340	reference-semantics/semantics/core.k	195	supplied-semantics	rule	ordinary-semantic-rule	-	FOLLOWS_SELECTED_SUPPLIED_SEMANTICS	rule <k> Bool(B:Bool) => B ... </k>
K0341	reference-semantics/semantics/core.k	196	supplied-semantics	rule	ordinary-semantic-rule	-	FOLLOWS_SELECTED_SUPPLIED_SEMANTICS	rule <k> NoneVal      => noneV ... </k>
K0342	reference-semantics/semantics/core.k	199	supplied-semantics	syntax	function-declaration	function	FOLLOWS_SELECTED_SUPPLIED_SEMANTICS	syntax Bool ::= truthy(Val) [function]
K0343	reference-semantics/semantics/core.k	200	supplied-semantics	rule	ordinary-semantic-rule	-	FOLLOWS_SELECTED_SUPPLIED_SEMANTICS	rule truthy(B:Bool)          => B
K0344	reference-semantics/semantics/core.k	201	supplied-semantics	rule	ordinary-semantic-rule	-	FOLLOWS_SELECTED_SUPPLIED_SEMANTICS	rule truthy(noneV)           => false
K0345	reference-semantics/semantics/core.k	202	supplied-semantics	rule	ordinary-semantic-rule	-	FOLLOWS_SELECTED_SUPPLIED_SEMANTICS	rule truthy(I:Int)           => I =/=Int 0
K0346	reference-semantics/semantics/core.k	203	supplied-semantics	rule	ordinary-semantic-rule	-	FOLLOWS_SELECTED_SUPPLIED_SEMANTICS	rule truthy(str(S:IntSeq))   => notBool (S ==K .IntSeq)
K0347	reference-semantics/semantics/core.k	204	supplied-semantics	rule	ordinary-semantic-rule	-	FOLLOWS_SELECTED_SUPPLIED_SEMANTICS	rule truthy(list(V:ValSeq))  => notBool (V ==K .ValSeq)
K0348	reference-semantics/semantics/core.k	205	supplied-semantics	rule	ordinary-semantic-rule	-	FOLLOWS_SELECTED_SUPPLIED_SEMANTICS	rule truthy(tuple(V:ValSeq)) => notBool (V ==K .ValSeq)
K0349	reference-semantics/semantics/core.k	208	supplied-semantics	syntax	function-declaration	function	FOLLOWS_SELECTED_SUPPLIED_SEMANTICS	syntax Val  ::= applyUn(String, Val) [function]
K0350	reference-semantics/semantics/core.k	209	supplied-semantics	syntax	function-declaration	function	FOLLOWS_SELECTED_SUPPLIED_SEMANTICS	syntax Val  ::= applyBin(String, Val, Val) [function]
K0351	reference-semantics/semantics/core.k	210	supplied-semantics	syntax	function-declaration	function	FOLLOWS_SELECTED_SUPPLIED_SEMANTICS	syntax Bool ::= applyCmp(String, Val, Val) [function]
K0352	reference-semantics/semantics/core.k	213	supplied-semantics	syntax	function-declaration	function,total	FOLLOWS_SELECTED_SUPPLIED_SEMANTICS	syntax Vals ::= appendVal(Vals, Val) [function, total]
K0353	reference-semantics/semantics/core.k	214	supplied-semantics	rule	ordinary-semantic-rule	-	FOLLOWS_SELECTED_SUPPLIED_SEMANTICS	rule appendVal(.Vals, V:Val)              => V , .Vals
K0354	reference-semantics/semantics/core.k	215	supplied-semantics	rule	ordinary-semantic-rule	-	FOLLOWS_SELECTED_SUPPLIED_SEMANTICS	rule appendVal((V0:Val, VS:Vals), V:Val)  => V0 , appendVal(VS, V)
K0355	reference-semantics/semantics/core.k	217	supplied-semantics	syntax	function-declaration	function,total	FOLLOWS_SELECTED_SUPPLIED_SEMANTICS	syntax ValSeq ::= vals2valSeq(Vals) [function, total]
K0356	reference-semantics/semantics/core.k	218	supplied-semantics	rule	ordinary-semantic-rule	-	FOLLOWS_SELECTED_SUPPLIED_SEMANTICS	rule vals2valSeq(.Vals)            => .ValSeq
K0357	reference-semantics/semantics/core.k	219	supplied-semantics	rule	ordinary-semantic-rule	-	FOLLOWS_SELECTED_SUPPLIED_SEMANTICS	rule vals2valSeq((V:Val, VS:Vals)) => vCons(V, vals2valSeq(VS))
K0358	reference-semantics/semantics/core.k	223	supplied-semantics	syntax	function-declaration	function,total	FOLLOWS_SELECTED_SUPPLIED_SEMANTICS	syntax Int ::= vsLen(ValSeq) [function, total]
K0359	reference-semantics/semantics/core.k	224	supplied-semantics	rule	ordinary-semantic-rule	-	FOLLOWS_SELECTED_SUPPLIED_SEMANTICS	rule vsLen(.ValSeq)                => 0
K0360	reference-semantics/semantics/core.k	225	supplied-semantics	rule	ordinary-semantic-rule	-	FOLLOWS_SELECTED_SUPPLIED_SEMANTICS	rule vsLen(vCons(_:Val, S:ValSeq)) => 1 +Int vsLen(S)
K0361	reference-semantics/semantics/core.k	227	supplied-semantics	syntax	function-declaration	function,total	FOLLOWS_SELECTED_SUPPLIED_SEMANTICS	syntax Int ::= isLen(IntSeq) [function, total]
K0362	reference-semantics/semantics/core.k	228	supplied-semantics	rule	ordinary-semantic-rule	-	FOLLOWS_SELECTED_SUPPLIED_SEMANTICS	rule isLen(.IntSeq)                => 0
K0363	reference-semantics/semantics/core.k	229	supplied-semantics	rule	ordinary-semantic-rule	-	FOLLOWS_SELECTED_SUPPLIED_SEMANTICS	rule isLen(iCons(_:Int, S:IntSeq)) => 1 +Int isLen(S)
K0364	reference-semantics/semantics/core.k	233	supplied-semantics	syntax	function-declaration	function,total	FOLLOWS_SELECTED_SUPPLIED_SEMANTICS	syntax ValSeq ::= setVSAt(ValSeq, Int, Val) [function, total]
K0365	reference-semantics/semantics/core.k	234	supplied-semantics	rule	ordinary-semantic-rule	-	FOLLOWS_SELECTED_SUPPLIED_SEMANTICS	rule setVSAt(.ValSeq, _:Int, _:Val)               => .ValSeq
K0366	reference-semantics/semantics/core.k	235	supplied-semantics	rule	ordinary-semantic-rule	-	FOLLOWS_SELECTED_SUPPLIED_SEMANTICS	rule setVSAt(vCons(_:Val, S:ValSeq), 0, V:Val)    => vCons(V, S)
K0367	reference-semantics/semantics/core.k	236	supplied-semantics	rule	ordinary-semantic-rule	-	FOLLOWS_SELECTED_SUPPLIED_SEMANTICS	rule setVSAt(vCons(W:Val, S:ValSeq), I:Int, V:Val) => vCons(W, setVSAt(S, I -Int 1, V)) requires I >Int 0
K0368	reference-semantics/semantics/core.k	238	supplied-semantics	rule	ordinary-semantic-rule	-	FOLLOWS_SELECTED_SUPPLIED_SEMANTICS	rule setVSAt(VS:ValSeq, I:Int, _:Val)             => VS requires I <Int 0
K0369	reference-semantics/semantics/dict.k	20	supplied-semantics	syntax	syntax-declaration	-	FOLLOWS_SELECTED_SUPPLIED_SEMANTICS	syntax Val ::= dictV(ValSeq, ValSeq)
K0370	reference-semantics/semantics/dict.k	23	supplied-semantics	syntax	syntax-declaration	-	FOLLOWS_SELECTED_SUPPLIED_SEMANTICS	syntax KItem ::= #dictAcc(Entries, ValSeq, ValSeq) | #dictKey(Expr, Entries, ValSeq, ValSeq) | #dictVal(Val, Entries, ValSeq, ValSeq)
K0371	reference-semantics/semantics/dict.k	26	supplied-semantics	rule	ordinary-semantic-rule	-	FOLLOWS_SELECTED_SUPPLIED_SEMANTICS	rule <k> DictExpr(ES:Entries) => #dictAcc(ES, .ValSeq, .ValSeq) ... </k>
K0372	reference-semantics/semantics/dict.k	27	supplied-semantics	rule	ordinary-semantic-rule	-	FOLLOWS_SELECTED_SUPPLIED_SEMANTICS	rule <k> #dictAcc(.Entries, KS:ValSeq, VS:ValSeq) => dictV(KS, VS) ... </k>
K0373	reference-semantics/semantics/dict.k	28	supplied-semantics	rule	ordinary-semantic-rule	-	FOLLOWS_SELECTED_SUPPLIED_SEMANTICS	rule <k> #dictAcc((Entry(K:Expr, V:Expr), REST:Entries), KS:ValSeq, VS:ValSeq) => K ~> #dictKey(V, REST, KS, VS) ... </k>
K0374	reference-semantics/semantics/dict.k	30	supplied-semantics	rule	ordinary-semantic-rule	-	FOLLOWS_SELECTED_SUPPLIED_SEMANTICS	rule <k> KV:Val ~> #dictKey(V:Expr, REST:Entries, KS:ValSeq, VS:ValSeq) => V ~> #dictVal(KV, REST, KS, VS) ... </k>
K0375	reference-semantics/semantics/dict.k	32	supplied-semantics	rule	ordinary-semantic-rule	-	FOLLOWS_SELECTED_SUPPLIED_SEMANTICS	rule <k> VV:Val ~> #dictVal(KV:Val, REST:Entries, KS:ValSeq, VS:ValSeq) => #dictAcc(REST, dPutK(KS, KV), dPutV(KS, VS, KV, VV)) ... </k>
K0376	reference-semantics/semantics/dict.k	37	supplied-semantics	syntax	function-declaration	function,total	FOLLOWS_SELECTED_SUPPLIED_SEMANTICS	syntax Bool ::= dHasKey(ValSeq, Val) [function, total]
K0377	reference-semantics/semantics/dict.k	38	supplied-semantics	rule	ordinary-semantic-rule	-	FOLLOWS_SELECTED_SUPPLIED_SEMANTICS	rule dHasKey(.ValSeq, _:Val)                => false
K0378	reference-semantics/semantics/dict.k	39	supplied-semantics	rule	ordinary-semantic-rule	-	FOLLOWS_SELECTED_SUPPLIED_SEMANTICS	rule dHasKey(vCons(A:Val, _:ValSeq), K:Val) => true          requires A ==K K
K0379	reference-semantics/semantics/dict.k	40	supplied-semantics	rule	ordinary-semantic-rule	-	FOLLOWS_SELECTED_SUPPLIED_SEMANTICS	rule dHasKey(vCons(A:Val, R:ValSeq), K:Val) => dHasKey(R, K) requires notBool (A ==K K)
K0380	reference-semantics/semantics/dict.k	43	supplied-semantics	syntax	function-declaration	function,total	FOLLOWS_SELECTED_SUPPLIED_SEMANTICS	syntax ValSeq ::= dPutK(ValSeq, Val) [function, total]
K0381	reference-semantics/semantics/dict.k	44	supplied-semantics	rule	ordinary-semantic-rule	-	FOLLOWS_SELECTED_SUPPLIED_SEMANTICS	rule dPutK(KS:ValSeq, K:Val) => KS                                  requires dHasKey(KS, K)
K0382	reference-semantics/semantics/dict.k	45	supplied-semantics	rule	ordinary-semantic-rule	-	FOLLOWS_SELECTED_SUPPLIED_SEMANTICS	rule dPutK(KS:ValSeq, K:Val) => valSeqConcat(KS, vCons(K, .ValSeq)) requires notBool dHasKey(KS, K)
K0383	reference-semantics/semantics/dict.k	49	supplied-semantics	syntax	function-declaration	function,total	FOLLOWS_SELECTED_SUPPLIED_SEMANTICS	syntax ValSeq ::= dPutV(ValSeq, ValSeq, Val, Val) [function, total]
K0384	reference-semantics/semantics/dict.k	50	supplied-semantics	rule	ordinary-semantic-rule	-	FOLLOWS_SELECTED_SUPPLIED_SEMANTICS	rule dPutV(vCons(A:Val, _:ValSeq), vCons(_:Val, VR:ValSeq), K:Val, V:Val)  => vCons(V, VR) requires A ==K K
K0385	reference-semantics/semantics/dict.k	52	supplied-semantics	rule	ordinary-semantic-rule	-	FOLLOWS_SELECTED_SUPPLIED_SEMANTICS	rule dPutV(vCons(A:Val, KR:ValSeq), vCons(B:Val, VR:ValSeq), K:Val, V:Val) => vCons(B, dPutV(KR, VR, K, V)) requires notBool (A ==K K)
K0386	reference-semantics/semantics/dict.k	54	supplied-semantics	rule	owise-rule	owise	FOLLOWS_SELECTED_SUPPLIED_SEMANTICS	rule dPutV(_KS:ValSeq, VS:ValSeq, _K:Val, V:Val) => valSeqConcat(VS, vCons(V, .ValSeq)) [owise]
K0387	reference-semantics/semantics/dict.k	58	supplied-semantics	rule	priority-rule	priority	FOLLOWS_SELECTED_SUPPLIED_SEMANTICS	"rule <k> #applyK(toCall(boundMethodV(dictV(KS:ValSeq, _:ValSeq), ""keys"")), .Vals) => #alloc(list(KS)) ... </k> [priority(40)]"
K0388	reference-semantics/semantics/dict.k	63	supplied-semantics	rule	ordinary-semantic-rule	-	FOLLOWS_SELECTED_SUPPLIED_SEMANTICS	rule applyIndexD(dictV(KS:ValSeq, VS:ValSeq), K:Val) => dGet(KS, VS, K)
K0389	reference-semantics/semantics/dict.k	64	supplied-semantics	syntax	function-declaration	function	FOLLOWS_SELECTED_SUPPLIED_SEMANTICS	syntax Val ::= applyIndexD(Val, Val) [function]
K0390	reference-semantics/semantics/dict.k	65	supplied-semantics	rule	priority-rule	priority	FOLLOWS_SELECTED_SUPPLIED_SEMANTICS	rule <k> Subscript(dictV(KS:ValSeq, VS:ValSeq), K:Val) => applyIndexD(dictV(KS, VS), K) ... </k> [priority(45)]
K0391	reference-semantics/semantics/dict.k	70	supplied-semantics	syntax	function-declaration	function	FOLLOWS_SELECTED_SUPPLIED_SEMANTICS	syntax Val ::= dictSet(Val, Val, Val) [function]
K0392	reference-semantics/semantics/dict.k	71	supplied-semantics	rule	ordinary-semantic-rule	-	FOLLOWS_SELECTED_SUPPLIED_SEMANTICS	rule dictSet(dictV(KS:ValSeq, VS:ValSeq), K:Val, V:Val) => dictV(dPutK(KS, K), dPutV(KS, VS, K, V))
K0393	reference-semantics/semantics/dict.k	76	supplied-semantics	syntax	syntax-declaration	-	FOLLOWS_SELECTED_SUPPLIED_SEMANTICS	syntax KItem ::= #dsetK(String, Val)
K0394	reference-semantics/semantics/dict.k	77	supplied-semantics	rule	ordinary-semantic-rule	-	FOLLOWS_SELECTED_SUPPLIED_SEMANTICS	rule <k> Assign(Subscript(Name(X:String), K:Expr), VV:Val) => K ~> #dsetK(X, VV) ... </k>
K0395	reference-semantics/semantics/dict.k	78	supplied-semantics	rule	ordinary-semantic-rule	-	FOLLOWS_SELECTED_SUPPLIED_SEMANTICS	rule <k> KV:Val ~> #dsetK(X:String, VV:Val) => .K ... </k> <env> L:Int </env> <scopes> ... L |-> scope(M:Map => M [ X <- dictSet({M[X]}:>Val, KV, VV) ], _) ... </scopes> requires X in_keys(M) andBool notBool isRefV({M[X]}:>Val)
K0396	reference-semantics/semantics/dict.k	82	supplied-semantics	rule	ordinary-semantic-rule	-	FOLLOWS_SELECTED_SUPPLIED_SEMANTICS	rule <k> KV:Val ~> #dsetK(X:String, VV:Val) => #dsetV({M[X]}:>Val, KV, VV) ... </k> <env> L:Int </env> <scopes> ... L |-> scope(M:Map, _) ... </scopes> requires X in_keys(M) andBool isRefV({M[X]}:>Val)
K0397	reference-semantics/semantics/dict.k	86	supplied-semantics	syntax	syntax-declaration	-	FOLLOWS_SELECTED_SUPPLIED_SEMANTICS	syntax KItem ::= #dsetV(Val, Val, Val)
K0398	reference-semantics/semantics/dict.k	87	supplied-semantics	rule	ordinary-semantic-rule	-	FOLLOWS_SELECTED_SUPPLIED_SEMANTICS	rule <k> #dsetV(ref(H:Int), I:Int, VV:Val) => .K ... </k> <heap> ... H |-> list(VS:ValSeq => setVSAt(VS, normIdxD(I, vsLen(VS)), VV)) ... </heap>
K0399	reference-semantics/semantics/dict.k	90	supplied-semantics	syntax	function-declaration	function,total	FOLLOWS_SELECTED_SUPPLIED_SEMANTICS	syntax Int ::= normIdxD(Int, Int) [function, total]
K0400	reference-semantics/semantics/dict.k	91	supplied-semantics	rule	ordinary-semantic-rule	-	FOLLOWS_SELECTED_SUPPLIED_SEMANTICS	rule normIdxD(I:Int, LEN:Int) => I +Int LEN requires I  <Int 0
K0401	reference-semantics/semantics/dict.k	92	supplied-semantics	rule	ordinary-semantic-rule	-	FOLLOWS_SELECTED_SUPPLIED_SEMANTICS	rule normIdxD(I:Int, _:Int)   => I          requires I >=Int 0
K0402	reference-semantics/semantics/dict.k	95	supplied-semantics	rule	ordinary-semantic-rule	-	FOLLOWS_SELECTED_SUPPLIED_SEMANTICS	"rule applyCmp(""=="", dictV(KS1:ValSeq, VS1:ValSeq), dictV(KS2:ValSeq, VS2:ValSeq)) => (vsLen(KS1) ==Int vsLen(KS2)) andBool dSubset(KS1, VS1, KS2, VS2)"
K0403	reference-semantics/semantics/dict.k	97	supplied-semantics	syntax	function-declaration	function	FOLLOWS_SELECTED_SUPPLIED_SEMANTICS	syntax Bool ::= dSubset(ValSeq, ValSeq, ValSeq, ValSeq) [function]
K0404	reference-semantics/semantics/dict.k	98	supplied-semantics	rule	ordinary-semantic-rule	-	FOLLOWS_SELECTED_SUPPLIED_SEMANTICS	rule dSubset(.ValSeq, .ValSeq, _:ValSeq, _:ValSeq) => true
K0405	reference-semantics/semantics/dict.k	99	supplied-semantics	rule	ordinary-semantic-rule	-	FOLLOWS_SELECTED_SUPPLIED_SEMANTICS	rule dSubset(vCons(K:Val, KR:ValSeq), vCons(V:Val, VR:ValSeq), KS2:ValSeq, VS2:ValSeq) => dHasKey(KS2, K) andBool (dGet(KS2, VS2, K) ==K V) andBool dSubset(KR, VR, KS2, VS2)
K0406	reference-semantics/semantics/dict.k	101	supplied-semantics	syntax	function-declaration	function	FOLLOWS_SELECTED_SUPPLIED_SEMANTICS	syntax Val ::= dGet(ValSeq, ValSeq, Val) [function]
K0407	reference-semantics/semantics/dict.k	102	supplied-semantics	rule	ordinary-semantic-rule	-	FOLLOWS_SELECTED_SUPPLIED_SEMANTICS	rule dGet(vCons(A:Val, _:ValSeq), vCons(B:Val, _:ValSeq), K:Val) => B                requires A ==K K
K0408	reference-semantics/semantics/dict.k	103	supplied-semantics	rule	ordinary-semantic-rule	-	FOLLOWS_SELECTED_SUPPLIED_SEMANTICS	rule dGet(vCons(A:Val, KR:ValSeq), vCons(_:Val, VR:ValSeq), K:Val) => dGet(KR, VR, K) requires notBool (A ==K K)
K0409	reference-semantics/semantics/float.k	20	supplied-semantics	syntax	syntax-declaration	-	FOLLOWS_SELECTED_SUPPLIED_SEMANTICS	syntax Val ::= Float
K0410	reference-semantics/semantics/float.k	21	supplied-semantics	rule	ordinary-semantic-rule	-	FOLLOWS_SELECTED_SUPPLIED_SEMANTICS	rule <k> Float(F:Float) => F ... </k>
K0411	reference-semantics/semantics/float.k	24	supplied-semantics	syntax	opaque-symbol-declaration	function,total,symbol,no-evaluators	FOLLOWS_SELECTED_SUPPLIED_SEMANTICS	syntax Float ::= intFloatDiv(Int, Float) [function, total, symbol(intFloatDiv), no-evaluators]
K0412	reference-semantics/semantics/float.k	25	supplied-semantics	rule	concrete-only-rule	concrete	FOLLOWS_SELECTED_SUPPLIED_SEMANTICS	rule intFloatDiv(I:Int, F:Float) => Int2Float(I, 53, 11) /Float F [concrete]
K0413	reference-semantics/semantics/float.k	27	supplied-semantics	rule	ordinary-semantic-rule	-	FOLLOWS_SELECTED_SUPPLIED_SEMANTICS	"rule applyBin(""/"", I:Int, F:Float) => intFloatDiv(I, F)"
K0414	reference-semantics/semantics/float.k	30	supplied-semantics	syntax	opaque-symbol-declaration	function,total,symbol,no-evaluators	FOLLOWS_SELECTED_SUPPLIED_SEMANTICS	syntax Float ::= divII(Int, Int) [function, total, symbol(divII), no-evaluators]
K0415	reference-semantics/semantics/float.k	31	supplied-semantics	rule	concrete-only-rule	concrete	FOLLOWS_SELECTED_SUPPLIED_SEMANTICS	rule divII(I1:Int, I2:Int) => Int2Float(I1, 53, 11) /Float Int2Float(I2, 53, 11) [concrete]
K0416	reference-semantics/semantics/float.k	32	supplied-semantics	rule	ordinary-semantic-rule	-	FOLLOWS_SELECTED_SUPPLIED_SEMANTICS	"rule applyBin(""/"", I1:Int, I2:Int) => divII(I1, I2)"
K0417	reference-semantics/semantics/float.k	37	supplied-semantics	syntax	opaque-symbol-declaration	function,total,symbol,no-evaluators	FOLLOWS_SELECTED_SUPPLIED_SEMANTICS	syntax Float ::= floatMod(Float, Float) [function, total, symbol(floatMod), no-evaluators]
K0418	reference-semantics/semantics/float.k	38	supplied-semantics	rule	concrete-only-rule	concrete	FOLLOWS_SELECTED_SUPPLIED_SEMANTICS	rule floatMod(F1:Float, F2:Float) => F1 -Float (floorFloat(F1 /Float F2) *Float F2) [concrete]
K0419	reference-semantics/semantics/float.k	39	supplied-semantics	rule	ordinary-semantic-rule	-	FOLLOWS_SELECTED_SUPPLIED_SEMANTICS	"rule applyBin(""%"", F1:Float, F2:Float) => floatMod(F1, F2)"
K0420	reference-semantics/semantics/float.k	43	supplied-semantics	rule	ordinary-semantic-rule	-	FOLLOWS_SELECTED_SUPPLIED_SEMANTICS	"rule applyCmp(""=="", F1:Float, F2:Float) => F1 ==Float F2"
K0421	reference-semantics/semantics/float.k	44	supplied-semantics	rule	ordinary-semantic-rule	-	FOLLOWS_SELECTED_SUPPLIED_SEMANTICS	"rule applyCmp(""!="", F1:Float, F2:Float) => notBool (F1 ==Float F2)"
K0422	reference-semantics/semantics/float.k	50	supplied-semantics	syntax	opaque-symbol-declaration	function,total,symbol,no-evaluators	FOLLOWS_SELECTED_SUPPLIED_SEMANTICS	syntax Bool ::= floatLt(Float, Float) [function, total, symbol(floatLt), no-evaluators]
K0423	reference-semantics/semantics/float.k	51	supplied-semantics	rule	concrete-only-rule	concrete	FOLLOWS_SELECTED_SUPPLIED_SEMANTICS	rule floatLt(F1:Float, F2:Float) => F1 <Float F2 [concrete]
K0424	reference-semantics/semantics/float.k	52	supplied-semantics	rule	ordinary-semantic-rule	-	FOLLOWS_SELECTED_SUPPLIED_SEMANTICS	"rule applyCmp(""<"", F1:Float, F2:Float) => floatLt(F1, F2)"
K0425	reference-semantics/semantics/float.k	54	supplied-semantics	syntax	opaque-symbol-declaration	function,total,symbol,no-evaluators	FOLLOWS_SELECTED_SUPPLIED_SEMANTICS	syntax Float ::= absF(Float) [function, total, symbol(absF), no-evaluators]
K0426	reference-semantics/semantics/float.k	55	supplied-semantics	rule	concrete-only-rule	concrete	FOLLOWS_SELECTED_SUPPLIED_SEMANTICS	rule absF(F:Float) => absFloat(F) [concrete]
K0427	reference-semantics/semantics/float.k	56	supplied-semantics	rule	ordinary-semantic-rule	-	FOLLOWS_SELECTED_SUPPLIED_SEMANTICS	"rule applyBuiltin(""abs"", F:Float, .Vals) => absF(F)"
K0428	reference-semantics/semantics/float.k	61	supplied-semantics	rule	ordinary-semantic-rule	-	FOLLOWS_SELECTED_SUPPLIED_SEMANTICS	rule <k> Import(_:String) => .K ... </k>
K0429	reference-semantics/semantics/float.k	65	supplied-semantics	syntax	syntax-declaration	-	FOLLOWS_SELECTED_SUPPLIED_SEMANTICS	"syntax KItem ::= ""#mathCeil"""
K0430	reference-semantics/semantics/float.k	66	supplied-semantics	rule	priority-rule	priority	FOLLOWS_SELECTED_SUPPLIED_SEMANTICS	"rule <k> Call(Attribute(Name(""math""), ""ceil""), (E:Expr, .Exprs)) => E ~> #mathCeil ... </k> [priority(40)]"
K0431	reference-semantics/semantics/float.k	67	supplied-semantics	rule	ordinary-semantic-rule	-	FOLLOWS_SELECTED_SUPPLIED_SEMANTICS	rule <k> V:Val ~> #mathCeil => ceilF(V) ... </k>
K0432	reference-semantics/semantics/float.k	70	supplied-semantics	syntax	syntax-declaration	-	FOLLOWS_SELECTED_SUPPLIED_SEMANTICS	"syntax KItem ::= ""#mathFloor"""
K0433	reference-semantics/semantics/float.k	71	supplied-semantics	rule	priority-rule	priority	FOLLOWS_SELECTED_SUPPLIED_SEMANTICS	"rule <k> Call(Attribute(Name(""math""), ""floor""), (E:Expr, .Exprs)) => E ~> #mathFloor ... </k> [priority(40)]"
K0434	reference-semantics/semantics/float.k	72	supplied-semantics	rule	ordinary-semantic-rule	-	FOLLOWS_SELECTED_SUPPLIED_SEMANTICS	rule <k> V:Val ~> #mathFloor => floorFI(V) ... </k>
K0435	reference-semantics/semantics/float.k	73	supplied-semantics	syntax	opaque-symbol-declaration	function,total,symbol	FOLLOWS_SELECTED_SUPPLIED_SEMANTICS	syntax Int ::= floorFI(Val) [function, total, symbol(floorFI)]
K0436	reference-semantics/semantics/float.k	74	supplied-semantics	rule	concrete-only-rule	concrete	FOLLOWS_SELECTED_SUPPLIED_SEMANTICS	rule floorFI(I:Int)   => I                        [concrete]
K0437	reference-semantics/semantics/float.k	75	supplied-semantics	rule	concrete-only-rule	concrete	FOLLOWS_SELECTED_SUPPLIED_SEMANTICS	rule floorFI(F:Float) => Float2Int(floorFloat(F)) [concrete]
K0438	reference-semantics/semantics/float.k	78	supplied-semantics	rule	ordinary-semantic-rule	-	FOLLOWS_SELECTED_SUPPLIED_SEMANTICS	"rule applyBuiltin(""floor"", V:Val, .Vals) => floorFI(V)"
K0439	reference-semantics/semantics/float.k	79	supplied-semantics	rule	ordinary-semantic-rule	-	FOLLOWS_SELECTED_SUPPLIED_SEMANTICS	"rule applyBuiltin(""ceil"",  V:Val, .Vals) => ceilF(V)"
K0440	reference-semantics/semantics/float.k	82	supplied-semantics	syntax	syntax-declaration	-	FOLLOWS_SELECTED_SUPPLIED_SEMANTICS	syntax KItem ::= #mathPow1(Expr) | #mathPow2(Val)
K0441	reference-semantics/semantics/float.k	83	supplied-semantics	rule	priority-rule	priority	FOLLOWS_SELECTED_SUPPLIED_SEMANTICS	"rule <k> Call(Attribute(Name(""math""), ""pow""), (E1:Expr, E2:Expr, .Exprs)) => E1 ~> #mathPow1(E2) ... </k> [priority(40)]"
K0442	reference-semantics/semantics/float.k	84	supplied-semantics	rule	ordinary-semantic-rule	-	FOLLOWS_SELECTED_SUPPLIED_SEMANTICS	rule <k> V1:Val ~> #mathPow1(E2:Expr) => E2 ~> #mathPow2(V1) ... </k>
K0443	reference-semantics/semantics/float.k	85	supplied-semantics	rule	ordinary-semantic-rule	-	FOLLOWS_SELECTED_SUPPLIED_SEMANTICS	rule <k> V2:Val ~> #mathPow2(V1:Val) => powF(toF(V1), toF(V2)) ... </k>
K0444	reference-semantics/semantics/float.k	86	supplied-semantics	syntax	opaque-symbol-declaration	function,total,symbol	FOLLOWS_SELECTED_SUPPLIED_SEMANTICS	syntax Float ::= toF(Val) [function, total, symbol(toF)]
K0445	reference-semantics/semantics/float.k	87	supplied-semantics	rule	concrete-only-rule	concrete	FOLLOWS_SELECTED_SUPPLIED_SEMANTICS	rule toF(F:Float) => F        [concrete]
K0446	reference-semantics/semantics/float.k	88	supplied-semantics	rule	concrete-only-rule	concrete	FOLLOWS_SELECTED_SUPPLIED_SEMANTICS	rule toF(I:Int)   => intToF(I) [concrete]
K0447	reference-semantics/semantics/float.k	93	supplied-semantics	syntax	opaque-symbol-declaration	function,total,symbol	FOLLOWS_SELECTED_SUPPLIED_SEMANTICS	syntax Int ::= ceilF(Val) [function, total, symbol(ceilF)]
K0448	reference-semantics/semantics/float.k	94	supplied-semantics	rule	concrete-only-rule	concrete	FOLLOWS_SELECTED_SUPPLIED_SEMANTICS	rule ceilF(I:Int)   => I                       [concrete]
K0449	reference-semantics/semantics/float.k	95	supplied-semantics	rule	concrete-only-rule	concrete	FOLLOWS_SELECTED_SUPPLIED_SEMANTICS	rule ceilF(F:Float) => Float2Int(ceilFloat(F)) [concrete]
K0450	reference-semantics/semantics/float.k	99	supplied-semantics	rule	ordinary-semantic-rule	-	FOLLOWS_SELECTED_SUPPLIED_SEMANTICS	"rule applyUn(""-"", F:Float) => 0.0 -Float F"
K0451	reference-semantics/semantics/float.k	103	supplied-semantics	syntax	opaque-symbol-declaration	function,total,symbol,no-evaluators	FOLLOWS_SELECTED_SUPPLIED_SEMANTICS	syntax Float ::= subF(Float, Float) [function, total, symbol(subF), no-evaluators]
K0452	reference-semantics/semantics/float.k	104	supplied-semantics	rule	concrete-only-rule	concrete	FOLLOWS_SELECTED_SUPPLIED_SEMANTICS	rule subF(F1:Float, F2:Float) => F1 -Float F2 [concrete]
K0453	reference-semantics/semantics/float.k	105	supplied-semantics	rule	ordinary-semantic-rule	-	FOLLOWS_SELECTED_SUPPLIED_SEMANTICS	"rule applyBin(""-"", F1:Float, F2:Float) => subF(F1, F2)"
K0454	reference-semantics/semantics/float.k	107	supplied-semantics	syntax	opaque-symbol-declaration	function,total,symbol,no-evaluators	FOLLOWS_SELECTED_SUPPLIED_SEMANTICS	syntax Float ::= divF(Float, Float) [function, total, symbol(divF), no-evaluators]
K0455	reference-semantics/semantics/float.k	108	supplied-semantics	rule	concrete-only-rule	concrete	FOLLOWS_SELECTED_SUPPLIED_SEMANTICS	rule divF(F1:Float, F2:Float) => F1 /Float F2 [concrete]
K0456	reference-semantics/semantics/float.k	109	supplied-semantics	rule	ordinary-semantic-rule	-	FOLLOWS_SELECTED_SUPPLIED_SEMANTICS	"rule applyBin(""/"", F1:Float, F2:Float) => divF(F1, F2)"
K0457	reference-semantics/semantics/float.k	111	supplied-semantics	syntax	opaque-symbol-declaration	function,total,symbol,no-evaluators	FOLLOWS_SELECTED_SUPPLIED_SEMANTICS	syntax Float ::= addF(Float, Float) [function, total, symbol(addF), no-evaluators]
K0458	reference-semantics/semantics/float.k	112	supplied-semantics	rule	concrete-only-rule	concrete	FOLLOWS_SELECTED_SUPPLIED_SEMANTICS	rule addF(F1:Float, F2:Float) => F1 +Float F2 [concrete]
K0459	reference-semantics/semantics/float.k	113	supplied-semantics	rule	ordinary-semantic-rule	-	FOLLOWS_SELECTED_SUPPLIED_SEMANTICS	"rule applyBin(""+"", F1:Float, F2:Float) => addF(F1, F2)"
K0460	reference-semantics/semantics/float.k	115	supplied-semantics	syntax	opaque-symbol-declaration	function,total,symbol,no-evaluators	FOLLOWS_SELECTED_SUPPLIED_SEMANTICS	syntax Float ::= mulF(Float, Float) [function, total, symbol(mulF), no-evaluators]
K0461	reference-semantics/semantics/float.k	116	supplied-semantics	rule	concrete-only-rule	concrete	FOLLOWS_SELECTED_SUPPLIED_SEMANTICS	rule mulF(F1:Float, F2:Float) => F1 *Float F2 [concrete]
K0462	reference-semantics/semantics/float.k	117	supplied-semantics	rule	ordinary-semantic-rule	-	FOLLOWS_SELECTED_SUPPLIED_SEMANTICS	"rule applyBin(""*"", F1:Float, F2:Float) => mulF(F1, F2)"
K0463	reference-semantics/semantics/float.k	119	supplied-semantics	syntax	opaque-symbol-declaration	function,total,symbol,no-evaluators	FOLLOWS_SELECTED_SUPPLIED_SEMANTICS	syntax Float ::= powF(Float, Float) [function, total, symbol(powF), no-evaluators]
K0464	reference-semantics/semantics/float.k	120	supplied-semantics	rule	concrete-only-rule	concrete	FOLLOWS_SELECTED_SUPPLIED_SEMANTICS	rule powF(F1:Float, F2:Float) => F1 ^Float F2 [concrete]
K0465	reference-semantics/semantics/float.k	121	supplied-semantics	rule	ordinary-semantic-rule	-	FOLLOWS_SELECTED_SUPPLIED_SEMANTICS	"rule applyBin(""**"", F1:Float, F2:Float) => powF(F1, F2)"
K0466	reference-semantics/semantics/float.k	125	supplied-semantics	syntax	opaque-symbol-declaration	function,total,symbol,no-evaluators	FOLLOWS_SELECTED_SUPPLIED_SEMANTICS	syntax Bool ::= gtF(Float, Float) [function, total, symbol(gtF), no-evaluators]
K0467	reference-semantics/semantics/float.k	126	supplied-semantics	rule	concrete-only-rule	concrete	FOLLOWS_SELECTED_SUPPLIED_SEMANTICS	rule gtF(F1:Float, F2:Float) => F1 >Float F2 [concrete]
K0468	reference-semantics/semantics/float.k	127	supplied-semantics	rule	ordinary-semantic-rule	-	FOLLOWS_SELECTED_SUPPLIED_SEMANTICS	"rule applyCmp("">"",  F1:Float, F2:Float) => gtF(F1, F2)"
K0469	reference-semantics/semantics/float.k	128	supplied-semantics	rule	ordinary-semantic-rule	-	FOLLOWS_SELECTED_SUPPLIED_SEMANTICS	"rule applyCmp("">="", F1:Float, F2:Float) => notBool floatLt(F1, F2)"
K0470	reference-semantics/semantics/float.k	129	supplied-semantics	rule	ordinary-semantic-rule	-	FOLLOWS_SELECTED_SUPPLIED_SEMANTICS	"rule applyCmp(""<="", F1:Float, F2:Float) => notBool gtF(F1, F2)"
K0471	reference-semantics/semantics/float.k	132	supplied-semantics	rule	ordinary-semantic-rule	-	FOLLOWS_SELECTED_SUPPLIED_SEMANTICS	"rule applyBin(""**"", I:Int, F:Float) => powF(intToF(I), F)"
K0472	reference-semantics/semantics/float.k	133	supplied-semantics	rule	ordinary-semantic-rule	-	FOLLOWS_SELECTED_SUPPLIED_SEMANTICS	"rule applyBin(""**"", F:Float, I:Int) => powF(F, intToF(I))"
K0473	reference-semantics/semantics/float.k	134	supplied-semantics	rule	ordinary-semantic-rule	-	FOLLOWS_SELECTED_SUPPLIED_SEMANTICS	"rule applyBin(""-"",  I:Int, F:Float) => subF(intToF(I), F)"
K0474	reference-semantics/semantics/float.k	135	supplied-semantics	rule	ordinary-semantic-rule	-	FOLLOWS_SELECTED_SUPPLIED_SEMANTICS	"rule applyBin(""-"",  F:Float, I:Int) => subF(F, intToF(I))"
K0475	reference-semantics/semantics/float.k	136	supplied-semantics	rule	ordinary-semantic-rule	-	FOLLOWS_SELECTED_SUPPLIED_SEMANTICS	"rule applyBin(""+"",  I:Int, F:Float) => addF(intToF(I), F)"
K0476	reference-semantics/semantics/float.k	137	supplied-semantics	rule	ordinary-semantic-rule	-	FOLLOWS_SELECTED_SUPPLIED_SEMANTICS	"rule applyBin(""+"",  F:Float, I:Int) => addF(F, intToF(I))"
K0477	reference-semantics/semantics/float.k	138	supplied-semantics	rule	ordinary-semantic-rule	-	FOLLOWS_SELECTED_SUPPLIED_SEMANTICS	"rule applyBin(""*"",  I:Int, F:Float) => mulF(intToF(I), F)"
K0478	reference-semantics/semantics/float.k	139	supplied-semantics	rule	ordinary-semantic-rule	-	FOLLOWS_SELECTED_SUPPLIED_SEMANTICS	"rule applyBin(""*"",  F:Float, I:Int) => mulF(F, intToF(I))"
K0479	reference-semantics/semantics/float.k	142	supplied-semantics	syntax	opaque-symbol-declaration	function,total,symbol,no-evaluators	FOLLOWS_SELECTED_SUPPLIED_SEMANTICS	syntax Bool ::= eqF(Float, Float) [function, total, symbol(eqF), no-evaluators]
K0480	reference-semantics/semantics/float.k	143	supplied-semantics	rule	concrete-only-rule	concrete	FOLLOWS_SELECTED_SUPPLIED_SEMANTICS	rule eqF(F1:Float, F2:Float) => F1 ==Float F2 [concrete]
K0481	reference-semantics/semantics/float.k	144	supplied-semantics	rule	ordinary-semantic-rule	-	FOLLOWS_SELECTED_SUPPLIED_SEMANTICS	"rule applyCmp(""=="", I:Int, F:Float) => eqF(intToF(I), F)"
K0482	reference-semantics/semantics/float.k	145	supplied-semantics	rule	ordinary-semantic-rule	-	FOLLOWS_SELECTED_SUPPLIED_SEMANTICS	"rule applyCmp(""=="", F:Float, I:Int) => eqF(F, intToF(I))"
K0483	reference-semantics/semantics/float.k	146	supplied-semantics	rule	ordinary-semantic-rule	-	FOLLOWS_SELECTED_SUPPLIED_SEMANTICS	"rule applyCmp(""!="", I:Int, F:Float) => notBool eqF(intToF(I), F)"
K0484	reference-semantics/semantics/float.k	147	supplied-semantics	rule	ordinary-semantic-rule	-	FOLLOWS_SELECTED_SUPPLIED_SEMANTICS	"rule applyCmp(""!="", F:Float, I:Int) => notBool eqF(F, intToF(I))"
K0485	reference-semantics/semantics/float.k	148	supplied-semantics	rule	ordinary-semantic-rule	-	FOLLOWS_SELECTED_SUPPLIED_SEMANTICS	"rule applyCmp(""<"",  I:Int, F:Float) => floatLt(intToF(I), F)"
K0486	reference-semantics/semantics/float.k	149	supplied-semantics	rule	ordinary-semantic-rule	-	FOLLOWS_SELECTED_SUPPLIED_SEMANTICS	"rule applyCmp(""<"",  F:Float, I:Int) => floatLt(F, intToF(I))"
K0487	reference-semantics/semantics/float.k	150	supplied-semantics	rule	ordinary-semantic-rule	-	FOLLOWS_SELECTED_SUPPLIED_SEMANTICS	"rule applyCmp("">"",  I:Int, F:Float) => gtF(intToF(I), F)"
K0488	reference-semantics/semantics/float.k	151	supplied-semantics	rule	ordinary-semantic-rule	-	FOLLOWS_SELECTED_SUPPLIED_SEMANTICS	"rule applyCmp("">"",  F:Float, I:Int) => gtF(F, intToF(I))"
K0489	reference-semantics/semantics/float.k	154	supplied-semantics	rule	ordinary-semantic-rule	-	FOLLOWS_SELECTED_SUPPLIED_SEMANTICS	"rule applyCmp(""=="", V:Val, noneV) => V ==K noneV"
K0490	reference-semantics/semantics/float.k	155	supplied-semantics	rule	ordinary-semantic-rule	-	FOLLOWS_SELECTED_SUPPLIED_SEMANTICS	"rule applyCmp(""!="", V:Val, noneV) => notBool (V ==K noneV)"
K0491	reference-semantics/semantics/float.k	160	supplied-semantics	syntax	opaque-symbol-declaration	function,total,symbol,no-evaluators	FOLLOWS_SELECTED_SUPPLIED_SEMANTICS	syntax Float ::= decStrToF(IntSeq) [function, total, symbol(decStrToF), no-evaluators]
K0492	reference-semantics/semantics/float.k	161	supplied-semantics	rule	concrete-only-rule	concrete	FOLLOWS_SELECTED_SUPPLIED_SEMANTICS	rule decStrToF(iCons(45, CS:IntSeq)) => 0.0 -Float decStrToF(CS) [concrete]
K0493	reference-semantics/semantics/float.k	162	supplied-semantics	rule	concrete-only-rule	concrete	FOLLOWS_SELECTED_SUPPLIED_SEMANTICS	rule decStrToF(CS:IntSeq) => intToF(intPart(CS)) +Float (intToF(fracPart(CS)) /Float intToF(fracScale(CS))) requires isLen(CS) >Int 0 andBool headIS(CS) =/=Int 45 [concrete]
K0494	reference-semantics/semantics/float.k	165	supplied-semantics	syntax	function-declaration	function	FOLLOWS_SELECTED_SUPPLIED_SEMANTICS	syntax Int ::= headIS(IntSeq) [function]
K0495	reference-semantics/semantics/float.k	166	supplied-semantics	rule	ordinary-semantic-rule	-	FOLLOWS_SELECTED_SUPPLIED_SEMANTICS	rule headIS(iCons(C:Int, _:IntSeq)) => C
K0496	reference-semantics/semantics/float.k	167	supplied-semantics	syntax	function-declaration	function,total	FOLLOWS_SELECTED_SUPPLIED_SEMANTICS	syntax Int ::= intPart(IntSeq) [function, total] | intPartAcc(IntSeq, Int) [function, total]
K0497	reference-semantics/semantics/float.k	168	supplied-semantics	rule	ordinary-semantic-rule	-	FOLLOWS_SELECTED_SUPPLIED_SEMANTICS	rule intPart(CS:IntSeq) => intPartAcc(CS, 0)
K0498	reference-semantics/semantics/float.k	169	supplied-semantics	rule	ordinary-semantic-rule	-	FOLLOWS_SELECTED_SUPPLIED_SEMANTICS	rule intPartAcc(.IntSeq, A:Int) => A
K0499	reference-semantics/semantics/float.k	170	supplied-semantics	rule	ordinary-semantic-rule	-	FOLLOWS_SELECTED_SUPPLIED_SEMANTICS	rule intPartAcc(iCons(46, _:IntSeq), A:Int) => A
K0500	reference-semantics/semantics/float.k	171	supplied-semantics	rule	ordinary-semantic-rule	-	FOLLOWS_SELECTED_SUPPLIED_SEMANTICS	rule intPartAcc(iCons(C:Int, R:IntSeq), A:Int) => intPartAcc(R, A *Int 10 +Int (C -Int 48)) requires C =/=Int 46
K0501	reference-semantics/semantics/float.k	173	supplied-semantics	syntax	function-declaration	function,total	FOLLOWS_SELECTED_SUPPLIED_SEMANTICS	syntax Int ::= fracPart(IntSeq) [function, total] | fracAcc(IntSeq, Int) [function, total]
K0502	reference-semantics/semantics/float.k	174	supplied-semantics	rule	ordinary-semantic-rule	-	FOLLOWS_SELECTED_SUPPLIED_SEMANTICS	rule fracPart(.IntSeq) => 0
K0503	reference-semantics/semantics/float.k	175	supplied-semantics	rule	ordinary-semantic-rule	-	FOLLOWS_SELECTED_SUPPLIED_SEMANTICS	rule fracPart(iCons(46, R:IntSeq)) => fracAcc(R, 0)
K0504	reference-semantics/semantics/float.k	176	supplied-semantics	rule	ordinary-semantic-rule	-	FOLLOWS_SELECTED_SUPPLIED_SEMANTICS	rule fracPart(iCons(C:Int, R:IntSeq)) => fracPart(R) requires C =/=Int 46
K0505	reference-semantics/semantics/float.k	177	supplied-semantics	rule	ordinary-semantic-rule	-	FOLLOWS_SELECTED_SUPPLIED_SEMANTICS	rule fracAcc(.IntSeq, A:Int) => A
K0506	reference-semantics/semantics/float.k	178	supplied-semantics	rule	ordinary-semantic-rule	-	FOLLOWS_SELECTED_SUPPLIED_SEMANTICS	rule fracAcc(iCons(C:Int, R:IntSeq), A:Int) => fracAcc(R, A *Int 10 +Int (C -Int 48))
K0507	reference-semantics/semantics/float.k	179	supplied-semantics	syntax	function-declaration	function,total	FOLLOWS_SELECTED_SUPPLIED_SEMANTICS	syntax Int ::= fracScale(IntSeq) [function, total] | fscAcc(IntSeq, Int) [function, total]
K0508	reference-semantics/semantics/float.k	180	supplied-semantics	rule	ordinary-semantic-rule	-	FOLLOWS_SELECTED_SUPPLIED_SEMANTICS	rule fracScale(.IntSeq) => 1
K0509	reference-semantics/semantics/float.k	181	supplied-semantics	rule	ordinary-semantic-rule	-	FOLLOWS_SELECTED_SUPPLIED_SEMANTICS	rule fracScale(iCons(46, R:IntSeq)) => fscAcc(R, 1)
K0510	reference-semantics/semantics/float.k	182	supplied-semantics	rule	ordinary-semantic-rule	-	FOLLOWS_SELECTED_SUPPLIED_SEMANTICS	rule fracScale(iCons(C:Int, R:IntSeq)) => fracScale(R) requires C =/=Int 46
K0511	reference-semantics/semantics/float.k	183	supplied-semantics	rule	ordinary-semantic-rule	-	FOLLOWS_SELECTED_SUPPLIED_SEMANTICS	rule fscAcc(.IntSeq, A:Int) => A
K0512	reference-semantics/semantics/float.k	184	supplied-semantics	rule	ordinary-semantic-rule	-	FOLLOWS_SELECTED_SUPPLIED_SEMANTICS	rule fscAcc(iCons(_:Int, R:IntSeq), A:Int) => fscAcc(R, A *Int 10)
K0513	reference-semantics/semantics/float.k	185	supplied-semantics	rule	ordinary-semantic-rule	-	FOLLOWS_SELECTED_SUPPLIED_SEMANTICS	"rule applyBuiltin(""float"", str(CS:IntSeq), .Vals) => decStrToF(CS)"
K0514	reference-semantics/semantics/float.k	186	supplied-semantics	rule	ordinary-semantic-rule	-	FOLLOWS_SELECTED_SUPPLIED_SEMANTICS	"rule applyBuiltin(""float"", I:Int, .Vals)          => intToF(I)"
K0515	reference-semantics/semantics/float.k	187	supplied-semantics	rule	ordinary-semantic-rule	-	FOLLOWS_SELECTED_SUPPLIED_SEMANTICS	"rule applyBuiltin(""float"", F:Float, .Vals)        => F"
K0516	reference-semantics/semantics/float.k	190	supplied-semantics	syntax	opaque-symbol-declaration	function,total,symbol,no-evaluators	FOLLOWS_SELECTED_SUPPLIED_SEMANTICS	syntax Float ::= divFloatIntV(Float, Int) [function, total, symbol(divFloatIntV), no-evaluators]
K0517	reference-semantics/semantics/float.k	191	supplied-semantics	rule	concrete-only-rule	concrete	FOLLOWS_SELECTED_SUPPLIED_SEMANTICS	rule divFloatIntV(F:Float, I:Int) => F /Float Int2Float(I, 53, 11) [concrete]
K0518	reference-semantics/semantics/float.k	192	supplied-semantics	rule	ordinary-semantic-rule	-	FOLLOWS_SELECTED_SUPPLIED_SEMANTICS	"rule applyBin(""/"", F:Float, I:Int) => divFloatIntV(F, I)"
K0519	reference-semantics/semantics/float.k	195	supplied-semantics	syntax	opaque-symbol-declaration	function,total,symbol,no-evaluators	FOLLOWS_SELECTED_SUPPLIED_SEMANTICS	syntax Float ::= intToF(Int) [function, total, symbol(intToF), no-evaluators]
K0520	reference-semantics/semantics/float.k	196	supplied-semantics	rule	concrete-only-rule	concrete	FOLLOWS_SELECTED_SUPPLIED_SEMANTICS	rule intToF(I:Int) => Int2Float(I, 53, 11) [concrete]
K0521	reference-semantics/semantics/float.k	197	supplied-semantics	rule	ordinary-semantic-rule	-	FOLLOWS_SELECTED_SUPPLIED_SEMANTICS	"rule applyBin(""+"", I:Int, F:Float) => addF(intToF(I), F)"
K0522	reference-semantics/semantics/float.k	198	supplied-semantics	rule	ordinary-semantic-rule	-	FOLLOWS_SELECTED_SUPPLIED_SEMANTICS	"rule applyBin(""+"", F:Float, I:Int) => addF(F, intToF(I))"
K0523	reference-semantics/semantics/float.k	199	supplied-semantics	rule	ordinary-semantic-rule	-	FOLLOWS_SELECTED_SUPPLIED_SEMANTICS	"rule applyBin(""-"", I:Int, F:Float) => subF(intToF(I), F)"
K0524	reference-semantics/semantics/float.k	200	supplied-semantics	rule	ordinary-semantic-rule	-	FOLLOWS_SELECTED_SUPPLIED_SEMANTICS	"rule applyBin(""-"", F:Float, I:Int) => subF(F, intToF(I))"
K0525	reference-semantics/semantics/float.k	201	supplied-semantics	rule	ordinary-semantic-rule	-	FOLLOWS_SELECTED_SUPPLIED_SEMANTICS	"rule applyBin(""*"", I:Int, F:Float) => mulF(intToF(I), F)"
K0526	reference-semantics/semantics/float.k	202	supplied-semantics	rule	ordinary-semantic-rule	-	FOLLOWS_SELECTED_SUPPLIED_SEMANTICS	"rule applyBin(""*"", F:Float, I:Int) => mulF(F, intToF(I))"
K0527	reference-semantics/semantics/float.k	203	supplied-semantics	rule	ordinary-semantic-rule	-	FOLLOWS_SELECTED_SUPPLIED_SEMANTICS	"rule applyCmp(""<"", I:Int, F:Float) => floatLt(intToF(I), F)"
K0528	reference-semantics/semantics/float.k	204	supplied-semantics	rule	ordinary-semantic-rule	-	FOLLOWS_SELECTED_SUPPLIED_SEMANTICS	"rule applyCmp(""<"", F:Float, I:Int) => floatLt(F, intToF(I))"
K0529	reference-semantics/semantics/float.k	205	supplied-semantics	rule	ordinary-semantic-rule	-	FOLLOWS_SELECTED_SUPPLIED_SEMANTICS	"rule applyCmp("">"", I:Int, F:Float) => gtF(intToF(I), F)"
K0530	reference-semantics/semantics/float.k	206	supplied-semantics	rule	ordinary-semantic-rule	-	FOLLOWS_SELECTED_SUPPLIED_SEMANTICS	"rule applyCmp("">"", F:Float, I:Int) => gtF(F, intToF(I))"
K0531	reference-semantics/semantics/float.k	209	supplied-semantics	syntax	opaque-symbol-declaration	function,total,symbol,no-evaluators	FOLLOWS_SELECTED_SUPPLIED_SEMANTICS	syntax Int ::= truncF(Float) [function, total, symbol(truncF), no-evaluators]
K0532	reference-semantics/semantics/float.k	210	supplied-semantics	rule	concrete-only-rule	concrete	FOLLOWS_SELECTED_SUPPLIED_SEMANTICS	rule truncF(F:Float) => #if F >=Float 0.0 #then Float2Int(floorFloat(F)) #else Float2Int(ceilFloat(F)) #fi [concrete]
K0533	reference-semantics/semantics/float.k	211	supplied-semantics	rule	ordinary-semantic-rule	-	FOLLOWS_SELECTED_SUPPLIED_SEMANTICS	"rule applyBuiltin(""int"", F:Float, .Vals) => truncF(F)"
K0534	reference-semantics/semantics/float.k	213	supplied-semantics	rule	ordinary-semantic-rule	-	FOLLOWS_SELECTED_SUPPLIED_SEMANTICS	"rule applyBuiltin(""float"", I:Int, .Vals)   => intToF(I)"
K0535	reference-semantics/semantics/float.k	214	supplied-semantics	rule	ordinary-semantic-rule	-	FOLLOWS_SELECTED_SUPPLIED_SEMANTICS	"rule applyBuiltin(""float"", F:Float, .Vals) => F"
K0536	reference-semantics/semantics/float.k	217	supplied-semantics	syntax	opaque-symbol-declaration	function,total,symbol,no-evaluators	FOLLOWS_SELECTED_SUPPLIED_SEMANTICS	syntax Int ::= roundF(Float) [function, total, symbol(roundF), no-evaluators]
K0537	reference-semantics/semantics/float.k	218	supplied-semantics	rule	concrete-only-rule	concrete	FOLLOWS_SELECTED_SUPPLIED_SEMANTICS	rule roundF(F:Float) => #if (F -Float floorFloat(F)) ==Float 0.5 #then (#if Float2Int(floorFloat(F)) %Int 2 ==Int 0 #then Float2Int(floorFloat(F)) #else Float2Int(ceilFloat(F)) #fi) #else Float2Int(floorFloat(F +Float 0.5)) #fi [concrete]
K0538	reference-semantics/semantics/float.k	223	supplied-semantics	syntax	opaque-symbol-declaration	function,total,symbol,no-evaluators	FOLLOWS_SELECTED_SUPPLIED_SEMANTICS	syntax Float ::= roundFN(Float, Int) [function, total, symbol(roundFN), no-evaluators]
K0539	reference-semantics/semantics/float.k	224	supplied-semantics	rule	concrete-only-rule	concrete	FOLLOWS_SELECTED_SUPPLIED_SEMANTICS	rule roundFN(F:Float, N:Int) => Int2Float(roundF(F *Float Int2Float(10 ^Int N, 53, 11)), 53, 11) /Float Int2Float(10 ^Int N, 53, 11) [concrete]
K0540	reference-semantics/semantics/float.k	227	supplied-semantics	rule	ordinary-semantic-rule	-	FOLLOWS_SELECTED_SUPPLIED_SEMANTICS	"rule applyBuiltin(""round"", F:Float, .Vals)        => roundF(F)"
K0541	reference-semantics/semantics/float.k	228	supplied-semantics	rule	ordinary-semantic-rule	-	FOLLOWS_SELECTED_SUPPLIED_SEMANTICS	"rule applyBuiltin(""round"", F:Float, N:Int, .Vals) => roundFN(F, N)"
K0542	reference-semantics/semantics/float.k	230	supplied-semantics	syntax	opaque-symbol-declaration	function,total,symbol,no-evaluators	FOLLOWS_SELECTED_SUPPLIED_SEMANTICS	syntax Float ::= sqrtF(Float) [function, total, symbol(sqrtF), no-evaluators]
K0543	reference-semantics/semantics/float.k	231	supplied-semantics	rule	concrete-only-rule	concrete	FOLLOWS_SELECTED_SUPPLIED_SEMANTICS	rule sqrtF(F:Float) => sqrtFloat(F) [concrete]
K0544	reference-semantics/semantics/float.k	232	supplied-semantics	syntax	syntax-declaration	-	FOLLOWS_SELECTED_SUPPLIED_SEMANTICS	"syntax KItem ::= ""#mathSqrt"""
K0545	reference-semantics/semantics/float.k	233	supplied-semantics	rule	priority-rule	priority	FOLLOWS_SELECTED_SUPPLIED_SEMANTICS	"rule <k> Call(Attribute(Name(""math""), ""sqrt""), (E:Expr, .Exprs)) => E ~> #mathSqrt ... </k> [priority(40)]"
K0546	reference-semantics/semantics/float.k	234	supplied-semantics	rule	ordinary-semantic-rule	-	FOLLOWS_SELECTED_SUPPLIED_SEMANTICS	rule <k> F:Float ~> #mathSqrt => sqrtF(F) ... </k>
K0547	reference-semantics/semantics/float.k	235	supplied-semantics	rule	ordinary-semantic-rule	-	FOLLOWS_SELECTED_SUPPLIED_SEMANTICS	rule <k> I:Int ~> #mathSqrt => sqrtF(intToF(I)) ... </k>
K0548	reference-semantics/semantics/float.k	243	supplied-semantics	syntax	syntax-declaration	-	FOLLOWS_SELECTED_SUPPLIED_SEMANTICS	syntax KItem ::= #maxAccF(Iterable, Float) | #maxContF(Float)
K0549	reference-semantics/semantics/float.k	244	supplied-semantics	rule	ordinary-semantic-rule	-	FOLLOWS_SELECTED_SUPPLIED_SEMANTICS	rule <k> #iterYield(V:Val, R:Iterable) ~> #maxCont0 => #maxAccF(R, {V}:>Float) ... </k> requires isFloat(V)
K0550	reference-semantics/semantics/float.k	245	supplied-semantics	rule	ordinary-semantic-rule	-	FOLLOWS_SELECTED_SUPPLIED_SEMANTICS	rule <k> #maxAccF(IT:Iterable, M:Float) => #iterNext(IT) ~> #maxContF(M) ... </k>
K0551	reference-semantics/semantics/float.k	246	supplied-semantics	rule	ordinary-semantic-rule	-	FOLLOWS_SELECTED_SUPPLIED_SEMANTICS	rule <k> #iterDone ~> #maxContF(M:Float) => M ... </k>
K0552	reference-semantics/semantics/float.k	247	supplied-semantics	rule	ordinary-semantic-rule	-	FOLLOWS_SELECTED_SUPPLIED_SEMANTICS	rule <k> #iterYield(V:Val, R:Iterable) ~> #maxContF(M:Float) => #maxAccF(R, maxFloat(M, {V}:>Float)) ... </k> requires isFloat(V)
K0553	reference-semantics/semantics/float.k	250	supplied-semantics	syntax	syntax-declaration	-	FOLLOWS_SELECTED_SUPPLIED_SEMANTICS	syntax KItem ::= #minAccF(Iterable, Float) | #minContF(Float)
K0554	reference-semantics/semantics/float.k	251	supplied-semantics	rule	ordinary-semantic-rule	-	FOLLOWS_SELECTED_SUPPLIED_SEMANTICS	rule <k> #iterYield(V:Val, R:Iterable) ~> #minCont0 => #minAccF(R, {V}:>Float) ... </k> requires isFloat(V)
K0555	reference-semantics/semantics/float.k	252	supplied-semantics	rule	ordinary-semantic-rule	-	FOLLOWS_SELECTED_SUPPLIED_SEMANTICS	rule <k> #minAccF(IT:Iterable, M:Float) => #iterNext(IT) ~> #minContF(M) ... </k>
K0556	reference-semantics/semantics/float.k	253	supplied-semantics	rule	ordinary-semantic-rule	-	FOLLOWS_SELECTED_SUPPLIED_SEMANTICS	rule <k> #iterDone ~> #minContF(M:Float) => M ... </k>
K0557	reference-semantics/semantics/float.k	254	supplied-semantics	rule	ordinary-semantic-rule	-	FOLLOWS_SELECTED_SUPPLIED_SEMANTICS	rule <k> #iterYield(V:Val, R:Iterable) ~> #minContF(M:Float) => #minAccF(R, minFloat(M, {V}:>Float)) ... </k> requires isFloat(V)
K0558	reference-semantics/semantics/float.k	261	supplied-semantics	syntax	syntax-declaration	-	FOLLOWS_SELECTED_SUPPLIED_SEMANTICS	syntax KItem ::= #sumAccF(Iterable, Float) | #sumContF(Float)
K0559	reference-semantics/semantics/float.k	262	supplied-semantics	rule	ordinary-semantic-rule	-	FOLLOWS_SELECTED_SUPPLIED_SEMANTICS	rule <k> #iterYield(V:Val, R:Iterable) ~> #sumCont(ACC:Int) => #sumAccF(R, addF(intToF(ACC), {V}:>Float)) ... </k> requires isFloat(V) andBool notBool (isInt(V) orBool isBool(V))
K0560	reference-semantics/semantics/float.k	265	supplied-semantics	rule	ordinary-semantic-rule	-	FOLLOWS_SELECTED_SUPPLIED_SEMANTICS	rule <k> #sumAccF(IT:Iterable, ACC:Float) => #iterNext(IT) ~> #sumContF(ACC) ... </k>
K0561	reference-semantics/semantics/float.k	266	supplied-semantics	rule	ordinary-semantic-rule	-	FOLLOWS_SELECTED_SUPPLIED_SEMANTICS	rule <k> #iterDone ~> #sumContF(ACC:Float) => ACC ... </k>
K0562	reference-semantics/semantics/float.k	267	supplied-semantics	rule	ordinary-semantic-rule	-	FOLLOWS_SELECTED_SUPPLIED_SEMANTICS	rule <k> #iterYield(V:Val, R:Iterable) ~> #sumContF(ACC:Float) => #sumAccF(R, addF(ACC, {V}:>Float)) ... </k> requires isFloat(V)
K0563	reference-semantics/semantics/float.k	270	supplied-semantics	rule	ordinary-semantic-rule	-	FOLLOWS_SELECTED_SUPPLIED_SEMANTICS	rule <k> #iterYield(V:Val, R:Iterable) ~> #sumContF(ACC:Float) => #sumAccF(R, addF(ACC, intToF(intOf(V)))) ... </k> requires isInt(V) orBool isBool(V)
K0564	reference-semantics/semantics/functions.k	8	supplied-semantics	syntax	syntax-declaration	-	FOLLOWS_SELECTED_SUPPLIED_SEMANTICS	"syntax KItem ::= frame(continuation: K, callerEnv: Int, savedLoc: Int) | #bindP(ParamNames, Vals) | ""#pop"" | ""#endcall"""
K0565	reference-semantics/semantics/functions.k	14	supplied-semantics	rule	ordinary-semantic-rule	-	FOLLOWS_SELECTED_SUPPLIED_SEMANTICS	rule <k> FuncDef(F:String, Params(PNS:ParamNames), BODY:Stmts) => .K ... </k> <env> L:Int </env> <scopes> ... L |-> scope(M:Map => M [ F <- closureVal(PNS, BODY, L) ], _) ... </scopes>
K0566	reference-semantics/semantics/functions.k	18	supplied-semantics	syntax	syntax-declaration	-	FOLLOWS_SELECTED_SUPPLIED_SEMANTICS	syntax Expr ::= closureExpr(ParamNames, Stmts)
K0567	reference-semantics/semantics/functions.k	19	supplied-semantics	rule	ordinary-semantic-rule	-	FOLLOWS_SELECTED_SUPPLIED_SEMANTICS	rule <k> closureExpr(PNS:ParamNames, BODY:Stmts) => closureVal(PNS, BODY, L) ... </k> <env> L:Int </env>
K0568	reference-semantics/semantics/functions.k	27	supplied-semantics	syntax	syntax-declaration	-	FOLLOWS_SELECTED_SUPPLIED_SEMANTICS	syntax Val ::= closureValC(ParamNames, ParamNames, Stmts, Map)
K0569	reference-semantics/semantics/functions.k	31	supplied-semantics	syntax	syntax-declaration	-	FOLLOWS_SELECTED_SUPPLIED_SEMANTICS	syntax KItem ::= #mkClosure(String, ParamNames, ParamNames, ParamNames, Stmts, Map) | #mkLambda(ParamNames, ParamNames, ParamNames, Stmts, Map)
K0570	reference-semantics/semantics/functions.k	33	supplied-semantics	rule	ordinary-semantic-rule	-	FOLLOWS_SELECTED_SUPPLIED_SEMANTICS	rule <k> FuncDef(F:String, Params(PNS:ParamNames), CellVars(CVS:ParamNames), FreeVars(FVS:ParamNames), BODY:Stmts) => #mkClosure(F, PNS, CVS, FVS, BODY, .Map) ... </k>
K0571	reference-semantics/semantics/functions.k	36	supplied-semantics	rule	ordinary-semantic-rule	-	FOLLOWS_SELECTED_SUPPLIED_SEMANTICS	rule <k> #mkClosure(F:String, PNS:ParamNames, CVS:ParamNames, (FV:String, FVR:ParamNames), BODY:Stmts, CM:Map) => #mkClosure(F, PNS, CVS, FVR, BODY, CM [ FV <- {M[FV]}:>Val ]) ... </k> <env> L:Int </env> <scopes> ... L |-> scope(M:Map, _) ... </scopes> requires FV in_keys(M)
K0572	reference-semantics/semantics/functions.k	42	supplied-semantics	rule	ordinary-semantic-rule	-	FOLLOWS_SELECTED_SUPPLIED_SEMANTICS	rule <k> #mkClosure(F:String, PNS:ParamNames, CVS:ParamNames, .ParamNames, BODY:Stmts, CM:Map) => .K ... </k> <env> L:Int </env> <scopes> ... L |-> scope(M:Map => M [ F <- closureValC(PNS, CVS, BODY, CM) ], _) ... </scopes>
K0573	reference-semantics/semantics/functions.k	47	supplied-semantics	rule	ordinary-semantic-rule	-	FOLLOWS_SELECTED_SUPPLIED_SEMANTICS	rule <k> Lambda(Params(PNS:ParamNames), E:Expr) => closureVal(PNS, Return(E) .Stmts, L) ... </k> <env> L:Int </env>
K0574	reference-semantics/semantics/functions.k	50	supplied-semantics	rule	ordinary-semantic-rule	-	FOLLOWS_SELECTED_SUPPLIED_SEMANTICS	rule <k> Lambda(Params(PNS:ParamNames), CellVars(CVS:ParamNames), FreeVars(FVS:ParamNames), E:Expr) => #mkLambda(PNS, CVS, FVS, Return(E) .Stmts, .Map) ... </k>
K0575	reference-semantics/semantics/functions.k	53	supplied-semantics	rule	ordinary-semantic-rule	-	FOLLOWS_SELECTED_SUPPLIED_SEMANTICS	rule <k> #mkLambda(PNS:ParamNames, CVS:ParamNames, (FV:String, FVR:ParamNames), BODY:Stmts, CM:Map) => #mkLambda(PNS, CVS, FVR, BODY, CM [ FV <- {M[FV]}:>Val ]) ... </k> <env> L:Int </env> <scopes> ... L |-> scope(M:Map, _) ... </scopes> requires FV in_keys(M)
K0576	reference-semantics/semantics/functions.k	59	supplied-semantics	rule	ordinary-semantic-rule	-	FOLLOWS_SELECTED_SUPPLIED_SEMANTICS	rule <k> #mkLambda(PNS:ParamNames, CVS:ParamNames, .ParamNames, BODY:Stmts, CM:Map) => closureValC(PNS, CVS, BODY, CM) ... </k>
K0577	reference-semantics/semantics/functions.k	63	supplied-semantics	rule	ordinary-semantic-rule	-	FOLLOWS_SELECTED_SUPPLIED_SEMANTICS	rule <k> #bindP(.ParamNames, .Vals) => .K ... </k>
K0578	reference-semantics/semantics/functions.k	64	supplied-semantics	rule	ordinary-semantic-rule	-	FOLLOWS_SELECTED_SUPPLIED_SEMANTICS	rule <k> #bindP((P:String, PS:ParamNames), (V:Val, VS:Vals)) => #bindP(PS, VS) ... </k> <env> L:Int </env> <scopes> ... L |-> scope(M:Map => M [ P <- V ], _) ... </scopes>
K0579	reference-semantics/semantics/functions.k	68	supplied-semantics	rule	priority-rule	priority	FOLLOWS_SELECTED_SUPPLIED_SEMANTICS	"rule <k> #bindP((P:String, PS:ParamNames), (V:Val, VS:Vals)) => #cellW({M[P]}:>Val, V) ~> #bindP(PS, VS) ... </k> <env> L:Int </env> <scopes> ... L |-> scope(M:Map, _) ... </scopes> requires ""$cells"" in_keys(M) andBool pnMember(P, cellsOf({M[""$cells""]}:>Val)) andBool P in_keys(M) andBool isCellRef({M[P]}:>Val) [priority(40)]"
K0580	reference-semantics/semantics/functions.k	78	supplied-semantics	rule	ordinary-semantic-rule	-	FOLLOWS_SELECTED_SUPPLIED_SEMANTICS	rule <k> Return(V:Val) ~> _ => #pop </k> <ret> noRet => retV(V) </ret>
K0581	reference-semantics/semantics/functions.k	80	supplied-semantics	rule	ordinary-semantic-rule	-	FOLLOWS_SELECTED_SUPPLIED_SEMANTICS	rule <k> #endcall => #pop ... </k> <ret> noRet => retV(noneV) </ret>
K0582	reference-semantics/semantics/functions.k	85	supplied-semantics	rule	ordinary-semantic-rule	-	FOLLOWS_SELECTED_SUPPLIED_SEMANTICS	rule <k> #pop => V ~> CONT </k> <ret>   retV(V) => noRet </ret> <stack> ListItem(frame(CONT:K, CALLERL:Int, SAVEDL:Int)) => .List ... </stack> <env>   L:Int => CALLERL </env> <scopes> SC:Map => SC [ L <- undef ] </scopes> <scopeLoc> _ => SAVEDL </scopeLoc>
K0583	reference-semantics/semantics/int.k	7	supplied-semantics	rule	ordinary-semantic-rule	-	FOLLOWS_SELECTED_SUPPLIED_SEMANTICS	"rule applyUn(""-"", I:Int) => 0 -Int I"
K0584	reference-semantics/semantics/int.k	9	supplied-semantics	rule	ordinary-semantic-rule	-	FOLLOWS_SELECTED_SUPPLIED_SEMANTICS	"rule applyBin(""+"",  I1:Int, I2:Int) => I1 +Int I2"
K0585	reference-semantics/semantics/int.k	11	supplied-semantics	rule	ordinary-semantic-rule	-	FOLLOWS_SELECTED_SUPPLIED_SEMANTICS	"rule applyBin(""+"",  I:Int, B:Bool) => I +Int #if B #then 1 #else 0 #fi"
K0586	reference-semantics/semantics/int.k	12	supplied-semantics	rule	ordinary-semantic-rule	-	FOLLOWS_SELECTED_SUPPLIED_SEMANTICS	"rule applyBin(""+"",  B:Bool, I:Int) => #if B #then 1 #else 0 #fi +Int I"
K0587	reference-semantics/semantics/int.k	13	supplied-semantics	rule	ordinary-semantic-rule	-	FOLLOWS_SELECTED_SUPPLIED_SEMANTICS	"rule applyBin(""-"",  I1:Int, I2:Int) => I1 -Int I2"
K0588	reference-semantics/semantics/int.k	14	supplied-semantics	rule	ordinary-semantic-rule	-	FOLLOWS_SELECTED_SUPPLIED_SEMANTICS	"rule applyBin(""*"",  I1:Int, I2:Int) => I1 *Int I2"
K0589	reference-semantics/semantics/int.k	15	supplied-semantics	rule	ordinary-semantic-rule	-	FOLLOWS_SELECTED_SUPPLIED_SEMANTICS	"rule applyBin(""%"",  I1:Int, I2:Int) => pyMod(I1, I2)"
K0590	reference-semantics/semantics/int.k	16	supplied-semantics	rule	ordinary-semantic-rule	-	FOLLOWS_SELECTED_SUPPLIED_SEMANTICS	"rule applyBin(""//"", I1:Int, I2:Int) => (I1 -Int pyMod(I1, I2)) /Int I2"
K0591	reference-semantics/semantics/int.k	17	supplied-semantics	rule	ordinary-semantic-rule	-	FOLLOWS_SELECTED_SUPPLIED_SEMANTICS	"rule applyBin(""**"", I1:Int, I2:Int) => I1 ^Int I2 requires I2 >=Int 0"
K0592	reference-semantics/semantics/int.k	19	supplied-semantics	syntax	function-declaration	function	FOLLOWS_SELECTED_SUPPLIED_SEMANTICS	syntax Int ::= pyMod(Int, Int) [function]
K0593	reference-semantics/semantics/int.k	20	supplied-semantics	rule	ordinary-semantic-rule	-	FOLLOWS_SELECTED_SUPPLIED_SEMANTICS	rule pyMod(I1:Int, I2:Int) => ((I1 %Int I2) +Int I2) %Int I2
K0594	reference-semantics/semantics/int.k	22	supplied-semantics	rule	ordinary-semantic-rule	-	FOLLOWS_SELECTED_SUPPLIED_SEMANTICS	"rule applyCmp(""<"",  I1:Int, I2:Int)   => I1 <Int  I2"
K0595	reference-semantics/semantics/int.k	23	supplied-semantics	rule	ordinary-semantic-rule	-	FOLLOWS_SELECTED_SUPPLIED_SEMANTICS	"rule applyCmp(""<="", I1:Int, I2:Int)   => I1 <=Int I2"
K0596	reference-semantics/semantics/int.k	24	supplied-semantics	rule	ordinary-semantic-rule	-	FOLLOWS_SELECTED_SUPPLIED_SEMANTICS	"rule applyCmp("">"",  I1:Int, I2:Int)   => I1 >Int  I2"
K0597	reference-semantics/semantics/int.k	25	supplied-semantics	rule	ordinary-semantic-rule	-	FOLLOWS_SELECTED_SUPPLIED_SEMANTICS	"rule applyCmp("">="", I1:Int, I2:Int)   => I1 >=Int I2"
K0598	reference-semantics/semantics/int.k	26	supplied-semantics	rule	ordinary-semantic-rule	-	FOLLOWS_SELECTED_SUPPLIED_SEMANTICS	"rule applyCmp(""=="", I1:Int, I2:Int)   => I1 ==Int I2"
K0599	reference-semantics/semantics/int.k	27	supplied-semantics	rule	ordinary-semantic-rule	-	FOLLOWS_SELECTED_SUPPLIED_SEMANTICS	"rule applyCmp(""!="", I1:Int, I2:Int)   => I1 =/=Int I2"
K0600	reference-semantics/semantics/iter.k	8	supplied-semantics	syntax	syntax-declaration	-	FOLLOWS_SELECTED_SUPPLIED_SEMANTICS	"syntax KItem ::= #iterNext(Iterable) | ""#iterDone"" | #iterYield(Val, Iterable)"
K0601	reference-semantics/semantics/list.k	9	supplied-semantics	rule	ordinary-semantic-rule	-	FOLLOWS_SELECTED_SUPPLIED_SEMANTICS	rule <k> #iterNext(list(.ValSeq))                => #iterDone ... </k>
K0602	reference-semantics/semantics/list.k	10	supplied-semantics	rule	ordinary-semantic-rule	-	FOLLOWS_SELECTED_SUPPLIED_SEMANTICS	rule <k> #iterNext(list(vCons(V:Val, R:ValSeq))) => #iterYield(V, list(R)) ... </k>
K0603	reference-semantics/semantics/list.k	13	supplied-semantics	syntax	syntax-declaration	-	FOLLOWS_SELECTED_SUPPLIED_SEMANTICS	"syntax ApplyK ::= ""toList"""
K0604	reference-semantics/semantics/list.k	14	supplied-semantics	rule	ordinary-semantic-rule	-	FOLLOWS_SELECTED_SUPPLIED_SEMANTICS	rule <k> ListExpr(ES:Exprs) => #evalArgs(ES, .Vals, toList) ... </k>
K0605	reference-semantics/semantics/list.k	15	supplied-semantics	rule	ordinary-semantic-rule	-	FOLLOWS_SELECTED_SUPPLIED_SEMANTICS	rule <k> #applyK(toList, ACC:Vals) => #alloc(list(vals2valSeq(ACC))) ... </k>
K0606	reference-semantics/semantics/list.k	18	supplied-semantics	syntax	function-declaration	function,total	FOLLOWS_SELECTED_SUPPLIED_SEMANTICS	syntax ValSeq ::= valSeqConcat(ValSeq, ValSeq) [function, total]
K0607	reference-semantics/semantics/list.k	19	supplied-semantics	rule	ordinary-semantic-rule	-	FOLLOWS_SELECTED_SUPPLIED_SEMANTICS	rule valSeqConcat(.ValSeq, T:ValSeq)                => T
K0608	reference-semantics/semantics/list.k	20	supplied-semantics	rule	ordinary-semantic-rule	-	FOLLOWS_SELECTED_SUPPLIED_SEMANTICS	rule valSeqConcat(vCons(V:Val, S:ValSeq), T:ValSeq) => vCons(V, valSeqConcat(S, T))
K0609	reference-semantics/semantics/list.k	24	supplied-semantics	rule	priority-rule	priority	FOLLOWS_SELECTED_SUPPLIED_SEMANTICS	"rule <k> BinOp(""+"", list(A:ValSeq), list(B:ValSeq)) => #alloc(list(valSeqConcat(A, B))) ... </k> [priority(45)]"
K0610	reference-semantics/semantics/list.k	27	supplied-semantics	rule	ordinary-semantic-rule	-	FOLLOWS_SELECTED_SUPPLIED_SEMANTICS	"rule applyCmp(""=="", list(A:ValSeq), list(B:ValSeq)) => A ==K B"
K0611	reference-semantics/semantics/list.k	28	supplied-semantics	rule	ordinary-semantic-rule	-	FOLLOWS_SELECTED_SUPPLIED_SEMANTICS	"rule applyCmp(""!="", list(A:ValSeq), list(B:ValSeq)) => notBool (A ==K B)"
K0612	reference-semantics/semantics/list.k	33	supplied-semantics	syntax	function-declaration	function,total	FOLLOWS_SELECTED_SUPPLIED_SEMANTICS	syntax Bool ::= hasRefVS(ValSeq) [function, total]
K0613	reference-semantics/semantics/list.k	34	supplied-semantics	rule	ordinary-semantic-rule	-	FOLLOWS_SELECTED_SUPPLIED_SEMANTICS	rule hasRefVS(.ValSeq)                => false
K0614	reference-semantics/semantics/list.k	35	supplied-semantics	rule	ordinary-semantic-rule	-	FOLLOWS_SELECTED_SUPPLIED_SEMANTICS	rule hasRefVS(vCons(V:Val, R:ValSeq)) => isRefV(V) orBool hasRefVS(R)
K0615	reference-semantics/semantics/list.k	37	supplied-semantics	syntax	function-declaration	function	FOLLOWS_SELECTED_SUPPLIED_SEMANTICS	syntax Bool ::= deepEqVS(ValSeq, ValSeq, Map) [function] | deepEqV(Val, Val, Map)        [function]
K0616	reference-semantics/semantics/list.k	39	supplied-semantics	rule	ordinary-semantic-rule	-	FOLLOWS_SELECTED_SUPPLIED_SEMANTICS	rule deepEqVS(.ValSeq, .ValSeq, _:Map)                   => true
K0617	reference-semantics/semantics/list.k	40	supplied-semantics	rule	ordinary-semantic-rule	-	FOLLOWS_SELECTED_SUPPLIED_SEMANTICS	rule deepEqVS(.ValSeq, vCons(_:Val, _:ValSeq), _:Map)    => false
K0618	reference-semantics/semantics/list.k	41	supplied-semantics	rule	ordinary-semantic-rule	-	FOLLOWS_SELECTED_SUPPLIED_SEMANTICS	rule deepEqVS(vCons(_:Val, _:ValSeq), .ValSeq, _:Map)    => false
K0619	reference-semantics/semantics/list.k	42	supplied-semantics	rule	ordinary-semantic-rule	-	FOLLOWS_SELECTED_SUPPLIED_SEMANTICS	rule deepEqVS(vCons(A:Val, As:ValSeq), vCons(B:Val, Bs:ValSeq), HP:Map) => deepEqV(A, B, HP) andBool deepEqVS(As, Bs, HP)
K0620	reference-semantics/semantics/list.k	45	supplied-semantics	rule	ordinary-semantic-rule	-	FOLLOWS_SELECTED_SUPPLIED_SEMANTICS	rule deepEqV(ref(H:Int), B:Val, HP:Map) => deepEqV({HP[H]}:>Val, B, HP) requires H in_keys(HP)
K0621	reference-semantics/semantics/list.k	47	supplied-semantics	rule	ordinary-semantic-rule	-	FOLLOWS_SELECTED_SUPPLIED_SEMANTICS	rule deepEqV(A:Val, ref(H:Int), HP:Map) => deepEqV(A, {HP[H]}:>Val, HP) requires notBool isRefV(A) andBool H in_keys(HP)
K0622	reference-semantics/semantics/list.k	49	supplied-semantics	rule	ordinary-semantic-rule	-	FOLLOWS_SELECTED_SUPPLIED_SEMANTICS	rule deepEqV(list(A:ValSeq), list(B:ValSeq), HP:Map) => deepEqVS(A, B, HP)
K0623	reference-semantics/semantics/list.k	50	supplied-semantics	rule	owise-rule	owise	FOLLOWS_SELECTED_SUPPLIED_SEMANTICS	rule deepEqV(A:Val, B:Val, _:Map) => A ==K B [owise]
K0624	reference-semantics/semantics/list.k	53	supplied-semantics	rule	priority-rule	priority	FOLLOWS_SELECTED_SUPPLIED_SEMANTICS	"rule <k> #applyK(toCall(boundMethodV(ref(H:Int), ""append"")), (V:Val, .Vals)) => noneV ... </k> <heap> ... H |-> list(VS:ValSeq => valSeqConcat(VS, vCons(V, .ValSeq))) ... </heap> [priority(40)]"
K0625	reference-semantics/semantics/list.k	58	supplied-semantics	syntax	syntax-declaration	-	FOLLOWS_SELECTED_SUPPLIED_SEMANTICS	"syntax KItem ::= #memberAcc(Val, Iterable) | #memberCont(Val) | ""#notB"""
K0626	reference-semantics/semantics/list.k	59	supplied-semantics	rule	ordinary-semantic-rule	-	FOLLOWS_SELECTED_SUPPLIED_SEMANTICS	"rule <k> Compare(LV:Val, CmpOp(""in"",     list(VS:ValSeq))) => #memberAcc(LV, list(VS)) ... </k>"
K0627	reference-semantics/semantics/list.k	60	supplied-semantics	rule	ordinary-semantic-rule	-	FOLLOWS_SELECTED_SUPPLIED_SEMANTICS	"rule <k> Compare(LV:Val, CmpOp(""not in"", list(VS:ValSeq))) => #memberAcc(LV, list(VS)) ~> #notB ... </k>"
K0628	reference-semantics/semantics/list.k	61	supplied-semantics	rule	ordinary-semantic-rule	-	FOLLOWS_SELECTED_SUPPLIED_SEMANTICS	rule <k> #memberAcc(V:Val, IT:Iterable) => #iterNext(IT) ~> #memberCont(V) ... </k>
K0629	reference-semantics/semantics/list.k	62	supplied-semantics	rule	ordinary-semantic-rule	-	FOLLOWS_SELECTED_SUPPLIED_SEMANTICS	rule <k> #iterDone ~> #memberCont(_V:Val) => false ... </k>
K0630	reference-semantics/semantics/list.k	63	supplied-semantics	rule	ordinary-semantic-rule	-	FOLLOWS_SELECTED_SUPPLIED_SEMANTICS	rule <k> #iterYield(E:Val, _:Iterable) ~> #memberCont(V:Val) => true ... </k> requires E ==K V
K0631	reference-semantics/semantics/list.k	65	supplied-semantics	rule	ordinary-semantic-rule	-	FOLLOWS_SELECTED_SUPPLIED_SEMANTICS	rule <k> #iterYield(E:Val, R:Iterable) ~> #memberCont(V:Val) => #memberAcc(V, R) ... </k> requires notBool (E ==K V)
K0632	reference-semantics/semantics/list.k	67	supplied-semantics	rule	ordinary-semantic-rule	-	FOLLOWS_SELECTED_SUPPLIED_SEMANTICS	rule <k> B:Bool ~> #notB => notBool B ... </k>
K0633	reference-semantics/semantics/methods.k	10	supplied-semantics	syntax	function-declaration	function	FOLLOWS_SELECTED_SUPPLIED_SEMANTICS	syntax Val ::= applyMethod(Val, String, Vals) [function]
K0634	reference-semantics/semantics/methods.k	13	supplied-semantics	rule	ordinary-semantic-rule	-	FOLLOWS_SELECTED_SUPPLIED_SEMANTICS	"rule applyMethod(str(CS:IntSeq), ""isupper"", .Vals) => hasUpper(CS) andBool notBool hasLower(CS)"
K0635	reference-semantics/semantics/methods.k	14	supplied-semantics	rule	ordinary-semantic-rule	-	FOLLOWS_SELECTED_SUPPLIED_SEMANTICS	"rule applyMethod(str(CS:IntSeq), ""islower"", .Vals) => hasLower(CS) andBool notBool hasUpper(CS)"
K0636	reference-semantics/semantics/methods.k	15	supplied-semantics	rule	ordinary-semantic-rule	-	FOLLOWS_SELECTED_SUPPLIED_SEMANTICS	"rule applyMethod(str(CS:IntSeq), ""isalpha"", .Vals) => notBool (CS ==K .IntSeq) andBool allAlpha(CS)"
K0637	reference-semantics/semantics/methods.k	16	supplied-semantics	rule	ordinary-semantic-rule	-	FOLLOWS_SELECTED_SUPPLIED_SEMANTICS	"rule applyMethod(str(CS:IntSeq), ""isdigit"", .Vals) => notBool (CS ==K .IntSeq) andBool allDigit(CS)"
K0638	reference-semantics/semantics/methods.k	19	supplied-semantics	rule	ordinary-semantic-rule	-	FOLLOWS_SELECTED_SUPPLIED_SEMANTICS	"rule applyMethod(str(CS:IntSeq), ""lower"",    .Vals) => str(mapLower(CS))"
K0639	reference-semantics/semantics/methods.k	20	supplied-semantics	rule	ordinary-semantic-rule	-	FOLLOWS_SELECTED_SUPPLIED_SEMANTICS	"rule applyMethod(str(CS:IntSeq), ""upper"",    .Vals) => str(mapUpper(CS))"
K0640	reference-semantics/semantics/methods.k	21	supplied-semantics	rule	ordinary-semantic-rule	-	FOLLOWS_SELECTED_SUPPLIED_SEMANTICS	"rule applyMethod(str(CS:IntSeq), ""swapcase"", .Vals) => str(mapSwap(CS))"
K0641	reference-semantics/semantics/methods.k	26	supplied-semantics	rule	ordinary-semantic-rule	-	FOLLOWS_SELECTED_SUPPLIED_SEMANTICS	"rule applyMethod(str(SEP:IntSeq), ""join"", list(VS:ValSeq), .Vals) => str(joinCodes(SEP, VS))"
K0642	reference-semantics/semantics/methods.k	27	supplied-semantics	syntax	function-declaration	function,total	FOLLOWS_SELECTED_SUPPLIED_SEMANTICS	syntax IntSeq ::= joinCodes(IntSeq, ValSeq) [function, total]
K0643	reference-semantics/semantics/methods.k	28	supplied-semantics	rule	ordinary-semantic-rule	-	FOLLOWS_SELECTED_SUPPLIED_SEMANTICS	rule joinCodes(_:IntSeq, .ValSeq) => .IntSeq
K0644	reference-semantics/semantics/methods.k	29	supplied-semantics	rule	ordinary-semantic-rule	-	FOLLOWS_SELECTED_SUPPLIED_SEMANTICS	rule joinCodes(_:IntSeq, vCons(str(CS:IntSeq), .ValSeq)) => CS
K0645	reference-semantics/semantics/methods.k	30	supplied-semantics	rule	ordinary-semantic-rule	-	FOLLOWS_SELECTED_SUPPLIED_SEMANTICS	rule joinCodes(SEP:IntSeq, vCons(str(CS:IntSeq), vCons(V:Val, R:ValSeq))) => seqConcat(CS, seqConcat(SEP, joinCodes(SEP, vCons(V, R))))
K0646	reference-semantics/semantics/methods.k	34	supplied-semantics	rule	ordinary-semantic-rule	-	FOLLOWS_SELECTED_SUPPLIED_SEMANTICS	"rule applyMethod(str(CS:IntSeq), ""count"", str(PC:IntSeq), .Vals) => cntSub(CS, PC)"
K0647	reference-semantics/semantics/methods.k	35	supplied-semantics	syntax	function-declaration	function	FOLLOWS_SELECTED_SUPPLIED_SEMANTICS	syntax Int ::= cntSub(IntSeq, IntSeq) [function]
K0648	reference-semantics/semantics/methods.k	36	supplied-semantics	rule	ordinary-semantic-rule	-	FOLLOWS_SELECTED_SUPPLIED_SEMANTICS	rule cntSub(.IntSeq, _:IntSeq) => 0
K0649	reference-semantics/semantics/methods.k	37	supplied-semantics	rule	ordinary-semantic-rule	-	FOLLOWS_SELECTED_SUPPLIED_SEMANTICS	rule cntSub(iCons(C:Int, R:IntSeq), PC:IntSeq) => 1 +Int cntSub(dropIS(iCons(C, R), isLen(PC)), PC) requires strPrefix(PC, iCons(C, R)) andBool isLen(PC) >Int 0
K0650	reference-semantics/semantics/methods.k	39	supplied-semantics	rule	ordinary-semantic-rule	-	FOLLOWS_SELECTED_SUPPLIED_SEMANTICS	rule cntSub(iCons(C:Int, R:IntSeq), PC:IntSeq) => cntSub(R, PC) requires notBool strPrefix(PC, iCons(C, R)) orBool isLen(PC) <=Int 0
K0651	reference-semantics/semantics/methods.k	41	supplied-semantics	syntax	function-declaration	function,total	FOLLOWS_SELECTED_SUPPLIED_SEMANTICS	syntax IntSeq ::= dropIS(IntSeq, Int) [function, total]
K0652	reference-semantics/semantics/methods.k	42	supplied-semantics	rule	ordinary-semantic-rule	-	FOLLOWS_SELECTED_SUPPLIED_SEMANTICS	rule dropIS(S:IntSeq, N:Int) => S requires N <=Int 0
K0653	reference-semantics/semantics/methods.k	43	supplied-semantics	rule	owise-rule	owise	FOLLOWS_SELECTED_SUPPLIED_SEMANTICS	rule dropIS(.IntSeq, _:Int) => .IntSeq [owise]
K0654	reference-semantics/semantics/methods.k	44	supplied-semantics	rule	ordinary-semantic-rule	-	FOLLOWS_SELECTED_SUPPLIED_SEMANTICS	rule dropIS(iCons(_:Int, R:IntSeq), N:Int) => dropIS(R, N -Int 1) requires N >Int 0
K0655	reference-semantics/semantics/methods.k	47	supplied-semantics	rule	ordinary-semantic-rule	-	FOLLOWS_SELECTED_SUPPLIED_SEMANTICS	"rule applyMethod(str(CS:IntSeq), ""strip"", .Vals) => str(revIS(trimWS(revIS(trimWS(CS)))))"
K0656	reference-semantics/semantics/methods.k	48	supplied-semantics	syntax	function-declaration	function,total	FOLLOWS_SELECTED_SUPPLIED_SEMANTICS	syntax IntSeq ::= trimWS(IntSeq) [function, total]
K0657	reference-semantics/semantics/methods.k	49	supplied-semantics	rule	ordinary-semantic-rule	-	FOLLOWS_SELECTED_SUPPLIED_SEMANTICS	rule trimWS(.IntSeq) => .IntSeq
K0658	reference-semantics/semantics/methods.k	50	supplied-semantics	rule	ordinary-semantic-rule	-	FOLLOWS_SELECTED_SUPPLIED_SEMANTICS	rule trimWS(iCons(C:Int, R:IntSeq)) => trimWS(R) requires isWSC(C)
K0659	reference-semantics/semantics/methods.k	51	supplied-semantics	rule	ordinary-semantic-rule	-	FOLLOWS_SELECTED_SUPPLIED_SEMANTICS	rule trimWS(iCons(C:Int, R:IntSeq)) => iCons(C, R) requires notBool isWSC(C)
K0660	reference-semantics/semantics/methods.k	52	supplied-semantics	syntax	function-declaration	function,total	FOLLOWS_SELECTED_SUPPLIED_SEMANTICS	syntax IntSeq ::= revIS(IntSeq) [function, total] | revISAcc(IntSeq, IntSeq) [function, total]
K0661	reference-semantics/semantics/methods.k	53	supplied-semantics	rule	ordinary-semantic-rule	-	FOLLOWS_SELECTED_SUPPLIED_SEMANTICS	rule revIS(S:IntSeq) => revISAcc(S, .IntSeq)
K0662	reference-semantics/semantics/methods.k	54	supplied-semantics	rule	ordinary-semantic-rule	-	FOLLOWS_SELECTED_SUPPLIED_SEMANTICS	rule revISAcc(.IntSeq, A:IntSeq) => A
K0663	reference-semantics/semantics/methods.k	55	supplied-semantics	rule	ordinary-semantic-rule	-	FOLLOWS_SELECTED_SUPPLIED_SEMANTICS	rule revISAcc(iCons(C:Int, R:IntSeq), A:IntSeq) => revISAcc(R, iCons(C, A))
K0664	reference-semantics/semantics/methods.k	58	supplied-semantics	rule	ordinary-semantic-rule	-	FOLLOWS_SELECTED_SUPPLIED_SEMANTICS	"rule applyMethod(str(CS:IntSeq), ""encode"", str(_:IntSeq), .Vals) => str(CS)"
K0665	reference-semantics/semantics/methods.k	61	supplied-semantics	rule	ordinary-semantic-rule	-	FOLLOWS_SELECTED_SUPPLIED_SEMANTICS	"rule applyMethod(str(XC:IntSeq), ""startswith"", str(PC:IntSeq), .Vals) => startsWith(PC, XC)"
K0666	reference-semantics/semantics/methods.k	64	supplied-semantics	rule	ordinary-semantic-rule	-	FOLLOWS_SELECTED_SUPPLIED_SEMANTICS	"rule applyMethod(list(VS:ValSeq), ""count"", V:Val, .Vals) => cntOccVS(VS, V)"
K0667	reference-semantics/semantics/methods.k	65	supplied-semantics	syntax	function-declaration	function,total	FOLLOWS_SELECTED_SUPPLIED_SEMANTICS	syntax Int ::= cntOccVS(ValSeq, Val) [function, total]
K0668	reference-semantics/semantics/methods.k	66	supplied-semantics	rule	ordinary-semantic-rule	-	FOLLOWS_SELECTED_SUPPLIED_SEMANTICS	rule cntOccVS(.ValSeq, _:Val)                => 0
K0669	reference-semantics/semantics/methods.k	67	supplied-semantics	rule	ordinary-semantic-rule	-	FOLLOWS_SELECTED_SUPPLIED_SEMANTICS	rule cntOccVS(vCons(A:Val, R:ValSeq), V:Val) => 1 +Int cntOccVS(R, V) requires A ==K V
K0670	reference-semantics/semantics/methods.k	68	supplied-semantics	rule	ordinary-semantic-rule	-	FOLLOWS_SELECTED_SUPPLIED_SEMANTICS	rule cntOccVS(vCons(A:Val, R:ValSeq), V:Val) => cntOccVS(R, V)        requires notBool (A ==K V)
K0671	reference-semantics/semantics/methods.k	72	supplied-semantics	rule	priority-rule	priority	FOLLOWS_SELECTED_SUPPLIED_SEMANTICS	"rule <k> #applyK(toCall(boundMethodV(str(CS:IntSeq), ""split"")), .Vals) => #alloc(list(splitWS(CS, .IntSeq, .ValSeq))) ... </k> [priority(40)]"
K0672	reference-semantics/semantics/methods.k	75	supplied-semantics	syntax	function-declaration	function	FOLLOWS_SELECTED_SUPPLIED_SEMANTICS	syntax ValSeq ::= splitWS(IntSeq, IntSeq, ValSeq) [function]  // remaining, current token, result
K0673	reference-semantics/semantics/methods.k	76	supplied-semantics	rule	ordinary-semantic-rule	-	FOLLOWS_SELECTED_SUPPLIED_SEMANTICS	rule splitWS(.IntSeq, CUR:IntSeq, ACC:ValSeq) => flushTok(ACC, CUR)
K0674	reference-semantics/semantics/methods.k	77	supplied-semantics	rule	ordinary-semantic-rule	-	FOLLOWS_SELECTED_SUPPLIED_SEMANTICS	rule splitWS(iCons(C:Int, R:IntSeq), CUR:IntSeq, ACC:ValSeq) => splitWS(R, .IntSeq, flushTok(ACC, CUR)) requires isWSC(C)
K0675	reference-semantics/semantics/methods.k	79	supplied-semantics	rule	ordinary-semantic-rule	-	FOLLOWS_SELECTED_SUPPLIED_SEMANTICS	rule splitWS(iCons(C:Int, R:IntSeq), CUR:IntSeq, ACC:ValSeq) => splitWS(R, seqConcat(CUR, iCons(C, .IntSeq)), ACC) requires notBool isWSC(C)
K0676	reference-semantics/semantics/methods.k	82	supplied-semantics	syntax	function-declaration	function	FOLLOWS_SELECTED_SUPPLIED_SEMANTICS	syntax ValSeq ::= flushTok(ValSeq, IntSeq) [function]
K0677	reference-semantics/semantics/methods.k	83	supplied-semantics	rule	ordinary-semantic-rule	-	FOLLOWS_SELECTED_SUPPLIED_SEMANTICS	rule flushTok(ACC:ValSeq, .IntSeq)            => ACC
K0678	reference-semantics/semantics/methods.k	84	supplied-semantics	rule	ordinary-semantic-rule	-	FOLLOWS_SELECTED_SUPPLIED_SEMANTICS	rule flushTok(ACC:ValSeq, iCons(C:Int, T:IntSeq)) => valSeqConcat(ACC, vCons(str(iCons(C, T)), .ValSeq))
K0679	reference-semantics/semantics/methods.k	85	supplied-semantics	syntax	function-declaration	function,total	FOLLOWS_SELECTED_SUPPLIED_SEMANTICS	syntax Bool ::= isWSC(Int) [function, total]
K0680	reference-semantics/semantics/methods.k	86	supplied-semantics	rule	ordinary-semantic-rule	-	FOLLOWS_SELECTED_SUPPLIED_SEMANTICS	rule isWSC(C:Int) => C ==Int 32 orBool C ==Int 9 orBool C ==Int 10 orBool C ==Int 13
K0681	reference-semantics/semantics/methods.k	89	supplied-semantics	rule	priority-rule	priority	FOLLOWS_SELECTED_SUPPLIED_SEMANTICS	"rule <k> #applyK(toCall(boundMethodV(str(CS:IntSeq), ""split"")), (kwV(""sep"", str(S:IntSeq)), .Vals)) => #applyK(toCall(boundMethodV(str(CS), ""split"")), (str(S), .Vals)) ... </k> [priority(39)]"
K0682	reference-semantics/semantics/methods.k	94	supplied-semantics	rule	priority-rule	priority	FOLLOWS_SELECTED_SUPPLIED_SEMANTICS	"rule <k> #applyK(toCall(boundMethodV(str(CS:IntSeq), ""split"")), (str(iCons(SEP:Int, .IntSeq)), .Vals)) => #alloc(list(splitSep(CS, SEP, .IntSeq))) ... </k> [priority(40)]"
K0683	reference-semantics/semantics/methods.k	97	supplied-semantics	syntax	function-declaration	function	FOLLOWS_SELECTED_SUPPLIED_SEMANTICS	syntax ValSeq ::= splitSep(IntSeq, Int, IntSeq) [function]  // remaining, sep code, current token
K0684	reference-semantics/semantics/methods.k	98	supplied-semantics	rule	ordinary-semantic-rule	-	FOLLOWS_SELECTED_SUPPLIED_SEMANTICS	rule splitSep(.IntSeq, _SEP:Int, CUR:IntSeq)              => vCons(str(CUR), .ValSeq)
K0685	reference-semantics/semantics/methods.k	99	supplied-semantics	rule	ordinary-semantic-rule	-	FOLLOWS_SELECTED_SUPPLIED_SEMANTICS	rule splitSep(iCons(C:Int, R:IntSeq), SEP:Int, CUR:IntSeq) => vCons(str(CUR), splitSep(R, SEP, .IntSeq)) requires C ==Int SEP
K0686	reference-semantics/semantics/methods.k	101	supplied-semantics	rule	ordinary-semantic-rule	-	FOLLOWS_SELECTED_SUPPLIED_SEMANTICS	rule splitSep(iCons(C:Int, R:IntSeq), SEP:Int, CUR:IntSeq) => splitSep(R, SEP, seqConcat(CUR, iCons(C, .IntSeq))) requires notBool (C ==Int SEP)
K0687	reference-semantics/semantics/methods.k	104	supplied-semantics	rule	ordinary-semantic-rule	-	FOLLOWS_SELECTED_SUPPLIED_SEMANTICS	"rule applyMethod(str(CS:IntSeq), ""replace"", str(iCons(A:Int, .IntSeq)), str(iCons(B:Int, .IntSeq)), .Vals) => str(replaceC(CS, A, B))"
K0688	reference-semantics/semantics/methods.k	106	supplied-semantics	syntax	function-declaration	function,total	FOLLOWS_SELECTED_SUPPLIED_SEMANTICS	syntax IntSeq ::= replaceC(IntSeq, Int, Int) [function, total]
K0689	reference-semantics/semantics/methods.k	107	supplied-semantics	rule	ordinary-semantic-rule	-	FOLLOWS_SELECTED_SUPPLIED_SEMANTICS	rule replaceC(.IntSeq, _:Int, _:Int)             => .IntSeq
K0690	reference-semantics/semantics/methods.k	108	supplied-semantics	rule	ordinary-semantic-rule	-	FOLLOWS_SELECTED_SUPPLIED_SEMANTICS	rule replaceC(iCons(C:Int, R:IntSeq), A:Int, B:Int) => iCons(B, replaceC(R, A, B)) requires C ==Int A
K0691	reference-semantics/semantics/methods.k	109	supplied-semantics	rule	ordinary-semantic-rule	-	FOLLOWS_SELECTED_SUPPLIED_SEMANTICS	rule replaceC(iCons(C:Int, R:IntSeq), A:Int, B:Int) => iCons(C, replaceC(R, A, B)) requires notBool (C ==Int A)
K0692	reference-semantics/semantics/methods.k	112	supplied-semantics	syntax	function-declaration	function,total	FOLLOWS_SELECTED_SUPPLIED_SEMANTICS	syntax Bool ::= isUpperC(Int) [function, total]
K0693	reference-semantics/semantics/methods.k	113	supplied-semantics	rule	ordinary-semantic-rule	-	FOLLOWS_SELECTED_SUPPLIED_SEMANTICS	rule isUpperC(C:Int) => C >=Int 65 andBool C <=Int 90
K0694	reference-semantics/semantics/methods.k	115	supplied-semantics	syntax	function-declaration	function,total	FOLLOWS_SELECTED_SUPPLIED_SEMANTICS	syntax Bool ::= isLowerC(Int) [function, total]
K0695	reference-semantics/semantics/methods.k	116	supplied-semantics	rule	ordinary-semantic-rule	-	FOLLOWS_SELECTED_SUPPLIED_SEMANTICS	rule isLowerC(C:Int) => C >=Int 97 andBool C <=Int 122
K0696	reference-semantics/semantics/methods.k	118	supplied-semantics	syntax	function-declaration	function,total	FOLLOWS_SELECTED_SUPPLIED_SEMANTICS	syntax Bool ::= isAlphaC(Int) [function, total]
K0697	reference-semantics/semantics/methods.k	119	supplied-semantics	rule	ordinary-semantic-rule	-	FOLLOWS_SELECTED_SUPPLIED_SEMANTICS	rule isAlphaC(C:Int) => isUpperC(C) orBool isLowerC(C)
K0698	reference-semantics/semantics/methods.k	121	supplied-semantics	syntax	function-declaration	function,total	FOLLOWS_SELECTED_SUPPLIED_SEMANTICS	syntax Bool ::= isDigitC(Int) [function, total]
K0699	reference-semantics/semantics/methods.k	122	supplied-semantics	rule	ordinary-semantic-rule	-	FOLLOWS_SELECTED_SUPPLIED_SEMANTICS	rule isDigitC(C:Int) => C >=Int 48 andBool C <=Int 57
K0700	reference-semantics/semantics/methods.k	124	supplied-semantics	syntax	function-declaration	function,total	FOLLOWS_SELECTED_SUPPLIED_SEMANTICS	syntax Bool ::= hasUpper(IntSeq) [function, total]
K0701	reference-semantics/semantics/methods.k	125	supplied-semantics	rule	ordinary-semantic-rule	-	FOLLOWS_SELECTED_SUPPLIED_SEMANTICS	rule hasUpper(.IntSeq) => false
K0702	reference-semantics/semantics/methods.k	126	supplied-semantics	rule	ordinary-semantic-rule	-	FOLLOWS_SELECTED_SUPPLIED_SEMANTICS	rule hasUpper(iCons(C:Int, S:IntSeq)) => isUpperC(C) orBool hasUpper(S)
K0703	reference-semantics/semantics/methods.k	128	supplied-semantics	syntax	function-declaration	function,total	FOLLOWS_SELECTED_SUPPLIED_SEMANTICS	syntax Bool ::= hasLower(IntSeq) [function, total]
K0704	reference-semantics/semantics/methods.k	129	supplied-semantics	rule	ordinary-semantic-rule	-	FOLLOWS_SELECTED_SUPPLIED_SEMANTICS	rule hasLower(.IntSeq) => false
K0705	reference-semantics/semantics/methods.k	130	supplied-semantics	rule	ordinary-semantic-rule	-	FOLLOWS_SELECTED_SUPPLIED_SEMANTICS	rule hasLower(iCons(C:Int, S:IntSeq)) => isLowerC(C) orBool hasLower(S)
K0706	reference-semantics/semantics/methods.k	132	supplied-semantics	syntax	function-declaration	function,total	FOLLOWS_SELECTED_SUPPLIED_SEMANTICS	syntax Bool ::= allAlpha(IntSeq) [function, total]
K0707	reference-semantics/semantics/methods.k	133	supplied-semantics	rule	ordinary-semantic-rule	-	FOLLOWS_SELECTED_SUPPLIED_SEMANTICS	rule allAlpha(.IntSeq) => true
K0708	reference-semantics/semantics/methods.k	134	supplied-semantics	rule	ordinary-semantic-rule	-	FOLLOWS_SELECTED_SUPPLIED_SEMANTICS	rule allAlpha(iCons(C:Int, S:IntSeq)) => isAlphaC(C) andBool allAlpha(S)
K0709	reference-semantics/semantics/methods.k	136	supplied-semantics	syntax	function-declaration	function,total	FOLLOWS_SELECTED_SUPPLIED_SEMANTICS	syntax Bool ::= allDigit(IntSeq) [function, total]
K0710	reference-semantics/semantics/methods.k	137	supplied-semantics	rule	ordinary-semantic-rule	-	FOLLOWS_SELECTED_SUPPLIED_SEMANTICS	rule allDigit(.IntSeq) => true
K0711	reference-semantics/semantics/methods.k	138	supplied-semantics	rule	ordinary-semantic-rule	-	FOLLOWS_SELECTED_SUPPLIED_SEMANTICS	rule allDigit(iCons(C:Int, S:IntSeq)) => isDigitC(C) andBool allDigit(S)
K0712	reference-semantics/semantics/methods.k	140	supplied-semantics	syntax	function-declaration	function,total	FOLLOWS_SELECTED_SUPPLIED_SEMANTICS	syntax Int ::= lowerC(Int) [function, total]
K0713	reference-semantics/semantics/methods.k	142	supplied-semantics	rule	ordinary-semantic-rule	-	FOLLOWS_SELECTED_SUPPLIED_SEMANTICS	rule lowerC(C:Int) => C +Int 32 requires isUpperC(C)
K0714	reference-semantics/semantics/methods.k	143	supplied-semantics	rule	owise-rule	owise	FOLLOWS_SELECTED_SUPPLIED_SEMANTICS	rule lowerC(C:Int) => C         [owise]
K0715	reference-semantics/semantics/methods.k	145	supplied-semantics	syntax	function-declaration	function,total	FOLLOWS_SELECTED_SUPPLIED_SEMANTICS	syntax Int ::= upperC(Int) [function, total]
K0716	reference-semantics/semantics/methods.k	146	supplied-semantics	rule	ordinary-semantic-rule	-	FOLLOWS_SELECTED_SUPPLIED_SEMANTICS	rule upperC(C:Int) => C -Int 32 requires isLowerC(C)
K0717	reference-semantics/semantics/methods.k	147	supplied-semantics	rule	owise-rule	owise	FOLLOWS_SELECTED_SUPPLIED_SEMANTICS	rule upperC(C:Int) => C         [owise]
K0718	reference-semantics/semantics/methods.k	149	supplied-semantics	syntax	function-declaration	function,total	FOLLOWS_SELECTED_SUPPLIED_SEMANTICS	syntax Int ::= swapC(Int) [function, total]
K0719	reference-semantics/semantics/methods.k	150	supplied-semantics	rule	ordinary-semantic-rule	-	FOLLOWS_SELECTED_SUPPLIED_SEMANTICS	rule swapC(C:Int) => C +Int 32 requires isUpperC(C)
K0720	reference-semantics/semantics/methods.k	151	supplied-semantics	rule	ordinary-semantic-rule	-	FOLLOWS_SELECTED_SUPPLIED_SEMANTICS	rule swapC(C:Int) => C -Int 32 requires isLowerC(C)
K0721	reference-semantics/semantics/methods.k	152	supplied-semantics	rule	owise-rule	owise	FOLLOWS_SELECTED_SUPPLIED_SEMANTICS	rule swapC(C:Int) => C         [owise]
K0722	reference-semantics/semantics/methods.k	154	supplied-semantics	syntax	function-declaration	function,total	FOLLOWS_SELECTED_SUPPLIED_SEMANTICS	syntax IntSeq ::= mapLower(IntSeq) [function, total]
K0723	reference-semantics/semantics/methods.k	155	supplied-semantics	rule	ordinary-semantic-rule	-	FOLLOWS_SELECTED_SUPPLIED_SEMANTICS	rule mapLower(.IntSeq) => .IntSeq
K0724	reference-semantics/semantics/methods.k	156	supplied-semantics	rule	ordinary-semantic-rule	-	FOLLOWS_SELECTED_SUPPLIED_SEMANTICS	rule mapLower(iCons(C:Int, S:IntSeq)) => iCons(lowerC(C), mapLower(S))
K0725	reference-semantics/semantics/methods.k	158	supplied-semantics	syntax	function-declaration	function,total	FOLLOWS_SELECTED_SUPPLIED_SEMANTICS	syntax IntSeq ::= mapUpper(IntSeq) [function, total]
K0726	reference-semantics/semantics/methods.k	159	supplied-semantics	rule	ordinary-semantic-rule	-	FOLLOWS_SELECTED_SUPPLIED_SEMANTICS	rule mapUpper(.IntSeq) => .IntSeq
K0727	reference-semantics/semantics/methods.k	160	supplied-semantics	rule	ordinary-semantic-rule	-	FOLLOWS_SELECTED_SUPPLIED_SEMANTICS	rule mapUpper(iCons(C:Int, S:IntSeq)) => iCons(upperC(C), mapUpper(S))
K0728	reference-semantics/semantics/methods.k	162	supplied-semantics	syntax	function-declaration	function,total	FOLLOWS_SELECTED_SUPPLIED_SEMANTICS	syntax IntSeq ::= mapSwap(IntSeq) [function, total]
K0729	reference-semantics/semantics/methods.k	163	supplied-semantics	rule	ordinary-semantic-rule	-	FOLLOWS_SELECTED_SUPPLIED_SEMANTICS	rule mapSwap(.IntSeq) => .IntSeq
K0730	reference-semantics/semantics/methods.k	164	supplied-semantics	rule	ordinary-semantic-rule	-	FOLLOWS_SELECTED_SUPPLIED_SEMANTICS	rule mapSwap(iCons(C:Int, S:IntSeq)) => iCons(swapC(C), mapSwap(S))
K0731	reference-semantics/semantics/methods.k	166	supplied-semantics	syntax	function-declaration	function,total	FOLLOWS_SELECTED_SUPPLIED_SEMANTICS	syntax Bool ::= startsWith(IntSeq, IntSeq) [function, total]
K0732	reference-semantics/semantics/methods.k	167	supplied-semantics	rule	ordinary-semantic-rule	-	FOLLOWS_SELECTED_SUPPLIED_SEMANTICS	rule startsWith(.IntSeq, _:IntSeq)               => true
K0733	reference-semantics/semantics/methods.k	168	supplied-semantics	rule	ordinary-semantic-rule	-	FOLLOWS_SELECTED_SUPPLIED_SEMANTICS	rule startsWith(iCons(_:Int, _:IntSeq), .IntSeq) => false
K0734	reference-semantics/semantics/methods.k	169	supplied-semantics	rule	ordinary-semantic-rule	-	FOLLOWS_SELECTED_SUPPLIED_SEMANTICS	rule startsWith(iCons(A:Int, As:IntSeq), iCons(B:Int, Bs:IntSeq)) => A ==Int B andBool startsWith(As, Bs)
K0735	reference-semantics/semantics/operators.k	10	supplied-semantics	rule	ordinary-semantic-rule	-	FOLLOWS_SELECTED_SUPPLIED_SEMANTICS	rule <k> UnaryOp(OP:String, V:Val) => applyUn(OP, V) ... </k>
K0736	reference-semantics/semantics/operators.k	12	supplied-semantics	rule	ordinary-semantic-rule	-	FOLLOWS_SELECTED_SUPPLIED_SEMANTICS	rule <k> BinOp(OP:String, L:Val, R:Val) => applyBin(OP, L, R) ... </k>
K0737	reference-semantics/semantics/operators.k	15	supplied-semantics	context	context	-	FOLLOWS_SELECTED_SUPPLIED_SEMANTICS	context Compare(HOLE, _)
K0738	reference-semantics/semantics/operators.k	16	supplied-semantics	context	context	-	FOLLOWS_SELECTED_SUPPLIED_SEMANTICS	context Compare(_:Val, CmpOp(_, HOLE))
K0739	reference-semantics/semantics/operators.k	17	supplied-semantics	rule	owise-rule	owise	FOLLOWS_SELECTED_SUPPLIED_SEMANTICS	rule <k> Compare(LV:Val, CmpOp(OP:String, RV:Val)) => applyCmp(OP, LV, RV) ... </k> [owise]
K0740	reference-semantics/semantics/operators.k	19	supplied-semantics	rule	ordinary-semantic-rule	-	FOLLOWS_SELECTED_SUPPLIED_SEMANTICS	"rule applyCmp(""is"",     V:Val, noneV) => V ==K noneV"
K0741	reference-semantics/semantics/operators.k	20	supplied-semantics	rule	ordinary-semantic-rule	-	FOLLOWS_SELECTED_SUPPLIED_SEMANTICS	"rule applyCmp(""is not"", V:Val, noneV) => notBool (V ==K noneV)"
K0742	reference-semantics/semantics/operators.k	25	supplied-semantics	rule	priority-rule	priority	FOLLOWS_SELECTED_SUPPLIED_SEMANTICS	rule <k> BinOp(OP:String, ref(H:Int), R:Expr) => BinOp(OP, V, R) ... </k> <heap> ... H |-> V:Val ... </heap> [priority(40)]
K0743	reference-semantics/semantics/operators.k	28	supplied-semantics	rule	priority-rule	priority	FOLLOWS_SELECTED_SUPPLIED_SEMANTICS	rule <k> BinOp(OP:String, L:Val, ref(H:Int)) => BinOp(OP, L, V) ... </k> <heap> ... H |-> V:Val ... </heap> requires notBool isRefV(L) [priority(40)]
K0744	reference-semantics/semantics/operators.k	34	supplied-semantics	rule	priority-rule	priority	FOLLOWS_SELECTED_SUPPLIED_SEMANTICS	"rule <k> Compare(ref(H:Int), CmpOp(OP:String, R:Expr)) => Compare(V, CmpOp(OP, R)) ... </k> <heap> ... H |-> V:Val ... </heap> requires OP =/=String ""in"" andBool OP =/=String ""not in"" [priority(40)]"
K0745	reference-semantics/semantics/operators.k	38	supplied-semantics	rule	priority-rule	priority	FOLLOWS_SELECTED_SUPPLIED_SEMANTICS	"rule <k> Compare(L:Val, CmpOp(OP:String, ref(H:Int))) => Compare(L, CmpOp(OP, V)) ... </k> <heap> ... H |-> V:Val ... </heap> requires notBool isRefV(L) orBool OP ==String ""in"" orBool OP ==String ""not in"" [priority(40)]"
K0746	reference-semantics/semantics/operators.k	44	supplied-semantics	rule	priority-rule	priority	FOLLOWS_SELECTED_SUPPLIED_SEMANTICS	rule <k> UnaryOp(OP:String, ref(H:Int)) => UnaryOp(OP, V) ... </k> <heap> ... H |-> V:Val ... </heap> [priority(40)]
K0747	reference-semantics/semantics/range.k	9	supplied-semantics	syntax	function-declaration	function,total	FOLLOWS_SELECTED_SUPPLIED_SEMANTICS	syntax Bool ::= inRange(Int, Int, Int) [function, total]
K0748	reference-semantics/semantics/range.k	10	supplied-semantics	rule	ordinary-semantic-rule	-	FOLLOWS_SELECTED_SUPPLIED_SEMANTICS	rule inRange(I:Int, HI:Int, ST:Int) => (ST >Int 0 andBool I <Int HI) orBool (ST <Int 0 andBool I >Int HI)
K0749	reference-semantics/semantics/range.k	12	supplied-semantics	syntax	function-declaration	function	FOLLOWS_SELECTED_SUPPLIED_SEMANTICS	syntax Int ::= rangeLen(Int, Int, Int) [function]
K0750	reference-semantics/semantics/range.k	13	supplied-semantics	rule	ordinary-semantic-rule	-	FOLLOWS_SELECTED_SUPPLIED_SEMANTICS	rule rangeLen(LO:Int, HI:Int, ST:Int) => (HI -Int LO +Int ST -Int 1) /Int ST requires ST >Int 0 andBool HI >Int LO
K0751	reference-semantics/semantics/range.k	15	supplied-semantics	rule	ordinary-semantic-rule	-	FOLLOWS_SELECTED_SUPPLIED_SEMANTICS	rule rangeLen(LO:Int, HI:Int, ST:Int) => (LO -Int HI -Int ST -Int 1) /Int (0 -Int ST) requires ST <Int 0 andBool HI <Int LO
K0752	reference-semantics/semantics/range.k	17	supplied-semantics	rule	ordinary-semantic-rule	-	FOLLOWS_SELECTED_SUPPLIED_SEMANTICS	rule rangeLen(LO:Int, HI:Int, ST:Int) => 0 requires (ST >Int 0 andBool HI <=Int LO) orBool (ST <Int 0 andBool HI >=Int LO)
K0753	reference-semantics/semantics/range.k	20	supplied-semantics	rule	ordinary-semantic-rule	-	FOLLOWS_SELECTED_SUPPLIED_SEMANTICS	rule <k> #iterNext(rangeObj(I:Int, HI:Int, ST:Int)) => #iterYield(I, rangeObj(I +Int ST, HI, ST)) ... </k> requires inRange(I, HI, ST)
K0754	reference-semantics/semantics/range.k	23	supplied-semantics	rule	ordinary-semantic-rule	-	FOLLOWS_SELECTED_SUPPLIED_SEMANTICS	rule <k> #iterNext(rangeObj(I:Int, HI:Int, ST:Int)) => #iterDone ... </k> requires notBool inRange(I, HI, ST)
K0755	reference-semantics/semantics/set.k	8	supplied-semantics	syntax	syntax-declaration	-	FOLLOWS_SELECTED_SUPPLIED_SEMANTICS	syntax Val ::= setV(IntSeq)
K0756	reference-semantics/semantics/set.k	11	supplied-semantics	syntax	function-declaration	function,total	FOLLOWS_SELECTED_SUPPLIED_SEMANTICS	syntax Bool ::= codeIn(Int, IntSeq) [function, total]
K0757	reference-semantics/semantics/set.k	12	supplied-semantics	rule	ordinary-semantic-rule	-	FOLLOWS_SELECTED_SUPPLIED_SEMANTICS	rule codeIn(_:Int, .IntSeq)                => false
K0758	reference-semantics/semantics/set.k	13	supplied-semantics	rule	ordinary-semantic-rule	-	FOLLOWS_SELECTED_SUPPLIED_SEMANTICS	rule codeIn(C:Int, iCons(H:Int, T:IntSeq)) => C ==Int H orBool codeIn(C, T)
K0759	reference-semantics/semantics/set.k	16	supplied-semantics	syntax	function-declaration	function,total	FOLLOWS_SELECTED_SUPPLIED_SEMANTICS	syntax IntSeq ::= dedupCodes(IntSeq)         [function, total] | dedupFrom(IntSeq, IntSeq)  [function, total]
K0760	reference-semantics/semantics/set.k	18	supplied-semantics	rule	ordinary-semantic-rule	-	FOLLOWS_SELECTED_SUPPLIED_SEMANTICS	rule dedupCodes(CS:IntSeq) => dedupFrom(CS, .IntSeq)
K0761	reference-semantics/semantics/set.k	19	supplied-semantics	rule	ordinary-semantic-rule	-	FOLLOWS_SELECTED_SUPPLIED_SEMANTICS	rule dedupFrom(.IntSeq, ACC:IntSeq) => ACC
K0762	reference-semantics/semantics/set.k	20	supplied-semantics	rule	ordinary-semantic-rule	-	FOLLOWS_SELECTED_SUPPLIED_SEMANTICS	rule dedupFrom(iCons(C:Int, S:IntSeq), ACC:IntSeq) => dedupFrom(S, ACC) requires codeIn(C, ACC)
K0763	reference-semantics/semantics/set.k	22	supplied-semantics	rule	ordinary-semantic-rule	-	FOLLOWS_SELECTED_SUPPLIED_SEMANTICS	rule dedupFrom(iCons(C:Int, S:IntSeq), ACC:IntSeq) => dedupFrom(S, snocCode(ACC, C)) requires notBool codeIn(C, ACC)
K0764	reference-semantics/semantics/set.k	25	supplied-semantics	syntax	function-declaration	function,total	FOLLOWS_SELECTED_SUPPLIED_SEMANTICS	syntax IntSeq ::= snocCode(IntSeq, Int) [function, total]
K0765	reference-semantics/semantics/set.k	26	supplied-semantics	rule	ordinary-semantic-rule	-	FOLLOWS_SELECTED_SUPPLIED_SEMANTICS	rule snocCode(.IntSeq, C:Int)                => iCons(C, .IntSeq)
K0766	reference-semantics/semantics/set.k	27	supplied-semantics	rule	ordinary-semantic-rule	-	FOLLOWS_SELECTED_SUPPLIED_SEMANTICS	rule snocCode(iCons(H:Int, T:IntSeq), C:Int) => iCons(H, snocCode(T, C))
K0767	reference-semantics/semantics/set.k	31	supplied-semantics	syntax	function-declaration	function,total	FOLLOWS_SELECTED_SUPPLIED_SEMANTICS	syntax Bool ::= subsetCodes(IntSeq, IntSeq) [function, total]
K0768	reference-semantics/semantics/set.k	32	supplied-semantics	rule	ordinary-semantic-rule	-	FOLLOWS_SELECTED_SUPPLIED_SEMANTICS	rule subsetCodes(.IntSeq, _:IntSeq)                => true
K0769	reference-semantics/semantics/set.k	33	supplied-semantics	rule	ordinary-semantic-rule	-	FOLLOWS_SELECTED_SUPPLIED_SEMANTICS	rule subsetCodes(iCons(C:Int, S:IntSeq), B:IntSeq) => codeIn(C, B) andBool subsetCodes(S, B)
K0770	reference-semantics/semantics/set.k	35	supplied-semantics	syntax	function-declaration	function,total	FOLLOWS_SELECTED_SUPPLIED_SEMANTICS	syntax Bool ::= sameSet(IntSeq, IntSeq) [function, total]
K0771	reference-semantics/semantics/set.k	36	supplied-semantics	rule	ordinary-semantic-rule	-	FOLLOWS_SELECTED_SUPPLIED_SEMANTICS	rule sameSet(A:IntSeq, B:IntSeq) => subsetCodes(A, B) andBool subsetCodes(B, A)
K0772	reference-semantics/semantics/set.k	39	supplied-semantics	rule	ordinary-semantic-rule	-	FOLLOWS_SELECTED_SUPPLIED_SEMANTICS	"rule applyCmp(""=="", setV(A:IntSeq), setV(B:IntSeq)) => sameSet(A, B)"
K0773	reference-semantics/semantics/sort.k	18	supplied-semantics	syntax	opaque-symbol-declaration	function,total,symbol,no-evaluators	FOLLOWS_SELECTED_SUPPLIED_SEMANTICS	syntax ValSeq ::= sortVS(ValSeq) [function, total, symbol(sortVS), no-evaluators]
K0774	reference-semantics/semantics/sort.k	19	supplied-semantics	syntax	function-declaration	function	FOLLOWS_SELECTED_SUPPLIED_SEMANTICS	syntax ValSeq ::= insVS(Int, ValSeq) [function]
K0775	reference-semantics/semantics/sort.k	20	supplied-semantics	rule	concrete-only-rule	concrete	FOLLOWS_SELECTED_SUPPLIED_SEMANTICS	rule sortVS(.ValSeq)                => .ValSeq          [concrete]
K0776	reference-semantics/semantics/sort.k	21	supplied-semantics	rule	concrete-only-rule	concrete	FOLLOWS_SELECTED_SUPPLIED_SEMANTICS	rule sortVS(vCons(X:Int, R:ValSeq)) => insVS(X, sortVS(R)) [concrete]
K0777	reference-semantics/semantics/sort.k	22	supplied-semantics	rule	concrete-only-rule	concrete	FOLLOWS_SELECTED_SUPPLIED_SEMANTICS	rule insVS(X:Int, .ValSeq)                => vCons(X, .ValSeq) [concrete]
K0778	reference-semantics/semantics/sort.k	23	supplied-semantics	rule	concrete-only-rule	concrete	FOLLOWS_SELECTED_SUPPLIED_SEMANTICS	rule insVS(X:Int, vCons(Y:Int, R:ValSeq)) => vCons(X, vCons(Y, R)) requires X <=Int Y [concrete]
K0779	reference-semantics/semantics/sort.k	24	supplied-semantics	rule	concrete-only-rule	concrete	FOLLOWS_SELECTED_SUPPLIED_SEMANTICS	rule insVS(X:Int, vCons(Y:Int, R:ValSeq)) => vCons(Y, insVS(X, R)) requires X  >Int Y [concrete]
K0780	reference-semantics/semantics/sort.k	26	supplied-semantics	syntax	function-declaration	function	FOLLOWS_SELECTED_SUPPLIED_SEMANTICS	syntax ValSeq ::= insVSs(IntSeq, ValSeq) [function]
K0781	reference-semantics/semantics/sort.k	27	supplied-semantics	rule	concrete-only-rule	concrete	FOLLOWS_SELECTED_SUPPLIED_SEMANTICS	rule sortVS(vCons(str(CS:IntSeq), R:ValSeq)) => insVSs(CS, sortVS(R)) [concrete]
K0782	reference-semantics/semantics/sort.k	28	supplied-semantics	rule	concrete-only-rule	concrete	FOLLOWS_SELECTED_SUPPLIED_SEMANTICS	rule insVSs(A:IntSeq, .ValSeq) => vCons(str(A), .ValSeq) [concrete]
K0783	reference-semantics/semantics/sort.k	29	supplied-semantics	rule	concrete-only-rule	concrete	FOLLOWS_SELECTED_SUPPLIED_SEMANTICS	rule insVSs(A:IntSeq, vCons(str(B:IntSeq), R:ValSeq)) => vCons(str(A), vCons(str(B), R)) requires strLt(A, B) orBool A ==K B [concrete]
K0784	reference-semantics/semantics/sort.k	31	supplied-semantics	rule	concrete-only-rule	concrete	FOLLOWS_SELECTED_SUPPLIED_SEMANTICS	rule insVSs(A:IntSeq, vCons(str(B:IntSeq), R:ValSeq)) => vCons(str(B), insVSs(A, R)) requires notBool (strLt(A, B) orBool A ==K B) [concrete]
K0785	reference-semantics/semantics/sort.k	36	supplied-semantics	rule	ordinary-semantic-rule	-	FOLLOWS_SELECTED_SUPPLIED_SEMANTICS	"rule <k> #applyK(toCall(builtinV(""sorted"")), (list(VS:ValSeq), .Vals)) => #alloc(list(sortVS(VS))) ... </k>"
K0786	reference-semantics/semantics/sort.k	40	supplied-semantics	rule	priority-rule	priority	FOLLOWS_SELECTED_SUPPLIED_SEMANTICS	"rule <k> #applyK(toCall(boundMethodV(ref(H:Int), ""sort"")), .Vals) => noneV ... </k> <heap> ... H |-> list(VS:ValSeq => sortVS(VS)) ... </heap> [priority(40)]"
K0787	reference-semantics/semantics/sort.k	49	supplied-semantics	syntax	opaque-symbol-declaration	function,total,symbol,no-evaluators	FOLLOWS_SELECTED_SUPPLIED_SEMANTICS	syntax ValSeq ::= sortKeyVS(ValSeq, Val) [function, total, symbol(sortKeyVS), no-evaluators]
K0788	reference-semantics/semantics/sort.k	51	supplied-semantics	syntax	function-declaration	function,total	FOLLOWS_SELECTED_SUPPLIED_SEMANTICS	syntax ValSeq ::= revVS(ValSeq) [function, total] | revVSAcc(ValSeq, ValSeq) [function, total]
K0789	reference-semantics/semantics/sort.k	53	supplied-semantics	rule	ordinary-semantic-rule	-	FOLLOWS_SELECTED_SUPPLIED_SEMANTICS	rule revVS(S:ValSeq) => revVSAcc(S, .ValSeq)
K0790	reference-semantics/semantics/sort.k	54	supplied-semantics	rule	ordinary-semantic-rule	-	FOLLOWS_SELECTED_SUPPLIED_SEMANTICS	rule revVSAcc(.ValSeq, A:ValSeq) => A
K0791	reference-semantics/semantics/sort.k	55	supplied-semantics	rule	ordinary-semantic-rule	-	FOLLOWS_SELECTED_SUPPLIED_SEMANTICS	rule revVSAcc(vCons(V:Val, R:ValSeq), A:ValSeq) => revVSAcc(R, vCons(V, A))
K0792	reference-semantics/semantics/sort.k	57	supplied-semantics	syntax	function-declaration	function,total	FOLLOWS_SELECTED_SUPPLIED_SEMANTICS	syntax ValSeq ::= condRev(ValSeq, Bool) [function, total]
K0793	reference-semantics/semantics/sort.k	58	supplied-semantics	rule	ordinary-semantic-rule	-	FOLLOWS_SELECTED_SUPPLIED_SEMANTICS	rule condRev(S:ValSeq, false) => S
K0794	reference-semantics/semantics/sort.k	59	supplied-semantics	rule	ordinary-semantic-rule	-	FOLLOWS_SELECTED_SUPPLIED_SEMANTICS	rule condRev(S:ValSeq, true)  => revVS(S)
K0795	reference-semantics/semantics/sort.k	61	supplied-semantics	rule	ordinary-semantic-rule	-	FOLLOWS_SELECTED_SUPPLIED_SEMANTICS	"rule <k> #applyK(toCall(builtinV(""sorted"")), (list(VS:ValSeq), kwV(""key"", KV:Val), .Vals)) => #alloc(list(sortKeyVS(VS, KV))) ... </k>"
K0796	reference-semantics/semantics/sort.k	63	supplied-semantics	rule	ordinary-semantic-rule	-	FOLLOWS_SELECTED_SUPPLIED_SEMANTICS	"rule <k> #applyK(toCall(builtinV(""sorted"")), (list(VS:ValSeq), kwV(""key"", KV:Val), kwV(""reverse"", RB:Bool), .Vals)) => #alloc(list(condRev(sortKeyVS(VS, KV), RB))) ... </k>"
K0797	reference-semantics/semantics/sort.k	65	supplied-semantics	rule	ordinary-semantic-rule	-	FOLLOWS_SELECTED_SUPPLIED_SEMANTICS	"rule <k> #applyK(toCall(builtinV(""sorted"")), (list(VS:ValSeq), kwV(""reverse"", RB:Bool), .Vals)) => #alloc(list(condRev(sortVS(VS), RB))) ... </k>"
K0798	reference-semantics/semantics/str.k	8	supplied-semantics	rule	ordinary-semantic-rule	-	FOLLOWS_SELECTED_SUPPLIED_SEMANTICS	rule <k> #iterNext(str(.IntSeq))                 => #iterDone ... </k>
K0799	reference-semantics/semantics/str.k	9	supplied-semantics	rule	ordinary-semantic-rule	-	FOLLOWS_SELECTED_SUPPLIED_SEMANTICS	rule <k> #iterNext(str(iCons(C:Int, R:IntSeq))) => #iterYield(str(iCons(C, .IntSeq)), str(R)) ... </k>
K0800	reference-semantics/semantics/str.k	13	supplied-semantics	syntax	function-declaration	function	FOLLOWS_SELECTED_SUPPLIED_SEMANTICS	syntax IntSeq ::= strToCodes(String) [function]
K0801	reference-semantics/semantics/str.k	14	supplied-semantics	rule	ordinary-semantic-rule	-	FOLLOWS_SELECTED_SUPPLIED_SEMANTICS	rule <k> Str(S:String) => str(strToCodes(S)) ... </k>
K0802	reference-semantics/semantics/str.k	15	supplied-semantics	rule	ordinary-semantic-rule	-	FOLLOWS_SELECTED_SUPPLIED_SEMANTICS	"rule strToCodes("""") => .IntSeq"
K0803	reference-semantics/semantics/str.k	16	supplied-semantics	rule	ordinary-semantic-rule	-	FOLLOWS_SELECTED_SUPPLIED_SEMANTICS	"rule strToCodes(S:String) => iCons(ordChar(substrString(S, 0, 1)), strToCodes(substrString(S, 1, lengthString(S)))) requires S =/=String """" andBool ordChar(substrString(S, 0, 1)) <Int 128"
K0804	reference-semantics/semantics/str.k	20	supplied-semantics	syntax	function-declaration	function,total	FOLLOWS_SELECTED_SUPPLIED_SEMANTICS	syntax IntSeq ::= seqConcat(IntSeq, IntSeq) [function, total]
K0805	reference-semantics/semantics/str.k	21	supplied-semantics	rule	ordinary-semantic-rule	-	FOLLOWS_SELECTED_SUPPLIED_SEMANTICS	rule seqConcat(.IntSeq, T:IntSeq)                => T
K0806	reference-semantics/semantics/str.k	22	supplied-semantics	rule	ordinary-semantic-rule	-	FOLLOWS_SELECTED_SUPPLIED_SEMANTICS	rule seqConcat(iCons(I:Int, S:IntSeq), T:IntSeq) => iCons(I, seqConcat(S, T))
K0807	reference-semantics/semantics/str.k	24	supplied-semantics	rule	ordinary-semantic-rule	-	FOLLOWS_SELECTED_SUPPLIED_SEMANTICS	"rule applyBin(""+"",  str(A:IntSeq), str(B:IntSeq)) => str(seqConcat(A, B))"
K0808	reference-semantics/semantics/str.k	25	supplied-semantics	rule	ordinary-semantic-rule	-	FOLLOWS_SELECTED_SUPPLIED_SEMANTICS	"rule applyCmp(""=="", str(A:IntSeq), str(B:IntSeq)) => A ==K B"
K0809	reference-semantics/semantics/str.k	26	supplied-semantics	rule	ordinary-semantic-rule	-	FOLLOWS_SELECTED_SUPPLIED_SEMANTICS	"rule applyCmp(""!="", str(A:IntSeq), str(B:IntSeq)) => notBool (A ==K B)"
K0810	reference-semantics/semantics/str.k	29	supplied-semantics	rule	ordinary-semantic-rule	-	FOLLOWS_SELECTED_SUPPLIED_SEMANTICS	"rule applyCmp(""in"",     str(P:IntSeq), str(X:IntSeq)) => strContains(P, X)"
K0811	reference-semantics/semantics/str.k	30	supplied-semantics	rule	ordinary-semantic-rule	-	FOLLOWS_SELECTED_SUPPLIED_SEMANTICS	"rule applyCmp(""not in"", str(P:IntSeq), str(X:IntSeq)) => notBool strContains(P, X)"
K0812	reference-semantics/semantics/str.k	32	supplied-semantics	syntax	function-declaration	function,total	FOLLOWS_SELECTED_SUPPLIED_SEMANTICS	syntax Bool ::= strPrefix(IntSeq, IntSeq) [function, total]
K0813	reference-semantics/semantics/str.k	33	supplied-semantics	rule	ordinary-semantic-rule	-	FOLLOWS_SELECTED_SUPPLIED_SEMANTICS	rule strPrefix(.IntSeq, _:IntSeq)               => true
K0814	reference-semantics/semantics/str.k	34	supplied-semantics	rule	ordinary-semantic-rule	-	FOLLOWS_SELECTED_SUPPLIED_SEMANTICS	rule strPrefix(iCons(_:Int, _:IntSeq), .IntSeq) => false
K0815	reference-semantics/semantics/str.k	35	supplied-semantics	rule	ordinary-semantic-rule	-	FOLLOWS_SELECTED_SUPPLIED_SEMANTICS	rule strPrefix(iCons(A:Int, As:IntSeq), iCons(B:Int, Bs:IntSeq)) => A ==Int B andBool strPrefix(As, Bs)
K0816	reference-semantics/semantics/str.k	37	supplied-semantics	syntax	function-declaration	function,total	FOLLOWS_SELECTED_SUPPLIED_SEMANTICS	syntax Bool ::= strContains(IntSeq, IntSeq) [function, total]
K0817	reference-semantics/semantics/str.k	38	supplied-semantics	rule	ordinary-semantic-rule	-	FOLLOWS_SELECTED_SUPPLIED_SEMANTICS	rule strContains(P:IntSeq, X:IntSeq) => true  requires strPrefix(P, X)
K0818	reference-semantics/semantics/str.k	39	supplied-semantics	rule	ordinary-semantic-rule	-	FOLLOWS_SELECTED_SUPPLIED_SEMANTICS	rule strContains(P:IntSeq, .IntSeq)  => false requires notBool strPrefix(P, .IntSeq)
K0819	reference-semantics/semantics/str.k	40	supplied-semantics	rule	ordinary-semantic-rule	-	FOLLOWS_SELECTED_SUPPLIED_SEMANTICS	rule strContains(P:IntSeq, iCons(C:Int, Xs:IntSeq)) => strContains(P, Xs) requires notBool strPrefix(P, iCons(C, Xs))
K0820	reference-semantics/semantics/str.k	48	supplied-semantics	syntax	function-declaration	function,total	FOLLOWS_SELECTED_SUPPLIED_SEMANTICS	syntax Bool ::= strLt(IntSeq, IntSeq) [function, total]
K0821	reference-semantics/semantics/str.k	49	supplied-semantics	rule	ordinary-semantic-rule	-	FOLLOWS_SELECTED_SUPPLIED_SEMANTICS	rule strLt(.IntSeq, .IntSeq)                => false
K0822	reference-semantics/semantics/str.k	50	supplied-semantics	rule	ordinary-semantic-rule	-	FOLLOWS_SELECTED_SUPPLIED_SEMANTICS	rule strLt(.IntSeq, iCons(_:Int, _:IntSeq)) => true
K0823	reference-semantics/semantics/str.k	51	supplied-semantics	rule	ordinary-semantic-rule	-	FOLLOWS_SELECTED_SUPPLIED_SEMANTICS	rule strLt(iCons(_:Int, _:IntSeq), .IntSeq) => false
K0824	reference-semantics/semantics/str.k	52	supplied-semantics	rule	ordinary-semantic-rule	-	FOLLOWS_SELECTED_SUPPLIED_SEMANTICS	rule strLt(iCons(A:Int, As:IntSeq), iCons(B:Int, Bs:IntSeq)) => true          requires A  <Int B
K0825	reference-semantics/semantics/str.k	53	supplied-semantics	rule	ordinary-semantic-rule	-	FOLLOWS_SELECTED_SUPPLIED_SEMANTICS	rule strLt(iCons(A:Int, As:IntSeq), iCons(B:Int, Bs:IntSeq)) => false         requires A  >Int B
K0826	reference-semantics/semantics/str.k	54	supplied-semantics	rule	ordinary-semantic-rule	-	FOLLOWS_SELECTED_SUPPLIED_SEMANTICS	rule strLt(iCons(A:Int, As:IntSeq), iCons(B:Int, Bs:IntSeq)) => strLt(As, Bs) requires A ==Int B
K0827	reference-semantics/semantics/str.k	56	supplied-semantics	rule	ordinary-semantic-rule	-	FOLLOWS_SELECTED_SUPPLIED_SEMANTICS	"rule applyCmp(""<"",  str(A:IntSeq), str(B:IntSeq)) => strLt(A, B)"
K0828	reference-semantics/semantics/str.k	57	supplied-semantics	rule	ordinary-semantic-rule	-	FOLLOWS_SELECTED_SUPPLIED_SEMANTICS	"rule applyCmp("">"",  str(A:IntSeq), str(B:IntSeq)) => strLt(B, A)"
K0829	reference-semantics/semantics/str.k	58	supplied-semantics	rule	ordinary-semantic-rule	-	FOLLOWS_SELECTED_SUPPLIED_SEMANTICS	"rule applyCmp(""<="", str(A:IntSeq), str(B:IntSeq)) => notBool strLt(B, A)"
K0830	reference-semantics/semantics/str.k	59	supplied-semantics	rule	ordinary-semantic-rule	-	FOLLOWS_SELECTED_SUPPLIED_SEMANTICS	"rule applyCmp("">="", str(A:IntSeq), str(B:IntSeq)) => notBool strLt(A, B)"
K0831	reference-semantics/semantics/subscript.k	11	supplied-semantics	syntax	function-declaration	function,total	FOLLOWS_SELECTED_SUPPLIED_SEMANTICS	syntax Val ::= valSeqAt(ValSeq, Int) [function, total]
K0832	reference-semantics/semantics/subscript.k	12	supplied-semantics	rule	ordinary-semantic-rule	-	FOLLOWS_SELECTED_SUPPLIED_SEMANTICS	rule valSeqAt(vCons(V:Val, _:ValSeq), 0)     => V
K0833	reference-semantics/semantics/subscript.k	13	supplied-semantics	rule	ordinary-semantic-rule	-	FOLLOWS_SELECTED_SUPPLIED_SEMANTICS	rule valSeqAt(vCons(_:Val, S:ValSeq), I:Int) => valSeqAt(S, I -Int 1) requires I >Int 0
K0834	reference-semantics/semantics/subscript.k	16	supplied-semantics	syntax	function-declaration	function	FOLLOWS_SELECTED_SUPPLIED_SEMANTICS	syntax Int ::= intSeqAt(IntSeq, Int) [function]
K0835	reference-semantics/semantics/subscript.k	17	supplied-semantics	rule	ordinary-semantic-rule	-	FOLLOWS_SELECTED_SUPPLIED_SEMANTICS	rule intSeqAt(iCons(C:Int, _:IntSeq), 0)     => C
K0836	reference-semantics/semantics/subscript.k	18	supplied-semantics	rule	ordinary-semantic-rule	-	FOLLOWS_SELECTED_SUPPLIED_SEMANTICS	rule intSeqAt(iCons(_:Int, S:IntSeq), I:Int) => intSeqAt(S, I -Int 1) requires I >Int 0
K0837	reference-semantics/semantics/subscript.k	21	supplied-semantics	syntax	function-declaration	function,total	FOLLOWS_SELECTED_SUPPLIED_SEMANTICS	syntax Int ::= normIdx(Int, Int) [function, total]
K0838	reference-semantics/semantics/subscript.k	22	supplied-semantics	rule	ordinary-semantic-rule	-	FOLLOWS_SELECTED_SUPPLIED_SEMANTICS	rule normIdx(I:Int, LEN:Int) => I +Int LEN requires I  <Int 0
K0839	reference-semantics/semantics/subscript.k	23	supplied-semantics	rule	ordinary-semantic-rule	-	FOLLOWS_SELECTED_SUPPLIED_SEMANTICS	rule normIdx(I:Int, _:Int)   => I          requires I >=Int 0
K0840	reference-semantics/semantics/subscript.k	27	supplied-semantics	context	context	-	FOLLOWS_SELECTED_SUPPLIED_SEMANTICS	context Subscript(HOLE, _)
K0841	reference-semantics/semantics/subscript.k	28	supplied-semantics	context	context	-	FOLLOWS_SELECTED_SUPPLIED_SEMANTICS	context Subscript(_:Val, HOLE:Expr)
K0842	reference-semantics/semantics/subscript.k	31	supplied-semantics	rule	priority-rule	priority	FOLLOWS_SELECTED_SUPPLIED_SEMANTICS	rule <k> Subscript(ref(H:Int), IX:Index) => Subscript(V, IX) ... </k> <heap> ... H |-> V:Val ... </heap> [priority(40)]
K0843	reference-semantics/semantics/subscript.k	35	supplied-semantics	rule	ordinary-semantic-rule	-	FOLLOWS_SELECTED_SUPPLIED_SEMANTICS	rule <k> Subscript(OBJ:Val, I:Int) => applyIndex(OBJ, I) ... </k>
K0844	reference-semantics/semantics/subscript.k	37	supplied-semantics	syntax	function-declaration	function	FOLLOWS_SELECTED_SUPPLIED_SEMANTICS	syntax Val ::= applyIndex(Val, Int) [function]
K0845	reference-semantics/semantics/subscript.k	38	supplied-semantics	rule	ordinary-semantic-rule	-	FOLLOWS_SELECTED_SUPPLIED_SEMANTICS	rule applyIndex(list(VS:ValSeq),  I:Int) => valSeqAt(VS, normIdx(I, vsLen(VS)))
K0846	reference-semantics/semantics/subscript.k	39	supplied-semantics	rule	ordinary-semantic-rule	-	FOLLOWS_SELECTED_SUPPLIED_SEMANTICS	rule applyIndex(tuple(VS:ValSeq), I:Int) => valSeqAt(VS, normIdx(I, vsLen(VS)))
K0847	reference-semantics/semantics/subscript.k	40	supplied-semantics	rule	ordinary-semantic-rule	-	FOLLOWS_SELECTED_SUPPLIED_SEMANTICS	rule applyIndex(str(IS:IntSeq),   I:Int) => str(iCons(intSeqAt(IS, normIdx(I, isLen(IS))), .IntSeq))
K0848	reference-semantics/semantics/subscript.k	44	supplied-semantics	syntax	syntax-declaration	-	FOLLOWS_SELECTED_SUPPLIED_SEMANTICS	"syntax KItem ::= #evalB(Bound) | ""#toSome"" | #slLo(Val, Bound, Bound) | #slHi(Val, OptInt, Bound) | #slStep(Val, OptInt, OptInt)"
K0849	reference-semantics/semantics/subscript.k	49	supplied-semantics	syntax	syntax-declaration	-	FOLLOWS_SELECTED_SUPPLIED_SEMANTICS	"syntax OptInt ::= ""noB"" | someB(Int)"
K0850	reference-semantics/semantics/subscript.k	50	supplied-semantics	rule	ordinary-semantic-rule	-	FOLLOWS_SELECTED_SUPPLIED_SEMANTICS	rule <k> #evalB(NoBound)  => noB ... </k>
K0851	reference-semantics/semantics/subscript.k	51	supplied-semantics	rule	ordinary-semantic-rule	-	FOLLOWS_SELECTED_SUPPLIED_SEMANTICS	rule <k> #evalB(E:Expr)   => E ~> #toSome ... </k>
K0852	reference-semantics/semantics/subscript.k	52	supplied-semantics	rule	ordinary-semantic-rule	-	FOLLOWS_SELECTED_SUPPLIED_SEMANTICS	rule <k> I:Int ~> #toSome => someB(I) ... </k>
K0853	reference-semantics/semantics/subscript.k	54	supplied-semantics	rule	ordinary-semantic-rule	-	FOLLOWS_SELECTED_SUPPLIED_SEMANTICS	rule <k> Subscript(OBJ:Val, Slice(LO:Bound, HI:Bound, ST:Bound)) => #evalB(LO) ~> #slLo(OBJ, HI, ST) ... </k>
K0854	reference-semantics/semantics/subscript.k	55	supplied-semantics	rule	ordinary-semantic-rule	-	FOLLOWS_SELECTED_SUPPLIED_SEMANTICS	rule <k> LO:OptInt ~> #slLo(OBJ:Val, HI:Bound, ST:Bound)   => #evalB(HI) ~> #slHi(OBJ, LO, ST) ... </k>
K0855	reference-semantics/semantics/subscript.k	56	supplied-semantics	rule	ordinary-semantic-rule	-	FOLLOWS_SELECTED_SUPPLIED_SEMANTICS	rule <k> HI:OptInt ~> #slHi(OBJ:Val, LO:OptInt, ST:Bound)  => #evalB(ST) ~> #slStep(OBJ, LO, HI) ... </k>
K0856	reference-semantics/semantics/subscript.k	58	supplied-semantics	rule	priority-rule	priority	FOLLOWS_SELECTED_SUPPLIED_SEMANTICS	rule <k> ST:OptInt ~> #slStep(list(VS:ValSeq), LO:OptInt, HI:OptInt) => #alloc(doSlice(list(VS), LO, HI, ST)) ... </k> [priority(45)]
K0857	reference-semantics/semantics/subscript.k	61	supplied-semantics	rule	ordinary-semantic-rule	-	FOLLOWS_SELECTED_SUPPLIED_SEMANTICS	rule <k> ST:OptInt ~> #slStep(OBJ:Val, LO:OptInt, HI:OptInt) => doSlice(OBJ, LO, HI, ST) ... </k>
K0858	reference-semantics/semantics/subscript.k	63	supplied-semantics	syntax	function-declaration	function	FOLLOWS_SELECTED_SUPPLIED_SEMANTICS	syntax Val ::= doSlice(Val, OptInt, OptInt, OptInt) [function]
K0859	reference-semantics/semantics/subscript.k	64	supplied-semantics	rule	ordinary-semantic-rule	-	FOLLOWS_SELECTED_SUPPLIED_SEMANTICS	rule doSlice(list(VS:ValSeq), LO:OptInt, HI:OptInt, ST:OptInt) => list(buildVS(VS, slStart(LO, ST, vsLen(VS)), slStop(HI, ST, vsLen(VS)), slStep(ST)))
K0860	reference-semantics/semantics/subscript.k	66	supplied-semantics	rule	ordinary-semantic-rule	-	FOLLOWS_SELECTED_SUPPLIED_SEMANTICS	rule doSlice(tuple(VS:ValSeq), LO:OptInt, HI:OptInt, ST:OptInt) => tuple(buildVS(VS, slStart(LO, ST, vsLen(VS)), slStop(HI, ST, vsLen(VS)), slStep(ST)))
K0861	reference-semantics/semantics/subscript.k	68	supplied-semantics	rule	ordinary-semantic-rule	-	FOLLOWS_SELECTED_SUPPLIED_SEMANTICS	rule doSlice(str(IS:IntSeq), LO:OptInt, HI:OptInt, ST:OptInt) => str(buildIS(IS, slStart(LO, ST, isLen(IS)), slStop(HI, ST, isLen(IS)), slStep(ST)))
K0862	reference-semantics/semantics/subscript.k	72	supplied-semantics	syntax	function-declaration	function,total	FOLLOWS_SELECTED_SUPPLIED_SEMANTICS	syntax Int ::= slStep(OptInt) [function, total]
K0863	reference-semantics/semantics/subscript.k	73	supplied-semantics	rule	ordinary-semantic-rule	-	FOLLOWS_SELECTED_SUPPLIED_SEMANTICS	rule slStep(noB)          => 1
K0864	reference-semantics/semantics/subscript.k	74	supplied-semantics	rule	ordinary-semantic-rule	-	FOLLOWS_SELECTED_SUPPLIED_SEMANTICS	rule slStep(someB(S:Int)) => S
K0865	reference-semantics/semantics/subscript.k	76	supplied-semantics	syntax	function-declaration	function	FOLLOWS_SELECTED_SUPPLIED_SEMANTICS	syntax Int ::= slStart(OptInt, OptInt, Int) [function]
K0866	reference-semantics/semantics/subscript.k	77	supplied-semantics	rule	ordinary-semantic-rule	-	FOLLOWS_SELECTED_SUPPLIED_SEMANTICS	rule slStart(noB,          ST:OptInt, _LEN:Int) => 0 requires slStep(ST) >Int 0
K0867	reference-semantics/semantics/subscript.k	79	supplied-semantics	rule	ordinary-semantic-rule	-	FOLLOWS_SELECTED_SUPPLIED_SEMANTICS	rule slStart(noB,          ST:OptInt, LEN:Int)  => LEN -Int 1 requires slStep(ST) <Int 0
K0868	reference-semantics/semantics/subscript.k	81	supplied-semantics	rule	ordinary-semantic-rule	-	FOLLOWS_SELECTED_SUPPLIED_SEMANTICS	rule slStart(someB(I:Int), ST:OptInt, LEN:Int)  => slAdjust(I, LEN, slStep(ST))
K0869	reference-semantics/semantics/subscript.k	83	supplied-semantics	syntax	function-declaration	function	FOLLOWS_SELECTED_SUPPLIED_SEMANTICS	syntax Int ::= slStop(OptInt, OptInt, Int) [function]
K0870	reference-semantics/semantics/subscript.k	84	supplied-semantics	rule	ordinary-semantic-rule	-	FOLLOWS_SELECTED_SUPPLIED_SEMANTICS	rule slStop(noB,          ST:OptInt, LEN:Int)  => LEN requires slStep(ST) >Int 0
K0871	reference-semantics/semantics/subscript.k	86	supplied-semantics	rule	ordinary-semantic-rule	-	FOLLOWS_SELECTED_SUPPLIED_SEMANTICS	rule slStop(noB,          ST:OptInt, _LEN:Int) => -1 requires slStep(ST) <Int 0
K0872	reference-semantics/semantics/subscript.k	88	supplied-semantics	rule	ordinary-semantic-rule	-	FOLLOWS_SELECTED_SUPPLIED_SEMANTICS	rule slStop(someB(I:Int), ST:OptInt, LEN:Int)  => slAdjust(I, LEN, slStep(ST))
K0873	reference-semantics/semantics/subscript.k	90	supplied-semantics	syntax	function-declaration	function,total	FOLLOWS_SELECTED_SUPPLIED_SEMANTICS	syntax Int ::= slAdjust(Int, Int, Int) [function, total]
K0874	reference-semantics/semantics/subscript.k	91	supplied-semantics	rule	ordinary-semantic-rule	-	FOLLOWS_SELECTED_SUPPLIED_SEMANTICS	rule slAdjust(I:Int, LEN:Int, STEP:Int) => clampLo(I +Int LEN, STEP) requires I  <Int 0
K0875	reference-semantics/semantics/subscript.k	93	supplied-semantics	rule	ordinary-semantic-rule	-	FOLLOWS_SELECTED_SUPPLIED_SEMANTICS	rule slAdjust(I:Int, LEN:Int, STEP:Int) => clampHi(I, LEN, STEP) requires I >=Int 0
K0876	reference-semantics/semantics/subscript.k	96	supplied-semantics	syntax	function-declaration	function,total	FOLLOWS_SELECTED_SUPPLIED_SEMANTICS	syntax Int ::= clampLo(Int, Int) [function, total]
K0877	reference-semantics/semantics/subscript.k	97	supplied-semantics	rule	ordinary-semantic-rule	-	FOLLOWS_SELECTED_SUPPLIED_SEMANTICS	rule clampLo(J:Int, _STEP:Int) => J requires J >=Int 0
K0878	reference-semantics/semantics/subscript.k	99	supplied-semantics	rule	ordinary-semantic-rule	-	FOLLOWS_SELECTED_SUPPLIED_SEMANTICS	rule clampLo(J:Int, STEP:Int)  => #if STEP <Int 0 #then -1 #else 0 #fi requires J <Int 0
K0879	reference-semantics/semantics/subscript.k	102	supplied-semantics	syntax	function-declaration	function,total	FOLLOWS_SELECTED_SUPPLIED_SEMANTICS	syntax Int ::= clampHi(Int, Int, Int) [function, total]
K0880	reference-semantics/semantics/subscript.k	103	supplied-semantics	rule	ordinary-semantic-rule	-	FOLLOWS_SELECTED_SUPPLIED_SEMANTICS	rule clampHi(I:Int, LEN:Int, _STEP:Int) => I requires I  <Int LEN
K0881	reference-semantics/semantics/subscript.k	105	supplied-semantics	rule	ordinary-semantic-rule	-	FOLLOWS_SELECTED_SUPPLIED_SEMANTICS	rule clampHi(I:Int, LEN:Int, STEP:Int)  => #if STEP <Int 0 #then LEN -Int 1 #else LEN #fi requires I >=Int LEN
K0882	reference-semantics/semantics/subscript.k	109	supplied-semantics	syntax	function-declaration	function	FOLLOWS_SELECTED_SUPPLIED_SEMANTICS	syntax ValSeq ::= buildVS(ValSeq, Int, Int, Int) [function]
K0883	reference-semantics/semantics/subscript.k	110	supplied-semantics	rule	ordinary-semantic-rule	-	FOLLOWS_SELECTED_SUPPLIED_SEMANTICS	rule buildVS(VS:ValSeq, I:Int, STOP:Int, STEP:Int) => vCons(valSeqAt(VS, I), buildVS(VS, I +Int STEP, STOP, STEP)) requires (STEP >Int 0 andBool I <Int STOP) orBool (STEP <Int 0 andBool I >Int STOP)
K0884	reference-semantics/semantics/subscript.k	113	supplied-semantics	rule	ordinary-semantic-rule	-	FOLLOWS_SELECTED_SUPPLIED_SEMANTICS	rule buildVS(_:ValSeq, I:Int, STOP:Int, STEP:Int) => .ValSeq requires notBool ((STEP >Int 0 andBool I <Int STOP) orBool (STEP <Int 0 andBool I >Int STOP))
K0885	reference-semantics/semantics/subscript.k	116	supplied-semantics	syntax	function-declaration	function	FOLLOWS_SELECTED_SUPPLIED_SEMANTICS	syntax IntSeq ::= buildIS(IntSeq, Int, Int, Int) [function]
K0886	reference-semantics/semantics/subscript.k	117	supplied-semantics	rule	ordinary-semantic-rule	-	FOLLOWS_SELECTED_SUPPLIED_SEMANTICS	rule buildIS(IS:IntSeq, I:Int, STOP:Int, STEP:Int) => iCons(intSeqAt(IS, I), buildIS(IS, I +Int STEP, STOP, STEP)) requires (STEP >Int 0 andBool I <Int STOP) orBool (STEP <Int 0 andBool I >Int STOP)
K0887	reference-semantics/semantics/subscript.k	120	supplied-semantics	rule	ordinary-semantic-rule	-	FOLLOWS_SELECTED_SUPPLIED_SEMANTICS	rule buildIS(_:IntSeq, I:Int, STOP:Int, STEP:Int) => .IntSeq requires notBool ((STEP >Int 0 andBool I <Int STOP) orBool (STEP <Int 0 andBool I >Int STOP))
K0888	reference-semantics/semantics/syntax.k	9	supplied-semantics	syntax	macro-declaration	macro	FOLLOWS_SELECTED_SUPPLIED_SEMANTICS	"syntax Expr ::= ""Int""      ""("" Int "")"" | ""Float""    ""("" Float "")"" | ""Bool""     ""("" Bool "")"" | ""Name""     ""("" String "")"" | ""Str""      ""("" String "")"" | ""UnaryOp""  ""("" String "","" Expr "")"" [strict(2)] | ""BinOp""    ""("" String "","" Expr "","" Expr "")"" [seqstrict(2, 3)] | ""BoolOp""    ""("" String "","" Exprs "")"" | ""ListExpr""  ""("" Exprs "")"" | ""DictExpr""  ""("" Entries "")"" | ""ListComp""  ""("" Expr "","" CompFors "")"" [macro] | ""GenExp""    ""("" Expr "","" CompFors "")"" [macro] | ""TupleExpr"" ""("" Exprs "")"" | ""Subscript"" ""("" Expr "","" Index "")"" | ""IfExp""     ""("" Expr "","" Expr "","" Expr "")"" [strict(1)] | ""Lambda""    ""("" Params "","" Expr "")"" | ""KwArg""     ""("" String "","" Expr "")"" | ""Lambda""    ""("" Params "","" CellVars "","" FreeVars "","" Expr "")"" | ""NoneVal"" | ""Call""      ""("" Expr "","" Exprs "")"" | ""Attribute"" ""("" Expr "","" String "")"" [strict(1)] | ""Compare""   ""("" Expr "","" CmpOp "")"""
K0889	reference-semantics/semantics/syntax.k	32	supplied-semantics	syntax	syntax-declaration	-	FOLLOWS_SELECTED_SUPPLIED_SEMANTICS	"syntax CmpOp    ::= ""CmpOp"" ""("" String "","" Expr "")"""
K0890	reference-semantics/semantics/syntax.k	33	supplied-semantics	syntax	syntax-declaration	-	FOLLOWS_SELECTED_SUPPLIED_SEMANTICS	"syntax Entry    ::= ""Entry"" ""("" Expr "","" Expr "")"""
K0891	reference-semantics/semantics/syntax.k	34	supplied-semantics	syntax	syntax-declaration	-	FOLLOWS_SELECTED_SUPPLIED_SEMANTICS	"syntax Entries  ::= List{Entry, "",""}"
K0892	reference-semantics/semantics/syntax.k	35	supplied-semantics	syntax	syntax-declaration	-	FOLLOWS_SELECTED_SUPPLIED_SEMANTICS	"syntax CompFor  ::= ""CompFor"" ""("" Expr "","" Expr "","" Exprs "")"""
K0893	reference-semantics/semantics/syntax.k	36	supplied-semantics	syntax	syntax-declaration	-	FOLLOWS_SELECTED_SUPPLIED_SEMANTICS	"syntax CompFors ::= List{CompFor, """"}"
K0894	reference-semantics/semantics/syntax.k	37	supplied-semantics	syntax	syntax-declaration	-	FOLLOWS_SELECTED_SUPPLIED_SEMANTICS	"syntax Exprs    ::= List{Expr, "",""}"
K0895	reference-semantics/semantics/syntax.k	38	supplied-semantics	syntax	syntax-declaration	-	FOLLOWS_SELECTED_SUPPLIED_SEMANTICS	"syntax Index    ::= Expr | ""Slice"" ""("" Bound "","" Bound "","" Bound "")"""
K0896	reference-semantics/semantics/syntax.k	39	supplied-semantics	syntax	syntax-declaration	-	FOLLOWS_SELECTED_SUPPLIED_SEMANTICS	"syntax Bound    ::= Expr | ""NoBound"""
K0897	reference-semantics/semantics/syntax.k	41	supplied-semantics	syntax	syntax-declaration	-	FOLLOWS_SELECTED_SUPPLIED_SEMANTICS	"syntax Stmt ::= ""Assign""    ""("" Expr "","" Expr "")"" [strict(2)] | ""Import""    ""("" String "")"" | ""ImportFrom"" ""("" String "","" ParamNames "")"" | ""AugAssign"" ""("" Expr "","" String "","" Expr "")"" [strict(3)] | ""For""       ""("" Expr "","" Expr "","" Stmts "")"" [strict(2)] | ""While""     ""("" Expr "","" Stmts "")"" | ""Break"" | ""Continue"" | ""If""        ""("" Expr "","" Stmts "","" Stmts "")"" [strict(1)] | ""Return""    ""("" Expr "")"" [strict] | ""Assert""    ""("" Expr "")"" [strict] | ""Expr""      ""("" Expr "")"" [strict] | ""FuncDef""   ""("" String "","" Params "","" Stmts "")"" | ""FuncDef""   ""("" String "","" Params "","" CellVars "","" FreeVars "","" Stmts "")"""
K0898	reference-semantics/semantics/syntax.k	56	supplied-semantics	syntax	syntax-declaration	-	FOLLOWS_SELECTED_SUPPLIED_SEMANTICS	"syntax Stmts      ::= List{Stmt, """"}"
K0899	reference-semantics/semantics/syntax.k	57	supplied-semantics	syntax	syntax-declaration	-	FOLLOWS_SELECTED_SUPPLIED_SEMANTICS	"syntax Params     ::= ""Params"" ""("" ParamNames "")"""
K0900	reference-semantics/semantics/syntax.k	58	supplied-semantics	syntax	syntax-declaration	-	FOLLOWS_SELECTED_SUPPLIED_SEMANTICS	"syntax CellVars   ::= ""CellVars"" ""("" ParamNames "")"""
K0901	reference-semantics/semantics/syntax.k	59	supplied-semantics	syntax	syntax-declaration	-	FOLLOWS_SELECTED_SUPPLIED_SEMANTICS	"syntax FreeVars   ::= ""FreeVars"" ""("" ParamNames "")"""
K0902	reference-semantics/semantics/syntax.k	60	supplied-semantics	syntax	syntax-declaration	-	FOLLOWS_SELECTED_SUPPLIED_SEMANTICS	"syntax ParamNames ::= List{String, "",""}"
K0903	reference-semantics/semantics/syntax.k	61	supplied-semantics	syntax	syntax-declaration	-	FOLLOWS_SELECTED_SUPPLIED_SEMANTICS	"syntax Module     ::= ""Module"" ""("" Stmts "")"""
K0904	reference-semantics/semantics/tuple.k	10	supplied-semantics	rule	ordinary-semantic-rule	-	FOLLOWS_SELECTED_SUPPLIED_SEMANTICS	rule <k> #iterNext(tuple(.ValSeq))                => #iterDone ... </k>
K0905	reference-semantics/semantics/tuple.k	11	supplied-semantics	rule	ordinary-semantic-rule	-	FOLLOWS_SELECTED_SUPPLIED_SEMANTICS	rule <k> #iterNext(tuple(vCons(V:Val, R:ValSeq))) => #iterYield(V, tuple(R)) ... </k>
K0906	reference-semantics/semantics/tuple.k	14	supplied-semantics	syntax	syntax-declaration	-	FOLLOWS_SELECTED_SUPPLIED_SEMANTICS	"syntax ApplyK ::= ""toTuple"""
K0907	reference-semantics/semantics/tuple.k	15	supplied-semantics	rule	ordinary-semantic-rule	-	FOLLOWS_SELECTED_SUPPLIED_SEMANTICS	rule <k> TupleExpr(ES:Exprs) => #evalArgs(ES, .Vals, toTuple) ... </k>
K0908	reference-semantics/semantics/tuple.k	16	supplied-semantics	rule	ordinary-semantic-rule	-	FOLLOWS_SELECTED_SUPPLIED_SEMANTICS	rule <k> #applyK(toTuple, ACC:Vals) => tuple(vals2valSeq(ACC)) ... </k>
K0909	reference-semantics/semantics/tuple.k	18	supplied-semantics	rule	ordinary-semantic-rule	-	FOLLOWS_SELECTED_SUPPLIED_SEMANTICS	"rule applyCmp(""=="", tuple(A:ValSeq), tuple(B:ValSeq)) => A ==K B"
K0910	reference-semantics/semantics/tuple.k	20	supplied-semantics	rule	ordinary-semantic-rule	-	FOLLOWS_SELECTED_SUPPLIED_SEMANTICS	"rule <k> Compare(LV:Val, CmpOp(""in"",     tuple(VS:ValSeq))) => #memberAcc(LV, tuple(VS)) ... </k>"
K0911	reference-semantics/semantics/tuple.k	21	supplied-semantics	rule	ordinary-semantic-rule	-	FOLLOWS_SELECTED_SUPPLIED_SEMANTICS	"rule <k> Compare(LV:Val, CmpOp(""not in"", tuple(VS:ValSeq))) => #memberAcc(LV, tuple(VS)) ~> #notB ... </k>"
K0912	reference-semantics/semantics/tuple.k	23	supplied-semantics	rule	ordinary-semantic-rule	-	FOLLOWS_SELECTED_SUPPLIED_SEMANTICS	"rule applyMethod(tuple(VS:ValSeq), ""index"", V:Val, .Vals) => idxOfVS(VS, V, 0)"
K0913	reference-semantics/semantics/tuple.k	24	supplied-semantics	syntax	function-declaration	function	FOLLOWS_SELECTED_SUPPLIED_SEMANTICS	syntax Int ::= idxOfVS(ValSeq, Val, Int) [function]
K0914	reference-semantics/semantics/tuple.k	25	supplied-semantics	rule	ordinary-semantic-rule	-	FOLLOWS_SELECTED_SUPPLIED_SEMANTICS	rule idxOfVS(vCons(A:Val, _:ValSeq), V:Val, I:Int) => I requires A ==K V
K0915	reference-semantics/semantics/tuple.k	26	supplied-semantics	rule	ordinary-semantic-rule	-	FOLLOWS_SELECTED_SUPPLIED_SEMANTICS	rule idxOfVS(vCons(A:Val, R:ValSeq), V:Val, I:Int) => idxOfVS(R, V, I +Int 1) requires notBool (A ==K V)
K0916	reference-semantics/semantics/tuple.k	28	supplied-semantics	rule	ordinary-semantic-rule	-	FOLLOWS_SELECTED_SUPPLIED_SEMANTICS	"rule applyCmp(""!="", tuple(A:ValSeq), tuple(B:ValSeq)) => notBool (A ==K B)"
K0917	reference-semantics/semantics/tuple.k	31	supplied-semantics	syntax	syntax-declaration	-	FOLLOWS_SELECTED_SUPPLIED_SEMANTICS	syntax KItem ::= #bindTgt(Expr, Val)
K0918	reference-semantics/semantics/tuple.k	32	supplied-semantics	rule	ordinary-semantic-rule	-	FOLLOWS_SELECTED_SUPPLIED_SEMANTICS	rule <k> #bindTgt(Name(X:String), V:Val) => .K ... </k> <env> L:Int </env> <scopes> ... L |-> scope(M:Map => M [ X <- V ], _) ... </scopes>
K0919	reference-semantics/semantics/tuple.k	35	supplied-semantics	rule	priority-rule	priority	FOLLOWS_SELECTED_SUPPLIED_SEMANTICS	"rule <k> #bindTgt(Name(X:String), V:Val) => #cellW({M[X]}:>Val, V) ... </k> <env> L:Int </env> <scopes> ... L |-> scope(M:Map, _) ... </scopes> requires ""$cells"" in_keys(M) andBool pnMember(X, cellsOf({M[""$cells""]}:>Val)) andBool X in_keys(M) andBool isCellRef({M[X]}:>Val) [priority(40)]"
K0920	reference-semantics/semantics/tuple.k	42	supplied-semantics	rule	ordinary-semantic-rule	-	FOLLOWS_SELECTED_SUPPLIED_SEMANTICS	rule <k> #bindTgt(TupleExpr(TS:Exprs), tuple(VS:ValSeq)) => #unpackSeq(TS, VS) ... </k>
K0921	reference-semantics/semantics/tuple.k	43	supplied-semantics	rule	ordinary-semantic-rule	-	FOLLOWS_SELECTED_SUPPLIED_SEMANTICS	rule <k> #bindTgt(TupleExpr(TS:Exprs), list(VS:ValSeq))  => #unpackSeq(TS, VS) ... </k>
K0922	reference-semantics/semantics/tuple.k	44	supplied-semantics	rule	priority-rule	priority	FOLLOWS_SELECTED_SUPPLIED_SEMANTICS	rule <k> #bindTgt(TupleExpr(TS:Exprs), ref(H:Int)) => #bindTgt(TupleExpr(TS), V) ... </k> <heap> ... H |-> V:Val ... </heap> [priority(40)]
K0923	reference-semantics/semantics/tuple.k	49	supplied-semantics	syntax	syntax-declaration	-	FOLLOWS_SELECTED_SUPPLIED_SEMANTICS	syntax KItem ::= #unpackSeq(Exprs, ValSeq)
K0924	reference-semantics/semantics/tuple.k	50	supplied-semantics	rule	ordinary-semantic-rule	-	FOLLOWS_SELECTED_SUPPLIED_SEMANTICS	rule <k> Assign(TupleExpr(TS:Exprs), tuple(VS:ValSeq)) => #unpackSeq(TS, VS) ... </k>
K0925	reference-semantics/semantics/tuple.k	51	supplied-semantics	rule	ordinary-semantic-rule	-	FOLLOWS_SELECTED_SUPPLIED_SEMANTICS	rule <k> Assign(TupleExpr(TS:Exprs), list(VS:ValSeq))  => #unpackSeq(TS, VS) ... </k>
K0926	reference-semantics/semantics/tuple.k	52	supplied-semantics	rule	priority-rule	priority	FOLLOWS_SELECTED_SUPPLIED_SEMANTICS	rule <k> Assign(TupleExpr(TS:Exprs), ref(H:Int)) => Assign(TupleExpr(TS), V) ... </k> <heap> ... H |-> V:Val ... </heap> [priority(40)]
K0927	reference-semantics/semantics/tuple.k	55	supplied-semantics	rule	ordinary-semantic-rule	-	FOLLOWS_SELECTED_SUPPLIED_SEMANTICS	rule <k> #unpackSeq((T:Expr, TS:Exprs), vCons(V:Val, VS:ValSeq)) => #bindTgt(T, V) ~> #unpackSeq(TS, VS) ... </k>
K0928	reference-semantics/semantics/tuple.k	57	supplied-semantics	rule	ordinary-semantic-rule	-	FOLLOWS_SELECTED_SUPPLIED_SEMANTICS	rule <k> #unpackSeq(.Exprs, .ValSeq) => .K ... </k>
K0929	verification.k	8	proof-local	syntax	function-declaration	function,total	REVIEWED_WELL_FOUNDED_DEFINITION	syntax Int ::= countUpperFrom(IntSeq, Bool) [function, total]
K0930	verification.k	10	proof-local	rule	ordinary-semantic-rule	-	REVIEWED_SOUND_ORDINARY_MATHEMATICS	rule countUpperFrom(.IntSeq, _:Bool) => 0
K0931	verification.k	11	proof-local	rule	ordinary-semantic-rule	-	REVIEWED_SOUND_ORDINARY_MATHEMATICS	"rule countUpperFrom(iCons(C:Int, REST:IntSeq), EVEN:Bool) => (#if EVEN andBool strContains( iCons(C, .IntSeq), strToCodes(""AEIOU"")) #then 1 #else 0 #fi) +Int countUpperFrom(REST, notBool EVEN)"
K0932	spec.k	9	specification	claim	claim	-	PROOF_OBLIGATION_NOT_ASSUMED_AS_RULE	"claim <k> #loop( str(S:IntSeq), Name(""ch""), AugAssign( Name(""count""), ""+"", BoolOp( ""and"", Name(""even""), Compare(Name(""ch""), CmpOp(""in"", Str(""AEIOU""))))) Assign(Name(""even""), UnaryOp(""not"", Name(""even""))) .Stmts) => .K ... </k> <env> L:Int </env> <scopes> SC:Map L |-> scope( ""s"" |-> INPUT:Val ""count"" |-> (ACC:Int => ACC +Int countUpperFrom(S, EVEN)) ""even"" |-> (EVEN:Bool => ?FINAL_EVEN:Bool) ""ch"" |-> (OLD_CH:Val => ?FINAL_CH:Val), P:Parent) </scopes>"
K0933	spec.k	39	specification	claim	claim	-	PROOF_OBLIGATION_NOT_ASSUMED_AS_RULE	"claim <k> #loadAll( Module( FuncDef( ""count_upper"", Params(""s""), Assign(Name(""count""), Int(0)) Assign(Name(""even""), Bool(true)) Assign(Name(""ch""), Str("""")) For( Name(""ch""), Name(""s""), AugAssign( Name(""count""), ""+"", BoolOp( ""and"", Name(""even""), Compare(Name(""ch""), CmpOp(""in"", Str(""AEIOU""))))) Assign(Name(""even""), UnaryOp(""not"", Name(""even""))) .Stmts) Return(Name(""count"")) .Stmts) .Stmts)) ~> Call(Name(""count_upper""), str(S:IntSeq)) => countUpperFrom(S, true) </k> <env> 0 </env> <scopes> 0 |-> scope(.Map, parent(-1)) -1 |-> builtinsScope => 0 |-> scope( ""count_upper"" |-> closureVal( (""s"", .ParamNames), Assign(Name(""count""), Int(0)) Assign(Name(""even""), Bool(true)) Assign(Name(""ch""), Str("""")) For( Name(""ch""), Name(""s""), AugAssign( Name(""count""), ""+"", BoolOp( ""and"", Name(""even""), Compare(Name(""ch""), CmpOp(""in"", Str(""AEIOU""))))) Assign(Name(""even""), UnaryOp(""not"", Name(""even""))) .Stmts) Return(Name(""count"")) .Stmts, 0), parent(-1)) -1 |-> builtinsScope </scopes> <scopeLoc> 1 </scopeLoc> <heap> .Map </heap> <heapLoc> 0 </heapLoc> <stack> .List </stack> <ret> noRet </ret> <exc> NoExc </exc> <exit-code> 0 </exit-code>"
