COMMAND: /audit-output/evidence/k_rule_inventory.py
WORKDIR: /audit-output
K SOURCE INVENTORY
Files:
  /reference/reference-semantics/semantics.k
  /reference/reference-semantics/semantics/assert.k
  /reference/reference-semantics/semantics/bool.k
  /reference/reference-semantics/semantics/builtins.k
  /reference/reference-semantics/semantics/call.k
  /reference/reference-semantics/semantics/comprehension.k
  /reference/reference-semantics/semantics/concrete.k
  /reference/reference-semantics/semantics/controls.k
  /reference/reference-semantics/semantics/core.k
  /reference/reference-semantics/semantics/dict.k
  /reference/reference-semantics/semantics/float.k
  /reference/reference-semantics/semantics/functions.k
  /reference/reference-semantics/semantics/int.k
  /reference/reference-semantics/semantics/iter.k
  /reference/reference-semantics/semantics/list.k
  /reference/reference-semantics/semantics/methods.k
  /reference/reference-semantics/semantics/operators.k
  /reference/reference-semantics/semantics/range.k
  /reference/reference-semantics/semantics/set.k
  /reference/reference-semantics/semantics/sort.k
  /reference/reference-semantics/semantics/str.k
  /reference/reference-semantics/semantics/subscript.k
  /reference/reference-semantics/semantics/syntax.k
  /reference/reference-semantics/semantics/tuple.k
  /candidate/verification.k
  /candidate/spec.k
Total records: 944
  claim: 2
  configuration: 1
  context: 5
  rule: 704
  syntax: 232
  tag:concrete: 35
  tag:configuration: 1
  tag:declaration: 232
  tag:equational: 466
  tag:evaluation-context: 5
  tag:function: 151
  tag:macro: 4
  tag:macro-rec: 1
  tag:no-evaluators: 22
  tag:operational: 238
  tag:owise: 26
  tag:priority: 45
  tag:reachability-claim: 2
  tag:seqstrict: 1
  tag:strict: 2
  tag:symbol: 25
  tag:total: 109
Records:
0001	/reference/reference-semantics/semantics/assert.k:6-7	rule	operational	rule <k> Assert(V:Val) => .K ... </k> requires truthy(V)
0002	/reference/reference-semantics/semantics/assert.k:8-11	rule	operational	rule <k> Assert(V:Val) ~> _ => .K </k> <exc> NoExc => AssertionError </exc> <exit-code> _ => 1 </exit-code> requires notBool truthy(V)
0003	/reference/reference-semantics/semantics/assert.k:13-15	rule	operational,priority	rule <k> Assert(ref(H:Int)) => Assert(V) ... </k> <heap> ... H |-> V:Val ... </heap> [priority(40)]
0004	/reference/reference-semantics/semantics/bool.k:8-8	rule	equational	rule applyUn("not", V:Val) => notBool truthy(V)
0005	/reference/reference-semantics/semantics/bool.k:10-10	rule	equational	rule applyCmp("==", B1:Bool, B2:Bool) => B1 ==Bool B2
0006	/reference/reference-semantics/semantics/bool.k:11-15	rule	equational	rule applyCmp("!=", B1:Bool, B2:Bool) => B1 =/=Bool B2
0007	/reference/reference-semantics/semantics/bool.k:16-16	context	evaluation-context	context BoolOp(_, (HOLE:Expr, _:Exprs))
0008	/reference/reference-semantics/semantics/bool.k:17-17	rule	operational	rule <k> BoolOp(_:String, (V:Val, .Exprs)) => V ... </k>
0009	/reference/reference-semantics/semantics/bool.k:18-19	rule	operational	rule <k> BoolOp("and", (V:Val, A:Expr, REST:Exprs)) => BoolOp("and", (A, REST)) ... </k> requires truthy(V)
0010	/reference/reference-semantics/semantics/bool.k:20-21	rule	operational	rule <k> BoolOp("and", (V:Val, _:Expr, _:Exprs)) => V ... </k> requires notBool truthy(V)
0011	/reference/reference-semantics/semantics/bool.k:22-23	rule	operational	rule <k> BoolOp("or",  (V:Val, _:Expr, _:Exprs)) => V ... </k> requires truthy(V)
0012	/reference/reference-semantics/semantics/bool.k:24-28	rule	operational	rule <k> BoolOp("or",  (V:Val, A:Expr, REST:Exprs)) => BoolOp("or", (A, REST)) ... </k> requires notBool truthy(V)
0013	/reference/reference-semantics/semantics/bool.k:29-30	rule	operational,priority	rule <k> BoolOp(_:String, (ref(H:Int), .Exprs)) => ref(H) ... </k> [priority(40)]
0014	/reference/reference-semantics/semantics/bool.k:31-34	rule	operational,priority	rule <k> BoolOp("and", (ref(H:Int), A:Expr, REST:Exprs)) => BoolOp("and", (A, REST)) ... </k> <heap> ... H |-> V:Val ... </heap> requires truthy(V) [priority(40)]
0015	/reference/reference-semantics/semantics/bool.k:35-38	rule	operational,priority	rule <k> BoolOp("and", (ref(H:Int), _:Expr, _:Exprs)) => ref(H) ... </k> <heap> ... H |-> V:Val ... </heap> requires notBool truthy(V) [priority(40)]
0016	/reference/reference-semantics/semantics/bool.k:39-42	rule	operational,priority	rule <k> BoolOp("or", (ref(H:Int), _:Expr, _:Exprs)) => ref(H) ... </k> <heap> ... H |-> V:Val ... </heap> requires truthy(V) [priority(40)]
0017	/reference/reference-semantics/semantics/bool.k:43-46	rule	operational,priority	rule <k> BoolOp("or", (ref(H:Int), A:Expr, REST:Exprs)) => BoolOp("or", (A, REST)) ... </k> <heap> ... H |-> V:Val ... </heap> requires notBool truthy(V) [priority(40)]
0018	/reference/reference-semantics/semantics/builtins.k:17-19	syntax	declaration,function	syntax Val ::= applyBuiltin(String, Vals) [function]
0019	/reference/reference-semantics/semantics/builtins.k:20-20	syntax	declaration,function	syntax Int ::= seqLen(Val) [function]
0020	/reference/reference-semantics/semantics/builtins.k:21-21	rule	equational	rule applyBuiltin("len", OBJ:Val, .Vals) => seqLen(OBJ)
0021	/reference/reference-semantics/semantics/builtins.k:22-22	rule	equational	rule seqLen(list(VS:ValSeq))                  => vsLen(VS)
0022	/reference/reference-semantics/semantics/builtins.k:23-23	rule	equational	rule seqLen(tuple(VS:ValSeq))                 => vsLen(VS)
0023	/reference/reference-semantics/semantics/builtins.k:24-24	rule	equational	rule seqLen(str(IS:IntSeq))                   => isLen(IS)
0024	/reference/reference-semantics/semantics/builtins.k:25-25	rule	equational	rule seqLen(setV(DS:IntSeq))                  => isLen(DS)
0025	/reference/reference-semantics/semantics/builtins.k:26-31	rule	equational	rule seqLen(rangeObj(LO:Int, HI:Int, ST:Int)) => rangeLen(LO, HI, ST)
0026	/reference/reference-semantics/semantics/builtins.k:32-32	rule	operational	rule <k> #applyK(toCall(builtinV("list")), (list(VS:ValSeq),  .Vals)) => #alloc(list(VS)) ... </k>
0027	/reference/reference-semantics/semantics/builtins.k:33-33	rule	operational	rule <k> #applyK(toCall(builtinV("list")), (tuple(VS:ValSeq), .Vals)) => #alloc(list(VS)) ... </k>
0028	/reference/reference-semantics/semantics/builtins.k:34-34	rule	operational	rule <k> #applyK(toCall(builtinV("list")), .Vals)                     => #alloc(list(.ValSeq)) ... </k>
0029	/reference/reference-semantics/semantics/builtins.k:35-35	rule	operational	rule <k> #applyK(toCall(builtinV("list")), (str(CS:IntSeq), .Vals))   => #alloc(list(charsOf(CS))) ... </k>
0030	/reference/reference-semantics/semantics/builtins.k:36-36	syntax	declaration,function,total	syntax ValSeq ::= charsOf(IntSeq) [function, total]
0031	/reference/reference-semantics/semantics/builtins.k:37-37	rule	equational	rule charsOf(.IntSeq)                => .ValSeq
0032	/reference/reference-semantics/semantics/builtins.k:38-40	rule	equational	rule charsOf(iCons(C:Int, R:IntSeq)) => vCons(str(iCons(C, .IntSeq)), charsOf(R))
0033	/reference/reference-semantics/semantics/builtins.k:41-43	rule	equational	rule applyBuiltin("set", str(CS:IntSeq), .Vals) => setV(dedupCodes(CS))
0034	/reference/reference-semantics/semantics/builtins.k:44-46	rule	equational	rule applyBuiltin("abs", I:Int, .Vals) => absInt(I)
0035	/reference/reference-semantics/semantics/builtins.k:47-47	syntax	declaration	syntax KItem ::= #sumAcc(Iterable, Int) | #sumCont(Int)
0036	/reference/reference-semantics/semantics/builtins.k:48-48	rule	operational	rule <k> #sumAcc(IT:Iterable, ACC:Int) => #iterNext(IT) ~> #sumCont(ACC) ... </k>
0037	/reference/reference-semantics/semantics/builtins.k:49-49	rule	operational	rule <k> #iterDone ~> #sumCont(ACC:Int) => ACC ... </k>
0038	/reference/reference-semantics/semantics/builtins.k:50-52	rule	operational	rule <k> #iterYield(V:Val, R:Iterable) ~> #sumCont(ACC:Int) => #sumAcc(R, ACC +Int intOf(V)) ... </k> requires isInt(V) orBool isBool(V)
0039	/reference/reference-semantics/semantics/builtins.k:54-54	syntax	declaration,function	syntax Int ::= intOf(Val) [function]
0040	/reference/reference-semantics/semantics/builtins.k:55-55	rule	equational	rule intOf(I:Int)  => I
0041	/reference/reference-semantics/semantics/builtins.k:56-58	rule	equational	rule intOf(B:Bool) => #if B #then 1 #else 0 #fi
0042	/reference/reference-semantics/semantics/builtins.k:59-59	syntax	declaration	syntax KItem ::= #allAcc(Iterable) | "#allCont"
0043	/reference/reference-semantics/semantics/builtins.k:60-60	rule	operational	rule <k> #allAcc(IT:Iterable) => #iterNext(IT) ~> #allCont ... </k>
0044	/reference/reference-semantics/semantics/builtins.k:61-61	rule	operational	rule <k> #iterDone ~> #allCont => true ... </k>
0045	/reference/reference-semantics/semantics/builtins.k:62-63	rule	operational	rule <k> #iterYield(V:Val, R:Iterable) ~> #allCont => #allAcc(R) ... </k> requires truthy(V)
0046	/reference/reference-semantics/semantics/builtins.k:64-65	rule	operational	rule <k> #iterYield(V:Val, _:Iterable) ~> #allCont => false ... </k> requires notBool truthy(V)
0047	/reference/reference-semantics/semantics/builtins.k:67-67	syntax	declaration	syntax KItem ::= #anyAcc(Iterable) | "#anyCont"
0048	/reference/reference-semantics/semantics/builtins.k:68-68	rule	operational	rule <k> #anyAcc(IT:Iterable) => #iterNext(IT) ~> #anyCont ... </k>
0049	/reference/reference-semantics/semantics/builtins.k:69-69	rule	operational	rule <k> #iterDone ~> #anyCont => false ... </k>
0050	/reference/reference-semantics/semantics/builtins.k:70-71	rule	operational	rule <k> #iterYield(V:Val, _:Iterable) ~> #anyCont => true ... </k> requires truthy(V)
0051	/reference/reference-semantics/semantics/builtins.k:72-75	rule	operational	rule <k> #iterYield(V:Val, R:Iterable) ~> #anyCont => #anyAcc(R) ... </k> requires notBool truthy(V)
0052	/reference/reference-semantics/semantics/builtins.k:76-76	syntax	declaration	syntax KItem ::= #maxAcc0(Iterable) | "#maxCont0" | #maxAcc(Iterable, Int) | #maxCont(Int)
0053	/reference/reference-semantics/semantics/builtins.k:77-77	rule	operational	rule <k> #maxAcc0(IT:Iterable) => #iterNext(IT) ~> #maxCont0 ... </k>
0054	/reference/reference-semantics/semantics/builtins.k:78-79	rule	operational	rule <k> #iterYield(V:Val, R:Iterable) ~> #maxCont0 => #maxAcc(R, {V}:>Int) ... </k> requires isInt(V)
0055	/reference/reference-semantics/semantics/builtins.k:80-80	rule	operational	rule <k> #maxAcc(IT:Iterable, M:Int) => #iterNext(IT) ~> #maxCont(M) ... </k>
0056	/reference/reference-semantics/semantics/builtins.k:81-81	rule	operational	rule <k> #iterDone ~> #maxCont(M:Int) => M ... </k>
0057	/reference/reference-semantics/semantics/builtins.k:82-84	rule	operational	rule <k> #iterYield(V:Val, R:Iterable) ~> #maxCont(M:Int) => #maxAcc(R, maxInt(M, {V}:>Int)) ... </k> requires isInt(V)
0058	/reference/reference-semantics/semantics/builtins.k:86-86	syntax	declaration	syntax KItem ::= #minAcc0(Iterable) | "#minCont0" | #minAcc(Iterable, Int) | #minCont(Int)
0059	/reference/reference-semantics/semantics/builtins.k:87-87	rule	operational	rule <k> #minAcc0(IT:Iterable) => #iterNext(IT) ~> #minCont0 ... </k>
0060	/reference/reference-semantics/semantics/builtins.k:88-89	rule	operational	rule <k> #iterYield(V:Val, R:Iterable) ~> #minCont0 => #minAcc(R, {V}:>Int) ... </k> requires isInt(V)
0061	/reference/reference-semantics/semantics/builtins.k:90-90	rule	operational	rule <k> #minAcc(IT:Iterable, M:Int) => #iterNext(IT) ~> #minCont(M) ... </k>
0062	/reference/reference-semantics/semantics/builtins.k:91-91	rule	operational	rule <k> #iterDone ~> #minCont(M:Int) => M ... </k>
0063	/reference/reference-semantics/semantics/builtins.k:92-96	rule	operational	rule <k> #iterYield(V:Val, R:Iterable) ~> #minCont(M:Int) => #minAcc(R, minInt(M, {V}:>Int)) ... </k> requires isInt(V)
0064	/reference/reference-semantics/semantics/builtins.k:97-97	syntax	declaration,function	syntax Int ::= maxVals(Int, Vals) [function]
0065	/reference/reference-semantics/semantics/builtins.k:98-98	rule	equational	rule applyBuiltin("max", I:Int, REST:Vals) => maxVals(I, REST)
0066	/reference/reference-semantics/semantics/builtins.k:99-99	rule	equational	rule maxVals(M:Int, .Vals)           => M
0067	/reference/reference-semantics/semantics/builtins.k:100-100	rule	equational	rule maxVals(M:Int, (I:Int, R:Vals)) => maxVals(maxInt(M, I), R)
0068	/reference/reference-semantics/semantics/builtins.k:102-102	syntax	declaration,function	syntax Int ::= minVals(Int, Vals) [function]
0069	/reference/reference-semantics/semantics/builtins.k:103-103	rule	equational	rule applyBuiltin("min", I:Int, REST:Vals) => minVals(I, REST)
0070	/reference/reference-semantics/semantics/builtins.k:104-104	rule	equational	rule minVals(M:Int, .Vals)           => M
0071	/reference/reference-semantics/semantics/builtins.k:105-107	rule	equational	rule minVals(M:Int, (I:Int, R:Vals)) => minVals(minInt(M, I), R)
0072	/reference/reference-semantics/semantics/builtins.k:108-110	rule	equational	rule applyBuiltin("bin", N:Int, .Vals) => str(iCons(48, iCons(98, binCodes(N)))) requires N >=Int 0
0073	/reference/reference-semantics/semantics/builtins.k:111-113	rule	equational	rule applyBuiltin("bin", N:Int, .Vals) => str(iCons(45, iCons(48, iCons(98, binCodes(0 -Int N))))) requires N <Int 0
0074	/reference/reference-semantics/semantics/builtins.k:114-114	syntax	declaration,function,total	syntax IntSeq ::= binCodes(Int) [function, total]
0075	/reference/reference-semantics/semantics/builtins.k:115-115	rule	equational	rule binCodes(0) => iCons(48, .IntSeq)
0076	/reference/reference-semantics/semantics/builtins.k:116-116	rule	equational	rule binCodes(N:Int) => binAcc(N, .IntSeq) requires N >Int 0
0077	/reference/reference-semantics/semantics/builtins.k:117-117	syntax	declaration,function,total	syntax IntSeq ::= binAcc(Int, IntSeq) [function, total]
0078	/reference/reference-semantics/semantics/builtins.k:118-118	rule	equational	rule binAcc(0, ACC:IntSeq) => ACC
0079	/reference/reference-semantics/semantics/builtins.k:119-123	rule	equational	rule binAcc(N:Int, ACC:IntSeq) => binAcc((N -Int pyMod(N, 2)) /Int 2, iCons(48 +Int pyMod(N, 2), ACC)) requires N >Int 0
0080	/reference/reference-semantics/semantics/builtins.k:124-125	rule	operational	rule <k> #applyK(toCall(builtinV("enumerate")), (list(VS:ValSeq), .Vals)) => #alloc(list(enumVS(VS, 0))) ... </k>
0081	/reference/reference-semantics/semantics/builtins.k:126-126	syntax	declaration,function,total	syntax ValSeq ::= enumVS(ValSeq, Int) [function, total]
0082	/reference/reference-semantics/semantics/builtins.k:127-127	rule	equational	rule enumVS(.ValSeq, _:Int) => .ValSeq
0083	/reference/reference-semantics/semantics/builtins.k:128-131	rule	equational	rule enumVS(vCons(V:Val, R:ValSeq), I:Int) => vCons(tuple(vCons(I, vCons(V, .ValSeq))), enumVS(R, I +Int 1))
0084	/reference/reference-semantics/semantics/builtins.k:132-133	rule	operational	rule <k> #applyK(toCall(builtinV("map")), (typeV("str"), list(VS:ValSeq), .Vals)) => #alloc(list(mapStrVS(VS))) ... </k>
0085	/reference/reference-semantics/semantics/builtins.k:134-134	syntax	declaration,function,total	syntax ValSeq ::= mapStrVS(ValSeq) [function, total]
0086	/reference/reference-semantics/semantics/builtins.k:135-135	rule	equational	rule mapStrVS(.ValSeq) => .ValSeq
0087	/reference/reference-semantics/semantics/builtins.k:136-136	rule	equational	rule mapStrVS(vCons(I:Int, R:ValSeq)) => vCons(str(strToCodes(Int2String(I))), mapStrVS(R))
0088	/reference/reference-semantics/semantics/builtins.k:137-139	rule	equational	rule mapStrVS(vCons(str(CS:IntSeq), R:ValSeq)) => vCons(str(CS), mapStrVS(R))
0089	/reference/reference-semantics/semantics/builtins.k:140-142	rule	equational	rule applyBuiltin("int", I:Int, .Vals) => I
0090	/reference/reference-semantics/semantics/builtins.k:143-143	rule	equational	rule applyBuiltin("ord", str(iCons(C:Int, .IntSeq)), .Vals) => C
0091	/reference/reference-semantics/semantics/builtins.k:144-147	rule	equational	rule applyBuiltin("chr", I:Int, .Vals) => str(iCons(I, .IntSeq)) requires 0 <=Int I andBool I <Int 128
0092	/reference/reference-semantics/semantics/builtins.k:148-148	rule	equational	rule applyBuiltin("str", I:Int, .Vals)       => str(strToCodes(Int2String(I)))
0093	/reference/reference-semantics/semantics/builtins.k:149-151	rule	equational	rule applyBuiltin("str", str(CS:IntSeq), .Vals) => str(CS)
0094	/reference/reference-semantics/semantics/builtins.k:152-155	rule	equational	rule applyBuiltin("int", str(iCons(C:Int, .IntSeq)), .Vals) => C -Int 48 requires 48 <=Int C andBool C <=Int 57
0095	/reference/reference-semantics/semantics/builtins.k:156-157	rule	equational	rule applyBuiltin("int", str(CS:IntSeq), .Vals) => intDigAcc(CS, 0) requires isLen(CS) >=Int 2
0096	/reference/reference-semantics/semantics/builtins.k:158-158	syntax	declaration,function,total	syntax Int ::= intDigAcc(IntSeq, Int) [function, total]
0097	/reference/reference-semantics/semantics/builtins.k:159-159	rule	equational	rule intDigAcc(.IntSeq, ACC:Int)             => ACC
0098	/reference/reference-semantics/semantics/builtins.k:160-162	rule	equational	rule intDigAcc(iCons(C:Int, R:IntSeq), ACC:Int) => intDigAcc(R, (ACC *Int 10) +Int (C -Int 48))
0099	/reference/reference-semantics/semantics/builtins.k:163-163	rule	equational	rule applyBuiltin("zip", list(A:ValSeq), list(B:ValSeq), .Vals) => zipObj(A, B)
0100	/reference/reference-semantics/semantics/builtins.k:164-166	rule	equational	rule applyBuiltin("zip", str(A:IntSeq), str(B:IntSeq), .Vals)   => zipObjS(A, B)
0101	/reference/reference-semantics/semantics/builtins.k:167-168	rule	operational	rule <k> #iterNext(zipObj(vCons(A:Val, As:ValSeq), vCons(B:Val, Bs:ValSeq))) => #iterYield(tuple(vCons(A, vCons(B, .ValSeq))), zipObj(As, Bs)) ... </k>
0102	/reference/reference-semantics/semantics/builtins.k:169-169	rule	operational	rule <k> #iterNext(zipObj(.ValSeq, _:ValSeq))               => #iterDone ... </k>
0103	/reference/reference-semantics/semantics/builtins.k:170-170	rule	operational	rule <k> #iterNext(zipObj(vCons(_:Val, _:ValSeq), .ValSeq)) => #iterDone ... </k>
0104	/reference/reference-semantics/semantics/builtins.k:171-172	rule	operational	rule <k> #iterNext(zipObjS(iCons(A:Int, As:IntSeq), iCons(B:Int, Bs:IntSeq))) => #iterYield(tuple(vCons(str(iCons(A, .IntSeq)), vCons(str(iCons(B, .IntSeq)), .ValSeq))), zipObjS(As, Bs)) ... </k>
0105	/reference/reference-semantics/semantics/builtins.k:173-173	rule	operational	rule <k> #iterNext(zipObjS(.IntSeq, _:IntSeq))              => #iterDone ... </k>
0106	/reference/reference-semantics/semantics/builtins.k:174-176	rule	operational	rule <k> #iterNext(zipObjS(iCons(_:Int, _:IntSeq), .IntSeq)) => #iterDone ... </k>
0107	/reference/reference-semantics/semantics/builtins.k:177-177	rule	equational	rule applyBuiltin("range", I:Int, .Vals)               => rangeObj(0, I, 1)
0108	/reference/reference-semantics/semantics/builtins.k:178-178	rule	equational	rule applyBuiltin("range", A:Int, B:Int, .Vals)        => rangeObj(A, B, 1)
0109	/reference/reference-semantics/semantics/builtins.k:179-186	rule	equational	rule applyBuiltin("range", A:Int, B:Int, S:Int, .Vals) => rangeObj(A, B, S) requires S =/=Int 0
0110	/reference/reference-semantics/semantics/builtins.k:187-187	rule	equational	rule applyBuiltin("eval", str(CS:IntSeq), .Vals) => evalArith(CS)
0111	/reference/reference-semantics/semantics/builtins.k:188-188	syntax	declaration,function	syntax Int ::= evalArith(IntSeq) [function]
0112	/reference/reference-semantics/semantics/builtins.k:189-190	rule	equational	rule evalArith(CS:IntSeq) => firstNdE(passAddE(passMulE(passPowE(tokOps(CS), tokNds(CS)))))
0113	/reference/reference-semantics/semantics/builtins.k:192-192	syntax	declaration	syntax OpSeq ::= ".OpSeq" | oCons(String, OpSeq)
0114	/reference/reference-semantics/semantics/builtins.k:194-194	syntax	declaration,function,total	syntax Bool ::= evDigit(Int) [function, total]
0115	/reference/reference-semantics/semantics/builtins.k:195-195	rule	equational	rule evDigit(C:Int) => C >=Int 48 andBool C <=Int 57
0116	/reference/reference-semantics/semantics/builtins.k:196-196	syntax	declaration,function,total	syntax Bool ::= evHead42(IntSeq) [function, total]
0117	/reference/reference-semantics/semantics/builtins.k:197-197	rule	equational	rule evHead42(iCons(42, _:IntSeq)) => true
0118	/reference/reference-semantics/semantics/builtins.k:198-198	rule	equational,owise	rule evHead42(_:IntSeq)            => false [owise]
0119	/reference/reference-semantics/semantics/builtins.k:199-199	syntax	declaration,function,total	syntax Bool ::= evHead47(IntSeq) [function, total]
0120	/reference/reference-semantics/semantics/builtins.k:200-200	rule	equational	rule evHead47(iCons(47, _:IntSeq)) => true
0121	/reference/reference-semantics/semantics/builtins.k:201-201	rule	equational,owise	rule evHead47(_:IntSeq)            => false [owise]
0122	/reference/reference-semantics/semantics/builtins.k:203-203	syntax	declaration,function,total	syntax OpSeq ::= tokOps(IntSeq) [function, total]
0123	/reference/reference-semantics/semantics/builtins.k:204-204	rule	equational	rule tokOps(.IntSeq)                 => .OpSeq
0124	/reference/reference-semantics/semantics/builtins.k:205-205	rule	equational	rule tokOps(iCons(32, R:IntSeq))     => tokOps(R)
0125	/reference/reference-semantics/semantics/builtins.k:206-206	rule	equational	rule tokOps(iCons(C:Int, R:IntSeq))  => tokOps(R) requires evDigit(C)
0126	/reference/reference-semantics/semantics/builtins.k:207-207	rule	equational	rule tokOps(iCons(42, iCons(42, R:IntSeq))) => oCons("**", tokOps(R))
0127	/reference/reference-semantics/semantics/builtins.k:208-208	rule	equational	rule tokOps(iCons(42, R:IntSeq))     => oCons("*", tokOps(R)) requires notBool evHead42(R)
0128	/reference/reference-semantics/semantics/builtins.k:209-209	rule	equational	rule tokOps(iCons(47, iCons(47, R:IntSeq))) => oCons("//", tokOps(R))
0129	/reference/reference-semantics/semantics/builtins.k:210-210	rule	equational	rule tokOps(iCons(47, R:IntSeq))     => oCons("/", tokOps(R)) requires notBool evHead47(R)
0130	/reference/reference-semantics/semantics/builtins.k:211-211	rule	equational	rule tokOps(iCons(43, R:IntSeq))     => oCons("+", tokOps(R))
0131	/reference/reference-semantics/semantics/builtins.k:212-212	rule	equational	rule tokOps(iCons(45, R:IntSeq))     => oCons("-", tokOps(R))
0132	/reference/reference-semantics/semantics/builtins.k:214-215	syntax	declaration,function,total	syntax IntSeq ::= tokNds(IntSeq) [function, total] | tokNdAcc(Int, IntSeq) [function, total]
0133	/reference/reference-semantics/semantics/builtins.k:216-216	rule	equational	rule tokNds(.IntSeq)                => .IntSeq
0134	/reference/reference-semantics/semantics/builtins.k:217-217	rule	equational	rule tokNds(iCons(32, R:IntSeq))    => tokNds(R)
0135	/reference/reference-semantics/semantics/builtins.k:218-218	rule	equational	rule tokNds(iCons(C:Int, R:IntSeq)) => tokNdAcc(C -Int 48, R) requires evDigit(C)
0136	/reference/reference-semantics/semantics/builtins.k:219-220	rule	equational	rule tokNds(iCons(C:Int, R:IntSeq)) => tokNds(R) requires notBool evDigit(C) andBool C =/=Int 32
0137	/reference/reference-semantics/semantics/builtins.k:221-222	rule	equational	rule tokNdAcc(A:Int, iCons(C:Int, R:IntSeq)) => tokNdAcc(A *Int 10 +Int (C -Int 48), R) requires evDigit(C)
0138	/reference/reference-semantics/semantics/builtins.k:223-223	rule	equational,owise	rule tokNdAcc(A:Int, S:IntSeq) => iCons(A, tokNds(S)) [owise]
0139	/reference/reference-semantics/semantics/builtins.k:225-225	syntax	declaration	syntax EvPair ::= evp(OpSeq, IntSeq)
0140	/reference/reference-semantics/semantics/builtins.k:226-226	syntax	declaration,function,total	syntax Int ::= firstNdE(EvPair) [function, total]
0141	/reference/reference-semantics/semantics/builtins.k:227-227	rule	equational	rule firstNdE(evp(_:OpSeq, iCons(N:Int, _:IntSeq))) => N
0142	/reference/reference-semantics/semantics/builtins.k:228-228	rule	equational,owise	rule firstNdE(_:EvPair) => 0 [owise]
0143	/reference/reference-semantics/semantics/builtins.k:230-230	syntax	declaration,function,total	syntax Int ::= applyOpE(String, Int, Int) [function, total]
0144	/reference/reference-semantics/semantics/builtins.k:231-231	rule	equational	rule applyOpE("+",  A:Int, B:Int) => A +Int B
0145	/reference/reference-semantics/semantics/builtins.k:232-232	rule	equational	rule applyOpE("-",  A:Int, B:Int) => A -Int B
0146	/reference/reference-semantics/semantics/builtins.k:233-233	rule	equational	rule applyOpE("*",  A:Int, B:Int) => A *Int B
0147	/reference/reference-semantics/semantics/builtins.k:234-234	rule	equational	rule applyOpE("//", A:Int, B:Int) => A divInt B
0148	/reference/reference-semantics/semantics/builtins.k:235-235	rule	equational	rule applyOpE("**", A:Int, B:Int) => A ^Int B
0149	/reference/reference-semantics/semantics/builtins.k:236-236	rule	equational,owise	rule applyOpE(_:String, A:Int, _:Int) => A [owise]
0150	/reference/reference-semantics/semantics/builtins.k:238-238	syntax	declaration,function,total	syntax EvPair ::= passPowE(OpSeq, IntSeq) [function, total]
0151	/reference/reference-semantics/semantics/builtins.k:239-239	rule	equational	rule passPowE(.OpSeq, NDS:IntSeq) => evp(.OpSeq, NDS)
0152	/reference/reference-semantics/semantics/builtins.k:240-240	rule	equational	rule passPowE(oCons("**", OPS:OpSeq), iCons(N:Int, NDS:IntSeq)) => powCombE(N, passPowE(OPS, NDS))
0153	/reference/reference-semantics/semantics/builtins.k:241-242	rule	equational	rule passPowE(oCons(O:String, OPS:OpSeq), iCons(N:Int, NDS:IntSeq)) => powCarryE(O, N, passPowE(OPS, NDS)) requires O =/=String "**"
0154	/reference/reference-semantics/semantics/builtins.k:243-243	rule	equational,owise	rule passPowE(_:OpSeq, .IntSeq) => evp(.OpSeq, .IntSeq) [owise]
0155	/reference/reference-semantics/semantics/builtins.k:244-244	syntax	declaration,function,total	syntax EvPair ::= powCombE(Int, EvPair) [function, total]
0156	/reference/reference-semantics/semantics/builtins.k:245-245	rule	equational	rule powCombE(N:Int, evp(OPS:OpSeq, iCons(M:Int, REST:IntSeq))) => evp(OPS, iCons(N ^Int M, REST))
0157	/reference/reference-semantics/semantics/builtins.k:246-246	rule	equational	rule powCombE(N:Int, evp(OPS:OpSeq, .IntSeq)) => evp(OPS, iCons(N, .IntSeq))
0158	/reference/reference-semantics/semantics/builtins.k:247-247	syntax	declaration,function,total	syntax EvPair ::= powCarryE(String, Int, EvPair) [function, total]
0159	/reference/reference-semantics/semantics/builtins.k:248-248	rule	equational	rule powCarryE(O:String, N:Int, evp(OPS:OpSeq, NDS:IntSeq)) => evp(oCons(O, OPS), iCons(N, NDS))
0160	/reference/reference-semantics/semantics/builtins.k:250-250	syntax	declaration,function,total	syntax EvPair ::= passMulE(EvPair) [function, total] | passAddE(EvPair) [function, total]
0161	/reference/reference-semantics/semantics/builtins.k:251-251	rule	equational	rule passMulE(evp(OPS:OpSeq, iCons(N0:Int, NDS:IntSeq))) => passLGoE("mul", N0, OPS, NDS, .OpSeq, .IntSeq)
0162	/reference/reference-semantics/semantics/builtins.k:252-252	rule	equational	rule passMulE(evp(OPS:OpSeq, .IntSeq)) => evp(OPS, .IntSeq)
0163	/reference/reference-semantics/semantics/builtins.k:253-253	rule	equational	rule passAddE(evp(OPS:OpSeq, iCons(N0:Int, NDS:IntSeq))) => passLGoE("add", N0, OPS, NDS, .OpSeq, .IntSeq)
0164	/reference/reference-semantics/semantics/builtins.k:254-254	rule	equational	rule passAddE(evp(OPS:OpSeq, .IntSeq)) => evp(OPS, .IntSeq)
0165	/reference/reference-semantics/semantics/builtins.k:255-255	syntax	declaration,function,total	syntax EvPair ::= passLGoE(String, Int, OpSeq, IntSeq, OpSeq, IntSeq) [function, total]
0166	/reference/reference-semantics/semantics/builtins.k:256-256	rule	equational	rule passLGoE(_:String, CUR:Int, .OpSeq, _:IntSeq, OO:OpSeq, ON:IntSeq) => evp(OO, appendIE(ON, CUR))
0167	/reference/reference-semantics/semantics/builtins.k:257-259	rule	equational	rule passLGoE(L:String, CUR:Int, oCons(O:String, OPS:OpSeq), iCons(N:Int, NDS:IntSeq), OO:OpSeq, ON:IntSeq) => passLGoE(L, applyOpE(O, CUR, N), OPS, NDS, OO, ON) requires inLevelE(L, O)
0168	/reference/reference-semantics/semantics/builtins.k:260-262	rule	equational	rule passLGoE(L:String, CUR:Int, oCons(O:String, OPS:OpSeq), iCons(N:Int, NDS:IntSeq), OO:OpSeq, ON:IntSeq) => passLGoE(L, N, OPS, NDS, appendOpE(OO, O), appendIE(ON, CUR)) requires notBool inLevelE(L, O)
0169	/reference/reference-semantics/semantics/builtins.k:263-264	rule	equational,owise	rule passLGoE(_:String, CUR:Int, oCons(_:String, _:OpSeq), .IntSeq, OO:OpSeq, ON:IntSeq) => evp(OO, appendIE(ON, CUR)) [owise]
0170	/reference/reference-semantics/semantics/builtins.k:265-265	syntax	declaration,function,total	syntax Bool ::= inLevelE(String, String) [function, total]
0171	/reference/reference-semantics/semantics/builtins.k:266-266	rule	equational	rule inLevelE("mul", O:String) => O ==String "*" orBool O ==String "//" orBool O ==String "/"
0172	/reference/reference-semantics/semantics/builtins.k:267-267	rule	equational	rule inLevelE("add", O:String) => O ==String "+" orBool O ==String "-"
0173	/reference/reference-semantics/semantics/builtins.k:268-268	rule	equational,owise	rule inLevelE(_:String, _:String) => false [owise]
0174	/reference/reference-semantics/semantics/builtins.k:269-269	syntax	declaration,function,total	syntax OpSeq ::= appendOpE(OpSeq, String) [function, total]
0175	/reference/reference-semantics/semantics/builtins.k:270-270	rule	equational	rule appendOpE(.OpSeq, O:String) => oCons(O, .OpSeq)
0176	/reference/reference-semantics/semantics/builtins.k:271-271	rule	equational	rule appendOpE(oCons(H:String, T:OpSeq), O:String) => oCons(H, appendOpE(T, O))
0177	/reference/reference-semantics/semantics/builtins.k:272-272	syntax	declaration,function,total	syntax IntSeq ::= appendIE(IntSeq, Int) [function, total]
0178	/reference/reference-semantics/semantics/builtins.k:273-273	rule	equational	rule appendIE(.IntSeq, N:Int) => iCons(N, .IntSeq)
0179	/reference/reference-semantics/semantics/builtins.k:274-278	rule	equational	rule appendIE(iCons(H:Int, T:IntSeq), N:Int) => iCons(H, appendIE(T, N))
0180	/reference/reference-semantics/semantics/builtins.k:279-279	syntax	declaration	syntax KItem ::= "#md5"
0181	/reference/reference-semantics/semantics/builtins.k:280-281	rule	operational,priority	rule <k> Call(Attribute(Name("hashlib"), "md5"), (E:Expr, .Exprs)) => E ~> #md5 ... </k> [priority(40)]
0182	/reference/reference-semantics/semantics/builtins.k:282-282	rule	operational	rule <k> str(CS:IntSeq) ~> #md5 => md5Obj(CS) ... </k>
0183	/reference/reference-semantics/semantics/builtins.k:283-283	syntax	declaration	syntax Val ::= md5Obj(IntSeq)
0184	/reference/reference-semantics/semantics/builtins.k:284-284	rule	equational	rule applyMethod(md5Obj(CS:IntSeq), "hexdigest", .Vals) => str(md5hexCodes(CS))
0185	/reference/reference-semantics/semantics/builtins.k:285-290	syntax	declaration,function,total,symbol,no-evaluators	syntax IntSeq ::= md5hexCodes(IntSeq) [function, total, symbol(md5hexCodes), no-evaluators]
0186	/reference/reference-semantics/semantics/builtins.k:291-291	rule	equational	rule applyBuiltin("isinstance", V:Val, typeV("int"), .Vals) => isIntV(V)
0187	/reference/reference-semantics/semantics/builtins.k:292-292	rule	equational	rule applyBuiltin("isinstance", V:Val, typeV("str"), .Vals) => isStrV(V)
0188	/reference/reference-semantics/semantics/builtins.k:293-293	syntax	declaration,function	syntax Bool ::= isIntV(Val) [function] | isStrV(Val) [function]
0189	/reference/reference-semantics/semantics/builtins.k:294-294	rule	equational	rule isIntV(_:Int)         => true
0190	/reference/reference-semantics/semantics/builtins.k:295-295	rule	equational,owise	rule isIntV(_:Val)         => false [owise]
0191	/reference/reference-semantics/semantics/builtins.k:296-296	rule	equational	rule isStrV(str(_:IntSeq)) => true
0192	/reference/reference-semantics/semantics/builtins.k:297-297	rule	equational,owise	rule isStrV(_:Val)         => false [owise]
0193	/reference/reference-semantics/semantics/call.k:16-18	rule	operational	rule <k> Attribute(V:Val, M:String) => boundMethodV(V, M) ... </k>
0194	/reference/reference-semantics/semantics/call.k:19-19	syntax	declaration	syntax KItem ::= #callee(Exprs)
0195	/reference/reference-semantics/semantics/call.k:20-20	rule	operational,owise	rule <k> Call(Fe:Expr, ARGS:Exprs) => Fe ~> #callee(ARGS) ... </k> [owise]
0196	/reference/reference-semantics/semantics/call.k:21-23	rule	operational	rule <k> CV:Val ~> #callee(ARGS:Exprs) => #evalArgs(ARGS, .Vals, toCall(CV)) ... </k>
0197	/reference/reference-semantics/semantics/call.k:24-24	rule	operational	rule <k> #applyK(toCall(boundMethodV(OBJ:Val, M:String)), ACC:Vals) => applyMethod(OBJ, M, ACC) ... </k>
0198	/reference/reference-semantics/semantics/call.k:26-26	rule	operational	rule <k> #applyK(toCall(builtinV("sum")), (OBJ:Iterable, .Vals)) => #sumAcc(OBJ, 0) ... </k>
0199	/reference/reference-semantics/semantics/call.k:27-27	rule	operational	rule <k> #applyK(toCall(builtinV("all")), (OBJ:Iterable, .Vals)) => #allAcc(OBJ)    ... </k>
0200	/reference/reference-semantics/semantics/call.k:28-28	rule	operational	rule <k> #applyK(toCall(builtinV("any")), (OBJ:Iterable, .Vals)) => #anyAcc(OBJ)    ... </k>
0201	/reference/reference-semantics/semantics/call.k:29-29	rule	operational	rule <k> #applyK(toCall(builtinV("max")), (OBJ:Iterable, .Vals)) => #maxAcc0(OBJ)   ... </k>
0202	/reference/reference-semantics/semantics/call.k:30-30	rule	operational	rule <k> #applyK(toCall(builtinV("min")), (OBJ:Iterable, .Vals)) => #minAcc0(OBJ)   ... </k>
0203	/reference/reference-semantics/semantics/call.k:31-31	rule	operational,owise	rule <k> #applyK(toCall(builtinV(BN:String)), ACC:Vals) => applyBuiltin(BN, ACC) ... </k> [owise]
0204	/reference/reference-semantics/semantics/call.k:32-37	rule	operational	rule <k> #applyK(toCall(typeV(T:String)),     ACC:Vals) => applyBuiltin(T, ACC)  ... </k>
0205	/reference/reference-semantics/semantics/call.k:38-41	rule	operational,priority	rule <k> #applyK(toCall(builtinV(BN:String)), (ref(H:Int), REST:Vals)) => #applyK(toCall(builtinV(BN)), (V, REST)) ... </k> <heap> ... H |-> V:Val ... </heap> [priority(40)]
0206	/reference/reference-semantics/semantics/call.k:42-46	rule	operational,priority	rule <k> #applyK(toCall(builtinV(BN:String)), (A:Val, ref(H:Int), REST:Vals)) => #applyK(toCall(builtinV(BN)), (A, V, REST)) ... </k> <heap> ... H |-> V:Val ... </heap> requires notBool isRefV(A) [priority(40)]
0207	/reference/reference-semantics/semantics/call.k:47-50	rule	operational,priority	rule <k> #applyK(toCall(typeV(T:String)), (ref(H:Int), REST:Vals)) => #applyK(toCall(typeV(T)), (V, REST)) ... </k> <heap> ... H |-> V:Val ... </heap> [priority(40)]
0208	/reference/reference-semantics/semantics/call.k:52-52	syntax	declaration,function,total	syntax Bool ::= isMutMethod(String) [function, total]
0209	/reference/reference-semantics/semantics/call.k:53-55	rule	equational	rule isMutMethod(M:String) => M ==String "append" orBool M ==String "sort" orBool M ==String "extend" orBool M ==String "insert" orBool M ==String "pop" orBool M ==String "remove"
0210	/reference/reference-semantics/semantics/call.k:56-62	rule	operational,priority	rule <k> #applyK(toCall(boundMethodV(ref(H:Int), M:String)), ACC:Vals) => #applyK(toCall(boundMethodV(V, M)), ACC) ... </k> <heap> ... H |-> V:Val ... </heap> requires notBool isMutMethod(M) [priority(40)]
0211	/reference/reference-semantics/semantics/call.k:63-67	rule	operational,priority	rule <k> #applyK(toCall(boundMethodV(OBJ:Val, M:String)), (ref(H:Int), REST:Vals)) => #applyK(toCall(boundMethodV(OBJ, M)), (V, REST)) ... </k> <heap> ... H |-> V:Val ... </heap> requires notBool isMutMethod(M) andBool notBool isRefV(OBJ) [priority(40)]
0212	/reference/reference-semantics/semantics/call.k:69-79	rule	operational	rule <k> #applyK(toCall(closureVal(PNS:ParamNames, BODY:Stmts, DEFL:Int)), ACC:Vals) ~> CONT => #bindP(PNS, ACC) ~> BODY ~> #endcall </k> <env>     CALLERL:Int => NEWL </env> <scopes>   STORE:Map => STORE [ NEWL <- scope(.Map, parent(DEFL)) ] </scopes> <scopeLoc> NEWL:Int => NEWL +Int 1 </scopeLoc> <stack>   .List => ListItem(frame(CONT, CALLERL, NEWL)) ... </stack>
0213	/reference/reference-semantics/semantics/call.k:80-85	rule	operational	rule <k> #applyK(toCall(closureValC(PNS:ParamNames, CVS:ParamNames, BODY:Stmts, CM:Map)), ACC:Vals) ~> CONT => #allocCells(CVS) ~> #bindP(PNS, ACC) ~> BODY ~> #endcall </k> <env>     CALLERL:Int => NEWL </env> <scopes>   STORE:Map => STORE [ NEWL <- scope(CM [ "$cells" <- cellsMark(CVS) ], parent(0)) ] </scopes> <scopeLoc> NEWL:Int => NEWL +Int 1 </scopeLoc> <stack>   .List => ListItem(frame(CONT, CALLERL, NEWL)) ... </stack>
0214	/reference/reference-semantics/semantics/call.k:87-87	syntax	declaration	syntax KItem ::= #allocCells(ParamNames)
0215	/reference/reference-semantics/semantics/call.k:88-88	rule	operational	rule <k> #allocCells(.ParamNames) => .K ... </k>
0216	/reference/reference-semantics/semantics/call.k:89-94	rule	operational	rule <k> #allocCells((CV:String, R:ParamNames)) => #allocCells(R) ... </k> <env> L:Int </env> <scopes> ... L |-> scope(M:Map => M [ CV <- cellRef(N) ], _) ... </scopes> <heap>    H:Map => (N |-> cellV(noneV)) H </heap> <heapLoc> N:Int => N +Int 1 </heapLoc> requires notBool N in_keys(H)
0217	/reference/reference-semantics/semantics/comprehension.k:11-11	rule	equational	rule ListComp(ELT:Expr, Gs:CompFors) => Call(closureExpr(.ParamNames, compBody(Gs, ELT)), .Exprs)
0218	/reference/reference-semantics/semantics/comprehension.k:12-12	rule	equational	rule GenExp(ELT:Expr, Gs:CompFors)   => Call(closureExpr(.ParamNames, compBody(Gs, ELT)), .Exprs)
0219	/reference/reference-semantics/semantics/comprehension.k:14-14	syntax	declaration,macro	syntax Stmts ::= compBody(CompFors, Expr) [macro]
0220	/reference/reference-semantics/semantics/comprehension.k:15-16	rule	equational	rule compBody(Gs:CompFors, ELT:Expr) => Assign(Name("$acc"), ListExpr(.Exprs)) compNest(Gs, ELT) Return(Name("$acc"))
0221	/reference/reference-semantics/semantics/comprehension.k:18-18	syntax	declaration,macro,macro-rec	syntax Stmt ::= compNest(CompFors, Expr) [macro-rec]
0222	/reference/reference-semantics/semantics/comprehension.k:19-20	rule	equational	rule compNest(.CompFors, ELT:Expr) => Assign(Name("$acc"), BinOp("+", Name("$acc"), ListExpr(ELT)))
0223	/reference/reference-semantics/semantics/comprehension.k:21-22	rule	equational	rule compNest((CompFor(T:Expr, ITER:Expr, Fs:Exprs) GRest:CompFors), ELT:Expr) => For(T, ITER, If(compGuard(Fs), compNest(GRest, ELT), .Stmts))
0224	/reference/reference-semantics/semantics/comprehension.k:24-24	syntax	declaration,macro	syntax Expr ::= compGuard(Exprs) [macro]
0225	/reference/reference-semantics/semantics/comprehension.k:25-25	rule	equational	rule compGuard(.Exprs)             => Bool(true)
0226	/reference/reference-semantics/semantics/comprehension.k:26-26	rule	equational	rule compGuard((F:Expr, Fs:Exprs)) => BoolOp("and", (F, Fs))
0227	/reference/reference-semantics/semantics/concrete.k:13-15	rule	operational	rule <k> Compare(list(A:ValSeq), CmpOp("==", list(B:ValSeq))) => deepEqVS(A, B, HP) ... </k> <heap> HP:Map </heap> requires hasRefVS(A) orBool hasRefVS(B)
0228	/reference/reference-semantics/semantics/concrete.k:16-24	rule	operational	rule <k> Compare(list(A:ValSeq), CmpOp("!=", list(B:ValSeq))) => notBool deepEqVS(A, B, HP) ... </k> <heap> HP:Map </heap> requires hasRefVS(A) orBool hasRefVS(B)
0229	/reference/reference-semantics/semantics/concrete.k:25-25	syntax	declaration	syntax Val ::= kvP(Val, Val)
0230	/reference/reference-semantics/semantics/concrete.k:26-27	syntax	declaration	syntax KItem ::= #ksort(ValSeq, Val, ValSeq, Bool) | #ksIns(Val, ValSeq, Val, ValSeq, Bool)
0231	/reference/reference-semantics/semantics/concrete.k:28-30	rule	operational,priority	rule <k> #applyK(toCall(builtinV("sorted")), (list(VS:ValSeq), kwV("key", KV:Val), .Vals)) => #ksort(VS, KV, .ValSeq, false) ... </k> [priority(40)]
0232	/reference/reference-semantics/semantics/concrete.k:31-33	rule	operational,priority	rule <k> #applyK(toCall(builtinV("sorted")), (list(VS:ValSeq), kwV("key", KV:Val), kwV("reverse", RB:Bool), .Vals)) => #ksort(VS, KV, .ValSeq, RB) ... </k> [priority(40)]
0233	/reference/reference-semantics/semantics/concrete.k:34-35	rule	operational	rule <k> #ksort(.ValSeq, _:Val, ACC:ValSeq, RB:Bool) => #alloc(list(condRev(unpairVS(ACC), RB))) ... </k>
0234	/reference/reference-semantics/semantics/concrete.k:36-37	rule	operational	rule <k> #ksort(vCons(V:Val, R:ValSeq), KV:Val, ACC:ValSeq, RB:Bool) => KV ~> #callee((V, .Exprs)) ~> #ksIns(V, R, KV, ACC, RB) ... </k>
0235	/reference/reference-semantics/semantics/concrete.k:38-40	rule	operational	rule <k> K:Val ~> #ksIns(V:Val, R:ValSeq, KV:Val, ACC:ValSeq, RB:Bool) => #ksort(R, KV, insPair(ACC, K, V), RB) ... </k> requires notBool isKwV(K)
0236	/reference/reference-semantics/semantics/concrete.k:42-42	syntax	declaration,function	syntax ValSeq ::= insPair(ValSeq, Val, Val) [function]
0237	/reference/reference-semantics/semantics/concrete.k:43-43	rule	equational	rule insPair(.ValSeq, K:Val, V:Val) => vCons(kvP(K, V), .ValSeq)
0238	/reference/reference-semantics/semantics/concrete.k:44-46	rule	equational	rule insPair(vCons(kvP(K2:Val, V2:Val), R:ValSeq), K:Val, V:Val) => vCons(kvP(K, V), vCons(kvP(K2, V2), R)) requires kLt(K, K2)
0239	/reference/reference-semantics/semantics/concrete.k:47-49	rule	equational	rule insPair(vCons(kvP(K2:Val, V2:Val), R:ValSeq), K:Val, V:Val) => vCons(kvP(K2, V2), insPair(R, K, V)) requires notBool kLt(K, K2)
0240	/reference/reference-semantics/semantics/concrete.k:51-51	syntax	declaration,function	syntax Bool ::= kLt(Val, Val) [function]
0241	/reference/reference-semantics/semantics/concrete.k:52-52	rule	equational	rule kLt(I1:Int, I2:Int)             => I1 <Int I2
0242	/reference/reference-semantics/semantics/concrete.k:53-53	rule	equational	rule kLt(F1:Float, F2:Float)         => F1 <Float F2
0243	/reference/reference-semantics/semantics/concrete.k:54-54	rule	equational	rule kLt(str(A:IntSeq), str(B:IntSeq)) => strLt(A, B)
0244	/reference/reference-semantics/semantics/concrete.k:56-56	syntax	declaration,function,total	syntax ValSeq ::= unpairVS(ValSeq) [function, total]
0245	/reference/reference-semantics/semantics/concrete.k:57-57	rule	equational	rule unpairVS(.ValSeq) => .ValSeq
0246	/reference/reference-semantics/semantics/concrete.k:58-58	rule	equational	rule unpairVS(vCons(kvP(_:Val, V:Val), R:ValSeq)) => vCons(V, unpairVS(R))
0247	/reference/reference-semantics/semantics/concrete.k:59-59	rule	equational,owise	rule unpairVS(vCons(V:Val, R:ValSeq)) => vCons(V, unpairVS(R)) [owise]
0248	/reference/reference-semantics/semantics/controls.k:9-11	rule	operational	rule <k> Assign(Name(X:String), V:Val) => .K ... </k> <env> L:Int </env> <scopes> ... L |-> scope(M:Map => M [ X <- V ], _) ... </scopes>
0249	/reference/reference-semantics/semantics/controls.k:12-18	rule	operational,priority	rule <k> Assign(Name(X:String), V:Val) => #cellW({M[X]}:>Val, V) ... </k> <env> L:Int </env> <scopes> ... L |-> scope(M:Map, _) ... </scopes> requires "$cells" in_keys(M) andBool pnMember(X, cellsOf({M["$cells"]}:>Val)) andBool X in_keys(M) andBool isCellRef({M[X]}:>Val) [priority(40)]
0250	/reference/reference-semantics/semantics/controls.k:20-26	rule	operational	rule <k> AugAssign(Name(X:String), OP:String, V:Val) => .K ... </k> <env> L:Int </env> <scopes> ... L |-> scope(M:Map => M [ X <- applyBin(OP, {M[X]}:>Val, V) ], _) ... </scopes> requires X in_keys(M)
0251	/reference/reference-semantics/semantics/controls.k:27-34	rule	operational,priority	rule <k> AugAssign(Name(X:String), OP:String, V:Val) => Assign(Name(X), BinOp(OP, Name(X), V)) ... </k> <env> L:Int </env> <scopes> ... L |-> scope(M:Map, _) ... </scopes> requires X in_keys(M) andBool isRefV({M[X]}:>Val) [priority(40)]
0252	/reference/reference-semantics/semantics/controls.k:35-35	rule	operational	rule <k> ImportFrom("math", NS:ParamNames) => #bindImports(NS) ... </k>
0253	/reference/reference-semantics/semantics/controls.k:36-36	rule	operational,owise	rule <k> ImportFrom(_:String, _:ParamNames) => .K ... </k> [owise]
0254	/reference/reference-semantics/semantics/controls.k:37-37	syntax	declaration	syntax KItem ::= #bindImports(ParamNames)
0255	/reference/reference-semantics/semantics/controls.k:38-38	rule	operational	rule <k> #bindImports(.ParamNames) => .K ... </k>
0256	/reference/reference-semantics/semantics/controls.k:39-42	rule	operational	rule <k> #bindImports((N:String, NS:ParamNames)) => #bindImports(NS) ... </k> <env> L:Int </env> <scopes> ... L |-> scope(M:Map => M [ N <- builtinV(N) ], _) ... </scopes> requires N ==String "floor" orBool N ==String "ceil"
0257	/reference/reference-semantics/semantics/controls.k:43-47	rule	operational	rule <k> #bindImports((N:String, NS:ParamNames)) => #bindImports(NS) ... </k> requires notBool (N ==String "floor" orBool N ==String "ceil")
0258	/reference/reference-semantics/semantics/controls.k:48-50	rule	operational	rule <k> Expr(_:Val) => .K ... </k>
0259	/reference/reference-semantics/semantics/controls.k:51-51	syntax	declaration	syntax KItem ::= #branch(Bool, Stmts, Stmts)
0260	/reference/reference-semantics/semantics/controls.k:52-52	rule	operational	rule <k> If(C:Val, T:Stmts, E:Stmts) => #branch(truthy(C), T, E) ... </k>
0261	/reference/reference-semantics/semantics/controls.k:53-53	rule	operational	rule <k> #branch(true,  T:Stmts, _:Stmts) => T ... </k>
0262	/reference/reference-semantics/semantics/controls.k:54-56	rule	operational	rule <k> #branch(false, _:Stmts, E:Stmts) => E ... </k>
0263	/reference/reference-semantics/semantics/controls.k:57-58	rule	operational	rule <k> IfExp(V:Val, T:Expr, _:Expr) => T ... </k> requires truthy(V)
0264	/reference/reference-semantics/semantics/controls.k:59-64	rule	operational	rule <k> IfExp(V:Val, _:Expr, E:Expr) => E ... </k> requires notBool truthy(V)
0265	/reference/reference-semantics/semantics/controls.k:65-67	syntax	declaration	syntax KItem ::= #loop(Val, Expr, Stmts) | #loopStep(Expr, Stmts) | #while(Expr, Stmts) | #whileCond(Expr, Stmts) | #loopLbl(K) | "#cont" | "#brk"
0266	/reference/reference-semantics/semantics/controls.k:69-69	rule	operational	rule <k> For(T:Expr, OBJ:Val, B:Stmts) => #loop(OBJ, T, B) ... </k>
0267	/reference/reference-semantics/semantics/controls.k:71-71	rule	operational	rule <k> #loop(IT:Iterable, T:Expr, B:Stmts) => #iterNext(IT) ~> #loopStep(T, B) ... </k>
0268	/reference/reference-semantics/semantics/controls.k:72-72	rule	operational	rule <k> #iterDone ~> #loopStep(_:Expr, _:Stmts) => .K ... </k>
0269	/reference/reference-semantics/semantics/controls.k:73-76	rule	operational	rule <k> #iterYield(V:Val, REST:Iterable) ~> #loopStep(T:Expr, B:Stmts) => #bindTgt(T, V) ~> B ~> #loopLbl(#loop(REST, T, B)) ... </k>
0270	/reference/reference-semantics/semantics/controls.k:77-77	rule	operational	rule <k> While(C:Expr, B:Stmts) => #while(C, B) ... </k>
0271	/reference/reference-semantics/semantics/controls.k:78-78	rule	operational	rule <k> #while(C:Expr, B:Stmts) => C ~> #whileCond(C, B) ... </k>
0272	/reference/reference-semantics/semantics/controls.k:79-80	rule	operational	rule <k> V:Val ~> #whileCond(C:Expr, B:Stmts) => B ~> #loopLbl(#while(C, B)) ... </k> requires truthy(V)
0273	/reference/reference-semantics/semantics/controls.k:81-84	rule	operational	rule <k> V:Val ~> #whileCond(_C:Expr, _B:Stmts) => .K ... </k> requires notBool truthy(V)
0274	/reference/reference-semantics/semantics/controls.k:85-85	rule	operational	rule <k> #loopLbl(NEXT:K) => NEXT ... </k>
0275	/reference/reference-semantics/semantics/controls.k:86-86	rule	operational	rule <k> Continue => #cont ... </k>
0276	/reference/reference-semantics/semantics/controls.k:87-87	rule	operational	rule <k> Break => #brk ... </k>
0277	/reference/reference-semantics/semantics/controls.k:88-88	rule	operational	rule <k> #cont ~> #loopLbl(NEXT:K) => NEXT ... </k>
0278	/reference/reference-semantics/semantics/controls.k:89-89	rule	operational,owise	rule <k> #cont ~> (_:KItem => .K) ... </k> [owise]
0279	/reference/reference-semantics/semantics/controls.k:90-90	rule	operational	rule <k> #brk ~> #loopLbl(_:K) => .K ... </k>
0280	/reference/reference-semantics/semantics/controls.k:91-94	rule	operational,owise	rule <k> #brk ~> (_:KItem => .K) ... </k> [owise]
0281	/reference/reference-semantics/semantics/controls.k:95-97	rule	operational,priority	rule <k> If(ref(H:Int), T:Stmts, E:Stmts) => If(V, T, E) ... </k> <heap> ... H |-> V:Val ... </heap> [priority(40)]
0282	/reference/reference-semantics/semantics/controls.k:98-100	rule	operational,priority	rule <k> IfExp(ref(H:Int), T:Expr, E:Expr) => IfExp(V, T, E) ... </k> <heap> ... H |-> V:Val ... </heap> [priority(40)]
0283	/reference/reference-semantics/semantics/controls.k:101-105	rule	operational,priority	rule <k> ref(H:Int) ~> #whileCond(C:Expr, B:Stmts) => V ~> #whileCond(C, B) ... </k> <heap> ... H |-> V:Val ... </heap> [priority(40)]
0284	/reference/reference-semantics/semantics/controls.k:106-108	rule	operational,priority	rule <k> For(T:Expr, ref(H:Int), B:Stmts) => For(T, V, B) ... </k> <heap> ... H |-> V:Val ... </heap> [priority(40)]
0285	/reference/reference-semantics/semantics/core.k:13-13	syntax	declaration	syntax IntSeq ::= ".IntSeq" | iCons(Int, IntSeq)
0286	/reference/reference-semantics/semantics/core.k:14-14	syntax	declaration	syntax ValSeq ::= ".ValSeq" | vCons(Val, ValSeq)
0287	/reference/reference-semantics/semantics/core.k:15-17	syntax	declaration	syntax Str    ::= str(IntSeq)
0288	/reference/reference-semantics/semantics/core.k:18-23	syntax	declaration	syntax Iterable ::= list(ValSeq) | tuple(ValSeq) | Str | rangeObj(Int, Int, Int) | zipObj(ValSeq, ValSeq) | zipObjS(IntSeq, IntSeq)
0289	/reference/reference-semantics/semantics/core.k:25-34	syntax	declaration,function	syntax Val      ::= Int | Bool | "noneV" | Iterable | ref(Int)          // a heap object: <heap> holds its list(VS) | cellRef(Int)      // a closure cell: <heap> holds cellV(V) | closureVal(ParamNames, Stmts, Int) | typeV(String)     // a type object (int/str), resolved from the builtins frame | builtinV(String)  // a builtin function, resolved like any name (LEGB fallthrough) | boundMethodV(Val, String)   // a cooled Attribute: obj.method
0290	/reference/reference-semantics/semantics/core.k:36-36	syntax	declaration	syntax Parent   ::= "root" | parent(Int)
0291	/reference/reference-semantics/semantics/core.k:37-37	syntax	declaration	syntax Scope    ::= scope(Map, Parent)
0292	/reference/reference-semantics/semantics/core.k:38-38	syntax	declaration	syntax KResult  ::= Val
0293	/reference/reference-semantics/semantics/core.k:39-39	syntax	declaration	syntax Expr     ::= Val   // cooling puts results back into expression holes
0294	/reference/reference-semantics/semantics/core.k:40-40	syntax	declaration	syntax Vals     ::= List{Val, ","}
0295	/reference/reference-semantics/semantics/core.k:41-41	syntax	declaration	syntax Exc      ::= "NoExc" | "AssertionError"
0296	/reference/reference-semantics/semantics/core.k:42-48	syntax	declaration	syntax RetState ::= "noRet" | retV(Val)
0297	/reference/reference-semantics/semantics/core.k:49-67	configuration	configuration	configuration <k>       #loadAll($PGM:Module) </k> <env>     0 </env> <scopes>   0     |-> scope(.Map, parent(-1)) -1    |-> builtinsScope </scopes> <scopeLoc> 1 </scopeLoc> <heap>    .Map </heap> <heapLoc> 0 </heapLoc> <stack>   .List </stack> <ret>     noRet </ret> <exc>     NoExc </exc> <exit-code exit=""> 0 </exit-code>
0298	/reference/reference-semantics/semantics/core.k:68-68	syntax	declaration,function,total	syntax Bool ::= isRefV(Val) [function, total]
0299	/reference/reference-semantics/semantics/core.k:69-69	rule	equational	rule isRefV(ref(_:Int)) => true
0300	/reference/reference-semantics/semantics/core.k:70-74	rule	equational,owise	rule isRefV(_:Val)      => false [owise]
0301	/reference/reference-semantics/semantics/core.k:75-75	syntax	declaration	syntax HeapVal ::= cellV(Val)
0302	/reference/reference-semantics/semantics/core.k:76-76	syntax	declaration,function,total	syntax Bool ::= isCellRef(Val) [function, total]
0303	/reference/reference-semantics/semantics/core.k:77-77	rule	equational	rule isCellRef(cellRef(_:Int)) => true
0304	/reference/reference-semantics/semantics/core.k:78-84	rule	equational,owise	rule isCellRef(_:Val)          => false [owise]
0305	/reference/reference-semantics/semantics/core.k:85-94	rule	operational,priority	rule <k> cellRef(H:Int) => V ... </k> <env> L:Int </env> <scopes> ... L |-> scope(M:Map, _) ... </scopes> <heap> ... H |-> cellV(V:Val) ... </heap> requires "$cells" in_keys(M) [priority(40)]
0306	/reference/reference-semantics/semantics/core.k:95-95	syntax	declaration	syntax Val ::= kwV(String, Val)
0307	/reference/reference-semantics/semantics/core.k:96-96	syntax	declaration	syntax KItem ::= #kwTag(String)
0308	/reference/reference-semantics/semantics/core.k:97-97	rule	operational	rule <k> KwArg(N:String, E:Expr) => E ~> #kwTag(N) ... </k>
0309	/reference/reference-semantics/semantics/core.k:98-99	rule	operational	rule <k> V:Val ~> #kwTag(N:String) => kwV(N, V) ... </k> requires notBool isKwV(V)
0310	/reference/reference-semantics/semantics/core.k:100-100	syntax	declaration,function,total	syntax Bool ::= isKwV(Val) [function, total]
0311	/reference/reference-semantics/semantics/core.k:101-101	rule	equational	rule isKwV(kwV(_:String, _:Val)) => true
0312	/reference/reference-semantics/semantics/core.k:102-105	rule	equational,owise	rule isKwV(_:Val)                => false [owise]
0313	/reference/reference-semantics/semantics/core.k:106-106	syntax	declaration	syntax Val ::= cellsMark(ParamNames)
0314	/reference/reference-semantics/semantics/core.k:107-107	syntax	declaration,function	syntax ParamNames ::= cellsOf(Val) [function]
0315	/reference/reference-semantics/semantics/core.k:108-108	rule	equational	rule cellsOf(cellsMark(CVS:ParamNames)) => CVS
0316	/reference/reference-semantics/semantics/core.k:109-109	syntax	declaration,function,total	syntax Bool ::= pnMember(String, ParamNames) [function, total]
0317	/reference/reference-semantics/semantics/core.k:110-110	rule	equational	rule pnMember(_:String, .ParamNames) => false
0318	/reference/reference-semantics/semantics/core.k:111-111	rule	equational	rule pnMember(X:String, (P:String, R:ParamNames)) => X ==String P orBool pnMember(X, R)
0319	/reference/reference-semantics/semantics/core.k:113-113	syntax	declaration	syntax KItem ::= #cellW(Val, Val)
0320	/reference/reference-semantics/semantics/core.k:114-115	rule	operational	rule <k> #cellW(cellRef(H:Int), V:Val) => .K ... </k> <heap> ... H |-> cellV(_:Val => V) ... </heap>
0321	/reference/reference-semantics/semantics/core.k:117-117	syntax	declaration	syntax KItem ::= #alloc(Val)
0322	/reference/reference-semantics/semantics/core.k:118-123	rule	operational	rule <k> #alloc(V:Val) => ref(N) ... </k> <heap>    H:Map => (N |-> V) H </heap> <heapLoc> N:Int => N +Int 1 </heapLoc> requires notBool N in_keys(H)
0323	/reference/reference-semantics/semantics/core.k:124-124	syntax	declaration	syntax KItem ::= #loadAll(Module)
0324	/reference/reference-semantics/semantics/core.k:125-125	rule	operational	rule <k> #loadAll(Module(SS:Stmts)) => SS ... </k>
0325	/reference/reference-semantics/semantics/core.k:126-126	rule	operational	rule <k> (S:Stmt SS:Stmts):Stmts => S ~> SS ... </k>
0326	/reference/reference-semantics/semantics/core.k:127-129	rule	operational	rule <k> .Stmts => .K ... </k>
0327	/reference/reference-semantics/semantics/core.k:130-130	syntax	declaration	syntax KItem ::= #look(String, Int)
0328	/reference/reference-semantics/semantics/core.k:131-131	rule	operational	rule <k> Name(X:String) => #look(X, L) ... </k> <env> L:Int </env>
0329	/reference/reference-semantics/semantics/core.k:132-144	rule	operational	rule <k> #look(X:String, L:Int) => {M[X]}:>Val ... </k> <scopes> ... L |-> scope(M:Map, _:Parent) ... </scopes> requires X in_keys(M)
0330	/reference/reference-semantics/semantics/core.k:145-151	rule	operational,priority	rule <k> #look(X:String, L:Int) => V ... </k> <scopes> ... L |-> scope(M:Map, _:Parent) ... </scopes> <heap> ... H |-> cellV(V:Val) ... </heap> requires X in_keys(M) andBool "$cells" in_keys(M) andBool pnMember(X, cellsOf({M["$cells"]}:>Val)) andBool {M[X]}:>Val ==K cellRef(H) [priority(40)]
0331	/reference/reference-semantics/semantics/core.k:152-156	rule	operational	rule <k> #look(X:String, L:Int) => #look(X, P) ... </k> <scopes> ... L |-> scope(M:Map, parent(P:Int)) ... </scopes> requires notBool (X in_keys(M))
0332	/reference/reference-semantics/semantics/core.k:157-157	syntax	declaration,function,total	syntax Scope ::= "builtinsScope" [function, total]
0333	/reference/reference-semantics/semantics/core.k:158-184	rule	equational	rule builtinsScope => scope(.Map [ "len"    <- builtinV("len")    ] [ "set"    <- builtinV("set")    ] [ "sum"    <- builtinV("sum")    ] [ "abs"    <- builtinV("abs")    ] [ "min"    <- builtinV("min")    ] [ "max"    <- builtinV("max")    ] [ "ord"    <- builtinV("ord")    ] [ "chr"    <- builtinV("chr")    ] [ "range"  <- builtinV("range")  ] [ "all"    <- builtinV("all")    ] [ "any"    <- builtinV("any")    ] [ "zip"    <- builtinV("zip")    ] [ "isinstance" <- builtinV("isinstance") ] [ "sorted" <- builtinV("sorted") ] [ "list"   <- builtinV("list")   ] [ "round"  <- builtinV("round")  ] [ "bin"    <- builtinV("bin")    ] [ "enumerate" <- builtinV("enumerate") ] [ "map"    <- builtinV("map")    ] [ "eval"   <- builtinV("eval")   ] [ "int"    <- typeV("int")       ] [ "str"    <- typeV("str")       ] [ "float"  <- typeV("float")     ], root)
0334	/reference/reference-semantics/semantics/core.k:185-185	syntax	declaration	syntax ApplyK ::= toCall(Val)
0335	/reference/reference-semantics/semantics/core.k:186-188	syntax	declaration	syntax KItem  ::= #evalArgs(Exprs, Vals, ApplyK) | #evalArgCont(Exprs, Vals, ApplyK) | #applyK(ApplyK, Vals)
0336	/reference/reference-semantics/semantics/core.k:189-189	rule	operational	rule <k> #evalArgs((A:Expr, REST:Exprs), ACC:Vals, K:ApplyK) => A ~> #evalArgCont(REST, ACC, K) ... </k>
0337	/reference/reference-semantics/semantics/core.k:190-190	rule	operational	rule <k> V:Val ~> #evalArgCont(REST:Exprs, ACC:Vals, K:ApplyK) => #evalArgs(REST, appendVal(ACC, V), K) ... </k>
0338	/reference/reference-semantics/semantics/core.k:191-193	rule	operational	rule <k> #evalArgs(.Exprs, ACC:Vals, K:ApplyK) => #applyK(K, ACC) ... </k>
0339	/reference/reference-semantics/semantics/core.k:194-194	rule	operational	rule <k> Int(I:Int)   => I ... </k>
0340	/reference/reference-semantics/semantics/core.k:195-195	rule	operational	rule <k> Bool(B:Bool) => B ... </k>
0341	/reference/reference-semantics/semantics/core.k:196-198	rule	operational	rule <k> NoneVal      => noneV ... </k>
0342	/reference/reference-semantics/semantics/core.k:199-199	syntax	declaration,function	syntax Bool ::= truthy(Val) [function]
0343	/reference/reference-semantics/semantics/core.k:200-200	rule	equational	rule truthy(B:Bool)          => B
0344	/reference/reference-semantics/semantics/core.k:201-201	rule	equational	rule truthy(noneV)           => false
0345	/reference/reference-semantics/semantics/core.k:202-202	rule	equational	rule truthy(I:Int)           => I =/=Int 0
0346	/reference/reference-semantics/semantics/core.k:203-203	rule	equational	rule truthy(str(S:IntSeq))   => notBool (S ==K .IntSeq)
0347	/reference/reference-semantics/semantics/core.k:204-204	rule	equational	rule truthy(list(V:ValSeq))  => notBool (V ==K .ValSeq)
0348	/reference/reference-semantics/semantics/core.k:205-207	rule	equational	rule truthy(tuple(V:ValSeq)) => notBool (V ==K .ValSeq)
0349	/reference/reference-semantics/semantics/core.k:208-208	syntax	declaration,function	syntax Val  ::= applyUn(String, Val) [function]
0350	/reference/reference-semantics/semantics/core.k:209-209	syntax	declaration,function	syntax Val  ::= applyBin(String, Val, Val) [function]
0351	/reference/reference-semantics/semantics/core.k:210-212	syntax	declaration,function	syntax Bool ::= applyCmp(String, Val, Val) [function]
0352	/reference/reference-semantics/semantics/core.k:213-213	syntax	declaration,function,total	syntax Vals ::= appendVal(Vals, Val) [function, total]
0353	/reference/reference-semantics/semantics/core.k:214-214	rule	equational	rule appendVal(.Vals, V:Val)              => V , .Vals
0354	/reference/reference-semantics/semantics/core.k:215-215	rule	equational	rule appendVal((V0:Val, VS:Vals), V:Val)  => V0 , appendVal(VS, V)
0355	/reference/reference-semantics/semantics/core.k:217-217	syntax	declaration,function,total	syntax ValSeq ::= vals2valSeq(Vals) [function, total]
0356	/reference/reference-semantics/semantics/core.k:218-218	rule	equational	rule vals2valSeq(.Vals)            => .ValSeq
0357	/reference/reference-semantics/semantics/core.k:219-222	rule	equational	rule vals2valSeq((V:Val, VS:Vals)) => vCons(V, vals2valSeq(VS))
0358	/reference/reference-semantics/semantics/core.k:223-223	syntax	declaration,function,total	syntax Int ::= vsLen(ValSeq) [function, total]
0359	/reference/reference-semantics/semantics/core.k:224-224	rule	equational	rule vsLen(.ValSeq)                => 0
0360	/reference/reference-semantics/semantics/core.k:225-225	rule	equational	rule vsLen(vCons(_:Val, S:ValSeq)) => 1 +Int vsLen(S)
0361	/reference/reference-semantics/semantics/core.k:227-227	syntax	declaration,function,total	syntax Int ::= isLen(IntSeq) [function, total]
0362	/reference/reference-semantics/semantics/core.k:228-228	rule	equational	rule isLen(.IntSeq)                => 0
0363	/reference/reference-semantics/semantics/core.k:229-232	rule	equational	rule isLen(iCons(_:Int, S:IntSeq)) => 1 +Int isLen(S)
0364	/reference/reference-semantics/semantics/core.k:233-233	syntax	declaration,function,total	syntax ValSeq ::= setVSAt(ValSeq, Int, Val) [function, total]
0365	/reference/reference-semantics/semantics/core.k:234-234	rule	equational	rule setVSAt(.ValSeq, _:Int, _:Val)               => .ValSeq
0366	/reference/reference-semantics/semantics/core.k:235-235	rule	equational	rule setVSAt(vCons(_:Val, S:ValSeq), 0, V:Val)    => vCons(V, S)
0367	/reference/reference-semantics/semantics/core.k:236-237	rule	equational	rule setVSAt(vCons(W:Val, S:ValSeq), I:Int, V:Val) => vCons(W, setVSAt(S, I -Int 1, V)) requires I >Int 0
0368	/reference/reference-semantics/semantics/core.k:238-239	rule	equational	rule setVSAt(VS:ValSeq, I:Int, _:Val)             => VS requires I <Int 0
0369	/reference/reference-semantics/semantics/dict.k:20-22	syntax	declaration	syntax Val ::= dictV(ValSeq, ValSeq)
0370	/reference/reference-semantics/semantics/dict.k:23-25	syntax	declaration	syntax KItem ::= #dictAcc(Entries, ValSeq, ValSeq) | #dictKey(Expr, Entries, ValSeq, ValSeq) | #dictVal(Val, Entries, ValSeq, ValSeq)
0371	/reference/reference-semantics/semantics/dict.k:26-26	rule	operational	rule <k> DictExpr(ES:Entries) => #dictAcc(ES, .ValSeq, .ValSeq) ... </k>
0372	/reference/reference-semantics/semantics/dict.k:27-27	rule	operational	rule <k> #dictAcc(.Entries, KS:ValSeq, VS:ValSeq) => dictV(KS, VS) ... </k>
0373	/reference/reference-semantics/semantics/dict.k:28-29	rule	operational	rule <k> #dictAcc((Entry(K:Expr, V:Expr), REST:Entries), KS:ValSeq, VS:ValSeq) => K ~> #dictKey(V, REST, KS, VS) ... </k>
0374	/reference/reference-semantics/semantics/dict.k:30-31	rule	operational	rule <k> KV:Val ~> #dictKey(V:Expr, REST:Entries, KS:ValSeq, VS:ValSeq) => V ~> #dictVal(KV, REST, KS, VS) ... </k>
0375	/reference/reference-semantics/semantics/dict.k:32-36	rule	operational	rule <k> VV:Val ~> #dictVal(KV:Val, REST:Entries, KS:ValSeq, VS:ValSeq) => #dictAcc(REST, dPutK(KS, KV), dPutV(KS, VS, KV, VV)) ... </k>
0376	/reference/reference-semantics/semantics/dict.k:37-37	syntax	declaration,function,total	syntax Bool ::= dHasKey(ValSeq, Val) [function, total]
0377	/reference/reference-semantics/semantics/dict.k:38-38	rule	equational	rule dHasKey(.ValSeq, _:Val)                => false
0378	/reference/reference-semantics/semantics/dict.k:39-39	rule	equational	rule dHasKey(vCons(A:Val, _:ValSeq), K:Val) => true          requires A ==K K
0379	/reference/reference-semantics/semantics/dict.k:40-42	rule	equational	rule dHasKey(vCons(A:Val, R:ValSeq), K:Val) => dHasKey(R, K) requires notBool (A ==K K)
0380	/reference/reference-semantics/semantics/dict.k:43-43	syntax	declaration,function,total	syntax ValSeq ::= dPutK(ValSeq, Val) [function, total]
0381	/reference/reference-semantics/semantics/dict.k:44-44	rule	equational	rule dPutK(KS:ValSeq, K:Val) => KS                                  requires dHasKey(KS, K)
0382	/reference/reference-semantics/semantics/dict.k:45-48	rule	equational	rule dPutK(KS:ValSeq, K:Val) => valSeqConcat(KS, vCons(K, .ValSeq)) requires notBool dHasKey(KS, K)
0383	/reference/reference-semantics/semantics/dict.k:49-49	syntax	declaration,function,total	syntax ValSeq ::= dPutV(ValSeq, ValSeq, Val, Val) [function, total]
0384	/reference/reference-semantics/semantics/dict.k:50-51	rule	equational	rule dPutV(vCons(A:Val, _:ValSeq), vCons(_:Val, VR:ValSeq), K:Val, V:Val)  => vCons(V, VR) requires A ==K K
0385	/reference/reference-semantics/semantics/dict.k:52-53	rule	equational	rule dPutV(vCons(A:Val, KR:ValSeq), vCons(B:Val, VR:ValSeq), K:Val, V:Val) => vCons(B, dPutV(KR, VR, K, V)) requires notBool (A ==K K)
0386	/reference/reference-semantics/semantics/dict.k:54-57	rule	equational,owise	rule dPutV(_KS:ValSeq, VS:ValSeq, _K:Val, V:Val) => valSeqConcat(VS, vCons(V, .ValSeq)) [owise]
0387	/reference/reference-semantics/semantics/dict.k:58-62	rule	operational,priority	rule <k> #applyK(toCall(boundMethodV(dictV(KS:ValSeq, _:ValSeq), "keys")), .Vals) => #alloc(list(KS)) ... </k> [priority(40)]
0388	/reference/reference-semantics/semantics/dict.k:63-63	rule	equational	rule applyIndexD(dictV(KS:ValSeq, VS:ValSeq), K:Val) => dGet(KS, VS, K)
0389	/reference/reference-semantics/semantics/dict.k:64-64	syntax	declaration,function	syntax Val ::= applyIndexD(Val, Val) [function]
0390	/reference/reference-semantics/semantics/dict.k:65-69	rule	operational,priority	rule <k> Subscript(dictV(KS:ValSeq, VS:ValSeq), K:Val) => applyIndexD(dictV(KS, VS), K) ... </k> [priority(45)]
0391	/reference/reference-semantics/semantics/dict.k:70-70	syntax	declaration,function	syntax Val ::= dictSet(Val, Val, Val) [function]
0392	/reference/reference-semantics/semantics/dict.k:71-75	rule	equational	rule dictSet(dictV(KS:ValSeq, VS:ValSeq), K:Val, V:Val) => dictV(dPutK(KS, K), dPutV(KS, VS, K, V))
0393	/reference/reference-semantics/semantics/dict.k:76-76	syntax	declaration	syntax KItem ::= #dsetK(String, Val)
0394	/reference/reference-semantics/semantics/dict.k:77-77	rule	operational	rule <k> Assign(Subscript(Name(X:String), K:Expr), VV:Val) => K ~> #dsetK(X, VV) ... </k>
0395	/reference/reference-semantics/semantics/dict.k:78-81	rule	operational	rule <k> KV:Val ~> #dsetK(X:String, VV:Val) => .K ... </k> <env> L:Int </env> <scopes> ... L |-> scope(M:Map => M [ X <- dictSet({M[X]}:>Val, KV, VV) ], _) ... </scopes> requires X in_keys(M) andBool notBool isRefV({M[X]}:>Val)
0396	/reference/reference-semantics/semantics/dict.k:82-85	rule	operational	rule <k> KV:Val ~> #dsetK(X:String, VV:Val) => #dsetV({M[X]}:>Val, KV, VV) ... </k> <env> L:Int </env> <scopes> ... L |-> scope(M:Map, _) ... </scopes> requires X in_keys(M) andBool isRefV({M[X]}:>Val)
0397	/reference/reference-semantics/semantics/dict.k:86-86	syntax	declaration	syntax KItem ::= #dsetV(Val, Val, Val)
0398	/reference/reference-semantics/semantics/dict.k:87-89	rule	operational	rule <k> #dsetV(ref(H:Int), I:Int, VV:Val) => .K ... </k> <heap> ... H |-> list(VS:ValSeq => setVSAt(VS, normIdxD(I, vsLen(VS)), VV)) ... </heap>
0399	/reference/reference-semantics/semantics/dict.k:90-90	syntax	declaration,function,total	syntax Int ::= normIdxD(Int, Int) [function, total]
0400	/reference/reference-semantics/semantics/dict.k:91-91	rule	equational	rule normIdxD(I:Int, LEN:Int) => I +Int LEN requires I  <Int 0
0401	/reference/reference-semantics/semantics/dict.k:92-94	rule	equational	rule normIdxD(I:Int, _:Int)   => I          requires I >=Int 0
0402	/reference/reference-semantics/semantics/dict.k:95-96	rule	equational	rule applyCmp("==", dictV(KS1:ValSeq, VS1:ValSeq), dictV(KS2:ValSeq, VS2:ValSeq)) => (vsLen(KS1) ==Int vsLen(KS2)) andBool dSubset(KS1, VS1, KS2, VS2)
0403	/reference/reference-semantics/semantics/dict.k:97-97	syntax	declaration,function	syntax Bool ::= dSubset(ValSeq, ValSeq, ValSeq, ValSeq) [function]
0404	/reference/reference-semantics/semantics/dict.k:98-98	rule	equational	rule dSubset(.ValSeq, .ValSeq, _:ValSeq, _:ValSeq) => true
0405	/reference/reference-semantics/semantics/dict.k:99-100	rule	equational	rule dSubset(vCons(K:Val, KR:ValSeq), vCons(V:Val, VR:ValSeq), KS2:ValSeq, VS2:ValSeq) => dHasKey(KS2, K) andBool (dGet(KS2, VS2, K) ==K V) andBool dSubset(KR, VR, KS2, VS2)
0406	/reference/reference-semantics/semantics/dict.k:101-101	syntax	declaration,function	syntax Val ::= dGet(ValSeq, ValSeq, Val) [function]
0407	/reference/reference-semantics/semantics/dict.k:102-102	rule	equational	rule dGet(vCons(A:Val, _:ValSeq), vCons(B:Val, _:ValSeq), K:Val) => B                requires A ==K K
0408	/reference/reference-semantics/semantics/dict.k:103-103	rule	equational	rule dGet(vCons(A:Val, KR:ValSeq), vCons(_:Val, VR:ValSeq), K:Val) => dGet(KR, VR, K) requires notBool (A ==K K)
0409	/reference/reference-semantics/semantics/float.k:20-20	syntax	declaration	syntax Val ::= Float
0410	/reference/reference-semantics/semantics/float.k:21-23	rule	operational	rule <k> Float(F:Float) => F ... </k>
0411	/reference/reference-semantics/semantics/float.k:24-24	syntax	declaration,function,total,symbol,no-evaluators	syntax Float ::= intFloatDiv(Int, Float) [function, total, symbol(intFloatDiv), no-evaluators]
0412	/reference/reference-semantics/semantics/float.k:25-25	rule	equational,concrete	rule intFloatDiv(I:Int, F:Float) => Int2Float(I, 53, 11) /Float F [concrete]
0413	/reference/reference-semantics/semantics/float.k:27-29	rule	equational	rule applyBin("/", I:Int, F:Float) => intFloatDiv(I, F)
0414	/reference/reference-semantics/semantics/float.k:30-30	syntax	declaration,function,total,symbol,no-evaluators	syntax Float ::= divII(Int, Int) [function, total, symbol(divII), no-evaluators]
0415	/reference/reference-semantics/semantics/float.k:31-31	rule	equational,concrete	rule divII(I1:Int, I2:Int) => Int2Float(I1, 53, 11) /Float Int2Float(I2, 53, 11) [concrete]
0416	/reference/reference-semantics/semantics/float.k:32-36	rule	equational	rule applyBin("/", I1:Int, I2:Int) => divII(I1, I2)
0417	/reference/reference-semantics/semantics/float.k:37-37	syntax	declaration,function,total,symbol,no-evaluators	syntax Float ::= floatMod(Float, Float) [function, total, symbol(floatMod), no-evaluators]
0418	/reference/reference-semantics/semantics/float.k:38-38	rule	equational,concrete	rule floatMod(F1:Float, F2:Float) => F1 -Float (floorFloat(F1 /Float F2) *Float F2) [concrete]
0419	/reference/reference-semantics/semantics/float.k:39-42	rule	equational	rule applyBin("%", F1:Float, F2:Float) => floatMod(F1, F2)
0420	/reference/reference-semantics/semantics/float.k:43-43	rule	equational	rule applyCmp("==", F1:Float, F2:Float) => F1 ==Float F2
0421	/reference/reference-semantics/semantics/float.k:44-49	rule	equational	rule applyCmp("!=", F1:Float, F2:Float) => notBool (F1 ==Float F2)
0422	/reference/reference-semantics/semantics/float.k:50-50	syntax	declaration,function,total,symbol,no-evaluators	syntax Bool ::= floatLt(Float, Float) [function, total, symbol(floatLt), no-evaluators]
0423	/reference/reference-semantics/semantics/float.k:51-51	rule	equational,concrete	rule floatLt(F1:Float, F2:Float) => F1 <Float F2 [concrete]
0424	/reference/reference-semantics/semantics/float.k:52-52	rule	equational	rule applyCmp("<", F1:Float, F2:Float) => floatLt(F1, F2)
0425	/reference/reference-semantics/semantics/float.k:54-54	syntax	declaration,function,total,symbol,no-evaluators	syntax Float ::= absF(Float) [function, total, symbol(absF), no-evaluators]
0426	/reference/reference-semantics/semantics/float.k:55-55	rule	equational,concrete	rule absF(F:Float) => absFloat(F) [concrete]
0427	/reference/reference-semantics/semantics/float.k:56-60	rule	equational	rule applyBuiltin("abs", F:Float, .Vals) => absF(F)
0428	/reference/reference-semantics/semantics/float.k:61-64	rule	operational	rule <k> Import(_:String) => .K ... </k>
0429	/reference/reference-semantics/semantics/float.k:65-65	syntax	declaration	syntax KItem ::= "#mathCeil"
0430	/reference/reference-semantics/semantics/float.k:66-66	rule	operational,priority	rule <k> Call(Attribute(Name("math"), "ceil"), (E:Expr, .Exprs)) => E ~> #mathCeil ... </k> [priority(40)]
0431	/reference/reference-semantics/semantics/float.k:67-69	rule	operational	rule <k> V:Val ~> #mathCeil => ceilF(V) ... </k>
0432	/reference/reference-semantics/semantics/float.k:70-70	syntax	declaration	syntax KItem ::= "#mathFloor"
0433	/reference/reference-semantics/semantics/float.k:71-71	rule	operational,priority	rule <k> Call(Attribute(Name("math"), "floor"), (E:Expr, .Exprs)) => E ~> #mathFloor ... </k> [priority(40)]
0434	/reference/reference-semantics/semantics/float.k:72-72	rule	operational	rule <k> V:Val ~> #mathFloor => floorFI(V) ... </k>
0435	/reference/reference-semantics/semantics/float.k:73-73	syntax	declaration,function,total,symbol	syntax Int ::= floorFI(Val) [function, total, symbol(floorFI)]
0436	/reference/reference-semantics/semantics/float.k:74-74	rule	equational,concrete	rule floorFI(I:Int)   => I                        [concrete]
0437	/reference/reference-semantics/semantics/float.k:75-77	rule	equational,concrete	rule floorFI(F:Float) => Float2Int(floorFloat(F)) [concrete]
0438	/reference/reference-semantics/semantics/float.k:78-78	rule	equational	rule applyBuiltin("floor", V:Val, .Vals) => floorFI(V)
0439	/reference/reference-semantics/semantics/float.k:79-81	rule	equational	rule applyBuiltin("ceil",  V:Val, .Vals) => ceilF(V)
0440	/reference/reference-semantics/semantics/float.k:82-82	syntax	declaration	syntax KItem ::= #mathPow1(Expr) | #mathPow2(Val)
0441	/reference/reference-semantics/semantics/float.k:83-83	rule	operational,priority	rule <k> Call(Attribute(Name("math"), "pow"), (E1:Expr, E2:Expr, .Exprs)) => E1 ~> #mathPow1(E2) ... </k> [priority(40)]
0442	/reference/reference-semantics/semantics/float.k:84-84	rule	operational	rule <k> V1:Val ~> #mathPow1(E2:Expr) => E2 ~> #mathPow2(V1) ... </k>
0443	/reference/reference-semantics/semantics/float.k:85-85	rule	operational	rule <k> V2:Val ~> #mathPow2(V1:Val) => powF(toF(V1), toF(V2)) ... </k>
0444	/reference/reference-semantics/semantics/float.k:86-86	syntax	declaration,function,total,symbol	syntax Float ::= toF(Val) [function, total, symbol(toF)]
0445	/reference/reference-semantics/semantics/float.k:87-87	rule	equational,concrete	rule toF(F:Float) => F        [concrete]
0446	/reference/reference-semantics/semantics/float.k:88-92	rule	equational,concrete	rule toF(I:Int)   => intToF(I) [concrete]
0447	/reference/reference-semantics/semantics/float.k:93-93	syntax	declaration,function,total,symbol	syntax Int ::= ceilF(Val) [function, total, symbol(ceilF)]
0448	/reference/reference-semantics/semantics/float.k:94-94	rule	equational,concrete	rule ceilF(I:Int)   => I                       [concrete]
0449	/reference/reference-semantics/semantics/float.k:95-98	rule	equational,concrete	rule ceilF(F:Float) => Float2Int(ceilFloat(F)) [concrete]
0450	/reference/reference-semantics/semantics/float.k:99-102	rule	equational	rule applyUn("-", F:Float) => 0.0 -Float F
0451	/reference/reference-semantics/semantics/float.k:103-103	syntax	declaration,function,total,symbol,no-evaluators	syntax Float ::= subF(Float, Float) [function, total, symbol(subF), no-evaluators]
0452	/reference/reference-semantics/semantics/float.k:104-104	rule	equational,concrete	rule subF(F1:Float, F2:Float) => F1 -Float F2 [concrete]
0453	/reference/reference-semantics/semantics/float.k:105-105	rule	equational	rule applyBin("-", F1:Float, F2:Float) => subF(F1, F2)
0454	/reference/reference-semantics/semantics/float.k:107-107	syntax	declaration,function,total,symbol,no-evaluators	syntax Float ::= divF(Float, Float) [function, total, symbol(divF), no-evaluators]
0455	/reference/reference-semantics/semantics/float.k:108-108	rule	equational,concrete	rule divF(F1:Float, F2:Float) => F1 /Float F2 [concrete]
0456	/reference/reference-semantics/semantics/float.k:109-109	rule	equational	rule applyBin("/", F1:Float, F2:Float) => divF(F1, F2)
0457	/reference/reference-semantics/semantics/float.k:111-111	syntax	declaration,function,total,symbol,no-evaluators	syntax Float ::= addF(Float, Float) [function, total, symbol(addF), no-evaluators]
0458	/reference/reference-semantics/semantics/float.k:112-112	rule	equational,concrete	rule addF(F1:Float, F2:Float) => F1 +Float F2 [concrete]
0459	/reference/reference-semantics/semantics/float.k:113-113	rule	equational	rule applyBin("+", F1:Float, F2:Float) => addF(F1, F2)
0460	/reference/reference-semantics/semantics/float.k:115-115	syntax	declaration,function,total,symbol,no-evaluators	syntax Float ::= mulF(Float, Float) [function, total, symbol(mulF), no-evaluators]
0461	/reference/reference-semantics/semantics/float.k:116-116	rule	equational,concrete	rule mulF(F1:Float, F2:Float) => F1 *Float F2 [concrete]
0462	/reference/reference-semantics/semantics/float.k:117-117	rule	equational	rule applyBin("*", F1:Float, F2:Float) => mulF(F1, F2)
0463	/reference/reference-semantics/semantics/float.k:119-119	syntax	declaration,function,total,symbol,no-evaluators	syntax Float ::= powF(Float, Float) [function, total, symbol(powF), no-evaluators]
0464	/reference/reference-semantics/semantics/float.k:120-120	rule	equational,concrete	rule powF(F1:Float, F2:Float) => F1 ^Float F2 [concrete]
0465	/reference/reference-semantics/semantics/float.k:121-124	rule	equational	rule applyBin("**", F1:Float, F2:Float) => powF(F1, F2)
0466	/reference/reference-semantics/semantics/float.k:125-125	syntax	declaration,function,total,symbol,no-evaluators	syntax Bool ::= gtF(Float, Float) [function, total, symbol(gtF), no-evaluators]
0467	/reference/reference-semantics/semantics/float.k:126-126	rule	equational,concrete	rule gtF(F1:Float, F2:Float) => F1 >Float F2 [concrete]
0468	/reference/reference-semantics/semantics/float.k:127-127	rule	equational	rule applyCmp(">",  F1:Float, F2:Float) => gtF(F1, F2)
0469	/reference/reference-semantics/semantics/float.k:128-128	rule	equational	rule applyCmp(">=", F1:Float, F2:Float) => notBool floatLt(F1, F2)
0470	/reference/reference-semantics/semantics/float.k:129-131	rule	equational	rule applyCmp("<=", F1:Float, F2:Float) => notBool gtF(F1, F2)
0471	/reference/reference-semantics/semantics/float.k:132-132	rule	equational	rule applyBin("**", I:Int, F:Float) => powF(intToF(I), F)
0472	/reference/reference-semantics/semantics/float.k:133-133	rule	equational	rule applyBin("**", F:Float, I:Int) => powF(F, intToF(I))
0473	/reference/reference-semantics/semantics/float.k:134-134	rule	equational	rule applyBin("-",  I:Int, F:Float) => subF(intToF(I), F)
0474	/reference/reference-semantics/semantics/float.k:135-135	rule	equational	rule applyBin("-",  F:Float, I:Int) => subF(F, intToF(I))
0475	/reference/reference-semantics/semantics/float.k:136-136	rule	equational	rule applyBin("+",  I:Int, F:Float) => addF(intToF(I), F)
0476	/reference/reference-semantics/semantics/float.k:137-137	rule	equational	rule applyBin("+",  F:Float, I:Int) => addF(F, intToF(I))
0477	/reference/reference-semantics/semantics/float.k:138-138	rule	equational	rule applyBin("*",  I:Int, F:Float) => mulF(intToF(I), F)
0478	/reference/reference-semantics/semantics/float.k:139-141	rule	equational	rule applyBin("*",  F:Float, I:Int) => mulF(F, intToF(I))
0479	/reference/reference-semantics/semantics/float.k:142-142	syntax	declaration,function,total,symbol,no-evaluators	syntax Bool ::= eqF(Float, Float) [function, total, symbol(eqF), no-evaluators]
0480	/reference/reference-semantics/semantics/float.k:143-143	rule	equational,concrete	rule eqF(F1:Float, F2:Float) => F1 ==Float F2 [concrete]
0481	/reference/reference-semantics/semantics/float.k:144-144	rule	equational	rule applyCmp("==", I:Int, F:Float) => eqF(intToF(I), F)
0482	/reference/reference-semantics/semantics/float.k:145-145	rule	equational	rule applyCmp("==", F:Float, I:Int) => eqF(F, intToF(I))
0483	/reference/reference-semantics/semantics/float.k:146-146	rule	equational	rule applyCmp("!=", I:Int, F:Float) => notBool eqF(intToF(I), F)
0484	/reference/reference-semantics/semantics/float.k:147-147	rule	equational	rule applyCmp("!=", F:Float, I:Int) => notBool eqF(F, intToF(I))
0485	/reference/reference-semantics/semantics/float.k:148-148	rule	equational	rule applyCmp("<",  I:Int, F:Float) => floatLt(intToF(I), F)
0486	/reference/reference-semantics/semantics/float.k:149-149	rule	equational	rule applyCmp("<",  F:Float, I:Int) => floatLt(F, intToF(I))
0487	/reference/reference-semantics/semantics/float.k:150-150	rule	equational	rule applyCmp(">",  I:Int, F:Float) => gtF(intToF(I), F)
0488	/reference/reference-semantics/semantics/float.k:151-153	rule	equational	rule applyCmp(">",  F:Float, I:Int) => gtF(F, intToF(I))
0489	/reference/reference-semantics/semantics/float.k:154-154	rule	equational	rule applyCmp("==", V:Val, noneV) => V ==K noneV
0490	/reference/reference-semantics/semantics/float.k:155-159	rule	equational	rule applyCmp("!=", V:Val, noneV) => notBool (V ==K noneV)
0491	/reference/reference-semantics/semantics/float.k:160-160	syntax	declaration,function,total,symbol,no-evaluators	syntax Float ::= decStrToF(IntSeq) [function, total, symbol(decStrToF), no-evaluators]
0492	/reference/reference-semantics/semantics/float.k:161-161	rule	equational,concrete	rule decStrToF(iCons(45, CS:IntSeq)) => 0.0 -Float decStrToF(CS) [concrete]
0493	/reference/reference-semantics/semantics/float.k:162-164	rule	equational,concrete	rule decStrToF(CS:IntSeq) => intToF(intPart(CS)) +Float (intToF(fracPart(CS)) /Float intToF(fracScale(CS))) requires isLen(CS) >Int 0 andBool headIS(CS) =/=Int 45 [concrete]
0494	/reference/reference-semantics/semantics/float.k:165-165	syntax	declaration,function	syntax Int ::= headIS(IntSeq) [function]
0495	/reference/reference-semantics/semantics/float.k:166-166	rule	equational	rule headIS(iCons(C:Int, _:IntSeq)) => C
0496	/reference/reference-semantics/semantics/float.k:167-167	syntax	declaration,function,total	syntax Int ::= intPart(IntSeq) [function, total] | intPartAcc(IntSeq, Int) [function, total]
0497	/reference/reference-semantics/semantics/float.k:168-168	rule	equational	rule intPart(CS:IntSeq) => intPartAcc(CS, 0)
0498	/reference/reference-semantics/semantics/float.k:169-169	rule	equational	rule intPartAcc(.IntSeq, A:Int) => A
0499	/reference/reference-semantics/semantics/float.k:170-170	rule	equational	rule intPartAcc(iCons(46, _:IntSeq), A:Int) => A
0500	/reference/reference-semantics/semantics/float.k:171-172	rule	equational	rule intPartAcc(iCons(C:Int, R:IntSeq), A:Int) => intPartAcc(R, A *Int 10 +Int (C -Int 48)) requires C =/=Int 46
0501	/reference/reference-semantics/semantics/float.k:173-173	syntax	declaration,function,total	syntax Int ::= fracPart(IntSeq) [function, total] | fracAcc(IntSeq, Int) [function, total]
0502	/reference/reference-semantics/semantics/float.k:174-174	rule	equational	rule fracPart(.IntSeq) => 0
0503	/reference/reference-semantics/semantics/float.k:175-175	rule	equational	rule fracPart(iCons(46, R:IntSeq)) => fracAcc(R, 0)
0504	/reference/reference-semantics/semantics/float.k:176-176	rule	equational	rule fracPart(iCons(C:Int, R:IntSeq)) => fracPart(R) requires C =/=Int 46
0505	/reference/reference-semantics/semantics/float.k:177-177	rule	equational	rule fracAcc(.IntSeq, A:Int) => A
0506	/reference/reference-semantics/semantics/float.k:178-178	rule	equational	rule fracAcc(iCons(C:Int, R:IntSeq), A:Int) => fracAcc(R, A *Int 10 +Int (C -Int 48))
0507	/reference/reference-semantics/semantics/float.k:179-179	syntax	declaration,function,total	syntax Int ::= fracScale(IntSeq) [function, total] | fscAcc(IntSeq, Int) [function, total]
0508	/reference/reference-semantics/semantics/float.k:180-180	rule	equational	rule fracScale(.IntSeq) => 1
0509	/reference/reference-semantics/semantics/float.k:181-181	rule	equational	rule fracScale(iCons(46, R:IntSeq)) => fscAcc(R, 1)
0510	/reference/reference-semantics/semantics/float.k:182-182	rule	equational	rule fracScale(iCons(C:Int, R:IntSeq)) => fracScale(R) requires C =/=Int 46
0511	/reference/reference-semantics/semantics/float.k:183-183	rule	equational	rule fscAcc(.IntSeq, A:Int) => A
0512	/reference/reference-semantics/semantics/float.k:184-184	rule	equational	rule fscAcc(iCons(_:Int, R:IntSeq), A:Int) => fscAcc(R, A *Int 10)
0513	/reference/reference-semantics/semantics/float.k:185-185	rule	equational	rule applyBuiltin("float", str(CS:IntSeq), .Vals) => decStrToF(CS)
0514	/reference/reference-semantics/semantics/float.k:186-186	rule	equational	rule applyBuiltin("float", I:Int, .Vals)          => intToF(I)
0515	/reference/reference-semantics/semantics/float.k:187-189	rule	equational	rule applyBuiltin("float", F:Float, .Vals)        => F
0516	/reference/reference-semantics/semantics/float.k:190-190	syntax	declaration,function,total,symbol,no-evaluators	syntax Float ::= divFloatIntV(Float, Int) [function, total, symbol(divFloatIntV), no-evaluators]
0517	/reference/reference-semantics/semantics/float.k:191-191	rule	equational,concrete	rule divFloatIntV(F:Float, I:Int) => F /Float Int2Float(I, 53, 11) [concrete]
0518	/reference/reference-semantics/semantics/float.k:192-194	rule	equational	rule applyBin("/", F:Float, I:Int) => divFloatIntV(F, I)
0519	/reference/reference-semantics/semantics/float.k:195-195	syntax	declaration,function,total,symbol,no-evaluators	syntax Float ::= intToF(Int) [function, total, symbol(intToF), no-evaluators]
0520	/reference/reference-semantics/semantics/float.k:196-196	rule	equational,concrete	rule intToF(I:Int) => Int2Float(I, 53, 11) [concrete]
0521	/reference/reference-semantics/semantics/float.k:197-197	rule	equational	rule applyBin("+", I:Int, F:Float) => addF(intToF(I), F)
0522	/reference/reference-semantics/semantics/float.k:198-198	rule	equational	rule applyBin("+", F:Float, I:Int) => addF(F, intToF(I))
0523	/reference/reference-semantics/semantics/float.k:199-199	rule	equational	rule applyBin("-", I:Int, F:Float) => subF(intToF(I), F)
0524	/reference/reference-semantics/semantics/float.k:200-200	rule	equational	rule applyBin("-", F:Float, I:Int) => subF(F, intToF(I))
0525	/reference/reference-semantics/semantics/float.k:201-201	rule	equational	rule applyBin("*", I:Int, F:Float) => mulF(intToF(I), F)
0526	/reference/reference-semantics/semantics/float.k:202-202	rule	equational	rule applyBin("*", F:Float, I:Int) => mulF(F, intToF(I))
0527	/reference/reference-semantics/semantics/float.k:203-203	rule	equational	rule applyCmp("<", I:Int, F:Float) => floatLt(intToF(I), F)
0528	/reference/reference-semantics/semantics/float.k:204-204	rule	equational	rule applyCmp("<", F:Float, I:Int) => floatLt(F, intToF(I))
0529	/reference/reference-semantics/semantics/float.k:205-205	rule	equational	rule applyCmp(">", I:Int, F:Float) => gtF(intToF(I), F)
0530	/reference/reference-semantics/semantics/float.k:206-208	rule	equational	rule applyCmp(">", F:Float, I:Int) => gtF(F, intToF(I))
0531	/reference/reference-semantics/semantics/float.k:209-209	syntax	declaration,function,total,symbol,no-evaluators	syntax Int ::= truncF(Float) [function, total, symbol(truncF), no-evaluators]
0532	/reference/reference-semantics/semantics/float.k:210-210	rule	equational,concrete	rule truncF(F:Float) => #if F >=Float 0.0 #then Float2Int(floorFloat(F)) #else Float2Int(ceilFloat(F)) #fi [concrete]
0533	/reference/reference-semantics/semantics/float.k:211-211	rule	equational	rule applyBuiltin("int", F:Float, .Vals) => truncF(F)
0534	/reference/reference-semantics/semantics/float.k:213-213	rule	equational	rule applyBuiltin("float", I:Int, .Vals)   => intToF(I)
0535	/reference/reference-semantics/semantics/float.k:214-216	rule	equational	rule applyBuiltin("float", F:Float, .Vals) => F
0536	/reference/reference-semantics/semantics/float.k:217-217	syntax	declaration,function,total,symbol,no-evaluators	syntax Int ::= roundF(Float) [function, total, symbol(roundF), no-evaluators]
0537	/reference/reference-semantics/semantics/float.k:218-222	rule	equational,concrete	rule roundF(F:Float) => #if (F -Float floorFloat(F)) ==Float 0.5 #then (#if Float2Int(floorFloat(F)) %Int 2 ==Int 0 #then Float2Int(floorFloat(F)) #else Float2Int(ceilFloat(F)) #fi) #else Float2Int(floorFloat(F +Float 0.5)) #fi [concrete]
0538	/reference/reference-semantics/semantics/float.k:223-223	syntax	declaration,function,total,symbol,no-evaluators	syntax Float ::= roundFN(Float, Int) [function, total, symbol(roundFN), no-evaluators]
0539	/reference/reference-semantics/semantics/float.k:224-226	rule	equational,concrete	rule roundFN(F:Float, N:Int) => Int2Float(roundF(F *Float Int2Float(10 ^Int N, 53, 11)), 53, 11) /Float Int2Float(10 ^Int N, 53, 11) [concrete]
0540	/reference/reference-semantics/semantics/float.k:227-227	rule	equational	rule applyBuiltin("round", F:Float, .Vals)        => roundF(F)
0541	/reference/reference-semantics/semantics/float.k:228-228	rule	equational	rule applyBuiltin("round", F:Float, N:Int, .Vals) => roundFN(F, N)
0542	/reference/reference-semantics/semantics/float.k:230-230	syntax	declaration,function,total,symbol,no-evaluators	syntax Float ::= sqrtF(Float) [function, total, symbol(sqrtF), no-evaluators]
0543	/reference/reference-semantics/semantics/float.k:231-231	rule	equational,concrete	rule sqrtF(F:Float) => sqrtFloat(F) [concrete]
0544	/reference/reference-semantics/semantics/float.k:232-232	syntax	declaration	syntax KItem ::= "#mathSqrt"
0545	/reference/reference-semantics/semantics/float.k:233-233	rule	operational,priority	rule <k> Call(Attribute(Name("math"), "sqrt"), (E:Expr, .Exprs)) => E ~> #mathSqrt ... </k> [priority(40)]
0546	/reference/reference-semantics/semantics/float.k:234-234	rule	operational	rule <k> F:Float ~> #mathSqrt => sqrtF(F) ... </k>
0547	/reference/reference-semantics/semantics/float.k:235-242	rule	operational	rule <k> I:Int ~> #mathSqrt => sqrtF(intToF(I)) ... </k>
0548	/reference/reference-semantics/semantics/float.k:243-243	syntax	declaration	syntax KItem ::= #maxAccF(Iterable, Float) | #maxContF(Float)
0549	/reference/reference-semantics/semantics/float.k:244-244	rule	operational	rule <k> #iterYield(V:Val, R:Iterable) ~> #maxCont0 => #maxAccF(R, {V}:>Float) ... </k> requires isFloat(V)
0550	/reference/reference-semantics/semantics/float.k:245-245	rule	operational	rule <k> #maxAccF(IT:Iterable, M:Float) => #iterNext(IT) ~> #maxContF(M) ... </k>
0551	/reference/reference-semantics/semantics/float.k:246-246	rule	operational	rule <k> #iterDone ~> #maxContF(M:Float) => M ... </k>
0552	/reference/reference-semantics/semantics/float.k:247-248	rule	operational	rule <k> #iterYield(V:Val, R:Iterable) ~> #maxContF(M:Float) => #maxAccF(R, maxFloat(M, {V}:>Float)) ... </k> requires isFloat(V)
0553	/reference/reference-semantics/semantics/float.k:250-250	syntax	declaration	syntax KItem ::= #minAccF(Iterable, Float) | #minContF(Float)
0554	/reference/reference-semantics/semantics/float.k:251-251	rule	operational	rule <k> #iterYield(V:Val, R:Iterable) ~> #minCont0 => #minAccF(R, {V}:>Float) ... </k> requires isFloat(V)
0555	/reference/reference-semantics/semantics/float.k:252-252	rule	operational	rule <k> #minAccF(IT:Iterable, M:Float) => #iterNext(IT) ~> #minContF(M) ... </k>
0556	/reference/reference-semantics/semantics/float.k:253-253	rule	operational	rule <k> #iterDone ~> #minContF(M:Float) => M ... </k>
0557	/reference/reference-semantics/semantics/float.k:254-260	rule	operational	rule <k> #iterYield(V:Val, R:Iterable) ~> #minContF(M:Float) => #minAccF(R, minFloat(M, {V}:>Float)) ... </k> requires isFloat(V)
0558	/reference/reference-semantics/semantics/float.k:261-261	syntax	declaration	syntax KItem ::= #sumAccF(Iterable, Float) | #sumContF(Float)
0559	/reference/reference-semantics/semantics/float.k:262-264	rule	operational	rule <k> #iterYield(V:Val, R:Iterable) ~> #sumCont(ACC:Int) => #sumAccF(R, addF(intToF(ACC), {V}:>Float)) ... </k> requires isFloat(V) andBool notBool (isInt(V) orBool isBool(V))
0560	/reference/reference-semantics/semantics/float.k:265-265	rule	operational	rule <k> #sumAccF(IT:Iterable, ACC:Float) => #iterNext(IT) ~> #sumContF(ACC) ... </k>
0561	/reference/reference-semantics/semantics/float.k:266-266	rule	operational	rule <k> #iterDone ~> #sumContF(ACC:Float) => ACC ... </k>
0562	/reference/reference-semantics/semantics/float.k:267-269	rule	operational	rule <k> #iterYield(V:Val, R:Iterable) ~> #sumContF(ACC:Float) => #sumAccF(R, addF(ACC, {V}:>Float)) ... </k> requires isFloat(V)
0563	/reference/reference-semantics/semantics/float.k:270-272	rule	operational	rule <k> #iterYield(V:Val, R:Iterable) ~> #sumContF(ACC:Float) => #sumAccF(R, addF(ACC, intToF(intOf(V)))) ... </k> requires isInt(V) orBool isBool(V)
0564	/reference/reference-semantics/semantics/functions.k:8-13	syntax	declaration	syntax KItem ::= frame(continuation: K, callerEnv: Int, savedLoc: Int) | #bindP(ParamNames, Vals) | "#pop" | "#endcall"
0565	/reference/reference-semantics/semantics/functions.k:14-16	rule	operational	rule <k> FuncDef(F:String, Params(PNS:ParamNames), BODY:Stmts) => .K ... </k> <env> L:Int </env> <scopes> ... L |-> scope(M:Map => M [ F <- closureVal(PNS, BODY, L) ], _) ... </scopes>
0566	/reference/reference-semantics/semantics/functions.k:18-18	syntax	declaration	syntax Expr ::= closureExpr(ParamNames, Stmts)
0567	/reference/reference-semantics/semantics/functions.k:19-26	rule	operational	rule <k> closureExpr(PNS:ParamNames, BODY:Stmts) => closureVal(PNS, BODY, L) ... </k> <env> L:Int </env>
0568	/reference/reference-semantics/semantics/functions.k:27-30	syntax	declaration	syntax Val ::= closureValC(ParamNames, ParamNames, Stmts, Map)
0569	/reference/reference-semantics/semantics/functions.k:31-32	syntax	declaration	syntax KItem ::= #mkClosure(String, ParamNames, ParamNames, ParamNames, Stmts, Map) | #mkLambda(ParamNames, ParamNames, ParamNames, Stmts, Map)
0570	/reference/reference-semantics/semantics/functions.k:33-35	rule	operational	rule <k> FuncDef(F:String, Params(PNS:ParamNames), CellVars(CVS:ParamNames), FreeVars(FVS:ParamNames), BODY:Stmts) => #mkClosure(F, PNS, CVS, FVS, BODY, .Map) ... </k>
0571	/reference/reference-semantics/semantics/functions.k:36-41	rule	operational	rule <k> #mkClosure(F:String, PNS:ParamNames, CVS:ParamNames, (FV:String, FVR:ParamNames), BODY:Stmts, CM:Map) => #mkClosure(F, PNS, CVS, FVR, BODY, CM [ FV <- {M[FV]}:>Val ]) ... </k> <env> L:Int </env> <scopes> ... L |-> scope(M:Map, _) ... </scopes> requires FV in_keys(M)
0572	/reference/reference-semantics/semantics/functions.k:42-45	rule	operational	rule <k> #mkClosure(F:String, PNS:ParamNames, CVS:ParamNames, .ParamNames, BODY:Stmts, CM:Map) => .K ... </k> <env> L:Int </env> <scopes> ... L |-> scope(M:Map => M [ F <- closureValC(PNS, CVS, BODY, CM) ], _) ... </scopes>
0573	/reference/reference-semantics/semantics/functions.k:47-49	rule	operational	rule <k> Lambda(Params(PNS:ParamNames), E:Expr) => closureVal(PNS, Return(E) .Stmts, L) ... </k> <env> L:Int </env>
0574	/reference/reference-semantics/semantics/functions.k:50-52	rule	operational	rule <k> Lambda(Params(PNS:ParamNames), CellVars(CVS:ParamNames), FreeVars(FVS:ParamNames), E:Expr) => #mkLambda(PNS, CVS, FVS, Return(E) .Stmts, .Map) ... </k>
0575	/reference/reference-semantics/semantics/functions.k:53-58	rule	operational	rule <k> #mkLambda(PNS:ParamNames, CVS:ParamNames, (FV:String, FVR:ParamNames), BODY:Stmts, CM:Map) => #mkLambda(PNS, CVS, FVR, BODY, CM [ FV <- {M[FV]}:>Val ]) ... </k> <env> L:Int </env> <scopes> ... L |-> scope(M:Map, _) ... </scopes> requires FV in_keys(M)
0576	/reference/reference-semantics/semantics/functions.k:59-62	rule	operational	rule <k> #mkLambda(PNS:ParamNames, CVS:ParamNames, .ParamNames, BODY:Stmts, CM:Map) => closureValC(PNS, CVS, BODY, CM) ... </k>
0577	/reference/reference-semantics/semantics/functions.k:63-63	rule	operational	rule <k> #bindP(.ParamNames, .Vals) => .K ... </k>
0578	/reference/reference-semantics/semantics/functions.k:64-67	rule	operational	rule <k> #bindP((P:String, PS:ParamNames), (V:Val, VS:Vals)) => #bindP(PS, VS) ... </k> <env> L:Int </env> <scopes> ... L |-> scope(M:Map => M [ P <- V ], _) ... </scopes>
0579	/reference/reference-semantics/semantics/functions.k:68-77	rule	operational,priority	rule <k> #bindP((P:String, PS:ParamNames), (V:Val, VS:Vals)) => #cellW({M[P]}:>Val, V) ~> #bindP(PS, VS) ... </k> <env> L:Int </env> <scopes> ... L |-> scope(M:Map, _) ... </scopes> requires "$cells" in_keys(M) andBool pnMember(P, cellsOf({M["$cells"]}:>Val)) andBool P in_keys(M) andBool isCellRef({M[P]}:>Val) [priority(40)]
0580	/reference/reference-semantics/semantics/functions.k:78-79	rule	operational	rule <k> Return(V:Val) ~> _ => #pop </k> <ret> noRet => retV(V) </ret>
0581	/reference/reference-semantics/semantics/functions.k:80-84	rule	operational	rule <k> #endcall => #pop ... </k> <ret> noRet => retV(noneV) </ret>
0582	/reference/reference-semantics/semantics/functions.k:85-90	rule	operational	rule <k> #pop => V ~> CONT </k> <ret>   retV(V) => noRet </ret> <stack> ListItem(frame(CONT:K, CALLERL:Int, SAVEDL:Int)) => .List ... </stack> <env>   L:Int => CALLERL </env> <scopes> SC:Map => SC [ L <- undef ] </scopes> <scopeLoc> _ => SAVEDL </scopeLoc>
0583	/reference/reference-semantics/semantics/int.k:7-7	rule	equational	rule applyUn("-", I:Int) => 0 -Int I
0584	/reference/reference-semantics/semantics/int.k:9-10	rule	equational	rule applyBin("+",  I1:Int, I2:Int) => I1 +Int I2
0585	/reference/reference-semantics/semantics/int.k:11-11	rule	equational	rule applyBin("+",  I:Int, B:Bool) => I +Int #if B #then 1 #else 0 #fi
0586	/reference/reference-semantics/semantics/int.k:12-12	rule	equational	rule applyBin("+",  B:Bool, I:Int) => #if B #then 1 #else 0 #fi +Int I
0587	/reference/reference-semantics/semantics/int.k:13-13	rule	equational	rule applyBin("-",  I1:Int, I2:Int) => I1 -Int I2
0588	/reference/reference-semantics/semantics/int.k:14-14	rule	equational	rule applyBin("*",  I1:Int, I2:Int) => I1 *Int I2
0589	/reference/reference-semantics/semantics/int.k:15-15	rule	equational	rule applyBin("%",  I1:Int, I2:Int) => pyMod(I1, I2)
0590	/reference/reference-semantics/semantics/int.k:16-16	rule	equational	rule applyBin("//", I1:Int, I2:Int) => (I1 -Int pyMod(I1, I2)) /Int I2
0591	/reference/reference-semantics/semantics/int.k:17-17	rule	equational	rule applyBin("**", I1:Int, I2:Int) => I1 ^Int I2 requires I2 >=Int 0
0592	/reference/reference-semantics/semantics/int.k:19-19	syntax	declaration,function	syntax Int ::= pyMod(Int, Int) [function]
0593	/reference/reference-semantics/semantics/int.k:20-20	rule	equational	rule pyMod(I1:Int, I2:Int) => ((I1 %Int I2) +Int I2) %Int I2
0594	/reference/reference-semantics/semantics/int.k:22-22	rule	equational	rule applyCmp("<",  I1:Int, I2:Int)   => I1 <Int  I2
0595	/reference/reference-semantics/semantics/int.k:23-23	rule	equational	rule applyCmp("<=", I1:Int, I2:Int)   => I1 <=Int I2
0596	/reference/reference-semantics/semantics/int.k:24-24	rule	equational	rule applyCmp(">",  I1:Int, I2:Int)   => I1 >Int  I2
0597	/reference/reference-semantics/semantics/int.k:25-25	rule	equational	rule applyCmp(">=", I1:Int, I2:Int)   => I1 >=Int I2
0598	/reference/reference-semantics/semantics/int.k:26-26	rule	equational	rule applyCmp("==", I1:Int, I2:Int)   => I1 ==Int I2
0599	/reference/reference-semantics/semantics/int.k:27-27	rule	equational	rule applyCmp("!=", I1:Int, I2:Int)   => I1 =/=Int I2
0600	/reference/reference-semantics/semantics/iter.k:8-8	syntax	declaration	syntax KItem ::= #iterNext(Iterable) | "#iterDone" | #iterYield(Val, Iterable)
0601	/reference/reference-semantics/semantics/list.k:9-9	rule	operational	rule <k> #iterNext(list(.ValSeq))                => #iterDone ... </k>
0602	/reference/reference-semantics/semantics/list.k:10-12	rule	operational	rule <k> #iterNext(list(vCons(V:Val, R:ValSeq))) => #iterYield(V, list(R)) ... </k>
0603	/reference/reference-semantics/semantics/list.k:13-13	syntax	declaration	syntax ApplyK ::= "toList"
0604	/reference/reference-semantics/semantics/list.k:14-14	rule	operational	rule <k> ListExpr(ES:Exprs) => #evalArgs(ES, .Vals, toList) ... </k>
0605	/reference/reference-semantics/semantics/list.k:15-17	rule	operational	rule <k> #applyK(toList, ACC:Vals) => #alloc(list(vals2valSeq(ACC))) ... </k>
0606	/reference/reference-semantics/semantics/list.k:18-18	syntax	declaration,function,total	syntax ValSeq ::= valSeqConcat(ValSeq, ValSeq) [function, total]
0607	/reference/reference-semantics/semantics/list.k:19-19	rule	equational	rule valSeqConcat(.ValSeq, T:ValSeq)                => T
0608	/reference/reference-semantics/semantics/list.k:20-23	rule	equational	rule valSeqConcat(vCons(V:Val, S:ValSeq), T:ValSeq) => vCons(V, valSeqConcat(S, T))
0609	/reference/reference-semantics/semantics/list.k:24-25	rule	operational,priority	rule <k> BinOp("+", list(A:ValSeq), list(B:ValSeq)) => #alloc(list(valSeqConcat(A, B))) ... </k> [priority(45)]
0610	/reference/reference-semantics/semantics/list.k:27-27	rule	equational	rule applyCmp("==", list(A:ValSeq), list(B:ValSeq)) => A ==K B
0611	/reference/reference-semantics/semantics/list.k:28-32	rule	equational	rule applyCmp("!=", list(A:ValSeq), list(B:ValSeq)) => notBool (A ==K B)
0612	/reference/reference-semantics/semantics/list.k:33-33	syntax	declaration,function,total	syntax Bool ::= hasRefVS(ValSeq) [function, total]
0613	/reference/reference-semantics/semantics/list.k:34-34	rule	equational	rule hasRefVS(.ValSeq)                => false
0614	/reference/reference-semantics/semantics/list.k:35-35	rule	equational	rule hasRefVS(vCons(V:Val, R:ValSeq)) => isRefV(V) orBool hasRefVS(R)
0615	/reference/reference-semantics/semantics/list.k:37-38	syntax	declaration,function	syntax Bool ::= deepEqVS(ValSeq, ValSeq, Map) [function] | deepEqV(Val, Val, Map)        [function]
0616	/reference/reference-semantics/semantics/list.k:39-39	rule	equational	rule deepEqVS(.ValSeq, .ValSeq, _:Map)                   => true
0617	/reference/reference-semantics/semantics/list.k:40-40	rule	equational	rule deepEqVS(.ValSeq, vCons(_:Val, _:ValSeq), _:Map)    => false
0618	/reference/reference-semantics/semantics/list.k:41-41	rule	equational	rule deepEqVS(vCons(_:Val, _:ValSeq), .ValSeq, _:Map)    => false
0619	/reference/reference-semantics/semantics/list.k:42-43	rule	equational	rule deepEqVS(vCons(A:Val, As:ValSeq), vCons(B:Val, Bs:ValSeq), HP:Map) => deepEqV(A, B, HP) andBool deepEqVS(As, Bs, HP)
0620	/reference/reference-semantics/semantics/list.k:45-46	rule	equational	rule deepEqV(ref(H:Int), B:Val, HP:Map) => deepEqV({HP[H]}:>Val, B, HP) requires H in_keys(HP)
0621	/reference/reference-semantics/semantics/list.k:47-48	rule	equational	rule deepEqV(A:Val, ref(H:Int), HP:Map) => deepEqV(A, {HP[H]}:>Val, HP) requires notBool isRefV(A) andBool H in_keys(HP)
0622	/reference/reference-semantics/semantics/list.k:49-49	rule	equational	rule deepEqV(list(A:ValSeq), list(B:ValSeq), HP:Map) => deepEqVS(A, B, HP)
0623	/reference/reference-semantics/semantics/list.k:50-52	rule	equational,owise	rule deepEqV(A:Val, B:Val, _:Map) => A ==K B [owise]
0624	/reference/reference-semantics/semantics/list.k:53-57	rule	operational,priority	rule <k> #applyK(toCall(boundMethodV(ref(H:Int), "append")), (V:Val, .Vals)) => noneV ... </k> <heap> ... H |-> list(VS:ValSeq => valSeqConcat(VS, vCons(V, .ValSeq))) ... </heap> [priority(40)]
0625	/reference/reference-semantics/semantics/list.k:58-58	syntax	declaration	syntax KItem ::= #memberAcc(Val, Iterable) | #memberCont(Val) | "#notB"
0626	/reference/reference-semantics/semantics/list.k:59-59	rule	operational	rule <k> Compare(LV:Val, CmpOp("in",     list(VS:ValSeq))) => #memberAcc(LV, list(VS)) ... </k>
0627	/reference/reference-semantics/semantics/list.k:60-60	rule	operational	rule <k> Compare(LV:Val, CmpOp("not in", list(VS:ValSeq))) => #memberAcc(LV, list(VS)) ~> #notB ... </k>
0628	/reference/reference-semantics/semantics/list.k:61-61	rule	operational	rule <k> #memberAcc(V:Val, IT:Iterable) => #iterNext(IT) ~> #memberCont(V) ... </k>
0629	/reference/reference-semantics/semantics/list.k:62-62	rule	operational	rule <k> #iterDone ~> #memberCont(_V:Val) => false ... </k>
0630	/reference/reference-semantics/semantics/list.k:63-64	rule	operational	rule <k> #iterYield(E:Val, _:Iterable) ~> #memberCont(V:Val) => true ... </k> requires E ==K V
0631	/reference/reference-semantics/semantics/list.k:65-66	rule	operational	rule <k> #iterYield(E:Val, R:Iterable) ~> #memberCont(V:Val) => #memberAcc(V, R) ... </k> requires notBool (E ==K V)
0632	/reference/reference-semantics/semantics/list.k:67-67	rule	operational	rule <k> B:Bool ~> #notB => notBool B ... </k>
0633	/reference/reference-semantics/semantics/methods.k:10-12	syntax	declaration,function	syntax Val ::= applyMethod(Val, String, Vals) [function]
0634	/reference/reference-semantics/semantics/methods.k:13-13	rule	equational	rule applyMethod(str(CS:IntSeq), "isupper", .Vals) => hasUpper(CS) andBool notBool hasLower(CS)
0635	/reference/reference-semantics/semantics/methods.k:14-14	rule	equational	rule applyMethod(str(CS:IntSeq), "islower", .Vals) => hasLower(CS) andBool notBool hasUpper(CS)
0636	/reference/reference-semantics/semantics/methods.k:15-15	rule	equational	rule applyMethod(str(CS:IntSeq), "isalpha", .Vals) => notBool (CS ==K .IntSeq) andBool allAlpha(CS)
0637	/reference/reference-semantics/semantics/methods.k:16-18	rule	equational	rule applyMethod(str(CS:IntSeq), "isdigit", .Vals) => notBool (CS ==K .IntSeq) andBool allDigit(CS)
0638	/reference/reference-semantics/semantics/methods.k:19-19	rule	equational	rule applyMethod(str(CS:IntSeq), "lower",    .Vals) => str(mapLower(CS))
0639	/reference/reference-semantics/semantics/methods.k:20-20	rule	equational	rule applyMethod(str(CS:IntSeq), "upper",    .Vals) => str(mapUpper(CS))
0640	/reference/reference-semantics/semantics/methods.k:21-25	rule	equational	rule applyMethod(str(CS:IntSeq), "swapcase", .Vals) => str(mapSwap(CS))
0641	/reference/reference-semantics/semantics/methods.k:26-26	rule	equational	rule applyMethod(str(SEP:IntSeq), "join", list(VS:ValSeq), .Vals) => str(joinCodes(SEP, VS))
0642	/reference/reference-semantics/semantics/methods.k:27-27	syntax	declaration,function,total	syntax IntSeq ::= joinCodes(IntSeq, ValSeq) [function, total]
0643	/reference/reference-semantics/semantics/methods.k:28-28	rule	equational	rule joinCodes(_:IntSeq, .ValSeq) => .IntSeq
0644	/reference/reference-semantics/semantics/methods.k:29-29	rule	equational	rule joinCodes(_:IntSeq, vCons(str(CS:IntSeq), .ValSeq)) => CS
0645	/reference/reference-semantics/semantics/methods.k:30-33	rule	equational	rule joinCodes(SEP:IntSeq, vCons(str(CS:IntSeq), vCons(V:Val, R:ValSeq))) => seqConcat(CS, seqConcat(SEP, joinCodes(SEP, vCons(V, R))))
0646	/reference/reference-semantics/semantics/methods.k:34-34	rule	equational	rule applyMethod(str(CS:IntSeq), "count", str(PC:IntSeq), .Vals) => cntSub(CS, PC)
0647	/reference/reference-semantics/semantics/methods.k:35-35	syntax	declaration,function	syntax Int ::= cntSub(IntSeq, IntSeq) [function]
0648	/reference/reference-semantics/semantics/methods.k:36-36	rule	equational	rule cntSub(.IntSeq, _:IntSeq) => 0
0649	/reference/reference-semantics/semantics/methods.k:37-38	rule	equational	rule cntSub(iCons(C:Int, R:IntSeq), PC:IntSeq) => 1 +Int cntSub(dropIS(iCons(C, R), isLen(PC)), PC) requires strPrefix(PC, iCons(C, R)) andBool isLen(PC) >Int 0
0650	/reference/reference-semantics/semantics/methods.k:39-40	rule	equational	rule cntSub(iCons(C:Int, R:IntSeq), PC:IntSeq) => cntSub(R, PC) requires notBool strPrefix(PC, iCons(C, R)) orBool isLen(PC) <=Int 0
0651	/reference/reference-semantics/semantics/methods.k:41-41	syntax	declaration,function,total	syntax IntSeq ::= dropIS(IntSeq, Int) [function, total]
0652	/reference/reference-semantics/semantics/methods.k:42-42	rule	equational	rule dropIS(S:IntSeq, N:Int) => S requires N <=Int 0
0653	/reference/reference-semantics/semantics/methods.k:43-43	rule	equational,owise	rule dropIS(.IntSeq, _:Int) => .IntSeq [owise]
0654	/reference/reference-semantics/semantics/methods.k:44-46	rule	equational	rule dropIS(iCons(_:Int, R:IntSeq), N:Int) => dropIS(R, N -Int 1) requires N >Int 0
0655	/reference/reference-semantics/semantics/methods.k:47-47	rule	equational	rule applyMethod(str(CS:IntSeq), "strip", .Vals) => str(revIS(trimWS(revIS(trimWS(CS)))))
0656	/reference/reference-semantics/semantics/methods.k:48-48	syntax	declaration,function,total	syntax IntSeq ::= trimWS(IntSeq) [function, total]
0657	/reference/reference-semantics/semantics/methods.k:49-49	rule	equational	rule trimWS(.IntSeq) => .IntSeq
0658	/reference/reference-semantics/semantics/methods.k:50-50	rule	equational	rule trimWS(iCons(C:Int, R:IntSeq)) => trimWS(R) requires isWSC(C)
0659	/reference/reference-semantics/semantics/methods.k:51-51	rule	equational	rule trimWS(iCons(C:Int, R:IntSeq)) => iCons(C, R) requires notBool isWSC(C)
0660	/reference/reference-semantics/semantics/methods.k:52-52	syntax	declaration,function,total	syntax IntSeq ::= revIS(IntSeq) [function, total] | revISAcc(IntSeq, IntSeq) [function, total]
0661	/reference/reference-semantics/semantics/methods.k:53-53	rule	equational	rule revIS(S:IntSeq) => revISAcc(S, .IntSeq)
0662	/reference/reference-semantics/semantics/methods.k:54-54	rule	equational	rule revISAcc(.IntSeq, A:IntSeq) => A
0663	/reference/reference-semantics/semantics/methods.k:55-57	rule	equational	rule revISAcc(iCons(C:Int, R:IntSeq), A:IntSeq) => revISAcc(R, iCons(C, A))
0664	/reference/reference-semantics/semantics/methods.k:58-60	rule	equational	rule applyMethod(str(CS:IntSeq), "encode", str(_:IntSeq), .Vals) => str(CS)
0665	/reference/reference-semantics/semantics/methods.k:61-63	rule	equational	rule applyMethod(str(XC:IntSeq), "startswith", str(PC:IntSeq), .Vals) => startsWith(PC, XC)
0666	/reference/reference-semantics/semantics/methods.k:64-64	rule	equational	rule applyMethod(list(VS:ValSeq), "count", V:Val, .Vals) => cntOccVS(VS, V)
0667	/reference/reference-semantics/semantics/methods.k:65-65	syntax	declaration,function,total	syntax Int ::= cntOccVS(ValSeq, Val) [function, total]
0668	/reference/reference-semantics/semantics/methods.k:66-66	rule	equational	rule cntOccVS(.ValSeq, _:Val)                => 0
0669	/reference/reference-semantics/semantics/methods.k:67-67	rule	equational	rule cntOccVS(vCons(A:Val, R:ValSeq), V:Val) => 1 +Int cntOccVS(R, V) requires A ==K V
0670	/reference/reference-semantics/semantics/methods.k:68-71	rule	equational	rule cntOccVS(vCons(A:Val, R:ValSeq), V:Val) => cntOccVS(R, V)        requires notBool (A ==K V)
0671	/reference/reference-semantics/semantics/methods.k:72-74	rule	operational,priority	rule <k> #applyK(toCall(boundMethodV(str(CS:IntSeq), "split")), .Vals) => #alloc(list(splitWS(CS, .IntSeq, .ValSeq))) ... </k> [priority(40)]
0672	/reference/reference-semantics/semantics/methods.k:75-75	syntax	declaration,function	syntax ValSeq ::= splitWS(IntSeq, IntSeq, ValSeq) [function]  // remaining, current token, result
0673	/reference/reference-semantics/semantics/methods.k:76-76	rule	equational	rule splitWS(.IntSeq, CUR:IntSeq, ACC:ValSeq) => flushTok(ACC, CUR)
0674	/reference/reference-semantics/semantics/methods.k:77-78	rule	equational	rule splitWS(iCons(C:Int, R:IntSeq), CUR:IntSeq, ACC:ValSeq) => splitWS(R, .IntSeq, flushTok(ACC, CUR)) requires isWSC(C)
0675	/reference/reference-semantics/semantics/methods.k:79-81	rule	equational	rule splitWS(iCons(C:Int, R:IntSeq), CUR:IntSeq, ACC:ValSeq) => splitWS(R, seqConcat(CUR, iCons(C, .IntSeq)), ACC) requires notBool isWSC(C)
0676	/reference/reference-semantics/semantics/methods.k:82-82	syntax	declaration,function	syntax ValSeq ::= flushTok(ValSeq, IntSeq) [function]
0677	/reference/reference-semantics/semantics/methods.k:83-83	rule	equational	rule flushTok(ACC:ValSeq, .IntSeq)            => ACC
0678	/reference/reference-semantics/semantics/methods.k:84-84	rule	equational	rule flushTok(ACC:ValSeq, iCons(C:Int, T:IntSeq)) => valSeqConcat(ACC, vCons(str(iCons(C, T)), .ValSeq))
0679	/reference/reference-semantics/semantics/methods.k:85-85	syntax	declaration,function,total	syntax Bool ::= isWSC(Int) [function, total]
0680	/reference/reference-semantics/semantics/methods.k:86-88	rule	equational	rule isWSC(C:Int) => C ==Int 32 orBool C ==Int 9 orBool C ==Int 10 orBool C ==Int 13
0681	/reference/reference-semantics/semantics/methods.k:89-93	rule	operational,priority	rule <k> #applyK(toCall(boundMethodV(str(CS:IntSeq), "split")), (kwV("sep", str(S:IntSeq)), .Vals)) => #applyK(toCall(boundMethodV(str(CS), "split")), (str(S), .Vals)) ... </k> [priority(39)]
0682	/reference/reference-semantics/semantics/methods.k:94-96	rule	operational,priority	rule <k> #applyK(toCall(boundMethodV(str(CS:IntSeq), "split")), (str(iCons(SEP:Int, .IntSeq)), .Vals)) => #alloc(list(splitSep(CS, SEP, .IntSeq))) ... </k> [priority(40)]
0683	/reference/reference-semantics/semantics/methods.k:97-97	syntax	declaration,function	syntax ValSeq ::= splitSep(IntSeq, Int, IntSeq) [function]  // remaining, sep code, current token
0684	/reference/reference-semantics/semantics/methods.k:98-98	rule	equational	rule splitSep(.IntSeq, _SEP:Int, CUR:IntSeq)              => vCons(str(CUR), .ValSeq)
0685	/reference/reference-semantics/semantics/methods.k:99-100	rule	equational	rule splitSep(iCons(C:Int, R:IntSeq), SEP:Int, CUR:IntSeq) => vCons(str(CUR), splitSep(R, SEP, .IntSeq)) requires C ==Int SEP
0686	/reference/reference-semantics/semantics/methods.k:101-102	rule	equational	rule splitSep(iCons(C:Int, R:IntSeq), SEP:Int, CUR:IntSeq) => splitSep(R, SEP, seqConcat(CUR, iCons(C, .IntSeq))) requires notBool (C ==Int SEP)
0687	/reference/reference-semantics/semantics/methods.k:104-105	rule	equational	rule applyMethod(str(CS:IntSeq), "replace", str(iCons(A:Int, .IntSeq)), str(iCons(B:Int, .IntSeq)), .Vals) => str(replaceC(CS, A, B))
0688	/reference/reference-semantics/semantics/methods.k:106-106	syntax	declaration,function,total	syntax IntSeq ::= replaceC(IntSeq, Int, Int) [function, total]
0689	/reference/reference-semantics/semantics/methods.k:107-107	rule	equational	rule replaceC(.IntSeq, _:Int, _:Int)             => .IntSeq
0690	/reference/reference-semantics/semantics/methods.k:108-108	rule	equational	rule replaceC(iCons(C:Int, R:IntSeq), A:Int, B:Int) => iCons(B, replaceC(R, A, B)) requires C ==Int A
0691	/reference/reference-semantics/semantics/methods.k:109-111	rule	equational	rule replaceC(iCons(C:Int, R:IntSeq), A:Int, B:Int) => iCons(C, replaceC(R, A, B)) requires notBool (C ==Int A)
0692	/reference/reference-semantics/semantics/methods.k:112-112	syntax	declaration,function,total	syntax Bool ::= isUpperC(Int) [function, total]
0693	/reference/reference-semantics/semantics/methods.k:113-113	rule	equational	rule isUpperC(C:Int) => C >=Int 65 andBool C <=Int 90
0694	/reference/reference-semantics/semantics/methods.k:115-115	syntax	declaration,function,total	syntax Bool ::= isLowerC(Int) [function, total]
0695	/reference/reference-semantics/semantics/methods.k:116-116	rule	equational	rule isLowerC(C:Int) => C >=Int 97 andBool C <=Int 122
0696	/reference/reference-semantics/semantics/methods.k:118-118	syntax	declaration,function,total	syntax Bool ::= isAlphaC(Int) [function, total]
0697	/reference/reference-semantics/semantics/methods.k:119-119	rule	equational	rule isAlphaC(C:Int) => isUpperC(C) orBool isLowerC(C)
0698	/reference/reference-semantics/semantics/methods.k:121-121	syntax	declaration,function,total	syntax Bool ::= isDigitC(Int) [function, total]
0699	/reference/reference-semantics/semantics/methods.k:122-122	rule	equational	rule isDigitC(C:Int) => C >=Int 48 andBool C <=Int 57
0700	/reference/reference-semantics/semantics/methods.k:124-124	syntax	declaration,function,total	syntax Bool ::= hasUpper(IntSeq) [function, total]
0701	/reference/reference-semantics/semantics/methods.k:125-125	rule	equational	rule hasUpper(.IntSeq) => false
0702	/reference/reference-semantics/semantics/methods.k:126-126	rule	equational	rule hasUpper(iCons(C:Int, S:IntSeq)) => isUpperC(C) orBool hasUpper(S)
0703	/reference/reference-semantics/semantics/methods.k:128-128	syntax	declaration,function,total	syntax Bool ::= hasLower(IntSeq) [function, total]
0704	/reference/reference-semantics/semantics/methods.k:129-129	rule	equational	rule hasLower(.IntSeq) => false
0705	/reference/reference-semantics/semantics/methods.k:130-130	rule	equational	rule hasLower(iCons(C:Int, S:IntSeq)) => isLowerC(C) orBool hasLower(S)
0706	/reference/reference-semantics/semantics/methods.k:132-132	syntax	declaration,function,total	syntax Bool ::= allAlpha(IntSeq) [function, total]
0707	/reference/reference-semantics/semantics/methods.k:133-133	rule	equational	rule allAlpha(.IntSeq) => true
0708	/reference/reference-semantics/semantics/methods.k:134-134	rule	equational	rule allAlpha(iCons(C:Int, S:IntSeq)) => isAlphaC(C) andBool allAlpha(S)
0709	/reference/reference-semantics/semantics/methods.k:136-136	syntax	declaration,function,total	syntax Bool ::= allDigit(IntSeq) [function, total]
0710	/reference/reference-semantics/semantics/methods.k:137-137	rule	equational	rule allDigit(.IntSeq) => true
0711	/reference/reference-semantics/semantics/methods.k:138-138	rule	equational	rule allDigit(iCons(C:Int, S:IntSeq)) => isDigitC(C) andBool allDigit(S)
0712	/reference/reference-semantics/semantics/methods.k:140-140	syntax	declaration,function,total	syntax Int ::= lowerC(Int) [function, total]
0713	/reference/reference-semantics/semantics/methods.k:142-142	rule	equational	rule lowerC(C:Int) => C +Int 32 requires isUpperC(C)
0714	/reference/reference-semantics/semantics/methods.k:143-143	rule	equational,owise	rule lowerC(C:Int) => C         [owise]
0715	/reference/reference-semantics/semantics/methods.k:145-145	syntax	declaration,function,total	syntax Int ::= upperC(Int) [function, total]
0716	/reference/reference-semantics/semantics/methods.k:146-146	rule	equational	rule upperC(C:Int) => C -Int 32 requires isLowerC(C)
0717	/reference/reference-semantics/semantics/methods.k:147-147	rule	equational,owise	rule upperC(C:Int) => C         [owise]
0718	/reference/reference-semantics/semantics/methods.k:149-149	syntax	declaration,function,total	syntax Int ::= swapC(Int) [function, total]
0719	/reference/reference-semantics/semantics/methods.k:150-150	rule	equational	rule swapC(C:Int) => C +Int 32 requires isUpperC(C)
0720	/reference/reference-semantics/semantics/methods.k:151-151	rule	equational	rule swapC(C:Int) => C -Int 32 requires isLowerC(C)
0721	/reference/reference-semantics/semantics/methods.k:152-152	rule	equational,owise	rule swapC(C:Int) => C         [owise]
0722	/reference/reference-semantics/semantics/methods.k:154-154	syntax	declaration,function,total	syntax IntSeq ::= mapLower(IntSeq) [function, total]
0723	/reference/reference-semantics/semantics/methods.k:155-155	rule	equational	rule mapLower(.IntSeq) => .IntSeq
0724	/reference/reference-semantics/semantics/methods.k:156-156	rule	equational	rule mapLower(iCons(C:Int, S:IntSeq)) => iCons(lowerC(C), mapLower(S))
0725	/reference/reference-semantics/semantics/methods.k:158-158	syntax	declaration,function,total	syntax IntSeq ::= mapUpper(IntSeq) [function, total]
0726	/reference/reference-semantics/semantics/methods.k:159-159	rule	equational	rule mapUpper(.IntSeq) => .IntSeq
0727	/reference/reference-semantics/semantics/methods.k:160-160	rule	equational	rule mapUpper(iCons(C:Int, S:IntSeq)) => iCons(upperC(C), mapUpper(S))
0728	/reference/reference-semantics/semantics/methods.k:162-162	syntax	declaration,function,total	syntax IntSeq ::= mapSwap(IntSeq) [function, total]
0729	/reference/reference-semantics/semantics/methods.k:163-163	rule	equational	rule mapSwap(.IntSeq) => .IntSeq
0730	/reference/reference-semantics/semantics/methods.k:164-164	rule	equational	rule mapSwap(iCons(C:Int, S:IntSeq)) => iCons(swapC(C), mapSwap(S))
0731	/reference/reference-semantics/semantics/methods.k:166-166	syntax	declaration,function,total	syntax Bool ::= startsWith(IntSeq, IntSeq) [function, total]
0732	/reference/reference-semantics/semantics/methods.k:167-167	rule	equational	rule startsWith(.IntSeq, _:IntSeq)               => true
0733	/reference/reference-semantics/semantics/methods.k:168-168	rule	equational	rule startsWith(iCons(_:Int, _:IntSeq), .IntSeq) => false
0734	/reference/reference-semantics/semantics/methods.k:169-169	rule	equational	rule startsWith(iCons(A:Int, As:IntSeq), iCons(B:Int, Bs:IntSeq)) => A ==Int B andBool startsWith(As, Bs)
0735	/reference/reference-semantics/semantics/operators.k:10-10	rule	operational	rule <k> UnaryOp(OP:String, V:Val) => applyUn(OP, V) ... </k>
0736	/reference/reference-semantics/semantics/operators.k:12-14	rule	operational	rule <k> BinOp(OP:String, L:Val, R:Val) => applyBin(OP, L, R) ... </k>
0737	/reference/reference-semantics/semantics/operators.k:15-15	context	evaluation-context	context Compare(HOLE, _)
0738	/reference/reference-semantics/semantics/operators.k:16-16	context	evaluation-context	context Compare(_:Val, CmpOp(_, HOLE))
0739	/reference/reference-semantics/semantics/operators.k:17-17	rule	operational,owise	rule <k> Compare(LV:Val, CmpOp(OP:String, RV:Val)) => applyCmp(OP, LV, RV) ... </k> [owise]
0740	/reference/reference-semantics/semantics/operators.k:19-19	rule	equational	rule applyCmp("is",     V:Val, noneV) => V ==K noneV
0741	/reference/reference-semantics/semantics/operators.k:20-24	rule	equational	rule applyCmp("is not", V:Val, noneV) => notBool (V ==K noneV)
0742	/reference/reference-semantics/semantics/operators.k:25-27	rule	operational,priority	rule <k> BinOp(OP:String, ref(H:Int), R:Expr) => BinOp(OP, V, R) ... </k> <heap> ... H |-> V:Val ... </heap> [priority(40)]
0743	/reference/reference-semantics/semantics/operators.k:28-33	rule	operational,priority	rule <k> BinOp(OP:String, L:Val, ref(H:Int)) => BinOp(OP, L, V) ... </k> <heap> ... H |-> V:Val ... </heap> requires notBool isRefV(L) [priority(40)]
0744	/reference/reference-semantics/semantics/operators.k:34-37	rule	operational,priority	rule <k> Compare(ref(H:Int), CmpOp(OP:String, R:Expr)) => Compare(V, CmpOp(OP, R)) ... </k> <heap> ... H |-> V:Val ... </heap> requires OP =/=String "in" andBool OP =/=String "not in" [priority(40)]
0745	/reference/reference-semantics/semantics/operators.k:38-42	rule	operational,priority	rule <k> Compare(L:Val, CmpOp(OP:String, ref(H:Int))) => Compare(L, CmpOp(OP, V)) ... </k> <heap> ... H |-> V:Val ... </heap> requires notBool isRefV(L) orBool OP ==String "in" orBool OP ==String "not in" [priority(40)]
0746	/reference/reference-semantics/semantics/operators.k:44-46	rule	operational,priority	rule <k> UnaryOp(OP:String, ref(H:Int)) => UnaryOp(OP, V) ... </k> <heap> ... H |-> V:Val ... </heap> [priority(40)]
0747	/reference/reference-semantics/semantics/range.k:9-9	syntax	declaration,function,total	syntax Bool ::= inRange(Int, Int, Int) [function, total]
0748	/reference/reference-semantics/semantics/range.k:10-10	rule	equational	rule inRange(I:Int, HI:Int, ST:Int) => (ST >Int 0 andBool I <Int HI) orBool (ST <Int 0 andBool I >Int HI)
0749	/reference/reference-semantics/semantics/range.k:12-12	syntax	declaration,function	syntax Int ::= rangeLen(Int, Int, Int) [function]
0750	/reference/reference-semantics/semantics/range.k:13-14	rule	equational	rule rangeLen(LO:Int, HI:Int, ST:Int) => (HI -Int LO +Int ST -Int 1) /Int ST requires ST >Int 0 andBool HI >Int LO
0751	/reference/reference-semantics/semantics/range.k:15-16	rule	equational	rule rangeLen(LO:Int, HI:Int, ST:Int) => (LO -Int HI -Int ST -Int 1) /Int (0 -Int ST) requires ST <Int 0 andBool HI <Int LO
0752	/reference/reference-semantics/semantics/range.k:17-18	rule	equational	rule rangeLen(LO:Int, HI:Int, ST:Int) => 0 requires (ST >Int 0 andBool HI <=Int LO) orBool (ST <Int 0 andBool HI >=Int LO)
0753	/reference/reference-semantics/semantics/range.k:20-22	rule	operational	rule <k> #iterNext(rangeObj(I:Int, HI:Int, ST:Int)) => #iterYield(I, rangeObj(I +Int ST, HI, ST)) ... </k> requires inRange(I, HI, ST)
0754	/reference/reference-semantics/semantics/range.k:23-24	rule	operational	rule <k> #iterNext(rangeObj(I:Int, HI:Int, ST:Int)) => #iterDone ... </k> requires notBool inRange(I, HI, ST)
0755	/reference/reference-semantics/semantics/set.k:8-10	syntax	declaration	syntax Val ::= setV(IntSeq)
0756	/reference/reference-semantics/semantics/set.k:11-11	syntax	declaration,function,total	syntax Bool ::= codeIn(Int, IntSeq) [function, total]
0757	/reference/reference-semantics/semantics/set.k:12-12	rule	equational	rule codeIn(_:Int, .IntSeq)                => false
0758	/reference/reference-semantics/semantics/set.k:13-15	rule	equational	rule codeIn(C:Int, iCons(H:Int, T:IntSeq)) => C ==Int H orBool codeIn(C, T)
0759	/reference/reference-semantics/semantics/set.k:16-17	syntax	declaration,function,total	syntax IntSeq ::= dedupCodes(IntSeq)         [function, total] | dedupFrom(IntSeq, IntSeq)  [function, total]
0760	/reference/reference-semantics/semantics/set.k:18-18	rule	equational	rule dedupCodes(CS:IntSeq) => dedupFrom(CS, .IntSeq)
0761	/reference/reference-semantics/semantics/set.k:19-19	rule	equational	rule dedupFrom(.IntSeq, ACC:IntSeq) => ACC
0762	/reference/reference-semantics/semantics/set.k:20-21	rule	equational	rule dedupFrom(iCons(C:Int, S:IntSeq), ACC:IntSeq) => dedupFrom(S, ACC) requires codeIn(C, ACC)
0763	/reference/reference-semantics/semantics/set.k:22-23	rule	equational	rule dedupFrom(iCons(C:Int, S:IntSeq), ACC:IntSeq) => dedupFrom(S, snocCode(ACC, C)) requires notBool codeIn(C, ACC)
0764	/reference/reference-semantics/semantics/set.k:25-25	syntax	declaration,function,total	syntax IntSeq ::= snocCode(IntSeq, Int) [function, total]
0765	/reference/reference-semantics/semantics/set.k:26-26	rule	equational	rule snocCode(.IntSeq, C:Int)                => iCons(C, .IntSeq)
0766	/reference/reference-semantics/semantics/set.k:27-30	rule	equational	rule snocCode(iCons(H:Int, T:IntSeq), C:Int) => iCons(H, snocCode(T, C))
0767	/reference/reference-semantics/semantics/set.k:31-31	syntax	declaration,function,total	syntax Bool ::= subsetCodes(IntSeq, IntSeq) [function, total]
0768	/reference/reference-semantics/semantics/set.k:32-32	rule	equational	rule subsetCodes(.IntSeq, _:IntSeq)                => true
0769	/reference/reference-semantics/semantics/set.k:33-33	rule	equational	rule subsetCodes(iCons(C:Int, S:IntSeq), B:IntSeq) => codeIn(C, B) andBool subsetCodes(S, B)
0770	/reference/reference-semantics/semantics/set.k:35-35	syntax	declaration,function,total	syntax Bool ::= sameSet(IntSeq, IntSeq) [function, total]
0771	/reference/reference-semantics/semantics/set.k:36-38	rule	equational	rule sameSet(A:IntSeq, B:IntSeq) => subsetCodes(A, B) andBool subsetCodes(B, A)
0772	/reference/reference-semantics/semantics/set.k:39-39	rule	equational	rule applyCmp("==", setV(A:IntSeq), setV(B:IntSeq)) => sameSet(A, B)
0773	/reference/reference-semantics/semantics/sort.k:18-18	syntax	declaration,function,total,symbol,no-evaluators	syntax ValSeq ::= sortVS(ValSeq) [function, total, symbol(sortVS), no-evaluators]
0774	/reference/reference-semantics/semantics/sort.k:19-19	syntax	declaration,function	syntax ValSeq ::= insVS(Int, ValSeq) [function]
0775	/reference/reference-semantics/semantics/sort.k:20-20	rule	equational,concrete	rule sortVS(.ValSeq)                => .ValSeq          [concrete]
0776	/reference/reference-semantics/semantics/sort.k:21-21	rule	equational,concrete	rule sortVS(vCons(X:Int, R:ValSeq)) => insVS(X, sortVS(R)) [concrete]
0777	/reference/reference-semantics/semantics/sort.k:22-22	rule	equational,concrete	rule insVS(X:Int, .ValSeq)                => vCons(X, .ValSeq) [concrete]
0778	/reference/reference-semantics/semantics/sort.k:23-23	rule	equational,concrete	rule insVS(X:Int, vCons(Y:Int, R:ValSeq)) => vCons(X, vCons(Y, R)) requires X <=Int Y [concrete]
0779	/reference/reference-semantics/semantics/sort.k:24-25	rule	equational,concrete	rule insVS(X:Int, vCons(Y:Int, R:ValSeq)) => vCons(Y, insVS(X, R)) requires X  >Int Y [concrete]
0780	/reference/reference-semantics/semantics/sort.k:26-26	syntax	declaration,function	syntax ValSeq ::= insVSs(IntSeq, ValSeq) [function]
0781	/reference/reference-semantics/semantics/sort.k:27-27	rule	equational,concrete	rule sortVS(vCons(str(CS:IntSeq), R:ValSeq)) => insVSs(CS, sortVS(R)) [concrete]
0782	/reference/reference-semantics/semantics/sort.k:28-28	rule	equational,concrete	rule insVSs(A:IntSeq, .ValSeq) => vCons(str(A), .ValSeq) [concrete]
0783	/reference/reference-semantics/semantics/sort.k:29-30	rule	equational,concrete	rule insVSs(A:IntSeq, vCons(str(B:IntSeq), R:ValSeq)) => vCons(str(A), vCons(str(B), R)) requires strLt(A, B) orBool A ==K B [concrete]
0784	/reference/reference-semantics/semantics/sort.k:31-35	rule	equational,concrete	rule insVSs(A:IntSeq, vCons(str(B:IntSeq), R:ValSeq)) => vCons(str(B), insVSs(A, R)) requires notBool (strLt(A, B) orBool A ==K B) [concrete]
0785	/reference/reference-semantics/semantics/sort.k:36-39	rule	operational	rule <k> #applyK(toCall(builtinV("sorted")), (list(VS:ValSeq), .Vals)) => #alloc(list(sortVS(VS))) ... </k>
0786	/reference/reference-semantics/semantics/sort.k:40-48	rule	operational,priority	rule <k> #applyK(toCall(boundMethodV(ref(H:Int), "sort")), .Vals) => noneV ... </k> <heap> ... H |-> list(VS:ValSeq => sortVS(VS)) ... </heap> [priority(40)]
0787	/reference/reference-semantics/semantics/sort.k:49-49	syntax	declaration,function,total,symbol,no-evaluators	syntax ValSeq ::= sortKeyVS(ValSeq, Val) [function, total, symbol(sortKeyVS), no-evaluators]
0788	/reference/reference-semantics/semantics/sort.k:51-52	syntax	declaration,function,total	syntax ValSeq ::= revVS(ValSeq) [function, total] | revVSAcc(ValSeq, ValSeq) [function, total]
0789	/reference/reference-semantics/semantics/sort.k:53-53	rule	equational	rule revVS(S:ValSeq) => revVSAcc(S, .ValSeq)
0790	/reference/reference-semantics/semantics/sort.k:54-54	rule	equational	rule revVSAcc(.ValSeq, A:ValSeq) => A
0791	/reference/reference-semantics/semantics/sort.k:55-55	rule	equational	rule revVSAcc(vCons(V:Val, R:ValSeq), A:ValSeq) => revVSAcc(R, vCons(V, A))
0792	/reference/reference-semantics/semantics/sort.k:57-57	syntax	declaration,function,total	syntax ValSeq ::= condRev(ValSeq, Bool) [function, total]
0793	/reference/reference-semantics/semantics/sort.k:58-58	rule	equational	rule condRev(S:ValSeq, false) => S
0794	/reference/reference-semantics/semantics/sort.k:59-59	rule	equational	rule condRev(S:ValSeq, true)  => revVS(S)
0795	/reference/reference-semantics/semantics/sort.k:61-62	rule	operational	rule <k> #applyK(toCall(builtinV("sorted")), (list(VS:ValSeq), kwV("key", KV:Val), .Vals)) => #alloc(list(sortKeyVS(VS, KV))) ... </k>
0796	/reference/reference-semantics/semantics/sort.k:63-64	rule	operational	rule <k> #applyK(toCall(builtinV("sorted")), (list(VS:ValSeq), kwV("key", KV:Val), kwV("reverse", RB:Bool), .Vals)) => #alloc(list(condRev(sortKeyVS(VS, KV), RB))) ... </k>
0797	/reference/reference-semantics/semantics/sort.k:65-71	rule	operational	rule <k> #applyK(toCall(builtinV("sorted")), (list(VS:ValSeq), kwV("reverse", RB:Bool), .Vals)) => #alloc(list(condRev(sortVS(VS), RB))) ... </k>
0798	/reference/reference-semantics/semantics/str.k:8-8	rule	operational	rule <k> #iterNext(str(.IntSeq))                 => #iterDone ... </k>
0799	/reference/reference-semantics/semantics/str.k:9-12	rule	operational	rule <k> #iterNext(str(iCons(C:Int, R:IntSeq))) => #iterYield(str(iCons(C, .IntSeq)), str(R)) ... </k>
0800	/reference/reference-semantics/semantics/str.k:13-13	syntax	declaration,function	syntax IntSeq ::= strToCodes(String) [function]
0801	/reference/reference-semantics/semantics/str.k:14-14	rule	operational	rule <k> Str(S:String) => str(strToCodes(S)) ... </k>
0802	/reference/reference-semantics/semantics/str.k:15-15	rule	equational	rule strToCodes("") => .IntSeq
0803	/reference/reference-semantics/semantics/str.k:16-19	rule	equational	rule strToCodes(S:String) => iCons(ordChar(substrString(S, 0, 1)), strToCodes(substrString(S, 1, lengthString(S)))) requires S =/=String "" andBool ordChar(substrString(S, 0, 1)) <Int 128
0804	/reference/reference-semantics/semantics/str.k:20-20	syntax	declaration,function,total	syntax IntSeq ::= seqConcat(IntSeq, IntSeq) [function, total]
0805	/reference/reference-semantics/semantics/str.k:21-21	rule	equational	rule seqConcat(.IntSeq, T:IntSeq)                => T
0806	/reference/reference-semantics/semantics/str.k:22-22	rule	equational	rule seqConcat(iCons(I:Int, S:IntSeq), T:IntSeq) => iCons(I, seqConcat(S, T))
0807	/reference/reference-semantics/semantics/str.k:24-24	rule	equational	rule applyBin("+",  str(A:IntSeq), str(B:IntSeq)) => str(seqConcat(A, B))
0808	/reference/reference-semantics/semantics/str.k:25-25	rule	equational	rule applyCmp("==", str(A:IntSeq), str(B:IntSeq)) => A ==K B
0809	/reference/reference-semantics/semantics/str.k:26-28	rule	equational	rule applyCmp("!=", str(A:IntSeq), str(B:IntSeq)) => notBool (A ==K B)
0810	/reference/reference-semantics/semantics/str.k:29-29	rule	equational	rule applyCmp("in",     str(P:IntSeq), str(X:IntSeq)) => strContains(P, X)
0811	/reference/reference-semantics/semantics/str.k:30-30	rule	equational	rule applyCmp("not in", str(P:IntSeq), str(X:IntSeq)) => notBool strContains(P, X)
0812	/reference/reference-semantics/semantics/str.k:32-32	syntax	declaration,function,total	syntax Bool ::= strPrefix(IntSeq, IntSeq) [function, total]
0813	/reference/reference-semantics/semantics/str.k:33-33	rule	equational	rule strPrefix(.IntSeq, _:IntSeq)               => true
0814	/reference/reference-semantics/semantics/str.k:34-34	rule	equational	rule strPrefix(iCons(_:Int, _:IntSeq), .IntSeq) => false
0815	/reference/reference-semantics/semantics/str.k:35-35	rule	equational	rule strPrefix(iCons(A:Int, As:IntSeq), iCons(B:Int, Bs:IntSeq)) => A ==Int B andBool strPrefix(As, Bs)
0816	/reference/reference-semantics/semantics/str.k:37-37	syntax	declaration,function,total	syntax Bool ::= strContains(IntSeq, IntSeq) [function, total]
0817	/reference/reference-semantics/semantics/str.k:38-38	rule	equational	rule strContains(P:IntSeq, X:IntSeq) => true  requires strPrefix(P, X)
0818	/reference/reference-semantics/semantics/str.k:39-39	rule	equational	rule strContains(P:IntSeq, .IntSeq)  => false requires notBool strPrefix(P, .IntSeq)
0819	/reference/reference-semantics/semantics/str.k:40-47	rule	equational	rule strContains(P:IntSeq, iCons(C:Int, Xs:IntSeq)) => strContains(P, Xs) requires notBool strPrefix(P, iCons(C, Xs))
0820	/reference/reference-semantics/semantics/str.k:48-48	syntax	declaration,function,total	syntax Bool ::= strLt(IntSeq, IntSeq) [function, total]
0821	/reference/reference-semantics/semantics/str.k:49-49	rule	equational	rule strLt(.IntSeq, .IntSeq)                => false
0822	/reference/reference-semantics/semantics/str.k:50-50	rule	equational	rule strLt(.IntSeq, iCons(_:Int, _:IntSeq)) => true
0823	/reference/reference-semantics/semantics/str.k:51-51	rule	equational	rule strLt(iCons(_:Int, _:IntSeq), .IntSeq) => false
0824	/reference/reference-semantics/semantics/str.k:52-52	rule	equational	rule strLt(iCons(A:Int, As:IntSeq), iCons(B:Int, Bs:IntSeq)) => true          requires A  <Int B
0825	/reference/reference-semantics/semantics/str.k:53-53	rule	equational	rule strLt(iCons(A:Int, As:IntSeq), iCons(B:Int, Bs:IntSeq)) => false         requires A  >Int B
0826	/reference/reference-semantics/semantics/str.k:54-54	rule	equational	rule strLt(iCons(A:Int, As:IntSeq), iCons(B:Int, Bs:IntSeq)) => strLt(As, Bs) requires A ==Int B
0827	/reference/reference-semantics/semantics/str.k:56-56	rule	equational	rule applyCmp("<",  str(A:IntSeq), str(B:IntSeq)) => strLt(A, B)
0828	/reference/reference-semantics/semantics/str.k:57-57	rule	equational	rule applyCmp(">",  str(A:IntSeq), str(B:IntSeq)) => strLt(B, A)
0829	/reference/reference-semantics/semantics/str.k:58-58	rule	equational	rule applyCmp("<=", str(A:IntSeq), str(B:IntSeq)) => notBool strLt(B, A)
0830	/reference/reference-semantics/semantics/str.k:59-59	rule	equational	rule applyCmp(">=", str(A:IntSeq), str(B:IntSeq)) => notBool strLt(A, B)
0831	/reference/reference-semantics/semantics/subscript.k:11-11	syntax	declaration,function,total	syntax Val ::= valSeqAt(ValSeq, Int) [function, total]
0832	/reference/reference-semantics/semantics/subscript.k:12-12	rule	equational	rule valSeqAt(vCons(V:Val, _:ValSeq), 0)     => V
0833	/reference/reference-semantics/semantics/subscript.k:13-14	rule	equational	rule valSeqAt(vCons(_:Val, S:ValSeq), I:Int) => valSeqAt(S, I -Int 1) requires I >Int 0
0834	/reference/reference-semantics/semantics/subscript.k:16-16	syntax	declaration,function	syntax Int ::= intSeqAt(IntSeq, Int) [function]
0835	/reference/reference-semantics/semantics/subscript.k:17-17	rule	equational	rule intSeqAt(iCons(C:Int, _:IntSeq), 0)     => C
0836	/reference/reference-semantics/semantics/subscript.k:18-19	rule	equational	rule intSeqAt(iCons(_:Int, S:IntSeq), I:Int) => intSeqAt(S, I -Int 1) requires I >Int 0
0837	/reference/reference-semantics/semantics/subscript.k:21-21	syntax	declaration,function,total	syntax Int ::= normIdx(Int, Int) [function, total]
0838	/reference/reference-semantics/semantics/subscript.k:22-22	rule	equational	rule normIdx(I:Int, LEN:Int) => I +Int LEN requires I  <Int 0
0839	/reference/reference-semantics/semantics/subscript.k:23-26	rule	equational	rule normIdx(I:Int, _:Int)   => I          requires I >=Int 0
0840	/reference/reference-semantics/semantics/subscript.k:27-27	context	evaluation-context	context Subscript(HOLE, _)
0841	/reference/reference-semantics/semantics/subscript.k:28-30	context	evaluation-context	context Subscript(_:Val, HOLE:Expr)
0842	/reference/reference-semantics/semantics/subscript.k:31-33	rule	operational,priority	rule <k> Subscript(ref(H:Int), IX:Index) => Subscript(V, IX) ... </k> <heap> ... H |-> V:Val ... </heap> [priority(40)]
0843	/reference/reference-semantics/semantics/subscript.k:35-35	rule	operational	rule <k> Subscript(OBJ:Val, I:Int) => applyIndex(OBJ, I) ... </k>
0844	/reference/reference-semantics/semantics/subscript.k:37-37	syntax	declaration,function	syntax Val ::= applyIndex(Val, Int) [function]
0845	/reference/reference-semantics/semantics/subscript.k:38-38	rule	equational	rule applyIndex(list(VS:ValSeq),  I:Int) => valSeqAt(VS, normIdx(I, vsLen(VS)))
0846	/reference/reference-semantics/semantics/subscript.k:39-39	rule	equational	rule applyIndex(tuple(VS:ValSeq), I:Int) => valSeqAt(VS, normIdx(I, vsLen(VS)))
0847	/reference/reference-semantics/semantics/subscript.k:40-43	rule	equational	rule applyIndex(str(IS:IntSeq),   I:Int) => str(iCons(intSeqAt(IS, normIdx(I, isLen(IS))), .IntSeq))
0848	/reference/reference-semantics/semantics/subscript.k:44-47	syntax	declaration	syntax KItem ::= #evalB(Bound) | "#toSome" | #slLo(Val, Bound, Bound) | #slHi(Val, OptInt, Bound) | #slStep(Val, OptInt, OptInt)
0849	/reference/reference-semantics/semantics/subscript.k:49-49	syntax	declaration	syntax OptInt ::= "noB" | someB(Int)
0850	/reference/reference-semantics/semantics/subscript.k:50-50	rule	operational	rule <k> #evalB(NoBound)  => noB ... </k>
0851	/reference/reference-semantics/semantics/subscript.k:51-51	rule	operational	rule <k> #evalB(E:Expr)   => E ~> #toSome ... </k>
0852	/reference/reference-semantics/semantics/subscript.k:52-52	rule	operational	rule <k> I:Int ~> #toSome => someB(I) ... </k>
0853	/reference/reference-semantics/semantics/subscript.k:54-54	rule	operational	rule <k> Subscript(OBJ:Val, Slice(LO:Bound, HI:Bound, ST:Bound)) => #evalB(LO) ~> #slLo(OBJ, HI, ST) ... </k>
0854	/reference/reference-semantics/semantics/subscript.k:55-55	rule	operational	rule <k> LO:OptInt ~> #slLo(OBJ:Val, HI:Bound, ST:Bound)   => #evalB(HI) ~> #slHi(OBJ, LO, ST) ... </k>
0855	/reference/reference-semantics/semantics/subscript.k:56-57	rule	operational	rule <k> HI:OptInt ~> #slHi(OBJ:Val, LO:OptInt, ST:Bound)  => #evalB(ST) ~> #slStep(OBJ, LO, HI) ... </k>
0856	/reference/reference-semantics/semantics/subscript.k:58-60	rule	operational,priority	rule <k> ST:OptInt ~> #slStep(list(VS:ValSeq), LO:OptInt, HI:OptInt) => #alloc(doSlice(list(VS), LO, HI, ST)) ... </k> [priority(45)]
0857	/reference/reference-semantics/semantics/subscript.k:61-61	rule	operational	rule <k> ST:OptInt ~> #slStep(OBJ:Val, LO:OptInt, HI:OptInt) => doSlice(OBJ, LO, HI, ST) ... </k>
0858	/reference/reference-semantics/semantics/subscript.k:63-63	syntax	declaration,function	syntax Val ::= doSlice(Val, OptInt, OptInt, OptInt) [function]
0859	/reference/reference-semantics/semantics/subscript.k:64-65	rule	equational	rule doSlice(list(VS:ValSeq), LO:OptInt, HI:OptInt, ST:OptInt) => list(buildVS(VS, slStart(LO, ST, vsLen(VS)), slStop(HI, ST, vsLen(VS)), slStep(ST)))
0860	/reference/reference-semantics/semantics/subscript.k:66-67	rule	equational	rule doSlice(tuple(VS:ValSeq), LO:OptInt, HI:OptInt, ST:OptInt) => tuple(buildVS(VS, slStart(LO, ST, vsLen(VS)), slStop(HI, ST, vsLen(VS)), slStep(ST)))
0861	/reference/reference-semantics/semantics/subscript.k:68-71	rule	equational	rule doSlice(str(IS:IntSeq), LO:OptInt, HI:OptInt, ST:OptInt) => str(buildIS(IS, slStart(LO, ST, isLen(IS)), slStop(HI, ST, isLen(IS)), slStep(ST)))
0862	/reference/reference-semantics/semantics/subscript.k:72-72	syntax	declaration,function,total	syntax Int ::= slStep(OptInt) [function, total]
0863	/reference/reference-semantics/semantics/subscript.k:73-73	rule	equational	rule slStep(noB)          => 1
0864	/reference/reference-semantics/semantics/subscript.k:74-74	rule	equational	rule slStep(someB(S:Int)) => S
0865	/reference/reference-semantics/semantics/subscript.k:76-76	syntax	declaration,function	syntax Int ::= slStart(OptInt, OptInt, Int) [function]
0866	/reference/reference-semantics/semantics/subscript.k:77-78	rule	equational	rule slStart(noB,          ST:OptInt, _LEN:Int) => 0 requires slStep(ST) >Int 0
0867	/reference/reference-semantics/semantics/subscript.k:79-80	rule	equational	rule slStart(noB,          ST:OptInt, LEN:Int)  => LEN -Int 1 requires slStep(ST) <Int 0
0868	/reference/reference-semantics/semantics/subscript.k:81-81	rule	equational	rule slStart(someB(I:Int), ST:OptInt, LEN:Int)  => slAdjust(I, LEN, slStep(ST))
0869	/reference/reference-semantics/semantics/subscript.k:83-83	syntax	declaration,function	syntax Int ::= slStop(OptInt, OptInt, Int) [function]
0870	/reference/reference-semantics/semantics/subscript.k:84-85	rule	equational	rule slStop(noB,          ST:OptInt, LEN:Int)  => LEN requires slStep(ST) >Int 0
0871	/reference/reference-semantics/semantics/subscript.k:86-87	rule	equational	rule slStop(noB,          ST:OptInt, _LEN:Int) => -1 requires slStep(ST) <Int 0
0872	/reference/reference-semantics/semantics/subscript.k:88-88	rule	equational	rule slStop(someB(I:Int), ST:OptInt, LEN:Int)  => slAdjust(I, LEN, slStep(ST))
0873	/reference/reference-semantics/semantics/subscript.k:90-90	syntax	declaration,function,total	syntax Int ::= slAdjust(Int, Int, Int) [function, total]
0874	/reference/reference-semantics/semantics/subscript.k:91-92	rule	equational	rule slAdjust(I:Int, LEN:Int, STEP:Int) => clampLo(I +Int LEN, STEP) requires I  <Int 0
0875	/reference/reference-semantics/semantics/subscript.k:93-94	rule	equational	rule slAdjust(I:Int, LEN:Int, STEP:Int) => clampHi(I, LEN, STEP) requires I >=Int 0
0876	/reference/reference-semantics/semantics/subscript.k:96-96	syntax	declaration,function,total	syntax Int ::= clampLo(Int, Int) [function, total]
0877	/reference/reference-semantics/semantics/subscript.k:97-98	rule	equational	rule clampLo(J:Int, _STEP:Int) => J requires J >=Int 0
0878	/reference/reference-semantics/semantics/subscript.k:99-100	rule	equational	rule clampLo(J:Int, STEP:Int)  => #if STEP <Int 0 #then -1 #else 0 #fi requires J <Int 0
0879	/reference/reference-semantics/semantics/subscript.k:102-102	syntax	declaration,function,total	syntax Int ::= clampHi(Int, Int, Int) [function, total]
0880	/reference/reference-semantics/semantics/subscript.k:103-104	rule	equational	rule clampHi(I:Int, LEN:Int, _STEP:Int) => I requires I  <Int LEN
0881	/reference/reference-semantics/semantics/subscript.k:105-108	rule	equational	rule clampHi(I:Int, LEN:Int, STEP:Int)  => #if STEP <Int 0 #then LEN -Int 1 #else LEN #fi requires I >=Int LEN
0882	/reference/reference-semantics/semantics/subscript.k:109-109	syntax	declaration,function	syntax ValSeq ::= buildVS(ValSeq, Int, Int, Int) [function]
0883	/reference/reference-semantics/semantics/subscript.k:110-112	rule	equational	rule buildVS(VS:ValSeq, I:Int, STOP:Int, STEP:Int) => vCons(valSeqAt(VS, I), buildVS(VS, I +Int STEP, STOP, STEP)) requires (STEP >Int 0 andBool I <Int STOP) orBool (STEP <Int 0 andBool I >Int STOP)
0884	/reference/reference-semantics/semantics/subscript.k:113-114	rule	equational	rule buildVS(_:ValSeq, I:Int, STOP:Int, STEP:Int) => .ValSeq requires notBool ((STEP >Int 0 andBool I <Int STOP) orBool (STEP <Int 0 andBool I >Int STOP))
0885	/reference/reference-semantics/semantics/subscript.k:116-116	syntax	declaration,function	syntax IntSeq ::= buildIS(IntSeq, Int, Int, Int) [function]
0886	/reference/reference-semantics/semantics/subscript.k:117-119	rule	equational	rule buildIS(IS:IntSeq, I:Int, STOP:Int, STEP:Int) => iCons(intSeqAt(IS, I), buildIS(IS, I +Int STEP, STOP, STEP)) requires (STEP >Int 0 andBool I <Int STOP) orBool (STEP <Int 0 andBool I >Int STOP)
0887	/reference/reference-semantics/semantics/subscript.k:120-121	rule	equational	rule buildIS(_:IntSeq, I:Int, STOP:Int, STEP:Int) => .IntSeq requires notBool ((STEP >Int 0 andBool I <Int STOP) orBool (STEP <Int 0 andBool I >Int STOP))
0888	/reference/reference-semantics/semantics/syntax.k:9-30	syntax	declaration,macro,strict,seqstrict	syntax Expr ::= "Int"      "(" Int ")" | "Float"    "(" Float ")" | "Bool"     "(" Bool ")" | "Name"     "(" String ")" | "Str"      "(" String ")" | "UnaryOp"  "(" String "," Expr ")" [strict(2)] | "BinOp"    "(" String "," Expr "," Expr ")" [seqstrict(2, 3)] | "BoolOp"    "(" String "," Exprs ")" | "ListExpr"  "(" Exprs ")" | "DictExpr"  "(" Entries ")" | "ListComp"  "(" Expr "," CompFors ")" [macro] | "GenExp"    "(" Expr "," CompFors ")" [macro] | "TupleExpr" "(" Exprs ")" | "Subscript" "(" Expr "," Index ")" | "IfExp"     "(" Expr "," Expr "," Expr ")" [strict(1)] | "Lambda"    "(" Params "," Expr ")" | "KwArg"     "(" String "," Expr ")" | "Lambda"    "(" Params "," CellVars "," FreeVars "," Expr ")" | "NoneVal" | "Call"      "(" Expr "," Exprs ")" | "Attribute" "(" Expr "," String ")" [strict(1)] | "Compare"   "(" Expr "," CmpOp ")"
0889	/reference/reference-semantics/semantics/syntax.k:32-32	syntax	declaration	syntax CmpOp    ::= "CmpOp" "(" String "," Expr ")"
0890	/reference/reference-semantics/semantics/syntax.k:33-33	syntax	declaration	syntax Entry    ::= "Entry" "(" Expr "," Expr ")"
0891	/reference/reference-semantics/semantics/syntax.k:34-34	syntax	declaration	syntax Entries  ::= List{Entry, ","}
0892	/reference/reference-semantics/semantics/syntax.k:35-35	syntax	declaration	syntax CompFor  ::= "CompFor" "(" Expr "," Expr "," Exprs ")"
0893	/reference/reference-semantics/semantics/syntax.k:36-36	syntax	declaration	syntax CompFors ::= List{CompFor, ""}
0894	/reference/reference-semantics/semantics/syntax.k:37-37	syntax	declaration	syntax Exprs    ::= List{Expr, ","}
0895	/reference/reference-semantics/semantics/syntax.k:38-38	syntax	declaration	syntax Index    ::= Expr | "Slice" "(" Bound "," Bound "," Bound ")"
0896	/reference/reference-semantics/semantics/syntax.k:39-39	syntax	declaration	syntax Bound    ::= Expr | "NoBound"
0897	/reference/reference-semantics/semantics/syntax.k:41-54	syntax	declaration,strict	syntax Stmt ::= "Assign"    "(" Expr "," Expr ")" [strict(2)] | "Import"    "(" String ")" | "ImportFrom" "(" String "," ParamNames ")" | "AugAssign" "(" Expr "," String "," Expr ")" [strict(3)] | "For"       "(" Expr "," Expr "," Stmts ")" [strict(2)] | "While"     "(" Expr "," Stmts ")" | "Break" | "Continue" | "If"        "(" Expr "," Stmts "," Stmts ")" [strict(1)] | "Return"    "(" Expr ")" [strict] | "Assert"    "(" Expr ")" [strict] | "Expr"      "(" Expr ")" [strict] | "FuncDef"   "(" String "," Params "," Stmts ")" | "FuncDef"   "(" String "," Params "," CellVars "," FreeVars "," Stmts ")"
0898	/reference/reference-semantics/semantics/syntax.k:56-56	syntax	declaration	syntax Stmts      ::= List{Stmt, ""}
0899	/reference/reference-semantics/semantics/syntax.k:57-57	syntax	declaration	syntax Params     ::= "Params" "(" ParamNames ")"
0900	/reference/reference-semantics/semantics/syntax.k:58-58	syntax	declaration	syntax CellVars   ::= "CellVars" "(" ParamNames ")"
0901	/reference/reference-semantics/semantics/syntax.k:59-59	syntax	declaration	syntax FreeVars   ::= "FreeVars" "(" ParamNames ")"
0902	/reference/reference-semantics/semantics/syntax.k:60-60	syntax	declaration	syntax ParamNames ::= List{String, ","}
0903	/reference/reference-semantics/semantics/syntax.k:61-61	syntax	declaration	syntax Module     ::= "Module" "(" Stmts ")"
0904	/reference/reference-semantics/semantics/tuple.k:10-10	rule	operational	rule <k> #iterNext(tuple(.ValSeq))                => #iterDone ... </k>
0905	/reference/reference-semantics/semantics/tuple.k:11-13	rule	operational	rule <k> #iterNext(tuple(vCons(V:Val, R:ValSeq))) => #iterYield(V, tuple(R)) ... </k>
0906	/reference/reference-semantics/semantics/tuple.k:14-14	syntax	declaration	syntax ApplyK ::= "toTuple"
0907	/reference/reference-semantics/semantics/tuple.k:15-15	rule	operational	rule <k> TupleExpr(ES:Exprs) => #evalArgs(ES, .Vals, toTuple) ... </k>
0908	/reference/reference-semantics/semantics/tuple.k:16-16	rule	operational	rule <k> #applyK(toTuple, ACC:Vals) => tuple(vals2valSeq(ACC)) ... </k>
0909	/reference/reference-semantics/semantics/tuple.k:18-19	rule	equational	rule applyCmp("==", tuple(A:ValSeq), tuple(B:ValSeq)) => A ==K B
0910	/reference/reference-semantics/semantics/tuple.k:20-20	rule	operational	rule <k> Compare(LV:Val, CmpOp("in",     tuple(VS:ValSeq))) => #memberAcc(LV, tuple(VS)) ... </k>
0911	/reference/reference-semantics/semantics/tuple.k:21-22	rule	operational	rule <k> Compare(LV:Val, CmpOp("not in", tuple(VS:ValSeq))) => #memberAcc(LV, tuple(VS)) ~> #notB ... </k>
0912	/reference/reference-semantics/semantics/tuple.k:23-23	rule	equational	rule applyMethod(tuple(VS:ValSeq), "index", V:Val, .Vals) => idxOfVS(VS, V, 0)
0913	/reference/reference-semantics/semantics/tuple.k:24-24	syntax	declaration,function	syntax Int ::= idxOfVS(ValSeq, Val, Int) [function]
0914	/reference/reference-semantics/semantics/tuple.k:25-25	rule	equational	rule idxOfVS(vCons(A:Val, _:ValSeq), V:Val, I:Int) => I requires A ==K V
0915	/reference/reference-semantics/semantics/tuple.k:26-27	rule	equational	rule idxOfVS(vCons(A:Val, R:ValSeq), V:Val, I:Int) => idxOfVS(R, V, I +Int 1) requires notBool (A ==K V)
0916	/reference/reference-semantics/semantics/tuple.k:28-30	rule	equational	rule applyCmp("!=", tuple(A:ValSeq), tuple(B:ValSeq)) => notBool (A ==K B)
0917	/reference/reference-semantics/semantics/tuple.k:31-31	syntax	declaration	syntax KItem ::= #bindTgt(Expr, Val)
0918	/reference/reference-semantics/semantics/tuple.k:32-34	rule	operational	rule <k> #bindTgt(Name(X:String), V:Val) => .K ... </k> <env> L:Int </env> <scopes> ... L |-> scope(M:Map => M [ X <- V ], _) ... </scopes>
0919	/reference/reference-semantics/semantics/tuple.k:35-41	rule	operational,priority	rule <k> #bindTgt(Name(X:String), V:Val) => #cellW({M[X]}:>Val, V) ... </k> <env> L:Int </env> <scopes> ... L |-> scope(M:Map, _) ... </scopes> requires "$cells" in_keys(M) andBool pnMember(X, cellsOf({M["$cells"]}:>Val)) andBool X in_keys(M) andBool isCellRef({M[X]}:>Val) [priority(40)]
0920	/reference/reference-semantics/semantics/tuple.k:42-42	rule	operational	rule <k> #bindTgt(TupleExpr(TS:Exprs), tuple(VS:ValSeq)) => #unpackSeq(TS, VS) ... </k>
0921	/reference/reference-semantics/semantics/tuple.k:43-43	rule	operational	rule <k> #bindTgt(TupleExpr(TS:Exprs), list(VS:ValSeq))  => #unpackSeq(TS, VS) ... </k>
0922	/reference/reference-semantics/semantics/tuple.k:44-48	rule	operational,priority	rule <k> #bindTgt(TupleExpr(TS:Exprs), ref(H:Int)) => #bindTgt(TupleExpr(TS), V) ... </k> <heap> ... H |-> V:Val ... </heap> [priority(40)]
0923	/reference/reference-semantics/semantics/tuple.k:49-49	syntax	declaration	syntax KItem ::= #unpackSeq(Exprs, ValSeq)
0924	/reference/reference-semantics/semantics/tuple.k:50-50	rule	operational	rule <k> Assign(TupleExpr(TS:Exprs), tuple(VS:ValSeq)) => #unpackSeq(TS, VS) ... </k>
0925	/reference/reference-semantics/semantics/tuple.k:51-51	rule	operational	rule <k> Assign(TupleExpr(TS:Exprs), list(VS:ValSeq))  => #unpackSeq(TS, VS) ... </k>
0926	/reference/reference-semantics/semantics/tuple.k:52-54	rule	operational,priority	rule <k> Assign(TupleExpr(TS:Exprs), ref(H:Int)) => Assign(TupleExpr(TS), V) ... </k> <heap> ... H |-> V:Val ... </heap> [priority(40)]
0927	/reference/reference-semantics/semantics/tuple.k:55-56	rule	operational	rule <k> #unpackSeq((T:Expr, TS:Exprs), vCons(V:Val, VS:ValSeq)) => #bindTgt(T, V) ~> #unpackSeq(TS, VS) ... </k>
0928	/reference/reference-semantics/semantics/tuple.k:57-57	rule	operational	rule <k> #unpackSeq(.Exprs, .ValSeq) => .K ... </k>
0929	/candidate/verification.k:8-8	syntax	declaration,function	syntax Stmts ::= "arrangeBody" [function]
0930	/candidate/verification.k:9-16	rule	equational	rule arrangeBody => If(Compare(Name("index"), CmpOp(">", Int(0))), If(Compare(Name("current"), CmpOp("<", Name("previous"))), Assign(Name("result"), Name("index")), .Stmts), .Stmts) Assign(Name("previous"), Name("current")) Assign(Name("index"), BinOp("+", Name("index"), Int(1)))
0931	/candidate/verification.k:18-18	syntax	declaration,function	syntax Module ::= "solutionProgram" [function]
0932	/candidate/verification.k:19-28	rule	equational	rule solutionProgram => Module( FuncDef("can_arrange", Params("arr"), Assign(Name("result"), UnaryOp("-", Int(1))) Assign(Name("index"), Int(0)) Assign(Name("previous"), Int(0)) For(Name("current"), Name("arr"), arrangeBody) Return(Name("result"))))
0933	/candidate/verification.k:29-29	syntax	declaration,function,total	syntax Bool ::= ints(ValSeq) [function, total]
0934	/candidate/verification.k:30-30	rule	equational	rule ints(.ValSeq) => true
0935	/candidate/verification.k:31-36	rule	equational	rule ints(vCons(V:Val, REST:ValSeq)) => isInt(V) andBool ints(REST)
0936	/candidate/verification.k:37-37	syntax	declaration,function,total	syntax Int ::= intValue(Val) [function, total]
0937	/candidate/verification.k:38-38	rule	equational	rule intValue(I:Int) => I
0938	/candidate/verification.k:40-46	rule	equational	rule applyCmp("<", L:Val, R:Val) => intValue(L) <Int intValue(R) requires isInt(L) andBool isInt(R)
0939	/candidate/verification.k:47-48	syntax	declaration,function	syntax Int ::= arrangeResult(ValSeq) [function] | arrangeScan(ValSeq, Int, Val, Int) [function]
0940	/candidate/verification.k:49-49	rule	equational	rule arrangeResult(VS:ValSeq) => arrangeScan(VS, 0, 0, -1)
0941	/candidate/verification.k:50-50	rule	equational	rule arrangeScan(.ValSeq, _:Int, _:Val, RESULT:Int) => RESULT
0942	/candidate/verification.k:51-63	rule	equational	rule arrangeScan(vCons(CURRENT:Val, REST:ValSeq), INDEX:Int, PREVIOUS:Val, RESULT:Int) => arrangeScan( REST, INDEX +Int 1, CURRENT, #if INDEX >Int 0 andBool intValue(CURRENT) <Int intValue(PREVIOUS) #then INDEX #else RESULT #fi) requires isInt(CURRENT) andBool (INDEX ==Int 0 orBool isInt(PREVIOUS))
0943	/candidate/spec.k:9-38	claim	reachability-claim	claim <k> #loop(list(VS:ValSeq), Name("current"), arrangeBody) ~> (Return(Name("result")) .Stmts):Stmts ~> #endcall => #pop </k> <env> L:Int </env> <scopes> (L |-> scope(("arr" |-> ARRAY:Val "current" |-> OLD_CURRENT:Val "index" |-> INDEX:Int "previous" |-> PREVIOUS:Val "result" |-> RESULT:Int), PARENT:Parent) OTHER:Map) => (L |-> scope(?FINALMAP:Map, PARENT) OTHER) </scopes> <ret> noRet => retV(arrangeScan(VS, INDEX, PREVIOUS, RESULT)) </ret> requires ints(VS) andBool INDEX >=Int 1 andBool isInt(PREVIOUS) [label(loop-correct)]
0944	/candidate/spec.k:39-59	claim	reachability-claim	claim <k> #loadAll(solutionProgram) ~> Call(Name("can_arrange"), list(VS:ValSeq)) => arrangeResult(VS) </k> <env> 0 </env> <scopes> (0 |-> scope(.Map, parent(-1)) -1 |-> builtinsScope) => ?FINALSCOPES:Map </scopes> <scopeLoc> 1 => ?FINALSCOPELOC:Int </scopeLoc> <heap> .Map => ?FINALHEAP:Map </heap> <heapLoc> 0 => ?FINALHEAPLOC:Int </heapLoc> <stack> .List => ?FINALSTACK:List </stack> <ret> noRet => ?FINALRET:RetState </ret> <exc> NoExc </exc> <exit-code> 0 </exit-code> requires ints(VS) [label(function-correct)]
EXIT_STATUS: 0
