COMMAND: python3 evidence/extract_generation_trace.py
WORKDIR: /audit-output
LINE 12 AGENT_MESSAGE
I’ll inspect the task prompt, translator constraints, and supplied K modules first. Then I’ll implement the smallest compatible Python solution, build concrete and symbolic definitions, run representative executions, and iterate on the proof until every positive `kprove` command closes.
LINE 14 FUNCTION update_plan
{"plan":[{"step":"Inspect prompt, translator, and reference semantics","status":"in_progress"},{"step":"Implement solution.py and generate solution.mpy","status":"pending"},{"step":"Create verification.k, spec.k, and prove.sh","status":"pending"},{"step":"Compile, exercise with krun, and prove with kprove","status":"pending"},{"step":"Audit deliverables and report result","status":"pending"}]}
LINE 15 FUNCTION_OUTPUT
Plan updated
LINE 17 FUNCTION exec_command
{"cmd":"pwd && rg --files -g 'prompt.py' -g 'py2mpy.py' -g 'reference-semantics/**' -g 'AGENTS.md' | sort && sed -n '1,240p' prompt.py && sed -n '1,280p' py2mpy.py","workdir":"/work","yield_time_ms":10000,"max_output_tokens":30000}
LINE 18 FUNCTION_OUTPUT
Chunk ID: 5df2fb
Wall time: 0.0000 seconds
Process exited with code 0
Original token count: 3135
Output:
/work
prompt.py
py2mpy.py
reference-semantics/semantics.k
reference-semantics/semantics/assert.k
reference-semantics/semantics/bool.k
reference-semantics/semantics/builtins.k
reference-semantics/semantics/call.k
reference-semantics/semantics/comprehension.k
reference-semantics/semantics/concrete.k
reference-semantics/semantics/controls.k
reference-semantics/semantics/core.k
reference-semantics/semantics/dict.k
reference-semantics/semantics/float.k
reference-semantics/semantics/functions.k
reference-semantics/semantics/int.k
reference-semantics/semantics/iter.k
reference-semantics/semantics/list.k
reference-semantics/semantics/methods.k
reference-semantics/semantics/operators.k
reference-semantics/semantics/range.k
reference-semantics/semantics/set.k
reference-semantics/semantics/sort.k
reference-semantics/semantics/str.k
reference-semantics/semantics/subscript.k
reference-semantics/semantics/syntax.k
reference-semantics/semantics/tuple.k


def modp(n: int, p: int):
    """Return 2^n modulo p (be aware of numerics).
    >>> modp(3, 5)
    3
    >>> modp(1101, 101)
    2
    >>> modp(0, 101)
    1
    >>> modp(3, 11)
    8
    >>> modp(100, 101)
    1
    """
#!/usr/bin/env python3
"""py2mpy — a *pure* CPython-AST -> K-constructor transliterator.

Reads a .py file and prints the matching `.mpy` term: a Lisp-indented tree of K
constructors that a (future) K semantics will parse. The design rule is strict:

    PURE TRANSLITERATION. Every Python AST node maps to exactly one K
    constructor with the same structure. The front-end makes NO semantic
    decisions — it does not desugar, simplify, normalize, or "interpret"
    anything. All meaning lives in the K semantics that consumes the term.

Consequences of that rule (vs. a "helpful" front-end):

  * `is` / `is not` transliterate to `CmpOp("is", ...)` / `CmpOp("is not", ...)`
    — NOT to `==` / `!=`. K decides what identity means.
  * a chained comparison `a < b < c` stays a single `Compare` carrying the
    chain (`Compare(a, CmpOp("<", b), CmpOp("<", c))`) — it is NOT pre-expanded
    into `a < b and b < c`.
  * a method call `x.append(v)` stays `Call(Attribute(Name("x"), "append"), v)`
    — there is no special `MethodCall` constructor folding the receiver in.
  * `a[i] = v` stays `Assign(Subscript(Name("a"), Name("i")), v)` — the target
    is just an expression in store position; no special `SubscriptAssign`.

The only choices the transliterator makes are unavoidably *syntactic* — e.g. a
`bool` literal becomes `Bool(...)` not `Int(...)`, because that is the literal's
actual Python type as read off the AST, not a semantic judgement.

Anything outside the covered subset raises `Unsupported`, naming the node, so
coverage gaps fail loudly instead of being silently dropped.

Usage:
    python scripts/py2mpy.py FILE.py          # print the .mpy term (default)
    python scripts/py2mpy.py FILE.py --ast    # print the Python AST (ast.dump)
"""
from __future__ import annotations

import argparse
import symtable
import ast
import json
import sys


class Unsupported(Exception):
    """Raised for any AST node the transliterator does not cover."""


# ---------------------------------------------------------------------------
# Term model: a .mpy term is a tree of these three node kinds.
#   Ctor(name, *args)  -> `name(arg, arg, ...)`  (comma-separated args)
#   Seq([item, ...])   -> a statement list: juxtaposed, no parens, no commas
#   str                -> a leaf token already in K surface form
#                         (a quoted string `"op"`, a number `0`, `true`, `Break`)
# ---------------------------------------------------------------------------
class Ctor:
    __slots__ = ("name", "args")

    def __init__(self, name: str, *args):
        self.name = name
        self.args = list(args)


class Seq:
    __slots__ = ("items",)

    def __init__(self, items):
        self.items = list(items)


def q(s: str) -> str:
    """A Python string as a K String token (double-quoted, escaped)."""
    return json.dumps(s)


# --- Operator spellings (string tokens carried inside constructors) ----------
# These are transliterations of the operator *symbol*, not its meaning.
_BINOP = {
    ast.Add: "+", ast.Sub: "-", ast.Mult: "*", ast.Div: "/",
    ast.FloorDiv: "//", ast.Mod: "%", ast.Pow: "**",
    ast.BitOr: "|", ast.BitAnd: "&", ast.BitXor: "^",
    ast.LShift: "<<", ast.RShift: ">>", ast.MatMult: "@",
}
_UNARY = {ast.USub: "-", ast.UAdd: "+", ast.Not: "not", ast.Invert: "~"}
_BOOLOP = {ast.And: "and", ast.Or: "or"}
_CMPOP = {
    ast.Eq: "==", ast.NotEq: "!=", ast.Lt: "<", ast.LtE: "<=",
    ast.Gt: ">", ast.GtE: ">=", ast.Is: "is", ast.IsNot: "is not",
    ast.In: "in", ast.NotIn: "not in",
}


# ---------------------------------------------------------------------------
# Closure scopes (Python's own symtable, faithfully exposed)
# ---------------------------------------------------------------------------
# (name, lineno) -> (cellvars, freevars, nested). A def/lambda gets the
# ANNOTATED node form iff it is nested inside a function or has cells/frees;
# module-level capture-free defs keep the old shape (zero churn).
SCOPES: dict = {}


def _frees(table):
    return set(table.get_frees()) if isinstance(table, symtable.Function) else set()


def _deep_frees(table):
    out = _frees(table)
    for g in table.get_children():
        out |= _deep_frees(g) - set(table.get_locals())
    return out


def _walk_symtable(table, depth=0):
    for child in table.get_children():
        if child.get_type() in ("function", "lambda"):
            frees = sorted(_frees(child))
            cells = sorted(
                s for s in child.get_locals()
                if any(s in _deep_frees(g) for g in child.get_children())
            )
            SCOPES[(child.get_name(), child.get_lineno())] = (
                cells, frees, depth > 0 or table.get_type() != "module")
        _walk_symtable(child, depth + (1 if child.get_type() in ("function", "lambda") else 0))


def scope_info(name, lineno):
    return SCOPES.get((name, lineno))


# ---------------------------------------------------------------------------
# Expressions
# ---------------------------------------------------------------------------
def emit_expr(node: ast.expr):
    if isinstance(node, ast.Constant):
        v = node.value
        if v is None:
            return "NoneVal"
        if isinstance(v, bool):                 # MUST precede int (bool ⊂ int)
            return Ctor("Bool", "true" if v else "false")
        if isinstance(v, int):
            return Ctor("Int", str(v))
        if isinstance(v, float):
            return Ctor("Float", repr(v))
        if isinstance(v, str):
            return Ctor("Str", q(v))
        raise Unsupported(f"Constant {type(v).__name__}")

    if isinstance(node, ast.Name):
        return Ctor("Name", q(node.id))

    if isinstance(node, ast.Lambda):
        a = node.args
        if a.vararg or a.kwarg or a.kwonlyargs or a.defaults or a.kw_defaults:
            raise Unsupported("complex lambda signature")
        names = [p.arg for p in (a.posonlyargs + a.args)]
        params = Ctor("Params", *(q(n) for n in names))
        info = scope_info("lambda", node.lineno)
        if info and (info[0] or info[1] or info[2]):
            cells, frees, _ = info
            return Ctor("Lambda", params,
                        Ctor("CellVars", *(q(n) for n in cells)),
                        Ctor("FreeVars", *(q(n) for n in frees)),
                        emit_expr(node.body))
        return Ctor("Lambda", params, emit_expr(node.body))

    if isinstance(node, ast.BinOp):
        op = _BINOP.get(type(node.op))
        if op is None:
            raise Unsupported(f"BinOp {type(node.op).__name__}")
        return Ctor("BinOp", q(op), emit_expr(node.left), emit_expr(node.right))

    if isinstance(node, ast.UnaryOp):
        op = _UNARY.get(type(node.op))
        if op is None:
            raise Unsupported(f"UnaryOp {type(node.op).__name__}")
        return Ctor("UnaryOp", q(op), emit_expr(node.operand))

    if isinstance(node, ast.BoolOp):
        op = _BOOLOP[type(node.op)]
        return Ctor("BoolOp", q(op), *(emit_expr(v) for v in node.values))

    if isinstance(node, ast.Compare):
        # Faithful, non-desugared: left operand + a chain of (op, comparator).
        # Single comparison => one CmpOp; `a < b < c` => two CmpOps.
        chain = [
            Ctor("CmpOp", q(_op_or_raise(_CMPOP, op, "Compare")), emit_expr(c))
            for op, c in zip(node.ops, node.comparators)
        ]
        return Ctor("Compare", emit_expr(node.left), *chain)

    if isinstance(node, ast.List):
        return Ctor("ListExpr", *(emit_expr(e) for e in node.elts))

    if isinstance(node, ast.Tuple):
        return Ctor("TupleExpr", *(emit_expr(e) for e in node.elts))

    if isinstance(node, ast.Set):
        return Ctor("SetExpr", *(emit_expr(e) for e in node.elts))

    if isinstance(node, ast.Dict):
        entries = []
        for k, v in zip(node.keys, node.values):
            if k is None:
                raise Unsupported("dict unpacking {**x}")
            entries.append(Ctor("Entry", emit_expr(k), emit_expr(v)))
        return Ctor("DictExpr", *entries)

    if isinstance(node, ast.Subscript):
        return Ctor("Subscript", emit_expr(node.value), emit_index(node.slice))

    if isinstance(node, ast.Attribute):
        return Ctor("Attribute", emit_expr(node.value), q(node.attr))

    if isinstance(node, ast.Call):
        if any(isinstance(a, ast.Starred) for a in node.args):
            raise Unsupported("*args unpacking")
        if any(kw.arg is None for kw in node.keywords):
            raise Unsupported("**kwargs unpacking")
        # Call grammar is `Call(Expr, Exprs)` — the comma is mandatory, so a zero-arg
        # call must render as `Call(f, )` (empty Exprs), NOT `Call(f)` (which won't parse).
        args = [emit_expr(a) for a in node.args]
        args += [Ctor("KwArg", q(kw.arg), emit_expr(kw.value)) for kw in node.keywords]
        args = args or [""]
        return Ctor("Call", emit_expr(node.func), *args)

    if isinstance(node, ast.IfExp):
        # AST field order: test, body, orelse — kept verbatim.
        return Ctor("IfExp", emit_expr(node.test),
                    emit_expr(node.body), emit_expr(node.orelse))

    if isinstance(node, ast.ListComp):
        return Ctor("ListComp", emit_expr(node.elt), _gens(node.generators))
    if isinstance(node, ast.SetComp):
        return Ctor("SetComp", emit_expr(node.elt), _gens(node.generators))
    if isinstance(node, ast.GeneratorExp):
        return Ctor("GenExp", emit_expr(node.elt), _gens(node.generators))
    if isinstance(node, ast.DictComp):
        return Ctor("DictComp", emit_expr(node.key), emit_expr(node.value),
                    _gens(node.generators))

    raise Unsupported(f"Expr {type(node).__name__}")


def _op_or_raise(table, op, label):
    spelled = table.get(type(op))
    if spelled is None:
        raise Unsupported(f"{label} {type(op).__name__}")
    return spelled


def _compfor(g):
    """A single generator -> CompFor(target, iter, <ifs as Exprs; .Exprs if none>)."""
    if getattr(g, "is_async", 0):
        raise Unsupported("async comprehension")
    ifs = [emit_expr(c) for c in g.ifs] or [Ctor("Bool", "true")]
    return Ctor("CompFor", emit_expr(g.target), emit_expr(g.iter), *ifs)


def _gens(generators):
    """The generator list -> a juxtaposed CompFors (a Seq of CompFor)."""
    return Seq([_compfor(g) for g in generators])


def emit_index(node: ast.expr):
    """Subscript index position: an `ast.Slice` -> `Slice(...)`, else the expr."""
    # Python <3.9 wrapped the index in ast.Index; unwrap if present.
    inner = getattr(ast, "Index", None)
    if inner is not None and isinstance(node, inner):
        node = node.value
    if isinstance(node, ast.Slice):
        def bound(b):
            # omitted bound (absent field) OR an explicit None constant -> NoBound.
            # Python treats `a[None:5]` exactly like `a[:5]`; only a *value* None
            # (Constant(None) outside a slice) becomes NoneVal. Keeping the two
            # distinct lets NoneVal be a real value without perturbing slices.
            if b is None or (isinstance(b, ast.Constant) and b.value is None):
                return "NoBound"
            return emit_expr(b)
        return Ctor("Slice", bound(node.lower), bound(node.upper), bound(node.step))
    return emit_expr(node)


LINE 21 CUSTOM_TOOL exec
const r = await tools.exec_command({"cmd":"sed -n '281,680p' py2mpy.py && sed -n '1,260p' reference-semantics/semantics.k && for f in reference-semantics/semantics/syntax.k reference-semantics/semantics/core.k reference-semantics/semantics/functions.k reference-semantics/semantics/int.k reference-semantics/semantics/operators.k reference-semantics/semantics/controls.k reference-semantics/semantics/concrete.k; do echo \"FILE $f\"; sed -n '1,300p' \"$f\"; done","workdir":"/work","yield_time_ms":10000,"max_output_tokens":50000});
text(r.output);

LINE 22 CUSTOM_TOOL_OUTPUT
[{'type': 'input_text', 'text': 'Script completed\nWall time 0.0 seconds\nOutput:\n'}, {'type': 'input_text', 'text': 'Warning: truncated output (original token count: 10435)\nTotal output lines: 888\n\n\n# ---------------------------------------------------------------------------\n# Statements\n# ---------------------------------------------------------------------------\ndef emit_stmt(node: ast.stmt):\n    if isinstance(node, ast.FunctionDef):\n        a = node.args\n        if a.vararg or a.kwarg or a.kwonlyargs or a.defaults or a.kw_defaults:\n            raise Unsupported("complex function signature (defaults/varargs/kwonly)")\n        if node.decorator_list:\n            raise Unsupported("decorators")\n        names = [p.arg for p in (a.posonlyargs + a.args)]  # type annotations ignored\n        params = Ctor("Params", *(q(n) for n in names))\n        info = scope_info(node.name, node.lineno)\n        if info and (info[0] or info[1] or info[2]):\n            cells, frees, _ = info\n            return Ctor("FuncDef", q(node.name), params,\n                        Ctor("CellVars", *(q(n) for n in cells)),\n                        Ctor("FreeVars", *(q(n) for n in frees)),\n                        emit_stmts(node.body))\n        return Ctor("FuncDef", q(node.name), params, emit_stmts(node.body))\n\n    if isinstance(node, ast.Return):\n        if node.value is None:\n            return Ctor("Return")\n        return Ctor("Return", emit_expr(node.value))\n\n    if isinstance(node, ast.Assign):\n        if len(node.targets) != 1:\n            raise Unsupported("chained assignment (a = b = ...)")\n        # Target is just an expression in store position (Name / Tuple / Subscript / Attribute).\n        return Ctor("Assign", emit_expr(node.targets[0]), emit_expr(node.value))\n\n    if isinstance(node, ast.AugAssign):\n        op = _BINOP.get(type(node.op))\n        if op is None:\n            raise Unsupported(f"AugAssign {type(node.op).__name__}")\n        return Ctor("AugAssign", emit_expr(node.target), q(op), emit_expr(node.value))\n\n    if isinstance(node, ast.If):\n        return Ctor("If", emit_expr(node.test),\n                    emit_stmts(node.body), emit_stmts(node.orelse))\n\n    if isinstance(node, ast.For):\n        if node.orelse:\n            raise Unsupported("for-else")\n        return Ctor("For", emit_expr(node.target), emit_expr(node.iter),\n                    emit_stmts(node.body))\n\n    if isinstance(node, ast.While):\n        if node.orelse:\n            raise Unsupported("while-else")\n        return Ctor("While", emit_expr(node.test), emit_stmts(node.body))\n\n    if isinstance(node, ast.Break):\n        return "Break"\n    if isinstance(node, ast.Continue):\n        return "Continue"\n    if isinstance(node, ast.Pass):\n        return "Pass"\n\n    if isinstance(node, ast.Assert):\n        if node.msg is not None:\n            return Ctor("Assert", emit_expr(node.test), emit_expr(node.msg))\n        return Ctor("Assert", emit_expr(node.test))\n\n    if isinstance(node, ast.Expr):\n        return Ctor("Expr", emit_expr(node.value))\n\n    if isinstance(node, ast.Import):\n        return Ctor("Import", *(q(n.name) for n in node.names))\n    if isinstance(node, ast.ImportFrom):\n        mod = node.module if node.module is not None else ""\n        return Ctor("ImportFrom", q(mod), *(q(n.name) for n in node.names))\n\n    raise Unsupported(f"Stmt {type(node).__name__}")\n\n\ndef emit_stmts(stmts) -> Seq:\n    return Seq([emit_stmt(s) for s in stmts])\n\n\ndef emit_module(tree: ast.Module) -> Ctor:\n    return Ctor("Module", emit_stmts(tree.body))\n\n\n# ---------------------------------------------------------------------------\n# Lisp-style pretty printer\n# ---------------------------------------------------------------------------\nWIDTH = 72  # an expression constructor wider than this breaks onto its own lines\n\n\ndef render(node, ind: int = 0) -> str:\n    if isinstance(node, str):\n        return node\n\n    if isinstance(node, Seq):\n        if not node.items:\n            return ""\n        pad = "  " * ind\n        return ("\\n" + pad).join(render(it, ind) for it in node.items)\n\n    # Ctor\n    cind = ind + 1\n    cpad = "  " * cind\n    has_block = any(isinstance(a, Seq) for a in node.args)\n\n    if not has_block:\n        inline = node.name + "(" + ", ".join(render(a, ind) for a in node.args) + ")"\n        if "\\n" not in inline and len("  " * ind) + len(inline) <= WIDTH:\n            return inline\n        parts = [render(a, cind) for a in node.args]\n        return node.name + "(\\n" + cpad + (",\\n" + cpad).join(parts) + ")"\n\n    # Has a statement block: inline the args before the first block, then put\n    # each remaining arg (blocks included) on its own indented line.\n    first = next(i for i, a in enumerate(node.args) if isinstance(a, Seq))\n    head = node.args[:first]\n    rest = node.args[first:]\n    open_line = node.name + "(" + ", ".join(render(a, ind) for a in head) + ("," if head else "")\n    lines = []\n    for k, a in enumerate(rest):\n        comma = "," if k < len(rest) - 1 else ""\n        lines.append(cpad + render(a, cind) + comma)\n    return open_line + "\\n" + "\\n".join(lines) + ")"\n\n\n# ---------------------------------------------------------------------------\n# CLI\n# ---------------------------------------------------------------------------\ndef main(argv=None) -> int:\n    ap = argparse.ArgumentParser(\n        prog="py2mpy",\n        description="Pure CPython-AST -> K-constructor transliterator.",\n    )\n    ap.add_argument("file", help="Python source file")\n    ap.add_argument("--ast", action="store_true",\n                    help="print the Python AST (ast.dump) instead of the .mpy term")\n    args = ap.parse_args(argv)\n\n    with open(args.file, "r", encoding="utf-8") as fh:\n        src = fh.read()\n    tree = ast.parse(src, filename=args.file)\n    _walk_symtable(symtable.symtable(src, args.file, "exec"))\n\n    if args.ast:\n        print(ast.dump(tree, indent=2))\n    else:\n        print(render(emit_module(tree)))\n    return 0\n\n\nif __name__ == "__main__":\n    sys.exit(main())\n// reference/src/semantics.k — the supplied `.mpy` semantics, ASSEMBLED.\n//\n//   kompile reference-semantics/semantics.k --backend llvm \\\n//     --main-module MPY-KRUN --syntax-module MPY-SYNTAX \\\n//     --output-definition runtime-kompiled\n//\n// Concrete-only legs are included through MPY-KRUN. Proof definitions import\n// MPY and any explicit proof extensions supplied by the task author.\n//\n// Files (dependency order — everything imports MPY-CORE):\n//   semantics/syntax.k         MPY-SYNTAX       AST productions\n//   semantics/core.k           MPY-CORE         values, config, load, lookup, shared helpers   [required]\n//   semantics/iter.k           MPY-ITER         the iterator protocol (#iterNext/#iterYield/#iterDone) decl\n//   semantics/range.k          MPY-RANGE        rangeObj: inRange / rangeLen / its #iterNext\n//   semantics/operators.k      MPY-OPERATORS    operator DISPATCH (UnaryOp/BinOp/Compare/BoolOp) — domain files own the cases\n//   semantics/int.k            MPY-INT          Int operator cases; floored // and % (pyMod)\n//   semantics/bool.k           MPY-BOOL         Bool operator cases + truthy not/and/or (BoolOp)\n//   semantics/float.k          MPY-FLOAT        Float Val: literal + opaque float ops ([concrete] for krun)\n//   semantics/str.k            MPY-STR          str(IntSeq): literal, +, ==, in\n//   semantics/set.k            MPY-SET          set(str): distinct char codes (len / membership)\n//   semantics/list.k           MPY-LIST         ListExpr, list(ValSeq): +, ==, in\n//   semantics/tuple.k          MPY-TUPLE        TupleExpr, tuple ==, target-binding + unpacking\n//   semantics/subscript.k      MPY-SUBSCRIPT    Subscript indexing + Slice\n//   semantics/comprehension.k  MPY-COMPREHENSION  list comprehensions [ELT for T in ITER if COND]\n//   semantics/methods.k        MPY-METHODS      pure str methods: is*/lower/upper/swapcase/startswith\n//   semantics/controls.k       MPY-CONTROLS     Assign/AugAssign, If, IfExp, For, While, break/continue\n//   semantics/functions.k      MPY-FUNCTIONS    def / call / return (frame stack)\n//   semantics/builtins.k       MPY-BUILTINS     builtins as calls: len/sum/abs/min/max/ord/chr/str\n//   semantics/call.k           MPY-CALL         ALL Call routing + argument evaluation\n//   semantics/sort.k           MPY-SORT         trusted sorted(): opaque sortVS + concrete insertion sort\n//   semantics/assert.k         MPY-ASSERT       Assert oracle (smoke programs only)\n//   semantics/dict.k           MPY-DICT         order-preserving dictV(KS,VS) + .keys() + list()\n\nrequires "semantics/syntax.k"\nrequires "semantics/core.k"\nrequires "semantics/iter.k"\nrequires "semantics/range.k"\nrequires "semantics/operators.k"\nrequires "semantics/int.k"\nrequires "semantics/bool.k"\nrequires "semantics/float.k"\nrequires "semantics/str.k"\nrequires "semantics/set.k"\nrequires "semantics/list.k"\nrequires "semantics/tuple.k"\nrequires "semantics/subscript.k"\nrequires "semantics/comprehension.k"\nrequires "semantics/methods.k"\nrequires "semantics/controls.k"\nrequires "semantics/functions.k"\nrequires "semantics/builtins.k"\nrequires "semantics/call.k"\nrequires "semantics/sort.k"\nrequires "semantics/assert.k"\nrequires "semantics/dict.k"\nrequires "semantics/concrete.k"\n\nmodule MPY\n  imports MPY-CORE\n  imports MPY-ITER\n  imports MPY-RANGE\n  imports MPY-OPERATORS\n  imports MPY-INT\n  imports MPY-BOOL\n  imports MPY-FLOAT\n  imports MPY-STR\n  imports MPY-SET\n  imports MPY-LIST\n  imports MPY-TUPLE\n  imports MPY-SUBSCRIPT\n  imports MPY-COMPREHENSION\n  imports MPY-METHODS\n  imports MPY-CONTROLS\n  imports MPY-FUNCTIONS\n  imports MPY-BUILTINS\n  imports MPY-CALL\n  imports MPY-SORT\n  imports MPY-ASSERT\n  imports MPY-DICT\nendmodule\n\n// The krun (llvm) main module: MPY plus the concrete-only legs (keyed sort\'s\n// real key calls, deep list equality). Verification builds import MPY and\n// never see MPY-CONCRETE. The llvm kompile MUST use --main-module MPY-KRUN —\n// with plain MPY the concrete legs are silently absent (this was live for a\n// while: sorted-key stuck and comprehension asserted wrong under krun).\nmodule MPY-KRUN\n  imports MPY\n  imports MPY-CONCRETE\nendmodule\nFILE reference-semantics/semantics/syntax.k\n// reference/src/semantics/syntax.k — MPY-SYNTAX\n\nmodule MPY-SYNTAX\n  imports INT-SYNTAX\n  imports FLOAT-SYNTAX\n  imports BOOL-SYNTAX\n  imports STRING-SYNTAX\n\n  syntax Expr ::= "Int"      "(" Int ")"\n                | "Float"    "(" Float ")"\n                | "Bool"     "(" Bool ")"\n                | "Name"     "(" String ")"\n                | "Str"      "(" String ")"\n                | "UnaryOp"  "(" String "," Expr ")" [strict(2)]\n                | "BinOp"    "(" String "," Expr "," Expr ")" [seqstrict(2, 3)]\n                | "BoolOp"    "(" String "," Exprs ")"\n                | "ListExpr"  "(" Exprs ")"\n                | "DictExpr"  "(" Entries ")"\n                | "ListComp"  "(" Expr "," CompFors ")" [macro]\n                | "GenExp"    "(" Expr "," CompFors ")" [macro]\n                | "TupleExpr" "(" Exprs ")"\n                | "Subscript" "(" Expr "," Index ")"\n                | "IfExp"     "(" Expr "," Expr "," Expr ")" [strict(1)]\n                | "Lambda"    "(" Params "," Expr ")"\n                | "KwArg"     "(" String "," Expr ")"\n                | "Lambda"    "(" Params "," CellVars "," FreeVars "," Expr ")"\n                | "NoneVal"\n                | "Call"      "(" Expr "," Exprs ")"\n                | "Attribute" "(" Expr "," String ")" [strict(1)]\n                | "Compare"   "(" Expr "," CmpOp ")"\n\n  syntax CmpOp    ::= "CmpOp" "(" String "," Expr ")"\n  syntax Entry    ::= "Entry" "(" Expr "," Expr ")"\n  syntax Entries  ::= List{Entry, ","}\n  syntax CompFor  ::= "CompFor" "(" Expr "," Expr "," Exprs ")"\n  syntax CompFors ::= List{CompFor, ""}\n  syntax Exprs    ::= List{Expr, ","}\n  syntax Index    ::= Expr | "Slice" "(" Bound "," Bound "," Bound ")"\n  syntax Bound    ::= Expr | "NoBound"\n\n  syntax Stmt ::= "Assign"    "(" Expr "," Expr ")" [strict(2)]\n                | "Import"    "(" String ")"\n                | "ImportFrom" "(" String "," ParamNames ")"\n                | "AugAssign" "(" Expr "," String "," Expr ")" [strict(3)]\n                | "For"       "(" Expr "," Expr "," Stmts ")" [strict(2)]\n                | "While"     "(" Expr "," Stmts ")"\n                | "Break"\n                | "Continue"\n                | "If"        "(" Expr "," Stmts "," Stmts ")" [strict(1)]\n                | "Return"    "(" Expr ")" [strict]\n                | "Assert"    "(" Expr ")" [strict]\n                | "Expr"      "(" Expr ")" [strict]\n                | "FuncDef"   "(" String "," Params "," Stmts ")"\n                | "FuncDef"   "(" String "," Params "," CellVars "," FreeVars "," Stmts ")"\n\n  syntax Stmts      ::= List{Stmt, ""}\n  syntax Params     ::= "Params" "(" ParamNames ")"\n  syntax CellVars   ::= "CellVars" "(" ParamNames ")"\n  syntax FreeVars   ::= "FreeVars" "(" ParamNames ")"\n  syntax ParamNames ::= List{String, ","}\n  syntax Module     ::= "Module" "(" Stmts ")"\nendmodule\nFILE reference-semantics/semantics/core.k\n// reference/src/semantics/core.k — MPY-CORE\n\nmodule MPY-CORE\n  imports MPY-SYNTAX\n  imports INT\n  imports BOOL\n  imports STRING\n  imports MAP\n  imports LIST\n  imports K-EQUAL\n\n  // ==== values, the algebraic lists, and the scope heap =====================\n  syntax IntSeq ::= ".IntSeq" | iCons(Int, IntSeq)\n  syntax ValSeq ::= ".ValSeq" | vCons(Val, ValSeq)\n  syntax Str    ::= str(IntSeq)\n\n  // the iterable values, grouped under one sort (typing only — dispatch is <k>-cell)\n  syntax Iterable ::= list(ValSeq)\n                    | tuple(ValSeq)\n                    | Str\n                    | rangeObj(Int, Int, Int)\n                    | zipObj(ValSeq, ValSeq)\n                    | zipObjS(IntSeq, IntSeq)\n\n  syntax Val      ::= Int\n                    | Bool\n                    | "noneV"\n                    | Iterable\n                    | ref(Int)          // a heap object: <heap> holds its list(VS)\n                    | cellRef(Int)      // a closure cell: <heap> holds cellV(V)\n                    | closureVal(ParamNames, Stmts, Int)\n                    | typeV(String)     // a type object (int/str), resolved from the builtins frame\n                    | builtinV(String)  // a builtin function, resolved like any name (LEGB fallthrough)\n                    | boundMethodV(Val, String)   // a cooled Attribute: obj.method\n\n  syntax Parent   ::= "root" | parent(Int)\n  syntax Scope    ::= scope(Map, Parent)\n  syntax KResult  ::= Val\n  syntax Expr     ::= Val   // cooling puts results back into expression holes\n  syntax Vals     ::= List{Val, ","}\n  syntax Exc      ::= "NoExc" | "AssertionError"\n  syntax RetState ::= "noRet" | retV(Val)\n\n  // ==== configuration =======================================================\n  // The builtins namespace is a real scope at reserved location -1 (the bottom of every\n  // chain; scopeLoc only allocates >=1, so -1 never collides). The module scope (loc 0)\n  // has it as parent, so an unbound name resolves there last — exactly LEGB. `int`/`str`\n  // resolve to their type objects; any local/global binding shadows them via normal lookup.\n  configuration\n    <k>       #loadAll($PGM:Module) </k>\n    <env>     0 </env>\n    <scopes>   0     |-> scope(.Map, parent(-1))\n              -1    |-> builtinsScope </scopes>\n    <scopeLoc> 1 </scopeLoc>\n    <heap>    .Map </heap>\n    <heapLoc> 0 </heapLoc>\n    <stack>   .List </stack>\n    <ret>     noRet </ret>\n    <exc>     NoExc </exc>\n    <exit-code exit=""> 0 </exit-code>\n\n  // ==== heap allocation (constructed lists become objects) ==================\n  // Cons-form emission with a freshness guard (the heap-list-probe discipline:\n  // an update-form H[N <- _] never re-normalizes symbolically). heapLoc is\n  // monotonic — it does NOT wind back at #pop: returned lists escape by ref.\n  // A bare list(VS) Val stays legal (read-only inputs in claims flow unboxed);\n  // only CONSTRUCTORS in program syntax allocate.\n  syntax Bool ::= isRefV(Val) [function, total]\n  rule isRefV(ref(_:Int)) => true\n  rule isRefV(_:Val)      => false [owise]\n\n  // closure cells (Python-faithful capture): the heap holds cellV(V); a\n  // cellRef surfacing as the k-redex reads through (lookup is the only use —\n  // cellRefs never escape to user-visible values)\n  syntax HeapVal ::= cellV(Val)\n  syntax Bool ::= isCellRef(Val) [function, total]\n  rule isCellRef(cellRef(_:Int)) => true\n  rule isCellRef(_:Val)          => false [owise]\n  // k-top deref for cell-bound reads surfacing INSIDE the annotated frame\n  // (AugAssign\'s in-place read and friends). The "$cells" guard keeps this\n  // DECIDABLY inapplicable in plain frames — an unguarded rule lets the\n  // prover narrow abstract k-top values into cellRef junk (probed on\n  // 26-remove-duplicates). Cross-frame reads (a comprehension closure\n  // reading the enclosing function\'s cellvar) deref inside #look instead.\n  rule <k> cellRef(H:Int) => V ... </k>\n       <env> L:Int </env>\n       <scopes> ... L |-> scope(M:Map, _) ... </scopes>\n       <heap> ... H |-> cellV(V:Val) ... </heap>\n       requires "$cells" in_keys(M)\n       [priority(40)]\n\n  // write through a cell (Assign / #bindP / #bindTgt dispatch here on\n  // cell-bound names)\n  // a keyword argument cools to a TAGGED value (consumed by kw-aware builtins)\n  syntax Val ::= kwV(String, Val)\n  syntax KItem ::= #kwTag(String)\n  rule <k> KwArg(N:String, E:Expr) => E ~> #kwTag(N) ... </k>\n  rule <k> V:Val ~> #kwTag(N:String) => kwV(N, V) ... </k>\n       requires notBool isKwV(V)\n  syntax Bool ::= isKwV(Val) [function, total]\n  rule isKwV(kwV(_:String, _:Val)) => true\n  rule isKwV(_:Val)                => false [owise]\n\n  // the frame marker carries the CONCRETE cellvar list, so cell-write dispatch\n  // decides by pnMember even over an abstract frame rest (no prover branching)\n  syntax Val ::= cellsMark(ParamNames)\n  syntax ParamNames ::= cellsOf(Val) [function]\n  rule cellsOf(cellsMark(CVS:ParamNames)) => CVS\n  syntax Bool ::= pnMember(String, ParamNames) [function, total]\n  rule pnMember(_:String, .ParamNames) => false\n  rule pnMember(X:String, (P:String, R:ParamNames)) => X ==String P orBool pnMember(X, R)\n\n  syntax KItem ::= #cellW(Val, Val)\n  rule <k> #cellW(cellRef(H:Int), V:Val) => .K ... </k>\n       <heap> ... H |-> cellV(_:Val => V) ... </heap>\n\n  syntax KItem ::= #alloc(Val)\n  rule <k> #alloc(V:Val) => ref(N) ... </k>\n       <heap>    H:Map => (N |-> V) H </heap>\n       <heapLoc> N:Int => N +Int 1 </heapLoc>\n       requires notBool N in_keys(H)\n\n  // ==== module load + statement sequencing ==================================\n  syntax KItem ::= #loadAll(Module)\n  rule <k> #loadAll(Module(SS:Stmts)) => SS ... </k>\n  rule <k> (S:Stmt SS:Stmts):Stmts => S ~> SS ... </k>\n  rule <k> .Stmts => .K ... </k>\n\n  // ==== Name lookup (walk the scope chain; builtins live in the -1 scope) ====\n  syntax KItem ::= #look(String, Int)\n  rule <k> Name(X:String) => #look(X, L) ... </k> <env> L:Int </env>\n  rule <k> #look(X:String, L:Int) => {M[X]}:>Val ... </k>\n       <scopes> ... L |-> scope(M:Map, _:Parent) ... </scopes>\n       requires X in_keys(M)\n  // a SYNTACTICALLY cell-bound name reads through the heap cell AT THE\n  // LOOKUP (higher priority beats the plain return above on concrete cell\n  // bindings; abstract claim values take the plain rule unchanged) — this\n  // covers cross-frame cell reads (a comprehension closure reading the\n  // enclosing function\'s cellvar) without a narrowing-prone k-top redex\n  // guarded on the FOUND frame\'s DECLARED cellvars (pnMember over the\n  // cellsMark): decidable for every concrete frame pin — plain frames and\n  // non-cell names prune outright, so an abstract looked-up value never\n  // drags a narrowing cellV heap match along (probed on 5-intersperse and\n  // Q4\'s abstract `numbers` in the annotated frame)\n  rule <k> #look(X:String, L:Int) => V ... </k>\n       <scopes> ... L |-> scope(M:Map, _:Parent) ... </scopes>\n       <heap> ... H |-> cellV(V:Val) ... </heap>\n       requires X in_keys(M) andBool "$cells" in_keys(M)\n        andBool pnMember(X, ce…435 tokens truncated…stination ==\n  // (list/tuple literals and calls all use it; modules extend ApplyK with their tags)\n  syntax ApplyK ::= toCall(Val)\n  syntax KItem  ::= #evalArgs(Exprs, Vals, ApplyK)\n                  | #evalArgCont(Exprs, Vals, ApplyK)\n                  | #applyK(ApplyK, Vals)\n  rule <k> #evalArgs((A:Expr, REST:Exprs), ACC:Vals, K:ApplyK) => A ~> #evalArgCont(REST, ACC, K) ... </k>\n  rule <k> V:Val ~> #evalArgCont(REST:Exprs, ACC:Vals, K:ApplyK) => #evalArgs(REST, appendVal(ACC, V), K) ... </k>\n  rule <k> #evalArgs(.Exprs, ACC:Vals, K:ApplyK) => #applyK(K, ACC) ... </k>\n\n  // ==== Int / Bool / None literals ==========================================\n  rule <k> Int(I:Int)   => I ... </k>\n  rule <k> Bool(B:Bool) => B ... </k>\n  rule <k> NoneVal      => noneV ... </k>\n\n  // ==== truthy (If, Assert, BoolOp, IfExp, not, While) ======================\n  syntax Bool ::= truthy(Val) [function]\n  rule truthy(B:Bool)          => B\n  rule truthy(noneV)           => false\n  rule truthy(I:Int)           => I =/=Int 0\n  rule truthy(str(S:IntSeq))   => notBool (S ==K .IntSeq)\n  rule truthy(list(V:ValSeq))  => notBool (V ==K .ValSeq)\n  rule truthy(tuple(V:ValSeq)) => notBool (V ==K .ValSeq)\n\n  // ==== extensible operator dispatch (cases added by the construct modules) ==\n  syntax Val  ::= applyUn(String, Val) [function]\n  syntax Val  ::= applyBin(String, Val, Val) [function]\n  syntax Bool ::= applyCmp(String, Val, Val) [function]\n\n  // ==== shared list helpers =================================================\n  syntax Vals ::= appendVal(Vals, Val) [function, total]\n  rule appendVal(.Vals, V:Val)              => V , .Vals\n  rule appendVal((V0:Val, VS:Vals), V:Val)  => V0 , appendVal(VS, V)\n\n  syntax ValSeq ::= vals2valSeq(Vals) [function, total]\n  rule vals2valSeq(.Vals)            => .ValSeq\n  rule vals2valSeq((V:Val, VS:Vals)) => vCons(V, vals2valSeq(VS))\n\n  // ==== shared sequence length (len / summaries across many modules) ========\n  // (positional access valSeqAt/intSeqAt + normIdx live in subscript.k)\n  syntax Int ::= vsLen(ValSeq) [function, total]\n  rule vsLen(.ValSeq)                => 0\n  rule vsLen(vCons(_:Val, S:ValSeq)) => 1 +Int vsLen(S)\n\n  syntax Int ::= isLen(IntSeq) [function, total]\n  rule isLen(.IntSeq)                => 0\n  rule isLen(iCons(_:Int, S:IntSeq)) => 1 +Int isLen(S)\n\n  // in-bounds positional write (list subscript-assign); OOB leaves the seq unchanged\n  // (valid programs write in-bounds — mirrors valSeqAt\'s total-but-underspecified stance)\n  syntax ValSeq ::= setVSAt(ValSeq, Int, Val) [function, total]\n  rule setVSAt(.ValSeq, _:Int, _:Val)               => .ValSeq\n  rule setVSAt(vCons(_:Val, S:ValSeq), 0, V:Val)    => vCons(V, S)\n  rule setVSAt(vCons(W:Val, S:ValSeq), I:Int, V:Val) => vCons(W, setVSAt(S, I -Int 1, V))\n       requires I >Int 0\n  rule setVSAt(VS:ValSeq, I:Int, _:Val)             => VS\n       requires I <Int 0\nendmodule\nFILE reference-semantics/semantics/functions.k\n// reference/src/semantics/functions.k — MPY-FUNCTIONS\n\nmodule MPY-FUNCTIONS\n  imports MPY-CORE\n\n  // call routing + callee/arg evaluation (#callee/#args/#argCont) live in call.k;\n  // this module owns the frame lifecycle (bind params, return, pop).\n  syntax KItem ::= frame(continuation: K, callerEnv: Int, savedLoc: Int)\n                 | #bindP(ParamNames, Vals)\n                 | "#pop"\n                 | "#endcall"\n\n  // ==== def / anonymous closure =============================================\n  rule <k> FuncDef(F:String, Params(PNS:ParamNames), BODY:Stmts) => .K ... </k>\n       <env> L:Int </env>\n       <scopes> ... L |-> scope(M:Map => M [ F <- closureVal(PNS, BODY, L) ], _) ... </scopes>\n\n  syntax Expr ::= closureExpr(ParamNames, Stmts)\n  rule <k> closureExpr(PNS:ParamNames, BODY:Stmts) => closureVal(PNS, BODY, L) ... </k>\n       <env> L:Int </env>\n\n  // ==== annotated def/lambda (closure cells; spec 2.3) ======================\n  // closureValC(params, cellvars, body, captured-cells). No frame anchor: all\n  // enclosing-local reads are freevars (symtable-complete) and go through the\n  // captured cells; everything else is global/builtin, so the callee frame\'s\n  // parent is the module scope (0) — sound after the defining frame dies.\n  syntax Val ::= closureValC(ParamNames, ParamNames, Stmts, Map)\n\n  // capture: resolve each freevar to the enclosing frame\'s cellRef, then bind\n  // (FuncDef) or yield (Lambda) the closure value.\n  syntax KItem ::= #mkClosure(String, ParamNames, ParamNames, ParamNames, Stmts, Map)\n                 | #mkLambda(ParamNames, ParamNames, ParamNames, Stmts, Map)\n  rule <k> FuncDef(F:String, Params(PNS:ParamNames), CellVars(CVS:ParamNames),\n                   FreeVars(FVS:ParamNames), BODY:Stmts)\n        => #mkClosure(F, PNS, CVS, FVS, BODY, .Map) ... </k>\n  rule <k> #mkClosure(F:String, PNS:ParamNames, CVS:ParamNames,\n                      (FV:String, FVR:ParamNames), BODY:Stmts, CM:Map)\n        => #mkClosure(F, PNS, CVS, FVR, BODY, CM [ FV <- {M[FV]}:>Val ]) ... </k>\n       <env> L:Int </env>\n       <scopes> ... L |-> scope(M:Map, _) ... </scopes>\n       requires FV in_keys(M)\n  rule <k> #mkClosure(F:String, PNS:ParamNames, CVS:ParamNames,\n                      .ParamNames, BODY:Stmts, CM:Map) => .K ... </k>\n       <env> L:Int </env>\n       <scopes> ... L |-> scope(M:Map => M [ F <- closureValC(PNS, CVS, BODY, CM) ], _) ... </scopes>\n\n  rule <k> Lambda(Params(PNS:ParamNames), E:Expr)\n        => closureVal(PNS, Return(E) .Stmts, L) ... </k>\n       <env> L:Int </env>\n  rule <k> Lambda(Params(PNS:ParamNames), CellVars(CVS:ParamNames),\n                  FreeVars(FVS:ParamNames), E:Expr)\n        => #mkLambda(PNS, CVS, FVS, Return(E) .Stmts, .Map) ... </k>\n  rule <k> #mkLambda(PNS:ParamNames, CVS:ParamNames,\n                     (FV:String, FVR:ParamNames), BODY:Stmts, CM:Map)\n        => #mkLambda(PNS, CVS, FVR, BODY, CM [ FV <- {M[FV]}:>Val ]) ... </k>\n       <env> L:Int </env>\n       <scopes> ... L |-> scope(M:Map, _) ... </scopes>\n       requires FV in_keys(M)\n  rule <k> #mkLambda(PNS:ParamNames, CVS:ParamNames, .ParamNames, BODY:Stmts, CM:Map)\n        => closureValC(PNS, CVS, BODY, CM) ... </k>\n\n  // ==== bind params ========================================================\n  rule <k> #bindP(.ParamNames, .Vals) => .K ... </k>\n  rule <k> #bindP((P:String, PS:ParamNames), (V:Val, VS:Vals)) => #bindP(PS, VS) ... </k>\n       <env> L:Int </env>\n       <scopes> ... L |-> scope(M:Map => M [ P <- V ], _) ... </scopes>\n  // a param that is a cellvar was pre-bound to its cell at frame entry\n  rule <k> #bindP((P:String, PS:ParamNames), (V:Val, VS:Vals))\n        => #cellW({M[P]}:>Val, V) ~> #bindP(PS, VS) ... </k>\n       <env> L:Int </env>\n       <scopes> ... L |-> scope(M:Map, _) ... </scopes>\n       requires "$cells" in_keys(M)\n        andBool pnMember(P, cellsOf({M["$cells"]}:>Val))\n        andBool P in_keys(M) andBool isCellRef({M[P]}:>Val)\n       [priority(40)]\n\n  // ==== return / pop the frame (the returned expr evaluates by strictness) ==\n  rule <k> Return(V:Val) ~> _ => #pop </k>\n       <ret> noRet => retV(V) </ret>\n  rule <k> #endcall => #pop ... </k>\n       <ret> noRet => retV(noneV) </ret>\n  // pop: restore env, DEALLOCATE the callee frame, and wind scopeLoc back (LIFO allocation\n  // makes the saved loc the callee frame\'s own loc). Sound because no closureVal outlives its\n  // defining frame (frontend subset: no returned/stored closures; module defs live in loc 0).\n  rule <k> #pop => V ~> CONT </k>\n       <ret>   retV(V) => noRet </ret>\n       <stack> ListItem(frame(CONT:K, CALLERL:Int, SAVEDL:Int)) => .List ... </stack>\n       <env>   L:Int => CALLERL </env>\n       <scopes> SC:Map => SC [ L <- undef ] </scopes>\n       <scopeLoc> _ => SAVEDL </scopeLoc>\nendmodule\nFILE reference-semantics/semantics/int.k\n// reference/src/semantics/int.k — MPY-INT\n// Int cases of the operator dispatch; Python // and % are floored (pyMod).\n\nmodule MPY-INT\n  imports MPY-CORE\n\n  rule applyUn("-", I:Int) => 0 -Int I\n\n  rule applyBin("+",  I1:Int, I2:Int) => I1 +Int I2\n  // Bool participates in int arithmetic (x += (a == b))\n  rule applyBin("+",  I:Int, B:Bool) => I +Int #if B #then 1 #else 0 #fi\n  rule applyBin("+",  B:Bool, I:Int) => #if B #then 1 #else 0 #fi +Int I\n  rule applyBin("-",  I1:Int, I2:Int) => I1 -Int I2\n  rule applyBin("*",  I1:Int, I2:Int) => I1 *Int I2\n  rule applyBin("%",  I1:Int, I2:Int) => pyMod(I1, I2)\n  rule applyBin("//", I1:Int, I2:Int) => (I1 -Int pyMod(I1, I2)) /Int I2\n  rule applyBin("**", I1:Int, I2:Int) => I1 ^Int I2 requires I2 >=Int 0\n\n  syntax Int ::= pyMod(Int, Int) [function]\n  rule pyMod(I1:Int, I2:Int) => ((I1 %Int I2) +Int I2) %Int I2\n\n  rule applyCmp("<",  I1:Int, I2:Int)   => I1 <Int  I2\n  rule applyCmp("<=", I1:Int, I2:Int)   => I1 <=Int I2\n  rule applyCmp(">",  I1:Int, I2:Int)   => I1 >Int  I2\n  rule applyCmp(">=", I1:Int, I2:Int)   => I1 >=Int I2\n  rule applyCmp("==", I1:Int, I2:Int)   => I1 ==Int I2\n  rule applyCmp("!=", I1:Int, I2:Int)   => I1 =/=Int I2\nendmodule\nFILE reference-semantics/semantics/operators.k\n// reference/src/semantics/operators.k — MPY-OPERATORS\n// The operator DISPATCH layer: operands evaluate by strictness (heat/cool over KResult=Val),\n// the cooled node hands to applyUn/applyBin/applyCmp (declared in core.k; each domain file\n// owns its cases — bool.k, int.k, float.k, str.k, list.k, tuple.k, set.k, dict.k).\n\nmodule MPY-OPERATORS\n  imports MPY-CORE\n  imports MPY-ITER\n\n  rule <k> UnaryOp(OP:String, V:Val) => applyUn(OP, V) ... </k>\n\n  rule <k> BinOp(OP:String, L:Val, R:Val) => applyBin(OP, L, R) ... </k>\n\n  // Compare\'s right operand sits under the CmpOp wrapper — contexts instead of attributes\n  context Compare(HOLE, _)\n  context Compare(_:Val, CmpOp(_, HOLE))\n  rule <k> Compare(LV:Val, CmpOp(OP:String, RV:Val)) => applyCmp(OP, LV, RV) ... </k> [owise]\n\n  rule applyCmp("is",     V:Val, noneV) => V ==K noneV\n  rule applyCmp("is not", V:Val, noneV) => notBool (V ==K noneV)\n\n  // ==== operand deref: heap objects combine/compare by STRUCTURE ============\n  // (Python: list == is structural; identity only via `is`.) priority(40)\n  // preempts the generic dispatch so applyUn/applyBin/applyCmp never see a ref.\n  rule <k> BinOp(OP:String, ref(H:Int), R:Expr) => BinOp(OP, V, R) ... </k>\n       <heap> ... H |-> V:Val ... </heap>\n       [priority(40)]\n  rule <k> BinOp(OP:String, L:Val, ref(H:Int)) => BinOp(OP, L, V) ... </k>\n       <heap> ... H |-> V:Val ... </heap>\n       requires notBool isRefV(L)\n       [priority(40)]\n\n  // the left operand of `in`/`not in` is an ELEMENT (compares by ==K) — never deref\'d\n  rule <k> Compare(ref(H:Int), CmpOp(OP:String, R:Expr)) => Compare(V, CmpOp(OP, R)) ... </k>\n       <heap> ... H |-> V:Val ... </heap>\n       requires OP =/=String "in" andBool OP =/=String "not in"\n       [priority(40)]\n  rule <k> Compare(L:Val, CmpOp(OP:String, ref(H:Int))) => Compare(L, CmpOp(OP, V)) ... </k>\n       <heap> ... H |-> V:Val ... </heap>\n       requires notBool isRefV(L)\n        orBool OP ==String "in" orBool OP ==String "not in"\n       [priority(40)]\n\n  rule <k> UnaryOp(OP:String, ref(H:Int)) => UnaryOp(OP, V) ... </k>\n       <heap> ... H |-> V:Val ... </heap>\n       [priority(40)]\nendmodule\nFILE reference-semantics/semantics/controls.k\n// reference/src/semantics/controls.k — MPY-CONTROLS\n\nmodule MPY-CONTROLS\n  imports MPY-CORE\n  imports MPY-TUPLE\n  imports MPY-ITER\n\n  // ==== Assign / AugAssign (write the current scope; RHS evaluated by strictness) ==\n  rule <k> Assign(Name(X:String), V:Val) => .K ... </k>\n       <env> L:Int </env>\n       <scopes> ... L |-> scope(M:Map => M [ X <- V ], _) ... </scopes>\n  rule <k> Assign(Name(X:String), V:Val) => #cellW({M[X]}:>Val, V) ... </k>\n       <env> L:Int </env>\n       <scopes> ... L |-> scope(M:Map, _) ... </scopes>\n       requires "$cells" in_keys(M)\n        andBool pnMember(X, cellsOf({M["$cells"]}:>Val))\n        andBool X in_keys(M) andBool isCellRef({M[X]}:>Val)\n       [priority(40)]\n\n  rule <k> AugAssign(Name(X:String), OP:String, V:Val) => .K ... </k>\n       <env> L:Int </env>\n       <scopes> ... L |-> scope(M:Map => M [ X <- applyBin(OP, {M[X]}:>Val, V) ], _) ... </scopes>\n       requires X in_keys(M)\n  // `lst += [..]` where lst is a heap ref: the generic rule leaves applyBin(OP, ref, V) — but the\n  // ref-deref preemption is BinOp-level (operators.k), so applyBin never derefs and it sticks. Route\n  // the ref case through BinOp so the deref + list-concat + #alloc path fires (result is a fresh ref).\n  rule <k> AugAssign(Name(X:String), OP:String, V:Val) => Assign(Name(X), BinOp(OP, Name(X), V)) ... </k>\n       <env> L:Int </env>\n       <scopes> ... L |-> scope(M:Map, _) ... </scopes>\n       requires X in_keys(M) andBool isRefV({M[X]}:>Val)\n       [priority(40)]\n\n  // ==== import trivia: `from math import floor, ceil` binds the supported\n  // names as builtins in the current scope; every other import is a no-op\n  rule <k> ImportFrom("math", NS:ParamNames) => #bindImports(NS) ... </k>\n  rule <k> ImportFrom(_:String, _:ParamNames) => .K ... </k> [owise]\n  syntax KItem ::= #bindImports(ParamNames)\n  rule <k> #bindImports(.ParamNames) => .K ... </k>\n  rule <k> #bindImports((N:String, NS:ParamNames)) => #bindImports(NS) ... </k>\n       <env> L:Int </env>\n       <scopes> ... L |-> scope(M:Map => M [ N <- builtinV(N) ], _) ... </scopes>\n       requires N ==String "floor" orBool N ==String "ceil"\n  rule <k> #bindImports((N:String, NS:ParamNames)) => #bindImports(NS) ... </k>\n       requires notBool (N ==String "floor" orBool N ==String "ceil")\n\n  // ==== Expr statement: evaluate for effect, discard the value ===============\n  // (bare calls — mutator methods, docstrings; the WP0 statement-trivia rung)\n  rule <k> Expr(_:Val) => .K ... </k>\n\n  // ==== If (condition evaluated by strictness) ==============================\n  syntax KItem ::= #branch(Bool, Stmts, Stmts)\n  rule <k> If(C:Val, T:Stmts, E:Stmts) => #branch(truthy(C), T, E) ... </k>\n  rule <k> #branch(true,  T:Stmts, _:Stmts) => T ... </k>\n  rule <k> #branch(false, _:Stmts, E:Stmts) => E ... </k>\n\n  // ==== IfExp: ternary T if C else E ========================================\n  rule <k> IfExp(V:Val, T:Expr, _:Expr) => T ... </k>\n       requires truthy(V)\n  rule <k> IfExp(V:Val, _:Expr, E:Expr) => E ... </k>\n       requires notBool truthy(V)\n\n  // ==== For: one loop, in-cell continuation, over #iterNext =================\n  // (the iterable is evaluated once, by strictness; the protocol stays rewrites —\n  // circularities anchor on #loop and narrowing substitutes the structure)\n  syntax KItem ::= #loop(Val, Expr, Stmts) | #loopStep(Expr, Stmts)\n                 | #while(Expr, Stmts) | #whileCond(Expr, Stmts)\n                 | #loopLbl(K) | "#cont" | "#brk"\n\n  rule <k> For(T:Expr, OBJ:Val, B:Stmts) => #loop(OBJ, T, B) ... </k>\n\n  rule <k> #loop(IT:Iterable, T:Expr, B:Stmts) => #iterNext(IT) ~> #loopStep(T, B) ... </k>\n  rule <k> #iterDone ~> #loopStep(_:Expr, _:Stmts) => .K ... </k>\n  rule <k> #iterYield(V:Val, REST:Iterable) ~> #loopStep(T:Expr, B:Stmts)\n        => #bindTgt(T, V) ~> B ~> #loopLbl(#loop(REST, T, B)) ... </k>\n\n  // ==== While ==============================================================\n  rule <k> While(C:Expr, B:Stmts) => #while(C, B) ... </k>\n  rule <k> #while(C:Expr, B:Stmts) => C ~> #whileCond(C, B) ... </k>\n  rule <k> V:Val ~> #whileCond(C:Expr, B:Stmts) => B ~> #loopLbl(#while(C, B)) ... </k>\n       requires truthy(V)\n  rule <k> V:Val ~> #whileCond(_C:Expr, _B:Stmts) => .K ... </k>\n       requires notBool truthy(V)\n\n  // ==== loop control (break / continue) =====================================\n  rule <k> #loopLbl(NEXT:K) => NEXT ... </k>\n  rule <k> Continue => #cont ... </k>\n  rule <k> Break => #brk ... </k>\n  rule <k> #cont ~> #loopLbl(NEXT:K) => NEXT ... </k>\n  rule <k> #cont ~> (_:KItem => .K) ... </k> [owise]\n  rule <k> #brk ~> #loopLbl(_:K) => .K ... </k>\n  rule <k> #brk ~> (_:KItem => .K) ... </k> [owise]\n\n  // ==== heap-object deref at the truthiness/iteration consumers ==============\n  // (priority(40) preempts the generic Val rules so truthy/#loop never see a ref)\n  rule <k> If(ref(H:Int), T:Stmts, E:Stmts) => If(V, T, E) ... </k>\n       <heap> ... H |-> V:Val ... </heap>\n       [priority(40)]\n  rule <k> IfExp(ref(H:Int), T:Expr, E:Expr) => IfExp(V, T, E) ... </k>\n       <heap> ... H |-> V:Val ... </heap>\n       [priority(40)]\n  rule <k> ref(H:Int) ~> #whileCond(C:Expr, B:Stmts) => V ~> #whileCond(C, B) ... </k>\n       <heap> ... H |-> V:Val ... </heap>\n       [priority(40)]\n  // For derefs its iterable ONCE at loop start (iteration is over the snapshot;\n  // mutating the iterated list inside its own loop is outside the subset)\n  rule <k> For(T:Expr, ref(H:Int), B:Stmts) => For(T, V, B) ... </k>\n       <heap> ... H |-> V:Val ... </heap>\n       [priority(40)]\nendmodule\nFILE reference-semantics/semantics/concrete.k\n// reference/src/semantics/concrete.k — MPY-CONCRETE\n// Concrete-execution-only rules, visible ONLY to the llvm build (run.sh kompiles\n// MPY-CONCRETE; verification builds import MPY and never see these). Rationale:\n// a k-cell rule matching value constructors NARROWS abstract Vals in the haskell\n// backend ([concrete] is not respected on rewrite rules) — probed on\n// 26-remove-duplicates, where element compares branched into deepEqVS.\n\nmodule MPY-CONCRETE\n  imports MPY\n\n  // deep equality for list compares whose elements are heap objects\n  // (list-of-lists): Python == is structural at every depth.\n  rule <k> Compare(list(A:ValSeq), CmpOp("==", list(B:ValSeq))) => deepEqVS(A, B, HP) ... </k>\n       <heap> HP:Map </heap>\n       requires hasRefVS(A) orBool hasRefVS(B)\n  rule <k> Compare(list(A:ValSeq), CmpOp("!=", list(B:ValSeq))) => notBool deepEqVS(A, B, HP) ... </k>\n       <heap> HP:Map </heap>\n       requires hasRefVS(A) orBool hasRefVS(B)\n\n  // ==== keyed sort, concrete leg ============================================\n  // Computes each key by a REAL call through the uniform #callee machinery\n  // (closures, len, type objects all work), stable-inserts on the key, and\n  // allocates the result. priority(40) beats sort.k\'s opaque rules, so krun\n  // runs this and proofs (which never see MPY-CONCRETE) keep sortKeyVS.\n  syntax Val ::= kvP(Val, Val)\n  syntax KItem ::= #ksort(ValSeq, Val, ValSeq, Bool)\n                 | #ksIns(Val, ValSeq, Val, ValSeq, Bool)\n  rule <k> #applyK(toCall(builtinV("sorted")), (list(VS:ValSeq), kwV("key", KV:Val), .Vals))\n        => #ksort(VS, KV, .ValSeq, false) ... </k>\n       [priority(40)]\n  rule <k> #applyK(toCall(builtinV("sorted")), (list(VS:ValSeq), kwV("key", KV:Val), kwV("reverse", RB:Bool), .Vals))\n        => #ksort(VS, KV, .ValSeq, RB) ... </k>\n       [priority(40)]\n  rule <k> #ksort(.ValSeq, _:Val, ACC:ValSeq, RB:Bool)\n        => #alloc(list(condRev(unpairVS(ACC), RB))) ... </k>\n  rule <k> #ksort(vCons(V:Val, R:ValSeq), KV:Val, ACC:ValSeq, RB:Bool)\n        => KV ~> #callee((V, .Exprs)) ~> #ksIns(V, R, KV, ACC, RB) ... </k>\n  rule <k> K:Val ~> #ksIns(V:Val, R:ValSeq, KV:Val, ACC:ValSeq, RB:Bool)\n        => #ksort(R, KV, insPair(ACC, K, V), RB) ... </k>\n       requires notBool isKwV(K)\n\n  syntax ValSeq ::= insPair(ValSeq, Val, Val) [function]\n  rule insPair(.ValSeq, K:Val, V:Val) => vCons(kvP(K, V), .ValSeq)\n  rule insPair(vCons(kvP(K2:Val, V2:Val), R:ValSeq), K:Val, V:Val)\n    => vCons(kvP(K, V), vCons(kvP(K2, V2), R))\n       requires kLt(K, K2)\n  rule insPair(vCons(kvP(K2:Val, V2:Val), R:ValSeq), K:Val, V:Val)\n    => vCons(kvP(K2, V2), insPair(R, K, V))\n       requires notBool kLt(K, K2)\n\n  syntax Bool ::= kLt(Val, Val) [function]\n  rule kLt(I1:Int, I2:Int)             => I1 <Int I2\n  rule kLt(F1:Float, F2:Float)         => F1 <Float F2\n  rule kLt(str(A:IntSeq), str(B:IntSeq)) => strLt(A, B)\n\n  syntax ValSeq ::= unpairVS(ValSeq) [function, total]\n  rule unpairVS(.ValSeq) => .ValSeq\n  rule unpairVS(vCons(kvP(_:Val, V:Val), R:ValSeq)) => vCons(V, unpairVS(R))\n  rule unpairVS(vCons(V:Val, R:ValSeq)) => vCons(V, unpairVS(R)) [owise]\nendmodule\n'}]
LINE 25 CUSTOM_TOOL exec
const r = await tools.exec_command({"cmd":"rg -n \"claim|verification|kprove|#loadAll|<k>|initGeneratedTopCell|modp|powMod|\\^Int\" . --glob '!reference-semantics/semantics.k' --glob '!py2mpy.py' --glob '!prompt.py' || true\nsed -n '1,380p' reference-semantics/semantics/core.k\nsed -n '1,300p' reference-semantics/semantics/call.k\nsed -n '1,240p' reference-semantics/semantics/bool.k\nsed -n '1,240p' reference-semantics/semantics/range.k\nsed -n '1,260p' reference-semantics/semantics/builtins.k","workdir":"/work","yield_time_ms":10000,"max_output_tokens":50000});
text(r.output);

LINE 26 CUSTOM_TOOL_OUTPUT
[{'type': 'input_text', 'text': 'Script completed\nWall time 0.1 seconds\nOutput:\n'}, {'type': 'input_text', 'text': 'Warning: truncated output (original token count: 16539)\nTotal output lines: 930\n\n./reference-semantics/semantics/subscript.k:31:  rule <k> Subscript(ref(H:Int), IX:Index) => Subscript(V, IX) ... </k>\n./reference-semantics/semantics/subscript.k:35:  rule <k> Subscript(OBJ:Val, I:Int) => applyIndex(OBJ, I) ... </k>\n./reference-semantics/semantics/subscript.k:50:  rule <k> #evalB(NoBound)  => noB ... </k>\n./reference-semantics/semantics/subscript.k:51:  rule <k> #evalB(E:Expr)   => E ~> #toSome ... </k>\n./reference-semantics/semantics/subscript.k:52:  rule <k> I:Int ~> #toSome => someB(I) ... </k>\n./reference-semantics/semantics/subscript.k:54:  rule <k> Subscript(OBJ:Val, Slice(LO:Bound, HI:Bound, ST:Bound)) => #evalB(LO) ~> #slLo(OBJ, HI, ST) ... </k>\n./reference-semantics/semantics/subscript.k:55:  rule <k> LO:OptInt ~> #slLo(OBJ:Val, HI:Bound, ST:Bound)   => #evalB(HI) ~> #slHi(OBJ, LO, ST) ... </k>\n./reference-semantics/semantics/subscript.k:56:  rule <k> HI:OptInt ~> #slHi(OBJ:Val, LO:OptInt, ST:Bound)  => #evalB(ST) ~> #slStep(OBJ, LO, HI) ... </k>\n./reference-semantics/semantics/subscript.k:58:  rule <k> ST:OptInt ~> #slStep(list(VS:ValSeq), LO:OptInt, HI:OptInt)\n./reference-semantics/semantics/subscript.k:61:  rule <k> ST:OptInt ~> #slStep(OBJ:Val, LO:OptInt, HI:OptInt) => doSlice(OBJ, LO, HI, ST) ... </k>\n./reference-semantics/semantics/core.k:17:  // the iterable values, grouped under one sort (typing only — dispatch is <k>-cell)\n./reference-semantics/semantics/core.k:50:    <k>       #loadAll($PGM:Module) </k>\n./reference-semantics/semantics/core.k:66:  // A bare list(VS) Val stays legal (read-only inputs in claims flow unboxed);\n./reference-semantics/semantics/core.k:85:  rule <k> cellRef(H:Int) => V ... </k>\n./reference-semantics/semantics/core.k:97:  rule <k> KwArg(N:String, E:Expr) => E ~> #kwTag(N) ... </k>\n./reference-semantics/semantics/core.k:98:  rule <k> V:Val ~> #kwTag(N:String) => kwV(N, V) ... </k>\n./reference-semantics/semantics/core.k:114:  rule <k> #cellW(cellRef(H:Int), V:Val) => .K ... </k>\n./reference-semantics/semantics/core.k:118:  rule <k> #alloc(V:Val) => ref(N) ... </k>\n./reference-semantics/semantics/core.k:124:  syntax KItem ::= #loadAll(Module)\n./reference-semantics/semantics/core.k:125:  rule <k> #loadAll(Module(SS:Stmts)) => SS ... </k>\n./reference-semantics/semantics/core.k:126:  rule <k> (S:Stmt SS:Stmts):Stmts => S ~> SS ... </k>\n./reference-semantics/semantics/core.k:127:  rule <k> .Stmts => .K ... </k>\n./reference-semantics/semantics/core.k:131:  rule <k> Name(X:String) => #look(X, L) ... </k> <env> L:Int </env>\n./reference-semantics/semantics/core.k:132:  rule <k> #look(X:String, L:Int) => {M[X]}:>Val ... </k>\n./reference-semantics/semantics/core.k:137:  // bindings; abstract claim values take the plain rule unchanged) — this\n./reference-semantics/semantics/core.k:145:  rule <k> #look(X:String, L:Int) => V ... </k>\n./reference-semantics/semantics/core.k:152:  rule <k> #look(X:String, L:Int) => #look(X, P) ... </k>\n./reference-semantics/semantics/core.k:156:  // the ONE predefined builtins scope (the -1 frame; claims write `-1 |-> builtinsScope`)\n./reference-semantics/semantics/core.k:189:  rule <k> #evalArgs((A:Expr, REST:Exprs), ACC:Vals, K:ApplyK) => A ~> #evalArgCont(REST, ACC, K) ... </k>\n./reference-semantics/semantics/core.k:190:  rule <k> V:Val ~> #evalArgCont(REST:Exprs, ACC:Vals, K:ApplyK) => #evalArgs(REST, appendVal(ACC, V), K) ... </k>\n./reference-semantics/semantics/core.k:191:  rule <k> #evalArgs(.Exprs, ACC:Vals, K:ApplyK) => #applyK(K, ACC) ... </k>\n./reference-semantics/semantics/core.k:194:  rule <k> Int(I:Int)   => I ... </k>\n./reference-semantics/semantics/core.k:195:  rule <k> Bool(B:Bool) => B ... </k>\n./reference-semantics/semantics/core.k:196:  rule <k> NoneVal      => noneV ... </k>\n./reference-semantics/semantics/sort.k:3:// for kprove (a trusted primitive, correctness/ordering proved in Lean / notes/sort-probe),\n./reference-semantics/semantics/sort.k:36:  rule <k> #applyK(toCall(builtinV("sorted")), (list(VS:ValSeq), .Vals))\n./reference-semantics/semantics/sort.k:40:  rule <k> #applyK(toCall(boundMethodV(ref(H:Int), "sort")), .Vals) => noneV ... </k>\n./reference-semantics/semantics/sort.k:61:  rule <k> #applyK(toCall(builtinV("sorted")), (list(VS:ValSeq), kwV("key", KV:Val), .Vals))\n./reference-semantics/semantics/sort.k:63:  rule <k> #applyK(toCall(builtinV("sorted")), (list(VS:ValSeq), kwV("key", KV:Val), kwV("reverse", RB:Bool), .Vals))\n./reference-semantics/semantics/sort.k:65:  rule <k> #applyK(toCall(builtinV("sorted")), (list(VS:ValSeq), kwV("reverse", RB:Bool), .Vals))\n./reference-semantics/semantics/list.k:9:  rule <k> #iterNext(list(.ValSeq))                => #iterDone ... </k>\n./reference-semantics/semantics/list.k:10:  rule <k> #iterNext(list(vCons(V:Val, R:ValSeq))) => #iterYield(V, list(R)) ... </k>\n./reference-semantics/semantics/list.k:14:  rule <k> ListExpr(ES:Exprs) => #evalArgs(ES, .Vals, toList) ... </k>\n./reference-semantics/semantics/list.k:15:  rule <k> #applyK(toList, ACC:Vals) => #alloc(list(vals2valSeq(ACC))) ... </k>\n./reference-semantics/semantics/list.k:24:  rule <k> BinOp("+", list(A:ValSeq), list(B:ValSeq)) => #alloc(list(valSeqConcat(A, B))) ... </k>\n./reference-semantics/semantics/list.k:53:  rule <k> #applyK(toCall(boundMethodV(ref(H:Int), "append")), (V:Val, .Vals)) => noneV ... </k>\n./reference-semantics/semantics/list.k:57:  // ==== `x in list` — a <k>-cell fold over #iterNext ========================\n./reference-semantics/semantics/list.k:59:  rule <k> Compare(LV:Val, CmpOp("in",     list(VS:ValSeq))) => #memberAcc(LV, list(VS)) ... </k>\n./reference-semantics/semantics/list.k:60:  rule <k> Compare(LV:Val, CmpOp("not in", list(VS:ValSeq))) => #memberAcc(LV, list(VS)) ~> #notB ... </k>\n./reference-semantics/semantics/list.k:61:  rule <k> #memberAcc(V:Val, IT:Iterable) => #iterNext(IT) ~> #memberCont(V) ... </k>\n./reference-semantics/semantics/list.k:62:  rule <k> #iterDone ~> #memberCont(_V:Val) => false ... </k>\n./reference-semantics/semantics/list.k:63:  rule <k> #iterYield(E:Val, _:Iterable) ~> #memberCont(V:Val) => true ... </k>\n./reference-semantics/semantics/list.k:65:  rule <k> #iterYield(E:Val, R:Iterable) ~> #memberCont(V:Val) => #memberAcc(V, R) ... </k>\n./reference-semantics/semantics/list.k:67:  rule <k> B:Bool ~> #notB => notBool B ... </k>\n./reference-semantics/semantics/call.k:16:  rule <k> Attribute(V:Val, M:String) => boundMethodV(V, M) ... </k>\n./reference-semantics/semantics/call.k:20:  rule <k> Call(Fe:Expr, ARGS:Exprs) => Fe ~> #callee(ARGS) ... </k> [owise]\n./reference-semantics/semantics/call.k:21:  rule <k> CV:Val ~> #callee(ARGS:Exprs) => #evalArgs(ARGS, .Vals, toCall(CV)) ... </k>\n./reference-semantics/semantics/call.k:24:  rule <k> #applyK(toCall(boundMethodV(OBJ:Val, M:String)), ACC:Vals) => applyMethod(OBJ, M, ACC) ... </k>\n./reference-semantics/semantics/call.k:26:  rule <k> #applyK(toCall(builtinV("sum")), (OBJ:Iterable, .Vals)) => #sumAcc(OBJ, 0) ... </k>\n./reference-semantics/semantics/call.k:27:  rule <k> #applyK(toCall(builtinV("all")), (OBJ:Iterable, .Vals)) => #allAcc(OBJ)    ... </k>\n./reference-semantics/semantics/call.k:28:  rule <k> #applyK(toCall(builtinV("any")), (OBJ:Iterable, .Vals)) => #anyAcc(OBJ)    ... </k>\n./reference-semantics/semantics/call.k:29:  rule <k> #applyK(toCall(builtinV("max")), (OBJ:Iterable, .Vals)) => #maxAcc0(OBJ)   ... </k>\n./reference-semantics/semantics/call.k:30:  rule <k> #applyK(toCall(builtinV("min")), (OBJ:Iterable, .Vals)) => #minAcc0(OBJ)   ... </k>\n./reference-semantics/semantics/call.k:31:  rule <k> #applyK(toCall(builtinV(BN:String)), ACC:Vals) => applyBuiltin(BN, ACC) ... </k> [owise]\n./reference-semantics/semantics/call.k:32:  rule <k> #applyK(toCall(typeV(T:String)),     ACC:Vals) => applyBuiltin(T, ACC)  ... </k>\n./reference-semantics/semantics/call.k:38:  rule <k> #applyK(toCall(builtinV(BN:String)), (ref(H:Int), REST:Vals))\n./reference-semantics/semantics/call.k:42:  rule <k> #applyK(toCall(builtinV(BN:String)), (A:Val, ref(H:Int), REST:Vals))\n./reference-semantics/semantics/call.k:47:  rule <k> #applyK(toCall(typeV(T:String)), (ref(H:Int), REST:Vals))\n./reference-semantics/semantics/call.k:56:  rule <k> #applyK(toCall(boundMethodV(ref(H:Int), M:String)), ACC:Vals)\n./reference-semantics/semantics/call.k:63:  rule <k> #applyK(toCall(boundMethodV(OBJ:Val, M:String)), (ref(H:Int), REST:Vals))\n./reference-semantics/semantics/call.k:69:  rule <k> #applyK(toCall(closureVal(PNS:ParamNames, BODY:Stmts, DEFL:Int)), ACC:Vals) ~> CONT\n./reference-semantics/semantics/call.k:80:  rule <k> #applyK(toCall(closureValC(PNS:ParamNames, CVS:ParamNames, BODY:Stmts, CM:Map)), ACC:Vals) ~> CONT\n./reference-semantics/semantics/call.k:88:  rule <k> #allocCells(.ParamNames) => .K ... </k>\n./reference-semantics/semantics/call.k:89:  rule <k> #allocCells((CV:String, R:ParamNames)) => #allocCells(R) ... </k>\n./reference-semantics/semantics/assert.k:6:  rule <k> Assert(V:Val) => .K ... </k>\n./reference-semantics/semantics/assert.k:8:  rule <k> Assert(V:Val) ~> _ => .K </k>\n./reference-semantics/semantics/assert.k:13:  rule <k> Assert(ref(H:Int)) => Assert(V) ... </k>\n./reference-semantics/semantics/float.k:3:// Minimal, TRUSTED float support. K/Haskell (kprove) has no usable symbolic IEEE-754 theory and\n./reference-semantics/semantics/float.k:5:// (the Python true division I / F) is `[no-evaluators]` for kprove — it never reduces on symbolic\n./reference-semantics/semantics/float.k:21:  rule <k> Float(F:Float) => F ... </k>\n./reference-semantics/semantics/float.k:23:  // Int / float true division. OPAQUE for kprove (no-evaluators); concrete for krun.\n./reference-semantics/semantics/float.k:29:  // Int / Int true division (Python: always a float). OPAQUE for kprove; concrete for krun.\n./reference-semantics/semantics/float.k:34:  // float % float (e.g. `number % 1.0` = the fractional part). OPAQUE for kprove, concrete for\n./reference-semantics/semantics/float.k:42:  // concrete floats. kprove proofs return floats structurally and do not compare them.\n./reference-semantics/semantics/float.k:46:  // float `<` and abs — OPAQUE for kprove ([no-evaluators], so a SYMBOLIC float compare stays an\n./reference-semantics/semantics/float.k:61:  rule <k> Import(_:String) => .K ... </k>\n./reference-semantics/semantics/float.k:66:  rule <k> Call(Attribute(Name("math"), "ceil"), (E:Expr, .Exprs)) => E ~> #mathCeil ... </k> [priority(40)]\n./reference-semantics/semantics/float.k:67:  rule <k> V:Val ~> #mathCeil => ceilF(V) ... </k>\n./reference-semantics/semantics/float.k:71:  rule <k> Call(Attribute(Name("math"), "floor"), (E:Expr, .Exprs)) => E ~> #mathFloor ... </k> [priority(40)]\n./reference-semantics/semantics/float.k:72:  rule <k> V:Val ~> #mathFloor => floorFI(V) ... </k>\n./reference-semantics/semantics/float.k:83:  rule <k> Call(Attribute(Name("math"), "pow"), (E1:Expr, E2:Expr, .Exprs)) => E1 ~> #mathPow1(E2) ... </k> [priority(40)]\n./reference-semantics/semantics/float.k:84:  rule <k> V1:Val ~> #mathPow1(E2:Expr) => E2 ~> #mathPow2(V1) ... </k>\n./reference-semantics/semantics/float.k:85:  rule <k> V2:Val ~> #mathPow2(V1:Val) => powF(toF(V1), toF(V2)) ... </k>\n./reference-semantics/semantics/float.k:91:  // kprove — structural). [concrete] so the Int2Float/ceilFloat hooks only run for krun (llvm).\n./reference-semantics/semantics/float.k:101:  // ---- float - / / / + (OPAQUE for kprove [no-evaluators], concrete for krun) — for float-list\n./reference-semantics/semantics/float.k:225:    => Int2Float(roundF(F *Float Int2Float(10 ^Int N, 53, 11)), 53, 11)\n./reference-semantics/semantics/float.k:226:       /Float Int2Float(10 ^Int N, 53, 11) [concrete]\n./reference-semantics/semantics/float.k:233:  rule <k> Call(Attribute(Name("math"), "sqrt"), (E:Expr, .Exprs)) => E ~> #mathSqrt ... </k> [priority(40)]\n./reference-semantics/semantics/float.k:234:  rule <k> F:Float ~> #mathSqrt => sqrtF(F) ... </k>\n./reference-semantics/semantics/float.k:235:  rule <k> I:Int ~> #mathSqrt => sqrtF(intToF(I)) ... </k>\n./reference-semantics/semantics/float.k:241:  // #applyK, priority 40, in its verification.k) BEFORE #minAcc0, so this fold is krun-only. Additive:\n./reference-semantics/semantics/float.k:244:  rule <k> #iterYield(V:Val, R:Iterable) ~> #maxCont0 => #maxAccF(R, {V}:>Float) ... </k> requires isFloat(V)\n./reference-semantics/semantics/float.k:245:  rule <k> #maxAccF(IT:Iterable, M:Float) => #iterNext(IT) ~> #maxContF(M) ... </k>\n./reference-semantics/semantics/float.k:246:  rule <k> #iterDone ~> #maxContF(M:Float) => M ... </k>\n./reference-semantics/semantics/float.k:247:  rule <k> #iterYield(V:Val, R:Iterable) ~> #maxContF(M:Float) => #maxAccF(R, maxFloat(M, {V}:>Float)) ... </k>\n./reference-semantics/semantics/float.k:251:  rule <k> #iterYield(V:Val, R:Iterable) ~> #minCont0 => #minAccF(R, {V}:>Float) ... </k> requires isFloat(V)\n./reference-semantics/semantics/float.k:252:  rule <k> #minAccF(IT:Iterable, M:Float) => #iterNext(IT) ~> #minContF(M) ... </k>\n./reference-semantics/semantics/float.k:253:  rule <k> #iterDone ~> #minContF(M:Float) => M ... </k>\n./reference-semantics/semantics/float.k:254:  rule <k> #iterYield(V:Val, R:Iterable) ~> #minContF(M:Float) => #minAccF(R, minFloat(M, {V}:>Float)) ... </k>\n./reference-semantics/semantics/float.k:262:  rule <k> #iterYield(V:Val, R:Iterable) ~> #sumCont(ACC:Int)\n./reference-semantics/semantics/float.k:265:  rule <k> #sumAccF(IT:Iterable, ACC:Float) => #iterNext(IT) ~> #sumContF(ACC) ... </k>\n./reference-semantics/semantics/float.k:266:  rule <k> #iterDone ~> #sumContF(ACC:Float) => ACC ... </k>\n./reference-semantics/semantics/float.k:267:  rule <k> #iterYield(V:Val, R:Iterable) ~> #sumContF(ACC:Float)\n./reference-semantics/semantics/float.k:270:  rule <k> #iterYield(V:Val, R:Iterable) ~> #sumContF(ACC:Float)\n./reference-semantics/semantics/builtins.k:32:  rule <k> #applyK(toCall(builtinV("list")), (list(VS:ValSeq),  .Vals)) => #alloc(list(VS)) ... </k>\n./reference-semantics/semantics/builtins.k:33:  rule <k> #applyK(toCall(builtinV("list")), (tuple(VS:ValSeq), .Vals)) => #alloc(list(VS)) ... </k>\n./reference-semantics/semantics/builtins.k:34:  rule <k> #applyK(toCall(builtinV("list")), .Vals)                     => #alloc(list(.ValSeq)) ... </k>\n./reference-semantics/semantics/builtins.k:35:  rule <k> #applyK(toCall(builtinV("list")), (str(CS:IntSeq), .Vals))   => #alloc(list(charsOf(CS))) ... </k>\n./reference-semantics/semantics/builtins.k:48:  rule <k> #sumAcc(IT:Iterable, ACC:Int) => #iterNext(IT) ~> #sumCont(ACC) ... </k>\n./reference-semantics/semantics/builtins.k:49:  rule <k> #iterDone ~> #sumCont(ACC:Int) => ACC ... </k>\n./reference-semantics/semantics/builtins.k:50:  rule <k> #iterYield(V:Val, R:Iterable) ~> #sumCont(ACC:Int)\n./reference-semantics/semantics/builtins.k:60:  rule <k> #allAcc(IT:Iterable) => #iterNext(IT) ~> #allCont ... </k>\n./reference-semantics/semantics/builtins.k:61:  rule <k> #iterDone ~> #allCont => true ... </k>\n./reference-semantics/semantics/builtins.k:62:  rule <k> #iterYield(V:Val, R:Iterable) ~> #allCont => #allAcc(R) ... </k>\n./reference-semantics/semantics/builtins.k:64:  rule <k> #iterYield(V:Val, _:Iterable) ~> #allCont => false ... </k>\n./reference-semantics/semantics/builtins.k:68:  rule <k> #anyAcc(IT:Iterable) => #iterNext(IT) ~> #anyCont ... </k>\n./reference-semantics/semantics/builtins.k:69:  rule <k> #iterDone ~> #anyCont => false ... </k>\n./reference-semantics/semantics/builtins.k:70:  rule <k> #iterYield(V:Val, _:Iterable) ~> #anyCont => true ... </k>\n./reference-semantics/semantics/builtins.k:72:  rule <k> #iterYield(V:Val, R:Iterable) ~> #anyCont => #anyAcc(R) ... </k>\n./reference-semantics/semantics/builtins.k:77:  rule <k> #maxAcc0(IT:Iterable) => #iterNext(IT) ~> #maxCont0 ... </k>\n./reference-semantics/semantics/builtins.k:78:  rule <k> #iterYield(V:Val, R:Iterable) ~> #maxCont0 => #maxAcc(R, {V}:>Int) ... </k>\n./reference-semantics/semantics/builtins.k:80:  rule <k> #maxAcc(IT:Iterable, M:Int) => #iterNext(IT) ~> #maxCont(M) ... </k>\n./reference-semantics/semantics/builtins.k:81:  rule <k> #iterDone ~> #maxCont(M:Int) => M ... </k>\n./reference-semantics/semantics/builtins.k:82:  rule <k> #iterYield(V:Val, R:Iterable) ~> #maxCont(M:Int)\n./reference-semantics/semantics/builtins.k:87:  rule <k> #minAcc0(IT:Iterable) => #iterNext(IT) ~> #minCont0 ... </k>\n./reference-semantics/semantics/builtins.k:88:  rule <k> #iterYield(V:Val, R:Iterable) ~> #minCont0 => #minAcc(R, {V}:>Int) ... </k>\n./reference-semantics/semantics/builtins.k:90:  rule <k> #minAcc(IT:Iterable, M:Int) => #iterNext(IT) ~> #minCont(M) ... </k>\n./reference-semantics/semantics/builtins.k:91:  rule <k> #iterDone ~> #minCont(M:Int) => M ... </k>\n./reference-semantics/semantics/builtins.k:92:  rule <k> #iterYield(V:Val, R:Iterable) ~> #minCont(M:Int)\n./reference-semantics/semantics/builtins.k:124:  rule <k> #applyK(toCall(builtinV("enumerate")), (list(VS:ValSeq), .Vals))\n./reference-semantics/semantics/builtins.k:132:  rule <k> #applyK(toCall(builtinV("map")), (typeV("str"), list(VS:ValSeq), .Vals))\n./reference-semantics/semantics/builtins.k:167:  rule <k> #iterNext(zipObj(vCons(A:Val, As:ValSeq), vCons(B:Val, Bs:ValSeq)))\n./reference-semantics/semantics/builtins.k:169:  rule <k> #iterNext(zipObj(.ValSeq, _:ValSeq))               => #iterDone ... </k>\n./reference-semantics/semantics/builtins.k:170:  rule <k> #iterNext(zipObj(vCons(_:Val, _:ValSeq), .ValSeq)) => #iterDone ... </k>\n./reference-semantics/semantics/builtins.k:171:  rule <k> #iterNext(zipObjS(iCons(A:Int, As:IntSeq), iCons(B:Int, Bs:IntSeq)))\n./reference-semantics/semantics/builtins.k:173:  rule <k> #iterNext(zipObjS(.IntSeq, _:IntSeq))              => #iterDone ... </k>\n./reference-semantics/semantics/builtins.k:174:  rule <k> #iterNext(zipObjS(iCons(_:Int, _:IntSeq), .IntSeq)) => #iterDone ... </k>\n./reference-semantics/semantics/builtins.k:235:  rule applyOpE("**", A:Int, B:Int) => A ^Int B\n./reference-semantics/semantics/builtins.k:245:  rule powCombE(N:Int, evp(OPS:OpSeq, iCons(M:Int, REST:IntSeq))) => evp(OPS, iCons(N ^Int M, REST))\n./reference-semantics/semantics/builtins.k:280:  rule <k> Call(Attribute(Name("hashlib"), "md5"), (E:Expr, .Exprs)) => E ~> #md5 ... </k>\n./reference-semantics/semantics/builtins.k:282:  rule <k> str(CS:IntSeq) ~> #md5 => md5Obj(CS) ... </k>\n./reference-semantics/semantics/range.k:20:  rule <k> #iterNext(rangeObj(I:Int, HI:Int, ST:Int))\n./reference-semantics/semantics/range.k:23:  rule <k> #iterNext(rangeObj(I:Int, HI:Int, ST:Int)) => #iterDone ... </k>\n./reference-semantics/semantics/str.k:8:  rule <k> #iterNext(str(.IntSeq))                 => #iterDone ... </k>\n./reference-semantics/semantics/str.k:9:  rule <k> #iterNext(str(iCons(C:Int, R:IntSeq)))\n./reference-semantics/semantics/str.k:14:  rule <k> Str(S:String) => str(strToCodes(S)) ... </k>\n./reference-semantics/semantics/functions.k:14:  rule <k> FuncDef(F:String, Params(PNS:ParamNames), BODY:Stmts) => .K ... </k>\n./reference-semantics/semantics/functions.k:19:  rule <k> closureExpr(PNS:ParamNames, BODY:Stmts) => closureVal(PNS, BODY, L) ... </k>\n./reference-semantics/semantics/functions.k:33:  rule <k> FuncDef(F:String, Params(PNS:ParamNames), CellVars(CVS:ParamNames),\n./reference-semantics/semantics/functions.k:36:  rule <k> #mkClosure(F:String, PNS:ParamNames, CVS:ParamNames,\n./reference-semantics/semantics/functions.k:42:  rule <k> #mkClosure(F:String, PNS:ParamNames, CVS:ParamNames,\n./reference-semantics/semantics/functions.k:47:  rule <k> Lambda(Params(PNS:ParamNames), E:Expr)\n./reference-semantics/semantics/functions.k:50:  rule <k> Lambda(Params(PNS:ParamNames), CellVars(CVS:ParamNames),\n./reference-semantics/semantics/functions.k:53:  rule <k> #mkLambda(PNS:ParamNames, CVS:ParamNames,\n./reference-semantics/semantics/functions.k:59:  rule <k> #mkLambda(PNS:ParamNames, CVS:ParamNames, .ParamNames, BODY:Stmts, CM:Map)\n./reference-semantics/semantics/functions.k:63:  rule <k> #bindP(.ParamNames, .Vals) => .K ... </k>\n./refer…6539 tokens truncated…=String "insert" orBool M ==String "pop" orBool M ==String "remove"\n  rule <k> #applyK(toCall(boundMethodV(ref(H:Int), M:String)), ACC:Vals)\n        => #applyK(toCall(boundMethodV(V, M)), ACC) ... </k>\n       <heap> ... H |-> V:Val ... </heap>\n       requires notBool isMutMethod(M)\n       [priority(40)]\n  // non-mutating methods READ their heap-object arguments too (join\'s list);\n  // mutators keep refs (append of a list into a list-of-lists stays aliased)\n  rule <k> #applyK(toCall(boundMethodV(OBJ:Val, M:String)), (ref(H:Int), REST:Vals))\n        => #applyK(toCall(boundMethodV(OBJ, M)), (V, REST)) ... </k>\n       <heap> ... H |-> V:Val ... </heap>\n       requires notBool isMutMethod(M) andBool notBool isRefV(OBJ)\n       [priority(40)]\n\n  rule <k> #applyK(toCall(closureVal(PNS:ParamNames, BODY:Stmts, DEFL:Int)), ACC:Vals) ~> CONT\n        => #bindP(PNS, ACC) ~> BODY ~> #endcall </k>\n       <env>     CALLERL:Int => NEWL </env>\n       <scopes>   STORE:Map => STORE [ NEWL <- scope(.Map, parent(DEFL)) ] </scopes>\n       <scopeLoc> NEWL:Int => NEWL +Int 1 </scopeLoc>\n       <stack>   .List => ListItem(frame(CONT, CALLERL, NEWL)) ... </stack>\n\n  // annotated closure: the frame starts with the captured freevar cells, its\n  // parent is the module scope (all enclosing-local reads go through cells),\n  // and the cellvars\' fresh cells allocate before params bind (a cellvar param\n  // then writes through its cell in #bindP).\n  rule <k> #applyK(toCall(closureValC(PNS:ParamNames, CVS:ParamNames, BODY:Stmts, CM:Map)), ACC:Vals) ~> CONT\n        => #allocCells(CVS) ~> #bindP(PNS, ACC) ~> BODY ~> #endcall </k>\n       <env>     CALLERL:Int => NEWL </env>\n       <scopes>   STORE:Map => STORE [ NEWL <- scope(CM [ "$cells" <- cellsMark(CVS) ], parent(0)) ] </scopes>\n       <scopeLoc> NEWL:Int => NEWL +Int 1 </scopeLoc>\n       <stack>   .List => ListItem(frame(CONT, CALLERL, NEWL)) ... </stack>\n\n  syntax KItem ::= #allocCells(ParamNames)\n  rule <k> #allocCells(.ParamNames) => .K ... </k>\n  rule <k> #allocCells((CV:String, R:ParamNames)) => #allocCells(R) ... </k>\n       <env> L:Int </env>\n       <scopes> ... L |-> scope(M:Map => M [ CV <- cellRef(N) ], _) ... </scopes>\n       <heap>    H:Map => (N |-> cellV(noneV)) H </heap>\n       <heapLoc> N:Int => N +Int 1 </heapLoc>\n       requires notBool N in_keys(H)\nendmodule\n// reference/src/semantics/bool.k — MPY-BOOL\n// Bool operator cases + the truthy boolean operations (not / and / or; and-or are\n// value-returning short-circuit over any Vals, per Python).\n\nmodule MPY-BOOL\n  imports MPY-CORE\n\n  rule applyUn("not", V:Val) => notBool truthy(V)\n\n  rule applyCmp("==", B1:Bool, B2:Bool) => B1 ==Bool B2\n  rule applyCmp("!=", B1:Bool, B2:Bool) => B1 =/=Bool B2\n\n  // ==== BoolOp: short-circuit, value-returning and / or =====================\n  // the node is its own accumulator: heat the HEAD element only, then either return it\n  // (short-circuit) or drop it and continue\n  context BoolOp(_, (HOLE:Expr, _:Exprs))\n  rule <k> BoolOp(_:String, (V:Val, .Exprs)) => V ... </k>\n  rule <k> BoolOp("and", (V:Val, A:Expr, REST:Exprs)) => BoolOp("and", (A, REST)) ... </k>\n       requires truthy(V)\n  rule <k> BoolOp("and", (V:Val, _:Expr, _:Exprs)) => V ... </k>\n       requires notBool truthy(V)\n  rule <k> BoolOp("or",  (V:Val, _:Expr, _:Exprs)) => V ... </k>\n       requires truthy(V)\n  rule <k> BoolOp("or",  (V:Val, A:Expr, REST:Exprs)) => BoolOp("or", (A, REST)) ... </k>\n       requires notBool truthy(V)\n\n  // ==== heap-object head: decide truthiness THROUGH the heap, never rewrite the\n  // operand — and/or return the OBJECT itself (Python identity), not its structure\n  rule <k> BoolOp(_:String, (ref(H:Int), .Exprs)) => ref(H) ... </k>\n       [priority(40)]\n  rule <k> BoolOp("and", (ref(H:Int), A:Expr, REST:Exprs)) => BoolOp("and", (A, REST)) ... </k>\n       <heap> ... H |-> V:Val ... </heap>\n       requires truthy(V)\n       [priority(40)]\n  rule <k> BoolOp("and", (ref(H:Int), _:Expr, _:Exprs)) => ref(H) ... </k>\n       <heap> ... H |-> V:Val ... </heap>\n       requires notBool truthy(V)\n       [priority(40)]\n  rule <k> BoolOp("or", (ref(H:Int), _:Expr, _:Exprs)) => ref(H) ... </k>\n       <heap> ... H |-> V:Val ... </heap>\n       requires truthy(V)\n       [priority(40)]\n  rule <k> BoolOp("or", (ref(H:Int), A:Expr, REST:Exprs)) => BoolOp("or", (A, REST)) ... </k>\n       <heap> ... H |-> V:Val ... </heap>\n       requires notBool truthy(V)\n       [priority(40)]\nendmodule\n// reference/src/semantics/range.k — MPY-RANGE\n// rangeObj: the range helpers (inRange / rangeLen) + its #iterNext case. rangeObj itself is\n// declared in MPY-CORE\'s Iterable union; this module owns its behavior.\n\nmodule MPY-RANGE\n  imports MPY-CORE\n  imports MPY-ITER\n\n  syntax Bool ::= inRange(Int, Int, Int) [function, total]\n  rule inRange(I:Int, HI:Int, ST:Int) => (ST >Int 0 andBool I <Int HI) orBool (ST <Int 0 andBool I >Int HI)\n\n  syntax Int ::= rangeLen(Int, Int, Int) [function]\n  rule rangeLen(LO:Int, HI:Int, ST:Int) => (HI -Int LO +Int ST -Int 1) /Int ST\n       requires ST >Int 0 andBool HI >Int LO\n  rule rangeLen(LO:Int, HI:Int, ST:Int) => (LO -Int HI -Int ST -Int 1) /Int (0 -Int ST)\n       requires ST <Int 0 andBool HI <Int LO\n  rule rangeLen(LO:Int, HI:Int, ST:Int) => 0\n       requires (ST >Int 0 andBool HI <=Int LO) orBool (ST <Int 0 andBool HI >=Int LO)\n\n  rule <k> #iterNext(rangeObj(I:Int, HI:Int, ST:Int))\n        => #iterYield(I, rangeObj(I +Int ST, HI, ST)) ... </k>\n       requires inRange(I, HI, ST)\n  rule <k> #iterNext(rangeObj(I:Int, HI:Int, ST:Int)) => #iterDone ... </k>\n       requires notBool inRange(I, HI, ST)\nendmodule\n// reference/src/semantics/builtins.k — MPY-BUILTINS\n\nmodule MPY-BUILTINS\n  imports MPY-CORE\n  imports MPY-STR\n  imports MPY-SET\n  imports MPY-ITER\n  imports MPY-RANGE\n  imports MPY-INT\n  imports MPY-METHODS\n\n  // the builtins REGISTRY is core.k\'s builtinsScope (the -1 frame); names resolve by lookup\n\n  // Call routing + argument evaluation live in call.k, which also routes the fold\n  // builtins (sum/all/any/max/min) to the #_Acc folds below and everything else to\n  // applyBuiltin. This module owns applyBuiltin + the fold implementations.\n  syntax Val ::= applyBuiltin(String, Vals) [function]\n\n  // ==== len(obj) — O(1) per kind ============================================\n  syntax Int ::= seqLen(Val) [function]\n  rule applyBuiltin("len", OBJ:Val, .Vals) => seqLen(OBJ)\n  rule seqLen(list(VS:ValSeq))                  => vsLen(VS)\n  rule seqLen(tuple(VS:ValSeq))                 => vsLen(VS)\n  rule seqLen(str(IS:IntSeq))                   => isLen(IS)\n  rule seqLen(setV(DS:IntSeq))                  => isLen(DS)\n  rule seqLen(rangeObj(LO:Int, HI:Int, ST:Int)) => rangeLen(LO, HI, ST)\n\n  // ==== list(seq) — materialize a list/tuple into a list (e.g. list(d.keys())) ==\n  // Minimal: the "copy a sequence" case (list of a list is itself; list of a tuple keeps order).\n  // list() of other iterables (str/range/set/zip) is added via the iterator fold when needed.\n  // (k-cell — list() constructs a NEW object)\n  rule <k> #applyK(toCall(builtinV("list")), (list(VS:ValSeq),  .Vals)) => #alloc(list(VS)) ... </k>\n  rule <k> #applyK(toCall(builtinV("list")), (tuple(VS:ValSeq), .Vals)) => #alloc(list(VS)) ... </k>\n  rule <k> #applyK(toCall(builtinV("list")), .Vals)                     => #alloc(list(.ValSeq)) ... </k>\n  rule <k> #applyK(toCall(builtinV("list")), (str(CS:IntSeq), .Vals))   => #alloc(list(charsOf(CS))) ... </k>\n  syntax ValSeq ::= charsOf(IntSeq) [function, total]\n  rule charsOf(.IntSeq)                => .ValSeq\n  rule charsOf(iCons(C:Int, R:IntSeq)) => vCons(str(iCons(C, .IntSeq)), charsOf(R))\n\n  // ==== set(str) — distinct character codes =================================\n  rule applyBuiltin("set", str(CS:IntSeq), .Vals) => setV(dedupCodes(CS))\n\n  // ==== abs(int) ============================================================\n  rule applyBuiltin("abs", I:Int, .Vals) => absInt(I)\n\n  // ==== sum(iterable) — one #iterNext fold; intOf = int value of an int/bool ==\n  syntax KItem ::= #sumAcc(Iterable, Int) | #sumCont(Int)\n  rule <k> #sumAcc(IT:Iterable, ACC:Int) => #iterNext(IT) ~> #sumCont(ACC) ... </k>\n  rule <k> #iterDone ~> #sumCont(ACC:Int) => ACC ... </k>\n  rule <k> #iterYield(V:Val, R:Iterable) ~> #sumCont(ACC:Int)\n        => #sumAcc(R, ACC +Int intOf(V)) ... </k>\n       requires isInt(V) orBool isBool(V)\n\n  syntax Int ::= intOf(Val) [function]\n  rule intOf(I:Int)  => I\n  rule intOf(B:Bool) => #if B #then 1 #else 0 #fi\n\n  // ==== all / any (short-circuiting #iterNext folds) ========================\n  syntax KItem ::= #allAcc(Iterable) | "#allCont"\n  rule <k> #allAcc(IT:Iterable) => #iterNext(IT) ~> #allCont ... </k>\n  rule <k> #iterDone ~> #allCont => true ... </k>\n  rule <k> #iterYield(V:Val, R:Iterable) ~> #allCont => #allAcc(R) ... </k>\n       requires truthy(V)\n  rule <k> #iterYield(V:Val, _:Iterable) ~> #allCont => false ... </k>\n       requires notBool truthy(V)\n\n  syntax KItem ::= #anyAcc(Iterable) | "#anyCont"\n  rule <k> #anyAcc(IT:Iterable) => #iterNext(IT) ~> #anyCont ... </k>\n  rule <k> #iterDone ~> #anyCont => false ... </k>\n  rule <k> #iterYield(V:Val, _:Iterable) ~> #anyCont => true ... </k>\n       requires truthy(V)\n  rule <k> #iterYield(V:Val, R:Iterable) ~> #anyCont => #anyAcc(R) ... </k>\n       requires notBool truthy(V)\n\n  // ==== max / min over an iterable (#iterNext folds; first element seeds) ====\n  syntax KItem ::= #maxAcc0(Iterable) | "#maxCont0" | #maxAcc(Iterable, Int) | #maxCont(Int)\n  rule <k> #maxAcc0(IT:Iterable) => #iterNext(IT) ~> #maxCont0 ... </k>\n  rule <k> #iterYield(V:Val, R:Iterable) ~> #maxCont0 => #maxAcc(R, {V}:>Int) ... </k>\n       requires isInt(V)\n  rule <k> #maxAcc(IT:Iterable, M:Int) => #iterNext(IT) ~> #maxCont(M) ... </k>\n  rule <k> #iterDone ~> #maxCont(M:Int) => M ... </k>\n  rule <k> #iterYield(V:Val, R:Iterable) ~> #maxCont(M:Int)\n        => #maxAcc(R, maxInt(M, {V}:>Int)) ... </k>\n       requires isInt(V)\n\n  syntax KItem ::= #minAcc0(Iterable) | "#minCont0" | #minAcc(Iterable, Int) | #minCont(Int)\n  rule <k> #minAcc0(IT:Iterable) => #iterNext(IT) ~> #minCont0 ... </k>\n  rule <k> #iterYield(V:Val, R:Iterable) ~> #minCont0 => #minAcc(R, {V}:>Int) ... </k>\n       requires isInt(V)\n  rule <k> #minAcc(IT:Iterable, M:Int) => #iterNext(IT) ~> #minCont(M) ... </k>\n  rule <k> #iterDone ~> #minCont(M:Int) => M ... </k>\n  rule <k> #iterYield(V:Val, R:Iterable) ~> #minCont(M:Int)\n        => #minAcc(R, minInt(M, {V}:>Int)) ... </k>\n       requires isInt(V)\n\n  // ==== variadic max / min (a Vals fold) ====================================\n  syntax Int ::= maxVals(Int, Vals) [function]\n  rule applyBuiltin("max", I:Int, REST:Vals) => maxVals(I, REST)\n  rule maxVals(M:Int, .Vals)           => M\n  rule maxVals(M:Int, (I:Int, R:Vals)) => maxVals(maxInt(M, I), R)\n\n  syntax Int ::= minVals(Int, Vals) [function]\n  rule applyBuiltin("min", I:Int, REST:Vals) => minVals(I, REST)\n  rule minVals(M:Int, .Vals)           => M\n  rule minVals(M:Int, (I:Int, R:Vals)) => minVals(minInt(M, I), R)\n\n  // ==== bin(n) — "0b" + binary digit codes (promoted from 103\'s defined fold) ==\n  rule applyBuiltin("bin", N:Int, .Vals) => str(iCons(48, iCons(98, binCodes(N))))\n       requires N >=Int 0\n  // negative operand: the \'-\' sign prefixes the magnitude\'s digits\n  rule applyBuiltin("bin", N:Int, .Vals)\n    => str(iCons(45, iCons(48, iCons(98, binCodes(0 -Int N)))))\n       requires N <Int 0\n  syntax IntSeq ::= binCodes(Int) [function, total]\n  rule binCodes(0) => iCons(48, .IntSeq)\n  rule binCodes(N:Int) => binAcc(N, .IntSeq) requires N >Int 0\n  syntax IntSeq ::= binAcc(Int, IntSeq) [function, total]\n  rule binAcc(0, ACC:IntSeq) => ACC\n  rule binAcc(N:Int, ACC:IntSeq)\n    => binAcc((N -Int pyMod(N, 2)) /Int 2, iCons(48 +Int pyMod(N, 2), ACC))\n       requires N >Int 0\n\n  // ==== enumerate(xs) — pairs (i, v); materialized eagerly over a list =========\n  rule <k> #applyK(toCall(builtinV("enumerate")), (list(VS:ValSeq), .Vals))\n        => #alloc(list(enumVS(VS, 0))) ... </k>\n  syntax ValSeq ::= enumVS(ValSeq, Int) [function, total]\n  rule enumVS(.ValSeq, _:Int) => .ValSeq\n  rule enumVS(vCons(V:Val, R:ValSeq), I:Int)\n    => vCons(tuple(vCons(I, vCons(V, .ValSeq))), enumVS(R, I +Int 1))\n\n  // ==== map(str, xs) — eager (only the str case is in the subset) =============\n  rule <k> #applyK(toCall(builtinV("map")), (typeV("str"), list(VS:ValSeq), .Vals))\n        => #alloc(list(mapStrVS(VS))) ... </k>\n  syntax ValSeq ::= mapStrVS(ValSeq) [function, total]\n  rule mapStrVS(.ValSeq) => .ValSeq\n  rule mapStrVS(vCons(I:Int, R:ValSeq)) => vCons(str(strToCodes(Int2String(I))), mapStrVS(R))\n  rule mapStrVS(vCons(str(CS:IntSeq), R:ValSeq)) => vCons(str(CS), mapStrVS(R))\n\n  // ==== int(x) identities (int(round(x)) composes through) ====================\n  rule applyBuiltin("int", I:Int, .Vals) => I\n\n  // ==== ord / chr ===========================================================\n  rule applyBuiltin("ord", str(iCons(C:Int, .IntSeq)), .Vals) => C\n  rule applyBuiltin("chr", I:Int, .Vals) => str(iCons(I, .IntSeq))\n       requires 0 <=Int I andBool I <Int 128\n\n  // ==== str(int) / str(str) =================================================\n  rule applyBuiltin("str", I:Int, .Vals)       => str(strToCodes(Int2String(I)))\n  rule applyBuiltin("str", str(CS:IntSeq), .Vals) => str(CS)\n\n  // ==== int(str) — a single digit char (\'0\'..\'9\', code 48..57) to its value =====\n  rule applyBuiltin("int", str(iCons(C:Int, .IntSeq)), .Vals) => C -Int 48\n       requires 48 <=Int C andBool C <=Int 57\n\n  // ==== int(str) — a multi-digit non-negative numeral (Horner fold; the single-char rule covers len 1)\n  rule applyBuiltin("int", str(CS:IntSeq), .Vals) => intDigAcc(CS, 0)\n       requires isLen(CS) >=Int 2\n  syntax Int ::= intDigAcc(IntSeq, Int) [function, total]\n  rule intDigAcc(.IntSeq, ACC:Int)             => ACC\n  rule intDigAcc(iCons(C:Int, R:IntSeq), ACC:Int) => intDigAcc(R, (ACC *Int 10) +Int (C -Int 48))\n\n  // ==== zip(a, b) — parallel iterable of pairs, truncating to the shorter =====\n  rule applyBuiltin("zip", list(A:ValSeq), list(B:ValSeq), .Vals) => zipObj(A, B)\n  rule applyBuiltin("zip", str(A:IntSeq), str(B:IntSeq), .Vals)   => zipObjS(A, B)\n\n  // zip\'s iterator-protocol cases (zip is created here, so its #iterNext lives here)\n  rule <k> #iterNext(zipObj(vCons(A:Val, As:ValSeq), vCons(B:Val, Bs:ValSeq)))\n        => #iterYield(tuple(vCons(A, vCons(B, .ValSeq))), zipObj(As, Bs)) ... </k>\n  rule <k> #iterNext(zipObj(.ValSeq, _:ValSeq))               => #iterDone ... </k>\n  rule <k> #iterNext(zipObj(vCons(_:Val, _:ValSeq), .ValSeq)) => #iterDone ... </k>\n  rule <k> #iterNext(zipObjS(iCons(A:Int, As:IntSeq), iCons(B:Int, Bs:IntSeq)))\n        => #iterYield(tuple(vCons(str(iCons(A, .IntSeq)), vCons(str(iCons(B, .IntSeq)), .ValSeq))), zipObjS(As, Bs)) ... </k>\n  rule <k> #iterNext(zipObjS(.IntSeq, _:IntSeq))              => #iterDone ... </k>\n  rule <k> #iterNext(zipObjS(iCons(_:Int, _:IntSeq), .IntSeq)) => #iterDone ... </k>\n\n  // ==== range(stop) / range(start, stop) / range(start, stop, step) =========\n  rule applyBuiltin("range", I:Int, .Vals)               => rangeObj(0, I, 1)\n  rule applyBuiltin("range", A:Int, B:Int, .Vals)        => rangeObj(A, B, 1)\n  rule applyBuiltin("range", A:Int, B:Int, S:Int, .Vals) => rangeObj(A, B, S)\n       requires S =/=Int 0\n\n  // ==== eval(str) — arithmetic expressions (ints, + - * // **, spaces) ========\n  // Python precedence: ** right-assoc, then * //, then + -. Promoted from 160\'s\n  // trusted pass evaluator, now DEFINED in the reference and driven by a\n  // code-level tokenizer. Reduces on concrete strings (krun); a symbolic\n  // argument leaves the call unevaluated for problem-level folds.\n  rule applyBuiltin("eval", str(CS:IntSeq), .Vals) => evalArith(CS)\n  syntax Int ::= evalArith(IntSeq) [function]\n  rule evalArith(CS:IntSeq)\n    => firstNdE(passAddE(passMulE(passPowE(tokOps(CS), tokNds(CS)))))\n\n  syntax OpSeq ::= ".OpSeq" | oCons(String, OpSeq)\n\n  syntax Bool ::= evDigit(Int) [function, total]\n  rule evDigit(C:Int) => C >=Int 48 andBool C <=Int 57\n  syntax Bool ::= evHead42(IntSeq) [function, total]\n  rule evHead42(iCons(42, _:IntSeq)) => true\n  rule evHead42(_:IntSeq)            => false [owise]\n  syntax Bool ::= evHead47(IntSeq) [function, total]\n  rule evHead47(iCons(47, _:IntSeq)) => true\n  rule evHead47(_:IntSeq)            => false [owise]\n\n  syntax OpSeq ::= tokOps(IntSeq) [function, total]\n  rule tokOps(.IntSeq)                 => .OpSeq\n  rule tokOps(iCons(32, R:IntSeq))     => tokOps(R)\n  rule tokOps(iCons(C:Int, R:IntSeq))  => tokOps(R) requires evDigit(C)\n  rule tokOps(iCons(42, iCons(42, R:IntSeq))) => oCons("**", tokOps(R))\n  rule tokOps(iCons(42, R:IntSeq))     => oCons("*", tokOps(R)) requires notBool evHead42(R)\n  rule tokOps(iCons(47, iCons(47, R:IntSeq))) => oCons("//", tokOps(R))\n  rule tokOps(iCons(47, R:IntSeq))     => oCons("/", tokOps(R)) requires notBool evHead47(R)\n  rule tokOps(iCons(43, R:IntSeq))     => oCons("+", tokOps(R))\n  rule tokOps(iCons(45, R:IntSeq))     => oCons("-", tokOps(R))\n\n  syntax IntSeq ::= tokNds(IntSeq) [function, total]\n                  | tokNdAcc(Int, IntSeq) [function, total]\n  rule tokNds(.IntSeq)                => .IntSeq\n  rule tokNds(iCons(32, R:IntSeq))    => tokNds(R)\n  rule tokNds(iCons(C:Int, R:IntSeq)) => tokNdAcc(C -Int 48, R) requires evDigit(C)\n  rule tokNds(iCons(C:Int, R:IntSeq)) => tokNds(R)\n       requires notBool evDigit(C) andBool C =/=Int 32\n  rule tokNdAcc(A:Int, iCons(C:Int, R:IntSeq)) => tokNdAcc(A *Int 10 +Int (C -Int 48), R)\n       requires evDigit(C)\n  rule tokNdAcc(A:Int, S:IntSeq) => iCons(A, tokNds(S)) [owise]\n\n  syntax EvPair ::= evp(OpSeq, IntSeq)\n  syntax Int ::= firstNdE(EvPair) [function, total]\n  rule firstNdE(evp(_:OpSeq, iCons(N:Int, _:IntSeq))) => N\n  rule firstNdE(_:EvPair) => 0 [owise]\n\n  syntax Int ::= applyOpE(String, Int, Int) [function, total]\n  rule applyOpE("+",  A:Int, B:Int) => A +Int B\n  rule applyOpE("-",  A:Int, B:Int) => A -Int B\n  rule applyOpE("*",  A:Int, B:Int) => A *Int B\n  rule applyOpE("//", A:Int, B:Int) => A divInt B\n  rule applyOpE("**", A:Int, B:Int) => A ^Int B\n  rule applyOpE(_:String, A:Int, _:Int) => A [owise]\n\n  syntax EvPair ::= passPowE(OpSeq, IntSeq) [function, total]\n  rule passPowE(.OpSeq, NDS:IntSeq) => evp(.OpSeq, NDS)\n  rule passPowE(oCons("**", OPS:OpSeq), iCons(N:Int, NDS:IntSeq)) => powCombE(N, passPowE(OPS, NDS))\n  rule passPowE(oCons(O:String, OPS:OpSeq), iCons(N:Int, NDS:IntSeq)) => powCarryE(O, N, passPowE(OPS, NDS))\n       requires O =/=String "**"\n  rule passPowE(_:OpSeq, .IntSeq) => evp(.OpSeq, .IntSeq) [owise]\n  syntax EvPair ::= powCombE(Int, EvPair) [function, total]\n  rule powCombE(N:Int, evp(OPS:OpSeq, iCons(M:Int, REST:IntSeq))) => evp(OPS, iCons(N ^Int M, REST))\n  rule powCombE(N:Int, evp(OPS:OpSeq, .IntSeq)) => evp(OPS, iCons(N, .IntSeq))\n  syntax EvPair ::= powCarryE(String, Int, EvPair) [function, total]\n  rule powCarryE(O:String, N:Int, evp(OPS:OpSeq, NDS:IntSeq)) => evp(oCons(O, OPS), iCons(N, NDS))\n\n  syntax EvPair ::= passMulE(EvPair) [function, total] | passAddE(EvPair) [function, total]\n  rule passMulE(evp(OPS:OpSeq, iCons(N0:Int, NDS:IntSeq))) => passLGoE("mul", N0, OPS, NDS, .OpSeq, .IntSeq)\n  rule passMulE(evp(OPS:OpSeq, .IntSeq)) => evp(OPS, .IntSeq)\n  rule passAddE(evp(OPS:OpSeq, iCons(N0:Int, NDS:IntSeq))) => passLGoE("add", N0, OPS, NDS, .OpSeq, .IntSeq)\n  rule passAddE(evp(OPS:OpSeq, .IntSeq)) => evp(OPS, .IntSeq)\n  syntax EvPair ::= passLGoE(String, Int, OpSeq, IntSeq, OpSeq, IntSeq) [function, total]\n  rule passLGoE(_:String, CUR:Int, .OpSeq, _:IntSeq, OO:OpSeq, ON:IntSeq) => evp(OO, appendIE(ON, CUR))\n  rule passLGoE(L:String, CUR:Int, oCons(O:String, OPS:OpSeq), iCons(N:Int, NDS:IntSeq), OO:OpSeq, ON:IntSeq)\n    => passLGoE(L, applyOpE(O, CUR, N), OPS, NDS, OO, ON)\n       requires inLevelE(L, O)\n  rule passLGoE(L:String, CUR:Int, oCons(O:String, OPS:OpSeq), iCons(N:Int, NDS:IntSeq), OO:OpSeq, ON:IntSeq)\n'}]
LINE 29 AGENT_MESSAGE
The task is `modp(n, p)`. The supplied semantics supports integer exponentiation and Python-style modulo directly, but it does not expose Python’s three-argument modular `pow`. I’m checking whether the cleanest semantics-compatible implementation can still be proved for symbolic nonnegative `n` and positive `p`, rather than only replaying the six examples.
LINE 31 CUSTOM_TOOL exec
const r = await tools.exec_command({"cmd":"rg -n '\"pow\"|applyBuiltin\\(\"pow\"|syntax .*pow|modular|powMod|modExp' reference-semantics\nsed -n '120,230p' reference-semantics/semantics/core.k\nsed -n '1,150p' reference-semantics/semantics/call.k\nkompile --version && krun --version && kprove --version\nls -la","workdir":"/work","yield_time_ms":10000,"max_output_tokens":22000});
text(r.output);

LINE 32 CUSTOM_TOOL_OUTPUT
[{'type': 'input_text', 'text': 'Script completed\nWall time 0.2 seconds\nOutput:\n'}, {'type': 'input_text', 'text': 'reference-semantics/semantics/float.k:83:  rule <k> Call(Attribute(Name("math"), "pow"), (E1:Expr, E2:Expr, .Exprs)) => E1 ~> #mathPow1(E2) ... </k> [priority(40)]\nreference-semantics/semantics/float.k:119:  syntax Float ::= powF(Float, Float) [function, total, symbol(powF), no-evaluators]\nreference-semantics/semantics/builtins.k:244:  syntax EvPair ::= powCombE(Int, EvPair) [function, total]\nreference-semantics/semantics/builtins.k:247:  syntax EvPair ::= powCarryE(String, Int, EvPair) [function, total]\n       <heapLoc> N:Int => N +Int 1 </heapLoc>\n       requires notBool N in_keys(H)\n\n  // ==== module load + statement sequencing ==================================\n  syntax KItem ::= #loadAll(Module)\n  rule <k> #loadAll(Module(SS:Stmts)) => SS ... </k>\n  rule <k> (S:Stmt SS:Stmts):Stmts => S ~> SS ... </k>\n  rule <k> .Stmts => .K ... </k>\n\n  // ==== Name lookup (walk the scope chain; builtins live in the -1 scope) ====\n  syntax KItem ::= #look(String, Int)\n  rule <k> Name(X:String) => #look(X, L) ... </k> <env> L:Int </env>\n  rule <k> #look(X:String, L:Int) => {M[X]}:>Val ... </k>\n       <scopes> ... L |-> scope(M:Map, _:Parent) ... </scopes>\n       requires X in_keys(M)\n  // a SYNTACTICALLY cell-bound name reads through the heap cell AT THE\n  // LOOKUP (higher priority beats the plain return above on concrete cell\n  // bindings; abstract claim values take the plain rule unchanged) — this\n  // covers cross-frame cell reads (a comprehension closure reading the\n  // enclosing function\'s cellvar) without a narrowing-prone k-top redex\n  // guarded on the FOUND frame\'s DECLARED cellvars (pnMember over the\n  // cellsMark): decidable for every concrete frame pin — plain frames and\n  // non-cell names prune outright, so an abstract looked-up value never\n  // drags a narrowing cellV heap match along (probed on 5-intersperse and\n  // Q4\'s abstract `numbers` in the annotated frame)\n  rule <k> #look(X:String, L:Int) => V ... </k>\n       <scopes> ... L |-> scope(M:Map, _:Parent) ... </scopes>\n       <heap> ... H |-> cellV(V:Val) ... </heap>\n       requires X in_keys(M) andBool "$cells" in_keys(M)\n        andBool pnMember(X, cellsOf({M["$cells"]}:>Val))\n        andBool {M[X]}:>Val ==K cellRef(H)\n       [priority(40)]\n  rule <k> #look(X:String, L:Int) => #look(X, P) ... </k>\n       <scopes> ... L |-> scope(M:Map, parent(P:Int)) ... </scopes>\n       requires notBool (X in_keys(M))\n\n  // the ONE predefined builtins scope (the -1 frame; claims write `-1 |-> builtinsScope`)\n  syntax Scope ::= "builtinsScope" [function, total]\n  rule builtinsScope\n    => scope(.Map [ "len"    <- builtinV("len")    ]\n                  [ "set"    <- builtinV("set")    ]\n                  [ "sum"    <- builtinV("sum")    ]\n                  [ "abs"    <- builtinV("abs")    ]\n                  [ "min"    <- builtinV("min")    ]\n                  [ "max"    <- builtinV("max")    ]\n                  [ "ord"    <- builtinV("ord")    ]\n                  [ "chr"    <- builtinV("chr")    ]\n                  [ "range"  <- builtinV("range")  ]\n                  [ "all"    <- builtinV("all")    ]\n                  [ "any"    <- builtinV("any")    ]\n                  [ "zip"    <- builtinV("zip")    ]\n                  [ "isinstance" <- builtinV("isinstance") ]\n                  [ "sorted" <- builtinV("sorted") ]\n                  [ "list"   <- builtinV("list")   ]\n                  [ "round"  <- builtinV("round")  ]\n                  [ "bin"    <- builtinV("bin")    ]\n                  [ "enumerate" <- builtinV("enumerate") ]\n                  [ "map"    <- builtinV("map")    ]\n                  [ "eval"   <- builtinV("eval")   ]\n                  [ "int"    <- typeV("int")       ]\n                  [ "str"    <- typeV("str")       ]\n                  [ "float"  <- typeV("float")     ], root)\n\n  // ==== argument/element evaluation: ONE left-to-right loop, tagged by destination ==\n  // (list/tuple literals and calls all use it; modules extend ApplyK with their tags)\n  syntax ApplyK ::= toCall(Val)\n  syntax KItem  ::= #evalArgs(Exprs, Vals, ApplyK)\n                  | #evalArgCont(Exprs, Vals, ApplyK)\n                  | #applyK(ApplyK, Vals)\n  rule <k> #evalArgs((A:Expr, REST:Exprs), ACC:Vals, K:ApplyK) => A ~> #evalArgCont(REST, ACC, K) ... </k>\n  rule <k> V:Val ~> #evalArgCont(REST:Exprs, ACC:Vals, K:ApplyK) => #evalArgs(REST, appendVal(ACC, V), K) ... </k>\n  rule <k> #evalArgs(.Exprs, ACC:Vals, K:ApplyK) => #applyK(K, ACC) ... </k>\n\n  // ==== Int / Bool / None literals ==========================================\n  rule <k> Int(I:Int)   => I ... </k>\n  rule <k> Bool(B:Bool) => B ... </k>\n  rule <k> NoneVal      => noneV ... </k>\n\n  // ==== truthy (If, Assert, BoolOp, IfExp, not, While) ======================\n  syntax Bool ::= truthy(Val) [function]\n  rule truthy(B:Bool)          => B\n  rule truthy(noneV)           => false\n  rule truthy(I:Int)           => I =/=Int 0\n  rule truthy(str(S:IntSeq))   => notBool (S ==K .IntSeq)\n  rule truthy(list(V:ValSeq))  => notBool (V ==K .ValSeq)\n  rule truthy(tuple(V:ValSeq)) => notBool (V ==K .ValSeq)\n\n  // ==== extensible operator dispatch (cases added by the construct modules) ==\n  syntax Val  ::= applyUn(String, Val) [function]\n  syntax Val  ::= applyBin(String, Val, Val) [function]\n  syntax Bool ::= applyCmp(String, Val, Val) [function]\n\n  // ==== shared list helpers =================================================\n  syntax Vals ::= appendVal(Vals, Val) [function, total]\n  rule appendVal(.Vals, V:Val)              => V , .Vals\n  rule appendVal((V0:Val, VS:Vals), V:Val)  => V0 , appendVal(VS, V)\n\n  syntax ValSeq ::= vals2valSeq(Vals) [function, total]\n  rule vals2valSeq(.Vals)            => .ValSeq\n  rule vals2valSeq((V:Val, VS:Vals)) => vCons(V, vals2valSeq(VS))\n\n  // ==== shared sequence length (len / summaries across many modules) ========\n  // (positional access valSeqAt/intSeqAt + normIdx live in subscript.k)\n  syntax Int ::= vsLen(ValSeq) [function, total]\n  rule vsLen(.ValSeq)                => 0\n  rule vsLen(vCons(_:Val, S:ValSeq)) => 1 +Int vsLen(S)\n\n  syntax Int ::= isLen(IntSeq) [function, total]\n  rule isLen(.IntSeq)                => 0\n  rule isLen(iCons(_:Int, S:IntSeq)) => 1 +Int isLen(S)\n\n// reference/src/semantics/call.k — MPY-CALL\n// ONE call route for every callable: evaluate the callee to a VALUE (name lookup reaches\n// builtins at the root; a cooled Attribute is a bound method), evaluate the args (the shared\n// #evalArgs loop in core.k), then dispatch on the callee value:\n//   closureVal    -> bind params, push a frame (user function)\n//   boundMethodV  -> applyMethod\n//   builtinV      -> the #iterNext folds (sum/all/any/max/min) or applyBuiltin\n//   typeV         -> callable type objects: int(...) / str(...)\n\nmodule MPY-CALL\n  imports MPY-METHODS\n  imports MPY-BUILTINS\n  imports MPY-FUNCTIONS\n\n  // a cooled attribute is a bound method value\n  rule <k> Attribute(V:Val, M:String) => boundMethodV(V, M) ... </k>\n\n  // evaluate callee, then args ([owise]: problem-local Call interceptions beat this)\n  syntax KItem ::= #callee(Exprs)\n  rule <k> Call(Fe:Expr, ARGS:Exprs) => Fe ~> #callee(ARGS) ... </k> [owise]\n  rule <k> CV:Val ~> #callee(ARGS:Exprs) => #evalArgs(ARGS, .Vals, toCall(CV)) ... </k>\n\n  // ==== dispatch on the callee value ========================================\n  rule <k> #applyK(toCall(boundMethodV(OBJ:Val, M:String)), ACC:Vals) => applyMethod(OBJ, M, ACC) ... </k>\n\n  rule <k> #applyK(toCall(builtinV("sum")), (OBJ:Iterable, .Vals)) => #sumAcc(OBJ, 0) ... </k>\n  rule <k> #applyK(toCall(builtinV("all")), (OBJ:Iterable, .Vals)) => #allAcc(OBJ)    ... </k>\n  rule <k> #applyK(toCall(builtinV("any")), (OBJ:Iterable, .Vals)) => #anyAcc(OBJ)    ... </k>\n  rule <k> #applyK(toCall(builtinV("max")), (OBJ:Iterable, .Vals)) => #maxAcc0(OBJ)   ... </k>\n  rule <k> #applyK(toCall(builtinV("min")), (OBJ:Iterable, .Vals)) => #minAcc0(OBJ)   ... </k>\n  rule <k> #applyK(toCall(builtinV(BN:String)), ACC:Vals) => applyBuiltin(BN, ACC) ... </k> [owise]\n  rule <k> #applyK(toCall(typeV(T:String)),     ACC:Vals) => applyBuiltin(T, ACC)  ... </k>\n\n  // ==== heap-object arguments/receivers =====================================\n  // Builtins and type calls READ structure — deref the first two arg positions\n  // (covers len/sum/all/any/max/min/sorted/list/set + zip\'s pair). Mutating list\n  // methods take the ref itself; every other method receiver is deref\'d.\n  rule <k> #applyK(toCall(builtinV(BN:String)), (ref(H:Int), REST:Vals))\n        => #applyK(toCall(builtinV(BN)), (V, REST)) ... </k>\n       <heap> ... H |-> V:Val ... </heap>\n       [priority(40)]\n  rule <k> #applyK(toCall(builtinV(BN:String)), (A:Val, ref(H:Int), REST:Vals))\n        => #applyK(toCall(builtinV(BN)), (A, V, REST)) ... </k>\n       <heap> ... H |-> V:Val ... </heap>\n       requires notBool isRefV(A)\n       [priority(40)]\n  rule <k> #applyK(toCall(typeV(T:String)), (ref(H:Int), REST:Vals))\n        => #applyK(toCall(typeV(T)), (V, REST)) ... </k>\n       <heap> ... H |-> V:Val ... </heap>\n       [priority(40)]\n\n  syntax Bool ::= isMutMethod(String) [function, total]\n  rule isMutMethod(M:String)\n    => M ==String "append" orBool M ==String "sort" orBool M ==String "extend"\n       orBool M ==String "insert" orBool M ==String "pop" orBool M ==String "remove"\n  rule <k> #applyK(toCall(boundMethodV(ref(H:Int), M:String)), ACC:Vals)\n        => #applyK(toCall(boundMethodV(V, M)), ACC) ... </k>\n       <heap> ... H |-> V:Val ... </heap>\n       requires notBool isMutMethod(M)\n       [priority(40)]\n  // non-mutating methods READ their heap-object arguments too (join\'s list);\n  // mutators keep refs (append of a list into a list-of-lists stays aliased)\n  rule <k> #applyK(toCall(boundMethodV(OBJ:Val, M:String)), (ref(H:Int), REST:Vals))\n        => #applyK(toCall(boundMethodV(OBJ, M)), (V, REST)) ... </k>\n       <heap> ... H |-> V:Val ... </heap>\n       requires notBool isMutMethod(M) andBool notBool isRefV(OBJ)\n       [priority(40)]\n\n  rule <k> #applyK(toCall(closureVal(PNS:ParamNames, BODY:Stmts, DEFL:Int)), ACC:Vals) ~> CONT\n        => #bindP(PNS, ACC) ~> BODY ~> #endcall </k>\n       <env>     CALLERL:Int => NEWL </env>\n       <scopes>   STORE:Map => STORE [ NEWL <- scope(.Map, parent(DEFL)) ] </scopes>\n       <scopeLoc> NEWL:Int => NEWL +Int 1 </scopeLoc>\n       <stack>   .List => ListItem(frame(CONT, CALLERL, NEWL)) ... </stack>\n\n  // annotated closure: the frame starts with the captured freevar cells, its\n  // parent is the module scope (all enclosing-local reads go through cells),\n  // and the cellvars\' fresh cells allocate before params bind (a cellvar param\n  // then writes through its cell in #bindP).\n  rule <k> #applyK(toCall(closureValC(PNS:ParamNames, CVS:ParamNames, BODY:Stmts, CM:Map)), ACC:Vals) ~> CONT\n        => #allocCells(CVS) ~> #bindP(PNS, ACC) ~> BODY ~> #endcall </k>\n       <env>     CALLERL:Int => NEWL </env>\n       <scopes>   STORE:Map => STORE [ NEWL <- scope(CM [ "$cells" <- cellsMark(CVS) ], parent(0)) ] </scopes>\n       <scopeLoc> NEWL:Int => NEWL +Int 1 </scopeLoc>\n       <stack>   .List => ListItem(frame(CONT, CALLERL, NEWL)) ... </stack>\n\n  syntax KItem ::= #allocCells(ParamNames)\n  rule <k> #allocCells(.ParamNames) => .K ... </k>\n  rule <k> #allocCells((CV:String, R:ParamNames)) => #allocCells(R) ... </k>\n       <env> L:Int </env>\n       <scopes> ... L |-> scope(M:Map => M [ CV <- cellRef(N) ], _) ... </scopes>\n       <heap>    H:Map => (N |-> cellV(noneV)) H </heap>\n       <heapLoc> N:Int => N +Int 1 </heapLoc>\n       requires notBool N in_keys(H)\nendmodule\nK version:    v7.1.293\nBuild date:   Fri Oct 03 13:32:35 CDT 2025\nK version:    v7.1.293\nBuild date:   Fri Oct 03 13:32:35 CDT 2025\nK version:    v7.1.293\nBuild date:   Fri Oct 03 13:32:35 CDT 2025\ntotal 40\ndrwxr-xr-x 3 agent agent  4096 Jul 22 20:30 .\ndrwxr-xr-x 1 root  root   4096 Jul 23 00:07 ..\n-rw-r--r-- 1 agent agent   224 Jul 21 20:21 prompt.py\n-rw-r--r-- 1 agent agent 17189 Jul 19 22:46 py2mpy.py\ndrwxr-xr-x 3 agent agent  4096 Jul 19 21:44 reference-semantics\n-rw-r--r-- 1 agent agent   647 Jul 22 20:30 run-input.json\n'}]
LINE 36 CUSTOM_TOOL apply_patch
*** Begin Patch
*** Add File: /work/solution.py
+def modp(n: int, p: int):
+    """Return 2^n modulo p."""
+    return (2 ** n) % p
*** End Patch

LINE 38 CUSTOM_TOOL_OUTPUT
Exit code: 0
Wall time: 0 seconds
Output:
Success. Updated the following files:
A /work/solution.py

LINE 40 FUNCTION exec_command
{"cmd":"python3 py2mpy.py solution.py > solution.mpy && cat solution.mpy && python3 - <<'PY'\nfrom solution import modp\ncases = [(3,5,3),(1101,101,2),(0,101,1),(3,11,8),(100,101,1)]\nfor n,p,want in cases:\n    got=modp(n,p)\n    print(n,p,got,want,got == want)\nPY","workdir":"/work","yield_time_ms":10000,"max_output_tokens":10000}
LINE 41 FUNCTION_OUTPUT
Chunk ID: 9bfd1a
Wall time: 0.0000 seconds
Process exited with code 0
Original token count: 57
Output:
Module(
  FuncDef("modp", Params("n", "p"),
    Expr(Str("Return 2^n modulo p."))
    Return(BinOp("%", BinOp("**", Int(2), Name("n")), Name("p")))))
3 5 3 3 True
1101 101 2 2 True
0 101 1 1 True
3 11 8 8 True
100 101 1 1 True

LINE 44 FUNCTION update_plan
{"explanation":"The Python implementation is complete and translates cleanly. I’m now encoding the exact translated function as a K program constant and a symbolic contract for nonnegative exponents and positive moduli.","plan":[{"step":"Inspect prompt, translator, and reference semantics","status":"completed"},{"step":"Implement solution.py and generate solution.mpy","status":"completed"},{"step":"Create verification.k, spec.k, and prove.sh","status":"in_progress"},{"step":"Compile, exercise with krun, and prove with kprove","status":"pending"},{"step":"Audit deliverables and report result","status":"pending"}]}
LINE 45 FUNCTION_OUTPUT
Plan updated
LINE 47 FUNCTION exec_command
{"cmd":"kompile reference-semantics/semantics.k --backend llvm --main-module MPY-KRUN --syntax-module MPY-SYNTAX --output-definition runtime-kompiled","workdir":"/work","yield_time_ms":1000,"max_output_tokens":12000}
LINE 48 FUNCTION_OUTPUT
Chunk ID: 67cf0b
Wall time: 1.0014 seconds
Process running with session ID 54825
Original token count: 0
Output:

LINE 52 FUNCTION write_stdin
{"session_id":54825,"chars":"","yield_time_ms":1000,"max_output_tokens":12000}
LINE 53 FUNCTION_OUTPUT
Chunk ID: 0f370e
Wall time: 0.0000 seconds
Process exited with code 0
Original token count: 860
Output:
[Warning] Compiler: Non exhaustive match detected:
`mapStrVS(_)_MPY-BUILTINS_ValSeq_ValSeq`(`vCons(_,_)_MPY-CORE_ValSeq_Val_ValSeq`(`cellsMark(_)_MPY-CORE_Val_ParamNames`(_),_))
	Source(/work/reference-semantics/semantics/builtins.k)
	Location(134,21,134,55)
	134 |	  syntax ValSeq ::= mapStrVS(ValSeq) [function, total]
	    .	                    ^~~~~~~~~~~~~~~~~~~~~~~~~~~~~~~~~~
[Warning] Compiler: Non exhaustive match detected:
floorFI(`cellsMark(_)_MPY-CORE_Val_ParamNames`(_))
	Source(/work/reference-semantics/semantics/float.k)
	Location(73,18,73,65)
	73 |	  syntax Int ::= floorFI(Val) [function, total, symbol(floorFI)]
	   .	                 ^~~~~~~~~~~~~~~~~~~~~~~~~~~~~~~~~~~~~~~~~~~~~~~
[Warning] Compiler: Non exhaustive match detected:
toF(`cellsMark(_)_MPY-CORE_Val_ParamNames`(_))
	Source(/work/reference-semantics/semantics/float.k)
	Location(86,20,86,59)
	86 |	  syntax Float ::= toF(Val) [function, total, symbol(toF)]
	   .	                   ^~~~~~~~~~~~~~~~~~~~~~~~~~~~~~~~~~~~~~~
[Warning] Compiler: Non exhaustive match detected:
ceilF(`cellsMark(_)_MPY-CORE_Val_ParamNames`(_))
	Source(/work/reference-semantics/semantics/float.k)
	Location(93,18,93,61)
	93 |	  syntax Int ::= ceilF(Val) [function, total, symbol(ceilF)]
	   .	                 ^~~~~~~~~~~~~~~~~~~~~~~~~~~~~~~~~~~~~~~~~~~
[Warning] Compiler: Non exhaustive match detected:
`joinCodes(_,_)_MPY-METHODS_IntSeq_IntSeq_ValSeq`(_,`vCons(_,_)_MPY-CORE_ValSeq_Val_ValSeq`(`cellsMark(_)_MPY-CORE_Val_ParamNames`(_),_))
	Source(/work/reference-semantics/semantics/methods.k)
	Location(27,21,27,64)
	27 |	  syntax IntSeq ::= joinCodes(IntSeq, ValSeq) [function, total]
	   .	                    ^~~~~~~~~~~~~~~~~~~~~~~~~~~~~~~~~~~~~~~~~~~
[Warning] Compiler: Variable 'As' defined but not used. Prefix variable name
with underscore if this is intentional.
	Source(/work/reference-semantics/semantics/str.k)
	Location(52,27,52,29)
	52 |	  rule strLt(iCons(A:Int, As:IntSeq), iCons(B:Int, Bs:IntSeq)) => true   
      requires A  <Int B
	   .	                          ^~
[Warning] Compiler: Variable 'Bs' defined but not used. Prefix variable name
with underscore if this is intentional.
	Source(/work/reference-semantics/semantics/str.k)
	Location(52,52,52,54)
	52 |	  rule strLt(iCons(A:Int, As:IntSeq), iCons(B:Int, Bs:IntSeq)) => true   
      requires A  <Int B
	   .	                                                   ^~
[Warning] Compiler: Variable 'As' defined but not used. Prefix variable name
with underscore if this is intentional.
	Source(/work/reference-semantics/semantics/str.k)
	Location(53,27,53,29)
	53 |	  rule strLt(iCons(A:Int, As:IntSeq), iCons(B:Int, Bs:IntSeq)) => false  
      requires A  >Int B
	   .	                          ^~
[Warning] Compiler: Variable 'Bs' defined but not used. Prefix variable name
with underscore if this is intentional.
	Source(/work/reference-semantics/semantics/str.k)
	Location(53,52,53,54)
	53 |	  rule strLt(iCons(A:Int, As:IntSeq), iCons(B:Int, Bs:IntSeq)) => false  
      requires A  >Int B
	   .	                                                   ^~
[Warning] Compiler: Non exhaustive match detected:
`valSeqAt(_,_)_MPY-SUBSCRIPT_Val_ValSeq_Int`(`.ValSeq_MPY-CORE_ValSeq`(.KList),_)
	Source(/work/reference-semantics/semantics/subscript.k)
	Location(11,18,11,57)
	11 |	  syntax Val ::= valSeqAt(ValSeq, Int) [function, total]
	   .	                 ^~~~~~~~~~~~~~~~~~~~~~~~~~~~~~~~~~~~~~~

LINE 56 CUSTOM_TOOL apply_patch
*** Begin Patch
*** Add File: /work/verification.k
+requires "reference-semantics/semantics.k"
+
+module MODP-VERIFICATION
+  imports MPY
+
+  // This is the exact Module term generated in solution.mpy.  Giving it a
+  // name keeps the reachability claim readable while still executing the
+  // translated program through the supplied Python semantics.
+  syntax Module ::= "modpProgram" [function]
+  rule modpProgram
+    => Module(
+         FuncDef("modp", Params("n", "p"),
+           Expr(Str("Return 2^n modulo p."))
+           Return(BinOp("%", BinOp("**", Int(2), Name("n")), Name("p")))))
+
+  // Mathematical contract for the supported input domain.  pyMod is the
+  // supplied semantics' Python (floored) remainder, and ^Int is unbounded
+  // integer exponentiation.
+  syntax Int ::= specModp(Int, Int) [function]
+  rule specModp(N:Int, P:Int) => pyMod(2 ^Int N, P)
+       requires N >=Int 0 andBool P >Int 0
+endmodule
*** Add File: /work/spec.k
+requires "verification.k"
+
+module MODP-SPEC
+  imports MODP-VERIFICATION
+
+  claim
+    <k>
+      #loadAll(modpProgram)
+      ~> Call(Name("modp"), (Int(N), Int(P), .Exprs))
+      => specModp(N, P)
+    </k>
+    <env> 0 </env>
+    <scopes>
+      0  |-> scope(.Map, parent(-1))
+      -1 |-> builtinsScope
+    </scopes>
+    <scopeLoc> 1 </scopeLoc>
+    <heap> .Map </heap>
+    <heapLoc> 0 </heapLoc>
+    <stack> .List </stack>
+    <ret> noRet </ret>
+    <exc> NoExc </exc>
+    <exit-code exit=""> 0 </exit-code>
+    requires N >=Int 0 andBool P >Int 0
+endmodule
*** End Patch

LINE 58 CUSTOM_TOOL_OUTPUT
Exit code: 0
Wall time: 0 seconds
Output:
Success. Updated the following files:
A /work/verification.k
A /work/spec.k

LINE 61 FUNCTION exec_command
{"cmd":"kompile verification.k --backend haskell --main-module MODP-VERIFICATION --syntax-module MPY-SYNTAX --output-definition verification-kompiled","workdir":"/work","yield_time_ms":1000,"max_output_tokens":12000}
LINE 62 FUNCTION_OUTPUT
Chunk ID: 11063b
Wall time: 1.0003 seconds
Process running with session ID 81268
Original token count: 0
Output:

LINE 65 CUSTOM_TOOL apply_patch
*** Begin Patch
*** Add File: /work/concrete-tests.mpy
+Module(
+  FuncDef("modp", Params("n", "p"),
+    Expr(Str("Return 2^n modulo p."))
+    Return(BinOp("%", BinOp("**", Int(2), Name("n")), Name("p"))))
+  Assert(
+    Compare(Call(Name("modp"), Int(3), Int(5)), CmpOp("==", Int(3))))
+  Assert(
+    Compare(
+      Call(Name("modp"), Int(1101), Int(101)),
+      CmpOp("==", Int(2))))
+  Assert(
+    Compare(Call(Name("modp"), Int(0), Int(101)), CmpOp("==", Int(1))))
+  Assert(
+    Compare(Call(Name("modp"), Int(3), Int(11)), CmpOp("==", Int(8))))
+  Assert(
+    Compare(
+      Call(Name("modp"), Int(100), Int(101)),
+      CmpOp("==", Int(1)))))
*** End Patch

LINE 67 CUSTOM_TOOL_OUTPUT
Exit code: 0
Wall time: 0 seconds
Output:
Success. Updated the following files:
A /work/concrete-tests.mpy

LINE 70 FUNCTION write_stdin
{"session_id":81268,"chars":"","yield_time_ms":1000,"max_output_tokens":12000}
LINE 71 FUNCTION_OUTPUT
Chunk ID: f9778d
Wall time: 0.0000 seconds
Process exited with code 0
Original token count: 344
Output:
[Warning] Compiler: Variable 'As' defined but not used. Prefix variable name
with underscore if this is intentional.
	Source(/work/reference-semantics/semantics/str.k)
	Location(52,27,52,29)
	52 |	  rule strLt(iCons(A:Int, As:IntSeq), iCons(B:Int, Bs:IntSeq)) => true   
      requires A  <Int B
	   .	                          ^~
[Warning] Compiler: Variable 'Bs' defined but not used. Prefix variable name
with underscore if this is intentional.
	Source(/work/reference-semantics/semantics/str.k)
	Location(52,52,52,54)
	52 |	  rule strLt(iCons(A:Int, As:IntSeq), iCons(B:Int, Bs:IntSeq)) => true   
      requires A  <Int B
	   .	                                                   ^~
[Warning] Compiler: Variable 'As' defined but not used. Prefix variable name
with underscore if this is intentional.
	Source(/work/reference-semantics/semantics/str.k)
	Location(53,27,53,29)
	53 |	  rule strLt(iCons(A:Int, As:IntSeq), iCons(B:Int, Bs:IntSeq)) => false  
      requires A  >Int B
	   .	                          ^~
[Warning] Compiler: Variable 'Bs' defined but not used. Prefix variable name
with underscore if this is intentional.
	Source(/work/reference-semantics/semantics/str.k)
	Location(53,52,53,54)
	53 |	  rule strLt(iCons(A:Int, As:IntSeq), iCons(B:Int, Bs:IntSeq)) => false  
      requires A  >Int B
	   .	                                                   ^~

LINE 74 CUSTOM_TOOL exec
const rs = await Promise.all([
  tools.exec_command({"cmd":"krun concrete-tests.mpy --definition runtime-kompiled","workdir":"/work","yield_time_ms":30000,"max_output_tokens":20000}),
  tools.exec_command({"cmd":"kprove spec.k --definition verification-kompiled --spec-module MODP-SPEC","workdir":"/work","yield_time_ms":30000,"max_output_tokens":30000})
]);
text(JSON.stringify(rs));

LINE 75 CUSTOM_TOOL_OUTPUT
[{'type': 'input_text', 'text': 'Script completed\nWall time 1.4 seconds\nOutput:\n'}, {'type': 'input_text', 'text': '[{"chunk_id":"778a2b","wall_time_seconds":0.677300027,"exit_code":0,"original_token_count":339,"output":"<generatedTop>\\n  <k>\\n    .K\\n  </k>\\n  <env>\\n    0\\n  </env>\\n  <scopes>\\n    -1 |-> scope ( \\"abs\\" |-> builtinV ( \\"abs\\" )\\n    \\"all\\" |-> builtinV ( \\"all\\" )\\n    \\"any\\" |-> builtinV ( \\"any\\" )\\n    \\"bin\\" |-> builtinV ( \\"bin\\" )\\n    \\"chr\\" |-> builtinV ( \\"chr\\" )\\n    \\"enumerate\\" |-> builtinV ( \\"enumerate\\" )\\n    \\"eval\\" |-> builtinV ( \\"eval\\" )\\n    \\"float\\" |-> typeV ( \\"float\\" )\\n    \\"int\\" |-> typeV ( \\"int\\" )\\n    \\"isinstance\\" |-> builtinV ( \\"isinstance\\" )\\n    \\"len\\" |-> builtinV ( \\"len\\" )\\n    \\"list\\" |-> builtinV ( \\"list\\" )\\n    \\"map\\" |-> builtinV ( \\"map\\" )\\n    \\"max\\" |-> builtinV ( \\"max\\" )\\n    \\"min\\" |-> builtinV ( \\"min\\" )\\n    \\"ord\\" |-> builtinV ( \\"ord\\" )\\n    \\"range\\" |-> builtinV ( \\"range\\" )\\n    \\"round\\" |-> builtinV ( \\"round\\" )\\n    \\"set\\" |-> builtinV ( \\"set\\" )\\n    \\"sorted\\" |-> builtinV ( \\"sorted\\" )\\n    \\"str\\" |-> typeV ( \\"str\\" )\\n    \\"sum\\" |-> builtinV ( \\"sum\\" )\\n    \\"zip\\" |-> builtinV ( \\"zip\\" ) , root )\\n    0 |-> scope ( \\"modp\\" |-> closureVal ( \\"n\\" , \\"p\\" , .ParamNames , Expr ( Str ( \\"Return 2^n modulo p.\\" ) )  Return ( BinOp ( \\"%\\" , BinOp ( \\"**\\" , Int ( 2 ) , Name ( \\"n\\" ) ) , Name ( \\"p\\" ) ) )  .Stmts , 0 ) , parent ( -1 ) )\\n  </scopes>\\n  <scopeLoc>\\n    1\\n  </scopeLoc>\\n  <heap>\\n    .Map\\n  </heap>\\n  <heapLoc>\\n    0\\n  </heapLoc>\\n  <stack>\\n    .List\\n  </stack>\\n  <ret>\\n    noRet\\n  </ret>\\n  <exc>\\n    NoExc\\n  </exc>\\n  <exit-code>\\n    0\\n  </exit-code>\\n</generatedTop>\\n"},{"chunk_id":"5cb008","wall_time_seconds":1.2332384,"exit_code":113,"original_token_count":53,"output":"[Error] Inner Parser: Scanner error: unexpected character sequence \'<\'.\\n\\tSource(/work/spec.k)\\n\\tLocation(23,5,23,6)\\n\\t23 |\\t    <exit-code exit=\\"\\"> 0 </exit-code>\\n\\t   .\\t    ^\\n[Error] Compiler: Had 1 parsing errors.\\n"}]'}]
LINE 78 AGENT_MESSAGE
Concrete execution now passes all five prompt examples under the LLVM definition. The first symbolic attempt reached only a K parser issue in the configuration spelling (`<exit-code>` has no attribute in claims); I’m correcting that and rerunning the universal claim.
LINE 80 CUSTOM_TOOL apply_patch
*** Begin Patch
*** Update File: /work/spec.k
@@
-    <exit-code exit=""> 0 </exit-code>
+    <exit-code> 0 </exit-code>
*** End Patch

LINE 82 CUSTOM_TOOL_OUTPUT
Exit code: 0
Wall time: 0 seconds
Output:
Success. Updated the following files:
M /work/spec.k

LINE 84 FUNCTION exec_command
{"cmd":"kprove spec.k --definition verification-kompiled --spec-module MODP-SPEC","workdir":"/work","yield_time_ms":30000,"max_output_tokens":30000}
LINE 85 FUNCTION_OUTPUT
Chunk ID: e8f75f
Wall time: 12.8634 seconds
Process exited with code 1
Original token count: 20585
Output:
Warning: truncated output (original token count: 20585)
Total output lines: 1495

kore-exec: [922696] Warning (DecidePredicateUnknown):
    Failed to decide predicate.
Context:
    (DebugEvaluateCondition) while evaluating predicate
        (InfoReachability) while simplifying the claim
            (DecidePredicateUnknown) while applying equation defined at ...kframework/builtin/domains.md:1377:8-1377:59
                                     in Kore.Equation.Application:150:81
kore-exec: [971442] Warning (DecidePredicateUnknown):
    Failed to decide predicate.
Context:
    (DebugEvaluateCondition) while evaluating predicate
        (InfoReachability) while simplifying the claim
            (DecidePredicateUnknown) while applying equation defined at ...kframework/builtin/domains.md:1377:8-1377:59
                                     in Kore.Equation.Application:150:81
kore-exec: [1016864] Warning (DecidePredicateUnknown):
    Failed to decide predicate.
Context:
    (DebugEvaluateCondition) while evaluating predicate
        (InfoReachability) while simplifying the claim
            (DecidePredicateUnknown) while applying equation defined at ...kframework/builtin/domains.md:1377:8-1377:59
                                     in Kore.Equation.Application:150:81
kore-exec: [1063705] Warning (DecidePredicateUnknown):
    Failed to decide predicate.
Context:
    (DebugEvaluateCondition) while evaluating predicate
        (InfoReachability) while simplifying the claim
            (DecidePredicateUnknown) while applying equation defined at ...kframework/builtin/domains.md:1377:8-1377:59
                                     in Kore.Equation.Application:150:81
kore-exec: [1110366] Warning (DecidePredicateUnknown):
    Failed to decide predicate.
Context:
    (DebugEvaluateCondition) while evaluating predicate
        (InfoReachability) while checking the implication
            (DecidePredicateUnknown) while applying equation defined at ...kframework/builtin/domains.md:1377:8-1377:59
                                     in Kore.Equation.Application:150:81
kore-exec: [1158064] Warning (DecidePredicateUnknown):
    Failed to decide predicate.
Context:
    (DebugEvaluateCondition) while evaluating predicate
        (InfoReachability) while checking the implication
            (DecidePredicateUnknown) while applying equation defined at ...kframework/builtin/domains.md:1377:8-1377:59
                                     in Kore.Equation.Application:150:81
kore-exec: [1200888] Warning (DecidePredicateUnknown):
    Failed to decide predicate.
Context:
    (DebugEvaluateCondition) while evaluating predicate
        (InfoReachability) while applying axioms
            (DecidePredicateUnknown) while applying equation defined at ...kframework/builtin/domains.md:1377:8-1377:59
                                     in Kore.Equation.Application:150:81
kore-exec: [1241907] Warning (DecidePredicateUnknown):
    Failed to decide predicate.
Context:
    (DebugEvaluateCondition) while evaluating predicate
        (InfoReachability) while applying axioms
            (DecidePredicateUnknown) while applying equation defined at ...kframework/builtin/domains.md:1377:8-1377:59
                                     in Kore.Equation.Application:150:81
kore-exec: [1308455] Warning (DecidePredicateUnknown):
    Failed to decide predicate.
Context:
    (DebugEvaluateCondition) while evaluating predicate
        (InfoReachability) while checking the implication
            (DecidePredicateUnknown) while applying equation defined at ...kframework/builtin/domains.md:1377:8-1377:59
                                     in Kore.Equation.Application:150:81
kore-exec: [1353408] Warning (DecidePredicateUnknown):
    Failed to decide predicate.
Context:
    (DebugEvaluateCondition) while evaluating predicate
        (InfoReachability) while checking the implication
            (DecidePredicateUnknown) while applying equation defined at ...kframework/builtin/domains.md:1377:8-1377:59
                                     in Kore.Equation.Application:150:81
kore-exec: [1394622] Warning (DecidePredicateUnknown):
    Failed to decide predicate.
Context:
    (DebugEvaluateCondition) while evaluating predicate
        (InfoReachability) while applying axioms
            (DecidePredicateUnknown) while applying equation defined at ...kframework/builtin/domains.md:1377:8-1377:59
                                     in Kore.Equation.Application:150:81
kore-exec: [1437309] Warning (DecidePredicateUnknown):
    Failed to decide predicate.
Context:
    (DebugEvaluateCondition) while evaluating predicate
        (InfoReachability) while applying axioms
            (DecidePredicateUnknown) while applying equation defined at ...kframework/builtin/domains.md:1377:8-1377:59
                                     in Kore.Equation.Application:150:81
kore-exec: [1494715] Warning (DecidePredicateUnknown):
    Failed to decide predicate.
Context:
    (DebugEvaluateCondition) while evaluating predicate
        (InfoReachability) while checking the implication
            (DecidePredicateUnknown) while applying equation defined at ...kframework/builtin/domains.md:1377:8-1377:59
                                     in Kore.Equation.Application:150:81
kore-exec: [1541817] Warning (DecidePredicateUnknown):
    Failed to decide predicate.
Context:
    (DebugEvaluateCondition) while evaluating predicate
        (InfoReachability) while checking the implication
            (DecidePredicateUnknown) while applying equation defined at ...kframework/builtin/domains.md:1377:8-1377:59
                                     in Kore.Equation.Application:150:81
kore-exec: [1609682] Warning (DecidePredicateUnknown):
    Failed to decide predicate.
Context:
    (DebugEvaluateCondition) while evaluating predicate
        (InfoReachability) while applying axioms
            (DecidePredicateUnknown) while applying equation defined at ...kframework/builtin/domains.md:1377:8-1377:59
                                     in Kore.Equation.Application:150:81
kore-exec: [1653356] Warning (DecidePredicateUnknown):
    Failed to decide predicate.
Context:
    (DebugEvaluateCondition) while evaluating predicate
        (InfoReachability) while applying axioms
            (DecidePredicateUnknown) while applying equation defined at ...kframework/builtin/domains.md:1377:8-1377:59
                                     in Kore.Equation.Application:150:81
kore-exec: [1714281] Warning (DecidePredicateUnknown):
    Failed to decide predicate.
Context:
    (DebugEvaluateCondition) while evaluating predicate
        (InfoReachability) while checking the implication
            (DecidePredicateUnknown) while applying equation defined at ...kframework/builtin/domains.md:1377:8-1377:59
                                     in Kore.Equation.Application:150:81
kore-exec: [1756303] Warning (DecidePredicateUnknown):
    Failed to decide predicate.
Context:
    (DebugEvaluateCondition) while evaluating predicate
        (InfoReachability) while checking the implication
            (DecidePredicateUnknown) while applying equation defined at ...kframework/builtin/domains.md:1377:8-1377:59
                                     in Kore.Equation.Application:150:81
kore-exec: [1797529] Warning (DecidePredicateUnknown):
    Failed to decide predicate.
Context:
    (DebugEvaluateCondition) while evaluating predicate
        (InfoReachability) while applying axioms
            (DecidePredicateUnknown) while applying equation defined at ...kframework/builtin/domains.md:1377:8-1377:59
                                     in Kore.Equation.Application:150:81
kore-exec: [1841470] Warning (DecidePredicateUnknown):
    Failed to decide predicate.
Context:
    (DebugEvaluateCondition) while evaluating predicate
        (InfoReachability) while applying axioms
            (DecidePredicateUnknown) while applying equation defined at ...kframework/builtin/domains.md:1377:8-1377:59
                                     in Kore.Equation.Application:150:81
kore-exec: [1900079] Warning (DecidePredicateUnknown):
    Failed to decide predicate.
Context:
    (DebugEvaluateCondition) while evaluating predicate
        (InfoReachability) while checking the implication
            (DecidePredicateUnknown) while applying equation defined at ...kframework/builtin/domains.md:1377:8-1377:59
                                     in Kore.Equation.Application:150:81
kore-exec: [1941342] Warning (DecidePredicateUnknown):
    Failed to decide predicate.
Context:
    (DebugEvaluateCondition) while evaluating predicate
        (InfoReachability) while checking the implication
            (DecidePredicateUnknown) while applying equation defined at ...kframework/builtin/domains.md:1377:8-1377:59
                                     in Kore.Equation.Application:150:81
kore-exec: [1982921] Warning (DecidePredicateUnknown):
    Failed to decide predicate.
Context:
    (DebugEvaluateCondition) while evaluating predicate
        (InfoReachability) while applying axioms
            (DecidePredicateUnknown) while applying equation defined at ...kframework/builtin/domains.md:1377:8-1377:59
                                     in Kore.Equation.Application:150:81
kore-exec: [2026983] Warning (DecidePredicateUnknown):
    Failed to decide predicate.
Context:
    (DebugEvaluateCondition) while evaluating predicate
        (InfoReachability) while applying axioms
            (DecidePredicateUnknown) while applying equation defined at ...kframework/builtin/domains.md:1377:8-1377:59
                                     in Kore.Equation.Application:150:81
kore-exec: [2085368] Warning (DecidePredicateUnknown):
    Failed to decide predicate.
Context:
    (DebugEvaluateCondition) while evaluating predicate
        (InfoReachability) while checking the implication
            (DecidePredicateUnknown) while applying equation defined at ...kframework/builtin/domains.md:1377:8-1377:59
                                     in Kore.Equation.Application:150:81
kore-exec: [2125768] Warning (DecidePredicateUnknown):
    Failed to decide predicate.
Context:
    (DebugEvaluateCondition) while evaluating predicate
        (InfoReachability) while checking the implication
            (DecidePredicateUnknown) while applying equation defined at ...kframework/builtin/domains.md:1377:8-1377:59
                                     in Kore.Equation.Application:150:81
kore-exec: [2166404] Warning (DecidePredicateUnknown):
    Failed to decide predicate.
Context:
    (DebugEvaluateCondition) while evaluating predicate
        (InfoReachability) while applying axioms
            (DecidePredicateUnknown) while applying equation defined at ...kframework/builtin/domains.md:1377:8-1377:59
                                     in Kore.Equation.Application:150:81
kore-exec: [2208375] Warning (DecidePredicateUnknown):
    Failed to decide predicate.
Context:
    (DebugEvaluateCondition) while evaluating predicate
        (InfoReachability) while applying axioms
            (DecidePredicateUnknown) while applying equation defined at ...kframework/builtin/domains.md:1377:8-1377:59
                                     in Kore.Equation.Application:150:81
kore-exec: [2264661] Warning (DecidePredicateUnknown):
    Failed to decide predicate.
Context:
    (DebugEvaluateCondition) while evaluating predicate
        (InfoReachability) while checking the implication
            (DecidePredicateUnknown) while applying equation defined at ...kframework/builtin/domains.md:1377:8-1377:59
                                     in Kore.Equation.Application:150:81
kore-exec: [2305591] Warning (DecidePredicateUnknown):
    Failed to decide predicate.
Context:
    (DebugEvaluateCondition) while evaluating predicate
        (InfoReachability) while checking the implication
            (DecidePredicateUnknown) while applying equation defined at ...kframework/builtin/domains.md:1377:8-1377:59
                                     in Kore.Equation.Application:150:81
kore-exec: [2364626] Warning (DecidePredicateUnknown):
    Failed to decide predicate.
Context:
    (DebugEvaluateCondition) while evaluating predicate
        (InfoReachability) while applying axioms
            (DecidePredicateUnknown) while applying equation defined at ...kframework/builtin/domains.md:1377:8-1377:59
                                     in Kore.Equation.Application:150:81
kore-exec: [2408506] Warning (DecidePredicateUnknown):
    Failed to decide predicate.
Context:
    (DebugEvaluateCondition) while evaluating predicate
        (InfoReachability) while applying axioms
            (DecidePredicateUnknown) while applying equation defined at ...kframework/builtin/domains.md:1377:8-1377:59
                                     in Kore.Equation.Application:150:81
kore-exec: [2469129] Warning (DecidePredicateUnknown):
    Failed to decide predicate.
Context:
    (DebugEvaluateCondition) while evaluating predicate
        (InfoReachability) while checking the implication
            (DecidePredicateUnknown) while applying equation defined at ...kframework/builtin/domains.md:1377:8-1377:59
                                     in Kore.Equation.Application:150:81
kore-exec: [2523845] Warning (DecidePredicateUnknown):
    Failed to decide predicate.
Context:
    (DebugEvaluateCondition) while evaluating predicate
        (InfoReachability) while checking the implication
            (DecidePredicateUnknown) while applying equation defined at ...kframework/builtin/domains.md:1377:8-1377:59
                                     in Kore.Equation.Application:150:81
kore-exec: [2565191] Warning (DecidePredicateUnknown):
    Failed to decide predicate.
Context:
    (DebugEvaluateCondition) while evaluating predicate
        (InfoReachability) while applying axioms
            (DecidePredicateUnknown) while applying equation defined at ...kframework/builtin/domains.md:1377:8-1377:59
                                     in Kore.Equation.Application:150:81
kore-exec: [2607566] Warning (DecidePredicateUnknown):
    Failed to decide predicate.
Context:
    (DebugEvaluateCondition) while evaluating predicate
        (InfoReachability) while applying axioms
            (DecidePredicateUnknown) while applying equation defined at ...kframework/builtin/domains.md:1377:8-1377:59
                                     in Kore.Equation.Application:150:81
kore-exec: [2664103] Warning (DecidePredicateUnknown):
    Failed to decide predicate.
Context:
    (DebugEvaluateCondition) while evaluating predicate
        (InfoReachability) while checking the implication
            (DecidePredicateUnknown) while applying equation defined at ...kframework/builtin/domains.md:1377:8-1377:59
                                     in Kore.Equation.Application:150:81
kore-exec: [2706075] Warning (DecidePredicateUnknown):
    Failed to decide predicate.
Context:
    (DebugEvaluateCondition) while evaluating predicate
        (InfoReachability) while checking the implication
            (DecidePredicateUnknown) while applying equation defined at ...kframework/builtin/domains.md:1377:8-1377:59
                                     in Kore.Equation.Application:150:81
kore-exec: [2746999] Warning (DecidePredicateUnknown):
    Failed to decide predicate.
Context:
    (DebugEvaluateCondition) while evaluating predicate
        (InfoReachability) while applying axioms
            (DecidePredicateUnknown) while applying equation defined at ...kframework/builtin/domains.md:1377:8-1377:59
                                     in Kore.Equation.Application:150:81
kore-exec: [2788425] Warning (DecidePredicateUnknown):
    Failed to decide predicate.
Context:
    (DebugEvaluateCondition) while evaluating predicate
        (InfoReachability) while applying axioms
            (DecidePredicateUnknown) while applying equation defined at ...kframework/builtin/domains.md:1377:8-1377:59
                                     in Kore.Equation.Application:150:81
kore-exec: [2849491] Warning (DecidePredicateUnknown):
    Failed to decide predicate.
Context:
    (DebugEvaluateCondition) while evaluating predicate
        (InfoReachability) while checking the implication
            (DecidePredicateUnknown) while applying equation defined at ...kframework/builtin/domains.md:1377:8-1377:59
                                     in Kore.Equation.Application:150:81
kore-exec: [2900612] Warning (DecidePredicateUnknown):
    Failed to decide predicate.
Context:
    (DebugEvaluateCondition) while evaluating predicate
        (InfoReachability) while checking the implication
            (DecidePredicateUnknown) while applying equation defined at ...kframework/builtin/domains.md:1377:8-1377:59
                                     in Kore.Equation.Application:150:81
kore-exec: [2942858] Warning (DecidePredicateUnknown):
    Failed to decide predicate.
Context:
    (DebugEvaluateCondition) while evaluating predicate
        (InfoReachability) while applying axioms
            (DecidePredicateUnknown) while applying equation defined at ...kframework/builtin/domains.md:1377:8-1377:59
                                     in Kore.Equation.Application:150:81
kore-exec: [2984692] Warning (DecidePredicateUnknown):
    Failed to decide predicate.
Context:
    (DebugEvaluateCondition) while evaluating predicate
        (InfoReachability) while applying axioms
            (DecidePredicateUnknown) while applying equation defined at ...kframework/builtin/domains.md:1377:8-1377:59
                                     in Kore.Equation.Application:150:81
kore-exec: [3048259] Warning (DecidePredicateUnknown):
    Failed to decide predicate.
Context:
    (DebugEvaluateCondition) while evaluating predicate
        (InfoReachability) while checking the implication
            (DecidePredicateUnknown) while applying equation defined at ...kframework/builtin/domains.md:1377:8-1377:59
                                     in Kore.Equation.Application:150:81
kore-exec: [3095321] Warning (DecidePredicateUnknown):
    Failed to decide predicate.
Context:
    (DebugEvaluateCondition) while evaluating predicate
        (InfoReachability) while checking the implication
            (DecidePredicateUnknown) while applying equation defined at ...kframework/builtin/domains.md:1377:8-1377:59
                                     in Kore.Equation.Application:150:81
kore-exec: [3136961] Warning (DecidePredicateUnknown):
    Failed to decide predicate.
Context:
    (DebugEvaluateCondition) while evaluating predicate
        (InfoReachability) while applying axioms
            (DecidePredicateUnknown) while applying equation defined at ...kframework/builtin/domains.md:1377:8-1377:59
                                     in Kore.Equation.Application:150:81
kore-exec: [3178395] Warning (DecidePredicateUnknown):
    Failed to decide predicate.
Context:
    (DebugEvaluateCondition) while evaluating predicate
        (InfoReachability) while applying axioms
            (DecidePredicateUnknown) while applying equation defined at ...kframework/builtin/domains.md:1377:8-1377:59
                                     in Kore.Equation.Application:150:81
kore-exec: [3234745] Warning (DecidePredicateUnknown):
    Failed to decide predicate.
Context:
    (DebugEvaluateCondition) while evaluating predicate
        (InfoReachability) while checking the implication
            (DecidePredicateUnknown) while applying equation defined at ...kframework/builtin/domains.md:1377:8-1377:59
                                     in Kore.Equation.Application:150:81
kore-exec: [3275325] Warning (DecidePredicateUnknown):
    Failed to decide predicate.
Context:
    (DebugEvaluateCondition) while evaluating predicate
        (InfoReachability) while checking the implication
            (DecidePredicateUnknown) while applying equation defined at ...kframework/builtin/domains.md:1377:8-1377:59
                                     in Kore.Equation.Application:150:81
kore-exec: [3317269] Warning (DecidePredicateUnknown):
    Fai…10585 tokens truncated…    (InfoReachability) while applying axioms
            (DecidePredicateUnknown) while applying equation defined at ...kframework/builtin/domains.md:1377:8-1377:59
                                     in Kore.Equation.Application:150:81
kore-exec: [8484018] Warning (DecidePredicateUnknown):
    Failed to decide predicate.
Context:
    (DebugEvaluateCondition) while evaluating predicate
        (InfoReachability) while applying axioms
            (DecidePredicateUnknown) while applying equation defined at ...kframework/builtin/domains.md:1377:8-1377:59
                                     in Kore.Equation.Application:150:81
kore-exec: [8542719] Warning (DecidePredicateUnknown):
    Failed to decide predicate.
Context:
    (DebugEvaluateCondition) while evaluating predicate
        (InfoReachability) while checking the implication
            (DecidePredicateUnknown) while applying equation defined at ...kframework/builtin/domains.md:1377:8-1377:59
                                     in Kore.Equation.Application:150:81
kore-exec: [8587697] Warning (DecidePredicateUnknown):
    Failed to decide predicate.
Context:
    (DebugEvaluateCondition) while evaluating predicate
        (InfoReachability) while checking the implication
            (DecidePredicateUnknown) while applying equation defined at ...kframework/builtin/domains.md:1377:8-1377:59
                                     in Kore.Equation.Application:150:81
kore-exec: [8631171] Warning (DecidePredicateUnknown):
    Failed to decide predicate.
Context:
    (DebugEvaluateCondition) while evaluating predicate
        (InfoReachability) while applying axioms
            (DecidePredicateUnknown) while applying equation defined at ...kframework/builtin/domains.md:1377:8-1377:59
                                     in Kore.Equation.Application:150:81
kore-exec: [8673505] Warning (DecidePredicateUnknown):
    Failed to decide predicate.
Context:
    (DebugEvaluateCondition) while evaluating predicate
        (InfoReachability) while applying axioms
            (DecidePredicateUnknown) while applying equation defined at ...kframework/builtin/domains.md:1377:8-1377:59
                                     in Kore.Equation.Application:150:81
kore-exec: [8733102] Warning (DecidePredicateUnknown):
    Failed to decide predicate.
Context:
    (DebugEvaluateCondition) while evaluating predicate
        (InfoReachability) while checking the implication
            (DecidePredicateUnknown) while applying equation defined at ...kframework/builtin/domains.md:1377:8-1377:59
                                     in Kore.Equation.Application:150:81
kore-exec: [8780296] Warning (DecidePredicateUnknown):
    Failed to decide predicate.
Context:
    (DebugEvaluateCondition) while evaluating predicate
        (InfoReachability) while checking the implication
            (DecidePredicateUnknown) while applying equation defined at ...kframework/builtin/domains.md:1377:8-1377:59
                                     in Kore.Equation.Application:150:81
kore-exec: [8823964] Warning (DecidePredicateUnknown):
    Failed to decide predicate.
Context:
    (DebugEvaluateCondition) while evaluating predicate
        (InfoReachability) while applying axioms
            (DecidePredicateUnknown) while applying equation defined at ...kframework/builtin/domains.md:1377:8-1377:59
                                     in Kore.Equation.Application:150:81
kore-exec: [8867187] Warning (DecidePredicateUnknown):
    Failed to decide predicate.
Context:
    (DebugEvaluateCondition) while evaluating predicate
        (InfoReachability) while applying axioms
            (DecidePredicateUnknown) while applying equation defined at ...kframework/builtin/domains.md:1377:8-1377:59
                                     in Kore.Equation.Application:150:81
kore-exec: [8927967] Warning (DecidePredicateUnknown):
    Failed to decide predicate.
Context:
    (DebugEvaluateCondition) while evaluating predicate
        (InfoReachability) while checking the implication
            (DecidePredicateUnknown) while applying equation defined at ...kframework/builtin/domains.md:1377:8-1377:59
                                     in Kore.Equation.Application:150:81
kore-exec: [8970713] Warning (DecidePredicateUnknown):
    Failed to decide predicate.
Context:
    (DebugEvaluateCondition) while evaluating predicate
        (InfoReachability) while checking the implication
            (DecidePredicateUnknown) while applying equation defined at ...kframework/builtin/domains.md:1377:8-1377:59
                                     in Kore.Equation.Application:150:81
kore-exec: [9012798] Warning (DecidePredicateUnknown):
    Failed to decide predicate.
Context:
    (DebugEvaluateCondition) while evaluating predicate
        (InfoReachability) while applying axioms
            (DecidePredicateUnknown) while applying equation defined at ...kframework/builtin/domains.md:1377:8-1377:59
                                     in Kore.Equation.Application:150:81
kore-exec: [9055319] Warning (DecidePredicateUnknown):
    Failed to decide predicate.
Context:
    (DebugEvaluateCondition) while evaluating predicate
        (InfoReachability) while applying axioms
            (DecidePredicateUnknown) while applying equation defined at ...kframework/builtin/domains.md:1377:8-1377:59
                                     in Kore.Equation.Application:150:81
kore-exec: [9110311] Warning (DecidePredicateUnknown):
    Failed to decide predicate.
Context:
    (DebugEvaluateCondition) while evaluating predicate
        (InfoReachability) while simplifying the claim
            (DecidePredicateUnknown) while applying equation defined at ...kframework/builtin/domains.md:1377:8-1377:59
                                     in Kore.Equation.Application:150:81
kore-exec: [9160366] Warning (DecidePredicateUnknown):
    Failed to decide predicate.
Context:
    (DebugEvaluateCondition) while evaluating predicate
        (InfoReachability) while simplifying the claim
            (DecidePredicateUnknown) while applying equation defined at ...kframework/builtin/domains.md:1377:8-1377:59
                                     in Kore.Equation.Application:150:81
kore-exec: [9207085] Warning (DecidePredicateUnknown):
    Failed to decide predicate.
Context:
    (DebugEvaluateCondition) while evaluating predicate
        (InfoReachability) while simplifying the claim
            (DecidePredicateUnknown) while applying equation defined at ...kframework/builtin/domains.md:1377:8-1377:59
                                     in Kore.Equation.Application:150:81
kore-exec: [9252204] Warning (DecidePredicateUnknown):
    Failed to decide predicate.
Context:
    (DebugEvaluateCondition) while evaluating predicate
        (InfoReachability) while simplifying the claim
            (DecidePredicateUnknown) while applying equation defined at ...kframework/builtin/domains.md:1377:8-1377:59
                                     in Kore.Equation.Application:150:81
kore-exec: [9294827] Warning (DecidePredicateUnknown):
    Failed to decide predicate.
Context:
    (DebugEvaluateCondition) while evaluating predicate
        (InfoReachability) while simplifying the claim
            (DecidePredicateUnknown) while applying equation defined at ...kframework/builtin/domains.md:1377:8-1377:59
                                     in Kore.Equation.Application:150:81
kore-exec: [9339748] Warning (DecidePredicateUnknown):
    Failed to decide predicate.
Context:
    (DebugEvaluateCondition) while evaluating predicate
        (InfoReachability) while simplifying the claim
            (DecidePredicateUnknown) while applying equation defined at ...kframework/builtin/domains.md:1377:8-1377:59
                                     in Kore.Equation.Application:150:81
kore-exec: [9385502] Warning (DecidePredicateUnknown):
    Failed to decide predicate.
Context:
    (DebugEvaluateCondition) while evaluating predicate
        (InfoReachability) while simplifying the claim
            (DecidePredicateUnknown) while applying equation defined at ...kframework/builtin/domains.md:1377:8-1377:59
                                     in Kore.Equation.Application:150:81
kore-exec: [9437771] Warning (DecidePredicateUnknown):
    Failed to decide predicate.
Context:
    (DebugEvaluateCondition) while evaluating predicate
        (InfoReachability) while simplifying the claim
            (DecidePredicateUnknown) while applying equation defined at ...kframework/builtin/domains.md:1377:8-1377:59
                                     in Kore.Equation.Application:150:81
kore-exec: [9488906] Warning (DecidePredicateUnknown):
    Failed to decide predicate.
Context:
    (DebugEvaluateCondition) while evaluating predicate
        (InfoReachability) while simplifying the claim
            (DecidePredicateUnknown) while applying equation defined at ...kframework/builtin/domains.md:1377:8-1377:59
                                     in Kore.Equation.Application:150:81
kore-exec: [9541807] Warning (DecidePredicateUnknown):
    Failed to decide predicate.
Context:
    (DebugEvaluateCondition) while evaluating predicate
        (InfoReachability) while simplifying the claim
            (DecidePredicateUnknown) while applying equation defined at ...kframework/builtin/domains.md:1377:8-1377:59
                                     in Kore.Equation.Application:150:81
kore-exec: [9590864] Warning (DecidePredicateUnknown):
    Failed to decide predicate.
Context:
    (DebugEvaluateCondition) while evaluating predicate
        (InfoReachability) while checking the implication
            (DecidePredicateUnknown) while applying equation defined at ...kframework/builtin/domains.md:1377:8-1377:59
                                     in Kore.Equation.Application:150:81
kore-exec: [9659893] Warning (DecidePredicateUnknown):
    Failed to decide predicate.
Context:
    (DebugEvaluateCondition) while evaluating predicate
        (InfoReachability) while checking the implication
            (DecidePredicateUnknown) while applying equation defined at ...kframework/builtin/domains.md:1377:8-1377:59
                                     in Kore.Equation.Application:150:81
kore-exec: [9740333] Warning (DecidePredicateUnknown):
    Failed to decide predicate.
Context:
    (DebugEvaluateCondition) while evaluating predicate
        (InfoReachability) while checking the implication
            (DecidePredicateUnknown) while applying equation defined at ...kframework/builtin/domains.md:1377:8-1377:59
                                     in Kore.Equation.Application:150:81
kore-exec: [9812597] Warning (DecidePredicateUnknown):
    Failed to decide predicate.
Context:
    (DebugEvaluateCondition) while evaluating predicate
        (InfoReachability) while checking the implication
            (DecidePredicateUnknown) while applying equation defined at ...kframework/builtin/domains.md:1377:8-1377:59
                                     in Kore.Equation.Application:150:81
kore-exec: [9882958] Warning (DecidePredicateUnknown):
    Failed to decide predicate.
Context:
    (DebugEvaluateCondition) while evaluating predicate
        (InfoReachability) while applying axioms
            (DecidePredicateUnknown) while applying equation defined at ...kframework/builtin/domains.md:1377:8-1377:59
                                     in Kore.Equation.Application:150:81
kore-exec: [9958075] Warning (DecidePredicateUnknown):
    Failed to decide predicate.
Context:
    (DebugEvaluateCondition) while evaluating predicate
        (InfoReachability) while applying axioms
            (DecidePredicateUnknown) while applying equation defined at ...kframework/builtin/domains.md:1377:8-1377:59
                                     in Kore.Equation.Application:150:81
kore-exec: [10023519] Warning (DecidePredicateUnknown):
    Failed to decide predicate.
Context:
    (DebugEvaluateCondition) while evaluating predicate
        (InfoReachability) while applying axioms
            (DecidePredicateUnknown) while applying equation defined at ...kframework/builtin/domains.md:1377:8-1377:59
                                     in Kore.Equation.Application:150:81
kore-exec: [10069411] Warning (DecidePredicateUnknown):
    Failed to decide predicate.
Context:
    (DebugEvaluateCondition) while evaluating predicate
        (InfoReachability) while applying axioms
            (DecidePredicateUnknown) while applying equation defined at ...kframework/builtin/domains.md:1377:8-1377:59
                                     in Kore.Equation.Application:150:81
kore-exec: [10125366] Warning (DecidePredicateUnknown):
    Failed to decide predicate.
Context:
    (DebugEvaluateCondition) while evaluating predicate
        (InfoReachability) while applying axioms
            (DecidePredicateUnknown) while applying equation defined at ...kframework/builtin/domains.md:1377:8-1377:59
                                     in Kore.Equation.Application:150:81
kore-exec: [10191349] Warning (DecidePredicateUnknown):
    Failed to decide predicate.
Context:
    (DebugEvaluateCondition) while evaluating predicate
        (InfoReachability) while applying axioms
            (DecidePredicateUnknown) while applying equation defined at ...kframework/builtin/domains.md:1377:8-1377:59
                                     in Kore.Equation.Application:150:81
kore-exec: [10257843] Warning (DecidePredicateUnknown):
    Failed to decide predicate.
Context:
    (DebugEvaluateCondition) while evaluating predicate
        (InfoReachability) while applying axioms
            (DecidePredicateUnknown) while applying equation defined at ...kframework/builtin/domains.md:1377:8-1377:59
                                     in Kore.Equation.Application:150:81
kore-exec: [10306756] Warning (DecidePredicateUnknown):
    Failed to decide predicate.
Context:
    (DebugEvaluateCondition) while evaluating predicate
        (InfoReachability) while applying axioms
            (DecidePredicateUnknown) while applying equation defined at ...kframework/builtin/domains.md:1377:8-1377:59
                                     in Kore.Equation.Application:150:81
kore-exec: [10362222] Warning (DecidePredicateUnknown):
    Failed to decide predicate.
Context:
    (DebugEvaluateCondition) while evaluating predicate
        (InfoReachability) while applying axioms
            (DecidePredicateUnknown) while applying equation defined at ...kframework/builtin/domains.md:1377:8-1377:59
                                     in Kore.Equation.Application:150:81
kore-exec: [10405459] Warning (DecidePredicateUnknown):
    Failed to decide predicate.
Context:
    (DebugEvaluateCondition) while evaluating predicate
        (InfoReachability) while applying axioms
            (DecidePredicateUnknown) while applying equation defined at ...kframework/builtin/domains.md:1377:8-1377:59
                                     in Kore.Equation.Application:150:81
kore-exec: [10447343] Warning (DecidePredicateUnknown):
    Failed to decide predicate.
Context:
    (DebugEvaluateCondition) while evaluating predicate
        (InfoReachability) while applying axioms
            (DecidePredicateUnknown) while applying equation defined at ...kframework/builtin/domains.md:1377:8-1377:59
                                     in Kore.Equation.Application:150:81
kore-exec: [10491747] Warning (DecidePredicateUnknown):
    Failed to decide predicate.
Context:
    (DebugEvaluateCondition) while evaluating predicate
        (InfoReachability) while applying axioms
            (DecidePredicateUnknown) while applying equation defined at ...kframework/builtin/domains.md:1377:8-1377:59
                                     in Kore.Equation.Application:150:81
kore-exec: [10548799] Warning (DecidePredicateUnknown):
    Failed to decide predicate.
Context:
    (DebugEvaluateCondition) while evaluating predicate
        (InfoReachability) while checking the implication
            (DecidePredicateUnknown) while applying equation defined at ...kframework/builtin/domains.md:1377:8-1377:59
                                     in Kore.Equation.Application:150:81
kore-exec: [10613650] Warning (DecidePredicateUnknown):
    Failed to decide predicate.
Context:
    (DebugEvaluateCondition) while evaluating predicate
        (InfoReachability) while checking the implication
            (DecidePredicateUnknown) while applying equation defined at ...kframework/builtin/domains.md:1377:8-1377:59
                                     in Kore.Equation.Application:150:81
kore-exec: [10718443] Warning (WarnStuckClaimState):
    The configuration's term doesn't unify with the destination's term and the configuration cannot be rewritten further. Location: /work/spec.k:7:5-24:40
Context:
    (InfoReachability) while checking the implication
  #Ceil ( 2 ^Int N )
#And
  #Not ( {
    P
  #Equals
    0
  } )
#And
  <generatedTop>
    <k>
      ( 2 ^Int N %Int P +Int P ) %Int P ~> .K
    </k>
    <env>
      0
    </env>
    <scopes>
      -1 |-> scope ( "abs" |-> builtinV ( "abs" )
      "all" |-> builtinV ( "all" )
      "any" |-> builtinV ( "any" )
      "bin" |-> builtinV ( "bin" )
      "chr" |-> builtinV ( "chr" )
      "enumerate" |-> builtinV ( "enumerate" )
      "eval" |-> builtinV ( "eval" )
      "float" |-> typeV ( "float" )
      "int" |-> typeV ( "int" )
      "isinstance" |-> builtinV ( "isinstance" )
      "len" |-> builtinV ( "len" )
      "list" |-> builtinV ( "list" )
      "map" |-> builtinV ( "map" )
      "max" |-> builtinV ( "max" )
      "min" |-> builtinV ( "min" )
      "ord" |-> builtinV ( "ord" )
      "range" |-> builtinV ( "range" )
      "round" |-> builtinV ( "round" )
      "set" |-> builtinV ( "set" )
      "sorted" |-> builtinV ( "sorted" )
      "str" |-> typeV ( "str" )
      "sum" |-> builtinV ( "sum" )
      "zip" |-> builtinV ( "zip" ) , root )
      0 |-> scope ( "modp" |-> closureVal ( "n" , "p" , .ParamNames , Expr ( Str ( "Return 2^n modulo p." ) )  Return ( BinOp ( "%" , BinOp ( "**" , Int ( 2 ) , Name ( "n" ) ) , Name ( "p" ) ) )  .Stmts , 0 ) , parent ( -1 ) )
    </scopes>
    <scopeLoc>
      1
    </scopeLoc>
    <heap>
      .Map
    </heap>
    <heapLoc>
      0
    </heapLoc>
    <stack>
      .List
    </stack>
    <ret>
      noRet
    </ret>
    <exc>
      NoExc
    </exc>
    <exit-code>
      0
    </exit-code>
  </generatedTop>
#And
  {
    true
  #Equals
    N >=Int 0
  }
#And
  {
    true
  #Equals
    P >Int 0
  }
[Warning] Compiler: Variable 'As' defined but not used. Prefix variable name
with underscore if this is intentional.
	Source(/work/reference-semantics/semantics/str.k)
	Location(52,27,52,29)
	52 |	  rule strLt(iCons(A:Int, As:IntSeq), iCons(B:Int, Bs:IntSeq)) => true   
      requires A  <Int B
	   .	                          ^~
[Warning] Compiler: Variable 'Bs' defined but not used. Prefix variable name
with underscore if this is intentional.
	Source(/work/reference-semantics/semantics/str.k)
	Location(52,52,52,54)
	52 |	  rule strLt(iCons(A:Int, As:IntSeq), iCons(B:Int, Bs:IntSeq)) => true   
      requires A  <Int B
	   .	                                                   ^~
[Warning] Compiler: Variable 'As' defined but not used. Prefix variable name
with underscore if this is intentional.
	Source(/work/reference-semantics/semantics/str.k)
	Location(53,27,53,29)
	53 |	  rule strLt(iCons(A:Int, As:IntSeq), iCons(B:Int, Bs:IntSeq)) => false  
      requires A  >Int B
	   .	                          ^~
[Warning] Compiler: Variable 'Bs' defined but not used. Prefix variable name
with underscore if this is intentional.
	Source(/work/reference-semantics/semantics/str.k)
	Location(53,52,53,54)
	53 |	  rule strLt(iCons(A:Int, As:IntSeq), iCons(B:Int, Bs:IntSeq)) => false  
      requires A  >Int B
	   .	                                                   ^~
[Error] Prover: backend terminated because the configuration cannot be
rewritten further. See output for more details.

LINE 88 CUSTOM_TOOL apply_patch
*** Begin Patch
*** Update File: /work/spec.k
@@
     <k>
-      #loadAll(modpProgram)
-      ~> Call(Name("modp"), (Int(N), Int(P), .Exprs))
-      => specModp(N, P)
+      ( #loadAll(modpProgram)
+        ~> Call(Name("modp"), (Int(N), Int(P), .Exprs)) )
+      => (specModp(N, P) ~> .K)
*** End Patch

LINE 90 CUSTOM_TOOL_OUTPUT
Exit code: 0
Wall time: 0 seconds
Output:
Success. Updated the following files:
M /work/spec.k

LINE 93 FUNCTION exec_command
{"cmd":"kprove spec.k --definition verification-kompiled --spec-module MODP-SPEC","workdir":"/work","yield_time_ms":30000,"max_output_tokens":30000}
LINE 94 FUNCTION_OUTPUT
Chunk ID: e71247
Wall time: 13.4265 seconds
Process exited with code 1
Original token count: 20588
Output:
Warning: truncated output (original token count: 20588)
Total output lines: 1495

kore-exec: [907398] Warning (DecidePredicateUnknown):
    Failed to decide predicate.
Context:
    (DebugEvaluateCondition) while evaluating predicate
        (InfoReachability) while simplifying the claim
            (DecidePredicateUnknown) while applying equation defined at ...kframework/builtin/domains.md:1377:8-1377:59
                                     in Kore.Equation.Application:150:81
kore-exec: [974638] Warning (DecidePredicateUnknown):
    Failed to decide predicate.
Context:
    (DebugEvaluateCondition) while evaluating predicate
        (InfoReachability) while simplifying the claim
            (DecidePredicateUnknown) while applying equation defined at ...kframework/builtin/domains.md:1377:8-1377:59
                                     in Kore.Equation.Application:150:81
kore-exec: [1023913] Warning (DecidePredicateUnknown):
    Failed to decide predicate.
Context:
    (DebugEvaluateCondition) while evaluating predicate
        (InfoReachability) while simplifying the claim
            (DecidePredicateUnknown) while applying equation defined at ...kframework/builtin/domains.md:1377:8-1377:59
                                     in Kore.Equation.Application:150:81
kore-exec: [1085172] Warning (DecidePredicateUnknown):
    Failed to decide predicate.
Context:
    (DebugEvaluateCondition) while evaluating predicate
        (InfoReachability) while simplifying the claim
            (DecidePredicateUnknown) while applying equation defined at ...kframework/builtin/domains.md:1377:8-1377:59
                                     in Kore.Equation.Application:150:81
kore-exec: [1136288] Warning (DecidePredicateUnknown):
    Failed to decide predicate.
Context:
    (DebugEvaluateCondition) while evaluating predicate
        (InfoReachability) while checking the implication
            (DecidePredicateUnknown) while applying equation defined at ...kframework/builtin/domains.md:1377:8-1377:59
                                     in Kore.Equation.Application:150:81
kore-exec: [1182091] Warning (DecidePredicateUnknown):
    Failed to decide predicate.
Context:
    (DebugEvaluateCondition) while evaluating predicate
        (InfoReachability) while checking the implication
            (DecidePredicateUnknown) while applying equation defined at ...kframework/builtin/domains.md:1377:8-1377:59
                                     in Kore.Equation.Application:150:81
kore-exec: [1233179] Warning (DecidePredicateUnknown):
    Failed to decide predicate.
Context:
    (DebugEvaluateCondition) while evaluating predicate
        (InfoReachability) while applying axioms
            (DecidePredicateUnknown) while applying equation defined at ...kframework/builtin/domains.md:1377:8-1377:59
                                     in Kore.Equation.Application:150:81
kore-exec: [1276710] Warning (DecidePredicateUnknown):
    Failed to decide predicate.
Context:
    (DebugEvaluateCondition) while evaluating predicate
        (InfoReachability) while applying axioms
            (DecidePredicateUnknown) while applying equation defined at ...kframework/builtin/domains.md:1377:8-1377:59
                                     in Kore.Equation.Application:150:81
kore-exec: [1334385] Warning (DecidePredicateUnknown):
    Failed to decide predicate.
Context:
    (DebugEvaluateCondition) while evaluating predicate
        (InfoReachability) while checking the implication
            (DecidePredicateUnknown) while applying equation defined at ...kframework/builtin/domains.md:1377:8-1377:59
                                     in Kore.Equation.Application:150:81
kore-exec: [1395416] Warning (DecidePredicateUnknown):
    Failed to decide predicate.
Context:
    (DebugEvaluateCondition) while evaluating predicate
        (InfoReachability) while checking the implication
            (DecidePredicateUnknown) while applying equation defined at ...kframework/builtin/domains.md:1377:8-1377:59
                                     in Kore.Equation.Application:150:81
kore-exec: [1453997] Warning (DecidePredicateUnknown):
    Failed to decide predicate.
Context:
    (DebugEvaluateCondition) while evaluating predicate
        (InfoReachability) while applying axioms
            (DecidePredicateUnknown) while applying equation defined at ...kframework/builtin/domains.md:1377:8-1377:59
                                     in Kore.Equation.Application:150:81
kore-exec: [1503858] Warning (DecidePredicateUnknown):
    Failed to decide predicate.
Context:
    (DebugEvaluateCondition) while evaluating predicate
        (InfoReachability) while applying axioms
            (DecidePredicateUnknown) while applying equation defined at ...kframework/builtin/domains.md:1377:8-1377:59
                                     in Kore.Equation.Application:150:81
kore-exec: [1563933] Warning (DecidePredicateUnknown):
    Failed to decide predicate.
Context:
    (DebugEvaluateCondition) while evaluating predicate
        (InfoReachability) while checking the implication
            (DecidePredicateUnknown) while applying equation defined at ...kframework/builtin/domains.md:1377:8-1377:59
                                     in Kore.Equation.Application:150:81
kore-exec: [1616725] Warning (DecidePredicateUnknown):
    Failed to decide predicate.
Context:
    (DebugEvaluateCondition) while evaluating predicate
        (InfoReachability) while checking the implication
            (DecidePredicateUnknown) while applying equation defined at ...kframework/builtin/domains.md:1377:8-1377:59
                                     in Kore.Equation.Application:150:81
kore-exec: [1675780] Warning (DecidePredicateUnknown):
    Failed to decide predicate.
Context:
    (DebugEvaluateCondition) while evaluating predicate
        (InfoReachability) while applying axioms
            (DecidePredicateUnknown) while applying equation defined at ...kframework/builtin/domains.md:1377:8-1377:59
                                     in Kore.Equation.Application:150:81
kore-exec: [1720008] Warning (DecidePredicateUnknown):
    Failed to decide predicate.
Context:
    (DebugEvaluateCondition) while evaluating predicate
        (InfoReachability) while applying axioms
            (DecidePredicateUnknown) while applying equation defined at ...kframework/builtin/domains.md:1377:8-1377:59
                                     in Kore.Equation.Application:150:81
kore-exec: [1777402] Warning (DecidePredicateUnknown):
    Failed to decide predicate.
Context:
    (DebugEvaluateCondition) while evaluating predicate
        (InfoReachability) while checking the implication
            (DecidePredicateUnknown) while applying equation defined at ...kframework/builtin/domains.md:1377:8-1377:59
                                     in Kore.Equation.Application:150:81
kore-exec: [1820830] Warning (DecidePredicateUnknown):
    Failed to decide predicate.
Context:
    (DebugEvaluateCondition) while evaluating predicate
        (InfoReachability) while checking the implication
            (DecidePredicateUnknown) while applying equation defined at ...kframework/builtin/domains.md:1377:8-1377:59
                                     in Kore.Equation.Application:150:81
kore-exec: [1863544] Warning (DecidePredicateUnknown):
    Failed to decide predicate.
Context:
    (DebugEvaluateCondition) while evaluating predicate
        (InfoReachability) while applying axioms
            (DecidePredicateUnknown) while applying equation defined at ...kframework/builtin/domains.md:1377:8-1377:59
                                     in Kore.Equation.Application:150:81
kore-exec: [1906981] Warning (DecidePredicateUnknown):
    Failed to decide predicate.
Context:
    (DebugEvaluateCondition) while evaluating predicate
        (InfoReachability) while applying axioms
            (DecidePredicateUnknown) while applying equation defined at ...kframework/builtin/domains.md:1377:8-1377:59
                                     in Kore.Equation.Application:150:81
kore-exec: [1963974] Warning (DecidePredicateUnknown):
    Failed to decide predicate.
Context:
    (DebugEvaluateCondition) while evaluating predicate
        (InfoReachability) while checking the implication
            (DecidePredicateUnknown) while applying equation defined at ...kframework/builtin/domains.md:1377:8-1377:59
                                     in Kore.Equation.Application:150:81
kore-exec: [2013360] Warning (DecidePredicateUnknown):
    Failed to decide predicate.
Context:
    (DebugEvaluateCondition) while evaluating predicate
        (InfoReachability) while checking the implication
            (DecidePredicateUnknown) while applying equation defined at ...kframework/builtin/domains.md:1377:8-1377:59
                                     in Kore.Equation.Application:150:81
kore-exec: [2067608] Warning (DecidePredicateUnknown):
    Failed to decide predicate.
Context:
    (DebugEvaluateCondition) while evaluating predicate
        (InfoReachability) while applying axioms
            (DecidePredicateUnknown) while applying equation defined at ...kframework/builtin/domains.md:1377:8-1377:59
                                     in Kore.Equation.Application:150:81
kore-exec: [2133394] Warning (DecidePredicateUnknown):
    Failed to decide predicate.
Context:
    (DebugEvaluateCondition) while evaluating predicate
        (InfoReachability) while applying axioms
            (DecidePredicateUnknown) while applying equation defined at ...kframework/builtin/domains.md:1377:8-1377:59
                                     in Kore.Equation.Application:150:81
kore-exec: [2193953] Warning (DecidePredicateUnknown):
    Failed to decide predicate.
Context:
    (DebugEvaluateCondition) while evaluating predicate
        (InfoReachability) while checking the implication
            (DecidePredicateUnknown) while applying equation defined at ...kframework/builtin/domains.md:1377:8-1377:59
                                     in Kore.Equation.Application:150:81
kore-exec: [2254961] Warning (DecidePredicateUnknown):
    Failed to decide predicate.
Context:
    (DebugEvaluateCondition) while evaluating predicate
        (InfoReachability) while checking the implication
            (DecidePredicateUnknown) while applying equation defined at ...kframework/builtin/domains.md:1377:8-1377:59
                                     in Kore.Equation.Application:150:81
kore-exec: [2303821] Warning (DecidePredicateUnknown):
    Failed to decide predicate.
Context:
    (DebugEvaluateCondition) while evaluating predicate
        (InfoReachability) while applying axioms
            (DecidePredicateUnknown) while applying equation defined at ...kframework/builtin/domains.md:1377:8-1377:59
                                     in Kore.Equation.Application:150:81
kore-exec: [2368811] Warning (DecidePredicateUnknown):
    Failed to decide predicate.
Context:
    (DebugEvaluateCondition) while evaluating predicate
        (InfoReachability) while applying axioms
            (DecidePredicateUnknown) while applying equation defined at ...kframework/builtin/domains.md:1377:8-1377:59
                                     in Kore.Equation.Application:150:81
kore-exec: [2439648] Warning (DecidePredicateUnknown):
    Failed to decide predicate.
Context:
    (DebugEvaluateCondition) while evaluating predicate
        (InfoReachability) while checking the implication
            (DecidePredicateUnknown) while applying equation defined at ...kframework/builtin/domains.md:1377:8-1377:59
                                     in Kore.Equation.Application:150:81
kore-exec: [2499129] Warning (DecidePredicateUnknown):
    Failed to decide predicate.
Context:
    (DebugEvaluateCondition) while evaluating predicate
        (InfoReachability) while checking the implication
            (DecidePredicateUnknown) while applying equation defined at ...kframework/builtin/domains.md:1377:8-1377:59
                                     in Kore.Equation.Application:150:81
kore-exec: [2544851] Warning (DecidePredicateUnknown):
    Failed to decide predicate.
Context:
    (DebugEvaluateCondition) while evaluating predicate
        (InfoReachability) while applying axioms
            (DecidePredicateUnknown) while applying equation defined at ...kframework/builtin/domains.md:1377:8-1377:59
                                     in Kore.Equation.Application:150:81
kore-exec: [2589889] Warning (DecidePredicateUnknown):
    Failed to decide predicate.
Context:
    (DebugEvaluateCondition) while evaluating predicate
        (InfoReachability) while applying axioms
            (DecidePredicateUnknown) while applying equation defined at ...kframework/builtin/domains.md:1377:8-1377:59
                                     in Kore.Equation.Application:150:81
kore-exec: [2649711] Warning (DecidePredicateUnknown):
    Failed to decide predicate.
Context:
    (DebugEvaluateCondition) while evaluating predicate
        (InfoReachability) while checking the implication
            (DecidePredicateUnknown) while applying equation defined at ...kframework/builtin/domains.md:1377:8-1377:59
                                     in Kore.Equation.Application:150:81
kore-exec: [2692652] Warning (DecidePredicateUnknown):
    Failed to decide predicate.
Context:
    (DebugEvaluateCondition) while evaluating predicate
        (InfoReachability) while checking the implication
            (DecidePredicateUnknown) while applying equation defined at ...kframework/builtin/domains.md:1377:8-1377:59
                                     in Kore.Equation.Application:150:81
kore-exec: [2735557] Warning (DecidePredicateUnknown):
    Failed to decide predicate.
Context:
    (DebugEvaluateCondition) while evaluating predicate
        (InfoReachability) while applying axioms
            (DecidePredicateUnknown) while applying equation defined at ...kframework/builtin/domains.md:1377:8-1377:59
                                     in Kore.Equation.Application:150:81
kore-exec: [2779122] Warning (DecidePredicateUnknown):
    Failed to decide predicate.
Context:
    (DebugEvaluateCondition) while evaluating predicate
        (InfoReachability) while applying axioms
            (DecidePredicateUnknown) while applying equation defined at ...kframework/builtin/domains.md:1377:8-1377:59
                                     in Kore.Equation.Application:150:81
kore-exec: [2837275] Warning (DecidePredicateUnknown):
    Failed to decide predicate.
Context:
    (DebugEvaluateCondition) while evaluating predicate
        (InfoReachability) while checking the implication
            (DecidePredicateUnknown) while applying equation defined at ...kframework/builtin/domains.md:1377:8-1377:59
                                     in Kore.Equation.Application:150:81
kore-exec: [2882165] Warning (DecidePredicateUnknown):
    Failed to decide predicate.
Context:
    (DebugEvaluateCondition) while evaluating predicate
        (InfoReachability) while checking the implication
            (DecidePredicateUnknown) while applying equation defined at ...kframework/builtin/domains.md:1377:8-1377:59
                                     in Kore.Equation.Application:150:81
kore-exec: [2950105] Warning (DecidePredicateUnknown):
    Failed to decide predicate.
Context:
    (DebugEvaluateCondition) while evaluating predicate
        (InfoReachability) while applying axioms
            (DecidePredicateUnknown) while applying equation defined at ...kframework/builtin/domains.md:1377:8-1377:59
                                     in Kore.Equation.Application:150:81
kore-exec: [2996598] Warning (DecidePredicateUnknown):
    Failed to decide predicate.
Context:
    (DebugEvaluateCondition) while evaluating predicate
        (InfoReachability) while applying axioms
            (DecidePredicateUnknown) while applying equation defined at ...kframework/builtin/domains.md:1377:8-1377:59
                                     in Kore.Equation.Application:150:81
kore-exec: [3060671] Warning (DecidePredicateUnknown):
    Failed to decide predicate.
Context:
    (DebugEvaluateCondition) while evaluating predicate
        (InfoReachability) while checking the implication
            (DecidePredicateUnknown) while applying equation defined at ...kframework/builtin/domains.md:1377:8-1377:59
                                     in Kore.Equation.Application:150:81
kore-exec: [3118154] Warning (DecidePredicateUnknown):
    Failed to decide predicate.
Context:
    (DebugEvaluateCondition) while evaluating predicate
        (InfoReachability) while checking the implication
            (DecidePredicateUnknown) while applying equation defined at ...kframework/builtin/domains.md:1377:8-1377:59
                                     in Kore.Equation.Application:150:81
kore-exec: [3164407] Warning (DecidePredicateUnknown):
    Failed to decide predicate.
Context:
    (DebugEvaluateCondition) while evaluating predicate
        (InfoReachability) while applying axioms
            (DecidePredicateUnknown) while applying equation defined at ...kframework/builtin/domains.md:1377:8-1377:59
                                     in Kore.Equation.Application:150:81
kore-exec: [3208588] Warning (DecidePredicateUnknown):
    Failed to decide predicate.
Context:
    (DebugEvaluateCondition) while evaluating predicate
        (InfoReachability) while applying axioms
            (DecidePredicateUnknown) while applying equation defined at ...kframework/builtin/domains.md:1377:8-1377:59
                                     in Kore.Equation.Application:150:81
kore-exec: [3268251] Warning (DecidePredicateUnknown):
    Failed to decide predicate.
Context:
    (DebugEvaluateCondition) while evaluating predicate
        (InfoReachability) while checking the implication
            (DecidePredicateUnknown) while applying equation defined at ...kframework/builtin/domains.md:1377:8-1377:59
                                     in Kore.Equation.Application:150:81
kore-exec: [3311874] Warning (DecidePredicateUnknown):
    Failed to decide predicate.
Context:
    (DebugEvaluateCondition) while evaluating predicate
        (InfoReachability) while checking the implication
            (DecidePredicateUnknown) while applying equation defined at ...kframework/builtin/domains.md:1377:8-1377:59
                                     in Kore.Equation.Application:150:81
kore-exec: [3366841] Warning (DecidePredicateUnknown):
    Failed to decide predicate.
Context:
    (DebugEvaluateCondition) while evaluating predicate
        (InfoReachability) while applying axioms
            (DecidePredicateUnknown) while applying equation defined at ...kframework/builtin/domains.md:1377:8-1377:59
                                     in Kore.Equation.Application:150:81
kore-exec: [3422625] Warning (DecidePredicateUnknown):
    Failed to decide predicate.
Context:
    (DebugEvaluateCondition) while evaluating predicate
        (InfoReachability) while applying axioms
            (DecidePredicateUnknown) while applying equation defined at ...kframework/builtin/domains.md:1377:8-1377:59
                                     in Kore.Equation.Application:150:81
kore-exec: [3481597] Warning (DecidePredicateUnknown):
    Failed to decide predicate.
Context:
    (DebugEvaluateCondition) while evaluating predicate
        (InfoReachability) while checking the implication
            (DecidePredicateUnknown) while applying equation defined at ...kframework/builtin/domains.md:1377:8-1377:59
                                     in Kore.Equation.Application:150:81
kore-exec: [3525978] Warning (DecidePredicateUnknown):
    Failed to decide predicate.
Context:
    (DebugEvaluateCondition) while evaluating predicate
        (InfoReachability) while checking the implication
            (DecidePredicateUnknown) while applying equation defined at ...kframework/builtin/domains.md:1377:8-1377:59
                                     in Kore.Equation.Application:150:81
kore-exec: [3570271] Warning (DecidePredicateUnknown):
    Fai…10588 tokens truncated…ability) while applying axioms
            (DecidePredicateUnknown) while applying equation defined at ...kframework/builtin/domains.md:1377:8-1377:59
                                     in Kore.Equation.Application:150:81
kore-exec: [9259768] Warning (DecidePredicateUnknown):
    Failed to decide predicate.
Context:
    (DebugEvaluateCondition) while evaluating predicate
        (InfoReachability) while applying axioms
            (DecidePredicateUnknown) while applying equation defined at ...kframework/builtin/domains.md:1377:8-1377:59
                                     in Kore.Equation.Application:150:81
kore-exec: [9319164] Warning (DecidePredicateUnknown):
    Failed to decide predicate.
Context:
    (DebugEvaluateCondition) while evaluating predicate
        (InfoReachability) while checking the implication
            (DecidePredicateUnknown) while applying equation defined at ...kframework/builtin/domains.md:1377:8-1377:59
                                     in Kore.Equation.Application:150:81
kore-exec: [9363672] Warning (DecidePredicateUnknown):
    Failed to decide predicate.
Context:
    (DebugEvaluateCondition) while evaluating predicate
        (InfoReachability) while checking the implication
            (DecidePredicateUnknown) while applying equation defined at ...kframework/builtin/domains.md:1377:8-1377:59
                                     in Kore.Equation.Application:150:81
kore-exec: [9408637] Warning (DecidePredicateUnknown):
    Failed to decide predicate.
Context:
    (DebugEvaluateCondition) while evaluating predicate
        (InfoReachability) while applying axioms
            (DecidePredicateUnknown) while applying equation defined at ...kframework/builtin/domains.md:1377:8-1377:59
                                     in Kore.Equation.Application:150:81
kore-exec: [9453454] Warning (DecidePredicateUnknown):
    Failed to decide predicate.
Context:
    (DebugEvaluateCondition) while evaluating predicate
        (InfoReachability) while applying axioms
            (DecidePredicateUnknown) while applying equation defined at ...kframework/builtin/domains.md:1377:8-1377:59
                                     in Kore.Equation.Application:150:81
kore-exec: [9523609] Warning (DecidePredicateUnknown):
    Failed to decide predicate.
Context:
    (DebugEvaluateCondition) while evaluating predicate
        (InfoReachability) while checking the implication
            (DecidePredicateUnknown) while applying equation defined at ...kframework/builtin/domains.md:1377:8-1377:59
                                     in Kore.Equation.Application:150:81
kore-exec: [9572210] Warning (DecidePredicateUnknown):
    Failed to decide predicate.
Context:
    (DebugEvaluateCondition) while evaluating predicate
        (InfoReachability) while checking the implication
            (DecidePredicateUnknown) while applying equation defined at ...kframework/builtin/domains.md:1377:8-1377:59
                                     in Kore.Equation.Application:150:81
kore-exec: [9621518] Warning (DecidePredicateUnknown):
    Failed to decide predicate.
Context:
    (DebugEvaluateCondition) while evaluating predicate
        (InfoReachability) while applying axioms
            (DecidePredicateUnknown) while applying equation defined at ...kframework/builtin/domains.md:1377:8-1377:59
                                     in Kore.Equation.Application:150:81
kore-exec: [9669870] Warning (DecidePredicateUnknown):
    Failed to decide predicate.
Context:
    (DebugEvaluateCondition) while evaluating predicate
        (InfoReachability) while applying axioms
            (DecidePredicateUnknown) while applying equation defined at ...kframework/builtin/domains.md:1377:8-1377:59
                                     in Kore.Equation.Application:150:81
kore-exec: [9728145] Warning (DecidePredicateUnknown):
    Failed to decide predicate.
Context:
    (DebugEvaluateCondition) while evaluating predicate
        (InfoReachability) while checking the implication
            (DecidePredicateUnknown) while applying equation defined at ...kframework/builtin/domains.md:1377:8-1377:59
                                     in Kore.Equation.Application:150:81
kore-exec: [9771093] Warning (DecidePredicateUnknown):
    Failed to decide predicate.
Context:
    (DebugEvaluateCondition) while evaluating predicate
        (InfoReachability) while checking the implication
            (DecidePredicateUnknown) while applying equation defined at ...kframework/builtin/domains.md:1377:8-1377:59
                                     in Kore.Equation.Application:150:81
kore-exec: [9814379] Warning (DecidePredicateUnknown):
    Failed to decide predicate.
Context:
    (DebugEvaluateCondition) while evaluating predicate
        (InfoReachability) while applying axioms
            (DecidePredicateUnknown) while applying equation defined at ...kframework/builtin/domains.md:1377:8-1377:59
                                     in Kore.Equation.Application:150:81
kore-exec: [9858476] Warning (DecidePredicateUnknown):
    Failed to decide predicate.
Context:
    (DebugEvaluateCondition) while evaluating predicate
        (InfoReachability) while applying axioms
            (DecidePredicateUnknown) while applying equation defined at ...kframework/builtin/domains.md:1377:8-1377:59
                                     in Kore.Equation.Application:150:81
kore-exec: [9912392] Warning (DecidePredicateUnknown):
    Failed to decide predicate.
Context:
    (DebugEvaluateCondition) while evaluating predicate
        (InfoReachability) while simplifying the claim
            (DecidePredicateUnknown) while applying equation defined at ...kframework/builtin/domains.md:1377:8-1377:59
                                     in Kore.Equation.Application:150:81
kore-exec: [9958971] Warning (DecidePredicateUnknown):
    Failed to decide predicate.
Context:
    (DebugEvaluateCondition) while evaluating predicate
        (InfoReachability) while simplifying the claim
            (DecidePredicateUnknown) while applying equation defined at ...kframework/builtin/domains.md:1377:8-1377:59
                                     in Kore.Equation.Application:150:81
kore-exec: [10002796] Warning (DecidePredicateUnknown):
    Failed to decide predicate.
Context:
    (DebugEvaluateCondition) while evaluating predicate
        (InfoReachability) while simplifying the claim
            (DecidePredicateUnknown) while applying equation defined at ...kframework/builtin/domains.md:1377:8-1377:59
                                     in Kore.Equation.Application:150:81
kore-exec: [10048816] Warning (DecidePredicateUnknown):
    Failed to decide predicate.
Context:
    (DebugEvaluateCondition) while evaluating predicate
        (InfoReachability) while simplifying the claim
            (DecidePredicateUnknown) while applying equation defined at ...kframework/builtin/domains.md:1377:8-1377:59
                                     in Kore.Equation.Application:150:81
kore-exec: [10096187] Warning (DecidePredicateUnknown):
    Failed to decide predicate.
Context:
    (DebugEvaluateCondition) while evaluating predicate
        (InfoReachability) while simplifying the claim
            (DecidePredicateUnknown) while applying equation defined at ...kframework/builtin/domains.md:1377:8-1377:59
                                     in Kore.Equation.Application:150:81
kore-exec: [10141462] Warning (DecidePredicateUnknown):
    Failed to decide predicate.
Context:
    (DebugEvaluateCondition) while evaluating predicate
        (InfoReachability) while simplifying the claim
            (DecidePredicateUnknown) while applying equation defined at ...kframework/builtin/domains.md:1377:8-1377:59
                                     in Kore.Equation.Application:150:81
kore-exec: [10183642] Warning (DecidePredicateUnknown):
    Failed to decide predicate.
Context:
    (DebugEvaluateCondition) while evaluating predicate
        (InfoReachability) while simplifying the claim
            (DecidePredicateUnknown) while applying equation defined at ...kframework/builtin/domains.md:1377:8-1377:59
                                     in Kore.Equation.Application:150:81
kore-exec: [10230366] Warning (DecidePredicateUnknown):
    Failed to decide predicate.
Context:
    (DebugEvaluateCondition) while evaluating predicate
        (InfoReachability) while simplifying the claim
            (DecidePredicateUnknown) while applying equation defined at ...kframework/builtin/domains.md:1377:8-1377:59
                                     in Kore.Equation.Application:150:81
kore-exec: [10278210] Warning (DecidePredicateUnknown):
    Failed to decide predicate.
Context:
    (DebugEvaluateCondition) while evaluating predicate
        (InfoReachability) while simplifying the claim
            (DecidePredicateUnknown) while applying equation defined at ...kframework/builtin/domains.md:1377:8-1377:59
                                     in Kore.Equation.Application:150:81
kore-exec: [10321794] Warning (DecidePredicateUnknown):
    Failed to decide predicate.
Context:
    (DebugEvaluateCondition) while evaluating predicate
        (InfoReachability) while simplifying the claim
            (DecidePredicateUnknown) while applying equation defined at ...kframework/builtin/domains.md:1377:8-1377:59
                                     in Kore.Equation.Application:150:81
kore-exec: [10364216] Warning (DecidePredicateUnknown):
    Failed to decide predicate.
Context:
    (DebugEvaluateCondition) while evaluating predicate
        (InfoReachability) while checking the implication
            (DecidePredicateUnknown) while applying equation defined at ...kframework/builtin/domains.md:1377:8-1377:59
                                     in Kore.Equation.Application:150:81
kore-exec: [10415669] Warning (DecidePredicateUnknown):
    Failed to decide predicate.
Context:
    (DebugEvaluateCondition) while evaluating predicate
        (InfoReachability) while checking the implication
            (DecidePredicateUnknown) while applying equation defined at ...kframework/builtin/domains.md:1377:8-1377:59
                                     in Kore.Equation.Application:150:81
kore-exec: [10458303] Warning (DecidePredicateUnknown):
    Failed to decide predicate.
Context:
    (DebugEvaluateCondition) while evaluating predicate
        (InfoReachability) while checking the implication
            (DecidePredicateUnknown) while applying equation defined at ...kframework/builtin/domains.md:1377:8-1377:59
                                     in Kore.Equation.Application:150:81
kore-exec: [10503800] Warning (DecidePredicateUnknown):
    Failed to decide predicate.
Context:
    (DebugEvaluateCondition) while evaluating predicate
        (InfoReachability) while checking the implication
            (DecidePredicateUnknown) while applying equation defined at ...kframework/builtin/domains.md:1377:8-1377:59
                                     in Kore.Equation.Application:150:81
kore-exec: [10553673] Warning (DecidePredicateUnknown):
    Failed to decide predicate.
Context:
    (DebugEvaluateCondition) while evaluating predicate
        (InfoReachability) while applying axioms
            (DecidePredicateUnknown) while applying equation defined at ...kframework/builtin/domains.md:1377:8-1377:59
                                     in Kore.Equation.Application:150:81
kore-exec: [10601961] Warning (DecidePredicateUnknown):
    Failed to decide predicate.
Context:
    (DebugEvaluateCondition) while evaluating predicate
        (InfoReachability) while applying axioms
            (DecidePredicateUnknown) while applying equation defined at ...kframework/builtin/domains.md:1377:8-1377:59
                                     in Kore.Equation.Application:150:81
kore-exec: [10645626] Warning (DecidePredicateUnknown):
    Failed to decide predicate.
Context:
    (DebugEvaluateCondition) while evaluating predicate
        (InfoReachability) while applying axioms
            (DecidePredicateUnknown) while applying equation defined at ...kframework/builtin/domains.md:1377:8-1377:59
                                     in Kore.Equation.Application:150:81
kore-exec: [10691652] Warning (DecidePredicateUnknown):
    Failed to decide predicate.
Context:
    (DebugEvaluateCondition) while evaluating predicate
        (InfoReachability) while applying axioms
            (DecidePredicateUnknown) while applying equation defined at ...kframework/builtin/domains.md:1377:8-1377:59
                                     in Kore.Equation.Application:150:81
kore-exec: [10739096] Warning (DecidePredicateUnknown):
    Failed to decide predicate.
Context:
    (DebugEvaluateCondition) while evaluating predicate
        (InfoReachability) while applying axioms
            (DecidePredicateUnknown) while applying equation defined at ...kframework/builtin/domains.md:1377:8-1377:59
                                     in Kore.Equation.Application:150:81
kore-exec: [10781866] Warning (DecidePredicateUnknown):
    Failed to decide predicate.
Context:
    (DebugEvaluateCondition) while evaluating predicate
        (InfoReachability) while applying axioms
            (DecidePredicateUnknown) while applying equation defined at ...kframework/builtin/domains.md:1377:8-1377:59
                                     in Kore.Equation.Application:150:81
kore-exec: [10827759] Warning (DecidePredicateUnknown):
    Failed to decide predicate.
Context:
    (DebugEvaluateCondition) while evaluating predicate
        (InfoReachability) while applying axioms
            (DecidePredicateUnknown) while applying equation defined at ...kframework/builtin/domains.md:1377:8-1377:59
                                     in Kore.Equation.Application:150:81
kore-exec: [10880053] Warning (DecidePredicateUnknown):
    Failed to decide predicate.
Context:
    (DebugEvaluateCondition) while evaluating predicate
        (InfoReachability) while applying axioms
            (DecidePredicateUnknown) while applying equation defined at ...kframework/builtin/domains.md:1377:8-1377:59
                                     in Kore.Equation.Application:150:81
kore-exec: [10930766] Warning (DecidePredicateUnknown):
    Failed to decide predicate.
Context:
    (DebugEvaluateCondition) while evaluating predicate
        (InfoReachability) while applying axioms
            (DecidePredicateUnknown) while applying equation defined at ...kframework/builtin/domains.md:1377:8-1377:59
                                     in Kore.Equation.Application:150:81
kore-exec: [10976474] Warning (DecidePredicateUnknown):
    Failed to decide predicate.
Context:
    (DebugEvaluateCondition) while evaluating predicate
        (InfoReachability) while applying axioms
            (DecidePredicateUnknown) while applying equation defined at ...kframework/builtin/domains.md:1377:8-1377:59
                                     in Kore.Equation.Application:150:81
kore-exec: [11018446] Warning (DecidePredicateUnknown):
    Failed to decide predicate.
Context:
    (DebugEvaluateCondition) while evaluating predicate
        (InfoReachability) while applying axioms
            (DecidePredicateUnknown) while applying equation defined at ...kframework/builtin/domains.md:1377:8-1377:59
                                     in Kore.Equation.Application:150:81
kore-exec: [11063647] Warning (DecidePredicateUnknown):
    Failed to decide predicate.
Context:
    (DebugEvaluateCondition) while evaluating predicate
        (InfoReachability) while applying axioms
            (DecidePredicateUnknown) while applying equation defined at ...kframework/builtin/domains.md:1377:8-1377:59
                                     in Kore.Equation.Application:150:81
kore-exec: [11120176] Warning (DecidePredicateUnknown):
    Failed to decide predicate.
Context:
    (DebugEvaluateCondition) while evaluating predicate
        (InfoReachability) while checking the implication
            (DecidePredicateUnknown) while applying equation defined at ...kframework/builtin/domains.md:1377:8-1377:59
                                     in Kore.Equation.Application:150:81
kore-exec: [11167422] Warning (DecidePredicateUnknown):
    Failed to decide predicate.
Context:
    (DebugEvaluateCondition) while evaluating predicate
        (InfoReachability) while checking the implication
            (DecidePredicateUnknown) while applying equation defined at ...kframework/builtin/domains.md:1377:8-1377:59
                                     in Kore.Equation.Application:150:81
kore-exec: [11245476] Warning (WarnStuckClaimState):
    The configuration's term doesn't unify with the destination's term and the configuration cannot be rewritten further. Location: /work/spec.k:7:5-24:40
Context:
    (InfoReachability) while checking the implication
  #Ceil ( 2 ^Int N )
#And
  #Not ( {
    P
  #Equals
    0
  } )
#And
  <generatedTop>
    <k>
      ( 2 ^Int N %Int P +Int P ) %Int P ~> .K
    </k>
    <env>
      0
    </env>
    <scopes>
      -1 |-> scope ( "abs" |-> builtinV ( "abs" )
      "all" |-> builtinV ( "all" )
      "any" |-> builtinV ( "any" )
      "bin" |-> builtinV ( "bin" )
      "chr" |-> builtinV ( "chr" )
      "enumerate" |-> builtinV ( "enumerate" )
      "eval" |-> builtinV ( "eval" )
      "float" |-> typeV ( "float" )
      "int" |-> typeV ( "int" )
      "isinstance" |-> builtinV ( "isinstance" )
      "len" |-> builtinV ( "len" )
      "list" |-> builtinV ( "list" )
      "map" |-> builtinV ( "map" )
      "max" |-> builtinV ( "max" )
      "min" |-> builtinV ( "min" )
      "ord" |-> builtinV ( "ord" )
      "range" |-> builtinV ( "range" )
      "round" |-> builtinV ( "round" )
      "set" |-> builtinV ( "set" )
      "sorted" |-> builtinV ( "sorted" )
      "str" |-> typeV ( "str" )
      "sum" |-> builtinV ( "sum" )
      "zip" |-> builtinV ( "zip" ) , root )
      0 |-> scope ( "modp" |-> closureVal ( "n" , "p" , .ParamNames , Expr ( Str ( "Return 2^n modulo p." ) )  Return ( BinOp ( "%" , BinOp ( "**" , Int ( 2 ) , Name ( "n" ) ) , Name ( "p" ) ) )  .Stmts , 0 ) , parent ( -1 ) )
    </scopes>
    <scopeLoc>
      1
    </scopeLoc>
    <heap>
      .Map
    </heap>
    <heapLoc>
      0
    </heapLoc>
    <stack>
      .List
    </stack>
    <ret>
      noRet
    </ret>
    <exc>
      NoExc
    </exc>
    <exit-code>
      0
    </exit-code>
  </generatedTop>
#And
  {
    true
  #Equals
    N >=Int 0
  }
#And
  {
    true
  #Equals
    P >Int 0
  }
[Warning] Compiler: Variable 'As' defined but not used. Prefix variable name
with underscore if this is intentional.
	Source(/work/reference-semantics/semantics/str.k)
	Location(52,27,52,29)
	52 |	  rule strLt(iCons(A:Int, As:IntSeq), iCons(B:Int, Bs:IntSeq)) => true   
      requires A  <Int B
	   .	                          ^~
[Warning] Compiler: Variable 'Bs' defined but not used. Prefix variable name
with underscore if this is intentional.
	Source(/work/reference-semantics/semantics/str.k)
	Location(52,52,52,54)
	52 |	  rule strLt(iCons(A:Int, As:IntSeq), iCons(B:Int, Bs:IntSeq)) => true   
      requires A  <Int B
	   .	                                                   ^~
[Warning] Compiler: Variable 'As' defined but not used. Prefix variable name
with underscore if this is intentional.
	Source(/work/reference-semantics/semantics/str.k)
	Location(53,27,53,29)
	53 |	  rule strLt(iCons(A:Int, As:IntSeq), iCons(B:Int, Bs:IntSeq)) => false  
      requires A  >Int B
	   .	                          ^~
[Warning] Compiler: Variable 'Bs' defined but not used. Prefix variable name
with underscore if this is intentional.
	Source(/work/reference-semantics/semantics/str.k)
	Location(53,52,53,54)
	53 |	  rule strLt(iCons(A:Int, As:IntSeq), iCons(B:Int, Bs:IntSeq)) => false  
      requires A  >Int B
	   .	                                                   ^~
[Error] Prover: backend terminated because the configuration cannot be
rewritten further. See output for more details.

LINE 97 CUSTOM_TOOL apply_patch
*** Begin Patch
*** Update File: /work/spec.k
@@
-      => (specModp(N, P) ~> .K)
+      => (((2 ^Int N) %Int P +Int P) %Int P ~> .K)
*** End Patch

LINE 99 CUSTOM_TOOL_OUTPUT
Exit code: 0
Wall time: 0 seconds
Output:
Success. Updated the following files:
M /work/spec.k

LINE 102 FUNCTION exec_command
{"cmd":"kprove spec.k --definition verification-kompiled --spec-module MODP-SPEC","workdir":"/work","yield_time_ms":30000,"max_output_tokens":5000}
LINE 103 FUNCTION_OUTPUT
Chunk ID: c4db96
Wall time: 13.3249 seconds
Process exited with code 1
Original token count: 20588
Output:
Warning: truncated output (original token count: 20588)
Total output lines: 1495

kore-exec: [915767] Warning (DecidePredicateUnknown):
    Failed to decide predicate.
Context:
    (DebugEvaluateCondition) while evaluating predicate
        (InfoReachability) while simplifying the claim
            (DecidePredicateUnknown) while applying equation defined at ...kframework/builtin/domains.md:1377:8-1377:59
                                     in Kore.Equation.Application:150:81
kore-exec: [965656] Warning (DecidePredicateUnknown):
    Failed to decide predicate.
Context:
    (DebugEvaluateCondition) while evaluating predicate
        (InfoReachability) while simplifying the claim
            (DecidePredicateUnknown) while applying equation defined at ...kframework/builtin/domains.md:1377:8-1377:59
                                     in Kore.Equation.Application:150:81
kore-exec: [1019914] Warning (DecidePredicateUnknown):
    Failed to decide predicate.
Context:
    (DebugEvaluateCondition) while evaluating predicate
        (InfoReachability) while simplifying the claim
            (DecidePredicateUnknown) while applying equation defined at ...kframework/builtin/domains.md:1377:8-1377:59
                                     in Kore.Equation.Application:150:81
kore-exec: [1075096] Warning (DecidePredicateUnknown):
    Failed to decide predicate.
Context:
    (DebugEvaluateCondition) while evaluating predicate
        (InfoReachability) while simplifying the claim
            (DecidePredicateUnknown) while applying equation defined at ...kframework/builtin/domains.md:1377:8-1377:59
                                     in Kore.Equation.Application:150:81
kore-exec: [1132366] Warning (DecidePredicateUnknown):
    Failed to decide predicate.
Context:
    (DebugEvaluateCondition) while evaluating predicate
        (InfoReachability) while checking the implication
            (DecidePredicateUnknown) while applying equation defined at ...kframework/builtin/domains.md:1377:8-1377:59
                                     in Kore.Equation.Application:150:81
kore-exec: [1181541] Warning (DecidePredicateUnknown):
    Failed to decide predicate.
Context:
    (DebugEvaluateCondition) while evaluating predicate
        (InfoReachability) while checking the implication
            (DecidePredicateUnknown) while applying equation defined at ...kframework/builtin/domains.md:1377:8-1377:59
                                     in Kore.Equation.Application:150:81
kore-exec: [1224369] Warning (DecidePredicateUnknown):
    Failed to decide predicate.
Context:
    (DebugEvaluateCondition) while evaluating predicate
        (InfoReachability) while applying axioms
            (DecidePredicateUnknown) while applying equation defined at ...kframework/builtin/domains.md:1377:8-1377:59
                                     in Kore.Equation.Application:150:81
kore-exec: [1267121] Warning (DecidePredicateUnknown):
    Failed to decide predicate.
Context:
    (DebugEvaluateCondition) while evaluating predicate
        (InfoReachability) while applying axioms
            (DecidePredicateUnknown) while applying equation defined at ...kframework/builtin/domains.md:1377:8-1377:59
                                     in Kore.Equation.Application:150:81
kore-exec: [1325467] Warning (DecidePredicateUnknown):
    Failed to decide predicate.
Context:
    (DebugEvaluateCondition) while evaluating predicate
        (InfoReachability) while checking the implication
            (DecidePredicateUnknown) while applying equation defined at ...kframework/builtin/domains.md:1377:8-1377:59
                                     in Kore.Equation.Application:150:81
kore-exec: [1367878] Warning (DecidePredicateUnknown):
    Failed to decide predicate.
Context:
    (DebugEvaluateCondition) while evaluating predicate
        (InfoReachability) while checking the implication
            (DecidePredicateUnknown) while applying equation defined at ...kframework/builtin/domains.md:1377:8-1377:59
                                     in Kore.Equation.Application:150:81
kore-exec: [1411416] Warning (DecidePredicateUnknown):
    Failed to decide predicate.
Context:
    (DebugEvaluateCondition) while evaluating predicate
        (InfoReachability) while applying axioms
            (DecidePredicateUnknown) while applying equation defined at ...kframework/builtin/domains.md:1377:8-1377:59
                                     in Kore.Equation.Application:150:81
kore-exec: [1455202] Warning (DecidePredicateUnknown):
    Failed to decide predicate.
Context:
    (DebugEvaluateCondition) while evaluating predicate
        (InfoReachability) while applying axioms
            (DecidePredicateUnknown) while applying equation defined at ...kframework/builtin/domains.md:1377:8-1377:59
                                     in Kore.Equation.Application:150:81
kore-exec: [1520876] Warning (DecidePredicateUnknown):
    Failed to decide predicate.
Context:
    (DebugEvaluateCondition) while evaluating predicate
        (InfoReachability) while checking the implication
            (DecidePredicateUnknown) while applying equation defined at ...kframework/builtin/domains.md:1377:8-1377:59
                                     in Kore.Equation.Application:150:81
kore-exec: [1571603] Warning (DecidePredicateUnknown):
    Failed to decide predicate.
Context:
    (DebugEvaluateCondition) while evaluating predicate
        (InfoReachability) while checking the implication
            (DecidePredicateUnknown) while applying equation defined at ...kframework/builtin/domains.md:1377:8-1377:59
                                     in Kore.Equation.Application:150:81
kore-exec: [1633534] Warning (DecidePredicateUnknown):
    Failed to decide predicate.
Context:
    (DebugEvaluateCondition) while evaluating predicate
        (InfoReachability) while applying axioms
            (DecidePredicateUnknown) while applying equation defined at ...kframework/builtin/domains.md:1377:8-1377:59
                                     in Kore.Equation.Application:150:81
kore-exec: [1692698] Warning (DecidePredicateUnknown):
    Failed to decide predicate.
Context:
    (DebugEvaluateCondition) while evaluating predicate
        (InfoReachability) while applying axioms
            (DecidePredicateUnknown) while applying equation defined at ...kframework/builtin/domains.md:1377:8-1377:59
                                     in Kore.Equation.Application:150:81
kore-exec: [1761743] Warning (DecidePredicateUnknown):
    Failed to decide predicate.
Context:
    (DebugEvaluateCondition) while evaluating predicate
        (InfoReachability) while checking the implication
            (DecidePredicateUnknown) while applying equation defined at ...kframework/builtin/domains.md:1377:8-1377:59
                                     in Kore.Equation.Application:150:81
kore-exec: [1805612] Warning (DecidePredicateUnknown):
    Failed to decide predicate.
Context:
    (DebugEvaluateCondition) while evaluating predicate
        (InfoReachability) while checking the implication
            (DecidePredicateUnknown) while applying equation defined at ...kframework/builtin/domains.md:1377:8-1377:59
                                     in Kore.Equation.Application:150:81
kore-exec: [1849451] Warning (DecidePredicateUnknown):
    Failed to decide predicate.
Context:
    (DebugEvaluateCondition) while evaluating predicate
        (InfoReachability) while applying axioms
            (DecidePredicateUnknown) while applying equation defined at ...kframework/builtin/domains.md:1377:8-1377:59
                                     in Kore.Equation.Application:150:81
kore-exec: [1901126] Warning (DecidePredicateUnknown):
    Failed to decide predicate.
Context:
    (DebugEvaluateCondition) while evaluating predicate
        (InfoReachability) while applying axioms
            (DecidePredicateUnknown) while applying equation defined at ...kframework/builtin/domains.md:1377:8-1377:59
                                     in Kore.Equation.Application:150:81
kore-exec: [1978017] Warning (DecidePredicateUnknown):
    Failed to decide predicate.
Context:
    (DebugEvaluateCondition) while evaluating predicate
        (InfoReachability) while checking the implication
            (DecidePredicateUnknown) while applying equation defined at ...kframework/builtin/domains.md:1377:8-1377:59
                                     in Kore.Equation.Application:150:81
kore-exec: [2041598] Warning (DecidePredicateUnknown):
    Failed to decide predicate.
Context:
    (DebugEvaluateCondition) while evaluating predicate
        (InfoReachability) while checking the implication
            (DecidePredicateUnknown) while applying equation defined at ...kframework/builtin/domains.md:1377:8-1377:59
                                     in Kore.Equation.Application:150:81
kore-exec: [2098813] Warning (DecidePredicateUnknown):
    Failed to decide predicate.
Context:
    (DebugEvaluateCondition) while evaluating predicate
        (InfoReachability) while applying axioms
            (DecidePredicateUnknown) while applying equation defined at ...kframework/builtin/domains.md:1377:8-1377:59
                                     in Kore.Equation.Application:150:81
kore-exec: [2143775] Warning (DecidePredicateUnknown):
    Failed to decide predicate.
Context:
    (DebugEvaluateCondition) while evaluating predicate
        (InfoReachability) while applying axioms
            (DecidePredicateUnknown) while applying equation defined at ...kframework/builtin/domains.md:1377:8-1377:59
                                     in Kore.Equation.Application:150:81
kore-exec: [2212045] Warning (DecidePredicateUnknown):
    Failed to decide predicate.
Context:
    (DebugEvaluateCondition) while evaluating predicate
        (InfoReachability) while checking the implication
            (DecidePredicateUnknown) while applying equation defined at ...kframework/builtin/domains.md:1377:8-1377:59
                                     in Kore.Equation.Application:150:81
kore-exec: [2256752] Warning …15588 tokens truncated…ecking the implication
            (DecidePredicateUnknown) while applying equation defined at ...kframework/builtin/domains.md:1377:8-1377:59
                                     in Kore.Equation.Application:150:81
kore-exec: [10367773] Warning (DecidePredicateUnknown):
    Failed to decide predicate.
Context:
    (DebugEvaluateCondition) while evaluating predicate
        (InfoReachability) while checking the implication
            (DecidePredicateUnknown) while applying equation defined at ...kframework/builtin/domains.md:1377:8-1377:59
                                     in Kore.Equation.Application:150:81
kore-exec: [10411739] Warning (DecidePredicateUnknown):
    Failed to decide predicate.
Context:
    (DebugEvaluateCondition) while evaluating predicate
        (InfoReachability) while checking the implication
            (DecidePredicateUnknown) while applying equation defined at ...kframework/builtin/domains.md:1377:8-1377:59
                                     in Kore.Equation.Application:150:81
kore-exec: [10457533] Warning (DecidePredicateUnknown):
    Failed to decide predicate.
Context:
    (DebugEvaluateCondition) while evaluating predicate
        (InfoReachability) while applying axioms
            (DecidePredicateUnknown) while applying equation defined at ...kframework/builtin/domains.md:1377:8-1377:59
                                     in Kore.Equation.Application:150:81
kore-exec: [10504314] Warning (DecidePredicateUnknown):
    Failed to decide predicate.
Context:
    (DebugEvaluateCondition) while evaluating predicate
        (InfoReachability) while applying axioms
            (DecidePredicateUnknown) while applying equation defined at ...kframework/builtin/domains.md:1377:8-1377:59
                                     in Kore.Equation.Application:150:81
kore-exec: [10546087] Warning (DecidePredicateUnknown):
    Failed to decide predicate.
Context:
    (DebugEvaluateCondition) while evaluating predicate
        (InfoReachability) while applying axioms
            (DecidePredicateUnknown) while applying equation defined at ...kframework/builtin/domains.md:1377:8-1377:59
                                     in Kore.Equation.Application:150:81
kore-exec: [10593309] Warning (DecidePredicateUnknown):
    Failed to decide predicate.
Context:
    (DebugEvaluateCondition) while evaluating predicate
        (InfoReachability) while applying axioms
            (DecidePredicateUnknown) while applying equation defined at ...kframework/builtin/domains.md:1377:8-1377:59
                                     in Kore.Equation.Application:150:81
kore-exec: [10641831] Warning (DecidePredicateUnknown):
    Failed to decide predicate.
Context:
    (DebugEvaluateCondition) while evaluating predicate
        (InfoReachability) while applying axioms
            (DecidePredicateUnknown) while applying equation defined at ...kframework/builtin/domains.md:1377:8-1377:59
                                     in Kore.Equation.Application:150:81
kore-exec: [10686387] Warning (DecidePredicateUnknown):
    Failed to decide predicate.
Context:
    (DebugEvaluateCondition) while evaluating predicate
        (InfoReachability) while applying axioms
            (DecidePredicateUnknown) while applying equation defined at ...kframework/builtin/domains.md:1377:8-1377:59
                                     in Kore.Equation.Application:150:81
kore-exec: [10739075] Warning (DecidePredicateUnknown):
    Failed to decide predicate.
Context:
    (DebugEvaluateCondition) while evaluating predicate
        (InfoReachability) while applying axioms
            (DecidePredicateUnknown) while applying equation defined at ...kframework/builtin/domains.md:1377:8-1377:59
                                     in Kore.Equation.Application:150:81
kore-exec: [10783507] Warning (DecidePredicateUnknown):
    Failed to decide predicate.
Context:
    (DebugEvaluateCondition) while evaluating predicate
        (InfoReachability) while applying axioms
            (DecidePredicateUnknown) while applying equation defined at ...kframework/builtin/domains.md:1377:8-1377:59
                                     in Kore.Equation.Application:150:81
kore-exec: [10826947] Warning (DecidePredicateUnknown):
    Failed to decide predicate.
Context:
    (DebugEvaluateCondition) while evaluating predicate
        (InfoReachability) while applying axioms
            (DecidePredicateUnknown) while applying equation defined at ...kframework/builtin/domains.md:1377:8-1377:59
                                     in Kore.Equation.Application:150:81
kore-exec: [10871740] Warning (DecidePredicateUnknown):
    Failed to decide predicate.
Context:
    (DebugEvaluateCondition) while evaluating predicate
        (InfoReachability) while applying axioms
            (DecidePredicateUnknown) while applying equation defined at ...kframework/builtin/domains.md:1377:8-1377:59
                                     in Kore.Equation.Application:150:81
kore-exec: [10917167] Warning (DecidePredicateUnknown):
    Failed to decide predicate.
Context:
    (DebugEvaluateCondition) while evaluating predicate
        (InfoReachability) while applying axioms
            (DecidePredicateUnknown) while applying equation defined at ...kframework/builtin/domains.md:1377:8-1377:59
                                     in Kore.Equation.Application:150:81
kore-exec: [10972976] Warning (DecidePredicateUnknown):
    Failed to decide predicate.
Context:
    (DebugEvaluateCondition) while evaluating predicate
        (InfoReachability) while applying axioms
            (DecidePredicateUnknown) while applying equation defined at ...kframework/builtin/domains.md:1377:8-1377:59
                                     in Kore.Equation.Application:150:81
kore-exec: [11034338] Warning (DecidePredicateUnknown):
    Failed to decide predicate.
Context:
    (DebugEvaluateCondition) while evaluating predicate
        (InfoReachability) while checking the implication
            (DecidePredicateUnknown) while applying equation defined at ...kframework/builtin/domains.md:1377:8-1377:59
                                     in Kore.Equation.Application:150:81
kore-exec: [11077390] Warning (DecidePredicateUnknown):
    Failed to decide predicate.
Context:
    (DebugEvaluateCondition) while evaluating predicate
        (InfoReachability) while checking the implication
            (DecidePredicateUnknown) while applying equation defined at ...kframework/builtin/domains.md:1377:8-1377:59
                                     in Kore.Equation.Application:150:81
kore-exec: [11156555] Warning (WarnStuckClaimState):
    The configuration's term doesn't unify with the destination's term and the configuration cannot be rewritten further. Location: /work/spec.k:7:5-24:40
Context:
    (InfoReachability) while checking the implication
  #Ceil ( 2 ^Int N )
#And
  #Not ( {
    P
  #Equals
    0
  } )
#And
  <generatedTop>
    <k>
      ( 2 ^Int N %Int P +Int P ) %Int P ~> .K
    </k>
    <env>
      0
    </env>
    <scopes>
      -1 |-> scope ( "abs" |-> builtinV ( "abs" )
      "all" |-> builtinV ( "all" )
      "any" |-> builtinV ( "any" )
      "bin" |-> builtinV ( "bin" )
      "chr" |-> builtinV ( "chr" )
      "enumerate" |-> builtinV ( "enumerate" )
      "eval" |-> builtinV ( "eval" )
      "float" |-> typeV ( "float" )
      "int" |-> typeV ( "int" )
      "isinstance" |-> builtinV ( "isinstance" )
      "len" |-> builtinV ( "len" )
      "list" |-> builtinV ( "list" )
      "map" |-> builtinV ( "map" )
      "max" |-> builtinV ( "max" )
      "min" |-> builtinV ( "min" )
      "ord" |-> builtinV ( "ord" )
      "range" |-> builtinV ( "range" )
      "round" |-> builtinV ( "round" )
      "set" |-> builtinV ( "set" )
      "sorted" |-> builtinV ( "sorted" )
      "str" |-> typeV ( "str" )
      "sum" |-> builtinV ( "sum" )
      "zip" |-> builtinV ( "zip" ) , root )
      0 |-> scope ( "modp" |-> closureVal ( "n" , "p" , .ParamNames , Expr ( Str ( "Return 2^n modulo p." ) )  Return ( BinOp ( "%" , BinOp ( "**" , Int ( 2 ) , Name ( "n" ) ) , Name ( "p" ) ) )  .Stmts , 0 ) , parent ( -1 ) )
    </scopes>
    <scopeLoc>
      1
    </scopeLoc>
    <heap>
      .Map
    </heap>
    <heapLoc>
      0
    </heapLoc>
    <stack>
      .List
    </stack>
    <ret>
      noRet
    </ret>
    <exc>
      NoExc
    </exc>
    <exit-code>
      0
    </exit-code>
  </generatedTop>
#And
  {
    true
  #Equals
    N >=Int 0
  }
#And
  {
    true
  #Equals
    P >Int 0
  }
[Warning] Compiler: Variable 'As' defined but not used. Prefix variable name
with underscore if this is intentional.
	Source(/work/reference-semantics/semantics/str.k)
	Location(52,27,52,29)
	52 |	  rule strLt(iCons(A:Int, As:IntSeq), iCons(B:Int, Bs:IntSeq)) => true   
      requires A  <Int B
	   .	                          ^~
[Warning] Compiler: Variable 'Bs' defined but not used. Prefix variable name
with underscore if this is intentional.
	Source(/work/reference-semantics/semantics/str.k)
	Location(52,52,52,54)
	52 |	  rule strLt(iCons(A:Int, As:IntSeq), iCons(B:Int, Bs:IntSeq)) => true   
      requires A  <Int B
	   .	                                                   ^~
[Warning] Compiler: Variable 'As' defined but not used. Prefix variable name
with underscore if this is intentional.
	Source(/work/reference-semantics/semantics/str.k)
	Location(53,27,53,29)
	53 |	  rule strLt(iCons(A:Int, As:IntSeq), iCons(B:Int, Bs:IntSeq)) => false  
      requires A  >Int B
	   .	                          ^~
[Warning] Compiler: Variable 'Bs' defined but not used. Prefix variable name
with underscore if this is intentional.
	Source(/work/reference-semantics/semantics/str.k)
	Location(53,52,53,54)
	53 |	  rule strLt(iCons(A:Int, As:IntSeq), iCons(B:Int, Bs:IntSeq)) => false  
      requires A  >Int B
	   .	                                                   ^~
[Error] Prover: backend terminated because the configuration cannot be
rewritten further. See output for more details.

LINE 106 CUSTOM_TOOL apply_patch
*** Begin Patch
*** Update File: /work/verification.k
@@
   // This is the exact Module term generated in solution.mpy.  Giving it a
   // name keeps the reachability claim readable while still executing the
   // translated program through the supplied Python semantics.
+  syntax Stmts ::= "modpBody" [function]
+  rule modpBody
+    => Expr(Str("Return 2^n modulo p."))
+       Return(BinOp("%", BinOp("**", Int(2), Name("n")), Name("p")))
+
   syntax Module ::= "modpProgram" [function]
   rule modpProgram
     => Module(
-         FuncDef("modp", Params("n", "p"),
-           Expr(Str("Return 2^n modulo p."))
-           Return(BinOp("%", BinOp("**", Int(2), Name("n")), Name("p")))))
+         FuncDef("modp", Params("n", "p"), modpBody))
*** Update File: /work/spec.k
@@
     <env> 0 </env>
     <scopes>
-      0  |-> scope(.Map, parent(-1))
-      -1 |-> builtinsScope
+      ( 0  |-> scope(.Map, parent(-1))
+        -1 |-> builtinsScope )
+      =>
+      ( 0  |-> scope(
+                  "modp" |-> closureVal(
+                    ("n", "p", .ParamNames), modpBody, 0),
+                  parent(-1))
+        -1 |-> builtinsScope )
*** End Patch

LINE 108 CUSTOM_TOOL_OUTPUT
Exit code: 0
Wall time: 0 seconds
Output:
Success. Updated the following files:
M /work/verification.k
M /work/spec.k

LINE 111 FUNCTION exec_command
{"cmd":"kompile verification.k --backend haskell --main-module MODP-VERIFICATION --syntax-module MPY-SYNTAX --output-definition verification-kompiled","workdir":"/work","yield_time_ms":1000,"max_output_tokens":12000}
LINE 112 FUNCTION_OUTPUT
Chunk ID: 93e40e
Wall time: 1.0011 seconds
Process running with session ID 34886
Original token count: 0
Output:

LINE 115 FUNCTION write_stdin
{"session_id":34886,"chars":"","yield_time_ms":1000,"max_output_tokens":12000}
LINE 116 FUNCTION_OUTPUT
Chunk ID: a24882
Wall time: 0.0000 seconds
Process exited with code 0
Original token count: 344
Output:
[Warning] Compiler: Variable 'As' defined but not used. Prefix variable name
with underscore if this is intentional.
	Source(/work/reference-semantics/semantics/str.k)
	Location(52,27,52,29)
	52 |	  rule strLt(iCons(A:Int, As:IntSeq), iCons(B:Int, Bs:IntSeq)) => true   
      requires A  <Int B
	   .	                          ^~
[Warning] Compiler: Variable 'Bs' defined but not used. Prefix variable name
with underscore if this is intentional.
	Source(/work/reference-semantics/semantics/str.k)
	Location(52,52,52,54)
	52 |	  rule strLt(iCons(A:Int, As:IntSeq), iCons(B:Int, Bs:IntSeq)) => true   
      requires A  <Int B
	   .	                                                   ^~
[Warning] Compiler: Variable 'As' defined but not used. Prefix variable name
with underscore if this is intentional.
	Source(/work/reference-semantics/semantics/str.k)
	Location(53,27,53,29)
	53 |	  rule strLt(iCons(A:Int, As:IntSeq), iCons(B:Int, Bs:IntSeq)) => false  
      requires A  >Int B
	   .	                          ^~
[Warning] Compiler: Variable 'Bs' defined but not used. Prefix variable name
with underscore if this is intentional.
	Source(/work/reference-semantics/semantics/str.k)
	Location(53,52,53,54)
	53 |	  rule strLt(iCons(A:Int, As:IntSeq), iCons(B:Int, Bs:IntSeq)) => false  
      requires A  >Int B
	   .	                                                   ^~

LINE 119 FUNCTION exec_command
{"cmd":"kprove spec.k --definition verification-kompiled --spec-module MODP-SPEC","workdir":"/work","yield_time_ms":30000,"max_output_tokens":8000}
LINE 120 FUNCTION_OUTPUT
Chunk ID: 0d3ae9
Wall time: 14.3588 seconds
Process exited with code 0
Original token count: 20076
Output:
Warning: truncated output (original token count: 20076)
Total output lines: 1415

kore-exec: [955858] Warning (DecidePredicateUnknown):
    Failed to decide predicate.
Context:
    (DebugEvaluateCondition) while evaluating predicate
        (InfoReachability) while simplifying the claim
            (DecidePredicateUnknown) while applying equation defined at ...kframework/builtin/domains.md:1377:8-1377:59
                                     in Kore.Equation.Application:150:81
kore-exec: [1010207] Warning (DecidePredicateUnknown):
    Failed to decide predicate.
Context:
    (DebugEvaluateCondition) while evaluating predicate
        (InfoReachability) while simplifying the claim
            (DecidePredicateUnknown) while applying equation defined at ...kframework/builtin/domains.md:1377:8-1377:59
                                     in Kore.Equation.Application:150:81
kore-exec: [1072723] Warning (DecidePredicateUnknown):
    Failed to decide predicate.
Context:
    (DebugEvaluateCondition) while evaluating predicate
        (InfoReachability) while simplifying the claim
            (DecidePredicateUnknown) while applying equation defined at ...kframework/builtin/domains.md:1377:8-1377:59
                                     in Kore.Equation.Application:150:81
kore-exec: [1125817] Warning (DecidePredicateUnknown):
    Failed to decide predicate.
Context:
    (DebugEvaluateCondition) while evaluating predicate
        (InfoReachability) while simplifying the claim
            (DecidePredicateUnknown) while applying equation defined at ...kframework/builtin/domains.md:1377:8-1377:59
                                     in Kore.Equation.Application:150:81
kore-exec: [1172764] Warning (DecidePredicateUnknown):
    Failed to decide predicate.
Context:
    (DebugEvaluateCondition) while evaluating predicate
        (InfoReachability) while checking the implication
            (DecidePredicateUnknown) while applying equation defined at ...kframework/builtin/domains.md:1377:8-1377:59
                                     in Kore.Equation.Application:150:81
kore-exec: [1231779] Warning (DecidePredicateUnknown):
    Failed to decide predicate.
Context:
    (DebugEvaluateCondition) while evaluating predicate
        (InfoReachability) while checking the implication
            (DecidePredicateUnknown) while applying equation defined at ...kframework/builtin/domains.md:1377:8-1377:59
                                     in Kore.Equation.Application:150:81
kore-exec: [1292713] Warning (DecidePredicateUnknown):
    Failed to decide predicate.
Context:
    (DebugEvaluateCondition) while evaluating predicate
        (InfoReachability) while applying axioms
            (DecidePredicateUnknown) while applying equation defined at ...kframework/builtin/domains.md:1377:8-1377:59
                                     in Kore.Equation.Application:150:81
kore-exec: [1351165] Warning (DecidePredicateUnknown):
    Failed to decide predicate.
Context:
    (DebugEvaluateCondition) while evaluating predicate
        (InfoReachability) while applying axioms
            (DecidePredicateUnknown) while applying equation defined at ...kframework/builtin/domains.md:1377:8-1377:59
                                     in Kore.Equation.Application:150:81
kore-exec: [1419015] Warning (DecidePredicateUnknown):
    Failed to decide predicate.
Context:
    (DebugEvaluateCondition) while evaluating predicate
        (InfoReachability) while checking the implication
            (DecidePredicateUnknown) while applying equation defined at ...kframework/builtin/domains.md:1377:8-1377:59
                                     in Kore.Equation.Application:150:81
kore-exec: [1471127] Warning (DecidePredicateUnknown):
    Failed to decide predicate.
Context:
    (DebugEvaluateCondition) while evaluating predicate
        (InfoReachability) while checking the implication
            (DecidePredicateUnknown) while applying equation defined at ...kframework/builtin/domains.md:1377:8-1377:59
                                     in Kore.Equation.Application:150:81
kore-exec: [1520951] Warning (DecidePredicateUnknown):
    Failed to decide predicate.
Context:
    (DebugEvaluateCondition) while evaluating predicate
        (InfoReachability) while applying axioms
            (DecidePredicateUnknown) while applying equation defined at ...kframework/builtin/domains.md:1377:8-1377:59
                                     in Kore.Equation.Application:150:81
kore-exec: [1577759] Warning (DecidePredicateUnknown):
    Failed to decide predicate.
Context:
    (DebugEvaluateCondition) while evaluating predicate
        (InfoReachability) while applying axioms
            (DecidePredicateUnknown) while applying equation defined at ...kframework/builtin/domains.md:1377:8-1377:59
                                     in Kore.Equation.Application:150:81
kore-exec: [1642489] Warning (DecidePredicateUnknown):
    Failed to decide predicate.
Context:
    (DebugEvaluateCondition) while evaluating predicate
        (InfoReachability) while checking the implication
            (DecidePredicateUnknown) while applying equation defined at ...kframework/builtin/domains.md:1377:8-1377:59
                                     in Kore.Equation.Application:150:81
kore-exec: [1696868] Warning (DecidePredicateUnknown):
    Failed to decide predicate.
Context:
    (DebugEvaluateCondition) while evaluating predicate
        (InfoReachability) while checking the implication
            (DecidePredicateUnknown) while applying equation defined at ...kframework/builtin/domains.md:1377:8-1377:59
                                     in Kore.Equation.Application:150:81
kore-exec: [1760469] Warning (DecidePredicateUnknown):
    Failed to decide predicate.
Context:
    (DebugEvaluateCondition) while evaluating predicate
        (InfoReachability) while applying axioms
            (DecidePredicateUnknown) while applying equation defined at ...kframework/builtin/domains.md:1377:8-1377:59
                                     in Kore.Equation.Application:150:81
kore-exec: [1808237] Warning (DecidePredicateUnknown):
    Failed to decide predicate.
Context:
    (DebugEvaluateCondition) while evaluating predicate
        (InfoReachability) while applying axioms
            (DecidePredicateUnknown) while applying equation defined at ...kframework/builtin/domains.md:1377:8-1377:59
                                     in Kore.Equation.Application:150:81
kore-exec: [1870245] Warning (DecidePredicateUnknown):
    Failed to decide predicate.
Context:
    (DebugEvaluateCondition) while evaluating predicate
        (InfoReachability) while checking the implication
            (DecidePredicateUnknown) while applying equation defined at ...kframework/builtin/domains.md:1377:8-1377:59
                                     in Kore.Equation.Application:150:81
kore-exec: [1911797] Warning (DecidePredicateUnknown):
    Failed to decide predicate.
Context:
    (DebugEvaluateCondition) while evaluating predicate
        (InfoReachability) while checking the implication
            (DecidePredicateUnknown) while applying equation defined at ...kframework/builtin/domains.md:1377:8-1377:59
                                     in Kore.Equation.Application:150:81
kore-exec: [1955019] Warning (DecidePredicateUnknown):
    Failed to decide predicate.
Context:
    (DebugEvaluateCondition) while evaluating predicate
        (InfoReachability) while applying axioms
            (DecidePredicateUnknown) while applying equation defined at ...kframework/builtin/domains.md:1377:8-1377:59
                                     in Kore.Equation.Application:150:81
kore-exec: [1998015] Warning (DecidePredicateUnknown):
    Failed to decide predicate.
Context:
    (DebugEvaluateCondition) while evaluating predicate
        (InfoReachability) while applying axioms
            (DecidePredicateUnknown) while applying equation defined at ...kframework/builtin/domains.md:1377:8-1377:59
                                     in Kore.Equation.Application:150:81
kore-exec: [2061193] Warning (DecidePredicateUnknown):
    Failed to decide predicate.
Context:
    (DebugEvaluateCondition) while evaluating predicate
        (InfoReachability) while checking the implication
            (DecidePredicateUnknown) while applying equation defined at ...kframework/builtin/domains.md:1377:8-1377:59
                                     in Kore.Equation.Application:150:81
kore-exec: [2108369] Warning (DecidePredicateUnknown):
    Failed to decide predicate.
Context:
    (DebugEvaluateCondition) while evaluating predicate
        (InfoReachability) while checking the implication
            (DecidePredicateUnknown) while applying equation defined at ...kframework/builtin/domains.md:1377:8-1377:59
                                     in Kore.Equation.Application:150:81
kore-exec: [2153957] Warning (DecidePredicateUnknown):
    Failed to decide predicate.
Context:
    (DebugEvaluateCondition) while evaluating predicate
        (InfoReachability) while applying axioms
            (DecidePredicateUnknown) while applying equation defined at ...kframework/builtin/domains.md:1377:8-1377:59
                                     in Kore.Equation.Application:150:81
kore-exec: [2198522] Warning (DecidePredicateUnknown):
    Failed to decide predicate.
Context:
    (DebugEvaluateCondition) while evaluating predicate
        (InfoReachability) while applying axioms
            (DecidePredicateUnknown) while applying equation defined at ...kframework/builtin/domains.md:1377:8-1377:59
                                     in Kore.Equation.Application:150:81
kore-exec: [2259582] Warning (DecidePredicateUnknown):
    Failed to decide predicate.
Context:
    (DebugEvaluateCondition) while evaluating predicate
        (InfoReachability) while checking the implication
            (DecidePredicateUnknown) while applying equation defined at ...kframework/builtin/domains.md:1377:8-1377:59
                                     in Kore.Equation.Application:150:81
kore-exec: [2311838] Warning (DecidePredicateUnknown):
    Failed to decide predicate.
Context:
    (DebugEvaluateCondition) while evaluating predicate
        (InfoReachability) while checking the implication
            (DecidePredicateUnknown) while applying equation defined at ...kframework/builtin/domains.md:1377:8-1377:59
                                     in Kore.Equation.Application:150:81
kore-exec: [2358796] Warning (DecidePredicateUnknown):
    Failed to decide predicate.
Context:
    (DebugEvaluateCondition) while evaluating predicate
        (InfoReachability) while applying axioms
            (DecidePredicateUnknown) while applying equation defined at ...kframework/builtin/domains.md:1377:8-1377:59
                                     in Kore.Equation.Application:150:81
kore-exec: [2412383] Warning (DecidePredicateUnknown):
    Failed to decide predicate.
Context:
    (DebugEvaluateCondition) while evaluating predicate
        (InfoReachability) while applying axioms
            (DecidePredicateUnknown) while applying equation defined at ...kframework/builtin/domains.md:1377:8-1377:59
                                     in Kore.Equation.Application:150:81
kore-exec: [2468808] Warning (DecidePredicateUnknown):
    Failed to decide predicate.
Context:
    (DebugEvaluateCondition) while evaluating predicate
        (InfoReachability) while checking the implication
            (DecidePredicateUnknown) while applying equation defined at ...kframework/builtin/domains.md:1377:8-1377:59
                                     in Kore.Equation.Application:150:81
kore-exec: [2522265] Warning (DecidePredicateUnknown):
    Failed to decide predicate.
Context:
    (DebugEvaluateCondition) while evaluating predicate
        (InfoReachability) while checking the implication
            (DecidePredicateUnknown) while applying equation defined at ...kframework/builtin/domains.md:1377:8-1377:59
                                     in Kore.Equation.Application:150:81
kore-exec: [2569349] Warning (DecidePredicateUnknown):
    Failed to decide predicate.
Context:
    (DebugEvaluateCondition) while evaluating predicate
        (InfoReachability) while applying axioms
            (DecidePredicateUnknown) while applying equation defined at ...kframework/builtin/domains.md:1377:8-1377:59
                                     in Kore.Equation.Application:150:81
kore-exec: [2611995] Warning (DecidePredicateUnknown):
    Failed to decide predicate.
Context:
    (DebugEvaluateCondition) while evaluating predicate
        (InfoReachability) while applying axioms
            (DecidePredicateUnknown) while applying equation defined at ...kframework/builtin/domains.md:1377:8-1377:59
                                     in Kore.Equation.Application:150:81
kore-exec: [2695176] Warning (DecidePredicateUnknown):
    Failed to decide predicate.
Context:
    (DebugEvaluateCondition) while evaluating predicate
        (InfoReachability) while checking the implication
            (DecidePredicateUnknown) while applying equation defined at ...kframework/builtin/domains.md:1377:8-1377:59
                                     in Kore.Equation.Application:150:81
kore-exec: [2753199] Warning (DecidePredicateUnknown):
    Failed to decide predicate.
Context:
    (DebugEvaluateCondition) while evaluating predicate
        (InfoReachability) while checking the implication
            (DecidePredicateUnknown) while applying equation defined at ...kframework/builtin/domains.md:1377:8-1377:59
                                     in Kore.Equation.Application:150:81
kore-exec: [2795614] Warning (DecidePredicateUnknown):
    Failed to decide predicate.
Context:
    (DebugEvaluateCondition) while evaluating predicate
        (InfoReachability) while applying axioms
            (DecidePredicateUnknown) while applying equation defined at ...kframework/builtin/domains.md:1377:8-1377:59
                                     in Kore.Equation.Application:150:81
kore-exec: [2838485] Warning (DecidePredicateUnknown):
    Failed to decide predicate.
Context:
    (DebugEvaluateCondition) while evaluating predicate
        (InfoReachability) while applying axioms
            (DecidePredicateUnknown) while applying equation defined at ...kframework/builtin/domains.md:1377:8-1377:59
                                     in Kore.Equation.Application:150:81
kore-exec: [2895030] Warning (DecidePredicateUnknown):
    Failed to decide predicate.
Context:
    (DebugEvaluateCondition) while evaluating predicate
        (InfoReachability) while checking the implication
            (DecidePredicateUnknown) while applying equation defined at ...kframework/builtin/domains.md:1377:8-1377:59
                                     in Kore.Equation.Application:150:81
kore-exec: [2937000] Warning (DecidePredicateUnknown):
    Failed to decide predicate.
Context:
    (DebugEvaluateCondition) while evaluating predicate
        (InfoReachability) while checking the implication
            (DecidePredicateUnknown) while applying equation defined at ...kframework/builtin/domains.md:1377:8-1377:59
                                     in Kore.Equation.Application:150:81
kore-exec: [2980446] Warning (DecidePredicateUnknown):
    Failed to decide predicate.
Context:
    (DebugEvaluateCondition) while evaluating predicate
        (InfoReachability) while applying axioms
            (DecidePredicateUnknown) while applying equation defined at ...kframework/builtin/domains.md:1377:8-1377:59
                                     in Kore.Equation.Application:150:81
kore-exec: [3023049] Warning (DecidePredicateUnknown):
    Failed to decide predicate.
Context:
    (DebugEvaluateCondition) while evaluating predicate
        (InfoReachability) while applying axioms
            (DecidePredicateUnknown) while applying equation defined at ...kframework/builtin/domains.md:1377:8-1377:59
                                     in Kore.Equation.Application:150:81
kore-exec: [3081545] Warning (DecidePredicateUnknown):
…12076 tokens truncated…aluating predicate
        (InfoReachability) while applying axioms
            (DecidePredicateUnknown) while applying equation defined at ...kframework/builtin/domains.md:1377:8-1377:59
                                     in Kore.Equation.Application:150:81
kore-exec: [9260619] Warning (DecidePredicateUnknown):
    Failed to decide predicate.
Context:
    (DebugEvaluateCondition) while evaluating predicate
        (InfoReachability) while checking the implication
            (DecidePredicateUnknown) while applying equation defined at ...kframework/builtin/domains.md:1377:8-1377:59
                                     in Kore.Equation.Application:150:81
kore-exec: [9327088] Warning (DecidePredicateUnknown):
    Failed to decide predicate.
Context:
    (DebugEvaluateCondition) while evaluating predicate
        (InfoReachability) while checking the implication
            (DecidePredicateUnknown) while applying equation defined at ...kframework/builtin/domains.md:1377:8-1377:59
                                     in Kore.Equation.Application:150:81
kore-exec: [9398064] Warning (DecidePredicateUnknown):
    Failed to decide predicate.
Context:
    (DebugEvaluateCondition) while evaluating predicate
        (InfoReachability) while applying axioms
            (DecidePredicateUnknown) while applying equation defined at ...kframework/builtin/domains.md:1377:8-1377:59
                                     in Kore.Equation.Application:150:81
kore-exec: [9466879] Warning (DecidePredicateUnknown):
    Failed to decide predicate.
Context:
    (DebugEvaluateCondition) while evaluating predicate
        (InfoReachability) while applying axioms
            (DecidePredicateUnknown) while applying equation defined at ...kframework/builtin/domains.md:1377:8-1377:59
                                     in Kore.Equation.Application:150:81
kore-exec: [9581869] Warning (DecidePredicateUnknown):
    Failed to decide predicate.
Context:
    (DebugEvaluateCondition) while evaluating predicate
        (InfoReachability) while checking the implication
            (DecidePredicateUnknown) while applying equation defined at ...kframework/builtin/domains.md:1377:8-1377:59
                                     in Kore.Equation.Application:150:81
kore-exec: [9654862] Warning (DecidePredicateUnknown):
    Failed to decide predicate.
Context:
    (DebugEvaluateCondition) while evaluating predicate
        (InfoReachability) while checking the implication
            (DecidePredicateUnknown) while applying equation defined at ...kframework/builtin/domains.md:1377:8-1377:59
                                     in Kore.Equation.Application:150:81
kore-exec: [9736570] Warning (DecidePredicateUnknown):
    Failed to decide predicate.
Context:
    (DebugEvaluateCondition) while evaluating predicate
        (InfoReachability) while applying axioms
            (DecidePredicateUnknown) while applying equation defined at ...kframework/builtin/domains.md:1377:8-1377:59
                                     in Kore.Equation.Application:150:81
kore-exec: [9800742] Warning (DecidePredicateUnknown):
    Failed to decide predicate.
Context:
    (DebugEvaluateCondition) while evaluating predicate
        (InfoReachability) while applying axioms
            (DecidePredicateUnknown) while applying equation defined at ...kframework/builtin/domains.md:1377:8-1377:59
                                     in Kore.Equation.Application:150:81
kore-exec: [9880141] Warning (DecidePredicateUnknown):
    Failed to decide predicate.
Context:
    (DebugEvaluateCondition) while evaluating predicate
        (InfoReachability) while simplifying the claim
            (DecidePredicateUnknown) while applying equation defined at ...kframework/builtin/domains.md:1377:8-1377:59
                                     in Kore.Equation.Application:150:81
kore-exec: [9954067] Warning (DecidePredicateUnknown):
    Failed to decide predicate.
Context:
    (DebugEvaluateCondition) while evaluating predicate
        (InfoReachability) while simplifying the claim
            (DecidePredicateUnknown) while applying equation defined at ...kframework/builtin/domains.md:1377:8-1377:59
                                     in Kore.Equation.Application:150:81
kore-exec: [10011614] Warning (DecidePredicateUnknown):
    Failed to decide predicate.
Context:
    (DebugEvaluateCondition) while evaluating predicate
        (InfoReachability) while simplifying the claim
            (DecidePredicateUnknown) while applying equation defined at ...kframework/builtin/domains.md:1377:8-1377:59
                                     in Kore.Equation.Application:150:81
kore-exec: [10061307] Warning (DecidePredicateUnknown):
    Failed to decide predicate.
Context:
    (DebugEvaluateCondition) while evaluating predicate
        (InfoReachability) while simplifying the claim
            (DecidePredicateUnknown) while applying equation defined at ...kframework/builtin/domains.md:1377:8-1377:59
                                     in Kore.Equation.Application:150:81
kore-exec: [10113477] Warning (DecidePredicateUnknown):
    Failed to decide predicate.
Context:
    (DebugEvaluateCondition) while evaluating predicate
        (InfoReachability) while simplifying the claim
            (DecidePredicateUnknown) while applying equation defined at ...kframework/builtin/domains.md:1377:8-1377:59
                                     in Kore.Equation.Application:150:81
kore-exec: [10164213] Warning (DecidePredicateUnknown):
    Failed to decide predicate.
Context:
    (DebugEvaluateCondition) while evaluating predicate
        (InfoReachability) while simplifying the claim
            (DecidePredicateUnknown) while applying equation defined at ...kframework/builtin/domains.md:1377:8-1377:59
                                     in Kore.Equation.Application:150:81
kore-exec: [10229028] Warning (DecidePredicateUnknown):
    Failed to decide predicate.
Context:
    (DebugEvaluateCondition) while evaluating predicate
        (InfoReachability) while simplifying the claim
            (DecidePredicateUnknown) while applying equation defined at ...kframework/builtin/domains.md:1377:8-1377:59
                                     in Kore.Equation.Application:150:81
kore-exec: [10296412] Warning (DecidePredicateUnknown):
    Failed to decide predicate.
Context:
    (DebugEvaluateCondition) while evaluating predicate
        (InfoReachability) while simplifying the claim
            (DecidePredicateUnknown) while applying equation defined at ...kframework/builtin/domains.md:1377:8-1377:59
                                     in Kore.Equation.Application:150:81
kore-exec: [10343600] Warning (DecidePredicateUnknown):
    Failed to decide predicate.
Context:
    (DebugEvaluateCondition) while evaluating predicate
        (InfoReachability) while simplifying the claim
            (DecidePredicateUnknown) while applying equation defined at ...kframework/builtin/domains.md:1377:8-1377:59
                                     in Kore.Equation.Application:150:81
kore-exec: [10397093] Warning (DecidePredicateUnknown):
    Failed to decide predicate.
Context:
    (DebugEvaluateCondition) while evaluating predicate
        (InfoReachability) while simplifying the claim
            (DecidePredicateUnknown) while applying equation defined at ...kframework/builtin/domains.md:1377:8-1377:59
                                     in Kore.Equation.Application:150:81
kore-exec: [10463890] Warning (DecidePredicateUnknown):
    Failed to decide predicate.
Context:
    (DebugEvaluateCondition) while evaluating predicate
        (InfoReachability) while checking the implication
            (DecidePredicateUnknown) while applying equation defined at ...kframework/builtin/domains.md:1377:8-1377:59
                                     in Kore.Equation.Application:150:81
kore-exec: [10545468] Warning (DecidePredicateUnknown):
    Failed to decide predicate.
Context:
    (DebugEvaluateCondition) while evaluating predicate
        (InfoReachability) while checking the implication
            (DecidePredicateUnknown) while applying equation defined at ...kframework/builtin/domains.md:1377:8-1377:59
                                     in Kore.Equation.Application:150:81
kore-exec: [10603092] Warning (DecidePredicateUnknown):
    Failed to decide predicate.
Context:
    (DebugEvaluateCondition) while evaluating predicate
        (InfoReachability) while checking the implication
            (DecidePredicateUnknown) while applying equation defined at ...kframework/builtin/domains.md:1377:8-1377:59
                                     in Kore.Equation.Application:150:81
kore-exec: [10664874] Warning (DecidePredicateUnknown):
    Failed to decide predicate.
Context:
    (DebugEvaluateCondition) while evaluating predicate
        (InfoReachability) while checking the implication
            (DecidePredicateUnknown) while applying equation defined at ...kframework/builtin/domains.md:1377:8-1377:59
                                     in Kore.Equation.Application:150:81
kore-exec: [10734275] Warning (DecidePredicateUnknown):
    Failed to decide predicate.
Context:
    (DebugEvaluateCondition) while evaluating predicate
        (InfoReachability) while applying axioms
            (DecidePredicateUnknown) while applying equation defined at ...kframework/builtin/domains.md:1377:8-1377:59
                                     in Kore.Equation.Application:150:81
kore-exec: [10811551] Warning (DecidePredicateUnknown):
    Failed to decide predicate.
Context:
    (DebugEvaluateCondition) while evaluating predicate
        (InfoReachability) while applying axioms
            (DecidePredicateUnknown) while applying equation defined at ...kframework/builtin/domains.md:1377:8-1377:59
                                     in Kore.Equation.Application:150:81
kore-exec: [10857217] Warning (DecidePredicateUnknown):
    Failed to decide predicate.
Context:
    (DebugEvaluateCondition) while evaluating predicate
        (InfoReachability) while applying axioms
            (DecidePredicateUnknown) while applying equation defined at ...kframework/builtin/domains.md:1377:8-1377:59
                                     in Kore.Equation.Application:150:81
kore-exec: [10901537] Warning (DecidePredicateUnknown):
    Failed to decide predicate.
Context:
    (DebugEvaluateCondition) while evaluating predicate
        (InfoReachability) while applying axioms
            (DecidePredicateUnknown) while applying equation defined at ...kframework/builtin/domains.md:1377:8-1377:59
                                     in Kore.Equation.Application:150:81
kore-exec: [10947432] Warning (DecidePredicateUnknown):
    Failed to decide predicate.
Context:
    (DebugEvaluateCondition) while evaluating predicate
        (InfoReachability) while applying axioms
            (DecidePredicateUnknown) while applying equation defined at ...kframework/builtin/domains.md:1377:8-1377:59
                                     in Kore.Equation.Application:150:81
kore-exec: [10992110] Warning (DecidePredicateUnknown):
    Failed to decide predicate.
Context:
    (DebugEvaluateCondition) while evaluating predicate
        (InfoReachability) while applying axioms
            (DecidePredicateUnknown) while applying equation defined at ...kframework/builtin/domains.md:1377:8-1377:59
                                     in Kore.Equation.Application:150:81
kore-exec: [11034245] Warning (DecidePredicateUnknown):
    Failed to decide predicate.
Context:
    (DebugEvaluateCondition) while evaluating predicate
        (InfoReachability) while applying axioms
            (DecidePredicateUnknown) while applying equation defined at ...kframework/builtin/domains.md:1377:8-1377:59
                                     in Kore.Equation.Application:150:81
kore-exec: [11082205] Warning (DecidePredicateUnknown):
    Failed to decide predicate.
Context:
    (DebugEvaluateCondition) while evaluating predicate
        (InfoReachability) while applying axioms
            (DecidePredicateUnknown) while applying equation defined at ...kframework/builtin/domains.md:1377:8-1377:59
                                     in Kore.Equation.Application:150:81
kore-exec: [11126697] Warning (DecidePredicateUnknown):
    Failed to decide predicate.
Context:
    (DebugEvaluateCondition) while evaluating predicate
        (InfoReachability) while applying axioms
            (DecidePredicateUnknown) while applying equation defined at ...kframework/builtin/domains.md:1377:8-1377:59
                                     in Kore.Equation.Application:150:81
kore-exec: [11174637] Warning (DecidePredicateUnknown):
    Failed to decide predicate.
Context:
    (DebugEvaluateCondition) while evaluating predicate
        (InfoReachability) while applying axioms
            (DecidePredicateUnknown) while applying equation defined at ...kframework/builtin/domains.md:1377:8-1377:59
                                     in Kore.Equation.Application:150:81
kore-exec: [11218567] Warning (DecidePredicateUnknown):
    Failed to decide predicate.
Context:
    (DebugEvaluateCondition) while evaluating predicate
        (InfoReachability) while applying axioms
            (DecidePredicateUnknown) while applying equation defined at ...kframework/builtin/domains.md:1377:8-1377:59
                                     in Kore.Equation.Application:150:81
kore-exec: [11264353] Warning (DecidePredicateUnknown):
    Failed to decide predicate.
Context:
    (DebugEvaluateCondition) while evaluating predicate
        (InfoReachability) while applying axioms
            (DecidePredicateUnknown) while applying equation defined at ...kframework/builtin/domains.md:1377:8-1377:59
                                     in Kore.Equation.Application:150:81
kore-exec: [11320466] Warning (DecidePredicateUnknown):
    Failed to decide predicate.
Context:
    (DebugEvaluateCondition) while evaluating predicate
        (InfoReachability) while checking the implication
            (DecidePredicateUnknown) while applying equation defined at ...kframework/builtin/domains.md:1377:8-1377:59
                                     in Kore.Equation.Application:150:81
kore-exec: [11363852] Warning (DecidePredicateUnknown):
    Failed to decide predicate.
Context:
    (DebugEvaluateCondition) while evaluating predicate
        (InfoReachability) while checking the implication
            (DecidePredicateUnknown) while applying equation defined at ...kframework/builtin/domains.md:1377:8-1377:59
                                     in Kore.Equation.Application:150:81
#Top
[Warning] Compiler: Variable 'As' defined but not used. Prefix variable name
with underscore if this is intentional.
	Source(/work/reference-semantics/semantics/str.k)
	Location(52,27,52,29)
	52 |	  rule strLt(iCons(A:Int, As:IntSeq), iCons(B:Int, Bs:IntSeq)) => true   
      requires A  <Int B
	   .	                          ^~
[Warning] Compiler: Variable 'Bs' defined but not used. Prefix variable name
with underscore if this is intentional.
	Source(/work/reference-semantics/semantics/str.k)
	Location(52,52,52,54)
	52 |	  rule strLt(iCons(A:Int, As:IntSeq), iCons(B:Int, Bs:IntSeq)) => true   
      requires A  <Int B
	   .	                                                   ^~
[Warning] Compiler: Variable 'As' defined but not used. Prefix variable name
with underscore if this is intentional.
	Source(/work/reference-semantics/semantics/str.k)
	Location(53,27,53,29)
	53 |	  rule strLt(iCons(A:Int, As:IntSeq), iCons(B:Int, Bs:IntSeq)) => false  
      requires A  >Int B
	   .	                          ^~
[Warning] Compiler: Variable 'Bs' defined but not used. Prefix variable name
with underscore if this is intentional.
	Source(/work/reference-semantics/semantics/str.k)
	Location(53,52,53,54)
	53 |	  rule strLt(iCons(A:Int, As:IntSeq), iCons(B:Int, Bs:IntSeq)) => false  
      requires A  >Int B
	   .	                                                   ^~

LINE 123 AGENT_MESSAGE
The universal proof now closes with `#Top`. I found and fixed the substantive claim-framing issue as well: loading the module intentionally leaves the `modp` closure in module scope, so the destination configuration must record that state change. I’m doing a final cleanup so the claim names the mathematical contract directly, then I’ll capture the reproducible commands in `prove.sh` and rerun it end-to-end.
LINE 125 CUSTOM_TOOL apply_patch
*** Begin Patch
*** Update File: /work/spec.k
@@
-      => (((2 ^Int N) %Int P +Int P) %Int P ~> .K)
+      => (specModp(N, P) ~> .K)
*** End Patch

LINE 127 CUSTOM_TOOL_OUTPUT
Exit code: 0
Wall time: 0 seconds
Output:
Success. Updated the following files:
M /work/spec.k

LINE 129 FUNCTION exec_command
{"cmd":"kprove spec.k --definition verification-kompiled --spec-module MODP-SPEC 2>&1 | tail -n 20; test \"${PIPESTATUS[0]}\" -eq 0","workdir":"/work","yield_time_ms":30000,"max_output_tokens":5000}
LINE 130 FUNCTION_OUTPUT
Chunk ID: 22157d
Wall time: 13.8499 seconds
Process exited with code 0
Original token count: 242
Output:
with underscore if this is intentional.
	Source(/work/reference-semantics/semantics/str.k)
	Location(52,52,52,54)
	52 |	  rule strLt(iCons(A:Int, As:IntSeq), iCons(B:Int, Bs:IntSeq)) => true   
      requires A  <Int B
	   .	                                                   ^~
[Warning] Compiler: Variable 'As' defined but not used. Prefix variable name
with underscore if this is intentional.
	Source(/work/reference-semantics/semantics/str.k)
	Location(53,27,53,29)
	53 |	  rule strLt(iCons(A:Int, As:IntSeq), iCons(B:Int, Bs:IntSeq)) => false  
      requires A  >Int B
	   .	                          ^~
[Warning] Compiler: Variable 'Bs' defined but not used. Prefix variable name
with underscore if this is intentional.
	Source(/work/reference-semantics/semantics/str.k)
	Location(53,52,53,54)
	53 |	  rule strLt(iCons(A:Int, As:IntSeq), iCons(B:Int, Bs:IntSeq)) => false  
      requires A  >Int B
	   .	                                                   ^~

LINE 133 FUNCTION exec_command
{"cmd":"kprove --help | rg -n \"log|warn|output|verbose|debug|smt\" | head -80 && kompile --help | rg -n \"warn|output-definition|backend\" | head -60 && krun --help | rg -n \"output|search|term\" | head -60","workdir":"/work","yield_time_ms":10000,"max_output_tokens":12000}
LINE 134 FUNCTION_OUTPUT
Chunk ID: 901e31
Wall time: 0.2540 seconds
Process exited with code 0
Original token count: 1071
Output:
9:      Use colors in output. Default is on.
11:    --debug
12:      Print debugging output messages and error stack traces
14:    --debug-script <file>
15:      Run script passed in specified file when the debugger starts. Used with 
16:      --debugger. 
17:    --debug-warnings
18:      Print debugging output messages and error/warning stack traces
20:    --debugger
21:      Launch proof in an interactive debugger. Currently only supported by the 
53:      Do not alpha rename anonymous variables in output.
60:      output. 
62:    --output <mode>, -o <mode>
67:    --output-file <file>
68:      Store output in the file instead of displaying it.
69:    --output-flatten <KLabels>
72:    --output-omit <KLabels>
73:      KLabels to omit from the output.
75:    --output-tokast <KLabels>
76:      KLabels to output as KAST tokens.
78:    --output-tokenize <KLabels>
79:      KLabels to tokenize underneath (reducing output size).
87:    --verbose, -v
88:      Print verbose output messages
93:    --warnings <level>, -w <level>
97:    --warnings-to-errors, -w2e
98:      Convert warnings to errors.
103:    -W <warning>
104:      Enable specific warning categories. Values: [non-exhaustive-match|undeleted-temp-dir|missing-hook-java|missing-syntax-module|invalid-exit-code|deprecated-backend|invalid-config-var|future-error|unused-var|proof-lint|useless-rule|unresolved-function-symbol|malformed-markdown|invalidated-cache|unused-symbol|removed-anywhere]
106:    -Wno <warning>
107:      Disable specific warning categories.
3:    --backend <backend>
4:      Choose a backend. <backend> is one of [llvm|haskell|kore]. Each creates 
13:    --debug-warnings
14:      Print debugging output messages and error/warning stack traces
20:      Enable debugging support for the LLVM backend.
24:      the LLVM backend. Pass this flag to enable it.
46:    --output-definition <path>, -o <path>
62:    --warnings <level>, -w <level>
66:    --warnings-to-errors, -w2e
67:      Convert warnings to errors.
90:    -W <warning>
91:      Enable specific warning categories. Values: [non-exhaustive-match|undeleted-temp-dir|missing-hook-java|missing-syntax-module|invalid-exit-code|deprecated-backend|invalid-config-var|future-error|unused-var|proof-lint|useless-rule|unresolved-function-symbol|malformed-markdown|invalidated-cache|unused-symbol|removed-anywhere]
93:    -Wno <warning>
94:      Disable specific warning categories.
8:specified with --parser and used as the value of $PGM (unless --term is
21:      --bound N            Return at most N solutions  with --search
26:                           which is determined based on whether stdout is a
27:                           terminal.
38:      --execute-to-branch  Execute until a non-deterministic state is reached, then exit.
39:                           Requires the --enable-search option to have been passed to kompile
47:                           execution, and disabled when --search is passed.
50:                           no macro terms. Behavior is undefined if this is not
52:      --no-pattern         Skip pattern matching the result of searches on the
53:                           llvm backend against the default search pattern.
55:                                   variables from substitution output
56:  -o, --output MODE        Select output mode to use when unparsing. Valid
59:      --output-file FILE   Print final configuration to FILE
64:                           the value of $PGM as a KORE term.
68:                           is used as the value of $PGM as a KORE term.
69:      --pattern PAT        Use PAT as the search pattern with --search. Can
70:                           also be used without --search to match the output
74:                           Ignores `--output`.
75:      --save-temps         Do not delete temporary files when krun terminates.
76:      --search             Search for all possible output states after
78:      --search-all         Like --search, but also return interim states
79:      --search-final       Synonym for --search
80:      --search-one-or-more-steps  Like --search-all, but do not include the
82:      --search-one-step    Search for all possible states that are the
91:      --term               Use the value that would otherwise be considered the

LINE 137 FUNCTION exec_command
{"cmd":"kprove --help | sed -n '88,104p'; kprove --help | rg -n \"kore|backend|solver|prelude|haskell\" | head -80","workdir":"/work","yield_time_ms":10000,"max_output_tokens":10000}
LINE 138 FUNCTION_OUTPUT
Chunk ID: fef26f
Wall time: 0.2370 seconds
Process exited with code 0
Original token count: 312
Output:
      Print verbose output messages
      Default: false
    --version
      Print version information
      Default: false
    --warnings <level>, -w <level>
      Warning level. Values: [all|normal|none]
      Default: NORMAL
      Possible Values: [ALL, NORMAL, NONE]
    --warnings-to-errors, -w2e
      Convert warnings to errors.
      Default: false
    -I <path>
      Add a directory to the search path for requires statements.
      Default: []
    -W <warning>
      Enable specific warning categories. Values: [non-exhaustive-match|undeleted-temp-dir|missing-hook-java|missing-syntax-module|invalid-exit-code|deprecated-backend|invalid-config-var|future-error|unused-var|proof-lint|useless-rule|unresolved-function-symbol|malformed-markdown|invalidated-cache|unused-symbol|removed-anywhere]
22:      Haskell backend.
34:      and LLVM backend.
64:      [pretty|program|kast|binary|json|kore|none]. 
104:      Enable specific warning categories. Values: [non-exhaustive-match|undeleted-temp-dir|missing-hook-java|missing-syntax-module|invalid-exit-code|deprecated-backend|invalid-config-var|future-error|unused-var|proof-lint|useless-rule|unresolved-function-symbol|malformed-markdown|invalidated-cache|unused-symbol|removed-anywhere]

LINE 141 FUNCTION exec_command
{"cmd":"kprove spec.k --definition verification-kompiled --spec-module MODP-SPEC -w none 2>&1 | tail -n 5; test \"${PIPESTATUS[0]}\" -eq 0","workdir":"/work","yield_time_ms":30000,"max_output_tokens":3000}
LINE 142 FUNCTION_OUTPUT
Chunk ID: 68d38b
Wall time: 12.6824 seconds
Process exited with code 0
Original token count: 78
Output:
    (DebugEvaluateCondition) while evaluating predicate
        (InfoReachability) while checking the implication
            (DecidePredicateUnknown) while applying equation defined at ...kframework/builtin/domains.md:1377:8-1377:59
                                     in Kore.Equation.Application:150:81
#Top

LINE 146 CUSTOM_TOOL apply_patch
*** Begin Patch
*** Add File: /work/prove.sh
+#!/usr/bin/env bash
+set -euo pipefail
+
+# Translate the submitted Python implementation.
+python3 py2mpy.py solution.py > solution.mpy
+
+# Build the supplied concrete semantics exactly as required, then run all
+# examples from prompt.py as assertions.
+kompile reference-semantics/semantics.k \
+  --backend llvm \
+  --main-module MPY-KRUN \
+  --syntax-module MPY-SYNTAX \
+  --output-definition runtime-kompiled \
+  -w none
+krun concrete-tests.mpy --definition runtime-kompiled
+
+# Build the symbolic extension (which imports MPY, not MPY-KRUN) and prove
+# every reachability claim in spec.k.
+kompile verification.k \
+  --backend haskell \
+  --main-module MODP-VERIFICATION \
+  --syntax-module MPY-SYNTAX \
+  --output-definition verification-kompiled \
+  -w none
+kprove spec.k \
+  --definition verification-kompiled \
+  --spec-module MODP-SPEC \
+  -w none
*** End Patch

LINE 148 CUSTOM_TOOL_OUTPUT
Exit code: 0
Wall time: 0 seconds
Output:
Success. Updated the following files:
A /work/prove.sh

LINE 150 FUNCTION exec_command
{"cmd":"chmod +x prove.sh && ./prove.sh","workdir":"/work","yield_time_ms":1000,"max_output_tokens":12000}
LINE 151 FUNCTION_OUTPUT
Chunk ID: ee25a7
Wall time: 1.0002 seconds
Process running with session ID 91465
Original token count: 0
Output:

LINE 154 FUNCTION write_stdin
{"session_id":91465,"chars":"","yield_time_ms":1000,"max_output_tokens":12000}
LINE 155 FUNCTION_OUTPUT
Chunk ID: aa3ca9
Wall time: 5.0019 seconds
Process running with session ID 91465
Original token count: 339
Output:
<generatedTop>
  <k>
    .K
  </k>
  <env>
    0
  </env>
  <scopes>
    -1 |-> scope ( "abs" |-> builtinV ( "abs" )
    "all" |-> builtinV ( "all" )
    "any" |-> builtinV ( "any" )
    "bin" |-> builtinV ( "bin" )
    "chr" |-> builtinV ( "chr" )
    "enumerate" |-> builtinV ( "enumerate" )
    "eval" |-> builtinV ( "eval" )
    "float" |-> typeV ( "float" )
    "int" |-> typeV ( "int" )
    "isinstance" |-> builtinV ( "isinstance" )
    "len" |-> builtinV ( "len" )
    "list" |-> builtinV ( "list" )
    "map" |-> builtinV ( "map" )
    "max" |-> builtinV ( "max" )
    "min" |-> builtinV ( "min" )
    "ord" |-> builtinV ( "ord" )
    "range" |-> builtinV ( "range" )
    "round" |-> builtinV ( "round" )
    "set" |-> builtinV ( "set" )
    "sorted" |-> builtinV ( "sorted" )
    "str" |-> typeV ( "str" )
    "sum" |-> builtinV ( "sum" )
    "zip" |-> builtinV ( "zip" ) , root )
    0 |-> scope ( "modp" |-> closureVal ( "n" , "p" , .ParamNames , Expr ( Str ( "Return 2^n modulo p." ) )  Return ( BinOp ( "%" , BinOp ( "**" , Int ( 2 ) , Name ( "n" ) ) , Name ( "p" ) ) )  .Stmts , 0 ) , parent ( -1 ) )
  </scopes>
  <scopeLoc>
    1
  </scopeLoc>
  <heap>
    .Map
  </heap>
  <heapLoc>
    0
  </heapLoc>
  <stack>
    .List
  </stack>
  <ret>
    noRet
  </ret>
  <exc>
    NoExc
  </exc>
  <exit-code>
    0
  </exit-code>
</generatedTop>

LINE 158 FUNCTION write_stdin
{"session_id":91465,"chars":"","yield_time_ms":20000,"max_output_tokens":30000}
LINE 159 FUNCTION_OUTPUT
Chunk ID: 3a5f15
Wall time: 15.7304 seconds
Process exited with code 0
Original token count: 19732
Output:
Warning: truncated output (original token count: 19732)
Total output lines: 1387

kore-exec: [922561] Warning (DecidePredicateUnknown):
    Failed to decide predicate.
Context:
    (DebugEvaluateCondition) while evaluating predicate
        (InfoReachability) while simplifying the claim
            (DecidePredicateUnknown) while applying equation defined at ...kframework/builtin/domains.md:1377:8-1377:59
                                     in Kore.Equation.Application:150:81
kore-exec: [971918] Warning (DecidePredicateUnknown):
    Failed to decide predicate.
Context:
    (DebugEvaluateCondition) while evaluating predicate
        (InfoReachability) while simplifying the claim
            (DecidePredicateUnknown) while applying equation defined at ...kframework/builtin/domains.md:1377:8-1377:59
                                     in Kore.Equation.Application:150:81
kore-exec: [1018159] Warning (DecidePredicateUnknown):
    Failed to decide predicate.
Context:
    (DebugEvaluateCondition) while evaluating predicate
        (InfoReachability) while simplifying the claim
            (DecidePredicateUnknown) while applying equation defined at ...kframework/builtin/domains.md:1377:8-1377:59
                                     in Kore.Equation.Application:150:81
kore-exec: [1079623] Warning (DecidePredicateUnknown):
    Failed to decide predicate.
Context:
    (DebugEvaluateCondition) while evaluating predicate
        (InfoReachability) while simplifying the claim
            (DecidePredicateUnknown) while applying equation defined at ...kframework/builtin/domains.md:1377:8-1377:59
                                     in Kore.Equation.Application:150:81
kore-exec: [1125998] Warning (DecidePredicateUnknown):
    Failed to decide predicate.
Context:
    (DebugEvaluateCondition) while evaluating predicate
        (InfoReachability) while checking the implication
            (DecidePredicateUnknown) while applying equation defined at ...kframework/builtin/domains.md:1377:8-1377:59
                                     in Kore.Equation.Application:150:81
kore-exec: [1169643] Warning (DecidePredicateUnknown):
    Failed to decide predicate.
Context:
    (DebugEvaluateCondition) while evaluating predicate
        (InfoReachability) while checking the implication
            (DecidePredicateUnknown) while applying equation defined at ...kframework/builtin/domains.md:1377:8-1377:59
                                     in Kore.Equation.Application:150:81
kore-exec: [1212830] Warning (DecidePredicateUnknown):
    Failed to decide predicate.
Context:
    (DebugEvaluateCondition) while evaluating predicate
        (InfoReachability) while applying axioms
            (DecidePredicateUnknown) while applying equation defined at ...kframework/builtin/domains.md:1377:8-1377:59
                                     in Kore.Equation.Application:150:81
kore-exec: [1255235] Warning (DecidePredicateUnknown):
    Failed to decide predicate.
Context:
    (DebugEvaluateCondition) while evaluating predicate
        (InfoReachability) while applying axioms
            (DecidePredicateUnknown) while applying equation defined at ...kframework/builtin/domains.md:1377:8-1377:59
                                     in Kore.Equation.Application:150:81
kore-exec: [1314204] Warning (DecidePredicateUnknown):
    Failed to decide predicate.
Context:
    (DebugEvaluateCondition) while evaluating predicate
        (InfoReachability) while checking the implication
            (DecidePredicateUnknown) while applying equation defined at ...kframework/builtin/domains.md:1377:8-1377:59
                                     in Kore.Equation.Application:150:81
kore-exec: [1355750] Warning (DecidePredicateUnknown):
    Failed to decide predicate.
Context:
    (DebugEvaluateCondition) while evaluating predicate
        (InfoReachability) while checking the implication
            (DecidePredicateUnknown) while applying equation defined at ...kframework/builtin/domains.md:1377:8-1377:59
                                     in Kore.Equation.Application:150:81
kore-exec: [1397884] Warning (DecidePredicateUnknown):
    Failed to decide predicate.
Context:
    (DebugEvaluateCondition) while evaluating predicate
        (InfoReachability) while applying axioms
            (DecidePredicateUnknown) while applying equation defined at ...kframework/builtin/domains.md:1377:8-1377:59
                                     in Kore.Equation.Application:150:81
kore-exec: [1440410] Warning (DecidePredicateUnknown):
    Failed to decide predicate.
Context:
    (DebugEvaluateCondition) while evaluating predicate
        (InfoReachability) while applying axioms
            (DecidePredicateUnknown) while applying equation defined at ...kframework/builtin/domains.md:1377:8-1377:59
                                     in Kore.Equation.Application:150:81
kore-exec: [1499636] Warning (DecidePredicateUnknown):
    Failed to decide predicate.
Context:
    (DebugEvaluateCondition) while evaluating predicate
        (InfoReachability) while checking the implication
            (DecidePredicateUnknown) while applying equation defined at ...kframework/builtin/domains.md:1377:8-1377:59
                                     in Kore.Equation.Application:150:81
kore-exec: [1541580] Warning (DecidePredicateUnknown):
    Failed to decide predicate.
Context:
    (DebugEvaluateCondition) while evaluating predicate
        (InfoReachability) while checking the implication
            (DecidePredicateUnknown) while applying equation defined at ...kframework/builtin/domains.md:1377:8-1377:59
                                     in Kore.Equation.Application:150:81
kore-exec: [1596320] Warning (DecidePredicateUnknown):
    Failed to decide predicate.
Context:
    (DebugEvaluateCondition) while evaluating predicate
        (InfoReachability) while applying axioms
            (DecidePredicateUnknown) while applying equation defined at ...kframework/builtin/domains.md:1377:8-1377:59
                                     in Kore.Equation.Application:150:81
kore-exec: [1638591] Warning (DecidePredicateUnknown):
    Failed to decide predicate.
Context:
    (DebugEvaluateCondition) while evaluating predicate
        (InfoReachability) while applying axioms
            (DecidePredicateUnknown) while applying equation defined at ...kframework/builtin/domains.md:1377:8-1377:59
                                     in Kore.Equation.Application:150:81
kore-exec: [1695633] Warning (DecidePredicateUnknown):
    Failed to decide predicate.
Context:
    (DebugEvaluateCondition) while evaluating predicate
        (InfoReachability) while checking the implication
            (DecidePredicateUnknown) while applying equation defined at ...kframework/builtin/domains.md:1377:8-1377:59
                                     in Kore.Equation.Application:150:81
kore-exec: [1737424] Warning (DecidePredicateUnknown):
    Failed to decide predicate.
Context:
    (DebugEvaluateCondition) while evaluating predicate
        (InfoReachability) while checking the implication
            (DecidePredicateUnknown) while applying equation defined at ...kframework/builtin/domains.md:1377:8-1377:59
                                     in Kore.Equation.Application:150:81
kore-exec: [1778988] Warning (DecidePredicateUnknown):
    Failed to decide predicate.
Context:
    (DebugEvaluateCondition) while evaluating predicate
        (InfoReachability) while applying axioms
            (DecidePredicateUnknown) while applying equation defined at ...kframework/builtin/domains.md:1377:8-1377:59
                                     in Kore.Equation.Application:150:81
kore-exec: [1821594] Warning (DecidePredicateUnknown):
    Failed to decide predicate.
Context:
    (DebugEvaluateCondition) while evaluating predicate
        (InfoReachability) while applying axioms
            (DecidePredicateUnknown) while applying equation defined at ...kframework/builtin/domains.md:1377:8-1377:59
                                     in Kore.Equation.Application:150:81
kore-exec: [1886844] Warning (DecidePredicateUnknown):
    Failed to decide predicate.
Context:
    (DebugEvaluateCondition) while evaluating predicate
        (InfoReachability) while checking the implication
            (DecidePredicateUnknown) while applying equation defined at ...kframework/builtin/domains.md:1377:8-1377:59
                                     in Kore.Equation.Application:150:81
kore-exec: [1936298] Warning (DecidePredicateUnknown):
    Failed to decide predicate.
Context:
    (DebugEvaluateCondition) while evaluating predicate
        (InfoReachability) while checking the implication
            (DecidePredicateUnknown) while applying equation defined at ...kframework/builtin/domains.md:1377:8-1377:59
                                     in Kore.Equation.Application:150:81
kore-exec: [1977765] Warning (DecidePredicateUnknown):
    Failed to decide predicate.
Context:
    (DebugEvaluateCondition) while evaluating predicate
        (InfoReachability) while applying axioms
            (DecidePredicateUnknown) while applying equation defined at ...kframework/builtin/domains.md:1377:8-1377:59
                                     in Kore.Equation.Application:150:81
kore-exec: [2019676] Warning (DecidePredicateUnknown):
    Failed to decide predicate.
Context:
    (DebugEvaluateCondition) while evaluating predicate
        (InfoReachability) while applying axioms
            (DecidePredicateUnknown) while applying equation defined at ...kframework/builtin/domains.md:1377:8-1377:59
                                     in Kore.Equation.Application:150:81
kore-exec: [2078700] Warning (DecidePredicateUnknown):
    Failed to decide predicate.
Context:
    (DebugEvaluateCondition) while evaluating predicate
        (InfoReachability) while checking the implication
            (DecidePredicateUnknown) while applying equation defined at ...kframework/builtin/domains.md:1377:8-1377:59
                                     in Kore.Equation.Application:150:81
kore-exec: [2120386] Warning (DecidePredicateUnknown):
    Failed to decide predicate.
Context:
    (DebugEvaluateCondition) while evaluating predicate
        (InfoReachability) while checking the implication
            (DecidePredicateUnknown) while applying equation defined at ...kframework/builtin/domains.md:1377:8-1377:59
                                     in Kore.Equation.Application:150:81
kore-exec: [2162204] Warning (DecidePredicateUnknown):
    Failed to decide predicate.
Context:
    (DebugEvaluateCondition) while evaluating predicate
        (InfoReachability) while applying axioms
            (DecidePredicateUnknown) while applying equation defined at ...kframework/builtin/domains.md:1377:8-1377:59
                                     in Kore.Equation.Application:150:81
kore-exec: [2209920] Warning (DecidePredicateUnknown):
    Failed to decide predicate.
Context:
    (DebugEvaluateCondition) while evaluating predicate
        (InfoReachability) while applying axioms
            (DecidePredicateUnknown) while applying equation defined at ...kframework/builtin/domains.md:1377:8-1377:59
                                     in Kore.Equation.Application:150:81
kore-exec: [2266341] Warning (DecidePredicateUnknown):
    Failed to decide predicate.
Context:
    (DebugEvaluateCondition) while evaluating predicate
        (InfoReachability) while checking the implication
            (DecidePredicateUnknown) while applying equation defined at ...kframework/builtin/domains.md:1377:8-1377:59
                                     in Kore.Equation.Application:150:81
kore-exec: [2307422] Warning (DecidePredicateUnknown):
    Failed to decide predicate.
Context:
    (DebugEvaluateCondition) while evaluating predicate
        (InfoReachability) while checking the implication
            (DecidePredicateUnknown) while applying equation defined at ...kframework/builtin/domains.md:1377:8-1377:59
                                     in Kore.Equation.Application:150:81
kore-exec: [2348559] Warning (DecidePredicateUnknown):
    Failed to decide predicate.
Context:
    (DebugEvaluateCondition) while evaluating predicate
        (InfoReachability) while applying axioms
            (DecidePredicateUnknown) while applying equation defined at ...kframework/builtin/domains.md:1377:8-1377:59
                                     in Kore.Equation.Application:150:81
kore-exec: [2392883] Warning (DecidePredicateUnknown):
    Failed to decide predicate.
Context:
    (DebugEvaluateCondition) while evaluating predicate
        (InfoReachability) while applying axioms
            (DecidePredicateUnknown) while applying equation defined at ...kframework/builtin/domains.md:1377:8-1377:59
                                     in Kore.Equation.Application:150:81
kore-exec: [2450724] Warning (DecidePredicateUnknown):
    Failed to decide predicate.
Context:
    (DebugEvaluateCondition) while evaluating predicate
        (InfoReachability) while checking the implication
            (DecidePredicateUnknown) while applying equation defined at ...kframework/builtin/domains.md:1377:8-1377:59
                                     in Kore.Equation.Application:150:81
kore-exec: [2491923] Warning (DecidePredicateUnknown):
    Failed to decide predicate.
Context:
    (DebugEvaluateCondition) while evaluating predicate
        (InfoReachability) while checking the implication
            (DecidePredicateUnknown) while applying equation defined at ...kframework/builtin/domains.md:1377:8-1377:59
                                     in Kore.Equation.Application:150:81
kore-exec: [2533098] Warning (DecidePredicateUnknown):
    Failed to decide predicate.
Context:
    (DebugEvaluateCondition) while evaluating predicate
        (InfoReachability) while applying axioms
            (DecidePredicateUnknown) while applying equation defined at ...kframework/builtin/domains.md:1377:8-1377:59
                                     in Kore.Equation.Application:150:81
kore-exec: [2574842] Warning (DecidePredicateUnknown):
    Failed to decide predicate.
Context:
    (DebugEvaluateCondition) while evaluating predicate
        (InfoReachability) while applying axioms
            (DecidePredicateUnknown) while applying equation defined at ...kframework/builtin/domains.md:1377:8-1377:59
                                     in Kore.Equation.Application:150:81
kore-exec: [2631007] Warning (DecidePredicateUnknown):
    Failed to decide predicate.
Context:
    (DebugEvaluateCondition) while evaluating predicate
        (InfoReachability) while checking the implication
            (DecidePredicateUnknown) while applying equation defined at ...kframework/builtin/domains.md:1377:8-1377:59
                                     in Kore.Equation.Application:150:81
kore-exec: [2672099] Warning (DecidePredicateUnknown):
    Failed to decide predicate.
Context:
    (DebugEvaluateCondition) while evaluating predicate
        (InfoReachability) while checking the implication
            (DecidePredicateUnknown) while applying equation defined at ...kframework/builtin/domains.md:1377:8-1377:59
                                     in Kore.Equation.Application:150:81
kore-exec: [2713597] Warning (DecidePredicateUnknown):
    Failed to decide predicate.
Context:
    (DebugEvaluateCondition) while evaluating predicate
        (InfoReachability) while applying axioms
            (DecidePredicateUnknown) while applying equation defined at ...kframework/builtin/domains.md:1377:8-1377:59
                                     in Kore.Equation.Application:150:81
kore-exec: [2756405] Warning (DecidePredicateUnknown):
    Failed to decide predicate.
Context:
    (DebugEvaluateCondition) while evaluating predicate
        (InfoReachability) while applying axioms
            (DecidePredicateUnknown) while applying equation defined at ...kframework/builtin/domains.md:1377:8-1377:59
                                     in Kore.Equation.Application:150:81
kore-exec: [2813490] Warning (DecidePredicateUnknown):
    Failed to decide predicate.
Context:
    (DebugEvaluateCondition) while evaluating predicate
        (InfoReachability) while checking the implication
            (DecidePredicateUnknown) while applying equation defined at ...kframework/builtin/domains.md:1377:8-1377:59
                                     in Kore.Equation.Application:150:81
kore-exec: [2856890] Warning (DecidePredicateUnknown):
    Failed to decide predicate.
Context:
    (DebugEvaluateCondition) while evaluating predicate
        (InfoReachability) while checking the implication
            (DecidePredicateUnknown) while applying equation defined at ...kframework/builtin/domains.md:1377:8-1377:59
                                     in Kore.Equation.Application:150:81
kore-exec: [2898633] Warning (DecidePredicateUnknown):
    Failed to decide predicate.
Context:
    (DebugEvaluateCondition) while evaluating predicate
        (InfoReachability) while applying axioms
            (DecidePredicateUnknown) while applying equation defined at ...kframework/builtin/domains.md:1377:8-1377:59
                                     in Kore.Equation.Application:150:81
kore-exec: [2950045] Warning (DecidePredicateUnknown):
    Failed to decide predicate.
Context:
    (DebugEvaluateCondition) while evaluating predicate
        (InfoReachability) while applying axioms
            (DecidePredicateUnknown) while applying equation defined at ...kframework/builtin/domains.md:1377:8-1377:59
                                     in Kore.Equation.Application:150:81
kore-exec: [3008867] Warning (DecidePredicateUnknown):
    Failed to decide predicate.
Context:
    (DebugEvaluateCondition) while evaluating predicate
        (InfoReachability) while checking the implication
            (DecidePredicateUnknown) while applying equation defined at ...kframework/builtin/domains.md:1377:8-1377:59
                                     in Kore.Equation.Application:150:81
kore-exec: [3051554] Warning (DecidePredicateUnknown):
    Failed to decide predicate.
Context:
    (DebugEvaluateCondition) while evaluating predicate
        (InfoReachability) while checking the implication
            (DecidePredicateUnknown) while applying equation defined at ...kframework/builtin/domains.md:1377:8-1377:59
                                     in Kore.Equation.Application:150:81
kore-exec: [3096228] Warning (DecidePredicateUnknown):
    Failed to decide predicate.
Context:
    (DebugEvaluateCondition) while evaluating predicate
        (InfoReachability) while applying axioms
            (DecidePredicateUnknown) while applying equation defined at ...kframework/builtin/domains.md:1377:8-1377:59
                                     in Kore.Equation.Application:150:81
kore-exec: [3139917] Warning (DecidePredicateUnknown):
    Failed to decide predicate.
Context:
    (DebugEvaluateCondition) while evaluating predicate
        (InfoReachability) while applying axioms
            (DecidePredicateUnknown) while applying equation defined at ...kframework/builtin/domains.md:1377:8-1377:59
                                     in Kore.Equation.Application:150:81
kore-exec: [3204984] Warning (DecidePredicateUnknown):
    Failed to decide predicate.
Context:
    (DebugEvaluateCondition) while evaluating predicate
        (InfoReachability) while checking the implication
            (DecidePredicateUnknown) while applying equation defined at ...kframework/builtin/domains.md:1377:8-1377:59
                                     in Kore.Equation.Application:150:81
kore-exec: [3257838] Warning (DecidePredicateUnknown):
    Failed to decide predicate.
Context:
    (DebugEvaluateCondition) while evaluating predicate
        (InfoReachability) while checking the implication
            (DecidePredicateUnknown) while applying equation defined at ...kframework/builtin/domains.md:1377:8-1377:59
                                     in Kore.Equation.Application:150:81
kore-exec: [3300683] Warning (DecidePredicateUnknown):
    Fai…9732 tokens truncated…                     in Kore.Equation.Application:150:81
kore-exec: [8103734] Warning (DecidePredicateUnknown):
    Failed to decide predicate.
Context:
    (DebugEvaluateCondition) while evaluating predicate
        (InfoReachability) while simplifying the claim
            (DecidePredicateUnknown) while applying equation defined at ...kframework/builtin/domains.md:1377:8-1377:59
                                     in Kore.Equation.Application:150:81
kore-exec: [8152241] Warning (DecidePredicateUnknown):
    Failed to decide predicate.
Context:
    (DebugEvaluateCondition) while evaluating predicate
        (InfoReachability) while simplifying the claim
            (DecidePredicateUnknown) while applying equation defined at ...kframework/builtin/domains.md:1377:8-1377:59
                                     in Kore.Equation.Application:150:81
kore-exec: [8206704] Warning (DecidePredicateUnknown):
    Failed to decide predicate.
Context:
    (DebugEvaluateCondition) while evaluating predicate
        (InfoReachability) while checking the implication
            (DecidePredicateUnknown) while applying equation defined at ...kframework/builtin/domains.md:1377:8-1377:59
                                     in Kore.Equation.Application:150:81
kore-exec: [8271511] Warning (DecidePredicateUnknown):
    Failed to decide predicate.
Context:
    (DebugEvaluateCondition) while evaluating predicate
        (InfoReachability) while checking the implication
            (DecidePredicateUnknown) while applying equation defined at ...kframework/builtin/domains.md:1377:8-1377:59
                                     in Kore.Equation.Application:150:81
kore-exec: [8344642] Warning (DecidePredicateUnknown):
    Failed to decide predicate.
Context:
    (DebugEvaluateCondition) while evaluating predicate
        (InfoReachability) while applying axioms
            (DecidePredicateUnknown) while applying equation defined at ...kframework/builtin/domains.md:1377:8-1377:59
                                     in Kore.Equation.Application:150:81
kore-exec: [8409062] Warning (DecidePredicateUnknown):
    Failed to decide predicate.
Context:
    (DebugEvaluateCondition) while evaluating predicate
        (InfoReachability) while applying axioms
            (DecidePredicateUnknown) while applying equation defined at ...kframework/builtin/domains.md:1377:8-1377:59
                                     in Kore.Equation.Application:150:81
kore-exec: [8473708] Warning (DecidePredicateUnknown):
    Failed to decide predicate.
Context:
    (DebugEvaluateCondition) while evaluating predicate
        (InfoReachability) while checking the implication
            (DecidePredicateUnknown) while applying equation defined at ...kframework/builtin/domains.md:1377:8-1377:59
                                     in Kore.Equation.Application:150:81
kore-exec: [8522257] Warning (DecidePredicateUnknown):
    Failed to decide predicate.
Context:
    (DebugEvaluateCondition) while evaluating predicate
        (InfoReachability) while checking the implication
            (DecidePredicateUnknown) while applying equation defined at ...kframework/builtin/domains.md:1377:8-1377:59
                                     in Kore.Equation.Application:150:81
kore-exec: [8577705] Warning (DecidePredicateUnknown):
    Failed to decide predicate.
Context:
    (DebugEvaluateCondition) while evaluating predicate
        (InfoReachability) while applying axioms
            (DecidePredicateUnknown) while applying equation defined at ...kframework/builtin/domains.md:1377:8-1377:59
                                     in Kore.Equation.Application:150:81
kore-exec: [8627360] Warning (DecidePredicateUnknown):
    Failed to decide predicate.
Context:
    (DebugEvaluateCondition) while evaluating predicate
        (InfoReachability) while applying axioms
            (DecidePredicateUnknown) while applying equation defined at ...kframework/builtin/domains.md:1377:8-1377:59
                                     in Kore.Equation.Application:150:81
kore-exec: [8709786] Warning (DecidePredicateUnknown):
    Failed to decide predicate.
Context:
    (DebugEvaluateCondition) while evaluating predicate
        (InfoReachability) while checking the implication
            (DecidePredicateUnknown) while applying equation defined at ...kframework/builtin/domains.md:1377:8-1377:59
                                     in Kore.Equation.Application:150:81
kore-exec: [8779421] Warning (DecidePredicateUnknown):
    Failed to decide predicate.
Context:
    (DebugEvaluateCondition) while evaluating predicate
        (InfoReachability) while checking the implication
            (DecidePredicateUnknown) while applying equation defined at ...kframework/builtin/domains.md:1377:8-1377:59
                                     in Kore.Equation.Application:150:81
kore-exec: [8840059] Warning (DecidePredicateUnknown):
    Failed to decide predicate.
Context:
    (DebugEvaluateCondition) while evaluating predicate
        (InfoReachability) while applying axioms
            (DecidePredicateUnknown) while applying equation defined at ...kframework/builtin/domains.md:1377:8-1377:59
                                     in Kore.Equation.Application:150:81
kore-exec: [8899955] Warning (DecidePredicateUnknown):
    Failed to decide predicate.
Context:
    (DebugEvaluateCondition) while evaluating predicate
        (InfoReachability) while applying axioms
            (DecidePredicateUnknown) while applying equation defined at ...kframework/builtin/domains.md:1377:8-1377:59
                                     in Kore.Equation.Application:150:81
kore-exec: [8980479] Warning (DecidePredicateUnknown):
    Failed to decide predicate.
Context:
    (DebugEvaluateCondition) while evaluating predicate
        (InfoReachability) while checking the implication
            (DecidePredicateUnknown) while applying equation defined at ...kframework/builtin/domains.md:1377:8-1377:59
                                     in Kore.Equation.Application:150:81
kore-exec: [9060717] Warning (DecidePredicateUnknown):
    Failed to decide predicate.
Context:
    (DebugEvaluateCondition) while evaluating predicate
        (InfoReachability) while checking the implication
            (DecidePredicateUnknown) while applying equation defined at ...kframework/builtin/domains.md:1377:8-1377:59
                                     in Kore.Equation.Application:150:81
kore-exec: [9143267] Warning (DecidePredicateUnknown):
    Failed to decide predicate.
Context:
    (DebugEvaluateCondition) while evaluating predicate
        (InfoReachability) while applying axioms
            (DecidePredicateUnknown) while applying equation defined at ...kframework/builtin/domains.md:1377:8-1377:59
                                     in Kore.Equation.Application:150:81
kore-exec: [9216733] Warning (DecidePredicateUnknown):
    Failed to decide predicate.
Context:
    (DebugEvaluateCondition) while evaluating predicate
        (InfoReachability) while applying axioms
            (DecidePredicateUnknown) while applying equation defined at ...kframework/builtin/domains.md:1377:8-1377:59
                                     in Kore.Equation.Application:150:81
kore-exec: [9305261] Warning (DecidePredicateUnknown):
    Failed to decide predicate.
Context:
    (DebugEvaluateCondition) while evaluating predicate
        (InfoReachability) while checking the implication
            (DecidePredicateUnknown) while applying equation defined at ...kframework/builtin/domains.md:1377:8-1377:59
                                     in Kore.Equation.Application:150:81
kore-exec: [9354571] Warning (DecidePredicateUnknown):
    Failed to decide predicate.
Context:
    (DebugEvaluateCondition) while evaluating predicate
        (InfoReachability) while checking the implication
            (DecidePredicateUnknown) while applying equation defined at ...kframework/builtin/domains.md:1377:8-1377:59
                                     in Kore.Equation.Application:150:81
kore-exec: [9421084] Warning (DecidePredicateUnknown):
    Failed to decide predicate.
Context:
    (DebugEvaluateCondition) while evaluating predicate
        (InfoReachability) while applying axioms
            (DecidePredicateUnknown) while applying equation defined at ...kframework/builtin/domains.md:1377:8-1377:59
                                     in Kore.Equation.Application:150:81
kore-exec: [9491746] Warning (DecidePredicateUnknown):
    Failed to decide predicate.
Context:
    (DebugEvaluateCondition) while evaluating predicate
        (InfoReachability) while applying axioms
            (DecidePredicateUnknown) while applying equation defined at ...kframework/builtin/domains.md:1377:8-1377:59
                                     in Kore.Equation.Application:150:81
kore-exec: [9576352] Warning (DecidePredicateUnknown):
    Failed to decide predicate.
Context:
    (DebugEvaluateCondition) while evaluating predicate
        (InfoReachability) while simplifying the claim
            (DecidePredicateUnknown) while applying equation defined at ...kframework/builtin/domains.md:1377:8-1377:59
                                     in Kore.Equation.Application:150:81
kore-exec: [9650886] Warning (DecidePredicateUnknown):
    Failed to decide predicate.
Context:
    (DebugEvaluateCondition) while evaluating predicate
        (InfoReachability) while simplifying the claim
            (DecidePredicateUnknown) while applying equation defined at ...kframework/builtin/domains.md:1377:8-1377:59
                                     in Kore.Equation.Application:150:81
kore-exec: [9728955] Warning (DecidePredicateUnknown):
    Failed to decide predicate.
Context:
    (DebugEvaluateCondition) while evaluating predicate
        (InfoReachability) while simplifying the claim
            (DecidePredicateUnknown) while applying equation defined at ...kframework/builtin/domains.md:1377:8-1377:59
                                     in Kore.Equation.Application:150:81
kore-exec: [9791801] Warning (DecidePredicateUnknown):
    Failed to decide predicate.
Context:
    (DebugEvaluateCondition) while evaluating predicate
        (InfoReachability) while simplifying the claim
            (DecidePredicateUnknown) while applying equation defined at ...kframework/builtin/domains.md:1377:8-1377:59
                                     in Kore.Equation.Application:150:81
kore-exec: [9858021] Warning (DecidePredicateUnknown):
    Failed to decide predicate.
Context:
    (DebugEvaluateCondition) while evaluating predicate
        (InfoReachability) while simplifying the claim
            (DecidePredicateUnknown) while applying equation defined at ...kframework/builtin/domains.md:1377:8-1377:59
                                     in Kore.Equation.Application:150:81
kore-exec: [9931329] Warning (DecidePredicateUnknown):
    Failed to decide predicate.
Context:
    (DebugEvaluateCondition) while evaluating predicate
        (InfoReachability) while simplifying the claim
            (DecidePredicateUnknown) while applying equation defined at ...kframework/builtin/domains.md:1377:8-1377:59
                                     in Kore.Equation.Application:150:81
kore-exec: [10007386] Warning (DecidePredicateUnknown):
    Failed to decide predicate.
Context:
    (DebugEvaluateCondition) while evaluating predicate
        (InfoReachability) while simplifying the claim
            (DecidePredicateUnknown) while applying equation defined at ...kframework/builtin/domains.md:1377:8-1377:59
                                     in Kore.Equation.Application:150:81
kore-exec: [10079644] Warning (DecidePredicateUnknown):
    Failed to decide predicate.
Context:
    (DebugEvaluateCondition) while evaluating predicate
        (InfoReachability) while simplifying the claim
            (DecidePredicateUnknown) while applying equation defined at ...kframework/builtin/domains.md:1377:8-1377:59
                                     in Kore.Equation.Application:150:81
kore-exec: [10151558] Warning (DecidePredicateUnknown):
    Failed to decide predicate.
Context:
    (DebugEvaluateCondition) while evaluating predicate
        (InfoReachability) while simplifying the claim
            (DecidePredicateUnknown) while applying equation defined at ...kframework/builtin/domains.md:1377:8-1377:59
                                     in Kore.Equation.Application:150:81
kore-exec: [10220760] Warning (DecidePredicateUnknown):
    Failed to decide predicate.
Context:
    (DebugEvaluateCondition) while evaluating predicate
        (InfoReachability) while simplifying the claim
            (DecidePredicateUnknown) while applying equation defined at ...kframework/builtin/domains.md:1377:8-1377:59
                                     in Kore.Equation.Application:150:81
kore-exec: [10284433] Warning (DecidePredicateUnknown):
    Failed to decide predicate.
Context:
    (DebugEvaluateCondition) while evaluating predicate
        (InfoReachability) while checking the implication
            (DecidePredicateUnknown) while applying equation defined at ...kframework/builtin/domains.md:1377:8-1377:59
                                     in Kore.Equation.Application:150:81
kore-exec: [10331045] Warning (DecidePredicateUnknown):
    Failed to decide predicate.
Context:
    (DebugEvaluateCondition) while evaluating predicate
        (InfoReachability) while checking the implication
            (DecidePredicateUnknown) while applying equation defined at ...kframework/builtin/domains.md:1377:8-1377:59
                                     in Kore.Equation.Application:150:81
kore-exec: [10375876] Warning (DecidePredicateUnknown):
    Failed to decide predicate.
Context:
    (DebugEvaluateCondition) while evaluating predicate
        (InfoReachability) while checking the implication
            (DecidePredicateUnknown) while applying equation defined at ...kframework/builtin/domains.md:1377:8-1377:59
                                     in Kore.Equation.Application:150:81
kore-exec: [10421702] Warning (DecidePredicateUnknown):
    Failed to decide predicate.
Context:
    (DebugEvaluateCondition) while evaluating predicate
        (InfoReachability) while checking the implication
            (DecidePredicateUnknown) while applying equation defined at ...kframework/builtin/domains.md:1377:8-1377:59
                                     in Kore.Equation.Application:150:81
kore-exec: [10466813] Warning (DecidePredicateUnknown):
    Failed to decide predicate.
Context:
    (DebugEvaluateCondition) while evaluating predicate
        (InfoReachability) while applying axioms
            (DecidePredicateUnknown) while applying equation defined at ...kframework/builtin/domains.md:1377:8-1377:59
                                     in Kore.Equation.Application:150:81
kore-exec: [10526066] Warning (DecidePredicateUnknown):
    Failed to decide predicate.
Context:
    (DebugEvaluateCondition) while evaluating predicate
        (InfoReachability) while applying axioms
            (DecidePredicateUnknown) while applying equation defined at ...kframework/builtin/domains.md:1377:8-1377:59
                                     in Kore.Equation.Application:150:81
kore-exec: [10582889] Warning (DecidePredicateUnknown):
    Failed to decide predicate.
Context:
    (DebugEvaluateCondition) while evaluating predicate
        (InfoReachability) while applying axioms
            (DecidePredicateUnknown) while applying equation defined at ...kframework/builtin/domains.md:1377:8-1377:59
                                     in Kore.Equation.Application:150:81
kore-exec: [10649785] Warning (DecidePredicateUnknown):
    Failed to decide predicate.
Context:
    (DebugEvaluateCondition) while evaluating predicate
        (InfoReachability) while applying axioms
            (DecidePredicateUnknown) while applying equation defined at ...kframework/builtin/domains.md:1377:8-1377:59
                                     in Kore.Equation.Application:150:81
kore-exec: [10718920] Warning (DecidePredicateUnknown):
    Failed to decide predicate.
Context:
    (DebugEvaluateCondition) while evaluating predicate
        (InfoReachability) while applying axioms
            (DecidePredicateUnknown) while applying equation defined at ...kframework/builtin/domains.md:1377:8-1377:59
                                     in Kore.Equation.Application:150:81
kore-exec: [10797647] Warning (DecidePredicateUnknown):
    Failed to decide predicate.
Context:
    (DebugEvaluateCondition) while evaluating predicate
        (InfoReachability) while applying axioms
            (DecidePredicateUnknown) while applying equation defined at ...kframework/builtin/domains.md:1377:8-1377:59
                                     in Kore.Equation.Application:150:81
kore-exec: [10864457] Warning (DecidePredicateUnknown):
    Failed to decide predicate.
Context:
    (DebugEvaluateCondition) while evaluating predicate
        (InfoReachability) while applying axioms
            (DecidePredicateUnknown) while applying equation defined at ...kframework/builtin/domains.md:1377:8-1377:59
                                     in Kore.Equation.Application:150:81
kore-exec: [10933108] Warning (DecidePredicateUnknown):
    Failed to decide predicate.
Context:
    (DebugEvaluateCondition) while evaluating predicate
        (InfoReachability) while applying axioms
            (DecidePredicateUnknown) while applying equation defined at ...kframework/builtin/domains.md:1377:8-1377:59
                                     in Kore.Equation.Application:150:81
kore-exec: [11011901] Warning (DecidePredicateUnknown):
    Failed to decide predicate.
Context:
    (DebugEvaluateCondition) while evaluating predicate
        (InfoReachability) while applying axioms
            (DecidePredicateUnknown) while applying equation defined at ...kframework/builtin/domains.md:1377:8-1377:59
                                     in Kore.Equation.Application:150:81
kore-exec: [11062308] Warning (DecidePredicateUnknown):
    Failed to decide predicate.
Context:
    (DebugEvaluateCondition) while evaluating predicate
        (InfoReachability) while applying axioms
            (DecidePredicateUnknown) while applying equation defined at ...kframework/builtin/domains.md:1377:8-1377:59
                                     in Kore.Equation.Application:150:81
kore-exec: [11121808] Warning (DecidePredicateUnknown):
    Failed to decide predicate.
Context:
    (DebugEvaluateCondition) while evaluating predicate
        (InfoReachability) while applying axioms
            (DecidePredicateUnknown) while applying equation defined at ...kframework/builtin/domains.md:1377:8-1377:59
                                     in Kore.Equation.Application:150:81
kore-exec: [11203548] Warning (DecidePredicateUnknown):
    Failed to decide predicate.
Context:
    (DebugEvaluateCondition) while evaluating predicate
        (InfoReachability) while applying axioms
            (DecidePredicateUnknown) while applying equation defined at ...kframework/builtin/domains.md:1377:8-1377:59
                                     in Kore.Equation.Application:150:81
kore-exec: [11269943] Warning (DecidePredicateUnknown):
    Failed to decide predicate.
Context:
    (DebugEvaluateCondition) while evaluating predicate
        (InfoReachability) while checking the implication
            (DecidePredicateUnknown) while applying equation defined at ...kframework/builtin/domains.md:1377:8-1377:59
                                     in Kore.Equation.Application:150:81
kore-exec: [11324878] Warning (DecidePredicateUnknown):
    Failed to decide predicate.
Context:
    (DebugEvaluateCondition) while evaluating predicate
        (InfoReachability) while checking the implication
            (DecidePredicateUnknown) while applying equation defined at ...kframework/builtin/domains.md:1377:8-1377:59
                                     in Kore.Equation.Application:150:81
#Top

LINE 163 FUNCTION update_plan
{"explanation":"The LLVM harness passes every prompt example, and the symbolic reachability claim proves the full translated function for all n >= 0 and p > 0. The complete prove.sh rerun exited 0 and printed #Top.","plan":[{"step":"Inspect prompt, translator, and reference semantics","status":"completed"},{"step":"Implement solution.py and generate solution.mpy","status":"completed"},{"step":"Create verification.k, spec.k, and prove.sh","status":"completed"},{"step":"Compile, exercise with krun, and prove with kprove","status":"completed"},{"step":"Audit deliverables and report result","status":"in_progress"}]}
LINE 164 FUNCTION_OUTPUT
Plan updated
LINE 166 CUSTOM_TOOL exec
const r = await tools.exec_command({"cmd":"set -e\nbash -n prove.sh\npython3 -m py_compile solution.py\nmpy_tmp=$(mktemp /work/solution-mpy-check.XXXXXX)\npython3 py2mpy.py solution.py > \"$mpy_tmp\"\ncmp -s solution.mpy \"$mpy_tmp\"\nrm \"$mpy_tmp\"\npython3 - <<'PY'\nfrom solution import modp\nfor n in range(201):\n    for p in range(1, 102):\n        assert modp(n, p) == pow(2, n, p), (n, p)\nprint(\"Python cross-check: 20,301 cases passed\")\nPY\nfor f in solution.py solution.mpy verification.k spec.k prove.sh concrete-tests.mpy; do test -s \"$f\"; done\nls -l solution.py solution.mpy verification.k spec.k prove.sh concrete-tests.mpy\nsha256sum solution.py solution.mpy verification.k spec.k prove.sh concrete-tests.mpy","workdir":"/work","yield_time_ms":10000,"max_output_tokens":12000});
text(r.output);

LINE 167 CUSTOM_TOOL_OUTPUT
[{'type': 'input_text', 'text': 'Script completed\nWall time 0.1 seconds\nOutput:\n'}, {'type': 'input_text', 'text': 'Python cross-check: 20,301 cases passed\n-rw-r--r-- 1 agent agent 588 Jul 23 00:09 concrete-tests.mpy\n-rwxr-xr-x 1 agent agent 850 Jul 23 00:13 prove.sh\n-rw-r--r-- 1 agent agent 150 Jul 23 00:13 solution.mpy\n-rw-r--r-- 1 agent agent  81 Jul 23 00:08 solution.py\n-rw-r--r-- 1 agent agent 760 Jul 23 00:11 spec.k\n-rw-r--r-- 1 agent agent 927 Jul 23 00:11 verification.k\n52b00a31e4bc81fbb455e0afc1270b1358eb654fb41744db927a8288a749b82c  solution.py\ndecfb64de0df0629e829ffe7ab9b401825c0462c98ffb57019f5d3657006cf7c  solution.mpy\n9ee9a4a9d20147a93a986331429546e8c2009d15b5ea29b39577bd0d226ccc4c  verification.k\n7adc391fcaf8c4e2e56e40a11ad56aec832f89d83d01659c6bb054691f08e311  spec.k\n6f3d1a206c61fef9e34f2878f323677e5fbecaed92b378625b6052c8d6a39779  prove.sh\nf20dc20420c5cfd2b1a0a9515c788036b33fdedf4d6a71ba054d86c33bb3b4e2  concrete-tests.mpy\n'}]
LINE 170 FUNCTION exec_command
{"cmd":"nl -ba solution.py && nl -ba verification.k && nl -ba spec.k && nl -ba prove.sh && find . -maxdepth 1 -type f -printf '%f\\n' | sort","workdir":"/work","yield_time_ms":10000,"max_output_tokens":12000}
LINE 171 FUNCTION_OUTPUT
Chunk ID: aee05a
Wall time: 0.0000 seconds
Process exited with code 0
Original token count: 835
Output:
     1	def modp(n: int, p: int):
     2	    """Return 2^n modulo p."""
     3	    return (2 ** n) % p
     1	requires "reference-semantics/semantics.k"
     2	
     3	module MODP-VERIFICATION
     4	  imports MPY
     5	
     6	  // This is the exact Module term generated in solution.mpy.  Giving it a
     7	  // name keeps the reachability claim readable while still executing the
     8	  // translated program through the supplied Python semantics.
     9	  syntax Stmts ::= "modpBody" [function]
    10	  rule modpBody
    11	    => Expr(Str("Return 2^n modulo p."))
    12	       Return(BinOp("%", BinOp("**", Int(2), Name("n")), Name("p")))
    13	
    14	  syntax Module ::= "modpProgram" [function]
    15	  rule modpProgram
    16	    => Module(
    17	         FuncDef("modp", Params("n", "p"), modpBody))
    18	
    19	  // Mathematical contract for the supported input domain.  pyMod is the
    20	  // supplied semantics' Python (floored) remainder, and ^Int is unbounded
    21	  // integer exponentiation.
    22	  syntax Int ::= specModp(Int, Int) [function]
    23	  rule specModp(N:Int, P:Int) => pyMod(2 ^Int N, P)
    24	       requires N >=Int 0 andBool P >Int 0
    25	endmodule
     1	requires "verification.k"
     2	
     3	module MODP-SPEC
     4	  imports MODP-VERIFICATION
     5	
     6	  claim
     7	    <k>
     8	      ( #loadAll(modpProgram)
     9	        ~> Call(Name("modp"), (Int(N), Int(P), .Exprs)) )
    10	      => (specModp(N, P) ~> .K)
    11	    </k>
    12	    <env> 0 </env>
    13	    <scopes>
    14	      ( 0  |-> scope(.Map, parent(-1))
    15	        -1 |-> builtinsScope )
    16	      =>
    17	      ( 0  |-> scope(
    18	                  "modp" |-> closureVal(
    19	                    ("n", "p", .ParamNames), modpBody, 0),
    20	                  parent(-1))
    21	        -1 |-> builtinsScope )
    22	    </scopes>
    23	    <scopeLoc> 1 </scopeLoc>
    24	    <heap> .Map </heap>
    25	    <heapLoc> 0 </heapLoc>
    26	    <stack> .List </stack>
    27	    <ret> noRet </ret>
    28	    <exc> NoExc </exc>
    29	    <exit-code> 0 </exit-code>
    30	    requires N >=Int 0 andBool P >Int 0
    31	endmodule
     1	#!/usr/bin/env bash
     2	set -euo pipefail
     3	
     4	# Translate the submitted Python implementation.
     5	python3 py2mpy.py solution.py > solution.mpy
     6	
     7	# Build the supplied concrete semantics exactly as required, then run all
     8	# examples from prompt.py as assertions.
     9	kompile reference-semantics/semantics.k \
    10	  --backend llvm \
    11	  --main-module MPY-KRUN \
    12	  --syntax-module MPY-SYNTAX \
    13	  --output-definition runtime-kompiled \
    14	  -w none
    15	krun concrete-tests.mpy --definition runtime-kompiled
    16	
    17	# Build the symbolic extension (which imports MPY, not MPY-KRUN) and prove
    18	# every reachability claim in spec.k.
    19	kompile verification.k \
    20	  --backend haskell \
    21	  --main-module MODP-VERIFICATION \
    22	  --syntax-module MPY-SYNTAX \
    23	  --output-definition verification-kompiled \
    24	  -w none
    25	kprove spec.k \
    26	  --definition verification-kompiled \
    27	  --spec-module MODP-SPEC \
    28	  -w none
concrete-tests.mpy
prompt.py
prove.sh
py2mpy.py
run-input.json
solution.mpy
solution.py
spec.k
verification.k

LINE 174 FUNCTION update_plan
{"explanation":"Final audit passed: prove.sh is syntactically valid and executable, solution.mpy exactly regenerates from solution.py, all required files are nonempty, 20,301 Python cross-checks agree with three-argument pow, and the end-to-end script exits 0 with kprove printing #Top.","plan":[{"step":"Inspect prompt, translator, and reference semantics","status":"completed"},{"step":"Implement solution.py and generate solution.mpy","status":"completed"},{"step":"Create verification.k, spec.k, and prove.sh","status":"completed"},{"step":"Compile, exercise with krun, and prove with kprove","status":"completed"},{"step":"Audit deliverables and report result","status":"completed"}]}
LINE 175 FUNCTION_OUTPUT
Plan updated
LINE 178 AGENT_MESSAGE
Implemented and verified `modp`.

- Created [solution.py](/work/solution.py), [solution.mpy](/work/solution.mpy), [verification.k](/work/verification.k), [spec.k](/work/spec.k), and executable [prove.sh](/work/prove.sh).
- LLVM `krun` passed all five prompt examples.
- Universal proof covers `n >= 0` and `p > 0`.
- End-to-end `./prove.sh` exited 0; `kprove` printed `#Top`.
- An additional 20,301 Python cases matched `pow(2, n, p)`.

RESULT: KPROVE_PASSED — Every required positive proof command printed #Top and exited 0.
LINE 181 TASK_COMPLETE
Implemented and verified `modp`.

- Created [solution.py](/work/solution.py), [solution.mpy](/work/solution.mpy), [verification.k](/work/verification.k), [spec.k](/work/spec.k), and executable [prove.sh](/work/prove.sh).
- LLVM `krun` passed all five prompt examples.
- Universal proof covers `n >= 0` and `p > 0`.
- End-to-end `./prove.sh` exited 0; `kprove` printed `#Top`.
- An additional 20,301 Python cases matched `pow(2, n, p)`.

RESULT: KPROVE_PASSED — Every required positive proof command printed #Top and exited 0.
EVENT_COUNTS
event_msg/agent_message 5
event_msg/patch_apply_end 9
event_msg/task_complete 1
event_msg/task_started 1
event_msg/token_count 39
event_msg/user_message 1
response_item/custom_tool_call 14
response_item/custom_tool_call_output 14
response_item/function_call 24
response_item/function_call_output 24
response_item/message 10
response_item/reasoning 36
session_meta/<missing> 1
turn_context/<missing> 1
world_state/<missing> 1
EXIT_STATUS: 0
