source,source_sha256,line_start,line_end,kind,flags,summary,decision,rationale
reference-semantics/semantics/assert.k,4258987a261d24b02ab3abfa52b3b2e013ea6323f9d5eb9a59c8f42cbcba030b,3,3,module,,module MPY-ASSERT,ACCEPTED_SELECTED_SUPPLIED_SEMANTICS,Byte-identical to /reference/reference-semantics; fixed selected semantics boundary.
reference-semantics/semantics/assert.k,4258987a261d24b02ab3abfa52b3b2e013ea6323f9d5eb9a59c8f42cbcba030b,4,4,imports,,imports MPY-CORE,ACCEPTED_SELECTED_SUPPLIED_SEMANTICS,Byte-identical to /reference/reference-semantics; fixed selected semantics boundary.
reference-semantics/semantics/assert.k,4258987a261d24b02ab3abfa52b3b2e013ea6323f9d5eb9a59c8f42cbcba030b,6,7,rule,ordinary-rule,rule <k> Assert(V:Val) => .K ... </k> requires truthy(V),ACCEPTED_SELECTED_SUPPLIED_SEMANTICS,Byte-identical to /reference/reference-semantics; fixed selected semantics boundary.
reference-semantics/semantics/assert.k,4258987a261d24b02ab3abfa52b3b2e013ea6323f9d5eb9a59c8f42cbcba030b,8,11,rule,ordinary-rule,rule <k> Assert(V:Val) ~> _ => .K </k> <exc> NoExc => AssertionError </exc>,ACCEPTED_SELECTED_SUPPLIED_SEMANTICS,Byte-identical to /reference/reference-semantics; fixed selected semantics boundary.
reference-semantics/semantics/assert.k,4258987a261d24b02ab3abfa52b3b2e013ea6323f9d5eb9a59c8f42cbcba030b,13,15,rule,priority;ordinary-rule,rule <k> Assert(ref(H:Int)) => Assert(V) ... </k> <heap> ... H |-> V:Val ... </heap>,ACCEPTED_SELECTED_SUPPLIED_SEMANTICS,Byte-identical to /reference/reference-semantics; fixed selected semantics boundary.
reference-semantics/semantics/assert.k,4258987a261d24b02ab3abfa52b3b2e013ea6323f9d5eb9a59c8f42cbcba030b,16,16,endmodule,,endmodule,ACCEPTED_SELECTED_SUPPLIED_SEMANTICS,Byte-identical to /reference/reference-semantics; fixed selected semantics boundary.
reference-semantics/semantics/bool.k,8d6cfa9cd1ed776e51d776e4d358c418960c57715a6f9654ef9af41aea29f4fd,5,5,module,,module MPY-BOOL,ACCEPTED_SELECTED_SUPPLIED_SEMANTICS,Byte-identical to /reference/reference-semantics; fixed selected semantics boundary.
reference-semantics/semantics/bool.k,8d6cfa9cd1ed776e51d776e4d358c418960c57715a6f9654ef9af41aea29f4fd,6,6,imports,,imports MPY-CORE,ACCEPTED_SELECTED_SUPPLIED_SEMANTICS,Byte-identical to /reference/reference-semantics; fixed selected semantics boundary.
reference-semantics/semantics/bool.k,8d6cfa9cd1ed776e51d776e4d358c418960c57715a6f9654ef9af41aea29f4fd,8,8,rule,ordinary-rule,"rule applyUn(""not"", V:Val) => notBool truthy(V)",ACCEPTED_SELECTED_SUPPLIED_SEMANTICS,Byte-identical to /reference/reference-semantics; fixed selected semantics boundary.
reference-semantics/semantics/bool.k,8d6cfa9cd1ed776e51d776e4d358c418960c57715a6f9654ef9af41aea29f4fd,10,10,rule,ordinary-rule,"rule applyCmp(""=="", B1:Bool, B2:Bool) => B1 ==Bool B2",ACCEPTED_SELECTED_SUPPLIED_SEMANTICS,Byte-identical to /reference/reference-semantics; fixed selected semantics boundary.
reference-semantics/semantics/bool.k,8d6cfa9cd1ed776e51d776e4d358c418960c57715a6f9654ef9af41aea29f4fd,11,15,rule,ordinary-rule,"rule applyCmp(""!="", B1:Bool, B2:Bool) => B1 =/=Bool B2 ",ACCEPTED_SELECTED_SUPPLIED_SEMANTICS,Byte-identical to /reference/reference-semantics; fixed selected semantics boundary.
reference-semantics/semantics/bool.k,8d6cfa9cd1ed776e51d776e4d358c418960c57715a6f9654ef9af41aea29f4fd,16,16,context,,"context BoolOp(_, (HOLE:Expr, _:Exprs))",ACCEPTED_SELECTED_SUPPLIED_SEMANTICS,Byte-identical to /reference/reference-semantics; fixed selected semantics boundary.
reference-semantics/semantics/bool.k,8d6cfa9cd1ed776e51d776e4d358c418960c57715a6f9654ef9af41aea29f4fd,17,17,rule,ordinary-rule,"rule <k> BoolOp(_:String, (V:Val, .Exprs)) => V ... </k>",ACCEPTED_SELECTED_SUPPLIED_SEMANTICS,Byte-identical to /reference/reference-semantics; fixed selected semantics boundary.
reference-semantics/semantics/bool.k,8d6cfa9cd1ed776e51d776e4d358c418960c57715a6f9654ef9af41aea29f4fd,18,19,rule,ordinary-rule,"rule <k> BoolOp(""and"", (V:Val, A:Expr, REST:Exprs)) => BoolOp(""and"", (A, REST)) ... </k> requires truthy(V)",ACCEPTED_SELECTED_SUPPLIED_SEMANTICS,Byte-identical to /reference/reference-semantics; fixed selected semantics boundary.
reference-semantics/semantics/bool.k,8d6cfa9cd1ed776e51d776e4d358c418960c57715a6f9654ef9af41aea29f4fd,20,21,rule,ordinary-rule,"rule <k> BoolOp(""and"", (V:Val, _:Expr, _:Exprs)) => V ... </k> requires notBool truthy(V)",ACCEPTED_SELECTED_SUPPLIED_SEMANTICS,Byte-identical to /reference/reference-semantics; fixed selected semantics boundary.
reference-semantics/semantics/bool.k,8d6cfa9cd1ed776e51d776e4d358c418960c57715a6f9654ef9af41aea29f4fd,22,23,rule,ordinary-rule,"rule <k> BoolOp(""or"",  (V:Val, _:Expr, _:Exprs)) => V ... </k> requires truthy(V)",ACCEPTED_SELECTED_SUPPLIED_SEMANTICS,Byte-identical to /reference/reference-semantics; fixed selected semantics boundary.
reference-semantics/semantics/bool.k,8d6cfa9cd1ed776e51d776e4d358c418960c57715a6f9654ef9af41aea29f4fd,24,28,rule,ordinary-rule,"rule <k> BoolOp(""or"",  (V:Val, A:Expr, REST:Exprs)) => BoolOp(""or"", (A, REST)) ... </k> requires notBool truthy(V)",ACCEPTED_SELECTED_SUPPLIED_SEMANTICS,Byte-identical to /reference/reference-semantics; fixed selected semantics boundary.
reference-semantics/semantics/bool.k,8d6cfa9cd1ed776e51d776e4d358c418960c57715a6f9654ef9af41aea29f4fd,29,30,rule,priority;ordinary-rule,"rule <k> BoolOp(_:String, (ref(H:Int), .Exprs)) => ref(H) ... </k> [priority(40)]",ACCEPTED_SELECTED_SUPPLIED_SEMANTICS,Byte-identical to /reference/reference-semantics; fixed selected semantics boundary.
reference-semantics/semantics/bool.k,8d6cfa9cd1ed776e51d776e4d358c418960c57715a6f9654ef9af41aea29f4fd,31,34,rule,priority;ordinary-rule,"rule <k> BoolOp(""and"", (ref(H:Int), A:Expr, REST:Exprs)) => BoolOp(""and"", (A, REST)) ... </k> <heap> ... H |-> V:Val ... </heap>",ACCEPTED_SELECTED_SUPPLIED_SEMANTICS,Byte-identical to /reference/reference-semantics; fixed selected semantics boundary.
reference-semantics/semantics/bool.k,8d6cfa9cd1ed776e51d776e4d358c418960c57715a6f9654ef9af41aea29f4fd,35,38,rule,priority;ordinary-rule,"rule <k> BoolOp(""and"", (ref(H:Int), _:Expr, _:Exprs)) => ref(H) ... </k> <heap> ... H |-> V:Val ... </heap>",ACCEPTED_SELECTED_SUPPLIED_SEMANTICS,Byte-identical to /reference/reference-semantics; fixed selected semantics boundary.
reference-semantics/semantics/bool.k,8d6cfa9cd1ed776e51d776e4d358c418960c57715a6f9654ef9af41aea29f4fd,39,42,rule,priority;ordinary-rule,"rule <k> BoolOp(""or"", (ref(H:Int), _:Expr, _:Exprs)) => ref(H) ... </k> <heap> ... H |-> V:Val ... </heap>",ACCEPTED_SELECTED_SUPPLIED_SEMANTICS,Byte-identical to /reference/reference-semantics; fixed selected semantics boundary.
reference-semantics/semantics/bool.k,8d6cfa9cd1ed776e51d776e4d358c418960c57715a6f9654ef9af41aea29f4fd,43,46,rule,priority;ordinary-rule,"rule <k> BoolOp(""or"", (ref(H:Int), A:Expr, REST:Exprs)) => BoolOp(""or"", (A, REST)) ... </k> <heap> ... H |-> V:Val ... </heap>",ACCEPTED_SELECTED_SUPPLIED_SEMANTICS,Byte-identical to /reference/reference-semantics; fixed selected semantics boundary.
reference-semantics/semantics/bool.k,8d6cfa9cd1ed776e51d776e4d358c418960c57715a6f9654ef9af41aea29f4fd,47,47,endmodule,,endmodule,ACCEPTED_SELECTED_SUPPLIED_SEMANTICS,Byte-identical to /reference/reference-semantics; fixed selected semantics boundary.
reference-semantics/semantics/builtins.k,fa43a855b8a4548f305f3dd210c8f6c6e7aa15b8d1cb0b8296977f061310c2dd,3,3,module,,module MPY-BUILTINS,ACCEPTED_SELECTED_SUPPLIED_SEMANTICS,Byte-identical to /reference/reference-semantics; fixed selected semantics boundary.
reference-semantics/semantics/builtins.k,fa43a855b8a4548f305f3dd210c8f6c6e7aa15b8d1cb0b8296977f061310c2dd,4,4,imports,,imports MPY-CORE,ACCEPTED_SELECTED_SUPPLIED_SEMANTICS,Byte-identical to /reference/reference-semantics; fixed selected semantics boundary.
reference-semantics/semantics/builtins.k,fa43a855b8a4548f305f3dd210c8f6c6e7aa15b8d1cb0b8296977f061310c2dd,5,5,imports,,imports MPY-STR,ACCEPTED_SELECTED_SUPPLIED_SEMANTICS,Byte-identical to /reference/reference-semantics; fixed selected semantics boundary.
reference-semantics/semantics/builtins.k,fa43a855b8a4548f305f3dd210c8f6c6e7aa15b8d1cb0b8296977f061310c2dd,6,6,imports,,imports MPY-SET,ACCEPTED_SELECTED_SUPPLIED_SEMANTICS,Byte-identical to /reference/reference-semantics; fixed selected semantics boundary.
reference-semantics/semantics/builtins.k,fa43a855b8a4548f305f3dd210c8f6c6e7aa15b8d1cb0b8296977f061310c2dd,7,7,imports,,imports MPY-ITER,ACCEPTED_SELECTED_SUPPLIED_SEMANTICS,Byte-identical to /reference/reference-semantics; fixed selected semantics boundary.
reference-semantics/semantics/builtins.k,fa43a855b8a4548f305f3dd210c8f6c6e7aa15b8d1cb0b8296977f061310c2dd,8,8,imports,,imports MPY-RANGE,ACCEPTED_SELECTED_SUPPLIED_SEMANTICS,Byte-identical to /reference/reference-semantics; fixed selected semantics boundary.
reference-semantics/semantics/builtins.k,fa43a855b8a4548f305f3dd210c8f6c6e7aa15b8d1cb0b8296977f061310c2dd,9,9,imports,,imports MPY-INT,ACCEPTED_SELECTED_SUPPLIED_SEMANTICS,Byte-identical to /reference/reference-semantics; fixed selected semantics boundary.
reference-semantics/semantics/builtins.k,fa43a855b8a4548f305f3dd210c8f6c6e7aa15b8d1cb0b8296977f061310c2dd,10,16,imports,,imports MPY-METHODS ,ACCEPTED_SELECTED_SUPPLIED_SEMANTICS,Byte-identical to /reference/reference-semantics; fixed selected semantics boundary.
reference-semantics/semantics/builtins.k,fa43a855b8a4548f305f3dd210c8f6c6e7aa15b8d1cb0b8296977f061310c2dd,17,19,syntax,function,"syntax Val ::= applyBuiltin(String, Vals) [function] ",ACCEPTED_SELECTED_SUPPLIED_SEMANTICS,Byte-identical to /reference/reference-semantics; fixed selected semantics boundary.
reference-semantics/semantics/builtins.k,fa43a855b8a4548f305f3dd210c8f6c6e7aa15b8d1cb0b8296977f061310c2dd,20,20,syntax,function,syntax Int ::= seqLen(Val) [function],ACCEPTED_SELECTED_SUPPLIED_SEMANTICS,Byte-identical to /reference/reference-semantics; fixed selected semantics boundary.
reference-semantics/semantics/builtins.k,fa43a855b8a4548f305f3dd210c8f6c6e7aa15b8d1cb0b8296977f061310c2dd,21,21,rule,ordinary-rule,"rule applyBuiltin(""len"", OBJ:Val, .Vals) => seqLen(OBJ)",ACCEPTED_SELECTED_SUPPLIED_SEMANTICS,Byte-identical to /reference/reference-semantics; fixed selected semantics boundary.
reference-semantics/semantics/builtins.k,fa43a855b8a4548f305f3dd210c8f6c6e7aa15b8d1cb0b8296977f061310c2dd,22,22,rule,ordinary-rule,rule seqLen(list(VS:ValSeq))                  => vsLen(VS),ACCEPTED_SELECTED_SUPPLIED_SEMANTICS,Byte-identical to /reference/reference-semantics; fixed selected semantics boundary.
reference-semantics/semantics/builtins.k,fa43a855b8a4548f305f3dd210c8f6c6e7aa15b8d1cb0b8296977f061310c2dd,23,23,rule,ordinary-rule,rule seqLen(tuple(VS:ValSeq))                 => vsLen(VS),ACCEPTED_SELECTED_SUPPLIED_SEMANTICS,Byte-identical to /reference/reference-semantics; fixed selected semantics boundary.
reference-semantics/semantics/builtins.k,fa43a855b8a4548f305f3dd210c8f6c6e7aa15b8d1cb0b8296977f061310c2dd,24,24,rule,ordinary-rule,rule seqLen(str(IS:IntSeq))                   => isLen(IS),ACCEPTED_SELECTED_SUPPLIED_SEMANTICS,Byte-identical to /reference/reference-semantics; fixed selected semantics boundary.
reference-semantics/semantics/builtins.k,fa43a855b8a4548f305f3dd210c8f6c6e7aa15b8d1cb0b8296977f061310c2dd,25,25,rule,ordinary-rule,rule seqLen(setV(DS:IntSeq))                  => isLen(DS),ACCEPTED_SELECTED_SUPPLIED_SEMANTICS,Byte-identical to /reference/reference-semantics; fixed selected semantics boundary.
reference-semantics/semantics/builtins.k,fa43a855b8a4548f305f3dd210c8f6c6e7aa15b8d1cb0b8296977f061310c2dd,26,31,rule,ordinary-rule,"rule seqLen(rangeObj(LO:Int, HI:Int, ST:Int)) => rangeLen(LO, HI, ST) ",ACCEPTED_SELECTED_SUPPLIED_SEMANTICS,Byte-identical to /reference/reference-semantics; fixed selected semantics boundary.
reference-semantics/semantics/builtins.k,fa43a855b8a4548f305f3dd210c8f6c6e7aa15b8d1cb0b8296977f061310c2dd,32,32,rule,ordinary-rule,"rule <k> #applyK(toCall(builtinV(""list"")), (list(VS:ValSeq),  .Vals)) => #alloc(list(VS)) ... </k>",ACCEPTED_SELECTED_SUPPLIED_SEMANTICS,Byte-identical to /reference/reference-semantics; fixed selected semantics boundary.
reference-semantics/semantics/builtins.k,fa43a855b8a4548f305f3dd210c8f6c6e7aa15b8d1cb0b8296977f061310c2dd,33,33,rule,ordinary-rule,"rule <k> #applyK(toCall(builtinV(""list"")), (tuple(VS:ValSeq), .Vals)) => #alloc(list(VS)) ... </k>",ACCEPTED_SELECTED_SUPPLIED_SEMANTICS,Byte-identical to /reference/reference-semantics; fixed selected semantics boundary.
reference-semantics/semantics/builtins.k,fa43a855b8a4548f305f3dd210c8f6c6e7aa15b8d1cb0b8296977f061310c2dd,34,34,rule,ordinary-rule,"rule <k> #applyK(toCall(builtinV(""list"")), .Vals)                     => #alloc(list(.ValSeq)) ... </k>",ACCEPTED_SELECTED_SUPPLIED_SEMANTICS,Byte-identical to /reference/reference-semantics; fixed selected semantics boundary.
reference-semantics/semantics/builtins.k,fa43a855b8a4548f305f3dd210c8f6c6e7aa15b8d1cb0b8296977f061310c2dd,35,35,rule,ordinary-rule,"rule <k> #applyK(toCall(builtinV(""list"")), (str(CS:IntSeq), .Vals))   => #alloc(list(charsOf(CS))) ... </k>",ACCEPTED_SELECTED_SUPPLIED_SEMANTICS,Byte-identical to /reference/reference-semantics; fixed selected semantics boundary.
reference-semantics/semantics/builtins.k,fa43a855b8a4548f305f3dd210c8f6c6e7aa15b8d1cb0b8296977f061310c2dd,36,36,syntax,function;total,"syntax ValSeq ::= charsOf(IntSeq) [function, total]",ACCEPTED_SELECTED_SUPPLIED_SEMANTICS,Byte-identical to /reference/reference-semantics; fixed selected semantics boundary.
reference-semantics/semantics/builtins.k,fa43a855b8a4548f305f3dd210c8f6c6e7aa15b8d1cb0b8296977f061310c2dd,37,37,rule,ordinary-rule,rule charsOf(.IntSeq)                => .ValSeq,ACCEPTED_SELECTED_SUPPLIED_SEMANTICS,Byte-identical to /reference/reference-semantics; fixed selected semantics boundary.
reference-semantics/semantics/builtins.k,fa43a855b8a4548f305f3dd210c8f6c6e7aa15b8d1cb0b8296977f061310c2dd,38,40,rule,ordinary-rule,"rule charsOf(iCons(C:Int, R:IntSeq)) => vCons(str(iCons(C, .IntSeq)), charsOf(R)) ",ACCEPTED_SELECTED_SUPPLIED_SEMANTICS,Byte-identical to /reference/reference-semantics; fixed selected semantics boundary.
reference-semantics/semantics/builtins.k,fa43a855b8a4548f305f3dd210c8f6c6e7aa15b8d1cb0b8296977f061310c2dd,41,43,rule,ordinary-rule,"rule applyBuiltin(""set"", str(CS:IntSeq), .Vals) => setV(dedupCodes(CS)) ",ACCEPTED_SELECTED_SUPPLIED_SEMANTICS,Byte-identical to /reference/reference-semantics; fixed selected semantics boundary.
reference-semantics/semantics/builtins.k,fa43a855b8a4548f305f3dd210c8f6c6e7aa15b8d1cb0b8296977f061310c2dd,44,46,rule,ordinary-rule,"rule applyBuiltin(""abs"", I:Int, .Vals) => absInt(I) ",ACCEPTED_SELECTED_SUPPLIED_SEMANTICS,Byte-identical to /reference/reference-semantics; fixed selected semantics boundary.
reference-semantics/semantics/builtins.k,fa43a855b8a4548f305f3dd210c8f6c6e7aa15b8d1cb0b8296977f061310c2dd,47,47,syntax,,"syntax KItem ::= #sumAcc(Iterable, Int) | #sumCont(Int)",ACCEPTED_SELECTED_SUPPLIED_SEMANTICS,Byte-identical to /reference/reference-semantics; fixed selected semantics boundary.
reference-semantics/semantics/builtins.k,fa43a855b8a4548f305f3dd210c8f6c6e7aa15b8d1cb0b8296977f061310c2dd,48,48,rule,ordinary-rule,"rule <k> #sumAcc(IT:Iterable, ACC:Int) => #iterNext(IT) ~> #sumCont(ACC) ... </k>",ACCEPTED_SELECTED_SUPPLIED_SEMANTICS,Byte-identical to /reference/reference-semantics; fixed selected semantics boundary.
reference-semantics/semantics/builtins.k,fa43a855b8a4548f305f3dd210c8f6c6e7aa15b8d1cb0b8296977f061310c2dd,49,49,rule,ordinary-rule,rule <k> #iterDone ~> #sumCont(ACC:Int) => ACC ... </k>,ACCEPTED_SELECTED_SUPPLIED_SEMANTICS,Byte-identical to /reference/reference-semantics; fixed selected semantics boundary.
reference-semantics/semantics/builtins.k,fa43a855b8a4548f305f3dd210c8f6c6e7aa15b8d1cb0b8296977f061310c2dd,50,52,rule,ordinary-rule,"rule <k> #iterYield(V:Val, R:Iterable) ~> #sumCont(ACC:Int) => #sumAcc(R, ACC +Int intOf(V)) ... </k>",ACCEPTED_SELECTED_SUPPLIED_SEMANTICS,Byte-identical to /reference/reference-semantics; fixed selected semantics boundary.
reference-semantics/semantics/builtins.k,fa43a855b8a4548f305f3dd210c8f6c6e7aa15b8d1cb0b8296977f061310c2dd,54,54,syntax,function,syntax Int ::= intOf(Val) [function],ACCEPTED_SELECTED_SUPPLIED_SEMANTICS,Byte-identical to /reference/reference-semantics; fixed selected semantics boundary.
reference-semantics/semantics/builtins.k,fa43a855b8a4548f305f3dd210c8f6c6e7aa15b8d1cb0b8296977f061310c2dd,55,55,rule,ordinary-rule,rule intOf(I:Int)  => I,ACCEPTED_SELECTED_SUPPLIED_SEMANTICS,Byte-identical to /reference/reference-semantics; fixed selected semantics boundary.
reference-semantics/semantics/builtins.k,fa43a855b8a4548f305f3dd210c8f6c6e7aa15b8d1cb0b8296977f061310c2dd,56,58,rule,ordinary-rule,rule intOf(B:Bool) => #if B #then 1 #else 0 #fi ,ACCEPTED_SELECTED_SUPPLIED_SEMANTICS,Byte-identical to /reference/reference-semantics; fixed selected semantics boundary.
reference-semantics/semantics/builtins.k,fa43a855b8a4548f305f3dd210c8f6c6e7aa15b8d1cb0b8296977f061310c2dd,59,59,syntax,,"syntax KItem ::= #allAcc(Iterable) | ""#allCont""",ACCEPTED_SELECTED_SUPPLIED_SEMANTICS,Byte-identical to /reference/reference-semantics; fixed selected semantics boundary.
reference-semantics/semantics/builtins.k,fa43a855b8a4548f305f3dd210c8f6c6e7aa15b8d1cb0b8296977f061310c2dd,60,60,rule,ordinary-rule,rule <k> #allAcc(IT:Iterable) => #iterNext(IT) ~> #allCont ... </k>,ACCEPTED_SELECTED_SUPPLIED_SEMANTICS,Byte-identical to /reference/reference-semantics; fixed selected semantics boundary.
reference-semantics/semantics/builtins.k,fa43a855b8a4548f305f3dd210c8f6c6e7aa15b8d1cb0b8296977f061310c2dd,61,61,rule,ordinary-rule,rule <k> #iterDone ~> #allCont => true ... </k>,ACCEPTED_SELECTED_SUPPLIED_SEMANTICS,Byte-identical to /reference/reference-semantics; fixed selected semantics boundary.
reference-semantics/semantics/builtins.k,fa43a855b8a4548f305f3dd210c8f6c6e7aa15b8d1cb0b8296977f061310c2dd,62,63,rule,ordinary-rule,"rule <k> #iterYield(V:Val, R:Iterable) ~> #allCont => #allAcc(R) ... </k> requires truthy(V)",ACCEPTED_SELECTED_SUPPLIED_SEMANTICS,Byte-identical to /reference/reference-semantics; fixed selected semantics boundary.
reference-semantics/semantics/builtins.k,fa43a855b8a4548f305f3dd210c8f6c6e7aa15b8d1cb0b8296977f061310c2dd,64,65,rule,ordinary-rule,"rule <k> #iterYield(V:Val, _:Iterable) ~> #allCont => false ... </k> requires notBool truthy(V)",ACCEPTED_SELECTED_SUPPLIED_SEMANTICS,Byte-identical to /reference/reference-semantics; fixed selected semantics boundary.
reference-semantics/semantics/builtins.k,fa43a855b8a4548f305f3dd210c8f6c6e7aa15b8d1cb0b8296977f061310c2dd,67,67,syntax,,"syntax KItem ::= #anyAcc(Iterable) | ""#anyCont""",ACCEPTED_SELECTED_SUPPLIED_SEMANTICS,Byte-identical to /reference/reference-semantics; fixed selected semantics boundary.
reference-semantics/semantics/builtins.k,fa43a855b8a4548f305f3dd210c8f6c6e7aa15b8d1cb0b8296977f061310c2dd,68,68,rule,ordinary-rule,rule <k> #anyAcc(IT:Iterable) => #iterNext(IT) ~> #anyCont ... </k>,ACCEPTED_SELECTED_SUPPLIED_SEMANTICS,Byte-identical to /reference/reference-semantics; fixed selected semantics boundary.
reference-semantics/semantics/builtins.k,fa43a855b8a4548f305f3dd210c8f6c6e7aa15b8d1cb0b8296977f061310c2dd,69,69,rule,ordinary-rule,rule <k> #iterDone ~> #anyCont => false ... </k>,ACCEPTED_SELECTED_SUPPLIED_SEMANTICS,Byte-identical to /reference/reference-semantics; fixed selected semantics boundary.
reference-semantics/semantics/builtins.k,fa43a855b8a4548f305f3dd210c8f6c6e7aa15b8d1cb0b8296977f061310c2dd,70,71,rule,ordinary-rule,"rule <k> #iterYield(V:Val, _:Iterable) ~> #anyCont => true ... </k> requires truthy(V)",ACCEPTED_SELECTED_SUPPLIED_SEMANTICS,Byte-identical to /reference/reference-semantics; fixed selected semantics boundary.
reference-semantics/semantics/builtins.k,fa43a855b8a4548f305f3dd210c8f6c6e7aa15b8d1cb0b8296977f061310c2dd,72,75,rule,ordinary-rule,"rule <k> #iterYield(V:Val, R:Iterable) ~> #anyCont => #anyAcc(R) ... </k> requires notBool truthy(V)",ACCEPTED_SELECTED_SUPPLIED_SEMANTICS,Byte-identical to /reference/reference-semantics; fixed selected semantics boundary.
reference-semantics/semantics/builtins.k,fa43a855b8a4548f305f3dd210c8f6c6e7aa15b8d1cb0b8296977f061310c2dd,76,76,syntax,,"syntax KItem ::= #maxAcc0(Iterable) | ""#maxCont0"" | #maxAcc(Iterable, Int) | #maxCont(Int)",ACCEPTED_SELECTED_SUPPLIED_SEMANTICS,Byte-identical to /reference/reference-semantics; fixed selected semantics boundary.
reference-semantics/semantics/builtins.k,fa43a855b8a4548f305f3dd210c8f6c6e7aa15b8d1cb0b8296977f061310c2dd,77,77,rule,ordinary-rule,rule <k> #maxAcc0(IT:Iterable) => #iterNext(IT) ~> #maxCont0 ... </k>,ACCEPTED_SELECTED_SUPPLIED_SEMANTICS,Byte-identical to /reference/reference-semantics; fixed selected semantics boundary.
reference-semantics/semantics/builtins.k,fa43a855b8a4548f305f3dd210c8f6c6e7aa15b8d1cb0b8296977f061310c2dd,78,79,rule,ordinary-rule,"rule <k> #iterYield(V:Val, R:Iterable) ~> #maxCont0 => #maxAcc(R, {V}:>Int) ... </k> requires isInt(V)",ACCEPTED_SELECTED_SUPPLIED_SEMANTICS,Byte-identical to /reference/reference-semantics; fixed selected semantics boundary.
reference-semantics/semantics/builtins.k,fa43a855b8a4548f305f3dd210c8f6c6e7aa15b8d1cb0b8296977f061310c2dd,80,80,rule,ordinary-rule,"rule <k> #maxAcc(IT:Iterable, M:Int) => #iterNext(IT) ~> #maxCont(M) ... </k>",ACCEPTED_SELECTED_SUPPLIED_SEMANTICS,Byte-identical to /reference/reference-semantics; fixed selected semantics boundary.
reference-semantics/semantics/builtins.k,fa43a855b8a4548f305f3dd210c8f6c6e7aa15b8d1cb0b8296977f061310c2dd,81,81,rule,ordinary-rule,rule <k> #iterDone ~> #maxCont(M:Int) => M ... </k>,ACCEPTED_SELECTED_SUPPLIED_SEMANTICS,Byte-identical to /reference/reference-semantics; fixed selected semantics boundary.
reference-semantics/semantics/builtins.k,fa43a855b8a4548f305f3dd210c8f6c6e7aa15b8d1cb0b8296977f061310c2dd,82,84,rule,ordinary-rule,"rule <k> #iterYield(V:Val, R:Iterable) ~> #maxCont(M:Int) => #maxAcc(R, maxInt(M, {V}:>Int)) ... </k>",ACCEPTED_SELECTED_SUPPLIED_SEMANTICS,Byte-identical to /reference/reference-semantics; fixed selected semantics boundary.
reference-semantics/semantics/builtins.k,fa43a855b8a4548f305f3dd210c8f6c6e7aa15b8d1cb0b8296977f061310c2dd,86,86,syntax,,"syntax KItem ::= #minAcc0(Iterable) | ""#minCont0"" | #minAcc(Iterable, Int) | #minCont(Int)",ACCEPTED_SELECTED_SUPPLIED_SEMANTICS,Byte-identical to /reference/reference-semantics; fixed selected semantics boundary.
reference-semantics/semantics/builtins.k,fa43a855b8a4548f305f3dd210c8f6c6e7aa15b8d1cb0b8296977f061310c2dd,87,87,rule,ordinary-rule,rule <k> #minAcc0(IT:Iterable) => #iterNext(IT) ~> #minCont0 ... </k>,ACCEPTED_SELECTED_SUPPLIED_SEMANTICS,Byte-identical to /reference/reference-semantics; fixed selected semantics boundary.
reference-semantics/semantics/builtins.k,fa43a855b8a4548f305f3dd210c8f6c6e7aa15b8d1cb0b8296977f061310c2dd,88,89,rule,ordinary-rule,"rule <k> #iterYield(V:Val, R:Iterable) ~> #minCont0 => #minAcc(R, {V}:>Int) ... </k> requires isInt(V)",ACCEPTED_SELECTED_SUPPLIED_SEMANTICS,Byte-identical to /reference/reference-semantics; fixed selected semantics boundary.
reference-semantics/semantics/builtins.k,fa43a855b8a4548f305f3dd210c8f6c6e7aa15b8d1cb0b8296977f061310c2dd,90,90,rule,ordinary-rule,"rule <k> #minAcc(IT:Iterable, M:Int) => #iterNext(IT) ~> #minCont(M) ... </k>",ACCEPTED_SELECTED_SUPPLIED_SEMANTICS,Byte-identical to /reference/reference-semantics; fixed selected semantics boundary.
reference-semantics/semantics/builtins.k,fa43a855b8a4548f305f3dd210c8f6c6e7aa15b8d1cb0b8296977f061310c2dd,91,91,rule,ordinary-rule,rule <k> #iterDone ~> #minCont(M:Int) => M ... </k>,ACCEPTED_SELECTED_SUPPLIED_SEMANTICS,Byte-identical to /reference/reference-semantics; fixed selected semantics boundary.
reference-semantics/semantics/builtins.k,fa43a855b8a4548f305f3dd210c8f6c6e7aa15b8d1cb0b8296977f061310c2dd,92,96,rule,ordinary-rule,"rule <k> #iterYield(V:Val, R:Iterable) ~> #minCont(M:Int) => #minAcc(R, minInt(M, {V}:>Int)) ... </k>",ACCEPTED_SELECTED_SUPPLIED_SEMANTICS,Byte-identical to /reference/reference-semantics; fixed selected semantics boundary.
reference-semantics/semantics/builtins.k,fa43a855b8a4548f305f3dd210c8f6c6e7aa15b8d1cb0b8296977f061310c2dd,97,97,syntax,function,"syntax Int ::= maxVals(Int, Vals) [function]",ACCEPTED_SELECTED_SUPPLIED_SEMANTICS,Byte-identical to /reference/reference-semantics; fixed selected semantics boundary.
reference-semantics/semantics/builtins.k,fa43a855b8a4548f305f3dd210c8f6c6e7aa15b8d1cb0b8296977f061310c2dd,98,98,rule,ordinary-rule,"rule applyBuiltin(""max"", I:Int, REST:Vals) => maxVals(I, REST)",ACCEPTED_SELECTED_SUPPLIED_SEMANTICS,Byte-identical to /reference/reference-semantics; fixed selected semantics boundary.
reference-semantics/semantics/builtins.k,fa43a855b8a4548f305f3dd210c8f6c6e7aa15b8d1cb0b8296977f061310c2dd,99,99,rule,ordinary-rule,"rule maxVals(M:Int, .Vals)           => M",ACCEPTED_SELECTED_SUPPLIED_SEMANTICS,Byte-identical to /reference/reference-semantics; fixed selected semantics boundary.
reference-semantics/semantics/builtins.k,fa43a855b8a4548f305f3dd210c8f6c6e7aa15b8d1cb0b8296977f061310c2dd,100,100,rule,ordinary-rule,"rule maxVals(M:Int, (I:Int, R:Vals)) => maxVals(maxInt(M, I), R)",ACCEPTED_SELECTED_SUPPLIED_SEMANTICS,Byte-identical to /reference/reference-semantics; fixed selected semantics boundary.
reference-semantics/semantics/builtins.k,fa43a855b8a4548f305f3dd210c8f6c6e7aa15b8d1cb0b8296977f061310c2dd,102,102,syntax,function,"syntax Int ::= minVals(Int, Vals) [function]",ACCEPTED_SELECTED_SUPPLIED_SEMANTICS,Byte-identical to /reference/reference-semantics; fixed selected semantics boundary.
reference-semantics/semantics/builtins.k,fa43a855b8a4548f305f3dd210c8f6c6e7aa15b8d1cb0b8296977f061310c2dd,103,103,rule,ordinary-rule,"rule applyBuiltin(""min"", I:Int, REST:Vals) => minVals(I, REST)",ACCEPTED_SELECTED_SUPPLIED_SEMANTICS,Byte-identical to /reference/reference-semantics; fixed selected semantics boundary.
reference-semantics/semantics/builtins.k,fa43a855b8a4548f305f3dd210c8f6c6e7aa15b8d1cb0b8296977f061310c2dd,104,104,rule,ordinary-rule,"rule minVals(M:Int, .Vals)           => M",ACCEPTED_SELECTED_SUPPLIED_SEMANTICS,Byte-identical to /reference/reference-semantics; fixed selected semantics boundary.
reference-semantics/semantics/builtins.k,fa43a855b8a4548f305f3dd210c8f6c6e7aa15b8d1cb0b8296977f061310c2dd,105,107,rule,ordinary-rule,"rule minVals(M:Int, (I:Int, R:Vals)) => minVals(minInt(M, I), R) ",ACCEPTED_SELECTED_SUPPLIED_SEMANTICS,Byte-identical to /reference/reference-semantics; fixed selected semantics boundary.
reference-semantics/semantics/builtins.k,fa43a855b8a4548f305f3dd210c8f6c6e7aa15b8d1cb0b8296977f061310c2dd,108,110,rule,ordinary-rule,"rule applyBuiltin(""bin"", N:Int, .Vals) => str(iCons(48, iCons(98, binCodes(N)))) requires N >=Int 0",ACCEPTED_SELECTED_SUPPLIED_SEMANTICS,Byte-identical to /reference/reference-semantics; fixed selected semantics boundary.
reference-semantics/semantics/builtins.k,fa43a855b8a4548f305f3dd210c8f6c6e7aa15b8d1cb0b8296977f061310c2dd,111,113,rule,ordinary-rule,"rule applyBuiltin(""bin"", N:Int, .Vals) => str(iCons(45, iCons(48, iCons(98, binCodes(0 -Int N)))))",ACCEPTED_SELECTED_SUPPLIED_SEMANTICS,Byte-identical to /reference/reference-semantics; fixed selected semantics boundary.
reference-semantics/semantics/builtins.k,fa43a855b8a4548f305f3dd210c8f6c6e7aa15b8d1cb0b8296977f061310c2dd,114,114,syntax,function;total,"syntax IntSeq ::= binCodes(Int) [function, total]",ACCEPTED_SELECTED_SUPPLIED_SEMANTICS,Byte-identical to /reference/reference-semantics; fixed selected semantics boundary.
reference-semantics/semantics/builtins.k,fa43a855b8a4548f305f3dd210c8f6c6e7aa15b8d1cb0b8296977f061310c2dd,115,115,rule,ordinary-rule,"rule binCodes(0) => iCons(48, .IntSeq)",ACCEPTED_SELECTED_SUPPLIED_SEMANTICS,Byte-identical to /reference/reference-semantics; fixed selected semantics boundary.
reference-semantics/semantics/builtins.k,fa43a855b8a4548f305f3dd210c8f6c6e7aa15b8d1cb0b8296977f061310c2dd,116,116,rule,ordinary-rule,"rule binCodes(N:Int) => binAcc(N, .IntSeq) requires N >Int 0",ACCEPTED_SELECTED_SUPPLIED_SEMANTICS,Byte-identical to /reference/reference-semantics; fixed selected semantics boundary.
reference-semantics/semantics/builtins.k,fa43a855b8a4548f305f3dd210c8f6c6e7aa15b8d1cb0b8296977f061310c2dd,117,117,syntax,function;total,"syntax IntSeq ::= binAcc(Int, IntSeq) [function, total]",ACCEPTED_SELECTED_SUPPLIED_SEMANTICS,Byte-identical to /reference/reference-semantics; fixed selected semantics boundary.
reference-semantics/semantics/builtins.k,fa43a855b8a4548f305f3dd210c8f6c6e7aa15b8d1cb0b8296977f061310c2dd,118,118,rule,ordinary-rule,"rule binAcc(0, ACC:IntSeq) => ACC",ACCEPTED_SELECTED_SUPPLIED_SEMANTICS,Byte-identical to /reference/reference-semantics; fixed selected semantics boundary.
reference-semantics/semantics/builtins.k,fa43a855b8a4548f305f3dd210c8f6c6e7aa15b8d1cb0b8296977f061310c2dd,119,123,rule,ordinary-rule,"rule binAcc(N:Int, ACC:IntSeq) => binAcc((N -Int pyMod(N, 2)) /Int 2, iCons(48 +Int pyMod(N, 2), ACC))",ACCEPTED_SELECTED_SUPPLIED_SEMANTICS,Byte-identical to /reference/reference-semantics; fixed selected semantics boundary.
reference-semantics/semantics/builtins.k,fa43a855b8a4548f305f3dd210c8f6c6e7aa15b8d1cb0b8296977f061310c2dd,124,125,rule,ordinary-rule,"rule <k> #applyK(toCall(builtinV(""enumerate"")), (list(VS:ValSeq), .Vals)) => #alloc(list(enumVS(VS, 0))) ... </k>",ACCEPTED_SELECTED_SUPPLIED_SEMANTICS,Byte-identical to /reference/reference-semantics; fixed selected semantics boundary.
reference-semantics/semantics/builtins.k,fa43a855b8a4548f305f3dd210c8f6c6e7aa15b8d1cb0b8296977f061310c2dd,126,126,syntax,function;total,"syntax ValSeq ::= enumVS(ValSeq, Int) [function, total]",ACCEPTED_SELECTED_SUPPLIED_SEMANTICS,Byte-identical to /reference/reference-semantics; fixed selected semantics boundary.
reference-semantics/semantics/builtins.k,fa43a855b8a4548f305f3dd210c8f6c6e7aa15b8d1cb0b8296977f061310c2dd,127,127,rule,ordinary-rule,"rule enumVS(.ValSeq, _:Int) => .ValSeq",ACCEPTED_SELECTED_SUPPLIED_SEMANTICS,Byte-identical to /reference/reference-semantics; fixed selected semantics boundary.
reference-semantics/semantics/builtins.k,fa43a855b8a4548f305f3dd210c8f6c6e7aa15b8d1cb0b8296977f061310c2dd,128,131,rule,ordinary-rule,"rule enumVS(vCons(V:Val, R:ValSeq), I:Int) => vCons(tuple(vCons(I, vCons(V, .ValSeq))), enumVS(R, I +Int 1))",ACCEPTED_SELECTED_SUPPLIED_SEMANTICS,Byte-identical to /reference/reference-semantics; fixed selected semantics boundary.
reference-semantics/semantics/builtins.k,fa43a855b8a4548f305f3dd210c8f6c6e7aa15b8d1cb0b8296977f061310c2dd,132,133,rule,ordinary-rule,"rule <k> #applyK(toCall(builtinV(""map"")), (typeV(""str""), list(VS:ValSeq), .Vals)) => #alloc(list(mapStrVS(VS))) ... </k>",ACCEPTED_SELECTED_SUPPLIED_SEMANTICS,Byte-identical to /reference/reference-semantics; fixed selected semantics boundary.
reference-semantics/semantics/builtins.k,fa43a855b8a4548f305f3dd210c8f6c6e7aa15b8d1cb0b8296977f061310c2dd,134,134,syntax,function;total,"syntax ValSeq ::= mapStrVS(ValSeq) [function, total]",ACCEPTED_SELECTED_SUPPLIED_SEMANTICS,Byte-identical to /reference/reference-semantics; fixed selected semantics boundary.
reference-semantics/semantics/builtins.k,fa43a855b8a4548f305f3dd210c8f6c6e7aa15b8d1cb0b8296977f061310c2dd,135,135,rule,ordinary-rule,rule mapStrVS(.ValSeq) => .ValSeq,ACCEPTED_SELECTED_SUPPLIED_SEMANTICS,Byte-identical to /reference/reference-semantics; fixed selected semantics boundary.
reference-semantics/semantics/builtins.k,fa43a855b8a4548f305f3dd210c8f6c6e7aa15b8d1cb0b8296977f061310c2dd,136,136,rule,ordinary-rule,"rule mapStrVS(vCons(I:Int, R:ValSeq)) => vCons(str(strToCodes(Int2String(I))), mapStrVS(R))",ACCEPTED_SELECTED_SUPPLIED_SEMANTICS,Byte-identical to /reference/reference-semantics; fixed selected semantics boundary.
reference-semantics/semantics/builtins.k,fa43a855b8a4548f305f3dd210c8f6c6e7aa15b8d1cb0b8296977f061310c2dd,137,139,rule,ordinary-rule,"rule mapStrVS(vCons(str(CS:IntSeq), R:ValSeq)) => vCons(str(CS), mapStrVS(R)) ",ACCEPTED_SELECTED_SUPPLIED_SEMANTICS,Byte-identical to /reference/reference-semantics; fixed selected semantics boundary.
reference-semantics/semantics/builtins.k,fa43a855b8a4548f305f3dd210c8f6c6e7aa15b8d1cb0b8296977f061310c2dd,140,142,rule,ordinary-rule,"rule applyBuiltin(""int"", I:Int, .Vals) => I ",ACCEPTED_SELECTED_SUPPLIED_SEMANTICS,Byte-identical to /reference/reference-semantics; fixed selected semantics boundary.
reference-semantics/semantics/builtins.k,fa43a855b8a4548f305f3dd210c8f6c6e7aa15b8d1cb0b8296977f061310c2dd,143,143,rule,ordinary-rule,"rule applyBuiltin(""ord"", str(iCons(C:Int, .IntSeq)), .Vals) => C",ACCEPTED_SELECTED_SUPPLIED_SEMANTICS,Byte-identical to /reference/reference-semantics; fixed selected semantics boundary.
reference-semantics/semantics/builtins.k,fa43a855b8a4548f305f3dd210c8f6c6e7aa15b8d1cb0b8296977f061310c2dd,144,147,rule,ordinary-rule,"rule applyBuiltin(""chr"", I:Int, .Vals) => str(iCons(I, .IntSeq)) requires 0 <=Int I andBool I <Int 128",ACCEPTED_SELECTED_SUPPLIED_SEMANTICS,Byte-identical to /reference/reference-semantics; fixed selected semantics boundary.
reference-semantics/semantics/builtins.k,fa43a855b8a4548f305f3dd210c8f6c6e7aa15b8d1cb0b8296977f061310c2dd,148,148,rule,ordinary-rule,"rule applyBuiltin(""str"", I:Int, .Vals)       => str(strToCodes(Int2String(I)))",ACCEPTED_SELECTED_SUPPLIED_SEMANTICS,Byte-identical to /reference/reference-semantics; fixed selected semantics boundary.
reference-semantics/semantics/builtins.k,fa43a855b8a4548f305f3dd210c8f6c6e7aa15b8d1cb0b8296977f061310c2dd,149,151,rule,ordinary-rule,"rule applyBuiltin(""str"", str(CS:IntSeq), .Vals) => str(CS) ",ACCEPTED_SELECTED_SUPPLIED_SEMANTICS,Byte-identical to /reference/reference-semantics; fixed selected semantics boundary.
reference-semantics/semantics/builtins.k,fa43a855b8a4548f305f3dd210c8f6c6e7aa15b8d1cb0b8296977f061310c2dd,152,155,rule,ordinary-rule,"rule applyBuiltin(""int"", str(iCons(C:Int, .IntSeq)), .Vals) => C -Int 48 requires 48 <=Int C andBool C <=Int 57",ACCEPTED_SELECTED_SUPPLIED_SEMANTICS,Byte-identical to /reference/reference-semantics; fixed selected semantics boundary.
reference-semantics/semantics/builtins.k,fa43a855b8a4548f305f3dd210c8f6c6e7aa15b8d1cb0b8296977f061310c2dd,156,157,rule,ordinary-rule,"rule applyBuiltin(""int"", str(CS:IntSeq), .Vals) => intDigAcc(CS, 0) requires isLen(CS) >=Int 2",ACCEPTED_SELECTED_SUPPLIED_SEMANTICS,Byte-identical to /reference/reference-semantics; fixed selected semantics boundary.
reference-semantics/semantics/builtins.k,fa43a855b8a4548f305f3dd210c8f6c6e7aa15b8d1cb0b8296977f061310c2dd,158,158,syntax,function;total,"syntax Int ::= intDigAcc(IntSeq, Int) [function, total]",ACCEPTED_SELECTED_SUPPLIED_SEMANTICS,Byte-identical to /reference/reference-semantics; fixed selected semantics boundary.
reference-semantics/semantics/builtins.k,fa43a855b8a4548f305f3dd210c8f6c6e7aa15b8d1cb0b8296977f061310c2dd,159,159,rule,ordinary-rule,"rule intDigAcc(.IntSeq, ACC:Int)             => ACC",ACCEPTED_SELECTED_SUPPLIED_SEMANTICS,Byte-identical to /reference/reference-semantics; fixed selected semantics boundary.
reference-semantics/semantics/builtins.k,fa43a855b8a4548f305f3dd210c8f6c6e7aa15b8d1cb0b8296977f061310c2dd,160,162,rule,ordinary-rule,"rule intDigAcc(iCons(C:Int, R:IntSeq), ACC:Int) => intDigAcc(R, (ACC *Int 10) +Int (C -Int 48)) ",ACCEPTED_SELECTED_SUPPLIED_SEMANTICS,Byte-identical to /reference/reference-semantics; fixed selected semantics boundary.
reference-semantics/semantics/builtins.k,fa43a855b8a4548f305f3dd210c8f6c6e7aa15b8d1cb0b8296977f061310c2dd,163,163,rule,ordinary-rule,"rule applyBuiltin(""zip"", list(A:ValSeq), list(B:ValSeq), .Vals) => zipObj(A, B)",ACCEPTED_SELECTED_SUPPLIED_SEMANTICS,Byte-identical to /reference/reference-semantics; fixed selected semantics boundary.
reference-semantics/semantics/builtins.k,fa43a855b8a4548f305f3dd210c8f6c6e7aa15b8d1cb0b8296977f061310c2dd,164,166,rule,ordinary-rule,"rule applyBuiltin(""zip"", str(A:IntSeq), str(B:IntSeq), .Vals)   => zipObjS(A, B) ",ACCEPTED_SELECTED_SUPPLIED_SEMANTICS,Byte-identical to /reference/reference-semantics; fixed selected semantics boundary.
reference-semantics/semantics/builtins.k,fa43a855b8a4548f305f3dd210c8f6c6e7aa15b8d1cb0b8296977f061310c2dd,167,168,rule,ordinary-rule,"rule <k> #iterNext(zipObj(vCons(A:Val, As:ValSeq), vCons(B:Val, Bs:ValSeq))) => #iterYield(tuple(vCons(A, vCons(B, .ValSeq))), zipObj(As, Bs)) ... </k>",ACCEPTED_SELECTED_SUPPLIED_SEMANTICS,Byte-identical to /reference/reference-semantics; fixed selected semantics boundary.
reference-semantics/semantics/builtins.k,fa43a855b8a4548f305f3dd210c8f6c6e7aa15b8d1cb0b8296977f061310c2dd,169,169,rule,ordinary-rule,"rule <k> #iterNext(zipObj(.ValSeq, _:ValSeq))               => #iterDone ... </k>",ACCEPTED_SELECTED_SUPPLIED_SEMANTICS,Byte-identical to /reference/reference-semantics; fixed selected semantics boundary.
reference-semantics/semantics/builtins.k,fa43a855b8a4548f305f3dd210c8f6c6e7aa15b8d1cb0b8296977f061310c2dd,170,170,rule,ordinary-rule,"rule <k> #iterNext(zipObj(vCons(_:Val, _:ValSeq), .ValSeq)) => #iterDone ... </k>",ACCEPTED_SELECTED_SUPPLIED_SEMANTICS,Byte-identical to /reference/reference-semantics; fixed selected semantics boundary.
reference-semantics/semantics/builtins.k,fa43a855b8a4548f305f3dd210c8f6c6e7aa15b8d1cb0b8296977f061310c2dd,171,172,rule,ordinary-rule,"rule <k> #iterNext(zipObjS(iCons(A:Int, As:IntSeq), iCons(B:Int, Bs:IntSeq))) => #iterYield(tuple(vCons(str(iCons(A, .IntSeq)), vCons(str(iCons(B, .IntSeq)), .ValSeq))), zipObjS(As, Bs)) ... </k>",ACCEPTED_SELECTED_SUPPLIED_SEMANTICS,Byte-identical to /reference/reference-semantics; fixed selected semantics boundary.
reference-semantics/semantics/builtins.k,fa43a855b8a4548f305f3dd210c8f6c6e7aa15b8d1cb0b8296977f061310c2dd,173,173,rule,ordinary-rule,"rule <k> #iterNext(zipObjS(.IntSeq, _:IntSeq))              => #iterDone ... </k>",ACCEPTED_SELECTED_SUPPLIED_SEMANTICS,Byte-identical to /reference/reference-semantics; fixed selected semantics boundary.
reference-semantics/semantics/builtins.k,fa43a855b8a4548f305f3dd210c8f6c6e7aa15b8d1cb0b8296977f061310c2dd,174,176,rule,ordinary-rule,"rule <k> #iterNext(zipObjS(iCons(_:Int, _:IntSeq), .IntSeq)) => #iterDone ... </k> ",ACCEPTED_SELECTED_SUPPLIED_SEMANTICS,Byte-identical to /reference/reference-semantics; fixed selected semantics boundary.
reference-semantics/semantics/builtins.k,fa43a855b8a4548f305f3dd210c8f6c6e7aa15b8d1cb0b8296977f061310c2dd,177,177,rule,ordinary-rule,"rule applyBuiltin(""range"", I:Int, .Vals)               => rangeObj(0, I, 1)",ACCEPTED_SELECTED_SUPPLIED_SEMANTICS,Byte-identical to /reference/reference-semantics; fixed selected semantics boundary.
reference-semantics/semantics/builtins.k,fa43a855b8a4548f305f3dd210c8f6c6e7aa15b8d1cb0b8296977f061310c2dd,178,178,rule,ordinary-rule,"rule applyBuiltin(""range"", A:Int, B:Int, .Vals)        => rangeObj(A, B, 1)",ACCEPTED_SELECTED_SUPPLIED_SEMANTICS,Byte-identical to /reference/reference-semantics; fixed selected semantics boundary.
reference-semantics/semantics/builtins.k,fa43a855b8a4548f305f3dd210c8f6c6e7aa15b8d1cb0b8296977f061310c2dd,179,186,rule,concrete;ordinary-rule,"rule applyBuiltin(""range"", A:Int, B:Int, S:Int, .Vals) => rangeObj(A, B, S) requires S =/=Int 0",ACCEPTED_SELECTED_SUPPLIED_SEMANTICS,Byte-identical to /reference/reference-semantics; fixed selected semantics boundary.
reference-semantics/semantics/builtins.k,fa43a855b8a4548f305f3dd210c8f6c6e7aa15b8d1cb0b8296977f061310c2dd,187,187,rule,ordinary-rule,"rule applyBuiltin(""eval"", str(CS:IntSeq), .Vals) => evalArith(CS)",ACCEPTED_SELECTED_SUPPLIED_SEMANTICS,Byte-identical to /reference/reference-semantics; fixed selected semantics boundary.
reference-semantics/semantics/builtins.k,fa43a855b8a4548f305f3dd210c8f6c6e7aa15b8d1cb0b8296977f061310c2dd,188,188,syntax,function,syntax Int ::= evalArith(IntSeq) [function],ACCEPTED_SELECTED_SUPPLIED_SEMANTICS,Byte-identical to /reference/reference-semantics; fixed selected semantics boundary.
reference-semantics/semantics/builtins.k,fa43a855b8a4548f305f3dd210c8f6c6e7aa15b8d1cb0b8296977f061310c2dd,189,190,rule,ordinary-rule,"rule evalArith(CS:IntSeq) => firstNdE(passAddE(passMulE(passPowE(tokOps(CS), tokNds(CS)))))",ACCEPTED_SELECTED_SUPPLIED_SEMANTICS,Byte-identical to /reference/reference-semantics; fixed selected semantics boundary.
reference-semantics/semantics/builtins.k,fa43a855b8a4548f305f3dd210c8f6c6e7aa15b8d1cb0b8296977f061310c2dd,192,192,syntax,,"syntax OpSeq ::= "".OpSeq"" | oCons(String, OpSeq)",ACCEPTED_SELECTED_SUPPLIED_SEMANTICS,Byte-identical to /reference/reference-semantics; fixed selected semantics boundary.
reference-semantics/semantics/builtins.k,fa43a855b8a4548f305f3dd210c8f6c6e7aa15b8d1cb0b8296977f061310c2dd,194,194,syntax,function;total,"syntax Bool ::= evDigit(Int) [function, total]",ACCEPTED_SELECTED_SUPPLIED_SEMANTICS,Byte-identical to /reference/reference-semantics; fixed selected semantics boundary.
reference-semantics/semantics/builtins.k,fa43a855b8a4548f305f3dd210c8f6c6e7aa15b8d1cb0b8296977f061310c2dd,195,195,rule,ordinary-rule,rule evDigit(C:Int) => C >=Int 48 andBool C <=Int 57,ACCEPTED_SELECTED_SUPPLIED_SEMANTICS,Byte-identical to /reference/reference-semantics; fixed selected semantics boundary.
reference-semantics/semantics/builtins.k,fa43a855b8a4548f305f3dd210c8f6c6e7aa15b8d1cb0b8296977f061310c2dd,196,196,syntax,function;total,"syntax Bool ::= evHead42(IntSeq) [function, total]",ACCEPTED_SELECTED_SUPPLIED_SEMANTICS,Byte-identical to /reference/reference-semantics; fixed selected semantics boundary.
reference-semantics/semantics/builtins.k,fa43a855b8a4548f305f3dd210c8f6c6e7aa15b8d1cb0b8296977f061310c2dd,197,197,rule,ordinary-rule,"rule evHead42(iCons(42, _:IntSeq)) => true",ACCEPTED_SELECTED_SUPPLIED_SEMANTICS,Byte-identical to /reference/reference-semantics; fixed selected semantics boundary.
reference-semantics/semantics/builtins.k,fa43a855b8a4548f305f3dd210c8f6c6e7aa15b8d1cb0b8296977f061310c2dd,198,198,rule,owise;ordinary-rule,rule evHead42(_:IntSeq)            => false [owise],ACCEPTED_SELECTED_SUPPLIED_SEMANTICS,Byte-identical to /reference/reference-semantics; fixed selected semantics boundary.
reference-semantics/semantics/builtins.k,fa43a855b8a4548f305f3dd210c8f6c6e7aa15b8d1cb0b8296977f061310c2dd,199,199,syntax,function;total,"syntax Bool ::= evHead47(IntSeq) [function, total]",ACCEPTED_SELECTED_SUPPLIED_SEMANTICS,Byte-identical to /reference/reference-semantics; fixed selected semantics boundary.
reference-semantics/semantics/builtins.k,fa43a855b8a4548f305f3dd210c8f6c6e7aa15b8d1cb0b8296977f061310c2dd,200,200,rule,ordinary-rule,"rule evHead47(iCons(47, _:IntSeq)) => true",ACCEPTED_SELECTED_SUPPLIED_SEMANTICS,Byte-identical to /reference/reference-semantics; fixed selected semantics boundary.
reference-semantics/semantics/builtins.k,fa43a855b8a4548f305f3dd210c8f6c6e7aa15b8d1cb0b8296977f061310c2dd,201,201,rule,owise;ordinary-rule,rule evHead47(_:IntSeq)            => false [owise],ACCEPTED_SELECTED_SUPPLIED_SEMANTICS,Byte-identical to /reference/reference-semantics; fixed selected semantics boundary.
reference-semantics/semantics/builtins.k,fa43a855b8a4548f305f3dd210c8f6c6e7aa15b8d1cb0b8296977f061310c2dd,203,203,syntax,function;total,"syntax OpSeq ::= tokOps(IntSeq) [function, total]",ACCEPTED_SELECTED_SUPPLIED_SEMANTICS,Byte-identical to /reference/reference-semantics; fixed selected semantics boundary.
reference-semantics/semantics/builtins.k,fa43a855b8a4548f305f3dd210c8f6c6e7aa15b8d1cb0b8296977f061310c2dd,204,204,rule,ordinary-rule,rule tokOps(.IntSeq)                 => .OpSeq,ACCEPTED_SELECTED_SUPPLIED_SEMANTICS,Byte-identical to /reference/reference-semantics; fixed selected semantics boundary.
reference-semantics/semantics/builtins.k,fa43a855b8a4548f305f3dd210c8f6c6e7aa15b8d1cb0b8296977f061310c2dd,205,205,rule,ordinary-rule,"rule tokOps(iCons(32, R:IntSeq))     => tokOps(R)",ACCEPTED_SELECTED_SUPPLIED_SEMANTICS,Byte-identical to /reference/reference-semantics; fixed selected semantics boundary.
reference-semantics/semantics/builtins.k,fa43a855b8a4548f305f3dd210c8f6c6e7aa15b8d1cb0b8296977f061310c2dd,206,206,rule,ordinary-rule,"rule tokOps(iCons(C:Int, R:IntSeq))  => tokOps(R) requires evDigit(C)",ACCEPTED_SELECTED_SUPPLIED_SEMANTICS,Byte-identical to /reference/reference-semantics; fixed selected semantics boundary.
reference-semantics/semantics/builtins.k,fa43a855b8a4548f305f3dd210c8f6c6e7aa15b8d1cb0b8296977f061310c2dd,207,207,rule,ordinary-rule,"rule tokOps(iCons(42, iCons(42, R:IntSeq))) => oCons(""**"", tokOps(R))",ACCEPTED_SELECTED_SUPPLIED_SEMANTICS,Byte-identical to /reference/reference-semantics; fixed selected semantics boundary.
reference-semantics/semantics/builtins.k,fa43a855b8a4548f305f3dd210c8f6c6e7aa15b8d1cb0b8296977f061310c2dd,208,208,rule,ordinary-rule,"rule tokOps(iCons(42, R:IntSeq))     => oCons(""*"", tokOps(R)) requires notBool evHead42(R)",ACCEPTED_SELECTED_SUPPLIED_SEMANTICS,Byte-identical to /reference/reference-semantics; fixed selected semantics boundary.
reference-semantics/semantics/builtins.k,fa43a855b8a4548f305f3dd210c8f6c6e7aa15b8d1cb0b8296977f061310c2dd,209,209,rule,ordinary-rule,"rule tokOps(iCons(47, iCons(47, R:IntSeq))) => oCons(""//"", tokOps(R))",ACCEPTED_SELECTED_SUPPLIED_SEMANTICS,Byte-identical to /reference/reference-semantics; fixed selected semantics boundary.
reference-semantics/semantics/builtins.k,fa43a855b8a4548f305f3dd210c8f6c6e7aa15b8d1cb0b8296977f061310c2dd,210,210,rule,ordinary-rule,"rule tokOps(iCons(47, R:IntSeq))     => oCons(""/"", tokOps(R)) requires notBool evHead47(R)",ACCEPTED_SELECTED_SUPPLIED_SEMANTICS,Byte-identical to /reference/reference-semantics; fixed selected semantics boundary.
reference-semantics/semantics/builtins.k,fa43a855b8a4548f305f3dd210c8f6c6e7aa15b8d1cb0b8296977f061310c2dd,211,211,rule,ordinary-rule,"rule tokOps(iCons(43, R:IntSeq))     => oCons(""+"", tokOps(R))",ACCEPTED_SELECTED_SUPPLIED_SEMANTICS,Byte-identical to /reference/reference-semantics; fixed selected semantics boundary.
reference-semantics/semantics/builtins.k,fa43a855b8a4548f305f3dd210c8f6c6e7aa15b8d1cb0b8296977f061310c2dd,212,212,rule,ordinary-rule,"rule tokOps(iCons(45, R:IntSeq))     => oCons(""-"", tokOps(R))",ACCEPTED_SELECTED_SUPPLIED_SEMANTICS,Byte-identical to /reference/reference-semantics; fixed selected semantics boundary.
reference-semantics/semantics/builtins.k,fa43a855b8a4548f305f3dd210c8f6c6e7aa15b8d1cb0b8296977f061310c2dd,214,215,syntax,function;total,"syntax IntSeq ::= tokNds(IntSeq) [function, total] | tokNdAcc(Int, IntSeq) [function, total]",ACCEPTED_SELECTED_SUPPLIED_SEMANTICS,Byte-identical to /reference/reference-semantics; fixed selected semantics boundary.
reference-semantics/semantics/builtins.k,fa43a855b8a4548f305f3dd210c8f6c6e7aa15b8d1cb0b8296977f061310c2dd,216,216,rule,ordinary-rule,rule tokNds(.IntSeq)                => .IntSeq,ACCEPTED_SELECTED_SUPPLIED_SEMANTICS,Byte-identical to /reference/reference-semantics; fixed selected semantics boundary.
reference-semantics/semantics/builtins.k,fa43a855b8a4548f305f3dd210c8f6c6e7aa15b8d1cb0b8296977f061310c2dd,217,217,rule,ordinary-rule,"rule tokNds(iCons(32, R:IntSeq))    => tokNds(R)",ACCEPTED_SELECTED_SUPPLIED_SEMANTICS,Byte-identical to /reference/reference-semantics; fixed selected semantics boundary.
reference-semantics/semantics/builtins.k,fa43a855b8a4548f305f3dd210c8f6c6e7aa15b8d1cb0b8296977f061310c2dd,218,218,rule,ordinary-rule,"rule tokNds(iCons(C:Int, R:IntSeq)) => tokNdAcc(C -Int 48, R) requires evDigit(C)",ACCEPTED_SELECTED_SUPPLIED_SEMANTICS,Byte-identical to /reference/reference-semantics; fixed selected semantics boundary.
reference-semantics/semantics/builtins.k,fa43a855b8a4548f305f3dd210c8f6c6e7aa15b8d1cb0b8296977f061310c2dd,219,220,rule,ordinary-rule,"rule tokNds(iCons(C:Int, R:IntSeq)) => tokNds(R) requires notBool evDigit(C) andBool C =/=Int 32",ACCEPTED_SELECTED_SUPPLIED_SEMANTICS,Byte-identical to /reference/reference-semantics; fixed selected semantics boundary.
reference-semantics/semantics/builtins.k,fa43a855b8a4548f305f3dd210c8f6c6e7aa15b8d1cb0b8296977f061310c2dd,221,222,rule,ordinary-rule,"rule tokNdAcc(A:Int, iCons(C:Int, R:IntSeq)) => tokNdAcc(A *Int 10 +Int (C -Int 48), R) requires evDigit(C)",ACCEPTED_SELECTED_SUPPLIED_SEMANTICS,Byte-identical to /reference/reference-semantics; fixed selected semantics boundary.
reference-semantics/semantics/builtins.k,fa43a855b8a4548f305f3dd210c8f6c6e7aa15b8d1cb0b8296977f061310c2dd,223,223,rule,owise;ordinary-rule,"rule tokNdAcc(A:Int, S:IntSeq) => iCons(A, tokNds(S)) [owise]",ACCEPTED_SELECTED_SUPPLIED_SEMANTICS,Byte-identical to /reference/reference-semantics; fixed selected semantics boundary.
reference-semantics/semantics/builtins.k,fa43a855b8a4548f305f3dd210c8f6c6e7aa15b8d1cb0b8296977f061310c2dd,225,225,syntax,,"syntax EvPair ::= evp(OpSeq, IntSeq)",ACCEPTED_SELECTED_SUPPLIED_SEMANTICS,Byte-identical to /reference/reference-semantics; fixed selected semantics boundary.
reference-semantics/semantics/builtins.k,fa43a855b8a4548f305f3dd210c8f6c6e7aa15b8d1cb0b8296977f061310c2dd,226,226,syntax,function;total,"syntax Int ::= firstNdE(EvPair) [function, total]",ACCEPTED_SELECTED_SUPPLIED_SEMANTICS,Byte-identical to /reference/reference-semantics; fixed selected semantics boundary.
reference-semantics/semantics/builtins.k,fa43a855b8a4548f305f3dd210c8f6c6e7aa15b8d1cb0b8296977f061310c2dd,227,227,rule,ordinary-rule,"rule firstNdE(evp(_:OpSeq, iCons(N:Int, _:IntSeq))) => N",ACCEPTED_SELECTED_SUPPLIED_SEMANTICS,Byte-identical to /reference/reference-semantics; fixed selected semantics boundary.
reference-semantics/semantics/builtins.k,fa43a855b8a4548f305f3dd210c8f6c6e7aa15b8d1cb0b8296977f061310c2dd,228,228,rule,owise;ordinary-rule,rule firstNdE(_:EvPair) => 0 [owise],ACCEPTED_SELECTED_SUPPLIED_SEMANTICS,Byte-identical to /reference/reference-semantics; fixed selected semantics boundary.
reference-semantics/semantics/builtins.k,fa43a855b8a4548f305f3dd210c8f6c6e7aa15b8d1cb0b8296977f061310c2dd,230,230,syntax,function;total,"syntax Int ::= applyOpE(String, Int, Int) [function, total]",ACCEPTED_SELECTED_SUPPLIED_SEMANTICS,Byte-identical to /reference/reference-semantics; fixed selected semantics boundary.
reference-semantics/semantics/builtins.k,fa43a855b8a4548f305f3dd210c8f6c6e7aa15b8d1cb0b8296977f061310c2dd,231,231,rule,ordinary-rule,"rule applyOpE(""+"",  A:Int, B:Int) => A +Int B",ACCEPTED_SELECTED_SUPPLIED_SEMANTICS,Byte-identical to /reference/reference-semantics; fixed selected semantics boundary.
reference-semantics/semantics/builtins.k,fa43a855b8a4548f305f3dd210c8f6c6e7aa15b8d1cb0b8296977f061310c2dd,232,232,rule,ordinary-rule,"rule applyOpE(""-"",  A:Int, B:Int) => A -Int B",ACCEPTED_SELECTED_SUPPLIED_SEMANTICS,Byte-identical to /reference/reference-semantics; fixed selected semantics boundary.
reference-semantics/semantics/builtins.k,fa43a855b8a4548f305f3dd210c8f6c6e7aa15b8d1cb0b8296977f061310c2dd,233,233,rule,ordinary-rule,"rule applyOpE(""*"",  A:Int, B:Int) => A *Int B",ACCEPTED_SELECTED_SUPPLIED_SEMANTICS,Byte-identical to /reference/reference-semantics; fixed selected semantics boundary.
reference-semantics/semantics/builtins.k,fa43a855b8a4548f305f3dd210c8f6c6e7aa15b8d1cb0b8296977f061310c2dd,234,234,rule,ordinary-rule,"rule applyOpE(""//"", A:Int, B:Int) => A divInt B",ACCEPTED_SELECTED_SUPPLIED_SEMANTICS,Byte-identical to /reference/reference-semantics; fixed selected semantics boundary.
reference-semantics/semantics/builtins.k,fa43a855b8a4548f305f3dd210c8f6c6e7aa15b8d1cb0b8296977f061310c2dd,235,235,rule,ordinary-rule,"rule applyOpE(""**"", A:Int, B:Int) => A ^Int B",ACCEPTED_SELECTED_SUPPLIED_SEMANTICS,Byte-identical to /reference/reference-semantics; fixed selected semantics boundary.
reference-semantics/semantics/builtins.k,fa43a855b8a4548f305f3dd210c8f6c6e7aa15b8d1cb0b8296977f061310c2dd,236,236,rule,owise;ordinary-rule,"rule applyOpE(_:String, A:Int, _:Int) => A [owise]",ACCEPTED_SELECTED_SUPPLIED_SEMANTICS,Byte-identical to /reference/reference-semantics; fixed selected semantics boundary.
reference-semantics/semantics/builtins.k,fa43a855b8a4548f305f3dd210c8f6c6e7aa15b8d1cb0b8296977f061310c2dd,238,238,syntax,function;total,"syntax EvPair ::= passPowE(OpSeq, IntSeq) [function, total]",ACCEPTED_SELECTED_SUPPLIED_SEMANTICS,Byte-identical to /reference/reference-semantics; fixed selected semantics boundary.
reference-semantics/semantics/builtins.k,fa43a855b8a4548f305f3dd210c8f6c6e7aa15b8d1cb0b8296977f061310c2dd,239,239,rule,ordinary-rule,"rule passPowE(.OpSeq, NDS:IntSeq) => evp(.OpSeq, NDS)",ACCEPTED_SELECTED_SUPPLIED_SEMANTICS,Byte-identical to /reference/reference-semantics; fixed selected semantics boundary.
reference-semantics/semantics/builtins.k,fa43a855b8a4548f305f3dd210c8f6c6e7aa15b8d1cb0b8296977f061310c2dd,240,240,rule,ordinary-rule,"rule passPowE(oCons(""**"", OPS:OpSeq), iCons(N:Int, NDS:IntSeq)) => powCombE(N, passPowE(OPS, NDS))",ACCEPTED_SELECTED_SUPPLIED_SEMANTICS,Byte-identical to /reference/reference-semantics; fixed selected semantics boundary.
reference-semantics/semantics/builtins.k,fa43a855b8a4548f305f3dd210c8f6c6e7aa15b8d1cb0b8296977f061310c2dd,241,242,rule,ordinary-rule,"rule passPowE(oCons(O:String, OPS:OpSeq), iCons(N:Int, NDS:IntSeq)) => powCarryE(O, N, passPowE(OPS, NDS)) requires O =/=String ""**""",ACCEPTED_SELECTED_SUPPLIED_SEMANTICS,Byte-identical to /reference/reference-semantics; fixed selected semantics boundary.
reference-semantics/semantics/builtins.k,fa43a855b8a4548f305f3dd210c8f6c6e7aa15b8d1cb0b8296977f061310c2dd,243,243,rule,owise;ordinary-rule,"rule passPowE(_:OpSeq, .IntSeq) => evp(.OpSeq, .IntSeq) [owise]",ACCEPTED_SELECTED_SUPPLIED_SEMANTICS,Byte-identical to /reference/reference-semantics; fixed selected semantics boundary.
reference-semantics/semantics/builtins.k,fa43a855b8a4548f305f3dd210c8f6c6e7aa15b8d1cb0b8296977f061310c2dd,244,244,syntax,function;total,"syntax EvPair ::= powCombE(Int, EvPair) [function, total]",ACCEPTED_SELECTED_SUPPLIED_SEMANTICS,Byte-identical to /reference/reference-semantics; fixed selected semantics boundary.
reference-semantics/semantics/builtins.k,fa43a855b8a4548f305f3dd210c8f6c6e7aa15b8d1cb0b8296977f061310c2dd,245,245,rule,ordinary-rule,"rule powCombE(N:Int, evp(OPS:OpSeq, iCons(M:Int, REST:IntSeq))) => evp(OPS, iCons(N ^Int M, REST))",ACCEPTED_SELECTED_SUPPLIED_SEMANTICS,Byte-identical to /reference/reference-semantics; fixed selected semantics boundary.
reference-semantics/semantics/builtins.k,fa43a855b8a4548f305f3dd210c8f6c6e7aa15b8d1cb0b8296977f061310c2dd,246,246,rule,ordinary-rule,"rule powCombE(N:Int, evp(OPS:OpSeq, .IntSeq)) => evp(OPS, iCons(N, .IntSeq))",ACCEPTED_SELECTED_SUPPLIED_SEMANTICS,Byte-identical to /reference/reference-semantics; fixed selected semantics boundary.
reference-semantics/semantics/builtins.k,fa43a855b8a4548f305f3dd210c8f6c6e7aa15b8d1cb0b8296977f061310c2dd,247,247,syntax,function;total,"syntax EvPair ::= powCarryE(String, Int, EvPair) [function, total]",ACCEPTED_SELECTED_SUPPLIED_SEMANTICS,Byte-identical to /reference/reference-semantics; fixed selected semantics boundary.
reference-semantics/semantics/builtins.k,fa43a855b8a4548f305f3dd210c8f6c6e7aa15b8d1cb0b8296977f061310c2dd,248,248,rule,ordinary-rule,"rule powCarryE(O:String, N:Int, evp(OPS:OpSeq, NDS:IntSeq)) => evp(oCons(O, OPS), iCons(N, NDS))",ACCEPTED_SELECTED_SUPPLIED_SEMANTICS,Byte-identical to /reference/reference-semantics; fixed selected semantics boundary.
reference-semantics/semantics/builtins.k,fa43a855b8a4548f305f3dd210c8f6c6e7aa15b8d1cb0b8296977f061310c2dd,250,250,syntax,function;total,"syntax EvPair ::= passMulE(EvPair) [function, total] | passAddE(EvPair) [function, total]",ACCEPTED_SELECTED_SUPPLIED_SEMANTICS,Byte-identical to /reference/reference-semantics; fixed selected semantics boundary.
reference-semantics/semantics/builtins.k,fa43a855b8a4548f305f3dd210c8f6c6e7aa15b8d1cb0b8296977f061310c2dd,251,251,rule,ordinary-rule,"rule passMulE(evp(OPS:OpSeq, iCons(N0:Int, NDS:IntSeq))) => passLGoE(""mul"", N0, OPS, NDS, .OpSeq, .IntSeq)",ACCEPTED_SELECTED_SUPPLIED_SEMANTICS,Byte-identical to /reference/reference-semantics; fixed selected semantics boundary.
reference-semantics/semantics/builtins.k,fa43a855b8a4548f305f3dd210c8f6c6e7aa15b8d1cb0b8296977f061310c2dd,252,252,rule,ordinary-rule,"rule passMulE(evp(OPS:OpSeq, .IntSeq)) => evp(OPS, .IntSeq)",ACCEPTED_SELECTED_SUPPLIED_SEMANTICS,Byte-identical to /reference/reference-semantics; fixed selected semantics boundary.
reference-semantics/semantics/builtins.k,fa43a855b8a4548f305f3dd210c8f6c6e7aa15b8d1cb0b8296977f061310c2dd,253,253,rule,ordinary-rule,"rule passAddE(evp(OPS:OpSeq, iCons(N0:Int, NDS:IntSeq))) => passLGoE(""add"", N0, OPS, NDS, .OpSeq, .IntSeq)",ACCEPTED_SELECTED_SUPPLIED_SEMANTICS,Byte-identical to /reference/reference-semantics; fixed selected semantics boundary.
reference-semantics/semantics/builtins.k,fa43a855b8a4548f305f3dd210c8f6c6e7aa15b8d1cb0b8296977f061310c2dd,254,254,rule,ordinary-rule,"rule passAddE(evp(OPS:OpSeq, .IntSeq)) => evp(OPS, .IntSeq)",ACCEPTED_SELECTED_SUPPLIED_SEMANTICS,Byte-identical to /reference/reference-semantics; fixed selected semantics boundary.
reference-semantics/semantics/builtins.k,fa43a855b8a4548f305f3dd210c8f6c6e7aa15b8d1cb0b8296977f061310c2dd,255,255,syntax,function;total,"syntax EvPair ::= passLGoE(String, Int, OpSeq, IntSeq, OpSeq, IntSeq) [function, total]",ACCEPTED_SELECTED_SUPPLIED_SEMANTICS,Byte-identical to /reference/reference-semantics; fixed selected semantics boundary.
reference-semantics/semantics/builtins.k,fa43a855b8a4548f305f3dd210c8f6c6e7aa15b8d1cb0b8296977f061310c2dd,256,256,rule,ordinary-rule,"rule passLGoE(_:String, CUR:Int, .OpSeq, _:IntSeq, OO:OpSeq, ON:IntSeq) => evp(OO, appendIE(ON, CUR))",ACCEPTED_SELECTED_SUPPLIED_SEMANTICS,Byte-identical to /reference/reference-semantics; fixed selected semantics boundary.
reference-semantics/semantics/builtins.k,fa43a855b8a4548f305f3dd210c8f6c6e7aa15b8d1cb0b8296977f061310c2dd,257,259,rule,ordinary-rule,"rule passLGoE(L:String, CUR:Int, oCons(O:String, OPS:OpSeq), iCons(N:Int, NDS:IntSeq), OO:OpSeq, ON:IntSeq) => passLGoE(L, applyOpE(O, CUR, N), OPS, NDS, OO, ON)",ACCEPTED_SELECTED_SUPPLIED_SEMANTICS,Byte-identical to /reference/reference-semantics; fixed selected semantics boundary.
reference-semantics/semantics/builtins.k,fa43a855b8a4548f305f3dd210c8f6c6e7aa15b8d1cb0b8296977f061310c2dd,260,262,rule,ordinary-rule,"rule passLGoE(L:String, CUR:Int, oCons(O:String, OPS:OpSeq), iCons(N:Int, NDS:IntSeq), OO:OpSeq, ON:IntSeq) => passLGoE(L, N, OPS, NDS, appendOpE(OO, O), appendIE(ON, CUR))",ACCEPTED_SELECTED_SUPPLIED_SEMANTICS,Byte-identical to /reference/reference-semantics; fixed selected semantics boundary.
reference-semantics/semantics/builtins.k,fa43a855b8a4548f305f3dd210c8f6c6e7aa15b8d1cb0b8296977f061310c2dd,263,264,rule,owise;ordinary-rule,"rule passLGoE(_:String, CUR:Int, oCons(_:String, _:OpSeq), .IntSeq, OO:OpSeq, ON:IntSeq) => evp(OO, appendIE(ON, CUR)) [owise]",ACCEPTED_SELECTED_SUPPLIED_SEMANTICS,Byte-identical to /reference/reference-semantics; fixed selected semantics boundary.
reference-semantics/semantics/builtins.k,fa43a855b8a4548f305f3dd210c8f6c6e7aa15b8d1cb0b8296977f061310c2dd,265,265,syntax,function;total,"syntax Bool ::= inLevelE(String, String) [function, total]",ACCEPTED_SELECTED_SUPPLIED_SEMANTICS,Byte-identical to /reference/reference-semantics; fixed selected semantics boundary.
reference-semantics/semantics/builtins.k,fa43a855b8a4548f305f3dd210c8f6c6e7aa15b8d1cb0b8296977f061310c2dd,266,266,rule,ordinary-rule,"rule inLevelE(""mul"", O:String) => O ==String ""*"" orBool O ==String ""//"" orBool O ==String ""/""",ACCEPTED_SELECTED_SUPPLIED_SEMANTICS,Byte-identical to /reference/reference-semantics; fixed selected semantics boundary.
reference-semantics/semantics/builtins.k,fa43a855b8a4548f305f3dd210c8f6c6e7aa15b8d1cb0b8296977f061310c2dd,267,267,rule,ordinary-rule,"rule inLevelE(""add"", O:String) => O ==String ""+"" orBool O ==String ""-""",ACCEPTED_SELECTED_SUPPLIED_SEMANTICS,Byte-identical to /reference/reference-semantics; fixed selected semantics boundary.
reference-semantics/semantics/builtins.k,fa43a855b8a4548f305f3dd210c8f6c6e7aa15b8d1cb0b8296977f061310c2dd,268,268,rule,owise;ordinary-rule,"rule inLevelE(_:String, _:String) => false [owise]",ACCEPTED_SELECTED_SUPPLIED_SEMANTICS,Byte-identical to /reference/reference-semantics; fixed selected semantics boundary.
reference-semantics/semantics/builtins.k,fa43a855b8a4548f305f3dd210c8f6c6e7aa15b8d1cb0b8296977f061310c2dd,269,269,syntax,function;total,"syntax OpSeq ::= appendOpE(OpSeq, String) [function, total]",ACCEPTED_SELECTED_SUPPLIED_SEMANTICS,Byte-identical to /reference/reference-semantics; fixed selected semantics boundary.
reference-semantics/semantics/builtins.k,fa43a855b8a4548f305f3dd210c8f6c6e7aa15b8d1cb0b8296977f061310c2dd,270,270,rule,ordinary-rule,"rule appendOpE(.OpSeq, O:String) => oCons(O, .OpSeq)",ACCEPTED_SELECTED_SUPPLIED_SEMANTICS,Byte-identical to /reference/reference-semantics; fixed selected semantics boundary.
reference-semantics/semantics/builtins.k,fa43a855b8a4548f305f3dd210c8f6c6e7aa15b8d1cb0b8296977f061310c2dd,271,271,rule,ordinary-rule,"rule appendOpE(oCons(H:String, T:OpSeq), O:String) => oCons(H, appendOpE(T, O))",ACCEPTED_SELECTED_SUPPLIED_SEMANTICS,Byte-identical to /reference/reference-semantics; fixed selected semantics boundary.
reference-semantics/semantics/builtins.k,fa43a855b8a4548f305f3dd210c8f6c6e7aa15b8d1cb0b8296977f061310c2dd,272,272,syntax,function;total,"syntax IntSeq ::= appendIE(IntSeq, Int) [function, total]",ACCEPTED_SELECTED_SUPPLIED_SEMANTICS,Byte-identical to /reference/reference-semantics; fixed selected semantics boundary.
reference-semantics/semantics/builtins.k,fa43a855b8a4548f305f3dd210c8f6c6e7aa15b8d1cb0b8296977f061310c2dd,273,273,rule,ordinary-rule,"rule appendIE(.IntSeq, N:Int) => iCons(N, .IntSeq)",ACCEPTED_SELECTED_SUPPLIED_SEMANTICS,Byte-identical to /reference/reference-semantics; fixed selected semantics boundary.
reference-semantics/semantics/builtins.k,fa43a855b8a4548f305f3dd210c8f6c6e7aa15b8d1cb0b8296977f061310c2dd,274,278,rule,concrete;ordinary-rule,"rule appendIE(iCons(H:Int, T:IntSeq), N:Int) => iCons(H, appendIE(T, N)) ",ACCEPTED_SELECTED_SUPPLIED_SEMANTICS,Byte-identical to /reference/reference-semantics; fixed selected semantics boundary.
reference-semantics/semantics/builtins.k,fa43a855b8a4548f305f3dd210c8f6c6e7aa15b8d1cb0b8296977f061310c2dd,279,279,syntax,,"syntax KItem ::= ""#md5""",ACCEPTED_SELECTED_SUPPLIED_SEMANTICS,Byte-identical to /reference/reference-semantics; fixed selected semantics boundary.
reference-semantics/semantics/builtins.k,fa43a855b8a4548f305f3dd210c8f6c6e7aa15b8d1cb0b8296977f061310c2dd,280,281,rule,priority;ordinary-rule,"rule <k> Call(Attribute(Name(""hashlib""), ""md5""), (E:Expr, .Exprs)) => E ~> #md5 ... </k> [priority(40)]",ACCEPTED_SELECTED_SUPPLIED_SEMANTICS,Byte-identical to /reference/reference-semantics; fixed selected semantics boundary.
reference-semantics/semantics/builtins.k,fa43a855b8a4548f305f3dd210c8f6c6e7aa15b8d1cb0b8296977f061310c2dd,282,282,rule,ordinary-rule,rule <k> str(CS:IntSeq) ~> #md5 => md5Obj(CS) ... </k>,ACCEPTED_SELECTED_SUPPLIED_SEMANTICS,Byte-identical to /reference/reference-semantics; fixed selected semantics boundary.
reference-semantics/semantics/builtins.k,fa43a855b8a4548f305f3dd210c8f6c6e7aa15b8d1cb0b8296977f061310c2dd,283,283,syntax,,syntax Val ::= md5Obj(IntSeq),ACCEPTED_SELECTED_SUPPLIED_SEMANTICS,Byte-identical to /reference/reference-semantics; fixed selected semantics boundary.
reference-semantics/semantics/builtins.k,fa43a855b8a4548f305f3dd210c8f6c6e7aa15b8d1cb0b8296977f061310c2dd,284,284,rule,ordinary-rule,"rule applyMethod(md5Obj(CS:IntSeq), ""hexdigest"", .Vals) => str(md5hexCodes(CS))",ACCEPTED_SELECTED_SUPPLIED_SEMANTICS,Byte-identical to /reference/reference-semantics; fixed selected semantics boundary.
reference-semantics/semantics/builtins.k,fa43a855b8a4548f305f3dd210c8f6c6e7aa15b8d1cb0b8296977f061310c2dd,285,290,syntax,function;total;symbol;no-evaluators;concrete;owise;opaque-symbol,"syntax IntSeq ::= md5hexCodes(IntSeq) [function, total, symbol(md5hexCodes), no-evaluators] ",ACCEPTED_SELECTED_SUPPLIED_SEMANTICS,Byte-identical to /reference/reference-semantics; fixed selected semantics boundary.
reference-semantics/semantics/builtins.k,fa43a855b8a4548f305f3dd210c8f6c6e7aa15b8d1cb0b8296977f061310c2dd,291,291,rule,ordinary-rule,"rule applyBuiltin(""isinstance"", V:Val, typeV(""int""), .Vals) => isIntV(V)",ACCEPTED_SELECTED_SUPPLIED_SEMANTICS,Byte-identical to /reference/reference-semantics; fixed selected semantics boundary.
reference-semantics/semantics/builtins.k,fa43a855b8a4548f305f3dd210c8f6c6e7aa15b8d1cb0b8296977f061310c2dd,292,292,rule,ordinary-rule,"rule applyBuiltin(""isinstance"", V:Val, typeV(""str""), .Vals) => isStrV(V)",ACCEPTED_SELECTED_SUPPLIED_SEMANTICS,Byte-identical to /reference/reference-semantics; fixed selected semantics boundary.
reference-semantics/semantics/builtins.k,fa43a855b8a4548f305f3dd210c8f6c6e7aa15b8d1cb0b8296977f061310c2dd,293,293,syntax,function,syntax Bool ::= isIntV(Val) [function] | isStrV(Val) [function],ACCEPTED_SELECTED_SUPPLIED_SEMANTICS,Byte-identical to /reference/reference-semantics; fixed selected semantics boundary.
reference-semantics/semantics/builtins.k,fa43a855b8a4548f305f3dd210c8f6c6e7aa15b8d1cb0b8296977f061310c2dd,294,294,rule,ordinary-rule,rule isIntV(_:Int)         => true,ACCEPTED_SELECTED_SUPPLIED_SEMANTICS,Byte-identical to /reference/reference-semantics; fixed selected semantics boundary.
reference-semantics/semantics/builtins.k,fa43a855b8a4548f305f3dd210c8f6c6e7aa15b8d1cb0b8296977f061310c2dd,295,295,rule,owise;ordinary-rule,rule isIntV(_:Val)         => false [owise],ACCEPTED_SELECTED_SUPPLIED_SEMANTICS,Byte-identical to /reference/reference-semantics; fixed selected semantics boundary.
reference-semantics/semantics/builtins.k,fa43a855b8a4548f305f3dd210c8f6c6e7aa15b8d1cb0b8296977f061310c2dd,296,296,rule,ordinary-rule,rule isStrV(str(_:IntSeq)) => true,ACCEPTED_SELECTED_SUPPLIED_SEMANTICS,Byte-identical to /reference/reference-semantics; fixed selected semantics boundary.
reference-semantics/semantics/builtins.k,fa43a855b8a4548f305f3dd210c8f6c6e7aa15b8d1cb0b8296977f061310c2dd,297,297,rule,owise;ordinary-rule,rule isStrV(_:Val)         => false [owise],ACCEPTED_SELECTED_SUPPLIED_SEMANTICS,Byte-identical to /reference/reference-semantics; fixed selected semantics boundary.
reference-semantics/semantics/builtins.k,fa43a855b8a4548f305f3dd210c8f6c6e7aa15b8d1cb0b8296977f061310c2dd,298,298,endmodule,,endmodule,ACCEPTED_SELECTED_SUPPLIED_SEMANTICS,Byte-identical to /reference/reference-semantics; fixed selected semantics boundary.
reference-semantics/semantics/call.k,7e4d6c7cabe7bb4ccff52f21c5d5f30920ccb48d42864146ce53146509f736e4,10,10,module,,module MPY-CALL,ACCEPTED_SELECTED_SUPPLIED_SEMANTICS,Byte-identical to /reference/reference-semantics; fixed selected semantics boundary.
reference-semantics/semantics/call.k,7e4d6c7cabe7bb4ccff52f21c5d5f30920ccb48d42864146ce53146509f736e4,11,11,imports,,imports MPY-METHODS,ACCEPTED_SELECTED_SUPPLIED_SEMANTICS,Byte-identical to /reference/reference-semantics; fixed selected semantics boundary.
reference-semantics/semantics/call.k,7e4d6c7cabe7bb4ccff52f21c5d5f30920ccb48d42864146ce53146509f736e4,12,12,imports,,imports MPY-BUILTINS,ACCEPTED_SELECTED_SUPPLIED_SEMANTICS,Byte-identical to /reference/reference-semantics; fixed selected semantics boundary.
reference-semantics/semantics/call.k,7e4d6c7cabe7bb4ccff52f21c5d5f30920ccb48d42864146ce53146509f736e4,13,15,imports,,imports MPY-FUNCTIONS ,ACCEPTED_SELECTED_SUPPLIED_SEMANTICS,Byte-identical to /reference/reference-semantics; fixed selected semantics boundary.
reference-semantics/semantics/call.k,7e4d6c7cabe7bb4ccff52f21c5d5f30920ccb48d42864146ce53146509f736e4,16,18,rule,owise;ordinary-rule,"rule <k> Attribute(V:Val, M:String) => boundMethodV(V, M) ... </k> ",ACCEPTED_SELECTED_SUPPLIED_SEMANTICS,Byte-identical to /reference/reference-semantics; fixed selected semantics boundary.
reference-semantics/semantics/call.k,7e4d6c7cabe7bb4ccff52f21c5d5f30920ccb48d42864146ce53146509f736e4,19,19,syntax,,syntax KItem ::= #callee(Exprs),ACCEPTED_SELECTED_SUPPLIED_SEMANTICS,Byte-identical to /reference/reference-semantics; fixed selected semantics boundary.
reference-semantics/semantics/call.k,7e4d6c7cabe7bb4ccff52f21c5d5f30920ccb48d42864146ce53146509f736e4,20,20,rule,owise;ordinary-rule,"rule <k> Call(Fe:Expr, ARGS:Exprs) => Fe ~> #callee(ARGS) ... </k> [owise]",ACCEPTED_SELECTED_SUPPLIED_SEMANTICS,Byte-identical to /reference/reference-semantics; fixed selected semantics boundary.
reference-semantics/semantics/call.k,7e4d6c7cabe7bb4ccff52f21c5d5f30920ccb48d42864146ce53146509f736e4,21,23,rule,ordinary-rule,"rule <k> CV:Val ~> #callee(ARGS:Exprs) => #evalArgs(ARGS, .Vals, toCall(CV)) ... </k> ",ACCEPTED_SELECTED_SUPPLIED_SEMANTICS,Byte-identical to /reference/reference-semantics; fixed selected semantics boundary.
reference-semantics/semantics/call.k,7e4d6c7cabe7bb4ccff52f21c5d5f30920ccb48d42864146ce53146509f736e4,24,24,rule,ordinary-rule,"rule <k> #applyK(toCall(boundMethodV(OBJ:Val, M:String)), ACC:Vals) => applyMethod(OBJ, M, ACC) ... </k>",ACCEPTED_SELECTED_SUPPLIED_SEMANTICS,Byte-identical to /reference/reference-semantics; fixed selected semantics boundary.
reference-semantics/semantics/call.k,7e4d6c7cabe7bb4ccff52f21c5d5f30920ccb48d42864146ce53146509f736e4,26,26,rule,ordinary-rule,"rule <k> #applyK(toCall(builtinV(""sum"")), (OBJ:Iterable, .Vals)) => #sumAcc(OBJ, 0) ... </k>",ACCEPTED_SELECTED_SUPPLIED_SEMANTICS,Byte-identical to /reference/reference-semantics; fixed selected semantics boundary.
reference-semantics/semantics/call.k,7e4d6c7cabe7bb4ccff52f21c5d5f30920ccb48d42864146ce53146509f736e4,27,27,rule,ordinary-rule,"rule <k> #applyK(toCall(builtinV(""all"")), (OBJ:Iterable, .Vals)) => #allAcc(OBJ)    ... </k>",ACCEPTED_SELECTED_SUPPLIED_SEMANTICS,Byte-identical to /reference/reference-semantics; fixed selected semantics boundary.
reference-semantics/semantics/call.k,7e4d6c7cabe7bb4ccff52f21c5d5f30920ccb48d42864146ce53146509f736e4,28,28,rule,ordinary-rule,"rule <k> #applyK(toCall(builtinV(""any"")), (OBJ:Iterable, .Vals)) => #anyAcc(OBJ)    ... </k>",ACCEPTED_SELECTED_SUPPLIED_SEMANTICS,Byte-identical to /reference/reference-semantics; fixed selected semantics boundary.
reference-semantics/semantics/call.k,7e4d6c7cabe7bb4ccff52f21c5d5f30920ccb48d42864146ce53146509f736e4,29,29,rule,ordinary-rule,"rule <k> #applyK(toCall(builtinV(""max"")), (OBJ:Iterable, .Vals)) => #maxAcc0(OBJ)   ... </k>",ACCEPTED_SELECTED_SUPPLIED_SEMANTICS,Byte-identical to /reference/reference-semantics; fixed selected semantics boundary.
reference-semantics/semantics/call.k,7e4d6c7cabe7bb4ccff52f21c5d5f30920ccb48d42864146ce53146509f736e4,30,30,rule,ordinary-rule,"rule <k> #applyK(toCall(builtinV(""min"")), (OBJ:Iterable, .Vals)) => #minAcc0(OBJ)   ... </k>",ACCEPTED_SELECTED_SUPPLIED_SEMANTICS,Byte-identical to /reference/reference-semantics; fixed selected semantics boundary.
reference-semantics/semantics/call.k,7e4d6c7cabe7bb4ccff52f21c5d5f30920ccb48d42864146ce53146509f736e4,31,31,rule,owise;ordinary-rule,"rule <k> #applyK(toCall(builtinV(BN:String)), ACC:Vals) => applyBuiltin(BN, ACC) ... </k> [owise]",ACCEPTED_SELECTED_SUPPLIED_SEMANTICS,Byte-identical to /reference/reference-semantics; fixed selected semantics boundary.
reference-semantics/semantics/call.k,7e4d6c7cabe7bb4ccff52f21c5d5f30920ccb48d42864146ce53146509f736e4,32,37,rule,ordinary-rule,"rule <k> #applyK(toCall(typeV(T:String)),     ACC:Vals) => applyBuiltin(T, ACC)  ... </k> ",ACCEPTED_SELECTED_SUPPLIED_SEMANTICS,Byte-identical to /reference/reference-semantics; fixed selected semantics boundary.
reference-semantics/semantics/call.k,7e4d6c7cabe7bb4ccff52f21c5d5f30920ccb48d42864146ce53146509f736e4,38,41,rule,priority;ordinary-rule,"rule <k> #applyK(toCall(builtinV(BN:String)), (ref(H:Int), REST:Vals)) => #applyK(toCall(builtinV(BN)), (V, REST)) ... </k>",ACCEPTED_SELECTED_SUPPLIED_SEMANTICS,Byte-identical to /reference/reference-semantics; fixed selected semantics boundary.
reference-semantics/semantics/call.k,7e4d6c7cabe7bb4ccff52f21c5d5f30920ccb48d42864146ce53146509f736e4,42,46,rule,priority;ordinary-rule,"rule <k> #applyK(toCall(builtinV(BN:String)), (A:Val, ref(H:Int), REST:Vals)) => #applyK(toCall(builtinV(BN)), (A, V, REST)) ... </k>",ACCEPTED_SELECTED_SUPPLIED_SEMANTICS,Byte-identical to /reference/reference-semantics; fixed selected semantics boundary.
reference-semantics/semantics/call.k,7e4d6c7cabe7bb4ccff52f21c5d5f30920ccb48d42864146ce53146509f736e4,47,50,rule,priority;ordinary-rule,"rule <k> #applyK(toCall(typeV(T:String)), (ref(H:Int), REST:Vals)) => #applyK(toCall(typeV(T)), (V, REST)) ... </k>",ACCEPTED_SELECTED_SUPPLIED_SEMANTICS,Byte-identical to /reference/reference-semantics; fixed selected semantics boundary.
reference-semantics/semantics/call.k,7e4d6c7cabe7bb4ccff52f21c5d5f30920ccb48d42864146ce53146509f736e4,52,52,syntax,function;total,"syntax Bool ::= isMutMethod(String) [function, total]",ACCEPTED_SELECTED_SUPPLIED_SEMANTICS,Byte-identical to /reference/reference-semantics; fixed selected semantics boundary.
reference-semantics/semantics/call.k,7e4d6c7cabe7bb4ccff52f21c5d5f30920ccb48d42864146ce53146509f736e4,53,55,rule,ordinary-rule,"rule isMutMethod(M:String) => M ==String ""append"" orBool M ==String ""sort"" orBool M ==String ""extend""",ACCEPTED_SELECTED_SUPPLIED_SEMANTICS,Byte-identical to /reference/reference-semantics; fixed selected semantics boundary.
reference-semantics/semantics/call.k,7e4d6c7cabe7bb4ccff52f21c5d5f30920ccb48d42864146ce53146509f736e4,56,62,rule,priority;ordinary-rule,"rule <k> #applyK(toCall(boundMethodV(ref(H:Int), M:String)), ACC:Vals) => #applyK(toCall(boundMethodV(V, M)), ACC) ... </k>",ACCEPTED_SELECTED_SUPPLIED_SEMANTICS,Byte-identical to /reference/reference-semantics; fixed selected semantics boundary.
reference-semantics/semantics/call.k,7e4d6c7cabe7bb4ccff52f21c5d5f30920ccb48d42864146ce53146509f736e4,63,67,rule,priority;ordinary-rule,"rule <k> #applyK(toCall(boundMethodV(OBJ:Val, M:String)), (ref(H:Int), REST:Vals)) => #applyK(toCall(boundMethodV(OBJ, M)), (V, REST)) ... </k>",ACCEPTED_SELECTED_SUPPLIED_SEMANTICS,Byte-identical to /reference/reference-semantics; fixed selected semantics boundary.
reference-semantics/semantics/call.k,7e4d6c7cabe7bb4ccff52f21c5d5f30920ccb48d42864146ce53146509f736e4,69,79,rule,ordinary-rule,"rule <k> #applyK(toCall(closureVal(PNS:ParamNames, BODY:Stmts, DEFL:Int)), ACC:Vals) ~> CONT => #bindP(PNS, ACC) ~> BODY ~> #endcall </k>",ACCEPTED_SELECTED_SUPPLIED_SEMANTICS,Byte-identical to /reference/reference-semantics; fixed selected semantics boundary.
reference-semantics/semantics/call.k,7e4d6c7cabe7bb4ccff52f21c5d5f30920ccb48d42864146ce53146509f736e4,80,85,rule,ordinary-rule,"rule <k> #applyK(toCall(closureValC(PNS:ParamNames, CVS:ParamNames, BODY:Stmts, CM:Map)), ACC:Vals) ~> CONT => #allocCells(CVS) ~> #bindP(PNS, ACC) ~> BODY ~> #endcall </k>",ACCEPTED_SELECTED_SUPPLIED_SEMANTICS,Byte-identical to /reference/reference-semantics; fixed selected semantics boundary.
reference-semantics/semantics/call.k,7e4d6c7cabe7bb4ccff52f21c5d5f30920ccb48d42864146ce53146509f736e4,87,87,syntax,,syntax KItem ::= #allocCells(ParamNames),ACCEPTED_SELECTED_SUPPLIED_SEMANTICS,Byte-identical to /reference/reference-semantics; fixed selected semantics boundary.
reference-semantics/semantics/call.k,7e4d6c7cabe7bb4ccff52f21c5d5f30920ccb48d42864146ce53146509f736e4,88,88,rule,ordinary-rule,rule <k> #allocCells(.ParamNames) => .K ... </k>,ACCEPTED_SELECTED_SUPPLIED_SEMANTICS,Byte-identical to /reference/reference-semantics; fixed selected semantics boundary.
reference-semantics/semantics/call.k,7e4d6c7cabe7bb4ccff52f21c5d5f30920ccb48d42864146ce53146509f736e4,89,94,rule,ordinary-rule,"rule <k> #allocCells((CV:String, R:ParamNames)) => #allocCells(R) ... </k> <env> L:Int </env>",ACCEPTED_SELECTED_SUPPLIED_SEMANTICS,Byte-identical to /reference/reference-semantics; fixed selected semantics boundary.
reference-semantics/semantics/call.k,7e4d6c7cabe7bb4ccff52f21c5d5f30920ccb48d42864146ce53146509f736e4,95,95,endmodule,,endmodule,ACCEPTED_SELECTED_SUPPLIED_SEMANTICS,Byte-identical to /reference/reference-semantics; fixed selected semantics boundary.
reference-semantics/semantics/comprehension.k,cf7c38aad5cff698ebb05ecbadf00cbf210ddb2f54ae86f22b328311c027c6a7,3,3,module,,module MPY-COMPREHENSION,ACCEPTED_SELECTED_SUPPLIED_SEMANTICS,Byte-identical to /reference/reference-semantics; fixed selected semantics boundary.
reference-semantics/semantics/comprehension.k,cf7c38aad5cff698ebb05ecbadf00cbf210ddb2f54ae86f22b328311c027c6a7,4,4,imports,,imports MPY-CORE,ACCEPTED_SELECTED_SUPPLIED_SEMANTICS,Byte-identical to /reference/reference-semantics; fixed selected semantics boundary.
reference-semantics/semantics/comprehension.k,cf7c38aad5cff698ebb05ecbadf00cbf210ddb2f54ae86f22b328311c027c6a7,5,5,imports,,imports MPY-OPERATORS,ACCEPTED_SELECTED_SUPPLIED_SEMANTICS,Byte-identical to /reference/reference-semantics; fixed selected semantics boundary.
reference-semantics/semantics/comprehension.k,cf7c38aad5cff698ebb05ecbadf00cbf210ddb2f54ae86f22b328311c027c6a7,6,6,imports,,imports MPY-LIST,ACCEPTED_SELECTED_SUPPLIED_SEMANTICS,Byte-identical to /reference/reference-semantics; fixed selected semantics boundary.
reference-semantics/semantics/comprehension.k,cf7c38aad5cff698ebb05ecbadf00cbf210ddb2f54ae86f22b328311c027c6a7,7,7,imports,,imports MPY-CONTROLS,ACCEPTED_SELECTED_SUPPLIED_SEMANTICS,Byte-identical to /reference/reference-semantics; fixed selected semantics boundary.
reference-semantics/semantics/comprehension.k,cf7c38aad5cff698ebb05ecbadf00cbf210ddb2f54ae86f22b328311c027c6a7,8,10,imports,,imports MPY-FUNCTIONS ,ACCEPTED_SELECTED_SUPPLIED_SEMANTICS,Byte-identical to /reference/reference-semantics; fixed selected semantics boundary.
reference-semantics/semantics/comprehension.k,cf7c38aad5cff698ebb05ecbadf00cbf210ddb2f54ae86f22b328311c027c6a7,11,11,rule,ordinary-rule,"rule ListComp(ELT:Expr, Gs:CompFors) => Call(closureExpr(.ParamNames, compBody(Gs, ELT)), .Exprs)",ACCEPTED_SELECTED_SUPPLIED_SEMANTICS,Byte-identical to /reference/reference-semantics; fixed selected semantics boundary.
reference-semantics/semantics/comprehension.k,cf7c38aad5cff698ebb05ecbadf00cbf210ddb2f54ae86f22b328311c027c6a7,12,12,rule,ordinary-rule,"rule GenExp(ELT:Expr, Gs:CompFors)   => Call(closureExpr(.ParamNames, compBody(Gs, ELT)), .Exprs)",ACCEPTED_SELECTED_SUPPLIED_SEMANTICS,Byte-identical to /reference/reference-semantics; fixed selected semantics boundary.
reference-semantics/semantics/comprehension.k,cf7c38aad5cff698ebb05ecbadf00cbf210ddb2f54ae86f22b328311c027c6a7,14,14,syntax,macro,"syntax Stmts ::= compBody(CompFors, Expr) [macro]",ACCEPTED_SELECTED_SUPPLIED_SEMANTICS,Byte-identical to /reference/reference-semantics; fixed selected semantics boundary.
reference-semantics/semantics/comprehension.k,cf7c38aad5cff698ebb05ecbadf00cbf210ddb2f54ae86f22b328311c027c6a7,15,16,rule,ordinary-rule,"rule compBody(Gs:CompFors, ELT:Expr) => Assign(Name(""$acc""), ListExpr(.Exprs)) compNest(Gs, ELT) Return(Name(""$acc""))",ACCEPTED_SELECTED_SUPPLIED_SEMANTICS,Byte-identical to /reference/reference-semantics; fixed selected semantics boundary.
reference-semantics/semantics/comprehension.k,cf7c38aad5cff698ebb05ecbadf00cbf210ddb2f54ae86f22b328311c027c6a7,18,18,syntax,macro,"syntax Stmt ::= compNest(CompFors, Expr) [macro-rec]",ACCEPTED_SELECTED_SUPPLIED_SEMANTICS,Byte-identical to /reference/reference-semantics; fixed selected semantics boundary.
reference-semantics/semantics/comprehension.k,cf7c38aad5cff698ebb05ecbadf00cbf210ddb2f54ae86f22b328311c027c6a7,19,20,rule,ordinary-rule,"rule compNest(.CompFors, ELT:Expr) => Assign(Name(""$acc""), BinOp(""+"", Name(""$acc""), ListExpr(ELT)))",ACCEPTED_SELECTED_SUPPLIED_SEMANTICS,Byte-identical to /reference/reference-semantics; fixed selected semantics boundary.
reference-semantics/semantics/comprehension.k,cf7c38aad5cff698ebb05ecbadf00cbf210ddb2f54ae86f22b328311c027c6a7,21,22,rule,ordinary-rule,"rule compNest((CompFor(T:Expr, ITER:Expr, Fs:Exprs) GRest:CompFors), ELT:Expr) => For(T, ITER, If(compGuard(Fs), compNest(GRest, ELT), .Stmts))",ACCEPTED_SELECTED_SUPPLIED_SEMANTICS,Byte-identical to /reference/reference-semantics; fixed selected semantics boundary.
reference-semantics/semantics/comprehension.k,cf7c38aad5cff698ebb05ecbadf00cbf210ddb2f54ae86f22b328311c027c6a7,24,24,syntax,macro,syntax Expr ::= compGuard(Exprs) [macro],ACCEPTED_SELECTED_SUPPLIED_SEMANTICS,Byte-identical to /reference/reference-semantics; fixed selected semantics boundary.
reference-semantics/semantics/comprehension.k,cf7c38aad5cff698ebb05ecbadf00cbf210ddb2f54ae86f22b328311c027c6a7,25,25,rule,ordinary-rule,rule compGuard(.Exprs)             => Bool(true),ACCEPTED_SELECTED_SUPPLIED_SEMANTICS,Byte-identical to /reference/reference-semantics; fixed selected semantics boundary.
reference-semantics/semantics/comprehension.k,cf7c38aad5cff698ebb05ecbadf00cbf210ddb2f54ae86f22b328311c027c6a7,26,26,rule,ordinary-rule,"rule compGuard((F:Expr, Fs:Exprs)) => BoolOp(""and"", (F, Fs))",ACCEPTED_SELECTED_SUPPLIED_SEMANTICS,Byte-identical to /reference/reference-semantics; fixed selected semantics boundary.
reference-semantics/semantics/comprehension.k,cf7c38aad5cff698ebb05ecbadf00cbf210ddb2f54ae86f22b328311c027c6a7,27,27,endmodule,,endmodule,ACCEPTED_SELECTED_SUPPLIED_SEMANTICS,Byte-identical to /reference/reference-semantics; fixed selected semantics boundary.
reference-semantics/semantics/concrete.k,1ffea42a32610e9116506d709e9163413aeb5f6deb7824ea554aca8341f2d305,8,8,module,,module MPY-CONCRETE,ACCEPTED_SELECTED_SUPPLIED_SEMANTICS,Byte-identical to /reference/reference-semantics; fixed selected semantics boundary.
reference-semantics/semantics/concrete.k,1ffea42a32610e9116506d709e9163413aeb5f6deb7824ea554aca8341f2d305,9,12,imports,,imports MPY ,ACCEPTED_SELECTED_SUPPLIED_SEMANTICS,Byte-identical to /reference/reference-semantics; fixed selected semantics boundary.
reference-semantics/semantics/concrete.k,1ffea42a32610e9116506d709e9163413aeb5f6deb7824ea554aca8341f2d305,13,15,rule,ordinary-rule,"rule <k> Compare(list(A:ValSeq), CmpOp(""=="", list(B:ValSeq))) => deepEqVS(A, B, HP) ... </k> <heap> HP:Map </heap>",ACCEPTED_SELECTED_SUPPLIED_SEMANTICS,Byte-identical to /reference/reference-semantics; fixed selected semantics boundary.
reference-semantics/semantics/concrete.k,1ffea42a32610e9116506d709e9163413aeb5f6deb7824ea554aca8341f2d305,16,24,rule,priority;concrete;ordinary-rule,"rule <k> Compare(list(A:ValSeq), CmpOp(""!="", list(B:ValSeq))) => notBool deepEqVS(A, B, HP) ... </k> <heap> HP:Map </heap>",ACCEPTED_SELECTED_SUPPLIED_SEMANTICS,Byte-identical to /reference/reference-semantics; fixed selected semantics boundary.
reference-semantics/semantics/concrete.k,1ffea42a32610e9116506d709e9163413aeb5f6deb7824ea554aca8341f2d305,25,25,syntax,,"syntax Val ::= kvP(Val, Val)",ACCEPTED_SELECTED_SUPPLIED_SEMANTICS,Byte-identical to /reference/reference-semantics; fixed selected semantics boundary.
reference-semantics/semantics/concrete.k,1ffea42a32610e9116506d709e9163413aeb5f6deb7824ea554aca8341f2d305,26,27,syntax,,"syntax KItem ::= #ksort(ValSeq, Val, ValSeq, Bool) | #ksIns(Val, ValSeq, Val, ValSeq, Bool)",ACCEPTED_SELECTED_SUPPLIED_SEMANTICS,Byte-identical to /reference/reference-semantics; fixed selected semantics boundary.
reference-semantics/semantics/concrete.k,1ffea42a32610e9116506d709e9163413aeb5f6deb7824ea554aca8341f2d305,28,30,rule,priority;ordinary-rule,"rule <k> #applyK(toCall(builtinV(""sorted"")), (list(VS:ValSeq), kwV(""key"", KV:Val), .Vals)) => #ksort(VS, KV, .ValSeq, false) ... </k>",ACCEPTED_SELECTED_SUPPLIED_SEMANTICS,Byte-identical to /reference/reference-semantics; fixed selected semantics boundary.
reference-semantics/semantics/concrete.k,1ffea42a32610e9116506d709e9163413aeb5f6deb7824ea554aca8341f2d305,31,33,rule,priority;ordinary-rule,"rule <k> #applyK(toCall(builtinV(""sorted"")), (list(VS:ValSeq), kwV(""key"", KV:Val), kwV(""reverse"", RB:Bool), .Vals)) => #ksort(VS, KV, .ValSeq, RB) ... </k>",ACCEPTED_SELECTED_SUPPLIED_SEMANTICS,Byte-identical to /reference/reference-semantics; fixed selected semantics boundary.
reference-semantics/semantics/concrete.k,1ffea42a32610e9116506d709e9163413aeb5f6deb7824ea554aca8341f2d305,34,35,rule,ordinary-rule,"rule <k> #ksort(.ValSeq, _:Val, ACC:ValSeq, RB:Bool) => #alloc(list(condRev(unpairVS(ACC), RB))) ... </k>",ACCEPTED_SELECTED_SUPPLIED_SEMANTICS,Byte-identical to /reference/reference-semantics; fixed selected semantics boundary.
reference-semantics/semantics/concrete.k,1ffea42a32610e9116506d709e9163413aeb5f6deb7824ea554aca8341f2d305,36,37,rule,ordinary-rule,"rule <k> #ksort(vCons(V:Val, R:ValSeq), KV:Val, ACC:ValSeq, RB:Bool) => KV ~> #callee((V, .Exprs)) ~> #ksIns(V, R, KV, ACC, RB) ... </k>",ACCEPTED_SELECTED_SUPPLIED_SEMANTICS,Byte-identical to /reference/reference-semantics; fixed selected semantics boundary.
reference-semantics/semantics/concrete.k,1ffea42a32610e9116506d709e9163413aeb5f6deb7824ea554aca8341f2d305,38,40,rule,ordinary-rule,"rule <k> K:Val ~> #ksIns(V:Val, R:ValSeq, KV:Val, ACC:ValSeq, RB:Bool) => #ksort(R, KV, insPair(ACC, K, V), RB) ... </k>",ACCEPTED_SELECTED_SUPPLIED_SEMANTICS,Byte-identical to /reference/reference-semantics; fixed selected semantics boundary.
reference-semantics/semantics/concrete.k,1ffea42a32610e9116506d709e9163413aeb5f6deb7824ea554aca8341f2d305,42,42,syntax,function,"syntax ValSeq ::= insPair(ValSeq, Val, Val) [function]",ACCEPTED_SELECTED_SUPPLIED_SEMANTICS,Byte-identical to /reference/reference-semantics; fixed selected semantics boundary.
reference-semantics/semantics/concrete.k,1ffea42a32610e9116506d709e9163413aeb5f6deb7824ea554aca8341f2d305,43,43,rule,ordinary-rule,"rule insPair(.ValSeq, K:Val, V:Val) => vCons(kvP(K, V), .ValSeq)",ACCEPTED_SELECTED_SUPPLIED_SEMANTICS,Byte-identical to /reference/reference-semantics; fixed selected semantics boundary.
reference-semantics/semantics/concrete.k,1ffea42a32610e9116506d709e9163413aeb5f6deb7824ea554aca8341f2d305,44,46,rule,ordinary-rule,"rule insPair(vCons(kvP(K2:Val, V2:Val), R:ValSeq), K:Val, V:Val) => vCons(kvP(K, V), vCons(kvP(K2, V2), R))",ACCEPTED_SELECTED_SUPPLIED_SEMANTICS,Byte-identical to /reference/reference-semantics; fixed selected semantics boundary.
reference-semantics/semantics/concrete.k,1ffea42a32610e9116506d709e9163413aeb5f6deb7824ea554aca8341f2d305,47,49,rule,ordinary-rule,"rule insPair(vCons(kvP(K2:Val, V2:Val), R:ValSeq), K:Val, V:Val) => vCons(kvP(K2, V2), insPair(R, K, V))",ACCEPTED_SELECTED_SUPPLIED_SEMANTICS,Byte-identical to /reference/reference-semantics; fixed selected semantics boundary.
reference-semantics/semantics/concrete.k,1ffea42a32610e9116506d709e9163413aeb5f6deb7824ea554aca8341f2d305,51,51,syntax,function,"syntax Bool ::= kLt(Val, Val) [function]",ACCEPTED_SELECTED_SUPPLIED_SEMANTICS,Byte-identical to /reference/reference-semantics; fixed selected semantics boundary.
reference-semantics/semantics/concrete.k,1ffea42a32610e9116506d709e9163413aeb5f6deb7824ea554aca8341f2d305,52,52,rule,ordinary-rule,"rule kLt(I1:Int, I2:Int)             => I1 <Int I2",ACCEPTED_SELECTED_SUPPLIED_SEMANTICS,Byte-identical to /reference/reference-semantics; fixed selected semantics boundary.
reference-semantics/semantics/concrete.k,1ffea42a32610e9116506d709e9163413aeb5f6deb7824ea554aca8341f2d305,53,53,rule,ordinary-rule,"rule kLt(F1:Float, F2:Float)         => F1 <Float F2",ACCEPTED_SELECTED_SUPPLIED_SEMANTICS,Byte-identical to /reference/reference-semantics; fixed selected semantics boundary.
reference-semantics/semantics/concrete.k,1ffea42a32610e9116506d709e9163413aeb5f6deb7824ea554aca8341f2d305,54,54,rule,ordinary-rule,"rule kLt(str(A:IntSeq), str(B:IntSeq)) => strLt(A, B)",ACCEPTED_SELECTED_SUPPLIED_SEMANTICS,Byte-identical to /reference/reference-semantics; fixed selected semantics boundary.
reference-semantics/semantics/concrete.k,1ffea42a32610e9116506d709e9163413aeb5f6deb7824ea554aca8341f2d305,56,56,syntax,function;total,"syntax ValSeq ::= unpairVS(ValSeq) [function, total]",ACCEPTED_SELECTED_SUPPLIED_SEMANTICS,Byte-identical to /reference/reference-semantics; fixed selected semantics boundary.
reference-semantics/semantics/concrete.k,1ffea42a32610e9116506d709e9163413aeb5f6deb7824ea554aca8341f2d305,57,57,rule,ordinary-rule,rule unpairVS(.ValSeq) => .ValSeq,ACCEPTED_SELECTED_SUPPLIED_SEMANTICS,Byte-identical to /reference/reference-semantics; fixed selected semantics boundary.
reference-semantics/semantics/concrete.k,1ffea42a32610e9116506d709e9163413aeb5f6deb7824ea554aca8341f2d305,58,58,rule,ordinary-rule,"rule unpairVS(vCons(kvP(_:Val, V:Val), R:ValSeq)) => vCons(V, unpairVS(R))",ACCEPTED_SELECTED_SUPPLIED_SEMANTICS,Byte-identical to /reference/reference-semantics; fixed selected semantics boundary.
reference-semantics/semantics/concrete.k,1ffea42a32610e9116506d709e9163413aeb5f6deb7824ea554aca8341f2d305,59,59,rule,owise;ordinary-rule,"rule unpairVS(vCons(V:Val, R:ValSeq)) => vCons(V, unpairVS(R)) [owise]",ACCEPTED_SELECTED_SUPPLIED_SEMANTICS,Byte-identical to /reference/reference-semantics; fixed selected semantics boundary.
reference-semantics/semantics/concrete.k,1ffea42a32610e9116506d709e9163413aeb5f6deb7824ea554aca8341f2d305,60,60,endmodule,,endmodule,ACCEPTED_SELECTED_SUPPLIED_SEMANTICS,Byte-identical to /reference/reference-semantics; fixed selected semantics boundary.
reference-semantics/semantics/controls.k,325c73757d5a7ccf541b93240accd590a2cee90d84470efa3a4a0a14165aafae,3,3,module,,module MPY-CONTROLS,ACCEPTED_SELECTED_SUPPLIED_SEMANTICS,Byte-identical to /reference/reference-semantics; fixed selected semantics boundary.
reference-semantics/semantics/controls.k,325c73757d5a7ccf541b93240accd590a2cee90d84470efa3a4a0a14165aafae,4,4,imports,,imports MPY-CORE,ACCEPTED_SELECTED_SUPPLIED_SEMANTICS,Byte-identical to /reference/reference-semantics; fixed selected semantics boundary.
reference-semantics/semantics/controls.k,325c73757d5a7ccf541b93240accd590a2cee90d84470efa3a4a0a14165aafae,5,5,imports,,imports MPY-TUPLE,ACCEPTED_SELECTED_SUPPLIED_SEMANTICS,Byte-identical to /reference/reference-semantics; fixed selected semantics boundary.
reference-semantics/semantics/controls.k,325c73757d5a7ccf541b93240accd590a2cee90d84470efa3a4a0a14165aafae,6,8,imports,strict,imports MPY-ITER ,ACCEPTED_SELECTED_SUPPLIED_SEMANTICS,Byte-identical to /reference/reference-semantics; fixed selected semantics boundary.
reference-semantics/semantics/controls.k,325c73757d5a7ccf541b93240accd590a2cee90d84470efa3a4a0a14165aafae,9,11,rule,ordinary-rule,"rule <k> Assign(Name(X:String), V:Val) => .K ... </k> <env> L:Int </env>",ACCEPTED_SELECTED_SUPPLIED_SEMANTICS,Byte-identical to /reference/reference-semantics; fixed selected semantics boundary.
reference-semantics/semantics/controls.k,325c73757d5a7ccf541b93240accd590a2cee90d84470efa3a4a0a14165aafae,12,18,rule,priority;ordinary-rule,"rule <k> Assign(Name(X:String), V:Val) => #cellW({M[X]}:>Val, V) ... </k> <env> L:Int </env>",ACCEPTED_SELECTED_SUPPLIED_SEMANTICS,Byte-identical to /reference/reference-semantics; fixed selected semantics boundary.
reference-semantics/semantics/controls.k,325c73757d5a7ccf541b93240accd590a2cee90d84470efa3a4a0a14165aafae,20,26,rule,ordinary-rule,"rule <k> AugAssign(Name(X:String), OP:String, V:Val) => .K ... </k> <env> L:Int </env>",ACCEPTED_SELECTED_SUPPLIED_SEMANTICS,Byte-identical to /reference/reference-semantics; fixed selected semantics boundary.
reference-semantics/semantics/controls.k,325c73757d5a7ccf541b93240accd590a2cee90d84470efa3a4a0a14165aafae,27,34,rule,priority;ordinary-rule,"rule <k> AugAssign(Name(X:String), OP:String, V:Val) => Assign(Name(X), BinOp(OP, Name(X), V)) ... </k> <env> L:Int </env>",ACCEPTED_SELECTED_SUPPLIED_SEMANTICS,Byte-identical to /reference/reference-semantics; fixed selected semantics boundary.
reference-semantics/semantics/controls.k,325c73757d5a7ccf541b93240accd590a2cee90d84470efa3a4a0a14165aafae,35,35,rule,ordinary-rule,"rule <k> ImportFrom(""math"", NS:ParamNames) => #bindImports(NS) ... </k>",ACCEPTED_SELECTED_SUPPLIED_SEMANTICS,Byte-identical to /reference/reference-semantics; fixed selected semantics boundary.
reference-semantics/semantics/controls.k,325c73757d5a7ccf541b93240accd590a2cee90d84470efa3a4a0a14165aafae,36,36,rule,owise;ordinary-rule,"rule <k> ImportFrom(_:String, _:ParamNames) => .K ... </k> [owise]",ACCEPTED_SELECTED_SUPPLIED_SEMANTICS,Byte-identical to /reference/reference-semantics; fixed selected semantics boundary.
reference-semantics/semantics/controls.k,325c73757d5a7ccf541b93240accd590a2cee90d84470efa3a4a0a14165aafae,37,37,syntax,,syntax KItem ::= #bindImports(ParamNames),ACCEPTED_SELECTED_SUPPLIED_SEMANTICS,Byte-identical to /reference/reference-semantics; fixed selected semantics boundary.
reference-semantics/semantics/controls.k,325c73757d5a7ccf541b93240accd590a2cee90d84470efa3a4a0a14165aafae,38,38,rule,ordinary-rule,rule <k> #bindImports(.ParamNames) => .K ... </k>,ACCEPTED_SELECTED_SUPPLIED_SEMANTICS,Byte-identical to /reference/reference-semantics; fixed selected semantics boundary.
reference-semantics/semantics/controls.k,325c73757d5a7ccf541b93240accd590a2cee90d84470efa3a4a0a14165aafae,39,42,rule,ordinary-rule,"rule <k> #bindImports((N:String, NS:ParamNames)) => #bindImports(NS) ... </k> <env> L:Int </env>",ACCEPTED_SELECTED_SUPPLIED_SEMANTICS,Byte-identical to /reference/reference-semantics; fixed selected semantics boundary.
reference-semantics/semantics/controls.k,325c73757d5a7ccf541b93240accd590a2cee90d84470efa3a4a0a14165aafae,43,47,rule,ordinary-rule,"rule <k> #bindImports((N:String, NS:ParamNames)) => #bindImports(NS) ... </k> requires notBool (N ==String ""floor"" orBool N ==String ""ceil"")",ACCEPTED_SELECTED_SUPPLIED_SEMANTICS,Byte-identical to /reference/reference-semantics; fixed selected semantics boundary.
reference-semantics/semantics/controls.k,325c73757d5a7ccf541b93240accd590a2cee90d84470efa3a4a0a14165aafae,48,50,rule,strict;ordinary-rule,rule <k> Expr(_:Val) => .K ... </k> ,ACCEPTED_SELECTED_SUPPLIED_SEMANTICS,Byte-identical to /reference/reference-semantics; fixed selected semantics boundary.
reference-semantics/semantics/controls.k,325c73757d5a7ccf541b93240accd590a2cee90d84470efa3a4a0a14165aafae,51,51,syntax,,"syntax KItem ::= #branch(Bool, Stmts, Stmts)",ACCEPTED_SELECTED_SUPPLIED_SEMANTICS,Byte-identical to /reference/reference-semantics; fixed selected semantics boundary.
reference-semantics/semantics/controls.k,325c73757d5a7ccf541b93240accd590a2cee90d84470efa3a4a0a14165aafae,52,52,rule,ordinary-rule,"rule <k> If(C:Val, T:Stmts, E:Stmts) => #branch(truthy(C), T, E) ... </k>",ACCEPTED_SELECTED_SUPPLIED_SEMANTICS,Byte-identical to /reference/reference-semantics; fixed selected semantics boundary.
reference-semantics/semantics/controls.k,325c73757d5a7ccf541b93240accd590a2cee90d84470efa3a4a0a14165aafae,53,53,rule,ordinary-rule,"rule <k> #branch(true,  T:Stmts, _:Stmts) => T ... </k>",ACCEPTED_SELECTED_SUPPLIED_SEMANTICS,Byte-identical to /reference/reference-semantics; fixed selected semantics boundary.
reference-semantics/semantics/controls.k,325c73757d5a7ccf541b93240accd590a2cee90d84470efa3a4a0a14165aafae,54,56,rule,ordinary-rule,"rule <k> #branch(false, _:Stmts, E:Stmts) => E ... </k> ",ACCEPTED_SELECTED_SUPPLIED_SEMANTICS,Byte-identical to /reference/reference-semantics; fixed selected semantics boundary.
reference-semantics/semantics/controls.k,325c73757d5a7ccf541b93240accd590a2cee90d84470efa3a4a0a14165aafae,57,58,rule,ordinary-rule,"rule <k> IfExp(V:Val, T:Expr, _:Expr) => T ... </k> requires truthy(V)",ACCEPTED_SELECTED_SUPPLIED_SEMANTICS,Byte-identical to /reference/reference-semantics; fixed selected semantics boundary.
reference-semantics/semantics/controls.k,325c73757d5a7ccf541b93240accd590a2cee90d84470efa3a4a0a14165aafae,59,64,rule,strict;ordinary-rule,"rule <k> IfExp(V:Val, _:Expr, E:Expr) => E ... </k> requires notBool truthy(V)",ACCEPTED_SELECTED_SUPPLIED_SEMANTICS,Byte-identical to /reference/reference-semantics; fixed selected semantics boundary.
reference-semantics/semantics/controls.k,325c73757d5a7ccf541b93240accd590a2cee90d84470efa3a4a0a14165aafae,65,67,syntax,,"syntax KItem ::= #loop(Val, Expr, Stmts) | #loopStep(Expr, Stmts) | #while(Expr, Stmts) | #whileCond(Expr, Stmts)",ACCEPTED_SELECTED_SUPPLIED_SEMANTICS,Byte-identical to /reference/reference-semantics; fixed selected semantics boundary.
reference-semantics/semantics/controls.k,325c73757d5a7ccf541b93240accd590a2cee90d84470efa3a4a0a14165aafae,69,69,rule,ordinary-rule,"rule <k> For(T:Expr, OBJ:Val, B:Stmts) => #loop(OBJ, T, B) ... </k>",ACCEPTED_SELECTED_SUPPLIED_SEMANTICS,Byte-identical to /reference/reference-semantics; fixed selected semantics boundary.
reference-semantics/semantics/controls.k,325c73757d5a7ccf541b93240accd590a2cee90d84470efa3a4a0a14165aafae,71,71,rule,ordinary-rule,"rule <k> #loop(IT:Iterable, T:Expr, B:Stmts) => #iterNext(IT) ~> #loopStep(T, B) ... </k>",ACCEPTED_SELECTED_SUPPLIED_SEMANTICS,Byte-identical to /reference/reference-semantics; fixed selected semantics boundary.
reference-semantics/semantics/controls.k,325c73757d5a7ccf541b93240accd590a2cee90d84470efa3a4a0a14165aafae,72,72,rule,ordinary-rule,"rule <k> #iterDone ~> #loopStep(_:Expr, _:Stmts) => .K ... </k>",ACCEPTED_SELECTED_SUPPLIED_SEMANTICS,Byte-identical to /reference/reference-semantics; fixed selected semantics boundary.
reference-semantics/semantics/controls.k,325c73757d5a7ccf541b93240accd590a2cee90d84470efa3a4a0a14165aafae,73,76,rule,ordinary-rule,"rule <k> #iterYield(V:Val, REST:Iterable) ~> #loopStep(T:Expr, B:Stmts) => #bindTgt(T, V) ~> B ~> #loopLbl(#loop(REST, T, B)) ... </k>",ACCEPTED_SELECTED_SUPPLIED_SEMANTICS,Byte-identical to /reference/reference-semantics; fixed selected semantics boundary.
reference-semantics/semantics/controls.k,325c73757d5a7ccf541b93240accd590a2cee90d84470efa3a4a0a14165aafae,77,77,rule,ordinary-rule,"rule <k> While(C:Expr, B:Stmts) => #while(C, B) ... </k>",ACCEPTED_SELECTED_SUPPLIED_SEMANTICS,Byte-identical to /reference/reference-semantics; fixed selected semantics boundary.
reference-semantics/semantics/controls.k,325c73757d5a7ccf541b93240accd590a2cee90d84470efa3a4a0a14165aafae,78,78,rule,ordinary-rule,"rule <k> #while(C:Expr, B:Stmts) => C ~> #whileCond(C, B) ... </k>",ACCEPTED_SELECTED_SUPPLIED_SEMANTICS,Byte-identical to /reference/reference-semantics; fixed selected semantics boundary.
reference-semantics/semantics/controls.k,325c73757d5a7ccf541b93240accd590a2cee90d84470efa3a4a0a14165aafae,79,80,rule,ordinary-rule,"rule <k> V:Val ~> #whileCond(C:Expr, B:Stmts) => B ~> #loopLbl(#while(C, B)) ... </k> requires truthy(V)",ACCEPTED_SELECTED_SUPPLIED_SEMANTICS,Byte-identical to /reference/reference-semantics; fixed selected semantics boundary.
reference-semantics/semantics/controls.k,325c73757d5a7ccf541b93240accd590a2cee90d84470efa3a4a0a14165aafae,81,84,rule,ordinary-rule,"rule <k> V:Val ~> #whileCond(_C:Expr, _B:Stmts) => .K ... </k> requires notBool truthy(V)",ACCEPTED_SELECTED_SUPPLIED_SEMANTICS,Byte-identical to /reference/reference-semantics; fixed selected semantics boundary.
reference-semantics/semantics/controls.k,325c73757d5a7ccf541b93240accd590a2cee90d84470efa3a4a0a14165aafae,85,85,rule,ordinary-rule,rule <k> #loopLbl(NEXT:K) => NEXT ... </k>,ACCEPTED_SELECTED_SUPPLIED_SEMANTICS,Byte-identical to /reference/reference-semantics; fixed selected semantics boundary.
reference-semantics/semantics/controls.k,325c73757d5a7ccf541b93240accd590a2cee90d84470efa3a4a0a14165aafae,86,86,rule,ordinary-rule,rule <k> Continue => #cont ... </k>,ACCEPTED_SELECTED_SUPPLIED_SEMANTICS,Byte-identical to /reference/reference-semantics; fixed selected semantics boundary.
reference-semantics/semantics/controls.k,325c73757d5a7ccf541b93240accd590a2cee90d84470efa3a4a0a14165aafae,87,87,rule,ordinary-rule,rule <k> Break => #brk ... </k>,ACCEPTED_SELECTED_SUPPLIED_SEMANTICS,Byte-identical to /reference/reference-semantics; fixed selected semantics boundary.
reference-semantics/semantics/controls.k,325c73757d5a7ccf541b93240accd590a2cee90d84470efa3a4a0a14165aafae,88,88,rule,ordinary-rule,rule <k> #cont ~> #loopLbl(NEXT:K) => NEXT ... </k>,ACCEPTED_SELECTED_SUPPLIED_SEMANTICS,Byte-identical to /reference/reference-semantics; fixed selected semantics boundary.
reference-semantics/semantics/controls.k,325c73757d5a7ccf541b93240accd590a2cee90d84470efa3a4a0a14165aafae,89,89,rule,owise;ordinary-rule,rule <k> #cont ~> (_:KItem => .K) ... </k> [owise],ACCEPTED_SELECTED_SUPPLIED_SEMANTICS,Byte-identical to /reference/reference-semantics; fixed selected semantics boundary.
reference-semantics/semantics/controls.k,325c73757d5a7ccf541b93240accd590a2cee90d84470efa3a4a0a14165aafae,90,90,rule,ordinary-rule,rule <k> #brk ~> #loopLbl(_:K) => .K ... </k>,ACCEPTED_SELECTED_SUPPLIED_SEMANTICS,Byte-identical to /reference/reference-semantics; fixed selected semantics boundary.
reference-semantics/semantics/controls.k,325c73757d5a7ccf541b93240accd590a2cee90d84470efa3a4a0a14165aafae,91,94,rule,priority;owise;ordinary-rule,rule <k> #brk ~> (_:KItem => .K) ... </k> [owise] ,ACCEPTED_SELECTED_SUPPLIED_SEMANTICS,Byte-identical to /reference/reference-semantics; fixed selected semantics boundary.
reference-semantics/semantics/controls.k,325c73757d5a7ccf541b93240accd590a2cee90d84470efa3a4a0a14165aafae,95,97,rule,priority;ordinary-rule,"rule <k> If(ref(H:Int), T:Stmts, E:Stmts) => If(V, T, E) ... </k> <heap> ... H |-> V:Val ... </heap>",ACCEPTED_SELECTED_SUPPLIED_SEMANTICS,Byte-identical to /reference/reference-semantics; fixed selected semantics boundary.
reference-semantics/semantics/controls.k,325c73757d5a7ccf541b93240accd590a2cee90d84470efa3a4a0a14165aafae,98,100,rule,priority;ordinary-rule,"rule <k> IfExp(ref(H:Int), T:Expr, E:Expr) => IfExp(V, T, E) ... </k> <heap> ... H |-> V:Val ... </heap>",ACCEPTED_SELECTED_SUPPLIED_SEMANTICS,Byte-identical to /reference/reference-semantics; fixed selected semantics boundary.
reference-semantics/semantics/controls.k,325c73757d5a7ccf541b93240accd590a2cee90d84470efa3a4a0a14165aafae,101,105,rule,priority;ordinary-rule,"rule <k> ref(H:Int) ~> #whileCond(C:Expr, B:Stmts) => V ~> #whileCond(C, B) ... </k> <heap> ... H |-> V:Val ... </heap>",ACCEPTED_SELECTED_SUPPLIED_SEMANTICS,Byte-identical to /reference/reference-semantics; fixed selected semantics boundary.
reference-semantics/semantics/controls.k,325c73757d5a7ccf541b93240accd590a2cee90d84470efa3a4a0a14165aafae,106,108,rule,priority;ordinary-rule,"rule <k> For(T:Expr, ref(H:Int), B:Stmts) => For(T, V, B) ... </k> <heap> ... H |-> V:Val ... </heap>",ACCEPTED_SELECTED_SUPPLIED_SEMANTICS,Byte-identical to /reference/reference-semantics; fixed selected semantics boundary.
reference-semantics/semantics/controls.k,325c73757d5a7ccf541b93240accd590a2cee90d84470efa3a4a0a14165aafae,109,109,endmodule,,endmodule,ACCEPTED_SELECTED_SUPPLIED_SEMANTICS,Byte-identical to /reference/reference-semantics; fixed selected semantics boundary.
reference-semantics/semantics/core.k,e0fdc11dc2b9cd0acb18fe7c832c1ea1ac0c9e79cadf40c63f34276aca513d7e,3,3,module,,module MPY-CORE,ACCEPTED_SELECTED_SUPPLIED_SEMANTICS,Byte-identical to /reference/reference-semantics; fixed selected semantics boundary.
reference-semantics/semantics/core.k,e0fdc11dc2b9cd0acb18fe7c832c1ea1ac0c9e79cadf40c63f34276aca513d7e,4,4,imports,,imports MPY-SYNTAX,ACCEPTED_SELECTED_SUPPLIED_SEMANTICS,Byte-identical to /reference/reference-semantics; fixed selected semantics boundary.
reference-semantics/semantics/core.k,e0fdc11dc2b9cd0acb18fe7c832c1ea1ac0c9e79cadf40c63f34276aca513d7e,5,5,imports,,imports INT,ACCEPTED_SELECTED_SUPPLIED_SEMANTICS,Byte-identical to /reference/reference-semantics; fixed selected semantics boundary.
reference-semantics/semantics/core.k,e0fdc11dc2b9cd0acb18fe7c832c1ea1ac0c9e79cadf40c63f34276aca513d7e,6,6,imports,,imports BOOL,ACCEPTED_SELECTED_SUPPLIED_SEMANTICS,Byte-identical to /reference/reference-semantics; fixed selected semantics boundary.
reference-semantics/semantics/core.k,e0fdc11dc2b9cd0acb18fe7c832c1ea1ac0c9e79cadf40c63f34276aca513d7e,7,7,imports,,imports STRING,ACCEPTED_SELECTED_SUPPLIED_SEMANTICS,Byte-identical to /reference/reference-semantics; fixed selected semantics boundary.
reference-semantics/semantics/core.k,e0fdc11dc2b9cd0acb18fe7c832c1ea1ac0c9e79cadf40c63f34276aca513d7e,8,8,imports,,imports MAP,ACCEPTED_SELECTED_SUPPLIED_SEMANTICS,Byte-identical to /reference/reference-semantics; fixed selected semantics boundary.
reference-semantics/semantics/core.k,e0fdc11dc2b9cd0acb18fe7c832c1ea1ac0c9e79cadf40c63f34276aca513d7e,9,9,imports,,imports LIST,ACCEPTED_SELECTED_SUPPLIED_SEMANTICS,Byte-identical to /reference/reference-semantics; fixed selected semantics boundary.
reference-semantics/semantics/core.k,e0fdc11dc2b9cd0acb18fe7c832c1ea1ac0c9e79cadf40c63f34276aca513d7e,10,12,imports,,imports K-EQUAL ,ACCEPTED_SELECTED_SUPPLIED_SEMANTICS,Byte-identical to /reference/reference-semantics; fixed selected semantics boundary.
reference-semantics/semantics/core.k,e0fdc11dc2b9cd0acb18fe7c832c1ea1ac0c9e79cadf40c63f34276aca513d7e,13,13,syntax,,"syntax IntSeq ::= "".IntSeq"" | iCons(Int, IntSeq)",ACCEPTED_SELECTED_SUPPLIED_SEMANTICS,Byte-identical to /reference/reference-semantics; fixed selected semantics boundary.
reference-semantics/semantics/core.k,e0fdc11dc2b9cd0acb18fe7c832c1ea1ac0c9e79cadf40c63f34276aca513d7e,14,14,syntax,,"syntax ValSeq ::= "".ValSeq"" | vCons(Val, ValSeq)",ACCEPTED_SELECTED_SUPPLIED_SEMANTICS,Byte-identical to /reference/reference-semantics; fixed selected semantics boundary.
reference-semantics/semantics/core.k,e0fdc11dc2b9cd0acb18fe7c832c1ea1ac0c9e79cadf40c63f34276aca513d7e,15,17,syntax,,syntax Str    ::= str(IntSeq) ,ACCEPTED_SELECTED_SUPPLIED_SEMANTICS,Byte-identical to /reference/reference-semantics; fixed selected semantics boundary.
reference-semantics/semantics/core.k,e0fdc11dc2b9cd0acb18fe7c832c1ea1ac0c9e79cadf40c63f34276aca513d7e,18,23,syntax,,syntax Iterable ::= list(ValSeq) | tuple(ValSeq),ACCEPTED_SELECTED_SUPPLIED_SEMANTICS,Byte-identical to /reference/reference-semantics; fixed selected semantics boundary.
reference-semantics/semantics/core.k,e0fdc11dc2b9cd0acb18fe7c832c1ea1ac0c9e79cadf40c63f34276aca513d7e,25,34,syntax,function,syntax Val      ::= Int | Bool,ACCEPTED_SELECTED_SUPPLIED_SEMANTICS,Byte-identical to /reference/reference-semantics; fixed selected semantics boundary.
reference-semantics/semantics/core.k,e0fdc11dc2b9cd0acb18fe7c832c1ea1ac0c9e79cadf40c63f34276aca513d7e,36,36,syntax,,"syntax Parent   ::= ""root"" | parent(Int)",ACCEPTED_SELECTED_SUPPLIED_SEMANTICS,Byte-identical to /reference/reference-semantics; fixed selected semantics boundary.
reference-semantics/semantics/core.k,e0fdc11dc2b9cd0acb18fe7c832c1ea1ac0c9e79cadf40c63f34276aca513d7e,37,37,syntax,,"syntax Scope    ::= scope(Map, Parent)",ACCEPTED_SELECTED_SUPPLIED_SEMANTICS,Byte-identical to /reference/reference-semantics; fixed selected semantics boundary.
reference-semantics/semantics/core.k,e0fdc11dc2b9cd0acb18fe7c832c1ea1ac0c9e79cadf40c63f34276aca513d7e,38,38,syntax,,syntax KResult  ::= Val,ACCEPTED_SELECTED_SUPPLIED_SEMANTICS,Byte-identical to /reference/reference-semantics; fixed selected semantics boundary.
reference-semantics/semantics/core.k,e0fdc11dc2b9cd0acb18fe7c832c1ea1ac0c9e79cadf40c63f34276aca513d7e,39,39,syntax,,syntax Expr     ::= Val   // cooling puts results back into expression holes,ACCEPTED_SELECTED_SUPPLIED_SEMANTICS,Byte-identical to /reference/reference-semantics; fixed selected semantics boundary.
reference-semantics/semantics/core.k,e0fdc11dc2b9cd0acb18fe7c832c1ea1ac0c9e79cadf40c63f34276aca513d7e,40,40,syntax,,"syntax Vals     ::= List{Val, "",""}",ACCEPTED_SELECTED_SUPPLIED_SEMANTICS,Byte-identical to /reference/reference-semantics; fixed selected semantics boundary.
reference-semantics/semantics/core.k,e0fdc11dc2b9cd0acb18fe7c832c1ea1ac0c9e79cadf40c63f34276aca513d7e,41,41,syntax,,"syntax Exc      ::= ""NoExc"" | ""AssertionError""",ACCEPTED_SELECTED_SUPPLIED_SEMANTICS,Byte-identical to /reference/reference-semantics; fixed selected semantics boundary.
reference-semantics/semantics/core.k,e0fdc11dc2b9cd0acb18fe7c832c1ea1ac0c9e79cadf40c63f34276aca513d7e,42,48,syntax,,"syntax RetState ::= ""noRet"" | retV(Val) ",ACCEPTED_SELECTED_SUPPLIED_SEMANTICS,Byte-identical to /reference/reference-semantics; fixed selected semantics boundary.
reference-semantics/semantics/core.k,e0fdc11dc2b9cd0acb18fe7c832c1ea1ac0c9e79cadf40c63f34276aca513d7e,49,67,configuration,,configuration <k>       #loadAll($PGM:Module) </k>,ACCEPTED_SELECTED_SUPPLIED_SEMANTICS,Byte-identical to /reference/reference-semantics; fixed selected semantics boundary.
reference-semantics/semantics/core.k,e0fdc11dc2b9cd0acb18fe7c832c1ea1ac0c9e79cadf40c63f34276aca513d7e,68,68,syntax,function;total,"syntax Bool ::= isRefV(Val) [function, total]",ACCEPTED_SELECTED_SUPPLIED_SEMANTICS,Byte-identical to /reference/reference-semantics; fixed selected semantics boundary.
reference-semantics/semantics/core.k,e0fdc11dc2b9cd0acb18fe7c832c1ea1ac0c9e79cadf40c63f34276aca513d7e,69,69,rule,ordinary-rule,rule isRefV(ref(_:Int)) => true,ACCEPTED_SELECTED_SUPPLIED_SEMANTICS,Byte-identical to /reference/reference-semantics; fixed selected semantics boundary.
reference-semantics/semantics/core.k,e0fdc11dc2b9cd0acb18fe7c832c1ea1ac0c9e79cadf40c63f34276aca513d7e,70,74,rule,owise;ordinary-rule,rule isRefV(_:Val)      => false [owise] ,ACCEPTED_SELECTED_SUPPLIED_SEMANTICS,Byte-identical to /reference/reference-semantics; fixed selected semantics boundary.
reference-semantics/semantics/core.k,e0fdc11dc2b9cd0acb18fe7c832c1ea1ac0c9e79cadf40c63f34276aca513d7e,75,75,syntax,,syntax HeapVal ::= cellV(Val),ACCEPTED_SELECTED_SUPPLIED_SEMANTICS,Byte-identical to /reference/reference-semantics; fixed selected semantics boundary.
reference-semantics/semantics/core.k,e0fdc11dc2b9cd0acb18fe7c832c1ea1ac0c9e79cadf40c63f34276aca513d7e,76,76,syntax,function;total,"syntax Bool ::= isCellRef(Val) [function, total]",ACCEPTED_SELECTED_SUPPLIED_SEMANTICS,Byte-identical to /reference/reference-semantics; fixed selected semantics boundary.
reference-semantics/semantics/core.k,e0fdc11dc2b9cd0acb18fe7c832c1ea1ac0c9e79cadf40c63f34276aca513d7e,77,77,rule,ordinary-rule,rule isCellRef(cellRef(_:Int)) => true,ACCEPTED_SELECTED_SUPPLIED_SEMANTICS,Byte-identical to /reference/reference-semantics; fixed selected semantics boundary.
reference-semantics/semantics/core.k,e0fdc11dc2b9cd0acb18fe7c832c1ea1ac0c9e79cadf40c63f34276aca513d7e,78,84,rule,function;owise;ordinary-rule,rule isCellRef(_:Val)          => false [owise] // k-top deref for cell-bound reads surfacing INSIDE the annotated frame,ACCEPTED_SELECTED_SUPPLIED_SEMANTICS,Byte-identical to /reference/reference-semantics; fixed selected semantics boundary.
reference-semantics/semantics/core.k,e0fdc11dc2b9cd0acb18fe7c832c1ea1ac0c9e79cadf40c63f34276aca513d7e,85,94,rule,priority;ordinary-rule,rule <k> cellRef(H:Int) => V ... </k> <env> L:Int </env>,ACCEPTED_SELECTED_SUPPLIED_SEMANTICS,Byte-identical to /reference/reference-semantics; fixed selected semantics boundary.
reference-semantics/semantics/core.k,e0fdc11dc2b9cd0acb18fe7c832c1ea1ac0c9e79cadf40c63f34276aca513d7e,95,95,syntax,,"syntax Val ::= kwV(String, Val)",ACCEPTED_SELECTED_SUPPLIED_SEMANTICS,Byte-identical to /reference/reference-semantics; fixed selected semantics boundary.
reference-semantics/semantics/core.k,e0fdc11dc2b9cd0acb18fe7c832c1ea1ac0c9e79cadf40c63f34276aca513d7e,96,96,syntax,,syntax KItem ::= #kwTag(String),ACCEPTED_SELECTED_SUPPLIED_SEMANTICS,Byte-identical to /reference/reference-semantics; fixed selected semantics boundary.
reference-semantics/semantics/core.k,e0fdc11dc2b9cd0acb18fe7c832c1ea1ac0c9e79cadf40c63f34276aca513d7e,97,97,rule,ordinary-rule,"rule <k> KwArg(N:String, E:Expr) => E ~> #kwTag(N) ... </k>",ACCEPTED_SELECTED_SUPPLIED_SEMANTICS,Byte-identical to /reference/reference-semantics; fixed selected semantics boundary.
reference-semantics/semantics/core.k,e0fdc11dc2b9cd0acb18fe7c832c1ea1ac0c9e79cadf40c63f34276aca513d7e,98,99,rule,ordinary-rule,"rule <k> V:Val ~> #kwTag(N:String) => kwV(N, V) ... </k> requires notBool isKwV(V)",ACCEPTED_SELECTED_SUPPLIED_SEMANTICS,Byte-identical to /reference/reference-semantics; fixed selected semantics boundary.
reference-semantics/semantics/core.k,e0fdc11dc2b9cd0acb18fe7c832c1ea1ac0c9e79cadf40c63f34276aca513d7e,100,100,syntax,function;total,"syntax Bool ::= isKwV(Val) [function, total]",ACCEPTED_SELECTED_SUPPLIED_SEMANTICS,Byte-identical to /reference/reference-semantics; fixed selected semantics boundary.
reference-semantics/semantics/core.k,e0fdc11dc2b9cd0acb18fe7c832c1ea1ac0c9e79cadf40c63f34276aca513d7e,101,101,rule,ordinary-rule,"rule isKwV(kwV(_:String, _:Val)) => true",ACCEPTED_SELECTED_SUPPLIED_SEMANTICS,Byte-identical to /reference/reference-semantics; fixed selected semantics boundary.
reference-semantics/semantics/core.k,e0fdc11dc2b9cd0acb18fe7c832c1ea1ac0c9e79cadf40c63f34276aca513d7e,102,105,rule,owise;ordinary-rule,rule isKwV(_:Val)                => false [owise] ,ACCEPTED_SELECTED_SUPPLIED_SEMANTICS,Byte-identical to /reference/reference-semantics; fixed selected semantics boundary.
reference-semantics/semantics/core.k,e0fdc11dc2b9cd0acb18fe7c832c1ea1ac0c9e79cadf40c63f34276aca513d7e,106,106,syntax,,syntax Val ::= cellsMark(ParamNames),ACCEPTED_SELECTED_SUPPLIED_SEMANTICS,Byte-identical to /reference/reference-semantics; fixed selected semantics boundary.
reference-semantics/semantics/core.k,e0fdc11dc2b9cd0acb18fe7c832c1ea1ac0c9e79cadf40c63f34276aca513d7e,107,107,syntax,function,syntax ParamNames ::= cellsOf(Val) [function],ACCEPTED_SELECTED_SUPPLIED_SEMANTICS,Byte-identical to /reference/reference-semantics; fixed selected semantics boundary.
reference-semantics/semantics/core.k,e0fdc11dc2b9cd0acb18fe7c832c1ea1ac0c9e79cadf40c63f34276aca513d7e,108,108,rule,ordinary-rule,rule cellsOf(cellsMark(CVS:ParamNames)) => CVS,ACCEPTED_SELECTED_SUPPLIED_SEMANTICS,Byte-identical to /reference/reference-semantics; fixed selected semantics boundary.
reference-semantics/semantics/core.k,e0fdc11dc2b9cd0acb18fe7c832c1ea1ac0c9e79cadf40c63f34276aca513d7e,109,109,syntax,function;total,"syntax Bool ::= pnMember(String, ParamNames) [function, total]",ACCEPTED_SELECTED_SUPPLIED_SEMANTICS,Byte-identical to /reference/reference-semantics; fixed selected semantics boundary.
reference-semantics/semantics/core.k,e0fdc11dc2b9cd0acb18fe7c832c1ea1ac0c9e79cadf40c63f34276aca513d7e,110,110,rule,ordinary-rule,"rule pnMember(_:String, .ParamNames) => false",ACCEPTED_SELECTED_SUPPLIED_SEMANTICS,Byte-identical to /reference/reference-semantics; fixed selected semantics boundary.
reference-semantics/semantics/core.k,e0fdc11dc2b9cd0acb18fe7c832c1ea1ac0c9e79cadf40c63f34276aca513d7e,111,111,rule,ordinary-rule,"rule pnMember(X:String, (P:String, R:ParamNames)) => X ==String P orBool pnMember(X, R)",ACCEPTED_SELECTED_SUPPLIED_SEMANTICS,Byte-identical to /reference/reference-semantics; fixed selected semantics boundary.
reference-semantics/semantics/core.k,e0fdc11dc2b9cd0acb18fe7c832c1ea1ac0c9e79cadf40c63f34276aca513d7e,113,113,syntax,,"syntax KItem ::= #cellW(Val, Val)",ACCEPTED_SELECTED_SUPPLIED_SEMANTICS,Byte-identical to /reference/reference-semantics; fixed selected semantics boundary.
reference-semantics/semantics/core.k,e0fdc11dc2b9cd0acb18fe7c832c1ea1ac0c9e79cadf40c63f34276aca513d7e,114,115,rule,ordinary-rule,"rule <k> #cellW(cellRef(H:Int), V:Val) => .K ... </k> <heap> ... H |-> cellV(_:Val => V) ... </heap>",ACCEPTED_SELECTED_SUPPLIED_SEMANTICS,Byte-identical to /reference/reference-semantics; fixed selected semantics boundary.
reference-semantics/semantics/core.k,e0fdc11dc2b9cd0acb18fe7c832c1ea1ac0c9e79cadf40c63f34276aca513d7e,117,117,syntax,,syntax KItem ::= #alloc(Val),ACCEPTED_SELECTED_SUPPLIED_SEMANTICS,Byte-identical to /reference/reference-semantics; fixed selected semantics boundary.
reference-semantics/semantics/core.k,e0fdc11dc2b9cd0acb18fe7c832c1ea1ac0c9e79cadf40c63f34276aca513d7e,118,123,rule,ordinary-rule,rule <k> #alloc(V:Val) => ref(N) ... </k> <heap>    H:Map => (N |-> V) H </heap>,ACCEPTED_SELECTED_SUPPLIED_SEMANTICS,Byte-identical to /reference/reference-semantics; fixed selected semantics boundary.
reference-semantics/semantics/core.k,e0fdc11dc2b9cd0acb18fe7c832c1ea1ac0c9e79cadf40c63f34276aca513d7e,124,124,syntax,,syntax KItem ::= #loadAll(Module),ACCEPTED_SELECTED_SUPPLIED_SEMANTICS,Byte-identical to /reference/reference-semantics; fixed selected semantics boundary.
reference-semantics/semantics/core.k,e0fdc11dc2b9cd0acb18fe7c832c1ea1ac0c9e79cadf40c63f34276aca513d7e,125,125,rule,ordinary-rule,rule <k> #loadAll(Module(SS:Stmts)) => SS ... </k>,ACCEPTED_SELECTED_SUPPLIED_SEMANTICS,Byte-identical to /reference/reference-semantics; fixed selected semantics boundary.
reference-semantics/semantics/core.k,e0fdc11dc2b9cd0acb18fe7c832c1ea1ac0c9e79cadf40c63f34276aca513d7e,126,126,rule,ordinary-rule,rule <k> (S:Stmt SS:Stmts):Stmts => S ~> SS ... </k>,ACCEPTED_SELECTED_SUPPLIED_SEMANTICS,Byte-identical to /reference/reference-semantics; fixed selected semantics boundary.
reference-semantics/semantics/core.k,e0fdc11dc2b9cd0acb18fe7c832c1ea1ac0c9e79cadf40c63f34276aca513d7e,127,129,rule,ordinary-rule,rule <k> .Stmts => .K ... </k> ,ACCEPTED_SELECTED_SUPPLIED_SEMANTICS,Byte-identical to /reference/reference-semantics; fixed selected semantics boundary.
reference-semantics/semantics/core.k,e0fdc11dc2b9cd0acb18fe7c832c1ea1ac0c9e79cadf40c63f34276aca513d7e,130,130,syntax,,"syntax KItem ::= #look(String, Int)",ACCEPTED_SELECTED_SUPPLIED_SEMANTICS,Byte-identical to /reference/reference-semantics; fixed selected semantics boundary.
reference-semantics/semantics/core.k,e0fdc11dc2b9cd0acb18fe7c832c1ea1ac0c9e79cadf40c63f34276aca513d7e,131,131,rule,ordinary-rule,"rule <k> Name(X:String) => #look(X, L) ... </k> <env> L:Int </env>",ACCEPTED_SELECTED_SUPPLIED_SEMANTICS,Byte-identical to /reference/reference-semantics; fixed selected semantics boundary.
reference-semantics/semantics/core.k,e0fdc11dc2b9cd0acb18fe7c832c1ea1ac0c9e79cadf40c63f34276aca513d7e,132,144,rule,function;concrete;ordinary-rule,"rule <k> #look(X:String, L:Int) => {M[X]}:>Val ... </k> <scopes> ... L |-> scope(M:Map, _:Parent) ... </scopes>",ACCEPTED_SELECTED_SUPPLIED_SEMANTICS,Byte-identical to /reference/reference-semantics; fixed selected semantics boundary.
reference-semantics/semantics/core.k,e0fdc11dc2b9cd0acb18fe7c832c1ea1ac0c9e79cadf40c63f34276aca513d7e,145,151,rule,priority;ordinary-rule,"rule <k> #look(X:String, L:Int) => V ... </k> <scopes> ... L |-> scope(M:Map, _:Parent) ... </scopes>",ACCEPTED_SELECTED_SUPPLIED_SEMANTICS,Byte-identical to /reference/reference-semantics; fixed selected semantics boundary.
reference-semantics/semantics/core.k,e0fdc11dc2b9cd0acb18fe7c832c1ea1ac0c9e79cadf40c63f34276aca513d7e,152,156,rule,ordinary-rule,"rule <k> #look(X:String, L:Int) => #look(X, P) ... </k> <scopes> ... L |-> scope(M:Map, parent(P:Int)) ... </scopes>",ACCEPTED_SELECTED_SUPPLIED_SEMANTICS,Byte-identical to /reference/reference-semantics; fixed selected semantics boundary.
reference-semantics/semantics/core.k,e0fdc11dc2b9cd0acb18fe7c832c1ea1ac0c9e79cadf40c63f34276aca513d7e,157,157,syntax,function;total,"syntax Scope ::= ""builtinsScope"" [function, total]",ACCEPTED_SELECTED_SUPPLIED_SEMANTICS,Byte-identical to /reference/reference-semantics; fixed selected semantics boundary.
reference-semantics/semantics/core.k,e0fdc11dc2b9cd0acb18fe7c832c1ea1ac0c9e79cadf40c63f34276aca513d7e,158,184,rule,ordinary-rule,"rule builtinsScope => scope(.Map [ ""len""    <- builtinV(""len"")    ]",ACCEPTED_SELECTED_SUPPLIED_SEMANTICS,Byte-identical to /reference/reference-semantics; fixed selected semantics boundary.
reference-semantics/semantics/core.k,e0fdc11dc2b9cd0acb18fe7c832c1ea1ac0c9e79cadf40c63f34276aca513d7e,185,185,syntax,,syntax ApplyK ::= toCall(Val),ACCEPTED_SELECTED_SUPPLIED_SEMANTICS,Byte-identical to /reference/reference-semantics; fixed selected semantics boundary.
reference-semantics/semantics/core.k,e0fdc11dc2b9cd0acb18fe7c832c1ea1ac0c9e79cadf40c63f34276aca513d7e,186,188,syntax,,"syntax KItem  ::= #evalArgs(Exprs, Vals, ApplyK) | #evalArgCont(Exprs, Vals, ApplyK)",ACCEPTED_SELECTED_SUPPLIED_SEMANTICS,Byte-identical to /reference/reference-semantics; fixed selected semantics boundary.
reference-semantics/semantics/core.k,e0fdc11dc2b9cd0acb18fe7c832c1ea1ac0c9e79cadf40c63f34276aca513d7e,189,189,rule,ordinary-rule,"rule <k> #evalArgs((A:Expr, REST:Exprs), ACC:Vals, K:ApplyK) => A ~> #evalArgCont(REST, ACC, K) ... </k>",ACCEPTED_SELECTED_SUPPLIED_SEMANTICS,Byte-identical to /reference/reference-semantics; fixed selected semantics boundary.
reference-semantics/semantics/core.k,e0fdc11dc2b9cd0acb18fe7c832c1ea1ac0c9e79cadf40c63f34276aca513d7e,190,190,rule,ordinary-rule,"rule <k> V:Val ~> #evalArgCont(REST:Exprs, ACC:Vals, K:ApplyK) => #evalArgs(REST, appendVal(ACC, V), K) ... </k>",ACCEPTED_SELECTED_SUPPLIED_SEMANTICS,Byte-identical to /reference/reference-semantics; fixed selected semantics boundary.
reference-semantics/semantics/core.k,e0fdc11dc2b9cd0acb18fe7c832c1ea1ac0c9e79cadf40c63f34276aca513d7e,191,193,rule,ordinary-rule,"rule <k> #evalArgs(.Exprs, ACC:Vals, K:ApplyK) => #applyK(K, ACC) ... </k> ",ACCEPTED_SELECTED_SUPPLIED_SEMANTICS,Byte-identical to /reference/reference-semantics; fixed selected semantics boundary.
reference-semantics/semantics/core.k,e0fdc11dc2b9cd0acb18fe7c832c1ea1ac0c9e79cadf40c63f34276aca513d7e,194,194,rule,ordinary-rule,rule <k> Int(I:Int)   => I ... </k>,ACCEPTED_SELECTED_SUPPLIED_SEMANTICS,Byte-identical to /reference/reference-semantics; fixed selected semantics boundary.
reference-semantics/semantics/core.k,e0fdc11dc2b9cd0acb18fe7c832c1ea1ac0c9e79cadf40c63f34276aca513d7e,195,195,rule,ordinary-rule,rule <k> Bool(B:Bool) => B ... </k>,ACCEPTED_SELECTED_SUPPLIED_SEMANTICS,Byte-identical to /reference/reference-semantics; fixed selected semantics boundary.
reference-semantics/semantics/core.k,e0fdc11dc2b9cd0acb18fe7c832c1ea1ac0c9e79cadf40c63f34276aca513d7e,196,198,rule,ordinary-rule,rule <k> NoneVal      => noneV ... </k> ,ACCEPTED_SELECTED_SUPPLIED_SEMANTICS,Byte-identical to /reference/reference-semantics; fixed selected semantics boundary.
reference-semantics/semantics/core.k,e0fdc11dc2b9cd0acb18fe7c832c1ea1ac0c9e79cadf40c63f34276aca513d7e,199,199,syntax,function,syntax Bool ::= truthy(Val) [function],ACCEPTED_SELECTED_SUPPLIED_SEMANTICS,Byte-identical to /reference/reference-semantics; fixed selected semantics boundary.
reference-semantics/semantics/core.k,e0fdc11dc2b9cd0acb18fe7c832c1ea1ac0c9e79cadf40c63f34276aca513d7e,200,200,rule,ordinary-rule,rule truthy(B:Bool)          => B,ACCEPTED_SELECTED_SUPPLIED_SEMANTICS,Byte-identical to /reference/reference-semantics; fixed selected semantics boundary.
reference-semantics/semantics/core.k,e0fdc11dc2b9cd0acb18fe7c832c1ea1ac0c9e79cadf40c63f34276aca513d7e,201,201,rule,ordinary-rule,rule truthy(noneV)           => false,ACCEPTED_SELECTED_SUPPLIED_SEMANTICS,Byte-identical to /reference/reference-semantics; fixed selected semantics boundary.
reference-semantics/semantics/core.k,e0fdc11dc2b9cd0acb18fe7c832c1ea1ac0c9e79cadf40c63f34276aca513d7e,202,202,rule,ordinary-rule,rule truthy(I:Int)           => I =/=Int 0,ACCEPTED_SELECTED_SUPPLIED_SEMANTICS,Byte-identical to /reference/reference-semantics; fixed selected semantics boundary.
reference-semantics/semantics/core.k,e0fdc11dc2b9cd0acb18fe7c832c1ea1ac0c9e79cadf40c63f34276aca513d7e,203,203,rule,ordinary-rule,rule truthy(str(S:IntSeq))   => notBool (S ==K .IntSeq),ACCEPTED_SELECTED_SUPPLIED_SEMANTICS,Byte-identical to /reference/reference-semantics; fixed selected semantics boundary.
reference-semantics/semantics/core.k,e0fdc11dc2b9cd0acb18fe7c832c1ea1ac0c9e79cadf40c63f34276aca513d7e,204,204,rule,ordinary-rule,rule truthy(list(V:ValSeq))  => notBool (V ==K .ValSeq),ACCEPTED_SELECTED_SUPPLIED_SEMANTICS,Byte-identical to /reference/reference-semantics; fixed selected semantics boundary.
reference-semantics/semantics/core.k,e0fdc11dc2b9cd0acb18fe7c832c1ea1ac0c9e79cadf40c63f34276aca513d7e,205,207,rule,ordinary-rule,rule truthy(tuple(V:ValSeq)) => notBool (V ==K .ValSeq) ,ACCEPTED_SELECTED_SUPPLIED_SEMANTICS,Byte-identical to /reference/reference-semantics; fixed selected semantics boundary.
reference-semantics/semantics/core.k,e0fdc11dc2b9cd0acb18fe7c832c1ea1ac0c9e79cadf40c63f34276aca513d7e,208,208,syntax,function,"syntax Val  ::= applyUn(String, Val) [function]",ACCEPTED_SELECTED_SUPPLIED_SEMANTICS,Byte-identical to /reference/reference-semantics; fixed selected semantics boundary.
reference-semantics/semantics/core.k,e0fdc11dc2b9cd0acb18fe7c832c1ea1ac0c9e79cadf40c63f34276aca513d7e,209,209,syntax,function,"syntax Val  ::= applyBin(String, Val, Val) [function]",ACCEPTED_SELECTED_SUPPLIED_SEMANTICS,Byte-identical to /reference/reference-semantics; fixed selected semantics boundary.
reference-semantics/semantics/core.k,e0fdc11dc2b9cd0acb18fe7c832c1ea1ac0c9e79cadf40c63f34276aca513d7e,210,212,syntax,function,"syntax Bool ::= applyCmp(String, Val, Val) [function] ",ACCEPTED_SELECTED_SUPPLIED_SEMANTICS,Byte-identical to /reference/reference-semantics; fixed selected semantics boundary.
reference-semantics/semantics/core.k,e0fdc11dc2b9cd0acb18fe7c832c1ea1ac0c9e79cadf40c63f34276aca513d7e,213,213,syntax,function;total,"syntax Vals ::= appendVal(Vals, Val) [function, total]",ACCEPTED_SELECTED_SUPPLIED_SEMANTICS,Byte-identical to /reference/reference-semantics; fixed selected semantics boundary.
reference-semantics/semantics/core.k,e0fdc11dc2b9cd0acb18fe7c832c1ea1ac0c9e79cadf40c63f34276aca513d7e,214,214,rule,ordinary-rule,"rule appendVal(.Vals, V:Val)              => V , .Vals",ACCEPTED_SELECTED_SUPPLIED_SEMANTICS,Byte-identical to /reference/reference-semantics; fixed selected semantics boundary.
reference-semantics/semantics/core.k,e0fdc11dc2b9cd0acb18fe7c832c1ea1ac0c9e79cadf40c63f34276aca513d7e,215,215,rule,ordinary-rule,"rule appendVal((V0:Val, VS:Vals), V:Val)  => V0 , appendVal(VS, V)",ACCEPTED_SELECTED_SUPPLIED_SEMANTICS,Byte-identical to /reference/reference-semantics; fixed selected semantics boundary.
reference-semantics/semantics/core.k,e0fdc11dc2b9cd0acb18fe7c832c1ea1ac0c9e79cadf40c63f34276aca513d7e,217,217,syntax,function;total,"syntax ValSeq ::= vals2valSeq(Vals) [function, total]",ACCEPTED_SELECTED_SUPPLIED_SEMANTICS,Byte-identical to /reference/reference-semantics; fixed selected semantics boundary.
reference-semantics/semantics/core.k,e0fdc11dc2b9cd0acb18fe7c832c1ea1ac0c9e79cadf40c63f34276aca513d7e,218,218,rule,ordinary-rule,rule vals2valSeq(.Vals)            => .ValSeq,ACCEPTED_SELECTED_SUPPLIED_SEMANTICS,Byte-identical to /reference/reference-semantics; fixed selected semantics boundary.
reference-semantics/semantics/core.k,e0fdc11dc2b9cd0acb18fe7c832c1ea1ac0c9e79cadf40c63f34276aca513d7e,219,222,rule,ordinary-rule,"rule vals2valSeq((V:Val, VS:Vals)) => vCons(V, vals2valSeq(VS)) ",ACCEPTED_SELECTED_SUPPLIED_SEMANTICS,Byte-identical to /reference/reference-semantics; fixed selected semantics boundary.
reference-semantics/semantics/core.k,e0fdc11dc2b9cd0acb18fe7c832c1ea1ac0c9e79cadf40c63f34276aca513d7e,223,223,syntax,function;total,"syntax Int ::= vsLen(ValSeq) [function, total]",ACCEPTED_SELECTED_SUPPLIED_SEMANTICS,Byte-identical to /reference/reference-semantics; fixed selected semantics boundary.
reference-semantics/semantics/core.k,e0fdc11dc2b9cd0acb18fe7c832c1ea1ac0c9e79cadf40c63f34276aca513d7e,224,224,rule,ordinary-rule,rule vsLen(.ValSeq)                => 0,ACCEPTED_SELECTED_SUPPLIED_SEMANTICS,Byte-identical to /reference/reference-semantics; fixed selected semantics boundary.
reference-semantics/semantics/core.k,e0fdc11dc2b9cd0acb18fe7c832c1ea1ac0c9e79cadf40c63f34276aca513d7e,225,225,rule,ordinary-rule,"rule vsLen(vCons(_:Val, S:ValSeq)) => 1 +Int vsLen(S)",ACCEPTED_SELECTED_SUPPLIED_SEMANTICS,Byte-identical to /reference/reference-semantics; fixed selected semantics boundary.
reference-semantics/semantics/core.k,e0fdc11dc2b9cd0acb18fe7c832c1ea1ac0c9e79cadf40c63f34276aca513d7e,227,227,syntax,function;total,"syntax Int ::= isLen(IntSeq) [function, total]",ACCEPTED_SELECTED_SUPPLIED_SEMANTICS,Byte-identical to /reference/reference-semantics; fixed selected semantics boundary.
reference-semantics/semantics/core.k,e0fdc11dc2b9cd0acb18fe7c832c1ea1ac0c9e79cadf40c63f34276aca513d7e,228,228,rule,ordinary-rule,rule isLen(.IntSeq)                => 0,ACCEPTED_SELECTED_SUPPLIED_SEMANTICS,Byte-identical to /reference/reference-semantics; fixed selected semantics boundary.
reference-semantics/semantics/core.k,e0fdc11dc2b9cd0acb18fe7c832c1ea1ac0c9e79cadf40c63f34276aca513d7e,229,232,rule,total;ordinary-rule,"rule isLen(iCons(_:Int, S:IntSeq)) => 1 +Int isLen(S) ",ACCEPTED_SELECTED_SUPPLIED_SEMANTICS,Byte-identical to /reference/reference-semantics; fixed selected semantics boundary.
reference-semantics/semantics/core.k,e0fdc11dc2b9cd0acb18fe7c832c1ea1ac0c9e79cadf40c63f34276aca513d7e,233,233,syntax,function;total,"syntax ValSeq ::= setVSAt(ValSeq, Int, Val) [function, total]",ACCEPTED_SELECTED_SUPPLIED_SEMANTICS,Byte-identical to /reference/reference-semantics; fixed selected semantics boundary.
reference-semantics/semantics/core.k,e0fdc11dc2b9cd0acb18fe7c832c1ea1ac0c9e79cadf40c63f34276aca513d7e,234,234,rule,ordinary-rule,"rule setVSAt(.ValSeq, _:Int, _:Val)               => .ValSeq",ACCEPTED_SELECTED_SUPPLIED_SEMANTICS,Byte-identical to /reference/reference-semantics; fixed selected semantics boundary.
reference-semantics/semantics/core.k,e0fdc11dc2b9cd0acb18fe7c832c1ea1ac0c9e79cadf40c63f34276aca513d7e,235,235,rule,ordinary-rule,"rule setVSAt(vCons(_:Val, S:ValSeq), 0, V:Val)    => vCons(V, S)",ACCEPTED_SELECTED_SUPPLIED_SEMANTICS,Byte-identical to /reference/reference-semantics; fixed selected semantics boundary.
reference-semantics/semantics/core.k,e0fdc11dc2b9cd0acb18fe7c832c1ea1ac0c9e79cadf40c63f34276aca513d7e,236,237,rule,ordinary-rule,"rule setVSAt(vCons(W:Val, S:ValSeq), I:Int, V:Val) => vCons(W, setVSAt(S, I -Int 1, V)) requires I >Int 0",ACCEPTED_SELECTED_SUPPLIED_SEMANTICS,Byte-identical to /reference/reference-semantics; fixed selected semantics boundary.
reference-semantics/semantics/core.k,e0fdc11dc2b9cd0acb18fe7c832c1ea1ac0c9e79cadf40c63f34276aca513d7e,238,239,rule,ordinary-rule,"rule setVSAt(VS:ValSeq, I:Int, _:Val)             => VS requires I <Int 0",ACCEPTED_SELECTED_SUPPLIED_SEMANTICS,Byte-identical to /reference/reference-semantics; fixed selected semantics boundary.
reference-semantics/semantics/core.k,e0fdc11dc2b9cd0acb18fe7c832c1ea1ac0c9e79cadf40c63f34276aca513d7e,240,240,endmodule,,endmodule,ACCEPTED_SELECTED_SUPPLIED_SEMANTICS,Byte-identical to /reference/reference-semantics; fixed selected semantics boundary.
reference-semantics/semantics/dict.k,779b06e18162464c8422bbd6ac35fa0b9e34ef82807d5c707c6f4552d63c0580,13,13,module,,module MPY-DICT,ACCEPTED_SELECTED_SUPPLIED_SEMANTICS,Byte-identical to /reference/reference-semantics; fixed selected semantics boundary.
reference-semantics/semantics/dict.k,779b06e18162464c8422bbd6ac35fa0b9e34ef82807d5c707c6f4552d63c0580,14,14,imports,,imports MPY-CORE,ACCEPTED_SELECTED_SUPPLIED_SEMANTICS,Byte-identical to /reference/reference-semantics; fixed selected semantics boundary.
reference-semantics/semantics/dict.k,779b06e18162464c8422bbd6ac35fa0b9e34ef82807d5c707c6f4552d63c0580,15,15,imports,,imports MPY-ITER,ACCEPTED_SELECTED_SUPPLIED_SEMANTICS,Byte-identical to /reference/reference-semantics; fixed selected semantics boundary.
reference-semantics/semantics/dict.k,779b06e18162464c8422bbd6ac35fa0b9e34ef82807d5c707c6f4552d63c0580,16,16,imports,,imports MPY-METHODS,ACCEPTED_SELECTED_SUPPLIED_SEMANTICS,Byte-identical to /reference/reference-semantics; fixed selected semantics boundary.
reference-semantics/semantics/dict.k,779b06e18162464c8422bbd6ac35fa0b9e34ef82807d5c707c6f4552d63c0580,17,19,imports,,imports MPY-LIST ,ACCEPTED_SELECTED_SUPPLIED_SEMANTICS,Byte-identical to /reference/reference-semantics; fixed selected semantics boundary.
reference-semantics/semantics/dict.k,779b06e18162464c8422bbd6ac35fa0b9e34ef82807d5c707c6f4552d63c0580,20,22,syntax,,"syntax Val ::= dictV(ValSeq, ValSeq) ",ACCEPTED_SELECTED_SUPPLIED_SEMANTICS,Byte-identical to /reference/reference-semantics; fixed selected semantics boundary.
reference-semantics/semantics/dict.k,779b06e18162464c8422bbd6ac35fa0b9e34ef82807d5c707c6f4552d63c0580,23,25,syntax,,"syntax KItem ::= #dictAcc(Entries, ValSeq, ValSeq) | #dictKey(Expr, Entries, ValSeq, ValSeq)",ACCEPTED_SELECTED_SUPPLIED_SEMANTICS,Byte-identical to /reference/reference-semantics; fixed selected semantics boundary.
reference-semantics/semantics/dict.k,779b06e18162464c8422bbd6ac35fa0b9e34ef82807d5c707c6f4552d63c0580,26,26,rule,ordinary-rule,"rule <k> DictExpr(ES:Entries) => #dictAcc(ES, .ValSeq, .ValSeq) ... </k>",ACCEPTED_SELECTED_SUPPLIED_SEMANTICS,Byte-identical to /reference/reference-semantics; fixed selected semantics boundary.
reference-semantics/semantics/dict.k,779b06e18162464c8422bbd6ac35fa0b9e34ef82807d5c707c6f4552d63c0580,27,27,rule,ordinary-rule,"rule <k> #dictAcc(.Entries, KS:ValSeq, VS:ValSeq) => dictV(KS, VS) ... </k>",ACCEPTED_SELECTED_SUPPLIED_SEMANTICS,Byte-identical to /reference/reference-semantics; fixed selected semantics boundary.
reference-semantics/semantics/dict.k,779b06e18162464c8422bbd6ac35fa0b9e34ef82807d5c707c6f4552d63c0580,28,29,rule,ordinary-rule,"rule <k> #dictAcc((Entry(K:Expr, V:Expr), REST:Entries), KS:ValSeq, VS:ValSeq) => K ~> #dictKey(V, REST, KS, VS) ... </k>",ACCEPTED_SELECTED_SUPPLIED_SEMANTICS,Byte-identical to /reference/reference-semantics; fixed selected semantics boundary.
reference-semantics/semantics/dict.k,779b06e18162464c8422bbd6ac35fa0b9e34ef82807d5c707c6f4552d63c0580,30,31,rule,ordinary-rule,"rule <k> KV:Val ~> #dictKey(V:Expr, REST:Entries, KS:ValSeq, VS:ValSeq) => V ~> #dictVal(KV, REST, KS, VS) ... </k>",ACCEPTED_SELECTED_SUPPLIED_SEMANTICS,Byte-identical to /reference/reference-semantics; fixed selected semantics boundary.
reference-semantics/semantics/dict.k,779b06e18162464c8422bbd6ac35fa0b9e34ef82807d5c707c6f4552d63c0580,32,36,rule,total;concrete;ordinary-rule,"rule <k> VV:Val ~> #dictVal(KV:Val, REST:Entries, KS:ValSeq, VS:ValSeq) => #dictAcc(REST, dPutK(KS, KV), dPutV(KS, VS, KV, VV)) ... </k>",ACCEPTED_SELECTED_SUPPLIED_SEMANTICS,Byte-identical to /reference/reference-semantics; fixed selected semantics boundary.
reference-semantics/semantics/dict.k,779b06e18162464c8422bbd6ac35fa0b9e34ef82807d5c707c6f4552d63c0580,37,37,syntax,function;total,"syntax Bool ::= dHasKey(ValSeq, Val) [function, total]",ACCEPTED_SELECTED_SUPPLIED_SEMANTICS,Byte-identical to /reference/reference-semantics; fixed selected semantics boundary.
reference-semantics/semantics/dict.k,779b06e18162464c8422bbd6ac35fa0b9e34ef82807d5c707c6f4552d63c0580,38,38,rule,ordinary-rule,"rule dHasKey(.ValSeq, _:Val)                => false",ACCEPTED_SELECTED_SUPPLIED_SEMANTICS,Byte-identical to /reference/reference-semantics; fixed selected semantics boundary.
reference-semantics/semantics/dict.k,779b06e18162464c8422bbd6ac35fa0b9e34ef82807d5c707c6f4552d63c0580,39,39,rule,ordinary-rule,"rule dHasKey(vCons(A:Val, _:ValSeq), K:Val) => true          requires A ==K K",ACCEPTED_SELECTED_SUPPLIED_SEMANTICS,Byte-identical to /reference/reference-semantics; fixed selected semantics boundary.
reference-semantics/semantics/dict.k,779b06e18162464c8422bbd6ac35fa0b9e34ef82807d5c707c6f4552d63c0580,40,42,rule,ordinary-rule,"rule dHasKey(vCons(A:Val, R:ValSeq), K:Val) => dHasKey(R, K) requires notBool (A ==K K) ",ACCEPTED_SELECTED_SUPPLIED_SEMANTICS,Byte-identical to /reference/reference-semantics; fixed selected semantics boundary.
reference-semantics/semantics/dict.k,779b06e18162464c8422bbd6ac35fa0b9e34ef82807d5c707c6f4552d63c0580,43,43,syntax,function;total,"syntax ValSeq ::= dPutK(ValSeq, Val) [function, total]",ACCEPTED_SELECTED_SUPPLIED_SEMANTICS,Byte-identical to /reference/reference-semantics; fixed selected semantics boundary.
reference-semantics/semantics/dict.k,779b06e18162464c8422bbd6ac35fa0b9e34ef82807d5c707c6f4552d63c0580,44,44,rule,ordinary-rule,"rule dPutK(KS:ValSeq, K:Val) => KS                                  requires dHasKey(KS, K)",ACCEPTED_SELECTED_SUPPLIED_SEMANTICS,Byte-identical to /reference/reference-semantics; fixed selected semantics boundary.
reference-semantics/semantics/dict.k,779b06e18162464c8422bbd6ac35fa0b9e34ef82807d5c707c6f4552d63c0580,45,48,rule,owise;ordinary-rule,"rule dPutK(KS:ValSeq, K:Val) => valSeqConcat(KS, vCons(K, .ValSeq)) requires notBool dHasKey(KS, K) ",ACCEPTED_SELECTED_SUPPLIED_SEMANTICS,Byte-identical to /reference/reference-semantics; fixed selected semantics boundary.
reference-semantics/semantics/dict.k,779b06e18162464c8422bbd6ac35fa0b9e34ef82807d5c707c6f4552d63c0580,49,49,syntax,function;total,"syntax ValSeq ::= dPutV(ValSeq, ValSeq, Val, Val) [function, total]",ACCEPTED_SELECTED_SUPPLIED_SEMANTICS,Byte-identical to /reference/reference-semantics; fixed selected semantics boundary.
reference-semantics/semantics/dict.k,779b06e18162464c8422bbd6ac35fa0b9e34ef82807d5c707c6f4552d63c0580,50,51,rule,ordinary-rule,"rule dPutV(vCons(A:Val, _:ValSeq), vCons(_:Val, VR:ValSeq), K:Val, V:Val)  => vCons(V, VR) requires A ==K K",ACCEPTED_SELECTED_SUPPLIED_SEMANTICS,Byte-identical to /reference/reference-semantics; fixed selected semantics boundary.
reference-semantics/semantics/dict.k,779b06e18162464c8422bbd6ac35fa0b9e34ef82807d5c707c6f4552d63c0580,52,53,rule,ordinary-rule,"rule dPutV(vCons(A:Val, KR:ValSeq), vCons(B:Val, VR:ValSeq), K:Val, V:Val) => vCons(B, dPutV(KR, VR, K, V)) requires notBool (A ==K K)",ACCEPTED_SELECTED_SUPPLIED_SEMANTICS,Byte-identical to /reference/reference-semantics; fixed selected semantics boundary.
reference-semantics/semantics/dict.k,779b06e18162464c8422bbd6ac35fa0b9e34ef82807d5c707c6f4552d63c0580,54,57,rule,owise;ordinary-rule,"rule dPutV(_KS:ValSeq, VS:ValSeq, _K:Val, V:Val) => valSeqConcat(VS, vCons(V, .ValSeq)) [owise] ",ACCEPTED_SELECTED_SUPPLIED_SEMANTICS,Byte-identical to /reference/reference-semantics; fixed selected semantics boundary.
reference-semantics/semantics/dict.k,779b06e18162464c8422bbd6ac35fa0b9e34ef82807d5c707c6f4552d63c0580,58,62,rule,priority;ordinary-rule,"rule <k> #applyK(toCall(boundMethodV(dictV(KS:ValSeq, _:ValSeq), ""keys"")), .Vals) => #alloc(list(KS)) ... </k>",ACCEPTED_SELECTED_SUPPLIED_SEMANTICS,Byte-identical to /reference/reference-semantics; fixed selected semantics boundary.
reference-semantics/semantics/dict.k,779b06e18162464c8422bbd6ac35fa0b9e34ef82807d5c707c6f4552d63c0580,63,63,rule,ordinary-rule,"rule applyIndexD(dictV(KS:ValSeq, VS:ValSeq), K:Val) => dGet(KS, VS, K)",ACCEPTED_SELECTED_SUPPLIED_SEMANTICS,Byte-identical to /reference/reference-semantics; fixed selected semantics boundary.
reference-semantics/semantics/dict.k,779b06e18162464c8422bbd6ac35fa0b9e34ef82807d5c707c6f4552d63c0580,64,64,syntax,function,"syntax Val ::= applyIndexD(Val, Val) [function]",ACCEPTED_SELECTED_SUPPLIED_SEMANTICS,Byte-identical to /reference/reference-semantics; fixed selected semantics boundary.
reference-semantics/semantics/dict.k,779b06e18162464c8422bbd6ac35fa0b9e34ef82807d5c707c6f4552d63c0580,65,69,rule,priority;ordinary-rule,"rule <k> Subscript(dictV(KS:ValSeq, VS:ValSeq), K:Val) => applyIndexD(dictV(KS, VS), K) ... </k> [priority(45)]",ACCEPTED_SELECTED_SUPPLIED_SEMANTICS,Byte-identical to /reference/reference-semantics; fixed selected semantics boundary.
reference-semantics/semantics/dict.k,779b06e18162464c8422bbd6ac35fa0b9e34ef82807d5c707c6f4552d63c0580,70,70,syntax,function,"syntax Val ::= dictSet(Val, Val, Val) [function]",ACCEPTED_SELECTED_SUPPLIED_SEMANTICS,Byte-identical to /reference/reference-semantics; fixed selected semantics boundary.
reference-semantics/semantics/dict.k,779b06e18162464c8422bbd6ac35fa0b9e34ef82807d5c707c6f4552d63c0580,71,75,rule,strict;ordinary-rule,"rule dictSet(dictV(KS:ValSeq, VS:ValSeq), K:Val, V:Val) => dictV(dPutK(KS, K), dPutV(KS, VS, K, V)) ",ACCEPTED_SELECTED_SUPPLIED_SEMANTICS,Byte-identical to /reference/reference-semantics; fixed selected semantics boundary.
reference-semantics/semantics/dict.k,779b06e18162464c8422bbd6ac35fa0b9e34ef82807d5c707c6f4552d63c0580,76,76,syntax,,"syntax KItem ::= #dsetK(String, Val)",ACCEPTED_SELECTED_SUPPLIED_SEMANTICS,Byte-identical to /reference/reference-semantics; fixed selected semantics boundary.
reference-semantics/semantics/dict.k,779b06e18162464c8422bbd6ac35fa0b9e34ef82807d5c707c6f4552d63c0580,77,77,rule,ordinary-rule,"rule <k> Assign(Subscript(Name(X:String), K:Expr), VV:Val) => K ~> #dsetK(X, VV) ... </k>",ACCEPTED_SELECTED_SUPPLIED_SEMANTICS,Byte-identical to /reference/reference-semantics; fixed selected semantics boundary.
reference-semantics/semantics/dict.k,779b06e18162464c8422bbd6ac35fa0b9e34ef82807d5c707c6f4552d63c0580,78,81,rule,ordinary-rule,"rule <k> KV:Val ~> #dsetK(X:String, VV:Val) => .K ... </k> <env> L:Int </env>",ACCEPTED_SELECTED_SUPPLIED_SEMANTICS,Byte-identical to /reference/reference-semantics; fixed selected semantics boundary.
reference-semantics/semantics/dict.k,779b06e18162464c8422bbd6ac35fa0b9e34ef82807d5c707c6f4552d63c0580,82,85,rule,ordinary-rule,"rule <k> KV:Val ~> #dsetK(X:String, VV:Val) => #dsetV({M[X]}:>Val, KV, VV) ... </k> <env> L:Int </env>",ACCEPTED_SELECTED_SUPPLIED_SEMANTICS,Byte-identical to /reference/reference-semantics; fixed selected semantics boundary.
reference-semantics/semantics/dict.k,779b06e18162464c8422bbd6ac35fa0b9e34ef82807d5c707c6f4552d63c0580,86,86,syntax,,"syntax KItem ::= #dsetV(Val, Val, Val)",ACCEPTED_SELECTED_SUPPLIED_SEMANTICS,Byte-identical to /reference/reference-semantics; fixed selected semantics boundary.
reference-semantics/semantics/dict.k,779b06e18162464c8422bbd6ac35fa0b9e34ef82807d5c707c6f4552d63c0580,87,89,rule,ordinary-rule,"rule <k> #dsetV(ref(H:Int), I:Int, VV:Val) => .K ... </k> <heap> ... H |-> list(VS:ValSeq => setVSAt(VS, normIdxD(I, vsLen(VS)), VV)) ... </heap>",ACCEPTED_SELECTED_SUPPLIED_SEMANTICS,Byte-identical to /reference/reference-semantics; fixed selected semantics boundary.
reference-semantics/semantics/dict.k,779b06e18162464c8422bbd6ac35fa0b9e34ef82807d5c707c6f4552d63c0580,90,90,syntax,function;total,"syntax Int ::= normIdxD(Int, Int) [function, total]",ACCEPTED_SELECTED_SUPPLIED_SEMANTICS,Byte-identical to /reference/reference-semantics; fixed selected semantics boundary.
reference-semantics/semantics/dict.k,779b06e18162464c8422bbd6ac35fa0b9e34ef82807d5c707c6f4552d63c0580,91,91,rule,ordinary-rule,"rule normIdxD(I:Int, LEN:Int) => I +Int LEN requires I  <Int 0",ACCEPTED_SELECTED_SUPPLIED_SEMANTICS,Byte-identical to /reference/reference-semantics; fixed selected semantics boundary.
reference-semantics/semantics/dict.k,779b06e18162464c8422bbd6ac35fa0b9e34ef82807d5c707c6f4552d63c0580,92,94,rule,ordinary-rule,"rule normIdxD(I:Int, _:Int)   => I          requires I >=Int 0 ",ACCEPTED_SELECTED_SUPPLIED_SEMANTICS,Byte-identical to /reference/reference-semantics; fixed selected semantics boundary.
reference-semantics/semantics/dict.k,779b06e18162464c8422bbd6ac35fa0b9e34ef82807d5c707c6f4552d63c0580,95,96,rule,ordinary-rule,"rule applyCmp(""=="", dictV(KS1:ValSeq, VS1:ValSeq), dictV(KS2:ValSeq, VS2:ValSeq)) => (vsLen(KS1) ==Int vsLen(KS2)) andBool dSubset(KS1, VS1, KS2, VS2)",ACCEPTED_SELECTED_SUPPLIED_SEMANTICS,Byte-identical to /reference/reference-semantics; fixed selected semantics boundary.
reference-semantics/semantics/dict.k,779b06e18162464c8422bbd6ac35fa0b9e34ef82807d5c707c6f4552d63c0580,97,97,syntax,function,"syntax Bool ::= dSubset(ValSeq, ValSeq, ValSeq, ValSeq) [function]",ACCEPTED_SELECTED_SUPPLIED_SEMANTICS,Byte-identical to /reference/reference-semantics; fixed selected semantics boundary.
reference-semantics/semantics/dict.k,779b06e18162464c8422bbd6ac35fa0b9e34ef82807d5c707c6f4552d63c0580,98,98,rule,ordinary-rule,"rule dSubset(.ValSeq, .ValSeq, _:ValSeq, _:ValSeq) => true",ACCEPTED_SELECTED_SUPPLIED_SEMANTICS,Byte-identical to /reference/reference-semantics; fixed selected semantics boundary.
reference-semantics/semantics/dict.k,779b06e18162464c8422bbd6ac35fa0b9e34ef82807d5c707c6f4552d63c0580,99,100,rule,ordinary-rule,"rule dSubset(vCons(K:Val, KR:ValSeq), vCons(V:Val, VR:ValSeq), KS2:ValSeq, VS2:ValSeq) => dHasKey(KS2, K) andBool (dGet(KS2, VS2, K) ==K V) andBool dSubset(KR, VR, KS2, VS2)",ACCEPTED_SELECTED_SUPPLIED_SEMANTICS,Byte-identical to /reference/reference-semantics; fixed selected semantics boundary.
reference-semantics/semantics/dict.k,779b06e18162464c8422bbd6ac35fa0b9e34ef82807d5c707c6f4552d63c0580,101,101,syntax,function,"syntax Val ::= dGet(ValSeq, ValSeq, Val) [function]",ACCEPTED_SELECTED_SUPPLIED_SEMANTICS,Byte-identical to /reference/reference-semantics; fixed selected semantics boundary.
reference-semantics/semantics/dict.k,779b06e18162464c8422bbd6ac35fa0b9e34ef82807d5c707c6f4552d63c0580,102,102,rule,ordinary-rule,"rule dGet(vCons(A:Val, _:ValSeq), vCons(B:Val, _:ValSeq), K:Val) => B                requires A ==K K",ACCEPTED_SELECTED_SUPPLIED_SEMANTICS,Byte-identical to /reference/reference-semantics; fixed selected semantics boundary.
reference-semantics/semantics/dict.k,779b06e18162464c8422bbd6ac35fa0b9e34ef82807d5c707c6f4552d63c0580,103,103,rule,ordinary-rule,"rule dGet(vCons(A:Val, KR:ValSeq), vCons(_:Val, VR:ValSeq), K:Val) => dGet(KR, VR, K) requires notBool (A ==K K)",ACCEPTED_SELECTED_SUPPLIED_SEMANTICS,Byte-identical to /reference/reference-semantics; fixed selected semantics boundary.
reference-semantics/semantics/dict.k,779b06e18162464c8422bbd6ac35fa0b9e34ef82807d5c707c6f4552d63c0580,104,104,endmodule,,endmodule,ACCEPTED_SELECTED_SUPPLIED_SEMANTICS,Byte-identical to /reference/reference-semantics; fixed selected semantics boundary.
reference-semantics/semantics/float.k,5dfeee8700c90c3aa6dc515b15b74283882845fb6cdcc3627d97ef650124b70f,14,14,module,,module MPY-FLOAT,ACCEPTED_SELECTED_SUPPLIED_SEMANTICS,Byte-identical to /reference/reference-semantics; fixed selected semantics boundary.
reference-semantics/semantics/float.k,5dfeee8700c90c3aa6dc515b15b74283882845fb6cdcc3627d97ef650124b70f,15,15,imports,,imports MPY-OPERATORS,ACCEPTED_SELECTED_SUPPLIED_SEMANTICS,Byte-identical to /reference/reference-semantics; fixed selected semantics boundary.
reference-semantics/semantics/float.k,5dfeee8700c90c3aa6dc515b15b74283882845fb6cdcc3627d97ef650124b70f,16,16,imports,,imports MPY-BUILTINS,ACCEPTED_SELECTED_SUPPLIED_SEMANTICS,Byte-identical to /reference/reference-semantics; fixed selected semantics boundary.
reference-semantics/semantics/float.k,5dfeee8700c90c3aa6dc515b15b74283882845fb6cdcc3627d97ef650124b70f,17,19,imports,,imports FLOAT ,ACCEPTED_SELECTED_SUPPLIED_SEMANTICS,Byte-identical to /reference/reference-semantics; fixed selected semantics boundary.
reference-semantics/semantics/float.k,5dfeee8700c90c3aa6dc515b15b74283882845fb6cdcc3627d97ef650124b70f,20,20,syntax,,syntax Val ::= Float,ACCEPTED_SELECTED_SUPPLIED_SEMANTICS,Byte-identical to /reference/reference-semantics; fixed selected semantics boundary.
reference-semantics/semantics/float.k,5dfeee8700c90c3aa6dc515b15b74283882845fb6cdcc3627d97ef650124b70f,21,23,rule,no-evaluators;concrete;ordinary-rule,rule <k> Float(F:Float) => F ... </k> ,ACCEPTED_SELECTED_SUPPLIED_SEMANTICS,Byte-identical to /reference/reference-semantics; fixed selected semantics boundary.
reference-semantics/semantics/float.k,5dfeee8700c90c3aa6dc515b15b74283882845fb6cdcc3627d97ef650124b70f,24,24,syntax,function;total;symbol;no-evaluators;opaque-symbol,"syntax Float ::= intFloatDiv(Int, Float) [function, total, symbol(intFloatDiv), no-evaluators]",ACCEPTED_SELECTED_SUPPLIED_SEMANTICS,Byte-identical to /reference/reference-semantics; fixed selected semantics boundary.
reference-semantics/semantics/float.k,5dfeee8700c90c3aa6dc515b15b74283882845fb6cdcc3627d97ef650124b70f,25,25,rule,concrete;ordinary-rule,"rule intFloatDiv(I:Int, F:Float) => Int2Float(I, 53, 11) /Float F [concrete]",ACCEPTED_SELECTED_SUPPLIED_SEMANTICS,Byte-identical to /reference/reference-semantics; fixed selected semantics boundary.
reference-semantics/semantics/float.k,5dfeee8700c90c3aa6dc515b15b74283882845fb6cdcc3627d97ef650124b70f,27,29,rule,concrete;ordinary-rule,"rule applyBin(""/"", I:Int, F:Float) => intFloatDiv(I, F) ",ACCEPTED_SELECTED_SUPPLIED_SEMANTICS,Byte-identical to /reference/reference-semantics; fixed selected semantics boundary.
reference-semantics/semantics/float.k,5dfeee8700c90c3aa6dc515b15b74283882845fb6cdcc3627d97ef650124b70f,30,30,syntax,function;total;symbol;no-evaluators;opaque-symbol,"syntax Float ::= divII(Int, Int) [function, total, symbol(divII), no-evaluators]",ACCEPTED_SELECTED_SUPPLIED_SEMANTICS,Byte-identical to /reference/reference-semantics; fixed selected semantics boundary.
reference-semantics/semantics/float.k,5dfeee8700c90c3aa6dc515b15b74283882845fb6cdcc3627d97ef650124b70f,31,31,rule,concrete;ordinary-rule,"rule divII(I1:Int, I2:Int) => Int2Float(I1, 53, 11) /Float Int2Float(I2, 53, 11) [concrete]",ACCEPTED_SELECTED_SUPPLIED_SEMANTICS,Byte-identical to /reference/reference-semantics; fixed selected semantics boundary.
reference-semantics/semantics/float.k,5dfeee8700c90c3aa6dc515b15b74283882845fb6cdcc3627d97ef650124b70f,32,36,rule,concrete;ordinary-rule,"rule applyBin(""/"", I1:Int, I2:Int) => divII(I1, I2) ",ACCEPTED_SELECTED_SUPPLIED_SEMANTICS,Byte-identical to /reference/reference-semantics; fixed selected semantics boundary.
reference-semantics/semantics/float.k,5dfeee8700c90c3aa6dc515b15b74283882845fb6cdcc3627d97ef650124b70f,37,37,syntax,function;total;symbol;no-evaluators;opaque-symbol,"syntax Float ::= floatMod(Float, Float) [function, total, symbol(floatMod), no-evaluators]",ACCEPTED_SELECTED_SUPPLIED_SEMANTICS,Byte-identical to /reference/reference-semantics; fixed selected semantics boundary.
reference-semantics/semantics/float.k,5dfeee8700c90c3aa6dc515b15b74283882845fb6cdcc3627d97ef650124b70f,38,38,rule,concrete;ordinary-rule,"rule floatMod(F1:Float, F2:Float) => F1 -Float (floorFloat(F1 /Float F2) *Float F2) [concrete]",ACCEPTED_SELECTED_SUPPLIED_SEMANTICS,Byte-identical to /reference/reference-semantics; fixed selected semantics boundary.
reference-semantics/semantics/float.k,5dfeee8700c90c3aa6dc515b15b74283882845fb6cdcc3627d97ef650124b70f,39,42,rule,concrete;ordinary-rule,"rule applyBin(""%"", F1:Float, F2:Float) => floatMod(F1, F2) ",ACCEPTED_SELECTED_SUPPLIED_SEMANTICS,Byte-identical to /reference/reference-semantics; fixed selected semantics boundary.
reference-semantics/semantics/float.k,5dfeee8700c90c3aa6dc515b15b74283882845fb6cdcc3627d97ef650124b70f,43,43,rule,ordinary-rule,"rule applyCmp(""=="", F1:Float, F2:Float) => F1 ==Float F2",ACCEPTED_SELECTED_SUPPLIED_SEMANTICS,Byte-identical to /reference/reference-semantics; fixed selected semantics boundary.
reference-semantics/semantics/float.k,5dfeee8700c90c3aa6dc515b15b74283882845fb6cdcc3627d97ef650124b70f,44,49,rule,no-evaluators;concrete;ordinary-rule,"rule applyCmp(""!="", F1:Float, F2:Float) => notBool (F1 ==Float F2) ",ACCEPTED_SELECTED_SUPPLIED_SEMANTICS,Byte-identical to /reference/reference-semantics; fixed selected semantics boundary.
reference-semantics/semantics/float.k,5dfeee8700c90c3aa6dc515b15b74283882845fb6cdcc3627d97ef650124b70f,50,50,syntax,function;total;symbol;no-evaluators;opaque-symbol,"syntax Bool ::= floatLt(Float, Float) [function, total, symbol(floatLt), no-evaluators]",ACCEPTED_SELECTED_SUPPLIED_SEMANTICS,Byte-identical to /reference/reference-semantics; fixed selected semantics boundary.
reference-semantics/semantics/float.k,5dfeee8700c90c3aa6dc515b15b74283882845fb6cdcc3627d97ef650124b70f,51,51,rule,concrete;ordinary-rule,"rule floatLt(F1:Float, F2:Float) => F1 <Float F2 [concrete]",ACCEPTED_SELECTED_SUPPLIED_SEMANTICS,Byte-identical to /reference/reference-semantics; fixed selected semantics boundary.
reference-semantics/semantics/float.k,5dfeee8700c90c3aa6dc515b15b74283882845fb6cdcc3627d97ef650124b70f,52,52,rule,ordinary-rule,"rule applyCmp(""<"", F1:Float, F2:Float) => floatLt(F1, F2)",ACCEPTED_SELECTED_SUPPLIED_SEMANTICS,Byte-identical to /reference/reference-semantics; fixed selected semantics boundary.
reference-semantics/semantics/float.k,5dfeee8700c90c3aa6dc515b15b74283882845fb6cdcc3627d97ef650124b70f,54,54,syntax,function;total;symbol;no-evaluators;opaque-symbol,"syntax Float ::= absF(Float) [function, total, symbol(absF), no-evaluators]",ACCEPTED_SELECTED_SUPPLIED_SEMANTICS,Byte-identical to /reference/reference-semantics; fixed selected semantics boundary.
reference-semantics/semantics/float.k,5dfeee8700c90c3aa6dc515b15b74283882845fb6cdcc3627d97ef650124b70f,55,55,rule,concrete;ordinary-rule,rule absF(F:Float) => absFloat(F) [concrete],ACCEPTED_SELECTED_SUPPLIED_SEMANTICS,Byte-identical to /reference/reference-semantics; fixed selected semantics boundary.
reference-semantics/semantics/float.k,5dfeee8700c90c3aa6dc515b15b74283882845fb6cdcc3627d97ef650124b70f,56,60,rule,function;ordinary-rule,"rule applyBuiltin(""abs"", F:Float, .Vals) => absF(F) ",ACCEPTED_SELECTED_SUPPLIED_SEMANTICS,Byte-identical to /reference/reference-semantics; fixed selected semantics boundary.
reference-semantics/semantics/float.k,5dfeee8700c90c3aa6dc515b15b74283882845fb6cdcc3627d97ef650124b70f,61,64,rule,ordinary-rule,rule <k> Import(_:String) => .K ... </k> ,ACCEPTED_SELECTED_SUPPLIED_SEMANTICS,Byte-identical to /reference/reference-semantics; fixed selected semantics boundary.
reference-semantics/semantics/float.k,5dfeee8700c90c3aa6dc515b15b74283882845fb6cdcc3627d97ef650124b70f,65,65,syntax,,"syntax KItem ::= ""#mathCeil""",ACCEPTED_SELECTED_SUPPLIED_SEMANTICS,Byte-identical to /reference/reference-semantics; fixed selected semantics boundary.
reference-semantics/semantics/float.k,5dfeee8700c90c3aa6dc515b15b74283882845fb6cdcc3627d97ef650124b70f,66,66,rule,priority;ordinary-rule,"rule <k> Call(Attribute(Name(""math""), ""ceil""), (E:Expr, .Exprs)) => E ~> #mathCeil ... </k> [priority(40)]",ACCEPTED_SELECTED_SUPPLIED_SEMANTICS,Byte-identical to /reference/reference-semantics; fixed selected semantics boundary.
reference-semantics/semantics/float.k,5dfeee8700c90c3aa6dc515b15b74283882845fb6cdcc3627d97ef650124b70f,67,69,rule,ordinary-rule,rule <k> V:Val ~> #mathCeil => ceilF(V) ... </k> ,ACCEPTED_SELECTED_SUPPLIED_SEMANTICS,Byte-identical to /reference/reference-semantics; fixed selected semantics boundary.
reference-semantics/semantics/float.k,5dfeee8700c90c3aa6dc515b15b74283882845fb6cdcc3627d97ef650124b70f,70,70,syntax,,"syntax KItem ::= ""#mathFloor""",ACCEPTED_SELECTED_SUPPLIED_SEMANTICS,Byte-identical to /reference/reference-semantics; fixed selected semantics boundary.
reference-semantics/semantics/float.k,5dfeee8700c90c3aa6dc515b15b74283882845fb6cdcc3627d97ef650124b70f,71,71,rule,priority;ordinary-rule,"rule <k> Call(Attribute(Name(""math""), ""floor""), (E:Expr, .Exprs)) => E ~> #mathFloor ... </k> [priority(40)]",ACCEPTED_SELECTED_SUPPLIED_SEMANTICS,Byte-identical to /reference/reference-semantics; fixed selected semantics boundary.
reference-semantics/semantics/float.k,5dfeee8700c90c3aa6dc515b15b74283882845fb6cdcc3627d97ef650124b70f,72,72,rule,ordinary-rule,rule <k> V:Val ~> #mathFloor => floorFI(V) ... </k>,ACCEPTED_SELECTED_SUPPLIED_SEMANTICS,Byte-identical to /reference/reference-semantics; fixed selected semantics boundary.
reference-semantics/semantics/float.k,5dfeee8700c90c3aa6dc515b15b74283882845fb6cdcc3627d97ef650124b70f,73,73,syntax,function;total;symbol,"syntax Int ::= floorFI(Val) [function, total, symbol(floorFI)]",ACCEPTED_SELECTED_SUPPLIED_SEMANTICS,Byte-identical to /reference/reference-semantics; fixed selected semantics boundary.
reference-semantics/semantics/float.k,5dfeee8700c90c3aa6dc515b15b74283882845fb6cdcc3627d97ef650124b70f,74,74,rule,concrete;ordinary-rule,rule floorFI(I:Int)   => I                        [concrete],ACCEPTED_SELECTED_SUPPLIED_SEMANTICS,Byte-identical to /reference/reference-semantics; fixed selected semantics boundary.
reference-semantics/semantics/float.k,5dfeee8700c90c3aa6dc515b15b74283882845fb6cdcc3627d97ef650124b70f,75,77,rule,concrete;ordinary-rule,rule floorFI(F:Float) => Float2Int(floorFloat(F)) [concrete] ,ACCEPTED_SELECTED_SUPPLIED_SEMANTICS,Byte-identical to /reference/reference-semantics; fixed selected semantics boundary.
reference-semantics/semantics/float.k,5dfeee8700c90c3aa6dc515b15b74283882845fb6cdcc3627d97ef650124b70f,78,78,rule,ordinary-rule,"rule applyBuiltin(""floor"", V:Val, .Vals) => floorFI(V)",ACCEPTED_SELECTED_SUPPLIED_SEMANTICS,Byte-identical to /reference/reference-semantics; fixed selected semantics boundary.
reference-semantics/semantics/float.k,5dfeee8700c90c3aa6dc515b15b74283882845fb6cdcc3627d97ef650124b70f,79,81,rule,ordinary-rule,"rule applyBuiltin(""ceil"",  V:Val, .Vals) => ceilF(V) ",ACCEPTED_SELECTED_SUPPLIED_SEMANTICS,Byte-identical to /reference/reference-semantics; fixed selected semantics boundary.
reference-semantics/semantics/float.k,5dfeee8700c90c3aa6dc515b15b74283882845fb6cdcc3627d97ef650124b70f,82,82,syntax,,syntax KItem ::= #mathPow1(Expr) | #mathPow2(Val),ACCEPTED_SELECTED_SUPPLIED_SEMANTICS,Byte-identical to /reference/reference-semantics; fixed selected semantics boundary.
reference-semantics/semantics/float.k,5dfeee8700c90c3aa6dc515b15b74283882845fb6cdcc3627d97ef650124b70f,83,83,rule,priority;ordinary-rule,"rule <k> Call(Attribute(Name(""math""), ""pow""), (E1:Expr, E2:Expr, .Exprs)) => E1 ~> #mathPow1(E2) ... </k> [priority(40)]",ACCEPTED_SELECTED_SUPPLIED_SEMANTICS,Byte-identical to /reference/reference-semantics; fixed selected semantics boundary.
reference-semantics/semantics/float.k,5dfeee8700c90c3aa6dc515b15b74283882845fb6cdcc3627d97ef650124b70f,84,84,rule,ordinary-rule,rule <k> V1:Val ~> #mathPow1(E2:Expr) => E2 ~> #mathPow2(V1) ... </k>,ACCEPTED_SELECTED_SUPPLIED_SEMANTICS,Byte-identical to /reference/reference-semantics; fixed selected semantics boundary.
reference-semantics/semantics/float.k,5dfeee8700c90c3aa6dc515b15b74283882845fb6cdcc3627d97ef650124b70f,85,85,rule,ordinary-rule,"rule <k> V2:Val ~> #mathPow2(V1:Val) => powF(toF(V1), toF(V2)) ... </k>",ACCEPTED_SELECTED_SUPPLIED_SEMANTICS,Byte-identical to /reference/reference-semantics; fixed selected semantics boundary.
reference-semantics/semantics/float.k,5dfeee8700c90c3aa6dc515b15b74283882845fb6cdcc3627d97ef650124b70f,86,86,syntax,function;total;symbol,"syntax Float ::= toF(Val) [function, total, symbol(toF)]",ACCEPTED_SELECTED_SUPPLIED_SEMANTICS,Byte-identical to /reference/reference-semantics; fixed selected semantics boundary.
reference-semantics/semantics/float.k,5dfeee8700c90c3aa6dc515b15b74283882845fb6cdcc3627d97ef650124b70f,87,87,rule,concrete;ordinary-rule,rule toF(F:Float) => F        [concrete],ACCEPTED_SELECTED_SUPPLIED_SEMANTICS,Byte-identical to /reference/reference-semantics; fixed selected semantics boundary.
reference-semantics/semantics/float.k,5dfeee8700c90c3aa6dc515b15b74283882845fb6cdcc3627d97ef650124b70f,88,92,rule,concrete;ordinary-rule,rule toF(I:Int)   => intToF(I) [concrete] ,ACCEPTED_SELECTED_SUPPLIED_SEMANTICS,Byte-identical to /reference/reference-semantics; fixed selected semantics boundary.
reference-semantics/semantics/float.k,5dfeee8700c90c3aa6dc515b15b74283882845fb6cdcc3627d97ef650124b70f,93,93,syntax,function;total;symbol,"syntax Int ::= ceilF(Val) [function, total, symbol(ceilF)]",ACCEPTED_SELECTED_SUPPLIED_SEMANTICS,Byte-identical to /reference/reference-semantics; fixed selected semantics boundary.
reference-semantics/semantics/float.k,5dfeee8700c90c3aa6dc515b15b74283882845fb6cdcc3627d97ef650124b70f,94,94,rule,concrete;ordinary-rule,rule ceilF(I:Int)   => I                       [concrete],ACCEPTED_SELECTED_SUPPLIED_SEMANTICS,Byte-identical to /reference/reference-semantics; fixed selected semantics boundary.
reference-semantics/semantics/float.k,5dfeee8700c90c3aa6dc515b15b74283882845fb6cdcc3627d97ef650124b70f,95,98,rule,concrete;ordinary-rule,rule ceilF(F:Float) => Float2Int(ceilFloat(F)) [concrete] ,ACCEPTED_SELECTED_SUPPLIED_SEMANTICS,Byte-identical to /reference/reference-semantics; fixed selected semantics boundary.
reference-semantics/semantics/float.k,5dfeee8700c90c3aa6dc515b15b74283882845fb6cdcc3627d97ef650124b70f,99,102,rule,no-evaluators;concrete;ordinary-rule,"rule applyUn(""-"", F:Float) => 0.0 -Float F ",ACCEPTED_SELECTED_SUPPLIED_SEMANTICS,Byte-identical to /reference/reference-semantics; fixed selected semantics boundary.
reference-semantics/semantics/float.k,5dfeee8700c90c3aa6dc515b15b74283882845fb6cdcc3627d97ef650124b70f,103,103,syntax,function;total;symbol;no-evaluators;opaque-symbol,"syntax Float ::= subF(Float, Float) [function, total, symbol(subF), no-evaluators]",ACCEPTED_SELECTED_SUPPLIED_SEMANTICS,Byte-identical to /reference/reference-semantics; fixed selected semantics boundary.
reference-semantics/semantics/float.k,5dfeee8700c90c3aa6dc515b15b74283882845fb6cdcc3627d97ef650124b70f,104,104,rule,concrete;ordinary-rule,"rule subF(F1:Float, F2:Float) => F1 -Float F2 [concrete]",ACCEPTED_SELECTED_SUPPLIED_SEMANTICS,Byte-identical to /reference/reference-semantics; fixed selected semantics boundary.
reference-semantics/semantics/float.k,5dfeee8700c90c3aa6dc515b15b74283882845fb6cdcc3627d97ef650124b70f,105,105,rule,ordinary-rule,"rule applyBin(""-"", F1:Float, F2:Float) => subF(F1, F2)",ACCEPTED_SELECTED_SUPPLIED_SEMANTICS,Byte-identical to /reference/reference-semantics; fixed selected semantics boundary.
reference-semantics/semantics/float.k,5dfeee8700c90c3aa6dc515b15b74283882845fb6cdcc3627d97ef650124b70f,107,107,syntax,function;total;symbol;no-evaluators;opaque-symbol,"syntax Float ::= divF(Float, Float) [function, total, symbol(divF), no-evaluators]",ACCEPTED_SELECTED_SUPPLIED_SEMANTICS,Byte-identical to /reference/reference-semantics; fixed selected semantics boundary.
reference-semantics/semantics/float.k,5dfeee8700c90c3aa6dc515b15b74283882845fb6cdcc3627d97ef650124b70f,108,108,rule,concrete;ordinary-rule,"rule divF(F1:Float, F2:Float) => F1 /Float F2 [concrete]",ACCEPTED_SELECTED_SUPPLIED_SEMANTICS,Byte-identical to /reference/reference-semantics; fixed selected semantics boundary.
reference-semantics/semantics/float.k,5dfeee8700c90c3aa6dc515b15b74283882845fb6cdcc3627d97ef650124b70f,109,109,rule,ordinary-rule,"rule applyBin(""/"", F1:Float, F2:Float) => divF(F1, F2)",ACCEPTED_SELECTED_SUPPLIED_SEMANTICS,Byte-identical to /reference/reference-semantics; fixed selected semantics boundary.
reference-semantics/semantics/float.k,5dfeee8700c90c3aa6dc515b15b74283882845fb6cdcc3627d97ef650124b70f,111,111,syntax,function;total;symbol;no-evaluators;opaque-symbol,"syntax Float ::= addF(Float, Float) [function, total, symbol(addF), no-evaluators]",ACCEPTED_SELECTED_SUPPLIED_SEMANTICS,Byte-identical to /reference/reference-semantics; fixed selected semantics boundary.
reference-semantics/semantics/float.k,5dfeee8700c90c3aa6dc515b15b74283882845fb6cdcc3627d97ef650124b70f,112,112,rule,concrete;ordinary-rule,"rule addF(F1:Float, F2:Float) => F1 +Float F2 [concrete]",ACCEPTED_SELECTED_SUPPLIED_SEMANTICS,Byte-identical to /reference/reference-semantics; fixed selected semantics boundary.
reference-semantics/semantics/float.k,5dfeee8700c90c3aa6dc515b15b74283882845fb6cdcc3627d97ef650124b70f,113,113,rule,ordinary-rule,"rule applyBin(""+"", F1:Float, F2:Float) => addF(F1, F2)",ACCEPTED_SELECTED_SUPPLIED_SEMANTICS,Byte-identical to /reference/reference-semantics; fixed selected semantics boundary.
reference-semantics/semantics/float.k,5dfeee8700c90c3aa6dc515b15b74283882845fb6cdcc3627d97ef650124b70f,115,115,syntax,function;total;symbol;no-evaluators;opaque-symbol,"syntax Float ::= mulF(Float, Float) [function, total, symbol(mulF), no-evaluators]",ACCEPTED_SELECTED_SUPPLIED_SEMANTICS,Byte-identical to /reference/reference-semantics; fixed selected semantics boundary.
reference-semantics/semantics/float.k,5dfeee8700c90c3aa6dc515b15b74283882845fb6cdcc3627d97ef650124b70f,116,116,rule,concrete;ordinary-rule,"rule mulF(F1:Float, F2:Float) => F1 *Float F2 [concrete]",ACCEPTED_SELECTED_SUPPLIED_SEMANTICS,Byte-identical to /reference/reference-semantics; fixed selected semantics boundary.
reference-semantics/semantics/float.k,5dfeee8700c90c3aa6dc515b15b74283882845fb6cdcc3627d97ef650124b70f,117,117,rule,ordinary-rule,"rule applyBin(""*"", F1:Float, F2:Float) => mulF(F1, F2)",ACCEPTED_SELECTED_SUPPLIED_SEMANTICS,Byte-identical to /reference/reference-semantics; fixed selected semantics boundary.
reference-semantics/semantics/float.k,5dfeee8700c90c3aa6dc515b15b74283882845fb6cdcc3627d97ef650124b70f,119,119,syntax,function;total;symbol;no-evaluators;opaque-symbol,"syntax Float ::= powF(Float, Float) [function, total, symbol(powF), no-evaluators]",ACCEPTED_SELECTED_SUPPLIED_SEMANTICS,Byte-identical to /reference/reference-semantics; fixed selected semantics boundary.
reference-semantics/semantics/float.k,5dfeee8700c90c3aa6dc515b15b74283882845fb6cdcc3627d97ef650124b70f,120,120,rule,concrete;ordinary-rule,"rule powF(F1:Float, F2:Float) => F1 ^Float F2 [concrete]",ACCEPTED_SELECTED_SUPPLIED_SEMANTICS,Byte-identical to /reference/reference-semantics; fixed selected semantics boundary.
reference-semantics/semantics/float.k,5dfeee8700c90c3aa6dc515b15b74283882845fb6cdcc3627d97ef650124b70f,121,124,rule,ordinary-rule,"rule applyBin(""**"", F1:Float, F2:Float) => powF(F1, F2) ",ACCEPTED_SELECTED_SUPPLIED_SEMANTICS,Byte-identical to /reference/reference-semantics; fixed selected semantics boundary.
reference-semantics/semantics/float.k,5dfeee8700c90c3aa6dc515b15b74283882845fb6cdcc3627d97ef650124b70f,125,125,syntax,function;total;symbol;no-evaluators;opaque-symbol,"syntax Bool ::= gtF(Float, Float) [function, total, symbol(gtF), no-evaluators]",ACCEPTED_SELECTED_SUPPLIED_SEMANTICS,Byte-identical to /reference/reference-semantics; fixed selected semantics boundary.
reference-semantics/semantics/float.k,5dfeee8700c90c3aa6dc515b15b74283882845fb6cdcc3627d97ef650124b70f,126,126,rule,concrete;ordinary-rule,"rule gtF(F1:Float, F2:Float) => F1 >Float F2 [concrete]",ACCEPTED_SELECTED_SUPPLIED_SEMANTICS,Byte-identical to /reference/reference-semantics; fixed selected semantics boundary.
reference-semantics/semantics/float.k,5dfeee8700c90c3aa6dc515b15b74283882845fb6cdcc3627d97ef650124b70f,127,127,rule,ordinary-rule,"rule applyCmp("">"",  F1:Float, F2:Float) => gtF(F1, F2)",ACCEPTED_SELECTED_SUPPLIED_SEMANTICS,Byte-identical to /reference/reference-semantics; fixed selected semantics boundary.
reference-semantics/semantics/float.k,5dfeee8700c90c3aa6dc515b15b74283882845fb6cdcc3627d97ef650124b70f,128,128,rule,ordinary-rule,"rule applyCmp("">="", F1:Float, F2:Float) => notBool floatLt(F1, F2)",ACCEPTED_SELECTED_SUPPLIED_SEMANTICS,Byte-identical to /reference/reference-semantics; fixed selected semantics boundary.
reference-semantics/semantics/float.k,5dfeee8700c90c3aa6dc515b15b74283882845fb6cdcc3627d97ef650124b70f,129,131,rule,ordinary-rule,"rule applyCmp(""<="", F1:Float, F2:Float) => notBool gtF(F1, F2) ",ACCEPTED_SELECTED_SUPPLIED_SEMANTICS,Byte-identical to /reference/reference-semantics; fixed selected semantics boundary.
reference-semantics/semantics/float.k,5dfeee8700c90c3aa6dc515b15b74283882845fb6cdcc3627d97ef650124b70f,132,132,rule,ordinary-rule,"rule applyBin(""**"", I:Int, F:Float) => powF(intToF(I), F)",ACCEPTED_SELECTED_SUPPLIED_SEMANTICS,Byte-identical to /reference/reference-semantics; fixed selected semantics boundary.
reference-semantics/semantics/float.k,5dfeee8700c90c3aa6dc515b15b74283882845fb6cdcc3627d97ef650124b70f,133,133,rule,ordinary-rule,"rule applyBin(""**"", F:Float, I:Int) => powF(F, intToF(I))",ACCEPTED_SELECTED_SUPPLIED_SEMANTICS,Byte-identical to /reference/reference-semantics; fixed selected semantics boundary.
reference-semantics/semantics/float.k,5dfeee8700c90c3aa6dc515b15b74283882845fb6cdcc3627d97ef650124b70f,134,134,rule,ordinary-rule,"rule applyBin(""-"",  I:Int, F:Float) => subF(intToF(I), F)",ACCEPTED_SELECTED_SUPPLIED_SEMANTICS,Byte-identical to /reference/reference-semantics; fixed selected semantics boundary.
reference-semantics/semantics/float.k,5dfeee8700c90c3aa6dc515b15b74283882845fb6cdcc3627d97ef650124b70f,135,135,rule,ordinary-rule,"rule applyBin(""-"",  F:Float, I:Int) => subF(F, intToF(I))",ACCEPTED_SELECTED_SUPPLIED_SEMANTICS,Byte-identical to /reference/reference-semantics; fixed selected semantics boundary.
reference-semantics/semantics/float.k,5dfeee8700c90c3aa6dc515b15b74283882845fb6cdcc3627d97ef650124b70f,136,136,rule,ordinary-rule,"rule applyBin(""+"",  I:Int, F:Float) => addF(intToF(I), F)",ACCEPTED_SELECTED_SUPPLIED_SEMANTICS,Byte-identical to /reference/reference-semantics; fixed selected semantics boundary.
reference-semantics/semantics/float.k,5dfeee8700c90c3aa6dc515b15b74283882845fb6cdcc3627d97ef650124b70f,137,137,rule,ordinary-rule,"rule applyBin(""+"",  F:Float, I:Int) => addF(F, intToF(I))",ACCEPTED_SELECTED_SUPPLIED_SEMANTICS,Byte-identical to /reference/reference-semantics; fixed selected semantics boundary.
reference-semantics/semantics/float.k,5dfeee8700c90c3aa6dc515b15b74283882845fb6cdcc3627d97ef650124b70f,138,138,rule,ordinary-rule,"rule applyBin(""*"",  I:Int, F:Float) => mulF(intToF(I), F)",ACCEPTED_SELECTED_SUPPLIED_SEMANTICS,Byte-identical to /reference/reference-semantics; fixed selected semantics boundary.
reference-semantics/semantics/float.k,5dfeee8700c90c3aa6dc515b15b74283882845fb6cdcc3627d97ef650124b70f,139,141,rule,concrete;ordinary-rule,"rule applyBin(""*"",  F:Float, I:Int) => mulF(F, intToF(I)) ",ACCEPTED_SELECTED_SUPPLIED_SEMANTICS,Byte-identical to /reference/reference-semantics; fixed selected semantics boundary.
reference-semantics/semantics/float.k,5dfeee8700c90c3aa6dc515b15b74283882845fb6cdcc3627d97ef650124b70f,142,142,syntax,function;total;symbol;no-evaluators;opaque-symbol,"syntax Bool ::= eqF(Float, Float) [function, total, symbol(eqF), no-evaluators]",ACCEPTED_SELECTED_SUPPLIED_SEMANTICS,Byte-identical to /reference/reference-semantics; fixed selected semantics boundary.
reference-semantics/semantics/float.k,5dfeee8700c90c3aa6dc515b15b74283882845fb6cdcc3627d97ef650124b70f,143,143,rule,concrete;ordinary-rule,"rule eqF(F1:Float, F2:Float) => F1 ==Float F2 [concrete]",ACCEPTED_SELECTED_SUPPLIED_SEMANTICS,Byte-identical to /reference/reference-semantics; fixed selected semantics boundary.
reference-semantics/semantics/float.k,5dfeee8700c90c3aa6dc515b15b74283882845fb6cdcc3627d97ef650124b70f,144,144,rule,ordinary-rule,"rule applyCmp(""=="", I:Int, F:Float) => eqF(intToF(I), F)",ACCEPTED_SELECTED_SUPPLIED_SEMANTICS,Byte-identical to /reference/reference-semantics; fixed selected semantics boundary.
reference-semantics/semantics/float.k,5dfeee8700c90c3aa6dc515b15b74283882845fb6cdcc3627d97ef650124b70f,145,145,rule,ordinary-rule,"rule applyCmp(""=="", F:Float, I:Int) => eqF(F, intToF(I))",ACCEPTED_SELECTED_SUPPLIED_SEMANTICS,Byte-identical to /reference/reference-semantics; fixed selected semantics boundary.
reference-semantics/semantics/float.k,5dfeee8700c90c3aa6dc515b15b74283882845fb6cdcc3627d97ef650124b70f,146,146,rule,ordinary-rule,"rule applyCmp(""!="", I:Int, F:Float) => notBool eqF(intToF(I), F)",ACCEPTED_SELECTED_SUPPLIED_SEMANTICS,Byte-identical to /reference/reference-semantics; fixed selected semantics boundary.
reference-semantics/semantics/float.k,5dfeee8700c90c3aa6dc515b15b74283882845fb6cdcc3627d97ef650124b70f,147,147,rule,ordinary-rule,"rule applyCmp(""!="", F:Float, I:Int) => notBool eqF(F, intToF(I))",ACCEPTED_SELECTED_SUPPLIED_SEMANTICS,Byte-identical to /reference/reference-semantics; fixed selected semantics boundary.
reference-semantics/semantics/float.k,5dfeee8700c90c3aa6dc515b15b74283882845fb6cdcc3627d97ef650124b70f,148,148,rule,ordinary-rule,"rule applyCmp(""<"",  I:Int, F:Float) => floatLt(intToF(I), F)",ACCEPTED_SELECTED_SUPPLIED_SEMANTICS,Byte-identical to /reference/reference-semantics; fixed selected semantics boundary.
reference-semantics/semantics/float.k,5dfeee8700c90c3aa6dc515b15b74283882845fb6cdcc3627d97ef650124b70f,149,149,rule,ordinary-rule,"rule applyCmp(""<"",  F:Float, I:Int) => floatLt(F, intToF(I))",ACCEPTED_SELECTED_SUPPLIED_SEMANTICS,Byte-identical to /reference/reference-semantics; fixed selected semantics boundary.
reference-semantics/semantics/float.k,5dfeee8700c90c3aa6dc515b15b74283882845fb6cdcc3627d97ef650124b70f,150,150,rule,ordinary-rule,"rule applyCmp("">"",  I:Int, F:Float) => gtF(intToF(I), F)",ACCEPTED_SELECTED_SUPPLIED_SEMANTICS,Byte-identical to /reference/reference-semantics; fixed selected semantics boundary.
reference-semantics/semantics/float.k,5dfeee8700c90c3aa6dc515b15b74283882845fb6cdcc3627d97ef650124b70f,151,153,rule,ordinary-rule,"rule applyCmp("">"",  F:Float, I:Int) => gtF(F, intToF(I)) ",ACCEPTED_SELECTED_SUPPLIED_SEMANTICS,Byte-identical to /reference/reference-semantics; fixed selected semantics boundary.
reference-semantics/semantics/float.k,5dfeee8700c90c3aa6dc515b15b74283882845fb6cdcc3627d97ef650124b70f,154,154,rule,ordinary-rule,"rule applyCmp(""=="", V:Val, noneV) => V ==K noneV",ACCEPTED_SELECTED_SUPPLIED_SEMANTICS,Byte-identical to /reference/reference-semantics; fixed selected semantics boundary.
reference-semantics/semantics/float.k,5dfeee8700c90c3aa6dc515b15b74283882845fb6cdcc3627d97ef650124b70f,155,159,rule,concrete;ordinary-rule,"rule applyCmp(""!="", V:Val, noneV) => notBool (V ==K noneV) ",ACCEPTED_SELECTED_SUPPLIED_SEMANTICS,Byte-identical to /reference/reference-semantics; fixed selected semantics boundary.
reference-semantics/semantics/float.k,5dfeee8700c90c3aa6dc515b15b74283882845fb6cdcc3627d97ef650124b70f,160,160,syntax,function;total;symbol;no-evaluators;opaque-symbol,"syntax Float ::= decStrToF(IntSeq) [function, total, symbol(decStrToF), no-evaluators]",ACCEPTED_SELECTED_SUPPLIED_SEMANTICS,Byte-identical to /reference/reference-semantics; fixed selected semantics boundary.
reference-semantics/semantics/float.k,5dfeee8700c90c3aa6dc515b15b74283882845fb6cdcc3627d97ef650124b70f,161,161,rule,concrete;ordinary-rule,"rule decStrToF(iCons(45, CS:IntSeq)) => 0.0 -Float decStrToF(CS) [concrete]",ACCEPTED_SELECTED_SUPPLIED_SEMANTICS,Byte-identical to /reference/reference-semantics; fixed selected semantics boundary.
reference-semantics/semantics/float.k,5dfeee8700c90c3aa6dc515b15b74283882845fb6cdcc3627d97ef650124b70f,162,164,rule,concrete;ordinary-rule,rule decStrToF(CS:IntSeq) => intToF(intPart(CS)) +Float (intToF(fracPart(CS)) /Float intToF(fracScale(CS))),ACCEPTED_SELECTED_SUPPLIED_SEMANTICS,Byte-identical to /reference/reference-semantics; fixed selected semantics boundary.
reference-semantics/semantics/float.k,5dfeee8700c90c3aa6dc515b15b74283882845fb6cdcc3627d97ef650124b70f,165,165,syntax,function,syntax Int ::= headIS(IntSeq) [function],ACCEPTED_SELECTED_SUPPLIED_SEMANTICS,Byte-identical to /reference/reference-semantics; fixed selected semantics boundary.
reference-semantics/semantics/float.k,5dfeee8700c90c3aa6dc515b15b74283882845fb6cdcc3627d97ef650124b70f,166,166,rule,ordinary-rule,"rule headIS(iCons(C:Int, _:IntSeq)) => C",ACCEPTED_SELECTED_SUPPLIED_SEMANTICS,Byte-identical to /reference/reference-semantics; fixed selected semantics boundary.
reference-semantics/semantics/float.k,5dfeee8700c90c3aa6dc515b15b74283882845fb6cdcc3627d97ef650124b70f,167,167,syntax,function;total,"syntax Int ::= intPart(IntSeq) [function, total] | intPartAcc(IntSeq, Int) [function, total]",ACCEPTED_SELECTED_SUPPLIED_SEMANTICS,Byte-identical to /reference/reference-semantics; fixed selected semantics boundary.
reference-semantics/semantics/float.k,5dfeee8700c90c3aa6dc515b15b74283882845fb6cdcc3627d97ef650124b70f,168,168,rule,ordinary-rule,"rule intPart(CS:IntSeq) => intPartAcc(CS, 0)",ACCEPTED_SELECTED_SUPPLIED_SEMANTICS,Byte-identical to /reference/reference-semantics; fixed selected semantics boundary.
reference-semantics/semantics/float.k,5dfeee8700c90c3aa6dc515b15b74283882845fb6cdcc3627d97ef650124b70f,169,169,rule,ordinary-rule,"rule intPartAcc(.IntSeq, A:Int) => A",ACCEPTED_SELECTED_SUPPLIED_SEMANTICS,Byte-identical to /reference/reference-semantics; fixed selected semantics boundary.
reference-semantics/semantics/float.k,5dfeee8700c90c3aa6dc515b15b74283882845fb6cdcc3627d97ef650124b70f,170,170,rule,ordinary-rule,"rule intPartAcc(iCons(46, _:IntSeq), A:Int) => A",ACCEPTED_SELECTED_SUPPLIED_SEMANTICS,Byte-identical to /reference/reference-semantics; fixed selected semantics boundary.
reference-semantics/semantics/float.k,5dfeee8700c90c3aa6dc515b15b74283882845fb6cdcc3627d97ef650124b70f,171,172,rule,ordinary-rule,"rule intPartAcc(iCons(C:Int, R:IntSeq), A:Int) => intPartAcc(R, A *Int 10 +Int (C -Int 48)) requires C =/=Int 46",ACCEPTED_SELECTED_SUPPLIED_SEMANTICS,Byte-identical to /reference/reference-semantics; fixed selected semantics boundary.
reference-semantics/semantics/float.k,5dfeee8700c90c3aa6dc515b15b74283882845fb6cdcc3627d97ef650124b70f,173,173,syntax,function;total,"syntax Int ::= fracPart(IntSeq) [function, total] | fracAcc(IntSeq, Int) [function, total]",ACCEPTED_SELECTED_SUPPLIED_SEMANTICS,Byte-identical to /reference/reference-semantics; fixed selected semantics boundary.
reference-semantics/semantics/float.k,5dfeee8700c90c3aa6dc515b15b74283882845fb6cdcc3627d97ef650124b70f,174,174,rule,ordinary-rule,rule fracPart(.IntSeq) => 0,ACCEPTED_SELECTED_SUPPLIED_SEMANTICS,Byte-identical to /reference/reference-semantics; fixed selected semantics boundary.
reference-semantics/semantics/float.k,5dfeee8700c90c3aa6dc515b15b74283882845fb6cdcc3627d97ef650124b70f,175,175,rule,ordinary-rule,"rule fracPart(iCons(46, R:IntSeq)) => fracAcc(R, 0)",ACCEPTED_SELECTED_SUPPLIED_SEMANTICS,Byte-identical to /reference/reference-semantics; fixed selected semantics boundary.
reference-semantics/semantics/float.k,5dfeee8700c90c3aa6dc515b15b74283882845fb6cdcc3627d97ef650124b70f,176,176,rule,ordinary-rule,"rule fracPart(iCons(C:Int, R:IntSeq)) => fracPart(R) requires C =/=Int 46",ACCEPTED_SELECTED_SUPPLIED_SEMANTICS,Byte-identical to /reference/reference-semantics; fixed selected semantics boundary.
reference-semantics/semantics/float.k,5dfeee8700c90c3aa6dc515b15b74283882845fb6cdcc3627d97ef650124b70f,177,177,rule,ordinary-rule,"rule fracAcc(.IntSeq, A:Int) => A",ACCEPTED_SELECTED_SUPPLIED_SEMANTICS,Byte-identical to /reference/reference-semantics; fixed selected semantics boundary.
reference-semantics/semantics/float.k,5dfeee8700c90c3aa6dc515b15b74283882845fb6cdcc3627d97ef650124b70f,178,178,rule,ordinary-rule,"rule fracAcc(iCons(C:Int, R:IntSeq), A:Int) => fracAcc(R, A *Int 10 +Int (C -Int 48))",ACCEPTED_SELECTED_SUPPLIED_SEMANTICS,Byte-identical to /reference/reference-semantics; fixed selected semantics boundary.
reference-semantics/semantics/float.k,5dfeee8700c90c3aa6dc515b15b74283882845fb6cdcc3627d97ef650124b70f,179,179,syntax,function;total,"syntax Int ::= fracScale(IntSeq) [function, total] | fscAcc(IntSeq, Int) [function, total]",ACCEPTED_SELECTED_SUPPLIED_SEMANTICS,Byte-identical to /reference/reference-semantics; fixed selected semantics boundary.
reference-semantics/semantics/float.k,5dfeee8700c90c3aa6dc515b15b74283882845fb6cdcc3627d97ef650124b70f,180,180,rule,ordinary-rule,rule fracScale(.IntSeq) => 1,ACCEPTED_SELECTED_SUPPLIED_SEMANTICS,Byte-identical to /reference/reference-semantics; fixed selected semantics boundary.
reference-semantics/semantics/float.k,5dfeee8700c90c3aa6dc515b15b74283882845fb6cdcc3627d97ef650124b70f,181,181,rule,ordinary-rule,"rule fracScale(iCons(46, R:IntSeq)) => fscAcc(R, 1)",ACCEPTED_SELECTED_SUPPLIED_SEMANTICS,Byte-identical to /reference/reference-semantics; fixed selected semantics boundary.
reference-semantics/semantics/float.k,5dfeee8700c90c3aa6dc515b15b74283882845fb6cdcc3627d97ef650124b70f,182,182,rule,ordinary-rule,"rule fracScale(iCons(C:Int, R:IntSeq)) => fracScale(R) requires C =/=Int 46",ACCEPTED_SELECTED_SUPPLIED_SEMANTICS,Byte-identical to /reference/reference-semantics; fixed selected semantics boundary.
reference-semantics/semantics/float.k,5dfeee8700c90c3aa6dc515b15b74283882845fb6cdcc3627d97ef650124b70f,183,183,rule,ordinary-rule,"rule fscAcc(.IntSeq, A:Int) => A",ACCEPTED_SELECTED_SUPPLIED_SEMANTICS,Byte-identical to /reference/reference-semantics; fixed selected semantics boundary.
reference-semantics/semantics/float.k,5dfeee8700c90c3aa6dc515b15b74283882845fb6cdcc3627d97ef650124b70f,184,184,rule,ordinary-rule,"rule fscAcc(iCons(_:Int, R:IntSeq), A:Int) => fscAcc(R, A *Int 10)",ACCEPTED_SELECTED_SUPPLIED_SEMANTICS,Byte-identical to /reference/reference-semantics; fixed selected semantics boundary.
reference-semantics/semantics/float.k,5dfeee8700c90c3aa6dc515b15b74283882845fb6cdcc3627d97ef650124b70f,185,185,rule,ordinary-rule,"rule applyBuiltin(""float"", str(CS:IntSeq), .Vals) => decStrToF(CS)",ACCEPTED_SELECTED_SUPPLIED_SEMANTICS,Byte-identical to /reference/reference-semantics; fixed selected semantics boundary.
reference-semantics/semantics/float.k,5dfeee8700c90c3aa6dc515b15b74283882845fb6cdcc3627d97ef650124b70f,186,186,rule,ordinary-rule,"rule applyBuiltin(""float"", I:Int, .Vals)          => intToF(I)",ACCEPTED_SELECTED_SUPPLIED_SEMANTICS,Byte-identical to /reference/reference-semantics; fixed selected semantics boundary.
reference-semantics/semantics/float.k,5dfeee8700c90c3aa6dc515b15b74283882845fb6cdcc3627d97ef650124b70f,187,189,rule,ordinary-rule,"rule applyBuiltin(""float"", F:Float, .Vals)        => F ",ACCEPTED_SELECTED_SUPPLIED_SEMANTICS,Byte-identical to /reference/reference-semantics; fixed selected semantics boundary.
reference-semantics/semantics/float.k,5dfeee8700c90c3aa6dc515b15b74283882845fb6cdcc3627d97ef650124b70f,190,190,syntax,function;total;symbol;no-evaluators;opaque-symbol,"syntax Float ::= divFloatIntV(Float, Int) [function, total, symbol(divFloatIntV), no-evaluators]",ACCEPTED_SELECTED_SUPPLIED_SEMANTICS,Byte-identical to /reference/reference-semantics; fixed selected semantics boundary.
reference-semantics/semantics/float.k,5dfeee8700c90c3aa6dc515b15b74283882845fb6cdcc3627d97ef650124b70f,191,191,rule,concrete;ordinary-rule,"rule divFloatIntV(F:Float, I:Int) => F /Float Int2Float(I, 53, 11) [concrete]",ACCEPTED_SELECTED_SUPPLIED_SEMANTICS,Byte-identical to /reference/reference-semantics; fixed selected semantics boundary.
reference-semantics/semantics/float.k,5dfeee8700c90c3aa6dc515b15b74283882845fb6cdcc3627d97ef650124b70f,192,194,rule,ordinary-rule,"rule applyBin(""/"", F:Float, I:Int) => divFloatIntV(F, I) ",ACCEPTED_SELECTED_SUPPLIED_SEMANTICS,Byte-identical to /reference/reference-semantics; fixed selected semantics boundary.
reference-semantics/semantics/float.k,5dfeee8700c90c3aa6dc515b15b74283882845fb6cdcc3627d97ef650124b70f,195,195,syntax,function;total;symbol;no-evaluators;opaque-symbol,"syntax Float ::= intToF(Int) [function, total, symbol(intToF), no-evaluators]",ACCEPTED_SELECTED_SUPPLIED_SEMANTICS,Byte-identical to /reference/reference-semantics; fixed selected semantics boundary.
reference-semantics/semantics/float.k,5dfeee8700c90c3aa6dc515b15b74283882845fb6cdcc3627d97ef650124b70f,196,196,rule,concrete;ordinary-rule,"rule intToF(I:Int) => Int2Float(I, 53, 11) [concrete]",ACCEPTED_SELECTED_SUPPLIED_SEMANTICS,Byte-identical to /reference/reference-semantics; fixed selected semantics boundary.
reference-semantics/semantics/float.k,5dfeee8700c90c3aa6dc515b15b74283882845fb6cdcc3627d97ef650124b70f,197,197,rule,ordinary-rule,"rule applyBin(""+"", I:Int, F:Float) => addF(intToF(I), F)",ACCEPTED_SELECTED_SUPPLIED_SEMANTICS,Byte-identical to /reference/reference-semantics; fixed selected semantics boundary.
reference-semantics/semantics/float.k,5dfeee8700c90c3aa6dc515b15b74283882845fb6cdcc3627d97ef650124b70f,198,198,rule,ordinary-rule,"rule applyBin(""+"", F:Float, I:Int) => addF(F, intToF(I))",ACCEPTED_SELECTED_SUPPLIED_SEMANTICS,Byte-identical to /reference/reference-semantics; fixed selected semantics boundary.
reference-semantics/semantics/float.k,5dfeee8700c90c3aa6dc515b15b74283882845fb6cdcc3627d97ef650124b70f,199,199,rule,ordinary-rule,"rule applyBin(""-"", I:Int, F:Float) => subF(intToF(I), F)",ACCEPTED_SELECTED_SUPPLIED_SEMANTICS,Byte-identical to /reference/reference-semantics; fixed selected semantics boundary.
reference-semantics/semantics/float.k,5dfeee8700c90c3aa6dc515b15b74283882845fb6cdcc3627d97ef650124b70f,200,200,rule,ordinary-rule,"rule applyBin(""-"", F:Float, I:Int) => subF(F, intToF(I))",ACCEPTED_SELECTED_SUPPLIED_SEMANTICS,Byte-identical to /reference/reference-semantics; fixed selected semantics boundary.
reference-semantics/semantics/float.k,5dfeee8700c90c3aa6dc515b15b74283882845fb6cdcc3627d97ef650124b70f,201,201,rule,ordinary-rule,"rule applyBin(""*"", I:Int, F:Float) => mulF(intToF(I), F)",ACCEPTED_SELECTED_SUPPLIED_SEMANTICS,Byte-identical to /reference/reference-semantics; fixed selected semantics boundary.
reference-semantics/semantics/float.k,5dfeee8700c90c3aa6dc515b15b74283882845fb6cdcc3627d97ef650124b70f,202,202,rule,ordinary-rule,"rule applyBin(""*"", F:Float, I:Int) => mulF(F, intToF(I))",ACCEPTED_SELECTED_SUPPLIED_SEMANTICS,Byte-identical to /reference/reference-semantics; fixed selected semantics boundary.
reference-semantics/semantics/float.k,5dfeee8700c90c3aa6dc515b15b74283882845fb6cdcc3627d97ef650124b70f,203,203,rule,ordinary-rule,"rule applyCmp(""<"", I:Int, F:Float) => floatLt(intToF(I), F)",ACCEPTED_SELECTED_SUPPLIED_SEMANTICS,Byte-identical to /reference/reference-semantics; fixed selected semantics boundary.
reference-semantics/semantics/float.k,5dfeee8700c90c3aa6dc515b15b74283882845fb6cdcc3627d97ef650124b70f,204,204,rule,ordinary-rule,"rule applyCmp(""<"", F:Float, I:Int) => floatLt(F, intToF(I))",ACCEPTED_SELECTED_SUPPLIED_SEMANTICS,Byte-identical to /reference/reference-semantics; fixed selected semantics boundary.
reference-semantics/semantics/float.k,5dfeee8700c90c3aa6dc515b15b74283882845fb6cdcc3627d97ef650124b70f,205,205,rule,ordinary-rule,"rule applyCmp("">"", I:Int, F:Float) => gtF(intToF(I), F)",ACCEPTED_SELECTED_SUPPLIED_SEMANTICS,Byte-identical to /reference/reference-semantics; fixed selected semantics boundary.
reference-semantics/semantics/float.k,5dfeee8700c90c3aa6dc515b15b74283882845fb6cdcc3627d97ef650124b70f,206,208,rule,ordinary-rule,"rule applyCmp("">"", F:Float, I:Int) => gtF(F, intToF(I)) ",ACCEPTED_SELECTED_SUPPLIED_SEMANTICS,Byte-identical to /reference/reference-semantics; fixed selected semantics boundary.
reference-semantics/semantics/float.k,5dfeee8700c90c3aa6dc515b15b74283882845fb6cdcc3627d97ef650124b70f,209,209,syntax,function;total;symbol;no-evaluators;opaque-symbol,"syntax Int ::= truncF(Float) [function, total, symbol(truncF), no-evaluators]",ACCEPTED_SELECTED_SUPPLIED_SEMANTICS,Byte-identical to /reference/reference-semantics; fixed selected semantics boundary.
reference-semantics/semantics/float.k,5dfeee8700c90c3aa6dc515b15b74283882845fb6cdcc3627d97ef650124b70f,210,210,rule,concrete;ordinary-rule,rule truncF(F:Float) => #if F >=Float 0.0 #then Float2Int(floorFloat(F)) #else Float2Int(ceilFloat(F)) #fi [concrete],ACCEPTED_SELECTED_SUPPLIED_SEMANTICS,Byte-identical to /reference/reference-semantics; fixed selected semantics boundary.
reference-semantics/semantics/float.k,5dfeee8700c90c3aa6dc515b15b74283882845fb6cdcc3627d97ef650124b70f,211,211,rule,ordinary-rule,"rule applyBuiltin(""int"", F:Float, .Vals) => truncF(F)",ACCEPTED_SELECTED_SUPPLIED_SEMANTICS,Byte-identical to /reference/reference-semantics; fixed selected semantics boundary.
reference-semantics/semantics/float.k,5dfeee8700c90c3aa6dc515b15b74283882845fb6cdcc3627d97ef650124b70f,213,213,rule,ordinary-rule,"rule applyBuiltin(""float"", I:Int, .Vals)   => intToF(I)",ACCEPTED_SELECTED_SUPPLIED_SEMANTICS,Byte-identical to /reference/reference-semantics; fixed selected semantics boundary.
reference-semantics/semantics/float.k,5dfeee8700c90c3aa6dc515b15b74283882845fb6cdcc3627d97ef650124b70f,214,216,rule,ordinary-rule,"rule applyBuiltin(""float"", F:Float, .Vals) => F ",ACCEPTED_SELECTED_SUPPLIED_SEMANTICS,Byte-identical to /reference/reference-semantics; fixed selected semantics boundary.
reference-semantics/semantics/float.k,5dfeee8700c90c3aa6dc515b15b74283882845fb6cdcc3627d97ef650124b70f,217,217,syntax,function;total;symbol;no-evaluators;opaque-symbol,"syntax Int ::= roundF(Float) [function, total, symbol(roundF), no-evaluators]",ACCEPTED_SELECTED_SUPPLIED_SEMANTICS,Byte-identical to /reference/reference-semantics; fixed selected semantics boundary.
reference-semantics/semantics/float.k,5dfeee8700c90c3aa6dc515b15b74283882845fb6cdcc3627d97ef650124b70f,218,222,rule,concrete;ordinary-rule,rule roundF(F:Float) => #if (F -Float floorFloat(F)) ==Float 0.5,ACCEPTED_SELECTED_SUPPLIED_SEMANTICS,Byte-identical to /reference/reference-semantics; fixed selected semantics boundary.
reference-semantics/semantics/float.k,5dfeee8700c90c3aa6dc515b15b74283882845fb6cdcc3627d97ef650124b70f,223,223,syntax,function;total;symbol;no-evaluators;opaque-symbol,"syntax Float ::= roundFN(Float, Int) [function, total, symbol(roundFN), no-evaluators]",ACCEPTED_SELECTED_SUPPLIED_SEMANTICS,Byte-identical to /reference/reference-semantics; fixed selected semantics boundary.
reference-semantics/semantics/float.k,5dfeee8700c90c3aa6dc515b15b74283882845fb6cdcc3627d97ef650124b70f,224,226,rule,concrete;ordinary-rule,"rule roundFN(F:Float, N:Int) => Int2Float(roundF(F *Float Int2Float(10 ^Int N, 53, 11)), 53, 11)",ACCEPTED_SELECTED_SUPPLIED_SEMANTICS,Byte-identical to /reference/reference-semantics; fixed selected semantics boundary.
reference-semantics/semantics/float.k,5dfeee8700c90c3aa6dc515b15b74283882845fb6cdcc3627d97ef650124b70f,227,227,rule,ordinary-rule,"rule applyBuiltin(""round"", F:Float, .Vals)        => roundF(F)",ACCEPTED_SELECTED_SUPPLIED_SEMANTICS,Byte-identical to /reference/reference-semantics; fixed selected semantics boundary.
reference-semantics/semantics/float.k,5dfeee8700c90c3aa6dc515b15b74283882845fb6cdcc3627d97ef650124b70f,228,228,rule,ordinary-rule,"rule applyBuiltin(""round"", F:Float, N:Int, .Vals) => roundFN(F, N)",ACCEPTED_SELECTED_SUPPLIED_SEMANTICS,Byte-identical to /reference/reference-semantics; fixed selected semantics boundary.
reference-semantics/semantics/float.k,5dfeee8700c90c3aa6dc515b15b74283882845fb6cdcc3627d97ef650124b70f,230,230,syntax,function;total;symbol;no-evaluators;opaque-symbol,"syntax Float ::= sqrtF(Float) [function, total, symbol(sqrtF), no-evaluators]",ACCEPTED_SELECTED_SUPPLIED_SEMANTICS,Byte-identical to /reference/reference-semantics; fixed selected semantics boundary.
reference-semantics/semantics/float.k,5dfeee8700c90c3aa6dc515b15b74283882845fb6cdcc3627d97ef650124b70f,231,231,rule,concrete;ordinary-rule,rule sqrtF(F:Float) => sqrtFloat(F) [concrete],ACCEPTED_SELECTED_SUPPLIED_SEMANTICS,Byte-identical to /reference/reference-semantics; fixed selected semantics boundary.
reference-semantics/semantics/float.k,5dfeee8700c90c3aa6dc515b15b74283882845fb6cdcc3627d97ef650124b70f,232,232,syntax,,"syntax KItem ::= ""#mathSqrt""",ACCEPTED_SELECTED_SUPPLIED_SEMANTICS,Byte-identical to /reference/reference-semantics; fixed selected semantics boundary.
reference-semantics/semantics/float.k,5dfeee8700c90c3aa6dc515b15b74283882845fb6cdcc3627d97ef650124b70f,233,233,rule,priority;ordinary-rule,"rule <k> Call(Attribute(Name(""math""), ""sqrt""), (E:Expr, .Exprs)) => E ~> #mathSqrt ... </k> [priority(40)]",ACCEPTED_SELECTED_SUPPLIED_SEMANTICS,Byte-identical to /reference/reference-semantics; fixed selected semantics boundary.
reference-semantics/semantics/float.k,5dfeee8700c90c3aa6dc515b15b74283882845fb6cdcc3627d97ef650124b70f,234,234,rule,ordinary-rule,rule <k> F:Float ~> #mathSqrt => sqrtF(F) ... </k>,ACCEPTED_SELECTED_SUPPLIED_SEMANTICS,Byte-identical to /reference/reference-semantics; fixed selected semantics boundary.
reference-semantics/semantics/float.k,5dfeee8700c90c3aa6dc515b15b74283882845fb6cdcc3627d97ef650124b70f,235,242,rule,concrete;ordinary-rule,rule <k> I:Int ~> #mathSqrt => sqrtF(intToF(I)) ... </k> ,ACCEPTED_SELECTED_SUPPLIED_SEMANTICS,Byte-identical to /reference/reference-semantics; fixed selected semantics boundary.
reference-semantics/semantics/float.k,5dfeee8700c90c3aa6dc515b15b74283882845fb6cdcc3627d97ef650124b70f,243,243,syntax,,"syntax KItem ::= #maxAccF(Iterable, Float) | #maxContF(Float)",ACCEPTED_SELECTED_SUPPLIED_SEMANTICS,Byte-identical to /reference/reference-semantics; fixed selected semantics boundary.
reference-semantics/semantics/float.k,5dfeee8700c90c3aa6dc515b15b74283882845fb6cdcc3627d97ef650124b70f,244,244,rule,ordinary-rule,"rule <k> #iterYield(V:Val, R:Iterable) ~> #maxCont0 => #maxAccF(R, {V}:>Float) ... </k> requires isFloat(V)",ACCEPTED_SELECTED_SUPPLIED_SEMANTICS,Byte-identical to /reference/reference-semantics; fixed selected semantics boundary.
reference-semantics/semantics/float.k,5dfeee8700c90c3aa6dc515b15b74283882845fb6cdcc3627d97ef650124b70f,245,245,rule,ordinary-rule,"rule <k> #maxAccF(IT:Iterable, M:Float) => #iterNext(IT) ~> #maxContF(M) ... </k>",ACCEPTED_SELECTED_SUPPLIED_SEMANTICS,Byte-identical to /reference/reference-semantics; fixed selected semantics boundary.
reference-semantics/semantics/float.k,5dfeee8700c90c3aa6dc515b15b74283882845fb6cdcc3627d97ef650124b70f,246,246,rule,ordinary-rule,rule <k> #iterDone ~> #maxContF(M:Float) => M ... </k>,ACCEPTED_SELECTED_SUPPLIED_SEMANTICS,Byte-identical to /reference/reference-semantics; fixed selected semantics boundary.
reference-semantics/semantics/float.k,5dfeee8700c90c3aa6dc515b15b74283882845fb6cdcc3627d97ef650124b70f,247,248,rule,ordinary-rule,"rule <k> #iterYield(V:Val, R:Iterable) ~> #maxContF(M:Float) => #maxAccF(R, maxFloat(M, {V}:>Float)) ... </k> requires isFloat(V)",ACCEPTED_SELECTED_SUPPLIED_SEMANTICS,Byte-identical to /reference/reference-semantics; fixed selected semantics boundary.
reference-semantics/semantics/float.k,5dfeee8700c90c3aa6dc515b15b74283882845fb6cdcc3627d97ef650124b70f,250,250,syntax,,"syntax KItem ::= #minAccF(Iterable, Float) | #minContF(Float)",ACCEPTED_SELECTED_SUPPLIED_SEMANTICS,Byte-identical to /reference/reference-semantics; fixed selected semantics boundary.
reference-semantics/semantics/float.k,5dfeee8700c90c3aa6dc515b15b74283882845fb6cdcc3627d97ef650124b70f,251,251,rule,ordinary-rule,"rule <k> #iterYield(V:Val, R:Iterable) ~> #minCont0 => #minAccF(R, {V}:>Float) ... </k> requires isFloat(V)",ACCEPTED_SELECTED_SUPPLIED_SEMANTICS,Byte-identical to /reference/reference-semantics; fixed selected semantics boundary.
reference-semantics/semantics/float.k,5dfeee8700c90c3aa6dc515b15b74283882845fb6cdcc3627d97ef650124b70f,252,252,rule,ordinary-rule,"rule <k> #minAccF(IT:Iterable, M:Float) => #iterNext(IT) ~> #minContF(M) ... </k>",ACCEPTED_SELECTED_SUPPLIED_SEMANTICS,Byte-identical to /reference/reference-semantics; fixed selected semantics boundary.
reference-semantics/semantics/float.k,5dfeee8700c90c3aa6dc515b15b74283882845fb6cdcc3627d97ef650124b70f,253,253,rule,ordinary-rule,rule <k> #iterDone ~> #minContF(M:Float) => M ... </k>,ACCEPTED_SELECTED_SUPPLIED_SEMANTICS,Byte-identical to /reference/reference-semantics; fixed selected semantics boundary.
reference-semantics/semantics/float.k,5dfeee8700c90c3aa6dc515b15b74283882845fb6cdcc3627d97ef650124b70f,254,260,rule,concrete;ordinary-rule,"rule <k> #iterYield(V:Val, R:Iterable) ~> #minContF(M:Float) => #minAccF(R, minFloat(M, {V}:>Float)) ... </k> requires isFloat(V)",ACCEPTED_SELECTED_SUPPLIED_SEMANTICS,Byte-identical to /reference/reference-semantics; fixed selected semantics boundary.
reference-semantics/semantics/float.k,5dfeee8700c90c3aa6dc515b15b74283882845fb6cdcc3627d97ef650124b70f,261,261,syntax,,"syntax KItem ::= #sumAccF(Iterable, Float) | #sumContF(Float)",ACCEPTED_SELECTED_SUPPLIED_SEMANTICS,Byte-identical to /reference/reference-semantics; fixed selected semantics boundary.
reference-semantics/semantics/float.k,5dfeee8700c90c3aa6dc515b15b74283882845fb6cdcc3627d97ef650124b70f,262,264,rule,ordinary-rule,"rule <k> #iterYield(V:Val, R:Iterable) ~> #sumCont(ACC:Int) => #sumAccF(R, addF(intToF(ACC), {V}:>Float)) ... </k>",ACCEPTED_SELECTED_SUPPLIED_SEMANTICS,Byte-identical to /reference/reference-semantics; fixed selected semantics boundary.
reference-semantics/semantics/float.k,5dfeee8700c90c3aa6dc515b15b74283882845fb6cdcc3627d97ef650124b70f,265,265,rule,ordinary-rule,"rule <k> #sumAccF(IT:Iterable, ACC:Float) => #iterNext(IT) ~> #sumContF(ACC) ... </k>",ACCEPTED_SELECTED_SUPPLIED_SEMANTICS,Byte-identical to /reference/reference-semantics; fixed selected semantics boundary.
reference-semantics/semantics/float.k,5dfeee8700c90c3aa6dc515b15b74283882845fb6cdcc3627d97ef650124b70f,266,266,rule,ordinary-rule,rule <k> #iterDone ~> #sumContF(ACC:Float) => ACC ... </k>,ACCEPTED_SELECTED_SUPPLIED_SEMANTICS,Byte-identical to /reference/reference-semantics; fixed selected semantics boundary.
reference-semantics/semantics/float.k,5dfeee8700c90c3aa6dc515b15b74283882845fb6cdcc3627d97ef650124b70f,267,269,rule,ordinary-rule,"rule <k> #iterYield(V:Val, R:Iterable) ~> #sumContF(ACC:Float) => #sumAccF(R, addF(ACC, {V}:>Float)) ... </k>",ACCEPTED_SELECTED_SUPPLIED_SEMANTICS,Byte-identical to /reference/reference-semantics; fixed selected semantics boundary.
reference-semantics/semantics/float.k,5dfeee8700c90c3aa6dc515b15b74283882845fb6cdcc3627d97ef650124b70f,270,272,rule,ordinary-rule,"rule <k> #iterYield(V:Val, R:Iterable) ~> #sumContF(ACC:Float) => #sumAccF(R, addF(ACC, intToF(intOf(V)))) ... </k>",ACCEPTED_SELECTED_SUPPLIED_SEMANTICS,Byte-identical to /reference/reference-semantics; fixed selected semantics boundary.
reference-semantics/semantics/float.k,5dfeee8700c90c3aa6dc515b15b74283882845fb6cdcc3627d97ef650124b70f,273,273,endmodule,,endmodule,ACCEPTED_SELECTED_SUPPLIED_SEMANTICS,Byte-identical to /reference/reference-semantics; fixed selected semantics boundary.
reference-semantics/semantics/functions.k,e4c8f67741117b29703c3c61d48a5b0f92cf7bd531e78e25c03e794a910ac193,3,3,module,,module MPY-FUNCTIONS,ACCEPTED_SELECTED_SUPPLIED_SEMANTICS,Byte-identical to /reference/reference-semantics; fixed selected semantics boundary.
reference-semantics/semantics/functions.k,e4c8f67741117b29703c3c61d48a5b0f92cf7bd531e78e25c03e794a910ac193,4,7,imports,,imports MPY-CORE ,ACCEPTED_SELECTED_SUPPLIED_SEMANTICS,Byte-identical to /reference/reference-semantics; fixed selected semantics boundary.
reference-semantics/semantics/functions.k,e4c8f67741117b29703c3c61d48a5b0f92cf7bd531e78e25c03e794a910ac193,8,13,syntax,,"syntax KItem ::= frame(continuation: K, callerEnv: Int, savedLoc: Int) | #bindP(ParamNames, Vals)",ACCEPTED_SELECTED_SUPPLIED_SEMANTICS,Byte-identical to /reference/reference-semantics; fixed selected semantics boundary.
reference-semantics/semantics/functions.k,e4c8f67741117b29703c3c61d48a5b0f92cf7bd531e78e25c03e794a910ac193,14,16,rule,ordinary-rule,"rule <k> FuncDef(F:String, Params(PNS:ParamNames), BODY:Stmts) => .K ... </k> <env> L:Int </env>",ACCEPTED_SELECTED_SUPPLIED_SEMANTICS,Byte-identical to /reference/reference-semantics; fixed selected semantics boundary.
reference-semantics/semantics/functions.k,e4c8f67741117b29703c3c61d48a5b0f92cf7bd531e78e25c03e794a910ac193,18,18,syntax,,"syntax Expr ::= closureExpr(ParamNames, Stmts)",ACCEPTED_SELECTED_SUPPLIED_SEMANTICS,Byte-identical to /reference/reference-semantics; fixed selected semantics boundary.
reference-semantics/semantics/functions.k,e4c8f67741117b29703c3c61d48a5b0f92cf7bd531e78e25c03e794a910ac193,19,26,rule,ordinary-rule,"rule <k> closureExpr(PNS:ParamNames, BODY:Stmts) => closureVal(PNS, BODY, L) ... </k> <env> L:Int </env>",ACCEPTED_SELECTED_SUPPLIED_SEMANTICS,Byte-identical to /reference/reference-semantics; fixed selected semantics boundary.
reference-semantics/semantics/functions.k,e4c8f67741117b29703c3c61d48a5b0f92cf7bd531e78e25c03e794a910ac193,27,30,syntax,,"syntax Val ::= closureValC(ParamNames, ParamNames, Stmts, Map) ",ACCEPTED_SELECTED_SUPPLIED_SEMANTICS,Byte-identical to /reference/reference-semantics; fixed selected semantics boundary.
reference-semantics/semantics/functions.k,e4c8f67741117b29703c3c61d48a5b0f92cf7bd531e78e25c03e794a910ac193,31,32,syntax,,"syntax KItem ::= #mkClosure(String, ParamNames, ParamNames, ParamNames, Stmts, Map) | #mkLambda(ParamNames, ParamNames, ParamNames, Stmts, Map)",ACCEPTED_SELECTED_SUPPLIED_SEMANTICS,Byte-identical to /reference/reference-semantics; fixed selected semantics boundary.
reference-semantics/semantics/functions.k,e4c8f67741117b29703c3c61d48a5b0f92cf7bd531e78e25c03e794a910ac193,33,35,rule,ordinary-rule,"rule <k> FuncDef(F:String, Params(PNS:ParamNames), CellVars(CVS:ParamNames), FreeVars(FVS:ParamNames), BODY:Stmts)",ACCEPTED_SELECTED_SUPPLIED_SEMANTICS,Byte-identical to /reference/reference-semantics; fixed selected semantics boundary.
reference-semantics/semantics/functions.k,e4c8f67741117b29703c3c61d48a5b0f92cf7bd531e78e25c03e794a910ac193,36,41,rule,ordinary-rule,"rule <k> #mkClosure(F:String, PNS:ParamNames, CVS:ParamNames, (FV:String, FVR:ParamNames), BODY:Stmts, CM:Map)",ACCEPTED_SELECTED_SUPPLIED_SEMANTICS,Byte-identical to /reference/reference-semantics; fixed selected semantics boundary.
reference-semantics/semantics/functions.k,e4c8f67741117b29703c3c61d48a5b0f92cf7bd531e78e25c03e794a910ac193,42,45,rule,ordinary-rule,"rule <k> #mkClosure(F:String, PNS:ParamNames, CVS:ParamNames, .ParamNames, BODY:Stmts, CM:Map) => .K ... </k>",ACCEPTED_SELECTED_SUPPLIED_SEMANTICS,Byte-identical to /reference/reference-semantics; fixed selected semantics boundary.
reference-semantics/semantics/functions.k,e4c8f67741117b29703c3c61d48a5b0f92cf7bd531e78e25c03e794a910ac193,47,49,rule,ordinary-rule,"rule <k> Lambda(Params(PNS:ParamNames), E:Expr) => closureVal(PNS, Return(E) .Stmts, L) ... </k>",ACCEPTED_SELECTED_SUPPLIED_SEMANTICS,Byte-identical to /reference/reference-semantics; fixed selected semantics boundary.
reference-semantics/semantics/functions.k,e4c8f67741117b29703c3c61d48a5b0f92cf7bd531e78e25c03e794a910ac193,50,52,rule,ordinary-rule,"rule <k> Lambda(Params(PNS:ParamNames), CellVars(CVS:ParamNames), FreeVars(FVS:ParamNames), E:Expr)",ACCEPTED_SELECTED_SUPPLIED_SEMANTICS,Byte-identical to /reference/reference-semantics; fixed selected semantics boundary.
reference-semantics/semantics/functions.k,e4c8f67741117b29703c3c61d48a5b0f92cf7bd531e78e25c03e794a910ac193,53,58,rule,ordinary-rule,"rule <k> #mkLambda(PNS:ParamNames, CVS:ParamNames, (FV:String, FVR:ParamNames), BODY:Stmts, CM:Map)",ACCEPTED_SELECTED_SUPPLIED_SEMANTICS,Byte-identical to /reference/reference-semantics; fixed selected semantics boundary.
reference-semantics/semantics/functions.k,e4c8f67741117b29703c3c61d48a5b0f92cf7bd531e78e25c03e794a910ac193,59,62,rule,ordinary-rule,"rule <k> #mkLambda(PNS:ParamNames, CVS:ParamNames, .ParamNames, BODY:Stmts, CM:Map) => closureValC(PNS, CVS, BODY, CM) ... </k>",ACCEPTED_SELECTED_SUPPLIED_SEMANTICS,Byte-identical to /reference/reference-semantics; fixed selected semantics boundary.
reference-semantics/semantics/functions.k,e4c8f67741117b29703c3c61d48a5b0f92cf7bd531e78e25c03e794a910ac193,63,63,rule,ordinary-rule,"rule <k> #bindP(.ParamNames, .Vals) => .K ... </k>",ACCEPTED_SELECTED_SUPPLIED_SEMANTICS,Byte-identical to /reference/reference-semantics; fixed selected semantics boundary.
reference-semantics/semantics/functions.k,e4c8f67741117b29703c3c61d48a5b0f92cf7bd531e78e25c03e794a910ac193,64,67,rule,ordinary-rule,"rule <k> #bindP((P:String, PS:ParamNames), (V:Val, VS:Vals)) => #bindP(PS, VS) ... </k> <env> L:Int </env>",ACCEPTED_SELECTED_SUPPLIED_SEMANTICS,Byte-identical to /reference/reference-semantics; fixed selected semantics boundary.
reference-semantics/semantics/functions.k,e4c8f67741117b29703c3c61d48a5b0f92cf7bd531e78e25c03e794a910ac193,68,77,rule,priority;strict;ordinary-rule,"rule <k> #bindP((P:String, PS:ParamNames), (V:Val, VS:Vals)) => #cellW({M[P]}:>Val, V) ~> #bindP(PS, VS) ... </k>",ACCEPTED_SELECTED_SUPPLIED_SEMANTICS,Byte-identical to /reference/reference-semantics; fixed selected semantics boundary.
reference-semantics/semantics/functions.k,e4c8f67741117b29703c3c61d48a5b0f92cf7bd531e78e25c03e794a910ac193,78,79,rule,ordinary-rule,rule <k> Return(V:Val) ~> _ => #pop </k> <ret> noRet => retV(V) </ret>,ACCEPTED_SELECTED_SUPPLIED_SEMANTICS,Byte-identical to /reference/reference-semantics; fixed selected semantics boundary.
reference-semantics/semantics/functions.k,e4c8f67741117b29703c3c61d48a5b0f92cf7bd531e78e25c03e794a910ac193,80,84,rule,ordinary-rule,rule <k> #endcall => #pop ... </k> <ret> noRet => retV(noneV) </ret>,ACCEPTED_SELECTED_SUPPLIED_SEMANTICS,Byte-identical to /reference/reference-semantics; fixed selected semantics boundary.
reference-semantics/semantics/functions.k,e4c8f67741117b29703c3c61d48a5b0f92cf7bd531e78e25c03e794a910ac193,85,90,rule,ordinary-rule,rule <k> #pop => V ~> CONT </k> <ret>   retV(V) => noRet </ret>,ACCEPTED_SELECTED_SUPPLIED_SEMANTICS,Byte-identical to /reference/reference-semantics; fixed selected semantics boundary.
reference-semantics/semantics/functions.k,e4c8f67741117b29703c3c61d48a5b0f92cf7bd531e78e25c03e794a910ac193,91,91,endmodule,,endmodule,ACCEPTED_SELECTED_SUPPLIED_SEMANTICS,Byte-identical to /reference/reference-semantics; fixed selected semantics boundary.
reference-semantics/semantics/int.k,dc2da7d81578370651ecb6905b69cb44443cdd8db3869441242b81420382abe5,4,4,module,,module MPY-INT,ACCEPTED_SELECTED_SUPPLIED_SEMANTICS,Byte-identical to /reference/reference-semantics; fixed selected semantics boundary.
reference-semantics/semantics/int.k,dc2da7d81578370651ecb6905b69cb44443cdd8db3869441242b81420382abe5,5,5,imports,,imports MPY-CORE,ACCEPTED_SELECTED_SUPPLIED_SEMANTICS,Byte-identical to /reference/reference-semantics; fixed selected semantics boundary.
reference-semantics/semantics/int.k,dc2da7d81578370651ecb6905b69cb44443cdd8db3869441242b81420382abe5,7,7,rule,ordinary-rule,"rule applyUn(""-"", I:Int) => 0 -Int I",ACCEPTED_SELECTED_SUPPLIED_SEMANTICS,Byte-identical to /reference/reference-semantics; fixed selected semantics boundary.
reference-semantics/semantics/int.k,dc2da7d81578370651ecb6905b69cb44443cdd8db3869441242b81420382abe5,9,10,rule,ordinary-rule,"rule applyBin(""+"",  I1:Int, I2:Int) => I1 +Int I2 // Bool participates in int arithmetic (x += (a == b))",ACCEPTED_SELECTED_SUPPLIED_SEMANTICS,Byte-identical to /reference/reference-semantics; fixed selected semantics boundary.
reference-semantics/semantics/int.k,dc2da7d81578370651ecb6905b69cb44443cdd8db3869441242b81420382abe5,11,11,rule,ordinary-rule,"rule applyBin(""+"",  I:Int, B:Bool) => I +Int #if B #then 1 #else 0 #fi",ACCEPTED_SELECTED_SUPPLIED_SEMANTICS,Byte-identical to /reference/reference-semantics; fixed selected semantics boundary.
reference-semantics/semantics/int.k,dc2da7d81578370651ecb6905b69cb44443cdd8db3869441242b81420382abe5,12,12,rule,ordinary-rule,"rule applyBin(""+"",  B:Bool, I:Int) => #if B #then 1 #else 0 #fi +Int I",ACCEPTED_SELECTED_SUPPLIED_SEMANTICS,Byte-identical to /reference/reference-semantics; fixed selected semantics boundary.
reference-semantics/semantics/int.k,dc2da7d81578370651ecb6905b69cb44443cdd8db3869441242b81420382abe5,13,13,rule,ordinary-rule,"rule applyBin(""-"",  I1:Int, I2:Int) => I1 -Int I2",ACCEPTED_SELECTED_SUPPLIED_SEMANTICS,Byte-identical to /reference/reference-semantics; fixed selected semantics boundary.
reference-semantics/semantics/int.k,dc2da7d81578370651ecb6905b69cb44443cdd8db3869441242b81420382abe5,14,14,rule,ordinary-rule,"rule applyBin(""*"",  I1:Int, I2:Int) => I1 *Int I2",ACCEPTED_SELECTED_SUPPLIED_SEMANTICS,Byte-identical to /reference/reference-semantics; fixed selected semantics boundary.
reference-semantics/semantics/int.k,dc2da7d81578370651ecb6905b69cb44443cdd8db3869441242b81420382abe5,15,15,rule,ordinary-rule,"rule applyBin(""%"",  I1:Int, I2:Int) => pyMod(I1, I2)",ACCEPTED_SELECTED_SUPPLIED_SEMANTICS,Byte-identical to /reference/reference-semantics; fixed selected semantics boundary.
reference-semantics/semantics/int.k,dc2da7d81578370651ecb6905b69cb44443cdd8db3869441242b81420382abe5,16,16,rule,ordinary-rule,"rule applyBin(""//"", I1:Int, I2:Int) => (I1 -Int pyMod(I1, I2)) /Int I2",ACCEPTED_SELECTED_SUPPLIED_SEMANTICS,Byte-identical to /reference/reference-semantics; fixed selected semantics boundary.
reference-semantics/semantics/int.k,dc2da7d81578370651ecb6905b69cb44443cdd8db3869441242b81420382abe5,17,17,rule,ordinary-rule,"rule applyBin(""**"", I1:Int, I2:Int) => I1 ^Int I2 requires I2 >=Int 0",ACCEPTED_SELECTED_SUPPLIED_SEMANTICS,Byte-identical to /reference/reference-semantics; fixed selected semantics boundary.
reference-semantics/semantics/int.k,dc2da7d81578370651ecb6905b69cb44443cdd8db3869441242b81420382abe5,19,19,syntax,function,"syntax Int ::= pyMod(Int, Int) [function]",ACCEPTED_SELECTED_SUPPLIED_SEMANTICS,Byte-identical to /reference/reference-semantics; fixed selected semantics boundary.
reference-semantics/semantics/int.k,dc2da7d81578370651ecb6905b69cb44443cdd8db3869441242b81420382abe5,20,20,rule,ordinary-rule,"rule pyMod(I1:Int, I2:Int) => ((I1 %Int I2) +Int I2) %Int I2",ACCEPTED_SELECTED_SUPPLIED_SEMANTICS,Byte-identical to /reference/reference-semantics; fixed selected semantics boundary.
reference-semantics/semantics/int.k,dc2da7d81578370651ecb6905b69cb44443cdd8db3869441242b81420382abe5,22,22,rule,ordinary-rule,"rule applyCmp(""<"",  I1:Int, I2:Int)   => I1 <Int  I2",ACCEPTED_SELECTED_SUPPLIED_SEMANTICS,Byte-identical to /reference/reference-semantics; fixed selected semantics boundary.
reference-semantics/semantics/int.k,dc2da7d81578370651ecb6905b69cb44443cdd8db3869441242b81420382abe5,23,23,rule,ordinary-rule,"rule applyCmp(""<="", I1:Int, I2:Int)   => I1 <=Int I2",ACCEPTED_SELECTED_SUPPLIED_SEMANTICS,Byte-identical to /reference/reference-semantics; fixed selected semantics boundary.
reference-semantics/semantics/int.k,dc2da7d81578370651ecb6905b69cb44443cdd8db3869441242b81420382abe5,24,24,rule,ordinary-rule,"rule applyCmp("">"",  I1:Int, I2:Int)   => I1 >Int  I2",ACCEPTED_SELECTED_SUPPLIED_SEMANTICS,Byte-identical to /reference/reference-semantics; fixed selected semantics boundary.
reference-semantics/semantics/int.k,dc2da7d81578370651ecb6905b69cb44443cdd8db3869441242b81420382abe5,25,25,rule,ordinary-rule,"rule applyCmp("">="", I1:Int, I2:Int)   => I1 >=Int I2",ACCEPTED_SELECTED_SUPPLIED_SEMANTICS,Byte-identical to /reference/reference-semantics; fixed selected semantics boundary.
reference-semantics/semantics/int.k,dc2da7d81578370651ecb6905b69cb44443cdd8db3869441242b81420382abe5,26,26,rule,ordinary-rule,"rule applyCmp(""=="", I1:Int, I2:Int)   => I1 ==Int I2",ACCEPTED_SELECTED_SUPPLIED_SEMANTICS,Byte-identical to /reference/reference-semantics; fixed selected semantics boundary.
reference-semantics/semantics/int.k,dc2da7d81578370651ecb6905b69cb44443cdd8db3869441242b81420382abe5,27,27,rule,ordinary-rule,"rule applyCmp(""!="", I1:Int, I2:Int)   => I1 =/=Int I2",ACCEPTED_SELECTED_SUPPLIED_SEMANTICS,Byte-identical to /reference/reference-semantics; fixed selected semantics boundary.
reference-semantics/semantics/int.k,dc2da7d81578370651ecb6905b69cb44443cdd8db3869441242b81420382abe5,28,28,endmodule,,endmodule,ACCEPTED_SELECTED_SUPPLIED_SEMANTICS,Byte-identical to /reference/reference-semantics; fixed selected semantics boundary.
reference-semantics/semantics/iter.k,5085db2fed67b7bbd39f6289ec275905aaee742690895d7b3f843f73bd62f77f,6,6,module,,module MPY-ITER,ACCEPTED_SELECTED_SUPPLIED_SEMANTICS,Byte-identical to /reference/reference-semantics; fixed selected semantics boundary.
reference-semantics/semantics/iter.k,5085db2fed67b7bbd39f6289ec275905aaee742690895d7b3f843f73bd62f77f,7,7,imports,,imports MPY-CORE,ACCEPTED_SELECTED_SUPPLIED_SEMANTICS,Byte-identical to /reference/reference-semantics; fixed selected semantics boundary.
reference-semantics/semantics/iter.k,5085db2fed67b7bbd39f6289ec275905aaee742690895d7b3f843f73bd62f77f,8,8,syntax,,"syntax KItem ::= #iterNext(Iterable) | ""#iterDone"" | #iterYield(Val, Iterable)",ACCEPTED_SELECTED_SUPPLIED_SEMANTICS,Byte-identical to /reference/reference-semantics; fixed selected semantics boundary.
reference-semantics/semantics/iter.k,5085db2fed67b7bbd39f6289ec275905aaee742690895d7b3f843f73bd62f77f,9,9,endmodule,,endmodule,ACCEPTED_SELECTED_SUPPLIED_SEMANTICS,Byte-identical to /reference/reference-semantics; fixed selected semantics boundary.
reference-semantics/semantics/list.k,870c72341c25e2c16283726191a71bf5b571ed2995c8ae12e3e2923cdce5a9aa,3,3,module,,module MPY-LIST,ACCEPTED_SELECTED_SUPPLIED_SEMANTICS,Byte-identical to /reference/reference-semantics; fixed selected semantics boundary.
reference-semantics/semantics/list.k,870c72341c25e2c16283726191a71bf5b571ed2995c8ae12e3e2923cdce5a9aa,4,4,imports,,imports MPY-CORE,ACCEPTED_SELECTED_SUPPLIED_SEMANTICS,Byte-identical to /reference/reference-semantics; fixed selected semantics boundary.
reference-semantics/semantics/list.k,870c72341c25e2c16283726191a71bf5b571ed2995c8ae12e3e2923cdce5a9aa,5,5,imports,,imports MPY-ITER,ACCEPTED_SELECTED_SUPPLIED_SEMANTICS,Byte-identical to /reference/reference-semantics; fixed selected semantics boundary.
reference-semantics/semantics/list.k,870c72341c25e2c16283726191a71bf5b571ed2995c8ae12e3e2923cdce5a9aa,6,8,imports,,imports MPY-OPERATORS ,ACCEPTED_SELECTED_SUPPLIED_SEMANTICS,Byte-identical to /reference/reference-semantics; fixed selected semantics boundary.
reference-semantics/semantics/list.k,870c72341c25e2c16283726191a71bf5b571ed2995c8ae12e3e2923cdce5a9aa,9,9,rule,ordinary-rule,rule <k> #iterNext(list(.ValSeq))                => #iterDone ... </k>,ACCEPTED_SELECTED_SUPPLIED_SEMANTICS,Byte-identical to /reference/reference-semantics; fixed selected semantics boundary.
reference-semantics/semantics/list.k,870c72341c25e2c16283726191a71bf5b571ed2995c8ae12e3e2923cdce5a9aa,10,12,rule,ordinary-rule,"rule <k> #iterNext(list(vCons(V:Val, R:ValSeq))) => #iterYield(V, list(R)) ... </k> ",ACCEPTED_SELECTED_SUPPLIED_SEMANTICS,Byte-identical to /reference/reference-semantics; fixed selected semantics boundary.
reference-semantics/semantics/list.k,870c72341c25e2c16283726191a71bf5b571ed2995c8ae12e3e2923cdce5a9aa,13,13,syntax,,"syntax ApplyK ::= ""toList""",ACCEPTED_SELECTED_SUPPLIED_SEMANTICS,Byte-identical to /reference/reference-semantics; fixed selected semantics boundary.
reference-semantics/semantics/list.k,870c72341c25e2c16283726191a71bf5b571ed2995c8ae12e3e2923cdce5a9aa,14,14,rule,ordinary-rule,"rule <k> ListExpr(ES:Exprs) => #evalArgs(ES, .Vals, toList) ... </k>",ACCEPTED_SELECTED_SUPPLIED_SEMANTICS,Byte-identical to /reference/reference-semantics; fixed selected semantics boundary.
reference-semantics/semantics/list.k,870c72341c25e2c16283726191a71bf5b571ed2995c8ae12e3e2923cdce5a9aa,15,17,rule,ordinary-rule,"rule <k> #applyK(toList, ACC:Vals) => #alloc(list(vals2valSeq(ACC))) ... </k> ",ACCEPTED_SELECTED_SUPPLIED_SEMANTICS,Byte-identical to /reference/reference-semantics; fixed selected semantics boundary.
reference-semantics/semantics/list.k,870c72341c25e2c16283726191a71bf5b571ed2995c8ae12e3e2923cdce5a9aa,18,18,syntax,function;total,"syntax ValSeq ::= valSeqConcat(ValSeq, ValSeq) [function, total]",ACCEPTED_SELECTED_SUPPLIED_SEMANTICS,Byte-identical to /reference/reference-semantics; fixed selected semantics boundary.
reference-semantics/semantics/list.k,870c72341c25e2c16283726191a71bf5b571ed2995c8ae12e3e2923cdce5a9aa,19,19,rule,ordinary-rule,"rule valSeqConcat(.ValSeq, T:ValSeq)                => T",ACCEPTED_SELECTED_SUPPLIED_SEMANTICS,Byte-identical to /reference/reference-semantics; fixed selected semantics boundary.
reference-semantics/semantics/list.k,870c72341c25e2c16283726191a71bf5b571ed2995c8ae12e3e2923cdce5a9aa,20,23,rule,priority;ordinary-rule,"rule valSeqConcat(vCons(V:Val, S:ValSeq), T:ValSeq) => vCons(V, valSeqConcat(S, T)) ",ACCEPTED_SELECTED_SUPPLIED_SEMANTICS,Byte-identical to /reference/reference-semantics; fixed selected semantics boundary.
reference-semantics/semantics/list.k,870c72341c25e2c16283726191a71bf5b571ed2995c8ae12e3e2923cdce5a9aa,24,25,rule,priority;ordinary-rule,"rule <k> BinOp(""+"", list(A:ValSeq), list(B:ValSeq)) => #alloc(list(valSeqConcat(A, B))) ... </k> [priority(45)]",ACCEPTED_SELECTED_SUPPLIED_SEMANTICS,Byte-identical to /reference/reference-semantics; fixed selected semantics boundary.
reference-semantics/semantics/list.k,870c72341c25e2c16283726191a71bf5b571ed2995c8ae12e3e2923cdce5a9aa,27,27,rule,ordinary-rule,"rule applyCmp(""=="", list(A:ValSeq), list(B:ValSeq)) => A ==K B",ACCEPTED_SELECTED_SUPPLIED_SEMANTICS,Byte-identical to /reference/reference-semantics; fixed selected semantics boundary.
reference-semantics/semantics/list.k,870c72341c25e2c16283726191a71bf5b571ed2995c8ae12e3e2923cdce5a9aa,28,32,rule,concrete;ordinary-rule,"rule applyCmp(""!="", list(A:ValSeq), list(B:ValSeq)) => notBool (A ==K B) ",ACCEPTED_SELECTED_SUPPLIED_SEMANTICS,Byte-identical to /reference/reference-semantics; fixed selected semantics boundary.
reference-semantics/semantics/list.k,870c72341c25e2c16283726191a71bf5b571ed2995c8ae12e3e2923cdce5a9aa,33,33,syntax,function;total,"syntax Bool ::= hasRefVS(ValSeq) [function, total]",ACCEPTED_SELECTED_SUPPLIED_SEMANTICS,Byte-identical to /reference/reference-semantics; fixed selected semantics boundary.
reference-semantics/semantics/list.k,870c72341c25e2c16283726191a71bf5b571ed2995c8ae12e3e2923cdce5a9aa,34,34,rule,ordinary-rule,rule hasRefVS(.ValSeq)                => false,ACCEPTED_SELECTED_SUPPLIED_SEMANTICS,Byte-identical to /reference/reference-semantics; fixed selected semantics boundary.
reference-semantics/semantics/list.k,870c72341c25e2c16283726191a71bf5b571ed2995c8ae12e3e2923cdce5a9aa,35,35,rule,ordinary-rule,"rule hasRefVS(vCons(V:Val, R:ValSeq)) => isRefV(V) orBool hasRefVS(R)",ACCEPTED_SELECTED_SUPPLIED_SEMANTICS,Byte-identical to /reference/reference-semantics; fixed selected semantics boundary.
reference-semantics/semantics/list.k,870c72341c25e2c16283726191a71bf5b571ed2995c8ae12e3e2923cdce5a9aa,37,38,syntax,function,"syntax Bool ::= deepEqVS(ValSeq, ValSeq, Map) [function] | deepEqV(Val, Val, Map)        [function]",ACCEPTED_SELECTED_SUPPLIED_SEMANTICS,Byte-identical to /reference/reference-semantics; fixed selected semantics boundary.
reference-semantics/semantics/list.k,870c72341c25e2c16283726191a71bf5b571ed2995c8ae12e3e2923cdce5a9aa,39,39,rule,ordinary-rule,"rule deepEqVS(.ValSeq, .ValSeq, _:Map)                   => true",ACCEPTED_SELECTED_SUPPLIED_SEMANTICS,Byte-identical to /reference/reference-semantics; fixed selected semantics boundary.
reference-semantics/semantics/list.k,870c72341c25e2c16283726191a71bf5b571ed2995c8ae12e3e2923cdce5a9aa,40,40,rule,ordinary-rule,"rule deepEqVS(.ValSeq, vCons(_:Val, _:ValSeq), _:Map)    => false",ACCEPTED_SELECTED_SUPPLIED_SEMANTICS,Byte-identical to /reference/reference-semantics; fixed selected semantics boundary.
reference-semantics/semantics/list.k,870c72341c25e2c16283726191a71bf5b571ed2995c8ae12e3e2923cdce5a9aa,41,41,rule,ordinary-rule,"rule deepEqVS(vCons(_:Val, _:ValSeq), .ValSeq, _:Map)    => false",ACCEPTED_SELECTED_SUPPLIED_SEMANTICS,Byte-identical to /reference/reference-semantics; fixed selected semantics boundary.
reference-semantics/semantics/list.k,870c72341c25e2c16283726191a71bf5b571ed2995c8ae12e3e2923cdce5a9aa,42,43,rule,ordinary-rule,"rule deepEqVS(vCons(A:Val, As:ValSeq), vCons(B:Val, Bs:ValSeq), HP:Map) => deepEqV(A, B, HP) andBool deepEqVS(As, Bs, HP)",ACCEPTED_SELECTED_SUPPLIED_SEMANTICS,Byte-identical to /reference/reference-semantics; fixed selected semantics boundary.
reference-semantics/semantics/list.k,870c72341c25e2c16283726191a71bf5b571ed2995c8ae12e3e2923cdce5a9aa,45,46,rule,ordinary-rule,"rule deepEqV(ref(H:Int), B:Val, HP:Map) => deepEqV({HP[H]}:>Val, B, HP) requires H in_keys(HP)",ACCEPTED_SELECTED_SUPPLIED_SEMANTICS,Byte-identical to /reference/reference-semantics; fixed selected semantics boundary.
reference-semantics/semantics/list.k,870c72341c25e2c16283726191a71bf5b571ed2995c8ae12e3e2923cdce5a9aa,47,48,rule,ordinary-rule,"rule deepEqV(A:Val, ref(H:Int), HP:Map) => deepEqV(A, {HP[H]}:>Val, HP) requires notBool isRefV(A) andBool H in_keys(HP)",ACCEPTED_SELECTED_SUPPLIED_SEMANTICS,Byte-identical to /reference/reference-semantics; fixed selected semantics boundary.
reference-semantics/semantics/list.k,870c72341c25e2c16283726191a71bf5b571ed2995c8ae12e3e2923cdce5a9aa,49,49,rule,ordinary-rule,"rule deepEqV(list(A:ValSeq), list(B:ValSeq), HP:Map) => deepEqVS(A, B, HP)",ACCEPTED_SELECTED_SUPPLIED_SEMANTICS,Byte-identical to /reference/reference-semantics; fixed selected semantics boundary.
reference-semantics/semantics/list.k,870c72341c25e2c16283726191a71bf5b571ed2995c8ae12e3e2923cdce5a9aa,50,52,rule,owise;ordinary-rule,"rule deepEqV(A:Val, B:Val, _:Map) => A ==K B [owise] ",ACCEPTED_SELECTED_SUPPLIED_SEMANTICS,Byte-identical to /reference/reference-semantics; fixed selected semantics boundary.
reference-semantics/semantics/list.k,870c72341c25e2c16283726191a71bf5b571ed2995c8ae12e3e2923cdce5a9aa,53,57,rule,priority;ordinary-rule,"rule <k> #applyK(toCall(boundMethodV(ref(H:Int), ""append"")), (V:Val, .Vals)) => noneV ... </k> <heap> ... H |-> list(VS:ValSeq => valSeqConcat(VS, vCons(V, .ValSeq))) ... </heap>",ACCEPTED_SELECTED_SUPPLIED_SEMANTICS,Byte-identical to /reference/reference-semantics; fixed selected semantics boundary.
reference-semantics/semantics/list.k,870c72341c25e2c16283726191a71bf5b571ed2995c8ae12e3e2923cdce5a9aa,58,58,syntax,,"syntax KItem ::= #memberAcc(Val, Iterable) | #memberCont(Val) | ""#notB""",ACCEPTED_SELECTED_SUPPLIED_SEMANTICS,Byte-identical to /reference/reference-semantics; fixed selected semantics boundary.
reference-semantics/semantics/list.k,870c72341c25e2c16283726191a71bf5b571ed2995c8ae12e3e2923cdce5a9aa,59,59,rule,ordinary-rule,"rule <k> Compare(LV:Val, CmpOp(""in"",     list(VS:ValSeq))) => #memberAcc(LV, list(VS)) ... </k>",ACCEPTED_SELECTED_SUPPLIED_SEMANTICS,Byte-identical to /reference/reference-semantics; fixed selected semantics boundary.
reference-semantics/semantics/list.k,870c72341c25e2c16283726191a71bf5b571ed2995c8ae12e3e2923cdce5a9aa,60,60,rule,ordinary-rule,"rule <k> Compare(LV:Val, CmpOp(""not in"", list(VS:ValSeq))) => #memberAcc(LV, list(VS)) ~> #notB ... </k>",ACCEPTED_SELECTED_SUPPLIED_SEMANTICS,Byte-identical to /reference/reference-semantics; fixed selected semantics boundary.
reference-semantics/semantics/list.k,870c72341c25e2c16283726191a71bf5b571ed2995c8ae12e3e2923cdce5a9aa,61,61,rule,ordinary-rule,"rule <k> #memberAcc(V:Val, IT:Iterable) => #iterNext(IT) ~> #memberCont(V) ... </k>",ACCEPTED_SELECTED_SUPPLIED_SEMANTICS,Byte-identical to /reference/reference-semantics; fixed selected semantics boundary.
reference-semantics/semantics/list.k,870c72341c25e2c16283726191a71bf5b571ed2995c8ae12e3e2923cdce5a9aa,62,62,rule,ordinary-rule,rule <k> #iterDone ~> #memberCont(_V:Val) => false ... </k>,ACCEPTED_SELECTED_SUPPLIED_SEMANTICS,Byte-identical to /reference/reference-semantics; fixed selected semantics boundary.
reference-semantics/semantics/list.k,870c72341c25e2c16283726191a71bf5b571ed2995c8ae12e3e2923cdce5a9aa,63,64,rule,ordinary-rule,"rule <k> #iterYield(E:Val, _:Iterable) ~> #memberCont(V:Val) => true ... </k> requires E ==K V",ACCEPTED_SELECTED_SUPPLIED_SEMANTICS,Byte-identical to /reference/reference-semantics; fixed selected semantics boundary.
reference-semantics/semantics/list.k,870c72341c25e2c16283726191a71bf5b571ed2995c8ae12e3e2923cdce5a9aa,65,66,rule,ordinary-rule,"rule <k> #iterYield(E:Val, R:Iterable) ~> #memberCont(V:Val) => #memberAcc(V, R) ... </k> requires notBool (E ==K V)",ACCEPTED_SELECTED_SUPPLIED_SEMANTICS,Byte-identical to /reference/reference-semantics; fixed selected semantics boundary.
reference-semantics/semantics/list.k,870c72341c25e2c16283726191a71bf5b571ed2995c8ae12e3e2923cdce5a9aa,67,67,rule,ordinary-rule,rule <k> B:Bool ~> #notB => notBool B ... </k>,ACCEPTED_SELECTED_SUPPLIED_SEMANTICS,Byte-identical to /reference/reference-semantics; fixed selected semantics boundary.
reference-semantics/semantics/list.k,870c72341c25e2c16283726191a71bf5b571ed2995c8ae12e3e2923cdce5a9aa,68,68,endmodule,,endmodule,ACCEPTED_SELECTED_SUPPLIED_SEMANTICS,Byte-identical to /reference/reference-semantics; fixed selected semantics boundary.
reference-semantics/semantics/methods.k,ff9acc6dab2d1cc99ec4f2d234f27ae4526d752aae62bcfd7f9fd2a0399f7743,3,3,module,,module MPY-METHODS,ACCEPTED_SELECTED_SUPPLIED_SEMANTICS,Byte-identical to /reference/reference-semantics; fixed selected semantics boundary.
reference-semantics/semantics/methods.k,ff9acc6dab2d1cc99ec4f2d234f27ae4526d752aae62bcfd7f9fd2a0399f7743,4,4,imports,,imports MPY-CORE,ACCEPTED_SELECTED_SUPPLIED_SEMANTICS,Byte-identical to /reference/reference-semantics; fixed selected semantics boundary.
reference-semantics/semantics/methods.k,ff9acc6dab2d1cc99ec4f2d234f27ae4526d752aae62bcfd7f9fd2a0399f7743,5,5,imports,,imports K-EQUAL,ACCEPTED_SELECTED_SUPPLIED_SEMANTICS,Byte-identical to /reference/reference-semantics; fixed selected semantics boundary.
reference-semantics/semantics/methods.k,ff9acc6dab2d1cc99ec4f2d234f27ae4526d752aae62bcfd7f9fd2a0399f7743,6,6,imports,,imports MPY-STR,ACCEPTED_SELECTED_SUPPLIED_SEMANTICS,Byte-identical to /reference/reference-semantics; fixed selected semantics boundary.
reference-semantics/semantics/methods.k,ff9acc6dab2d1cc99ec4f2d234f27ae4526d752aae62bcfd7f9fd2a0399f7743,7,9,imports,,imports MPY-LIST ,ACCEPTED_SELECTED_SUPPLIED_SEMANTICS,Byte-identical to /reference/reference-semantics; fixed selected semantics boundary.
reference-semantics/semantics/methods.k,ff9acc6dab2d1cc99ec4f2d234f27ae4526d752aae62bcfd7f9fd2a0399f7743,10,12,syntax,function,"syntax Val ::= applyMethod(Val, String, Vals) [function] ",ACCEPTED_SELECTED_SUPPLIED_SEMANTICS,Byte-identical to /reference/reference-semantics; fixed selected semantics boundary.
reference-semantics/semantics/methods.k,ff9acc6dab2d1cc99ec4f2d234f27ae4526d752aae62bcfd7f9fd2a0399f7743,13,13,rule,ordinary-rule,"rule applyMethod(str(CS:IntSeq), ""isupper"", .Vals) => hasUpper(CS) andBool notBool hasLower(CS)",ACCEPTED_SELECTED_SUPPLIED_SEMANTICS,Byte-identical to /reference/reference-semantics; fixed selected semantics boundary.
reference-semantics/semantics/methods.k,ff9acc6dab2d1cc99ec4f2d234f27ae4526d752aae62bcfd7f9fd2a0399f7743,14,14,rule,ordinary-rule,"rule applyMethod(str(CS:IntSeq), ""islower"", .Vals) => hasLower(CS) andBool notBool hasUpper(CS)",ACCEPTED_SELECTED_SUPPLIED_SEMANTICS,Byte-identical to /reference/reference-semantics; fixed selected semantics boundary.
reference-semantics/semantics/methods.k,ff9acc6dab2d1cc99ec4f2d234f27ae4526d752aae62bcfd7f9fd2a0399f7743,15,15,rule,ordinary-rule,"rule applyMethod(str(CS:IntSeq), ""isalpha"", .Vals) => notBool (CS ==K .IntSeq) andBool allAlpha(CS)",ACCEPTED_SELECTED_SUPPLIED_SEMANTICS,Byte-identical to /reference/reference-semantics; fixed selected semantics boundary.
reference-semantics/semantics/methods.k,ff9acc6dab2d1cc99ec4f2d234f27ae4526d752aae62bcfd7f9fd2a0399f7743,16,18,rule,ordinary-rule,"rule applyMethod(str(CS:IntSeq), ""isdigit"", .Vals) => notBool (CS ==K .IntSeq) andBool allDigit(CS) ",ACCEPTED_SELECTED_SUPPLIED_SEMANTICS,Byte-identical to /reference/reference-semantics; fixed selected semantics boundary.
reference-semantics/semantics/methods.k,ff9acc6dab2d1cc99ec4f2d234f27ae4526d752aae62bcfd7f9fd2a0399f7743,19,19,rule,ordinary-rule,"rule applyMethod(str(CS:IntSeq), ""lower"",    .Vals) => str(mapLower(CS))",ACCEPTED_SELECTED_SUPPLIED_SEMANTICS,Byte-identical to /reference/reference-semantics; fixed selected semantics boundary.
reference-semantics/semantics/methods.k,ff9acc6dab2d1cc99ec4f2d234f27ae4526d752aae62bcfd7f9fd2a0399f7743,20,20,rule,ordinary-rule,"rule applyMethod(str(CS:IntSeq), ""upper"",    .Vals) => str(mapUpper(CS))",ACCEPTED_SELECTED_SUPPLIED_SEMANTICS,Byte-identical to /reference/reference-semantics; fixed selected semantics boundary.
reference-semantics/semantics/methods.k,ff9acc6dab2d1cc99ec4f2d234f27ae4526d752aae62bcfd7f9fd2a0399f7743,21,25,rule,ordinary-rule,"rule applyMethod(str(CS:IntSeq), ""swapcase"", .Vals) => str(mapSwap(CS)) ",ACCEPTED_SELECTED_SUPPLIED_SEMANTICS,Byte-identical to /reference/reference-semantics; fixed selected semantics boundary.
reference-semantics/semantics/methods.k,ff9acc6dab2d1cc99ec4f2d234f27ae4526d752aae62bcfd7f9fd2a0399f7743,26,26,rule,ordinary-rule,"rule applyMethod(str(SEP:IntSeq), ""join"", list(VS:ValSeq), .Vals) => str(joinCodes(SEP, VS))",ACCEPTED_SELECTED_SUPPLIED_SEMANTICS,Byte-identical to /reference/reference-semantics; fixed selected semantics boundary.
reference-semantics/semantics/methods.k,ff9acc6dab2d1cc99ec4f2d234f27ae4526d752aae62bcfd7f9fd2a0399f7743,27,27,syntax,function;total,"syntax IntSeq ::= joinCodes(IntSeq, ValSeq) [function, total]",ACCEPTED_SELECTED_SUPPLIED_SEMANTICS,Byte-identical to /reference/reference-semantics; fixed selected semantics boundary.
reference-semantics/semantics/methods.k,ff9acc6dab2d1cc99ec4f2d234f27ae4526d752aae62bcfd7f9fd2a0399f7743,28,28,rule,ordinary-rule,"rule joinCodes(_:IntSeq, .ValSeq) => .IntSeq",ACCEPTED_SELECTED_SUPPLIED_SEMANTICS,Byte-identical to /reference/reference-semantics; fixed selected semantics boundary.
reference-semantics/semantics/methods.k,ff9acc6dab2d1cc99ec4f2d234f27ae4526d752aae62bcfd7f9fd2a0399f7743,29,29,rule,ordinary-rule,"rule joinCodes(_:IntSeq, vCons(str(CS:IntSeq), .ValSeq)) => CS",ACCEPTED_SELECTED_SUPPLIED_SEMANTICS,Byte-identical to /reference/reference-semantics; fixed selected semantics boundary.
reference-semantics/semantics/methods.k,ff9acc6dab2d1cc99ec4f2d234f27ae4526d752aae62bcfd7f9fd2a0399f7743,30,33,rule,ordinary-rule,"rule joinCodes(SEP:IntSeq, vCons(str(CS:IntSeq), vCons(V:Val, R:ValSeq))) => seqConcat(CS, seqConcat(SEP, joinCodes(SEP, vCons(V, R))))",ACCEPTED_SELECTED_SUPPLIED_SEMANTICS,Byte-identical to /reference/reference-semantics; fixed selected semantics boundary.
reference-semantics/semantics/methods.k,ff9acc6dab2d1cc99ec4f2d234f27ae4526d752aae62bcfd7f9fd2a0399f7743,34,34,rule,ordinary-rule,"rule applyMethod(str(CS:IntSeq), ""count"", str(PC:IntSeq), .Vals) => cntSub(CS, PC)",ACCEPTED_SELECTED_SUPPLIED_SEMANTICS,Byte-identical to /reference/reference-semantics; fixed selected semantics boundary.
reference-semantics/semantics/methods.k,ff9acc6dab2d1cc99ec4f2d234f27ae4526d752aae62bcfd7f9fd2a0399f7743,35,35,syntax,function,"syntax Int ::= cntSub(IntSeq, IntSeq) [function]",ACCEPTED_SELECTED_SUPPLIED_SEMANTICS,Byte-identical to /reference/reference-semantics; fixed selected semantics boundary.
reference-semantics/semantics/methods.k,ff9acc6dab2d1cc99ec4f2d234f27ae4526d752aae62bcfd7f9fd2a0399f7743,36,36,rule,ordinary-rule,"rule cntSub(.IntSeq, _:IntSeq) => 0",ACCEPTED_SELECTED_SUPPLIED_SEMANTICS,Byte-identical to /reference/reference-semantics; fixed selected semantics boundary.
reference-semantics/semantics/methods.k,ff9acc6dab2d1cc99ec4f2d234f27ae4526d752aae62bcfd7f9fd2a0399f7743,37,38,rule,ordinary-rule,"rule cntSub(iCons(C:Int, R:IntSeq), PC:IntSeq) => 1 +Int cntSub(dropIS(iCons(C, R), isLen(PC)), PC) requires strPrefix(PC, iCons(C, R)) andBool isLen(PC) >Int 0",ACCEPTED_SELECTED_SUPPLIED_SEMANTICS,Byte-identical to /reference/reference-semantics; fixed selected semantics boundary.
reference-semantics/semantics/methods.k,ff9acc6dab2d1cc99ec4f2d234f27ae4526d752aae62bcfd7f9fd2a0399f7743,39,40,rule,ordinary-rule,"rule cntSub(iCons(C:Int, R:IntSeq), PC:IntSeq) => cntSub(R, PC) requires notBool strPrefix(PC, iCons(C, R)) orBool isLen(PC) <=Int 0",ACCEPTED_SELECTED_SUPPLIED_SEMANTICS,Byte-identical to /reference/reference-semantics; fixed selected semantics boundary.
reference-semantics/semantics/methods.k,ff9acc6dab2d1cc99ec4f2d234f27ae4526d752aae62bcfd7f9fd2a0399f7743,41,41,syntax,function;total,"syntax IntSeq ::= dropIS(IntSeq, Int) [function, total]",ACCEPTED_SELECTED_SUPPLIED_SEMANTICS,Byte-identical to /reference/reference-semantics; fixed selected semantics boundary.
reference-semantics/semantics/methods.k,ff9acc6dab2d1cc99ec4f2d234f27ae4526d752aae62bcfd7f9fd2a0399f7743,42,42,rule,ordinary-rule,"rule dropIS(S:IntSeq, N:Int) => S requires N <=Int 0",ACCEPTED_SELECTED_SUPPLIED_SEMANTICS,Byte-identical to /reference/reference-semantics; fixed selected semantics boundary.
reference-semantics/semantics/methods.k,ff9acc6dab2d1cc99ec4f2d234f27ae4526d752aae62bcfd7f9fd2a0399f7743,43,43,rule,owise;ordinary-rule,"rule dropIS(.IntSeq, _:Int) => .IntSeq [owise]",ACCEPTED_SELECTED_SUPPLIED_SEMANTICS,Byte-identical to /reference/reference-semantics; fixed selected semantics boundary.
reference-semantics/semantics/methods.k,ff9acc6dab2d1cc99ec4f2d234f27ae4526d752aae62bcfd7f9fd2a0399f7743,44,46,rule,ordinary-rule,"rule dropIS(iCons(_:Int, R:IntSeq), N:Int) => dropIS(R, N -Int 1) requires N >Int 0 ",ACCEPTED_SELECTED_SUPPLIED_SEMANTICS,Byte-identical to /reference/reference-semantics; fixed selected semantics boundary.
reference-semantics/semantics/methods.k,ff9acc6dab2d1cc99ec4f2d234f27ae4526d752aae62bcfd7f9fd2a0399f7743,47,47,rule,ordinary-rule,"rule applyMethod(str(CS:IntSeq), ""strip"", .Vals) => str(revIS(trimWS(revIS(trimWS(CS)))))",ACCEPTED_SELECTED_SUPPLIED_SEMANTICS,Byte-identical to /reference/reference-semantics; fixed selected semantics boundary.
reference-semantics/semantics/methods.k,ff9acc6dab2d1cc99ec4f2d234f27ae4526d752aae62bcfd7f9fd2a0399f7743,48,48,syntax,function;total,"syntax IntSeq ::= trimWS(IntSeq) [function, total]",ACCEPTED_SELECTED_SUPPLIED_SEMANTICS,Byte-identical to /reference/reference-semantics; fixed selected semantics boundary.
reference-semantics/semantics/methods.k,ff9acc6dab2d1cc99ec4f2d234f27ae4526d752aae62bcfd7f9fd2a0399f7743,49,49,rule,ordinary-rule,rule trimWS(.IntSeq) => .IntSeq,ACCEPTED_SELECTED_SUPPLIED_SEMANTICS,Byte-identical to /reference/reference-semantics; fixed selected semantics boundary.
reference-semantics/semantics/methods.k,ff9acc6dab2d1cc99ec4f2d234f27ae4526d752aae62bcfd7f9fd2a0399f7743,50,50,rule,ordinary-rule,"rule trimWS(iCons(C:Int, R:IntSeq)) => trimWS(R) requires isWSC(C)",ACCEPTED_SELECTED_SUPPLIED_SEMANTICS,Byte-identical to /reference/reference-semantics; fixed selected semantics boundary.
reference-semantics/semantics/methods.k,ff9acc6dab2d1cc99ec4f2d234f27ae4526d752aae62bcfd7f9fd2a0399f7743,51,51,rule,ordinary-rule,"rule trimWS(iCons(C:Int, R:IntSeq)) => iCons(C, R) requires notBool isWSC(C)",ACCEPTED_SELECTED_SUPPLIED_SEMANTICS,Byte-identical to /reference/reference-semantics; fixed selected semantics boundary.
reference-semantics/semantics/methods.k,ff9acc6dab2d1cc99ec4f2d234f27ae4526d752aae62bcfd7f9fd2a0399f7743,52,52,syntax,function;total,"syntax IntSeq ::= revIS(IntSeq) [function, total] | revISAcc(IntSeq, IntSeq) [function, total]",ACCEPTED_SELECTED_SUPPLIED_SEMANTICS,Byte-identical to /reference/reference-semantics; fixed selected semantics boundary.
reference-semantics/semantics/methods.k,ff9acc6dab2d1cc99ec4f2d234f27ae4526d752aae62bcfd7f9fd2a0399f7743,53,53,rule,ordinary-rule,"rule revIS(S:IntSeq) => revISAcc(S, .IntSeq)",ACCEPTED_SELECTED_SUPPLIED_SEMANTICS,Byte-identical to /reference/reference-semantics; fixed selected semantics boundary.
reference-semantics/semantics/methods.k,ff9acc6dab2d1cc99ec4f2d234f27ae4526d752aae62bcfd7f9fd2a0399f7743,54,54,rule,ordinary-rule,"rule revISAcc(.IntSeq, A:IntSeq) => A",ACCEPTED_SELECTED_SUPPLIED_SEMANTICS,Byte-identical to /reference/reference-semantics; fixed selected semantics boundary.
reference-semantics/semantics/methods.k,ff9acc6dab2d1cc99ec4f2d234f27ae4526d752aae62bcfd7f9fd2a0399f7743,55,57,rule,ordinary-rule,"rule revISAcc(iCons(C:Int, R:IntSeq), A:IntSeq) => revISAcc(R, iCons(C, A)) ",ACCEPTED_SELECTED_SUPPLIED_SEMANTICS,Byte-identical to /reference/reference-semantics; fixed selected semantics boundary.
reference-semantics/semantics/methods.k,ff9acc6dab2d1cc99ec4f2d234f27ae4526d752aae62bcfd7f9fd2a0399f7743,58,60,rule,ordinary-rule,"rule applyMethod(str(CS:IntSeq), ""encode"", str(_:IntSeq), .Vals) => str(CS) ",ACCEPTED_SELECTED_SUPPLIED_SEMANTICS,Byte-identical to /reference/reference-semantics; fixed selected semantics boundary.
reference-semantics/semantics/methods.k,ff9acc6dab2d1cc99ec4f2d234f27ae4526d752aae62bcfd7f9fd2a0399f7743,61,63,rule,concrete;ordinary-rule,"rule applyMethod(str(XC:IntSeq), ""startswith"", str(PC:IntSeq), .Vals) => startsWith(PC, XC) ",ACCEPTED_SELECTED_SUPPLIED_SEMANTICS,Byte-identical to /reference/reference-semantics; fixed selected semantics boundary.
reference-semantics/semantics/methods.k,ff9acc6dab2d1cc99ec4f2d234f27ae4526d752aae62bcfd7f9fd2a0399f7743,64,64,rule,ordinary-rule,"rule applyMethod(list(VS:ValSeq), ""count"", V:Val, .Vals) => cntOccVS(VS, V)",ACCEPTED_SELECTED_SUPPLIED_SEMANTICS,Byte-identical to /reference/reference-semantics; fixed selected semantics boundary.
reference-semantics/semantics/methods.k,ff9acc6dab2d1cc99ec4f2d234f27ae4526d752aae62bcfd7f9fd2a0399f7743,65,65,syntax,function;total,"syntax Int ::= cntOccVS(ValSeq, Val) [function, total]",ACCEPTED_SELECTED_SUPPLIED_SEMANTICS,Byte-identical to /reference/reference-semantics; fixed selected semantics boundary.
reference-semantics/semantics/methods.k,ff9acc6dab2d1cc99ec4f2d234f27ae4526d752aae62bcfd7f9fd2a0399f7743,66,66,rule,ordinary-rule,"rule cntOccVS(.ValSeq, _:Val)                => 0",ACCEPTED_SELECTED_SUPPLIED_SEMANTICS,Byte-identical to /reference/reference-semantics; fixed selected semantics boundary.
reference-semantics/semantics/methods.k,ff9acc6dab2d1cc99ec4f2d234f27ae4526d752aae62bcfd7f9fd2a0399f7743,67,67,rule,ordinary-rule,"rule cntOccVS(vCons(A:Val, R:ValSeq), V:Val) => 1 +Int cntOccVS(R, V) requires A ==K V",ACCEPTED_SELECTED_SUPPLIED_SEMANTICS,Byte-identical to /reference/reference-semantics; fixed selected semantics boundary.
reference-semantics/semantics/methods.k,ff9acc6dab2d1cc99ec4f2d234f27ae4526d752aae62bcfd7f9fd2a0399f7743,68,71,rule,ordinary-rule,"rule cntOccVS(vCons(A:Val, R:ValSeq), V:Val) => cntOccVS(R, V)        requires notBool (A ==K V) ",ACCEPTED_SELECTED_SUPPLIED_SEMANTICS,Byte-identical to /reference/reference-semantics; fixed selected semantics boundary.
reference-semantics/semantics/methods.k,ff9acc6dab2d1cc99ec4f2d234f27ae4526d752aae62bcfd7f9fd2a0399f7743,72,74,rule,priority;ordinary-rule,"rule <k> #applyK(toCall(boundMethodV(str(CS:IntSeq), ""split"")), .Vals) => #alloc(list(splitWS(CS, .IntSeq, .ValSeq))) ... </k>",ACCEPTED_SELECTED_SUPPLIED_SEMANTICS,Byte-identical to /reference/reference-semantics; fixed selected semantics boundary.
reference-semantics/semantics/methods.k,ff9acc6dab2d1cc99ec4f2d234f27ae4526d752aae62bcfd7f9fd2a0399f7743,75,75,syntax,function,"syntax ValSeq ::= splitWS(IntSeq, IntSeq, ValSeq) [function]  // remaining, current token, result",ACCEPTED_SELECTED_SUPPLIED_SEMANTICS,Byte-identical to /reference/reference-semantics; fixed selected semantics boundary.
reference-semantics/semantics/methods.k,ff9acc6dab2d1cc99ec4f2d234f27ae4526d752aae62bcfd7f9fd2a0399f7743,76,76,rule,ordinary-rule,"rule splitWS(.IntSeq, CUR:IntSeq, ACC:ValSeq) => flushTok(ACC, CUR)",ACCEPTED_SELECTED_SUPPLIED_SEMANTICS,Byte-identical to /reference/reference-semantics; fixed selected semantics boundary.
reference-semantics/semantics/methods.k,ff9acc6dab2d1cc99ec4f2d234f27ae4526d752aae62bcfd7f9fd2a0399f7743,77,78,rule,ordinary-rule,"rule splitWS(iCons(C:Int, R:IntSeq), CUR:IntSeq, ACC:ValSeq) => splitWS(R, .IntSeq, flushTok(ACC, CUR)) requires isWSC(C)",ACCEPTED_SELECTED_SUPPLIED_SEMANTICS,Byte-identical to /reference/reference-semantics; fixed selected semantics boundary.
reference-semantics/semantics/methods.k,ff9acc6dab2d1cc99ec4f2d234f27ae4526d752aae62bcfd7f9fd2a0399f7743,79,81,rule,ordinary-rule,"rule splitWS(iCons(C:Int, R:IntSeq), CUR:IntSeq, ACC:ValSeq) => splitWS(R, seqConcat(CUR, iCons(C, .IntSeq)), ACC) requires notBool isWSC(C)",ACCEPTED_SELECTED_SUPPLIED_SEMANTICS,Byte-identical to /reference/reference-semantics; fixed selected semantics boundary.
reference-semantics/semantics/methods.k,ff9acc6dab2d1cc99ec4f2d234f27ae4526d752aae62bcfd7f9fd2a0399f7743,82,82,syntax,function,"syntax ValSeq ::= flushTok(ValSeq, IntSeq) [function]",ACCEPTED_SELECTED_SUPPLIED_SEMANTICS,Byte-identical to /reference/reference-semantics; fixed selected semantics boundary.
reference-semantics/semantics/methods.k,ff9acc6dab2d1cc99ec4f2d234f27ae4526d752aae62bcfd7f9fd2a0399f7743,83,83,rule,ordinary-rule,"rule flushTok(ACC:ValSeq, .IntSeq)            => ACC",ACCEPTED_SELECTED_SUPPLIED_SEMANTICS,Byte-identical to /reference/reference-semantics; fixed selected semantics boundary.
reference-semantics/semantics/methods.k,ff9acc6dab2d1cc99ec4f2d234f27ae4526d752aae62bcfd7f9fd2a0399f7743,84,84,rule,ordinary-rule,"rule flushTok(ACC:ValSeq, iCons(C:Int, T:IntSeq)) => valSeqConcat(ACC, vCons(str(iCons(C, T)), .ValSeq))",ACCEPTED_SELECTED_SUPPLIED_SEMANTICS,Byte-identical to /reference/reference-semantics; fixed selected semantics boundary.
reference-semantics/semantics/methods.k,ff9acc6dab2d1cc99ec4f2d234f27ae4526d752aae62bcfd7f9fd2a0399f7743,85,85,syntax,function;total,"syntax Bool ::= isWSC(Int) [function, total]",ACCEPTED_SELECTED_SUPPLIED_SEMANTICS,Byte-identical to /reference/reference-semantics; fixed selected semantics boundary.
reference-semantics/semantics/methods.k,ff9acc6dab2d1cc99ec4f2d234f27ae4526d752aae62bcfd7f9fd2a0399f7743,86,88,rule,ordinary-rule,rule isWSC(C:Int) => C ==Int 32 orBool C ==Int 9 orBool C ==Int 10 orBool C ==Int 13 ,ACCEPTED_SELECTED_SUPPLIED_SEMANTICS,Byte-identical to /reference/reference-semantics; fixed selected semantics boundary.
reference-semantics/semantics/methods.k,ff9acc6dab2d1cc99ec4f2d234f27ae4526d752aae62bcfd7f9fd2a0399f7743,89,93,rule,priority;ordinary-rule,"rule <k> #applyK(toCall(boundMethodV(str(CS:IntSeq), ""split"")), (kwV(""sep"", str(S:IntSeq)), .Vals)) => #applyK(toCall(boundMethodV(str(CS), ""split"")), (str(S), .Vals)) ... </k>",ACCEPTED_SELECTED_SUPPLIED_SEMANTICS,Byte-identical to /reference/reference-semantics; fixed selected semantics boundary.
reference-semantics/semantics/methods.k,ff9acc6dab2d1cc99ec4f2d234f27ae4526d752aae62bcfd7f9fd2a0399f7743,94,96,rule,priority;ordinary-rule,"rule <k> #applyK(toCall(boundMethodV(str(CS:IntSeq), ""split"")), (str(iCons(SEP:Int, .IntSeq)), .Vals)) => #alloc(list(splitSep(CS, SEP, .IntSeq))) ... </k>",ACCEPTED_SELECTED_SUPPLIED_SEMANTICS,Byte-identical to /reference/reference-semantics; fixed selected semantics boundary.
reference-semantics/semantics/methods.k,ff9acc6dab2d1cc99ec4f2d234f27ae4526d752aae62bcfd7f9fd2a0399f7743,97,97,syntax,function,"syntax ValSeq ::= splitSep(IntSeq, Int, IntSeq) [function]  // remaining, sep code, current token",ACCEPTED_SELECTED_SUPPLIED_SEMANTICS,Byte-identical to /reference/reference-semantics; fixed selected semantics boundary.
reference-semantics/semantics/methods.k,ff9acc6dab2d1cc99ec4f2d234f27ae4526d752aae62bcfd7f9fd2a0399f7743,98,98,rule,ordinary-rule,"rule splitSep(.IntSeq, _SEP:Int, CUR:IntSeq)              => vCons(str(CUR), .ValSeq)",ACCEPTED_SELECTED_SUPPLIED_SEMANTICS,Byte-identical to /reference/reference-semantics; fixed selected semantics boundary.
reference-semantics/semantics/methods.k,ff9acc6dab2d1cc99ec4f2d234f27ae4526d752aae62bcfd7f9fd2a0399f7743,99,100,rule,ordinary-rule,"rule splitSep(iCons(C:Int, R:IntSeq), SEP:Int, CUR:IntSeq) => vCons(str(CUR), splitSep(R, SEP, .IntSeq)) requires C ==Int SEP",ACCEPTED_SELECTED_SUPPLIED_SEMANTICS,Byte-identical to /reference/reference-semantics; fixed selected semantics boundary.
reference-semantics/semantics/methods.k,ff9acc6dab2d1cc99ec4f2d234f27ae4526d752aae62bcfd7f9fd2a0399f7743,101,102,rule,ordinary-rule,"rule splitSep(iCons(C:Int, R:IntSeq), SEP:Int, CUR:IntSeq) => splitSep(R, SEP, seqConcat(CUR, iCons(C, .IntSeq))) requires notBool (C ==Int SEP)",ACCEPTED_SELECTED_SUPPLIED_SEMANTICS,Byte-identical to /reference/reference-semantics; fixed selected semantics boundary.
reference-semantics/semantics/methods.k,ff9acc6dab2d1cc99ec4f2d234f27ae4526d752aae62bcfd7f9fd2a0399f7743,104,105,rule,ordinary-rule,"rule applyMethod(str(CS:IntSeq), ""replace"", str(iCons(A:Int, .IntSeq)), str(iCons(B:Int, .IntSeq)), .Vals) => str(replaceC(CS, A, B))",ACCEPTED_SELECTED_SUPPLIED_SEMANTICS,Byte-identical to /reference/reference-semantics; fixed selected semantics boundary.
reference-semantics/semantics/methods.k,ff9acc6dab2d1cc99ec4f2d234f27ae4526d752aae62bcfd7f9fd2a0399f7743,106,106,syntax,function;total,"syntax IntSeq ::= replaceC(IntSeq, Int, Int) [function, total]",ACCEPTED_SELECTED_SUPPLIED_SEMANTICS,Byte-identical to /reference/reference-semantics; fixed selected semantics boundary.
reference-semantics/semantics/methods.k,ff9acc6dab2d1cc99ec4f2d234f27ae4526d752aae62bcfd7f9fd2a0399f7743,107,107,rule,ordinary-rule,"rule replaceC(.IntSeq, _:Int, _:Int)             => .IntSeq",ACCEPTED_SELECTED_SUPPLIED_SEMANTICS,Byte-identical to /reference/reference-semantics; fixed selected semantics boundary.
reference-semantics/semantics/methods.k,ff9acc6dab2d1cc99ec4f2d234f27ae4526d752aae62bcfd7f9fd2a0399f7743,108,108,rule,ordinary-rule,"rule replaceC(iCons(C:Int, R:IntSeq), A:Int, B:Int) => iCons(B, replaceC(R, A, B)) requires C ==Int A",ACCEPTED_SELECTED_SUPPLIED_SEMANTICS,Byte-identical to /reference/reference-semantics; fixed selected semantics boundary.
reference-semantics/semantics/methods.k,ff9acc6dab2d1cc99ec4f2d234f27ae4526d752aae62bcfd7f9fd2a0399f7743,109,111,rule,ordinary-rule,"rule replaceC(iCons(C:Int, R:IntSeq), A:Int, B:Int) => iCons(C, replaceC(R, A, B)) requires notBool (C ==Int A) ",ACCEPTED_SELECTED_SUPPLIED_SEMANTICS,Byte-identical to /reference/reference-semantics; fixed selected semantics boundary.
reference-semantics/semantics/methods.k,ff9acc6dab2d1cc99ec4f2d234f27ae4526d752aae62bcfd7f9fd2a0399f7743,112,112,syntax,function;total,"syntax Bool ::= isUpperC(Int) [function, total]",ACCEPTED_SELECTED_SUPPLIED_SEMANTICS,Byte-identical to /reference/reference-semantics; fixed selected semantics boundary.
reference-semantics/semantics/methods.k,ff9acc6dab2d1cc99ec4f2d234f27ae4526d752aae62bcfd7f9fd2a0399f7743,113,113,rule,ordinary-rule,rule isUpperC(C:Int) => C >=Int 65 andBool C <=Int 90,ACCEPTED_SELECTED_SUPPLIED_SEMANTICS,Byte-identical to /reference/reference-semantics; fixed selected semantics boundary.
reference-semantics/semantics/methods.k,ff9acc6dab2d1cc99ec4f2d234f27ae4526d752aae62bcfd7f9fd2a0399f7743,115,115,syntax,function;total,"syntax Bool ::= isLowerC(Int) [function, total]",ACCEPTED_SELECTED_SUPPLIED_SEMANTICS,Byte-identical to /reference/reference-semantics; fixed selected semantics boundary.
reference-semantics/semantics/methods.k,ff9acc6dab2d1cc99ec4f2d234f27ae4526d752aae62bcfd7f9fd2a0399f7743,116,116,rule,ordinary-rule,rule isLowerC(C:Int) => C >=Int 97 andBool C <=Int 122,ACCEPTED_SELECTED_SUPPLIED_SEMANTICS,Byte-identical to /reference/reference-semantics; fixed selected semantics boundary.
reference-semantics/semantics/methods.k,ff9acc6dab2d1cc99ec4f2d234f27ae4526d752aae62bcfd7f9fd2a0399f7743,118,118,syntax,function;total,"syntax Bool ::= isAlphaC(Int) [function, total]",ACCEPTED_SELECTED_SUPPLIED_SEMANTICS,Byte-identical to /reference/reference-semantics; fixed selected semantics boundary.
reference-semantics/semantics/methods.k,ff9acc6dab2d1cc99ec4f2d234f27ae4526d752aae62bcfd7f9fd2a0399f7743,119,119,rule,ordinary-rule,rule isAlphaC(C:Int) => isUpperC(C) orBool isLowerC(C),ACCEPTED_SELECTED_SUPPLIED_SEMANTICS,Byte-identical to /reference/reference-semantics; fixed selected semantics boundary.
reference-semantics/semantics/methods.k,ff9acc6dab2d1cc99ec4f2d234f27ae4526d752aae62bcfd7f9fd2a0399f7743,121,121,syntax,function;total,"syntax Bool ::= isDigitC(Int) [function, total]",ACCEPTED_SELECTED_SUPPLIED_SEMANTICS,Byte-identical to /reference/reference-semantics; fixed selected semantics boundary.
reference-semantics/semantics/methods.k,ff9acc6dab2d1cc99ec4f2d234f27ae4526d752aae62bcfd7f9fd2a0399f7743,122,122,rule,ordinary-rule,rule isDigitC(C:Int) => C >=Int 48 andBool C <=Int 57,ACCEPTED_SELECTED_SUPPLIED_SEMANTICS,Byte-identical to /reference/reference-semantics; fixed selected semantics boundary.
reference-semantics/semantics/methods.k,ff9acc6dab2d1cc99ec4f2d234f27ae4526d752aae62bcfd7f9fd2a0399f7743,124,124,syntax,function;total,"syntax Bool ::= hasUpper(IntSeq) [function, total]",ACCEPTED_SELECTED_SUPPLIED_SEMANTICS,Byte-identical to /reference/reference-semantics; fixed selected semantics boundary.
reference-semantics/semantics/methods.k,ff9acc6dab2d1cc99ec4f2d234f27ae4526d752aae62bcfd7f9fd2a0399f7743,125,125,rule,ordinary-rule,rule hasUpper(.IntSeq) => false,ACCEPTED_SELECTED_SUPPLIED_SEMANTICS,Byte-identical to /reference/reference-semantics; fixed selected semantics boundary.
reference-semantics/semantics/methods.k,ff9acc6dab2d1cc99ec4f2d234f27ae4526d752aae62bcfd7f9fd2a0399f7743,126,126,rule,ordinary-rule,"rule hasUpper(iCons(C:Int, S:IntSeq)) => isUpperC(C) orBool hasUpper(S)",ACCEPTED_SELECTED_SUPPLIED_SEMANTICS,Byte-identical to /reference/reference-semantics; fixed selected semantics boundary.
reference-semantics/semantics/methods.k,ff9acc6dab2d1cc99ec4f2d234f27ae4526d752aae62bcfd7f9fd2a0399f7743,128,128,syntax,function;total,"syntax Bool ::= hasLower(IntSeq) [function, total]",ACCEPTED_SELECTED_SUPPLIED_SEMANTICS,Byte-identical to /reference/reference-semantics; fixed selected semantics boundary.
reference-semantics/semantics/methods.k,ff9acc6dab2d1cc99ec4f2d234f27ae4526d752aae62bcfd7f9fd2a0399f7743,129,129,rule,ordinary-rule,rule hasLower(.IntSeq) => false,ACCEPTED_SELECTED_SUPPLIED_SEMANTICS,Byte-identical to /reference/reference-semantics; fixed selected semantics boundary.
reference-semantics/semantics/methods.k,ff9acc6dab2d1cc99ec4f2d234f27ae4526d752aae62bcfd7f9fd2a0399f7743,130,130,rule,ordinary-rule,"rule hasLower(iCons(C:Int, S:IntSeq)) => isLowerC(C) orBool hasLower(S)",ACCEPTED_SELECTED_SUPPLIED_SEMANTICS,Byte-identical to /reference/reference-semantics; fixed selected semantics boundary.
reference-semantics/semantics/methods.k,ff9acc6dab2d1cc99ec4f2d234f27ae4526d752aae62bcfd7f9fd2a0399f7743,132,132,syntax,function;total,"syntax Bool ::= allAlpha(IntSeq) [function, total]",ACCEPTED_SELECTED_SUPPLIED_SEMANTICS,Byte-identical to /reference/reference-semantics; fixed selected semantics boundary.
reference-semantics/semantics/methods.k,ff9acc6dab2d1cc99ec4f2d234f27ae4526d752aae62bcfd7f9fd2a0399f7743,133,133,rule,ordinary-rule,rule allAlpha(.IntSeq) => true,ACCEPTED_SELECTED_SUPPLIED_SEMANTICS,Byte-identical to /reference/reference-semantics; fixed selected semantics boundary.
reference-semantics/semantics/methods.k,ff9acc6dab2d1cc99ec4f2d234f27ae4526d752aae62bcfd7f9fd2a0399f7743,134,134,rule,ordinary-rule,"rule allAlpha(iCons(C:Int, S:IntSeq)) => isAlphaC(C) andBool allAlpha(S)",ACCEPTED_SELECTED_SUPPLIED_SEMANTICS,Byte-identical to /reference/reference-semantics; fixed selected semantics boundary.
reference-semantics/semantics/methods.k,ff9acc6dab2d1cc99ec4f2d234f27ae4526d752aae62bcfd7f9fd2a0399f7743,136,136,syntax,function;total,"syntax Bool ::= allDigit(IntSeq) [function, total]",ACCEPTED_SELECTED_SUPPLIED_SEMANTICS,Byte-identical to /reference/reference-semantics; fixed selected semantics boundary.
reference-semantics/semantics/methods.k,ff9acc6dab2d1cc99ec4f2d234f27ae4526d752aae62bcfd7f9fd2a0399f7743,137,137,rule,ordinary-rule,rule allDigit(.IntSeq) => true,ACCEPTED_SELECTED_SUPPLIED_SEMANTICS,Byte-identical to /reference/reference-semantics; fixed selected semantics boundary.
reference-semantics/semantics/methods.k,ff9acc6dab2d1cc99ec4f2d234f27ae4526d752aae62bcfd7f9fd2a0399f7743,138,138,rule,ordinary-rule,"rule allDigit(iCons(C:Int, S:IntSeq)) => isDigitC(C) andBool allDigit(S)",ACCEPTED_SELECTED_SUPPLIED_SEMANTICS,Byte-identical to /reference/reference-semantics; fixed selected semantics boundary.
reference-semantics/semantics/methods.k,ff9acc6dab2d1cc99ec4f2d234f27ae4526d752aae62bcfd7f9fd2a0399f7743,140,140,syntax,function;total,"syntax Int ::= lowerC(Int) [function, total]",ACCEPTED_SELECTED_SUPPLIED_SEMANTICS,Byte-identical to /reference/reference-semantics; fixed selected semantics boundary.
reference-semantics/semantics/methods.k,ff9acc6dab2d1cc99ec4f2d234f27ae4526d752aae62bcfd7f9fd2a0399f7743,142,142,rule,ordinary-rule,rule lowerC(C:Int) => C +Int 32 requires isUpperC(C),ACCEPTED_SELECTED_SUPPLIED_SEMANTICS,Byte-identical to /reference/reference-semantics; fixed selected semantics boundary.
reference-semantics/semantics/methods.k,ff9acc6dab2d1cc99ec4f2d234f27ae4526d752aae62bcfd7f9fd2a0399f7743,143,143,rule,owise;ordinary-rule,rule lowerC(C:Int) => C         [owise],ACCEPTED_SELECTED_SUPPLIED_SEMANTICS,Byte-identical to /reference/reference-semantics; fixed selected semantics boundary.
reference-semantics/semantics/methods.k,ff9acc6dab2d1cc99ec4f2d234f27ae4526d752aae62bcfd7f9fd2a0399f7743,145,145,syntax,function;total,"syntax Int ::= upperC(Int) [function, total]",ACCEPTED_SELECTED_SUPPLIED_SEMANTICS,Byte-identical to /reference/reference-semantics; fixed selected semantics boundary.
reference-semantics/semantics/methods.k,ff9acc6dab2d1cc99ec4f2d234f27ae4526d752aae62bcfd7f9fd2a0399f7743,146,146,rule,ordinary-rule,rule upperC(C:Int) => C -Int 32 requires isLowerC(C),ACCEPTED_SELECTED_SUPPLIED_SEMANTICS,Byte-identical to /reference/reference-semantics; fixed selected semantics boundary.
reference-semantics/semantics/methods.k,ff9acc6dab2d1cc99ec4f2d234f27ae4526d752aae62bcfd7f9fd2a0399f7743,147,147,rule,owise;ordinary-rule,rule upperC(C:Int) => C         [owise],ACCEPTED_SELECTED_SUPPLIED_SEMANTICS,Byte-identical to /reference/reference-semantics; fixed selected semantics boundary.
reference-semantics/semantics/methods.k,ff9acc6dab2d1cc99ec4f2d234f27ae4526d752aae62bcfd7f9fd2a0399f7743,149,149,syntax,function;total,"syntax Int ::= swapC(Int) [function, total]",ACCEPTED_SELECTED_SUPPLIED_SEMANTICS,Byte-identical to /reference/reference-semantics; fixed selected semantics boundary.
reference-semantics/semantics/methods.k,ff9acc6dab2d1cc99ec4f2d234f27ae4526d752aae62bcfd7f9fd2a0399f7743,150,150,rule,ordinary-rule,rule swapC(C:Int) => C +Int 32 requires isUpperC(C),ACCEPTED_SELECTED_SUPPLIED_SEMANTICS,Byte-identical to /reference/reference-semantics; fixed selected semantics boundary.
reference-semantics/semantics/methods.k,ff9acc6dab2d1cc99ec4f2d234f27ae4526d752aae62bcfd7f9fd2a0399f7743,151,151,rule,ordinary-rule,rule swapC(C:Int) => C -Int 32 requires isLowerC(C),ACCEPTED_SELECTED_SUPPLIED_SEMANTICS,Byte-identical to /reference/reference-semantics; fixed selected semantics boundary.
reference-semantics/semantics/methods.k,ff9acc6dab2d1cc99ec4f2d234f27ae4526d752aae62bcfd7f9fd2a0399f7743,152,152,rule,owise;ordinary-rule,rule swapC(C:Int) => C         [owise],ACCEPTED_SELECTED_SUPPLIED_SEMANTICS,Byte-identical to /reference/reference-semantics; fixed selected semantics boundary.
reference-semantics/semantics/methods.k,ff9acc6dab2d1cc99ec4f2d234f27ae4526d752aae62bcfd7f9fd2a0399f7743,154,154,syntax,function;total,"syntax IntSeq ::= mapLower(IntSeq) [function, total]",ACCEPTED_SELECTED_SUPPLIED_SEMANTICS,Byte-identical to /reference/reference-semantics; fixed selected semantics boundary.
reference-semantics/semantics/methods.k,ff9acc6dab2d1cc99ec4f2d234f27ae4526d752aae62bcfd7f9fd2a0399f7743,155,155,rule,ordinary-rule,rule mapLower(.IntSeq) => .IntSeq,ACCEPTED_SELECTED_SUPPLIED_SEMANTICS,Byte-identical to /reference/reference-semantics; fixed selected semantics boundary.
reference-semantics/semantics/methods.k,ff9acc6dab2d1cc99ec4f2d234f27ae4526d752aae62bcfd7f9fd2a0399f7743,156,156,rule,ordinary-rule,"rule mapLower(iCons(C:Int, S:IntSeq)) => iCons(lowerC(C), mapLower(S))",ACCEPTED_SELECTED_SUPPLIED_SEMANTICS,Byte-identical to /reference/reference-semantics; fixed selected semantics boundary.
reference-semantics/semantics/methods.k,ff9acc6dab2d1cc99ec4f2d234f27ae4526d752aae62bcfd7f9fd2a0399f7743,158,158,syntax,function;total,"syntax IntSeq ::= mapUpper(IntSeq) [function, total]",ACCEPTED_SELECTED_SUPPLIED_SEMANTICS,Byte-identical to /reference/reference-semantics; fixed selected semantics boundary.
reference-semantics/semantics/methods.k,ff9acc6dab2d1cc99ec4f2d234f27ae4526d752aae62bcfd7f9fd2a0399f7743,159,159,rule,ordinary-rule,rule mapUpper(.IntSeq) => .IntSeq,ACCEPTED_SELECTED_SUPPLIED_SEMANTICS,Byte-identical to /reference/reference-semantics; fixed selected semantics boundary.
reference-semantics/semantics/methods.k,ff9acc6dab2d1cc99ec4f2d234f27ae4526d752aae62bcfd7f9fd2a0399f7743,160,160,rule,ordinary-rule,"rule mapUpper(iCons(C:Int, S:IntSeq)) => iCons(upperC(C), mapUpper(S))",ACCEPTED_SELECTED_SUPPLIED_SEMANTICS,Byte-identical to /reference/reference-semantics; fixed selected semantics boundary.
reference-semantics/semantics/methods.k,ff9acc6dab2d1cc99ec4f2d234f27ae4526d752aae62bcfd7f9fd2a0399f7743,162,162,syntax,function;total,"syntax IntSeq ::= mapSwap(IntSeq) [function, total]",ACCEPTED_SELECTED_SUPPLIED_SEMANTICS,Byte-identical to /reference/reference-semantics; fixed selected semantics boundary.
reference-semantics/semantics/methods.k,ff9acc6dab2d1cc99ec4f2d234f27ae4526d752aae62bcfd7f9fd2a0399f7743,163,163,rule,ordinary-rule,rule mapSwap(.IntSeq) => .IntSeq,ACCEPTED_SELECTED_SUPPLIED_SEMANTICS,Byte-identical to /reference/reference-semantics; fixed selected semantics boundary.
reference-semantics/semantics/methods.k,ff9acc6dab2d1cc99ec4f2d234f27ae4526d752aae62bcfd7f9fd2a0399f7743,164,164,rule,ordinary-rule,"rule mapSwap(iCons(C:Int, S:IntSeq)) => iCons(swapC(C), mapSwap(S))",ACCEPTED_SELECTED_SUPPLIED_SEMANTICS,Byte-identical to /reference/reference-semantics; fixed selected semantics boundary.
reference-semantics/semantics/methods.k,ff9acc6dab2d1cc99ec4f2d234f27ae4526d752aae62bcfd7f9fd2a0399f7743,166,166,syntax,function;total,"syntax Bool ::= startsWith(IntSeq, IntSeq) [function, total]",ACCEPTED_SELECTED_SUPPLIED_SEMANTICS,Byte-identical to /reference/reference-semantics; fixed selected semantics boundary.
reference-semantics/semantics/methods.k,ff9acc6dab2d1cc99ec4f2d234f27ae4526d752aae62bcfd7f9fd2a0399f7743,167,167,rule,ordinary-rule,"rule startsWith(.IntSeq, _:IntSeq)               => true",ACCEPTED_SELECTED_SUPPLIED_SEMANTICS,Byte-identical to /reference/reference-semantics; fixed selected semantics boundary.
reference-semantics/semantics/methods.k,ff9acc6dab2d1cc99ec4f2d234f27ae4526d752aae62bcfd7f9fd2a0399f7743,168,168,rule,ordinary-rule,"rule startsWith(iCons(_:Int, _:IntSeq), .IntSeq) => false",ACCEPTED_SELECTED_SUPPLIED_SEMANTICS,Byte-identical to /reference/reference-semantics; fixed selected semantics boundary.
reference-semantics/semantics/methods.k,ff9acc6dab2d1cc99ec4f2d234f27ae4526d752aae62bcfd7f9fd2a0399f7743,169,169,rule,ordinary-rule,"rule startsWith(iCons(A:Int, As:IntSeq), iCons(B:Int, Bs:IntSeq)) => A ==Int B andBool startsWith(As, Bs)",ACCEPTED_SELECTED_SUPPLIED_SEMANTICS,Byte-identical to /reference/reference-semantics; fixed selected semantics boundary.
reference-semantics/semantics/methods.k,ff9acc6dab2d1cc99ec4f2d234f27ae4526d752aae62bcfd7f9fd2a0399f7743,170,170,endmodule,,endmodule,ACCEPTED_SELECTED_SUPPLIED_SEMANTICS,Byte-identical to /reference/reference-semantics; fixed selected semantics boundary.
reference-semantics/semantics/operators.k,f3d1fd85734f5e1757307e606cbfb8d6d4bf0893ee85ce20ec99606ade910e8b,6,6,module,,module MPY-OPERATORS,ACCEPTED_SELECTED_SUPPLIED_SEMANTICS,Byte-identical to /reference/reference-semantics; fixed selected semantics boundary.
reference-semantics/semantics/operators.k,f3d1fd85734f5e1757307e606cbfb8d6d4bf0893ee85ce20ec99606ade910e8b,7,7,imports,,imports MPY-CORE,ACCEPTED_SELECTED_SUPPLIED_SEMANTICS,Byte-identical to /reference/reference-semantics; fixed selected semantics boundary.
reference-semantics/semantics/operators.k,f3d1fd85734f5e1757307e606cbfb8d6d4bf0893ee85ce20ec99606ade910e8b,8,8,imports,,imports MPY-ITER,ACCEPTED_SELECTED_SUPPLIED_SEMANTICS,Byte-identical to /reference/reference-semantics; fixed selected semantics boundary.
reference-semantics/semantics/operators.k,f3d1fd85734f5e1757307e606cbfb8d6d4bf0893ee85ce20ec99606ade910e8b,10,10,rule,ordinary-rule,"rule <k> UnaryOp(OP:String, V:Val) => applyUn(OP, V) ... </k>",ACCEPTED_SELECTED_SUPPLIED_SEMANTICS,Byte-identical to /reference/reference-semantics; fixed selected semantics boundary.
reference-semantics/semantics/operators.k,f3d1fd85734f5e1757307e606cbfb8d6d4bf0893ee85ce20ec99606ade910e8b,12,14,rule,ordinary-rule,"rule <k> BinOp(OP:String, L:Val, R:Val) => applyBin(OP, L, R) ... </k> ",ACCEPTED_SELECTED_SUPPLIED_SEMANTICS,Byte-identical to /reference/reference-semantics; fixed selected semantics boundary.
reference-semantics/semantics/operators.k,f3d1fd85734f5e1757307e606cbfb8d6d4bf0893ee85ce20ec99606ade910e8b,15,15,context,,"context Compare(HOLE, _)",ACCEPTED_SELECTED_SUPPLIED_SEMANTICS,Byte-identical to /reference/reference-semantics; fixed selected semantics boundary.
reference-semantics/semantics/operators.k,f3d1fd85734f5e1757307e606cbfb8d6d4bf0893ee85ce20ec99606ade910e8b,16,16,context,,"context Compare(_:Val, CmpOp(_, HOLE))",ACCEPTED_SELECTED_SUPPLIED_SEMANTICS,Byte-identical to /reference/reference-semantics; fixed selected semantics boundary.
reference-semantics/semantics/operators.k,f3d1fd85734f5e1757307e606cbfb8d6d4bf0893ee85ce20ec99606ade910e8b,17,17,rule,owise;ordinary-rule,"rule <k> Compare(LV:Val, CmpOp(OP:String, RV:Val)) => applyCmp(OP, LV, RV) ... </k> [owise]",ACCEPTED_SELECTED_SUPPLIED_SEMANTICS,Byte-identical to /reference/reference-semantics; fixed selected semantics boundary.
reference-semantics/semantics/operators.k,f3d1fd85734f5e1757307e606cbfb8d6d4bf0893ee85ce20ec99606ade910e8b,19,19,rule,ordinary-rule,"rule applyCmp(""is"",     V:Val, noneV) => V ==K noneV",ACCEPTED_SELECTED_SUPPLIED_SEMANTICS,Byte-identical to /reference/reference-semantics; fixed selected semantics boundary.
reference-semantics/semantics/operators.k,f3d1fd85734f5e1757307e606cbfb8d6d4bf0893ee85ce20ec99606ade910e8b,20,24,rule,priority;ordinary-rule,"rule applyCmp(""is not"", V:Val, noneV) => notBool (V ==K noneV) ",ACCEPTED_SELECTED_SUPPLIED_SEMANTICS,Byte-identical to /reference/reference-semantics; fixed selected semantics boundary.
reference-semantics/semantics/operators.k,f3d1fd85734f5e1757307e606cbfb8d6d4bf0893ee85ce20ec99606ade910e8b,25,27,rule,priority;ordinary-rule,"rule <k> BinOp(OP:String, ref(H:Int), R:Expr) => BinOp(OP, V, R) ... </k> <heap> ... H |-> V:Val ... </heap>",ACCEPTED_SELECTED_SUPPLIED_SEMANTICS,Byte-identical to /reference/reference-semantics; fixed selected semantics boundary.
reference-semantics/semantics/operators.k,f3d1fd85734f5e1757307e606cbfb8d6d4bf0893ee85ce20ec99606ade910e8b,28,33,rule,priority;ordinary-rule,"rule <k> BinOp(OP:String, L:Val, ref(H:Int)) => BinOp(OP, L, V) ... </k> <heap> ... H |-> V:Val ... </heap>",ACCEPTED_SELECTED_SUPPLIED_SEMANTICS,Byte-identical to /reference/reference-semantics; fixed selected semantics boundary.
reference-semantics/semantics/operators.k,f3d1fd85734f5e1757307e606cbfb8d6d4bf0893ee85ce20ec99606ade910e8b,34,37,rule,priority;ordinary-rule,"rule <k> Compare(ref(H:Int), CmpOp(OP:String, R:Expr)) => Compare(V, CmpOp(OP, R)) ... </k> <heap> ... H |-> V:Val ... </heap>",ACCEPTED_SELECTED_SUPPLIED_SEMANTICS,Byte-identical to /reference/reference-semantics; fixed selected semantics boundary.
reference-semantics/semantics/operators.k,f3d1fd85734f5e1757307e606cbfb8d6d4bf0893ee85ce20ec99606ade910e8b,38,42,rule,priority;ordinary-rule,"rule <k> Compare(L:Val, CmpOp(OP:String, ref(H:Int))) => Compare(L, CmpOp(OP, V)) ... </k> <heap> ... H |-> V:Val ... </heap>",ACCEPTED_SELECTED_SUPPLIED_SEMANTICS,Byte-identical to /reference/reference-semantics; fixed selected semantics boundary.
reference-semantics/semantics/operators.k,f3d1fd85734f5e1757307e606cbfb8d6d4bf0893ee85ce20ec99606ade910e8b,44,46,rule,priority;ordinary-rule,"rule <k> UnaryOp(OP:String, ref(H:Int)) => UnaryOp(OP, V) ... </k> <heap> ... H |-> V:Val ... </heap>",ACCEPTED_SELECTED_SUPPLIED_SEMANTICS,Byte-identical to /reference/reference-semantics; fixed selected semantics boundary.
reference-semantics/semantics/operators.k,f3d1fd85734f5e1757307e606cbfb8d6d4bf0893ee85ce20ec99606ade910e8b,47,47,endmodule,,endmodule,ACCEPTED_SELECTED_SUPPLIED_SEMANTICS,Byte-identical to /reference/reference-semantics; fixed selected semantics boundary.
reference-semantics/semantics/range.k,810e4c04b757445c03592aef25c97d6b2cc7c6fffa646288bc6cd15a3cae643d,5,5,module,,module MPY-RANGE,ACCEPTED_SELECTED_SUPPLIED_SEMANTICS,Byte-identical to /reference/reference-semantics; fixed selected semantics boundary.
reference-semantics/semantics/range.k,810e4c04b757445c03592aef25c97d6b2cc7c6fffa646288bc6cd15a3cae643d,6,6,imports,,imports MPY-CORE,ACCEPTED_SELECTED_SUPPLIED_SEMANTICS,Byte-identical to /reference/reference-semantics; fixed selected semantics boundary.
reference-semantics/semantics/range.k,810e4c04b757445c03592aef25c97d6b2cc7c6fffa646288bc6cd15a3cae643d,7,7,imports,,imports MPY-ITER,ACCEPTED_SELECTED_SUPPLIED_SEMANTICS,Byte-identical to /reference/reference-semantics; fixed selected semantics boundary.
reference-semantics/semantics/range.k,810e4c04b757445c03592aef25c97d6b2cc7c6fffa646288bc6cd15a3cae643d,9,9,syntax,function;total,"syntax Bool ::= inRange(Int, Int, Int) [function, total]",ACCEPTED_SELECTED_SUPPLIED_SEMANTICS,Byte-identical to /reference/reference-semantics; fixed selected semantics boundary.
reference-semantics/semantics/range.k,810e4c04b757445c03592aef25c97d6b2cc7c6fffa646288bc6cd15a3cae643d,10,10,rule,ordinary-rule,"rule inRange(I:Int, HI:Int, ST:Int) => (ST >Int 0 andBool I <Int HI) orBool (ST <Int 0 andBool I >Int HI)",ACCEPTED_SELECTED_SUPPLIED_SEMANTICS,Byte-identical to /reference/reference-semantics; fixed selected semantics boundary.
reference-semantics/semantics/range.k,810e4c04b757445c03592aef25c97d6b2cc7c6fffa646288bc6cd15a3cae643d,12,12,syntax,function,"syntax Int ::= rangeLen(Int, Int, Int) [function]",ACCEPTED_SELECTED_SUPPLIED_SEMANTICS,Byte-identical to /reference/reference-semantics; fixed selected semantics boundary.
reference-semantics/semantics/range.k,810e4c04b757445c03592aef25c97d6b2cc7c6fffa646288bc6cd15a3cae643d,13,14,rule,ordinary-rule,"rule rangeLen(LO:Int, HI:Int, ST:Int) => (HI -Int LO +Int ST -Int 1) /Int ST requires ST >Int 0 andBool HI >Int LO",ACCEPTED_SELECTED_SUPPLIED_SEMANTICS,Byte-identical to /reference/reference-semantics; fixed selected semantics boundary.
reference-semantics/semantics/range.k,810e4c04b757445c03592aef25c97d6b2cc7c6fffa646288bc6cd15a3cae643d,15,16,rule,ordinary-rule,"rule rangeLen(LO:Int, HI:Int, ST:Int) => (LO -Int HI -Int ST -Int 1) /Int (0 -Int ST) requires ST <Int 0 andBool HI <Int LO",ACCEPTED_SELECTED_SUPPLIED_SEMANTICS,Byte-identical to /reference/reference-semantics; fixed selected semantics boundary.
reference-semantics/semantics/range.k,810e4c04b757445c03592aef25c97d6b2cc7c6fffa646288bc6cd15a3cae643d,17,18,rule,ordinary-rule,"rule rangeLen(LO:Int, HI:Int, ST:Int) => 0 requires (ST >Int 0 andBool HI <=Int LO) orBool (ST <Int 0 andBool HI >=Int LO)",ACCEPTED_SELECTED_SUPPLIED_SEMANTICS,Byte-identical to /reference/reference-semantics; fixed selected semantics boundary.
reference-semantics/semantics/range.k,810e4c04b757445c03592aef25c97d6b2cc7c6fffa646288bc6cd15a3cae643d,20,22,rule,ordinary-rule,"rule <k> #iterNext(rangeObj(I:Int, HI:Int, ST:Int)) => #iterYield(I, rangeObj(I +Int ST, HI, ST)) ... </k>",ACCEPTED_SELECTED_SUPPLIED_SEMANTICS,Byte-identical to /reference/reference-semantics; fixed selected semantics boundary.
reference-semantics/semantics/range.k,810e4c04b757445c03592aef25c97d6b2cc7c6fffa646288bc6cd15a3cae643d,23,24,rule,ordinary-rule,"rule <k> #iterNext(rangeObj(I:Int, HI:Int, ST:Int)) => #iterDone ... </k> requires notBool inRange(I, HI, ST)",ACCEPTED_SELECTED_SUPPLIED_SEMANTICS,Byte-identical to /reference/reference-semantics; fixed selected semantics boundary.
reference-semantics/semantics/range.k,810e4c04b757445c03592aef25c97d6b2cc7c6fffa646288bc6cd15a3cae643d,25,25,endmodule,,endmodule,ACCEPTED_SELECTED_SUPPLIED_SEMANTICS,Byte-identical to /reference/reference-semantics; fixed selected semantics boundary.
reference-semantics/semantics/set.k,b822c3c6944f9940a4477fa6b7a42490c407663f2a314394e9c146e8951f1ac7,3,3,module,,module MPY-SET,ACCEPTED_SELECTED_SUPPLIED_SEMANTICS,Byte-identical to /reference/reference-semantics; fixed selected semantics boundary.
reference-semantics/semantics/set.k,b822c3c6944f9940a4477fa6b7a42490c407663f2a314394e9c146e8951f1ac7,4,7,imports,,imports MPY-CORE ,ACCEPTED_SELECTED_SUPPLIED_SEMANTICS,Byte-identical to /reference/reference-semantics; fixed selected semantics boundary.
reference-semantics/semantics/set.k,b822c3c6944f9940a4477fa6b7a42490c407663f2a314394e9c146e8951f1ac7,8,10,syntax,,syntax Val ::= setV(IntSeq) ,ACCEPTED_SELECTED_SUPPLIED_SEMANTICS,Byte-identical to /reference/reference-semantics; fixed selected semantics boundary.
reference-semantics/semantics/set.k,b822c3c6944f9940a4477fa6b7a42490c407663f2a314394e9c146e8951f1ac7,11,11,syntax,function;total,"syntax Bool ::= codeIn(Int, IntSeq) [function, total]",ACCEPTED_SELECTED_SUPPLIED_SEMANTICS,Byte-identical to /reference/reference-semantics; fixed selected semantics boundary.
reference-semantics/semantics/set.k,b822c3c6944f9940a4477fa6b7a42490c407663f2a314394e9c146e8951f1ac7,12,12,rule,ordinary-rule,"rule codeIn(_:Int, .IntSeq)                => false",ACCEPTED_SELECTED_SUPPLIED_SEMANTICS,Byte-identical to /reference/reference-semantics; fixed selected semantics boundary.
reference-semantics/semantics/set.k,b822c3c6944f9940a4477fa6b7a42490c407663f2a314394e9c146e8951f1ac7,13,15,rule,ordinary-rule,"rule codeIn(C:Int, iCons(H:Int, T:IntSeq)) => C ==Int H orBool codeIn(C, T) ",ACCEPTED_SELECTED_SUPPLIED_SEMANTICS,Byte-identical to /reference/reference-semantics; fixed selected semantics boundary.
reference-semantics/semantics/set.k,b822c3c6944f9940a4477fa6b7a42490c407663f2a314394e9c146e8951f1ac7,16,17,syntax,function;total,"syntax IntSeq ::= dedupCodes(IntSeq)         [function, total] | dedupFrom(IntSeq, IntSeq)  [function, total]",ACCEPTED_SELECTED_SUPPLIED_SEMANTICS,Byte-identical to /reference/reference-semantics; fixed selected semantics boundary.
reference-semantics/semantics/set.k,b822c3c6944f9940a4477fa6b7a42490c407663f2a314394e9c146e8951f1ac7,18,18,rule,ordinary-rule,"rule dedupCodes(CS:IntSeq) => dedupFrom(CS, .IntSeq)",ACCEPTED_SELECTED_SUPPLIED_SEMANTICS,Byte-identical to /reference/reference-semantics; fixed selected semantics boundary.
reference-semantics/semantics/set.k,b822c3c6944f9940a4477fa6b7a42490c407663f2a314394e9c146e8951f1ac7,19,19,rule,ordinary-rule,"rule dedupFrom(.IntSeq, ACC:IntSeq) => ACC",ACCEPTED_SELECTED_SUPPLIED_SEMANTICS,Byte-identical to /reference/reference-semantics; fixed selected semantics boundary.
reference-semantics/semantics/set.k,b822c3c6944f9940a4477fa6b7a42490c407663f2a314394e9c146e8951f1ac7,20,21,rule,ordinary-rule,"rule dedupFrom(iCons(C:Int, S:IntSeq), ACC:IntSeq) => dedupFrom(S, ACC) requires codeIn(C, ACC)",ACCEPTED_SELECTED_SUPPLIED_SEMANTICS,Byte-identical to /reference/reference-semantics; fixed selected semantics boundary.
reference-semantics/semantics/set.k,b822c3c6944f9940a4477fa6b7a42490c407663f2a314394e9c146e8951f1ac7,22,23,rule,ordinary-rule,"rule dedupFrom(iCons(C:Int, S:IntSeq), ACC:IntSeq) => dedupFrom(S, snocCode(ACC, C)) requires notBool codeIn(C, ACC)",ACCEPTED_SELECTED_SUPPLIED_SEMANTICS,Byte-identical to /reference/reference-semantics; fixed selected semantics boundary.
reference-semantics/semantics/set.k,b822c3c6944f9940a4477fa6b7a42490c407663f2a314394e9c146e8951f1ac7,25,25,syntax,function;total,"syntax IntSeq ::= snocCode(IntSeq, Int) [function, total]",ACCEPTED_SELECTED_SUPPLIED_SEMANTICS,Byte-identical to /reference/reference-semantics; fixed selected semantics boundary.
reference-semantics/semantics/set.k,b822c3c6944f9940a4477fa6b7a42490c407663f2a314394e9c146e8951f1ac7,26,26,rule,ordinary-rule,"rule snocCode(.IntSeq, C:Int)                => iCons(C, .IntSeq)",ACCEPTED_SELECTED_SUPPLIED_SEMANTICS,Byte-identical to /reference/reference-semantics; fixed selected semantics boundary.
reference-semantics/semantics/set.k,b822c3c6944f9940a4477fa6b7a42490c407663f2a314394e9c146e8951f1ac7,27,30,rule,ordinary-rule,"rule snocCode(iCons(H:Int, T:IntSeq), C:Int) => iCons(H, snocCode(T, C)) ",ACCEPTED_SELECTED_SUPPLIED_SEMANTICS,Byte-identical to /reference/reference-semantics; fixed selected semantics boundary.
reference-semantics/semantics/set.k,b822c3c6944f9940a4477fa6b7a42490c407663f2a314394e9c146e8951f1ac7,31,31,syntax,function;total,"syntax Bool ::= subsetCodes(IntSeq, IntSeq) [function, total]",ACCEPTED_SELECTED_SUPPLIED_SEMANTICS,Byte-identical to /reference/reference-semantics; fixed selected semantics boundary.
reference-semantics/semantics/set.k,b822c3c6944f9940a4477fa6b7a42490c407663f2a314394e9c146e8951f1ac7,32,32,rule,ordinary-rule,"rule subsetCodes(.IntSeq, _:IntSeq)                => true",ACCEPTED_SELECTED_SUPPLIED_SEMANTICS,Byte-identical to /reference/reference-semantics; fixed selected semantics boundary.
reference-semantics/semantics/set.k,b822c3c6944f9940a4477fa6b7a42490c407663f2a314394e9c146e8951f1ac7,33,33,rule,ordinary-rule,"rule subsetCodes(iCons(C:Int, S:IntSeq), B:IntSeq) => codeIn(C, B) andBool subsetCodes(S, B)",ACCEPTED_SELECTED_SUPPLIED_SEMANTICS,Byte-identical to /reference/reference-semantics; fixed selected semantics boundary.
reference-semantics/semantics/set.k,b822c3c6944f9940a4477fa6b7a42490c407663f2a314394e9c146e8951f1ac7,35,35,syntax,function;total,"syntax Bool ::= sameSet(IntSeq, IntSeq) [function, total]",ACCEPTED_SELECTED_SUPPLIED_SEMANTICS,Byte-identical to /reference/reference-semantics; fixed selected semantics boundary.
reference-semantics/semantics/set.k,b822c3c6944f9940a4477fa6b7a42490c407663f2a314394e9c146e8951f1ac7,36,38,rule,ordinary-rule,"rule sameSet(A:IntSeq, B:IntSeq) => subsetCodes(A, B) andBool subsetCodes(B, A) ",ACCEPTED_SELECTED_SUPPLIED_SEMANTICS,Byte-identical to /reference/reference-semantics; fixed selected semantics boundary.
reference-semantics/semantics/set.k,b822c3c6944f9940a4477fa6b7a42490c407663f2a314394e9c146e8951f1ac7,39,39,rule,ordinary-rule,"rule applyCmp(""=="", setV(A:IntSeq), setV(B:IntSeq)) => sameSet(A, B)",ACCEPTED_SELECTED_SUPPLIED_SEMANTICS,Byte-identical to /reference/reference-semantics; fixed selected semantics boundary.
reference-semantics/semantics/set.k,b822c3c6944f9940a4477fa6b7a42490c407663f2a314394e9c146e8951f1ac7,40,40,endmodule,,endmodule,ACCEPTED_SELECTED_SUPPLIED_SEMANTICS,Byte-identical to /reference/reference-semantics; fixed selected semantics boundary.
reference-semantics/semantics/sort.k,df79670e4794a92e96ffc824857fbc34d3a65b6b6a3026d1dcf322128fbaba5a,10,10,module,,module MPY-SORT,ACCEPTED_SELECTED_SUPPLIED_SEMANTICS,Byte-identical to /reference/reference-semantics; fixed selected semantics boundary.
reference-semantics/semantics/sort.k,df79670e4794a92e96ffc824857fbc34d3a65b6b6a3026d1dcf322128fbaba5a,11,11,imports,,imports MPY-BUILTINS,ACCEPTED_SELECTED_SUPPLIED_SEMANTICS,Byte-identical to /reference/reference-semantics; fixed selected semantics boundary.
reference-semantics/semantics/sort.k,df79670e4794a92e96ffc824857fbc34d3a65b6b6a3026d1dcf322128fbaba5a,12,17,imports,no-evaluators;concrete,imports MPY-SUBSCRIPT ,ACCEPTED_SELECTED_SUPPLIED_SEMANTICS,Byte-identical to /reference/reference-semantics; fixed selected semantics boundary.
reference-semantics/semantics/sort.k,df79670e4794a92e96ffc824857fbc34d3a65b6b6a3026d1dcf322128fbaba5a,18,18,syntax,function;total;symbol;no-evaluators;opaque-symbol,"syntax ValSeq ::= sortVS(ValSeq) [function, total, symbol(sortVS), no-evaluators]",ACCEPTED_SELECTED_SUPPLIED_SEMANTICS,Byte-identical to /reference/reference-semantics; fixed selected semantics boundary.
reference-semantics/semantics/sort.k,df79670e4794a92e96ffc824857fbc34d3a65b6b6a3026d1dcf322128fbaba5a,19,19,syntax,function,"syntax ValSeq ::= insVS(Int, ValSeq) [function]",ACCEPTED_SELECTED_SUPPLIED_SEMANTICS,Byte-identical to /reference/reference-semantics; fixed selected semantics boundary.
reference-semantics/semantics/sort.k,df79670e4794a92e96ffc824857fbc34d3a65b6b6a3026d1dcf322128fbaba5a,20,20,rule,concrete;ordinary-rule,rule sortVS(.ValSeq)                => .ValSeq          [concrete],ACCEPTED_SELECTED_SUPPLIED_SEMANTICS,Byte-identical to /reference/reference-semantics; fixed selected semantics boundary.
reference-semantics/semantics/sort.k,df79670e4794a92e96ffc824857fbc34d3a65b6b6a3026d1dcf322128fbaba5a,21,21,rule,concrete;ordinary-rule,"rule sortVS(vCons(X:Int, R:ValSeq)) => insVS(X, sortVS(R)) [concrete]",ACCEPTED_SELECTED_SUPPLIED_SEMANTICS,Byte-identical to /reference/reference-semantics; fixed selected semantics boundary.
reference-semantics/semantics/sort.k,df79670e4794a92e96ffc824857fbc34d3a65b6b6a3026d1dcf322128fbaba5a,22,22,rule,concrete;ordinary-rule,"rule insVS(X:Int, .ValSeq)                => vCons(X, .ValSeq) [concrete]",ACCEPTED_SELECTED_SUPPLIED_SEMANTICS,Byte-identical to /reference/reference-semantics; fixed selected semantics boundary.
reference-semantics/semantics/sort.k,df79670e4794a92e96ffc824857fbc34d3a65b6b6a3026d1dcf322128fbaba5a,23,23,rule,concrete;ordinary-rule,"rule insVS(X:Int, vCons(Y:Int, R:ValSeq)) => vCons(X, vCons(Y, R)) requires X <=Int Y [concrete]",ACCEPTED_SELECTED_SUPPLIED_SEMANTICS,Byte-identical to /reference/reference-semantics; fixed selected semantics boundary.
reference-semantics/semantics/sort.k,df79670e4794a92e96ffc824857fbc34d3a65b6b6a3026d1dcf322128fbaba5a,24,25,rule,concrete;ordinary-rule,"rule insVS(X:Int, vCons(Y:Int, R:ValSeq)) => vCons(Y, insVS(X, R)) requires X  >Int Y [concrete] // str elements insert by the shared lexicographic strLt (methods.k)",ACCEPTED_SELECTED_SUPPLIED_SEMANTICS,Byte-identical to /reference/reference-semantics; fixed selected semantics boundary.
reference-semantics/semantics/sort.k,df79670e4794a92e96ffc824857fbc34d3a65b6b6a3026d1dcf322128fbaba5a,26,26,syntax,function,"syntax ValSeq ::= insVSs(IntSeq, ValSeq) [function]",ACCEPTED_SELECTED_SUPPLIED_SEMANTICS,Byte-identical to /reference/reference-semantics; fixed selected semantics boundary.
reference-semantics/semantics/sort.k,df79670e4794a92e96ffc824857fbc34d3a65b6b6a3026d1dcf322128fbaba5a,27,27,rule,concrete;ordinary-rule,"rule sortVS(vCons(str(CS:IntSeq), R:ValSeq)) => insVSs(CS, sortVS(R)) [concrete]",ACCEPTED_SELECTED_SUPPLIED_SEMANTICS,Byte-identical to /reference/reference-semantics; fixed selected semantics boundary.
reference-semantics/semantics/sort.k,df79670e4794a92e96ffc824857fbc34d3a65b6b6a3026d1dcf322128fbaba5a,28,28,rule,concrete;ordinary-rule,"rule insVSs(A:IntSeq, .ValSeq) => vCons(str(A), .ValSeq) [concrete]",ACCEPTED_SELECTED_SUPPLIED_SEMANTICS,Byte-identical to /reference/reference-semantics; fixed selected semantics boundary.
reference-semantics/semantics/sort.k,df79670e4794a92e96ffc824857fbc34d3a65b6b6a3026d1dcf322128fbaba5a,29,30,rule,concrete;ordinary-rule,"rule insVSs(A:IntSeq, vCons(str(B:IntSeq), R:ValSeq)) => vCons(str(A), vCons(str(B), R)) requires strLt(A, B) orBool A ==K B [concrete]",ACCEPTED_SELECTED_SUPPLIED_SEMANTICS,Byte-identical to /reference/reference-semantics; fixed selected semantics boundary.
reference-semantics/semantics/sort.k,df79670e4794a92e96ffc824857fbc34d3a65b6b6a3026d1dcf322128fbaba5a,31,35,rule,concrete;owise;ordinary-rule,"rule insVSs(A:IntSeq, vCons(str(B:IntSeq), R:ValSeq)) => vCons(str(B), insVSs(A, R)) requires notBool (strLt(A, B) orBool A ==K B) [concrete]",ACCEPTED_SELECTED_SUPPLIED_SEMANTICS,Byte-identical to /reference/reference-semantics; fixed selected semantics boundary.
reference-semantics/semantics/sort.k,df79670e4794a92e96ffc824857fbc34d3a65b6b6a3026d1dcf322128fbaba5a,36,39,rule,ordinary-rule,"rule <k> #applyK(toCall(builtinV(""sorted"")), (list(VS:ValSeq), .Vals)) => #alloc(list(sortVS(VS))) ... </k>",ACCEPTED_SELECTED_SUPPLIED_SEMANTICS,Byte-identical to /reference/reference-semantics; fixed selected semantics boundary.
reference-semantics/semantics/sort.k,df79670e4794a92e96ffc824857fbc34d3a65b6b6a3026d1dcf322128fbaba5a,40,48,rule,priority;concrete;ordinary-rule,"rule <k> #applyK(toCall(boundMethodV(ref(H:Int), ""sort"")), .Vals) => noneV ... </k> <heap> ... H |-> list(VS:ValSeq => sortVS(VS)) ... </heap>",ACCEPTED_SELECTED_SUPPLIED_SEMANTICS,Byte-identical to /reference/reference-semantics; fixed selected semantics boundary.
reference-semantics/semantics/sort.k,df79670e4794a92e96ffc824857fbc34d3a65b6b6a3026d1dcf322128fbaba5a,49,49,syntax,function;total;symbol;no-evaluators;opaque-symbol,"syntax ValSeq ::= sortKeyVS(ValSeq, Val) [function, total, symbol(sortKeyVS), no-evaluators]",ACCEPTED_SELECTED_SUPPLIED_SEMANTICS,Byte-identical to /reference/reference-semantics; fixed selected semantics boundary.
reference-semantics/semantics/sort.k,df79670e4794a92e96ffc824857fbc34d3a65b6b6a3026d1dcf322128fbaba5a,51,52,syntax,function;total,"syntax ValSeq ::= revVS(ValSeq) [function, total] | revVSAcc(ValSeq, ValSeq) [function, total]",ACCEPTED_SELECTED_SUPPLIED_SEMANTICS,Byte-identical to /reference/reference-semantics; fixed selected semantics boundary.
reference-semantics/semantics/sort.k,df79670e4794a92e96ffc824857fbc34d3a65b6b6a3026d1dcf322128fbaba5a,53,53,rule,ordinary-rule,"rule revVS(S:ValSeq) => revVSAcc(S, .ValSeq)",ACCEPTED_SELECTED_SUPPLIED_SEMANTICS,Byte-identical to /reference/reference-semantics; fixed selected semantics boundary.
reference-semantics/semantics/sort.k,df79670e4794a92e96ffc824857fbc34d3a65b6b6a3026d1dcf322128fbaba5a,54,54,rule,ordinary-rule,"rule revVSAcc(.ValSeq, A:ValSeq) => A",ACCEPTED_SELECTED_SUPPLIED_SEMANTICS,Byte-identical to /reference/reference-semantics; fixed selected semantics boundary.
reference-semantics/semantics/sort.k,df79670e4794a92e96ffc824857fbc34d3a65b6b6a3026d1dcf322128fbaba5a,55,55,rule,ordinary-rule,"rule revVSAcc(vCons(V:Val, R:ValSeq), A:ValSeq) => revVSAcc(R, vCons(V, A))",ACCEPTED_SELECTED_SUPPLIED_SEMANTICS,Byte-identical to /reference/reference-semantics; fixed selected semantics boundary.
reference-semantics/semantics/sort.k,df79670e4794a92e96ffc824857fbc34d3a65b6b6a3026d1dcf322128fbaba5a,57,57,syntax,function;total,"syntax ValSeq ::= condRev(ValSeq, Bool) [function, total]",ACCEPTED_SELECTED_SUPPLIED_SEMANTICS,Byte-identical to /reference/reference-semantics; fixed selected semantics boundary.
reference-semantics/semantics/sort.k,df79670e4794a92e96ffc824857fbc34d3a65b6b6a3026d1dcf322128fbaba5a,58,58,rule,ordinary-rule,"rule condRev(S:ValSeq, false) => S",ACCEPTED_SELECTED_SUPPLIED_SEMANTICS,Byte-identical to /reference/reference-semantics; fixed selected semantics boundary.
reference-semantics/semantics/sort.k,df79670e4794a92e96ffc824857fbc34d3a65b6b6a3026d1dcf322128fbaba5a,59,59,rule,ordinary-rule,"rule condRev(S:ValSeq, true)  => revVS(S)",ACCEPTED_SELECTED_SUPPLIED_SEMANTICS,Byte-identical to /reference/reference-semantics; fixed selected semantics boundary.
reference-semantics/semantics/sort.k,df79670e4794a92e96ffc824857fbc34d3a65b6b6a3026d1dcf322128fbaba5a,61,62,rule,ordinary-rule,"rule <k> #applyK(toCall(builtinV(""sorted"")), (list(VS:ValSeq), kwV(""key"", KV:Val), .Vals)) => #alloc(list(sortKeyVS(VS, KV))) ... </k>",ACCEPTED_SELECTED_SUPPLIED_SEMANTICS,Byte-identical to /reference/reference-semantics; fixed selected semantics boundary.
reference-semantics/semantics/sort.k,df79670e4794a92e96ffc824857fbc34d3a65b6b6a3026d1dcf322128fbaba5a,63,64,rule,ordinary-rule,"rule <k> #applyK(toCall(builtinV(""sorted"")), (list(VS:ValSeq), kwV(""key"", KV:Val), kwV(""reverse"", RB:Bool), .Vals)) => #alloc(list(condRev(sortKeyVS(VS, KV), RB))) ... </k>",ACCEPTED_SELECTED_SUPPLIED_SEMANTICS,Byte-identical to /reference/reference-semantics; fixed selected semantics boundary.
reference-semantics/semantics/sort.k,df79670e4794a92e96ffc824857fbc34d3a65b6b6a3026d1dcf322128fbaba5a,65,71,rule,total;concrete;ordinary-rule,"rule <k> #applyK(toCall(builtinV(""sorted"")), (list(VS:ValSeq), kwV(""reverse"", RB:Bool), .Vals)) => #alloc(list(condRev(sortVS(VS), RB))) ... </k>",ACCEPTED_SELECTED_SUPPLIED_SEMANTICS,Byte-identical to /reference/reference-semantics; fixed selected semantics boundary.
reference-semantics/semantics/sort.k,df79670e4794a92e96ffc824857fbc34d3a65b6b6a3026d1dcf322128fbaba5a,72,72,endmodule,,endmodule,ACCEPTED_SELECTED_SUPPLIED_SEMANTICS,Byte-identical to /reference/reference-semantics; fixed selected semantics boundary.
reference-semantics/semantics/str.k,1bf0abf61d7c5df6301433a89c79d2ef4259d47a68d98385ff74618c4c310e0f,3,3,module,,module MPY-STR,ACCEPTED_SELECTED_SUPPLIED_SEMANTICS,Byte-identical to /reference/reference-semantics; fixed selected semantics boundary.
reference-semantics/semantics/str.k,1bf0abf61d7c5df6301433a89c79d2ef4259d47a68d98385ff74618c4c310e0f,4,4,imports,,imports MPY-CORE,ACCEPTED_SELECTED_SUPPLIED_SEMANTICS,Byte-identical to /reference/reference-semantics; fixed selected semantics boundary.
reference-semantics/semantics/str.k,1bf0abf61d7c5df6301433a89c79d2ef4259d47a68d98385ff74618c4c310e0f,5,7,imports,,imports MPY-ITER ,ACCEPTED_SELECTED_SUPPLIED_SEMANTICS,Byte-identical to /reference/reference-semantics; fixed selected semantics boundary.
reference-semantics/semantics/str.k,1bf0abf61d7c5df6301433a89c79d2ef4259d47a68d98385ff74618c4c310e0f,8,8,rule,ordinary-rule,rule <k> #iterNext(str(.IntSeq))                 => #iterDone ... </k>,ACCEPTED_SELECTED_SUPPLIED_SEMANTICS,Byte-identical to /reference/reference-semantics; fixed selected semantics boundary.
reference-semantics/semantics/str.k,1bf0abf61d7c5df6301433a89c79d2ef4259d47a68d98385ff74618c4c310e0f,9,12,rule,ordinary-rule,"rule <k> #iterNext(str(iCons(C:Int, R:IntSeq))) => #iterYield(str(iCons(C, .IntSeq)), str(R)) ... </k>",ACCEPTED_SELECTED_SUPPLIED_SEMANTICS,Byte-identical to /reference/reference-semantics; fixed selected semantics boundary.
reference-semantics/semantics/str.k,1bf0abf61d7c5df6301433a89c79d2ef4259d47a68d98385ff74618c4c310e0f,13,13,syntax,function,syntax IntSeq ::= strToCodes(String) [function],ACCEPTED_SELECTED_SUPPLIED_SEMANTICS,Byte-identical to /reference/reference-semantics; fixed selected semantics boundary.
reference-semantics/semantics/str.k,1bf0abf61d7c5df6301433a89c79d2ef4259d47a68d98385ff74618c4c310e0f,14,14,rule,ordinary-rule,rule <k> Str(S:String) => str(strToCodes(S)) ... </k>,ACCEPTED_SELECTED_SUPPLIED_SEMANTICS,Byte-identical to /reference/reference-semantics; fixed selected semantics boundary.
reference-semantics/semantics/str.k,1bf0abf61d7c5df6301433a89c79d2ef4259d47a68d98385ff74618c4c310e0f,15,15,rule,ordinary-rule,"rule strToCodes("""") => .IntSeq",ACCEPTED_SELECTED_SUPPLIED_SEMANTICS,Byte-identical to /reference/reference-semantics; fixed selected semantics boundary.
reference-semantics/semantics/str.k,1bf0abf61d7c5df6301433a89c79d2ef4259d47a68d98385ff74618c4c310e0f,16,19,rule,ordinary-rule,"rule strToCodes(S:String) => iCons(ordChar(substrString(S, 0, 1)), strToCodes(substrString(S, 1, lengthString(S)))) requires S =/=String """" andBool ordChar(substrString(S, 0, 1)) <Int 128",ACCEPTED_SELECTED_SUPPLIED_SEMANTICS,Byte-identical to /reference/reference-semantics; fixed selected semantics boundary.
reference-semantics/semantics/str.k,1bf0abf61d7c5df6301433a89c79d2ef4259d47a68d98385ff74618c4c310e0f,20,20,syntax,function;total,"syntax IntSeq ::= seqConcat(IntSeq, IntSeq) [function, total]",ACCEPTED_SELECTED_SUPPLIED_SEMANTICS,Byte-identical to /reference/reference-semantics; fixed selected semantics boundary.
reference-semantics/semantics/str.k,1bf0abf61d7c5df6301433a89c79d2ef4259d47a68d98385ff74618c4c310e0f,21,21,rule,ordinary-rule,"rule seqConcat(.IntSeq, T:IntSeq)                => T",ACCEPTED_SELECTED_SUPPLIED_SEMANTICS,Byte-identical to /reference/reference-semantics; fixed selected semantics boundary.
reference-semantics/semantics/str.k,1bf0abf61d7c5df6301433a89c79d2ef4259d47a68d98385ff74618c4c310e0f,22,22,rule,ordinary-rule,"rule seqConcat(iCons(I:Int, S:IntSeq), T:IntSeq) => iCons(I, seqConcat(S, T))",ACCEPTED_SELECTED_SUPPLIED_SEMANTICS,Byte-identical to /reference/reference-semantics; fixed selected semantics boundary.
reference-semantics/semantics/str.k,1bf0abf61d7c5df6301433a89c79d2ef4259d47a68d98385ff74618c4c310e0f,24,24,rule,ordinary-rule,"rule applyBin(""+"",  str(A:IntSeq), str(B:IntSeq)) => str(seqConcat(A, B))",ACCEPTED_SELECTED_SUPPLIED_SEMANTICS,Byte-identical to /reference/reference-semantics; fixed selected semantics boundary.
reference-semantics/semantics/str.k,1bf0abf61d7c5df6301433a89c79d2ef4259d47a68d98385ff74618c4c310e0f,25,25,rule,ordinary-rule,"rule applyCmp(""=="", str(A:IntSeq), str(B:IntSeq)) => A ==K B",ACCEPTED_SELECTED_SUPPLIED_SEMANTICS,Byte-identical to /reference/reference-semantics; fixed selected semantics boundary.
reference-semantics/semantics/str.k,1bf0abf61d7c5df6301433a89c79d2ef4259d47a68d98385ff74618c4c310e0f,26,28,rule,ordinary-rule,"rule applyCmp(""!="", str(A:IntSeq), str(B:IntSeq)) => notBool (A ==K B) ",ACCEPTED_SELECTED_SUPPLIED_SEMANTICS,Byte-identical to /reference/reference-semantics; fixed selected semantics boundary.
reference-semantics/semantics/str.k,1bf0abf61d7c5df6301433a89c79d2ef4259d47a68d98385ff74618c4c310e0f,29,29,rule,ordinary-rule,"rule applyCmp(""in"",     str(P:IntSeq), str(X:IntSeq)) => strContains(P, X)",ACCEPTED_SELECTED_SUPPLIED_SEMANTICS,Byte-identical to /reference/reference-semantics; fixed selected semantics boundary.
reference-semantics/semantics/str.k,1bf0abf61d7c5df6301433a89c79d2ef4259d47a68d98385ff74618c4c310e0f,30,30,rule,ordinary-rule,"rule applyCmp(""not in"", str(P:IntSeq), str(X:IntSeq)) => notBool strContains(P, X)",ACCEPTED_SELECTED_SUPPLIED_SEMANTICS,Byte-identical to /reference/reference-semantics; fixed selected semantics boundary.
reference-semantics/semantics/str.k,1bf0abf61d7c5df6301433a89c79d2ef4259d47a68d98385ff74618c4c310e0f,32,32,syntax,function;total,"syntax Bool ::= strPrefix(IntSeq, IntSeq) [function, total]",ACCEPTED_SELECTED_SUPPLIED_SEMANTICS,Byte-identical to /reference/reference-semantics; fixed selected semantics boundary.
reference-semantics/semantics/str.k,1bf0abf61d7c5df6301433a89c79d2ef4259d47a68d98385ff74618c4c310e0f,33,33,rule,ordinary-rule,"rule strPrefix(.IntSeq, _:IntSeq)               => true",ACCEPTED_SELECTED_SUPPLIED_SEMANTICS,Byte-identical to /reference/reference-semantics; fixed selected semantics boundary.
reference-semantics/semantics/str.k,1bf0abf61d7c5df6301433a89c79d2ef4259d47a68d98385ff74618c4c310e0f,34,34,rule,ordinary-rule,"rule strPrefix(iCons(_:Int, _:IntSeq), .IntSeq) => false",ACCEPTED_SELECTED_SUPPLIED_SEMANTICS,Byte-identical to /reference/reference-semantics; fixed selected semantics boundary.
reference-semantics/semantics/str.k,1bf0abf61d7c5df6301433a89c79d2ef4259d47a68d98385ff74618c4c310e0f,35,35,rule,ordinary-rule,"rule strPrefix(iCons(A:Int, As:IntSeq), iCons(B:Int, Bs:IntSeq)) => A ==Int B andBool strPrefix(As, Bs)",ACCEPTED_SELECTED_SUPPLIED_SEMANTICS,Byte-identical to /reference/reference-semantics; fixed selected semantics boundary.
reference-semantics/semantics/str.k,1bf0abf61d7c5df6301433a89c79d2ef4259d47a68d98385ff74618c4c310e0f,37,37,syntax,function;total,"syntax Bool ::= strContains(IntSeq, IntSeq) [function, total]",ACCEPTED_SELECTED_SUPPLIED_SEMANTICS,Byte-identical to /reference/reference-semantics; fixed selected semantics boundary.
reference-semantics/semantics/str.k,1bf0abf61d7c5df6301433a89c79d2ef4259d47a68d98385ff74618c4c310e0f,38,38,rule,ordinary-rule,"rule strContains(P:IntSeq, X:IntSeq) => true  requires strPrefix(P, X)",ACCEPTED_SELECTED_SUPPLIED_SEMANTICS,Byte-identical to /reference/reference-semantics; fixed selected semantics boundary.
reference-semantics/semantics/str.k,1bf0abf61d7c5df6301433a89c79d2ef4259d47a68d98385ff74618c4c310e0f,39,39,rule,ordinary-rule,"rule strContains(P:IntSeq, .IntSeq)  => false requires notBool strPrefix(P, .IntSeq)",ACCEPTED_SELECTED_SUPPLIED_SEMANTICS,Byte-identical to /reference/reference-semantics; fixed selected semantics boundary.
reference-semantics/semantics/str.k,1bf0abf61d7c5df6301433a89c79d2ef4259d47a68d98385ff74618c4c310e0f,40,47,rule,ordinary-rule,"rule strContains(P:IntSeq, iCons(C:Int, Xs:IntSeq)) => strContains(P, Xs) requires notBool strPrefix(P, iCons(C, Xs))",ACCEPTED_SELECTED_SUPPLIED_SEMANTICS,Byte-identical to /reference/reference-semantics; fixed selected semantics boundary.
reference-semantics/semantics/str.k,1bf0abf61d7c5df6301433a89c79d2ef4259d47a68d98385ff74618c4c310e0f,48,48,syntax,function;total,"syntax Bool ::= strLt(IntSeq, IntSeq) [function, total]",ACCEPTED_SELECTED_SUPPLIED_SEMANTICS,Byte-identical to /reference/reference-semantics; fixed selected semantics boundary.
reference-semantics/semantics/str.k,1bf0abf61d7c5df6301433a89c79d2ef4259d47a68d98385ff74618c4c310e0f,49,49,rule,ordinary-rule,"rule strLt(.IntSeq, .IntSeq)                => false",ACCEPTED_SELECTED_SUPPLIED_SEMANTICS,Byte-identical to /reference/reference-semantics; fixed selected semantics boundary.
reference-semantics/semantics/str.k,1bf0abf61d7c5df6301433a89c79d2ef4259d47a68d98385ff74618c4c310e0f,50,50,rule,ordinary-rule,"rule strLt(.IntSeq, iCons(_:Int, _:IntSeq)) => true",ACCEPTED_SELECTED_SUPPLIED_SEMANTICS,Byte-identical to /reference/reference-semantics; fixed selected semantics boundary.
reference-semantics/semantics/str.k,1bf0abf61d7c5df6301433a89c79d2ef4259d47a68d98385ff74618c4c310e0f,51,51,rule,ordinary-rule,"rule strLt(iCons(_:Int, _:IntSeq), .IntSeq) => false",ACCEPTED_SELECTED_SUPPLIED_SEMANTICS,Byte-identical to /reference/reference-semantics; fixed selected semantics boundary.
reference-semantics/semantics/str.k,1bf0abf61d7c5df6301433a89c79d2ef4259d47a68d98385ff74618c4c310e0f,52,52,rule,ordinary-rule,"rule strLt(iCons(A:Int, As:IntSeq), iCons(B:Int, Bs:IntSeq)) => true          requires A  <Int B",ACCEPTED_SELECTED_SUPPLIED_SEMANTICS,Byte-identical to /reference/reference-semantics; fixed selected semantics boundary.
reference-semantics/semantics/str.k,1bf0abf61d7c5df6301433a89c79d2ef4259d47a68d98385ff74618c4c310e0f,53,53,rule,ordinary-rule,"rule strLt(iCons(A:Int, As:IntSeq), iCons(B:Int, Bs:IntSeq)) => false         requires A  >Int B",ACCEPTED_SELECTED_SUPPLIED_SEMANTICS,Byte-identical to /reference/reference-semantics; fixed selected semantics boundary.
reference-semantics/semantics/str.k,1bf0abf61d7c5df6301433a89c79d2ef4259d47a68d98385ff74618c4c310e0f,54,54,rule,ordinary-rule,"rule strLt(iCons(A:Int, As:IntSeq), iCons(B:Int, Bs:IntSeq)) => strLt(As, Bs) requires A ==Int B",ACCEPTED_SELECTED_SUPPLIED_SEMANTICS,Byte-identical to /reference/reference-semantics; fixed selected semantics boundary.
reference-semantics/semantics/str.k,1bf0abf61d7c5df6301433a89c79d2ef4259d47a68d98385ff74618c4c310e0f,56,56,rule,ordinary-rule,"rule applyCmp(""<"",  str(A:IntSeq), str(B:IntSeq)) => strLt(A, B)",ACCEPTED_SELECTED_SUPPLIED_SEMANTICS,Byte-identical to /reference/reference-semantics; fixed selected semantics boundary.
reference-semantics/semantics/str.k,1bf0abf61d7c5df6301433a89c79d2ef4259d47a68d98385ff74618c4c310e0f,57,57,rule,ordinary-rule,"rule applyCmp("">"",  str(A:IntSeq), str(B:IntSeq)) => strLt(B, A)",ACCEPTED_SELECTED_SUPPLIED_SEMANTICS,Byte-identical to /reference/reference-semantics; fixed selected semantics boundary.
reference-semantics/semantics/str.k,1bf0abf61d7c5df6301433a89c79d2ef4259d47a68d98385ff74618c4c310e0f,58,58,rule,ordinary-rule,"rule applyCmp(""<="", str(A:IntSeq), str(B:IntSeq)) => notBool strLt(B, A)",ACCEPTED_SELECTED_SUPPLIED_SEMANTICS,Byte-identical to /reference/reference-semantics; fixed selected semantics boundary.
reference-semantics/semantics/str.k,1bf0abf61d7c5df6301433a89c79d2ef4259d47a68d98385ff74618c4c310e0f,59,59,rule,ordinary-rule,"rule applyCmp("">="", str(A:IntSeq), str(B:IntSeq)) => notBool strLt(A, B)",ACCEPTED_SELECTED_SUPPLIED_SEMANTICS,Byte-identical to /reference/reference-semantics; fixed selected semantics boundary.
reference-semantics/semantics/str.k,1bf0abf61d7c5df6301433a89c79d2ef4259d47a68d98385ff74618c4c310e0f,60,60,endmodule,,endmodule,ACCEPTED_SELECTED_SUPPLIED_SEMANTICS,Byte-identical to /reference/reference-semantics; fixed selected semantics boundary.
reference-semantics/semantics/subscript.k,dba04c0acf213bef4f9f7b11243ca00a2b3ca5fa8666c544ede7d382d27d36a7,3,3,module,,module MPY-SUBSCRIPT,ACCEPTED_SELECTED_SUPPLIED_SEMANTICS,Byte-identical to /reference/reference-semantics; fixed selected semantics boundary.
reference-semantics/semantics/subscript.k,dba04c0acf213bef4f9f7b11243ca00a2b3ca5fa8666c544ede7d382d27d36a7,4,10,imports,total,imports MPY-CORE ,ACCEPTED_SELECTED_SUPPLIED_SEMANTICS,Byte-identical to /reference/reference-semantics; fixed selected semantics boundary.
reference-semantics/semantics/subscript.k,dba04c0acf213bef4f9f7b11243ca00a2b3ca5fa8666c544ede7d382d27d36a7,11,11,syntax,function;total,"syntax Val ::= valSeqAt(ValSeq, Int) [function, total]",ACCEPTED_SELECTED_SUPPLIED_SEMANTICS,Byte-identical to /reference/reference-semantics; fixed selected semantics boundary.
reference-semantics/semantics/subscript.k,dba04c0acf213bef4f9f7b11243ca00a2b3ca5fa8666c544ede7d382d27d36a7,12,12,rule,ordinary-rule,"rule valSeqAt(vCons(V:Val, _:ValSeq), 0)     => V",ACCEPTED_SELECTED_SUPPLIED_SEMANTICS,Byte-identical to /reference/reference-semantics; fixed selected semantics boundary.
reference-semantics/semantics/subscript.k,dba04c0acf213bef4f9f7b11243ca00a2b3ca5fa8666c544ede7d382d27d36a7,13,14,rule,ordinary-rule,"rule valSeqAt(vCons(_:Val, S:ValSeq), I:Int) => valSeqAt(S, I -Int 1) requires I >Int 0",ACCEPTED_SELECTED_SUPPLIED_SEMANTICS,Byte-identical to /reference/reference-semantics; fixed selected semantics boundary.
reference-semantics/semantics/subscript.k,dba04c0acf213bef4f9f7b11243ca00a2b3ca5fa8666c544ede7d382d27d36a7,16,16,syntax,function,"syntax Int ::= intSeqAt(IntSeq, Int) [function]",ACCEPTED_SELECTED_SUPPLIED_SEMANTICS,Byte-identical to /reference/reference-semantics; fixed selected semantics boundary.
reference-semantics/semantics/subscript.k,dba04c0acf213bef4f9f7b11243ca00a2b3ca5fa8666c544ede7d382d27d36a7,17,17,rule,ordinary-rule,"rule intSeqAt(iCons(C:Int, _:IntSeq), 0)     => C",ACCEPTED_SELECTED_SUPPLIED_SEMANTICS,Byte-identical to /reference/reference-semantics; fixed selected semantics boundary.
reference-semantics/semantics/subscript.k,dba04c0acf213bef4f9f7b11243ca00a2b3ca5fa8666c544ede7d382d27d36a7,18,19,rule,ordinary-rule,"rule intSeqAt(iCons(_:Int, S:IntSeq), I:Int) => intSeqAt(S, I -Int 1) requires I >Int 0",ACCEPTED_SELECTED_SUPPLIED_SEMANTICS,Byte-identical to /reference/reference-semantics; fixed selected semantics boundary.
reference-semantics/semantics/subscript.k,dba04c0acf213bef4f9f7b11243ca00a2b3ca5fa8666c544ede7d382d27d36a7,21,21,syntax,function;total,"syntax Int ::= normIdx(Int, Int) [function, total]",ACCEPTED_SELECTED_SUPPLIED_SEMANTICS,Byte-identical to /reference/reference-semantics; fixed selected semantics boundary.
reference-semantics/semantics/subscript.k,dba04c0acf213bef4f9f7b11243ca00a2b3ca5fa8666c544ede7d382d27d36a7,22,22,rule,ordinary-rule,"rule normIdx(I:Int, LEN:Int) => I +Int LEN requires I  <Int 0",ACCEPTED_SELECTED_SUPPLIED_SEMANTICS,Byte-identical to /reference/reference-semantics; fixed selected semantics boundary.
reference-semantics/semantics/subscript.k,dba04c0acf213bef4f9f7b11243ca00a2b3ca5fa8666c544ede7d382d27d36a7,23,26,rule,strict;ordinary-rule,"rule normIdx(I:Int, _:Int)   => I          requires I >=Int 0 ",ACCEPTED_SELECTED_SUPPLIED_SEMANTICS,Byte-identical to /reference/reference-semantics; fixed selected semantics boundary.
reference-semantics/semantics/subscript.k,dba04c0acf213bef4f9f7b11243ca00a2b3ca5fa8666c544ede7d382d27d36a7,27,27,context,,"context Subscript(HOLE, _)",ACCEPTED_SELECTED_SUPPLIED_SEMANTICS,Byte-identical to /reference/reference-semantics; fixed selected semantics boundary.
reference-semantics/semantics/subscript.k,dba04c0acf213bef4f9f7b11243ca00a2b3ca5fa8666c544ede7d382d27d36a7,28,30,context,,"context Subscript(_:Val, HOLE:Expr) ",ACCEPTED_SELECTED_SUPPLIED_SEMANTICS,Byte-identical to /reference/reference-semantics; fixed selected semantics boundary.
reference-semantics/semantics/subscript.k,dba04c0acf213bef4f9f7b11243ca00a2b3ca5fa8666c544ede7d382d27d36a7,31,33,rule,priority;ordinary-rule,"rule <k> Subscript(ref(H:Int), IX:Index) => Subscript(V, IX) ... </k> <heap> ... H |-> V:Val ... </heap>",ACCEPTED_SELECTED_SUPPLIED_SEMANTICS,Byte-identical to /reference/reference-semantics; fixed selected semantics boundary.
reference-semantics/semantics/subscript.k,dba04c0acf213bef4f9f7b11243ca00a2b3ca5fa8666c544ede7d382d27d36a7,35,35,rule,ordinary-rule,"rule <k> Subscript(OBJ:Val, I:Int) => applyIndex(OBJ, I) ... </k>",ACCEPTED_SELECTED_SUPPLIED_SEMANTICS,Byte-identical to /reference/reference-semantics; fixed selected semantics boundary.
reference-semantics/semantics/subscript.k,dba04c0acf213bef4f9f7b11243ca00a2b3ca5fa8666c544ede7d382d27d36a7,37,37,syntax,function,"syntax Val ::= applyIndex(Val, Int) [function]",ACCEPTED_SELECTED_SUPPLIED_SEMANTICS,Byte-identical to /reference/reference-semantics; fixed selected semantics boundary.
reference-semantics/semantics/subscript.k,dba04c0acf213bef4f9f7b11243ca00a2b3ca5fa8666c544ede7d382d27d36a7,38,38,rule,ordinary-rule,"rule applyIndex(list(VS:ValSeq),  I:Int) => valSeqAt(VS, normIdx(I, vsLen(VS)))",ACCEPTED_SELECTED_SUPPLIED_SEMANTICS,Byte-identical to /reference/reference-semantics; fixed selected semantics boundary.
reference-semantics/semantics/subscript.k,dba04c0acf213bef4f9f7b11243ca00a2b3ca5fa8666c544ede7d382d27d36a7,39,39,rule,ordinary-rule,"rule applyIndex(tuple(VS:ValSeq), I:Int) => valSeqAt(VS, normIdx(I, vsLen(VS)))",ACCEPTED_SELECTED_SUPPLIED_SEMANTICS,Byte-identical to /reference/reference-semantics; fixed selected semantics boundary.
reference-semantics/semantics/subscript.k,dba04c0acf213bef4f9f7b11243ca00a2b3ca5fa8666c544ede7d382d27d36a7,40,43,rule,ordinary-rule,"rule applyIndex(str(IS:IntSeq),   I:Int) => str(iCons(intSeqAt(IS, normIdx(I, isLen(IS))), .IntSeq))",ACCEPTED_SELECTED_SUPPLIED_SEMANTICS,Byte-identical to /reference/reference-semantics; fixed selected semantics boundary.
reference-semantics/semantics/subscript.k,dba04c0acf213bef4f9f7b11243ca00a2b3ca5fa8666c544ede7d382d27d36a7,44,47,syntax,,"syntax KItem ::= #evalB(Bound) | ""#toSome"" | #slLo(Val, Bound, Bound)",ACCEPTED_SELECTED_SUPPLIED_SEMANTICS,Byte-identical to /reference/reference-semantics; fixed selected semantics boundary.
reference-semantics/semantics/subscript.k,dba04c0acf213bef4f9f7b11243ca00a2b3ca5fa8666c544ede7d382d27d36a7,49,49,syntax,,"syntax OptInt ::= ""noB"" | someB(Int)",ACCEPTED_SELECTED_SUPPLIED_SEMANTICS,Byte-identical to /reference/reference-semantics; fixed selected semantics boundary.
reference-semantics/semantics/subscript.k,dba04c0acf213bef4f9f7b11243ca00a2b3ca5fa8666c544ede7d382d27d36a7,50,50,rule,ordinary-rule,rule <k> #evalB(NoBound)  => noB ... </k>,ACCEPTED_SELECTED_SUPPLIED_SEMANTICS,Byte-identical to /reference/reference-semantics; fixed selected semantics boundary.
reference-semantics/semantics/subscript.k,dba04c0acf213bef4f9f7b11243ca00a2b3ca5fa8666c544ede7d382d27d36a7,51,51,rule,ordinary-rule,rule <k> #evalB(E:Expr)   => E ~> #toSome ... </k>,ACCEPTED_SELECTED_SUPPLIED_SEMANTICS,Byte-identical to /reference/reference-semantics; fixed selected semantics boundary.
reference-semantics/semantics/subscript.k,dba04c0acf213bef4f9f7b11243ca00a2b3ca5fa8666c544ede7d382d27d36a7,52,52,rule,ordinary-rule,rule <k> I:Int ~> #toSome => someB(I) ... </k>,ACCEPTED_SELECTED_SUPPLIED_SEMANTICS,Byte-identical to /reference/reference-semantics; fixed selected semantics boundary.
reference-semantics/semantics/subscript.k,dba04c0acf213bef4f9f7b11243ca00a2b3ca5fa8666c544ede7d382d27d36a7,54,54,rule,ordinary-rule,"rule <k> Subscript(OBJ:Val, Slice(LO:Bound, HI:Bound, ST:Bound)) => #evalB(LO) ~> #slLo(OBJ, HI, ST) ... </k>",ACCEPTED_SELECTED_SUPPLIED_SEMANTICS,Byte-identical to /reference/reference-semantics; fixed selected semantics boundary.
reference-semantics/semantics/subscript.k,dba04c0acf213bef4f9f7b11243ca00a2b3ca5fa8666c544ede7d382d27d36a7,55,55,rule,ordinary-rule,"rule <k> LO:OptInt ~> #slLo(OBJ:Val, HI:Bound, ST:Bound)   => #evalB(HI) ~> #slHi(OBJ, LO, ST) ... </k>",ACCEPTED_SELECTED_SUPPLIED_SEMANTICS,Byte-identical to /reference/reference-semantics; fixed selected semantics boundary.
reference-semantics/semantics/subscript.k,dba04c0acf213bef4f9f7b11243ca00a2b3ca5fa8666c544ede7d382d27d36a7,56,57,rule,ordinary-rule,"rule <k> HI:OptInt ~> #slHi(OBJ:Val, LO:OptInt, ST:Bound)  => #evalB(ST) ~> #slStep(OBJ, LO, HI) ... </k> // a list slice constructs a NEW object; a str slice stays a value",ACCEPTED_SELECTED_SUPPLIED_SEMANTICS,Byte-identical to /reference/reference-semantics; fixed selected semantics boundary.
reference-semantics/semantics/subscript.k,dba04c0acf213bef4f9f7b11243ca00a2b3ca5fa8666c544ede7d382d27d36a7,58,60,rule,priority;ordinary-rule,"rule <k> ST:OptInt ~> #slStep(list(VS:ValSeq), LO:OptInt, HI:OptInt) => #alloc(doSlice(list(VS), LO, HI, ST)) ... </k>",ACCEPTED_SELECTED_SUPPLIED_SEMANTICS,Byte-identical to /reference/reference-semantics; fixed selected semantics boundary.
reference-semantics/semantics/subscript.k,dba04c0acf213bef4f9f7b11243ca00a2b3ca5fa8666c544ede7d382d27d36a7,61,61,rule,ordinary-rule,"rule <k> ST:OptInt ~> #slStep(OBJ:Val, LO:OptInt, HI:OptInt) => doSlice(OBJ, LO, HI, ST) ... </k>",ACCEPTED_SELECTED_SUPPLIED_SEMANTICS,Byte-identical to /reference/reference-semantics; fixed selected semantics boundary.
reference-semantics/semantics/subscript.k,dba04c0acf213bef4f9f7b11243ca00a2b3ca5fa8666c544ede7d382d27d36a7,63,63,syntax,function,"syntax Val ::= doSlice(Val, OptInt, OptInt, OptInt) [function]",ACCEPTED_SELECTED_SUPPLIED_SEMANTICS,Byte-identical to /reference/reference-semantics; fixed selected semantics boundary.
reference-semantics/semantics/subscript.k,dba04c0acf213bef4f9f7b11243ca00a2b3ca5fa8666c544ede7d382d27d36a7,64,65,rule,ordinary-rule,"rule doSlice(list(VS:ValSeq), LO:OptInt, HI:OptInt, ST:OptInt) => list(buildVS(VS, slStart(LO, ST, vsLen(VS)), slStop(HI, ST, vsLen(VS)), slStep(ST)))",ACCEPTED_SELECTED_SUPPLIED_SEMANTICS,Byte-identical to /reference/reference-semantics; fixed selected semantics boundary.
reference-semantics/semantics/subscript.k,dba04c0acf213bef4f9f7b11243ca00a2b3ca5fa8666c544ede7d382d27d36a7,66,67,rule,ordinary-rule,"rule doSlice(tuple(VS:ValSeq), LO:OptInt, HI:OptInt, ST:OptInt) => tuple(buildVS(VS, slStart(LO, ST, vsLen(VS)), slStop(HI, ST, vsLen(VS)), slStep(ST)))",ACCEPTED_SELECTED_SUPPLIED_SEMANTICS,Byte-identical to /reference/reference-semantics; fixed selected semantics boundary.
reference-semantics/semantics/subscript.k,dba04c0acf213bef4f9f7b11243ca00a2b3ca5fa8666c544ede7d382d27d36a7,68,71,rule,ordinary-rule,"rule doSlice(str(IS:IntSeq), LO:OptInt, HI:OptInt, ST:OptInt) => str(buildIS(IS, slStart(LO, ST, isLen(IS)), slStop(HI, ST, isLen(IS)), slStep(ST)))",ACCEPTED_SELECTED_SUPPLIED_SEMANTICS,Byte-identical to /reference/reference-semantics; fixed selected semantics boundary.
reference-semantics/semantics/subscript.k,dba04c0acf213bef4f9f7b11243ca00a2b3ca5fa8666c544ede7d382d27d36a7,72,72,syntax,function;total,"syntax Int ::= slStep(OptInt) [function, total]",ACCEPTED_SELECTED_SUPPLIED_SEMANTICS,Byte-identical to /reference/reference-semantics; fixed selected semantics boundary.
reference-semantics/semantics/subscript.k,dba04c0acf213bef4f9f7b11243ca00a2b3ca5fa8666c544ede7d382d27d36a7,73,73,rule,ordinary-rule,rule slStep(noB)          => 1,ACCEPTED_SELECTED_SUPPLIED_SEMANTICS,Byte-identical to /reference/reference-semantics; fixed selected semantics boundary.
reference-semantics/semantics/subscript.k,dba04c0acf213bef4f9f7b11243ca00a2b3ca5fa8666c544ede7d382d27d36a7,74,74,rule,ordinary-rule,rule slStep(someB(S:Int)) => S,ACCEPTED_SELECTED_SUPPLIED_SEMANTICS,Byte-identical to /reference/reference-semantics; fixed selected semantics boundary.
reference-semantics/semantics/subscript.k,dba04c0acf213bef4f9f7b11243ca00a2b3ca5fa8666c544ede7d382d27d36a7,76,76,syntax,function,"syntax Int ::= slStart(OptInt, OptInt, Int) [function]",ACCEPTED_SELECTED_SUPPLIED_SEMANTICS,Byte-identical to /reference/reference-semantics; fixed selected semantics boundary.
reference-semantics/semantics/subscript.k,dba04c0acf213bef4f9f7b11243ca00a2b3ca5fa8666c544ede7d382d27d36a7,77,78,rule,ordinary-rule,"rule slStart(noB,          ST:OptInt, _LEN:Int) => 0 requires slStep(ST) >Int 0",ACCEPTED_SELECTED_SUPPLIED_SEMANTICS,Byte-identical to /reference/reference-semantics; fixed selected semantics boundary.
reference-semantics/semantics/subscript.k,dba04c0acf213bef4f9f7b11243ca00a2b3ca5fa8666c544ede7d382d27d36a7,79,80,rule,ordinary-rule,"rule slStart(noB,          ST:OptInt, LEN:Int)  => LEN -Int 1 requires slStep(ST) <Int 0",ACCEPTED_SELECTED_SUPPLIED_SEMANTICS,Byte-identical to /reference/reference-semantics; fixed selected semantics boundary.
reference-semantics/semantics/subscript.k,dba04c0acf213bef4f9f7b11243ca00a2b3ca5fa8666c544ede7d382d27d36a7,81,81,rule,ordinary-rule,"rule slStart(someB(I:Int), ST:OptInt, LEN:Int)  => slAdjust(I, LEN, slStep(ST))",ACCEPTED_SELECTED_SUPPLIED_SEMANTICS,Byte-identical to /reference/reference-semantics; fixed selected semantics boundary.
reference-semantics/semantics/subscript.k,dba04c0acf213bef4f9f7b11243ca00a2b3ca5fa8666c544ede7d382d27d36a7,83,83,syntax,function,"syntax Int ::= slStop(OptInt, OptInt, Int) [function]",ACCEPTED_SELECTED_SUPPLIED_SEMANTICS,Byte-identical to /reference/reference-semantics; fixed selected semantics boundary.
reference-semantics/semantics/subscript.k,dba04c0acf213bef4f9f7b11243ca00a2b3ca5fa8666c544ede7d382d27d36a7,84,85,rule,ordinary-rule,"rule slStop(noB,          ST:OptInt, LEN:Int)  => LEN requires slStep(ST) >Int 0",ACCEPTED_SELECTED_SUPPLIED_SEMANTICS,Byte-identical to /reference/reference-semantics; fixed selected semantics boundary.
reference-semantics/semantics/subscript.k,dba04c0acf213bef4f9f7b11243ca00a2b3ca5fa8666c544ede7d382d27d36a7,86,87,rule,ordinary-rule,"rule slStop(noB,          ST:OptInt, _LEN:Int) => -1 requires slStep(ST) <Int 0",ACCEPTED_SELECTED_SUPPLIED_SEMANTICS,Byte-identical to /reference/reference-semantics; fixed selected semantics boundary.
reference-semantics/semantics/subscript.k,dba04c0acf213bef4f9f7b11243ca00a2b3ca5fa8666c544ede7d382d27d36a7,88,88,rule,ordinary-rule,"rule slStop(someB(I:Int), ST:OptInt, LEN:Int)  => slAdjust(I, LEN, slStep(ST))",ACCEPTED_SELECTED_SUPPLIED_SEMANTICS,Byte-identical to /reference/reference-semantics; fixed selected semantics boundary.
reference-semantics/semantics/subscript.k,dba04c0acf213bef4f9f7b11243ca00a2b3ca5fa8666c544ede7d382d27d36a7,90,90,syntax,function;total,"syntax Int ::= slAdjust(Int, Int, Int) [function, total]",ACCEPTED_SELECTED_SUPPLIED_SEMANTICS,Byte-identical to /reference/reference-semantics; fixed selected semantics boundary.
reference-semantics/semantics/subscript.k,dba04c0acf213bef4f9f7b11243ca00a2b3ca5fa8666c544ede7d382d27d36a7,91,92,rule,ordinary-rule,"rule slAdjust(I:Int, LEN:Int, STEP:Int) => clampLo(I +Int LEN, STEP) requires I  <Int 0",ACCEPTED_SELECTED_SUPPLIED_SEMANTICS,Byte-identical to /reference/reference-semantics; fixed selected semantics boundary.
reference-semantics/semantics/subscript.k,dba04c0acf213bef4f9f7b11243ca00a2b3ca5fa8666c544ede7d382d27d36a7,93,94,rule,ordinary-rule,"rule slAdjust(I:Int, LEN:Int, STEP:Int) => clampHi(I, LEN, STEP) requires I >=Int 0",ACCEPTED_SELECTED_SUPPLIED_SEMANTICS,Byte-identical to /reference/reference-semantics; fixed selected semantics boundary.
reference-semantics/semantics/subscript.k,dba04c0acf213bef4f9f7b11243ca00a2b3ca5fa8666c544ede7d382d27d36a7,96,96,syntax,function;total,"syntax Int ::= clampLo(Int, Int) [function, total]",ACCEPTED_SELECTED_SUPPLIED_SEMANTICS,Byte-identical to /reference/reference-semantics; fixed selected semantics boundary.
reference-semantics/semantics/subscript.k,dba04c0acf213bef4f9f7b11243ca00a2b3ca5fa8666c544ede7d382d27d36a7,97,98,rule,ordinary-rule,"rule clampLo(J:Int, _STEP:Int) => J requires J >=Int 0",ACCEPTED_SELECTED_SUPPLIED_SEMANTICS,Byte-identical to /reference/reference-semantics; fixed selected semantics boundary.
reference-semantics/semantics/subscript.k,dba04c0acf213bef4f9f7b11243ca00a2b3ca5fa8666c544ede7d382d27d36a7,99,100,rule,ordinary-rule,"rule clampLo(J:Int, STEP:Int)  => #if STEP <Int 0 #then -1 #else 0 #fi requires J <Int 0",ACCEPTED_SELECTED_SUPPLIED_SEMANTICS,Byte-identical to /reference/reference-semantics; fixed selected semantics boundary.
reference-semantics/semantics/subscript.k,dba04c0acf213bef4f9f7b11243ca00a2b3ca5fa8666c544ede7d382d27d36a7,102,102,syntax,function;total,"syntax Int ::= clampHi(Int, Int, Int) [function, total]",ACCEPTED_SELECTED_SUPPLIED_SEMANTICS,Byte-identical to /reference/reference-semantics; fixed selected semantics boundary.
reference-semantics/semantics/subscript.k,dba04c0acf213bef4f9f7b11243ca00a2b3ca5fa8666c544ede7d382d27d36a7,103,104,rule,ordinary-rule,"rule clampHi(I:Int, LEN:Int, _STEP:Int) => I requires I  <Int LEN",ACCEPTED_SELECTED_SUPPLIED_SEMANTICS,Byte-identical to /reference/reference-semantics; fixed selected semantics boundary.
reference-semantics/semantics/subscript.k,dba04c0acf213bef4f9f7b11243ca00a2b3ca5fa8666c544ede7d382d27d36a7,105,108,rule,ordinary-rule,"rule clampHi(I:Int, LEN:Int, STEP:Int)  => #if STEP <Int 0 #then LEN -Int 1 #else LEN #fi requires I >=Int LEN",ACCEPTED_SELECTED_SUPPLIED_SEMANTICS,Byte-identical to /reference/reference-semantics; fixed selected semantics boundary.
reference-semantics/semantics/subscript.k,dba04c0acf213bef4f9f7b11243ca00a2b3ca5fa8666c544ede7d382d27d36a7,109,109,syntax,function,"syntax ValSeq ::= buildVS(ValSeq, Int, Int, Int) [function]",ACCEPTED_SELECTED_SUPPLIED_SEMANTICS,Byte-identical to /reference/reference-semantics; fixed selected semantics boundary.
reference-semantics/semantics/subscript.k,dba04c0acf213bef4f9f7b11243ca00a2b3ca5fa8666c544ede7d382d27d36a7,110,112,rule,ordinary-rule,"rule buildVS(VS:ValSeq, I:Int, STOP:Int, STEP:Int) => vCons(valSeqAt(VS, I), buildVS(VS, I +Int STEP, STOP, STEP))",ACCEPTED_SELECTED_SUPPLIED_SEMANTICS,Byte-identical to /reference/reference-semantics; fixed selected semantics boundary.
reference-semantics/semantics/subscript.k,dba04c0acf213bef4f9f7b11243ca00a2b3ca5fa8666c544ede7d382d27d36a7,113,114,rule,ordinary-rule,"rule buildVS(_:ValSeq, I:Int, STOP:Int, STEP:Int) => .ValSeq requires notBool ((STEP >Int 0 andBool I <Int STOP) orBool (STEP <Int 0 andBool I >Int STOP))",ACCEPTED_SELECTED_SUPPLIED_SEMANTICS,Byte-identical to /reference/reference-semantics; fixed selected semantics boundary.
reference-semantics/semantics/subscript.k,dba04c0acf213bef4f9f7b11243ca00a2b3ca5fa8666c544ede7d382d27d36a7,116,116,syntax,function,"syntax IntSeq ::= buildIS(IntSeq, Int, Int, Int) [function]",ACCEPTED_SELECTED_SUPPLIED_SEMANTICS,Byte-identical to /reference/reference-semantics; fixed selected semantics boundary.
reference-semantics/semantics/subscript.k,dba04c0acf213bef4f9f7b11243ca00a2b3ca5fa8666c544ede7d382d27d36a7,117,119,rule,ordinary-rule,"rule buildIS(IS:IntSeq, I:Int, STOP:Int, STEP:Int) => iCons(intSeqAt(IS, I), buildIS(IS, I +Int STEP, STOP, STEP))",ACCEPTED_SELECTED_SUPPLIED_SEMANTICS,Byte-identical to /reference/reference-semantics; fixed selected semantics boundary.
reference-semantics/semantics/subscript.k,dba04c0acf213bef4f9f7b11243ca00a2b3ca5fa8666c544ede7d382d27d36a7,120,121,rule,ordinary-rule,"rule buildIS(_:IntSeq, I:Int, STOP:Int, STEP:Int) => .IntSeq requires notBool ((STEP >Int 0 andBool I <Int STOP) orBool (STEP <Int 0 andBool I >Int STOP))",ACCEPTED_SELECTED_SUPPLIED_SEMANTICS,Byte-identical to /reference/reference-semantics; fixed selected semantics boundary.
reference-semantics/semantics/subscript.k,dba04c0acf213bef4f9f7b11243ca00a2b3ca5fa8666c544ede7d382d27d36a7,122,122,endmodule,,endmodule,ACCEPTED_SELECTED_SUPPLIED_SEMANTICS,Byte-identical to /reference/reference-semantics; fixed selected semantics boundary.
reference-semantics/semantics/syntax.k,1e9e629e5e6e14bdd7f4d530375e8655a89366b5ecd0c24a3c57ad3b5708f2a6,3,3,module,,module MPY-SYNTAX,ACCEPTED_SELECTED_SUPPLIED_SEMANTICS,Byte-identical to /reference/reference-semantics; fixed selected semantics boundary.
reference-semantics/semantics/syntax.k,1e9e629e5e6e14bdd7f4d530375e8655a89366b5ecd0c24a3c57ad3b5708f2a6,4,4,imports,,imports INT-SYNTAX,ACCEPTED_SELECTED_SUPPLIED_SEMANTICS,Byte-identical to /reference/reference-semantics; fixed selected semantics boundary.
reference-semantics/semantics/syntax.k,1e9e629e5e6e14bdd7f4d530375e8655a89366b5ecd0c24a3c57ad3b5708f2a6,5,5,imports,,imports FLOAT-SYNTAX,ACCEPTED_SELECTED_SUPPLIED_SEMANTICS,Byte-identical to /reference/reference-semantics; fixed selected semantics boundary.
reference-semantics/semantics/syntax.k,1e9e629e5e6e14bdd7f4d530375e8655a89366b5ecd0c24a3c57ad3b5708f2a6,6,6,imports,,imports BOOL-SYNTAX,ACCEPTED_SELECTED_SUPPLIED_SEMANTICS,Byte-identical to /reference/reference-semantics; fixed selected semantics boundary.
reference-semantics/semantics/syntax.k,1e9e629e5e6e14bdd7f4d530375e8655a89366b5ecd0c24a3c57ad3b5708f2a6,7,7,imports,,imports STRING-SYNTAX,ACCEPTED_SELECTED_SUPPLIED_SEMANTICS,Byte-identical to /reference/reference-semantics; fixed selected semantics boundary.
reference-semantics/semantics/syntax.k,1e9e629e5e6e14bdd7f4d530375e8655a89366b5ecd0c24a3c57ad3b5708f2a6,9,30,syntax,macro;strict,"syntax Expr ::= ""Int""      ""("" Int "")"" | ""Float""    ""("" Float "")""",ACCEPTED_SELECTED_SUPPLIED_SEMANTICS,Byte-identical to /reference/reference-semantics; fixed selected semantics boundary.
reference-semantics/semantics/syntax.k,1e9e629e5e6e14bdd7f4d530375e8655a89366b5ecd0c24a3c57ad3b5708f2a6,32,32,syntax,,"syntax CmpOp    ::= ""CmpOp"" ""("" String "","" Expr "")""",ACCEPTED_SELECTED_SUPPLIED_SEMANTICS,Byte-identical to /reference/reference-semantics; fixed selected semantics boundary.
reference-semantics/semantics/syntax.k,1e9e629e5e6e14bdd7f4d530375e8655a89366b5ecd0c24a3c57ad3b5708f2a6,33,33,syntax,,"syntax Entry    ::= ""Entry"" ""("" Expr "","" Expr "")""",ACCEPTED_SELECTED_SUPPLIED_SEMANTICS,Byte-identical to /reference/reference-semantics; fixed selected semantics boundary.
reference-semantics/semantics/syntax.k,1e9e629e5e6e14bdd7f4d530375e8655a89366b5ecd0c24a3c57ad3b5708f2a6,34,34,syntax,,"syntax Entries  ::= List{Entry, "",""}",ACCEPTED_SELECTED_SUPPLIED_SEMANTICS,Byte-identical to /reference/reference-semantics; fixed selected semantics boundary.
reference-semantics/semantics/syntax.k,1e9e629e5e6e14bdd7f4d530375e8655a89366b5ecd0c24a3c57ad3b5708f2a6,35,35,syntax,,"syntax CompFor  ::= ""CompFor"" ""("" Expr "","" Expr "","" Exprs "")""",ACCEPTED_SELECTED_SUPPLIED_SEMANTICS,Byte-identical to /reference/reference-semantics; fixed selected semantics boundary.
reference-semantics/semantics/syntax.k,1e9e629e5e6e14bdd7f4d530375e8655a89366b5ecd0c24a3c57ad3b5708f2a6,36,36,syntax,,"syntax CompFors ::= List{CompFor, """"}",ACCEPTED_SELECTED_SUPPLIED_SEMANTICS,Byte-identical to /reference/reference-semantics; fixed selected semantics boundary.
reference-semantics/semantics/syntax.k,1e9e629e5e6e14bdd7f4d530375e8655a89366b5ecd0c24a3c57ad3b5708f2a6,37,37,syntax,,"syntax Exprs    ::= List{Expr, "",""}",ACCEPTED_SELECTED_SUPPLIED_SEMANTICS,Byte-identical to /reference/reference-semantics; fixed selected semantics boundary.
reference-semantics/semantics/syntax.k,1e9e629e5e6e14bdd7f4d530375e8655a89366b5ecd0c24a3c57ad3b5708f2a6,38,38,syntax,,"syntax Index    ::= Expr | ""Slice"" ""("" Bound "","" Bound "","" Bound "")""",ACCEPTED_SELECTED_SUPPLIED_SEMANTICS,Byte-identical to /reference/reference-semantics; fixed selected semantics boundary.
reference-semantics/semantics/syntax.k,1e9e629e5e6e14bdd7f4d530375e8655a89366b5ecd0c24a3c57ad3b5708f2a6,39,39,syntax,,"syntax Bound    ::= Expr | ""NoBound""",ACCEPTED_SELECTED_SUPPLIED_SEMANTICS,Byte-identical to /reference/reference-semantics; fixed selected semantics boundary.
reference-semantics/semantics/syntax.k,1e9e629e5e6e14bdd7f4d530375e8655a89366b5ecd0c24a3c57ad3b5708f2a6,41,54,syntax,strict,"syntax Stmt ::= ""Assign""    ""("" Expr "","" Expr "")"" [strict(2)] | ""Import""    ""("" String "")""",ACCEPTED_SELECTED_SUPPLIED_SEMANTICS,Byte-identical to /reference/reference-semantics; fixed selected semantics boundary.
reference-semantics/semantics/syntax.k,1e9e629e5e6e14bdd7f4d530375e8655a89366b5ecd0c24a3c57ad3b5708f2a6,56,56,syntax,,"syntax Stmts      ::= List{Stmt, """"}",ACCEPTED_SELECTED_SUPPLIED_SEMANTICS,Byte-identical to /reference/reference-semantics; fixed selected semantics boundary.
reference-semantics/semantics/syntax.k,1e9e629e5e6e14bdd7f4d530375e8655a89366b5ecd0c24a3c57ad3b5708f2a6,57,57,syntax,,"syntax Params     ::= ""Params"" ""("" ParamNames "")""",ACCEPTED_SELECTED_SUPPLIED_SEMANTICS,Byte-identical to /reference/reference-semantics; fixed selected semantics boundary.
reference-semantics/semantics/syntax.k,1e9e629e5e6e14bdd7f4d530375e8655a89366b5ecd0c24a3c57ad3b5708f2a6,58,58,syntax,,"syntax CellVars   ::= ""CellVars"" ""("" ParamNames "")""",ACCEPTED_SELECTED_SUPPLIED_SEMANTICS,Byte-identical to /reference/reference-semantics; fixed selected semantics boundary.
reference-semantics/semantics/syntax.k,1e9e629e5e6e14bdd7f4d530375e8655a89366b5ecd0c24a3c57ad3b5708f2a6,59,59,syntax,,"syntax FreeVars   ::= ""FreeVars"" ""("" ParamNames "")""",ACCEPTED_SELECTED_SUPPLIED_SEMANTICS,Byte-identical to /reference/reference-semantics; fixed selected semantics boundary.
reference-semantics/semantics/syntax.k,1e9e629e5e6e14bdd7f4d530375e8655a89366b5ecd0c24a3c57ad3b5708f2a6,60,60,syntax,,"syntax ParamNames ::= List{String, "",""}",ACCEPTED_SELECTED_SUPPLIED_SEMANTICS,Byte-identical to /reference/reference-semantics; fixed selected semantics boundary.
reference-semantics/semantics/syntax.k,1e9e629e5e6e14bdd7f4d530375e8655a89366b5ecd0c24a3c57ad3b5708f2a6,61,61,syntax,,"syntax Module     ::= ""Module"" ""("" Stmts "")""",ACCEPTED_SELECTED_SUPPLIED_SEMANTICS,Byte-identical to /reference/reference-semantics; fixed selected semantics boundary.
reference-semantics/semantics/syntax.k,1e9e629e5e6e14bdd7f4d530375e8655a89366b5ecd0c24a3c57ad3b5708f2a6,62,62,endmodule,,endmodule,ACCEPTED_SELECTED_SUPPLIED_SEMANTICS,Byte-identical to /reference/reference-semantics; fixed selected semantics boundary.
reference-semantics/semantics/tuple.k,41395a1ec6a58129c78facb15b44206907c54d79e86ea363ae68cb37bfc64abb,3,3,module,,module MPY-TUPLE,ACCEPTED_SELECTED_SUPPLIED_SEMANTICS,Byte-identical to /reference/reference-semantics; fixed selected semantics boundary.
reference-semantics/semantics/tuple.k,41395a1ec6a58129c78facb15b44206907c54d79e86ea363ae68cb37bfc64abb,4,4,imports,,imports MPY-CORE,ACCEPTED_SELECTED_SUPPLIED_SEMANTICS,Byte-identical to /reference/reference-semantics; fixed selected semantics boundary.
reference-semantics/semantics/tuple.k,41395a1ec6a58129c78facb15b44206907c54d79e86ea363ae68cb37bfc64abb,5,5,imports,,imports MPY-ITER,ACCEPTED_SELECTED_SUPPLIED_SEMANTICS,Byte-identical to /reference/reference-semantics; fixed selected semantics boundary.
reference-semantics/semantics/tuple.k,41395a1ec6a58129c78facb15b44206907c54d79e86ea363ae68cb37bfc64abb,6,6,imports,,imports MPY-LIST,ACCEPTED_SELECTED_SUPPLIED_SEMANTICS,Byte-identical to /reference/reference-semantics; fixed selected semantics boundary.
reference-semantics/semantics/tuple.k,41395a1ec6a58129c78facb15b44206907c54d79e86ea363ae68cb37bfc64abb,7,9,imports,,imports MPY-METHODS ,ACCEPTED_SELECTED_SUPPLIED_SEMANTICS,Byte-identical to /reference/reference-semantics; fixed selected semantics boundary.
reference-semantics/semantics/tuple.k,41395a1ec6a58129c78facb15b44206907c54d79e86ea363ae68cb37bfc64abb,10,10,rule,ordinary-rule,rule <k> #iterNext(tuple(.ValSeq))                => #iterDone ... </k>,ACCEPTED_SELECTED_SUPPLIED_SEMANTICS,Byte-identical to /reference/reference-semantics; fixed selected semantics boundary.
reference-semantics/semantics/tuple.k,41395a1ec6a58129c78facb15b44206907c54d79e86ea363ae68cb37bfc64abb,11,13,rule,ordinary-rule,"rule <k> #iterNext(tuple(vCons(V:Val, R:ValSeq))) => #iterYield(V, tuple(R)) ... </k> ",ACCEPTED_SELECTED_SUPPLIED_SEMANTICS,Byte-identical to /reference/reference-semantics; fixed selected semantics boundary.
reference-semantics/semantics/tuple.k,41395a1ec6a58129c78facb15b44206907c54d79e86ea363ae68cb37bfc64abb,14,14,syntax,,"syntax ApplyK ::= ""toTuple""",ACCEPTED_SELECTED_SUPPLIED_SEMANTICS,Byte-identical to /reference/reference-semantics; fixed selected semantics boundary.
reference-semantics/semantics/tuple.k,41395a1ec6a58129c78facb15b44206907c54d79e86ea363ae68cb37bfc64abb,15,15,rule,ordinary-rule,"rule <k> TupleExpr(ES:Exprs) => #evalArgs(ES, .Vals, toTuple) ... </k>",ACCEPTED_SELECTED_SUPPLIED_SEMANTICS,Byte-identical to /reference/reference-semantics; fixed selected semantics boundary.
reference-semantics/semantics/tuple.k,41395a1ec6a58129c78facb15b44206907c54d79e86ea363ae68cb37bfc64abb,16,16,rule,ordinary-rule,"rule <k> #applyK(toTuple, ACC:Vals) => tuple(vals2valSeq(ACC)) ... </k>",ACCEPTED_SELECTED_SUPPLIED_SEMANTICS,Byte-identical to /reference/reference-semantics; fixed selected semantics boundary.
reference-semantics/semantics/tuple.k,41395a1ec6a58129c78facb15b44206907c54d79e86ea363ae68cb37bfc64abb,18,19,rule,ordinary-rule,"rule applyCmp(""=="", tuple(A:ValSeq), tuple(B:ValSeq)) => A ==K B // membership routes through the same k-cell fold as lists (list.k)",ACCEPTED_SELECTED_SUPPLIED_SEMANTICS,Byte-identical to /reference/reference-semantics; fixed selected semantics boundary.
reference-semantics/semantics/tuple.k,41395a1ec6a58129c78facb15b44206907c54d79e86ea363ae68cb37bfc64abb,20,20,rule,ordinary-rule,"rule <k> Compare(LV:Val, CmpOp(""in"",     tuple(VS:ValSeq))) => #memberAcc(LV, tuple(VS)) ... </k>",ACCEPTED_SELECTED_SUPPLIED_SEMANTICS,Byte-identical to /reference/reference-semantics; fixed selected semantics boundary.
reference-semantics/semantics/tuple.k,41395a1ec6a58129c78facb15b44206907c54d79e86ea363ae68cb37bfc64abb,21,22,rule,ordinary-rule,"rule <k> Compare(LV:Val, CmpOp(""not in"", tuple(VS:ValSeq))) => #memberAcc(LV, tuple(VS)) ~> #notB ... </k> // t.index(v): first index of v (ValueError out of subset)",ACCEPTED_SELECTED_SUPPLIED_SEMANTICS,Byte-identical to /reference/reference-semantics; fixed selected semantics boundary.
reference-semantics/semantics/tuple.k,41395a1ec6a58129c78facb15b44206907c54d79e86ea363ae68cb37bfc64abb,23,23,rule,ordinary-rule,"rule applyMethod(tuple(VS:ValSeq), ""index"", V:Val, .Vals) => idxOfVS(VS, V, 0)",ACCEPTED_SELECTED_SUPPLIED_SEMANTICS,Byte-identical to /reference/reference-semantics; fixed selected semantics boundary.
reference-semantics/semantics/tuple.k,41395a1ec6a58129c78facb15b44206907c54d79e86ea363ae68cb37bfc64abb,24,24,syntax,function,"syntax Int ::= idxOfVS(ValSeq, Val, Int) [function]",ACCEPTED_SELECTED_SUPPLIED_SEMANTICS,Byte-identical to /reference/reference-semantics; fixed selected semantics boundary.
reference-semantics/semantics/tuple.k,41395a1ec6a58129c78facb15b44206907c54d79e86ea363ae68cb37bfc64abb,25,25,rule,ordinary-rule,"rule idxOfVS(vCons(A:Val, _:ValSeq), V:Val, I:Int) => I requires A ==K V",ACCEPTED_SELECTED_SUPPLIED_SEMANTICS,Byte-identical to /reference/reference-semantics; fixed selected semantics boundary.
reference-semantics/semantics/tuple.k,41395a1ec6a58129c78facb15b44206907c54d79e86ea363ae68cb37bfc64abb,26,27,rule,ordinary-rule,"rule idxOfVS(vCons(A:Val, R:ValSeq), V:Val, I:Int) => idxOfVS(R, V, I +Int 1) requires notBool (A ==K V)",ACCEPTED_SELECTED_SUPPLIED_SEMANTICS,Byte-identical to /reference/reference-semantics; fixed selected semantics boundary.
reference-semantics/semantics/tuple.k,41395a1ec6a58129c78facb15b44206907c54d79e86ea363ae68cb37bfc64abb,28,30,rule,ordinary-rule,"rule applyCmp(""!="", tuple(A:ValSeq), tuple(B:ValSeq)) => notBool (A ==K B) ",ACCEPTED_SELECTED_SUPPLIED_SEMANTICS,Byte-identical to /reference/reference-semantics; fixed selected semantics boundary.
reference-semantics/semantics/tuple.k,41395a1ec6a58129c78facb15b44206907c54d79e86ea363ae68cb37bfc64abb,31,31,syntax,,"syntax KItem ::= #bindTgt(Expr, Val)",ACCEPTED_SELECTED_SUPPLIED_SEMANTICS,Byte-identical to /reference/reference-semantics; fixed selected semantics boundary.
reference-semantics/semantics/tuple.k,41395a1ec6a58129c78facb15b44206907c54d79e86ea363ae68cb37bfc64abb,32,34,rule,ordinary-rule,"rule <k> #bindTgt(Name(X:String), V:Val) => .K ... </k> <env> L:Int </env>",ACCEPTED_SELECTED_SUPPLIED_SEMANTICS,Byte-identical to /reference/reference-semantics; fixed selected semantics boundary.
reference-semantics/semantics/tuple.k,41395a1ec6a58129c78facb15b44206907c54d79e86ea363ae68cb37bfc64abb,35,41,rule,priority;ordinary-rule,"rule <k> #bindTgt(Name(X:String), V:Val) => #cellW({M[X]}:>Val, V) ... </k> <env> L:Int </env>",ACCEPTED_SELECTED_SUPPLIED_SEMANTICS,Byte-identical to /reference/reference-semantics; fixed selected semantics boundary.
reference-semantics/semantics/tuple.k,41395a1ec6a58129c78facb15b44206907c54d79e86ea363ae68cb37bfc64abb,42,42,rule,ordinary-rule,"rule <k> #bindTgt(TupleExpr(TS:Exprs), tuple(VS:ValSeq)) => #unpackSeq(TS, VS) ... </k>",ACCEPTED_SELECTED_SUPPLIED_SEMANTICS,Byte-identical to /reference/reference-semantics; fixed selected semantics boundary.
reference-semantics/semantics/tuple.k,41395a1ec6a58129c78facb15b44206907c54d79e86ea363ae68cb37bfc64abb,43,43,rule,ordinary-rule,"rule <k> #bindTgt(TupleExpr(TS:Exprs), list(VS:ValSeq))  => #unpackSeq(TS, VS) ... </k>",ACCEPTED_SELECTED_SUPPLIED_SEMANTICS,Byte-identical to /reference/reference-semantics; fixed selected semantics boundary.
reference-semantics/semantics/tuple.k,41395a1ec6a58129c78facb15b44206907c54d79e86ea363ae68cb37bfc64abb,44,48,rule,priority;strict;ordinary-rule,"rule <k> #bindTgt(TupleExpr(TS:Exprs), ref(H:Int)) => #bindTgt(TupleExpr(TS), V) ... </k> <heap> ... H |-> V:Val ... </heap>",ACCEPTED_SELECTED_SUPPLIED_SEMANTICS,Byte-identical to /reference/reference-semantics; fixed selected semantics boundary.
reference-semantics/semantics/tuple.k,41395a1ec6a58129c78facb15b44206907c54d79e86ea363ae68cb37bfc64abb,49,49,syntax,,"syntax KItem ::= #unpackSeq(Exprs, ValSeq)",ACCEPTED_SELECTED_SUPPLIED_SEMANTICS,Byte-identical to /reference/reference-semantics; fixed selected semantics boundary.
reference-semantics/semantics/tuple.k,41395a1ec6a58129c78facb15b44206907c54d79e86ea363ae68cb37bfc64abb,50,50,rule,ordinary-rule,"rule <k> Assign(TupleExpr(TS:Exprs), tuple(VS:ValSeq)) => #unpackSeq(TS, VS) ... </k>",ACCEPTED_SELECTED_SUPPLIED_SEMANTICS,Byte-identical to /reference/reference-semantics; fixed selected semantics boundary.
reference-semantics/semantics/tuple.k,41395a1ec6a58129c78facb15b44206907c54d79e86ea363ae68cb37bfc64abb,51,51,rule,ordinary-rule,"rule <k> Assign(TupleExpr(TS:Exprs), list(VS:ValSeq))  => #unpackSeq(TS, VS) ... </k>",ACCEPTED_SELECTED_SUPPLIED_SEMANTICS,Byte-identical to /reference/reference-semantics; fixed selected semantics boundary.
reference-semantics/semantics/tuple.k,41395a1ec6a58129c78facb15b44206907c54d79e86ea363ae68cb37bfc64abb,52,54,rule,priority;ordinary-rule,"rule <k> Assign(TupleExpr(TS:Exprs), ref(H:Int)) => Assign(TupleExpr(TS), V) ... </k> <heap> ... H |-> V:Val ... </heap>",ACCEPTED_SELECTED_SUPPLIED_SEMANTICS,Byte-identical to /reference/reference-semantics; fixed selected semantics boundary.
reference-semantics/semantics/tuple.k,41395a1ec6a58129c78facb15b44206907c54d79e86ea363ae68cb37bfc64abb,55,56,rule,ordinary-rule,"rule <k> #unpackSeq((T:Expr, TS:Exprs), vCons(V:Val, VS:ValSeq)) => #bindTgt(T, V) ~> #unpackSeq(TS, VS) ... </k>",ACCEPTED_SELECTED_SUPPLIED_SEMANTICS,Byte-identical to /reference/reference-semantics; fixed selected semantics boundary.
reference-semantics/semantics/tuple.k,41395a1ec6a58129c78facb15b44206907c54d79e86ea363ae68cb37bfc64abb,57,57,rule,ordinary-rule,"rule <k> #unpackSeq(.Exprs, .ValSeq) => .K ... </k>",ACCEPTED_SELECTED_SUPPLIED_SEMANTICS,Byte-identical to /reference/reference-semantics; fixed selected semantics boundary.
reference-semantics/semantics/tuple.k,41395a1ec6a58129c78facb15b44206907c54d79e86ea363ae68cb37bfc64abb,58,58,endmodule,,endmodule,ACCEPTED_SELECTED_SUPPLIED_SEMANTICS,Byte-identical to /reference/reference-semantics; fixed selected semantics boundary.
reference-semantics/semantics.k,57e8f9f3178639bbb87f95e5cc596bbaa91a6463f965b1965911eff9a0269f97,34,34,requires,,"requires ""semantics/syntax.k""",ACCEPTED_SELECTED_SUPPLIED_SEMANTICS,Byte-identical to /reference/reference-semantics; fixed selected semantics boundary.
reference-semantics/semantics.k,57e8f9f3178639bbb87f95e5cc596bbaa91a6463f965b1965911eff9a0269f97,35,35,requires,,"requires ""semantics/core.k""",ACCEPTED_SELECTED_SUPPLIED_SEMANTICS,Byte-identical to /reference/reference-semantics; fixed selected semantics boundary.
reference-semantics/semantics.k,57e8f9f3178639bbb87f95e5cc596bbaa91a6463f965b1965911eff9a0269f97,36,36,requires,,"requires ""semantics/iter.k""",ACCEPTED_SELECTED_SUPPLIED_SEMANTICS,Byte-identical to /reference/reference-semantics; fixed selected semantics boundary.
reference-semantics/semantics.k,57e8f9f3178639bbb87f95e5cc596bbaa91a6463f965b1965911eff9a0269f97,37,37,requires,,"requires ""semantics/range.k""",ACCEPTED_SELECTED_SUPPLIED_SEMANTICS,Byte-identical to /reference/reference-semantics; fixed selected semantics boundary.
reference-semantics/semantics.k,57e8f9f3178639bbb87f95e5cc596bbaa91a6463f965b1965911eff9a0269f97,38,38,requires,,"requires ""semantics/operators.k""",ACCEPTED_SELECTED_SUPPLIED_SEMANTICS,Byte-identical to /reference/reference-semantics; fixed selected semantics boundary.
reference-semantics/semantics.k,57e8f9f3178639bbb87f95e5cc596bbaa91a6463f965b1965911eff9a0269f97,39,39,requires,,"requires ""semantics/int.k""",ACCEPTED_SELECTED_SUPPLIED_SEMANTICS,Byte-identical to /reference/reference-semantics; fixed selected semantics boundary.
reference-semantics/semantics.k,57e8f9f3178639bbb87f95e5cc596bbaa91a6463f965b1965911eff9a0269f97,40,40,requires,,"requires ""semantics/bool.k""",ACCEPTED_SELECTED_SUPPLIED_SEMANTICS,Byte-identical to /reference/reference-semantics; fixed selected semantics boundary.
reference-semantics/semantics.k,57e8f9f3178639bbb87f95e5cc596bbaa91a6463f965b1965911eff9a0269f97,41,41,requires,,"requires ""semantics/float.k""",ACCEPTED_SELECTED_SUPPLIED_SEMANTICS,Byte-identical to /reference/reference-semantics; fixed selected semantics boundary.
reference-semantics/semantics.k,57e8f9f3178639bbb87f95e5cc596bbaa91a6463f965b1965911eff9a0269f97,42,42,requires,,"requires ""semantics/str.k""",ACCEPTED_SELECTED_SUPPLIED_SEMANTICS,Byte-identical to /reference/reference-semantics; fixed selected semantics boundary.
reference-semantics/semantics.k,57e8f9f3178639bbb87f95e5cc596bbaa91a6463f965b1965911eff9a0269f97,43,43,requires,,"requires ""semantics/set.k""",ACCEPTED_SELECTED_SUPPLIED_SEMANTICS,Byte-identical to /reference/reference-semantics; fixed selected semantics boundary.
reference-semantics/semantics.k,57e8f9f3178639bbb87f95e5cc596bbaa91a6463f965b1965911eff9a0269f97,44,44,requires,,"requires ""semantics/list.k""",ACCEPTED_SELECTED_SUPPLIED_SEMANTICS,Byte-identical to /reference/reference-semantics; fixed selected semantics boundary.
reference-semantics/semantics.k,57e8f9f3178639bbb87f95e5cc596bbaa91a6463f965b1965911eff9a0269f97,45,45,requires,,"requires ""semantics/tuple.k""",ACCEPTED_SELECTED_SUPPLIED_SEMANTICS,Byte-identical to /reference/reference-semantics; fixed selected semantics boundary.
reference-semantics/semantics.k,57e8f9f3178639bbb87f95e5cc596bbaa91a6463f965b1965911eff9a0269f97,46,46,requires,,"requires ""semantics/subscript.k""",ACCEPTED_SELECTED_SUPPLIED_SEMANTICS,Byte-identical to /reference/reference-semantics; fixed selected semantics boundary.
reference-semantics/semantics.k,57e8f9f3178639bbb87f95e5cc596bbaa91a6463f965b1965911eff9a0269f97,47,47,requires,,"requires ""semantics/comprehension.k""",ACCEPTED_SELECTED_SUPPLIED_SEMANTICS,Byte-identical to /reference/reference-semantics; fixed selected semantics boundary.
reference-semantics/semantics.k,57e8f9f3178639bbb87f95e5cc596bbaa91a6463f965b1965911eff9a0269f97,48,48,requires,,"requires ""semantics/methods.k""",ACCEPTED_SELECTED_SUPPLIED_SEMANTICS,Byte-identical to /reference/reference-semantics; fixed selected semantics boundary.
reference-semantics/semantics.k,57e8f9f3178639bbb87f95e5cc596bbaa91a6463f965b1965911eff9a0269f97,49,49,requires,,"requires ""semantics/controls.k""",ACCEPTED_SELECTED_SUPPLIED_SEMANTICS,Byte-identical to /reference/reference-semantics; fixed selected semantics boundary.
reference-semantics/semantics.k,57e8f9f3178639bbb87f95e5cc596bbaa91a6463f965b1965911eff9a0269f97,50,50,requires,function,"requires ""semantics/functions.k""",ACCEPTED_SELECTED_SUPPLIED_SEMANTICS,Byte-identical to /reference/reference-semantics; fixed selected semantics boundary.
reference-semantics/semantics.k,57e8f9f3178639bbb87f95e5cc596bbaa91a6463f965b1965911eff9a0269f97,51,51,requires,,"requires ""semantics/builtins.k""",ACCEPTED_SELECTED_SUPPLIED_SEMANTICS,Byte-identical to /reference/reference-semantics; fixed selected semantics boundary.
reference-semantics/semantics.k,57e8f9f3178639bbb87f95e5cc596bbaa91a6463f965b1965911eff9a0269f97,52,52,requires,,"requires ""semantics/call.k""",ACCEPTED_SELECTED_SUPPLIED_SEMANTICS,Byte-identical to /reference/reference-semantics; fixed selected semantics boundary.
reference-semantics/semantics.k,57e8f9f3178639bbb87f95e5cc596bbaa91a6463f965b1965911eff9a0269f97,53,53,requires,,"requires ""semantics/sort.k""",ACCEPTED_SELECTED_SUPPLIED_SEMANTICS,Byte-identical to /reference/reference-semantics; fixed selected semantics boundary.
reference-semantics/semantics.k,57e8f9f3178639bbb87f95e5cc596bbaa91a6463f965b1965911eff9a0269f97,54,54,requires,,"requires ""semantics/assert.k""",ACCEPTED_SELECTED_SUPPLIED_SEMANTICS,Byte-identical to /reference/reference-semantics; fixed selected semantics boundary.
reference-semantics/semantics.k,57e8f9f3178639bbb87f95e5cc596bbaa91a6463f965b1965911eff9a0269f97,55,55,requires,,"requires ""semantics/dict.k""",ACCEPTED_SELECTED_SUPPLIED_SEMANTICS,Byte-identical to /reference/reference-semantics; fixed selected semantics boundary.
reference-semantics/semantics.k,57e8f9f3178639bbb87f95e5cc596bbaa91a6463f965b1965911eff9a0269f97,56,56,requires,concrete,"requires ""semantics/concrete.k""",ACCEPTED_SELECTED_SUPPLIED_SEMANTICS,Byte-identical to /reference/reference-semantics; fixed selected semantics boundary.
reference-semantics/semantics.k,57e8f9f3178639bbb87f95e5cc596bbaa91a6463f965b1965911eff9a0269f97,58,58,module,,module MPY,ACCEPTED_SELECTED_SUPPLIED_SEMANTICS,Byte-identical to /reference/reference-semantics; fixed selected semantics boundary.
reference-semantics/semantics.k,57e8f9f3178639bbb87f95e5cc596bbaa91a6463f965b1965911eff9a0269f97,59,59,imports,,imports MPY-CORE,ACCEPTED_SELECTED_SUPPLIED_SEMANTICS,Byte-identical to /reference/reference-semantics; fixed selected semantics boundary.
reference-semantics/semantics.k,57e8f9f3178639bbb87f95e5cc596bbaa91a6463f965b1965911eff9a0269f97,60,60,imports,,imports MPY-ITER,ACCEPTED_SELECTED_SUPPLIED_SEMANTICS,Byte-identical to /reference/reference-semantics; fixed selected semantics boundary.
reference-semantics/semantics.k,57e8f9f3178639bbb87f95e5cc596bbaa91a6463f965b1965911eff9a0269f97,61,61,imports,,imports MPY-RANGE,ACCEPTED_SELECTED_SUPPLIED_SEMANTICS,Byte-identical to /reference/reference-semantics; fixed selected semantics boundary.
reference-semantics/semantics.k,57e8f9f3178639bbb87f95e5cc596bbaa91a6463f965b1965911eff9a0269f97,62,62,imports,,imports MPY-OPERATORS,ACCEPTED_SELECTED_SUPPLIED_SEMANTICS,Byte-identical to /reference/reference-semantics; fixed selected semantics boundary.
reference-semantics/semantics.k,57e8f9f3178639bbb87f95e5cc596bbaa91a6463f965b1965911eff9a0269f97,63,63,imports,,imports MPY-INT,ACCEPTED_SELECTED_SUPPLIED_SEMANTICS,Byte-identical to /reference/reference-semantics; fixed selected semantics boundary.
reference-semantics/semantics.k,57e8f9f3178639bbb87f95e5cc596bbaa91a6463f965b1965911eff9a0269f97,64,64,imports,,imports MPY-BOOL,ACCEPTED_SELECTED_SUPPLIED_SEMANTICS,Byte-identical to /reference/reference-semantics; fixed selected semantics boundary.
reference-semantics/semantics.k,57e8f9f3178639bbb87f95e5cc596bbaa91a6463f965b1965911eff9a0269f97,65,65,imports,,imports MPY-FLOAT,ACCEPTED_SELECTED_SUPPLIED_SEMANTICS,Byte-identical to /reference/reference-semantics; fixed selected semantics boundary.
reference-semantics/semantics.k,57e8f9f3178639bbb87f95e5cc596bbaa91a6463f965b1965911eff9a0269f97,66,66,imports,,imports MPY-STR,ACCEPTED_SELECTED_SUPPLIED_SEMANTICS,Byte-identical to /reference/reference-semantics; fixed selected semantics boundary.
reference-semantics/semantics.k,57e8f9f3178639bbb87f95e5cc596bbaa91a6463f965b1965911eff9a0269f97,67,67,imports,,imports MPY-SET,ACCEPTED_SELECTED_SUPPLIED_SEMANTICS,Byte-identical to /reference/reference-semantics; fixed selected semantics boundary.
reference-semantics/semantics.k,57e8f9f3178639bbb87f95e5cc596bbaa91a6463f965b1965911eff9a0269f97,68,68,imports,,imports MPY-LIST,ACCEPTED_SELECTED_SUPPLIED_SEMANTICS,Byte-identical to /reference/reference-semantics; fixed selected semantics boundary.
reference-semantics/semantics.k,57e8f9f3178639bbb87f95e5cc596bbaa91a6463f965b1965911eff9a0269f97,69,69,imports,,imports MPY-TUPLE,ACCEPTED_SELECTED_SUPPLIED_SEMANTICS,Byte-identical to /reference/reference-semantics; fixed selected semantics boundary.
reference-semantics/semantics.k,57e8f9f3178639bbb87f95e5cc596bbaa91a6463f965b1965911eff9a0269f97,70,70,imports,,imports MPY-SUBSCRIPT,ACCEPTED_SELECTED_SUPPLIED_SEMANTICS,Byte-identical to /reference/reference-semantics; fixed selected semantics boundary.
reference-semantics/semantics.k,57e8f9f3178639bbb87f95e5cc596bbaa91a6463f965b1965911eff9a0269f97,71,71,imports,,imports MPY-COMPREHENSION,ACCEPTED_SELECTED_SUPPLIED_SEMANTICS,Byte-identical to /reference/reference-semantics; fixed selected semantics boundary.
reference-semantics/semantics.k,57e8f9f3178639bbb87f95e5cc596bbaa91a6463f965b1965911eff9a0269f97,72,72,imports,,imports MPY-METHODS,ACCEPTED_SELECTED_SUPPLIED_SEMANTICS,Byte-identical to /reference/reference-semantics; fixed selected semantics boundary.
reference-semantics/semantics.k,57e8f9f3178639bbb87f95e5cc596bbaa91a6463f965b1965911eff9a0269f97,73,73,imports,,imports MPY-CONTROLS,ACCEPTED_SELECTED_SUPPLIED_SEMANTICS,Byte-identical to /reference/reference-semantics; fixed selected semantics boundary.
reference-semantics/semantics.k,57e8f9f3178639bbb87f95e5cc596bbaa91a6463f965b1965911eff9a0269f97,74,74,imports,,imports MPY-FUNCTIONS,ACCEPTED_SELECTED_SUPPLIED_SEMANTICS,Byte-identical to /reference/reference-semantics; fixed selected semantics boundary.
reference-semantics/semantics.k,57e8f9f3178639bbb87f95e5cc596bbaa91a6463f965b1965911eff9a0269f97,75,75,imports,,imports MPY-BUILTINS,ACCEPTED_SELECTED_SUPPLIED_SEMANTICS,Byte-identical to /reference/reference-semantics; fixed selected semantics boundary.
reference-semantics/semantics.k,57e8f9f3178639bbb87f95e5cc596bbaa91a6463f965b1965911eff9a0269f97,76,76,imports,,imports MPY-CALL,ACCEPTED_SELECTED_SUPPLIED_SEMANTICS,Byte-identical to /reference/reference-semantics; fixed selected semantics boundary.
reference-semantics/semantics.k,57e8f9f3178639bbb87f95e5cc596bbaa91a6463f965b1965911eff9a0269f97,77,77,imports,,imports MPY-SORT,ACCEPTED_SELECTED_SUPPLIED_SEMANTICS,Byte-identical to /reference/reference-semantics; fixed selected semantics boundary.
reference-semantics/semantics.k,57e8f9f3178639bbb87f95e5cc596bbaa91a6463f965b1965911eff9a0269f97,78,78,imports,,imports MPY-ASSERT,ACCEPTED_SELECTED_SUPPLIED_SEMANTICS,Byte-identical to /reference/reference-semantics; fixed selected semantics boundary.
reference-semantics/semantics.k,57e8f9f3178639bbb87f95e5cc596bbaa91a6463f965b1965911eff9a0269f97,79,79,imports,,imports MPY-DICT,ACCEPTED_SELECTED_SUPPLIED_SEMANTICS,Byte-identical to /reference/reference-semantics; fixed selected semantics boundary.
reference-semantics/semantics.k,57e8f9f3178639bbb87f95e5cc596bbaa91a6463f965b1965911eff9a0269f97,80,86,endmodule,concrete,endmodule ,ACCEPTED_SELECTED_SUPPLIED_SEMANTICS,Byte-identical to /reference/reference-semantics; fixed selected semantics boundary.
reference-semantics/semantics.k,57e8f9f3178639bbb87f95e5cc596bbaa91a6463f965b1965911eff9a0269f97,87,87,module,,module MPY-KRUN,ACCEPTED_SELECTED_SUPPLIED_SEMANTICS,Byte-identical to /reference/reference-semantics; fixed selected semantics boundary.
reference-semantics/semantics.k,57e8f9f3178639bbb87f95e5cc596bbaa91a6463f965b1965911eff9a0269f97,88,88,imports,,imports MPY,ACCEPTED_SELECTED_SUPPLIED_SEMANTICS,Byte-identical to /reference/reference-semantics; fixed selected semantics boundary.
reference-semantics/semantics.k,57e8f9f3178639bbb87f95e5cc596bbaa91a6463f965b1965911eff9a0269f97,89,89,imports,,imports MPY-CONCRETE,ACCEPTED_SELECTED_SUPPLIED_SEMANTICS,Byte-identical to /reference/reference-semantics; fixed selected semantics boundary.
reference-semantics/semantics.k,57e8f9f3178639bbb87f95e5cc596bbaa91a6463f965b1965911eff9a0269f97,90,90,endmodule,,endmodule,ACCEPTED_SELECTED_SUPPLIED_SEMANTICS,Byte-identical to /reference/reference-semantics; fixed selected semantics boundary.
verification.k,4daf68c158107567f4ab5408713f57011b5cceac0980b5e449d955ae3016ee57,1,1,requires,,"requires ""reference-semantics/semantics.k""",CANDIDATE_STRUCTURE,Module/import structure.
verification.k,4daf68c158107567f4ab5408713f57011b5cceac0980b5e449d955ae3016ee57,3,3,module,,module VERIFICATION,CANDIDATE_STRUCTURE,Module/import structure.
verification.k,4daf68c158107567f4ab5408713f57011b5cceac0980b5e449d955ae3016ee57,4,6,imports,macro,imports MPY ,CANDIDATE_STRUCTURE,Module/import structure.
verification.k,4daf68c158107567f4ab5408713f57011b5cceac0980b5e449d955ae3016ee57,7,7,syntax,macro,"syntax Stmt ::= ""numericalLetterGradeStep"" [macro]",PINNING_GAP,Proof-local syntax for a copied branch body.
verification.k,4daf68c158107567f4ab5408713f57011b5cceac0980b5e449d955ae3016ee57,8,46,rule,ordinary-rule,"rule numericalLetterGradeStep => If(Compare(Name(""grade""), CmpOp(""=="", Float(4.0))),",PINNING_GAP,Macro duplicates the current branch body but is not linked to solution.mpy.
verification.k,4daf68c158107567f4ab5408713f57011b5cceac0980b5e449d955ae3016ee57,48,48,syntax,macro,"syntax Stmts ::= ""numericalLetterGradeBody"" [macro]",PINNING_GAP,Proof-local syntax for a copied full function body.
verification.k,4daf68c158107567f4ab5408713f57011b5cceac0980b5e449d955ae3016ee57,49,56,rule,ordinary-rule,"rule numericalLetterGradeBody => Assign(Name(""result""), ListExpr(.Exprs))",PINNING_GAP,Macro duplicates the current function body but is not linked to solution.mpy.
verification.k,4daf68c158107567f4ab5408713f57011b5cceac0980b5e449d955ae3016ee57,58,58,syntax,,syntax KItem ::= runGrades(ValSeq),SUBSTITUTED_PROGRAM_ENTRY,Synthetic entry symbol used instead of loading solution.mpy.
verification.k,4daf68c158107567f4ab5408713f57011b5cceac0980b5e449d955ae3016ee57,59,63,rule,ordinary-rule,rule <k> runGrades(VS:ValSeq) => #applyK(,SUBSTITUTED_PROGRAM_ENTRY,"Executes the duplicated macro body, not the submitted Module in solution.mpy."
verification.k,4daf68c158107567f4ab5408713f57011b5cceac0980b5e449d955ae3016ee57,65,65,syntax,function;total,"syntax Val ::= letter(String) [function, total]",ACCEPTED_DEFINITION,Letter-string value constructor.
verification.k,4daf68c158107567f4ab5408713f57011b5cceac0980b5e449d955ae3016ee57,66,66,rule,ordinary-rule,rule letter(S:String) => str(strToCodes(S)),ACCEPTED_DEFINITION,String-to-code representation is a truthful local definition.
verification.k,4daf68c158107567f4ab5408713f57011b5cceac0980b5e449d955ae3016ee57,68,69,syntax,function;total,"syntax Bool ::= eqFour(Float) [function, total] | above(Float, Float) [function, total]",MIXED_TRUST,eqFour is oracle-dependent; above delegates to supplied gtF.
verification.k,4daf68c158107567f4ab5408713f57011b5cceac0980b5e449d955ae3016ee57,70,71,syntax,function;total;symbol;no-evaluators;opaque-symbol,"syntax Bool ::= gpaEqFour(Val) [function, total, symbol(gpaEqFour), no-evaluators]",ILLEGITIMATE_RESULT_ORACLE,"Opaque, total, no-evaluators Boolean controls execution and the postcondition."
verification.k,4daf68c158107567f4ab5408713f57011b5cceac0980b5e449d955ae3016ee57,72,75,rule,priority;ordinary-rule,"rule <k> Compare(F:Float, CmpOp(""=="", 4.0)) => gpaEqFour(F)",UNSOUND_OPERATIONAL_BRIDGE,Preempts fixed Float equality with unconstrained gpaEqFour; no connection theorem.
verification.k,4daf68c158107567f4ab5408713f57011b5cceac0980b5e449d955ae3016ee57,76,76,rule,ordinary-rule,rule eqFour(F:Float)  => gpaEqFour(F),ILLEGITIMATE_ORACLE_ALIAS,Aliases eqFour to the same unconstrained result-bearing symbol used by execution.
verification.k,4daf68c158107567f4ab5408713f57011b5cceac0980b5e449d955ae3016ee57,77,81,rule,ordinary-rule,"rule above(F:Float, T:Float) => gtF(F, T) ",ACCEPTED_TRUSTED_PRIMITIVE_ALIAS,Aliases above to supplied-semantics gtF; conclusions remain conditional on gtF.
verification.k,4daf68c158107567f4ab5408713f57011b5cceac0980b5e449d955ae3016ee57,82,84,syntax,,"syntax NumericGrades ::= "".NumericGrades"" | fGrade(Float, NumericGrades)",UNCONNECTED_SYMBOLIC_INPUT,Fresh grade-list datatype has no theorem connecting it to concrete ValSeq.
verification.k,4daf68c158107567f4ab5408713f57011b5cceac0980b5e449d955ae3016ee57,85,85,syntax,,syntax ValSeq ::= numericValues(NumericGrades),UNCONNECTED_SYMBOLIC_INPUT,Fresh ValSeq wrapper consumed only by proof-local iterator bridges.
verification.k,4daf68c158107567f4ab5408713f57011b5cceac0980b5e449d955ae3016ee57,86,89,rule,priority;ordinary-rule,rule <k> #iterNext(list(numericValues(.NumericGrades))) => #iterDone,UNCONNECTED_ABSTRACT_ITERATION,"Defines iteration only for invented numericValues(.NumericGrades), with no concrete-list connection."
verification.k,4daf68c158107567f4ab5408713f57011b5cceac0980b5e449d955ae3016ee57,90,93,rule,priority;ordinary-rule,"rule <k> #iterNext(list(numericValues(fGrade(F:Float, GS:NumericGrades)))) => #iterYield(F, list(numericValues(GS)))",UNCONNECTED_ABSTRACT_ITERATION,Defines Float-head iteration for invented numericValues input.
verification.k,4daf68c158107567f4ab5408713f57011b5cceac0980b5e449d955ae3016ee57,94,97,rule,priority;ordinary-rule,"rule <k> #iterNext(list(numericValues(iGrade(I:Int, GS:NumericGrades)))) => #iterYield(I, list(numericValues(GS)))",UNCONNECTED_ABSTRACT_ITERATION,Defines Int-head iteration for invented numericValues input.
verification.k,4daf68c158107567f4ab5408713f57011b5cceac0980b5e449d955ae3016ee57,99,99,syntax,function,syntax Val ::= gradeOf(Float) [function],ORACLE_DEPENDENT_SUMMARY,Result summary depends on gpaEqFour and opaque supplied comparisons.
verification.k,4daf68c158107567f4ab5408713f57011b5cceac0980b5e449d955ae3016ee57,100,101,rule,ordinary-rule,"rule gradeOf(F:Float) => letter(""A+"") requires eqFour(F)",ORACLE_DEPENDENT_SUMMARY,A+ branch mirrors duplicated code only under gpaEqFour's arbitrary interpretation.
verification.k,4daf68c158107567f4ab5408713f57011b5cceac0980b5e449d955ae3016ee57,102,104,rule,ordinary-rule,"rule gradeOf(F:Float) => letter(""A"") requires notBool eqFour(F)",ORACLE_DEPENDENT_SUMMARY,A branch mirrors duplicated code only under gpaEqFour/gtF predicates.
verification.k,4daf68c158107567f4ab5408713f57011b5cceac0980b5e449d955ae3016ee57,105,108,rule,ordinary-rule,"rule gradeOf(F:Float) => letter(""A-"") requires notBool eqFour(F)",ORACLE_DEPENDENT_SUMMARY,Threshold summary is guard-disjoint but depends on the equality oracle.
verification.k,4daf68c158107567f4ab5408713f57011b5cceac0980b5e449d955ae3016ee57,109,113,rule,ordinary-rule,"rule gradeOf(F:Float) => letter(""B+"") requires notBool eqFour(F)",ORACLE_DEPENDENT_SUMMARY,Threshold summary is guard-disjoint but depends on the equality oracle.
verification.k,4daf68c158107567f4ab5408713f57011b5cceac0980b5e449d955ae3016ee57,114,119,rule,ordinary-rule,"rule gradeOf(F:Float) => letter(""B"") requires notBool eqFour(F)",ORACLE_DEPENDENT_SUMMARY,Threshold summary is guard-disjoint but depends on the equality oracle.
verification.k,4daf68c158107567f4ab5408713f57011b5cceac0980b5e449d955ae3016ee57,120,126,rule,ordinary-rule,"rule gradeOf(F:Float) => letter(""B-"") requires notBool eqFour(F)",ORACLE_DEPENDENT_SUMMARY,Threshold summary is guard-disjoint but depends on the equality oracle.
verification.k,4daf68c158107567f4ab5408713f57011b5cceac0980b5e449d955ae3016ee57,127,134,rule,ordinary-rule,"rule gradeOf(F:Float) => letter(""C+"") requires notBool eqFour(F)",ORACLE_DEPENDENT_SUMMARY,Threshold summary is guard-disjoint but depends on the equality oracle.
verification.k,4daf68c158107567f4ab5408713f57011b5cceac0980b5e449d955ae3016ee57,135,143,rule,ordinary-rule,"rule gradeOf(F:Float) => letter(""C"") requires notBool eqFour(F)",ORACLE_DEPENDENT_SUMMARY,Threshold summary is guard-disjoint but depends on the equality oracle.
verification.k,4daf68c158107567f4ab5408713f57011b5cceac0980b5e449d955ae3016ee57,144,153,rule,ordinary-rule,"rule gradeOf(F:Float) => letter(""C-"") requires notBool eqFour(F)",ORACLE_DEPENDENT_SUMMARY,Threshold summary is guard-disjoint but depends on the equality oracle.
verification.k,4daf68c158107567f4ab5408713f57011b5cceac0980b5e449d955ae3016ee57,154,164,rule,ordinary-rule,"rule gradeOf(F:Float) => letter(""D+"") requires notBool eqFour(F)",ORACLE_DEPENDENT_SUMMARY,Threshold summary is guard-disjoint but depends on the equality oracle.
verification.k,4daf68c158107567f4ab5408713f57011b5cceac0980b5e449d955ae3016ee57,165,176,rule,ordinary-rule,"rule gradeOf(F:Float) => letter(""D"") requires notBool eqFour(F)",ORACLE_DEPENDENT_SUMMARY,Threshold summary is guard-disjoint but depends on the equality oracle.
verification.k,4daf68c158107567f4ab5408713f57011b5cceac0980b5e449d955ae3016ee57,177,189,rule,ordinary-rule,"rule gradeOf(F:Float) => letter(""D-"") requires notBool eqFour(F)",ORACLE_DEPENDENT_SUMMARY,Threshold summary is guard-disjoint but depends on the equality oracle.
verification.k,4daf68c158107567f4ab5408713f57011b5cceac0980b5e449d955ae3016ee57,190,202,rule,ordinary-rule,"rule gradeOf(F:Float) => letter(""E"") requires notBool eqFour(F)",ORACLE_DEPENDENT_SUMMARY,Else summary is exhaustive only relative to the arbitrary predicates.
verification.k,4daf68c158107567f4ab5408713f57011b5cceac0980b5e449d955ae3016ee57,204,204,syntax,function;total,"syntax ValSeq ::= mappedAppend(ValSeq, NumericGrades) [function, total]",ORACLE_DEPENDENT_SUMMARY,Mathematical map is structurally total but inherits gradeOf's oracle.
verification.k,4daf68c158107567f4ab5408713f57011b5cceac0980b5e449d955ae3016ee57,205,205,rule,ordinary-rule,"rule mappedAppend(PREFIX:ValSeq, .NumericGrades) => PREFIX",ACCEPTED_RECURSIVE_EQUATION,Base case preserves the prefix.
verification.k,4daf68c158107567f4ab5408713f57011b5cceac0980b5e449d955ae3016ee57,206,209,rule,ordinary-rule,"rule mappedAppend(PREFIX:ValSeq, fGrade(F:Float, GS:NumericGrades)) => mappedAppend(",ORACLE_DEPENDENT_RECURSION,Structurally descends but appends oracle-dependent gradeOf(F).
verification.k,4daf68c158107567f4ab5408713f57011b5cceac0980b5e449d955ae3016ee57,210,213,rule,ordinary-rule,"rule mappedAppend(PREFIX:ValSeq, iGrade(I:Int, GS:NumericGrades)) => mappedAppend(",ORACLE_DEPENDENT_RECURSION,Structurally descends after intToF but appends oracle-dependent gradeOf.
verification.k,4daf68c158107567f4ab5408713f57011b5cceac0980b5e449d955ae3016ee57,215,215,syntax,function;total,"syntax Float ::= afterGradeValue(Float, NumericGrades) [function, total]",ACCEPTED_DEFINITION,Structurally total last-element summary.
verification.k,4daf68c158107567f4ab5408713f57011b5cceac0980b5e449d955ae3016ee57,216,216,rule,ordinary-rule,"rule afterGradeValue(OLD:Float, .NumericGrades) => OLD",ACCEPTED_RECURSIVE_EQUATION,Empty suffix preserves the prior loop variable.
verification.k,4daf68c158107567f4ab5408713f57011b5cceac0980b5e449d955ae3016ee57,217,218,rule,ordinary-rule,"rule afterGradeValue(_:Float, fGrade(F:Float, GS:NumericGrades)) => afterGradeValue(F, GS)",ACCEPTED_RECURSIVE_EQUATION,Structurally computes the last Float grade.
verification.k,4daf68c158107567f4ab5408713f57011b5cceac0980b5e449d955ae3016ee57,219,220,rule,ordinary-rule,"rule afterGradeValue(_:Float, iGrade(I:Int, GS:NumericGrades)) => afterGradeValue(intToF(I), GS)",ACCEPTED_RECURSIVE_EQUATION,Structurally computes the last Int grade after intToF.
verification.k,4daf68c158107567f4ab5408713f57011b5cceac0980b5e449d955ae3016ee57,221,221,endmodule,,endmodule,CANDIDATE_STRUCTURE,Module/import structure.
spec.k,d8ff08bb88d437b709257c45438345e0f9ad08d54d65638a5cfca4731f8ca691,1,1,requires,,"requires ""verification.k""",CANDIDATE_STRUCTURE,Module/import structure.
spec.k,d8ff08bb88d437b709257c45438345e0f9ad08d54d65638a5cfca4731f8ca691,3,3,module,,module SPEC,CANDIDATE_STRUCTURE,Module/import structure.
spec.k,d8ff08bb88d437b709257c45438345e0f9ad08d54d65638a5cfca4731f8ca691,4,4,imports,,imports VERIFICATION,CANDIDATE_STRUCTURE,Module/import structure.
spec.k,d8ff08bb88d437b709257c45438345e0f9ad08d54d65638a5cfca4731f8ca691,6,17,claim,,claim [empty]: <k> runGrades(.ValSeq) => ref(0) </k>,TARGET_LIMITED,Empty input is result-constraining but executes the duplicated body.
spec.k,d8ff08bb88d437b709257c45438345e0f9ad08d54d65638a5cfca4731f8ca691,19,35,claim,,"claim [a-plus]: <k> runGrades(vCons(F:Float, .ValSeq))",TARGET_ORACLE_DEPENDENT,One-element A+ theorem assumes eqFour's unconstrained oracle.
spec.k,d8ff08bb88d437b709257c45438345e0f9ad08d54d65638a5cfca4731f8ca691,37,54,claim,,"claim [a]: <k> runGrades(vCons(F:Float, .ValSeq))",TARGET_ORACLE_DEPENDENT,One-element A theorem assumes oracle predicates.
spec.k,d8ff08bb88d437b709257c45438345e0f9ad08d54d65638a5cfca4731f8ca691,56,73,claim,function,claim [function-maps-all-numeric-grades]: <k> runGrades(numericValues(GS:NumericGrades)),TARGET_NOT_REAL_LIST_DOMAIN,"Universal theorem ranges over invented numericValues terms, not concrete ValSeq constructors."
spec.k,d8ff08bb88d437b709257c45438345e0f9ad08d54d65638a5cfca4731f8ca691,75,114,claim,,claim [loop-maps-all-numeric-grades]: <k>,AUXILIARY_NOT_REAL_LIST_DOMAIN,Loop invariant ranges over invented numericValues terms and arbitrary continuation.
spec.k,d8ff08bb88d437b709257c45438345e0f9ad08d54d65638a5cfca4731f8ca691,116,116,endmodule,,endmodule,CANDIDATE_STRUCTURE,Module/import structure.
