COMMAND: python3 /audit-output/evidence/rule_inventory.py
====================================================================================================
FILE reference-semantics/semantics/assert.k sha256=4258987a261d24b02ab3abfa52b3b2e013ea6323f9d5eb9a59c8f42cbcba030b lines=16
META reference-semantics/semantics/assert.k:3: module MPY-ASSERT
META reference-semantics/semantics/assert.k:4: imports MPY-CORE
META reference-semantics/semantics/assert.k:16: endmodule
DECL RULE reference-semantics/semantics/assert.k:6
     6 |   rule <k> Assert(V:Val) => .K ... </k>
     7 |        requires truthy(V)
DECL RULE reference-semantics/semantics/assert.k:8
     8 |   rule <k> Assert(V:Val) ~> _ => .K </k>
     9 |        <exc> NoExc => AssertionError </exc>
    10 |        <exit-code> _ => 1 </exit-code>
    11 |        requires notBool truthy(V)
DECL RULE reference-semantics/semantics/assert.k:13 ATTRS=['priority(40)']
    13 |   rule <k> Assert(ref(H:Int)) => Assert(V) ... </k>
    14 |        <heap> ... H |-> V:Val ... </heap>
    15 |        [priority(40)]
====================================================================================================
FILE reference-semantics/semantics/bool.k sha256=8d6cfa9cd1ed776e51d776e4d358c418960c57715a6f9654ef9af41aea29f4fd lines=47
META reference-semantics/semantics/bool.k:5: module MPY-BOOL
META reference-semantics/semantics/bool.k:6: imports MPY-CORE
META reference-semantics/semantics/bool.k:47: endmodule
DECL RULE reference-semantics/semantics/bool.k:8
     8 |   rule applyUn("not", V:Val) => notBool truthy(V)
DECL RULE reference-semantics/semantics/bool.k:10
    10 |   rule applyCmp("==", B1:Bool, B2:Bool) => B1 ==Bool B2
DECL RULE reference-semantics/semantics/bool.k:11
    11 |   rule applyCmp("!=", B1:Bool, B2:Bool) => B1 =/=Bool B2
DECL CONTEXT reference-semantics/semantics/bool.k:16
    16 |   context BoolOp(_, (HOLE:Expr, _:Exprs))
DECL RULE reference-semantics/semantics/bool.k:17
    17 |   rule <k> BoolOp(_:String, (V:Val, .Exprs)) => V ... </k>
DECL RULE reference-semantics/semantics/bool.k:18
    18 |   rule <k> BoolOp("and", (V:Val, A:Expr, REST:Exprs)) => BoolOp("and", (A, REST)) ... </k>
    19 |        requires truthy(V)
DECL RULE reference-semantics/semantics/bool.k:20
    20 |   rule <k> BoolOp("and", (V:Val, _:Expr, _:Exprs)) => V ... </k>
    21 |        requires notBool truthy(V)
DECL RULE reference-semantics/semantics/bool.k:22
    22 |   rule <k> BoolOp("or",  (V:Val, _:Expr, _:Exprs)) => V ... </k>
    23 |        requires truthy(V)
DECL RULE reference-semantics/semantics/bool.k:24
    24 |   rule <k> BoolOp("or",  (V:Val, A:Expr, REST:Exprs)) => BoolOp("or", (A, REST)) ... </k>
    25 |        requires notBool truthy(V)
DECL RULE reference-semantics/semantics/bool.k:29 ATTRS=['priority(40)']
    29 |   rule <k> BoolOp(_:String, (ref(H:Int), .Exprs)) => ref(H) ... </k>
    30 |        [priority(40)]
DECL RULE reference-semantics/semantics/bool.k:31 ATTRS=['priority(40)']
    31 |   rule <k> BoolOp("and", (ref(H:Int), A:Expr, REST:Exprs)) => BoolOp("and", (A, REST)) ... </k>
    32 |        <heap> ... H |-> V:Val ... </heap>
    33 |        requires truthy(V)
    34 |        [priority(40)]
DECL RULE reference-semantics/semantics/bool.k:35 ATTRS=['priority(40)']
    35 |   rule <k> BoolOp("and", (ref(H:Int), _:Expr, _:Exprs)) => ref(H) ... </k>
    36 |        <heap> ... H |-> V:Val ... </heap>
    37 |        requires notBool truthy(V)
    38 |        [priority(40)]
DECL RULE reference-semantics/semantics/bool.k:39 ATTRS=['priority(40)']
    39 |   rule <k> BoolOp("or", (ref(H:Int), _:Expr, _:Exprs)) => ref(H) ... </k>
    40 |        <heap> ... H |-> V:Val ... </heap>
    41 |        requires truthy(V)
    42 |        [priority(40)]
DECL RULE reference-semantics/semantics/bool.k:43 ATTRS=['priority(40)']
    43 |   rule <k> BoolOp("or", (ref(H:Int), A:Expr, REST:Exprs)) => BoolOp("or", (A, REST)) ... </k>
    44 |        <heap> ... H |-> V:Val ... </heap>
    45 |        requires notBool truthy(V)
    46 |        [priority(40)]
====================================================================================================
FILE reference-semantics/semantics/builtins.k sha256=fa43a855b8a4548f305f3dd210c8f6c6e7aa15b8d1cb0b8296977f061310c2dd lines=298
META reference-semantics/semantics/builtins.k:3: module MPY-BUILTINS
META reference-semantics/semantics/builtins.k:4: imports MPY-CORE
META reference-semantics/semantics/builtins.k:5: imports MPY-STR
META reference-semantics/semantics/builtins.k:6: imports MPY-SET
META reference-semantics/semantics/builtins.k:7: imports MPY-ITER
META reference-semantics/semantics/builtins.k:8: imports MPY-RANGE
META reference-semantics/semantics/builtins.k:9: imports MPY-INT
META reference-semantics/semantics/builtins.k:10: imports MPY-METHODS
META reference-semantics/semantics/builtins.k:298: endmodule
DECL SYNTAX reference-semantics/semantics/builtins.k:17 ATTRS=['function']
    17 |   syntax Val ::= applyBuiltin(String, Vals) [function]
DECL SYNTAX reference-semantics/semantics/builtins.k:20 ATTRS=['function']
    20 |   syntax Int ::= seqLen(Val) [function]
DECL RULE reference-semantics/semantics/builtins.k:21
    21 |   rule applyBuiltin("len", OBJ:Val, .Vals) => seqLen(OBJ)
DECL RULE reference-semantics/semantics/builtins.k:22
    22 |   rule seqLen(list(VS:ValSeq))                  => vsLen(VS)
DECL RULE reference-semantics/semantics/builtins.k:23
    23 |   rule seqLen(tuple(VS:ValSeq))                 => vsLen(VS)
DECL RULE reference-semantics/semantics/builtins.k:24
    24 |   rule seqLen(str(IS:IntSeq))                   => isLen(IS)
DECL RULE reference-semantics/semantics/builtins.k:25
    25 |   rule seqLen(setV(DS:IntSeq))                  => isLen(DS)
DECL RULE reference-semantics/semantics/builtins.k:26
    26 |   rule seqLen(rangeObj(LO:Int, HI:Int, ST:Int)) => rangeLen(LO, HI, ST)
DECL RULE reference-semantics/semantics/builtins.k:32
    32 |   rule <k> #applyK(toCall(builtinV("list")), (list(VS:ValSeq),  .Vals)) => #alloc(list(VS)) ... </k>
DECL RULE reference-semantics/semantics/builtins.k:33
    33 |   rule <k> #applyK(toCall(builtinV("list")), (tuple(VS:ValSeq), .Vals)) => #alloc(list(VS)) ... </k>
DECL RULE reference-semantics/semantics/builtins.k:34
    34 |   rule <k> #applyK(toCall(builtinV("list")), .Vals)                     => #alloc(list(.ValSeq)) ... </k>
DECL RULE reference-semantics/semantics/builtins.k:35
    35 |   rule <k> #applyK(toCall(builtinV("list")), (str(CS:IntSeq), .Vals))   => #alloc(list(charsOf(CS))) ... </k>
DECL SYNTAX reference-semantics/semantics/builtins.k:36 ATTRS=['function', 'total']
    36 |   syntax ValSeq ::= charsOf(IntSeq) [function, total]
DECL RULE reference-semantics/semantics/builtins.k:37
    37 |   rule charsOf(.IntSeq)                => .ValSeq
DECL RULE reference-semantics/semantics/builtins.k:38
    38 |   rule charsOf(iCons(C:Int, R:IntSeq)) => vCons(str(iCons(C, .IntSeq)), charsOf(R))
DECL RULE reference-semantics/semantics/builtins.k:41
    41 |   rule applyBuiltin("set", str(CS:IntSeq), .Vals) => setV(dedupCodes(CS))
DECL RULE reference-semantics/semantics/builtins.k:44
    44 |   rule applyBuiltin("abs", I:Int, .Vals) => absInt(I)
DECL SYNTAX reference-semantics/semantics/builtins.k:47
    47 |   syntax KItem ::= #sumAcc(Iterable, Int) | #sumCont(Int)
DECL RULE reference-semantics/semantics/builtins.k:48
    48 |   rule <k> #sumAcc(IT:Iterable, ACC:Int) => #iterNext(IT) ~> #sumCont(ACC) ... </k>
DECL RULE reference-semantics/semantics/builtins.k:49
    49 |   rule <k> #iterDone ~> #sumCont(ACC:Int) => ACC ... </k>
DECL RULE reference-semantics/semantics/builtins.k:50
    50 |   rule <k> #iterYield(V:Val, R:Iterable) ~> #sumCont(ACC:Int)
    51 |         => #sumAcc(R, ACC +Int intOf(V)) ... </k>
    52 |        requires isInt(V) orBool isBool(V)
DECL SYNTAX reference-semantics/semantics/builtins.k:54 ATTRS=['function']
    54 |   syntax Int ::= intOf(Val) [function]
DECL RULE reference-semantics/semantics/builtins.k:55
    55 |   rule intOf(I:Int)  => I
DECL RULE reference-semantics/semantics/builtins.k:56
    56 |   rule intOf(B:Bool) => #if B #then 1 #else 0 #fi
DECL SYNTAX reference-semantics/semantics/builtins.k:59
    59 |   syntax KItem ::= #allAcc(Iterable) | "#allCont"
DECL RULE reference-semantics/semantics/builtins.k:60
    60 |   rule <k> #allAcc(IT:Iterable) => #iterNext(IT) ~> #allCont ... </k>
DECL RULE reference-semantics/semantics/builtins.k:61
    61 |   rule <k> #iterDone ~> #allCont => true ... </k>
DECL RULE reference-semantics/semantics/builtins.k:62
    62 |   rule <k> #iterYield(V:Val, R:Iterable) ~> #allCont => #allAcc(R) ... </k>
    63 |        requires truthy(V)
DECL RULE reference-semantics/semantics/builtins.k:64
    64 |   rule <k> #iterYield(V:Val, _:Iterable) ~> #allCont => false ... </k>
    65 |        requires notBool truthy(V)
DECL SYNTAX reference-semantics/semantics/builtins.k:67
    67 |   syntax KItem ::= #anyAcc(Iterable) | "#anyCont"
DECL RULE reference-semantics/semantics/builtins.k:68
    68 |   rule <k> #anyAcc(IT:Iterable) => #iterNext(IT) ~> #anyCont ... </k>
DECL RULE reference-semantics/semantics/builtins.k:69
    69 |   rule <k> #iterDone ~> #anyCont => false ... </k>
DECL RULE reference-semantics/semantics/builtins.k:70
    70 |   rule <k> #iterYield(V:Val, _:Iterable) ~> #anyCont => true ... </k>
    71 |        requires truthy(V)
DECL RULE reference-semantics/semantics/builtins.k:72
    72 |   rule <k> #iterYield(V:Val, R:Iterable) ~> #anyCont => #anyAcc(R) ... </k>
    73 |        requires notBool truthy(V)
DECL SYNTAX reference-semantics/semantics/builtins.k:76
    76 |   syntax KItem ::= #maxAcc0(Iterable) | "#maxCont0" | #maxAcc(Iterable, Int) | #maxCont(Int)
DECL RULE reference-semantics/semantics/builtins.k:77
    77 |   rule <k> #maxAcc0(IT:Iterable) => #iterNext(IT) ~> #maxCont0 ... </k>
DECL RULE reference-semantics/semantics/builtins.k:78
    78 |   rule <k> #iterYield(V:Val, R:Iterable) ~> #maxCont0 => #maxAcc(R, {V}:>Int) ... </k>
    79 |        requires isInt(V)
DECL RULE reference-semantics/semantics/builtins.k:80
    80 |   rule <k> #maxAcc(IT:Iterable, M:Int) => #iterNext(IT) ~> #maxCont(M) ... </k>
DECL RULE reference-semantics/semantics/builtins.k:81
    81 |   rule <k> #iterDone ~> #maxCont(M:Int) => M ... </k>
DECL RULE reference-semantics/semantics/builtins.k:82
    82 |   rule <k> #iterYield(V:Val, R:Iterable) ~> #maxCont(M:Int)
    83 |         => #maxAcc(R, maxInt(M, {V}:>Int)) ... </k>
    84 |        requires isInt(V)
DECL SYNTAX reference-semantics/semantics/builtins.k:86
    86 |   syntax KItem ::= #minAcc0(Iterable) | "#minCont0" | #minAcc(Iterable, Int) | #minCont(Int)
DECL RULE reference-semantics/semantics/builtins.k:87
    87 |   rule <k> #minAcc0(IT:Iterable) => #iterNext(IT) ~> #minCont0 ... </k>
DECL RULE reference-semantics/semantics/builtins.k:88
    88 |   rule <k> #iterYield(V:Val, R:Iterable) ~> #minCont0 => #minAcc(R, {V}:>Int) ... </k>
    89 |        requires isInt(V)
DECL RULE reference-semantics/semantics/builtins.k:90
    90 |   rule <k> #minAcc(IT:Iterable, M:Int) => #iterNext(IT) ~> #minCont(M) ... </k>
DECL RULE reference-semantics/semantics/builtins.k:91
    91 |   rule <k> #iterDone ~> #minCont(M:Int) => M ... </k>
DECL RULE reference-semantics/semantics/builtins.k:92
    92 |   rule <k> #iterYield(V:Val, R:Iterable) ~> #minCont(M:Int)
    93 |         => #minAcc(R, minInt(M, {V}:>Int)) ... </k>
    94 |        requires isInt(V)
DECL SYNTAX reference-semantics/semantics/builtins.k:97 ATTRS=['function']
    97 |   syntax Int ::= maxVals(Int, Vals) [function]
DECL RULE reference-semantics/semantics/builtins.k:98
    98 |   rule applyBuiltin("max", I:Int, REST:Vals) => maxVals(I, REST)
DECL RULE reference-semantics/semantics/builtins.k:99
    99 |   rule maxVals(M:Int, .Vals)           => M
DECL RULE reference-semantics/semantics/builtins.k:100
   100 |   rule maxVals(M:Int, (I:Int, R:Vals)) => maxVals(maxInt(M, I), R)
DECL SYNTAX reference-semantics/semantics/builtins.k:102 ATTRS=['function']
   102 |   syntax Int ::= minVals(Int, Vals) [function]
DECL RULE reference-semantics/semantics/builtins.k:103
   103 |   rule applyBuiltin("min", I:Int, REST:Vals) => minVals(I, REST)
DECL RULE reference-semantics/semantics/builtins.k:104
   104 |   rule minVals(M:Int, .Vals)           => M
DECL RULE reference-semantics/semantics/builtins.k:105
   105 |   rule minVals(M:Int, (I:Int, R:Vals)) => minVals(minInt(M, I), R)
DECL RULE reference-semantics/semantics/builtins.k:108
   108 |   rule applyBuiltin("bin", N:Int, .Vals) => str(iCons(48, iCons(98, binCodes(N))))
   109 |        requires N >=Int 0
DECL RULE reference-semantics/semantics/builtins.k:111
   111 |   rule applyBuiltin("bin", N:Int, .Vals)
   112 |     => str(iCons(45, iCons(48, iCons(98, binCodes(0 -Int N)))))
   113 |        requires N <Int 0
DECL SYNTAX reference-semantics/semantics/builtins.k:114 ATTRS=['function', 'total']
   114 |   syntax IntSeq ::= binCodes(Int) [function, total]
DECL RULE reference-semantics/semantics/builtins.k:115
   115 |   rule binCodes(0) => iCons(48, .IntSeq)
DECL RULE reference-semantics/semantics/builtins.k:116
   116 |   rule binCodes(N:Int) => binAcc(N, .IntSeq) requires N >Int 0
DECL SYNTAX reference-semantics/semantics/builtins.k:117 ATTRS=['function', 'total']
   117 |   syntax IntSeq ::= binAcc(Int, IntSeq) [function, total]
DECL RULE reference-semantics/semantics/builtins.k:118
   118 |   rule binAcc(0, ACC:IntSeq) => ACC
DECL RULE reference-semantics/semantics/builtins.k:119
   119 |   rule binAcc(N:Int, ACC:IntSeq)
   120 |     => binAcc((N -Int pyMod(N, 2)) /Int 2, iCons(48 +Int pyMod(N, 2), ACC))
   121 |        requires N >Int 0
DECL RULE reference-semantics/semantics/builtins.k:124
   124 |   rule <k> #applyK(toCall(builtinV("enumerate")), (list(VS:ValSeq), .Vals))
   125 |         => #alloc(list(enumVS(VS, 0))) ... </k>
DECL SYNTAX reference-semantics/semantics/builtins.k:126 ATTRS=['function', 'total']
   126 |   syntax ValSeq ::= enumVS(ValSeq, Int) [function, total]
DECL RULE reference-semantics/semantics/builtins.k:127
   127 |   rule enumVS(.ValSeq, _:Int) => .ValSeq
DECL RULE reference-semantics/semantics/builtins.k:128
   128 |   rule enumVS(vCons(V:Val, R:ValSeq), I:Int)
   129 |     => vCons(tuple(vCons(I, vCons(V, .ValSeq))), enumVS(R, I +Int 1))
DECL RULE reference-semantics/semantics/builtins.k:132
   132 |   rule <k> #applyK(toCall(builtinV("map")), (typeV("str"), list(VS:ValSeq), .Vals))
   133 |         => #alloc(list(mapStrVS(VS))) ... </k>
DECL SYNTAX reference-semantics/semantics/builtins.k:134 ATTRS=['function', 'total']
   134 |   syntax ValSeq ::= mapStrVS(ValSeq) [function, total]
DECL RULE reference-semantics/semantics/builtins.k:135
   135 |   rule mapStrVS(.ValSeq) => .ValSeq
DECL RULE reference-semantics/semantics/builtins.k:136
   136 |   rule mapStrVS(vCons(I:Int, R:ValSeq)) => vCons(str(strToCodes(Int2String(I))), mapStrVS(R))
DECL RULE reference-semantics/semantics/builtins.k:137
   137 |   rule mapStrVS(vCons(str(CS:IntSeq), R:ValSeq)) => vCons(str(CS), mapStrVS(R))
DECL RULE reference-semantics/semantics/builtins.k:140
   140 |   rule applyBuiltin("int", I:Int, .Vals) => I
DECL RULE reference-semantics/semantics/builtins.k:143
   143 |   rule applyBuiltin("ord", str(iCons(C:Int, .IntSeq)), .Vals) => C
DECL RULE reference-semantics/semantics/builtins.k:144
   144 |   rule applyBuiltin("chr", I:Int, .Vals) => str(iCons(I, .IntSeq))
   145 |        requires 0 <=Int I andBool I <Int 128
DECL RULE reference-semantics/semantics/builtins.k:148
   148 |   rule applyBuiltin("str", I:Int, .Vals)       => str(strToCodes(Int2String(I)))
DECL RULE reference-semantics/semantics/builtins.k:149
   149 |   rule applyBuiltin("str", str(CS:IntSeq), .Vals) => str(CS)
DECL RULE reference-semantics/semantics/builtins.k:152
   152 |   rule applyBuiltin("int", str(iCons(C:Int, .IntSeq)), .Vals) => C -Int 48
   153 |        requires 48 <=Int C andBool C <=Int 57
DECL RULE reference-semantics/semantics/builtins.k:156
   156 |   rule applyBuiltin("int", str(CS:IntSeq), .Vals) => intDigAcc(CS, 0)
   157 |        requires isLen(CS) >=Int 2
DECL SYNTAX reference-semantics/semantics/builtins.k:158 ATTRS=['function', 'total']
   158 |   syntax Int ::= intDigAcc(IntSeq, Int) [function, total]
DECL RULE reference-semantics/semantics/builtins.k:159
   159 |   rule intDigAcc(.IntSeq, ACC:Int)             => ACC
DECL RULE reference-semantics/semantics/builtins.k:160
   160 |   rule intDigAcc(iCons(C:Int, R:IntSeq), ACC:Int) => intDigAcc(R, (ACC *Int 10) +Int (C -Int 48))
DECL RULE reference-semantics/semantics/builtins.k:163
   163 |   rule applyBuiltin("zip", list(A:ValSeq), list(B:ValSeq), .Vals) => zipObj(A, B)
DECL RULE reference-semantics/semantics/builtins.k:164
   164 |   rule applyBuiltin("zip", str(A:IntSeq), str(B:IntSeq), .Vals)   => zipObjS(A, B)
DECL RULE reference-semantics/semantics/builtins.k:167
   167 |   rule <k> #iterNext(zipObj(vCons(A:Val, As:ValSeq), vCons(B:Val, Bs:ValSeq)))
   168 |         => #iterYield(tuple(vCons(A, vCons(B, .ValSeq))), zipObj(As, Bs)) ... </k>
DECL RULE reference-semantics/semantics/builtins.k:169
   169 |   rule <k> #iterNext(zipObj(.ValSeq, _:ValSeq))               => #iterDone ... </k>
DECL RULE reference-semantics/semantics/builtins.k:170
   170 |   rule <k> #iterNext(zipObj(vCons(_:Val, _:ValSeq), .ValSeq)) => #iterDone ... </k>
DECL RULE reference-semantics/semantics/builtins.k:171
   171 |   rule <k> #iterNext(zipObjS(iCons(A:Int, As:IntSeq), iCons(B:Int, Bs:IntSeq)))
   172 |         => #iterYield(tuple(vCons(str(iCons(A, .IntSeq)), vCons(str(iCons(B, .IntSeq)), .ValSeq))), zipObjS(As, Bs)) ... </k>
DECL RULE reference-semantics/semantics/builtins.k:173
   173 |   rule <k> #iterNext(zipObjS(.IntSeq, _:IntSeq))              => #iterDone ... </k>
DECL RULE reference-semantics/semantics/builtins.k:174
   174 |   rule <k> #iterNext(zipObjS(iCons(_:Int, _:IntSeq), .IntSeq)) => #iterDone ... </k>
DECL RULE reference-semantics/semantics/builtins.k:177
   177 |   rule applyBuiltin("range", I:Int, .Vals)               => rangeObj(0, I, 1)
DECL RULE reference-semantics/semantics/builtins.k:178
   178 |   rule applyBuiltin("range", A:Int, B:Int, .Vals)        => rangeObj(A, B, 1)
DECL RULE reference-semantics/semantics/builtins.k:179
   179 |   rule applyBuiltin("range", A:Int, B:Int, S:Int, .Vals) => rangeObj(A, B, S)
   180 |        requires S =/=Int 0
DECL RULE reference-semantics/semantics/builtins.k:187
   187 |   rule applyBuiltin("eval", str(CS:IntSeq), .Vals) => evalArith(CS)
DECL SYNTAX reference-semantics/semantics/builtins.k:188 ATTRS=['function']
   188 |   syntax Int ::= evalArith(IntSeq) [function]
DECL RULE reference-semantics/semantics/builtins.k:189
   189 |   rule evalArith(CS:IntSeq)
   190 |     => firstNdE(passAddE(passMulE(passPowE(tokOps(CS), tokNds(CS)))))
DECL SYNTAX reference-semantics/semantics/builtins.k:192
   192 |   syntax OpSeq ::= ".OpSeq" | oCons(String, OpSeq)
DECL SYNTAX reference-semantics/semantics/builtins.k:194 ATTRS=['function', 'total']
   194 |   syntax Bool ::= evDigit(Int) [function, total]
DECL RULE reference-semantics/semantics/builtins.k:195
   195 |   rule evDigit(C:Int) => C >=Int 48 andBool C <=Int 57
DECL SYNTAX reference-semantics/semantics/builtins.k:196 ATTRS=['function', 'total']
   196 |   syntax Bool ::= evHead42(IntSeq) [function, total]
DECL RULE reference-semantics/semantics/builtins.k:197
   197 |   rule evHead42(iCons(42, _:IntSeq)) => true
DECL RULE reference-semantics/semantics/builtins.k:198 ATTRS=['owise']
   198 |   rule evHead42(_:IntSeq)            => false [owise]
DECL SYNTAX reference-semantics/semantics/builtins.k:199 ATTRS=['function', 'total']
   199 |   syntax Bool ::= evHead47(IntSeq) [function, total]
DECL RULE reference-semantics/semantics/builtins.k:200
   200 |   rule evHead47(iCons(47, _:IntSeq)) => true
DECL RULE reference-semantics/semantics/builtins.k:201 ATTRS=['owise']
   201 |   rule evHead47(_:IntSeq)            => false [owise]
DECL SYNTAX reference-semantics/semantics/builtins.k:203 ATTRS=['function', 'total']
   203 |   syntax OpSeq ::= tokOps(IntSeq) [function, total]
DECL RULE reference-semantics/semantics/builtins.k:204
   204 |   rule tokOps(.IntSeq)                 => .OpSeq
DECL RULE reference-semantics/semantics/builtins.k:205
   205 |   rule tokOps(iCons(32, R:IntSeq))     => tokOps(R)
DECL RULE reference-semantics/semantics/builtins.k:206
   206 |   rule tokOps(iCons(C:Int, R:IntSeq))  => tokOps(R) requires evDigit(C)
DECL RULE reference-semantics/semantics/builtins.k:207
   207 |   rule tokOps(iCons(42, iCons(42, R:IntSeq))) => oCons("**", tokOps(R))
DECL RULE reference-semantics/semantics/builtins.k:208
   208 |   rule tokOps(iCons(42, R:IntSeq))     => oCons("*", tokOps(R)) requires notBool evHead42(R)
DECL RULE reference-semantics/semantics/builtins.k:209
   209 |   rule tokOps(iCons(47, iCons(47, R:IntSeq))) => oCons("//", tokOps(R))
DECL RULE reference-semantics/semantics/builtins.k:210
   210 |   rule tokOps(iCons(47, R:IntSeq))     => oCons("/", tokOps(R)) requires notBool evHead47(R)
DECL RULE reference-semantics/semantics/builtins.k:211
   211 |   rule tokOps(iCons(43, R:IntSeq))     => oCons("+", tokOps(R))
DECL RULE reference-semantics/semantics/builtins.k:212
   212 |   rule tokOps(iCons(45, R:IntSeq))     => oCons("-", tokOps(R))
DECL SYNTAX reference-semantics/semantics/builtins.k:214 ATTRS=['function', 'total', 'function', 'total']
   214 |   syntax IntSeq ::= tokNds(IntSeq) [function, total]
   215 |                   | tokNdAcc(Int, IntSeq) [function, total]
DECL RULE reference-semantics/semantics/builtins.k:216
   216 |   rule tokNds(.IntSeq)                => .IntSeq
DECL RULE reference-semantics/semantics/builtins.k:217
   217 |   rule tokNds(iCons(32, R:IntSeq))    => tokNds(R)
DECL RULE reference-semantics/semantics/builtins.k:218
   218 |   rule tokNds(iCons(C:Int, R:IntSeq)) => tokNdAcc(C -Int 48, R) requires evDigit(C)
DECL RULE reference-semantics/semantics/builtins.k:219
   219 |   rule tokNds(iCons(C:Int, R:IntSeq)) => tokNds(R)
   220 |        requires notBool evDigit(C) andBool C =/=Int 32
DECL RULE reference-semantics/semantics/builtins.k:221
   221 |   rule tokNdAcc(A:Int, iCons(C:Int, R:IntSeq)) => tokNdAcc(A *Int 10 +Int (C -Int 48), R)
   222 |        requires evDigit(C)
DECL RULE reference-semantics/semantics/builtins.k:223 ATTRS=['owise']
   223 |   rule tokNdAcc(A:Int, S:IntSeq) => iCons(A, tokNds(S)) [owise]
DECL SYNTAX reference-semantics/semantics/builtins.k:225
   225 |   syntax EvPair ::= evp(OpSeq, IntSeq)
DECL SYNTAX reference-semantics/semantics/builtins.k:226 ATTRS=['function', 'total']
   226 |   syntax Int ::= firstNdE(EvPair) [function, total]
DECL RULE reference-semantics/semantics/builtins.k:227
   227 |   rule firstNdE(evp(_:OpSeq, iCons(N:Int, _:IntSeq))) => N
DECL RULE reference-semantics/semantics/builtins.k:228 ATTRS=['owise']
   228 |   rule firstNdE(_:EvPair) => 0 [owise]
DECL SYNTAX reference-semantics/semantics/builtins.k:230 ATTRS=['function', 'total']
   230 |   syntax Int ::= applyOpE(String, Int, Int) [function, total]
DECL RULE reference-semantics/semantics/builtins.k:231
   231 |   rule applyOpE("+",  A:Int, B:Int) => A +Int B
DECL RULE reference-semantics/semantics/builtins.k:232
   232 |   rule applyOpE("-",  A:Int, B:Int) => A -Int B
DECL RULE reference-semantics/semantics/builtins.k:233
   233 |   rule applyOpE("*",  A:Int, B:Int) => A *Int B
DECL RULE reference-semantics/semantics/builtins.k:234
   234 |   rule applyOpE("//", A:Int, B:Int) => A divInt B
DECL RULE reference-semantics/semantics/builtins.k:235
   235 |   rule applyOpE("**", A:Int, B:Int) => A ^Int B
DECL RULE reference-semantics/semantics/builtins.k:236 ATTRS=['owise']
   236 |   rule applyOpE(_:String, A:Int, _:Int) => A [owise]
DECL SYNTAX reference-semantics/semantics/builtins.k:238 ATTRS=['function', 'total']
   238 |   syntax EvPair ::= passPowE(OpSeq, IntSeq) [function, total]
DECL RULE reference-semantics/semantics/builtins.k:239
   239 |   rule passPowE(.OpSeq, NDS:IntSeq) => evp(.OpSeq, NDS)
DECL RULE reference-semantics/semantics/builtins.k:240
   240 |   rule passPowE(oCons("**", OPS:OpSeq), iCons(N:Int, NDS:IntSeq)) => powCombE(N, passPowE(OPS, NDS))
DECL RULE reference-semantics/semantics/builtins.k:241
   241 |   rule passPowE(oCons(O:String, OPS:OpSeq), iCons(N:Int, NDS:IntSeq)) => powCarryE(O, N, passPowE(OPS, NDS))
   242 |        requires O =/=String "**"
DECL RULE reference-semantics/semantics/builtins.k:243 ATTRS=['owise']
   243 |   rule passPowE(_:OpSeq, .IntSeq) => evp(.OpSeq, .IntSeq) [owise]
DECL SYNTAX reference-semantics/semantics/builtins.k:244 ATTRS=['function', 'total']
   244 |   syntax EvPair ::= powCombE(Int, EvPair) [function, total]
DECL RULE reference-semantics/semantics/builtins.k:245
   245 |   rule powCombE(N:Int, evp(OPS:OpSeq, iCons(M:Int, REST:IntSeq))) => evp(OPS, iCons(N ^Int M, REST))
DECL RULE reference-semantics/semantics/builtins.k:246
   246 |   rule powCombE(N:Int, evp(OPS:OpSeq, .IntSeq)) => evp(OPS, iCons(N, .IntSeq))
DECL SYNTAX reference-semantics/semantics/builtins.k:247 ATTRS=['function', 'total']
   247 |   syntax EvPair ::= powCarryE(String, Int, EvPair) [function, total]
DECL RULE reference-semantics/semantics/builtins.k:248
   248 |   rule powCarryE(O:String, N:Int, evp(OPS:OpSeq, NDS:IntSeq)) => evp(oCons(O, OPS), iCons(N, NDS))
DECL SYNTAX reference-semantics/semantics/builtins.k:250 ATTRS=['function', 'total', 'function', 'total']
   250 |   syntax EvPair ::= passMulE(EvPair) [function, total] | passAddE(EvPair) [function, total]
DECL RULE reference-semantics/semantics/builtins.k:251
   251 |   rule passMulE(evp(OPS:OpSeq, iCons(N0:Int, NDS:IntSeq))) => passLGoE("mul", N0, OPS, NDS, .OpSeq, .IntSeq)
DECL RULE reference-semantics/semantics/builtins.k:252
   252 |   rule passMulE(evp(OPS:OpSeq, .IntSeq)) => evp(OPS, .IntSeq)
DECL RULE reference-semantics/semantics/builtins.k:253
   253 |   rule passAddE(evp(OPS:OpSeq, iCons(N0:Int, NDS:IntSeq))) => passLGoE("add", N0, OPS, NDS, .OpSeq, .IntSeq)
DECL RULE reference-semantics/semantics/builtins.k:254
   254 |   rule passAddE(evp(OPS:OpSeq, .IntSeq)) => evp(OPS, .IntSeq)
DECL SYNTAX reference-semantics/semantics/builtins.k:255 ATTRS=['function', 'total']
   255 |   syntax EvPair ::= passLGoE(String, Int, OpSeq, IntSeq, OpSeq, IntSeq) [function, total]
DECL RULE reference-semantics/semantics/builtins.k:256
   256 |   rule passLGoE(_:String, CUR:Int, .OpSeq, _:IntSeq, OO:OpSeq, ON:IntSeq) => evp(OO, appendIE(ON, CUR))
DECL RULE reference-semantics/semantics/builtins.k:257
   257 |   rule passLGoE(L:String, CUR:Int, oCons(O:String, OPS:OpSeq), iCons(N:Int, NDS:IntSeq), OO:OpSeq, ON:IntSeq)
   258 |     => passLGoE(L, applyOpE(O, CUR, N), OPS, NDS, OO, ON)
   259 |        requires inLevelE(L, O)
DECL RULE reference-semantics/semantics/builtins.k:260
   260 |   rule passLGoE(L:String, CUR:Int, oCons(O:String, OPS:OpSeq), iCons(N:Int, NDS:IntSeq), OO:OpSeq, ON:IntSeq)
   261 |     => passLGoE(L, N, OPS, NDS, appendOpE(OO, O), appendIE(ON, CUR))
   262 |        requires notBool inLevelE(L, O)
DECL RULE reference-semantics/semantics/builtins.k:263 ATTRS=['owise']
   263 |   rule passLGoE(_:String, CUR:Int, oCons(_:String, _:OpSeq), .IntSeq, OO:OpSeq, ON:IntSeq)
   264 |     => evp(OO, appendIE(ON, CUR)) [owise]
DECL SYNTAX reference-semantics/semantics/builtins.k:265 ATTRS=['function', 'total']
   265 |   syntax Bool ::= inLevelE(String, String) [function, total]
DECL RULE reference-semantics/semantics/builtins.k:266
   266 |   rule inLevelE("mul", O:String) => O ==String "*" orBool O ==String "//" orBool O ==String "/"
DECL RULE reference-semantics/semantics/builtins.k:267
   267 |   rule inLevelE("add", O:String) => O ==String "+" orBool O ==String "-"
DECL RULE reference-semantics/semantics/builtins.k:268 ATTRS=['owise']
   268 |   rule inLevelE(_:String, _:String) => false [owise]
DECL SYNTAX reference-semantics/semantics/builtins.k:269 ATTRS=['function', 'total']
   269 |   syntax OpSeq ::= appendOpE(OpSeq, String) [function, total]
DECL RULE reference-semantics/semantics/builtins.k:270
   270 |   rule appendOpE(.OpSeq, O:String) => oCons(O, .OpSeq)
DECL RULE reference-semantics/semantics/builtins.k:271
   271 |   rule appendOpE(oCons(H:String, T:OpSeq), O:String) => oCons(H, appendOpE(T, O))
DECL SYNTAX reference-semantics/semantics/builtins.k:272 ATTRS=['function', 'total']
   272 |   syntax IntSeq ::= appendIE(IntSeq, Int) [function, total]
DECL RULE reference-semantics/semantics/builtins.k:273
   273 |   rule appendIE(.IntSeq, N:Int) => iCons(N, .IntSeq)
DECL RULE reference-semantics/semantics/builtins.k:274
   274 |   rule appendIE(iCons(H:Int, T:IntSeq), N:Int) => iCons(H, appendIE(T, N))
DECL SYNTAX reference-semantics/semantics/builtins.k:279
   279 |   syntax KItem ::= "#md5"
DECL RULE reference-semantics/semantics/builtins.k:280 ATTRS=['priority(40)']
   280 |   rule <k> Call(Attribute(Name("hashlib"), "md5"), (E:Expr, .Exprs)) => E ~> #md5 ... </k>
   281 |        [priority(40)]
DECL RULE reference-semantics/semantics/builtins.k:282
   282 |   rule <k> str(CS:IntSeq) ~> #md5 => md5Obj(CS) ... </k>
DECL SYNTAX reference-semantics/semantics/builtins.k:283
   283 |   syntax Val ::= md5Obj(IntSeq)
DECL RULE reference-semantics/semantics/builtins.k:284
   284 |   rule applyMethod(md5Obj(CS:IntSeq), "hexdigest", .Vals) => str(md5hexCodes(CS))
DECL SYNTAX reference-semantics/semantics/builtins.k:285 ATTRS=['function', 'total', 'symbol(md5hexCodes)', 'no-evaluators']
   285 |   syntax IntSeq ::= md5hexCodes(IntSeq) [function, total, symbol(md5hexCodes), no-evaluators]
DECL RULE reference-semantics/semantics/builtins.k:291
   291 |   rule applyBuiltin("isinstance", V:Val, typeV("int"), .Vals) => isIntV(V)
DECL RULE reference-semantics/semantics/builtins.k:292
   292 |   rule applyBuiltin("isinstance", V:Val, typeV("str"), .Vals) => isStrV(V)
DECL SYNTAX reference-semantics/semantics/builtins.k:293 ATTRS=['function', 'function']
   293 |   syntax Bool ::= isIntV(Val) [function] | isStrV(Val) [function]
DECL RULE reference-semantics/semantics/builtins.k:294
   294 |   rule isIntV(_:Int)         => true
DECL RULE reference-semantics/semantics/builtins.k:295 ATTRS=['owise']
   295 |   rule isIntV(_:Val)         => false [owise]
DECL RULE reference-semantics/semantics/builtins.k:296
   296 |   rule isStrV(str(_:IntSeq)) => true
DECL RULE reference-semantics/semantics/builtins.k:297 ATTRS=['owise']
   297 |   rule isStrV(_:Val)         => false [owise]
====================================================================================================
FILE reference-semantics/semantics/call.k sha256=7e4d6c7cabe7bb4ccff52f21c5d5f30920ccb48d42864146ce53146509f736e4 lines=95
META reference-semantics/semantics/call.k:10: module MPY-CALL
META reference-semantics/semantics/call.k:11: imports MPY-METHODS
META reference-semantics/semantics/call.k:12: imports MPY-BUILTINS
META reference-semantics/semantics/call.k:13: imports MPY-FUNCTIONS
META reference-semantics/semantics/call.k:95: endmodule
DECL RULE reference-semantics/semantics/call.k:16
    16 |   rule <k> Attribute(V:Val, M:String) => boundMethodV(V, M) ... </k>
DECL SYNTAX reference-semantics/semantics/call.k:19
    19 |   syntax KItem ::= #callee(Exprs)
DECL RULE reference-semantics/semantics/call.k:20 ATTRS=['owise']
    20 |   rule <k> Call(Fe:Expr, ARGS:Exprs) => Fe ~> #callee(ARGS) ... </k> [owise]
DECL RULE reference-semantics/semantics/call.k:21
    21 |   rule <k> CV:Val ~> #callee(ARGS:Exprs) => #evalArgs(ARGS, .Vals, toCall(CV)) ... </k>
DECL RULE reference-semantics/semantics/call.k:24
    24 |   rule <k> #applyK(toCall(boundMethodV(OBJ:Val, M:String)), ACC:Vals) => applyMethod(OBJ, M, ACC) ... </k>
DECL RULE reference-semantics/semantics/call.k:26
    26 |   rule <k> #applyK(toCall(builtinV("sum")), (OBJ:Iterable, .Vals)) => #sumAcc(OBJ, 0) ... </k>
DECL RULE reference-semantics/semantics/call.k:27
    27 |   rule <k> #applyK(toCall(builtinV("all")), (OBJ:Iterable, .Vals)) => #allAcc(OBJ)    ... </k>
DECL RULE reference-semantics/semantics/call.k:28
    28 |   rule <k> #applyK(toCall(builtinV("any")), (OBJ:Iterable, .Vals)) => #anyAcc(OBJ)    ... </k>
DECL RULE reference-semantics/semantics/call.k:29
    29 |   rule <k> #applyK(toCall(builtinV("max")), (OBJ:Iterable, .Vals)) => #maxAcc0(OBJ)   ... </k>
DECL RULE reference-semantics/semantics/call.k:30
    30 |   rule <k> #applyK(toCall(builtinV("min")), (OBJ:Iterable, .Vals)) => #minAcc0(OBJ)   ... </k>
DECL RULE reference-semantics/semantics/call.k:31 ATTRS=['owise']
    31 |   rule <k> #applyK(toCall(builtinV(BN:String)), ACC:Vals) => applyBuiltin(BN, ACC) ... </k> [owise]
DECL RULE reference-semantics/semantics/call.k:32
    32 |   rule <k> #applyK(toCall(typeV(T:String)),     ACC:Vals) => applyBuiltin(T, ACC)  ... </k>
DECL RULE reference-semantics/semantics/call.k:38 ATTRS=['priority(40)']
    38 |   rule <k> #applyK(toCall(builtinV(BN:String)), (ref(H:Int), REST:Vals))
    39 |         => #applyK(toCall(builtinV(BN)), (V, REST)) ... </k>
    40 |        <heap> ... H |-> V:Val ... </heap>
    41 |        [priority(40)]
DECL RULE reference-semantics/semantics/call.k:42 ATTRS=['priority(40)']
    42 |   rule <k> #applyK(toCall(builtinV(BN:String)), (A:Val, ref(H:Int), REST:Vals))
    43 |         => #applyK(toCall(builtinV(BN)), (A, V, REST)) ... </k>
    44 |        <heap> ... H |-> V:Val ... </heap>
    45 |        requires notBool isRefV(A)
    46 |        [priority(40)]
DECL RULE reference-semantics/semantics/call.k:47 ATTRS=['priority(40)']
    47 |   rule <k> #applyK(toCall(typeV(T:String)), (ref(H:Int), REST:Vals))
    48 |         => #applyK(toCall(typeV(T)), (V, REST)) ... </k>
    49 |        <heap> ... H |-> V:Val ... </heap>
    50 |        [priority(40)]
DECL SYNTAX reference-semantics/semantics/call.k:52 ATTRS=['function', 'total']
    52 |   syntax Bool ::= isMutMethod(String) [function, total]
DECL RULE reference-semantics/semantics/call.k:53
    53 |   rule isMutMethod(M:String)
    54 |     => M ==String "append" orBool M ==String "sort" orBool M ==String "extend"
    55 |        orBool M ==String "insert" orBool M ==String "pop" orBool M ==String "remove"
DECL RULE reference-semantics/semantics/call.k:56 ATTRS=['priority(40)']
    56 |   rule <k> #applyK(toCall(boundMethodV(ref(H:Int), M:String)), ACC:Vals)
    57 |         => #applyK(toCall(boundMethodV(V, M)), ACC) ... </k>
    58 |        <heap> ... H |-> V:Val ... </heap>
    59 |        requires notBool isMutMethod(M)
    60 |        [priority(40)]
DECL RULE reference-semantics/semantics/call.k:63 ATTRS=['priority(40)']
    63 |   rule <k> #applyK(toCall(boundMethodV(OBJ:Val, M:String)), (ref(H:Int), REST:Vals))
    64 |         => #applyK(toCall(boundMethodV(OBJ, M)), (V, REST)) ... </k>
    65 |        <heap> ... H |-> V:Val ... </heap>
    66 |        requires notBool isMutMethod(M) andBool notBool isRefV(OBJ)
    67 |        [priority(40)]
DECL RULE reference-semantics/semantics/call.k:69
    69 |   rule <k> #applyK(toCall(closureVal(PNS:ParamNames, BODY:Stmts, DEFL:Int)), ACC:Vals) ~> CONT
    70 |         => #bindP(PNS, ACC) ~> BODY ~> #endcall </k>
    71 |        <env>     CALLERL:Int => NEWL </env>
    72 |        <scopes>   STORE:Map => STORE [ NEWL <- scope(.Map, parent(DEFL)) ] </scopes>
    73 |        <scopeLoc> NEWL:Int => NEWL +Int 1 </scopeLoc>
    74 |        <stack>   .List => ListItem(frame(CONT, CALLERL, NEWL)) ... </stack>
DECL RULE reference-semantics/semantics/call.k:80
    80 |   rule <k> #applyK(toCall(closureValC(PNS:ParamNames, CVS:ParamNames, BODY:Stmts, CM:Map)), ACC:Vals) ~> CONT
    81 |         => #allocCells(CVS) ~> #bindP(PNS, ACC) ~> BODY ~> #endcall </k>
    82 |        <env>     CALLERL:Int => NEWL </env>
    83 |        <scopes>   STORE:Map => STORE [ NEWL <- scope(CM [ "$cells" <- cellsMark(CVS) ], parent(0)) ] </scopes>
    84 |        <scopeLoc> NEWL:Int => NEWL +Int 1 </scopeLoc>
    85 |        <stack>   .List => ListItem(frame(CONT, CALLERL, NEWL)) ... </stack>
DECL SYNTAX reference-semantics/semantics/call.k:87
    87 |   syntax KItem ::= #allocCells(ParamNames)
DECL RULE reference-semantics/semantics/call.k:88
    88 |   rule <k> #allocCells(.ParamNames) => .K ... </k>
DECL RULE reference-semantics/semantics/call.k:89
    89 |   rule <k> #allocCells((CV:String, R:ParamNames)) => #allocCells(R) ... </k>
    90 |        <env> L:Int </env>
    91 |        <scopes> ... L |-> scope(M:Map => M [ CV <- cellRef(N) ], _) ... </scopes>
    92 |        <heap>    H:Map => (N |-> cellV(noneV)) H </heap>
    93 |        <heapLoc> N:Int => N +Int 1 </heapLoc>
    94 |        requires notBool N in_keys(H)
====================================================================================================
FILE reference-semantics/semantics/comprehension.k sha256=cf7c38aad5cff698ebb05ecbadf00cbf210ddb2f54ae86f22b328311c027c6a7 lines=27
META reference-semantics/semantics/comprehension.k:3: module MPY-COMPREHENSION
META reference-semantics/semantics/comprehension.k:4: imports MPY-CORE
META reference-semantics/semantics/comprehension.k:5: imports MPY-OPERATORS
META reference-semantics/semantics/comprehension.k:6: imports MPY-LIST
META reference-semantics/semantics/comprehension.k:7: imports MPY-CONTROLS
META reference-semantics/semantics/comprehension.k:8: imports MPY-FUNCTIONS
META reference-semantics/semantics/comprehension.k:27: endmodule
DECL RULE reference-semantics/semantics/comprehension.k:11
    11 |   rule ListComp(ELT:Expr, Gs:CompFors) => Call(closureExpr(.ParamNames, compBody(Gs, ELT)), .Exprs)
DECL RULE reference-semantics/semantics/comprehension.k:12
    12 |   rule GenExp(ELT:Expr, Gs:CompFors)   => Call(closureExpr(.ParamNames, compBody(Gs, ELT)), .Exprs)
DECL SYNTAX reference-semantics/semantics/comprehension.k:14 ATTRS=['macro']
    14 |   syntax Stmts ::= compBody(CompFors, Expr) [macro]
DECL RULE reference-semantics/semantics/comprehension.k:15
    15 |   rule compBody(Gs:CompFors, ELT:Expr)
    16 |     => Assign(Name("$acc"), ListExpr(.Exprs)) compNest(Gs, ELT) Return(Name("$acc"))
DECL SYNTAX reference-semantics/semantics/comprehension.k:18 ATTRS=['macro-rec']
    18 |   syntax Stmt ::= compNest(CompFors, Expr) [macro-rec]
DECL RULE reference-semantics/semantics/comprehension.k:19
    19 |   rule compNest(.CompFors, ELT:Expr)
    20 |     => Assign(Name("$acc"), BinOp("+", Name("$acc"), ListExpr(ELT)))
DECL RULE reference-semantics/semantics/comprehension.k:21
    21 |   rule compNest((CompFor(T:Expr, ITER:Expr, Fs:Exprs) GRest:CompFors), ELT:Expr)
    22 |     => For(T, ITER, If(compGuard(Fs), compNest(GRest, ELT), .Stmts))
DECL SYNTAX reference-semantics/semantics/comprehension.k:24 ATTRS=['macro']
    24 |   syntax Expr ::= compGuard(Exprs) [macro]
DECL RULE reference-semantics/semantics/comprehension.k:25
    25 |   rule compGuard(.Exprs)             => Bool(true)
DECL RULE reference-semantics/semantics/comprehension.k:26
    26 |   rule compGuard((F:Expr, Fs:Exprs)) => BoolOp("and", (F, Fs))
====================================================================================================
FILE reference-semantics/semantics/concrete.k sha256=1ffea42a32610e9116506d709e9163413aeb5f6deb7824ea554aca8341f2d305 lines=60
META reference-semantics/semantics/concrete.k:8: module MPY-CONCRETE
META reference-semantics/semantics/concrete.k:9: imports MPY
META reference-semantics/semantics/concrete.k:60: endmodule
DECL RULE reference-semantics/semantics/concrete.k:13
    13 |   rule <k> Compare(list(A:ValSeq), CmpOp("==", list(B:ValSeq))) => deepEqVS(A, B, HP) ... </k>
    14 |        <heap> HP:Map </heap>
    15 |        requires hasRefVS(A) orBool hasRefVS(B)
DECL RULE reference-semantics/semantics/concrete.k:16
    16 |   rule <k> Compare(list(A:ValSeq), CmpOp("!=", list(B:ValSeq))) => notBool deepEqVS(A, B, HP) ... </k>
    17 |        <heap> HP:Map </heap>
    18 |        requires hasRefVS(A) orBool hasRefVS(B)
DECL SYNTAX reference-semantics/semantics/concrete.k:25
    25 |   syntax Val ::= kvP(Val, Val)
DECL SYNTAX reference-semantics/semantics/concrete.k:26
    26 |   syntax KItem ::= #ksort(ValSeq, Val, ValSeq, Bool)
    27 |                  | #ksIns(Val, ValSeq, Val, ValSeq, Bool)
DECL RULE reference-semantics/semantics/concrete.k:28 ATTRS=['priority(40)']
    28 |   rule <k> #applyK(toCall(builtinV("sorted")), (list(VS:ValSeq), kwV("key", KV:Val), .Vals))
    29 |         => #ksort(VS, KV, .ValSeq, false) ... </k>
    30 |        [priority(40)]
DECL RULE reference-semantics/semantics/concrete.k:31 ATTRS=['priority(40)']
    31 |   rule <k> #applyK(toCall(builtinV("sorted")), (list(VS:ValSeq), kwV("key", KV:Val), kwV("reverse", RB:Bool), .Vals))
    32 |         => #ksort(VS, KV, .ValSeq, RB) ... </k>
    33 |        [priority(40)]
DECL RULE reference-semantics/semantics/concrete.k:34
    34 |   rule <k> #ksort(.ValSeq, _:Val, ACC:ValSeq, RB:Bool)
    35 |         => #alloc(list(condRev(unpairVS(ACC), RB))) ... </k>
DECL RULE reference-semantics/semantics/concrete.k:36
    36 |   rule <k> #ksort(vCons(V:Val, R:ValSeq), KV:Val, ACC:ValSeq, RB:Bool)
    37 |         => KV ~> #callee((V, .Exprs)) ~> #ksIns(V, R, KV, ACC, RB) ... </k>
DECL RULE reference-semantics/semantics/concrete.k:38
    38 |   rule <k> K:Val ~> #ksIns(V:Val, R:ValSeq, KV:Val, ACC:ValSeq, RB:Bool)
    39 |         => #ksort(R, KV, insPair(ACC, K, V), RB) ... </k>
    40 |        requires notBool isKwV(K)
DECL SYNTAX reference-semantics/semantics/concrete.k:42 ATTRS=['function']
    42 |   syntax ValSeq ::= insPair(ValSeq, Val, Val) [function]
DECL RULE reference-semantics/semantics/concrete.k:43
    43 |   rule insPair(.ValSeq, K:Val, V:Val) => vCons(kvP(K, V), .ValSeq)
DECL RULE reference-semantics/semantics/concrete.k:44
    44 |   rule insPair(vCons(kvP(K2:Val, V2:Val), R:ValSeq), K:Val, V:Val)
    45 |     => vCons(kvP(K, V), vCons(kvP(K2, V2), R))
    46 |        requires kLt(K, K2)
DECL RULE reference-semantics/semantics/concrete.k:47
    47 |   rule insPair(vCons(kvP(K2:Val, V2:Val), R:ValSeq), K:Val, V:Val)
    48 |     => vCons(kvP(K2, V2), insPair(R, K, V))
    49 |        requires notBool kLt(K, K2)
DECL SYNTAX reference-semantics/semantics/concrete.k:51 ATTRS=['function']
    51 |   syntax Bool ::= kLt(Val, Val) [function]
DECL RULE reference-semantics/semantics/concrete.k:52
    52 |   rule kLt(I1:Int, I2:Int)             => I1 <Int I2
DECL RULE reference-semantics/semantics/concrete.k:53
    53 |   rule kLt(F1:Float, F2:Float)         => F1 <Float F2
DECL RULE reference-semantics/semantics/concrete.k:54
    54 |   rule kLt(str(A:IntSeq), str(B:IntSeq)) => strLt(A, B)
DECL SYNTAX reference-semantics/semantics/concrete.k:56 ATTRS=['function', 'total']
    56 |   syntax ValSeq ::= unpairVS(ValSeq) [function, total]
DECL RULE reference-semantics/semantics/concrete.k:57
    57 |   rule unpairVS(.ValSeq) => .ValSeq
DECL RULE reference-semantics/semantics/concrete.k:58
    58 |   rule unpairVS(vCons(kvP(_:Val, V:Val), R:ValSeq)) => vCons(V, unpairVS(R))
DECL RULE reference-semantics/semantics/concrete.k:59 ATTRS=['owise']
    59 |   rule unpairVS(vCons(V:Val, R:ValSeq)) => vCons(V, unpairVS(R)) [owise]
====================================================================================================
FILE reference-semantics/semantics/controls.k sha256=325c73757d5a7ccf541b93240accd590a2cee90d84470efa3a4a0a14165aafae lines=109
META reference-semantics/semantics/controls.k:3: module MPY-CONTROLS
META reference-semantics/semantics/controls.k:4: imports MPY-CORE
META reference-semantics/semantics/controls.k:5: imports MPY-TUPLE
META reference-semantics/semantics/controls.k:6: imports MPY-ITER
META reference-semantics/semantics/controls.k:109: endmodule
DECL RULE reference-semantics/semantics/controls.k:9
     9 |   rule <k> Assign(Name(X:String), V:Val) => .K ... </k>
    10 |        <env> L:Int </env>
    11 |        <scopes> ... L |-> scope(M:Map => M [ X <- V ], _) ... </scopes>
DECL RULE reference-semantics/semantics/controls.k:12 ATTRS=['priority(40)']
    12 |   rule <k> Assign(Name(X:String), V:Val) => #cellW({M[X]}:>Val, V) ... </k>
    13 |        <env> L:Int </env>
    14 |        <scopes> ... L |-> scope(M:Map, _) ... </scopes>
    15 |        requires "$cells" in_keys(M)
    16 |         andBool pnMember(X, cellsOf({M["$cells"]}:>Val))
    17 |         andBool X in_keys(M) andBool isCellRef({M[X]}:>Val)
    18 |        [priority(40)]
DECL RULE reference-semantics/semantics/controls.k:20
    20 |   rule <k> AugAssign(Name(X:String), OP:String, V:Val) => .K ... </k>
    21 |        <env> L:Int </env>
    22 |        <scopes> ... L |-> scope(M:Map => M [ X <- applyBin(OP, {M[X]}:>Val, V) ], _) ... </scopes>
    23 |        requires X in_keys(M)
DECL RULE reference-semantics/semantics/controls.k:27 ATTRS=['priority(40)']
    27 |   rule <k> AugAssign(Name(X:String), OP:String, V:Val) => Assign(Name(X), BinOp(OP, Name(X), V)) ... </k>
    28 |        <env> L:Int </env>
    29 |        <scopes> ... L |-> scope(M:Map, _) ... </scopes>
    30 |        requires X in_keys(M) andBool isRefV({M[X]}:>Val)
    31 |        [priority(40)]
DECL RULE reference-semantics/semantics/controls.k:35
    35 |   rule <k> ImportFrom("math", NS:ParamNames) => #bindImports(NS) ... </k>
DECL RULE reference-semantics/semantics/controls.k:36 ATTRS=['owise']
    36 |   rule <k> ImportFrom(_:String, _:ParamNames) => .K ... </k> [owise]
DECL SYNTAX reference-semantics/semantics/controls.k:37
    37 |   syntax KItem ::= #bindImports(ParamNames)
DECL RULE reference-semantics/semantics/controls.k:38
    38 |   rule <k> #bindImports(.ParamNames) => .K ... </k>
DECL RULE reference-semantics/semantics/controls.k:39
    39 |   rule <k> #bindImports((N:String, NS:ParamNames)) => #bindImports(NS) ... </k>
    40 |        <env> L:Int </env>
    41 |        <scopes> ... L |-> scope(M:Map => M [ N <- builtinV(N) ], _) ... </scopes>
    42 |        requires N ==String "floor" orBool N ==String "ceil"
DECL RULE reference-semantics/semantics/controls.k:43
    43 |   rule <k> #bindImports((N:String, NS:ParamNames)) => #bindImports(NS) ... </k>
    44 |        requires notBool (N ==String "floor" orBool N ==String "ceil")
DECL RULE reference-semantics/semantics/controls.k:48
    48 |   rule <k> Expr(_:Val) => .K ... </k>
DECL SYNTAX reference-semantics/semantics/controls.k:51
    51 |   syntax KItem ::= #branch(Bool, Stmts, Stmts)
DECL RULE reference-semantics/semantics/controls.k:52
    52 |   rule <k> If(C:Val, T:Stmts, E:Stmts) => #branch(truthy(C), T, E) ... </k>
DECL RULE reference-semantics/semantics/controls.k:53
    53 |   rule <k> #branch(true,  T:Stmts, _:Stmts) => T ... </k>
DECL RULE reference-semantics/semantics/controls.k:54
    54 |   rule <k> #branch(false, _:Stmts, E:Stmts) => E ... </k>
DECL RULE reference-semantics/semantics/controls.k:57
    57 |   rule <k> IfExp(V:Val, T:Expr, _:Expr) => T ... </k>
    58 |        requires truthy(V)
DECL RULE reference-semantics/semantics/controls.k:59
    59 |   rule <k> IfExp(V:Val, _:Expr, E:Expr) => E ... </k>
    60 |        requires notBool truthy(V)
DECL SYNTAX reference-semantics/semantics/controls.k:65
    65 |   syntax KItem ::= #loop(Val, Expr, Stmts) | #loopStep(Expr, Stmts)
    66 |                  | #while(Expr, Stmts) | #whileCond(Expr, Stmts)
    67 |                  | #loopLbl(K) | "#cont" | "#brk"
DECL RULE reference-semantics/semantics/controls.k:69
    69 |   rule <k> For(T:Expr, OBJ:Val, B:Stmts) => #loop(OBJ, T, B) ... </k>
DECL RULE reference-semantics/semantics/controls.k:71
    71 |   rule <k> #loop(IT:Iterable, T:Expr, B:Stmts) => #iterNext(IT) ~> #loopStep(T, B) ... </k>
DECL RULE reference-semantics/semantics/controls.k:72
    72 |   rule <k> #iterDone ~> #loopStep(_:Expr, _:Stmts) => .K ... </k>
DECL RULE reference-semantics/semantics/controls.k:73
    73 |   rule <k> #iterYield(V:Val, REST:Iterable) ~> #loopStep(T:Expr, B:Stmts)
    74 |         => #bindTgt(T, V) ~> B ~> #loopLbl(#loop(REST, T, B)) ... </k>
DECL RULE reference-semantics/semantics/controls.k:77
    77 |   rule <k> While(C:Expr, B:Stmts) => #while(C, B) ... </k>
DECL RULE reference-semantics/semantics/controls.k:78
    78 |   rule <k> #while(C:Expr, B:Stmts) => C ~> #whileCond(C, B) ... </k>
DECL RULE reference-semantics/semantics/controls.k:79
    79 |   rule <k> V:Val ~> #whileCond(C:Expr, B:Stmts) => B ~> #loopLbl(#while(C, B)) ... </k>
    80 |        requires truthy(V)
DECL RULE reference-semantics/semantics/controls.k:81
    81 |   rule <k> V:Val ~> #whileCond(_C:Expr, _B:Stmts) => .K ... </k>
    82 |        requires notBool truthy(V)
DECL RULE reference-semantics/semantics/controls.k:85
    85 |   rule <k> #loopLbl(NEXT:K) => NEXT ... </k>
DECL RULE reference-semantics/semantics/controls.k:86
    86 |   rule <k> Continue => #cont ... </k>
DECL RULE reference-semantics/semantics/controls.k:87
    87 |   rule <k> Break => #brk ... </k>
DECL RULE reference-semantics/semantics/controls.k:88
    88 |   rule <k> #cont ~> #loopLbl(NEXT:K) => NEXT ... </k>
DECL RULE reference-semantics/semantics/controls.k:89 ATTRS=['owise']
    89 |   rule <k> #cont ~> (_:KItem => .K) ... </k> [owise]
DECL RULE reference-semantics/semantics/controls.k:90
    90 |   rule <k> #brk ~> #loopLbl(_:K) => .K ... </k>
DECL RULE reference-semantics/semantics/controls.k:91 ATTRS=['owise']
    91 |   rule <k> #brk ~> (_:KItem => .K) ... </k> [owise]
DECL RULE reference-semantics/semantics/controls.k:95 ATTRS=['priority(40)']
    95 |   rule <k> If(ref(H:Int), T:Stmts, E:Stmts) => If(V, T, E) ... </k>
    96 |        <heap> ... H |-> V:Val ... </heap>
    97 |        [priority(40)]
DECL RULE reference-semantics/semantics/controls.k:98 ATTRS=['priority(40)']
    98 |   rule <k> IfExp(ref(H:Int), T:Expr, E:Expr) => IfExp(V, T, E) ... </k>
    99 |        <heap> ... H |-> V:Val ... </heap>
   100 |        [priority(40)]
DECL RULE reference-semantics/semantics/controls.k:101 ATTRS=['priority(40)']
   101 |   rule <k> ref(H:Int) ~> #whileCond(C:Expr, B:Stmts) => V ~> #whileCond(C, B) ... </k>
   102 |        <heap> ... H |-> V:Val ... </heap>
   103 |        [priority(40)]
DECL RULE reference-semantics/semantics/controls.k:106 ATTRS=['priority(40)']
   106 |   rule <k> For(T:Expr, ref(H:Int), B:Stmts) => For(T, V, B) ... </k>
   107 |        <heap> ... H |-> V:Val ... </heap>
   108 |        [priority(40)]
====================================================================================================
FILE reference-semantics/semantics/core.k sha256=e0fdc11dc2b9cd0acb18fe7c832c1ea1ac0c9e79cadf40c63f34276aca513d7e lines=240
META reference-semantics/semantics/core.k:3: module MPY-CORE
META reference-semantics/semantics/core.k:4: imports MPY-SYNTAX
META reference-semantics/semantics/core.k:5: imports INT
META reference-semantics/semantics/core.k:6: imports BOOL
META reference-semantics/semantics/core.k:7: imports STRING
META reference-semantics/semantics/core.k:8: imports MAP
META reference-semantics/semantics/core.k:9: imports LIST
META reference-semantics/semantics/core.k:10: imports K-EQUAL
META reference-semantics/semantics/core.k:240: endmodule
DECL SYNTAX reference-semantics/semantics/core.k:13
    13 |   syntax IntSeq ::= ".IntSeq" | iCons(Int, IntSeq)
DECL SYNTAX reference-semantics/semantics/core.k:14
    14 |   syntax ValSeq ::= ".ValSeq" | vCons(Val, ValSeq)
DECL SYNTAX reference-semantics/semantics/core.k:15
    15 |   syntax Str    ::= str(IntSeq)
DECL SYNTAX reference-semantics/semantics/core.k:18
    18 |   syntax Iterable ::= list(ValSeq)
    19 |                     | tuple(ValSeq)
    20 |                     | Str
    21 |                     | rangeObj(Int, Int, Int)
    22 |                     | zipObj(ValSeq, ValSeq)
    23 |                     | zipObjS(IntSeq, IntSeq)
DECL SYNTAX reference-semantics/semantics/core.k:25
    25 |   syntax Val      ::= Int
    26 |                     | Bool
    27 |                     | "noneV"
    28 |                     | Iterable
    29 |                     | ref(Int)          // a heap object: <heap> holds its list(VS)
    30 |                     | cellRef(Int)      // a closure cell: <heap> holds cellV(V)
    31 |                     | closureVal(ParamNames, Stmts, Int)
    32 |                     | typeV(String)     // a type object (int/str), resolved from the builtins frame
    33 |                     | builtinV(String)  // a builtin function, resolved like any name (LEGB fallthrough)
    34 |                     | boundMethodV(Val, String)   // a cooled Attribute: obj.method
DECL SYNTAX reference-semantics/semantics/core.k:36
    36 |   syntax Parent   ::= "root" | parent(Int)
DECL SYNTAX reference-semantics/semantics/core.k:37
    37 |   syntax Scope    ::= scope(Map, Parent)
DECL SYNTAX reference-semantics/semantics/core.k:38
    38 |   syntax KResult  ::= Val
DECL SYNTAX reference-semantics/semantics/core.k:39
    39 |   syntax Expr     ::= Val   // cooling puts results back into expression holes
DECL SYNTAX reference-semantics/semantics/core.k:40
    40 |   syntax Vals     ::= List{Val, ","}
DECL SYNTAX reference-semantics/semantics/core.k:41
    41 |   syntax Exc      ::= "NoExc" | "AssertionError"
DECL SYNTAX reference-semantics/semantics/core.k:42
    42 |   syntax RetState ::= "noRet" | retV(Val)
DECL CONFIGURATION reference-semantics/semantics/core.k:49
    49 |   configuration
    50 |     <k>       #loadAll($PGM:Module) </k>
    51 |     <env>     0 </env>
    52 |     <scopes>   0     |-> scope(.Map, parent(-1))
    53 |               -1    |-> builtinsScope </scopes>
    54 |     <scopeLoc> 1 </scopeLoc>
    55 |     <heap>    .Map </heap>
    56 |     <heapLoc> 0 </heapLoc>
    57 |     <stack>   .List </stack>
    58 |     <ret>     noRet </ret>
    59 |     <exc>     NoExc </exc>
    60 |     <exit-code exit=""> 0 </exit-code>
DECL SYNTAX reference-semantics/semantics/core.k:68 ATTRS=['function', 'total']
    68 |   syntax Bool ::= isRefV(Val) [function, total]
DECL RULE reference-semantics/semantics/core.k:69
    69 |   rule isRefV(ref(_:Int)) => true
DECL RULE reference-semantics/semantics/core.k:70 ATTRS=['owise']
    70 |   rule isRefV(_:Val)      => false [owise]
DECL SYNTAX reference-semantics/semantics/core.k:75
    75 |   syntax HeapVal ::= cellV(Val)
DECL SYNTAX reference-semantics/semantics/core.k:76 ATTRS=['function', 'total']
    76 |   syntax Bool ::= isCellRef(Val) [function, total]
DECL RULE reference-semantics/semantics/core.k:77
    77 |   rule isCellRef(cellRef(_:Int)) => true
DECL RULE reference-semantics/semantics/core.k:78 ATTRS=['owise']
    78 |   rule isCellRef(_:Val)          => false [owise]
DECL RULE reference-semantics/semantics/core.k:85 ATTRS=['priority(40)']
    85 |   rule <k> cellRef(H:Int) => V ... </k>
    86 |        <env> L:Int </env>
    87 |        <scopes> ... L |-> scope(M:Map, _) ... </scopes>
    88 |        <heap> ... H |-> cellV(V:Val) ... </heap>
    89 |        requires "$cells" in_keys(M)
    90 |        [priority(40)]
DECL SYNTAX reference-semantics/semantics/core.k:95
    95 |   syntax Val ::= kwV(String, Val)
DECL SYNTAX reference-semantics/semantics/core.k:96
    96 |   syntax KItem ::= #kwTag(String)
DECL RULE reference-semantics/semantics/core.k:97
    97 |   rule <k> KwArg(N:String, E:Expr) => E ~> #kwTag(N) ... </k>
DECL RULE reference-semantics/semantics/core.k:98
    98 |   rule <k> V:Val ~> #kwTag(N:String) => kwV(N, V) ... </k>
    99 |        requires notBool isKwV(V)
DECL SYNTAX reference-semantics/semantics/core.k:100 ATTRS=['function', 'total']
   100 |   syntax Bool ::= isKwV(Val) [function, total]
DECL RULE reference-semantics/semantics/core.k:101
   101 |   rule isKwV(kwV(_:String, _:Val)) => true
DECL RULE reference-semantics/semantics/core.k:102 ATTRS=['owise']
   102 |   rule isKwV(_:Val)                => false [owise]
DECL SYNTAX reference-semantics/semantics/core.k:106
   106 |   syntax Val ::= cellsMark(ParamNames)
DECL SYNTAX reference-semantics/semantics/core.k:107 ATTRS=['function']
   107 |   syntax ParamNames ::= cellsOf(Val) [function]
DECL RULE reference-semantics/semantics/core.k:108
   108 |   rule cellsOf(cellsMark(CVS:ParamNames)) => CVS
DECL SYNTAX reference-semantics/semantics/core.k:109 ATTRS=['function', 'total']
   109 |   syntax Bool ::= pnMember(String, ParamNames) [function, total]
DECL RULE reference-semantics/semantics/core.k:110
   110 |   rule pnMember(_:String, .ParamNames) => false
DECL RULE reference-semantics/semantics/core.k:111
   111 |   rule pnMember(X:String, (P:String, R:ParamNames)) => X ==String P orBool pnMember(X, R)
DECL SYNTAX reference-semantics/semantics/core.k:113
   113 |   syntax KItem ::= #cellW(Val, Val)
DECL RULE reference-semantics/semantics/core.k:114
   114 |   rule <k> #cellW(cellRef(H:Int), V:Val) => .K ... </k>
   115 |        <heap> ... H |-> cellV(_:Val => V) ... </heap>
DECL SYNTAX reference-semantics/semantics/core.k:117
   117 |   syntax KItem ::= #alloc(Val)
DECL RULE reference-semantics/semantics/core.k:118
   118 |   rule <k> #alloc(V:Val) => ref(N) ... </k>
   119 |        <heap>    H:Map => (N |-> V) H </heap>
   120 |        <heapLoc> N:Int => N +Int 1 </heapLoc>
   121 |        requires notBool N in_keys(H)
DECL SYNTAX reference-semantics/semantics/core.k:124
   124 |   syntax KItem ::= #loadAll(Module)
DECL RULE reference-semantics/semantics/core.k:125
   125 |   rule <k> #loadAll(Module(SS:Stmts)) => SS ... </k>
DECL RULE reference-semantics/semantics/core.k:126
   126 |   rule <k> (S:Stmt SS:Stmts):Stmts => S ~> SS ... </k>
DECL RULE reference-semantics/semantics/core.k:127
   127 |   rule <k> .Stmts => .K ... </k>
DECL SYNTAX reference-semantics/semantics/core.k:130
   130 |   syntax KItem ::= #look(String, Int)
DECL RULE reference-semantics/semantics/core.k:131
   131 |   rule <k> Name(X:String) => #look(X, L) ... </k> <env> L:Int </env>
DECL RULE reference-semantics/semantics/core.k:132
   132 |   rule <k> #look(X:String, L:Int) => {M[X]}:>Val ... </k>
   133 |        <scopes> ... L |-> scope(M:Map, _:Parent) ... </scopes>
   134 |        requires X in_keys(M)
DECL RULE reference-semantics/semantics/core.k:145 ATTRS=['priority(40)']
   145 |   rule <k> #look(X:String, L:Int) => V ... </k>
   146 |        <scopes> ... L |-> scope(M:Map, _:Parent) ... </scopes>
   147 |        <heap> ... H |-> cellV(V:Val) ... </heap>
   148 |        requires X in_keys(M) andBool "$cells" in_keys(M)
   149 |         andBool pnMember(X, cellsOf({M["$cells"]}:>Val))
   150 |         andBool {M[X]}:>Val ==K cellRef(H)
   151 |        [priority(40)]
DECL RULE reference-semantics/semantics/core.k:152
   152 |   rule <k> #look(X:String, L:Int) => #look(X, P) ... </k>
   153 |        <scopes> ... L |-> scope(M:Map, parent(P:Int)) ... </scopes>
   154 |        requires notBool (X in_keys(M))
DECL SYNTAX reference-semantics/semantics/core.k:157 ATTRS=['function', 'total']
   157 |   syntax Scope ::= "builtinsScope" [function, total]
DECL RULE reference-semantics/semantics/core.k:158
   158 |   rule builtinsScope
   159 |     => scope(.Map [ "len"    <- builtinV("len")    ]
   160 |                   [ "set"    <- builtinV("set")    ]
   161 |                   [ "sum"    <- builtinV("sum")    ]
   162 |                   [ "abs"    <- builtinV("abs")    ]
   163 |                   [ "min"    <- builtinV("min")    ]
   164 |                   [ "max"    <- builtinV("max")    ]
   165 |                   [ "ord"    <- builtinV("ord")    ]
   166 |                   [ "chr"    <- builtinV("chr")    ]
   167 |                   [ "range"  <- builtinV("range")  ]
   168 |                   [ "all"    <- builtinV("all")    ]
   169 |                   [ "any"    <- builtinV("any")    ]
   170 |                   [ "zip"    <- builtinV("zip")    ]
   171 |                   [ "isinstance" <- builtinV("isinstance") ]
   172 |                   [ "sorted" <- builtinV("sorted") ]
   173 |                   [ "list"   <- builtinV("list")   ]
   174 |                   [ "round"  <- builtinV("round")  ]
   175 |                   [ "bin"    <- builtinV("bin")    ]
   176 |                   [ "enumerate" <- builtinV("enumerate") ]
   177 |                   [ "map"    <- builtinV("map")    ]
   178 |                   [ "eval"   <- builtinV("eval")   ]
   179 |                   [ "int"    <- typeV("int")       ]
   180 |                   [ "str"    <- typeV("str")       ]
   181 |                   [ "float"  <- typeV("float")     ], root)
DECL SYNTAX reference-semantics/semantics/core.k:185
   185 |   syntax ApplyK ::= toCall(Val)
DECL SYNTAX reference-semantics/semantics/core.k:186
   186 |   syntax KItem  ::= #evalArgs(Exprs, Vals, ApplyK)
   187 |                   | #evalArgCont(Exprs, Vals, ApplyK)
   188 |                   | #applyK(ApplyK, Vals)
DECL RULE reference-semantics/semantics/core.k:189
   189 |   rule <k> #evalArgs((A:Expr, REST:Exprs), ACC:Vals, K:ApplyK) => A ~> #evalArgCont(REST, ACC, K) ... </k>
DECL RULE reference-semantics/semantics/core.k:190
   190 |   rule <k> V:Val ~> #evalArgCont(REST:Exprs, ACC:Vals, K:ApplyK) => #evalArgs(REST, appendVal(ACC, V), K) ... </k>
DECL RULE reference-semantics/semantics/core.k:191
   191 |   rule <k> #evalArgs(.Exprs, ACC:Vals, K:ApplyK) => #applyK(K, ACC) ... </k>
DECL RULE reference-semantics/semantics/core.k:194
   194 |   rule <k> Int(I:Int)   => I ... </k>
DECL RULE reference-semantics/semantics/core.k:195
   195 |   rule <k> Bool(B:Bool) => B ... </k>
DECL RULE reference-semantics/semantics/core.k:196
   196 |   rule <k> NoneVal      => noneV ... </k>
DECL SYNTAX reference-semantics/semantics/core.k:199 ATTRS=['function']
   199 |   syntax Bool ::= truthy(Val) [function]
DECL RULE reference-semantics/semantics/core.k:200
   200 |   rule truthy(B:Bool)          => B
DECL RULE reference-semantics/semantics/core.k:201
   201 |   rule truthy(noneV)           => false
DECL RULE reference-semantics/semantics/core.k:202
   202 |   rule truthy(I:Int)           => I =/=Int 0
DECL RULE reference-semantics/semantics/core.k:203
   203 |   rule truthy(str(S:IntSeq))   => notBool (S ==K .IntSeq)
DECL RULE reference-semantics/semantics/core.k:204
   204 |   rule truthy(list(V:ValSeq))  => notBool (V ==K .ValSeq)
DECL RULE reference-semantics/semantics/core.k:205
   205 |   rule truthy(tuple(V:ValSeq)) => notBool (V ==K .ValSeq)
DECL SYNTAX reference-semantics/semantics/core.k:208 ATTRS=['function']
   208 |   syntax Val  ::= applyUn(String, Val) [function]
DECL SYNTAX reference-semantics/semantics/core.k:209 ATTRS=['function']
   209 |   syntax Val  ::= applyBin(String, Val, Val) [function]
DECL SYNTAX reference-semantics/semantics/core.k:210 ATTRS=['function']
   210 |   syntax Bool ::= applyCmp(String, Val, Val) [function]
DECL SYNTAX reference-semantics/semantics/core.k:213 ATTRS=['function', 'total']
   213 |   syntax Vals ::= appendVal(Vals, Val) [function, total]
DECL RULE reference-semantics/semantics/core.k:214
   214 |   rule appendVal(.Vals, V:Val)              => V , .Vals
DECL RULE reference-semantics/semantics/core.k:215
   215 |   rule appendVal((V0:Val, VS:Vals), V:Val)  => V0 , appendVal(VS, V)
DECL SYNTAX reference-semantics/semantics/core.k:217 ATTRS=['function', 'total']
   217 |   syntax ValSeq ::= vals2valSeq(Vals) [function, total]
DECL RULE reference-semantics/semantics/core.k:218
   218 |   rule vals2valSeq(.Vals)            => .ValSeq
DECL RULE reference-semantics/semantics/core.k:219
   219 |   rule vals2valSeq((V:Val, VS:Vals)) => vCons(V, vals2valSeq(VS))
DECL SYNTAX reference-semantics/semantics/core.k:223 ATTRS=['function', 'total']
   223 |   syntax Int ::= vsLen(ValSeq) [function, total]
DECL RULE reference-semantics/semantics/core.k:224
   224 |   rule vsLen(.ValSeq)                => 0
DECL RULE reference-semantics/semantics/core.k:225
   225 |   rule vsLen(vCons(_:Val, S:ValSeq)) => 1 +Int vsLen(S)
DECL SYNTAX reference-semantics/semantics/core.k:227 ATTRS=['function', 'total']
   227 |   syntax Int ::= isLen(IntSeq) [function, total]
DECL RULE reference-semantics/semantics/core.k:228
   228 |   rule isLen(.IntSeq)                => 0
DECL RULE reference-semantics/semantics/core.k:229
   229 |   rule isLen(iCons(_:Int, S:IntSeq)) => 1 +Int isLen(S)
DECL SYNTAX reference-semantics/semantics/core.k:233 ATTRS=['function', 'total']
   233 |   syntax ValSeq ::= setVSAt(ValSeq, Int, Val) [function, total]
DECL RULE reference-semantics/semantics/core.k:234
   234 |   rule setVSAt(.ValSeq, _:Int, _:Val)               => .ValSeq
DECL RULE reference-semantics/semantics/core.k:235
   235 |   rule setVSAt(vCons(_:Val, S:ValSeq), 0, V:Val)    => vCons(V, S)
DECL RULE reference-semantics/semantics/core.k:236
   236 |   rule setVSAt(vCons(W:Val, S:ValSeq), I:Int, V:Val) => vCons(W, setVSAt(S, I -Int 1, V))
   237 |        requires I >Int 0
DECL RULE reference-semantics/semantics/core.k:238
   238 |   rule setVSAt(VS:ValSeq, I:Int, _:Val)             => VS
   239 |        requires I <Int 0
====================================================================================================
FILE reference-semantics/semantics/dict.k sha256=779b06e18162464c8422bbd6ac35fa0b9e34ef82807d5c707c6f4552d63c0580 lines=104
META reference-semantics/semantics/dict.k:13: module MPY-DICT
META reference-semantics/semantics/dict.k:14: imports MPY-CORE
META reference-semantics/semantics/dict.k:15: imports MPY-ITER
META reference-semantics/semantics/dict.k:16: imports MPY-METHODS
META reference-semantics/semantics/dict.k:17: imports MPY-LIST
META reference-semantics/semantics/dict.k:104: endmodule
DECL SYNTAX reference-semantics/semantics/dict.k:20
    20 |   syntax Val ::= dictV(ValSeq, ValSeq)
DECL SYNTAX reference-semantics/semantics/dict.k:23
    23 |   syntax KItem ::= #dictAcc(Entries, ValSeq, ValSeq)
    24 |                  | #dictKey(Expr, Entries, ValSeq, ValSeq)
    25 |                  | #dictVal(Val, Entries, ValSeq, ValSeq)
DECL RULE reference-semantics/semantics/dict.k:26
    26 |   rule <k> DictExpr(ES:Entries) => #dictAcc(ES, .ValSeq, .ValSeq) ... </k>
DECL RULE reference-semantics/semantics/dict.k:27
    27 |   rule <k> #dictAcc(.Entries, KS:ValSeq, VS:ValSeq) => dictV(KS, VS) ... </k>
DECL RULE reference-semantics/semantics/dict.k:28
    28 |   rule <k> #dictAcc((Entry(K:Expr, V:Expr), REST:Entries), KS:ValSeq, VS:ValSeq)
    29 |         => K ~> #dictKey(V, REST, KS, VS) ... </k>
DECL RULE reference-semantics/semantics/dict.k:30
    30 |   rule <k> KV:Val ~> #dictKey(V:Expr, REST:Entries, KS:ValSeq, VS:ValSeq)
    31 |         => V ~> #dictVal(KV, REST, KS, VS) ... </k>
DECL RULE reference-semantics/semantics/dict.k:32
    32 |   rule <k> VV:Val ~> #dictVal(KV:Val, REST:Entries, KS:ValSeq, VS:ValSeq)
    33 |         => #dictAcc(REST, dPutK(KS, KV), dPutV(KS, VS, KV, VV)) ... </k>
DECL SYNTAX reference-semantics/semantics/dict.k:37 ATTRS=['function', 'total']
    37 |   syntax Bool ::= dHasKey(ValSeq, Val) [function, total]
DECL RULE reference-semantics/semantics/dict.k:38
    38 |   rule dHasKey(.ValSeq, _:Val)                => false
DECL RULE reference-semantics/semantics/dict.k:39
    39 |   rule dHasKey(vCons(A:Val, _:ValSeq), K:Val) => true          requires A ==K K
DECL RULE reference-semantics/semantics/dict.k:40
    40 |   rule dHasKey(vCons(A:Val, R:ValSeq), K:Val) => dHasKey(R, K) requires notBool (A ==K K)
DECL SYNTAX reference-semantics/semantics/dict.k:43 ATTRS=['function', 'total']
    43 |   syntax ValSeq ::= dPutK(ValSeq, Val) [function, total]
DECL RULE reference-semantics/semantics/dict.k:44
    44 |   rule dPutK(KS:ValSeq, K:Val) => KS                                  requires dHasKey(KS, K)
DECL RULE reference-semantics/semantics/dict.k:45
    45 |   rule dPutK(KS:ValSeq, K:Val) => valSeqConcat(KS, vCons(K, .ValSeq)) requires notBool dHasKey(KS, K)
DECL SYNTAX reference-semantics/semantics/dict.k:49 ATTRS=['function', 'total']
    49 |   syntax ValSeq ::= dPutV(ValSeq, ValSeq, Val, Val) [function, total]
DECL RULE reference-semantics/semantics/dict.k:50
    50 |   rule dPutV(vCons(A:Val, _:ValSeq), vCons(_:Val, VR:ValSeq), K:Val, V:Val)  => vCons(V, VR)
    51 |        requires A ==K K
DECL RULE reference-semantics/semantics/dict.k:52
    52 |   rule dPutV(vCons(A:Val, KR:ValSeq), vCons(B:Val, VR:ValSeq), K:Val, V:Val) => vCons(B, dPutV(KR, VR, K, V))
    53 |        requires notBool (A ==K K)
DECL RULE reference-semantics/semantics/dict.k:54 ATTRS=['owise']
    54 |   rule dPutV(_KS:ValSeq, VS:ValSeq, _K:Val, V:Val) => valSeqConcat(VS, vCons(V, .ValSeq)) [owise]
DECL RULE reference-semantics/semantics/dict.k:58 ATTRS=['priority(40)']
    58 |   rule <k> #applyK(toCall(boundMethodV(dictV(KS:ValSeq, _:ValSeq), "keys")), .Vals)
    59 |         => #alloc(list(KS)) ... </k>
    60 |        [priority(40)]
DECL RULE reference-semantics/semantics/dict.k:63
    63 |   rule applyIndexD(dictV(KS:ValSeq, VS:ValSeq), K:Val) => dGet(KS, VS, K)
DECL SYNTAX reference-semantics/semantics/dict.k:64 ATTRS=['function']
    64 |   syntax Val ::= applyIndexD(Val, Val) [function]
DECL RULE reference-semantics/semantics/dict.k:65 ATTRS=['priority(45)']
    65 |   rule <k> Subscript(dictV(KS:ValSeq, VS:ValSeq), K:Val) => applyIndexD(dictV(KS, VS), K) ... </k>
    66 |        [priority(45)]
DECL SYNTAX reference-semantics/semantics/dict.k:70 ATTRS=['function']
    70 |   syntax Val ::= dictSet(Val, Val, Val) [function]
DECL RULE reference-semantics/semantics/dict.k:71
    71 |   rule dictSet(dictV(KS:ValSeq, VS:ValSeq), K:Val, V:Val) => dictV(dPutK(KS, K), dPutV(KS, VS, K, V))
DECL SYNTAX reference-semantics/semantics/dict.k:76
    76 |   syntax KItem ::= #dsetK(String, Val)
DECL RULE reference-semantics/semantics/dict.k:77
    77 |   rule <k> Assign(Subscript(Name(X:String), K:Expr), VV:Val) => K ~> #dsetK(X, VV) ... </k>
DECL RULE reference-semantics/semantics/dict.k:78
    78 |   rule <k> KV:Val ~> #dsetK(X:String, VV:Val) => .K ... </k>
    79 |        <env> L:Int </env>
    80 |        <scopes> ... L |-> scope(M:Map => M [ X <- dictSet({M[X]}:>Val, KV, VV) ], _) ... </scopes>
    81 |        requires X in_keys(M) andBool notBool isRefV({M[X]}:>Val)
DECL RULE reference-semantics/semantics/dict.k:82
    82 |   rule <k> KV:Val ~> #dsetK(X:String, VV:Val) => #dsetV({M[X]}:>Val, KV, VV) ... </k>
    83 |        <env> L:Int </env>
    84 |        <scopes> ... L |-> scope(M:Map, _) ... </scopes>
    85 |        requires X in_keys(M) andBool isRefV({M[X]}:>Val)
DECL SYNTAX reference-semantics/semantics/dict.k:86
    86 |   syntax KItem ::= #dsetV(Val, Val, Val)
DECL RULE reference-semantics/semantics/dict.k:87
    87 |   rule <k> #dsetV(ref(H:Int), I:Int, VV:Val) => .K ... </k>
    88 |        <heap> ... H |-> list(VS:ValSeq => setVSAt(VS, normIdxD(I, vsLen(VS)), VV)) ... </heap>
DECL SYNTAX reference-semantics/semantics/dict.k:90 ATTRS=['function', 'total']
    90 |   syntax Int ::= normIdxD(Int, Int) [function, total]
DECL RULE reference-semantics/semantics/dict.k:91
    91 |   rule normIdxD(I:Int, LEN:Int) => I +Int LEN requires I  <Int 0
DECL RULE reference-semantics/semantics/dict.k:92
    92 |   rule normIdxD(I:Int, _:Int)   => I          requires I >=Int 0
DECL RULE reference-semantics/semantics/dict.k:95
    95 |   rule applyCmp("==", dictV(KS1:ValSeq, VS1:ValSeq), dictV(KS2:ValSeq, VS2:ValSeq))
    96 |     => (vsLen(KS1) ==Int vsLen(KS2)) andBool dSubset(KS1, VS1, KS2, VS2)
DECL SYNTAX reference-semantics/semantics/dict.k:97 ATTRS=['function']
    97 |   syntax Bool ::= dSubset(ValSeq, ValSeq, ValSeq, ValSeq) [function]
DECL RULE reference-semantics/semantics/dict.k:98
    98 |   rule dSubset(.ValSeq, .ValSeq, _:ValSeq, _:ValSeq) => true
DECL RULE reference-semantics/semantics/dict.k:99
    99 |   rule dSubset(vCons(K:Val, KR:ValSeq), vCons(V:Val, VR:ValSeq), KS2:ValSeq, VS2:ValSeq)
   100 |     => dHasKey(KS2, K) andBool (dGet(KS2, VS2, K) ==K V) andBool dSubset(KR, VR, KS2, VS2)
DECL SYNTAX reference-semantics/semantics/dict.k:101 ATTRS=['function']
   101 |   syntax Val ::= dGet(ValSeq, ValSeq, Val) [function]
DECL RULE reference-semantics/semantics/dict.k:102
   102 |   rule dGet(vCons(A:Val, _:ValSeq), vCons(B:Val, _:ValSeq), K:Val) => B                requires A ==K K
DECL RULE reference-semantics/semantics/dict.k:103
   103 |   rule dGet(vCons(A:Val, KR:ValSeq), vCons(_:Val, VR:ValSeq), K:Val) => dGet(KR, VR, K) requires notBool (A ==K K)
====================================================================================================
FILE reference-semantics/semantics/float.k sha256=5dfeee8700c90c3aa6dc515b15b74283882845fb6cdcc3627d97ef650124b70f lines=273
META reference-semantics/semantics/float.k:14: module MPY-FLOAT
META reference-semantics/semantics/float.k:15: imports MPY-OPERATORS
META reference-semantics/semantics/float.k:16: imports MPY-BUILTINS
META reference-semantics/semantics/float.k:17: imports FLOAT
META reference-semantics/semantics/float.k:273: endmodule
DECL SYNTAX reference-semantics/semantics/float.k:20
    20 |   syntax Val ::= Float
DECL RULE reference-semantics/semantics/float.k:21
    21 |   rule <k> Float(F:Float) => F ... </k>
DECL SYNTAX reference-semantics/semantics/float.k:24 ATTRS=['function', 'total', 'symbol(intFloatDiv)', 'no-evaluators']
    24 |   syntax Float ::= intFloatDiv(Int, Float) [function, total, symbol(intFloatDiv), no-evaluators]
DECL RULE reference-semantics/semantics/float.k:25 ATTRS=['concrete']
    25 |   rule intFloatDiv(I:Int, F:Float) => Int2Float(I, 53, 11) /Float F [concrete]
DECL RULE reference-semantics/semantics/float.k:27
    27 |   rule applyBin("/", I:Int, F:Float) => intFloatDiv(I, F)
DECL SYNTAX reference-semantics/semantics/float.k:30 ATTRS=['function', 'total', 'symbol(divII)', 'no-evaluators']
    30 |   syntax Float ::= divII(Int, Int) [function, total, symbol(divII), no-evaluators]
DECL RULE reference-semantics/semantics/float.k:31 ATTRS=['concrete']
    31 |   rule divII(I1:Int, I2:Int) => Int2Float(I1, 53, 11) /Float Int2Float(I2, 53, 11) [concrete]
DECL RULE reference-semantics/semantics/float.k:32
    32 |   rule applyBin("/", I1:Int, I2:Int) => divII(I1, I2)
DECL SYNTAX reference-semantics/semantics/float.k:37 ATTRS=['function', 'total', 'symbol(floatMod)', 'no-evaluators']
    37 |   syntax Float ::= floatMod(Float, Float) [function, total, symbol(floatMod), no-evaluators]
DECL RULE reference-semantics/semantics/float.k:38 ATTRS=['concrete']
    38 |   rule floatMod(F1:Float, F2:Float) => F1 -Float (floorFloat(F1 /Float F2) *Float F2) [concrete]
DECL RULE reference-semantics/semantics/float.k:39
    39 |   rule applyBin("%", F1:Float, F2:Float) => floatMod(F1, F2)
DECL RULE reference-semantics/semantics/float.k:43
    43 |   rule applyCmp("==", F1:Float, F2:Float) => F1 ==Float F2
DECL RULE reference-semantics/semantics/float.k:44
    44 |   rule applyCmp("!=", F1:Float, F2:Float) => notBool (F1 ==Float F2)
DECL SYNTAX reference-semantics/semantics/float.k:50 ATTRS=['function', 'total', 'symbol(floatLt)', 'no-evaluators']
    50 |   syntax Bool ::= floatLt(Float, Float) [function, total, symbol(floatLt), no-evaluators]
DECL RULE reference-semantics/semantics/float.k:51 ATTRS=['concrete']
    51 |   rule floatLt(F1:Float, F2:Float) => F1 <Float F2 [concrete]
DECL RULE reference-semantics/semantics/float.k:52
    52 |   rule applyCmp("<", F1:Float, F2:Float) => floatLt(F1, F2)
DECL SYNTAX reference-semantics/semantics/float.k:54 ATTRS=['function', 'total', 'symbol(absF)', 'no-evaluators']
    54 |   syntax Float ::= absF(Float) [function, total, symbol(absF), no-evaluators]
DECL RULE reference-semantics/semantics/float.k:55 ATTRS=['concrete']
    55 |   rule absF(F:Float) => absFloat(F) [concrete]
DECL RULE reference-semantics/semantics/float.k:56
    56 |   rule applyBuiltin("abs", F:Float, .Vals) => absF(F)
DECL RULE reference-semantics/semantics/float.k:61
    61 |   rule <k> Import(_:String) => .K ... </k>
DECL SYNTAX reference-semantics/semantics/float.k:65
    65 |   syntax KItem ::= "#mathCeil"
DECL RULE reference-semantics/semantics/float.k:66 ATTRS=['priority(40)']
    66 |   rule <k> Call(Attribute(Name("math"), "ceil"), (E:Expr, .Exprs)) => E ~> #mathCeil ... </k> [priority(40)]
DECL RULE reference-semantics/semantics/float.k:67
    67 |   rule <k> V:Val ~> #mathCeil => ceilF(V) ... </k>
DECL SYNTAX reference-semantics/semantics/float.k:70
    70 |   syntax KItem ::= "#mathFloor"
DECL RULE reference-semantics/semantics/float.k:71 ATTRS=['priority(40)']
    71 |   rule <k> Call(Attribute(Name("math"), "floor"), (E:Expr, .Exprs)) => E ~> #mathFloor ... </k> [priority(40)]
DECL RULE reference-semantics/semantics/float.k:72
    72 |   rule <k> V:Val ~> #mathFloor => floorFI(V) ... </k>
DECL SYNTAX reference-semantics/semantics/float.k:73 ATTRS=['function', 'total', 'symbol(floorFI)']
    73 |   syntax Int ::= floorFI(Val) [function, total, symbol(floorFI)]
DECL RULE reference-semantics/semantics/float.k:74 ATTRS=['concrete']
    74 |   rule floorFI(I:Int)   => I                        [concrete]
DECL RULE reference-semantics/semantics/float.k:75 ATTRS=['concrete']
    75 |   rule floorFI(F:Float) => Float2Int(floorFloat(F)) [concrete]
DECL RULE reference-semantics/semantics/float.k:78
    78 |   rule applyBuiltin("floor", V:Val, .Vals) => floorFI(V)
DECL RULE reference-semantics/semantics/float.k:79
    79 |   rule applyBuiltin("ceil",  V:Val, .Vals) => ceilF(V)
DECL SYNTAX reference-semantics/semantics/float.k:82
    82 |   syntax KItem ::= #mathPow1(Expr) | #mathPow2(Val)
DECL RULE reference-semantics/semantics/float.k:83 ATTRS=['priority(40)']
    83 |   rule <k> Call(Attribute(Name("math"), "pow"), (E1:Expr, E2:Expr, .Exprs)) => E1 ~> #mathPow1(E2) ... </k> [priority(40)]
DECL RULE reference-semantics/semantics/float.k:84
    84 |   rule <k> V1:Val ~> #mathPow1(E2:Expr) => E2 ~> #mathPow2(V1) ... </k>
DECL RULE reference-semantics/semantics/float.k:85
    85 |   rule <k> V2:Val ~> #mathPow2(V1:Val) => powF(toF(V1), toF(V2)) ... </k>
DECL SYNTAX reference-semantics/semantics/float.k:86 ATTRS=['function', 'total', 'symbol(toF)']
    86 |   syntax Float ::= toF(Val) [function, total, symbol(toF)]
DECL RULE reference-semantics/semantics/float.k:87 ATTRS=['concrete']
    87 |   rule toF(F:Float) => F        [concrete]
DECL RULE reference-semantics/semantics/float.k:88 ATTRS=['concrete']
    88 |   rule toF(I:Int)   => intToF(I) [concrete]
DECL SYNTAX reference-semantics/semantics/float.k:93 ATTRS=['function', 'total', 'symbol(ceilF)']
    93 |   syntax Int ::= ceilF(Val) [function, total, symbol(ceilF)]
DECL RULE reference-semantics/semantics/float.k:94 ATTRS=['concrete']
    94 |   rule ceilF(I:Int)   => I                       [concrete]
DECL RULE reference-semantics/semantics/float.k:95 ATTRS=['concrete']
    95 |   rule ceilF(F:Float) => Float2Int(ceilFloat(F)) [concrete]
DECL RULE reference-semantics/semantics/float.k:99
    99 |   rule applyUn("-", F:Float) => 0.0 -Float F
DECL SYNTAX reference-semantics/semantics/float.k:103 ATTRS=['function', 'total', 'symbol(subF)', 'no-evaluators']
   103 |   syntax Float ::= subF(Float, Float) [function, total, symbol(subF), no-evaluators]
DECL RULE reference-semantics/semantics/float.k:104 ATTRS=['concrete']
   104 |   rule subF(F1:Float, F2:Float) => F1 -Float F2 [concrete]
DECL RULE reference-semantics/semantics/float.k:105
   105 |   rule applyBin("-", F1:Float, F2:Float) => subF(F1, F2)
DECL SYNTAX reference-semantics/semantics/float.k:107 ATTRS=['function', 'total', 'symbol(divF)', 'no-evaluators']
   107 |   syntax Float ::= divF(Float, Float) [function, total, symbol(divF), no-evaluators]
DECL RULE reference-semantics/semantics/float.k:108 ATTRS=['concrete']
   108 |   rule divF(F1:Float, F2:Float) => F1 /Float F2 [concrete]
DECL RULE reference-semantics/semantics/float.k:109
   109 |   rule applyBin("/", F1:Float, F2:Float) => divF(F1, F2)
DECL SYNTAX reference-semantics/semantics/float.k:111 ATTRS=['function', 'total', 'symbol(addF)', 'no-evaluators']
   111 |   syntax Float ::= addF(Float, Float) [function, total, symbol(addF), no-evaluators]
DECL RULE reference-semantics/semantics/float.k:112 ATTRS=['concrete']
   112 |   rule addF(F1:Float, F2:Float) => F1 +Float F2 [concrete]
DECL RULE reference-semantics/semantics/float.k:113
   113 |   rule applyBin("+", F1:Float, F2:Float) => addF(F1, F2)
DECL SYNTAX reference-semantics/semantics/float.k:115 ATTRS=['function', 'total', 'symbol(mulF)', 'no-evaluators']
   115 |   syntax Float ::= mulF(Float, Float) [function, total, symbol(mulF), no-evaluators]
DECL RULE reference-semantics/semantics/float.k:116 ATTRS=['concrete']
   116 |   rule mulF(F1:Float, F2:Float) => F1 *Float F2 [concrete]
DECL RULE reference-semantics/semantics/float.k:117
   117 |   rule applyBin("*", F1:Float, F2:Float) => mulF(F1, F2)
DECL SYNTAX reference-semantics/semantics/float.k:119 ATTRS=['function', 'total', 'symbol(powF)', 'no-evaluators']
   119 |   syntax Float ::= powF(Float, Float) [function, total, symbol(powF), no-evaluators]
DECL RULE reference-semantics/semantics/float.k:120 ATTRS=['concrete']
   120 |   rule powF(F1:Float, F2:Float) => F1 ^Float F2 [concrete]
DECL RULE reference-semantics/semantics/float.k:121
   121 |   rule applyBin("**", F1:Float, F2:Float) => powF(F1, F2)
DECL SYNTAX reference-semantics/semantics/float.k:125 ATTRS=['function', 'total', 'symbol(gtF)', 'no-evaluators']
   125 |   syntax Bool ::= gtF(Float, Float) [function, total, symbol(gtF), no-evaluators]
DECL RULE reference-semantics/semantics/float.k:126 ATTRS=['concrete']
   126 |   rule gtF(F1:Float, F2:Float) => F1 >Float F2 [concrete]
DECL RULE reference-semantics/semantics/float.k:127
   127 |   rule applyCmp(">",  F1:Float, F2:Float) => gtF(F1, F2)
DECL RULE reference-semantics/semantics/float.k:128
   128 |   rule applyCmp(">=", F1:Float, F2:Float) => notBool floatLt(F1, F2)
DECL RULE reference-semantics/semantics/float.k:129
   129 |   rule applyCmp("<=", F1:Float, F2:Float) => notBool gtF(F1, F2)
DECL RULE reference-semantics/semantics/float.k:132
   132 |   rule applyBin("**", I:Int, F:Float) => powF(intToF(I), F)
DECL RULE reference-semantics/semantics/float.k:133
   133 |   rule applyBin("**", F:Float, I:Int) => powF(F, intToF(I))
DECL RULE reference-semantics/semantics/float.k:134
   134 |   rule applyBin("-",  I:Int, F:Float) => subF(intToF(I), F)
DECL RULE reference-semantics/semantics/float.k:135
   135 |   rule applyBin("-",  F:Float, I:Int) => subF(F, intToF(I))
DECL RULE reference-semantics/semantics/float.k:136
   136 |   rule applyBin("+",  I:Int, F:Float) => addF(intToF(I), F)
DECL RULE reference-semantics/semantics/float.k:137
   137 |   rule applyBin("+",  F:Float, I:Int) => addF(F, intToF(I))
DECL RULE reference-semantics/semantics/float.k:138
   138 |   rule applyBin("*",  I:Int, F:Float) => mulF(intToF(I), F)
DECL RULE reference-semantics/semantics/float.k:139
   139 |   rule applyBin("*",  F:Float, I:Int) => mulF(F, intToF(I))
DECL SYNTAX reference-semantics/semantics/float.k:142 ATTRS=['function', 'total', 'symbol(eqF)', 'no-evaluators']
   142 |   syntax Bool ::= eqF(Float, Float) [function, total, symbol(eqF), no-evaluators]
DECL RULE reference-semantics/semantics/float.k:143 ATTRS=['concrete']
   143 |   rule eqF(F1:Float, F2:Float) => F1 ==Float F2 [concrete]
DECL RULE reference-semantics/semantics/float.k:144
   144 |   rule applyCmp("==", I:Int, F:Float) => eqF(intToF(I), F)
DECL RULE reference-semantics/semantics/float.k:145
   145 |   rule applyCmp("==", F:Float, I:Int) => eqF(F, intToF(I))
DECL RULE reference-semantics/semantics/float.k:146
   146 |   rule applyCmp("!=", I:Int, F:Float) => notBool eqF(intToF(I), F)
DECL RULE reference-semantics/semantics/float.k:147
   147 |   rule applyCmp("!=", F:Float, I:Int) => notBool eqF(F, intToF(I))
DECL RULE reference-semantics/semantics/float.k:148
   148 |   rule applyCmp("<",  I:Int, F:Float) => floatLt(intToF(I), F)
DECL RULE reference-semantics/semantics/float.k:149
   149 |   rule applyCmp("<",  F:Float, I:Int) => floatLt(F, intToF(I))
DECL RULE reference-semantics/semantics/float.k:150
   150 |   rule applyCmp(">",  I:Int, F:Float) => gtF(intToF(I), F)
DECL RULE reference-semantics/semantics/float.k:151
   151 |   rule applyCmp(">",  F:Float, I:Int) => gtF(F, intToF(I))
DECL RULE reference-semantics/semantics/float.k:154
   154 |   rule applyCmp("==", V:Val, noneV) => V ==K noneV
DECL RULE reference-semantics/semantics/float.k:155
   155 |   rule applyCmp("!=", V:Val, noneV) => notBool (V ==K noneV)
DECL SYNTAX reference-semantics/semantics/float.k:160 ATTRS=['function', 'total', 'symbol(decStrToF)', 'no-evaluators']
   160 |   syntax Float ::= decStrToF(IntSeq) [function, total, symbol(decStrToF), no-evaluators]
DECL RULE reference-semantics/semantics/float.k:161 ATTRS=['concrete']
   161 |   rule decStrToF(iCons(45, CS:IntSeq)) => 0.0 -Float decStrToF(CS) [concrete]
DECL RULE reference-semantics/semantics/float.k:162 ATTRS=['concrete']
   162 |   rule decStrToF(CS:IntSeq)
   163 |     => intToF(intPart(CS)) +Float (intToF(fracPart(CS)) /Float intToF(fracScale(CS)))
   164 |        requires isLen(CS) >Int 0 andBool headIS(CS) =/=Int 45 [concrete]
DECL SYNTAX reference-semantics/semantics/float.k:165 ATTRS=['function']
   165 |   syntax Int ::= headIS(IntSeq) [function]
DECL RULE reference-semantics/semantics/float.k:166
   166 |   rule headIS(iCons(C:Int, _:IntSeq)) => C
DECL SYNTAX reference-semantics/semantics/float.k:167 ATTRS=['function', 'total', 'function', 'total']
   167 |   syntax Int ::= intPart(IntSeq) [function, total] | intPartAcc(IntSeq, Int) [function, total]
DECL RULE reference-semantics/semantics/float.k:168
   168 |   rule intPart(CS:IntSeq) => intPartAcc(CS, 0)
DECL RULE reference-semantics/semantics/float.k:169
   169 |   rule intPartAcc(.IntSeq, A:Int) => A
DECL RULE reference-semantics/semantics/float.k:170
   170 |   rule intPartAcc(iCons(46, _:IntSeq), A:Int) => A
DECL RULE reference-semantics/semantics/float.k:171
   171 |   rule intPartAcc(iCons(C:Int, R:IntSeq), A:Int) => intPartAcc(R, A *Int 10 +Int (C -Int 48))
   172 |        requires C =/=Int 46
DECL SYNTAX reference-semantics/semantics/float.k:173 ATTRS=['function', 'total', 'function', 'total']
   173 |   syntax Int ::= fracPart(IntSeq) [function, total] | fracAcc(IntSeq, Int) [function, total]
DECL RULE reference-semantics/semantics/float.k:174
   174 |   rule fracPart(.IntSeq) => 0
DECL RULE reference-semantics/semantics/float.k:175
   175 |   rule fracPart(iCons(46, R:IntSeq)) => fracAcc(R, 0)
DECL RULE reference-semantics/semantics/float.k:176
   176 |   rule fracPart(iCons(C:Int, R:IntSeq)) => fracPart(R) requires C =/=Int 46
DECL RULE reference-semantics/semantics/float.k:177
   177 |   rule fracAcc(.IntSeq, A:Int) => A
DECL RULE reference-semantics/semantics/float.k:178
   178 |   rule fracAcc(iCons(C:Int, R:IntSeq), A:Int) => fracAcc(R, A *Int 10 +Int (C -Int 48))
DECL SYNTAX reference-semantics/semantics/float.k:179 ATTRS=['function', 'total', 'function', 'total']
   179 |   syntax Int ::= fracScale(IntSeq) [function, total] | fscAcc(IntSeq, Int) [function, total]
DECL RULE reference-semantics/semantics/float.k:180
   180 |   rule fracScale(.IntSeq) => 1
DECL RULE reference-semantics/semantics/float.k:181
   181 |   rule fracScale(iCons(46, R:IntSeq)) => fscAcc(R, 1)
DECL RULE reference-semantics/semantics/float.k:182
   182 |   rule fracScale(iCons(C:Int, R:IntSeq)) => fracScale(R) requires C =/=Int 46
DECL RULE reference-semantics/semantics/float.k:183
   183 |   rule fscAcc(.IntSeq, A:Int) => A
DECL RULE reference-semantics/semantics/float.k:184
   184 |   rule fscAcc(iCons(_:Int, R:IntSeq), A:Int) => fscAcc(R, A *Int 10)
DECL RULE reference-semantics/semantics/float.k:185
   185 |   rule applyBuiltin("float", str(CS:IntSeq), .Vals) => decStrToF(CS)
DECL RULE reference-semantics/semantics/float.k:186
   186 |   rule applyBuiltin("float", I:Int, .Vals)          => intToF(I)
DECL RULE reference-semantics/semantics/float.k:187
   187 |   rule applyBuiltin("float", F:Float, .Vals)        => F
DECL SYNTAX reference-semantics/semantics/float.k:190 ATTRS=['function', 'total', 'symbol(divFloatIntV)', 'no-evaluators']
   190 |   syntax Float ::= divFloatIntV(Float, Int) [function, total, symbol(divFloatIntV), no-evaluators]
DECL RULE reference-semantics/semantics/float.k:191 ATTRS=['concrete']
   191 |   rule divFloatIntV(F:Float, I:Int) => F /Float Int2Float(I, 53, 11) [concrete]
DECL RULE reference-semantics/semantics/float.k:192
   192 |   rule applyBin("/", F:Float, I:Int) => divFloatIntV(F, I)
DECL SYNTAX reference-semantics/semantics/float.k:195 ATTRS=['function', 'total', 'symbol(intToF)', 'no-evaluators']
   195 |   syntax Float ::= intToF(Int) [function, total, symbol(intToF), no-evaluators]
DECL RULE reference-semantics/semantics/float.k:196 ATTRS=['concrete']
   196 |   rule intToF(I:Int) => Int2Float(I, 53, 11) [concrete]
DECL RULE reference-semantics/semantics/float.k:197
   197 |   rule applyBin("+", I:Int, F:Float) => addF(intToF(I), F)
DECL RULE reference-semantics/semantics/float.k:198
   198 |   rule applyBin("+", F:Float, I:Int) => addF(F, intToF(I))
DECL RULE reference-semantics/semantics/float.k:199
   199 |   rule applyBin("-", I:Int, F:Float) => subF(intToF(I), F)
DECL RULE reference-semantics/semantics/float.k:200
   200 |   rule applyBin("-", F:Float, I:Int) => subF(F, intToF(I))
DECL RULE reference-semantics/semantics/float.k:201
   201 |   rule applyBin("*", I:Int, F:Float) => mulF(intToF(I), F)
DECL RULE reference-semantics/semantics/float.k:202
   202 |   rule applyBin("*", F:Float, I:Int) => mulF(F, intToF(I))
DECL RULE reference-semantics/semantics/float.k:203
   203 |   rule applyCmp("<", I:Int, F:Float) => floatLt(intToF(I), F)
DECL RULE reference-semantics/semantics/float.k:204
   204 |   rule applyCmp("<", F:Float, I:Int) => floatLt(F, intToF(I))
DECL RULE reference-semantics/semantics/float.k:205
   205 |   rule applyCmp(">", I:Int, F:Float) => gtF(intToF(I), F)
DECL RULE reference-semantics/semantics/float.k:206
   206 |   rule applyCmp(">", F:Float, I:Int) => gtF(F, intToF(I))
DECL SYNTAX reference-semantics/semantics/float.k:209 ATTRS=['function', 'total', 'symbol(truncF)', 'no-evaluators']
   209 |   syntax Int ::= truncF(Float) [function, total, symbol(truncF), no-evaluators]
DECL RULE reference-semantics/semantics/float.k:210 ATTRS=['concrete']
   210 |   rule truncF(F:Float) => #if F >=Float 0.0 #then Float2Int(floorFloat(F)) #else Float2Int(ceilFloat(F)) #fi [concrete]
DECL RULE reference-semantics/semantics/float.k:211
   211 |   rule applyBuiltin("int", F:Float, .Vals) => truncF(F)
DECL RULE reference-semantics/semantics/float.k:213
   213 |   rule applyBuiltin("float", I:Int, .Vals)   => intToF(I)
DECL RULE reference-semantics/semantics/float.k:214
   214 |   rule applyBuiltin("float", F:Float, .Vals) => F
DECL SYNTAX reference-semantics/semantics/float.k:217 ATTRS=['function', 'total', 'symbol(roundF)', 'no-evaluators']
   217 |   syntax Int ::= roundF(Float) [function, total, symbol(roundF), no-evaluators]
DECL RULE reference-semantics/semantics/float.k:218 ATTRS=['concrete']
   218 |   rule roundF(F:Float)
   219 |     => #if (F -Float floorFloat(F)) ==Float 0.5
   220 |        #then (#if Float2Int(floorFloat(F)) %Int 2 ==Int 0
   221 |               #then Float2Int(floorFloat(F)) #else Float2Int(ceilFloat(F)) #fi)
   222 |        #else Float2Int(floorFloat(F +Float 0.5)) #fi [concrete]
DECL SYNTAX reference-semantics/semantics/float.k:223 ATTRS=['function', 'total', 'symbol(roundFN)', 'no-evaluators']
   223 |   syntax Float ::= roundFN(Float, Int) [function, total, symbol(roundFN), no-evaluators]
DECL RULE reference-semantics/semantics/float.k:224 ATTRS=['concrete']
   224 |   rule roundFN(F:Float, N:Int)
   225 |     => Int2Float(roundF(F *Float Int2Float(10 ^Int N, 53, 11)), 53, 11)
   226 |        /Float Int2Float(10 ^Int N, 53, 11) [concrete]
DECL RULE reference-semantics/semantics/float.k:227
   227 |   rule applyBuiltin("round", F:Float, .Vals)        => roundF(F)
DECL RULE reference-semantics/semantics/float.k:228
   228 |   rule applyBuiltin("round", F:Float, N:Int, .Vals) => roundFN(F, N)
DECL SYNTAX reference-semantics/semantics/float.k:230 ATTRS=['function', 'total', 'symbol(sqrtF)', 'no-evaluators']
   230 |   syntax Float ::= sqrtF(Float) [function, total, symbol(sqrtF), no-evaluators]
DECL RULE reference-semantics/semantics/float.k:231 ATTRS=['concrete']
   231 |   rule sqrtF(F:Float) => sqrtFloat(F) [concrete]
DECL SYNTAX reference-semantics/semantics/float.k:232
   232 |   syntax KItem ::= "#mathSqrt"
DECL RULE reference-semantics/semantics/float.k:233 ATTRS=['priority(40)']
   233 |   rule <k> Call(Attribute(Name("math"), "sqrt"), (E:Expr, .Exprs)) => E ~> #mathSqrt ... </k> [priority(40)]
DECL RULE reference-semantics/semantics/float.k:234
   234 |   rule <k> F:Float ~> #mathSqrt => sqrtF(F) ... </k>
DECL RULE reference-semantics/semantics/float.k:235
   235 |   rule <k> I:Int ~> #mathSqrt => sqrtF(intToF(I)) ... </k>
DECL SYNTAX reference-semantics/semantics/float.k:243
   243 |   syntax KItem ::= #maxAccF(Iterable, Float) | #maxContF(Float)
DECL RULE reference-semantics/semantics/float.k:244
   244 |   rule <k> #iterYield(V:Val, R:Iterable) ~> #maxCont0 => #maxAccF(R, {V}:>Float) ... </k> requires isFloat(V)
DECL RULE reference-semantics/semantics/float.k:245
   245 |   rule <k> #maxAccF(IT:Iterable, M:Float) => #iterNext(IT) ~> #maxContF(M) ... </k>
DECL RULE reference-semantics/semantics/float.k:246
   246 |   rule <k> #iterDone ~> #maxContF(M:Float) => M ... </k>
DECL RULE reference-semantics/semantics/float.k:247
   247 |   rule <k> #iterYield(V:Val, R:Iterable) ~> #maxContF(M:Float) => #maxAccF(R, maxFloat(M, {V}:>Float)) ... </k>
   248 |        requires isFloat(V)
DECL SYNTAX reference-semantics/semantics/float.k:250
   250 |   syntax KItem ::= #minAccF(Iterable, Float) | #minContF(Float)
DECL RULE reference-semantics/semantics/float.k:251
   251 |   rule <k> #iterYield(V:Val, R:Iterable) ~> #minCont0 => #minAccF(R, {V}:>Float) ... </k> requires isFloat(V)
DECL RULE reference-semantics/semantics/float.k:252
   252 |   rule <k> #minAccF(IT:Iterable, M:Float) => #iterNext(IT) ~> #minContF(M) ... </k>
DECL RULE reference-semantics/semantics/float.k:253
   253 |   rule <k> #iterDone ~> #minContF(M:Float) => M ... </k>
DECL RULE reference-semantics/semantics/float.k:254
   254 |   rule <k> #iterYield(V:Val, R:Iterable) ~> #minContF(M:Float) => #minAccF(R, minFloat(M, {V}:>Float)) ... </k>
   255 |        requires isFloat(V)
DECL SYNTAX reference-semantics/semantics/float.k:261
   261 |   syntax KItem ::= #sumAccF(Iterable, Float) | #sumContF(Float)
DECL RULE reference-semantics/semantics/float.k:262
   262 |   rule <k> #iterYield(V:Val, R:Iterable) ~> #sumCont(ACC:Int)
   263 |         => #sumAccF(R, addF(intToF(ACC), {V}:>Float)) ... </k>
   264 |        requires isFloat(V) andBool notBool (isInt(V) orBool isBool(V))
DECL RULE reference-semantics/semantics/float.k:265
   265 |   rule <k> #sumAccF(IT:Iterable, ACC:Float) => #iterNext(IT) ~> #sumContF(ACC) ... </k>
DECL RULE reference-semantics/semantics/float.k:266
   266 |   rule <k> #iterDone ~> #sumContF(ACC:Float) => ACC ... </k>
DECL RULE reference-semantics/semantics/float.k:267
   267 |   rule <k> #iterYield(V:Val, R:Iterable) ~> #sumContF(ACC:Float)
   268 |         => #sumAccF(R, addF(ACC, {V}:>Float)) ... </k>
   269 |        requires isFloat(V)
DECL RULE reference-semantics/semantics/float.k:270
   270 |   rule <k> #iterYield(V:Val, R:Iterable) ~> #sumContF(ACC:Float)
   271 |         => #sumAccF(R, addF(ACC, intToF(intOf(V)))) ... </k>
   272 |        requires isInt(V) orBool isBool(V)
====================================================================================================
FILE reference-semantics/semantics/functions.k sha256=e4c8f67741117b29703c3c61d48a5b0f92cf7bd531e78e25c03e794a910ac193 lines=91
META reference-semantics/semantics/functions.k:3: module MPY-FUNCTIONS
META reference-semantics/semantics/functions.k:4: imports MPY-CORE
META reference-semantics/semantics/functions.k:91: endmodule
DECL SYNTAX reference-semantics/semantics/functions.k:8
     8 |   syntax KItem ::= frame(continuation: K, callerEnv: Int, savedLoc: Int)
     9 |                  | #bindP(ParamNames, Vals)
    10 |                  | "#pop"
    11 |                  | "#endcall"
DECL RULE reference-semantics/semantics/functions.k:14
    14 |   rule <k> FuncDef(F:String, Params(PNS:ParamNames), BODY:Stmts) => .K ... </k>
    15 |        <env> L:Int </env>
    16 |        <scopes> ... L |-> scope(M:Map => M [ F <- closureVal(PNS, BODY, L) ], _) ... </scopes>
DECL SYNTAX reference-semantics/semantics/functions.k:18
    18 |   syntax Expr ::= closureExpr(ParamNames, Stmts)
DECL RULE reference-semantics/semantics/functions.k:19
    19 |   rule <k> closureExpr(PNS:ParamNames, BODY:Stmts) => closureVal(PNS, BODY, L) ... </k>
    20 |        <env> L:Int </env>
DECL SYNTAX reference-semantics/semantics/functions.k:27
    27 |   syntax Val ::= closureValC(ParamNames, ParamNames, Stmts, Map)
DECL SYNTAX reference-semantics/semantics/functions.k:31
    31 |   syntax KItem ::= #mkClosure(String, ParamNames, ParamNames, ParamNames, Stmts, Map)
    32 |                  | #mkLambda(ParamNames, ParamNames, ParamNames, Stmts, Map)
DECL RULE reference-semantics/semantics/functions.k:33
    33 |   rule <k> FuncDef(F:String, Params(PNS:ParamNames), CellVars(CVS:ParamNames),
    34 |                    FreeVars(FVS:ParamNames), BODY:Stmts)
    35 |         => #mkClosure(F, PNS, CVS, FVS, BODY, .Map) ... </k>
DECL RULE reference-semantics/semantics/functions.k:36
    36 |   rule <k> #mkClosure(F:String, PNS:ParamNames, CVS:ParamNames,
    37 |                       (FV:String, FVR:ParamNames), BODY:Stmts, CM:Map)
    38 |         => #mkClosure(F, PNS, CVS, FVR, BODY, CM [ FV <- {M[FV]}:>Val ]) ... </k>
    39 |        <env> L:Int </env>
    40 |        <scopes> ... L |-> scope(M:Map, _) ... </scopes>
    41 |        requires FV in_keys(M)
DECL RULE reference-semantics/semantics/functions.k:42
    42 |   rule <k> #mkClosure(F:String, PNS:ParamNames, CVS:ParamNames,
    43 |                       .ParamNames, BODY:Stmts, CM:Map) => .K ... </k>
    44 |        <env> L:Int </env>
    45 |        <scopes> ... L |-> scope(M:Map => M [ F <- closureValC(PNS, CVS, BODY, CM) ], _) ... </scopes>
DECL RULE reference-semantics/semantics/functions.k:47
    47 |   rule <k> Lambda(Params(PNS:ParamNames), E:Expr)
    48 |         => closureVal(PNS, Return(E) .Stmts, L) ... </k>
    49 |        <env> L:Int </env>
DECL RULE reference-semantics/semantics/functions.k:50
    50 |   rule <k> Lambda(Params(PNS:ParamNames), CellVars(CVS:ParamNames),
    51 |                   FreeVars(FVS:ParamNames), E:Expr)
    52 |         => #mkLambda(PNS, CVS, FVS, Return(E) .Stmts, .Map) ... </k>
DECL RULE reference-semantics/semantics/functions.k:53
    53 |   rule <k> #mkLambda(PNS:ParamNames, CVS:ParamNames,
    54 |                      (FV:String, FVR:ParamNames), BODY:Stmts, CM:Map)
    55 |         => #mkLambda(PNS, CVS, FVR, BODY, CM [ FV <- {M[FV]}:>Val ]) ... </k>
    56 |        <env> L:Int </env>
    57 |        <scopes> ... L |-> scope(M:Map, _) ... </scopes>
    58 |        requires FV in_keys(M)
DECL RULE reference-semantics/semantics/functions.k:59
    59 |   rule <k> #mkLambda(PNS:ParamNames, CVS:ParamNames, .ParamNames, BODY:Stmts, CM:Map)
    60 |         => closureValC(PNS, CVS, BODY, CM) ... </k>
DECL RULE reference-semantics/semantics/functions.k:63
    63 |   rule <k> #bindP(.ParamNames, .Vals) => .K ... </k>
DECL RULE reference-semantics/semantics/functions.k:64
    64 |   rule <k> #bindP((P:String, PS:ParamNames), (V:Val, VS:Vals)) => #bindP(PS, VS) ... </k>
    65 |        <env> L:Int </env>
    66 |        <scopes> ... L |-> scope(M:Map => M [ P <- V ], _) ... </scopes>
DECL RULE reference-semantics/semantics/functions.k:68 ATTRS=['priority(40)']
    68 |   rule <k> #bindP((P:String, PS:ParamNames), (V:Val, VS:Vals))
    69 |         => #cellW({M[P]}:>Val, V) ~> #bindP(PS, VS) ... </k>
    70 |        <env> L:Int </env>
    71 |        <scopes> ... L |-> scope(M:Map, _) ... </scopes>
    72 |        requires "$cells" in_keys(M)
    73 |         andBool pnMember(P, cellsOf({M["$cells"]}:>Val))
    74 |         andBool P in_keys(M) andBool isCellRef({M[P]}:>Val)
    75 |        [priority(40)]
DECL RULE reference-semantics/semantics/functions.k:78
    78 |   rule <k> Return(V:Val) ~> _ => #pop </k>
    79 |        <ret> noRet => retV(V) </ret>
DECL RULE reference-semantics/semantics/functions.k:80
    80 |   rule <k> #endcall => #pop ... </k>
    81 |        <ret> noRet => retV(noneV) </ret>
DECL RULE reference-semantics/semantics/functions.k:85
    85 |   rule <k> #pop => V ~> CONT </k>
    86 |        <ret>   retV(V) => noRet </ret>
    87 |        <stack> ListItem(frame(CONT:K, CALLERL:Int, SAVEDL:Int)) => .List ... </stack>
    88 |        <env>   L:Int => CALLERL </env>
    89 |        <scopes> SC:Map => SC [ L <- undef ] </scopes>
    90 |        <scopeLoc> _ => SAVEDL </scopeLoc>
====================================================================================================
FILE reference-semantics/semantics/int.k sha256=dc2da7d81578370651ecb6905b69cb44443cdd8db3869441242b81420382abe5 lines=28
META reference-semantics/semantics/int.k:4: module MPY-INT
META reference-semantics/semantics/int.k:5: imports MPY-CORE
META reference-semantics/semantics/int.k:28: endmodule
DECL RULE reference-semantics/semantics/int.k:7
     7 |   rule applyUn("-", I:Int) => 0 -Int I
DECL RULE reference-semantics/semantics/int.k:9
     9 |   rule applyBin("+",  I1:Int, I2:Int) => I1 +Int I2
DECL RULE reference-semantics/semantics/int.k:11
    11 |   rule applyBin("+",  I:Int, B:Bool) => I +Int #if B #then 1 #else 0 #fi
DECL RULE reference-semantics/semantics/int.k:12
    12 |   rule applyBin("+",  B:Bool, I:Int) => #if B #then 1 #else 0 #fi +Int I
DECL RULE reference-semantics/semantics/int.k:13
    13 |   rule applyBin("-",  I1:Int, I2:Int) => I1 -Int I2
DECL RULE reference-semantics/semantics/int.k:14
    14 |   rule applyBin("*",  I1:Int, I2:Int) => I1 *Int I2
DECL RULE reference-semantics/semantics/int.k:15
    15 |   rule applyBin("%",  I1:Int, I2:Int) => pyMod(I1, I2)
DECL RULE reference-semantics/semantics/int.k:16
    16 |   rule applyBin("//", I1:Int, I2:Int) => (I1 -Int pyMod(I1, I2)) /Int I2
DECL RULE reference-semantics/semantics/int.k:17
    17 |   rule applyBin("**", I1:Int, I2:Int) => I1 ^Int I2 requires I2 >=Int 0
DECL SYNTAX reference-semantics/semantics/int.k:19 ATTRS=['function']
    19 |   syntax Int ::= pyMod(Int, Int) [function]
DECL RULE reference-semantics/semantics/int.k:20
    20 |   rule pyMod(I1:Int, I2:Int) => ((I1 %Int I2) +Int I2) %Int I2
DECL RULE reference-semantics/semantics/int.k:22
    22 |   rule applyCmp("<",  I1:Int, I2:Int)   => I1 <Int  I2
DECL RULE reference-semantics/semantics/int.k:23
    23 |   rule applyCmp("<=", I1:Int, I2:Int)   => I1 <=Int I2
DECL RULE reference-semantics/semantics/int.k:24
    24 |   rule applyCmp(">",  I1:Int, I2:Int)   => I1 >Int  I2
DECL RULE reference-semantics/semantics/int.k:25
    25 |   rule applyCmp(">=", I1:Int, I2:Int)   => I1 >=Int I2
DECL RULE reference-semantics/semantics/int.k:26
    26 |   rule applyCmp("==", I1:Int, I2:Int)   => I1 ==Int I2
DECL RULE reference-semantics/semantics/int.k:27
    27 |   rule applyCmp("!=", I1:Int, I2:Int)   => I1 =/=Int I2
====================================================================================================
FILE reference-semantics/semantics/iter.k sha256=5085db2fed67b7bbd39f6289ec275905aaee742690895d7b3f843f73bd62f77f lines=9
META reference-semantics/semantics/iter.k:6: module MPY-ITER
META reference-semantics/semantics/iter.k:7: imports MPY-CORE
META reference-semantics/semantics/iter.k:9: endmodule
DECL SYNTAX reference-semantics/semantics/iter.k:8
     8 |   syntax KItem ::= #iterNext(Iterable) | "#iterDone" | #iterYield(Val, Iterable)
====================================================================================================
FILE reference-semantics/semantics/list.k sha256=870c72341c25e2c16283726191a71bf5b571ed2995c8ae12e3e2923cdce5a9aa lines=68
META reference-semantics/semantics/list.k:3: module MPY-LIST
META reference-semantics/semantics/list.k:4: imports MPY-CORE
META reference-semantics/semantics/list.k:5: imports MPY-ITER
META reference-semantics/semantics/list.k:6: imports MPY-OPERATORS
META reference-semantics/semantics/list.k:68: endmodule
DECL RULE reference-semantics/semantics/list.k:9
     9 |   rule <k> #iterNext(list(.ValSeq))                => #iterDone ... </k>
DECL RULE reference-semantics/semantics/list.k:10
    10 |   rule <k> #iterNext(list(vCons(V:Val, R:ValSeq))) => #iterYield(V, list(R)) ... </k>
DECL SYNTAX reference-semantics/semantics/list.k:13
    13 |   syntax ApplyK ::= "toList"
DECL RULE reference-semantics/semantics/list.k:14
    14 |   rule <k> ListExpr(ES:Exprs) => #evalArgs(ES, .Vals, toList) ... </k>
DECL RULE reference-semantics/semantics/list.k:15
    15 |   rule <k> #applyK(toList, ACC:Vals) => #alloc(list(vals2valSeq(ACC))) ... </k>
DECL SYNTAX reference-semantics/semantics/list.k:18 ATTRS=['function', 'total']
    18 |   syntax ValSeq ::= valSeqConcat(ValSeq, ValSeq) [function, total]
DECL RULE reference-semantics/semantics/list.k:19
    19 |   rule valSeqConcat(.ValSeq, T:ValSeq)                => T
DECL RULE reference-semantics/semantics/list.k:20
    20 |   rule valSeqConcat(vCons(V:Val, S:ValSeq), T:ValSeq) => vCons(V, valSeqConcat(S, T))
DECL RULE reference-semantics/semantics/list.k:24 ATTRS=['priority(45)']
    24 |   rule <k> BinOp("+", list(A:ValSeq), list(B:ValSeq)) => #alloc(list(valSeqConcat(A, B))) ... </k>
    25 |        [priority(45)]
DECL RULE reference-semantics/semantics/list.k:27
    27 |   rule applyCmp("==", list(A:ValSeq), list(B:ValSeq)) => A ==K B
DECL RULE reference-semantics/semantics/list.k:28
    28 |   rule applyCmp("!=", list(A:ValSeq), list(B:ValSeq)) => notBool (A ==K B)
DECL SYNTAX reference-semantics/semantics/list.k:33 ATTRS=['function', 'total']
    33 |   syntax Bool ::= hasRefVS(ValSeq) [function, total]
DECL RULE reference-semantics/semantics/list.k:34
    34 |   rule hasRefVS(.ValSeq)                => false
DECL RULE reference-semantics/semantics/list.k:35
    35 |   rule hasRefVS(vCons(V:Val, R:ValSeq)) => isRefV(V) orBool hasRefVS(R)
DECL SYNTAX reference-semantics/semantics/list.k:37 ATTRS=['function', 'function']
    37 |   syntax Bool ::= deepEqVS(ValSeq, ValSeq, Map) [function]
    38 |                 | deepEqV(Val, Val, Map)        [function]
DECL RULE reference-semantics/semantics/list.k:39
    39 |   rule deepEqVS(.ValSeq, .ValSeq, _:Map)                   => true
DECL RULE reference-semantics/semantics/list.k:40
    40 |   rule deepEqVS(.ValSeq, vCons(_:Val, _:ValSeq), _:Map)    => false
DECL RULE reference-semantics/semantics/list.k:41
    41 |   rule deepEqVS(vCons(_:Val, _:ValSeq), .ValSeq, _:Map)    => false
DECL RULE reference-semantics/semantics/list.k:42
    42 |   rule deepEqVS(vCons(A:Val, As:ValSeq), vCons(B:Val, Bs:ValSeq), HP:Map)
    43 |     => deepEqV(A, B, HP) andBool deepEqVS(As, Bs, HP)
DECL RULE reference-semantics/semantics/list.k:45
    45 |   rule deepEqV(ref(H:Int), B:Val, HP:Map) => deepEqV({HP[H]}:>Val, B, HP)
    46 |        requires H in_keys(HP)
DECL RULE reference-semantics/semantics/list.k:47
    47 |   rule deepEqV(A:Val, ref(H:Int), HP:Map) => deepEqV(A, {HP[H]}:>Val, HP)
    48 |        requires notBool isRefV(A) andBool H in_keys(HP)
DECL RULE reference-semantics/semantics/list.k:49
    49 |   rule deepEqV(list(A:ValSeq), list(B:ValSeq), HP:Map) => deepEqVS(A, B, HP)
DECL RULE reference-semantics/semantics/list.k:50 ATTRS=['owise']
    50 |   rule deepEqV(A:Val, B:Val, _:Map) => A ==K B [owise]
DECL RULE reference-semantics/semantics/list.k:53 ATTRS=['priority(40)']
    53 |   rule <k> #applyK(toCall(boundMethodV(ref(H:Int), "append")), (V:Val, .Vals)) => noneV ... </k>
    54 |        <heap> ... H |-> list(VS:ValSeq => valSeqConcat(VS, vCons(V, .ValSeq))) ... </heap>
    55 |        [priority(40)]
DECL SYNTAX reference-semantics/semantics/list.k:58
    58 |   syntax KItem ::= #memberAcc(Val, Iterable) | #memberCont(Val) | "#notB"
DECL RULE reference-semantics/semantics/list.k:59
    59 |   rule <k> Compare(LV:Val, CmpOp("in",     list(VS:ValSeq))) => #memberAcc(LV, list(VS)) ... </k>
DECL RULE reference-semantics/semantics/list.k:60
    60 |   rule <k> Compare(LV:Val, CmpOp("not in", list(VS:ValSeq))) => #memberAcc(LV, list(VS)) ~> #notB ... </k>
DECL RULE reference-semantics/semantics/list.k:61
    61 |   rule <k> #memberAcc(V:Val, IT:Iterable) => #iterNext(IT) ~> #memberCont(V) ... </k>
DECL RULE reference-semantics/semantics/list.k:62
    62 |   rule <k> #iterDone ~> #memberCont(_V:Val) => false ... </k>
DECL RULE reference-semantics/semantics/list.k:63
    63 |   rule <k> #iterYield(E:Val, _:Iterable) ~> #memberCont(V:Val) => true ... </k>
    64 |        requires E ==K V
DECL RULE reference-semantics/semantics/list.k:65
    65 |   rule <k> #iterYield(E:Val, R:Iterable) ~> #memberCont(V:Val) => #memberAcc(V, R) ... </k>
    66 |        requires notBool (E ==K V)
DECL RULE reference-semantics/semantics/list.k:67
    67 |   rule <k> B:Bool ~> #notB => notBool B ... </k>
====================================================================================================
FILE reference-semantics/semantics/methods.k sha256=ff9acc6dab2d1cc99ec4f2d234f27ae4526d752aae62bcfd7f9fd2a0399f7743 lines=170
META reference-semantics/semantics/methods.k:3: module MPY-METHODS
META reference-semantics/semantics/methods.k:4: imports MPY-CORE
META reference-semantics/semantics/methods.k:5: imports K-EQUAL
META reference-semantics/semantics/methods.k:6: imports MPY-STR
META reference-semantics/semantics/methods.k:7: imports MPY-LIST
META reference-semantics/semantics/methods.k:170: endmodule
DECL SYNTAX reference-semantics/semantics/methods.k:10 ATTRS=['function']
    10 |   syntax Val ::= applyMethod(Val, String, Vals) [function]
DECL RULE reference-semantics/semantics/methods.k:13
    13 |   rule applyMethod(str(CS:IntSeq), "isupper", .Vals) => hasUpper(CS) andBool notBool hasLower(CS)
DECL RULE reference-semantics/semantics/methods.k:14
    14 |   rule applyMethod(str(CS:IntSeq), "islower", .Vals) => hasLower(CS) andBool notBool hasUpper(CS)
DECL RULE reference-semantics/semantics/methods.k:15
    15 |   rule applyMethod(str(CS:IntSeq), "isalpha", .Vals) => notBool (CS ==K .IntSeq) andBool allAlpha(CS)
DECL RULE reference-semantics/semantics/methods.k:16
    16 |   rule applyMethod(str(CS:IntSeq), "isdigit", .Vals) => notBool (CS ==K .IntSeq) andBool allDigit(CS)
DECL RULE reference-semantics/semantics/methods.k:19
    19 |   rule applyMethod(str(CS:IntSeq), "lower",    .Vals) => str(mapLower(CS))
DECL RULE reference-semantics/semantics/methods.k:20
    20 |   rule applyMethod(str(CS:IntSeq), "upper",    .Vals) => str(mapUpper(CS))
DECL RULE reference-semantics/semantics/methods.k:21
    21 |   rule applyMethod(str(CS:IntSeq), "swapcase", .Vals) => str(mapSwap(CS))
DECL RULE reference-semantics/semantics/methods.k:26
    26 |   rule applyMethod(str(SEP:IntSeq), "join", list(VS:ValSeq), .Vals) => str(joinCodes(SEP, VS))
DECL SYNTAX reference-semantics/semantics/methods.k:27 ATTRS=['function', 'total']
    27 |   syntax IntSeq ::= joinCodes(IntSeq, ValSeq) [function, total]
DECL RULE reference-semantics/semantics/methods.k:28
    28 |   rule joinCodes(_:IntSeq, .ValSeq) => .IntSeq
DECL RULE reference-semantics/semantics/methods.k:29
    29 |   rule joinCodes(_:IntSeq, vCons(str(CS:IntSeq), .ValSeq)) => CS
DECL RULE reference-semantics/semantics/methods.k:30
    30 |   rule joinCodes(SEP:IntSeq, vCons(str(CS:IntSeq), vCons(V:Val, R:ValSeq)))
    31 |     => seqConcat(CS, seqConcat(SEP, joinCodes(SEP, vCons(V, R))))
DECL RULE reference-semantics/semantics/methods.k:34
    34 |   rule applyMethod(str(CS:IntSeq), "count", str(PC:IntSeq), .Vals) => cntSub(CS, PC)
DECL SYNTAX reference-semantics/semantics/methods.k:35 ATTRS=['function']
    35 |   syntax Int ::= cntSub(IntSeq, IntSeq) [function]
DECL RULE reference-semantics/semantics/methods.k:36
    36 |   rule cntSub(.IntSeq, _:IntSeq) => 0
DECL RULE reference-semantics/semantics/methods.k:37
    37 |   rule cntSub(iCons(C:Int, R:IntSeq), PC:IntSeq) => 1 +Int cntSub(dropIS(iCons(C, R), isLen(PC)), PC)
    38 |        requires strPrefix(PC, iCons(C, R)) andBool isLen(PC) >Int 0
DECL RULE reference-semantics/semantics/methods.k:39
    39 |   rule cntSub(iCons(C:Int, R:IntSeq), PC:IntSeq) => cntSub(R, PC)
    40 |        requires notBool strPrefix(PC, iCons(C, R)) orBool isLen(PC) <=Int 0
DECL SYNTAX reference-semantics/semantics/methods.k:41 ATTRS=['function', 'total']
    41 |   syntax IntSeq ::= dropIS(IntSeq, Int) [function, total]
DECL RULE reference-semantics/semantics/methods.k:42
    42 |   rule dropIS(S:IntSeq, N:Int) => S requires N <=Int 0
DECL RULE reference-semantics/semantics/methods.k:43 ATTRS=['owise']
    43 |   rule dropIS(.IntSeq, _:Int) => .IntSeq [owise]
DECL RULE reference-semantics/semantics/methods.k:44
    44 |   rule dropIS(iCons(_:Int, R:IntSeq), N:Int) => dropIS(R, N -Int 1) requires N >Int 0
DECL RULE reference-semantics/semantics/methods.k:47
    47 |   rule applyMethod(str(CS:IntSeq), "strip", .Vals) => str(revIS(trimWS(revIS(trimWS(CS)))))
DECL SYNTAX reference-semantics/semantics/methods.k:48 ATTRS=['function', 'total']
    48 |   syntax IntSeq ::= trimWS(IntSeq) [function, total]
DECL RULE reference-semantics/semantics/methods.k:49
    49 |   rule trimWS(.IntSeq) => .IntSeq
DECL RULE reference-semantics/semantics/methods.k:50
    50 |   rule trimWS(iCons(C:Int, R:IntSeq)) => trimWS(R) requires isWSC(C)
DECL RULE reference-semantics/semantics/methods.k:51
    51 |   rule trimWS(iCons(C:Int, R:IntSeq)) => iCons(C, R) requires notBool isWSC(C)
DECL SYNTAX reference-semantics/semantics/methods.k:52 ATTRS=['function', 'total', 'function', 'total']
    52 |   syntax IntSeq ::= revIS(IntSeq) [function, total] | revISAcc(IntSeq, IntSeq) [function, total]
DECL RULE reference-semantics/semantics/methods.k:53
    53 |   rule revIS(S:IntSeq) => revISAcc(S, .IntSeq)
DECL RULE reference-semantics/semantics/methods.k:54
    54 |   rule revISAcc(.IntSeq, A:IntSeq) => A
DECL RULE reference-semantics/semantics/methods.k:55
    55 |   rule revISAcc(iCons(C:Int, R:IntSeq), A:IntSeq) => revISAcc(R, iCons(C, A))
DECL RULE reference-semantics/semantics/methods.k:58
    58 |   rule applyMethod(str(CS:IntSeq), "encode", str(_:IntSeq), .Vals) => str(CS)
DECL RULE reference-semantics/semantics/methods.k:61
    61 |   rule applyMethod(str(XC:IntSeq), "startswith", str(PC:IntSeq), .Vals) => startsWith(PC, XC)
DECL RULE reference-semantics/semantics/methods.k:64
    64 |   rule applyMethod(list(VS:ValSeq), "count", V:Val, .Vals) => cntOccVS(VS, V)
DECL SYNTAX reference-semantics/semantics/methods.k:65 ATTRS=['function', 'total']
    65 |   syntax Int ::= cntOccVS(ValSeq, Val) [function, total]
DECL RULE reference-semantics/semantics/methods.k:66
    66 |   rule cntOccVS(.ValSeq, _:Val)                => 0
DECL RULE reference-semantics/semantics/methods.k:67
    67 |   rule cntOccVS(vCons(A:Val, R:ValSeq), V:Val) => 1 +Int cntOccVS(R, V) requires A ==K V
DECL RULE reference-semantics/semantics/methods.k:68
    68 |   rule cntOccVS(vCons(A:Val, R:ValSeq), V:Val) => cntOccVS(R, V)        requires notBool (A ==K V)
DECL RULE reference-semantics/semantics/methods.k:72 ATTRS=['priority(40)']
    72 |   rule <k> #applyK(toCall(boundMethodV(str(CS:IntSeq), "split")), .Vals)
    73 |         => #alloc(list(splitWS(CS, .IntSeq, .ValSeq))) ... </k>
    74 |        [priority(40)]
DECL SYNTAX reference-semantics/semantics/methods.k:75 ATTRS=['function']
    75 |   syntax ValSeq ::= splitWS(IntSeq, IntSeq, ValSeq) [function]  // remaining, current token, result
DECL RULE reference-semantics/semantics/methods.k:76
    76 |   rule splitWS(.IntSeq, CUR:IntSeq, ACC:ValSeq) => flushTok(ACC, CUR)
DECL RULE reference-semantics/semantics/methods.k:77
    77 |   rule splitWS(iCons(C:Int, R:IntSeq), CUR:IntSeq, ACC:ValSeq) => splitWS(R, .IntSeq, flushTok(ACC, CUR))
    78 |        requires isWSC(C)
DECL RULE reference-semantics/semantics/methods.k:79
    79 |   rule splitWS(iCons(C:Int, R:IntSeq), CUR:IntSeq, ACC:ValSeq) => splitWS(R, seqConcat(CUR, iCons(C, .IntSeq)), ACC)
    80 |        requires notBool isWSC(C)
DECL SYNTAX reference-semantics/semantics/methods.k:82 ATTRS=['function']
    82 |   syntax ValSeq ::= flushTok(ValSeq, IntSeq) [function]
DECL RULE reference-semantics/semantics/methods.k:83
    83 |   rule flushTok(ACC:ValSeq, .IntSeq)            => ACC
DECL RULE reference-semantics/semantics/methods.k:84
    84 |   rule flushTok(ACC:ValSeq, iCons(C:Int, T:IntSeq)) => valSeqConcat(ACC, vCons(str(iCons(C, T)), .ValSeq))
DECL SYNTAX reference-semantics/semantics/methods.k:85 ATTRS=['function', 'total']
    85 |   syntax Bool ::= isWSC(Int) [function, total]
DECL RULE reference-semantics/semantics/methods.k:86
    86 |   rule isWSC(C:Int) => C ==Int 32 orBool C ==Int 9 orBool C ==Int 10 orBool C ==Int 13
DECL RULE reference-semantics/semantics/methods.k:89 ATTRS=['priority(39)']
    89 |   rule <k> #applyK(toCall(boundMethodV(str(CS:IntSeq), "split")), (kwV("sep", str(S:IntSeq)), .Vals))
    90 |         => #applyK(toCall(boundMethodV(str(CS), "split")), (str(S), .Vals)) ... </k>
    91 |        [priority(39)]
DECL RULE reference-semantics/semantics/methods.k:94 ATTRS=['priority(40)']
    94 |   rule <k> #applyK(toCall(boundMethodV(str(CS:IntSeq), "split")), (str(iCons(SEP:Int, .IntSeq)), .Vals))
    95 |         => #alloc(list(splitSep(CS, SEP, .IntSeq))) ... </k>
    96 |        [priority(40)]
DECL SYNTAX reference-semantics/semantics/methods.k:97 ATTRS=['function']
    97 |   syntax ValSeq ::= splitSep(IntSeq, Int, IntSeq) [function]  // remaining, sep code, current token
DECL RULE reference-semantics/semantics/methods.k:98
    98 |   rule splitSep(.IntSeq, _SEP:Int, CUR:IntSeq)              => vCons(str(CUR), .ValSeq)
DECL RULE reference-semantics/semantics/methods.k:99
    99 |   rule splitSep(iCons(C:Int, R:IntSeq), SEP:Int, CUR:IntSeq) => vCons(str(CUR), splitSep(R, SEP, .IntSeq))
   100 |        requires C ==Int SEP
DECL RULE reference-semantics/semantics/methods.k:101
   101 |   rule splitSep(iCons(C:Int, R:IntSeq), SEP:Int, CUR:IntSeq) => splitSep(R, SEP, seqConcat(CUR, iCons(C, .IntSeq)))
   102 |        requires notBool (C ==Int SEP)
DECL RULE reference-semantics/semantics/methods.k:104
   104 |   rule applyMethod(str(CS:IntSeq), "replace", str(iCons(A:Int, .IntSeq)), str(iCons(B:Int, .IntSeq)), .Vals)
   105 |     => str(replaceC(CS, A, B))
DECL SYNTAX reference-semantics/semantics/methods.k:106 ATTRS=['function', 'total']
   106 |   syntax IntSeq ::= replaceC(IntSeq, Int, Int) [function, total]
DECL RULE reference-semantics/semantics/methods.k:107
   107 |   rule replaceC(.IntSeq, _:Int, _:Int)             => .IntSeq
DECL RULE reference-semantics/semantics/methods.k:108
   108 |   rule replaceC(iCons(C:Int, R:IntSeq), A:Int, B:Int) => iCons(B, replaceC(R, A, B)) requires C ==Int A
DECL RULE reference-semantics/semantics/methods.k:109
   109 |   rule replaceC(iCons(C:Int, R:IntSeq), A:Int, B:Int) => iCons(C, replaceC(R, A, B)) requires notBool (C ==Int A)
DECL SYNTAX reference-semantics/semantics/methods.k:112 ATTRS=['function', 'total']
   112 |   syntax Bool ::= isUpperC(Int) [function, total]
DECL RULE reference-semantics/semantics/methods.k:113
   113 |   rule isUpperC(C:Int) => C >=Int 65 andBool C <=Int 90
DECL SYNTAX reference-semantics/semantics/methods.k:115 ATTRS=['function', 'total']
   115 |   syntax Bool ::= isLowerC(Int) [function, total]
DECL RULE reference-semantics/semantics/methods.k:116
   116 |   rule isLowerC(C:Int) => C >=Int 97 andBool C <=Int 122
DECL SYNTAX reference-semantics/semantics/methods.k:118 ATTRS=['function', 'total']
   118 |   syntax Bool ::= isAlphaC(Int) [function, total]
DECL RULE reference-semantics/semantics/methods.k:119
   119 |   rule isAlphaC(C:Int) => isUpperC(C) orBool isLowerC(C)
DECL SYNTAX reference-semantics/semantics/methods.k:121 ATTRS=['function', 'total']
   121 |   syntax Bool ::= isDigitC(Int) [function, total]
DECL RULE reference-semantics/semantics/methods.k:122
   122 |   rule isDigitC(C:Int) => C >=Int 48 andBool C <=Int 57
DECL SYNTAX reference-semantics/semantics/methods.k:124 ATTRS=['function', 'total']
   124 |   syntax Bool ::= hasUpper(IntSeq) [function, total]
DECL RULE reference-semantics/semantics/methods.k:125
   125 |   rule hasUpper(.IntSeq) => false
DECL RULE reference-semantics/semantics/methods.k:126
   126 |   rule hasUpper(iCons(C:Int, S:IntSeq)) => isUpperC(C) orBool hasUpper(S)
DECL SYNTAX reference-semantics/semantics/methods.k:128 ATTRS=['function', 'total']
   128 |   syntax Bool ::= hasLower(IntSeq) [function, total]
DECL RULE reference-semantics/semantics/methods.k:129
   129 |   rule hasLower(.IntSeq) => false
DECL RULE reference-semantics/semantics/methods.k:130
   130 |   rule hasLower(iCons(C:Int, S:IntSeq)) => isLowerC(C) orBool hasLower(S)
DECL SYNTAX reference-semantics/semantics/methods.k:132 ATTRS=['function', 'total']
   132 |   syntax Bool ::= allAlpha(IntSeq) [function, total]
DECL RULE reference-semantics/semantics/methods.k:133
   133 |   rule allAlpha(.IntSeq) => true
DECL RULE reference-semantics/semantics/methods.k:134
   134 |   rule allAlpha(iCons(C:Int, S:IntSeq)) => isAlphaC(C) andBool allAlpha(S)
DECL SYNTAX reference-semantics/semantics/methods.k:136 ATTRS=['function', 'total']
   136 |   syntax Bool ::= allDigit(IntSeq) [function, total]
DECL RULE reference-semantics/semantics/methods.k:137
   137 |   rule allDigit(.IntSeq) => true
DECL RULE reference-semantics/semantics/methods.k:138
   138 |   rule allDigit(iCons(C:Int, S:IntSeq)) => isDigitC(C) andBool allDigit(S)
DECL SYNTAX reference-semantics/semantics/methods.k:140 ATTRS=['function', 'total']
   140 |   syntax Int ::= lowerC(Int) [function, total]
DECL RULE reference-semantics/semantics/methods.k:142
   142 |   rule lowerC(C:Int) => C +Int 32 requires isUpperC(C)
DECL RULE reference-semantics/semantics/methods.k:143 ATTRS=['owise']
   143 |   rule lowerC(C:Int) => C         [owise]
DECL SYNTAX reference-semantics/semantics/methods.k:145 ATTRS=['function', 'total']
   145 |   syntax Int ::= upperC(Int) [function, total]
DECL RULE reference-semantics/semantics/methods.k:146
   146 |   rule upperC(C:Int) => C -Int 32 requires isLowerC(C)
DECL RULE reference-semantics/semantics/methods.k:147 ATTRS=['owise']
   147 |   rule upperC(C:Int) => C         [owise]
DECL SYNTAX reference-semantics/semantics/methods.k:149 ATTRS=['function', 'total']
   149 |   syntax Int ::= swapC(Int) [function, total]
DECL RULE reference-semantics/semantics/methods.k:150
   150 |   rule swapC(C:Int) => C +Int 32 requires isUpperC(C)
DECL RULE reference-semantics/semantics/methods.k:151
   151 |   rule swapC(C:Int) => C -Int 32 requires isLowerC(C)
DECL RULE reference-semantics/semantics/methods.k:152 ATTRS=['owise']
   152 |   rule swapC(C:Int) => C         [owise]
DECL SYNTAX reference-semantics/semantics/methods.k:154 ATTRS=['function', 'total']
   154 |   syntax IntSeq ::= mapLower(IntSeq) [function, total]
DECL RULE reference-semantics/semantics/methods.k:155
   155 |   rule mapLower(.IntSeq) => .IntSeq
DECL RULE reference-semantics/semantics/methods.k:156
   156 |   rule mapLower(iCons(C:Int, S:IntSeq)) => iCons(lowerC(C), mapLower(S))
DECL SYNTAX reference-semantics/semantics/methods.k:158 ATTRS=['function', 'total']
   158 |   syntax IntSeq ::= mapUpper(IntSeq) [function, total]
DECL RULE reference-semantics/semantics/methods.k:159
   159 |   rule mapUpper(.IntSeq) => .IntSeq
DECL RULE reference-semantics/semantics/methods.k:160
   160 |   rule mapUpper(iCons(C:Int, S:IntSeq)) => iCons(upperC(C), mapUpper(S))
DECL SYNTAX reference-semantics/semantics/methods.k:162 ATTRS=['function', 'total']
   162 |   syntax IntSeq ::= mapSwap(IntSeq) [function, total]
DECL RULE reference-semantics/semantics/methods.k:163
   163 |   rule mapSwap(.IntSeq) => .IntSeq
DECL RULE reference-semantics/semantics/methods.k:164
   164 |   rule mapSwap(iCons(C:Int, S:IntSeq)) => iCons(swapC(C), mapSwap(S))
DECL SYNTAX reference-semantics/semantics/methods.k:166 ATTRS=['function', 'total']
   166 |   syntax Bool ::= startsWith(IntSeq, IntSeq) [function, total]
DECL RULE reference-semantics/semantics/methods.k:167
   167 |   rule startsWith(.IntSeq, _:IntSeq)               => true
DECL RULE reference-semantics/semantics/methods.k:168
   168 |   rule startsWith(iCons(_:Int, _:IntSeq), .IntSeq) => false
DECL RULE reference-semantics/semantics/methods.k:169
   169 |   rule startsWith(iCons(A:Int, As:IntSeq), iCons(B:Int, Bs:IntSeq)) => A ==Int B andBool startsWith(As, Bs)
====================================================================================================
FILE reference-semantics/semantics/operators.k sha256=f3d1fd85734f5e1757307e606cbfb8d6d4bf0893ee85ce20ec99606ade910e8b lines=47
META reference-semantics/semantics/operators.k:6: module MPY-OPERATORS
META reference-semantics/semantics/operators.k:7: imports MPY-CORE
META reference-semantics/semantics/operators.k:8: imports MPY-ITER
META reference-semantics/semantics/operators.k:47: endmodule
DECL RULE reference-semantics/semantics/operators.k:10
    10 |   rule <k> UnaryOp(OP:String, V:Val) => applyUn(OP, V) ... </k>
DECL RULE reference-semantics/semantics/operators.k:12
    12 |   rule <k> BinOp(OP:String, L:Val, R:Val) => applyBin(OP, L, R) ... </k>
DECL CONTEXT reference-semantics/semantics/operators.k:15
    15 |   context Compare(HOLE, _)
DECL CONTEXT reference-semantics/semantics/operators.k:16
    16 |   context Compare(_:Val, CmpOp(_, HOLE))
DECL RULE reference-semantics/semantics/operators.k:17 ATTRS=['owise']
    17 |   rule <k> Compare(LV:Val, CmpOp(OP:String, RV:Val)) => applyCmp(OP, LV, RV) ... </k> [owise]
DECL RULE reference-semantics/semantics/operators.k:19
    19 |   rule applyCmp("is",     V:Val, noneV) => V ==K noneV
DECL RULE reference-semantics/semantics/operators.k:20
    20 |   rule applyCmp("is not", V:Val, noneV) => notBool (V ==K noneV)
DECL RULE reference-semantics/semantics/operators.k:25 ATTRS=['priority(40)']
    25 |   rule <k> BinOp(OP:String, ref(H:Int), R:Expr) => BinOp(OP, V, R) ... </k>
    26 |        <heap> ... H |-> V:Val ... </heap>
    27 |        [priority(40)]
DECL RULE reference-semantics/semantics/operators.k:28 ATTRS=['priority(40)']
    28 |   rule <k> BinOp(OP:String, L:Val, ref(H:Int)) => BinOp(OP, L, V) ... </k>
    29 |        <heap> ... H |-> V:Val ... </heap>
    30 |        requires notBool isRefV(L)
    31 |        [priority(40)]
DECL RULE reference-semantics/semantics/operators.k:34 ATTRS=['priority(40)']
    34 |   rule <k> Compare(ref(H:Int), CmpOp(OP:String, R:Expr)) => Compare(V, CmpOp(OP, R)) ... </k>
    35 |        <heap> ... H |-> V:Val ... </heap>
    36 |        requires OP =/=String "in" andBool OP =/=String "not in"
    37 |        [priority(40)]
DECL RULE reference-semantics/semantics/operators.k:38 ATTRS=['priority(40)']
    38 |   rule <k> Compare(L:Val, CmpOp(OP:String, ref(H:Int))) => Compare(L, CmpOp(OP, V)) ... </k>
    39 |        <heap> ... H |-> V:Val ... </heap>
    40 |        requires notBool isRefV(L)
    41 |         orBool OP ==String "in" orBool OP ==String "not in"
    42 |        [priority(40)]
DECL RULE reference-semantics/semantics/operators.k:44 ATTRS=['priority(40)']
    44 |   rule <k> UnaryOp(OP:String, ref(H:Int)) => UnaryOp(OP, V) ... </k>
    45 |        <heap> ... H |-> V:Val ... </heap>
    46 |        [priority(40)]
====================================================================================================
FILE reference-semantics/semantics/range.k sha256=810e4c04b757445c03592aef25c97d6b2cc7c6fffa646288bc6cd15a3cae643d lines=25
META reference-semantics/semantics/range.k:5: module MPY-RANGE
META reference-semantics/semantics/range.k:6: imports MPY-CORE
META reference-semantics/semantics/range.k:7: imports MPY-ITER
META reference-semantics/semantics/range.k:25: endmodule
DECL SYNTAX reference-semantics/semantics/range.k:9 ATTRS=['function', 'total']
     9 |   syntax Bool ::= inRange(Int, Int, Int) [function, total]
DECL RULE reference-semantics/semantics/range.k:10
    10 |   rule inRange(I:Int, HI:Int, ST:Int) => (ST >Int 0 andBool I <Int HI) orBool (ST <Int 0 andBool I >Int HI)
DECL SYNTAX reference-semantics/semantics/range.k:12 ATTRS=['function']
    12 |   syntax Int ::= rangeLen(Int, Int, Int) [function]
DECL RULE reference-semantics/semantics/range.k:13
    13 |   rule rangeLen(LO:Int, HI:Int, ST:Int) => (HI -Int LO +Int ST -Int 1) /Int ST
    14 |        requires ST >Int 0 andBool HI >Int LO
DECL RULE reference-semantics/semantics/range.k:15
    15 |   rule rangeLen(LO:Int, HI:Int, ST:Int) => (LO -Int HI -Int ST -Int 1) /Int (0 -Int ST)
    16 |        requires ST <Int 0 andBool HI <Int LO
DECL RULE reference-semantics/semantics/range.k:17
    17 |   rule rangeLen(LO:Int, HI:Int, ST:Int) => 0
    18 |        requires (ST >Int 0 andBool HI <=Int LO) orBool (ST <Int 0 andBool HI >=Int LO)
DECL RULE reference-semantics/semantics/range.k:20
    20 |   rule <k> #iterNext(rangeObj(I:Int, HI:Int, ST:Int))
    21 |         => #iterYield(I, rangeObj(I +Int ST, HI, ST)) ... </k>
    22 |        requires inRange(I, HI, ST)
DECL RULE reference-semantics/semantics/range.k:23
    23 |   rule <k> #iterNext(rangeObj(I:Int, HI:Int, ST:Int)) => #iterDone ... </k>
    24 |        requires notBool inRange(I, HI, ST)
====================================================================================================
FILE reference-semantics/semantics/set.k sha256=b822c3c6944f9940a4477fa6b7a42490c407663f2a314394e9c146e8951f1ac7 lines=40
META reference-semantics/semantics/set.k:3: module MPY-SET
META reference-semantics/semantics/set.k:4: imports MPY-CORE
META reference-semantics/semantics/set.k:40: endmodule
DECL SYNTAX reference-semantics/semantics/set.k:8
     8 |   syntax Val ::= setV(IntSeq)
DECL SYNTAX reference-semantics/semantics/set.k:11 ATTRS=['function', 'total']
    11 |   syntax Bool ::= codeIn(Int, IntSeq) [function, total]
DECL RULE reference-semantics/semantics/set.k:12
    12 |   rule codeIn(_:Int, .IntSeq)                => false
DECL RULE reference-semantics/semantics/set.k:13
    13 |   rule codeIn(C:Int, iCons(H:Int, T:IntSeq)) => C ==Int H orBool codeIn(C, T)
DECL SYNTAX reference-semantics/semantics/set.k:16 ATTRS=['function', 'total', 'function', 'total']
    16 |   syntax IntSeq ::= dedupCodes(IntSeq)         [function, total]
    17 |                   | dedupFrom(IntSeq, IntSeq)  [function, total]
DECL RULE reference-semantics/semantics/set.k:18
    18 |   rule dedupCodes(CS:IntSeq) => dedupFrom(CS, .IntSeq)
DECL RULE reference-semantics/semantics/set.k:19
    19 |   rule dedupFrom(.IntSeq, ACC:IntSeq) => ACC
DECL RULE reference-semantics/semantics/set.k:20
    20 |   rule dedupFrom(iCons(C:Int, S:IntSeq), ACC:IntSeq) => dedupFrom(S, ACC)
    21 |        requires codeIn(C, ACC)
DECL RULE reference-semantics/semantics/set.k:22
    22 |   rule dedupFrom(iCons(C:Int, S:IntSeq), ACC:IntSeq) => dedupFrom(S, snocCode(ACC, C))
    23 |        requires notBool codeIn(C, ACC)
DECL SYNTAX reference-semantics/semantics/set.k:25 ATTRS=['function', 'total']
    25 |   syntax IntSeq ::= snocCode(IntSeq, Int) [function, total]
DECL RULE reference-semantics/semantics/set.k:26
    26 |   rule snocCode(.IntSeq, C:Int)                => iCons(C, .IntSeq)
DECL RULE reference-semantics/semantics/set.k:27
    27 |   rule snocCode(iCons(H:Int, T:IntSeq), C:Int) => iCons(H, snocCode(T, C))
DECL SYNTAX reference-semantics/semantics/set.k:31 ATTRS=['function', 'total']
    31 |   syntax Bool ::= subsetCodes(IntSeq, IntSeq) [function, total]
DECL RULE reference-semantics/semantics/set.k:32
    32 |   rule subsetCodes(.IntSeq, _:IntSeq)                => true
DECL RULE reference-semantics/semantics/set.k:33
    33 |   rule subsetCodes(iCons(C:Int, S:IntSeq), B:IntSeq) => codeIn(C, B) andBool subsetCodes(S, B)
DECL SYNTAX reference-semantics/semantics/set.k:35 ATTRS=['function', 'total']
    35 |   syntax Bool ::= sameSet(IntSeq, IntSeq) [function, total]
DECL RULE reference-semantics/semantics/set.k:36
    36 |   rule sameSet(A:IntSeq, B:IntSeq) => subsetCodes(A, B) andBool subsetCodes(B, A)
DECL RULE reference-semantics/semantics/set.k:39
    39 |   rule applyCmp("==", setV(A:IntSeq), setV(B:IntSeq)) => sameSet(A, B)
====================================================================================================
FILE reference-semantics/semantics/sort.k sha256=df79670e4794a92e96ffc824857fbc34d3a65b6b6a3026d1dcf322128fbaba5a lines=72
META reference-semantics/semantics/sort.k:10: module MPY-SORT
META reference-semantics/semantics/sort.k:11: imports MPY-BUILTINS
META reference-semantics/semantics/sort.k:12: imports MPY-SUBSCRIPT
META reference-semantics/semantics/sort.k:72: endmodule
DECL SYNTAX reference-semantics/semantics/sort.k:18 ATTRS=['function', 'total', 'symbol(sortVS)', 'no-evaluators']
    18 |   syntax ValSeq ::= sortVS(ValSeq) [function, total, symbol(sortVS), no-evaluators]
DECL SYNTAX reference-semantics/semantics/sort.k:19 ATTRS=['function']
    19 |   syntax ValSeq ::= insVS(Int, ValSeq) [function]
DECL RULE reference-semantics/semantics/sort.k:20 ATTRS=['concrete']
    20 |   rule sortVS(.ValSeq)                => .ValSeq          [concrete]
DECL RULE reference-semantics/semantics/sort.k:21 ATTRS=['concrete']
    21 |   rule sortVS(vCons(X:Int, R:ValSeq)) => insVS(X, sortVS(R)) [concrete]
DECL RULE reference-semantics/semantics/sort.k:22 ATTRS=['concrete']
    22 |   rule insVS(X:Int, .ValSeq)                => vCons(X, .ValSeq) [concrete]
DECL RULE reference-semantics/semantics/sort.k:23 ATTRS=['concrete']
    23 |   rule insVS(X:Int, vCons(Y:Int, R:ValSeq)) => vCons(X, vCons(Y, R)) requires X <=Int Y [concrete]
DECL RULE reference-semantics/semantics/sort.k:24 ATTRS=['concrete']
    24 |   rule insVS(X:Int, vCons(Y:Int, R:ValSeq)) => vCons(Y, insVS(X, R)) requires X  >Int Y [concrete]
DECL SYNTAX reference-semantics/semantics/sort.k:26 ATTRS=['function']
    26 |   syntax ValSeq ::= insVSs(IntSeq, ValSeq) [function]
DECL RULE reference-semantics/semantics/sort.k:27 ATTRS=['concrete']
    27 |   rule sortVS(vCons(str(CS:IntSeq), R:ValSeq)) => insVSs(CS, sortVS(R)) [concrete]
DECL RULE reference-semantics/semantics/sort.k:28 ATTRS=['concrete']
    28 |   rule insVSs(A:IntSeq, .ValSeq) => vCons(str(A), .ValSeq) [concrete]
DECL RULE reference-semantics/semantics/sort.k:29 ATTRS=['concrete']
    29 |   rule insVSs(A:IntSeq, vCons(str(B:IntSeq), R:ValSeq)) => vCons(str(A), vCons(str(B), R))
    30 |        requires strLt(A, B) orBool A ==K B [concrete]
DECL RULE reference-semantics/semantics/sort.k:31 ATTRS=['concrete']
    31 |   rule insVSs(A:IntSeq, vCons(str(B:IntSeq), R:ValSeq)) => vCons(str(B), insVSs(A, R))
    32 |        requires notBool (strLt(A, B) orBool A ==K B) [concrete]
DECL RULE reference-semantics/semantics/sort.k:36
    36 |   rule <k> #applyK(toCall(builtinV("sorted")), (list(VS:ValSeq), .Vals))
    37 |         => #alloc(list(sortVS(VS))) ... </k>
DECL RULE reference-semantics/semantics/sort.k:40 ATTRS=['priority(40)']
    40 |   rule <k> #applyK(toCall(boundMethodV(ref(H:Int), "sort")), .Vals) => noneV ... </k>
    41 |        <heap> ... H |-> list(VS:ValSeq => sortVS(VS)) ... </heap>
    42 |        [priority(40)]
DECL SYNTAX reference-semantics/semantics/sort.k:49 ATTRS=['function', 'total', 'symbol(sortKeyVS)', 'no-evaluators']
    49 |   syntax ValSeq ::= sortKeyVS(ValSeq, Val) [function, total, symbol(sortKeyVS), no-evaluators]
DECL SYNTAX reference-semantics/semantics/sort.k:51 ATTRS=['function', 'total', 'function', 'total']
    51 |   syntax ValSeq ::= revVS(ValSeq) [function, total]
    52 |                   | revVSAcc(ValSeq, ValSeq) [function, total]
DECL RULE reference-semantics/semantics/sort.k:53
    53 |   rule revVS(S:ValSeq) => revVSAcc(S, .ValSeq)
DECL RULE reference-semantics/semantics/sort.k:54
    54 |   rule revVSAcc(.ValSeq, A:ValSeq) => A
DECL RULE reference-semantics/semantics/sort.k:55
    55 |   rule revVSAcc(vCons(V:Val, R:ValSeq), A:ValSeq) => revVSAcc(R, vCons(V, A))
DECL SYNTAX reference-semantics/semantics/sort.k:57 ATTRS=['function', 'total']
    57 |   syntax ValSeq ::= condRev(ValSeq, Bool) [function, total]
DECL RULE reference-semantics/semantics/sort.k:58
    58 |   rule condRev(S:ValSeq, false) => S
DECL RULE reference-semantics/semantics/sort.k:59
    59 |   rule condRev(S:ValSeq, true)  => revVS(S)
DECL RULE reference-semantics/semantics/sort.k:61
    61 |   rule <k> #applyK(toCall(builtinV("sorted")), (list(VS:ValSeq), kwV("key", KV:Val), .Vals))
    62 |         => #alloc(list(sortKeyVS(VS, KV))) ... </k>
DECL RULE reference-semantics/semantics/sort.k:63
    63 |   rule <k> #applyK(toCall(builtinV("sorted")), (list(VS:ValSeq), kwV("key", KV:Val), kwV("reverse", RB:Bool), .Vals))
    64 |         => #alloc(list(condRev(sortKeyVS(VS, KV), RB))) ... </k>
DECL RULE reference-semantics/semantics/sort.k:65
    65 |   rule <k> #applyK(toCall(builtinV("sorted")), (list(VS:ValSeq), kwV("reverse", RB:Bool), .Vals))
    66 |         => #alloc(list(condRev(sortVS(VS), RB))) ... </k>
====================================================================================================
FILE reference-semantics/semantics/str.k sha256=1bf0abf61d7c5df6301433a89c79d2ef4259d47a68d98385ff74618c4c310e0f lines=60
META reference-semantics/semantics/str.k:3: module MPY-STR
META reference-semantics/semantics/str.k:4: imports MPY-CORE
META reference-semantics/semantics/str.k:5: imports MPY-ITER
META reference-semantics/semantics/str.k:60: endmodule
DECL RULE reference-semantics/semantics/str.k:8
     8 |   rule <k> #iterNext(str(.IntSeq))                 => #iterDone ... </k>
DECL RULE reference-semantics/semantics/str.k:9
     9 |   rule <k> #iterNext(str(iCons(C:Int, R:IntSeq)))
    10 |         => #iterYield(str(iCons(C, .IntSeq)), str(R)) ... </k>
DECL SYNTAX reference-semantics/semantics/str.k:13 ATTRS=['function']
    13 |   syntax IntSeq ::= strToCodes(String) [function]
DECL RULE reference-semantics/semantics/str.k:14
    14 |   rule <k> Str(S:String) => str(strToCodes(S)) ... </k>
DECL RULE reference-semantics/semantics/str.k:15
    15 |   rule strToCodes("") => .IntSeq
DECL RULE reference-semantics/semantics/str.k:16
    16 |   rule strToCodes(S:String) => iCons(ordChar(substrString(S, 0, 1)), strToCodes(substrString(S, 1, lengthString(S))))
    17 |     requires S =/=String "" andBool ordChar(substrString(S, 0, 1)) <Int 128
DECL SYNTAX reference-semantics/semantics/str.k:20 ATTRS=['function', 'total']
    20 |   syntax IntSeq ::= seqConcat(IntSeq, IntSeq) [function, total]
DECL RULE reference-semantics/semantics/str.k:21
    21 |   rule seqConcat(.IntSeq, T:IntSeq)                => T
DECL RULE reference-semantics/semantics/str.k:22
    22 |   rule seqConcat(iCons(I:Int, S:IntSeq), T:IntSeq) => iCons(I, seqConcat(S, T))
DECL RULE reference-semantics/semantics/str.k:24
    24 |   rule applyBin("+",  str(A:IntSeq), str(B:IntSeq)) => str(seqConcat(A, B))
DECL RULE reference-semantics/semantics/str.k:25
    25 |   rule applyCmp("==", str(A:IntSeq), str(B:IntSeq)) => A ==K B
DECL RULE reference-semantics/semantics/str.k:26
    26 |   rule applyCmp("!=", str(A:IntSeq), str(B:IntSeq)) => notBool (A ==K B)
DECL RULE reference-semantics/semantics/str.k:29
    29 |   rule applyCmp("in",     str(P:IntSeq), str(X:IntSeq)) => strContains(P, X)
DECL RULE reference-semantics/semantics/str.k:30
    30 |   rule applyCmp("not in", str(P:IntSeq), str(X:IntSeq)) => notBool strContains(P, X)
DECL SYNTAX reference-semantics/semantics/str.k:32 ATTRS=['function', 'total']
    32 |   syntax Bool ::= strPrefix(IntSeq, IntSeq) [function, total]
DECL RULE reference-semantics/semantics/str.k:33
    33 |   rule strPrefix(.IntSeq, _:IntSeq)               => true
DECL RULE reference-semantics/semantics/str.k:34
    34 |   rule strPrefix(iCons(_:Int, _:IntSeq), .IntSeq) => false
DECL RULE reference-semantics/semantics/str.k:35
    35 |   rule strPrefix(iCons(A:Int, As:IntSeq), iCons(B:Int, Bs:IntSeq)) => A ==Int B andBool strPrefix(As, Bs)
DECL SYNTAX reference-semantics/semantics/str.k:37 ATTRS=['function', 'total']
    37 |   syntax Bool ::= strContains(IntSeq, IntSeq) [function, total]
DECL RULE reference-semantics/semantics/str.k:38
    38 |   rule strContains(P:IntSeq, X:IntSeq) => true  requires strPrefix(P, X)
DECL RULE reference-semantics/semantics/str.k:39
    39 |   rule strContains(P:IntSeq, .IntSeq)  => false requires notBool strPrefix(P, .IntSeq)
DECL RULE reference-semantics/semantics/str.k:40
    40 |   rule strContains(P:IntSeq, iCons(C:Int, Xs:IntSeq)) => strContains(P, Xs)
    41 |        requires notBool strPrefix(P, iCons(C, Xs))
DECL SYNTAX reference-semantics/semantics/str.k:48 ATTRS=['function', 'total']
    48 |   syntax Bool ::= strLt(IntSeq, IntSeq) [function, total]
DECL RULE reference-semantics/semantics/str.k:49
    49 |   rule strLt(.IntSeq, .IntSeq)                => false
DECL RULE reference-semantics/semantics/str.k:50
    50 |   rule strLt(.IntSeq, iCons(_:Int, _:IntSeq)) => true
DECL RULE reference-semantics/semantics/str.k:51
    51 |   rule strLt(iCons(_:Int, _:IntSeq), .IntSeq) => false
DECL RULE reference-semantics/semantics/str.k:52
    52 |   rule strLt(iCons(A:Int, As:IntSeq), iCons(B:Int, Bs:IntSeq)) => true          requires A  <Int B
DECL RULE reference-semantics/semantics/str.k:53
    53 |   rule strLt(iCons(A:Int, As:IntSeq), iCons(B:Int, Bs:IntSeq)) => false         requires A  >Int B
DECL RULE reference-semantics/semantics/str.k:54
    54 |   rule strLt(iCons(A:Int, As:IntSeq), iCons(B:Int, Bs:IntSeq)) => strLt(As, Bs) requires A ==Int B
DECL RULE reference-semantics/semantics/str.k:56
    56 |   rule applyCmp("<",  str(A:IntSeq), str(B:IntSeq)) => strLt(A, B)
DECL RULE reference-semantics/semantics/str.k:57
    57 |   rule applyCmp(">",  str(A:IntSeq), str(B:IntSeq)) => strLt(B, A)
DECL RULE reference-semantics/semantics/str.k:58
    58 |   rule applyCmp("<=", str(A:IntSeq), str(B:IntSeq)) => notBool strLt(B, A)
DECL RULE reference-semantics/semantics/str.k:59
    59 |   rule applyCmp(">=", str(A:IntSeq), str(B:IntSeq)) => notBool strLt(A, B)
====================================================================================================
FILE reference-semantics/semantics/subscript.k sha256=dba04c0acf213bef4f9f7b11243ca00a2b3ca5fa8666c544ede7d382d27d36a7 lines=122
META reference-semantics/semantics/subscript.k:3: module MPY-SUBSCRIPT
META reference-semantics/semantics/subscript.k:4: imports MPY-CORE
META reference-semantics/semantics/subscript.k:122: endmodule
DECL SYNTAX reference-semantics/semantics/subscript.k:11 ATTRS=['function', 'total']
    11 |   syntax Val ::= valSeqAt(ValSeq, Int) [function, total]
DECL RULE reference-semantics/semantics/subscript.k:12
    12 |   rule valSeqAt(vCons(V:Val, _:ValSeq), 0)     => V
DECL RULE reference-semantics/semantics/subscript.k:13
    13 |   rule valSeqAt(vCons(_:Val, S:ValSeq), I:Int) => valSeqAt(S, I -Int 1)
    14 |        requires I >Int 0
DECL SYNTAX reference-semantics/semantics/subscript.k:16 ATTRS=['function']
    16 |   syntax Int ::= intSeqAt(IntSeq, Int) [function]
DECL RULE reference-semantics/semantics/subscript.k:17
    17 |   rule intSeqAt(iCons(C:Int, _:IntSeq), 0)     => C
DECL RULE reference-semantics/semantics/subscript.k:18
    18 |   rule intSeqAt(iCons(_:Int, S:IntSeq), I:Int) => intSeqAt(S, I -Int 1)
    19 |        requires I >Int 0
DECL SYNTAX reference-semantics/semantics/subscript.k:21 ATTRS=['function', 'total']
    21 |   syntax Int ::= normIdx(Int, Int) [function, total]
DECL RULE reference-semantics/semantics/subscript.k:22
    22 |   rule normIdx(I:Int, LEN:Int) => I +Int LEN requires I  <Int 0
DECL RULE reference-semantics/semantics/subscript.k:23
    23 |   rule normIdx(I:Int, _:Int)   => I          requires I >=Int 0
DECL CONTEXT reference-semantics/semantics/subscript.k:27
    27 |   context Subscript(HOLE, _)
DECL CONTEXT reference-semantics/semantics/subscript.k:28
    28 |   context Subscript(_:Val, HOLE:Expr)
DECL RULE reference-semantics/semantics/subscript.k:31 ATTRS=['priority(40)']
    31 |   rule <k> Subscript(ref(H:Int), IX:Index) => Subscript(V, IX) ... </k>
    32 |        <heap> ... H |-> V:Val ... </heap>
    33 |        [priority(40)]
DECL RULE reference-semantics/semantics/subscript.k:35
    35 |   rule <k> Subscript(OBJ:Val, I:Int) => applyIndex(OBJ, I) ... </k>
DECL SYNTAX reference-semantics/semantics/subscript.k:37 ATTRS=['function']
    37 |   syntax Val ::= applyIndex(Val, Int) [function]
DECL RULE reference-semantics/semantics/subscript.k:38
    38 |   rule applyIndex(list(VS:ValSeq),  I:Int) => valSeqAt(VS, normIdx(I, vsLen(VS)))
DECL RULE reference-semantics/semantics/subscript.k:39
    39 |   rule applyIndex(tuple(VS:ValSeq), I:Int) => valSeqAt(VS, normIdx(I, vsLen(VS)))
DECL RULE reference-semantics/semantics/subscript.k:40
    40 |   rule applyIndex(str(IS:IntSeq),   I:Int)
    41 |     => str(iCons(intSeqAt(IS, normIdx(I, isLen(IS))), .IntSeq))
DECL SYNTAX reference-semantics/semantics/subscript.k:44
    44 |   syntax KItem ::= #evalB(Bound) | "#toSome"
    45 |                  | #slLo(Val, Bound, Bound)
    46 |                  | #slHi(Val, OptInt, Bound)
    47 |                  | #slStep(Val, OptInt, OptInt)
DECL SYNTAX reference-semantics/semantics/subscript.k:49
    49 |   syntax OptInt ::= "noB" | someB(Int)
DECL RULE reference-semantics/semantics/subscript.k:50
    50 |   rule <k> #evalB(NoBound)  => noB ... </k>
DECL RULE reference-semantics/semantics/subscript.k:51
    51 |   rule <k> #evalB(E:Expr)   => E ~> #toSome ... </k>
DECL RULE reference-semantics/semantics/subscript.k:52
    52 |   rule <k> I:Int ~> #toSome => someB(I) ... </k>
DECL RULE reference-semantics/semantics/subscript.k:54
    54 |   rule <k> Subscript(OBJ:Val, Slice(LO:Bound, HI:Bound, ST:Bound)) => #evalB(LO) ~> #slLo(OBJ, HI, ST) ... </k>
DECL RULE reference-semantics/semantics/subscript.k:55
    55 |   rule <k> LO:OptInt ~> #slLo(OBJ:Val, HI:Bound, ST:Bound)   => #evalB(HI) ~> #slHi(OBJ, LO, ST) ... </k>
DECL RULE reference-semantics/semantics/subscript.k:56
    56 |   rule <k> HI:OptInt ~> #slHi(OBJ:Val, LO:OptInt, ST:Bound)  => #evalB(ST) ~> #slStep(OBJ, LO, HI) ... </k>
DECL RULE reference-semantics/semantics/subscript.k:58 ATTRS=['priority(45)']
    58 |   rule <k> ST:OptInt ~> #slStep(list(VS:ValSeq), LO:OptInt, HI:OptInt)
    59 |         => #alloc(doSlice(list(VS), LO, HI, ST)) ... </k>
    60 |        [priority(45)]
DECL RULE reference-semantics/semantics/subscript.k:61
    61 |   rule <k> ST:OptInt ~> #slStep(OBJ:Val, LO:OptInt, HI:OptInt) => doSlice(OBJ, LO, HI, ST) ... </k>
DECL SYNTAX reference-semantics/semantics/subscript.k:63 ATTRS=['function']
    63 |   syntax Val ::= doSlice(Val, OptInt, OptInt, OptInt) [function]
DECL RULE reference-semantics/semantics/subscript.k:64
    64 |   rule doSlice(list(VS:ValSeq), LO:OptInt, HI:OptInt, ST:OptInt)
    65 |     => list(buildVS(VS, slStart(LO, ST, vsLen(VS)), slStop(HI, ST, vsLen(VS)), slStep(ST)))
DECL RULE reference-semantics/semantics/subscript.k:66
    66 |   rule doSlice(tuple(VS:ValSeq), LO:OptInt, HI:OptInt, ST:OptInt)
    67 |     => tuple(buildVS(VS, slStart(LO, ST, vsLen(VS)), slStop(HI, ST, vsLen(VS)), slStep(ST)))
DECL RULE reference-semantics/semantics/subscript.k:68
    68 |   rule doSlice(str(IS:IntSeq), LO:OptInt, HI:OptInt, ST:OptInt)
    69 |     => str(buildIS(IS, slStart(LO, ST, isLen(IS)), slStop(HI, ST, isLen(IS)), slStep(ST)))
DECL SYNTAX reference-semantics/semantics/subscript.k:72 ATTRS=['function', 'total']
    72 |   syntax Int ::= slStep(OptInt) [function, total]
DECL RULE reference-semantics/semantics/subscript.k:73
    73 |   rule slStep(noB)          => 1
DECL RULE reference-semantics/semantics/subscript.k:74
    74 |   rule slStep(someB(S:Int)) => S
DECL SYNTAX reference-semantics/semantics/subscript.k:76 ATTRS=['function']
    76 |   syntax Int ::= slStart(OptInt, OptInt, Int) [function]
DECL RULE reference-semantics/semantics/subscript.k:77
    77 |   rule slStart(noB,          ST:OptInt, _LEN:Int) => 0
    78 |        requires slStep(ST) >Int 0
DECL RULE reference-semantics/semantics/subscript.k:79
    79 |   rule slStart(noB,          ST:OptInt, LEN:Int)  => LEN -Int 1
    80 |        requires slStep(ST) <Int 0
DECL RULE reference-semantics/semantics/subscript.k:81
    81 |   rule slStart(someB(I:Int), ST:OptInt, LEN:Int)  => slAdjust(I, LEN, slStep(ST))
DECL SYNTAX reference-semantics/semantics/subscript.k:83 ATTRS=['function']
    83 |   syntax Int ::= slStop(OptInt, OptInt, Int) [function]
DECL RULE reference-semantics/semantics/subscript.k:84
    84 |   rule slStop(noB,          ST:OptInt, LEN:Int)  => LEN
    85 |        requires slStep(ST) >Int 0
DECL RULE reference-semantics/semantics/subscript.k:86
    86 |   rule slStop(noB,          ST:OptInt, _LEN:Int) => -1
    87 |        requires slStep(ST) <Int 0
DECL RULE reference-semantics/semantics/subscript.k:88
    88 |   rule slStop(someB(I:Int), ST:OptInt, LEN:Int)  => slAdjust(I, LEN, slStep(ST))
DECL SYNTAX reference-semantics/semantics/subscript.k:90 ATTRS=['function', 'total']
    90 |   syntax Int ::= slAdjust(Int, Int, Int) [function, total]
DECL RULE reference-semantics/semantics/subscript.k:91
    91 |   rule slAdjust(I:Int, LEN:Int, STEP:Int) => clampLo(I +Int LEN, STEP)
    92 |        requires I  <Int 0
DECL RULE reference-semantics/semantics/subscript.k:93
    93 |   rule slAdjust(I:Int, LEN:Int, STEP:Int) => clampHi(I, LEN, STEP)
    94 |        requires I >=Int 0
DECL SYNTAX reference-semantics/semantics/subscript.k:96 ATTRS=['function', 'total']
    96 |   syntax Int ::= clampLo(Int, Int) [function, total]
DECL RULE reference-semantics/semantics/subscript.k:97
    97 |   rule clampLo(J:Int, _STEP:Int) => J
    98 |        requires J >=Int 0
DECL RULE reference-semantics/semantics/subscript.k:99
    99 |   rule clampLo(J:Int, STEP:Int)  => #if STEP <Int 0 #then -1 #else 0 #fi
   100 |        requires J <Int 0
DECL SYNTAX reference-semantics/semantics/subscript.k:102 ATTRS=['function', 'total']
   102 |   syntax Int ::= clampHi(Int, Int, Int) [function, total]
DECL RULE reference-semantics/semantics/subscript.k:103
   103 |   rule clampHi(I:Int, LEN:Int, _STEP:Int) => I
   104 |        requires I  <Int LEN
DECL RULE reference-semantics/semantics/subscript.k:105
   105 |   rule clampHi(I:Int, LEN:Int, STEP:Int)  => #if STEP <Int 0 #then LEN -Int 1 #else LEN #fi
   106 |        requires I >=Int LEN
DECL SYNTAX reference-semantics/semantics/subscript.k:109 ATTRS=['function']
   109 |   syntax ValSeq ::= buildVS(ValSeq, Int, Int, Int) [function]
DECL RULE reference-semantics/semantics/subscript.k:110
   110 |   rule buildVS(VS:ValSeq, I:Int, STOP:Int, STEP:Int)
   111 |     => vCons(valSeqAt(VS, I), buildVS(VS, I +Int STEP, STOP, STEP))
   112 |        requires (STEP >Int 0 andBool I <Int STOP) orBool (STEP <Int 0 andBool I >Int STOP)
DECL RULE reference-semantics/semantics/subscript.k:113
   113 |   rule buildVS(_:ValSeq, I:Int, STOP:Int, STEP:Int) => .ValSeq
   114 |        requires notBool ((STEP >Int 0 andBool I <Int STOP) orBool (STEP <Int 0 andBool I >Int STOP))
DECL SYNTAX reference-semantics/semantics/subscript.k:116 ATTRS=['function']
   116 |   syntax IntSeq ::= buildIS(IntSeq, Int, Int, Int) [function]
DECL RULE reference-semantics/semantics/subscript.k:117
   117 |   rule buildIS(IS:IntSeq, I:Int, STOP:Int, STEP:Int)
   118 |     => iCons(intSeqAt(IS, I), buildIS(IS, I +Int STEP, STOP, STEP))
   119 |        requires (STEP >Int 0 andBool I <Int STOP) orBool (STEP <Int 0 andBool I >Int STOP)
DECL RULE reference-semantics/semantics/subscript.k:120
   120 |   rule buildIS(_:IntSeq, I:Int, STOP:Int, STEP:Int) => .IntSeq
   121 |        requires notBool ((STEP >Int 0 andBool I <Int STOP) orBool (STEP <Int 0 andBool I >Int STOP))
====================================================================================================
FILE reference-semantics/semantics/syntax.k sha256=1e9e629e5e6e14bdd7f4d530375e8655a89366b5ecd0c24a3c57ad3b5708f2a6 lines=62
META reference-semantics/semantics/syntax.k:3: module MPY-SYNTAX
META reference-semantics/semantics/syntax.k:4: imports INT-SYNTAX
META reference-semantics/semantics/syntax.k:5: imports FLOAT-SYNTAX
META reference-semantics/semantics/syntax.k:6: imports BOOL-SYNTAX
META reference-semantics/semantics/syntax.k:7: imports STRING-SYNTAX
META reference-semantics/semantics/syntax.k:62: endmodule
DECL SYNTAX reference-semantics/semantics/syntax.k:9 ATTRS=['strict(2)', 'macro', 'macro', 'strict(1)', 'strict(1)']
     9 |   syntax Expr ::= "Int"      "(" Int ")"
    10 |                 | "Float"    "(" Float ")"
    11 |                 | "Bool"     "(" Bool ")"
    12 |                 | "Name"     "(" String ")"
    13 |                 | "Str"      "(" String ")"
    14 |                 | "UnaryOp"  "(" String "," Expr ")" [strict(2)]
    15 |                 | "BinOp"    "(" String "," Expr "," Expr ")" [seqstrict(2, 3)]
    16 |                 | "BoolOp"    "(" String "," Exprs ")"
    17 |                 | "ListExpr"  "(" Exprs ")"
    18 |                 | "DictExpr"  "(" Entries ")"
    19 |                 | "ListComp"  "(" Expr "," CompFors ")" [macro]
    20 |                 | "GenExp"    "(" Expr "," CompFors ")" [macro]
    21 |                 | "TupleExpr" "(" Exprs ")"
    22 |                 | "Subscript" "(" Expr "," Index ")"
    23 |                 | "IfExp"     "(" Expr "," Expr "," Expr ")" [strict(1)]
    24 |                 | "Lambda"    "(" Params "," Expr ")"
    25 |                 | "KwArg"     "(" String "," Expr ")"
    26 |                 | "Lambda"    "(" Params "," CellVars "," FreeVars "," Expr ")"
    27 |                 | "NoneVal"
    28 |                 | "Call"      "(" Expr "," Exprs ")"
    29 |                 | "Attribute" "(" Expr "," String ")" [strict(1)]
    30 |                 | "Compare"   "(" Expr "," CmpOp ")"
DECL SYNTAX reference-semantics/semantics/syntax.k:32
    32 |   syntax CmpOp    ::= "CmpOp" "(" String "," Expr ")"
DECL SYNTAX reference-semantics/semantics/syntax.k:33
    33 |   syntax Entry    ::= "Entry" "(" Expr "," Expr ")"
DECL SYNTAX reference-semantics/semantics/syntax.k:34
    34 |   syntax Entries  ::= List{Entry, ","}
DECL SYNTAX reference-semantics/semantics/syntax.k:35
    35 |   syntax CompFor  ::= "CompFor" "(" Expr "," Expr "," Exprs ")"
DECL SYNTAX reference-semantics/semantics/syntax.k:36
    36 |   syntax CompFors ::= List{CompFor, ""}
DECL SYNTAX reference-semantics/semantics/syntax.k:37
    37 |   syntax Exprs    ::= List{Expr, ","}
DECL SYNTAX reference-semantics/semantics/syntax.k:38
    38 |   syntax Index    ::= Expr | "Slice" "(" Bound "," Bound "," Bound ")"
DECL SYNTAX reference-semantics/semantics/syntax.k:39
    39 |   syntax Bound    ::= Expr | "NoBound"
DECL SYNTAX reference-semantics/semantics/syntax.k:41 ATTRS=['strict(2)', 'strict(3)', 'strict(2)', 'strict(1)', 'strict', 'strict', 'strict']
    41 |   syntax Stmt ::= "Assign"    "(" Expr "," Expr ")" [strict(2)]
    42 |                 | "Import"    "(" String ")"
    43 |                 | "ImportFrom" "(" String "," ParamNames ")"
    44 |                 | "AugAssign" "(" Expr "," String "," Expr ")" [strict(3)]
    45 |                 | "For"       "(" Expr "," Expr "," Stmts ")" [strict(2)]
    46 |                 | "While"     "(" Expr "," Stmts ")"
    47 |                 | "Break"
    48 |                 | "Continue"
    49 |                 | "If"        "(" Expr "," Stmts "," Stmts ")" [strict(1)]
    50 |                 | "Return"    "(" Expr ")" [strict]
    51 |                 | "Assert"    "(" Expr ")" [strict]
    52 |                 | "Expr"      "(" Expr ")" [strict]
    53 |                 | "FuncDef"   "(" String "," Params "," Stmts ")"
    54 |                 | "FuncDef"   "(" String "," Params "," CellVars "," FreeVars "," Stmts ")"
DECL SYNTAX reference-semantics/semantics/syntax.k:56
    56 |   syntax Stmts      ::= List{Stmt, ""}
DECL SYNTAX reference-semantics/semantics/syntax.k:57
    57 |   syntax Params     ::= "Params" "(" ParamNames ")"
DECL SYNTAX reference-semantics/semantics/syntax.k:58
    58 |   syntax CellVars   ::= "CellVars" "(" ParamNames ")"
DECL SYNTAX reference-semantics/semantics/syntax.k:59
    59 |   syntax FreeVars   ::= "FreeVars" "(" ParamNames ")"
DECL SYNTAX reference-semantics/semantics/syntax.k:60
    60 |   syntax ParamNames ::= List{String, ","}
DECL SYNTAX reference-semantics/semantics/syntax.k:61
    61 |   syntax Module     ::= "Module" "(" Stmts ")"
====================================================================================================
FILE reference-semantics/semantics/tuple.k sha256=41395a1ec6a58129c78facb15b44206907c54d79e86ea363ae68cb37bfc64abb lines=58
META reference-semantics/semantics/tuple.k:3: module MPY-TUPLE
META reference-semantics/semantics/tuple.k:4: imports MPY-CORE
META reference-semantics/semantics/tuple.k:5: imports MPY-ITER
META reference-semantics/semantics/tuple.k:6: imports MPY-LIST
META reference-semantics/semantics/tuple.k:7: imports MPY-METHODS
META reference-semantics/semantics/tuple.k:58: endmodule
DECL RULE reference-semantics/semantics/tuple.k:10
    10 |   rule <k> #iterNext(tuple(.ValSeq))                => #iterDone ... </k>
DECL RULE reference-semantics/semantics/tuple.k:11
    11 |   rule <k> #iterNext(tuple(vCons(V:Val, R:ValSeq))) => #iterYield(V, tuple(R)) ... </k>
DECL SYNTAX reference-semantics/semantics/tuple.k:14
    14 |   syntax ApplyK ::= "toTuple"
DECL RULE reference-semantics/semantics/tuple.k:15
    15 |   rule <k> TupleExpr(ES:Exprs) => #evalArgs(ES, .Vals, toTuple) ... </k>
DECL RULE reference-semantics/semantics/tuple.k:16
    16 |   rule <k> #applyK(toTuple, ACC:Vals) => tuple(vals2valSeq(ACC)) ... </k>
DECL RULE reference-semantics/semantics/tuple.k:18
    18 |   rule applyCmp("==", tuple(A:ValSeq), tuple(B:ValSeq)) => A ==K B
DECL RULE reference-semantics/semantics/tuple.k:20
    20 |   rule <k> Compare(LV:Val, CmpOp("in",     tuple(VS:ValSeq))) => #memberAcc(LV, tuple(VS)) ... </k>
DECL RULE reference-semantics/semantics/tuple.k:21
    21 |   rule <k> Compare(LV:Val, CmpOp("not in", tuple(VS:ValSeq))) => #memberAcc(LV, tuple(VS)) ~> #notB ... </k>
DECL RULE reference-semantics/semantics/tuple.k:23
    23 |   rule applyMethod(tuple(VS:ValSeq), "index", V:Val, .Vals) => idxOfVS(VS, V, 0)
DECL SYNTAX reference-semantics/semantics/tuple.k:24 ATTRS=['function']
    24 |   syntax Int ::= idxOfVS(ValSeq, Val, Int) [function]
DECL RULE reference-semantics/semantics/tuple.k:25
    25 |   rule idxOfVS(vCons(A:Val, _:ValSeq), V:Val, I:Int) => I requires A ==K V
DECL RULE reference-semantics/semantics/tuple.k:26
    26 |   rule idxOfVS(vCons(A:Val, R:ValSeq), V:Val, I:Int) => idxOfVS(R, V, I +Int 1)
    27 |        requires notBool (A ==K V)
DECL RULE reference-semantics/semantics/tuple.k:28
    28 |   rule applyCmp("!=", tuple(A:ValSeq), tuple(B:ValSeq)) => notBool (A ==K B)
DECL SYNTAX reference-semantics/semantics/tuple.k:31
    31 |   syntax KItem ::= #bindTgt(Expr, Val)
DECL RULE reference-semantics/semantics/tuple.k:32
    32 |   rule <k> #bindTgt(Name(X:String), V:Val) => .K ... </k>
    33 |        <env> L:Int </env>
    34 |        <scopes> ... L |-> scope(M:Map => M [ X <- V ], _) ... </scopes>
DECL RULE reference-semantics/semantics/tuple.k:35 ATTRS=['priority(40)']
    35 |   rule <k> #bindTgt(Name(X:String), V:Val) => #cellW({M[X]}:>Val, V) ... </k>
    36 |        <env> L:Int </env>
    37 |        <scopes> ... L |-> scope(M:Map, _) ... </scopes>
    38 |        requires "$cells" in_keys(M)
    39 |         andBool pnMember(X, cellsOf({M["$cells"]}:>Val))
    40 |         andBool X in_keys(M) andBool isCellRef({M[X]}:>Val)
    41 |        [priority(40)]
DECL RULE reference-semantics/semantics/tuple.k:42
    42 |   rule <k> #bindTgt(TupleExpr(TS:Exprs), tuple(VS:ValSeq)) => #unpackSeq(TS, VS) ... </k>
DECL RULE reference-semantics/semantics/tuple.k:43
    43 |   rule <k> #bindTgt(TupleExpr(TS:Exprs), list(VS:ValSeq))  => #unpackSeq(TS, VS) ... </k>
DECL RULE reference-semantics/semantics/tuple.k:44 ATTRS=['priority(40)']
    44 |   rule <k> #bindTgt(TupleExpr(TS:Exprs), ref(H:Int)) => #bindTgt(TupleExpr(TS), V) ... </k>
    45 |        <heap> ... H |-> V:Val ... </heap>
    46 |        [priority(40)]
DECL SYNTAX reference-semantics/semantics/tuple.k:49
    49 |   syntax KItem ::= #unpackSeq(Exprs, ValSeq)
DECL RULE reference-semantics/semantics/tuple.k:50
    50 |   rule <k> Assign(TupleExpr(TS:Exprs), tuple(VS:ValSeq)) => #unpackSeq(TS, VS) ... </k>
DECL RULE reference-semantics/semantics/tuple.k:51
    51 |   rule <k> Assign(TupleExpr(TS:Exprs), list(VS:ValSeq))  => #unpackSeq(TS, VS) ... </k>
DECL RULE reference-semantics/semantics/tuple.k:52 ATTRS=['priority(40)']
    52 |   rule <k> Assign(TupleExpr(TS:Exprs), ref(H:Int)) => Assign(TupleExpr(TS), V) ... </k>
    53 |        <heap> ... H |-> V:Val ... </heap>
    54 |        [priority(40)]
DECL RULE reference-semantics/semantics/tuple.k:55
    55 |   rule <k> #unpackSeq((T:Expr, TS:Exprs), vCons(V:Val, VS:ValSeq))
    56 |         => #bindTgt(T, V) ~> #unpackSeq(TS, VS) ... </k>
DECL RULE reference-semantics/semantics/tuple.k:57
    57 |   rule <k> #unpackSeq(.Exprs, .ValSeq) => .K ... </k>
====================================================================================================
FILE reference-semantics/semantics.k sha256=57e8f9f3178639bbb87f95e5cc596bbaa91a6463f965b1965911eff9a0269f97 lines=90
META reference-semantics/semantics.k:34: requires "semantics/syntax.k"
META reference-semantics/semantics.k:35: requires "semantics/core.k"
META reference-semantics/semantics.k:36: requires "semantics/iter.k"
META reference-semantics/semantics.k:37: requires "semantics/range.k"
META reference-semantics/semantics.k:38: requires "semantics/operators.k"
META reference-semantics/semantics.k:39: requires "semantics/int.k"
META reference-semantics/semantics.k:40: requires "semantics/bool.k"
META reference-semantics/semantics.k:41: requires "semantics/float.k"
META reference-semantics/semantics.k:42: requires "semantics/str.k"
META reference-semantics/semantics.k:43: requires "semantics/set.k"
META reference-semantics/semantics.k:44: requires "semantics/list.k"
META reference-semantics/semantics.k:45: requires "semantics/tuple.k"
META reference-semantics/semantics.k:46: requires "semantics/subscript.k"
META reference-semantics/semantics.k:47: requires "semantics/comprehension.k"
META reference-semantics/semantics.k:48: requires "semantics/methods.k"
META reference-semantics/semantics.k:49: requires "semantics/controls.k"
META reference-semantics/semantics.k:50: requires "semantics/functions.k"
META reference-semantics/semantics.k:51: requires "semantics/builtins.k"
META reference-semantics/semantics.k:52: requires "semantics/call.k"
META reference-semantics/semantics.k:53: requires "semantics/sort.k"
META reference-semantics/semantics.k:54: requires "semantics/assert.k"
META reference-semantics/semantics.k:55: requires "semantics/dict.k"
META reference-semantics/semantics.k:56: requires "semantics/concrete.k"
META reference-semantics/semantics.k:58: module MPY
META reference-semantics/semantics.k:59: imports MPY-CORE
META reference-semantics/semantics.k:60: imports MPY-ITER
META reference-semantics/semantics.k:61: imports MPY-RANGE
META reference-semantics/semantics.k:62: imports MPY-OPERATORS
META reference-semantics/semantics.k:63: imports MPY-INT
META reference-semantics/semantics.k:64: imports MPY-BOOL
META reference-semantics/semantics.k:65: imports MPY-FLOAT
META reference-semantics/semantics.k:66: imports MPY-STR
META reference-semantics/semantics.k:67: imports MPY-SET
META reference-semantics/semantics.k:68: imports MPY-LIST
META reference-semantics/semantics.k:69: imports MPY-TUPLE
META reference-semantics/semantics.k:70: imports MPY-SUBSCRIPT
META reference-semantics/semantics.k:71: imports MPY-COMPREHENSION
META reference-semantics/semantics.k:72: imports MPY-METHODS
META reference-semantics/semantics.k:73: imports MPY-CONTROLS
META reference-semantics/semantics.k:74: imports MPY-FUNCTIONS
META reference-semantics/semantics.k:75: imports MPY-BUILTINS
META reference-semantics/semantics.k:76: imports MPY-CALL
META reference-semantics/semantics.k:77: imports MPY-SORT
META reference-semantics/semantics.k:78: imports MPY-ASSERT
META reference-semantics/semantics.k:79: imports MPY-DICT
META reference-semantics/semantics.k:80: endmodule
META reference-semantics/semantics.k:87: module MPY-KRUN
META reference-semantics/semantics.k:88: imports MPY
META reference-semantics/semantics.k:89: imports MPY-CONCRETE
META reference-semantics/semantics.k:90: endmodule
====================================================================================================
FILE verification.k sha256=e58b61316232a7c3d742a11d9fc48b3438b213edadaeeefd8b62bd714d9d8398 lines=103
META verification.k:1: requires "reference-semantics/semantics.k"
META verification.k:3: module VERIFICATION
META verification.k:4: imports MPY
META verification.k:62: endmodule
META verification.k:66: module VERIFICATION-WITH-LOOP
META verification.k:67: imports VERIFICATION
META verification.k:103: endmodule
DECL SYNTAX verification.k:7 ATTRS=['function', 'total']
     7 |   syntax Int ::= decodeChar(Int) [function, total]
DECL RULE verification.k:8
     8 |   rule decodeChar(C:Int) => pyMod(C -Int 5 -Int 97, 26) +Int 97
DECL SYNTAX verification.k:11 ATTRS=['function', 'total', 'function', 'total']
    11 |   syntax IntSeq ::= decodeAcc(IntSeq, IntSeq) [function, total]
    12 |                   | decodeCodes(IntSeq) [function, total]
DECL RULE verification.k:13
    13 |   rule decodeAcc(ACC:IntSeq, .IntSeq) => ACC
DECL RULE verification.k:14
    14 |   rule decodeAcc(ACC:IntSeq, iCons(C:Int, CS:IntSeq))
    15 |     => decodeAcc(seqConcat(ACC, iCons(decodeChar(C), .IntSeq)), CS)
DECL RULE verification.k:16
    16 |   rule decodeCodes(CS:IntSeq) => decodeAcc(.IntSeq, CS)
DECL SYNTAX verification.k:18 ATTRS=['function', 'total']
    18 |   syntax Val ::= loopLast(Val, IntSeq) [function, total]
DECL RULE verification.k:19
    19 |   rule loopLast(V:Val, .IntSeq) => V
DECL RULE verification.k:20
    20 |   rule loopLast(_:Val, iCons(C:Int, CS:IntSeq))
    21 |     => loopLast(str(iCons(C, .IntSeq)), CS)
DECL SYNTAX verification.k:23 ATTRS=['function', 'total']
    23 |   syntax Int ::= encodeChar(Int) [function, total]
DECL RULE verification.k:24
    24 |   rule encodeChar(C:Int) => pyMod(C +Int 5 -Int 97, 26) +Int 97
DECL SYNTAX verification.k:26 ATTRS=['function', 'total']
    26 |   syntax Bool ::= lowerCodes(IntSeq) [function, total]
DECL RULE verification.k:27
    27 |   rule lowerCodes(.IntSeq) => true
DECL RULE verification.k:28
    28 |   rule lowerCodes(iCons(C:Int, CS:IntSeq))
    29 |     => (97 <=Int C andBool C <=Int 122) andBool lowerCodes(CS)
DECL SYNTAX verification.k:32 ATTRS=['macro']
    32 |   syntax Stmt ::= "decodeStep" [macro]
DECL RULE verification.k:33
    33 |   rule decodeStep
    34 |     => AugAssign(
    35 |          Name("result"),
    36 |          "+",
    37 |          Call(
    38 |            Name("chr"),
    39 |            BinOp(
    40 |              "+",
    41 |              BinOp(
    42 |                "%",
    43 |                BinOp(
    44 |                  "-",
    45 |                  BinOp("-", Call(Name("ord"), Name("ch")), Int(5)),
    46 |                  Call(Name("ord"), Str("a"))),
    47 |                Int(26)),
    48 |              Call(Name("ord"), Str("a")))))
DECL SYNTAX verification.k:50 ATTRS=['macro']
    50 |   syntax Stmts ::= "decodeBody" [macro]
DECL RULE verification.k:51
    51 |   rule decodeBody
    52 |     => Expr(Str(
    53 |          "\n    takes as input string encoded with encode_shift function. Returns decoded string.\n    "))
    54 |        Assign(Name("result"), Str(""))
    55 |        Assign(Name("ch"), Str(""))
    56 |        For(Name("ch"), Name("s"), decodeStep)
    57 |        Return(Name("result"))
DECL SYNTAX verification.k:59 ATTRS=['macro']
    59 |   syntax Val ::= "decodeClosure" [macro]
DECL RULE verification.k:60
    60 |   rule decodeClosure
    61 |     => closureVal(("s", .ParamNames), decodeBody, 0)
DECL RULE verification.k:69 ATTRS=['priority(40)']
    69 |   rule [decode-loop-lemma]:
    70 |     <k>
    71 |       #loop(str(CS:IntSeq), Name("ch"), decodeStep)
    72 |       ~> KONT:K
    73 |     =>
    74 |       KONT
    75 |     </k>
    76 |     <env> 1 </env>
    77 |     <scopes>
    78 |       1 |-> scope(
    79 |         "s" |-> str(ORIGINAL:IntSeq)
    80 |         "result" |-> str(ACC:IntSeq)
    81 |         "ch" |-> CH:Val,
    82 |         parent(0))
    83 |       0 |-> scope("decode_shift" |-> decodeClosure, parent(-1))
    84 |       -1 |-> BUILTINS:Scope
    85 |     =>
    86 |       1 |-> scope(
    87 |         "s" |-> str(ORIGINAL)
    88 |         "result" |-> str(decodeAcc(ACC, CS))
    89 |         "ch" |-> loopLast(CH, CS),
    90 |         parent(0))
    91 |       0 |-> scope("decode_shift" |-> decodeClosure, parent(-1))
    92 |       -1 |-> BUILTINS
    93 |     </scopes>
    94 |     <scopeLoc> 2 </scopeLoc>
    95 |     <heap> .Map </heap>
    96 |     <heapLoc> 0 </heapLoc>
    97 |     <stack> ListItem(frame(.K, 0, 1)) </stack>
    98 |     <ret> noRet </ret>
    99 |     <exc> NoExc </exc>
   100 |     <exit-code> 0 </exit-code>
   101 |     requires lowerCodes(CS)
   102 |     [priority(40)]
====================================================================================================
FILE spec.k sha256=1165ef0c4d6dfb27879b8ca78218d35e28680b199d5c51e86c53afa35e358c2c lines=76
META spec.k:1: requires "verification.k"
META spec.k:3: module SPEC
META spec.k:4: imports VERIFICATION
META spec.k:76: endmodule
DECL CLAIM spec.k:8
     8 |   claim [decode-loop]:
     9 |     <k>
    10 |       #loop(str(CS:IntSeq), Name("ch"), decodeStep)
    11 |       ~> KONT:K
    12 |     =>
    13 |       KONT
    14 |     </k>
    15 |     <env> 1 </env>
    16 |     <scopes>
    17 |       1 |-> scope(
    18 |         "s" |-> str(ORIGINAL:IntSeq)
    19 |         "result" |-> str(ACC:IntSeq)
    20 |         "ch" |-> CH:Val,
    21 |         parent(0))
    22 |       0 |-> scope("decode_shift" |-> decodeClosure, parent(-1))
    23 |       -1 |-> builtinsScope
    24 |     =>
    25 |       1 |-> scope(
    26 |         "s" |-> str(ORIGINAL)
    27 |         "result" |-> str(decodeAcc(ACC, CS))
    28 |         "ch" |-> loopLast(CH, CS),
    29 |         parent(0))
    30 |       0 |-> scope("decode_shift" |-> decodeClosure, parent(-1))
    31 |       -1 |-> builtinsScope
    32 |     </scopes>
    33 |     <scopeLoc> 2 </scopeLoc>
    34 |     <heap> .Map </heap>
    35 |     <heapLoc> 0 </heapLoc>
    36 |     <stack> ListItem(frame(.K, 0, 1)) </stack>
    37 |     <ret> noRet </ret>
    38 |     <exc> NoExc </exc>
    39 |     <exit-code> 0 </exit-code>
    40 |     requires lowerCodes(CS)
DECL CLAIM spec.k:44
    44 |   claim [decode-shift]:
    45 |     <k> Call(Name("decode_shift"), str(CS:IntSeq)) => str(decodeCodes(CS)) </k>
    46 |     <env> 0 </env>
    47 |     <scopes>
    48 |       0 |-> scope("decode_shift" |-> decodeClosure, parent(-1))
    49 |       -1 |-> builtinsScope
    50 |     </scopes>
    51 |     <scopeLoc> 1 </scopeLoc>
    52 |     <heap> .Map </heap>
    53 |     <heapLoc> 0 </heapLoc>
    54 |     <stack> .List </stack>
    55 |     <ret> noRet </ret>
    56 |     <exc> NoExc </exc>
    57 |     <exit-code> 0 </exit-code>
    58 |     requires lowerCodes(CS)
DECL CLAIM spec.k:61
    61 |   claim [char-inverse]:
    62 |     <k> decodeChar(encodeChar(C:Int)) => C </k>
    63 |     <env> 0 </env>
    64 |     <scopes>
    65 |       0 |-> scope(.Map, parent(-1))
    66 |       -1 |-> builtinsScope
    67 |     </scopes>
    68 |     <scopeLoc> 1 </scopeLoc>
    69 |     <heap> .Map </heap>
    70 |     <heapLoc> 0 </heapLoc>
    71 |     <stack> .List </stack>
    72 |     <ret> noRet </ret>
    73 |     <exc> NoExc </exc>
    74 |     <exit-code> 0 </exit-code>
    75 |     requires 97 <=Int C andBool C <=Int 122
====================================================================================================
TOTALS
claim=3
configuration=1
context=5
rule=708
syntax=235
ATTRIBUTES
concrete=35
function=161
macro=7
macro-rec=1
no-evaluators=22
owise=26
priority(39)=1
priority(40)=42
priority(45)=3
strict=3
strict(1)=3
strict(2)=3
strict(3)=1
symbol(absF)=1
symbol(addF)=1
symbol(ceilF)=1
symbol(decStrToF)=1
symbol(divF)=1
symbol(divFloatIntV)=1
symbol(divII)=1
symbol(eqF)=1
symbol(floatLt)=1
symbol(floatMod)=1
symbol(floorFI)=1
symbol(gtF)=1
symbol(intFloatDiv)=1
symbol(intToF)=1
symbol(md5hexCodes)=1
symbol(mulF)=1
symbol(powF)=1
symbol(roundF)=1
symbol(roundFN)=1
symbol(sortKeyVS)=1
symbol(sortVS)=1
symbol(sqrtF)=1
symbol(subF)=1
symbol(toF)=1
symbol(truncF)=1
total=121
EXIT_STATUS: 0
