$ bash -lc cd\ /tmp/audit-work/35-max-element\;\ printf\ \"ENTRY\ MODULES\ AND\ IMPORTS\\\\n\"\;\ nl\ -ba\ reference-semantics/semantics.k\;\ printf\ \"MAX\ AND\ ITER\ RULES\\\\n\"\;\ rg\ -n\ -C\ 8\ \"#maxAcc\|BuiltinMax\|max\\\"\|#iterNext\|#iterYield\|#iterDone\|intVals\|vCons\|iCons\"\ reference-semantics/semantics\ verification.k\ spec.k
ENTRY MODULES AND IMPORTS
     1	// reference/src/semantics.k — the supplied `.mpy` semantics, ASSEMBLED.
     2	//
     3	//   kompile reference-semantics/semantics.k --backend llvm \
     4	//     --main-module MPY-KRUN --syntax-module MPY-SYNTAX \
     5	//     --output-definition runtime-kompiled
     6	//
     7	// Concrete-only legs are included through MPY-KRUN. Proof definitions import
     8	// MPY and any explicit proof extensions supplied by the task author.
     9	//
    10	// Files (dependency order — everything imports MPY-CORE):
    11	//   semantics/syntax.k         MPY-SYNTAX       AST productions
    12	//   semantics/core.k           MPY-CORE         values, config, load, lookup, shared helpers   [required]
    13	//   semantics/iter.k           MPY-ITER         the iterator protocol (#iterNext/#iterYield/#iterDone) decl
    14	//   semantics/range.k          MPY-RANGE        rangeObj: inRange / rangeLen / its #iterNext
    15	//   semantics/operators.k      MPY-OPERATORS    operator DISPATCH (UnaryOp/BinOp/Compare/BoolOp) — domain files own the cases
    16	//   semantics/int.k            MPY-INT          Int operator cases; floored // and % (pyMod)
    17	//   semantics/bool.k           MPY-BOOL         Bool operator cases + truthy not/and/or (BoolOp)
    18	//   semantics/float.k          MPY-FLOAT        Float Val: literal + opaque float ops ([concrete] for krun)
    19	//   semantics/str.k            MPY-STR          str(IntSeq): literal, +, ==, in
    20	//   semantics/set.k            MPY-SET          set(str): distinct char codes (len / membership)
    21	//   semantics/list.k           MPY-LIST         ListExpr, list(ValSeq): +, ==, in
    22	//   semantics/tuple.k          MPY-TUPLE        TupleExpr, tuple ==, target-binding + unpacking
    23	//   semantics/subscript.k      MPY-SUBSCRIPT    Subscript indexing + Slice
    24	//   semantics/comprehension.k  MPY-COMPREHENSION  list comprehensions [ELT for T in ITER if COND]
    25	//   semantics/methods.k        MPY-METHODS      pure str methods: is*/lower/upper/swapcase/startswith
    26	//   semantics/controls.k       MPY-CONTROLS     Assign/AugAssign, If, IfExp, For, While, break/continue
    27	//   semantics/functions.k      MPY-FUNCTIONS    def / call / return (frame stack)
    28	//   semantics/builtins.k       MPY-BUILTINS     builtins as calls: len/sum/abs/min/max/ord/chr/str
    29	//   semantics/call.k           MPY-CALL         ALL Call routing + argument evaluation
    30	//   semantics/sort.k           MPY-SORT         trusted sorted(): opaque sortVS + concrete insertion sort
    31	//   semantics/assert.k         MPY-ASSERT       Assert oracle (smoke programs only)
    32	//   semantics/dict.k           MPY-DICT         order-preserving dictV(KS,VS) + .keys() + list()
    33	
    34	requires "semantics/syntax.k"
    35	requires "semantics/core.k"
    36	requires "semantics/iter.k"
    37	requires "semantics/range.k"
    38	requires "semantics/operators.k"
    39	requires "semantics/int.k"
    40	requires "semantics/bool.k"
    41	requires "semantics/float.k"
    42	requires "semantics/str.k"
    43	requires "semantics/set.k"
    44	requires "semantics/list.k"
    45	requires "semantics/tuple.k"
    46	requires "semantics/subscript.k"
    47	requires "semantics/comprehension.k"
    48	requires "semantics/methods.k"
    49	requires "semantics/controls.k"
    50	requires "semantics/functions.k"
    51	requires "semantics/builtins.k"
    52	requires "semantics/call.k"
    53	requires "semantics/sort.k"
    54	requires "semantics/assert.k"
    55	requires "semantics/dict.k"
    56	requires "semantics/concrete.k"
    57	
    58	module MPY
    59	  imports MPY-CORE
    60	  imports MPY-ITER
    61	  imports MPY-RANGE
    62	  imports MPY-OPERATORS
    63	  imports MPY-INT
    64	  imports MPY-BOOL
    65	  imports MPY-FLOAT
    66	  imports MPY-STR
    67	  imports MPY-SET
    68	  imports MPY-LIST
    69	  imports MPY-TUPLE
    70	  imports MPY-SUBSCRIPT
    71	  imports MPY-COMPREHENSION
    72	  imports MPY-METHODS
    73	  imports MPY-CONTROLS
    74	  imports MPY-FUNCTIONS
    75	  imports MPY-BUILTINS
    76	  imports MPY-CALL
    77	  imports MPY-SORT
    78	  imports MPY-ASSERT
    79	  imports MPY-DICT
    80	endmodule
    81	
    82	// The krun (llvm) main module: MPY plus the concrete-only legs (keyed sort's
    83	// real key calls, deep list equality). Verification builds import MPY and
    84	// never see MPY-CONCRETE. The llvm kompile MUST use --main-module MPY-KRUN —
    85	// with plain MPY the concrete legs are silently absent (this was live for a
    86	// while: sorted-key stuck and comprehension asserted wrong under krun).
    87	module MPY-KRUN
    88	  imports MPY
    89	  imports MPY-CONCRETE
    90	endmodule
MAX AND ITER RULES
spec.k-1-requires "verification.k"
spec.k-2-
spec.k-3-module MAX-ELEMENT-SPEC
spec.k-4-  imports MAX-ELEMENT-VERIFICATION
spec.k-5-
spec.k-6-  // Inductive fold lemma for the reference semantics' max accumulator.
spec.k-7-  claim
spec.k:8:    <k> #maxAcc(list(intVals(REST:IntSeq)), ACC:Int) ~> CONT:K
spec.k-9-      => maxOf(ACC, REST) ~> CONT </k>
spec.k-10-
spec.k-11-  // Universal contract: for every non-empty finite sequence of integers, the
spec.k-12-  // translated max_element program returns its mathematical maximum.
spec.k-13-  claim
spec.k-14-    <k> #loadAll(maxElementProgram)
spec.k-15-         ~> Call(Name("max_element"),
spec.k:16:                 (list(vCons(FIRST:Int, intVals(REST:IntSeq))), .Exprs))
spec.k-17-      => maxOf(FIRST, REST) </k>
spec.k-18-    <env> 0 </env>
spec.k-19-    <scopes> (0 |-> scope(.Map, parent(-1))
spec.k-20-              -1 |-> builtinsScope)
spec.k-21-          => ?FINALSCOPES:Map </scopes>
spec.k-22-    <scopeLoc> 1 </scopeLoc>
spec.k-23-    <heap> .Map </heap>
spec.k-24-    <heapLoc> 0 </heapLoc>
spec.k-25-    <stack> .List </stack>
spec.k-26-    <ret> noRet </ret>
spec.k-27-    <exc> NoExc </exc>
spec.k-28-
spec.k-29-  // Prompt examples, retained as independently closed regression claims.
spec.k-30-  claim
spec.k-31-    <k> #loadAll(maxElementProgram)
spec.k-32-         ~> Call(Name("max_element"),
spec.k:33:                 (list(vCons(1, vCons(2, vCons(3, .ValSeq)))), .Exprs))
spec.k-34-      => 3 </k>
spec.k-35-    <env> 0 </env>
spec.k-36-    <scopes> (0 |-> scope(.Map, parent(-1))
spec.k-37-              -1 |-> builtinsScope)
spec.k-38-          => ?FINALSCOPES:Map </scopes>
spec.k-39-    <scopeLoc> 1 </scopeLoc>
spec.k-40-    <heap> .Map </heap>
spec.k-41-    <heapLoc> 0 </heapLoc>
spec.k-42-    <stack> .List </stack>
spec.k-43-    <ret> noRet </ret>
spec.k-44-    <exc> NoExc </exc>
spec.k-45-
spec.k-46-  claim
spec.k-47-    <k> #loadAll(maxElementProgram)
spec.k-48-         ~> Call(Name("max_element"),
spec.k:49:                 (list(vCons(5,
spec.k:50:                       vCons(3,
spec.k:51:                       vCons(0 -Int 5,
spec.k:52:                       vCons(2,
spec.k:53:                       vCons(0 -Int 3,
spec.k:54:                       vCons(3,
spec.k:55:                       vCons(9,
spec.k:56:                       vCons(0,
spec.k:57:                       vCons(123,
spec.k:58:                       vCons(1,
spec.k:59:                       vCons(0 -Int 10, .ValSeq)))))))))))),
spec.k-60-                  .Exprs))
spec.k-61-      => 123 </k>
spec.k-62-    <env> 0 </env>
spec.k-63-    <scopes> (0 |-> scope(.Map, parent(-1))
spec.k-64-              -1 |-> builtinsScope)
spec.k-65-          => ?FINALSCOPES:Map </scopes>
spec.k-66-    <scopeLoc> 1 </scopeLoc>
spec.k-67-    <heap> .Map </heap>
--
verification.k-4-  imports MPY
verification.k-5-
verification.k-6-  // The exact translated program, named so that the claims have one source of
verification.k-7-  // truth for the implementation they execute.
verification.k-8-  syntax Module ::= "maxElementProgram" [function, total]
verification.k-9-  rule maxElementProgram
verification.k-10-    => Module(
verification.k-11-         FuncDef("max_element", Params("l"),
verification.k:12:           Return(Call(Name("max"), Name("l")))))
verification.k-13-
verification.k-14-  // A proof-side encoding of an arbitrary finite integer sequence, used as the
verification.k-15-  // tail of a Python list, plus its mathematical left-fold maximum.
verification.k:16:  syntax ValSeq ::= intVals(IntSeq)
verification.k-17-
verification.k-18-  syntax Int ::= maxOf(Int, IntSeq) [function, total]
verification.k-19-  rule maxOf(M:Int, .IntSeq)                => M
verification.k:20:  rule maxOf(M:Int, iCons(I:Int, R:IntSeq)) => maxOf(maxInt(M, I), R)
verification.k-21-
verification.k:22:  // These equations give intVals exactly the observable iteration behavior of
verification.k:23:  // the corresponding vCons chain.  Their form lets symbolic narrowing happen
verification.k-24-  // on IntSeq rather than on the untyped ValSeq.
verification.k:25:  rule <k> #iterNext(list(intVals(.IntSeq)))
verification.k:26:        => #iterDone ... </k>
verification.k-27-       [priority(40)]
verification.k:28:  rule <k> #iterNext(list(intVals(iCons(I:Int, R:IntSeq))))
verification.k:29:        => #iterYield(I, list(intVals(R))) ... </k>
verification.k-30-       [priority(40)]
verification.k-31-endmodule
--
reference-semantics/semantics/subscript.k-1-// reference/src/semantics/subscript.k — MPY-SUBSCRIPT
reference-semantics/semantics/subscript.k-2-
reference-semantics/semantics/subscript.k-3-module MPY-SUBSCRIPT
reference-semantics/semantics/subscript.k-4-  imports MPY-CORE
reference-semantics/semantics/subscript.k-5-
reference-semantics/semantics/subscript.k-6-  // ==== positional access + negative-index normalization (used only here) ===
reference-semantics/semantics/subscript.k:7:  // valSeqAt is [total]: in-bounds vCons access reduces as usual; on an OPAQUE sequence (e.g.
reference-semantics/semantics/subscript.k-8-  // a trusted sort's sortVS(VS)) or OOB it stays an abstract total value — so indexing the
reference-semantics/semantics/subscript.k-9-  // opaque sorted list is DEFINED (no undischarged #Ceil), matching the old semantics' total
reference-semantics/semantics/subscript.k-10-  // atK. K trusts the [total] annotation; valid programs index in-bounds.
reference-semantics/semantics/subscript.k-11-  syntax Val ::= valSeqAt(ValSeq, Int) [function, total]
reference-semantics/semantics/subscript.k:12:  rule valSeqAt(vCons(V:Val, _:ValSeq), 0)     => V
reference-semantics/semantics/subscript.k:13:  rule valSeqAt(vCons(_:Val, S:ValSeq), I:Int) => valSeqAt(S, I -Int 1)
reference-semantics/semantics/subscript.k-14-       requires I >Int 0
reference-semantics/semantics/subscript.k-15-
reference-semantics/semantics/subscript.k-16-  syntax Int ::= intSeqAt(IntSeq, Int) [function]
reference-semantics/semantics/subscript.k:17:  rule intSeqAt(iCons(C:Int, _:IntSeq), 0)     => C
reference-semantics/semantics/subscript.k:18:  rule intSeqAt(iCons(_:Int, S:IntSeq), I:Int) => intSeqAt(S, I -Int 1)
reference-semantics/semantics/subscript.k-19-       requires I >Int 0
reference-semantics/semantics/subscript.k-20-
reference-semantics/semantics/subscript.k-21-  syntax Int ::= normIdx(Int, Int) [function, total]
reference-semantics/semantics/subscript.k-22-  rule normIdx(I:Int, LEN:Int) => I +Int LEN requires I  <Int 0
reference-semantics/semantics/subscript.k-23-  rule normIdx(I:Int, _:Int)   => I          requires I >=Int 0
reference-semantics/semantics/subscript.k-24-
reference-semantics/semantics/subscript.k-25-  // ==== Subscript: indexing obj[i] (list / tuple / str) =====================
reference-semantics/semantics/subscript.k-26-  // contexts (not strict attrs): the Index slot's Slice alternative must never heat
--
reference-semantics/semantics/subscript.k-33-       [priority(40)]
reference-semantics/semantics/subscript.k-34-
reference-semantics/semantics/subscript.k-35-  rule <k> Subscript(OBJ:Val, I:Int) => applyIndex(OBJ, I) ... </k>
reference-semantics/semantics/subscript.k-36-
reference-semantics/semantics/subscript.k-37-  syntax Val ::= applyIndex(Val, Int) [function]
reference-semantics/semantics/subscript.k-38-  rule applyIndex(list(VS:ValSeq),  I:Int) => valSeqAt(VS, normIdx(I, vsLen(VS)))
reference-semantics/semantics/subscript.k-39-  rule applyIndex(tuple(VS:ValSeq), I:Int) => valSeqAt(VS, normIdx(I, vsLen(VS)))
reference-semantics/semantics/subscript.k-40-  rule applyIndex(str(IS:IntSeq),   I:Int)
reference-semantics/semantics/subscript.k:41:    => str(iCons(intSeqAt(IS, normIdx(I, isLen(IS))), .IntSeq))
reference-semantics/semantics/subscript.k-42-
reference-semantics/semantics/subscript.k-43-  // ==== Slice: obj[lo:hi:step] (list / str) — CPython slice.indices ==========
reference-semantics/semantics/subscript.k-44-  syntax KItem ::= #evalB(Bound) | "#toSome"
reference-semantics/semantics/subscript.k-45-                 | #slLo(Val, Bound, Bound)
reference-semantics/semantics/subscript.k-46-                 | #slHi(Val, OptInt, Bound)
reference-semantics/semantics/subscript.k-47-                 | #slStep(Val, OptInt, OptInt)
reference-semantics/semantics/subscript.k-48-
reference-semantics/semantics/subscript.k-49-  syntax OptInt ::= "noB" | someB(Int)
--
reference-semantics/semantics/subscript.k-103-  rule clampHi(I:Int, LEN:Int, _STEP:Int) => I
reference-semantics/semantics/subscript.k-104-       requires I  <Int LEN
reference-semantics/semantics/subscript.k-105-  rule clampHi(I:Int, LEN:Int, STEP:Int)  => #if STEP <Int 0 #then LEN -Int 1 #else LEN #fi
reference-semantics/semantics/subscript.k-106-       requires I >=Int LEN
reference-semantics/semantics/subscript.k-107-
reference-semantics/semantics/subscript.k-108-  // ==== build the strided sub-sequence (indices in range by construction) ====
reference-semantics/semantics/subscript.k-109-  syntax ValSeq ::= buildVS(ValSeq, Int, Int, Int) [function]
reference-semantics/semantics/subscript.k-110-  rule buildVS(VS:ValSeq, I:Int, STOP:Int, STEP:Int)
reference-semantics/semantics/subscript.k:111:    => vCons(valSeqAt(VS, I), buildVS(VS, I +Int STEP, STOP, STEP))
reference-semantics/semantics/subscript.k-112-       requires (STEP >Int 0 andBool I <Int STOP) orBool (STEP <Int 0 andBool I >Int STOP)
reference-semantics/semantics/subscript.k-113-  rule buildVS(_:ValSeq, I:Int, STOP:Int, STEP:Int) => .ValSeq
reference-semantics/semantics/subscript.k-114-       requires notBool ((STEP >Int 0 andBool I <Int STOP) orBool (STEP <Int 0 andBool I >Int STOP))
reference-semantics/semantics/subscript.k-115-
reference-semantics/semantics/subscript.k-116-  syntax IntSeq ::= buildIS(IntSeq, Int, Int, Int) [function]
reference-semantics/semantics/subscript.k-117-  rule buildIS(IS:IntSeq, I:Int, STOP:Int, STEP:Int)
reference-semantics/semantics/subscript.k:118:    => iCons(intSeqAt(IS, I), buildIS(IS, I +Int STEP, STOP, STEP))
reference-semantics/semantics/subscript.k-119-       requires (STEP >Int 0 andBool I <Int STOP) orBool (STEP <Int 0 andBool I >Int STOP)
reference-semantics/semantics/subscript.k-120-  rule buildIS(_:IntSeq, I:Int, STOP:Int, STEP:Int) => .IntSeq
reference-semantics/semantics/subscript.k-121-       requires notBool ((STEP >Int 0 andBool I <Int STOP) orBool (STEP <Int 0 andBool I >Int STOP))
reference-semantics/semantics/subscript.k-122-endmodule
--
reference-semantics/semantics/concrete.k-28-  rule <k> #applyK(toCall(builtinV("sorted")), (list(VS:ValSeq), kwV("key", KV:Val), .Vals))
reference-semantics/semantics/concrete.k-29-        => #ksort(VS, KV, .ValSeq, false) ... </k>
reference-semantics/semantics/concrete.k-30-       [priority(40)]
reference-semantics/semantics/concrete.k-31-  rule <k> #applyK(toCall(builtinV("sorted")), (list(VS:ValSeq), kwV("key", KV:Val), kwV("reverse", RB:Bool), .Vals))
reference-semantics/semantics/concrete.k-32-        => #ksort(VS, KV, .ValSeq, RB) ... </k>
reference-semantics/semantics/concrete.k-33-       [priority(40)]
reference-semantics/semantics/concrete.k-34-  rule <k> #ksort(.ValSeq, _:Val, ACC:ValSeq, RB:Bool)
reference-semantics/semantics/concrete.k-35-        => #alloc(list(condRev(unpairVS(ACC), RB))) ... </k>
reference-semantics/semantics/concrete.k:36:  rule <k> #ksort(vCons(V:Val, R:ValSeq), KV:Val, ACC:ValSeq, RB:Bool)
reference-semantics/semantics/concrete.k-37-        => KV ~> #callee((V, .Exprs)) ~> #ksIns(V, R, KV, ACC, RB) ... </k>
reference-semantics/semantics/concrete.k-38-  rule <k> K:Val ~> #ksIns(V:Val, R:ValSeq, KV:Val, ACC:ValSeq, RB:Bool)
reference-semantics/semantics/concrete.k-39-        => #ksort(R, KV, insPair(ACC, K, V), RB) ... </k>
reference-semantics/semantics/concrete.k-40-       requires notBool isKwV(K)
reference-semantics/semantics/concrete.k-41-
reference-semantics/semantics/concrete.k-42-  syntax ValSeq ::= insPair(ValSeq, Val, Val) [function]
reference-semantics/semantics/concrete.k:43:  rule insPair(.ValSeq, K:Val, V:Val) => vCons(kvP(K, V), .ValSeq)
reference-semantics/semantics/concrete.k:44:  rule insPair(vCons(kvP(K2:Val, V2:Val), R:ValSeq), K:Val, V:Val)
reference-semantics/semantics/concrete.k:45:    => vCons(kvP(K, V), vCons(kvP(K2, V2), R))
reference-semantics/semantics/concrete.k-46-       requires kLt(K, K2)
reference-semantics/semantics/concrete.k:47:  rule insPair(vCons(kvP(K2:Val, V2:Val), R:ValSeq), K:Val, V:Val)
reference-semantics/semantics/concrete.k:48:    => vCons(kvP(K2, V2), insPair(R, K, V))
reference-semantics/semantics/concrete.k-49-       requires notBool kLt(K, K2)
reference-semantics/semantics/concrete.k-50-
reference-semantics/semantics/concrete.k-51-  syntax Bool ::= kLt(Val, Val) [function]
reference-semantics/semantics/concrete.k-52-  rule kLt(I1:Int, I2:Int)             => I1 <Int I2
reference-semantics/semantics/concrete.k-53-  rule kLt(F1:Float, F2:Float)         => F1 <Float F2
reference-semantics/semantics/concrete.k-54-  rule kLt(str(A:IntSeq), str(B:IntSeq)) => strLt(A, B)
reference-semantics/semantics/concrete.k-55-
reference-semantics/semantics/concrete.k-56-  syntax ValSeq ::= unpairVS(ValSeq) [function, total]
reference-semantics/semantics/concrete.k-57-  rule unpairVS(.ValSeq) => .ValSeq
reference-semantics/semantics/concrete.k:58:  rule unpairVS(vCons(kvP(_:Val, V:Val), R:ValSeq)) => vCons(V, unpairVS(R))
reference-semantics/semantics/concrete.k:59:  rule unpairVS(vCons(V:Val, R:ValSeq)) => vCons(V, unpairVS(R)) [owise]
reference-semantics/semantics/concrete.k-60-endmodule
--
reference-semantics/semantics/core.k-5-  imports INT
reference-semantics/semantics/core.k-6-  imports BOOL
reference-semantics/semantics/core.k-7-  imports STRING
reference-semantics/semantics/core.k-8-  imports MAP
reference-semantics/semantics/core.k-9-  imports LIST
reference-semantics/semantics/core.k-10-  imports K-EQUAL
reference-semantics/semantics/core.k-11-
reference-semantics/semantics/core.k-12-  // ==== values, the algebraic lists, and the scope heap =====================
reference-semantics/semantics/core.k:13:  syntax IntSeq ::= ".IntSeq" | iCons(Int, IntSeq)
reference-semantics/semantics/core.k:14:  syntax ValSeq ::= ".ValSeq" | vCons(Val, ValSeq)
reference-semantics/semantics/core.k-15-  syntax Str    ::= str(IntSeq)
reference-semantics/semantics/core.k-16-
reference-semantics/semantics/core.k-17-  // the iterable values, grouped under one sort (typing only — dispatch is <k>-cell)
reference-semantics/semantics/core.k-18-  syntax Iterable ::= list(ValSeq)
reference-semantics/semantics/core.k-19-                    | tuple(ValSeq)
reference-semantics/semantics/core.k-20-                    | Str
reference-semantics/semantics/core.k-21-                    | rangeObj(Int, Int, Int)
reference-semantics/semantics/core.k-22-                    | zipObj(ValSeq, ValSeq)
--
reference-semantics/semantics/core.k-156-  // the ONE predefined builtins scope (the -1 frame; claims write `-1 |-> builtinsScope`)
reference-semantics/semantics/core.k-157-  syntax Scope ::= "builtinsScope" [function, total]
reference-semantics/semantics/core.k-158-  rule builtinsScope
reference-semantics/semantics/core.k-159-    => scope(.Map [ "len"    <- builtinV("len")    ]
reference-semantics/semantics/core.k-160-                  [ "set"    <- builtinV("set")    ]
reference-semantics/semantics/core.k-161-                  [ "sum"    <- builtinV("sum")    ]
reference-semantics/semantics/core.k-162-                  [ "abs"    <- builtinV("abs")    ]
reference-semantics/semantics/core.k-163-                  [ "min"    <- builtinV("min")    ]
reference-semantics/semantics/core.k:164:                  [ "max"    <- builtinV("max")    ]
reference-semantics/semantics/core.k-165-                  [ "ord"    <- builtinV("ord")    ]
reference-semantics/semantics/core.k-166-                  [ "chr"    <- builtinV("chr")    ]
reference-semantics/semantics/core.k-167-                  [ "range"  <- builtinV("range")  ]
reference-semantics/semantics/core.k-168-                  [ "all"    <- builtinV("all")    ]
reference-semantics/semantics/core.k-169-                  [ "any"    <- builtinV("any")    ]
reference-semantics/semantics/core.k-170-                  [ "zip"    <- builtinV("zip")    ]
reference-semantics/semantics/core.k-171-                  [ "isinstance" <- builtinV("isinstance") ]
reference-semantics/semantics/core.k-172-                  [ "sorted" <- builtinV("sorted") ]
--
reference-semantics/semantics/core.k-211-
reference-semantics/semantics/core.k-212-  // ==== shared list helpers =================================================
reference-semantics/semantics/core.k-213-  syntax Vals ::= appendVal(Vals, Val) [function, total]
reference-semantics/semantics/core.k-214-  rule appendVal(.Vals, V:Val)              => V , .Vals
reference-semantics/semantics/core.k-215-  rule appendVal((V0:Val, VS:Vals), V:Val)  => V0 , appendVal(VS, V)
reference-semantics/semantics/core.k-216-
reference-semantics/semantics/core.k-217-  syntax ValSeq ::= vals2valSeq(Vals) [function, total]
reference-semantics/semantics/core.k-218-  rule vals2valSeq(.Vals)            => .ValSeq
reference-semantics/semantics/core.k:219:  rule vals2valSeq((V:Val, VS:Vals)) => vCons(V, vals2valSeq(VS))
reference-semantics/semantics/core.k-220-
reference-semantics/semantics/core.k-221-  // ==== shared sequence length (len / summaries across many modules) ========
reference-semantics/semantics/core.k-222-  // (positional access valSeqAt/intSeqAt + normIdx live in subscript.k)
reference-semantics/semantics/core.k-223-  syntax Int ::= vsLen(ValSeq) [function, total]
reference-semantics/semantics/core.k-224-  rule vsLen(.ValSeq)                => 0
reference-semantics/semantics/core.k:225:  rule vsLen(vCons(_:Val, S:ValSeq)) => 1 +Int vsLen(S)
reference-semantics/semantics/core.k-226-
reference-semantics/semantics/core.k-227-  syntax Int ::= isLen(IntSeq) [function, total]
reference-semantics/semantics/core.k-228-  rule isLen(.IntSeq)                => 0
reference-semantics/semantics/core.k:229:  rule isLen(iCons(_:Int, S:IntSeq)) => 1 +Int isLen(S)
reference-semantics/semantics/core.k-230-
reference-semantics/semantics/core.k-231-  // in-bounds positional write (list subscript-assign); OOB leaves the seq unchanged
reference-semantics/semantics/core.k-232-  // (valid programs write in-bounds — mirrors valSeqAt's total-but-underspecified stance)
reference-semantics/semantics/core.k-233-  syntax ValSeq ::= setVSAt(ValSeq, Int, Val) [function, total]
reference-semantics/semantics/core.k-234-  rule setVSAt(.ValSeq, _:Int, _:Val)               => .ValSeq
reference-semantics/semantics/core.k:235:  rule setVSAt(vCons(_:Val, S:ValSeq), 0, V:Val)    => vCons(V, S)
reference-semantics/semantics/core.k:236:  rule setVSAt(vCons(W:Val, S:ValSeq), I:Int, V:Val) => vCons(W, setVSAt(S, I -Int 1, V))
reference-semantics/semantics/core.k-237-       requires I >Int 0
reference-semantics/semantics/core.k-238-  rule setVSAt(VS:ValSeq, I:Int, _:Val)             => VS
reference-semantics/semantics/core.k-239-       requires I <Int 0
reference-semantics/semantics/core.k-240-endmodule
--
reference-semantics/semantics/set.k-5-
reference-semantics/semantics/set.k-6-  // a set value, carried as its distinct codes in first-seen order (order is irrelevant
reference-semantics/semantics/set.k-7-  // to membership/cardinality — the two observations sets support here).
reference-semantics/semantics/set.k-8-  syntax Val ::= setV(IntSeq)
reference-semantics/semantics/set.k-9-
reference-semantics/semantics/set.k-10-  // membership of a code in the accumulated distinct-code sequence
reference-semantics/semantics/set.k-11-  syntax Bool ::= codeIn(Int, IntSeq) [function, total]
reference-semantics/semantics/set.k-12-  rule codeIn(_:Int, .IntSeq)                => false
reference-semantics/semantics/set.k:13:  rule codeIn(C:Int, iCons(H:Int, T:IntSeq)) => C ==Int H orBool codeIn(C, T)
reference-semantics/semantics/set.k-14-
reference-semantics/semantics/set.k-15-  // the distinct codes of CS (insert-if-absent fold, first-seen order)
reference-semantics/semantics/set.k-16-  syntax IntSeq ::= dedupCodes(IntSeq)         [function, total]
reference-semantics/semantics/set.k-17-                  | dedupFrom(IntSeq, IntSeq)  [function, total]
reference-semantics/semantics/set.k-18-  rule dedupCodes(CS:IntSeq) => dedupFrom(CS, .IntSeq)
reference-semantics/semantics/set.k-19-  rule dedupFrom(.IntSeq, ACC:IntSeq) => ACC
reference-semantics/semantics/set.k:20:  rule dedupFrom(iCons(C:Int, S:IntSeq), ACC:IntSeq) => dedupFrom(S, ACC)
reference-semantics/semantics/set.k-21-       requires codeIn(C, ACC)
reference-semantics/semantics/set.k:22:  rule dedupFrom(iCons(C:Int, S:IntSeq), ACC:IntSeq) => dedupFrom(S, snocCode(ACC, C))
reference-semantics/semantics/set.k-23-       requires notBool codeIn(C, ACC)
reference-semantics/semantics/set.k-24-
reference-semantics/semantics/set.k-25-  syntax IntSeq ::= snocCode(IntSeq, Int) [function, total]
reference-semantics/semantics/set.k:26:  rule snocCode(.IntSeq, C:Int)                => iCons(C, .IntSeq)
reference-semantics/semantics/set.k:27:  rule snocCode(iCons(H:Int, T:IntSeq), C:Int) => iCons(H, snocCode(T, C))
reference-semantics/semantics/set.k-28-
reference-semantics/semantics/set.k-29-  // ==== set equality: two sets are equal iff mutually subsuming ==============
reference-semantics/semantics/set.k-30-  // subsetCodes(A, B) — every code of A occurs in B (duplicates in A are harmless).
reference-semantics/semantics/set.k-31-  syntax Bool ::= subsetCodes(IntSeq, IntSeq) [function, total]
reference-semantics/semantics/set.k-32-  rule subsetCodes(.IntSeq, _:IntSeq)                => true
reference-semantics/semantics/set.k:33:  rule subsetCodes(iCons(C:Int, S:IntSeq), B:IntSeq) => codeIn(C, B) andBool subsetCodes(S, B)
reference-semantics/semantics/set.k-34-
reference-semantics/semantics/set.k-35-  syntax Bool ::= sameSet(IntSeq, IntSeq) [function, total]
reference-semantics/semantics/set.k-36-  rule sameSet(A:IntSeq, B:IntSeq) => subsetCodes(A, B) andBool subsetCodes(B, A)
reference-semantics/semantics/set.k-37-
reference-semantics/semantics/set.k-38-  // set == set  (the only comparison sets support here)
reference-semantics/semantics/set.k-39-  rule applyCmp("==", setV(A:IntSeq), setV(B:IntSeq)) => sameSet(A, B)
reference-semantics/semantics/set.k-40-endmodule
--
reference-semantics/semantics/sort.k-13-
reference-semantics/semantics/sort.k-14-  // sortVS(VS): the ascending sort of the Val list VS. Opaque for symbolic VS (no-evaluators);
reference-semantics/semantics/sort.k-15-  // concrete insertion sort for krun.
reference-semantics/semantics/sort.k-16-  // Concrete sort matches Int-sorted elements directly (an int Val IS an Int); projectIntTotal
reference-semantics/semantics/sort.k-17-  // (lemmas-only) is not available in the semantics. Int and str lists.
reference-semantics/semantics/sort.k-18-  syntax ValSeq ::= sortVS(ValSeq) [function, total, symbol(sortVS), no-evaluators]
reference-semantics/semantics/sort.k-19-  syntax ValSeq ::= insVS(Int, ValSeq) [function]
reference-semantics/semantics/sort.k-20-  rule sortVS(.ValSeq)                => .ValSeq          [concrete]
reference-semantics/semantics/sort.k:21:  rule sortVS(vCons(X:Int, R:ValSeq)) => insVS(X, sortVS(R)) [concrete]
reference-semantics/semantics/sort.k:22:  rule insVS(X:Int, .ValSeq)                => vCons(X, .ValSeq) [concrete]
reference-semantics/semantics/sort.k:23:  rule insVS(X:Int, vCons(Y:Int, R:ValSeq)) => vCons(X, vCons(Y, R)) requires X <=Int Y [concrete]
reference-semantics/semantics/sort.k:24:  rule insVS(X:Int, vCons(Y:Int, R:ValSeq)) => vCons(Y, insVS(X, R)) requires X  >Int Y [concrete]
reference-semantics/semantics/sort.k-25-  // str elements insert by the shared lexicographic strLt (methods.k)
reference-semantics/semantics/sort.k-26-  syntax ValSeq ::= insVSs(IntSeq, ValSeq) [function]
reference-semantics/semantics/sort.k:27:  rule sortVS(vCons(str(CS:IntSeq), R:ValSeq)) => insVSs(CS, sortVS(R)) [concrete]
reference-semantics/semantics/sort.k:28:  rule insVSs(A:IntSeq, .ValSeq) => vCons(str(A), .ValSeq) [concrete]
reference-semantics/semantics/sort.k:29:  rule insVSs(A:IntSeq, vCons(str(B:IntSeq), R:ValSeq)) => vCons(str(A), vCons(str(B), R))
reference-semantics/semantics/sort.k-30-       requires strLt(A, B) orBool A ==K B [concrete]
reference-semantics/semantics/sort.k:31:  rule insVSs(A:IntSeq, vCons(str(B:IntSeq), R:ValSeq)) => vCons(str(B), insVSs(A, R))
reference-semantics/semantics/sort.k-32-       requires notBool (strLt(A, B) orBool A ==K B) [concrete]
reference-semantics/semantics/sort.k-33-
reference-semantics/semantics/sort.k-34-  // sorted(list) constructs a NEW object: k-cell pre-dispatch (beats the [owise]
reference-semantics/semantics/sort.k-35-  // applyBuiltin routing in call.k) so the result allocates.
reference-semantics/semantics/sort.k-36-  rule <k> #applyK(toCall(builtinV("sorted")), (list(VS:ValSeq), .Vals))
reference-semantics/semantics/sort.k-37-        => #alloc(list(sortVS(VS))) ... </k>
reference-semantics/semantics/sort.k-38-
reference-semantics/semantics/sort.k-39-  // mutator: xs.sort() — the in-place heap write over the same trusted sortVS
--
reference-semantics/semantics/sort.k-47-  // leg (MPY-CONCRETE, llvm only) computes keys by REAL calls and stable-
reference-semantics/semantics/sort.k-48-  // inserts, at priority(40) over these.
reference-semantics/semantics/sort.k-49-  syntax ValSeq ::= sortKeyVS(ValSeq, Val) [function, total, symbol(sortKeyVS), no-evaluators]
reference-semantics/semantics/sort.k-50-
reference-semantics/semantics/sort.k-51-  syntax ValSeq ::= revVS(ValSeq) [function, total]
reference-semantics/semantics/sort.k-52-                  | revVSAcc(ValSeq, ValSeq) [function, total]
reference-semantics/semantics/sort.k-53-  rule revVS(S:ValSeq) => revVSAcc(S, .ValSeq)
reference-semantics/semantics/sort.k-54-  rule revVSAcc(.ValSeq, A:ValSeq) => A
reference-semantics/semantics/sort.k:55:  rule revVSAcc(vCons(V:Val, R:ValSeq), A:ValSeq) => revVSAcc(R, vCons(V, A))
reference-semantics/semantics/sort.k-56-
reference-semantics/semantics/sort.k-57-  syntax ValSeq ::= condRev(ValSeq, Bool) [function, total]
reference-semantics/semantics/sort.k-58-  rule condRev(S:ValSeq, false) => S
reference-semantics/semantics/sort.k-59-  rule condRev(S:ValSeq, true)  => revVS(S)
reference-semantics/semantics/sort.k-60-
reference-semantics/semantics/sort.k-61-  rule <k> #applyK(toCall(builtinV("sorted")), (list(VS:ValSeq), kwV("key", KV:Val), .Vals))
reference-semantics/semantics/sort.k-62-        => #alloc(list(sortKeyVS(VS, KV))) ... </k>
reference-semantics/semantics/sort.k-63-  rule <k> #applyK(toCall(builtinV("sorted")), (list(VS:ValSeq), kwV("key", KV:Val), kwV("reverse", RB:Bool), .Vals))
--
reference-semantics/semantics/dict.k-31-        => V ~> #dictVal(KV, REST, KS, VS) ... </k>
reference-semantics/semantics/dict.k-32-  rule <k> VV:Val ~> #dictVal(KV:Val, REST:Entries, KS:ValSeq, VS:ValSeq)
reference-semantics/semantics/dict.k-33-        => #dictAcc(REST, dPutK(KS, KV), dPutV(KS, VS, KV, VV)) ... </k>
reference-semantics/semantics/dict.k-34-
reference-semantics/semantics/dict.k-35-  // insert-with-dedup helpers (concrete Val key equality via ==K). [total] so buildFold over a dict is
reference-semantics/semantics/dict.k-36-  // total (its #Ceil is #Top) — needed when a symbolic proof carries a built dict as a config value.
reference-semantics/semantics/dict.k-37-  syntax Bool ::= dHasKey(ValSeq, Val) [function, total]
reference-semantics/semantics/dict.k-38-  rule dHasKey(.ValSeq, _:Val)                => false
reference-semantics/semantics/dict.k:39:  rule dHasKey(vCons(A:Val, _:ValSeq), K:Val) => true          requires A ==K K
reference-semantics/semantics/dict.k:40:  rule dHasKey(vCons(A:Val, R:ValSeq), K:Val) => dHasKey(R, K) requires notBool (A ==K K)
reference-semantics/semantics/dict.k-41-
reference-semantics/semantics/dict.k-42-  // dPutK: KS unchanged if K already present, else append K (keep-first-position).
reference-semantics/semantics/dict.k-43-  syntax ValSeq ::= dPutK(ValSeq, Val) [function, total]
reference-semantics/semantics/dict.k-44-  rule dPutK(KS:ValSeq, K:Val) => KS                                  requires dHasKey(KS, K)
reference-semantics/semantics/dict.k:45:  rule dPutK(KS:ValSeq, K:Val) => valSeqConcat(KS, vCons(K, .ValSeq)) requires notBool dHasKey(KS, K)
reference-semantics/semantics/dict.k-46-
reference-semantics/semantics/dict.k-47-  // dPutV: parallel to KS — set the value at K's position if present, else append V at the end. The
reference-semantics/semantics/dict.k-48-  // [owise] catch-all covers the degenerate mismatched-length case (never reached for a well-formed dict).
reference-semantics/semantics/dict.k-49-  syntax ValSeq ::= dPutV(ValSeq, ValSeq, Val, Val) [function, total]
reference-semantics/semantics/dict.k:50:  rule dPutV(vCons(A:Val, _:ValSeq), vCons(_:Val, VR:ValSeq), K:Val, V:Val)  => vCons(V, VR)
reference-semantics/semantics/dict.k-51-       requires A ==K K
reference-semantics/semantics/dict.k:52:  rule dPutV(vCons(A:Val, KR:ValSeq), vCons(B:Val, VR:ValSeq), K:Val, V:Val) => vCons(B, dPutV(KR, VR, K, V))
reference-semantics/semantics/dict.k-53-       requires notBool (A ==K K)
reference-semantics/semantics/dict.k:54:  rule dPutV(_KS:ValSeq, VS:ValSeq, _K:Val, V:Val) => valSeqConcat(VS, vCons(V, .ValSeq)) [owise]
reference-semantics/semantics/dict.k-55-
reference-semantics/semantics/dict.k-56-  // ==== dict methods ========================================================
reference-semantics/semantics/dict.k-57-  // d.keys() -> a FRESH list object of the ordered keys (k-cell: it allocates).
reference-semantics/semantics/dict.k-58-  rule <k> #applyK(toCall(boundMethodV(dictV(KS:ValSeq, _:ValSeq), "keys")), .Vals)
reference-semantics/semantics/dict.k-59-        => #alloc(list(KS)) ... </k>
reference-semantics/semantics/dict.k-60-       [priority(40)]
reference-semantics/semantics/dict.k-61-
reference-semantics/semantics/dict.k-62-  // ==== dict subscript READ: d[k] (assoc lookup; KeyError is out of subset) ==
--
reference-semantics/semantics/dict.k-91-  rule normIdxD(I:Int, LEN:Int) => I +Int LEN requires I  <Int 0
reference-semantics/semantics/dict.k-92-  rule normIdxD(I:Int, _:Int)   => I          requires I >=Int 0
reference-semantics/semantics/dict.k-93-
reference-semantics/semantics/dict.k-94-  // ==== dict == (order-insensitive: same size + same key->value pairs) =======
reference-semantics/semantics/dict.k-95-  rule applyCmp("==", dictV(KS1:ValSeq, VS1:ValSeq), dictV(KS2:ValSeq, VS2:ValSeq))
reference-semantics/semantics/dict.k-96-    => (vsLen(KS1) ==Int vsLen(KS2)) andBool dSubset(KS1, VS1, KS2, VS2)
reference-semantics/semantics/dict.k-97-  syntax Bool ::= dSubset(ValSeq, ValSeq, ValSeq, ValSeq) [function]
reference-semantics/semantics/dict.k-98-  rule dSubset(.ValSeq, .ValSeq, _:ValSeq, _:ValSeq) => true
reference-semantics/semantics/dict.k:99:  rule dSubset(vCons(K:Val, KR:ValSeq), vCons(V:Val, VR:ValSeq), KS2:ValSeq, VS2:ValSeq)
reference-semantics/semantics/dict.k-100-    => dHasKey(KS2, K) andBool (dGet(KS2, VS2, K) ==K V) andBool dSubset(KR, VR, KS2, VS2)
reference-semantics/semantics/dict.k-101-  syntax Val ::= dGet(ValSeq, ValSeq, Val) [function]
reference-semantics/semantics/dict.k:102:  rule dGet(vCons(A:Val, _:ValSeq), vCons(B:Val, _:ValSeq), K:Val) => B                requires A ==K K
reference-semantics/semantics/dict.k:103:  rule dGet(vCons(A:Val, KR:ValSeq), vCons(_:Val, VR:ValSeq), K:Val) => dGet(KR, VR, K) requires notBool (A ==K K)
reference-semantics/semantics/dict.k-104-endmodule
--
reference-semantics/semantics/list.k-1-// reference/src/semantics/list.k — MPY-LIST
reference-semantics/semantics/list.k-2-
reference-semantics/semantics/list.k-3-module MPY-LIST
reference-semantics/semantics/list.k-4-  imports MPY-CORE
reference-semantics/semantics/list.k-5-  imports MPY-ITER
reference-semantics/semantics/list.k-6-  imports MPY-OPERATORS
reference-semantics/semantics/list.k-7-
reference-semantics/semantics/list.k-8-  // ==== iteration (the iterator protocol's list case) =======================
reference-semantics/semantics/list.k:9:  rule <k> #iterNext(list(.ValSeq))                => #iterDone ... </k>
reference-semantics/semantics/list.k:10:  rule <k> #iterNext(list(vCons(V:Val, R:ValSeq))) => #iterYield(V, list(R)) ... </k>
reference-semantics/semantics/list.k-11-
reference-semantics/semantics/list.k-12-  // ==== ListExpr: [...] literal -> a fresh heap object =======================
reference-semantics/semantics/list.k-13-  syntax ApplyK ::= "toList"
reference-semantics/semantics/list.k-14-  rule <k> ListExpr(ES:Exprs) => #evalArgs(ES, .Vals, toList) ... </k>
reference-semantics/semantics/list.k-15-  rule <k> #applyK(toList, ACC:Vals) => #alloc(list(vals2valSeq(ACC))) ... </k>
reference-semantics/semantics/list.k-16-
reference-semantics/semantics/list.k-17-  // ==== list ops: + / == / != ===============================================
reference-semantics/semantics/list.k-18-  syntax ValSeq ::= valSeqConcat(ValSeq, ValSeq) [function, total]
reference-semantics/semantics/list.k-19-  rule valSeqConcat(.ValSeq, T:ValSeq)                => T
reference-semantics/semantics/list.k:20:  rule valSeqConcat(vCons(V:Val, S:ValSeq), T:ValSeq) => vCons(V, valSeqConcat(S, T))
reference-semantics/semantics/list.k-21-
reference-semantics/semantics/list.k-22-  // list + list constructs a NEW object (k-cell — it allocates; operands land here
reference-semantics/semantics/list.k-23-  // already deref'd). priority(45) beats the generic BinOp dispatch.
reference-semantics/semantics/list.k-24-  rule <k> BinOp("+", list(A:ValSeq), list(B:ValSeq)) => #alloc(list(valSeqConcat(A, B))) ... </k>
reference-semantics/semantics/list.k-25-       [priority(45)]
reference-semantics/semantics/list.k-26-
reference-semantics/semantics/list.k-27-  rule applyCmp("==", list(A:ValSeq), list(B:ValSeq)) => A ==K B
reference-semantics/semantics/list.k-28-  rule applyCmp("!=", list(A:ValSeq), list(B:ValSeq)) => notBool (A ==K B)
reference-semantics/semantics/list.k-29-
reference-semantics/semantics/list.k-30-  // ==== deep equality when elements are heap objects (list-of-lists) ========
reference-semantics/semantics/list.k-31-  // Python == is structural at every depth. Fires ONLY when a ref is present
reference-semantics/semantics/list.k-32-  // (the guard decides on concrete seqs); the plain ==K path above is unchanged.
reference-semantics/semantics/list.k-33-  syntax Bool ::= hasRefVS(ValSeq) [function, total]
reference-semantics/semantics/list.k-34-  rule hasRefVS(.ValSeq)                => false
reference-semantics/semantics/list.k:35:  rule hasRefVS(vCons(V:Val, R:ValSeq)) => isRefV(V) orBool hasRefVS(R)
reference-semantics/semantics/list.k-36-
reference-semantics/semantics/list.k-37-  syntax Bool ::= deepEqVS(ValSeq, ValSeq, Map) [function]
reference-semantics/semantics/list.k-38-                | deepEqV(Val, Val, Map)        [function]
reference-semantics/semantics/list.k-39-  rule deepEqVS(.ValSeq, .ValSeq, _:Map)                   => true
reference-semantics/semantics/list.k:40:  rule deepEqVS(.ValSeq, vCons(_:Val, _:ValSeq), _:Map)    => false
reference-semantics/semantics/list.k:41:  rule deepEqVS(vCons(_:Val, _:ValSeq), .ValSeq, _:Map)    => false
reference-semantics/semantics/list.k:42:  rule deepEqVS(vCons(A:Val, As:ValSeq), vCons(B:Val, Bs:ValSeq), HP:Map)
reference-semantics/semantics/list.k-43-    => deepEqV(A, B, HP) andBool deepEqVS(As, Bs, HP)
reference-semantics/semantics/list.k-44-
reference-semantics/semantics/list.k-45-  rule deepEqV(ref(H:Int), B:Val, HP:Map) => deepEqV({HP[H]}:>Val, B, HP)
reference-semantics/semantics/list.k-46-       requires H in_keys(HP)
reference-semantics/semantics/list.k-47-  rule deepEqV(A:Val, ref(H:Int), HP:Map) => deepEqV(A, {HP[H]}:>Val, HP)
reference-semantics/semantics/list.k-48-       requires notBool isRefV(A) andBool H in_keys(HP)
reference-semantics/semantics/list.k-49-  rule deepEqV(list(A:ValSeq), list(B:ValSeq), HP:Map) => deepEqVS(A, B, HP)
reference-semantics/semantics/list.k-50-  rule deepEqV(A:Val, B:Val, _:Map) => A ==K B [owise]
reference-semantics/semantics/list.k-51-
reference-semantics/semantics/list.k-52-  // ==== mutator: xs.append(v) — an in-place heap write ======================
reference-semantics/semantics/list.k-53-  rule <k> #applyK(toCall(boundMethodV(ref(H:Int), "append")), (V:Val, .Vals)) => noneV ... </k>
reference-semantics/semantics/list.k:54:       <heap> ... H |-> list(VS:ValSeq => valSeqConcat(VS, vCons(V, .ValSeq))) ... </heap>
reference-semantics/semantics/list.k-55-       [priority(40)]
reference-semantics/semantics/list.k-56-
reference-semantics/semantics/list.k:57:  // ==== `x in list` — a <k>-cell fold over #iterNext ========================
reference-semantics/semantics/list.k-58-  syntax KItem ::= #memberAcc(Val, Iterable) | #memberCont(Val) | "#notB"
reference-semantics/semantics/list.k-59-  rule <k> Compare(LV:Val, CmpOp("in",     list(VS:ValSeq))) => #memberAcc(LV, list(VS)) ... </k>
reference-semantics/semantics/list.k-60-  rule <k> Compare(LV:Val, CmpOp("not in", list(VS:ValSeq))) => #memberAcc(LV, list(VS)) ~> #notB ... </k>
reference-semantics/semantics/list.k:61:  rule <k> #memberAcc(V:Val, IT:Iterable) => #iterNext(IT) ~> #memberCont(V) ... </k>
reference-semantics/semantics/list.k:62:  rule <k> #iterDone ~> #memberCont(_V:Val) => false ... </k>
reference-semantics/semantics/list.k:63:  rule <k> #iterYield(E:Val, _:Iterable) ~> #memberCont(V:Val) => true ... </k>
reference-semantics/semantics/list.k-64-       requires E ==K V
reference-semantics/semantics/list.k:65:  rule <k> #iterYield(E:Val, R:Iterable) ~> #memberCont(V:Val) => #memberAcc(V, R) ... </k>
reference-semantics/semantics/list.k-66-       requires notBool (E ==K V)
reference-semantics/semantics/list.k-67-  rule <k> B:Bool ~> #notB => notBool B ... </k>
reference-semantics/semantics/list.k-68-endmodule
--
reference-semantics/semantics/float.k-153-  // ---- x == None (promoted from 137; `is` cases live in operators.k) ----
reference-semantics/semantics/float.k-154-  rule applyCmp("==", V:Val, noneV) => V ==K noneV
reference-semantics/semantics/float.k-155-  rule applyCmp("!=", V:Val, noneV) => notBool (V ==K noneV)
reference-semantics/semantics/float.k-156-
reference-semantics/semantics/float.k-157-  // ---- float(str): decimal parse (promoted from 137's defined chain) ----
reference-semantics/semantics/float.k-158-  // digits '.' digits, optional leading '-'; concrete evaluation only (the
reference-semantics/semantics/float.k-159-  // symbolic side stays an opaque decStrToF term a proof case-splits on).
reference-semantics/semantics/float.k-160-  syntax Float ::= decStrToF(IntSeq) [function, total, symbol(decStrToF), no-evaluators]
reference-semantics/semantics/float.k:161:  rule decStrToF(iCons(45, CS:IntSeq)) => 0.0 -Float decStrToF(CS) [concrete]
reference-semantics/semantics/float.k-162-  rule decStrToF(CS:IntSeq)
reference-semantics/semantics/float.k-163-    => intToF(intPart(CS)) +Float (intToF(fracPart(CS)) /Float intToF(fracScale(CS)))
reference-semantics/semantics/float.k-164-       requires isLen(CS) >Int 0 andBool headIS(CS) =/=Int 45 [concrete]
reference-semantics/semantics/float.k-165-  syntax Int ::= headIS(IntSeq) [function]
reference-semantics/semantics/float.k:166:  rule headIS(iCons(C:Int, _:IntSeq)) => C
reference-semantics/semantics/float.k-167-  syntax Int ::= intPart(IntSeq) [function, total] | intPartAcc(IntSeq, Int) [function, total]
reference-semantics/semantics/float.k-168-  rule intPart(CS:IntSeq) => intPartAcc(CS, 0)
reference-semantics/semantics/float.k-169-  rule intPartAcc(.IntSeq, A:Int) => A
reference-semantics/semantics/float.k:170:  rule intPartAcc(iCons(46, _:IntSeq), A:Int) => A
reference-semantics/semantics/float.k:171:  rule intPartAcc(iCons(C:Int, R:IntSeq), A:Int) => intPartAcc(R, A *Int 10 +Int (C -Int 48))
reference-semantics/semantics/float.k-172-       requires C =/=Int 46
reference-semantics/semantics/float.k-173-  syntax Int ::= fracPart(IntSeq) [function, total] | fracAcc(IntSeq, Int) [function, total]
reference-semantics/semantics/float.k-174-  rule fracPart(.IntSeq) => 0
reference-semantics/semantics/float.k:175:  rule fracPart(iCons(46, R:IntSeq)) => fracAcc(R, 0)
reference-semantics/semantics/float.k:176:  rule fracPart(iCons(C:Int, R:IntSeq)) => fracPart(R) requires C =/=Int 46
reference-semantics/semantics/float.k-177-  rule fracAcc(.IntSeq, A:Int) => A
reference-semantics/semantics/float.k:178:  rule fracAcc(iCons(C:Int, R:IntSeq), A:Int) => fracAcc(R, A *Int 10 +Int (C -Int 48))
reference-semantics/semantics/float.k-179-  syntax Int ::= fracScale(IntSeq) [function, total] | fscAcc(IntSeq, Int) [function, total]
reference-semantics/semantics/float.k-180-  rule fracScale(.IntSeq) => 1
reference-semantics/semantics/float.k:181:  rule fracScale(iCons(46, R:IntSeq)) => fscAcc(R, 1)
reference-semantics/semantics/float.k:182:  rule fracScale(iCons(C:Int, R:IntSeq)) => fracScale(R) requires C =/=Int 46
reference-semantics/semantics/float.k-183-  rule fscAcc(.IntSeq, A:Int) => A
reference-semantics/semantics/float.k:184:  rule fscAcc(iCons(_:Int, R:IntSeq), A:Int) => fscAcc(R, A *Int 10)
reference-semantics/semantics/float.k-185-  rule applyBuiltin("float", str(CS:IntSeq), .Vals) => decStrToF(CS)
reference-semantics/semantics/float.k-186-  rule applyBuiltin("float", I:Int, .Vals)          => intToF(I)
reference-semantics/semantics/float.k-187-  rule applyBuiltin("float", F:Float, .Vals)        => F
reference-semantics/semantics/float.k-188-
reference-semantics/semantics/float.k-189-  // ---- float / int division (promoted from mean_absolute_deviation) ----
reference-semantics/semantics/float.k-190-  syntax Float ::= divFloatIntV(Float, Int) [function, total, symbol(divFloatIntV), no-evaluators]
reference-semantics/semantics/float.k-191-  rule divFloatIntV(F:Float, I:Int) => F /Float Int2Float(I, 53, 11) [concrete]
reference-semantics/semantics/float.k-192-  rule applyBin("/", F:Float, I:Int) => divFloatIntV(F, I)
--
reference-semantics/semantics/float.k-235-  rule <k> I:Int ~> #mathSqrt => sqrtF(intToF(I)) ... </k>
reference-semantics/semantics/float.k-236-
reference-semantics/semantics/float.k-237-  // ---- min / max over a FLOAT list — FLOAT branch of the shared #minCont0/#maxCont0 folds (which
reference-semantics/semantics/float.k-238-  // seed/step with `requires isInt(V)`, so they are STUCK on floats). These add the `requires
reference-semantics/semantics/float.k-239-  // isFloat(V)` seed + a Float-accumulator fold via K's minFloat/maxFloat — concrete for krun. A proof
reference-semantics/semantics/float.k-240-  // over a SYMBOLIC float list intercepts min/max problem-locally to an opaque minVF/maxVF (at
reference-semantics/semantics/float.k-241-  // #applyK, priority 40, in its verification.k) BEFORE #minAcc0, so this fold is krun-only. Additive:
reference-semantics/semantics/float.k-242-  // the isFloat guard is disjoint from the existing isInt one.
reference-semantics/semantics/float.k:243:  syntax KItem ::= #maxAccF(Iterable, Float) | #maxContF(Float)
reference-semantics/semantics/float.k:244:  rule <k> #iterYield(V:Val, R:Iterable) ~> #maxCont0 => #maxAccF(R, {V}:>Float) ... </k> requires isFloat(V)
reference-semantics/semantics/float.k:245:  rule <k> #maxAccF(IT:Iterable, M:Float) => #iterNext(IT) ~> #maxContF(M) ... </k>
reference-semantics/semantics/float.k:246:  rule <k> #iterDone ~> #maxContF(M:Float) => M ... </k>
reference-semantics/semantics/float.k:247:  rule <k> #iterYield(V:Val, R:Iterable) ~> #maxContF(M:Float) => #maxAccF(R, maxFloat(M, {V}:>Float)) ... </k>
reference-semantics/semantics/float.k-248-       requires isFloat(V)
reference-semantics/semantics/float.k-249-
reference-semantics/semantics/float.k-250-  syntax KItem ::= #minAccF(Iterable, Float) | #minContF(Float)
reference-semantics/semantics/float.k:251:  rule <k> #iterYield(V:Val, R:Iterable) ~> #minCont0 => #minAccF(R, {V}:>Float) ... </k> requires isFloat(V)
reference-semantics/semantics/float.k:252:  rule <k> #minAccF(IT:Iterable, M:Float) => #iterNext(IT) ~> #minContF(M) ... </k>
reference-semantics/semantics/float.k:253:  rule <k> #iterDone ~> #minContF(M:Float) => M ... </k>
reference-semantics/semantics/float.k:254:  rule <k> #iterYield(V:Val, R:Iterable) ~> #minContF(M:Float) => #minAccF(R, minFloat(M, {V}:>Float)) ... </k>
reference-semantics/semantics/float.k-255-       requires isFloat(V)
reference-semantics/semantics/float.k-256-
reference-semantics/semantics/float.k-257-  // ---- sum over a float list (krun; mirrors the min/max float paths). The Int-only shared
reference-semantics/semantics/float.k-258-  // #sumCont sticks on a Float yield; switch to a Float-headed fold via addF (concrete twin).
reference-semantics/semantics/float.k-259-  // The switch guard carries the SYNTACTIC negation of the Int rule's guard so a symbolic proof
reference-semantics/semantics/float.k-260-  // with isInt(V) in its path condition refutes this branch without sort reasoning.
reference-semantics/semantics/float.k-261-  syntax KItem ::= #sumAccF(Iterable, Float) | #sumContF(Float)
reference-semantics/semantics/float.k:262:  rule <k> #iterYield(V:Val, R:Iterable) ~> #sumCont(ACC:Int)
reference-semantics/semantics/float.k-263-        => #sumAccF(R, addF(intToF(ACC), {V}:>Float)) ... </k>
reference-semantics/semantics/float.k-264-       requires isFloat(V) andBool notBool (isInt(V) orBool isBool(V))
reference-semantics/semantics/float.k:265:  rule <k> #sumAccF(IT:Iterable, ACC:Float) => #iterNext(IT) ~> #sumContF(ACC) ... </k>
reference-semantics/semantics/float.k:266:  rule <k> #iterDone ~> #sumContF(ACC:Float) => ACC ... </k>
reference-semantics/semantics/float.k:267:  rule <k> #iterYield(V:Val, R:Iterable) ~> #sumContF(ACC:Float)
reference-semantics/semantics/float.k-268-        => #sumAccF(R, addF(ACC, {V}:>Float)) ... </k>
reference-semantics/semantics/float.k-269-       requires isFloat(V)
reference-semantics/semantics/float.k:270:  rule <k> #iterYield(V:Val, R:Iterable) ~> #sumContF(ACC:Float)
reference-semantics/semantics/float.k-271-        => #sumAccF(R, addF(ACC, intToF(intOf(V)))) ... </k>
reference-semantics/semantics/float.k-272-       requires isInt(V) orBool isBool(V)
reference-semantics/semantics/float.k-273-endmodule
--
reference-semantics/semantics/controls.k-54-  rule <k> #branch(false, _:Stmts, E:Stmts) => E ... </k>
reference-semantics/semantics/controls.k-55-
reference-semantics/semantics/controls.k-56-  // ==== IfExp: ternary T if C else E ========================================
reference-semantics/semantics/controls.k-57-  rule <k> IfExp(V:Val, T:Expr, _:Expr) => T ... </k>
reference-semantics/semantics/controls.k-58-       requires truthy(V)
reference-semantics/semantics/controls.k-59-  rule <k> IfExp(V:Val, _:Expr, E:Expr) => E ... </k>
reference-semantics/semantics/controls.k-60-       requires notBool truthy(V)
reference-semantics/semantics/controls.k-61-
reference-semantics/semantics/controls.k:62:  // ==== For: one loop, in-cell continuation, over #iterNext =================
reference-semantics/semantics/controls.k-63-  // (the iterable is evaluated once, by strictness; the protocol stays rewrites —
reference-semantics/semantics/controls.k-64-  // circularities anchor on #loop and narrowing substitutes the structure)
reference-semantics/semantics/controls.k-65-  syntax KItem ::= #loop(Val, Expr, Stmts) | #loopStep(Expr, Stmts)
reference-semantics/semantics/controls.k-66-                 | #while(Expr, Stmts) | #whileCond(Expr, Stmts)
reference-semantics/semantics/controls.k-67-                 | #loopLbl(K) | "#cont" | "#brk"
reference-semantics/semantics/controls.k-68-
reference-semantics/semantics/controls.k-69-  rule <k> For(T:Expr, OBJ:Val, B:Stmts) => #loop(OBJ, T, B) ... </k>
reference-semantics/semantics/controls.k-70-
reference-semantics/semantics/controls.k:71:  rule <k> #loop(IT:Iterable, T:Expr, B:Stmts) => #iterNext(IT) ~> #loopStep(T, B) ... </k>
reference-semantics/semantics/controls.k:72:  rule <k> #iterDone ~> #loopStep(_:Expr, _:Stmts) => .K ... </k>
reference-semantics/semantics/controls.k:73:  rule <k> #iterYield(V:Val, REST:Iterable) ~> #loopStep(T:Expr, B:Stmts)
reference-semantics/semantics/controls.k-74-        => #bindTgt(T, V) ~> B ~> #loopLbl(#loop(REST, T, B)) ... </k>
reference-semantics/semantics/controls.k-75-
reference-semantics/semantics/controls.k-76-  // ==== While ==============================================================
reference-semantics/semantics/controls.k-77-  rule <k> While(C:Expr, B:Stmts) => #while(C, B) ... </k>
reference-semantics/semantics/controls.k-78-  rule <k> #while(C:Expr, B:Stmts) => C ~> #whileCond(C, B) ... </k>
reference-semantics/semantics/controls.k-79-  rule <k> V:Val ~> #whileCond(C:Expr, B:Stmts) => B ~> #loopLbl(#while(C, B)) ... </k>
reference-semantics/semantics/controls.k-80-       requires truthy(V)
reference-semantics/semantics/controls.k-81-  rule <k> V:Val ~> #whileCond(_C:Expr, _B:Stmts) => .K ... </k>
--
reference-semantics/semantics/call.k-1-// reference/src/semantics/call.k — MPY-CALL
reference-semantics/semantics/call.k-2-// ONE call route for every callable: evaluate the callee to a VALUE (name lookup reaches
reference-semantics/semantics/call.k-3-// builtins at the root; a cooled Attribute is a bound method), evaluate the args (the shared
reference-semantics/semantics/call.k-4-// #evalArgs loop in core.k), then dispatch on the callee value:
reference-semantics/semantics/call.k-5-//   closureVal    -> bind params, push a frame (user function)
reference-semantics/semantics/call.k-6-//   boundMethodV  -> applyMethod
reference-semantics/semantics/call.k:7://   builtinV      -> the #iterNext folds (sum/all/any/max/min) or applyBuiltin
reference-semantics/semantics/call.k-8-//   typeV         -> callable type objects: int(...) / str(...)
reference-semantics/semantics/call.k-9-
reference-semantics/semantics/call.k-10-module MPY-CALL
reference-semantics/semantics/call.k-11-  imports MPY-METHODS
reference-semantics/semantics/call.k-12-  imports MPY-BUILTINS
reference-semantics/semantics/call.k-13-  imports MPY-FUNCTIONS
reference-semantics/semantics/call.k-14-
reference-semantics/semantics/call.k-15-  // a cooled attribute is a bound method value
--
reference-semantics/semantics/call.k-21-  rule <k> CV:Val ~> #callee(ARGS:Exprs) => #evalArgs(ARGS, .Vals, toCall(CV)) ... </k>
reference-semantics/semantics/call.k-22-
reference-semantics/semantics/call.k-23-  // ==== dispatch on the callee value ========================================
reference-semantics/semantics/call.k-24-  rule <k> #applyK(toCall(boundMethodV(OBJ:Val, M:String)), ACC:Vals) => applyMethod(OBJ, M, ACC) ... </k>
reference-semantics/semantics/call.k-25-
reference-semantics/semantics/call.k-26-  rule <k> #applyK(toCall(builtinV("sum")), (OBJ:Iterable, .Vals)) => #sumAcc(OBJ, 0) ... </k>
reference-semantics/semantics/call.k-27-  rule <k> #applyK(toCall(builtinV("all")), (OBJ:Iterable, .Vals)) => #allAcc(OBJ)    ... </k>
reference-semantics/semantics/call.k-28-  rule <k> #applyK(toCall(builtinV("any")), (OBJ:Iterable, .Vals)) => #anyAcc(OBJ)    ... </k>
reference-semantics/semantics/call.k:29:  rule <k> #applyK(toCall(builtinV("max")), (OBJ:Iterable, .Vals)) => #maxAcc0(OBJ)   ... </k>
reference-semantics/semantics/call.k-30-  rule <k> #applyK(toCall(builtinV("min")), (OBJ:Iterable, .Vals)) => #minAcc0(OBJ)   ... </k>
reference-semantics/semantics/call.k-31-  rule <k> #applyK(toCall(builtinV(BN:String)), ACC:Vals) => applyBuiltin(BN, ACC) ... </k> [owise]
reference-semantics/semantics/call.k-32-  rule <k> #applyK(toCall(typeV(T:String)),     ACC:Vals) => applyBuiltin(T, ACC)  ... </k>
reference-semantics/semantics/call.k-33-
reference-semantics/semantics/call.k-34-  // ==== heap-object arguments/receivers =====================================
reference-semantics/semantics/call.k-35-  // Builtins and type calls READ structure — deref the first two arg positions
reference-semantics/semantics/call.k-36-  // (covers len/sum/all/any/max/min/sorted/list/set + zip's pair). Mutating list
reference-semantics/semantics/call.k-37-  // methods take the ref itself; every other method receiver is deref'd.
--
reference-semantics/semantics/iter.k-1-// reference/src/semantics/iter.k — MPY-ITER
reference-semantics/semantics/iter.k:2:// The iterator protocol, DECLARATION ONLY. Each iterable's #iterNext case lives in that
reference-semantics/semantics/iter.k-3-// iterable's own module (list/tuple/str in their modules, rangeObj in range.k, zip in
reference-semantics/semantics/iter.k-4-// builtins.k). Consumers (the for-loop, `x in _`, sum/all/any/max/min) import this.
reference-semantics/semantics/iter.k-5-
reference-semantics/semantics/iter.k-6-module MPY-ITER
reference-semantics/semantics/iter.k-7-  imports MPY-CORE
reference-semantics/semantics/iter.k:8:  syntax KItem ::= #iterNext(Iterable) | "#iterDone" | #iterYield(Val, Iterable)
reference-semantics/semantics/iter.k-9-endmodule
--
reference-semantics/semantics/range.k-1-// reference/src/semantics/range.k — MPY-RANGE
reference-semantics/semantics/range.k:2:// rangeObj: the range helpers (inRange / rangeLen) + its #iterNext case. rangeObj itself is
reference-semantics/semantics/range.k-3-// declared in MPY-CORE's Iterable union; this module owns its behavior.
reference-semantics/semantics/range.k-4-
reference-semantics/semantics/range.k-5-module MPY-RANGE
reference-semantics/semantics/range.k-6-  imports MPY-CORE
reference-semantics/semantics/range.k-7-  imports MPY-ITER
reference-semantics/semantics/range.k-8-
reference-semantics/semantics/range.k-9-  syntax Bool ::= inRange(Int, Int, Int) [function, total]
reference-semantics/semantics/range.k-10-  rule inRange(I:Int, HI:Int, ST:Int) => (ST >Int 0 andBool I <Int HI) orBool (ST <Int 0 andBool I >Int HI)
--
reference-semantics/semantics/range.k-12-  syntax Int ::= rangeLen(Int, Int, Int) [function]
reference-semantics/semantics/range.k-13-  rule rangeLen(LO:Int, HI:Int, ST:Int) => (HI -Int LO +Int ST -Int 1) /Int ST
reference-semantics/semantics/range.k-14-       requires ST >Int 0 andBool HI >Int LO
reference-semantics/semantics/range.k-15-  rule rangeLen(LO:Int, HI:Int, ST:Int) => (LO -Int HI -Int ST -Int 1) /Int (0 -Int ST)
reference-semantics/semantics/range.k-16-       requires ST <Int 0 andBool HI <Int LO
reference-semantics/semantics/range.k-17-  rule rangeLen(LO:Int, HI:Int, ST:Int) => 0
reference-semantics/semantics/range.k-18-       requires (ST >Int 0 andBool HI <=Int LO) orBool (ST <Int 0 andBool HI >=Int LO)
reference-semantics/semantics/range.k-19-
reference-semantics/semantics/range.k:20:  rule <k> #iterNext(rangeObj(I:Int, HI:Int, ST:Int))
reference-semantics/semantics/range.k:21:        => #iterYield(I, rangeObj(I +Int ST, HI, ST)) ... </k>
reference-semantics/semantics/range.k-22-       requires inRange(I, HI, ST)
reference-semantics/semantics/range.k:23:  rule <k> #iterNext(rangeObj(I:Int, HI:Int, ST:Int)) => #iterDone ... </k>
reference-semantics/semantics/range.k-24-       requires notBool inRange(I, HI, ST)
reference-semantics/semantics/range.k-25-endmodule
--
reference-semantics/semantics/str.k-1-// reference/src/semantics/str.k — MPY-STR
reference-semantics/semantics/str.k-2-
reference-semantics/semantics/str.k-3-module MPY-STR
reference-semantics/semantics/str.k-4-  imports MPY-CORE
reference-semantics/semantics/str.k-5-  imports MPY-ITER
reference-semantics/semantics/str.k-6-
reference-semantics/semantics/str.k-7-  // ==== iteration (the iterator protocol's str case; yields 1-char strings) ==
reference-semantics/semantics/str.k:8:  rule <k> #iterNext(str(.IntSeq))                 => #iterDone ... </k>
reference-semantics/semantics/str.k:9:  rule <k> #iterNext(str(iCons(C:Int, R:IntSeq)))
reference-semantics/semantics/str.k:10:        => #iterYield(str(iCons(C, .IntSeq)), str(R)) ... </k>
reference-semantics/semantics/str.k-11-
reference-semantics/semantics/str.k-12-  // ==== str literal (ASCII-only) ============================================
reference-semantics/semantics/str.k-13-  syntax IntSeq ::= strToCodes(String) [function]
reference-semantics/semantics/str.k-14-  rule <k> Str(S:String) => str(strToCodes(S)) ... </k>
reference-semantics/semantics/str.k-15-  rule strToCodes("") => .IntSeq
reference-semantics/semantics/str.k:16:  rule strToCodes(S:String) => iCons(ordChar(substrString(S, 0, 1)), strToCodes(substrString(S, 1, lengthString(S))))
reference-semantics/semantics/str.k-17-    requires S =/=String "" andBool ordChar(substrString(S, 0, 1)) <Int 128
reference-semantics/semantics/str.k-18-
reference-semantics/semantics/str.k-19-  // ==== operators: + / == / != / in =========================================
reference-semantics/semantics/str.k-20-  syntax IntSeq ::= seqConcat(IntSeq, IntSeq) [function, total]
reference-semantics/semantics/str.k-21-  rule seqConcat(.IntSeq, T:IntSeq)                => T
reference-semantics/semantics/str.k:22:  rule seqConcat(iCons(I:Int, S:IntSeq), T:IntSeq) => iCons(I, seqConcat(S, T))
reference-semantics/semantics/str.k-23-
reference-semantics/semantics/str.k-24-  rule applyBin("+",  str(A:IntSeq), str(B:IntSeq)) => str(seqConcat(A, B))
reference-semantics/semantics/str.k-25-  rule applyCmp("==", str(A:IntSeq), str(B:IntSeq)) => A ==K B
reference-semantics/semantics/str.k-26-  rule applyCmp("!=", str(A:IntSeq), str(B:IntSeq)) => notBool (A ==K B)
reference-semantics/semantics/str.k-27-
reference-semantics/semantics/str.k-28-  // substring membership: `P in X` iff the code-seq P occurs contiguously in X
reference-semantics/semantics/str.k-29-  rule applyCmp("in",     str(P:IntSeq), str(X:IntSeq)) => strContains(P, X)
reference-semantics/semantics/str.k-30-  rule applyCmp("not in", str(P:IntSeq), str(X:IntSeq)) => notBool strContains(P, X)
reference-semantics/semantics/str.k-31-
reference-semantics/semantics/str.k-32-  syntax Bool ::= strPrefix(IntSeq, IntSeq) [function, total]
reference-semantics/semantics/str.k-33-  rule strPrefix(.IntSeq, _:IntSeq)               => true
reference-semantics/semantics/str.k:34:  rule strPrefix(iCons(_:Int, _:IntSeq), .IntSeq) => false
reference-semantics/semantics/str.k:35:  rule strPrefix(iCons(A:Int, As:IntSeq), iCons(B:Int, Bs:IntSeq)) => A ==Int B andBool strPrefix(As, Bs)
reference-semantics/semantics/str.k-36-
reference-semantics/semantics/str.k-37-  syntax Bool ::= strContains(IntSeq, IntSeq) [function, total]
reference-semantics/semantics/str.k-38-  rule strContains(P:IntSeq, X:IntSeq) => true  requires strPrefix(P, X)
reference-semantics/semantics/str.k-39-  rule strContains(P:IntSeq, .IntSeq)  => false requires notBool strPrefix(P, .IntSeq)
reference-semantics/semantics/str.k:40:  rule strContains(P:IntSeq, iCons(C:Int, Xs:IntSeq)) => strContains(P, Xs)
reference-semantics/semantics/str.k:41:       requires notBool strPrefix(P, iCons(C, Xs))
reference-semantics/semantics/str.k-42-
reference-semantics/semantics/str.k-43-  // ==== lexicographic order: < / <= / > / >= by code point (= Python str order on the code
reference-semantics/semantics/str.k-44-  // model). strLt reduces on GROUND code-seqs (krun) but is inert/OPAQUE on symbolic ones
reference-semantics/semantics/str.k-45-  // (a proof's codesProj(V) is an abstract IntSeq — no constructor rule matches), so a symbolic
reference-semantics/semantics/str.k-46-  // str `<` stays a trusted opaque term the way sortVS / intFloatDiv do. Additive: fires only on
reference-semantics/semantics/str.k-47-  // str </<=/>/>= comparisons.
reference-semantics/semantics/str.k-48-  syntax Bool ::= strLt(IntSeq, IntSeq) [function, total]
reference-semantics/semantics/str.k-49-  rule strLt(.IntSeq, .IntSeq)                => false
reference-semantics/semantics/str.k:50:  rule strLt(.IntSeq, iCons(_:Int, _:IntSeq)) => true
reference-semantics/semantics/str.k:51:  rule strLt(iCons(_:Int, _:IntSeq), .IntSeq) => false
reference-semantics/semantics/str.k:52:  rule strLt(iCons(A:Int, As:IntSeq), iCons(B:Int, Bs:IntSeq)) => true          requires A  <Int B
reference-semantics/semantics/str.k:53:  rule strLt(iCons(A:Int, As:IntSeq), iCons(B:Int, Bs:IntSeq)) => false         requires A  >Int B
reference-semantics/semantics/str.k:54:  rule strLt(iCons(A:Int, As:IntSeq), iCons(B:Int, Bs:IntSeq)) => strLt(As, Bs) requires A ==Int B
reference-semantics/semantics/str.k-55-
reference-semantics/semantics/str.k-56-  rule applyCmp("<",  str(A:IntSeq), str(B:IntSeq)) => strLt(A, B)
reference-semantics/semantics/str.k-57-  rule applyCmp(">",  str(A:IntSeq), str(B:IntSeq)) => strLt(B, A)
reference-semantics/semantics/str.k-58-  rule applyCmp("<=", str(A:IntSeq), str(B:IntSeq)) => notBool strLt(B, A)
reference-semantics/semantics/str.k-59-  rule applyCmp(">=", str(A:IntSeq), str(B:IntSeq)) => notBool strLt(A, B)
reference-semantics/semantics/str.k-60-endmodule
--
reference-semantics/semantics/methods.k-21-  rule applyMethod(str(CS:IntSeq), "swapcase", .Vals) => str(mapSwap(CS))
reference-semantics/semantics/methods.k-22-
reference-semantics/semantics/methods.k-23-  // ==== join / count / strip / encode ========================================
reference-semantics/semantics/methods.k-24-  // S.join(list-of-str): fold with separator codes (receiver + arg deref'd by
reference-semantics/semantics/methods.k-25-  // the call layer; the result str is a value)
reference-semantics/semantics/methods.k-26-  rule applyMethod(str(SEP:IntSeq), "join", list(VS:ValSeq), .Vals) => str(joinCodes(SEP, VS))
reference-semantics/semantics/methods.k-27-  syntax IntSeq ::= joinCodes(IntSeq, ValSeq) [function, total]
reference-semantics/semantics/methods.k-28-  rule joinCodes(_:IntSeq, .ValSeq) => .IntSeq
reference-semantics/semantics/methods.k:29:  rule joinCodes(_:IntSeq, vCons(str(CS:IntSeq), .ValSeq)) => CS
reference-semantics/semantics/methods.k:30:  rule joinCodes(SEP:IntSeq, vCons(str(CS:IntSeq), vCons(V:Val, R:ValSeq)))
reference-semantics/semantics/methods.k:31:    => seqConcat(CS, seqConcat(SEP, joinCodes(SEP, vCons(V, R))))
reference-semantics/semantics/methods.k-32-
reference-semantics/semantics/methods.k-33-  // S.count(sub): non-overlapping window scan (Python str.count)
reference-semantics/semantics/methods.k-34-  rule applyMethod(str(CS:IntSeq), "count", str(PC:IntSeq), .Vals) => cntSub(CS, PC)
reference-semantics/semantics/methods.k-35-  syntax Int ::= cntSub(IntSeq, IntSeq) [function]
reference-semantics/semantics/methods.k-36-  rule cntSub(.IntSeq, _:IntSeq) => 0
reference-semantics/semantics/methods.k:37:  rule cntSub(iCons(C:Int, R:IntSeq), PC:IntSeq) => 1 +Int cntSub(dropIS(iCons(C, R), isLen(PC)), PC)
reference-semantics/semantics/methods.k:38:       requires strPrefix(PC, iCons(C, R)) andBool isLen(PC) >Int 0
reference-semantics/semantics/methods.k:39:  rule cntSub(iCons(C:Int, R:IntSeq), PC:IntSeq) => cntSub(R, PC)
reference-semantics/semantics/methods.k:40:       requires notBool strPrefix(PC, iCons(C, R)) orBool isLen(PC) <=Int 0
reference-semantics/semantics/methods.k-41-  syntax IntSeq ::= dropIS(IntSeq, Int) [function, total]
reference-semantics/semantics/methods.k-42-  rule dropIS(S:IntSeq, N:Int) => S requires N <=Int 0
reference-semantics/semantics/methods.k-43-  rule dropIS(.IntSeq, _:Int) => .IntSeq [owise]
reference-semantics/semantics/methods.k:44:  rule dropIS(iCons(_:Int, R:IntSeq), N:Int) => dropIS(R, N -Int 1) requires N >Int 0
reference-semantics/semantics/methods.k-45-
reference-semantics/semantics/methods.k-46-  // S.strip(): trim whitespace runs from both ends
reference-semantics/semantics/methods.k-47-  rule applyMethod(str(CS:IntSeq), "strip", .Vals) => str(revIS(trimWS(revIS(trimWS(CS)))))
reference-semantics/semantics/methods.k-48-  syntax IntSeq ::= trimWS(IntSeq) [function, total]
reference-semantics/semantics/methods.k-49-  rule trimWS(.IntSeq) => .IntSeq
reference-semantics/semantics/methods.k:50:  rule trimWS(iCons(C:Int, R:IntSeq)) => trimWS(R) requires isWSC(C)
reference-semantics/semantics/methods.k:51:  rule trimWS(iCons(C:Int, R:IntSeq)) => iCons(C, R) requires notBool isWSC(C)
reference-semantics/semantics/methods.k-52-  syntax IntSeq ::= revIS(IntSeq) [function, total] | revISAcc(IntSeq, IntSeq) [function, total]
reference-semantics/semantics/methods.k-53-  rule revIS(S:IntSeq) => revISAcc(S, .IntSeq)
reference-semantics/semantics/methods.k-54-  rule revISAcc(.IntSeq, A:IntSeq) => A
reference-semantics/semantics/methods.k:55:  rule revISAcc(iCons(C:Int, R:IntSeq), A:IntSeq) => revISAcc(R, iCons(C, A))
reference-semantics/semantics/methods.k-56-
reference-semantics/semantics/methods.k-57-  // S.encode('ascii'): identity on the code-sequence model (bytes == codes)
reference-semantics/semantics/methods.k-58-  rule applyMethod(str(CS:IntSeq), "encode", str(_:IntSeq), .Vals) => str(CS)
reference-semantics/semantics/methods.k-59-
reference-semantics/semantics/methods.k-60-  // ==== prefix ===============================================================
reference-semantics/semantics/methods.k-61-  rule applyMethod(str(XC:IntSeq), "startswith", str(PC:IntSeq), .Vals) => startsWith(PC, XC)
reference-semantics/semantics/methods.k-62-
reference-semantics/semantics/methods.k-63-  // ==== list.count(v) — number of occurrences of v in the list (concrete for krun) ==========
reference-semantics/semantics/methods.k-64-  rule applyMethod(list(VS:ValSeq), "count", V:Val, .Vals) => cntOccVS(VS, V)
reference-semantics/semantics/methods.k-65-  syntax Int ::= cntOccVS(ValSeq, Val) [function, total]
reference-semantics/semantics/methods.k-66-  rule cntOccVS(.ValSeq, _:Val)                => 0
reference-semantics/semantics/methods.k:67:  rule cntOccVS(vCons(A:Val, R:ValSeq), V:Val) => 1 +Int cntOccVS(R, V) requires A ==K V
reference-semantics/semantics/methods.k:68:  rule cntOccVS(vCons(A:Val, R:ValSeq), V:Val) => cntOccVS(R, V)        requires notBool (A ==K V)
reference-semantics/semantics/methods.k-69-
reference-semantics/semantics/methods.k-70-  // ==== split (no-arg: on whitespace runs, dropping empty tokens) + replace (single char) ==========
reference-semantics/semantics/methods.k-71-  // Concrete string ops for krun. A proof over a symbolic string intercepts the split problem-locally.
reference-semantics/semantics/methods.k-72-  rule <k> #applyK(toCall(boundMethodV(str(CS:IntSeq), "split")), .Vals)
reference-semantics/semantics/methods.k-73-        => #alloc(list(splitWS(CS, .IntSeq, .ValSeq))) ... </k>
reference-semantics/semantics/methods.k-74-       [priority(40)]
reference-semantics/semantics/methods.k-75-  syntax ValSeq ::= splitWS(IntSeq, IntSeq, ValSeq) [function]  // remaining, current token, result
reference-semantics/semantics/methods.k-76-  rule splitWS(.IntSeq, CUR:IntSeq, ACC:ValSeq) => flushTok(ACC, CUR)
reference-semantics/semantics/methods.k:77:  rule splitWS(iCons(C:Int, R:IntSeq), CUR:IntSeq, ACC:ValSeq) => splitWS(R, .IntSeq, flushTok(ACC, CUR))
reference-semantics/semantics/methods.k-78-       requires isWSC(C)
reference-semantics/semantics/methods.k:79:  rule splitWS(iCons(C:Int, R:IntSeq), CUR:IntSeq, ACC:ValSeq) => splitWS(R, seqConcat(CUR, iCons(C, .IntSeq)), ACC)
reference-semantics/semantics/methods.k-80-       requires notBool isWSC(C)
reference-semantics/semantics/methods.k-81-  // flush the current token to the result list iff non-empty.
reference-semantics/semantics/methods.k-82-  syntax ValSeq ::= flushTok(ValSeq, IntSeq) [function]
reference-semantics/semantics/methods.k-83-  rule flushTok(ACC:ValSeq, .IntSeq)            => ACC
reference-semantics/semantics/methods.k:84:  rule flushTok(ACC:ValSeq, iCons(C:Int, T:IntSeq)) => valSeqConcat(ACC, vCons(str(iCons(C, T)), .ValSeq))
reference-semantics/semantics/methods.k-85-  syntax Bool ::= isWSC(Int) [function, total]
reference-semantics/semantics/methods.k-86-  rule isWSC(C:Int) => C ==Int 32 orBool C ==Int 9 orBool C ==Int 10 orBool C ==Int 13
reference-semantics/semantics/methods.k-87-
reference-semantics/semantics/methods.k-88-  // split(sep='x') keyword form delegates to the positional k-cell rule
reference-semantics/semantics/methods.k-89-  rule <k> #applyK(toCall(boundMethodV(str(CS:IntSeq), "split")), (kwV("sep", str(S:IntSeq)), .Vals))
reference-semantics/semantics/methods.k-90-        => #applyK(toCall(boundMethodV(str(CS), "split")), (str(S), .Vals)) ... </k>
reference-semantics/semantics/methods.k-91-       [priority(39)]
reference-semantics/semantics/methods.k-92-
reference-semantics/semantics/methods.k-93-  // str.split(sep) — single-char separator, KEEPING empty parts (Python's sep-split; len == #sep + 1).
reference-semantics/semantics/methods.k:94:  rule <k> #applyK(toCall(boundMethodV(str(CS:IntSeq), "split")), (str(iCons(SEP:Int, .IntSeq)), .Vals))
reference-semantics/semantics/methods.k-95-        => #alloc(list(splitSep(CS, SEP, .IntSeq))) ... </k>
reference-semantics/semantics/methods.k-96-       [priority(40)]
reference-semantics/semantics/methods.k-97-  syntax ValSeq ::= splitSep(IntSeq, Int, IntSeq) [function]  // remaining, sep code, current token
reference-semantics/semantics/methods.k:98:  rule splitSep(.IntSeq, _SEP:Int, CUR:IntSeq)              => vCons(str(CUR), .ValSeq)
reference-semantics/semantics/methods.k:99:  rule splitSep(iCons(C:Int, R:IntSeq), SEP:Int, CUR:IntSeq) => vCons(str(CUR), splitSep(R, SEP, .IntSeq))
reference-semantics/semantics/methods.k-100-       requires C ==Int SEP
reference-semantics/semantics/methods.k:101:  rule splitSep(iCons(C:Int, R:IntSeq), SEP:Int, CUR:IntSeq) => splitSep(R, SEP, seqConcat(CUR, iCons(C, .IntSeq)))
reference-semantics/semantics/methods.k-102-       requires notBool (C ==Int SEP)
reference-semantics/semantics/methods.k-103-
reference-semantics/semantics/methods.k:104:  rule applyMethod(str(CS:IntSeq), "replace", str(iCons(A:Int, .IntSeq)), str(iCons(B:Int, .IntSeq)), .Vals)
reference-semantics/semantics/methods.k-105-    => str(replaceC(CS, A, B))
reference-semantics/semantics/methods.k-106-  syntax IntSeq ::= replaceC(IntSeq, Int, Int) [function, total]
reference-semantics/semantics/methods.k-107-  rule replaceC(.IntSeq, _:Int, _:Int)             => .IntSeq
reference-semantics/semantics/methods.k:108:  rule replaceC(iCons(C:Int, R:IntSeq), A:Int, B:Int) => iCons(B, replaceC(R, A, B)) requires C ==Int A
reference-semantics/semantics/methods.k:109:  rule replaceC(iCons(C:Int, R:IntSeq), A:Int, B:Int) => iCons(C, replaceC(R, A, B)) requires notBool (C ==Int A)
reference-semantics/semantics/methods.k-110-
reference-semantics/semantics/methods.k-111-  // ==== char helpers =========================================================
reference-semantics/semantics/methods.k-112-  syntax Bool ::= isUpperC(Int) [function, total]
reference-semantics/semantics/methods.k-113-  rule isUpperC(C:Int) => C >=Int 65 andBool C <=Int 90
reference-semantics/semantics/methods.k-114-
reference-semantics/semantics/methods.k-115-  syntax Bool ::= isLowerC(Int) [function, total]
reference-semantics/semantics/methods.k-116-  rule isLowerC(C:Int) => C >=Int 97 andBool C <=Int 122
reference-semantics/semantics/methods.k-117-
reference-semantics/semantics/methods.k-118-  syntax Bool ::= isAlphaC(Int) [function, total]
reference-semantics/semantics/methods.k-119-  rule isAlphaC(C:Int) => isUpperC(C) orBool isLowerC(C)
reference-semantics/semantics/methods.k-120-
reference-semantics/semantics/methods.k-121-  syntax Bool ::= isDigitC(Int) [function, total]
reference-semantics/semantics/methods.k-122-  rule isDigitC(C:Int) => C >=Int 48 andBool C <=Int 57
reference-semantics/semantics/methods.k-123-
reference-semantics/semantics/methods.k-124-  syntax Bool ::= hasUpper(IntSeq) [function, total]
reference-semantics/semantics/methods.k-125-  rule hasUpper(.IntSeq) => false
reference-semantics/semantics/methods.k:126:  rule hasUpper(iCons(C:Int, S:IntSeq)) => isUpperC(C) orBool hasUpper(S)
reference-semantics/semantics/methods.k-127-
reference-semantics/semantics/methods.k-128-  syntax Bool ::= hasLower(IntSeq) [function, total]
reference-semantics/semantics/methods.k-129-  rule hasLower(.IntSeq) => false
reference-semantics/semantics/methods.k:130:  rule hasLower(iCons(C:Int, S:IntSeq)) => isLowerC(C) orBool hasLower(S)
reference-semantics/semantics/methods.k-131-
reference-semantics/semantics/methods.k-132-  syntax Bool ::= allAlpha(IntSeq) [function, total]
reference-semantics/semantics/methods.k-133-  rule allAlpha(.IntSeq) => true
reference-semantics/semantics/methods.k:134:  rule allAlpha(iCons(C:Int, S:IntSeq)) => isAlphaC(C) andBool allAlpha(S)
reference-semantics/semantics/methods.k-135-
reference-semantics/semantics/methods.k-136-  syntax Bool ::= allDigit(IntSeq) [function, total]
reference-semantics/semantics/methods.k-137-  rule allDigit(.IntSeq) => true
reference-semantics/semantics/methods.k:138:  rule allDigit(iCons(C:Int, S:IntSeq)) => isDigitC(C) andBool allDigit(S)
reference-semantics/semantics/methods.k-139-
reference-semantics/semantics/methods.k-140-  syntax Int ::= lowerC(Int) [function, total]
reference-semantics/semantics/methods.k-141-
reference-semantics/semantics/methods.k-142-  rule lowerC(C:Int) => C +Int 32 requires isUpperC(C)
reference-semantics/semantics/methods.k-143-  rule lowerC(C:Int) => C         [owise]
reference-semantics/semantics/methods.k-144-
reference-semantics/semantics/methods.k-145-  syntax Int ::= upperC(Int) [function, total]
reference-semantics/semantics/methods.k-146-  rule upperC(C:Int) => C -Int 32 requires isLowerC(C)
--
reference-semantics/semantics/methods.k-148-
reference-semantics/semantics/methods.k-149-  syntax Int ::= swapC(Int) [function, total]
reference-semantics/semantics/methods.k-150-  rule swapC(C:Int) => C +Int 32 requires isUpperC(C)
reference-semantics/semantics/methods.k-151-  rule swapC(C:Int) => C -Int 32 requires isLowerC(C)
reference-semantics/semantics/methods.k-152-  rule swapC(C:Int) => C         [owise]
reference-semantics/semantics/methods.k-153-
reference-semantics/semantics/methods.k-154-  syntax IntSeq ::= mapLower(IntSeq) [function, total]
reference-semantics/semantics/methods.k-155-  rule mapLower(.IntSeq) => .IntSeq
reference-semantics/semantics/methods.k:156:  rule mapLower(iCons(C:Int, S:IntSeq)) => iCons(lowerC(C), mapLower(S))
reference-semantics/semantics/methods.k-157-
reference-semantics/semantics/methods.k-158-  syntax IntSeq ::= mapUpper(IntSeq) [function, total]
reference-semantics/semantics/methods.k-159-  rule mapUpper(.IntSeq) => .IntSeq
reference-semantics/semantics/methods.k:160:  rule mapUpper(iCons(C:Int, S:IntSeq)) => iCons(upperC(C), mapUpper(S))
reference-semantics/semantics/methods.k-161-
reference-semantics/semantics/methods.k-162-  syntax IntSeq ::= mapSwap(IntSeq) [function, total]
reference-semantics/semantics/methods.k-163-  rule mapSwap(.IntSeq) => .IntSeq
reference-semantics/semantics/methods.k:164:  rule mapSwap(iCons(C:Int, S:IntSeq)) => iCons(swapC(C), mapSwap(S))
reference-semantics/semantics/methods.k-165-
reference-semantics/semantics/methods.k-166-  syntax Bool ::= startsWith(IntSeq, IntSeq) [function, total]
reference-semantics/semantics/methods.k-167-  rule startsWith(.IntSeq, _:IntSeq)               => true
reference-semantics/semantics/methods.k:168:  rule startsWith(iCons(_:Int, _:IntSeq), .IntSeq) => false
reference-semantics/semantics/methods.k:169:  rule startsWith(iCons(A:Int, As:IntSeq), iCons(B:Int, Bs:IntSeq)) => A ==Int B andBool startsWith(As, Bs)
reference-semantics/semantics/methods.k-170-endmodule
--
reference-semantics/semantics/builtins.k-30-  // list() of other iterables (str/range/set/zip) is added via the iterator fold when needed.
reference-semantics/semantics/builtins.k-31-  // (k-cell — list() constructs a NEW object)
reference-semantics/semantics/builtins.k-32-  rule <k> #applyK(toCall(builtinV("list")), (list(VS:ValSeq),  .Vals)) => #alloc(list(VS)) ... </k>
reference-semantics/semantics/builtins.k-33-  rule <k> #applyK(toCall(builtinV("list")), (tuple(VS:ValSeq), .Vals)) => #alloc(list(VS)) ... </k>
reference-semantics/semantics/builtins.k-34-  rule <k> #applyK(toCall(builtinV("list")), .Vals)                     => #alloc(list(.ValSeq)) ... </k>
reference-semantics/semantics/builtins.k-35-  rule <k> #applyK(toCall(builtinV("list")), (str(CS:IntSeq), .Vals))   => #alloc(list(charsOf(CS))) ... </k>
reference-semantics/semantics/builtins.k-36-  syntax ValSeq ::= charsOf(IntSeq) [function, total]
reference-semantics/semantics/builtins.k-37-  rule charsOf(.IntSeq)                => .ValSeq
reference-semantics/semantics/builtins.k:38:  rule charsOf(iCons(C:Int, R:IntSeq)) => vCons(str(iCons(C, .IntSeq)), charsOf(R))
reference-semantics/semantics/builtins.k-39-
reference-semantics/semantics/builtins.k-40-  // ==== set(str) — distinct character codes =================================
reference-semantics/semantics/builtins.k-41-  rule applyBuiltin("set", str(CS:IntSeq), .Vals) => setV(dedupCodes(CS))
reference-semantics/semantics/builtins.k-42-
reference-semantics/semantics/builtins.k-43-  // ==== abs(int) ============================================================
reference-semantics/semantics/builtins.k-44-  rule applyBuiltin("abs", I:Int, .Vals) => absInt(I)
reference-semantics/semantics/builtins.k-45-
reference-semantics/semantics/builtins.k:46:  // ==== sum(iterable) — one #iterNext fold; intOf = int value of an int/bool ==
reference-semantics/semantics/builtins.k-47-  syntax KItem ::= #sumAcc(Iterable, Int) | #sumCont(Int)
reference-semantics/semantics/builtins.k:48:  rule <k> #sumAcc(IT:Iterable, ACC:Int) => #iterNext(IT) ~> #sumCont(ACC) ... </k>
reference-semantics/semantics/builtins.k:49:  rule <k> #iterDone ~> #sumCont(ACC:Int) => ACC ... </k>
reference-semantics/semantics/builtins.k:50:  rule <k> #iterYield(V:Val, R:Iterable) ~> #sumCont(ACC:Int)
reference-semantics/semantics/builtins.k-51-        => #sumAcc(R, ACC +Int intOf(V)) ... </k>
reference-semantics/semantics/builtins.k-52-       requires isInt(V) orBool isBool(V)
reference-semantics/semantics/builtins.k-53-
reference-semantics/semantics/builtins.k-54-  syntax Int ::= intOf(Val) [function]
reference-semantics/semantics/builtins.k-55-  rule intOf(I:Int)  => I
reference-semantics/semantics/builtins.k-56-  rule intOf(B:Bool) => #if B #then 1 #else 0 #fi
reference-semantics/semantics/builtins.k-57-
reference-semantics/semantics/builtins.k:58:  // ==== all / any (short-circuiting #iterNext folds) ========================
reference-semantics/semantics/builtins.k-59-  syntax KItem ::= #allAcc(Iterable) | "#allCont"
reference-semantics/semantics/builtins.k:60:  rule <k> #allAcc(IT:Iterable) => #iterNext(IT) ~> #allCont ... </k>
reference-semantics/semantics/builtins.k:61:  rule <k> #iterDone ~> #allCont => true ... </k>
reference-semantics/semantics/builtins.k:62:  rule <k> #iterYield(V:Val, R:Iterable) ~> #allCont => #allAcc(R) ... </k>
reference-semantics/semantics/builtins.k-63-       requires truthy(V)
reference-semantics/semantics/builtins.k:64:  rule <k> #iterYield(V:Val, _:Iterable) ~> #allCont => false ... </k>
reference-semantics/semantics/builtins.k-65-       requires notBool truthy(V)
reference-semantics/semantics/builtins.k-66-
reference-semantics/semantics/builtins.k-67-  syntax KItem ::= #anyAcc(Iterable) | "#anyCont"
reference-semantics/semantics/builtins.k:68:  rule <k> #anyAcc(IT:Iterable) => #iterNext(IT) ~> #anyCont ... </k>
reference-semantics/semantics/builtins.k:69:  rule <k> #iterDone ~> #anyCont => false ... </k>
reference-semantics/semantics/builtins.k:70:  rule <k> #iterYield(V:Val, _:Iterable) ~> #anyCont => true ... </k>
reference-semantics/semantics/builtins.k-71-       requires truthy(V)
reference-semantics/semantics/builtins.k:72:  rule <k> #iterYield(V:Val, R:Iterable) ~> #anyCont => #anyAcc(R) ... </k>
reference-semantics/semantics/builtins.k-73-       requires notBool truthy(V)
reference-semantics/semantics/builtins.k-74-
reference-semantics/semantics/builtins.k:75:  // ==== max / min over an iterable (#iterNext folds; first element seeds) ====
reference-semantics/semantics/builtins.k:76:  syntax KItem ::= #maxAcc0(Iterable) | "#maxCont0" | #maxAcc(Iterable, Int) | #maxCont(Int)
reference-semantics/semantics/builtins.k:77:  rule <k> #maxAcc0(IT:Iterable) => #iterNext(IT) ~> #maxCont0 ... </k>
reference-semantics/semantics/builtins.k:78:  rule <k> #iterYield(V:Val, R:Iterable) ~> #maxCont0 => #maxAcc(R, {V}:>Int) ... </k>
reference-semantics/semantics/builtins.k-79-       requires isInt(V)
reference-semantics/semantics/builtins.k:80:  rule <k> #maxAcc(IT:Iterable, M:Int) => #iterNext(IT) ~> #maxCont(M) ... </k>
reference-semantics/semantics/builtins.k:81:  rule <k> #iterDone ~> #maxCont(M:Int) => M ... </k>
reference-semantics/semantics/builtins.k:82:  rule <k> #iterYield(V:Val, R:Iterable) ~> #maxCont(M:Int)
reference-semantics/semantics/builtins.k:83:        => #maxAcc(R, maxInt(M, {V}:>Int)) ... </k>
reference-semantics/semantics/builtins.k-84-       requires isInt(V)
reference-semantics/semantics/builtins.k-85-
reference-semantics/semantics/builtins.k-86-  syntax KItem ::= #minAcc0(Iterable) | "#minCont0" | #minAcc(Iterable, Int) | #minCont(Int)
reference-semantics/semantics/builtins.k:87:  rule <k> #minAcc0(IT:Iterable) => #iterNext(IT) ~> #minCont0 ... </k>
reference-semantics/semantics/builtins.k:88:  rule <k> #iterYield(V:Val, R:Iterable) ~> #minCont0 => #minAcc(R, {V}:>Int) ... </k>
reference-semantics/semantics/builtins.k-89-       requires isInt(V)
reference-semantics/semantics/builtins.k:90:  rule <k> #minAcc(IT:Iterable, M:Int) => #iterNext(IT) ~> #minCont(M) ... </k>
reference-semantics/semantics/builtins.k:91:  rule <k> #iterDone ~> #minCont(M:Int) => M ... </k>
reference-semantics/semantics/builtins.k:92:  rule <k> #iterYield(V:Val, R:Iterable) ~> #minCont(M:Int)
reference-semantics/semantics/builtins.k-93-        => #minAcc(R, minInt(M, {V}:>Int)) ... </k>
reference-semantics/semantics/builtins.k-94-       requires isInt(V)
reference-semantics/semantics/builtins.k-95-
reference-semantics/semantics/builtins.k-96-  // ==== variadic max / min (a Vals fold) ====================================
reference-semantics/semantics/builtins.k-97-  syntax Int ::= maxVals(Int, Vals) [function]
reference-semantics/semantics/builtins.k:98:  rule applyBuiltin("max", I:Int, REST:Vals) => maxVals(I, REST)
reference-semantics/semantics/builtins.k-99-  rule maxVals(M:Int, .Vals)           => M
reference-semantics/semantics/builtins.k-100-  rule maxVals(M:Int, (I:Int, R:Vals)) => maxVals(maxInt(M, I), R)
reference-semantics/semantics/builtins.k-101-
reference-semantics/semantics/builtins.k-102-  syntax Int ::= minVals(Int, Vals) [function]
reference-semantics/semantics/builtins.k-103-  rule applyBuiltin("min", I:Int, REST:Vals) => minVals(I, REST)
reference-semantics/semantics/builtins.k-104-  rule minVals(M:Int, .Vals)           => M
reference-semantics/semantics/builtins.k-105-  rule minVals(M:Int, (I:Int, R:Vals)) => minVals(minInt(M, I), R)
reference-semantics/semantics/builtins.k-106-
reference-semantics/semantics/builtins.k-107-  // ==== bin(n) — "0b" + binary digit codes (promoted from 103's defined fold) ==
reference-semantics/semantics/builtins.k:108:  rule applyBuiltin("bin", N:Int, .Vals) => str(iCons(48, iCons(98, binCodes(N))))
reference-semantics/semantics/builtins.k-109-       requires N >=Int 0
reference-semantics/semantics/builtins.k-110-  // negative operand: the '-' sign prefixes the magnitude's digits
reference-semantics/semantics/builtins.k-111-  rule applyBuiltin("bin", N:Int, .Vals)
reference-semantics/semantics/builtins.k:112:    => str(iCons(45, iCons(48, iCons(98, binCodes(0 -Int N)))))
reference-semantics/semantics/builtins.k-113-       requires N <Int 0
reference-semantics/semantics/builtins.k-114-  syntax IntSeq ::= binCodes(Int) [function, total]
reference-semantics/semantics/builtins.k:115:  rule binCodes(0) => iCons(48, .IntSeq)
reference-semantics/semantics/builtins.k-116-  rule binCodes(N:Int) => binAcc(N, .IntSeq) requires N >Int 0
reference-semantics/semantics/builtins.k-117-  syntax IntSeq ::= binAcc(Int, IntSeq) [function, total]
reference-semantics/semantics/builtins.k-118-  rule binAcc(0, ACC:IntSeq) => ACC
reference-semantics/semantics/builtins.k-119-  rule binAcc(N:Int, ACC:IntSeq)
reference-semantics/semantics/builtins.k:120:    => binAcc((N -Int pyMod(N, 2)) /Int 2, iCons(48 +Int pyMod(N, 2), ACC))
reference-semantics/semantics/builtins.k-121-       requires N >Int 0
reference-semantics/semantics/builtins.k-122-
reference-semantics/semantics/builtins.k-123-  // ==== enumerate(xs) — pairs (i, v); materialized eagerly over a list =========
reference-semantics/semantics/builtins.k-124-  rule <k> #applyK(toCall(builtinV("enumerate")), (list(VS:ValSeq), .Vals))
reference-semantics/semantics/builtins.k-125-        => #alloc(list(enumVS(VS, 0))) ... </k>
reference-semantics/semantics/builtins.k-126-  syntax ValSeq ::= enumVS(ValSeq, Int) [function, total]
reference-semantics/semantics/builtins.k-127-  rule enumVS(.ValSeq, _:Int) => .ValSeq
reference-semantics/semantics/builtins.k:128:  rule enumVS(vCons(V:Val, R:ValSeq), I:Int)
reference-semantics/semantics/builtins.k:129:    => vCons(tuple(vCons(I, vCons(V, .ValSeq))), enumVS(R, I +Int 1))
reference-semantics/semantics/builtins.k-130-
reference-semantics/semantics/builtins.k-131-  // ==== map(str, xs) — eager (only the str case is in the subset) =============
reference-semantics/semantics/builtins.k-132-  rule <k> #applyK(toCall(builtinV("map")), (typeV("str"), list(VS:ValSeq), .Vals))
reference-semantics/semantics/builtins.k-133-        => #alloc(list(mapStrVS(VS))) ... </k>
reference-semantics/semantics/builtins.k-134-  syntax ValSeq ::= mapStrVS(ValSeq) [function, total]
reference-semantics/semantics/builtins.k-135-  rule mapStrVS(.ValSeq) => .ValSeq
reference-semantics/semantics/builtins.k:136:  rule mapStrVS(vCons(I:Int, R:ValSeq)) => vCons(str(strToCodes(Int2String(I))), mapStrVS(R))
reference-semantics/semantics/builtins.k:137:  rule mapStrVS(vCons(str(CS:IntSeq), R:ValSeq)) => vCons(str(CS), mapStrVS(R))
reference-semantics/semantics/builtins.k-138-
reference-semantics/semantics/builtins.k-139-  // ==== int(x) identities (int(round(x)) composes through) ====================
reference-semantics/semantics/builtins.k-140-  rule applyBuiltin("int", I:Int, .Vals) => I
reference-semantics/semantics/builtins.k-141-
reference-semantics/semantics/builtins.k-142-  // ==== ord / chr ===========================================================
reference-semantics/semantics/builtins.k:143:  rule applyBuiltin("ord", str(iCons(C:Int, .IntSeq)), .Vals) => C
reference-semantics/semantics/builtins.k:144:  rule applyBuiltin("chr", I:Int, .Vals) => str(iCons(I, .IntSeq))
reference-semantics/semantics/builtins.k-145-       requires 0 <=Int I andBool I <Int 128
reference-semantics/semantics/builtins.k-146-
reference-semantics/semantics/builtins.k-147-  // ==== str(int) / str(str) =================================================
reference-semantics/semantics/builtins.k-148-  rule applyBuiltin("str", I:Int, .Vals)       => str(strToCodes(Int2String(I)))
reference-semantics/semantics/builtins.k-149-  rule applyBuiltin("str", str(CS:IntSeq), .Vals) => str(CS)
reference-semantics/semantics/builtins.k-150-
reference-semantics/semantics/builtins.k-151-  // ==== int(str) — a single digit char ('0'..'9', code 48..57) to its value =====
reference-semantics/semantics/builtins.k:152:  rule applyBuiltin("int", str(iCons(C:Int, .IntSeq)), .Vals) => C -Int 48
reference-semantics/semantics/builtins.k-153-       requires 48 <=Int C andBool C <=Int 57
reference-semantics/semantics/builtins.k-154-
reference-semantics/semantics/builtins.k-155-  // ==== int(str) — a multi-digit non-negative numeral (Horner fold; the single-char rule covers len 1)
reference-semantics/semantics/builtins.k-156-  rule applyBuiltin("int", str(CS:IntSeq), .Vals) => intDigAcc(CS, 0)
reference-semantics/semantics/builtins.k-157-       requires isLen(CS) >=Int 2
reference-semantics/semantics/builtins.k-158-  syntax Int ::= intDigAcc(IntSeq, Int) [function, total]
reference-semantics/semantics/builtins.k-159-  rule intDigAcc(.IntSeq, ACC:Int)             => ACC
reference-semantics/semantics/builtins.k:160:  rule intDigAcc(iCons(C:Int, R:IntSeq), ACC:Int) => intDigAcc(R, (ACC *Int 10) +Int (C -Int 48))
reference-semantics/semantics/builtins.k-161-
reference-semantics/semantics/builtins.k-162-  // ==== zip(a, b) — parallel iterable of pairs, truncating to the shorter =====
reference-semantics/semantics/builtins.k-163-  rule applyBuiltin("zip", list(A:ValSeq), list(B:ValSeq), .Vals) => zipObj(A, B)
reference-semantics/semantics/builtins.k-164-  rule applyBuiltin("zip", str(A:IntSeq), str(B:IntSeq), .Vals)   => zipObjS(A, B)
reference-semantics/semantics/builtins.k-165-
reference-semantics/semantics/builtins.k:166:  // zip's iterator-protocol cases (zip is created here, so its #iterNext lives here)
reference-semantics/semantics/builtins.k:167:  rule <k> #iterNext(zipObj(vCons(A:Val, As:ValSeq), vCons(B:Val, Bs:ValSeq)))
reference-semantics/semantics/builtins.k:168:        => #iterYield(tuple(vCons(A, vCons(B, .ValSeq))), zipObj(As, Bs)) ... </k>
reference-semantics/semantics/builtins.k:169:  rule <k> #iterNext(zipObj(.ValSeq, _:ValSeq))               => #iterDone ... </k>
reference-semantics/semantics/builtins.k:170:  rule <k> #iterNext(zipObj(vCons(_:Val, _:ValSeq), .ValSeq)) => #iterDone ... </k>
reference-semantics/semantics/builtins.k:171:  rule <k> #iterNext(zipObjS(iCons(A:Int, As:IntSeq), iCons(B:Int, Bs:IntSeq)))
reference-semantics/semantics/builtins.k:172:        => #iterYield(tuple(vCons(str(iCons(A, .IntSeq)), vCons(str(iCons(B, .IntSeq)), .ValSeq))), zipObjS(As, Bs)) ... </k>
reference-semantics/semantics/builtins.k:173:  rule <k> #iterNext(zipObjS(.IntSeq, _:IntSeq))              => #iterDone ... </k>
reference-semantics/semantics/builtins.k:174:  rule <k> #iterNext(zipObjS(iCons(_:Int, _:IntSeq), .IntSeq)) => #iterDone ... </k>
reference-semantics/semantics/builtins.k-175-
reference-semantics/semantics/builtins.k-176-  // ==== range(stop) / range(start, stop) / range(start, stop, step) =========
reference-semantics/semantics/builtins.k-177-  rule applyBuiltin("range", I:Int, .Vals)               => rangeObj(0, I, 1)
reference-semantics/semantics/builtins.k-178-  rule applyBuiltin("range", A:Int, B:Int, .Vals)        => rangeObj(A, B, 1)
reference-semantics/semantics/builtins.k-179-  rule applyBuiltin("range", A:Int, B:Int, S:Int, .Vals) => rangeObj(A, B, S)
reference-semantics/semantics/builtins.k-180-       requires S =/=Int 0
reference-semantics/semantics/builtins.k-181-
reference-semantics/semantics/builtins.k-182-  // ==== eval(str) — arithmetic expressions (ints, + - * // **, spaces) ========
--
reference-semantics/semantics/builtins.k-189-  rule evalArith(CS:IntSeq)
reference-semantics/semantics/builtins.k-190-    => firstNdE(passAddE(passMulE(passPowE(tokOps(CS), tokNds(CS)))))
reference-semantics/semantics/builtins.k-191-
reference-semantics/semantics/builtins.k-192-  syntax OpSeq ::= ".OpSeq" | oCons(String, OpSeq)
reference-semantics/semantics/builtins.k-193-
reference-semantics/semantics/builtins.k-194-  syntax Bool ::= evDigit(Int) [function, total]
reference-semantics/semantics/builtins.k-195-  rule evDigit(C:Int) => C >=Int 48 andBool C <=Int 57
reference-semantics/semantics/builtins.k-196-  syntax Bool ::= evHead42(IntSeq) [function, total]
reference-semantics/semantics/builtins.k:197:  rule evHead42(iCons(42, _:IntSeq)) => true
reference-semantics/semantics/builtins.k-198-  rule evHead42(_:IntSeq)            => false [owise]
reference-semantics/semantics/builtins.k-199-  syntax Bool ::= evHead47(IntSeq) [function, total]
reference-semantics/semantics/builtins.k:200:  rule evHead47(iCons(47, _:IntSeq)) => true
reference-semantics/semantics/builtins.k-201-  rule evHead47(_:IntSeq)            => false [owise]
reference-semantics/semantics/builtins.k-202-
reference-semantics/semantics/builtins.k-203-  syntax OpSeq ::= tokOps(IntSeq) [function, total]
reference-semantics/semantics/builtins.k-204-  rule tokOps(.IntSeq)                 => .OpSeq
reference-semantics/semantics/builtins.k:205:  rule tokOps(iCons(32, R:IntSeq))     => tokOps(R)
reference-semantics/semantics/builtins.k:206:  rule tokOps(iCons(C:Int, R:IntSeq))  => tokOps(R) requires evDigit(C)
reference-semantics/semantics/builtins.k:207:  rule tokOps(iCons(42, iCons(42, R:IntSeq))) => oCons("**", tokOps(R))
reference-semantics/semantics/builtins.k:208:  rule tokOps(iCons(42, R:IntSeq))     => oCons("*", tokOps(R)) requires notBool evHead42(R)
reference-semantics/semantics/builtins.k:209:  rule tokOps(iCons(47, iCons(47, R:IntSeq))) => oCons("//", tokOps(R))
reference-semantics/semantics/builtins.k:210:  rule tokOps(iCons(47, R:IntSeq))     => oCons("/", tokOps(R)) requires notBool evHead47(R)
reference-semantics/semantics/builtins.k:211:  rule tokOps(iCons(43, R:IntSeq))     => oCons("+", tokOps(R))
reference-semantics/semantics/builtins.k:212:  rule tokOps(iCons(45, R:IntSeq))     => oCons("-", tokOps(R))
reference-semantics/semantics/builtins.k-213-
reference-semantics/semantics/builtins.k-214-  syntax IntSeq ::= tokNds(IntSeq) [function, total]
reference-semantics/semantics/builtins.k-215-                  | tokNdAcc(Int, IntSeq) [function, total]
reference-semantics/semantics/builtins.k-216-  rule tokNds(.IntSeq)                => .IntSeq
reference-semantics/semantics/builtins.k:217:  rule tokNds(iCons(32, R:IntSeq))    => tokNds(R)
reference-semantics/semantics/builtins.k:218:  rule tokNds(iCons(C:Int, R:IntSeq)) => tokNdAcc(C -Int 48, R) requires evDigit(C)
reference-semantics/semantics/builtins.k:219:  rule tokNds(iCons(C:Int, R:IntSeq)) => tokNds(R)
reference-semantics/semantics/builtins.k-220-       requires notBool evDigit(C) andBool C =/=Int 32
reference-semantics/semantics/builtins.k:221:  rule tokNdAcc(A:Int, iCons(C:Int, R:IntSeq)) => tokNdAcc(A *Int 10 +Int (C -Int 48), R)
reference-semantics/semantics/builtins.k-222-       requires evDigit(C)
reference-semantics/semantics/builtins.k:223:  rule tokNdAcc(A:Int, S:IntSeq) => iCons(A, tokNds(S)) [owise]
reference-semantics/semantics/builtins.k-224-
reference-semantics/semantics/builtins.k-225-  syntax EvPair ::= evp(OpSeq, IntSeq)
reference-semantics/semantics/builtins.k-226-  syntax Int ::= firstNdE(EvPair) [function, total]
reference-semantics/semantics/builtins.k:227:  rule firstNdE(evp(_:OpSeq, iCons(N:Int, _:IntSeq))) => N
reference-semantics/semantics/builtins.k-228-  rule firstNdE(_:EvPair) => 0 [owise]
reference-semantics/semantics/builtins.k-229-
reference-semantics/semantics/builtins.k-230-  syntax Int ::= applyOpE(String, Int, Int) [function, total]
reference-semantics/semantics/builtins.k-231-  rule applyOpE("+",  A:Int, B:Int) => A +Int B
reference-semantics/semantics/builtins.k-232-  rule applyOpE("-",  A:Int, B:Int) => A -Int B
reference-semantics/semantics/builtins.k-233-  rule applyOpE("*",  A:Int, B:Int) => A *Int B
reference-semantics/semantics/builtins.k-234-  rule applyOpE("//", A:Int, B:Int) => A divInt B
reference-semantics/semantics/builtins.k-235-  rule applyOpE("**", A:Int, B:Int) => A ^Int B
reference-semantics/semantics/builtins.k-236-  rule applyOpE(_:String, A:Int, _:Int) => A [owise]
reference-semantics/semantics/builtins.k-237-
reference-semantics/semantics/builtins.k-238-  syntax EvPair ::= passPowE(OpSeq, IntSeq) [function, total]
reference-semantics/semantics/builtins.k-239-  rule passPowE(.OpSeq, NDS:IntSeq) => evp(.OpSeq, NDS)
reference-semantics/semantics/builtins.k:240:  rule passPowE(oCons("**", OPS:OpSeq), iCons(N:Int, NDS:IntSeq)) => powCombE(N, passPowE(OPS, NDS))
reference-semantics/semantics/builtins.k:241:  rule passPowE(oCons(O:String, OPS:OpSeq), iCons(N:Int, NDS:IntSeq)) => powCarryE(O, N, passPowE(OPS, NDS))
reference-semantics/semantics/builtins.k-242-       requires O =/=String "**"
reference-semantics/semantics/builtins.k-243-  rule passPowE(_:OpSeq, .IntSeq) => evp(.OpSeq, .IntSeq) [owise]
reference-semantics/semantics/builtins.k-244-  syntax EvPair ::= powCombE(Int, EvPair) [function, total]
reference-semantics/semantics/builtins.k:245:  rule powCombE(N:Int, evp(OPS:OpSeq, iCons(M:Int, REST:IntSeq))) => evp(OPS, iCons(N ^Int M, REST))
reference-semantics/semantics/builtins.k:246:  rule powCombE(N:Int, evp(OPS:OpSeq, .IntSeq)) => evp(OPS, iCons(N, .IntSeq))
reference-semantics/semantics/builtins.k-247-  syntax EvPair ::= powCarryE(String, Int, EvPair) [function, total]
reference-semantics/semantics/builtins.k:248:  rule powCarryE(O:String, N:Int, evp(OPS:OpSeq, NDS:IntSeq)) => evp(oCons(O, OPS), iCons(N, NDS))
reference-semantics/semantics/builtins.k-249-
reference-semantics/semantics/builtins.k-250-  syntax EvPair ::= passMulE(EvPair) [function, total] | passAddE(EvPair) [function, total]
reference-semantics/semantics/builtins.k:251:  rule passMulE(evp(OPS:OpSeq, iCons(N0:Int, NDS:IntSeq))) => passLGoE("mul", N0, OPS, NDS, .OpSeq, .IntSeq)
reference-semantics/semantics/builtins.k-252-  rule passMulE(evp(OPS:OpSeq, .IntSeq)) => evp(OPS, .IntSeq)
reference-semantics/semantics/builtins.k:253:  rule passAddE(evp(OPS:OpSeq, iCons(N0:Int, NDS:IntSeq))) => passLGoE("add", N0, OPS, NDS, .OpSeq, .IntSeq)
reference-semantics/semantics/builtins.k-254-  rule passAddE(evp(OPS:OpSeq, .IntSeq)) => evp(OPS, .IntSeq)
reference-semantics/semantics/builtins.k-255-  syntax EvPair ::= passLGoE(String, Int, OpSeq, IntSeq, OpSeq, IntSeq) [function, total]
reference-semantics/semantics/builtins.k-256-  rule passLGoE(_:String, CUR:Int, .OpSeq, _:IntSeq, OO:OpSeq, ON:IntSeq) => evp(OO, appendIE(ON, CUR))
reference-semantics/semantics/builtins.k:257:  rule passLGoE(L:String, CUR:Int, oCons(O:String, OPS:OpSeq), iCons(N:Int, NDS:IntSeq), OO:OpSeq, ON:IntSeq)
reference-semantics/semantics/builtins.k-258-    => passLGoE(L, applyOpE(O, CUR, N), OPS, NDS, OO, ON)
reference-semantics/semantics/builtins.k-259-       requires inLevelE(L, O)
reference-semantics/semantics/builtins.k:260:  rule passLGoE(L:String, CUR:Int, oCons(O:String, OPS:OpSeq), iCons(N:Int, NDS:IntSeq), OO:OpSeq, ON:IntSeq)
reference-semantics/semantics/builtins.k-261-    => passLGoE(L, N, OPS, NDS, appendOpE(OO, O), appendIE(ON, CUR))
reference-semantics/semantics/builtins.k-262-       requires notBool inLevelE(L, O)
reference-semantics/semantics/builtins.k-263-  rule passLGoE(_:String, CUR:Int, oCons(_:String, _:OpSeq), .IntSeq, OO:OpSeq, ON:IntSeq)
reference-semantics/semantics/builtins.k-264-    => evp(OO, appendIE(ON, CUR)) [owise]
reference-semantics/semantics/builtins.k-265-  syntax Bool ::= inLevelE(String, String) [function, total]
reference-semantics/semantics/builtins.k-266-  rule inLevelE("mul", O:String) => O ==String "*" orBool O ==String "//" orBool O ==String "/"
reference-semantics/semantics/builtins.k-267-  rule inLevelE("add", O:String) => O ==String "+" orBool O ==String "-"
reference-semantics/semantics/builtins.k-268-  rule inLevelE(_:String, _:String) => false [owise]
reference-semantics/semantics/builtins.k-269-  syntax OpSeq ::= appendOpE(OpSeq, String) [function, total]
reference-semantics/semantics/builtins.k-270-  rule appendOpE(.OpSeq, O:String) => oCons(O, .OpSeq)
reference-semantics/semantics/builtins.k-271-  rule appendOpE(oCons(H:String, T:OpSeq), O:String) => oCons(H, appendOpE(T, O))
reference-semantics/semantics/builtins.k-272-  syntax IntSeq ::= appendIE(IntSeq, Int) [function, total]
reference-semantics/semantics/builtins.k:273:  rule appendIE(.IntSeq, N:Int) => iCons(N, .IntSeq)
reference-semantics/semantics/builtins.k:274:  rule appendIE(iCons(H:Int, T:IntSeq), N:Int) => iCons(H, appendIE(T, N))
reference-semantics/semantics/builtins.k-275-
reference-semantics/semantics/builtins.k-276-  // ==== hashlib.md5(S).hexdigest() — a trusted opaque digest ==================
reference-semantics/semantics/builtins.k-277-  // The md5 value itself is a named shared trust (sortVS-style, no concrete
reference-semantics/semantics/builtins.k-278-  // twin); proofs use the length/hex-charset lemmas (lemmas/builtins.k).
reference-semantics/semantics/builtins.k-279-  syntax KItem ::= "#md5"
reference-semantics/semantics/builtins.k-280-  rule <k> Call(Attribute(Name("hashlib"), "md5"), (E:Expr, .Exprs)) => E ~> #md5 ... </k>
reference-semantics/semantics/builtins.k-281-       [priority(40)]
reference-semantics/semantics/builtins.k-282-  rule <k> str(CS:IntSeq) ~> #md5 => md5Obj(CS) ... </k>
--
reference-semantics/semantics/tuple.k-2-
reference-semantics/semantics/tuple.k-3-module MPY-TUPLE
reference-semantics/semantics/tuple.k-4-  imports MPY-CORE
reference-semantics/semantics/tuple.k-5-  imports MPY-ITER
reference-semantics/semantics/tuple.k-6-  imports MPY-LIST
reference-semantics/semantics/tuple.k-7-  imports MPY-METHODS
reference-semantics/semantics/tuple.k-8-
reference-semantics/semantics/tuple.k-9-  // ==== iteration (the iterator protocol's tuple case) ======================
reference-semantics/semantics/tuple.k:10:  rule <k> #iterNext(tuple(.ValSeq))                => #iterDone ... </k>
reference-semantics/semantics/tuple.k:11:  rule <k> #iterNext(tuple(vCons(V:Val, R:ValSeq))) => #iterYield(V, tuple(R)) ... </k>
reference-semantics/semantics/tuple.k-12-
reference-semantics/semantics/tuple.k-13-  // ==== TupleExpr: tuple(ValSeq) literal + == != ===========================
reference-semantics/semantics/tuple.k-14-  syntax ApplyK ::= "toTuple"
reference-semantics/semantics/tuple.k-15-  rule <k> TupleExpr(ES:Exprs) => #evalArgs(ES, .Vals, toTuple) ... </k>
reference-semantics/semantics/tuple.k-16-  rule <k> #applyK(toTuple, ACC:Vals) => tuple(vals2valSeq(ACC)) ... </k>
reference-semantics/semantics/tuple.k-17-
reference-semantics/semantics/tuple.k-18-  rule applyCmp("==", tuple(A:ValSeq), tuple(B:ValSeq)) => A ==K B
reference-semantics/semantics/tuple.k-19-  // membership routes through the same k-cell fold as lists (list.k)
reference-semantics/semantics/tuple.k-20-  rule <k> Compare(LV:Val, CmpOp("in",     tuple(VS:ValSeq))) => #memberAcc(LV, tuple(VS)) ... </k>
reference-semantics/semantics/tuple.k-21-  rule <k> Compare(LV:Val, CmpOp("not in", tuple(VS:ValSeq))) => #memberAcc(LV, tuple(VS)) ~> #notB ... </k>
reference-semantics/semantics/tuple.k-22-  // t.index(v): first index of v (ValueError out of subset)
reference-semantics/semantics/tuple.k-23-  rule applyMethod(tuple(VS:ValSeq), "index", V:Val, .Vals) => idxOfVS(VS, V, 0)
reference-semantics/semantics/tuple.k-24-  syntax Int ::= idxOfVS(ValSeq, Val, Int) [function]
reference-semantics/semantics/tuple.k:25:  rule idxOfVS(vCons(A:Val, _:ValSeq), V:Val, I:Int) => I requires A ==K V
reference-semantics/semantics/tuple.k:26:  rule idxOfVS(vCons(A:Val, R:ValSeq), V:Val, I:Int) => idxOfVS(R, V, I +Int 1)
reference-semantics/semantics/tuple.k-27-       requires notBool (A ==K V)
reference-semantics/semantics/tuple.k-28-  rule applyCmp("!=", tuple(A:ValSeq), tuple(B:ValSeq)) => notBool (A ==K B)
reference-semantics/semantics/tuple.k-29-
reference-semantics/semantics/tuple.k-30-  // ==== target binding: bind a Name or a TupleExpr target to a value ========
reference-semantics/semantics/tuple.k-31-  syntax KItem ::= #bindTgt(Expr, Val)
reference-semantics/semantics/tuple.k-32-  rule <k> #bindTgt(Name(X:String), V:Val) => .K ... </k>
reference-semantics/semantics/tuple.k-33-       <env> L:Int </env>
reference-semantics/semantics/tuple.k-34-       <scopes> ... L |-> scope(M:Map => M [ X <- V ], _) ... </scopes>
--
reference-semantics/semantics/tuple.k-47-
reference-semantics/semantics/tuple.k-48-  // ==== unpacking: a, b = <tuple|list> (RHS evaluated by strictness) ========
reference-semantics/semantics/tuple.k-49-  syntax KItem ::= #unpackSeq(Exprs, ValSeq)
reference-semantics/semantics/tuple.k-50-  rule <k> Assign(TupleExpr(TS:Exprs), tuple(VS:ValSeq)) => #unpackSeq(TS, VS) ... </k>
reference-semantics/semantics/tuple.k-51-  rule <k> Assign(TupleExpr(TS:Exprs), list(VS:ValSeq))  => #unpackSeq(TS, VS) ... </k>
reference-semantics/semantics/tuple.k-52-  rule <k> Assign(TupleExpr(TS:Exprs), ref(H:Int)) => Assign(TupleExpr(TS), V) ... </k>
reference-semantics/semantics/tuple.k-53-       <heap> ... H |-> V:Val ... </heap>
reference-semantics/semantics/tuple.k-54-       [priority(40)]
reference-semantics/semantics/tuple.k:55:  rule <k> #unpackSeq((T:Expr, TS:Exprs), vCons(V:Val, VS:ValSeq))
reference-semantics/semantics/tuple.k-56-        => #bindTgt(T, V) ~> #unpackSeq(TS, VS) ... </k>
reference-semantics/semantics/tuple.k-57-  rule <k> #unpackSeq(.Exprs, .ValSeq) => .K ... </k>
reference-semantics/semantics/tuple.k-58-endmodule
[exit_status] 0
