Script started on 2026-07-24 08:13:34-05:00 [<not executed on terminal>]
COMMAND: python3 /audit-output/evidence/inventory_k.py 
# Exhaustive K source inventory

Inputs:
- /tmp/audit-work/52-below-threshold/reference-semantics/semantics.k
- /tmp/audit-work/52-below-threshold/reference-semantics/semantics/assert.k
- /tmp/audit-work/52-below-threshold/reference-semantics/semantics/bool.k
- /tmp/audit-work/52-below-threshold/reference-semantics/semantics/builtins.k
- /tmp/audit-work/52-below-threshold/reference-semantics/semantics/call.k
- /tmp/audit-work/52-below-threshold/reference-semantics/semantics/comprehension.k
- /tmp/audit-work/52-below-threshold/reference-semantics/semantics/concrete.k
- /tmp/audit-work/52-below-threshold/reference-semantics/semantics/controls.k
- /tmp/audit-work/52-below-threshold/reference-semantics/semantics/core.k
- /tmp/audit-work/52-below-threshold/reference-semantics/semantics/dict.k
- /tmp/audit-work/52-below-threshold/reference-semantics/semantics/float.k
- /tmp/audit-work/52-below-threshold/reference-semantics/semantics/functions.k
- /tmp/audit-work/52-below-threshold/reference-semantics/semantics/int.k
- /tmp/audit-work/52-below-threshold/reference-semantics/semantics/iter.k
- /tmp/audit-work/52-below-threshold/reference-semantics/semantics/list.k
- /tmp/audit-work/52-below-threshold/reference-semantics/semantics/methods.k
- /tmp/audit-work/52-below-threshold/reference-semantics/semantics/operators.k
- /tmp/audit-work/52-below-threshold/reference-semantics/semantics/range.k
- /tmp/audit-work/52-below-threshold/reference-semantics/semantics/set.k
- /tmp/audit-work/52-below-threshold/reference-semantics/semantics/sort.k
- /tmp/audit-work/52-below-threshold/reference-semantics/semantics/str.k
- /tmp/audit-work/52-below-threshold/reference-semantics/semantics/subscript.k
- /tmp/audit-work/52-below-threshold/reference-semantics/semantics/syntax.k
- /tmp/audit-work/52-below-threshold/reference-semantics/semantics/tuple.k
- /tmp/audit-work/52-below-threshold/verification.k
- /tmp/audit-work/52-below-threshold/spec.k

Counts:
- attr:concrete: 36
- attr:function: 147
- attr:macro: 6
- attr:macro-rec: 1
- attr:no-evaluators: 22
- attr:owise: 26
- attr:priority: 48
- attr:symbol: 25
- attr:total: 108
- class:ACCEPTABLE-INPUT-REPRESENTATION: 1
- class:ACCEPTABLE-LOW-LEVEL-BRIDGE: 2
- class:DERIVED-LOOP-SUMMARY: 1
- class:ENTRY-SYNTAX-MACRO: 2
- class:EXACT-SYNTAX-MACRO: 4
- class:POSITIVE-PROOF-TARGET: 2
- class:PROOF-LOCAL-STRUCTURE: 7
- class:SPEC-STRUCTURE: 7
- class:UNUSED-FIXED-SEMANTICS: 851
- class:USED-FIXED-SEMANTICS: 240
- class:VALID-MATH-DEFINITION: 3
- kind:claim: 2
- kind:configuration: 1
- kind:context: 5
- kind:endmodule: 29
- kind:imports: 90
- kind:module: 29
- kind:requires: 29
- kind:rule: 703
- kind:syntax: 232
- total-records: 1120

Classification rule: every source record is listed below. `UNUSED-FIXED-SEMANTICS` means no construct in the submitted program, entry term, loop term, or postcondition can reach that declaration/rule; it is not a claim that the unused fragment was universally verified.

## 1. requires — reference-semantics/semantics.k:34
Attributes: none
Decision: USED-FIXED-SEMANTICS
Reason: on the submitted term/claim path; agrees with the modeled Python subset
```k
requires "semantics/syntax.k"
```

## 2. requires — reference-semantics/semantics.k:35
Attributes: none
Decision: USED-FIXED-SEMANTICS
Reason: on the submitted term/claim path; agrees with the modeled Python subset
```k
requires "semantics/core.k"
```

## 3. requires — reference-semantics/semantics.k:36
Attributes: none
Decision: USED-FIXED-SEMANTICS
Reason: on the submitted term/claim path; agrees with the modeled Python subset
```k
requires "semantics/iter.k"
```

## 4. requires — reference-semantics/semantics.k:37
Attributes: none
Decision: USED-FIXED-SEMANTICS
Reason: on the submitted term/claim path; agrees with the modeled Python subset
```k
requires "semantics/range.k"
```

## 5. requires — reference-semantics/semantics.k:38
Attributes: none
Decision: USED-FIXED-SEMANTICS
Reason: on the submitted term/claim path; agrees with the modeled Python subset
```k
requires "semantics/operators.k"
```

## 6. requires — reference-semantics/semantics.k:39
Attributes: none
Decision: USED-FIXED-SEMANTICS
Reason: on the submitted term/claim path; agrees with the modeled Python subset
```k
requires "semantics/int.k"
```

## 7. requires — reference-semantics/semantics.k:40
Attributes: none
Decision: USED-FIXED-SEMANTICS
Reason: on the submitted term/claim path; agrees with the modeled Python subset
```k
requires "semantics/bool.k"
```

## 8. requires — reference-semantics/semantics.k:41
Attributes: none
Decision: USED-FIXED-SEMANTICS
Reason: on the submitted term/claim path; agrees with the modeled Python subset
```k
requires "semantics/float.k"
```

## 9. requires — reference-semantics/semantics.k:42
Attributes: none
Decision: USED-FIXED-SEMANTICS
Reason: on the submitted term/claim path; agrees with the modeled Python subset
```k
requires "semantics/str.k"
```

## 10. requires — reference-semantics/semantics.k:43
Attributes: none
Decision: USED-FIXED-SEMANTICS
Reason: on the submitted term/claim path; agrees with the modeled Python subset
```k
requires "semantics/set.k"
```

## 11. requires — reference-semantics/semantics.k:44
Attributes: none
Decision: USED-FIXED-SEMANTICS
Reason: on the submitted term/claim path; agrees with the modeled Python subset
```k
requires "semantics/list.k"
```

## 12. requires — reference-semantics/semantics.k:45
Attributes: none
Decision: USED-FIXED-SEMANTICS
Reason: on the submitted term/claim path; agrees with the modeled Python subset
```k
requires "semantics/tuple.k"
```

## 13. requires — reference-semantics/semantics.k:46
Attributes: none
Decision: USED-FIXED-SEMANTICS
Reason: on the submitted term/claim path; agrees with the modeled Python subset
```k
requires "semantics/subscript.k"
```

## 14. requires — reference-semantics/semantics.k:47
Attributes: none
Decision: USED-FIXED-SEMANTICS
Reason: on the submitted term/claim path; agrees with the modeled Python subset
```k
requires "semantics/comprehension.k"
```

## 15. requires — reference-semantics/semantics.k:48
Attributes: none
Decision: USED-FIXED-SEMANTICS
Reason: on the submitted term/claim path; agrees with the modeled Python subset
```k
requires "semantics/methods.k"
```

## 16. requires — reference-semantics/semantics.k:49
Attributes: none
Decision: USED-FIXED-SEMANTICS
Reason: on the submitted term/claim path; agrees with the modeled Python subset
```k
requires "semantics/controls.k"
```

## 17. requires — reference-semantics/semantics.k:50
Attributes: none
Decision: USED-FIXED-SEMANTICS
Reason: on the submitted term/claim path; agrees with the modeled Python subset
```k
requires "semantics/functions.k"
```

## 18. requires — reference-semantics/semantics.k:51
Attributes: none
Decision: USED-FIXED-SEMANTICS
Reason: on the submitted term/claim path; agrees with the modeled Python subset
```k
requires "semantics/builtins.k"
```

## 19. requires — reference-semantics/semantics.k:52
Attributes: none
Decision: USED-FIXED-SEMANTICS
Reason: on the submitted term/claim path; agrees with the modeled Python subset
```k
requires "semantics/call.k"
```

## 20. requires — reference-semantics/semantics.k:53
Attributes: none
Decision: USED-FIXED-SEMANTICS
Reason: on the submitted term/claim path; agrees with the modeled Python subset
```k
requires "semantics/sort.k"
```

## 21. requires — reference-semantics/semantics.k:54
Attributes: none
Decision: USED-FIXED-SEMANTICS
Reason: on the submitted term/claim path; agrees with the modeled Python subset
```k
requires "semantics/assert.k"
```

## 22. requires — reference-semantics/semantics.k:55
Attributes: none
Decision: USED-FIXED-SEMANTICS
Reason: on the submitted term/claim path; agrees with the modeled Python subset
```k
requires "semantics/dict.k"
```

## 23. requires — reference-semantics/semantics.k:56
Attributes: concrete
Decision: USED-FIXED-SEMANTICS
Reason: on the submitted term/claim path; agrees with the modeled Python subset
```k
requires "semantics/concrete.k"
```

## 24. module — reference-semantics/semantics.k:58
Attributes: none
Decision: USED-FIXED-SEMANTICS
Reason: on the submitted term/claim path; agrees with the modeled Python subset
```k
module MPY
```

## 25. imports — reference-semantics/semantics.k:59
Attributes: none
Decision: USED-FIXED-SEMANTICS
Reason: on the submitted term/claim path; agrees with the modeled Python subset
```k
imports MPY-CORE
```

## 26. imports — reference-semantics/semantics.k:60
Attributes: none
Decision: USED-FIXED-SEMANTICS
Reason: on the submitted term/claim path; agrees with the modeled Python subset
```k
imports MPY-ITER
```

## 27. imports — reference-semantics/semantics.k:61
Attributes: none
Decision: USED-FIXED-SEMANTICS
Reason: on the submitted term/claim path; agrees with the modeled Python subset
```k
imports MPY-RANGE
```

## 28. imports — reference-semantics/semantics.k:62
Attributes: none
Decision: USED-FIXED-SEMANTICS
Reason: on the submitted term/claim path; agrees with the modeled Python subset
```k
imports MPY-OPERATORS
```

## 29. imports — reference-semantics/semantics.k:63
Attributes: none
Decision: USED-FIXED-SEMANTICS
Reason: on the submitted term/claim path; agrees with the modeled Python subset
```k
imports MPY-INT
```

## 30. imports — reference-semantics/semantics.k:64
Attributes: none
Decision: USED-FIXED-SEMANTICS
Reason: on the submitted term/claim path; agrees with the modeled Python subset
```k
imports MPY-BOOL
```

## 31. imports — reference-semantics/semantics.k:65
Attributes: none
Decision: USED-FIXED-SEMANTICS
Reason: on the submitted term/claim path; agrees with the modeled Python subset
```k
imports MPY-FLOAT
```

## 32. imports — reference-semantics/semantics.k:66
Attributes: none
Decision: USED-FIXED-SEMANTICS
Reason: on the submitted term/claim path; agrees with the modeled Python subset
```k
imports MPY-STR
```

## 33. imports — reference-semantics/semantics.k:67
Attributes: none
Decision: USED-FIXED-SEMANTICS
Reason: on the submitted term/claim path; agrees with the modeled Python subset
```k
imports MPY-SET
```

## 34. imports — reference-semantics/semantics.k:68
Attributes: none
Decision: USED-FIXED-SEMANTICS
Reason: on the submitted term/claim path; agrees with the modeled Python subset
```k
imports MPY-LIST
```

## 35. imports — reference-semantics/semantics.k:69
Attributes: none
Decision: USED-FIXED-SEMANTICS
Reason: on the submitted term/claim path; agrees with the modeled Python subset
```k
imports MPY-TUPLE
```

## 36. imports — reference-semantics/semantics.k:70
Attributes: none
Decision: USED-FIXED-SEMANTICS
Reason: on the submitted term/claim path; agrees with the modeled Python subset
```k
imports MPY-SUBSCRIPT
```

## 37. imports — reference-semantics/semantics.k:71
Attributes: none
Decision: USED-FIXED-SEMANTICS
Reason: on the submitted term/claim path; agrees with the modeled Python subset
```k
imports MPY-COMPREHENSION
```

## 38. imports — reference-semantics/semantics.k:72
Attributes: none
Decision: USED-FIXED-SEMANTICS
Reason: on the submitted term/claim path; agrees with the modeled Python subset
```k
imports MPY-METHODS
```

## 39. imports — reference-semantics/semantics.k:73
Attributes: none
Decision: USED-FIXED-SEMANTICS
Reason: on the submitted term/claim path; agrees with the modeled Python subset
```k
imports MPY-CONTROLS
```

## 40. imports — reference-semantics/semantics.k:74
Attributes: none
Decision: USED-FIXED-SEMANTICS
Reason: on the submitted term/claim path; agrees with the modeled Python subset
```k
imports MPY-FUNCTIONS
```

## 41. imports — reference-semantics/semantics.k:75
Attributes: none
Decision: USED-FIXED-SEMANTICS
Reason: on the submitted term/claim path; agrees with the modeled Python subset
```k
imports MPY-BUILTINS
```

## 42. imports — reference-semantics/semantics.k:76
Attributes: none
Decision: USED-FIXED-SEMANTICS
Reason: on the submitted term/claim path; agrees with the modeled Python subset
```k
imports MPY-CALL
```

## 43. imports — reference-semantics/semantics.k:77
Attributes: none
Decision: USED-FIXED-SEMANTICS
Reason: on the submitted term/claim path; agrees with the modeled Python subset
```k
imports MPY-SORT
```

## 44. imports — reference-semantics/semantics.k:78
Attributes: none
Decision: USED-FIXED-SEMANTICS
Reason: on the submitted term/claim path; agrees with the modeled Python subset
```k
imports MPY-ASSERT
```

## 45. imports — reference-semantics/semantics.k:79
Attributes: none
Decision: USED-FIXED-SEMANTICS
Reason: on the submitted term/claim path; agrees with the modeled Python subset
```k
imports MPY-DICT
```

## 46. endmodule — reference-semantics/semantics.k:80
Attributes: none
Decision: USED-FIXED-SEMANTICS
Reason: on the submitted term/claim path; agrees with the modeled Python subset
```k
endmodule
```

## 47. module — reference-semantics/semantics.k:87
Attributes: none
Decision: USED-FIXED-SEMANTICS
Reason: on the submitted term/claim path; agrees with the modeled Python subset
```k
module MPY-KRUN
```

## 48. imports — reference-semantics/semantics.k:88
Attributes: none
Decision: USED-FIXED-SEMANTICS
Reason: on the submitted term/claim path; agrees with the modeled Python subset
```k
imports MPY
```

## 49. imports — reference-semantics/semantics.k:89
Attributes: none
Decision: USED-FIXED-SEMANTICS
Reason: on the submitted term/claim path; agrees with the modeled Python subset
```k
imports MPY-CONCRETE
```

## 50. endmodule — reference-semantics/semantics.k:90
Attributes: none
Decision: USED-FIXED-SEMANTICS
Reason: on the submitted term/claim path; agrees with the modeled Python subset
```k
endmodule
```

## 51. module — reference-semantics/semantics/assert.k:3
Attributes: none
Decision: UNUSED-FIXED-SEMANTICS
Reason: not reachable from this program or proof-local terms; no intended-domain witness
```k
module MPY-ASSERT
```

## 52. imports — reference-semantics/semantics/assert.k:4
Attributes: none
Decision: UNUSED-FIXED-SEMANTICS
Reason: not reachable from this program or proof-local terms; no intended-domain witness
```k
imports MPY-CORE
```

## 53. rule — reference-semantics/semantics/assert.k:6-7
Attributes: none
Decision: UNUSED-FIXED-SEMANTICS
Reason: not reachable from this program or proof-local terms; no intended-domain witness
```k
rule <k> Assert(V:Val) => .K ... </k>
       requires truthy(V)
```

## 54. rule — reference-semantics/semantics/assert.k:8-11
Attributes: none
Decision: UNUSED-FIXED-SEMANTICS
Reason: not reachable from this program or proof-local terms; no intended-domain witness
```k
rule <k> Assert(V:Val) ~> _ => .K </k>
       <exc> NoExc => AssertionError </exc>
       <exit-code> _ => 1 </exit-code>
       requires notBool truthy(V)
```

## 55. rule — reference-semantics/semantics/assert.k:13-15
Attributes: priority
Decision: UNUSED-FIXED-SEMANTICS
Reason: not reachable from this program or proof-local terms; no intended-domain witness
```k
rule <k> Assert(ref(H:Int)) => Assert(V) ... </k>
       <heap> ... H |-> V:Val ... </heap>
       [priority(40)]
```

## 56. endmodule — reference-semantics/semantics/assert.k:16
Attributes: none
Decision: UNUSED-FIXED-SEMANTICS
Reason: not reachable from this program or proof-local terms; no intended-domain witness
```k
endmodule
```

## 57. module — reference-semantics/semantics/bool.k:5
Attributes: none
Decision: UNUSED-FIXED-SEMANTICS
Reason: not reachable from this program or proof-local terms; no intended-domain witness
```k
module MPY-BOOL
```

## 58. imports — reference-semantics/semantics/bool.k:6
Attributes: none
Decision: UNUSED-FIXED-SEMANTICS
Reason: not reachable from this program or proof-local terms; no intended-domain witness
```k
imports MPY-CORE
```

## 59. rule — reference-semantics/semantics/bool.k:8
Attributes: none
Decision: UNUSED-FIXED-SEMANTICS
Reason: not reachable from this program or proof-local terms; no intended-domain witness
```k
rule applyUn("not", V:Val) => notBool truthy(V)
```

## 60. rule — reference-semantics/semantics/bool.k:10
Attributes: none
Decision: UNUSED-FIXED-SEMANTICS
Reason: not reachable from this program or proof-local terms; no intended-domain witness
```k
rule applyCmp("==", B1:Bool, B2:Bool) => B1 ==Bool B2
```

## 61. rule — reference-semantics/semantics/bool.k:11
Attributes: none
Decision: UNUSED-FIXED-SEMANTICS
Reason: not reachable from this program or proof-local terms; no intended-domain witness
```k
rule applyCmp("!=", B1:Bool, B2:Bool) => B1 =/=Bool B2
```

## 62. context — reference-semantics/semantics/bool.k:16
Attributes: none
Decision: UNUSED-FIXED-SEMANTICS
Reason: not reachable from this program or proof-local terms; no intended-domain witness
```k
context BoolOp(_, (HOLE:Expr, _:Exprs))
```

## 63. rule — reference-semantics/semantics/bool.k:17
Attributes: none
Decision: UNUSED-FIXED-SEMANTICS
Reason: not reachable from this program or proof-local terms; no intended-domain witness
```k
rule <k> BoolOp(_:String, (V:Val, .Exprs)) => V ... </k>
```

## 64. rule — reference-semantics/semantics/bool.k:18-19
Attributes: none
Decision: UNUSED-FIXED-SEMANTICS
Reason: not reachable from this program or proof-local terms; no intended-domain witness
```k
rule <k> BoolOp("and", (V:Val, A:Expr, REST:Exprs)) => BoolOp("and", (A, REST)) ... </k>
       requires truthy(V)
```

## 65. rule — reference-semantics/semantics/bool.k:20-21
Attributes: none
Decision: UNUSED-FIXED-SEMANTICS
Reason: not reachable from this program or proof-local terms; no intended-domain witness
```k
rule <k> BoolOp("and", (V:Val, _:Expr, _:Exprs)) => V ... </k>
       requires notBool truthy(V)
```

## 66. rule — reference-semantics/semantics/bool.k:22-23
Attributes: none
Decision: UNUSED-FIXED-SEMANTICS
Reason: not reachable from this program or proof-local terms; no intended-domain witness
```k
rule <k> BoolOp("or",  (V:Val, _:Expr, _:Exprs)) => V ... </k>
       requires truthy(V)
```

## 67. rule — reference-semantics/semantics/bool.k:24-25
Attributes: none
Decision: UNUSED-FIXED-SEMANTICS
Reason: not reachable from this program or proof-local terms; no intended-domain witness
```k
rule <k> BoolOp("or",  (V:Val, A:Expr, REST:Exprs)) => BoolOp("or", (A, REST)) ... </k>
       requires notBool truthy(V)
```

## 68. rule — reference-semantics/semantics/bool.k:29-30
Attributes: priority
Decision: UNUSED-FIXED-SEMANTICS
Reason: not reachable from this program or proof-local terms; no intended-domain witness
```k
rule <k> BoolOp(_:String, (ref(H:Int), .Exprs)) => ref(H) ... </k>
       [priority(40)]
```

## 69. rule — reference-semantics/semantics/bool.k:31-34
Attributes: priority
Decision: UNUSED-FIXED-SEMANTICS
Reason: not reachable from this program or proof-local terms; no intended-domain witness
```k
rule <k> BoolOp("and", (ref(H:Int), A:Expr, REST:Exprs)) => BoolOp("and", (A, REST)) ... </k>
       <heap> ... H |-> V:Val ... </heap>
       requires truthy(V)
       [priority(40)]
```

## 70. rule — reference-semantics/semantics/bool.k:35-38
Attributes: priority
Decision: UNUSED-FIXED-SEMANTICS
Reason: not reachable from this program or proof-local terms; no intended-domain witness
```k
rule <k> BoolOp("and", (ref(H:Int), _:Expr, _:Exprs)) => ref(H) ... </k>
       <heap> ... H |-> V:Val ... </heap>
       requires notBool truthy(V)
       [priority(40)]
```

## 71. rule — reference-semantics/semantics/bool.k:39-42
Attributes: priority
Decision: UNUSED-FIXED-SEMANTICS
Reason: not reachable from this program or proof-local terms; no intended-domain witness
```k
rule <k> BoolOp("or", (ref(H:Int), _:Expr, _:Exprs)) => ref(H) ... </k>
       <heap> ... H |-> V:Val ... </heap>
       requires truthy(V)
       [priority(40)]
```

## 72. rule — reference-semantics/semantics/bool.k:43-46
Attributes: priority
Decision: UNUSED-FIXED-SEMANTICS
Reason: not reachable from this program or proof-local terms; no intended-domain witness
```k
rule <k> BoolOp("or", (ref(H:Int), A:Expr, REST:Exprs)) => BoolOp("or", (A, REST)) ... </k>
       <heap> ... H |-> V:Val ... </heap>
       requires notBool truthy(V)
       [priority(40)]
```

## 73. endmodule — reference-semantics/semantics/bool.k:47
Attributes: none
Decision: UNUSED-FIXED-SEMANTICS
Reason: not reachable from this program or proof-local terms; no intended-domain witness
```k
endmodule
```

## 74. module — reference-semantics/semantics/builtins.k:3
Attributes: none
Decision: UNUSED-FIXED-SEMANTICS
Reason: not reachable from this program or proof-local terms; no intended-domain witness
```k
module MPY-BUILTINS
```

## 75. imports — reference-semantics/semantics/builtins.k:4
Attributes: none
Decision: UNUSED-FIXED-SEMANTICS
Reason: not reachable from this program or proof-local terms; no intended-domain witness
```k
imports MPY-CORE
```

## 76. imports — reference-semantics/semantics/builtins.k:5
Attributes: none
Decision: UNUSED-FIXED-SEMANTICS
Reason: not reachable from this program or proof-local terms; no intended-domain witness
```k
imports MPY-STR
```

## 77. imports — reference-semantics/semantics/builtins.k:6
Attributes: none
Decision: UNUSED-FIXED-SEMANTICS
Reason: not reachable from this program or proof-local terms; no intended-domain witness
```k
imports MPY-SET
```

## 78. imports — reference-semantics/semantics/builtins.k:7
Attributes: none
Decision: UNUSED-FIXED-SEMANTICS
Reason: not reachable from this program or proof-local terms; no intended-domain witness
```k
imports MPY-ITER
```

## 79. imports — reference-semantics/semantics/builtins.k:8
Attributes: none
Decision: UNUSED-FIXED-SEMANTICS
Reason: not reachable from this program or proof-local terms; no intended-domain witness
```k
imports MPY-RANGE
```

## 80. imports — reference-semantics/semantics/builtins.k:9
Attributes: none
Decision: UNUSED-FIXED-SEMANTICS
Reason: not reachable from this program or proof-local terms; no intended-domain witness
```k
imports MPY-INT
```

## 81. imports — reference-semantics/semantics/builtins.k:10
Attributes: none
Decision: UNUSED-FIXED-SEMANTICS
Reason: not reachable from this program or proof-local terms; no intended-domain witness
```k
imports MPY-METHODS
```

## 82. syntax — reference-semantics/semantics/builtins.k:17
Attributes: function
Decision: UNUSED-FIXED-SEMANTICS
Reason: not reachable from this program or proof-local terms; no intended-domain witness
```k
syntax Val ::= applyBuiltin(String, Vals) [function]
```

## 83. syntax — reference-semantics/semantics/builtins.k:20
Attributes: function
Decision: UNUSED-FIXED-SEMANTICS
Reason: not reachable from this program or proof-local terms; no intended-domain witness
```k
syntax Int ::= seqLen(Val) [function]
```

## 84. rule — reference-semantics/semantics/builtins.k:21
Attributes: none
Decision: UNUSED-FIXED-SEMANTICS
Reason: not reachable from this program or proof-local terms; no intended-domain witness
```k
rule applyBuiltin("len", OBJ:Val, .Vals) => seqLen(OBJ)
```

## 85. rule — reference-semantics/semantics/builtins.k:22
Attributes: none
Decision: UNUSED-FIXED-SEMANTICS
Reason: not reachable from this program or proof-local terms; no intended-domain witness
```k
rule seqLen(list(VS:ValSeq))                  => vsLen(VS)
```

## 86. rule — reference-semantics/semantics/builtins.k:23
Attributes: none
Decision: UNUSED-FIXED-SEMANTICS
Reason: not reachable from this program or proof-local terms; no intended-domain witness
```k
rule seqLen(tuple(VS:ValSeq))                 => vsLen(VS)
```

## 87. rule — reference-semantics/semantics/builtins.k:24
Attributes: none
Decision: UNUSED-FIXED-SEMANTICS
Reason: not reachable from this program or proof-local terms; no intended-domain witness
```k
rule seqLen(str(IS:IntSeq))                   => isLen(IS)
```

## 88. rule — reference-semantics/semantics/builtins.k:25
Attributes: none
Decision: UNUSED-FIXED-SEMANTICS
Reason: not reachable from this program or proof-local terms; no intended-domain witness
```k
rule seqLen(setV(DS:IntSeq))                  => isLen(DS)
```

## 89. rule — reference-semantics/semantics/builtins.k:26
Attributes: none
Decision: UNUSED-FIXED-SEMANTICS
Reason: not reachable from this program or proof-local terms; no intended-domain witness
```k
rule seqLen(rangeObj(LO:Int, HI:Int, ST:Int)) => rangeLen(LO, HI, ST)
```

## 90. rule — reference-semantics/semantics/builtins.k:32
Attributes: none
Decision: UNUSED-FIXED-SEMANTICS
Reason: not reachable from this program or proof-local terms; no intended-domain witness
```k
rule <k> #applyK(toCall(builtinV("list")), (list(VS:ValSeq),  .Vals)) => #alloc(list(VS)) ... </k>
```

## 91. rule — reference-semantics/semantics/builtins.k:33
Attributes: none
Decision: UNUSED-FIXED-SEMANTICS
Reason: not reachable from this program or proof-local terms; no intended-domain witness
```k
rule <k> #applyK(toCall(builtinV("list")), (tuple(VS:ValSeq), .Vals)) => #alloc(list(VS)) ... </k>
```

## 92. rule — reference-semantics/semantics/builtins.k:34
Attributes: none
Decision: UNUSED-FIXED-SEMANTICS
Reason: not reachable from this program or proof-local terms; no intended-domain witness
```k
rule <k> #applyK(toCall(builtinV("list")), .Vals)                     => #alloc(list(.ValSeq)) ... </k>
```

## 93. rule — reference-semantics/semantics/builtins.k:35
Attributes: none
Decision: UNUSED-FIXED-SEMANTICS
Reason: not reachable from this program or proof-local terms; no intended-domain witness
```k
rule <k> #applyK(toCall(builtinV("list")), (str(CS:IntSeq), .Vals))   => #alloc(list(charsOf(CS))) ... </k>
```

## 94. syntax — reference-semantics/semantics/builtins.k:36
Attributes: function, total
Decision: UNUSED-FIXED-SEMANTICS
Reason: not reachable from this program or proof-local terms; no intended-domain witness
```k
syntax ValSeq ::= charsOf(IntSeq) [function, total]
```

## 95. rule — reference-semantics/semantics/builtins.k:37
Attributes: none
Decision: UNUSED-FIXED-SEMANTICS
Reason: not reachable from this program or proof-local terms; no intended-domain witness
```k
rule charsOf(.IntSeq)                => .ValSeq
```

## 96. rule — reference-semantics/semantics/builtins.k:38
Attributes: none
Decision: UNUSED-FIXED-SEMANTICS
Reason: not reachable from this program or proof-local terms; no intended-domain witness
```k
rule charsOf(iCons(C:Int, R:IntSeq)) => vCons(str(iCons(C, .IntSeq)), charsOf(R))
```

## 97. rule — reference-semantics/semantics/builtins.k:41
Attributes: none
Decision: UNUSED-FIXED-SEMANTICS
Reason: not reachable from this program or proof-local terms; no intended-domain witness
```k
rule applyBuiltin("set", str(CS:IntSeq), .Vals) => setV(dedupCodes(CS))
```

## 98. rule — reference-semantics/semantics/builtins.k:44
Attributes: none
Decision: UNUSED-FIXED-SEMANTICS
Reason: not reachable from this program or proof-local terms; no intended-domain witness
```k
rule applyBuiltin("abs", I:Int, .Vals) => absInt(I)
```

## 99. syntax — reference-semantics/semantics/builtins.k:47
Attributes: none
Decision: UNUSED-FIXED-SEMANTICS
Reason: not reachable from this program or proof-local terms; no intended-domain witness
```k
syntax KItem ::= #sumAcc(Iterable, Int) | #sumCont(Int)
```

## 100. rule — reference-semantics/semantics/builtins.k:48
Attributes: none
Decision: UNUSED-FIXED-SEMANTICS
Reason: not reachable from this program or proof-local terms; no intended-domain witness
```k
rule <k> #sumAcc(IT:Iterable, ACC:Int) => #iterNext(IT) ~> #sumCont(ACC) ... </k>
```

## 101. rule — reference-semantics/semantics/builtins.k:49
Attributes: none
Decision: UNUSED-FIXED-SEMANTICS
Reason: not reachable from this program or proof-local terms; no intended-domain witness
```k
rule <k> #iterDone ~> #sumCont(ACC:Int) => ACC ... </k>
```

## 102. rule — reference-semantics/semantics/builtins.k:50-52
Attributes: none
Decision: UNUSED-FIXED-SEMANTICS
Reason: not reachable from this program or proof-local terms; no intended-domain witness
```k
rule <k> #iterYield(V:Val, R:Iterable) ~> #sumCont(ACC:Int)
        => #sumAcc(R, ACC +Int intOf(V)) ... </k>
       requires isInt(V) orBool isBool(V)
```

## 103. syntax — reference-semantics/semantics/builtins.k:54
Attributes: function
Decision: UNUSED-FIXED-SEMANTICS
Reason: not reachable from this program or proof-local terms; no intended-domain witness
```k
syntax Int ::= intOf(Val) [function]
```

## 104. rule — reference-semantics/semantics/builtins.k:55
Attributes: none
Decision: UNUSED-FIXED-SEMANTICS
Reason: not reachable from this program or proof-local terms; no intended-domain witness
```k
rule intOf(I:Int)  => I
```

## 105. rule — reference-semantics/semantics/builtins.k:56
Attributes: none
Decision: UNUSED-FIXED-SEMANTICS
Reason: not reachable from this program or proof-local terms; no intended-domain witness
```k
rule intOf(B:Bool) => #if B #then 1 #else 0 #fi
```

## 106. syntax — reference-semantics/semantics/builtins.k:59
Attributes: none
Decision: UNUSED-FIXED-SEMANTICS
Reason: not reachable from this program or proof-local terms; no intended-domain witness
```k
syntax KItem ::= #allAcc(Iterable) | "#allCont"
```

## 107. rule — reference-semantics/semantics/builtins.k:60
Attributes: none
Decision: UNUSED-FIXED-SEMANTICS
Reason: not reachable from this program or proof-local terms; no intended-domain witness
```k
rule <k> #allAcc(IT:Iterable) => #iterNext(IT) ~> #allCont ... </k>
```

## 108. rule — reference-semantics/semantics/builtins.k:61
Attributes: none
Decision: UNUSED-FIXED-SEMANTICS
Reason: not reachable from this program or proof-local terms; no intended-domain witness
```k
rule <k> #iterDone ~> #allCont => true ... </k>
```

## 109. rule — reference-semantics/semantics/builtins.k:62-63
Attributes: none
Decision: UNUSED-FIXED-SEMANTICS
Reason: not reachable from this program or proof-local terms; no intended-domain witness
```k
rule <k> #iterYield(V:Val, R:Iterable) ~> #allCont => #allAcc(R) ... </k>
       requires truthy(V)
```

## 110. rule — reference-semantics/semantics/builtins.k:64-65
Attributes: none
Decision: UNUSED-FIXED-SEMANTICS
Reason: not reachable from this program or proof-local terms; no intended-domain witness
```k
rule <k> #iterYield(V:Val, _:Iterable) ~> #allCont => false ... </k>
       requires notBool truthy(V)
```

## 111. syntax — reference-semantics/semantics/builtins.k:67
Attributes: none
Decision: UNUSED-FIXED-SEMANTICS
Reason: not reachable from this program or proof-local terms; no intended-domain witness
```k
syntax KItem ::= #anyAcc(Iterable) | "#anyCont"
```

## 112. rule — reference-semantics/semantics/builtins.k:68
Attributes: none
Decision: UNUSED-FIXED-SEMANTICS
Reason: not reachable from this program or proof-local terms; no intended-domain witness
```k
rule <k> #anyAcc(IT:Iterable) => #iterNext(IT) ~> #anyCont ... </k>
```

## 113. rule — reference-semantics/semantics/builtins.k:69
Attributes: none
Decision: UNUSED-FIXED-SEMANTICS
Reason: not reachable from this program or proof-local terms; no intended-domain witness
```k
rule <k> #iterDone ~> #anyCont => false ... </k>
```

## 114. rule — reference-semantics/semantics/builtins.k:70-71
Attributes: none
Decision: UNUSED-FIXED-SEMANTICS
Reason: not reachable from this program or proof-local terms; no intended-domain witness
```k
rule <k> #iterYield(V:Val, _:Iterable) ~> #anyCont => true ... </k>
       requires truthy(V)
```

## 115. rule — reference-semantics/semantics/builtins.k:72-73
Attributes: none
Decision: UNUSED-FIXED-SEMANTICS
Reason: not reachable from this program or proof-local terms; no intended-domain witness
```k
rule <k> #iterYield(V:Val, R:Iterable) ~> #anyCont => #anyAcc(R) ... </k>
       requires notBool truthy(V)
```

## 116. syntax — reference-semantics/semantics/builtins.k:76
Attributes: none
Decision: UNUSED-FIXED-SEMANTICS
Reason: not reachable from this program or proof-local terms; no intended-domain witness
```k
syntax KItem ::= #maxAcc0(Iterable) | "#maxCont0" | #maxAcc(Iterable, Int) | #maxCont(Int)
```

## 117. rule — reference-semantics/semantics/builtins.k:77
Attributes: none
Decision: UNUSED-FIXED-SEMANTICS
Reason: not reachable from this program or proof-local terms; no intended-domain witness
```k
rule <k> #maxAcc0(IT:Iterable) => #iterNext(IT) ~> #maxCont0 ... </k>
```

## 118. rule — reference-semantics/semantics/builtins.k:78-79
Attributes: none
Decision: UNUSED-FIXED-SEMANTICS
Reason: not reachable from this program or proof-local terms; no intended-domain witness
```k
rule <k> #iterYield(V:Val, R:Iterable) ~> #maxCont0 => #maxAcc(R, {V}:>Int) ... </k>
       requires isInt(V)
```

## 119. rule — reference-semantics/semantics/builtins.k:80
Attributes: none
Decision: UNUSED-FIXED-SEMANTICS
Reason: not reachable from this program or proof-local terms; no intended-domain witness
```k
rule <k> #maxAcc(IT:Iterable, M:Int) => #iterNext(IT) ~> #maxCont(M) ... </k>
```

## 120. rule — reference-semantics/semantics/builtins.k:81
Attributes: none
Decision: UNUSED-FIXED-SEMANTICS
Reason: not reachable from this program or proof-local terms; no intended-domain witness
```k
rule <k> #iterDone ~> #maxCont(M:Int) => M ... </k>
```

## 121. rule — reference-semantics/semantics/builtins.k:82-84
Attributes: none
Decision: UNUSED-FIXED-SEMANTICS
Reason: not reachable from this program or proof-local terms; no intended-domain witness
```k
rule <k> #iterYield(V:Val, R:Iterable) ~> #maxCont(M:Int)
        => #maxAcc(R, maxInt(M, {V}:>Int)) ... </k>
       requires isInt(V)
```

## 122. syntax — reference-semantics/semantics/builtins.k:86
Attributes: none
Decision: UNUSED-FIXED-SEMANTICS
Reason: not reachable from this program or proof-local terms; no intended-domain witness
```k
syntax KItem ::= #minAcc0(Iterable) | "#minCont0" | #minAcc(Iterable, Int) | #minCont(Int)
```

## 123. rule — reference-semantics/semantics/builtins.k:87
Attributes: none
Decision: UNUSED-FIXED-SEMANTICS
Reason: not reachable from this program or proof-local terms; no intended-domain witness
```k
rule <k> #minAcc0(IT:Iterable) => #iterNext(IT) ~> #minCont0 ... </k>
```

## 124. rule — reference-semantics/semantics/builtins.k:88-89
Attributes: none
Decision: UNUSED-FIXED-SEMANTICS
Reason: not reachable from this program or proof-local terms; no intended-domain witness
```k
rule <k> #iterYield(V:Val, R:Iterable) ~> #minCont0 => #minAcc(R, {V}:>Int) ... </k>
       requires isInt(V)
```

## 125. rule — reference-semantics/semantics/builtins.k:90
Attributes: none
Decision: UNUSED-FIXED-SEMANTICS
Reason: not reachable from this program or proof-local terms; no intended-domain witness
```k
rule <k> #minAcc(IT:Iterable, M:Int) => #iterNext(IT) ~> #minCont(M) ... </k>
```

## 126. rule — reference-semantics/semantics/builtins.k:91
Attributes: none
Decision: UNUSED-FIXED-SEMANTICS
Reason: not reachable from this program or proof-local terms; no intended-domain witness
```k
rule <k> #iterDone ~> #minCont(M:Int) => M ... </k>
```

## 127. rule — reference-semantics/semantics/builtins.k:92-94
Attributes: none
Decision: UNUSED-FIXED-SEMANTICS
Reason: not reachable from this program or proof-local terms; no intended-domain witness
```k
rule <k> #iterYield(V:Val, R:Iterable) ~> #minCont(M:Int)
        => #minAcc(R, minInt(M, {V}:>Int)) ... </k>
       requires isInt(V)
```

## 128. syntax — reference-semantics/semantics/builtins.k:97
Attributes: function
Decision: UNUSED-FIXED-SEMANTICS
Reason: not reachable from this program or proof-local terms; no intended-domain witness
```k
syntax Int ::= maxVals(Int, Vals) [function]
```

## 129. rule — reference-semantics/semantics/builtins.k:98
Attributes: none
Decision: UNUSED-FIXED-SEMANTICS
Reason: not reachable from this program or proof-local terms; no intended-domain witness
```k
rule applyBuiltin("max", I:Int, REST:Vals) => maxVals(I, REST)
```

## 130. rule — reference-semantics/semantics/builtins.k:99
Attributes: none
Decision: UNUSED-FIXED-SEMANTICS
Reason: not reachable from this program or proof-local terms; no intended-domain witness
```k
rule maxVals(M:Int, .Vals)           => M
```

## 131. rule — reference-semantics/semantics/builtins.k:100
Attributes: none
Decision: UNUSED-FIXED-SEMANTICS
Reason: not reachable from this program or proof-local terms; no intended-domain witness
```k
rule maxVals(M:Int, (I:Int, R:Vals)) => maxVals(maxInt(M, I), R)
```

## 132. syntax — reference-semantics/semantics/builtins.k:102
Attributes: function
Decision: UNUSED-FIXED-SEMANTICS
Reason: not reachable from this program or proof-local terms; no intended-domain witness
```k
syntax Int ::= minVals(Int, Vals) [function]
```

## 133. rule — reference-semantics/semantics/builtins.k:103
Attributes: none
Decision: UNUSED-FIXED-SEMANTICS
Reason: not reachable from this program or proof-local terms; no intended-domain witness
```k
rule applyBuiltin("min", I:Int, REST:Vals) => minVals(I, REST)
```

## 134. rule — reference-semantics/semantics/builtins.k:104
Attributes: none
Decision: UNUSED-FIXED-SEMANTICS
Reason: not reachable from this program or proof-local terms; no intended-domain witness
```k
rule minVals(M:Int, .Vals)           => M
```

## 135. rule — reference-semantics/semantics/builtins.k:105
Attributes: none
Decision: UNUSED-FIXED-SEMANTICS
Reason: not reachable from this program or proof-local terms; no intended-domain witness
```k
rule minVals(M:Int, (I:Int, R:Vals)) => minVals(minInt(M, I), R)
```

## 136. rule — reference-semantics/semantics/builtins.k:108-109
Attributes: none
Decision: UNUSED-FIXED-SEMANTICS
Reason: not reachable from this program or proof-local terms; no intended-domain witness
```k
rule applyBuiltin("bin", N:Int, .Vals) => str(iCons(48, iCons(98, binCodes(N))))
       requires N >=Int 0
```

## 137. rule — reference-semantics/semantics/builtins.k:111-113
Attributes: none
Decision: UNUSED-FIXED-SEMANTICS
Reason: not reachable from this program or proof-local terms; no intended-domain witness
```k
rule applyBuiltin("bin", N:Int, .Vals)
    => str(iCons(45, iCons(48, iCons(98, binCodes(0 -Int N)))))
       requires N <Int 0
```

## 138. syntax — reference-semantics/semantics/builtins.k:114
Attributes: function, total
Decision: UNUSED-FIXED-SEMANTICS
Reason: not reachable from this program or proof-local terms; no intended-domain witness
```k
syntax IntSeq ::= binCodes(Int) [function, total]
```

## 139. rule — reference-semantics/semantics/builtins.k:115
Attributes: none
Decision: UNUSED-FIXED-SEMANTICS
Reason: not reachable from this program or proof-local terms; no intended-domain witness
```k
rule binCodes(0) => iCons(48, .IntSeq)
```

## 140. rule — reference-semantics/semantics/builtins.k:116
Attributes: none
Decision: UNUSED-FIXED-SEMANTICS
Reason: not reachable from this program or proof-local terms; no intended-domain witness
```k
rule binCodes(N:Int) => binAcc(N, .IntSeq) requires N >Int 0
```

## 141. syntax — reference-semantics/semantics/builtins.k:117
Attributes: function, total
Decision: UNUSED-FIXED-SEMANTICS
Reason: not reachable from this program or proof-local terms; no intended-domain witness
```k
syntax IntSeq ::= binAcc(Int, IntSeq) [function, total]
```

## 142. rule — reference-semantics/semantics/builtins.k:118
Attributes: none
Decision: UNUSED-FIXED-SEMANTICS
Reason: not reachable from this program or proof-local terms; no intended-domain witness
```k
rule binAcc(0, ACC:IntSeq) => ACC
```

## 143. rule — reference-semantics/semantics/builtins.k:119-121
Attributes: none
Decision: UNUSED-FIXED-SEMANTICS
Reason: not reachable from this program or proof-local terms; no intended-domain witness
```k
rule binAcc(N:Int, ACC:IntSeq)
    => binAcc((N -Int pyMod(N, 2)) /Int 2, iCons(48 +Int pyMod(N, 2), ACC))
       requires N >Int 0
```

## 144. rule — reference-semantics/semantics/builtins.k:124-125
Attributes: none
Decision: UNUSED-FIXED-SEMANTICS
Reason: not reachable from this program or proof-local terms; no intended-domain witness
```k
rule <k> #applyK(toCall(builtinV("enumerate")), (list(VS:ValSeq), .Vals))
        => #alloc(list(enumVS(VS, 0))) ... </k>
```

## 145. syntax — reference-semantics/semantics/builtins.k:126
Attributes: function, total
Decision: UNUSED-FIXED-SEMANTICS
Reason: not reachable from this program or proof-local terms; no intended-domain witness
```k
syntax ValSeq ::= enumVS(ValSeq, Int) [function, total]
```

## 146. rule — reference-semantics/semantics/builtins.k:127
Attributes: none
Decision: UNUSED-FIXED-SEMANTICS
Reason: not reachable from this program or proof-local terms; no intended-domain witness
```k
rule enumVS(.ValSeq, _:Int) => .ValSeq
```

## 147. rule — reference-semantics/semantics/builtins.k:128-129
Attributes: none
Decision: UNUSED-FIXED-SEMANTICS
Reason: not reachable from this program or proof-local terms; no intended-domain witness
```k
rule enumVS(vCons(V:Val, R:ValSeq), I:Int)
    => vCons(tuple(vCons(I, vCons(V, .ValSeq))), enumVS(R, I +Int 1))
```

## 148. rule — reference-semantics/semantics/builtins.k:132-133
Attributes: none
Decision: UNUSED-FIXED-SEMANTICS
Reason: not reachable from this program or proof-local terms; no intended-domain witness
```k
rule <k> #applyK(toCall(builtinV("map")), (typeV("str"), list(VS:ValSeq), .Vals))
        => #alloc(list(mapStrVS(VS))) ... </k>
```

## 149. syntax — reference-semantics/semantics/builtins.k:134
Attributes: function, total
Decision: UNUSED-FIXED-SEMANTICS
Reason: not reachable from this program or proof-local terms; no intended-domain witness
```k
syntax ValSeq ::= mapStrVS(ValSeq) [function, total]
```

## 150. rule — reference-semantics/semantics/builtins.k:135
Attributes: none
Decision: UNUSED-FIXED-SEMANTICS
Reason: not reachable from this program or proof-local terms; no intended-domain witness
```k
rule mapStrVS(.ValSeq) => .ValSeq
```

## 151. rule — reference-semantics/semantics/builtins.k:136
Attributes: none
Decision: UNUSED-FIXED-SEMANTICS
Reason: not reachable from this program or proof-local terms; no intended-domain witness
```k
rule mapStrVS(vCons(I:Int, R:ValSeq)) => vCons(str(strToCodes(Int2String(I))), mapStrVS(R))
```

## 152. rule — reference-semantics/semantics/builtins.k:137
Attributes: none
Decision: UNUSED-FIXED-SEMANTICS
Reason: not reachable from this program or proof-local terms; no intended-domain witness
```k
rule mapStrVS(vCons(str(CS:IntSeq), R:ValSeq)) => vCons(str(CS), mapStrVS(R))
```

## 153. rule — reference-semantics/semantics/builtins.k:140
Attributes: none
Decision: UNUSED-FIXED-SEMANTICS
Reason: not reachable from this program or proof-local terms; no intended-domain witness
```k
rule applyBuiltin("int", I:Int, .Vals) => I
```

## 154. rule — reference-semantics/semantics/builtins.k:143
Attributes: none
Decision: UNUSED-FIXED-SEMANTICS
Reason: not reachable from this program or proof-local terms; no intended-domain witness
```k
rule applyBuiltin("ord", str(iCons(C:Int, .IntSeq)), .Vals) => C
```

## 155. rule — reference-semantics/semantics/builtins.k:144-145
Attributes: none
Decision: UNUSED-FIXED-SEMANTICS
Reason: not reachable from this program or proof-local terms; no intended-domain witness
```k
rule applyBuiltin("chr", I:Int, .Vals) => str(iCons(I, .IntSeq))
       requires 0 <=Int I andBool I <Int 128
```

## 156. rule — reference-semantics/semantics/builtins.k:148
Attributes: none
Decision: UNUSED-FIXED-SEMANTICS
Reason: not reachable from this program or proof-local terms; no intended-domain witness
```k
rule applyBuiltin("str", I:Int, .Vals)       => str(strToCodes(Int2String(I)))
```

## 157. rule — reference-semantics/semantics/builtins.k:149
Attributes: none
Decision: UNUSED-FIXED-SEMANTICS
Reason: not reachable from this program or proof-local terms; no intended-domain witness
```k
rule applyBuiltin("str", str(CS:IntSeq), .Vals) => str(CS)
```

## 158. rule — reference-semantics/semantics/builtins.k:152-153
Attributes: none
Decision: UNUSED-FIXED-SEMANTICS
Reason: not reachable from this program or proof-local terms; no intended-domain witness
```k
rule applyBuiltin("int", str(iCons(C:Int, .IntSeq)), .Vals) => C -Int 48
       requires 48 <=Int C andBool C <=Int 57
```

## 159. rule — reference-semantics/semantics/builtins.k:156-157
Attributes: none
Decision: UNUSED-FIXED-SEMANTICS
Reason: not reachable from this program or proof-local terms; no intended-domain witness
```k
rule applyBuiltin("int", str(CS:IntSeq), .Vals) => intDigAcc(CS, 0)
       requires isLen(CS) >=Int 2
```

## 160. syntax — reference-semantics/semantics/builtins.k:158
Attributes: function, total
Decision: UNUSED-FIXED-SEMANTICS
Reason: not reachable from this program or proof-local terms; no intended-domain witness
```k
syntax Int ::= intDigAcc(IntSeq, Int) [function, total]
```

## 161. rule — reference-semantics/semantics/builtins.k:159
Attributes: none
Decision: UNUSED-FIXED-SEMANTICS
Reason: not reachable from this program or proof-local terms; no intended-domain witness
```k
rule intDigAcc(.IntSeq, ACC:Int)             => ACC
```

## 162. rule — reference-semantics/semantics/builtins.k:160
Attributes: none
Decision: UNUSED-FIXED-SEMANTICS
Reason: not reachable from this program or proof-local terms; no intended-domain witness
```k
rule intDigAcc(iCons(C:Int, R:IntSeq), ACC:Int) => intDigAcc(R, (ACC *Int 10) +Int (C -Int 48))
```

## 163. rule — reference-semantics/semantics/builtins.k:163
Attributes: none
Decision: UNUSED-FIXED-SEMANTICS
Reason: not reachable from this program or proof-local terms; no intended-domain witness
```k
rule applyBuiltin("zip", list(A:ValSeq), list(B:ValSeq), .Vals) => zipObj(A, B)
```

## 164. rule — reference-semantics/semantics/builtins.k:164
Attributes: none
Decision: UNUSED-FIXED-SEMANTICS
Reason: not reachable from this program or proof-local terms; no intended-domain witness
```k
rule applyBuiltin("zip", str(A:IntSeq), str(B:IntSeq), .Vals)   => zipObjS(A, B)
```

## 165. rule — reference-semantics/semantics/builtins.k:167-168
Attributes: none
Decision: UNUSED-FIXED-SEMANTICS
Reason: not reachable from this program or proof-local terms; no intended-domain witness
```k
rule <k> #iterNext(zipObj(vCons(A:Val, As:ValSeq), vCons(B:Val, Bs:ValSeq)))
        => #iterYield(tuple(vCons(A, vCons(B, .ValSeq))), zipObj(As, Bs)) ... </k>
```

## 166. rule — reference-semantics/semantics/builtins.k:169
Attributes: none
Decision: UNUSED-FIXED-SEMANTICS
Reason: not reachable from this program or proof-local terms; no intended-domain witness
```k
rule <k> #iterNext(zipObj(.ValSeq, _:ValSeq))               => #iterDone ... </k>
```

## 167. rule — reference-semantics/semantics/builtins.k:170
Attributes: none
Decision: UNUSED-FIXED-SEMANTICS
Reason: not reachable from this program or proof-local terms; no intended-domain witness
```k
rule <k> #iterNext(zipObj(vCons(_:Val, _:ValSeq), .ValSeq)) => #iterDone ... </k>
```

## 168. rule — reference-semantics/semantics/builtins.k:171-172
Attributes: none
Decision: UNUSED-FIXED-SEMANTICS
Reason: not reachable from this program or proof-local terms; no intended-domain witness
```k
rule <k> #iterNext(zipObjS(iCons(A:Int, As:IntSeq), iCons(B:Int, Bs:IntSeq)))
        => #iterYield(tuple(vCons(str(iCons(A, .IntSeq)), vCons(str(iCons(B, .IntSeq)), .ValSeq))), zipObjS(As, Bs)) ... </k>
```

## 169. rule — reference-semantics/semantics/builtins.k:173
Attributes: none
Decision: UNUSED-FIXED-SEMANTICS
Reason: not reachable from this program or proof-local terms; no intended-domain witness
```k
rule <k> #iterNext(zipObjS(.IntSeq, _:IntSeq))              => #iterDone ... </k>
```

## 170. rule — reference-semantics/semantics/builtins.k:174
Attributes: none
Decision: UNUSED-FIXED-SEMANTICS
Reason: not reachable from this program or proof-local terms; no intended-domain witness
```k
rule <k> #iterNext(zipObjS(iCons(_:Int, _:IntSeq), .IntSeq)) => #iterDone ... </k>
```

## 171. rule — reference-semantics/semantics/builtins.k:177
Attributes: none
Decision: UNUSED-FIXED-SEMANTICS
Reason: not reachable from this program or proof-local terms; no intended-domain witness
```k
rule applyBuiltin("range", I:Int, .Vals)               => rangeObj(0, I, 1)
```

## 172. rule — reference-semantics/semantics/builtins.k:178
Attributes: none
Decision: UNUSED-FIXED-SEMANTICS
Reason: not reachable from this program or proof-local terms; no intended-domain witness
```k
rule applyBuiltin("range", A:Int, B:Int, .Vals)        => rangeObj(A, B, 1)
```

## 173. rule — reference-semantics/semantics/builtins.k:179-180
Attributes: none
Decision: UNUSED-FIXED-SEMANTICS
Reason: not reachable from this program or proof-local terms; no intended-domain witness
```k
rule applyBuiltin("range", A:Int, B:Int, S:Int, .Vals) => rangeObj(A, B, S)
       requires S =/=Int 0
```

## 174. rule — reference-semantics/semantics/builtins.k:187
Attributes: none
Decision: UNUSED-FIXED-SEMANTICS
Reason: not reachable from this program or proof-local terms; no intended-domain witness
```k
rule applyBuiltin("eval", str(CS:IntSeq), .Vals) => evalArith(CS)
```

## 175. syntax — reference-semantics/semantics/builtins.k:188
Attributes: function
Decision: UNUSED-FIXED-SEMANTICS
Reason: not reachable from this program or proof-local terms; no intended-domain witness
```k
syntax Int ::= evalArith(IntSeq) [function]
```

## 176. rule — reference-semantics/semantics/builtins.k:189-190
Attributes: none
Decision: UNUSED-FIXED-SEMANTICS
Reason: not reachable from this program or proof-local terms; no intended-domain witness
```k
rule evalArith(CS:IntSeq)
    => firstNdE(passAddE(passMulE(passPowE(tokOps(CS), tokNds(CS)))))
```

## 177. syntax — reference-semantics/semantics/builtins.k:192
Attributes: none
Decision: UNUSED-FIXED-SEMANTICS
Reason: not reachable from this program or proof-local terms; no intended-domain witness
```k
syntax OpSeq ::= ".OpSeq" | oCons(String, OpSeq)
```

## 178. syntax — reference-semantics/semantics/builtins.k:194
Attributes: function, total
Decision: UNUSED-FIXED-SEMANTICS
Reason: not reachable from this program or proof-local terms; no intended-domain witness
```k
syntax Bool ::= evDigit(Int) [function, total]
```

## 179. rule — reference-semantics/semantics/builtins.k:195
Attributes: none
Decision: UNUSED-FIXED-SEMANTICS
Reason: not reachable from this program or proof-local terms; no intended-domain witness
```k
rule evDigit(C:Int) => C >=Int 48 andBool C <=Int 57
```

## 180. syntax — reference-semantics/semantics/builtins.k:196
Attributes: function, total
Decision: UNUSED-FIXED-SEMANTICS
Reason: not reachable from this program or proof-local terms; no intended-domain witness
```k
syntax Bool ::= evHead42(IntSeq) [function, total]
```

## 181. rule — reference-semantics/semantics/builtins.k:197
Attributes: none
Decision: UNUSED-FIXED-SEMANTICS
Reason: not reachable from this program or proof-local terms; no intended-domain witness
```k
rule evHead42(iCons(42, _:IntSeq)) => true
```

## 182. rule — reference-semantics/semantics/builtins.k:198
Attributes: owise
Decision: UNUSED-FIXED-SEMANTICS
Reason: not reachable from this program or proof-local terms; no intended-domain witness
```k
rule evHead42(_:IntSeq)            => false [owise]
```

## 183. syntax — reference-semantics/semantics/builtins.k:199
Attributes: function, total
Decision: UNUSED-FIXED-SEMANTICS
Reason: not reachable from this program or proof-local terms; no intended-domain witness
```k
syntax Bool ::= evHead47(IntSeq) [function, total]
```

## 184. rule — reference-semantics/semantics/builtins.k:200
Attributes: none
Decision: UNUSED-FIXED-SEMANTICS
Reason: not reachable from this program or proof-local terms; no intended-domain witness
```k
rule evHead47(iCons(47, _:IntSeq)) => true
```

## 185. rule — reference-semantics/semantics/builtins.k:201
Attributes: owise
Decision: UNUSED-FIXED-SEMANTICS
Reason: not reachable from this program or proof-local terms; no intended-domain witness
```k
rule evHead47(_:IntSeq)            => false [owise]
```

## 186. syntax — reference-semantics/semantics/builtins.k:203
Attributes: function, total
Decision: UNUSED-FIXED-SEMANTICS
Reason: not reachable from this program or proof-local terms; no intended-domain witness
```k
syntax OpSeq ::= tokOps(IntSeq) [function, total]
```

## 187. rule — reference-semantics/semantics/builtins.k:204
Attributes: none
Decision: UNUSED-FIXED-SEMANTICS
Reason: not reachable from this program or proof-local terms; no intended-domain witness
```k
rule tokOps(.IntSeq)                 => .OpSeq
```

## 188. rule — reference-semantics/semantics/builtins.k:205
Attributes: none
Decision: UNUSED-FIXED-SEMANTICS
Reason: not reachable from this program or proof-local terms; no intended-domain witness
```k
rule tokOps(iCons(32, R:IntSeq))     => tokOps(R)
```

## 189. rule — reference-semantics/semantics/builtins.k:206
Attributes: none
Decision: UNUSED-FIXED-SEMANTICS
Reason: not reachable from this program or proof-local terms; no intended-domain witness
```k
rule tokOps(iCons(C:Int, R:IntSeq))  => tokOps(R) requires evDigit(C)
```

## 190. rule — reference-semantics/semantics/builtins.k:207
Attributes: none
Decision: UNUSED-FIXED-SEMANTICS
Reason: not reachable from this program or proof-local terms; no intended-domain witness
```k
rule tokOps(iCons(42, iCons(42, R:IntSeq))) => oCons("**", tokOps(R))
```

## 191. rule — reference-semantics/semantics/builtins.k:208
Attributes: none
Decision: UNUSED-FIXED-SEMANTICS
Reason: not reachable from this program or proof-local terms; no intended-domain witness
```k
rule tokOps(iCons(42, R:IntSeq))     => oCons("*", tokOps(R)) requires notBool evHead42(R)
```

## 192. rule — reference-semantics/semantics/builtins.k:209
Attributes: none
Decision: UNUSED-FIXED-SEMANTICS
Reason: not reachable from this program or proof-local terms; no intended-domain witness
```k
rule tokOps(iCons(47, iCons(47, R:IntSeq))) => oCons("//", tokOps(R))
```

## 193. rule — reference-semantics/semantics/builtins.k:210
Attributes: none
Decision: UNUSED-FIXED-SEMANTICS
Reason: not reachable from this program or proof-local terms; no intended-domain witness
```k
rule tokOps(iCons(47, R:IntSeq))     => oCons("/", tokOps(R)) requires notBool evHead47(R)
```

## 194. rule — reference-semantics/semantics/builtins.k:211
Attributes: none
Decision: UNUSED-FIXED-SEMANTICS
Reason: not reachable from this program or proof-local terms; no intended-domain witness
```k
rule tokOps(iCons(43, R:IntSeq))     => oCons("+", tokOps(R))
```

## 195. rule — reference-semantics/semantics/builtins.k:212
Attributes: none
Decision: UNUSED-FIXED-SEMANTICS
Reason: not reachable from this program or proof-local terms; no intended-domain witness
```k
rule tokOps(iCons(45, R:IntSeq))     => oCons("-", tokOps(R))
```

## 196. syntax — reference-semantics/semantics/builtins.k:214-215
Attributes: function, total
Decision: UNUSED-FIXED-SEMANTICS
Reason: not reachable from this program or proof-local terms; no intended-domain witness
```k
syntax IntSeq ::= tokNds(IntSeq) [function, total]
                  | tokNdAcc(Int, IntSeq) [function, total]
```

## 197. rule — reference-semantics/semantics/builtins.k:216
Attributes: none
Decision: UNUSED-FIXED-SEMANTICS
Reason: not reachable from this program or proof-local terms; no intended-domain witness
```k
rule tokNds(.IntSeq)                => .IntSeq
```

## 198. rule — reference-semantics/semantics/builtins.k:217
Attributes: none
Decision: UNUSED-FIXED-SEMANTICS
Reason: not reachable from this program or proof-local terms; no intended-domain witness
```k
rule tokNds(iCons(32, R:IntSeq))    => tokNds(R)
```

## 199. rule — reference-semantics/semantics/builtins.k:218
Attributes: none
Decision: UNUSED-FIXED-SEMANTICS
Reason: not reachable from this program or proof-local terms; no intended-domain witness
```k
rule tokNds(iCons(C:Int, R:IntSeq)) => tokNdAcc(C -Int 48, R) requires evDigit(C)
```

## 200. rule — reference-semantics/semantics/builtins.k:219-220
Attributes: none
Decision: UNUSED-FIXED-SEMANTICS
Reason: not reachable from this program or proof-local terms; no intended-domain witness
```k
rule tokNds(iCons(C:Int, R:IntSeq)) => tokNds(R)
       requires notBool evDigit(C) andBool C =/=Int 32
```

## 201. rule — reference-semantics/semantics/builtins.k:221-222
Attributes: none
Decision: UNUSED-FIXED-SEMANTICS
Reason: not reachable from this program or proof-local terms; no intended-domain witness
```k
rule tokNdAcc(A:Int, iCons(C:Int, R:IntSeq)) => tokNdAcc(A *Int 10 +Int (C -Int 48), R)
       requires evDigit(C)
```

## 202. rule — reference-semantics/semantics/builtins.k:223
Attributes: owise
Decision: UNUSED-FIXED-SEMANTICS
Reason: not reachable from this program or proof-local terms; no intended-domain witness
```k
rule tokNdAcc(A:Int, S:IntSeq) => iCons(A, tokNds(S)) [owise]
```

## 203. syntax — reference-semantics/semantics/builtins.k:225
Attributes: none
Decision: UNUSED-FIXED-SEMANTICS
Reason: not reachable from this program or proof-local terms; no intended-domain witness
```k
syntax EvPair ::= evp(OpSeq, IntSeq)
```

## 204. syntax — reference-semantics/semantics/builtins.k:226
Attributes: function, total
Decision: UNUSED-FIXED-SEMANTICS
Reason: not reachable from this program or proof-local terms; no intended-domain witness
```k
syntax Int ::= firstNdE(EvPair) [function, total]
```

## 205. rule — reference-semantics/semantics/builtins.k:227
Attributes: none
Decision: UNUSED-FIXED-SEMANTICS
Reason: not reachable from this program or proof-local terms; no intended-domain witness
```k
rule firstNdE(evp(_:OpSeq, iCons(N:Int, _:IntSeq))) => N
```

## 206. rule — reference-semantics/semantics/builtins.k:228
Attributes: owise
Decision: UNUSED-FIXED-SEMANTICS
Reason: not reachable from this program or proof-local terms; no intended-domain witness
```k
rule firstNdE(_:EvPair) => 0 [owise]
```

## 207. syntax — reference-semantics/semantics/builtins.k:230
Attributes: function, total
Decision: UNUSED-FIXED-SEMANTICS
Reason: not reachable from this program or proof-local terms; no intended-domain witness
```k
syntax Int ::= applyOpE(String, Int, Int) [function, total]
```

## 208. rule — reference-semantics/semantics/builtins.k:231
Attributes: none
Decision: UNUSED-FIXED-SEMANTICS
Reason: not reachable from this program or proof-local terms; no intended-domain witness
```k
rule applyOpE("+",  A:Int, B:Int) => A +Int B
```

## 209. rule — reference-semantics/semantics/builtins.k:232
Attributes: none
Decision: UNUSED-FIXED-SEMANTICS
Reason: not reachable from this program or proof-local terms; no intended-domain witness
```k
rule applyOpE("-",  A:Int, B:Int) => A -Int B
```

## 210. rule — reference-semantics/semantics/builtins.k:233
Attributes: none
Decision: UNUSED-FIXED-SEMANTICS
Reason: not reachable from this program or proof-local terms; no intended-domain witness
```k
rule applyOpE("*",  A:Int, B:Int) => A *Int B
```

## 211. rule — reference-semantics/semantics/builtins.k:234
Attributes: none
Decision: UNUSED-FIXED-SEMANTICS
Reason: not reachable from this program or proof-local terms; no intended-domain witness
```k
rule applyOpE("//", A:Int, B:Int) => A divInt B
```

## 212. rule — reference-semantics/semantics/builtins.k:235
Attributes: none
Decision: UNUSED-FIXED-SEMANTICS
Reason: not reachable from this program or proof-local terms; no intended-domain witness
```k
rule applyOpE("**", A:Int, B:Int) => A ^Int B
```

## 213. rule — reference-semantics/semantics/builtins.k:236
Attributes: owise
Decision: UNUSED-FIXED-SEMANTICS
Reason: not reachable from this program or proof-local terms; no intended-domain witness
```k
rule applyOpE(_:String, A:Int, _:Int) => A [owise]
```

## 214. syntax — reference-semantics/semantics/builtins.k:238
Attributes: function, total
Decision: UNUSED-FIXED-SEMANTICS
Reason: not reachable from this program or proof-local terms; no intended-domain witness
```k
syntax EvPair ::= passPowE(OpSeq, IntSeq) [function, total]
```

## 215. rule — reference-semantics/semantics/builtins.k:239
Attributes: none
Decision: UNUSED-FIXED-SEMANTICS
Reason: not reachable from this program or proof-local terms; no intended-domain witness
```k
rule passPowE(.OpSeq, NDS:IntSeq) => evp(.OpSeq, NDS)
```

## 216. rule — reference-semantics/semantics/builtins.k:240
Attributes: none
Decision: UNUSED-FIXED-SEMANTICS
Reason: not reachable from this program or proof-local terms; no intended-domain witness
```k
rule passPowE(oCons("**", OPS:OpSeq), iCons(N:Int, NDS:IntSeq)) => powCombE(N, passPowE(OPS, NDS))
```

## 217. rule — reference-semantics/semantics/builtins.k:241-242
Attributes: none
Decision: UNUSED-FIXED-SEMANTICS
Reason: not reachable from this program or proof-local terms; no intended-domain witness
```k
rule passPowE(oCons(O:String, OPS:OpSeq), iCons(N:Int, NDS:IntSeq)) => powCarryE(O, N, passPowE(OPS, NDS))
       requires O =/=String "**"
```

## 218. rule — reference-semantics/semantics/builtins.k:243
Attributes: owise
Decision: UNUSED-FIXED-SEMANTICS
Reason: not reachable from this program or proof-local terms; no intended-domain witness
```k
rule passPowE(_:OpSeq, .IntSeq) => evp(.OpSeq, .IntSeq) [owise]
```

## 219. syntax — reference-semantics/semantics/builtins.k:244
Attributes: function, total
Decision: UNUSED-FIXED-SEMANTICS
Reason: not reachable from this program or proof-local terms; no intended-domain witness
```k
syntax EvPair ::= powCombE(Int, EvPair) [function, total]
```

## 220. rule — reference-semantics/semantics/builtins.k:245
Attributes: none
Decision: UNUSED-FIXED-SEMANTICS
Reason: not reachable from this program or proof-local terms; no intended-domain witness
```k
rule powCombE(N:Int, evp(OPS:OpSeq, iCons(M:Int, REST:IntSeq))) => evp(OPS, iCons(N ^Int M, REST))
```

## 221. rule — reference-semantics/semantics/builtins.k:246
Attributes: none
Decision: UNUSED-FIXED-SEMANTICS
Reason: not reachable from this program or proof-local terms; no intended-domain witness
```k
rule powCombE(N:Int, evp(OPS:OpSeq, .IntSeq)) => evp(OPS, iCons(N, .IntSeq))
```

## 222. syntax — reference-semantics/semantics/builtins.k:247
Attributes: function, total
Decision: UNUSED-FIXED-SEMANTICS
Reason: not reachable from this program or proof-local terms; no intended-domain witness
```k
syntax EvPair ::= powCarryE(String, Int, EvPair) [function, total]
```

## 223. rule — reference-semantics/semantics/builtins.k:248
Attributes: none
Decision: UNUSED-FIXED-SEMANTICS
Reason: not reachable from this program or proof-local terms; no intended-domain witness
```k
rule powCarryE(O:String, N:Int, evp(OPS:OpSeq, NDS:IntSeq)) => evp(oCons(O, OPS), iCons(N, NDS))
```

## 224. syntax — reference-semantics/semantics/builtins.k:250
Attributes: function, total
Decision: UNUSED-FIXED-SEMANTICS
Reason: not reachable from this program or proof-local terms; no intended-domain witness
```k
syntax EvPair ::= passMulE(EvPair) [function, total] | passAddE(EvPair) [function, total]
```

## 225. rule — reference-semantics/semantics/builtins.k:251
Attributes: none
Decision: UNUSED-FIXED-SEMANTICS
Reason: not reachable from this program or proof-local terms; no intended-domain witness
```k
rule passMulE(evp(OPS:OpSeq, iCons(N0:Int, NDS:IntSeq))) => passLGoE("mul", N0, OPS, NDS, .OpSeq, .IntSeq)
```

## 226. rule — reference-semantics/semantics/builtins.k:252
Attributes: none
Decision: UNUSED-FIXED-SEMANTICS
Reason: not reachable from this program or proof-local terms; no intended-domain witness
```k
rule passMulE(evp(OPS:OpSeq, .IntSeq)) => evp(OPS, .IntSeq)
```

## 227. rule — reference-semantics/semantics/builtins.k:253
Attributes: none
Decision: UNUSED-FIXED-SEMANTICS
Reason: not reachable from this program or proof-local terms; no intended-domain witness
```k
rule passAddE(evp(OPS:OpSeq, iCons(N0:Int, NDS:IntSeq))) => passLGoE("add", N0, OPS, NDS, .OpSeq, .IntSeq)
```

## 228. rule — reference-semantics/semantics/builtins.k:254
Attributes: none
Decision: UNUSED-FIXED-SEMANTICS
Reason: not reachable from this program or proof-local terms; no intended-domain witness
```k
rule passAddE(evp(OPS:OpSeq, .IntSeq)) => evp(OPS, .IntSeq)
```

## 229. syntax — reference-semantics/semantics/builtins.k:255
Attributes: function, total
Decision: UNUSED-FIXED-SEMANTICS
Reason: not reachable from this program or proof-local terms; no intended-domain witness
```k
syntax EvPair ::= passLGoE(String, Int, OpSeq, IntSeq, OpSeq, IntSeq) [function, total]
```

## 230. rule — reference-semantics/semantics/builtins.k:256
Attributes: none
Decision: UNUSED-FIXED-SEMANTICS
Reason: not reachable from this program or proof-local terms; no intended-domain witness
```k
rule passLGoE(_:String, CUR:Int, .OpSeq, _:IntSeq, OO:OpSeq, ON:IntSeq) => evp(OO, appendIE(ON, CUR))
```

## 231. rule — reference-semantics/semantics/builtins.k:257-259
Attributes: none
Decision: UNUSED-FIXED-SEMANTICS
Reason: not reachable from this program or proof-local terms; no intended-domain witness
```k
rule passLGoE(L:String, CUR:Int, oCons(O:String, OPS:OpSeq), iCons(N:Int, NDS:IntSeq), OO:OpSeq, ON:IntSeq)
    => passLGoE(L, applyOpE(O, CUR, N), OPS, NDS, OO, ON)
       requires inLevelE(L, O)
```

## 232. rule — reference-semantics/semantics/builtins.k:260-262
Attributes: none
Decision: UNUSED-FIXED-SEMANTICS
Reason: not reachable from this program or proof-local terms; no intended-domain witness
```k
rule passLGoE(L:String, CUR:Int, oCons(O:String, OPS:OpSeq), iCons(N:Int, NDS:IntSeq), OO:OpSeq, ON:IntSeq)
    => passLGoE(L, N, OPS, NDS, appendOpE(OO, O), appendIE(ON, CUR))
       requires notBool inLevelE(L, O)
```

## 233. rule — reference-semantics/semantics/builtins.k:263-264
Attributes: owise
Decision: UNUSED-FIXED-SEMANTICS
Reason: not reachable from this program or proof-local terms; no intended-domain witness
```k
rule passLGoE(_:String, CUR:Int, oCons(_:String, _:OpSeq), .IntSeq, OO:OpSeq, ON:IntSeq)
    => evp(OO, appendIE(ON, CUR)) [owise]
```

## 234. syntax — reference-semantics/semantics/builtins.k:265
Attributes: function, total
Decision: UNUSED-FIXED-SEMANTICS
Reason: not reachable from this program or proof-local terms; no intended-domain witness
```k
syntax Bool ::= inLevelE(String, String) [function, total]
```

## 235. rule — reference-semantics/semantics/builtins.k:266
Attributes: none
Decision: UNUSED-FIXED-SEMANTICS
Reason: not reachable from this program or proof-local terms; no intended-domain witness
```k
rule inLevelE("mul", O:String) => O ==String "*" orBool O ==String "//" orBool O ==String "/"
```

## 236. rule — reference-semantics/semantics/builtins.k:267
Attributes: none
Decision: UNUSED-FIXED-SEMANTICS
Reason: not reachable from this program or proof-local terms; no intended-domain witness
```k
rule inLevelE("add", O:String) => O ==String "+" orBool O ==String "-"
```

## 237. rule — reference-semantics/semantics/builtins.k:268
Attributes: owise
Decision: UNUSED-FIXED-SEMANTICS
Reason: not reachable from this program or proof-local terms; no intended-domain witness
```k
rule inLevelE(_:String, _:String) => false [owise]
```

## 238. syntax — reference-semantics/semantics/builtins.k:269
Attributes: function, total
Decision: UNUSED-FIXED-SEMANTICS
Reason: not reachable from this program or proof-local terms; no intended-domain witness
```k
syntax OpSeq ::= appendOpE(OpSeq, String) [function, total]
```

## 239. rule — reference-semantics/semantics/builtins.k:270
Attributes: none
Decision: UNUSED-FIXED-SEMANTICS
Reason: not reachable from this program or proof-local terms; no intended-domain witness
```k
rule appendOpE(.OpSeq, O:String) => oCons(O, .OpSeq)
```

## 240. rule — reference-semantics/semantics/builtins.k:271
Attributes: none
Decision: UNUSED-FIXED-SEMANTICS
Reason: not reachable from this program or proof-local terms; no intended-domain witness
```k
rule appendOpE(oCons(H:String, T:OpSeq), O:String) => oCons(H, appendOpE(T, O))
```

## 241. syntax — reference-semantics/semantics/builtins.k:272
Attributes: function, total
Decision: UNUSED-FIXED-SEMANTICS
Reason: not reachable from this program or proof-local terms; no intended-domain witness
```k
syntax IntSeq ::= appendIE(IntSeq, Int) [function, total]
```

## 242. rule — reference-semantics/semantics/builtins.k:273
Attributes: none
Decision: UNUSED-FIXED-SEMANTICS
Reason: not reachable from this program or proof-local terms; no intended-domain witness
```k
rule appendIE(.IntSeq, N:Int) => iCons(N, .IntSeq)
```

## 243. rule — reference-semantics/semantics/builtins.k:274
Attributes: none
Decision: UNUSED-FIXED-SEMANTICS
Reason: not reachable from this program or proof-local terms; no intended-domain witness
```k
rule appendIE(iCons(H:Int, T:IntSeq), N:Int) => iCons(H, appendIE(T, N))
```

## 244. syntax — reference-semantics/semantics/builtins.k:279
Attributes: none
Decision: UNUSED-FIXED-SEMANTICS
Reason: not reachable from this program or proof-local terms; no intended-domain witness
```k
syntax KItem ::= "#md5"
```

## 245. rule — reference-semantics/semantics/builtins.k:280-281
Attributes: priority
Decision: UNUSED-FIXED-SEMANTICS
Reason: not reachable from this program or proof-local terms; no intended-domain witness
```k
rule <k> Call(Attribute(Name("hashlib"), "md5"), (E:Expr, .Exprs)) => E ~> #md5 ... </k>
       [priority(40)]
```

## 246. rule — reference-semantics/semantics/builtins.k:282
Attributes: none
Decision: UNUSED-FIXED-SEMANTICS
Reason: not reachable from this program or proof-local terms; no intended-domain witness
```k
rule <k> str(CS:IntSeq) ~> #md5 => md5Obj(CS) ... </k>
```

## 247. syntax — reference-semantics/semantics/builtins.k:283
Attributes: none
Decision: UNUSED-FIXED-SEMANTICS
Reason: not reachable from this program or proof-local terms; no intended-domain witness
```k
syntax Val ::= md5Obj(IntSeq)
```

## 248. rule — reference-semantics/semantics/builtins.k:284
Attributes: none
Decision: UNUSED-FIXED-SEMANTICS
Reason: not reachable from this program or proof-local terms; no intended-domain witness
```k
rule applyMethod(md5Obj(CS:IntSeq), "hexdigest", .Vals) => str(md5hexCodes(CS))
```

## 249. syntax — reference-semantics/semantics/builtins.k:285
Attributes: function, no-evaluators, symbol, total
Decision: UNUSED-FIXED-SEMANTICS
Reason: not reachable from this program or proof-local terms; no intended-domain witness
```k
syntax IntSeq ::= md5hexCodes(IntSeq) [function, total, symbol(md5hexCodes), no-evaluators]
```

## 250. rule — reference-semantics/semantics/builtins.k:291
Attributes: none
Decision: UNUSED-FIXED-SEMANTICS
Reason: not reachable from this program or proof-local terms; no intended-domain witness
```k
rule applyBuiltin("isinstance", V:Val, typeV("int"), .Vals) => isIntV(V)
```

## 251. rule — reference-semantics/semantics/builtins.k:292
Attributes: none
Decision: UNUSED-FIXED-SEMANTICS
Reason: not reachable from this program or proof-local terms; no intended-domain witness
```k
rule applyBuiltin("isinstance", V:Val, typeV("str"), .Vals) => isStrV(V)
```

## 252. syntax — reference-semantics/semantics/builtins.k:293
Attributes: function
Decision: UNUSED-FIXED-SEMANTICS
Reason: not reachable from this program or proof-local terms; no intended-domain witness
```k
syntax Bool ::= isIntV(Val) [function] | isStrV(Val) [function]
```

## 253. rule — reference-semantics/semantics/builtins.k:294
Attributes: none
Decision: UNUSED-FIXED-SEMANTICS
Reason: not reachable from this program or proof-local terms; no intended-domain witness
```k
rule isIntV(_:Int)         => true
```

## 254. rule — reference-semantics/semantics/builtins.k:295
Attributes: owise
Decision: UNUSED-FIXED-SEMANTICS
Reason: not reachable from this program or proof-local terms; no intended-domain witness
```k
rule isIntV(_:Val)         => false [owise]
```

## 255. rule — reference-semantics/semantics/builtins.k:296
Attributes: none
Decision: UNUSED-FIXED-SEMANTICS
Reason: not reachable from this program or proof-local terms; no intended-domain witness
```k
rule isStrV(str(_:IntSeq)) => true
```

## 256. rule — reference-semantics/semantics/builtins.k:297
Attributes: owise
Decision: UNUSED-FIXED-SEMANTICS
Reason: not reachable from this program or proof-local terms; no intended-domain witness
```k
rule isStrV(_:Val)         => false [owise]
```

## 257. endmodule — reference-semantics/semantics/builtins.k:298
Attributes: none
Decision: UNUSED-FIXED-SEMANTICS
Reason: not reachable from this program or proof-local terms; no intended-domain witness
```k
endmodule
```

## 258. module — reference-semantics/semantics/call.k:10
Attributes: none
Decision: USED-FIXED-SEMANTICS
Reason: on the submitted term/claim path; agrees with the modeled Python subset
```k
module MPY-CALL
```

## 259. imports — reference-semantics/semantics/call.k:11
Attributes: none
Decision: USED-FIXED-SEMANTICS
Reason: on the submitted term/claim path; agrees with the modeled Python subset
```k
imports MPY-METHODS
```

## 260. imports — reference-semantics/semantics/call.k:12
Attributes: none
Decision: USED-FIXED-SEMANTICS
Reason: on the submitted term/claim path; agrees with the modeled Python subset
```k
imports MPY-BUILTINS
```

## 261. imports — reference-semantics/semantics/call.k:13
Attributes: none
Decision: USED-FIXED-SEMANTICS
Reason: on the submitted term/claim path; agrees with the modeled Python subset
```k
imports MPY-FUNCTIONS
```

## 262. rule — reference-semantics/semantics/call.k:16
Attributes: none
Decision: UNUSED-FIXED-SEMANTICS
Reason: not reachable from this program or proof-local terms; no intended-domain witness
```k
rule <k> Attribute(V:Val, M:String) => boundMethodV(V, M) ... </k>
```

## 263. syntax — reference-semantics/semantics/call.k:19
Attributes: none
Decision: USED-FIXED-SEMANTICS
Reason: on the submitted term/claim path; agrees with the modeled Python subset
```k
syntax KItem ::= #callee(Exprs)
```

## 264. rule — reference-semantics/semantics/call.k:20
Attributes: owise
Decision: USED-FIXED-SEMANTICS
Reason: on the submitted term/claim path; agrees with the modeled Python subset
```k
rule <k> Call(Fe:Expr, ARGS:Exprs) => Fe ~> #callee(ARGS) ... </k> [owise]
```

## 265. rule — reference-semantics/semantics/call.k:21
Attributes: none
Decision: USED-FIXED-SEMANTICS
Reason: on the submitted term/claim path; agrees with the modeled Python subset
```k
rule <k> CV:Val ~> #callee(ARGS:Exprs) => #evalArgs(ARGS, .Vals, toCall(CV)) ... </k>
```

## 266. rule — reference-semantics/semantics/call.k:24
Attributes: none
Decision: USED-FIXED-SEMANTICS
Reason: on the submitted term/claim path; agrees with the modeled Python subset
```k
rule <k> #applyK(toCall(boundMethodV(OBJ:Val, M:String)), ACC:Vals) => applyMethod(OBJ, M, ACC) ... </k>
```

## 267. rule — reference-semantics/semantics/call.k:26
Attributes: none
Decision: USED-FIXED-SEMANTICS
Reason: on the submitted term/claim path; agrees with the modeled Python subset
```k
rule <k> #applyK(toCall(builtinV("sum")), (OBJ:Iterable, .Vals)) => #sumAcc(OBJ, 0) ... </k>
```

## 268. rule — reference-semantics/semantics/call.k:27
Attributes: none
Decision: USED-FIXED-SEMANTICS
Reason: on the submitted term/claim path; agrees with the modeled Python subset
```k
rule <k> #applyK(toCall(builtinV("all")), (OBJ:Iterable, .Vals)) => #allAcc(OBJ)    ... </k>
```

## 269. rule — reference-semantics/semantics/call.k:28
Attributes: none
Decision: USED-FIXED-SEMANTICS
Reason: on the submitted term/claim path; agrees with the modeled Python subset
```k
rule <k> #applyK(toCall(builtinV("any")), (OBJ:Iterable, .Vals)) => #anyAcc(OBJ)    ... </k>
```

## 270. rule — reference-semantics/semantics/call.k:29
Attributes: none
Decision: USED-FIXED-SEMANTICS
Reason: on the submitted term/claim path; agrees with the modeled Python subset
```k
rule <k> #applyK(toCall(builtinV("max")), (OBJ:Iterable, .Vals)) => #maxAcc0(OBJ)   ... </k>
```

## 271. rule — reference-semantics/semantics/call.k:30
Attributes: none
Decision: USED-FIXED-SEMANTICS
Reason: on the submitted term/claim path; agrees with the modeled Python subset
```k
rule <k> #applyK(toCall(builtinV("min")), (OBJ:Iterable, .Vals)) => #minAcc0(OBJ)   ... </k>
```

## 272. rule — reference-semantics/semantics/call.k:31
Attributes: owise
Decision: USED-FIXED-SEMANTICS
Reason: on the submitted term/claim path; agrees with the modeled Python subset
```k
rule <k> #applyK(toCall(builtinV(BN:String)), ACC:Vals) => applyBuiltin(BN, ACC) ... </k> [owise]
```

## 273. rule — reference-semantics/semantics/call.k:32
Attributes: none
Decision: USED-FIXED-SEMANTICS
Reason: on the submitted term/claim path; agrees with the modeled Python subset
```k
rule <k> #applyK(toCall(typeV(T:String)),     ACC:Vals) => applyBuiltin(T, ACC)  ... </k>
```

## 274. rule — reference-semantics/semantics/call.k:38-41
Attributes: priority
Decision: USED-FIXED-SEMANTICS
Reason: on the submitted term/claim path; agrees with the modeled Python subset
```k
rule <k> #applyK(toCall(builtinV(BN:String)), (ref(H:Int), REST:Vals))
        => #applyK(toCall(builtinV(BN)), (V, REST)) ... </k>
       <heap> ... H |-> V:Val ... </heap>
       [priority(40)]
```

## 275. rule — reference-semantics/semantics/call.k:42-46
Attributes: priority
Decision: USED-FIXED-SEMANTICS
Reason: on the submitted term/claim path; agrees with the modeled Python subset
```k
rule <k> #applyK(toCall(builtinV(BN:String)), (A:Val, ref(H:Int), REST:Vals))
        => #applyK(toCall(builtinV(BN)), (A, V, REST)) ... </k>
       <heap> ... H |-> V:Val ... </heap>
       requires notBool isRefV(A)
       [priority(40)]
```

## 276. rule — reference-semantics/semantics/call.k:47-50
Attributes: priority
Decision: USED-FIXED-SEMANTICS
Reason: on the submitted term/claim path; agrees with the modeled Python subset
```k
rule <k> #applyK(toCall(typeV(T:String)), (ref(H:Int), REST:Vals))
        => #applyK(toCall(typeV(T)), (V, REST)) ... </k>
       <heap> ... H |-> V:Val ... </heap>
       [priority(40)]
```

## 277. syntax — reference-semantics/semantics/call.k:52
Attributes: function, total
Decision: UNUSED-FIXED-SEMANTICS
Reason: not reachable from this program or proof-local terms; no intended-domain witness
```k
syntax Bool ::= isMutMethod(String) [function, total]
```

## 278. rule — reference-semantics/semantics/call.k:53-55
Attributes: none
Decision: UNUSED-FIXED-SEMANTICS
Reason: not reachable from this program or proof-local terms; no intended-domain witness
```k
rule isMutMethod(M:String)
    => M ==String "append" orBool M ==String "sort" orBool M ==String "extend"
       orBool M ==String "insert" orBool M ==String "pop" orBool M ==String "remove"
```

## 279. rule — reference-semantics/semantics/call.k:56-60
Attributes: priority
Decision: USED-FIXED-SEMANTICS
Reason: on the submitted term/claim path; agrees with the modeled Python subset
```k
rule <k> #applyK(toCall(boundMethodV(ref(H:Int), M:String)), ACC:Vals)
        => #applyK(toCall(boundMethodV(V, M)), ACC) ... </k>
       <heap> ... H |-> V:Val ... </heap>
       requires notBool isMutMethod(M)
       [priority(40)]
```

## 280. rule — reference-semantics/semantics/call.k:63-67
Attributes: priority
Decision: USED-FIXED-SEMANTICS
Reason: on the submitted term/claim path; agrees with the modeled Python subset
```k
rule <k> #applyK(toCall(boundMethodV(OBJ:Val, M:String)), (ref(H:Int), REST:Vals))
        => #applyK(toCall(boundMethodV(OBJ, M)), (V, REST)) ... </k>
       <heap> ... H |-> V:Val ... </heap>
       requires notBool isMutMethod(M) andBool notBool isRefV(OBJ)
       [priority(40)]
```

## 281. rule — reference-semantics/semantics/call.k:69-74
Attributes: none
Decision: USED-FIXED-SEMANTICS
Reason: on the submitted term/claim path; agrees with the modeled Python subset
```k
rule <k> #applyK(toCall(closureVal(PNS:ParamNames, BODY:Stmts, DEFL:Int)), ACC:Vals) ~> CONT
        => #bindP(PNS, ACC) ~> BODY ~> #endcall </k>
       <env>     CALLERL:Int => NEWL </env>
       <scopes>   STORE:Map => STORE [ NEWL <- scope(.Map, parent(DEFL)) ] </scopes>
       <scopeLoc> NEWL:Int => NEWL +Int 1 </scopeLoc>
       <stack>   .List => ListItem(frame(CONT, CALLERL, NEWL)) ... </stack>
```

## 282. rule — reference-semantics/semantics/call.k:80-85
Attributes: none
Decision: USED-FIXED-SEMANTICS
Reason: on the submitted term/claim path; agrees with the modeled Python subset
```k
rule <k> #applyK(toCall(closureValC(PNS:ParamNames, CVS:ParamNames, BODY:Stmts, CM:Map)), ACC:Vals) ~> CONT
        => #allocCells(CVS) ~> #bindP(PNS, ACC) ~> BODY ~> #endcall </k>
       <env>     CALLERL:Int => NEWL </env>
       <scopes>   STORE:Map => STORE [ NEWL <- scope(CM [ "$cells" <- cellsMark(CVS) ], parent(0)) ] </scopes>
       <scopeLoc> NEWL:Int => NEWL +Int 1 </scopeLoc>
       <stack>   .List => ListItem(frame(CONT, CALLERL, NEWL)) ... </stack>
```

## 283. syntax — reference-semantics/semantics/call.k:87
Attributes: none
Decision: UNUSED-FIXED-SEMANTICS
Reason: not reachable from this program or proof-local terms; no intended-domain witness
```k
syntax KItem ::= #allocCells(ParamNames)
```

## 284. rule — reference-semantics/semantics/call.k:88
Attributes: none
Decision: UNUSED-FIXED-SEMANTICS
Reason: not reachable from this program or proof-local terms; no intended-domain witness
```k
rule <k> #allocCells(.ParamNames) => .K ... </k>
```

## 285. rule — reference-semantics/semantics/call.k:89-94
Attributes: none
Decision: UNUSED-FIXED-SEMANTICS
Reason: not reachable from this program or proof-local terms; no intended-domain witness
```k
rule <k> #allocCells((CV:String, R:ParamNames)) => #allocCells(R) ... </k>
       <env> L:Int </env>
       <scopes> ... L |-> scope(M:Map => M [ CV <- cellRef(N) ], _) ... </scopes>
       <heap>    H:Map => (N |-> cellV(noneV)) H </heap>
       <heapLoc> N:Int => N +Int 1 </heapLoc>
       requires notBool N in_keys(H)
```

## 286. endmodule — reference-semantics/semantics/call.k:95
Attributes: none
Decision: USED-FIXED-SEMANTICS
Reason: on the submitted term/claim path; agrees with the modeled Python subset
```k
endmodule
```

## 287. module — reference-semantics/semantics/comprehension.k:3
Attributes: none
Decision: UNUSED-FIXED-SEMANTICS
Reason: not reachable from this program or proof-local terms; no intended-domain witness
```k
module MPY-COMPREHENSION
```

## 288. imports — reference-semantics/semantics/comprehension.k:4
Attributes: none
Decision: UNUSED-FIXED-SEMANTICS
Reason: not reachable from this program or proof-local terms; no intended-domain witness
```k
imports MPY-CORE
```

## 289. imports — reference-semantics/semantics/comprehension.k:5
Attributes: none
Decision: UNUSED-FIXED-SEMANTICS
Reason: not reachable from this program or proof-local terms; no intended-domain witness
```k
imports MPY-OPERATORS
```

## 290. imports — reference-semantics/semantics/comprehension.k:6
Attributes: none
Decision: UNUSED-FIXED-SEMANTICS
Reason: not reachable from this program or proof-local terms; no intended-domain witness
```k
imports MPY-LIST
```

## 291. imports — reference-semantics/semantics/comprehension.k:7
Attributes: none
Decision: UNUSED-FIXED-SEMANTICS
Reason: not reachable from this program or proof-local terms; no intended-domain witness
```k
imports MPY-CONTROLS
```

## 292. imports — reference-semantics/semantics/comprehension.k:8
Attributes: none
Decision: UNUSED-FIXED-SEMANTICS
Reason: not reachable from this program or proof-local terms; no intended-domain witness
```k
imports MPY-FUNCTIONS
```

## 293. rule — reference-semantics/semantics/comprehension.k:11
Attributes: none
Decision: UNUSED-FIXED-SEMANTICS
Reason: not reachable from this program or proof-local terms; no intended-domain witness
```k
rule ListComp(ELT:Expr, Gs:CompFors) => Call(closureExpr(.ParamNames, compBody(Gs, ELT)), .Exprs)
```

## 294. rule — reference-semantics/semantics/comprehension.k:12
Attributes: none
Decision: UNUSED-FIXED-SEMANTICS
Reason: not reachable from this program or proof-local terms; no intended-domain witness
```k
rule GenExp(ELT:Expr, Gs:CompFors)   => Call(closureExpr(.ParamNames, compBody(Gs, ELT)), .Exprs)
```

## 295. syntax — reference-semantics/semantics/comprehension.k:14
Attributes: macro
Decision: UNUSED-FIXED-SEMANTICS
Reason: not reachable from this program or proof-local terms; no intended-domain witness
```k
syntax Stmts ::= compBody(CompFors, Expr) [macro]
```

## 296. rule — reference-semantics/semantics/comprehension.k:15-16
Attributes: none
Decision: UNUSED-FIXED-SEMANTICS
Reason: not reachable from this program or proof-local terms; no intended-domain witness
```k
rule compBody(Gs:CompFors, ELT:Expr)
    => Assign(Name("$acc"), ListExpr(.Exprs)) compNest(Gs, ELT) Return(Name("$acc"))
```

## 297. syntax — reference-semantics/semantics/comprehension.k:18
Attributes: macro-rec
Decision: UNUSED-FIXED-SEMANTICS
Reason: not reachable from this program or proof-local terms; no intended-domain witness
```k
syntax Stmt ::= compNest(CompFors, Expr) [macro-rec]
```

## 298. rule — reference-semantics/semantics/comprehension.k:19-20
Attributes: none
Decision: UNUSED-FIXED-SEMANTICS
Reason: not reachable from this program or proof-local terms; no intended-domain witness
```k
rule compNest(.CompFors, ELT:Expr)
    => Assign(Name("$acc"), BinOp("+", Name("$acc"), ListExpr(ELT)))
```

## 299. rule — reference-semantics/semantics/comprehension.k:21-22
Attributes: none
Decision: UNUSED-FIXED-SEMANTICS
Reason: not reachable from this program or proof-local terms; no intended-domain witness
```k
rule compNest((CompFor(T:Expr, ITER:Expr, Fs:Exprs) GRest:CompFors), ELT:Expr)
    => For(T, ITER, If(compGuard(Fs), compNest(GRest, ELT), .Stmts))
```

## 300. syntax — reference-semantics/semantics/comprehension.k:24
Attributes: macro
Decision: UNUSED-FIXED-SEMANTICS
Reason: not reachable from this program or proof-local terms; no intended-domain witness
```k
syntax Expr ::= compGuard(Exprs) [macro]
```

## 301. rule — reference-semantics/semantics/comprehension.k:25
Attributes: none
Decision: UNUSED-FIXED-SEMANTICS
Reason: not reachable from this program or proof-local terms; no intended-domain witness
```k
rule compGuard(.Exprs)             => Bool(true)
```

## 302. rule — reference-semantics/semantics/comprehension.k:26
Attributes: none
Decision: UNUSED-FIXED-SEMANTICS
Reason: not reachable from this program or proof-local terms; no intended-domain witness
```k
rule compGuard((F:Expr, Fs:Exprs)) => BoolOp("and", (F, Fs))
```

## 303. endmodule — reference-semantics/semantics/comprehension.k:27
Attributes: none
Decision: UNUSED-FIXED-SEMANTICS
Reason: not reachable from this program or proof-local terms; no intended-domain witness
```k
endmodule
```

## 304. module — reference-semantics/semantics/concrete.k:8
Attributes: none
Decision: UNUSED-FIXED-SEMANTICS
Reason: not reachable from this program or proof-local terms; no intended-domain witness
```k
module MPY-CONCRETE
```

## 305. imports — reference-semantics/semantics/concrete.k:9
Attributes: none
Decision: UNUSED-FIXED-SEMANTICS
Reason: not reachable from this program or proof-local terms; no intended-domain witness
```k
imports MPY
```

## 306. rule — reference-semantics/semantics/concrete.k:13-15
Attributes: none
Decision: UNUSED-FIXED-SEMANTICS
Reason: not reachable from this program or proof-local terms; no intended-domain witness
```k
rule <k> Compare(list(A:ValSeq), CmpOp("==", list(B:ValSeq))) => deepEqVS(A, B, HP) ... </k>
       <heap> HP:Map </heap>
       requires hasRefVS(A) orBool hasRefVS(B)
```

## 307. rule — reference-semantics/semantics/concrete.k:16-18
Attributes: none
Decision: UNUSED-FIXED-SEMANTICS
Reason: not reachable from this program or proof-local terms; no intended-domain witness
```k
rule <k> Compare(list(A:ValSeq), CmpOp("!=", list(B:ValSeq))) => notBool deepEqVS(A, B, HP) ... </k>
       <heap> HP:Map </heap>
       requires hasRefVS(A) orBool hasRefVS(B)
```

## 308. syntax — reference-semantics/semantics/concrete.k:25
Attributes: none
Decision: UNUSED-FIXED-SEMANTICS
Reason: not reachable from this program or proof-local terms; no intended-domain witness
```k
syntax Val ::= kvP(Val, Val)
```

## 309. syntax — reference-semantics/semantics/concrete.k:26-27
Attributes: none
Decision: UNUSED-FIXED-SEMANTICS
Reason: not reachable from this program or proof-local terms; no intended-domain witness
```k
syntax KItem ::= #ksort(ValSeq, Val, ValSeq, Bool)
                 | #ksIns(Val, ValSeq, Val, ValSeq, Bool)
```

## 310. rule — reference-semantics/semantics/concrete.k:28-30
Attributes: priority
Decision: UNUSED-FIXED-SEMANTICS
Reason: not reachable from this program or proof-local terms; no intended-domain witness
```k
rule <k> #applyK(toCall(builtinV("sorted")), (list(VS:ValSeq), kwV("key", KV:Val), .Vals))
        => #ksort(VS, KV, .ValSeq, false) ... </k>
       [priority(40)]
```

## 311. rule — reference-semantics/semantics/concrete.k:31-33
Attributes: priority
Decision: UNUSED-FIXED-SEMANTICS
Reason: not reachable from this program or proof-local terms; no intended-domain witness
```k
rule <k> #applyK(toCall(builtinV("sorted")), (list(VS:ValSeq), kwV("key", KV:Val), kwV("reverse", RB:Bool), .Vals))
        => #ksort(VS, KV, .ValSeq, RB) ... </k>
       [priority(40)]
```

## 312. rule — reference-semantics/semantics/concrete.k:34-35
Attributes: none
Decision: UNUSED-FIXED-SEMANTICS
Reason: not reachable from this program or proof-local terms; no intended-domain witness
```k
rule <k> #ksort(.ValSeq, _:Val, ACC:ValSeq, RB:Bool)
        => #alloc(list(condRev(unpairVS(ACC), RB))) ... </k>
```

## 313. rule — reference-semantics/semantics/concrete.k:36-37
Attributes: none
Decision: UNUSED-FIXED-SEMANTICS
Reason: not reachable from this program or proof-local terms; no intended-domain witness
```k
rule <k> #ksort(vCons(V:Val, R:ValSeq), KV:Val, ACC:ValSeq, RB:Bool)
        => KV ~> #callee((V, .Exprs)) ~> #ksIns(V, R, KV, ACC, RB) ... </k>
```

## 314. rule — reference-semantics/semantics/concrete.k:38-40
Attributes: none
Decision: UNUSED-FIXED-SEMANTICS
Reason: not reachable from this program or proof-local terms; no intended-domain witness
```k
rule <k> K:Val ~> #ksIns(V:Val, R:ValSeq, KV:Val, ACC:ValSeq, RB:Bool)
        => #ksort(R, KV, insPair(ACC, K, V), RB) ... </k>
       requires notBool isKwV(K)
```

## 315. syntax — reference-semantics/semantics/concrete.k:42
Attributes: function
Decision: UNUSED-FIXED-SEMANTICS
Reason: not reachable from this program or proof-local terms; no intended-domain witness
```k
syntax ValSeq ::= insPair(ValSeq, Val, Val) [function]
```

## 316. rule — reference-semantics/semantics/concrete.k:43
Attributes: none
Decision: UNUSED-FIXED-SEMANTICS
Reason: not reachable from this program or proof-local terms; no intended-domain witness
```k
rule insPair(.ValSeq, K:Val, V:Val) => vCons(kvP(K, V), .ValSeq)
```

## 317. rule — reference-semantics/semantics/concrete.k:44-46
Attributes: none
Decision: UNUSED-FIXED-SEMANTICS
Reason: not reachable from this program or proof-local terms; no intended-domain witness
```k
rule insPair(vCons(kvP(K2:Val, V2:Val), R:ValSeq), K:Val, V:Val)
    => vCons(kvP(K, V), vCons(kvP(K2, V2), R))
       requires kLt(K, K2)
```

## 318. rule — reference-semantics/semantics/concrete.k:47-49
Attributes: none
Decision: UNUSED-FIXED-SEMANTICS
Reason: not reachable from this program or proof-local terms; no intended-domain witness
```k
rule insPair(vCons(kvP(K2:Val, V2:Val), R:ValSeq), K:Val, V:Val)
    => vCons(kvP(K2, V2), insPair(R, K, V))
       requires notBool kLt(K, K2)
```

## 319. syntax — reference-semantics/semantics/concrete.k:51
Attributes: function
Decision: UNUSED-FIXED-SEMANTICS
Reason: not reachable from this program or proof-local terms; no intended-domain witness
```k
syntax Bool ::= kLt(Val, Val) [function]
```

## 320. rule — reference-semantics/semantics/concrete.k:52
Attributes: none
Decision: UNUSED-FIXED-SEMANTICS
Reason: not reachable from this program or proof-local terms; no intended-domain witness
```k
rule kLt(I1:Int, I2:Int)             => I1 <Int I2
```

## 321. rule — reference-semantics/semantics/concrete.k:53
Attributes: none
Decision: UNUSED-FIXED-SEMANTICS
Reason: not reachable from this program or proof-local terms; no intended-domain witness
```k
rule kLt(F1:Float, F2:Float)         => F1 <Float F2
```

## 322. rule — reference-semantics/semantics/concrete.k:54
Attributes: none
Decision: UNUSED-FIXED-SEMANTICS
Reason: not reachable from this program or proof-local terms; no intended-domain witness
```k
rule kLt(str(A:IntSeq), str(B:IntSeq)) => strLt(A, B)
```

## 323. syntax — reference-semantics/semantics/concrete.k:56
Attributes: function, total
Decision: UNUSED-FIXED-SEMANTICS
Reason: not reachable from this program or proof-local terms; no intended-domain witness
```k
syntax ValSeq ::= unpairVS(ValSeq) [function, total]
```

## 324. rule — reference-semantics/semantics/concrete.k:57
Attributes: none
Decision: UNUSED-FIXED-SEMANTICS
Reason: not reachable from this program or proof-local terms; no intended-domain witness
```k
rule unpairVS(.ValSeq) => .ValSeq
```

## 325. rule — reference-semantics/semantics/concrete.k:58
Attributes: none
Decision: UNUSED-FIXED-SEMANTICS
Reason: not reachable from this program or proof-local terms; no intended-domain witness
```k
rule unpairVS(vCons(kvP(_:Val, V:Val), R:ValSeq)) => vCons(V, unpairVS(R))
```

## 326. rule — reference-semantics/semantics/concrete.k:59
Attributes: owise
Decision: UNUSED-FIXED-SEMANTICS
Reason: not reachable from this program or proof-local terms; no intended-domain witness
```k
rule unpairVS(vCons(V:Val, R:ValSeq)) => vCons(V, unpairVS(R)) [owise]
```

## 327. endmodule — reference-semantics/semantics/concrete.k:60
Attributes: none
Decision: UNUSED-FIXED-SEMANTICS
Reason: not reachable from this program or proof-local terms; no intended-domain witness
```k
endmodule
```

## 328. module — reference-semantics/semantics/controls.k:3
Attributes: none
Decision: USED-FIXED-SEMANTICS
Reason: on the submitted term/claim path; agrees with the modeled Python subset
```k
module MPY-CONTROLS
```

## 329. imports — reference-semantics/semantics/controls.k:4
Attributes: none
Decision: USED-FIXED-SEMANTICS
Reason: on the submitted term/claim path; agrees with the modeled Python subset
```k
imports MPY-CORE
```

## 330. imports — reference-semantics/semantics/controls.k:5
Attributes: none
Decision: USED-FIXED-SEMANTICS
Reason: on the submitted term/claim path; agrees with the modeled Python subset
```k
imports MPY-TUPLE
```

## 331. imports — reference-semantics/semantics/controls.k:6
Attributes: none
Decision: USED-FIXED-SEMANTICS
Reason: on the submitted term/claim path; agrees with the modeled Python subset
```k
imports MPY-ITER
```

## 332. rule — reference-semantics/semantics/controls.k:9-11
Attributes: none
Decision: USED-FIXED-SEMANTICS
Reason: on the submitted term/claim path; agrees with the modeled Python subset
```k
rule <k> Assign(Name(X:String), V:Val) => .K ... </k>
       <env> L:Int </env>
       <scopes> ... L |-> scope(M:Map => M [ X <- V ], _) ... </scopes>
```

## 333. rule — reference-semantics/semantics/controls.k:12-14
Attributes: none
Decision: USED-FIXED-SEMANTICS
Reason: on the submitted term/claim path; agrees with the modeled Python subset
```k
rule <k> Assign(Name(X:String), V:Val) => #cellW({M[X]}:>Val, V) ... </k>
       <env> L:Int </env>
       <scopes> ... L |-> scope(M:Map, _) ... </scopes>
```

## 334. requires — reference-semantics/semantics/controls.k:15-18
Attributes: priority
Decision: USED-FIXED-SEMANTICS
Reason: on the submitted term/claim path; agrees with the modeled Python subset
```k
requires "$cells" in_keys(M)
        andBool pnMember(X, cellsOf({M["$cells"]}:>Val))
        andBool X in_keys(M) andBool isCellRef({M[X]}:>Val)
       [priority(40)]
```

## 335. rule — reference-semantics/semantics/controls.k:20-23
Attributes: none
Decision: USED-FIXED-SEMANTICS
Reason: on the submitted term/claim path; agrees with the modeled Python subset
```k
rule <k> AugAssign(Name(X:String), OP:String, V:Val) => .K ... </k>
       <env> L:Int </env>
       <scopes> ... L |-> scope(M:Map => M [ X <- applyBin(OP, {M[X]}:>Val, V) ], _) ... </scopes>
       requires X in_keys(M)
```

## 336. rule — reference-semantics/semantics/controls.k:27-31
Attributes: priority
Decision: USED-FIXED-SEMANTICS
Reason: on the submitted term/claim path; agrees with the modeled Python subset
```k
rule <k> AugAssign(Name(X:String), OP:String, V:Val) => Assign(Name(X), BinOp(OP, Name(X), V)) ... </k>
       <env> L:Int </env>
       <scopes> ... L |-> scope(M:Map, _) ... </scopes>
       requires X in_keys(M) andBool isRefV({M[X]}:>Val)
       [priority(40)]
```

## 337. rule — reference-semantics/semantics/controls.k:35
Attributes: none
Decision: UNUSED-FIXED-SEMANTICS
Reason: not reachable from this program or proof-local terms; no intended-domain witness
```k
rule <k> ImportFrom("math", NS:ParamNames) => #bindImports(NS) ... </k>
```

## 338. rule — reference-semantics/semantics/controls.k:36
Attributes: owise
Decision: UNUSED-FIXED-SEMANTICS
Reason: not reachable from this program or proof-local terms; no intended-domain witness
```k
rule <k> ImportFrom(_:String, _:ParamNames) => .K ... </k> [owise]
```

## 339. syntax — reference-semantics/semantics/controls.k:37
Attributes: none
Decision: UNUSED-FIXED-SEMANTICS
Reason: not reachable from this program or proof-local terms; no intended-domain witness
```k
syntax KItem ::= #bindImports(ParamNames)
```

## 340. rule — reference-semantics/semantics/controls.k:38
Attributes: none
Decision: UNUSED-FIXED-SEMANTICS
Reason: not reachable from this program or proof-local terms; no intended-domain witness
```k
rule <k> #bindImports(.ParamNames) => .K ... </k>
```

## 341. rule — reference-semantics/semantics/controls.k:39-42
Attributes: none
Decision: UNUSED-FIXED-SEMANTICS
Reason: not reachable from this program or proof-local terms; no intended-domain witness
```k
rule <k> #bindImports((N:String, NS:ParamNames)) => #bindImports(NS) ... </k>
       <env> L:Int </env>
       <scopes> ... L |-> scope(M:Map => M [ N <- builtinV(N) ], _) ... </scopes>
       requires N ==String "floor" orBool N ==String "ceil"
```

## 342. rule — reference-semantics/semantics/controls.k:43-44
Attributes: none
Decision: UNUSED-FIXED-SEMANTICS
Reason: not reachable from this program or proof-local terms; no intended-domain witness
```k
rule <k> #bindImports((N:String, NS:ParamNames)) => #bindImports(NS) ... </k>
       requires notBool (N ==String "floor" orBool N ==String "ceil")
```

## 343. rule — reference-semantics/semantics/controls.k:48
Attributes: none
Decision: USED-FIXED-SEMANTICS
Reason: on the submitted term/claim path; agrees with the modeled Python subset
```k
rule <k> Expr(_:Val) => .K ... </k>
```

## 344. syntax — reference-semantics/semantics/controls.k:51
Attributes: none
Decision: USED-FIXED-SEMANTICS
Reason: on the submitted term/claim path; agrees with the modeled Python subset
```k
syntax KItem ::= #branch(Bool, Stmts, Stmts)
```

## 345. rule — reference-semantics/semantics/controls.k:52
Attributes: none
Decision: USED-FIXED-SEMANTICS
Reason: on the submitted term/claim path; agrees with the modeled Python subset
```k
rule <k> If(C:Val, T:Stmts, E:Stmts) => #branch(truthy(C), T, E) ... </k>
```

## 346. rule — reference-semantics/semantics/controls.k:53
Attributes: none
Decision: USED-FIXED-SEMANTICS
Reason: on the submitted term/claim path; agrees with the modeled Python subset
```k
rule <k> #branch(true,  T:Stmts, _:Stmts) => T ... </k>
```

## 347. rule — reference-semantics/semantics/controls.k:54
Attributes: none
Decision: USED-FIXED-SEMANTICS
Reason: on the submitted term/claim path; agrees with the modeled Python subset
```k
rule <k> #branch(false, _:Stmts, E:Stmts) => E ... </k>
```

## 348. rule — reference-semantics/semantics/controls.k:57-58
Attributes: none
Decision: USED-FIXED-SEMANTICS
Reason: on the submitted term/claim path; agrees with the modeled Python subset
```k
rule <k> IfExp(V:Val, T:Expr, _:Expr) => T ... </k>
       requires truthy(V)
```

## 349. rule — reference-semantics/semantics/controls.k:59-60
Attributes: none
Decision: USED-FIXED-SEMANTICS
Reason: on the submitted term/claim path; agrees with the modeled Python subset
```k
rule <k> IfExp(V:Val, _:Expr, E:Expr) => E ... </k>
       requires notBool truthy(V)
```

## 350. syntax — reference-semantics/semantics/controls.k:65-67
Attributes: none
Decision: USED-FIXED-SEMANTICS
Reason: on the submitted term/claim path; agrees with the modeled Python subset
```k
syntax KItem ::= #loop(Val, Expr, Stmts) | #loopStep(Expr, Stmts)
                 | #while(Expr, Stmts) | #whileCond(Expr, Stmts)
                 | #loopLbl(K) | "#cont" | "#brk"
```

## 351. rule — reference-semantics/semantics/controls.k:69
Attributes: none
Decision: USED-FIXED-SEMANTICS
Reason: on the submitted term/claim path; agrees with the modeled Python subset
```k
rule <k> For(T:Expr, OBJ:Val, B:Stmts) => #loop(OBJ, T, B) ... </k>
```

## 352. rule — reference-semantics/semantics/controls.k:71
Attributes: none
Decision: USED-FIXED-SEMANTICS
Reason: on the submitted term/claim path; agrees with the modeled Python subset
```k
rule <k> #loop(IT:Iterable, T:Expr, B:Stmts) => #iterNext(IT) ~> #loopStep(T, B) ... </k>
```

## 353. rule — reference-semantics/semantics/controls.k:72
Attributes: none
Decision: USED-FIXED-SEMANTICS
Reason: on the submitted term/claim path; agrees with the modeled Python subset
```k
rule <k> #iterDone ~> #loopStep(_:Expr, _:Stmts) => .K ... </k>
```

## 354. rule — reference-semantics/semantics/controls.k:73-74
Attributes: none
Decision: USED-FIXED-SEMANTICS
Reason: on the submitted term/claim path; agrees with the modeled Python subset
```k
rule <k> #iterYield(V:Val, REST:Iterable) ~> #loopStep(T:Expr, B:Stmts)
        => #bindTgt(T, V) ~> B ~> #loopLbl(#loop(REST, T, B)) ... </k>
```

## 355. rule — reference-semantics/semantics/controls.k:77
Attributes: none
Decision: USED-FIXED-SEMANTICS
Reason: on the submitted term/claim path; agrees with the modeled Python subset
```k
rule <k> While(C:Expr, B:Stmts) => #while(C, B) ... </k>
```

## 356. rule — reference-semantics/semantics/controls.k:78
Attributes: none
Decision: USED-FIXED-SEMANTICS
Reason: on the submitted term/claim path; agrees with the modeled Python subset
```k
rule <k> #while(C:Expr, B:Stmts) => C ~> #whileCond(C, B) ... </k>
```

## 357. rule — reference-semantics/semantics/controls.k:79-80
Attributes: none
Decision: USED-FIXED-SEMANTICS
Reason: on the submitted term/claim path; agrees with the modeled Python subset
```k
rule <k> V:Val ~> #whileCond(C:Expr, B:Stmts) => B ~> #loopLbl(#while(C, B)) ... </k>
       requires truthy(V)
```

## 358. rule — reference-semantics/semantics/controls.k:81-82
Attributes: none
Decision: USED-FIXED-SEMANTICS
Reason: on the submitted term/claim path; agrees with the modeled Python subset
```k
rule <k> V:Val ~> #whileCond(_C:Expr, _B:Stmts) => .K ... </k>
       requires notBool truthy(V)
```

## 359. rule — reference-semantics/semantics/controls.k:85
Attributes: none
Decision: USED-FIXED-SEMANTICS
Reason: on the submitted term/claim path; agrees with the modeled Python subset
```k
rule <k> #loopLbl(NEXT:K) => NEXT ... </k>
```

## 360. rule — reference-semantics/semantics/controls.k:86
Attributes: none
Decision: UNUSED-FIXED-SEMANTICS
Reason: not reachable from this program or proof-local terms; no intended-domain witness
```k
rule <k> Continue => #cont ... </k>
```

## 361. rule — reference-semantics/semantics/controls.k:87
Attributes: none
Decision: UNUSED-FIXED-SEMANTICS
Reason: not reachable from this program or proof-local terms; no intended-domain witness
```k
rule <k> Break => #brk ... </k>
```

## 362. rule — reference-semantics/semantics/controls.k:88
Attributes: none
Decision: USED-FIXED-SEMANTICS
Reason: on the submitted term/claim path; agrees with the modeled Python subset
```k
rule <k> #cont ~> #loopLbl(NEXT:K) => NEXT ... </k>
```

## 363. rule — reference-semantics/semantics/controls.k:89
Attributes: owise
Decision: UNUSED-FIXED-SEMANTICS
Reason: not reachable from this program or proof-local terms; no intended-domain witness
```k
rule <k> #cont ~> (_:KItem => .K) ... </k> [owise]
```

## 364. rule — reference-semantics/semantics/controls.k:90
Attributes: none
Decision: USED-FIXED-SEMANTICS
Reason: on the submitted term/claim path; agrees with the modeled Python subset
```k
rule <k> #brk ~> #loopLbl(_:K) => .K ... </k>
```

## 365. rule — reference-semantics/semantics/controls.k:91
Attributes: owise
Decision: UNUSED-FIXED-SEMANTICS
Reason: not reachable from this program or proof-local terms; no intended-domain witness
```k
rule <k> #brk ~> (_:KItem => .K) ... </k> [owise]
```

## 366. rule — reference-semantics/semantics/controls.k:95-97
Attributes: priority
Decision: USED-FIXED-SEMANTICS
Reason: on the submitted term/claim path; agrees with the modeled Python subset
```k
rule <k> If(ref(H:Int), T:Stmts, E:Stmts) => If(V, T, E) ... </k>
       <heap> ... H |-> V:Val ... </heap>
       [priority(40)]
```

## 367. rule — reference-semantics/semantics/controls.k:98-100
Attributes: priority
Decision: UNUSED-FIXED-SEMANTICS
Reason: not reachable from this program or proof-local terms; no intended-domain witness
```k
rule <k> IfExp(ref(H:Int), T:Expr, E:Expr) => IfExp(V, T, E) ... </k>
       <heap> ... H |-> V:Val ... </heap>
       [priority(40)]
```

## 368. rule — reference-semantics/semantics/controls.k:101-103
Attributes: priority
Decision: USED-FIXED-SEMANTICS
Reason: on the submitted term/claim path; agrees with the modeled Python subset
```k
rule <k> ref(H:Int) ~> #whileCond(C:Expr, B:Stmts) => V ~> #whileCond(C, B) ... </k>
       <heap> ... H |-> V:Val ... </heap>
       [priority(40)]
```

## 369. rule — reference-semantics/semantics/controls.k:106-108
Attributes: priority
Decision: USED-FIXED-SEMANTICS
Reason: on the submitted term/claim path; agrees with the modeled Python subset
```k
rule <k> For(T:Expr, ref(H:Int), B:Stmts) => For(T, V, B) ... </k>
       <heap> ... H |-> V:Val ... </heap>
       [priority(40)]
```

## 370. endmodule — reference-semantics/semantics/controls.k:109
Attributes: none
Decision: USED-FIXED-SEMANTICS
Reason: on the submitted term/claim path; agrees with the modeled Python subset
```k
endmodule
```

## 371. module — reference-semantics/semantics/core.k:3
Attributes: none
Decision: USED-FIXED-SEMANTICS
Reason: on the submitted term/claim path; agrees with the modeled Python subset
```k
module MPY-CORE
```

## 372. imports — reference-semantics/semantics/core.k:4
Attributes: none
Decision: USED-FIXED-SEMANTICS
Reason: on the submitted term/claim path; agrees with the modeled Python subset
```k
imports MPY-SYNTAX
```

## 373. imports — reference-semantics/semantics/core.k:5
Attributes: none
Decision: USED-FIXED-SEMANTICS
Reason: on the submitted term/claim path; agrees with the modeled Python subset
```k
imports INT
```

## 374. imports — reference-semantics/semantics/core.k:6
Attributes: none
Decision: USED-FIXED-SEMANTICS
Reason: on the submitted term/claim path; agrees with the modeled Python subset
```k
imports BOOL
```

## 375. imports — reference-semantics/semantics/core.k:7
Attributes: none
Decision: USED-FIXED-SEMANTICS
Reason: on the submitted term/claim path; agrees with the modeled Python subset
```k
imports STRING
```

## 376. imports — reference-semantics/semantics/core.k:8
Attributes: none
Decision: USED-FIXED-SEMANTICS
Reason: on the submitted term/claim path; agrees with the modeled Python subset
```k
imports MAP
```

## 377. imports — reference-semantics/semantics/core.k:9
Attributes: none
Decision: USED-FIXED-SEMANTICS
Reason: on the submitted term/claim path; agrees with the modeled Python subset
```k
imports LIST
```

## 378. imports — reference-semantics/semantics/core.k:10
Attributes: none
Decision: USED-FIXED-SEMANTICS
Reason: on the submitted term/claim path; agrees with the modeled Python subset
```k
imports K-EQUAL
```

## 379. syntax — reference-semantics/semantics/core.k:13
Attributes: none
Decision: UNUSED-FIXED-SEMANTICS
Reason: not reachable from this program or proof-local terms; no intended-domain witness
```k
syntax IntSeq ::= ".IntSeq" | iCons(Int, IntSeq)
```

## 380. syntax — reference-semantics/semantics/core.k:14
Attributes: none
Decision: UNUSED-FIXED-SEMANTICS
Reason: not reachable from this program or proof-local terms; no intended-domain witness
```k
syntax ValSeq ::= ".ValSeq" | vCons(Val, ValSeq)
```

## 381. syntax — reference-semantics/semantics/core.k:15
Attributes: none
Decision: UNUSED-FIXED-SEMANTICS
Reason: not reachable from this program or proof-local terms; no intended-domain witness
```k
syntax Str    ::= str(IntSeq)
```

## 382. syntax — reference-semantics/semantics/core.k:18-23
Attributes: none
Decision: USED-FIXED-SEMANTICS
Reason: on the submitted term/claim path; agrees with the modeled Python subset
```k
syntax Iterable ::= list(ValSeq)
                    | tuple(ValSeq)
                    | Str
                    | rangeObj(Int, Int, Int)
                    | zipObj(ValSeq, ValSeq)
                    | zipObjS(IntSeq, IntSeq)
```

## 383. syntax — reference-semantics/semantics/core.k:25-34
Attributes: function
Decision: USED-FIXED-SEMANTICS
Reason: on the submitted term/claim path; agrees with the modeled Python subset
```k
syntax Val      ::= Int
                    | Bool
                    | "noneV"
                    | Iterable
                    | ref(Int)          // a heap object: <heap> holds its list(VS)
                    | cellRef(Int)      // a closure cell: <heap> holds cellV(V)
                    | closureVal(ParamNames, Stmts, Int)
                    | typeV(String)     // a type object (int/str), resolved from the builtins frame
                    | builtinV(String)  // a builtin function, resolved like any name (LEGB fallthrough)
                    | boundMethodV(Val, String)   // a cooled Attribute: obj.method
```

## 384. syntax — reference-semantics/semantics/core.k:36
Attributes: none
Decision: UNUSED-FIXED-SEMANTICS
Reason: not reachable from this program or proof-local terms; no intended-domain witness
```k
syntax Parent   ::= "root" | parent(Int)
```

## 385. syntax — reference-semantics/semantics/core.k:37
Attributes: none
Decision: UNUSED-FIXED-SEMANTICS
Reason: not reachable from this program or proof-local terms; no intended-domain witness
```k
syntax Scope    ::= scope(Map, Parent)
```

## 386. syntax — reference-semantics/semantics/core.k:38
Attributes: none
Decision: UNUSED-FIXED-SEMANTICS
Reason: not reachable from this program or proof-local terms; no intended-domain witness
```k
syntax KResult  ::= Val
```

## 387. syntax — reference-semantics/semantics/core.k:39
Attributes: none
Decision: UNUSED-FIXED-SEMANTICS
Reason: not reachable from this program or proof-local terms; no intended-domain witness
```k
syntax Expr     ::= Val   // cooling puts results back into expression holes
```

## 388. syntax — reference-semantics/semantics/core.k:40
Attributes: none
Decision: UNUSED-FIXED-SEMANTICS
Reason: not reachable from this program or proof-local terms; no intended-domain witness
```k
syntax Vals     ::= List{Val, ","}
```

## 389. syntax — reference-semantics/semantics/core.k:41
Attributes: none
Decision: UNUSED-FIXED-SEMANTICS
Reason: not reachable from this program or proof-local terms; no intended-domain witness
```k
syntax Exc      ::= "NoExc" | "AssertionError"
```

## 390. syntax — reference-semantics/semantics/core.k:42
Attributes: none
Decision: UNUSED-FIXED-SEMANTICS
Reason: not reachable from this program or proof-local terms; no intended-domain witness
```k
syntax RetState ::= "noRet" | retV(Val)
```

## 391. configuration — reference-semantics/semantics/core.k:49-60
Attributes: none
Decision: USED-FIXED-SEMANTICS
Reason: on the submitted term/claim path; agrees with the modeled Python subset
```k
configuration
    <k>       #loadAll($PGM:Module) </k>
    <env>     0 </env>
    <scopes>   0     |-> scope(.Map, parent(-1))
              -1    |-> builtinsScope </scopes>
    <scopeLoc> 1 </scopeLoc>
    <heap>    .Map </heap>
    <heapLoc> 0 </heapLoc>
    <stack>   .List </stack>
    <ret>     noRet </ret>
    <exc>     NoExc </exc>
    <exit-code exit=""> 0 </exit-code>
```

## 392. syntax — reference-semantics/semantics/core.k:68
Attributes: function, total
Decision: UNUSED-FIXED-SEMANTICS
Reason: not reachable from this program or proof-local terms; no intended-domain witness
```k
syntax Bool ::= isRefV(Val) [function, total]
```

## 393. rule — reference-semantics/semantics/core.k:69
Attributes: none
Decision: UNUSED-FIXED-SEMANTICS
Reason: not reachable from this program or proof-local terms; no intended-domain witness
```k
rule isRefV(ref(_:Int)) => true
```

## 394. rule — reference-semantics/semantics/core.k:70
Attributes: owise
Decision: UNUSED-FIXED-SEMANTICS
Reason: not reachable from this program or proof-local terms; no intended-domain witness
```k
rule isRefV(_:Val)      => false [owise]
```

## 395. syntax — reference-semantics/semantics/core.k:75
Attributes: none
Decision: UNUSED-FIXED-SEMANTICS
Reason: not reachable from this program or proof-local terms; no intended-domain witness
```k
syntax HeapVal ::= cellV(Val)
```

## 396. syntax — reference-semantics/semantics/core.k:76
Attributes: function, total
Decision: UNUSED-FIXED-SEMANTICS
Reason: not reachable from this program or proof-local terms; no intended-domain witness
```k
syntax Bool ::= isCellRef(Val) [function, total]
```

## 397. rule — reference-semantics/semantics/core.k:77
Attributes: none
Decision: UNUSED-FIXED-SEMANTICS
Reason: not reachable from this program or proof-local terms; no intended-domain witness
```k
rule isCellRef(cellRef(_:Int)) => true
```

## 398. rule — reference-semantics/semantics/core.k:78
Attributes: owise
Decision: UNUSED-FIXED-SEMANTICS
Reason: not reachable from this program or proof-local terms; no intended-domain witness
```k
rule isCellRef(_:Val)          => false [owise]
```

## 399. rule — reference-semantics/semantics/core.k:85-88
Attributes: none
Decision: UNUSED-FIXED-SEMANTICS
Reason: not reachable from this program or proof-local terms; no intended-domain witness
```k
rule <k> cellRef(H:Int) => V ... </k>
       <env> L:Int </env>
       <scopes> ... L |-> scope(M:Map, _) ... </scopes>
       <heap> ... H |-> cellV(V:Val) ... </heap>
```

## 400. requires — reference-semantics/semantics/core.k:89-90
Attributes: priority
Decision: USED-FIXED-SEMANTICS
Reason: on the submitted term/claim path; agrees with the modeled Python subset
```k
requires "$cells" in_keys(M)
       [priority(40)]
```

## 401. syntax — reference-semantics/semantics/core.k:95
Attributes: none
Decision: UNUSED-FIXED-SEMANTICS
Reason: not reachable from this program or proof-local terms; no intended-domain witness
```k
syntax Val ::= kwV(String, Val)
```

## 402. syntax — reference-semantics/semantics/core.k:96
Attributes: none
Decision: UNUSED-FIXED-SEMANTICS
Reason: not reachable from this program or proof-local terms; no intended-domain witness
```k
syntax KItem ::= #kwTag(String)
```

## 403. rule — reference-semantics/semantics/core.k:97
Attributes: none
Decision: UNUSED-FIXED-SEMANTICS
Reason: not reachable from this program or proof-local terms; no intended-domain witness
```k
rule <k> KwArg(N:String, E:Expr) => E ~> #kwTag(N) ... </k>
```

## 404. rule — reference-semantics/semantics/core.k:98-99
Attributes: none
Decision: UNUSED-FIXED-SEMANTICS
Reason: not reachable from this program or proof-local terms; no intended-domain witness
```k
rule <k> V:Val ~> #kwTag(N:String) => kwV(N, V) ... </k>
       requires notBool isKwV(V)
```

## 405. syntax — reference-semantics/semantics/core.k:100
Attributes: function, total
Decision: UNUSED-FIXED-SEMANTICS
Reason: not reachable from this program or proof-local terms; no intended-domain witness
```k
syntax Bool ::= isKwV(Val) [function, total]
```

## 406. rule — reference-semantics/semantics/core.k:101
Attributes: none
Decision: UNUSED-FIXED-SEMANTICS
Reason: not reachable from this program or proof-local terms; no intended-domain witness
```k
rule isKwV(kwV(_:String, _:Val)) => true
```

## 407. rule — reference-semantics/semantics/core.k:102
Attributes: owise
Decision: UNUSED-FIXED-SEMANTICS
Reason: not reachable from this program or proof-local terms; no intended-domain witness
```k
rule isKwV(_:Val)                => false [owise]
```

## 408. syntax — reference-semantics/semantics/core.k:106
Attributes: none
Decision: UNUSED-FIXED-SEMANTICS
Reason: not reachable from this program or proof-local terms; no intended-domain witness
```k
syntax Val ::= cellsMark(ParamNames)
```

## 409. syntax — reference-semantics/semantics/core.k:107
Attributes: function
Decision: UNUSED-FIXED-SEMANTICS
Reason: not reachable from this program or proof-local terms; no intended-domain witness
```k
syntax ParamNames ::= cellsOf(Val) [function]
```

## 410. rule — reference-semantics/semantics/core.k:108
Attributes: none
Decision: UNUSED-FIXED-SEMANTICS
Reason: not reachable from this program or proof-local terms; no intended-domain witness
```k
rule cellsOf(cellsMark(CVS:ParamNames)) => CVS
```

## 411. syntax — reference-semantics/semantics/core.k:109
Attributes: function, total
Decision: UNUSED-FIXED-SEMANTICS
Reason: not reachable from this program or proof-local terms; no intended-domain witness
```k
syntax Bool ::= pnMember(String, ParamNames) [function, total]
```

## 412. rule — reference-semantics/semantics/core.k:110
Attributes: none
Decision: UNUSED-FIXED-SEMANTICS
Reason: not reachable from this program or proof-local terms; no intended-domain witness
```k
rule pnMember(_:String, .ParamNames) => false
```

## 413. rule — reference-semantics/semantics/core.k:111
Attributes: none
Decision: UNUSED-FIXED-SEMANTICS
Reason: not reachable from this program or proof-local terms; no intended-domain witness
```k
rule pnMember(X:String, (P:String, R:ParamNames)) => X ==String P orBool pnMember(X, R)
```

## 414. syntax — reference-semantics/semantics/core.k:113
Attributes: none
Decision: UNUSED-FIXED-SEMANTICS
Reason: not reachable from this program or proof-local terms; no intended-domain witness
```k
syntax KItem ::= #cellW(Val, Val)
```

## 415. rule — reference-semantics/semantics/core.k:114-115
Attributes: none
Decision: UNUSED-FIXED-SEMANTICS
Reason: not reachable from this program or proof-local terms; no intended-domain witness
```k
rule <k> #cellW(cellRef(H:Int), V:Val) => .K ... </k>
       <heap> ... H |-> cellV(_:Val => V) ... </heap>
```

## 416. syntax — reference-semantics/semantics/core.k:117
Attributes: none
Decision: UNUSED-FIXED-SEMANTICS
Reason: not reachable from this program or proof-local terms; no intended-domain witness
```k
syntax KItem ::= #alloc(Val)
```

## 417. rule — reference-semantics/semantics/core.k:118-121
Attributes: none
Decision: UNUSED-FIXED-SEMANTICS
Reason: not reachable from this program or proof-local terms; no intended-domain witness
```k
rule <k> #alloc(V:Val) => ref(N) ... </k>
       <heap>    H:Map => (N |-> V) H </heap>
       <heapLoc> N:Int => N +Int 1 </heapLoc>
       requires notBool N in_keys(H)
```

## 418. syntax — reference-semantics/semantics/core.k:124
Attributes: none
Decision: USED-FIXED-SEMANTICS
Reason: on the submitted term/claim path; agrees with the modeled Python subset
```k
syntax KItem ::= #loadAll(Module)
```

## 419. rule — reference-semantics/semantics/core.k:125
Attributes: none
Decision: USED-FIXED-SEMANTICS
Reason: on the submitted term/claim path; agrees with the modeled Python subset
```k
rule <k> #loadAll(Module(SS:Stmts)) => SS ... </k>
```

## 420. rule — reference-semantics/semantics/core.k:126
Attributes: none
Decision: USED-FIXED-SEMANTICS
Reason: on the submitted term/claim path; agrees with the modeled Python subset
```k
rule <k> (S:Stmt SS:Stmts):Stmts => S ~> SS ... </k>
```

## 421. rule — reference-semantics/semantics/core.k:127
Attributes: none
Decision: USED-FIXED-SEMANTICS
Reason: on the submitted term/claim path; agrees with the modeled Python subset
```k
rule <k> .Stmts => .K ... </k>
```

## 422. syntax — reference-semantics/semantics/core.k:130
Attributes: none
Decision: UNUSED-FIXED-SEMANTICS
Reason: not reachable from this program or proof-local terms; no intended-domain witness
```k
syntax KItem ::= #look(String, Int)
```

## 423. rule — reference-semantics/semantics/core.k:131
Attributes: none
Decision: USED-FIXED-SEMANTICS
Reason: on the submitted term/claim path; agrees with the modeled Python subset
```k
rule <k> Name(X:String) => #look(X, L) ... </k> <env> L:Int </env>
```

## 424. rule — reference-semantics/semantics/core.k:132-134
Attributes: none
Decision: UNUSED-FIXED-SEMANTICS
Reason: not reachable from this program or proof-local terms; no intended-domain witness
```k
rule <k> #look(X:String, L:Int) => {M[X]}:>Val ... </k>
       <scopes> ... L |-> scope(M:Map, _:Parent) ... </scopes>
       requires X in_keys(M)
```

## 425. rule — reference-semantics/semantics/core.k:145-151
Attributes: priority
Decision: UNUSED-FIXED-SEMANTICS
Reason: not reachable from this program or proof-local terms; no intended-domain witness
```k
rule <k> #look(X:String, L:Int) => V ... </k>
       <scopes> ... L |-> scope(M:Map, _:Parent) ... </scopes>
       <heap> ... H |-> cellV(V:Val) ... </heap>
       requires X in_keys(M) andBool "$cells" in_keys(M)
        andBool pnMember(X, cellsOf({M["$cells"]}:>Val))
        andBool {M[X]}:>Val ==K cellRef(H)
       [priority(40)]
```

## 426. rule — reference-semantics/semantics/core.k:152-154
Attributes: none
Decision: UNUSED-FIXED-SEMANTICS
Reason: not reachable from this program or proof-local terms; no intended-domain witness
```k
rule <k> #look(X:String, L:Int) => #look(X, P) ... </k>
       <scopes> ... L |-> scope(M:Map, parent(P:Int)) ... </scopes>
       requires notBool (X in_keys(M))
```

## 427. syntax — reference-semantics/semantics/core.k:157
Attributes: function, total
Decision: UNUSED-FIXED-SEMANTICS
Reason: not reachable from this program or proof-local terms; no intended-domain witness
```k
syntax Scope ::= "builtinsScope" [function, total]
```

## 428. rule — reference-semantics/semantics/core.k:158-181
Attributes: none
Decision: UNUSED-FIXED-SEMANTICS
Reason: not reachable from this program or proof-local terms; no intended-domain witness
```k
rule builtinsScope
    => scope(.Map [ "len"    <- builtinV("len")    ]
                  [ "set"    <- builtinV("set")    ]
                  [ "sum"    <- builtinV("sum")    ]
                  [ "abs"    <- builtinV("abs")    ]
                  [ "min"    <- builtinV("min")    ]
                  [ "max"    <- builtinV("max")    ]
                  [ "ord"    <- builtinV("ord")    ]
                  [ "chr"    <- builtinV("chr")    ]
                  [ "range"  <- builtinV("range")  ]
                  [ "all"    <- builtinV("all")    ]
                  [ "any"    <- builtinV("any")    ]
                  [ "zip"    <- builtinV("zip")    ]
                  [ "isinstance" <- builtinV("isinstance") ]
                  [ "sorted" <- builtinV("sorted") ]
                  [ "list"   <- builtinV("list")   ]
                  [ "round"  <- builtinV("round")  ]
                  [ "bin"    <- builtinV("bin")    ]
                  [ "enumerate" <- builtinV("enumerate") ]
                  [ "map"    <- builtinV("map")    ]
                  [ "eval"   <- builtinV("eval")   ]
                  [ "int"    <- typeV("int")       ]
                  [ "str"    <- typeV("str")       ]
                  [ "float"  <- typeV("float")     ], root)
```

## 429. syntax — reference-semantics/semantics/core.k:185
Attributes: none
Decision: USED-FIXED-SEMANTICS
Reason: on the submitted term/claim path; agrees with the modeled Python subset
```k
syntax ApplyK ::= toCall(Val)
```

## 430. syntax — reference-semantics/semantics/core.k:186-188
Attributes: none
Decision: USED-FIXED-SEMANTICS
Reason: on the submitted term/claim path; agrees with the modeled Python subset
```k
syntax KItem  ::= #evalArgs(Exprs, Vals, ApplyK)
                  | #evalArgCont(Exprs, Vals, ApplyK)
                  | #applyK(ApplyK, Vals)
```

## 431. rule — reference-semantics/semantics/core.k:189
Attributes: none
Decision: USED-FIXED-SEMANTICS
Reason: on the submitted term/claim path; agrees with the modeled Python subset
```k
rule <k> #evalArgs((A:Expr, REST:Exprs), ACC:Vals, K:ApplyK) => A ~> #evalArgCont(REST, ACC, K) ... </k>
```

## 432. rule — reference-semantics/semantics/core.k:190
Attributes: none
Decision: USED-FIXED-SEMANTICS
Reason: on the submitted term/claim path; agrees with the modeled Python subset
```k
rule <k> V:Val ~> #evalArgCont(REST:Exprs, ACC:Vals, K:ApplyK) => #evalArgs(REST, appendVal(ACC, V), K) ... </k>
```

## 433. rule — reference-semantics/semantics/core.k:191
Attributes: none
Decision: USED-FIXED-SEMANTICS
Reason: on the submitted term/claim path; agrees with the modeled Python subset
```k
rule <k> #evalArgs(.Exprs, ACC:Vals, K:ApplyK) => #applyK(K, ACC) ... </k>
```

## 434. rule — reference-semantics/semantics/core.k:194
Attributes: none
Decision: UNUSED-FIXED-SEMANTICS
Reason: not reachable from this program or proof-local terms; no intended-domain witness
```k
rule <k> Int(I:Int)   => I ... </k>
```

## 435. rule — reference-semantics/semantics/core.k:195
Attributes: none
Decision: USED-FIXED-SEMANTICS
Reason: on the submitted term/claim path; agrees with the modeled Python subset
```k
rule <k> Bool(B:Bool) => B ... </k>
```

## 436. rule — reference-semantics/semantics/core.k:196
Attributes: none
Decision: UNUSED-FIXED-SEMANTICS
Reason: not reachable from this program or proof-local terms; no intended-domain witness
```k
rule <k> NoneVal      => noneV ... </k>
```

## 437. syntax — reference-semantics/semantics/core.k:199
Attributes: function
Decision: USED-FIXED-SEMANTICS
Reason: on the submitted term/claim path; agrees with the modeled Python subset
```k
syntax Bool ::= truthy(Val) [function]
```

## 438. rule — reference-semantics/semantics/core.k:200
Attributes: none
Decision: USED-FIXED-SEMANTICS
Reason: on the submitted term/claim path; agrees with the modeled Python subset
```k
rule truthy(B:Bool)          => B
```

## 439. rule — reference-semantics/semantics/core.k:201
Attributes: none
Decision: USED-FIXED-SEMANTICS
Reason: on the submitted term/claim path; agrees with the modeled Python subset
```k
rule truthy(noneV)           => false
```

## 440. rule — reference-semantics/semantics/core.k:202
Attributes: none
Decision: USED-FIXED-SEMANTICS
Reason: on the submitted term/claim path; agrees with the modeled Python subset
```k
rule truthy(I:Int)           => I =/=Int 0
```

## 441. rule — reference-semantics/semantics/core.k:203
Attributes: none
Decision: USED-FIXED-SEMANTICS
Reason: on the submitted term/claim path; agrees with the modeled Python subset
```k
rule truthy(str(S:IntSeq))   => notBool (S ==K .IntSeq)
```

## 442. rule — reference-semantics/semantics/core.k:204
Attributes: none
Decision: USED-FIXED-SEMANTICS
Reason: on the submitted term/claim path; agrees with the modeled Python subset
```k
rule truthy(list(V:ValSeq))  => notBool (V ==K .ValSeq)
```

## 443. rule — reference-semantics/semantics/core.k:205
Attributes: none
Decision: USED-FIXED-SEMANTICS
Reason: on the submitted term/claim path; agrees with the modeled Python subset
```k
rule truthy(tuple(V:ValSeq)) => notBool (V ==K .ValSeq)
```

## 444. syntax — reference-semantics/semantics/core.k:208
Attributes: function
Decision: UNUSED-FIXED-SEMANTICS
Reason: not reachable from this program or proof-local terms; no intended-domain witness
```k
syntax Val  ::= applyUn(String, Val) [function]
```

## 445. syntax — reference-semantics/semantics/core.k:209
Attributes: function
Decision: UNUSED-FIXED-SEMANTICS
Reason: not reachable from this program or proof-local terms; no intended-domain witness
```k
syntax Val  ::= applyBin(String, Val, Val) [function]
```

## 446. syntax — reference-semantics/semantics/core.k:210
Attributes: function
Decision: USED-FIXED-SEMANTICS
Reason: on the submitted term/claim path; agrees with the modeled Python subset
```k
syntax Bool ::= applyCmp(String, Val, Val) [function]
```

## 447. syntax — reference-semantics/semantics/core.k:213
Attributes: function, total
Decision: USED-FIXED-SEMANTICS
Reason: on the submitted term/claim path; agrees with the modeled Python subset
```k
syntax Vals ::= appendVal(Vals, Val) [function, total]
```

## 448. rule — reference-semantics/semantics/core.k:214
Attributes: none
Decision: USED-FIXED-SEMANTICS
Reason: on the submitted term/claim path; agrees with the modeled Python subset
```k
rule appendVal(.Vals, V:Val)              => V , .Vals
```

## 449. rule — reference-semantics/semantics/core.k:215
Attributes: none
Decision: USED-FIXED-SEMANTICS
Reason: on the submitted term/claim path; agrees with the modeled Python subset
```k
rule appendVal((V0:Val, VS:Vals), V:Val)  => V0 , appendVal(VS, V)
```

## 450. syntax — reference-semantics/semantics/core.k:217
Attributes: function, total
Decision: UNUSED-FIXED-SEMANTICS
Reason: not reachable from this program or proof-local terms; no intended-domain witness
```k
syntax ValSeq ::= vals2valSeq(Vals) [function, total]
```

## 451. rule — reference-semantics/semantics/core.k:218
Attributes: none
Decision: UNUSED-FIXED-SEMANTICS
Reason: not reachable from this program or proof-local terms; no intended-domain witness
```k
rule vals2valSeq(.Vals)            => .ValSeq
```

## 452. rule — reference-semantics/semantics/core.k:219
Attributes: none
Decision: UNUSED-FIXED-SEMANTICS
Reason: not reachable from this program or proof-local terms; no intended-domain witness
```k
rule vals2valSeq((V:Val, VS:Vals)) => vCons(V, vals2valSeq(VS))
```

## 453. syntax — reference-semantics/semantics/core.k:223
Attributes: function, total
Decision: UNUSED-FIXED-SEMANTICS
Reason: not reachable from this program or proof-local terms; no intended-domain witness
```k
syntax Int ::= vsLen(ValSeq) [function, total]
```

## 454. rule — reference-semantics/semantics/core.k:224
Attributes: none
Decision: UNUSED-FIXED-SEMANTICS
Reason: not reachable from this program or proof-local terms; no intended-domain witness
```k
rule vsLen(.ValSeq)                => 0
```

## 455. rule — reference-semantics/semantics/core.k:225
Attributes: none
Decision: UNUSED-FIXED-SEMANTICS
Reason: not reachable from this program or proof-local terms; no intended-domain witness
```k
rule vsLen(vCons(_:Val, S:ValSeq)) => 1 +Int vsLen(S)
```

## 456. syntax — reference-semantics/semantics/core.k:227
Attributes: function, total
Decision: UNUSED-FIXED-SEMANTICS
Reason: not reachable from this program or proof-local terms; no intended-domain witness
```k
syntax Int ::= isLen(IntSeq) [function, total]
```

## 457. rule — reference-semantics/semantics/core.k:228
Attributes: none
Decision: UNUSED-FIXED-SEMANTICS
Reason: not reachable from this program or proof-local terms; no intended-domain witness
```k
rule isLen(.IntSeq)                => 0
```

## 458. rule — reference-semantics/semantics/core.k:229
Attributes: none
Decision: UNUSED-FIXED-SEMANTICS
Reason: not reachable from this program or proof-local terms; no intended-domain witness
```k
rule isLen(iCons(_:Int, S:IntSeq)) => 1 +Int isLen(S)
```

## 459. syntax — reference-semantics/semantics/core.k:233
Attributes: function, total
Decision: UNUSED-FIXED-SEMANTICS
Reason: not reachable from this program or proof-local terms; no intended-domain witness
```k
syntax ValSeq ::= setVSAt(ValSeq, Int, Val) [function, total]
```

## 460. rule — reference-semantics/semantics/core.k:234
Attributes: none
Decision: UNUSED-FIXED-SEMANTICS
Reason: not reachable from this program or proof-local terms; no intended-domain witness
```k
rule setVSAt(.ValSeq, _:Int, _:Val)               => .ValSeq
```

## 461. rule — reference-semantics/semantics/core.k:235
Attributes: none
Decision: UNUSED-FIXED-SEMANTICS
Reason: not reachable from this program or proof-local terms; no intended-domain witness
```k
rule setVSAt(vCons(_:Val, S:ValSeq), 0, V:Val)    => vCons(V, S)
```

## 462. rule — reference-semantics/semantics/core.k:236-237
Attributes: none
Decision: UNUSED-FIXED-SEMANTICS
Reason: not reachable from this program or proof-local terms; no intended-domain witness
```k
rule setVSAt(vCons(W:Val, S:ValSeq), I:Int, V:Val) => vCons(W, setVSAt(S, I -Int 1, V))
       requires I >Int 0
```

## 463. rule — reference-semantics/semantics/core.k:238-239
Attributes: none
Decision: UNUSED-FIXED-SEMANTICS
Reason: not reachable from this program or proof-local terms; no intended-domain witness
```k
rule setVSAt(VS:ValSeq, I:Int, _:Val)             => VS
       requires I <Int 0
```

## 464. endmodule — reference-semantics/semantics/core.k:240
Attributes: none
Decision: USED-FIXED-SEMANTICS
Reason: on the submitted term/claim path; agrees with the modeled Python subset
```k
endmodule
```

## 465. module — reference-semantics/semantics/dict.k:13
Attributes: none
Decision: UNUSED-FIXED-SEMANTICS
Reason: not reachable from this program or proof-local terms; no intended-domain witness
```k
module MPY-DICT
```

## 466. imports — reference-semantics/semantics/dict.k:14
Attributes: none
Decision: UNUSED-FIXED-SEMANTICS
Reason: not reachable from this program or proof-local terms; no intended-domain witness
```k
imports MPY-CORE
```

## 467. imports — reference-semantics/semantics/dict.k:15
Attributes: none
Decision: UNUSED-FIXED-SEMANTICS
Reason: not reachable from this program or proof-local terms; no intended-domain witness
```k
imports MPY-ITER
```

## 468. imports — reference-semantics/semantics/dict.k:16
Attributes: none
Decision: UNUSED-FIXED-SEMANTICS
Reason: not reachable from this program or proof-local terms; no intended-domain witness
```k
imports MPY-METHODS
```

## 469. imports — reference-semantics/semantics/dict.k:17
Attributes: none
Decision: UNUSED-FIXED-SEMANTICS
Reason: not reachable from this program or proof-local terms; no intended-domain witness
```k
imports MPY-LIST
```

## 470. syntax — reference-semantics/semantics/dict.k:20
Attributes: none
Decision: UNUSED-FIXED-SEMANTICS
Reason: not reachable from this program or proof-local terms; no intended-domain witness
```k
syntax Val ::= dictV(ValSeq, ValSeq)
```

## 471. syntax — reference-semantics/semantics/dict.k:23-25
Attributes: none
Decision: UNUSED-FIXED-SEMANTICS
Reason: not reachable from this program or proof-local terms; no intended-domain witness
```k
syntax KItem ::= #dictAcc(Entries, ValSeq, ValSeq)
                 | #dictKey(Expr, Entries, ValSeq, ValSeq)
                 | #dictVal(Val, Entries, ValSeq, ValSeq)
```

## 472. rule — reference-semantics/semantics/dict.k:26
Attributes: none
Decision: UNUSED-FIXED-SEMANTICS
Reason: not reachable from this program or proof-local terms; no intended-domain witness
```k
rule <k> DictExpr(ES:Entries) => #dictAcc(ES, .ValSeq, .ValSeq) ... </k>
```

## 473. rule — reference-semantics/semantics/dict.k:27
Attributes: none
Decision: UNUSED-FIXED-SEMANTICS
Reason: not reachable from this program or proof-local terms; no intended-domain witness
```k
rule <k> #dictAcc(.Entries, KS:ValSeq, VS:ValSeq) => dictV(KS, VS) ... </k>
```

## 474. rule — reference-semantics/semantics/dict.k:28-29
Attributes: none
Decision: UNUSED-FIXED-SEMANTICS
Reason: not reachable from this program or proof-local terms; no intended-domain witness
```k
rule <k> #dictAcc((Entry(K:Expr, V:Expr), REST:Entries), KS:ValSeq, VS:ValSeq)
        => K ~> #dictKey(V, REST, KS, VS) ... </k>
```

## 475. rule — reference-semantics/semantics/dict.k:30-31
Attributes: none
Decision: UNUSED-FIXED-SEMANTICS
Reason: not reachable from this program or proof-local terms; no intended-domain witness
```k
rule <k> KV:Val ~> #dictKey(V:Expr, REST:Entries, KS:ValSeq, VS:ValSeq)
        => V ~> #dictVal(KV, REST, KS, VS) ... </k>
```

## 476. rule — reference-semantics/semantics/dict.k:32-33
Attributes: none
Decision: UNUSED-FIXED-SEMANTICS
Reason: not reachable from this program or proof-local terms; no intended-domain witness
```k
rule <k> VV:Val ~> #dictVal(KV:Val, REST:Entries, KS:ValSeq, VS:ValSeq)
        => #dictAcc(REST, dPutK(KS, KV), dPutV(KS, VS, KV, VV)) ... </k>
```

## 477. syntax — reference-semantics/semantics/dict.k:37
Attributes: function, total
Decision: UNUSED-FIXED-SEMANTICS
Reason: not reachable from this program or proof-local terms; no intended-domain witness
```k
syntax Bool ::= dHasKey(ValSeq, Val) [function, total]
```

## 478. rule — reference-semantics/semantics/dict.k:38
Attributes: none
Decision: UNUSED-FIXED-SEMANTICS
Reason: not reachable from this program or proof-local terms; no intended-domain witness
```k
rule dHasKey(.ValSeq, _:Val)                => false
```

## 479. rule — reference-semantics/semantics/dict.k:39
Attributes: none
Decision: UNUSED-FIXED-SEMANTICS
Reason: not reachable from this program or proof-local terms; no intended-domain witness
```k
rule dHasKey(vCons(A:Val, _:ValSeq), K:Val) => true          requires A ==K K
```

## 480. rule — reference-semantics/semantics/dict.k:40
Attributes: none
Decision: UNUSED-FIXED-SEMANTICS
Reason: not reachable from this program or proof-local terms; no intended-domain witness
```k
rule dHasKey(vCons(A:Val, R:ValSeq), K:Val) => dHasKey(R, K) requires notBool (A ==K K)
```

## 481. syntax — reference-semantics/semantics/dict.k:43
Attributes: function, total
Decision: UNUSED-FIXED-SEMANTICS
Reason: not reachable from this program or proof-local terms; no intended-domain witness
```k
syntax ValSeq ::= dPutK(ValSeq, Val) [function, total]
```

## 482. rule — reference-semantics/semantics/dict.k:44
Attributes: none
Decision: UNUSED-FIXED-SEMANTICS
Reason: not reachable from this program or proof-local terms; no intended-domain witness
```k
rule dPutK(KS:ValSeq, K:Val) => KS                                  requires dHasKey(KS, K)
```

## 483. rule — reference-semantics/semantics/dict.k:45
Attributes: none
Decision: UNUSED-FIXED-SEMANTICS
Reason: not reachable from this program or proof-local terms; no intended-domain witness
```k
rule dPutK(KS:ValSeq, K:Val) => valSeqConcat(KS, vCons(K, .ValSeq)) requires notBool dHasKey(KS, K)
```

## 484. syntax — reference-semantics/semantics/dict.k:49
Attributes: function, total
Decision: UNUSED-FIXED-SEMANTICS
Reason: not reachable from this program or proof-local terms; no intended-domain witness
```k
syntax ValSeq ::= dPutV(ValSeq, ValSeq, Val, Val) [function, total]
```

## 485. rule — reference-semantics/semantics/dict.k:50-51
Attributes: none
Decision: UNUSED-FIXED-SEMANTICS
Reason: not reachable from this program or proof-local terms; no intended-domain witness
```k
rule dPutV(vCons(A:Val, _:ValSeq), vCons(_:Val, VR:ValSeq), K:Val, V:Val)  => vCons(V, VR)
       requires A ==K K
```

## 486. rule — reference-semantics/semantics/dict.k:52-53
Attributes: none
Decision: UNUSED-FIXED-SEMANTICS
Reason: not reachable from this program or proof-local terms; no intended-domain witness
```k
rule dPutV(vCons(A:Val, KR:ValSeq), vCons(B:Val, VR:ValSeq), K:Val, V:Val) => vCons(B, dPutV(KR, VR, K, V))
       requires notBool (A ==K K)
```

## 487. rule — reference-semantics/semantics/dict.k:54
Attributes: owise
Decision: UNUSED-FIXED-SEMANTICS
Reason: not reachable from this program or proof-local terms; no intended-domain witness
```k
rule dPutV(_KS:ValSeq, VS:ValSeq, _K:Val, V:Val) => valSeqConcat(VS, vCons(V, .ValSeq)) [owise]
```

## 488. rule — reference-semantics/semantics/dict.k:58-60
Attributes: priority
Decision: UNUSED-FIXED-SEMANTICS
Reason: not reachable from this program or proof-local terms; no intended-domain witness
```k
rule <k> #applyK(toCall(boundMethodV(dictV(KS:ValSeq, _:ValSeq), "keys")), .Vals)
        => #alloc(list(KS)) ... </k>
       [priority(40)]
```

## 489. rule — reference-semantics/semantics/dict.k:63
Attributes: none
Decision: UNUSED-FIXED-SEMANTICS
Reason: not reachable from this program or proof-local terms; no intended-domain witness
```k
rule applyIndexD(dictV(KS:ValSeq, VS:ValSeq), K:Val) => dGet(KS, VS, K)
```

## 490. syntax — reference-semantics/semantics/dict.k:64
Attributes: function
Decision: UNUSED-FIXED-SEMANTICS
Reason: not reachable from this program or proof-local terms; no intended-domain witness
```k
syntax Val ::= applyIndexD(Val, Val) [function]
```

## 491. rule — reference-semantics/semantics/dict.k:65-66
Attributes: priority
Decision: UNUSED-FIXED-SEMANTICS
Reason: not reachable from this program or proof-local terms; no intended-domain witness
```k
rule <k> Subscript(dictV(KS:ValSeq, VS:ValSeq), K:Val) => applyIndexD(dictV(KS, VS), K) ... </k>
       [priority(45)]
```

## 492. syntax — reference-semantics/semantics/dict.k:70
Attributes: function
Decision: UNUSED-FIXED-SEMANTICS
Reason: not reachable from this program or proof-local terms; no intended-domain witness
```k
syntax Val ::= dictSet(Val, Val, Val) [function]
```

## 493. rule — reference-semantics/semantics/dict.k:71
Attributes: none
Decision: UNUSED-FIXED-SEMANTICS
Reason: not reachable from this program or proof-local terms; no intended-domain witness
```k
rule dictSet(dictV(KS:ValSeq, VS:ValSeq), K:Val, V:Val) => dictV(dPutK(KS, K), dPutV(KS, VS, K, V))
```

## 494. syntax — reference-semantics/semantics/dict.k:76
Attributes: none
Decision: UNUSED-FIXED-SEMANTICS
Reason: not reachable from this program or proof-local terms; no intended-domain witness
```k
syntax KItem ::= #dsetK(String, Val)
```

## 495. rule — reference-semantics/semantics/dict.k:77
Attributes: none
Decision: UNUSED-FIXED-SEMANTICS
Reason: not reachable from this program or proof-local terms; no intended-domain witness
```k
rule <k> Assign(Subscript(Name(X:String), K:Expr), VV:Val) => K ~> #dsetK(X, VV) ... </k>
```

## 496. rule — reference-semantics/semantics/dict.k:78-81
Attributes: none
Decision: UNUSED-FIXED-SEMANTICS
Reason: not reachable from this program or proof-local terms; no intended-domain witness
```k
rule <k> KV:Val ~> #dsetK(X:String, VV:Val) => .K ... </k>
       <env> L:Int </env>
       <scopes> ... L |-> scope(M:Map => M [ X <- dictSet({M[X]}:>Val, KV, VV) ], _) ... </scopes>
       requires X in_keys(M) andBool notBool isRefV({M[X]}:>Val)
```

## 497. rule — reference-semantics/semantics/dict.k:82-85
Attributes: none
Decision: UNUSED-FIXED-SEMANTICS
Reason: not reachable from this program or proof-local terms; no intended-domain witness
```k
rule <k> KV:Val ~> #dsetK(X:String, VV:Val) => #dsetV({M[X]}:>Val, KV, VV) ... </k>
       <env> L:Int </env>
       <scopes> ... L |-> scope(M:Map, _) ... </scopes>
       requires X in_keys(M) andBool isRefV({M[X]}:>Val)
```

## 498. syntax — reference-semantics/semantics/dict.k:86
Attributes: none
Decision: UNUSED-FIXED-SEMANTICS
Reason: not reachable from this program or proof-local terms; no intended-domain witness
```k
syntax KItem ::= #dsetV(Val, Val, Val)
```

## 499. rule — reference-semantics/semantics/dict.k:87-88
Attributes: none
Decision: UNUSED-FIXED-SEMANTICS
Reason: not reachable from this program or proof-local terms; no intended-domain witness
```k
rule <k> #dsetV(ref(H:Int), I:Int, VV:Val) => .K ... </k>
       <heap> ... H |-> list(VS:ValSeq => setVSAt(VS, normIdxD(I, vsLen(VS)), VV)) ... </heap>
```

## 500. syntax — reference-semantics/semantics/dict.k:90
Attributes: function, total
Decision: UNUSED-FIXED-SEMANTICS
Reason: not reachable from this program or proof-local terms; no intended-domain witness
```k
syntax Int ::= normIdxD(Int, Int) [function, total]
```

## 501. rule — reference-semantics/semantics/dict.k:91
Attributes: none
Decision: UNUSED-FIXED-SEMANTICS
Reason: not reachable from this program or proof-local terms; no intended-domain witness
```k
rule normIdxD(I:Int, LEN:Int) => I +Int LEN requires I  <Int 0
```

## 502. rule — reference-semantics/semantics/dict.k:92
Attributes: none
Decision: UNUSED-FIXED-SEMANTICS
Reason: not reachable from this program or proof-local terms; no intended-domain witness
```k
rule normIdxD(I:Int, _:Int)   => I          requires I >=Int 0
```

## 503. rule — reference-semantics/semantics/dict.k:95-96
Attributes: none
Decision: UNUSED-FIXED-SEMANTICS
Reason: not reachable from this program or proof-local terms; no intended-domain witness
```k
rule applyCmp("==", dictV(KS1:ValSeq, VS1:ValSeq), dictV(KS2:ValSeq, VS2:ValSeq))
    => (vsLen(KS1) ==Int vsLen(KS2)) andBool dSubset(KS1, VS1, KS2, VS2)
```

## 504. syntax — reference-semantics/semantics/dict.k:97
Attributes: function
Decision: UNUSED-FIXED-SEMANTICS
Reason: not reachable from this program or proof-local terms; no intended-domain witness
```k
syntax Bool ::= dSubset(ValSeq, ValSeq, ValSeq, ValSeq) [function]
```

## 505. rule — reference-semantics/semantics/dict.k:98
Attributes: none
Decision: UNUSED-FIXED-SEMANTICS
Reason: not reachable from this program or proof-local terms; no intended-domain witness
```k
rule dSubset(.ValSeq, .ValSeq, _:ValSeq, _:ValSeq) => true
```

## 506. rule — reference-semantics/semantics/dict.k:99-100
Attributes: none
Decision: UNUSED-FIXED-SEMANTICS
Reason: not reachable from this program or proof-local terms; no intended-domain witness
```k
rule dSubset(vCons(K:Val, KR:ValSeq), vCons(V:Val, VR:ValSeq), KS2:ValSeq, VS2:ValSeq)
    => dHasKey(KS2, K) andBool (dGet(KS2, VS2, K) ==K V) andBool dSubset(KR, VR, KS2, VS2)
```

## 507. syntax — reference-semantics/semantics/dict.k:101
Attributes: function
Decision: UNUSED-FIXED-SEMANTICS
Reason: not reachable from this program or proof-local terms; no intended-domain witness
```k
syntax Val ::= dGet(ValSeq, ValSeq, Val) [function]
```

## 508. rule — reference-semantics/semantics/dict.k:102
Attributes: none
Decision: UNUSED-FIXED-SEMANTICS
Reason: not reachable from this program or proof-local terms; no intended-domain witness
```k
rule dGet(vCons(A:Val, _:ValSeq), vCons(B:Val, _:ValSeq), K:Val) => B                requires A ==K K
```

## 509. rule — reference-semantics/semantics/dict.k:103
Attributes: none
Decision: UNUSED-FIXED-SEMANTICS
Reason: not reachable from this program or proof-local terms; no intended-domain witness
```k
rule dGet(vCons(A:Val, KR:ValSeq), vCons(_:Val, VR:ValSeq), K:Val) => dGet(KR, VR, K) requires notBool (A ==K K)
```

## 510. endmodule — reference-semantics/semantics/dict.k:104
Attributes: none
Decision: UNUSED-FIXED-SEMANTICS
Reason: not reachable from this program or proof-local terms; no intended-domain witness
```k
endmodule
```

## 511. module — reference-semantics/semantics/float.k:14
Attributes: none
Decision: UNUSED-FIXED-SEMANTICS
Reason: not reachable from this program or proof-local terms; no intended-domain witness
```k
module MPY-FLOAT
```

## 512. imports — reference-semantics/semantics/float.k:15
Attributes: none
Decision: UNUSED-FIXED-SEMANTICS
Reason: not reachable from this program or proof-local terms; no intended-domain witness
```k
imports MPY-OPERATORS
```

## 513. imports — reference-semantics/semantics/float.k:16
Attributes: none
Decision: UNUSED-FIXED-SEMANTICS
Reason: not reachable from this program or proof-local terms; no intended-domain witness
```k
imports MPY-BUILTINS
```

## 514. imports — reference-semantics/semantics/float.k:17
Attributes: none
Decision: UNUSED-FIXED-SEMANTICS
Reason: not reachable from this program or proof-local terms; no intended-domain witness
```k
imports FLOAT
```

## 515. syntax — reference-semantics/semantics/float.k:20
Attributes: none
Decision: UNUSED-FIXED-SEMANTICS
Reason: not reachable from this program or proof-local terms; no intended-domain witness
```k
syntax Val ::= Float
```

## 516. rule — reference-semantics/semantics/float.k:21
Attributes: none
Decision: UNUSED-FIXED-SEMANTICS
Reason: not reachable from this program or proof-local terms; no intended-domain witness
```k
rule <k> Float(F:Float) => F ... </k>
```

## 517. syntax — reference-semantics/semantics/float.k:24
Attributes: function, no-evaluators, symbol, total
Decision: UNUSED-FIXED-SEMANTICS
Reason: not reachable from this program or proof-local terms; no intended-domain witness
```k
syntax Float ::= intFloatDiv(Int, Float) [function, total, symbol(intFloatDiv), no-evaluators]
```

## 518. rule — reference-semantics/semantics/float.k:25
Attributes: concrete
Decision: UNUSED-FIXED-SEMANTICS
Reason: not reachable from this program or proof-local terms; no intended-domain witness
```k
rule intFloatDiv(I:Int, F:Float) => Int2Float(I, 53, 11) /Float F [concrete]
```

## 519. rule — reference-semantics/semantics/float.k:27
Attributes: none
Decision: UNUSED-FIXED-SEMANTICS
Reason: not reachable from this program or proof-local terms; no intended-domain witness
```k
rule applyBin("/", I:Int, F:Float) => intFloatDiv(I, F)
```

## 520. syntax — reference-semantics/semantics/float.k:30
Attributes: function, no-evaluators, symbol, total
Decision: UNUSED-FIXED-SEMANTICS
Reason: not reachable from this program or proof-local terms; no intended-domain witness
```k
syntax Float ::= divII(Int, Int) [function, total, symbol(divII), no-evaluators]
```

## 521. rule — reference-semantics/semantics/float.k:31
Attributes: concrete
Decision: UNUSED-FIXED-SEMANTICS
Reason: not reachable from this program or proof-local terms; no intended-domain witness
```k
rule divII(I1:Int, I2:Int) => Int2Float(I1, 53, 11) /Float Int2Float(I2, 53, 11) [concrete]
```

## 522. rule — reference-semantics/semantics/float.k:32
Attributes: none
Decision: UNUSED-FIXED-SEMANTICS
Reason: not reachable from this program or proof-local terms; no intended-domain witness
```k
rule applyBin("/", I1:Int, I2:Int) => divII(I1, I2)
```

## 523. syntax — reference-semantics/semantics/float.k:37
Attributes: function, no-evaluators, symbol, total
Decision: UNUSED-FIXED-SEMANTICS
Reason: not reachable from this program or proof-local terms; no intended-domain witness
```k
syntax Float ::= floatMod(Float, Float) [function, total, symbol(floatMod), no-evaluators]
```

## 524. rule — reference-semantics/semantics/float.k:38
Attributes: concrete
Decision: UNUSED-FIXED-SEMANTICS
Reason: not reachable from this program or proof-local terms; no intended-domain witness
```k
rule floatMod(F1:Float, F2:Float) => F1 -Float (floorFloat(F1 /Float F2) *Float F2) [concrete]
```

## 525. rule — reference-semantics/semantics/float.k:39
Attributes: none
Decision: UNUSED-FIXED-SEMANTICS
Reason: not reachable from this program or proof-local terms; no intended-domain witness
```k
rule applyBin("%", F1:Float, F2:Float) => floatMod(F1, F2)
```

## 526. rule — reference-semantics/semantics/float.k:43
Attributes: none
Decision: UNUSED-FIXED-SEMANTICS
Reason: not reachable from this program or proof-local terms; no intended-domain witness
```k
rule applyCmp("==", F1:Float, F2:Float) => F1 ==Float F2
```

## 527. rule — reference-semantics/semantics/float.k:44
Attributes: none
Decision: UNUSED-FIXED-SEMANTICS
Reason: not reachable from this program or proof-local terms; no intended-domain witness
```k
rule applyCmp("!=", F1:Float, F2:Float) => notBool (F1 ==Float F2)
```

## 528. syntax — reference-semantics/semantics/float.k:50
Attributes: function, no-evaluators, symbol, total
Decision: UNUSED-FIXED-SEMANTICS
Reason: not reachable from this program or proof-local terms; no intended-domain witness
```k
syntax Bool ::= floatLt(Float, Float) [function, total, symbol(floatLt), no-evaluators]
```

## 529. rule — reference-semantics/semantics/float.k:51
Attributes: concrete
Decision: UNUSED-FIXED-SEMANTICS
Reason: not reachable from this program or proof-local terms; no intended-domain witness
```k
rule floatLt(F1:Float, F2:Float) => F1 <Float F2 [concrete]
```

## 530. rule — reference-semantics/semantics/float.k:52
Attributes: none
Decision: UNUSED-FIXED-SEMANTICS
Reason: not reachable from this program or proof-local terms; no intended-domain witness
```k
rule applyCmp("<", F1:Float, F2:Float) => floatLt(F1, F2)
```

## 531. syntax — reference-semantics/semantics/float.k:54
Attributes: function, no-evaluators, symbol, total
Decision: UNUSED-FIXED-SEMANTICS
Reason: not reachable from this program or proof-local terms; no intended-domain witness
```k
syntax Float ::= absF(Float) [function, total, symbol(absF), no-evaluators]
```

## 532. rule — reference-semantics/semantics/float.k:55
Attributes: concrete
Decision: UNUSED-FIXED-SEMANTICS
Reason: not reachable from this program or proof-local terms; no intended-domain witness
```k
rule absF(F:Float) => absFloat(F) [concrete]
```

## 533. rule — reference-semantics/semantics/float.k:56
Attributes: none
Decision: UNUSED-FIXED-SEMANTICS
Reason: not reachable from this program or proof-local terms; no intended-domain witness
```k
rule applyBuiltin("abs", F:Float, .Vals) => absF(F)
```

## 534. rule — reference-semantics/semantics/float.k:61
Attributes: none
Decision: UNUSED-FIXED-SEMANTICS
Reason: not reachable from this program or proof-local terms; no intended-domain witness
```k
rule <k> Import(_:String) => .K ... </k>
```

## 535. syntax — reference-semantics/semantics/float.k:65
Attributes: none
Decision: UNUSED-FIXED-SEMANTICS
Reason: not reachable from this program or proof-local terms; no intended-domain witness
```k
syntax KItem ::= "#mathCeil"
```

## 536. rule — reference-semantics/semantics/float.k:66
Attributes: priority
Decision: UNUSED-FIXED-SEMANTICS
Reason: not reachable from this program or proof-local terms; no intended-domain witness
```k
rule <k> Call(Attribute(Name("math"), "ceil"), (E:Expr, .Exprs)) => E ~> #mathCeil ... </k> [priority(40)]
```

## 537. rule — reference-semantics/semantics/float.k:67
Attributes: none
Decision: UNUSED-FIXED-SEMANTICS
Reason: not reachable from this program or proof-local terms; no intended-domain witness
```k
rule <k> V:Val ~> #mathCeil => ceilF(V) ... </k>
```

## 538. syntax — reference-semantics/semantics/float.k:70
Attributes: none
Decision: UNUSED-FIXED-SEMANTICS
Reason: not reachable from this program or proof-local terms; no intended-domain witness
```k
syntax KItem ::= "#mathFloor"
```

## 539. rule — reference-semantics/semantics/float.k:71
Attributes: priority
Decision: UNUSED-FIXED-SEMANTICS
Reason: not reachable from this program or proof-local terms; no intended-domain witness
```k
rule <k> Call(Attribute(Name("math"), "floor"), (E:Expr, .Exprs)) => E ~> #mathFloor ... </k> [priority(40)]
```

## 540. rule — reference-semantics/semantics/float.k:72
Attributes: none
Decision: UNUSED-FIXED-SEMANTICS
Reason: not reachable from this program or proof-local terms; no intended-domain witness
```k
rule <k> V:Val ~> #mathFloor => floorFI(V) ... </k>
```

## 541. syntax — reference-semantics/semantics/float.k:73
Attributes: function, symbol, total
Decision: UNUSED-FIXED-SEMANTICS
Reason: not reachable from this program or proof-local terms; no intended-domain witness
```k
syntax Int ::= floorFI(Val) [function, total, symbol(floorFI)]
```

## 542. rule — reference-semantics/semantics/float.k:74
Attributes: concrete
Decision: UNUSED-FIXED-SEMANTICS
Reason: not reachable from this program or proof-local terms; no intended-domain witness
```k
rule floorFI(I:Int)   => I                        [concrete]
```

## 543. rule — reference-semantics/semantics/float.k:75
Attributes: concrete
Decision: UNUSED-FIXED-SEMANTICS
Reason: not reachable from this program or proof-local terms; no intended-domain witness
```k
rule floorFI(F:Float) => Float2Int(floorFloat(F)) [concrete]
```

## 544. rule — reference-semantics/semantics/float.k:78
Attributes: none
Decision: UNUSED-FIXED-SEMANTICS
Reason: not reachable from this program or proof-local terms; no intended-domain witness
```k
rule applyBuiltin("floor", V:Val, .Vals) => floorFI(V)
```

## 545. rule — reference-semantics/semantics/float.k:79
Attributes: none
Decision: UNUSED-FIXED-SEMANTICS
Reason: not reachable from this program or proof-local terms; no intended-domain witness
```k
rule applyBuiltin("ceil",  V:Val, .Vals) => ceilF(V)
```

## 546. syntax — reference-semantics/semantics/float.k:82
Attributes: none
Decision: UNUSED-FIXED-SEMANTICS
Reason: not reachable from this program or proof-local terms; no intended-domain witness
```k
syntax KItem ::= #mathPow1(Expr) | #mathPow2(Val)
```

## 547. rule — reference-semantics/semantics/float.k:83
Attributes: priority
Decision: UNUSED-FIXED-SEMANTICS
Reason: not reachable from this program or proof-local terms; no intended-domain witness
```k
rule <k> Call(Attribute(Name("math"), "pow"), (E1:Expr, E2:Expr, .Exprs)) => E1 ~> #mathPow1(E2) ... </k> [priority(40)]
```

## 548. rule — reference-semantics/semantics/float.k:84
Attributes: none
Decision: UNUSED-FIXED-SEMANTICS
Reason: not reachable from this program or proof-local terms; no intended-domain witness
```k
rule <k> V1:Val ~> #mathPow1(E2:Expr) => E2 ~> #mathPow2(V1) ... </k>
```

## 549. rule — reference-semantics/semantics/float.k:85
Attributes: none
Decision: UNUSED-FIXED-SEMANTICS
Reason: not reachable from this program or proof-local terms; no intended-domain witness
```k
rule <k> V2:Val ~> #mathPow2(V1:Val) => powF(toF(V1), toF(V2)) ... </k>
```

## 550. syntax — reference-semantics/semantics/float.k:86
Attributes: function, symbol, total
Decision: UNUSED-FIXED-SEMANTICS
Reason: not reachable from this program or proof-local terms; no intended-domain witness
```k
syntax Float ::= toF(Val) [function, total, symbol(toF)]
```

## 551. rule — reference-semantics/semantics/float.k:87
Attributes: concrete
Decision: UNUSED-FIXED-SEMANTICS
Reason: not reachable from this program or proof-local terms; no intended-domain witness
```k
rule toF(F:Float) => F        [concrete]
```

## 552. rule — reference-semantics/semantics/float.k:88
Attributes: concrete
Decision: UNUSED-FIXED-SEMANTICS
Reason: not reachable from this program or proof-local terms; no intended-domain witness
```k
rule toF(I:Int)   => intToF(I) [concrete]
```

## 553. syntax — reference-semantics/semantics/float.k:93
Attributes: function, symbol, total
Decision: UNUSED-FIXED-SEMANTICS
Reason: not reachable from this program or proof-local terms; no intended-domain witness
```k
syntax Int ::= ceilF(Val) [function, total, symbol(ceilF)]
```

## 554. rule — reference-semantics/semantics/float.k:94
Attributes: concrete
Decision: UNUSED-FIXED-SEMANTICS
Reason: not reachable from this program or proof-local terms; no intended-domain witness
```k
rule ceilF(I:Int)   => I                       [concrete]
```

## 555. rule — reference-semantics/semantics/float.k:95
Attributes: concrete
Decision: UNUSED-FIXED-SEMANTICS
Reason: not reachable from this program or proof-local terms; no intended-domain witness
```k
rule ceilF(F:Float) => Float2Int(ceilFloat(F)) [concrete]
```

## 556. rule — reference-semantics/semantics/float.k:99
Attributes: none
Decision: UNUSED-FIXED-SEMANTICS
Reason: not reachable from this program or proof-local terms; no intended-domain witness
```k
rule applyUn("-", F:Float) => 0.0 -Float F
```

## 557. syntax — reference-semantics/semantics/float.k:103
Attributes: function, no-evaluators, symbol, total
Decision: UNUSED-FIXED-SEMANTICS
Reason: not reachable from this program or proof-local terms; no intended-domain witness
```k
syntax Float ::= subF(Float, Float) [function, total, symbol(subF), no-evaluators]
```

## 558. rule — reference-semantics/semantics/float.k:104
Attributes: concrete
Decision: UNUSED-FIXED-SEMANTICS
Reason: not reachable from this program or proof-local terms; no intended-domain witness
```k
rule subF(F1:Float, F2:Float) => F1 -Float F2 [concrete]
```

## 559. rule — reference-semantics/semantics/float.k:105
Attributes: none
Decision: UNUSED-FIXED-SEMANTICS
Reason: not reachable from this program or proof-local terms; no intended-domain witness
```k
rule applyBin("-", F1:Float, F2:Float) => subF(F1, F2)
```

## 560. syntax — reference-semantics/semantics/float.k:107
Attributes: function, no-evaluators, symbol, total
Decision: UNUSED-FIXED-SEMANTICS
Reason: not reachable from this program or proof-local terms; no intended-domain witness
```k
syntax Float ::= divF(Float, Float) [function, total, symbol(divF), no-evaluators]
```

## 561. rule — reference-semantics/semantics/float.k:108
Attributes: concrete
Decision: UNUSED-FIXED-SEMANTICS
Reason: not reachable from this program or proof-local terms; no intended-domain witness
```k
rule divF(F1:Float, F2:Float) => F1 /Float F2 [concrete]
```

## 562. rule — reference-semantics/semantics/float.k:109
Attributes: none
Decision: UNUSED-FIXED-SEMANTICS
Reason: not reachable from this program or proof-local terms; no intended-domain witness
```k
rule applyBin("/", F1:Float, F2:Float) => divF(F1, F2)
```

## 563. syntax — reference-semantics/semantics/float.k:111
Attributes: function, no-evaluators, symbol, total
Decision: UNUSED-FIXED-SEMANTICS
Reason: not reachable from this program or proof-local terms; no intended-domain witness
```k
syntax Float ::= addF(Float, Float) [function, total, symbol(addF), no-evaluators]
```

## 564. rule — reference-semantics/semantics/float.k:112
Attributes: concrete
Decision: UNUSED-FIXED-SEMANTICS
Reason: not reachable from this program or proof-local terms; no intended-domain witness
```k
rule addF(F1:Float, F2:Float) => F1 +Float F2 [concrete]
```

## 565. rule — reference-semantics/semantics/float.k:113
Attributes: none
Decision: UNUSED-FIXED-SEMANTICS
Reason: not reachable from this program or proof-local terms; no intended-domain witness
```k
rule applyBin("+", F1:Float, F2:Float) => addF(F1, F2)
```

## 566. syntax — reference-semantics/semantics/float.k:115
Attributes: function, no-evaluators, symbol, total
Decision: UNUSED-FIXED-SEMANTICS
Reason: not reachable from this program or proof-local terms; no intended-domain witness
```k
syntax Float ::= mulF(Float, Float) [function, total, symbol(mulF), no-evaluators]
```

## 567. rule — reference-semantics/semantics/float.k:116
Attributes: concrete
Decision: UNUSED-FIXED-SEMANTICS
Reason: not reachable from this program or proof-local terms; no intended-domain witness
```k
rule mulF(F1:Float, F2:Float) => F1 *Float F2 [concrete]
```

## 568. rule — reference-semantics/semantics/float.k:117
Attributes: none
Decision: UNUSED-FIXED-SEMANTICS
Reason: not reachable from this program or proof-local terms; no intended-domain witness
```k
rule applyBin("*", F1:Float, F2:Float) => mulF(F1, F2)
```

## 569. syntax — reference-semantics/semantics/float.k:119
Attributes: function, no-evaluators, symbol, total
Decision: UNUSED-FIXED-SEMANTICS
Reason: not reachable from this program or proof-local terms; no intended-domain witness
```k
syntax Float ::= powF(Float, Float) [function, total, symbol(powF), no-evaluators]
```

## 570. rule — reference-semantics/semantics/float.k:120
Attributes: concrete
Decision: UNUSED-FIXED-SEMANTICS
Reason: not reachable from this program or proof-local terms; no intended-domain witness
```k
rule powF(F1:Float, F2:Float) => F1 ^Float F2 [concrete]
```

## 571. rule — reference-semantics/semantics/float.k:121
Attributes: none
Decision: UNUSED-FIXED-SEMANTICS
Reason: not reachable from this program or proof-local terms; no intended-domain witness
```k
rule applyBin("**", F1:Float, F2:Float) => powF(F1, F2)
```

## 572. syntax — reference-semantics/semantics/float.k:125
Attributes: function, no-evaluators, symbol, total
Decision: UNUSED-FIXED-SEMANTICS
Reason: not reachable from this program or proof-local terms; no intended-domain witness
```k
syntax Bool ::= gtF(Float, Float) [function, total, symbol(gtF), no-evaluators]
```

## 573. rule — reference-semantics/semantics/float.k:126
Attributes: concrete
Decision: UNUSED-FIXED-SEMANTICS
Reason: not reachable from this program or proof-local terms; no intended-domain witness
```k
rule gtF(F1:Float, F2:Float) => F1 >Float F2 [concrete]
```

## 574. rule — reference-semantics/semantics/float.k:127
Attributes: none
Decision: UNUSED-FIXED-SEMANTICS
Reason: not reachable from this program or proof-local terms; no intended-domain witness
```k
rule applyCmp(">",  F1:Float, F2:Float) => gtF(F1, F2)
```

## 575. rule — reference-semantics/semantics/float.k:128
Attributes: none
Decision: UNUSED-FIXED-SEMANTICS
Reason: not reachable from this program or proof-local terms; no intended-domain witness
```k
rule applyCmp(">=", F1:Float, F2:Float) => notBool floatLt(F1, F2)
```

## 576. rule — reference-semantics/semantics/float.k:129
Attributes: none
Decision: UNUSED-FIXED-SEMANTICS
Reason: not reachable from this program or proof-local terms; no intended-domain witness
```k
rule applyCmp("<=", F1:Float, F2:Float) => notBool gtF(F1, F2)
```

## 577. rule — reference-semantics/semantics/float.k:132
Attributes: none
Decision: UNUSED-FIXED-SEMANTICS
Reason: not reachable from this program or proof-local terms; no intended-domain witness
```k
rule applyBin("**", I:Int, F:Float) => powF(intToF(I), F)
```

## 578. rule — reference-semantics/semantics/float.k:133
Attributes: none
Decision: UNUSED-FIXED-SEMANTICS
Reason: not reachable from this program or proof-local terms; no intended-domain witness
```k
rule applyBin("**", F:Float, I:Int) => powF(F, intToF(I))
```

## 579. rule — reference-semantics/semantics/float.k:134
Attributes: none
Decision: UNUSED-FIXED-SEMANTICS
Reason: not reachable from this program or proof-local terms; no intended-domain witness
```k
rule applyBin("-",  I:Int, F:Float) => subF(intToF(I), F)
```

## 580. rule — reference-semantics/semantics/float.k:135
Attributes: none
Decision: UNUSED-FIXED-SEMANTICS
Reason: not reachable from this program or proof-local terms; no intended-domain witness
```k
rule applyBin("-",  F:Float, I:Int) => subF(F, intToF(I))
```

## 581. rule — reference-semantics/semantics/float.k:136
Attributes: none
Decision: UNUSED-FIXED-SEMANTICS
Reason: not reachable from this program or proof-local terms; no intended-domain witness
```k
rule applyBin("+",  I:Int, F:Float) => addF(intToF(I), F)
```

## 582. rule — reference-semantics/semantics/float.k:137
Attributes: none
Decision: UNUSED-FIXED-SEMANTICS
Reason: not reachable from this program or proof-local terms; no intended-domain witness
```k
rule applyBin("+",  F:Float, I:Int) => addF(F, intToF(I))
```

## 583. rule — reference-semantics/semantics/float.k:138
Attributes: none
Decision: UNUSED-FIXED-SEMANTICS
Reason: not reachable from this program or proof-local terms; no intended-domain witness
```k
rule applyBin("*",  I:Int, F:Float) => mulF(intToF(I), F)
```

## 584. rule — reference-semantics/semantics/float.k:139
Attributes: none
Decision: UNUSED-FIXED-SEMANTICS
Reason: not reachable from this program or proof-local terms; no intended-domain witness
```k
rule applyBin("*",  F:Float, I:Int) => mulF(F, intToF(I))
```

## 585. syntax — reference-semantics/semantics/float.k:142
Attributes: function, no-evaluators, symbol, total
Decision: UNUSED-FIXED-SEMANTICS
Reason: not reachable from this program or proof-local terms; no intended-domain witness
```k
syntax Bool ::= eqF(Float, Float) [function, total, symbol(eqF), no-evaluators]
```

## 586. rule — reference-semantics/semantics/float.k:143
Attributes: concrete
Decision: UNUSED-FIXED-SEMANTICS
Reason: not reachable from this program or proof-local terms; no intended-domain witness
```k
rule eqF(F1:Float, F2:Float) => F1 ==Float F2 [concrete]
```

## 587. rule — reference-semantics/semantics/float.k:144
Attributes: none
Decision: UNUSED-FIXED-SEMANTICS
Reason: not reachable from this program or proof-local terms; no intended-domain witness
```k
rule applyCmp("==", I:Int, F:Float) => eqF(intToF(I), F)
```

## 588. rule — reference-semantics/semantics/float.k:145
Attributes: none
Decision: UNUSED-FIXED-SEMANTICS
Reason: not reachable from this program or proof-local terms; no intended-domain witness
```k
rule applyCmp("==", F:Float, I:Int) => eqF(F, intToF(I))
```

## 589. rule — reference-semantics/semantics/float.k:146
Attributes: none
Decision: UNUSED-FIXED-SEMANTICS
Reason: not reachable from this program or proof-local terms; no intended-domain witness
```k
rule applyCmp("!=", I:Int, F:Float) => notBool eqF(intToF(I), F)
```

## 590. rule — reference-semantics/semantics/float.k:147
Attributes: none
Decision: UNUSED-FIXED-SEMANTICS
Reason: not reachable from this program or proof-local terms; no intended-domain witness
```k
rule applyCmp("!=", F:Float, I:Int) => notBool eqF(F, intToF(I))
```

## 591. rule — reference-semantics/semantics/float.k:148
Attributes: none
Decision: UNUSED-FIXED-SEMANTICS
Reason: not reachable from this program or proof-local terms; no intended-domain witness
```k
rule applyCmp("<",  I:Int, F:Float) => floatLt(intToF(I), F)
```

## 592. rule — reference-semantics/semantics/float.k:149
Attributes: none
Decision: UNUSED-FIXED-SEMANTICS
Reason: not reachable from this program or proof-local terms; no intended-domain witness
```k
rule applyCmp("<",  F:Float, I:Int) => floatLt(F, intToF(I))
```

## 593. rule — reference-semantics/semantics/float.k:150
Attributes: none
Decision: UNUSED-FIXED-SEMANTICS
Reason: not reachable from this program or proof-local terms; no intended-domain witness
```k
rule applyCmp(">",  I:Int, F:Float) => gtF(intToF(I), F)
```

## 594. rule — reference-semantics/semantics/float.k:151
Attributes: none
Decision: UNUSED-FIXED-SEMANTICS
Reason: not reachable from this program or proof-local terms; no intended-domain witness
```k
rule applyCmp(">",  F:Float, I:Int) => gtF(F, intToF(I))
```

## 595. rule — reference-semantics/semantics/float.k:154
Attributes: none
Decision: UNUSED-FIXED-SEMANTICS
Reason: not reachable from this program or proof-local terms; no intended-domain witness
```k
rule applyCmp("==", V:Val, noneV) => V ==K noneV
```

## 596. rule — reference-semantics/semantics/float.k:155
Attributes: none
Decision: UNUSED-FIXED-SEMANTICS
Reason: not reachable from this program or proof-local terms; no intended-domain witness
```k
rule applyCmp("!=", V:Val, noneV) => notBool (V ==K noneV)
```

## 597. syntax — reference-semantics/semantics/float.k:160
Attributes: function, no-evaluators, symbol, total
Decision: UNUSED-FIXED-SEMANTICS
Reason: not reachable from this program or proof-local terms; no intended-domain witness
```k
syntax Float ::= decStrToF(IntSeq) [function, total, symbol(decStrToF), no-evaluators]
```

## 598. rule — reference-semantics/semantics/float.k:161
Attributes: concrete
Decision: UNUSED-FIXED-SEMANTICS
Reason: not reachable from this program or proof-local terms; no intended-domain witness
```k
rule decStrToF(iCons(45, CS:IntSeq)) => 0.0 -Float decStrToF(CS) [concrete]
```

## 599. rule — reference-semantics/semantics/float.k:162-164
Attributes: concrete
Decision: UNUSED-FIXED-SEMANTICS
Reason: not reachable from this program or proof-local terms; no intended-domain witness
```k
rule decStrToF(CS:IntSeq)
    => intToF(intPart(CS)) +Float (intToF(fracPart(CS)) /Float intToF(fracScale(CS)))
       requires isLen(CS) >Int 0 andBool headIS(CS) =/=Int 45 [concrete]
```

## 600. syntax — reference-semantics/semantics/float.k:165
Attributes: function
Decision: UNUSED-FIXED-SEMANTICS
Reason: not reachable from this program or proof-local terms; no intended-domain witness
```k
syntax Int ::= headIS(IntSeq) [function]
```

## 601. rule — reference-semantics/semantics/float.k:166
Attributes: none
Decision: UNUSED-FIXED-SEMANTICS
Reason: not reachable from this program or proof-local terms; no intended-domain witness
```k
rule headIS(iCons(C:Int, _:IntSeq)) => C
```

## 602. syntax — reference-semantics/semantics/float.k:167
Attributes: function, total
Decision: UNUSED-FIXED-SEMANTICS
Reason: not reachable from this program or proof-local terms; no intended-domain witness
```k
syntax Int ::= intPart(IntSeq) [function, total] | intPartAcc(IntSeq, Int) [function, total]
```

## 603. rule — reference-semantics/semantics/float.k:168
Attributes: none
Decision: UNUSED-FIXED-SEMANTICS
Reason: not reachable from this program or proof-local terms; no intended-domain witness
```k
rule intPart(CS:IntSeq) => intPartAcc(CS, 0)
```

## 604. rule — reference-semantics/semantics/float.k:169
Attributes: none
Decision: UNUSED-FIXED-SEMANTICS
Reason: not reachable from this program or proof-local terms; no intended-domain witness
```k
rule intPartAcc(.IntSeq, A:Int) => A
```

## 605. rule — reference-semantics/semantics/float.k:170
Attributes: none
Decision: UNUSED-FIXED-SEMANTICS
Reason: not reachable from this program or proof-local terms; no intended-domain witness
```k
rule intPartAcc(iCons(46, _:IntSeq), A:Int) => A
```

## 606. rule — reference-semantics/semantics/float.k:171-172
Attributes: none
Decision: UNUSED-FIXED-SEMANTICS
Reason: not reachable from this program or proof-local terms; no intended-domain witness
```k
rule intPartAcc(iCons(C:Int, R:IntSeq), A:Int) => intPartAcc(R, A *Int 10 +Int (C -Int 48))
       requires C =/=Int 46
```

## 607. syntax — reference-semantics/semantics/float.k:173
Attributes: function, total
Decision: UNUSED-FIXED-SEMANTICS
Reason: not reachable from this program or proof-local terms; no intended-domain witness
```k
syntax Int ::= fracPart(IntSeq) [function, total] | fracAcc(IntSeq, Int) [function, total]
```

## 608. rule — reference-semantics/semantics/float.k:174
Attributes: none
Decision: UNUSED-FIXED-SEMANTICS
Reason: not reachable from this program or proof-local terms; no intended-domain witness
```k
rule fracPart(.IntSeq) => 0
```

## 609. rule — reference-semantics/semantics/float.k:175
Attributes: none
Decision: UNUSED-FIXED-SEMANTICS
Reason: not reachable from this program or proof-local terms; no intended-domain witness
```k
rule fracPart(iCons(46, R:IntSeq)) => fracAcc(R, 0)
```

## 610. rule — reference-semantics/semantics/float.k:176
Attributes: none
Decision: UNUSED-FIXED-SEMANTICS
Reason: not reachable from this program or proof-local terms; no intended-domain witness
```k
rule fracPart(iCons(C:Int, R:IntSeq)) => fracPart(R) requires C =/=Int 46
```

## 611. rule — reference-semantics/semantics/float.k:177
Attributes: none
Decision: UNUSED-FIXED-SEMANTICS
Reason: not reachable from this program or proof-local terms; no intended-domain witness
```k
rule fracAcc(.IntSeq, A:Int) => A
```

## 612. rule — reference-semantics/semantics/float.k:178
Attributes: none
Decision: UNUSED-FIXED-SEMANTICS
Reason: not reachable from this program or proof-local terms; no intended-domain witness
```k
rule fracAcc(iCons(C:Int, R:IntSeq), A:Int) => fracAcc(R, A *Int 10 +Int (C -Int 48))
```

## 613. syntax — reference-semantics/semantics/float.k:179
Attributes: function, total
Decision: UNUSED-FIXED-SEMANTICS
Reason: not reachable from this program or proof-local terms; no intended-domain witness
```k
syntax Int ::= fracScale(IntSeq) [function, total] | fscAcc(IntSeq, Int) [function, total]
```

## 614. rule — reference-semantics/semantics/float.k:180
Attributes: none
Decision: UNUSED-FIXED-SEMANTICS
Reason: not reachable from this program or proof-local terms; no intended-domain witness
```k
rule fracScale(.IntSeq) => 1
```

## 615. rule — reference-semantics/semantics/float.k:181
Attributes: none
Decision: UNUSED-FIXED-SEMANTICS
Reason: not reachable from this program or proof-local terms; no intended-domain witness
```k
rule fracScale(iCons(46, R:IntSeq)) => fscAcc(R, 1)
```

## 616. rule — reference-semantics/semantics/float.k:182
Attributes: none
Decision: UNUSED-FIXED-SEMANTICS
Reason: not reachable from this program or proof-local terms; no intended-domain witness
```k
rule fracScale(iCons(C:Int, R:IntSeq)) => fracScale(R) requires C =/=Int 46
```

## 617. rule — reference-semantics/semantics/float.k:183
Attributes: none
Decision: UNUSED-FIXED-SEMANTICS
Reason: not reachable from this program or proof-local terms; no intended-domain witness
```k
rule fscAcc(.IntSeq, A:Int) => A
```

## 618. rule — reference-semantics/semantics/float.k:184
Attributes: none
Decision: UNUSED-FIXED-SEMANTICS
Reason: not reachable from this program or proof-local terms; no intended-domain witness
```k
rule fscAcc(iCons(_:Int, R:IntSeq), A:Int) => fscAcc(R, A *Int 10)
```

## 619. rule — reference-semantics/semantics/float.k:185
Attributes: none
Decision: UNUSED-FIXED-SEMANTICS
Reason: not reachable from this program or proof-local terms; no intended-domain witness
```k
rule applyBuiltin("float", str(CS:IntSeq), .Vals) => decStrToF(CS)
```

## 620. rule — reference-semantics/semantics/float.k:186
Attributes: none
Decision: UNUSED-FIXED-SEMANTICS
Reason: not reachable from this program or proof-local terms; no intended-domain witness
```k
rule applyBuiltin("float", I:Int, .Vals)          => intToF(I)
```

## 621. rule — reference-semantics/semantics/float.k:187
Attributes: none
Decision: UNUSED-FIXED-SEMANTICS
Reason: not reachable from this program or proof-local terms; no intended-domain witness
```k
rule applyBuiltin("float", F:Float, .Vals)        => F
```

## 622. syntax — reference-semantics/semantics/float.k:190
Attributes: function, no-evaluators, symbol, total
Decision: UNUSED-FIXED-SEMANTICS
Reason: not reachable from this program or proof-local terms; no intended-domain witness
```k
syntax Float ::= divFloatIntV(Float, Int) [function, total, symbol(divFloatIntV), no-evaluators]
```

## 623. rule — reference-semantics/semantics/float.k:191
Attributes: concrete
Decision: UNUSED-FIXED-SEMANTICS
Reason: not reachable from this program or proof-local terms; no intended-domain witness
```k
rule divFloatIntV(F:Float, I:Int) => F /Float Int2Float(I, 53, 11) [concrete]
```

## 624. rule — reference-semantics/semantics/float.k:192
Attributes: none
Decision: UNUSED-FIXED-SEMANTICS
Reason: not reachable from this program or proof-local terms; no intended-domain witness
```k
rule applyBin("/", F:Float, I:Int) => divFloatIntV(F, I)
```

## 625. syntax — reference-semantics/semantics/float.k:195
Attributes: function, no-evaluators, symbol, total
Decision: UNUSED-FIXED-SEMANTICS
Reason: not reachable from this program or proof-local terms; no intended-domain witness
```k
syntax Float ::= intToF(Int) [function, total, symbol(intToF), no-evaluators]
```

## 626. rule — reference-semantics/semantics/float.k:196
Attributes: concrete
Decision: UNUSED-FIXED-SEMANTICS
Reason: not reachable from this program or proof-local terms; no intended-domain witness
```k
rule intToF(I:Int) => Int2Float(I, 53, 11) [concrete]
```

## 627. rule — reference-semantics/semantics/float.k:197
Attributes: none
Decision: UNUSED-FIXED-SEMANTICS
Reason: not reachable from this program or proof-local terms; no intended-domain witness
```k
rule applyBin("+", I:Int, F:Float) => addF(intToF(I), F)
```

## 628. rule — reference-semantics/semantics/float.k:198
Attributes: none
Decision: UNUSED-FIXED-SEMANTICS
Reason: not reachable from this program or proof-local terms; no intended-domain witness
```k
rule applyBin("+", F:Float, I:Int) => addF(F, intToF(I))
```

## 629. rule — reference-semantics/semantics/float.k:199
Attributes: none
Decision: UNUSED-FIXED-SEMANTICS
Reason: not reachable from this program or proof-local terms; no intended-domain witness
```k
rule applyBin("-", I:Int, F:Float) => subF(intToF(I), F)
```

## 630. rule — reference-semantics/semantics/float.k:200
Attributes: none
Decision: UNUSED-FIXED-SEMANTICS
Reason: not reachable from this program or proof-local terms; no intended-domain witness
```k
rule applyBin("-", F:Float, I:Int) => subF(F, intToF(I))
```

## 631. rule — reference-semantics/semantics/float.k:201
Attributes: none
Decision: UNUSED-FIXED-SEMANTICS
Reason: not reachable from this program or proof-local terms; no intended-domain witness
```k
rule applyBin("*", I:Int, F:Float) => mulF(intToF(I), F)
```

## 632. rule — reference-semantics/semantics/float.k:202
Attributes: none
Decision: UNUSED-FIXED-SEMANTICS
Reason: not reachable from this program or proof-local terms; no intended-domain witness
```k
rule applyBin("*", F:Float, I:Int) => mulF(F, intToF(I))
```

## 633. rule — reference-semantics/semantics/float.k:203
Attributes: none
Decision: UNUSED-FIXED-SEMANTICS
Reason: not reachable from this program or proof-local terms; no intended-domain witness
```k
rule applyCmp("<", I:Int, F:Float) => floatLt(intToF(I), F)
```

## 634. rule — reference-semantics/semantics/float.k:204
Attributes: none
Decision: UNUSED-FIXED-SEMANTICS
Reason: not reachable from this program or proof-local terms; no intended-domain witness
```k
rule applyCmp("<", F:Float, I:Int) => floatLt(F, intToF(I))
```

## 635. rule — reference-semantics/semantics/float.k:205
Attributes: none
Decision: UNUSED-FIXED-SEMANTICS
Reason: not reachable from this program or proof-local terms; no intended-domain witness
```k
rule applyCmp(">", I:Int, F:Float) => gtF(intToF(I), F)
```

## 636. rule — reference-semantics/semantics/float.k:206
Attributes: none
Decision: UNUSED-FIXED-SEMANTICS
Reason: not reachable from this program or proof-local terms; no intended-domain witness
```k
rule applyCmp(">", F:Float, I:Int) => gtF(F, intToF(I))
```

## 637. syntax — reference-semantics/semantics/float.k:209
Attributes: function, no-evaluators, symbol, total
Decision: UNUSED-FIXED-SEMANTICS
Reason: not reachable from this program or proof-local terms; no intended-domain witness
```k
syntax Int ::= truncF(Float) [function, total, symbol(truncF), no-evaluators]
```

## 638. rule — reference-semantics/semantics/float.k:210
Attributes: concrete
Decision: UNUSED-FIXED-SEMANTICS
Reason: not reachable from this program or proof-local terms; no intended-domain witness
```k
rule truncF(F:Float) => #if F >=Float 0.0 #then Float2Int(floorFloat(F)) #else Float2Int(ceilFloat(F)) #fi [concrete]
```

## 639. rule — reference-semantics/semantics/float.k:211
Attributes: none
Decision: UNUSED-FIXED-SEMANTICS
Reason: not reachable from this program or proof-local terms; no intended-domain witness
```k
rule applyBuiltin("int", F:Float, .Vals) => truncF(F)
```

## 640. rule — reference-semantics/semantics/float.k:213
Attributes: none
Decision: UNUSED-FIXED-SEMANTICS
Reason: not reachable from this program or proof-local terms; no intended-domain witness
```k
rule applyBuiltin("float", I:Int, .Vals)   => intToF(I)
```

## 641. rule — reference-semantics/semantics/float.k:214
Attributes: none
Decision: UNUSED-FIXED-SEMANTICS
Reason: not reachable from this program or proof-local terms; no intended-domain witness
```k
rule applyBuiltin("float", F:Float, .Vals) => F
```

## 642. syntax — reference-semantics/semantics/float.k:217
Attributes: function, no-evaluators, symbol, total
Decision: UNUSED-FIXED-SEMANTICS
Reason: not reachable from this program or proof-local terms; no intended-domain witness
```k
syntax Int ::= roundF(Float) [function, total, symbol(roundF), no-evaluators]
```

## 643. rule — reference-semantics/semantics/float.k:218-222
Attributes: concrete
Decision: UNUSED-FIXED-SEMANTICS
Reason: not reachable from this program or proof-local terms; no intended-domain witness
```k
rule roundF(F:Float)
    => #if (F -Float floorFloat(F)) ==Float 0.5
       #then (#if Float2Int(floorFloat(F)) %Int 2 ==Int 0
              #then Float2Int(floorFloat(F)) #else Float2Int(ceilFloat(F)) #fi)
       #else Float2Int(floorFloat(F +Float 0.5)) #fi [concrete]
```

## 644. syntax — reference-semantics/semantics/float.k:223
Attributes: function, no-evaluators, symbol, total
Decision: UNUSED-FIXED-SEMANTICS
Reason: not reachable from this program or proof-local terms; no intended-domain witness
```k
syntax Float ::= roundFN(Float, Int) [function, total, symbol(roundFN), no-evaluators]
```

## 645. rule — reference-semantics/semantics/float.k:224-226
Attributes: concrete
Decision: UNUSED-FIXED-SEMANTICS
Reason: not reachable from this program or proof-local terms; no intended-domain witness
```k
rule roundFN(F:Float, N:Int)
    => Int2Float(roundF(F *Float Int2Float(10 ^Int N, 53, 11)), 53, 11)
       /Float Int2Float(10 ^Int N, 53, 11) [concrete]
```

## 646. rule — reference-semantics/semantics/float.k:227
Attributes: none
Decision: UNUSED-FIXED-SEMANTICS
Reason: not reachable from this program or proof-local terms; no intended-domain witness
```k
rule applyBuiltin("round", F:Float, .Vals)        => roundF(F)
```

## 647. rule — reference-semantics/semantics/float.k:228
Attributes: none
Decision: UNUSED-FIXED-SEMANTICS
Reason: not reachable from this program or proof-local terms; no intended-domain witness
```k
rule applyBuiltin("round", F:Float, N:Int, .Vals) => roundFN(F, N)
```

## 648. syntax — reference-semantics/semantics/float.k:230
Attributes: function, no-evaluators, symbol, total
Decision: UNUSED-FIXED-SEMANTICS
Reason: not reachable from this program or proof-local terms; no intended-domain witness
```k
syntax Float ::= sqrtF(Float) [function, total, symbol(sqrtF), no-evaluators]
```

## 649. rule — reference-semantics/semantics/float.k:231
Attributes: concrete
Decision: UNUSED-FIXED-SEMANTICS
Reason: not reachable from this program or proof-local terms; no intended-domain witness
```k
rule sqrtF(F:Float) => sqrtFloat(F) [concrete]
```

## 650. syntax — reference-semantics/semantics/float.k:232
Attributes: none
Decision: UNUSED-FIXED-SEMANTICS
Reason: not reachable from this program or proof-local terms; no intended-domain witness
```k
syntax KItem ::= "#mathSqrt"
```

## 651. rule — reference-semantics/semantics/float.k:233
Attributes: priority
Decision: UNUSED-FIXED-SEMANTICS
Reason: not reachable from this program or proof-local terms; no intended-domain witness
```k
rule <k> Call(Attribute(Name("math"), "sqrt"), (E:Expr, .Exprs)) => E ~> #mathSqrt ... </k> [priority(40)]
```

## 652. rule — reference-semantics/semantics/float.k:234
Attributes: none
Decision: UNUSED-FIXED-SEMANTICS
Reason: not reachable from this program or proof-local terms; no intended-domain witness
```k
rule <k> F:Float ~> #mathSqrt => sqrtF(F) ... </k>
```

## 653. rule — reference-semantics/semantics/float.k:235
Attributes: none
Decision: UNUSED-FIXED-SEMANTICS
Reason: not reachable from this program or proof-local terms; no intended-domain witness
```k
rule <k> I:Int ~> #mathSqrt => sqrtF(intToF(I)) ... </k>
```

## 654. syntax — reference-semantics/semantics/float.k:243
Attributes: none
Decision: UNUSED-FIXED-SEMANTICS
Reason: not reachable from this program or proof-local terms; no intended-domain witness
```k
syntax KItem ::= #maxAccF(Iterable, Float) | #maxContF(Float)
```

## 655. rule — reference-semantics/semantics/float.k:244
Attributes: none
Decision: UNUSED-FIXED-SEMANTICS
Reason: not reachable from this program or proof-local terms; no intended-domain witness
```k
rule <k> #iterYield(V:Val, R:Iterable) ~> #maxCont0 => #maxAccF(R, {V}:>Float) ... </k> requires isFloat(V)
```

## 656. rule — reference-semantics/semantics/float.k:245
Attributes: none
Decision: UNUSED-FIXED-SEMANTICS
Reason: not reachable from this program or proof-local terms; no intended-domain witness
```k
rule <k> #maxAccF(IT:Iterable, M:Float) => #iterNext(IT) ~> #maxContF(M) ... </k>
```

## 657. rule — reference-semantics/semantics/float.k:246
Attributes: none
Decision: UNUSED-FIXED-SEMANTICS
Reason: not reachable from this program or proof-local terms; no intended-domain witness
```k
rule <k> #iterDone ~> #maxContF(M:Float) => M ... </k>
```

## 658. rule — reference-semantics/semantics/float.k:247-248
Attributes: none
Decision: UNUSED-FIXED-SEMANTICS
Reason: not reachable from this program or proof-local terms; no intended-domain witness
```k
rule <k> #iterYield(V:Val, R:Iterable) ~> #maxContF(M:Float) => #maxAccF(R, maxFloat(M, {V}:>Float)) ... </k>
       requires isFloat(V)
```

## 659. syntax — reference-semantics/semantics/float.k:250
Attributes: none
Decision: UNUSED-FIXED-SEMANTICS
Reason: not reachable from this program or proof-local terms; no intended-domain witness
```k
syntax KItem ::= #minAccF(Iterable, Float) | #minContF(Float)
```

## 660. rule — reference-semantics/semantics/float.k:251
Attributes: none
Decision: UNUSED-FIXED-SEMANTICS
Reason: not reachable from this program or proof-local terms; no intended-domain witness
```k
rule <k> #iterYield(V:Val, R:Iterable) ~> #minCont0 => #minAccF(R, {V}:>Float) ... </k> requires isFloat(V)
```

## 661. rule — reference-semantics/semantics/float.k:252
Attributes: none
Decision: UNUSED-FIXED-SEMANTICS
Reason: not reachable from this program or proof-local terms; no intended-domain witness
```k
rule <k> #minAccF(IT:Iterable, M:Float) => #iterNext(IT) ~> #minContF(M) ... </k>
```

## 662. rule — reference-semantics/semantics/float.k:253
Attributes: none
Decision: UNUSED-FIXED-SEMANTICS
Reason: not reachable from this program or proof-local terms; no intended-domain witness
```k
rule <k> #iterDone ~> #minContF(M:Float) => M ... </k>
```

## 663. rule — reference-semantics/semantics/float.k:254-255
Attributes: none
Decision: UNUSED-FIXED-SEMANTICS
Reason: not reachable from this program or proof-local terms; no intended-domain witness
```k
rule <k> #iterYield(V:Val, R:Iterable) ~> #minContF(M:Float) => #minAccF(R, minFloat(M, {V}:>Float)) ... </k>
       requires isFloat(V)
```

## 664. syntax — reference-semantics/semantics/float.k:261
Attributes: none
Decision: UNUSED-FIXED-SEMANTICS
Reason: not reachable from this program or proof-local terms; no intended-domain witness
```k
syntax KItem ::= #sumAccF(Iterable, Float) | #sumContF(Float)
```

## 665. rule — reference-semantics/semantics/float.k:262-264
Attributes: none
Decision: UNUSED-FIXED-SEMANTICS
Reason: not reachable from this program or proof-local terms; no intended-domain witness
```k
rule <k> #iterYield(V:Val, R:Iterable) ~> #sumCont(ACC:Int)
        => #sumAccF(R, addF(intToF(ACC), {V}:>Float)) ... </k>
       requires isFloat(V) andBool notBool (isInt(V) orBool isBool(V))
```

## 666. rule — reference-semantics/semantics/float.k:265
Attributes: none
Decision: UNUSED-FIXED-SEMANTICS
Reason: not reachable from this program or proof-local terms; no intended-domain witness
```k
rule <k> #sumAccF(IT:Iterable, ACC:Float) => #iterNext(IT) ~> #sumContF(ACC) ... </k>
```

## 667. rule — reference-semantics/semantics/float.k:266
Attributes: none
Decision: UNUSED-FIXED-SEMANTICS
Reason: not reachable from this program or proof-local terms; no intended-domain witness
```k
rule <k> #iterDone ~> #sumContF(ACC:Float) => ACC ... </k>
```

## 668. rule — reference-semantics/semantics/float.k:267-269
Attributes: none
Decision: UNUSED-FIXED-SEMANTICS
Reason: not reachable from this program or proof-local terms; no intended-domain witness
```k
rule <k> #iterYield(V:Val, R:Iterable) ~> #sumContF(ACC:Float)
        => #sumAccF(R, addF(ACC, {V}:>Float)) ... </k>
       requires isFloat(V)
```

## 669. rule — reference-semantics/semantics/float.k:270-272
Attributes: none
Decision: UNUSED-FIXED-SEMANTICS
Reason: not reachable from this program or proof-local terms; no intended-domain witness
```k
rule <k> #iterYield(V:Val, R:Iterable) ~> #sumContF(ACC:Float)
        => #sumAccF(R, addF(ACC, intToF(intOf(V)))) ... </k>
       requires isInt(V) orBool isBool(V)
```

## 670. endmodule — reference-semantics/semantics/float.k:273
Attributes: none
Decision: UNUSED-FIXED-SEMANTICS
Reason: not reachable from this program or proof-local terms; no intended-domain witness
```k
endmodule
```

## 671. module — reference-semantics/semantics/functions.k:3
Attributes: none
Decision: USED-FIXED-SEMANTICS
Reason: on the submitted term/claim path; agrees with the modeled Python subset
```k
module MPY-FUNCTIONS
```

## 672. imports — reference-semantics/semantics/functions.k:4
Attributes: none
Decision: USED-FIXED-SEMANTICS
Reason: on the submitted term/claim path; agrees with the modeled Python subset
```k
imports MPY-CORE
```

## 673. syntax — reference-semantics/semantics/functions.k:8-11
Attributes: none
Decision: USED-FIXED-SEMANTICS
Reason: on the submitted term/claim path; agrees with the modeled Python subset
```k
syntax KItem ::= frame(continuation: K, callerEnv: Int, savedLoc: Int)
                 | #bindP(ParamNames, Vals)
                 | "#pop"
                 | "#endcall"
```

## 674. rule — reference-semantics/semantics/functions.k:14-16
Attributes: none
Decision: USED-FIXED-SEMANTICS
Reason: on the submitted term/claim path; agrees with the modeled Python subset
```k
rule <k> FuncDef(F:String, Params(PNS:ParamNames), BODY:Stmts) => .K ... </k>
       <env> L:Int </env>
       <scopes> ... L |-> scope(M:Map => M [ F <- closureVal(PNS, BODY, L) ], _) ... </scopes>
```

## 675. syntax — reference-semantics/semantics/functions.k:18
Attributes: none
Decision: USED-FIXED-SEMANTICS
Reason: on the submitted term/claim path; agrees with the modeled Python subset
```k
syntax Expr ::= closureExpr(ParamNames, Stmts)
```

## 676. rule — reference-semantics/semantics/functions.k:19-20
Attributes: none
Decision: USED-FIXED-SEMANTICS
Reason: on the submitted term/claim path; agrees with the modeled Python subset
```k
rule <k> closureExpr(PNS:ParamNames, BODY:Stmts) => closureVal(PNS, BODY, L) ... </k>
       <env> L:Int </env>
```

## 677. syntax — reference-semantics/semantics/functions.k:27
Attributes: none
Decision: USED-FIXED-SEMANTICS
Reason: on the submitted term/claim path; agrees with the modeled Python subset
```k
syntax Val ::= closureValC(ParamNames, ParamNames, Stmts, Map)
```

## 678. syntax — reference-semantics/semantics/functions.k:31-32
Attributes: none
Decision: USED-FIXED-SEMANTICS
Reason: on the submitted term/claim path; agrees with the modeled Python subset
```k
syntax KItem ::= #mkClosure(String, ParamNames, ParamNames, ParamNames, Stmts, Map)
                 | #mkLambda(ParamNames, ParamNames, ParamNames, Stmts, Map)
```

## 679. rule — reference-semantics/semantics/functions.k:33-35
Attributes: none
Decision: USED-FIXED-SEMANTICS
Reason: on the submitted term/claim path; agrees with the modeled Python subset
```k
rule <k> FuncDef(F:String, Params(PNS:ParamNames), CellVars(CVS:ParamNames),
                   FreeVars(FVS:ParamNames), BODY:Stmts)
        => #mkClosure(F, PNS, CVS, FVS, BODY, .Map) ... </k>
```

## 680. rule — reference-semantics/semantics/functions.k:36-41
Attributes: none
Decision: USED-FIXED-SEMANTICS
Reason: on the submitted term/claim path; agrees with the modeled Python subset
```k
rule <k> #mkClosure(F:String, PNS:ParamNames, CVS:ParamNames,
                      (FV:String, FVR:ParamNames), BODY:Stmts, CM:Map)
        => #mkClosure(F, PNS, CVS, FVR, BODY, CM [ FV <- {M[FV]}:>Val ]) ... </k>
       <env> L:Int </env>
       <scopes> ... L |-> scope(M:Map, _) ... </scopes>
       requires FV in_keys(M)
```

## 681. rule — reference-semantics/semantics/functions.k:42-45
Attributes: none
Decision: USED-FIXED-SEMANTICS
Reason: on the submitted term/claim path; agrees with the modeled Python subset
```k
rule <k> #mkClosure(F:String, PNS:ParamNames, CVS:ParamNames,
                      .ParamNames, BODY:Stmts, CM:Map) => .K ... </k>
       <env> L:Int </env>
       <scopes> ... L |-> scope(M:Map => M [ F <- closureValC(PNS, CVS, BODY, CM) ], _) ... </scopes>
```

## 682. rule — reference-semantics/semantics/functions.k:47-49
Attributes: none
Decision: USED-FIXED-SEMANTICS
Reason: on the submitted term/claim path; agrees with the modeled Python subset
```k
rule <k> Lambda(Params(PNS:ParamNames), E:Expr)
        => closureVal(PNS, Return(E) .Stmts, L) ... </k>
       <env> L:Int </env>
```

## 683. rule — reference-semantics/semantics/functions.k:50-52
Attributes: none
Decision: USED-FIXED-SEMANTICS
Reason: on the submitted term/claim path; agrees with the modeled Python subset
```k
rule <k> Lambda(Params(PNS:ParamNames), CellVars(CVS:ParamNames),
                  FreeVars(FVS:ParamNames), E:Expr)
        => #mkLambda(PNS, CVS, FVS, Return(E) .Stmts, .Map) ... </k>
```

## 684. rule — reference-semantics/semantics/functions.k:53-58
Attributes: none
Decision: USED-FIXED-SEMANTICS
Reason: on the submitted term/claim path; agrees with the modeled Python subset
```k
rule <k> #mkLambda(PNS:ParamNames, CVS:ParamNames,
                     (FV:String, FVR:ParamNames), BODY:Stmts, CM:Map)
        => #mkLambda(PNS, CVS, FVR, BODY, CM [ FV <- {M[FV]}:>Val ]) ... </k>
       <env> L:Int </env>
       <scopes> ... L |-> scope(M:Map, _) ... </scopes>
       requires FV in_keys(M)
```

## 685. rule — reference-semantics/semantics/functions.k:59-60
Attributes: none
Decision: USED-FIXED-SEMANTICS
Reason: on the submitted term/claim path; agrees with the modeled Python subset
```k
rule <k> #mkLambda(PNS:ParamNames, CVS:ParamNames, .ParamNames, BODY:Stmts, CM:Map)
        => closureValC(PNS, CVS, BODY, CM) ... </k>
```

## 686. rule — reference-semantics/semantics/functions.k:63
Attributes: none
Decision: USED-FIXED-SEMANTICS
Reason: on the submitted term/claim path; agrees with the modeled Python subset
```k
rule <k> #bindP(.ParamNames, .Vals) => .K ... </k>
```

## 687. rule — reference-semantics/semantics/functions.k:64-66
Attributes: none
Decision: USED-FIXED-SEMANTICS
Reason: on the submitted term/claim path; agrees with the modeled Python subset
```k
rule <k> #bindP((P:String, PS:ParamNames), (V:Val, VS:Vals)) => #bindP(PS, VS) ... </k>
       <env> L:Int </env>
       <scopes> ... L |-> scope(M:Map => M [ P <- V ], _) ... </scopes>
```

## 688. rule — reference-semantics/semantics/functions.k:68-71
Attributes: none
Decision: USED-FIXED-SEMANTICS
Reason: on the submitted term/claim path; agrees with the modeled Python subset
```k
rule <k> #bindP((P:String, PS:ParamNames), (V:Val, VS:Vals))
        => #cellW({M[P]}:>Val, V) ~> #bindP(PS, VS) ... </k>
       <env> L:Int </env>
       <scopes> ... L |-> scope(M:Map, _) ... </scopes>
```

## 689. requires — reference-semantics/semantics/functions.k:72-75
Attributes: priority
Decision: USED-FIXED-SEMANTICS
Reason: on the submitted term/claim path; agrees with the modeled Python subset
```k
requires "$cells" in_keys(M)
        andBool pnMember(P, cellsOf({M["$cells"]}:>Val))
        andBool P in_keys(M) andBool isCellRef({M[P]}:>Val)
       [priority(40)]
```

## 690. rule — reference-semantics/semantics/functions.k:78-79
Attributes: none
Decision: USED-FIXED-SEMANTICS
Reason: on the submitted term/claim path; agrees with the modeled Python subset
```k
rule <k> Return(V:Val) ~> _ => #pop </k>
       <ret> noRet => retV(V) </ret>
```

## 691. rule — reference-semantics/semantics/functions.k:80-81
Attributes: none
Decision: USED-FIXED-SEMANTICS
Reason: on the submitted term/claim path; agrees with the modeled Python subset
```k
rule <k> #endcall => #pop ... </k>
       <ret> noRet => retV(noneV) </ret>
```

## 692. rule — reference-semantics/semantics/functions.k:85-90
Attributes: none
Decision: USED-FIXED-SEMANTICS
Reason: on the submitted term/claim path; agrees with the modeled Python subset
```k
rule <k> #pop => V ~> CONT </k>
       <ret>   retV(V) => noRet </ret>
       <stack> ListItem(frame(CONT:K, CALLERL:Int, SAVEDL:Int)) => .List ... </stack>
       <env>   L:Int => CALLERL </env>
       <scopes> SC:Map => SC [ L <- undef ] </scopes>
       <scopeLoc> _ => SAVEDL </scopeLoc>
```

## 693. endmodule — reference-semantics/semantics/functions.k:91
Attributes: none
Decision: USED-FIXED-SEMANTICS
Reason: on the submitted term/claim path; agrees with the modeled Python subset
```k
endmodule
```

## 694. module — reference-semantics/semantics/int.k:4
Attributes: none
Decision: USED-FIXED-SEMANTICS
Reason: on the submitted term/claim path; agrees with the modeled Python subset
```k
module MPY-INT
```

## 695. imports — reference-semantics/semantics/int.k:5
Attributes: none
Decision: USED-FIXED-SEMANTICS
Reason: on the submitted term/claim path; agrees with the modeled Python subset
```k
imports MPY-CORE
```

## 696. rule — reference-semantics/semantics/int.k:7
Attributes: none
Decision: UNUSED-FIXED-SEMANTICS
Reason: not reachable from this program or proof-local terms; no intended-domain witness
```k
rule applyUn("-", I:Int) => 0 -Int I
```

## 697. rule — reference-semantics/semantics/int.k:9
Attributes: none
Decision: UNUSED-FIXED-SEMANTICS
Reason: not reachable from this program or proof-local terms; no intended-domain witness
```k
rule applyBin("+",  I1:Int, I2:Int) => I1 +Int I2
```

## 698. rule — reference-semantics/semantics/int.k:11
Attributes: none
Decision: UNUSED-FIXED-SEMANTICS
Reason: not reachable from this program or proof-local terms; no intended-domain witness
```k
rule applyBin("+",  I:Int, B:Bool) => I +Int #if B #then 1 #else 0 #fi
```

## 699. rule — reference-semantics/semantics/int.k:12
Attributes: none
Decision: UNUSED-FIXED-SEMANTICS
Reason: not reachable from this program or proof-local terms; no intended-domain witness
```k
rule applyBin("+",  B:Bool, I:Int) => #if B #then 1 #else 0 #fi +Int I
```

## 700. rule — reference-semantics/semantics/int.k:13
Attributes: none
Decision: UNUSED-FIXED-SEMANTICS
Reason: not reachable from this program or proof-local terms; no intended-domain witness
```k
rule applyBin("-",  I1:Int, I2:Int) => I1 -Int I2
```

## 701. rule — reference-semantics/semantics/int.k:14
Attributes: none
Decision: UNUSED-FIXED-SEMANTICS
Reason: not reachable from this program or proof-local terms; no intended-domain witness
```k
rule applyBin("*",  I1:Int, I2:Int) => I1 *Int I2
```

## 702. rule — reference-semantics/semantics/int.k:15
Attributes: none
Decision: UNUSED-FIXED-SEMANTICS
Reason: not reachable from this program or proof-local terms; no intended-domain witness
```k
rule applyBin("%",  I1:Int, I2:Int) => pyMod(I1, I2)
```

## 703. rule — reference-semantics/semantics/int.k:16
Attributes: none
Decision: UNUSED-FIXED-SEMANTICS
Reason: not reachable from this program or proof-local terms; no intended-domain witness
```k
rule applyBin("//", I1:Int, I2:Int) => (I1 -Int pyMod(I1, I2)) /Int I2
```

## 704. rule — reference-semantics/semantics/int.k:17
Attributes: none
Decision: UNUSED-FIXED-SEMANTICS
Reason: not reachable from this program or proof-local terms; no intended-domain witness
```k
rule applyBin("**", I1:Int, I2:Int) => I1 ^Int I2 requires I2 >=Int 0
```

## 705. syntax — reference-semantics/semantics/int.k:19
Attributes: function
Decision: UNUSED-FIXED-SEMANTICS
Reason: not reachable from this program or proof-local terms; no intended-domain witness
```k
syntax Int ::= pyMod(Int, Int) [function]
```

## 706. rule — reference-semantics/semantics/int.k:20
Attributes: none
Decision: UNUSED-FIXED-SEMANTICS
Reason: not reachable from this program or proof-local terms; no intended-domain witness
```k
rule pyMod(I1:Int, I2:Int) => ((I1 %Int I2) +Int I2) %Int I2
```

## 707. rule — reference-semantics/semantics/int.k:22
Attributes: none
Decision: USED-FIXED-SEMANTICS
Reason: on the submitted term/claim path; agrees with the modeled Python subset
```k
rule applyCmp("<",  I1:Int, I2:Int)   => I1 <Int  I2
```

## 708. rule — reference-semantics/semantics/int.k:23
Attributes: none
Decision: USED-FIXED-SEMANTICS
Reason: on the submitted term/claim path; agrees with the modeled Python subset
```k
rule applyCmp("<=", I1:Int, I2:Int)   => I1 <=Int I2
```

## 709. rule — reference-semantics/semantics/int.k:24
Attributes: none
Decision: USED-FIXED-SEMANTICS
Reason: on the submitted term/claim path; agrees with the modeled Python subset
```k
rule applyCmp(">",  I1:Int, I2:Int)   => I1 >Int  I2
```

## 710. rule — reference-semantics/semantics/int.k:25
Attributes: none
Decision: USED-FIXED-SEMANTICS
Reason: on the submitted term/claim path; agrees with the modeled Python subset
```k
rule applyCmp(">=", I1:Int, I2:Int)   => I1 >=Int I2
```

## 711. rule — reference-semantics/semantics/int.k:26
Attributes: none
Decision: USED-FIXED-SEMANTICS
Reason: on the submitted term/claim path; agrees with the modeled Python subset
```k
rule applyCmp("==", I1:Int, I2:Int)   => I1 ==Int I2
```

## 712. rule — reference-semantics/semantics/int.k:27
Attributes: none
Decision: USED-FIXED-SEMANTICS
Reason: on the submitted term/claim path; agrees with the modeled Python subset
```k
rule applyCmp("!=", I1:Int, I2:Int)   => I1 =/=Int I2
```

## 713. endmodule — reference-semantics/semantics/int.k:28
Attributes: none
Decision: USED-FIXED-SEMANTICS
Reason: on the submitted term/claim path; agrees with the modeled Python subset
```k
endmodule
```

## 714. module — reference-semantics/semantics/iter.k:6
Attributes: none
Decision: USED-FIXED-SEMANTICS
Reason: on the submitted term/claim path; agrees with the modeled Python subset
```k
module MPY-ITER
```

## 715. imports — reference-semantics/semantics/iter.k:7
Attributes: none
Decision: USED-FIXED-SEMANTICS
Reason: on the submitted term/claim path; agrees with the modeled Python subset
```k
imports MPY-CORE
```

## 716. syntax — reference-semantics/semantics/iter.k:8
Attributes: none
Decision: USED-FIXED-SEMANTICS
Reason: on the submitted term/claim path; agrees with the modeled Python subset
```k
syntax KItem ::= #iterNext(Iterable) | "#iterDone" | #iterYield(Val, Iterable)
```

## 717. endmodule — reference-semantics/semantics/iter.k:9
Attributes: none
Decision: USED-FIXED-SEMANTICS
Reason: on the submitted term/claim path; agrees with the modeled Python subset
```k
endmodule
```

## 718. module — reference-semantics/semantics/list.k:3
Attributes: none
Decision: USED-FIXED-SEMANTICS
Reason: on the submitted term/claim path; agrees with the modeled Python subset
```k
module MPY-LIST
```

## 719. imports — reference-semantics/semantics/list.k:4
Attributes: none
Decision: USED-FIXED-SEMANTICS
Reason: on the submitted term/claim path; agrees with the modeled Python subset
```k
imports MPY-CORE
```

## 720. imports — reference-semantics/semantics/list.k:5
Attributes: none
Decision: USED-FIXED-SEMANTICS
Reason: on the submitted term/claim path; agrees with the modeled Python subset
```k
imports MPY-ITER
```

## 721. imports — reference-semantics/semantics/list.k:6
Attributes: none
Decision: USED-FIXED-SEMANTICS
Reason: on the submitted term/claim path; agrees with the modeled Python subset
```k
imports MPY-OPERATORS
```

## 722. rule — reference-semantics/semantics/list.k:9
Attributes: none
Decision: USED-FIXED-SEMANTICS
Reason: on the submitted term/claim path; agrees with the modeled Python subset
```k
rule <k> #iterNext(list(.ValSeq))                => #iterDone ... </k>
```

## 723. rule — reference-semantics/semantics/list.k:10
Attributes: none
Decision: USED-FIXED-SEMANTICS
Reason: on the submitted term/claim path; agrees with the modeled Python subset
```k
rule <k> #iterNext(list(vCons(V:Val, R:ValSeq))) => #iterYield(V, list(R)) ... </k>
```

## 724. syntax — reference-semantics/semantics/list.k:13
Attributes: none
Decision: UNUSED-FIXED-SEMANTICS
Reason: not reachable from this program or proof-local terms; no intended-domain witness
```k
syntax ApplyK ::= "toList"
```

## 725. rule — reference-semantics/semantics/list.k:14
Attributes: none
Decision: USED-FIXED-SEMANTICS
Reason: on the submitted term/claim path; agrees with the modeled Python subset
```k
rule <k> ListExpr(ES:Exprs) => #evalArgs(ES, .Vals, toList) ... </k>
```

## 726. rule — reference-semantics/semantics/list.k:15
Attributes: none
Decision: USED-FIXED-SEMANTICS
Reason: on the submitted term/claim path; agrees with the modeled Python subset
```k
rule <k> #applyK(toList, ACC:Vals) => #alloc(list(vals2valSeq(ACC))) ... </k>
```

## 727. syntax — reference-semantics/semantics/list.k:18
Attributes: function, total
Decision: UNUSED-FIXED-SEMANTICS
Reason: not reachable from this program or proof-local terms; no intended-domain witness
```k
syntax ValSeq ::= valSeqConcat(ValSeq, ValSeq) [function, total]
```

## 728. rule — reference-semantics/semantics/list.k:19
Attributes: none
Decision: UNUSED-FIXED-SEMANTICS
Reason: not reachable from this program or proof-local terms; no intended-domain witness
```k
rule valSeqConcat(.ValSeq, T:ValSeq)                => T
```

## 729. rule — reference-semantics/semantics/list.k:20
Attributes: none
Decision: UNUSED-FIXED-SEMANTICS
Reason: not reachable from this program or proof-local terms; no intended-domain witness
```k
rule valSeqConcat(vCons(V:Val, S:ValSeq), T:ValSeq) => vCons(V, valSeqConcat(S, T))
```

## 730. rule — reference-semantics/semantics/list.k:24-25
Attributes: priority
Decision: USED-FIXED-SEMANTICS
Reason: on the submitted term/claim path; agrees with the modeled Python subset
```k
rule <k> BinOp("+", list(A:ValSeq), list(B:ValSeq)) => #alloc(list(valSeqConcat(A, B))) ... </k>
       [priority(45)]
```

## 731. rule — reference-semantics/semantics/list.k:27
Attributes: none
Decision: USED-FIXED-SEMANTICS
Reason: on the submitted term/claim path; agrees with the modeled Python subset
```k
rule applyCmp("==", list(A:ValSeq), list(B:ValSeq)) => A ==K B
```

## 732. rule — reference-semantics/semantics/list.k:28
Attributes: none
Decision: USED-FIXED-SEMANTICS
Reason: on the submitted term/claim path; agrees with the modeled Python subset
```k
rule applyCmp("!=", list(A:ValSeq), list(B:ValSeq)) => notBool (A ==K B)
```

## 733. syntax — reference-semantics/semantics/list.k:33
Attributes: function, total
Decision: UNUSED-FIXED-SEMANTICS
Reason: not reachable from this program or proof-local terms; no intended-domain witness
```k
syntax Bool ::= hasRefVS(ValSeq) [function, total]
```

## 734. rule — reference-semantics/semantics/list.k:34
Attributes: none
Decision: UNUSED-FIXED-SEMANTICS
Reason: not reachable from this program or proof-local terms; no intended-domain witness
```k
rule hasRefVS(.ValSeq)                => false
```

## 735. rule — reference-semantics/semantics/list.k:35
Attributes: none
Decision: UNUSED-FIXED-SEMANTICS
Reason: not reachable from this program or proof-local terms; no intended-domain witness
```k
rule hasRefVS(vCons(V:Val, R:ValSeq)) => isRefV(V) orBool hasRefVS(R)
```

## 736. syntax — reference-semantics/semantics/list.k:37-38
Attributes: function
Decision: UNUSED-FIXED-SEMANTICS
Reason: not reachable from this program or proof-local terms; no intended-domain witness
```k
syntax Bool ::= deepEqVS(ValSeq, ValSeq, Map) [function]
                | deepEqV(Val, Val, Map)        [function]
```

## 737. rule — reference-semantics/semantics/list.k:39
Attributes: none
Decision: UNUSED-FIXED-SEMANTICS
Reason: not reachable from this program or proof-local terms; no intended-domain witness
```k
rule deepEqVS(.ValSeq, .ValSeq, _:Map)                   => true
```

## 738. rule — reference-semantics/semantics/list.k:40
Attributes: none
Decision: UNUSED-FIXED-SEMANTICS
Reason: not reachable from this program or proof-local terms; no intended-domain witness
```k
rule deepEqVS(.ValSeq, vCons(_:Val, _:ValSeq), _:Map)    => false
```

## 739. rule — reference-semantics/semantics/list.k:41
Attributes: none
Decision: UNUSED-FIXED-SEMANTICS
Reason: not reachable from this program or proof-local terms; no intended-domain witness
```k
rule deepEqVS(vCons(_:Val, _:ValSeq), .ValSeq, _:Map)    => false
```

## 740. rule — reference-semantics/semantics/list.k:42-43
Attributes: none
Decision: UNUSED-FIXED-SEMANTICS
Reason: not reachable from this program or proof-local terms; no intended-domain witness
```k
rule deepEqVS(vCons(A:Val, As:ValSeq), vCons(B:Val, Bs:ValSeq), HP:Map)
    => deepEqV(A, B, HP) andBool deepEqVS(As, Bs, HP)
```

## 741. rule — reference-semantics/semantics/list.k:45-46
Attributes: none
Decision: UNUSED-FIXED-SEMANTICS
Reason: not reachable from this program or proof-local terms; no intended-domain witness
```k
rule deepEqV(ref(H:Int), B:Val, HP:Map) => deepEqV({HP[H]}:>Val, B, HP)
       requires H in_keys(HP)
```

## 742. rule — reference-semantics/semantics/list.k:47-48
Attributes: none
Decision: UNUSED-FIXED-SEMANTICS
Reason: not reachable from this program or proof-local terms; no intended-domain witness
```k
rule deepEqV(A:Val, ref(H:Int), HP:Map) => deepEqV(A, {HP[H]}:>Val, HP)
       requires notBool isRefV(A) andBool H in_keys(HP)
```

## 743. rule — reference-semantics/semantics/list.k:49
Attributes: none
Decision: USED-FIXED-SEMANTICS
Reason: on the submitted term/claim path; agrees with the modeled Python subset
```k
rule deepEqV(list(A:ValSeq), list(B:ValSeq), HP:Map) => deepEqVS(A, B, HP)
```

## 744. rule — reference-semantics/semantics/list.k:50
Attributes: owise
Decision: UNUSED-FIXED-SEMANTICS
Reason: not reachable from this program or proof-local terms; no intended-domain witness
```k
rule deepEqV(A:Val, B:Val, _:Map) => A ==K B [owise]
```

## 745. rule — reference-semantics/semantics/list.k:53-55
Attributes: priority
Decision: USED-FIXED-SEMANTICS
Reason: on the submitted term/claim path; agrees with the modeled Python subset
```k
rule <k> #applyK(toCall(boundMethodV(ref(H:Int), "append")), (V:Val, .Vals)) => noneV ... </k>
       <heap> ... H |-> list(VS:ValSeq => valSeqConcat(VS, vCons(V, .ValSeq))) ... </heap>
       [priority(40)]
```

## 746. syntax — reference-semantics/semantics/list.k:58
Attributes: none
Decision: UNUSED-FIXED-SEMANTICS
Reason: not reachable from this program or proof-local terms; no intended-domain witness
```k
syntax KItem ::= #memberAcc(Val, Iterable) | #memberCont(Val) | "#notB"
```

## 747. rule — reference-semantics/semantics/list.k:59
Attributes: none
Decision: USED-FIXED-SEMANTICS
Reason: on the submitted term/claim path; agrees with the modeled Python subset
```k
rule <k> Compare(LV:Val, CmpOp("in",     list(VS:ValSeq))) => #memberAcc(LV, list(VS)) ... </k>
```

## 748. rule — reference-semantics/semantics/list.k:60
Attributes: none
Decision: USED-FIXED-SEMANTICS
Reason: on the submitted term/claim path; agrees with the modeled Python subset
```k
rule <k> Compare(LV:Val, CmpOp("not in", list(VS:ValSeq))) => #memberAcc(LV, list(VS)) ~> #notB ... </k>
```

## 749. rule — reference-semantics/semantics/list.k:61
Attributes: none
Decision: USED-FIXED-SEMANTICS
Reason: on the submitted term/claim path; agrees with the modeled Python subset
```k
rule <k> #memberAcc(V:Val, IT:Iterable) => #iterNext(IT) ~> #memberCont(V) ... </k>
```

## 750. rule — reference-semantics/semantics/list.k:62
Attributes: none
Decision: USED-FIXED-SEMANTICS
Reason: on the submitted term/claim path; agrees with the modeled Python subset
```k
rule <k> #iterDone ~> #memberCont(_V:Val) => false ... </k>
```

## 751. rule — reference-semantics/semantics/list.k:63-64
Attributes: none
Decision: USED-FIXED-SEMANTICS
Reason: on the submitted term/claim path; agrees with the modeled Python subset
```k
rule <k> #iterYield(E:Val, _:Iterable) ~> #memberCont(V:Val) => true ... </k>
       requires E ==K V
```

## 752. rule — reference-semantics/semantics/list.k:65-66
Attributes: none
Decision: USED-FIXED-SEMANTICS
Reason: on the submitted term/claim path; agrees with the modeled Python subset
```k
rule <k> #iterYield(E:Val, R:Iterable) ~> #memberCont(V:Val) => #memberAcc(V, R) ... </k>
       requires notBool (E ==K V)
```

## 753. rule — reference-semantics/semantics/list.k:67
Attributes: none
Decision: UNUSED-FIXED-SEMANTICS
Reason: not reachable from this program or proof-local terms; no intended-domain witness
```k
rule <k> B:Bool ~> #notB => notBool B ... </k>
```

## 754. endmodule — reference-semantics/semantics/list.k:68
Attributes: none
Decision: USED-FIXED-SEMANTICS
Reason: on the submitted term/claim path; agrees with the modeled Python subset
```k
endmodule
```

## 755. module — reference-semantics/semantics/methods.k:3
Attributes: none
Decision: UNUSED-FIXED-SEMANTICS
Reason: not reachable from this program or proof-local terms; no intended-domain witness
```k
module MPY-METHODS
```

## 756. imports — reference-semantics/semantics/methods.k:4
Attributes: none
Decision: UNUSED-FIXED-SEMANTICS
Reason: not reachable from this program or proof-local terms; no intended-domain witness
```k
imports MPY-CORE
```

## 757. imports — reference-semantics/semantics/methods.k:5
Attributes: none
Decision: UNUSED-FIXED-SEMANTICS
Reason: not reachable from this program or proof-local terms; no intended-domain witness
```k
imports K-EQUAL
```

## 758. imports — reference-semantics/semantics/methods.k:6
Attributes: none
Decision: UNUSED-FIXED-SEMANTICS
Reason: not reachable from this program or proof-local terms; no intended-domain witness
```k
imports MPY-STR
```

## 759. imports — reference-semantics/semantics/methods.k:7
Attributes: none
Decision: UNUSED-FIXED-SEMANTICS
Reason: not reachable from this program or proof-local terms; no intended-domain witness
```k
imports MPY-LIST
```

## 760. syntax — reference-semantics/semantics/methods.k:10
Attributes: function
Decision: UNUSED-FIXED-SEMANTICS
Reason: not reachable from this program or proof-local terms; no intended-domain witness
```k
syntax Val ::= applyMethod(Val, String, Vals) [function]
```

## 761. rule — reference-semantics/semantics/methods.k:13
Attributes: none
Decision: UNUSED-FIXED-SEMANTICS
Reason: not reachable from this program or proof-local terms; no intended-domain witness
```k
rule applyMethod(str(CS:IntSeq), "isupper", .Vals) => hasUpper(CS) andBool notBool hasLower(CS)
```

## 762. rule — reference-semantics/semantics/methods.k:14
Attributes: none
Decision: UNUSED-FIXED-SEMANTICS
Reason: not reachable from this program or proof-local terms; no intended-domain witness
```k
rule applyMethod(str(CS:IntSeq), "islower", .Vals) => hasLower(CS) andBool notBool hasUpper(CS)
```

## 763. rule — reference-semantics/semantics/methods.k:15
Attributes: none
Decision: UNUSED-FIXED-SEMANTICS
Reason: not reachable from this program or proof-local terms; no intended-domain witness
```k
rule applyMethod(str(CS:IntSeq), "isalpha", .Vals) => notBool (CS ==K .IntSeq) andBool allAlpha(CS)
```

## 764. rule — reference-semantics/semantics/methods.k:16
Attributes: none
Decision: UNUSED-FIXED-SEMANTICS
Reason: not reachable from this program or proof-local terms; no intended-domain witness
```k
rule applyMethod(str(CS:IntSeq), "isdigit", .Vals) => notBool (CS ==K .IntSeq) andBool allDigit(CS)
```

## 765. rule — reference-semantics/semantics/methods.k:19
Attributes: none
Decision: UNUSED-FIXED-SEMANTICS
Reason: not reachable from this program or proof-local terms; no intended-domain witness
```k
rule applyMethod(str(CS:IntSeq), "lower",    .Vals) => str(mapLower(CS))
```

## 766. rule — reference-semantics/semantics/methods.k:20
Attributes: none
Decision: UNUSED-FIXED-SEMANTICS
Reason: not reachable from this program or proof-local terms; no intended-domain witness
```k
rule applyMethod(str(CS:IntSeq), "upper",    .Vals) => str(mapUpper(CS))
```

## 767. rule — reference-semantics/semantics/methods.k:21
Attributes: none
Decision: UNUSED-FIXED-SEMANTICS
Reason: not reachable from this program or proof-local terms; no intended-domain witness
```k
rule applyMethod(str(CS:IntSeq), "swapcase", .Vals) => str(mapSwap(CS))
```

## 768. rule — reference-semantics/semantics/methods.k:26
Attributes: none
Decision: UNUSED-FIXED-SEMANTICS
Reason: not reachable from this program or proof-local terms; no intended-domain witness
```k
rule applyMethod(str(SEP:IntSeq), "join", list(VS:ValSeq), .Vals) => str(joinCodes(SEP, VS))
```

## 769. syntax — reference-semantics/semantics/methods.k:27
Attributes: function, total
Decision: UNUSED-FIXED-SEMANTICS
Reason: not reachable from this program or proof-local terms; no intended-domain witness
```k
syntax IntSeq ::= joinCodes(IntSeq, ValSeq) [function, total]
```

## 770. rule — reference-semantics/semantics/methods.k:28
Attributes: none
Decision: UNUSED-FIXED-SEMANTICS
Reason: not reachable from this program or proof-local terms; no intended-domain witness
```k
rule joinCodes(_:IntSeq, .ValSeq) => .IntSeq
```

## 771. rule — reference-semantics/semantics/methods.k:29
Attributes: none
Decision: UNUSED-FIXED-SEMANTICS
Reason: not reachable from this program or proof-local terms; no intended-domain witness
```k
rule joinCodes(_:IntSeq, vCons(str(CS:IntSeq), .ValSeq)) => CS
```

## 772. rule — reference-semantics/semantics/methods.k:30-31
Attributes: none
Decision: UNUSED-FIXED-SEMANTICS
Reason: not reachable from this program or proof-local terms; no intended-domain witness
```k
rule joinCodes(SEP:IntSeq, vCons(str(CS:IntSeq), vCons(V:Val, R:ValSeq)))
    => seqConcat(CS, seqConcat(SEP, joinCodes(SEP, vCons(V, R))))
```

## 773. rule — reference-semantics/semantics/methods.k:34
Attributes: none
Decision: UNUSED-FIXED-SEMANTICS
Reason: not reachable from this program or proof-local terms; no intended-domain witness
```k
rule applyMethod(str(CS:IntSeq), "count", str(PC:IntSeq), .Vals) => cntSub(CS, PC)
```

## 774. syntax — reference-semantics/semantics/methods.k:35
Attributes: function
Decision: UNUSED-FIXED-SEMANTICS
Reason: not reachable from this program or proof-local terms; no intended-domain witness
```k
syntax Int ::= cntSub(IntSeq, IntSeq) [function]
```

## 775. rule — reference-semantics/semantics/methods.k:36
Attributes: none
Decision: UNUSED-FIXED-SEMANTICS
Reason: not reachable from this program or proof-local terms; no intended-domain witness
```k
rule cntSub(.IntSeq, _:IntSeq) => 0
```

## 776. rule — reference-semantics/semantics/methods.k:37-38
Attributes: none
Decision: UNUSED-FIXED-SEMANTICS
Reason: not reachable from this program or proof-local terms; no intended-domain witness
```k
rule cntSub(iCons(C:Int, R:IntSeq), PC:IntSeq) => 1 +Int cntSub(dropIS(iCons(C, R), isLen(PC)), PC)
       requires strPrefix(PC, iCons(C, R)) andBool isLen(PC) >Int 0
```

## 777. rule — reference-semantics/semantics/methods.k:39-40
Attributes: none
Decision: UNUSED-FIXED-SEMANTICS
Reason: not reachable from this program or proof-local terms; no intended-domain witness
```k
rule cntSub(iCons(C:Int, R:IntSeq), PC:IntSeq) => cntSub(R, PC)
       requires notBool strPrefix(PC, iCons(C, R)) orBool isLen(PC) <=Int 0
```

## 778. syntax — reference-semantics/semantics/methods.k:41
Attributes: function, total
Decision: UNUSED-FIXED-SEMANTICS
Reason: not reachable from this program or proof-local terms; no intended-domain witness
```k
syntax IntSeq ::= dropIS(IntSeq, Int) [function, total]
```

## 779. rule — reference-semantics/semantics/methods.k:42
Attributes: none
Decision: UNUSED-FIXED-SEMANTICS
Reason: not reachable from this program or proof-local terms; no intended-domain witness
```k
rule dropIS(S:IntSeq, N:Int) => S requires N <=Int 0
```

## 780. rule — reference-semantics/semantics/methods.k:43
Attributes: owise
Decision: UNUSED-FIXED-SEMANTICS
Reason: not reachable from this program or proof-local terms; no intended-domain witness
```k
rule dropIS(.IntSeq, _:Int) => .IntSeq [owise]
```

## 781. rule — reference-semantics/semantics/methods.k:44
Attributes: none
Decision: UNUSED-FIXED-SEMANTICS
Reason: not reachable from this program or proof-local terms; no intended-domain witness
```k
rule dropIS(iCons(_:Int, R:IntSeq), N:Int) => dropIS(R, N -Int 1) requires N >Int 0
```

## 782. rule — reference-semantics/semantics/methods.k:47
Attributes: none
Decision: UNUSED-FIXED-SEMANTICS
Reason: not reachable from this program or proof-local terms; no intended-domain witness
```k
rule applyMethod(str(CS:IntSeq), "strip", .Vals) => str(revIS(trimWS(revIS(trimWS(CS)))))
```

## 783. syntax — reference-semantics/semantics/methods.k:48
Attributes: function, total
Decision: UNUSED-FIXED-SEMANTICS
Reason: not reachable from this program or proof-local terms; no intended-domain witness
```k
syntax IntSeq ::= trimWS(IntSeq) [function, total]
```

## 784. rule — reference-semantics/semantics/methods.k:49
Attributes: none
Decision: UNUSED-FIXED-SEMANTICS
Reason: not reachable from this program or proof-local terms; no intended-domain witness
```k
rule trimWS(.IntSeq) => .IntSeq
```

## 785. rule — reference-semantics/semantics/methods.k:50
Attributes: none
Decision: UNUSED-FIXED-SEMANTICS
Reason: not reachable from this program or proof-local terms; no intended-domain witness
```k
rule trimWS(iCons(C:Int, R:IntSeq)) => trimWS(R) requires isWSC(C)
```

## 786. rule — reference-semantics/semantics/methods.k:51
Attributes: none
Decision: UNUSED-FIXED-SEMANTICS
Reason: not reachable from this program or proof-local terms; no intended-domain witness
```k
rule trimWS(iCons(C:Int, R:IntSeq)) => iCons(C, R) requires notBool isWSC(C)
```

## 787. syntax — reference-semantics/semantics/methods.k:52
Attributes: function, total
Decision: UNUSED-FIXED-SEMANTICS
Reason: not reachable from this program or proof-local terms; no intended-domain witness
```k
syntax IntSeq ::= revIS(IntSeq) [function, total] | revISAcc(IntSeq, IntSeq) [function, total]
```

## 788. rule — reference-semantics/semantics/methods.k:53
Attributes: none
Decision: UNUSED-FIXED-SEMANTICS
Reason: not reachable from this program or proof-local terms; no intended-domain witness
```k
rule revIS(S:IntSeq) => revISAcc(S, .IntSeq)
```

## 789. rule — reference-semantics/semantics/methods.k:54
Attributes: none
Decision: UNUSED-FIXED-SEMANTICS
Reason: not reachable from this program or proof-local terms; no intended-domain witness
```k
rule revISAcc(.IntSeq, A:IntSeq) => A
```

## 790. rule — reference-semantics/semantics/methods.k:55
Attributes: none
Decision: UNUSED-FIXED-SEMANTICS
Reason: not reachable from this program or proof-local terms; no intended-domain witness
```k
rule revISAcc(iCons(C:Int, R:IntSeq), A:IntSeq) => revISAcc(R, iCons(C, A))
```

## 791. rule — reference-semantics/semantics/methods.k:58
Attributes: none
Decision: UNUSED-FIXED-SEMANTICS
Reason: not reachable from this program or proof-local terms; no intended-domain witness
```k
rule applyMethod(str(CS:IntSeq), "encode", str(_:IntSeq), .Vals) => str(CS)
```

## 792. rule — reference-semantics/semantics/methods.k:61
Attributes: none
Decision: UNUSED-FIXED-SEMANTICS
Reason: not reachable from this program or proof-local terms; no intended-domain witness
```k
rule applyMethod(str(XC:IntSeq), "startswith", str(PC:IntSeq), .Vals) => startsWith(PC, XC)
```

## 793. rule — reference-semantics/semantics/methods.k:64
Attributes: none
Decision: UNUSED-FIXED-SEMANTICS
Reason: not reachable from this program or proof-local terms; no intended-domain witness
```k
rule applyMethod(list(VS:ValSeq), "count", V:Val, .Vals) => cntOccVS(VS, V)
```

## 794. syntax — reference-semantics/semantics/methods.k:65
Attributes: function, total
Decision: UNUSED-FIXED-SEMANTICS
Reason: not reachable from this program or proof-local terms; no intended-domain witness
```k
syntax Int ::= cntOccVS(ValSeq, Val) [function, total]
```

## 795. rule — reference-semantics/semantics/methods.k:66
Attributes: none
Decision: UNUSED-FIXED-SEMANTICS
Reason: not reachable from this program or proof-local terms; no intended-domain witness
```k
rule cntOccVS(.ValSeq, _:Val)                => 0
```

## 796. rule — reference-semantics/semantics/methods.k:67
Attributes: none
Decision: UNUSED-FIXED-SEMANTICS
Reason: not reachable from this program or proof-local terms; no intended-domain witness
```k
rule cntOccVS(vCons(A:Val, R:ValSeq), V:Val) => 1 +Int cntOccVS(R, V) requires A ==K V
```

## 797. rule — reference-semantics/semantics/methods.k:68
Attributes: none
Decision: UNUSED-FIXED-SEMANTICS
Reason: not reachable from this program or proof-local terms; no intended-domain witness
```k
rule cntOccVS(vCons(A:Val, R:ValSeq), V:Val) => cntOccVS(R, V)        requires notBool (A ==K V)
```

## 798. rule — reference-semantics/semantics/methods.k:72-74
Attributes: priority
Decision: UNUSED-FIXED-SEMANTICS
Reason: not reachable from this program or proof-local terms; no intended-domain witness
```k
rule <k> #applyK(toCall(boundMethodV(str(CS:IntSeq), "split")), .Vals)
        => #alloc(list(splitWS(CS, .IntSeq, .ValSeq))) ... </k>
       [priority(40)]
```

## 799. syntax — reference-semantics/semantics/methods.k:75
Attributes: function
Decision: UNUSED-FIXED-SEMANTICS
Reason: not reachable from this program or proof-local terms; no intended-domain witness
```k
syntax ValSeq ::= splitWS(IntSeq, IntSeq, ValSeq) [function]  // remaining, current token, result
```

## 800. rule — reference-semantics/semantics/methods.k:76
Attributes: none
Decision: UNUSED-FIXED-SEMANTICS
Reason: not reachable from this program or proof-local terms; no intended-domain witness
```k
rule splitWS(.IntSeq, CUR:IntSeq, ACC:ValSeq) => flushTok(ACC, CUR)
```

## 801. rule — reference-semantics/semantics/methods.k:77-78
Attributes: none
Decision: UNUSED-FIXED-SEMANTICS
Reason: not reachable from this program or proof-local terms; no intended-domain witness
```k
rule splitWS(iCons(C:Int, R:IntSeq), CUR:IntSeq, ACC:ValSeq) => splitWS(R, .IntSeq, flushTok(ACC, CUR))
       requires isWSC(C)
```

## 802. rule — reference-semantics/semantics/methods.k:79-80
Attributes: none
Decision: UNUSED-FIXED-SEMANTICS
Reason: not reachable from this program or proof-local terms; no intended-domain witness
```k
rule splitWS(iCons(C:Int, R:IntSeq), CUR:IntSeq, ACC:ValSeq) => splitWS(R, seqConcat(CUR, iCons(C, .IntSeq)), ACC)
       requires notBool isWSC(C)
```

## 803. syntax — reference-semantics/semantics/methods.k:82
Attributes: function
Decision: UNUSED-FIXED-SEMANTICS
Reason: not reachable from this program or proof-local terms; no intended-domain witness
```k
syntax ValSeq ::= flushTok(ValSeq, IntSeq) [function]
```

## 804. rule — reference-semantics/semantics/methods.k:83
Attributes: none
Decision: UNUSED-FIXED-SEMANTICS
Reason: not reachable from this program or proof-local terms; no intended-domain witness
```k
rule flushTok(ACC:ValSeq, .IntSeq)            => ACC
```

## 805. rule — reference-semantics/semantics/methods.k:84
Attributes: none
Decision: UNUSED-FIXED-SEMANTICS
Reason: not reachable from this program or proof-local terms; no intended-domain witness
```k
rule flushTok(ACC:ValSeq, iCons(C:Int, T:IntSeq)) => valSeqConcat(ACC, vCons(str(iCons(C, T)), .ValSeq))
```

## 806. syntax — reference-semantics/semantics/methods.k:85
Attributes: function, total
Decision: UNUSED-FIXED-SEMANTICS
Reason: not reachable from this program or proof-local terms; no intended-domain witness
```k
syntax Bool ::= isWSC(Int) [function, total]
```

## 807. rule — reference-semantics/semantics/methods.k:86
Attributes: none
Decision: UNUSED-FIXED-SEMANTICS
Reason: not reachable from this program or proof-local terms; no intended-domain witness
```k
rule isWSC(C:Int) => C ==Int 32 orBool C ==Int 9 orBool C ==Int 10 orBool C ==Int 13
```

## 808. rule — reference-semantics/semantics/methods.k:89-91
Attributes: priority
Decision: UNUSED-FIXED-SEMANTICS
Reason: not reachable from this program or proof-local terms; no intended-domain witness
```k
rule <k> #applyK(toCall(boundMethodV(str(CS:IntSeq), "split")), (kwV("sep", str(S:IntSeq)), .Vals))
        => #applyK(toCall(boundMethodV(str(CS), "split")), (str(S), .Vals)) ... </k>
       [priority(39)]
```

## 809. rule — reference-semantics/semantics/methods.k:94-96
Attributes: priority
Decision: UNUSED-FIXED-SEMANTICS
Reason: not reachable from this program or proof-local terms; no intended-domain witness
```k
rule <k> #applyK(toCall(boundMethodV(str(CS:IntSeq), "split")), (str(iCons(SEP:Int, .IntSeq)), .Vals))
        => #alloc(list(splitSep(CS, SEP, .IntSeq))) ... </k>
       [priority(40)]
```

## 810. syntax — reference-semantics/semantics/methods.k:97
Attributes: function
Decision: UNUSED-FIXED-SEMANTICS
Reason: not reachable from this program or proof-local terms; no intended-domain witness
```k
syntax ValSeq ::= splitSep(IntSeq, Int, IntSeq) [function]  // remaining, sep code, current token
```

## 811. rule — reference-semantics/semantics/methods.k:98
Attributes: none
Decision: UNUSED-FIXED-SEMANTICS
Reason: not reachable from this program or proof-local terms; no intended-domain witness
```k
rule splitSep(.IntSeq, _SEP:Int, CUR:IntSeq)              => vCons(str(CUR), .ValSeq)
```

## 812. rule — reference-semantics/semantics/methods.k:99-100
Attributes: none
Decision: UNUSED-FIXED-SEMANTICS
Reason: not reachable from this program or proof-local terms; no intended-domain witness
```k
rule splitSep(iCons(C:Int, R:IntSeq), SEP:Int, CUR:IntSeq) => vCons(str(CUR), splitSep(R, SEP, .IntSeq))
       requires C ==Int SEP
```

## 813. rule — reference-semantics/semantics/methods.k:101-102
Attributes: none
Decision: UNUSED-FIXED-SEMANTICS
Reason: not reachable from this program or proof-local terms; no intended-domain witness
```k
rule splitSep(iCons(C:Int, R:IntSeq), SEP:Int, CUR:IntSeq) => splitSep(R, SEP, seqConcat(CUR, iCons(C, .IntSeq)))
       requires notBool (C ==Int SEP)
```

## 814. rule — reference-semantics/semantics/methods.k:104-105
Attributes: none
Decision: UNUSED-FIXED-SEMANTICS
Reason: not reachable from this program or proof-local terms; no intended-domain witness
```k
rule applyMethod(str(CS:IntSeq), "replace", str(iCons(A:Int, .IntSeq)), str(iCons(B:Int, .IntSeq)), .Vals)
    => str(replaceC(CS, A, B))
```

## 815. syntax — reference-semantics/semantics/methods.k:106
Attributes: function, total
Decision: UNUSED-FIXED-SEMANTICS
Reason: not reachable from this program or proof-local terms; no intended-domain witness
```k
syntax IntSeq ::= replaceC(IntSeq, Int, Int) [function, total]
```

## 816. rule — reference-semantics/semantics/methods.k:107
Attributes: none
Decision: UNUSED-FIXED-SEMANTICS
Reason: not reachable from this program or proof-local terms; no intended-domain witness
```k
rule replaceC(.IntSeq, _:Int, _:Int)             => .IntSeq
```

## 817. rule — reference-semantics/semantics/methods.k:108
Attributes: none
Decision: UNUSED-FIXED-SEMANTICS
Reason: not reachable from this program or proof-local terms; no intended-domain witness
```k
rule replaceC(iCons(C:Int, R:IntSeq), A:Int, B:Int) => iCons(B, replaceC(R, A, B)) requires C ==Int A
```

## 818. rule — reference-semantics/semantics/methods.k:109
Attributes: none
Decision: UNUSED-FIXED-SEMANTICS
Reason: not reachable from this program or proof-local terms; no intended-domain witness
```k
rule replaceC(iCons(C:Int, R:IntSeq), A:Int, B:Int) => iCons(C, replaceC(R, A, B)) requires notBool (C ==Int A)
```

## 819. syntax — reference-semantics/semantics/methods.k:112
Attributes: function, total
Decision: UNUSED-FIXED-SEMANTICS
Reason: not reachable from this program or proof-local terms; no intended-domain witness
```k
syntax Bool ::= isUpperC(Int) [function, total]
```

## 820. rule — reference-semantics/semantics/methods.k:113
Attributes: none
Decision: UNUSED-FIXED-SEMANTICS
Reason: not reachable from this program or proof-local terms; no intended-domain witness
```k
rule isUpperC(C:Int) => C >=Int 65 andBool C <=Int 90
```

## 821. syntax — reference-semantics/semantics/methods.k:115
Attributes: function, total
Decision: UNUSED-FIXED-SEMANTICS
Reason: not reachable from this program or proof-local terms; no intended-domain witness
```k
syntax Bool ::= isLowerC(Int) [function, total]
```

## 822. rule — reference-semantics/semantics/methods.k:116
Attributes: none
Decision: UNUSED-FIXED-SEMANTICS
Reason: not reachable from this program or proof-local terms; no intended-domain witness
```k
rule isLowerC(C:Int) => C >=Int 97 andBool C <=Int 122
```

## 823. syntax — reference-semantics/semantics/methods.k:118
Attributes: function, total
Decision: UNUSED-FIXED-SEMANTICS
Reason: not reachable from this program or proof-local terms; no intended-domain witness
```k
syntax Bool ::= isAlphaC(Int) [function, total]
```

## 824. rule — reference-semantics/semantics/methods.k:119
Attributes: none
Decision: UNUSED-FIXED-SEMANTICS
Reason: not reachable from this program or proof-local terms; no intended-domain witness
```k
rule isAlphaC(C:Int) => isUpperC(C) orBool isLowerC(C)
```

## 825. syntax — reference-semantics/semantics/methods.k:121
Attributes: function, total
Decision: UNUSED-FIXED-SEMANTICS
Reason: not reachable from this program or proof-local terms; no intended-domain witness
```k
syntax Bool ::= isDigitC(Int) [function, total]
```

## 826. rule — reference-semantics/semantics/methods.k:122
Attributes: none
Decision: UNUSED-FIXED-SEMANTICS
Reason: not reachable from this program or proof-local terms; no intended-domain witness
```k
rule isDigitC(C:Int) => C >=Int 48 andBool C <=Int 57
```

## 827. syntax — reference-semantics/semantics/methods.k:124
Attributes: function, total
Decision: UNUSED-FIXED-SEMANTICS
Reason: not reachable from this program or proof-local terms; no intended-domain witness
```k
syntax Bool ::= hasUpper(IntSeq) [function, total]
```

## 828. rule — reference-semantics/semantics/methods.k:125
Attributes: none
Decision: UNUSED-FIXED-SEMANTICS
Reason: not reachable from this program or proof-local terms; no intended-domain witness
```k
rule hasUpper(.IntSeq) => false
```

## 829. rule — reference-semantics/semantics/methods.k:126
Attributes: none
Decision: UNUSED-FIXED-SEMANTICS
Reason: not reachable from this program or proof-local terms; no intended-domain witness
```k
rule hasUpper(iCons(C:Int, S:IntSeq)) => isUpperC(C) orBool hasUpper(S)
```

## 830. syntax — reference-semantics/semantics/methods.k:128
Attributes: function, total
Decision: UNUSED-FIXED-SEMANTICS
Reason: not reachable from this program or proof-local terms; no intended-domain witness
```k
syntax Bool ::= hasLower(IntSeq) [function, total]
```

## 831. rule — reference-semantics/semantics/methods.k:129
Attributes: none
Decision: UNUSED-FIXED-SEMANTICS
Reason: not reachable from this program or proof-local terms; no intended-domain witness
```k
rule hasLower(.IntSeq) => false
```

## 832. rule — reference-semantics/semantics/methods.k:130
Attributes: none
Decision: UNUSED-FIXED-SEMANTICS
Reason: not reachable from this program or proof-local terms; no intended-domain witness
```k
rule hasLower(iCons(C:Int, S:IntSeq)) => isLowerC(C) orBool hasLower(S)
```

## 833. syntax — reference-semantics/semantics/methods.k:132
Attributes: function, total
Decision: UNUSED-FIXED-SEMANTICS
Reason: not reachable from this program or proof-local terms; no intended-domain witness
```k
syntax Bool ::= allAlpha(IntSeq) [function, total]
```

## 834. rule — reference-semantics/semantics/methods.k:133
Attributes: none
Decision: UNUSED-FIXED-SEMANTICS
Reason: not reachable from this program or proof-local terms; no intended-domain witness
```k
rule allAlpha(.IntSeq) => true
```

## 835. rule — reference-semantics/semantics/methods.k:134
Attributes: none
Decision: UNUSED-FIXED-SEMANTICS
Reason: not reachable from this program or proof-local terms; no intended-domain witness
```k
rule allAlpha(iCons(C:Int, S:IntSeq)) => isAlphaC(C) andBool allAlpha(S)
```

## 836. syntax — reference-semantics/semantics/methods.k:136
Attributes: function, total
Decision: UNUSED-FIXED-SEMANTICS
Reason: not reachable from this program or proof-local terms; no intended-domain witness
```k
syntax Bool ::= allDigit(IntSeq) [function, total]
```

## 837. rule — reference-semantics/semantics/methods.k:137
Attributes: none
Decision: UNUSED-FIXED-SEMANTICS
Reason: not reachable from this program or proof-local terms; no intended-domain witness
```k
rule allDigit(.IntSeq) => true
```

## 838. rule — reference-semantics/semantics/methods.k:138
Attributes: none
Decision: UNUSED-FIXED-SEMANTICS
Reason: not reachable from this program or proof-local terms; no intended-domain witness
```k
rule allDigit(iCons(C:Int, S:IntSeq)) => isDigitC(C) andBool allDigit(S)
```

## 839. syntax — reference-semantics/semantics/methods.k:140
Attributes: function, total
Decision: UNUSED-FIXED-SEMANTICS
Reason: not reachable from this program or proof-local terms; no intended-domain witness
```k
syntax Int ::= lowerC(Int) [function, total]
```

## 840. rule — reference-semantics/semantics/methods.k:142
Attributes: none
Decision: UNUSED-FIXED-SEMANTICS
Reason: not reachable from this program or proof-local terms; no intended-domain witness
```k
rule lowerC(C:Int) => C +Int 32 requires isUpperC(C)
```

## 841. rule — reference-semantics/semantics/methods.k:143
Attributes: owise
Decision: UNUSED-FIXED-SEMANTICS
Reason: not reachable from this program or proof-local terms; no intended-domain witness
```k
rule lowerC(C:Int) => C         [owise]
```

## 842. syntax — reference-semantics/semantics/methods.k:145
Attributes: function, total
Decision: UNUSED-FIXED-SEMANTICS
Reason: not reachable from this program or proof-local terms; no intended-domain witness
```k
syntax Int ::= upperC(Int) [function, total]
```

## 843. rule — reference-semantics/semantics/methods.k:146
Attributes: none
Decision: UNUSED-FIXED-SEMANTICS
Reason: not reachable from this program or proof-local terms; no intended-domain witness
```k
rule upperC(C:Int) => C -Int 32 requires isLowerC(C)
```

## 844. rule — reference-semantics/semantics/methods.k:147
Attributes: owise
Decision: UNUSED-FIXED-SEMANTICS
Reason: not reachable from this program or proof-local terms; no intended-domain witness
```k
rule upperC(C:Int) => C         [owise]
```

## 845. syntax — reference-semantics/semantics/methods.k:149
Attributes: function, total
Decision: UNUSED-FIXED-SEMANTICS
Reason: not reachable from this program or proof-local terms; no intended-domain witness
```k
syntax Int ::= swapC(Int) [function, total]
```

## 846. rule — reference-semantics/semantics/methods.k:150
Attributes: none
Decision: UNUSED-FIXED-SEMANTICS
Reason: not reachable from this program or proof-local terms; no intended-domain witness
```k
rule swapC(C:Int) => C +Int 32 requires isUpperC(C)
```

## 847. rule — reference-semantics/semantics/methods.k:151
Attributes: none
Decision: UNUSED-FIXED-SEMANTICS
Reason: not reachable from this program or proof-local terms; no intended-domain witness
```k
rule swapC(C:Int) => C -Int 32 requires isLowerC(C)
```

## 848. rule — reference-semantics/semantics/methods.k:152
Attributes: owise
Decision: UNUSED-FIXED-SEMANTICS
Reason: not reachable from this program or proof-local terms; no intended-domain witness
```k
rule swapC(C:Int) => C         [owise]
```

## 849. syntax — reference-semantics/semantics/methods.k:154
Attributes: function, total
Decision: UNUSED-FIXED-SEMANTICS
Reason: not reachable from this program or proof-local terms; no intended-domain witness
```k
syntax IntSeq ::= mapLower(IntSeq) [function, total]
```

## 850. rule — reference-semantics/semantics/methods.k:155
Attributes: none
Decision: UNUSED-FIXED-SEMANTICS
Reason: not reachable from this program or proof-local terms; no intended-domain witness
```k
rule mapLower(.IntSeq) => .IntSeq
```

## 851. rule — reference-semantics/semantics/methods.k:156
Attributes: none
Decision: UNUSED-FIXED-SEMANTICS
Reason: not reachable from this program or proof-local terms; no intended-domain witness
```k
rule mapLower(iCons(C:Int, S:IntSeq)) => iCons(lowerC(C), mapLower(S))
```

## 852. syntax — reference-semantics/semantics/methods.k:158
Attributes: function, total
Decision: UNUSED-FIXED-SEMANTICS
Reason: not reachable from this program or proof-local terms; no intended-domain witness
```k
syntax IntSeq ::= mapUpper(IntSeq) [function, total]
```

## 853. rule — reference-semantics/semantics/methods.k:159
Attributes: none
Decision: UNUSED-FIXED-SEMANTICS
Reason: not reachable from this program or proof-local terms; no intended-domain witness
```k
rule mapUpper(.IntSeq) => .IntSeq
```

## 854. rule — reference-semantics/semantics/methods.k:160
Attributes: none
Decision: UNUSED-FIXED-SEMANTICS
Reason: not reachable from this program or proof-local terms; no intended-domain witness
```k
rule mapUpper(iCons(C:Int, S:IntSeq)) => iCons(upperC(C), mapUpper(S))
```

## 855. syntax — reference-semantics/semantics/methods.k:162
Attributes: function, total
Decision: UNUSED-FIXED-SEMANTICS
Reason: not reachable from this program or proof-local terms; no intended-domain witness
```k
syntax IntSeq ::= mapSwap(IntSeq) [function, total]
```

## 856. rule — reference-semantics/semantics/methods.k:163
Attributes: none
Decision: UNUSED-FIXED-SEMANTICS
Reason: not reachable from this program or proof-local terms; no intended-domain witness
```k
rule mapSwap(.IntSeq) => .IntSeq
```

## 857. rule — reference-semantics/semantics/methods.k:164
Attributes: none
Decision: UNUSED-FIXED-SEMANTICS
Reason: not reachable from this program or proof-local terms; no intended-domain witness
```k
rule mapSwap(iCons(C:Int, S:IntSeq)) => iCons(swapC(C), mapSwap(S))
```

## 858. syntax — reference-semantics/semantics/methods.k:166
Attributes: function, total
Decision: UNUSED-FIXED-SEMANTICS
Reason: not reachable from this program or proof-local terms; no intended-domain witness
```k
syntax Bool ::= startsWith(IntSeq, IntSeq) [function, total]
```

## 859. rule — reference-semantics/semantics/methods.k:167
Attributes: none
Decision: UNUSED-FIXED-SEMANTICS
Reason: not reachable from this program or proof-local terms; no intended-domain witness
```k
rule startsWith(.IntSeq, _:IntSeq)               => true
```

## 860. rule — reference-semantics/semantics/methods.k:168
Attributes: none
Decision: UNUSED-FIXED-SEMANTICS
Reason: not reachable from this program or proof-local terms; no intended-domain witness
```k
rule startsWith(iCons(_:Int, _:IntSeq), .IntSeq) => false
```

## 861. rule — reference-semantics/semantics/methods.k:169
Attributes: none
Decision: UNUSED-FIXED-SEMANTICS
Reason: not reachable from this program or proof-local terms; no intended-domain witness
```k
rule startsWith(iCons(A:Int, As:IntSeq), iCons(B:Int, Bs:IntSeq)) => A ==Int B andBool startsWith(As, Bs)
```

## 862. endmodule — reference-semantics/semantics/methods.k:170
Attributes: none
Decision: UNUSED-FIXED-SEMANTICS
Reason: not reachable from this program or proof-local terms; no intended-domain witness
```k
endmodule
```

## 863. module — reference-semantics/semantics/operators.k:6
Attributes: none
Decision: USED-FIXED-SEMANTICS
Reason: on the submitted term/claim path; agrees with the modeled Python subset
```k
module MPY-OPERATORS
```

## 864. imports — reference-semantics/semantics/operators.k:7
Attributes: none
Decision: USED-FIXED-SEMANTICS
Reason: on the submitted term/claim path; agrees with the modeled Python subset
```k
imports MPY-CORE
```

## 865. imports — reference-semantics/semantics/operators.k:8
Attributes: none
Decision: USED-FIXED-SEMANTICS
Reason: on the submitted term/claim path; agrees with the modeled Python subset
```k
imports MPY-ITER
```

## 866. rule — reference-semantics/semantics/operators.k:10
Attributes: none
Decision: UNUSED-FIXED-SEMANTICS
Reason: not reachable from this program or proof-local terms; no intended-domain witness
```k
rule <k> UnaryOp(OP:String, V:Val) => applyUn(OP, V) ... </k>
```

## 867. rule — reference-semantics/semantics/operators.k:12
Attributes: none
Decision: UNUSED-FIXED-SEMANTICS
Reason: not reachable from this program or proof-local terms; no intended-domain witness
```k
rule <k> BinOp(OP:String, L:Val, R:Val) => applyBin(OP, L, R) ... </k>
```

## 868. context — reference-semantics/semantics/operators.k:15
Attributes: none
Decision: USED-FIXED-SEMANTICS
Reason: on the submitted term/claim path; agrees with the modeled Python subset
```k
context Compare(HOLE, _)
```

## 869. context — reference-semantics/semantics/operators.k:16
Attributes: none
Decision: USED-FIXED-SEMANTICS
Reason: on the submitted term/claim path; agrees with the modeled Python subset
```k
context Compare(_:Val, CmpOp(_, HOLE))
```

## 870. rule — reference-semantics/semantics/operators.k:17
Attributes: owise
Decision: USED-FIXED-SEMANTICS
Reason: on the submitted term/claim path; agrees with the modeled Python subset
```k
rule <k> Compare(LV:Val, CmpOp(OP:String, RV:Val)) => applyCmp(OP, LV, RV) ... </k> [owise]
```

## 871. rule — reference-semantics/semantics/operators.k:19
Attributes: none
Decision: USED-FIXED-SEMANTICS
Reason: on the submitted term/claim path; agrees with the modeled Python subset
```k
rule applyCmp("is",     V:Val, noneV) => V ==K noneV
```

## 872. rule — reference-semantics/semantics/operators.k:20
Attributes: none
Decision: USED-FIXED-SEMANTICS
Reason: on the submitted term/claim path; agrees with the modeled Python subset
```k
rule applyCmp("is not", V:Val, noneV) => notBool (V ==K noneV)
```

## 873. rule — reference-semantics/semantics/operators.k:25-27
Attributes: priority
Decision: UNUSED-FIXED-SEMANTICS
Reason: not reachable from this program or proof-local terms; no intended-domain witness
```k
rule <k> BinOp(OP:String, ref(H:Int), R:Expr) => BinOp(OP, V, R) ... </k>
       <heap> ... H |-> V:Val ... </heap>
       [priority(40)]
```

## 874. rule — reference-semantics/semantics/operators.k:28-31
Attributes: priority
Decision: UNUSED-FIXED-SEMANTICS
Reason: not reachable from this program or proof-local terms; no intended-domain witness
```k
rule <k> BinOp(OP:String, L:Val, ref(H:Int)) => BinOp(OP, L, V) ... </k>
       <heap> ... H |-> V:Val ... </heap>
       requires notBool isRefV(L)
       [priority(40)]
```

## 875. rule — reference-semantics/semantics/operators.k:34-37
Attributes: priority
Decision: USED-FIXED-SEMANTICS
Reason: on the submitted term/claim path; agrees with the modeled Python subset
```k
rule <k> Compare(ref(H:Int), CmpOp(OP:String, R:Expr)) => Compare(V, CmpOp(OP, R)) ... </k>
       <heap> ... H |-> V:Val ... </heap>
       requires OP =/=String "in" andBool OP =/=String "not in"
       [priority(40)]
```

## 876. rule — reference-semantics/semantics/operators.k:38-42
Attributes: priority
Decision: USED-FIXED-SEMANTICS
Reason: on the submitted term/claim path; agrees with the modeled Python subset
```k
rule <k> Compare(L:Val, CmpOp(OP:String, ref(H:Int))) => Compare(L, CmpOp(OP, V)) ... </k>
       <heap> ... H |-> V:Val ... </heap>
       requires notBool isRefV(L)
        orBool OP ==String "in" orBool OP ==String "not in"
       [priority(40)]
```

## 877. rule — reference-semantics/semantics/operators.k:44-46
Attributes: priority
Decision: UNUSED-FIXED-SEMANTICS
Reason: not reachable from this program or proof-local terms; no intended-domain witness
```k
rule <k> UnaryOp(OP:String, ref(H:Int)) => UnaryOp(OP, V) ... </k>
       <heap> ... H |-> V:Val ... </heap>
       [priority(40)]
```

## 878. endmodule — reference-semantics/semantics/operators.k:47
Attributes: none
Decision: USED-FIXED-SEMANTICS
Reason: on the submitted term/claim path; agrees with the modeled Python subset
```k
endmodule
```

## 879. module — reference-semantics/semantics/range.k:5
Attributes: none
Decision: UNUSED-FIXED-SEMANTICS
Reason: not reachable from this program or proof-local terms; no intended-domain witness
```k
module MPY-RANGE
```

## 880. imports — reference-semantics/semantics/range.k:6
Attributes: none
Decision: UNUSED-FIXED-SEMANTICS
Reason: not reachable from this program or proof-local terms; no intended-domain witness
```k
imports MPY-CORE
```

## 881. imports — reference-semantics/semantics/range.k:7
Attributes: none
Decision: UNUSED-FIXED-SEMANTICS
Reason: not reachable from this program or proof-local terms; no intended-domain witness
```k
imports MPY-ITER
```

## 882. syntax — reference-semantics/semantics/range.k:9
Attributes: function, total
Decision: UNUSED-FIXED-SEMANTICS
Reason: not reachable from this program or proof-local terms; no intended-domain witness
```k
syntax Bool ::= inRange(Int, Int, Int) [function, total]
```

## 883. rule — reference-semantics/semantics/range.k:10
Attributes: none
Decision: UNUSED-FIXED-SEMANTICS
Reason: not reachable from this program or proof-local terms; no intended-domain witness
```k
rule inRange(I:Int, HI:Int, ST:Int) => (ST >Int 0 andBool I <Int HI) orBool (ST <Int 0 andBool I >Int HI)
```

## 884. syntax — reference-semantics/semantics/range.k:12
Attributes: function
Decision: UNUSED-FIXED-SEMANTICS
Reason: not reachable from this program or proof-local terms; no intended-domain witness
```k
syntax Int ::= rangeLen(Int, Int, Int) [function]
```

## 885. rule — reference-semantics/semantics/range.k:13-14
Attributes: none
Decision: UNUSED-FIXED-SEMANTICS
Reason: not reachable from this program or proof-local terms; no intended-domain witness
```k
rule rangeLen(LO:Int, HI:Int, ST:Int) => (HI -Int LO +Int ST -Int 1) /Int ST
       requires ST >Int 0 andBool HI >Int LO
```

## 886. rule — reference-semantics/semantics/range.k:15-16
Attributes: none
Decision: UNUSED-FIXED-SEMANTICS
Reason: not reachable from this program or proof-local terms; no intended-domain witness
```k
rule rangeLen(LO:Int, HI:Int, ST:Int) => (LO -Int HI -Int ST -Int 1) /Int (0 -Int ST)
       requires ST <Int 0 andBool HI <Int LO
```

## 887. rule — reference-semantics/semantics/range.k:17-18
Attributes: none
Decision: UNUSED-FIXED-SEMANTICS
Reason: not reachable from this program or proof-local terms; no intended-domain witness
```k
rule rangeLen(LO:Int, HI:Int, ST:Int) => 0
       requires (ST >Int 0 andBool HI <=Int LO) orBool (ST <Int 0 andBool HI >=Int LO)
```

## 888. rule — reference-semantics/semantics/range.k:20-22
Attributes: none
Decision: UNUSED-FIXED-SEMANTICS
Reason: not reachable from this program or proof-local terms; no intended-domain witness
```k
rule <k> #iterNext(rangeObj(I:Int, HI:Int, ST:Int))
        => #iterYield(I, rangeObj(I +Int ST, HI, ST)) ... </k>
       requires inRange(I, HI, ST)
```

## 889. rule — reference-semantics/semantics/range.k:23-24
Attributes: none
Decision: UNUSED-FIXED-SEMANTICS
Reason: not reachable from this program or proof-local terms; no intended-domain witness
```k
rule <k> #iterNext(rangeObj(I:Int, HI:Int, ST:Int)) => #iterDone ... </k>
       requires notBool inRange(I, HI, ST)
```

## 890. endmodule — reference-semantics/semantics/range.k:25
Attributes: none
Decision: UNUSED-FIXED-SEMANTICS
Reason: not reachable from this program or proof-local terms; no intended-domain witness
```k
endmodule
```

## 891. module — reference-semantics/semantics/set.k:3
Attributes: none
Decision: UNUSED-FIXED-SEMANTICS
Reason: not reachable from this program or proof-local terms; no intended-domain witness
```k
module MPY-SET
```

## 892. imports — reference-semantics/semantics/set.k:4
Attributes: none
Decision: UNUSED-FIXED-SEMANTICS
Reason: not reachable from this program or proof-local terms; no intended-domain witness
```k
imports MPY-CORE
```

## 893. syntax — reference-semantics/semantics/set.k:8
Attributes: none
Decision: UNUSED-FIXED-SEMANTICS
Reason: not reachable from this program or proof-local terms; no intended-domain witness
```k
syntax Val ::= setV(IntSeq)
```

## 894. syntax — reference-semantics/semantics/set.k:11
Attributes: function, total
Decision: UNUSED-FIXED-SEMANTICS
Reason: not reachable from this program or proof-local terms; no intended-domain witness
```k
syntax Bool ::= codeIn(Int, IntSeq) [function, total]
```

## 895. rule — reference-semantics/semantics/set.k:12
Attributes: none
Decision: UNUSED-FIXED-SEMANTICS
Reason: not reachable from this program or proof-local terms; no intended-domain witness
```k
rule codeIn(_:Int, .IntSeq)                => false
```

## 896. rule — reference-semantics/semantics/set.k:13
Attributes: none
Decision: UNUSED-FIXED-SEMANTICS
Reason: not reachable from this program or proof-local terms; no intended-domain witness
```k
rule codeIn(C:Int, iCons(H:Int, T:IntSeq)) => C ==Int H orBool codeIn(C, T)
```

## 897. syntax — reference-semantics/semantics/set.k:16-17
Attributes: function, total
Decision: UNUSED-FIXED-SEMANTICS
Reason: not reachable from this program or proof-local terms; no intended-domain witness
```k
syntax IntSeq ::= dedupCodes(IntSeq)         [function, total]
                  | dedupFrom(IntSeq, IntSeq)  [function, total]
```

## 898. rule — reference-semantics/semantics/set.k:18
Attributes: none
Decision: UNUSED-FIXED-SEMANTICS
Reason: not reachable from this program or proof-local terms; no intended-domain witness
```k
rule dedupCodes(CS:IntSeq) => dedupFrom(CS, .IntSeq)
```

## 899. rule — reference-semantics/semantics/set.k:19
Attributes: none
Decision: UNUSED-FIXED-SEMANTICS
Reason: not reachable from this program or proof-local terms; no intended-domain witness
```k
rule dedupFrom(.IntSeq, ACC:IntSeq) => ACC
```

## 900. rule — reference-semantics/semantics/set.k:20-21
Attributes: none
Decision: UNUSED-FIXED-SEMANTICS
Reason: not reachable from this program or proof-local terms; no intended-domain witness
```k
rule dedupFrom(iCons(C:Int, S:IntSeq), ACC:IntSeq) => dedupFrom(S, ACC)
       requires codeIn(C, ACC)
```

## 901. rule — reference-semantics/semantics/set.k:22-23
Attributes: none
Decision: UNUSED-FIXED-SEMANTICS
Reason: not reachable from this program or proof-local terms; no intended-domain witness
```k
rule dedupFrom(iCons(C:Int, S:IntSeq), ACC:IntSeq) => dedupFrom(S, snocCode(ACC, C))
       requires notBool codeIn(C, ACC)
```

## 902. syntax — reference-semantics/semantics/set.k:25
Attributes: function, total
Decision: UNUSED-FIXED-SEMANTICS
Reason: not reachable from this program or proof-local terms; no intended-domain witness
```k
syntax IntSeq ::= snocCode(IntSeq, Int) [function, total]
```

## 903. rule — reference-semantics/semantics/set.k:26
Attributes: none
Decision: UNUSED-FIXED-SEMANTICS
Reason: not reachable from this program or proof-local terms; no intended-domain witness
```k
rule snocCode(.IntSeq, C:Int)                => iCons(C, .IntSeq)
```

## 904. rule — reference-semantics/semantics/set.k:27
Attributes: none
Decision: UNUSED-FIXED-SEMANTICS
Reason: not reachable from this program or proof-local terms; no intended-domain witness
```k
rule snocCode(iCons(H:Int, T:IntSeq), C:Int) => iCons(H, snocCode(T, C))
```

## 905. syntax — reference-semantics/semantics/set.k:31
Attributes: function, total
Decision: UNUSED-FIXED-SEMANTICS
Reason: not reachable from this program or proof-local terms; no intended-domain witness
```k
syntax Bool ::= subsetCodes(IntSeq, IntSeq) [function, total]
```

## 906. rule — reference-semantics/semantics/set.k:32
Attributes: none
Decision: UNUSED-FIXED-SEMANTICS
Reason: not reachable from this program or proof-local terms; no intended-domain witness
```k
rule subsetCodes(.IntSeq, _:IntSeq)                => true
```

## 907. rule — reference-semantics/semantics/set.k:33
Attributes: none
Decision: UNUSED-FIXED-SEMANTICS
Reason: not reachable from this program or proof-local terms; no intended-domain witness
```k
rule subsetCodes(iCons(C:Int, S:IntSeq), B:IntSeq) => codeIn(C, B) andBool subsetCodes(S, B)
```

## 908. syntax — reference-semantics/semantics/set.k:35
Attributes: function, total
Decision: UNUSED-FIXED-SEMANTICS
Reason: not reachable from this program or proof-local terms; no intended-domain witness
```k
syntax Bool ::= sameSet(IntSeq, IntSeq) [function, total]
```

## 909. rule — reference-semantics/semantics/set.k:36
Attributes: none
Decision: UNUSED-FIXED-SEMANTICS
Reason: not reachable from this program or proof-local terms; no intended-domain witness
```k
rule sameSet(A:IntSeq, B:IntSeq) => subsetCodes(A, B) andBool subsetCodes(B, A)
```

## 910. rule — reference-semantics/semantics/set.k:39
Attributes: none
Decision: UNUSED-FIXED-SEMANTICS
Reason: not reachable from this program or proof-local terms; no intended-domain witness
```k
rule applyCmp("==", setV(A:IntSeq), setV(B:IntSeq)) => sameSet(A, B)
```

## 911. endmodule — reference-semantics/semantics/set.k:40
Attributes: none
Decision: UNUSED-FIXED-SEMANTICS
Reason: not reachable from this program or proof-local terms; no intended-domain witness
```k
endmodule
```

## 912. module — reference-semantics/semantics/sort.k:10
Attributes: none
Decision: UNUSED-FIXED-SEMANTICS
Reason: not reachable from this program or proof-local terms; no intended-domain witness
```k
module MPY-SORT
```

## 913. imports — reference-semantics/semantics/sort.k:11
Attributes: none
Decision: UNUSED-FIXED-SEMANTICS
Reason: not reachable from this program or proof-local terms; no intended-domain witness
```k
imports MPY-BUILTINS
```

## 914. imports — reference-semantics/semantics/sort.k:12
Attributes: none
Decision: UNUSED-FIXED-SEMANTICS
Reason: not reachable from this program or proof-local terms; no intended-domain witness
```k
imports MPY-SUBSCRIPT
```

## 915. syntax — reference-semantics/semantics/sort.k:18
Attributes: function, no-evaluators, symbol, total
Decision: UNUSED-FIXED-SEMANTICS
Reason: not reachable from this program or proof-local terms; no intended-domain witness
```k
syntax ValSeq ::= sortVS(ValSeq) [function, total, symbol(sortVS), no-evaluators]
```

## 916. syntax — reference-semantics/semantics/sort.k:19
Attributes: function
Decision: UNUSED-FIXED-SEMANTICS
Reason: not reachable from this program or proof-local terms; no intended-domain witness
```k
syntax ValSeq ::= insVS(Int, ValSeq) [function]
```

## 917. rule — reference-semantics/semantics/sort.k:20
Attributes: concrete
Decision: UNUSED-FIXED-SEMANTICS
Reason: not reachable from this program or proof-local terms; no intended-domain witness
```k
rule sortVS(.ValSeq)                => .ValSeq          [concrete]
```

## 918. rule — reference-semantics/semantics/sort.k:21
Attributes: concrete
Decision: UNUSED-FIXED-SEMANTICS
Reason: not reachable from this program or proof-local terms; no intended-domain witness
```k
rule sortVS(vCons(X:Int, R:ValSeq)) => insVS(X, sortVS(R)) [concrete]
```

## 919. rule — reference-semantics/semantics/sort.k:22
Attributes: concrete
Decision: UNUSED-FIXED-SEMANTICS
Reason: not reachable from this program or proof-local terms; no intended-domain witness
```k
rule insVS(X:Int, .ValSeq)                => vCons(X, .ValSeq) [concrete]
```

## 920. rule — reference-semantics/semantics/sort.k:23
Attributes: concrete
Decision: UNUSED-FIXED-SEMANTICS
Reason: not reachable from this program or proof-local terms; no intended-domain witness
```k
rule insVS(X:Int, vCons(Y:Int, R:ValSeq)) => vCons(X, vCons(Y, R)) requires X <=Int Y [concrete]
```

## 921. rule — reference-semantics/semantics/sort.k:24
Attributes: concrete
Decision: UNUSED-FIXED-SEMANTICS
Reason: not reachable from this program or proof-local terms; no intended-domain witness
```k
rule insVS(X:Int, vCons(Y:Int, R:ValSeq)) => vCons(Y, insVS(X, R)) requires X  >Int Y [concrete]
```

## 922. syntax — reference-semantics/semantics/sort.k:26
Attributes: function
Decision: UNUSED-FIXED-SEMANTICS
Reason: not reachable from this program or proof-local terms; no intended-domain witness
```k
syntax ValSeq ::= insVSs(IntSeq, ValSeq) [function]
```

## 923. rule — reference-semantics/semantics/sort.k:27
Attributes: concrete
Decision: UNUSED-FIXED-SEMANTICS
Reason: not reachable from this program or proof-local terms; no intended-domain witness
```k
rule sortVS(vCons(str(CS:IntSeq), R:ValSeq)) => insVSs(CS, sortVS(R)) [concrete]
```

## 924. rule — reference-semantics/semantics/sort.k:28
Attributes: concrete
Decision: UNUSED-FIXED-SEMANTICS
Reason: not reachable from this program or proof-local terms; no intended-domain witness
```k
rule insVSs(A:IntSeq, .ValSeq) => vCons(str(A), .ValSeq) [concrete]
```

## 925. rule — reference-semantics/semantics/sort.k:29-30
Attributes: concrete
Decision: UNUSED-FIXED-SEMANTICS
Reason: not reachable from this program or proof-local terms; no intended-domain witness
```k
rule insVSs(A:IntSeq, vCons(str(B:IntSeq), R:ValSeq)) => vCons(str(A), vCons(str(B), R))
       requires strLt(A, B) orBool A ==K B [concrete]
```

## 926. rule — reference-semantics/semantics/sort.k:31-32
Attributes: concrete
Decision: UNUSED-FIXED-SEMANTICS
Reason: not reachable from this program or proof-local terms; no intended-domain witness
```k
rule insVSs(A:IntSeq, vCons(str(B:IntSeq), R:ValSeq)) => vCons(str(B), insVSs(A, R))
       requires notBool (strLt(A, B) orBool A ==K B) [concrete]
```

## 927. rule — reference-semantics/semantics/sort.k:36-37
Attributes: none
Decision: UNUSED-FIXED-SEMANTICS
Reason: not reachable from this program or proof-local terms; no intended-domain witness
```k
rule <k> #applyK(toCall(builtinV("sorted")), (list(VS:ValSeq), .Vals))
        => #alloc(list(sortVS(VS))) ... </k>
```

## 928. rule — reference-semantics/semantics/sort.k:40-42
Attributes: priority
Decision: UNUSED-FIXED-SEMANTICS
Reason: not reachable from this program or proof-local terms; no intended-domain witness
```k
rule <k> #applyK(toCall(boundMethodV(ref(H:Int), "sort")), .Vals) => noneV ... </k>
       <heap> ... H |-> list(VS:ValSeq => sortVS(VS)) ... </heap>
       [priority(40)]
```

## 929. syntax — reference-semantics/semantics/sort.k:49
Attributes: function, no-evaluators, symbol, total
Decision: UNUSED-FIXED-SEMANTICS
Reason: not reachable from this program or proof-local terms; no intended-domain witness
```k
syntax ValSeq ::= sortKeyVS(ValSeq, Val) [function, total, symbol(sortKeyVS), no-evaluators]
```

## 930. syntax — reference-semantics/semantics/sort.k:51-52
Attributes: function, total
Decision: UNUSED-FIXED-SEMANTICS
Reason: not reachable from this program or proof-local terms; no intended-domain witness
```k
syntax ValSeq ::= revVS(ValSeq) [function, total]
                  | revVSAcc(ValSeq, ValSeq) [function, total]
```

## 931. rule — reference-semantics/semantics/sort.k:53
Attributes: none
Decision: UNUSED-FIXED-SEMANTICS
Reason: not reachable from this program or proof-local terms; no intended-domain witness
```k
rule revVS(S:ValSeq) => revVSAcc(S, .ValSeq)
```

## 932. rule — reference-semantics/semantics/sort.k:54
Attributes: none
Decision: UNUSED-FIXED-SEMANTICS
Reason: not reachable from this program or proof-local terms; no intended-domain witness
```k
rule revVSAcc(.ValSeq, A:ValSeq) => A
```

## 933. rule — reference-semantics/semantics/sort.k:55
Attributes: none
Decision: UNUSED-FIXED-SEMANTICS
Reason: not reachable from this program or proof-local terms; no intended-domain witness
```k
rule revVSAcc(vCons(V:Val, R:ValSeq), A:ValSeq) => revVSAcc(R, vCons(V, A))
```

## 934. syntax — reference-semantics/semantics/sort.k:57
Attributes: function, total
Decision: UNUSED-FIXED-SEMANTICS
Reason: not reachable from this program or proof-local terms; no intended-domain witness
```k
syntax ValSeq ::= condRev(ValSeq, Bool) [function, total]
```

## 935. rule — reference-semantics/semantics/sort.k:58
Attributes: none
Decision: UNUSED-FIXED-SEMANTICS
Reason: not reachable from this program or proof-local terms; no intended-domain witness
```k
rule condRev(S:ValSeq, false) => S
```

## 936. rule — reference-semantics/semantics/sort.k:59
Attributes: none
Decision: UNUSED-FIXED-SEMANTICS
Reason: not reachable from this program or proof-local terms; no intended-domain witness
```k
rule condRev(S:ValSeq, true)  => revVS(S)
```

## 937. rule — reference-semantics/semantics/sort.k:61-62
Attributes: none
Decision: UNUSED-FIXED-SEMANTICS
Reason: not reachable from this program or proof-local terms; no intended-domain witness
```k
rule <k> #applyK(toCall(builtinV("sorted")), (list(VS:ValSeq), kwV("key", KV:Val), .Vals))
        => #alloc(list(sortKeyVS(VS, KV))) ... </k>
```

## 938. rule — reference-semantics/semantics/sort.k:63-64
Attributes: none
Decision: UNUSED-FIXED-SEMANTICS
Reason: not reachable from this program or proof-local terms; no intended-domain witness
```k
rule <k> #applyK(toCall(builtinV("sorted")), (list(VS:ValSeq), kwV("key", KV:Val), kwV("reverse", RB:Bool), .Vals))
        => #alloc(list(condRev(sortKeyVS(VS, KV), RB))) ... </k>
```

## 939. rule — reference-semantics/semantics/sort.k:65-66
Attributes: none
Decision: UNUSED-FIXED-SEMANTICS
Reason: not reachable from this program or proof-local terms; no intended-domain witness
```k
rule <k> #applyK(toCall(builtinV("sorted")), (list(VS:ValSeq), kwV("reverse", RB:Bool), .Vals))
        => #alloc(list(condRev(sortVS(VS), RB))) ... </k>
```

## 940. endmodule — reference-semantics/semantics/sort.k:72
Attributes: none
Decision: UNUSED-FIXED-SEMANTICS
Reason: not reachable from this program or proof-local terms; no intended-domain witness
```k
endmodule
```

## 941. module — reference-semantics/semantics/str.k:3
Attributes: none
Decision: UNUSED-FIXED-SEMANTICS
Reason: not reachable from this program or proof-local terms; no intended-domain witness
```k
module MPY-STR
```

## 942. imports — reference-semantics/semantics/str.k:4
Attributes: none
Decision: UNUSED-FIXED-SEMANTICS
Reason: not reachable from this program or proof-local terms; no intended-domain witness
```k
imports MPY-CORE
```

## 943. imports — reference-semantics/semantics/str.k:5
Attributes: none
Decision: UNUSED-FIXED-SEMANTICS
Reason: not reachable from this program or proof-local terms; no intended-domain witness
```k
imports MPY-ITER
```

## 944. rule — reference-semantics/semantics/str.k:8
Attributes: none
Decision: UNUSED-FIXED-SEMANTICS
Reason: not reachable from this program or proof-local terms; no intended-domain witness
```k
rule <k> #iterNext(str(.IntSeq))                 => #iterDone ... </k>
```

## 945. rule — reference-semantics/semantics/str.k:9-10
Attributes: none
Decision: UNUSED-FIXED-SEMANTICS
Reason: not reachable from this program or proof-local terms; no intended-domain witness
```k
rule <k> #iterNext(str(iCons(C:Int, R:IntSeq)))
        => #iterYield(str(iCons(C, .IntSeq)), str(R)) ... </k>
```

## 946. syntax — reference-semantics/semantics/str.k:13
Attributes: function
Decision: UNUSED-FIXED-SEMANTICS
Reason: not reachable from this program or proof-local terms; no intended-domain witness
```k
syntax IntSeq ::= strToCodes(String) [function]
```

## 947. rule — reference-semantics/semantics/str.k:14
Attributes: none
Decision: UNUSED-FIXED-SEMANTICS
Reason: not reachable from this program or proof-local terms; no intended-domain witness
```k
rule <k> Str(S:String) => str(strToCodes(S)) ... </k>
```

## 948. rule — reference-semantics/semantics/str.k:15
Attributes: none
Decision: UNUSED-FIXED-SEMANTICS
Reason: not reachable from this program or proof-local terms; no intended-domain witness
```k
rule strToCodes("") => .IntSeq
```

## 949. rule — reference-semantics/semantics/str.k:16-17
Attributes: none
Decision: UNUSED-FIXED-SEMANTICS
Reason: not reachable from this program or proof-local terms; no intended-domain witness
```k
rule strToCodes(S:String) => iCons(ordChar(substrString(S, 0, 1)), strToCodes(substrString(S, 1, lengthString(S))))
    requires S =/=String "" andBool ordChar(substrString(S, 0, 1)) <Int 128
```

## 950. syntax — reference-semantics/semantics/str.k:20
Attributes: function, total
Decision: UNUSED-FIXED-SEMANTICS
Reason: not reachable from this program or proof-local terms; no intended-domain witness
```k
syntax IntSeq ::= seqConcat(IntSeq, IntSeq) [function, total]
```

## 951. rule — reference-semantics/semantics/str.k:21
Attributes: none
Decision: UNUSED-FIXED-SEMANTICS
Reason: not reachable from this program or proof-local terms; no intended-domain witness
```k
rule seqConcat(.IntSeq, T:IntSeq)                => T
```

## 952. rule — reference-semantics/semantics/str.k:22
Attributes: none
Decision: UNUSED-FIXED-SEMANTICS
Reason: not reachable from this program or proof-local terms; no intended-domain witness
```k
rule seqConcat(iCons(I:Int, S:IntSeq), T:IntSeq) => iCons(I, seqConcat(S, T))
```

## 953. rule — reference-semantics/semantics/str.k:24
Attributes: none
Decision: UNUSED-FIXED-SEMANTICS
Reason: not reachable from this program or proof-local terms; no intended-domain witness
```k
rule applyBin("+",  str(A:IntSeq), str(B:IntSeq)) => str(seqConcat(A, B))
```

## 954. rule — reference-semantics/semantics/str.k:25
Attributes: none
Decision: UNUSED-FIXED-SEMANTICS
Reason: not reachable from this program or proof-local terms; no intended-domain witness
```k
rule applyCmp("==", str(A:IntSeq), str(B:IntSeq)) => A ==K B
```

## 955. rule — reference-semantics/semantics/str.k:26
Attributes: none
Decision: UNUSED-FIXED-SEMANTICS
Reason: not reachable from this program or proof-local terms; no intended-domain witness
```k
rule applyCmp("!=", str(A:IntSeq), str(B:IntSeq)) => notBool (A ==K B)
```

## 956. rule — reference-semantics/semantics/str.k:29
Attributes: none
Decision: UNUSED-FIXED-SEMANTICS
Reason: not reachable from this program or proof-local terms; no intended-domain witness
```k
rule applyCmp("in",     str(P:IntSeq), str(X:IntSeq)) => strContains(P, X)
```

## 957. rule — reference-semantics/semantics/str.k:30
Attributes: none
Decision: UNUSED-FIXED-SEMANTICS
Reason: not reachable from this program or proof-local terms; no intended-domain witness
```k
rule applyCmp("not in", str(P:IntSeq), str(X:IntSeq)) => notBool strContains(P, X)
```

## 958. syntax — reference-semantics/semantics/str.k:32
Attributes: function, total
Decision: UNUSED-FIXED-SEMANTICS
Reason: not reachable from this program or proof-local terms; no intended-domain witness
```k
syntax Bool ::= strPrefix(IntSeq, IntSeq) [function, total]
```

## 959. rule — reference-semantics/semantics/str.k:33
Attributes: none
Decision: UNUSED-FIXED-SEMANTICS
Reason: not reachable from this program or proof-local terms; no intended-domain witness
```k
rule strPrefix(.IntSeq, _:IntSeq)               => true
```

## 960. rule — reference-semantics/semantics/str.k:34
Attributes: none
Decision: UNUSED-FIXED-SEMANTICS
Reason: not reachable from this program or proof-local terms; no intended-domain witness
```k
rule strPrefix(iCons(_:Int, _:IntSeq), .IntSeq) => false
```

## 961. rule — reference-semantics/semantics/str.k:35
Attributes: none
Decision: UNUSED-FIXED-SEMANTICS
Reason: not reachable from this program or proof-local terms; no intended-domain witness
```k
rule strPrefix(iCons(A:Int, As:IntSeq), iCons(B:Int, Bs:IntSeq)) => A ==Int B andBool strPrefix(As, Bs)
```

## 962. syntax — reference-semantics/semantics/str.k:37
Attributes: function, total
Decision: UNUSED-FIXED-SEMANTICS
Reason: not reachable from this program or proof-local terms; no intended-domain witness
```k
syntax Bool ::= strContains(IntSeq, IntSeq) [function, total]
```

## 963. rule — reference-semantics/semantics/str.k:38
Attributes: none
Decision: UNUSED-FIXED-SEMANTICS
Reason: not reachable from this program or proof-local terms; no intended-domain witness
```k
rule strContains(P:IntSeq, X:IntSeq) => true  requires strPrefix(P, X)
```

## 964. rule — reference-semantics/semantics/str.k:39
Attributes: none
Decision: UNUSED-FIXED-SEMANTICS
Reason: not reachable from this program or proof-local terms; no intended-domain witness
```k
rule strContains(P:IntSeq, .IntSeq)  => false requires notBool strPrefix(P, .IntSeq)
```

## 965. rule — reference-semantics/semantics/str.k:40-41
Attributes: none
Decision: UNUSED-FIXED-SEMANTICS
Reason: not reachable from this program or proof-local terms; no intended-domain witness
```k
rule strContains(P:IntSeq, iCons(C:Int, Xs:IntSeq)) => strContains(P, Xs)
       requires notBool strPrefix(P, iCons(C, Xs))
```

## 966. syntax — reference-semantics/semantics/str.k:48
Attributes: function, total
Decision: UNUSED-FIXED-SEMANTICS
Reason: not reachable from this program or proof-local terms; no intended-domain witness
```k
syntax Bool ::= strLt(IntSeq, IntSeq) [function, total]
```

## 967. rule — reference-semantics/semantics/str.k:49
Attributes: none
Decision: UNUSED-FIXED-SEMANTICS
Reason: not reachable from this program or proof-local terms; no intended-domain witness
```k
rule strLt(.IntSeq, .IntSeq)                => false
```

## 968. rule — reference-semantics/semantics/str.k:50
Attributes: none
Decision: UNUSED-FIXED-SEMANTICS
Reason: not reachable from this program or proof-local terms; no intended-domain witness
```k
rule strLt(.IntSeq, iCons(_:Int, _:IntSeq)) => true
```

## 969. rule — reference-semantics/semantics/str.k:51
Attributes: none
Decision: UNUSED-FIXED-SEMANTICS
Reason: not reachable from this program or proof-local terms; no intended-domain witness
```k
rule strLt(iCons(_:Int, _:IntSeq), .IntSeq) => false
```

## 970. rule — reference-semantics/semantics/str.k:52
Attributes: none
Decision: UNUSED-FIXED-SEMANTICS
Reason: not reachable from this program or proof-local terms; no intended-domain witness
```k
rule strLt(iCons(A:Int, As:IntSeq), iCons(B:Int, Bs:IntSeq)) => true          requires A  <Int B
```

## 971. rule — reference-semantics/semantics/str.k:53
Attributes: none
Decision: UNUSED-FIXED-SEMANTICS
Reason: not reachable from this program or proof-local terms; no intended-domain witness
```k
rule strLt(iCons(A:Int, As:IntSeq), iCons(B:Int, Bs:IntSeq)) => false         requires A  >Int B
```

## 972. rule — reference-semantics/semantics/str.k:54
Attributes: none
Decision: UNUSED-FIXED-SEMANTICS
Reason: not reachable from this program or proof-local terms; no intended-domain witness
```k
rule strLt(iCons(A:Int, As:IntSeq), iCons(B:Int, Bs:IntSeq)) => strLt(As, Bs) requires A ==Int B
```

## 973. rule — reference-semantics/semantics/str.k:56
Attributes: none
Decision: UNUSED-FIXED-SEMANTICS
Reason: not reachable from this program or proof-local terms; no intended-domain witness
```k
rule applyCmp("<",  str(A:IntSeq), str(B:IntSeq)) => strLt(A, B)
```

## 974. rule — reference-semantics/semantics/str.k:57
Attributes: none
Decision: UNUSED-FIXED-SEMANTICS
Reason: not reachable from this program or proof-local terms; no intended-domain witness
```k
rule applyCmp(">",  str(A:IntSeq), str(B:IntSeq)) => strLt(B, A)
```

## 975. rule — reference-semantics/semantics/str.k:58
Attributes: none
Decision: UNUSED-FIXED-SEMANTICS
Reason: not reachable from this program or proof-local terms; no intended-domain witness
```k
rule applyCmp("<=", str(A:IntSeq), str(B:IntSeq)) => notBool strLt(B, A)
```

## 976. rule — reference-semantics/semantics/str.k:59
Attributes: none
Decision: UNUSED-FIXED-SEMANTICS
Reason: not reachable from this program or proof-local terms; no intended-domain witness
```k
rule applyCmp(">=", str(A:IntSeq), str(B:IntSeq)) => notBool strLt(A, B)
```

## 977. endmodule — reference-semantics/semantics/str.k:60
Attributes: none
Decision: UNUSED-FIXED-SEMANTICS
Reason: not reachable from this program or proof-local terms; no intended-domain witness
```k
endmodule
```

## 978. module — reference-semantics/semantics/subscript.k:3
Attributes: none
Decision: UNUSED-FIXED-SEMANTICS
Reason: not reachable from this program or proof-local terms; no intended-domain witness
```k
module MPY-SUBSCRIPT
```

## 979. imports — reference-semantics/semantics/subscript.k:4
Attributes: none
Decision: UNUSED-FIXED-SEMANTICS
Reason: not reachable from this program or proof-local terms; no intended-domain witness
```k
imports MPY-CORE
```

## 980. syntax — reference-semantics/semantics/subscript.k:11
Attributes: function, total
Decision: UNUSED-FIXED-SEMANTICS
Reason: not reachable from this program or proof-local terms; no intended-domain witness
```k
syntax Val ::= valSeqAt(ValSeq, Int) [function, total]
```

## 981. rule — reference-semantics/semantics/subscript.k:12
Attributes: none
Decision: UNUSED-FIXED-SEMANTICS
Reason: not reachable from this program or proof-local terms; no intended-domain witness
```k
rule valSeqAt(vCons(V:Val, _:ValSeq), 0)     => V
```

## 982. rule — reference-semantics/semantics/subscript.k:13-14
Attributes: none
Decision: UNUSED-FIXED-SEMANTICS
Reason: not reachable from this program or proof-local terms; no intended-domain witness
```k
rule valSeqAt(vCons(_:Val, S:ValSeq), I:Int) => valSeqAt(S, I -Int 1)
       requires I >Int 0
```

## 983. syntax — reference-semantics/semantics/subscript.k:16
Attributes: function
Decision: UNUSED-FIXED-SEMANTICS
Reason: not reachable from this program or proof-local terms; no intended-domain witness
```k
syntax Int ::= intSeqAt(IntSeq, Int) [function]
```

## 984. rule — reference-semantics/semantics/subscript.k:17
Attributes: none
Decision: UNUSED-FIXED-SEMANTICS
Reason: not reachable from this program or proof-local terms; no intended-domain witness
```k
rule intSeqAt(iCons(C:Int, _:IntSeq), 0)     => C
```

## 985. rule — reference-semantics/semantics/subscript.k:18-19
Attributes: none
Decision: UNUSED-FIXED-SEMANTICS
Reason: not reachable from this program or proof-local terms; no intended-domain witness
```k
rule intSeqAt(iCons(_:Int, S:IntSeq), I:Int) => intSeqAt(S, I -Int 1)
       requires I >Int 0
```

## 986. syntax — reference-semantics/semantics/subscript.k:21
Attributes: function, total
Decision: UNUSED-FIXED-SEMANTICS
Reason: not reachable from this program or proof-local terms; no intended-domain witness
```k
syntax Int ::= normIdx(Int, Int) [function, total]
```

## 987. rule — reference-semantics/semantics/subscript.k:22
Attributes: none
Decision: UNUSED-FIXED-SEMANTICS
Reason: not reachable from this program or proof-local terms; no intended-domain witness
```k
rule normIdx(I:Int, LEN:Int) => I +Int LEN requires I  <Int 0
```

## 988. rule — reference-semantics/semantics/subscript.k:23
Attributes: none
Decision: UNUSED-FIXED-SEMANTICS
Reason: not reachable from this program or proof-local terms; no intended-domain witness
```k
rule normIdx(I:Int, _:Int)   => I          requires I >=Int 0
```

## 989. context — reference-semantics/semantics/subscript.k:27
Attributes: none
Decision: UNUSED-FIXED-SEMANTICS
Reason: not reachable from this program or proof-local terms; no intended-domain witness
```k
context Subscript(HOLE, _)
```

## 990. context — reference-semantics/semantics/subscript.k:28
Attributes: none
Decision: UNUSED-FIXED-SEMANTICS
Reason: not reachable from this program or proof-local terms; no intended-domain witness
```k
context Subscript(_:Val, HOLE:Expr)
```

## 991. rule — reference-semantics/semantics/subscript.k:31-33
Attributes: priority
Decision: UNUSED-FIXED-SEMANTICS
Reason: not reachable from this program or proof-local terms; no intended-domain witness
```k
rule <k> Subscript(ref(H:Int), IX:Index) => Subscript(V, IX) ... </k>
       <heap> ... H |-> V:Val ... </heap>
       [priority(40)]
```

## 992. rule — reference-semantics/semantics/subscript.k:35
Attributes: none
Decision: UNUSED-FIXED-SEMANTICS
Reason: not reachable from this program or proof-local terms; no intended-domain witness
```k
rule <k> Subscript(OBJ:Val, I:Int) => applyIndex(OBJ, I) ... </k>
```

## 993. syntax — reference-semantics/semantics/subscript.k:37
Attributes: function
Decision: UNUSED-FIXED-SEMANTICS
Reason: not reachable from this program or proof-local terms; no intended-domain witness
```k
syntax Val ::= applyIndex(Val, Int) [function]
```

## 994. rule — reference-semantics/semantics/subscript.k:38
Attributes: none
Decision: UNUSED-FIXED-SEMANTICS
Reason: not reachable from this program or proof-local terms; no intended-domain witness
```k
rule applyIndex(list(VS:ValSeq),  I:Int) => valSeqAt(VS, normIdx(I, vsLen(VS)))
```

## 995. rule — reference-semantics/semantics/subscript.k:39
Attributes: none
Decision: UNUSED-FIXED-SEMANTICS
Reason: not reachable from this program or proof-local terms; no intended-domain witness
```k
rule applyIndex(tuple(VS:ValSeq), I:Int) => valSeqAt(VS, normIdx(I, vsLen(VS)))
```

## 996. rule — reference-semantics/semantics/subscript.k:40-41
Attributes: none
Decision: UNUSED-FIXED-SEMANTICS
Reason: not reachable from this program or proof-local terms; no intended-domain witness
```k
rule applyIndex(str(IS:IntSeq),   I:Int)
    => str(iCons(intSeqAt(IS, normIdx(I, isLen(IS))), .IntSeq))
```

## 997. syntax — reference-semantics/semantics/subscript.k:44-47
Attributes: none
Decision: UNUSED-FIXED-SEMANTICS
Reason: not reachable from this program or proof-local terms; no intended-domain witness
```k
syntax KItem ::= #evalB(Bound) | "#toSome"
                 | #slLo(Val, Bound, Bound)
                 | #slHi(Val, OptInt, Bound)
                 | #slStep(Val, OptInt, OptInt)
```

## 998. syntax — reference-semantics/semantics/subscript.k:49
Attributes: none
Decision: UNUSED-FIXED-SEMANTICS
Reason: not reachable from this program or proof-local terms; no intended-domain witness
```k
syntax OptInt ::= "noB" | someB(Int)
```

## 999. rule — reference-semantics/semantics/subscript.k:50
Attributes: none
Decision: UNUSED-FIXED-SEMANTICS
Reason: not reachable from this program or proof-local terms; no intended-domain witness
```k
rule <k> #evalB(NoBound)  => noB ... </k>
```

## 1000. rule — reference-semantics/semantics/subscript.k:51
Attributes: none
Decision: UNUSED-FIXED-SEMANTICS
Reason: not reachable from this program or proof-local terms; no intended-domain witness
```k
rule <k> #evalB(E:Expr)   => E ~> #toSome ... </k>
```

## 1001. rule — reference-semantics/semantics/subscript.k:52
Attributes: none
Decision: UNUSED-FIXED-SEMANTICS
Reason: not reachable from this program or proof-local terms; no intended-domain witness
```k
rule <k> I:Int ~> #toSome => someB(I) ... </k>
```

## 1002. rule — reference-semantics/semantics/subscript.k:54
Attributes: none
Decision: UNUSED-FIXED-SEMANTICS
Reason: not reachable from this program or proof-local terms; no intended-domain witness
```k
rule <k> Subscript(OBJ:Val, Slice(LO:Bound, HI:Bound, ST:Bound)) => #evalB(LO) ~> #slLo(OBJ, HI, ST) ... </k>
```

## 1003. rule — reference-semantics/semantics/subscript.k:55
Attributes: none
Decision: UNUSED-FIXED-SEMANTICS
Reason: not reachable from this program or proof-local terms; no intended-domain witness
```k
rule <k> LO:OptInt ~> #slLo(OBJ:Val, HI:Bound, ST:Bound)   => #evalB(HI) ~> #slHi(OBJ, LO, ST) ... </k>
```

## 1004. rule — reference-semantics/semantics/subscript.k:56
Attributes: none
Decision: UNUSED-FIXED-SEMANTICS
Reason: not reachable from this program or proof-local terms; no intended-domain witness
```k
rule <k> HI:OptInt ~> #slHi(OBJ:Val, LO:OptInt, ST:Bound)  => #evalB(ST) ~> #slStep(OBJ, LO, HI) ... </k>
```

## 1005. rule — reference-semantics/semantics/subscript.k:58-60
Attributes: priority
Decision: UNUSED-FIXED-SEMANTICS
Reason: not reachable from this program or proof-local terms; no intended-domain witness
```k
rule <k> ST:OptInt ~> #slStep(list(VS:ValSeq), LO:OptInt, HI:OptInt)
        => #alloc(doSlice(list(VS), LO, HI, ST)) ... </k>
       [priority(45)]
```

## 1006. rule — reference-semantics/semantics/subscript.k:61
Attributes: none
Decision: UNUSED-FIXED-SEMANTICS
Reason: not reachable from this program or proof-local terms; no intended-domain witness
```k
rule <k> ST:OptInt ~> #slStep(OBJ:Val, LO:OptInt, HI:OptInt) => doSlice(OBJ, LO, HI, ST) ... </k>
```

## 1007. syntax — reference-semantics/semantics/subscript.k:63
Attributes: function
Decision: UNUSED-FIXED-SEMANTICS
Reason: not reachable from this program or proof-local terms; no intended-domain witness
```k
syntax Val ::= doSlice(Val, OptInt, OptInt, OptInt) [function]
```

## 1008. rule — reference-semantics/semantics/subscript.k:64-65
Attributes: none
Decision: UNUSED-FIXED-SEMANTICS
Reason: not reachable from this program or proof-local terms; no intended-domain witness
```k
rule doSlice(list(VS:ValSeq), LO:OptInt, HI:OptInt, ST:OptInt)
    => list(buildVS(VS, slStart(LO, ST, vsLen(VS)), slStop(HI, ST, vsLen(VS)), slStep(ST)))
```

## 1009. rule — reference-semantics/semantics/subscript.k:66-67
Attributes: none
Decision: UNUSED-FIXED-SEMANTICS
Reason: not reachable from this program or proof-local terms; no intended-domain witness
```k
rule doSlice(tuple(VS:ValSeq), LO:OptInt, HI:OptInt, ST:OptInt)
    => tuple(buildVS(VS, slStart(LO, ST, vsLen(VS)), slStop(HI, ST, vsLen(VS)), slStep(ST)))
```

## 1010. rule — reference-semantics/semantics/subscript.k:68-69
Attributes: none
Decision: UNUSED-FIXED-SEMANTICS
Reason: not reachable from this program or proof-local terms; no intended-domain witness
```k
rule doSlice(str(IS:IntSeq), LO:OptInt, HI:OptInt, ST:OptInt)
    => str(buildIS(IS, slStart(LO, ST, isLen(IS)), slStop(HI, ST, isLen(IS)), slStep(ST)))
```

## 1011. syntax — reference-semantics/semantics/subscript.k:72
Attributes: function, total
Decision: UNUSED-FIXED-SEMANTICS
Reason: not reachable from this program or proof-local terms; no intended-domain witness
```k
syntax Int ::= slStep(OptInt) [function, total]
```

## 1012. rule — reference-semantics/semantics/subscript.k:73
Attributes: none
Decision: UNUSED-FIXED-SEMANTICS
Reason: not reachable from this program or proof-local terms; no intended-domain witness
```k
rule slStep(noB)          => 1
```

## 1013. rule — reference-semantics/semantics/subscript.k:74
Attributes: none
Decision: UNUSED-FIXED-SEMANTICS
Reason: not reachable from this program or proof-local terms; no intended-domain witness
```k
rule slStep(someB(S:Int)) => S
```

## 1014. syntax — reference-semantics/semantics/subscript.k:76
Attributes: function
Decision: UNUSED-FIXED-SEMANTICS
Reason: not reachable from this program or proof-local terms; no intended-domain witness
```k
syntax Int ::= slStart(OptInt, OptInt, Int) [function]
```

## 1015. rule — reference-semantics/semantics/subscript.k:77-78
Attributes: none
Decision: UNUSED-FIXED-SEMANTICS
Reason: not reachable from this program or proof-local terms; no intended-domain witness
```k
rule slStart(noB,          ST:OptInt, _LEN:Int) => 0
       requires slStep(ST) >Int 0
```

## 1016. rule — reference-semantics/semantics/subscript.k:79-80
Attributes: none
Decision: UNUSED-FIXED-SEMANTICS
Reason: not reachable from this program or proof-local terms; no intended-domain witness
```k
rule slStart(noB,          ST:OptInt, LEN:Int)  => LEN -Int 1
       requires slStep(ST) <Int 0
```

## 1017. rule — reference-semantics/semantics/subscript.k:81
Attributes: none
Decision: UNUSED-FIXED-SEMANTICS
Reason: not reachable from this program or proof-local terms; no intended-domain witness
```k
rule slStart(someB(I:Int), ST:OptInt, LEN:Int)  => slAdjust(I, LEN, slStep(ST))
```

## 1018. syntax — reference-semantics/semantics/subscript.k:83
Attributes: function
Decision: UNUSED-FIXED-SEMANTICS
Reason: not reachable from this program or proof-local terms; no intended-domain witness
```k
syntax Int ::= slStop(OptInt, OptInt, Int) [function]
```

## 1019. rule — reference-semantics/semantics/subscript.k:84-85
Attributes: none
Decision: UNUSED-FIXED-SEMANTICS
Reason: not reachable from this program or proof-local terms; no intended-domain witness
```k
rule slStop(noB,          ST:OptInt, LEN:Int)  => LEN
       requires slStep(ST) >Int 0
```

## 1020. rule — reference-semantics/semantics/subscript.k:86-87
Attributes: none
Decision: UNUSED-FIXED-SEMANTICS
Reason: not reachable from this program or proof-local terms; no intended-domain witness
```k
rule slStop(noB,          ST:OptInt, _LEN:Int) => -1
       requires slStep(ST) <Int 0
```

## 1021. rule — reference-semantics/semantics/subscript.k:88
Attributes: none
Decision: UNUSED-FIXED-SEMANTICS
Reason: not reachable from this program or proof-local terms; no intended-domain witness
```k
rule slStop(someB(I:Int), ST:OptInt, LEN:Int)  => slAdjust(I, LEN, slStep(ST))
```

## 1022. syntax — reference-semantics/semantics/subscript.k:90
Attributes: function, total
Decision: UNUSED-FIXED-SEMANTICS
Reason: not reachable from this program or proof-local terms; no intended-domain witness
```k
syntax Int ::= slAdjust(Int, Int, Int) [function, total]
```

## 1023. rule — reference-semantics/semantics/subscript.k:91-92
Attributes: none
Decision: UNUSED-FIXED-SEMANTICS
Reason: not reachable from this program or proof-local terms; no intended-domain witness
```k
rule slAdjust(I:Int, LEN:Int, STEP:Int) => clampLo(I +Int LEN, STEP)
       requires I  <Int 0
```

## 1024. rule — reference-semantics/semantics/subscript.k:93-94
Attributes: none
Decision: UNUSED-FIXED-SEMANTICS
Reason: not reachable from this program or proof-local terms; no intended-domain witness
```k
rule slAdjust(I:Int, LEN:Int, STEP:Int) => clampHi(I, LEN, STEP)
       requires I >=Int 0
```

## 1025. syntax — reference-semantics/semantics/subscript.k:96
Attributes: function, total
Decision: UNUSED-FIXED-SEMANTICS
Reason: not reachable from this program or proof-local terms; no intended-domain witness
```k
syntax Int ::= clampLo(Int, Int) [function, total]
```

## 1026. rule — reference-semantics/semantics/subscript.k:97-98
Attributes: none
Decision: UNUSED-FIXED-SEMANTICS
Reason: not reachable from this program or proof-local terms; no intended-domain witness
```k
rule clampLo(J:Int, _STEP:Int) => J
       requires J >=Int 0
```

## 1027. rule — reference-semantics/semantics/subscript.k:99-100
Attributes: none
Decision: UNUSED-FIXED-SEMANTICS
Reason: not reachable from this program or proof-local terms; no intended-domain witness
```k
rule clampLo(J:Int, STEP:Int)  => #if STEP <Int 0 #then -1 #else 0 #fi
       requires J <Int 0
```

## 1028. syntax — reference-semantics/semantics/subscript.k:102
Attributes: function, total
Decision: UNUSED-FIXED-SEMANTICS
Reason: not reachable from this program or proof-local terms; no intended-domain witness
```k
syntax Int ::= clampHi(Int, Int, Int) [function, total]
```

## 1029. rule — reference-semantics/semantics/subscript.k:103-104
Attributes: none
Decision: UNUSED-FIXED-SEMANTICS
Reason: not reachable from this program or proof-local terms; no intended-domain witness
```k
rule clampHi(I:Int, LEN:Int, _STEP:Int) => I
       requires I  <Int LEN
```

## 1030. rule — reference-semantics/semantics/subscript.k:105-106
Attributes: none
Decision: UNUSED-FIXED-SEMANTICS
Reason: not reachable from this program or proof-local terms; no intended-domain witness
```k
rule clampHi(I:Int, LEN:Int, STEP:Int)  => #if STEP <Int 0 #then LEN -Int 1 #else LEN #fi
       requires I >=Int LEN
```

## 1031. syntax — reference-semantics/semantics/subscript.k:109
Attributes: function
Decision: UNUSED-FIXED-SEMANTICS
Reason: not reachable from this program or proof-local terms; no intended-domain witness
```k
syntax ValSeq ::= buildVS(ValSeq, Int, Int, Int) [function]
```

## 1032. rule — reference-semantics/semantics/subscript.k:110-112
Attributes: none
Decision: UNUSED-FIXED-SEMANTICS
Reason: not reachable from this program or proof-local terms; no intended-domain witness
```k
rule buildVS(VS:ValSeq, I:Int, STOP:Int, STEP:Int)
    => vCons(valSeqAt(VS, I), buildVS(VS, I +Int STEP, STOP, STEP))
       requires (STEP >Int 0 andBool I <Int STOP) orBool (STEP <Int 0 andBool I >Int STOP)
```

## 1033. rule — reference-semantics/semantics/subscript.k:113-114
Attributes: none
Decision: UNUSED-FIXED-SEMANTICS
Reason: not reachable from this program or proof-local terms; no intended-domain witness
```k
rule buildVS(_:ValSeq, I:Int, STOP:Int, STEP:Int) => .ValSeq
       requires notBool ((STEP >Int 0 andBool I <Int STOP) orBool (STEP <Int 0 andBool I >Int STOP))
```

## 1034. syntax — reference-semantics/semantics/subscript.k:116
Attributes: function
Decision: UNUSED-FIXED-SEMANTICS
Reason: not reachable from this program or proof-local terms; no intended-domain witness
```k
syntax IntSeq ::= buildIS(IntSeq, Int, Int, Int) [function]
```

## 1035. rule — reference-semantics/semantics/subscript.k:117-119
Attributes: none
Decision: UNUSED-FIXED-SEMANTICS
Reason: not reachable from this program or proof-local terms; no intended-domain witness
```k
rule buildIS(IS:IntSeq, I:Int, STOP:Int, STEP:Int)
    => iCons(intSeqAt(IS, I), buildIS(IS, I +Int STEP, STOP, STEP))
       requires (STEP >Int 0 andBool I <Int STOP) orBool (STEP <Int 0 andBool I >Int STOP)
```

## 1036. rule — reference-semantics/semantics/subscript.k:120-121
Attributes: none
Decision: UNUSED-FIXED-SEMANTICS
Reason: not reachable from this program or proof-local terms; no intended-domain witness
```k
rule buildIS(_:IntSeq, I:Int, STOP:Int, STEP:Int) => .IntSeq
       requires notBool ((STEP >Int 0 andBool I <Int STOP) orBool (STEP <Int 0 andBool I >Int STOP))
```

## 1037. endmodule — reference-semantics/semantics/subscript.k:122
Attributes: none
Decision: UNUSED-FIXED-SEMANTICS
Reason: not reachable from this program or proof-local terms; no intended-domain witness
```k
endmodule
```

## 1038. module — reference-semantics/semantics/syntax.k:3
Attributes: none
Decision: USED-FIXED-SEMANTICS
Reason: on the submitted term/claim path; agrees with the modeled Python subset
```k
module MPY-SYNTAX
```

## 1039. imports — reference-semantics/semantics/syntax.k:4
Attributes: none
Decision: USED-FIXED-SEMANTICS
Reason: on the submitted term/claim path; agrees with the modeled Python subset
```k
imports INT-SYNTAX
```

## 1040. imports — reference-semantics/semantics/syntax.k:5
Attributes: none
Decision: USED-FIXED-SEMANTICS
Reason: on the submitted term/claim path; agrees with the modeled Python subset
```k
imports FLOAT-SYNTAX
```

## 1041. imports — reference-semantics/semantics/syntax.k:6
Attributes: none
Decision: USED-FIXED-SEMANTICS
Reason: on the submitted term/claim path; agrees with the modeled Python subset
```k
imports BOOL-SYNTAX
```

## 1042. imports — reference-semantics/semantics/syntax.k:7
Attributes: none
Decision: USED-FIXED-SEMANTICS
Reason: on the submitted term/claim path; agrees with the modeled Python subset
```k
imports STRING-SYNTAX
```

## 1043. syntax — reference-semantics/semantics/syntax.k:9-30
Attributes: macro
Decision: UNUSED-FIXED-SEMANTICS
Reason: not reachable from this program or proof-local terms; no intended-domain witness
```k
syntax Expr ::= "Int"      "(" Int ")"
                | "Float"    "(" Float ")"
                | "Bool"     "(" Bool ")"
                | "Name"     "(" String ")"
                | "Str"      "(" String ")"
                | "UnaryOp"  "(" String "," Expr ")" [strict(2)]
                | "BinOp"    "(" String "," Expr "," Expr ")" [seqstrict(2, 3)]
                | "BoolOp"    "(" String "," Exprs ")"
                | "ListExpr"  "(" Exprs ")"
                | "DictExpr"  "(" Entries ")"
                | "ListComp"  "(" Expr "," CompFors ")" [macro]
                | "GenExp"    "(" Expr "," CompFors ")" [macro]
                | "TupleExpr" "(" Exprs ")"
                | "Subscript" "(" Expr "," Index ")"
                | "IfExp"     "(" Expr "," Expr "," Expr ")" [strict(1)]
                | "Lambda"    "(" Params "," Expr ")"
                | "KwArg"     "(" String "," Expr ")"
                | "Lambda"    "(" Params "," CellVars "," FreeVars "," Expr ")"
                | "NoneVal"
                | "Call"      "(" Expr "," Exprs ")"
                | "Attribute" "(" Expr "," String ")" [strict(1)]
                | "Compare"   "(" Expr "," CmpOp ")"
```

## 1044. syntax — reference-semantics/semantics/syntax.k:32
Attributes: none
Decision: UNUSED-FIXED-SEMANTICS
Reason: not reachable from this program or proof-local terms; no intended-domain witness
```k
syntax CmpOp    ::= "CmpOp" "(" String "," Expr ")"
```

## 1045. syntax — reference-semantics/semantics/syntax.k:33
Attributes: none
Decision: UNUSED-FIXED-SEMANTICS
Reason: not reachable from this program or proof-local terms; no intended-domain witness
```k
syntax Entry    ::= "Entry" "(" Expr "," Expr ")"
```

## 1046. syntax — reference-semantics/semantics/syntax.k:34
Attributes: none
Decision: UNUSED-FIXED-SEMANTICS
Reason: not reachable from this program or proof-local terms; no intended-domain witness
```k
syntax Entries  ::= List{Entry, ","}
```

## 1047. syntax — reference-semantics/semantics/syntax.k:35
Attributes: none
Decision: UNUSED-FIXED-SEMANTICS
Reason: not reachable from this program or proof-local terms; no intended-domain witness
```k
syntax CompFor  ::= "CompFor" "(" Expr "," Expr "," Exprs ")"
```

## 1048. syntax — reference-semantics/semantics/syntax.k:36
Attributes: none
Decision: UNUSED-FIXED-SEMANTICS
Reason: not reachable from this program or proof-local terms; no intended-domain witness
```k
syntax CompFors ::= List{CompFor, ""}
```

## 1049. syntax — reference-semantics/semantics/syntax.k:37
Attributes: none
Decision: UNUSED-FIXED-SEMANTICS
Reason: not reachable from this program or proof-local terms; no intended-domain witness
```k
syntax Exprs    ::= List{Expr, ","}
```

## 1050. syntax — reference-semantics/semantics/syntax.k:38
Attributes: none
Decision: UNUSED-FIXED-SEMANTICS
Reason: not reachable from this program or proof-local terms; no intended-domain witness
```k
syntax Index    ::= Expr | "Slice" "(" Bound "," Bound "," Bound ")"
```

## 1051. syntax — reference-semantics/semantics/syntax.k:39
Attributes: none
Decision: UNUSED-FIXED-SEMANTICS
Reason: not reachable from this program or proof-local terms; no intended-domain witness
```k
syntax Bound    ::= Expr | "NoBound"
```

## 1052. syntax — reference-semantics/semantics/syntax.k:41-54
Attributes: none
Decision: USED-FIXED-SEMANTICS
Reason: on the submitted term/claim path; agrees with the modeled Python subset
```k
syntax Stmt ::= "Assign"    "(" Expr "," Expr ")" [strict(2)]
                | "Import"    "(" String ")"
                | "ImportFrom" "(" String "," ParamNames ")"
                | "AugAssign" "(" Expr "," String "," Expr ")" [strict(3)]
                | "For"       "(" Expr "," Expr "," Stmts ")" [strict(2)]
                | "While"     "(" Expr "," Stmts ")"
                | "Break"
                | "Continue"
                | "If"        "(" Expr "," Stmts "," Stmts ")" [strict(1)]
                | "Return"    "(" Expr ")" [strict]
                | "Assert"    "(" Expr ")" [strict]
                | "Expr"      "(" Expr ")" [strict]
                | "FuncDef"   "(" String "," Params "," Stmts ")"
                | "FuncDef"   "(" String "," Params "," CellVars "," FreeVars "," Stmts ")"
```

## 1053. syntax — reference-semantics/semantics/syntax.k:56
Attributes: none
Decision: USED-FIXED-SEMANTICS
Reason: on the submitted term/claim path; agrees with the modeled Python subset
```k
syntax Stmts      ::= List{Stmt, ""}
```

## 1054. syntax — reference-semantics/semantics/syntax.k:57
Attributes: none
Decision: UNUSED-FIXED-SEMANTICS
Reason: not reachable from this program or proof-local terms; no intended-domain witness
```k
syntax Params     ::= "Params" "(" ParamNames ")"
```

## 1055. syntax — reference-semantics/semantics/syntax.k:58
Attributes: none
Decision: UNUSED-FIXED-SEMANTICS
Reason: not reachable from this program or proof-local terms; no intended-domain witness
```k
syntax CellVars   ::= "CellVars" "(" ParamNames ")"
```

## 1056. syntax — reference-semantics/semantics/syntax.k:59
Attributes: none
Decision: UNUSED-FIXED-SEMANTICS
Reason: not reachable from this program or proof-local terms; no intended-domain witness
```k
syntax FreeVars   ::= "FreeVars" "(" ParamNames ")"
```

## 1057. syntax — reference-semantics/semantics/syntax.k:60
Attributes: none
Decision: UNUSED-FIXED-SEMANTICS
Reason: not reachable from this program or proof-local terms; no intended-domain witness
```k
syntax ParamNames ::= List{String, ","}
```

## 1058. syntax — reference-semantics/semantics/syntax.k:61
Attributes: none
Decision: USED-FIXED-SEMANTICS
Reason: on the submitted term/claim path; agrees with the modeled Python subset
```k
syntax Module     ::= "Module" "(" Stmts ")"
```

## 1059. endmodule — reference-semantics/semantics/syntax.k:62
Attributes: none
Decision: USED-FIXED-SEMANTICS
Reason: on the submitted term/claim path; agrees with the modeled Python subset
```k
endmodule
```

## 1060. module — reference-semantics/semantics/tuple.k:3
Attributes: none
Decision: USED-FIXED-SEMANTICS
Reason: on the submitted term/claim path; agrees with the modeled Python subset
```k
module MPY-TUPLE
```

## 1061. imports — reference-semantics/semantics/tuple.k:4
Attributes: none
Decision: USED-FIXED-SEMANTICS
Reason: on the submitted term/claim path; agrees with the modeled Python subset
```k
imports MPY-CORE
```

## 1062. imports — reference-semantics/semantics/tuple.k:5
Attributes: none
Decision: USED-FIXED-SEMANTICS
Reason: on the submitted term/claim path; agrees with the modeled Python subset
```k
imports MPY-ITER
```

## 1063. imports — reference-semantics/semantics/tuple.k:6
Attributes: none
Decision: USED-FIXED-SEMANTICS
Reason: on the submitted term/claim path; agrees with the modeled Python subset
```k
imports MPY-LIST
```

## 1064. imports — reference-semantics/semantics/tuple.k:7
Attributes: none
Decision: USED-FIXED-SEMANTICS
Reason: on the submitted term/claim path; agrees with the modeled Python subset
```k
imports MPY-METHODS
```

## 1065. rule — reference-semantics/semantics/tuple.k:10
Attributes: none
Decision: USED-FIXED-SEMANTICS
Reason: on the submitted term/claim path; agrees with the modeled Python subset
```k
rule <k> #iterNext(tuple(.ValSeq))                => #iterDone ... </k>
```

## 1066. rule — reference-semantics/semantics/tuple.k:11
Attributes: none
Decision: USED-FIXED-SEMANTICS
Reason: on the submitted term/claim path; agrees with the modeled Python subset
```k
rule <k> #iterNext(tuple(vCons(V:Val, R:ValSeq))) => #iterYield(V, tuple(R)) ... </k>
```

## 1067. syntax — reference-semantics/semantics/tuple.k:14
Attributes: none
Decision: UNUSED-FIXED-SEMANTICS
Reason: not reachable from this program or proof-local terms; no intended-domain witness
```k
syntax ApplyK ::= "toTuple"
```

## 1068. rule — reference-semantics/semantics/tuple.k:15
Attributes: none
Decision: USED-FIXED-SEMANTICS
Reason: on the submitted term/claim path; agrees with the modeled Python subset
```k
rule <k> TupleExpr(ES:Exprs) => #evalArgs(ES, .Vals, toTuple) ... </k>
```

## 1069. rule — reference-semantics/semantics/tuple.k:16
Attributes: none
Decision: UNUSED-FIXED-SEMANTICS
Reason: not reachable from this program or proof-local terms; no intended-domain witness
```k
rule <k> #applyK(toTuple, ACC:Vals) => tuple(vals2valSeq(ACC)) ... </k>
```

## 1070. rule — reference-semantics/semantics/tuple.k:18
Attributes: none
Decision: USED-FIXED-SEMANTICS
Reason: on the submitted term/claim path; agrees with the modeled Python subset
```k
rule applyCmp("==", tuple(A:ValSeq), tuple(B:ValSeq)) => A ==K B
```

## 1071. rule — reference-semantics/semantics/tuple.k:20
Attributes: none
Decision: USED-FIXED-SEMANTICS
Reason: on the submitted term/claim path; agrees with the modeled Python subset
```k
rule <k> Compare(LV:Val, CmpOp("in",     tuple(VS:ValSeq))) => #memberAcc(LV, tuple(VS)) ... </k>
```

## 1072. rule — reference-semantics/semantics/tuple.k:21
Attributes: none
Decision: USED-FIXED-SEMANTICS
Reason: on the submitted term/claim path; agrees with the modeled Python subset
```k
rule <k> Compare(LV:Val, CmpOp("not in", tuple(VS:ValSeq))) => #memberAcc(LV, tuple(VS)) ~> #notB ... </k>
```

## 1073. rule — reference-semantics/semantics/tuple.k:23
Attributes: none
Decision: UNUSED-FIXED-SEMANTICS
Reason: not reachable from this program or proof-local terms; no intended-domain witness
```k
rule applyMethod(tuple(VS:ValSeq), "index", V:Val, .Vals) => idxOfVS(VS, V, 0)
```

## 1074. syntax — reference-semantics/semantics/tuple.k:24
Attributes: function
Decision: UNUSED-FIXED-SEMANTICS
Reason: not reachable from this program or proof-local terms; no intended-domain witness
```k
syntax Int ::= idxOfVS(ValSeq, Val, Int) [function]
```

## 1075. rule — reference-semantics/semantics/tuple.k:25
Attributes: none
Decision: UNUSED-FIXED-SEMANTICS
Reason: not reachable from this program or proof-local terms; no intended-domain witness
```k
rule idxOfVS(vCons(A:Val, _:ValSeq), V:Val, I:Int) => I requires A ==K V
```

## 1076. rule — reference-semantics/semantics/tuple.k:26-27
Attributes: none
Decision: UNUSED-FIXED-SEMANTICS
Reason: not reachable from this program or proof-local terms; no intended-domain witness
```k
rule idxOfVS(vCons(A:Val, R:ValSeq), V:Val, I:Int) => idxOfVS(R, V, I +Int 1)
       requires notBool (A ==K V)
```

## 1077. rule — reference-semantics/semantics/tuple.k:28
Attributes: none
Decision: USED-FIXED-SEMANTICS
Reason: on the submitted term/claim path; agrees with the modeled Python subset
```k
rule applyCmp("!=", tuple(A:ValSeq), tuple(B:ValSeq)) => notBool (A ==K B)
```

## 1078. syntax — reference-semantics/semantics/tuple.k:31
Attributes: none
Decision: USED-FIXED-SEMANTICS
Reason: on the submitted term/claim path; agrees with the modeled Python subset
```k
syntax KItem ::= #bindTgt(Expr, Val)
```

## 1079. rule — reference-semantics/semantics/tuple.k:32-34
Attributes: none
Decision: USED-FIXED-SEMANTICS
Reason: on the submitted term/claim path; agrees with the modeled Python subset
```k
rule <k> #bindTgt(Name(X:String), V:Val) => .K ... </k>
       <env> L:Int </env>
       <scopes> ... L |-> scope(M:Map => M [ X <- V ], _) ... </scopes>
```

## 1080. rule — reference-semantics/semantics/tuple.k:35-37
Attributes: none
Decision: USED-FIXED-SEMANTICS
Reason: on the submitted term/claim path; agrees with the modeled Python subset
```k
rule <k> #bindTgt(Name(X:String), V:Val) => #cellW({M[X]}:>Val, V) ... </k>
       <env> L:Int </env>
       <scopes> ... L |-> scope(M:Map, _) ... </scopes>
```

## 1081. requires — reference-semantics/semantics/tuple.k:38-41
Attributes: priority
Decision: USED-FIXED-SEMANTICS
Reason: on the submitted term/claim path; agrees with the modeled Python subset
```k
requires "$cells" in_keys(M)
        andBool pnMember(X, cellsOf({M["$cells"]}:>Val))
        andBool X in_keys(M) andBool isCellRef({M[X]}:>Val)
       [priority(40)]
```

## 1082. rule — reference-semantics/semantics/tuple.k:42
Attributes: none
Decision: USED-FIXED-SEMANTICS
Reason: on the submitted term/claim path; agrees with the modeled Python subset
```k
rule <k> #bindTgt(TupleExpr(TS:Exprs), tuple(VS:ValSeq)) => #unpackSeq(TS, VS) ... </k>
```

## 1083. rule — reference-semantics/semantics/tuple.k:43
Attributes: none
Decision: USED-FIXED-SEMANTICS
Reason: on the submitted term/claim path; agrees with the modeled Python subset
```k
rule <k> #bindTgt(TupleExpr(TS:Exprs), list(VS:ValSeq))  => #unpackSeq(TS, VS) ... </k>
```

## 1084. rule — reference-semantics/semantics/tuple.k:44-46
Attributes: priority
Decision: USED-FIXED-SEMANTICS
Reason: on the submitted term/claim path; agrees with the modeled Python subset
```k
rule <k> #bindTgt(TupleExpr(TS:Exprs), ref(H:Int)) => #bindTgt(TupleExpr(TS), V) ... </k>
       <heap> ... H |-> V:Val ... </heap>
       [priority(40)]
```

## 1085. syntax — reference-semantics/semantics/tuple.k:49
Attributes: none
Decision: UNUSED-FIXED-SEMANTICS
Reason: not reachable from this program or proof-local terms; no intended-domain witness
```k
syntax KItem ::= #unpackSeq(Exprs, ValSeq)
```

## 1086. rule — reference-semantics/semantics/tuple.k:50
Attributes: none
Decision: USED-FIXED-SEMANTICS
Reason: on the submitted term/claim path; agrees with the modeled Python subset
```k
rule <k> Assign(TupleExpr(TS:Exprs), tuple(VS:ValSeq)) => #unpackSeq(TS, VS) ... </k>
```

## 1087. rule — reference-semantics/semantics/tuple.k:51
Attributes: none
Decision: USED-FIXED-SEMANTICS
Reason: on the submitted term/claim path; agrees with the modeled Python subset
```k
rule <k> Assign(TupleExpr(TS:Exprs), list(VS:ValSeq))  => #unpackSeq(TS, VS) ... </k>
```

## 1088. rule — reference-semantics/semantics/tuple.k:52-54
Attributes: priority
Decision: USED-FIXED-SEMANTICS
Reason: on the submitted term/claim path; agrees with the modeled Python subset
```k
rule <k> Assign(TupleExpr(TS:Exprs), ref(H:Int)) => Assign(TupleExpr(TS), V) ... </k>
       <heap> ... H |-> V:Val ... </heap>
       [priority(40)]
```

## 1089. rule — reference-semantics/semantics/tuple.k:55-56
Attributes: none
Decision: USED-FIXED-SEMANTICS
Reason: on the submitted term/claim path; agrees with the modeled Python subset
```k
rule <k> #unpackSeq((T:Expr, TS:Exprs), vCons(V:Val, VS:ValSeq))
        => #bindTgt(T, V) ~> #unpackSeq(TS, VS) ... </k>
```

## 1090. rule — reference-semantics/semantics/tuple.k:57
Attributes: none
Decision: UNUSED-FIXED-SEMANTICS
Reason: not reachable from this program or proof-local terms; no intended-domain witness
```k
rule <k> #unpackSeq(.Exprs, .ValSeq) => .K ... </k>
```

## 1091. endmodule — reference-semantics/semantics/tuple.k:58
Attributes: none
Decision: USED-FIXED-SEMANTICS
Reason: on the submitted term/claim path; agrees with the modeled Python subset
```k
endmodule
```

## 1092. requires — verification.k:1
Attributes: none
Decision: PROOF-LOCAL-STRUCTURE
Reason: reviewed in Stage 5
```k
requires "reference-semantics/semantics.k"
```

## 1093. module — verification.k:3
Attributes: none
Decision: PROOF-LOCAL-STRUCTURE
Reason: reviewed in Stage 5
```k
module VERIFICATION-BASE
```

## 1094. imports — verification.k:4
Attributes: none
Decision: PROOF-LOCAL-STRUCTURE
Reason: reviewed in Stage 5
```k
imports MPY
```

## 1095. syntax — verification.k:10
Attributes: none
Decision: ACCEPTABLE-INPUT-REPRESENTATION
Reason: fresh typed ValSeq constructor; carries no result equation
```k
syntax ValSeq ::= intsToVals(IntSeq)
```

## 1096. rule — verification.k:15-16
Attributes: priority
Decision: ACCEPTABLE-LOW-LEVEL-BRIDGE
Reason: constructor-by-constructor iterator exposure; disjoint from base list cases
```k
rule <k> #iterNext(list(intsToVals(.IntSeq))) => #iterDone ... </k>
       [priority(40)]
```

## 1097. rule — verification.k:17-19
Attributes: priority
Decision: ACCEPTABLE-LOW-LEVEL-BRIDGE
Reason: constructor-by-constructor iterator exposure; disjoint from base list cases
```k
rule <k> #iterNext(list(intsToVals(iCons(I:Int, REST:IntSeq))))
        => #iterYield(I, list(intsToVals(REST))) ... </k>
       [priority(40)]
```

## 1098. syntax — verification.k:22
Attributes: function, total
Decision: VALID-MATH-DEFINITION
Reason: exhaustive structural recursion; strict-less-than contract
```k
syntax Bool ::= belowThresholdSpec(IntSeq, Int) [function, total]
```

## 1099. rule — verification.k:23
Attributes: none
Decision: VALID-MATH-DEFINITION
Reason: exhaustive structural recursion; strict-less-than contract
```k
rule belowThresholdSpec(.IntSeq, _:Int) => true
```

## 1100. rule — verification.k:24-25
Attributes: none
Decision: VALID-MATH-DEFINITION
Reason: exhaustive structural recursion; strict-less-than contract
```k
rule belowThresholdSpec(iCons(I:Int, REST:IntSeq), T:Int)
    => (I <Int T) andBool belowThresholdSpec(REST, T)
```

## 1101. syntax — verification.k:29
Attributes: macro
Decision: EXACT-SYNTAX-MACRO
Reason: non-operational factoring; checked independently against submitted term
```k
syntax Stmts ::= "belowThresholdLoopBody" [macro]
```

## 1102. rule — verification.k:30-33
Attributes: none
Decision: EXACT-SYNTAX-MACRO
Reason: non-operational factoring; checked independently against submitted term
```k
rule belowThresholdLoopBody
    => If(Compare(Name("number"), CmpOp(">=", Name("t"))),
          Return(Bool(false)),
          .Stmts)
```

## 1103. syntax — verification.k:35
Attributes: macro
Decision: EXACT-SYNTAX-MACRO
Reason: non-operational factoring; checked independently against submitted term
```k
syntax Stmts ::= "belowThresholdBody" [macro]
```

## 1104. rule — verification.k:36-40
Attributes: none
Decision: EXACT-SYNTAX-MACRO
Reason: non-operational factoring; checked independently against submitted term
```k
rule belowThresholdBody
    => Expr(Str(
         "Return True if all numbers in the list l are below threshold t.\n    >>> below_threshold([1, 2, 4, 10], 100)\n    True\n    >>> below_threshold([1, 20, 4, 10], 5)\n    False\n    "))
       For(Name("number"), Name("l"), belowThresholdLoopBody)
       Return(Bool(true))
```

## 1105. syntax — verification.k:42
Attributes: macro
Decision: ENTRY-SYNTAX-MACRO
Reason: direct closure call over the exact factored body
```k
syntax KItem ::= #belowThresholdCall(IntSeq, Int) [macro]
```

## 1106. rule — verification.k:43-46
Attributes: none
Decision: ENTRY-SYNTAX-MACRO
Reason: direct closure call over the exact factored body
```k
rule #belowThresholdCall(IS:IntSeq, T:Int)
    => Call(
         closureVal(("l", "t", .ParamNames), belowThresholdBody, 0),
         (list(intsToVals(IS)), T, .Exprs))
```

## 1107. endmodule — verification.k:47
Attributes: none
Decision: PROOF-LOCAL-STRUCTURE
Reason: reviewed in Stage 5
```k
endmodule
```

## 1108. module — verification.k:49
Attributes: none
Decision: PROOF-LOCAL-STRUCTURE
Reason: reviewed in Stage 5
```k
module VERIFICATION
```

## 1109. imports — verification.k:50
Attributes: none
Decision: PROOF-LOCAL-STRUCTURE
Reason: reviewed in Stage 5
```k
imports VERIFICATION-BASE
```

## 1110. rule — verification.k:55-87
Attributes: priority
Decision: DERIVED-LOOP-SUMMARY
Reason: same configuration as separately proved LOOP-SPEC; exact continuation and cells
```k
rule
    <k> #loop(list(intsToVals(IS:IntSeq)),
              Name("number"),
              belowThresholdLoopBody)
         ~> (Return(Bool(true)) .Stmts)
         ~> #endcall
      => belowThresholdSpec(IS, T)
    </k>
    <env> 1 => 0 </env>
    <scopes>
      1 |-> scope(
        "l"      |-> list(intsToVals(_ORIGINAL:IntSeq))
        "number" |-> _OLD:Int
        "t"      |-> T:Int,
        parent(0))
      0  |-> scope(.Map, parent(-1))
      -1 |-> BUILTINS:Scope
      =>
      0  |-> scope(.Map, parent(-1))
      -1 |-> BUILTINS
    </scopes>
    <scopeLoc> 2 => 1 </scopeLoc>
    <heap> .Map </heap>
    <heapLoc> 0 </heapLoc>
    <stack>
      ListItem(frame(.K, 0, 1))
      =>
      .List
    </stack>
    <ret> noRet </ret>
    <exc> NoExc </exc>
    <exit-code> 0 </exit-code>
    [priority(40)]
```

## 1111. endmodule — verification.k:88
Attributes: none
Decision: PROOF-LOCAL-STRUCTURE
Reason: reviewed in Stage 5
```k
endmodule
```

## 1112. requires — spec.k:1
Attributes: none
Decision: SPEC-STRUCTURE
Reason: module/import structure only
```k
requires "verification.k"
```

## 1113. module — spec.k:3
Attributes: none
Decision: SPEC-STRUCTURE
Reason: module/import structure only
```k
module LOOP-SPEC
```

## 1114. imports — spec.k:4
Attributes: none
Decision: SPEC-STRUCTURE
Reason: module/import structure only
```k
imports VERIFICATION-BASE
```

## 1115. claim — spec.k:8-40
Attributes: none
Decision: POSITIVE-PROOF-TARGET
Reason: independently rebuilt and proved; adequacy reviewed in Stage 4
```k
claim
    <k> #loop(list(intsToVals(IS:IntSeq)),
              Name("number"),
              belowThresholdLoopBody)
         ~> (Return(Bool(true)) .Stmts)
         ~> #endcall
      => belowThresholdSpec(IS, T)
    </k>
    <env> 1 => 0 </env>
    <scopes>
      1 |-> scope(
        "l"      |-> list(intsToVals(_ORIGINAL:IntSeq))
        "number" |-> _OLD:Int
        "t"      |-> T:Int,
        parent(0))
      0  |-> scope(.Map, parent(-1))
      -1 |-> BUILTINS:Scope
      =>
      0  |-> scope(.Map, parent(-1))
      -1 |-> BUILTINS
    </scopes>
    <scopeLoc> 2 => 1 </scopeLoc>
    <heap> .Map </heap>
    <heapLoc> 0 </heapLoc>
    <stack>
      ListItem(frame(.K, 0, 1))
      =>
      .List
    </stack>
    <ret> noRet </ret>
    <exc> NoExc </exc>
    <exit-code> 0 </exit-code>
    [label(loop-invariant)]
```

## 1116. endmodule — spec.k:42
Attributes: none
Decision: SPEC-STRUCTURE
Reason: module/import structure only
```k
endmodule
```

## 1117. module — spec.k:44
Attributes: none
Decision: SPEC-STRUCTURE
Reason: module/import structure only
```k
module SPEC
```

## 1118. imports — spec.k:45
Attributes: none
Decision: SPEC-STRUCTURE
Reason: module/import structure only
```k
imports VERIFICATION
```

## 1119. claim — spec.k:49-65
Attributes: none
Decision: POSITIVE-PROOF-TARGET
Reason: independently rebuilt and proved; adequacy reviewed in Stage 4
```k
claim
    <k> #belowThresholdCall(IS:IntSeq, T:Int)
      => belowThresholdSpec(IS, T)
    </k>
    <env> 0 </env>
    <scopes>
      0  |-> scope(.Map, parent(-1))
      -1 |-> builtinsScope
    </scopes>
    <scopeLoc> 1 </scopeLoc>
    <heap> .Map </heap>
    <heapLoc> 0 </heapLoc>
    <stack> .List </stack>
    <ret> noRet </ret>
    <exc> NoExc </exc>
    <exit-code> 0 </exit-code>
    [label(entry-point)]
```

## 1120. endmodule — spec.k:66
Attributes: none
Decision: SPEC-STRUCTURE
Reason: module/import structure only
```k
endmodule
```
EXIT_STATUS=0

Script done on 2026-07-24 08:13:34-05:00 [COMMAND_EXIT_CODE="0"]
