file	ordinal	start_line	end_line	kind	semantic_class	attributes	function	functional	total	symbol	no-evaluators	priority	simplification	concrete	owise	macro	strict	seqstrict	source_sha256	source	review_disposition	review_rationale	false_conclusion_witness
reference-semantics/semantics/assert.k	1	6	7	rule	operational-rule		False	False	False	False	False	False	False	False	False	False	False	False	46ba8624b23bf183d99353eab0c339c7261e3934373bc10c8d6eb0966fb6e4c2	  rule <k> Assert(V:Val) => .K ... </k>\n       requires truthy(V)	SUPPLIED_FIXED_SEMANTICS_UNUSED	Byte-identical to the trusted supplied semantics and not reachable from the submitted body/entry claims. No candidate-local alteration or proof dependency; no narrower false-rule witness was found in this audit.	
reference-semantics/semantics/assert.k	2	8	11	rule	operational-rule		False	False	False	False	False	False	False	False	False	False	False	False	02af58c82c4e0fde67d9f12072d76f2988fe7ee14a6095de5e3458d305cc53d4	  rule <k> Assert(V:Val) ~> _ => .K </k>\n       <exc> NoExc => AssertionError </exc>\n       <exit-code> _ => 1 </exit-code>\n       requires notBool truthy(V)	SUPPLIED_FIXED_SEMANTICS_UNUSED	Byte-identical to the trusted supplied semantics and not reachable from the submitted body/entry claims. No candidate-local alteration or proof dependency; no narrower false-rule witness was found in this audit.	
reference-semantics/semantics/assert.k	3	13	15	rule	operational-rule	priority(40)	False	False	False	False	False	True	False	False	False	False	False	False	394326569ed8c1799184b4ed5f7f854898024e4cb1235144ef0f39f8b96a1cd9	  rule <k> Assert(ref(H:Int)) => Assert(V) ... </k>\n       <heap> ... H |-> V:Val ... </heap>\n       [priority(40)]	SUPPLIED_FIXED_SEMANTICS_UNUSED	Byte-identical to the trusted supplied semantics and not reachable from the submitted body/entry claims. No candidate-local alteration or proof dependency; no narrower false-rule witness was found in this audit.	
reference-semantics/semantics/bool.k	1	8	8	rule	equational-rule		False	False	False	False	False	False	False	False	False	False	False	False	274ff35fd151cd732d15a1272707ece9a30a3e8a434efd8affb128403bd37106	"  rule applyUn(""not"", V:Val) => notBool truthy(V)"	SUPPLIED_FIXED_SEMANTICS_UNUSED	Byte-identical to the trusted supplied semantics and not reachable from the submitted body/entry claims. No candidate-local alteration or proof dependency; no narrower false-rule witness was found in this audit.	
reference-semantics/semantics/bool.k	2	10	10	rule	equational-rule		False	False	False	False	False	False	False	False	False	False	False	False	f9d84a06392e2fadf7137e9e4c111657d995f025f4f1d6b5dac05fb58a21972b	"  rule applyCmp(""=="", B1:Bool, B2:Bool) => B1 ==Bool B2"	SUPPLIED_FIXED_SEMANTICS_UNUSED	Byte-identical to the trusted supplied semantics and not reachable from the submitted body/entry claims. No candidate-local alteration or proof dependency; no narrower false-rule witness was found in this audit.	
reference-semantics/semantics/bool.k	3	11	11	rule	equational-rule		False	False	False	False	False	False	False	False	False	False	False	False	12c6816337f8d80cfe6e6ee206b683ea5da78db220d397a15d2789bd5e18cd20	"  rule applyCmp(""!="", B1:Bool, B2:Bool) => B1 =/=Bool B2"	SUPPLIED_FIXED_SEMANTICS_UNUSED	Byte-identical to the trusted supplied semantics and not reachable from the submitted body/entry claims. No candidate-local alteration or proof dependency; no narrower false-rule witness was found in this audit.	
reference-semantics/semantics/bool.k	4	16	16	context	context		False	False	False	False	False	False	False	False	False	False	False	False	de6eec95e5ddf9dc9af3d2a9f94c4df9e2c9b73bffe0bf7404ddda338b0ca05b	  context BoolOp(_, (HOLE:Expr, _:Exprs))	SUPPLIED_FIXED_SEMANTICS_UNUSED	Byte-identical to the trusted supplied semantics and not reachable from the submitted body/entry claims. No candidate-local alteration or proof dependency; no narrower false-rule witness was found in this audit.	
reference-semantics/semantics/bool.k	5	17	17	rule	operational-rule		False	False	False	False	False	False	False	False	False	False	False	False	2efcf80be1c3fd95a749162752e9c54fdf8cd5c6b64cfe1aeed528cffe1f38d2	  rule <k> BoolOp(_:String, (V:Val, .Exprs)) => V ... </k>	SUPPLIED_FIXED_SEMANTICS_UNUSED	Byte-identical to the trusted supplied semantics and not reachable from the submitted body/entry claims. No candidate-local alteration or proof dependency; no narrower false-rule witness was found in this audit.	
reference-semantics/semantics/bool.k	6	18	19	rule	operational-rule		False	False	False	False	False	False	False	False	False	False	False	False	ddf6d5245d01784cd74f00f7e54a736a76166193d7ed17e3b6f4f10ffdeac882	"  rule <k> BoolOp(""and"", (V:Val, A:Expr, REST:Exprs)) => BoolOp(""and"", (A, REST)) ... </k>\n       requires truthy(V)"	SUPPLIED_FIXED_SEMANTICS_UNUSED	Byte-identical to the trusted supplied semantics and not reachable from the submitted body/entry claims. No candidate-local alteration or proof dependency; no narrower false-rule witness was found in this audit.	
reference-semantics/semantics/bool.k	7	20	21	rule	operational-rule		False	False	False	False	False	False	False	False	False	False	False	False	eeeb303f787ca6da784fed38bb09560b7dc239cce893b9b6771056808ef4e9ee	"  rule <k> BoolOp(""and"", (V:Val, _:Expr, _:Exprs)) => V ... </k>\n       requires notBool truthy(V)"	SUPPLIED_FIXED_SEMANTICS_UNUSED	Byte-identical to the trusted supplied semantics and not reachable from the submitted body/entry claims. No candidate-local alteration or proof dependency; no narrower false-rule witness was found in this audit.	
reference-semantics/semantics/bool.k	8	22	23	rule	operational-rule		False	False	False	False	False	False	False	False	False	False	False	False	4c6d5a8013b0629662156459eb61a0b118fbfb7fb9d3eea2414b0767ebdf83e6	"  rule <k> BoolOp(""or"",  (V:Val, _:Expr, _:Exprs)) => V ... </k>\n       requires truthy(V)"	SUPPLIED_FIXED_SEMANTICS_UNUSED	Byte-identical to the trusted supplied semantics and not reachable from the submitted body/entry claims. No candidate-local alteration or proof dependency; no narrower false-rule witness was found in this audit.	
reference-semantics/semantics/bool.k	9	24	25	rule	operational-rule		False	False	False	False	False	False	False	False	False	False	False	False	5ba323b5a471401b754611969bd1bd47b808c010195e94b4a30cebc6b004497d	"  rule <k> BoolOp(""or"",  (V:Val, A:Expr, REST:Exprs)) => BoolOp(""or"", (A, REST)) ... </k>\n       requires notBool truthy(V)"	SUPPLIED_FIXED_SEMANTICS_UNUSED	Byte-identical to the trusted supplied semantics and not reachable from the submitted body/entry claims. No candidate-local alteration or proof dependency; no narrower false-rule witness was found in this audit.	
reference-semantics/semantics/bool.k	10	29	30	rule	operational-rule	priority(40)	False	False	False	False	False	True	False	False	False	False	False	False	98cefcc060a8592c83623b7a530dcc2ef6b33351e32000cfaf470c112c20ece7	  rule <k> BoolOp(_:String, (ref(H:Int), .Exprs)) => ref(H) ... </k>\n       [priority(40)]	SUPPLIED_FIXED_SEMANTICS_UNUSED	Byte-identical to the trusted supplied semantics and not reachable from the submitted body/entry claims. No candidate-local alteration or proof dependency; no narrower false-rule witness was found in this audit.	
reference-semantics/semantics/bool.k	11	31	34	rule	operational-rule	priority(40)	False	False	False	False	False	True	False	False	False	False	False	False	08bd3af9d84256bc9fae3edf7bd3e526de3e30093a2dd8493c7e5753fbac12ea	"  rule <k> BoolOp(""and"", (ref(H:Int), A:Expr, REST:Exprs)) => BoolOp(""and"", (A, REST)) ... </k>\n       <heap> ... H |-> V:Val ... </heap>\n       requires truthy(V)\n       [priority(40)]"	SUPPLIED_FIXED_SEMANTICS_UNUSED	Byte-identical to the trusted supplied semantics and not reachable from the submitted body/entry claims. No candidate-local alteration or proof dependency; no narrower false-rule witness was found in this audit.	
reference-semantics/semantics/bool.k	12	35	38	rule	operational-rule	priority(40)	False	False	False	False	False	True	False	False	False	False	False	False	90ade243f35f7850587ea33d7df3e8fa2b369debf292fd42ef2a6dd2ba51d45c	"  rule <k> BoolOp(""and"", (ref(H:Int), _:Expr, _:Exprs)) => ref(H) ... </k>\n       <heap> ... H |-> V:Val ... </heap>\n       requires notBool truthy(V)\n       [priority(40)]"	SUPPLIED_FIXED_SEMANTICS_UNUSED	Byte-identical to the trusted supplied semantics and not reachable from the submitted body/entry claims. No candidate-local alteration or proof dependency; no narrower false-rule witness was found in this audit.	
reference-semantics/semantics/bool.k	13	39	42	rule	operational-rule	priority(40)	False	False	False	False	False	True	False	False	False	False	False	False	f032128a3dd6c1d1f5cb9217e580c096ce7598e0cd8dccb583813dec97826e9f	"  rule <k> BoolOp(""or"", (ref(H:Int), _:Expr, _:Exprs)) => ref(H) ... </k>\n       <heap> ... H |-> V:Val ... </heap>\n       requires truthy(V)\n       [priority(40)]"	SUPPLIED_FIXED_SEMANTICS_UNUSED	Byte-identical to the trusted supplied semantics and not reachable from the submitted body/entry claims. No candidate-local alteration or proof dependency; no narrower false-rule witness was found in this audit.	
reference-semantics/semantics/bool.k	14	43	46	rule	operational-rule	priority(40)	False	False	False	False	False	True	False	False	False	False	False	False	6eb9e989936bb67bd56fdfd75edce0ccc63c826ba4ea710347e01214ee978e6d	"  rule <k> BoolOp(""or"", (ref(H:Int), A:Expr, REST:Exprs)) => BoolOp(""or"", (A, REST)) ... </k>\n       <heap> ... H |-> V:Val ... </heap>\n       requires notBool truthy(V)\n       [priority(40)]"	SUPPLIED_FIXED_SEMANTICS_UNUSED	Byte-identical to the trusted supplied semantics and not reachable from the submitted body/entry claims. No candidate-local alteration or proof dependency; no narrower false-rule witness was found in this audit.	
reference-semantics/semantics/builtins.k	1	17	17	syntax	syntax-declaration	function	True	False	False	False	False	False	False	False	False	False	False	False	aa55a2ca48e8248e1c5a91c74a28a1a004dd81b4bad180bb0e344ffae357bb6e	  syntax Val ::= applyBuiltin(String, Vals) [function]	SUPPLIED_FIXED_SEMANTICS_UNUSED	Byte-identical to the trusted supplied semantics and not reachable from the submitted body/entry claims. No candidate-local alteration or proof dependency; no narrower false-rule witness was found in this audit.	
reference-semantics/semantics/builtins.k	2	20	20	syntax	syntax-declaration	function	True	False	False	False	False	False	False	False	False	False	False	False	1b82b6f2643fb55127f03658644a8a23881e02af83a59507666ea76f532b1763	  syntax Int ::= seqLen(Val) [function]	SUPPLIED_FIXED_SEMANTICS_UNUSED	Byte-identical to the trusted supplied semantics and not reachable from the submitted body/entry claims. No candidate-local alteration or proof dependency; no narrower false-rule witness was found in this audit.	
reference-semantics/semantics/builtins.k	3	21	21	rule	equational-rule		False	False	False	False	False	False	False	False	False	False	False	False	435ff27019656108a22a48bb4a6b379a06ff353b380293a4aa1535ea2e23edf0	"  rule applyBuiltin(""len"", OBJ:Val, .Vals) => seqLen(OBJ)"	SUPPLIED_FIXED_SEMANTICS_UNUSED	Byte-identical to the trusted supplied semantics and not reachable from the submitted body/entry claims. No candidate-local alteration or proof dependency; no narrower false-rule witness was found in this audit.	
reference-semantics/semantics/builtins.k	4	22	22	rule	equational-rule		False	False	False	False	False	False	False	False	False	False	False	False	98e430fdd950a2759f8ad33448df439d879d4154e2e33b7188616ebcf383a77e	  rule seqLen(list(VS:ValSeq))                  => vsLen(VS)	SUPPLIED_FIXED_SEMANTICS_UNUSED	Byte-identical to the trusted supplied semantics and not reachable from the submitted body/entry claims. No candidate-local alteration or proof dependency; no narrower false-rule witness was found in this audit.	
reference-semantics/semantics/builtins.k	5	23	23	rule	equational-rule		False	False	False	False	False	False	False	False	False	False	False	False	2a8eb099e13e3f2029c0df3fe4e68c51811a9d5c19fc87025e46f90164958630	  rule seqLen(tuple(VS:ValSeq))                 => vsLen(VS)	SUPPLIED_FIXED_SEMANTICS_UNUSED	Byte-identical to the trusted supplied semantics and not reachable from the submitted body/entry claims. No candidate-local alteration or proof dependency; no narrower false-rule witness was found in this audit.	
reference-semantics/semantics/builtins.k	6	24	24	rule	equational-rule		False	False	False	False	False	False	False	False	False	False	False	False	db386182d466eebb95f6cf9407399b7178abb276be49eb292a7722c844d8a511	  rule seqLen(str(IS:IntSeq))                   => isLen(IS)	SUPPLIED_FIXED_SEMANTICS_UNUSED	Byte-identical to the trusted supplied semantics and not reachable from the submitted body/entry claims. No candidate-local alteration or proof dependency; no narrower false-rule witness was found in this audit.	
reference-semantics/semantics/builtins.k	7	25	25	rule	equational-rule		False	False	False	False	False	False	False	False	False	False	False	False	c597ed65e8ff595399d1919312a3dd5ae28e92d3e5eae4d0c734266c1491da71	  rule seqLen(setV(DS:IntSeq))                  => isLen(DS)	SUPPLIED_FIXED_SEMANTICS_UNUSED	Byte-identical to the trusted supplied semantics and not reachable from the submitted body/entry claims. No candidate-local alteration or proof dependency; no narrower false-rule witness was found in this audit.	
reference-semantics/semantics/builtins.k	8	26	26	rule	equational-rule		False	False	False	False	False	False	False	False	False	False	False	False	441d6449c7d3f89c39bcf80d54e80f1dfdcdeb4c149f66c5006d9d157b60a6f1	  rule seqLen(rangeObj(LO:Int, HI:Int, ST:Int)) => rangeLen(LO, HI, ST)	SUPPLIED_FIXED_SEMANTICS_UNUSED	Byte-identical to the trusted supplied semantics and not reachable from the submitted body/entry claims. No candidate-local alteration or proof dependency; no narrower false-rule witness was found in this audit.	
reference-semantics/semantics/builtins.k	9	32	32	rule	operational-rule		False	False	False	False	False	False	False	False	False	False	False	False	9aad60322b1d223c816a082c6dd7aaa0031520ffa7c887ceff7d189b2bf4290e	"  rule <k> #applyK(toCall(builtinV(""list"")), (list(VS:ValSeq),  .Vals)) => #alloc(list(VS)) ... </k>"	SUPPLIED_FIXED_SEMANTICS_UNUSED	Byte-identical to the trusted supplied semantics and not reachable from the submitted body/entry claims. No candidate-local alteration or proof dependency; no narrower false-rule witness was found in this audit.	
reference-semantics/semantics/builtins.k	10	33	33	rule	operational-rule		False	False	False	False	False	False	False	False	False	False	False	False	ac7736d6cb72610b0ce4260422ee667eb14af7a7f1272fdb0b409a0c7f8bf35c	"  rule <k> #applyK(toCall(builtinV(""list"")), (tuple(VS:ValSeq), .Vals)) => #alloc(list(VS)) ... </k>"	SUPPLIED_FIXED_SEMANTICS_UNUSED	Byte-identical to the trusted supplied semantics and not reachable from the submitted body/entry claims. No candidate-local alteration or proof dependency; no narrower false-rule witness was found in this audit.	
reference-semantics/semantics/builtins.k	11	34	34	rule	operational-rule		False	False	False	False	False	False	False	False	False	False	False	False	d60c4b0f5ed3ffef310dd1be9f0aa427a18e2e73fff79f95896f151a76f1095b	"  rule <k> #applyK(toCall(builtinV(""list"")), .Vals)                     => #alloc(list(.ValSeq)) ... </k>"	SUPPLIED_FIXED_SEMANTICS_UNUSED	Byte-identical to the trusted supplied semantics and not reachable from the submitted body/entry claims. No candidate-local alteration or proof dependency; no narrower false-rule witness was found in this audit.	
reference-semantics/semantics/builtins.k	12	35	35	rule	operational-rule		False	False	False	False	False	False	False	False	False	False	False	False	a689979f9d6af9d0a10eec7acb5fe710478a29f5ef28faf0c4facac8d915e45c	"  rule <k> #applyK(toCall(builtinV(""list"")), (str(CS:IntSeq), .Vals))   => #alloc(list(charsOf(CS))) ... </k>"	SUPPLIED_FIXED_SEMANTICS_UNUSED	Byte-identical to the trusted supplied semantics and not reachable from the submitted body/entry claims. No candidate-local alteration or proof dependency; no narrower false-rule witness was found in this audit.	
reference-semantics/semantics/builtins.k	13	36	36	syntax	syntax-declaration	function, total	True	False	True	False	False	False	False	False	False	False	False	False	d5cf987a32554927c5a38c7b9aa5929b1b5a4a7661b965507187c2e6671e3b58	  syntax ValSeq ::= charsOf(IntSeq) [function, total]	SUPPLIED_FIXED_SEMANTICS_UNUSED	Byte-identical to the trusted supplied semantics and not reachable from the submitted body/entry claims. No candidate-local alteration or proof dependency; no narrower false-rule witness was found in this audit.	
reference-semantics/semantics/builtins.k	14	37	37	rule	equational-rule		False	False	False	False	False	False	False	False	False	False	False	False	5ba1845bc20c80babc7b2a7e3c03b9637c4924988151dc548f317e856f0e7f64	  rule charsOf(.IntSeq)                => .ValSeq	SUPPLIED_FIXED_SEMANTICS_UNUSED	Byte-identical to the trusted supplied semantics and not reachable from the submitted body/entry claims. No candidate-local alteration or proof dependency; no narrower false-rule witness was found in this audit.	
reference-semantics/semantics/builtins.k	15	38	38	rule	equational-rule		False	False	False	False	False	False	False	False	False	False	False	False	567eb768a66d1c2167369d74fef0d847b3684a32b63eae45e9c789d6833f141a	  rule charsOf(iCons(C:Int, R:IntSeq)) => vCons(str(iCons(C, .IntSeq)), charsOf(R))	SUPPLIED_FIXED_SEMANTICS_UNUSED	Byte-identical to the trusted supplied semantics and not reachable from the submitted body/entry claims. No candidate-local alteration or proof dependency; no narrower false-rule witness was found in this audit.	
reference-semantics/semantics/builtins.k	16	41	41	rule	equational-rule		False	False	False	False	False	False	False	False	False	False	False	False	87c52633d34e02aa3f1ed0a90b790c109c94744628366d7e02cf3132c7aa8117	"  rule applyBuiltin(""set"", str(CS:IntSeq), .Vals) => setV(dedupCodes(CS))"	SUPPLIED_FIXED_SEMANTICS_UNUSED	Byte-identical to the trusted supplied semantics and not reachable from the submitted body/entry claims. No candidate-local alteration or proof dependency; no narrower false-rule witness was found in this audit.	
reference-semantics/semantics/builtins.k	17	44	44	rule	equational-rule		False	False	False	False	False	False	False	False	False	False	False	False	f377e151fe58ce4b98fc255493693c4cdffefb311024f7ae7fb4442b426cd7d1	"  rule applyBuiltin(""abs"", I:Int, .Vals) => absInt(I)"	SUPPLIED_FIXED_SEMANTICS_UNUSED	Byte-identical to the trusted supplied semantics and not reachable from the submitted body/entry claims. No candidate-local alteration or proof dependency; no narrower false-rule witness was found in this audit.	
reference-semantics/semantics/builtins.k	18	47	47	syntax	syntax-declaration		False	False	False	False	False	False	False	False	False	False	False	False	cc05186fc333804cdf1b3c79d5e9dd79478e1a3dfb999fa9f99882c3be983a52	  syntax KItem ::= #sumAcc(Iterable, Int) | #sumCont(Int)	SUPPLIED_FIXED_SEMANTICS_UNUSED	Byte-identical to the trusted supplied semantics and not reachable from the submitted body/entry claims. No candidate-local alteration or proof dependency; no narrower false-rule witness was found in this audit.	
reference-semantics/semantics/builtins.k	19	48	48	rule	operational-rule		False	False	False	False	False	False	False	False	False	False	False	False	c532bf1824ac3f703699dc7b6b22652cce69d7f9d8fab651a2730f2cd295dc3c	  rule <k> #sumAcc(IT:Iterable, ACC:Int) => #iterNext(IT) ~> #sumCont(ACC) ... </k>	SUPPLIED_FIXED_SEMANTICS_UNUSED	Byte-identical to the trusted supplied semantics and not reachable from the submitted body/entry claims. No candidate-local alteration or proof dependency; no narrower false-rule witness was found in this audit.	
reference-semantics/semantics/builtins.k	20	49	49	rule	operational-rule		False	False	False	False	False	False	False	False	False	False	False	False	a34da6d6f5479cb2d96d424234c517a578d26626ce75518e51d191dfa8ed0b3e	  rule <k> #iterDone ~> #sumCont(ACC:Int) => ACC ... </k>	SUPPLIED_FIXED_SEMANTICS_UNUSED	Byte-identical to the trusted supplied semantics and not reachable from the submitted body/entry claims. No candidate-local alteration or proof dependency; no narrower false-rule witness was found in this audit.	
reference-semantics/semantics/builtins.k	21	50	52	rule	operational-rule		False	False	False	False	False	False	False	False	False	False	False	False	5b0273dd28c246b7e69966c8bfa8857483afa05b399c914ab4127e7c7d3509cd	  rule <k> #iterYield(V:Val, R:Iterable) ~> #sumCont(ACC:Int)\n        => #sumAcc(R, ACC +Int intOf(V)) ... </k>\n       requires isInt(V) orBool isBool(V)	SUPPLIED_FIXED_SEMANTICS_UNUSED	Byte-identical to the trusted supplied semantics and not reachable from the submitted body/entry claims. No candidate-local alteration or proof dependency; no narrower false-rule witness was found in this audit.	
reference-semantics/semantics/builtins.k	22	54	54	syntax	syntax-declaration	function	True	False	False	False	False	False	False	False	False	False	False	False	3330d50b7dee4bc9d3e3550216ad9c94050d26c6e6a96796e7460b78ab7b11a8	  syntax Int ::= intOf(Val) [function]	SUPPLIED_FIXED_SEMANTICS_UNUSED	Byte-identical to the trusted supplied semantics and not reachable from the submitted body/entry claims. No candidate-local alteration or proof dependency; no narrower false-rule witness was found in this audit.	
reference-semantics/semantics/builtins.k	23	55	55	rule	equational-rule		False	False	False	False	False	False	False	False	False	False	False	False	a813c0687189fc8f83d56a683cf96e5b440246e14f12be11878486a801f06b5a	  rule intOf(I:Int)  => I	SUPPLIED_FIXED_SEMANTICS_UNUSED	Byte-identical to the trusted supplied semantics and not reachable from the submitted body/entry claims. No candidate-local alteration or proof dependency; no narrower false-rule witness was found in this audit.	
reference-semantics/semantics/builtins.k	24	56	56	rule	equational-rule		False	False	False	False	False	False	False	False	False	False	False	False	75527181cb16d9c4619a21ff615a57db28ed82be96aaebee3e088ed502209450	  rule intOf(B:Bool) => #if B #then 1 #else 0 #fi	SUPPLIED_FIXED_SEMANTICS_UNUSED	Byte-identical to the trusted supplied semantics and not reachable from the submitted body/entry claims. No candidate-local alteration or proof dependency; no narrower false-rule witness was found in this audit.	
reference-semantics/semantics/builtins.k	25	59	59	syntax	syntax-declaration		False	False	False	False	False	False	False	False	False	False	False	False	e5197df0d2d2e1c53be819507dc0b81a4e88779f25f3d0396f8a4539d60b098e	"  syntax KItem ::= #allAcc(Iterable) | ""#allCont"""	SUPPLIED_FIXED_SEMANTICS_UNUSED	Byte-identical to the trusted supplied semantics and not reachable from the submitted body/entry claims. No candidate-local alteration or proof dependency; no narrower false-rule witness was found in this audit.	
reference-semantics/semantics/builtins.k	26	60	60	rule	operational-rule		False	False	False	False	False	False	False	False	False	False	False	False	969f76a6cdd97b2f1042729dd57438a4b5f5699455bdd1da13b55d4c73e24c18	  rule <k> #allAcc(IT:Iterable) => #iterNext(IT) ~> #allCont ... </k>	SUPPLIED_FIXED_SEMANTICS_UNUSED	Byte-identical to the trusted supplied semantics and not reachable from the submitted body/entry claims. No candidate-local alteration or proof dependency; no narrower false-rule witness was found in this audit.	
reference-semantics/semantics/builtins.k	27	61	61	rule	operational-rule		False	False	False	False	False	False	False	False	False	False	False	False	b87198ea120558bdd7e643d782de2ef5ccb496fd82875602225f5d6122a0d674	  rule <k> #iterDone ~> #allCont => true ... </k>	SUPPLIED_FIXED_SEMANTICS_UNUSED	Byte-identical to the trusted supplied semantics and not reachable from the submitted body/entry claims. No candidate-local alteration or proof dependency; no narrower false-rule witness was found in this audit.	
reference-semantics/semantics/builtins.k	28	62	63	rule	operational-rule		False	False	False	False	False	False	False	False	False	False	False	False	255220dc3925ca6e2cc1adab7b9e0bab26919dbf0e19c1b41ea519918e61835d	  rule <k> #iterYield(V:Val, R:Iterable) ~> #allCont => #allAcc(R) ... </k>\n       requires truthy(V)	SUPPLIED_FIXED_SEMANTICS_UNUSED	Byte-identical to the trusted supplied semantics and not reachable from the submitted body/entry claims. No candidate-local alteration or proof dependency; no narrower false-rule witness was found in this audit.	
reference-semantics/semantics/builtins.k	29	64	65	rule	operational-rule		False	False	False	False	False	False	False	False	False	False	False	False	4ed3b01aeaa1a6a50b7e57525797fe6880a4eee511c4b6bc4d2e3e32cb2efce6	  rule <k> #iterYield(V:Val, _:Iterable) ~> #allCont => false ... </k>\n       requires notBool truthy(V)	SUPPLIED_FIXED_SEMANTICS_UNUSED	Byte-identical to the trusted supplied semantics and not reachable from the submitted body/entry claims. No candidate-local alteration or proof dependency; no narrower false-rule witness was found in this audit.	
reference-semantics/semantics/builtins.k	30	67	67	syntax	syntax-declaration		False	False	False	False	False	False	False	False	False	False	False	False	f2cf763d3b8e5a376d6e9dba16b866558c96251c080ffab1e41b0fbfabf52267	"  syntax KItem ::= #anyAcc(Iterable) | ""#anyCont"""	SUPPLIED_FIXED_SEMANTICS_UNUSED	Byte-identical to the trusted supplied semantics and not reachable from the submitted body/entry claims. No candidate-local alteration or proof dependency; no narrower false-rule witness was found in this audit.	
reference-semantics/semantics/builtins.k	31	68	68	rule	operational-rule		False	False	False	False	False	False	False	False	False	False	False	False	e5008c2bfb91daad53926c1c149e44b55c974e4a5b25bb6b6427b4d964537054	  rule <k> #anyAcc(IT:Iterable) => #iterNext(IT) ~> #anyCont ... </k>	SUPPLIED_FIXED_SEMANTICS_UNUSED	Byte-identical to the trusted supplied semantics and not reachable from the submitted body/entry claims. No candidate-local alteration or proof dependency; no narrower false-rule witness was found in this audit.	
reference-semantics/semantics/builtins.k	32	69	69	rule	operational-rule		False	False	False	False	False	False	False	False	False	False	False	False	5d2e466abb2769880d969db2ebf9273e10f27c5259dcd8289339dc351945a843	  rule <k> #iterDone ~> #anyCont => false ... </k>	SUPPLIED_FIXED_SEMANTICS_UNUSED	Byte-identical to the trusted supplied semantics and not reachable from the submitted body/entry claims. No candidate-local alteration or proof dependency; no narrower false-rule witness was found in this audit.	
reference-semantics/semantics/builtins.k	33	70	71	rule	operational-rule		False	False	False	False	False	False	False	False	False	False	False	False	bbf32d6e3a68bbc7f9be27a06805a4be7315f43bb337cf4dd387db03bcdefebf	  rule <k> #iterYield(V:Val, _:Iterable) ~> #anyCont => true ... </k>\n       requires truthy(V)	SUPPLIED_FIXED_SEMANTICS_UNUSED	Byte-identical to the trusted supplied semantics and not reachable from the submitted body/entry claims. No candidate-local alteration or proof dependency; no narrower false-rule witness was found in this audit.	
reference-semantics/semantics/builtins.k	34	72	73	rule	operational-rule		False	False	False	False	False	False	False	False	False	False	False	False	c3a6e8e1951ce3e9b70078e39c4fddfbffe7d9a2f6690fa192273c2e59729fed	  rule <k> #iterYield(V:Val, R:Iterable) ~> #anyCont => #anyAcc(R) ... </k>\n       requires notBool truthy(V)	SUPPLIED_FIXED_SEMANTICS_UNUSED	Byte-identical to the trusted supplied semantics and not reachable from the submitted body/entry claims. No candidate-local alteration or proof dependency; no narrower false-rule witness was found in this audit.	
reference-semantics/semantics/builtins.k	35	76	76	syntax	syntax-declaration		False	False	False	False	False	False	False	False	False	False	False	False	41e16aee4c8a4af66b3e46497dda394e3935c2823461385cc5acd63d77b5c57f	"  syntax KItem ::= #maxAcc0(Iterable) | ""#maxCont0"" | #maxAcc(Iterable, Int) | #maxCont(Int)"	SUPPLIED_FIXED_SEMANTICS_UNUSED	Byte-identical to the trusted supplied semantics and not reachable from the submitted body/entry claims. No candidate-local alteration or proof dependency; no narrower false-rule witness was found in this audit.	
reference-semantics/semantics/builtins.k	36	77	77	rule	operational-rule		False	False	False	False	False	False	False	False	False	False	False	False	3ab0b276006397045970c2d458eb6a36356b5d68fc41c8a837771cc24f688606	  rule <k> #maxAcc0(IT:Iterable) => #iterNext(IT) ~> #maxCont0 ... </k>	SUPPLIED_FIXED_SEMANTICS_UNUSED	Byte-identical to the trusted supplied semantics and not reachable from the submitted body/entry claims. No candidate-local alteration or proof dependency; no narrower false-rule witness was found in this audit.	
reference-semantics/semantics/builtins.k	37	78	79	rule	operational-rule		False	False	False	False	False	False	False	False	False	False	False	False	ed12ba4840b08831729bd51d53d128405d0a74344ff4c9895bd4e7b827d4e476	  rule <k> #iterYield(V:Val, R:Iterable) ~> #maxCont0 => #maxAcc(R, {V}:>Int) ... </k>\n       requires isInt(V)	SUPPLIED_FIXED_SEMANTICS_UNUSED	Byte-identical to the trusted supplied semantics and not reachable from the submitted body/entry claims. No candidate-local alteration or proof dependency; no narrower false-rule witness was found in this audit.	
reference-semantics/semantics/builtins.k	38	80	80	rule	operational-rule		False	False	False	False	False	False	False	False	False	False	False	False	4924f1ccdbe80b4d350a970323ca3e6f88c161f889fa8b50d5428a23da46da8c	  rule <k> #maxAcc(IT:Iterable, M:Int) => #iterNext(IT) ~> #maxCont(M) ... </k>	SUPPLIED_FIXED_SEMANTICS_UNUSED	Byte-identical to the trusted supplied semantics and not reachable from the submitted body/entry claims. No candidate-local alteration or proof dependency; no narrower false-rule witness was found in this audit.	
reference-semantics/semantics/builtins.k	39	81	81	rule	operational-rule		False	False	False	False	False	False	False	False	False	False	False	False	cc73f3272baab71618c80c9fc916b02964c544f926d81a87d1cda788bf3eb941	  rule <k> #iterDone ~> #maxCont(M:Int) => M ... </k>	SUPPLIED_FIXED_SEMANTICS_UNUSED	Byte-identical to the trusted supplied semantics and not reachable from the submitted body/entry claims. No candidate-local alteration or proof dependency; no narrower false-rule witness was found in this audit.	
reference-semantics/semantics/builtins.k	40	82	84	rule	operational-rule		False	False	False	False	False	False	False	False	False	False	False	False	d7ebbd5d55acbc0526612c3f05880a37c7fb12f7817ef1850ab9faaf9bf3ad47	  rule <k> #iterYield(V:Val, R:Iterable) ~> #maxCont(M:Int)\n        => #maxAcc(R, maxInt(M, {V}:>Int)) ... </k>\n       requires isInt(V)	SUPPLIED_FIXED_SEMANTICS_UNUSED	Byte-identical to the trusted supplied semantics and not reachable from the submitted body/entry claims. No candidate-local alteration or proof dependency; no narrower false-rule witness was found in this audit.	
reference-semantics/semantics/builtins.k	41	86	86	syntax	syntax-declaration		False	False	False	False	False	False	False	False	False	False	False	False	c45d005523921898334589ada23af90adee811ef183c484eec7cf19a5b6bab62	"  syntax KItem ::= #minAcc0(Iterable) | ""#minCont0"" | #minAcc(Iterable, Int) | #minCont(Int)"	SUPPLIED_FIXED_SEMANTICS_UNUSED	Byte-identical to the trusted supplied semantics and not reachable from the submitted body/entry claims. No candidate-local alteration or proof dependency; no narrower false-rule witness was found in this audit.	
reference-semantics/semantics/builtins.k	42	87	87	rule	operational-rule		False	False	False	False	False	False	False	False	False	False	False	False	5d13a7b7e626015f51eb98917cf65b1d2975e8761596fb5d934206b0a052aca9	  rule <k> #minAcc0(IT:Iterable) => #iterNext(IT) ~> #minCont0 ... </k>	SUPPLIED_FIXED_SEMANTICS_UNUSED	Byte-identical to the trusted supplied semantics and not reachable from the submitted body/entry claims. No candidate-local alteration or proof dependency; no narrower false-rule witness was found in this audit.	
reference-semantics/semantics/builtins.k	43	88	89	rule	operational-rule		False	False	False	False	False	False	False	False	False	False	False	False	90c849dc84ec8a4f7696b17d651adb3ced5083c695da590d4f52042454f951c6	  rule <k> #iterYield(V:Val, R:Iterable) ~> #minCont0 => #minAcc(R, {V}:>Int) ... </k>\n       requires isInt(V)	SUPPLIED_FIXED_SEMANTICS_UNUSED	Byte-identical to the trusted supplied semantics and not reachable from the submitted body/entry claims. No candidate-local alteration or proof dependency; no narrower false-rule witness was found in this audit.	
reference-semantics/semantics/builtins.k	44	90	90	rule	operational-rule		False	False	False	False	False	False	False	False	False	False	False	False	52739194efe4a673a8534f25df2063677595695c6655c8f7931b0449d3135c36	  rule <k> #minAcc(IT:Iterable, M:Int) => #iterNext(IT) ~> #minCont(M) ... </k>	SUPPLIED_FIXED_SEMANTICS_UNUSED	Byte-identical to the trusted supplied semantics and not reachable from the submitted body/entry claims. No candidate-local alteration or proof dependency; no narrower false-rule witness was found in this audit.	
reference-semantics/semantics/builtins.k	45	91	91	rule	operational-rule		False	False	False	False	False	False	False	False	False	False	False	False	1917bcb42dd6fbfae69e51e10d208dd85fb49ad35ed729da48feb22c3f8664bd	  rule <k> #iterDone ~> #minCont(M:Int) => M ... </k>	SUPPLIED_FIXED_SEMANTICS_UNUSED	Byte-identical to the trusted supplied semantics and not reachable from the submitted body/entry claims. No candidate-local alteration or proof dependency; no narrower false-rule witness was found in this audit.	
reference-semantics/semantics/builtins.k	46	92	94	rule	operational-rule		False	False	False	False	False	False	False	False	False	False	False	False	7ff23bebf03977d48b00522cc9762f0322f57c6bdda36a70b61d06437403124e	  rule <k> #iterYield(V:Val, R:Iterable) ~> #minCont(M:Int)\n        => #minAcc(R, minInt(M, {V}:>Int)) ... </k>\n       requires isInt(V)	SUPPLIED_FIXED_SEMANTICS_UNUSED	Byte-identical to the trusted supplied semantics and not reachable from the submitted body/entry claims. No candidate-local alteration or proof dependency; no narrower false-rule witness was found in this audit.	
reference-semantics/semantics/builtins.k	47	97	97	syntax	syntax-declaration	function	True	False	False	False	False	False	False	False	False	False	False	False	eadae0c5f6e867d8f679143206676f28ee1b283e6546fb6c64c5fa14820e9ad8	  syntax Int ::= maxVals(Int, Vals) [function]	SUPPLIED_FIXED_SEMANTICS_UNUSED	Byte-identical to the trusted supplied semantics and not reachable from the submitted body/entry claims. No candidate-local alteration or proof dependency; no narrower false-rule witness was found in this audit.	
reference-semantics/semantics/builtins.k	48	98	98	rule	equational-rule		False	False	False	False	False	False	False	False	False	False	False	False	c2058b9902f179875719e8eb7bd7132d97039afa659c87841fdd706539f23869	"  rule applyBuiltin(""max"", I:Int, REST:Vals) => maxVals(I, REST)"	SUPPLIED_FIXED_SEMANTICS_UNUSED	Byte-identical to the trusted supplied semantics and not reachable from the submitted body/entry claims. No candidate-local alteration or proof dependency; no narrower false-rule witness was found in this audit.	
reference-semantics/semantics/builtins.k	49	99	99	rule	equational-rule		False	False	False	False	False	False	False	False	False	False	False	False	351480ffaea4957629a3f482ce0a6c598f4a06381eed63998ca3a4630f5e2eb5	  rule maxVals(M:Int, .Vals)           => M	SUPPLIED_FIXED_SEMANTICS_UNUSED	Byte-identical to the trusted supplied semantics and not reachable from the submitted body/entry claims. No candidate-local alteration or proof dependency; no narrower false-rule witness was found in this audit.	
reference-semantics/semantics/builtins.k	50	100	100	rule	equational-rule		False	False	False	False	False	False	False	False	False	False	False	False	c25e8cec2ea6bb79ab3fe1b8cfa54e46236e1b39c1a6672791b6d0d57682f386	  rule maxVals(M:Int, (I:Int, R:Vals)) => maxVals(maxInt(M, I), R)	SUPPLIED_FIXED_SEMANTICS_UNUSED	Byte-identical to the trusted supplied semantics and not reachable from the submitted body/entry claims. No candidate-local alteration or proof dependency; no narrower false-rule witness was found in this audit.	
reference-semantics/semantics/builtins.k	51	102	102	syntax	syntax-declaration	function	True	False	False	False	False	False	False	False	False	False	False	False	7fcf5ef4cda590aa6f4d7261b60269b2b4efa20f12b892978f1cea7a86243a64	  syntax Int ::= minVals(Int, Vals) [function]	SUPPLIED_FIXED_SEMANTICS_UNUSED	Byte-identical to the trusted supplied semantics and not reachable from the submitted body/entry claims. No candidate-local alteration or proof dependency; no narrower false-rule witness was found in this audit.	
reference-semantics/semantics/builtins.k	52	103	103	rule	equational-rule		False	False	False	False	False	False	False	False	False	False	False	False	43600e28101adaa338e2ed99bab41f388ea3f4c54695fd1bd95f50f68c28ce79	"  rule applyBuiltin(""min"", I:Int, REST:Vals) => minVals(I, REST)"	SUPPLIED_FIXED_SEMANTICS_UNUSED	Byte-identical to the trusted supplied semantics and not reachable from the submitted body/entry claims. No candidate-local alteration or proof dependency; no narrower false-rule witness was found in this audit.	
reference-semantics/semantics/builtins.k	53	104	104	rule	equational-rule		False	False	False	False	False	False	False	False	False	False	False	False	c96176c7a47e5021a8cfbad6eff16ff1cefa62ff64310cc638589f4750a2b276	  rule minVals(M:Int, .Vals)           => M	SUPPLIED_FIXED_SEMANTICS_UNUSED	Byte-identical to the trusted supplied semantics and not reachable from the submitted body/entry claims. No candidate-local alteration or proof dependency; no narrower false-rule witness was found in this audit.	
reference-semantics/semantics/builtins.k	54	105	105	rule	equational-rule		False	False	False	False	False	False	False	False	False	False	False	False	5ab0185ff0b6dcb9ff5aef4557de3497b550edae095eafaa8febfead4d914d63	  rule minVals(M:Int, (I:Int, R:Vals)) => minVals(minInt(M, I), R)	SUPPLIED_FIXED_SEMANTICS_UNUSED	Byte-identical to the trusted supplied semantics and not reachable from the submitted body/entry claims. No candidate-local alteration or proof dependency; no narrower false-rule witness was found in this audit.	
reference-semantics/semantics/builtins.k	55	108	109	rule	equational-rule		False	False	False	False	False	False	False	False	False	False	False	False	7e44fd669257d5cc60c53397ad73e6b51a7a323a6ce99619ddc183733de58492	"  rule applyBuiltin(""bin"", N:Int, .Vals) => str(iCons(48, iCons(98, binCodes(N))))\n       requires N >=Int 0"	SUPPLIED_FIXED_SEMANTICS_UNUSED	Byte-identical to the trusted supplied semantics and not reachable from the submitted body/entry claims. No candidate-local alteration or proof dependency; no narrower false-rule witness was found in this audit.	
reference-semantics/semantics/builtins.k	56	111	113	rule	equational-rule		False	False	False	False	False	False	False	False	False	False	False	False	2161e89cba312f597a747bbf7832b5201b11cee9d358922959386ed706b08925	"  rule applyBuiltin(""bin"", N:Int, .Vals)\n    => str(iCons(45, iCons(48, iCons(98, binCodes(0 -Int N)))))\n       requires N <Int 0"	SUPPLIED_FIXED_SEMANTICS_UNUSED	Byte-identical to the trusted supplied semantics and not reachable from the submitted body/entry claims. No candidate-local alteration or proof dependency; no narrower false-rule witness was found in this audit.	
reference-semantics/semantics/builtins.k	57	114	114	syntax	syntax-declaration	function, total	True	False	True	False	False	False	False	False	False	False	False	False	944061b97dda0effa2876c557a050d28cafca7b2d078584d46e987d80f54757a	  syntax IntSeq ::= binCodes(Int) [function, total]	SUPPLIED_FIXED_SEMANTICS_UNUSED	Byte-identical to the trusted supplied semantics and not reachable from the submitted body/entry claims. No candidate-local alteration or proof dependency; no narrower false-rule witness was found in this audit.	
reference-semantics/semantics/builtins.k	58	115	115	rule	equational-rule		False	False	False	False	False	False	False	False	False	False	False	False	fe36cd4c447d93b79c5bfc65abae08c53db13bbf5acea67c9c4eee3190fde8f2	  rule binCodes(0) => iCons(48, .IntSeq)	SUPPLIED_FIXED_SEMANTICS_UNUSED	Byte-identical to the trusted supplied semantics and not reachable from the submitted body/entry claims. No candidate-local alteration or proof dependency; no narrower false-rule witness was found in this audit.	
reference-semantics/semantics/builtins.k	59	116	116	rule	equational-rule		False	False	False	False	False	False	False	False	False	False	False	False	695c9c0e1367e1ab063e12994cb2264c77df06218b1179bb234549262a87d460	  rule binCodes(N:Int) => binAcc(N, .IntSeq) requires N >Int 0	SUPPLIED_FIXED_SEMANTICS_UNUSED	Byte-identical to the trusted supplied semantics and not reachable from the submitted body/entry claims. No candidate-local alteration or proof dependency; no narrower false-rule witness was found in this audit.	
reference-semantics/semantics/builtins.k	60	117	117	syntax	syntax-declaration	function, total	True	False	True	False	False	False	False	False	False	False	False	False	54aea29f2cd3b5c5ba78a28efdb27ade7f5f91dfbd2217d5965530340523c086	  syntax IntSeq ::= binAcc(Int, IntSeq) [function, total]	SUPPLIED_FIXED_SEMANTICS_UNUSED	Byte-identical to the trusted supplied semantics and not reachable from the submitted body/entry claims. No candidate-local alteration or proof dependency; no narrower false-rule witness was found in this audit.	
reference-semantics/semantics/builtins.k	61	118	118	rule	equational-rule		False	False	False	False	False	False	False	False	False	False	False	False	2f2e1baeaafac88296a71e7d13b62425d3beed24e5a507ab4308429629f0a37a	  rule binAcc(0, ACC:IntSeq) => ACC	SUPPLIED_FIXED_SEMANTICS_UNUSED	Byte-identical to the trusted supplied semantics and not reachable from the submitted body/entry claims. No candidate-local alteration or proof dependency; no narrower false-rule witness was found in this audit.	
reference-semantics/semantics/builtins.k	62	119	121	rule	equational-rule		False	False	False	False	False	False	False	False	False	False	False	False	0a6906b1bf981aff24d547750ce3cb380012d8ea8095cbc0c27e903ab10ec210	  rule binAcc(N:Int, ACC:IntSeq)\n    => binAcc((N -Int pyMod(N, 2)) /Int 2, iCons(48 +Int pyMod(N, 2), ACC))\n       requires N >Int 0	SUPPLIED_FIXED_SEMANTICS_UNUSED	Byte-identical to the trusted supplied semantics and not reachable from the submitted body/entry claims. No candidate-local alteration or proof dependency; no narrower false-rule witness was found in this audit.	
reference-semantics/semantics/builtins.k	63	124	125	rule	operational-rule		False	False	False	False	False	False	False	False	False	False	False	False	4b1ebead56a3693fa4c2c9cfa5ebd175cc7463fbc76707b081b507c7f3f69c3a	"  rule <k> #applyK(toCall(builtinV(""enumerate"")), (list(VS:ValSeq), .Vals))\n        => #alloc(list(enumVS(VS, 0))) ... </k>"	SUPPLIED_FIXED_SEMANTICS_UNUSED	Byte-identical to the trusted supplied semantics and not reachable from the submitted body/entry claims. No candidate-local alteration or proof dependency; no narrower false-rule witness was found in this audit.	
reference-semantics/semantics/builtins.k	64	126	126	syntax	syntax-declaration	function, total	True	False	True	False	False	False	False	False	False	False	False	False	ca1d97041fb99668922ddfb2b6c5d2b148a79013b6461dddfbc9406000efc8ca	  syntax ValSeq ::= enumVS(ValSeq, Int) [function, total]	SUPPLIED_FIXED_SEMANTICS_UNUSED	Byte-identical to the trusted supplied semantics and not reachable from the submitted body/entry claims. No candidate-local alteration or proof dependency; no narrower false-rule witness was found in this audit.	
reference-semantics/semantics/builtins.k	65	127	127	rule	equational-rule		False	False	False	False	False	False	False	False	False	False	False	False	f31b006292f903eb4b6c9bba50f48e51f3d611957535c219506b006e3b56aaf4	  rule enumVS(.ValSeq, _:Int) => .ValSeq	SUPPLIED_FIXED_SEMANTICS_UNUSED	Byte-identical to the trusted supplied semantics and not reachable from the submitted body/entry claims. No candidate-local alteration or proof dependency; no narrower false-rule witness was found in this audit.	
reference-semantics/semantics/builtins.k	66	128	129	rule	equational-rule		False	False	False	False	False	False	False	False	False	False	False	False	c92bf1d71168048b7a799f0e562e8e65e82ac74cc47c9bdfe6479122663a7159	  rule enumVS(vCons(V:Val, R:ValSeq), I:Int)\n    => vCons(tuple(vCons(I, vCons(V, .ValSeq))), enumVS(R, I +Int 1))	SUPPLIED_FIXED_SEMANTICS_UNUSED	Byte-identical to the trusted supplied semantics and not reachable from the submitted body/entry claims. No candidate-local alteration or proof dependency; no narrower false-rule witness was found in this audit.	
reference-semantics/semantics/builtins.k	67	132	133	rule	operational-rule		False	False	False	False	False	False	False	False	False	False	False	False	d317ed75de9ba9d2800fc34cd88e4e26a90bd1d8ef40a8d8f1980669a92e9505	"  rule <k> #applyK(toCall(builtinV(""map"")), (typeV(""str""), list(VS:ValSeq), .Vals))\n        => #alloc(list(mapStrVS(VS))) ... </k>"	SUPPLIED_FIXED_SEMANTICS_UNUSED	Byte-identical to the trusted supplied semantics and not reachable from the submitted body/entry claims. No candidate-local alteration or proof dependency; no narrower false-rule witness was found in this audit.	
reference-semantics/semantics/builtins.k	68	134	134	syntax	syntax-declaration	function, total	True	False	True	False	False	False	False	False	False	False	False	False	700e1a12f9f262bb02fb8bcec0683845b618699ecf9ceb4fb6a6399105c2fc49	  syntax ValSeq ::= mapStrVS(ValSeq) [function, total]	SUPPLIED_FIXED_SEMANTICS_UNUSED	Byte-identical to the trusted supplied semantics and not reachable from the submitted body/entry claims. No candidate-local alteration or proof dependency; no narrower false-rule witness was found in this audit.	
reference-semantics/semantics/builtins.k	69	135	135	rule	equational-rule		False	False	False	False	False	False	False	False	False	False	False	False	ac397a45648a5cc676d53cbb821f8714646dc5249401ed4366e38ce9f18e396e	  rule mapStrVS(.ValSeq) => .ValSeq	SUPPLIED_FIXED_SEMANTICS_UNUSED	Byte-identical to the trusted supplied semantics and not reachable from the submitted body/entry claims. No candidate-local alteration or proof dependency; no narrower false-rule witness was found in this audit.	
reference-semantics/semantics/builtins.k	70	136	136	rule	equational-rule		False	False	False	False	False	False	False	False	False	False	False	False	380151a002809645d5be2739524d22bdbf3c01a4914b59d09697b68704b490d3	  rule mapStrVS(vCons(I:Int, R:ValSeq)) => vCons(str(strToCodes(Int2String(I))), mapStrVS(R))	SUPPLIED_FIXED_SEMANTICS_UNUSED	Byte-identical to the trusted supplied semantics and not reachable from the submitted body/entry claims. No candidate-local alteration or proof dependency; no narrower false-rule witness was found in this audit.	
reference-semantics/semantics/builtins.k	71	137	137	rule	equational-rule		False	False	False	False	False	False	False	False	False	False	False	False	18e4048be349515472dd410bc4fc0e8ecde733f6986d22d7fc7fe3d119bfe724	  rule mapStrVS(vCons(str(CS:IntSeq), R:ValSeq)) => vCons(str(CS), mapStrVS(R))	SUPPLIED_FIXED_SEMANTICS_UNUSED	Byte-identical to the trusted supplied semantics and not reachable from the submitted body/entry claims. No candidate-local alteration or proof dependency; no narrower false-rule witness was found in this audit.	
reference-semantics/semantics/builtins.k	72	140	140	rule	equational-rule		False	False	False	False	False	False	False	False	False	False	False	False	ac3a0436925d86c1c8bcfc40e2a316f8976986b21e745d6ceb3ecf428448963f	"  rule applyBuiltin(""int"", I:Int, .Vals) => I"	SUPPLIED_FIXED_SEMANTICS_UNUSED	Byte-identical to the trusted supplied semantics and not reachable from the submitted body/entry claims. No candidate-local alteration or proof dependency; no narrower false-rule witness was found in this audit.	
reference-semantics/semantics/builtins.k	73	143	143	rule	equational-rule		False	False	False	False	False	False	False	False	False	False	False	False	504661068a29adbf28a16479fa94fd5fb8160f6f194141f05f96f0bb56c8b64a	"  rule applyBuiltin(""ord"", str(iCons(C:Int, .IntSeq)), .Vals) => C"	SUPPLIED_FIXED_SEMANTICS_UNUSED	Byte-identical to the trusted supplied semantics and not reachable from the submitted body/entry claims. No candidate-local alteration or proof dependency; no narrower false-rule witness was found in this audit.	
reference-semantics/semantics/builtins.k	74	144	145	rule	equational-rule		False	False	False	False	False	False	False	False	False	False	False	False	b3e4c51c01377a5a9c00ad55827cbdef6f57cdc69a7857eb7584b4e92bdefd63	"  rule applyBuiltin(""chr"", I:Int, .Vals) => str(iCons(I, .IntSeq))\n       requires 0 <=Int I andBool I <Int 128"	SUPPLIED_FIXED_SEMANTICS_UNUSED	Byte-identical to the trusted supplied semantics and not reachable from the submitted body/entry claims. No candidate-local alteration or proof dependency; no narrower false-rule witness was found in this audit.	
reference-semantics/semantics/builtins.k	75	148	148	rule	equational-rule		False	False	False	False	False	False	False	False	False	False	False	False	168ceece5d8c6ebdaedd92241132ca44208432cae5170314de7ee2a69b894fba	"  rule applyBuiltin(""str"", I:Int, .Vals)       => str(strToCodes(Int2String(I)))"	SUPPLIED_FIXED_SEMANTICS_UNUSED	Byte-identical to the trusted supplied semantics and not reachable from the submitted body/entry claims. No candidate-local alteration or proof dependency; no narrower false-rule witness was found in this audit.	
reference-semantics/semantics/builtins.k	76	149	149	rule	equational-rule		False	False	False	False	False	False	False	False	False	False	False	False	b132e937cc1c52b420bfe019b7d9915a0a02d1c72651ce50bab8325adfb124a8	"  rule applyBuiltin(""str"", str(CS:IntSeq), .Vals) => str(CS)"	SUPPLIED_FIXED_SEMANTICS_UNUSED	Byte-identical to the trusted supplied semantics and not reachable from the submitted body/entry claims. No candidate-local alteration or proof dependency; no narrower false-rule witness was found in this audit.	
reference-semantics/semantics/builtins.k	77	152	153	rule	equational-rule		False	False	False	False	False	False	False	False	False	False	False	False	7411831fc8ef13bb4af2b59f7c402ed4967fb14073fcfcf7080c6075e1428ea4	"  rule applyBuiltin(""int"", str(iCons(C:Int, .IntSeq)), .Vals) => C -Int 48\n       requires 48 <=Int C andBool C <=Int 57"	SUPPLIED_FIXED_SEMANTICS_UNUSED	Byte-identical to the trusted supplied semantics and not reachable from the submitted body/entry claims. No candidate-local alteration or proof dependency; no narrower false-rule witness was found in this audit.	
reference-semantics/semantics/builtins.k	78	156	157	rule	equational-rule		False	False	False	False	False	False	False	False	False	False	False	False	0e9505e86b668ee2f5a4331251d63dd2945e029f4163ab395f3679495f6ac110	"  rule applyBuiltin(""int"", str(CS:IntSeq), .Vals) => intDigAcc(CS, 0)\n       requires isLen(CS) >=Int 2"	SUPPLIED_FIXED_SEMANTICS_UNUSED	Byte-identical to the trusted supplied semantics and not reachable from the submitted body/entry claims. No candidate-local alteration or proof dependency; no narrower false-rule witness was found in this audit.	
reference-semantics/semantics/builtins.k	79	158	158	syntax	syntax-declaration	function, total	True	False	True	False	False	False	False	False	False	False	False	False	afc7b8cff48dab209a0a60bdbc12d4d34f466c57ac01accabe61d5c003b7cd7c	  syntax Int ::= intDigAcc(IntSeq, Int) [function, total]	SUPPLIED_FIXED_SEMANTICS_UNUSED	Byte-identical to the trusted supplied semantics and not reachable from the submitted body/entry claims. No candidate-local alteration or proof dependency; no narrower false-rule witness was found in this audit.	
reference-semantics/semantics/builtins.k	80	159	159	rule	equational-rule		False	False	False	False	False	False	False	False	False	False	False	False	cacdc5ed650d9300ae7ec509c1aff327c7bd327ea9f77d699397f36998e2a376	  rule intDigAcc(.IntSeq, ACC:Int)             => ACC	SUPPLIED_FIXED_SEMANTICS_UNUSED	Byte-identical to the trusted supplied semantics and not reachable from the submitted body/entry claims. No candidate-local alteration or proof dependency; no narrower false-rule witness was found in this audit.	
reference-semantics/semantics/builtins.k	81	160	160	rule	equational-rule		False	False	False	False	False	False	False	False	False	False	False	False	06a90c6b981b3a31de522bc57ca80ebd7cc0a44f749a854ee194b782666d5f9f	  rule intDigAcc(iCons(C:Int, R:IntSeq), ACC:Int) => intDigAcc(R, (ACC *Int 10) +Int (C -Int 48))	SUPPLIED_FIXED_SEMANTICS_UNUSED	Byte-identical to the trusted supplied semantics and not reachable from the submitted body/entry claims. No candidate-local alteration or proof dependency; no narrower false-rule witness was found in this audit.	
reference-semantics/semantics/builtins.k	82	163	163	rule	equational-rule		False	False	False	False	False	False	False	False	False	False	False	False	6e7bf457112df5f53b9d531cee5a965e995509b56ebf335f595fdd9fad9f1036	"  rule applyBuiltin(""zip"", list(A:ValSeq), list(B:ValSeq), .Vals) => zipObj(A, B)"	SUPPLIED_FIXED_SEMANTICS_UNUSED	Byte-identical to the trusted supplied semantics and not reachable from the submitted body/entry claims. No candidate-local alteration or proof dependency; no narrower false-rule witness was found in this audit.	
reference-semantics/semantics/builtins.k	83	164	164	rule	equational-rule		False	False	False	False	False	False	False	False	False	False	False	False	41c1499879fecfb2e0f1872e84c6360531a4709758eedcf73e2151d7ab74e053	"  rule applyBuiltin(""zip"", str(A:IntSeq), str(B:IntSeq), .Vals)   => zipObjS(A, B)"	SUPPLIED_FIXED_SEMANTICS_UNUSED	Byte-identical to the trusted supplied semantics and not reachable from the submitted body/entry claims. No candidate-local alteration or proof dependency; no narrower false-rule witness was found in this audit.	
reference-semantics/semantics/builtins.k	84	167	168	rule	operational-rule		False	False	False	False	False	False	False	False	False	False	False	False	6c498026a2c442f959fc4053d14cb478dea94bf6fd3f2f5cc5f3f326023a7875	  rule <k> #iterNext(zipObj(vCons(A:Val, As:ValSeq), vCons(B:Val, Bs:ValSeq)))\n        => #iterYield(tuple(vCons(A, vCons(B, .ValSeq))), zipObj(As, Bs)) ... </k>	SUPPLIED_FIXED_SEMANTICS_UNUSED	Byte-identical to the trusted supplied semantics and not reachable from the submitted body/entry claims. No candidate-local alteration or proof dependency; no narrower false-rule witness was found in this audit.	
reference-semantics/semantics/builtins.k	85	169	169	rule	operational-rule		False	False	False	False	False	False	False	False	False	False	False	False	84cf3daad2f649d7c5cdebd4c7debd7fc8788c26e8f545119a568b1b8967f33c	  rule <k> #iterNext(zipObj(.ValSeq, _:ValSeq))               => #iterDone ... </k>	SUPPLIED_FIXED_SEMANTICS_UNUSED	Byte-identical to the trusted supplied semantics and not reachable from the submitted body/entry claims. No candidate-local alteration or proof dependency; no narrower false-rule witness was found in this audit.	
reference-semantics/semantics/builtins.k	86	170	170	rule	operational-rule		False	False	False	False	False	False	False	False	False	False	False	False	1088cc4468f59ee89cc0164636d6265d011e98caee12a8187afd7d2f8f18a0ee	  rule <k> #iterNext(zipObj(vCons(_:Val, _:ValSeq), .ValSeq)) => #iterDone ... </k>	SUPPLIED_FIXED_SEMANTICS_UNUSED	Byte-identical to the trusted supplied semantics and not reachable from the submitted body/entry claims. No candidate-local alteration or proof dependency; no narrower false-rule witness was found in this audit.	
reference-semantics/semantics/builtins.k	87	171	172	rule	operational-rule		False	False	False	False	False	False	False	False	False	False	False	False	e39f19aadd030a37e26c7c285e897e32e5166ebe941de539258fdfb4caaebc32	  rule <k> #iterNext(zipObjS(iCons(A:Int, As:IntSeq), iCons(B:Int, Bs:IntSeq)))\n        => #iterYield(tuple(vCons(str(iCons(A, .IntSeq)), vCons(str(iCons(B, .IntSeq)), .ValSeq))), zipObjS(As, Bs)) ... </k>	SUPPLIED_FIXED_SEMANTICS_UNUSED	Byte-identical to the trusted supplied semantics and not reachable from the submitted body/entry claims. No candidate-local alteration or proof dependency; no narrower false-rule witness was found in this audit.	
reference-semantics/semantics/builtins.k	88	173	173	rule	operational-rule		False	False	False	False	False	False	False	False	False	False	False	False	e4892e0d5f417fc753b3f2beafd0325181206aeab0878767c2e0f6408313719b	  rule <k> #iterNext(zipObjS(.IntSeq, _:IntSeq))              => #iterDone ... </k>	SUPPLIED_FIXED_SEMANTICS_UNUSED	Byte-identical to the trusted supplied semantics and not reachable from the submitted body/entry claims. No candidate-local alteration or proof dependency; no narrower false-rule witness was found in this audit.	
reference-semantics/semantics/builtins.k	89	174	174	rule	operational-rule		False	False	False	False	False	False	False	False	False	False	False	False	02223b247a7a1e5db93b474ed0271a91e4782c6bb6ec5049d74c1fcf99994813	  rule <k> #iterNext(zipObjS(iCons(_:Int, _:IntSeq), .IntSeq)) => #iterDone ... </k>	SUPPLIED_FIXED_SEMANTICS_UNUSED	Byte-identical to the trusted supplied semantics and not reachable from the submitted body/entry claims. No candidate-local alteration or proof dependency; no narrower false-rule witness was found in this audit.	
reference-semantics/semantics/builtins.k	90	177	177	rule	equational-rule		False	False	False	False	False	False	False	False	False	False	False	False	4fdad6139c2b1d23f9a97605dcca0c8066b3b1c9cedf0a7aa64cd3177d8ffa2c	"  rule applyBuiltin(""range"", I:Int, .Vals)               => rangeObj(0, I, 1)"	SUPPLIED_FIXED_SEMANTICS_UNUSED	Byte-identical to the trusted supplied semantics and not reachable from the submitted body/entry claims. No candidate-local alteration or proof dependency; no narrower false-rule witness was found in this audit.	
reference-semantics/semantics/builtins.k	91	178	178	rule	equational-rule		False	False	False	False	False	False	False	False	False	False	False	False	8b0814792c5c26ea332110d9acca033a802a3829e9c91af7b0fd1026682a0e02	"  rule applyBuiltin(""range"", A:Int, B:Int, .Vals)        => rangeObj(A, B, 1)"	SUPPLIED_FIXED_SEMANTICS_UNUSED	Byte-identical to the trusted supplied semantics and not reachable from the submitted body/entry claims. No candidate-local alteration or proof dependency; no narrower false-rule witness was found in this audit.	
reference-semantics/semantics/builtins.k	92	179	180	rule	equational-rule		False	False	False	False	False	False	False	False	False	False	False	False	a5f7e1d983b4ddc5abdef23ea2fb9573d34bee54e5b5f909d2b54e3e7490a03f	"  rule applyBuiltin(""range"", A:Int, B:Int, S:Int, .Vals) => rangeObj(A, B, S)\n       requires S =/=Int 0"	SUPPLIED_FIXED_SEMANTICS_UNUSED	Byte-identical to the trusted supplied semantics and not reachable from the submitted body/entry claims. No candidate-local alteration or proof dependency; no narrower false-rule witness was found in this audit.	
reference-semantics/semantics/builtins.k	93	187	187	rule	equational-rule		False	False	False	False	False	False	False	False	False	False	False	False	6be476fccc6b0ed43ff30c5bfb83b1509ad3223d95b936c801ee7030b029ed32	"  rule applyBuiltin(""eval"", str(CS:IntSeq), .Vals) => evalArith(CS)"	SUPPLIED_FIXED_SEMANTICS_UNUSED	Byte-identical to the trusted supplied semantics and not reachable from the submitted body/entry claims. No candidate-local alteration or proof dependency; no narrower false-rule witness was found in this audit.	
reference-semantics/semantics/builtins.k	94	188	188	syntax	syntax-declaration	function	True	False	False	False	False	False	False	False	False	False	False	False	1f5c850fca52c294658670a104743d6c1f8cdb5bea57d002217ec4ae4dc8a176	  syntax Int ::= evalArith(IntSeq) [function]	SUPPLIED_FIXED_SEMANTICS_UNUSED	Byte-identical to the trusted supplied semantics and not reachable from the submitted body/entry claims. No candidate-local alteration or proof dependency; no narrower false-rule witness was found in this audit.	
reference-semantics/semantics/builtins.k	95	189	190	rule	equational-rule		False	False	False	False	False	False	False	False	False	False	False	False	2282b281db1fd3d6573073bf3d36b79625e5decfc6303cb9bc70f8ffe76fde00	  rule evalArith(CS:IntSeq)\n    => firstNdE(passAddE(passMulE(passPowE(tokOps(CS), tokNds(CS)))))	SUPPLIED_FIXED_SEMANTICS_UNUSED	Byte-identical to the trusted supplied semantics and not reachable from the submitted body/entry claims. No candidate-local alteration or proof dependency; no narrower false-rule witness was found in this audit.	
reference-semantics/semantics/builtins.k	96	192	192	syntax	syntax-declaration		False	False	False	False	False	False	False	False	False	False	False	False	5baf07ef7c1ee6dd65602e9857106e3ffea0fe5fcab499387e76312136cdac2f	"  syntax OpSeq ::= "".OpSeq"" | oCons(String, OpSeq)"	SUPPLIED_FIXED_SEMANTICS_UNUSED	Byte-identical to the trusted supplied semantics and not reachable from the submitted body/entry claims. No candidate-local alteration or proof dependency; no narrower false-rule witness was found in this audit.	
reference-semantics/semantics/builtins.k	97	194	194	syntax	syntax-declaration	function, total	True	False	True	False	False	False	False	False	False	False	False	False	a4fb20845f4903aabb3797727850faf0da252dbebcec66e9f85b2790d47b1275	  syntax Bool ::= evDigit(Int) [function, total]	SUPPLIED_FIXED_SEMANTICS_UNUSED	Byte-identical to the trusted supplied semantics and not reachable from the submitted body/entry claims. No candidate-local alteration or proof dependency; no narrower false-rule witness was found in this audit.	
reference-semantics/semantics/builtins.k	98	195	195	rule	equational-rule		False	False	False	False	False	False	False	False	False	False	False	False	54ccc3b156e8f9450d9f73a6927ed5263537196cfd298ec2694953caeee8825e	  rule evDigit(C:Int) => C >=Int 48 andBool C <=Int 57	SUPPLIED_FIXED_SEMANTICS_UNUSED	Byte-identical to the trusted supplied semantics and not reachable from the submitted body/entry claims. No candidate-local alteration or proof dependency; no narrower false-rule witness was found in this audit.	
reference-semantics/semantics/builtins.k	99	196	196	syntax	syntax-declaration	function, total	True	False	True	False	False	False	False	False	False	False	False	False	e0105c2956872119da6bd6fa60b068552e32e3df814525e3bb4e26a058dce20b	  syntax Bool ::= evHead42(IntSeq) [function, total]	SUPPLIED_FIXED_SEMANTICS_UNUSED	Byte-identical to the trusted supplied semantics and not reachable from the submitted body/entry claims. No candidate-local alteration or proof dependency; no narrower false-rule witness was found in this audit.	
reference-semantics/semantics/builtins.k	100	197	197	rule	equational-rule		False	False	False	False	False	False	False	False	False	False	False	False	ecd6bab7ad24a0f769bbb36c013c06efa5845c186256e7a660d58892e8dee6a9	  rule evHead42(iCons(42, _:IntSeq)) => true	SUPPLIED_FIXED_SEMANTICS_UNUSED	Byte-identical to the trusted supplied semantics and not reachable from the submitted body/entry claims. No candidate-local alteration or proof dependency; no narrower false-rule witness was found in this audit.	
reference-semantics/semantics/builtins.k	101	198	198	rule	equational-rule	owise	False	False	False	False	False	False	False	False	True	False	False	False	7b3aa8953f1991eb2ce11d09063f734463bf252e354a9d43b66ee5f483d2648d	  rule evHead42(_:IntSeq)            => false [owise]	SUPPLIED_FIXED_SEMANTICS_UNUSED	Byte-identical to the trusted supplied semantics and not reachable from the submitted body/entry claims. No candidate-local alteration or proof dependency; no narrower false-rule witness was found in this audit.	
reference-semantics/semantics/builtins.k	102	199	199	syntax	syntax-declaration	function, total	True	False	True	False	False	False	False	False	False	False	False	False	35471a9b8036068826588b412da941ba7874813e438f7cfd31043823871fc403	  syntax Bool ::= evHead47(IntSeq) [function, total]	SUPPLIED_FIXED_SEMANTICS_UNUSED	Byte-identical to the trusted supplied semantics and not reachable from the submitted body/entry claims. No candidate-local alteration or proof dependency; no narrower false-rule witness was found in this audit.	
reference-semantics/semantics/builtins.k	103	200	200	rule	equational-rule		False	False	False	False	False	False	False	False	False	False	False	False	033161d920d9b055b1a5bee7f4a5cd2b0ae7314eefcb5bf571a1fa022fdab58f	  rule evHead47(iCons(47, _:IntSeq)) => true	SUPPLIED_FIXED_SEMANTICS_UNUSED	Byte-identical to the trusted supplied semantics and not reachable from the submitted body/entry claims. No candidate-local alteration or proof dependency; no narrower false-rule witness was found in this audit.	
reference-semantics/semantics/builtins.k	104	201	201	rule	equational-rule	owise	False	False	False	False	False	False	False	False	True	False	False	False	4e36087231cb2e278d4664d016e99e88474b48b2648c7cbb2de8fd803391fd2d	  rule evHead47(_:IntSeq)            => false [owise]	SUPPLIED_FIXED_SEMANTICS_UNUSED	Byte-identical to the trusted supplied semantics and not reachable from the submitted body/entry claims. No candidate-local alteration or proof dependency; no narrower false-rule witness was found in this audit.	
reference-semantics/semantics/builtins.k	105	203	203	syntax	syntax-declaration	function, total	True	False	True	False	False	False	False	False	False	False	False	False	cf93c0de17f07ba9589fd3adce30f99d51059b36e63d7739d9c9fd8995cc47c5	  syntax OpSeq ::= tokOps(IntSeq) [function, total]	SUPPLIED_FIXED_SEMANTICS_UNUSED	Byte-identical to the trusted supplied semantics and not reachable from the submitted body/entry claims. No candidate-local alteration or proof dependency; no narrower false-rule witness was found in this audit.	
reference-semantics/semantics/builtins.k	106	204	204	rule	equational-rule		False	False	False	False	False	False	False	False	False	False	False	False	f514d92d8f6d8e607167b49d6dbb3ef8d8649735ed9073cc78d7b88af6bcab42	  rule tokOps(.IntSeq)                 => .OpSeq	SUPPLIED_FIXED_SEMANTICS_UNUSED	Byte-identical to the trusted supplied semantics and not reachable from the submitted body/entry claims. No candidate-local alteration or proof dependency; no narrower false-rule witness was found in this audit.	
reference-semantics/semantics/builtins.k	107	205	205	rule	equational-rule		False	False	False	False	False	False	False	False	False	False	False	False	26c06d74b9cd5998bf7e9f4d781ce6d67edfb7f0128a03b1422c5b3ea16caba1	  rule tokOps(iCons(32, R:IntSeq))     => tokOps(R)	SUPPLIED_FIXED_SEMANTICS_UNUSED	Byte-identical to the trusted supplied semantics and not reachable from the submitted body/entry claims. No candidate-local alteration or proof dependency; no narrower false-rule witness was found in this audit.	
reference-semantics/semantics/builtins.k	108	206	206	rule	equational-rule		False	False	False	False	False	False	False	False	False	False	False	False	3f205cb1306c55d416f4c9d5474593b339685aad5ecc9c80acccf23a737060b0	  rule tokOps(iCons(C:Int, R:IntSeq))  => tokOps(R) requires evDigit(C)	SUPPLIED_FIXED_SEMANTICS_UNUSED	Byte-identical to the trusted supplied semantics and not reachable from the submitted body/entry claims. No candidate-local alteration or proof dependency; no narrower false-rule witness was found in this audit.	
reference-semantics/semantics/builtins.k	109	207	207	rule	equational-rule		False	False	False	False	False	False	False	False	False	False	False	False	d5e60810e2f4ade82141a62ad4f52497d499d0130dc0aee02e37a533da1115b1	"  rule tokOps(iCons(42, iCons(42, R:IntSeq))) => oCons(""**"", tokOps(R))"	SUPPLIED_FIXED_SEMANTICS_UNUSED	Byte-identical to the trusted supplied semantics and not reachable from the submitted body/entry claims. No candidate-local alteration or proof dependency; no narrower false-rule witness was found in this audit.	
reference-semantics/semantics/builtins.k	110	208	208	rule	equational-rule		False	False	False	False	False	False	False	False	False	False	False	False	45186f91293e9b6a841c3e18945ea98c32793eaf17a4de8f439b1f955b1631e4	"  rule tokOps(iCons(42, R:IntSeq))     => oCons(""*"", tokOps(R)) requires notBool evHead42(R)"	SUPPLIED_FIXED_SEMANTICS_UNUSED	Byte-identical to the trusted supplied semantics and not reachable from the submitted body/entry claims. No candidate-local alteration or proof dependency; no narrower false-rule witness was found in this audit.	
reference-semantics/semantics/builtins.k	111	209	209	rule	equational-rule		False	False	False	False	False	False	False	False	False	False	False	False	afbadca2b4a477d9635cc430158b7fd54e3622003edded455d12c78163944505	"  rule tokOps(iCons(47, iCons(47, R:IntSeq))) => oCons(""//"", tokOps(R))"	SUPPLIED_FIXED_SEMANTICS_UNUSED	Byte-identical to the trusted supplied semantics and not reachable from the submitted body/entry claims. No candidate-local alteration or proof dependency; no narrower false-rule witness was found in this audit.	
reference-semantics/semantics/builtins.k	112	210	210	rule	equational-rule		False	False	False	False	False	False	False	False	False	False	False	False	b0e2999c6c1db761b4665ac3a80dd6796b02c00c11cb8120bd07827a07f36350	"  rule tokOps(iCons(47, R:IntSeq))     => oCons(""/"", tokOps(R)) requires notBool evHead47(R)"	SUPPLIED_FIXED_SEMANTICS_UNUSED	Byte-identical to the trusted supplied semantics and not reachable from the submitted body/entry claims. No candidate-local alteration or proof dependency; no narrower false-rule witness was found in this audit.	
reference-semantics/semantics/builtins.k	113	211	211	rule	equational-rule		False	False	False	False	False	False	False	False	False	False	False	False	2cce22ac86c50404cb1074c26f23dce5ec7921f55b95e99fef62aa9142b73542	"  rule tokOps(iCons(43, R:IntSeq))     => oCons(""+"", tokOps(R))"	SUPPLIED_FIXED_SEMANTICS_UNUSED	Byte-identical to the trusted supplied semantics and not reachable from the submitted body/entry claims. No candidate-local alteration or proof dependency; no narrower false-rule witness was found in this audit.	
reference-semantics/semantics/builtins.k	114	212	212	rule	equational-rule		False	False	False	False	False	False	False	False	False	False	False	False	b23c35e837e9928eb4df8371a91ae3f110e94f70a63a435edfd95f0a1ca7c08d	"  rule tokOps(iCons(45, R:IntSeq))     => oCons(""-"", tokOps(R))"	SUPPLIED_FIXED_SEMANTICS_UNUSED	Byte-identical to the trusted supplied semantics and not reachable from the submitted body/entry claims. No candidate-local alteration or proof dependency; no narrower false-rule witness was found in this audit.	
reference-semantics/semantics/builtins.k	115	214	215	syntax	syntax-declaration	function, total,function, total	True	False	True	False	False	False	False	False	False	False	False	False	635d0cbcf82b1892f56f78ae3305c6bb0984194c747b533f89e689d6f42bef81	  syntax IntSeq ::= tokNds(IntSeq) [function, total]\n                  | tokNdAcc(Int, IntSeq) [function, total]	SUPPLIED_FIXED_SEMANTICS_UNUSED	Byte-identical to the trusted supplied semantics and not reachable from the submitted body/entry claims. No candidate-local alteration or proof dependency; no narrower false-rule witness was found in this audit.	
reference-semantics/semantics/builtins.k	116	216	216	rule	equational-rule		False	False	False	False	False	False	False	False	False	False	False	False	b15dd30804728576dea034e4b8cac0432cdb629a8bf4f894b714aebdb44e61c3	  rule tokNds(.IntSeq)                => .IntSeq	SUPPLIED_FIXED_SEMANTICS_UNUSED	Byte-identical to the trusted supplied semantics and not reachable from the submitted body/entry claims. No candidate-local alteration or proof dependency; no narrower false-rule witness was found in this audit.	
reference-semantics/semantics/builtins.k	117	217	217	rule	equational-rule		False	False	False	False	False	False	False	False	False	False	False	False	6c85cdb101217e82ee7ffd16d6207fbb104783dfcf2fd29a8e31a1db2bde7834	  rule tokNds(iCons(32, R:IntSeq))    => tokNds(R)	SUPPLIED_FIXED_SEMANTICS_UNUSED	Byte-identical to the trusted supplied semantics and not reachable from the submitted body/entry claims. No candidate-local alteration or proof dependency; no narrower false-rule witness was found in this audit.	
reference-semantics/semantics/builtins.k	118	218	218	rule	equational-rule		False	False	False	False	False	False	False	False	False	False	False	False	e6ed4069a43e29f41d7a9e125517dadd375e04d6b9739c5480e7a8f33bc15f44	  rule tokNds(iCons(C:Int, R:IntSeq)) => tokNdAcc(C -Int 48, R) requires evDigit(C)	SUPPLIED_FIXED_SEMANTICS_UNUSED	Byte-identical to the trusted supplied semantics and not reachable from the submitted body/entry claims. No candidate-local alteration or proof dependency; no narrower false-rule witness was found in this audit.	
reference-semantics/semantics/builtins.k	119	219	220	rule	equational-rule		False	False	False	False	False	False	False	False	False	False	False	False	45c5811e782f7c54625de7ced6a3affa51df6cad06599194eb39d1f7fcfc676e	  rule tokNds(iCons(C:Int, R:IntSeq)) => tokNds(R)\n       requires notBool evDigit(C) andBool C =/=Int 32	SUPPLIED_FIXED_SEMANTICS_UNUSED	Byte-identical to the trusted supplied semantics and not reachable from the submitted body/entry claims. No candidate-local alteration or proof dependency; no narrower false-rule witness was found in this audit.	
reference-semantics/semantics/builtins.k	120	221	222	rule	equational-rule		False	False	False	False	False	False	False	False	False	False	False	False	406d715a7d75b0818513021d1af7aed64c5ed7958f08d257935e57e94165d69a	  rule tokNdAcc(A:Int, iCons(C:Int, R:IntSeq)) => tokNdAcc(A *Int 10 +Int (C -Int 48), R)\n       requires evDigit(C)	SUPPLIED_FIXED_SEMANTICS_UNUSED	Byte-identical to the trusted supplied semantics and not reachable from the submitted body/entry claims. No candidate-local alteration or proof dependency; no narrower false-rule witness was found in this audit.	
reference-semantics/semantics/builtins.k	121	223	223	rule	equational-rule	owise	False	False	False	False	False	False	False	False	True	False	False	False	4003af3ac6cb77da21b645fec2564e440cbb946f6079e2d8d8d07a7ffdb9b401	  rule tokNdAcc(A:Int, S:IntSeq) => iCons(A, tokNds(S)) [owise]	SUPPLIED_FIXED_SEMANTICS_UNUSED	Byte-identical to the trusted supplied semantics and not reachable from the submitted body/entry claims. No candidate-local alteration or proof dependency; no narrower false-rule witness was found in this audit.	
reference-semantics/semantics/builtins.k	122	225	225	syntax	syntax-declaration		False	False	False	False	False	False	False	False	False	False	False	False	5c04db6ba3742367b3618e0588529342b3186b749ecd63417c2d62a33f63d046	  syntax EvPair ::= evp(OpSeq, IntSeq)	SUPPLIED_FIXED_SEMANTICS_UNUSED	Byte-identical to the trusted supplied semantics and not reachable from the submitted body/entry claims. No candidate-local alteration or proof dependency; no narrower false-rule witness was found in this audit.	
reference-semantics/semantics/builtins.k	123	226	226	syntax	syntax-declaration	function, total	True	False	True	False	False	False	False	False	False	False	False	False	2fbc84524b70917611942d40be37c45ed0dfe542aaafc073ae0f74656803311f	  syntax Int ::= firstNdE(EvPair) [function, total]	SUPPLIED_FIXED_SEMANTICS_UNUSED	Byte-identical to the trusted supplied semantics and not reachable from the submitted body/entry claims. No candidate-local alteration or proof dependency; no narrower false-rule witness was found in this audit.	
reference-semantics/semantics/builtins.k	124	227	227	rule	equational-rule		False	False	False	False	False	False	False	False	False	False	False	False	5a1ff4150af2c8b94fbb310de971709e819b369042df1958587d9d77761df2a3	  rule firstNdE(evp(_:OpSeq, iCons(N:Int, _:IntSeq))) => N	SUPPLIED_FIXED_SEMANTICS_UNUSED	Byte-identical to the trusted supplied semantics and not reachable from the submitted body/entry claims. No candidate-local alteration or proof dependency; no narrower false-rule witness was found in this audit.	
reference-semantics/semantics/builtins.k	125	228	228	rule	equational-rule	owise	False	False	False	False	False	False	False	False	True	False	False	False	ca6af26ddb6e6c5a914e9cf076fc95095ac6bec21a164ce83ea60f2345891461	  rule firstNdE(_:EvPair) => 0 [owise]	SUPPLIED_FIXED_SEMANTICS_UNUSED	Byte-identical to the trusted supplied semantics and not reachable from the submitted body/entry claims. No candidate-local alteration or proof dependency; no narrower false-rule witness was found in this audit.	
reference-semantics/semantics/builtins.k	126	230	230	syntax	syntax-declaration	function, total	True	False	True	False	False	False	False	False	False	False	False	False	fdbeec4cda4bf40d13a13d8df81c59b829de1e8eec551f61c92ba8263b6f59ae	  syntax Int ::= applyOpE(String, Int, Int) [function, total]	SUPPLIED_FIXED_SEMANTICS_UNUSED	Byte-identical to the trusted supplied semantics and not reachable from the submitted body/entry claims. No candidate-local alteration or proof dependency; no narrower false-rule witness was found in this audit.	
reference-semantics/semantics/builtins.k	127	231	231	rule	equational-rule		False	False	False	False	False	False	False	False	False	False	False	False	368c7a4b7f380fd86e19480931172e5ca6afaf71c67564faf95872ebd53a6c41	"  rule applyOpE(""+"",  A:Int, B:Int) => A +Int B"	SUPPLIED_FIXED_SEMANTICS_UNUSED	Byte-identical to the trusted supplied semantics and not reachable from the submitted body/entry claims. No candidate-local alteration or proof dependency; no narrower false-rule witness was found in this audit.	
reference-semantics/semantics/builtins.k	128	232	232	rule	equational-rule		False	False	False	False	False	False	False	False	False	False	False	False	c6a0d6cb5170ad0bbb108331687fa3873e02128b7788dbe3b9ea5c656ff068c2	"  rule applyOpE(""-"",  A:Int, B:Int) => A -Int B"	SUPPLIED_FIXED_SEMANTICS_UNUSED	Byte-identical to the trusted supplied semantics and not reachable from the submitted body/entry claims. No candidate-local alteration or proof dependency; no narrower false-rule witness was found in this audit.	
reference-semantics/semantics/builtins.k	129	233	233	rule	equational-rule		False	False	False	False	False	False	False	False	False	False	False	False	a744ef59e89e2d58c5ee44f0ebd2ceba46ec090b1752b516b04505c8f2b37a9c	"  rule applyOpE(""*"",  A:Int, B:Int) => A *Int B"	SUPPLIED_FIXED_SEMANTICS_UNUSED	Byte-identical to the trusted supplied semantics and not reachable from the submitted body/entry claims. No candidate-local alteration or proof dependency; no narrower false-rule witness was found in this audit.	
reference-semantics/semantics/builtins.k	130	234	234	rule	equational-rule		False	False	False	False	False	False	False	False	False	False	False	False	b5d751bda2c5f9aab08af28e7a713a959ce1e268725ef827397cf7b1559a1b77	"  rule applyOpE(""//"", A:Int, B:Int) => A divInt B"	SUPPLIED_FIXED_SEMANTICS_UNUSED	Byte-identical to the trusted supplied semantics and not reachable from the submitted body/entry claims. No candidate-local alteration or proof dependency; no narrower false-rule witness was found in this audit.	
reference-semantics/semantics/builtins.k	131	235	235	rule	equational-rule		False	False	False	False	False	False	False	False	False	False	False	False	9ac6cb8830c7fca7ae43611a5eb54e3e739b4646c86171db2e5c38122f1ccc4a	"  rule applyOpE(""**"", A:Int, B:Int) => A ^Int B"	SUPPLIED_FIXED_SEMANTICS_UNUSED	Byte-identical to the trusted supplied semantics and not reachable from the submitted body/entry claims. No candidate-local alteration or proof dependency; no narrower false-rule witness was found in this audit.	
reference-semantics/semantics/builtins.k	132	236	236	rule	equational-rule	owise	False	False	False	False	False	False	False	False	True	False	False	False	4dd1375a4b16da34a1e3f56570a9886bc288698f4b69178ec2e8dd2c2d71a25b	  rule applyOpE(_:String, A:Int, _:Int) => A [owise]	SUPPLIED_FIXED_SEMANTICS_UNUSED	Byte-identical to the trusted supplied semantics and not reachable from the submitted body/entry claims. No candidate-local alteration or proof dependency; no narrower false-rule witness was found in this audit.	
reference-semantics/semantics/builtins.k	133	238	238	syntax	syntax-declaration	function, total	True	False	True	False	False	False	False	False	False	False	False	False	1d197e3e913177484a8db854e5ebaa6de326198fe22b7fee81675a32ca393bbc	  syntax EvPair ::= passPowE(OpSeq, IntSeq) [function, total]	SUPPLIED_FIXED_SEMANTICS_UNUSED	Byte-identical to the trusted supplied semantics and not reachable from the submitted body/entry claims. No candidate-local alteration or proof dependency; no narrower false-rule witness was found in this audit.	
reference-semantics/semantics/builtins.k	134	239	239	rule	equational-rule		False	False	False	False	False	False	False	False	False	False	False	False	be78aa7654a980165a653c7b35965f8cdb67f5962c00ecc93f25b9c57b319f32	  rule passPowE(.OpSeq, NDS:IntSeq) => evp(.OpSeq, NDS)	SUPPLIED_FIXED_SEMANTICS_UNUSED	Byte-identical to the trusted supplied semantics and not reachable from the submitted body/entry claims. No candidate-local alteration or proof dependency; no narrower false-rule witness was found in this audit.	
reference-semantics/semantics/builtins.k	135	240	240	rule	equational-rule		False	False	False	False	False	False	False	False	False	False	False	False	036cd6f93f39f69fae9012c91403d712d13a7cb12a3d75c30728074e6e1d3606	"  rule passPowE(oCons(""**"", OPS:OpSeq), iCons(N:Int, NDS:IntSeq)) => powCombE(N, passPowE(OPS, NDS))"	SUPPLIED_FIXED_SEMANTICS_UNUSED	Byte-identical to the trusted supplied semantics and not reachable from the submitted body/entry claims. No candidate-local alteration or proof dependency; no narrower false-rule witness was found in this audit.	
reference-semantics/semantics/builtins.k	136	241	242	rule	equational-rule		False	False	False	False	False	False	False	False	False	False	False	False	b009da4f6cf1b5cc2d1e8d79093bc7e90cf4a2cb9ba69a85c96e94276aa63499	"  rule passPowE(oCons(O:String, OPS:OpSeq), iCons(N:Int, NDS:IntSeq)) => powCarryE(O, N, passPowE(OPS, NDS))\n       requires O =/=String ""**"""	SUPPLIED_FIXED_SEMANTICS_UNUSED	Byte-identical to the trusted supplied semantics and not reachable from the submitted body/entry claims. No candidate-local alteration or proof dependency; no narrower false-rule witness was found in this audit.	
reference-semantics/semantics/builtins.k	137	243	243	rule	equational-rule	owise	False	False	False	False	False	False	False	False	True	False	False	False	95e4a560ef77bcd67dbbecf19128317dc59f66e9175c822282b0103aea7f3fe3	  rule passPowE(_:OpSeq, .IntSeq) => evp(.OpSeq, .IntSeq) [owise]	SUPPLIED_FIXED_SEMANTICS_UNUSED	Byte-identical to the trusted supplied semantics and not reachable from the submitted body/entry claims. No candidate-local alteration or proof dependency; no narrower false-rule witness was found in this audit.	
reference-semantics/semantics/builtins.k	138	244	244	syntax	syntax-declaration	function, total	True	False	True	False	False	False	False	False	False	False	False	False	070d894760d6e24205280c24baa74247ce8307e9117774788c01747e95937e07	  syntax EvPair ::= powCombE(Int, EvPair) [function, total]	SUPPLIED_FIXED_SEMANTICS_UNUSED	Byte-identical to the trusted supplied semantics and not reachable from the submitted body/entry claims. No candidate-local alteration or proof dependency; no narrower false-rule witness was found in this audit.	
reference-semantics/semantics/builtins.k	139	245	245	rule	equational-rule		False	False	False	False	False	False	False	False	False	False	False	False	2de4a62e9ba8bb6acdac13478c317bdc2ecf71375e713c8351bbc0c147ca5f75	  rule powCombE(N:Int, evp(OPS:OpSeq, iCons(M:Int, REST:IntSeq))) => evp(OPS, iCons(N ^Int M, REST))	SUPPLIED_FIXED_SEMANTICS_UNUSED	Byte-identical to the trusted supplied semantics and not reachable from the submitted body/entry claims. No candidate-local alteration or proof dependency; no narrower false-rule witness was found in this audit.	
reference-semantics/semantics/builtins.k	140	246	246	rule	equational-rule		False	False	False	False	False	False	False	False	False	False	False	False	5ab1f0ee1d4d3493a24ed82f430f96ae7e72a89f0d1d861f210a80c2d4cd1382	  rule powCombE(N:Int, evp(OPS:OpSeq, .IntSeq)) => evp(OPS, iCons(N, .IntSeq))	SUPPLIED_FIXED_SEMANTICS_UNUSED	Byte-identical to the trusted supplied semantics and not reachable from the submitted body/entry claims. No candidate-local alteration or proof dependency; no narrower false-rule witness was found in this audit.	
reference-semantics/semantics/builtins.k	141	247	247	syntax	syntax-declaration	function, total	True	False	True	False	False	False	False	False	False	False	False	False	fe3d2117af5174b1762f95bd654b06cea0ff12c0f3139c2b4ad18ba20598d18a	  syntax EvPair ::= powCarryE(String, Int, EvPair) [function, total]	SUPPLIED_FIXED_SEMANTICS_UNUSED	Byte-identical to the trusted supplied semantics and not reachable from the submitted body/entry claims. No candidate-local alteration or proof dependency; no narrower false-rule witness was found in this audit.	
reference-semantics/semantics/builtins.k	142	248	248	rule	equational-rule		False	False	False	False	False	False	False	False	False	False	False	False	8cac73bc7529901df35445003a9ec462175fb90f92e0baa8e2bbda8a388cab6b	  rule powCarryE(O:String, N:Int, evp(OPS:OpSeq, NDS:IntSeq)) => evp(oCons(O, OPS), iCons(N, NDS))	SUPPLIED_FIXED_SEMANTICS_UNUSED	Byte-identical to the trusted supplied semantics and not reachable from the submitted body/entry claims. No candidate-local alteration or proof dependency; no narrower false-rule witness was found in this audit.	
reference-semantics/semantics/builtins.k	143	250	250	syntax	syntax-declaration	function, total,function, total	True	False	True	False	False	False	False	False	False	False	False	False	48b5deb92792e9d77477f8bac1bbff1b361eac3b57ab73bce2c07472631fed32	  syntax EvPair ::= passMulE(EvPair) [function, total] | passAddE(EvPair) [function, total]	SUPPLIED_FIXED_SEMANTICS_UNUSED	Byte-identical to the trusted supplied semantics and not reachable from the submitted body/entry claims. No candidate-local alteration or proof dependency; no narrower false-rule witness was found in this audit.	
reference-semantics/semantics/builtins.k	144	251	251	rule	equational-rule		False	False	False	False	False	False	False	False	False	False	False	False	dea2aac2b864956635e3d38074dbfb31606a241267e21c66226ff9dc692e9da0	"  rule passMulE(evp(OPS:OpSeq, iCons(N0:Int, NDS:IntSeq))) => passLGoE(""mul"", N0, OPS, NDS, .OpSeq, .IntSeq)"	SUPPLIED_FIXED_SEMANTICS_UNUSED	Byte-identical to the trusted supplied semantics and not reachable from the submitted body/entry claims. No candidate-local alteration or proof dependency; no narrower false-rule witness was found in this audit.	
reference-semantics/semantics/builtins.k	145	252	252	rule	equational-rule		False	False	False	False	False	False	False	False	False	False	False	False	d4d39372b9e2904a65db079012fd7752238d59c3f2cd0abf0aaab65c675cfed8	  rule passMulE(evp(OPS:OpSeq, .IntSeq)) => evp(OPS, .IntSeq)	SUPPLIED_FIXED_SEMANTICS_UNUSED	Byte-identical to the trusted supplied semantics and not reachable from the submitted body/entry claims. No candidate-local alteration or proof dependency; no narrower false-rule witness was found in this audit.	
reference-semantics/semantics/builtins.k	146	253	253	rule	equational-rule		False	False	False	False	False	False	False	False	False	False	False	False	85b48c0525db4ab7ace9acaa38ffadc1361de50f8b69c6c546c169e5840d6f1d	"  rule passAddE(evp(OPS:OpSeq, iCons(N0:Int, NDS:IntSeq))) => passLGoE(""add"", N0, OPS, NDS, .OpSeq, .IntSeq)"	SUPPLIED_FIXED_SEMANTICS_UNUSED	Byte-identical to the trusted supplied semantics and not reachable from the submitted body/entry claims. No candidate-local alteration or proof dependency; no narrower false-rule witness was found in this audit.	
reference-semantics/semantics/builtins.k	147	254	254	rule	equational-rule		False	False	False	False	False	False	False	False	False	False	False	False	cb0ce86e5850ccb8cbf85cbd7517486c2f1d232f24b000283cee4ce5ab1253a7	  rule passAddE(evp(OPS:OpSeq, .IntSeq)) => evp(OPS, .IntSeq)	SUPPLIED_FIXED_SEMANTICS_UNUSED	Byte-identical to the trusted supplied semantics and not reachable from the submitted body/entry claims. No candidate-local alteration or proof dependency; no narrower false-rule witness was found in this audit.	
reference-semantics/semantics/builtins.k	148	255	255	syntax	syntax-declaration	function, total	True	False	True	False	False	False	False	False	False	False	False	False	cd20c988b8a87bba0a4e9e6d5cf6298d786f82b996d062bede145f4e07eff397	  syntax EvPair ::= passLGoE(String, Int, OpSeq, IntSeq, OpSeq, IntSeq) [function, total]	SUPPLIED_FIXED_SEMANTICS_UNUSED	Byte-identical to the trusted supplied semantics and not reachable from the submitted body/entry claims. No candidate-local alteration or proof dependency; no narrower false-rule witness was found in this audit.	
reference-semantics/semantics/builtins.k	149	256	256	rule	equational-rule		False	False	False	False	False	False	False	False	False	False	False	False	d45e660a880f630230813c8e73fc73131f0dad3547f0d2505fd0190212bbbf8f	  rule passLGoE(_:String, CUR:Int, .OpSeq, _:IntSeq, OO:OpSeq, ON:IntSeq) => evp(OO, appendIE(ON, CUR))	SUPPLIED_FIXED_SEMANTICS_UNUSED	Byte-identical to the trusted supplied semantics and not reachable from the submitted body/entry claims. No candidate-local alteration or proof dependency; no narrower false-rule witness was found in this audit.	
reference-semantics/semantics/builtins.k	150	257	259	rule	equational-rule		False	False	False	False	False	False	False	False	False	False	False	False	1ac223a82db80caf5ee40937be2b0959b5807dd84cf351c9799c716978c6bbbd	  rule passLGoE(L:String, CUR:Int, oCons(O:String, OPS:OpSeq), iCons(N:Int, NDS:IntSeq), OO:OpSeq, ON:IntSeq)\n    => passLGoE(L, applyOpE(O, CUR, N), OPS, NDS, OO, ON)\n       requires inLevelE(L, O)	SUPPLIED_FIXED_SEMANTICS_UNUSED	Byte-identical to the trusted supplied semantics and not reachable from the submitted body/entry claims. No candidate-local alteration or proof dependency; no narrower false-rule witness was found in this audit.	
reference-semantics/semantics/builtins.k	151	260	262	rule	equational-rule		False	False	False	False	False	False	False	False	False	False	False	False	fb500b58f0c894e6eff4781d50ded3fbcf06cfdab8b8367fa8029cb67bb2dc4e	  rule passLGoE(L:String, CUR:Int, oCons(O:String, OPS:OpSeq), iCons(N:Int, NDS:IntSeq), OO:OpSeq, ON:IntSeq)\n    => passLGoE(L, N, OPS, NDS, appendOpE(OO, O), appendIE(ON, CUR))\n       requires notBool inLevelE(L, O)	SUPPLIED_FIXED_SEMANTICS_UNUSED	Byte-identical to the trusted supplied semantics and not reachable from the submitted body/entry claims. No candidate-local alteration or proof dependency; no narrower false-rule witness was found in this audit.	
reference-semantics/semantics/builtins.k	152	263	264	rule	equational-rule	owise	False	False	False	False	False	False	False	False	True	False	False	False	a31524ca72676fb54ccaddebfde7aab8c4567f333ae1341fe79d5af474758383	  rule passLGoE(_:String, CUR:Int, oCons(_:String, _:OpSeq), .IntSeq, OO:OpSeq, ON:IntSeq)\n    => evp(OO, appendIE(ON, CUR)) [owise]	SUPPLIED_FIXED_SEMANTICS_UNUSED	Byte-identical to the trusted supplied semantics and not reachable from the submitted body/entry claims. No candidate-local alteration or proof dependency; no narrower false-rule witness was found in this audit.	
reference-semantics/semantics/builtins.k	153	265	265	syntax	syntax-declaration	function, total	True	False	True	False	False	False	False	False	False	False	False	False	c63f7ad54b63c7a4ac86820daaed0ba9fa12247b902499bcc152c2748b82f215	  syntax Bool ::= inLevelE(String, String) [function, total]	SUPPLIED_FIXED_SEMANTICS_UNUSED	Byte-identical to the trusted supplied semantics and not reachable from the submitted body/entry claims. No candidate-local alteration or proof dependency; no narrower false-rule witness was found in this audit.	
reference-semantics/semantics/builtins.k	154	266	266	rule	equational-rule		False	False	False	False	False	False	False	False	False	False	False	False	5542245d98f9f8cb6703eda58c8f865c8e10cc6b891e05b1a0209af2ff05522c	"  rule inLevelE(""mul"", O:String) => O ==String ""*"" orBool O ==String ""//"" orBool O ==String ""/"""	SUPPLIED_FIXED_SEMANTICS_UNUSED	Byte-identical to the trusted supplied semantics and not reachable from the submitted body/entry claims. No candidate-local alteration or proof dependency; no narrower false-rule witness was found in this audit.	
reference-semantics/semantics/builtins.k	155	267	267	rule	equational-rule		False	False	False	False	False	False	False	False	False	False	False	False	a265006b3121361bebc22800edaf6cdf1d50faf7c63681ad7208e1e5c8a0e044	"  rule inLevelE(""add"", O:String) => O ==String ""+"" orBool O ==String ""-"""	SUPPLIED_FIXED_SEMANTICS_UNUSED	Byte-identical to the trusted supplied semantics and not reachable from the submitted body/entry claims. No candidate-local alteration or proof dependency; no narrower false-rule witness was found in this audit.	
reference-semantics/semantics/builtins.k	156	268	268	rule	equational-rule	owise	False	False	False	False	False	False	False	False	True	False	False	False	be9330347ed8eb9231efe56b02b477017ac5704bc497997fafee71b6c490c8b8	  rule inLevelE(_:String, _:String) => false [owise]	SUPPLIED_FIXED_SEMANTICS_UNUSED	Byte-identical to the trusted supplied semantics and not reachable from the submitted body/entry claims. No candidate-local alteration or proof dependency; no narrower false-rule witness was found in this audit.	
reference-semantics/semantics/builtins.k	157	269	269	syntax	syntax-declaration	function, total	True	False	True	False	False	False	False	False	False	False	False	False	8d916ed074bea1075b84a927a9faed5887b9e8a3d77d3607a513b56060bf42e5	  syntax OpSeq ::= appendOpE(OpSeq, String) [function, total]	SUPPLIED_FIXED_SEMANTICS_UNUSED	Byte-identical to the trusted supplied semantics and not reachable from the submitted body/entry claims. No candidate-local alteration or proof dependency; no narrower false-rule witness was found in this audit.	
reference-semantics/semantics/builtins.k	158	270	270	rule	equational-rule		False	False	False	False	False	False	False	False	False	False	False	False	ae642ffabce9f9cfce3c25e7c78473022a6e0ec8c1bb548c02e6d923e1251d8a	  rule appendOpE(.OpSeq, O:String) => oCons(O, .OpSeq)	SUPPLIED_FIXED_SEMANTICS_UNUSED	Byte-identical to the trusted supplied semantics and not reachable from the submitted body/entry claims. No candidate-local alteration or proof dependency; no narrower false-rule witness was found in this audit.	
reference-semantics/semantics/builtins.k	159	271	271	rule	equational-rule		False	False	False	False	False	False	False	False	False	False	False	False	73b179644da48d308593ba50b774dfca53c1a877bf490c818b76e05e920bd72f	  rule appendOpE(oCons(H:String, T:OpSeq), O:String) => oCons(H, appendOpE(T, O))	SUPPLIED_FIXED_SEMANTICS_UNUSED	Byte-identical to the trusted supplied semantics and not reachable from the submitted body/entry claims. No candidate-local alteration or proof dependency; no narrower false-rule witness was found in this audit.	
reference-semantics/semantics/builtins.k	160	272	272	syntax	syntax-declaration	function, total	True	False	True	False	False	False	False	False	False	False	False	False	185ebd52cd89f601431a985ae9403df4d99d1892156e283a66dece78119f10db	  syntax IntSeq ::= appendIE(IntSeq, Int) [function, total]	SUPPLIED_FIXED_SEMANTICS_UNUSED	Byte-identical to the trusted supplied semantics and not reachable from the submitted body/entry claims. No candidate-local alteration or proof dependency; no narrower false-rule witness was found in this audit.	
reference-semantics/semantics/builtins.k	161	273	273	rule	equational-rule		False	False	False	False	False	False	False	False	False	False	False	False	3de6821c7af037f342638a9233c6f6bb0c6c1264ae0c3262ca8a015c651f5dea	  rule appendIE(.IntSeq, N:Int) => iCons(N, .IntSeq)	SUPPLIED_FIXED_SEMANTICS_UNUSED	Byte-identical to the trusted supplied semantics and not reachable from the submitted body/entry claims. No candidate-local alteration or proof dependency; no narrower false-rule witness was found in this audit.	
reference-semantics/semantics/builtins.k	162	274	274	rule	equational-rule		False	False	False	False	False	False	False	False	False	False	False	False	853e11bc042e6ebe6d8c924adb1cf5de36578d8a19c24ce56ffeba7ba039c2e0	  rule appendIE(iCons(H:Int, T:IntSeq), N:Int) => iCons(H, appendIE(T, N))	SUPPLIED_FIXED_SEMANTICS_UNUSED	Byte-identical to the trusted supplied semantics and not reachable from the submitted body/entry claims. No candidate-local alteration or proof dependency; no narrower false-rule witness was found in this audit.	
reference-semantics/semantics/builtins.k	163	279	279	syntax	syntax-declaration		False	False	False	False	False	False	False	False	False	False	False	False	6042c0ea0d763572f3eaae5365fea2107bd39420fc755b2b8b7453258aebb6b2	"  syntax KItem ::= ""#md5"""	SUPPLIED_FIXED_SEMANTICS_UNUSED	Byte-identical to the trusted supplied semantics and not reachable from the submitted body/entry claims. No candidate-local alteration or proof dependency; no narrower false-rule witness was found in this audit.	
reference-semantics/semantics/builtins.k	164	280	281	rule	operational-rule	priority(40)	False	False	False	False	False	True	False	False	False	False	False	False	b590edf6c38c2e6c77525150bc8a358e3231bca659e0df6a3c8b5775e0f5f439	"  rule <k> Call(Attribute(Name(""hashlib""), ""md5""), (E:Expr, .Exprs)) => E ~> #md5 ... </k>\n       [priority(40)]"	SUPPLIED_FIXED_SEMANTICS_UNUSED	Byte-identical to the trusted supplied semantics and not reachable from the submitted body/entry claims. No candidate-local alteration or proof dependency; no narrower false-rule witness was found in this audit.	
reference-semantics/semantics/builtins.k	165	282	282	rule	operational-rule		False	False	False	False	False	False	False	False	False	False	False	False	6ac71d6bbf7e7f75360933cc8dbea285ff326afcd8357240514ab0386fde926b	  rule <k> str(CS:IntSeq) ~> #md5 => md5Obj(CS) ... </k>	SUPPLIED_FIXED_SEMANTICS_UNUSED	Byte-identical to the trusted supplied semantics and not reachable from the submitted body/entry claims. No candidate-local alteration or proof dependency; no narrower false-rule witness was found in this audit.	
reference-semantics/semantics/builtins.k	166	283	283	syntax	syntax-declaration		False	False	False	False	False	False	False	False	False	False	False	False	9b9431246d8becea2fcaec12280ef8bceba723855a66e1d236e04fb5442497f6	  syntax Val ::= md5Obj(IntSeq)	SUPPLIED_FIXED_SEMANTICS_UNUSED	Byte-identical to the trusted supplied semantics and not reachable from the submitted body/entry claims. No candidate-local alteration or proof dependency; no narrower false-rule witness was found in this audit.	
reference-semantics/semantics/builtins.k	167	284	284	rule	equational-rule		False	False	False	False	False	False	False	False	False	False	False	False	0bce3debdb1b1c24428f5ae28ba8ae784588942bcfaf6e8262ee48ddf174ee47	"  rule applyMethod(md5Obj(CS:IntSeq), ""hexdigest"", .Vals) => str(md5hexCodes(CS))"	SUPPLIED_FIXED_SEMANTICS_UNUSED	Byte-identical to the trusted supplied semantics and not reachable from the submitted body/entry claims. No candidate-local alteration or proof dependency; no narrower false-rule witness was found in this audit.	
reference-semantics/semantics/builtins.k	168	285	285	syntax	syntax-declaration	function, total, symbol(md5hexCodes), no-evaluators	True	False	True	True	True	False	False	False	False	False	False	False	975f98444714670f6edcbb074a346e9ce2028b693352f51c96910f0ec639664d	  syntax IntSeq ::= md5hexCodes(IntSeq) [function, total, symbol(md5hexCodes), no-evaluators]	SUPPLIED_FIXED_SEMANTICS_UNUSED	Byte-identical to the trusted supplied semantics and not reachable from the submitted body/entry claims. No candidate-local alteration or proof dependency; no narrower false-rule witness was found in this audit.	
reference-semantics/semantics/builtins.k	169	291	291	rule	equational-rule		False	False	False	False	False	False	False	False	False	False	False	False	2ba833557cf53d21ee5e440f0a2af6dc7b4353381e2736bcd12bc5e679c99432	"  rule applyBuiltin(""isinstance"", V:Val, typeV(""int""), .Vals) => isIntV(V)"	SUPPLIED_FIXED_SEMANTICS_USED	Byte-identical to the trusted supplied semantics. This declaration/rule is on the submitted body's path; its evaluation/control/state role was checked against the program construct. Float no-evaluator symbols remain explicit fixed-semantics trust boundaries.	
reference-semantics/semantics/builtins.k	170	292	292	rule	equational-rule		False	False	False	False	False	False	False	False	False	False	False	False	bf5561a2aab56f66a3ce6d09c7c6dfd45303311499eff70377123e0f719249de	"  rule applyBuiltin(""isinstance"", V:Val, typeV(""str""), .Vals) => isStrV(V)"	SUPPLIED_FIXED_SEMANTICS_USED	Byte-identical to the trusted supplied semantics. This declaration/rule is on the submitted body's path; its evaluation/control/state role was checked against the program construct. Float no-evaluator symbols remain explicit fixed-semantics trust boundaries.	
reference-semantics/semantics/builtins.k	171	293	293	syntax	syntax-declaration	function,function	True	False	False	False	False	False	False	False	False	False	False	False	99f15cd24ca9461c9eb8f64885e483fdc63e7ea9f5a9f05d2e0d02662ecbd1a0	  syntax Bool ::= isIntV(Val) [function] | isStrV(Val) [function]	SUPPLIED_FIXED_SEMANTICS_USED	Byte-identical to the trusted supplied semantics. This declaration/rule is on the submitted body's path; its evaluation/control/state role was checked against the program construct. Float no-evaluator symbols remain explicit fixed-semantics trust boundaries.	
reference-semantics/semantics/builtins.k	172	294	294	rule	equational-rule		False	False	False	False	False	False	False	False	False	False	False	False	c91f54f9c270bb012270d7e4c492153f97d4a36d8d57f551b946dfbe644e8ca2	  rule isIntV(_:Int)         => true	SUPPLIED_FIXED_SEMANTICS_USED	Byte-identical to the trusted supplied semantics. This declaration/rule is on the submitted body's path; its evaluation/control/state role was checked against the program construct. Float no-evaluator symbols remain explicit fixed-semantics trust boundaries.	
reference-semantics/semantics/builtins.k	173	295	295	rule	equational-rule	owise	False	False	False	False	False	False	False	False	True	False	False	False	77e3d8261af894bfc44fcb47c92661d994c0b2efa1fc925e53c21b62b81a4c5b	  rule isIntV(_:Val)         => false [owise]	SUPPLIED_FIXED_SEMANTICS_USED	Byte-identical to the trusted supplied semantics. This declaration/rule is on the submitted body's path; its evaluation/control/state role was checked against the program construct. Float no-evaluator symbols remain explicit fixed-semantics trust boundaries.	
reference-semantics/semantics/builtins.k	174	296	296	rule	equational-rule		False	False	False	False	False	False	False	False	False	False	False	False	31cd47a2659a9a6679895d9a7fde1983d73a7b1bd7505b63b4b4237392bfa553	  rule isStrV(str(_:IntSeq)) => true	SUPPLIED_FIXED_SEMANTICS_USED	Byte-identical to the trusted supplied semantics. This declaration/rule is on the submitted body's path; its evaluation/control/state role was checked against the program construct. Float no-evaluator symbols remain explicit fixed-semantics trust boundaries.	
reference-semantics/semantics/builtins.k	175	297	297	rule	equational-rule	owise	False	False	False	False	False	False	False	False	True	False	False	False	3804e3f189bdee92d86f86e52c6edb922c788ab7c0da35704e1ad1a1d5493ac4	  rule isStrV(_:Val)         => false [owise]	SUPPLIED_FIXED_SEMANTICS_USED	Byte-identical to the trusted supplied semantics. This declaration/rule is on the submitted body's path; its evaluation/control/state role was checked against the program construct. Float no-evaluator symbols remain explicit fixed-semantics trust boundaries.	
reference-semantics/semantics/call.k	1	16	16	rule	operational-rule		False	False	False	False	False	False	False	False	False	False	False	False	fcc2678f3e56cfbeae2c2f89e9a1bb6103168d1a7d1405b6c7812fa01859413f	  rule <k> Attribute(V:Val, M:String) => boundMethodV(V, M) ... </k>	SUPPLIED_FIXED_SEMANTICS_USED	Byte-identical to the trusted supplied semantics. This declaration/rule is on the submitted body's path; its evaluation/control/state role was checked against the program construct. Float no-evaluator symbols remain explicit fixed-semantics trust boundaries.	
reference-semantics/semantics/call.k	2	19	19	syntax	syntax-declaration		False	False	False	False	False	False	False	False	False	False	False	False	f166aadb7e70267d1ac8dc0a7ccfa40bfed6b91c69db7114d80898c8d0a31f64	  syntax KItem ::= #callee(Exprs)	SUPPLIED_FIXED_SEMANTICS_USED	Byte-identical to the trusted supplied semantics. This declaration/rule is on the submitted body's path; its evaluation/control/state role was checked against the program construct. Float no-evaluator symbols remain explicit fixed-semantics trust boundaries.	
reference-semantics/semantics/call.k	3	20	20	rule	operational-rule	owise	False	False	False	False	False	False	False	False	True	False	False	False	52db497eb3eacf57b8448e69d1073154eb6bad5d068145928a5ed80395493c99	  rule <k> Call(Fe:Expr, ARGS:Exprs) => Fe ~> #callee(ARGS) ... </k> [owise]	SUPPLIED_FIXED_SEMANTICS_USED	Byte-identical to the trusted supplied semantics. This declaration/rule is on the submitted body's path; its evaluation/control/state role was checked against the program construct. Float no-evaluator symbols remain explicit fixed-semantics trust boundaries.	
reference-semantics/semantics/call.k	4	21	21	rule	operational-rule		False	False	False	False	False	False	False	False	False	False	False	False	8d55481d9f9d6c2184772c6be68e9522a67d37020a6cb676b73e6cbc93f6a704	  rule <k> CV:Val ~> #callee(ARGS:Exprs) => #evalArgs(ARGS, .Vals, toCall(CV)) ... </k>	SUPPLIED_FIXED_SEMANTICS_USED	Byte-identical to the trusted supplied semantics. This declaration/rule is on the submitted body's path; its evaluation/control/state role was checked against the program construct. Float no-evaluator symbols remain explicit fixed-semantics trust boundaries.	
reference-semantics/semantics/call.k	5	24	24	rule	operational-rule		False	False	False	False	False	False	False	False	False	False	False	False	750b229f580a7c66666b292449fba22846f5e00cb3fc3153023bdf7fcfdd9efb	  rule <k> #applyK(toCall(boundMethodV(OBJ:Val, M:String)), ACC:Vals) => applyMethod(OBJ, M, ACC) ... </k>	SUPPLIED_FIXED_SEMANTICS_USED	Byte-identical to the trusted supplied semantics. This declaration/rule is on the submitted body's path; its evaluation/control/state role was checked against the program construct. Float no-evaluator symbols remain explicit fixed-semantics trust boundaries.	
reference-semantics/semantics/call.k	6	26	26	rule	operational-rule		False	False	False	False	False	False	False	False	False	False	False	False	1095503bb36722e43cb8d6a37a2992b89d496c908e6eb4792f61ec94a7bea273	"  rule <k> #applyK(toCall(builtinV(""sum"")), (OBJ:Iterable, .Vals)) => #sumAcc(OBJ, 0) ... </k>"	SUPPLIED_FIXED_SEMANTICS_USED	Byte-identical to the trusted supplied semantics. This declaration/rule is on the submitted body's path; its evaluation/control/state role was checked against the program construct. Float no-evaluator symbols remain explicit fixed-semantics trust boundaries.	
reference-semantics/semantics/call.k	7	27	27	rule	operational-rule		False	False	False	False	False	False	False	False	False	False	False	False	fc5ade210ed09a981990bca0854a89c461fff04c6e8f9f085c138802cf99ac24	"  rule <k> #applyK(toCall(builtinV(""all"")), (OBJ:Iterable, .Vals)) => #allAcc(OBJ)    ... </k>"	SUPPLIED_FIXED_SEMANTICS_USED	Byte-identical to the trusted supplied semantics. This declaration/rule is on the submitted body's path; its evaluation/control/state role was checked against the program construct. Float no-evaluator symbols remain explicit fixed-semantics trust boundaries.	
reference-semantics/semantics/call.k	8	28	28	rule	operational-rule		False	False	False	False	False	False	False	False	False	False	False	False	0ebe2a3e7c13337161f56273d76e7cb61a698b81d73e9bbacbf86000af01e856	"  rule <k> #applyK(toCall(builtinV(""any"")), (OBJ:Iterable, .Vals)) => #anyAcc(OBJ)    ... </k>"	SUPPLIED_FIXED_SEMANTICS_USED	Byte-identical to the trusted supplied semantics. This declaration/rule is on the submitted body's path; its evaluation/control/state role was checked against the program construct. Float no-evaluator symbols remain explicit fixed-semantics trust boundaries.	
reference-semantics/semantics/call.k	9	29	29	rule	operational-rule		False	False	False	False	False	False	False	False	False	False	False	False	1970448220782168130c0df8a2d8cba18aab5257414dc8a435d28cf40f8b9c00	"  rule <k> #applyK(toCall(builtinV(""max"")), (OBJ:Iterable, .Vals)) => #maxAcc0(OBJ)   ... </k>"	SUPPLIED_FIXED_SEMANTICS_USED	Byte-identical to the trusted supplied semantics. This declaration/rule is on the submitted body's path; its evaluation/control/state role was checked against the program construct. Float no-evaluator symbols remain explicit fixed-semantics trust boundaries.	
reference-semantics/semantics/call.k	10	30	30	rule	operational-rule		False	False	False	False	False	False	False	False	False	False	False	False	f1faea5df680cdb20b5a572233708b088969d6bda2758e2666db59ad7db36868	"  rule <k> #applyK(toCall(builtinV(""min"")), (OBJ:Iterable, .Vals)) => #minAcc0(OBJ)   ... </k>"	SUPPLIED_FIXED_SEMANTICS_USED	Byte-identical to the trusted supplied semantics. This declaration/rule is on the submitted body's path; its evaluation/control/state role was checked against the program construct. Float no-evaluator symbols remain explicit fixed-semantics trust boundaries.	
reference-semantics/semantics/call.k	11	31	31	rule	operational-rule	owise	False	False	False	False	False	False	False	False	True	False	False	False	a1f8fc59300316a965c337cc6d5db688bdf37a444fc1e798ffa9b220217a4be7	  rule <k> #applyK(toCall(builtinV(BN:String)), ACC:Vals) => applyBuiltin(BN, ACC) ... </k> [owise]	SUPPLIED_FIXED_SEMANTICS_USED	Byte-identical to the trusted supplied semantics. This declaration/rule is on the submitted body's path; its evaluation/control/state role was checked against the program construct. Float no-evaluator symbols remain explicit fixed-semantics trust boundaries.	
reference-semantics/semantics/call.k	12	32	32	rule	operational-rule		False	False	False	False	False	False	False	False	False	False	False	False	1aa46f6e29bff4dc5df3e1b848e12dee0d4c83f56c18b543719e65c1e9b766fe	  rule <k> #applyK(toCall(typeV(T:String)),     ACC:Vals) => applyBuiltin(T, ACC)  ... </k>	SUPPLIED_FIXED_SEMANTICS_USED	Byte-identical to the trusted supplied semantics. This declaration/rule is on the submitted body's path; its evaluation/control/state role was checked against the program construct. Float no-evaluator symbols remain explicit fixed-semantics trust boundaries.	
reference-semantics/semantics/call.k	13	38	41	rule	operational-rule	priority(40)	False	False	False	False	False	True	False	False	False	False	False	False	9d65e32ef1f7a99b4c9720a66be39f8d87d4a38924efd8f5c1049b09ba084aff	  rule <k> #applyK(toCall(builtinV(BN:String)), (ref(H:Int), REST:Vals))\n        => #applyK(toCall(builtinV(BN)), (V, REST)) ... </k>\n       <heap> ... H |-> V:Val ... </heap>\n       [priority(40)]	SUPPLIED_FIXED_SEMANTICS_UNUSED	Byte-identical to the trusted supplied semantics and not reachable from the submitted body/entry claims. No candidate-local alteration or proof dependency; no narrower false-rule witness was found in this audit.	
reference-semantics/semantics/call.k	14	42	46	rule	operational-rule	priority(40)	False	False	False	False	False	True	False	False	False	False	False	False	abc7c6fabc488a5532a0d89cffb9686155957cf426156aeb412f8af065f5ad46	  rule <k> #applyK(toCall(builtinV(BN:String)), (A:Val, ref(H:Int), REST:Vals))\n        => #applyK(toCall(builtinV(BN)), (A, V, REST)) ... </k>\n       <heap> ... H |-> V:Val ... </heap>\n       requires notBool isRefV(A)\n       [priority(40)]	SUPPLIED_FIXED_SEMANTICS_UNUSED	Byte-identical to the trusted supplied semantics and not reachable from the submitted body/entry claims. No candidate-local alteration or proof dependency; no narrower false-rule witness was found in this audit.	
reference-semantics/semantics/call.k	15	47	50	rule	operational-rule	priority(40)	False	False	False	False	False	True	False	False	False	False	False	False	b74ca48d3ca3325f235aa6d1cfbf8203e2cd1faafd8465bc03dc21881ef108e1	  rule <k> #applyK(toCall(typeV(T:String)), (ref(H:Int), REST:Vals))\n        => #applyK(toCall(typeV(T)), (V, REST)) ... </k>\n       <heap> ... H |-> V:Val ... </heap>\n       [priority(40)]	SUPPLIED_FIXED_SEMANTICS_UNUSED	Byte-identical to the trusted supplied semantics and not reachable from the submitted body/entry claims. No candidate-local alteration or proof dependency; no narrower false-rule witness was found in this audit.	
reference-semantics/semantics/call.k	16	52	52	syntax	syntax-declaration	function, total	True	False	True	False	False	False	False	False	False	False	False	False	b09f89518d3b2b7f4cf78590ca23dfe76c0cdc4752276a00c84a4ecfb6d43360	  syntax Bool ::= isMutMethod(String) [function, total]	SUPPLIED_FIXED_SEMANTICS_UNUSED	Byte-identical to the trusted supplied semantics and not reachable from the submitted body/entry claims. No candidate-local alteration or proof dependency; no narrower false-rule witness was found in this audit.	
reference-semantics/semantics/call.k	17	53	55	rule	equational-rule		False	False	False	False	False	False	False	False	False	False	False	False	8588f08d1b2ed833e2023cc8a6b5649617743e734444827d360de766c6521f0e	"  rule isMutMethod(M:String)\n    => M ==String ""append"" orBool M ==String ""sort"" orBool M ==String ""extend""\n       orBool M ==String ""insert"" orBool M ==String ""pop"" orBool M ==String ""remove"""	SUPPLIED_FIXED_SEMANTICS_UNUSED	Byte-identical to the trusted supplied semantics and not reachable from the submitted body/entry claims. No candidate-local alteration or proof dependency; no narrower false-rule witness was found in this audit.	
reference-semantics/semantics/call.k	18	56	60	rule	operational-rule	priority(40)	False	False	False	False	False	True	False	False	False	False	False	False	10e44319e0fb2071e91132bc6ca2a7a6564b0a4ccd1dd107eaf5137d903dadda	  rule <k> #applyK(toCall(boundMethodV(ref(H:Int), M:String)), ACC:Vals)\n        => #applyK(toCall(boundMethodV(V, M)), ACC) ... </k>\n       <heap> ... H |-> V:Val ... </heap>\n       requires notBool isMutMethod(M)\n       [priority(40)]	SUPPLIED_FIXED_SEMANTICS_UNUSED	Byte-identical to the trusted supplied semantics and not reachable from the submitted body/entry claims. No candidate-local alteration or proof dependency; no narrower false-rule witness was found in this audit.	
reference-semantics/semantics/call.k	19	63	67	rule	operational-rule	priority(40)	False	False	False	False	False	True	False	False	False	False	False	False	1885ecdcc62dc05b9552e9a33cf2e24d27abcc6dba27d3ba44a5bf204652aead	  rule <k> #applyK(toCall(boundMethodV(OBJ:Val, M:String)), (ref(H:Int), REST:Vals))\n        => #applyK(toCall(boundMethodV(OBJ, M)), (V, REST)) ... </k>\n       <heap> ... H |-> V:Val ... </heap>\n       requires notBool isMutMethod(M) andBool notBool isRefV(OBJ)\n       [priority(40)]	SUPPLIED_FIXED_SEMANTICS_UNUSED	Byte-identical to the trusted supplied semantics and not reachable from the submitted body/entry claims. No candidate-local alteration or proof dependency; no narrower false-rule witness was found in this audit.	
reference-semantics/semantics/call.k	20	69	74	rule	operational-rule	NEWL <- scope(.Map, parent(DEFL))	False	False	False	False	False	False	False	False	False	False	False	False	ec3ffdf2d12203a7906791b5cc4a4dfd1612b964ab4d5c6b778eba2d4262b3ff	  rule <k> #applyK(toCall(closureVal(PNS:ParamNames, BODY:Stmts, DEFL:Int)), ACC:Vals) ~> CONT\n        => #bindP(PNS, ACC) ~> BODY ~> #endcall </k>\n       <env>     CALLERL:Int => NEWL </env>\n       <scopes>   STORE:Map => STORE [ NEWL <- scope(.Map, parent(DEFL)) ] </scopes>\n       <scopeLoc> NEWL:Int => NEWL +Int 1 </scopeLoc>\n       <stack>   .List => ListItem(frame(CONT, CALLERL, NEWL)) ... </stack>	SUPPLIED_FIXED_SEMANTICS_USED	Byte-identical to the trusted supplied semantics. This declaration/rule is on the submitted body's path; its evaluation/control/state role was checked against the program construct. Float no-evaluator symbols remain explicit fixed-semantics trust boundaries.	
reference-semantics/semantics/call.k	21	80	85	rule	operational-rule	"NEWL <- scope(CM [ ""$cells"" <- cellsMark(CVS)"	False	False	False	False	False	False	False	False	False	False	False	False	332fed788642e8aca39ddc0533950ffcc8c7453b70236894166e368486adac05	"  rule <k> #applyK(toCall(closureValC(PNS:ParamNames, CVS:ParamNames, BODY:Stmts, CM:Map)), ACC:Vals) ~> CONT\n        => #allocCells(CVS) ~> #bindP(PNS, ACC) ~> BODY ~> #endcall </k>\n       <env>     CALLERL:Int => NEWL </env>\n       <scopes>   STORE:Map => STORE [ NEWL <- scope(CM [ ""$cells"" <- cellsMark(CVS) ], parent(0)) ] </scopes>\n       <scopeLoc> NEWL:Int => NEWL +Int 1 </scopeLoc>\n       <stack>   .List => ListItem(frame(CONT, CALLERL, NEWL)) ... </stack>"	SUPPLIED_FIXED_SEMANTICS_UNUSED	Byte-identical to the trusted supplied semantics and not reachable from the submitted body/entry claims. No candidate-local alteration or proof dependency; no narrower false-rule witness was found in this audit.	
reference-semantics/semantics/call.k	22	87	87	syntax	syntax-declaration		False	False	False	False	False	False	False	False	False	False	False	False	e6caec0e698dbb9eac13976f324229251e3e2f3f91deab40ffd46d42422183ff	  syntax KItem ::= #allocCells(ParamNames)	SUPPLIED_FIXED_SEMANTICS_UNUSED	Byte-identical to the trusted supplied semantics and not reachable from the submitted body/entry claims. No candidate-local alteration or proof dependency; no narrower false-rule witness was found in this audit.	
reference-semantics/semantics/call.k	23	88	88	rule	operational-rule		False	False	False	False	False	False	False	False	False	False	False	False	2a957c1d6ee6854a64e04f88378315c38c9ae4781a88a455f55e109f6b00d7f1	  rule <k> #allocCells(.ParamNames) => .K ... </k>	SUPPLIED_FIXED_SEMANTICS_UNUSED	Byte-identical to the trusted supplied semantics and not reachable from the submitted body/entry claims. No candidate-local alteration or proof dependency; no narrower false-rule witness was found in this audit.	
reference-semantics/semantics/call.k	24	89	94	rule	operational-rule	CV <- cellRef(N)	False	False	False	False	False	False	False	False	False	False	False	False	fac8259496fc577a9972bd14b41d0fd1b5c9cf1c540f6fbf26471852ee35155b	  rule <k> #allocCells((CV:String, R:ParamNames)) => #allocCells(R) ... </k>\n       <env> L:Int </env>\n       <scopes> ... L |-> scope(M:Map => M [ CV <- cellRef(N) ], _) ... </scopes>\n       <heap>    H:Map => (N |-> cellV(noneV)) H </heap>\n       <heapLoc> N:Int => N +Int 1 </heapLoc>\n       requires notBool N in_keys(H)	SUPPLIED_FIXED_SEMANTICS_UNUSED	Byte-identical to the trusted supplied semantics and not reachable from the submitted body/entry claims. No candidate-local alteration or proof dependency; no narrower false-rule witness was found in this audit.	
reference-semantics/semantics/comprehension.k	1	11	11	rule	equational-rule		False	False	False	False	False	False	False	False	False	False	False	False	d9ced0c5fd52d14ad767118816f8cd85ce01eb3837a8b675883e3f737234b601	  rule ListComp(ELT:Expr, Gs:CompFors) => Call(closureExpr(.ParamNames, compBody(Gs, ELT)), .Exprs)	SUPPLIED_FIXED_SEMANTICS_UNUSED	Byte-identical to the trusted supplied semantics and not reachable from the submitted body/entry claims. No candidate-local alteration or proof dependency; no narrower false-rule witness was found in this audit.	
reference-semantics/semantics/comprehension.k	2	12	12	rule	equational-rule		False	False	False	False	False	False	False	False	False	False	False	False	705f7d1ad181c5b2687baa2167182cf77881c9d2d8455dc8c7ca09155e4b7bf4	  rule GenExp(ELT:Expr, Gs:CompFors)   => Call(closureExpr(.ParamNames, compBody(Gs, ELT)), .Exprs)	SUPPLIED_FIXED_SEMANTICS_UNUSED	Byte-identical to the trusted supplied semantics and not reachable from the submitted body/entry claims. No candidate-local alteration or proof dependency; no narrower false-rule witness was found in this audit.	
reference-semantics/semantics/comprehension.k	3	14	14	syntax	syntax-declaration	macro	False	False	False	False	False	False	False	False	False	True	False	False	2072a041e18458272e7ed7938b18a4956a21c966b1f6d0298fb285585097d651	  syntax Stmts ::= compBody(CompFors, Expr) [macro]	SUPPLIED_FIXED_SEMANTICS_UNUSED	Byte-identical to the trusted supplied semantics and not reachable from the submitted body/entry claims. No candidate-local alteration or proof dependency; no narrower false-rule witness was found in this audit.	
reference-semantics/semantics/comprehension.k	4	15	16	rule	equational-rule		False	False	False	False	False	False	False	False	False	False	False	False	2c6c9270a21330f7ae99641cb97511934558316fb4786d3dc7f5bf4d114f575a	"  rule compBody(Gs:CompFors, ELT:Expr)\n    => Assign(Name(""$acc""), ListExpr(.Exprs)) compNest(Gs, ELT) Return(Name(""$acc""))"	SUPPLIED_FIXED_SEMANTICS_UNUSED	Byte-identical to the trusted supplied semantics and not reachable from the submitted body/entry claims. No candidate-local alteration or proof dependency; no narrower false-rule witness was found in this audit.	
reference-semantics/semantics/comprehension.k	5	18	18	syntax	syntax-declaration	macro-rec	False	False	False	False	False	False	False	False	False	True	False	False	341eb0df70009c8249d1774ac0d97eb26bf40e0071ef89bfdc29b6dd10e96ac6	  syntax Stmt ::= compNest(CompFors, Expr) [macro-rec]	SUPPLIED_FIXED_SEMANTICS_UNUSED	Byte-identical to the trusted supplied semantics and not reachable from the submitted body/entry claims. No candidate-local alteration or proof dependency; no narrower false-rule witness was found in this audit.	
reference-semantics/semantics/comprehension.k	6	19	20	rule	equational-rule		False	False	False	False	False	False	False	False	False	False	False	False	e4cbb6c526d4356b46686afba23b8e88ad8f5da1f8d71ea951f8616a6ef33841	"  rule compNest(.CompFors, ELT:Expr)\n    => Assign(Name(""$acc""), BinOp(""+"", Name(""$acc""), ListExpr(ELT)))"	SUPPLIED_FIXED_SEMANTICS_UNUSED	Byte-identical to the trusted supplied semantics and not reachable from the submitted body/entry claims. No candidate-local alteration or proof dependency; no narrower false-rule witness was found in this audit.	
reference-semantics/semantics/comprehension.k	7	21	22	rule	equational-rule		False	False	False	False	False	False	False	False	False	False	False	False	284ed568b118294b0d2d794eab400b19dd902fde0b5d95340c6435b0a41e98a1	  rule compNest((CompFor(T:Expr, ITER:Expr, Fs:Exprs) GRest:CompFors), ELT:Expr)\n    => For(T, ITER, If(compGuard(Fs), compNest(GRest, ELT), .Stmts))	SUPPLIED_FIXED_SEMANTICS_UNUSED	Byte-identical to the trusted supplied semantics and not reachable from the submitted body/entry claims. No candidate-local alteration or proof dependency; no narrower false-rule witness was found in this audit.	
reference-semantics/semantics/comprehension.k	8	24	24	syntax	syntax-declaration	macro	False	False	False	False	False	False	False	False	False	True	False	False	7a75804858f8c520217583343f7a42ced94e4728ec6d7d21030ca5a089e53694	  syntax Expr ::= compGuard(Exprs) [macro]	SUPPLIED_FIXED_SEMANTICS_UNUSED	Byte-identical to the trusted supplied semantics and not reachable from the submitted body/entry claims. No candidate-local alteration or proof dependency; no narrower false-rule witness was found in this audit.	
reference-semantics/semantics/comprehension.k	9	25	25	rule	equational-rule		False	False	False	False	False	False	False	False	False	False	False	False	23ec4703a7843f12b6bbe0bc4edec6e2051bf3ec11290678bc04fbc24f903b97	  rule compGuard(.Exprs)             => Bool(true)	SUPPLIED_FIXED_SEMANTICS_UNUSED	Byte-identical to the trusted supplied semantics and not reachable from the submitted body/entry claims. No candidate-local alteration or proof dependency; no narrower false-rule witness was found in this audit.	
reference-semantics/semantics/comprehension.k	10	26	26	rule	equational-rule		False	False	False	False	False	False	False	False	False	False	False	False	31ead01c4a851dd15c04edb49d7042e52aba33906f74cc808bdeeb9600c4e3d8	"  rule compGuard((F:Expr, Fs:Exprs)) => BoolOp(""and"", (F, Fs))"	SUPPLIED_FIXED_SEMANTICS_UNUSED	Byte-identical to the trusted supplied semantics and not reachable from the submitted body/entry claims. No candidate-local alteration or proof dependency; no narrower false-rule witness was found in this audit.	
reference-semantics/semantics/concrete.k	1	13	15	rule	operational-rule		False	False	False	False	False	False	False	False	False	False	False	False	aa5c0e174df072c9a5f0234d978cd4239e3567274e6acb31fb7544700ce5eae5	"  rule <k> Compare(list(A:ValSeq), CmpOp(""=="", list(B:ValSeq))) => deepEqVS(A, B, HP) ... </k>\n       <heap> HP:Map </heap>\n       requires hasRefVS(A) orBool hasRefVS(B)"	SUPPLIED_FIXED_SEMANTICS_UNUSED	Byte-identical to the trusted supplied semantics and not reachable from the submitted body/entry claims. No candidate-local alteration or proof dependency; no narrower false-rule witness was found in this audit.	
reference-semantics/semantics/concrete.k	2	16	18	rule	operational-rule		False	False	False	False	False	False	False	False	False	False	False	False	4da505393df4c03b164159f7fb8976b5e87604ddc0a636a5920b6d2322d9624e	"  rule <k> Compare(list(A:ValSeq), CmpOp(""!="", list(B:ValSeq))) => notBool deepEqVS(A, B, HP) ... </k>\n       <heap> HP:Map </heap>\n       requires hasRefVS(A) orBool hasRefVS(B)"	SUPPLIED_FIXED_SEMANTICS_UNUSED	Byte-identical to the trusted supplied semantics and not reachable from the submitted body/entry claims. No candidate-local alteration or proof dependency; no narrower false-rule witness was found in this audit.	
reference-semantics/semantics/concrete.k	3	25	25	syntax	syntax-declaration		False	False	False	False	False	False	False	False	False	False	False	False	5f2bf9f54ba1cae8a238ff566df26ae552572163691122549b9afae4cf10fd4b	  syntax Val ::= kvP(Val, Val)	SUPPLIED_FIXED_SEMANTICS_UNUSED	Byte-identical to the trusted supplied semantics and not reachable from the submitted body/entry claims. No candidate-local alteration or proof dependency; no narrower false-rule witness was found in this audit.	
reference-semantics/semantics/concrete.k	4	26	27	syntax	syntax-declaration		False	False	False	False	False	False	False	False	False	False	False	False	8546348584f9e23c7c0f9ceb9a13d9410e56a764e365c82d9a9a6ff4e9146dab	  syntax KItem ::= #ksort(ValSeq, Val, ValSeq, Bool)\n                 | #ksIns(Val, ValSeq, Val, ValSeq, Bool)	SUPPLIED_FIXED_SEMANTICS_UNUSED	Byte-identical to the trusted supplied semantics and not reachable from the submitted body/entry claims. No candidate-local alteration or proof dependency; no narrower false-rule witness was found in this audit.	
reference-semantics/semantics/concrete.k	5	28	30	rule	operational-rule	priority(40)	False	False	False	False	False	True	False	False	False	False	False	False	1315496a46e8eac5fc6ee10df9a31f2720cc650a17610e14b777e91365c37c1d	"  rule <k> #applyK(toCall(builtinV(""sorted"")), (list(VS:ValSeq), kwV(""key"", KV:Val), .Vals))\n        => #ksort(VS, KV, .ValSeq, false) ... </k>\n       [priority(40)]"	SUPPLIED_FIXED_SEMANTICS_UNUSED	Byte-identical to the trusted supplied semantics and not reachable from the submitted body/entry claims. No candidate-local alteration or proof dependency; no narrower false-rule witness was found in this audit.	
reference-semantics/semantics/concrete.k	6	31	33	rule	operational-rule	priority(40)	False	False	False	False	False	True	False	False	False	False	False	False	002760d79c90441974fe53634f46341a8594dd75e696fdbd5c6987bfe39a1bc3	"  rule <k> #applyK(toCall(builtinV(""sorted"")), (list(VS:ValSeq), kwV(""key"", KV:Val), kwV(""reverse"", RB:Bool), .Vals))\n        => #ksort(VS, KV, .ValSeq, RB) ... </k>\n       [priority(40)]"	SUPPLIED_FIXED_SEMANTICS_UNUSED	Byte-identical to the trusted supplied semantics and not reachable from the submitted body/entry claims. No candidate-local alteration or proof dependency; no narrower false-rule witness was found in this audit.	
reference-semantics/semantics/concrete.k	7	34	35	rule	operational-rule		False	False	False	False	False	False	False	False	False	False	False	False	b68a3ef507cb00080eab431a20276a223176c46217c030d5442594810230c623	  rule <k> #ksort(.ValSeq, _:Val, ACC:ValSeq, RB:Bool)\n        => #alloc(list(condRev(unpairVS(ACC), RB))) ... </k>	SUPPLIED_FIXED_SEMANTICS_UNUSED	Byte-identical to the trusted supplied semantics and not reachable from the submitted body/entry claims. No candidate-local alteration or proof dependency; no narrower false-rule witness was found in this audit.	
reference-semantics/semantics/concrete.k	8	36	37	rule	operational-rule		False	False	False	False	False	False	False	False	False	False	False	False	46fdcdeefec4ae9da3c27a5923fc270d395506ac1cde3633e095cf7edae0f377	  rule <k> #ksort(vCons(V:Val, R:ValSeq), KV:Val, ACC:ValSeq, RB:Bool)\n        => KV ~> #callee((V, .Exprs)) ~> #ksIns(V, R, KV, ACC, RB) ... </k>	SUPPLIED_FIXED_SEMANTICS_UNUSED	Byte-identical to the trusted supplied semantics and not reachable from the submitted body/entry claims. No candidate-local alteration or proof dependency; no narrower false-rule witness was found in this audit.	
reference-semantics/semantics/concrete.k	9	38	40	rule	operational-rule		False	False	False	False	False	False	False	False	False	False	False	False	4817c11bed497d366c9018e099df3a932841f818c42ae46910188ffd6b856d87	  rule <k> K:Val ~> #ksIns(V:Val, R:ValSeq, KV:Val, ACC:ValSeq, RB:Bool)\n        => #ksort(R, KV, insPair(ACC, K, V), RB) ... </k>\n       requires notBool isKwV(K)	SUPPLIED_FIXED_SEMANTICS_UNUSED	Byte-identical to the trusted supplied semantics and not reachable from the submitted body/entry claims. No candidate-local alteration or proof dependency; no narrower false-rule witness was found in this audit.	
reference-semantics/semantics/concrete.k	10	42	42	syntax	syntax-declaration	function	True	False	False	False	False	False	False	False	False	False	False	False	8b8f663cb9f0a5fbd8506a9785c2649c19f669de2d28efc06e95f8036dc98f91	  syntax ValSeq ::= insPair(ValSeq, Val, Val) [function]	SUPPLIED_FIXED_SEMANTICS_UNUSED	Byte-identical to the trusted supplied semantics and not reachable from the submitted body/entry claims. No candidate-local alteration or proof dependency; no narrower false-rule witness was found in this audit.	
reference-semantics/semantics/concrete.k	11	43	43	rule	equational-rule		False	False	False	False	False	False	False	False	False	False	False	False	63605f00773735a9a79bd59d027d66aa517bea5233905075ad11ecf9f38255ef	  rule insPair(.ValSeq, K:Val, V:Val) => vCons(kvP(K, V), .ValSeq)	SUPPLIED_FIXED_SEMANTICS_UNUSED	Byte-identical to the trusted supplied semantics and not reachable from the submitted body/entry claims. No candidate-local alteration or proof dependency; no narrower false-rule witness was found in this audit.	
reference-semantics/semantics/concrete.k	12	44	46	rule	equational-rule		False	False	False	False	False	False	False	False	False	False	False	False	19bfd3b0317e30ccbaf79513433e5b8a78c95b439910845a8d61d124263ee283	  rule insPair(vCons(kvP(K2:Val, V2:Val), R:ValSeq), K:Val, V:Val)\n    => vCons(kvP(K, V), vCons(kvP(K2, V2), R))\n       requires kLt(K, K2)	SUPPLIED_FIXED_SEMANTICS_UNUSED	Byte-identical to the trusted supplied semantics and not reachable from the submitted body/entry claims. No candidate-local alteration or proof dependency; no narrower false-rule witness was found in this audit.	
reference-semantics/semantics/concrete.k	13	47	49	rule	equational-rule		False	False	False	False	False	False	False	False	False	False	False	False	4af078862bab7499926e46f3bc3c863f0b4e72639531bf3a7ea4b0d0c4a26245	  rule insPair(vCons(kvP(K2:Val, V2:Val), R:ValSeq), K:Val, V:Val)\n    => vCons(kvP(K2, V2), insPair(R, K, V))\n       requires notBool kLt(K, K2)	SUPPLIED_FIXED_SEMANTICS_UNUSED	Byte-identical to the trusted supplied semantics and not reachable from the submitted body/entry claims. No candidate-local alteration or proof dependency; no narrower false-rule witness was found in this audit.	
reference-semantics/semantics/concrete.k	14	51	51	syntax	syntax-declaration	function	True	False	False	False	False	False	False	False	False	False	False	False	6f0d8dc431e9b588d22963b7ec907adc7c0d6dd21c6a8030a618281eb7cd927a	  syntax Bool ::= kLt(Val, Val) [function]	SUPPLIED_FIXED_SEMANTICS_UNUSED	Byte-identical to the trusted supplied semantics and not reachable from the submitted body/entry claims. No candidate-local alteration or proof dependency; no narrower false-rule witness was found in this audit.	
reference-semantics/semantics/concrete.k	15	52	52	rule	equational-rule		False	False	False	False	False	False	False	False	False	False	False	False	a22ae76ce3a02f8ea9e3e328c19eb279dcd8ba232b5ff5f7856d06c36be04628	  rule kLt(I1:Int, I2:Int)             => I1 <Int I2	SUPPLIED_FIXED_SEMANTICS_UNUSED	Byte-identical to the trusted supplied semantics and not reachable from the submitted body/entry claims. No candidate-local alteration or proof dependency; no narrower false-rule witness was found in this audit.	
reference-semantics/semantics/concrete.k	16	53	53	rule	equational-rule		False	False	False	False	False	False	False	False	False	False	False	False	ff2747645d99066e61ac4b1eb121d54deb2b0fa277cfe0140a5f1e742252e365	  rule kLt(F1:Float, F2:Float)         => F1 <Float F2	SUPPLIED_FIXED_SEMANTICS_UNUSED	Byte-identical to the trusted supplied semantics and not reachable from the submitted body/entry claims. No candidate-local alteration or proof dependency; no narrower false-rule witness was found in this audit.	
reference-semantics/semantics/concrete.k	17	54	54	rule	equational-rule		False	False	False	False	False	False	False	False	False	False	False	False	855e0ed4747886624d5d6dbca961759f4feacd308058c00563ae572b685a21d6	  rule kLt(str(A:IntSeq), str(B:IntSeq)) => strLt(A, B)	SUPPLIED_FIXED_SEMANTICS_UNUSED	Byte-identical to the trusted supplied semantics and not reachable from the submitted body/entry claims. No candidate-local alteration or proof dependency; no narrower false-rule witness was found in this audit.	
reference-semantics/semantics/concrete.k	18	56	56	syntax	syntax-declaration	function, total	True	False	True	False	False	False	False	False	False	False	False	False	08dbdf1411a4a7cb472c688160fac2a2adcf5dfa3664357a70afca38cbdcab36	  syntax ValSeq ::= unpairVS(ValSeq) [function, total]	SUPPLIED_FIXED_SEMANTICS_UNUSED	Byte-identical to the trusted supplied semantics and not reachable from the submitted body/entry claims. No candidate-local alteration or proof dependency; no narrower false-rule witness was found in this audit.	
reference-semantics/semantics/concrete.k	19	57	57	rule	equational-rule		False	False	False	False	False	False	False	False	False	False	False	False	0c4793ebfd2ca0c5e6602e60daad8e08889fcd7a950fb6b5d0ec1d903a8adc85	  rule unpairVS(.ValSeq) => .ValSeq	SUPPLIED_FIXED_SEMANTICS_UNUSED	Byte-identical to the trusted supplied semantics and not reachable from the submitted body/entry claims. No candidate-local alteration or proof dependency; no narrower false-rule witness was found in this audit.	
reference-semantics/semantics/concrete.k	20	58	58	rule	equational-rule		False	False	False	False	False	False	False	False	False	False	False	False	ff066cb9aae70a2d0782b8835101f1920c42c6542c943c16f049e53f084291a3	  rule unpairVS(vCons(kvP(_:Val, V:Val), R:ValSeq)) => vCons(V, unpairVS(R))	SUPPLIED_FIXED_SEMANTICS_UNUSED	Byte-identical to the trusted supplied semantics and not reachable from the submitted body/entry claims. No candidate-local alteration or proof dependency; no narrower false-rule witness was found in this audit.	
reference-semantics/semantics/concrete.k	21	59	59	rule	equational-rule	owise	False	False	False	False	False	False	False	False	True	False	False	False	e56ae0e6bc6096942254c408e4e97eb85419ab272660d0769ff60005583fdb64	  rule unpairVS(vCons(V:Val, R:ValSeq)) => vCons(V, unpairVS(R)) [owise]	SUPPLIED_FIXED_SEMANTICS_UNUSED	Byte-identical to the trusted supplied semantics and not reachable from the submitted body/entry claims. No candidate-local alteration or proof dependency; no narrower false-rule witness was found in this audit.	
reference-semantics/semantics/controls.k	1	9	11	rule	operational-rule	X <- V	False	False	False	False	False	False	False	False	False	False	False	False	fea0a6af92fc35ec1aa23181eab95b4a332039b808213b27d2df3317fc771abd	  rule <k> Assign(Name(X:String), V:Val) => .K ... </k>\n       <env> L:Int </env>\n       <scopes> ... L |-> scope(M:Map => M [ X <- V ], _) ... </scopes>	SUPPLIED_FIXED_SEMANTICS_USED	Byte-identical to the trusted supplied semantics. This declaration/rule is on the submitted body's path; its evaluation/control/state role was checked against the program construct. Float no-evaluator symbols remain explicit fixed-semantics trust boundaries.	
reference-semantics/semantics/controls.k	2	12	18	rule	operational-rule	"X,""$cells"",X,priority(40)"	False	False	False	False	False	True	False	False	False	False	False	False	d97eb260f3df310b0576023e38f1af7e690eafd48b87736981977d94ad981d3d	"  rule <k> Assign(Name(X:String), V:Val) => #cellW({M[X]}:>Val, V) ... </k>\n       <env> L:Int </env>\n       <scopes> ... L |-> scope(M:Map, _) ... </scopes>\n       requires ""$cells"" in_keys(M)\n        andBool pnMember(X, cellsOf({M[""$cells""]}:>Val))\n        andBool X in_keys(M) andBool isCellRef({M[X]}:>Val)\n       [priority(40)]"	SUPPLIED_FIXED_SEMANTICS_USED	Byte-identical to the trusted supplied semantics. This declaration/rule is on the submitted body's path; its evaluation/control/state role was checked against the program construct. Float no-evaluator symbols remain explicit fixed-semantics trust boundaries.	
reference-semantics/semantics/controls.k	3	20	23	rule	operational-rule	X <- applyBin(OP, {M[X	False	False	False	False	False	False	False	False	False	False	False	False	a9ecb9f06d6997abac2e8d1d964372628d6f41a54356f742230a4992edec122d	  rule <k> AugAssign(Name(X:String), OP:String, V:Val) => .K ... </k>\n       <env> L:Int </env>\n       <scopes> ... L |-> scope(M:Map => M [ X <- applyBin(OP, {M[X]}:>Val, V) ], _) ... </scopes>\n       requires X in_keys(M)	SUPPLIED_FIXED_SEMANTICS_UNUSED	Byte-identical to the trusted supplied semantics and not reachable from the submitted body/entry claims. No candidate-local alteration or proof dependency; no narrower false-rule witness was found in this audit.	
reference-semantics/semantics/controls.k	4	27	31	rule	operational-rule	X,priority(40)	False	False	False	False	False	True	False	False	False	False	False	False	9b7616c3b5c09972491684d8c424e97792df586b7287c472a211ff89613716cf	  rule <k> AugAssign(Name(X:String), OP:String, V:Val) => Assign(Name(X), BinOp(OP, Name(X), V)) ... </k>\n       <env> L:Int </env>\n       <scopes> ... L |-> scope(M:Map, _) ... </scopes>\n       requires X in_keys(M) andBool isRefV({M[X]}:>Val)\n       [priority(40)]	SUPPLIED_FIXED_SEMANTICS_UNUSED	Byte-identical to the trusted supplied semantics and not reachable from the submitted body/entry claims. No candidate-local alteration or proof dependency; no narrower false-rule witness was found in this audit.	
reference-semantics/semantics/controls.k	5	35	35	rule	operational-rule		False	False	False	False	False	False	False	False	False	False	False	False	f639e810ede43c09dbf75ac00e8b6a676365ccbc90f6691ba4aa90e30aaa7fe7	"  rule <k> ImportFrom(""math"", NS:ParamNames) => #bindImports(NS) ... </k>"	SUPPLIED_FIXED_SEMANTICS_UNUSED	Byte-identical to the trusted supplied semantics and not reachable from the submitted body/entry claims. No candidate-local alteration or proof dependency; no narrower false-rule witness was found in this audit.	
reference-semantics/semantics/controls.k	6	36	36	rule	operational-rule	owise	False	False	False	False	False	False	False	False	True	False	False	False	877dfb60ad77227ce11cbe7df900cca13fe7d02c5d757bf467412abd20c57deb	  rule <k> ImportFrom(_:String, _:ParamNames) => .K ... </k> [owise]	SUPPLIED_FIXED_SEMANTICS_UNUSED	Byte-identical to the trusted supplied semantics and not reachable from the submitted body/entry claims. No candidate-local alteration or proof dependency; no narrower false-rule witness was found in this audit.	
reference-semantics/semantics/controls.k	7	37	37	syntax	syntax-declaration		False	False	False	False	False	False	False	False	False	False	False	False	dd700ed63c9bed5c705e05f8566804cf7298bff87960b701e151f008ee3262bf	  syntax KItem ::= #bindImports(ParamNames)	SUPPLIED_FIXED_SEMANTICS_UNUSED	Byte-identical to the trusted supplied semantics and not reachable from the submitted body/entry claims. No candidate-local alteration or proof dependency; no narrower false-rule witness was found in this audit.	
reference-semantics/semantics/controls.k	8	38	38	rule	operational-rule		False	False	False	False	False	False	False	False	False	False	False	False	ae2ec2940cb2cfbb2aff309c682adb80b345e86d19411450ccce953ac4d6b63f	  rule <k> #bindImports(.ParamNames) => .K ... </k>	SUPPLIED_FIXED_SEMANTICS_UNUSED	Byte-identical to the trusted supplied semantics and not reachable from the submitted body/entry claims. No candidate-local alteration or proof dependency; no narrower false-rule witness was found in this audit.	
reference-semantics/semantics/controls.k	9	39	42	rule	operational-rule	N <- builtinV(N)	False	False	False	False	False	False	False	False	False	False	False	False	880fd7cd94e366843b9ed611a286e44b7bbf668211e7583bfc66ed5a0cad1479	"  rule <k> #bindImports((N:String, NS:ParamNames)) => #bindImports(NS) ... </k>\n       <env> L:Int </env>\n       <scopes> ... L |-> scope(M:Map => M [ N <- builtinV(N) ], _) ... </scopes>\n       requires N ==String ""floor"" orBool N ==String ""ceil"""	SUPPLIED_FIXED_SEMANTICS_UNUSED	Byte-identical to the trusted supplied semantics and not reachable from the submitted body/entry claims. No candidate-local alteration or proof dependency; no narrower false-rule witness was found in this audit.	
reference-semantics/semantics/controls.k	10	43	44	rule	operational-rule		False	False	False	False	False	False	False	False	False	False	False	False	0271b1c75b393bbf7cd2d723f5ea9f7e52fefc0b09e9de6b401dbe6aa489d166	"  rule <k> #bindImports((N:String, NS:ParamNames)) => #bindImports(NS) ... </k>\n       requires notBool (N ==String ""floor"" orBool N ==String ""ceil"")"	SUPPLIED_FIXED_SEMANTICS_UNUSED	Byte-identical to the trusted supplied semantics and not reachable from the submitted body/entry claims. No candidate-local alteration or proof dependency; no narrower false-rule witness was found in this audit.	
reference-semantics/semantics/controls.k	11	48	48	rule	operational-rule		False	False	False	False	False	False	False	False	False	False	False	False	1408be7069c9134d9ccd9512f33c4a259830596fef1bb434e060f6af380fe0c3	  rule <k> Expr(_:Val) => .K ... </k>	SUPPLIED_FIXED_SEMANTICS_UNUSED	Byte-identical to the trusted supplied semantics and not reachable from the submitted body/entry claims. No candidate-local alteration or proof dependency; no narrower false-rule witness was found in this audit.	
reference-semantics/semantics/controls.k	12	51	51	syntax	syntax-declaration		False	False	False	False	False	False	False	False	False	False	False	False	46d5d447203828eda04c76e3729b77659fc5a00e1d2a7de2196077557f1d2980	  syntax KItem ::= #branch(Bool, Stmts, Stmts)	SUPPLIED_FIXED_SEMANTICS_USED	Byte-identical to the trusted supplied semantics. This declaration/rule is on the submitted body's path; its evaluation/control/state role was checked against the program construct. Float no-evaluator symbols remain explicit fixed-semantics trust boundaries.	
reference-semantics/semantics/controls.k	13	52	52	rule	operational-rule		False	False	False	False	False	False	False	False	False	False	False	False	692ab5da6b0a64076cf1e1a495cbb51df0853156b3a85654752ff73499b5ae92	  rule <k> If(C:Val, T:Stmts, E:Stmts) => #branch(truthy(C), T, E) ... </k>	SUPPLIED_FIXED_SEMANTICS_USED	Byte-identical to the trusted supplied semantics. This declaration/rule is on the submitted body's path; its evaluation/control/state role was checked against the program construct. Float no-evaluator symbols remain explicit fixed-semantics trust boundaries.	
reference-semantics/semantics/controls.k	14	53	53	rule	operational-rule		False	False	False	False	False	False	False	False	False	False	False	False	ca40bd598e8552c092f3f762c7f8b33de1ea638e78aea478a9eff8a2a82b0f47	  rule <k> #branch(true,  T:Stmts, _:Stmts) => T ... </k>	SUPPLIED_FIXED_SEMANTICS_USED	Byte-identical to the trusted supplied semantics. This declaration/rule is on the submitted body's path; its evaluation/control/state role was checked against the program construct. Float no-evaluator symbols remain explicit fixed-semantics trust boundaries.	
reference-semantics/semantics/controls.k	15	54	54	rule	operational-rule		False	False	False	False	False	False	False	False	False	False	False	False	e046e7c73ee58120cdee1135554ecfacfb3cc4a84eb1f62847f09d2512807522	  rule <k> #branch(false, _:Stmts, E:Stmts) => E ... </k>	SUPPLIED_FIXED_SEMANTICS_USED	Byte-identical to the trusted supplied semantics. This declaration/rule is on the submitted body's path; its evaluation/control/state role was checked against the program construct. Float no-evaluator symbols remain explicit fixed-semantics trust boundaries.	
reference-semantics/semantics/controls.k	16	57	58	rule	operational-rule		False	False	False	False	False	False	False	False	False	False	False	False	293cdf88a4901e380232224e8ce9b07a29ff9b554ccd6249ff7b27de3ad30448	  rule <k> IfExp(V:Val, T:Expr, _:Expr) => T ... </k>\n       requires truthy(V)	SUPPLIED_FIXED_SEMANTICS_UNUSED	Byte-identical to the trusted supplied semantics and not reachable from the submitted body/entry claims. No candidate-local alteration or proof dependency; no narrower false-rule witness was found in this audit.	
reference-semantics/semantics/controls.k	17	59	60	rule	operational-rule		False	False	False	False	False	False	False	False	False	False	False	False	bc4f7a97f6e3ed8e7c156d5beaa5d1d23ba679cee95b81da59d189aa86ac5844	  rule <k> IfExp(V:Val, _:Expr, E:Expr) => E ... </k>\n       requires notBool truthy(V)	SUPPLIED_FIXED_SEMANTICS_UNUSED	Byte-identical to the trusted supplied semantics and not reachable from the submitted body/entry claims. No candidate-local alteration or proof dependency; no narrower false-rule witness was found in this audit.	
reference-semantics/semantics/controls.k	18	65	67	syntax	syntax-declaration		False	False	False	False	False	False	False	False	False	False	False	False	ce087b9a65005f3deafa703f95896c92377cf448274600ab7db7ed5422da4c3b	"  syntax KItem ::= #loop(Val, Expr, Stmts) | #loopStep(Expr, Stmts)\n                 | #while(Expr, Stmts) | #whileCond(Expr, Stmts)\n                 | #loopLbl(K) | ""#cont"" | ""#brk"""	SUPPLIED_FIXED_SEMANTICS_UNUSED	Byte-identical to the trusted supplied semantics and not reachable from the submitted body/entry claims. No candidate-local alteration or proof dependency; no narrower false-rule witness was found in this audit.	
reference-semantics/semantics/controls.k	19	69	69	rule	operational-rule		False	False	False	False	False	False	False	False	False	False	False	False	0aae729be14b898ec5681808dd55f49ef9c8956088ce68a6488b92ce8eb6b3a4	  rule <k> For(T:Expr, OBJ:Val, B:Stmts) => #loop(OBJ, T, B) ... </k>	SUPPLIED_FIXED_SEMANTICS_UNUSED	Byte-identical to the trusted supplied semantics and not reachable from the submitted body/entry claims. No candidate-local alteration or proof dependency; no narrower false-rule witness was found in this audit.	
reference-semantics/semantics/controls.k	20	71	71	rule	operational-rule		False	False	False	False	False	False	False	False	False	False	False	False	5e83ccac57c21f4c7c5007839ee32dca6c7ae215768d2a3bbc69021469cba2fe	  rule <k> #loop(IT:Iterable, T:Expr, B:Stmts) => #iterNext(IT) ~> #loopStep(T, B) ... </k>	SUPPLIED_FIXED_SEMANTICS_UNUSED	Byte-identical to the trusted supplied semantics and not reachable from the submitted body/entry claims. No candidate-local alteration or proof dependency; no narrower false-rule witness was found in this audit.	
reference-semantics/semantics/controls.k	21	72	72	rule	operational-rule		False	False	False	False	False	False	False	False	False	False	False	False	fa41d0aefbce45e1f7a0bb2da6a0b7b44b0be0e47fbb6a51ba04cda74c394aff	  rule <k> #iterDone ~> #loopStep(_:Expr, _:Stmts) => .K ... </k>	SUPPLIED_FIXED_SEMANTICS_UNUSED	Byte-identical to the trusted supplied semantics and not reachable from the submitted body/entry claims. No candidate-local alteration or proof dependency; no narrower false-rule witness was found in this audit.	
reference-semantics/semantics/controls.k	22	73	74	rule	operational-rule		False	False	False	False	False	False	False	False	False	False	False	False	9ec70e976c00514658a4e5d646dde92868925b9d74f6ae4a1d3459589ab5c938	  rule <k> #iterYield(V:Val, REST:Iterable) ~> #loopStep(T:Expr, B:Stmts)\n        => #bindTgt(T, V) ~> B ~> #loopLbl(#loop(REST, T, B)) ... </k>	SUPPLIED_FIXED_SEMANTICS_UNUSED	Byte-identical to the trusted supplied semantics and not reachable from the submitted body/entry claims. No candidate-local alteration or proof dependency; no narrower false-rule witness was found in this audit.	
reference-semantics/semantics/controls.k	23	77	77	rule	operational-rule		False	False	False	False	False	False	False	False	False	False	False	False	a3d8374ac1c257b071575dc27071f50c16338617a4bde9db083a04bdc113747a	  rule <k> While(C:Expr, B:Stmts) => #while(C, B) ... </k>	SUPPLIED_FIXED_SEMANTICS_UNUSED	Byte-identical to the trusted supplied semantics and not reachable from the submitted body/entry claims. No candidate-local alteration or proof dependency; no narrower false-rule witness was found in this audit.	
reference-semantics/semantics/controls.k	24	78	78	rule	operational-rule		False	False	False	False	False	False	False	False	False	False	False	False	998a39372e139120ea64afa342719f48b99b9bd223f99ae75272f8b84f78862d	  rule <k> #while(C:Expr, B:Stmts) => C ~> #whileCond(C, B) ... </k>	SUPPLIED_FIXED_SEMANTICS_UNUSED	Byte-identical to the trusted supplied semantics and not reachable from the submitted body/entry claims. No candidate-local alteration or proof dependency; no narrower false-rule witness was found in this audit.	
reference-semantics/semantics/controls.k	25	79	80	rule	operational-rule		False	False	False	False	False	False	False	False	False	False	False	False	4eb968160752e687ea3bdb489da8d48b497133158a99e7427176722e081c6b8a	  rule <k> V:Val ~> #whileCond(C:Expr, B:Stmts) => B ~> #loopLbl(#while(C, B)) ... </k>\n       requires truthy(V)	SUPPLIED_FIXED_SEMANTICS_UNUSED	Byte-identical to the trusted supplied semantics and not reachable from the submitted body/entry claims. No candidate-local alteration or proof dependency; no narrower false-rule witness was found in this audit.	
reference-semantics/semantics/controls.k	26	81	82	rule	operational-rule		False	False	False	False	False	False	False	False	False	False	False	False	51f5eea2c28dcd187b0e7719a87625bd81c9b5288dc9970d5dad1df0b54f5f64	  rule <k> V:Val ~> #whileCond(_C:Expr, _B:Stmts) => .K ... </k>\n       requires notBool truthy(V)	SUPPLIED_FIXED_SEMANTICS_UNUSED	Byte-identical to the trusted supplied semantics and not reachable from the submitted body/entry claims. No candidate-local alteration or proof dependency; no narrower false-rule witness was found in this audit.	
reference-semantics/semantics/controls.k	27	85	85	rule	operational-rule		False	False	False	False	False	False	False	False	False	False	False	False	ba925d6955a461911c2da9785c091376a9c3f4f30db383a69ddef656ac396734	  rule <k> #loopLbl(NEXT:K) => NEXT ... </k>	SUPPLIED_FIXED_SEMANTICS_UNUSED	Byte-identical to the trusted supplied semantics and not reachable from the submitted body/entry claims. No candidate-local alteration or proof dependency; no narrower false-rule witness was found in this audit.	
reference-semantics/semantics/controls.k	28	86	86	rule	operational-rule		False	False	False	False	False	False	False	False	False	False	False	False	6a0861a0458a11c6faf8834d628937327db3e968382a5d8e617597572dc71e7d	  rule <k> Continue => #cont ... </k>	SUPPLIED_FIXED_SEMANTICS_UNUSED	Byte-identical to the trusted supplied semantics and not reachable from the submitted body/entry claims. No candidate-local alteration or proof dependency; no narrower false-rule witness was found in this audit.	
reference-semantics/semantics/controls.k	29	87	87	rule	operational-rule		False	False	False	False	False	False	False	False	False	False	False	False	e7af077a24868a4c4de8baf0a557eb461717e384ead7165629d96115482b9d22	  rule <k> Break => #brk ... </k>	SUPPLIED_FIXED_SEMANTICS_UNUSED	Byte-identical to the trusted supplied semantics and not reachable from the submitted body/entry claims. No candidate-local alteration or proof dependency; no narrower false-rule witness was found in this audit.	
reference-semantics/semantics/controls.k	30	88	88	rule	operational-rule		False	False	False	False	False	False	False	False	False	False	False	False	e184ace8de6758d658b3c5c6b6cb50d3aa3eab5fd0d5d8ea15868a9f91b1047f	  rule <k> #cont ~> #loopLbl(NEXT:K) => NEXT ... </k>	SUPPLIED_FIXED_SEMANTICS_UNUSED	Byte-identical to the trusted supplied semantics and not reachable from the submitted body/entry claims. No candidate-local alteration or proof dependency; no narrower false-rule witness was found in this audit.	
reference-semantics/semantics/controls.k	31	89	89	rule	operational-rule	owise	False	False	False	False	False	False	False	False	True	False	False	False	36a5446e5ad8c8cb9e49866d621e1b44034311b4d884eb7814a8c137c9b9a755	  rule <k> #cont ~> (_:KItem => .K) ... </k> [owise]	SUPPLIED_FIXED_SEMANTICS_UNUSED	Byte-identical to the trusted supplied semantics and not reachable from the submitted body/entry claims. No candidate-local alteration or proof dependency; no narrower false-rule witness was found in this audit.	
reference-semantics/semantics/controls.k	32	90	90	rule	operational-rule		False	False	False	False	False	False	False	False	False	False	False	False	df46dcb80f06fa18d60ad2683347d8c078dcc6ad686d8a946103ee9d40dc1100	  rule <k> #brk ~> #loopLbl(_:K) => .K ... </k>	SUPPLIED_FIXED_SEMANTICS_UNUSED	Byte-identical to the trusted supplied semantics and not reachable from the submitted body/entry claims. No candidate-local alteration or proof dependency; no narrower false-rule witness was found in this audit.	
reference-semantics/semantics/controls.k	33	91	91	rule	operational-rule	owise	False	False	False	False	False	False	False	False	True	False	False	False	f65e69c0f239e31e50eb61e2d4c4e4e621f247dc3d69de92b08e2363f731f2a6	  rule <k> #brk ~> (_:KItem => .K) ... </k> [owise]	SUPPLIED_FIXED_SEMANTICS_UNUSED	Byte-identical to the trusted supplied semantics and not reachable from the submitted body/entry claims. No candidate-local alteration or proof dependency; no narrower false-rule witness was found in this audit.	
reference-semantics/semantics/controls.k	34	95	97	rule	operational-rule	priority(40)	False	False	False	False	False	True	False	False	False	False	False	False	70cdc150d43c6d2a8627bfbced8c7e07eccbaa00c0ba2fd4de12e87965bb8727	  rule <k> If(ref(H:Int), T:Stmts, E:Stmts) => If(V, T, E) ... </k>\n       <heap> ... H |-> V:Val ... </heap>\n       [priority(40)]	SUPPLIED_FIXED_SEMANTICS_UNUSED	Byte-identical to the trusted supplied semantics and not reachable from the submitted body/entry claims. No candidate-local alteration or proof dependency; no narrower false-rule witness was found in this audit.	
reference-semantics/semantics/controls.k	35	98	100	rule	operational-rule	priority(40)	False	False	False	False	False	True	False	False	False	False	False	False	729dd0cfddba5f39397d555f45b227ad2ca0828d5bf15693535246abb6a09c26	  rule <k> IfExp(ref(H:Int), T:Expr, E:Expr) => IfExp(V, T, E) ... </k>\n       <heap> ... H |-> V:Val ... </heap>\n       [priority(40)]	SUPPLIED_FIXED_SEMANTICS_UNUSED	Byte-identical to the trusted supplied semantics and not reachable from the submitted body/entry claims. No candidate-local alteration or proof dependency; no narrower false-rule witness was found in this audit.	
reference-semantics/semantics/controls.k	36	101	103	rule	operational-rule	priority(40)	False	False	False	False	False	True	False	False	False	False	False	False	458a18c76857bd4fddae6f59cc6e99eb8e284e5f3b2ee5cb113277aeac72cc45	  rule <k> ref(H:Int) ~> #whileCond(C:Expr, B:Stmts) => V ~> #whileCond(C, B) ... </k>\n       <heap> ... H |-> V:Val ... </heap>\n       [priority(40)]	SUPPLIED_FIXED_SEMANTICS_UNUSED	Byte-identical to the trusted supplied semantics and not reachable from the submitted body/entry claims. No candidate-local alteration or proof dependency; no narrower false-rule witness was found in this audit.	
reference-semantics/semantics/controls.k	37	106	108	rule	operational-rule	priority(40)	False	False	False	False	False	True	False	False	False	False	False	False	2609decd7f80dcd9f9d0ad765f9b4824023acc8d1da96a5b1444f9b6f4ccaf7d	  rule <k> For(T:Expr, ref(H:Int), B:Stmts) => For(T, V, B) ... </k>\n       <heap> ... H |-> V:Val ... </heap>\n       [priority(40)]	SUPPLIED_FIXED_SEMANTICS_UNUSED	Byte-identical to the trusted supplied semantics and not reachable from the submitted body/entry claims. No candidate-local alteration or proof dependency; no narrower false-rule witness was found in this audit.	
reference-semantics/semantics/core.k	1	13	13	syntax	syntax-declaration		False	False	False	False	False	False	False	False	False	False	False	False	fbc4f36a7b474a72248e1a4aabde634b6bc2febf4ef1b5ff1328251688657384	"  syntax IntSeq ::= "".IntSeq"" | iCons(Int, IntSeq)"	SUPPLIED_FIXED_SEMANTICS_USED	Byte-identical to the trusted supplied semantics. This declaration/rule is on the submitted body's path; its evaluation/control/state role was checked against the program construct. Float no-evaluator symbols remain explicit fixed-semantics trust boundaries.	
reference-semantics/semantics/core.k	2	14	14	syntax	syntax-declaration		False	False	False	False	False	False	False	False	False	False	False	False	59d8109032cf2dea0c92167d00d60c77feff3a7a05024d8695bf12789da3708f	"  syntax ValSeq ::= "".ValSeq"" | vCons(Val, ValSeq)"	SUPPLIED_FIXED_SEMANTICS_USED	Byte-identical to the trusted supplied semantics. This declaration/rule is on the submitted body's path; its evaluation/control/state role was checked against the program construct. Float no-evaluator symbols remain explicit fixed-semantics trust boundaries.	
reference-semantics/semantics/core.k	3	15	15	syntax	syntax-declaration		False	False	False	False	False	False	False	False	False	False	False	False	b84fc30593d65cde9e212e04a678b9b30c748f1b059214c4dd1e28ddc39b795b	  syntax Str    ::= str(IntSeq)	SUPPLIED_FIXED_SEMANTICS_USED	Byte-identical to the trusted supplied semantics. This declaration/rule is on the submitted body's path; its evaluation/control/state role was checked against the program construct. Float no-evaluator symbols remain explicit fixed-semantics trust boundaries.	
reference-semantics/semantics/core.k	4	18	23	syntax	syntax-declaration		False	False	False	False	False	False	False	False	False	False	False	False	a4814efed72d0490cfa176ab26fc60eb72faba73517ee462365cbaec7e92eea2	  syntax Iterable ::= list(ValSeq)\n                    | tuple(ValSeq)\n                    | Str\n                    | rangeObj(Int, Int, Int)\n                    | zipObj(ValSeq, ValSeq)\n                    | zipObjS(IntSeq, IntSeq)	SUPPLIED_FIXED_SEMANTICS_USED	Byte-identical to the trusted supplied semantics. This declaration/rule is on the submitted body's path; its evaluation/control/state role was checked against the program construct. Float no-evaluator symbols remain explicit fixed-semantics trust boundaries.	
reference-semantics/semantics/core.k	5	25	34	syntax	syntax-declaration		False	False	False	False	False	False	False	False	False	False	False	False	dd99ff20373c3cac30a29a574163f890b5f0619e044650e5b5db94fbd52639c2	"  syntax Val      ::= Int\n                    | Bool\n                    | ""noneV""\n                    | Iterable\n                    | ref(Int)          // a heap object: <heap> holds its list(VS)\n                    | cellRef(Int)      // a closure cell: <heap> holds cellV(V)\n                    | closureVal(ParamNames, Stmts, Int)\n                    | typeV(String)     // a type object (int/str), resolved from the builtins frame\n                    | builtinV(String)  // a builtin function, resolved like any name (LEGB fallthrough)\n                    | boundMethodV(Val, String)   // a cooled Attribute: obj.method"	SUPPLIED_FIXED_SEMANTICS_USED	Byte-identical to the trusted supplied semantics. This declaration/rule is on the submitted body's path; its evaluation/control/state role was checked against the program construct. Float no-evaluator symbols remain explicit fixed-semantics trust boundaries.	
reference-semantics/semantics/core.k	6	36	36	syntax	syntax-declaration		False	False	False	False	False	False	False	False	False	False	False	False	7bf18772a478a1c23135e582a8f7026379387d046ebb06fead0402b6396b40ba	"  syntax Parent   ::= ""root"" | parent(Int)"	SUPPLIED_FIXED_SEMANTICS_USED	Byte-identical to the trusted supplied semantics. This declaration/rule is on the submitted body's path; its evaluation/control/state role was checked against the program construct. Float no-evaluator symbols remain explicit fixed-semantics trust boundaries.	
reference-semantics/semantics/core.k	7	37	37	syntax	syntax-declaration		False	False	False	False	False	False	False	False	False	False	False	False	33213d91b35a2f3ae19153d5c8b145cd9932befd1ab1b66a99868085943e8b09	  syntax Scope    ::= scope(Map, Parent)	SUPPLIED_FIXED_SEMANTICS_USED	Byte-identical to the trusted supplied semantics. This declaration/rule is on the submitted body's path; its evaluation/control/state role was checked against the program construct. Float no-evaluator symbols remain explicit fixed-semantics trust boundaries.	
reference-semantics/semantics/core.k	8	38	38	syntax	syntax-declaration		False	False	False	False	False	False	False	False	False	False	False	False	23785b2f7c8e485a8761728c53ad25fce6e0fbed66c32e303277daed49417fab	  syntax KResult  ::= Val	SUPPLIED_FIXED_SEMANTICS_USED	Byte-identical to the trusted supplied semantics. This declaration/rule is on the submitted body's path; its evaluation/control/state role was checked against the program construct. Float no-evaluator symbols remain explicit fixed-semantics trust boundaries.	
reference-semantics/semantics/core.k	9	39	39	syntax	syntax-declaration		False	False	False	False	False	False	False	False	False	False	False	False	554c2633f2ef68732d3eafc62b4134089a482f78600a726fb5f0846eb7a12bfb	  syntax Expr     ::= Val   // cooling puts results back into expression holes	SUPPLIED_FIXED_SEMANTICS_USED	Byte-identical to the trusted supplied semantics. This declaration/rule is on the submitted body's path; its evaluation/control/state role was checked against the program construct. Float no-evaluator symbols remain explicit fixed-semantics trust boundaries.	
reference-semantics/semantics/core.k	10	40	40	syntax	syntax-declaration		False	False	False	False	False	False	False	False	False	False	False	False	8248cab7dafd77b63532851954962bae4107bc3dad0232bcc6c251fcc3e860e1	"  syntax Vals     ::= List{Val, "",""}"	SUPPLIED_FIXED_SEMANTICS_USED	Byte-identical to the trusted supplied semantics. This declaration/rule is on the submitted body's path; its evaluation/control/state role was checked against the program construct. Float no-evaluator symbols remain explicit fixed-semantics trust boundaries.	
reference-semantics/semantics/core.k	11	41	41	syntax	syntax-declaration		False	False	False	False	False	False	False	False	False	False	False	False	3c1704eb103a4d824c58d969af0e09a7e4ac5cf94753f9f7c4b40a8c439b1f49	"  syntax Exc      ::= ""NoExc"" | ""AssertionError"""	SUPPLIED_FIXED_SEMANTICS_USED	Byte-identical to the trusted supplied semantics. This declaration/rule is on the submitted body's path; its evaluation/control/state role was checked against the program construct. Float no-evaluator symbols remain explicit fixed-semantics trust boundaries.	
reference-semantics/semantics/core.k	12	42	42	syntax	syntax-declaration		False	False	False	False	False	False	False	False	False	False	False	False	d6f61cb781e585565caf897f143e62e2662801a88e847dc40180686cc242dac8	"  syntax RetState ::= ""noRet"" | retV(Val)"	SUPPLIED_FIXED_SEMANTICS_USED	Byte-identical to the trusted supplied semantics. This declaration/rule is on the submitted body's path; its evaluation/control/state role was checked against the program construct. Float no-evaluator symbols remain explicit fixed-semantics trust boundaries.	
reference-semantics/semantics/core.k	13	49	60	configuration	configuration		False	False	False	False	False	False	False	False	False	False	False	False	1044326b120e0c60eabdc8137aa32489ea7ec61008549f338e24dce7311a1154	"  configuration\n    <k>       #loadAll($PGM:Module) </k>\n    <env>     0 </env>\n    <scopes>   0     |-> scope(.Map, parent(-1))\n              -1    |-> builtinsScope </scopes>\n    <scopeLoc> 1 </scopeLoc>\n    <heap>    .Map </heap>\n    <heapLoc> 0 </heapLoc>\n    <stack>   .List </stack>\n    <ret>     noRet </ret>\n    <exc>     NoExc </exc>\n    <exit-code exit=""""> 0 </exit-code>"	SUPPLIED_FIXED_SEMANTICS_USED	Byte-identical to the trusted supplied semantics. This declaration/rule is on the submitted body's path; its evaluation/control/state role was checked against the program construct. Float no-evaluator symbols remain explicit fixed-semantics trust boundaries.	
reference-semantics/semantics/core.k	14	68	68	syntax	syntax-declaration	function, total	True	False	True	False	False	False	False	False	False	False	False	False	446fcdb6d88f4ebb7d1dcd36c7f50ded71bb32f47431d63b66c2105f6a883ad2	  syntax Bool ::= isRefV(Val) [function, total]	SUPPLIED_FIXED_SEMANTICS_UNUSED	Byte-identical to the trusted supplied semantics and not reachable from the submitted body/entry claims. No candidate-local alteration or proof dependency; no narrower false-rule witness was found in this audit.	
reference-semantics/semantics/core.k	15	69	69	rule	equational-rule		False	False	False	False	False	False	False	False	False	False	False	False	b3c0f33667b498ccecb324fe66969b5113463c4a505a070e6033c4f46c55c794	  rule isRefV(ref(_:Int)) => true	SUPPLIED_FIXED_SEMANTICS_UNUSED	Byte-identical to the trusted supplied semantics and not reachable from the submitted body/entry claims. No candidate-local alteration or proof dependency; no narrower false-rule witness was found in this audit.	
reference-semantics/semantics/core.k	16	70	70	rule	equational-rule	owise	False	False	False	False	False	False	False	False	True	False	False	False	ec5d9887ba3d8a1f96aa5b6a65b164095cacb7a425b76e6170b984a71a6e87e8	  rule isRefV(_:Val)      => false [owise]	SUPPLIED_FIXED_SEMANTICS_UNUSED	Byte-identical to the trusted supplied semantics and not reachable from the submitted body/entry claims. No candidate-local alteration or proof dependency; no narrower false-rule witness was found in this audit.	
reference-semantics/semantics/core.k	17	75	75	syntax	syntax-declaration		False	False	False	False	False	False	False	False	False	False	False	False	81839d80e1283228f4066794b14199c36f48b4cfc7aef4bca08eaed74e5487e1	  syntax HeapVal ::= cellV(Val)	SUPPLIED_FIXED_SEMANTICS_UNUSED	Byte-identical to the trusted supplied semantics and not reachable from the submitted body/entry claims. No candidate-local alteration or proof dependency; no narrower false-rule witness was found in this audit.	
reference-semantics/semantics/core.k	18	76	76	syntax	syntax-declaration	function, total	True	False	True	False	False	False	False	False	False	False	False	False	856539e850282570d70f539dc6d957de87af5f677de0faa217cf272a11a35179	  syntax Bool ::= isCellRef(Val) [function, total]	SUPPLIED_FIXED_SEMANTICS_UNUSED	Byte-identical to the trusted supplied semantics and not reachable from the submitted body/entry claims. No candidate-local alteration or proof dependency; no narrower false-rule witness was found in this audit.	
reference-semantics/semantics/core.k	19	77	77	rule	equational-rule		False	False	False	False	False	False	False	False	False	False	False	False	334532a207c2cf9be695532a30452c9b8bc9789fcad182ebbf05d5f2ce17d56b	  rule isCellRef(cellRef(_:Int)) => true	SUPPLIED_FIXED_SEMANTICS_UNUSED	Byte-identical to the trusted supplied semantics and not reachable from the submitted body/entry claims. No candidate-local alteration or proof dependency; no narrower false-rule witness was found in this audit.	
reference-semantics/semantics/core.k	20	78	78	rule	equational-rule	owise	False	False	False	False	False	False	False	False	True	False	False	False	30ee65acdff07bfcadbe52b78249558d4e50d13d5fb9201497453a636f20aaba	  rule isCellRef(_:Val)          => false [owise]	SUPPLIED_FIXED_SEMANTICS_UNUSED	Byte-identical to the trusted supplied semantics and not reachable from the submitted body/entry claims. No candidate-local alteration or proof dependency; no narrower false-rule witness was found in this audit.	
reference-semantics/semantics/core.k	21	85	90	rule	operational-rule	priority(40)	False	False	False	False	False	True	False	False	False	False	False	False	c13a409d22bc689be8146d1b479a1f41ed6bde888771585318d2adb88bf5aa2e	"  rule <k> cellRef(H:Int) => V ... </k>\n       <env> L:Int </env>\n       <scopes> ... L |-> scope(M:Map, _) ... </scopes>\n       <heap> ... H |-> cellV(V:Val) ... </heap>\n       requires ""$cells"" in_keys(M)\n       [priority(40)]"	SUPPLIED_FIXED_SEMANTICS_UNUSED	Byte-identical to the trusted supplied semantics and not reachable from the submitted body/entry claims. No candidate-local alteration or proof dependency; no narrower false-rule witness was found in this audit.	
reference-semantics/semantics/core.k	22	95	95	syntax	syntax-declaration		False	False	False	False	False	False	False	False	False	False	False	False	5b4a0cd5114be003e2ace0209e441a91e7d7d731be8dcfb04aef9079cad03ea6	  syntax Val ::= kwV(String, Val)	SUPPLIED_FIXED_SEMANTICS_UNUSED	Byte-identical to the trusted supplied semantics and not reachable from the submitted body/entry claims. No candidate-local alteration or proof dependency; no narrower false-rule witness was found in this audit.	
reference-semantics/semantics/core.k	23	96	96	syntax	syntax-declaration		False	False	False	False	False	False	False	False	False	False	False	False	fe2abb141da86e69c0389b95ea2700ad132d50532c6a35041907009e96a8c799	  syntax KItem ::= #kwTag(String)	SUPPLIED_FIXED_SEMANTICS_UNUSED	Byte-identical to the trusted supplied semantics and not reachable from the submitted body/entry claims. No candidate-local alteration or proof dependency; no narrower false-rule witness was found in this audit.	
reference-semantics/semantics/core.k	24	97	97	rule	operational-rule		False	False	False	False	False	False	False	False	False	False	False	False	c5f16293ffc66ebc6a3c2f9d949656665365bd7ecc7c766b54e4cdbba5e5ec91	  rule <k> KwArg(N:String, E:Expr) => E ~> #kwTag(N) ... </k>	SUPPLIED_FIXED_SEMANTICS_UNUSED	Byte-identical to the trusted supplied semantics and not reachable from the submitted body/entry claims. No candidate-local alteration or proof dependency; no narrower false-rule witness was found in this audit.	
reference-semantics/semantics/core.k	25	98	99	rule	operational-rule		False	False	False	False	False	False	False	False	False	False	False	False	627e8f8021de70f7a0deaa2eeb87a0301c4c425e61dd1600e376597f98a1e087	  rule <k> V:Val ~> #kwTag(N:String) => kwV(N, V) ... </k>\n       requires notBool isKwV(V)	SUPPLIED_FIXED_SEMANTICS_UNUSED	Byte-identical to the trusted supplied semantics and not reachable from the submitted body/entry claims. No candidate-local alteration or proof dependency; no narrower false-rule witness was found in this audit.	
reference-semantics/semantics/core.k	26	100	100	syntax	syntax-declaration	function, total	True	False	True	False	False	False	False	False	False	False	False	False	2160829b28d38ee87a1d35b53b0360dc7c0b813fbf96a1462223e019ea5ecfeb	  syntax Bool ::= isKwV(Val) [function, total]	SUPPLIED_FIXED_SEMANTICS_UNUSED	Byte-identical to the trusted supplied semantics and not reachable from the submitted body/entry claims. No candidate-local alteration or proof dependency; no narrower false-rule witness was found in this audit.	
reference-semantics/semantics/core.k	27	101	101	rule	equational-rule		False	False	False	False	False	False	False	False	False	False	False	False	235eb992a1a69cc273e12f481cbd07f0eb8a6b91afc8536f217129f3ffa17b39	  rule isKwV(kwV(_:String, _:Val)) => true	SUPPLIED_FIXED_SEMANTICS_UNUSED	Byte-identical to the trusted supplied semantics and not reachable from the submitted body/entry claims. No candidate-local alteration or proof dependency; no narrower false-rule witness was found in this audit.	
reference-semantics/semantics/core.k	28	102	102	rule	equational-rule	owise	False	False	False	False	False	False	False	False	True	False	False	False	83efd6bd22a141e8b3b13767567c695db42acdb681703b65c001d737402bffaa	  rule isKwV(_:Val)                => false [owise]	SUPPLIED_FIXED_SEMANTICS_UNUSED	Byte-identical to the trusted supplied semantics and not reachable from the submitted body/entry claims. No candidate-local alteration or proof dependency; no narrower false-rule witness was found in this audit.	
reference-semantics/semantics/core.k	29	106	106	syntax	syntax-declaration		False	False	False	False	False	False	False	False	False	False	False	False	7f7a926a109c070ca4d13cd3b7cf84e17fae0cfa71f9c778e5192495c4b46947	  syntax Val ::= cellsMark(ParamNames)	SUPPLIED_FIXED_SEMANTICS_UNUSED	Byte-identical to the trusted supplied semantics and not reachable from the submitted body/entry claims. No candidate-local alteration or proof dependency; no narrower false-rule witness was found in this audit.	
reference-semantics/semantics/core.k	30	107	107	syntax	syntax-declaration	function	True	False	False	False	False	False	False	False	False	False	False	False	702884b9cdda489ff567ba9ffe9463cbeecca73edfa304ee7c5699a3d68d4eed	  syntax ParamNames ::= cellsOf(Val) [function]	SUPPLIED_FIXED_SEMANTICS_UNUSED	Byte-identical to the trusted supplied semantics and not reachable from the submitted body/entry claims. No candidate-local alteration or proof dependency; no narrower false-rule witness was found in this audit.	
reference-semantics/semantics/core.k	31	108	108	rule	equational-rule		False	False	False	False	False	False	False	False	False	False	False	False	920e61ddea2992dd4a770a2d9f3d8a8df7cf436e078436e1b45ddd6931d47190	  rule cellsOf(cellsMark(CVS:ParamNames)) => CVS	SUPPLIED_FIXED_SEMANTICS_UNUSED	Byte-identical to the trusted supplied semantics and not reachable from the submitted body/entry claims. No candidate-local alteration or proof dependency; no narrower false-rule witness was found in this audit.	
reference-semantics/semantics/core.k	32	109	109	syntax	syntax-declaration	function, total	True	False	True	False	False	False	False	False	False	False	False	False	35118664112f71501ceeb181cec568a8711a456124bf25130765177c081da2c3	  syntax Bool ::= pnMember(String, ParamNames) [function, total]	SUPPLIED_FIXED_SEMANTICS_UNUSED	Byte-identical to the trusted supplied semantics and not reachable from the submitted body/entry claims. No candidate-local alteration or proof dependency; no narrower false-rule witness was found in this audit.	
reference-semantics/semantics/core.k	33	110	110	rule	equational-rule		False	False	False	False	False	False	False	False	False	False	False	False	620e3008f05a3f8d5a0268117df33d356f6b17f818323617ba4efac05cf2082a	  rule pnMember(_:String, .ParamNames) => false	SUPPLIED_FIXED_SEMANTICS_UNUSED	Byte-identical to the trusted supplied semantics and not reachable from the submitted body/entry claims. No candidate-local alteration or proof dependency; no narrower false-rule witness was found in this audit.	
reference-semantics/semantics/core.k	34	111	111	rule	equational-rule		False	False	False	False	False	False	False	False	False	False	False	False	105b659ad4b3aaf2e16317365ab7f8419612663c04fac81ecb77ea87bf10712c	  rule pnMember(X:String, (P:String, R:ParamNames)) => X ==String P orBool pnMember(X, R)	SUPPLIED_FIXED_SEMANTICS_UNUSED	Byte-identical to the trusted supplied semantics and not reachable from the submitted body/entry claims. No candidate-local alteration or proof dependency; no narrower false-rule witness was found in this audit.	
reference-semantics/semantics/core.k	35	113	113	syntax	syntax-declaration		False	False	False	False	False	False	False	False	False	False	False	False	ca090ece5768cc29414a46e03359b7d492839371a22c6216e74e3bbe8d867d65	  syntax KItem ::= #cellW(Val, Val)	SUPPLIED_FIXED_SEMANTICS_UNUSED	Byte-identical to the trusted supplied semantics and not reachable from the submitted body/entry claims. No candidate-local alteration or proof dependency; no narrower false-rule witness was found in this audit.	
reference-semantics/semantics/core.k	36	114	115	rule	operational-rule		False	False	False	False	False	False	False	False	False	False	False	False	df2f981b653e76dc84ed50221f14cabab05a371ab43f484b1cd768fd7fcbb4c8	  rule <k> #cellW(cellRef(H:Int), V:Val) => .K ... </k>\n       <heap> ... H |-> cellV(_:Val => V) ... </heap>	SUPPLIED_FIXED_SEMANTICS_UNUSED	Byte-identical to the trusted supplied semantics and not reachable from the submitted body/entry claims. No candidate-local alteration or proof dependency; no narrower false-rule witness was found in this audit.	
reference-semantics/semantics/core.k	37	117	117	syntax	syntax-declaration		False	False	False	False	False	False	False	False	False	False	False	False	518717c6d0680b8a0a29ee36810e2ad43af8d55651ba20af9a4eab9fff53f978	  syntax KItem ::= #alloc(Val)	SUPPLIED_FIXED_SEMANTICS_UNUSED	Byte-identical to the trusted supplied semantics and not reachable from the submitted body/entry claims. No candidate-local alteration or proof dependency; no narrower false-rule witness was found in this audit.	
reference-semantics/semantics/core.k	38	118	121	rule	operational-rule		False	False	False	False	False	False	False	False	False	False	False	False	f4000b3673fe73661da4a1467e0f02616eed936fb74c0c97be9e42494f95d739	  rule <k> #alloc(V:Val) => ref(N) ... </k>\n       <heap>    H:Map => (N |-> V) H </heap>\n       <heapLoc> N:Int => N +Int 1 </heapLoc>\n       requires notBool N in_keys(H)	SUPPLIED_FIXED_SEMANTICS_UNUSED	Byte-identical to the trusted supplied semantics and not reachable from the submitted body/entry claims. No candidate-local alteration or proof dependency; no narrower false-rule witness was found in this audit.	
reference-semantics/semantics/core.k	39	124	124	syntax	syntax-declaration		False	False	False	False	False	False	False	False	False	False	False	False	ceb4bc1f85f3ea92173a64de5f60d29e52e642c02833fe28bcd1a9e6ebdfe41a	  syntax KItem ::= #loadAll(Module)	SUPPLIED_FIXED_SEMANTICS_USED	Byte-identical to the trusted supplied semantics. This declaration/rule is on the submitted body's path; its evaluation/control/state role was checked against the program construct. Float no-evaluator symbols remain explicit fixed-semantics trust boundaries.	
reference-semantics/semantics/core.k	40	125	125	rule	operational-rule		False	False	False	False	False	False	False	False	False	False	False	False	85c00908bc8a54172028fde83dc5e7830f76bc796481d1b61f843e38b9c4913c	  rule <k> #loadAll(Module(SS:Stmts)) => SS ... </k>	SUPPLIED_FIXED_SEMANTICS_USED	Byte-identical to the trusted supplied semantics. This declaration/rule is on the submitted body's path; its evaluation/control/state role was checked against the program construct. Float no-evaluator symbols remain explicit fixed-semantics trust boundaries.	
reference-semantics/semantics/core.k	41	126	126	rule	operational-rule		False	False	False	False	False	False	False	False	False	False	False	False	a7cc3a8b809e3e6e0afc38b8c656f49c2b95eb8ec8700004e19e76a22ff2ec79	  rule <k> (S:Stmt SS:Stmts):Stmts => S ~> SS ... </k>	SUPPLIED_FIXED_SEMANTICS_USED	Byte-identical to the trusted supplied semantics. This declaration/rule is on the submitted body's path; its evaluation/control/state role was checked against the program construct. Float no-evaluator symbols remain explicit fixed-semantics trust boundaries.	
reference-semantics/semantics/core.k	42	127	127	rule	operational-rule		False	False	False	False	False	False	False	False	False	False	False	False	cae0fea9036f67cc530edbda83c124a7a12058b658160291e430a0477b2f4de5	  rule <k> .Stmts => .K ... </k>	SUPPLIED_FIXED_SEMANTICS_USED	Byte-identical to the trusted supplied semantics. This declaration/rule is on the submitted body's path; its evaluation/control/state role was checked against the program construct. Float no-evaluator symbols remain explicit fixed-semantics trust boundaries.	
reference-semantics/semantics/core.k	43	130	130	syntax	syntax-declaration		False	False	False	False	False	False	False	False	False	False	False	False	fb13a9de0f2b53daf8cc76eefc41cd2916f5e4ac3d916614f906ee2cced631a2	  syntax KItem ::= #look(String, Int)	SUPPLIED_FIXED_SEMANTICS_USED	Byte-identical to the trusted supplied semantics. This declaration/rule is on the submitted body's path; its evaluation/control/state role was checked against the program construct. Float no-evaluator symbols remain explicit fixed-semantics trust boundaries.	
reference-semantics/semantics/core.k	44	131	131	rule	operational-rule		False	False	False	False	False	False	False	False	False	False	False	False	507dd550c98c0da6ae5417f7ab39ba53f3a4c5a1f1c92240c21ac853dee820d3	  rule <k> Name(X:String) => #look(X, L) ... </k> <env> L:Int </env>	SUPPLIED_FIXED_SEMANTICS_USED	Byte-identical to the trusted supplied semantics. This declaration/rule is on the submitted body's path; its evaluation/control/state role was checked against the program construct. Float no-evaluator symbols remain explicit fixed-semantics trust boundaries.	
reference-semantics/semantics/core.k	45	132	134	rule	operational-rule	X	False	False	False	False	False	False	False	False	False	False	False	False	5b07ce46d85f8e4b535ee25a014ee90dabc1914ddf043a8ad381edad4a40ae79	  rule <k> #look(X:String, L:Int) => {M[X]}:>Val ... </k>\n       <scopes> ... L |-> scope(M:Map, _:Parent) ... </scopes>\n       requires X in_keys(M)	SUPPLIED_FIXED_SEMANTICS_USED	Byte-identical to the trusted supplied semantics. This declaration/rule is on the submitted body's path; its evaluation/control/state role was checked against the program construct. Float no-evaluator symbols remain explicit fixed-semantics trust boundaries.	
reference-semantics/semantics/core.k	46	145	151	rule	operational-rule	"""$cells"",X,priority(40)"	False	False	False	False	False	True	False	False	False	False	False	False	4ca0afa466a7dd45bffbffbb0a95cfde788da43270f9f35504a437d5a990c461	"  rule <k> #look(X:String, L:Int) => V ... </k>\n       <scopes> ... L |-> scope(M:Map, _:Parent) ... </scopes>\n       <heap> ... H |-> cellV(V:Val) ... </heap>\n       requires X in_keys(M) andBool ""$cells"" in_keys(M)\n        andBool pnMember(X, cellsOf({M[""$cells""]}:>Val))\n        andBool {M[X]}:>Val ==K cellRef(H)\n       [priority(40)]"	SUPPLIED_FIXED_SEMANTICS_USED	Byte-identical to the trusted supplied semantics. This declaration/rule is on the submitted body's path; its evaluation/control/state role was checked against the program construct. Float no-evaluator symbols remain explicit fixed-semantics trust boundaries.	
reference-semantics/semantics/core.k	47	152	154	rule	operational-rule		False	False	False	False	False	False	False	False	False	False	False	False	f5438f513dd3fd5770b6f275781ab77c1f4e61aa0da7bc70162cf26bdabb8fbc	  rule <k> #look(X:String, L:Int) => #look(X, P) ... </k>\n       <scopes> ... L |-> scope(M:Map, parent(P:Int)) ... </scopes>\n       requires notBool (X in_keys(M))	SUPPLIED_FIXED_SEMANTICS_USED	Byte-identical to the trusted supplied semantics. This declaration/rule is on the submitted body's path; its evaluation/control/state role was checked against the program construct. Float no-evaluator symbols remain explicit fixed-semantics trust boundaries.	
reference-semantics/semantics/core.k	48	157	157	syntax	syntax-declaration	function, total	True	False	True	False	False	False	False	False	False	False	False	False	9a2a715b0adae3ad9bbfab9121e17c60429d9338bde0a7d4436155eaccc19ec0	"  syntax Scope ::= ""builtinsScope"" [function, total]"	SUPPLIED_FIXED_SEMANTICS_USED	Byte-identical to the trusted supplied semantics. This declaration/rule is on the submitted body's path; its evaluation/control/state role was checked against the program construct. Float no-evaluator symbols remain explicit fixed-semantics trust boundaries.	
reference-semantics/semantics/core.k	49	158	181	rule	equational-rule	"""len""    <- builtinV(""len""),""set""    <- builtinV(""set""),""sum""    <- builtinV(""sum""),""abs""    <- builtinV(""abs""),""min""    <- builtinV(""min""),""max""    <- builtinV(""max""),""ord""    <- builtinV(""ord""),""chr""    <- builtinV(""chr""),""range""  <- builtinV(""range""),""all""    <- builtinV(""all""),""any""    <- builtinV(""any""),""zip""    <- builtinV(""zip""),""isinstance"" <- builtinV(""isinstance""),""sorted"" <- builtinV(""sorted""),""list""   <- builtinV(""list""),""round""  <- builtinV(""round""),""bin""    <- builtinV(""bin""),""enumerate"" <- builtinV(""enumerate""),""map""    <- builtinV(""map""),""eval""   <- builtinV(""eval""),""int""    <- typeV(""int""),""str""    <- typeV(""str""),""float""  <- typeV(""float"")"	False	False	False	False	False	False	False	False	False	False	False	False	68dcfc898eac19894ce6cc4e662d2784c99eab2ee41201488f35b4e27663c2fb	"  rule builtinsScope\n    => scope(.Map [ ""len""    <- builtinV(""len"")    ]\n                  [ ""set""    <- builtinV(""set"")    ]\n                  [ ""sum""    <- builtinV(""sum"")    ]\n                  [ ""abs""    <- builtinV(""abs"")    ]\n                  [ ""min""    <- builtinV(""min"")    ]\n                  [ ""max""    <- builtinV(""max"")    ]\n                  [ ""ord""    <- builtinV(""ord"")    ]\n                  [ ""chr""    <- builtinV(""chr"")    ]\n                  [ ""range""  <- builtinV(""range"")  ]\n                  [ ""all""    <- builtinV(""all"")    ]\n                  [ ""any""    <- builtinV(""any"")    ]\n                  [ ""zip""    <- builtinV(""zip"")    ]\n                  [ ""isinstance"" <- builtinV(""isinstance"") ]\n                  [ ""sorted"" <- builtinV(""sorted"") ]\n                  [ ""list""   <- builtinV(""list"")   ]\n                  [ ""round""  <- builtinV(""round"")  ]\n                  [ ""bin""    <- builtinV(""bin"")    ]\n                  [ ""enumerate"" <- builtinV(""enumerate"") ]\n                  [ ""map""    <- builtinV(""map"")    ]\n                  [ ""eval""   <- builtinV(""eval"")   ]\n                  [ ""int""    <- typeV(""int"")       ]\n                  [ ""str""    <- typeV(""str"")       ]\n                  [ ""float""  <- typeV(""float"")     ], root)"	SUPPLIED_FIXED_SEMANTICS_USED	Byte-identical to the trusted supplied semantics. This declaration/rule is on the submitted body's path; its evaluation/control/state role was checked against the program construct. Float no-evaluator symbols remain explicit fixed-semantics trust boundaries.	
reference-semantics/semantics/core.k	50	185	185	syntax	syntax-declaration		False	False	False	False	False	False	False	False	False	False	False	False	1398e5d54ec6caa77d29ec6e9a95b0aa67dc5560a08f0cd274654fec84006cbe	  syntax ApplyK ::= toCall(Val)	SUPPLIED_FIXED_SEMANTICS_USED	Byte-identical to the trusted supplied semantics. This declaration/rule is on the submitted body's path; its evaluation/control/state role was checked against the program construct. Float no-evaluator symbols remain explicit fixed-semantics trust boundaries.	
reference-semantics/semantics/core.k	51	186	188	syntax	syntax-declaration		False	False	False	False	False	False	False	False	False	False	False	False	f2b11369db8bb9e3a1b6c69cf8afa16512c51d5933a20b34735f819ff50efa7e	  syntax KItem  ::= #evalArgs(Exprs, Vals, ApplyK)\n                  | #evalArgCont(Exprs, Vals, ApplyK)\n                  | #applyK(ApplyK, Vals)	SUPPLIED_FIXED_SEMANTICS_USED	Byte-identical to the trusted supplied semantics. This declaration/rule is on the submitted body's path; its evaluation/control/state role was checked against the program construct. Float no-evaluator symbols remain explicit fixed-semantics trust boundaries.	
reference-semantics/semantics/core.k	52	189	189	rule	operational-rule		False	False	False	False	False	False	False	False	False	False	False	False	411ec7d1b392e815badf269ce220c89e5246fd44e64852ab9e0465a1d67b464f	  rule <k> #evalArgs((A:Expr, REST:Exprs), ACC:Vals, K:ApplyK) => A ~> #evalArgCont(REST, ACC, K) ... </k>	SUPPLIED_FIXED_SEMANTICS_USED	Byte-identical to the trusted supplied semantics. This declaration/rule is on the submitted body's path; its evaluation/control/state role was checked against the program construct. Float no-evaluator symbols remain explicit fixed-semantics trust boundaries.	
reference-semantics/semantics/core.k	53	190	190	rule	operational-rule		False	False	False	False	False	False	False	False	False	False	False	False	c364fbef32aa0357dbe6a0477df3d728fb5d11f21cd2806827b1b2a0e936f551	  rule <k> V:Val ~> #evalArgCont(REST:Exprs, ACC:Vals, K:ApplyK) => #evalArgs(REST, appendVal(ACC, V), K) ... </k>	SUPPLIED_FIXED_SEMANTICS_USED	Byte-identical to the trusted supplied semantics. This declaration/rule is on the submitted body's path; its evaluation/control/state role was checked against the program construct. Float no-evaluator symbols remain explicit fixed-semantics trust boundaries.	
reference-semantics/semantics/core.k	54	191	191	rule	operational-rule		False	False	False	False	False	False	False	False	False	False	False	False	e62db241bfd57979b87483130e1eca341d451589ca450b074917537af9f9327f	  rule <k> #evalArgs(.Exprs, ACC:Vals, K:ApplyK) => #applyK(K, ACC) ... </k>	SUPPLIED_FIXED_SEMANTICS_USED	Byte-identical to the trusted supplied semantics. This declaration/rule is on the submitted body's path; its evaluation/control/state role was checked against the program construct. Float no-evaluator symbols remain explicit fixed-semantics trust boundaries.	
reference-semantics/semantics/core.k	55	194	194	rule	operational-rule		False	False	False	False	False	False	False	False	False	False	False	False	87ec5f849a134fb84015cec693b5f5e2e5c5988213cfd266569d4fc2b86030e2	  rule <k> Int(I:Int)   => I ... </k>	SUPPLIED_FIXED_SEMANTICS_USED	Byte-identical to the trusted supplied semantics. This declaration/rule is on the submitted body's path; its evaluation/control/state role was checked against the program construct. Float no-evaluator symbols remain explicit fixed-semantics trust boundaries.	
reference-semantics/semantics/core.k	56	195	195	rule	operational-rule		False	False	False	False	False	False	False	False	False	False	False	False	0c779ea34d18ab409d38109cd4e96c55a835f15fb3af12f765da8318905aadb4	  rule <k> Bool(B:Bool) => B ... </k>	SUPPLIED_FIXED_SEMANTICS_USED	Byte-identical to the trusted supplied semantics. This declaration/rule is on the submitted body's path; its evaluation/control/state role was checked against the program construct. Float no-evaluator symbols remain explicit fixed-semantics trust boundaries.	
reference-semantics/semantics/core.k	57	196	196	rule	operational-rule		False	False	False	False	False	False	False	False	False	False	False	False	a786e76d29efaea2fa079bb0a46f7c43c6a8cc424d8763594b3486b19623f134	  rule <k> NoneVal      => noneV ... </k>	SUPPLIED_FIXED_SEMANTICS_USED	Byte-identical to the trusted supplied semantics. This declaration/rule is on the submitted body's path; its evaluation/control/state role was checked against the program construct. Float no-evaluator symbols remain explicit fixed-semantics trust boundaries.	
reference-semantics/semantics/core.k	58	199	199	syntax	syntax-declaration	function	True	False	False	False	False	False	False	False	False	False	False	False	a926abc21beb6bcb7ae793e3783d420b65c84ac96dc5bece05a9d10c97c9946d	  syntax Bool ::= truthy(Val) [function]	SUPPLIED_FIXED_SEMANTICS_USED	Byte-identical to the trusted supplied semantics. This declaration/rule is on the submitted body's path; its evaluation/control/state role was checked against the program construct. Float no-evaluator symbols remain explicit fixed-semantics trust boundaries.	
reference-semantics/semantics/core.k	59	200	200	rule	equational-rule		False	False	False	False	False	False	False	False	False	False	False	False	4cf2e4810ba005aebe996b0b5e613529039e5d5112710e9f93278a306e122c98	  rule truthy(B:Bool)          => B	SUPPLIED_FIXED_SEMANTICS_USED	Byte-identical to the trusted supplied semantics. This declaration/rule is on the submitted body's path; its evaluation/control/state role was checked against the program construct. Float no-evaluator symbols remain explicit fixed-semantics trust boundaries.	
reference-semantics/semantics/core.k	60	201	201	rule	equational-rule		False	False	False	False	False	False	False	False	False	False	False	False	0032f404a7c8bff27998ddf9a0819e0371332bbca8b4e379d5431c77df92585f	  rule truthy(noneV)           => false	SUPPLIED_FIXED_SEMANTICS_USED	Byte-identical to the trusted supplied semantics. This declaration/rule is on the submitted body's path; its evaluation/control/state role was checked against the program construct. Float no-evaluator symbols remain explicit fixed-semantics trust boundaries.	
reference-semantics/semantics/core.k	61	202	202	rule	equational-rule		False	False	False	False	False	False	False	False	False	False	False	False	35b9159da84ebc21fd9a0bb44ffa94f871204f3b5dc3e5eb3d0704e3a0385d2f	  rule truthy(I:Int)           => I =/=Int 0	SUPPLIED_FIXED_SEMANTICS_USED	Byte-identical to the trusted supplied semantics. This declaration/rule is on the submitted body's path; its evaluation/control/state role was checked against the program construct. Float no-evaluator symbols remain explicit fixed-semantics trust boundaries.	
reference-semantics/semantics/core.k	62	203	203	rule	equational-rule		False	False	False	False	False	False	False	False	False	False	False	False	ba8282b47b695936b374752ddaded403e7d08f432187bf1e1c97b3845c5c71dd	  rule truthy(str(S:IntSeq))   => notBool (S ==K .IntSeq)	SUPPLIED_FIXED_SEMANTICS_USED	Byte-identical to the trusted supplied semantics. This declaration/rule is on the submitted body's path; its evaluation/control/state role was checked against the program construct. Float no-evaluator symbols remain explicit fixed-semantics trust boundaries.	
reference-semantics/semantics/core.k	63	204	204	rule	equational-rule		False	False	False	False	False	False	False	False	False	False	False	False	57036a223068d803a193910ce046bd965e6e354db73539558ab38af4a6015e4a	  rule truthy(list(V:ValSeq))  => notBool (V ==K .ValSeq)	SUPPLIED_FIXED_SEMANTICS_USED	Byte-identical to the trusted supplied semantics. This declaration/rule is on the submitted body's path; its evaluation/control/state role was checked against the program construct. Float no-evaluator symbols remain explicit fixed-semantics trust boundaries.	
reference-semantics/semantics/core.k	64	205	205	rule	equational-rule		False	False	False	False	False	False	False	False	False	False	False	False	6d69c3b4e3531351d9ce9a035c1034151659cbd3ec935ad6f299504f5e16bb15	  rule truthy(tuple(V:ValSeq)) => notBool (V ==K .ValSeq)	SUPPLIED_FIXED_SEMANTICS_USED	Byte-identical to the trusted supplied semantics. This declaration/rule is on the submitted body's path; its evaluation/control/state role was checked against the program construct. Float no-evaluator symbols remain explicit fixed-semantics trust boundaries.	
reference-semantics/semantics/core.k	65	208	208	syntax	syntax-declaration	function	True	False	False	False	False	False	False	False	False	False	False	False	56b04a50273700266fa4109d07d3eca11dd48e775761aecff7f0206c9b8bd160	  syntax Val  ::= applyUn(String, Val) [function]	SUPPLIED_FIXED_SEMANTICS_USED	Byte-identical to the trusted supplied semantics. This declaration/rule is on the submitted body's path; its evaluation/control/state role was checked against the program construct. Float no-evaluator symbols remain explicit fixed-semantics trust boundaries.	
reference-semantics/semantics/core.k	66	209	209	syntax	syntax-declaration	function	True	False	False	False	False	False	False	False	False	False	False	False	29fa8cd8d5747b59b391e58fcd13c6db08755170cf9243fc1d7d3ebc09e7d4a1	  syntax Val  ::= applyBin(String, Val, Val) [function]	SUPPLIED_FIXED_SEMANTICS_USED	Byte-identical to the trusted supplied semantics. This declaration/rule is on the submitted body's path; its evaluation/control/state role was checked against the program construct. Float no-evaluator symbols remain explicit fixed-semantics trust boundaries.	
reference-semantics/semantics/core.k	67	210	210	syntax	syntax-declaration	function	True	False	False	False	False	False	False	False	False	False	False	False	d42151aca88481786a5cfb27ba847cabb31fd87cfe6e0d4b0973e3c76ff5e293	  syntax Bool ::= applyCmp(String, Val, Val) [function]	SUPPLIED_FIXED_SEMANTICS_USED	Byte-identical to the trusted supplied semantics. This declaration/rule is on the submitted body's path; its evaluation/control/state role was checked against the program construct. Float no-evaluator symbols remain explicit fixed-semantics trust boundaries.	
reference-semantics/semantics/core.k	68	213	213	syntax	syntax-declaration	function, total	True	False	True	False	False	False	False	False	False	False	False	False	dc63c0f3acc6456c8753cf51b2c3e41b93a61fe7dcf9540d640cea097e8f1110	  syntax Vals ::= appendVal(Vals, Val) [function, total]	SUPPLIED_FIXED_SEMANTICS_USED	Byte-identical to the trusted supplied semantics. This declaration/rule is on the submitted body's path; its evaluation/control/state role was checked against the program construct. Float no-evaluator symbols remain explicit fixed-semantics trust boundaries.	
reference-semantics/semantics/core.k	69	214	214	rule	equational-rule		False	False	False	False	False	False	False	False	False	False	False	False	a5a52e9642b34467c73e9c74f19ce12ccbd4392a0132a02d7667e5b29e9ddb0c	  rule appendVal(.Vals, V:Val)              => V , .Vals	SUPPLIED_FIXED_SEMANTICS_USED	Byte-identical to the trusted supplied semantics. This declaration/rule is on the submitted body's path; its evaluation/control/state role was checked against the program construct. Float no-evaluator symbols remain explicit fixed-semantics trust boundaries.	
reference-semantics/semantics/core.k	70	215	215	rule	equational-rule		False	False	False	False	False	False	False	False	False	False	False	False	021b3f2aa3fc769735b8ceae20b2953fe7961e384aa7e484875d5f42d249c94b	  rule appendVal((V0:Val, VS:Vals), V:Val)  => V0 , appendVal(VS, V)	SUPPLIED_FIXED_SEMANTICS_USED	Byte-identical to the trusted supplied semantics. This declaration/rule is on the submitted body's path; its evaluation/control/state role was checked against the program construct. Float no-evaluator symbols remain explicit fixed-semantics trust boundaries.	
reference-semantics/semantics/core.k	71	217	217	syntax	syntax-declaration	function, total	True	False	True	False	False	False	False	False	False	False	False	False	8cb7f120bf9e046e155865d4805bd35b167136b23ece78f424d40f9a28cfb314	  syntax ValSeq ::= vals2valSeq(Vals) [function, total]	SUPPLIED_FIXED_SEMANTICS_UNUSED	Byte-identical to the trusted supplied semantics and not reachable from the submitted body/entry claims. No candidate-local alteration or proof dependency; no narrower false-rule witness was found in this audit.	
reference-semantics/semantics/core.k	72	218	218	rule	equational-rule		False	False	False	False	False	False	False	False	False	False	False	False	e0383b1464d059c9d6bfbbaa78b9d5f541d5a7af11b4523ed10ec4e00da970d4	  rule vals2valSeq(.Vals)            => .ValSeq	SUPPLIED_FIXED_SEMANTICS_UNUSED	Byte-identical to the trusted supplied semantics and not reachable from the submitted body/entry claims. No candidate-local alteration or proof dependency; no narrower false-rule witness was found in this audit.	
reference-semantics/semantics/core.k	73	219	219	rule	equational-rule		False	False	False	False	False	False	False	False	False	False	False	False	301dedffc36d6af90be9a204ffca6f02e01c228fe6e63de1617a8bf0367141bf	  rule vals2valSeq((V:Val, VS:Vals)) => vCons(V, vals2valSeq(VS))	SUPPLIED_FIXED_SEMANTICS_UNUSED	Byte-identical to the trusted supplied semantics and not reachable from the submitted body/entry claims. No candidate-local alteration or proof dependency; no narrower false-rule witness was found in this audit.	
reference-semantics/semantics/core.k	74	223	223	syntax	syntax-declaration	function, total	True	False	True	False	False	False	False	False	False	False	False	False	62a073a80ac9a36224fb529f2874ec7212aca0ac7d7b7cdca32fcbb7ac9dd79c	  syntax Int ::= vsLen(ValSeq) [function, total]	SUPPLIED_FIXED_SEMANTICS_UNUSED	Byte-identical to the trusted supplied semantics and not reachable from the submitted body/entry claims. No candidate-local alteration or proof dependency; no narrower false-rule witness was found in this audit.	
reference-semantics/semantics/core.k	75	224	224	rule	equational-rule		False	False	False	False	False	False	False	False	False	False	False	False	30bffc9d3d3579888542430160cc0b927ef42f9c3723289cbec3523bedc2bf57	  rule vsLen(.ValSeq)                => 0	SUPPLIED_FIXED_SEMANTICS_UNUSED	Byte-identical to the trusted supplied semantics and not reachable from the submitted body/entry claims. No candidate-local alteration or proof dependency; no narrower false-rule witness was found in this audit.	
reference-semantics/semantics/core.k	76	225	225	rule	equational-rule		False	False	False	False	False	False	False	False	False	False	False	False	447da92f0fbdfdd96167d141e51a11b697c138243bb24a1007f7853a3b9cc99b	  rule vsLen(vCons(_:Val, S:ValSeq)) => 1 +Int vsLen(S)	SUPPLIED_FIXED_SEMANTICS_UNUSED	Byte-identical to the trusted supplied semantics and not reachable from the submitted body/entry claims. No candidate-local alteration or proof dependency; no narrower false-rule witness was found in this audit.	
reference-semantics/semantics/core.k	77	227	227	syntax	syntax-declaration	function, total	True	False	True	False	False	False	False	False	False	False	False	False	5aa8535ebd8c5a303114406bc41767c82f3da7fd0f097b634276e122c17bea70	  syntax Int ::= isLen(IntSeq) [function, total]	SUPPLIED_FIXED_SEMANTICS_UNUSED	Byte-identical to the trusted supplied semantics and not reachable from the submitted body/entry claims. No candidate-local alteration or proof dependency; no narrower false-rule witness was found in this audit.	
reference-semantics/semantics/core.k	78	228	228	rule	equational-rule		False	False	False	False	False	False	False	False	False	False	False	False	0d8da4cbdbfc9d378f90993638b7ecc9ab99bb4e574c04b7d2d9f180fec6c420	  rule isLen(.IntSeq)                => 0	SUPPLIED_FIXED_SEMANTICS_UNUSED	Byte-identical to the trusted supplied semantics and not reachable from the submitted body/entry claims. No candidate-local alteration or proof dependency; no narrower false-rule witness was found in this audit.	
reference-semantics/semantics/core.k	79	229	229	rule	equational-rule		False	False	False	False	False	False	False	False	False	False	False	False	f3aa99e96448123f0eb39ae893e8252487bb30a78818f0e5c1c5e8b366d6899f	  rule isLen(iCons(_:Int, S:IntSeq)) => 1 +Int isLen(S)	SUPPLIED_FIXED_SEMANTICS_UNUSED	Byte-identical to the trusted supplied semantics and not reachable from the submitted body/entry claims. No candidate-local alteration or proof dependency; no narrower false-rule witness was found in this audit.	
reference-semantics/semantics/core.k	80	233	233	syntax	syntax-declaration	function, total	True	False	True	False	False	False	False	False	False	False	False	False	b8f5120bbab5fd2146848e1dbd89c0314e5cf7d350863205ed4bf75258575898	  syntax ValSeq ::= setVSAt(ValSeq, Int, Val) [function, total]	SUPPLIED_FIXED_SEMANTICS_UNUSED	Byte-identical to the trusted supplied semantics and not reachable from the submitted body/entry claims. No candidate-local alteration or proof dependency; no narrower false-rule witness was found in this audit.	
reference-semantics/semantics/core.k	81	234	234	rule	equational-rule		False	False	False	False	False	False	False	False	False	False	False	False	068896fd5e8d2053982ebd2477d79983c2bf4a44cfb074d21ee7e3fd8e21c4c8	  rule setVSAt(.ValSeq, _:Int, _:Val)               => .ValSeq	SUPPLIED_FIXED_SEMANTICS_UNUSED	Byte-identical to the trusted supplied semantics and not reachable from the submitted body/entry claims. No candidate-local alteration or proof dependency; no narrower false-rule witness was found in this audit.	
reference-semantics/semantics/core.k	82	235	235	rule	equational-rule		False	False	False	False	False	False	False	False	False	False	False	False	30f3c206de12529e45d75ebfde5c3d12daab0c604646db9e515d2dd2c73eeb9c	  rule setVSAt(vCons(_:Val, S:ValSeq), 0, V:Val)    => vCons(V, S)	SUPPLIED_FIXED_SEMANTICS_UNUSED	Byte-identical to the trusted supplied semantics and not reachable from the submitted body/entry claims. No candidate-local alteration or proof dependency; no narrower false-rule witness was found in this audit.	
reference-semantics/semantics/core.k	83	236	237	rule	equational-rule		False	False	False	False	False	False	False	False	False	False	False	False	0f2c5f1862ddf375f0542b7799c8fc0ce276948839175495201e4d2afc0e5e68	  rule setVSAt(vCons(W:Val, S:ValSeq), I:Int, V:Val) => vCons(W, setVSAt(S, I -Int 1, V))\n       requires I >Int 0	SUPPLIED_FIXED_SEMANTICS_UNUSED	Byte-identical to the trusted supplied semantics and not reachable from the submitted body/entry claims. No candidate-local alteration or proof dependency; no narrower false-rule witness was found in this audit.	
reference-semantics/semantics/core.k	84	238	239	rule	equational-rule		False	False	False	False	False	False	False	False	False	False	False	False	92564b03ca0a3867013046579060edb0982d21c370ed2e238bcf29ad2b01f1a1	  rule setVSAt(VS:ValSeq, I:Int, _:Val)             => VS\n       requires I <Int 0	SUPPLIED_FIXED_SEMANTICS_UNUSED	Byte-identical to the trusted supplied semantics and not reachable from the submitted body/entry claims. No candidate-local alteration or proof dependency; no narrower false-rule witness was found in this audit.	
reference-semantics/semantics/dict.k	1	20	20	syntax	syntax-declaration		False	False	False	False	False	False	False	False	False	False	False	False	a866327a47f443fe78dc52662e5d6d4c4c078795b6abd361a525407e660f3506	  syntax Val ::= dictV(ValSeq, ValSeq)	SUPPLIED_FIXED_SEMANTICS_UNUSED	Byte-identical to the trusted supplied semantics and not reachable from the submitted body/entry claims. No candidate-local alteration or proof dependency; no narrower false-rule witness was found in this audit.	
reference-semantics/semantics/dict.k	2	23	25	syntax	syntax-declaration		False	False	False	False	False	False	False	False	False	False	False	False	b0eaa278471bc3ebd3c811dfff7527ea9b5108aec977bd1063a947c6a1c0fb73	  syntax KItem ::= #dictAcc(Entries, ValSeq, ValSeq)\n                 | #dictKey(Expr, Entries, ValSeq, ValSeq)\n                 | #dictVal(Val, Entries, ValSeq, ValSeq)	SUPPLIED_FIXED_SEMANTICS_UNUSED	Byte-identical to the trusted supplied semantics and not reachable from the submitted body/entry claims. No candidate-local alteration or proof dependency; no narrower false-rule witness was found in this audit.	
reference-semantics/semantics/dict.k	3	26	26	rule	operational-rule		False	False	False	False	False	False	False	False	False	False	False	False	0be33945eea34eabb002ac0c464884524692a5cfe3506362bd4648420d517159	  rule <k> DictExpr(ES:Entries) => #dictAcc(ES, .ValSeq, .ValSeq) ... </k>	SUPPLIED_FIXED_SEMANTICS_UNUSED	Byte-identical to the trusted supplied semantics and not reachable from the submitted body/entry claims. No candidate-local alteration or proof dependency; no narrower false-rule witness was found in this audit.	
reference-semantics/semantics/dict.k	4	27	27	rule	operational-rule		False	False	False	False	False	False	False	False	False	False	False	False	e5ceb73326e6f5ca339810ada47091a6d0bb07c92d297224d056a7c482ea307c	  rule <k> #dictAcc(.Entries, KS:ValSeq, VS:ValSeq) => dictV(KS, VS) ... </k>	SUPPLIED_FIXED_SEMANTICS_UNUSED	Byte-identical to the trusted supplied semantics and not reachable from the submitted body/entry claims. No candidate-local alteration or proof dependency; no narrower false-rule witness was found in this audit.	
reference-semantics/semantics/dict.k	5	28	29	rule	operational-rule		False	False	False	False	False	False	False	False	False	False	False	False	52a9fd04ecf949e6bdf7bfa8f394ef65ff3f2f72fb86a09bc99fcf40df7a4d5e	  rule <k> #dictAcc((Entry(K:Expr, V:Expr), REST:Entries), KS:ValSeq, VS:ValSeq)\n        => K ~> #dictKey(V, REST, KS, VS) ... </k>	SUPPLIED_FIXED_SEMANTICS_UNUSED	Byte-identical to the trusted supplied semantics and not reachable from the submitted body/entry claims. No candidate-local alteration or proof dependency; no narrower false-rule witness was found in this audit.	
reference-semantics/semantics/dict.k	6	30	31	rule	operational-rule		False	False	False	False	False	False	False	False	False	False	False	False	a1b7abfc43516dd95d0143be67b4b53d5ccfe563a80f0b5065c9af85f81fd9bd	  rule <k> KV:Val ~> #dictKey(V:Expr, REST:Entries, KS:ValSeq, VS:ValSeq)\n        => V ~> #dictVal(KV, REST, KS, VS) ... </k>	SUPPLIED_FIXED_SEMANTICS_UNUSED	Byte-identical to the trusted supplied semantics and not reachable from the submitted body/entry claims. No candidate-local alteration or proof dependency; no narrower false-rule witness was found in this audit.	
reference-semantics/semantics/dict.k	7	32	33	rule	operational-rule		False	False	False	False	False	False	False	False	False	False	False	False	4a63dc12152eccc0e8e3cae7978fdb93fb8fcfa6f91cb94ea89864483ac27406	  rule <k> VV:Val ~> #dictVal(KV:Val, REST:Entries, KS:ValSeq, VS:ValSeq)\n        => #dictAcc(REST, dPutK(KS, KV), dPutV(KS, VS, KV, VV)) ... </k>	SUPPLIED_FIXED_SEMANTICS_UNUSED	Byte-identical to the trusted supplied semantics and not reachable from the submitted body/entry claims. No candidate-local alteration or proof dependency; no narrower false-rule witness was found in this audit.	
reference-semantics/semantics/dict.k	8	37	37	syntax	syntax-declaration	function, total	True	False	True	False	False	False	False	False	False	False	False	False	53b2597adb1e9054fac08d64aa0b53a010048f6ee3049901c44d1e0f2fe51b09	  syntax Bool ::= dHasKey(ValSeq, Val) [function, total]	SUPPLIED_FIXED_SEMANTICS_UNUSED	Byte-identical to the trusted supplied semantics and not reachable from the submitted body/entry claims. No candidate-local alteration or proof dependency; no narrower false-rule witness was found in this audit.	
reference-semantics/semantics/dict.k	9	38	38	rule	equational-rule		False	False	False	False	False	False	False	False	False	False	False	False	19632c8e7fd2b2e6b9559db89131419b5d335356907085e225633156156384f0	  rule dHasKey(.ValSeq, _:Val)                => false	SUPPLIED_FIXED_SEMANTICS_UNUSED	Byte-identical to the trusted supplied semantics and not reachable from the submitted body/entry claims. No candidate-local alteration or proof dependency; no narrower false-rule witness was found in this audit.	
reference-semantics/semantics/dict.k	10	39	39	rule	equational-rule		False	False	False	False	False	False	False	False	False	False	False	False	d923734f6691f67fb030a875902fec44178ac70341a059e242c43bb06d5755a3	  rule dHasKey(vCons(A:Val, _:ValSeq), K:Val) => true          requires A ==K K	SUPPLIED_FIXED_SEMANTICS_UNUSED	Byte-identical to the trusted supplied semantics and not reachable from the submitted body/entry claims. No candidate-local alteration or proof dependency; no narrower false-rule witness was found in this audit.	
reference-semantics/semantics/dict.k	11	40	40	rule	equational-rule		False	False	False	False	False	False	False	False	False	False	False	False	4750a0656733abffede7f84e2fc7cf95881eb195b7cfbe2f2258937bef0320f3	  rule dHasKey(vCons(A:Val, R:ValSeq), K:Val) => dHasKey(R, K) requires notBool (A ==K K)	SUPPLIED_FIXED_SEMANTICS_UNUSED	Byte-identical to the trusted supplied semantics and not reachable from the submitted body/entry claims. No candidate-local alteration or proof dependency; no narrower false-rule witness was found in this audit.	
reference-semantics/semantics/dict.k	12	43	43	syntax	syntax-declaration	function, total	True	False	True	False	False	False	False	False	False	False	False	False	439843ea2d4e25cce37bb53d4ba38e061bffeb27f8a4a276e4b406656399a8f7	  syntax ValSeq ::= dPutK(ValSeq, Val) [function, total]	SUPPLIED_FIXED_SEMANTICS_UNUSED	Byte-identical to the trusted supplied semantics and not reachable from the submitted body/entry claims. No candidate-local alteration or proof dependency; no narrower false-rule witness was found in this audit.	
reference-semantics/semantics/dict.k	13	44	44	rule	equational-rule		False	False	False	False	False	False	False	False	False	False	False	False	7c3cf00285fc76f5c7e5339755f9eb82a110888a223e7f6b13ba2f3eb4860d7e	  rule dPutK(KS:ValSeq, K:Val) => KS                                  requires dHasKey(KS, K)	SUPPLIED_FIXED_SEMANTICS_UNUSED	Byte-identical to the trusted supplied semantics and not reachable from the submitted body/entry claims. No candidate-local alteration or proof dependency; no narrower false-rule witness was found in this audit.	
reference-semantics/semantics/dict.k	14	45	45	rule	equational-rule		False	False	False	False	False	False	False	False	False	False	False	False	d9678ad6da68f05f2eb1a90621c36deca8f91e9b6202ba175a03992c9bed8819	  rule dPutK(KS:ValSeq, K:Val) => valSeqConcat(KS, vCons(K, .ValSeq)) requires notBool dHasKey(KS, K)	SUPPLIED_FIXED_SEMANTICS_UNUSED	Byte-identical to the trusted supplied semantics and not reachable from the submitted body/entry claims. No candidate-local alteration or proof dependency; no narrower false-rule witness was found in this audit.	
reference-semantics/semantics/dict.k	15	49	49	syntax	syntax-declaration	function, total	True	False	True	False	False	False	False	False	False	False	False	False	70eb38c11d16d8c97f800988eec26559e260c855c164121d4eb059a2b6b68a27	  syntax ValSeq ::= dPutV(ValSeq, ValSeq, Val, Val) [function, total]	SUPPLIED_FIXED_SEMANTICS_UNUSED	Byte-identical to the trusted supplied semantics and not reachable from the submitted body/entry claims. No candidate-local alteration or proof dependency; no narrower false-rule witness was found in this audit.	
reference-semantics/semantics/dict.k	16	50	51	rule	equational-rule		False	False	False	False	False	False	False	False	False	False	False	False	e6ae89049d9ecd1c793372845d561797049e69d432ba6b4da4900f7cb6c09fde	  rule dPutV(vCons(A:Val, _:ValSeq), vCons(_:Val, VR:ValSeq), K:Val, V:Val)  => vCons(V, VR)\n       requires A ==K K	SUPPLIED_FIXED_SEMANTICS_UNUSED	Byte-identical to the trusted supplied semantics and not reachable from the submitted body/entry claims. No candidate-local alteration or proof dependency; no narrower false-rule witness was found in this audit.	
reference-semantics/semantics/dict.k	17	52	53	rule	equational-rule		False	False	False	False	False	False	False	False	False	False	False	False	5231a4fe8089fbd6413f4a31e74faf7749da4a26264406567f76d848a7cbdc68	  rule dPutV(vCons(A:Val, KR:ValSeq), vCons(B:Val, VR:ValSeq), K:Val, V:Val) => vCons(B, dPutV(KR, VR, K, V))\n       requires notBool (A ==K K)	SUPPLIED_FIXED_SEMANTICS_UNUSED	Byte-identical to the trusted supplied semantics and not reachable from the submitted body/entry claims. No candidate-local alteration or proof dependency; no narrower false-rule witness was found in this audit.	
reference-semantics/semantics/dict.k	18	54	54	rule	equational-rule	owise	False	False	False	False	False	False	False	False	True	False	False	False	60e423b39300cb7f45e6cd03445de38d666b68ae3420b8036aa3ee8673b23886	  rule dPutV(_KS:ValSeq, VS:ValSeq, _K:Val, V:Val) => valSeqConcat(VS, vCons(V, .ValSeq)) [owise]	SUPPLIED_FIXED_SEMANTICS_UNUSED	Byte-identical to the trusted supplied semantics and not reachable from the submitted body/entry claims. No candidate-local alteration or proof dependency; no narrower false-rule witness was found in this audit.	
reference-semantics/semantics/dict.k	19	58	60	rule	operational-rule	priority(40)	False	False	False	False	False	True	False	False	False	False	False	False	a77f686e0fd034b62451bc092ccd6666c5e7ebd5a68a3e61428385f230c1aeb0	"  rule <k> #applyK(toCall(boundMethodV(dictV(KS:ValSeq, _:ValSeq), ""keys"")), .Vals)\n        => #alloc(list(KS)) ... </k>\n       [priority(40)]"	SUPPLIED_FIXED_SEMANTICS_UNUSED	Byte-identical to the trusted supplied semantics and not reachable from the submitted body/entry claims. No candidate-local alteration or proof dependency; no narrower false-rule witness was found in this audit.	
reference-semantics/semantics/dict.k	20	63	63	rule	equational-rule		False	False	False	False	False	False	False	False	False	False	False	False	bc704004e1489fb1a753ba65ff51b62bdd9253dc2bbdf917d6d654e312c01096	  rule applyIndexD(dictV(KS:ValSeq, VS:ValSeq), K:Val) => dGet(KS, VS, K)	SUPPLIED_FIXED_SEMANTICS_UNUSED	Byte-identical to the trusted supplied semantics and not reachable from the submitted body/entry claims. No candidate-local alteration or proof dependency; no narrower false-rule witness was found in this audit.	
reference-semantics/semantics/dict.k	21	64	64	syntax	syntax-declaration	function	True	False	False	False	False	False	False	False	False	False	False	False	b0661e3ae420b8dc965c15541fbb5e47d2090104008f90c653620bb412ca051e	  syntax Val ::= applyIndexD(Val, Val) [function]	SUPPLIED_FIXED_SEMANTICS_UNUSED	Byte-identical to the trusted supplied semantics and not reachable from the submitted body/entry claims. No candidate-local alteration or proof dependency; no narrower false-rule witness was found in this audit.	
reference-semantics/semantics/dict.k	22	65	66	rule	operational-rule	priority(45)	False	False	False	False	False	True	False	False	False	False	False	False	8440ffc0163656571889bba5b342cd1b14ea4652be8bb7e8a1c558dca8330f33	  rule <k> Subscript(dictV(KS:ValSeq, VS:ValSeq), K:Val) => applyIndexD(dictV(KS, VS), K) ... </k>\n       [priority(45)]	SUPPLIED_FIXED_SEMANTICS_UNUSED	Byte-identical to the trusted supplied semantics and not reachable from the submitted body/entry claims. No candidate-local alteration or proof dependency; no narrower false-rule witness was found in this audit.	
reference-semantics/semantics/dict.k	23	70	70	syntax	syntax-declaration	function	True	False	False	False	False	False	False	False	False	False	False	False	c258a95b953f1e9c829365914691fd6e1298efa93b1f9bff717dfc484dfbe77a	  syntax Val ::= dictSet(Val, Val, Val) [function]	SUPPLIED_FIXED_SEMANTICS_UNUSED	Byte-identical to the trusted supplied semantics and not reachable from the submitted body/entry claims. No candidate-local alteration or proof dependency; no narrower false-rule witness was found in this audit.	
reference-semantics/semantics/dict.k	24	71	71	rule	equational-rule		False	False	False	False	False	False	False	False	False	False	False	False	053baaf02ed85cf71c916087ed2d580debcf19e022c2317dd4d33aef88aef392	  rule dictSet(dictV(KS:ValSeq, VS:ValSeq), K:Val, V:Val) => dictV(dPutK(KS, K), dPutV(KS, VS, K, V))	SUPPLIED_FIXED_SEMANTICS_UNUSED	Byte-identical to the trusted supplied semantics and not reachable from the submitted body/entry claims. No candidate-local alteration or proof dependency; no narrower false-rule witness was found in this audit.	
reference-semantics/semantics/dict.k	25	76	76	syntax	syntax-declaration		False	False	False	False	False	False	False	False	False	False	False	False	77fc525c328cdf6dd0155fb74e9adc0b0937f058d3b7359e30b01d25a7156a1b	  syntax KItem ::= #dsetK(String, Val)	SUPPLIED_FIXED_SEMANTICS_UNUSED	Byte-identical to the trusted supplied semantics and not reachable from the submitted body/entry claims. No candidate-local alteration or proof dependency; no narrower false-rule witness was found in this audit.	
reference-semantics/semantics/dict.k	26	77	77	rule	operational-rule		False	False	False	False	False	False	False	False	False	False	False	False	0f1934cbad49d18f42f273e1f0a1144b35665ffe116a9d71e3bd548876521ed2	  rule <k> Assign(Subscript(Name(X:String), K:Expr), VV:Val) => K ~> #dsetK(X, VV) ... </k>	SUPPLIED_FIXED_SEMANTICS_UNUSED	Byte-identical to the trusted supplied semantics and not reachable from the submitted body/entry claims. No candidate-local alteration or proof dependency; no narrower false-rule witness was found in this audit.	
reference-semantics/semantics/dict.k	27	78	81	rule	operational-rule	X <- dictSet({M[X,X	False	False	False	False	False	False	False	False	False	False	False	False	6add974450d482be6b4f357627ecc7c245bad5d194e357a3a4d0ef65eefe76b8	  rule <k> KV:Val ~> #dsetK(X:String, VV:Val) => .K ... </k>\n       <env> L:Int </env>\n       <scopes> ... L |-> scope(M:Map => M [ X <- dictSet({M[X]}:>Val, KV, VV) ], _) ... </scopes>\n       requires X in_keys(M) andBool notBool isRefV({M[X]}:>Val)	SUPPLIED_FIXED_SEMANTICS_UNUSED	Byte-identical to the trusted supplied semantics and not reachable from the submitted body/entry claims. No candidate-local alteration or proof dependency; no narrower false-rule witness was found in this audit.	
reference-semantics/semantics/dict.k	28	82	85	rule	operational-rule	X,X	False	False	False	False	False	False	False	False	False	False	False	False	b617d180f4d56d4fb3f7eedfc18583b52696bd45c491e70cbf377307e98ff64a	  rule <k> KV:Val ~> #dsetK(X:String, VV:Val) => #dsetV({M[X]}:>Val, KV, VV) ... </k>\n       <env> L:Int </env>\n       <scopes> ... L |-> scope(M:Map, _) ... </scopes>\n       requires X in_keys(M) andBool isRefV({M[X]}:>Val)	SUPPLIED_FIXED_SEMANTICS_UNUSED	Byte-identical to the trusted supplied semantics and not reachable from the submitted body/entry claims. No candidate-local alteration or proof dependency; no narrower false-rule witness was found in this audit.	
reference-semantics/semantics/dict.k	29	86	86	syntax	syntax-declaration		False	False	False	False	False	False	False	False	False	False	False	False	70d34294ef46b46550200ee140ce054479d60c9a4d43ce9082ce360e21b2156c	  syntax KItem ::= #dsetV(Val, Val, Val)	SUPPLIED_FIXED_SEMANTICS_UNUSED	Byte-identical to the trusted supplied semantics and not reachable from the submitted body/entry claims. No candidate-local alteration or proof dependency; no narrower false-rule witness was found in this audit.	
reference-semantics/semantics/dict.k	30	87	88	rule	operational-rule		False	False	False	False	False	False	False	False	False	False	False	False	8fbf3becf66bedd52499fc9731e3f41d73460cbbd32a10d97d7e9d9dc66160bc	  rule <k> #dsetV(ref(H:Int), I:Int, VV:Val) => .K ... </k>\n       <heap> ... H |-> list(VS:ValSeq => setVSAt(VS, normIdxD(I, vsLen(VS)), VV)) ... </heap>	SUPPLIED_FIXED_SEMANTICS_UNUSED	Byte-identical to the trusted supplied semantics and not reachable from the submitted body/entry claims. No candidate-local alteration or proof dependency; no narrower false-rule witness was found in this audit.	
reference-semantics/semantics/dict.k	31	90	90	syntax	syntax-declaration	function, total	True	False	True	False	False	False	False	False	False	False	False	False	a2c4c7a15b47d8b354310605e103ccc267c2c7844773bd45d121c90832ac2ae6	  syntax Int ::= normIdxD(Int, Int) [function, total]	SUPPLIED_FIXED_SEMANTICS_UNUSED	Byte-identical to the trusted supplied semantics and not reachable from the submitted body/entry claims. No candidate-local alteration or proof dependency; no narrower false-rule witness was found in this audit.	
reference-semantics/semantics/dict.k	32	91	91	rule	equational-rule		False	False	False	False	False	False	False	False	False	False	False	False	c79e308e373d461555efabcf69106750da7ceb1137df9de7c8621e8bea9e781d	  rule normIdxD(I:Int, LEN:Int) => I +Int LEN requires I  <Int 0	SUPPLIED_FIXED_SEMANTICS_UNUSED	Byte-identical to the trusted supplied semantics and not reachable from the submitted body/entry claims. No candidate-local alteration or proof dependency; no narrower false-rule witness was found in this audit.	
reference-semantics/semantics/dict.k	33	92	92	rule	equational-rule		False	False	False	False	False	False	False	False	False	False	False	False	745f2c50f84f69e196146a5d50cecfcacf7e7cce6f10c783c1c7343700c20862	  rule normIdxD(I:Int, _:Int)   => I          requires I >=Int 0	SUPPLIED_FIXED_SEMANTICS_UNUSED	Byte-identical to the trusted supplied semantics and not reachable from the submitted body/entry claims. No candidate-local alteration or proof dependency; no narrower false-rule witness was found in this audit.	
reference-semantics/semantics/dict.k	34	95	96	rule	equational-rule		False	False	False	False	False	False	False	False	False	False	False	False	e67e41344cb156e06f602950e56a6277f10e9d0b712cf41bc79f5675feedf960	"  rule applyCmp(""=="", dictV(KS1:ValSeq, VS1:ValSeq), dictV(KS2:ValSeq, VS2:ValSeq))\n    => (vsLen(KS1) ==Int vsLen(KS2)) andBool dSubset(KS1, VS1, KS2, VS2)"	SUPPLIED_FIXED_SEMANTICS_UNUSED	Byte-identical to the trusted supplied semantics and not reachable from the submitted body/entry claims. No candidate-local alteration or proof dependency; no narrower false-rule witness was found in this audit.	
reference-semantics/semantics/dict.k	35	97	97	syntax	syntax-declaration	function	True	False	False	False	False	False	False	False	False	False	False	False	7486f4f0b9e57bd2cf92f640b3d4d49c6398d84ba59a8df8ea24df876fb0392d	  syntax Bool ::= dSubset(ValSeq, ValSeq, ValSeq, ValSeq) [function]	SUPPLIED_FIXED_SEMANTICS_UNUSED	Byte-identical to the trusted supplied semantics and not reachable from the submitted body/entry claims. No candidate-local alteration or proof dependency; no narrower false-rule witness was found in this audit.	
reference-semantics/semantics/dict.k	36	98	98	rule	equational-rule		False	False	False	False	False	False	False	False	False	False	False	False	024e15d6c49b5d36bf41bd1cdfc32271a30bdb57a52f98a9771fad6de3e244d5	  rule dSubset(.ValSeq, .ValSeq, _:ValSeq, _:ValSeq) => true	SUPPLIED_FIXED_SEMANTICS_UNUSED	Byte-identical to the trusted supplied semantics and not reachable from the submitted body/entry claims. No candidate-local alteration or proof dependency; no narrower false-rule witness was found in this audit.	
reference-semantics/semantics/dict.k	37	99	100	rule	equational-rule		False	False	False	False	False	False	False	False	False	False	False	False	4901f71ebb65a976eef42c7acc8694dd4b9c4fea6c9a5a13b2861ebd3c3155c7	  rule dSubset(vCons(K:Val, KR:ValSeq), vCons(V:Val, VR:ValSeq), KS2:ValSeq, VS2:ValSeq)\n    => dHasKey(KS2, K) andBool (dGet(KS2, VS2, K) ==K V) andBool dSubset(KR, VR, KS2, VS2)	SUPPLIED_FIXED_SEMANTICS_UNUSED	Byte-identical to the trusted supplied semantics and not reachable from the submitted body/entry claims. No candidate-local alteration or proof dependency; no narrower false-rule witness was found in this audit.	
reference-semantics/semantics/dict.k	38	101	101	syntax	syntax-declaration	function	True	False	False	False	False	False	False	False	False	False	False	False	cfd0e0fdca4f91fbe043c6d810b18a2feded92397a73d3cd5ba12ba888e32173	  syntax Val ::= dGet(ValSeq, ValSeq, Val) [function]	SUPPLIED_FIXED_SEMANTICS_UNUSED	Byte-identical to the trusted supplied semantics and not reachable from the submitted body/entry claims. No candidate-local alteration or proof dependency; no narrower false-rule witness was found in this audit.	
reference-semantics/semantics/dict.k	39	102	102	rule	equational-rule		False	False	False	False	False	False	False	False	False	False	False	False	a01482fd5be52c4823d2aa760c410b4ee0d3e95816d236900f8f3583c114cfeb	  rule dGet(vCons(A:Val, _:ValSeq), vCons(B:Val, _:ValSeq), K:Val) => B                requires A ==K K	SUPPLIED_FIXED_SEMANTICS_UNUSED	Byte-identical to the trusted supplied semantics and not reachable from the submitted body/entry claims. No candidate-local alteration or proof dependency; no narrower false-rule witness was found in this audit.	
reference-semantics/semantics/dict.k	40	103	103	rule	equational-rule		False	False	False	False	False	False	False	False	False	False	False	False	98fc24d53eebc61a8fb48539bdbb15aac1b60bff0c81b3dac02d965ccf548a92	  rule dGet(vCons(A:Val, KR:ValSeq), vCons(_:Val, VR:ValSeq), K:Val) => dGet(KR, VR, K) requires notBool (A ==K K)	SUPPLIED_FIXED_SEMANTICS_UNUSED	Byte-identical to the trusted supplied semantics and not reachable from the submitted body/entry claims. No candidate-local alteration or proof dependency; no narrower false-rule witness was found in this audit.	
reference-semantics/semantics/float.k	1	20	20	syntax	syntax-declaration		False	False	False	False	False	False	False	False	False	False	False	False	a12e1366d9ffdffc41666390e7edbf1a7e5f939537278e92eb202c4edb233761	  syntax Val ::= Float	SUPPLIED_FIXED_SEMANTICS_USED	Byte-identical to the trusted supplied semantics. This declaration/rule is on the submitted body's path; its evaluation/control/state role was checked against the program construct. Float no-evaluator symbols remain explicit fixed-semantics trust boundaries.	
reference-semantics/semantics/float.k	2	21	21	rule	operational-rule		False	False	False	False	False	False	False	False	False	False	False	False	d1e1f7feb88c1749c5fe28a78812fc2cd3e086a6835bcec10d587a0718b96109	  rule <k> Float(F:Float) => F ... </k>	SUPPLIED_FIXED_SEMANTICS_USED	Byte-identical to the trusted supplied semantics. This declaration/rule is on the submitted body's path; its evaluation/control/state role was checked against the program construct. Float no-evaluator symbols remain explicit fixed-semantics trust boundaries.	
reference-semantics/semantics/float.k	3	24	24	syntax	syntax-declaration	function, total, symbol(intFloatDiv), no-evaluators	True	False	True	True	True	False	False	False	False	False	False	False	ee9da23a9a1709186e28ebbe3c75b544340c71352b09da6d24c735ee42305626	  syntax Float ::= intFloatDiv(Int, Float) [function, total, symbol(intFloatDiv), no-evaluators]	SUPPLIED_FIXED_SEMANTICS_UNUSED	Byte-identical to the trusted supplied semantics and not reachable from the submitted body/entry claims. No candidate-local alteration or proof dependency; no narrower false-rule witness was found in this audit.	
reference-semantics/semantics/float.k	4	25	25	rule	equational-rule	concrete	False	False	False	False	False	False	False	True	False	False	False	False	b84abed561db490b93701495870f5aca3323154af8299b7b57a861cf5b86af3e	  rule intFloatDiv(I:Int, F:Float) => Int2Float(I, 53, 11) /Float F [concrete]	SUPPLIED_FIXED_SEMANTICS_UNUSED	Byte-identical to the trusted supplied semantics and not reachable from the submitted body/entry claims. No candidate-local alteration or proof dependency; no narrower false-rule witness was found in this audit.	
reference-semantics/semantics/float.k	5	27	27	rule	equational-rule		False	False	False	False	False	False	False	False	False	False	False	False	18284d0f3bb0501248aa1e955037e7f5a4858d66eeb6c16c8ca3db9ba2544553	"  rule applyBin(""/"", I:Int, F:Float) => intFloatDiv(I, F)"	SUPPLIED_FIXED_SEMANTICS_UNUSED	Byte-identical to the trusted supplied semantics and not reachable from the submitted body/entry claims. No candidate-local alteration or proof dependency; no narrower false-rule witness was found in this audit.	
reference-semantics/semantics/float.k	6	30	30	syntax	syntax-declaration	function, total, symbol(divII), no-evaluators	True	False	True	True	True	False	False	False	False	False	False	False	a2fbc7d17db4bdccc1020bf0bc27ef2bffa84d5197701a10aa31fb7b7e68cbe6	  syntax Float ::= divII(Int, Int) [function, total, symbol(divII), no-evaluators]	SUPPLIED_FIXED_SEMANTICS_UNUSED	Byte-identical to the trusted supplied semantics and not reachable from the submitted body/entry claims. No candidate-local alteration or proof dependency; no narrower false-rule witness was found in this audit.	
reference-semantics/semantics/float.k	7	31	31	rule	equational-rule	concrete	False	False	False	False	False	False	False	True	False	False	False	False	3fbf863403de7aba1ba151345db3cd845ac779d4ccc0ca9a02de0c5a9e4a91e4	  rule divII(I1:Int, I2:Int) => Int2Float(I1, 53, 11) /Float Int2Float(I2, 53, 11) [concrete]	SUPPLIED_FIXED_SEMANTICS_UNUSED	Byte-identical to the trusted supplied semantics and not reachable from the submitted body/entry claims. No candidate-local alteration or proof dependency; no narrower false-rule witness was found in this audit.	
reference-semantics/semantics/float.k	8	32	32	rule	equational-rule		False	False	False	False	False	False	False	False	False	False	False	False	fbdfd5f734981a88c0c6f109f7277b9fb2d812cc5638c1a6a6e3d5e7bc005328	"  rule applyBin(""/"", I1:Int, I2:Int) => divII(I1, I2)"	SUPPLIED_FIXED_SEMANTICS_UNUSED	Byte-identical to the trusted supplied semantics and not reachable from the submitted body/entry claims. No candidate-local alteration or proof dependency; no narrower false-rule witness was found in this audit.	
reference-semantics/semantics/float.k	9	37	37	syntax	syntax-declaration	function, total, symbol(floatMod), no-evaluators	True	False	True	True	True	False	False	False	False	False	False	False	1b2042e95eed3663c3e7480857974c1e9b1d54f0dbc4bcc496c20c6ef8097309	  syntax Float ::= floatMod(Float, Float) [function, total, symbol(floatMod), no-evaluators]	SUPPLIED_FIXED_SEMANTICS_UNUSED	Byte-identical to the trusted supplied semantics and not reachable from the submitted body/entry claims. No candidate-local alteration or proof dependency; no narrower false-rule witness was found in this audit.	
reference-semantics/semantics/float.k	10	38	38	rule	equational-rule	concrete	False	False	False	False	False	False	False	True	False	False	False	False	c0918b7c355ac2dec85ccc28ab409b5d86a98041592db06d2ba20e4a1bf4ef3a	  rule floatMod(F1:Float, F2:Float) => F1 -Float (floorFloat(F1 /Float F2) *Float F2) [concrete]	SUPPLIED_FIXED_SEMANTICS_UNUSED	Byte-identical to the trusted supplied semantics and not reachable from the submitted body/entry claims. No candidate-local alteration or proof dependency; no narrower false-rule witness was found in this audit.	
reference-semantics/semantics/float.k	11	39	39	rule	equational-rule		False	False	False	False	False	False	False	False	False	False	False	False	065ab60b729c9b5b41b797bdf101af0d25469571e19a5adf37f7797a88ae9b6a	"  rule applyBin(""%"", F1:Float, F2:Float) => floatMod(F1, F2)"	SUPPLIED_FIXED_SEMANTICS_UNUSED	Byte-identical to the trusted supplied semantics and not reachable from the submitted body/entry claims. No candidate-local alteration or proof dependency; no narrower false-rule witness was found in this audit.	
reference-semantics/semantics/float.k	12	43	43	rule	equational-rule		False	False	False	False	False	False	False	False	False	False	False	False	0152f529f266f04f05e7c784d4f343a781cc756e1ae8e322500f9066047f7443	"  rule applyCmp(""=="", F1:Float, F2:Float) => F1 ==Float F2"	SUPPLIED_FIXED_SEMANTICS_USED	Byte-identical to the trusted supplied semantics. This declaration/rule is on the submitted body's path; its evaluation/control/state role was checked against the program construct. Float no-evaluator symbols remain explicit fixed-semantics trust boundaries.	
reference-semantics/semantics/float.k	13	44	44	rule	equational-rule		False	False	False	False	False	False	False	False	False	False	False	False	3ea54e6188f27f8fa4049d6420ab6d7bd80dba5e33f859c490cca8b93257b4b5	"  rule applyCmp(""!="", F1:Float, F2:Float) => notBool (F1 ==Float F2)"	SUPPLIED_FIXED_SEMANTICS_USED	Byte-identical to the trusted supplied semantics. This declaration/rule is on the submitted body's path; its evaluation/control/state role was checked against the program construct. Float no-evaluator symbols remain explicit fixed-semantics trust boundaries.	
reference-semantics/semantics/float.k	14	50	50	syntax	syntax-declaration	function, total, symbol(floatLt), no-evaluators	True	False	True	True	True	False	False	False	False	False	False	False	3ee13c11a7410e3d430895661df0ecf458a30f20b9aac7d9caec7efa9a869cbd	  syntax Bool ::= floatLt(Float, Float) [function, total, symbol(floatLt), no-evaluators]	SUPPLIED_FIXED_SEMANTICS_UNUSED	Byte-identical to the trusted supplied semantics and not reachable from the submitted body/entry claims. No candidate-local alteration or proof dependency; no narrower false-rule witness was found in this audit.	
reference-semantics/semantics/float.k	15	51	51	rule	equational-rule	concrete	False	False	False	False	False	False	False	True	False	False	False	False	290ccca6ace276825f6606c3aa8e2b91844fc31b62f19574d3ce1b7164393258	  rule floatLt(F1:Float, F2:Float) => F1 <Float F2 [concrete]	SUPPLIED_FIXED_SEMANTICS_UNUSED	Byte-identical to the trusted supplied semantics and not reachable from the submitted body/entry claims. No candidate-local alteration or proof dependency; no narrower false-rule witness was found in this audit.	
reference-semantics/semantics/float.k	16	52	52	rule	equational-rule		False	False	False	False	False	False	False	False	False	False	False	False	be16e16001f9b0e50363b5763dd3c80d716b9eb634c0879b42ecc40a001961cc	"  rule applyCmp(""<"", F1:Float, F2:Float) => floatLt(F1, F2)"	SUPPLIED_FIXED_SEMANTICS_UNUSED	Byte-identical to the trusted supplied semantics and not reachable from the submitted body/entry claims. No candidate-local alteration or proof dependency; no narrower false-rule witness was found in this audit.	
reference-semantics/semantics/float.k	17	54	54	syntax	syntax-declaration	function, total, symbol(absF), no-evaluators	True	False	True	True	True	False	False	False	False	False	False	False	0376cabb3bbc0d1332a1042170bd42e74834c87f56154e540ef3ede24bb6f60b	  syntax Float ::= absF(Float) [function, total, symbol(absF), no-evaluators]	SUPPLIED_FIXED_SEMANTICS_UNUSED	Byte-identical to the trusted supplied semantics and not reachable from the submitted body/entry claims. No candidate-local alteration or proof dependency; no narrower false-rule witness was found in this audit.	
reference-semantics/semantics/float.k	18	55	55	rule	equational-rule	concrete	False	False	False	False	False	False	False	True	False	False	False	False	4a7c1935a4820379df1f9f0571cb6db75acb393c5a73d67b605a06c103aaf29b	  rule absF(F:Float) => absFloat(F) [concrete]	SUPPLIED_FIXED_SEMANTICS_UNUSED	Byte-identical to the trusted supplied semantics and not reachable from the submitted body/entry claims. No candidate-local alteration or proof dependency; no narrower false-rule witness was found in this audit.	
reference-semantics/semantics/float.k	19	56	56	rule	equational-rule		False	False	False	False	False	False	False	False	False	False	False	False	0c5d8ed056eee01af56e1a65a19184ac2e1ff953f9a51f0962ddbb7f416631ec	"  rule applyBuiltin(""abs"", F:Float, .Vals) => absF(F)"	SUPPLIED_FIXED_SEMANTICS_UNUSED	Byte-identical to the trusted supplied semantics and not reachable from the submitted body/entry claims. No candidate-local alteration or proof dependency; no narrower false-rule witness was found in this audit.	
reference-semantics/semantics/float.k	20	61	61	rule	operational-rule		False	False	False	False	False	False	False	False	False	False	False	False	753ff274fa59395f7e3dcfc610eda755b0217d95a9bc19ea540c5471449d5bc8	  rule <k> Import(_:String) => .K ... </k>	SUPPLIED_FIXED_SEMANTICS_UNUSED	Byte-identical to the trusted supplied semantics and not reachable from the submitted body/entry claims. No candidate-local alteration or proof dependency; no narrower false-rule witness was found in this audit.	
reference-semantics/semantics/float.k	21	65	65	syntax	syntax-declaration		False	False	False	False	False	False	False	False	False	False	False	False	20ce83c9c024b1a9d8a6d7ad57e47b80956d11a3c91b5f1dddaf68fc90a6526e	"  syntax KItem ::= ""#mathCeil"""	SUPPLIED_FIXED_SEMANTICS_UNUSED	Byte-identical to the trusted supplied semantics and not reachable from the submitted body/entry claims. No candidate-local alteration or proof dependency; no narrower false-rule witness was found in this audit.	
reference-semantics/semantics/float.k	22	66	66	rule	operational-rule	priority(40)	False	False	False	False	False	True	False	False	False	False	False	False	8c15e7d15c2a0cc768d8e3fc6a5d9641e81afb5e3e8d1201bbc26ae9036fc193	"  rule <k> Call(Attribute(Name(""math""), ""ceil""), (E:Expr, .Exprs)) => E ~> #mathCeil ... </k> [priority(40)]"	SUPPLIED_FIXED_SEMANTICS_UNUSED	Byte-identical to the trusted supplied semantics and not reachable from the submitted body/entry claims. No candidate-local alteration or proof dependency; no narrower false-rule witness was found in this audit.	
reference-semantics/semantics/float.k	23	67	67	rule	operational-rule		False	False	False	False	False	False	False	False	False	False	False	False	4c04437e6e7b39f56390f272c86e090b12fbc5d58a541b9efb0d5a29115ae04a	  rule <k> V:Val ~> #mathCeil => ceilF(V) ... </k>	SUPPLIED_FIXED_SEMANTICS_UNUSED	Byte-identical to the trusted supplied semantics and not reachable from the submitted body/entry claims. No candidate-local alteration or proof dependency; no narrower false-rule witness was found in this audit.	
reference-semantics/semantics/float.k	24	70	70	syntax	syntax-declaration		False	False	False	False	False	False	False	False	False	False	False	False	305bdd900c1c6beadfefab042b92b0b53f29a1220f7b1e6509046bdff0572158	"  syntax KItem ::= ""#mathFloor"""	SUPPLIED_FIXED_SEMANTICS_UNUSED	Byte-identical to the trusted supplied semantics and not reachable from the submitted body/entry claims. No candidate-local alteration or proof dependency; no narrower false-rule witness was found in this audit.	
reference-semantics/semantics/float.k	25	71	71	rule	operational-rule	priority(40)	False	False	False	False	False	True	False	False	False	False	False	False	ae6d4c7bc75843dc9ef5bcf257a03c7cff11524a4a717ff1da272ce80e5e3276	"  rule <k> Call(Attribute(Name(""math""), ""floor""), (E:Expr, .Exprs)) => E ~> #mathFloor ... </k> [priority(40)]"	SUPPLIED_FIXED_SEMANTICS_UNUSED	Byte-identical to the trusted supplied semantics and not reachable from the submitted body/entry claims. No candidate-local alteration or proof dependency; no narrower false-rule witness was found in this audit.	
reference-semantics/semantics/float.k	26	72	72	rule	operational-rule		False	False	False	False	False	False	False	False	False	False	False	False	14c247876b4ffd782900db5f86e57f651cf931cfab10f86bd0401e06167fe196	  rule <k> V:Val ~> #mathFloor => floorFI(V) ... </k>	SUPPLIED_FIXED_SEMANTICS_UNUSED	Byte-identical to the trusted supplied semantics and not reachable from the submitted body/entry claims. No candidate-local alteration or proof dependency; no narrower false-rule witness was found in this audit.	
reference-semantics/semantics/float.k	27	73	73	syntax	syntax-declaration	function, total, symbol(floorFI)	True	False	True	True	False	False	False	False	False	False	False	False	aba47a4533d241d6cf7cf8dc7270058e19fc0b8ccbdbc2b076c76972b2deab7a	  syntax Int ::= floorFI(Val) [function, total, symbol(floorFI)]	SUPPLIED_FIXED_SEMANTICS_UNUSED	Byte-identical to the trusted supplied semantics and not reachable from the submitted body/entry claims. No candidate-local alteration or proof dependency; no narrower false-rule witness was found in this audit.	
reference-semantics/semantics/float.k	28	74	74	rule	equational-rule	concrete	False	False	False	False	False	False	False	True	False	False	False	False	95777596b4338af60da4f463e6d69fa781dd6f1b53cfcbcd45d93755b614b3f3	  rule floorFI(I:Int)   => I                        [concrete]	SUPPLIED_FIXED_SEMANTICS_UNUSED	Byte-identical to the trusted supplied semantics and not reachable from the submitted body/entry claims. No candidate-local alteration or proof dependency; no narrower false-rule witness was found in this audit.	
reference-semantics/semantics/float.k	29	75	75	rule	equational-rule	concrete	False	False	False	False	False	False	False	True	False	False	False	False	7445cbab8052aad2ecdc5529f8d6585ebfdcdbe17a1be701570234c7c838eb2f	  rule floorFI(F:Float) => Float2Int(floorFloat(F)) [concrete]	SUPPLIED_FIXED_SEMANTICS_UNUSED	Byte-identical to the trusted supplied semantics and not reachable from the submitted body/entry claims. No candidate-local alteration or proof dependency; no narrower false-rule witness was found in this audit.	
reference-semantics/semantics/float.k	30	78	78	rule	equational-rule		False	False	False	False	False	False	False	False	False	False	False	False	48225dfd145376a3c9da62c84eb922b068e485dde1521d057ad11b1883934510	"  rule applyBuiltin(""floor"", V:Val, .Vals) => floorFI(V)"	SUPPLIED_FIXED_SEMANTICS_UNUSED	Byte-identical to the trusted supplied semantics and not reachable from the submitted body/entry claims. No candidate-local alteration or proof dependency; no narrower false-rule witness was found in this audit.	
reference-semantics/semantics/float.k	31	79	79	rule	equational-rule		False	False	False	False	False	False	False	False	False	False	False	False	edf53073e6f6591181837d74ecca2daa2802c044aab22125f426453647ee64eb	"  rule applyBuiltin(""ceil"",  V:Val, .Vals) => ceilF(V)"	SUPPLIED_FIXED_SEMANTICS_UNUSED	Byte-identical to the trusted supplied semantics and not reachable from the submitted body/entry claims. No candidate-local alteration or proof dependency; no narrower false-rule witness was found in this audit.	
reference-semantics/semantics/float.k	32	82	82	syntax	syntax-declaration		False	False	False	False	False	False	False	False	False	False	False	False	fab8854327d1838d08e370ee6dd5ab75429c8dba684ea2844602664c0a99ad82	  syntax KItem ::= #mathPow1(Expr) | #mathPow2(Val)	SUPPLIED_FIXED_SEMANTICS_UNUSED	Byte-identical to the trusted supplied semantics and not reachable from the submitted body/entry claims. No candidate-local alteration or proof dependency; no narrower false-rule witness was found in this audit.	
reference-semantics/semantics/float.k	33	83	83	rule	operational-rule	priority(40)	False	False	False	False	False	True	False	False	False	False	False	False	3a098dca10da481abebf4e8e1cbb88f21945dfa8d44a2fa7d441a0c7c959a931	"  rule <k> Call(Attribute(Name(""math""), ""pow""), (E1:Expr, E2:Expr, .Exprs)) => E1 ~> #mathPow1(E2) ... </k> [priority(40)]"	SUPPLIED_FIXED_SEMANTICS_UNUSED	Byte-identical to the trusted supplied semantics and not reachable from the submitted body/entry claims. No candidate-local alteration or proof dependency; no narrower false-rule witness was found in this audit.	
reference-semantics/semantics/float.k	34	84	84	rule	operational-rule		False	False	False	False	False	False	False	False	False	False	False	False	739503d53466db00abcb75669f3349c9ac938e160b66e9f8f7226979772246ec	  rule <k> V1:Val ~> #mathPow1(E2:Expr) => E2 ~> #mathPow2(V1) ... </k>	SUPPLIED_FIXED_SEMANTICS_UNUSED	Byte-identical to the trusted supplied semantics and not reachable from the submitted body/entry claims. No candidate-local alteration or proof dependency; no narrower false-rule witness was found in this audit.	
reference-semantics/semantics/float.k	35	85	85	rule	operational-rule		False	False	False	False	False	False	False	False	False	False	False	False	deeddbefa9ec48b910442bd44ed5faeac307f0341374e812abafd9984608c5ce	  rule <k> V2:Val ~> #mathPow2(V1:Val) => powF(toF(V1), toF(V2)) ... </k>	SUPPLIED_FIXED_SEMANTICS_UNUSED	Byte-identical to the trusted supplied semantics and not reachable from the submitted body/entry claims. No candidate-local alteration or proof dependency; no narrower false-rule witness was found in this audit.	
reference-semantics/semantics/float.k	36	86	86	syntax	syntax-declaration	function, total, symbol(toF)	True	False	True	True	False	False	False	False	False	False	False	False	3c81edb43afda0e37081baed235051c11e02878bcc3b291d62786d84bc65a597	  syntax Float ::= toF(Val) [function, total, symbol(toF)]	SUPPLIED_FIXED_SEMANTICS_UNUSED	Byte-identical to the trusted supplied semantics and not reachable from the submitted body/entry claims. No candidate-local alteration or proof dependency; no narrower false-rule witness was found in this audit.	
reference-semantics/semantics/float.k	37	87	87	rule	equational-rule	concrete	False	False	False	False	False	False	False	True	False	False	False	False	e01ea435e618bd1a77bcdac9ae8f2e574aec37b4bc37c286d6a0939095dea7a3	  rule toF(F:Float) => F        [concrete]	SUPPLIED_FIXED_SEMANTICS_UNUSED	Byte-identical to the trusted supplied semantics and not reachable from the submitted body/entry claims. No candidate-local alteration or proof dependency; no narrower false-rule witness was found in this audit.	
reference-semantics/semantics/float.k	38	88	88	rule	equational-rule	concrete	False	False	False	False	False	False	False	True	False	False	False	False	db2eff14111ae7cdf750788df168fdb7fcf153c99b6473d7d509b42ebb5b5c60	  rule toF(I:Int)   => intToF(I) [concrete]	SUPPLIED_FIXED_SEMANTICS_UNUSED	Byte-identical to the trusted supplied semantics and not reachable from the submitted body/entry claims. No candidate-local alteration or proof dependency; no narrower false-rule witness was found in this audit.	
reference-semantics/semantics/float.k	39	93	93	syntax	syntax-declaration	function, total, symbol(ceilF)	True	False	True	True	False	False	False	False	False	False	False	False	6b30a5032926b4800f1921d7b7bf9fcf5bc746f7a7d6d92278f9446c3fa4d0f5	  syntax Int ::= ceilF(Val) [function, total, symbol(ceilF)]	SUPPLIED_FIXED_SEMANTICS_UNUSED	Byte-identical to the trusted supplied semantics and not reachable from the submitted body/entry claims. No candidate-local alteration or proof dependency; no narrower false-rule witness was found in this audit.	
reference-semantics/semantics/float.k	40	94	94	rule	equational-rule	concrete	False	False	False	False	False	False	False	True	False	False	False	False	a9ef0e9002ba5376d509680cab61b83e4006532004db5f8a8be59ba53be2a674	  rule ceilF(I:Int)   => I                       [concrete]	SUPPLIED_FIXED_SEMANTICS_UNUSED	Byte-identical to the trusted supplied semantics and not reachable from the submitted body/entry claims. No candidate-local alteration or proof dependency; no narrower false-rule witness was found in this audit.	
reference-semantics/semantics/float.k	41	95	95	rule	equational-rule	concrete	False	False	False	False	False	False	False	True	False	False	False	False	32fad4c9ee20f69dfbb14b5da44e934a5cb45ea937904e8d30addda07fc2f6e7	  rule ceilF(F:Float) => Float2Int(ceilFloat(F)) [concrete]	SUPPLIED_FIXED_SEMANTICS_UNUSED	Byte-identical to the trusted supplied semantics and not reachable from the submitted body/entry claims. No candidate-local alteration or proof dependency; no narrower false-rule witness was found in this audit.	
reference-semantics/semantics/float.k	42	99	99	rule	equational-rule		False	False	False	False	False	False	False	False	False	False	False	False	ff13e3906194f5205093c927ffd28289616f862d1e8ef5b075573574b20bf7d2	"  rule applyUn(""-"", F:Float) => 0.0 -Float F"	SUPPLIED_FIXED_SEMANTICS_UNUSED	Byte-identical to the trusted supplied semantics and not reachable from the submitted body/entry claims. No candidate-local alteration or proof dependency; no narrower false-rule witness was found in this audit.	
reference-semantics/semantics/float.k	43	103	103	syntax	syntax-declaration	function, total, symbol(subF), no-evaluators	True	False	True	True	True	False	False	False	False	False	False	False	dc88746a9f1809d8b93dcd4aa5c657dcbbc9abd46c20b6a89b96c232832a1b45	  syntax Float ::= subF(Float, Float) [function, total, symbol(subF), no-evaluators]	SUPPLIED_FIXED_SEMANTICS_UNUSED	Byte-identical to the trusted supplied semantics and not reachable from the submitted body/entry claims. No candidate-local alteration or proof dependency; no narrower false-rule witness was found in this audit.	
reference-semantics/semantics/float.k	44	104	104	rule	equational-rule	concrete	False	False	False	False	False	False	False	True	False	False	False	False	42f6754894c0411727c42a807a2ab46cb6418b91c7651f01c4504836e4afa8ad	  rule subF(F1:Float, F2:Float) => F1 -Float F2 [concrete]	SUPPLIED_FIXED_SEMANTICS_UNUSED	Byte-identical to the trusted supplied semantics and not reachable from the submitted body/entry claims. No candidate-local alteration or proof dependency; no narrower false-rule witness was found in this audit.	
reference-semantics/semantics/float.k	45	105	105	rule	equational-rule		False	False	False	False	False	False	False	False	False	False	False	False	cfb62d53591f296eef200a3293604f619e904970489ffe3a9a10b2269232c6e8	"  rule applyBin(""-"", F1:Float, F2:Float) => subF(F1, F2)"	SUPPLIED_FIXED_SEMANTICS_UNUSED	Byte-identical to the trusted supplied semantics and not reachable from the submitted body/entry claims. No candidate-local alteration or proof dependency; no narrower false-rule witness was found in this audit.	
reference-semantics/semantics/float.k	46	107	107	syntax	syntax-declaration	function, total, symbol(divF), no-evaluators	True	False	True	True	True	False	False	False	False	False	False	False	6fe9418b38a15e239d3980d6874b30485a0b6d2f8fdf620fe1a8bdbfc4e78a5b	  syntax Float ::= divF(Float, Float) [function, total, symbol(divF), no-evaluators]	SUPPLIED_FIXED_SEMANTICS_UNUSED	Byte-identical to the trusted supplied semantics and not reachable from the submitted body/entry claims. No candidate-local alteration or proof dependency; no narrower false-rule witness was found in this audit.	
reference-semantics/semantics/float.k	47	108	108	rule	equational-rule	concrete	False	False	False	False	False	False	False	True	False	False	False	False	272db811480a1576ed2298bf66f32cd82f2438792ba4025d6665c93fe8242ab7	  rule divF(F1:Float, F2:Float) => F1 /Float F2 [concrete]	SUPPLIED_FIXED_SEMANTICS_UNUSED	Byte-identical to the trusted supplied semantics and not reachable from the submitted body/entry claims. No candidate-local alteration or proof dependency; no narrower false-rule witness was found in this audit.	
reference-semantics/semantics/float.k	48	109	109	rule	equational-rule		False	False	False	False	False	False	False	False	False	False	False	False	646b16a623a8fd7f6f9f0001ca1a78f30ebecc52416b592177da8f7e574a7de9	"  rule applyBin(""/"", F1:Float, F2:Float) => divF(F1, F2)"	SUPPLIED_FIXED_SEMANTICS_UNUSED	Byte-identical to the trusted supplied semantics and not reachable from the submitted body/entry claims. No candidate-local alteration or proof dependency; no narrower false-rule witness was found in this audit.	
reference-semantics/semantics/float.k	49	111	111	syntax	syntax-declaration	function, total, symbol(addF), no-evaluators	True	False	True	True	True	False	False	False	False	False	False	False	d0fca756d19d877b5b2d0da8f09bc607da5e1ba11b9cc419e6ea477b4fda3212	  syntax Float ::= addF(Float, Float) [function, total, symbol(addF), no-evaluators]	SUPPLIED_FIXED_SEMANTICS_UNUSED	Byte-identical to the trusted supplied semantics and not reachable from the submitted body/entry claims. No candidate-local alteration or proof dependency; no narrower false-rule witness was found in this audit.	
reference-semantics/semantics/float.k	50	112	112	rule	equational-rule	concrete	False	False	False	False	False	False	False	True	False	False	False	False	e1fe330d15a203602ef3b2657e7a2c26d17f85b0225b0acb5635683125e5e0c2	  rule addF(F1:Float, F2:Float) => F1 +Float F2 [concrete]	SUPPLIED_FIXED_SEMANTICS_UNUSED	Byte-identical to the trusted supplied semantics and not reachable from the submitted body/entry claims. No candidate-local alteration or proof dependency; no narrower false-rule witness was found in this audit.	
reference-semantics/semantics/float.k	51	113	113	rule	equational-rule		False	False	False	False	False	False	False	False	False	False	False	False	351995152dff64926b1fe8c09a7c5121b6185b446fe869088aa93371ec92efce	"  rule applyBin(""+"", F1:Float, F2:Float) => addF(F1, F2)"	SUPPLIED_FIXED_SEMANTICS_UNUSED	Byte-identical to the trusted supplied semantics and not reachable from the submitted body/entry claims. No candidate-local alteration or proof dependency; no narrower false-rule witness was found in this audit.	
reference-semantics/semantics/float.k	52	115	115	syntax	syntax-declaration	function, total, symbol(mulF), no-evaluators	True	False	True	True	True	False	False	False	False	False	False	False	9de2d7372c8c062145c1eeae9a28455c7b3554ed8898c80edb4f82dee1fdc377	  syntax Float ::= mulF(Float, Float) [function, total, symbol(mulF), no-evaluators]	SUPPLIED_FIXED_SEMANTICS_UNUSED	Byte-identical to the trusted supplied semantics and not reachable from the submitted body/entry claims. No candidate-local alteration or proof dependency; no narrower false-rule witness was found in this audit.	
reference-semantics/semantics/float.k	53	116	116	rule	equational-rule	concrete	False	False	False	False	False	False	False	True	False	False	False	False	8add9349214af7529dbcad235763a393e8fcc38bb32f28ce88636b4d206cff92	  rule mulF(F1:Float, F2:Float) => F1 *Float F2 [concrete]	SUPPLIED_FIXED_SEMANTICS_UNUSED	Byte-identical to the trusted supplied semantics and not reachable from the submitted body/entry claims. No candidate-local alteration or proof dependency; no narrower false-rule witness was found in this audit.	
reference-semantics/semantics/float.k	54	117	117	rule	equational-rule		False	False	False	False	False	False	False	False	False	False	False	False	072755d52c96da904308141df45163b5df76f3ef8e47e006f0ddcaf6d02f13db	"  rule applyBin(""*"", F1:Float, F2:Float) => mulF(F1, F2)"	SUPPLIED_FIXED_SEMANTICS_UNUSED	Byte-identical to the trusted supplied semantics and not reachable from the submitted body/entry claims. No candidate-local alteration or proof dependency; no narrower false-rule witness was found in this audit.	
reference-semantics/semantics/float.k	55	119	119	syntax	syntax-declaration	function, total, symbol(powF), no-evaluators	True	False	True	True	True	False	False	False	False	False	False	False	8d1e2f7403ca7c797cb14e8a17c2f354e52e5b2aef41a27feada02377f0ccd0d	  syntax Float ::= powF(Float, Float) [function, total, symbol(powF), no-evaluators]	SUPPLIED_FIXED_SEMANTICS_UNUSED	Byte-identical to the trusted supplied semantics and not reachable from the submitted body/entry claims. No candidate-local alteration or proof dependency; no narrower false-rule witness was found in this audit.	
reference-semantics/semantics/float.k	56	120	120	rule	equational-rule	concrete	False	False	False	False	False	False	False	True	False	False	False	False	c762e54dde4ce365b835684c91c58b73f9ac91143fd07fc2460441836a6f4779	  rule powF(F1:Float, F2:Float) => F1 ^Float F2 [concrete]	SUPPLIED_FIXED_SEMANTICS_UNUSED	Byte-identical to the trusted supplied semantics and not reachable from the submitted body/entry claims. No candidate-local alteration or proof dependency; no narrower false-rule witness was found in this audit.	
reference-semantics/semantics/float.k	57	121	121	rule	equational-rule		False	False	False	False	False	False	False	False	False	False	False	False	c8306c1cabb8d7e3c3fb8b4a6bf7b64af1d0916857452eb359ce6efd446b8ff7	"  rule applyBin(""**"", F1:Float, F2:Float) => powF(F1, F2)"	SUPPLIED_FIXED_SEMANTICS_UNUSED	Byte-identical to the trusted supplied semantics and not reachable from the submitted body/entry claims. No candidate-local alteration or proof dependency; no narrower false-rule witness was found in this audit.	
reference-semantics/semantics/float.k	58	125	125	syntax	syntax-declaration	function, total, symbol(gtF), no-evaluators	True	False	True	True	True	False	False	False	False	False	False	False	ae4fe76a64e4611a535240297605f21ee6c25bd9536c744019ca14250fd6b454	  syntax Bool ::= gtF(Float, Float) [function, total, symbol(gtF), no-evaluators]	SUPPLIED_FIXED_SEMANTICS_USED	Byte-identical to the trusted supplied semantics. This declaration/rule is on the submitted body's path; its evaluation/control/state role was checked against the program construct. Float no-evaluator symbols remain explicit fixed-semantics trust boundaries.	
reference-semantics/semantics/float.k	59	126	126	rule	equational-rule	concrete	False	False	False	False	False	False	False	True	False	False	False	False	745ceaf40bf3635d64037d8a777c9f8d4764c07159a88da79444a608b18a63d9	  rule gtF(F1:Float, F2:Float) => F1 >Float F2 [concrete]	SUPPLIED_FIXED_SEMANTICS_USED	Byte-identical to the trusted supplied semantics. This declaration/rule is on the submitted body's path; its evaluation/control/state role was checked against the program construct. Float no-evaluator symbols remain explicit fixed-semantics trust boundaries.	
reference-semantics/semantics/float.k	60	127	127	rule	equational-rule		False	False	False	False	False	False	False	False	False	False	False	False	836d4936a597a79c08b4c689bf1f6b6c22b90000d76188fb6dda3f2ceda61748	"  rule applyCmp("">"",  F1:Float, F2:Float) => gtF(F1, F2)"	SUPPLIED_FIXED_SEMANTICS_USED	Byte-identical to the trusted supplied semantics. This declaration/rule is on the submitted body's path; its evaluation/control/state role was checked against the program construct. Float no-evaluator symbols remain explicit fixed-semantics trust boundaries.	
reference-semantics/semantics/float.k	61	128	128	rule	equational-rule		False	False	False	False	False	False	False	False	False	False	False	False	3f2a03170516e797692512498b8099058daa75eff83f2218eac6cb310ceaafa0	"  rule applyCmp("">="", F1:Float, F2:Float) => notBool floatLt(F1, F2)"	SUPPLIED_FIXED_SEMANTICS_USED	Byte-identical to the trusted supplied semantics. This declaration/rule is on the submitted body's path; its evaluation/control/state role was checked against the program construct. Float no-evaluator symbols remain explicit fixed-semantics trust boundaries.	
reference-semantics/semantics/float.k	62	129	129	rule	equational-rule		False	False	False	False	False	False	False	False	False	False	False	False	6bf1d47633832985334fa3ee019ce7bbae33bc9f647e1fbfc29470ccb84121c3	"  rule applyCmp(""<="", F1:Float, F2:Float) => notBool gtF(F1, F2)"	SUPPLIED_FIXED_SEMANTICS_USED	Byte-identical to the trusted supplied semantics. This declaration/rule is on the submitted body's path; its evaluation/control/state role was checked against the program construct. Float no-evaluator symbols remain explicit fixed-semantics trust boundaries.	
reference-semantics/semantics/float.k	63	132	132	rule	equational-rule		False	False	False	False	False	False	False	False	False	False	False	False	7a1597c4b43c1240da8079b2f4ce8850de66d208c1b8d9723290e3d1ae4ab761	"  rule applyBin(""**"", I:Int, F:Float) => powF(intToF(I), F)"	SUPPLIED_FIXED_SEMANTICS_USED	Byte-identical to the trusted supplied semantics. This declaration/rule is on the submitted body's path; its evaluation/control/state role was checked against the program construct. Float no-evaluator symbols remain explicit fixed-semantics trust boundaries.	
reference-semantics/semantics/float.k	64	133	133	rule	equational-rule		False	False	False	False	False	False	False	False	False	False	False	False	54fd69a68565da3ff6a8d2a26bfc2e499789d37fecf2f99b27883946de74d5a1	"  rule applyBin(""**"", F:Float, I:Int) => powF(F, intToF(I))"	SUPPLIED_FIXED_SEMANTICS_USED	Byte-identical to the trusted supplied semantics. This declaration/rule is on the submitted body's path; its evaluation/control/state role was checked against the program construct. Float no-evaluator symbols remain explicit fixed-semantics trust boundaries.	
reference-semantics/semantics/float.k	65	134	134	rule	equational-rule		False	False	False	False	False	False	False	False	False	False	False	False	9c037fd681ccd14fb3b80df3251f06d9c930dfc8f596c97a10b0c4e679df7e13	"  rule applyBin(""-"",  I:Int, F:Float) => subF(intToF(I), F)"	SUPPLIED_FIXED_SEMANTICS_USED	Byte-identical to the trusted supplied semantics. This declaration/rule is on the submitted body's path; its evaluation/control/state role was checked against the program construct. Float no-evaluator symbols remain explicit fixed-semantics trust boundaries.	
reference-semantics/semantics/float.k	66	135	135	rule	equational-rule		False	False	False	False	False	False	False	False	False	False	False	False	19245c188272a4427e3e68d17174b119fd4cd84aa9de7b91159c0db6fb8a1ee3	"  rule applyBin(""-"",  F:Float, I:Int) => subF(F, intToF(I))"	SUPPLIED_FIXED_SEMANTICS_USED	Byte-identical to the trusted supplied semantics. This declaration/rule is on the submitted body's path; its evaluation/control/state role was checked against the program construct. Float no-evaluator symbols remain explicit fixed-semantics trust boundaries.	
reference-semantics/semantics/float.k	67	136	136	rule	equational-rule		False	False	False	False	False	False	False	False	False	False	False	False	6c3e3d0224da6e57b1b958a320e40fea66009cc655571a7acfc717e54b823cdb	"  rule applyBin(""+"",  I:Int, F:Float) => addF(intToF(I), F)"	SUPPLIED_FIXED_SEMANTICS_USED	Byte-identical to the trusted supplied semantics. This declaration/rule is on the submitted body's path; its evaluation/control/state role was checked against the program construct. Float no-evaluator symbols remain explicit fixed-semantics trust boundaries.	
reference-semantics/semantics/float.k	68	137	137	rule	equational-rule		False	False	False	False	False	False	False	False	False	False	False	False	52f81ee5ba6cfe7d4a525ec8416f4c5c7b50ff436d81cc4abed36c7ae8fbd780	"  rule applyBin(""+"",  F:Float, I:Int) => addF(F, intToF(I))"	SUPPLIED_FIXED_SEMANTICS_USED	Byte-identical to the trusted supplied semantics. This declaration/rule is on the submitted body's path; its evaluation/control/state role was checked against the program construct. Float no-evaluator symbols remain explicit fixed-semantics trust boundaries.	
reference-semantics/semantics/float.k	69	138	138	rule	equational-rule		False	False	False	False	False	False	False	False	False	False	False	False	8e534e45436f57d59b06cd804a46f1ab9dab05f8902dc67334936bf0678b38a4	"  rule applyBin(""*"",  I:Int, F:Float) => mulF(intToF(I), F)"	SUPPLIED_FIXED_SEMANTICS_USED	Byte-identical to the trusted supplied semantics. This declaration/rule is on the submitted body's path; its evaluation/control/state role was checked against the program construct. Float no-evaluator symbols remain explicit fixed-semantics trust boundaries.	
reference-semantics/semantics/float.k	70	139	139	rule	equational-rule		False	False	False	False	False	False	False	False	False	False	False	False	12e743ea1e8bdd40dccfba6c5a58aa95065ed32061d4dd2364855eeed966f944	"  rule applyBin(""*"",  F:Float, I:Int) => mulF(F, intToF(I))"	SUPPLIED_FIXED_SEMANTICS_USED	Byte-identical to the trusted supplied semantics. This declaration/rule is on the submitted body's path; its evaluation/control/state role was checked against the program construct. Float no-evaluator symbols remain explicit fixed-semantics trust boundaries.	
reference-semantics/semantics/float.k	71	142	142	syntax	syntax-declaration	function, total, symbol(eqF), no-evaluators	True	False	True	True	True	False	False	False	False	False	False	False	390bf4da3376e4c2d9aaaee64bca0bd5fd166770459784dc5c28d9ec8769d1db	  syntax Bool ::= eqF(Float, Float) [function, total, symbol(eqF), no-evaluators]	SUPPLIED_FIXED_SEMANTICS_USED	Byte-identical to the trusted supplied semantics. This declaration/rule is on the submitted body's path; its evaluation/control/state role was checked against the program construct. Float no-evaluator symbols remain explicit fixed-semantics trust boundaries.	
reference-semantics/semantics/float.k	72	143	143	rule	equational-rule	concrete	False	False	False	False	False	False	False	True	False	False	False	False	0a0f9d3d6f863adb77f8754e0f37dd802c01a8966980a7441782b5a43bbef10c	  rule eqF(F1:Float, F2:Float) => F1 ==Float F2 [concrete]	SUPPLIED_FIXED_SEMANTICS_USED	Byte-identical to the trusted supplied semantics. This declaration/rule is on the submitted body's path; its evaluation/control/state role was checked against the program construct. Float no-evaluator symbols remain explicit fixed-semantics trust boundaries.	
reference-semantics/semantics/float.k	73	144	144	rule	equational-rule		False	False	False	False	False	False	False	False	False	False	False	False	63d69e7f455e0fcab5f1b7a92ae855746c805af8bd0a4e225b539c8e64818e68	"  rule applyCmp(""=="", I:Int, F:Float) => eqF(intToF(I), F)"	SUPPLIED_FIXED_SEMANTICS_USED	Byte-identical to the trusted supplied semantics. This declaration/rule is on the submitted body's path; its evaluation/control/state role was checked against the program construct. Float no-evaluator symbols remain explicit fixed-semantics trust boundaries.	
reference-semantics/semantics/float.k	74	145	145	rule	equational-rule		False	False	False	False	False	False	False	False	False	False	False	False	728e4f922c621e2917692dc4cf0d2f7a94fe9b2b471c8ab9a937f2aee54c0db8	"  rule applyCmp(""=="", F:Float, I:Int) => eqF(F, intToF(I))"	SUPPLIED_FIXED_SEMANTICS_USED	Byte-identical to the trusted supplied semantics. This declaration/rule is on the submitted body's path; its evaluation/control/state role was checked against the program construct. Float no-evaluator symbols remain explicit fixed-semantics trust boundaries.	
reference-semantics/semantics/float.k	75	146	146	rule	equational-rule		False	False	False	False	False	False	False	False	False	False	False	False	4641e8aa684c0b76716e966a62c8ec1a0b903dea0e755ee3b02c5316df2e5289	"  rule applyCmp(""!="", I:Int, F:Float) => notBool eqF(intToF(I), F)"	SUPPLIED_FIXED_SEMANTICS_USED	Byte-identical to the trusted supplied semantics. This declaration/rule is on the submitted body's path; its evaluation/control/state role was checked against the program construct. Float no-evaluator symbols remain explicit fixed-semantics trust boundaries.	
reference-semantics/semantics/float.k	76	147	147	rule	equational-rule		False	False	False	False	False	False	False	False	False	False	False	False	694144acc35a41072e4cd35c865ecbc6370331c63dad5c7450229ce871bd5761	"  rule applyCmp(""!="", F:Float, I:Int) => notBool eqF(F, intToF(I))"	SUPPLIED_FIXED_SEMANTICS_USED	Byte-identical to the trusted supplied semantics. This declaration/rule is on the submitted body's path; its evaluation/control/state role was checked against the program construct. Float no-evaluator symbols remain explicit fixed-semantics trust boundaries.	
reference-semantics/semantics/float.k	77	148	148	rule	equational-rule		False	False	False	False	False	False	False	False	False	False	False	False	cb7094cd27d4d98f61aa1406cfbb38ae6828768b69075ebc8555660b2403aa20	"  rule applyCmp(""<"",  I:Int, F:Float) => floatLt(intToF(I), F)"	SUPPLIED_FIXED_SEMANTICS_USED	Byte-identical to the trusted supplied semantics. This declaration/rule is on the submitted body's path; its evaluation/control/state role was checked against the program construct. Float no-evaluator symbols remain explicit fixed-semantics trust boundaries.	
reference-semantics/semantics/float.k	78	149	149	rule	equational-rule		False	False	False	False	False	False	False	False	False	False	False	False	2df2b1f2020470ebede7a1532693267e0433dc318c088ba3f365f82cc9c14abf	"  rule applyCmp(""<"",  F:Float, I:Int) => floatLt(F, intToF(I))"	SUPPLIED_FIXED_SEMANTICS_USED	Byte-identical to the trusted supplied semantics. This declaration/rule is on the submitted body's path; its evaluation/control/state role was checked against the program construct. Float no-evaluator symbols remain explicit fixed-semantics trust boundaries.	
reference-semantics/semantics/float.k	79	150	150	rule	equational-rule		False	False	False	False	False	False	False	False	False	False	False	False	daef15b67baf7fd322ad55db6216a1df05f63fea44fe9cbf612a57c6da4cdd51	"  rule applyCmp("">"",  I:Int, F:Float) => gtF(intToF(I), F)"	SUPPLIED_FIXED_SEMANTICS_USED	Byte-identical to the trusted supplied semantics. This declaration/rule is on the submitted body's path; its evaluation/control/state role was checked against the program construct. Float no-evaluator symbols remain explicit fixed-semantics trust boundaries.	
reference-semantics/semantics/float.k	80	151	151	rule	equational-rule		False	False	False	False	False	False	False	False	False	False	False	False	fcd733e458c448081edbad8430a626fb94a97be2828ce7606015fb4ace150b58	"  rule applyCmp("">"",  F:Float, I:Int) => gtF(F, intToF(I))"	SUPPLIED_FIXED_SEMANTICS_USED	Byte-identical to the trusted supplied semantics. This declaration/rule is on the submitted body's path; its evaluation/control/state role was checked against the program construct. Float no-evaluator symbols remain explicit fixed-semantics trust boundaries.	
reference-semantics/semantics/float.k	81	154	154	rule	equational-rule		False	False	False	False	False	False	False	False	False	False	False	False	62047b0740412d52c3e02a1c62a94b86d9489b26b1acc4ab885409da4d321d81	"  rule applyCmp(""=="", V:Val, noneV) => V ==K noneV"	SUPPLIED_FIXED_SEMANTICS_USED	Byte-identical to the trusted supplied semantics. This declaration/rule is on the submitted body's path; its evaluation/control/state role was checked against the program construct. Float no-evaluator symbols remain explicit fixed-semantics trust boundaries.	
reference-semantics/semantics/float.k	82	155	155	rule	equational-rule		False	False	False	False	False	False	False	False	False	False	False	False	0e6f7fd994e66a2773d6e686d477a7e4c6761b1eeb4c52bdf95ff6b0d4272483	"  rule applyCmp(""!="", V:Val, noneV) => notBool (V ==K noneV)"	SUPPLIED_FIXED_SEMANTICS_USED	Byte-identical to the trusted supplied semantics. This declaration/rule is on the submitted body's path; its evaluation/control/state role was checked against the program construct. Float no-evaluator symbols remain explicit fixed-semantics trust boundaries.	
reference-semantics/semantics/float.k	83	160	160	syntax	syntax-declaration	function, total, symbol(decStrToF), no-evaluators	True	False	True	True	True	False	False	False	False	False	False	False	c9dff8ced56d3a8c53c78b30207e1ea88fdaa1631a0d905c907d654b8bfca8a2	  syntax Float ::= decStrToF(IntSeq) [function, total, symbol(decStrToF), no-evaluators]	SUPPLIED_FIXED_SEMANTICS_USED	Byte-identical to the trusted supplied semantics. This declaration/rule is on the submitted body's path; its evaluation/control/state role was checked against the program construct. Float no-evaluator symbols remain explicit fixed-semantics trust boundaries.	
reference-semantics/semantics/float.k	84	161	161	rule	equational-rule	concrete	False	False	False	False	False	False	False	True	False	False	False	False	ad147e3a2e7f7add6bc45d98a7059707118fff551b65a2ac095e2ab890a05265	  rule decStrToF(iCons(45, CS:IntSeq)) => 0.0 -Float decStrToF(CS) [concrete]	SUPPLIED_FIXED_SEMANTICS_USED	Byte-identical to the trusted supplied semantics. This declaration/rule is on the submitted body's path; its evaluation/control/state role was checked against the program construct. Float no-evaluator symbols remain explicit fixed-semantics trust boundaries.	
reference-semantics/semantics/float.k	85	162	164	rule	equational-rule	concrete	False	False	False	False	False	False	False	True	False	False	False	False	7eac8d3a6db95b131e972082bfd4fb1c79aa1403f52ec18084fb829529c077e6	  rule decStrToF(CS:IntSeq)\n    => intToF(intPart(CS)) +Float (intToF(fracPart(CS)) /Float intToF(fracScale(CS)))\n       requires isLen(CS) >Int 0 andBool headIS(CS) =/=Int 45 [concrete]	SUPPLIED_FIXED_SEMANTICS_USED	Byte-identical to the trusted supplied semantics. This declaration/rule is on the submitted body's path; its evaluation/control/state role was checked against the program construct. Float no-evaluator symbols remain explicit fixed-semantics trust boundaries.	
reference-semantics/semantics/float.k	86	165	165	syntax	syntax-declaration	function	True	False	False	False	False	False	False	False	False	False	False	False	a5af214e144d726ae857bb4e9b79fd26be844003c17f39fc323146dad0f6332e	  syntax Int ::= headIS(IntSeq) [function]	SUPPLIED_FIXED_SEMANTICS_UNUSED	Byte-identical to the trusted supplied semantics and not reachable from the submitted body/entry claims. No candidate-local alteration or proof dependency; no narrower false-rule witness was found in this audit.	
reference-semantics/semantics/float.k	87	166	166	rule	equational-rule		False	False	False	False	False	False	False	False	False	False	False	False	386437724c54392a11b7e79ff42c526692b96de990ec68c93e65871089657c52	  rule headIS(iCons(C:Int, _:IntSeq)) => C	SUPPLIED_FIXED_SEMANTICS_UNUSED	Byte-identical to the trusted supplied semantics and not reachable from the submitted body/entry claims. No candidate-local alteration or proof dependency; no narrower false-rule witness was found in this audit.	
reference-semantics/semantics/float.k	88	167	167	syntax	syntax-declaration	function, total,function, total	True	False	True	False	False	False	False	False	False	False	False	False	234c334ed81758a0470c790a2d12f79ee31ebda973cd1a95ac9671912ece2968	  syntax Int ::= intPart(IntSeq) [function, total] | intPartAcc(IntSeq, Int) [function, total]	SUPPLIED_FIXED_SEMANTICS_UNUSED	Byte-identical to the trusted supplied semantics and not reachable from the submitted body/entry claims. No candidate-local alteration or proof dependency; no narrower false-rule witness was found in this audit.	
reference-semantics/semantics/float.k	89	168	168	rule	equational-rule		False	False	False	False	False	False	False	False	False	False	False	False	7a6e93768912b866a7c7eed0734e133b8a1c169c66ac0d60015903123386ffe9	  rule intPart(CS:IntSeq) => intPartAcc(CS, 0)	SUPPLIED_FIXED_SEMANTICS_UNUSED	Byte-identical to the trusted supplied semantics and not reachable from the submitted body/entry claims. No candidate-local alteration or proof dependency; no narrower false-rule witness was found in this audit.	
reference-semantics/semantics/float.k	90	169	169	rule	equational-rule		False	False	False	False	False	False	False	False	False	False	False	False	929b61c5d2f2b61b821c24da762d53420ffb609ed79a29da604b8410358f5427	  rule intPartAcc(.IntSeq, A:Int) => A	SUPPLIED_FIXED_SEMANTICS_UNUSED	Byte-identical to the trusted supplied semantics and not reachable from the submitted body/entry claims. No candidate-local alteration or proof dependency; no narrower false-rule witness was found in this audit.	
reference-semantics/semantics/float.k	91	170	170	rule	equational-rule		False	False	False	False	False	False	False	False	False	False	False	False	59cc19c120fcc08786d2e0ba19749817c1f14279c7206f7f8bbc3a33af392aec	  rule intPartAcc(iCons(46, _:IntSeq), A:Int) => A	SUPPLIED_FIXED_SEMANTICS_UNUSED	Byte-identical to the trusted supplied semantics and not reachable from the submitted body/entry claims. No candidate-local alteration or proof dependency; no narrower false-rule witness was found in this audit.	
reference-semantics/semantics/float.k	92	171	172	rule	equational-rule		False	False	False	False	False	False	False	False	False	False	False	False	ac3c8cd4eb0b93ce79cb402aa504ef3aa340e5219f3b266b0a5b8ae2d96d46e6	  rule intPartAcc(iCons(C:Int, R:IntSeq), A:Int) => intPartAcc(R, A *Int 10 +Int (C -Int 48))\n       requires C =/=Int 46	SUPPLIED_FIXED_SEMANTICS_UNUSED	Byte-identical to the trusted supplied semantics and not reachable from the submitted body/entry claims. No candidate-local alteration or proof dependency; no narrower false-rule witness was found in this audit.	
reference-semantics/semantics/float.k	93	173	173	syntax	syntax-declaration	function, total,function, total	True	False	True	False	False	False	False	False	False	False	False	False	7814651334dc4e26207e7f102104a5d9df2079d39e129134d3d49185c5dabe32	  syntax Int ::= fracPart(IntSeq) [function, total] | fracAcc(IntSeq, Int) [function, total]	SUPPLIED_FIXED_SEMANTICS_UNUSED	Byte-identical to the trusted supplied semantics and not reachable from the submitted body/entry claims. No candidate-local alteration or proof dependency; no narrower false-rule witness was found in this audit.	
reference-semantics/semantics/float.k	94	174	174	rule	equational-rule		False	False	False	False	False	False	False	False	False	False	False	False	b697d9139b4876aea8e7aaca9803136c62fc0264589a385a08d14bd14718480f	  rule fracPart(.IntSeq) => 0	SUPPLIED_FIXED_SEMANTICS_UNUSED	Byte-identical to the trusted supplied semantics and not reachable from the submitted body/entry claims. No candidate-local alteration or proof dependency; no narrower false-rule witness was found in this audit.	
reference-semantics/semantics/float.k	95	175	175	rule	equational-rule		False	False	False	False	False	False	False	False	False	False	False	False	9bf43917999816ef012382e04e129ee239b7cf51f54f6361547d85b9ac8e66bf	  rule fracPart(iCons(46, R:IntSeq)) => fracAcc(R, 0)	SUPPLIED_FIXED_SEMANTICS_UNUSED	Byte-identical to the trusted supplied semantics and not reachable from the submitted body/entry claims. No candidate-local alteration or proof dependency; no narrower false-rule witness was found in this audit.	
reference-semantics/semantics/float.k	96	176	176	rule	equational-rule		False	False	False	False	False	False	False	False	False	False	False	False	c104ed80cf1f662fdbd32c213800f4b054ee1e9f97b4ba7062c8677ef882d0ed	  rule fracPart(iCons(C:Int, R:IntSeq)) => fracPart(R) requires C =/=Int 46	SUPPLIED_FIXED_SEMANTICS_UNUSED	Byte-identical to the trusted supplied semantics and not reachable from the submitted body/entry claims. No candidate-local alteration or proof dependency; no narrower false-rule witness was found in this audit.	
reference-semantics/semantics/float.k	97	177	177	rule	equational-rule		False	False	False	False	False	False	False	False	False	False	False	False	b1ab9ecfa9458f0975c1aefd0ef18c33b510de1b88abd3bc7b80e43fb16711b0	  rule fracAcc(.IntSeq, A:Int) => A	SUPPLIED_FIXED_SEMANTICS_UNUSED	Byte-identical to the trusted supplied semantics and not reachable from the submitted body/entry claims. No candidate-local alteration or proof dependency; no narrower false-rule witness was found in this audit.	
reference-semantics/semantics/float.k	98	178	178	rule	equational-rule		False	False	False	False	False	False	False	False	False	False	False	False	c42091e40bea29f314cdd799b23480d09d6ba9700744b13d870c73cde6c28795	  rule fracAcc(iCons(C:Int, R:IntSeq), A:Int) => fracAcc(R, A *Int 10 +Int (C -Int 48))	SUPPLIED_FIXED_SEMANTICS_UNUSED	Byte-identical to the trusted supplied semantics and not reachable from the submitted body/entry claims. No candidate-local alteration or proof dependency; no narrower false-rule witness was found in this audit.	
reference-semantics/semantics/float.k	99	179	179	syntax	syntax-declaration	function, total,function, total	True	False	True	False	False	False	False	False	False	False	False	False	fde2ff884763e855f1d33ce0ff5e6f0b70cd63fbebbcb3717a5ee46dd0033b33	  syntax Int ::= fracScale(IntSeq) [function, total] | fscAcc(IntSeq, Int) [function, total]	SUPPLIED_FIXED_SEMANTICS_UNUSED	Byte-identical to the trusted supplied semantics and not reachable from the submitted body/entry claims. No candidate-local alteration or proof dependency; no narrower false-rule witness was found in this audit.	
reference-semantics/semantics/float.k	100	180	180	rule	equational-rule		False	False	False	False	False	False	False	False	False	False	False	False	5cd743d93f6bb06840e97e33a8d441e7b621278e81f3ca55b027943ed20225c1	  rule fracScale(.IntSeq) => 1	SUPPLIED_FIXED_SEMANTICS_UNUSED	Byte-identical to the trusted supplied semantics and not reachable from the submitted body/entry claims. No candidate-local alteration or proof dependency; no narrower false-rule witness was found in this audit.	
reference-semantics/semantics/float.k	101	181	181	rule	equational-rule		False	False	False	False	False	False	False	False	False	False	False	False	ce8bac84226adc5fbc174dc78f665da53a9e238afcbf78ae97ecffa2d8aa3e8e	  rule fracScale(iCons(46, R:IntSeq)) => fscAcc(R, 1)	SUPPLIED_FIXED_SEMANTICS_UNUSED	Byte-identical to the trusted supplied semantics and not reachable from the submitted body/entry claims. No candidate-local alteration or proof dependency; no narrower false-rule witness was found in this audit.	
reference-semantics/semantics/float.k	102	182	182	rule	equational-rule		False	False	False	False	False	False	False	False	False	False	False	False	4ab9d26df7443befaa6a24d9caaa04285e22b8ae5ff6c4e39c9db5e0c5ccc5bd	  rule fracScale(iCons(C:Int, R:IntSeq)) => fracScale(R) requires C =/=Int 46	SUPPLIED_FIXED_SEMANTICS_UNUSED	Byte-identical to the trusted supplied semantics and not reachable from the submitted body/entry claims. No candidate-local alteration or proof dependency; no narrower false-rule witness was found in this audit.	
reference-semantics/semantics/float.k	103	183	183	rule	equational-rule		False	False	False	False	False	False	False	False	False	False	False	False	ac1379b0c0a5734074050f5c9eb81ffbfbfd6574dfe52a1a9a32d72214021ad4	  rule fscAcc(.IntSeq, A:Int) => A	SUPPLIED_FIXED_SEMANTICS_UNUSED	Byte-identical to the trusted supplied semantics and not reachable from the submitted body/entry claims. No candidate-local alteration or proof dependency; no narrower false-rule witness was found in this audit.	
reference-semantics/semantics/float.k	104	184	184	rule	equational-rule		False	False	False	False	False	False	False	False	False	False	False	False	2b509f6dc0e8bf6449de92dc8ca7bdddf4242a0d041eb003bc9ba23dce649049	  rule fscAcc(iCons(_:Int, R:IntSeq), A:Int) => fscAcc(R, A *Int 10)	SUPPLIED_FIXED_SEMANTICS_UNUSED	Byte-identical to the trusted supplied semantics and not reachable from the submitted body/entry claims. No candidate-local alteration or proof dependency; no narrower false-rule witness was found in this audit.	
reference-semantics/semantics/float.k	105	185	185	rule	equational-rule		False	False	False	False	False	False	False	False	False	False	False	False	ef4545ceb81b27b2ce97bcc0d3959a6cb4bd42bf7006c48f06ce40f04c6e1c77	"  rule applyBuiltin(""float"", str(CS:IntSeq), .Vals) => decStrToF(CS)"	SUPPLIED_FIXED_SEMANTICS_USED	Byte-identical to the trusted supplied semantics. This declaration/rule is on the submitted body's path; its evaluation/control/state role was checked against the program construct. Float no-evaluator symbols remain explicit fixed-semantics trust boundaries.	
reference-semantics/semantics/float.k	106	186	186	rule	equational-rule		False	False	False	False	False	False	False	False	False	False	False	False	54b22386c3ff1786eb7f0a89bde6b6c413ac201df204b7f598d7bc0a24eee887	"  rule applyBuiltin(""float"", I:Int, .Vals)          => intToF(I)"	SUPPLIED_FIXED_SEMANTICS_USED	Byte-identical to the trusted supplied semantics. This declaration/rule is on the submitted body's path; its evaluation/control/state role was checked against the program construct. Float no-evaluator symbols remain explicit fixed-semantics trust boundaries.	
reference-semantics/semantics/float.k	107	187	187	rule	equational-rule		False	False	False	False	False	False	False	False	False	False	False	False	fe8bc31d407acb0c37b867dff34b60d79a16bc80dc55acbb175edb8882ae160d	"  rule applyBuiltin(""float"", F:Float, .Vals)        => F"	SUPPLIED_FIXED_SEMANTICS_USED	Byte-identical to the trusted supplied semantics. This declaration/rule is on the submitted body's path; its evaluation/control/state role was checked against the program construct. Float no-evaluator symbols remain explicit fixed-semantics trust boundaries.	
reference-semantics/semantics/float.k	108	190	190	syntax	syntax-declaration	function, total, symbol(divFloatIntV), no-evaluators	True	False	True	True	True	False	False	False	False	False	False	False	fcb8b88286b06b188b6c2b458d88762b8a4cbeaef48492b5993fdca0f627dcd2	  syntax Float ::= divFloatIntV(Float, Int) [function, total, symbol(divFloatIntV), no-evaluators]	SUPPLIED_FIXED_SEMANTICS_USED	Byte-identical to the trusted supplied semantics. This declaration/rule is on the submitted body's path; its evaluation/control/state role was checked against the program construct. Float no-evaluator symbols remain explicit fixed-semantics trust boundaries.	
reference-semantics/semantics/float.k	109	191	191	rule	equational-rule	concrete	False	False	False	False	False	False	False	True	False	False	False	False	e4cc8c60ce0257e7487f341d8141b42dd59d7f59126c06fa27b41d39c7280455	  rule divFloatIntV(F:Float, I:Int) => F /Float Int2Float(I, 53, 11) [concrete]	SUPPLIED_FIXED_SEMANTICS_USED	Byte-identical to the trusted supplied semantics. This declaration/rule is on the submitted body's path; its evaluation/control/state role was checked against the program construct. Float no-evaluator symbols remain explicit fixed-semantics trust boundaries.	
reference-semantics/semantics/float.k	110	192	192	rule	equational-rule		False	False	False	False	False	False	False	False	False	False	False	False	3e18d2c0e70e009d23122252e52f6df2cb149a5c5b471c234762016257489982	"  rule applyBin(""/"", F:Float, I:Int) => divFloatIntV(F, I)"	SUPPLIED_FIXED_SEMANTICS_USED	Byte-identical to the trusted supplied semantics. This declaration/rule is on the submitted body's path; its evaluation/control/state role was checked against the program construct. Float no-evaluator symbols remain explicit fixed-semantics trust boundaries.	
reference-semantics/semantics/float.k	111	195	195	syntax	syntax-declaration	function, total, symbol(intToF), no-evaluators	True	False	True	True	True	False	False	False	False	False	False	False	26408a27bd747d300bf2f8a8ddc2618f51f6508121bf915cb97f9a7edf049058	  syntax Float ::= intToF(Int) [function, total, symbol(intToF), no-evaluators]	SUPPLIED_FIXED_SEMANTICS_USED	Byte-identical to the trusted supplied semantics. This declaration/rule is on the submitted body's path; its evaluation/control/state role was checked against the program construct. Float no-evaluator symbols remain explicit fixed-semantics trust boundaries.	
reference-semantics/semantics/float.k	112	196	196	rule	equational-rule	concrete	False	False	False	False	False	False	False	True	False	False	False	False	673ab61be1df4555e9536177b075765f698caa1bb0c221018ccf560fef1eb1b5	  rule intToF(I:Int) => Int2Float(I, 53, 11) [concrete]	SUPPLIED_FIXED_SEMANTICS_USED	Byte-identical to the trusted supplied semantics. This declaration/rule is on the submitted body's path; its evaluation/control/state role was checked against the program construct. Float no-evaluator symbols remain explicit fixed-semantics trust boundaries.	
reference-semantics/semantics/float.k	113	197	197	rule	equational-rule		False	False	False	False	False	False	False	False	False	False	False	False	2d5f79d3438eb4adbe2b34a671e97c39c28759fd0efb479b515c054788724272	"  rule applyBin(""+"", I:Int, F:Float) => addF(intToF(I), F)"	SUPPLIED_FIXED_SEMANTICS_USED	Byte-identical to the trusted supplied semantics. This declaration/rule is on the submitted body's path; its evaluation/control/state role was checked against the program construct. Float no-evaluator symbols remain explicit fixed-semantics trust boundaries.	
reference-semantics/semantics/float.k	114	198	198	rule	equational-rule		False	False	False	False	False	False	False	False	False	False	False	False	038b0c941f405e62128ae73c8dc0fe9b159602d4eed0ab166e8d17cd6edb9749	"  rule applyBin(""+"", F:Float, I:Int) => addF(F, intToF(I))"	SUPPLIED_FIXED_SEMANTICS_USED	Byte-identical to the trusted supplied semantics. This declaration/rule is on the submitted body's path; its evaluation/control/state role was checked against the program construct. Float no-evaluator symbols remain explicit fixed-semantics trust boundaries.	
reference-semantics/semantics/float.k	115	199	199	rule	equational-rule		False	False	False	False	False	False	False	False	False	False	False	False	1251c25aebf7a37a2197009161939ab27ee96344f8e5b3cf52aae1abee13c4e0	"  rule applyBin(""-"", I:Int, F:Float) => subF(intToF(I), F)"	SUPPLIED_FIXED_SEMANTICS_USED	Byte-identical to the trusted supplied semantics. This declaration/rule is on the submitted body's path; its evaluation/control/state role was checked against the program construct. Float no-evaluator symbols remain explicit fixed-semantics trust boundaries.	
reference-semantics/semantics/float.k	116	200	200	rule	equational-rule		False	False	False	False	False	False	False	False	False	False	False	False	f4cc3f89b1245849edd1d6e0dfa5645505c79f1d39c9aad1edf65437a72c89e3	"  rule applyBin(""-"", F:Float, I:Int) => subF(F, intToF(I))"	SUPPLIED_FIXED_SEMANTICS_USED	Byte-identical to the trusted supplied semantics. This declaration/rule is on the submitted body's path; its evaluation/control/state role was checked against the program construct. Float no-evaluator symbols remain explicit fixed-semantics trust boundaries.	
reference-semantics/semantics/float.k	117	201	201	rule	equational-rule		False	False	False	False	False	False	False	False	False	False	False	False	29ad04c6765ce1d923cea4e5f50f128fc38c1f12fd48e48174953800e578b45b	"  rule applyBin(""*"", I:Int, F:Float) => mulF(intToF(I), F)"	SUPPLIED_FIXED_SEMANTICS_USED	Byte-identical to the trusted supplied semantics. This declaration/rule is on the submitted body's path; its evaluation/control/state role was checked against the program construct. Float no-evaluator symbols remain explicit fixed-semantics trust boundaries.	
reference-semantics/semantics/float.k	118	202	202	rule	equational-rule		False	False	False	False	False	False	False	False	False	False	False	False	ef66ed6e5c9f520febe97010eb8cf4ecf1e3f8fceca2255de2151c0acbda3c76	"  rule applyBin(""*"", F:Float, I:Int) => mulF(F, intToF(I))"	SUPPLIED_FIXED_SEMANTICS_USED	Byte-identical to the trusted supplied semantics. This declaration/rule is on the submitted body's path; its evaluation/control/state role was checked against the program construct. Float no-evaluator symbols remain explicit fixed-semantics trust boundaries.	
reference-semantics/semantics/float.k	119	203	203	rule	equational-rule		False	False	False	False	False	False	False	False	False	False	False	False	c71c45e3867f618d9757ac8ec6bf0bf190f03c33f41a2b7a9b9d2751ff01a074	"  rule applyCmp(""<"", I:Int, F:Float) => floatLt(intToF(I), F)"	SUPPLIED_FIXED_SEMANTICS_USED	Byte-identical to the trusted supplied semantics. This declaration/rule is on the submitted body's path; its evaluation/control/state role was checked against the program construct. Float no-evaluator symbols remain explicit fixed-semantics trust boundaries.	
reference-semantics/semantics/float.k	120	204	204	rule	equational-rule		False	False	False	False	False	False	False	False	False	False	False	False	5af71595e01833b89c0e6ae6c3387a1837ffd61b9c8e064e70ed28ad46c35fd1	"  rule applyCmp(""<"", F:Float, I:Int) => floatLt(F, intToF(I))"	SUPPLIED_FIXED_SEMANTICS_USED	Byte-identical to the trusted supplied semantics. This declaration/rule is on the submitted body's path; its evaluation/control/state role was checked against the program construct. Float no-evaluator symbols remain explicit fixed-semantics trust boundaries.	
reference-semantics/semantics/float.k	121	205	205	rule	equational-rule		False	False	False	False	False	False	False	False	False	False	False	False	dbb338deab59e1220e59b8290a4a16c815d9cb2f6ee1d3fb39984dbce30e4796	"  rule applyCmp("">"", I:Int, F:Float) => gtF(intToF(I), F)"	SUPPLIED_FIXED_SEMANTICS_USED	Byte-identical to the trusted supplied semantics. This declaration/rule is on the submitted body's path; its evaluation/control/state role was checked against the program construct. Float no-evaluator symbols remain explicit fixed-semantics trust boundaries.	
reference-semantics/semantics/float.k	122	206	206	rule	equational-rule		False	False	False	False	False	False	False	False	False	False	False	False	2843d7784fc8715509988c18a5ef5e697d03ee75e1982d34c6bcc94175948ee9	"  rule applyCmp("">"", F:Float, I:Int) => gtF(F, intToF(I))"	SUPPLIED_FIXED_SEMANTICS_USED	Byte-identical to the trusted supplied semantics. This declaration/rule is on the submitted body's path; its evaluation/control/state role was checked against the program construct. Float no-evaluator symbols remain explicit fixed-semantics trust boundaries.	
reference-semantics/semantics/float.k	123	209	209	syntax	syntax-declaration	function, total, symbol(truncF), no-evaluators	True	False	True	True	True	False	False	False	False	False	False	False	f1ac2a9409f9b6bff7dc48e9f50e3443e7a91525f883021ffd7fcf73fefe3b4d	  syntax Int ::= truncF(Float) [function, total, symbol(truncF), no-evaluators]	SUPPLIED_FIXED_SEMANTICS_UNUSED	Byte-identical to the trusted supplied semantics and not reachable from the submitted body/entry claims. No candidate-local alteration or proof dependency; no narrower false-rule witness was found in this audit.	
reference-semantics/semantics/float.k	124	210	210	rule	equational-rule	concrete	False	False	False	False	False	False	False	True	False	False	False	False	a4af8f65dcec4d54912e75bd4cd36648b1c02763417330547c2cd5d89ee4a23a	  rule truncF(F:Float) => #if F >=Float 0.0 #then Float2Int(floorFloat(F)) #else Float2Int(ceilFloat(F)) #fi [concrete]	SUPPLIED_FIXED_SEMANTICS_UNUSED	Byte-identical to the trusted supplied semantics and not reachable from the submitted body/entry claims. No candidate-local alteration or proof dependency; no narrower false-rule witness was found in this audit.	
reference-semantics/semantics/float.k	125	211	211	rule	equational-rule		False	False	False	False	False	False	False	False	False	False	False	False	fbeb9d1511524c65003a04d201c84034fdfb033171f8594fa226438428a8349a	"  rule applyBuiltin(""int"", F:Float, .Vals) => truncF(F)"	SUPPLIED_FIXED_SEMANTICS_UNUSED	Byte-identical to the trusted supplied semantics and not reachable from the submitted body/entry claims. No candidate-local alteration or proof dependency; no narrower false-rule witness was found in this audit.	
reference-semantics/semantics/float.k	126	213	213	rule	equational-rule		False	False	False	False	False	False	False	False	False	False	False	False	1f97c6d17bd5dfc309c13c95a7684a77b44e5a37ca4d0ffc56795594073a6f7c	"  rule applyBuiltin(""float"", I:Int, .Vals)   => intToF(I)"	SUPPLIED_FIXED_SEMANTICS_UNUSED	Byte-identical to the trusted supplied semantics and not reachable from the submitted body/entry claims. No candidate-local alteration or proof dependency; no narrower false-rule witness was found in this audit.	
reference-semantics/semantics/float.k	127	214	214	rule	equational-rule		False	False	False	False	False	False	False	False	False	False	False	False	ae32bc353c38b77b1f342d7edbca95bdd7463c222acacdfa8067ae5622029ee2	"  rule applyBuiltin(""float"", F:Float, .Vals) => F"	SUPPLIED_FIXED_SEMANTICS_UNUSED	Byte-identical to the trusted supplied semantics and not reachable from the submitted body/entry claims. No candidate-local alteration or proof dependency; no narrower false-rule witness was found in this audit.	
reference-semantics/semantics/float.k	128	217	217	syntax	syntax-declaration	function, total, symbol(roundF), no-evaluators	True	False	True	True	True	False	False	False	False	False	False	False	8db4b040250d72609fb5ecd738054ce51904d9544ec6632ee9082f9efa5bff8f	  syntax Int ::= roundF(Float) [function, total, symbol(roundF), no-evaluators]	SUPPLIED_FIXED_SEMANTICS_UNUSED	Byte-identical to the trusted supplied semantics and not reachable from the submitted body/entry claims. No candidate-local alteration or proof dependency; no narrower false-rule witness was found in this audit.	
reference-semantics/semantics/float.k	129	218	222	rule	equational-rule	concrete	False	False	False	False	False	False	False	True	False	False	False	False	1965986ed5217ab70d09e54203a723beab6cb44e333994833992744d9a1fa664	  rule roundF(F:Float)\n    => #if (F -Float floorFloat(F)) ==Float 0.5\n       #then (#if Float2Int(floorFloat(F)) %Int 2 ==Int 0\n              #then Float2Int(floorFloat(F)) #else Float2Int(ceilFloat(F)) #fi)\n       #else Float2Int(floorFloat(F +Float 0.5)) #fi [concrete]	SUPPLIED_FIXED_SEMANTICS_UNUSED	Byte-identical to the trusted supplied semantics and not reachable from the submitted body/entry claims. No candidate-local alteration or proof dependency; no narrower false-rule witness was found in this audit.	
reference-semantics/semantics/float.k	130	223	223	syntax	syntax-declaration	function, total, symbol(roundFN), no-evaluators	True	False	True	True	True	False	False	False	False	False	False	False	00b134fdb4ba583384226d5fcae22a9a04a04ff2c222e1d93ecca62dc8254fee	  syntax Float ::= roundFN(Float, Int) [function, total, symbol(roundFN), no-evaluators]	SUPPLIED_FIXED_SEMANTICS_UNUSED	Byte-identical to the trusted supplied semantics and not reachable from the submitted body/entry claims. No candidate-local alteration or proof dependency; no narrower false-rule witness was found in this audit.	
reference-semantics/semantics/float.k	131	224	226	rule	equational-rule	concrete	False	False	False	False	False	False	False	True	False	False	False	False	a878a813520c6b8504f886e17b0c5f3b384be78ceeb49602c5bf35673f098bd5	  rule roundFN(F:Float, N:Int)\n    => Int2Float(roundF(F *Float Int2Float(10 ^Int N, 53, 11)), 53, 11)\n       /Float Int2Float(10 ^Int N, 53, 11) [concrete]	SUPPLIED_FIXED_SEMANTICS_UNUSED	Byte-identical to the trusted supplied semantics and not reachable from the submitted body/entry claims. No candidate-local alteration or proof dependency; no narrower false-rule witness was found in this audit.	
reference-semantics/semantics/float.k	132	227	227	rule	equational-rule		False	False	False	False	False	False	False	False	False	False	False	False	4d2c9b76dce76490028f0648c0acedd9abb6e381a2fa161dd9b83ef6df1361c4	"  rule applyBuiltin(""round"", F:Float, .Vals)        => roundF(F)"	SUPPLIED_FIXED_SEMANTICS_UNUSED	Byte-identical to the trusted supplied semantics and not reachable from the submitted body/entry claims. No candidate-local alteration or proof dependency; no narrower false-rule witness was found in this audit.	
reference-semantics/semantics/float.k	133	228	228	rule	equational-rule		False	False	False	False	False	False	False	False	False	False	False	False	5478f9582ed61445658a49deb22ae3277c4f5885580fc3780216f51f6665d4f3	"  rule applyBuiltin(""round"", F:Float, N:Int, .Vals) => roundFN(F, N)"	SUPPLIED_FIXED_SEMANTICS_UNUSED	Byte-identical to the trusted supplied semantics and not reachable from the submitted body/entry claims. No candidate-local alteration or proof dependency; no narrower false-rule witness was found in this audit.	
reference-semantics/semantics/float.k	134	230	230	syntax	syntax-declaration	function, total, symbol(sqrtF), no-evaluators	True	False	True	True	True	False	False	False	False	False	False	False	174abef163ce69c6da8294d2b22391bbfbce3d36580de8d15b131838e71e3f56	  syntax Float ::= sqrtF(Float) [function, total, symbol(sqrtF), no-evaluators]	SUPPLIED_FIXED_SEMANTICS_UNUSED	Byte-identical to the trusted supplied semantics and not reachable from the submitted body/entry claims. No candidate-local alteration or proof dependency; no narrower false-rule witness was found in this audit.	
reference-semantics/semantics/float.k	135	231	231	rule	equational-rule	concrete	False	False	False	False	False	False	False	True	False	False	False	False	b4927af40e0ecc616aa4636f0caaa7754a8ac384025debb21556afd23e49a777	  rule sqrtF(F:Float) => sqrtFloat(F) [concrete]	SUPPLIED_FIXED_SEMANTICS_UNUSED	Byte-identical to the trusted supplied semantics and not reachable from the submitted body/entry claims. No candidate-local alteration or proof dependency; no narrower false-rule witness was found in this audit.	
reference-semantics/semantics/float.k	136	232	232	syntax	syntax-declaration		False	False	False	False	False	False	False	False	False	False	False	False	0bb06d147d2f001cb2b54bb868b139f39d2634f64b0f2d071690f11f4feefdbe	"  syntax KItem ::= ""#mathSqrt"""	SUPPLIED_FIXED_SEMANTICS_UNUSED	Byte-identical to the trusted supplied semantics and not reachable from the submitted body/entry claims. No candidate-local alteration or proof dependency; no narrower false-rule witness was found in this audit.	
reference-semantics/semantics/float.k	137	233	233	rule	operational-rule	priority(40)	False	False	False	False	False	True	False	False	False	False	False	False	5f02b9a2c43a24b17875d6446da429a0279265caa9aded04783924b84f75a83e	"  rule <k> Call(Attribute(Name(""math""), ""sqrt""), (E:Expr, .Exprs)) => E ~> #mathSqrt ... </k> [priority(40)]"	SUPPLIED_FIXED_SEMANTICS_UNUSED	Byte-identical to the trusted supplied semantics and not reachable from the submitted body/entry claims. No candidate-local alteration or proof dependency; no narrower false-rule witness was found in this audit.	
reference-semantics/semantics/float.k	138	234	234	rule	operational-rule		False	False	False	False	False	False	False	False	False	False	False	False	7e85b61d16d890ce36f1afdfc28c4e4274c9af8a21514b7b9e8b9f92f9c164e6	  rule <k> F:Float ~> #mathSqrt => sqrtF(F) ... </k>	SUPPLIED_FIXED_SEMANTICS_UNUSED	Byte-identical to the trusted supplied semantics and not reachable from the submitted body/entry claims. No candidate-local alteration or proof dependency; no narrower false-rule witness was found in this audit.	
reference-semantics/semantics/float.k	139	235	235	rule	operational-rule		False	False	False	False	False	False	False	False	False	False	False	False	c81aa7311ffd2cee749bf06b33ee09a9bb94ad8a6583089e4c0a78946d885e59	  rule <k> I:Int ~> #mathSqrt => sqrtF(intToF(I)) ... </k>	SUPPLIED_FIXED_SEMANTICS_UNUSED	Byte-identical to the trusted supplied semantics and not reachable from the submitted body/entry claims. No candidate-local alteration or proof dependency; no narrower false-rule witness was found in this audit.	
reference-semantics/semantics/float.k	140	243	243	syntax	syntax-declaration		False	False	False	False	False	False	False	False	False	False	False	False	02a65b61407959640862186984ba29e044f4061b754402c15c5d814c0bdf886a	  syntax KItem ::= #maxAccF(Iterable, Float) | #maxContF(Float)	SUPPLIED_FIXED_SEMANTICS_UNUSED	Byte-identical to the trusted supplied semantics and not reachable from the submitted body/entry claims. No candidate-local alteration or proof dependency; no narrower false-rule witness was found in this audit.	
reference-semantics/semantics/float.k	141	244	244	rule	operational-rule		False	False	False	False	False	False	False	False	False	False	False	False	c36354cc1ede2379b63963dfbf2e7c5f2b13198b718f9f980bd14b964ea83d38	  rule <k> #iterYield(V:Val, R:Iterable) ~> #maxCont0 => #maxAccF(R, {V}:>Float) ... </k> requires isFloat(V)	SUPPLIED_FIXED_SEMANTICS_UNUSED	Byte-identical to the trusted supplied semantics and not reachable from the submitted body/entry claims. No candidate-local alteration or proof dependency; no narrower false-rule witness was found in this audit.	
reference-semantics/semantics/float.k	142	245	245	rule	operational-rule		False	False	False	False	False	False	False	False	False	False	False	False	6da7ac119cbd9aa456430244cc4c6ef5b9125d6e112afa5c75874bf4e9c4ceee	  rule <k> #maxAccF(IT:Iterable, M:Float) => #iterNext(IT) ~> #maxContF(M) ... </k>	SUPPLIED_FIXED_SEMANTICS_UNUSED	Byte-identical to the trusted supplied semantics and not reachable from the submitted body/entry claims. No candidate-local alteration or proof dependency; no narrower false-rule witness was found in this audit.	
reference-semantics/semantics/float.k	143	246	246	rule	operational-rule		False	False	False	False	False	False	False	False	False	False	False	False	87dd5a59593bd48ef8aab9bc89f565000b11668347f6e080e3ac41f4ef481d13	  rule <k> #iterDone ~> #maxContF(M:Float) => M ... </k>	SUPPLIED_FIXED_SEMANTICS_UNUSED	Byte-identical to the trusted supplied semantics and not reachable from the submitted body/entry claims. No candidate-local alteration or proof dependency; no narrower false-rule witness was found in this audit.	
reference-semantics/semantics/float.k	144	247	248	rule	operational-rule		False	False	False	False	False	False	False	False	False	False	False	False	f9bb39332fc90a4ffe0c761dfc7ee80f4412aa6b80cc3acfffdf04bb6606d66b	  rule <k> #iterYield(V:Val, R:Iterable) ~> #maxContF(M:Float) => #maxAccF(R, maxFloat(M, {V}:>Float)) ... </k>\n       requires isFloat(V)	SUPPLIED_FIXED_SEMANTICS_UNUSED	Byte-identical to the trusted supplied semantics and not reachable from the submitted body/entry claims. No candidate-local alteration or proof dependency; no narrower false-rule witness was found in this audit.	
reference-semantics/semantics/float.k	145	250	250	syntax	syntax-declaration		False	False	False	False	False	False	False	False	False	False	False	False	c171dc4002c16a28e4e5d65fdf25977dfab869cff6e9d2674b46d22802d31945	  syntax KItem ::= #minAccF(Iterable, Float) | #minContF(Float)	SUPPLIED_FIXED_SEMANTICS_UNUSED	Byte-identical to the trusted supplied semantics and not reachable from the submitted body/entry claims. No candidate-local alteration or proof dependency; no narrower false-rule witness was found in this audit.	
reference-semantics/semantics/float.k	146	251	251	rule	operational-rule		False	False	False	False	False	False	False	False	False	False	False	False	aaabc5f96b8f8f6dadc3f89bef2f9f99afe316cec12375331b3e93b342988a95	  rule <k> #iterYield(V:Val, R:Iterable) ~> #minCont0 => #minAccF(R, {V}:>Float) ... </k> requires isFloat(V)	SUPPLIED_FIXED_SEMANTICS_UNUSED	Byte-identical to the trusted supplied semantics and not reachable from the submitted body/entry claims. No candidate-local alteration or proof dependency; no narrower false-rule witness was found in this audit.	
reference-semantics/semantics/float.k	147	252	252	rule	operational-rule		False	False	False	False	False	False	False	False	False	False	False	False	68890afd2331ad6f0b293b25f610a4ebebb8953bb8a2ca9aa374a19a9a777753	  rule <k> #minAccF(IT:Iterable, M:Float) => #iterNext(IT) ~> #minContF(M) ... </k>	SUPPLIED_FIXED_SEMANTICS_UNUSED	Byte-identical to the trusted supplied semantics and not reachable from the submitted body/entry claims. No candidate-local alteration or proof dependency; no narrower false-rule witness was found in this audit.	
reference-semantics/semantics/float.k	148	253	253	rule	operational-rule		False	False	False	False	False	False	False	False	False	False	False	False	ede3a60021ccf019f170d136fd2b1029d6286a2267dd57c3f562360fb56c69c4	  rule <k> #iterDone ~> #minContF(M:Float) => M ... </k>	SUPPLIED_FIXED_SEMANTICS_UNUSED	Byte-identical to the trusted supplied semantics and not reachable from the submitted body/entry claims. No candidate-local alteration or proof dependency; no narrower false-rule witness was found in this audit.	
reference-semantics/semantics/float.k	149	254	255	rule	operational-rule		False	False	False	False	False	False	False	False	False	False	False	False	eff39a4ae9e538f73d0bc24bddf5a0709bb61a40acdd5858d969dbdf09f20d31	  rule <k> #iterYield(V:Val, R:Iterable) ~> #minContF(M:Float) => #minAccF(R, minFloat(M, {V}:>Float)) ... </k>\n       requires isFloat(V)	SUPPLIED_FIXED_SEMANTICS_UNUSED	Byte-identical to the trusted supplied semantics and not reachable from the submitted body/entry claims. No candidate-local alteration or proof dependency; no narrower false-rule witness was found in this audit.	
reference-semantics/semantics/float.k	150	261	261	syntax	syntax-declaration		False	False	False	False	False	False	False	False	False	False	False	False	ccf77eccfe1f6dd846d61ed8720d5b6370dc247b845b5e3ac4fda7fc71b00013	  syntax KItem ::= #sumAccF(Iterable, Float) | #sumContF(Float)	SUPPLIED_FIXED_SEMANTICS_UNUSED	Byte-identical to the trusted supplied semantics and not reachable from the submitted body/entry claims. No candidate-local alteration or proof dependency; no narrower false-rule witness was found in this audit.	
reference-semantics/semantics/float.k	151	262	264	rule	operational-rule		False	False	False	False	False	False	False	False	False	False	False	False	14dc2c28589ef57e64772bd179193364c52f419d92ed025271de6eaeacb511f0	  rule <k> #iterYield(V:Val, R:Iterable) ~> #sumCont(ACC:Int)\n        => #sumAccF(R, addF(intToF(ACC), {V}:>Float)) ... </k>\n       requires isFloat(V) andBool notBool (isInt(V) orBool isBool(V))	SUPPLIED_FIXED_SEMANTICS_UNUSED	Byte-identical to the trusted supplied semantics and not reachable from the submitted body/entry claims. No candidate-local alteration or proof dependency; no narrower false-rule witness was found in this audit.	
reference-semantics/semantics/float.k	152	265	265	rule	operational-rule		False	False	False	False	False	False	False	False	False	False	False	False	73d80b9479e05f0ca4079e5d6fedc7b677abbdd77ed6b3dd68066470588c3c22	  rule <k> #sumAccF(IT:Iterable, ACC:Float) => #iterNext(IT) ~> #sumContF(ACC) ... </k>	SUPPLIED_FIXED_SEMANTICS_UNUSED	Byte-identical to the trusted supplied semantics and not reachable from the submitted body/entry claims. No candidate-local alteration or proof dependency; no narrower false-rule witness was found in this audit.	
reference-semantics/semantics/float.k	153	266	266	rule	operational-rule		False	False	False	False	False	False	False	False	False	False	False	False	53d04655cee224c39f5970281ed3e34cbdea4011d79bc512bc1eabcbfbf13fe8	  rule <k> #iterDone ~> #sumContF(ACC:Float) => ACC ... </k>	SUPPLIED_FIXED_SEMANTICS_UNUSED	Byte-identical to the trusted supplied semantics and not reachable from the submitted body/entry claims. No candidate-local alteration or proof dependency; no narrower false-rule witness was found in this audit.	
reference-semantics/semantics/float.k	154	267	269	rule	operational-rule		False	False	False	False	False	False	False	False	False	False	False	False	fd48c7171e13488dfce50dc966098c0431fe5ff8d22b5455a52bb02b579800fc	  rule <k> #iterYield(V:Val, R:Iterable) ~> #sumContF(ACC:Float)\n        => #sumAccF(R, addF(ACC, {V}:>Float)) ... </k>\n       requires isFloat(V)	SUPPLIED_FIXED_SEMANTICS_UNUSED	Byte-identical to the trusted supplied semantics and not reachable from the submitted body/entry claims. No candidate-local alteration or proof dependency; no narrower false-rule witness was found in this audit.	
reference-semantics/semantics/float.k	155	270	272	rule	operational-rule		False	False	False	False	False	False	False	False	False	False	False	False	5e9f400c40c2d27ec7081ab2e0c51e3d4c46f02ac195d085809461597a338524	  rule <k> #iterYield(V:Val, R:Iterable) ~> #sumContF(ACC:Float)\n        => #sumAccF(R, addF(ACC, intToF(intOf(V)))) ... </k>\n       requires isInt(V) orBool isBool(V)	SUPPLIED_FIXED_SEMANTICS_UNUSED	Byte-identical to the trusted supplied semantics and not reachable from the submitted body/entry claims. No candidate-local alteration or proof dependency; no narrower false-rule witness was found in this audit.	
reference-semantics/semantics/functions.k	1	8	11	syntax	syntax-declaration		False	False	False	False	False	False	False	False	False	False	False	False	651d08237d93feef698d1c705a4f0044ee7f0d7d44ccce22cd8661007f85d51b	"  syntax KItem ::= frame(continuation: K, callerEnv: Int, savedLoc: Int)\n                 | #bindP(ParamNames, Vals)\n                 | ""#pop""\n                 | ""#endcall"""	SUPPLIED_FIXED_SEMANTICS_UNUSED	Byte-identical to the trusted supplied semantics and not reachable from the submitted body/entry claims. No candidate-local alteration or proof dependency; no narrower false-rule witness was found in this audit.	
reference-semantics/semantics/functions.k	2	14	16	rule	operational-rule	F <- closureVal(PNS, BODY, L)	False	False	False	False	False	False	False	False	False	False	False	False	072cc5457ebcb5fb3d6696fefdda6e171fc0067d7855f3887d07b13778dcb85e	  rule <k> FuncDef(F:String, Params(PNS:ParamNames), BODY:Stmts) => .K ... </k>\n       <env> L:Int </env>\n       <scopes> ... L |-> scope(M:Map => M [ F <- closureVal(PNS, BODY, L) ], _) ... </scopes>	SUPPLIED_FIXED_SEMANTICS_UNUSED	Byte-identical to the trusted supplied semantics and not reachable from the submitted body/entry claims. No candidate-local alteration or proof dependency; no narrower false-rule witness was found in this audit.	
reference-semantics/semantics/functions.k	3	18	18	syntax	syntax-declaration		False	False	False	False	False	False	False	False	False	False	False	False	67496d445509f26a684ec75d5e3acaff8b764808a4e75808adc775b7c6a78f94	  syntax Expr ::= closureExpr(ParamNames, Stmts)	SUPPLIED_FIXED_SEMANTICS_UNUSED	Byte-identical to the trusted supplied semantics and not reachable from the submitted body/entry claims. No candidate-local alteration or proof dependency; no narrower false-rule witness was found in this audit.	
reference-semantics/semantics/functions.k	4	19	20	rule	operational-rule		False	False	False	False	False	False	False	False	False	False	False	False	2f751f2af1d065d86ea5c8f6e060877d44b96f0149f4a21b1bc8f093edbfb790	  rule <k> closureExpr(PNS:ParamNames, BODY:Stmts) => closureVal(PNS, BODY, L) ... </k>\n       <env> L:Int </env>	SUPPLIED_FIXED_SEMANTICS_UNUSED	Byte-identical to the trusted supplied semantics and not reachable from the submitted body/entry claims. No candidate-local alteration or proof dependency; no narrower false-rule witness was found in this audit.	
reference-semantics/semantics/functions.k	5	27	27	syntax	syntax-declaration		False	False	False	False	False	False	False	False	False	False	False	False	99a675115ea5e3870b1e25380740e0e2a243c53095c6e962b9549d6482f30c79	  syntax Val ::= closureValC(ParamNames, ParamNames, Stmts, Map)	SUPPLIED_FIXED_SEMANTICS_UNUSED	Byte-identical to the trusted supplied semantics and not reachable from the submitted body/entry claims. No candidate-local alteration or proof dependency; no narrower false-rule witness was found in this audit.	
reference-semantics/semantics/functions.k	6	31	32	syntax	syntax-declaration		False	False	False	False	False	False	False	False	False	False	False	False	eb83fe24e2b1eb6de405d216e37103c278204e8bb2f53cd64dc4f06283c32463	  syntax KItem ::= #mkClosure(String, ParamNames, ParamNames, ParamNames, Stmts, Map)\n                 | #mkLambda(ParamNames, ParamNames, ParamNames, Stmts, Map)	SUPPLIED_FIXED_SEMANTICS_UNUSED	Byte-identical to the trusted supplied semantics and not reachable from the submitted body/entry claims. No candidate-local alteration or proof dependency; no narrower false-rule witness was found in this audit.	
reference-semantics/semantics/functions.k	7	33	35	rule	operational-rule		False	False	False	False	False	False	False	False	False	False	False	False	79b4e04d29b4fff33d350a912c0b4a52d8cad83cfea95e8a7e5d2bc14c48e7cf	  rule <k> FuncDef(F:String, Params(PNS:ParamNames), CellVars(CVS:ParamNames),\n                   FreeVars(FVS:ParamNames), BODY:Stmts)\n        => #mkClosure(F, PNS, CVS, FVS, BODY, .Map) ... </k>	SUPPLIED_FIXED_SEMANTICS_UNUSED	Byte-identical to the trusted supplied semantics and not reachable from the submitted body/entry claims. No candidate-local alteration or proof dependency; no narrower false-rule witness was found in this audit.	
reference-semantics/semantics/functions.k	8	36	41	rule	operational-rule	FV <- {M[FV	False	False	False	False	False	False	False	False	False	False	False	False	6bfa0d50fad16e7f324b6c44fe3cacd0925299ff5c07373a4771e7f6b7222001	  rule <k> #mkClosure(F:String, PNS:ParamNames, CVS:ParamNames,\n                      (FV:String, FVR:ParamNames), BODY:Stmts, CM:Map)\n        => #mkClosure(F, PNS, CVS, FVR, BODY, CM [ FV <- {M[FV]}:>Val ]) ... </k>\n       <env> L:Int </env>\n       <scopes> ... L |-> scope(M:Map, _) ... </scopes>\n       requires FV in_keys(M)	SUPPLIED_FIXED_SEMANTICS_UNUSED	Byte-identical to the trusted supplied semantics and not reachable from the submitted body/entry claims. No candidate-local alteration or proof dependency; no narrower false-rule witness was found in this audit.	
reference-semantics/semantics/functions.k	9	42	45	rule	operational-rule	F <- closureValC(PNS, CVS, BODY, CM)	False	False	False	False	False	False	False	False	False	False	False	False	4c8db650c9a7eea6a1e1fd044219bd69b3c078a98d51fc517b1e4caa74f4c78e	  rule <k> #mkClosure(F:String, PNS:ParamNames, CVS:ParamNames,\n                      .ParamNames, BODY:Stmts, CM:Map) => .K ... </k>\n       <env> L:Int </env>\n       <scopes> ... L |-> scope(M:Map => M [ F <- closureValC(PNS, CVS, BODY, CM) ], _) ... </scopes>	SUPPLIED_FIXED_SEMANTICS_UNUSED	Byte-identical to the trusted supplied semantics and not reachable from the submitted body/entry claims. No candidate-local alteration or proof dependency; no narrower false-rule witness was found in this audit.	
reference-semantics/semantics/functions.k	10	47	49	rule	operational-rule		False	False	False	False	False	False	False	False	False	False	False	False	c41fd0d94bfcb35ffd2ec357bec4a023eafc98ca785861f2304ca4d4629bf794	  rule <k> Lambda(Params(PNS:ParamNames), E:Expr)\n        => closureVal(PNS, Return(E) .Stmts, L) ... </k>\n       <env> L:Int </env>	SUPPLIED_FIXED_SEMANTICS_UNUSED	Byte-identical to the trusted supplied semantics and not reachable from the submitted body/entry claims. No candidate-local alteration or proof dependency; no narrower false-rule witness was found in this audit.	
reference-semantics/semantics/functions.k	11	50	52	rule	operational-rule		False	False	False	False	False	False	False	False	False	False	False	False	fc1bffa16778a3f89d5b6073c0706d25e286c016a38d54fac4fc5f0023b4a3b4	  rule <k> Lambda(Params(PNS:ParamNames), CellVars(CVS:ParamNames),\n                  FreeVars(FVS:ParamNames), E:Expr)\n        => #mkLambda(PNS, CVS, FVS, Return(E) .Stmts, .Map) ... </k>	SUPPLIED_FIXED_SEMANTICS_UNUSED	Byte-identical to the trusted supplied semantics and not reachable from the submitted body/entry claims. No candidate-local alteration or proof dependency; no narrower false-rule witness was found in this audit.	
reference-semantics/semantics/functions.k	12	53	58	rule	operational-rule	FV <- {M[FV	False	False	False	False	False	False	False	False	False	False	False	False	9f9ceed2c512b7e43c9484f66f502abcfc7af78ba753e7c6d941c9f1b1920112	  rule <k> #mkLambda(PNS:ParamNames, CVS:ParamNames,\n                     (FV:String, FVR:ParamNames), BODY:Stmts, CM:Map)\n        => #mkLambda(PNS, CVS, FVR, BODY, CM [ FV <- {M[FV]}:>Val ]) ... </k>\n       <env> L:Int </env>\n       <scopes> ... L |-> scope(M:Map, _) ... </scopes>\n       requires FV in_keys(M)	SUPPLIED_FIXED_SEMANTICS_UNUSED	Byte-identical to the trusted supplied semantics and not reachable from the submitted body/entry claims. No candidate-local alteration or proof dependency; no narrower false-rule witness was found in this audit.	
reference-semantics/semantics/functions.k	13	59	60	rule	operational-rule		False	False	False	False	False	False	False	False	False	False	False	False	2d28bd1c535a8fcad8d08c04576916b45e10163befa1cf04cd7d9b6e94944931	  rule <k> #mkLambda(PNS:ParamNames, CVS:ParamNames, .ParamNames, BODY:Stmts, CM:Map)\n        => closureValC(PNS, CVS, BODY, CM) ... </k>	SUPPLIED_FIXED_SEMANTICS_UNUSED	Byte-identical to the trusted supplied semantics and not reachable from the submitted body/entry claims. No candidate-local alteration or proof dependency; no narrower false-rule witness was found in this audit.	
reference-semantics/semantics/functions.k	14	63	63	rule	operational-rule		False	False	False	False	False	False	False	False	False	False	False	False	c0a18889f83de0185f3ebd0752ca93addeb53dab95eb2ee774486c64eb1f1280	  rule <k> #bindP(.ParamNames, .Vals) => .K ... </k>	SUPPLIED_FIXED_SEMANTICS_USED	Byte-identical to the trusted supplied semantics. This declaration/rule is on the submitted body's path; its evaluation/control/state role was checked against the program construct. Float no-evaluator symbols remain explicit fixed-semantics trust boundaries.	
reference-semantics/semantics/functions.k	15	64	66	rule	operational-rule	P <- V	False	False	False	False	False	False	False	False	False	False	False	False	f93e2c811cf07b39258c8b6f19c79342a45c3d700bb99536ae52b1e635fabed2	  rule <k> #bindP((P:String, PS:ParamNames), (V:Val, VS:Vals)) => #bindP(PS, VS) ... </k>\n       <env> L:Int </env>\n       <scopes> ... L |-> scope(M:Map => M [ P <- V ], _) ... </scopes>	SUPPLIED_FIXED_SEMANTICS_USED	Byte-identical to the trusted supplied semantics. This declaration/rule is on the submitted body's path; its evaluation/control/state role was checked against the program construct. Float no-evaluator symbols remain explicit fixed-semantics trust boundaries.	
reference-semantics/semantics/functions.k	16	68	75	rule	operational-rule	"P,""$cells"",P,priority(40)"	False	False	False	False	False	True	False	False	False	False	False	False	e1816088087031ad7f7296023ce1a252c7eccd37955ba611060ee51baf395776	"  rule <k> #bindP((P:String, PS:ParamNames), (V:Val, VS:Vals))\n        => #cellW({M[P]}:>Val, V) ~> #bindP(PS, VS) ... </k>\n       <env> L:Int </env>\n       <scopes> ... L |-> scope(M:Map, _) ... </scopes>\n       requires ""$cells"" in_keys(M)\n        andBool pnMember(P, cellsOf({M[""$cells""]}:>Val))\n        andBool P in_keys(M) andBool isCellRef({M[P]}:>Val)\n       [priority(40)]"	SUPPLIED_FIXED_SEMANTICS_USED	Byte-identical to the trusted supplied semantics. This declaration/rule is on the submitted body's path; its evaluation/control/state role was checked against the program construct. Float no-evaluator symbols remain explicit fixed-semantics trust boundaries.	
reference-semantics/semantics/functions.k	17	78	79	rule	operational-rule		False	False	False	False	False	False	False	False	False	False	False	False	26117654ef2af5c75f80c52c33f49e29212d92a61b5ff57bbe6dcd6a1a90b0ab	  rule <k> Return(V:Val) ~> _ => #pop </k>\n       <ret> noRet => retV(V) </ret>	SUPPLIED_FIXED_SEMANTICS_USED	Byte-identical to the trusted supplied semantics. This declaration/rule is on the submitted body's path; its evaluation/control/state role was checked against the program construct. Float no-evaluator symbols remain explicit fixed-semantics trust boundaries.	
reference-semantics/semantics/functions.k	18	80	81	rule	operational-rule		False	False	False	False	False	False	False	False	False	False	False	False	24cfdbbad41aab77dada7c6a35aeb2ee94aed07616fda5caa35962383c32aa88	  rule <k> #endcall => #pop ... </k>\n       <ret> noRet => retV(noneV) </ret>	SUPPLIED_FIXED_SEMANTICS_USED	Byte-identical to the trusted supplied semantics. This declaration/rule is on the submitted body's path; its evaluation/control/state role was checked against the program construct. Float no-evaluator symbols remain explicit fixed-semantics trust boundaries.	
reference-semantics/semantics/functions.k	19	85	90	rule	operational-rule	L <- undef	False	False	False	False	False	False	False	False	False	False	False	False	268bc3251841ffd22286aff743f73ddd6c63184fcd2d4443df709ef4e89c5a3e	  rule <k> #pop => V ~> CONT </k>\n       <ret>   retV(V) => noRet </ret>\n       <stack> ListItem(frame(CONT:K, CALLERL:Int, SAVEDL:Int)) => .List ... </stack>\n       <env>   L:Int => CALLERL </env>\n       <scopes> SC:Map => SC [ L <- undef ] </scopes>\n       <scopeLoc> _ => SAVEDL </scopeLoc>	SUPPLIED_FIXED_SEMANTICS_USED	Byte-identical to the trusted supplied semantics. This declaration/rule is on the submitted body's path; its evaluation/control/state role was checked against the program construct. Float no-evaluator symbols remain explicit fixed-semantics trust boundaries.	
reference-semantics/semantics/int.k	1	7	7	rule	equational-rule		False	False	False	False	False	False	False	False	False	False	False	False	77c651bb7600752362f08047497bb53fe7937f9c4e33c1b408bcf98d7809a15f	"  rule applyUn(""-"", I:Int) => 0 -Int I"	SUPPLIED_FIXED_SEMANTICS_USED	Byte-identical to the trusted supplied semantics. This declaration/rule is on the submitted body's path; its evaluation/control/state role was checked against the program construct. Float no-evaluator symbols remain explicit fixed-semantics trust boundaries.	
reference-semantics/semantics/int.k	2	9	9	rule	equational-rule		False	False	False	False	False	False	False	False	False	False	False	False	de53b5415321ff893b8ddcc69aeab1ab8bc40095d9f57fa37844a38e2d1c78a0	"  rule applyBin(""+"",  I1:Int, I2:Int) => I1 +Int I2"	SUPPLIED_FIXED_SEMANTICS_USED	Byte-identical to the trusted supplied semantics. This declaration/rule is on the submitted body's path; its evaluation/control/state role was checked against the program construct. Float no-evaluator symbols remain explicit fixed-semantics trust boundaries.	
reference-semantics/semantics/int.k	3	11	11	rule	equational-rule		False	False	False	False	False	False	False	False	False	False	False	False	c8ec139cdd44494ccf9c73060d759a5cfd8867b82b311f2f4789ee4b1bc1a07c	"  rule applyBin(""+"",  I:Int, B:Bool) => I +Int #if B #then 1 #else 0 #fi"	SUPPLIED_FIXED_SEMANTICS_USED	Byte-identical to the trusted supplied semantics. This declaration/rule is on the submitted body's path; its evaluation/control/state role was checked against the program construct. Float no-evaluator symbols remain explicit fixed-semantics trust boundaries.	
reference-semantics/semantics/int.k	4	12	12	rule	equational-rule		False	False	False	False	False	False	False	False	False	False	False	False	a749185b369520d63e365e07fd8eb96e4a969ca189138233e43949c6e8f17e54	"  rule applyBin(""+"",  B:Bool, I:Int) => #if B #then 1 #else 0 #fi +Int I"	SUPPLIED_FIXED_SEMANTICS_USED	Byte-identical to the trusted supplied semantics. This declaration/rule is on the submitted body's path; its evaluation/control/state role was checked against the program construct. Float no-evaluator symbols remain explicit fixed-semantics trust boundaries.	
reference-semantics/semantics/int.k	5	13	13	rule	equational-rule		False	False	False	False	False	False	False	False	False	False	False	False	76130c0c53024ae640788ab9ce2f24b0ba001003db75649c1717a6544326d4be	"  rule applyBin(""-"",  I1:Int, I2:Int) => I1 -Int I2"	SUPPLIED_FIXED_SEMANTICS_USED	Byte-identical to the trusted supplied semantics. This declaration/rule is on the submitted body's path; its evaluation/control/state role was checked against the program construct. Float no-evaluator symbols remain explicit fixed-semantics trust boundaries.	
reference-semantics/semantics/int.k	6	14	14	rule	equational-rule		False	False	False	False	False	False	False	False	False	False	False	False	2388b515efa533ff1b38f36d93d823dc1be12dbe3534309b75d2acecd91ce5ce	"  rule applyBin(""*"",  I1:Int, I2:Int) => I1 *Int I2"	SUPPLIED_FIXED_SEMANTICS_USED	Byte-identical to the trusted supplied semantics. This declaration/rule is on the submitted body's path; its evaluation/control/state role was checked against the program construct. Float no-evaluator symbols remain explicit fixed-semantics trust boundaries.	
reference-semantics/semantics/int.k	7	15	15	rule	equational-rule		False	False	False	False	False	False	False	False	False	False	False	False	a061d9e310bbed1e1cc814cbe88d472ad02b0074947c34d34c1265364dbce76b	"  rule applyBin(""%"",  I1:Int, I2:Int) => pyMod(I1, I2)"	SUPPLIED_FIXED_SEMANTICS_USED	Byte-identical to the trusted supplied semantics. This declaration/rule is on the submitted body's path; its evaluation/control/state role was checked against the program construct. Float no-evaluator symbols remain explicit fixed-semantics trust boundaries.	
reference-semantics/semantics/int.k	8	16	16	rule	equational-rule		False	False	False	False	False	False	False	False	False	False	False	False	6f47ec7ef5c9aa563822b43f7fbf34cc39f796bb7c7ace9aae76319226bb0550	"  rule applyBin(""//"", I1:Int, I2:Int) => (I1 -Int pyMod(I1, I2)) /Int I2"	SUPPLIED_FIXED_SEMANTICS_USED	Byte-identical to the trusted supplied semantics. This declaration/rule is on the submitted body's path; its evaluation/control/state role was checked against the program construct. Float no-evaluator symbols remain explicit fixed-semantics trust boundaries.	
reference-semantics/semantics/int.k	9	17	17	rule	equational-rule		False	False	False	False	False	False	False	False	False	False	False	False	20619cb4d151436b8c4813e5849ec6110650b109826ff210d5be9228d8911d1a	"  rule applyBin(""**"", I1:Int, I2:Int) => I1 ^Int I2 requires I2 >=Int 0"	SUPPLIED_FIXED_SEMANTICS_USED	Byte-identical to the trusted supplied semantics. This declaration/rule is on the submitted body's path; its evaluation/control/state role was checked against the program construct. Float no-evaluator symbols remain explicit fixed-semantics trust boundaries.	
reference-semantics/semantics/int.k	10	19	19	syntax	syntax-declaration	function	True	False	False	False	False	False	False	False	False	False	False	False	a1709b4b2212ac47883bfb376b17a32c3338ca21fb9a2662f95f30db6b0a37e8	  syntax Int ::= pyMod(Int, Int) [function]	SUPPLIED_FIXED_SEMANTICS_USED	Byte-identical to the trusted supplied semantics. This declaration/rule is on the submitted body's path; its evaluation/control/state role was checked against the program construct. Float no-evaluator symbols remain explicit fixed-semantics trust boundaries.	
reference-semantics/semantics/int.k	11	20	20	rule	equational-rule		False	False	False	False	False	False	False	False	False	False	False	False	8f2910bcdbed92e571b3b254c09f06993c96102f0e00940b99dcca99ff8c5426	  rule pyMod(I1:Int, I2:Int) => ((I1 %Int I2) +Int I2) %Int I2	SUPPLIED_FIXED_SEMANTICS_USED	Byte-identical to the trusted supplied semantics. This declaration/rule is on the submitted body's path; its evaluation/control/state role was checked against the program construct. Float no-evaluator symbols remain explicit fixed-semantics trust boundaries.	
reference-semantics/semantics/int.k	12	22	22	rule	equational-rule		False	False	False	False	False	False	False	False	False	False	False	False	c1bc64f6f481792ce5b923665004a0d74a50bac4a843206ff7865eed67d94ad5	"  rule applyCmp(""<"",  I1:Int, I2:Int)   => I1 <Int  I2"	SUPPLIED_FIXED_SEMANTICS_USED	Byte-identical to the trusted supplied semantics. This declaration/rule is on the submitted body's path; its evaluation/control/state role was checked against the program construct. Float no-evaluator symbols remain explicit fixed-semantics trust boundaries.	
reference-semantics/semantics/int.k	13	23	23	rule	equational-rule		False	False	False	False	False	False	False	False	False	False	False	False	631a0d46e332614165f8ee3b444435b4a25dd264691de22fa28b40569e04cdfd	"  rule applyCmp(""<="", I1:Int, I2:Int)   => I1 <=Int I2"	SUPPLIED_FIXED_SEMANTICS_USED	Byte-identical to the trusted supplied semantics. This declaration/rule is on the submitted body's path; its evaluation/control/state role was checked against the program construct. Float no-evaluator symbols remain explicit fixed-semantics trust boundaries.	
reference-semantics/semantics/int.k	14	24	24	rule	equational-rule		False	False	False	False	False	False	False	False	False	False	False	False	9b53c7354fdee8ebffffee3946d66e457fa21a1f8c8da6d275fe6ad54595d9ed	"  rule applyCmp("">"",  I1:Int, I2:Int)   => I1 >Int  I2"	SUPPLIED_FIXED_SEMANTICS_USED	Byte-identical to the trusted supplied semantics. This declaration/rule is on the submitted body's path; its evaluation/control/state role was checked against the program construct. Float no-evaluator symbols remain explicit fixed-semantics trust boundaries.	
reference-semantics/semantics/int.k	15	25	25	rule	equational-rule		False	False	False	False	False	False	False	False	False	False	False	False	0c9e42d0d6edd4e235c5d830996d3ce73571cb80b1f5c7cbbd513d7bd903205d	"  rule applyCmp("">="", I1:Int, I2:Int)   => I1 >=Int I2"	SUPPLIED_FIXED_SEMANTICS_USED	Byte-identical to the trusted supplied semantics. This declaration/rule is on the submitted body's path; its evaluation/control/state role was checked against the program construct. Float no-evaluator symbols remain explicit fixed-semantics trust boundaries.	
reference-semantics/semantics/int.k	16	26	26	rule	equational-rule		False	False	False	False	False	False	False	False	False	False	False	False	b19ecfc693580080d2f5cd3a045c56244b15c9a7701d4b959f68f50d5fb060e6	"  rule applyCmp(""=="", I1:Int, I2:Int)   => I1 ==Int I2"	SUPPLIED_FIXED_SEMANTICS_USED	Byte-identical to the trusted supplied semantics. This declaration/rule is on the submitted body's path; its evaluation/control/state role was checked against the program construct. Float no-evaluator symbols remain explicit fixed-semantics trust boundaries.	
reference-semantics/semantics/int.k	17	27	27	rule	equational-rule		False	False	False	False	False	False	False	False	False	False	False	False	b30eb9a86ade4584e4a55d2b2e66e0557f1942227e91d3773293314678132fda	"  rule applyCmp(""!="", I1:Int, I2:Int)   => I1 =/=Int I2"	SUPPLIED_FIXED_SEMANTICS_USED	Byte-identical to the trusted supplied semantics. This declaration/rule is on the submitted body's path; its evaluation/control/state role was checked against the program construct. Float no-evaluator symbols remain explicit fixed-semantics trust boundaries.	
reference-semantics/semantics/iter.k	1	8	8	syntax	syntax-declaration		False	False	False	False	False	False	False	False	False	False	False	False	1b6d2e662b448fea099b01b1128df4d4f760ad7f64aa523eaf3c7691c3d297d9	"  syntax KItem ::= #iterNext(Iterable) | ""#iterDone"" | #iterYield(Val, Iterable)"	SUPPLIED_FIXED_SEMANTICS_UNUSED	Byte-identical to the trusted supplied semantics and not reachable from the submitted body/entry claims. No candidate-local alteration or proof dependency; no narrower false-rule witness was found in this audit.	
reference-semantics/semantics/list.k	1	9	9	rule	operational-rule		False	False	False	False	False	False	False	False	False	False	False	False	eab59b642cac0972706a9338b8d0b8ba739d00d983b7356ddd730afdc6242b4a	  rule <k> #iterNext(list(.ValSeq))                => #iterDone ... </k>	SUPPLIED_FIXED_SEMANTICS_UNUSED	Byte-identical to the trusted supplied semantics and not reachable from the submitted body/entry claims. No candidate-local alteration or proof dependency; no narrower false-rule witness was found in this audit.	
reference-semantics/semantics/list.k	2	10	10	rule	operational-rule		False	False	False	False	False	False	False	False	False	False	False	False	0786bf2118dacc7665d7c14bab91276b6de7f2c5acc21e8303d9c69aeb69acb1	  rule <k> #iterNext(list(vCons(V:Val, R:ValSeq))) => #iterYield(V, list(R)) ... </k>	SUPPLIED_FIXED_SEMANTICS_UNUSED	Byte-identical to the trusted supplied semantics and not reachable from the submitted body/entry claims. No candidate-local alteration or proof dependency; no narrower false-rule witness was found in this audit.	
reference-semantics/semantics/list.k	3	13	13	syntax	syntax-declaration		False	False	False	False	False	False	False	False	False	False	False	False	cee22855264acfafcbb5fc2c680ea6a916a560f245045842d68e14e24fbb4bbe	"  syntax ApplyK ::= ""toList"""	SUPPLIED_FIXED_SEMANTICS_UNUSED	Byte-identical to the trusted supplied semantics and not reachable from the submitted body/entry claims. No candidate-local alteration or proof dependency; no narrower false-rule witness was found in this audit.	
reference-semantics/semantics/list.k	4	14	14	rule	operational-rule		False	False	False	False	False	False	False	False	False	False	False	False	09bc3f9667f8f100142f2b9e367c048a2f1967dbfb533186c65ac3f0e780bf3b	  rule <k> ListExpr(ES:Exprs) => #evalArgs(ES, .Vals, toList) ... </k>	SUPPLIED_FIXED_SEMANTICS_UNUSED	Byte-identical to the trusted supplied semantics and not reachable from the submitted body/entry claims. No candidate-local alteration or proof dependency; no narrower false-rule witness was found in this audit.	
reference-semantics/semantics/list.k	5	15	15	rule	operational-rule		False	False	False	False	False	False	False	False	False	False	False	False	334dda46696c52301add5562a03649c9a16ca474e70b39fe4d31b95d5d5a6595	  rule <k> #applyK(toList, ACC:Vals) => #alloc(list(vals2valSeq(ACC))) ... </k>	SUPPLIED_FIXED_SEMANTICS_UNUSED	Byte-identical to the trusted supplied semantics and not reachable from the submitted body/entry claims. No candidate-local alteration or proof dependency; no narrower false-rule witness was found in this audit.	
reference-semantics/semantics/list.k	6	18	18	syntax	syntax-declaration	function, total	True	False	True	False	False	False	False	False	False	False	False	False	63ef3f93e33c0c2707ca61c011628dc89de81b69f7d22c2f5400a2f9efd4f338	  syntax ValSeq ::= valSeqConcat(ValSeq, ValSeq) [function, total]	SUPPLIED_FIXED_SEMANTICS_UNUSED	Byte-identical to the trusted supplied semantics and not reachable from the submitted body/entry claims. No candidate-local alteration or proof dependency; no narrower false-rule witness was found in this audit.	
reference-semantics/semantics/list.k	7	19	19	rule	equational-rule		False	False	False	False	False	False	False	False	False	False	False	False	9ecb79f27db7fbe0e0c38dac5d5b56d7fc52e74626b67c799112b44692b63510	  rule valSeqConcat(.ValSeq, T:ValSeq)                => T	SUPPLIED_FIXED_SEMANTICS_UNUSED	Byte-identical to the trusted supplied semantics and not reachable from the submitted body/entry claims. No candidate-local alteration or proof dependency; no narrower false-rule witness was found in this audit.	
reference-semantics/semantics/list.k	8	20	20	rule	equational-rule		False	False	False	False	False	False	False	False	False	False	False	False	94ed2480d7c48628d5f7febcc6dce2cbb7851bcd3d169e26552794dbfb2a40a1	  rule valSeqConcat(vCons(V:Val, S:ValSeq), T:ValSeq) => vCons(V, valSeqConcat(S, T))	SUPPLIED_FIXED_SEMANTICS_UNUSED	Byte-identical to the trusted supplied semantics and not reachable from the submitted body/entry claims. No candidate-local alteration or proof dependency; no narrower false-rule witness was found in this audit.	
reference-semantics/semantics/list.k	9	24	25	rule	operational-rule	priority(45)	False	False	False	False	False	True	False	False	False	False	False	False	cd1d1ad625550ed2d6fdcd1987644dde181047a5bc6ce605482e4a8718e42e5b	"  rule <k> BinOp(""+"", list(A:ValSeq), list(B:ValSeq)) => #alloc(list(valSeqConcat(A, B))) ... </k>\n       [priority(45)]"	SUPPLIED_FIXED_SEMANTICS_UNUSED	Byte-identical to the trusted supplied semantics and not reachable from the submitted body/entry claims. No candidate-local alteration or proof dependency; no narrower false-rule witness was found in this audit.	
reference-semantics/semantics/list.k	10	27	27	rule	equational-rule		False	False	False	False	False	False	False	False	False	False	False	False	8ddc89b170eb614bfd70f8cd6c5af7e48353b7cc05590ad2434cdb4e82340fa5	"  rule applyCmp(""=="", list(A:ValSeq), list(B:ValSeq)) => A ==K B"	SUPPLIED_FIXED_SEMANTICS_UNUSED	Byte-identical to the trusted supplied semantics and not reachable from the submitted body/entry claims. No candidate-local alteration or proof dependency; no narrower false-rule witness was found in this audit.	
reference-semantics/semantics/list.k	11	28	28	rule	equational-rule		False	False	False	False	False	False	False	False	False	False	False	False	f56edbc780500f1055818fc5dcacdfe932bf2b24b248cd93b09c9e5fdcd473f4	"  rule applyCmp(""!="", list(A:ValSeq), list(B:ValSeq)) => notBool (A ==K B)"	SUPPLIED_FIXED_SEMANTICS_UNUSED	Byte-identical to the trusted supplied semantics and not reachable from the submitted body/entry claims. No candidate-local alteration or proof dependency; no narrower false-rule witness was found in this audit.	
reference-semantics/semantics/list.k	12	33	33	syntax	syntax-declaration	function, total	True	False	True	False	False	False	False	False	False	False	False	False	44029e319c4c608e1ef7f3985a34d99f5a92ee22be2af3d78a4ca6c1e5e4fcb0	  syntax Bool ::= hasRefVS(ValSeq) [function, total]	SUPPLIED_FIXED_SEMANTICS_UNUSED	Byte-identical to the trusted supplied semantics and not reachable from the submitted body/entry claims. No candidate-local alteration or proof dependency; no narrower false-rule witness was found in this audit.	
reference-semantics/semantics/list.k	13	34	34	rule	equational-rule		False	False	False	False	False	False	False	False	False	False	False	False	8a65b89a80090f3a59df90dacf4de673e56b96474190d5e71b3b757e446c9ae4	  rule hasRefVS(.ValSeq)                => false	SUPPLIED_FIXED_SEMANTICS_UNUSED	Byte-identical to the trusted supplied semantics and not reachable from the submitted body/entry claims. No candidate-local alteration or proof dependency; no narrower false-rule witness was found in this audit.	
reference-semantics/semantics/list.k	14	35	35	rule	equational-rule		False	False	False	False	False	False	False	False	False	False	False	False	759df5f0d213991bd0908510ffa63b227d2fef245b7f761a25ff7acb8c6c84b8	  rule hasRefVS(vCons(V:Val, R:ValSeq)) => isRefV(V) orBool hasRefVS(R)	SUPPLIED_FIXED_SEMANTICS_UNUSED	Byte-identical to the trusted supplied semantics and not reachable from the submitted body/entry claims. No candidate-local alteration or proof dependency; no narrower false-rule witness was found in this audit.	
reference-semantics/semantics/list.k	15	37	38	syntax	syntax-declaration	function,function	True	False	False	False	False	False	False	False	False	False	False	False	22f437f7e9c2b901948b874bc4b3e5ac6678aa59a096590ab971a7b4312d32cf	  syntax Bool ::= deepEqVS(ValSeq, ValSeq, Map) [function]\n                | deepEqV(Val, Val, Map)        [function]	SUPPLIED_FIXED_SEMANTICS_UNUSED	Byte-identical to the trusted supplied semantics and not reachable from the submitted body/entry claims. No candidate-local alteration or proof dependency; no narrower false-rule witness was found in this audit.	
reference-semantics/semantics/list.k	16	39	39	rule	equational-rule		False	False	False	False	False	False	False	False	False	False	False	False	c759bda34829a7054c21cc9691d6a7bad01aa447474440828026e402a47d22a5	  rule deepEqVS(.ValSeq, .ValSeq, _:Map)                   => true	SUPPLIED_FIXED_SEMANTICS_UNUSED	Byte-identical to the trusted supplied semantics and not reachable from the submitted body/entry claims. No candidate-local alteration or proof dependency; no narrower false-rule witness was found in this audit.	
reference-semantics/semantics/list.k	17	40	40	rule	equational-rule		False	False	False	False	False	False	False	False	False	False	False	False	c9e583f195f4932b160a4105db0b0a73d1ce9df584d9e4fb01312440050dc83d	  rule deepEqVS(.ValSeq, vCons(_:Val, _:ValSeq), _:Map)    => false	SUPPLIED_FIXED_SEMANTICS_UNUSED	Byte-identical to the trusted supplied semantics and not reachable from the submitted body/entry claims. No candidate-local alteration or proof dependency; no narrower false-rule witness was found in this audit.	
reference-semantics/semantics/list.k	18	41	41	rule	equational-rule		False	False	False	False	False	False	False	False	False	False	False	False	b07a18b10b25e3389617b02e60b9c4dca6c5b3c01c06cc6ad7c853477b5389c6	  rule deepEqVS(vCons(_:Val, _:ValSeq), .ValSeq, _:Map)    => false	SUPPLIED_FIXED_SEMANTICS_UNUSED	Byte-identical to the trusted supplied semantics and not reachable from the submitted body/entry claims. No candidate-local alteration or proof dependency; no narrower false-rule witness was found in this audit.	
reference-semantics/semantics/list.k	19	42	43	rule	equational-rule		False	False	False	False	False	False	False	False	False	False	False	False	e25c06372d37e4874bd212a66fbb4e8c561839a909a966b4121d7937abb3728a	  rule deepEqVS(vCons(A:Val, As:ValSeq), vCons(B:Val, Bs:ValSeq), HP:Map)\n    => deepEqV(A, B, HP) andBool deepEqVS(As, Bs, HP)	SUPPLIED_FIXED_SEMANTICS_UNUSED	Byte-identical to the trusted supplied semantics and not reachable from the submitted body/entry claims. No candidate-local alteration or proof dependency; no narrower false-rule witness was found in this audit.	
reference-semantics/semantics/list.k	20	45	46	rule	equational-rule	H	False	False	False	False	False	False	False	False	False	False	False	False	fea6ba377adb8a02b06f6f6a74aa84794d0c554ac2c7f06bd45483c2f7ebe28a	  rule deepEqV(ref(H:Int), B:Val, HP:Map) => deepEqV({HP[H]}:>Val, B, HP)\n       requires H in_keys(HP)	SUPPLIED_FIXED_SEMANTICS_UNUSED	Byte-identical to the trusted supplied semantics and not reachable from the submitted body/entry claims. No candidate-local alteration or proof dependency; no narrower false-rule witness was found in this audit.	
reference-semantics/semantics/list.k	21	47	48	rule	equational-rule	H	False	False	False	False	False	False	False	False	False	False	False	False	f53ce7bc027ca6b69b6860d249ff09919f374bea800c9742ad8c5fad4a0cdaab	  rule deepEqV(A:Val, ref(H:Int), HP:Map) => deepEqV(A, {HP[H]}:>Val, HP)\n       requires notBool isRefV(A) andBool H in_keys(HP)	SUPPLIED_FIXED_SEMANTICS_UNUSED	Byte-identical to the trusted supplied semantics and not reachable from the submitted body/entry claims. No candidate-local alteration or proof dependency; no narrower false-rule witness was found in this audit.	
reference-semantics/semantics/list.k	22	49	49	rule	equational-rule		False	False	False	False	False	False	False	False	False	False	False	False	55ffaba67547bfddc63a8841da4a46371036cff65a7d3a4c4e16f172bac65332	  rule deepEqV(list(A:ValSeq), list(B:ValSeq), HP:Map) => deepEqVS(A, B, HP)	SUPPLIED_FIXED_SEMANTICS_UNUSED	Byte-identical to the trusted supplied semantics and not reachable from the submitted body/entry claims. No candidate-local alteration or proof dependency; no narrower false-rule witness was found in this audit.	
reference-semantics/semantics/list.k	23	50	50	rule	equational-rule	owise	False	False	False	False	False	False	False	False	True	False	False	False	b865b6b765f1b202616062b4afd8d3cd33d85247a34de9221dfed56d8c9520ee	  rule deepEqV(A:Val, B:Val, _:Map) => A ==K B [owise]	SUPPLIED_FIXED_SEMANTICS_UNUSED	Byte-identical to the trusted supplied semantics and not reachable from the submitted body/entry claims. No candidate-local alteration or proof dependency; no narrower false-rule witness was found in this audit.	
reference-semantics/semantics/list.k	24	53	55	rule	operational-rule	priority(40)	False	False	False	False	False	True	False	False	False	False	False	False	d83ca894a85a45f397bcd99215bc1426d84d9e267fa854fdf4185aefd44edca5	"  rule <k> #applyK(toCall(boundMethodV(ref(H:Int), ""append"")), (V:Val, .Vals)) => noneV ... </k>\n       <heap> ... H |-> list(VS:ValSeq => valSeqConcat(VS, vCons(V, .ValSeq))) ... </heap>\n       [priority(40)]"	SUPPLIED_FIXED_SEMANTICS_UNUSED	Byte-identical to the trusted supplied semantics and not reachable from the submitted body/entry claims. No candidate-local alteration or proof dependency; no narrower false-rule witness was found in this audit.	
reference-semantics/semantics/list.k	25	58	58	syntax	syntax-declaration		False	False	False	False	False	False	False	False	False	False	False	False	dd04ea4aa4505115e57b9d97ea0e32325ca2d271f9cfcb9791671fe276550091	"  syntax KItem ::= #memberAcc(Val, Iterable) | #memberCont(Val) | ""#notB"""	SUPPLIED_FIXED_SEMANTICS_UNUSED	Byte-identical to the trusted supplied semantics and not reachable from the submitted body/entry claims. No candidate-local alteration or proof dependency; no narrower false-rule witness was found in this audit.	
reference-semantics/semantics/list.k	26	59	59	rule	operational-rule		False	False	False	False	False	False	False	False	False	False	False	False	b461a8f6cf3c0b18ca7d11d16c3e3219f747a50ae7d27eb7cbda2c3726223f4e	"  rule <k> Compare(LV:Val, CmpOp(""in"",     list(VS:ValSeq))) => #memberAcc(LV, list(VS)) ... </k>"	SUPPLIED_FIXED_SEMANTICS_UNUSED	Byte-identical to the trusted supplied semantics and not reachable from the submitted body/entry claims. No candidate-local alteration or proof dependency; no narrower false-rule witness was found in this audit.	
reference-semantics/semantics/list.k	27	60	60	rule	operational-rule		False	False	False	False	False	False	False	False	False	False	False	False	4fa29da1e904ce1f4fd73089c03de66e581ecbfe2d44da499dc51b2b563cdb4b	"  rule <k> Compare(LV:Val, CmpOp(""not in"", list(VS:ValSeq))) => #memberAcc(LV, list(VS)) ~> #notB ... </k>"	SUPPLIED_FIXED_SEMANTICS_UNUSED	Byte-identical to the trusted supplied semantics and not reachable from the submitted body/entry claims. No candidate-local alteration or proof dependency; no narrower false-rule witness was found in this audit.	
reference-semantics/semantics/list.k	28	61	61	rule	operational-rule		False	False	False	False	False	False	False	False	False	False	False	False	143da4ffd8327b3693ce032627e44ba14e240aa89d32d9dbf3c39bf938daca2e	  rule <k> #memberAcc(V:Val, IT:Iterable) => #iterNext(IT) ~> #memberCont(V) ... </k>	SUPPLIED_FIXED_SEMANTICS_UNUSED	Byte-identical to the trusted supplied semantics and not reachable from the submitted body/entry claims. No candidate-local alteration or proof dependency; no narrower false-rule witness was found in this audit.	
reference-semantics/semantics/list.k	29	62	62	rule	operational-rule		False	False	False	False	False	False	False	False	False	False	False	False	833d0b90f243f5f1451a64a9bbe5ce65c10b2fad0b740b8c6bb16beea17fd418	  rule <k> #iterDone ~> #memberCont(_V:Val) => false ... </k>	SUPPLIED_FIXED_SEMANTICS_UNUSED	Byte-identical to the trusted supplied semantics and not reachable from the submitted body/entry claims. No candidate-local alteration or proof dependency; no narrower false-rule witness was found in this audit.	
reference-semantics/semantics/list.k	30	63	64	rule	operational-rule		False	False	False	False	False	False	False	False	False	False	False	False	9c458b9c339e039478c99eab5446149ee4db5a865c976ed6cac5d86cad6c2958	  rule <k> #iterYield(E:Val, _:Iterable) ~> #memberCont(V:Val) => true ... </k>\n       requires E ==K V	SUPPLIED_FIXED_SEMANTICS_UNUSED	Byte-identical to the trusted supplied semantics and not reachable from the submitted body/entry claims. No candidate-local alteration or proof dependency; no narrower false-rule witness was found in this audit.	
reference-semantics/semantics/list.k	31	65	66	rule	operational-rule		False	False	False	False	False	False	False	False	False	False	False	False	9ee0af6417034da9d6f9cefdfb99c63bf4324351158a8cbe7607eeba53893e2e	  rule <k> #iterYield(E:Val, R:Iterable) ~> #memberCont(V:Val) => #memberAcc(V, R) ... </k>\n       requires notBool (E ==K V)	SUPPLIED_FIXED_SEMANTICS_UNUSED	Byte-identical to the trusted supplied semantics and not reachable from the submitted body/entry claims. No candidate-local alteration or proof dependency; no narrower false-rule witness was found in this audit.	
reference-semantics/semantics/list.k	32	67	67	rule	operational-rule		False	False	False	False	False	False	False	False	False	False	False	False	938954dd79916d2260ca0608d9e7ca90c4cec59a0b3d7b96489db54ae6397e0f	  rule <k> B:Bool ~> #notB => notBool B ... </k>	SUPPLIED_FIXED_SEMANTICS_UNUSED	Byte-identical to the trusted supplied semantics and not reachable from the submitted body/entry claims. No candidate-local alteration or proof dependency; no narrower false-rule witness was found in this audit.	
reference-semantics/semantics/methods.k	1	10	10	syntax	syntax-declaration	function	True	False	False	False	False	False	False	False	False	False	False	False	3e8441061c4f1d28010676a47a3ea40a8241d3cb238dc7889b8f8656394929aa	  syntax Val ::= applyMethod(Val, String, Vals) [function]	SUPPLIED_FIXED_SEMANTICS_USED	Byte-identical to the trusted supplied semantics. This declaration/rule is on the submitted body's path; its evaluation/control/state role was checked against the program construct. Float no-evaluator symbols remain explicit fixed-semantics trust boundaries.	
reference-semantics/semantics/methods.k	2	13	13	rule	equational-rule		False	False	False	False	False	False	False	False	False	False	False	False	b7669b15fbf87db858773eadb8987c1e891fe1c710c1315d2429f21958776b76	"  rule applyMethod(str(CS:IntSeq), ""isupper"", .Vals) => hasUpper(CS) andBool notBool hasLower(CS)"	SUPPLIED_FIXED_SEMANTICS_UNUSED	Byte-identical to the trusted supplied semantics and not reachable from the submitted body/entry claims. No candidate-local alteration or proof dependency; no narrower false-rule witness was found in this audit.	
reference-semantics/semantics/methods.k	3	14	14	rule	equational-rule		False	False	False	False	False	False	False	False	False	False	False	False	3a815cb926b99b5e3e355609e436a92bae45a60576e7ccacaeeda69b78756fcb	"  rule applyMethod(str(CS:IntSeq), ""islower"", .Vals) => hasLower(CS) andBool notBool hasUpper(CS)"	SUPPLIED_FIXED_SEMANTICS_UNUSED	Byte-identical to the trusted supplied semantics and not reachable from the submitted body/entry claims. No candidate-local alteration or proof dependency; no narrower false-rule witness was found in this audit.	
reference-semantics/semantics/methods.k	4	15	15	rule	equational-rule		False	False	False	False	False	False	False	False	False	False	False	False	6fd42ec43c49ce6ec85411cee4a52c13980ef76faa399b0f29a66edcd2f3c00a	"  rule applyMethod(str(CS:IntSeq), ""isalpha"", .Vals) => notBool (CS ==K .IntSeq) andBool allAlpha(CS)"	SUPPLIED_FIXED_SEMANTICS_UNUSED	Byte-identical to the trusted supplied semantics and not reachable from the submitted body/entry claims. No candidate-local alteration or proof dependency; no narrower false-rule witness was found in this audit.	
reference-semantics/semantics/methods.k	5	16	16	rule	equational-rule		False	False	False	False	False	False	False	False	False	False	False	False	e2df1cc3a1a42140e475fa0516cff2c863e63e9e3c1eef7c02f7f868a7fc87e3	"  rule applyMethod(str(CS:IntSeq), ""isdigit"", .Vals) => notBool (CS ==K .IntSeq) andBool allDigit(CS)"	SUPPLIED_FIXED_SEMANTICS_UNUSED	Byte-identical to the trusted supplied semantics and not reachable from the submitted body/entry claims. No candidate-local alteration or proof dependency; no narrower false-rule witness was found in this audit.	
reference-semantics/semantics/methods.k	6	19	19	rule	equational-rule		False	False	False	False	False	False	False	False	False	False	False	False	a3985736aa2606e116fc693da809f6efd164c98321e8b3283ee43b875426fd3b	"  rule applyMethod(str(CS:IntSeq), ""lower"",    .Vals) => str(mapLower(CS))"	SUPPLIED_FIXED_SEMANTICS_UNUSED	Byte-identical to the trusted supplied semantics and not reachable from the submitted body/entry claims. No candidate-local alteration or proof dependency; no narrower false-rule witness was found in this audit.	
reference-semantics/semantics/methods.k	7	20	20	rule	equational-rule		False	False	False	False	False	False	False	False	False	False	False	False	edc8643ab8bef4b83c357aa0c0bbed73c683a3d32daf742244dcda43616e1ed4	"  rule applyMethod(str(CS:IntSeq), ""upper"",    .Vals) => str(mapUpper(CS))"	SUPPLIED_FIXED_SEMANTICS_UNUSED	Byte-identical to the trusted supplied semantics and not reachable from the submitted body/entry claims. No candidate-local alteration or proof dependency; no narrower false-rule witness was found in this audit.	
reference-semantics/semantics/methods.k	8	21	21	rule	equational-rule		False	False	False	False	False	False	False	False	False	False	False	False	f32bc59f02719b1d92287502279444130453fdd47f4404bfa199272b24cd419e	"  rule applyMethod(str(CS:IntSeq), ""swapcase"", .Vals) => str(mapSwap(CS))"	SUPPLIED_FIXED_SEMANTICS_UNUSED	Byte-identical to the trusted supplied semantics and not reachable from the submitted body/entry claims. No candidate-local alteration or proof dependency; no narrower false-rule witness was found in this audit.	
reference-semantics/semantics/methods.k	9	26	26	rule	equational-rule		False	False	False	False	False	False	False	False	False	False	False	False	dfc3b97b17e7489f67f23fdf077f2046284abf4cfc15b45c1644c65c85481a00	"  rule applyMethod(str(SEP:IntSeq), ""join"", list(VS:ValSeq), .Vals) => str(joinCodes(SEP, VS))"	SUPPLIED_FIXED_SEMANTICS_UNUSED	Byte-identical to the trusted supplied semantics and not reachable from the submitted body/entry claims. No candidate-local alteration or proof dependency; no narrower false-rule witness was found in this audit.	
reference-semantics/semantics/methods.k	10	27	27	syntax	syntax-declaration	function, total	True	False	True	False	False	False	False	False	False	False	False	False	0e22b61793ec094dc706a18e56b9f3eca1a93afdb946c93c71a4ca1023a3801c	  syntax IntSeq ::= joinCodes(IntSeq, ValSeq) [function, total]	SUPPLIED_FIXED_SEMANTICS_UNUSED	Byte-identical to the trusted supplied semantics and not reachable from the submitted body/entry claims. No candidate-local alteration or proof dependency; no narrower false-rule witness was found in this audit.	
reference-semantics/semantics/methods.k	11	28	28	rule	equational-rule		False	False	False	False	False	False	False	False	False	False	False	False	fc613beef8322b7cc11d46af92ef51a462ffaf63ba04d358b871c87cc534296e	  rule joinCodes(_:IntSeq, .ValSeq) => .IntSeq	SUPPLIED_FIXED_SEMANTICS_UNUSED	Byte-identical to the trusted supplied semantics and not reachable from the submitted body/entry claims. No candidate-local alteration or proof dependency; no narrower false-rule witness was found in this audit.	
reference-semantics/semantics/methods.k	12	29	29	rule	equational-rule		False	False	False	False	False	False	False	False	False	False	False	False	f81f68eaefd24439368e18f0d4c48bccdc84c6a64240d584062b3539b12a4631	  rule joinCodes(_:IntSeq, vCons(str(CS:IntSeq), .ValSeq)) => CS	SUPPLIED_FIXED_SEMANTICS_UNUSED	Byte-identical to the trusted supplied semantics and not reachable from the submitted body/entry claims. No candidate-local alteration or proof dependency; no narrower false-rule witness was found in this audit.	
reference-semantics/semantics/methods.k	13	30	31	rule	equational-rule		False	False	False	False	False	False	False	False	False	False	False	False	83da5f41616684854c31e56acbef5cc5ddf734f1e80688a886d03edc836cbe0b	  rule joinCodes(SEP:IntSeq, vCons(str(CS:IntSeq), vCons(V:Val, R:ValSeq)))\n    => seqConcat(CS, seqConcat(SEP, joinCodes(SEP, vCons(V, R))))	SUPPLIED_FIXED_SEMANTICS_UNUSED	Byte-identical to the trusted supplied semantics and not reachable from the submitted body/entry claims. No candidate-local alteration or proof dependency; no narrower false-rule witness was found in this audit.	
reference-semantics/semantics/methods.k	14	34	34	rule	equational-rule		False	False	False	False	False	False	False	False	False	False	False	False	d142904d85b699b442fe34283ee2f7fbea16d5c7c67b7d5d7fc3ea05916589f7	"  rule applyMethod(str(CS:IntSeq), ""count"", str(PC:IntSeq), .Vals) => cntSub(CS, PC)"	SUPPLIED_FIXED_SEMANTICS_UNUSED	Byte-identical to the trusted supplied semantics and not reachable from the submitted body/entry claims. No candidate-local alteration or proof dependency; no narrower false-rule witness was found in this audit.	
reference-semantics/semantics/methods.k	15	35	35	syntax	syntax-declaration	function	True	False	False	False	False	False	False	False	False	False	False	False	d56e0fb6a44e50fcee7673a2e58abf04d97fb8440de0fccc9094c09275a477ef	  syntax Int ::= cntSub(IntSeq, IntSeq) [function]	SUPPLIED_FIXED_SEMANTICS_UNUSED	Byte-identical to the trusted supplied semantics and not reachable from the submitted body/entry claims. No candidate-local alteration or proof dependency; no narrower false-rule witness was found in this audit.	
reference-semantics/semantics/methods.k	16	36	36	rule	equational-rule		False	False	False	False	False	False	False	False	False	False	False	False	f0885407533fe00a7432d741c8fea2af55c873fc61e2ef583d2f0c2a9d7298fd	  rule cntSub(.IntSeq, _:IntSeq) => 0	SUPPLIED_FIXED_SEMANTICS_UNUSED	Byte-identical to the trusted supplied semantics and not reachable from the submitted body/entry claims. No candidate-local alteration or proof dependency; no narrower false-rule witness was found in this audit.	
reference-semantics/semantics/methods.k	17	37	38	rule	equational-rule		False	False	False	False	False	False	False	False	False	False	False	False	69b598e4bee4f583be878c7c626c8587cedee8b0c22d6679cb9571c066fb4f02	  rule cntSub(iCons(C:Int, R:IntSeq), PC:IntSeq) => 1 +Int cntSub(dropIS(iCons(C, R), isLen(PC)), PC)\n       requires strPrefix(PC, iCons(C, R)) andBool isLen(PC) >Int 0	SUPPLIED_FIXED_SEMANTICS_UNUSED	Byte-identical to the trusted supplied semantics and not reachable from the submitted body/entry claims. No candidate-local alteration or proof dependency; no narrower false-rule witness was found in this audit.	
reference-semantics/semantics/methods.k	18	39	40	rule	equational-rule		False	False	False	False	False	False	False	False	False	False	False	False	08421302194f5859352eb72509d8be298c31460fbc6a660f2a7a574aa71928b9	  rule cntSub(iCons(C:Int, R:IntSeq), PC:IntSeq) => cntSub(R, PC)\n       requires notBool strPrefix(PC, iCons(C, R)) orBool isLen(PC) <=Int 0	SUPPLIED_FIXED_SEMANTICS_UNUSED	Byte-identical to the trusted supplied semantics and not reachable from the submitted body/entry claims. No candidate-local alteration or proof dependency; no narrower false-rule witness was found in this audit.	
reference-semantics/semantics/methods.k	19	41	41	syntax	syntax-declaration	function, total	True	False	True	False	False	False	False	False	False	False	False	False	4a2792739ac212ae3b1aa8437e3fe3f63c4712687ee2bfc0f551f2159158753a	  syntax IntSeq ::= dropIS(IntSeq, Int) [function, total]	SUPPLIED_FIXED_SEMANTICS_UNUSED	Byte-identical to the trusted supplied semantics and not reachable from the submitted body/entry claims. No candidate-local alteration or proof dependency; no narrower false-rule witness was found in this audit.	
reference-semantics/semantics/methods.k	20	42	42	rule	equational-rule		False	False	False	False	False	False	False	False	False	False	False	False	f0a1a6cf8dea5b2e69553343cf4a98e0260c70767fc9a7e8ddf1cc119fff9e4f	  rule dropIS(S:IntSeq, N:Int) => S requires N <=Int 0	SUPPLIED_FIXED_SEMANTICS_UNUSED	Byte-identical to the trusted supplied semantics and not reachable from the submitted body/entry claims. No candidate-local alteration or proof dependency; no narrower false-rule witness was found in this audit.	
reference-semantics/semantics/methods.k	21	43	43	rule	equational-rule	owise	False	False	False	False	False	False	False	False	True	False	False	False	6b374d69ac8af9a07b8758cf9a719427be51f41611cb32f5589c191efb296c4b	  rule dropIS(.IntSeq, _:Int) => .IntSeq [owise]	SUPPLIED_FIXED_SEMANTICS_UNUSED	Byte-identical to the trusted supplied semantics and not reachable from the submitted body/entry claims. No candidate-local alteration or proof dependency; no narrower false-rule witness was found in this audit.	
reference-semantics/semantics/methods.k	22	44	44	rule	equational-rule		False	False	False	False	False	False	False	False	False	False	False	False	5cc4281cb882b6bbd534049a63a55bd70cf836470ecd81a984dff8eeab8792f8	  rule dropIS(iCons(_:Int, R:IntSeq), N:Int) => dropIS(R, N -Int 1) requires N >Int 0	SUPPLIED_FIXED_SEMANTICS_UNUSED	Byte-identical to the trusted supplied semantics and not reachable from the submitted body/entry claims. No candidate-local alteration or proof dependency; no narrower false-rule witness was found in this audit.	
reference-semantics/semantics/methods.k	23	47	47	rule	equational-rule		False	False	False	False	False	False	False	False	False	False	False	False	5a5938b04ac3e747bb44b5bca94fad44cb4f9b77c04b600a64075066854ddf05	"  rule applyMethod(str(CS:IntSeq), ""strip"", .Vals) => str(revIS(trimWS(revIS(trimWS(CS)))))"	SUPPLIED_FIXED_SEMANTICS_UNUSED	Byte-identical to the trusted supplied semantics and not reachable from the submitted body/entry claims. No candidate-local alteration or proof dependency; no narrower false-rule witness was found in this audit.	
reference-semantics/semantics/methods.k	24	48	48	syntax	syntax-declaration	function, total	True	False	True	False	False	False	False	False	False	False	False	False	bf69006c0ede4ae42ee7f056cf1bf5b43526c2acc8d8980b81c340e279b9c117	  syntax IntSeq ::= trimWS(IntSeq) [function, total]	SUPPLIED_FIXED_SEMANTICS_UNUSED	Byte-identical to the trusted supplied semantics and not reachable from the submitted body/entry claims. No candidate-local alteration or proof dependency; no narrower false-rule witness was found in this audit.	
reference-semantics/semantics/methods.k	25	49	49	rule	equational-rule		False	False	False	False	False	False	False	False	False	False	False	False	0a0aa05377f93fc178c1a84d46b929d489b4bed7467829431e15519d70361141	  rule trimWS(.IntSeq) => .IntSeq	SUPPLIED_FIXED_SEMANTICS_UNUSED	Byte-identical to the trusted supplied semantics and not reachable from the submitted body/entry claims. No candidate-local alteration or proof dependency; no narrower false-rule witness was found in this audit.	
reference-semantics/semantics/methods.k	26	50	50	rule	equational-rule		False	False	False	False	False	False	False	False	False	False	False	False	c94c786f6c18028a512de73067ed70870709dd01c1f51cfc1cea38315a020835	  rule trimWS(iCons(C:Int, R:IntSeq)) => trimWS(R) requires isWSC(C)	SUPPLIED_FIXED_SEMANTICS_UNUSED	Byte-identical to the trusted supplied semantics and not reachable from the submitted body/entry claims. No candidate-local alteration or proof dependency; no narrower false-rule witness was found in this audit.	
reference-semantics/semantics/methods.k	27	51	51	rule	equational-rule		False	False	False	False	False	False	False	False	False	False	False	False	15dd89ab87ccaf2a24bb627d12c416526686d50a1faaeb6d285cb19826698df6	  rule trimWS(iCons(C:Int, R:IntSeq)) => iCons(C, R) requires notBool isWSC(C)	SUPPLIED_FIXED_SEMANTICS_UNUSED	Byte-identical to the trusted supplied semantics and not reachable from the submitted body/entry claims. No candidate-local alteration or proof dependency; no narrower false-rule witness was found in this audit.	
reference-semantics/semantics/methods.k	28	52	52	syntax	syntax-declaration	function, total,function, total	True	False	True	False	False	False	False	False	False	False	False	False	c1ab439da5dce75f7782a79abfcbcf693d94a2c3c6c15c68ec19972269bd9415	  syntax IntSeq ::= revIS(IntSeq) [function, total] | revISAcc(IntSeq, IntSeq) [function, total]	SUPPLIED_FIXED_SEMANTICS_UNUSED	Byte-identical to the trusted supplied semantics and not reachable from the submitted body/entry claims. No candidate-local alteration or proof dependency; no narrower false-rule witness was found in this audit.	
reference-semantics/semantics/methods.k	29	53	53	rule	equational-rule		False	False	False	False	False	False	False	False	False	False	False	False	22121986e5951e353c8e4c1cf9441a2ea1fd033191779c0a3dc5c42971e57e3e	  rule revIS(S:IntSeq) => revISAcc(S, .IntSeq)	SUPPLIED_FIXED_SEMANTICS_UNUSED	Byte-identical to the trusted supplied semantics and not reachable from the submitted body/entry claims. No candidate-local alteration or proof dependency; no narrower false-rule witness was found in this audit.	
reference-semantics/semantics/methods.k	30	54	54	rule	equational-rule		False	False	False	False	False	False	False	False	False	False	False	False	80fdf0f4b330839a6089e88a8d66321d5b3c7e05be31b8fbf1e7200da43950d6	  rule revISAcc(.IntSeq, A:IntSeq) => A	SUPPLIED_FIXED_SEMANTICS_UNUSED	Byte-identical to the trusted supplied semantics and not reachable from the submitted body/entry claims. No candidate-local alteration or proof dependency; no narrower false-rule witness was found in this audit.	
reference-semantics/semantics/methods.k	31	55	55	rule	equational-rule		False	False	False	False	False	False	False	False	False	False	False	False	35bac6295fa10183b551a7b6f39bfbec20dd84c620d5db63439611752f692ceb	  rule revISAcc(iCons(C:Int, R:IntSeq), A:IntSeq) => revISAcc(R, iCons(C, A))	SUPPLIED_FIXED_SEMANTICS_UNUSED	Byte-identical to the trusted supplied semantics and not reachable from the submitted body/entry claims. No candidate-local alteration or proof dependency; no narrower false-rule witness was found in this audit.	
reference-semantics/semantics/methods.k	32	58	58	rule	equational-rule		False	False	False	False	False	False	False	False	False	False	False	False	07aa7d506d4a8a2a80ca5f35d805b5459e4210d22d3f9196837920a80396d08a	"  rule applyMethod(str(CS:IntSeq), ""encode"", str(_:IntSeq), .Vals) => str(CS)"	SUPPLIED_FIXED_SEMANTICS_UNUSED	Byte-identical to the trusted supplied semantics and not reachable from the submitted body/entry claims. No candidate-local alteration or proof dependency; no narrower false-rule witness was found in this audit.	
reference-semantics/semantics/methods.k	33	61	61	rule	equational-rule		False	False	False	False	False	False	False	False	False	False	False	False	0c41ce3b3f623c620c530e9fdbeb5205a538f3efb696c4012bda67180ad745fc	"  rule applyMethod(str(XC:IntSeq), ""startswith"", str(PC:IntSeq), .Vals) => startsWith(PC, XC)"	SUPPLIED_FIXED_SEMANTICS_UNUSED	Byte-identical to the trusted supplied semantics and not reachable from the submitted body/entry claims. No candidate-local alteration or proof dependency; no narrower false-rule witness was found in this audit.	
reference-semantics/semantics/methods.k	34	64	64	rule	equational-rule		False	False	False	False	False	False	False	False	False	False	False	False	1990bff70fee1288444f23365cb71af798c512b05cbafebb8f2d07c8329bc5c9	"  rule applyMethod(list(VS:ValSeq), ""count"", V:Val, .Vals) => cntOccVS(VS, V)"	SUPPLIED_FIXED_SEMANTICS_UNUSED	Byte-identical to the trusted supplied semantics and not reachable from the submitted body/entry claims. No candidate-local alteration or proof dependency; no narrower false-rule witness was found in this audit.	
reference-semantics/semantics/methods.k	35	65	65	syntax	syntax-declaration	function, total	True	False	True	False	False	False	False	False	False	False	False	False	725ebb86ccbbc148cc11081fe334b0288faeadcdec36b009b5783794f54fe4be	  syntax Int ::= cntOccVS(ValSeq, Val) [function, total]	SUPPLIED_FIXED_SEMANTICS_UNUSED	Byte-identical to the trusted supplied semantics and not reachable from the submitted body/entry claims. No candidate-local alteration or proof dependency; no narrower false-rule witness was found in this audit.	
reference-semantics/semantics/methods.k	36	66	66	rule	equational-rule		False	False	False	False	False	False	False	False	False	False	False	False	1a6433f256d67837d346d7b82d77283af3b30d7cc267468cfee2dd11d4b6120b	  rule cntOccVS(.ValSeq, _:Val)                => 0	SUPPLIED_FIXED_SEMANTICS_UNUSED	Byte-identical to the trusted supplied semantics and not reachable from the submitted body/entry claims. No candidate-local alteration or proof dependency; no narrower false-rule witness was found in this audit.	
reference-semantics/semantics/methods.k	37	67	67	rule	equational-rule		False	False	False	False	False	False	False	False	False	False	False	False	d82673fa6cc1f80357817f9b2bea896b676558f4eea7aa67a2da4c3dfec33b81	  rule cntOccVS(vCons(A:Val, R:ValSeq), V:Val) => 1 +Int cntOccVS(R, V) requires A ==K V	SUPPLIED_FIXED_SEMANTICS_UNUSED	Byte-identical to the trusted supplied semantics and not reachable from the submitted body/entry claims. No candidate-local alteration or proof dependency; no narrower false-rule witness was found in this audit.	
reference-semantics/semantics/methods.k	38	68	68	rule	equational-rule		False	False	False	False	False	False	False	False	False	False	False	False	07b2cff4ab89ed821aa84173a7eb7df76243ffcd84d2be1b27de1a08cba8ac65	  rule cntOccVS(vCons(A:Val, R:ValSeq), V:Val) => cntOccVS(R, V)        requires notBool (A ==K V)	SUPPLIED_FIXED_SEMANTICS_UNUSED	Byte-identical to the trusted supplied semantics and not reachable from the submitted body/entry claims. No candidate-local alteration or proof dependency; no narrower false-rule witness was found in this audit.	
reference-semantics/semantics/methods.k	39	72	74	rule	operational-rule	priority(40)	False	False	False	False	False	True	False	False	False	False	False	False	2ad23827cf91eabc8f4680fa4b07557d497494be07a36c355b3691bde1b637be	"  rule <k> #applyK(toCall(boundMethodV(str(CS:IntSeq), ""split"")), .Vals)\n        => #alloc(list(splitWS(CS, .IntSeq, .ValSeq))) ... </k>\n       [priority(40)]"	SUPPLIED_FIXED_SEMANTICS_UNUSED	Byte-identical to the trusted supplied semantics and not reachable from the submitted body/entry claims. No candidate-local alteration or proof dependency; no narrower false-rule witness was found in this audit.	
reference-semantics/semantics/methods.k	40	75	75	syntax	syntax-declaration	function	True	False	False	False	False	False	False	False	False	False	False	False	8c48eee7d8bfb558a0ca5e3aff17c2a18a77694e29df4e8f20d1772faf03a946	  syntax ValSeq ::= splitWS(IntSeq, IntSeq, ValSeq) [function]  // remaining, current token, result	SUPPLIED_FIXED_SEMANTICS_UNUSED	Byte-identical to the trusted supplied semantics and not reachable from the submitted body/entry claims. No candidate-local alteration or proof dependency; no narrower false-rule witness was found in this audit.	
reference-semantics/semantics/methods.k	41	76	76	rule	equational-rule		False	False	False	False	False	False	False	False	False	False	False	False	d3e11e7fb84fff018b7d03531207a2b0208387218e94e71ec5fc278f338510e6	  rule splitWS(.IntSeq, CUR:IntSeq, ACC:ValSeq) => flushTok(ACC, CUR)	SUPPLIED_FIXED_SEMANTICS_UNUSED	Byte-identical to the trusted supplied semantics and not reachable from the submitted body/entry claims. No candidate-local alteration or proof dependency; no narrower false-rule witness was found in this audit.	
reference-semantics/semantics/methods.k	42	77	78	rule	equational-rule		False	False	False	False	False	False	False	False	False	False	False	False	b7c6d4ecab48c7ddbb2b31c682b4aeaa37d90ca07f54962b69fe5ec2c990ae06	  rule splitWS(iCons(C:Int, R:IntSeq), CUR:IntSeq, ACC:ValSeq) => splitWS(R, .IntSeq, flushTok(ACC, CUR))\n       requires isWSC(C)	SUPPLIED_FIXED_SEMANTICS_UNUSED	Byte-identical to the trusted supplied semantics and not reachable from the submitted body/entry claims. No candidate-local alteration or proof dependency; no narrower false-rule witness was found in this audit.	
reference-semantics/semantics/methods.k	43	79	80	rule	equational-rule		False	False	False	False	False	False	False	False	False	False	False	False	ec31f92a310c166ff64c30a84a3555a4b7286bc3a3da4a63795193764047a1c1	  rule splitWS(iCons(C:Int, R:IntSeq), CUR:IntSeq, ACC:ValSeq) => splitWS(R, seqConcat(CUR, iCons(C, .IntSeq)), ACC)\n       requires notBool isWSC(C)	SUPPLIED_FIXED_SEMANTICS_UNUSED	Byte-identical to the trusted supplied semantics and not reachable from the submitted body/entry claims. No candidate-local alteration or proof dependency; no narrower false-rule witness was found in this audit.	
reference-semantics/semantics/methods.k	44	82	82	syntax	syntax-declaration	function	True	False	False	False	False	False	False	False	False	False	False	False	896935aaebfcf53490c928df5345d6799a36dc54bc7ca23db1e085d01f4a90bc	  syntax ValSeq ::= flushTok(ValSeq, IntSeq) [function]	SUPPLIED_FIXED_SEMANTICS_UNUSED	Byte-identical to the trusted supplied semantics and not reachable from the submitted body/entry claims. No candidate-local alteration or proof dependency; no narrower false-rule witness was found in this audit.	
reference-semantics/semantics/methods.k	45	83	83	rule	equational-rule		False	False	False	False	False	False	False	False	False	False	False	False	9cef07684ab03aad1a4d47fd213869cc7e3e44410af022f85f8358ea43a5d03f	  rule flushTok(ACC:ValSeq, .IntSeq)            => ACC	SUPPLIED_FIXED_SEMANTICS_UNUSED	Byte-identical to the trusted supplied semantics and not reachable from the submitted body/entry claims. No candidate-local alteration or proof dependency; no narrower false-rule witness was found in this audit.	
reference-semantics/semantics/methods.k	46	84	84	rule	equational-rule		False	False	False	False	False	False	False	False	False	False	False	False	5f2801f23a3569e8c6714d2ff3a6bfebc9fe6cbf528621ecc6796b960af9e9f3	  rule flushTok(ACC:ValSeq, iCons(C:Int, T:IntSeq)) => valSeqConcat(ACC, vCons(str(iCons(C, T)), .ValSeq))	SUPPLIED_FIXED_SEMANTICS_UNUSED	Byte-identical to the trusted supplied semantics and not reachable from the submitted body/entry claims. No candidate-local alteration or proof dependency; no narrower false-rule witness was found in this audit.	
reference-semantics/semantics/methods.k	47	85	85	syntax	syntax-declaration	function, total	True	False	True	False	False	False	False	False	False	False	False	False	0c3075fad4bb972729f538df2a2ddb6985880a1f69e26b6e510ab4bd26d1bf51	  syntax Bool ::= isWSC(Int) [function, total]	SUPPLIED_FIXED_SEMANTICS_UNUSED	Byte-identical to the trusted supplied semantics and not reachable from the submitted body/entry claims. No candidate-local alteration or proof dependency; no narrower false-rule witness was found in this audit.	
reference-semantics/semantics/methods.k	48	86	86	rule	equational-rule		False	False	False	False	False	False	False	False	False	False	False	False	b5055b980231b6658616dbcde1aec7f6b898df3575b5ed63bc73dc0f203838c6	  rule isWSC(C:Int) => C ==Int 32 orBool C ==Int 9 orBool C ==Int 10 orBool C ==Int 13	SUPPLIED_FIXED_SEMANTICS_UNUSED	Byte-identical to the trusted supplied semantics and not reachable from the submitted body/entry claims. No candidate-local alteration or proof dependency; no narrower false-rule witness was found in this audit.	
reference-semantics/semantics/methods.k	49	89	91	rule	operational-rule	priority(39)	False	False	False	False	False	True	False	False	False	False	False	False	1894a74ddd0e2b0437a882647f5a5eebe0ee213c4c106f448f91c64951aa595c	"  rule <k> #applyK(toCall(boundMethodV(str(CS:IntSeq), ""split"")), (kwV(""sep"", str(S:IntSeq)), .Vals))\n        => #applyK(toCall(boundMethodV(str(CS), ""split"")), (str(S), .Vals)) ... </k>\n       [priority(39)]"	SUPPLIED_FIXED_SEMANTICS_UNUSED	Byte-identical to the trusted supplied semantics and not reachable from the submitted body/entry claims. No candidate-local alteration or proof dependency; no narrower false-rule witness was found in this audit.	
reference-semantics/semantics/methods.k	50	94	96	rule	operational-rule	priority(40)	False	False	False	False	False	True	False	False	False	False	False	False	ed92c6f3c80d8e0aab3bacc191c08a63fc3f3976b732c8f39349756b052e8c3e	"  rule <k> #applyK(toCall(boundMethodV(str(CS:IntSeq), ""split"")), (str(iCons(SEP:Int, .IntSeq)), .Vals))\n        => #alloc(list(splitSep(CS, SEP, .IntSeq))) ... </k>\n       [priority(40)]"	SUPPLIED_FIXED_SEMANTICS_UNUSED	Byte-identical to the trusted supplied semantics and not reachable from the submitted body/entry claims. No candidate-local alteration or proof dependency; no narrower false-rule witness was found in this audit.	
reference-semantics/semantics/methods.k	51	97	97	syntax	syntax-declaration	function	True	False	False	False	False	False	False	False	False	False	False	False	7211f3cbc69a0c456da4ee70ae60c3726d4ccfa415b2f67d9f25cf20d065304e	  syntax ValSeq ::= splitSep(IntSeq, Int, IntSeq) [function]  // remaining, sep code, current token	SUPPLIED_FIXED_SEMANTICS_UNUSED	Byte-identical to the trusted supplied semantics and not reachable from the submitted body/entry claims. No candidate-local alteration or proof dependency; no narrower false-rule witness was found in this audit.	
reference-semantics/semantics/methods.k	52	98	98	rule	equational-rule		False	False	False	False	False	False	False	False	False	False	False	False	a2f61f560bf411465caed78a406096c4b8346ee1d8ce235afa90f12bfefcb076	  rule splitSep(.IntSeq, _SEP:Int, CUR:IntSeq)              => vCons(str(CUR), .ValSeq)	SUPPLIED_FIXED_SEMANTICS_UNUSED	Byte-identical to the trusted supplied semantics and not reachable from the submitted body/entry claims. No candidate-local alteration or proof dependency; no narrower false-rule witness was found in this audit.	
reference-semantics/semantics/methods.k	53	99	100	rule	equational-rule		False	False	False	False	False	False	False	False	False	False	False	False	389e71274c1231c44daca73aeec74d27f0053fc144dc69ace9a7053bcb82ff26	  rule splitSep(iCons(C:Int, R:IntSeq), SEP:Int, CUR:IntSeq) => vCons(str(CUR), splitSep(R, SEP, .IntSeq))\n       requires C ==Int SEP	SUPPLIED_FIXED_SEMANTICS_UNUSED	Byte-identical to the trusted supplied semantics and not reachable from the submitted body/entry claims. No candidate-local alteration or proof dependency; no narrower false-rule witness was found in this audit.	
reference-semantics/semantics/methods.k	54	101	102	rule	equational-rule		False	False	False	False	False	False	False	False	False	False	False	False	2758fa89fd8156a210a9f3ef58790243a98d411279ccb372ea50fc303a4d91db	  rule splitSep(iCons(C:Int, R:IntSeq), SEP:Int, CUR:IntSeq) => splitSep(R, SEP, seqConcat(CUR, iCons(C, .IntSeq)))\n       requires notBool (C ==Int SEP)	SUPPLIED_FIXED_SEMANTICS_UNUSED	Byte-identical to the trusted supplied semantics and not reachable from the submitted body/entry claims. No candidate-local alteration or proof dependency; no narrower false-rule witness was found in this audit.	
reference-semantics/semantics/methods.k	55	104	105	rule	equational-rule		False	False	False	False	False	False	False	False	False	False	False	False	b59116b373fc8731b49276fa31060b30721d467bc50576e7c7254ceecfe143f9	"  rule applyMethod(str(CS:IntSeq), ""replace"", str(iCons(A:Int, .IntSeq)), str(iCons(B:Int, .IntSeq)), .Vals)\n    => str(replaceC(CS, A, B))"	SUPPLIED_FIXED_SEMANTICS_USED	Byte-identical to the trusted supplied semantics. This declaration/rule is on the submitted body's path; its evaluation/control/state role was checked against the program construct. Float no-evaluator symbols remain explicit fixed-semantics trust boundaries.	
reference-semantics/semantics/methods.k	56	106	106	syntax	syntax-declaration	function, total	True	False	True	False	False	False	False	False	False	False	False	False	9335de995ff19d9d1cb4ccbe1819a1e08ee6c350680cf049ae8137cc6b01d08c	  syntax IntSeq ::= replaceC(IntSeq, Int, Int) [function, total]	SUPPLIED_FIXED_SEMANTICS_USED	Byte-identical to the trusted supplied semantics. This declaration/rule is on the submitted body's path; its evaluation/control/state role was checked against the program construct. Float no-evaluator symbols remain explicit fixed-semantics trust boundaries.	
reference-semantics/semantics/methods.k	57	107	107	rule	equational-rule		False	False	False	False	False	False	False	False	False	False	False	False	7ebe1088168dc741123628ed7beece56b6c7ba16589e08939b0dc3f1fca78ddc	  rule replaceC(.IntSeq, _:Int, _:Int)             => .IntSeq	SUPPLIED_FIXED_SEMANTICS_USED	Byte-identical to the trusted supplied semantics. This declaration/rule is on the submitted body's path; its evaluation/control/state role was checked against the program construct. Float no-evaluator symbols remain explicit fixed-semantics trust boundaries.	
reference-semantics/semantics/methods.k	58	108	108	rule	equational-rule		False	False	False	False	False	False	False	False	False	False	False	False	afc2c4c71776395e2f56cddefe6282ef3a14b0a40530452e2b7a2d165cf9a21f	  rule replaceC(iCons(C:Int, R:IntSeq), A:Int, B:Int) => iCons(B, replaceC(R, A, B)) requires C ==Int A	SUPPLIED_FIXED_SEMANTICS_USED	Byte-identical to the trusted supplied semantics. This declaration/rule is on the submitted body's path; its evaluation/control/state role was checked against the program construct. Float no-evaluator symbols remain explicit fixed-semantics trust boundaries.	
reference-semantics/semantics/methods.k	59	109	109	rule	equational-rule		False	False	False	False	False	False	False	False	False	False	False	False	88b4c7c2d4b2c9f24151d755ab0cd761a0597ac931257f73da690149942baa4b	  rule replaceC(iCons(C:Int, R:IntSeq), A:Int, B:Int) => iCons(C, replaceC(R, A, B)) requires notBool (C ==Int A)	SUPPLIED_FIXED_SEMANTICS_USED	Byte-identical to the trusted supplied semantics. This declaration/rule is on the submitted body's path; its evaluation/control/state role was checked against the program construct. Float no-evaluator symbols remain explicit fixed-semantics trust boundaries.	
reference-semantics/semantics/methods.k	60	112	112	syntax	syntax-declaration	function, total	True	False	True	False	False	False	False	False	False	False	False	False	2745041881ff72fdd6a072814c0ed804950d41ccbcc21d4bb9cbddab4b146430	  syntax Bool ::= isUpperC(Int) [function, total]	SUPPLIED_FIXED_SEMANTICS_UNUSED	Byte-identical to the trusted supplied semantics and not reachable from the submitted body/entry claims. No candidate-local alteration or proof dependency; no narrower false-rule witness was found in this audit.	
reference-semantics/semantics/methods.k	61	113	113	rule	equational-rule		False	False	False	False	False	False	False	False	False	False	False	False	db6ccb33840428c0c2800d1917983f41625f47e8291a2a0136739e2c9273af0e	  rule isUpperC(C:Int) => C >=Int 65 andBool C <=Int 90	SUPPLIED_FIXED_SEMANTICS_UNUSED	Byte-identical to the trusted supplied semantics and not reachable from the submitted body/entry claims. No candidate-local alteration or proof dependency; no narrower false-rule witness was found in this audit.	
reference-semantics/semantics/methods.k	62	115	115	syntax	syntax-declaration	function, total	True	False	True	False	False	False	False	False	False	False	False	False	b833e0e73110f053051a16704837d4eb10393dd4d897504586288aa53c0a0517	  syntax Bool ::= isLowerC(Int) [function, total]	SUPPLIED_FIXED_SEMANTICS_UNUSED	Byte-identical to the trusted supplied semantics and not reachable from the submitted body/entry claims. No candidate-local alteration or proof dependency; no narrower false-rule witness was found in this audit.	
reference-semantics/semantics/methods.k	63	116	116	rule	equational-rule		False	False	False	False	False	False	False	False	False	False	False	False	13a029cb85faead3c2eaff6b1d462a73c8ee22c4754eaee17c2eef4413770faf	  rule isLowerC(C:Int) => C >=Int 97 andBool C <=Int 122	SUPPLIED_FIXED_SEMANTICS_UNUSED	Byte-identical to the trusted supplied semantics and not reachable from the submitted body/entry claims. No candidate-local alteration or proof dependency; no narrower false-rule witness was found in this audit.	
reference-semantics/semantics/methods.k	64	118	118	syntax	syntax-declaration	function, total	True	False	True	False	False	False	False	False	False	False	False	False	3bf4798f19c0cd144bcd32b395a2c654a1464476e70523203d19e14e227a2ced	  syntax Bool ::= isAlphaC(Int) [function, total]	SUPPLIED_FIXED_SEMANTICS_UNUSED	Byte-identical to the trusted supplied semantics and not reachable from the submitted body/entry claims. No candidate-local alteration or proof dependency; no narrower false-rule witness was found in this audit.	
reference-semantics/semantics/methods.k	65	119	119	rule	equational-rule		False	False	False	False	False	False	False	False	False	False	False	False	280925d112055465900d6817d948cbec893a48b220dfd52439a9be8209004e2f	  rule isAlphaC(C:Int) => isUpperC(C) orBool isLowerC(C)	SUPPLIED_FIXED_SEMANTICS_UNUSED	Byte-identical to the trusted supplied semantics and not reachable from the submitted body/entry claims. No candidate-local alteration or proof dependency; no narrower false-rule witness was found in this audit.	
reference-semantics/semantics/methods.k	66	121	121	syntax	syntax-declaration	function, total	True	False	True	False	False	False	False	False	False	False	False	False	23c87d37179ede554e5efc00f134e0c01e717c7f7429a5548c86a44b1b5104c8	  syntax Bool ::= isDigitC(Int) [function, total]	SUPPLIED_FIXED_SEMANTICS_UNUSED	Byte-identical to the trusted supplied semantics and not reachable from the submitted body/entry claims. No candidate-local alteration or proof dependency; no narrower false-rule witness was found in this audit.	
reference-semantics/semantics/methods.k	67	122	122	rule	equational-rule		False	False	False	False	False	False	False	False	False	False	False	False	e626ae6262f03155acb9a6f03d1a3f158e093966e1166b0120ed99e737f974ba	  rule isDigitC(C:Int) => C >=Int 48 andBool C <=Int 57	SUPPLIED_FIXED_SEMANTICS_UNUSED	Byte-identical to the trusted supplied semantics and not reachable from the submitted body/entry claims. No candidate-local alteration or proof dependency; no narrower false-rule witness was found in this audit.	
reference-semantics/semantics/methods.k	68	124	124	syntax	syntax-declaration	function, total	True	False	True	False	False	False	False	False	False	False	False	False	3ad5db323a447c3cd1dd567181369d23a40916e7cc0ebf6e74a14dfee8f44e48	  syntax Bool ::= hasUpper(IntSeq) [function, total]	SUPPLIED_FIXED_SEMANTICS_UNUSED	Byte-identical to the trusted supplied semantics and not reachable from the submitted body/entry claims. No candidate-local alteration or proof dependency; no narrower false-rule witness was found in this audit.	
reference-semantics/semantics/methods.k	69	125	125	rule	equational-rule		False	False	False	False	False	False	False	False	False	False	False	False	2a83ba2a96c5be0dceca68a406d83a3674c38dd1b249c45fb59682cff3cfa477	  rule hasUpper(.IntSeq) => false	SUPPLIED_FIXED_SEMANTICS_UNUSED	Byte-identical to the trusted supplied semantics and not reachable from the submitted body/entry claims. No candidate-local alteration or proof dependency; no narrower false-rule witness was found in this audit.	
reference-semantics/semantics/methods.k	70	126	126	rule	equational-rule		False	False	False	False	False	False	False	False	False	False	False	False	06b97dc2e5db75770e4f942b1a0f1708d761b4d9919abdfa794dc883981909ef	  rule hasUpper(iCons(C:Int, S:IntSeq)) => isUpperC(C) orBool hasUpper(S)	SUPPLIED_FIXED_SEMANTICS_UNUSED	Byte-identical to the trusted supplied semantics and not reachable from the submitted body/entry claims. No candidate-local alteration or proof dependency; no narrower false-rule witness was found in this audit.	
reference-semantics/semantics/methods.k	71	128	128	syntax	syntax-declaration	function, total	True	False	True	False	False	False	False	False	False	False	False	False	e43e79cbfde03a55c8c1ec29af617ad0e7e3c398db52a400945e2f61e3c71237	  syntax Bool ::= hasLower(IntSeq) [function, total]	SUPPLIED_FIXED_SEMANTICS_UNUSED	Byte-identical to the trusted supplied semantics and not reachable from the submitted body/entry claims. No candidate-local alteration or proof dependency; no narrower false-rule witness was found in this audit.	
reference-semantics/semantics/methods.k	72	129	129	rule	equational-rule		False	False	False	False	False	False	False	False	False	False	False	False	153222f6f2013eacf5d306acc967f2b04050d7959410a8de61e5e759dbc4d540	  rule hasLower(.IntSeq) => false	SUPPLIED_FIXED_SEMANTICS_UNUSED	Byte-identical to the trusted supplied semantics and not reachable from the submitted body/entry claims. No candidate-local alteration or proof dependency; no narrower false-rule witness was found in this audit.	
reference-semantics/semantics/methods.k	73	130	130	rule	equational-rule		False	False	False	False	False	False	False	False	False	False	False	False	a648ec2cf87eb23f9b18e2493d0b6ddc1eac9c6655b9c7d100b2091b9902eec1	  rule hasLower(iCons(C:Int, S:IntSeq)) => isLowerC(C) orBool hasLower(S)	SUPPLIED_FIXED_SEMANTICS_UNUSED	Byte-identical to the trusted supplied semantics and not reachable from the submitted body/entry claims. No candidate-local alteration or proof dependency; no narrower false-rule witness was found in this audit.	
reference-semantics/semantics/methods.k	74	132	132	syntax	syntax-declaration	function, total	True	False	True	False	False	False	False	False	False	False	False	False	cd8f30a365fe6283880e4210fb9a5b64aca1369a4cb9816e5d43ab1ec8973de5	  syntax Bool ::= allAlpha(IntSeq) [function, total]	SUPPLIED_FIXED_SEMANTICS_UNUSED	Byte-identical to the trusted supplied semantics and not reachable from the submitted body/entry claims. No candidate-local alteration or proof dependency; no narrower false-rule witness was found in this audit.	
reference-semantics/semantics/methods.k	75	133	133	rule	equational-rule		False	False	False	False	False	False	False	False	False	False	False	False	3a995ef38c60c40c46acb8fd911cca0ed6736534f5cc1c058c0678f4d90b3d3d	  rule allAlpha(.IntSeq) => true	SUPPLIED_FIXED_SEMANTICS_UNUSED	Byte-identical to the trusted supplied semantics and not reachable from the submitted body/entry claims. No candidate-local alteration or proof dependency; no narrower false-rule witness was found in this audit.	
reference-semantics/semantics/methods.k	76	134	134	rule	equational-rule		False	False	False	False	False	False	False	False	False	False	False	False	98103bf91674b42bcd763f4ed4cbd6925fb836e97a6a04d00627caac5b6bd16a	  rule allAlpha(iCons(C:Int, S:IntSeq)) => isAlphaC(C) andBool allAlpha(S)	SUPPLIED_FIXED_SEMANTICS_UNUSED	Byte-identical to the trusted supplied semantics and not reachable from the submitted body/entry claims. No candidate-local alteration or proof dependency; no narrower false-rule witness was found in this audit.	
reference-semantics/semantics/methods.k	77	136	136	syntax	syntax-declaration	function, total	True	False	True	False	False	False	False	False	False	False	False	False	0b916c9659cf22e9328dc4050db465182a992bbb7a65082182a1b8f3122b14a2	  syntax Bool ::= allDigit(IntSeq) [function, total]	SUPPLIED_FIXED_SEMANTICS_UNUSED	Byte-identical to the trusted supplied semantics and not reachable from the submitted body/entry claims. No candidate-local alteration or proof dependency; no narrower false-rule witness was found in this audit.	
reference-semantics/semantics/methods.k	78	137	137	rule	equational-rule		False	False	False	False	False	False	False	False	False	False	False	False	c89f5d36ea709ee4ec8d8ffdeb3c82c126700f35263832596384d48815f2e7a1	  rule allDigit(.IntSeq) => true	SUPPLIED_FIXED_SEMANTICS_UNUSED	Byte-identical to the trusted supplied semantics and not reachable from the submitted body/entry claims. No candidate-local alteration or proof dependency; no narrower false-rule witness was found in this audit.	
reference-semantics/semantics/methods.k	79	138	138	rule	equational-rule		False	False	False	False	False	False	False	False	False	False	False	False	e6a55b906b80ff6fcb7652ec65132ed59b854a3a2eec7939458ee02acca4384a	  rule allDigit(iCons(C:Int, S:IntSeq)) => isDigitC(C) andBool allDigit(S)	SUPPLIED_FIXED_SEMANTICS_UNUSED	Byte-identical to the trusted supplied semantics and not reachable from the submitted body/entry claims. No candidate-local alteration or proof dependency; no narrower false-rule witness was found in this audit.	
reference-semantics/semantics/methods.k	80	140	140	syntax	syntax-declaration	function, total	True	False	True	False	False	False	False	False	False	False	False	False	adfb8280b3c65c3a14342fbc4cb87c3dc332f5703018fe5b8c7952f0da8a0fd9	  syntax Int ::= lowerC(Int) [function, total]	SUPPLIED_FIXED_SEMANTICS_UNUSED	Byte-identical to the trusted supplied semantics and not reachable from the submitted body/entry claims. No candidate-local alteration or proof dependency; no narrower false-rule witness was found in this audit.	
reference-semantics/semantics/methods.k	81	142	142	rule	equational-rule		False	False	False	False	False	False	False	False	False	False	False	False	0c0a7e75473aa9ac3929a7e48fcdadab9692d9af293a7ddffdc58366c3f51791	  rule lowerC(C:Int) => C +Int 32 requires isUpperC(C)	SUPPLIED_FIXED_SEMANTICS_UNUSED	Byte-identical to the trusted supplied semantics and not reachable from the submitted body/entry claims. No candidate-local alteration or proof dependency; no narrower false-rule witness was found in this audit.	
reference-semantics/semantics/methods.k	82	143	143	rule	equational-rule	owise	False	False	False	False	False	False	False	False	True	False	False	False	a632c7579401f269fca953ad964925d3731edf3d753fa51d3a1e8e5b7007f4a8	  rule lowerC(C:Int) => C         [owise]	SUPPLIED_FIXED_SEMANTICS_UNUSED	Byte-identical to the trusted supplied semantics and not reachable from the submitted body/entry claims. No candidate-local alteration or proof dependency; no narrower false-rule witness was found in this audit.	
reference-semantics/semantics/methods.k	83	145	145	syntax	syntax-declaration	function, total	True	False	True	False	False	False	False	False	False	False	False	False	c2da9ff291e5b8dd08ac06c306a0b406280db83b92fa9b8166f07e527556dbd9	  syntax Int ::= upperC(Int) [function, total]	SUPPLIED_FIXED_SEMANTICS_UNUSED	Byte-identical to the trusted supplied semantics and not reachable from the submitted body/entry claims. No candidate-local alteration or proof dependency; no narrower false-rule witness was found in this audit.	
reference-semantics/semantics/methods.k	84	146	146	rule	equational-rule		False	False	False	False	False	False	False	False	False	False	False	False	96bef82791494acc79700533ba4da70c6013115d95ae18e2c6ddfb9668cb7d11	  rule upperC(C:Int) => C -Int 32 requires isLowerC(C)	SUPPLIED_FIXED_SEMANTICS_UNUSED	Byte-identical to the trusted supplied semantics and not reachable from the submitted body/entry claims. No candidate-local alteration or proof dependency; no narrower false-rule witness was found in this audit.	
reference-semantics/semantics/methods.k	85	147	147	rule	equational-rule	owise	False	False	False	False	False	False	False	False	True	False	False	False	47d842bf985f377611a4169c24aa129265dad66cfa5d62dbb07a5e19191ec1e9	  rule upperC(C:Int) => C         [owise]	SUPPLIED_FIXED_SEMANTICS_UNUSED	Byte-identical to the trusted supplied semantics and not reachable from the submitted body/entry claims. No candidate-local alteration or proof dependency; no narrower false-rule witness was found in this audit.	
reference-semantics/semantics/methods.k	86	149	149	syntax	syntax-declaration	function, total	True	False	True	False	False	False	False	False	False	False	False	False	659323dbb3dc484a08e3f4fa8bca1413733fcd524f1db06dc78d52722280941c	  syntax Int ::= swapC(Int) [function, total]	SUPPLIED_FIXED_SEMANTICS_UNUSED	Byte-identical to the trusted supplied semantics and not reachable from the submitted body/entry claims. No candidate-local alteration or proof dependency; no narrower false-rule witness was found in this audit.	
reference-semantics/semantics/methods.k	87	150	150	rule	equational-rule		False	False	False	False	False	False	False	False	False	False	False	False	31579eacc64c2699478b50dc70640f19c00952370938dfa319be5fdee2e451bc	  rule swapC(C:Int) => C +Int 32 requires isUpperC(C)	SUPPLIED_FIXED_SEMANTICS_UNUSED	Byte-identical to the trusted supplied semantics and not reachable from the submitted body/entry claims. No candidate-local alteration or proof dependency; no narrower false-rule witness was found in this audit.	
reference-semantics/semantics/methods.k	88	151	151	rule	equational-rule		False	False	False	False	False	False	False	False	False	False	False	False	9552ffda62d6199f8190b046cc35cb1802ced98fba097977ddb7d9a7eace402b	  rule swapC(C:Int) => C -Int 32 requires isLowerC(C)	SUPPLIED_FIXED_SEMANTICS_UNUSED	Byte-identical to the trusted supplied semantics and not reachable from the submitted body/entry claims. No candidate-local alteration or proof dependency; no narrower false-rule witness was found in this audit.	
reference-semantics/semantics/methods.k	89	152	152	rule	equational-rule	owise	False	False	False	False	False	False	False	False	True	False	False	False	381c79348d930277d832ac42cd00bfcbc0b663e4e419b4ae72734506661d34a6	  rule swapC(C:Int) => C         [owise]	SUPPLIED_FIXED_SEMANTICS_UNUSED	Byte-identical to the trusted supplied semantics and not reachable from the submitted body/entry claims. No candidate-local alteration or proof dependency; no narrower false-rule witness was found in this audit.	
reference-semantics/semantics/methods.k	90	154	154	syntax	syntax-declaration	function, total	True	False	True	False	False	False	False	False	False	False	False	False	3e618ba80456d3b9e830541b3dd81ab8b3d577ff558db90b3e599b7ec11ab1be	  syntax IntSeq ::= mapLower(IntSeq) [function, total]	SUPPLIED_FIXED_SEMANTICS_UNUSED	Byte-identical to the trusted supplied semantics and not reachable from the submitted body/entry claims. No candidate-local alteration or proof dependency; no narrower false-rule witness was found in this audit.	
reference-semantics/semantics/methods.k	91	155	155	rule	equational-rule		False	False	False	False	False	False	False	False	False	False	False	False	4d58484b617d1cb809896f57d8cfcaf3052bc7382608fb4c398dd1b02fa6e277	  rule mapLower(.IntSeq) => .IntSeq	SUPPLIED_FIXED_SEMANTICS_UNUSED	Byte-identical to the trusted supplied semantics and not reachable from the submitted body/entry claims. No candidate-local alteration or proof dependency; no narrower false-rule witness was found in this audit.	
reference-semantics/semantics/methods.k	92	156	156	rule	equational-rule		False	False	False	False	False	False	False	False	False	False	False	False	0336587d793913434bd267fe7725f97d7d0a5c224708418d8aeea60e79deac2c	  rule mapLower(iCons(C:Int, S:IntSeq)) => iCons(lowerC(C), mapLower(S))	SUPPLIED_FIXED_SEMANTICS_UNUSED	Byte-identical to the trusted supplied semantics and not reachable from the submitted body/entry claims. No candidate-local alteration or proof dependency; no narrower false-rule witness was found in this audit.	
reference-semantics/semantics/methods.k	93	158	158	syntax	syntax-declaration	function, total	True	False	True	False	False	False	False	False	False	False	False	False	630fa1c1f66a8b40d477ce1b0f3a9ccc12e90e8ce3d2ec295b1cc49f61ca6c86	  syntax IntSeq ::= mapUpper(IntSeq) [function, total]	SUPPLIED_FIXED_SEMANTICS_UNUSED	Byte-identical to the trusted supplied semantics and not reachable from the submitted body/entry claims. No candidate-local alteration or proof dependency; no narrower false-rule witness was found in this audit.	
reference-semantics/semantics/methods.k	94	159	159	rule	equational-rule		False	False	False	False	False	False	False	False	False	False	False	False	41e0454b85ce3547227e358f6ae9ea56bb060370e6d1addc56dbdf5952babc3e	  rule mapUpper(.IntSeq) => .IntSeq	SUPPLIED_FIXED_SEMANTICS_UNUSED	Byte-identical to the trusted supplied semantics and not reachable from the submitted body/entry claims. No candidate-local alteration or proof dependency; no narrower false-rule witness was found in this audit.	
reference-semantics/semantics/methods.k	95	160	160	rule	equational-rule		False	False	False	False	False	False	False	False	False	False	False	False	7a74bfd0bfd8bff349b1a93af16aed9159e97d641585caf365dd71efd90c0901	  rule mapUpper(iCons(C:Int, S:IntSeq)) => iCons(upperC(C), mapUpper(S))	SUPPLIED_FIXED_SEMANTICS_UNUSED	Byte-identical to the trusted supplied semantics and not reachable from the submitted body/entry claims. No candidate-local alteration or proof dependency; no narrower false-rule witness was found in this audit.	
reference-semantics/semantics/methods.k	96	162	162	syntax	syntax-declaration	function, total	True	False	True	False	False	False	False	False	False	False	False	False	1eea4bc97d1ad146f7be00f82e855d8c8988cdd3b19e914bc2233928a116dfdd	  syntax IntSeq ::= mapSwap(IntSeq) [function, total]	SUPPLIED_FIXED_SEMANTICS_UNUSED	Byte-identical to the trusted supplied semantics and not reachable from the submitted body/entry claims. No candidate-local alteration or proof dependency; no narrower false-rule witness was found in this audit.	
reference-semantics/semantics/methods.k	97	163	163	rule	equational-rule		False	False	False	False	False	False	False	False	False	False	False	False	6d998686b511db2ccc0f9fa2d2ffacc7a4d94f3fc66ba64faca0dabd908fead4	  rule mapSwap(.IntSeq) => .IntSeq	SUPPLIED_FIXED_SEMANTICS_UNUSED	Byte-identical to the trusted supplied semantics and not reachable from the submitted body/entry claims. No candidate-local alteration or proof dependency; no narrower false-rule witness was found in this audit.	
reference-semantics/semantics/methods.k	98	164	164	rule	equational-rule		False	False	False	False	False	False	False	False	False	False	False	False	5cb0e1f36a00a85ccabf19ca057275d8067bdea3861d4d5a17531ddf72172b75	  rule mapSwap(iCons(C:Int, S:IntSeq)) => iCons(swapC(C), mapSwap(S))	SUPPLIED_FIXED_SEMANTICS_UNUSED	Byte-identical to the trusted supplied semantics and not reachable from the submitted body/entry claims. No candidate-local alteration or proof dependency; no narrower false-rule witness was found in this audit.	
reference-semantics/semantics/methods.k	99	166	166	syntax	syntax-declaration	function, total	True	False	True	False	False	False	False	False	False	False	False	False	93b2337573e427c6d433c57d43a5e7ef3b6334930b7118a91e3e9d4c2c37bdca	  syntax Bool ::= startsWith(IntSeq, IntSeq) [function, total]	SUPPLIED_FIXED_SEMANTICS_UNUSED	Byte-identical to the trusted supplied semantics and not reachable from the submitted body/entry claims. No candidate-local alteration or proof dependency; no narrower false-rule witness was found in this audit.	
reference-semantics/semantics/methods.k	100	167	167	rule	equational-rule		False	False	False	False	False	False	False	False	False	False	False	False	dbeb00be23163bcd332e69e7e49239785aff32853009c767dca991f2e63d1cdd	  rule startsWith(.IntSeq, _:IntSeq)               => true	SUPPLIED_FIXED_SEMANTICS_UNUSED	Byte-identical to the trusted supplied semantics and not reachable from the submitted body/entry claims. No candidate-local alteration or proof dependency; no narrower false-rule witness was found in this audit.	
reference-semantics/semantics/methods.k	101	168	168	rule	equational-rule		False	False	False	False	False	False	False	False	False	False	False	False	bfee91049a10d612abc5fdc53390bae11089769d11307c6281a5e770a58a6cd4	  rule startsWith(iCons(_:Int, _:IntSeq), .IntSeq) => false	SUPPLIED_FIXED_SEMANTICS_UNUSED	Byte-identical to the trusted supplied semantics and not reachable from the submitted body/entry claims. No candidate-local alteration or proof dependency; no narrower false-rule witness was found in this audit.	
reference-semantics/semantics/methods.k	102	169	169	rule	equational-rule		False	False	False	False	False	False	False	False	False	False	False	False	f614c41450bd5899ae53d21e6f7aca1a64c4dfa256edb8804e6dacf3bef66c7f	  rule startsWith(iCons(A:Int, As:IntSeq), iCons(B:Int, Bs:IntSeq)) => A ==Int B andBool startsWith(As, Bs)	SUPPLIED_FIXED_SEMANTICS_UNUSED	Byte-identical to the trusted supplied semantics and not reachable from the submitted body/entry claims. No candidate-local alteration or proof dependency; no narrower false-rule witness was found in this audit.	
reference-semantics/semantics/operators.k	1	10	10	rule	operational-rule		False	False	False	False	False	False	False	False	False	False	False	False	e651fd726d8b03918292199c912834dbb2d14f9c706e3d7d9adda90cb27df7eb	  rule <k> UnaryOp(OP:String, V:Val) => applyUn(OP, V) ... </k>	SUPPLIED_FIXED_SEMANTICS_UNUSED	Byte-identical to the trusted supplied semantics and not reachable from the submitted body/entry claims. No candidate-local alteration or proof dependency; no narrower false-rule witness was found in this audit.	
reference-semantics/semantics/operators.k	2	12	12	rule	operational-rule		False	False	False	False	False	False	False	False	False	False	False	False	dfe10994a01d47f41bc704dac8ae615072448788720a141e060fa1b5dc533ff4	  rule <k> BinOp(OP:String, L:Val, R:Val) => applyBin(OP, L, R) ... </k>	SUPPLIED_FIXED_SEMANTICS_UNUSED	Byte-identical to the trusted supplied semantics and not reachable from the submitted body/entry claims. No candidate-local alteration or proof dependency; no narrower false-rule witness was found in this audit.	
reference-semantics/semantics/operators.k	3	15	15	context	context		False	False	False	False	False	False	False	False	False	False	False	False	19d036b28e0818e8b9d0d93448b662dc68582aa6ffef8071b7b48175f5d8d001	  context Compare(HOLE, _)	SUPPLIED_FIXED_SEMANTICS_USED	Byte-identical to the trusted supplied semantics. This declaration/rule is on the submitted body's path; its evaluation/control/state role was checked against the program construct. Float no-evaluator symbols remain explicit fixed-semantics trust boundaries.	
reference-semantics/semantics/operators.k	4	16	16	context	context		False	False	False	False	False	False	False	False	False	False	False	False	7e900a3b850d9ebb3839117f376687d4507af246d945886227f1674d0fc303fe	  context Compare(_:Val, CmpOp(_, HOLE))	SUPPLIED_FIXED_SEMANTICS_USED	Byte-identical to the trusted supplied semantics. This declaration/rule is on the submitted body's path; its evaluation/control/state role was checked against the program construct. Float no-evaluator symbols remain explicit fixed-semantics trust boundaries.	
reference-semantics/semantics/operators.k	5	17	17	rule	operational-rule	owise	False	False	False	False	False	False	False	False	True	False	False	False	da9d23846f795185895b98f6ea6773fb542c5a23897878f67261c157e12478d6	  rule <k> Compare(LV:Val, CmpOp(OP:String, RV:Val)) => applyCmp(OP, LV, RV) ... </k> [owise]	SUPPLIED_FIXED_SEMANTICS_USED	Byte-identical to the trusted supplied semantics. This declaration/rule is on the submitted body's path; its evaluation/control/state role was checked against the program construct. Float no-evaluator symbols remain explicit fixed-semantics trust boundaries.	
reference-semantics/semantics/operators.k	6	19	19	rule	equational-rule		False	False	False	False	False	False	False	False	False	False	False	False	8f1168d6073977c032714126b42c5f16d7051d18e14dabb5940bf8fd3f7e1ed0	"  rule applyCmp(""is"",     V:Val, noneV) => V ==K noneV"	SUPPLIED_FIXED_SEMANTICS_USED	Byte-identical to the trusted supplied semantics. This declaration/rule is on the submitted body's path; its evaluation/control/state role was checked against the program construct. Float no-evaluator symbols remain explicit fixed-semantics trust boundaries.	
reference-semantics/semantics/operators.k	7	20	20	rule	equational-rule		False	False	False	False	False	False	False	False	False	False	False	False	c8bb0c542bfccc95e6d77a13c93554e566407af8570dca9637a43ed1c4339e7c	"  rule applyCmp(""is not"", V:Val, noneV) => notBool (V ==K noneV)"	SUPPLIED_FIXED_SEMANTICS_USED	Byte-identical to the trusted supplied semantics. This declaration/rule is on the submitted body's path; its evaluation/control/state role was checked against the program construct. Float no-evaluator symbols remain explicit fixed-semantics trust boundaries.	
reference-semantics/semantics/operators.k	8	25	27	rule	operational-rule	priority(40)	False	False	False	False	False	True	False	False	False	False	False	False	392da318c68c6f994138ea751f6a52dcde25f681bf9a1eb6a0496bce78274aed	  rule <k> BinOp(OP:String, ref(H:Int), R:Expr) => BinOp(OP, V, R) ... </k>\n       <heap> ... H |-> V:Val ... </heap>\n       [priority(40)]	SUPPLIED_FIXED_SEMANTICS_UNUSED	Byte-identical to the trusted supplied semantics and not reachable from the submitted body/entry claims. No candidate-local alteration or proof dependency; no narrower false-rule witness was found in this audit.	
reference-semantics/semantics/operators.k	9	28	31	rule	operational-rule	priority(40)	False	False	False	False	False	True	False	False	False	False	False	False	1f952ea2574636f948871c016eabd83bfba14f05f472cef611cd15ebc16d91b6	  rule <k> BinOp(OP:String, L:Val, ref(H:Int)) => BinOp(OP, L, V) ... </k>\n       <heap> ... H |-> V:Val ... </heap>\n       requires notBool isRefV(L)\n       [priority(40)]	SUPPLIED_FIXED_SEMANTICS_UNUSED	Byte-identical to the trusted supplied semantics and not reachable from the submitted body/entry claims. No candidate-local alteration or proof dependency; no narrower false-rule witness was found in this audit.	
reference-semantics/semantics/operators.k	10	34	37	rule	operational-rule	priority(40)	False	False	False	False	False	True	False	False	False	False	False	False	af30ea290ed8166ec069ee427adaa4fd914de62d556282ce27920a6c65bf6710	"  rule <k> Compare(ref(H:Int), CmpOp(OP:String, R:Expr)) => Compare(V, CmpOp(OP, R)) ... </k>\n       <heap> ... H |-> V:Val ... </heap>\n       requires OP =/=String ""in"" andBool OP =/=String ""not in""\n       [priority(40)]"	SUPPLIED_FIXED_SEMANTICS_UNUSED	Byte-identical to the trusted supplied semantics and not reachable from the submitted body/entry claims. No candidate-local alteration or proof dependency; no narrower false-rule witness was found in this audit.	
reference-semantics/semantics/operators.k	11	38	42	rule	operational-rule	priority(40)	False	False	False	False	False	True	False	False	False	False	False	False	7a59e33e981a4be1ba6e63b793e9809636b8597263bfe399340d488b4a2c7820	"  rule <k> Compare(L:Val, CmpOp(OP:String, ref(H:Int))) => Compare(L, CmpOp(OP, V)) ... </k>\n       <heap> ... H |-> V:Val ... </heap>\n       requires notBool isRefV(L)\n        orBool OP ==String ""in"" orBool OP ==String ""not in""\n       [priority(40)]"	SUPPLIED_FIXED_SEMANTICS_UNUSED	Byte-identical to the trusted supplied semantics and not reachable from the submitted body/entry claims. No candidate-local alteration or proof dependency; no narrower false-rule witness was found in this audit.	
reference-semantics/semantics/operators.k	12	44	46	rule	operational-rule	priority(40)	False	False	False	False	False	True	False	False	False	False	False	False	4661c14f644f73b4dcd8238d89129b739cbee57daa6d6db3085b8321227ffa50	  rule <k> UnaryOp(OP:String, ref(H:Int)) => UnaryOp(OP, V) ... </k>\n       <heap> ... H |-> V:Val ... </heap>\n       [priority(40)]	SUPPLIED_FIXED_SEMANTICS_UNUSED	Byte-identical to the trusted supplied semantics and not reachable from the submitted body/entry claims. No candidate-local alteration or proof dependency; no narrower false-rule witness was found in this audit.	
reference-semantics/semantics/range.k	1	9	9	syntax	syntax-declaration	function, total	True	False	True	False	False	False	False	False	False	False	False	False	c587b6ad9400474059bb57c82dbd1af41ead44d5a4c75ed23f1eacd6e689ba99	  syntax Bool ::= inRange(Int, Int, Int) [function, total]	SUPPLIED_FIXED_SEMANTICS_UNUSED	Byte-identical to the trusted supplied semantics and not reachable from the submitted body/entry claims. No candidate-local alteration or proof dependency; no narrower false-rule witness was found in this audit.	
reference-semantics/semantics/range.k	2	10	10	rule	equational-rule		False	False	False	False	False	False	False	False	False	False	False	False	c2f32136fae6a46df70d838a6d42b2d181758bbe60445fa3724e86616e2b30ae	  rule inRange(I:Int, HI:Int, ST:Int) => (ST >Int 0 andBool I <Int HI) orBool (ST <Int 0 andBool I >Int HI)	SUPPLIED_FIXED_SEMANTICS_UNUSED	Byte-identical to the trusted supplied semantics and not reachable from the submitted body/entry claims. No candidate-local alteration or proof dependency; no narrower false-rule witness was found in this audit.	
reference-semantics/semantics/range.k	3	12	12	syntax	syntax-declaration	function	True	False	False	False	False	False	False	False	False	False	False	False	5595cfe8e666398586503b1d022866c6a4a0ff308bf98c789981016bbffeca32	  syntax Int ::= rangeLen(Int, Int, Int) [function]	SUPPLIED_FIXED_SEMANTICS_UNUSED	Byte-identical to the trusted supplied semantics and not reachable from the submitted body/entry claims. No candidate-local alteration or proof dependency; no narrower false-rule witness was found in this audit.	
reference-semantics/semantics/range.k	4	13	14	rule	equational-rule		False	False	False	False	False	False	False	False	False	False	False	False	a130a12bf371a7a9c889a550646cd116d9302bf1510c90c7ae7427afcd76b5d6	  rule rangeLen(LO:Int, HI:Int, ST:Int) => (HI -Int LO +Int ST -Int 1) /Int ST\n       requires ST >Int 0 andBool HI >Int LO	SUPPLIED_FIXED_SEMANTICS_UNUSED	Byte-identical to the trusted supplied semantics and not reachable from the submitted body/entry claims. No candidate-local alteration or proof dependency; no narrower false-rule witness was found in this audit.	
reference-semantics/semantics/range.k	5	15	16	rule	equational-rule		False	False	False	False	False	False	False	False	False	False	False	False	a09fa3454e49d7910ea20533e6dd65099400d38cdef4a0ca160d351024a1b04b	  rule rangeLen(LO:Int, HI:Int, ST:Int) => (LO -Int HI -Int ST -Int 1) /Int (0 -Int ST)\n       requires ST <Int 0 andBool HI <Int LO	SUPPLIED_FIXED_SEMANTICS_UNUSED	Byte-identical to the trusted supplied semantics and not reachable from the submitted body/entry claims. No candidate-local alteration or proof dependency; no narrower false-rule witness was found in this audit.	
reference-semantics/semantics/range.k	6	17	18	rule	equational-rule		False	False	False	False	False	False	False	False	False	False	False	False	052ff09993f0acd8aed39e78347521bb2d2d109afb486dee7e9090e136062056	  rule rangeLen(LO:Int, HI:Int, ST:Int) => 0\n       requires (ST >Int 0 andBool HI <=Int LO) orBool (ST <Int 0 andBool HI >=Int LO)	SUPPLIED_FIXED_SEMANTICS_UNUSED	Byte-identical to the trusted supplied semantics and not reachable from the submitted body/entry claims. No candidate-local alteration or proof dependency; no narrower false-rule witness was found in this audit.	
reference-semantics/semantics/range.k	7	20	22	rule	operational-rule		False	False	False	False	False	False	False	False	False	False	False	False	9b41f252b61e26f27e2761c7d629055123aee31e9b8e892ebd538aaa3ff7a614	  rule <k> #iterNext(rangeObj(I:Int, HI:Int, ST:Int))\n        => #iterYield(I, rangeObj(I +Int ST, HI, ST)) ... </k>\n       requires inRange(I, HI, ST)	SUPPLIED_FIXED_SEMANTICS_UNUSED	Byte-identical to the trusted supplied semantics and not reachable from the submitted body/entry claims. No candidate-local alteration or proof dependency; no narrower false-rule witness was found in this audit.	
reference-semantics/semantics/range.k	8	23	24	rule	operational-rule		False	False	False	False	False	False	False	False	False	False	False	False	3ff7f491d38e3dbd6d4742c77c19278cf18ad238c713c186faebe6d9b66d1fd3	  rule <k> #iterNext(rangeObj(I:Int, HI:Int, ST:Int)) => #iterDone ... </k>\n       requires notBool inRange(I, HI, ST)	SUPPLIED_FIXED_SEMANTICS_UNUSED	Byte-identical to the trusted supplied semantics and not reachable from the submitted body/entry claims. No candidate-local alteration or proof dependency; no narrower false-rule witness was found in this audit.	
reference-semantics/semantics/set.k	1	8	8	syntax	syntax-declaration		False	False	False	False	False	False	False	False	False	False	False	False	d9fc10071f6b405f54da743eab5e3fa45a792887510cd9fd6261f06e97349cb1	  syntax Val ::= setV(IntSeq)	SUPPLIED_FIXED_SEMANTICS_UNUSED	Byte-identical to the trusted supplied semantics and not reachable from the submitted body/entry claims. No candidate-local alteration or proof dependency; no narrower false-rule witness was found in this audit.	
reference-semantics/semantics/set.k	2	11	11	syntax	syntax-declaration	function, total	True	False	True	False	False	False	False	False	False	False	False	False	cc8ca06fa8915797db5b8bd64ed30c8b0f9defc7583193037347faa50ca5efef	  syntax Bool ::= codeIn(Int, IntSeq) [function, total]	SUPPLIED_FIXED_SEMANTICS_UNUSED	Byte-identical to the trusted supplied semantics and not reachable from the submitted body/entry claims. No candidate-local alteration or proof dependency; no narrower false-rule witness was found in this audit.	
reference-semantics/semantics/set.k	3	12	12	rule	equational-rule		False	False	False	False	False	False	False	False	False	False	False	False	c3ec225602a7ebaad8f2e2f99110cd1126ea7834310b714050314ffcea6d913e	  rule codeIn(_:Int, .IntSeq)                => false	SUPPLIED_FIXED_SEMANTICS_UNUSED	Byte-identical to the trusted supplied semantics and not reachable from the submitted body/entry claims. No candidate-local alteration or proof dependency; no narrower false-rule witness was found in this audit.	
reference-semantics/semantics/set.k	4	13	13	rule	equational-rule		False	False	False	False	False	False	False	False	False	False	False	False	2385893dd16576cc5d9ec378e196759d66ef7dbef0b91327cc62bcf9e8d54f3d	  rule codeIn(C:Int, iCons(H:Int, T:IntSeq)) => C ==Int H orBool codeIn(C, T)	SUPPLIED_FIXED_SEMANTICS_UNUSED	Byte-identical to the trusted supplied semantics and not reachable from the submitted body/entry claims. No candidate-local alteration or proof dependency; no narrower false-rule witness was found in this audit.	
reference-semantics/semantics/set.k	5	16	17	syntax	syntax-declaration	function, total,function, total	True	False	True	False	False	False	False	False	False	False	False	False	a72a3376dfca6eb7f25d3d6cf20fc2de20022550769c5df7b61b0989df54181d	  syntax IntSeq ::= dedupCodes(IntSeq)         [function, total]\n                  | dedupFrom(IntSeq, IntSeq)  [function, total]	SUPPLIED_FIXED_SEMANTICS_UNUSED	Byte-identical to the trusted supplied semantics and not reachable from the submitted body/entry claims. No candidate-local alteration or proof dependency; no narrower false-rule witness was found in this audit.	
reference-semantics/semantics/set.k	6	18	18	rule	equational-rule		False	False	False	False	False	False	False	False	False	False	False	False	27c963f40f4dd15f3a90d334d469c080d03007137cebc203ac4c28b058c67530	  rule dedupCodes(CS:IntSeq) => dedupFrom(CS, .IntSeq)	SUPPLIED_FIXED_SEMANTICS_UNUSED	Byte-identical to the trusted supplied semantics and not reachable from the submitted body/entry claims. No candidate-local alteration or proof dependency; no narrower false-rule witness was found in this audit.	
reference-semantics/semantics/set.k	7	19	19	rule	equational-rule		False	False	False	False	False	False	False	False	False	False	False	False	3af836e2ea45fb7dd6a3aa44e38b2daa262e78723f3588f86fb89943cf7606ea	  rule dedupFrom(.IntSeq, ACC:IntSeq) => ACC	SUPPLIED_FIXED_SEMANTICS_UNUSED	Byte-identical to the trusted supplied semantics and not reachable from the submitted body/entry claims. No candidate-local alteration or proof dependency; no narrower false-rule witness was found in this audit.	
reference-semantics/semantics/set.k	8	20	21	rule	equational-rule		False	False	False	False	False	False	False	False	False	False	False	False	c3c7978557bf6e4b4c11fe480cb29b27d47f358e87d0d32636898d00fe778edf	  rule dedupFrom(iCons(C:Int, S:IntSeq), ACC:IntSeq) => dedupFrom(S, ACC)\n       requires codeIn(C, ACC)	SUPPLIED_FIXED_SEMANTICS_UNUSED	Byte-identical to the trusted supplied semantics and not reachable from the submitted body/entry claims. No candidate-local alteration or proof dependency; no narrower false-rule witness was found in this audit.	
reference-semantics/semantics/set.k	9	22	23	rule	equational-rule		False	False	False	False	False	False	False	False	False	False	False	False	6fd067c552f6f602d73dcf566686ffece3c7c306281f63e53ef1bfa24c65f363	  rule dedupFrom(iCons(C:Int, S:IntSeq), ACC:IntSeq) => dedupFrom(S, snocCode(ACC, C))\n       requires notBool codeIn(C, ACC)	SUPPLIED_FIXED_SEMANTICS_UNUSED	Byte-identical to the trusted supplied semantics and not reachable from the submitted body/entry claims. No candidate-local alteration or proof dependency; no narrower false-rule witness was found in this audit.	
reference-semantics/semantics/set.k	10	25	25	syntax	syntax-declaration	function, total	True	False	True	False	False	False	False	False	False	False	False	False	4ff1eaa68d70864346bed1fcaa280c25c35864d10bb952f03cf6db1a6ef1de53	  syntax IntSeq ::= snocCode(IntSeq, Int) [function, total]	SUPPLIED_FIXED_SEMANTICS_UNUSED	Byte-identical to the trusted supplied semantics and not reachable from the submitted body/entry claims. No candidate-local alteration or proof dependency; no narrower false-rule witness was found in this audit.	
reference-semantics/semantics/set.k	11	26	26	rule	equational-rule		False	False	False	False	False	False	False	False	False	False	False	False	5cbb559aa9bc4ecf6c5e72f9b6869b7d1eb02bf490ad233ce830c8c6ceb31796	  rule snocCode(.IntSeq, C:Int)                => iCons(C, .IntSeq)	SUPPLIED_FIXED_SEMANTICS_UNUSED	Byte-identical to the trusted supplied semantics and not reachable from the submitted body/entry claims. No candidate-local alteration or proof dependency; no narrower false-rule witness was found in this audit.	
reference-semantics/semantics/set.k	12	27	27	rule	equational-rule		False	False	False	False	False	False	False	False	False	False	False	False	f7aea1967cdff77de1229adfb29afe2aacc2da9342f0f2afd18bbfc3b67f76c3	  rule snocCode(iCons(H:Int, T:IntSeq), C:Int) => iCons(H, snocCode(T, C))	SUPPLIED_FIXED_SEMANTICS_UNUSED	Byte-identical to the trusted supplied semantics and not reachable from the submitted body/entry claims. No candidate-local alteration or proof dependency; no narrower false-rule witness was found in this audit.	
reference-semantics/semantics/set.k	13	31	31	syntax	syntax-declaration	function, total	True	False	True	False	False	False	False	False	False	False	False	False	9edc7fe08487359d3fcf82ad964d7e80ba5d2cfafc44a32a9f982d3fb20699f6	  syntax Bool ::= subsetCodes(IntSeq, IntSeq) [function, total]	SUPPLIED_FIXED_SEMANTICS_UNUSED	Byte-identical to the trusted supplied semantics and not reachable from the submitted body/entry claims. No candidate-local alteration or proof dependency; no narrower false-rule witness was found in this audit.	
reference-semantics/semantics/set.k	14	32	32	rule	equational-rule		False	False	False	False	False	False	False	False	False	False	False	False	aeeaccd9712e13c44e621b862926e78e070a2197fdb7c3c285fbda3d22553b2b	  rule subsetCodes(.IntSeq, _:IntSeq)                => true	SUPPLIED_FIXED_SEMANTICS_UNUSED	Byte-identical to the trusted supplied semantics and not reachable from the submitted body/entry claims. No candidate-local alteration or proof dependency; no narrower false-rule witness was found in this audit.	
reference-semantics/semantics/set.k	15	33	33	rule	equational-rule		False	False	False	False	False	False	False	False	False	False	False	False	df3cf01eb2e8238c40e86fca1daff2a99f123a4e7d49ad85be2133ca02d16f92	  rule subsetCodes(iCons(C:Int, S:IntSeq), B:IntSeq) => codeIn(C, B) andBool subsetCodes(S, B)	SUPPLIED_FIXED_SEMANTICS_UNUSED	Byte-identical to the trusted supplied semantics and not reachable from the submitted body/entry claims. No candidate-local alteration or proof dependency; no narrower false-rule witness was found in this audit.	
reference-semantics/semantics/set.k	16	35	35	syntax	syntax-declaration	function, total	True	False	True	False	False	False	False	False	False	False	False	False	e5a2ff2895d040085e69f7815d45515abbec071ff70da04223e44056cff21295	  syntax Bool ::= sameSet(IntSeq, IntSeq) [function, total]	SUPPLIED_FIXED_SEMANTICS_UNUSED	Byte-identical to the trusted supplied semantics and not reachable from the submitted body/entry claims. No candidate-local alteration or proof dependency; no narrower false-rule witness was found in this audit.	
reference-semantics/semantics/set.k	17	36	36	rule	equational-rule		False	False	False	False	False	False	False	False	False	False	False	False	719f3e4bb684eb39137cfb1d0d3dfab94c17dd177298806db08c38be1a414869	  rule sameSet(A:IntSeq, B:IntSeq) => subsetCodes(A, B) andBool subsetCodes(B, A)	SUPPLIED_FIXED_SEMANTICS_UNUSED	Byte-identical to the trusted supplied semantics and not reachable from the submitted body/entry claims. No candidate-local alteration or proof dependency; no narrower false-rule witness was found in this audit.	
reference-semantics/semantics/set.k	18	39	39	rule	equational-rule		False	False	False	False	False	False	False	False	False	False	False	False	e2a29489d71d3b652eb9ee2ae8ef4b2ea2fe07445ba18fd9455091f1e4190d86	"  rule applyCmp(""=="", setV(A:IntSeq), setV(B:IntSeq)) => sameSet(A, B)"	SUPPLIED_FIXED_SEMANTICS_UNUSED	Byte-identical to the trusted supplied semantics and not reachable from the submitted body/entry claims. No candidate-local alteration or proof dependency; no narrower false-rule witness was found in this audit.	
reference-semantics/semantics/sort.k	1	18	18	syntax	syntax-declaration	function, total, symbol(sortVS), no-evaluators	True	False	True	True	True	False	False	False	False	False	False	False	816514bfeb844585e41bf5488c7805e210f8cd09c688ee5752dca5a9508cab87	  syntax ValSeq ::= sortVS(ValSeq) [function, total, symbol(sortVS), no-evaluators]	SUPPLIED_FIXED_SEMANTICS_UNUSED	Byte-identical to the trusted supplied semantics and not reachable from the submitted body/entry claims. No candidate-local alteration or proof dependency; no narrower false-rule witness was found in this audit.	
reference-semantics/semantics/sort.k	2	19	19	syntax	syntax-declaration	function	True	False	False	False	False	False	False	False	False	False	False	False	f377703d2c2b213f7d34208ab3feb1fafbaaf343b2412e6e3c38ce454a44a646	  syntax ValSeq ::= insVS(Int, ValSeq) [function]	SUPPLIED_FIXED_SEMANTICS_UNUSED	Byte-identical to the trusted supplied semantics and not reachable from the submitted body/entry claims. No candidate-local alteration or proof dependency; no narrower false-rule witness was found in this audit.	
reference-semantics/semantics/sort.k	3	20	20	rule	equational-rule	concrete	False	False	False	False	False	False	False	True	False	False	False	False	7e44998a79cf5e6b854cdc2ed5008f59edbc809f68ed2b968c24895adf4e2663	  rule sortVS(.ValSeq)                => .ValSeq          [concrete]	SUPPLIED_FIXED_SEMANTICS_UNUSED	Byte-identical to the trusted supplied semantics and not reachable from the submitted body/entry claims. No candidate-local alteration or proof dependency; no narrower false-rule witness was found in this audit.	
reference-semantics/semantics/sort.k	4	21	21	rule	equational-rule	concrete	False	False	False	False	False	False	False	True	False	False	False	False	4db35c730d8b8b4f2f130b86a64905c6e14aa9577a78cefc6b9fc076608936a3	  rule sortVS(vCons(X:Int, R:ValSeq)) => insVS(X, sortVS(R)) [concrete]	SUPPLIED_FIXED_SEMANTICS_UNUSED	Byte-identical to the trusted supplied semantics and not reachable from the submitted body/entry claims. No candidate-local alteration or proof dependency; no narrower false-rule witness was found in this audit.	
reference-semantics/semantics/sort.k	5	22	22	rule	equational-rule	concrete	False	False	False	False	False	False	False	True	False	False	False	False	51348c650168cae9050578aa5d9afeee64e66aa8868fc5a0563054b469c4d4ee	  rule insVS(X:Int, .ValSeq)                => vCons(X, .ValSeq) [concrete]	SUPPLIED_FIXED_SEMANTICS_UNUSED	Byte-identical to the trusted supplied semantics and not reachable from the submitted body/entry claims. No candidate-local alteration or proof dependency; no narrower false-rule witness was found in this audit.	
reference-semantics/semantics/sort.k	6	23	23	rule	equational-rule	concrete	False	False	False	False	False	False	False	True	False	False	False	False	4c8072b9cf7cc6b0cd32c239e59774e2a0bb3831009fe6775671745eb98ab2f3	  rule insVS(X:Int, vCons(Y:Int, R:ValSeq)) => vCons(X, vCons(Y, R)) requires X <=Int Y [concrete]	SUPPLIED_FIXED_SEMANTICS_UNUSED	Byte-identical to the trusted supplied semantics and not reachable from the submitted body/entry claims. No candidate-local alteration or proof dependency; no narrower false-rule witness was found in this audit.	
reference-semantics/semantics/sort.k	7	24	24	rule	equational-rule	concrete	False	False	False	False	False	False	False	True	False	False	False	False	8cd79de954573d35d78ba50a0c0670a4c750072b7b64079e83871862ff8f608a	  rule insVS(X:Int, vCons(Y:Int, R:ValSeq)) => vCons(Y, insVS(X, R)) requires X  >Int Y [concrete]	SUPPLIED_FIXED_SEMANTICS_UNUSED	Byte-identical to the trusted supplied semantics and not reachable from the submitted body/entry claims. No candidate-local alteration or proof dependency; no narrower false-rule witness was found in this audit.	
reference-semantics/semantics/sort.k	8	26	26	syntax	syntax-declaration	function	True	False	False	False	False	False	False	False	False	False	False	False	225ee19ee53ae31b9d32286db9019ee17625473d6c8bb69cfcf35baeaa4dc552	  syntax ValSeq ::= insVSs(IntSeq, ValSeq) [function]	SUPPLIED_FIXED_SEMANTICS_UNUSED	Byte-identical to the trusted supplied semantics and not reachable from the submitted body/entry claims. No candidate-local alteration or proof dependency; no narrower false-rule witness was found in this audit.	
reference-semantics/semantics/sort.k	9	27	27	rule	equational-rule	concrete	False	False	False	False	False	False	False	True	False	False	False	False	5fc9948d0c4a2ccbb7552b50971e30aaefe14ae133e27382a66faf856e85a1f5	  rule sortVS(vCons(str(CS:IntSeq), R:ValSeq)) => insVSs(CS, sortVS(R)) [concrete]	SUPPLIED_FIXED_SEMANTICS_UNUSED	Byte-identical to the trusted supplied semantics and not reachable from the submitted body/entry claims. No candidate-local alteration or proof dependency; no narrower false-rule witness was found in this audit.	
reference-semantics/semantics/sort.k	10	28	28	rule	equational-rule	concrete	False	False	False	False	False	False	False	True	False	False	False	False	6fc7fcc3c2a6252ecde7808a4ac584a403173f14e176c47fa43e3cf825985be0	  rule insVSs(A:IntSeq, .ValSeq) => vCons(str(A), .ValSeq) [concrete]	SUPPLIED_FIXED_SEMANTICS_UNUSED	Byte-identical to the trusted supplied semantics and not reachable from the submitted body/entry claims. No candidate-local alteration or proof dependency; no narrower false-rule witness was found in this audit.	
reference-semantics/semantics/sort.k	11	29	30	rule	equational-rule	concrete	False	False	False	False	False	False	False	True	False	False	False	False	9135181688e7fd0c64e0a7a91e04d8caae48fbe80935f6eeabccce4fb2b35f88	  rule insVSs(A:IntSeq, vCons(str(B:IntSeq), R:ValSeq)) => vCons(str(A), vCons(str(B), R))\n       requires strLt(A, B) orBool A ==K B [concrete]	SUPPLIED_FIXED_SEMANTICS_UNUSED	Byte-identical to the trusted supplied semantics and not reachable from the submitted body/entry claims. No candidate-local alteration or proof dependency; no narrower false-rule witness was found in this audit.	
reference-semantics/semantics/sort.k	12	31	32	rule	equational-rule	concrete	False	False	False	False	False	False	False	True	False	False	False	False	b99716004cb74136586cc784c0e9221837043fceae2fc166d35e1b1b68f97ad3	  rule insVSs(A:IntSeq, vCons(str(B:IntSeq), R:ValSeq)) => vCons(str(B), insVSs(A, R))\n       requires notBool (strLt(A, B) orBool A ==K B) [concrete]	SUPPLIED_FIXED_SEMANTICS_UNUSED	Byte-identical to the trusted supplied semantics and not reachable from the submitted body/entry claims. No candidate-local alteration or proof dependency; no narrower false-rule witness was found in this audit.	
reference-semantics/semantics/sort.k	13	36	37	rule	operational-rule		False	False	False	False	False	False	False	False	False	False	False	False	d4ffa4143eb4e7c6590aa87f7b3bc704c6fa113042bcb5152846c95ca1172a96	"  rule <k> #applyK(toCall(builtinV(""sorted"")), (list(VS:ValSeq), .Vals))\n        => #alloc(list(sortVS(VS))) ... </k>"	SUPPLIED_FIXED_SEMANTICS_UNUSED	Byte-identical to the trusted supplied semantics and not reachable from the submitted body/entry claims. No candidate-local alteration or proof dependency; no narrower false-rule witness was found in this audit.	
reference-semantics/semantics/sort.k	14	40	42	rule	operational-rule	priority(40)	False	False	False	False	False	True	False	False	False	False	False	False	df95d265355e8e59fac8da81ceabfa04c54d5828eab963253d23346ece3fcb04	"  rule <k> #applyK(toCall(boundMethodV(ref(H:Int), ""sort"")), .Vals) => noneV ... </k>\n       <heap> ... H |-> list(VS:ValSeq => sortVS(VS)) ... </heap>\n       [priority(40)]"	SUPPLIED_FIXED_SEMANTICS_UNUSED	Byte-identical to the trusted supplied semantics and not reachable from the submitted body/entry claims. No candidate-local alteration or proof dependency; no narrower false-rule witness was found in this audit.	
reference-semantics/semantics/sort.k	15	49	49	syntax	syntax-declaration	function, total, symbol(sortKeyVS), no-evaluators	True	False	True	True	True	False	False	False	False	False	False	False	b2798a9f0421ef83f9296c36f46db3a565122895db349c9fbeb6214f7fc18c1b	  syntax ValSeq ::= sortKeyVS(ValSeq, Val) [function, total, symbol(sortKeyVS), no-evaluators]	SUPPLIED_FIXED_SEMANTICS_UNUSED	Byte-identical to the trusted supplied semantics and not reachable from the submitted body/entry claims. No candidate-local alteration or proof dependency; no narrower false-rule witness was found in this audit.	
reference-semantics/semantics/sort.k	16	51	52	syntax	syntax-declaration	function, total,function, total	True	False	True	False	False	False	False	False	False	False	False	False	63b5a1e1267d076251fb163c5308fe7d6ab81cbe4e84126520dd3dce00e05d77	  syntax ValSeq ::= revVS(ValSeq) [function, total]\n                  | revVSAcc(ValSeq, ValSeq) [function, total]	SUPPLIED_FIXED_SEMANTICS_UNUSED	Byte-identical to the trusted supplied semantics and not reachable from the submitted body/entry claims. No candidate-local alteration or proof dependency; no narrower false-rule witness was found in this audit.	
reference-semantics/semantics/sort.k	17	53	53	rule	equational-rule		False	False	False	False	False	False	False	False	False	False	False	False	11faf7f864f40d7df614f67ff400ae8693785ea7d1d3fe8df2ea91425acaab45	  rule revVS(S:ValSeq) => revVSAcc(S, .ValSeq)	SUPPLIED_FIXED_SEMANTICS_UNUSED	Byte-identical to the trusted supplied semantics and not reachable from the submitted body/entry claims. No candidate-local alteration or proof dependency; no narrower false-rule witness was found in this audit.	
reference-semantics/semantics/sort.k	18	54	54	rule	equational-rule		False	False	False	False	False	False	False	False	False	False	False	False	007148e35ff4b37b8a41cbbb341f399e371eb8d978aa08cf2f3950802b231a7b	  rule revVSAcc(.ValSeq, A:ValSeq) => A	SUPPLIED_FIXED_SEMANTICS_UNUSED	Byte-identical to the trusted supplied semantics and not reachable from the submitted body/entry claims. No candidate-local alteration or proof dependency; no narrower false-rule witness was found in this audit.	
reference-semantics/semantics/sort.k	19	55	55	rule	equational-rule		False	False	False	False	False	False	False	False	False	False	False	False	117da4765c657ab81eceda0cb6335cf1d8d8c7c5b9821071c94c151e5dc96953	  rule revVSAcc(vCons(V:Val, R:ValSeq), A:ValSeq) => revVSAcc(R, vCons(V, A))	SUPPLIED_FIXED_SEMANTICS_UNUSED	Byte-identical to the trusted supplied semantics and not reachable from the submitted body/entry claims. No candidate-local alteration or proof dependency; no narrower false-rule witness was found in this audit.	
reference-semantics/semantics/sort.k	20	57	57	syntax	syntax-declaration	function, total	True	False	True	False	False	False	False	False	False	False	False	False	ea573fcf99491b1638cf0f4b7875e991967ad4388b23bbc40fab06acb855c556	  syntax ValSeq ::= condRev(ValSeq, Bool) [function, total]	SUPPLIED_FIXED_SEMANTICS_UNUSED	Byte-identical to the trusted supplied semantics and not reachable from the submitted body/entry claims. No candidate-local alteration or proof dependency; no narrower false-rule witness was found in this audit.	
reference-semantics/semantics/sort.k	21	58	58	rule	equational-rule		False	False	False	False	False	False	False	False	False	False	False	False	4c09d415120447db22bec898399aa4a0d2a481f3acf986c281ec883034b1f926	  rule condRev(S:ValSeq, false) => S	SUPPLIED_FIXED_SEMANTICS_UNUSED	Byte-identical to the trusted supplied semantics and not reachable from the submitted body/entry claims. No candidate-local alteration or proof dependency; no narrower false-rule witness was found in this audit.	
reference-semantics/semantics/sort.k	22	59	59	rule	equational-rule		False	False	False	False	False	False	False	False	False	False	False	False	bea9fadf9f6c932bd2d1ba74ce67ecfa44e833aa97b2757690b2ea9e891b60ad	  rule condRev(S:ValSeq, true)  => revVS(S)	SUPPLIED_FIXED_SEMANTICS_UNUSED	Byte-identical to the trusted supplied semantics and not reachable from the submitted body/entry claims. No candidate-local alteration or proof dependency; no narrower false-rule witness was found in this audit.	
reference-semantics/semantics/sort.k	23	61	62	rule	operational-rule		False	False	False	False	False	False	False	False	False	False	False	False	1e0db83eec5bec5ff8e1cbfe177a243f0722e167f91d035b43003dd9206b567c	"  rule <k> #applyK(toCall(builtinV(""sorted"")), (list(VS:ValSeq), kwV(""key"", KV:Val), .Vals))\n        => #alloc(list(sortKeyVS(VS, KV))) ... </k>"	SUPPLIED_FIXED_SEMANTICS_UNUSED	Byte-identical to the trusted supplied semantics and not reachable from the submitted body/entry claims. No candidate-local alteration or proof dependency; no narrower false-rule witness was found in this audit.	
reference-semantics/semantics/sort.k	24	63	64	rule	operational-rule		False	False	False	False	False	False	False	False	False	False	False	False	64d6755b098ae94413af5565a936f0481ed9bef59e0a194db2a37b6bbb4f4bd1	"  rule <k> #applyK(toCall(builtinV(""sorted"")), (list(VS:ValSeq), kwV(""key"", KV:Val), kwV(""reverse"", RB:Bool), .Vals))\n        => #alloc(list(condRev(sortKeyVS(VS, KV), RB))) ... </k>"	SUPPLIED_FIXED_SEMANTICS_UNUSED	Byte-identical to the trusted supplied semantics and not reachable from the submitted body/entry claims. No candidate-local alteration or proof dependency; no narrower false-rule witness was found in this audit.	
reference-semantics/semantics/sort.k	25	65	66	rule	operational-rule		False	False	False	False	False	False	False	False	False	False	False	False	eeaec72f18b231091c8363545873b4ecd3ad3f314615fda63a11e697a7036777	"  rule <k> #applyK(toCall(builtinV(""sorted"")), (list(VS:ValSeq), kwV(""reverse"", RB:Bool), .Vals))\n        => #alloc(list(condRev(sortVS(VS), RB))) ... </k>"	SUPPLIED_FIXED_SEMANTICS_UNUSED	Byte-identical to the trusted supplied semantics and not reachable from the submitted body/entry claims. No candidate-local alteration or proof dependency; no narrower false-rule witness was found in this audit.	
reference-semantics/semantics/str.k	1	8	8	rule	operational-rule		False	False	False	False	False	False	False	False	False	False	False	False	c5a74a05e41e3fefcda28d075c8aafb7f1542c29a36fc9c25e72976388a35b04	  rule <k> #iterNext(str(.IntSeq))                 => #iterDone ... </k>	SUPPLIED_FIXED_SEMANTICS_UNUSED	Byte-identical to the trusted supplied semantics and not reachable from the submitted body/entry claims. No candidate-local alteration or proof dependency; no narrower false-rule witness was found in this audit.	
reference-semantics/semantics/str.k	2	9	10	rule	operational-rule		False	False	False	False	False	False	False	False	False	False	False	False	75e981acc024ddc71b66c7c8e7aa1e1bd54ba3cfe5f1c2c086ff609b5cccdee4	  rule <k> #iterNext(str(iCons(C:Int, R:IntSeq)))\n        => #iterYield(str(iCons(C, .IntSeq)), str(R)) ... </k>	SUPPLIED_FIXED_SEMANTICS_UNUSED	Byte-identical to the trusted supplied semantics and not reachable from the submitted body/entry claims. No candidate-local alteration or proof dependency; no narrower false-rule witness was found in this audit.	
reference-semantics/semantics/str.k	3	13	13	syntax	syntax-declaration	function	True	False	False	False	False	False	False	False	False	False	False	False	52acd844387866ef35bbc47efe1096fc2d30a05d9b4520db31ed22e92d924dfa	  syntax IntSeq ::= strToCodes(String) [function]	SUPPLIED_FIXED_SEMANTICS_USED	Byte-identical to the trusted supplied semantics. This declaration/rule is on the submitted body's path; its evaluation/control/state role was checked against the program construct. Float no-evaluator symbols remain explicit fixed-semantics trust boundaries.	
reference-semantics/semantics/str.k	4	14	14	rule	operational-rule		False	False	False	False	False	False	False	False	False	False	False	False	1240c46590c2e39c22668cddd3de5b9ece0e33e7ca0c7607ee9f2b52bd9a3ecf	  rule <k> Str(S:String) => str(strToCodes(S)) ... </k>	SUPPLIED_FIXED_SEMANTICS_USED	Byte-identical to the trusted supplied semantics. This declaration/rule is on the submitted body's path; its evaluation/control/state role was checked against the program construct. Float no-evaluator symbols remain explicit fixed-semantics trust boundaries.	
reference-semantics/semantics/str.k	5	15	15	rule	equational-rule		False	False	False	False	False	False	False	False	False	False	False	False	d49e83e0ddbbd1fa55425c595c4380b01deb4d57556083158c42b923f0246ff9	"  rule strToCodes("""") => .IntSeq"	SUPPLIED_FIXED_SEMANTICS_USED	Byte-identical to the trusted supplied semantics. This declaration/rule is on the submitted body's path; its evaluation/control/state role was checked against the program construct. Float no-evaluator symbols remain explicit fixed-semantics trust boundaries.	
reference-semantics/semantics/str.k	6	16	17	rule	equational-rule		False	False	False	False	False	False	False	False	False	False	False	False	f63f66fd4223a95313533289488437695a41308a41efbb17ebe03018d6abe77d	"  rule strToCodes(S:String) => iCons(ordChar(substrString(S, 0, 1)), strToCodes(substrString(S, 1, lengthString(S))))\n    requires S =/=String """" andBool ordChar(substrString(S, 0, 1)) <Int 128"	SUPPLIED_FIXED_SEMANTICS_USED	Byte-identical to the trusted supplied semantics. This declaration/rule is on the submitted body's path; its evaluation/control/state role was checked against the program construct. Float no-evaluator symbols remain explicit fixed-semantics trust boundaries.	
reference-semantics/semantics/str.k	7	20	20	syntax	syntax-declaration	function, total	True	False	True	False	False	False	False	False	False	False	False	False	03dfed95b359645ef017756a17390379278e6cdf6a2cd228ff85c67a3cd8a502	  syntax IntSeq ::= seqConcat(IntSeq, IntSeq) [function, total]	SUPPLIED_FIXED_SEMANTICS_UNUSED	Byte-identical to the trusted supplied semantics and not reachable from the submitted body/entry claims. No candidate-local alteration or proof dependency; no narrower false-rule witness was found in this audit.	
reference-semantics/semantics/str.k	8	21	21	rule	equational-rule		False	False	False	False	False	False	False	False	False	False	False	False	aa4b17a2361f9f346f29dced90c4529fb7dcc0002e9cc3d53e8b22158f6337f9	  rule seqConcat(.IntSeq, T:IntSeq)                => T	SUPPLIED_FIXED_SEMANTICS_UNUSED	Byte-identical to the trusted supplied semantics and not reachable from the submitted body/entry claims. No candidate-local alteration or proof dependency; no narrower false-rule witness was found in this audit.	
reference-semantics/semantics/str.k	9	22	22	rule	equational-rule		False	False	False	False	False	False	False	False	False	False	False	False	6878455924eef2c3ffc1fbbd0b3b4b33b8e48639526d52858a2a9a80dfcd0466	  rule seqConcat(iCons(I:Int, S:IntSeq), T:IntSeq) => iCons(I, seqConcat(S, T))	SUPPLIED_FIXED_SEMANTICS_UNUSED	Byte-identical to the trusted supplied semantics and not reachable from the submitted body/entry claims. No candidate-local alteration or proof dependency; no narrower false-rule witness was found in this audit.	
reference-semantics/semantics/str.k	10	24	24	rule	equational-rule		False	False	False	False	False	False	False	False	False	False	False	False	0973b8121d4baf685547ba128ed70064aa79253bb73969ef4c6e649045c1b360	"  rule applyBin(""+"",  str(A:IntSeq), str(B:IntSeq)) => str(seqConcat(A, B))"	SUPPLIED_FIXED_SEMANTICS_UNUSED	Byte-identical to the trusted supplied semantics and not reachable from the submitted body/entry claims. No candidate-local alteration or proof dependency; no narrower false-rule witness was found in this audit.	
reference-semantics/semantics/str.k	11	25	25	rule	equational-rule		False	False	False	False	False	False	False	False	False	False	False	False	505768aa98b73f9474aeb32605352f0b40b45f34e4e5217cdd5ffd53ad3a9e82	"  rule applyCmp(""=="", str(A:IntSeq), str(B:IntSeq)) => A ==K B"	SUPPLIED_FIXED_SEMANTICS_UNUSED	Byte-identical to the trusted supplied semantics and not reachable from the submitted body/entry claims. No candidate-local alteration or proof dependency; no narrower false-rule witness was found in this audit.	
reference-semantics/semantics/str.k	12	26	26	rule	equational-rule		False	False	False	False	False	False	False	False	False	False	False	False	b3628ffe9efc1028e3930047de58e2fd6e227e413e03d572e6bcc2fd4617fbd9	"  rule applyCmp(""!="", str(A:IntSeq), str(B:IntSeq)) => notBool (A ==K B)"	SUPPLIED_FIXED_SEMANTICS_UNUSED	Byte-identical to the trusted supplied semantics and not reachable from the submitted body/entry claims. No candidate-local alteration or proof dependency; no narrower false-rule witness was found in this audit.	
reference-semantics/semantics/str.k	13	29	29	rule	equational-rule		False	False	False	False	False	False	False	False	False	False	False	False	19722b396d92990bc33c32f09fd4f791c668f6883558dfc75482498ad7ae7be6	"  rule applyCmp(""in"",     str(P:IntSeq), str(X:IntSeq)) => strContains(P, X)"	SUPPLIED_FIXED_SEMANTICS_UNUSED	Byte-identical to the trusted supplied semantics and not reachable from the submitted body/entry claims. No candidate-local alteration or proof dependency; no narrower false-rule witness was found in this audit.	
reference-semantics/semantics/str.k	14	30	30	rule	equational-rule		False	False	False	False	False	False	False	False	False	False	False	False	ffe64291640c215523cb5d344fb9112b5f5cd444a06ac14b888f76d4aaa65c02	"  rule applyCmp(""not in"", str(P:IntSeq), str(X:IntSeq)) => notBool strContains(P, X)"	SUPPLIED_FIXED_SEMANTICS_UNUSED	Byte-identical to the trusted supplied semantics and not reachable from the submitted body/entry claims. No candidate-local alteration or proof dependency; no narrower false-rule witness was found in this audit.	
reference-semantics/semantics/str.k	15	32	32	syntax	syntax-declaration	function, total	True	False	True	False	False	False	False	False	False	False	False	False	20ca5b0f09308bbbf016adc9f2eb460cdba2fc4e4535e8768b444c25f0661133	  syntax Bool ::= strPrefix(IntSeq, IntSeq) [function, total]	SUPPLIED_FIXED_SEMANTICS_UNUSED	Byte-identical to the trusted supplied semantics and not reachable from the submitted body/entry claims. No candidate-local alteration or proof dependency; no narrower false-rule witness was found in this audit.	
reference-semantics/semantics/str.k	16	33	33	rule	equational-rule		False	False	False	False	False	False	False	False	False	False	False	False	79d527bf88c0d45d3b39e5891cd0dd71076640dde02a37d68c010ccd6d8efe91	  rule strPrefix(.IntSeq, _:IntSeq)               => true	SUPPLIED_FIXED_SEMANTICS_UNUSED	Byte-identical to the trusted supplied semantics and not reachable from the submitted body/entry claims. No candidate-local alteration or proof dependency; no narrower false-rule witness was found in this audit.	
reference-semantics/semantics/str.k	17	34	34	rule	equational-rule		False	False	False	False	False	False	False	False	False	False	False	False	525a4cc4caf64d8be104f74c9078a31ed060bab51fcb99c06b94cd1c0cc6ebce	  rule strPrefix(iCons(_:Int, _:IntSeq), .IntSeq) => false	SUPPLIED_FIXED_SEMANTICS_UNUSED	Byte-identical to the trusted supplied semantics and not reachable from the submitted body/entry claims. No candidate-local alteration or proof dependency; no narrower false-rule witness was found in this audit.	
reference-semantics/semantics/str.k	18	35	35	rule	equational-rule		False	False	False	False	False	False	False	False	False	False	False	False	7a4bd94ac8f90a0603ecd8fc9ada4134272702efaa877a9a9038976b6ec6bf53	  rule strPrefix(iCons(A:Int, As:IntSeq), iCons(B:Int, Bs:IntSeq)) => A ==Int B andBool strPrefix(As, Bs)	SUPPLIED_FIXED_SEMANTICS_UNUSED	Byte-identical to the trusted supplied semantics and not reachable from the submitted body/entry claims. No candidate-local alteration or proof dependency; no narrower false-rule witness was found in this audit.	
reference-semantics/semantics/str.k	19	37	37	syntax	syntax-declaration	function, total	True	False	True	False	False	False	False	False	False	False	False	False	bd9a8cef3da3cf2a2b3ac24a9e8148ed61a18a247f89502b320aa04870080e06	  syntax Bool ::= strContains(IntSeq, IntSeq) [function, total]	SUPPLIED_FIXED_SEMANTICS_UNUSED	Byte-identical to the trusted supplied semantics and not reachable from the submitted body/entry claims. No candidate-local alteration or proof dependency; no narrower false-rule witness was found in this audit.	
reference-semantics/semantics/str.k	20	38	38	rule	equational-rule		False	False	False	False	False	False	False	False	False	False	False	False	20f78c6af932618c59eee4651b8bf90b520afa8279b9cdfb6f1a692228667d2d	  rule strContains(P:IntSeq, X:IntSeq) => true  requires strPrefix(P, X)	SUPPLIED_FIXED_SEMANTICS_UNUSED	Byte-identical to the trusted supplied semantics and not reachable from the submitted body/entry claims. No candidate-local alteration or proof dependency; no narrower false-rule witness was found in this audit.	
reference-semantics/semantics/str.k	21	39	39	rule	equational-rule		False	False	False	False	False	False	False	False	False	False	False	False	5ad91d5e52875f34e7ec94c410e351030d68d0af92ec128097d88360a8488dee	  rule strContains(P:IntSeq, .IntSeq)  => false requires notBool strPrefix(P, .IntSeq)	SUPPLIED_FIXED_SEMANTICS_UNUSED	Byte-identical to the trusted supplied semantics and not reachable from the submitted body/entry claims. No candidate-local alteration or proof dependency; no narrower false-rule witness was found in this audit.	
reference-semantics/semantics/str.k	22	40	41	rule	equational-rule		False	False	False	False	False	False	False	False	False	False	False	False	5f4047fd8aca89d125dfdb56666af17cea1c7874274f1a455a65fca2e1b224c1	  rule strContains(P:IntSeq, iCons(C:Int, Xs:IntSeq)) => strContains(P, Xs)\n       requires notBool strPrefix(P, iCons(C, Xs))	SUPPLIED_FIXED_SEMANTICS_UNUSED	Byte-identical to the trusted supplied semantics and not reachable from the submitted body/entry claims. No candidate-local alteration or proof dependency; no narrower false-rule witness was found in this audit.	
reference-semantics/semantics/str.k	23	48	48	syntax	syntax-declaration	function, total	True	False	True	False	False	False	False	False	False	False	False	False	733bd2de69c613de10dfe5a5948c166ec3b7bf348fa258d4363cedc5af13a4fb	  syntax Bool ::= strLt(IntSeq, IntSeq) [function, total]	SUPPLIED_FIXED_SEMANTICS_UNUSED	Byte-identical to the trusted supplied semantics and not reachable from the submitted body/entry claims. No candidate-local alteration or proof dependency; no narrower false-rule witness was found in this audit.	
reference-semantics/semantics/str.k	24	49	49	rule	equational-rule		False	False	False	False	False	False	False	False	False	False	False	False	2461169cbdbc94eb739882359a6f2cad999c3f8213ac869fba5a16810ad4968b	  rule strLt(.IntSeq, .IntSeq)                => false	SUPPLIED_FIXED_SEMANTICS_UNUSED	Byte-identical to the trusted supplied semantics and not reachable from the submitted body/entry claims. No candidate-local alteration or proof dependency; no narrower false-rule witness was found in this audit.	
reference-semantics/semantics/str.k	25	50	50	rule	equational-rule		False	False	False	False	False	False	False	False	False	False	False	False	38790170ab7d058adc3b13c219bef00b221c32fba23901a5dcf582fac5a5ff44	  rule strLt(.IntSeq, iCons(_:Int, _:IntSeq)) => true	SUPPLIED_FIXED_SEMANTICS_UNUSED	Byte-identical to the trusted supplied semantics and not reachable from the submitted body/entry claims. No candidate-local alteration or proof dependency; no narrower false-rule witness was found in this audit.	
reference-semantics/semantics/str.k	26	51	51	rule	equational-rule		False	False	False	False	False	False	False	False	False	False	False	False	08c0671cf03a0f5f1f6b74cb4e0970176ef7d919e8a134e53affae7e22087e99	  rule strLt(iCons(_:Int, _:IntSeq), .IntSeq) => false	SUPPLIED_FIXED_SEMANTICS_UNUSED	Byte-identical to the trusted supplied semantics and not reachable from the submitted body/entry claims. No candidate-local alteration or proof dependency; no narrower false-rule witness was found in this audit.	
reference-semantics/semantics/str.k	27	52	52	rule	equational-rule		False	False	False	False	False	False	False	False	False	False	False	False	c22a18856641e24966ab4cbe3130d2fac0869d00714c9ef43b0ba163afcd5e18	  rule strLt(iCons(A:Int, As:IntSeq), iCons(B:Int, Bs:IntSeq)) => true          requires A  <Int B	SUPPLIED_FIXED_SEMANTICS_UNUSED	Byte-identical to the trusted supplied semantics and not reachable from the submitted body/entry claims. No candidate-local alteration or proof dependency; no narrower false-rule witness was found in this audit.	
reference-semantics/semantics/str.k	28	53	53	rule	equational-rule		False	False	False	False	False	False	False	False	False	False	False	False	9efd9b70f54b6d0bc4184ff6d07ebeaa54ef69bded3a80720dfb353ac49e6caa	  rule strLt(iCons(A:Int, As:IntSeq), iCons(B:Int, Bs:IntSeq)) => false         requires A  >Int B	SUPPLIED_FIXED_SEMANTICS_UNUSED	Byte-identical to the trusted supplied semantics and not reachable from the submitted body/entry claims. No candidate-local alteration or proof dependency; no narrower false-rule witness was found in this audit.	
reference-semantics/semantics/str.k	29	54	54	rule	equational-rule		False	False	False	False	False	False	False	False	False	False	False	False	aff2cafee1cf7aa050aed037b2e6bd0eb209894eee85c5fc638c80dd8e7c9717	  rule strLt(iCons(A:Int, As:IntSeq), iCons(B:Int, Bs:IntSeq)) => strLt(As, Bs) requires A ==Int B	SUPPLIED_FIXED_SEMANTICS_UNUSED	Byte-identical to the trusted supplied semantics and not reachable from the submitted body/entry claims. No candidate-local alteration or proof dependency; no narrower false-rule witness was found in this audit.	
reference-semantics/semantics/str.k	30	56	56	rule	equational-rule		False	False	False	False	False	False	False	False	False	False	False	False	80fe6ec15f9ca5f464ee340a60a1e9fd9a9f218714e63c5d5188bd4ba101450a	"  rule applyCmp(""<"",  str(A:IntSeq), str(B:IntSeq)) => strLt(A, B)"	SUPPLIED_FIXED_SEMANTICS_UNUSED	Byte-identical to the trusted supplied semantics and not reachable from the submitted body/entry claims. No candidate-local alteration or proof dependency; no narrower false-rule witness was found in this audit.	
reference-semantics/semantics/str.k	31	57	57	rule	equational-rule		False	False	False	False	False	False	False	False	False	False	False	False	c708488cf749a44954a9fcaf703732c26764736a2dc19bfe48da4afd3dc0bdc0	"  rule applyCmp("">"",  str(A:IntSeq), str(B:IntSeq)) => strLt(B, A)"	SUPPLIED_FIXED_SEMANTICS_UNUSED	Byte-identical to the trusted supplied semantics and not reachable from the submitted body/entry claims. No candidate-local alteration or proof dependency; no narrower false-rule witness was found in this audit.	
reference-semantics/semantics/str.k	32	58	58	rule	equational-rule		False	False	False	False	False	False	False	False	False	False	False	False	f7cd75241a5d8bccd5b87fe76268bebd8580bccf1cbd13c9d29a7e1669b66752	"  rule applyCmp(""<="", str(A:IntSeq), str(B:IntSeq)) => notBool strLt(B, A)"	SUPPLIED_FIXED_SEMANTICS_UNUSED	Byte-identical to the trusted supplied semantics and not reachable from the submitted body/entry claims. No candidate-local alteration or proof dependency; no narrower false-rule witness was found in this audit.	
reference-semantics/semantics/str.k	33	59	59	rule	equational-rule		False	False	False	False	False	False	False	False	False	False	False	False	4af81cb3fa36819d98758f11d958984a0c7cfedbd96f7561549f0e72059598fd	"  rule applyCmp("">="", str(A:IntSeq), str(B:IntSeq)) => notBool strLt(A, B)"	SUPPLIED_FIXED_SEMANTICS_UNUSED	Byte-identical to the trusted supplied semantics and not reachable from the submitted body/entry claims. No candidate-local alteration or proof dependency; no narrower false-rule witness was found in this audit.	
reference-semantics/semantics/subscript.k	1	11	11	syntax	syntax-declaration	function, total	True	False	True	False	False	False	False	False	False	False	False	False	e119418433e265c4612bbb895728debe22258b96cb5059dbb57188bfc09b7205	  syntax Val ::= valSeqAt(ValSeq, Int) [function, total]	SUPPLIED_FIXED_SEMANTICS_UNUSED	Byte-identical to the trusted supplied semantics and not reachable from the submitted body/entry claims. No candidate-local alteration or proof dependency; no narrower false-rule witness was found in this audit.	
reference-semantics/semantics/subscript.k	2	12	12	rule	equational-rule		False	False	False	False	False	False	False	False	False	False	False	False	747991ec55421a7e9dc1c6c142820e01df32fe53fbc4e3dc83df18290a5eec8c	  rule valSeqAt(vCons(V:Val, _:ValSeq), 0)     => V	SUPPLIED_FIXED_SEMANTICS_UNUSED	Byte-identical to the trusted supplied semantics and not reachable from the submitted body/entry claims. No candidate-local alteration or proof dependency; no narrower false-rule witness was found in this audit.	
reference-semantics/semantics/subscript.k	3	13	14	rule	equational-rule		False	False	False	False	False	False	False	False	False	False	False	False	37ad09d4e355b8b7b62ba2ba5a7c2dbfd40e8cdf90bf4b2abcf2c176b987e44e	  rule valSeqAt(vCons(_:Val, S:ValSeq), I:Int) => valSeqAt(S, I -Int 1)\n       requires I >Int 0	SUPPLIED_FIXED_SEMANTICS_UNUSED	Byte-identical to the trusted supplied semantics and not reachable from the submitted body/entry claims. No candidate-local alteration or proof dependency; no narrower false-rule witness was found in this audit.	
reference-semantics/semantics/subscript.k	4	16	16	syntax	syntax-declaration	function	True	False	False	False	False	False	False	False	False	False	False	False	6934c60b0248c12e03b6779991f173f12149775ef04b94d3e70512cff46a924c	  syntax Int ::= intSeqAt(IntSeq, Int) [function]	SUPPLIED_FIXED_SEMANTICS_UNUSED	Byte-identical to the trusted supplied semantics and not reachable from the submitted body/entry claims. No candidate-local alteration or proof dependency; no narrower false-rule witness was found in this audit.	
reference-semantics/semantics/subscript.k	5	17	17	rule	equational-rule		False	False	False	False	False	False	False	False	False	False	False	False	35603efd15e1783549ef4bf839040e608525948fe14d4312ebc0f9c16dfd35f5	  rule intSeqAt(iCons(C:Int, _:IntSeq), 0)     => C	SUPPLIED_FIXED_SEMANTICS_UNUSED	Byte-identical to the trusted supplied semantics and not reachable from the submitted body/entry claims. No candidate-local alteration or proof dependency; no narrower false-rule witness was found in this audit.	
reference-semantics/semantics/subscript.k	6	18	19	rule	equational-rule		False	False	False	False	False	False	False	False	False	False	False	False	c33ad88abb8318c4fc6b299ae964ae73b2ed59b48b039e1020a1fb91a341ee8e	  rule intSeqAt(iCons(_:Int, S:IntSeq), I:Int) => intSeqAt(S, I -Int 1)\n       requires I >Int 0	SUPPLIED_FIXED_SEMANTICS_UNUSED	Byte-identical to the trusted supplied semantics and not reachable from the submitted body/entry claims. No candidate-local alteration or proof dependency; no narrower false-rule witness was found in this audit.	
reference-semantics/semantics/subscript.k	7	21	21	syntax	syntax-declaration	function, total	True	False	True	False	False	False	False	False	False	False	False	False	72211dd061ba73f11f96dd4d200172ed0aa90e80b9d6ffbb5870eb486d4ddfb7	  syntax Int ::= normIdx(Int, Int) [function, total]	SUPPLIED_FIXED_SEMANTICS_UNUSED	Byte-identical to the trusted supplied semantics and not reachable from the submitted body/entry claims. No candidate-local alteration or proof dependency; no narrower false-rule witness was found in this audit.	
reference-semantics/semantics/subscript.k	8	22	22	rule	equational-rule		False	False	False	False	False	False	False	False	False	False	False	False	944e785558408efa1d6101c483af2843b25172d535aa6b69cf9453820f480443	  rule normIdx(I:Int, LEN:Int) => I +Int LEN requires I  <Int 0	SUPPLIED_FIXED_SEMANTICS_UNUSED	Byte-identical to the trusted supplied semantics and not reachable from the submitted body/entry claims. No candidate-local alteration or proof dependency; no narrower false-rule witness was found in this audit.	
reference-semantics/semantics/subscript.k	9	23	23	rule	equational-rule		False	False	False	False	False	False	False	False	False	False	False	False	6eb4d90220891c91aab8ab606d2e6ce54c1fcbc70d1c903b5c2db5756731bbf9	  rule normIdx(I:Int, _:Int)   => I          requires I >=Int 0	SUPPLIED_FIXED_SEMANTICS_UNUSED	Byte-identical to the trusted supplied semantics and not reachable from the submitted body/entry claims. No candidate-local alteration or proof dependency; no narrower false-rule witness was found in this audit.	
reference-semantics/semantics/subscript.k	10	27	27	context	context		False	False	False	False	False	False	False	False	False	False	False	False	7693286a22b1b7c4c6eb7ef4dde4f848b536e7004b90920bc2b895c0a1a43294	  context Subscript(HOLE, _)	SUPPLIED_FIXED_SEMANTICS_UNUSED	Byte-identical to the trusted supplied semantics and not reachable from the submitted body/entry claims. No candidate-local alteration or proof dependency; no narrower false-rule witness was found in this audit.	
reference-semantics/semantics/subscript.k	11	28	28	context	context		False	False	False	False	False	False	False	False	False	False	False	False	b2512d098f3e71baf5f715b0259ea582879723c4c77e6da5fbf7cfee9f4a8c11	  context Subscript(_:Val, HOLE:Expr)	SUPPLIED_FIXED_SEMANTICS_UNUSED	Byte-identical to the trusted supplied semantics and not reachable from the submitted body/entry claims. No candidate-local alteration or proof dependency; no narrower false-rule witness was found in this audit.	
reference-semantics/semantics/subscript.k	12	31	33	rule	operational-rule	priority(40)	False	False	False	False	False	True	False	False	False	False	False	False	8bcf15ca375c1bd607de24b5776589debce0d606defd2380f3f4944a58f9ab42	  rule <k> Subscript(ref(H:Int), IX:Index) => Subscript(V, IX) ... </k>\n       <heap> ... H |-> V:Val ... </heap>\n       [priority(40)]	SUPPLIED_FIXED_SEMANTICS_UNUSED	Byte-identical to the trusted supplied semantics and not reachable from the submitted body/entry claims. No candidate-local alteration or proof dependency; no narrower false-rule witness was found in this audit.	
reference-semantics/semantics/subscript.k	13	35	35	rule	operational-rule		False	False	False	False	False	False	False	False	False	False	False	False	bb7f6a4c0828245828965ff92c399f0fa5f93cfa69e123ff27d97ca9452ca7b6	  rule <k> Subscript(OBJ:Val, I:Int) => applyIndex(OBJ, I) ... </k>	SUPPLIED_FIXED_SEMANTICS_UNUSED	Byte-identical to the trusted supplied semantics and not reachable from the submitted body/entry claims. No candidate-local alteration or proof dependency; no narrower false-rule witness was found in this audit.	
reference-semantics/semantics/subscript.k	14	37	37	syntax	syntax-declaration	function	True	False	False	False	False	False	False	False	False	False	False	False	2cb23979fd65ac39755d6b381d59100ebda05a6ccbba15603ccca427f1caa11e	  syntax Val ::= applyIndex(Val, Int) [function]	SUPPLIED_FIXED_SEMANTICS_UNUSED	Byte-identical to the trusted supplied semantics and not reachable from the submitted body/entry claims. No candidate-local alteration or proof dependency; no narrower false-rule witness was found in this audit.	
reference-semantics/semantics/subscript.k	15	38	38	rule	equational-rule		False	False	False	False	False	False	False	False	False	False	False	False	ea7622b403e107e03b8f39f6b44df46cc7ad7dadfa87f17a24f0f18172a31e20	  rule applyIndex(list(VS:ValSeq),  I:Int) => valSeqAt(VS, normIdx(I, vsLen(VS)))	SUPPLIED_FIXED_SEMANTICS_UNUSED	Byte-identical to the trusted supplied semantics and not reachable from the submitted body/entry claims. No candidate-local alteration or proof dependency; no narrower false-rule witness was found in this audit.	
reference-semantics/semantics/subscript.k	16	39	39	rule	equational-rule		False	False	False	False	False	False	False	False	False	False	False	False	db9109b9b5917bec4b95a482dd05d6be783644270b8fcbcd4939c9215105adb7	  rule applyIndex(tuple(VS:ValSeq), I:Int) => valSeqAt(VS, normIdx(I, vsLen(VS)))	SUPPLIED_FIXED_SEMANTICS_UNUSED	Byte-identical to the trusted supplied semantics and not reachable from the submitted body/entry claims. No candidate-local alteration or proof dependency; no narrower false-rule witness was found in this audit.	
reference-semantics/semantics/subscript.k	17	40	41	rule	equational-rule		False	False	False	False	False	False	False	False	False	False	False	False	0c8be342227462834f97486ea174b9971ea54e116191036910b0a816e920cb62	  rule applyIndex(str(IS:IntSeq),   I:Int)\n    => str(iCons(intSeqAt(IS, normIdx(I, isLen(IS))), .IntSeq))	SUPPLIED_FIXED_SEMANTICS_UNUSED	Byte-identical to the trusted supplied semantics and not reachable from the submitted body/entry claims. No candidate-local alteration or proof dependency; no narrower false-rule witness was found in this audit.	
reference-semantics/semantics/subscript.k	18	44	47	syntax	syntax-declaration		False	False	False	False	False	False	False	False	False	False	False	False	631be6594e973f2867cfdc0fde714b303171e6d142c1a4f555561c95856665aa	"  syntax KItem ::= #evalB(Bound) | ""#toSome""\n                 | #slLo(Val, Bound, Bound)\n                 | #slHi(Val, OptInt, Bound)\n                 | #slStep(Val, OptInt, OptInt)"	SUPPLIED_FIXED_SEMANTICS_UNUSED	Byte-identical to the trusted supplied semantics and not reachable from the submitted body/entry claims. No candidate-local alteration or proof dependency; no narrower false-rule witness was found in this audit.	
reference-semantics/semantics/subscript.k	19	49	49	syntax	syntax-declaration		False	False	False	False	False	False	False	False	False	False	False	False	83c51c10151b988f04bd2dcc7e8a8cea4a31f85efe6ef6a9eeab0bdd8bbdd9f6	"  syntax OptInt ::= ""noB"" | someB(Int)"	SUPPLIED_FIXED_SEMANTICS_UNUSED	Byte-identical to the trusted supplied semantics and not reachable from the submitted body/entry claims. No candidate-local alteration or proof dependency; no narrower false-rule witness was found in this audit.	
reference-semantics/semantics/subscript.k	20	50	50	rule	operational-rule		False	False	False	False	False	False	False	False	False	False	False	False	2e07a674638ac83af7caa26b5594b90bdc4927c56ef93a1d1ddbaa213361cbbc	  rule <k> #evalB(NoBound)  => noB ... </k>	SUPPLIED_FIXED_SEMANTICS_UNUSED	Byte-identical to the trusted supplied semantics and not reachable from the submitted body/entry claims. No candidate-local alteration or proof dependency; no narrower false-rule witness was found in this audit.	
reference-semantics/semantics/subscript.k	21	51	51	rule	operational-rule		False	False	False	False	False	False	False	False	False	False	False	False	c610490e97e3e8f03ece7984e181fcf8fe2d69259cf28068340920bef9fa9c16	  rule <k> #evalB(E:Expr)   => E ~> #toSome ... </k>	SUPPLIED_FIXED_SEMANTICS_UNUSED	Byte-identical to the trusted supplied semantics and not reachable from the submitted body/entry claims. No candidate-local alteration or proof dependency; no narrower false-rule witness was found in this audit.	
reference-semantics/semantics/subscript.k	22	52	52	rule	operational-rule		False	False	False	False	False	False	False	False	False	False	False	False	71df8dbfc0fc86707f3c06c4f1f698f4a324aafd5e70d32a54b089181d5afb3f	  rule <k> I:Int ~> #toSome => someB(I) ... </k>	SUPPLIED_FIXED_SEMANTICS_UNUSED	Byte-identical to the trusted supplied semantics and not reachable from the submitted body/entry claims. No candidate-local alteration or proof dependency; no narrower false-rule witness was found in this audit.	
reference-semantics/semantics/subscript.k	23	54	54	rule	operational-rule		False	False	False	False	False	False	False	False	False	False	False	False	12cde3936cd6a7890b0c6265920de7758f78c37e56cafded4492ae9fc05f0283	  rule <k> Subscript(OBJ:Val, Slice(LO:Bound, HI:Bound, ST:Bound)) => #evalB(LO) ~> #slLo(OBJ, HI, ST) ... </k>	SUPPLIED_FIXED_SEMANTICS_UNUSED	Byte-identical to the trusted supplied semantics and not reachable from the submitted body/entry claims. No candidate-local alteration or proof dependency; no narrower false-rule witness was found in this audit.	
reference-semantics/semantics/subscript.k	24	55	55	rule	operational-rule		False	False	False	False	False	False	False	False	False	False	False	False	a7f5cc5b7201408cd084e8220d936444ad16ba6e4afdabe672ba47825192db87	  rule <k> LO:OptInt ~> #slLo(OBJ:Val, HI:Bound, ST:Bound)   => #evalB(HI) ~> #slHi(OBJ, LO, ST) ... </k>	SUPPLIED_FIXED_SEMANTICS_UNUSED	Byte-identical to the trusted supplied semantics and not reachable from the submitted body/entry claims. No candidate-local alteration or proof dependency; no narrower false-rule witness was found in this audit.	
reference-semantics/semantics/subscript.k	25	56	56	rule	operational-rule		False	False	False	False	False	False	False	False	False	False	False	False	dcbfa16720350bf207b8e0235b2cf4e17e8c8a57f0fd66efef311f1d64c77823	  rule <k> HI:OptInt ~> #slHi(OBJ:Val, LO:OptInt, ST:Bound)  => #evalB(ST) ~> #slStep(OBJ, LO, HI) ... </k>	SUPPLIED_FIXED_SEMANTICS_UNUSED	Byte-identical to the trusted supplied semantics and not reachable from the submitted body/entry claims. No candidate-local alteration or proof dependency; no narrower false-rule witness was found in this audit.	
reference-semantics/semantics/subscript.k	26	58	60	rule	operational-rule	priority(45)	False	False	False	False	False	True	False	False	False	False	False	False	fc8b5c6f17ec68500d40f8a0cb1f1c007c12a9f44cd2677ab420c0167c0263e2	  rule <k> ST:OptInt ~> #slStep(list(VS:ValSeq), LO:OptInt, HI:OptInt)\n        => #alloc(doSlice(list(VS), LO, HI, ST)) ... </k>\n       [priority(45)]	SUPPLIED_FIXED_SEMANTICS_UNUSED	Byte-identical to the trusted supplied semantics and not reachable from the submitted body/entry claims. No candidate-local alteration or proof dependency; no narrower false-rule witness was found in this audit.	
reference-semantics/semantics/subscript.k	27	61	61	rule	operational-rule		False	False	False	False	False	False	False	False	False	False	False	False	07ded21d4b4d1f50fbfd01cf257a78e62f987211259ae294df656ed0114edaa2	  rule <k> ST:OptInt ~> #slStep(OBJ:Val, LO:OptInt, HI:OptInt) => doSlice(OBJ, LO, HI, ST) ... </k>	SUPPLIED_FIXED_SEMANTICS_UNUSED	Byte-identical to the trusted supplied semantics and not reachable from the submitted body/entry claims. No candidate-local alteration or proof dependency; no narrower false-rule witness was found in this audit.	
reference-semantics/semantics/subscript.k	28	63	63	syntax	syntax-declaration	function	True	False	False	False	False	False	False	False	False	False	False	False	ebe714da01b0694ea231b0819457ff77d335f43cee08f124d9645d57fd141b94	  syntax Val ::= doSlice(Val, OptInt, OptInt, OptInt) [function]	SUPPLIED_FIXED_SEMANTICS_UNUSED	Byte-identical to the trusted supplied semantics and not reachable from the submitted body/entry claims. No candidate-local alteration or proof dependency; no narrower false-rule witness was found in this audit.	
reference-semantics/semantics/subscript.k	29	64	65	rule	equational-rule		False	False	False	False	False	False	False	False	False	False	False	False	1ea0c356d9ed80cf76aadf34f4c6a6420911708a2ad368c9df868cb4ae9da18c	  rule doSlice(list(VS:ValSeq), LO:OptInt, HI:OptInt, ST:OptInt)\n    => list(buildVS(VS, slStart(LO, ST, vsLen(VS)), slStop(HI, ST, vsLen(VS)), slStep(ST)))	SUPPLIED_FIXED_SEMANTICS_UNUSED	Byte-identical to the trusted supplied semantics and not reachable from the submitted body/entry claims. No candidate-local alteration or proof dependency; no narrower false-rule witness was found in this audit.	
reference-semantics/semantics/subscript.k	30	66	67	rule	equational-rule		False	False	False	False	False	False	False	False	False	False	False	False	9d2f1328fcc7a01bc7eefc0f2525c07676d4e669e7bf4680b5844a7aa3b4a48a	  rule doSlice(tuple(VS:ValSeq), LO:OptInt, HI:OptInt, ST:OptInt)\n    => tuple(buildVS(VS, slStart(LO, ST, vsLen(VS)), slStop(HI, ST, vsLen(VS)), slStep(ST)))	SUPPLIED_FIXED_SEMANTICS_UNUSED	Byte-identical to the trusted supplied semantics and not reachable from the submitted body/entry claims. No candidate-local alteration or proof dependency; no narrower false-rule witness was found in this audit.	
reference-semantics/semantics/subscript.k	31	68	69	rule	equational-rule		False	False	False	False	False	False	False	False	False	False	False	False	6e1da2a46f34289e2ee9b2fa2b4b9500b263a1b7cceb31f378803a1475e6fa02	  rule doSlice(str(IS:IntSeq), LO:OptInt, HI:OptInt, ST:OptInt)\n    => str(buildIS(IS, slStart(LO, ST, isLen(IS)), slStop(HI, ST, isLen(IS)), slStep(ST)))	SUPPLIED_FIXED_SEMANTICS_UNUSED	Byte-identical to the trusted supplied semantics and not reachable from the submitted body/entry claims. No candidate-local alteration or proof dependency; no narrower false-rule witness was found in this audit.	
reference-semantics/semantics/subscript.k	32	72	72	syntax	syntax-declaration	function, total	True	False	True	False	False	False	False	False	False	False	False	False	e82d4e2298b819d3f40bb2c5d8e5d247d41145163060acf00a1438d53c988ccd	  syntax Int ::= slStep(OptInt) [function, total]	SUPPLIED_FIXED_SEMANTICS_UNUSED	Byte-identical to the trusted supplied semantics and not reachable from the submitted body/entry claims. No candidate-local alteration or proof dependency; no narrower false-rule witness was found in this audit.	
reference-semantics/semantics/subscript.k	33	73	73	rule	equational-rule		False	False	False	False	False	False	False	False	False	False	False	False	628ab6caa794b270d0e39fe4086b52e63f7de2d4aea1f31a556e306c7faa1727	  rule slStep(noB)          => 1	SUPPLIED_FIXED_SEMANTICS_UNUSED	Byte-identical to the trusted supplied semantics and not reachable from the submitted body/entry claims. No candidate-local alteration or proof dependency; no narrower false-rule witness was found in this audit.	
reference-semantics/semantics/subscript.k	34	74	74	rule	equational-rule		False	False	False	False	False	False	False	False	False	False	False	False	b36948bbe886fe16145c7e8b54147848cfd18928438cddcc13ad2814a43fff6f	  rule slStep(someB(S:Int)) => S	SUPPLIED_FIXED_SEMANTICS_UNUSED	Byte-identical to the trusted supplied semantics and not reachable from the submitted body/entry claims. No candidate-local alteration or proof dependency; no narrower false-rule witness was found in this audit.	
reference-semantics/semantics/subscript.k	35	76	76	syntax	syntax-declaration	function	True	False	False	False	False	False	False	False	False	False	False	False	88ee52a00f9f47bf4ce9b9a6d46e431ec64d56061f7df2662e9e287ac2af5a58	  syntax Int ::= slStart(OptInt, OptInt, Int) [function]	SUPPLIED_FIXED_SEMANTICS_UNUSED	Byte-identical to the trusted supplied semantics and not reachable from the submitted body/entry claims. No candidate-local alteration or proof dependency; no narrower false-rule witness was found in this audit.	
reference-semantics/semantics/subscript.k	36	77	78	rule	equational-rule		False	False	False	False	False	False	False	False	False	False	False	False	87ed5ed2c0b8498ec1024e1b65f17216fff831b67ca047b01bf739427da16518	  rule slStart(noB,          ST:OptInt, _LEN:Int) => 0\n       requires slStep(ST) >Int 0	SUPPLIED_FIXED_SEMANTICS_UNUSED	Byte-identical to the trusted supplied semantics and not reachable from the submitted body/entry claims. No candidate-local alteration or proof dependency; no narrower false-rule witness was found in this audit.	
reference-semantics/semantics/subscript.k	37	79	80	rule	equational-rule		False	False	False	False	False	False	False	False	False	False	False	False	4014a56af00da7c7180584397fb68e66d4225460a95a77c7bc83ee6d97c5d1ea	  rule slStart(noB,          ST:OptInt, LEN:Int)  => LEN -Int 1\n       requires slStep(ST) <Int 0	SUPPLIED_FIXED_SEMANTICS_UNUSED	Byte-identical to the trusted supplied semantics and not reachable from the submitted body/entry claims. No candidate-local alteration or proof dependency; no narrower false-rule witness was found in this audit.	
reference-semantics/semantics/subscript.k	38	81	81	rule	equational-rule		False	False	False	False	False	False	False	False	False	False	False	False	0031568fede8b3cca78317098c72d5a0a727e6a88d0f450887d0c92f32b2e5bb	  rule slStart(someB(I:Int), ST:OptInt, LEN:Int)  => slAdjust(I, LEN, slStep(ST))	SUPPLIED_FIXED_SEMANTICS_UNUSED	Byte-identical to the trusted supplied semantics and not reachable from the submitted body/entry claims. No candidate-local alteration or proof dependency; no narrower false-rule witness was found in this audit.	
reference-semantics/semantics/subscript.k	39	83	83	syntax	syntax-declaration	function	True	False	False	False	False	False	False	False	False	False	False	False	85b655a59d0715ac94c5364d83895ff36f2de8e9e3fd7279d8b93f9485347180	  syntax Int ::= slStop(OptInt, OptInt, Int) [function]	SUPPLIED_FIXED_SEMANTICS_UNUSED	Byte-identical to the trusted supplied semantics and not reachable from the submitted body/entry claims. No candidate-local alteration or proof dependency; no narrower false-rule witness was found in this audit.	
reference-semantics/semantics/subscript.k	40	84	85	rule	equational-rule		False	False	False	False	False	False	False	False	False	False	False	False	5959dcc83a09799bb108d4908f41720b25efac5a292689370e5ff893f85ae335	  rule slStop(noB,          ST:OptInt, LEN:Int)  => LEN\n       requires slStep(ST) >Int 0	SUPPLIED_FIXED_SEMANTICS_UNUSED	Byte-identical to the trusted supplied semantics and not reachable from the submitted body/entry claims. No candidate-local alteration or proof dependency; no narrower false-rule witness was found in this audit.	
reference-semantics/semantics/subscript.k	41	86	87	rule	equational-rule		False	False	False	False	False	False	False	False	False	False	False	False	922293635fbe9f7311391ddd09db45187b33a67ab6c66675fcfecfe1bf4856f4	  rule slStop(noB,          ST:OptInt, _LEN:Int) => -1\n       requires slStep(ST) <Int 0	SUPPLIED_FIXED_SEMANTICS_UNUSED	Byte-identical to the trusted supplied semantics and not reachable from the submitted body/entry claims. No candidate-local alteration or proof dependency; no narrower false-rule witness was found in this audit.	
reference-semantics/semantics/subscript.k	42	88	88	rule	equational-rule		False	False	False	False	False	False	False	False	False	False	False	False	88267f1047bac5c31aa1f7a33997b1071abbb75045e3b2cac8cb93b7027225a2	  rule slStop(someB(I:Int), ST:OptInt, LEN:Int)  => slAdjust(I, LEN, slStep(ST))	SUPPLIED_FIXED_SEMANTICS_UNUSED	Byte-identical to the trusted supplied semantics and not reachable from the submitted body/entry claims. No candidate-local alteration or proof dependency; no narrower false-rule witness was found in this audit.	
reference-semantics/semantics/subscript.k	43	90	90	syntax	syntax-declaration	function, total	True	False	True	False	False	False	False	False	False	False	False	False	4b4dcc3685bee4a71053b9625d6a53bb4cb4e01303afd7d2d6905b653ad7a610	  syntax Int ::= slAdjust(Int, Int, Int) [function, total]	SUPPLIED_FIXED_SEMANTICS_UNUSED	Byte-identical to the trusted supplied semantics and not reachable from the submitted body/entry claims. No candidate-local alteration or proof dependency; no narrower false-rule witness was found in this audit.	
reference-semantics/semantics/subscript.k	44	91	92	rule	equational-rule		False	False	False	False	False	False	False	False	False	False	False	False	506d38b4c86f59719bd0fa1312ca5c215793329c27f265fe40dfd6f653b18945	  rule slAdjust(I:Int, LEN:Int, STEP:Int) => clampLo(I +Int LEN, STEP)\n       requires I  <Int 0	SUPPLIED_FIXED_SEMANTICS_UNUSED	Byte-identical to the trusted supplied semantics and not reachable from the submitted body/entry claims. No candidate-local alteration or proof dependency; no narrower false-rule witness was found in this audit.	
reference-semantics/semantics/subscript.k	45	93	94	rule	equational-rule		False	False	False	False	False	False	False	False	False	False	False	False	dbc47a594769c9ef8a51d5e162ac94123d9b78aafc3365510e74c22663aa443b	  rule slAdjust(I:Int, LEN:Int, STEP:Int) => clampHi(I, LEN, STEP)\n       requires I >=Int 0	SUPPLIED_FIXED_SEMANTICS_UNUSED	Byte-identical to the trusted supplied semantics and not reachable from the submitted body/entry claims. No candidate-local alteration or proof dependency; no narrower false-rule witness was found in this audit.	
reference-semantics/semantics/subscript.k	46	96	96	syntax	syntax-declaration	function, total	True	False	True	False	False	False	False	False	False	False	False	False	ef63143a302c366c552cadab28a22a6d9d07013bf0e5e57120c42ae81187617a	  syntax Int ::= clampLo(Int, Int) [function, total]	SUPPLIED_FIXED_SEMANTICS_UNUSED	Byte-identical to the trusted supplied semantics and not reachable from the submitted body/entry claims. No candidate-local alteration or proof dependency; no narrower false-rule witness was found in this audit.	
reference-semantics/semantics/subscript.k	47	97	98	rule	equational-rule		False	False	False	False	False	False	False	False	False	False	False	False	e8ba6eea8d3ec8d83c4fb10d8f37107c05439b08960ef5fbc9289e2fd937475b	  rule clampLo(J:Int, _STEP:Int) => J\n       requires J >=Int 0	SUPPLIED_FIXED_SEMANTICS_UNUSED	Byte-identical to the trusted supplied semantics and not reachable from the submitted body/entry claims. No candidate-local alteration or proof dependency; no narrower false-rule witness was found in this audit.	
reference-semantics/semantics/subscript.k	48	99	100	rule	equational-rule		False	False	False	False	False	False	False	False	False	False	False	False	2bd99938b7502350da595453509aae771a247e2079219a36a0b860509ac937d1	  rule clampLo(J:Int, STEP:Int)  => #if STEP <Int 0 #then -1 #else 0 #fi\n       requires J <Int 0	SUPPLIED_FIXED_SEMANTICS_UNUSED	Byte-identical to the trusted supplied semantics and not reachable from the submitted body/entry claims. No candidate-local alteration or proof dependency; no narrower false-rule witness was found in this audit.	
reference-semantics/semantics/subscript.k	49	102	102	syntax	syntax-declaration	function, total	True	False	True	False	False	False	False	False	False	False	False	False	389947c0d9fb9c5add99bf00974d2bbb61c1dd242bc8188ebb33e738cf440eb2	  syntax Int ::= clampHi(Int, Int, Int) [function, total]	SUPPLIED_FIXED_SEMANTICS_UNUSED	Byte-identical to the trusted supplied semantics and not reachable from the submitted body/entry claims. No candidate-local alteration or proof dependency; no narrower false-rule witness was found in this audit.	
reference-semantics/semantics/subscript.k	50	103	104	rule	equational-rule		False	False	False	False	False	False	False	False	False	False	False	False	51a78ad97042971133accdcd7917fdffad425affbd462ae2c83214444dc22f7b	  rule clampHi(I:Int, LEN:Int, _STEP:Int) => I\n       requires I  <Int LEN	SUPPLIED_FIXED_SEMANTICS_UNUSED	Byte-identical to the trusted supplied semantics and not reachable from the submitted body/entry claims. No candidate-local alteration or proof dependency; no narrower false-rule witness was found in this audit.	
reference-semantics/semantics/subscript.k	51	105	106	rule	equational-rule		False	False	False	False	False	False	False	False	False	False	False	False	79da770442482c216b9323f399949b318dc1894e85cbc6b3be26020d5fe9e364	  rule clampHi(I:Int, LEN:Int, STEP:Int)  => #if STEP <Int 0 #then LEN -Int 1 #else LEN #fi\n       requires I >=Int LEN	SUPPLIED_FIXED_SEMANTICS_UNUSED	Byte-identical to the trusted supplied semantics and not reachable from the submitted body/entry claims. No candidate-local alteration or proof dependency; no narrower false-rule witness was found in this audit.	
reference-semantics/semantics/subscript.k	52	109	109	syntax	syntax-declaration	function	True	False	False	False	False	False	False	False	False	False	False	False	31ac551d44cb461674c753141c4269dc922e0703405c7cb33f3e2b793be8d93a	  syntax ValSeq ::= buildVS(ValSeq, Int, Int, Int) [function]	SUPPLIED_FIXED_SEMANTICS_UNUSED	Byte-identical to the trusted supplied semantics and not reachable from the submitted body/entry claims. No candidate-local alteration or proof dependency; no narrower false-rule witness was found in this audit.	
reference-semantics/semantics/subscript.k	53	110	112	rule	equational-rule		False	False	False	False	False	False	False	False	False	False	False	False	2abe6db459f9a825cee61227c1e127fd00b6f248f1a19463e9f479de5723f59e	  rule buildVS(VS:ValSeq, I:Int, STOP:Int, STEP:Int)\n    => vCons(valSeqAt(VS, I), buildVS(VS, I +Int STEP, STOP, STEP))\n       requires (STEP >Int 0 andBool I <Int STOP) orBool (STEP <Int 0 andBool I >Int STOP)	SUPPLIED_FIXED_SEMANTICS_UNUSED	Byte-identical to the trusted supplied semantics and not reachable from the submitted body/entry claims. No candidate-local alteration or proof dependency; no narrower false-rule witness was found in this audit.	
reference-semantics/semantics/subscript.k	54	113	114	rule	equational-rule		False	False	False	False	False	False	False	False	False	False	False	False	83bd0edb6ad75c435a26eb0878f5a4f7836ce3bce02a2783bf6f34810367cf89	  rule buildVS(_:ValSeq, I:Int, STOP:Int, STEP:Int) => .ValSeq\n       requires notBool ((STEP >Int 0 andBool I <Int STOP) orBool (STEP <Int 0 andBool I >Int STOP))	SUPPLIED_FIXED_SEMANTICS_UNUSED	Byte-identical to the trusted supplied semantics and not reachable from the submitted body/entry claims. No candidate-local alteration or proof dependency; no narrower false-rule witness was found in this audit.	
reference-semantics/semantics/subscript.k	55	116	116	syntax	syntax-declaration	function	True	False	False	False	False	False	False	False	False	False	False	False	8a47abd7c53aed87c5e2233efb2d1e0ffe85550133c500494f53f312e3abe11e	  syntax IntSeq ::= buildIS(IntSeq, Int, Int, Int) [function]	SUPPLIED_FIXED_SEMANTICS_UNUSED	Byte-identical to the trusted supplied semantics and not reachable from the submitted body/entry claims. No candidate-local alteration or proof dependency; no narrower false-rule witness was found in this audit.	
reference-semantics/semantics/subscript.k	56	117	119	rule	equational-rule		False	False	False	False	False	False	False	False	False	False	False	False	868a0c436c3db857fc1f505d1588c9cb3ff40f758bce6f89dffe507d6d59b5bd	  rule buildIS(IS:IntSeq, I:Int, STOP:Int, STEP:Int)\n    => iCons(intSeqAt(IS, I), buildIS(IS, I +Int STEP, STOP, STEP))\n       requires (STEP >Int 0 andBool I <Int STOP) orBool (STEP <Int 0 andBool I >Int STOP)	SUPPLIED_FIXED_SEMANTICS_UNUSED	Byte-identical to the trusted supplied semantics and not reachable from the submitted body/entry claims. No candidate-local alteration or proof dependency; no narrower false-rule witness was found in this audit.	
reference-semantics/semantics/subscript.k	57	120	121	rule	equational-rule		False	False	False	False	False	False	False	False	False	False	False	False	9524abca3757f470108cd1b339672fcc70a984f0f23ee94069757107908b9642	  rule buildIS(_:IntSeq, I:Int, STOP:Int, STEP:Int) => .IntSeq\n       requires notBool ((STEP >Int 0 andBool I <Int STOP) orBool (STEP <Int 0 andBool I >Int STOP))	SUPPLIED_FIXED_SEMANTICS_UNUSED	Byte-identical to the trusted supplied semantics and not reachable from the submitted body/entry claims. No candidate-local alteration or proof dependency; no narrower false-rule witness was found in this audit.	
reference-semantics/semantics/syntax.k	1	9	30	syntax	syntax-declaration	strict(2),seqstrict(2, 3),macro,macro,strict(1),strict(1)	False	False	False	False	False	False	False	False	False	True	True	True	f4a750705200319f56652a2f64d6256753fda594c42f75832875ae76825d0b3b	"  syntax Expr ::= ""Int""      ""("" Int "")""\n                | ""Float""    ""("" Float "")""\n                | ""Bool""     ""("" Bool "")""\n                | ""Name""     ""("" String "")""\n                | ""Str""      ""("" String "")""\n                | ""UnaryOp""  ""("" String "","" Expr "")"" [strict(2)]\n                | ""BinOp""    ""("" String "","" Expr "","" Expr "")"" [seqstrict(2, 3)]\n                | ""BoolOp""    ""("" String "","" Exprs "")""\n                | ""ListExpr""  ""("" Exprs "")""\n                | ""DictExpr""  ""("" Entries "")""\n                | ""ListComp""  ""("" Expr "","" CompFors "")"" [macro]\n                | ""GenExp""    ""("" Expr "","" CompFors "")"" [macro]\n                | ""TupleExpr"" ""("" Exprs "")""\n                | ""Subscript"" ""("" Expr "","" Index "")""\n                | ""IfExp""     ""("" Expr "","" Expr "","" Expr "")"" [strict(1)]\n                | ""Lambda""    ""("" Params "","" Expr "")""\n                | ""KwArg""     ""("" String "","" Expr "")""\n                | ""Lambda""    ""("" Params "","" CellVars "","" FreeVars "","" Expr "")""\n                | ""NoneVal""\n                | ""Call""      ""("" Expr "","" Exprs "")""\n                | ""Attribute"" ""("" Expr "","" String "")"" [strict(1)]\n                | ""Compare""   ""("" Expr "","" CmpOp "")"""	SUPPLIED_FIXED_SEMANTICS_USED	Byte-identical to the trusted supplied semantics. This declaration/rule is on the submitted body's path; its evaluation/control/state role was checked against the program construct. Float no-evaluator symbols remain explicit fixed-semantics trust boundaries.	
reference-semantics/semantics/syntax.k	2	32	32	syntax	syntax-declaration		False	False	False	False	False	False	False	False	False	False	False	False	e11481b496c9cc38ba73a989f6fa0816bb8390dec7e84334ff8318c9c0bd33ba	"  syntax CmpOp    ::= ""CmpOp"" ""("" String "","" Expr "")"""	SUPPLIED_FIXED_SEMANTICS_USED	Byte-identical to the trusted supplied semantics. This declaration/rule is on the submitted body's path; its evaluation/control/state role was checked against the program construct. Float no-evaluator symbols remain explicit fixed-semantics trust boundaries.	
reference-semantics/semantics/syntax.k	3	33	33	syntax	syntax-declaration		False	False	False	False	False	False	False	False	False	False	False	False	aeac1a944d1e391621568b5e9c0af4468d74962b3c5f06c2cd0165b4371a0719	"  syntax Entry    ::= ""Entry"" ""("" Expr "","" Expr "")"""	SUPPLIED_FIXED_SEMANTICS_USED	Byte-identical to the trusted supplied semantics. This declaration/rule is on the submitted body's path; its evaluation/control/state role was checked against the program construct. Float no-evaluator symbols remain explicit fixed-semantics trust boundaries.	
reference-semantics/semantics/syntax.k	4	34	34	syntax	syntax-declaration		False	False	False	False	False	False	False	False	False	False	False	False	0745971c6b6246a6bfbd2fd93637bcac17525b46c5a38c9d236abff3147490a6	"  syntax Entries  ::= List{Entry, "",""}"	SUPPLIED_FIXED_SEMANTICS_USED	Byte-identical to the trusted supplied semantics. This declaration/rule is on the submitted body's path; its evaluation/control/state role was checked against the program construct. Float no-evaluator symbols remain explicit fixed-semantics trust boundaries.	
reference-semantics/semantics/syntax.k	5	35	35	syntax	syntax-declaration		False	False	False	False	False	False	False	False	False	False	False	False	786249e8829861554d6342b84fb68022c944118063f7e246dfed69cecb405b9c	"  syntax CompFor  ::= ""CompFor"" ""("" Expr "","" Expr "","" Exprs "")"""	SUPPLIED_FIXED_SEMANTICS_USED	Byte-identical to the trusted supplied semantics. This declaration/rule is on the submitted body's path; its evaluation/control/state role was checked against the program construct. Float no-evaluator symbols remain explicit fixed-semantics trust boundaries.	
reference-semantics/semantics/syntax.k	6	36	36	syntax	syntax-declaration		False	False	False	False	False	False	False	False	False	False	False	False	ad177c7e0f86293aaf899ebd3f5f34960efe11f0bb43cb2f7627cdeb7866747e	"  syntax CompFors ::= List{CompFor, """"}"	SUPPLIED_FIXED_SEMANTICS_USED	Byte-identical to the trusted supplied semantics. This declaration/rule is on the submitted body's path; its evaluation/control/state role was checked against the program construct. Float no-evaluator symbols remain explicit fixed-semantics trust boundaries.	
reference-semantics/semantics/syntax.k	7	37	37	syntax	syntax-declaration		False	False	False	False	False	False	False	False	False	False	False	False	288ef8b433693a38cd0fc37981c850e4777d7db49e602a6f97210117e708cc97	"  syntax Exprs    ::= List{Expr, "",""}"	SUPPLIED_FIXED_SEMANTICS_USED	Byte-identical to the trusted supplied semantics. This declaration/rule is on the submitted body's path; its evaluation/control/state role was checked against the program construct. Float no-evaluator symbols remain explicit fixed-semantics trust boundaries.	
reference-semantics/semantics/syntax.k	8	38	38	syntax	syntax-declaration		False	False	False	False	False	False	False	False	False	False	False	False	c9eb1089a30a9881fe2182e9d2b6d2e8f73c277a99f4ba0654ed322e5bad3ca8	"  syntax Index    ::= Expr | ""Slice"" ""("" Bound "","" Bound "","" Bound "")"""	SUPPLIED_FIXED_SEMANTICS_USED	Byte-identical to the trusted supplied semantics. This declaration/rule is on the submitted body's path; its evaluation/control/state role was checked against the program construct. Float no-evaluator symbols remain explicit fixed-semantics trust boundaries.	
reference-semantics/semantics/syntax.k	9	39	39	syntax	syntax-declaration		False	False	False	False	False	False	False	False	False	False	False	False	4291f5a960ec4134163db3d1fe70fbc97f32b46b35f1481fed2d0a1571d60ce2	"  syntax Bound    ::= Expr | ""NoBound"""	SUPPLIED_FIXED_SEMANTICS_USED	Byte-identical to the trusted supplied semantics. This declaration/rule is on the submitted body's path; its evaluation/control/state role was checked against the program construct. Float no-evaluator symbols remain explicit fixed-semantics trust boundaries.	
reference-semantics/semantics/syntax.k	10	41	54	syntax	syntax-declaration	strict(2),strict(3),strict(2),strict(1),strict,strict,strict	False	False	False	False	False	False	False	False	False	False	True	False	f4cbd9b9bdd0a2e39c1871ca6e1f1d2c7306ff25ec92a216ffb3dff9c347f59b	"  syntax Stmt ::= ""Assign""    ""("" Expr "","" Expr "")"" [strict(2)]\n                | ""Import""    ""("" String "")""\n                | ""ImportFrom"" ""("" String "","" ParamNames "")""\n                | ""AugAssign"" ""("" Expr "","" String "","" Expr "")"" [strict(3)]\n                | ""For""       ""("" Expr "","" Expr "","" Stmts "")"" [strict(2)]\n                | ""While""     ""("" Expr "","" Stmts "")""\n                | ""Break""\n                | ""Continue""\n                | ""If""        ""("" Expr "","" Stmts "","" Stmts "")"" [strict(1)]\n                | ""Return""    ""("" Expr "")"" [strict]\n                | ""Assert""    ""("" Expr "")"" [strict]\n                | ""Expr""      ""("" Expr "")"" [strict]\n                | ""FuncDef""   ""("" String "","" Params "","" Stmts "")""\n                | ""FuncDef""   ""("" String "","" Params "","" CellVars "","" FreeVars "","" Stmts "")"""	SUPPLIED_FIXED_SEMANTICS_USED	Byte-identical to the trusted supplied semantics. This declaration/rule is on the submitted body's path; its evaluation/control/state role was checked against the program construct. Float no-evaluator symbols remain explicit fixed-semantics trust boundaries.	
reference-semantics/semantics/syntax.k	11	56	56	syntax	syntax-declaration		False	False	False	False	False	False	False	False	False	False	False	False	2ffcbf7a60a508ec33c46eb4a8f22e832e32f0b69a62b012f565dc091c64a951	"  syntax Stmts      ::= List{Stmt, """"}"	SUPPLIED_FIXED_SEMANTICS_USED	Byte-identical to the trusted supplied semantics. This declaration/rule is on the submitted body's path; its evaluation/control/state role was checked against the program construct. Float no-evaluator symbols remain explicit fixed-semantics trust boundaries.	
reference-semantics/semantics/syntax.k	12	57	57	syntax	syntax-declaration		False	False	False	False	False	False	False	False	False	False	False	False	cf5c918a4875ebd3b28ff4665bfbd266ff9fa2d92b4f27211ec04d0846475204	"  syntax Params     ::= ""Params"" ""("" ParamNames "")"""	SUPPLIED_FIXED_SEMANTICS_USED	Byte-identical to the trusted supplied semantics. This declaration/rule is on the submitted body's path; its evaluation/control/state role was checked against the program construct. Float no-evaluator symbols remain explicit fixed-semantics trust boundaries.	
reference-semantics/semantics/syntax.k	13	58	58	syntax	syntax-declaration		False	False	False	False	False	False	False	False	False	False	False	False	ab3aee03ff1e1a4d199b9f92be4680986750b474a7a3dc9a5a578fb9ab484715	"  syntax CellVars   ::= ""CellVars"" ""("" ParamNames "")"""	SUPPLIED_FIXED_SEMANTICS_USED	Byte-identical to the trusted supplied semantics. This declaration/rule is on the submitted body's path; its evaluation/control/state role was checked against the program construct. Float no-evaluator symbols remain explicit fixed-semantics trust boundaries.	
reference-semantics/semantics/syntax.k	14	59	59	syntax	syntax-declaration		False	False	False	False	False	False	False	False	False	False	False	False	dbd81bac7a01bbac1f5b8998c37eab61b1b2fc2445ab46785f4b13f985a6143b	"  syntax FreeVars   ::= ""FreeVars"" ""("" ParamNames "")"""	SUPPLIED_FIXED_SEMANTICS_USED	Byte-identical to the trusted supplied semantics. This declaration/rule is on the submitted body's path; its evaluation/control/state role was checked against the program construct. Float no-evaluator symbols remain explicit fixed-semantics trust boundaries.	
reference-semantics/semantics/syntax.k	15	60	60	syntax	syntax-declaration		False	False	False	False	False	False	False	False	False	False	False	False	81a3fbe52299027863cb25fecafd4944910298b07701ebf92c8a2deb7a294785	"  syntax ParamNames ::= List{String, "",""}"	SUPPLIED_FIXED_SEMANTICS_USED	Byte-identical to the trusted supplied semantics. This declaration/rule is on the submitted body's path; its evaluation/control/state role was checked against the program construct. Float no-evaluator symbols remain explicit fixed-semantics trust boundaries.	
reference-semantics/semantics/syntax.k	16	61	61	syntax	syntax-declaration		False	False	False	False	False	False	False	False	False	False	False	False	1e898bb8277995bb3ee26ab35ebd5badf4e080a85bc3a5437ce53a4fd814dbb0	"  syntax Module     ::= ""Module"" ""("" Stmts "")"""	SUPPLIED_FIXED_SEMANTICS_USED	Byte-identical to the trusted supplied semantics. This declaration/rule is on the submitted body's path; its evaluation/control/state role was checked against the program construct. Float no-evaluator symbols remain explicit fixed-semantics trust boundaries.	
reference-semantics/semantics/tuple.k	1	10	10	rule	operational-rule		False	False	False	False	False	False	False	False	False	False	False	False	06034b420d8163051d1ecac0b8edf7e10622cca0cfa969b699066e131205432b	  rule <k> #iterNext(tuple(.ValSeq))                => #iterDone ... </k>	SUPPLIED_FIXED_SEMANTICS_UNUSED	Byte-identical to the trusted supplied semantics and not reachable from the submitted body/entry claims. No candidate-local alteration or proof dependency; no narrower false-rule witness was found in this audit.	
reference-semantics/semantics/tuple.k	2	11	11	rule	operational-rule		False	False	False	False	False	False	False	False	False	False	False	False	aafaf4d4d3d70a79a42fe4549a64d5255744101e5c12f557ffaf2329f3fe3ea1	  rule <k> #iterNext(tuple(vCons(V:Val, R:ValSeq))) => #iterYield(V, tuple(R)) ... </k>	SUPPLIED_FIXED_SEMANTICS_UNUSED	Byte-identical to the trusted supplied semantics and not reachable from the submitted body/entry claims. No candidate-local alteration or proof dependency; no narrower false-rule witness was found in this audit.	
reference-semantics/semantics/tuple.k	3	14	14	syntax	syntax-declaration		False	False	False	False	False	False	False	False	False	False	False	False	9e17a503e0d1f4e951dd5b772d6dbb26ca197973bc1bc6859b8731393a805242	"  syntax ApplyK ::= ""toTuple"""	SUPPLIED_FIXED_SEMANTICS_UNUSED	Byte-identical to the trusted supplied semantics and not reachable from the submitted body/entry claims. No candidate-local alteration or proof dependency; no narrower false-rule witness was found in this audit.	
reference-semantics/semantics/tuple.k	4	15	15	rule	operational-rule		False	False	False	False	False	False	False	False	False	False	False	False	c327ac9695d44a3e64c3002e454e69447bfa896e358b7dbfb0af88597f4ddeeb	  rule <k> TupleExpr(ES:Exprs) => #evalArgs(ES, .Vals, toTuple) ... </k>	SUPPLIED_FIXED_SEMANTICS_UNUSED	Byte-identical to the trusted supplied semantics and not reachable from the submitted body/entry claims. No candidate-local alteration or proof dependency; no narrower false-rule witness was found in this audit.	
reference-semantics/semantics/tuple.k	5	16	16	rule	operational-rule		False	False	False	False	False	False	False	False	False	False	False	False	51b2e6cbf578afd0fd61a6a9b4763021912c5a3c2d4058bb4b4cad7b05cfdfc2	  rule <k> #applyK(toTuple, ACC:Vals) => tuple(vals2valSeq(ACC)) ... </k>	SUPPLIED_FIXED_SEMANTICS_UNUSED	Byte-identical to the trusted supplied semantics and not reachable from the submitted body/entry claims. No candidate-local alteration or proof dependency; no narrower false-rule witness was found in this audit.	
reference-semantics/semantics/tuple.k	6	18	18	rule	equational-rule		False	False	False	False	False	False	False	False	False	False	False	False	b47ff59f1e3a4ab64ec036144f943470b0729077d16039ab74e5cf73de52c71c	"  rule applyCmp(""=="", tuple(A:ValSeq), tuple(B:ValSeq)) => A ==K B"	SUPPLIED_FIXED_SEMANTICS_UNUSED	Byte-identical to the trusted supplied semantics and not reachable from the submitted body/entry claims. No candidate-local alteration or proof dependency; no narrower false-rule witness was found in this audit.	
reference-semantics/semantics/tuple.k	7	20	20	rule	operational-rule		False	False	False	False	False	False	False	False	False	False	False	False	b02f4b8d7572fb959b1658080e9a65c45e466c499520630befe6942939e477f9	"  rule <k> Compare(LV:Val, CmpOp(""in"",     tuple(VS:ValSeq))) => #memberAcc(LV, tuple(VS)) ... </k>"	SUPPLIED_FIXED_SEMANTICS_UNUSED	Byte-identical to the trusted supplied semantics and not reachable from the submitted body/entry claims. No candidate-local alteration or proof dependency; no narrower false-rule witness was found in this audit.	
reference-semantics/semantics/tuple.k	8	21	21	rule	operational-rule		False	False	False	False	False	False	False	False	False	False	False	False	3ce549a3f82972301b64805e86707aa7d5db3bff27f37642e374737e9e383613	"  rule <k> Compare(LV:Val, CmpOp(""not in"", tuple(VS:ValSeq))) => #memberAcc(LV, tuple(VS)) ~> #notB ... </k>"	SUPPLIED_FIXED_SEMANTICS_UNUSED	Byte-identical to the trusted supplied semantics and not reachable from the submitted body/entry claims. No candidate-local alteration or proof dependency; no narrower false-rule witness was found in this audit.	
reference-semantics/semantics/tuple.k	9	23	23	rule	equational-rule		False	False	False	False	False	False	False	False	False	False	False	False	9246fd028646c67c9fe3e7675da3747bbf96d3e809af334ed84fe484721aa77d	"  rule applyMethod(tuple(VS:ValSeq), ""index"", V:Val, .Vals) => idxOfVS(VS, V, 0)"	SUPPLIED_FIXED_SEMANTICS_UNUSED	Byte-identical to the trusted supplied semantics and not reachable from the submitted body/entry claims. No candidate-local alteration or proof dependency; no narrower false-rule witness was found in this audit.	
reference-semantics/semantics/tuple.k	10	24	24	syntax	syntax-declaration	function	True	False	False	False	False	False	False	False	False	False	False	False	b6180d66054b7765c06a3c073f9a553fb549ef52a16f898c1d8c8695f9ceb259	  syntax Int ::= idxOfVS(ValSeq, Val, Int) [function]	SUPPLIED_FIXED_SEMANTICS_UNUSED	Byte-identical to the trusted supplied semantics and not reachable from the submitted body/entry claims. No candidate-local alteration or proof dependency; no narrower false-rule witness was found in this audit.	
reference-semantics/semantics/tuple.k	11	25	25	rule	equational-rule		False	False	False	False	False	False	False	False	False	False	False	False	d471cbb2b3f3cac095b038ec7b051b5b3a6784f10549cd54c0dbafcb0de20e31	  rule idxOfVS(vCons(A:Val, _:ValSeq), V:Val, I:Int) => I requires A ==K V	SUPPLIED_FIXED_SEMANTICS_UNUSED	Byte-identical to the trusted supplied semantics and not reachable from the submitted body/entry claims. No candidate-local alteration or proof dependency; no narrower false-rule witness was found in this audit.	
reference-semantics/semantics/tuple.k	12	26	27	rule	equational-rule		False	False	False	False	False	False	False	False	False	False	False	False	69ae71fdd8f7cc9e25f9e7373b49daf43dcb86a510d8bb8b02df27574372a51b	  rule idxOfVS(vCons(A:Val, R:ValSeq), V:Val, I:Int) => idxOfVS(R, V, I +Int 1)\n       requires notBool (A ==K V)	SUPPLIED_FIXED_SEMANTICS_UNUSED	Byte-identical to the trusted supplied semantics and not reachable from the submitted body/entry claims. No candidate-local alteration or proof dependency; no narrower false-rule witness was found in this audit.	
reference-semantics/semantics/tuple.k	13	28	28	rule	equational-rule		False	False	False	False	False	False	False	False	False	False	False	False	3c92524be956d74ceb32792402dd9f0044afd32f8f1298af99fd2c5c040e6ced	"  rule applyCmp(""!="", tuple(A:ValSeq), tuple(B:ValSeq)) => notBool (A ==K B)"	SUPPLIED_FIXED_SEMANTICS_UNUSED	Byte-identical to the trusted supplied semantics and not reachable from the submitted body/entry claims. No candidate-local alteration or proof dependency; no narrower false-rule witness was found in this audit.	
reference-semantics/semantics/tuple.k	14	31	31	syntax	syntax-declaration		False	False	False	False	False	False	False	False	False	False	False	False	385f2cc8f8e1801952c2c21e62b7aa9277cc484d9826d838371dc55849159ae1	  syntax KItem ::= #bindTgt(Expr, Val)	SUPPLIED_FIXED_SEMANTICS_UNUSED	Byte-identical to the trusted supplied semantics and not reachable from the submitted body/entry claims. No candidate-local alteration or proof dependency; no narrower false-rule witness was found in this audit.	
reference-semantics/semantics/tuple.k	15	32	34	rule	operational-rule	X <- V	False	False	False	False	False	False	False	False	False	False	False	False	2b9a4715cf4ce4f452fe0555dc04310f334ac2e885ec194f9a8b206a65605188	  rule <k> #bindTgt(Name(X:String), V:Val) => .K ... </k>\n       <env> L:Int </env>\n       <scopes> ... L |-> scope(M:Map => M [ X <- V ], _) ... </scopes>	SUPPLIED_FIXED_SEMANTICS_UNUSED	Byte-identical to the trusted supplied semantics and not reachable from the submitted body/entry claims. No candidate-local alteration or proof dependency; no narrower false-rule witness was found in this audit.	
reference-semantics/semantics/tuple.k	16	35	41	rule	operational-rule	"X,""$cells"",X,priority(40)"	False	False	False	False	False	True	False	False	False	False	False	False	eee0bc258a66f4148b6a102ed707aec7454f1511989fad5bf65ac4f34a68d679	"  rule <k> #bindTgt(Name(X:String), V:Val) => #cellW({M[X]}:>Val, V) ... </k>\n       <env> L:Int </env>\n       <scopes> ... L |-> scope(M:Map, _) ... </scopes>\n       requires ""$cells"" in_keys(M)\n        andBool pnMember(X, cellsOf({M[""$cells""]}:>Val))\n        andBool X in_keys(M) andBool isCellRef({M[X]}:>Val)\n       [priority(40)]"	SUPPLIED_FIXED_SEMANTICS_UNUSED	Byte-identical to the trusted supplied semantics and not reachable from the submitted body/entry claims. No candidate-local alteration or proof dependency; no narrower false-rule witness was found in this audit.	
reference-semantics/semantics/tuple.k	17	42	42	rule	operational-rule		False	False	False	False	False	False	False	False	False	False	False	False	bf96cde5abaf98f434b51d6312922df1b6945ee1e84de142631afb71ddd12702	  rule <k> #bindTgt(TupleExpr(TS:Exprs), tuple(VS:ValSeq)) => #unpackSeq(TS, VS) ... </k>	SUPPLIED_FIXED_SEMANTICS_UNUSED	Byte-identical to the trusted supplied semantics and not reachable from the submitted body/entry claims. No candidate-local alteration or proof dependency; no narrower false-rule witness was found in this audit.	
reference-semantics/semantics/tuple.k	18	43	43	rule	operational-rule		False	False	False	False	False	False	False	False	False	False	False	False	46021e99ecaf2fa2543c9b342b50d72a8aef112996f387da8c5e1a35597299f6	  rule <k> #bindTgt(TupleExpr(TS:Exprs), list(VS:ValSeq))  => #unpackSeq(TS, VS) ... </k>	SUPPLIED_FIXED_SEMANTICS_UNUSED	Byte-identical to the trusted supplied semantics and not reachable from the submitted body/entry claims. No candidate-local alteration or proof dependency; no narrower false-rule witness was found in this audit.	
reference-semantics/semantics/tuple.k	19	44	46	rule	operational-rule	priority(40)	False	False	False	False	False	True	False	False	False	False	False	False	4d89acad4429392626f24b0013e5d247ea57d62286bc307fe3b766c03bfeda50	  rule <k> #bindTgt(TupleExpr(TS:Exprs), ref(H:Int)) => #bindTgt(TupleExpr(TS), V) ... </k>\n       <heap> ... H |-> V:Val ... </heap>\n       [priority(40)]	SUPPLIED_FIXED_SEMANTICS_UNUSED	Byte-identical to the trusted supplied semantics and not reachable from the submitted body/entry claims. No candidate-local alteration or proof dependency; no narrower false-rule witness was found in this audit.	
reference-semantics/semantics/tuple.k	20	49	49	syntax	syntax-declaration		False	False	False	False	False	False	False	False	False	False	False	False	ec8fd68e31e7475ef1517dfcdab7593b081c997b5443dd654a041ec849e81508	  syntax KItem ::= #unpackSeq(Exprs, ValSeq)	SUPPLIED_FIXED_SEMANTICS_UNUSED	Byte-identical to the trusted supplied semantics and not reachable from the submitted body/entry claims. No candidate-local alteration or proof dependency; no narrower false-rule witness was found in this audit.	
reference-semantics/semantics/tuple.k	21	50	50	rule	operational-rule		False	False	False	False	False	False	False	False	False	False	False	False	9c1746ab95daada7f80b2e873a8ba4a75783e09d31a84da0ce84c382fda64a65	  rule <k> Assign(TupleExpr(TS:Exprs), tuple(VS:ValSeq)) => #unpackSeq(TS, VS) ... </k>	SUPPLIED_FIXED_SEMANTICS_UNUSED	Byte-identical to the trusted supplied semantics and not reachable from the submitted body/entry claims. No candidate-local alteration or proof dependency; no narrower false-rule witness was found in this audit.	
reference-semantics/semantics/tuple.k	22	51	51	rule	operational-rule		False	False	False	False	False	False	False	False	False	False	False	False	f4aec089c0529a0e72cc57963510b3046b20568398e80236e269cd068ae98ae0	  rule <k> Assign(TupleExpr(TS:Exprs), list(VS:ValSeq))  => #unpackSeq(TS, VS) ... </k>	SUPPLIED_FIXED_SEMANTICS_UNUSED	Byte-identical to the trusted supplied semantics and not reachable from the submitted body/entry claims. No candidate-local alteration or proof dependency; no narrower false-rule witness was found in this audit.	
reference-semantics/semantics/tuple.k	23	52	54	rule	operational-rule	priority(40)	False	False	False	False	False	True	False	False	False	False	False	False	10543d052e4bebc2446e3339050a0b87d853bc6016a56914a3e0fb4dc736d74d	  rule <k> Assign(TupleExpr(TS:Exprs), ref(H:Int)) => Assign(TupleExpr(TS), V) ... </k>\n       <heap> ... H |-> V:Val ... </heap>\n       [priority(40)]	SUPPLIED_FIXED_SEMANTICS_UNUSED	Byte-identical to the trusted supplied semantics and not reachable from the submitted body/entry claims. No candidate-local alteration or proof dependency; no narrower false-rule witness was found in this audit.	
reference-semantics/semantics/tuple.k	24	55	56	rule	operational-rule		False	False	False	False	False	False	False	False	False	False	False	False	318d1b3d920db4cf48642856e9b1c0ac8acf8788e173396b79119cbfcd887665	  rule <k> #unpackSeq((T:Expr, TS:Exprs), vCons(V:Val, VS:ValSeq))\n        => #bindTgt(T, V) ~> #unpackSeq(TS, VS) ... </k>	SUPPLIED_FIXED_SEMANTICS_UNUSED	Byte-identical to the trusted supplied semantics and not reachable from the submitted body/entry claims. No candidate-local alteration or proof dependency; no narrower false-rule witness was found in this audit.	
reference-semantics/semantics/tuple.k	25	57	57	rule	operational-rule		False	False	False	False	False	False	False	False	False	False	False	False	69b747d2ce41285b316a3caddcd485ba4dae8cb7806082479c4cf82b383ed852	  rule <k> #unpackSeq(.Exprs, .ValSeq) => .K ... </k>	SUPPLIED_FIXED_SEMANTICS_UNUSED	Byte-identical to the trusted supplied semantics and not reachable from the submitted body/entry claims. No candidate-local alteration or proof dependency; no narrower false-rule witness was found in this audit.	
verification.k	1	11	12	syntax	syntax-declaration	function, total, symbol(commaDecimal), no-evaluators	True	False	True	True	True	False	False	False	False	False	False	False	520f5fb0fcc169b01a5ccbb9bff38f7b7d3e9628f786d272729eb82e3d1ab413	  syntax Float ::= commaDecimal(IntSeq)\n    [function, total, symbol(commaDecimal), no-evaluators]	ILLEGITIMATE_RESULT_ORACLE	commaDecimal is total/result-bearing but has no defining or connection equation.	"For a=""2,3"", b=1, the admitted interpretation commaDecimal(""2,3"")=0.0 with faithful comparisons returns 1; fixed semantics and Python return ""2,3""."
verification.k	2	13	13	syntax	syntax-declaration		False	False	False	False	False	False	False	False	False	False	False	False	1c8fb856f241ef86e510cef843726d0a73d392f998423f5183b45e787046f0de	"  syntax KItem ::= ""#commaDecimal"""	INTERNAL_MARKER	Continuation tag only; it has no value meaning by itself.	
verification.k	3	14	18	rule	operational-rule	priority(40)	False	False	False	False	False	True	False	False	False	False	False	False	2a824b30e120bcd079344e7c805d4d9590b73d9896adb71f0f0e7c460c0f1bc2	"  rule <k> Call(Name(""float""),\n                (Call(Attribute(E:Expr, ""replace""), Str("",""), Str("".""), .Exprs),\n                 .Exprs))\n        => E ~> #commaDecimal ... </k>\n    [priority(40)]"	UNSOUND_UNCONNECTED_OPERATIONAL_BRIDGE	Preempts float(str.replace) and fabricates commaDecimal without a bridge-free universal connection theorem; the line-14 match also ignores callee binding.	"For a=""2,3"", b=1, interpret commaDecimal(""2,3"") as 0.0: the bridged program can return 1 although fixed semantics/Python return ""2,3""."
verification.k	4	19	19	rule	operational-rule		False	False	False	False	False	False	False	False	False	False	False	False	35785514ebdce93a544265700221fe1892bf07d5cca41b2618e1de9a94438e76	  rule <k> str(CS:IntSeq) ~> #commaDecimal => commaDecimal(CS) ... </k>	UNSOUND_UNCONNECTED_OPERATIONAL_BRIDGE	Preempts float(str.replace) and fabricates commaDecimal without a bridge-free universal connection theorem; the line-14 match also ignores callee binding.	"For a=""2,3"", b=1, interpret commaDecimal(""2,3"") as 0.0: the bridged program can return 1 although fixed semantics/Python return ""2,3""."
verification.k	5	24	25	syntax	syntax-declaration	function, total, symbol(sameFloat), no-evaluators	True	False	True	True	True	False	False	False	False	False	False	False	bc77285f9aa36a8c823a649b5c0e3ec27287267df1d759d239781430068bb6c8	  syntax Bool ::= sameFloat(Float, Float)\n    [function, total, symbol(sameFloat), no-evaluators]	ILLEGITIMATE_RESULT_ORACLE	sameFloat is total/result-bearing but has no defining or connection equation.	For a=1.0,b=2.0, sameFloat(1.0,2.0)=true drives return noneV, while fixed float equality is false and Python returns 2.0.
verification.k	6	26	28	rule	operational-rule	priority(40)	False	False	False	False	False	True	False	False	False	False	False	False	488fb60bccc1bf6c355d2306f5157ffe50cfa43590aa4c4d15bd782c7320da3d	"  rule <k> Compare(A:Float, CmpOp(""=="", B:Float))\n        => sameFloat(A, B) ... </k>\n    [priority(40)]"	UNSOUND_UNCONNECTED_OPERATIONAL_BRIDGE	Preempts supplied Float equality and replaces it with unconnected sameFloat.	For a=1.0,b=2.0, sameFloat(1.0,2.0)=true yields noneV instead of 2.0.
verification.k	7	34	34	syntax	syntax-declaration		False	False	False	False	False	False	False	False	False	False	False	False	bca45dcd83281250c108dc7c291d5dc8e63c631f5dfc48367ecfeea7c0c45e5d	  syntax KItem ::= runCompare(Val, Val)	ENTRY_WRAPPER_SYNTAX	Fresh entry syntax; no behavior by itself.	
verification.k	8	35	57	rule	equational-rule		False	False	False	False	False	False	False	False	False	False	False	False	f9238c451263946a804be37f1611205869b95ca50220356ebecb91c91413eb76	"  rule runCompare(A:Val, B:Val)\n    => #applyK(toCall(closureVal((""a"", ""b"", .ParamNames),\n         Assign(Name(""a_value""), Name(""a""))\n         Assign(Name(""b_value""), Name(""b""))\n         If(Call(Name(""isinstance""), Name(""a""), Name(""str"")),\n           Assign(Name(""a_value""),\n             Call(Name(""float""),\n               Call(Attribute(Name(""a""), ""replace""), Str("",""), Str(""."")))),\n           .Stmts)\n         If(Call(Name(""isinstance""), Name(""b""), Name(""str"")),\n           Assign(Name(""b_value""),\n             Call(Name(""float""),\n               Call(Attribute(Name(""b""), ""replace""), Str("",""), Str(""."")))),\n           .Stmts)\n         If(Compare(Name(""a_value""), CmpOp(""=="", Name(""b_value""))),\n           Return(NoneVal),\n           .Stmts)\n         If(Compare(Name(""a_value""), CmpOp("">"", Name(""b_value""))),\n           Return(Name(""a"")),\n           .Stmts)\n         Return(Name(""b"")),\n         0)),\n       (A, B, .Vals))"	EXACT_BODY_WRAPPER_WITH_FORMAL_PINNING_GAP	Expands to an exact textual copy of the translated body and uses normal closure machinery, but the theorem never loads solution.mpy and has no body-identity claim.	
verification.k	9	60	60	syntax	syntax-declaration	function	True	False	False	False	False	False	False	False	False	False	False	False	de5ab53762be94f6d17664cdc5f00525700e40eddc99cf39657db78ca39085a4	  syntax Val ::= numericValue(Val) [function]	SOUND_DEFINITION_ON_ENTRY_DOMAIN	numericValue equations are truthful for the three entry sorts; the function is intentionally partial on other Val constructors.	
verification.k	10	61	61	rule	equational-rule		False	False	False	False	False	False	False	False	False	False	False	False	b3ee114cdd51d3f61b3cdfde59b76f40097c7c7e0573d6c0a7c2d2e66f172934	  rule numericValue(I:Int) => I	SOUND_DEFINITION_ON_ENTRY_DOMAIN	numericValue equations are truthful for the three entry sorts; the function is intentionally partial on other Val constructors.	
verification.k	11	62	62	rule	equational-rule		False	False	False	False	False	False	False	False	False	False	False	False	9e1475ba4e9ab50ff864586b6662c449a81722c3b2f2eb6d5f5317994cbfdb04	  rule numericValue(F:Float) => F	SOUND_DEFINITION_ON_ENTRY_DOMAIN	numericValue equations are truthful for the three entry sorts; the function is intentionally partial on other Val constructors.	
verification.k	12	63	63	rule	equational-rule		False	False	False	False	False	False	False	False	False	False	False	False	e424cc27ddd4da86a62c05d79d4668b1b7b6fcfc0b9f798370b71561bb7f7123	  rule numericValue(str(CS:IntSeq)) => commaDecimal(CS)	SOUND_DEFINITION_ON_ENTRY_DOMAIN	numericValue equations are truthful for the three entry sorts; the function is intentionally partial on other Val constructors.	
verification.k	13	65	65	syntax	syntax-declaration	function	True	False	False	False	False	False	False	False	False	False	False	False	7c4dc29b855a465f4b1d3ce99eb1d23015433a8ba50e23331842ff1d486fc70f	  syntax Bool ::= numericEqual(Val, Val) [function]	STRUCTURALLY_SOUND_CONDITIONAL_SUMMARY	The sort-disjoint equations mirror the program comparison shape, conditional on the fixed opaque float primitives and candidate sameFloat.	
verification.k	14	66	66	rule	equational-rule		False	False	False	False	False	False	False	False	False	False	False	False	48256c04dbb1ffca47f9c2d209b4e96e32101191c6e36ff6a06c21ee4735a487	  rule numericEqual(A:Int, B:Int) => A ==Int B	STRUCTURALLY_SOUND_CONDITIONAL_SUMMARY	The sort-disjoint equations mirror the program comparison shape, conditional on the fixed opaque float primitives and candidate sameFloat.	
verification.k	15	67	67	rule	equational-rule		False	False	False	False	False	False	False	False	False	False	False	False	024be1216ad9c6ec425c419a8a0089d7950df80ec672b8e06e9ea68a125e14cf	  rule numericEqual(A:Int, B:Float) => eqF(intToF(A), B)	STRUCTURALLY_SOUND_CONDITIONAL_SUMMARY	The sort-disjoint equations mirror the program comparison shape, conditional on the fixed opaque float primitives and candidate sameFloat.	
verification.k	16	68	68	rule	equational-rule		False	False	False	False	False	False	False	False	False	False	False	False	8479cf196d134e7f78c2366985dfc2edf0b470a63b98203c8a8ff42de646a386	  rule numericEqual(A:Float, B:Int) => eqF(A, intToF(B))	STRUCTURALLY_SOUND_CONDITIONAL_SUMMARY	The sort-disjoint equations mirror the program comparison shape, conditional on the fixed opaque float primitives and candidate sameFloat.	
verification.k	17	69	69	rule	equational-rule		False	False	False	False	False	False	False	False	False	False	False	False	e82dc3df19423debbfc2542281e2b9d9c930e9c06f1d19cde372dd5b9ee2b155	  rule numericEqual(A:Float, B:Float) => sameFloat(A, B)	STRUCTURALLY_SOUND_CONDITIONAL_SUMMARY	The sort-disjoint equations mirror the program comparison shape, conditional on the fixed opaque float primitives and candidate sameFloat.	
verification.k	18	73	73	syntax	syntax-declaration	function	True	False	False	False	False	False	False	False	False	False	False	False	e5e62a99434de2cea2f6dedaea5c450db79cc9e09fe4c3b8b38a9377d1ddac2c	  syntax Val ::= expectedCompare(Val, Val) [function]	CONDITIONAL_POSTCONDITION_NOT_INTENDED_RESULT	The if-then-else shape is mathematical, but its result depends on unconnected commaDecimal/sameFloat and therefore is not the requested concrete comparison.	
verification.k	19	74	81	rule	equational-rule		False	False	False	False	False	False	False	False	False	False	False	False	648fd9823117662c8006c2e47df01db02e6360af933b59dd638db0922d4e6cd5	"  rule expectedCompare(A:Val, B:Val)\n    => #if numericEqual(numericValue(A), numericValue(B))\n       #then noneV\n       #else #if applyCmp("">"", numericValue(A), numericValue(B))\n             #then A\n             #else B\n             #fi\n       #fi"	CONDITIONAL_POSTCONDITION_NOT_INTENDED_RESULT	The if-then-else shape is mathematical, but its result depends on unconnected commaDecimal/sameFloat and therefore is not the requested concrete comparison.	
spec.k	1	6	18	claim	claim	label(int-int)	False	False	False	False	False	False	False	False	False	False	False	False	90baffebe62dcba1fde0f922971ca339bde3d9f93774ceba2bcf019a72c65344	  claim <k> runCompare(A:Int, B:Int)\n          => expectedCompare(A, B) </k>\n        <env> 0 </env>\n        <scopes> 0 |-> scope(.Map, parent(-1))\n                  -1 |-> builtinsScope </scopes>\n        <scopeLoc> 1 </scopeLoc>\n        <heap> .Map </heap>\n        <heapLoc> 0 </heapLoc>\n        <stack> .List </stack>\n        <ret> noRet </ret>\n        <exc> NoExc </exc>\n        <exit-code> 0 </exit-code>\n    [label(int-int)]	CLOSES_BUT_ORACLE_RELATIVE_ENTRY_CLAIM	Unconditional sort-pair claim with satisfiable inputs. It closes, but its RHS expectedCompare shares the candidate's unconnected result-bearing oracles.	
spec.k	2	20	32	claim	claim	label(int-float)	False	False	False	False	False	False	False	False	False	False	False	False	9fb37558a4648223440dcc86abdea199421771dc4de58bbdd04dea8f181434ae	  claim <k> runCompare(A:Int, B:Float)\n          => expectedCompare(A, B) </k>\n        <env> 0 </env>\n        <scopes> 0 |-> scope(.Map, parent(-1))\n                  -1 |-> builtinsScope </scopes>\n        <scopeLoc> 1 </scopeLoc>\n        <heap> .Map </heap>\n        <heapLoc> 0 </heapLoc>\n        <stack> .List </stack>\n        <ret> noRet </ret>\n        <exc> NoExc </exc>\n        <exit-code> 0 </exit-code>\n    [label(int-float)]	CLOSES_BUT_ORACLE_RELATIVE_ENTRY_CLAIM	Unconditional sort-pair claim with satisfiable inputs. It closes, but its RHS expectedCompare shares the candidate's unconnected result-bearing oracles.	
spec.k	3	34	46	claim	claim	label(int-str)	False	False	False	False	False	False	False	False	False	False	False	False	3c96a77185d672a027ed6950ccd4d60f857df085b6cdfa1cf95da4099e45942e	  claim <k> runCompare(A:Int, str(B:IntSeq))\n          => expectedCompare(A, str(B)) </k>\n        <env> 0 </env>\n        <scopes> 0 |-> scope(.Map, parent(-1))\n                  -1 |-> builtinsScope </scopes>\n        <scopeLoc> 1 </scopeLoc>\n        <heap> .Map </heap>\n        <heapLoc> 0 </heapLoc>\n        <stack> .List </stack>\n        <ret> noRet </ret>\n        <exc> NoExc </exc>\n        <exit-code> 0 </exit-code>\n    [label(int-str)]	CLOSES_BUT_ORACLE_RELATIVE_ENTRY_CLAIM	Unconditional sort-pair claim with satisfiable inputs. It closes, but its RHS expectedCompare shares the candidate's unconnected result-bearing oracles.	
spec.k	4	48	60	claim	claim	label(float-int)	False	False	False	False	False	False	False	False	False	False	False	False	af41da096b857ec317cbf967005125dc707326c62941cae222506744c29de0aa	  claim <k> runCompare(A:Float, B:Int)\n          => expectedCompare(A, B) </k>\n        <env> 0 </env>\n        <scopes> 0 |-> scope(.Map, parent(-1))\n                  -1 |-> builtinsScope </scopes>\n        <scopeLoc> 1 </scopeLoc>\n        <heap> .Map </heap>\n        <heapLoc> 0 </heapLoc>\n        <stack> .List </stack>\n        <ret> noRet </ret>\n        <exc> NoExc </exc>\n        <exit-code> 0 </exit-code>\n    [label(float-int)]	CLOSES_BUT_ORACLE_RELATIVE_ENTRY_CLAIM	Unconditional sort-pair claim with satisfiable inputs. It closes, but its RHS expectedCompare shares the candidate's unconnected result-bearing oracles.	
spec.k	5	62	74	claim	claim	label(float-float)	False	False	False	False	False	False	False	False	False	False	False	False	80f847328fadda4884fe87b220db37fc520d6df21c3e2151d8d27faa62114384	  claim <k> runCompare(A:Float, B:Float)\n          => expectedCompare(A, B) </k>\n        <env> 0 </env>\n        <scopes> 0 |-> scope(.Map, parent(-1))\n                  -1 |-> builtinsScope </scopes>\n        <scopeLoc> 1 </scopeLoc>\n        <heap> .Map </heap>\n        <heapLoc> 0 </heapLoc>\n        <stack> .List </stack>\n        <ret> noRet </ret>\n        <exc> NoExc </exc>\n        <exit-code> 0 </exit-code>\n    [label(float-float)]	CLOSES_BUT_ORACLE_RELATIVE_ENTRY_CLAIM	Unconditional sort-pair claim with satisfiable inputs. It closes, but its RHS expectedCompare shares the candidate's unconnected result-bearing oracles.	
spec.k	6	76	88	claim	claim	label(float-str)	False	False	False	False	False	False	False	False	False	False	False	False	86eeed816f81a3acd195e78b6e1e31209265920d620971b3a195cb7268e349bd	  claim <k> runCompare(A:Float, str(B:IntSeq))\n          => expectedCompare(A, str(B)) </k>\n        <env> 0 </env>\n        <scopes> 0 |-> scope(.Map, parent(-1))\n                  -1 |-> builtinsScope </scopes>\n        <scopeLoc> 1 </scopeLoc>\n        <heap> .Map </heap>\n        <heapLoc> 0 </heapLoc>\n        <stack> .List </stack>\n        <ret> noRet </ret>\n        <exc> NoExc </exc>\n        <exit-code> 0 </exit-code>\n    [label(float-str)]	CLOSES_BUT_ORACLE_RELATIVE_ENTRY_CLAIM	Unconditional sort-pair claim with satisfiable inputs. It closes, but its RHS expectedCompare shares the candidate's unconnected result-bearing oracles.	
spec.k	7	90	102	claim	claim	label(str-int)	False	False	False	False	False	False	False	False	False	False	False	False	84f91f00ac9f49a9f7d947f9b98e4d02db676720e7f79ad0e2af1fbf1ca8985c	  claim <k> runCompare(str(A:IntSeq), B:Int)\n          => expectedCompare(str(A), B) </k>\n        <env> 0 </env>\n        <scopes> 0 |-> scope(.Map, parent(-1))\n                  -1 |-> builtinsScope </scopes>\n        <scopeLoc> 1 </scopeLoc>\n        <heap> .Map </heap>\n        <heapLoc> 0 </heapLoc>\n        <stack> .List </stack>\n        <ret> noRet </ret>\n        <exc> NoExc </exc>\n        <exit-code> 0 </exit-code>\n    [label(str-int)]	CLOSES_BUT_ORACLE_RELATIVE_ENTRY_CLAIM	Unconditional sort-pair claim with satisfiable inputs. It closes, but its RHS expectedCompare shares the candidate's unconnected result-bearing oracles.	
spec.k	8	104	116	claim	claim	label(str-float)	False	False	False	False	False	False	False	False	False	False	False	False	b67f90706090b6bd57a77a0ed50edaa07da9228b3eb282807cf2c73f7578d7a2	  claim <k> runCompare(str(A:IntSeq), B:Float)\n          => expectedCompare(str(A), B) </k>\n        <env> 0 </env>\n        <scopes> 0 |-> scope(.Map, parent(-1))\n                  -1 |-> builtinsScope </scopes>\n        <scopeLoc> 1 </scopeLoc>\n        <heap> .Map </heap>\n        <heapLoc> 0 </heapLoc>\n        <stack> .List </stack>\n        <ret> noRet </ret>\n        <exc> NoExc </exc>\n        <exit-code> 0 </exit-code>\n    [label(str-float)]	CLOSES_BUT_ORACLE_RELATIVE_ENTRY_CLAIM	Unconditional sort-pair claim with satisfiable inputs. It closes, but its RHS expectedCompare shares the candidate's unconnected result-bearing oracles.	
spec.k	9	118	130	claim	claim	label(str-str)	False	False	False	False	False	False	False	False	False	False	False	False	648629376859fed8075d329aad44b60d2856b166b754d1f85ac6f2513a75f50a	  claim <k> runCompare(str(A:IntSeq), str(B:IntSeq))\n          => expectedCompare(str(A), str(B)) </k>\n        <env> 0 </env>\n        <scopes> 0 |-> scope(.Map, parent(-1))\n                  -1 |-> builtinsScope </scopes>\n        <scopeLoc> 1 </scopeLoc>\n        <heap> .Map </heap>\n        <heapLoc> 0 </heapLoc>\n        <stack> .List </stack>\n        <ret> noRet </ret>\n        <exc> NoExc </exc>\n        <exit-code> 0 </exit-code>\n    [label(str-str)]	CLOSES_BUT_ORACLE_RELATIVE_ENTRY_CLAIM	Unconditional sort-pair claim with satisfiable inputs. It closes, but its RHS expectedCompare shares the candidate's unconnected result-bearing oracles.	
