id	file	line	kind	flags	classification	disposition	statement
1	reference-semantics/semantics.k	34	requires		module/import plumbing	STRUCTURAL	requires "semantics/syntax.k"
2	reference-semantics/semantics.k	35	requires		module/import plumbing	STRUCTURAL	requires "semantics/core.k"
3	reference-semantics/semantics.k	36	requires		module/import plumbing	STRUCTURAL	requires "semantics/iter.k"
4	reference-semantics/semantics.k	37	requires		module/import plumbing	STRUCTURAL	requires "semantics/range.k"
5	reference-semantics/semantics.k	38	requires		module/import plumbing	STRUCTURAL	requires "semantics/operators.k"
6	reference-semantics/semantics.k	39	requires		module/import plumbing	STRUCTURAL	requires "semantics/int.k"
7	reference-semantics/semantics.k	40	requires		module/import plumbing	STRUCTURAL	requires "semantics/bool.k"
8	reference-semantics/semantics.k	41	requires		module/import plumbing	STRUCTURAL	requires "semantics/float.k"
9	reference-semantics/semantics.k	42	requires		module/import plumbing	STRUCTURAL	requires "semantics/str.k"
10	reference-semantics/semantics.k	43	requires		module/import plumbing	STRUCTURAL	requires "semantics/set.k"
11	reference-semantics/semantics.k	44	requires		module/import plumbing	STRUCTURAL	requires "semantics/list.k"
12	reference-semantics/semantics.k	45	requires		module/import plumbing	STRUCTURAL	requires "semantics/tuple.k"
13	reference-semantics/semantics.k	46	requires		module/import plumbing	STRUCTURAL	requires "semantics/subscript.k"
14	reference-semantics/semantics.k	47	requires		module/import plumbing	STRUCTURAL	requires "semantics/comprehension.k"
15	reference-semantics/semantics.k	48	requires		module/import plumbing	STRUCTURAL	requires "semantics/methods.k"
16	reference-semantics/semantics.k	49	requires		module/import plumbing	STRUCTURAL	requires "semantics/controls.k"
17	reference-semantics/semantics.k	50	requires		module/import plumbing	STRUCTURAL	requires "semantics/functions.k"
18	reference-semantics/semantics.k	51	requires		module/import plumbing	STRUCTURAL	requires "semantics/builtins.k"
19	reference-semantics/semantics.k	52	requires		module/import plumbing	STRUCTURAL	requires "semantics/call.k"
20	reference-semantics/semantics.k	53	requires		module/import plumbing	STRUCTURAL	requires "semantics/sort.k"
21	reference-semantics/semantics.k	54	requires		module/import plumbing	STRUCTURAL	requires "semantics/assert.k"
22	reference-semantics/semantics.k	55	requires		module/import plumbing	STRUCTURAL	requires "semantics/dict.k"
23	reference-semantics/semantics.k	56	requires	concrete	module/import plumbing	STRUCTURAL	requires "semantics/concrete.k"
24	reference-semantics/semantics.k	58	module		module/import plumbing	STRUCTURAL	module MPY
25	reference-semantics/semantics.k	59	imports		module/import plumbing	STRUCTURAL	imports MPY-CORE
26	reference-semantics/semantics.k	60	imports		module/import plumbing	STRUCTURAL	imports MPY-ITER
27	reference-semantics/semantics.k	61	imports		module/import plumbing	STRUCTURAL	imports MPY-RANGE
28	reference-semantics/semantics.k	62	imports		module/import plumbing	STRUCTURAL	imports MPY-OPERATORS
29	reference-semantics/semantics.k	63	imports		module/import plumbing	STRUCTURAL	imports MPY-INT
30	reference-semantics/semantics.k	64	imports		module/import plumbing	STRUCTURAL	imports MPY-BOOL
31	reference-semantics/semantics.k	65	imports		module/import plumbing	STRUCTURAL	imports MPY-FLOAT
32	reference-semantics/semantics.k	66	imports		module/import plumbing	STRUCTURAL	imports MPY-STR
33	reference-semantics/semantics.k	67	imports		module/import plumbing	STRUCTURAL	imports MPY-SET
34	reference-semantics/semantics.k	68	imports		module/import plumbing	STRUCTURAL	imports MPY-LIST
35	reference-semantics/semantics.k	69	imports		module/import plumbing	STRUCTURAL	imports MPY-TUPLE
36	reference-semantics/semantics.k	70	imports		module/import plumbing	STRUCTURAL	imports MPY-SUBSCRIPT
37	reference-semantics/semantics.k	71	imports		module/import plumbing	STRUCTURAL	imports MPY-COMPREHENSION
38	reference-semantics/semantics.k	72	imports		module/import plumbing	STRUCTURAL	imports MPY-METHODS
39	reference-semantics/semantics.k	73	imports		module/import plumbing	STRUCTURAL	imports MPY-CONTROLS
40	reference-semantics/semantics.k	74	imports		module/import plumbing	STRUCTURAL	imports MPY-FUNCTIONS
41	reference-semantics/semantics.k	75	imports		module/import plumbing	STRUCTURAL	imports MPY-BUILTINS
42	reference-semantics/semantics.k	76	imports		module/import plumbing	STRUCTURAL	imports MPY-CALL
43	reference-semantics/semantics.k	77	imports		module/import plumbing	STRUCTURAL	imports MPY-SORT
44	reference-semantics/semantics.k	78	imports		module/import plumbing	STRUCTURAL	imports MPY-ASSERT
45	reference-semantics/semantics.k	79	imports		module/import plumbing	STRUCTURAL	imports MPY-DICT
46	reference-semantics/semantics.k	80	endmodule		module/import plumbing	STRUCTURAL	endmodule
47	reference-semantics/semantics.k	87	module		module/import plumbing	STRUCTURAL	module MPY-KRUN
48	reference-semantics/semantics.k	88	imports		module/import plumbing	STRUCTURAL	imports MPY
49	reference-semantics/semantics.k	89	imports		module/import plumbing	STRUCTURAL	imports MPY-CONCRETE
50	reference-semantics/semantics.k	90	endmodule		module/import plumbing	STRUCTURAL	endmodule
51	reference-semantics/semantics/assert.k	3	module		module/import plumbing	STRUCTURAL	module MPY-ASSERT
52	reference-semantics/semantics/assert.k	4	imports		module/import plumbing	STRUCTURAL	imports MPY-CORE
53	reference-semantics/semantics/assert.k	6	rule		supplied operational semantic rule	SELECTED_SEMANTICS_BOUNDARY	rule <k> Assert(V:Val) => .K ... </k> requires truthy(V)
54	reference-semantics/semantics/assert.k	8	rule		supplied operational semantic rule	SELECTED_SEMANTICS_BOUNDARY	rule <k> Assert(V:Val) ~> _ => .K </k> <exc> NoExc => AssertionError </exc> <exit-code> _ => 1 </exit-code> requires notBool truthy(V)
55	reference-semantics/semantics/assert.k	13	rule	priority	supplied operational semantic rule	SELECTED_SEMANTICS_BOUNDARY	rule <k> Assert(ref(H:Int)) => Assert(V) ... </k> <heap> ... H |-> V:Val ... </heap> [priority(40)]
56	reference-semantics/semantics/assert.k	16	endmodule		module/import plumbing	STRUCTURAL	endmodule
57	reference-semantics/semantics/bool.k	5	module		module/import plumbing	STRUCTURAL	module MPY-BOOL
58	reference-semantics/semantics/bool.k	6	imports		module/import plumbing	STRUCTURAL	imports MPY-CORE
59	reference-semantics/semantics/bool.k	8	rule		supplied equational semantic rule	SELECTED_SEMANTICS_BOUNDARY	rule applyUn("not", V:Val) => notBool truthy(V)
60	reference-semantics/semantics/bool.k	10	rule		supplied equational semantic rule	SELECTED_SEMANTICS_BOUNDARY	rule applyCmp("==", B1:Bool, B2:Bool) => B1 ==Bool B2
61	reference-semantics/semantics/bool.k	11	rule		supplied equational semantic rule	SELECTED_SEMANTICS_BOUNDARY	rule applyCmp("!=", B1:Bool, B2:Bool) => B1 =/=Bool B2
62	reference-semantics/semantics/bool.k	16	context		supplied evaluation context	SELECTED_SEMANTICS_BOUNDARY	context BoolOp(_, (HOLE:Expr, _:Exprs))
63	reference-semantics/semantics/bool.k	17	rule		supplied operational semantic rule	SELECTED_SEMANTICS_BOUNDARY	rule <k> BoolOp(_:String, (V:Val, .Exprs)) => V ... </k>
64	reference-semantics/semantics/bool.k	18	rule		supplied operational semantic rule	SELECTED_SEMANTICS_BOUNDARY	rule <k> BoolOp("and", (V:Val, A:Expr, REST:Exprs)) => BoolOp("and", (A, REST)) ... </k> requires truthy(V)
65	reference-semantics/semantics/bool.k	20	rule		supplied operational semantic rule	SELECTED_SEMANTICS_BOUNDARY	rule <k> BoolOp("and", (V:Val, _:Expr, _:Exprs)) => V ... </k> requires notBool truthy(V)
66	reference-semantics/semantics/bool.k	22	rule		supplied operational semantic rule	SELECTED_SEMANTICS_BOUNDARY	rule <k> BoolOp("or",  (V:Val, _:Expr, _:Exprs)) => V ... </k> requires truthy(V)
67	reference-semantics/semantics/bool.k	24	rule		supplied operational semantic rule	SELECTED_SEMANTICS_BOUNDARY	rule <k> BoolOp("or",  (V:Val, A:Expr, REST:Exprs)) => BoolOp("or", (A, REST)) ... </k> requires notBool truthy(V)
68	reference-semantics/semantics/bool.k	29	rule	priority	supplied operational semantic rule	SELECTED_SEMANTICS_BOUNDARY	rule <k> BoolOp(_:String, (ref(H:Int), .Exprs)) => ref(H) ... </k> [priority(40)]
69	reference-semantics/semantics/bool.k	31	rule	priority	supplied operational semantic rule	SELECTED_SEMANTICS_BOUNDARY	rule <k> BoolOp("and", (ref(H:Int), A:Expr, REST:Exprs)) => BoolOp("and", (A, REST)) ... </k> <heap> ... H |-> V:Val ... </heap> requires truthy(V) [priority(40)]
70	reference-semantics/semantics/bool.k	35	rule	priority	supplied operational semantic rule	SELECTED_SEMANTICS_BOUNDARY	rule <k> BoolOp("and", (ref(H:Int), _:Expr, _:Exprs)) => ref(H) ... </k> <heap> ... H |-> V:Val ... </heap> requires notBool truthy(V) [priority(40)]
71	reference-semantics/semantics/bool.k	39	rule	priority	supplied operational semantic rule	SELECTED_SEMANTICS_BOUNDARY	rule <k> BoolOp("or", (ref(H:Int), _:Expr, _:Exprs)) => ref(H) ... </k> <heap> ... H |-> V:Val ... </heap> requires truthy(V) [priority(40)]
72	reference-semantics/semantics/bool.k	43	rule	priority	supplied operational semantic rule	SELECTED_SEMANTICS_BOUNDARY	rule <k> BoolOp("or", (ref(H:Int), A:Expr, REST:Exprs)) => BoolOp("or", (A, REST)) ... </k> <heap> ... H |-> V:Val ... </heap> requires notBool truthy(V) [priority(40)]
73	reference-semantics/semantics/bool.k	47	endmodule		module/import plumbing	STRUCTURAL	endmodule
74	reference-semantics/semantics/builtins.k	3	module		module/import plumbing	STRUCTURAL	module MPY-BUILTINS
75	reference-semantics/semantics/builtins.k	4	imports		module/import plumbing	STRUCTURAL	imports MPY-CORE
76	reference-semantics/semantics/builtins.k	5	imports		module/import plumbing	STRUCTURAL	imports MPY-STR
77	reference-semantics/semantics/builtins.k	6	imports		module/import plumbing	STRUCTURAL	imports MPY-SET
78	reference-semantics/semantics/builtins.k	7	imports		module/import plumbing	STRUCTURAL	imports MPY-ITER
79	reference-semantics/semantics/builtins.k	8	imports		module/import plumbing	STRUCTURAL	imports MPY-RANGE
80	reference-semantics/semantics/builtins.k	9	imports		module/import plumbing	STRUCTURAL	imports MPY-INT
81	reference-semantics/semantics/builtins.k	10	imports		module/import plumbing	STRUCTURAL	imports MPY-METHODS
82	reference-semantics/semantics/builtins.k	17	syntax	function	supplied syntax/declaration	SELECTED_SEMANTICS_BOUNDARY	syntax Val ::= applyBuiltin(String, Vals) [function]
83	reference-semantics/semantics/builtins.k	20	syntax	function	supplied syntax/declaration	SELECTED_SEMANTICS_BOUNDARY	syntax Int ::= seqLen(Val) [function]
84	reference-semantics/semantics/builtins.k	21	rule		supplied equational semantic rule	SELECTED_SEMANTICS_BOUNDARY	rule applyBuiltin("len", OBJ:Val, .Vals) => seqLen(OBJ)
85	reference-semantics/semantics/builtins.k	22	rule		supplied equational semantic rule	SELECTED_SEMANTICS_BOUNDARY	rule seqLen(list(VS:ValSeq))                  => vsLen(VS)
86	reference-semantics/semantics/builtins.k	23	rule		supplied equational semantic rule	SELECTED_SEMANTICS_BOUNDARY	rule seqLen(tuple(VS:ValSeq))                 => vsLen(VS)
87	reference-semantics/semantics/builtins.k	24	rule		supplied equational semantic rule	SELECTED_SEMANTICS_BOUNDARY	rule seqLen(str(IS:IntSeq))                   => isLen(IS)
88	reference-semantics/semantics/builtins.k	25	rule		supplied equational semantic rule	SELECTED_SEMANTICS_BOUNDARY	rule seqLen(setV(DS:IntSeq))                  => isLen(DS)
89	reference-semantics/semantics/builtins.k	26	rule		supplied equational semantic rule	SELECTED_SEMANTICS_BOUNDARY	rule seqLen(rangeObj(LO:Int, HI:Int, ST:Int)) => rangeLen(LO, HI, ST)
90	reference-semantics/semantics/builtins.k	32	rule		supplied operational semantic rule	SELECTED_SEMANTICS_BOUNDARY	rule <k> #applyK(toCall(builtinV("list")), (list(VS:ValSeq),  .Vals)) => #alloc(list(VS)) ... </k>
91	reference-semantics/semantics/builtins.k	33	rule		supplied operational semantic rule	SELECTED_SEMANTICS_BOUNDARY	rule <k> #applyK(toCall(builtinV("list")), (tuple(VS:ValSeq), .Vals)) => #alloc(list(VS)) ... </k>
92	reference-semantics/semantics/builtins.k	34	rule		supplied operational semantic rule	SELECTED_SEMANTICS_BOUNDARY	rule <k> #applyK(toCall(builtinV("list")), .Vals)                     => #alloc(list(.ValSeq)) ... </k>
93	reference-semantics/semantics/builtins.k	35	rule		supplied operational semantic rule	SELECTED_SEMANTICS_BOUNDARY	rule <k> #applyK(toCall(builtinV("list")), (str(CS:IntSeq), .Vals))   => #alloc(list(charsOf(CS))) ... </k>
94	reference-semantics/semantics/builtins.k	36	syntax	function,total	supplied syntax/declaration	SELECTED_SEMANTICS_BOUNDARY	syntax ValSeq ::= charsOf(IntSeq) [function, total]
95	reference-semantics/semantics/builtins.k	37	rule		supplied equational semantic rule	SELECTED_SEMANTICS_BOUNDARY	rule charsOf(.IntSeq)                => .ValSeq
96	reference-semantics/semantics/builtins.k	38	rule		supplied equational semantic rule	SELECTED_SEMANTICS_BOUNDARY	rule charsOf(iCons(C:Int, R:IntSeq)) => vCons(str(iCons(C, .IntSeq)), charsOf(R))
97	reference-semantics/semantics/builtins.k	41	rule		supplied equational semantic rule	SELECTED_SEMANTICS_BOUNDARY	rule applyBuiltin("set", str(CS:IntSeq), .Vals) => setV(dedupCodes(CS))
98	reference-semantics/semantics/builtins.k	44	rule		supplied equational semantic rule	SELECTED_SEMANTICS_BOUNDARY	rule applyBuiltin("abs", I:Int, .Vals) => absInt(I)
99	reference-semantics/semantics/builtins.k	47	syntax		supplied syntax/declaration	SELECTED_SEMANTICS_BOUNDARY	syntax KItem ::= #sumAcc(Iterable, Int) | #sumCont(Int)
100	reference-semantics/semantics/builtins.k	48	rule		supplied operational semantic rule	SELECTED_SEMANTICS_BOUNDARY	rule <k> #sumAcc(IT:Iterable, ACC:Int) => #iterNext(IT) ~> #sumCont(ACC) ... </k>
101	reference-semantics/semantics/builtins.k	49	rule		supplied operational semantic rule	SELECTED_SEMANTICS_BOUNDARY	rule <k> #iterDone ~> #sumCont(ACC:Int) => ACC ... </k>
102	reference-semantics/semantics/builtins.k	50	rule		supplied operational semantic rule	SELECTED_SEMANTICS_BOUNDARY	rule <k> #iterYield(V:Val, R:Iterable) ~> #sumCont(ACC:Int) => #sumAcc(R, ACC +Int intOf(V)) ... </k> requires isInt(V) orBool isBool(V)
103	reference-semantics/semantics/builtins.k	54	syntax	function	supplied syntax/declaration	SELECTED_SEMANTICS_BOUNDARY	syntax Int ::= intOf(Val) [function]
104	reference-semantics/semantics/builtins.k	55	rule		supplied equational semantic rule	SELECTED_SEMANTICS_BOUNDARY	rule intOf(I:Int)  => I
105	reference-semantics/semantics/builtins.k	56	rule		supplied equational semantic rule	SELECTED_SEMANTICS_BOUNDARY	rule intOf(B:Bool) => #if B #then 1 #else 0 #fi
106	reference-semantics/semantics/builtins.k	59	syntax		supplied syntax/declaration	SELECTED_SEMANTICS_BOUNDARY	syntax KItem ::= #allAcc(Iterable) | "#allCont"
107	reference-semantics/semantics/builtins.k	60	rule		supplied operational semantic rule	SELECTED_SEMANTICS_BOUNDARY	rule <k> #allAcc(IT:Iterable) => #iterNext(IT) ~> #allCont ... </k>
108	reference-semantics/semantics/builtins.k	61	rule		supplied operational semantic rule	SELECTED_SEMANTICS_BOUNDARY	rule <k> #iterDone ~> #allCont => true ... </k>
109	reference-semantics/semantics/builtins.k	62	rule		supplied operational semantic rule	SELECTED_SEMANTICS_BOUNDARY	rule <k> #iterYield(V:Val, R:Iterable) ~> #allCont => #allAcc(R) ... </k> requires truthy(V)
110	reference-semantics/semantics/builtins.k	64	rule		supplied operational semantic rule	SELECTED_SEMANTICS_BOUNDARY	rule <k> #iterYield(V:Val, _:Iterable) ~> #allCont => false ... </k> requires notBool truthy(V)
111	reference-semantics/semantics/builtins.k	67	syntax		supplied syntax/declaration	SELECTED_SEMANTICS_BOUNDARY	syntax KItem ::= #anyAcc(Iterable) | "#anyCont"
112	reference-semantics/semantics/builtins.k	68	rule		supplied operational semantic rule	SELECTED_SEMANTICS_BOUNDARY	rule <k> #anyAcc(IT:Iterable) => #iterNext(IT) ~> #anyCont ... </k>
113	reference-semantics/semantics/builtins.k	69	rule		supplied operational semantic rule	SELECTED_SEMANTICS_BOUNDARY	rule <k> #iterDone ~> #anyCont => false ... </k>
114	reference-semantics/semantics/builtins.k	70	rule		supplied operational semantic rule	SELECTED_SEMANTICS_BOUNDARY	rule <k> #iterYield(V:Val, _:Iterable) ~> #anyCont => true ... </k> requires truthy(V)
115	reference-semantics/semantics/builtins.k	72	rule		supplied operational semantic rule	SELECTED_SEMANTICS_BOUNDARY	rule <k> #iterYield(V:Val, R:Iterable) ~> #anyCont => #anyAcc(R) ... </k> requires notBool truthy(V)
116	reference-semantics/semantics/builtins.k	76	syntax		supplied syntax/declaration	SELECTED_SEMANTICS_BOUNDARY	syntax KItem ::= #maxAcc0(Iterable) | "#maxCont0" | #maxAcc(Iterable, Int) | #maxCont(Int)
117	reference-semantics/semantics/builtins.k	77	rule		supplied operational semantic rule	SELECTED_SEMANTICS_BOUNDARY	rule <k> #maxAcc0(IT:Iterable) => #iterNext(IT) ~> #maxCont0 ... </k>
118	reference-semantics/semantics/builtins.k	78	rule		supplied operational semantic rule	SELECTED_SEMANTICS_BOUNDARY	rule <k> #iterYield(V:Val, R:Iterable) ~> #maxCont0 => #maxAcc(R, {V}:>Int) ... </k> requires isInt(V)
119	reference-semantics/semantics/builtins.k	80	rule		supplied operational semantic rule	SELECTED_SEMANTICS_BOUNDARY	rule <k> #maxAcc(IT:Iterable, M:Int) => #iterNext(IT) ~> #maxCont(M) ... </k>
120	reference-semantics/semantics/builtins.k	81	rule		supplied operational semantic rule	SELECTED_SEMANTICS_BOUNDARY	rule <k> #iterDone ~> #maxCont(M:Int) => M ... </k>
121	reference-semantics/semantics/builtins.k	82	rule		supplied operational semantic rule	SELECTED_SEMANTICS_BOUNDARY	rule <k> #iterYield(V:Val, R:Iterable) ~> #maxCont(M:Int) => #maxAcc(R, maxInt(M, {V}:>Int)) ... </k> requires isInt(V)
122	reference-semantics/semantics/builtins.k	86	syntax		supplied syntax/declaration	SELECTED_SEMANTICS_BOUNDARY	syntax KItem ::= #minAcc0(Iterable) | "#minCont0" | #minAcc(Iterable, Int) | #minCont(Int)
123	reference-semantics/semantics/builtins.k	87	rule		supplied operational semantic rule	SELECTED_SEMANTICS_BOUNDARY	rule <k> #minAcc0(IT:Iterable) => #iterNext(IT) ~> #minCont0 ... </k>
124	reference-semantics/semantics/builtins.k	88	rule		supplied operational semantic rule	SELECTED_SEMANTICS_BOUNDARY	rule <k> #iterYield(V:Val, R:Iterable) ~> #minCont0 => #minAcc(R, {V}:>Int) ... </k> requires isInt(V)
125	reference-semantics/semantics/builtins.k	90	rule		supplied operational semantic rule	SELECTED_SEMANTICS_BOUNDARY	rule <k> #minAcc(IT:Iterable, M:Int) => #iterNext(IT) ~> #minCont(M) ... </k>
126	reference-semantics/semantics/builtins.k	91	rule		supplied operational semantic rule	SELECTED_SEMANTICS_BOUNDARY	rule <k> #iterDone ~> #minCont(M:Int) => M ... </k>
127	reference-semantics/semantics/builtins.k	92	rule		supplied operational semantic rule	SELECTED_SEMANTICS_BOUNDARY	rule <k> #iterYield(V:Val, R:Iterable) ~> #minCont(M:Int) => #minAcc(R, minInt(M, {V}:>Int)) ... </k> requires isInt(V)
128	reference-semantics/semantics/builtins.k	97	syntax	function	supplied syntax/declaration	SELECTED_SEMANTICS_BOUNDARY	syntax Int ::= maxVals(Int, Vals) [function]
129	reference-semantics/semantics/builtins.k	98	rule		supplied equational semantic rule	SELECTED_SEMANTICS_BOUNDARY	rule applyBuiltin("max", I:Int, REST:Vals) => maxVals(I, REST)
130	reference-semantics/semantics/builtins.k	99	rule		supplied equational semantic rule	SELECTED_SEMANTICS_BOUNDARY	rule maxVals(M:Int, .Vals)           => M
131	reference-semantics/semantics/builtins.k	100	rule		supplied equational semantic rule	SELECTED_SEMANTICS_BOUNDARY	rule maxVals(M:Int, (I:Int, R:Vals)) => maxVals(maxInt(M, I), R)
132	reference-semantics/semantics/builtins.k	102	syntax	function	supplied syntax/declaration	SELECTED_SEMANTICS_BOUNDARY	syntax Int ::= minVals(Int, Vals) [function]
133	reference-semantics/semantics/builtins.k	103	rule		supplied equational semantic rule	SELECTED_SEMANTICS_BOUNDARY	rule applyBuiltin("min", I:Int, REST:Vals) => minVals(I, REST)
134	reference-semantics/semantics/builtins.k	104	rule		supplied equational semantic rule	SELECTED_SEMANTICS_BOUNDARY	rule minVals(M:Int, .Vals)           => M
135	reference-semantics/semantics/builtins.k	105	rule		supplied equational semantic rule	SELECTED_SEMANTICS_BOUNDARY	rule minVals(M:Int, (I:Int, R:Vals)) => minVals(minInt(M, I), R)
136	reference-semantics/semantics/builtins.k	108	rule		supplied equational semantic rule	SELECTED_SEMANTICS_BOUNDARY	rule applyBuiltin("bin", N:Int, .Vals) => str(iCons(48, iCons(98, binCodes(N)))) requires N >=Int 0
137	reference-semantics/semantics/builtins.k	111	rule		supplied equational semantic rule	SELECTED_SEMANTICS_BOUNDARY	rule applyBuiltin("bin", N:Int, .Vals) => str(iCons(45, iCons(48, iCons(98, binCodes(0 -Int N))))) requires N <Int 0
138	reference-semantics/semantics/builtins.k	114	syntax	function,total	supplied syntax/declaration	SELECTED_SEMANTICS_BOUNDARY	syntax IntSeq ::= binCodes(Int) [function, total]
139	reference-semantics/semantics/builtins.k	115	rule		supplied equational semantic rule	SELECTED_SEMANTICS_BOUNDARY	rule binCodes(0) => iCons(48, .IntSeq)
140	reference-semantics/semantics/builtins.k	116	rule		supplied equational semantic rule	SELECTED_SEMANTICS_BOUNDARY	rule binCodes(N:Int) => binAcc(N, .IntSeq) requires N >Int 0
141	reference-semantics/semantics/builtins.k	117	syntax	function,total	supplied syntax/declaration	SELECTED_SEMANTICS_BOUNDARY	syntax IntSeq ::= binAcc(Int, IntSeq) [function, total]
142	reference-semantics/semantics/builtins.k	118	rule		supplied equational semantic rule	SELECTED_SEMANTICS_BOUNDARY	rule binAcc(0, ACC:IntSeq) => ACC
143	reference-semantics/semantics/builtins.k	119	rule		supplied equational semantic rule	SELECTED_SEMANTICS_BOUNDARY	rule binAcc(N:Int, ACC:IntSeq) => binAcc((N -Int pyMod(N, 2)) /Int 2, iCons(48 +Int pyMod(N, 2), ACC)) requires N >Int 0
144	reference-semantics/semantics/builtins.k	124	rule		supplied operational semantic rule	SELECTED_SEMANTICS_BOUNDARY	rule <k> #applyK(toCall(builtinV("enumerate")), (list(VS:ValSeq), .Vals)) => #alloc(list(enumVS(VS, 0))) ... </k>
145	reference-semantics/semantics/builtins.k	126	syntax	function,total	supplied syntax/declaration	SELECTED_SEMANTICS_BOUNDARY	syntax ValSeq ::= enumVS(ValSeq, Int) [function, total]
146	reference-semantics/semantics/builtins.k	127	rule		supplied equational semantic rule	SELECTED_SEMANTICS_BOUNDARY	rule enumVS(.ValSeq, _:Int) => .ValSeq
147	reference-semantics/semantics/builtins.k	128	rule		supplied equational semantic rule	SELECTED_SEMANTICS_BOUNDARY	rule enumVS(vCons(V:Val, R:ValSeq), I:Int) => vCons(tuple(vCons(I, vCons(V, .ValSeq))), enumVS(R, I +Int 1))
148	reference-semantics/semantics/builtins.k	132	rule		supplied operational semantic rule	SELECTED_SEMANTICS_BOUNDARY	rule <k> #applyK(toCall(builtinV("map")), (typeV("str"), list(VS:ValSeq), .Vals)) => #alloc(list(mapStrVS(VS))) ... </k>
149	reference-semantics/semantics/builtins.k	134	syntax	function,total	supplied syntax/declaration	SELECTED_SEMANTICS_BOUNDARY	syntax ValSeq ::= mapStrVS(ValSeq) [function, total]
150	reference-semantics/semantics/builtins.k	135	rule		supplied equational semantic rule	SELECTED_SEMANTICS_BOUNDARY	rule mapStrVS(.ValSeq) => .ValSeq
151	reference-semantics/semantics/builtins.k	136	rule		supplied equational semantic rule	SELECTED_SEMANTICS_BOUNDARY	rule mapStrVS(vCons(I:Int, R:ValSeq)) => vCons(str(strToCodes(Int2String(I))), mapStrVS(R))
152	reference-semantics/semantics/builtins.k	137	rule		supplied equational semantic rule	SELECTED_SEMANTICS_BOUNDARY	rule mapStrVS(vCons(str(CS:IntSeq), R:ValSeq)) => vCons(str(CS), mapStrVS(R))
153	reference-semantics/semantics/builtins.k	140	rule		supplied equational semantic rule	SELECTED_SEMANTICS_BOUNDARY	rule applyBuiltin("int", I:Int, .Vals) => I
154	reference-semantics/semantics/builtins.k	143	rule		supplied equational semantic rule	SELECTED_SEMANTICS_BOUNDARY	rule applyBuiltin("ord", str(iCons(C:Int, .IntSeq)), .Vals) => C
155	reference-semantics/semantics/builtins.k	144	rule		supplied equational semantic rule	SELECTED_SEMANTICS_BOUNDARY	rule applyBuiltin("chr", I:Int, .Vals) => str(iCons(I, .IntSeq)) requires 0 <=Int I andBool I <Int 128
156	reference-semantics/semantics/builtins.k	148	rule		supplied equational semantic rule	SELECTED_SEMANTICS_BOUNDARY	rule applyBuiltin("str", I:Int, .Vals)       => str(strToCodes(Int2String(I)))
157	reference-semantics/semantics/builtins.k	149	rule		supplied equational semantic rule	SELECTED_SEMANTICS_BOUNDARY	rule applyBuiltin("str", str(CS:IntSeq), .Vals) => str(CS)
158	reference-semantics/semantics/builtins.k	152	rule		supplied equational semantic rule	SELECTED_SEMANTICS_BOUNDARY	rule applyBuiltin("int", str(iCons(C:Int, .IntSeq)), .Vals) => C -Int 48 requires 48 <=Int C andBool C <=Int 57
159	reference-semantics/semantics/builtins.k	156	rule		supplied equational semantic rule	SELECTED_SEMANTICS_BOUNDARY	rule applyBuiltin("int", str(CS:IntSeq), .Vals) => intDigAcc(CS, 0) requires isLen(CS) >=Int 2
160	reference-semantics/semantics/builtins.k	158	syntax	function,total	supplied syntax/declaration	SELECTED_SEMANTICS_BOUNDARY	syntax Int ::= intDigAcc(IntSeq, Int) [function, total]
161	reference-semantics/semantics/builtins.k	159	rule		supplied equational semantic rule	SELECTED_SEMANTICS_BOUNDARY	rule intDigAcc(.IntSeq, ACC:Int)             => ACC
162	reference-semantics/semantics/builtins.k	160	rule		supplied equational semantic rule	SELECTED_SEMANTICS_BOUNDARY	rule intDigAcc(iCons(C:Int, R:IntSeq), ACC:Int) => intDigAcc(R, (ACC *Int 10) +Int (C -Int 48))
163	reference-semantics/semantics/builtins.k	163	rule		supplied equational semantic rule	SELECTED_SEMANTICS_BOUNDARY	rule applyBuiltin("zip", list(A:ValSeq), list(B:ValSeq), .Vals) => zipObj(A, B)
164	reference-semantics/semantics/builtins.k	164	rule		supplied equational semantic rule	SELECTED_SEMANTICS_BOUNDARY	rule applyBuiltin("zip", str(A:IntSeq), str(B:IntSeq), .Vals)   => zipObjS(A, B)
165	reference-semantics/semantics/builtins.k	167	rule		supplied operational semantic rule	SELECTED_SEMANTICS_BOUNDARY	rule <k> #iterNext(zipObj(vCons(A:Val, As:ValSeq), vCons(B:Val, Bs:ValSeq))) => #iterYield(tuple(vCons(A, vCons(B, .ValSeq))), zipObj(As, Bs)) ... </k>
166	reference-semantics/semantics/builtins.k	169	rule		supplied operational semantic rule	SELECTED_SEMANTICS_BOUNDARY	rule <k> #iterNext(zipObj(.ValSeq, _:ValSeq))               => #iterDone ... </k>
167	reference-semantics/semantics/builtins.k	170	rule		supplied operational semantic rule	SELECTED_SEMANTICS_BOUNDARY	rule <k> #iterNext(zipObj(vCons(_:Val, _:ValSeq), .ValSeq)) => #iterDone ... </k>
168	reference-semantics/semantics/builtins.k	171	rule		supplied operational semantic rule	SELECTED_SEMANTICS_BOUNDARY	rule <k> #iterNext(zipObjS(iCons(A:Int, As:IntSeq), iCons(B:Int, Bs:IntSeq))) => #iterYield(tuple(vCons(str(iCons(A, .IntSeq)), vCons(str(iCons(B, .IntSeq)), .ValSeq))), zipObjS(As, Bs)) ... </k>
169	reference-semantics/semantics/builtins.k	173	rule		supplied operational semantic rule	SELECTED_SEMANTICS_BOUNDARY	rule <k> #iterNext(zipObjS(.IntSeq, _:IntSeq))              => #iterDone ... </k>
170	reference-semantics/semantics/builtins.k	174	rule		supplied operational semantic rule	SELECTED_SEMANTICS_BOUNDARY	rule <k> #iterNext(zipObjS(iCons(_:Int, _:IntSeq), .IntSeq)) => #iterDone ... </k>
171	reference-semantics/semantics/builtins.k	177	rule		supplied equational semantic rule	SELECTED_SEMANTICS_BOUNDARY	rule applyBuiltin("range", I:Int, .Vals)               => rangeObj(0, I, 1)
172	reference-semantics/semantics/builtins.k	178	rule		supplied equational semantic rule	SELECTED_SEMANTICS_BOUNDARY	rule applyBuiltin("range", A:Int, B:Int, .Vals)        => rangeObj(A, B, 1)
173	reference-semantics/semantics/builtins.k	179	rule		supplied equational semantic rule	SELECTED_SEMANTICS_BOUNDARY	rule applyBuiltin("range", A:Int, B:Int, S:Int, .Vals) => rangeObj(A, B, S) requires S =/=Int 0
174	reference-semantics/semantics/builtins.k	187	rule		supplied equational semantic rule	SELECTED_SEMANTICS_BOUNDARY	rule applyBuiltin("eval", str(CS:IntSeq), .Vals) => evalArith(CS)
175	reference-semantics/semantics/builtins.k	188	syntax	function	supplied syntax/declaration	SELECTED_SEMANTICS_BOUNDARY	syntax Int ::= evalArith(IntSeq) [function]
176	reference-semantics/semantics/builtins.k	189	rule		supplied equational semantic rule	SELECTED_SEMANTICS_BOUNDARY	rule evalArith(CS:IntSeq) => firstNdE(passAddE(passMulE(passPowE(tokOps(CS), tokNds(CS)))))
177	reference-semantics/semantics/builtins.k	192	syntax		supplied syntax/declaration	SELECTED_SEMANTICS_BOUNDARY	syntax OpSeq ::= ".OpSeq" | oCons(String, OpSeq)
178	reference-semantics/semantics/builtins.k	194	syntax	function,total	supplied syntax/declaration	SELECTED_SEMANTICS_BOUNDARY	syntax Bool ::= evDigit(Int) [function, total]
179	reference-semantics/semantics/builtins.k	195	rule		supplied equational semantic rule	SELECTED_SEMANTICS_BOUNDARY	rule evDigit(C:Int) => C >=Int 48 andBool C <=Int 57
180	reference-semantics/semantics/builtins.k	196	syntax	function,total	supplied syntax/declaration	SELECTED_SEMANTICS_BOUNDARY	syntax Bool ::= evHead42(IntSeq) [function, total]
181	reference-semantics/semantics/builtins.k	197	rule		supplied equational semantic rule	SELECTED_SEMANTICS_BOUNDARY	rule evHead42(iCons(42, _:IntSeq)) => true
182	reference-semantics/semantics/builtins.k	198	rule	owise	supplied equational semantic rule	SELECTED_SEMANTICS_BOUNDARY	rule evHead42(_:IntSeq)            => false [owise]
183	reference-semantics/semantics/builtins.k	199	syntax	function,total	supplied syntax/declaration	SELECTED_SEMANTICS_BOUNDARY	syntax Bool ::= evHead47(IntSeq) [function, total]
184	reference-semantics/semantics/builtins.k	200	rule		supplied equational semantic rule	SELECTED_SEMANTICS_BOUNDARY	rule evHead47(iCons(47, _:IntSeq)) => true
185	reference-semantics/semantics/builtins.k	201	rule	owise	supplied equational semantic rule	SELECTED_SEMANTICS_BOUNDARY	rule evHead47(_:IntSeq)            => false [owise]
186	reference-semantics/semantics/builtins.k	203	syntax	function,total	supplied syntax/declaration	SELECTED_SEMANTICS_BOUNDARY	syntax OpSeq ::= tokOps(IntSeq) [function, total]
187	reference-semantics/semantics/builtins.k	204	rule		supplied equational semantic rule	SELECTED_SEMANTICS_BOUNDARY	rule tokOps(.IntSeq)                 => .OpSeq
188	reference-semantics/semantics/builtins.k	205	rule		supplied equational semantic rule	SELECTED_SEMANTICS_BOUNDARY	rule tokOps(iCons(32, R:IntSeq))     => tokOps(R)
189	reference-semantics/semantics/builtins.k	206	rule		supplied equational semantic rule	SELECTED_SEMANTICS_BOUNDARY	rule tokOps(iCons(C:Int, R:IntSeq))  => tokOps(R) requires evDigit(C)
190	reference-semantics/semantics/builtins.k	207	rule		supplied equational semantic rule	SELECTED_SEMANTICS_BOUNDARY	rule tokOps(iCons(42, iCons(42, R:IntSeq))) => oCons("**", tokOps(R))
191	reference-semantics/semantics/builtins.k	208	rule		supplied equational semantic rule	SELECTED_SEMANTICS_BOUNDARY	rule tokOps(iCons(42, R:IntSeq))     => oCons("*", tokOps(R)) requires notBool evHead42(R)
192	reference-semantics/semantics/builtins.k	209	rule		supplied equational semantic rule	SELECTED_SEMANTICS_BOUNDARY	rule tokOps(iCons(47, iCons(47, R:IntSeq))) => oCons("
193	reference-semantics/semantics/builtins.k	210	rule		supplied equational semantic rule	SELECTED_SEMANTICS_BOUNDARY	rule tokOps(iCons(47, R:IntSeq))     => oCons("/", tokOps(R)) requires notBool evHead47(R)
194	reference-semantics/semantics/builtins.k	211	rule		supplied equational semantic rule	SELECTED_SEMANTICS_BOUNDARY	rule tokOps(iCons(43, R:IntSeq))     => oCons("+", tokOps(R))
195	reference-semantics/semantics/builtins.k	212	rule		supplied equational semantic rule	SELECTED_SEMANTICS_BOUNDARY	rule tokOps(iCons(45, R:IntSeq))     => oCons("-", tokOps(R))
196	reference-semantics/semantics/builtins.k	214	syntax	function,total	supplied syntax/declaration	SELECTED_SEMANTICS_BOUNDARY	syntax IntSeq ::= tokNds(IntSeq) [function, total] | tokNdAcc(Int, IntSeq) [function, total]
197	reference-semantics/semantics/builtins.k	216	rule		supplied equational semantic rule	SELECTED_SEMANTICS_BOUNDARY	rule tokNds(.IntSeq)                => .IntSeq
198	reference-semantics/semantics/builtins.k	217	rule		supplied equational semantic rule	SELECTED_SEMANTICS_BOUNDARY	rule tokNds(iCons(32, R:IntSeq))    => tokNds(R)
199	reference-semantics/semantics/builtins.k	218	rule		supplied equational semantic rule	SELECTED_SEMANTICS_BOUNDARY	rule tokNds(iCons(C:Int, R:IntSeq)) => tokNdAcc(C -Int 48, R) requires evDigit(C)
200	reference-semantics/semantics/builtins.k	219	rule		supplied equational semantic rule	SELECTED_SEMANTICS_BOUNDARY	rule tokNds(iCons(C:Int, R:IntSeq)) => tokNds(R) requires notBool evDigit(C) andBool C =/=Int 32
201	reference-semantics/semantics/builtins.k	221	rule		supplied equational semantic rule	SELECTED_SEMANTICS_BOUNDARY	rule tokNdAcc(A:Int, iCons(C:Int, R:IntSeq)) => tokNdAcc(A *Int 10 +Int (C -Int 48), R) requires evDigit(C)
202	reference-semantics/semantics/builtins.k	223	rule	owise	supplied equational semantic rule	SELECTED_SEMANTICS_BOUNDARY	rule tokNdAcc(A:Int, S:IntSeq) => iCons(A, tokNds(S)) [owise]
203	reference-semantics/semantics/builtins.k	225	syntax		supplied syntax/declaration	SELECTED_SEMANTICS_BOUNDARY	syntax EvPair ::= evp(OpSeq, IntSeq)
204	reference-semantics/semantics/builtins.k	226	syntax	function,total	supplied syntax/declaration	SELECTED_SEMANTICS_BOUNDARY	syntax Int ::= firstNdE(EvPair) [function, total]
205	reference-semantics/semantics/builtins.k	227	rule		supplied equational semantic rule	SELECTED_SEMANTICS_BOUNDARY	rule firstNdE(evp(_:OpSeq, iCons(N:Int, _:IntSeq))) => N
206	reference-semantics/semantics/builtins.k	228	rule	owise	supplied equational semantic rule	SELECTED_SEMANTICS_BOUNDARY	rule firstNdE(_:EvPair) => 0 [owise]
207	reference-semantics/semantics/builtins.k	230	syntax	function,total	supplied syntax/declaration	SELECTED_SEMANTICS_BOUNDARY	syntax Int ::= applyOpE(String, Int, Int) [function, total]
208	reference-semantics/semantics/builtins.k	231	rule		supplied equational semantic rule	SELECTED_SEMANTICS_BOUNDARY	rule applyOpE("+",  A:Int, B:Int) => A +Int B
209	reference-semantics/semantics/builtins.k	232	rule		supplied equational semantic rule	SELECTED_SEMANTICS_BOUNDARY	rule applyOpE("-",  A:Int, B:Int) => A -Int B
210	reference-semantics/semantics/builtins.k	233	rule		supplied equational semantic rule	SELECTED_SEMANTICS_BOUNDARY	rule applyOpE("*",  A:Int, B:Int) => A *Int B
211	reference-semantics/semantics/builtins.k	234	rule		supplied equational semantic rule	SELECTED_SEMANTICS_BOUNDARY	rule applyOpE("
212	reference-semantics/semantics/builtins.k	235	rule		supplied equational semantic rule	SELECTED_SEMANTICS_BOUNDARY	rule applyOpE("**", A:Int, B:Int) => A ^Int B
213	reference-semantics/semantics/builtins.k	236	rule	owise	supplied equational semantic rule	SELECTED_SEMANTICS_BOUNDARY	rule applyOpE(_:String, A:Int, _:Int) => A [owise]
214	reference-semantics/semantics/builtins.k	238	syntax	function,total	supplied syntax/declaration	SELECTED_SEMANTICS_BOUNDARY	syntax EvPair ::= passPowE(OpSeq, IntSeq) [function, total]
215	reference-semantics/semantics/builtins.k	239	rule		supplied equational semantic rule	SELECTED_SEMANTICS_BOUNDARY	rule passPowE(.OpSeq, NDS:IntSeq) => evp(.OpSeq, NDS)
216	reference-semantics/semantics/builtins.k	240	rule		supplied equational semantic rule	SELECTED_SEMANTICS_BOUNDARY	rule passPowE(oCons("**", OPS:OpSeq), iCons(N:Int, NDS:IntSeq)) => powCombE(N, passPowE(OPS, NDS))
217	reference-semantics/semantics/builtins.k	241	rule		supplied equational semantic rule	SELECTED_SEMANTICS_BOUNDARY	rule passPowE(oCons(O:String, OPS:OpSeq), iCons(N:Int, NDS:IntSeq)) => powCarryE(O, N, passPowE(OPS, NDS)) requires O =/=String "**"
218	reference-semantics/semantics/builtins.k	243	rule	owise	supplied equational semantic rule	SELECTED_SEMANTICS_BOUNDARY	rule passPowE(_:OpSeq, .IntSeq) => evp(.OpSeq, .IntSeq) [owise]
219	reference-semantics/semantics/builtins.k	244	syntax	function,total	supplied syntax/declaration	SELECTED_SEMANTICS_BOUNDARY	syntax EvPair ::= powCombE(Int, EvPair) [function, total]
220	reference-semantics/semantics/builtins.k	245	rule		supplied equational semantic rule	SELECTED_SEMANTICS_BOUNDARY	rule powCombE(N:Int, evp(OPS:OpSeq, iCons(M:Int, REST:IntSeq))) => evp(OPS, iCons(N ^Int M, REST))
221	reference-semantics/semantics/builtins.k	246	rule		supplied equational semantic rule	SELECTED_SEMANTICS_BOUNDARY	rule powCombE(N:Int, evp(OPS:OpSeq, .IntSeq)) => evp(OPS, iCons(N, .IntSeq))
222	reference-semantics/semantics/builtins.k	247	syntax	function,total	supplied syntax/declaration	SELECTED_SEMANTICS_BOUNDARY	syntax EvPair ::= powCarryE(String, Int, EvPair) [function, total]
223	reference-semantics/semantics/builtins.k	248	rule		supplied equational semantic rule	SELECTED_SEMANTICS_BOUNDARY	rule powCarryE(O:String, N:Int, evp(OPS:OpSeq, NDS:IntSeq)) => evp(oCons(O, OPS), iCons(N, NDS))
224	reference-semantics/semantics/builtins.k	250	syntax	function,total	supplied syntax/declaration	SELECTED_SEMANTICS_BOUNDARY	syntax EvPair ::= passMulE(EvPair) [function, total] | passAddE(EvPair) [function, total]
225	reference-semantics/semantics/builtins.k	251	rule		supplied equational semantic rule	SELECTED_SEMANTICS_BOUNDARY	rule passMulE(evp(OPS:OpSeq, iCons(N0:Int, NDS:IntSeq))) => passLGoE("mul", N0, OPS, NDS, .OpSeq, .IntSeq)
226	reference-semantics/semantics/builtins.k	252	rule		supplied equational semantic rule	SELECTED_SEMANTICS_BOUNDARY	rule passMulE(evp(OPS:OpSeq, .IntSeq)) => evp(OPS, .IntSeq)
227	reference-semantics/semantics/builtins.k	253	rule		supplied equational semantic rule	SELECTED_SEMANTICS_BOUNDARY	rule passAddE(evp(OPS:OpSeq, iCons(N0:Int, NDS:IntSeq))) => passLGoE("add", N0, OPS, NDS, .OpSeq, .IntSeq)
228	reference-semantics/semantics/builtins.k	254	rule		supplied equational semantic rule	SELECTED_SEMANTICS_BOUNDARY	rule passAddE(evp(OPS:OpSeq, .IntSeq)) => evp(OPS, .IntSeq)
229	reference-semantics/semantics/builtins.k	255	syntax	function,total	supplied syntax/declaration	SELECTED_SEMANTICS_BOUNDARY	syntax EvPair ::= passLGoE(String, Int, OpSeq, IntSeq, OpSeq, IntSeq) [function, total]
230	reference-semantics/semantics/builtins.k	256	rule		supplied equational semantic rule	SELECTED_SEMANTICS_BOUNDARY	rule passLGoE(_:String, CUR:Int, .OpSeq, _:IntSeq, OO:OpSeq, ON:IntSeq) => evp(OO, appendIE(ON, CUR))
231	reference-semantics/semantics/builtins.k	257	rule		supplied equational semantic rule	SELECTED_SEMANTICS_BOUNDARY	rule passLGoE(L:String, CUR:Int, oCons(O:String, OPS:OpSeq), iCons(N:Int, NDS:IntSeq), OO:OpSeq, ON:IntSeq) => passLGoE(L, applyOpE(O, CUR, N), OPS, NDS, OO, ON) requires inLevelE(L, O)
232	reference-semantics/semantics/builtins.k	260	rule		supplied equational semantic rule	SELECTED_SEMANTICS_BOUNDARY	rule passLGoE(L:String, CUR:Int, oCons(O:String, OPS:OpSeq), iCons(N:Int, NDS:IntSeq), OO:OpSeq, ON:IntSeq) => passLGoE(L, N, OPS, NDS, appendOpE(OO, O), appendIE(ON, CUR)) requires notBool inLevelE(L, O)
233	reference-semantics/semantics/builtins.k	263	rule	owise	supplied equational semantic rule	SELECTED_SEMANTICS_BOUNDARY	rule passLGoE(_:String, CUR:Int, oCons(_:String, _:OpSeq), .IntSeq, OO:OpSeq, ON:IntSeq) => evp(OO, appendIE(ON, CUR)) [owise]
234	reference-semantics/semantics/builtins.k	265	syntax	function,total	supplied syntax/declaration	SELECTED_SEMANTICS_BOUNDARY	syntax Bool ::= inLevelE(String, String) [function, total]
235	reference-semantics/semantics/builtins.k	266	rule		supplied equational semantic rule	SELECTED_SEMANTICS_BOUNDARY	rule inLevelE("mul", O:String) => O ==String "*" orBool O ==String "
236	reference-semantics/semantics/builtins.k	267	rule		supplied equational semantic rule	SELECTED_SEMANTICS_BOUNDARY	rule inLevelE("add", O:String) => O ==String "+" orBool O ==String "-"
237	reference-semantics/semantics/builtins.k	268	rule	owise	supplied equational semantic rule	SELECTED_SEMANTICS_BOUNDARY	rule inLevelE(_:String, _:String) => false [owise]
238	reference-semantics/semantics/builtins.k	269	syntax	function,total	supplied syntax/declaration	SELECTED_SEMANTICS_BOUNDARY	syntax OpSeq ::= appendOpE(OpSeq, String) [function, total]
239	reference-semantics/semantics/builtins.k	270	rule		supplied equational semantic rule	SELECTED_SEMANTICS_BOUNDARY	rule appendOpE(.OpSeq, O:String) => oCons(O, .OpSeq)
240	reference-semantics/semantics/builtins.k	271	rule		supplied equational semantic rule	SELECTED_SEMANTICS_BOUNDARY	rule appendOpE(oCons(H:String, T:OpSeq), O:String) => oCons(H, appendOpE(T, O))
241	reference-semantics/semantics/builtins.k	272	syntax	function,total	supplied syntax/declaration	SELECTED_SEMANTICS_BOUNDARY	syntax IntSeq ::= appendIE(IntSeq, Int) [function, total]
242	reference-semantics/semantics/builtins.k	273	rule		supplied equational semantic rule	SELECTED_SEMANTICS_BOUNDARY	rule appendIE(.IntSeq, N:Int) => iCons(N, .IntSeq)
243	reference-semantics/semantics/builtins.k	274	rule		supplied equational semantic rule	SELECTED_SEMANTICS_BOUNDARY	rule appendIE(iCons(H:Int, T:IntSeq), N:Int) => iCons(H, appendIE(T, N))
244	reference-semantics/semantics/builtins.k	279	syntax		supplied syntax/declaration	SELECTED_SEMANTICS_BOUNDARY	syntax KItem ::= "#md5"
245	reference-semantics/semantics/builtins.k	280	rule	priority	supplied operational semantic rule	SELECTED_SEMANTICS_BOUNDARY	rule <k> Call(Attribute(Name("hashlib"), "md5"), (E:Expr, .Exprs)) => E ~> #md5 ... </k> [priority(40)]
246	reference-semantics/semantics/builtins.k	282	rule		supplied operational semantic rule	SELECTED_SEMANTICS_BOUNDARY	rule <k> str(CS:IntSeq) ~> #md5 => md5Obj(CS) ... </k>
247	reference-semantics/semantics/builtins.k	283	syntax		supplied syntax/declaration	SELECTED_SEMANTICS_BOUNDARY	syntax Val ::= md5Obj(IntSeq)
248	reference-semantics/semantics/builtins.k	284	rule		supplied equational semantic rule	SELECTED_SEMANTICS_BOUNDARY	rule applyMethod(md5Obj(CS:IntSeq), "hexdigest", .Vals) => str(md5hexCodes(CS))
249	reference-semantics/semantics/builtins.k	285	syntax	function,total,symbol,no-evaluators	supplied syntax/declaration	SELECTED_SEMANTICS_BOUNDARY	syntax IntSeq ::= md5hexCodes(IntSeq) [function, total, symbol(md5hexCodes), no-evaluators]
250	reference-semantics/semantics/builtins.k	291	rule		supplied equational semantic rule	SELECTED_SEMANTICS_BOUNDARY	rule applyBuiltin("isinstance", V:Val, typeV("int"), .Vals) => isIntV(V)
251	reference-semantics/semantics/builtins.k	292	rule		supplied equational semantic rule	SELECTED_SEMANTICS_BOUNDARY	rule applyBuiltin("isinstance", V:Val, typeV("str"), .Vals) => isStrV(V)
252	reference-semantics/semantics/builtins.k	293	syntax	function	supplied syntax/declaration	SELECTED_SEMANTICS_BOUNDARY	syntax Bool ::= isIntV(Val) [function] | isStrV(Val) [function]
253	reference-semantics/semantics/builtins.k	294	rule		supplied equational semantic rule	SELECTED_SEMANTICS_BOUNDARY	rule isIntV(_:Int)         => true
254	reference-semantics/semantics/builtins.k	295	rule	owise	supplied equational semantic rule	SELECTED_SEMANTICS_BOUNDARY	rule isIntV(_:Val)         => false [owise]
255	reference-semantics/semantics/builtins.k	296	rule		supplied equational semantic rule	SELECTED_SEMANTICS_BOUNDARY	rule isStrV(str(_:IntSeq)) => true
256	reference-semantics/semantics/builtins.k	297	rule	owise	supplied equational semantic rule	SELECTED_SEMANTICS_BOUNDARY	rule isStrV(_:Val)         => false [owise]
257	reference-semantics/semantics/builtins.k	298	endmodule		module/import plumbing	STRUCTURAL	endmodule
258	reference-semantics/semantics/call.k	10	module		module/import plumbing	STRUCTURAL	module MPY-CALL
259	reference-semantics/semantics/call.k	11	imports		module/import plumbing	STRUCTURAL	imports MPY-METHODS
260	reference-semantics/semantics/call.k	12	imports		module/import plumbing	STRUCTURAL	imports MPY-BUILTINS
261	reference-semantics/semantics/call.k	13	imports		module/import plumbing	STRUCTURAL	imports MPY-FUNCTIONS
262	reference-semantics/semantics/call.k	16	rule		supplied operational semantic rule	SELECTED_SEMANTICS_BOUNDARY	rule <k> Attribute(V:Val, M:String) => boundMethodV(V, M) ... </k>
263	reference-semantics/semantics/call.k	19	syntax		supplied syntax/declaration	SELECTED_SEMANTICS_BOUNDARY	syntax KItem ::= #callee(Exprs)
264	reference-semantics/semantics/call.k	20	rule	owise	supplied operational semantic rule	SELECTED_SEMANTICS_BOUNDARY	rule <k> Call(Fe:Expr, ARGS:Exprs) => Fe ~> #callee(ARGS) ... </k> [owise]
265	reference-semantics/semantics/call.k	21	rule		supplied operational semantic rule	SELECTED_SEMANTICS_BOUNDARY	rule <k> CV:Val ~> #callee(ARGS:Exprs) => #evalArgs(ARGS, .Vals, toCall(CV)) ... </k>
266	reference-semantics/semantics/call.k	24	rule		supplied operational semantic rule	SELECTED_SEMANTICS_BOUNDARY	rule <k> #applyK(toCall(boundMethodV(OBJ:Val, M:String)), ACC:Vals) => applyMethod(OBJ, M, ACC) ... </k>
267	reference-semantics/semantics/call.k	26	rule		supplied operational semantic rule	SELECTED_SEMANTICS_BOUNDARY	rule <k> #applyK(toCall(builtinV("sum")), (OBJ:Iterable, .Vals)) => #sumAcc(OBJ, 0) ... </k>
268	reference-semantics/semantics/call.k	27	rule		supplied operational semantic rule	SELECTED_SEMANTICS_BOUNDARY	rule <k> #applyK(toCall(builtinV("all")), (OBJ:Iterable, .Vals)) => #allAcc(OBJ)    ... </k>
269	reference-semantics/semantics/call.k	28	rule		supplied operational semantic rule	SELECTED_SEMANTICS_BOUNDARY	rule <k> #applyK(toCall(builtinV("any")), (OBJ:Iterable, .Vals)) => #anyAcc(OBJ)    ... </k>
270	reference-semantics/semantics/call.k	29	rule		supplied operational semantic rule	SELECTED_SEMANTICS_BOUNDARY	rule <k> #applyK(toCall(builtinV("max")), (OBJ:Iterable, .Vals)) => #maxAcc0(OBJ)   ... </k>
271	reference-semantics/semantics/call.k	30	rule		supplied operational semantic rule	SELECTED_SEMANTICS_BOUNDARY	rule <k> #applyK(toCall(builtinV("min")), (OBJ:Iterable, .Vals)) => #minAcc0(OBJ)   ... </k>
272	reference-semantics/semantics/call.k	31	rule	owise	supplied operational semantic rule	SELECTED_SEMANTICS_BOUNDARY	rule <k> #applyK(toCall(builtinV(BN:String)), ACC:Vals) => applyBuiltin(BN, ACC) ... </k> [owise]
273	reference-semantics/semantics/call.k	32	rule		supplied operational semantic rule	SELECTED_SEMANTICS_BOUNDARY	rule <k> #applyK(toCall(typeV(T:String)),     ACC:Vals) => applyBuiltin(T, ACC)  ... </k>
274	reference-semantics/semantics/call.k	38	rule	priority	supplied operational semantic rule	SELECTED_SEMANTICS_BOUNDARY	rule <k> #applyK(toCall(builtinV(BN:String)), (ref(H:Int), REST:Vals)) => #applyK(toCall(builtinV(BN)), (V, REST)) ... </k> <heap> ... H |-> V:Val ... </heap> [priority(40)]
275	reference-semantics/semantics/call.k	42	rule	priority	supplied operational semantic rule	SELECTED_SEMANTICS_BOUNDARY	rule <k> #applyK(toCall(builtinV(BN:String)), (A:Val, ref(H:Int), REST:Vals)) => #applyK(toCall(builtinV(BN)), (A, V, REST)) ... </k> <heap> ... H |-> V:Val ... </heap> requires notBool isRefV(A) [priority(40)]
276	reference-semantics/semantics/call.k	47	rule	priority	supplied operational semantic rule	SELECTED_SEMANTICS_BOUNDARY	rule <k> #applyK(toCall(typeV(T:String)), (ref(H:Int), REST:Vals)) => #applyK(toCall(typeV(T)), (V, REST)) ... </k> <heap> ... H |-> V:Val ... </heap> [priority(40)]
277	reference-semantics/semantics/call.k	52	syntax	function,total	supplied syntax/declaration	SELECTED_SEMANTICS_BOUNDARY	syntax Bool ::= isMutMethod(String) [function, total]
278	reference-semantics/semantics/call.k	53	rule		supplied equational semantic rule	SELECTED_SEMANTICS_BOUNDARY	rule isMutMethod(M:String) => M ==String "append" orBool M ==String "sort" orBool M ==String "extend" orBool M ==String "insert" orBool M ==String "pop" orBool M ==String "remove"
279	reference-semantics/semantics/call.k	56	rule	priority	supplied operational semantic rule	SELECTED_SEMANTICS_BOUNDARY	rule <k> #applyK(toCall(boundMethodV(ref(H:Int), M:String)), ACC:Vals) => #applyK(toCall(boundMethodV(V, M)), ACC) ... </k> <heap> ... H |-> V:Val ... </heap> requires notBool isMutMethod(M) [priority(40)]
280	reference-semantics/semantics/call.k	63	rule	priority	supplied operational semantic rule	SELECTED_SEMANTICS_BOUNDARY	rule <k> #applyK(toCall(boundMethodV(OBJ:Val, M:String)), (ref(H:Int), REST:Vals)) => #applyK(toCall(boundMethodV(OBJ, M)), (V, REST)) ... </k> <heap> ... H |-> V:Val ... </heap> requires notBool isMutMethod(M) andBool notBool isRefV(OBJ) [priority(40)]
281	reference-semantics/semantics/call.k	69	rule		supplied operational semantic rule	SELECTED_SEMANTICS_BOUNDARY	rule <k> #applyK(toCall(closureVal(PNS:ParamNames, BODY:Stmts, DEFL:Int)), ACC:Vals) ~> CONT => #bindP(PNS, ACC) ~> BODY ~> #endcall </k> <env>     CALLERL:Int => NEWL </env> <scopes>   STORE:Map => STORE [ NEWL <- scope(.Map, parent(DEFL)) ] </scopes> <scopeLoc> NEWL:Int => NEWL +Int 1 </scopeLoc> <stack>   .List => ListItem(frame(CONT, CALLERL, NEWL)) ... </stack>
282	reference-semantics/semantics/call.k	80	rule		supplied operational semantic rule	SELECTED_SEMANTICS_BOUNDARY	rule <k> #applyK(toCall(closureValC(PNS:ParamNames, CVS:ParamNames, BODY:Stmts, CM:Map)), ACC:Vals) ~> CONT => #allocCells(CVS) ~> #bindP(PNS, ACC) ~> BODY ~> #endcall </k> <env>     CALLERL:Int => NEWL </env> <scopes>   STORE:Map => STORE [ NEWL <- scope(CM [ "$cells" <- cellsMark(CVS) ], parent(0)) ] </scopes> <scopeLoc> NEWL:Int => NEWL +Int 1 </scopeLoc> <stack>   .List => ListItem(frame(CONT, CALLERL, NEWL)) ... </stack>
283	reference-semantics/semantics/call.k	87	syntax		supplied syntax/declaration	SELECTED_SEMANTICS_BOUNDARY	syntax KItem ::= #allocCells(ParamNames)
284	reference-semantics/semantics/call.k	88	rule		supplied operational semantic rule	SELECTED_SEMANTICS_BOUNDARY	rule <k> #allocCells(.ParamNames) => .K ... </k>
285	reference-semantics/semantics/call.k	89	rule		supplied operational semantic rule	SELECTED_SEMANTICS_BOUNDARY	rule <k> #allocCells((CV:String, R:ParamNames)) => #allocCells(R) ... </k> <env> L:Int </env> <scopes> ... L |-> scope(M:Map => M [ CV <- cellRef(N) ], _) ... </scopes> <heap>    H:Map => (N |-> cellV(noneV)) H </heap> <heapLoc> N:Int => N +Int 1 </heapLoc> requires notBool N in_keys(H)
286	reference-semantics/semantics/call.k	95	endmodule		module/import plumbing	STRUCTURAL	endmodule
287	reference-semantics/semantics/comprehension.k	3	module		module/import plumbing	STRUCTURAL	module MPY-COMPREHENSION
288	reference-semantics/semantics/comprehension.k	4	imports		module/import plumbing	STRUCTURAL	imports MPY-CORE
289	reference-semantics/semantics/comprehension.k	5	imports		module/import plumbing	STRUCTURAL	imports MPY-OPERATORS
290	reference-semantics/semantics/comprehension.k	6	imports		module/import plumbing	STRUCTURAL	imports MPY-LIST
291	reference-semantics/semantics/comprehension.k	7	imports		module/import plumbing	STRUCTURAL	imports MPY-CONTROLS
292	reference-semantics/semantics/comprehension.k	8	imports		module/import plumbing	STRUCTURAL	imports MPY-FUNCTIONS
293	reference-semantics/semantics/comprehension.k	11	rule		supplied equational semantic rule	SELECTED_SEMANTICS_BOUNDARY	rule ListComp(ELT:Expr, Gs:CompFors) => Call(closureExpr(.ParamNames, compBody(Gs, ELT)), .Exprs)
294	reference-semantics/semantics/comprehension.k	12	rule		supplied equational semantic rule	SELECTED_SEMANTICS_BOUNDARY	rule GenExp(ELT:Expr, Gs:CompFors)   => Call(closureExpr(.ParamNames, compBody(Gs, ELT)), .Exprs)
295	reference-semantics/semantics/comprehension.k	14	syntax		supplied syntax/declaration	SELECTED_SEMANTICS_BOUNDARY	syntax Stmts ::= compBody(CompFors, Expr) [macro]
296	reference-semantics/semantics/comprehension.k	15	rule		supplied equational semantic rule	SELECTED_SEMANTICS_BOUNDARY	rule compBody(Gs:CompFors, ELT:Expr) => Assign(Name("$acc"), ListExpr(.Exprs)) compNest(Gs, ELT) Return(Name("$acc"))
297	reference-semantics/semantics/comprehension.k	18	syntax		supplied syntax/declaration	SELECTED_SEMANTICS_BOUNDARY	syntax Stmt ::= compNest(CompFors, Expr) [macro-rec]
298	reference-semantics/semantics/comprehension.k	19	rule		supplied equational semantic rule	SELECTED_SEMANTICS_BOUNDARY	rule compNest(.CompFors, ELT:Expr) => Assign(Name("$acc"), BinOp("+", Name("$acc"), ListExpr(ELT)))
299	reference-semantics/semantics/comprehension.k	21	rule		supplied equational semantic rule	SELECTED_SEMANTICS_BOUNDARY	rule compNest((CompFor(T:Expr, ITER:Expr, Fs:Exprs) GRest:CompFors), ELT:Expr) => For(T, ITER, If(compGuard(Fs), compNest(GRest, ELT), .Stmts))
300	reference-semantics/semantics/comprehension.k	24	syntax		supplied syntax/declaration	SELECTED_SEMANTICS_BOUNDARY	syntax Expr ::= compGuard(Exprs) [macro]
301	reference-semantics/semantics/comprehension.k	25	rule		supplied equational semantic rule	SELECTED_SEMANTICS_BOUNDARY	rule compGuard(.Exprs)             => Bool(true)
302	reference-semantics/semantics/comprehension.k	26	rule		supplied equational semantic rule	SELECTED_SEMANTICS_BOUNDARY	rule compGuard((F:Expr, Fs:Exprs)) => BoolOp("and", (F, Fs))
303	reference-semantics/semantics/comprehension.k	27	endmodule		module/import plumbing	STRUCTURAL	endmodule
304	reference-semantics/semantics/concrete.k	8	module		module/import plumbing	STRUCTURAL	module MPY-CONCRETE
305	reference-semantics/semantics/concrete.k	9	imports		module/import plumbing	STRUCTURAL	imports MPY
306	reference-semantics/semantics/concrete.k	13	rule		supplied operational semantic rule	SELECTED_SEMANTICS_BOUNDARY	rule <k> Compare(list(A:ValSeq), CmpOp("==", list(B:ValSeq))) => deepEqVS(A, B, HP) ... </k> <heap> HP:Map </heap> requires hasRefVS(A) orBool hasRefVS(B)
307	reference-semantics/semantics/concrete.k	16	rule		supplied operational semantic rule	SELECTED_SEMANTICS_BOUNDARY	rule <k> Compare(list(A:ValSeq), CmpOp("!=", list(B:ValSeq))) => notBool deepEqVS(A, B, HP) ... </k> <heap> HP:Map </heap> requires hasRefVS(A) orBool hasRefVS(B)
308	reference-semantics/semantics/concrete.k	25	syntax		supplied syntax/declaration	SELECTED_SEMANTICS_BOUNDARY	syntax Val ::= kvP(Val, Val)
309	reference-semantics/semantics/concrete.k	26	syntax		supplied syntax/declaration	SELECTED_SEMANTICS_BOUNDARY	syntax KItem ::= #ksort(ValSeq, Val, ValSeq, Bool) | #ksIns(Val, ValSeq, Val, ValSeq, Bool)
310	reference-semantics/semantics/concrete.k	28	rule	priority	supplied operational semantic rule	SELECTED_SEMANTICS_BOUNDARY	rule <k> #applyK(toCall(builtinV("sorted")), (list(VS:ValSeq), kwV("key", KV:Val), .Vals)) => #ksort(VS, KV, .ValSeq, false) ... </k> [priority(40)]
311	reference-semantics/semantics/concrete.k	31	rule	priority	supplied operational semantic rule	SELECTED_SEMANTICS_BOUNDARY	rule <k> #applyK(toCall(builtinV("sorted")), (list(VS:ValSeq), kwV("key", KV:Val), kwV("reverse", RB:Bool), .Vals)) => #ksort(VS, KV, .ValSeq, RB) ... </k> [priority(40)]
312	reference-semantics/semantics/concrete.k	34	rule		supplied operational semantic rule	SELECTED_SEMANTICS_BOUNDARY	rule <k> #ksort(.ValSeq, _:Val, ACC:ValSeq, RB:Bool) => #alloc(list(condRev(unpairVS(ACC), RB))) ... </k>
313	reference-semantics/semantics/concrete.k	36	rule		supplied operational semantic rule	SELECTED_SEMANTICS_BOUNDARY	rule <k> #ksort(vCons(V:Val, R:ValSeq), KV:Val, ACC:ValSeq, RB:Bool) => KV ~> #callee((V, .Exprs)) ~> #ksIns(V, R, KV, ACC, RB) ... </k>
314	reference-semantics/semantics/concrete.k	38	rule		supplied operational semantic rule	SELECTED_SEMANTICS_BOUNDARY	rule <k> K:Val ~> #ksIns(V:Val, R:ValSeq, KV:Val, ACC:ValSeq, RB:Bool) => #ksort(R, KV, insPair(ACC, K, V), RB) ... </k> requires notBool isKwV(K)
315	reference-semantics/semantics/concrete.k	42	syntax	function	supplied syntax/declaration	SELECTED_SEMANTICS_BOUNDARY	syntax ValSeq ::= insPair(ValSeq, Val, Val) [function]
316	reference-semantics/semantics/concrete.k	43	rule		supplied equational semantic rule	SELECTED_SEMANTICS_BOUNDARY	rule insPair(.ValSeq, K:Val, V:Val) => vCons(kvP(K, V), .ValSeq)
317	reference-semantics/semantics/concrete.k	44	rule		supplied equational semantic rule	SELECTED_SEMANTICS_BOUNDARY	rule insPair(vCons(kvP(K2:Val, V2:Val), R:ValSeq), K:Val, V:Val) => vCons(kvP(K, V), vCons(kvP(K2, V2), R)) requires kLt(K, K2)
318	reference-semantics/semantics/concrete.k	47	rule		supplied equational semantic rule	SELECTED_SEMANTICS_BOUNDARY	rule insPair(vCons(kvP(K2:Val, V2:Val), R:ValSeq), K:Val, V:Val) => vCons(kvP(K2, V2), insPair(R, K, V)) requires notBool kLt(K, K2)
319	reference-semantics/semantics/concrete.k	51	syntax	function	supplied syntax/declaration	SELECTED_SEMANTICS_BOUNDARY	syntax Bool ::= kLt(Val, Val) [function]
320	reference-semantics/semantics/concrete.k	52	rule		supplied equational semantic rule	SELECTED_SEMANTICS_BOUNDARY	rule kLt(I1:Int, I2:Int)             => I1 <Int I2
321	reference-semantics/semantics/concrete.k	53	rule		supplied equational semantic rule	SELECTED_SEMANTICS_BOUNDARY	rule kLt(F1:Float, F2:Float)         => F1 <Float F2
322	reference-semantics/semantics/concrete.k	54	rule		supplied equational semantic rule	SELECTED_SEMANTICS_BOUNDARY	rule kLt(str(A:IntSeq), str(B:IntSeq)) => strLt(A, B)
323	reference-semantics/semantics/concrete.k	56	syntax	function,total	supplied syntax/declaration	SELECTED_SEMANTICS_BOUNDARY	syntax ValSeq ::= unpairVS(ValSeq) [function, total]
324	reference-semantics/semantics/concrete.k	57	rule		supplied equational semantic rule	SELECTED_SEMANTICS_BOUNDARY	rule unpairVS(.ValSeq) => .ValSeq
325	reference-semantics/semantics/concrete.k	58	rule		supplied equational semantic rule	SELECTED_SEMANTICS_BOUNDARY	rule unpairVS(vCons(kvP(_:Val, V:Val), R:ValSeq)) => vCons(V, unpairVS(R))
326	reference-semantics/semantics/concrete.k	59	rule	owise	supplied equational semantic rule	SELECTED_SEMANTICS_BOUNDARY	rule unpairVS(vCons(V:Val, R:ValSeq)) => vCons(V, unpairVS(R)) [owise]
327	reference-semantics/semantics/concrete.k	60	endmodule		module/import plumbing	STRUCTURAL	endmodule
328	reference-semantics/semantics/controls.k	3	module		module/import plumbing	STRUCTURAL	module MPY-CONTROLS
329	reference-semantics/semantics/controls.k	4	imports		module/import plumbing	STRUCTURAL	imports MPY-CORE
330	reference-semantics/semantics/controls.k	5	imports		module/import plumbing	STRUCTURAL	imports MPY-TUPLE
331	reference-semantics/semantics/controls.k	6	imports		module/import plumbing	STRUCTURAL	imports MPY-ITER
332	reference-semantics/semantics/controls.k	9	rule		supplied operational semantic rule	SELECTED_SEMANTICS_BOUNDARY	rule <k> Assign(Name(X:String), V:Val) => .K ... </k> <env> L:Int </env> <scopes> ... L |-> scope(M:Map => M [ X <- V ], _) ... </scopes>
333	reference-semantics/semantics/controls.k	12	rule	priority	supplied operational semantic rule	SELECTED_SEMANTICS_BOUNDARY	rule <k> Assign(Name(X:String), V:Val) => #cellW({M[X]}:>Val, V) ... </k> <env> L:Int </env> <scopes> ... L |-> scope(M:Map, _) ... </scopes> requires "$cells" in_keys(M) andBool pnMember(X, cellsOf({M["$cells"]}:>Val)) andBool X in_keys(M) andBool isCellRef({M[X]}:>Val) [priority(40)]
334	reference-semantics/semantics/controls.k	20	rule		supplied operational semantic rule	SELECTED_SEMANTICS_BOUNDARY	rule <k> AugAssign(Name(X:String), OP:String, V:Val) => .K ... </k> <env> L:Int </env> <scopes> ... L |-> scope(M:Map => M [ X <- applyBin(OP, {M[X]}:>Val, V) ], _) ... </scopes> requires X in_keys(M)
335	reference-semantics/semantics/controls.k	27	rule	priority	supplied operational semantic rule	SELECTED_SEMANTICS_BOUNDARY	rule <k> AugAssign(Name(X:String), OP:String, V:Val) => Assign(Name(X), BinOp(OP, Name(X), V)) ... </k> <env> L:Int </env> <scopes> ... L |-> scope(M:Map, _) ... </scopes> requires X in_keys(M) andBool isRefV({M[X]}:>Val) [priority(40)]
336	reference-semantics/semantics/controls.k	35	rule		supplied operational semantic rule	SELECTED_SEMANTICS_BOUNDARY	rule <k> ImportFrom("math", NS:ParamNames) => #bindImports(NS) ... </k>
337	reference-semantics/semantics/controls.k	36	rule	owise	supplied operational semantic rule	SELECTED_SEMANTICS_BOUNDARY	rule <k> ImportFrom(_:String, _:ParamNames) => .K ... </k> [owise]
338	reference-semantics/semantics/controls.k	37	syntax		supplied syntax/declaration	SELECTED_SEMANTICS_BOUNDARY	syntax KItem ::= #bindImports(ParamNames)
339	reference-semantics/semantics/controls.k	38	rule		supplied operational semantic rule	SELECTED_SEMANTICS_BOUNDARY	rule <k> #bindImports(.ParamNames) => .K ... </k>
340	reference-semantics/semantics/controls.k	39	rule		supplied operational semantic rule	SELECTED_SEMANTICS_BOUNDARY	rule <k> #bindImports((N:String, NS:ParamNames)) => #bindImports(NS) ... </k> <env> L:Int </env> <scopes> ... L |-> scope(M:Map => M [ N <- builtinV(N) ], _) ... </scopes> requires N ==String "floor" orBool N ==String "ceil"
341	reference-semantics/semantics/controls.k	43	rule		supplied operational semantic rule	SELECTED_SEMANTICS_BOUNDARY	rule <k> #bindImports((N:String, NS:ParamNames)) => #bindImports(NS) ... </k> requires notBool (N ==String "floor" orBool N ==String "ceil")
342	reference-semantics/semantics/controls.k	48	rule		supplied operational semantic rule	SELECTED_SEMANTICS_BOUNDARY	rule <k> Expr(_:Val) => .K ... </k>
343	reference-semantics/semantics/controls.k	51	syntax		supplied syntax/declaration	SELECTED_SEMANTICS_BOUNDARY	syntax KItem ::= #branch(Bool, Stmts, Stmts)
344	reference-semantics/semantics/controls.k	52	rule		supplied operational semantic rule	SELECTED_SEMANTICS_BOUNDARY	rule <k> If(C:Val, T:Stmts, E:Stmts) => #branch(truthy(C), T, E) ... </k>
345	reference-semantics/semantics/controls.k	53	rule		supplied operational semantic rule	SELECTED_SEMANTICS_BOUNDARY	rule <k> #branch(true,  T:Stmts, _:Stmts) => T ... </k>
346	reference-semantics/semantics/controls.k	54	rule		supplied operational semantic rule	SELECTED_SEMANTICS_BOUNDARY	rule <k> #branch(false, _:Stmts, E:Stmts) => E ... </k>
347	reference-semantics/semantics/controls.k	57	rule		supplied operational semantic rule	SELECTED_SEMANTICS_BOUNDARY	rule <k> IfExp(V:Val, T:Expr, _:Expr) => T ... </k> requires truthy(V)
348	reference-semantics/semantics/controls.k	59	rule		supplied operational semantic rule	SELECTED_SEMANTICS_BOUNDARY	rule <k> IfExp(V:Val, _:Expr, E:Expr) => E ... </k> requires notBool truthy(V)
349	reference-semantics/semantics/controls.k	65	syntax		supplied syntax/declaration	SELECTED_SEMANTICS_BOUNDARY	syntax KItem ::= #loop(Val, Expr, Stmts) | #loopStep(Expr, Stmts) | #while(Expr, Stmts) | #whileCond(Expr, Stmts) | #loopLbl(K) | "#cont" | "#brk"
350	reference-semantics/semantics/controls.k	69	rule		supplied operational semantic rule	SELECTED_SEMANTICS_BOUNDARY	rule <k> For(T:Expr, OBJ:Val, B:Stmts) => #loop(OBJ, T, B) ... </k>
351	reference-semantics/semantics/controls.k	71	rule		supplied operational semantic rule	SELECTED_SEMANTICS_BOUNDARY	rule <k> #loop(IT:Iterable, T:Expr, B:Stmts) => #iterNext(IT) ~> #loopStep(T, B) ... </k>
352	reference-semantics/semantics/controls.k	72	rule		supplied operational semantic rule	SELECTED_SEMANTICS_BOUNDARY	rule <k> #iterDone ~> #loopStep(_:Expr, _:Stmts) => .K ... </k>
353	reference-semantics/semantics/controls.k	73	rule		supplied operational semantic rule	SELECTED_SEMANTICS_BOUNDARY	rule <k> #iterYield(V:Val, REST:Iterable) ~> #loopStep(T:Expr, B:Stmts) => #bindTgt(T, V) ~> B ~> #loopLbl(#loop(REST, T, B)) ... </k>
354	reference-semantics/semantics/controls.k	77	rule		supplied operational semantic rule	SELECTED_SEMANTICS_BOUNDARY	rule <k> While(C:Expr, B:Stmts) => #while(C, B) ... </k>
355	reference-semantics/semantics/controls.k	78	rule		supplied operational semantic rule	SELECTED_SEMANTICS_BOUNDARY	rule <k> #while(C:Expr, B:Stmts) => C ~> #whileCond(C, B) ... </k>
356	reference-semantics/semantics/controls.k	79	rule		supplied operational semantic rule	SELECTED_SEMANTICS_BOUNDARY	rule <k> V:Val ~> #whileCond(C:Expr, B:Stmts) => B ~> #loopLbl(#while(C, B)) ... </k> requires truthy(V)
357	reference-semantics/semantics/controls.k	81	rule		supplied operational semantic rule	SELECTED_SEMANTICS_BOUNDARY	rule <k> V:Val ~> #whileCond(_C:Expr, _B:Stmts) => .K ... </k> requires notBool truthy(V)
358	reference-semantics/semantics/controls.k	85	rule		supplied operational semantic rule	SELECTED_SEMANTICS_BOUNDARY	rule <k> #loopLbl(NEXT:K) => NEXT ... </k>
359	reference-semantics/semantics/controls.k	86	rule		supplied operational semantic rule	SELECTED_SEMANTICS_BOUNDARY	rule <k> Continue => #cont ... </k>
360	reference-semantics/semantics/controls.k	87	rule		supplied operational semantic rule	SELECTED_SEMANTICS_BOUNDARY	rule <k> Break => #brk ... </k>
361	reference-semantics/semantics/controls.k	88	rule		supplied operational semantic rule	SELECTED_SEMANTICS_BOUNDARY	rule <k> #cont ~> #loopLbl(NEXT:K) => NEXT ... </k>
362	reference-semantics/semantics/controls.k	89	rule	owise	supplied operational semantic rule	SELECTED_SEMANTICS_BOUNDARY	rule <k> #cont ~> (_:KItem => .K) ... </k> [owise]
363	reference-semantics/semantics/controls.k	90	rule		supplied operational semantic rule	SELECTED_SEMANTICS_BOUNDARY	rule <k> #brk ~> #loopLbl(_:K) => .K ... </k>
364	reference-semantics/semantics/controls.k	91	rule	owise	supplied operational semantic rule	SELECTED_SEMANTICS_BOUNDARY	rule <k> #brk ~> (_:KItem => .K) ... </k> [owise]
365	reference-semantics/semantics/controls.k	95	rule	priority	supplied operational semantic rule	SELECTED_SEMANTICS_BOUNDARY	rule <k> If(ref(H:Int), T:Stmts, E:Stmts) => If(V, T, E) ... </k> <heap> ... H |-> V:Val ... </heap> [priority(40)]
366	reference-semantics/semantics/controls.k	98	rule	priority	supplied operational semantic rule	SELECTED_SEMANTICS_BOUNDARY	rule <k> IfExp(ref(H:Int), T:Expr, E:Expr) => IfExp(V, T, E) ... </k> <heap> ... H |-> V:Val ... </heap> [priority(40)]
367	reference-semantics/semantics/controls.k	101	rule	priority	supplied operational semantic rule	SELECTED_SEMANTICS_BOUNDARY	rule <k> ref(H:Int) ~> #whileCond(C:Expr, B:Stmts) => V ~> #whileCond(C, B) ... </k> <heap> ... H |-> V:Val ... </heap> [priority(40)]
368	reference-semantics/semantics/controls.k	106	rule	priority	supplied operational semantic rule	SELECTED_SEMANTICS_BOUNDARY	rule <k> For(T:Expr, ref(H:Int), B:Stmts) => For(T, V, B) ... </k> <heap> ... H |-> V:Val ... </heap> [priority(40)]
369	reference-semantics/semantics/controls.k	109	endmodule		module/import plumbing	STRUCTURAL	endmodule
370	reference-semantics/semantics/core.k	3	module		module/import plumbing	STRUCTURAL	module MPY-CORE
371	reference-semantics/semantics/core.k	4	imports		module/import plumbing	STRUCTURAL	imports MPY-SYNTAX
372	reference-semantics/semantics/core.k	5	imports		module/import plumbing	STRUCTURAL	imports INT
373	reference-semantics/semantics/core.k	6	imports		module/import plumbing	STRUCTURAL	imports BOOL
374	reference-semantics/semantics/core.k	7	imports		module/import plumbing	STRUCTURAL	imports STRING
375	reference-semantics/semantics/core.k	8	imports		module/import plumbing	STRUCTURAL	imports MAP
376	reference-semantics/semantics/core.k	9	imports		module/import plumbing	STRUCTURAL	imports LIST
377	reference-semantics/semantics/core.k	10	imports		module/import plumbing	STRUCTURAL	imports K-EQUAL
378	reference-semantics/semantics/core.k	13	syntax		supplied syntax/declaration	SELECTED_SEMANTICS_BOUNDARY	syntax IntSeq ::= ".IntSeq" | iCons(Int, IntSeq)
379	reference-semantics/semantics/core.k	14	syntax		supplied syntax/declaration	SELECTED_SEMANTICS_BOUNDARY	syntax ValSeq ::= ".ValSeq" | vCons(Val, ValSeq)
380	reference-semantics/semantics/core.k	15	syntax		supplied syntax/declaration	SELECTED_SEMANTICS_BOUNDARY	syntax Str    ::= str(IntSeq)
381	reference-semantics/semantics/core.k	18	syntax		supplied syntax/declaration	SELECTED_SEMANTICS_BOUNDARY	syntax Iterable ::= list(ValSeq) | tuple(ValSeq) | Str | rangeObj(Int, Int, Int) | zipObj(ValSeq, ValSeq) | zipObjS(IntSeq, IntSeq)
382	reference-semantics/semantics/core.k	25	syntax		supplied syntax/declaration	SELECTED_SEMANTICS_BOUNDARY	syntax Val      ::= Int | Bool | "noneV" | Iterable | ref(Int) | cellRef(Int) | closureVal(ParamNames, Stmts, Int) | typeV(String) | builtinV(String) | boundMethodV(Val, String)
383	reference-semantics/semantics/core.k	36	syntax		supplied syntax/declaration	SELECTED_SEMANTICS_BOUNDARY	syntax Parent   ::= "root" | parent(Int)
384	reference-semantics/semantics/core.k	37	syntax		supplied syntax/declaration	SELECTED_SEMANTICS_BOUNDARY	syntax Scope    ::= scope(Map, Parent)
385	reference-semantics/semantics/core.k	38	syntax		supplied syntax/declaration	SELECTED_SEMANTICS_BOUNDARY	syntax KResult  ::= Val
386	reference-semantics/semantics/core.k	39	syntax		supplied syntax/declaration	SELECTED_SEMANTICS_BOUNDARY	syntax Expr     ::= Val
387	reference-semantics/semantics/core.k	40	syntax		supplied syntax/declaration	SELECTED_SEMANTICS_BOUNDARY	syntax Vals     ::= List{Val, ","}
388	reference-semantics/semantics/core.k	41	syntax		supplied syntax/declaration	SELECTED_SEMANTICS_BOUNDARY	syntax Exc      ::= "NoExc" | "AssertionError"
389	reference-semantics/semantics/core.k	42	syntax		supplied syntax/declaration	SELECTED_SEMANTICS_BOUNDARY	syntax RetState ::= "noRet" | retV(Val)
390	reference-semantics/semantics/core.k	49	configuration		supplied configuration	SELECTED_SEMANTICS_BOUNDARY	configuration <k>       #loadAll($PGM:Module) </k> <env>     0 </env> <scopes>   0     |-> scope(.Map, parent(-1)) -1    |-> builtinsScope </scopes> <scopeLoc> 1 </scopeLoc> <heap>    .Map </heap> <heapLoc> 0 </heapLoc> <stack>   .List </stack> <ret>     noRet </ret> <exc>     NoExc </exc> <exit-code exit=""> 0 </exit-code>
391	reference-semantics/semantics/core.k	68	syntax	function,total	supplied syntax/declaration	SELECTED_SEMANTICS_BOUNDARY	syntax Bool ::= isRefV(Val) [function, total]
392	reference-semantics/semantics/core.k	69	rule		supplied equational semantic rule	SELECTED_SEMANTICS_BOUNDARY	rule isRefV(ref(_:Int)) => true
393	reference-semantics/semantics/core.k	70	rule	owise	supplied equational semantic rule	SELECTED_SEMANTICS_BOUNDARY	rule isRefV(_:Val)      => false [owise]
394	reference-semantics/semantics/core.k	75	syntax		supplied syntax/declaration	SELECTED_SEMANTICS_BOUNDARY	syntax HeapVal ::= cellV(Val)
395	reference-semantics/semantics/core.k	76	syntax	function,total	supplied syntax/declaration	SELECTED_SEMANTICS_BOUNDARY	syntax Bool ::= isCellRef(Val) [function, total]
396	reference-semantics/semantics/core.k	77	rule		supplied equational semantic rule	SELECTED_SEMANTICS_BOUNDARY	rule isCellRef(cellRef(_:Int)) => true
397	reference-semantics/semantics/core.k	78	rule	owise	supplied equational semantic rule	SELECTED_SEMANTICS_BOUNDARY	rule isCellRef(_:Val)          => false [owise]
398	reference-semantics/semantics/core.k	85	rule	priority	supplied operational semantic rule	SELECTED_SEMANTICS_BOUNDARY	rule <k> cellRef(H:Int) => V ... </k> <env> L:Int </env> <scopes> ... L |-> scope(M:Map, _) ... </scopes> <heap> ... H |-> cellV(V:Val) ... </heap> requires "$cells" in_keys(M) [priority(40)]
399	reference-semantics/semantics/core.k	95	syntax		supplied syntax/declaration	SELECTED_SEMANTICS_BOUNDARY	syntax Val ::= kwV(String, Val)
400	reference-semantics/semantics/core.k	96	syntax		supplied syntax/declaration	SELECTED_SEMANTICS_BOUNDARY	syntax KItem ::= #kwTag(String)
401	reference-semantics/semantics/core.k	97	rule		supplied operational semantic rule	SELECTED_SEMANTICS_BOUNDARY	rule <k> KwArg(N:String, E:Expr) => E ~> #kwTag(N) ... </k>
402	reference-semantics/semantics/core.k	98	rule		supplied operational semantic rule	SELECTED_SEMANTICS_BOUNDARY	rule <k> V:Val ~> #kwTag(N:String) => kwV(N, V) ... </k> requires notBool isKwV(V)
403	reference-semantics/semantics/core.k	100	syntax	function,total	supplied syntax/declaration	SELECTED_SEMANTICS_BOUNDARY	syntax Bool ::= isKwV(Val) [function, total]
404	reference-semantics/semantics/core.k	101	rule		supplied equational semantic rule	SELECTED_SEMANTICS_BOUNDARY	rule isKwV(kwV(_:String, _:Val)) => true
405	reference-semantics/semantics/core.k	102	rule	owise	supplied equational semantic rule	SELECTED_SEMANTICS_BOUNDARY	rule isKwV(_:Val)                => false [owise]
406	reference-semantics/semantics/core.k	106	syntax		supplied syntax/declaration	SELECTED_SEMANTICS_BOUNDARY	syntax Val ::= cellsMark(ParamNames)
407	reference-semantics/semantics/core.k	107	syntax	function	supplied syntax/declaration	SELECTED_SEMANTICS_BOUNDARY	syntax ParamNames ::= cellsOf(Val) [function]
408	reference-semantics/semantics/core.k	108	rule		supplied equational semantic rule	SELECTED_SEMANTICS_BOUNDARY	rule cellsOf(cellsMark(CVS:ParamNames)) => CVS
409	reference-semantics/semantics/core.k	109	syntax	function,total	supplied syntax/declaration	SELECTED_SEMANTICS_BOUNDARY	syntax Bool ::= pnMember(String, ParamNames) [function, total]
410	reference-semantics/semantics/core.k	110	rule		supplied equational semantic rule	SELECTED_SEMANTICS_BOUNDARY	rule pnMember(_:String, .ParamNames) => false
411	reference-semantics/semantics/core.k	111	rule		supplied equational semantic rule	SELECTED_SEMANTICS_BOUNDARY	rule pnMember(X:String, (P:String, R:ParamNames)) => X ==String P orBool pnMember(X, R)
412	reference-semantics/semantics/core.k	113	syntax		supplied syntax/declaration	SELECTED_SEMANTICS_BOUNDARY	syntax KItem ::= #cellW(Val, Val)
413	reference-semantics/semantics/core.k	114	rule		supplied operational semantic rule	SELECTED_SEMANTICS_BOUNDARY	rule <k> #cellW(cellRef(H:Int), V:Val) => .K ... </k> <heap> ... H |-> cellV(_:Val => V) ... </heap>
414	reference-semantics/semantics/core.k	117	syntax		supplied syntax/declaration	SELECTED_SEMANTICS_BOUNDARY	syntax KItem ::= #alloc(Val)
415	reference-semantics/semantics/core.k	118	rule		supplied operational semantic rule	SELECTED_SEMANTICS_BOUNDARY	rule <k> #alloc(V:Val) => ref(N) ... </k> <heap>    H:Map => (N |-> V) H </heap> <heapLoc> N:Int => N +Int 1 </heapLoc> requires notBool N in_keys(H)
416	reference-semantics/semantics/core.k	124	syntax		supplied syntax/declaration	SELECTED_SEMANTICS_BOUNDARY	syntax KItem ::= #loadAll(Module)
417	reference-semantics/semantics/core.k	125	rule		supplied operational semantic rule	SELECTED_SEMANTICS_BOUNDARY	rule <k> #loadAll(Module(SS:Stmts)) => SS ... </k>
418	reference-semantics/semantics/core.k	126	rule		supplied operational semantic rule	SELECTED_SEMANTICS_BOUNDARY	rule <k> (S:Stmt SS:Stmts):Stmts => S ~> SS ... </k>
419	reference-semantics/semantics/core.k	127	rule		supplied operational semantic rule	SELECTED_SEMANTICS_BOUNDARY	rule <k> .Stmts => .K ... </k>
420	reference-semantics/semantics/core.k	130	syntax		supplied syntax/declaration	SELECTED_SEMANTICS_BOUNDARY	syntax KItem ::= #look(String, Int)
421	reference-semantics/semantics/core.k	131	rule		supplied operational semantic rule	SELECTED_SEMANTICS_BOUNDARY	rule <k> Name(X:String) => #look(X, L) ... </k> <env> L:Int </env>
422	reference-semantics/semantics/core.k	132	rule		supplied operational semantic rule	SELECTED_SEMANTICS_BOUNDARY	rule <k> #look(X:String, L:Int) => {M[X]}:>Val ... </k> <scopes> ... L |-> scope(M:Map, _:Parent) ... </scopes> requires X in_keys(M)
423	reference-semantics/semantics/core.k	145	rule	priority	supplied operational semantic rule	SELECTED_SEMANTICS_BOUNDARY	rule <k> #look(X:String, L:Int) => V ... </k> <scopes> ... L |-> scope(M:Map, _:Parent) ... </scopes> <heap> ... H |-> cellV(V:Val) ... </heap> requires X in_keys(M) andBool "$cells" in_keys(M) andBool pnMember(X, cellsOf({M["$cells"]}:>Val)) andBool {M[X]}:>Val ==K cellRef(H) [priority(40)]
424	reference-semantics/semantics/core.k	152	rule		supplied operational semantic rule	SELECTED_SEMANTICS_BOUNDARY	rule <k> #look(X:String, L:Int) => #look(X, P) ... </k> <scopes> ... L |-> scope(M:Map, parent(P:Int)) ... </scopes> requires notBool (X in_keys(M))
425	reference-semantics/semantics/core.k	157	syntax	function,total	supplied syntax/declaration	SELECTED_SEMANTICS_BOUNDARY	syntax Scope ::= "builtinsScope" [function, total]
426	reference-semantics/semantics/core.k	158	rule		supplied equational semantic rule	SELECTED_SEMANTICS_BOUNDARY	rule builtinsScope => scope(.Map [ "len"    <- builtinV("len")    ] [ "set"    <- builtinV("set")    ] [ "sum"    <- builtinV("sum")    ] [ "abs"    <- builtinV("abs")    ] [ "min"    <- builtinV("min")    ] [ "max"    <- builtinV("max")    ] [ "ord"    <- builtinV("ord")    ] [ "chr"    <- builtinV("chr")    ] [ "range"  <- builtinV("range")  ] [ "all"    <- builtinV("all")    ] [ "any"    <- builtinV("any")    ] [ "zip"    <- builtinV("zip")    ] [ "isinstance" <- builtinV("isinstance") ] [ "sorted" <- builtinV("sorted") ] [ "list"   <- builtinV("list")   ] [ "round"  <- builtinV("round")  ] [ "bin"    <- builtinV("bin")    ] [ "enumerate" <- builtinV("enumerate") ] [ "map"    <- builtinV("map")    ] [ "eval"   <- builtinV("eval")   ] [ "int"    <- typeV("int")       ] [ "str"    <- typeV("str")       ] [ "float"  <- typeV("float")     ], root)
427	reference-semantics/semantics/core.k	185	syntax		supplied syntax/declaration	SELECTED_SEMANTICS_BOUNDARY	syntax ApplyK ::= toCall(Val)
428	reference-semantics/semantics/core.k	186	syntax		supplied syntax/declaration	SELECTED_SEMANTICS_BOUNDARY	syntax KItem  ::= #evalArgs(Exprs, Vals, ApplyK) | #evalArgCont(Exprs, Vals, ApplyK) | #applyK(ApplyK, Vals)
429	reference-semantics/semantics/core.k	189	rule		supplied operational semantic rule	SELECTED_SEMANTICS_BOUNDARY	rule <k> #evalArgs((A:Expr, REST:Exprs), ACC:Vals, K:ApplyK) => A ~> #evalArgCont(REST, ACC, K) ... </k>
430	reference-semantics/semantics/core.k	190	rule		supplied operational semantic rule	SELECTED_SEMANTICS_BOUNDARY	rule <k> V:Val ~> #evalArgCont(REST:Exprs, ACC:Vals, K:ApplyK) => #evalArgs(REST, appendVal(ACC, V), K) ... </k>
431	reference-semantics/semantics/core.k	191	rule		supplied operational semantic rule	SELECTED_SEMANTICS_BOUNDARY	rule <k> #evalArgs(.Exprs, ACC:Vals, K:ApplyK) => #applyK(K, ACC) ... </k>
432	reference-semantics/semantics/core.k	194	rule		supplied operational semantic rule	SELECTED_SEMANTICS_BOUNDARY	rule <k> Int(I:Int)   => I ... </k>
433	reference-semantics/semantics/core.k	195	rule		supplied operational semantic rule	SELECTED_SEMANTICS_BOUNDARY	rule <k> Bool(B:Bool) => B ... </k>
434	reference-semantics/semantics/core.k	196	rule		supplied operational semantic rule	SELECTED_SEMANTICS_BOUNDARY	rule <k> NoneVal      => noneV ... </k>
435	reference-semantics/semantics/core.k	199	syntax	function	supplied syntax/declaration	SELECTED_SEMANTICS_BOUNDARY	syntax Bool ::= truthy(Val) [function]
436	reference-semantics/semantics/core.k	200	rule		supplied equational semantic rule	SELECTED_SEMANTICS_BOUNDARY	rule truthy(B:Bool)          => B
437	reference-semantics/semantics/core.k	201	rule		supplied equational semantic rule	SELECTED_SEMANTICS_BOUNDARY	rule truthy(noneV)           => false
438	reference-semantics/semantics/core.k	202	rule		supplied equational semantic rule	SELECTED_SEMANTICS_BOUNDARY	rule truthy(I:Int)           => I =/=Int 0
439	reference-semantics/semantics/core.k	203	rule		supplied equational semantic rule	SELECTED_SEMANTICS_BOUNDARY	rule truthy(str(S:IntSeq))   => notBool (S ==K .IntSeq)
440	reference-semantics/semantics/core.k	204	rule		supplied equational semantic rule	SELECTED_SEMANTICS_BOUNDARY	rule truthy(list(V:ValSeq))  => notBool (V ==K .ValSeq)
441	reference-semantics/semantics/core.k	205	rule		supplied equational semantic rule	SELECTED_SEMANTICS_BOUNDARY	rule truthy(tuple(V:ValSeq)) => notBool (V ==K .ValSeq)
442	reference-semantics/semantics/core.k	208	syntax	function	supplied syntax/declaration	SELECTED_SEMANTICS_BOUNDARY	syntax Val  ::= applyUn(String, Val) [function]
443	reference-semantics/semantics/core.k	209	syntax	function	supplied syntax/declaration	SELECTED_SEMANTICS_BOUNDARY	syntax Val  ::= applyBin(String, Val, Val) [function]
444	reference-semantics/semantics/core.k	210	syntax	function	supplied syntax/declaration	SELECTED_SEMANTICS_BOUNDARY	syntax Bool ::= applyCmp(String, Val, Val) [function]
445	reference-semantics/semantics/core.k	213	syntax	function,total	supplied syntax/declaration	SELECTED_SEMANTICS_BOUNDARY	syntax Vals ::= appendVal(Vals, Val) [function, total]
446	reference-semantics/semantics/core.k	214	rule		supplied equational semantic rule	SELECTED_SEMANTICS_BOUNDARY	rule appendVal(.Vals, V:Val)              => V , .Vals
447	reference-semantics/semantics/core.k	215	rule		supplied equational semantic rule	SELECTED_SEMANTICS_BOUNDARY	rule appendVal((V0:Val, VS:Vals), V:Val)  => V0 , appendVal(VS, V)
448	reference-semantics/semantics/core.k	217	syntax	function,total	supplied syntax/declaration	SELECTED_SEMANTICS_BOUNDARY	syntax ValSeq ::= vals2valSeq(Vals) [function, total]
449	reference-semantics/semantics/core.k	218	rule		supplied equational semantic rule	SELECTED_SEMANTICS_BOUNDARY	rule vals2valSeq(.Vals)            => .ValSeq
450	reference-semantics/semantics/core.k	219	rule		supplied equational semantic rule	SELECTED_SEMANTICS_BOUNDARY	rule vals2valSeq((V:Val, VS:Vals)) => vCons(V, vals2valSeq(VS))
451	reference-semantics/semantics/core.k	223	syntax	function,total	supplied syntax/declaration	SELECTED_SEMANTICS_BOUNDARY	syntax Int ::= vsLen(ValSeq) [function, total]
452	reference-semantics/semantics/core.k	224	rule		supplied equational semantic rule	SELECTED_SEMANTICS_BOUNDARY	rule vsLen(.ValSeq)                => 0
453	reference-semantics/semantics/core.k	225	rule		supplied equational semantic rule	SELECTED_SEMANTICS_BOUNDARY	rule vsLen(vCons(_:Val, S:ValSeq)) => 1 +Int vsLen(S)
454	reference-semantics/semantics/core.k	227	syntax	function,total	supplied syntax/declaration	SELECTED_SEMANTICS_BOUNDARY	syntax Int ::= isLen(IntSeq) [function, total]
455	reference-semantics/semantics/core.k	228	rule		supplied equational semantic rule	SELECTED_SEMANTICS_BOUNDARY	rule isLen(.IntSeq)                => 0
456	reference-semantics/semantics/core.k	229	rule		supplied equational semantic rule	SELECTED_SEMANTICS_BOUNDARY	rule isLen(iCons(_:Int, S:IntSeq)) => 1 +Int isLen(S)
457	reference-semantics/semantics/core.k	233	syntax	function,total	supplied syntax/declaration	SELECTED_SEMANTICS_BOUNDARY	syntax ValSeq ::= setVSAt(ValSeq, Int, Val) [function, total]
458	reference-semantics/semantics/core.k	234	rule		supplied equational semantic rule	SELECTED_SEMANTICS_BOUNDARY	rule setVSAt(.ValSeq, _:Int, _:Val)               => .ValSeq
459	reference-semantics/semantics/core.k	235	rule		supplied equational semantic rule	SELECTED_SEMANTICS_BOUNDARY	rule setVSAt(vCons(_:Val, S:ValSeq), 0, V:Val)    => vCons(V, S)
460	reference-semantics/semantics/core.k	236	rule		supplied equational semantic rule	SELECTED_SEMANTICS_BOUNDARY	rule setVSAt(vCons(W:Val, S:ValSeq), I:Int, V:Val) => vCons(W, setVSAt(S, I -Int 1, V)) requires I >Int 0
461	reference-semantics/semantics/core.k	238	rule		supplied equational semantic rule	SELECTED_SEMANTICS_BOUNDARY	rule setVSAt(VS:ValSeq, I:Int, _:Val)             => VS requires I <Int 0
462	reference-semantics/semantics/core.k	240	endmodule		module/import plumbing	STRUCTURAL	endmodule
463	reference-semantics/semantics/dict.k	13	module		module/import plumbing	STRUCTURAL	module MPY-DICT
464	reference-semantics/semantics/dict.k	14	imports		module/import plumbing	STRUCTURAL	imports MPY-CORE
465	reference-semantics/semantics/dict.k	15	imports		module/import plumbing	STRUCTURAL	imports MPY-ITER
466	reference-semantics/semantics/dict.k	16	imports		module/import plumbing	STRUCTURAL	imports MPY-METHODS
467	reference-semantics/semantics/dict.k	17	imports		module/import plumbing	STRUCTURAL	imports MPY-LIST
468	reference-semantics/semantics/dict.k	20	syntax		supplied syntax/declaration	SELECTED_SEMANTICS_BOUNDARY	syntax Val ::= dictV(ValSeq, ValSeq)
469	reference-semantics/semantics/dict.k	23	syntax		supplied syntax/declaration	SELECTED_SEMANTICS_BOUNDARY	syntax KItem ::= #dictAcc(Entries, ValSeq, ValSeq) | #dictKey(Expr, Entries, ValSeq, ValSeq) | #dictVal(Val, Entries, ValSeq, ValSeq)
470	reference-semantics/semantics/dict.k	26	rule		supplied operational semantic rule	SELECTED_SEMANTICS_BOUNDARY	rule <k> DictExpr(ES:Entries) => #dictAcc(ES, .ValSeq, .ValSeq) ... </k>
471	reference-semantics/semantics/dict.k	27	rule		supplied operational semantic rule	SELECTED_SEMANTICS_BOUNDARY	rule <k> #dictAcc(.Entries, KS:ValSeq, VS:ValSeq) => dictV(KS, VS) ... </k>
472	reference-semantics/semantics/dict.k	28	rule		supplied operational semantic rule	SELECTED_SEMANTICS_BOUNDARY	rule <k> #dictAcc((Entry(K:Expr, V:Expr), REST:Entries), KS:ValSeq, VS:ValSeq) => K ~> #dictKey(V, REST, KS, VS) ... </k>
473	reference-semantics/semantics/dict.k	30	rule		supplied operational semantic rule	SELECTED_SEMANTICS_BOUNDARY	rule <k> KV:Val ~> #dictKey(V:Expr, REST:Entries, KS:ValSeq, VS:ValSeq) => V ~> #dictVal(KV, REST, KS, VS) ... </k>
474	reference-semantics/semantics/dict.k	32	rule		supplied operational semantic rule	SELECTED_SEMANTICS_BOUNDARY	rule <k> VV:Val ~> #dictVal(KV:Val, REST:Entries, KS:ValSeq, VS:ValSeq) => #dictAcc(REST, dPutK(KS, KV), dPutV(KS, VS, KV, VV)) ... </k>
475	reference-semantics/semantics/dict.k	37	syntax	function,total	supplied syntax/declaration	SELECTED_SEMANTICS_BOUNDARY	syntax Bool ::= dHasKey(ValSeq, Val) [function, total]
476	reference-semantics/semantics/dict.k	38	rule		supplied equational semantic rule	SELECTED_SEMANTICS_BOUNDARY	rule dHasKey(.ValSeq, _:Val)                => false
477	reference-semantics/semantics/dict.k	39	rule		supplied equational semantic rule	SELECTED_SEMANTICS_BOUNDARY	rule dHasKey(vCons(A:Val, _:ValSeq), K:Val) => true          requires A ==K K
478	reference-semantics/semantics/dict.k	40	rule		supplied equational semantic rule	SELECTED_SEMANTICS_BOUNDARY	rule dHasKey(vCons(A:Val, R:ValSeq), K:Val) => dHasKey(R, K) requires notBool (A ==K K)
479	reference-semantics/semantics/dict.k	43	syntax	function,total	supplied syntax/declaration	SELECTED_SEMANTICS_BOUNDARY	syntax ValSeq ::= dPutK(ValSeq, Val) [function, total]
480	reference-semantics/semantics/dict.k	44	rule		supplied equational semantic rule	SELECTED_SEMANTICS_BOUNDARY	rule dPutK(KS:ValSeq, K:Val) => KS                                  requires dHasKey(KS, K)
481	reference-semantics/semantics/dict.k	45	rule		supplied equational semantic rule	SELECTED_SEMANTICS_BOUNDARY	rule dPutK(KS:ValSeq, K:Val) => valSeqConcat(KS, vCons(K, .ValSeq)) requires notBool dHasKey(KS, K)
482	reference-semantics/semantics/dict.k	49	syntax	function,total	supplied syntax/declaration	SELECTED_SEMANTICS_BOUNDARY	syntax ValSeq ::= dPutV(ValSeq, ValSeq, Val, Val) [function, total]
483	reference-semantics/semantics/dict.k	50	rule		supplied equational semantic rule	SELECTED_SEMANTICS_BOUNDARY	rule dPutV(vCons(A:Val, _:ValSeq), vCons(_:Val, VR:ValSeq), K:Val, V:Val)  => vCons(V, VR) requires A ==K K
484	reference-semantics/semantics/dict.k	52	rule		supplied equational semantic rule	SELECTED_SEMANTICS_BOUNDARY	rule dPutV(vCons(A:Val, KR:ValSeq), vCons(B:Val, VR:ValSeq), K:Val, V:Val) => vCons(B, dPutV(KR, VR, K, V)) requires notBool (A ==K K)
485	reference-semantics/semantics/dict.k	54	rule	owise	supplied equational semantic rule	SELECTED_SEMANTICS_BOUNDARY	rule dPutV(_KS:ValSeq, VS:ValSeq, _K:Val, V:Val) => valSeqConcat(VS, vCons(V, .ValSeq)) [owise]
486	reference-semantics/semantics/dict.k	58	rule	priority	supplied operational semantic rule	SELECTED_SEMANTICS_BOUNDARY	rule <k> #applyK(toCall(boundMethodV(dictV(KS:ValSeq, _:ValSeq), "keys")), .Vals) => #alloc(list(KS)) ... </k> [priority(40)]
487	reference-semantics/semantics/dict.k	63	rule		supplied equational semantic rule	SELECTED_SEMANTICS_BOUNDARY	rule applyIndexD(dictV(KS:ValSeq, VS:ValSeq), K:Val) => dGet(KS, VS, K)
488	reference-semantics/semantics/dict.k	64	syntax	function	supplied syntax/declaration	SELECTED_SEMANTICS_BOUNDARY	syntax Val ::= applyIndexD(Val, Val) [function]
489	reference-semantics/semantics/dict.k	65	rule	priority	supplied operational semantic rule	SELECTED_SEMANTICS_BOUNDARY	rule <k> Subscript(dictV(KS:ValSeq, VS:ValSeq), K:Val) => applyIndexD(dictV(KS, VS), K) ... </k> [priority(45)]
490	reference-semantics/semantics/dict.k	70	syntax	function	supplied syntax/declaration	SELECTED_SEMANTICS_BOUNDARY	syntax Val ::= dictSet(Val, Val, Val) [function]
491	reference-semantics/semantics/dict.k	71	rule		supplied equational semantic rule	SELECTED_SEMANTICS_BOUNDARY	rule dictSet(dictV(KS:ValSeq, VS:ValSeq), K:Val, V:Val) => dictV(dPutK(KS, K), dPutV(KS, VS, K, V))
492	reference-semantics/semantics/dict.k	76	syntax		supplied syntax/declaration	SELECTED_SEMANTICS_BOUNDARY	syntax KItem ::= #dsetK(String, Val)
493	reference-semantics/semantics/dict.k	77	rule		supplied operational semantic rule	SELECTED_SEMANTICS_BOUNDARY	rule <k> Assign(Subscript(Name(X:String), K:Expr), VV:Val) => K ~> #dsetK(X, VV) ... </k>
494	reference-semantics/semantics/dict.k	78	rule		supplied operational semantic rule	SELECTED_SEMANTICS_BOUNDARY	rule <k> KV:Val ~> #dsetK(X:String, VV:Val) => .K ... </k> <env> L:Int </env> <scopes> ... L |-> scope(M:Map => M [ X <- dictSet({M[X]}:>Val, KV, VV) ], _) ... </scopes> requires X in_keys(M) andBool notBool isRefV({M[X]}:>Val)
495	reference-semantics/semantics/dict.k	82	rule		supplied operational semantic rule	SELECTED_SEMANTICS_BOUNDARY	rule <k> KV:Val ~> #dsetK(X:String, VV:Val) => #dsetV({M[X]}:>Val, KV, VV) ... </k> <env> L:Int </env> <scopes> ... L |-> scope(M:Map, _) ... </scopes> requires X in_keys(M) andBool isRefV({M[X]}:>Val)
496	reference-semantics/semantics/dict.k	86	syntax		supplied syntax/declaration	SELECTED_SEMANTICS_BOUNDARY	syntax KItem ::= #dsetV(Val, Val, Val)
497	reference-semantics/semantics/dict.k	87	rule		supplied operational semantic rule	SELECTED_SEMANTICS_BOUNDARY	rule <k> #dsetV(ref(H:Int), I:Int, VV:Val) => .K ... </k> <heap> ... H |-> list(VS:ValSeq => setVSAt(VS, normIdxD(I, vsLen(VS)), VV)) ... </heap>
498	reference-semantics/semantics/dict.k	90	syntax	function,total	supplied syntax/declaration	SELECTED_SEMANTICS_BOUNDARY	syntax Int ::= normIdxD(Int, Int) [function, total]
499	reference-semantics/semantics/dict.k	91	rule		supplied equational semantic rule	SELECTED_SEMANTICS_BOUNDARY	rule normIdxD(I:Int, LEN:Int) => I +Int LEN requires I  <Int 0
500	reference-semantics/semantics/dict.k	92	rule		supplied equational semantic rule	SELECTED_SEMANTICS_BOUNDARY	rule normIdxD(I:Int, _:Int)   => I          requires I >=Int 0
501	reference-semantics/semantics/dict.k	95	rule		supplied equational semantic rule	SELECTED_SEMANTICS_BOUNDARY	rule applyCmp("==", dictV(KS1:ValSeq, VS1:ValSeq), dictV(KS2:ValSeq, VS2:ValSeq)) => (vsLen(KS1) ==Int vsLen(KS2)) andBool dSubset(KS1, VS1, KS2, VS2)
502	reference-semantics/semantics/dict.k	97	syntax	function	supplied syntax/declaration	SELECTED_SEMANTICS_BOUNDARY	syntax Bool ::= dSubset(ValSeq, ValSeq, ValSeq, ValSeq) [function]
503	reference-semantics/semantics/dict.k	98	rule		supplied equational semantic rule	SELECTED_SEMANTICS_BOUNDARY	rule dSubset(.ValSeq, .ValSeq, _:ValSeq, _:ValSeq) => true
504	reference-semantics/semantics/dict.k	99	rule		supplied equational semantic rule	SELECTED_SEMANTICS_BOUNDARY	rule dSubset(vCons(K:Val, KR:ValSeq), vCons(V:Val, VR:ValSeq), KS2:ValSeq, VS2:ValSeq) => dHasKey(KS2, K) andBool (dGet(KS2, VS2, K) ==K V) andBool dSubset(KR, VR, KS2, VS2)
505	reference-semantics/semantics/dict.k	101	syntax	function	supplied syntax/declaration	SELECTED_SEMANTICS_BOUNDARY	syntax Val ::= dGet(ValSeq, ValSeq, Val) [function]
506	reference-semantics/semantics/dict.k	102	rule		supplied equational semantic rule	SELECTED_SEMANTICS_BOUNDARY	rule dGet(vCons(A:Val, _:ValSeq), vCons(B:Val, _:ValSeq), K:Val) => B                requires A ==K K
507	reference-semantics/semantics/dict.k	103	rule		supplied equational semantic rule	SELECTED_SEMANTICS_BOUNDARY	rule dGet(vCons(A:Val, KR:ValSeq), vCons(_:Val, VR:ValSeq), K:Val) => dGet(KR, VR, K) requires notBool (A ==K K)
508	reference-semantics/semantics/dict.k	104	endmodule		module/import plumbing	STRUCTURAL	endmodule
509	reference-semantics/semantics/float.k	14	module		module/import plumbing	STRUCTURAL	module MPY-FLOAT
510	reference-semantics/semantics/float.k	15	imports		module/import plumbing	STRUCTURAL	imports MPY-OPERATORS
511	reference-semantics/semantics/float.k	16	imports		module/import plumbing	STRUCTURAL	imports MPY-BUILTINS
512	reference-semantics/semantics/float.k	17	imports		module/import plumbing	STRUCTURAL	imports FLOAT
513	reference-semantics/semantics/float.k	20	syntax		supplied syntax/declaration	SELECTED_SEMANTICS_BOUNDARY	syntax Val ::= Float
514	reference-semantics/semantics/float.k	21	rule		supplied operational semantic rule	SELECTED_SEMANTICS_BOUNDARY	rule <k> Float(F:Float) => F ... </k>
515	reference-semantics/semantics/float.k	24	syntax	function,total,symbol,no-evaluators	supplied syntax/declaration	SELECTED_SEMANTICS_BOUNDARY	syntax Float ::= intFloatDiv(Int, Float) [function, total, symbol(intFloatDiv), no-evaluators]
516	reference-semantics/semantics/float.k	25	rule	concrete	supplied concrete primitive rule	SELECTED_SEMANTICS_BOUNDARY	rule intFloatDiv(I:Int, F:Float) => Int2Float(I, 53, 11) /Float F [concrete]
517	reference-semantics/semantics/float.k	27	rule		supplied equational semantic rule	SELECTED_SEMANTICS_BOUNDARY	rule applyBin("/", I:Int, F:Float) => intFloatDiv(I, F)
518	reference-semantics/semantics/float.k	30	syntax	function,total,symbol,no-evaluators	supplied syntax/declaration	SELECTED_SEMANTICS_BOUNDARY	syntax Float ::= divII(Int, Int) [function, total, symbol(divII), no-evaluators]
519	reference-semantics/semantics/float.k	31	rule	concrete	supplied concrete primitive rule	SELECTED_SEMANTICS_BOUNDARY	rule divII(I1:Int, I2:Int) => Int2Float(I1, 53, 11) /Float Int2Float(I2, 53, 11) [concrete]
520	reference-semantics/semantics/float.k	32	rule		supplied equational semantic rule	SELECTED_SEMANTICS_BOUNDARY	rule applyBin("/", I1:Int, I2:Int) => divII(I1, I2)
521	reference-semantics/semantics/float.k	37	syntax	function,total,symbol,no-evaluators	supplied syntax/declaration	SELECTED_SEMANTICS_BOUNDARY	syntax Float ::= floatMod(Float, Float) [function, total, symbol(floatMod), no-evaluators]
522	reference-semantics/semantics/float.k	38	rule	concrete	supplied concrete primitive rule	SELECTED_SEMANTICS_BOUNDARY	rule floatMod(F1:Float, F2:Float) => F1 -Float (floorFloat(F1 /Float F2) *Float F2) [concrete]
523	reference-semantics/semantics/float.k	39	rule		supplied equational semantic rule	SELECTED_SEMANTICS_BOUNDARY	rule applyBin("%", F1:Float, F2:Float) => floatMod(F1, F2)
524	reference-semantics/semantics/float.k	43	rule		supplied equational semantic rule	SELECTED_SEMANTICS_BOUNDARY	rule applyCmp("==", F1:Float, F2:Float) => F1 ==Float F2
525	reference-semantics/semantics/float.k	44	rule		supplied equational semantic rule	SELECTED_SEMANTICS_BOUNDARY	rule applyCmp("!=", F1:Float, F2:Float) => notBool (F1 ==Float F2)
526	reference-semantics/semantics/float.k	50	syntax	function,total,symbol,no-evaluators	supplied syntax/declaration	SELECTED_SEMANTICS_BOUNDARY	syntax Bool ::= floatLt(Float, Float) [function, total, symbol(floatLt), no-evaluators]
527	reference-semantics/semantics/float.k	51	rule	concrete	supplied concrete primitive rule	SELECTED_SEMANTICS_BOUNDARY	rule floatLt(F1:Float, F2:Float) => F1 <Float F2 [concrete]
528	reference-semantics/semantics/float.k	52	rule		supplied equational semantic rule	SELECTED_SEMANTICS_BOUNDARY	rule applyCmp("<", F1:Float, F2:Float) => floatLt(F1, F2)
529	reference-semantics/semantics/float.k	54	syntax	function,total,symbol,no-evaluators	supplied syntax/declaration	SELECTED_SEMANTICS_BOUNDARY	syntax Float ::= absF(Float) [function, total, symbol(absF), no-evaluators]
530	reference-semantics/semantics/float.k	55	rule	concrete	supplied concrete primitive rule	SELECTED_SEMANTICS_BOUNDARY	rule absF(F:Float) => absFloat(F) [concrete]
531	reference-semantics/semantics/float.k	56	rule		supplied equational semantic rule	SELECTED_SEMANTICS_BOUNDARY	rule applyBuiltin("abs", F:Float, .Vals) => absF(F)
532	reference-semantics/semantics/float.k	61	rule		supplied operational semantic rule	SELECTED_SEMANTICS_BOUNDARY	rule <k> Import(_:String) => .K ... </k>
533	reference-semantics/semantics/float.k	65	syntax		supplied syntax/declaration	SELECTED_SEMANTICS_BOUNDARY	syntax KItem ::= "#mathCeil"
534	reference-semantics/semantics/float.k	66	rule	priority	supplied operational semantic rule	SELECTED_SEMANTICS_BOUNDARY	rule <k> Call(Attribute(Name("math"), "ceil"), (E:Expr, .Exprs)) => E ~> #mathCeil ... </k> [priority(40)]
535	reference-semantics/semantics/float.k	67	rule		supplied operational semantic rule	SELECTED_SEMANTICS_BOUNDARY	rule <k> V:Val ~> #mathCeil => ceilF(V) ... </k>
536	reference-semantics/semantics/float.k	70	syntax		supplied syntax/declaration	SELECTED_SEMANTICS_BOUNDARY	syntax KItem ::= "#mathFloor"
537	reference-semantics/semantics/float.k	71	rule	priority	supplied operational semantic rule	SELECTED_SEMANTICS_BOUNDARY	rule <k> Call(Attribute(Name("math"), "floor"), (E:Expr, .Exprs)) => E ~> #mathFloor ... </k> [priority(40)]
538	reference-semantics/semantics/float.k	72	rule		supplied operational semantic rule	SELECTED_SEMANTICS_BOUNDARY	rule <k> V:Val ~> #mathFloor => floorFI(V) ... </k>
539	reference-semantics/semantics/float.k	73	syntax	function,total,symbol	supplied syntax/declaration	SELECTED_SEMANTICS_BOUNDARY	syntax Int ::= floorFI(Val) [function, total, symbol(floorFI)]
540	reference-semantics/semantics/float.k	74	rule	concrete	supplied concrete primitive rule	SELECTED_SEMANTICS_BOUNDARY	rule floorFI(I:Int)   => I                        [concrete]
541	reference-semantics/semantics/float.k	75	rule	concrete	supplied concrete primitive rule	SELECTED_SEMANTICS_BOUNDARY	rule floorFI(F:Float) => Float2Int(floorFloat(F)) [concrete]
542	reference-semantics/semantics/float.k	78	rule		supplied equational semantic rule	SELECTED_SEMANTICS_BOUNDARY	rule applyBuiltin("floor", V:Val, .Vals) => floorFI(V)
543	reference-semantics/semantics/float.k	79	rule		supplied equational semantic rule	SELECTED_SEMANTICS_BOUNDARY	rule applyBuiltin("ceil",  V:Val, .Vals) => ceilF(V)
544	reference-semantics/semantics/float.k	82	syntax		supplied syntax/declaration	SELECTED_SEMANTICS_BOUNDARY	syntax KItem ::= #mathPow1(Expr) | #mathPow2(Val)
545	reference-semantics/semantics/float.k	83	rule	priority	supplied operational semantic rule	SELECTED_SEMANTICS_BOUNDARY	rule <k> Call(Attribute(Name("math"), "pow"), (E1:Expr, E2:Expr, .Exprs)) => E1 ~> #mathPow1(E2) ... </k> [priority(40)]
546	reference-semantics/semantics/float.k	84	rule		supplied operational semantic rule	SELECTED_SEMANTICS_BOUNDARY	rule <k> V1:Val ~> #mathPow1(E2:Expr) => E2 ~> #mathPow2(V1) ... </k>
547	reference-semantics/semantics/float.k	85	rule		supplied operational semantic rule	SELECTED_SEMANTICS_BOUNDARY	rule <k> V2:Val ~> #mathPow2(V1:Val) => powF(toF(V1), toF(V2)) ... </k>
548	reference-semantics/semantics/float.k	86	syntax	function,total,symbol	supplied syntax/declaration	SELECTED_SEMANTICS_BOUNDARY	syntax Float ::= toF(Val) [function, total, symbol(toF)]
549	reference-semantics/semantics/float.k	87	rule	concrete	supplied concrete primitive rule	SELECTED_SEMANTICS_BOUNDARY	rule toF(F:Float) => F        [concrete]
550	reference-semantics/semantics/float.k	88	rule	concrete	supplied concrete primitive rule	SELECTED_SEMANTICS_BOUNDARY	rule toF(I:Int)   => intToF(I) [concrete]
551	reference-semantics/semantics/float.k	93	syntax	function,total,symbol	supplied syntax/declaration	SELECTED_SEMANTICS_BOUNDARY	syntax Int ::= ceilF(Val) [function, total, symbol(ceilF)]
552	reference-semantics/semantics/float.k	94	rule	concrete	supplied concrete primitive rule	SELECTED_SEMANTICS_BOUNDARY	rule ceilF(I:Int)   => I                       [concrete]
553	reference-semantics/semantics/float.k	95	rule	concrete	supplied concrete primitive rule	SELECTED_SEMANTICS_BOUNDARY	rule ceilF(F:Float) => Float2Int(ceilFloat(F)) [concrete]
554	reference-semantics/semantics/float.k	99	rule		supplied equational semantic rule	SELECTED_SEMANTICS_BOUNDARY	rule applyUn("-", F:Float) => 0.0 -Float F
555	reference-semantics/semantics/float.k	103	syntax	function,total,symbol,no-evaluators	supplied syntax/declaration	SELECTED_SEMANTICS_BOUNDARY	syntax Float ::= subF(Float, Float) [function, total, symbol(subF), no-evaluators]
556	reference-semantics/semantics/float.k	104	rule	concrete	supplied concrete primitive rule	SELECTED_SEMANTICS_BOUNDARY	rule subF(F1:Float, F2:Float) => F1 -Float F2 [concrete]
557	reference-semantics/semantics/float.k	105	rule		supplied equational semantic rule	SELECTED_SEMANTICS_BOUNDARY	rule applyBin("-", F1:Float, F2:Float) => subF(F1, F2)
558	reference-semantics/semantics/float.k	107	syntax	function,total,symbol,no-evaluators	supplied syntax/declaration	SELECTED_SEMANTICS_BOUNDARY	syntax Float ::= divF(Float, Float) [function, total, symbol(divF), no-evaluators]
559	reference-semantics/semantics/float.k	108	rule	concrete	supplied concrete primitive rule	SELECTED_SEMANTICS_BOUNDARY	rule divF(F1:Float, F2:Float) => F1 /Float F2 [concrete]
560	reference-semantics/semantics/float.k	109	rule		supplied equational semantic rule	SELECTED_SEMANTICS_BOUNDARY	rule applyBin("/", F1:Float, F2:Float) => divF(F1, F2)
561	reference-semantics/semantics/float.k	111	syntax	function,total,symbol,no-evaluators	supplied syntax/declaration	SELECTED_SEMANTICS_BOUNDARY	syntax Float ::= addF(Float, Float) [function, total, symbol(addF), no-evaluators]
562	reference-semantics/semantics/float.k	112	rule	concrete	supplied concrete primitive rule	SELECTED_SEMANTICS_BOUNDARY	rule addF(F1:Float, F2:Float) => F1 +Float F2 [concrete]
563	reference-semantics/semantics/float.k	113	rule		supplied equational semantic rule	SELECTED_SEMANTICS_BOUNDARY	rule applyBin("+", F1:Float, F2:Float) => addF(F1, F2)
564	reference-semantics/semantics/float.k	115	syntax	function,total,symbol,no-evaluators	supplied syntax/declaration	SELECTED_SEMANTICS_BOUNDARY	syntax Float ::= mulF(Float, Float) [function, total, symbol(mulF), no-evaluators]
565	reference-semantics/semantics/float.k	116	rule	concrete	supplied concrete primitive rule	SELECTED_SEMANTICS_BOUNDARY	rule mulF(F1:Float, F2:Float) => F1 *Float F2 [concrete]
566	reference-semantics/semantics/float.k	117	rule		supplied equational semantic rule	SELECTED_SEMANTICS_BOUNDARY	rule applyBin("*", F1:Float, F2:Float) => mulF(F1, F2)
567	reference-semantics/semantics/float.k	119	syntax	function,total,symbol,no-evaluators	supplied syntax/declaration	SELECTED_SEMANTICS_BOUNDARY	syntax Float ::= powF(Float, Float) [function, total, symbol(powF), no-evaluators]
568	reference-semantics/semantics/float.k	120	rule	concrete	supplied concrete primitive rule	SELECTED_SEMANTICS_BOUNDARY	rule powF(F1:Float, F2:Float) => F1 ^Float F2 [concrete]
569	reference-semantics/semantics/float.k	121	rule		supplied equational semantic rule	SELECTED_SEMANTICS_BOUNDARY	rule applyBin("**", F1:Float, F2:Float) => powF(F1, F2)
570	reference-semantics/semantics/float.k	125	syntax	function,total,symbol,no-evaluators	supplied syntax/declaration	SELECTED_SEMANTICS_BOUNDARY	syntax Bool ::= gtF(Float, Float) [function, total, symbol(gtF), no-evaluators]
571	reference-semantics/semantics/float.k	126	rule	concrete	supplied concrete primitive rule	SELECTED_SEMANTICS_BOUNDARY	rule gtF(F1:Float, F2:Float) => F1 >Float F2 [concrete]
572	reference-semantics/semantics/float.k	127	rule		supplied equational semantic rule	SELECTED_SEMANTICS_BOUNDARY	rule applyCmp(">",  F1:Float, F2:Float) => gtF(F1, F2)
573	reference-semantics/semantics/float.k	128	rule		supplied equational semantic rule	SELECTED_SEMANTICS_BOUNDARY	rule applyCmp(">=", F1:Float, F2:Float) => notBool floatLt(F1, F2)
574	reference-semantics/semantics/float.k	129	rule		supplied equational semantic rule	SELECTED_SEMANTICS_BOUNDARY	rule applyCmp("<=", F1:Float, F2:Float) => notBool gtF(F1, F2)
575	reference-semantics/semantics/float.k	132	rule		supplied equational semantic rule	SELECTED_SEMANTICS_BOUNDARY	rule applyBin("**", I:Int, F:Float) => powF(intToF(I), F)
576	reference-semantics/semantics/float.k	133	rule		supplied equational semantic rule	SELECTED_SEMANTICS_BOUNDARY	rule applyBin("**", F:Float, I:Int) => powF(F, intToF(I))
577	reference-semantics/semantics/float.k	134	rule		supplied equational semantic rule	SELECTED_SEMANTICS_BOUNDARY	rule applyBin("-",  I:Int, F:Float) => subF(intToF(I), F)
578	reference-semantics/semantics/float.k	135	rule		supplied equational semantic rule	SELECTED_SEMANTICS_BOUNDARY	rule applyBin("-",  F:Float, I:Int) => subF(F, intToF(I))
579	reference-semantics/semantics/float.k	136	rule		supplied equational semantic rule	SELECTED_SEMANTICS_BOUNDARY	rule applyBin("+",  I:Int, F:Float) => addF(intToF(I), F)
580	reference-semantics/semantics/float.k	137	rule		supplied equational semantic rule	SELECTED_SEMANTICS_BOUNDARY	rule applyBin("+",  F:Float, I:Int) => addF(F, intToF(I))
581	reference-semantics/semantics/float.k	138	rule		supplied equational semantic rule	SELECTED_SEMANTICS_BOUNDARY	rule applyBin("*",  I:Int, F:Float) => mulF(intToF(I), F)
582	reference-semantics/semantics/float.k	139	rule		supplied equational semantic rule	SELECTED_SEMANTICS_BOUNDARY	rule applyBin("*",  F:Float, I:Int) => mulF(F, intToF(I))
583	reference-semantics/semantics/float.k	142	syntax	function,total,symbol,no-evaluators	supplied syntax/declaration	SELECTED_SEMANTICS_BOUNDARY	syntax Bool ::= eqF(Float, Float) [function, total, symbol(eqF), no-evaluators]
584	reference-semantics/semantics/float.k	143	rule	concrete	supplied concrete primitive rule	SELECTED_SEMANTICS_BOUNDARY	rule eqF(F1:Float, F2:Float) => F1 ==Float F2 [concrete]
585	reference-semantics/semantics/float.k	144	rule		supplied equational semantic rule	SELECTED_SEMANTICS_BOUNDARY	rule applyCmp("==", I:Int, F:Float) => eqF(intToF(I), F)
586	reference-semantics/semantics/float.k	145	rule		supplied equational semantic rule	SELECTED_SEMANTICS_BOUNDARY	rule applyCmp("==", F:Float, I:Int) => eqF(F, intToF(I))
587	reference-semantics/semantics/float.k	146	rule		supplied equational semantic rule	SELECTED_SEMANTICS_BOUNDARY	rule applyCmp("!=", I:Int, F:Float) => notBool eqF(intToF(I), F)
588	reference-semantics/semantics/float.k	147	rule		supplied equational semantic rule	SELECTED_SEMANTICS_BOUNDARY	rule applyCmp("!=", F:Float, I:Int) => notBool eqF(F, intToF(I))
589	reference-semantics/semantics/float.k	148	rule		supplied equational semantic rule	SELECTED_SEMANTICS_BOUNDARY	rule applyCmp("<",  I:Int, F:Float) => floatLt(intToF(I), F)
590	reference-semantics/semantics/float.k	149	rule		supplied equational semantic rule	SELECTED_SEMANTICS_BOUNDARY	rule applyCmp("<",  F:Float, I:Int) => floatLt(F, intToF(I))
591	reference-semantics/semantics/float.k	150	rule		supplied equational semantic rule	SELECTED_SEMANTICS_BOUNDARY	rule applyCmp(">",  I:Int, F:Float) => gtF(intToF(I), F)
592	reference-semantics/semantics/float.k	151	rule		supplied equational semantic rule	SELECTED_SEMANTICS_BOUNDARY	rule applyCmp(">",  F:Float, I:Int) => gtF(F, intToF(I))
593	reference-semantics/semantics/float.k	154	rule		supplied equational semantic rule	SELECTED_SEMANTICS_BOUNDARY	rule applyCmp("==", V:Val, noneV) => V ==K noneV
594	reference-semantics/semantics/float.k	155	rule		supplied equational semantic rule	SELECTED_SEMANTICS_BOUNDARY	rule applyCmp("!=", V:Val, noneV) => notBool (V ==K noneV)
595	reference-semantics/semantics/float.k	160	syntax	function,total,symbol,no-evaluators	supplied syntax/declaration	SELECTED_SEMANTICS_BOUNDARY	syntax Float ::= decStrToF(IntSeq) [function, total, symbol(decStrToF), no-evaluators]
596	reference-semantics/semantics/float.k	161	rule	concrete	supplied concrete primitive rule	SELECTED_SEMANTICS_BOUNDARY	rule decStrToF(iCons(45, CS:IntSeq)) => 0.0 -Float decStrToF(CS) [concrete]
597	reference-semantics/semantics/float.k	162	rule	concrete	supplied concrete primitive rule	SELECTED_SEMANTICS_BOUNDARY	rule decStrToF(CS:IntSeq) => intToF(intPart(CS)) +Float (intToF(fracPart(CS)) /Float intToF(fracScale(CS))) requires isLen(CS) >Int 0 andBool headIS(CS) =/=Int 45 [concrete]
598	reference-semantics/semantics/float.k	165	syntax	function	supplied syntax/declaration	SELECTED_SEMANTICS_BOUNDARY	syntax Int ::= headIS(IntSeq) [function]
599	reference-semantics/semantics/float.k	166	rule		supplied equational semantic rule	SELECTED_SEMANTICS_BOUNDARY	rule headIS(iCons(C:Int, _:IntSeq)) => C
600	reference-semantics/semantics/float.k	167	syntax	function,total	supplied syntax/declaration	SELECTED_SEMANTICS_BOUNDARY	syntax Int ::= intPart(IntSeq) [function, total] | intPartAcc(IntSeq, Int) [function, total]
601	reference-semantics/semantics/float.k	168	rule		supplied equational semantic rule	SELECTED_SEMANTICS_BOUNDARY	rule intPart(CS:IntSeq) => intPartAcc(CS, 0)
602	reference-semantics/semantics/float.k	169	rule		supplied equational semantic rule	SELECTED_SEMANTICS_BOUNDARY	rule intPartAcc(.IntSeq, A:Int) => A
603	reference-semantics/semantics/float.k	170	rule		supplied equational semantic rule	SELECTED_SEMANTICS_BOUNDARY	rule intPartAcc(iCons(46, _:IntSeq), A:Int) => A
604	reference-semantics/semantics/float.k	171	rule		supplied equational semantic rule	SELECTED_SEMANTICS_BOUNDARY	rule intPartAcc(iCons(C:Int, R:IntSeq), A:Int) => intPartAcc(R, A *Int 10 +Int (C -Int 48)) requires C =/=Int 46
605	reference-semantics/semantics/float.k	173	syntax	function,total	supplied syntax/declaration	SELECTED_SEMANTICS_BOUNDARY	syntax Int ::= fracPart(IntSeq) [function, total] | fracAcc(IntSeq, Int) [function, total]
606	reference-semantics/semantics/float.k	174	rule		supplied equational semantic rule	SELECTED_SEMANTICS_BOUNDARY	rule fracPart(.IntSeq) => 0
607	reference-semantics/semantics/float.k	175	rule		supplied equational semantic rule	SELECTED_SEMANTICS_BOUNDARY	rule fracPart(iCons(46, R:IntSeq)) => fracAcc(R, 0)
608	reference-semantics/semantics/float.k	176	rule		supplied equational semantic rule	SELECTED_SEMANTICS_BOUNDARY	rule fracPart(iCons(C:Int, R:IntSeq)) => fracPart(R) requires C =/=Int 46
609	reference-semantics/semantics/float.k	177	rule		supplied equational semantic rule	SELECTED_SEMANTICS_BOUNDARY	rule fracAcc(.IntSeq, A:Int) => A
610	reference-semantics/semantics/float.k	178	rule		supplied equational semantic rule	SELECTED_SEMANTICS_BOUNDARY	rule fracAcc(iCons(C:Int, R:IntSeq), A:Int) => fracAcc(R, A *Int 10 +Int (C -Int 48))
611	reference-semantics/semantics/float.k	179	syntax	function,total	supplied syntax/declaration	SELECTED_SEMANTICS_BOUNDARY	syntax Int ::= fracScale(IntSeq) [function, total] | fscAcc(IntSeq, Int) [function, total]
612	reference-semantics/semantics/float.k	180	rule		supplied equational semantic rule	SELECTED_SEMANTICS_BOUNDARY	rule fracScale(.IntSeq) => 1
613	reference-semantics/semantics/float.k	181	rule		supplied equational semantic rule	SELECTED_SEMANTICS_BOUNDARY	rule fracScale(iCons(46, R:IntSeq)) => fscAcc(R, 1)
614	reference-semantics/semantics/float.k	182	rule		supplied equational semantic rule	SELECTED_SEMANTICS_BOUNDARY	rule fracScale(iCons(C:Int, R:IntSeq)) => fracScale(R) requires C =/=Int 46
615	reference-semantics/semantics/float.k	183	rule		supplied equational semantic rule	SELECTED_SEMANTICS_BOUNDARY	rule fscAcc(.IntSeq, A:Int) => A
616	reference-semantics/semantics/float.k	184	rule		supplied equational semantic rule	SELECTED_SEMANTICS_BOUNDARY	rule fscAcc(iCons(_:Int, R:IntSeq), A:Int) => fscAcc(R, A *Int 10)
617	reference-semantics/semantics/float.k	185	rule		supplied equational semantic rule	SELECTED_SEMANTICS_BOUNDARY	rule applyBuiltin("float", str(CS:IntSeq), .Vals) => decStrToF(CS)
618	reference-semantics/semantics/float.k	186	rule		supplied equational semantic rule	SELECTED_SEMANTICS_BOUNDARY	rule applyBuiltin("float", I:Int, .Vals)          => intToF(I)
619	reference-semantics/semantics/float.k	187	rule		supplied equational semantic rule	SELECTED_SEMANTICS_BOUNDARY	rule applyBuiltin("float", F:Float, .Vals)        => F
620	reference-semantics/semantics/float.k	190	syntax	function,total,symbol,no-evaluators	supplied syntax/declaration	SELECTED_SEMANTICS_BOUNDARY	syntax Float ::= divFloatIntV(Float, Int) [function, total, symbol(divFloatIntV), no-evaluators]
621	reference-semantics/semantics/float.k	191	rule	concrete	supplied concrete primitive rule	SELECTED_SEMANTICS_BOUNDARY	rule divFloatIntV(F:Float, I:Int) => F /Float Int2Float(I, 53, 11) [concrete]
622	reference-semantics/semantics/float.k	192	rule		supplied equational semantic rule	SELECTED_SEMANTICS_BOUNDARY	rule applyBin("/", F:Float, I:Int) => divFloatIntV(F, I)
623	reference-semantics/semantics/float.k	195	syntax	function,total,symbol,no-evaluators	supplied syntax/declaration	SELECTED_SEMANTICS_BOUNDARY	syntax Float ::= intToF(Int) [function, total, symbol(intToF), no-evaluators]
624	reference-semantics/semantics/float.k	196	rule	concrete	supplied concrete primitive rule	SELECTED_SEMANTICS_BOUNDARY	rule intToF(I:Int) => Int2Float(I, 53, 11) [concrete]
625	reference-semantics/semantics/float.k	197	rule		supplied equational semantic rule	SELECTED_SEMANTICS_BOUNDARY	rule applyBin("+", I:Int, F:Float) => addF(intToF(I), F)
626	reference-semantics/semantics/float.k	198	rule		supplied equational semantic rule	SELECTED_SEMANTICS_BOUNDARY	rule applyBin("+", F:Float, I:Int) => addF(F, intToF(I))
627	reference-semantics/semantics/float.k	199	rule		supplied equational semantic rule	SELECTED_SEMANTICS_BOUNDARY	rule applyBin("-", I:Int, F:Float) => subF(intToF(I), F)
628	reference-semantics/semantics/float.k	200	rule		supplied equational semantic rule	SELECTED_SEMANTICS_BOUNDARY	rule applyBin("-", F:Float, I:Int) => subF(F, intToF(I))
629	reference-semantics/semantics/float.k	201	rule		supplied equational semantic rule	SELECTED_SEMANTICS_BOUNDARY	rule applyBin("*", I:Int, F:Float) => mulF(intToF(I), F)
630	reference-semantics/semantics/float.k	202	rule		supplied equational semantic rule	SELECTED_SEMANTICS_BOUNDARY	rule applyBin("*", F:Float, I:Int) => mulF(F, intToF(I))
631	reference-semantics/semantics/float.k	203	rule		supplied equational semantic rule	SELECTED_SEMANTICS_BOUNDARY	rule applyCmp("<", I:Int, F:Float) => floatLt(intToF(I), F)
632	reference-semantics/semantics/float.k	204	rule		supplied equational semantic rule	SELECTED_SEMANTICS_BOUNDARY	rule applyCmp("<", F:Float, I:Int) => floatLt(F, intToF(I))
633	reference-semantics/semantics/float.k	205	rule		supplied equational semantic rule	SELECTED_SEMANTICS_BOUNDARY	rule applyCmp(">", I:Int, F:Float) => gtF(intToF(I), F)
634	reference-semantics/semantics/float.k	206	rule		supplied equational semantic rule	SELECTED_SEMANTICS_BOUNDARY	rule applyCmp(">", F:Float, I:Int) => gtF(F, intToF(I))
635	reference-semantics/semantics/float.k	209	syntax	function,total,symbol,no-evaluators	supplied syntax/declaration	SELECTED_SEMANTICS_BOUNDARY	syntax Int ::= truncF(Float) [function, total, symbol(truncF), no-evaluators]
636	reference-semantics/semantics/float.k	210	rule	concrete	supplied concrete primitive rule	SELECTED_SEMANTICS_BOUNDARY	rule truncF(F:Float) => #if F >=Float 0.0 #then Float2Int(floorFloat(F)) #else Float2Int(ceilFloat(F)) #fi [concrete]
637	reference-semantics/semantics/float.k	211	rule		supplied equational semantic rule	SELECTED_SEMANTICS_BOUNDARY	rule applyBuiltin("int", F:Float, .Vals) => truncF(F)
638	reference-semantics/semantics/float.k	213	rule		supplied equational semantic rule	SELECTED_SEMANTICS_BOUNDARY	rule applyBuiltin("float", I:Int, .Vals)   => intToF(I)
639	reference-semantics/semantics/float.k	214	rule		supplied equational semantic rule	SELECTED_SEMANTICS_BOUNDARY	rule applyBuiltin("float", F:Float, .Vals) => F
640	reference-semantics/semantics/float.k	217	syntax	function,total,symbol,no-evaluators	supplied syntax/declaration	SELECTED_SEMANTICS_BOUNDARY	syntax Int ::= roundF(Float) [function, total, symbol(roundF), no-evaluators]
641	reference-semantics/semantics/float.k	218	rule	concrete	supplied concrete primitive rule	SELECTED_SEMANTICS_BOUNDARY	rule roundF(F:Float) => #if (F -Float floorFloat(F)) ==Float 0.5 #then (#if Float2Int(floorFloat(F)) %Int 2 ==Int 0 #then Float2Int(floorFloat(F)) #else Float2Int(ceilFloat(F)) #fi) #else Float2Int(floorFloat(F +Float 0.5)) #fi [concrete]
642	reference-semantics/semantics/float.k	223	syntax	function,total,symbol,no-evaluators	supplied syntax/declaration	SELECTED_SEMANTICS_BOUNDARY	syntax Float ::= roundFN(Float, Int) [function, total, symbol(roundFN), no-evaluators]
643	reference-semantics/semantics/float.k	224	rule	concrete	supplied concrete primitive rule	SELECTED_SEMANTICS_BOUNDARY	rule roundFN(F:Float, N:Int) => Int2Float(roundF(F *Float Int2Float(10 ^Int N, 53, 11)), 53, 11) /Float Int2Float(10 ^Int N, 53, 11) [concrete]
644	reference-semantics/semantics/float.k	227	rule		supplied equational semantic rule	SELECTED_SEMANTICS_BOUNDARY	rule applyBuiltin("round", F:Float, .Vals)        => roundF(F)
645	reference-semantics/semantics/float.k	228	rule		supplied equational semantic rule	SELECTED_SEMANTICS_BOUNDARY	rule applyBuiltin("round", F:Float, N:Int, .Vals) => roundFN(F, N)
646	reference-semantics/semantics/float.k	230	syntax	function,total,symbol,no-evaluators	supplied syntax/declaration	SELECTED_SEMANTICS_BOUNDARY	syntax Float ::= sqrtF(Float) [function, total, symbol(sqrtF), no-evaluators]
647	reference-semantics/semantics/float.k	231	rule	concrete	supplied concrete primitive rule	SELECTED_SEMANTICS_BOUNDARY	rule sqrtF(F:Float) => sqrtFloat(F) [concrete]
648	reference-semantics/semantics/float.k	232	syntax		supplied syntax/declaration	SELECTED_SEMANTICS_BOUNDARY	syntax KItem ::= "#mathSqrt"
649	reference-semantics/semantics/float.k	233	rule	priority	supplied operational semantic rule	SELECTED_SEMANTICS_BOUNDARY	rule <k> Call(Attribute(Name("math"), "sqrt"), (E:Expr, .Exprs)) => E ~> #mathSqrt ... </k> [priority(40)]
650	reference-semantics/semantics/float.k	234	rule		supplied operational semantic rule	SELECTED_SEMANTICS_BOUNDARY	rule <k> F:Float ~> #mathSqrt => sqrtF(F) ... </k>
651	reference-semantics/semantics/float.k	235	rule		supplied operational semantic rule	SELECTED_SEMANTICS_BOUNDARY	rule <k> I:Int ~> #mathSqrt => sqrtF(intToF(I)) ... </k>
652	reference-semantics/semantics/float.k	243	syntax		supplied syntax/declaration	SELECTED_SEMANTICS_BOUNDARY	syntax KItem ::= #maxAccF(Iterable, Float) | #maxContF(Float)
653	reference-semantics/semantics/float.k	244	rule		supplied operational semantic rule	SELECTED_SEMANTICS_BOUNDARY	rule <k> #iterYield(V:Val, R:Iterable) ~> #maxCont0 => #maxAccF(R, {V}:>Float) ... </k> requires isFloat(V)
654	reference-semantics/semantics/float.k	245	rule		supplied operational semantic rule	SELECTED_SEMANTICS_BOUNDARY	rule <k> #maxAccF(IT:Iterable, M:Float) => #iterNext(IT) ~> #maxContF(M) ... </k>
655	reference-semantics/semantics/float.k	246	rule		supplied operational semantic rule	SELECTED_SEMANTICS_BOUNDARY	rule <k> #iterDone ~> #maxContF(M:Float) => M ... </k>
656	reference-semantics/semantics/float.k	247	rule		supplied operational semantic rule	SELECTED_SEMANTICS_BOUNDARY	rule <k> #iterYield(V:Val, R:Iterable) ~> #maxContF(M:Float) => #maxAccF(R, maxFloat(M, {V}:>Float)) ... </k> requires isFloat(V)
657	reference-semantics/semantics/float.k	250	syntax		supplied syntax/declaration	SELECTED_SEMANTICS_BOUNDARY	syntax KItem ::= #minAccF(Iterable, Float) | #minContF(Float)
658	reference-semantics/semantics/float.k	251	rule		supplied operational semantic rule	SELECTED_SEMANTICS_BOUNDARY	rule <k> #iterYield(V:Val, R:Iterable) ~> #minCont0 => #minAccF(R, {V}:>Float) ... </k> requires isFloat(V)
659	reference-semantics/semantics/float.k	252	rule		supplied operational semantic rule	SELECTED_SEMANTICS_BOUNDARY	rule <k> #minAccF(IT:Iterable, M:Float) => #iterNext(IT) ~> #minContF(M) ... </k>
660	reference-semantics/semantics/float.k	253	rule		supplied operational semantic rule	SELECTED_SEMANTICS_BOUNDARY	rule <k> #iterDone ~> #minContF(M:Float) => M ... </k>
661	reference-semantics/semantics/float.k	254	rule		supplied operational semantic rule	SELECTED_SEMANTICS_BOUNDARY	rule <k> #iterYield(V:Val, R:Iterable) ~> #minContF(M:Float) => #minAccF(R, minFloat(M, {V}:>Float)) ... </k> requires isFloat(V)
662	reference-semantics/semantics/float.k	261	syntax		supplied syntax/declaration	SELECTED_SEMANTICS_BOUNDARY	syntax KItem ::= #sumAccF(Iterable, Float) | #sumContF(Float)
663	reference-semantics/semantics/float.k	262	rule		supplied operational semantic rule	SELECTED_SEMANTICS_BOUNDARY	rule <k> #iterYield(V:Val, R:Iterable) ~> #sumCont(ACC:Int) => #sumAccF(R, addF(intToF(ACC), {V}:>Float)) ... </k> requires isFloat(V) andBool notBool (isInt(V) orBool isBool(V))
664	reference-semantics/semantics/float.k	265	rule		supplied operational semantic rule	SELECTED_SEMANTICS_BOUNDARY	rule <k> #sumAccF(IT:Iterable, ACC:Float) => #iterNext(IT) ~> #sumContF(ACC) ... </k>
665	reference-semantics/semantics/float.k	266	rule		supplied operational semantic rule	SELECTED_SEMANTICS_BOUNDARY	rule <k> #iterDone ~> #sumContF(ACC:Float) => ACC ... </k>
666	reference-semantics/semantics/float.k	267	rule		supplied operational semantic rule	SELECTED_SEMANTICS_BOUNDARY	rule <k> #iterYield(V:Val, R:Iterable) ~> #sumContF(ACC:Float) => #sumAccF(R, addF(ACC, {V}:>Float)) ... </k> requires isFloat(V)
667	reference-semantics/semantics/float.k	270	rule		supplied operational semantic rule	SELECTED_SEMANTICS_BOUNDARY	rule <k> #iterYield(V:Val, R:Iterable) ~> #sumContF(ACC:Float) => #sumAccF(R, addF(ACC, intToF(intOf(V)))) ... </k> requires isInt(V) orBool isBool(V)
668	reference-semantics/semantics/float.k	273	endmodule		module/import plumbing	STRUCTURAL	endmodule
669	reference-semantics/semantics/functions.k	3	module		module/import plumbing	STRUCTURAL	module MPY-FUNCTIONS
670	reference-semantics/semantics/functions.k	4	imports		module/import plumbing	STRUCTURAL	imports MPY-CORE
671	reference-semantics/semantics/functions.k	8	syntax		supplied syntax/declaration	SELECTED_SEMANTICS_BOUNDARY	syntax KItem ::= frame(continuation: K, callerEnv: Int, savedLoc: Int) | #bindP(ParamNames, Vals) | "#pop" | "#endcall"
672	reference-semantics/semantics/functions.k	14	rule		supplied operational semantic rule	SELECTED_SEMANTICS_BOUNDARY	rule <k> FuncDef(F:String, Params(PNS:ParamNames), BODY:Stmts) => .K ... </k> <env> L:Int </env> <scopes> ... L |-> scope(M:Map => M [ F <- closureVal(PNS, BODY, L) ], _) ... </scopes>
673	reference-semantics/semantics/functions.k	18	syntax		supplied syntax/declaration	SELECTED_SEMANTICS_BOUNDARY	syntax Expr ::= closureExpr(ParamNames, Stmts)
674	reference-semantics/semantics/functions.k	19	rule		supplied operational semantic rule	SELECTED_SEMANTICS_BOUNDARY	rule <k> closureExpr(PNS:ParamNames, BODY:Stmts) => closureVal(PNS, BODY, L) ... </k> <env> L:Int </env>
675	reference-semantics/semantics/functions.k	27	syntax		supplied syntax/declaration	SELECTED_SEMANTICS_BOUNDARY	syntax Val ::= closureValC(ParamNames, ParamNames, Stmts, Map)
676	reference-semantics/semantics/functions.k	31	syntax		supplied syntax/declaration	SELECTED_SEMANTICS_BOUNDARY	syntax KItem ::= #mkClosure(String, ParamNames, ParamNames, ParamNames, Stmts, Map) | #mkLambda(ParamNames, ParamNames, ParamNames, Stmts, Map)
677	reference-semantics/semantics/functions.k	33	rule		supplied operational semantic rule	SELECTED_SEMANTICS_BOUNDARY	rule <k> FuncDef(F:String, Params(PNS:ParamNames), CellVars(CVS:ParamNames), FreeVars(FVS:ParamNames), BODY:Stmts) => #mkClosure(F, PNS, CVS, FVS, BODY, .Map) ... </k>
678	reference-semantics/semantics/functions.k	36	rule		supplied operational semantic rule	SELECTED_SEMANTICS_BOUNDARY	rule <k> #mkClosure(F:String, PNS:ParamNames, CVS:ParamNames, (FV:String, FVR:ParamNames), BODY:Stmts, CM:Map) => #mkClosure(F, PNS, CVS, FVR, BODY, CM [ FV <- {M[FV]}:>Val ]) ... </k> <env> L:Int </env> <scopes> ... L |-> scope(M:Map, _) ... </scopes> requires FV in_keys(M)
679	reference-semantics/semantics/functions.k	42	rule		supplied operational semantic rule	SELECTED_SEMANTICS_BOUNDARY	rule <k> #mkClosure(F:String, PNS:ParamNames, CVS:ParamNames, .ParamNames, BODY:Stmts, CM:Map) => .K ... </k> <env> L:Int </env> <scopes> ... L |-> scope(M:Map => M [ F <- closureValC(PNS, CVS, BODY, CM) ], _) ... </scopes>
680	reference-semantics/semantics/functions.k	47	rule		supplied operational semantic rule	SELECTED_SEMANTICS_BOUNDARY	rule <k> Lambda(Params(PNS:ParamNames), E:Expr) => closureVal(PNS, Return(E) .Stmts, L) ... </k> <env> L:Int </env>
681	reference-semantics/semantics/functions.k	50	rule		supplied operational semantic rule	SELECTED_SEMANTICS_BOUNDARY	rule <k> Lambda(Params(PNS:ParamNames), CellVars(CVS:ParamNames), FreeVars(FVS:ParamNames), E:Expr) => #mkLambda(PNS, CVS, FVS, Return(E) .Stmts, .Map) ... </k>
682	reference-semantics/semantics/functions.k	53	rule		supplied operational semantic rule	SELECTED_SEMANTICS_BOUNDARY	rule <k> #mkLambda(PNS:ParamNames, CVS:ParamNames, (FV:String, FVR:ParamNames), BODY:Stmts, CM:Map) => #mkLambda(PNS, CVS, FVR, BODY, CM [ FV <- {M[FV]}:>Val ]) ... </k> <env> L:Int </env> <scopes> ... L |-> scope(M:Map, _) ... </scopes> requires FV in_keys(M)
683	reference-semantics/semantics/functions.k	59	rule		supplied operational semantic rule	SELECTED_SEMANTICS_BOUNDARY	rule <k> #mkLambda(PNS:ParamNames, CVS:ParamNames, .ParamNames, BODY:Stmts, CM:Map) => closureValC(PNS, CVS, BODY, CM) ... </k>
684	reference-semantics/semantics/functions.k	63	rule		supplied operational semantic rule	SELECTED_SEMANTICS_BOUNDARY	rule <k> #bindP(.ParamNames, .Vals) => .K ... </k>
685	reference-semantics/semantics/functions.k	64	rule		supplied operational semantic rule	SELECTED_SEMANTICS_BOUNDARY	rule <k> #bindP((P:String, PS:ParamNames), (V:Val, VS:Vals)) => #bindP(PS, VS) ... </k> <env> L:Int </env> <scopes> ... L |-> scope(M:Map => M [ P <- V ], _) ... </scopes>
686	reference-semantics/semantics/functions.k	68	rule	priority	supplied operational semantic rule	SELECTED_SEMANTICS_BOUNDARY	rule <k> #bindP((P:String, PS:ParamNames), (V:Val, VS:Vals)) => #cellW({M[P]}:>Val, V) ~> #bindP(PS, VS) ... </k> <env> L:Int </env> <scopes> ... L |-> scope(M:Map, _) ... </scopes> requires "$cells" in_keys(M) andBool pnMember(P, cellsOf({M["$cells"]}:>Val)) andBool P in_keys(M) andBool isCellRef({M[P]}:>Val) [priority(40)]
687	reference-semantics/semantics/functions.k	78	rule		supplied operational semantic rule	SELECTED_SEMANTICS_BOUNDARY	rule <k> Return(V:Val) ~> _ => #pop </k> <ret> noRet => retV(V) </ret>
688	reference-semantics/semantics/functions.k	80	rule		supplied operational semantic rule	SELECTED_SEMANTICS_BOUNDARY	rule <k> #endcall => #pop ... </k> <ret> noRet => retV(noneV) </ret>
689	reference-semantics/semantics/functions.k	85	rule		supplied operational semantic rule	SELECTED_SEMANTICS_BOUNDARY	rule <k> #pop => V ~> CONT </k> <ret>   retV(V) => noRet </ret> <stack> ListItem(frame(CONT:K, CALLERL:Int, SAVEDL:Int)) => .List ... </stack> <env>   L:Int => CALLERL </env> <scopes> SC:Map => SC [ L <- undef ] </scopes> <scopeLoc> _ => SAVEDL </scopeLoc>
690	reference-semantics/semantics/functions.k	91	endmodule		module/import plumbing	STRUCTURAL	endmodule
691	reference-semantics/semantics/int.k	4	module		module/import plumbing	STRUCTURAL	module MPY-INT
692	reference-semantics/semantics/int.k	5	imports		module/import plumbing	STRUCTURAL	imports MPY-CORE
693	reference-semantics/semantics/int.k	7	rule		supplied equational semantic rule	SELECTED_SEMANTICS_BOUNDARY	rule applyUn("-", I:Int) => 0 -Int I
694	reference-semantics/semantics/int.k	9	rule		supplied equational semantic rule	SELECTED_SEMANTICS_BOUNDARY	rule applyBin("+",  I1:Int, I2:Int) => I1 +Int I2
695	reference-semantics/semantics/int.k	11	rule		supplied equational semantic rule	SELECTED_SEMANTICS_BOUNDARY	rule applyBin("+",  I:Int, B:Bool) => I +Int #if B #then 1 #else 0 #fi
696	reference-semantics/semantics/int.k	12	rule		supplied equational semantic rule	SELECTED_SEMANTICS_BOUNDARY	rule applyBin("+",  B:Bool, I:Int) => #if B #then 1 #else 0 #fi +Int I
697	reference-semantics/semantics/int.k	13	rule		supplied equational semantic rule	SELECTED_SEMANTICS_BOUNDARY	rule applyBin("-",  I1:Int, I2:Int) => I1 -Int I2
698	reference-semantics/semantics/int.k	14	rule		supplied equational semantic rule	SELECTED_SEMANTICS_BOUNDARY	rule applyBin("*",  I1:Int, I2:Int) => I1 *Int I2
699	reference-semantics/semantics/int.k	15	rule		supplied equational semantic rule	SELECTED_SEMANTICS_BOUNDARY	rule applyBin("%",  I1:Int, I2:Int) => pyMod(I1, I2)
700	reference-semantics/semantics/int.k	16	rule		supplied equational semantic rule	SELECTED_SEMANTICS_BOUNDARY	rule applyBin("
701	reference-semantics/semantics/int.k	17	rule		supplied equational semantic rule	SELECTED_SEMANTICS_BOUNDARY	rule applyBin("**", I1:Int, I2:Int) => I1 ^Int I2 requires I2 >=Int 0
702	reference-semantics/semantics/int.k	19	syntax	function	supplied syntax/declaration	SELECTED_SEMANTICS_BOUNDARY	syntax Int ::= pyMod(Int, Int) [function]
703	reference-semantics/semantics/int.k	20	rule		supplied equational semantic rule	SELECTED_SEMANTICS_BOUNDARY	rule pyMod(I1:Int, I2:Int) => ((I1 %Int I2) +Int I2) %Int I2
704	reference-semantics/semantics/int.k	22	rule		supplied equational semantic rule	SELECTED_SEMANTICS_BOUNDARY	rule applyCmp("<",  I1:Int, I2:Int)   => I1 <Int  I2
705	reference-semantics/semantics/int.k	23	rule		supplied equational semantic rule	SELECTED_SEMANTICS_BOUNDARY	rule applyCmp("<=", I1:Int, I2:Int)   => I1 <=Int I2
706	reference-semantics/semantics/int.k	24	rule		supplied equational semantic rule	SELECTED_SEMANTICS_BOUNDARY	rule applyCmp(">",  I1:Int, I2:Int)   => I1 >Int  I2
707	reference-semantics/semantics/int.k	25	rule		supplied equational semantic rule	SELECTED_SEMANTICS_BOUNDARY	rule applyCmp(">=", I1:Int, I2:Int)   => I1 >=Int I2
708	reference-semantics/semantics/int.k	26	rule		supplied equational semantic rule	SELECTED_SEMANTICS_BOUNDARY	rule applyCmp("==", I1:Int, I2:Int)   => I1 ==Int I2
709	reference-semantics/semantics/int.k	27	rule		supplied equational semantic rule	SELECTED_SEMANTICS_BOUNDARY	rule applyCmp("!=", I1:Int, I2:Int)   => I1 =/=Int I2
710	reference-semantics/semantics/int.k	28	endmodule		module/import plumbing	STRUCTURAL	endmodule
711	reference-semantics/semantics/iter.k	6	module		module/import plumbing	STRUCTURAL	module MPY-ITER
712	reference-semantics/semantics/iter.k	7	imports		module/import plumbing	STRUCTURAL	imports MPY-CORE
713	reference-semantics/semantics/iter.k	8	syntax		supplied syntax/declaration	SELECTED_SEMANTICS_BOUNDARY	syntax KItem ::= #iterNext(Iterable) | "#iterDone" | #iterYield(Val, Iterable)
714	reference-semantics/semantics/iter.k	9	endmodule		module/import plumbing	STRUCTURAL	endmodule
715	reference-semantics/semantics/list.k	3	module		module/import plumbing	STRUCTURAL	module MPY-LIST
716	reference-semantics/semantics/list.k	4	imports		module/import plumbing	STRUCTURAL	imports MPY-CORE
717	reference-semantics/semantics/list.k	5	imports		module/import plumbing	STRUCTURAL	imports MPY-ITER
718	reference-semantics/semantics/list.k	6	imports		module/import plumbing	STRUCTURAL	imports MPY-OPERATORS
719	reference-semantics/semantics/list.k	9	rule		supplied operational semantic rule	SELECTED_SEMANTICS_BOUNDARY	rule <k> #iterNext(list(.ValSeq))                => #iterDone ... </k>
720	reference-semantics/semantics/list.k	10	rule		supplied operational semantic rule	SELECTED_SEMANTICS_BOUNDARY	rule <k> #iterNext(list(vCons(V:Val, R:ValSeq))) => #iterYield(V, list(R)) ... </k>
721	reference-semantics/semantics/list.k	13	syntax		supplied syntax/declaration	SELECTED_SEMANTICS_BOUNDARY	syntax ApplyK ::= "toList"
722	reference-semantics/semantics/list.k	14	rule		supplied operational semantic rule	SELECTED_SEMANTICS_BOUNDARY	rule <k> ListExpr(ES:Exprs) => #evalArgs(ES, .Vals, toList) ... </k>
723	reference-semantics/semantics/list.k	15	rule		supplied operational semantic rule	SELECTED_SEMANTICS_BOUNDARY	rule <k> #applyK(toList, ACC:Vals) => #alloc(list(vals2valSeq(ACC))) ... </k>
724	reference-semantics/semantics/list.k	18	syntax	function,total	supplied syntax/declaration	SELECTED_SEMANTICS_BOUNDARY	syntax ValSeq ::= valSeqConcat(ValSeq, ValSeq) [function, total]
725	reference-semantics/semantics/list.k	19	rule		supplied equational semantic rule	SELECTED_SEMANTICS_BOUNDARY	rule valSeqConcat(.ValSeq, T:ValSeq)                => T
726	reference-semantics/semantics/list.k	20	rule		supplied equational semantic rule	SELECTED_SEMANTICS_BOUNDARY	rule valSeqConcat(vCons(V:Val, S:ValSeq), T:ValSeq) => vCons(V, valSeqConcat(S, T))
727	reference-semantics/semantics/list.k	24	rule	priority	supplied operational semantic rule	SELECTED_SEMANTICS_BOUNDARY	rule <k> BinOp("+", list(A:ValSeq), list(B:ValSeq)) => #alloc(list(valSeqConcat(A, B))) ... </k> [priority(45)]
728	reference-semantics/semantics/list.k	27	rule		supplied equational semantic rule	SELECTED_SEMANTICS_BOUNDARY	rule applyCmp("==", list(A:ValSeq), list(B:ValSeq)) => A ==K B
729	reference-semantics/semantics/list.k	28	rule		supplied equational semantic rule	SELECTED_SEMANTICS_BOUNDARY	rule applyCmp("!=", list(A:ValSeq), list(B:ValSeq)) => notBool (A ==K B)
730	reference-semantics/semantics/list.k	33	syntax	function,total	supplied syntax/declaration	SELECTED_SEMANTICS_BOUNDARY	syntax Bool ::= hasRefVS(ValSeq) [function, total]
731	reference-semantics/semantics/list.k	34	rule		supplied equational semantic rule	SELECTED_SEMANTICS_BOUNDARY	rule hasRefVS(.ValSeq)                => false
732	reference-semantics/semantics/list.k	35	rule		supplied equational semantic rule	SELECTED_SEMANTICS_BOUNDARY	rule hasRefVS(vCons(V:Val, R:ValSeq)) => isRefV(V) orBool hasRefVS(R)
733	reference-semantics/semantics/list.k	37	syntax	function	supplied syntax/declaration	SELECTED_SEMANTICS_BOUNDARY	syntax Bool ::= deepEqVS(ValSeq, ValSeq, Map) [function] | deepEqV(Val, Val, Map)        [function]
734	reference-semantics/semantics/list.k	39	rule		supplied equational semantic rule	SELECTED_SEMANTICS_BOUNDARY	rule deepEqVS(.ValSeq, .ValSeq, _:Map)                   => true
735	reference-semantics/semantics/list.k	40	rule		supplied equational semantic rule	SELECTED_SEMANTICS_BOUNDARY	rule deepEqVS(.ValSeq, vCons(_:Val, _:ValSeq), _:Map)    => false
736	reference-semantics/semantics/list.k	41	rule		supplied equational semantic rule	SELECTED_SEMANTICS_BOUNDARY	rule deepEqVS(vCons(_:Val, _:ValSeq), .ValSeq, _:Map)    => false
737	reference-semantics/semantics/list.k	42	rule		supplied equational semantic rule	SELECTED_SEMANTICS_BOUNDARY	rule deepEqVS(vCons(A:Val, As:ValSeq), vCons(B:Val, Bs:ValSeq), HP:Map) => deepEqV(A, B, HP) andBool deepEqVS(As, Bs, HP)
738	reference-semantics/semantics/list.k	45	rule		supplied equational semantic rule	SELECTED_SEMANTICS_BOUNDARY	rule deepEqV(ref(H:Int), B:Val, HP:Map) => deepEqV({HP[H]}:>Val, B, HP) requires H in_keys(HP)
739	reference-semantics/semantics/list.k	47	rule		supplied equational semantic rule	SELECTED_SEMANTICS_BOUNDARY	rule deepEqV(A:Val, ref(H:Int), HP:Map) => deepEqV(A, {HP[H]}:>Val, HP) requires notBool isRefV(A) andBool H in_keys(HP)
740	reference-semantics/semantics/list.k	49	rule		supplied equational semantic rule	SELECTED_SEMANTICS_BOUNDARY	rule deepEqV(list(A:ValSeq), list(B:ValSeq), HP:Map) => deepEqVS(A, B, HP)
741	reference-semantics/semantics/list.k	50	rule	owise	supplied equational semantic rule	SELECTED_SEMANTICS_BOUNDARY	rule deepEqV(A:Val, B:Val, _:Map) => A ==K B [owise]
742	reference-semantics/semantics/list.k	53	rule	priority	supplied operational semantic rule	SELECTED_SEMANTICS_BOUNDARY	rule <k> #applyK(toCall(boundMethodV(ref(H:Int), "append")), (V:Val, .Vals)) => noneV ... </k> <heap> ... H |-> list(VS:ValSeq => valSeqConcat(VS, vCons(V, .ValSeq))) ... </heap> [priority(40)]
743	reference-semantics/semantics/list.k	58	syntax		supplied syntax/declaration	SELECTED_SEMANTICS_BOUNDARY	syntax KItem ::= #memberAcc(Val, Iterable) | #memberCont(Val) | "#notB"
744	reference-semantics/semantics/list.k	59	rule		supplied operational semantic rule	SELECTED_SEMANTICS_BOUNDARY	rule <k> Compare(LV:Val, CmpOp("in",     list(VS:ValSeq))) => #memberAcc(LV, list(VS)) ... </k>
745	reference-semantics/semantics/list.k	60	rule		supplied operational semantic rule	SELECTED_SEMANTICS_BOUNDARY	rule <k> Compare(LV:Val, CmpOp("not in", list(VS:ValSeq))) => #memberAcc(LV, list(VS)) ~> #notB ... </k>
746	reference-semantics/semantics/list.k	61	rule		supplied operational semantic rule	SELECTED_SEMANTICS_BOUNDARY	rule <k> #memberAcc(V:Val, IT:Iterable) => #iterNext(IT) ~> #memberCont(V) ... </k>
747	reference-semantics/semantics/list.k	62	rule		supplied operational semantic rule	SELECTED_SEMANTICS_BOUNDARY	rule <k> #iterDone ~> #memberCont(_V:Val) => false ... </k>
748	reference-semantics/semantics/list.k	63	rule		supplied operational semantic rule	SELECTED_SEMANTICS_BOUNDARY	rule <k> #iterYield(E:Val, _:Iterable) ~> #memberCont(V:Val) => true ... </k> requires E ==K V
749	reference-semantics/semantics/list.k	65	rule		supplied operational semantic rule	SELECTED_SEMANTICS_BOUNDARY	rule <k> #iterYield(E:Val, R:Iterable) ~> #memberCont(V:Val) => #memberAcc(V, R) ... </k> requires notBool (E ==K V)
750	reference-semantics/semantics/list.k	67	rule		supplied operational semantic rule	SELECTED_SEMANTICS_BOUNDARY	rule <k> B:Bool ~> #notB => notBool B ... </k>
751	reference-semantics/semantics/list.k	68	endmodule		module/import plumbing	STRUCTURAL	endmodule
752	reference-semantics/semantics/methods.k	3	module		module/import plumbing	STRUCTURAL	module MPY-METHODS
753	reference-semantics/semantics/methods.k	4	imports		module/import plumbing	STRUCTURAL	imports MPY-CORE
754	reference-semantics/semantics/methods.k	5	imports		module/import plumbing	STRUCTURAL	imports K-EQUAL
755	reference-semantics/semantics/methods.k	6	imports		module/import plumbing	STRUCTURAL	imports MPY-STR
756	reference-semantics/semantics/methods.k	7	imports		module/import plumbing	STRUCTURAL	imports MPY-LIST
757	reference-semantics/semantics/methods.k	10	syntax	function	supplied syntax/declaration	SELECTED_SEMANTICS_BOUNDARY	syntax Val ::= applyMethod(Val, String, Vals) [function]
758	reference-semantics/semantics/methods.k	13	rule		supplied equational semantic rule	SELECTED_SEMANTICS_BOUNDARY	rule applyMethod(str(CS:IntSeq), "isupper", .Vals) => hasUpper(CS) andBool notBool hasLower(CS)
759	reference-semantics/semantics/methods.k	14	rule		supplied equational semantic rule	SELECTED_SEMANTICS_BOUNDARY	rule applyMethod(str(CS:IntSeq), "islower", .Vals) => hasLower(CS) andBool notBool hasUpper(CS)
760	reference-semantics/semantics/methods.k	15	rule		supplied equational semantic rule	SELECTED_SEMANTICS_BOUNDARY	rule applyMethod(str(CS:IntSeq), "isalpha", .Vals) => notBool (CS ==K .IntSeq) andBool allAlpha(CS)
761	reference-semantics/semantics/methods.k	16	rule		supplied equational semantic rule	SELECTED_SEMANTICS_BOUNDARY	rule applyMethod(str(CS:IntSeq), "isdigit", .Vals) => notBool (CS ==K .IntSeq) andBool allDigit(CS)
762	reference-semantics/semantics/methods.k	19	rule		supplied equational semantic rule	SELECTED_SEMANTICS_BOUNDARY	rule applyMethod(str(CS:IntSeq), "lower",    .Vals) => str(mapLower(CS))
763	reference-semantics/semantics/methods.k	20	rule		supplied equational semantic rule	SELECTED_SEMANTICS_BOUNDARY	rule applyMethod(str(CS:IntSeq), "upper",    .Vals) => str(mapUpper(CS))
764	reference-semantics/semantics/methods.k	21	rule		supplied equational semantic rule	SELECTED_SEMANTICS_BOUNDARY	rule applyMethod(str(CS:IntSeq), "swapcase", .Vals) => str(mapSwap(CS))
765	reference-semantics/semantics/methods.k	26	rule		supplied equational semantic rule	SELECTED_SEMANTICS_BOUNDARY	rule applyMethod(str(SEP:IntSeq), "join", list(VS:ValSeq), .Vals) => str(joinCodes(SEP, VS))
766	reference-semantics/semantics/methods.k	27	syntax	function,total	supplied syntax/declaration	SELECTED_SEMANTICS_BOUNDARY	syntax IntSeq ::= joinCodes(IntSeq, ValSeq) [function, total]
767	reference-semantics/semantics/methods.k	28	rule		supplied equational semantic rule	SELECTED_SEMANTICS_BOUNDARY	rule joinCodes(_:IntSeq, .ValSeq) => .IntSeq
768	reference-semantics/semantics/methods.k	29	rule		supplied equational semantic rule	SELECTED_SEMANTICS_BOUNDARY	rule joinCodes(_:IntSeq, vCons(str(CS:IntSeq), .ValSeq)) => CS
769	reference-semantics/semantics/methods.k	30	rule		supplied equational semantic rule	SELECTED_SEMANTICS_BOUNDARY	rule joinCodes(SEP:IntSeq, vCons(str(CS:IntSeq), vCons(V:Val, R:ValSeq))) => seqConcat(CS, seqConcat(SEP, joinCodes(SEP, vCons(V, R))))
770	reference-semantics/semantics/methods.k	34	rule		supplied equational semantic rule	SELECTED_SEMANTICS_BOUNDARY	rule applyMethod(str(CS:IntSeq), "count", str(PC:IntSeq), .Vals) => cntSub(CS, PC)
771	reference-semantics/semantics/methods.k	35	syntax	function	supplied syntax/declaration	SELECTED_SEMANTICS_BOUNDARY	syntax Int ::= cntSub(IntSeq, IntSeq) [function]
772	reference-semantics/semantics/methods.k	36	rule		supplied equational semantic rule	SELECTED_SEMANTICS_BOUNDARY	rule cntSub(.IntSeq, _:IntSeq) => 0
773	reference-semantics/semantics/methods.k	37	rule		supplied equational semantic rule	SELECTED_SEMANTICS_BOUNDARY	rule cntSub(iCons(C:Int, R:IntSeq), PC:IntSeq) => 1 +Int cntSub(dropIS(iCons(C, R), isLen(PC)), PC) requires strPrefix(PC, iCons(C, R)) andBool isLen(PC) >Int 0
774	reference-semantics/semantics/methods.k	39	rule		supplied equational semantic rule	SELECTED_SEMANTICS_BOUNDARY	rule cntSub(iCons(C:Int, R:IntSeq), PC:IntSeq) => cntSub(R, PC) requires notBool strPrefix(PC, iCons(C, R)) orBool isLen(PC) <=Int 0
775	reference-semantics/semantics/methods.k	41	syntax	function,total	supplied syntax/declaration	SELECTED_SEMANTICS_BOUNDARY	syntax IntSeq ::= dropIS(IntSeq, Int) [function, total]
776	reference-semantics/semantics/methods.k	42	rule		supplied equational semantic rule	SELECTED_SEMANTICS_BOUNDARY	rule dropIS(S:IntSeq, N:Int) => S requires N <=Int 0
777	reference-semantics/semantics/methods.k	43	rule	owise	supplied equational semantic rule	SELECTED_SEMANTICS_BOUNDARY	rule dropIS(.IntSeq, _:Int) => .IntSeq [owise]
778	reference-semantics/semantics/methods.k	44	rule		supplied equational semantic rule	SELECTED_SEMANTICS_BOUNDARY	rule dropIS(iCons(_:Int, R:IntSeq), N:Int) => dropIS(R, N -Int 1) requires N >Int 0
779	reference-semantics/semantics/methods.k	47	rule		supplied equational semantic rule	SELECTED_SEMANTICS_BOUNDARY	rule applyMethod(str(CS:IntSeq), "strip", .Vals) => str(revIS(trimWS(revIS(trimWS(CS)))))
780	reference-semantics/semantics/methods.k	48	syntax	function,total	supplied syntax/declaration	SELECTED_SEMANTICS_BOUNDARY	syntax IntSeq ::= trimWS(IntSeq) [function, total]
781	reference-semantics/semantics/methods.k	49	rule		supplied equational semantic rule	SELECTED_SEMANTICS_BOUNDARY	rule trimWS(.IntSeq) => .IntSeq
782	reference-semantics/semantics/methods.k	50	rule		supplied equational semantic rule	SELECTED_SEMANTICS_BOUNDARY	rule trimWS(iCons(C:Int, R:IntSeq)) => trimWS(R) requires isWSC(C)
783	reference-semantics/semantics/methods.k	51	rule		supplied equational semantic rule	SELECTED_SEMANTICS_BOUNDARY	rule trimWS(iCons(C:Int, R:IntSeq)) => iCons(C, R) requires notBool isWSC(C)
784	reference-semantics/semantics/methods.k	52	syntax	function,total	supplied syntax/declaration	SELECTED_SEMANTICS_BOUNDARY	syntax IntSeq ::= revIS(IntSeq) [function, total] | revISAcc(IntSeq, IntSeq) [function, total]
785	reference-semantics/semantics/methods.k	53	rule		supplied equational semantic rule	SELECTED_SEMANTICS_BOUNDARY	rule revIS(S:IntSeq) => revISAcc(S, .IntSeq)
786	reference-semantics/semantics/methods.k	54	rule		supplied equational semantic rule	SELECTED_SEMANTICS_BOUNDARY	rule revISAcc(.IntSeq, A:IntSeq) => A
787	reference-semantics/semantics/methods.k	55	rule		supplied equational semantic rule	SELECTED_SEMANTICS_BOUNDARY	rule revISAcc(iCons(C:Int, R:IntSeq), A:IntSeq) => revISAcc(R, iCons(C, A))
788	reference-semantics/semantics/methods.k	58	rule		supplied equational semantic rule	SELECTED_SEMANTICS_BOUNDARY	rule applyMethod(str(CS:IntSeq), "encode", str(_:IntSeq), .Vals) => str(CS)
789	reference-semantics/semantics/methods.k	61	rule		supplied equational semantic rule	SELECTED_SEMANTICS_BOUNDARY	rule applyMethod(str(XC:IntSeq), "startswith", str(PC:IntSeq), .Vals) => startsWith(PC, XC)
790	reference-semantics/semantics/methods.k	64	rule		supplied equational semantic rule	SELECTED_SEMANTICS_BOUNDARY	rule applyMethod(list(VS:ValSeq), "count", V:Val, .Vals) => cntOccVS(VS, V)
791	reference-semantics/semantics/methods.k	65	syntax	function,total	supplied syntax/declaration	SELECTED_SEMANTICS_BOUNDARY	syntax Int ::= cntOccVS(ValSeq, Val) [function, total]
792	reference-semantics/semantics/methods.k	66	rule		supplied equational semantic rule	SELECTED_SEMANTICS_BOUNDARY	rule cntOccVS(.ValSeq, _:Val)                => 0
793	reference-semantics/semantics/methods.k	67	rule		supplied equational semantic rule	SELECTED_SEMANTICS_BOUNDARY	rule cntOccVS(vCons(A:Val, R:ValSeq), V:Val) => 1 +Int cntOccVS(R, V) requires A ==K V
794	reference-semantics/semantics/methods.k	68	rule		supplied equational semantic rule	SELECTED_SEMANTICS_BOUNDARY	rule cntOccVS(vCons(A:Val, R:ValSeq), V:Val) => cntOccVS(R, V)        requires notBool (A ==K V)
795	reference-semantics/semantics/methods.k	72	rule	priority	supplied operational semantic rule	SELECTED_SEMANTICS_BOUNDARY	rule <k> #applyK(toCall(boundMethodV(str(CS:IntSeq), "split")), .Vals) => #alloc(list(splitWS(CS, .IntSeq, .ValSeq))) ... </k> [priority(40)]
796	reference-semantics/semantics/methods.k	75	syntax	function	supplied syntax/declaration	SELECTED_SEMANTICS_BOUNDARY	syntax ValSeq ::= splitWS(IntSeq, IntSeq, ValSeq) [function]
797	reference-semantics/semantics/methods.k	76	rule		supplied equational semantic rule	SELECTED_SEMANTICS_BOUNDARY	rule splitWS(.IntSeq, CUR:IntSeq, ACC:ValSeq) => flushTok(ACC, CUR)
798	reference-semantics/semantics/methods.k	77	rule		supplied equational semantic rule	SELECTED_SEMANTICS_BOUNDARY	rule splitWS(iCons(C:Int, R:IntSeq), CUR:IntSeq, ACC:ValSeq) => splitWS(R, .IntSeq, flushTok(ACC, CUR)) requires isWSC(C)
799	reference-semantics/semantics/methods.k	79	rule		supplied equational semantic rule	SELECTED_SEMANTICS_BOUNDARY	rule splitWS(iCons(C:Int, R:IntSeq), CUR:IntSeq, ACC:ValSeq) => splitWS(R, seqConcat(CUR, iCons(C, .IntSeq)), ACC) requires notBool isWSC(C)
800	reference-semantics/semantics/methods.k	82	syntax	function	supplied syntax/declaration	SELECTED_SEMANTICS_BOUNDARY	syntax ValSeq ::= flushTok(ValSeq, IntSeq) [function]
801	reference-semantics/semantics/methods.k	83	rule		supplied equational semantic rule	SELECTED_SEMANTICS_BOUNDARY	rule flushTok(ACC:ValSeq, .IntSeq)            => ACC
802	reference-semantics/semantics/methods.k	84	rule		supplied equational semantic rule	SELECTED_SEMANTICS_BOUNDARY	rule flushTok(ACC:ValSeq, iCons(C:Int, T:IntSeq)) => valSeqConcat(ACC, vCons(str(iCons(C, T)), .ValSeq))
803	reference-semantics/semantics/methods.k	85	syntax	function,total	supplied syntax/declaration	SELECTED_SEMANTICS_BOUNDARY	syntax Bool ::= isWSC(Int) [function, total]
804	reference-semantics/semantics/methods.k	86	rule		supplied equational semantic rule	SELECTED_SEMANTICS_BOUNDARY	rule isWSC(C:Int) => C ==Int 32 orBool C ==Int 9 orBool C ==Int 10 orBool C ==Int 13
805	reference-semantics/semantics/methods.k	89	rule	priority	supplied operational semantic rule	SELECTED_SEMANTICS_BOUNDARY	rule <k> #applyK(toCall(boundMethodV(str(CS:IntSeq), "split")), (kwV("sep", str(S:IntSeq)), .Vals)) => #applyK(toCall(boundMethodV(str(CS), "split")), (str(S), .Vals)) ... </k> [priority(39)]
806	reference-semantics/semantics/methods.k	94	rule	priority	supplied operational semantic rule	SELECTED_SEMANTICS_BOUNDARY	rule <k> #applyK(toCall(boundMethodV(str(CS:IntSeq), "split")), (str(iCons(SEP:Int, .IntSeq)), .Vals)) => #alloc(list(splitSep(CS, SEP, .IntSeq))) ... </k> [priority(40)]
807	reference-semantics/semantics/methods.k	97	syntax	function	supplied syntax/declaration	SELECTED_SEMANTICS_BOUNDARY	syntax ValSeq ::= splitSep(IntSeq, Int, IntSeq) [function]
808	reference-semantics/semantics/methods.k	98	rule		supplied equational semantic rule	SELECTED_SEMANTICS_BOUNDARY	rule splitSep(.IntSeq, _SEP:Int, CUR:IntSeq)              => vCons(str(CUR), .ValSeq)
809	reference-semantics/semantics/methods.k	99	rule		supplied equational semantic rule	SELECTED_SEMANTICS_BOUNDARY	rule splitSep(iCons(C:Int, R:IntSeq), SEP:Int, CUR:IntSeq) => vCons(str(CUR), splitSep(R, SEP, .IntSeq)) requires C ==Int SEP
810	reference-semantics/semantics/methods.k	101	rule		supplied equational semantic rule	SELECTED_SEMANTICS_BOUNDARY	rule splitSep(iCons(C:Int, R:IntSeq), SEP:Int, CUR:IntSeq) => splitSep(R, SEP, seqConcat(CUR, iCons(C, .IntSeq))) requires notBool (C ==Int SEP)
811	reference-semantics/semantics/methods.k	104	rule		supplied equational semantic rule	SELECTED_SEMANTICS_BOUNDARY	rule applyMethod(str(CS:IntSeq), "replace", str(iCons(A:Int, .IntSeq)), str(iCons(B:Int, .IntSeq)), .Vals) => str(replaceC(CS, A, B))
812	reference-semantics/semantics/methods.k	106	syntax	function,total	supplied syntax/declaration	SELECTED_SEMANTICS_BOUNDARY	syntax IntSeq ::= replaceC(IntSeq, Int, Int) [function, total]
813	reference-semantics/semantics/methods.k	107	rule		supplied equational semantic rule	SELECTED_SEMANTICS_BOUNDARY	rule replaceC(.IntSeq, _:Int, _:Int)             => .IntSeq
814	reference-semantics/semantics/methods.k	108	rule		supplied equational semantic rule	SELECTED_SEMANTICS_BOUNDARY	rule replaceC(iCons(C:Int, R:IntSeq), A:Int, B:Int) => iCons(B, replaceC(R, A, B)) requires C ==Int A
815	reference-semantics/semantics/methods.k	109	rule		supplied equational semantic rule	SELECTED_SEMANTICS_BOUNDARY	rule replaceC(iCons(C:Int, R:IntSeq), A:Int, B:Int) => iCons(C, replaceC(R, A, B)) requires notBool (C ==Int A)
816	reference-semantics/semantics/methods.k	112	syntax	function,total	supplied syntax/declaration	SELECTED_SEMANTICS_BOUNDARY	syntax Bool ::= isUpperC(Int) [function, total]
817	reference-semantics/semantics/methods.k	113	rule		supplied equational semantic rule	SELECTED_SEMANTICS_BOUNDARY	rule isUpperC(C:Int) => C >=Int 65 andBool C <=Int 90
818	reference-semantics/semantics/methods.k	115	syntax	function,total	supplied syntax/declaration	SELECTED_SEMANTICS_BOUNDARY	syntax Bool ::= isLowerC(Int) [function, total]
819	reference-semantics/semantics/methods.k	116	rule		supplied equational semantic rule	SELECTED_SEMANTICS_BOUNDARY	rule isLowerC(C:Int) => C >=Int 97 andBool C <=Int 122
820	reference-semantics/semantics/methods.k	118	syntax	function,total	supplied syntax/declaration	SELECTED_SEMANTICS_BOUNDARY	syntax Bool ::= isAlphaC(Int) [function, total]
821	reference-semantics/semantics/methods.k	119	rule		supplied equational semantic rule	SELECTED_SEMANTICS_BOUNDARY	rule isAlphaC(C:Int) => isUpperC(C) orBool isLowerC(C)
822	reference-semantics/semantics/methods.k	121	syntax	function,total	supplied syntax/declaration	SELECTED_SEMANTICS_BOUNDARY	syntax Bool ::= isDigitC(Int) [function, total]
823	reference-semantics/semantics/methods.k	122	rule		supplied equational semantic rule	SELECTED_SEMANTICS_BOUNDARY	rule isDigitC(C:Int) => C >=Int 48 andBool C <=Int 57
824	reference-semantics/semantics/methods.k	124	syntax	function,total	supplied syntax/declaration	SELECTED_SEMANTICS_BOUNDARY	syntax Bool ::= hasUpper(IntSeq) [function, total]
825	reference-semantics/semantics/methods.k	125	rule		supplied equational semantic rule	SELECTED_SEMANTICS_BOUNDARY	rule hasUpper(.IntSeq) => false
826	reference-semantics/semantics/methods.k	126	rule		supplied equational semantic rule	SELECTED_SEMANTICS_BOUNDARY	rule hasUpper(iCons(C:Int, S:IntSeq)) => isUpperC(C) orBool hasUpper(S)
827	reference-semantics/semantics/methods.k	128	syntax	function,total	supplied syntax/declaration	SELECTED_SEMANTICS_BOUNDARY	syntax Bool ::= hasLower(IntSeq) [function, total]
828	reference-semantics/semantics/methods.k	129	rule		supplied equational semantic rule	SELECTED_SEMANTICS_BOUNDARY	rule hasLower(.IntSeq) => false
829	reference-semantics/semantics/methods.k	130	rule		supplied equational semantic rule	SELECTED_SEMANTICS_BOUNDARY	rule hasLower(iCons(C:Int, S:IntSeq)) => isLowerC(C) orBool hasLower(S)
830	reference-semantics/semantics/methods.k	132	syntax	function,total	supplied syntax/declaration	SELECTED_SEMANTICS_BOUNDARY	syntax Bool ::= allAlpha(IntSeq) [function, total]
831	reference-semantics/semantics/methods.k	133	rule		supplied equational semantic rule	SELECTED_SEMANTICS_BOUNDARY	rule allAlpha(.IntSeq) => true
832	reference-semantics/semantics/methods.k	134	rule		supplied equational semantic rule	SELECTED_SEMANTICS_BOUNDARY	rule allAlpha(iCons(C:Int, S:IntSeq)) => isAlphaC(C) andBool allAlpha(S)
833	reference-semantics/semantics/methods.k	136	syntax	function,total	supplied syntax/declaration	SELECTED_SEMANTICS_BOUNDARY	syntax Bool ::= allDigit(IntSeq) [function, total]
834	reference-semantics/semantics/methods.k	137	rule		supplied equational semantic rule	SELECTED_SEMANTICS_BOUNDARY	rule allDigit(.IntSeq) => true
835	reference-semantics/semantics/methods.k	138	rule		supplied equational semantic rule	SELECTED_SEMANTICS_BOUNDARY	rule allDigit(iCons(C:Int, S:IntSeq)) => isDigitC(C) andBool allDigit(S)
836	reference-semantics/semantics/methods.k	140	syntax	function,total	supplied syntax/declaration	SELECTED_SEMANTICS_BOUNDARY	syntax Int ::= lowerC(Int) [function, total]
837	reference-semantics/semantics/methods.k	142	rule		supplied equational semantic rule	SELECTED_SEMANTICS_BOUNDARY	rule lowerC(C:Int) => C +Int 32 requires isUpperC(C)
838	reference-semantics/semantics/methods.k	143	rule	owise	supplied equational semantic rule	SELECTED_SEMANTICS_BOUNDARY	rule lowerC(C:Int) => C         [owise]
839	reference-semantics/semantics/methods.k	145	syntax	function,total	supplied syntax/declaration	SELECTED_SEMANTICS_BOUNDARY	syntax Int ::= upperC(Int) [function, total]
840	reference-semantics/semantics/methods.k	146	rule		supplied equational semantic rule	SELECTED_SEMANTICS_BOUNDARY	rule upperC(C:Int) => C -Int 32 requires isLowerC(C)
841	reference-semantics/semantics/methods.k	147	rule	owise	supplied equational semantic rule	SELECTED_SEMANTICS_BOUNDARY	rule upperC(C:Int) => C         [owise]
842	reference-semantics/semantics/methods.k	149	syntax	function,total	supplied syntax/declaration	SELECTED_SEMANTICS_BOUNDARY	syntax Int ::= swapC(Int) [function, total]
843	reference-semantics/semantics/methods.k	150	rule		supplied equational semantic rule	SELECTED_SEMANTICS_BOUNDARY	rule swapC(C:Int) => C +Int 32 requires isUpperC(C)
844	reference-semantics/semantics/methods.k	151	rule		supplied equational semantic rule	SELECTED_SEMANTICS_BOUNDARY	rule swapC(C:Int) => C -Int 32 requires isLowerC(C)
845	reference-semantics/semantics/methods.k	152	rule	owise	supplied equational semantic rule	SELECTED_SEMANTICS_BOUNDARY	rule swapC(C:Int) => C         [owise]
846	reference-semantics/semantics/methods.k	154	syntax	function,total	supplied syntax/declaration	SELECTED_SEMANTICS_BOUNDARY	syntax IntSeq ::= mapLower(IntSeq) [function, total]
847	reference-semantics/semantics/methods.k	155	rule		supplied equational semantic rule	SELECTED_SEMANTICS_BOUNDARY	rule mapLower(.IntSeq) => .IntSeq
848	reference-semantics/semantics/methods.k	156	rule		supplied equational semantic rule	SELECTED_SEMANTICS_BOUNDARY	rule mapLower(iCons(C:Int, S:IntSeq)) => iCons(lowerC(C), mapLower(S))
849	reference-semantics/semantics/methods.k	158	syntax	function,total	supplied syntax/declaration	SELECTED_SEMANTICS_BOUNDARY	syntax IntSeq ::= mapUpper(IntSeq) [function, total]
850	reference-semantics/semantics/methods.k	159	rule		supplied equational semantic rule	SELECTED_SEMANTICS_BOUNDARY	rule mapUpper(.IntSeq) => .IntSeq
851	reference-semantics/semantics/methods.k	160	rule		supplied equational semantic rule	SELECTED_SEMANTICS_BOUNDARY	rule mapUpper(iCons(C:Int, S:IntSeq)) => iCons(upperC(C), mapUpper(S))
852	reference-semantics/semantics/methods.k	162	syntax	function,total	supplied syntax/declaration	SELECTED_SEMANTICS_BOUNDARY	syntax IntSeq ::= mapSwap(IntSeq) [function, total]
853	reference-semantics/semantics/methods.k	163	rule		supplied equational semantic rule	SELECTED_SEMANTICS_BOUNDARY	rule mapSwap(.IntSeq) => .IntSeq
854	reference-semantics/semantics/methods.k	164	rule		supplied equational semantic rule	SELECTED_SEMANTICS_BOUNDARY	rule mapSwap(iCons(C:Int, S:IntSeq)) => iCons(swapC(C), mapSwap(S))
855	reference-semantics/semantics/methods.k	166	syntax	function,total	supplied syntax/declaration	SELECTED_SEMANTICS_BOUNDARY	syntax Bool ::= startsWith(IntSeq, IntSeq) [function, total]
856	reference-semantics/semantics/methods.k	167	rule		supplied equational semantic rule	SELECTED_SEMANTICS_BOUNDARY	rule startsWith(.IntSeq, _:IntSeq)               => true
857	reference-semantics/semantics/methods.k	168	rule		supplied equational semantic rule	SELECTED_SEMANTICS_BOUNDARY	rule startsWith(iCons(_:Int, _:IntSeq), .IntSeq) => false
858	reference-semantics/semantics/methods.k	169	rule		supplied equational semantic rule	SELECTED_SEMANTICS_BOUNDARY	rule startsWith(iCons(A:Int, As:IntSeq), iCons(B:Int, Bs:IntSeq)) => A ==Int B andBool startsWith(As, Bs)
859	reference-semantics/semantics/methods.k	170	endmodule		module/import plumbing	STRUCTURAL	endmodule
860	reference-semantics/semantics/operators.k	6	module		module/import plumbing	STRUCTURAL	module MPY-OPERATORS
861	reference-semantics/semantics/operators.k	7	imports		module/import plumbing	STRUCTURAL	imports MPY-CORE
862	reference-semantics/semantics/operators.k	8	imports		module/import plumbing	STRUCTURAL	imports MPY-ITER
863	reference-semantics/semantics/operators.k	10	rule		supplied operational semantic rule	SELECTED_SEMANTICS_BOUNDARY	rule <k> UnaryOp(OP:String, V:Val) => applyUn(OP, V) ... </k>
864	reference-semantics/semantics/operators.k	12	rule		supplied operational semantic rule	SELECTED_SEMANTICS_BOUNDARY	rule <k> BinOp(OP:String, L:Val, R:Val) => applyBin(OP, L, R) ... </k>
865	reference-semantics/semantics/operators.k	15	context		supplied evaluation context	SELECTED_SEMANTICS_BOUNDARY	context Compare(HOLE, _)
866	reference-semantics/semantics/operators.k	16	context		supplied evaluation context	SELECTED_SEMANTICS_BOUNDARY	context Compare(_:Val, CmpOp(_, HOLE))
867	reference-semantics/semantics/operators.k	17	rule	owise	supplied operational semantic rule	SELECTED_SEMANTICS_BOUNDARY	rule <k> Compare(LV:Val, CmpOp(OP:String, RV:Val)) => applyCmp(OP, LV, RV) ... </k> [owise]
868	reference-semantics/semantics/operators.k	19	rule		supplied equational semantic rule	SELECTED_SEMANTICS_BOUNDARY	rule applyCmp("is",     V:Val, noneV) => V ==K noneV
869	reference-semantics/semantics/operators.k	20	rule		supplied equational semantic rule	SELECTED_SEMANTICS_BOUNDARY	rule applyCmp("is not", V:Val, noneV) => notBool (V ==K noneV)
870	reference-semantics/semantics/operators.k	25	rule	priority	supplied operational semantic rule	SELECTED_SEMANTICS_BOUNDARY	rule <k> BinOp(OP:String, ref(H:Int), R:Expr) => BinOp(OP, V, R) ... </k> <heap> ... H |-> V:Val ... </heap> [priority(40)]
871	reference-semantics/semantics/operators.k	28	rule	priority	supplied operational semantic rule	SELECTED_SEMANTICS_BOUNDARY	rule <k> BinOp(OP:String, L:Val, ref(H:Int)) => BinOp(OP, L, V) ... </k> <heap> ... H |-> V:Val ... </heap> requires notBool isRefV(L) [priority(40)]
872	reference-semantics/semantics/operators.k	34	rule	priority	supplied operational semantic rule	SELECTED_SEMANTICS_BOUNDARY	rule <k> Compare(ref(H:Int), CmpOp(OP:String, R:Expr)) => Compare(V, CmpOp(OP, R)) ... </k> <heap> ... H |-> V:Val ... </heap> requires OP =/=String "in" andBool OP =/=String "not in" [priority(40)]
873	reference-semantics/semantics/operators.k	38	rule	priority	supplied operational semantic rule	SELECTED_SEMANTICS_BOUNDARY	rule <k> Compare(L:Val, CmpOp(OP:String, ref(H:Int))) => Compare(L, CmpOp(OP, V)) ... </k> <heap> ... H |-> V:Val ... </heap> requires notBool isRefV(L) orBool OP ==String "in" orBool OP ==String "not in" [priority(40)]
874	reference-semantics/semantics/operators.k	44	rule	priority	supplied operational semantic rule	SELECTED_SEMANTICS_BOUNDARY	rule <k> UnaryOp(OP:String, ref(H:Int)) => UnaryOp(OP, V) ... </k> <heap> ... H |-> V:Val ... </heap> [priority(40)]
875	reference-semantics/semantics/operators.k	47	endmodule		module/import plumbing	STRUCTURAL	endmodule
876	reference-semantics/semantics/range.k	5	module		module/import plumbing	STRUCTURAL	module MPY-RANGE
877	reference-semantics/semantics/range.k	6	imports		module/import plumbing	STRUCTURAL	imports MPY-CORE
878	reference-semantics/semantics/range.k	7	imports		module/import plumbing	STRUCTURAL	imports MPY-ITER
879	reference-semantics/semantics/range.k	9	syntax	function,total	supplied syntax/declaration	SELECTED_SEMANTICS_BOUNDARY	syntax Bool ::= inRange(Int, Int, Int) [function, total]
880	reference-semantics/semantics/range.k	10	rule		supplied equational semantic rule	SELECTED_SEMANTICS_BOUNDARY	rule inRange(I:Int, HI:Int, ST:Int) => (ST >Int 0 andBool I <Int HI) orBool (ST <Int 0 andBool I >Int HI)
881	reference-semantics/semantics/range.k	12	syntax	function	supplied syntax/declaration	SELECTED_SEMANTICS_BOUNDARY	syntax Int ::= rangeLen(Int, Int, Int) [function]
882	reference-semantics/semantics/range.k	13	rule		supplied equational semantic rule	SELECTED_SEMANTICS_BOUNDARY	rule rangeLen(LO:Int, HI:Int, ST:Int) => (HI -Int LO +Int ST -Int 1) /Int ST requires ST >Int 0 andBool HI >Int LO
883	reference-semantics/semantics/range.k	15	rule		supplied equational semantic rule	SELECTED_SEMANTICS_BOUNDARY	rule rangeLen(LO:Int, HI:Int, ST:Int) => (LO -Int HI -Int ST -Int 1) /Int (0 -Int ST) requires ST <Int 0 andBool HI <Int LO
884	reference-semantics/semantics/range.k	17	rule		supplied equational semantic rule	SELECTED_SEMANTICS_BOUNDARY	rule rangeLen(LO:Int, HI:Int, ST:Int) => 0 requires (ST >Int 0 andBool HI <=Int LO) orBool (ST <Int 0 andBool HI >=Int LO)
885	reference-semantics/semantics/range.k	20	rule		supplied operational semantic rule	SELECTED_SEMANTICS_BOUNDARY	rule <k> #iterNext(rangeObj(I:Int, HI:Int, ST:Int)) => #iterYield(I, rangeObj(I +Int ST, HI, ST)) ... </k> requires inRange(I, HI, ST)
886	reference-semantics/semantics/range.k	23	rule		supplied operational semantic rule	SELECTED_SEMANTICS_BOUNDARY	rule <k> #iterNext(rangeObj(I:Int, HI:Int, ST:Int)) => #iterDone ... </k> requires notBool inRange(I, HI, ST)
887	reference-semantics/semantics/range.k	25	endmodule		module/import plumbing	STRUCTURAL	endmodule
888	reference-semantics/semantics/set.k	3	module		module/import plumbing	STRUCTURAL	module MPY-SET
889	reference-semantics/semantics/set.k	4	imports		module/import plumbing	STRUCTURAL	imports MPY-CORE
890	reference-semantics/semantics/set.k	8	syntax		supplied syntax/declaration	SELECTED_SEMANTICS_BOUNDARY	syntax Val ::= setV(IntSeq)
891	reference-semantics/semantics/set.k	11	syntax	function,total	supplied syntax/declaration	SELECTED_SEMANTICS_BOUNDARY	syntax Bool ::= codeIn(Int, IntSeq) [function, total]
892	reference-semantics/semantics/set.k	12	rule		supplied equational semantic rule	SELECTED_SEMANTICS_BOUNDARY	rule codeIn(_:Int, .IntSeq)                => false
893	reference-semantics/semantics/set.k	13	rule		supplied equational semantic rule	SELECTED_SEMANTICS_BOUNDARY	rule codeIn(C:Int, iCons(H:Int, T:IntSeq)) => C ==Int H orBool codeIn(C, T)
894	reference-semantics/semantics/set.k	16	syntax	function,total	supplied syntax/declaration	SELECTED_SEMANTICS_BOUNDARY	syntax IntSeq ::= dedupCodes(IntSeq)         [function, total] | dedupFrom(IntSeq, IntSeq)  [function, total]
895	reference-semantics/semantics/set.k	18	rule		supplied equational semantic rule	SELECTED_SEMANTICS_BOUNDARY	rule dedupCodes(CS:IntSeq) => dedupFrom(CS, .IntSeq)
896	reference-semantics/semantics/set.k	19	rule		supplied equational semantic rule	SELECTED_SEMANTICS_BOUNDARY	rule dedupFrom(.IntSeq, ACC:IntSeq) => ACC
897	reference-semantics/semantics/set.k	20	rule		supplied equational semantic rule	SELECTED_SEMANTICS_BOUNDARY	rule dedupFrom(iCons(C:Int, S:IntSeq), ACC:IntSeq) => dedupFrom(S, ACC) requires codeIn(C, ACC)
898	reference-semantics/semantics/set.k	22	rule		supplied equational semantic rule	SELECTED_SEMANTICS_BOUNDARY	rule dedupFrom(iCons(C:Int, S:IntSeq), ACC:IntSeq) => dedupFrom(S, snocCode(ACC, C)) requires notBool codeIn(C, ACC)
899	reference-semantics/semantics/set.k	25	syntax	function,total	supplied syntax/declaration	SELECTED_SEMANTICS_BOUNDARY	syntax IntSeq ::= snocCode(IntSeq, Int) [function, total]
900	reference-semantics/semantics/set.k	26	rule		supplied equational semantic rule	SELECTED_SEMANTICS_BOUNDARY	rule snocCode(.IntSeq, C:Int)                => iCons(C, .IntSeq)
901	reference-semantics/semantics/set.k	27	rule		supplied equational semantic rule	SELECTED_SEMANTICS_BOUNDARY	rule snocCode(iCons(H:Int, T:IntSeq), C:Int) => iCons(H, snocCode(T, C))
902	reference-semantics/semantics/set.k	31	syntax	function,total	supplied syntax/declaration	SELECTED_SEMANTICS_BOUNDARY	syntax Bool ::= subsetCodes(IntSeq, IntSeq) [function, total]
903	reference-semantics/semantics/set.k	32	rule		supplied equational semantic rule	SELECTED_SEMANTICS_BOUNDARY	rule subsetCodes(.IntSeq, _:IntSeq)                => true
904	reference-semantics/semantics/set.k	33	rule		supplied equational semantic rule	SELECTED_SEMANTICS_BOUNDARY	rule subsetCodes(iCons(C:Int, S:IntSeq), B:IntSeq) => codeIn(C, B) andBool subsetCodes(S, B)
905	reference-semantics/semantics/set.k	35	syntax	function,total	supplied syntax/declaration	SELECTED_SEMANTICS_BOUNDARY	syntax Bool ::= sameSet(IntSeq, IntSeq) [function, total]
906	reference-semantics/semantics/set.k	36	rule		supplied equational semantic rule	SELECTED_SEMANTICS_BOUNDARY	rule sameSet(A:IntSeq, B:IntSeq) => subsetCodes(A, B) andBool subsetCodes(B, A)
907	reference-semantics/semantics/set.k	39	rule		supplied equational semantic rule	SELECTED_SEMANTICS_BOUNDARY	rule applyCmp("==", setV(A:IntSeq), setV(B:IntSeq)) => sameSet(A, B)
908	reference-semantics/semantics/set.k	40	endmodule		module/import plumbing	STRUCTURAL	endmodule
909	reference-semantics/semantics/sort.k	10	module		module/import plumbing	STRUCTURAL	module MPY-SORT
910	reference-semantics/semantics/sort.k	11	imports		module/import plumbing	STRUCTURAL	imports MPY-BUILTINS
911	reference-semantics/semantics/sort.k	12	imports		module/import plumbing	STRUCTURAL	imports MPY-SUBSCRIPT
912	reference-semantics/semantics/sort.k	18	syntax	function,total,symbol,no-evaluators	supplied syntax/declaration	SELECTED_SEMANTICS_BOUNDARY	syntax ValSeq ::= sortVS(ValSeq) [function, total, symbol(sortVS), no-evaluators]
913	reference-semantics/semantics/sort.k	19	syntax	function	supplied syntax/declaration	SELECTED_SEMANTICS_BOUNDARY	syntax ValSeq ::= insVS(Int, ValSeq) [function]
914	reference-semantics/semantics/sort.k	20	rule	concrete	supplied concrete primitive rule	SELECTED_SEMANTICS_BOUNDARY	rule sortVS(.ValSeq)                => .ValSeq          [concrete]
915	reference-semantics/semantics/sort.k	21	rule	concrete	supplied concrete primitive rule	SELECTED_SEMANTICS_BOUNDARY	rule sortVS(vCons(X:Int, R:ValSeq)) => insVS(X, sortVS(R)) [concrete]
916	reference-semantics/semantics/sort.k	22	rule	concrete	supplied concrete primitive rule	SELECTED_SEMANTICS_BOUNDARY	rule insVS(X:Int, .ValSeq)                => vCons(X, .ValSeq) [concrete]
917	reference-semantics/semantics/sort.k	23	rule	concrete	supplied concrete primitive rule	SELECTED_SEMANTICS_BOUNDARY	rule insVS(X:Int, vCons(Y:Int, R:ValSeq)) => vCons(X, vCons(Y, R)) requires X <=Int Y [concrete]
918	reference-semantics/semantics/sort.k	24	rule	concrete	supplied concrete primitive rule	SELECTED_SEMANTICS_BOUNDARY	rule insVS(X:Int, vCons(Y:Int, R:ValSeq)) => vCons(Y, insVS(X, R)) requires X  >Int Y [concrete]
919	reference-semantics/semantics/sort.k	26	syntax	function	supplied syntax/declaration	SELECTED_SEMANTICS_BOUNDARY	syntax ValSeq ::= insVSs(IntSeq, ValSeq) [function]
920	reference-semantics/semantics/sort.k	27	rule	concrete	supplied concrete primitive rule	SELECTED_SEMANTICS_BOUNDARY	rule sortVS(vCons(str(CS:IntSeq), R:ValSeq)) => insVSs(CS, sortVS(R)) [concrete]
921	reference-semantics/semantics/sort.k	28	rule	concrete	supplied concrete primitive rule	SELECTED_SEMANTICS_BOUNDARY	rule insVSs(A:IntSeq, .ValSeq) => vCons(str(A), .ValSeq) [concrete]
922	reference-semantics/semantics/sort.k	29	rule	concrete	supplied concrete primitive rule	SELECTED_SEMANTICS_BOUNDARY	rule insVSs(A:IntSeq, vCons(str(B:IntSeq), R:ValSeq)) => vCons(str(A), vCons(str(B), R)) requires strLt(A, B) orBool A ==K B [concrete]
923	reference-semantics/semantics/sort.k	31	rule	concrete	supplied concrete primitive rule	SELECTED_SEMANTICS_BOUNDARY	rule insVSs(A:IntSeq, vCons(str(B:IntSeq), R:ValSeq)) => vCons(str(B), insVSs(A, R)) requires notBool (strLt(A, B) orBool A ==K B) [concrete]
924	reference-semantics/semantics/sort.k	36	rule		supplied operational semantic rule	SELECTED_SEMANTICS_BOUNDARY	rule <k> #applyK(toCall(builtinV("sorted")), (list(VS:ValSeq), .Vals)) => #alloc(list(sortVS(VS))) ... </k>
925	reference-semantics/semantics/sort.k	40	rule	priority	supplied operational semantic rule	SELECTED_SEMANTICS_BOUNDARY	rule <k> #applyK(toCall(boundMethodV(ref(H:Int), "sort")), .Vals) => noneV ... </k> <heap> ... H |-> list(VS:ValSeq => sortVS(VS)) ... </heap> [priority(40)]
926	reference-semantics/semantics/sort.k	49	syntax	function,total,symbol,no-evaluators	supplied syntax/declaration	SELECTED_SEMANTICS_BOUNDARY	syntax ValSeq ::= sortKeyVS(ValSeq, Val) [function, total, symbol(sortKeyVS), no-evaluators]
927	reference-semantics/semantics/sort.k	51	syntax	function,total	supplied syntax/declaration	SELECTED_SEMANTICS_BOUNDARY	syntax ValSeq ::= revVS(ValSeq) [function, total] | revVSAcc(ValSeq, ValSeq) [function, total]
928	reference-semantics/semantics/sort.k	53	rule		supplied equational semantic rule	SELECTED_SEMANTICS_BOUNDARY	rule revVS(S:ValSeq) => revVSAcc(S, .ValSeq)
929	reference-semantics/semantics/sort.k	54	rule		supplied equational semantic rule	SELECTED_SEMANTICS_BOUNDARY	rule revVSAcc(.ValSeq, A:ValSeq) => A
930	reference-semantics/semantics/sort.k	55	rule		supplied equational semantic rule	SELECTED_SEMANTICS_BOUNDARY	rule revVSAcc(vCons(V:Val, R:ValSeq), A:ValSeq) => revVSAcc(R, vCons(V, A))
931	reference-semantics/semantics/sort.k	57	syntax	function,total	supplied syntax/declaration	SELECTED_SEMANTICS_BOUNDARY	syntax ValSeq ::= condRev(ValSeq, Bool) [function, total]
932	reference-semantics/semantics/sort.k	58	rule		supplied equational semantic rule	SELECTED_SEMANTICS_BOUNDARY	rule condRev(S:ValSeq, false) => S
933	reference-semantics/semantics/sort.k	59	rule		supplied equational semantic rule	SELECTED_SEMANTICS_BOUNDARY	rule condRev(S:ValSeq, true)  => revVS(S)
934	reference-semantics/semantics/sort.k	61	rule		supplied operational semantic rule	SELECTED_SEMANTICS_BOUNDARY	rule <k> #applyK(toCall(builtinV("sorted")), (list(VS:ValSeq), kwV("key", KV:Val), .Vals)) => #alloc(list(sortKeyVS(VS, KV))) ... </k>
935	reference-semantics/semantics/sort.k	63	rule		supplied operational semantic rule	SELECTED_SEMANTICS_BOUNDARY	rule <k> #applyK(toCall(builtinV("sorted")), (list(VS:ValSeq), kwV("key", KV:Val), kwV("reverse", RB:Bool), .Vals)) => #alloc(list(condRev(sortKeyVS(VS, KV), RB))) ... </k>
936	reference-semantics/semantics/sort.k	65	rule		supplied operational semantic rule	SELECTED_SEMANTICS_BOUNDARY	rule <k> #applyK(toCall(builtinV("sorted")), (list(VS:ValSeq), kwV("reverse", RB:Bool), .Vals)) => #alloc(list(condRev(sortVS(VS), RB))) ... </k>
937	reference-semantics/semantics/sort.k	72	endmodule		module/import plumbing	STRUCTURAL	endmodule
938	reference-semantics/semantics/str.k	3	module		module/import plumbing	STRUCTURAL	module MPY-STR
939	reference-semantics/semantics/str.k	4	imports		module/import plumbing	STRUCTURAL	imports MPY-CORE
940	reference-semantics/semantics/str.k	5	imports		module/import plumbing	STRUCTURAL	imports MPY-ITER
941	reference-semantics/semantics/str.k	8	rule		supplied operational semantic rule	SELECTED_SEMANTICS_BOUNDARY	rule <k> #iterNext(str(.IntSeq))                 => #iterDone ... </k>
942	reference-semantics/semantics/str.k	9	rule		supplied operational semantic rule	SELECTED_SEMANTICS_BOUNDARY	rule <k> #iterNext(str(iCons(C:Int, R:IntSeq))) => #iterYield(str(iCons(C, .IntSeq)), str(R)) ... </k>
943	reference-semantics/semantics/str.k	13	syntax	function	supplied syntax/declaration	SELECTED_SEMANTICS_BOUNDARY	syntax IntSeq ::= strToCodes(String) [function]
944	reference-semantics/semantics/str.k	14	rule		supplied operational semantic rule	SELECTED_SEMANTICS_BOUNDARY	rule <k> Str(S:String) => str(strToCodes(S)) ... </k>
945	reference-semantics/semantics/str.k	15	rule		supplied equational semantic rule	SELECTED_SEMANTICS_BOUNDARY	rule strToCodes("") => .IntSeq
946	reference-semantics/semantics/str.k	16	rule		supplied equational semantic rule	SELECTED_SEMANTICS_BOUNDARY	rule strToCodes(S:String) => iCons(ordChar(substrString(S, 0, 1)), strToCodes(substrString(S, 1, lengthString(S)))) requires S =/=String "" andBool ordChar(substrString(S, 0, 1)) <Int 128
947	reference-semantics/semantics/str.k	20	syntax	function,total	supplied syntax/declaration	SELECTED_SEMANTICS_BOUNDARY	syntax IntSeq ::= seqConcat(IntSeq, IntSeq) [function, total]
948	reference-semantics/semantics/str.k	21	rule		supplied equational semantic rule	SELECTED_SEMANTICS_BOUNDARY	rule seqConcat(.IntSeq, T:IntSeq)                => T
949	reference-semantics/semantics/str.k	22	rule		supplied equational semantic rule	SELECTED_SEMANTICS_BOUNDARY	rule seqConcat(iCons(I:Int, S:IntSeq), T:IntSeq) => iCons(I, seqConcat(S, T))
950	reference-semantics/semantics/str.k	24	rule		supplied equational semantic rule	SELECTED_SEMANTICS_BOUNDARY	rule applyBin("+",  str(A:IntSeq), str(B:IntSeq)) => str(seqConcat(A, B))
951	reference-semantics/semantics/str.k	25	rule		supplied equational semantic rule	SELECTED_SEMANTICS_BOUNDARY	rule applyCmp("==", str(A:IntSeq), str(B:IntSeq)) => A ==K B
952	reference-semantics/semantics/str.k	26	rule		supplied equational semantic rule	SELECTED_SEMANTICS_BOUNDARY	rule applyCmp("!=", str(A:IntSeq), str(B:IntSeq)) => notBool (A ==K B)
953	reference-semantics/semantics/str.k	29	rule		supplied equational semantic rule	SELECTED_SEMANTICS_BOUNDARY	rule applyCmp("in",     str(P:IntSeq), str(X:IntSeq)) => strContains(P, X)
954	reference-semantics/semantics/str.k	30	rule		supplied equational semantic rule	SELECTED_SEMANTICS_BOUNDARY	rule applyCmp("not in", str(P:IntSeq), str(X:IntSeq)) => notBool strContains(P, X)
955	reference-semantics/semantics/str.k	32	syntax	function,total	supplied syntax/declaration	SELECTED_SEMANTICS_BOUNDARY	syntax Bool ::= strPrefix(IntSeq, IntSeq) [function, total]
956	reference-semantics/semantics/str.k	33	rule		supplied equational semantic rule	SELECTED_SEMANTICS_BOUNDARY	rule strPrefix(.IntSeq, _:IntSeq)               => true
957	reference-semantics/semantics/str.k	34	rule		supplied equational semantic rule	SELECTED_SEMANTICS_BOUNDARY	rule strPrefix(iCons(_:Int, _:IntSeq), .IntSeq) => false
958	reference-semantics/semantics/str.k	35	rule		supplied equational semantic rule	SELECTED_SEMANTICS_BOUNDARY	rule strPrefix(iCons(A:Int, As:IntSeq), iCons(B:Int, Bs:IntSeq)) => A ==Int B andBool strPrefix(As, Bs)
959	reference-semantics/semantics/str.k	37	syntax	function,total	supplied syntax/declaration	SELECTED_SEMANTICS_BOUNDARY	syntax Bool ::= strContains(IntSeq, IntSeq) [function, total]
960	reference-semantics/semantics/str.k	38	rule		supplied equational semantic rule	SELECTED_SEMANTICS_BOUNDARY	rule strContains(P:IntSeq, X:IntSeq) => true  requires strPrefix(P, X)
961	reference-semantics/semantics/str.k	39	rule		supplied equational semantic rule	SELECTED_SEMANTICS_BOUNDARY	rule strContains(P:IntSeq, .IntSeq)  => false requires notBool strPrefix(P, .IntSeq)
962	reference-semantics/semantics/str.k	40	rule		supplied equational semantic rule	SELECTED_SEMANTICS_BOUNDARY	rule strContains(P:IntSeq, iCons(C:Int, Xs:IntSeq)) => strContains(P, Xs) requires notBool strPrefix(P, iCons(C, Xs))
963	reference-semantics/semantics/str.k	48	syntax	function,total	supplied syntax/declaration	SELECTED_SEMANTICS_BOUNDARY	syntax Bool ::= strLt(IntSeq, IntSeq) [function, total]
964	reference-semantics/semantics/str.k	49	rule		supplied equational semantic rule	SELECTED_SEMANTICS_BOUNDARY	rule strLt(.IntSeq, .IntSeq)                => false
965	reference-semantics/semantics/str.k	50	rule		supplied equational semantic rule	SELECTED_SEMANTICS_BOUNDARY	rule strLt(.IntSeq, iCons(_:Int, _:IntSeq)) => true
966	reference-semantics/semantics/str.k	51	rule		supplied equational semantic rule	SELECTED_SEMANTICS_BOUNDARY	rule strLt(iCons(_:Int, _:IntSeq), .IntSeq) => false
967	reference-semantics/semantics/str.k	52	rule		supplied equational semantic rule	SELECTED_SEMANTICS_BOUNDARY	rule strLt(iCons(A:Int, As:IntSeq), iCons(B:Int, Bs:IntSeq)) => true          requires A  <Int B
968	reference-semantics/semantics/str.k	53	rule		supplied equational semantic rule	SELECTED_SEMANTICS_BOUNDARY	rule strLt(iCons(A:Int, As:IntSeq), iCons(B:Int, Bs:IntSeq)) => false         requires A  >Int B
969	reference-semantics/semantics/str.k	54	rule		supplied equational semantic rule	SELECTED_SEMANTICS_BOUNDARY	rule strLt(iCons(A:Int, As:IntSeq), iCons(B:Int, Bs:IntSeq)) => strLt(As, Bs) requires A ==Int B
970	reference-semantics/semantics/str.k	56	rule		supplied equational semantic rule	SELECTED_SEMANTICS_BOUNDARY	rule applyCmp("<",  str(A:IntSeq), str(B:IntSeq)) => strLt(A, B)
971	reference-semantics/semantics/str.k	57	rule		supplied equational semantic rule	SELECTED_SEMANTICS_BOUNDARY	rule applyCmp(">",  str(A:IntSeq), str(B:IntSeq)) => strLt(B, A)
972	reference-semantics/semantics/str.k	58	rule		supplied equational semantic rule	SELECTED_SEMANTICS_BOUNDARY	rule applyCmp("<=", str(A:IntSeq), str(B:IntSeq)) => notBool strLt(B, A)
973	reference-semantics/semantics/str.k	59	rule		supplied equational semantic rule	SELECTED_SEMANTICS_BOUNDARY	rule applyCmp(">=", str(A:IntSeq), str(B:IntSeq)) => notBool strLt(A, B)
974	reference-semantics/semantics/str.k	60	endmodule		module/import plumbing	STRUCTURAL	endmodule
975	reference-semantics/semantics/subscript.k	3	module		module/import plumbing	STRUCTURAL	module MPY-SUBSCRIPT
976	reference-semantics/semantics/subscript.k	4	imports		module/import plumbing	STRUCTURAL	imports MPY-CORE
977	reference-semantics/semantics/subscript.k	11	syntax	function,total	supplied syntax/declaration	SELECTED_SEMANTICS_BOUNDARY	syntax Val ::= valSeqAt(ValSeq, Int) [function, total]
978	reference-semantics/semantics/subscript.k	12	rule		supplied equational semantic rule	SELECTED_SEMANTICS_BOUNDARY	rule valSeqAt(vCons(V:Val, _:ValSeq), 0)     => V
979	reference-semantics/semantics/subscript.k	13	rule		supplied equational semantic rule	SELECTED_SEMANTICS_BOUNDARY	rule valSeqAt(vCons(_:Val, S:ValSeq), I:Int) => valSeqAt(S, I -Int 1) requires I >Int 0
980	reference-semantics/semantics/subscript.k	16	syntax	function	supplied syntax/declaration	SELECTED_SEMANTICS_BOUNDARY	syntax Int ::= intSeqAt(IntSeq, Int) [function]
981	reference-semantics/semantics/subscript.k	17	rule		supplied equational semantic rule	SELECTED_SEMANTICS_BOUNDARY	rule intSeqAt(iCons(C:Int, _:IntSeq), 0)     => C
982	reference-semantics/semantics/subscript.k	18	rule		supplied equational semantic rule	SELECTED_SEMANTICS_BOUNDARY	rule intSeqAt(iCons(_:Int, S:IntSeq), I:Int) => intSeqAt(S, I -Int 1) requires I >Int 0
983	reference-semantics/semantics/subscript.k	21	syntax	function,total	supplied syntax/declaration	SELECTED_SEMANTICS_BOUNDARY	syntax Int ::= normIdx(Int, Int) [function, total]
984	reference-semantics/semantics/subscript.k	22	rule		supplied equational semantic rule	SELECTED_SEMANTICS_BOUNDARY	rule normIdx(I:Int, LEN:Int) => I +Int LEN requires I  <Int 0
985	reference-semantics/semantics/subscript.k	23	rule		supplied equational semantic rule	SELECTED_SEMANTICS_BOUNDARY	rule normIdx(I:Int, _:Int)   => I          requires I >=Int 0
986	reference-semantics/semantics/subscript.k	27	context		supplied evaluation context	SELECTED_SEMANTICS_BOUNDARY	context Subscript(HOLE, _)
987	reference-semantics/semantics/subscript.k	28	context		supplied evaluation context	SELECTED_SEMANTICS_BOUNDARY	context Subscript(_:Val, HOLE:Expr)
988	reference-semantics/semantics/subscript.k	31	rule	priority	supplied operational semantic rule	SELECTED_SEMANTICS_BOUNDARY	rule <k> Subscript(ref(H:Int), IX:Index) => Subscript(V, IX) ... </k> <heap> ... H |-> V:Val ... </heap> [priority(40)]
989	reference-semantics/semantics/subscript.k	35	rule		supplied operational semantic rule	SELECTED_SEMANTICS_BOUNDARY	rule <k> Subscript(OBJ:Val, I:Int) => applyIndex(OBJ, I) ... </k>
990	reference-semantics/semantics/subscript.k	37	syntax	function	supplied syntax/declaration	SELECTED_SEMANTICS_BOUNDARY	syntax Val ::= applyIndex(Val, Int) [function]
991	reference-semantics/semantics/subscript.k	38	rule		supplied equational semantic rule	SELECTED_SEMANTICS_BOUNDARY	rule applyIndex(list(VS:ValSeq),  I:Int) => valSeqAt(VS, normIdx(I, vsLen(VS)))
992	reference-semantics/semantics/subscript.k	39	rule		supplied equational semantic rule	SELECTED_SEMANTICS_BOUNDARY	rule applyIndex(tuple(VS:ValSeq), I:Int) => valSeqAt(VS, normIdx(I, vsLen(VS)))
993	reference-semantics/semantics/subscript.k	40	rule		supplied equational semantic rule	SELECTED_SEMANTICS_BOUNDARY	rule applyIndex(str(IS:IntSeq),   I:Int) => str(iCons(intSeqAt(IS, normIdx(I, isLen(IS))), .IntSeq))
994	reference-semantics/semantics/subscript.k	44	syntax		supplied syntax/declaration	SELECTED_SEMANTICS_BOUNDARY	syntax KItem ::= #evalB(Bound) | "#toSome" | #slLo(Val, Bound, Bound) | #slHi(Val, OptInt, Bound) | #slStep(Val, OptInt, OptInt)
995	reference-semantics/semantics/subscript.k	49	syntax		supplied syntax/declaration	SELECTED_SEMANTICS_BOUNDARY	syntax OptInt ::= "noB" | someB(Int)
996	reference-semantics/semantics/subscript.k	50	rule		supplied operational semantic rule	SELECTED_SEMANTICS_BOUNDARY	rule <k> #evalB(NoBound)  => noB ... </k>
997	reference-semantics/semantics/subscript.k	51	rule		supplied operational semantic rule	SELECTED_SEMANTICS_BOUNDARY	rule <k> #evalB(E:Expr)   => E ~> #toSome ... </k>
998	reference-semantics/semantics/subscript.k	52	rule		supplied operational semantic rule	SELECTED_SEMANTICS_BOUNDARY	rule <k> I:Int ~> #toSome => someB(I) ... </k>
999	reference-semantics/semantics/subscript.k	54	rule		supplied operational semantic rule	SELECTED_SEMANTICS_BOUNDARY	rule <k> Subscript(OBJ:Val, Slice(LO:Bound, HI:Bound, ST:Bound)) => #evalB(LO) ~> #slLo(OBJ, HI, ST) ... </k>
1000	reference-semantics/semantics/subscript.k	55	rule		supplied operational semantic rule	SELECTED_SEMANTICS_BOUNDARY	rule <k> LO:OptInt ~> #slLo(OBJ:Val, HI:Bound, ST:Bound)   => #evalB(HI) ~> #slHi(OBJ, LO, ST) ... </k>
1001	reference-semantics/semantics/subscript.k	56	rule		supplied operational semantic rule	SELECTED_SEMANTICS_BOUNDARY	rule <k> HI:OptInt ~> #slHi(OBJ:Val, LO:OptInt, ST:Bound)  => #evalB(ST) ~> #slStep(OBJ, LO, HI) ... </k>
1002	reference-semantics/semantics/subscript.k	58	rule	priority	supplied operational semantic rule	SELECTED_SEMANTICS_BOUNDARY	rule <k> ST:OptInt ~> #slStep(list(VS:ValSeq), LO:OptInt, HI:OptInt) => #alloc(doSlice(list(VS), LO, HI, ST)) ... </k> [priority(45)]
1003	reference-semantics/semantics/subscript.k	61	rule		supplied operational semantic rule	SELECTED_SEMANTICS_BOUNDARY	rule <k> ST:OptInt ~> #slStep(OBJ:Val, LO:OptInt, HI:OptInt) => doSlice(OBJ, LO, HI, ST) ... </k>
1004	reference-semantics/semantics/subscript.k	63	syntax	function	supplied syntax/declaration	SELECTED_SEMANTICS_BOUNDARY	syntax Val ::= doSlice(Val, OptInt, OptInt, OptInt) [function]
1005	reference-semantics/semantics/subscript.k	64	rule		supplied equational semantic rule	SELECTED_SEMANTICS_BOUNDARY	rule doSlice(list(VS:ValSeq), LO:OptInt, HI:OptInt, ST:OptInt) => list(buildVS(VS, slStart(LO, ST, vsLen(VS)), slStop(HI, ST, vsLen(VS)), slStep(ST)))
1006	reference-semantics/semantics/subscript.k	66	rule		supplied equational semantic rule	SELECTED_SEMANTICS_BOUNDARY	rule doSlice(tuple(VS:ValSeq), LO:OptInt, HI:OptInt, ST:OptInt) => tuple(buildVS(VS, slStart(LO, ST, vsLen(VS)), slStop(HI, ST, vsLen(VS)), slStep(ST)))
1007	reference-semantics/semantics/subscript.k	68	rule		supplied equational semantic rule	SELECTED_SEMANTICS_BOUNDARY	rule doSlice(str(IS:IntSeq), LO:OptInt, HI:OptInt, ST:OptInt) => str(buildIS(IS, slStart(LO, ST, isLen(IS)), slStop(HI, ST, isLen(IS)), slStep(ST)))
1008	reference-semantics/semantics/subscript.k	72	syntax	function,total	supplied syntax/declaration	SELECTED_SEMANTICS_BOUNDARY	syntax Int ::= slStep(OptInt) [function, total]
1009	reference-semantics/semantics/subscript.k	73	rule		supplied equational semantic rule	SELECTED_SEMANTICS_BOUNDARY	rule slStep(noB)          => 1
1010	reference-semantics/semantics/subscript.k	74	rule		supplied equational semantic rule	SELECTED_SEMANTICS_BOUNDARY	rule slStep(someB(S:Int)) => S
1011	reference-semantics/semantics/subscript.k	76	syntax	function	supplied syntax/declaration	SELECTED_SEMANTICS_BOUNDARY	syntax Int ::= slStart(OptInt, OptInt, Int) [function]
1012	reference-semantics/semantics/subscript.k	77	rule		supplied equational semantic rule	SELECTED_SEMANTICS_BOUNDARY	rule slStart(noB,          ST:OptInt, _LEN:Int) => 0 requires slStep(ST) >Int 0
1013	reference-semantics/semantics/subscript.k	79	rule		supplied equational semantic rule	SELECTED_SEMANTICS_BOUNDARY	rule slStart(noB,          ST:OptInt, LEN:Int)  => LEN -Int 1 requires slStep(ST) <Int 0
1014	reference-semantics/semantics/subscript.k	81	rule		supplied equational semantic rule	SELECTED_SEMANTICS_BOUNDARY	rule slStart(someB(I:Int), ST:OptInt, LEN:Int)  => slAdjust(I, LEN, slStep(ST))
1015	reference-semantics/semantics/subscript.k	83	syntax	function	supplied syntax/declaration	SELECTED_SEMANTICS_BOUNDARY	syntax Int ::= slStop(OptInt, OptInt, Int) [function]
1016	reference-semantics/semantics/subscript.k	84	rule		supplied equational semantic rule	SELECTED_SEMANTICS_BOUNDARY	rule slStop(noB,          ST:OptInt, LEN:Int)  => LEN requires slStep(ST) >Int 0
1017	reference-semantics/semantics/subscript.k	86	rule		supplied equational semantic rule	SELECTED_SEMANTICS_BOUNDARY	rule slStop(noB,          ST:OptInt, _LEN:Int) => -1 requires slStep(ST) <Int 0
1018	reference-semantics/semantics/subscript.k	88	rule		supplied equational semantic rule	SELECTED_SEMANTICS_BOUNDARY	rule slStop(someB(I:Int), ST:OptInt, LEN:Int)  => slAdjust(I, LEN, slStep(ST))
1019	reference-semantics/semantics/subscript.k	90	syntax	function,total	supplied syntax/declaration	SELECTED_SEMANTICS_BOUNDARY	syntax Int ::= slAdjust(Int, Int, Int) [function, total]
1020	reference-semantics/semantics/subscript.k	91	rule		supplied equational semantic rule	SELECTED_SEMANTICS_BOUNDARY	rule slAdjust(I:Int, LEN:Int, STEP:Int) => clampLo(I +Int LEN, STEP) requires I  <Int 0
1021	reference-semantics/semantics/subscript.k	93	rule		supplied equational semantic rule	SELECTED_SEMANTICS_BOUNDARY	rule slAdjust(I:Int, LEN:Int, STEP:Int) => clampHi(I, LEN, STEP) requires I >=Int 0
1022	reference-semantics/semantics/subscript.k	96	syntax	function,total	supplied syntax/declaration	SELECTED_SEMANTICS_BOUNDARY	syntax Int ::= clampLo(Int, Int) [function, total]
1023	reference-semantics/semantics/subscript.k	97	rule		supplied equational semantic rule	SELECTED_SEMANTICS_BOUNDARY	rule clampLo(J:Int, _STEP:Int) => J requires J >=Int 0
1024	reference-semantics/semantics/subscript.k	99	rule		supplied equational semantic rule	SELECTED_SEMANTICS_BOUNDARY	rule clampLo(J:Int, STEP:Int)  => #if STEP <Int 0 #then -1 #else 0 #fi requires J <Int 0
1025	reference-semantics/semantics/subscript.k	102	syntax	function,total	supplied syntax/declaration	SELECTED_SEMANTICS_BOUNDARY	syntax Int ::= clampHi(Int, Int, Int) [function, total]
1026	reference-semantics/semantics/subscript.k	103	rule		supplied equational semantic rule	SELECTED_SEMANTICS_BOUNDARY	rule clampHi(I:Int, LEN:Int, _STEP:Int) => I requires I  <Int LEN
1027	reference-semantics/semantics/subscript.k	105	rule		supplied equational semantic rule	SELECTED_SEMANTICS_BOUNDARY	rule clampHi(I:Int, LEN:Int, STEP:Int)  => #if STEP <Int 0 #then LEN -Int 1 #else LEN #fi requires I >=Int LEN
1028	reference-semantics/semantics/subscript.k	109	syntax	function	supplied syntax/declaration	SELECTED_SEMANTICS_BOUNDARY	syntax ValSeq ::= buildVS(ValSeq, Int, Int, Int) [function]
1029	reference-semantics/semantics/subscript.k	110	rule		supplied equational semantic rule	SELECTED_SEMANTICS_BOUNDARY	rule buildVS(VS:ValSeq, I:Int, STOP:Int, STEP:Int) => vCons(valSeqAt(VS, I), buildVS(VS, I +Int STEP, STOP, STEP)) requires (STEP >Int 0 andBool I <Int STOP) orBool (STEP <Int 0 andBool I >Int STOP)
1030	reference-semantics/semantics/subscript.k	113	rule		supplied equational semantic rule	SELECTED_SEMANTICS_BOUNDARY	rule buildVS(_:ValSeq, I:Int, STOP:Int, STEP:Int) => .ValSeq requires notBool ((STEP >Int 0 andBool I <Int STOP) orBool (STEP <Int 0 andBool I >Int STOP))
1031	reference-semantics/semantics/subscript.k	116	syntax	function	supplied syntax/declaration	SELECTED_SEMANTICS_BOUNDARY	syntax IntSeq ::= buildIS(IntSeq, Int, Int, Int) [function]
1032	reference-semantics/semantics/subscript.k	117	rule		supplied equational semantic rule	SELECTED_SEMANTICS_BOUNDARY	rule buildIS(IS:IntSeq, I:Int, STOP:Int, STEP:Int) => iCons(intSeqAt(IS, I), buildIS(IS, I +Int STEP, STOP, STEP)) requires (STEP >Int 0 andBool I <Int STOP) orBool (STEP <Int 0 andBool I >Int STOP)
1033	reference-semantics/semantics/subscript.k	120	rule		supplied equational semantic rule	SELECTED_SEMANTICS_BOUNDARY	rule buildIS(_:IntSeq, I:Int, STOP:Int, STEP:Int) => .IntSeq requires notBool ((STEP >Int 0 andBool I <Int STOP) orBool (STEP <Int 0 andBool I >Int STOP))
1034	reference-semantics/semantics/subscript.k	122	endmodule		module/import plumbing	STRUCTURAL	endmodule
1035	reference-semantics/semantics/syntax.k	3	module		module/import plumbing	STRUCTURAL	module MPY-SYNTAX
1036	reference-semantics/semantics/syntax.k	4	imports		module/import plumbing	STRUCTURAL	imports INT-SYNTAX
1037	reference-semantics/semantics/syntax.k	5	imports		module/import plumbing	STRUCTURAL	imports FLOAT-SYNTAX
1038	reference-semantics/semantics/syntax.k	6	imports		module/import plumbing	STRUCTURAL	imports BOOL-SYNTAX
1039	reference-semantics/semantics/syntax.k	7	imports		module/import plumbing	STRUCTURAL	imports STRING-SYNTAX
1040	reference-semantics/semantics/syntax.k	9	syntax	strict	supplied syntax/declaration	SELECTED_SEMANTICS_BOUNDARY	syntax Expr ::= "Int"      "(" Int ")" | "Float"    "(" Float ")" | "Bool"     "(" Bool ")" | "Name"     "(" String ")" | "Str"      "(" String ")" | "UnaryOp"  "(" String "," Expr ")" [strict(2)] | "BinOp"    "(" String "," Expr "," Expr ")" [seqstrict(2, 3)] | "BoolOp"    "(" String "," Exprs ")" | "ListExpr"  "(" Exprs ")" | "DictExpr"  "(" Entries ")" | "ListComp"  "(" Expr "," CompFors ")" [macro] | "GenExp"    "(" Expr "," CompFors ")" [macro] | "TupleExpr" "(" Exprs ")" | "Subscript" "(" Expr "," Index ")" | "IfExp"     "(" Expr "," Expr "," Expr ")" [strict(1)] | "Lambda"    "(" Params "," Expr ")" | "KwArg"     "(" String "," Expr ")" | "Lambda"    "(" Params "," CellVars "," FreeVars "," Expr ")" | "NoneVal" | "Call"      "(" Expr "," Exprs ")" | "Attribute" "(" Expr "," String ")" [strict(1)] | "Compare"   "(" Expr "," CmpOp ")"
1041	reference-semantics/semantics/syntax.k	32	syntax		supplied syntax/declaration	SELECTED_SEMANTICS_BOUNDARY	syntax CmpOp    ::= "CmpOp" "(" String "," Expr ")"
1042	reference-semantics/semantics/syntax.k	33	syntax		supplied syntax/declaration	SELECTED_SEMANTICS_BOUNDARY	syntax Entry    ::= "Entry" "(" Expr "," Expr ")"
1043	reference-semantics/semantics/syntax.k	34	syntax		supplied syntax/declaration	SELECTED_SEMANTICS_BOUNDARY	syntax Entries  ::= List{Entry, ","}
1044	reference-semantics/semantics/syntax.k	35	syntax		supplied syntax/declaration	SELECTED_SEMANTICS_BOUNDARY	syntax CompFor  ::= "CompFor" "(" Expr "," Expr "," Exprs ")"
1045	reference-semantics/semantics/syntax.k	36	syntax		supplied syntax/declaration	SELECTED_SEMANTICS_BOUNDARY	syntax CompFors ::= List{CompFor, ""}
1046	reference-semantics/semantics/syntax.k	37	syntax		supplied syntax/declaration	SELECTED_SEMANTICS_BOUNDARY	syntax Exprs    ::= List{Expr, ","}
1047	reference-semantics/semantics/syntax.k	38	syntax		supplied syntax/declaration	SELECTED_SEMANTICS_BOUNDARY	syntax Index    ::= Expr | "Slice" "(" Bound "," Bound "," Bound ")"
1048	reference-semantics/semantics/syntax.k	39	syntax		supplied syntax/declaration	SELECTED_SEMANTICS_BOUNDARY	syntax Bound    ::= Expr | "NoBound"
1049	reference-semantics/semantics/syntax.k	41	syntax	strict	supplied syntax/declaration	SELECTED_SEMANTICS_BOUNDARY	syntax Stmt ::= "Assign"    "(" Expr "," Expr ")" [strict(2)] | "Import"    "(" String ")" | "ImportFrom" "(" String "," ParamNames ")" | "AugAssign" "(" Expr "," String "," Expr ")" [strict(3)] | "For"       "(" Expr "," Expr "," Stmts ")" [strict(2)] | "While"     "(" Expr "," Stmts ")" | "Break" | "Continue" | "If"        "(" Expr "," Stmts "," Stmts ")" [strict(1)] | "Return"    "(" Expr ")" [strict] | "Assert"    "(" Expr ")" [strict] | "Expr"      "(" Expr ")" [strict] | "FuncDef"   "(" String "," Params "," Stmts ")" | "FuncDef"   "(" String "," Params "," CellVars "," FreeVars "," Stmts ")"
1050	reference-semantics/semantics/syntax.k	56	syntax		supplied syntax/declaration	SELECTED_SEMANTICS_BOUNDARY	syntax Stmts      ::= List{Stmt, ""}
1051	reference-semantics/semantics/syntax.k	57	syntax		supplied syntax/declaration	SELECTED_SEMANTICS_BOUNDARY	syntax Params     ::= "Params" "(" ParamNames ")"
1052	reference-semantics/semantics/syntax.k	58	syntax		supplied syntax/declaration	SELECTED_SEMANTICS_BOUNDARY	syntax CellVars   ::= "CellVars" "(" ParamNames ")"
1053	reference-semantics/semantics/syntax.k	59	syntax		supplied syntax/declaration	SELECTED_SEMANTICS_BOUNDARY	syntax FreeVars   ::= "FreeVars" "(" ParamNames ")"
1054	reference-semantics/semantics/syntax.k	60	syntax		supplied syntax/declaration	SELECTED_SEMANTICS_BOUNDARY	syntax ParamNames ::= List{String, ","}
1055	reference-semantics/semantics/syntax.k	61	syntax		supplied syntax/declaration	SELECTED_SEMANTICS_BOUNDARY	syntax Module     ::= "Module" "(" Stmts ")"
1056	reference-semantics/semantics/syntax.k	62	endmodule		module/import plumbing	STRUCTURAL	endmodule
1057	reference-semantics/semantics/tuple.k	3	module		module/import plumbing	STRUCTURAL	module MPY-TUPLE
1058	reference-semantics/semantics/tuple.k	4	imports		module/import plumbing	STRUCTURAL	imports MPY-CORE
1059	reference-semantics/semantics/tuple.k	5	imports		module/import plumbing	STRUCTURAL	imports MPY-ITER
1060	reference-semantics/semantics/tuple.k	6	imports		module/import plumbing	STRUCTURAL	imports MPY-LIST
1061	reference-semantics/semantics/tuple.k	7	imports		module/import plumbing	STRUCTURAL	imports MPY-METHODS
1062	reference-semantics/semantics/tuple.k	10	rule		supplied operational semantic rule	SELECTED_SEMANTICS_BOUNDARY	rule <k> #iterNext(tuple(.ValSeq))                => #iterDone ... </k>
1063	reference-semantics/semantics/tuple.k	11	rule		supplied operational semantic rule	SELECTED_SEMANTICS_BOUNDARY	rule <k> #iterNext(tuple(vCons(V:Val, R:ValSeq))) => #iterYield(V, tuple(R)) ... </k>
1064	reference-semantics/semantics/tuple.k	14	syntax		supplied syntax/declaration	SELECTED_SEMANTICS_BOUNDARY	syntax ApplyK ::= "toTuple"
1065	reference-semantics/semantics/tuple.k	15	rule		supplied operational semantic rule	SELECTED_SEMANTICS_BOUNDARY	rule <k> TupleExpr(ES:Exprs) => #evalArgs(ES, .Vals, toTuple) ... </k>
1066	reference-semantics/semantics/tuple.k	16	rule		supplied operational semantic rule	SELECTED_SEMANTICS_BOUNDARY	rule <k> #applyK(toTuple, ACC:Vals) => tuple(vals2valSeq(ACC)) ... </k>
1067	reference-semantics/semantics/tuple.k	18	rule		supplied equational semantic rule	SELECTED_SEMANTICS_BOUNDARY	rule applyCmp("==", tuple(A:ValSeq), tuple(B:ValSeq)) => A ==K B
1068	reference-semantics/semantics/tuple.k	20	rule		supplied operational semantic rule	SELECTED_SEMANTICS_BOUNDARY	rule <k> Compare(LV:Val, CmpOp("in",     tuple(VS:ValSeq))) => #memberAcc(LV, tuple(VS)) ... </k>
1069	reference-semantics/semantics/tuple.k	21	rule		supplied operational semantic rule	SELECTED_SEMANTICS_BOUNDARY	rule <k> Compare(LV:Val, CmpOp("not in", tuple(VS:ValSeq))) => #memberAcc(LV, tuple(VS)) ~> #notB ... </k>
1070	reference-semantics/semantics/tuple.k	23	rule		supplied equational semantic rule	SELECTED_SEMANTICS_BOUNDARY	rule applyMethod(tuple(VS:ValSeq), "index", V:Val, .Vals) => idxOfVS(VS, V, 0)
1071	reference-semantics/semantics/tuple.k	24	syntax	function	supplied syntax/declaration	SELECTED_SEMANTICS_BOUNDARY	syntax Int ::= idxOfVS(ValSeq, Val, Int) [function]
1072	reference-semantics/semantics/tuple.k	25	rule		supplied equational semantic rule	SELECTED_SEMANTICS_BOUNDARY	rule idxOfVS(vCons(A:Val, _:ValSeq), V:Val, I:Int) => I requires A ==K V
1073	reference-semantics/semantics/tuple.k	26	rule		supplied equational semantic rule	SELECTED_SEMANTICS_BOUNDARY	rule idxOfVS(vCons(A:Val, R:ValSeq), V:Val, I:Int) => idxOfVS(R, V, I +Int 1) requires notBool (A ==K V)
1074	reference-semantics/semantics/tuple.k	28	rule		supplied equational semantic rule	SELECTED_SEMANTICS_BOUNDARY	rule applyCmp("!=", tuple(A:ValSeq), tuple(B:ValSeq)) => notBool (A ==K B)
1075	reference-semantics/semantics/tuple.k	31	syntax		supplied syntax/declaration	SELECTED_SEMANTICS_BOUNDARY	syntax KItem ::= #bindTgt(Expr, Val)
1076	reference-semantics/semantics/tuple.k	32	rule		supplied operational semantic rule	SELECTED_SEMANTICS_BOUNDARY	rule <k> #bindTgt(Name(X:String), V:Val) => .K ... </k> <env> L:Int </env> <scopes> ... L |-> scope(M:Map => M [ X <- V ], _) ... </scopes>
1077	reference-semantics/semantics/tuple.k	35	rule	priority	supplied operational semantic rule	SELECTED_SEMANTICS_BOUNDARY	rule <k> #bindTgt(Name(X:String), V:Val) => #cellW({M[X]}:>Val, V) ... </k> <env> L:Int </env> <scopes> ... L |-> scope(M:Map, _) ... </scopes> requires "$cells" in_keys(M) andBool pnMember(X, cellsOf({M["$cells"]}:>Val)) andBool X in_keys(M) andBool isCellRef({M[X]}:>Val) [priority(40)]
1078	reference-semantics/semantics/tuple.k	42	rule		supplied operational semantic rule	SELECTED_SEMANTICS_BOUNDARY	rule <k> #bindTgt(TupleExpr(TS:Exprs), tuple(VS:ValSeq)) => #unpackSeq(TS, VS) ... </k>
1079	reference-semantics/semantics/tuple.k	43	rule		supplied operational semantic rule	SELECTED_SEMANTICS_BOUNDARY	rule <k> #bindTgt(TupleExpr(TS:Exprs), list(VS:ValSeq))  => #unpackSeq(TS, VS) ... </k>
1080	reference-semantics/semantics/tuple.k	44	rule	priority	supplied operational semantic rule	SELECTED_SEMANTICS_BOUNDARY	rule <k> #bindTgt(TupleExpr(TS:Exprs), ref(H:Int)) => #bindTgt(TupleExpr(TS), V) ... </k> <heap> ... H |-> V:Val ... </heap> [priority(40)]
1081	reference-semantics/semantics/tuple.k	49	syntax		supplied syntax/declaration	SELECTED_SEMANTICS_BOUNDARY	syntax KItem ::= #unpackSeq(Exprs, ValSeq)
1082	reference-semantics/semantics/tuple.k	50	rule		supplied operational semantic rule	SELECTED_SEMANTICS_BOUNDARY	rule <k> Assign(TupleExpr(TS:Exprs), tuple(VS:ValSeq)) => #unpackSeq(TS, VS) ... </k>
1083	reference-semantics/semantics/tuple.k	51	rule		supplied operational semantic rule	SELECTED_SEMANTICS_BOUNDARY	rule <k> Assign(TupleExpr(TS:Exprs), list(VS:ValSeq))  => #unpackSeq(TS, VS) ... </k>
1084	reference-semantics/semantics/tuple.k	52	rule	priority	supplied operational semantic rule	SELECTED_SEMANTICS_BOUNDARY	rule <k> Assign(TupleExpr(TS:Exprs), ref(H:Int)) => Assign(TupleExpr(TS), V) ... </k> <heap> ... H |-> V:Val ... </heap> [priority(40)]
1085	reference-semantics/semantics/tuple.k	55	rule		supplied operational semantic rule	SELECTED_SEMANTICS_BOUNDARY	rule <k> #unpackSeq((T:Expr, TS:Exprs), vCons(V:Val, VS:ValSeq)) => #bindTgt(T, V) ~> #unpackSeq(TS, VS) ... </k>
1086	reference-semantics/semantics/tuple.k	57	rule		supplied operational semantic rule	SELECTED_SEMANTICS_BOUNDARY	rule <k> #unpackSeq(.Exprs, .ValSeq) => .K ... </k>
1087	reference-semantics/semantics/tuple.k	58	endmodule		module/import plumbing	STRUCTURAL	endmodule
1088	verification.k	1	requires		module/import plumbing	STRUCTURAL	requires "reference-semantics/semantics.k"
1089	verification.k	3	module		module/import plumbing	STRUCTURAL	module MAD-VERIFICATION
1090	verification.k	4	imports		module/import plumbing	STRUCTURAL	imports MPY
1091	verification.k	9	syntax	function,total	proof-local declaration	REVIEWED	syntax Module ::= "madSolution" [function, total]
1092	verification.k	10	rule		proof-local definition/equation	REVIEWED	rule madSolution => Module( ImportFrom("typing", "List") FuncDef("mean_absolute_deviation", Params("numbers"), Expr(Str("Return the mean absolute deviation of a non-empty list of numbers.")) Assign(Name("mean"), BinOp("/", Call(Name("sum"), Name("numbers")), Call(Name("len"), Name("numbers")))) Assign(Name("total_deviation"), Float(0.0)) For(Name("number"), Name("numbers"), AugAssign(Name("total_deviation"), "+", Call(Name("abs"), BinOp("-", Name("number"), Name("mean"))))) Return(BinOp("/", Name("total_deviation"), Call(Name("len"), Name("numbers"))))))
1093	verification.k	27	syntax		proof-local declaration	REVIEWED	syntax KItem ::= #runMad(Val)
1094	verification.k	28	rule		entry execution harness	EXACT_AST_ROUTE	rule <k> #runMad(V:Val) => #loadAll(madSolution) ~> Call(Name("mean_absolute_deviation"), V) ... </k>
1095	verification.k	33	syntax	function,total	proof-local declaration	REVIEWED	syntax Bool ::= allFloats(ValSeq) [function, total] | nonEmptyFloats(ValSeq) [function, total]
1096	verification.k	35	rule		proof-local definition/equation	REVIEWED	rule allFloats(.ValSeq) => true
1097	verification.k	36	rule		proof-local definition/equation	REVIEWED	rule allFloats(vCons(_:Float, R:ValSeq)) => allFloats(R)
1098	verification.k	37	rule	owise	proof-local definition/equation	REVIEWED	rule allFloats(vCons(_:Val, _:ValSeq)) => false [owise]
1099	verification.k	38	rule		proof-local definition/equation	REVIEWED	rule nonEmptyFloats(.ValSeq) => false
1100	verification.k	39	rule		proof-local definition/equation	REVIEWED	rule nonEmptyFloats(vCons(_:Float, R:ValSeq)) => allFloats(R)
1101	verification.k	40	rule	owise	proof-local definition/equation	REVIEWED	rule nonEmptyFloats(vCons(_:Val, _:ValSeq)) => false [owise]
1102	verification.k	46	syntax	function,symbol	proof-local declaration	REVIEWED	syntax Float ::= sumFloatSeq(ValSeq) [function, symbol(sumFloatSeq)] | sumFloatTail(ValSeq, Float) [function, symbol(sumFloatTail)] | absDeviationFold(ValSeq, Float, Float) [function, symbol(absDeviationFold)]
1103	verification.k	53	rule		proof-local definition/equation	REVIEWED	rule sumFloatSeq(.ValSeq) => intToF(0)
1104	verification.k	54	rule		proof-local definition/equation	REVIEWED	rule sumFloatSeq(vCons(F:Float, R:ValSeq)) => sumFloatTail(R, addF(intToF(0), F))
1105	verification.k	56	rule		proof-local definition/equation	REVIEWED	rule sumFloatTail(.ValSeq, ACC:Float) => ACC
1106	verification.k	57	rule		proof-local definition/equation	REVIEWED	rule sumFloatTail(vCons(F:Float, R:ValSeq), ACC:Float) => sumFloatTail(R, addF(ACC, F))
1107	verification.k	60	rule		proof-local definition/equation	REVIEWED	rule absDeviationFold(.ValSeq, _:Float, ACC:Float) => ACC
1108	verification.k	61	rule		proof-local definition/equation	REVIEWED	rule absDeviationFold(vCons(F:Float, R:ValSeq), MEAN:Float, ACC:Float) => absDeviationFold(R, MEAN, addF(ACC, absF(subF(F, MEAN))))
1109	verification.k	64	rule	priority	operational bridge: sum	SOUND_ON_GUARD_BUT_NO_CONNECTION_CLAIM	rule <k> #applyK(toCall(builtinV("sum")), (list(VS:ValSeq), .Vals)) => sumFloatSeq(VS) ... </k> requires nonEmptyFloats(VS) [priority(40)]
1110	verification.k	70	rule	priority	operational bridge: loop	UNSOUND_STATE_FOOTPRINT	rule <k> #loop(list(VS:ValSeq), Name("number"), AugAssign(Name("total_deviation"), "+", Call(Name("abs"), BinOp("-", Name("number"), Name("mean"))))) => .K ... </k> <env> L:Int </env> <scopes> ... L |-> scope(M:Map => M [ "total_deviation" <- absDeviationFold(VS, {M["mean"]}:>Float, {M["total_deviation"]}:>Float) ], P:Parent) ... </scopes> requires nonEmptyFloats(VS) andBool "mean" in_keys(M) andBool "total_deviation" in_keys(M) andBool isFloat({M["mean"]}:>Val) andBool isFloat({M["total_deviation"]}:>Val) [priority(40)]
1111	verification.k	87	endmodule		module/import plumbing	STRUCTURAL	endmodule
1112	spec.k	1	requires		module/import plumbing	STRUCTURAL	requires "verification.k"
1113	spec.k	3	module		module/import plumbing	STRUCTURAL	module MAD-SPEC
1114	spec.k	4	imports		module/import plumbing	STRUCTURAL	imports MAD-VERIFICATION
1115	spec.k	9	claim		target reachability claim	RESULT_CONSTRAINING	claim <k> #runMad(list(VS:ValSeq)) => divFloatIntV( absDeviationFold( VS, divFloatIntV(sumFloatSeq(VS), vsLen(VS)), 0.0), vsLen(VS)) </k> <env> 0 </env> <scopes> 0 |-> scope(.Map => "mean_absolute_deviation" |-> closureVal("numbers", .ParamNames, Expr(Str("Return the mean absolute deviation of a non-empty list of numbers.")) Assign(Name("mean"), BinOp("/", Call(Name("sum"), Name("numbers")), Call(Name("len"), Name("numbers")))) Assign(Name("total_deviation"), Float(0.0)) For(Name("number"), Name("numbers"), AugAssign(Name("total_deviation"), "+", Call(Name("abs"), BinOp("-", Name("number"), Name("mean"))))) Return(BinOp("/", Name("total_deviation"), Call(Name("len"), Name("numbers")))), 0), parent(-1)) -1 |-> builtinsScope </scopes> <scopeLoc> 1 </scopeLoc> <heap> .Map </heap> <heapLoc> 0 </heapLoc> <stack> .List </stack> <ret> noRet </ret> <exc> NoExc </exc> <exit-code> 0 </exit-code> requires nonEmptyFloats(VS)
1116	spec.k	43	endmodule		module/import plumbing	STRUCTURAL	endmodule
