COMMAND: env PYTHONDONTWRITEBYTECODE=1 /audit-output/evidence/differential_triangle_area.py /tmp/audit-work/review-45-triangle-area-20260724/trusted/canonical.py /tmp/audit-work/review-45-triangle-area-20260724/candidate/solution.py
WORKDIR: /audit-output
--- OUTPUT ---
{
  "branch_boundaries": "none: source contains no conditional branches",
  "case_count": 500,
  "cases": [
    {
      "args": [
        "5",
        "3"
      ],
      "canonical": {
        "kind": "value",
        "rendered": "0x1.e000000000000p+2",
        "type": "float"
      },
      "generated": {
        "kind": "value",
        "rendered": "0x1.e000000000000p+2",
        "type": "float"
      },
      "name": "documented-example"
    },
    {
      "args": [
        "0",
        "9"
      ],
      "canonical": {
        "kind": "value",
        "rendered": "0.0",
        "type": "float"
      },
      "generated": {
        "kind": "value",
        "rendered": "0.0",
        "type": "float"
      },
      "name": "zero-base"
    },
    {
      "args": [
        "9",
        "0"
      ],
      "canonical": {
        "kind": "value",
        "rendered": "0.0",
        "type": "float"
      },
      "generated": {
        "kind": "value",
        "rendered": "0.0",
        "type": "float"
      },
      "name": "zero-height"
    },
    {
      "args": [
        "0",
        "0"
      ],
      "canonical": {
        "kind": "value",
        "rendered": "0.0",
        "type": "float"
      },
      "generated": {
        "kind": "value",
        "rendered": "0.0",
        "type": "float"
      },
      "name": "both-zero"
    },
    {
      "args": [
        "1",
        "1"
      ],
      "canonical": {
        "kind": "value",
        "rendered": "0x1.0000000000000p-1",
        "type": "float"
      },
      "generated": {
        "kind": "value",
        "rendered": "0x1.0000000000000p-1",
        "type": "float"
      },
      "name": "unit"
    },
    {
      "args": [
        "3",
        "3"
      ],
      "canonical": {
        "kind": "value",
        "rendered": "0x1.2000000000000p+2",
        "type": "float"
      },
      "generated": {
        "kind": "value",
        "rendered": "0x1.2000000000000p+2",
        "type": "float"
      },
      "name": "odd-product"
    },
    {
      "args": [
        "-3",
        "6"
      ],
      "canonical": {
        "kind": "value",
        "rendered": "-0x1.2000000000000p+3",
        "type": "float"
      },
      "generated": {
        "kind": "value",
        "rendered": "-0x1.2000000000000p+3",
        "type": "float"
      },
      "name": "negative-base"
    },
    {
      "args": [
        "3",
        "-6"
      ],
      "canonical": {
        "kind": "value",
        "rendered": "-0x1.2000000000000p+3",
        "type": "float"
      },
      "generated": {
        "kind": "value",
        "rendered": "-0x1.2000000000000p+3",
        "type": "float"
      },
      "name": "negative-height"
    },
    {
      "args": [
        "-3",
        "-6"
      ],
      "canonical": {
        "kind": "value",
        "rendered": "0x1.2000000000000p+3",
        "type": "float"
      },
      "generated": {
        "kind": "value",
        "rendered": "0x1.2000000000000p+3",
        "type": "float"
      },
      "name": "both-negative"
    },
    {
      "args": [
        "9007199254740991",
        "2"
      ],
      "canonical": {
        "kind": "value",
        "rendered": "0x1.fffffffffffffp+52",
        "type": "float"
      },
      "generated": {
        "kind": "value",
        "rendered": "0x1.fffffffffffffp+52",
        "type": "float"
      },
      "name": "large-exact-int"
    },
    {
      "args": [
        "359538626972463141629054847463408713596141135051689993197834953606314521560057077521179117265533756343080917907028764928468642653778928365536935093407075033972099821153102564152490980180778657888151737016910267884609166473806445896331617118664246696549595652408289446337476354361838599762500808052368249716736",
        "1"
      ],
      "canonical": {
        "kind": "exception",
        "type": "OverflowError"
      },
      "generated": {
        "kind": "value",
        "rendered": "0x1.fffffffffffffp+1023",
        "type": "float"
      },
      "name": "largest-finite-scaled-division"
    },
    {
      "args": [
        "10000000000000000000000000000000000000000000000000000000000000000000000000000000000000000000000000000000000000000000000000000000000000000000000000000000000000000000000000000000000000000000000000000000000000000000000000000000000000000000000000000000000000000000000000000000000000000000000000000000000000000000000000000000000000000000000000000000000000000000000000000000000000000000000000000000000000000",
        "1"
      ],
      "canonical": {
        "kind": "exception",
        "type": "OverflowError"
      },
      "generated": {
        "kind": "exception",
        "type": "OverflowError"
      },
      "name": "huge-int-overflow"
    },
    {
      "args": [
        "0.5",
        "0.25"
      ],
      "canonical": {
        "kind": "value",
        "rendered": "0x1.0000000000000p-4",
        "type": "float"
      },
      "generated": {
        "kind": "value",
        "rendered": "0x1.0000000000000p-4",
        "type": "float"
      },
      "name": "float-halves"
    },
    {
      "args": [
        "-0.0",
        "7.0"
      ],
      "canonical": {
        "kind": "value",
        "rendered": "-0.0",
        "type": "float"
      },
      "generated": {
        "kind": "value",
        "rendered": "-0.0",
        "type": "float"
      },
      "name": "negative-zero"
    },
    {
      "args": [
        "inf",
        "2.0"
      ],
      "canonical": {
        "kind": "value",
        "rendered": "inf",
        "type": "float"
      },
      "generated": {
        "kind": "value",
        "rendered": "inf",
        "type": "float"
      },
      "name": "positive-infinity"
    },
    {
      "args": [
        "nan",
        "2.0"
      ],
      "canonical": {
        "kind": "value",
        "rendered": "nan",
        "type": "float"
      },
      "generated": {
        "kind": "value",
        "rendered": "nan",
        "type": "float"
      },
      "name": "nan"
    },
    {
      "args": [],
      "canonical": {
        "kind": "exception",
        "type": "TypeError"
      },
      "generated": {
        "kind": "exception",
        "type": "TypeError"
      },
      "name": "empty-arity"
    },
    {
      "args": [
        "1"
      ],
      "canonical": {
        "kind": "exception",
        "type": "TypeError"
      },
      "generated": {
        "kind": "exception",
        "type": "TypeError"
      },
      "name": "one-argument"
    },
    {
      "args": [
        "1",
        "2",
        "3"
      ],
      "canonical": {
        "kind": "exception",
        "type": "TypeError"
      },
      "generated": {
        "kind": "exception",
        "type": "TypeError"
      },
      "name": "extra-argument"
    },
    {
      "args": [
        "[]",
        "2"
      ],
      "canonical": {
        "kind": "exception",
        "type": "TypeError"
      },
      "generated": {
        "kind": "exception",
        "type": "TypeError"
      },
      "name": "empty-list-invalid-type"
    },
    {
      "args": [
        "567027",
        "429492"
      ],
      "canonical": {
        "kind": "value",
        "rendered": "0x1.c59dd9cee0000p+36",
        "type": "float"
      },
      "generated": {
        "kind": "value",
        "rendered": "0x1.c59dd9cee0000p+36",
        "type": "float"
      },
      "name": "generated-int-000"
    },
    {
      "args": [
        "-894869",
        "-322768"
      ],
      "canonical": {
        "kind": "value",
        "rendered": "0x1.0cffa61440000p+37",
        "type": "float"
      },
      "generated": {
        "kind": "value",
        "rendered": "0x1.0cffa61440000p+37",
        "type": "float"
      },
      "name": "generated-int-001"
    },
    {
      "args": [
        "123107",
        "688691"
      ],
      "canonical": {
        "kind": "value",
        "rendered": "0x1.3bd7113390000p+35",
        "type": "float"
      },
      "generated": {
        "kind": "value",
        "rendered": "0x1.3bd7113390000p+35",
        "type": "float"
      },
      "name": "generated-int-002"
    },
    {
      "args": [
        "663868",
        "803512"
      ],
      "canonical": {
        "kind": "value",
        "rendered": "0x1.f0caa56c80000p+37",
        "type": "float"
      },
      "generated": {
        "kind": "value",
        "rendered": "0x1.f0caa56c80000p+37",
        "type": "float"
      },
      "name": "generated-int-003"
    },
    {
      "args": [
        "868754",
        "58222"
      ],
      "canonical": {
        "kind": "value",
        "rendered": "0x1.78dad45780000p+34",
        "type": "float"
      },
      "generated": {
        "kind": "value",
        "rendered": "0x1.78dad45780000p+34",
        "type": "float"
      },
      "name": "generated-int-004"
    },
    {
      "args": [
        "-258557",
        "193639"
      ],
      "canonical": {
        "kind": "value",
        "rendered": "-0x1.7506b01960000p+34",
        "type": "float"
      },
      "generated": {
        "kind": "value",
        "rendered": "-0x1.7506b01960000p+34",
        "type": "float"
      },
      "name": "generated-int-005"
    },
    {
      "args": [
        "-531042",
        "137023"
      ],
      "canonical": {
        "kind": "value",
        "rendered": "-0x1.0f1214c1e0000p+35",
        "type": "float"
      },
      "generated": {
        "kind": "value",
        "rendered": "-0x1.0f1214c1e0000p+35",
        "type": "float"
      },
      "name": "generated-int-006"
    },
    {
      "args": [
        "-29029",
        "218788"
      ],
      "canonical": {
        "kind": "value",
        "rendered": "-0x1.7a8f92b400000p+31",
        "type": "float"
      },
      "generated": {
        "kind": "value",
        "rendered": "-0x1.7a8f92b400000p+31",
        "type": "float"
      },
      "name": "generated-int-007"
    },
    {
      "args": [
        "-328720",
        "683957"
      ],
      "canonical": {
        "kind": "value",
        "rendered": "-0x1.a2c7767a80000p+36",
        "type": "float"
      },
      "generated": {
        "kind": "value",
        "rendered": "-0x1.a2c7767a80000p+36",
        "type": "float"
      },
      "name": "generated-int-008"
    },
    {
      "args": [
        "-428754",
        "-309522"
      ],
      "canonical": {
        "kind": "value",
        "rendered": "0x1.ee60f84c40000p+35",
        "type": "float"
      },
      "generated": {
        "kind": "value",
        "rendered": "0x1.ee60f84c40000p+35",
        "type": "float"
      },
      "name": "generated-int-009"
    },
    {
      "args": [
        "-982650",
        "-947731"
      ],
      "canonical": {
        "kind": "value",
        "rendered": "0x1.b1aa2a3e1c000p+38",
        "type": "float"
      },
      "generated": {
        "kind": "value",
        "rendered": "0x1.b1aa2a3e1c000p+38",
        "type": "float"
      },
      "name": "generated-int-010"
    },
    {
      "args": [
        "634242",
        "-544129"
      ],
      "canonical": {
        "kind": "value",
        "rendered": "-0x1.4168822208000p+37",
        "type": "float"
      },
      "generated": {
        "kind": "value",
        "rendered": "-0x1.4168822208000p+37",
        "type": "float"
      },
      "name": "generated-int-011"
    },
    {
      "args": [
        "-613245",
        "-780403"
      ],
      "canonical": {
        "kind": "value",
        "rendered": "0x1.bdb5f1849c000p+37",
        "type": "float"
      },
      "generated": {
        "kind": "value",
        "rendered": "0x1.bdb5f1849c000p+37",
        "type": "float"
      },
      "name": "generated-int-012"
    },
    {
      "args": [
        "246065",
        "145929"
      ],
      "canonical": {
        "kind": "value",
        "rendered": "0x1.0b891c9720000p+34",
        "type": "float"
      },
      "generated": {
        "kind": "value",
        "rendered": "0x1.0b891c9720000p+34",
        "type": "float"
      },
      "name": "generated-int-013"
    },
    {
      "args": [
        "-106957",
        "-211247"
      ],
      "canonical": {
        "kind": "value",
        "rendered": "0x1.50ae9668c0000p+33",
        "type": "float"
      },
      "generated": {
        "kind": "value",
        "rendered": "0x1.50ae9668c0000p+33",
        "type": "float"
      },
      "name": "generated-int-014"
    },
    {
      "args": [
        "804591",
        "-743514"
      ],
      "canonical": {
        "kind": "value",
        "rendered": "-0x1.1691f0300c000p+38",
        "type": "float"
      },
      "generated": {
        "kind": "value",
        "rendered": "-0x1.1691f0300c000p+38",
        "type": "float"
      },
      "name": "generated-int-015"
    },
    {
      "args": [
        "-184671",
        "869722"
      ],
      "canonical": {
        "kind": "value",
        "rendered": "-0x1.2b29f9b330000p+36",
        "type": "float"
      },
      "generated": {
        "kind": "value",
        "rendered": "-0x1.2b29f9b330000p+36",
        "type": "float"
      },
      "name": "generated-int-016"
    },
    {
      "args": [
        "-505837",
        "-134161"
      ],
      "canonical": {
        "kind": "value",
        "rendered": "0x1.f99f8a57a0000p+34",
        "type": "float"
      },
      "generated": {
        "kind": "value",
        "rendered": "0x1.f99f8a57a0000p+34",
        "type": "float"
      },
      "name": "generated-int-017"
    },
    {
      "args": [
        "-501368",
        "781079"
      ],
      "canonical": {
        "kind": "value",
        "rendered": "-0x1.6cb6a07320000p+37",
        "type": "float"
      },
      "generated": {
        "kind": "value",
        "rendered": "-0x1.6cb6a07320000p+37",
        "type": "float"
      },
      "name": "generated-int-018"
    },
    {
      "args": [
        "-84048",
        "-162833"
      ],
      "canonical": {
        "kind": "value",
        "rendered": "0x1.97de46a800000p+32",
        "type": "float"
      },
      "generated": {
        "kind": "value",
        "rendered": "0x1.97de46a800000p+32",
        "type": "float"
      },
      "name": "generated-int-019"
    },
    {
      "args": [
        "881040",
        "-184763"
      ],
      "canonical": {
        "kind": "value",
        "rendered": "-0x1.2f35442180000p+36",
        "type": "float"
      },
      "generated": {
        "kind": "value",
        "rendered": "-0x1.2f35442180000p+36",
        "type": "float"
      },
      "name": "generated-int-020"
    },
    {
      "args": [
        "322939",
        "768635"
      ],
      "canonical": {
        "kind": "value",
        "rendered": "0x1.ce5993c0c8000p+36",
        "type": "float"
      },
      "generated": {
        "kind": "value",
        "rendered": "0x1.ce5993c0c8000p+36",
        "type": "float"
      },
      "name": "generated-int-021"
    },
    {
      "args": [
        "389377",
        "-175399"
      ],
      "canonical": {
        "kind": "value",
        "rendered": "-0x1.fcd8ec84e0000p+34",
        "type": "float"
      },
      "generated": {
        "kind": "value",
        "rendered": "-0x1.fcd8ec84e0000p+34",
        "type": "float"
      },
      "name": "generated-int-022"
    },
    {
      "args": [
        "-235454",
        "574536"
      ],
      "canonical": {
        "kind": "value",
        "rendered": "-0x1.f7f2025700000p+35",
        "type": "float"
      },
      "generated": {
        "kind": "value",
        "rendered": "-0x1.f7f2025700000p+35",
        "type": "float"
      },
      "name": "generated-int-023"
    },
    {
      "args": [
        "500337",
        "-890443"
      ],
      "canonical": {
        "kind": "value",
        "rendered": "-0x1.9eec9f346c000p+37",
        "type": "float"
      },
      "generated": {
        "kind": "value",
        "rendered": "-0x1.9eec9f346c000p+37",
        "type": "float"
      },
      "name": "generated-int-024"
    },
    {
      "args": [
        "-121903",
        "-271515"
      ],
      "canonical": {
        "kind": "value",
        "rendered": "0x1.ed34bb1d40000p+33",
        "type": "float"
      },
      "generated": {
        "kind": "value",
        "rendered": "0x1.ed34bb1d40000p+33",
        "type": "float"
      },
      "name": "generated-int-025"
    },
    {
      "args": [
        "918376",
        "-535458"
      ],
      "canonical": {
        "kind": "value",
        "rendered": "-0x1.c9fac27f40000p+37",
        "type": "float"
      },
      "generated": {
        "kind": "value",
        "rendered": "-0x1.c9fac27f40000p+37",
        "type": "float"
      },
      "name": "generated-int-026"
    },
    {
      "args": [
        "-289398",
        "716444"
      ],
      "canonical": {
        "kind": "value",
        "rendered": "-0x1.8232349f40000p+36",
        "type": "float"
      },
      "generated": {
        "kind": "value",
        "rendered": "-0x1.8232349f40000p+36",
        "type": "float"
      },
      "name": "generated-int-027"
    },
    {
      "args": [
        "-106223",
        "248277"
      ],
      "canonical": {
        "kind": "value",
        "rendered": "-0x1.88fbf8f6c0000p+33",
        "type": "float"
      },
      "generated": {
        "kind": "value",
        "rendered": "-0x1.88fbf8f6c0000p+33",
        "type": "float"
      },
      "name": "generated-int-028"
    },
    {
      "args": [
        "-583313",
        "992440"
      ],
      "canonical": {
        "kind": "value",
        "rendered": "-0x1.0d92a23870000p+38",
        "type": "float"
      },
      "generated": {
        "kind": "value",
        "rendered": "-0x1.0d92a23870000p+38",
        "type": "float"
      },
      "name": "generated-int-029"
    },
    {
      "args": [
        "872964",
        "866506"
      ],
      "canonical": {
        "kind": "value",
        "rendered": "0x1.603d4f2e50000p+38",
        "type": "float"
      },
      "generated": {
        "kind": "value",
        "rendered": "0x1.603d4f2e50000p+38",
        "type": "float"
      },
      "name": "generated-int-030"
    },
    {
      "args": [
        "-471756",
        "763814"
      ],
      "canonical": {
        "kind": "value",
        "rendered": "-0x1.4f96481120000p+37",
        "type": "float"
      },
      "generated": {
        "kind": "value",
        "rendered": "-0x1.4f96481120000p+37",
        "type": "float"
      },
      "name": "generated-int-031"
    },
    {
      "args": [
        "966237",
        "275443"
      ],
      "canonical": {
        "kind": "value",
        "rendered": "0x1.efbaf9ca38000p+36",
        "type": "float"
      },
      "generated": {
        "kind": "value",
        "rendered": "0x1.efbaf9ca38000p+36",
        "type": "float"
      },
      "name": "generated-int-032"
    },
    {
      "args": [
        "-337593",
        "-523873"
      ],
      "canonical": {
        "kind": "value",
        "rendered": "0x1.496b71d0c8000p+36",
        "type": "float"
      },
      "generated": {
        "kind": "value",
        "rendered": "0x1.496b71d0c8000p+36",
        "type": "float"
      },
      "name": "generated-int-033"
    },
    {
      "args": [
        "-468111",
        "-581913"
      ],
      "canonical": {
        "kind": "value",
        "rendered": "0x1.fb626207b8000p+36",
        "type": "float"
      },
      "generated": {
        "kind": "value",
        "rendered": "0x1.fb626207b8000p+36",
        "type": "float"
      },
      "name": "generated-int-034"
    },
    {
      "args": [
        "898265",
        "-947663"
      ],
      "canonical": {
        "kind": "value",
        "rendered": "-0x1.8c6534d0ee000p+38",
        "type": "float"
      },
      "generated": {
        "kind": "value",
        "rendered": "-0x1.8c6534d0ee000p+38",
        "type": "float"
      },
      "name": "generated-int-035"
    },
    {
      "args": [
        "416659",
        "-886051"
      ],
      "canonical": {
        "kind": "value",
        "rendered": "-0x1.57d3a39064000p+37",
        "type": "float"
      },
      "generated": {
        "kind": "value",
        "rendered": "-0x1.57d3a39064000p+37",
        "type": "float"
      },
      "name": "generated-int-036"
    },
    {
      "args": [
        "-24289",
        "820945"
      ],
      "canonical": {
        "kind": "value",
        "rendered": "-0x1.2920ceec40000p+33",
        "type": "float"
      },
      "generated": {
        "kind": "value",
        "rendered": "-0x1.2920ceec40000p+33",
        "type": "float"
      },
      "name": "generated-int-037"
    },
    {
      "args": [
        "-81525",
        "-1388"
      ],
      "canonical": {
        "kind": "value",
        "rendered": "0x1.afa8970000000p+25",
        "type": "float"
      },
      "generated": {
        "kind": "value",
        "rendered": "0x1.afa8970000000p+25",
        "type": "float"
      },
      "name": "generated-int-038"
    },
    {
      "args": [
        "682782",
        "479191"
      ],
      "canonical": {
        "kind": "value",
        "rendered": "0x1.30b680e0c8000p+37",
        "type": "float"
      },
      "generated": {
        "kind": "value",
        "rendered": "0x1.30b680e0c8000p+37",
        "type": "float"
      },
      "name": "generated-int-039"
    },
    {
      "args": [
        "770310",
        "-334874"
      ],
      "canonical": {
        "kind": "value",
        "rendered": "-0x1.e07b6214e0000p+36",
        "type": "float"
      },
      "generated": {
        "kind": "value",
        "rendered": "-0x1.e07b6214e0000p+36",
        "type": "float"
      },
      "name": "generated-int-040"
    },
    {
      "args": [
        "890441",
        "588777"
      ],
      "canonical": {
        "kind": "value",
        "rendered": "0x1.e843fd6dc4000p+37",
        "type": "float"
      },
      "generated": {
        "kind": "value",
        "rendered": "0x1.e843fd6dc4000p+37",
        "type": "float"
      },
      "name": "generated-int-041"
    },
    {
      "args": [
        "170866",
        "573977"
      ],
      "canonical": {
        "kind": "value",
        "rendered": "0x1.6d59d92220000p+35",
        "type": "float"
      },
      "generated": {
        "kind": "value",
        "rendered": "0x1.6d59d92220000p+35",
        "type": "float"
      },
      "name": "generated-int-042"
    },
    {
      "args": [
        "-639389",
        "-338512"
      ],
      "canonical": {
        "kind": "value",
        "rendered": "0x1.93270a1880000p+36",
        "type": "float"
      },
      "generated": {
        "kind": "value",
        "rendered": "0x1.93270a1880000p+36",
        "type": "float"
      },
      "name": "generated-int-043"
    },
    {
      "args": [
        "-237206",
        "-66066"
      ],
      "canonical": {
        "kind": "value",
        "rendered": "0x1.d30a294600000p+32",
        "type": "float"
      },
      "generated": {
        "kind": "value",
        "rendered": "0x1.d30a294600000p+32",
        "type": "float"
      },
      "name": "generated-int-044"
    },
    {
      "args": [
        "547715",
        "182640"
      ],
      "canonical": {
        "kind": "value",
        "rendered": "0x1.74a87e4500000p+35",
        "type": "float"
      },
      "generated": {
        "kind": "value",
        "rendered": "0x1.74a87e4500000p+35",
        "type": "float"
      },
      "name": "generated-int-045"
    },
    {
      "args": [
        "207219",
        "830286"
      ],
      "canonical": {
        "kind": "value",
        "rendered": "0x1.4078539050000p+36",
        "type": "float"
      },
      "generated": {
        "kind": "value",
        "rendered": "0x1.4078539050000p+36",
        "type": "float"
      },
      "name": "generated-int-046"
    },
    {
      "args": [
        "-964922",
        "-800033"
      ],
      "canonical": {
        "kind": "value",
        "rendered": "0x1.6779edc4f4000p+38",
        "type": "float"
      },
      "generated": {
        "kind": "value",
        "rendered": "0x1.6779edc4f4000p+38",
        "type": "float"
      },
      "name": "generated-int-047"
    },
    {
      "args": [
        "126006",
        "-821355"
      ],
      "canonical": {
        "kind": "value",
        "rendered": "-0x1.818d26a920000p+35",
        "type": "float"
      },
      "generated": {
        "kind": "value",
        "rendered": "-0x1.818d26a920000p+35",
        "type": "float"
      },
      "name": "generated-int-048"
    },
    {
      "args": [
        "620737",
        "990658"
      ],
      "canonical": {
        "kind": "value",
        "rendered": "0x1.1e5a54be84000p+38",
        "type": "float"
      },
      "generated": {
        "kind": "value",
        "rendered": "0x1.1e5a54be84000p+38",
        "type": "float"
      },
      "name": "generated-int-049"
    },
    {
      "args": [
        "-465233",
        "-712037"
      ],
      "canonical": {
        "kind": "value",
        "rendered": "0x1.348347a7d4000p+37",
        "type": "float"
      },
      "generated": {
        "kind": "value",
        "rendered": "0x1.348347a7d4000p+37",
        "type": "float"
      },
      "name": "generated-int-050"
    },
    {
      "args": [
        "675475",
        "-162259"
      ],
      "canonical": {
        "kind": "value",
        "rendered": "-0x1.984c83e290000p+35",
        "type": "float"
      },
      "generated": {
        "kind": "value",
        "rendered": "-0x1.984c83e290000p+35",
        "type": "float"
      },
      "name": "generated-int-051"
    },
    {
      "args": [
        "-127687",
        "673261"
      ],
      "canonical": {
        "kind": "value",
        "rendered": "-0x1.40403653b0000p+35",
        "type": "float"
      },
      "generated": {
        "kind": "value",
        "rendered": "-0x1.40403653b0000p+35",
        "type": "float"
      },
      "name": "generated-int-052"
    },
    {
      "args": [
        "466339",
        "521963"
      ],
      "canonical": {
        "kind": "value",
        "rendered": "0x1.c563beb508000p+36",
        "type": "float"
      },
      "generated": {
        "kind": "value",
        "rendered": "0x1.c563beb508000p+36",
        "type": "float"
      },
      "name": "generated-int-053"
    },
    {
      "args": [
        "-952431",
        "-796557"
      ],
      "canonical": {
        "kind": "value",
        "rendered": "0x1.6147fc1c46000p+38",
        "type": "float"
      },
      "generated": {
        "kind": "value",
        "rendered": "0x1.6147fc1c46000p+38",
        "type": "float"
      },
      "name": "generated-int-054"
    },
    {
      "args": [
        "-847202",
        "48629"
      ],
      "canonical": {
        "kind": "value",
        "rendered": "-0x1.32f4111940000p+34",
        "type": "float"
      },
      "generated": {
        "kind": "value",
        "rendered": "-0x1.32f4111940000p+34",
        "type": "float"
      },
      "name": "generated-int-055"
    },
    {
      "args": [
        "918174",
        "386874"
      ],
      "canonical": {
        "kind": "value",
        "rendered": "0x1.4ad27ca730000p+37",
        "type": "float"
      },
      "generated": {
        "kind": "value",
        "rendered": "0x1.4ad27ca730000p+37",
        "type": "float"
      },
      "name": "generated-int-056"
    },
    {
      "args": [
        "-372716",
        "-997440"
      ],
      "canonical": {
        "kind": "value",
        "rendered": "0x1.5a3aee6c00000p+37",
        "type": "float"
      },
      "generated": {
        "kind": "value",
        "rendered": "0x1.5a3aee6c00000p+37",
        "type": "float"
      },
      "name": "generated-int-057"
    },
    {
      "args": [
        "-17241",
        "-27252"
      ],
      "canonical": {
        "kind": "value",
        "rendered": "0x1.c015e54000000p+27",
        "type": "float"
      },
      "generated": {
        "kind": "value",
        "rendered": "0x1.c015e54000000p+27",
        "type": "float"
      },
      "name": "generated-int-058"
    },
    {
      "args": [
        "670041",
        "223764"
      ],
      "canonical": {
        "kind": "value",
        "rendered": "0x1.1744b2a7a0000p+36",
        "type": "float"
      },
      "generated": {
        "kind": "value",
        "rendered": "0x1.1744b2a7a0000p+36",
        "type": "float"
      },
      "name": "generated-int-059"
    },
    {
      "args": [
        "-70439",
        "987036"
      ],
      "canonical": {
        "kind": "value",
        "rendered": "-0x1.0300ff4c40000p+35",
        "type": "float"
      },
      "generated": {
        "kind": "value",
        "rendered": "-0x1.0300ff4c40000p+35",
        "type": "float"
      },
      "name": "generated-int-060"
    },
    {
      "args": [
        "-293570",
        "653690"
      ],
      "canonical": {
        "kind": "value",
        "rendered": "-0x1.6572d993a0000p+36",
        "type": "float"
      },
      "generated": {
        "kind": "value",
        "rendered": "-0x1.6572d993a0000p+36",
        "type": "float"
      },
      "name": "generated-int-061"
    },
    {
      "args": [
        "-132727",
        "-905348"
      ],
      "canonical": {
        "kind": "value",
        "rendered": "0x1.bfa57055c0000p+35",
        "type": "float"
      },
      "generated": {
        "kind": "value",
        "rendered": "0x1.bfa57055c0000p+35",
        "type": "float"
      },
      "name": "generated-int-062"
    },
    {
      "args": [
        "-569445",
        "876666"
      ],
      "canonical": {
        "kind": "value",
        "rendered": "-0x1.d0edabc088000p+37",
        "type": "float"
      },
      "generated": {
        "kind": "value",
        "rendered": "-0x1.d0edabc088000p+37",
        "type": "float"
      },
      "name": "generated-int-063"
    },
    {
      "args": [
        "263318",
        "870759"
      ],
      "canonical": {
        "kind": "value",
        "rendered": "0x1.ab1454f2d0000p+36",
        "type": "float"
      },
      "generated": {
        "kind": "value",
        "rendered": "0x1.ab1454f2d0000p+36",
        "type": "float"
      },
      "name": "generated-int-064"
    },
    {
      "args": [
        "-681126",
        "-341917"
      ],
      "canonical": {
        "kind": "value",
        "rendered": "0x1.b1c9eb1e70000p+36",
        "type": "float"
      },
      "generated": {
        "kind": "value",
        "rendered": "0x1.b1c9eb1e70000p+36",
        "type": "float"
      },
      "name": "generated-int-065"
    },
    {
      "args": [
        "-305026",
        "101175"
      ],
      "canonical": {
        "kind": "value",
        "rendered": "-0x1.cbdd64bb80000p+33",
        "type": "float"
      },
      "generated": {
        "kind": "value",
        "rendered": "-0x1.cbdd64bb80000p+33",
        "type": "float"
      },
      "name": "generated-int-066"
    },
    {
      "args": [
        "-304880",
        "-526024"
      ],
      "canonical": {
        "kind": "value",
        "rendered": "0x1.2ab8605c00000p+36",
        "type": "float"
      },
      "generated": {
        "kind": "value",
        "rendered": "0x1.2ab8605c00000p+36",
        "type": "float"
      },
      "name": "generated-int-067"
    },
    {
      "args": [
        "642013",
        "-527528"
      ],
      "canonical": {
        "kind": "value",
        "rendered": "-0x1.3b6b909420000p+37",
        "type": "float"
      },
      "generated": {
        "kind": "value",
        "rendered": "-0x1.3b6b909420000p+37",
        "type": "float"
      },
      "name": "generated-int-068"
    },
    {
      "args": [
        "620216",
        "985620"
      ],
      "canonical": {
        "kind": "value",
        "rendered": "0x1.1ca850ecc0000p+38",
        "type": "float"
      },
      "generated": {
        "kind": "value",
        "rendered": "0x1.1ca850ecc0000p+38",
        "type": "float"
      },
      "name": "generated-int-069"
    },
    {
      "args": [
        "887775",
        "295572"
      ],
      "canonical": {
        "kind": "value",
        "rendered": "0x1.e8c2c0d760000p+36",
        "type": "float"
      },
      "generated": {
        "kind": "value",
        "rendered": "0x1.e8c2c0d760000p+36",
        "type": "float"
      },
      "name": "generated-int-070"
    },
    {
      "args": [
        "-632058",
        "382419"
      ],
      "canonical": {
        "kind": "value",
        "rendered": "-0x1.c238c7e070000p+36",
        "type": "float"
      },
      "generated": {
        "kind": "value",
        "rendered": "-0x1.c238c7e070000p+36",
        "type": "float"
      },
      "name": "generated-int-071"
    },
    {
      "args": [
        "171040",
        "-656920"
      ],
      "canonical": {
        "kind": "value",
        "rendered": "-0x1.a292763000000p+35",
        "type": "float"
      },
      "generated": {
        "kind": "value",
        "rendered": "-0x1.a292763000000p+35",
        "type": "float"
      },
      "name": "generated-int-072"
    },
    {
      "args": [
        "-432866",
        "571397"
      ],
      "canonical": {
        "kind": "value",
        "rendered": "-0x1.ccb41bb350000p+36",
        "type": "float"
      },
      "generated": {
        "kind": "value",
        "rendered": "-0x1.ccb41bb350000p+36",
        "type": "float"
      },
      "name": "generated-int-073"
    },
    {
      "args": [
        "-195555",
        "-827919"
      ],
      "canonical": {
        "kind": "value",
        "rendered": "0x1.2d91b34268000p+36",
        "type": "float"
      },
      "generated": {
        "kind": "value",
        "rendered": "0x1.2d91b34268000p+36",
        "type": "float"
      },
      "name": "generated-int-074"
    },
    {
      "args": [
        "640656",
        "29812"
      ],
      "canonical": {
        "kind": "value",
        "rendered": "0x1.1c99ce5000000p+33",
        "type": "float"
      },
      "generated": {
        "kind": "value",
        "rendered": "0x1.1c99ce5000000p+33",
        "type": "float"
      },
      "name": "generated-int-075"
    },
    {
      "args": [
        "-362380",
        "357710"
      ],
      "canonical": {
        "kind": "value",
        "rendered": "-0x1.e2e5e48a80000p+35",
        "type": "float"
      },
      "generated": {
        "kind": "value",
        "rendered": "-0x1.e2e5e48a80000p+35",
        "type": "float"
      },
      "name": "generated-int-076"
    },
    {
      "args": [
        "673009",
        "704722"
      ],
      "canonical": {
        "kind": "value",
        "rendered": "0x1.b9b62d36c8000p+37",
        "type": "float"
      },
      "generated": {
        "kind": "value",
        "rendered": "0x1.b9b62d36c8000p+37",
        "type": "float"
      },
      "name": "generated-int-077"
    },
    {
      "args": [
        "993626",
        "43606"
      ],
      "canonical": {
        "kind": "value",
        "rendered": "0x1.42d1b50780000p+34",
        "type": "float"
      },
      "generated": {
        "kind": "value",
        "rendered": "0x1.42d1b50780000p+34",
        "type": "float"
      },
      "name": "generated-int-078"
    },
    {
      "args": [
        "-89714",
        "534153"
      ],
      "canonical": {
        "kind": "value",
        "rendered": "-0x1.650a0ee040000p+34",
        "type": "float"
      },
      "generated": {
        "kind": "value",
        "rendered": "-0x1.650a0ee040000p+34",
        "type": "float"
      },
      "name": "generated-int-079"
    },
    {
      "args": [
        "542971",
        "-368004"
      ],
      "canonical": {
        "kind": "value",
        "rendered": "-0x1.742f748360000p+36",
        "type": "float"
      },
      "generated": {
        "kind": "value",
        "rendered": "-0x1.742f748360000p+36",
        "type": "float"
      },
      "name": "generated-int-080"
    },
    {
      "args": [
        "626808",
        "255487"
      ],
      "canonical": {
        "kind": "value",
        "rendered": "0x1.2a4951fc40000p+36",
        "type": "float"
      },
      "generated": {
        "kind": "value",
        "rendered": "0x1.2a4951fc40000p+36",
        "type": "float"
      },
      "name": "generated-int-081"
    },
    {
      "args": [
        "-660396",
        "-391712"
      ],
      "canonical": {
        "kind": "value",
        "rendered": "0x1.e1d6a36c00000p+36",
        "type": "float"
      },
      "generated": {
        "kind": "value",
        "rendered": "0x1.e1d6a36c00000p+36",
        "type": "float"
      },
      "name": "generated-int-082"
    },
    {
      "args": [
        "-719901",
        "-513731"
      ],
      "canonical": {
        "kind": "value",
        "rendered": "0x1.586fa5205c000p+37",
        "type": "float"
      },
      "generated": {
        "kind": "value",
        "rendered": "0x1.586fa5205c000p+37",
        "type": "float"
      },
      "name": "generated-int-083"
    },
    {
      "args": [
        "858177",
        "-533295"
      ],
      "canonical": {
        "kind": "value",
        "rendered": "-0x1.aa3b015bbc000p+37",
        "type": "float"
      },
      "generated": {
        "kind": "value",
        "rendered": "-0x1.aa3b015bbc000p+37",
        "type": "float"
      },
      "name": "generated-int-084"
    },
    {
      "args": [
        "379728",
        "-148895"
      ],
      "canonical": {
        "kind": "value",
        "rendered": "-0x1.a540bad600000p+34",
        "type": "float"
      },
      "generated": {
        "kind": "value",
        "rendered": "-0x1.a540bad600000p+34",
        "type": "float"
      },
      "name": "generated-int-085"
    },
    {
      "args": [
        "-522779",
        "-306869"
      ],
      "canonical": {
        "kind": "value",
        "rendered": "0x1.2ad07178b8000p+36",
        "type": "float"
      },
      "generated": {
        "kind": "value",
        "rendered": "0x1.2ad07178b8000p+36",
        "type": "float"
      },
      "name": "generated-int-086"
    },
    {
      "args": [
        "-405376",
        "-282376"
      ],
      "canonical": {
        "kind": "value",
        "rendered": "0x1.aa6d9fc000000p+35",
        "type": "float"
      },
      "generated": {
        "kind": "value",
        "rendered": "0x1.aa6d9fc000000p+35",
        "type": "float"
      },
      "name": "generated-int-087"
    },
    {
      "args": [
        "-633705",
        "-618021"
      ],
      "canonical": {
        "kind": "value",
        "rendered": "0x1.6cbef790b4000p+37",
        "type": "float"
      },
      "generated": {
        "kind": "value",
        "rendered": "0x1.6cbef790b4000p+37",
        "type": "float"
      },
      "name": "generated-int-088"
    },
    {
      "args": [
        "-636529",
        "469028"
      ],
      "canonical": {
        "kind": "value",
        "rendered": "-0x1.160bd93f90000p+37",
        "type": "float"
      },
      "generated": {
        "kind": "value",
        "rendered": "-0x1.160bd93f90000p+37",
        "type": "float"
      },
      "name": "generated-int-089"
    },
    {
      "args": [
        "920640",
        "535753"
      ],
      "canonical": {
        "kind": "value",
        "rendered": "0x1.cb5c8a7900000p+37",
        "type": "float"
      },
      "generated": {
        "kind": "value",
        "rendered": "0x1.cb5c8a7900000p+37",
        "type": "float"
      },
      "name": "generated-int-090"
    },
    {
      "args": [
        "-670101",
        "791448"
      ],
      "canonical": {
        "kind": "value",
        "rendered": "-0x1.eded50fde0000p+37",
        "type": "float"
      },
      "generated": {
        "kind": "value",
        "rendered": "-0x1.eded50fde0000p+37",
        "type": "float"
      },
      "name": "generated-int-091"
    },
    {
      "args": [
        "-883144",
        "-610951"
      ],
      "canonical": {
        "kind": "value",
        "rendered": "0x1.f6809521e0000p+37",
        "type": "float"
      },
      "generated": {
        "kind": "value",
        "rendered": "0x1.f6809521e0000p+37",
        "type": "float"
      },
      "name": "generated-int-092"
    },
    {
      "args": [
        "895223",
        "-863544"
      ],
      "canonical": {
        "kind": "value",
        "rendered": "-0x1.67fc76c210000p+38",
        "type": "float"
      },
      "generated": {
        "kind": "value",
        "rendered": "-0x1.67fc76c210000p+38",
        "type": "float"
      },
      "name": "generated-int-093"
    },
    {
      "args": [
        "-939694",
        "888840"
      ],
      "canonical": {
        "kind": "value",
        "rendered": "-0x1.84f0152ae0000p+38",
        "type": "float"
      },
      "generated": {
        "kind": "value",
        "rendered": "-0x1.84f0152ae0000p+38",
        "type": "float"
      },
      "name": "generated-int-094"
    },
    {
      "args": [
        "-732581",
        "-233384"
      ],
      "canonical": {
        "kind": "value",
        "rendered": "0x1.3e7620fa40000p+36",
        "type": "float"
      },
      "generated": {
        "kind": "value",
        "rendered": "0x1.3e7620fa40000p+36",
        "type": "float"
      },
      "name": "generated-int-095"
    },
    {
      "args": [
        "-912691",
        "-591869"
      ],
      "canonical": {
        "kind": "value",
        "rendered": "0x1.f7182b419c000p+37",
        "type": "float"
      },
      "generated": {
        "kind": "value",
        "rendered": "0x1.f7182b419c000p+37",
        "type": "float"
      },
      "name": "generated-int-096"
    },
    {
      "args": [
        "-500699",
        "-547393"
      ],
      "canonical": {
        "kind": "value",
        "rendered": "0x1.fe831cc4d8000p+36",
        "type": "float"
      },
      "generated": {
        "kind": "value",
        "rendered": "0x1.fe831cc4d8000p+36",
        "type": "float"
      },
      "name": "generated-int-097"
    },
    {
      "args": [
        "696486",
        "511570"
      ],
      "canonical": {
        "kind": "value",
        "rendered": "0x1.4bd4dc24b0000p+37",
        "type": "float"
      },
      "generated": {
        "kind": "value",
        "rendered": "0x1.4bd4dc24b0000p+37",
        "type": "float"
      },
      "name": "generated-int-098"
    },
    {
      "args": [
        "-599846",
        "-523764"
      ],
      "canonical": {
        "kind": "value",
        "rendered": "0x1.2499cf78e0000p+37",
        "type": "float"
      },
      "generated": {
        "kind": "value",
        "rendered": "0x1.2499cf78e0000p+37",
        "type": "float"
      },
      "name": "generated-int-099"
    },
    {
      "args": [
        "-596764",
        "-398501"
      ],
      "canonical": {
        "kind": "value",
        "rendered": "0x1.baf5254860000p+36",
        "type": "float"
      },
      "generated": {
        "kind": "value",
        "rendered": "0x1.baf5254860000p+36",
        "type": "float"
      },
      "name": "generated-int-100"
    },
    {
      "args": [
        "935640",
        "-16003"
      ],
      "canonical": {
        "kind": "value",
        "rendered": "-0x1.be3b484400000p+32",
        "type": "float"
      },
      "generated": {
        "kind": "value",
        "rendered": "-0x1.be3b484400000p+32",
        "type": "float"
      },
      "name": "generated-int-101"
    },
    {
      "args": [
        "-103346",
        "980555"
      ],
      "canonical": {
        "kind": "value",
        "rendered": "-0x1.7981f51260000p+35",
        "type": "float"
      },
      "generated": {
        "kind": "value",
        "rendered": "-0x1.7981f51260000p+35",
        "type": "float"
      },
      "name": "generated-int-102"
    },
    {
      "args": [
        "-859928",
        "1763"
      ],
      "canonical": {
        "kind": "value",
        "rendered": "-0x1.6974892000000p+29",
        "type": "float"
      },
      "generated": {
        "kind": "value",
        "rendered": "-0x1.6974892000000p+29",
        "type": "float"
      },
      "name": "generated-int-103"
    },
    {
      "args": [
        "-285267",
        "-745119"
      ],
      "canonical": {
        "kind": "value",
        "rendered": "0x1.8beb7c9c68000p+36",
        "type": "float"
      },
      "generated": {
        "kind": "value",
        "rendered": "0x1.8beb7c9c68000p+36",
        "type": "float"
      },
      "name": "generated-int-104"
    },
    {
      "args": [
        "-536656",
        "900638"
      ],
      "canonical": {
        "kind": "value",
        "rendered": "-0x1.c223842580000p+37",
        "type": "float"
      },
      "generated": {
        "kind": "value",
        "rendered": "-0x1.c223842580000p+37",
        "type": "float"
      },
      "name": "generated-int-105"
    },
    {
      "args": [
        "-918749",
        "-793692"
      ],
      "canonical": {
        "kind": "value",
        "rendered": "0x1.538fdbd6d8000p+38",
        "type": "float"
      },
      "generated": {
        "kind": "value",
        "rendered": "0x1.538fdbd6d8000p+38",
        "type": "float"
      },
      "name": "generated-int-106"
    },
    {
      "args": [
        "86381",
        "-826290"
      ],
      "canonical": {
        "kind": "value",
        "rendered": "-0x1.09e539cca0000p+35",
        "type": "float"
      },
      "generated": {
        "kind": "value",
        "rendered": "-0x1.09e539cca0000p+35",
        "type": "float"
      },
      "name": "generated-int-107"
    },
    {
      "args": [
        "-488837",
        "317491"
      ],
      "canonical": {
        "kind": "value",
        "rendered": "-0x1.2115c50bf8000p+36",
        "type": "float"
      },
      "generated": {
        "kind": "value",
        "rendered": "-0x1.2115c50bf8000p+36",
        "type": "float"
      },
      "name": "generated-int-108"
    },
    {
      "args": [
        "477138",
        "-834190"
      ],
      "canonical": {
        "kind": "value",
        "rendered": "-0x1.72b041a9f0000p+37",
        "type": "float"
      },
      "generated": {
        "kind": "value",
        "rendered": "-0x1.72b041a9f0000p+37",
        "type": "float"
      },
      "name": "generated-int-109"
    },
    {
      "args": [
        "-648482",
        "-721756"
      ],
      "canonical": {
        "kind": "value",
        "rendered": "0x1.b3e6cef8e0000p+37",
        "type": "float"
      },
      "generated": {
        "kind": "value",
        "rendered": "0x1.b3e6cef8e0000p+37",
        "type": "float"
      },
      "name": "generated-int-110"
    },
    {
      "args": [
        "955427",
        "-885834"
      ],
      "canonical": {
        "kind": "value",
        "rendered": "-0x1.8a1cbfbc3c000p+38",
        "type": "float"
      },
      "generated": {
        "kind": "value",
        "rendered": "-0x1.8a1cbfbc3c000p+38",
        "type": "float"
      },
      "name": "generated-int-111"
    },
    {
      "args": [
        "46888",
        "89578"
      ],
      "canonical": {
        "kind": "value",
        "rendered": "0x1.f4b1e52000000p+30",
        "type": "float"
      },
      "generated": {
        "kind": "value",
        "rendered": "0x1.f4b1e52000000p+30",
        "type": "float"
      },
      "name": "generated-int-112"
    },
    {
      "args": [
        "-83450",
        "826179"
      ],
      "canonical": {
        "kind": "value",
        "rendered": "-0x1.00d6bae6e0000p+35",
        "type": "float"
      },
      "generated": {
        "kind": "value",
        "rendered": "-0x1.00d6bae6e0000p+35",
        "type": "float"
      },
      "name": "generated-int-113"
    },
    {
      "args": [
        "916803",
        "-306205"
      ],
      "canonical": {
        "kind": "value",
        "rendered": "-0x1.05732ad25c000p+37",
        "type": "float"
      },
      "generated": {
        "kind": "value",
        "rendered": "-0x1.05732ad25c000p+37",
        "type": "float"
      },
      "name": "generated-int-114"
    },
    {
      "args": [
        "-923779",
        "-690766"
      ],
      "canonical": {
        "kind": "value",
        "rendered": "0x1.2925402bd4000p+38",
        "type": "float"
      },
      "generated": {
        "kind": "value",
        "rendered": "0x1.2925402bd4000p+38",
        "type": "float"
      },
      "name": "generated-int-115"
    },
    {
      "args": [
        "-876263",
        "511220"
      ],
      "canonical": {
        "kind": "value",
        "rendered": "-0x1.a132be20b0000p+37",
        "type": "float"
      },
      "generated": {
        "kind": "value",
        "rendered": "-0x1.a132be20b0000p+37",
        "type": "float"
      },
      "name": "generated-int-116"
    },
    {
      "args": [
        "-792233",
        "243011"
      ],
      "canonical": {
        "kind": "value",
        "rendered": "-0x1.66995359d8000p+36",
        "type": "float"
      },
      "generated": {
        "kind": "value",
        "rendered": "-0x1.66995359d8000p+36",
        "type": "float"
      },
      "name": "generated-int-117"
    },
    {
      "args": [
        "-329079",
        "-750897"
      ],
      "canonical": {
        "kind": "value",
        "rendered": "0x1.cc44937638000p+36",
        "type": "float"
      },
      "generated": {
        "kind": "value",
        "rendered": "0x1.cc44937638000p+36",
        "type": "float"
      },
      "name": "generated-int-118"
    },
    {
      "args": [
        "535259",
        "179726"
      ],
      "canonical": {
        "kind": "value",
        "rendered": "0x1.665f6e1fa0000p+35",
        "type": "float"
      },
      "generated": {
        "kind": "value",
        "rendered": "0x1.665f6e1fa0000p+35",
        "type": "float"
      },
      "name": "generated-int-119"
    },
    {
      "args": [
        "-119415",
        "-239010"
      ],
      "canonical": {
        "kind": "value",
        "rendered": "0x1.a94cb89380000p+33",
        "type": "float"
      },
      "generated": {
        "kind": "value",
        "rendered": "0x1.a94cb89380000p+33",
        "type": "float"
      },
      "name": "generated-int-120"
    },
    {
      "args": [
        "-834938",
        "-322850"
      ],
      "canonical": {
        "kind": "value",
        "rendered": "0x1.f61818e1a0000p+36",
        "type": "float"
      },
      "generated": {
        "kind": "value",
        "rendered": "0x1.f61818e1a0000p+36",
        "type": "float"
      },
      "name": "generated-int-121"
    },
    {
      "args": [
        "-14590",
        "167297"
      ],
      "canonical": {
        "kind": "value",
        "rendered": "-0x1.22f93bfc00000p+30",
        "type": "float"
      },
      "generated": {
        "kind": "value",
        "rendered": "-0x1.22f93bfc00000p+30",
        "type": "float"
      },
      "name": "generated-int-122"
    },
    {
      "args": [
        "917852",
        "229674"
      ],
      "canonical": {
        "kind": "value",
        "rendered": "0x1.88a87ca8c0000p+36",
        "type": "float"
      },
      "generated": {
        "kind": "value",
        "rendered": "0x1.88a87ca8c0000p+36",
        "type": "float"
      },
      "name": "generated-int-123"
    },
    {
      "args": [
        "115871",
        "553844"
      ],
      "canonical": {
        "kind": "value",
        "rendered": "0x1.de2310a180000p+34",
        "type": "float"
      },
      "generated": {
        "kind": "value",
        "rendered": "0x1.de2310a180000p+34",
        "type": "float"
      },
      "name": "generated-int-124"
    },
    {
      "args": [
        "233048",
        "-264595"
      ],
      "canonical": {
        "kind": "value",
        "rendered": "-0x1.cb6d7a9100000p+34",
        "type": "float"
      },
      "generated": {
        "kind": "value",
        "rendered": "-0x1.cb6d7a9100000p+34",
        "type": "float"
      },
      "name": "generated-int-125"
    },
    {
      "args": [
        "47078",
        "749836"
      ],
      "canonical": {
        "kind": "value",
        "rendered": "0x1.0702e49900000p+34",
        "type": "float"
      },
      "generated": {
        "kind": "value",
        "rendered": "0x1.0702e49900000p+34",
        "type": "float"
      },
      "name": "generated-int-126"
    },
    {
      "args": [
        "-218484",
        "-91171"
      ],
      "canonical": {
        "kind": "value",
        "rendered": "0x1.28d27fb700000p+33",
        "type": "float"
      },
      "generated": {
        "kind": "value",
        "rendered": "0x1.28d27fb700000p+33",
        "type": "float"
      },
      "name": "generated-int-127"
    },
    {
      "args": [
        "-916515",
        "769574"
      ],
      "canonical": {
        "kind": "value",
        "rendered": "-0x1.48716cce64000p+38",
        "type": "float"
      },
      "generated": {
        "kind": "value",
        "rendered": "-0x1.48716cce64000p+38",
        "type": "float"
      },
      "name": "generated-int-128"
    },
    {
      "args": [
        "-819588",
        "-663976"
      ],
      "canonical": {
        "kind": "value",
        "rendered": "0x1.fad03c0a80000p+37",
        "type": "float"
      },
      "generated": {
        "kind": "value",
        "rendered": "0x1.fad03c0a80000p+37",
        "type": "float"
      },
      "name": "generated-int-129"
    },
    {
      "args": [
        "14002",
        "-290638"
      ],
      "canonical": {
        "kind": "value",
        "rendered": "-0x1.e51fb07800000p+30",
        "type": "float"
      },
      "generated": {
        "kind": "value",
        "rendered": "-0x1.e51fb07800000p+30",
        "type": "float"
      },
      "name": "generated-int-130"
    },
    {
      "args": [
        "-811417",
        "837121"
      ],
      "canonical": {
        "kind": "value",
        "rendered": "-0x1.3c4d696f32000p+38",
        "type": "float"
      },
      "generated": {
        "kind": "value",
        "rendered": "-0x1.3c4d696f32000p+38",
        "type": "float"
      },
      "name": "generated-int-131"
    },
    {
      "args": [
        "480538",
        "-20289"
      ],
      "canonical": {
        "kind": "value",
        "rendered": "-0x1.228fd0cd00000p+32",
        "type": "float"
      },
      "generated": {
        "kind": "value",
        "rendered": "-0x1.228fd0cd00000p+32",
        "type": "float"
      },
      "name": "generated-int-132"
    },
    {
      "args": [
        "-798205",
        "221697"
      ],
      "canonical": {
        "kind": "value",
        "rendered": "-0x1.499cf03fe8000p+36",
        "type": "float"
      },
      "generated": {
        "kind": "value",
        "rendered": "-0x1.499cf03fe8000p+36",
        "type": "float"
      },
      "name": "generated-int-133"
    },
    {
      "args": [
        "-251754",
        "807300"
      ],
      "canonical": {
        "kind": "value",
        "rendered": "-0x1.7a90dce540000p+36",
        "type": "float"
      },
      "generated": {
        "kind": "value",
        "rendered": "-0x1.7a90dce540000p+36",
        "type": "float"
      },
      "name": "generated-int-134"
    },
    {
      "args": [
        "882310",
        "299051"
      ],
      "canonical": {
        "kind": "value",
        "rendered": "0x1.eb78324410000p+36",
        "type": "float"
      },
      "generated": {
        "kind": "value",
        "rendered": "0x1.eb78324410000p+36",
        "type": "float"
      },
      "name": "generated-int-135"
    },
    {
      "args": [
        "875434",
        "-960904"
      ],
      "canonical": {
        "kind": "value",
        "rendered": "-0x1.87b7cfd8a0000p+38",
        "type": "float"
      },
      "generated": {
        "kind": "value",
        "rendered": "-0x1.87b7cfd8a0000p+38",
        "type": "float"
      },
      "name": "generated-int-136"
    },
    {
      "args": [
        "637638",
        "996725"
      ],
      "canonical": {
        "kind": "value",
        "rendered": "0x1.27f36eb4fc000p+38",
        "type": "float"
      },
      "generated": {
        "kind": "value",
        "rendered": "0x1.27f36eb4fc000p+38",
        "type": "float"
      },
      "name": "generated-int-137"
    },
    {
      "args": [
        "-534901",
        "558233"
      ],
      "canonical": {
        "kind": "value",
        "rendered": "-0x1.1617a46bb4000p+37",
        "type": "float"
      },
      "generated": {
        "kind": "value",
        "rendered": "-0x1.1617a46bb4000p+37",
        "type": "float"
      },
      "name": "generated-int-138"
    },
    {
      "args": [
        "174664",
        "-749069"
      ],
      "canonical": {
        "kind": "value",
        "rendered": "-0x1.e766595a80000p+35",
        "type": "float"
      },
      "generated": {
        "kind": "value",
        "rendered": "-0x1.e766595a80000p+35",
        "type": "float"
      },
      "name": "generated-int-139"
    },
    {
      "args": [
        "832234",
        "-167263"
      ],
      "canonical": {
        "kind": "value",
        "rendered": "-0x1.0348aa36b0000p+36",
        "type": "float"
      },
      "generated": {
        "kind": "value",
        "rendered": "-0x1.0348aa36b0000p+36",
        "type": "float"
      },
      "name": "generated-int-140"
    },
    {
      "args": [
        "986392",
        "-365860"
      ],
      "canonical": {
        "kind": "value",
        "rendered": "-0x1.5018d33d80000p+37",
        "type": "float"
      },
      "generated": {
        "kind": "value",
        "rendered": "-0x1.5018d33d80000p+37",
        "type": "float"
      },
      "name": "generated-int-141"
    },
    {
      "args": [
        "-554645",
        "-324575"
      ],
      "canonical": {
        "kind": "value",
        "rendered": "0x1.4f5215d658000p+36",
        "type": "float"
      },
      "generated": {
        "kind": "value",
        "rendered": "0x1.4f5215d658000p+36",
        "type": "float"
      },
      "name": "generated-int-142"
    },
    {
      "args": [
        "-22843",
        "-694638"
      ],
      "canonical": {
        "kind": "value",
        "rendered": "0x1.d8e44d2d00000p+32",
        "type": "float"
      },
      "generated": {
        "kind": "value",
        "rendered": "0x1.d8e44d2d00000p+32",
        "type": "float"
      },
      "name": "generated-int-143"
    },
    {
      "args": [
        "808165",
        "164096"
      ],
      "canonical": {
        "kind": "value",
        "rendered": "0x1.ee09165000000p+35",
        "type": "float"
      },
      "generated": {
        "kind": "value",
        "rendered": "0x1.ee09165000000p+35",
        "type": "float"
      },
      "name": "generated-int-144"
    },
    {
      "args": [
        "-760540",
        "92632"
      ],
      "canonical": {
        "kind": "value",
        "rendered": "-0x1.0672ae5a00000p+35",
        "type": "float"
      },
      "generated": {
        "kind": "value",
        "rendered": "-0x1.0672ae5a00000p+35",
        "type": "float"
      },
      "name": "generated-int-145"
    },
    {
      "args": [
        "391811",
        "-616880"
      ],
      "canonical": {
        "kind": "value",
        "rendered": "-0x1.c233b7a880000p+36",
        "type": "float"
      },
      "generated": {
        "kind": "value",
        "rendered": "-0x1.c233b7a880000p+36",
        "type": "float"
      },
      "name": "generated-int-146"
    },
    {
      "args": [
        "-125763",
        "-310202"
      ],
      "canonical": {
        "kind": "value",
        "rendered": "0x1.22a95bf5c0000p+34",
        "type": "float"
      },
      "generated": {
        "kind": "value",
        "rendered": "0x1.22a95bf5c0000p+34",
        "type": "float"
      },
      "name": "generated-int-147"
    },
    {
      "args": [
        "-288734",
        "-727416"
      ],
      "canonical": {
        "kind": "value",
        "rendered": "0x1.8735faf080000p+36",
        "type": "float"
      },
      "generated": {
        "kind": "value",
        "rendered": "0x1.8735faf080000p+36",
        "type": "float"
      },
      "name": "generated-int-148"
    },
    {
      "args": [
        "883836",
        "-352958"
      ],
      "canonical": {
        "kind": "value",
        "rendered": "-0x1.2288577020000p+37",
        "type": "float"
      },
      "generated": {
        "kind": "value",
        "rendered": "-0x1.2288577020000p+37",
        "type": "float"
      },
      "name": "generated-int-149"
    },
    {
      "args": [
        "142378",
        "880315"
      ],
      "canonical": {
        "kind": "value",
        "rendered": "0x1.d2eb24eae0000p+35",
        "type": "float"
      },
      "generated": {
        "kind": "value",
        "rendered": "0x1.d2eb24eae0000p+35",
        "type": "float"
      },
      "name": "generated-int-150"
    },
    {
      "args": [
        "-473828",
        "-24373"
      ],
      "canonical": {
        "kind": "value",
        "rendered": "0x1.582ce69a00000p+32",
        "type": "float"
      },
      "generated": {
        "kind": "value",
        "rendered": "0x1.582ce69a00000p+32",
        "type": "float"
      },
      "name": "generated-int-151"
    },
    {
      "args": [
        "942263",
        "-850689"
      ],
      "canonical": {
        "kind": "value",
        "rendered": "-0x1.7542eb9b6e000p+38",
        "type": "float"
      },
      "generated": {
        "kind": "value",
        "rendered": "-0x1.7542eb9b6e000p+38",
        "type": "float"
      },
      "name": "generated-int-152"
    },
    {
      "args": [
        "169294",
        "-557914"
      ],
      "canonical": {
        "kind": "value",
        "rendered": "-0x1.5fdbf676c0000p+35",
        "type": "float"
      },
      "generated": {
        "kind": "value",
        "rendered": "-0x1.5fdbf676c0000p+35",
        "type": "float"
      },
      "name": "generated-int-153"
    },
    {
      "args": [
        "790175",
        "350107"
      ],
      "canonical": {
        "kind": "value",
        "rendered": "0x1.01a57f8d14000p+37",
        "type": "float"
      },
      "generated": {
        "kind": "value",
        "rendered": "0x1.01a57f8d14000p+37",
        "type": "float"
      },
      "name": "generated-int-154"
    },
    {
      "args": [
        "-568320",
        "-407174"
      ],
      "canonical": {
        "kind": "value",
        "rendered": "0x1.af06904000000p+36",
        "type": "float"
      },
      "generated": {
        "kind": "value",
        "rendered": "0x1.af06904000000p+36",
        "type": "float"
      },
      "name": "generated-int-155"
    },
    {
      "args": [
        "-739658",
        "601471"
      ],
      "canonical": {
        "kind": "value",
        "rendered": "-0x1.9e545576d8000p+37",
        "type": "float"
      },
      "generated": {
        "kind": "value",
        "rendered": "-0x1.9e545576d8000p+37",
        "type": "float"
      },
      "name": "generated-int-156"
    },
    {
      "args": [
        "921036",
        "543463"
      ],
      "canonical": {
        "kind": "value",
        "rendered": "0x1.d22c2dac50000p+37",
        "type": "float"
      },
      "generated": {
        "kind": "value",
        "rendered": "0x1.d22c2dac50000p+37",
        "type": "float"
      },
      "name": "generated-int-157"
    },
    {
      "args": [
        "22754",
        "-305198"
      ],
      "canonical": {
        "kind": "value",
        "rendered": "-0x1.9dec489c00000p+31",
        "type": "float"
      },
      "generated": {
        "kind": "value",
        "rendered": "-0x1.9dec489c00000p+31",
        "type": "float"
      },
      "name": "generated-int-158"
    },
    {
      "args": [
        "318820",
        "921671"
      ],
      "canonical": {
        "kind": "value",
        "rendered": "0x1.11aa9e9af0000p+37",
        "type": "float"
      },
      "generated": {
        "kind": "value",
        "rendered": "0x1.11aa9e9af0000p+37",
        "type": "float"
      },
      "name": "generated-int-159"
    },
    {
      "args": [
        "64618",
        "576039"
      ],
      "canonical": {
        "kind": "value",
        "rendered": "0x1.15544304c0000p+34",
        "type": "float"
      },
      "generated": {
        "kind": "value",
        "rendered": "0x1.15544304c0000p+34",
        "type": "float"
      },
      "name": "generated-int-160"
    },
    {
      "args": [
        "-226136",
        "977334"
      ],
      "canonical": {
        "kind": "value",
        "rendered": "-0x1.9ba9f8c480000p+36",
        "type": "float"
      },
      "generated": {
        "kind": "value",
        "rendered": "-0x1.9ba9f8c480000p+36",
        "type": "float"
      },
      "name": "generated-int-161"
    },
    {
      "args": [
        "697177",
        "674575"
      ],
      "canonical": {
        "kind": "value",
        "rendered": "0x1.b5ffd294dc000p+37",
        "type": "float"
      },
      "generated": {
        "kind": "value",
        "rendered": "0x1.b5ffd294dc000p+37",
        "type": "float"
      },
      "name": "generated-int-162"
    },
    {
      "args": [
        "745828",
        "-467144"
      ],
      "canonical": {
        "kind": "value",
        "rendered": "-0x1.447b325880000p+37",
        "type": "float"
      },
      "generated": {
        "kind": "value",
        "rendered": "-0x1.447b325880000p+37",
        "type": "float"
      },
      "name": "generated-int-163"
    },
    {
      "args": [
        "85241",
        "-707195"
      ],
      "canonical": {
        "kind": "value",
        "rendered": "-0x1.c122ceb460000p+34",
        "type": "float"
      },
      "generated": {
        "kind": "value",
        "rendered": "-0x1.c122ceb460000p+34",
        "type": "float"
      },
      "name": "generated-int-164"
    },
    {
      "args": [
        "-94480",
        "-74195"
      ],
      "canonical": {
        "kind": "value",
        "rendered": "0x1.a1d3403000000p+31",
        "type": "float"
      },
      "generated": {
        "kind": "value",
        "rendered": "0x1.a1d3403000000p+31",
        "type": "float"
      },
      "name": "generated-int-165"
    },
    {
      "args": [
        "-528541",
        "-423056"
      ],
      "canonical": {
        "kind": "value",
        "rendered": "0x1.a07df3e280000p+36",
        "type": "float"
      },
      "generated": {
        "kind": "value",
        "rendered": "0x1.a07df3e280000p+36",
        "type": "float"
      },
      "name": "generated-int-166"
    },
    {
      "args": [
        "-54870",
        "578922"
      ],
      "canonical": {
        "kind": "value",
        "rendered": "-0x1.d957936700000p+33",
        "type": "float"
      },
      "generated": {
        "kind": "value",
        "rendered": "-0x1.d957936700000p+33",
        "type": "float"
      },
      "name": "generated-int-167"
    },
    {
      "args": [
        "-594874",
        "245394"
      ],
      "canonical": {
        "kind": "value",
        "rendered": "-0x1.0fe7fa60a0000p+36",
        "type": "float"
      },
      "generated": {
        "kind": "value",
        "rendered": "-0x1.0fe7fa60a0000p+36",
        "type": "float"
      },
      "name": "generated-int-168"
    },
    {
      "args": [
        "791685",
        "772016"
      ],
      "canonical": {
        "kind": "value",
        "rendered": "0x1.1c9bf0fce0000p+38",
        "type": "float"
      },
      "generated": {
        "kind": "value",
        "rendered": "0x1.1c9bf0fce0000p+38",
        "type": "float"
      },
      "name": "generated-int-169"
    },
    {
      "args": [
        "555034",
        "-929456"
      ],
      "canonical": {
        "kind": "value",
        "rendered": "-0x1.e0734cf780000p+37",
        "type": "float"
      },
      "generated": {
        "kind": "value",
        "rendered": "-0x1.e0734cf780000p+37",
        "type": "float"
      },
      "name": "generated-int-170"
    },
    {
      "args": [
        "793423",
        "967122"
      ],
      "canonical": {
        "kind": "value",
        "rendered": "0x1.6551adeb9c000p+38",
        "type": "float"
      },
      "generated": {
        "kind": "value",
        "rendered": "0x1.6551adeb9c000p+38",
        "type": "float"
      },
      "name": "generated-int-171"
    },
    {
      "args": [
        "-961203",
        "-721762"
      ],
      "canonical": {
        "kind": "value",
        "rendered": "0x1.430e9ce30c000p+38",
        "type": "float"
      },
      "generated": {
        "kind": "value",
        "rendered": "0x1.430e9ce30c000p+38",
        "type": "float"
      },
      "name": "generated-int-172"
    },
    {
      "args": [
        "-245653",
        "-349384"
      ],
      "canonical": {
        "kind": "value",
        "rendered": "0x1.3fbb390680000p+35",
        "type": "float"
      },
      "generated": {
        "kind": "value",
        "rendered": "0x1.3fbb390680000p+35",
        "type": "float"
      },
      "name": "generated-int-173"
    },
    {
      "args": [
        "441242",
        "-475695"
      ],
      "canonical": {
        "kind": "value",
        "rendered": "-0x1.86f6812a30000p+36",
        "type": "float"
      },
      "generated": {
        "kind": "value",
        "rendered": "-0x1.86f6812a30000p+36",
        "type": "float"
      },
      "name": "generated-int-174"
    },
    {
      "args": [
        "666752",
        "490600"
      ],
      "canonical": {
        "kind": "value",
        "rendered": "0x1.30a4c05000000p+37",
        "type": "float"
      },
      "generated": {
        "kind": "value",
        "rendered": "0x1.30a4c05000000p+37",
        "type": "float"
      },
      "name": "generated-int-175"
    },
    {
      "args": [
        "914176",
        "344443"
      ],
      "canonical": {
        "kind": "value",
        "rendered": "0x1.25419b0400000p+37",
        "type": "float"
      },
      "generated": {
        "kind": "value",
        "rendered": "0x1.25419b0400000p+37",
        "type": "float"
      },
      "name": "generated-int-176"
    },
    {
      "args": [
        "-163029",
        "-920466"
      ],
      "canonical": {
        "kind": "value",
        "rendered": "0x1.178372c3d0000p+36",
        "type": "float"
      },
      "generated": {
        "kind": "value",
        "rendered": "0x1.178372c3d0000p+36",
        "type": "float"
      },
      "name": "generated-int-177"
    },
    {
      "args": [
        "-197202",
        "-729992"
      ],
      "canonical": {
        "kind": "value",
        "rendered": "0x1.0c23838c80000p+36",
        "type": "float"
      },
      "generated": {
        "kind": "value",
        "rendered": "0x1.0c23838c80000p+36",
        "type": "float"
      },
      "name": "generated-int-178"
    },
    {
      "args": [
        "475980",
        "-150815"
      ],
      "canonical": {
        "kind": "value",
        "rendered": "-0x1.0b6b702340000p+35",
        "type": "float"
      },
      "generated": {
        "kind": "value",
        "rendered": "-0x1.0b6b702340000p+35",
        "type": "float"
      },
      "name": "generated-int-179"
    },
    {
      "args": [
        "588212",
        "117387"
      ],
      "canonical": {
        "kind": "value",
        "rendered": "0x1.0139b9cbc0000p+35",
        "type": "float"
      },
      "generated": {
        "kind": "value",
        "rendered": "0x1.0139b9cbc0000p+35",
        "type": "float"
      },
      "name": "generated-int-180"
    },
    {
      "args": [
        "-744368",
        "566029"
      ],
      "canonical": {
        "kind": "value",
        "rendered": "-0x1.8865d2dfc0000p+37",
        "type": "float"
      },
      "generated": {
        "kind": "value",
        "rendered": "-0x1.8865d2dfc0000p+37",
        "type": "float"
      },
      "name": "generated-int-181"
    },
    {
      "args": [
        "-449884",
        "636119"
      ],
      "canonical": {
        "kind": "value",
        "rendered": "-0x1.0a86926110000p+37",
        "type": "float"
      },
      "generated": {
        "kind": "value",
        "rendered": "-0x1.0a86926110000p+37",
        "type": "float"
      },
      "name": "generated-int-182"
    },
    {
      "args": [
        "-209251",
        "874054"
      ],
      "canonical": {
        "kind": "value",
        "rendered": "-0x1.54abee1890000p+36",
        "type": "float"
      },
      "generated": {
        "kind": "value",
        "rendered": "-0x1.54abee1890000p+36",
        "type": "float"
      },
      "name": "generated-int-183"
    },
    {
      "args": [
        "-731197",
        "-993858"
      ],
      "canonical": {
        "kind": "value",
        "rendered": "0x1.52661ac374000p+38",
        "type": "float"
      },
      "generated": {
        "kind": "value",
        "rendered": "0x1.52661ac374000p+38",
        "type": "float"
      },
      "name": "generated-int-184"
    },
    {
      "args": [
        "-313239",
        "789031"
      ],
      "canonical": {
        "kind": "value",
        "rendered": "-0x1.cc5cd27008000p+36",
        "type": "float"
      },
      "generated": {
        "kind": "value",
        "rendered": "-0x1.cc5cd27008000p+36",
        "type": "float"
      },
      "name": "generated-int-185"
    },
    {
      "args": [
        "73399",
        "952516"
      ],
      "canonical": {
        "kind": "value",
        "rendered": "0x1.0472ebc1c0000p+35",
        "type": "float"
      },
      "generated": {
        "kind": "value",
        "rendered": "0x1.0472ebc1c0000p+35",
        "type": "float"
      },
      "name": "generated-int-186"
    },
    {
      "args": [
        "467029",
        "-930208"
      ],
      "canonical": {
        "kind": "value",
        "rendered": "-0x1.949929e880000p+37",
        "type": "float"
      },
      "generated": {
        "kind": "value",
        "rendered": "-0x1.949929e880000p+37",
        "type": "float"
      },
      "name": "generated-int-187"
    },
    {
      "args": [
        "-609002",
        "173800"
      ],
      "canonical": {
        "kind": "value",
        "rendered": "-0x1.8a4d3a0100000p+35",
        "type": "float"
      },
      "generated": {
        "kind": "value",
        "rendered": "-0x1.8a4d3a0100000p+35",
        "type": "float"
      },
      "name": "generated-int-188"
    },
    {
      "args": [
        "861010",
        "13415"
      ],
      "canonical": {
        "kind": "value",
        "rendered": "0x1.583aeeff00000p+32",
        "type": "float"
      },
      "generated": {
        "kind": "value",
        "rendered": "0x1.583aeeff00000p+32",
        "type": "float"
      },
      "name": "generated-int-189"
    },
    {
      "args": [
        "-681870",
        "-481964"
      ],
      "canonical": {
        "kind": "value",
        "rendered": "0x1.32111dfda0000p+37",
        "type": "float"
      },
      "generated": {
        "kind": "value",
        "rendered": "0x1.32111dfda0000p+37",
        "type": "float"
      },
      "name": "generated-int-190"
    },
    {
      "args": [
        "-155321",
        "657612"
      ],
      "canonical": {
        "kind": "value",
        "rendered": "-0x1.7c813436c0000p+35",
        "type": "float"
      },
      "generated": {
        "kind": "value",
        "rendered": "-0x1.7c813436c0000p+35",
        "type": "float"
      },
      "name": "generated-int-191"
    },
    {
      "args": [
        "-712887",
        "2430"
      ],
      "canonical": {
        "kind": "value",
        "rendered": "-0x1.9d04244800000p+29",
        "type": "float"
      },
      "generated": {
        "kind": "value",
        "rendered": "-0x1.9d04244800000p+29",
        "type": "float"
      },
      "name": "generated-int-192"
    },
    {
      "args": [
        "-550556",
        "294298"
      ],
      "canonical": {
        "kind": "value",
        "rendered": "-0x1.2dccbf2ec0000p+36",
        "type": "float"
      },
      "generated": {
        "kind": "value",
        "rendered": "-0x1.2dccbf2ec0000p+36",
        "type": "float"
      },
      "name": "generated-int-193"
    },
    {
      "args": [
        "-956548",
        "-95742"
      ],
      "canonical": {
        "kind": "value",
        "rendered": "0x1.552b3a6f80000p+35",
        "type": "float"
      },
      "generated": {
        "kind": "value",
        "rendered": "0x1.552b3a6f80000p+35",
        "type": "float"
      },
      "name": "generated-int-194"
    },
    {
      "args": [
        "-147538",
        "768595"
      ],
      "canonical": {
        "kind": "value",
        "rendered": "-0x1.a66fc6e960000p+35",
        "type": "float"
      },
      "generated": {
        "kind": "value",
        "rendered": "-0x1.a66fc6e960000p+35",
        "type": "float"
      },
      "name": "generated-int-195"
    },
    {
      "args": [
        "-273418",
        "626117"
      ],
      "canonical": {
        "kind": "value",
        "rendered": "-0x1.3ede8b2d90000p+36",
        "type": "float"
      },
      "generated": {
        "kind": "value",
        "rendered": "-0x1.3ede8b2d90000p+36",
        "type": "float"
      },
      "name": "generated-int-196"
    },
    {
      "args": [
        "-940224",
        "289116"
      ],
      "canonical": {
        "kind": "value",
        "rendered": "-0x1.fa54752800000p+36",
        "type": "float"
      },
      "generated": {
        "kind": "value",
        "rendered": "-0x1.fa54752800000p+36",
        "type": "float"
      },
      "name": "generated-int-197"
    },
    {
      "args": [
        "343451",
        "668649"
      ],
      "canonical": {
        "kind": "value",
        "rendered": "0x1.abc0c79898000p+36",
        "type": "float"
      },
      "generated": {
        "kind": "value",
        "rendered": "0x1.abc0c79898000p+36",
        "type": "float"
      },
      "name": "generated-int-198"
    },
    {
      "args": [
        "776616",
        "-323636"
      ],
      "canonical": {
        "kind": "value",
        "rendered": "-0x1.d428adb100000p+36",
        "type": "float"
      },
      "generated": {
        "kind": "value",
        "rendered": "-0x1.d428adb100000p+36",
        "type": "float"
      },
      "name": "generated-int-199"
    },
    {
      "args": [
        "641273",
        "338953"
      ],
      "canonical": {
        "kind": "value",
        "rendered": "0x1.94ddfee608000p+36",
        "type": "float"
      },
      "generated": {
        "kind": "value",
        "rendered": "0x1.94ddfee608000p+36",
        "type": "float"
      },
      "name": "generated-int-200"
    },
    {
      "args": [
        "82230",
        "780496"
      ],
      "canonical": {
        "kind": "value",
        "rendered": "0x1.de2dfd7c00000p+34",
        "type": "float"
      },
      "generated": {
        "kind": "value",
        "rendered": "0x1.de2dfd7c00000p+34",
        "type": "float"
      },
      "name": "generated-int-201"
    },
    {
      "args": [
        "25912",
        "-47418"
      ],
      "canonical": {
        "kind": "value",
        "rendered": "-0x1.24f19ac000000p+29",
        "type": "float"
      },
      "generated": {
        "kind": "value",
        "rendered": "-0x1.24f19ac000000p+29",
        "type": "float"
      },
      "name": "generated-int-202"
    },
    {
      "args": [
        "-435879",
        "142965"
      ],
      "canonical": {
        "kind": "value",
        "rendered": "-0x1.d049458a60000p+34",
        "type": "float"
      },
      "generated": {
        "kind": "value",
        "rendered": "-0x1.d049458a60000p+34",
        "type": "float"
      },
      "name": "generated-int-203"
    },
    {
      "args": [
        "-530327",
        "842379"
      ],
      "canonical": {
        "kind": "value",
        "rendered": "-0x1.a00e3d93f4000p+37",
        "type": "float"
      },
      "generated": {
        "kind": "value",
        "rendered": "-0x1.a00e3d93f4000p+37",
        "type": "float"
      },
      "name": "generated-int-204"
    },
    {
      "args": [
        "950476",
        "647624"
      ],
      "canonical": {
        "kind": "value",
        "rendered": "0x1.1ea367d6c0000p+38",
        "type": "float"
      },
      "generated": {
        "kind": "value",
        "rendered": "0x1.1ea367d6c0000p+38",
        "type": "float"
      },
      "name": "generated-int-205"
    },
    {
      "args": [
        "-728850",
        "38716"
      ],
      "canonical": {
        "kind": "value",
        "rendered": "-0x1.a47bb98e00000p+33",
        "type": "float"
      },
      "generated": {
        "kind": "value",
        "rendered": "-0x1.a47bb98e00000p+33",
        "type": "float"
      },
      "name": "generated-int-206"
    },
    {
      "args": [
        "531151",
        "214524"
      ],
      "canonical": {
        "kind": "value",
        "rendered": "0x1.a87a12ec40000p+35",
        "type": "float"
      },
      "generated": {
        "kind": "value",
        "rendered": "0x1.a87a12ec40000p+35",
        "type": "float"
      },
      "name": "generated-int-207"
    },
    {
      "args": [
        "31119",
        "381482"
      ],
      "canonical": {
        "kind": "value",
        "rendered": "0x1.61cb1fbb00000p+32",
        "type": "float"
      },
      "generated": {
        "kind": "value",
        "rendered": "0x1.61cb1fbb00000p+32",
        "type": "float"
      },
      "name": "generated-int-208"
    },
    {
      "args": [
        "573066",
        "37057"
      ],
      "canonical": {
        "kind": "value",
        "rendered": "0x1.3c71518280000p+33",
        "type": "float"
      },
      "generated": {
        "kind": "value",
        "rendered": "0x1.3c71518280000p+33",
        "type": "float"
      },
      "name": "generated-int-209"
    },
    {
      "args": [
        "951611",
        "-498236"
      ],
      "canonical": {
        "kind": "value",
        "rendered": "-0x1.b990a6df50000p+37",
        "type": "float"
      },
      "generated": {
        "kind": "value",
        "rendered": "-0x1.b990a6df50000p+37",
        "type": "float"
      },
      "name": "generated-int-210"
    },
    {
      "args": [
        "-342368",
        "422273"
      ],
      "canonical": {
        "kind": "value",
        "rendered": "-0x1.0d49aa4b00000p+36",
        "type": "float"
      },
      "generated": {
        "kind": "value",
        "rendered": "-0x1.0d49aa4b00000p+36",
        "type": "float"
      },
      "name": "generated-int-211"
    },
    {
      "args": [
        "-409275",
        "-158033"
      ],
      "canonical": {
        "kind": "value",
        "rendered": "0x1.e1e5518560000p+34",
        "type": "float"
      },
      "generated": {
        "kind": "value",
        "rendered": "0x1.e1e5518560000p+34",
        "type": "float"
      },
      "name": "generated-int-212"
    },
    {
      "args": [
        "-617654",
        "-577936"
      ],
      "canonical": {
        "kind": "value",
        "rendered": "0x1.4c72f6f180000p+37",
        "type": "float"
      },
      "generated": {
        "kind": "value",
        "rendered": "0x1.4c72f6f180000p+37",
        "type": "float"
      },
      "name": "generated-int-213"
    },
    {
      "args": [
        "-334041",
        "690549"
      ],
      "canonical": {
        "kind": "value",
        "rendered": "-0x1.ada8d3e168000p+36",
        "type": "float"
      },
      "generated": {
        "kind": "value",
        "rendered": "-0x1.ada8d3e168000p+36",
        "type": "float"
      },
      "name": "generated-int-214"
    },
    {
      "args": [
        "-831403",
        "600229"
      ],
      "canonical": {
        "kind": "value",
        "rendered": "-0x1.d0c28bc4dc000p+37",
        "type": "float"
      },
      "generated": {
        "kind": "value",
        "rendered": "-0x1.d0c28bc4dc000p+37",
        "type": "float"
      },
      "name": "generated-int-215"
    },
    {
      "args": [
        "646641",
        "245862"
      ],
      "canonical": {
        "kind": "value",
        "rendered": "0x1.2821b17030000p+36",
        "type": "float"
      },
      "generated": {
        "kind": "value",
        "rendered": "0x1.2821b17030000p+36",
        "type": "float"
      },
      "name": "generated-int-216"
    },
    {
      "args": [
        "-315183",
        "-265846"
      ],
      "canonical": {
        "kind": "value",
        "rendered": "0x1.3824811aa0000p+35",
        "type": "float"
      },
      "generated": {
        "kind": "value",
        "rendered": "0x1.3824811aa0000p+35",
        "type": "float"
      },
      "name": "generated-int-217"
    },
    {
      "args": [
        "-315395",
        "466211"
      ],
      "canonical": {
        "kind": "value",
        "rendered": "-0x1.11e26e3b48000p+36",
        "type": "float"
      },
      "generated": {
        "kind": "value",
        "rendered": "-0x1.11e26e3b48000p+36",
        "type": "float"
      },
      "name": "generated-int-218"
    },
    {
      "args": [
        "-203001",
        "428236"
      ],
      "canonical": {
        "kind": "value",
        "rendered": "-0x1.43d922e6c0000p+35",
        "type": "float"
      },
      "generated": {
        "kind": "value",
        "rendered": "-0x1.43d922e6c0000p+35",
        "type": "float"
      },
      "name": "generated-int-219"
    },
    {
      "args": [
        "-61389",
        "-221977"
      ],
      "canonical": {
        "kind": "value",
        "rendered": "0x1.961d590280000p+32",
        "type": "float"
      },
      "generated": {
        "kind": "value",
        "rendered": "0x1.961d590280000p+32",
        "type": "float"
      },
      "name": "generated-int-220"
    },
    {
      "args": [
        "392344",
        "45821"
      ],
      "canonical": {
        "kind": "value",
        "rendered": "0x1.0be3148e00000p+33",
        "type": "float"
      },
      "generated": {
        "kind": "value",
        "rendered": "0x1.0be3148e00000p+33",
        "type": "float"
      },
      "name": "generated-int-221"
    },
    {
      "args": [
        "-645691",
        "850217"
      ],
      "canonical": {
        "kind": "value",
        "rendered": "-0x1.ff466d59cc000p+37",
        "type": "float"
      },
      "generated": {
        "kind": "value",
        "rendered": "-0x1.ff466d59cc000p+37",
        "type": "float"
      },
      "name": "generated-int-222"
    },
    {
      "args": [
        "614026",
        "132345"
      ],
      "canonical": {
        "kind": "value",
        "rendered": "0x1.2ebab1c3a0000p+35",
        "type": "float"
      },
      "generated": {
        "kind": "value",
        "rendered": "0x1.2ebab1c3a0000p+35",
        "type": "float"
      },
      "name": "generated-int-223"
    },
    {
      "args": [
        "664922",
        "193831"
      ],
      "canonical": {
        "kind": "value",
        "rendered": "0x1.e01fed2b60000p+35",
        "type": "float"
      },
      "generated": {
        "kind": "value",
        "rendered": "0x1.e01fed2b60000p+35",
        "type": "float"
      },
      "name": "generated-int-224"
    },
    {
      "args": [
        "-990968",
        "-426335"
      ],
      "canonical": {
        "kind": "value",
        "rendered": "0x1.89781dd820000p+37",
        "type": "float"
      },
      "generated": {
        "kind": "value",
        "rendered": "0x1.89781dd820000p+37",
        "type": "float"
      },
      "name": "generated-int-225"
    },
    {
      "args": [
        "911536",
        "-878050"
      ],
      "canonical": {
        "kind": "value",
        "rendered": "-0x1.74b409b6c0000p+38",
        "type": "float"
      },
      "generated": {
        "kind": "value",
        "rendered": "-0x1.74b409b6c0000p+38",
        "type": "float"
      },
      "name": "generated-int-226"
    },
    {
      "args": [
        "-43766",
        "-257391"
      ],
      "canonical": {
        "kind": "value",
        "rendered": "0x1.4fb8ef5500000p+32",
        "type": "float"
      },
      "generated": {
        "kind": "value",
        "rendered": "0x1.4fb8ef5500000p+32",
        "type": "float"
      },
      "name": "generated-int-227"
    },
    {
      "args": [
        "845723",
        "673322"
      ],
      "canonical": {
        "kind": "value",
        "rendered": "0x1.092b00c2dc000p+38",
        "type": "float"
      },
      "generated": {
        "kind": "value",
        "rendered": "0x1.092b00c2dc000p+38",
        "type": "float"
      },
      "name": "generated-int-228"
    },
    {
      "args": [
        "10831",
        "68244"
      ],
      "canonical": {
        "kind": "value",
        "rendered": "0x1.60745d6000000p+28",
        "type": "float"
      },
      "generated": {
        "kind": "value",
        "rendered": "0x1.60745d6000000p+28",
        "type": "float"
      },
      "name": "generated-int-229"
    },
    {
      "args": [
        "63440",
        "218544"
      ],
      "canonical": {
        "kind": "value",
        "rendered": "0x1.9d31378000000p+32",
        "type": "float"
      },
      "generated": {
        "kind": "value",
        "rendered": "0x1.9d31378000000p+32",
        "type": "float"
      },
      "name": "generated-int-230"
    },
    {
      "args": [
        "-138124",
        "-961935"
      ],
      "canonical": {
        "kind": "value",
        "rendered": "0x1.eef72ff340000p+35",
        "type": "float"
      },
      "generated": {
        "kind": "value",
        "rendered": "0x1.eef72ff340000p+35",
        "type": "float"
      },
      "name": "generated-int-231"
    },
    {
      "args": [
        "-798563",
        "514111"
      ],
      "canonical": {
        "kind": "value",
        "rendered": "-0x1.7e5ac0c574000p+37",
        "type": "float"
      },
      "generated": {
        "kind": "value",
        "rendered": "-0x1.7e5ac0c574000p+37",
        "type": "float"
      },
      "name": "generated-int-232"
    },
    {
      "args": [
        "-239415",
        "709808"
      ],
      "canonical": {
        "kind": "value",
        "rendered": "-0x1.3c89140e80000p+36",
        "type": "float"
      },
      "generated": {
        "kind": "value",
        "rendered": "-0x1.3c89140e80000p+36",
        "type": "float"
      },
      "name": "generated-int-233"
    },
    {
      "args": [
        "-781994",
        "-90698"
      ],
      "canonical": {
        "kind": "value",
        "rendered": "0x1.0837a11240000p+35",
        "type": "float"
      },
      "generated": {
        "kind": "value",
        "rendered": "0x1.0837a11240000p+35",
        "type": "float"
      },
      "name": "generated-int-234"
    },
    {
      "args": [
        "549298",
        "-302393"
      ],
      "canonical": {
        "kind": "value",
        "rendered": "-0x1.35647f5510000p+36",
        "type": "float"
      },
      "generated": {
        "kind": "value",
        "rendered": "-0x1.35647f5510000p+36",
        "type": "float"
      },
      "name": "generated-int-235"
    },
    {
      "args": [
        "951626",
        "132453"
      ],
      "canonical": {
        "kind": "value",
        "rendered": "0x1.d58e908320000p+35",
        "type": "float"
      },
      "generated": {
        "kind": "value",
        "rendered": "0x1.d58e908320000p+35",
        "type": "float"
      },
      "name": "generated-int-236"
    },
    {
      "args": [
        "847475",
        "155970"
      ],
      "canonical": {
        "kind": "value",
        "rendered": "0x1.ec6950ca60000p+35",
        "type": "float"
      },
      "generated": {
        "kind": "value",
        "rendered": "0x1.ec6950ca60000p+35",
        "type": "float"
      },
      "name": "generated-int-237"
    },
    {
      "args": [
        "-264321",
        "418346"
      ],
      "canonical": {
        "kind": "value",
        "rendered": "-0x1.9bef0c72a0000p+35",
        "type": "float"
      },
      "generated": {
        "kind": "value",
        "rendered": "-0x1.9bef0c72a0000p+35",
        "type": "float"
      },
      "name": "generated-int-238"
    },
    {
      "args": [
        "-211044",
        "851651"
      ],
      "canonical": {
        "kind": "value",
        "rendered": "-0x1.4ec8b96160000p+36",
        "type": "float"
      },
      "generated": {
        "kind": "value",
        "rendered": "-0x1.4ec8b96160000p+36",
        "type": "float"
      },
      "name": "generated-int-239"
    },
    {
      "args": [
        "-792291",
        "-63189"
      ],
      "canonical": {
        "kind": "value",
        "rendered": "0x1.7501a59be0000p+34",
        "type": "float"
      },
      "generated": {
        "kind": "value",
        "rendered": "0x1.7501a59be0000p+34",
        "type": "float"
      },
      "name": "generated-int-240"
    },
    {
      "args": [
        "983764",
        "-911268"
      ],
      "canonical": {
        "kind": "value",
        "rendered": "-0x1.a173de37a0000p+38",
        "type": "float"
      },
      "generated": {
        "kind": "value",
        "rendered": "-0x1.a173de37a0000p+38",
        "type": "float"
      },
      "name": "generated-int-241"
    },
    {
      "args": [
        "507100",
        "115621"
      ],
      "canonical": {
        "kind": "value",
        "rendered": "0x1.b4d689b980000p+34",
        "type": "float"
      },
      "generated": {
        "kind": "value",
        "rendered": "0x1.b4d689b980000p+34",
        "type": "float"
      },
      "name": "generated-int-242"
    },
    {
      "args": [
        "-862276",
        "-337601"
      ],
      "canonical": {
        "kind": "value",
        "rendered": "0x1.0f1ce5cd10000p+37",
        "type": "float"
      },
      "generated": {
        "kind": "value",
        "rendered": "0x1.0f1ce5cd10000p+37",
        "type": "float"
      },
      "name": "generated-int-243"
    },
    {
      "args": [
        "-922490",
        "-939437"
      ],
      "canonical": {
        "kind": "value",
        "rendered": "0x1.938d4d56e4000p+38",
        "type": "float"
      },
      "generated": {
        "kind": "value",
        "rendered": "0x1.938d4d56e4000p+38",
        "type": "float"
      },
      "name": "generated-int-244"
    },
    {
      "args": [
        "750931",
        "763460"
      ],
      "canonical": {
        "kind": "value",
        "rendered": "0x1.0af75ff818000p+38",
        "type": "float"
      },
      "generated": {
        "kind": "value",
        "rendered": "0x1.0af75ff818000p+38",
        "type": "float"
      },
      "name": "generated-int-245"
    },
    {
      "args": [
        "-364252",
        "-721090"
      ],
      "canonical": {
        "kind": "value",
        "rendered": "0x1.e93d5215c0000p+36",
        "type": "float"
      },
      "generated": {
        "kind": "value",
        "rendered": "0x1.e93d5215c0000p+36",
        "type": "float"
      },
      "name": "generated-int-246"
    },
    {
      "args": [
        "-676591",
        "-118771"
      ],
      "canonical": {
        "kind": "value",
        "rendered": "0x1.2b5caf9dd0000p+35",
        "type": "float"
      },
      "generated": {
        "kind": "value",
        "rendered": "0x1.2b5caf9dd0000p+35",
        "type": "float"
      },
      "name": "generated-int-247"
    },
    {
      "args": [
        "461303",
        "-701095"
      ],
      "canonical": {
        "kind": "value",
        "rendered": "-0x1.2d34acf884000p+37",
        "type": "float"
      },
      "generated": {
        "kind": "value",
        "rendered": "-0x1.2d34acf884000p+37",
        "type": "float"
      },
      "name": "generated-int-248"
    },
    {
      "args": [
        "274914",
        "-37564"
      ],
      "canonical": {
        "kind": "value",
        "rendered": "-0x1.33c3c2fc00000p+32",
        "type": "float"
      },
      "generated": {
        "kind": "value",
        "rendered": "-0x1.33c3c2fc00000p+32",
        "type": "float"
      },
      "name": "generated-int-249"
    },
    {
      "args": [
        "-638144",
        "-164067"
      ],
      "canonical": {
        "kind": "value",
        "rendered": "0x1.860825e400000p+35",
        "type": "float"
      },
      "generated": {
        "kind": "value",
        "rendered": "0x1.860825e400000p+35",
        "type": "float"
      },
      "name": "generated-int-250"
    },
    {
      "args": [
        "461636",
        "72557"
      ],
      "canonical": {
        "kind": "value",
        "rendered": "0x1.f31cfdfd00000p+33",
        "type": "float"
      },
      "generated": {
        "kind": "value",
        "rendered": "0x1.f31cfdfd00000p+33",
        "type": "float"
      },
      "name": "generated-int-251"
    },
    {
      "args": [
        "-568863",
        "108931"
      ],
      "canonical": {
        "kind": "value",
        "rendered": "-0x1.cdb0521ba0000p+34",
        "type": "float"
      },
      "generated": {
        "kind": "value",
        "rendered": "-0x1.cdb0521ba0000p+34",
        "type": "float"
      },
      "name": "generated-int-252"
    },
    {
      "args": [
        "112804",
        "-249426"
      ],
      "canonical": {
        "kind": "value",
        "rendered": "-0x1.a343472200000p+33",
        "type": "float"
      },
      "generated": {
        "kind": "value",
        "rendered": "-0x1.a343472200000p+33",
        "type": "float"
      },
      "name": "generated-int-253"
    },
    {
      "args": [
        "-935430",
        "609620"
      ],
      "canonical": {
        "kind": "value",
        "rendered": "-0x1.098be98ff0000p+38",
        "type": "float"
      },
      "generated": {
        "kind": "value",
        "rendered": "-0x1.098be98ff0000p+38",
        "type": "float"
      },
      "name": "generated-int-254"
    },
    {
      "args": [
        "996954",
        "-965495"
      ],
      "canonical": {
        "kind": "value",
        "rendered": "-0x1.c0396403ac000p+38",
        "type": "float"
      },
      "generated": {
        "kind": "value",
        "rendered": "-0x1.c0396403ac000p+38",
        "type": "float"
      },
      "name": "generated-int-255"
    },
    {
      "args": [
        "-114326",
        "51902"
      ],
      "canonical": {
        "kind": "value",
        "rendered": "-0x1.61adcf5400000p+31",
        "type": "float"
      },
      "generated": {
        "kind": "value",
        "rendered": "-0x1.61adcf5400000p+31",
        "type": "float"
      },
      "name": "generated-int-256"
    },
    {
      "args": [
        "628228",
        "155890"
      ],
      "canonical": {
        "kind": "value",
        "rendered": "0x1.6cd594fc80000p+35",
        "type": "float"
      },
      "generated": {
        "kind": "value",
        "rendered": "0x1.6cd594fc80000p+35",
        "type": "float"
      },
      "name": "generated-int-257"
    },
    {
      "args": [
        "857181",
        "869280"
      ],
      "canonical": {
        "kind": "value",
        "rendered": "0x1.5afa742240000p+38",
        "type": "float"
      },
      "generated": {
        "kind": "value",
        "rendered": "0x1.5afa742240000p+38",
        "type": "float"
      },
      "name": "generated-int-258"
    },
    {
      "args": [
        "655616",
        "-521744"
      ],
      "canonical": {
        "kind": "value",
        "rendered": "-0x1.3e92584000000p+37",
        "type": "float"
      },
      "generated": {
        "kind": "value",
        "rendered": "-0x1.3e92584000000p+37",
        "type": "float"
      },
      "name": "generated-int-259"
    },
    {
      "args": [
        "340614",
        "685969"
      ],
      "canonical": {
        "kind": "value",
        "rendered": "0x1.b3354f3f30000p+36",
        "type": "float"
      },
      "generated": {
        "kind": "value",
        "rendered": "0x1.b3354f3f30000p+36",
        "type": "float"
      },
      "name": "generated-int-260"
    },
    {
      "args": [
        "473500",
        "171226"
      ],
      "canonical": {
        "kind": "value",
        "rendered": "0x1.2e07a1ed80000p+35",
        "type": "float"
      },
      "generated": {
        "kind": "value",
        "rendered": "0x1.2e07a1ed80000p+35",
        "type": "float"
      },
      "name": "generated-int-261"
    },
    {
      "args": [
        "616805",
        "-41720"
      ],
      "canonical": {
        "kind": "value",
        "rendered": "-0x1.7f7400f600000p+33",
        "type": "float"
      },
      "generated": {
        "kind": "value",
        "rendered": "-0x1.7f7400f600000p+33",
        "type": "float"
      },
      "name": "generated-int-262"
    },
    {
      "args": [
        "6318",
        "-65326"
      ],
      "canonical": {
        "kind": "value",
        "rendered": "-0x1.899c144000000p+27",
        "type": "float"
      },
      "generated": {
        "kind": "value",
        "rendered": "-0x1.899c144000000p+27",
        "type": "float"
      },
      "name": "generated-int-263"
    },
    {
      "args": [
        "-771090",
        "389933"
      ],
      "canonical": {
        "kind": "value",
        "rendered": "-0x1.18062234a8000p+37",
        "type": "float"
      },
      "generated": {
        "kind": "value",
        "rendered": "-0x1.18062234a8000p+37",
        "type": "float"
      },
      "name": "generated-int-264"
    },
    {
      "args": [
        "754122",
        "491553"
      ],
      "canonical": {
        "kind": "value",
        "rendered": "0x1.593b9aec28000p+37",
        "type": "float"
      },
      "generated": {
        "kind": "value",
        "rendered": "0x1.593b9aec28000p+37",
        "type": "float"
      },
      "name": "generated-int-265"
    },
    {
      "args": [
        "-942806",
        "-789201"
      ],
      "canonical": {
        "kind": "value",
        "rendered": "0x1.5a7b46196c000p+38",
        "type": "float"
      },
      "generated": {
        "kind": "value",
        "rendered": "0x1.5a7b46196c000p+38",
        "type": "float"
      },
      "name": "generated-int-266"
    },
    {
      "args": [
        "-943709",
        "-410863"
      ],
      "canonical": {
        "kind": "value",
        "rendered": "0x1.691b41134c000p+37",
        "type": "float"
      },
      "generated": {
        "kind": "value",
        "rendered": "0x1.691b41134c000p+37",
        "type": "float"
      },
      "name": "generated-int-267"
    },
    {
      "args": [
        "-701100",
        "-787818"
      ],
      "canonical": {
        "kind": "value",
        "rendered": "0x1.0133f6ae70000p+38",
        "type": "float"
      },
      "generated": {
        "kind": "value",
        "rendered": "0x1.0133f6ae70000p+38",
        "type": "float"
      },
      "name": "generated-int-268"
    },
    {
      "args": [
        "-222619",
        "-361507"
      ],
      "canonical": {
        "kind": "value",
        "rendered": "0x1.2bce1d0310000p+35",
        "type": "float"
      },
      "generated": {
        "kind": "value",
        "rendered": "0x1.2bce1d0310000p+35",
        "type": "float"
      },
      "name": "generated-int-269"
    },
    {
      "args": [
        "-612198",
        "-745802"
      ],
      "canonical": {
        "kind": "value",
        "rendered": "0x1.a938cba5f0000p+37",
        "type": "float"
      },
      "generated": {
        "kind": "value",
        "rendered": "0x1.a938cba5f0000p+37",
        "type": "float"
      },
      "name": "generated-int-270"
    },
    {
      "args": [
        "-841587",
        "-920116"
      ],
      "canonical": {
        "kind": "value",
        "rendered": "0x1.6896a082b8000p+38",
        "type": "float"
      },
      "generated": {
        "kind": "value",
        "rendered": "0x1.6896a082b8000p+38",
        "type": "float"
      },
      "name": "generated-int-271"
    },
    {
      "args": [
        "-657567",
        "-226222"
      ],
      "canonical": {
        "kind": "value",
        "rendered": "0x1.1514724890000p+36",
        "type": "float"
      },
      "generated": {
        "kind": "value",
        "rendered": "0x1.1514724890000p+36",
        "type": "float"
      },
      "name": "generated-int-272"
    },
    {
      "args": [
        "700991",
        "-801632"
      ],
      "canonical": {
        "kind": "value",
        "rendered": "-0x1.05ac16b940000p+38",
        "type": "float"
      },
      "generated": {
        "kind": "value",
        "rendered": "-0x1.05ac16b940000p+38",
        "type": "float"
      },
      "name": "generated-int-273"
    },
    {
      "args": [
        "322670",
        "-273624"
      ],
      "canonical": {
        "kind": "value",
        "rendered": "-0x1.48e8264d00000p+35",
        "type": "float"
      },
      "generated": {
        "kind": "value",
        "rendered": "-0x1.48e8264d00000p+35",
        "type": "float"
      },
      "name": "generated-int-274"
    },
    {
      "args": [
        "572611",
        "-587279"
      ],
      "canonical": {
        "kind": "value",
        "rendered": "-0x1.392ff9c5b4000p+37",
        "type": "float"
      },
      "generated": {
        "kind": "value",
        "rendered": "-0x1.392ff9c5b4000p+37",
        "type": "float"
      },
      "name": "generated-int-275"
    },
    {
      "args": [
        "799602",
        "45326"
      ],
      "canonical": {
        "kind": "value",
        "rendered": "0x1.0e07944780000p+34",
        "type": "float"
      },
      "generated": {
        "kind": "value",
        "rendered": "0x1.0e07944780000p+34",
        "type": "float"
      },
      "name": "generated-int-276"
    },
    {
      "args": [
        "53607",
        "-607328"
      ],
      "canonical": {
        "kind": "value",
        "rendered": "-0x1.e52338a800000p+33",
        "type": "float"
      },
      "generated": {
        "kind": "value",
        "rendered": "-0x1.e52338a800000p+33",
        "type": "float"
      },
      "name": "generated-int-277"
    },
    {
      "args": [
        "-579232",
        "-901862"
      ],
      "canonical": {
        "kind": "value",
        "rendered": "0x1.e682d84f00000p+37",
        "type": "float"
      },
      "generated": {
        "kind": "value",
        "rendered": "0x1.e682d84f00000p+37",
        "type": "float"
      },
      "name": "generated-int-278"
    },
    {
      "args": [
        "948274",
        "-768255"
      ],
      "canonical": {
        "kind": "value",
        "rendered": "-0x1.533de7539c000p+38",
        "type": "float"
      },
      "generated": {
        "kind": "value",
        "rendered": "-0x1.533de7539c000p+38",
        "type": "float"
      },
      "name": "generated-int-279"
    },
    {
      "args": [
        "-960889",
        "-912218"
      ],
      "canonical": {
        "kind": "value",
        "rendered": "0x1.982bbd4f14000p+38",
        "type": "float"
      },
      "generated": {
        "kind": "value",
        "rendered": "0x1.982bbd4f14000p+38",
        "type": "float"
      },
      "name": "generated-int-280"
    },
    {
      "args": [
        "291891",
        "-590492"
      ],
      "canonical": {
        "kind": "value",
        "rendered": "-0x1.410b51a8a0000p+36",
        "type": "float"
      },
      "generated": {
        "kind": "value",
        "rendered": "-0x1.410b51a8a0000p+36",
        "type": "float"
      },
      "name": "generated-int-281"
    },
    {
      "args": [
        "-476260",
        "-918979"
      ],
      "canonical": {
        "kind": "value",
        "rendered": "0x1.979d5c30b0000p+37",
        "type": "float"
      },
      "generated": {
        "kind": "value",
        "rendered": "0x1.979d5c30b0000p+37",
        "type": "float"
      },
      "name": "generated-int-282"
    },
    {
      "args": [
        "-67993",
        "-371167"
      ],
      "canonical": {
        "kind": "value",
        "rendered": "0x1.780e9751c0000p+33",
        "type": "float"
      },
      "generated": {
        "kind": "value",
        "rendered": "0x1.780e9751c0000p+33",
        "type": "float"
      },
      "name": "generated-int-283"
    },
    {
      "args": [
        "-787986",
        "131633"
      ],
      "canonical": {
        "kind": "value",
        "rendered": "-0x1.8267d4d720000p+35",
        "type": "float"
      },
      "generated": {
        "kind": "value",
        "rendered": "-0x1.8267d4d720000p+35",
        "type": "float"
      },
      "name": "generated-int-284"
    },
    {
      "args": [
        "730666",
        "-937175"
      ],
      "canonical": {
        "kind": "value",
        "rendered": "-0x1.3eddfb0a8c000p+38",
        "type": "float"
      },
      "generated": {
        "kind": "value",
        "rendered": "-0x1.3eddfb0a8c000p+38",
        "type": "float"
      },
      "name": "generated-int-285"
    },
    {
      "args": [
        "-915116",
        "-895856"
      ],
      "canonical": {
        "kind": "value",
        "rendered": "0x1.7dc1399e80000p+38",
        "type": "float"
      },
      "generated": {
        "kind": "value",
        "rendered": "0x1.7dc1399e80000p+38",
        "type": "float"
      },
      "name": "generated-int-286"
    },
    {
      "args": [
        "-647075",
        "598942"
      ],
      "canonical": {
        "kind": "value",
        "rendered": "-0x1.68f1993e68000p+37",
        "type": "float"
      },
      "generated": {
        "kind": "value",
        "rendered": "-0x1.68f1993e68000p+37",
        "type": "float"
      },
      "name": "generated-int-287"
    },
    {
      "args": [
        "742307",
        "-966712"
      ],
      "canonical": {
        "kind": "value",
        "rendered": "-0x1.4e283d1750000p+38",
        "type": "float"
      },
      "generated": {
        "kind": "value",
        "rendered": "-0x1.4e283d1750000p+38",
        "type": "float"
      },
      "name": "generated-int-288"
    },
    {
      "args": [
        "-721650",
        "-285333"
      ],
      "canonical": {
        "kind": "value",
        "rendered": "0x1.7f89ce56d0000p+36",
        "type": "float"
      },
      "generated": {
        "kind": "value",
        "rendered": "0x1.7f89ce56d0000p+36",
        "type": "float"
      },
      "name": "generated-int-289"
    },
    {
      "args": [
        "-674205",
        "-491468"
      ],
      "canonical": {
        "kind": "value",
        "rendered": "0x1.34980a3070000p+37",
        "type": "float"
      },
      "generated": {
        "kind": "value",
        "rendered": "0x1.34980a3070000p+37",
        "type": "float"
      },
      "name": "generated-int-290"
    },
    {
      "args": [
        "454428",
        "508814"
      ],
      "canonical": {
        "kind": "value",
        "rendered": "0x1.aeadf7ac40000p+36",
        "type": "float"
      },
      "generated": {
        "kind": "value",
        "rendered": "0x1.aeadf7ac40000p+36",
        "type": "float"
      },
      "name": "generated-int-291"
    },
    {
      "args": [
        "981855",
        "-433331"
      ],
      "canonical": {
        "kind": "value",
        "rendered": "-0x1.8c3f869db4000p+37",
        "type": "float"
      },
      "generated": {
        "kind": "value",
        "rendered": "-0x1.8c3f869db4000p+37",
        "type": "float"
      },
      "name": "generated-int-292"
    },
    {
      "args": [
        "334691",
        "-975116"
      ],
      "canonical": {
        "kind": "value",
        "rendered": "-0x1.2ff2e52e90000p+37",
        "type": "float"
      },
      "generated": {
        "kind": "value",
        "rendered": "-0x1.2ff2e52e90000p+37",
        "type": "float"
      },
      "name": "generated-int-293"
    },
    {
      "args": [
        "316397",
        "-278968"
      ],
      "canonical": {
        "kind": "value",
        "rendered": "-0x1.48cfb7f580000p+35",
        "type": "float"
      },
      "generated": {
        "kind": "value",
        "rendered": "-0x1.48cfb7f580000p+35",
        "type": "float"
      },
      "name": "generated-int-294"
    },
    {
      "args": [
        "-831863",
        "679107"
      ],
      "canonical": {
        "kind": "value",
        "rendered": "-0x1.07102fe34a000p+38",
        "type": "float"
      },
      "generated": {
        "kind": "value",
        "rendered": "-0x1.07102fe34a000p+38",
        "type": "float"
      },
      "name": "generated-int-295"
    },
    {
      "args": [
        "807924",
        "408683"
      ],
      "canonical": {
        "kind": "value",
        "rendered": "0x1.3382311bf0000p+37",
        "type": "float"
      },
      "generated": {
        "kind": "value",
        "rendered": "0x1.3382311bf0000p+37",
        "type": "float"
      },
      "name": "generated-int-296"
    },
    {
      "args": [
        "-607791",
        "669625"
      ],
      "canonical": {
        "kind": "value",
        "rendered": "-0x1.7b0a7743dc000p+37",
        "type": "float"
      },
      "generated": {
        "kind": "value",
        "rendered": "-0x1.7b0a7743dc000p+37",
        "type": "float"
      },
      "name": "generated-int-297"
    },
    {
      "args": [
        "-669067",
        "163818"
      ],
      "canonical": {
        "kind": "value",
        "rendered": "-0x1.984fae60e0000p+35",
        "type": "float"
      },
      "generated": {
        "kind": "value",
        "rendered": "-0x1.984fae60e0000p+35",
        "type": "float"
      },
      "name": "generated-int-298"
    },
    {
      "args": [
        "381831",
        "-549014"
      ],
      "canonical": {
        "kind": "value",
        "rendered": "-0x1.8677a488d0000p+36",
        "type": "float"
      },
      "generated": {
        "kind": "value",
        "rendered": "-0x1.8677a488d0000p+36",
        "type": "float"
      },
      "name": "generated-int-299"
    },
    {
      "args": [
        "56151",
        "232836"
      ],
      "canonical": {
        "kind": "value",
        "rendered": "0x1.85a281ee00000p+32",
        "type": "float"
      },
      "generated": {
        "kind": "value",
        "rendered": "0x1.85a281ee00000p+32",
        "type": "float"
      },
      "name": "generated-int-300"
    },
    {
      "args": [
        "-398193",
        "932203"
      ],
      "canonical": {
        "kind": "value",
        "rendered": "-0x1.59b43124ec000p+37",
        "type": "float"
      },
      "generated": {
        "kind": "value",
        "rendered": "-0x1.59b43124ec000p+37",
        "type": "float"
      },
      "name": "generated-int-301"
    },
    {
      "args": [
        "401294",
        "-30849"
      ],
      "canonical": {
        "kind": "value",
        "rendered": "-0x1.70f03b4700000p+32",
        "type": "float"
      },
      "generated": {
        "kind": "value",
        "rendered": "-0x1.70f03b4700000p+32",
        "type": "float"
      },
      "name": "generated-int-302"
    },
    {
      "args": [
        "890927",
        "583648"
      ],
      "canonical": {
        "kind": "value",
        "rendered": "0x1.e446be4880000p+37",
        "type": "float"
      },
      "generated": {
        "kind": "value",
        "rendered": "0x1.e446be4880000p+37",
        "type": "float"
      },
      "name": "generated-int-303"
    },
    {
      "args": [
        "729183",
        "750975"
      ],
      "canonical": {
        "kind": "value",
        "rendered": "0x1.fdfd95e884000p+37",
        "type": "float"
      },
      "generated": {
        "kind": "value",
        "rendered": "0x1.fdfd95e884000p+37",
        "type": "float"
      },
      "name": "generated-int-304"
    },
    {
      "args": [
        "374740",
        "-769036"
      ],
      "canonical": {
        "kind": "value",
        "rendered": "-0x1.0c658137c0000p+37",
        "type": "float"
      },
      "generated": {
        "kind": "value",
        "rendered": "-0x1.0c658137c0000p+37",
        "type": "float"
      },
      "name": "generated-int-305"
    },
    {
      "args": [
        "184358",
        "-966843"
      ],
      "canonical": {
        "kind": "value",
        "rendered": "-0x1.4c01f45e10000p+36",
        "type": "float"
      },
      "generated": {
        "kind": "value",
        "rendered": "-0x1.4c01f45e10000p+36",
        "type": "float"
      },
      "name": "generated-int-306"
    },
    {
      "args": [
        "80657",
        "-646283"
      ],
      "canonical": {
        "kind": "value",
        "rendered": "-0x1.8460d5c760000p+34",
        "type": "float"
      },
      "generated": {
        "kind": "value",
        "rendered": "-0x1.8460d5c760000p+34",
        "type": "float"
      },
      "name": "generated-int-307"
    },
    {
      "args": [
        "-419677",
        "-478430"
      ],
      "canonical": {
        "kind": "value",
        "rendered": "0x1.75fe41f530000p+36",
        "type": "float"
      },
      "generated": {
        "kind": "value",
        "rendered": "0x1.75fe41f530000p+36",
        "type": "float"
      },
      "name": "generated-int-308"
    },
    {
      "args": [
        "-748676",
        "-374439"
      ],
      "canonical": {
        "kind": "value",
        "rendered": "0x1.0514b68870000p+37",
        "type": "float"
      },
      "generated": {
        "kind": "value",
        "rendered": "0x1.0514b68870000p+37",
        "type": "float"
      },
      "name": "generated-int-309"
    },
    {
      "args": [
        "-657941",
        "-337026"
      ],
      "canonical": {
        "kind": "value",
        "rendered": "0x1.9d07689550000p+36",
        "type": "float"
      },
      "generated": {
        "kind": "value",
        "rendered": "0x1.9d07689550000p+36",
        "type": "float"
      },
      "name": "generated-int-310"
    },
    {
      "args": [
        "582119",
        "-648120"
      ],
      "canonical": {
        "kind": "value",
        "rendered": "-0x1.5f5f44cc20000p+37",
        "type": "float"
      },
      "generated": {
        "kind": "value",
        "rendered": "-0x1.5f5f44cc20000p+37",
        "type": "float"
      },
      "name": "generated-int-311"
    },
    {
      "args": [
        "-914003",
        "-778907"
      ],
      "canonical": {
        "kind": "value",
        "rendered": "0x1.4b83dffc82000p+38",
        "type": "float"
      },
      "generated": {
        "kind": "value",
        "rendered": "0x1.4b83dffc82000p+38",
        "type": "float"
      },
      "name": "generated-int-312"
    },
    {
      "args": [
        "-249854",
        "846310"
      ],
      "canonical": {
        "kind": "value",
        "rendered": "-0x1.89dd1861a0000p+36",
        "type": "float"
      },
      "generated": {
        "kind": "value",
        "rendered": "-0x1.89dd1861a0000p+36",
        "type": "float"
      },
      "name": "generated-int-313"
    },
    {
      "args": [
        "927682",
        "311384"
      ],
      "canonical": {
        "kind": "value",
        "rendered": "0x1.0d06dcaac0000p+37",
        "type": "float"
      },
      "generated": {
        "kind": "value",
        "rendered": "0x1.0d06dcaac0000p+37",
        "type": "float"
      },
      "name": "generated-int-314"
    },
    {
      "args": [
        "357193",
        "962547"
      ],
      "canonical": {
        "kind": "value",
        "rendered": "0x1.4033e5552c000p+37",
        "type": "float"
      },
      "generated": {
        "kind": "value",
        "rendered": "0x1.4033e5552c000p+37",
        "type": "float"
      },
      "name": "generated-int-315"
    },
    {
      "args": [
        "625752",
        "-369725"
      ],
      "canonical": {
        "kind": "value",
        "rendered": "-0x1.aeef3687c0000p+36",
        "type": "float"
      },
      "generated": {
        "kind": "value",
        "rendered": "-0x1.aeef3687c0000p+36",
        "type": "float"
      },
      "name": "generated-int-316"
    },
    {
      "args": [
        "751289",
        "183612"
      ],
      "canonical": {
        "kind": "value",
        "rendered": "0x1.00f19fc2e0000p+36",
        "type": "float"
      },
      "generated": {
        "kind": "value",
        "rendered": "0x1.00f19fc2e0000p+36",
        "type": "float"
      },
      "name": "generated-int-317"
    },
    {
      "args": [
        "756881",
        "377572"
      ],
      "canonical": {
        "kind": "value",
        "rendered": "0x1.0a26904c90000p+37",
        "type": "float"
      },
      "generated": {
        "kind": "value",
        "rendered": "0x1.0a26904c90000p+37",
        "type": "float"
      },
      "name": "generated-int-318"
    },
    {
      "args": [
        "-528586",
        "342297"
      ],
      "canonical": {
        "kind": "value",
        "rendered": "-0x1.5103c4edd0000p+36",
        "type": "float"
      },
      "generated": {
        "kind": "value",
        "rendered": "-0x1.5103c4edd0000p+36",
        "type": "float"
      },
      "name": "generated-int-319"
    },
    {
      "args": [
        "995660",
        "832716"
      ],
      "canonical": {
        "kind": "value",
        "rendered": "0x1.8214a97120000p+38",
        "type": "float"
      },
      "generated": {
        "kind": "value",
        "rendered": "0x1.8214a97120000p+38",
        "type": "float"
      },
      "name": "generated-int-320"
    },
    {
      "args": [
        "212735",
        "-536475"
      ],
      "canonical": {
        "kind": "value",
        "rendered": "-0x1.a927ff5650000p+35",
        "type": "float"
      },
      "generated": {
        "kind": "value",
        "rendered": "-0x1.a927ff5650000p+35",
        "type": "float"
      },
      "name": "generated-int-321"
    },
    {
      "args": [
        "-945231",
        "-233984"
      ],
      "canonical": {
        "kind": "value",
        "rendered": "0x1.9bf5907000000p+36",
        "type": "float"
      },
      "generated": {
        "kind": "value",
        "rendered": "0x1.9bf5907000000p+36",
        "type": "float"
      },
      "name": "generated-int-322"
    },
    {
      "args": [
        "-465091",
        "402146"
      ],
      "canonical": {
        "kind": "value",
        "rendered": "-0x1.5c60fe1130000p+36",
        "type": "float"
      },
      "generated": {
        "kind": "value",
        "rendered": "-0x1.5c60fe1130000p+36",
        "type": "float"
      },
      "name": "generated-int-323"
    },
    {
      "args": [
        "-781957",
        "-517434"
      ],
      "canonical": {
        "kind": "value",
        "rendered": "0x1.78d2d00c88000p+37",
        "type": "float"
      },
      "generated": {
        "kind": "value",
        "rendered": "0x1.78d2d00c88000p+37",
        "type": "float"
      },
      "name": "generated-int-324"
    },
    {
      "args": [
        "261424",
        "102468"
      ],
      "canonical": {
        "kind": "value",
        "rendered": "0x1.8f2a903000000p+33",
        "type": "float"
      },
      "generated": {
        "kind": "value",
        "rendered": "0x1.8f2a903000000p+33",
        "type": "float"
      },
      "name": "generated-int-325"
    },
    {
      "args": [
        "166020",
        "-299292"
      ],
      "canonical": {
        "kind": "value",
        "rendered": "-0x1.7235364e00000p+34",
        "type": "float"
      },
      "generated": {
        "kind": "value",
        "rendered": "-0x1.7235364e00000p+34",
        "type": "float"
      },
      "name": "generated-int-326"
    },
    {
      "args": [
        "-647297",
        "465073"
      ],
      "canonical": {
        "kind": "value",
        "rendered": "-0x1.185d9d44c4000p+37",
        "type": "float"
      },
      "generated": {
        "kind": "value",
        "rendered": "-0x1.185d9d44c4000p+37",
        "type": "float"
      },
      "name": "generated-int-327"
    },
    {
      "args": [
        "47831",
        "-950912"
      ],
      "canonical": {
        "kind": "value",
        "rendered": "-0x1.52e0133000000p+34",
        "type": "float"
      },
      "generated": {
        "kind": "value",
        "rendered": "-0x1.52e0133000000p+34",
        "type": "float"
      },
      "name": "generated-int-328"
    },
    {
      "args": [
        "840249",
        "-910659"
      ],
      "canonical": {
        "kind": "value",
        "rendered": "-0x1.64509a03d6000p+38",
        "type": "float"
      },
      "generated": {
        "kind": "value",
        "rendered": "-0x1.64509a03d6000p+38",
        "type": "float"
      },
      "name": "generated-int-329"
    },
    {
      "args": [
        "-60207",
        "13103"
      ],
      "canonical": {
        "kind": "value",
        "rendered": "-0x1.782c550800000p+28",
        "type": "float"
      },
      "generated": {
        "kind": "value",
        "rendered": "-0x1.782c550800000p+28",
        "type": "float"
      },
      "name": "generated-int-330"
    },
    {
      "args": [
        "647243",
        "272406"
      ],
      "canonical": {
        "kind": "value",
        "rendered": "0x1.486887f390000p+36",
        "type": "float"
      },
      "generated": {
        "kind": "value",
        "rendered": "0x1.486887f390000p+36",
        "type": "float"
      },
      "name": "generated-int-331"
    },
    {
      "args": [
        "231808",
        "472198"
      ],
      "canonical": {
        "kind": "value",
        "rendered": "0x1.97c47f9000000p+35",
        "type": "float"
      },
      "generated": {
        "kind": "value",
        "rendered": "0x1.97c47f9000000p+35",
        "type": "float"
      },
      "name": "generated-int-332"
    },
    {
      "args": [
        "-400141",
        "576368"
      ],
      "canonical": {
        "kind": "value",
        "rendered": "-0x1.ad94392580000p+36",
        "type": "float"
      },
      "generated": {
        "kind": "value",
        "rendered": "-0x1.ad94392580000p+36",
        "type": "float"
      },
      "name": "generated-int-333"
    },
    {
      "args": [
        "-289358",
        "-958914"
      ],
      "canonical": {
        "kind": "value",
        "rendered": "0x1.0269de7470000p+37",
        "type": "float"
      },
      "generated": {
        "kind": "value",
        "rendered": "0x1.0269de7470000p+37",
        "type": "float"
      },
      "name": "generated-int-334"
    },
    {
      "args": [
        "307874",
        "504816"
      ],
      "canonical": {
        "kind": "value",
        "rendered": "0x1.217de5ef00000p+36",
        "type": "float"
      },
      "generated": {
        "kind": "value",
        "rendered": "0x1.217de5ef00000p+36",
        "type": "float"
      },
      "name": "generated-int-335"
    },
    {
      "args": [
        "-592556",
        "105677"
      ],
      "canonical": {
        "kind": "value",
        "rendered": "-0x1.d28d4b7780000p+34",
        "type": "float"
      },
      "generated": {
        "kind": "value",
        "rendered": "-0x1.d28d4b7780000p+34",
        "type": "float"
      },
      "name": "generated-int-336"
    },
    {
      "args": [
        "44852",
        "-565540"
      ],
      "canonical": {
        "kind": "value",
        "rendered": "-0x1.79fa15d400000p+33",
        "type": "float"
      },
      "generated": {
        "kind": "value",
        "rendered": "-0x1.79fa15d400000p+33",
        "type": "float"
      },
      "name": "generated-int-337"
    },
    {
      "args": [
        "-264263",
        "668319"
      ],
      "canonical": {
        "kind": "value",
        "rendered": "-0x1.48f72810c8000p+36",
        "type": "float"
      },
      "generated": {
        "kind": "value",
        "rendered": "-0x1.48f72810c8000p+36",
        "type": "float"
      },
      "name": "generated-int-338"
    },
    {
      "args": [
        "-417467",
        "-955440"
      ],
      "canonical": {
        "kind": "value",
        "rendered": "0x1.7378bf7c40000p+37",
        "type": "float"
      },
      "generated": {
        "kind": "value",
        "rendered": "0x1.7378bf7c40000p+37",
        "type": "float"
      },
      "name": "generated-int-339"
    },
    {
      "args": [
        "971525",
        "717174"
      ],
      "canonical": {
        "kind": "value",
        "rendered": "0x1.44735df29c000p+38",
        "type": "float"
      },
      "generated": {
        "kind": "value",
        "rendered": "0x1.44735df29c000p+38",
        "type": "float"
      },
      "name": "generated-int-340"
    },
    {
      "args": [
        "-763403",
        "-602935"
      ],
      "canonical": {
        "kind": "value",
        "rendered": "0x1.acabdf7574000p+37",
        "type": "float"
      },
      "generated": {
        "kind": "value",
        "rendered": "0x1.acabdf7574000p+37",
        "type": "float"
      },
      "name": "generated-int-341"
    },
    {
      "args": [
        "745870",
        "743469"
      ],
      "canonical": {
        "kind": "value",
        "rendered": "0x1.023945ebec000p+38",
        "type": "float"
      },
      "generated": {
        "kind": "value",
        "rendered": "0x1.023945ebec000p+38",
        "type": "float"
      },
      "name": "generated-int-342"
    },
    {
      "args": [
        "-704624",
        "275850"
      ],
      "canonical": {
        "kind": "value",
        "rendered": "-0x1.6a0b176300000p+36",
        "type": "float"
      },
      "generated": {
        "kind": "value",
        "rendered": "-0x1.6a0b176300000p+36",
        "type": "float"
      },
      "name": "generated-int-343"
    },
    {
      "args": [
        "-813044",
        "312626"
      ],
      "canonical": {
        "kind": "value",
        "rendered": "-0x1.d971d88d40000p+36",
        "type": "float"
      },
      "generated": {
        "kind": "value",
        "rendered": "-0x1.d971d88d40000p+36",
        "type": "float"
      },
      "name": "generated-int-344"
    },
    {
      "args": [
        "96474",
        "-550052"
      ],
      "canonical": {
        "kind": "value",
        "rendered": "-0x1.8b5ed27500000p+34",
        "type": "float"
      },
      "generated": {
        "kind": "value",
        "rendered": "-0x1.8b5ed27500000p+34",
        "type": "float"
      },
      "name": "generated-int-345"
    },
    {
      "args": [
        "-684526",
        "969644"
      ],
      "canonical": {
        "kind": "value",
        "rendered": "-0x1.3514c08bd0000p+38",
        "type": "float"
      },
      "generated": {
        "kind": "value",
        "rendered": "-0x1.3514c08bd0000p+38",
        "type": "float"
      },
      "name": "generated-int-346"
    },
    {
      "args": [
        "-6626",
        "316983"
      ],
      "canonical": {
        "kind": "value",
        "rendered": "-0x1.f4c1ee3800000p+29",
        "type": "float"
      },
      "generated": {
        "kind": "value",
        "rendered": "-0x1.f4c1ee3800000p+29",
        "type": "float"
      },
      "name": "generated-int-347"
    },
    {
      "args": [
        "-172173",
        "-771210"
      ],
      "canonical": {
        "kind": "value",
        "rendered": "0x1.eea6580020000p+35",
        "type": "float"
      },
      "generated": {
        "kind": "value",
        "rendered": "0x1.eea6580020000p+35",
        "type": "float"
      },
      "name": "generated-int-348"
    },
    {
      "args": [
        "-506364",
        "195985"
      ],
      "canonical": {
        "kind": "value",
        "rendered": "-0x1.71b2663bc0000p+35",
        "type": "float"
      },
      "generated": {
        "kind": "value",
        "rendered": "-0x1.71b2663bc0000p+35",
        "type": "float"
      },
      "name": "generated-int-349"
    },
    {
      "args": [
        "-802095",
        "501802"
      ],
      "canonical": {
        "kind": "value",
        "rendered": "-0x1.76d9c786d8000p+37",
        "type": "float"
      },
      "generated": {
        "kind": "value",
        "rendered": "-0x1.76d9c786d8000p+37",
        "type": "float"
      },
      "name": "generated-int-350"
    },
    {
      "args": [
        "797148",
        "356574"
      ],
      "canonical": {
        "kind": "value",
        "rendered": "0x1.08b8a23320000p+37",
        "type": "float"
      },
      "generated": {
        "kind": "value",
        "rendered": "0x1.08b8a23320000p+37",
        "type": "float"
      },
      "name": "generated-int-351"
    },
    {
      "args": [
        "-43390",
        "753456"
      ],
      "canonical": {
        "kind": "value",
        "rendered": "-0x1.e727d26800000p+33",
        "type": "float"
      },
      "generated": {
        "kind": "value",
        "rendered": "-0x1.e727d26800000p+33",
        "type": "float"
      },
      "name": "generated-int-352"
    },
    {
      "args": [
        "587431",
        "-511209"
      ],
      "canonical": {
        "kind": "value",
        "rendered": "-0x1.17ad1a47fc000p+37",
        "type": "float"
      },
      "generated": {
        "kind": "value",
        "rendered": "-0x1.17ad1a47fc000p+37",
        "type": "float"
      },
      "name": "generated-int-353"
    },
    {
      "args": [
        "851529",
        "-394380"
      ],
      "canonical": {
        "kind": "value",
        "rendered": "-0x1.38c328cfb0000p+37",
        "type": "float"
      },
      "generated": {
        "kind": "value",
        "rendered": "-0x1.38c328cfb0000p+37",
        "type": "float"
      },
      "name": "generated-int-354"
    },
    {
      "args": [
        "-160346",
        "-638682"
      ],
      "canonical": {
        "kind": "value",
        "rendered": "0x1.7d81e2ca40000p+35",
        "type": "float"
      },
      "generated": {
        "kind": "value",
        "rendered": "0x1.7d81e2ca40000p+35",
        "type": "float"
      },
      "name": "generated-int-355"
    },
    {
      "args": [
        "557224",
        "375467"
      ],
      "canonical": {
        "kind": "value",
        "rendered": "0x1.85b38001c0000p+36",
        "type": "float"
      },
      "generated": {
        "kind": "value",
        "rendered": "0x1.85b38001c0000p+36",
        "type": "float"
      },
      "name": "generated-int-356"
    },
    {
      "args": [
        "842674",
        "727380"
      ],
      "canonical": {
        "kind": "value",
        "rendered": "0x1.1d6ca4f0d0000p+38",
        "type": "float"
      },
      "generated": {
        "kind": "value",
        "rendered": "0x1.1d6ca4f0d0000p+38",
        "type": "float"
      },
      "name": "generated-int-357"
    },
    {
      "args": [
        "-646794",
        "-956974"
      ],
      "canonical": {
        "kind": "value",
        "rendered": "0x1.203a620198000p+38",
        "type": "float"
      },
      "generated": {
        "kind": "value",
        "rendered": "0x1.203a620198000p+38",
        "type": "float"
      },
      "name": "generated-int-358"
    },
    {
      "args": [
        "730481",
        "871425"
      ],
      "canonical": {
        "kind": "value",
        "rendered": "0x1.286bcb62e2000p+38",
        "type": "float"
      },
      "generated": {
        "kind": "value",
        "rendered": "0x1.286bcb62e2000p+38",
        "type": "float"
      },
      "name": "generated-int-359"
    },
    {
      "args": [
        "633191",
        "310521"
      ],
      "canonical": {
        "kind": "value",
        "rendered": "0x1.6e3b4b4978000p+36",
        "type": "float"
      },
      "generated": {
        "kind": "value",
        "rendered": "0x1.6e3b4b4978000p+36",
        "type": "float"
      },
      "name": "generated-int-360"
    },
    {
      "args": [
        "398936",
        "62897"
      ],
      "canonical": {
        "kind": "value",
        "rendered": "0x1.75e5eab600000p+33",
        "type": "float"
      },
      "generated": {
        "kind": "value",
        "rendered": "0x1.75e5eab600000p+33",
        "type": "float"
      },
      "name": "generated-int-361"
    },
    {
      "args": [
        "-790869",
        "847524"
      ],
      "canonical": {
        "kind": "value",
        "rendered": "-0x1.381fa840e8000p+38",
        "type": "float"
      },
      "generated": {
        "kind": "value",
        "rendered": "-0x1.381fa840e8000p+38",
        "type": "float"
      },
      "name": "generated-int-362"
    },
    {
      "args": [
        "-48167",
        "207474"
      ],
      "canonical": {
        "kind": "value",
        "rendered": "-0x1.29d397af00000p+32",
        "type": "float"
      },
      "generated": {
        "kind": "value",
        "rendered": "-0x1.29d397af00000p+32",
        "type": "float"
      },
      "name": "generated-int-363"
    },
    {
      "args": [
        "-163443",
        "410570"
      ],
      "canonical": {
        "kind": "value",
        "rendered": "-0x1.f3f83bf7c0000p+34",
        "type": "float"
      },
      "generated": {
        "kind": "value",
        "rendered": "-0x1.f3f83bf7c0000p+34",
        "type": "float"
      },
      "name": "generated-int-364"
    },
    {
      "args": [
        "-582001",
        "-210072"
      ],
      "canonical": {
        "kind": "value",
        "rendered": "0x1.c7763cf180000p+35",
        "type": "float"
      },
      "generated": {
        "kind": "value",
        "rendered": "0x1.c7763cf180000p+35",
        "type": "float"
      },
      "name": "generated-int-365"
    },
    {
      "args": [
        "-346382",
        "-860977"
      ],
      "canonical": {
        "kind": "value",
        "rendered": "0x1.15bed796b8000p+37",
        "type": "float"
      },
      "generated": {
        "kind": "value",
        "rendered": "0x1.15bed796b8000p+37",
        "type": "float"
      },
      "name": "generated-int-366"
    },
    {
      "args": [
        "-600620",
        "-248977"
      ],
      "canonical": {
        "kind": "value",
        "rendered": "0x1.168a7f9760000p+36",
        "type": "float"
      },
      "generated": {
        "kind": "value",
        "rendered": "0x1.168a7f9760000p+36",
        "type": "float"
      },
      "name": "generated-int-367"
    },
    {
      "args": [
        "-90934",
        "-722169"
      ],
      "canonical": {
        "kind": "value",
        "rendered": "0x1.e9470af0c0000p+34",
        "type": "float"
      },
      "generated": {
        "kind": "value",
        "rendered": "0x1.e9470af0c0000p+34",
        "type": "float"
      },
      "name": "generated-int-368"
    },
    {
      "args": [
        "522300",
        "976283"
      ],
      "canonical": {
        "kind": "value",
        "rendered": "0x1.dae4a3e150000p+37",
        "type": "float"
      },
      "generated": {
        "kind": "value",
        "rendered": "0x1.dae4a3e150000p+37",
        "type": "float"
      },
      "name": "generated-int-369"
    },
    {
      "args": [
        "500270",
        "-587270"
      ],
      "canonical": {
        "kind": "value",
        "rendered": "-0x1.119dd80450000p+37",
        "type": "float"
      },
      "generated": {
        "kind": "value",
        "rendered": "-0x1.119dd80450000p+37",
        "type": "float"
      },
      "name": "generated-int-370"
    },
    {
      "args": [
        "-345240",
        "261617"
      ],
      "canonical": {
        "kind": "value",
        "rendered": "-0x1.50787cb180000p+35",
        "type": "float"
      },
      "generated": {
        "kind": "value",
        "rendered": "-0x1.50787cb180000p+35",
        "type": "float"
      },
      "name": "generated-int-371"
    },
    {
      "args": [
        "-679281",
        "-807636"
      ],
      "canonical": {
        "kind": "value",
        "rendered": "0x1.feef3e4e50000p+37",
        "type": "float"
      },
      "generated": {
        "kind": "value",
        "rendered": "0x1.feef3e4e50000p+37",
        "type": "float"
      },
      "name": "generated-int-372"
    },
    {
      "args": [
        "192618",
        "-512978"
      ],
      "canonical": {
        "kind": "value",
        "rendered": "-0x1.7017694f40000p+35",
        "type": "float"
      },
      "generated": {
        "kind": "value",
        "rendered": "-0x1.7017694f40000p+35",
        "type": "float"
      },
      "name": "generated-int-373"
    },
    {
      "args": [
        "-960528",
        "-498378"
      ],
      "canonical": {
        "kind": "value",
        "rendered": "0x1.bdd468f280000p+37",
        "type": "float"
      },
      "generated": {
        "kind": "value",
        "rendered": "0x1.bdd468f280000p+37",
        "type": "float"
      },
      "name": "generated-int-374"
    },
    {
      "args": [
        "-742207",
        "544781"
      ],
      "canonical": {
        "kind": "value",
        "rendered": "-0x1.78923ba8cc000p+37",
        "type": "float"
      },
      "generated": {
        "kind": "value",
        "rendered": "-0x1.78923ba8cc000p+37",
        "type": "float"
      },
      "name": "generated-int-375"
    },
    {
      "args": [
        "128064",
        "119461"
      ],
      "canonical": {
        "kind": "value",
        "rendered": "0x1.c7ef76a000000p+32",
        "type": "float"
      },
      "generated": {
        "kind": "value",
        "rendered": "0x1.c7ef76a000000p+32",
        "type": "float"
      },
      "name": "generated-int-376"
    },
    {
      "args": [
        "568339",
        "-549679"
      ],
      "canonical": {
        "kind": "value",
        "rendered": "-0x1.22f2ebc1f4000p+37",
        "type": "float"
      },
      "generated": {
        "kind": "value",
        "rendered": "-0x1.22f2ebc1f4000p+37",
        "type": "float"
      },
      "name": "generated-int-377"
    },
    {
      "args": [
        "109501",
        "-298019"
      ],
      "canonical": {
        "kind": "value",
        "rendered": "-0x1.e64675b5c0000p+33",
        "type": "float"
      },
      "generated": {
        "kind": "value",
        "rendered": "-0x1.e64675b5c0000p+33",
        "type": "float"
      },
      "name": "generated-int-378"
    },
    {
      "args": [
        "-334854",
        "-691873"
      ],
      "canonical": {
        "kind": "value",
        "rendered": "0x1.af87ef9e30000p+36",
        "type": "float"
      },
      "generated": {
        "kind": "value",
        "rendered": "0x1.af87ef9e30000p+36",
        "type": "float"
      },
      "name": "generated-int-379"
    },
    {
      "args": [
        "142389",
        "-235849"
      ],
      "canonical": {
        "kind": "value",
        "rendered": "-0x1.f46a520740000p+33",
        "type": "float"
      },
      "generated": {
        "kind": "value",
        "rendered": "-0x1.f46a520740000p+33",
        "type": "float"
      },
      "name": "generated-int-380"
    },
    {
      "args": [
        "-476614",
        "937756"
      ],
      "canonical": {
        "kind": "value",
        "rendered": "-0x1.a0409eeea0000p+37",
        "type": "float"
      },
      "generated": {
        "kind": "value",
        "rendered": "-0x1.a0409eeea0000p+37",
        "type": "float"
      },
      "name": "generated-int-381"
    },
    {
      "args": [
        "458055",
        "814704"
      ],
      "canonical": {
        "kind": "value",
        "rendered": "0x1.5b8cdd4440000p+37",
        "type": "float"
      },
      "generated": {
        "kind": "value",
        "rendered": "0x1.5b8cdd4440000p+37",
        "type": "float"
      },
      "name": "generated-int-382"
    },
    {
      "args": [
        "949657",
        "-44950"
      ],
      "canonical": {
        "kind": "value",
        "rendered": "-0x1.3e0b25d4c0000p+34",
        "type": "float"
      },
      "generated": {
        "kind": "value",
        "rendered": "-0x1.3e0b25d4c0000p+34",
        "type": "float"
      },
      "name": "generated-int-383"
    },
    {
      "args": [
        "818792",
        "894718"
      ],
      "canonical": {
        "kind": "value",
        "rendered": "0x1.552349b660000p+38",
        "type": "float"
      },
      "generated": {
        "kind": "value",
        "rendered": "0x1.552349b660000p+38",
        "type": "float"
      },
      "name": "generated-int-384"
    },
    {
      "args": [
        "802526",
        "-195126"
      ],
      "canonical": {
        "kind": "value",
        "rendered": "-0x1.23adb076a0000p+36",
        "type": "float"
      },
      "generated": {
        "kind": "value",
        "rendered": "-0x1.23adb076a0000p+36",
        "type": "float"
      },
      "name": "generated-int-385"
    },
    {
      "args": [
        "581724",
        "10504"
      ],
      "canonical": {
        "kind": "value",
        "rendered": "0x1.6c35bee000000p+31",
        "type": "float"
      },
      "generated": {
        "kind": "value",
        "rendered": "0x1.6c35bee000000p+31",
        "type": "float"
      },
      "name": "generated-int-386"
    },
    {
      "args": [
        "-679089",
        "461774"
      ],
      "canonical": {
        "kind": "value",
        "rendered": "-0x1.240ca4c5b8000p+37",
        "type": "float"
      },
      "generated": {
        "kind": "value",
        "rendered": "-0x1.240ca4c5b8000p+37",
        "type": "float"
      },
      "name": "generated-int-387"
    },
    {
      "args": [
        "648944",
        "-186558"
      ],
      "canonical": {
        "kind": "value",
        "rendered": "-0x1.c3013e6200000p+35",
        "type": "float"
      },
      "generated": {
        "kind": "value",
        "rendered": "-0x1.c3013e6200000p+35",
        "type": "float"
      },
      "name": "generated-int-388"
    },
    {
      "args": [
        "-228099",
        "-464553"
      ],
      "canonical": {
        "kind": "value",
        "rendered": "0x1.8abf376fb0000p+35",
        "type": "float"
      },
      "generated": {
        "kind": "value",
        "rendered": "0x1.8abf376fb0000p+35",
        "type": "float"
      },
      "name": "generated-int-389"
    },
    {
      "args": [
        "662561",
        "496595"
      ],
      "canonical": {
        "kind": "value",
        "rendered": "0x1.326d8c88cc000p+37",
        "type": "float"
      },
      "generated": {
        "kind": "value",
        "rendered": "0x1.326d8c88cc000p+37",
        "type": "float"
      },
      "name": "generated-int-390"
    },
    {
      "args": [
        "-716861",
        "-182552"
      ],
      "canonical": {
        "kind": "value",
        "rendered": "0x1.e78206ab80000p+35",
        "type": "float"
      },
      "generated": {
        "kind": "value",
        "rendered": "0x1.e78206ab80000p+35",
        "type": "float"
      },
      "name": "generated-int-391"
    },
    {
      "args": [
        "-477639",
        "-770452"
      ],
      "canonical": {
        "kind": "value",
        "rendered": "0x1.56b98ab830000p+37",
        "type": "float"
      },
      "generated": {
        "kind": "value",
        "rendered": "0x1.56b98ab830000p+37",
        "type": "float"
      },
      "name": "generated-int-392"
    },
    {
      "args": [
        "853164",
        "-709477"
      ],
      "canonical": {
        "kind": "value",
        "rendered": "-0x1.19dd6937b8000p+38",
        "type": "float"
      },
      "generated": {
        "kind": "value",
        "rendered": "-0x1.19dd6937b8000p+38",
        "type": "float"
      },
      "name": "generated-int-393"
    },
    {
      "args": [
        "-606392",
        "439486"
      ],
      "canonical": {
        "kind": "value",
        "rendered": "-0x1.f0657b4480000p+36",
        "type": "float"
      },
      "generated": {
        "kind": "value",
        "rendered": "-0x1.f0657b4480000p+36",
        "type": "float"
      },
      "name": "generated-int-394"
    },
    {
      "args": [
        "-342012",
        "-466079"
      ],
      "canonical": {
        "kind": "value",
        "rendered": "0x1.28ea0aac20000p+36",
        "type": "float"
      },
      "generated": {
        "kind": "value",
        "rendered": "0x1.28ea0aac20000p+36",
        "type": "float"
      },
      "name": "generated-int-395"
    },
    {
      "args": [
        "-179900",
        "718714"
      ],
      "canonical": {
        "kind": "value",
        "rendered": "-0x1.e1aae49980000p+35",
        "type": "float"
      },
      "generated": {
        "kind": "value",
        "rendered": "-0x1.e1aae49980000p+35",
        "type": "float"
      },
      "name": "generated-int-396"
    },
    {
      "args": [
        "-589128",
        "672211"
      ],
      "canonical": {
        "kind": "value",
        "rendered": "-0x1.70d2202960000p+37",
        "type": "float"
      },
      "generated": {
        "kind": "value",
        "rendered": "-0x1.70d2202960000p+37",
        "type": "float"
      },
      "name": "generated-int-397"
    },
    {
      "args": [
        "222497",
        "-205322"
      ],
      "canonical": {
        "kind": "value",
        "rendered": "-0x1.545e6aa940000p+34",
        "type": "float"
      },
      "generated": {
        "kind": "value",
        "rendered": "-0x1.545e6aa940000p+34",
        "type": "float"
      },
      "name": "generated-int-398"
    },
    {
      "args": [
        "-610192",
        "-291133"
      ],
      "canonical": {
        "kind": "value",
        "rendered": "0x1.4ae4b42a80000p+36",
        "type": "float"
      },
      "generated": {
        "kind": "value",
        "rendered": "0x1.4ae4b42a80000p+36",
        "type": "float"
      },
      "name": "generated-int-399"
    },
    {
      "args": [
        "6796.334144589124",
        "3135.721232475442"
      ],
      "canonical": {
        "kind": "value",
        "rendered": "0x1.452fb147ba43fp+23",
        "type": "float"
      },
      "generated": {
        "kind": "value",
        "rendered": "0x1.452fb147ba43fp+23",
        "type": "float"
      },
      "name": "generated-float-000"
    },
    {
      "args": [
        "1972.6362145907224",
        "4428.026543286051"
      ],
      "canonical": {
        "kind": "value",
        "rendered": "0x1.0a914b0972f04p+22",
        "type": "float"
      },
      "generated": {
        "kind": "value",
        "rendered": "0x1.0a914b0972f04p+22",
        "type": "float"
      },
      "name": "generated-float-001"
    },
    {
      "args": [
        "5377.02188355303",
        "2094.573878570418"
      ],
      "canonical": {
        "kind": "value",
        "rendered": "0x1.57b4d329e0999p+22",
        "type": "float"
      },
      "generated": {
        "kind": "value",
        "rendered": "0x1.57b4d329e0999p+22",
        "type": "float"
      },
      "name": "generated-float-002"
    },
    {
      "args": [
        "-6280.427389231915",
        "-7127.451486120417"
      ],
      "canonical": {
        "kind": "value",
        "rendered": "0x1.558498c3b16f6p+24",
        "type": "float"
      },
      "generated": {
        "kind": "value",
        "rendered": "0x1.558498c3b16f6p+24",
        "type": "float"
      },
      "name": "generated-float-003"
    },
    {
      "args": [
        "-7437.987936611908",
        "4367.453332323623"
      ],
      "canonical": {
        "kind": "value",
        "rendered": "-0x1.efaec93314f5fp+23",
        "type": "float"
      },
      "generated": {
        "kind": "value",
        "rendered": "-0x1.efaec93314f5fp+23",
        "type": "float"
      },
      "name": "generated-float-004"
    },
    {
      "args": [
        "970.9329223662226",
        "-1525.634930376198"
      ],
      "canonical": {
        "kind": "value",
        "rendered": "-0x1.69a492e712863p+19",
        "type": "float"
      },
      "generated": {
        "kind": "value",
        "rendered": "-0x1.69a492e712863p+19",
        "type": "float"
      },
      "name": "generated-float-005"
    },
    {
      "args": [
        "-1912.3765009620274",
        "-3727.325933778822"
      ],
      "canonical": {
        "kind": "value",
        "rendered": "0x1.b30fca1bd6603p+21",
        "type": "float"
      },
      "generated": {
        "kind": "value",
        "rendered": "0x1.b30fca1bd6603p+21",
        "type": "float"
      },
      "name": "generated-float-006"
    },
    {
      "args": [
        "-2733.6001748783438",
        "1731.856328089034"
      ],
      "canonical": {
        "kind": "value",
        "rendered": "-0x1.20f3eb0b99a8bp+21",
        "type": "float"
      },
      "generated": {
        "kind": "value",
        "rendered": "-0x1.20f3eb0b99a8bp+21",
        "type": "float"
      },
      "name": "generated-float-007"
    },
    {
      "args": [
        "9799.857481187188",
        "-4059.146682522696"
      ],
      "canonical": {
        "kind": "value",
        "rendered": "-0x1.2f7d797df246dp+24",
        "type": "float"
      },
      "generated": {
        "kind": "value",
        "rendered": "-0x1.2f7d797df246dp+24",
        "type": "float"
      },
      "name": "generated-float-008"
    },
    {
      "args": [
        "4241.5823257712855",
        "-2545.152787337115"
      ],
      "canonical": {
        "kind": "value",
        "rendered": "-0x1.4973a6288737cp+22",
        "type": "float"
      },
      "generated": {
        "kind": "value",
        "rendered": "-0x1.4973a6288737cp+22",
        "type": "float"
      },
      "name": "generated-float-009"
    },
    {
      "args": [
        "8219.478438199087",
        "2021.152741657952"
      ],
      "canonical": {
        "kind": "value",
        "rendered": "0x1.fafbaac2bf22fp+22",
        "type": "float"
      },
      "generated": {
        "kind": "value",
        "rendered": "0x1.fafbaac2bf22fp+22",
        "type": "float"
      },
      "name": "generated-float-010"
    },
    {
      "args": [
        "4983.406565694322",
        "-2862.622664696739"
      ],
      "canonical": {
        "kind": "value",
        "rendered": "-0x1.b35a192a2a72cp+22",
        "type": "float"
      },
      "generated": {
        "kind": "value",
        "rendered": "-0x1.b35a192a2a72cp+22",
        "type": "float"
      },
      "name": "generated-float-011"
    },
    {
      "args": [
        "9187.100760809757",
        "2627.1003925077966"
      ],
      "canonical": {
        "kind": "value",
        "rendered": "0x1.70470c03c579cp+23",
        "type": "float"
      },
      "generated": {
        "kind": "value",
        "rendered": "0x1.70470c03c579cp+23",
        "type": "float"
      },
      "name": "generated-float-012"
    },
    {
      "args": [
        "4603.550566629518",
        "8775.508725570111"
      ],
      "canonical": {
        "kind": "value",
        "rendered": "0x1.343751154178fp+24",
        "type": "float"
      },
      "generated": {
        "kind": "value",
        "rendered": "0x1.343751154178fp+24",
        "type": "float"
      },
      "name": "generated-float-013"
    },
    {
      "args": [
        "3921.479859775298",
        "-5075.1042558959125"
      ],
      "canonical": {
        "kind": "value",
        "rendered": "-0x1.2faddf203186ep+23",
        "type": "float"
      },
      "generated": {
        "kind": "value",
        "rendered": "-0x1.2faddf203186ep+23",
        "type": "float"
      },
      "name": "generated-float-014"
    },
    {
      "args": [
        "-6126.285546159133",
        "5424.246931069689"
      ],
      "canonical": {
        "kind": "value",
        "rendered": "-0x1.fb0e959296963p+23",
        "type": "float"
      },
      "generated": {
        "kind": "value",
        "rendered": "-0x1.fb0e959296963p+23",
        "type": "float"
      },
      "name": "generated-float-015"
    },
    {
      "args": [
        "1206.398418438328",
        "8672.57099904184"
      ],
      "canonical": {
        "kind": "value",
        "rendered": "0x1.3f4adfdfc3782p+22",
        "type": "float"
      },
      "generated": {
        "kind": "value",
        "rendered": "0x1.3f4adfdfc3782p+22",
        "type": "float"
      },
      "name": "generated-float-016"
    },
    {
      "args": [
        "7384.116035343355",
        "5191.681002144691"
      ],
      "canonical": {
        "kind": "value",
        "rendered": "0x1.247af3781b00dp+24",
        "type": "float"
      },
      "generated": {
        "kind": "value",
        "rendered": "0x1.247af3781b00dp+24",
        "type": "float"
      },
      "name": "generated-float-017"
    },
    {
      "args": [
        "4944.358091686978",
        "1206.7255842671257"
      ],
      "canonical": {
        "kind": "value",
        "rendered": "0x1.6c2a4da0c9070p+21",
        "type": "float"
      },
      "generated": {
        "kind": "value",
        "rendered": "0x1.6c2a4da0c9070p+21",
        "type": "float"
      },
      "name": "generated-float-018"
    },
    {
      "args": [
        "-5712.238626291326",
        "-1078.0026095567537"
      ],
      "canonical": {
        "kind": "value",
        "rendered": "0x1.77d7c0950bd42p+21",
        "type": "float"
      },
      "generated": {
        "kind": "value",
        "rendered": "0x1.77d7c0950bd42p+21",
        "type": "float"
      },
      "name": "generated-float-019"
    },
    {
      "args": [
        "6386.138053452596",
        "-1666.8594527156947"
      ],
      "canonical": {
        "kind": "value",
        "rendered": "-0x1.44da752957642p+22",
        "type": "float"
      },
      "generated": {
        "kind": "value",
        "rendered": "-0x1.44da752957642p+22",
        "type": "float"
      },
      "name": "generated-float-020"
    },
    {
      "args": [
        "-6879.004044026127",
        "2400.5187599508263"
      ],
      "canonical": {
        "kind": "value",
        "rendered": "-0x1.f7f13483d219ep+22",
        "type": "float"
      },
      "generated": {
        "kind": "value",
        "rendered": "-0x1.f7f13483d219ep+22",
        "type": "float"
      },
      "name": "generated-float-021"
    },
    {
      "args": [
        "-6323.508249944048",
        "-8276.503154286198"
      ],
      "canonical": {
        "kind": "value",
        "rendered": "0x1.8f4bcbfd08547p+24",
        "type": "float"
      },
      "generated": {
        "kind": "value",
        "rendered": "0x1.8f4bcbfd08547p+24",
        "type": "float"
      },
      "name": "generated-float-022"
    },
    {
      "args": [
        "-780.350974373825",
        "-6767.557971822404"
      ],
      "canonical": {
        "kind": "value",
        "rendered": "0x1.4254b9d46bed7p+21",
        "type": "float"
      },
      "generated": {
        "kind": "value",
        "rendered": "0x1.4254b9d46bed7p+21",
        "type": "float"
      },
      "name": "generated-float-023"
    },
    {
      "args": [
        "-3002.3697278274276",
        "-7581.496571029842"
      ],
      "canonical": {
        "kind": "value",
        "rendered": "0x1.5b53d7cbe699ep+23",
        "type": "float"
      },
      "generated": {
        "kind": "value",
        "rendered": "0x1.5b53d7cbe699ep+23",
        "type": "float"
      },
      "name": "generated-float-024"
    },
    {
      "args": [
        "-165.4820658401968",
        "4291.225103227072"
      ],
      "canonical": {
        "kind": "value",
        "rendered": "-0x1.5abd197131096p+18",
        "type": "float"
      },
      "generated": {
        "kind": "value",
        "rendered": "-0x1.5abd197131096p+18",
        "type": "float"
      },
      "name": "generated-float-025"
    },
    {
      "args": [
        "7128.2319395039885",
        "-2620.7326217894324"
      ],
      "canonical": {
        "kind": "value",
        "rendered": "-0x1.1d0d65fac3191p+23",
        "type": "float"
      },
      "generated": {
        "kind": "value",
        "rendered": "-0x1.1d0d65fac3191p+23",
        "type": "float"
      },
      "name": "generated-float-026"
    },
    {
      "args": [
        "-6411.020795573865",
        "-6135.313090158323"
      ],
      "canonical": {
        "kind": "value",
        "rendered": "0x1.2c1779e778644p+24",
        "type": "float"
      },
      "generated": {
        "kind": "value",
        "rendered": "0x1.2c1779e778644p+24",
        "type": "float"
      },
      "name": "generated-float-027"
    },
    {
      "args": [
        "-3235.0934904444166",
        "5083.2460576234935"
      ],
      "canonical": {
        "kind": "value",
        "rendered": "-0x1.f5dad07672da5p+22",
        "type": "float"
      },
      "generated": {
        "kind": "value",
        "rendered": "-0x1.f5dad07672da5p+22",
        "type": "float"
      },
      "name": "generated-float-028"
    },
    {
      "args": [
        "592.0741816921163",
        "-2686.1198475647006"
      ],
      "canonical": {
        "kind": "value",
        "rendered": "-0x1.8446e35eeb839p+19",
        "type": "float"
      },
      "generated": {
        "kind": "value",
        "rendered": "-0x1.8446e35eeb839p+19",
        "type": "float"
      },
      "name": "generated-float-029"
    },
    {
      "args": [
        "-6488.293668824492",
        "-701.6764767898057"
      ],
      "canonical": {
        "kind": "value",
        "rendered": "0x1.15dfac2aeca65p+21",
        "type": "float"
      },
      "generated": {
        "kind": "value",
        "rendered": "0x1.15dfac2aeca65p+21",
        "type": "float"
      },
      "name": "generated-float-030"
    },
    {
      "args": [
        "-8484.45793444864",
        "5444.905666197652"
      ],
      "canonical": {
        "kind": "value",
        "rendered": "-0x1.6074a88a7b894p+24",
        "type": "float"
      },
      "generated": {
        "kind": "value",
        "rendered": "-0x1.6074a88a7b894p+24",
        "type": "float"
      },
      "name": "generated-float-031"
    },
    {
      "args": [
        "1943.977272406175",
        "156.03980386474177"
      ],
      "canonical": {
        "kind": "value",
        "rendered": "0x1.283a7544770dcp+17",
        "type": "float"
      },
      "generated": {
        "kind": "value",
        "rendered": "0x1.283a7544770dcp+17",
        "type": "float"
      },
      "name": "generated-float-032"
    },
    {
      "args": [
        "9222.911076700992",
        "-9213.268233656208"
      ],
      "canonical": {
        "kind": "value",
        "rendered": "-0x1.44259869447d2p+25",
        "type": "float"
      },
      "generated": {
        "kind": "value",
        "rendered": "-0x1.44259869447d2p+25",
        "type": "float"
      },
      "name": "generated-float-033"
    },
    {
      "args": [
        "496.05970222106043",
        "2858.0975818971056"
      ],
      "canonical": {
        "kind": "value",
        "rendered": "0x1.5a23b090f9f09p+19",
        "type": "float"
      },
      "generated": {
        "kind": "value",
        "rendered": "0x1.5a23b090f9f09p+19",
        "type": "float"
      },
      "name": "generated-float-034"
    },
    {
      "args": [
        "6018.8357631015915",
        "1764.3937475551393"
      ],
      "canonical": {
        "kind": "value",
        "rendered": "0x1.441598603e9d6p+22",
        "type": "float"
      },
      "generated": {
        "kind": "value",
        "rendered": "0x1.441598603e9d6p+22",
        "type": "float"
      },
      "name": "generated-float-035"
    },
    {
      "args": [
        "-2441.366303602379",
        "-7493.983605473144"
      ],
      "canonical": {
        "kind": "value",
        "rendered": "0x1.172b070ddcd3ap+23",
        "type": "float"
      },
      "generated": {
        "kind": "value",
        "rendered": "0x1.172b070ddcd3ap+23",
        "type": "float"
      },
      "name": "generated-float-036"
    },
    {
      "args": [
        "-5994.000104871198",
        "5507.906073054643"
      ],
      "canonical": {
        "kind": "value",
        "rendered": "-0x1.f7c275945ac87p+23",
        "type": "float"
      },
      "generated": {
        "kind": "value",
        "rendered": "-0x1.f7c275945ac87p+23",
        "type": "float"
      },
      "name": "generated-float-037"
    },
    {
      "args": [
        "-7588.553758221835",
        "6253.907169093451"
      ],
      "canonical": {
        "kind": "value",
        "rendered": "-0x1.6a139f6034405p+24",
        "type": "float"
      },
      "generated": {
        "kind": "value",
        "rendered": "-0x1.6a139f6034405p+24",
        "type": "float"
      },
      "name": "generated-float-038"
    },
    {
      "args": [
        "-7475.380151444358",
        "5995.689704689645"
      ],
      "canonical": {
        "kind": "value",
        "rendered": "-0x1.55f32de8051ecp+24",
        "type": "float"
      },
      "generated": {
        "kind": "value",
        "rendered": "-0x1.55f32de8051ecp+24",
        "type": "float"
      },
      "name": "generated-float-039"
    },
    {
      "args": [
        "-1133.9102108730312",
        "9030.716781417505"
      ],
      "canonical": {
        "kind": "value",
        "rendered": "-0x1.38802bf09d83ep+22",
        "type": "float"
      },
      "generated": {
        "kind": "value",
        "rendered": "-0x1.38802bf09d83ep+22",
        "type": "float"
      },
      "name": "generated-float-040"
    },
    {
      "args": [
        "2521.963293981815",
        "-1519.361605047492"
      ],
      "canonical": {
        "kind": "value",
        "rendered": "-0x1.d3bef195f1c86p+20",
        "type": "float"
      },
      "generated": {
        "kind": "value",
        "rendered": "-0x1.d3bef195f1c86p+20",
        "type": "float"
      },
      "name": "generated-float-041"
    },
    {
      "args": [
        "-7701.900327211908",
        "9919.547030546597"
      ],
      "canonical": {
        "kind": "value",
        "rendered": "-0x1.2370c0a14d972p+25",
        "type": "float"
      },
      "generated": {
        "kind": "value",
        "rendered": "-0x1.2370c0a14d972p+25",
        "type": "float"
      },
      "name": "generated-float-042"
    },
    {
      "args": [
        "-2937.1205369328136",
        "7938.976554777128"
      ],
      "canonical": {
        "kind": "value",
        "rendered": "-0x1.63cce314cdb7fp+23",
        "type": "float"
      },
      "generated": {
        "kind": "value",
        "rendered": "-0x1.63cce314cdb7fp+23",
        "type": "float"
      },
      "name": "generated-float-043"
    },
    {
      "args": [
        "9722.398238629652",
        "5538.344943464264"
      ],
      "canonical": {
        "kind": "value",
        "rendered": "0x1.9acff58fc6ff3p+24",
        "type": "float"
      },
      "generated": {
        "kind": "value",
        "rendered": "0x1.9acff58fc6ff3p+24",
        "type": "float"
      },
      "name": "generated-float-044"
    },
    {
      "args": [
        "-651.5772716969695",
        "3306.260100326501"
      ],
      "canonical": {
        "kind": "value",
        "rendered": "-0x1.06f95f7c4bb71p+20",
        "type": "float"
      },
      "generated": {
        "kind": "value",
        "rendered": "-0x1.06f95f7c4bb71p+20",
        "type": "float"
      },
      "name": "generated-float-045"
    },
    {
      "args": [
        "243.9822077904082",
        "-8604.228240945149"
      ],
      "canonical": {
        "kind": "value",
        "rendered": "-0x1.004274d20a207p+20",
        "type": "float"
      },
      "generated": {
        "kind": "value",
        "rendered": "-0x1.004274d20a207p+20",
        "type": "float"
      },
      "name": "generated-float-046"
    },
    {
      "args": [
        "-1985.920644147487",
        "-4581.6220610177625"
      ],
      "canonical": {
        "kind": "value",
        "rendered": "0x1.15abe3ab58209p+22",
        "type": "float"
      },
      "generated": {
        "kind": "value",
        "rendered": "0x1.15abe3ab58209p+22",
        "type": "float"
      },
      "name": "generated-float-047"
    },
    {
      "args": [
        "-4452.817861485923",
        "-5588.457278599255"
      ],
      "canonical": {
        "kind": "value",
        "rendered": "0x1.7bb49e63677bap+23",
        "type": "float"
      },
      "generated": {
        "kind": "value",
        "rendered": "0x1.7bb49e63677bap+23",
        "type": "float"
      },
      "name": "generated-float-048"
    },
    {
      "args": [
        "-4421.116584496627",
        "-9296.360830070864"
      ],
      "canonical": {
        "kind": "value",
        "rendered": "0x1.3992038549071p+24",
        "type": "float"
      },
      "generated": {
        "kind": "value",
        "rendered": "0x1.3992038549071p+24",
        "type": "float"
      },
      "name": "generated-float-049"
    },
    {
      "args": [
        "-6136.167992802315",
        "-3547.6476772544993"
      ],
      "canonical": {
        "kind": "value",
        "rendered": "0x1.4c2b02207d13fp+23",
        "type": "float"
      },
      "generated": {
        "kind": "value",
        "rendered": "0x1.4c2b02207d13fp+23",
        "type": "float"
      },
      "name": "generated-float-050"
    },
    {
      "args": [
        "-1979.5207010570557",
        "-1174.2756423861138"
      ],
      "canonical": {
        "kind": "value",
        "rendered": "0x1.1bc0b78af5247p+20",
        "type": "float"
      },
      "generated": {
        "kind": "value",
        "rendered": "0x1.1bc0b78af5247p+20",
        "type": "float"
      },
      "name": "generated-float-051"
    },
    {
      "args": [
        "-136.11513499881403",
        "2086.880355438885"
      ],
      "canonical": {
        "kind": "value",
        "rendered": "-0x1.1566001569b0cp+17",
        "type": "float"
      },
      "generated": {
        "kind": "value",
        "rendered": "-0x1.1566001569b0cp+17",
        "type": "float"
      },
      "name": "generated-float-052"
    },
    {
      "args": [
        "-7553.478679645916",
        "-7042.24642233356"
      ],
      "canonical": {
        "kind": "value",
        "rendered": "0x1.95d5791a9cc56p+24",
        "type": "float"
      },
      "generated": {
        "kind": "value",
        "rendered": "0x1.95d5791a9cc56p+24",
        "type": "float"
      },
      "name": "generated-float-053"
    },
    {
      "args": [
        "-303.1367740145033",
        "3314.56505559817"
      ],
      "canonical": {
        "kind": "value",
        "rendered": "-0x1.ea9bd1dce630cp+18",
        "type": "float"
      },
      "generated": {
        "kind": "value",
        "rendered": "-0x1.ea9bd1dce630cp+18",
        "type": "float"
      },
      "name": "generated-float-054"
    },
    {
      "args": [
        "2053.218232334666",
        "-7097.487601212506"
      ],
      "canonical": {
        "kind": "value",
        "rendered": "-0x1.bcb925e4a5f85p+22",
        "type": "float"
      },
      "generated": {
        "kind": "value",
        "rendered": "-0x1.bcb925e4a5f85p+22",
        "type": "float"
      },
      "name": "generated-float-055"
    },
    {
      "args": [
        "1404.796115287394",
        "-4660.990701552075"
      ],
      "canonical": {
        "kind": "value",
        "rendered": "-0x1.8fa4768612c80p+21",
        "type": "float"
      },
      "generated": {
        "kind": "value",
        "rendered": "-0x1.8fa4768612c80p+21",
        "type": "float"
      },
      "name": "generated-float-056"
    },
    {
      "args": [
        "-5711.665642550559",
        "1994.7629381060688"
      ],
      "canonical": {
        "kind": "value",
        "rendered": "-0x1.5bb315e091f79p+22",
        "type": "float"
      },
      "generated": {
        "kind": "value",
        "rendered": "-0x1.5bb315e091f79p+22",
        "type": "float"
      },
      "name": "generated-float-057"
    },
    {
      "args": [
        "-1406.4046276020163",
        "-6628.600983844344"
      ],
      "canonical": {
        "kind": "value",
        "rendered": "0x1.1c7ffe32480d5p+22",
        "type": "float"
      },
      "generated": {
        "kind": "value",
        "rendered": "0x1.1c7ffe32480d5p+22",
        "type": "float"
      },
      "name": "generated-float-058"
    },
    {
      "args": [
        "1922.810379327584",
        "2016.0647529465077"
      ],
      "canonical": {
        "kind": "value",
        "rendered": "0x1.d934f1dbe0a20p+20",
        "type": "float"
      },
      "generated": {
        "kind": "value",
        "rendered": "0x1.d934f1dbe0a20p+20",
        "type": "float"
      },
      "name": "generated-float-059"
    },
    {
      "args": [
        "6703.204046391747",
        "-4875.4266811208045"
      ],
      "canonical": {
        "kind": "value",
        "rendered": "-0x1.f2ac13db559fbp+23",
        "type": "float"
      },
      "generated": {
        "kind": "value",
        "rendered": "-0x1.f2ac13db559fbp+23",
        "type": "float"
      },
      "name": "generated-float-060"
    },
    {
      "args": [
        "7619.4761700289055",
        "7978.373275421065"
      ],
      "canonical": {
        "kind": "value",
        "rendered": "0x1.cfcc788619edbp+24",
        "type": "float"
      },
      "generated": {
        "kind": "value",
        "rendered": "0x1.cfcc788619edbp+24",
        "type": "float"
      },
      "name": "generated-float-061"
    },
    {
      "args": [
        "-8999.00554901625",
        "6482.563581332663"
      ],
      "canonical": {
        "kind": "value",
        "rendered": "-0x1.bd12b8d1f425cp+24",
        "type": "float"
      },
      "generated": {
        "kind": "value",
        "rendered": "-0x1.bd12b8d1f425cp+24",
        "type": "float"
      },
      "name": "generated-float-062"
    },
    {
      "args": [
        "8638.14844712687",
        "-8709.546812203665"
      ],
      "canonical": {
        "kind": "value",
        "rendered": "-0x1.1eff0d9158530p+25",
        "type": "float"
      },
      "generated": {
        "kind": "value",
        "rendered": "-0x1.1eff0d9158530p+25",
        "type": "float"
      },
      "name": "generated-float-063"
    },
    {
      "args": [
        "7047.615569189627",
        "9822.172878408444"
      ],
      "canonical": {
        "kind": "value",
        "rendered": "0x1.08107ca012bc0p+25",
        "type": "float"
      },
      "generated": {
        "kind": "value",
        "rendered": "0x1.08107ca012bc0p+25",
        "type": "float"
      },
      "name": "generated-float-064"
    },
    {
      "args": [
        "5101.102467544428",
        "542.5181538582292"
      ],
      "canonical": {
        "kind": "value",
        "rendered": "0x1.51d2858bf29f8p+20",
        "type": "float"
      },
      "generated": {
        "kind": "value",
        "rendered": "0x1.51d2858bf29f8p+20",
        "type": "float"
      },
      "name": "generated-float-065"
    },
    {
      "args": [
        "4459.364487361303",
        "-7633.869364180281"
      ],
      "canonical": {
        "kind": "value",
        "rendered": "-0x1.03b8aef8cdd08p+24",
        "type": "float"
      },
      "generated": {
        "kind": "value",
        "rendered": "-0x1.03b8aef8cdd08p+24",
        "type": "float"
      },
      "name": "generated-float-066"
    },
    {
      "args": [
        "210.8025581703896",
        "7707.9462023363085"
      ],
      "canonical": {
        "kind": "value",
        "rendered": "0x1.8cb16c716d694p+19",
        "type": "float"
      },
      "generated": {
        "kind": "value",
        "rendered": "0x1.8cb16c716d694p+19",
        "type": "float"
      },
      "name": "generated-float-067"
    },
    {
      "args": [
        "6186.538290186956",
        "-1198.4188007096618"
      ],
      "canonical": {
        "kind": "value",
        "rendered": "-0x1.c484bf316dc1ep+21",
        "type": "float"
      },
      "generated": {
        "kind": "value",
        "rendered": "-0x1.c484bf316dc1ep+21",
        "type": "float"
      },
      "name": "generated-float-068"
    },
    {
      "args": [
        "-1214.7952854600644",
        "-1474.4161347491809"
      ],
      "canonical": {
        "kind": "value",
        "rendered": "0x1.b5489c4f0d0d2p+19",
        "type": "float"
      },
      "generated": {
        "kind": "value",
        "rendered": "0x1.b5489c4f0d0d2p+19",
        "type": "float"
      },
      "name": "generated-float-069"
    },
    {
      "args": [
        "2147.5144098922046",
        "-5745.132229839643"
      ],
      "canonical": {
        "kind": "value",
        "rendered": "-0x1.7884b4802984ep+22",
        "type": "float"
      },
      "generated": {
        "kind": "value",
        "rendered": "-0x1.7884b4802984ep+22",
        "type": "float"
      },
      "name": "generated-float-070"
    },
    {
      "args": [
        "-6828.938685417869",
        "-3682.327747833676"
      ],
      "canonical": {
        "kind": "value",
        "rendered": "0x1.7fb41668d9845p+23",
        "type": "float"
      },
      "generated": {
        "kind": "value",
        "rendered": "0x1.7fb41668d9845p+23",
        "type": "float"
      },
      "name": "generated-float-071"
    },
    {
      "args": [
        "3657.3616695614674",
        "-3631.9847035659423"
      ],
      "canonical": {
        "kind": "value",
        "rendered": "-0x1.956133474c841p+22",
        "type": "float"
      },
      "generated": {
        "kind": "value",
        "rendered": "-0x1.956133474c841p+22",
        "type": "float"
      },
      "name": "generated-float-072"
    },
    {
      "args": [
        "-9123.202150261553",
        "8500.61688544802"
      ],
      "canonical": {
        "kind": "value",
        "rendered": "-0x1.27d7338fdd162p+25",
        "type": "float"
      },
      "generated": {
        "kind": "value",
        "rendered": "-0x1.27d7338fdd162p+25",
        "type": "float"
      },
      "name": "generated-float-073"
    },
    {
      "args": [
        "1236.1103335986008",
        "2850.6399236686357"
      ],
      "canonical": {
        "kind": "value",
        "rendered": "0x1.ae23cbbc72a30p+20",
        "type": "float"
      },
      "generated": {
        "kind": "value",
        "rendered": "0x1.ae23cbbc72a30p+20",
        "type": "float"
      },
      "name": "generated-float-074"
    },
    {
      "args": [
        "4341.014402894798",
        "-6544.927436285919"
      ],
      "canonical": {
        "kind": "value",
        "rendered": "-0x1.b186e8444e379p+23",
        "type": "float"
      },
      "generated": {
        "kind": "value",
        "rendered": "-0x1.b186e8444e379p+23",
        "type": "float"
      },
      "name": "generated-float-075"
    },
    {
      "args": [
        "-9926.668773430369",
        "8024.970448175063"
      ],
      "canonical": {
        "kind": "value",
        "rendered": "-0x1.2fe229e38ef72p+25",
        "type": "float"
      },
      "generated": {
        "kind": "value",
        "rendered": "-0x1.2fe229e38ef72p+25",
        "type": "float"
      },
      "name": "generated-float-076"
    },
    {
      "args": [
        "9425.617793500554",
        "6776.095090088613"
      ],
      "canonical": {
        "kind": "value",
        "rendered": "0x1.e747e939cdbbap+24",
        "type": "float"
      },
      "generated": {
        "kind": "value",
        "rendered": "0x1.e747e939cdbbap+24",
        "type": "float"
      },
      "name": "generated-float-077"
    },
    {
      "args": [
        "8118.894620989657",
        "1850.2179118205622"
      ],
      "canonical": {
        "kind": "value",
        "rendered": "0x1.ca6d3880fe1b4p+22",
        "type": "float"
      },
      "generated": {
        "kind": "value",
        "rendered": "0x1.ca6d3880fe1b4p+22",
        "type": "float"
      },
      "name": "generated-float-078"
    },
    {
      "args": [
        "4532.700286241437",
        "-5936.808522391623"
      ],
      "canonical": {
        "kind": "value",
        "rendered": "-0x1.9a9c4db055883p+23",
        "type": "float"
      },
      "generated": {
        "kind": "value",
        "rendered": "-0x1.9a9c4db055883p+23",
        "type": "float"
      },
      "name": "generated-float-079"
    }
  ],
  "generated": "/tmp/audit-work/review-45-triangle-area-20260724/candidate/solution.py",
  "mismatch_count": 1,
  "mismatches": [
    {
      "args": [
        "359538626972463141629054847463408713596141135051689993197834953606314521560057077521179117265533756343080917907028764928468642653778928365536935093407075033972099821153102564152490980180778657888151737016910267884609166473806445896331617118664246696549595652408289446337476354361838599762500808052368249716736",
        "1"
      ],
      "canonical": {
        "kind": "exception",
        "type": "OverflowError"
      },
      "generated": {
        "kind": "value",
        "rendered": "0x1.fffffffffffffp+1023",
        "type": "float"
      },
      "name": "largest-finite-scaled-division"
    }
  ],
  "oracle": "/tmp/audit-work/review-45-triangle-area-20260724/trusted/canonical.py",
  "seed": 450045
}
--- END OUTPUT ---
EXIT_STATUS: 1
