WORKDIR: /audit-output
COMMAND: /audit-output/evidence/stage5/k_inventory.py
INVENTORY_COUNTS
proof_claim	claim	2
proof_extension	rule	14
proof_extension	syntax	3
supplied_semantics	configuration	1
supplied_semantics	context	5
supplied_semantics	rule	695
supplied_semantics	syntax	227
ATTRIBUTE_COUNTS
proof_claim	total	2
proof_extension	equational	14
proof_extension	function	3
proof_extension	simplification	8
proof_extension	total	2
supplied_semantics	equational	457
supplied_semantics	function	146
supplied_semantics	macro	4
supplied_semantics	no-evaluators	22
supplied_semantics	operational	238
supplied_semantics	owise	26
supplied_semantics	priority	45
supplied_semantics	strict	2
supplied_semantics	symbol	25
supplied_semantics	total	107
OPAQUE_OR_NO_EVALUATOR_DECLARATIONS
reference-semantics/semantics/builtins.k:285-285	syntax IntSeq ::= md5hexCodes(IntSeq) [function, total, symbol(md5hexCodes), no-evaluators]
reference-semantics/semantics/float.k:24-24	syntax Float ::= intFloatDiv(Int, Float) [function, total, symbol(intFloatDiv), no-evaluators]
reference-semantics/semantics/float.k:30-30	syntax Float ::= divII(Int, Int) [function, total, symbol(divII), no-evaluators]
reference-semantics/semantics/float.k:37-37	syntax Float ::= floatMod(Float, Float) [function, total, symbol(floatMod), no-evaluators]
reference-semantics/semantics/float.k:50-50	syntax Bool ::= floatLt(Float, Float) [function, total, symbol(floatLt), no-evaluators]
reference-semantics/semantics/float.k:54-54	syntax Float ::= absF(Float) [function, total, symbol(absF), no-evaluators]
reference-semantics/semantics/float.k:73-73	syntax Int ::= floorFI(Val) [function, total, symbol(floorFI)]
reference-semantics/semantics/float.k:86-86	syntax Float ::= toF(Val) [function, total, symbol(toF)]
reference-semantics/semantics/float.k:93-93	syntax Int ::= ceilF(Val) [function, total, symbol(ceilF)]
reference-semantics/semantics/float.k:103-103	syntax Float ::= subF(Float, Float) [function, total, symbol(subF), no-evaluators]
reference-semantics/semantics/float.k:107-107	syntax Float ::= divF(Float, Float) [function, total, symbol(divF), no-evaluators]
reference-semantics/semantics/float.k:111-111	syntax Float ::= addF(Float, Float) [function, total, symbol(addF), no-evaluators]
reference-semantics/semantics/float.k:115-115	syntax Float ::= mulF(Float, Float) [function, total, symbol(mulF), no-evaluators]
reference-semantics/semantics/float.k:119-119	syntax Float ::= powF(Float, Float) [function, total, symbol(powF), no-evaluators]
reference-semantics/semantics/float.k:125-125	syntax Bool ::= gtF(Float, Float) [function, total, symbol(gtF), no-evaluators]
reference-semantics/semantics/float.k:142-142	syntax Bool ::= eqF(Float, Float) [function, total, symbol(eqF), no-evaluators]
reference-semantics/semantics/float.k:160-160	syntax Float ::= decStrToF(IntSeq) [function, total, symbol(decStrToF), no-evaluators]
reference-semantics/semantics/float.k:190-190	syntax Float ::= divFloatIntV(Float, Int) [function, total, symbol(divFloatIntV), no-evaluators]
reference-semantics/semantics/float.k:195-195	syntax Float ::= intToF(Int) [function, total, symbol(intToF), no-evaluators]
reference-semantics/semantics/float.k:209-209	syntax Int ::= truncF(Float) [function, total, symbol(truncF), no-evaluators]
reference-semantics/semantics/float.k:217-217	syntax Int ::= roundF(Float) [function, total, symbol(roundF), no-evaluators]
reference-semantics/semantics/float.k:223-223	syntax Float ::= roundFN(Float, Int) [function, total, symbol(roundFN), no-evaluators]
reference-semantics/semantics/float.k:230-230	syntax Float ::= sqrtF(Float) [function, total, symbol(sqrtF), no-evaluators]
reference-semantics/semantics/sort.k:18-18	syntax ValSeq ::= sortVS(ValSeq) [function, total, symbol(sortVS), no-evaluators]
reference-semantics/semantics/sort.k:49-49	syntax ValSeq ::= sortKeyVS(ValSeq, Val) [function, total, symbol(sortKeyVS), no-evaluators]
PRIORITY_OR_OWISE_RULES
reference-semantics/semantics/assert.k:13-15	priority,operational	rule <k> Assert(ref(H:Int)) => Assert(V) ... </k> <heap> ... H |-> V:Val ... </heap> [priority(40)]
reference-semantics/semantics/bool.k:29-30	priority,operational	rule <k> BoolOp(_:String, (ref(H:Int), .Exprs)) => ref(H) ... </k> [priority(40)]
reference-semantics/semantics/bool.k:31-34	priority,operational	rule <k> BoolOp("and", (ref(H:Int), A:Expr, REST:Exprs)) => BoolOp("and", (A, REST)) ... </k> <heap> ... H |-> V:Val ... </heap> requires truthy(V) [priority(40)]
reference-semantics/semantics/bool.k:35-38	priority,operational	rule <k> BoolOp("and", (ref(H:Int), _:Expr, _:Exprs)) => ref(H) ... </k> <heap> ... H |-> V:Val ... </heap> requires notBool truthy(V) [priority(40)]
reference-semantics/semantics/bool.k:39-42	priority,operational	rule <k> BoolOp("or", (ref(H:Int), _:Expr, _:Exprs)) => ref(H) ... </k> <heap> ... H |-> V:Val ... </heap> requires truthy(V) [priority(40)]
reference-semantics/semantics/bool.k:43-46	priority,operational	rule <k> BoolOp("or", (ref(H:Int), A:Expr, REST:Exprs)) => BoolOp("or", (A, REST)) ... </k> <heap> ... H |-> V:Val ... </heap> requires notBool truthy(V) [priority(40)]
reference-semantics/semantics/builtins.k:198-198	owise,equational	rule evHead42(_:IntSeq)            => false [owise]
reference-semantics/semantics/builtins.k:201-201	owise,equational	rule evHead47(_:IntSeq)            => false [owise]
reference-semantics/semantics/builtins.k:223-223	owise,equational	rule tokNdAcc(A:Int, S:IntSeq) => iCons(A, tokNds(S)) [owise]
reference-semantics/semantics/builtins.k:228-228	owise,equational	rule firstNdE(_:EvPair) => 0 [owise]
reference-semantics/semantics/builtins.k:236-236	owise,equational	rule applyOpE(_:String, A:Int, _:Int) => A [owise]
reference-semantics/semantics/builtins.k:243-243	owise,equational	rule passPowE(_:OpSeq, .IntSeq) => evp(.OpSeq, .IntSeq) [owise]
reference-semantics/semantics/builtins.k:263-264	owise,equational	rule passLGoE(_:String, CUR:Int, oCons(_:String, _:OpSeq), .IntSeq, OO:OpSeq, ON:IntSeq) => evp(OO, appendIE(ON, CUR)) [owise]
reference-semantics/semantics/builtins.k:268-268	owise,equational	rule inLevelE(_:String, _:String) => false [owise]
reference-semantics/semantics/builtins.k:280-281	priority,operational	rule <k> Call(Attribute(Name("hashlib"), "md5"), (E:Expr, .Exprs)) => E ~> #md5 ... </k> [priority(40)]
reference-semantics/semantics/builtins.k:295-295	owise,equational	rule isIntV(_:Val)         => false [owise]
reference-semantics/semantics/builtins.k:297-297	owise,equational	rule isStrV(_:Val)         => false [owise]
reference-semantics/semantics/call.k:20-20	owise,operational	rule <k> Call(Fe:Expr, ARGS:Exprs) => Fe ~> #callee(ARGS) ... </k> [owise]
reference-semantics/semantics/call.k:31-31	owise,operational	rule <k> #applyK(toCall(builtinV(BN:String)), ACC:Vals) => applyBuiltin(BN, ACC) ... </k> [owise]
reference-semantics/semantics/call.k:38-41	priority,operational	rule <k> #applyK(toCall(builtinV(BN:String)), (ref(H:Int), REST:Vals)) => #applyK(toCall(builtinV(BN)), (V, REST)) ... </k> <heap> ... H |-> V:Val ... </heap> [priority(40)]
reference-semantics/semantics/call.k:42-46	priority,operational	rule <k> #applyK(toCall(builtinV(BN:String)), (A:Val, ref(H:Int), REST:Vals)) => #applyK(toCall(builtinV(BN)), (A, V, REST)) ... </k> <heap> ... H |-> V:Val ... </heap> requires notBool isRefV(A) [priority(40)]
reference-semantics/semantics/call.k:47-50	priority,operational	rule <k> #applyK(toCall(typeV(T:String)), (ref(H:Int), REST:Vals)) => #applyK(toCall(typeV(T)), (V, REST)) ... </k> <heap> ... H |-> V:Val ... </heap> [priority(40)]
reference-semantics/semantics/call.k:56-60	priority,operational	rule <k> #applyK(toCall(boundMethodV(ref(H:Int), M:String)), ACC:Vals) => #applyK(toCall(boundMethodV(V, M)), ACC) ... </k> <heap> ... H |-> V:Val ... </heap> requires notBool isMutMethod(M) [priority(40)]
reference-semantics/semantics/call.k:63-67	priority,operational	rule <k> #applyK(toCall(boundMethodV(OBJ:Val, M:String)), (ref(H:Int), REST:Vals)) => #applyK(toCall(boundMethodV(OBJ, M)), (V, REST)) ... </k> <heap> ... H |-> V:Val ... </heap> requires notBool isMutMethod(M) andBool notBool isRefV(OBJ) [priority(40)]
reference-semantics/semantics/concrete.k:28-30	priority,operational	rule <k> #applyK(toCall(builtinV("sorted")), (list(VS:ValSeq), kwV("key", KV:Val), .Vals)) => #ksort(VS, KV, .ValSeq, false) ... </k> [priority(40)]
reference-semantics/semantics/concrete.k:31-33	priority,operational	rule <k> #applyK(toCall(builtinV("sorted")), (list(VS:ValSeq), kwV("key", KV:Val), kwV("reverse", RB:Bool), .Vals)) => #ksort(VS, KV, .ValSeq, RB) ... </k> [priority(40)]
reference-semantics/semantics/concrete.k:59-59	owise,equational	rule unpairVS(vCons(V:Val, R:ValSeq)) => vCons(V, unpairVS(R)) [owise]
reference-semantics/semantics/controls.k:12-18	priority,operational	rule <k> Assign(Name(X:String), V:Val) => #cellW({M[X]}:>Val, V) ... </k> <env> L:Int </env> <scopes> ... L |-> scope(M:Map, _) ... </scopes> requires "$cells" in_keys(M) andBool pnMember(X, cellsOf({M["$cells"]}:>Val)) andBool X in_keys(M) andBool isCellRef({M[X]}:>Val) [priority(40)]
reference-semantics/semantics/controls.k:27-31	priority,operational	rule <k> AugAssign(Name(X:String), OP:String, V:Val) => Assign(Name(X), BinOp(OP, Name(X), V)) ... </k> <env> L:Int </env> <scopes> ... L |-> scope(M:Map, _) ... </scopes> requires X in_keys(M) andBool isRefV({M[X]}:>Val) [priority(40)]
reference-semantics/semantics/controls.k:36-36	owise,operational	rule <k> ImportFrom(_:String, _:ParamNames) => .K ... </k> [owise]
reference-semantics/semantics/controls.k:89-89	owise,operational	rule <k> #cont ~> (_:KItem => .K) ... </k> [owise]
reference-semantics/semantics/controls.k:91-91	owise,operational	rule <k> #brk ~> (_:KItem => .K) ... </k> [owise]
reference-semantics/semantics/controls.k:95-97	priority,operational	rule <k> If(ref(H:Int), T:Stmts, E:Stmts) => If(V, T, E) ... </k> <heap> ... H |-> V:Val ... </heap> [priority(40)]
reference-semantics/semantics/controls.k:98-100	priority,operational	rule <k> IfExp(ref(H:Int), T:Expr, E:Expr) => IfExp(V, T, E) ... </k> <heap> ... H |-> V:Val ... </heap> [priority(40)]
reference-semantics/semantics/controls.k:101-103	priority,operational	rule <k> ref(H:Int) ~> #whileCond(C:Expr, B:Stmts) => V ~> #whileCond(C, B) ... </k> <heap> ... H |-> V:Val ... </heap> [priority(40)]
reference-semantics/semantics/controls.k:106-108	priority,operational	rule <k> For(T:Expr, ref(H:Int), B:Stmts) => For(T, V, B) ... </k> <heap> ... H |-> V:Val ... </heap> [priority(40)]
reference-semantics/semantics/core.k:70-70	owise,equational	rule isRefV(_:Val)      => false [owise]
reference-semantics/semantics/core.k:78-78	owise,equational	rule isCellRef(_:Val)          => false [owise]
reference-semantics/semantics/core.k:85-90	priority,operational	rule <k> cellRef(H:Int) => V ... </k> <env> L:Int </env> <scopes> ... L |-> scope(M:Map, _) ... </scopes> <heap> ... H |-> cellV(V:Val) ... </heap> requires "$cells" in_keys(M) [priority(40)]
reference-semantics/semantics/core.k:102-102	owise,equational	rule isKwV(_:Val)                => false [owise]
reference-semantics/semantics/core.k:145-151	priority,operational	rule <k> #look(X:String, L:Int) => V ... </k> <scopes> ... L |-> scope(M:Map, _:Parent) ... </scopes> <heap> ... H |-> cellV(V:Val) ... </heap> requires X in_keys(M) andBool "$cells" in_keys(M) andBool pnMember(X, cellsOf({M["$cells"]}:>Val)) andBool {M[X]}:>Val ==K cellRef(H) [priority(40)]
reference-semantics/semantics/dict.k:54-54	owise,equational	rule dPutV(_KS:ValSeq, VS:ValSeq, _K:Val, V:Val) => valSeqConcat(VS, vCons(V, .ValSeq)) [owise]
reference-semantics/semantics/dict.k:58-60	priority,operational	rule <k> #applyK(toCall(boundMethodV(dictV(KS:ValSeq, _:ValSeq), "keys")), .Vals) => #alloc(list(KS)) ... </k> [priority(40)]
reference-semantics/semantics/dict.k:65-66	priority,operational	rule <k> Subscript(dictV(KS:ValSeq, VS:ValSeq), K:Val) => applyIndexD(dictV(KS, VS), K) ... </k> [priority(45)]
reference-semantics/semantics/float.k:66-66	priority,operational	rule <k> Call(Attribute(Name("math"), "ceil"), (E:Expr, .Exprs)) => E ~> #mathCeil ... </k> [priority(40)]
reference-semantics/semantics/float.k:71-71	priority,operational	rule <k> Call(Attribute(Name("math"), "floor"), (E:Expr, .Exprs)) => E ~> #mathFloor ... </k> [priority(40)]
reference-semantics/semantics/float.k:83-83	priority,operational	rule <k> Call(Attribute(Name("math"), "pow"), (E1:Expr, E2:Expr, .Exprs)) => E1 ~> #mathPow1(E2) ... </k> [priority(40)]
reference-semantics/semantics/float.k:233-233	priority,operational	rule <k> Call(Attribute(Name("math"), "sqrt"), (E:Expr, .Exprs)) => E ~> #mathSqrt ... </k> [priority(40)]
reference-semantics/semantics/functions.k:68-75	priority,operational	rule <k> #bindP((P:String, PS:ParamNames), (V:Val, VS:Vals)) => #cellW({M[P]}:>Val, V) ~> #bindP(PS, VS) ... </k> <env> L:Int </env> <scopes> ... L |-> scope(M:Map, _) ... </scopes> requires "$cells" in_keys(M) andBool pnMember(P, cellsOf({M["$cells"]}:>Val)) andBool P in_keys(M) andBool isCellRef({M[P]}:>Val) [priority(40)]
reference-semantics/semantics/list.k:24-25	priority,operational	rule <k> BinOp("+", list(A:ValSeq), list(B:ValSeq)) => #alloc(list(valSeqConcat(A, B))) ... </k> [priority(45)]
reference-semantics/semantics/list.k:50-50	owise,equational	rule deepEqV(A:Val, B:Val, _:Map) => A ==K B [owise]
reference-semantics/semantics/list.k:53-55	priority,operational	rule <k> #applyK(toCall(boundMethodV(ref(H:Int), "append")), (V:Val, .Vals)) => noneV ... </k> <heap> ... H |-> list(VS:ValSeq => valSeqConcat(VS, vCons(V, .ValSeq))) ... </heap> [priority(40)]
reference-semantics/semantics/methods.k:43-43	owise,equational	rule dropIS(.IntSeq, _:Int) => .IntSeq [owise]
reference-semantics/semantics/methods.k:72-74	priority,operational	rule <k> #applyK(toCall(boundMethodV(str(CS:IntSeq), "split")), .Vals) => #alloc(list(splitWS(CS, .IntSeq, .ValSeq))) ... </k> [priority(40)]
reference-semantics/semantics/methods.k:89-91	priority,operational	rule <k> #applyK(toCall(boundMethodV(str(CS:IntSeq), "split")), (kwV("sep", str(S:IntSeq)), .Vals)) => #applyK(toCall(boundMethodV(str(CS), "split")), (str(S), .Vals)) ... </k> [priority(39)]
reference-semantics/semantics/methods.k:94-96	priority,operational	rule <k> #applyK(toCall(boundMethodV(str(CS:IntSeq), "split")), (str(iCons(SEP:Int, .IntSeq)), .Vals)) => #alloc(list(splitSep(CS, SEP, .IntSeq))) ... </k> [priority(40)]
reference-semantics/semantics/methods.k:143-143	owise,equational	rule lowerC(C:Int) => C         [owise]
reference-semantics/semantics/methods.k:147-147	owise,equational	rule upperC(C:Int) => C         [owise]
reference-semantics/semantics/methods.k:152-152	owise,equational	rule swapC(C:Int) => C         [owise]
reference-semantics/semantics/operators.k:17-17	owise,operational	rule <k> Compare(LV:Val, CmpOp(OP:String, RV:Val)) => applyCmp(OP, LV, RV) ... </k> [owise]
reference-semantics/semantics/operators.k:25-27	priority,operational	rule <k> BinOp(OP:String, ref(H:Int), R:Expr) => BinOp(OP, V, R) ... </k> <heap> ... H |-> V:Val ... </heap> [priority(40)]
reference-semantics/semantics/operators.k:28-31	priority,operational	rule <k> BinOp(OP:String, L:Val, ref(H:Int)) => BinOp(OP, L, V) ... </k> <heap> ... H |-> V:Val ... </heap> requires notBool isRefV(L) [priority(40)]
reference-semantics/semantics/operators.k:34-37	priority,operational	rule <k> Compare(ref(H:Int), CmpOp(OP:String, R:Expr)) => Compare(V, CmpOp(OP, R)) ... </k> <heap> ... H |-> V:Val ... </heap> requires OP =/=String "in" andBool OP =/=String "not in" [priority(40)]
reference-semantics/semantics/operators.k:38-42	priority,operational	rule <k> Compare(L:Val, CmpOp(OP:String, ref(H:Int))) => Compare(L, CmpOp(OP, V)) ... </k> <heap> ... H |-> V:Val ... </heap> requires notBool isRefV(L) orBool OP ==String "in" orBool OP ==String "not in" [priority(40)]
reference-semantics/semantics/operators.k:44-46	priority,operational	rule <k> UnaryOp(OP:String, ref(H:Int)) => UnaryOp(OP, V) ... </k> <heap> ... H |-> V:Val ... </heap> [priority(40)]
reference-semantics/semantics/sort.k:40-42	priority,operational	rule <k> #applyK(toCall(boundMethodV(ref(H:Int), "sort")), .Vals) => noneV ... </k> <heap> ... H |-> list(VS:ValSeq => sortVS(VS)) ... </heap> [priority(40)]
reference-semantics/semantics/subscript.k:31-33	priority,operational	rule <k> Subscript(ref(H:Int), IX:Index) => Subscript(V, IX) ... </k> <heap> ... H |-> V:Val ... </heap> [priority(40)]
reference-semantics/semantics/subscript.k:58-60	priority,operational	rule <k> ST:OptInt ~> #slStep(list(VS:ValSeq), LO:OptInt, HI:OptInt) => #alloc(doSlice(list(VS), LO, HI, ST)) ... </k> [priority(45)]
reference-semantics/semantics/tuple.k:35-41	priority,operational	rule <k> #bindTgt(Name(X:String), V:Val) => #cellW({M[X]}:>Val, V) ... </k> <env> L:Int </env> <scopes> ... L |-> scope(M:Map, _) ... </scopes> requires "$cells" in_keys(M) andBool pnMember(X, cellsOf({M["$cells"]}:>Val)) andBool X in_keys(M) andBool isCellRef({M[X]}:>Val) [priority(40)]
reference-semantics/semantics/tuple.k:44-46	priority,operational	rule <k> #bindTgt(TupleExpr(TS:Exprs), ref(H:Int)) => #bindTgt(TupleExpr(TS), V) ... </k> <heap> ... H |-> V:Val ... </heap> [priority(40)]
reference-semantics/semantics/tuple.k:52-54	priority,operational	rule <k> Assign(TupleExpr(TS:Exprs), ref(H:Int)) => Assign(TupleExpr(TS), V) ... </k> <heap> ... H |-> V:Val ... </heap> [priority(40)]
ALL_DECLARATIONS_TSV
source_class	kind	attributes	location	declaration
supplied_semantics	rule	operational	reference-semantics/semantics/assert.k:6-7	rule <k> Assert(V:Val) => .K ... </k> requires truthy(V)
supplied_semantics	rule	operational	reference-semantics/semantics/assert.k:8-11	rule <k> Assert(V:Val) ~> _ => .K </k> <exc> NoExc => AssertionError </exc> <exit-code> _ => 1 </exit-code> requires notBool truthy(V)
supplied_semantics	rule	priority,operational	reference-semantics/semantics/assert.k:13-15	rule <k> Assert(ref(H:Int)) => Assert(V) ... </k> <heap> ... H |-> V:Val ... </heap> [priority(40)]
supplied_semantics	rule	equational	reference-semantics/semantics/bool.k:8-8	rule applyUn("not", V:Val) => notBool truthy(V)
supplied_semantics	rule	equational	reference-semantics/semantics/bool.k:10-10	rule applyCmp("==", B1:Bool, B2:Bool) => B1 ==Bool B2
supplied_semantics	rule	equational	reference-semantics/semantics/bool.k:11-11	rule applyCmp("!=", B1:Bool, B2:Bool) => B1 =/=Bool B2
supplied_semantics	context	-	reference-semantics/semantics/bool.k:16-16	context BoolOp(_, (HOLE:Expr, _:Exprs))
supplied_semantics	rule	operational	reference-semantics/semantics/bool.k:17-17	rule <k> BoolOp(_:String, (V:Val, .Exprs)) => V ... </k>
supplied_semantics	rule	operational	reference-semantics/semantics/bool.k:18-19	rule <k> BoolOp("and", (V:Val, A:Expr, REST:Exprs)) => BoolOp("and", (A, REST)) ... </k> requires truthy(V)
supplied_semantics	rule	operational	reference-semantics/semantics/bool.k:20-21	rule <k> BoolOp("and", (V:Val, _:Expr, _:Exprs)) => V ... </k> requires notBool truthy(V)
supplied_semantics	rule	operational	reference-semantics/semantics/bool.k:22-23	rule <k> BoolOp("or",  (V:Val, _:Expr, _:Exprs)) => V ... </k> requires truthy(V)
supplied_semantics	rule	operational	reference-semantics/semantics/bool.k:24-25	rule <k> BoolOp("or",  (V:Val, A:Expr, REST:Exprs)) => BoolOp("or", (A, REST)) ... </k> requires notBool truthy(V)
supplied_semantics	rule	priority,operational	reference-semantics/semantics/bool.k:29-30	rule <k> BoolOp(_:String, (ref(H:Int), .Exprs)) => ref(H) ... </k> [priority(40)]
supplied_semantics	rule	priority,operational	reference-semantics/semantics/bool.k:31-34	rule <k> BoolOp("and", (ref(H:Int), A:Expr, REST:Exprs)) => BoolOp("and", (A, REST)) ... </k> <heap> ... H |-> V:Val ... </heap> requires truthy(V) [priority(40)]
supplied_semantics	rule	priority,operational	reference-semantics/semantics/bool.k:35-38	rule <k> BoolOp("and", (ref(H:Int), _:Expr, _:Exprs)) => ref(H) ... </k> <heap> ... H |-> V:Val ... </heap> requires notBool truthy(V) [priority(40)]
supplied_semantics	rule	priority,operational	reference-semantics/semantics/bool.k:39-42	rule <k> BoolOp("or", (ref(H:Int), _:Expr, _:Exprs)) => ref(H) ... </k> <heap> ... H |-> V:Val ... </heap> requires truthy(V) [priority(40)]
supplied_semantics	rule	priority,operational	reference-semantics/semantics/bool.k:43-46	rule <k> BoolOp("or", (ref(H:Int), A:Expr, REST:Exprs)) => BoolOp("or", (A, REST)) ... </k> <heap> ... H |-> V:Val ... </heap> requires notBool truthy(V) [priority(40)]
supplied_semantics	syntax	function	reference-semantics/semantics/builtins.k:17-17	syntax Val ::= applyBuiltin(String, Vals) [function]
supplied_semantics	syntax	function	reference-semantics/semantics/builtins.k:20-20	syntax Int ::= seqLen(Val) [function]
supplied_semantics	rule	equational	reference-semantics/semantics/builtins.k:21-21	rule applyBuiltin("len", OBJ:Val, .Vals) => seqLen(OBJ)
supplied_semantics	rule	equational	reference-semantics/semantics/builtins.k:22-22	rule seqLen(list(VS:ValSeq))                  => vsLen(VS)
supplied_semantics	rule	equational	reference-semantics/semantics/builtins.k:23-23	rule seqLen(tuple(VS:ValSeq))                 => vsLen(VS)
supplied_semantics	rule	equational	reference-semantics/semantics/builtins.k:24-24	rule seqLen(str(IS:IntSeq))                   => isLen(IS)
supplied_semantics	rule	equational	reference-semantics/semantics/builtins.k:25-25	rule seqLen(setV(DS:IntSeq))                  => isLen(DS)
supplied_semantics	rule	equational	reference-semantics/semantics/builtins.k:26-26	rule seqLen(rangeObj(LO:Int, HI:Int, ST:Int)) => rangeLen(LO, HI, ST)
supplied_semantics	rule	operational	reference-semantics/semantics/builtins.k:32-32	rule <k> #applyK(toCall(builtinV("list")), (list(VS:ValSeq),  .Vals)) => #alloc(list(VS)) ... </k>
supplied_semantics	rule	operational	reference-semantics/semantics/builtins.k:33-33	rule <k> #applyK(toCall(builtinV("list")), (tuple(VS:ValSeq), .Vals)) => #alloc(list(VS)) ... </k>
supplied_semantics	rule	operational	reference-semantics/semantics/builtins.k:34-34	rule <k> #applyK(toCall(builtinV("list")), .Vals)                     => #alloc(list(.ValSeq)) ... </k>
supplied_semantics	rule	operational	reference-semantics/semantics/builtins.k:35-35	rule <k> #applyK(toCall(builtinV("list")), (str(CS:IntSeq), .Vals))   => #alloc(list(charsOf(CS))) ... </k>
supplied_semantics	syntax	function,total	reference-semantics/semantics/builtins.k:36-36	syntax ValSeq ::= charsOf(IntSeq) [function, total]
supplied_semantics	rule	equational	reference-semantics/semantics/builtins.k:37-37	rule charsOf(.IntSeq)                => .ValSeq
supplied_semantics	rule	equational	reference-semantics/semantics/builtins.k:38-38	rule charsOf(iCons(C:Int, R:IntSeq)) => vCons(str(iCons(C, .IntSeq)), charsOf(R))
supplied_semantics	rule	equational	reference-semantics/semantics/builtins.k:41-41	rule applyBuiltin("set", str(CS:IntSeq), .Vals) => setV(dedupCodes(CS))
supplied_semantics	rule	equational	reference-semantics/semantics/builtins.k:44-44	rule applyBuiltin("abs", I:Int, .Vals) => absInt(I)
supplied_semantics	syntax	-	reference-semantics/semantics/builtins.k:47-47	syntax KItem ::= #sumAcc(Iterable, Int) | #sumCont(Int)
supplied_semantics	rule	operational	reference-semantics/semantics/builtins.k:48-48	rule <k> #sumAcc(IT:Iterable, ACC:Int) => #iterNext(IT) ~> #sumCont(ACC) ... </k>
supplied_semantics	rule	operational	reference-semantics/semantics/builtins.k:49-49	rule <k> #iterDone ~> #sumCont(ACC:Int) => ACC ... </k>
supplied_semantics	rule	operational	reference-semantics/semantics/builtins.k:50-52	rule <k> #iterYield(V:Val, R:Iterable) ~> #sumCont(ACC:Int) => #sumAcc(R, ACC +Int intOf(V)) ... </k> requires isInt(V) orBool isBool(V)
supplied_semantics	syntax	function	reference-semantics/semantics/builtins.k:54-54	syntax Int ::= intOf(Val) [function]
supplied_semantics	rule	equational	reference-semantics/semantics/builtins.k:55-55	rule intOf(I:Int)  => I
supplied_semantics	rule	equational	reference-semantics/semantics/builtins.k:56-56	rule intOf(B:Bool) => #if B #then 1 #else 0 #fi
supplied_semantics	syntax	-	reference-semantics/semantics/builtins.k:59-59	syntax KItem ::= #allAcc(Iterable) | "#allCont"
supplied_semantics	rule	operational	reference-semantics/semantics/builtins.k:60-60	rule <k> #allAcc(IT:Iterable) => #iterNext(IT) ~> #allCont ... </k>
supplied_semantics	rule	operational	reference-semantics/semantics/builtins.k:61-61	rule <k> #iterDone ~> #allCont => true ... </k>
supplied_semantics	rule	operational	reference-semantics/semantics/builtins.k:62-63	rule <k> #iterYield(V:Val, R:Iterable) ~> #allCont => #allAcc(R) ... </k> requires truthy(V)
supplied_semantics	rule	operational	reference-semantics/semantics/builtins.k:64-65	rule <k> #iterYield(V:Val, _:Iterable) ~> #allCont => false ... </k> requires notBool truthy(V)
supplied_semantics	syntax	-	reference-semantics/semantics/builtins.k:67-67	syntax KItem ::= #anyAcc(Iterable) | "#anyCont"
supplied_semantics	rule	operational	reference-semantics/semantics/builtins.k:68-68	rule <k> #anyAcc(IT:Iterable) => #iterNext(IT) ~> #anyCont ... </k>
supplied_semantics	rule	operational	reference-semantics/semantics/builtins.k:69-69	rule <k> #iterDone ~> #anyCont => false ... </k>
supplied_semantics	rule	operational	reference-semantics/semantics/builtins.k:70-71	rule <k> #iterYield(V:Val, _:Iterable) ~> #anyCont => true ... </k> requires truthy(V)
supplied_semantics	rule	operational	reference-semantics/semantics/builtins.k:72-73	rule <k> #iterYield(V:Val, R:Iterable) ~> #anyCont => #anyAcc(R) ... </k> requires notBool truthy(V)
supplied_semantics	syntax	-	reference-semantics/semantics/builtins.k:76-76	syntax KItem ::= #maxAcc0(Iterable) | "#maxCont0" | #maxAcc(Iterable, Int) | #maxCont(Int)
supplied_semantics	rule	operational	reference-semantics/semantics/builtins.k:77-77	rule <k> #maxAcc0(IT:Iterable) => #iterNext(IT) ~> #maxCont0 ... </k>
supplied_semantics	rule	operational	reference-semantics/semantics/builtins.k:78-79	rule <k> #iterYield(V:Val, R:Iterable) ~> #maxCont0 => #maxAcc(R, {V}:>Int) ... </k> requires isInt(V)
supplied_semantics	rule	operational	reference-semantics/semantics/builtins.k:80-80	rule <k> #maxAcc(IT:Iterable, M:Int) => #iterNext(IT) ~> #maxCont(M) ... </k>
supplied_semantics	rule	operational	reference-semantics/semantics/builtins.k:81-81	rule <k> #iterDone ~> #maxCont(M:Int) => M ... </k>
supplied_semantics	rule	operational	reference-semantics/semantics/builtins.k:82-84	rule <k> #iterYield(V:Val, R:Iterable) ~> #maxCont(M:Int) => #maxAcc(R, maxInt(M, {V}:>Int)) ... </k> requires isInt(V)
supplied_semantics	syntax	-	reference-semantics/semantics/builtins.k:86-86	syntax KItem ::= #minAcc0(Iterable) | "#minCont0" | #minAcc(Iterable, Int) | #minCont(Int)
supplied_semantics	rule	operational	reference-semantics/semantics/builtins.k:87-87	rule <k> #minAcc0(IT:Iterable) => #iterNext(IT) ~> #minCont0 ... </k>
supplied_semantics	rule	operational	reference-semantics/semantics/builtins.k:88-89	rule <k> #iterYield(V:Val, R:Iterable) ~> #minCont0 => #minAcc(R, {V}:>Int) ... </k> requires isInt(V)
supplied_semantics	rule	operational	reference-semantics/semantics/builtins.k:90-90	rule <k> #minAcc(IT:Iterable, M:Int) => #iterNext(IT) ~> #minCont(M) ... </k>
supplied_semantics	rule	operational	reference-semantics/semantics/builtins.k:91-91	rule <k> #iterDone ~> #minCont(M:Int) => M ... </k>
supplied_semantics	rule	operational	reference-semantics/semantics/builtins.k:92-94	rule <k> #iterYield(V:Val, R:Iterable) ~> #minCont(M:Int) => #minAcc(R, minInt(M, {V}:>Int)) ... </k> requires isInt(V)
supplied_semantics	syntax	function	reference-semantics/semantics/builtins.k:97-97	syntax Int ::= maxVals(Int, Vals) [function]
supplied_semantics	rule	equational	reference-semantics/semantics/builtins.k:98-98	rule applyBuiltin("max", I:Int, REST:Vals) => maxVals(I, REST)
supplied_semantics	rule	equational	reference-semantics/semantics/builtins.k:99-99	rule maxVals(M:Int, .Vals)           => M
supplied_semantics	rule	equational	reference-semantics/semantics/builtins.k:100-100	rule maxVals(M:Int, (I:Int, R:Vals)) => maxVals(maxInt(M, I), R)
supplied_semantics	syntax	function	reference-semantics/semantics/builtins.k:102-102	syntax Int ::= minVals(Int, Vals) [function]
supplied_semantics	rule	equational	reference-semantics/semantics/builtins.k:103-103	rule applyBuiltin("min", I:Int, REST:Vals) => minVals(I, REST)
supplied_semantics	rule	equational	reference-semantics/semantics/builtins.k:104-104	rule minVals(M:Int, .Vals)           => M
supplied_semantics	rule	equational	reference-semantics/semantics/builtins.k:105-105	rule minVals(M:Int, (I:Int, R:Vals)) => minVals(minInt(M, I), R)
supplied_semantics	rule	equational	reference-semantics/semantics/builtins.k:108-109	rule applyBuiltin("bin", N:Int, .Vals) => str(iCons(48, iCons(98, binCodes(N)))) requires N >=Int 0
supplied_semantics	rule	equational	reference-semantics/semantics/builtins.k:111-113	rule applyBuiltin("bin", N:Int, .Vals) => str(iCons(45, iCons(48, iCons(98, binCodes(0 -Int N))))) requires N <Int 0
supplied_semantics	syntax	function,total	reference-semantics/semantics/builtins.k:114-114	syntax IntSeq ::= binCodes(Int) [function, total]
supplied_semantics	rule	equational	reference-semantics/semantics/builtins.k:115-115	rule binCodes(0) => iCons(48, .IntSeq)
supplied_semantics	rule	equational	reference-semantics/semantics/builtins.k:116-116	rule binCodes(N:Int) => binAcc(N, .IntSeq) requires N >Int 0
supplied_semantics	syntax	function,total	reference-semantics/semantics/builtins.k:117-117	syntax IntSeq ::= binAcc(Int, IntSeq) [function, total]
supplied_semantics	rule	equational	reference-semantics/semantics/builtins.k:118-118	rule binAcc(0, ACC:IntSeq) => ACC
supplied_semantics	rule	equational	reference-semantics/semantics/builtins.k:119-121	rule binAcc(N:Int, ACC:IntSeq) => binAcc((N -Int pyMod(N, 2)) /Int 2, iCons(48 +Int pyMod(N, 2), ACC)) requires N >Int 0
supplied_semantics	rule	operational	reference-semantics/semantics/builtins.k:124-125	rule <k> #applyK(toCall(builtinV("enumerate")), (list(VS:ValSeq), .Vals)) => #alloc(list(enumVS(VS, 0))) ... </k>
supplied_semantics	syntax	function,total	reference-semantics/semantics/builtins.k:126-126	syntax ValSeq ::= enumVS(ValSeq, Int) [function, total]
supplied_semantics	rule	equational	reference-semantics/semantics/builtins.k:127-127	rule enumVS(.ValSeq, _:Int) => .ValSeq
supplied_semantics	rule	equational	reference-semantics/semantics/builtins.k:128-129	rule enumVS(vCons(V:Val, R:ValSeq), I:Int) => vCons(tuple(vCons(I, vCons(V, .ValSeq))), enumVS(R, I +Int 1))
supplied_semantics	rule	operational	reference-semantics/semantics/builtins.k:132-133	rule <k> #applyK(toCall(builtinV("map")), (typeV("str"), list(VS:ValSeq), .Vals)) => #alloc(list(mapStrVS(VS))) ... </k>
supplied_semantics	syntax	function,total	reference-semantics/semantics/builtins.k:134-134	syntax ValSeq ::= mapStrVS(ValSeq) [function, total]
supplied_semantics	rule	equational	reference-semantics/semantics/builtins.k:135-135	rule mapStrVS(.ValSeq) => .ValSeq
supplied_semantics	rule	equational	reference-semantics/semantics/builtins.k:136-136	rule mapStrVS(vCons(I:Int, R:ValSeq)) => vCons(str(strToCodes(Int2String(I))), mapStrVS(R))
supplied_semantics	rule	equational	reference-semantics/semantics/builtins.k:137-137	rule mapStrVS(vCons(str(CS:IntSeq), R:ValSeq)) => vCons(str(CS), mapStrVS(R))
supplied_semantics	rule	equational	reference-semantics/semantics/builtins.k:140-140	rule applyBuiltin("int", I:Int, .Vals) => I
supplied_semantics	rule	equational	reference-semantics/semantics/builtins.k:143-143	rule applyBuiltin("ord", str(iCons(C:Int, .IntSeq)), .Vals) => C
supplied_semantics	rule	equational	reference-semantics/semantics/builtins.k:144-145	rule applyBuiltin("chr", I:Int, .Vals) => str(iCons(I, .IntSeq)) requires 0 <=Int I andBool I <Int 128
supplied_semantics	rule	equational	reference-semantics/semantics/builtins.k:148-148	rule applyBuiltin("str", I:Int, .Vals)       => str(strToCodes(Int2String(I)))
supplied_semantics	rule	equational	reference-semantics/semantics/builtins.k:149-149	rule applyBuiltin("str", str(CS:IntSeq), .Vals) => str(CS)
supplied_semantics	rule	equational	reference-semantics/semantics/builtins.k:152-153	rule applyBuiltin("int", str(iCons(C:Int, .IntSeq)), .Vals) => C -Int 48 requires 48 <=Int C andBool C <=Int 57
supplied_semantics	rule	equational	reference-semantics/semantics/builtins.k:156-157	rule applyBuiltin("int", str(CS:IntSeq), .Vals) => intDigAcc(CS, 0) requires isLen(CS) >=Int 2
supplied_semantics	syntax	function,total	reference-semantics/semantics/builtins.k:158-158	syntax Int ::= intDigAcc(IntSeq, Int) [function, total]
supplied_semantics	rule	equational	reference-semantics/semantics/builtins.k:159-159	rule intDigAcc(.IntSeq, ACC:Int)             => ACC
supplied_semantics	rule	equational	reference-semantics/semantics/builtins.k:160-160	rule intDigAcc(iCons(C:Int, R:IntSeq), ACC:Int) => intDigAcc(R, (ACC *Int 10) +Int (C -Int 48))
supplied_semantics	rule	equational	reference-semantics/semantics/builtins.k:163-163	rule applyBuiltin("zip", list(A:ValSeq), list(B:ValSeq), .Vals) => zipObj(A, B)
supplied_semantics	rule	equational	reference-semantics/semantics/builtins.k:164-164	rule applyBuiltin("zip", str(A:IntSeq), str(B:IntSeq), .Vals)   => zipObjS(A, B)
supplied_semantics	rule	operational	reference-semantics/semantics/builtins.k:167-168	rule <k> #iterNext(zipObj(vCons(A:Val, As:ValSeq), vCons(B:Val, Bs:ValSeq))) => #iterYield(tuple(vCons(A, vCons(B, .ValSeq))), zipObj(As, Bs)) ... </k>
supplied_semantics	rule	operational	reference-semantics/semantics/builtins.k:169-169	rule <k> #iterNext(zipObj(.ValSeq, _:ValSeq))               => #iterDone ... </k>
supplied_semantics	rule	operational	reference-semantics/semantics/builtins.k:170-170	rule <k> #iterNext(zipObj(vCons(_:Val, _:ValSeq), .ValSeq)) => #iterDone ... </k>
supplied_semantics	rule	operational	reference-semantics/semantics/builtins.k:171-172	rule <k> #iterNext(zipObjS(iCons(A:Int, As:IntSeq), iCons(B:Int, Bs:IntSeq))) => #iterYield(tuple(vCons(str(iCons(A, .IntSeq)), vCons(str(iCons(B, .IntSeq)), .ValSeq))), zipObjS(As, Bs)) ... </k>
supplied_semantics	rule	operational	reference-semantics/semantics/builtins.k:173-173	rule <k> #iterNext(zipObjS(.IntSeq, _:IntSeq))              => #iterDone ... </k>
supplied_semantics	rule	operational	reference-semantics/semantics/builtins.k:174-174	rule <k> #iterNext(zipObjS(iCons(_:Int, _:IntSeq), .IntSeq)) => #iterDone ... </k>
supplied_semantics	rule	equational	reference-semantics/semantics/builtins.k:177-177	rule applyBuiltin("range", I:Int, .Vals)               => rangeObj(0, I, 1)
supplied_semantics	rule	equational	reference-semantics/semantics/builtins.k:178-178	rule applyBuiltin("range", A:Int, B:Int, .Vals)        => rangeObj(A, B, 1)
supplied_semantics	rule	equational	reference-semantics/semantics/builtins.k:179-180	rule applyBuiltin("range", A:Int, B:Int, S:Int, .Vals) => rangeObj(A, B, S) requires S =/=Int 0
supplied_semantics	rule	equational	reference-semantics/semantics/builtins.k:187-187	rule applyBuiltin("eval", str(CS:IntSeq), .Vals) => evalArith(CS)
supplied_semantics	syntax	function	reference-semantics/semantics/builtins.k:188-188	syntax Int ::= evalArith(IntSeq) [function]
supplied_semantics	rule	equational	reference-semantics/semantics/builtins.k:189-190	rule evalArith(CS:IntSeq) => firstNdE(passAddE(passMulE(passPowE(tokOps(CS), tokNds(CS)))))
supplied_semantics	syntax	-	reference-semantics/semantics/builtins.k:192-192	syntax OpSeq ::= ".OpSeq" | oCons(String, OpSeq)
supplied_semantics	syntax	function,total	reference-semantics/semantics/builtins.k:194-194	syntax Bool ::= evDigit(Int) [function, total]
supplied_semantics	rule	equational	reference-semantics/semantics/builtins.k:195-195	rule evDigit(C:Int) => C >=Int 48 andBool C <=Int 57
supplied_semantics	syntax	function,total	reference-semantics/semantics/builtins.k:196-196	syntax Bool ::= evHead42(IntSeq) [function, total]
supplied_semantics	rule	equational	reference-semantics/semantics/builtins.k:197-197	rule evHead42(iCons(42, _:IntSeq)) => true
supplied_semantics	rule	owise,equational	reference-semantics/semantics/builtins.k:198-198	rule evHead42(_:IntSeq)            => false [owise]
supplied_semantics	syntax	function,total	reference-semantics/semantics/builtins.k:199-199	syntax Bool ::= evHead47(IntSeq) [function, total]
supplied_semantics	rule	equational	reference-semantics/semantics/builtins.k:200-200	rule evHead47(iCons(47, _:IntSeq)) => true
supplied_semantics	rule	owise,equational	reference-semantics/semantics/builtins.k:201-201	rule evHead47(_:IntSeq)            => false [owise]
supplied_semantics	syntax	function,total	reference-semantics/semantics/builtins.k:203-203	syntax OpSeq ::= tokOps(IntSeq) [function, total]
supplied_semantics	rule	equational	reference-semantics/semantics/builtins.k:204-204	rule tokOps(.IntSeq)                 => .OpSeq
supplied_semantics	rule	equational	reference-semantics/semantics/builtins.k:205-205	rule tokOps(iCons(32, R:IntSeq))     => tokOps(R)
supplied_semantics	rule	equational	reference-semantics/semantics/builtins.k:206-206	rule tokOps(iCons(C:Int, R:IntSeq))  => tokOps(R) requires evDigit(C)
supplied_semantics	rule	equational	reference-semantics/semantics/builtins.k:207-207	rule tokOps(iCons(42, iCons(42, R:IntSeq))) => oCons("**", tokOps(R))
supplied_semantics	rule	equational	reference-semantics/semantics/builtins.k:208-208	rule tokOps(iCons(42, R:IntSeq))     => oCons("*", tokOps(R)) requires notBool evHead42(R)
supplied_semantics	rule	equational	reference-semantics/semantics/builtins.k:209-209	rule tokOps(iCons(47, iCons(47, R:IntSeq))) => oCons("//", tokOps(R))
supplied_semantics	rule	equational	reference-semantics/semantics/builtins.k:210-210	rule tokOps(iCons(47, R:IntSeq))     => oCons("/", tokOps(R)) requires notBool evHead47(R)
supplied_semantics	rule	equational	reference-semantics/semantics/builtins.k:211-211	rule tokOps(iCons(43, R:IntSeq))     => oCons("+", tokOps(R))
supplied_semantics	rule	equational	reference-semantics/semantics/builtins.k:212-212	rule tokOps(iCons(45, R:IntSeq))     => oCons("-", tokOps(R))
supplied_semantics	syntax	function,total	reference-semantics/semantics/builtins.k:214-215	syntax IntSeq ::= tokNds(IntSeq) [function, total] | tokNdAcc(Int, IntSeq) [function, total]
supplied_semantics	rule	equational	reference-semantics/semantics/builtins.k:216-216	rule tokNds(.IntSeq)                => .IntSeq
supplied_semantics	rule	equational	reference-semantics/semantics/builtins.k:217-217	rule tokNds(iCons(32, R:IntSeq))    => tokNds(R)
supplied_semantics	rule	equational	reference-semantics/semantics/builtins.k:218-218	rule tokNds(iCons(C:Int, R:IntSeq)) => tokNdAcc(C -Int 48, R) requires evDigit(C)
supplied_semantics	rule	equational	reference-semantics/semantics/builtins.k:219-220	rule tokNds(iCons(C:Int, R:IntSeq)) => tokNds(R) requires notBool evDigit(C) andBool C =/=Int 32
supplied_semantics	rule	equational	reference-semantics/semantics/builtins.k:221-222	rule tokNdAcc(A:Int, iCons(C:Int, R:IntSeq)) => tokNdAcc(A *Int 10 +Int (C -Int 48), R) requires evDigit(C)
supplied_semantics	rule	owise,equational	reference-semantics/semantics/builtins.k:223-223	rule tokNdAcc(A:Int, S:IntSeq) => iCons(A, tokNds(S)) [owise]
supplied_semantics	syntax	-	reference-semantics/semantics/builtins.k:225-225	syntax EvPair ::= evp(OpSeq, IntSeq)
supplied_semantics	syntax	function,total	reference-semantics/semantics/builtins.k:226-226	syntax Int ::= firstNdE(EvPair) [function, total]
supplied_semantics	rule	equational	reference-semantics/semantics/builtins.k:227-227	rule firstNdE(evp(_:OpSeq, iCons(N:Int, _:IntSeq))) => N
supplied_semantics	rule	owise,equational	reference-semantics/semantics/builtins.k:228-228	rule firstNdE(_:EvPair) => 0 [owise]
supplied_semantics	syntax	function,total	reference-semantics/semantics/builtins.k:230-230	syntax Int ::= applyOpE(String, Int, Int) [function, total]
supplied_semantics	rule	equational	reference-semantics/semantics/builtins.k:231-231	rule applyOpE("+",  A:Int, B:Int) => A +Int B
supplied_semantics	rule	equational	reference-semantics/semantics/builtins.k:232-232	rule applyOpE("-",  A:Int, B:Int) => A -Int B
supplied_semantics	rule	equational	reference-semantics/semantics/builtins.k:233-233	rule applyOpE("*",  A:Int, B:Int) => A *Int B
supplied_semantics	rule	equational	reference-semantics/semantics/builtins.k:234-234	rule applyOpE("//", A:Int, B:Int) => A divInt B
supplied_semantics	rule	equational	reference-semantics/semantics/builtins.k:235-235	rule applyOpE("**", A:Int, B:Int) => A ^Int B
supplied_semantics	rule	owise,equational	reference-semantics/semantics/builtins.k:236-236	rule applyOpE(_:String, A:Int, _:Int) => A [owise]
supplied_semantics	syntax	function,total	reference-semantics/semantics/builtins.k:238-238	syntax EvPair ::= passPowE(OpSeq, IntSeq) [function, total]
supplied_semantics	rule	equational	reference-semantics/semantics/builtins.k:239-239	rule passPowE(.OpSeq, NDS:IntSeq) => evp(.OpSeq, NDS)
supplied_semantics	rule	equational	reference-semantics/semantics/builtins.k:240-240	rule passPowE(oCons("**", OPS:OpSeq), iCons(N:Int, NDS:IntSeq)) => powCombE(N, passPowE(OPS, NDS))
supplied_semantics	rule	equational	reference-semantics/semantics/builtins.k:241-242	rule passPowE(oCons(O:String, OPS:OpSeq), iCons(N:Int, NDS:IntSeq)) => powCarryE(O, N, passPowE(OPS, NDS)) requires O =/=String "**"
supplied_semantics	rule	owise,equational	reference-semantics/semantics/builtins.k:243-243	rule passPowE(_:OpSeq, .IntSeq) => evp(.OpSeq, .IntSeq) [owise]
supplied_semantics	syntax	function,total	reference-semantics/semantics/builtins.k:244-244	syntax EvPair ::= powCombE(Int, EvPair) [function, total]
supplied_semantics	rule	equational	reference-semantics/semantics/builtins.k:245-245	rule powCombE(N:Int, evp(OPS:OpSeq, iCons(M:Int, REST:IntSeq))) => evp(OPS, iCons(N ^Int M, REST))
supplied_semantics	rule	equational	reference-semantics/semantics/builtins.k:246-246	rule powCombE(N:Int, evp(OPS:OpSeq, .IntSeq)) => evp(OPS, iCons(N, .IntSeq))
supplied_semantics	syntax	function,total	reference-semantics/semantics/builtins.k:247-247	syntax EvPair ::= powCarryE(String, Int, EvPair) [function, total]
supplied_semantics	rule	equational	reference-semantics/semantics/builtins.k:248-248	rule powCarryE(O:String, N:Int, evp(OPS:OpSeq, NDS:IntSeq)) => evp(oCons(O, OPS), iCons(N, NDS))
supplied_semantics	syntax	function,total	reference-semantics/semantics/builtins.k:250-250	syntax EvPair ::= passMulE(EvPair) [function, total] | passAddE(EvPair) [function, total]
supplied_semantics	rule	equational	reference-semantics/semantics/builtins.k:251-251	rule passMulE(evp(OPS:OpSeq, iCons(N0:Int, NDS:IntSeq))) => passLGoE("mul", N0, OPS, NDS, .OpSeq, .IntSeq)
supplied_semantics	rule	equational	reference-semantics/semantics/builtins.k:252-252	rule passMulE(evp(OPS:OpSeq, .IntSeq)) => evp(OPS, .IntSeq)
supplied_semantics	rule	equational	reference-semantics/semantics/builtins.k:253-253	rule passAddE(evp(OPS:OpSeq, iCons(N0:Int, NDS:IntSeq))) => passLGoE("add", N0, OPS, NDS, .OpSeq, .IntSeq)
supplied_semantics	rule	equational	reference-semantics/semantics/builtins.k:254-254	rule passAddE(evp(OPS:OpSeq, .IntSeq)) => evp(OPS, .IntSeq)
supplied_semantics	syntax	function,total	reference-semantics/semantics/builtins.k:255-255	syntax EvPair ::= passLGoE(String, Int, OpSeq, IntSeq, OpSeq, IntSeq) [function, total]
supplied_semantics	rule	equational	reference-semantics/semantics/builtins.k:256-256	rule passLGoE(_:String, CUR:Int, .OpSeq, _:IntSeq, OO:OpSeq, ON:IntSeq) => evp(OO, appendIE(ON, CUR))
supplied_semantics	rule	equational	reference-semantics/semantics/builtins.k:257-259	rule passLGoE(L:String, CUR:Int, oCons(O:String, OPS:OpSeq), iCons(N:Int, NDS:IntSeq), OO:OpSeq, ON:IntSeq) => passLGoE(L, applyOpE(O, CUR, N), OPS, NDS, OO, ON) requires inLevelE(L, O)
supplied_semantics	rule	equational	reference-semantics/semantics/builtins.k:260-262	rule passLGoE(L:String, CUR:Int, oCons(O:String, OPS:OpSeq), iCons(N:Int, NDS:IntSeq), OO:OpSeq, ON:IntSeq) => passLGoE(L, N, OPS, NDS, appendOpE(OO, O), appendIE(ON, CUR)) requires notBool inLevelE(L, O)
supplied_semantics	rule	owise,equational	reference-semantics/semantics/builtins.k:263-264	rule passLGoE(_:String, CUR:Int, oCons(_:String, _:OpSeq), .IntSeq, OO:OpSeq, ON:IntSeq) => evp(OO, appendIE(ON, CUR)) [owise]
supplied_semantics	syntax	function,total	reference-semantics/semantics/builtins.k:265-265	syntax Bool ::= inLevelE(String, String) [function, total]
supplied_semantics	rule	equational	reference-semantics/semantics/builtins.k:266-266	rule inLevelE("mul", O:String) => O ==String "*" orBool O ==String "//" orBool O ==String "/"
supplied_semantics	rule	equational	reference-semantics/semantics/builtins.k:267-267	rule inLevelE("add", O:String) => O ==String "+" orBool O ==String "-"
supplied_semantics	rule	owise,equational	reference-semantics/semantics/builtins.k:268-268	rule inLevelE(_:String, _:String) => false [owise]
supplied_semantics	syntax	function,total	reference-semantics/semantics/builtins.k:269-269	syntax OpSeq ::= appendOpE(OpSeq, String) [function, total]
supplied_semantics	rule	equational	reference-semantics/semantics/builtins.k:270-270	rule appendOpE(.OpSeq, O:String) => oCons(O, .OpSeq)
supplied_semantics	rule	equational	reference-semantics/semantics/builtins.k:271-271	rule appendOpE(oCons(H:String, T:OpSeq), O:String) => oCons(H, appendOpE(T, O))
supplied_semantics	syntax	function,total	reference-semantics/semantics/builtins.k:272-272	syntax IntSeq ::= appendIE(IntSeq, Int) [function, total]
supplied_semantics	rule	equational	reference-semantics/semantics/builtins.k:273-273	rule appendIE(.IntSeq, N:Int) => iCons(N, .IntSeq)
supplied_semantics	rule	equational	reference-semantics/semantics/builtins.k:274-274	rule appendIE(iCons(H:Int, T:IntSeq), N:Int) => iCons(H, appendIE(T, N))
supplied_semantics	syntax	-	reference-semantics/semantics/builtins.k:279-279	syntax KItem ::= "#md5"
supplied_semantics	rule	priority,operational	reference-semantics/semantics/builtins.k:280-281	rule <k> Call(Attribute(Name("hashlib"), "md5"), (E:Expr, .Exprs)) => E ~> #md5 ... </k> [priority(40)]
supplied_semantics	rule	operational	reference-semantics/semantics/builtins.k:282-282	rule <k> str(CS:IntSeq) ~> #md5 => md5Obj(CS) ... </k>
supplied_semantics	syntax	-	reference-semantics/semantics/builtins.k:283-283	syntax Val ::= md5Obj(IntSeq)
supplied_semantics	rule	equational	reference-semantics/semantics/builtins.k:284-284	rule applyMethod(md5Obj(CS:IntSeq), "hexdigest", .Vals) => str(md5hexCodes(CS))
supplied_semantics	syntax	function,total,symbol,no-evaluators	reference-semantics/semantics/builtins.k:285-285	syntax IntSeq ::= md5hexCodes(IntSeq) [function, total, symbol(md5hexCodes), no-evaluators]
supplied_semantics	rule	equational	reference-semantics/semantics/builtins.k:291-291	rule applyBuiltin("isinstance", V:Val, typeV("int"), .Vals) => isIntV(V)
supplied_semantics	rule	equational	reference-semantics/semantics/builtins.k:292-292	rule applyBuiltin("isinstance", V:Val, typeV("str"), .Vals) => isStrV(V)
supplied_semantics	syntax	function	reference-semantics/semantics/builtins.k:293-293	syntax Bool ::= isIntV(Val) [function] | isStrV(Val) [function]
supplied_semantics	rule	equational	reference-semantics/semantics/builtins.k:294-294	rule isIntV(_:Int)         => true
supplied_semantics	rule	owise,equational	reference-semantics/semantics/builtins.k:295-295	rule isIntV(_:Val)         => false [owise]
supplied_semantics	rule	equational	reference-semantics/semantics/builtins.k:296-296	rule isStrV(str(_:IntSeq)) => true
supplied_semantics	rule	owise,equational	reference-semantics/semantics/builtins.k:297-297	rule isStrV(_:Val)         => false [owise]
supplied_semantics	rule	operational	reference-semantics/semantics/call.k:16-16	rule <k> Attribute(V:Val, M:String) => boundMethodV(V, M) ... </k>
supplied_semantics	syntax	-	reference-semantics/semantics/call.k:19-19	syntax KItem ::= #callee(Exprs)
supplied_semantics	rule	owise,operational	reference-semantics/semantics/call.k:20-20	rule <k> Call(Fe:Expr, ARGS:Exprs) => Fe ~> #callee(ARGS) ... </k> [owise]
supplied_semantics	rule	operational	reference-semantics/semantics/call.k:21-21	rule <k> CV:Val ~> #callee(ARGS:Exprs) => #evalArgs(ARGS, .Vals, toCall(CV)) ... </k>
supplied_semantics	rule	operational	reference-semantics/semantics/call.k:24-24	rule <k> #applyK(toCall(boundMethodV(OBJ:Val, M:String)), ACC:Vals) => applyMethod(OBJ, M, ACC) ... </k>
supplied_semantics	rule	operational	reference-semantics/semantics/call.k:26-26	rule <k> #applyK(toCall(builtinV("sum")), (OBJ:Iterable, .Vals)) => #sumAcc(OBJ, 0) ... </k>
supplied_semantics	rule	operational	reference-semantics/semantics/call.k:27-27	rule <k> #applyK(toCall(builtinV("all")), (OBJ:Iterable, .Vals)) => #allAcc(OBJ)    ... </k>
supplied_semantics	rule	operational	reference-semantics/semantics/call.k:28-28	rule <k> #applyK(toCall(builtinV("any")), (OBJ:Iterable, .Vals)) => #anyAcc(OBJ)    ... </k>
supplied_semantics	rule	operational	reference-semantics/semantics/call.k:29-29	rule <k> #applyK(toCall(builtinV("max")), (OBJ:Iterable, .Vals)) => #maxAcc0(OBJ)   ... </k>
supplied_semantics	rule	operational	reference-semantics/semantics/call.k:30-30	rule <k> #applyK(toCall(builtinV("min")), (OBJ:Iterable, .Vals)) => #minAcc0(OBJ)   ... </k>
supplied_semantics	rule	owise,operational	reference-semantics/semantics/call.k:31-31	rule <k> #applyK(toCall(builtinV(BN:String)), ACC:Vals) => applyBuiltin(BN, ACC) ... </k> [owise]
supplied_semantics	rule	operational	reference-semantics/semantics/call.k:32-32	rule <k> #applyK(toCall(typeV(T:String)),     ACC:Vals) => applyBuiltin(T, ACC)  ... </k>
supplied_semantics	rule	priority,operational	reference-semantics/semantics/call.k:38-41	rule <k> #applyK(toCall(builtinV(BN:String)), (ref(H:Int), REST:Vals)) => #applyK(toCall(builtinV(BN)), (V, REST)) ... </k> <heap> ... H |-> V:Val ... </heap> [priority(40)]
supplied_semantics	rule	priority,operational	reference-semantics/semantics/call.k:42-46	rule <k> #applyK(toCall(builtinV(BN:String)), (A:Val, ref(H:Int), REST:Vals)) => #applyK(toCall(builtinV(BN)), (A, V, REST)) ... </k> <heap> ... H |-> V:Val ... </heap> requires notBool isRefV(A) [priority(40)]
supplied_semantics	rule	priority,operational	reference-semantics/semantics/call.k:47-50	rule <k> #applyK(toCall(typeV(T:String)), (ref(H:Int), REST:Vals)) => #applyK(toCall(typeV(T)), (V, REST)) ... </k> <heap> ... H |-> V:Val ... </heap> [priority(40)]
supplied_semantics	syntax	function,total	reference-semantics/semantics/call.k:52-52	syntax Bool ::= isMutMethod(String) [function, total]
supplied_semantics	rule	equational	reference-semantics/semantics/call.k:53-55	rule isMutMethod(M:String) => M ==String "append" orBool M ==String "sort" orBool M ==String "extend" orBool M ==String "insert" orBool M ==String "pop" orBool M ==String "remove"
supplied_semantics	rule	priority,operational	reference-semantics/semantics/call.k:56-60	rule <k> #applyK(toCall(boundMethodV(ref(H:Int), M:String)), ACC:Vals) => #applyK(toCall(boundMethodV(V, M)), ACC) ... </k> <heap> ... H |-> V:Val ... </heap> requires notBool isMutMethod(M) [priority(40)]
supplied_semantics	rule	priority,operational	reference-semantics/semantics/call.k:63-67	rule <k> #applyK(toCall(boundMethodV(OBJ:Val, M:String)), (ref(H:Int), REST:Vals)) => #applyK(toCall(boundMethodV(OBJ, M)), (V, REST)) ... </k> <heap> ... H |-> V:Val ... </heap> requires notBool isMutMethod(M) andBool notBool isRefV(OBJ) [priority(40)]
supplied_semantics	rule	operational	reference-semantics/semantics/call.k:69-74	rule <k> #applyK(toCall(closureVal(PNS:ParamNames, BODY:Stmts, DEFL:Int)), ACC:Vals) ~> CONT => #bindP(PNS, ACC) ~> BODY ~> #endcall </k> <env>     CALLERL:Int => NEWL </env> <scopes>   STORE:Map => STORE [ NEWL <- scope(.Map, parent(DEFL)) ] </scopes> <scopeLoc> NEWL:Int => NEWL +Int 1 </scopeLoc> <stack>   .List => ListItem(frame(CONT, CALLERL, NEWL)) ... </stack>
supplied_semantics	rule	operational	reference-semantics/semantics/call.k:80-85	rule <k> #applyK(toCall(closureValC(PNS:ParamNames, CVS:ParamNames, BODY:Stmts, CM:Map)), ACC:Vals) ~> CONT => #allocCells(CVS) ~> #bindP(PNS, ACC) ~> BODY ~> #endcall </k> <env>     CALLERL:Int => NEWL </env> <scopes>   STORE:Map => STORE [ NEWL <- scope(CM [ "$cells" <- cellsMark(CVS) ], parent(0)) ] </scopes> <scopeLoc> NEWL:Int => NEWL +Int 1 </scopeLoc> <stack>   .List => ListItem(frame(CONT, CALLERL, NEWL)) ... </stack>
supplied_semantics	syntax	-	reference-semantics/semantics/call.k:87-87	syntax KItem ::= #allocCells(ParamNames)
supplied_semantics	rule	operational	reference-semantics/semantics/call.k:88-88	rule <k> #allocCells(.ParamNames) => .K ... </k>
supplied_semantics	rule	operational	reference-semantics/semantics/call.k:89-94	rule <k> #allocCells((CV:String, R:ParamNames)) => #allocCells(R) ... </k> <env> L:Int </env> <scopes> ... L |-> scope(M:Map => M [ CV <- cellRef(N) ], _) ... </scopes> <heap>    H:Map => (N |-> cellV(noneV)) H </heap> <heapLoc> N:Int => N +Int 1 </heapLoc> requires notBool N in_keys(H)
supplied_semantics	rule	equational	reference-semantics/semantics/comprehension.k:11-11	rule ListComp(ELT:Expr, Gs:CompFors) => Call(closureExpr(.ParamNames, compBody(Gs, ELT)), .Exprs)
supplied_semantics	rule	equational	reference-semantics/semantics/comprehension.k:12-12	rule GenExp(ELT:Expr, Gs:CompFors)   => Call(closureExpr(.ParamNames, compBody(Gs, ELT)), .Exprs)
supplied_semantics	syntax	macro	reference-semantics/semantics/comprehension.k:14-14	syntax Stmts ::= compBody(CompFors, Expr) [macro]
supplied_semantics	rule	equational	reference-semantics/semantics/comprehension.k:15-16	rule compBody(Gs:CompFors, ELT:Expr) => Assign(Name("$acc"), ListExpr(.Exprs)) compNest(Gs, ELT) Return(Name("$acc"))
supplied_semantics	syntax	macro	reference-semantics/semantics/comprehension.k:18-18	syntax Stmt ::= compNest(CompFors, Expr) [macro-rec]
supplied_semantics	rule	equational	reference-semantics/semantics/comprehension.k:19-20	rule compNest(.CompFors, ELT:Expr) => Assign(Name("$acc"), BinOp("+", Name("$acc"), ListExpr(ELT)))
supplied_semantics	rule	equational	reference-semantics/semantics/comprehension.k:21-22	rule compNest((CompFor(T:Expr, ITER:Expr, Fs:Exprs) GRest:CompFors), ELT:Expr) => For(T, ITER, If(compGuard(Fs), compNest(GRest, ELT), .Stmts))
supplied_semantics	syntax	macro	reference-semantics/semantics/comprehension.k:24-24	syntax Expr ::= compGuard(Exprs) [macro]
supplied_semantics	rule	equational	reference-semantics/semantics/comprehension.k:25-25	rule compGuard(.Exprs)             => Bool(true)
supplied_semantics	rule	equational	reference-semantics/semantics/comprehension.k:26-26	rule compGuard((F:Expr, Fs:Exprs)) => BoolOp("and", (F, Fs))
supplied_semantics	rule	operational	reference-semantics/semantics/concrete.k:13-15	rule <k> Compare(list(A:ValSeq), CmpOp("==", list(B:ValSeq))) => deepEqVS(A, B, HP) ... </k> <heap> HP:Map </heap> requires hasRefVS(A) orBool hasRefVS(B)
supplied_semantics	rule	operational	reference-semantics/semantics/concrete.k:16-18	rule <k> Compare(list(A:ValSeq), CmpOp("!=", list(B:ValSeq))) => notBool deepEqVS(A, B, HP) ... </k> <heap> HP:Map </heap> requires hasRefVS(A) orBool hasRefVS(B)
supplied_semantics	syntax	-	reference-semantics/semantics/concrete.k:25-25	syntax Val ::= kvP(Val, Val)
supplied_semantics	syntax	-	reference-semantics/semantics/concrete.k:26-27	syntax KItem ::= #ksort(ValSeq, Val, ValSeq, Bool) | #ksIns(Val, ValSeq, Val, ValSeq, Bool)
supplied_semantics	rule	priority,operational	reference-semantics/semantics/concrete.k:28-30	rule <k> #applyK(toCall(builtinV("sorted")), (list(VS:ValSeq), kwV("key", KV:Val), .Vals)) => #ksort(VS, KV, .ValSeq, false) ... </k> [priority(40)]
supplied_semantics	rule	priority,operational	reference-semantics/semantics/concrete.k:31-33	rule <k> #applyK(toCall(builtinV("sorted")), (list(VS:ValSeq), kwV("key", KV:Val), kwV("reverse", RB:Bool), .Vals)) => #ksort(VS, KV, .ValSeq, RB) ... </k> [priority(40)]
supplied_semantics	rule	operational	reference-semantics/semantics/concrete.k:34-35	rule <k> #ksort(.ValSeq, _:Val, ACC:ValSeq, RB:Bool) => #alloc(list(condRev(unpairVS(ACC), RB))) ... </k>
supplied_semantics	rule	operational	reference-semantics/semantics/concrete.k:36-37	rule <k> #ksort(vCons(V:Val, R:ValSeq), KV:Val, ACC:ValSeq, RB:Bool) => KV ~> #callee((V, .Exprs)) ~> #ksIns(V, R, KV, ACC, RB) ... </k>
supplied_semantics	rule	operational	reference-semantics/semantics/concrete.k:38-40	rule <k> K:Val ~> #ksIns(V:Val, R:ValSeq, KV:Val, ACC:ValSeq, RB:Bool) => #ksort(R, KV, insPair(ACC, K, V), RB) ... </k> requires notBool isKwV(K)
supplied_semantics	syntax	function	reference-semantics/semantics/concrete.k:42-42	syntax ValSeq ::= insPair(ValSeq, Val, Val) [function]
supplied_semantics	rule	equational	reference-semantics/semantics/concrete.k:43-43	rule insPair(.ValSeq, K:Val, V:Val) => vCons(kvP(K, V), .ValSeq)
supplied_semantics	rule	equational	reference-semantics/semantics/concrete.k:44-46	rule insPair(vCons(kvP(K2:Val, V2:Val), R:ValSeq), K:Val, V:Val) => vCons(kvP(K, V), vCons(kvP(K2, V2), R)) requires kLt(K, K2)
supplied_semantics	rule	equational	reference-semantics/semantics/concrete.k:47-49	rule insPair(vCons(kvP(K2:Val, V2:Val), R:ValSeq), K:Val, V:Val) => vCons(kvP(K2, V2), insPair(R, K, V)) requires notBool kLt(K, K2)
supplied_semantics	syntax	function	reference-semantics/semantics/concrete.k:51-51	syntax Bool ::= kLt(Val, Val) [function]
supplied_semantics	rule	equational	reference-semantics/semantics/concrete.k:52-52	rule kLt(I1:Int, I2:Int)             => I1 <Int I2
supplied_semantics	rule	equational	reference-semantics/semantics/concrete.k:53-53	rule kLt(F1:Float, F2:Float)         => F1 <Float F2
supplied_semantics	rule	equational	reference-semantics/semantics/concrete.k:54-54	rule kLt(str(A:IntSeq), str(B:IntSeq)) => strLt(A, B)
supplied_semantics	syntax	function,total	reference-semantics/semantics/concrete.k:56-56	syntax ValSeq ::= unpairVS(ValSeq) [function, total]
supplied_semantics	rule	equational	reference-semantics/semantics/concrete.k:57-57	rule unpairVS(.ValSeq) => .ValSeq
supplied_semantics	rule	equational	reference-semantics/semantics/concrete.k:58-58	rule unpairVS(vCons(kvP(_:Val, V:Val), R:ValSeq)) => vCons(V, unpairVS(R))
supplied_semantics	rule	owise,equational	reference-semantics/semantics/concrete.k:59-59	rule unpairVS(vCons(V:Val, R:ValSeq)) => vCons(V, unpairVS(R)) [owise]
supplied_semantics	rule	operational	reference-semantics/semantics/controls.k:9-11	rule <k> Assign(Name(X:String), V:Val) => .K ... </k> <env> L:Int </env> <scopes> ... L |-> scope(M:Map => M [ X <- V ], _) ... </scopes>
supplied_semantics	rule	priority,operational	reference-semantics/semantics/controls.k:12-18	rule <k> Assign(Name(X:String), V:Val) => #cellW({M[X]}:>Val, V) ... </k> <env> L:Int </env> <scopes> ... L |-> scope(M:Map, _) ... </scopes> requires "$cells" in_keys(M) andBool pnMember(X, cellsOf({M["$cells"]}:>Val)) andBool X in_keys(M) andBool isCellRef({M[X]}:>Val) [priority(40)]
supplied_semantics	rule	operational	reference-semantics/semantics/controls.k:20-23	rule <k> AugAssign(Name(X:String), OP:String, V:Val) => .K ... </k> <env> L:Int </env> <scopes> ... L |-> scope(M:Map => M [ X <- applyBin(OP, {M[X]}:>Val, V) ], _) ... </scopes> requires X in_keys(M)
supplied_semantics	rule	priority,operational	reference-semantics/semantics/controls.k:27-31	rule <k> AugAssign(Name(X:String), OP:String, V:Val) => Assign(Name(X), BinOp(OP, Name(X), V)) ... </k> <env> L:Int </env> <scopes> ... L |-> scope(M:Map, _) ... </scopes> requires X in_keys(M) andBool isRefV({M[X]}:>Val) [priority(40)]
supplied_semantics	rule	operational	reference-semantics/semantics/controls.k:35-35	rule <k> ImportFrom("math", NS:ParamNames) => #bindImports(NS) ... </k>
supplied_semantics	rule	owise,operational	reference-semantics/semantics/controls.k:36-36	rule <k> ImportFrom(_:String, _:ParamNames) => .K ... </k> [owise]
supplied_semantics	syntax	-	reference-semantics/semantics/controls.k:37-37	syntax KItem ::= #bindImports(ParamNames)
supplied_semantics	rule	operational	reference-semantics/semantics/controls.k:38-38	rule <k> #bindImports(.ParamNames) => .K ... </k>
supplied_semantics	rule	operational	reference-semantics/semantics/controls.k:39-42	rule <k> #bindImports((N:String, NS:ParamNames)) => #bindImports(NS) ... </k> <env> L:Int </env> <scopes> ... L |-> scope(M:Map => M [ N <- builtinV(N) ], _) ... </scopes> requires N ==String "floor" orBool N ==String "ceil"
supplied_semantics	rule	operational	reference-semantics/semantics/controls.k:43-44	rule <k> #bindImports((N:String, NS:ParamNames)) => #bindImports(NS) ... </k> requires notBool (N ==String "floor" orBool N ==String "ceil")
supplied_semantics	rule	operational	reference-semantics/semantics/controls.k:48-48	rule <k> Expr(_:Val) => .K ... </k>
supplied_semantics	syntax	-	reference-semantics/semantics/controls.k:51-51	syntax KItem ::= #branch(Bool, Stmts, Stmts)
supplied_semantics	rule	operational	reference-semantics/semantics/controls.k:52-52	rule <k> If(C:Val, T:Stmts, E:Stmts) => #branch(truthy(C), T, E) ... </k>
supplied_semantics	rule	operational	reference-semantics/semantics/controls.k:53-53	rule <k> #branch(true,  T:Stmts, _:Stmts) => T ... </k>
supplied_semantics	rule	operational	reference-semantics/semantics/controls.k:54-54	rule <k> #branch(false, _:Stmts, E:Stmts) => E ... </k>
supplied_semantics	rule	operational	reference-semantics/semantics/controls.k:57-58	rule <k> IfExp(V:Val, T:Expr, _:Expr) => T ... </k> requires truthy(V)
supplied_semantics	rule	operational	reference-semantics/semantics/controls.k:59-60	rule <k> IfExp(V:Val, _:Expr, E:Expr) => E ... </k> requires notBool truthy(V)
supplied_semantics	syntax	-	reference-semantics/semantics/controls.k:65-67	syntax KItem ::= #loop(Val, Expr, Stmts) | #loopStep(Expr, Stmts) | #while(Expr, Stmts) | #whileCond(Expr, Stmts) | #loopLbl(K) | "#cont" | "#brk"
supplied_semantics	rule	operational	reference-semantics/semantics/controls.k:69-69	rule <k> For(T:Expr, OBJ:Val, B:Stmts) => #loop(OBJ, T, B) ... </k>
supplied_semantics	rule	operational	reference-semantics/semantics/controls.k:71-71	rule <k> #loop(IT:Iterable, T:Expr, B:Stmts) => #iterNext(IT) ~> #loopStep(T, B) ... </k>
supplied_semantics	rule	operational	reference-semantics/semantics/controls.k:72-72	rule <k> #iterDone ~> #loopStep(_:Expr, _:Stmts) => .K ... </k>
supplied_semantics	rule	operational	reference-semantics/semantics/controls.k:73-74	rule <k> #iterYield(V:Val, REST:Iterable) ~> #loopStep(T:Expr, B:Stmts) => #bindTgt(T, V) ~> B ~> #loopLbl(#loop(REST, T, B)) ... </k>
supplied_semantics	rule	operational	reference-semantics/semantics/controls.k:77-77	rule <k> While(C:Expr, B:Stmts) => #while(C, B) ... </k>
supplied_semantics	rule	operational	reference-semantics/semantics/controls.k:78-78	rule <k> #while(C:Expr, B:Stmts) => C ~> #whileCond(C, B) ... </k>
supplied_semantics	rule	operational	reference-semantics/semantics/controls.k:79-80	rule <k> V:Val ~> #whileCond(C:Expr, B:Stmts) => B ~> #loopLbl(#while(C, B)) ... </k> requires truthy(V)
supplied_semantics	rule	operational	reference-semantics/semantics/controls.k:81-82	rule <k> V:Val ~> #whileCond(_C:Expr, _B:Stmts) => .K ... </k> requires notBool truthy(V)
supplied_semantics	rule	operational	reference-semantics/semantics/controls.k:85-85	rule <k> #loopLbl(NEXT:K) => NEXT ... </k>
supplied_semantics	rule	operational	reference-semantics/semantics/controls.k:86-86	rule <k> Continue => #cont ... </k>
supplied_semantics	rule	operational	reference-semantics/semantics/controls.k:87-87	rule <k> Break => #brk ... </k>
supplied_semantics	rule	operational	reference-semantics/semantics/controls.k:88-88	rule <k> #cont ~> #loopLbl(NEXT:K) => NEXT ... </k>
supplied_semantics	rule	owise,operational	reference-semantics/semantics/controls.k:89-89	rule <k> #cont ~> (_:KItem => .K) ... </k> [owise]
supplied_semantics	rule	operational	reference-semantics/semantics/controls.k:90-90	rule <k> #brk ~> #loopLbl(_:K) => .K ... </k>
supplied_semantics	rule	owise,operational	reference-semantics/semantics/controls.k:91-91	rule <k> #brk ~> (_:KItem => .K) ... </k> [owise]
supplied_semantics	rule	priority,operational	reference-semantics/semantics/controls.k:95-97	rule <k> If(ref(H:Int), T:Stmts, E:Stmts) => If(V, T, E) ... </k> <heap> ... H |-> V:Val ... </heap> [priority(40)]
supplied_semantics	rule	priority,operational	reference-semantics/semantics/controls.k:98-100	rule <k> IfExp(ref(H:Int), T:Expr, E:Expr) => IfExp(V, T, E) ... </k> <heap> ... H |-> V:Val ... </heap> [priority(40)]
supplied_semantics	rule	priority,operational	reference-semantics/semantics/controls.k:101-103	rule <k> ref(H:Int) ~> #whileCond(C:Expr, B:Stmts) => V ~> #whileCond(C, B) ... </k> <heap> ... H |-> V:Val ... </heap> [priority(40)]
supplied_semantics	rule	priority,operational	reference-semantics/semantics/controls.k:106-108	rule <k> For(T:Expr, ref(H:Int), B:Stmts) => For(T, V, B) ... </k> <heap> ... H |-> V:Val ... </heap> [priority(40)]
supplied_semantics	syntax	-	reference-semantics/semantics/core.k:13-13	syntax IntSeq ::= ".IntSeq" | iCons(Int, IntSeq)
supplied_semantics	syntax	-	reference-semantics/semantics/core.k:14-14	syntax ValSeq ::= ".ValSeq" | vCons(Val, ValSeq)
supplied_semantics	syntax	-	reference-semantics/semantics/core.k:15-15	syntax Str    ::= str(IntSeq)
supplied_semantics	syntax	-	reference-semantics/semantics/core.k:18-23	syntax Iterable ::= list(ValSeq) | tuple(ValSeq) | Str | rangeObj(Int, Int, Int) | zipObj(ValSeq, ValSeq) | zipObjS(IntSeq, IntSeq)
supplied_semantics	syntax	function	reference-semantics/semantics/core.k:25-34	syntax Val      ::= Int | Bool | "noneV" | Iterable | ref(Int)          // a heap object: <heap> holds its list(VS) | cellRef(Int)      // a closure cell: <heap> holds cellV(V) | closureVal(ParamNames, Stmts, Int) | typeV(String)     // a type object (int/str), resolved from the builtins frame | builtinV(String)  // a builtin function, resolved like any name (LEGB fallthrough) | boundMethodV(Val, String)   // a cooled Attribute: obj.method
supplied_semantics	syntax	-	reference-semantics/semantics/core.k:36-36	syntax Parent   ::= "root" | parent(Int)
supplied_semantics	syntax	-	reference-semantics/semantics/core.k:37-37	syntax Scope    ::= scope(Map, Parent)
supplied_semantics	syntax	-	reference-semantics/semantics/core.k:38-38	syntax KResult  ::= Val
supplied_semantics	syntax	-	reference-semantics/semantics/core.k:39-39	syntax Expr     ::= Val   // cooling puts results back into expression holes
supplied_semantics	syntax	-	reference-semantics/semantics/core.k:40-40	syntax Vals     ::= List{Val, ","}
supplied_semantics	syntax	-	reference-semantics/semantics/core.k:41-41	syntax Exc      ::= "NoExc" | "AssertionError"
supplied_semantics	syntax	-	reference-semantics/semantics/core.k:42-42	syntax RetState ::= "noRet" | retV(Val)
supplied_semantics	configuration	-	reference-semantics/semantics/core.k:49-60	configuration <k>       #loadAll($PGM:Module) </k> <env>     0 </env> <scopes>   0     |-> scope(.Map, parent(-1)) -1    |-> builtinsScope </scopes> <scopeLoc> 1 </scopeLoc> <heap>    .Map </heap> <heapLoc> 0 </heapLoc> <stack>   .List </stack> <ret>     noRet </ret> <exc>     NoExc </exc> <exit-code exit=""> 0 </exit-code>
supplied_semantics	syntax	function,total	reference-semantics/semantics/core.k:68-68	syntax Bool ::= isRefV(Val) [function, total]
supplied_semantics	rule	equational	reference-semantics/semantics/core.k:69-69	rule isRefV(ref(_:Int)) => true
supplied_semantics	rule	owise,equational	reference-semantics/semantics/core.k:70-70	rule isRefV(_:Val)      => false [owise]
supplied_semantics	syntax	-	reference-semantics/semantics/core.k:75-75	syntax HeapVal ::= cellV(Val)
supplied_semantics	syntax	function,total	reference-semantics/semantics/core.k:76-76	syntax Bool ::= isCellRef(Val) [function, total]
supplied_semantics	rule	equational	reference-semantics/semantics/core.k:77-77	rule isCellRef(cellRef(_:Int)) => true
supplied_semantics	rule	owise,equational	reference-semantics/semantics/core.k:78-78	rule isCellRef(_:Val)          => false [owise]
supplied_semantics	rule	priority,operational	reference-semantics/semantics/core.k:85-90	rule <k> cellRef(H:Int) => V ... </k> <env> L:Int </env> <scopes> ... L |-> scope(M:Map, _) ... </scopes> <heap> ... H |-> cellV(V:Val) ... </heap> requires "$cells" in_keys(M) [priority(40)]
supplied_semantics	syntax	-	reference-semantics/semantics/core.k:95-95	syntax Val ::= kwV(String, Val)
supplied_semantics	syntax	-	reference-semantics/semantics/core.k:96-96	syntax KItem ::= #kwTag(String)
supplied_semantics	rule	operational	reference-semantics/semantics/core.k:97-97	rule <k> KwArg(N:String, E:Expr) => E ~> #kwTag(N) ... </k>
supplied_semantics	rule	operational	reference-semantics/semantics/core.k:98-99	rule <k> V:Val ~> #kwTag(N:String) => kwV(N, V) ... </k> requires notBool isKwV(V)
supplied_semantics	syntax	function,total	reference-semantics/semantics/core.k:100-100	syntax Bool ::= isKwV(Val) [function, total]
supplied_semantics	rule	equational	reference-semantics/semantics/core.k:101-101	rule isKwV(kwV(_:String, _:Val)) => true
supplied_semantics	rule	owise,equational	reference-semantics/semantics/core.k:102-102	rule isKwV(_:Val)                => false [owise]
supplied_semantics	syntax	-	reference-semantics/semantics/core.k:106-106	syntax Val ::= cellsMark(ParamNames)
supplied_semantics	syntax	function	reference-semantics/semantics/core.k:107-107	syntax ParamNames ::= cellsOf(Val) [function]
supplied_semantics	rule	equational	reference-semantics/semantics/core.k:108-108	rule cellsOf(cellsMark(CVS:ParamNames)) => CVS
supplied_semantics	syntax	function,total	reference-semantics/semantics/core.k:109-109	syntax Bool ::= pnMember(String, ParamNames) [function, total]
supplied_semantics	rule	equational	reference-semantics/semantics/core.k:110-110	rule pnMember(_:String, .ParamNames) => false
supplied_semantics	rule	equational	reference-semantics/semantics/core.k:111-111	rule pnMember(X:String, (P:String, R:ParamNames)) => X ==String P orBool pnMember(X, R)
supplied_semantics	syntax	-	reference-semantics/semantics/core.k:113-113	syntax KItem ::= #cellW(Val, Val)
supplied_semantics	rule	operational	reference-semantics/semantics/core.k:114-115	rule <k> #cellW(cellRef(H:Int), V:Val) => .K ... </k> <heap> ... H |-> cellV(_:Val => V) ... </heap>
supplied_semantics	syntax	-	reference-semantics/semantics/core.k:117-117	syntax KItem ::= #alloc(Val)
supplied_semantics	rule	operational	reference-semantics/semantics/core.k:118-121	rule <k> #alloc(V:Val) => ref(N) ... </k> <heap>    H:Map => (N |-> V) H </heap> <heapLoc> N:Int => N +Int 1 </heapLoc> requires notBool N in_keys(H)
supplied_semantics	syntax	-	reference-semantics/semantics/core.k:124-124	syntax KItem ::= #loadAll(Module)
supplied_semantics	rule	operational	reference-semantics/semantics/core.k:125-125	rule <k> #loadAll(Module(SS:Stmts)) => SS ... </k>
supplied_semantics	rule	operational	reference-semantics/semantics/core.k:126-126	rule <k> (S:Stmt SS:Stmts):Stmts => S ~> SS ... </k>
supplied_semantics	rule	operational	reference-semantics/semantics/core.k:127-127	rule <k> .Stmts => .K ... </k>
supplied_semantics	syntax	-	reference-semantics/semantics/core.k:130-130	syntax KItem ::= #look(String, Int)
supplied_semantics	rule	operational	reference-semantics/semantics/core.k:131-131	rule <k> Name(X:String) => #look(X, L) ... </k> <env> L:Int </env>
supplied_semantics	rule	operational	reference-semantics/semantics/core.k:132-134	rule <k> #look(X:String, L:Int) => {M[X]}:>Val ... </k> <scopes> ... L |-> scope(M:Map, _:Parent) ... </scopes> requires X in_keys(M)
supplied_semantics	rule	priority,operational	reference-semantics/semantics/core.k:145-151	rule <k> #look(X:String, L:Int) => V ... </k> <scopes> ... L |-> scope(M:Map, _:Parent) ... </scopes> <heap> ... H |-> cellV(V:Val) ... </heap> requires X in_keys(M) andBool "$cells" in_keys(M) andBool pnMember(X, cellsOf({M["$cells"]}:>Val)) andBool {M[X]}:>Val ==K cellRef(H) [priority(40)]
supplied_semantics	rule	operational	reference-semantics/semantics/core.k:152-154	rule <k> #look(X:String, L:Int) => #look(X, P) ... </k> <scopes> ... L |-> scope(M:Map, parent(P:Int)) ... </scopes> requires notBool (X in_keys(M))
supplied_semantics	syntax	function,total	reference-semantics/semantics/core.k:157-157	syntax Scope ::= "builtinsScope" [function, total]
supplied_semantics	rule	equational	reference-semantics/semantics/core.k:158-181	rule builtinsScope => scope(.Map [ "len"    <- builtinV("len")    ] [ "set"    <- builtinV("set")    ] [ "sum"    <- builtinV("sum")    ] [ "abs"    <- builtinV("abs")    ] [ "min"    <- builtinV("min")    ] [ "max"    <- builtinV("max")    ] [ "ord"    <- builtinV("ord")    ] [ "chr"    <- builtinV("chr")    ] [ "range"  <- builtinV("range")  ] [ "all"    <- builtinV("all")    ] [ "any"    <- builtinV("any")    ] [ "zip"    <- builtinV("zip")    ] [ "isinstance" <- builtinV("isinstance") ] [ "sorted" <- builtinV("sorted") ] [ "list"   <- builtinV("list")   ] [ "round"  <- builtinV("round")  ] [ "bin"    <- builtinV("bin")    ] [ "enumerate" <- builtinV("enumerate") ] [ "map"    <- builtinV("map")    ] [ "eval"   <- builtinV("eval")   ] [ "int"    <- typeV("int")       ] [ "str"    <- typeV("str")       ] [ "float"  <- typeV("float")     ], root)
supplied_semantics	syntax	-	reference-semantics/semantics/core.k:185-185	syntax ApplyK ::= toCall(Val)
supplied_semantics	syntax	-	reference-semantics/semantics/core.k:186-188	syntax KItem  ::= #evalArgs(Exprs, Vals, ApplyK) | #evalArgCont(Exprs, Vals, ApplyK) | #applyK(ApplyK, Vals)
supplied_semantics	rule	operational	reference-semantics/semantics/core.k:189-189	rule <k> #evalArgs((A:Expr, REST:Exprs), ACC:Vals, K:ApplyK) => A ~> #evalArgCont(REST, ACC, K) ... </k>
supplied_semantics	rule	operational	reference-semantics/semantics/core.k:190-190	rule <k> V:Val ~> #evalArgCont(REST:Exprs, ACC:Vals, K:ApplyK) => #evalArgs(REST, appendVal(ACC, V), K) ... </k>
supplied_semantics	rule	operational	reference-semantics/semantics/core.k:191-191	rule <k> #evalArgs(.Exprs, ACC:Vals, K:ApplyK) => #applyK(K, ACC) ... </k>
supplied_semantics	rule	operational	reference-semantics/semantics/core.k:194-194	rule <k> Int(I:Int)   => I ... </k>
supplied_semantics	rule	operational	reference-semantics/semantics/core.k:195-195	rule <k> Bool(B:Bool) => B ... </k>
supplied_semantics	rule	operational	reference-semantics/semantics/core.k:196-196	rule <k> NoneVal      => noneV ... </k>
supplied_semantics	syntax	function	reference-semantics/semantics/core.k:199-199	syntax Bool ::= truthy(Val) [function]
supplied_semantics	rule	equational	reference-semantics/semantics/core.k:200-200	rule truthy(B:Bool)          => B
supplied_semantics	rule	equational	reference-semantics/semantics/core.k:201-201	rule truthy(noneV)           => false
supplied_semantics	rule	equational	reference-semantics/semantics/core.k:202-202	rule truthy(I:Int)           => I =/=Int 0
supplied_semantics	rule	equational	reference-semantics/semantics/core.k:203-203	rule truthy(str(S:IntSeq))   => notBool (S ==K .IntSeq)
supplied_semantics	rule	equational	reference-semantics/semantics/core.k:204-204	rule truthy(list(V:ValSeq))  => notBool (V ==K .ValSeq)
supplied_semantics	rule	equational	reference-semantics/semantics/core.k:205-205	rule truthy(tuple(V:ValSeq)) => notBool (V ==K .ValSeq)
supplied_semantics	syntax	function	reference-semantics/semantics/core.k:208-208	syntax Val  ::= applyUn(String, Val) [function]
supplied_semantics	syntax	function	reference-semantics/semantics/core.k:209-209	syntax Val  ::= applyBin(String, Val, Val) [function]
supplied_semantics	syntax	function	reference-semantics/semantics/core.k:210-210	syntax Bool ::= applyCmp(String, Val, Val) [function]
supplied_semantics	syntax	function,total	reference-semantics/semantics/core.k:213-213	syntax Vals ::= appendVal(Vals, Val) [function, total]
supplied_semantics	rule	equational	reference-semantics/semantics/core.k:214-214	rule appendVal(.Vals, V:Val)              => V , .Vals
supplied_semantics	rule	equational	reference-semantics/semantics/core.k:215-215	rule appendVal((V0:Val, VS:Vals), V:Val)  => V0 , appendVal(VS, V)
supplied_semantics	syntax	function,total	reference-semantics/semantics/core.k:217-217	syntax ValSeq ::= vals2valSeq(Vals) [function, total]
supplied_semantics	rule	equational	reference-semantics/semantics/core.k:218-218	rule vals2valSeq(.Vals)            => .ValSeq
supplied_semantics	rule	equational	reference-semantics/semantics/core.k:219-219	rule vals2valSeq((V:Val, VS:Vals)) => vCons(V, vals2valSeq(VS))
supplied_semantics	syntax	function,total	reference-semantics/semantics/core.k:223-223	syntax Int ::= vsLen(ValSeq) [function, total]
supplied_semantics	rule	equational	reference-semantics/semantics/core.k:224-224	rule vsLen(.ValSeq)                => 0
supplied_semantics	rule	equational	reference-semantics/semantics/core.k:225-225	rule vsLen(vCons(_:Val, S:ValSeq)) => 1 +Int vsLen(S)
supplied_semantics	syntax	function,total	reference-semantics/semantics/core.k:227-227	syntax Int ::= isLen(IntSeq) [function, total]
supplied_semantics	rule	equational	reference-semantics/semantics/core.k:228-228	rule isLen(.IntSeq)                => 0
supplied_semantics	rule	equational	reference-semantics/semantics/core.k:229-229	rule isLen(iCons(_:Int, S:IntSeq)) => 1 +Int isLen(S)
supplied_semantics	syntax	function,total	reference-semantics/semantics/core.k:233-233	syntax ValSeq ::= setVSAt(ValSeq, Int, Val) [function, total]
supplied_semantics	rule	equational	reference-semantics/semantics/core.k:234-234	rule setVSAt(.ValSeq, _:Int, _:Val)               => .ValSeq
supplied_semantics	rule	equational	reference-semantics/semantics/core.k:235-235	rule setVSAt(vCons(_:Val, S:ValSeq), 0, V:Val)    => vCons(V, S)
supplied_semantics	rule	equational	reference-semantics/semantics/core.k:236-237	rule setVSAt(vCons(W:Val, S:ValSeq), I:Int, V:Val) => vCons(W, setVSAt(S, I -Int 1, V)) requires I >Int 0
supplied_semantics	rule	equational	reference-semantics/semantics/core.k:238-239	rule setVSAt(VS:ValSeq, I:Int, _:Val)             => VS requires I <Int 0
supplied_semantics	syntax	-	reference-semantics/semantics/dict.k:20-20	syntax Val ::= dictV(ValSeq, ValSeq)
supplied_semantics	syntax	-	reference-semantics/semantics/dict.k:23-25	syntax KItem ::= #dictAcc(Entries, ValSeq, ValSeq) | #dictKey(Expr, Entries, ValSeq, ValSeq) | #dictVal(Val, Entries, ValSeq, ValSeq)
supplied_semantics	rule	operational	reference-semantics/semantics/dict.k:26-26	rule <k> DictExpr(ES:Entries) => #dictAcc(ES, .ValSeq, .ValSeq) ... </k>
supplied_semantics	rule	operational	reference-semantics/semantics/dict.k:27-27	rule <k> #dictAcc(.Entries, KS:ValSeq, VS:ValSeq) => dictV(KS, VS) ... </k>
supplied_semantics	rule	operational	reference-semantics/semantics/dict.k:28-29	rule <k> #dictAcc((Entry(K:Expr, V:Expr), REST:Entries), KS:ValSeq, VS:ValSeq) => K ~> #dictKey(V, REST, KS, VS) ... </k>
supplied_semantics	rule	operational	reference-semantics/semantics/dict.k:30-31	rule <k> KV:Val ~> #dictKey(V:Expr, REST:Entries, KS:ValSeq, VS:ValSeq) => V ~> #dictVal(KV, REST, KS, VS) ... </k>
supplied_semantics	rule	operational	reference-semantics/semantics/dict.k:32-33	rule <k> VV:Val ~> #dictVal(KV:Val, REST:Entries, KS:ValSeq, VS:ValSeq) => #dictAcc(REST, dPutK(KS, KV), dPutV(KS, VS, KV, VV)) ... </k>
supplied_semantics	syntax	function,total	reference-semantics/semantics/dict.k:37-37	syntax Bool ::= dHasKey(ValSeq, Val) [function, total]
supplied_semantics	rule	equational	reference-semantics/semantics/dict.k:38-38	rule dHasKey(.ValSeq, _:Val)                => false
supplied_semantics	rule	equational	reference-semantics/semantics/dict.k:39-39	rule dHasKey(vCons(A:Val, _:ValSeq), K:Val) => true          requires A ==K K
supplied_semantics	rule	equational	reference-semantics/semantics/dict.k:40-40	rule dHasKey(vCons(A:Val, R:ValSeq), K:Val) => dHasKey(R, K) requires notBool (A ==K K)
supplied_semantics	syntax	function,total	reference-semantics/semantics/dict.k:43-43	syntax ValSeq ::= dPutK(ValSeq, Val) [function, total]
supplied_semantics	rule	equational	reference-semantics/semantics/dict.k:44-44	rule dPutK(KS:ValSeq, K:Val) => KS                                  requires dHasKey(KS, K)
supplied_semantics	rule	equational	reference-semantics/semantics/dict.k:45-45	rule dPutK(KS:ValSeq, K:Val) => valSeqConcat(KS, vCons(K, .ValSeq)) requires notBool dHasKey(KS, K)
supplied_semantics	syntax	function,total	reference-semantics/semantics/dict.k:49-49	syntax ValSeq ::= dPutV(ValSeq, ValSeq, Val, Val) [function, total]
supplied_semantics	rule	equational	reference-semantics/semantics/dict.k:50-51	rule dPutV(vCons(A:Val, _:ValSeq), vCons(_:Val, VR:ValSeq), K:Val, V:Val)  => vCons(V, VR) requires A ==K K
supplied_semantics	rule	equational	reference-semantics/semantics/dict.k:52-53	rule dPutV(vCons(A:Val, KR:ValSeq), vCons(B:Val, VR:ValSeq), K:Val, V:Val) => vCons(B, dPutV(KR, VR, K, V)) requires notBool (A ==K K)
supplied_semantics	rule	owise,equational	reference-semantics/semantics/dict.k:54-54	rule dPutV(_KS:ValSeq, VS:ValSeq, _K:Val, V:Val) => valSeqConcat(VS, vCons(V, .ValSeq)) [owise]
supplied_semantics	rule	priority,operational	reference-semantics/semantics/dict.k:58-60	rule <k> #applyK(toCall(boundMethodV(dictV(KS:ValSeq, _:ValSeq), "keys")), .Vals) => #alloc(list(KS)) ... </k> [priority(40)]
supplied_semantics	rule	equational	reference-semantics/semantics/dict.k:63-63	rule applyIndexD(dictV(KS:ValSeq, VS:ValSeq), K:Val) => dGet(KS, VS, K)
supplied_semantics	syntax	function	reference-semantics/semantics/dict.k:64-64	syntax Val ::= applyIndexD(Val, Val) [function]
supplied_semantics	rule	priority,operational	reference-semantics/semantics/dict.k:65-66	rule <k> Subscript(dictV(KS:ValSeq, VS:ValSeq), K:Val) => applyIndexD(dictV(KS, VS), K) ... </k> [priority(45)]
supplied_semantics	syntax	function	reference-semantics/semantics/dict.k:70-70	syntax Val ::= dictSet(Val, Val, Val) [function]
supplied_semantics	rule	equational	reference-semantics/semantics/dict.k:71-71	rule dictSet(dictV(KS:ValSeq, VS:ValSeq), K:Val, V:Val) => dictV(dPutK(KS, K), dPutV(KS, VS, K, V))
supplied_semantics	syntax	-	reference-semantics/semantics/dict.k:76-76	syntax KItem ::= #dsetK(String, Val)
supplied_semantics	rule	operational	reference-semantics/semantics/dict.k:77-77	rule <k> Assign(Subscript(Name(X:String), K:Expr), VV:Val) => K ~> #dsetK(X, VV) ... </k>
supplied_semantics	rule	operational	reference-semantics/semantics/dict.k:78-81	rule <k> KV:Val ~> #dsetK(X:String, VV:Val) => .K ... </k> <env> L:Int </env> <scopes> ... L |-> scope(M:Map => M [ X <- dictSet({M[X]}:>Val, KV, VV) ], _) ... </scopes> requires X in_keys(M) andBool notBool isRefV({M[X]}:>Val)
supplied_semantics	rule	operational	reference-semantics/semantics/dict.k:82-85	rule <k> KV:Val ~> #dsetK(X:String, VV:Val) => #dsetV({M[X]}:>Val, KV, VV) ... </k> <env> L:Int </env> <scopes> ... L |-> scope(M:Map, _) ... </scopes> requires X in_keys(M) andBool isRefV({M[X]}:>Val)
supplied_semantics	syntax	-	reference-semantics/semantics/dict.k:86-86	syntax KItem ::= #dsetV(Val, Val, Val)
supplied_semantics	rule	operational	reference-semantics/semantics/dict.k:87-88	rule <k> #dsetV(ref(H:Int), I:Int, VV:Val) => .K ... </k> <heap> ... H |-> list(VS:ValSeq => setVSAt(VS, normIdxD(I, vsLen(VS)), VV)) ... </heap>
supplied_semantics	syntax	function,total	reference-semantics/semantics/dict.k:90-90	syntax Int ::= normIdxD(Int, Int) [function, total]
supplied_semantics	rule	equational	reference-semantics/semantics/dict.k:91-91	rule normIdxD(I:Int, LEN:Int) => I +Int LEN requires I  <Int 0
supplied_semantics	rule	equational	reference-semantics/semantics/dict.k:92-92	rule normIdxD(I:Int, _:Int)   => I          requires I >=Int 0
supplied_semantics	rule	equational	reference-semantics/semantics/dict.k:95-96	rule applyCmp("==", dictV(KS1:ValSeq, VS1:ValSeq), dictV(KS2:ValSeq, VS2:ValSeq)) => (vsLen(KS1) ==Int vsLen(KS2)) andBool dSubset(KS1, VS1, KS2, VS2)
supplied_semantics	syntax	function	reference-semantics/semantics/dict.k:97-97	syntax Bool ::= dSubset(ValSeq, ValSeq, ValSeq, ValSeq) [function]
supplied_semantics	rule	equational	reference-semantics/semantics/dict.k:98-98	rule dSubset(.ValSeq, .ValSeq, _:ValSeq, _:ValSeq) => true
supplied_semantics	rule	equational	reference-semantics/semantics/dict.k:99-100	rule dSubset(vCons(K:Val, KR:ValSeq), vCons(V:Val, VR:ValSeq), KS2:ValSeq, VS2:ValSeq) => dHasKey(KS2, K) andBool (dGet(KS2, VS2, K) ==K V) andBool dSubset(KR, VR, KS2, VS2)
supplied_semantics	syntax	function	reference-semantics/semantics/dict.k:101-101	syntax Val ::= dGet(ValSeq, ValSeq, Val) [function]
supplied_semantics	rule	equational	reference-semantics/semantics/dict.k:102-102	rule dGet(vCons(A:Val, _:ValSeq), vCons(B:Val, _:ValSeq), K:Val) => B                requires A ==K K
supplied_semantics	rule	equational	reference-semantics/semantics/dict.k:103-103	rule dGet(vCons(A:Val, KR:ValSeq), vCons(_:Val, VR:ValSeq), K:Val) => dGet(KR, VR, K) requires notBool (A ==K K)
supplied_semantics	syntax	-	reference-semantics/semantics/float.k:20-20	syntax Val ::= Float
supplied_semantics	rule	operational	reference-semantics/semantics/float.k:21-21	rule <k> Float(F:Float) => F ... </k>
supplied_semantics	syntax	function,total,symbol,no-evaluators	reference-semantics/semantics/float.k:24-24	syntax Float ::= intFloatDiv(Int, Float) [function, total, symbol(intFloatDiv), no-evaluators]
supplied_semantics	rule	equational	reference-semantics/semantics/float.k:25-25	rule intFloatDiv(I:Int, F:Float) => Int2Float(I, 53, 11) /Float F [concrete]
supplied_semantics	rule	equational	reference-semantics/semantics/float.k:27-27	rule applyBin("/", I:Int, F:Float) => intFloatDiv(I, F)
supplied_semantics	syntax	function,total,symbol,no-evaluators	reference-semantics/semantics/float.k:30-30	syntax Float ::= divII(Int, Int) [function, total, symbol(divII), no-evaluators]
supplied_semantics	rule	equational	reference-semantics/semantics/float.k:31-31	rule divII(I1:Int, I2:Int) => Int2Float(I1, 53, 11) /Float Int2Float(I2, 53, 11) [concrete]
supplied_semantics	rule	equational	reference-semantics/semantics/float.k:32-32	rule applyBin("/", I1:Int, I2:Int) => divII(I1, I2)
supplied_semantics	syntax	function,total,symbol,no-evaluators	reference-semantics/semantics/float.k:37-37	syntax Float ::= floatMod(Float, Float) [function, total, symbol(floatMod), no-evaluators]
supplied_semantics	rule	equational	reference-semantics/semantics/float.k:38-38	rule floatMod(F1:Float, F2:Float) => F1 -Float (floorFloat(F1 /Float F2) *Float F2) [concrete]
supplied_semantics	rule	equational	reference-semantics/semantics/float.k:39-39	rule applyBin("%", F1:Float, F2:Float) => floatMod(F1, F2)
supplied_semantics	rule	equational	reference-semantics/semantics/float.k:43-43	rule applyCmp("==", F1:Float, F2:Float) => F1 ==Float F2
supplied_semantics	rule	equational	reference-semantics/semantics/float.k:44-44	rule applyCmp("!=", F1:Float, F2:Float) => notBool (F1 ==Float F2)
supplied_semantics	syntax	function,total,symbol,no-evaluators	reference-semantics/semantics/float.k:50-50	syntax Bool ::= floatLt(Float, Float) [function, total, symbol(floatLt), no-evaluators]
supplied_semantics	rule	equational	reference-semantics/semantics/float.k:51-51	rule floatLt(F1:Float, F2:Float) => F1 <Float F2 [concrete]
supplied_semantics	rule	equational	reference-semantics/semantics/float.k:52-52	rule applyCmp("<", F1:Float, F2:Float) => floatLt(F1, F2)
supplied_semantics	syntax	function,total,symbol,no-evaluators	reference-semantics/semantics/float.k:54-54	syntax Float ::= absF(Float) [function, total, symbol(absF), no-evaluators]
supplied_semantics	rule	equational	reference-semantics/semantics/float.k:55-55	rule absF(F:Float) => absFloat(F) [concrete]
supplied_semantics	rule	equational	reference-semantics/semantics/float.k:56-56	rule applyBuiltin("abs", F:Float, .Vals) => absF(F)
supplied_semantics	rule	operational	reference-semantics/semantics/float.k:61-61	rule <k> Import(_:String) => .K ... </k>
supplied_semantics	syntax	-	reference-semantics/semantics/float.k:65-65	syntax KItem ::= "#mathCeil"
supplied_semantics	rule	priority,operational	reference-semantics/semantics/float.k:66-66	rule <k> Call(Attribute(Name("math"), "ceil"), (E:Expr, .Exprs)) => E ~> #mathCeil ... </k> [priority(40)]
supplied_semantics	rule	operational	reference-semantics/semantics/float.k:67-67	rule <k> V:Val ~> #mathCeil => ceilF(V) ... </k>
supplied_semantics	syntax	-	reference-semantics/semantics/float.k:70-70	syntax KItem ::= "#mathFloor"
supplied_semantics	rule	priority,operational	reference-semantics/semantics/float.k:71-71	rule <k> Call(Attribute(Name("math"), "floor"), (E:Expr, .Exprs)) => E ~> #mathFloor ... </k> [priority(40)]
supplied_semantics	rule	operational	reference-semantics/semantics/float.k:72-72	rule <k> V:Val ~> #mathFloor => floorFI(V) ... </k>
supplied_semantics	syntax	function,total,symbol	reference-semantics/semantics/float.k:73-73	syntax Int ::= floorFI(Val) [function, total, symbol(floorFI)]
supplied_semantics	rule	equational	reference-semantics/semantics/float.k:74-74	rule floorFI(I:Int)   => I                        [concrete]
supplied_semantics	rule	equational	reference-semantics/semantics/float.k:75-75	rule floorFI(F:Float) => Float2Int(floorFloat(F)) [concrete]
supplied_semantics	rule	equational	reference-semantics/semantics/float.k:78-78	rule applyBuiltin("floor", V:Val, .Vals) => floorFI(V)
supplied_semantics	rule	equational	reference-semantics/semantics/float.k:79-79	rule applyBuiltin("ceil",  V:Val, .Vals) => ceilF(V)
supplied_semantics	syntax	-	reference-semantics/semantics/float.k:82-82	syntax KItem ::= #mathPow1(Expr) | #mathPow2(Val)
supplied_semantics	rule	priority,operational	reference-semantics/semantics/float.k:83-83	rule <k> Call(Attribute(Name("math"), "pow"), (E1:Expr, E2:Expr, .Exprs)) => E1 ~> #mathPow1(E2) ... </k> [priority(40)]
supplied_semantics	rule	operational	reference-semantics/semantics/float.k:84-84	rule <k> V1:Val ~> #mathPow1(E2:Expr) => E2 ~> #mathPow2(V1) ... </k>
supplied_semantics	rule	operational	reference-semantics/semantics/float.k:85-85	rule <k> V2:Val ~> #mathPow2(V1:Val) => powF(toF(V1), toF(V2)) ... </k>
supplied_semantics	syntax	function,total,symbol	reference-semantics/semantics/float.k:86-86	syntax Float ::= toF(Val) [function, total, symbol(toF)]
supplied_semantics	rule	equational	reference-semantics/semantics/float.k:87-87	rule toF(F:Float) => F        [concrete]
supplied_semantics	rule	equational	reference-semantics/semantics/float.k:88-88	rule toF(I:Int)   => intToF(I) [concrete]
supplied_semantics	syntax	function,total,symbol	reference-semantics/semantics/float.k:93-93	syntax Int ::= ceilF(Val) [function, total, symbol(ceilF)]
supplied_semantics	rule	equational	reference-semantics/semantics/float.k:94-94	rule ceilF(I:Int)   => I                       [concrete]
supplied_semantics	rule	equational	reference-semantics/semantics/float.k:95-95	rule ceilF(F:Float) => Float2Int(ceilFloat(F)) [concrete]
supplied_semantics	rule	equational	reference-semantics/semantics/float.k:99-99	rule applyUn("-", F:Float) => 0.0 -Float F
supplied_semantics	syntax	function,total,symbol,no-evaluators	reference-semantics/semantics/float.k:103-103	syntax Float ::= subF(Float, Float) [function, total, symbol(subF), no-evaluators]
supplied_semantics	rule	equational	reference-semantics/semantics/float.k:104-104	rule subF(F1:Float, F2:Float) => F1 -Float F2 [concrete]
supplied_semantics	rule	equational	reference-semantics/semantics/float.k:105-105	rule applyBin("-", F1:Float, F2:Float) => subF(F1, F2)
supplied_semantics	syntax	function,total,symbol,no-evaluators	reference-semantics/semantics/float.k:107-107	syntax Float ::= divF(Float, Float) [function, total, symbol(divF), no-evaluators]
supplied_semantics	rule	equational	reference-semantics/semantics/float.k:108-108	rule divF(F1:Float, F2:Float) => F1 /Float F2 [concrete]
supplied_semantics	rule	equational	reference-semantics/semantics/float.k:109-109	rule applyBin("/", F1:Float, F2:Float) => divF(F1, F2)
supplied_semantics	syntax	function,total,symbol,no-evaluators	reference-semantics/semantics/float.k:111-111	syntax Float ::= addF(Float, Float) [function, total, symbol(addF), no-evaluators]
supplied_semantics	rule	equational	reference-semantics/semantics/float.k:112-112	rule addF(F1:Float, F2:Float) => F1 +Float F2 [concrete]
supplied_semantics	rule	equational	reference-semantics/semantics/float.k:113-113	rule applyBin("+", F1:Float, F2:Float) => addF(F1, F2)
supplied_semantics	syntax	function,total,symbol,no-evaluators	reference-semantics/semantics/float.k:115-115	syntax Float ::= mulF(Float, Float) [function, total, symbol(mulF), no-evaluators]
supplied_semantics	rule	equational	reference-semantics/semantics/float.k:116-116	rule mulF(F1:Float, F2:Float) => F1 *Float F2 [concrete]
supplied_semantics	rule	equational	reference-semantics/semantics/float.k:117-117	rule applyBin("*", F1:Float, F2:Float) => mulF(F1, F2)
supplied_semantics	syntax	function,total,symbol,no-evaluators	reference-semantics/semantics/float.k:119-119	syntax Float ::= powF(Float, Float) [function, total, symbol(powF), no-evaluators]
supplied_semantics	rule	equational	reference-semantics/semantics/float.k:120-120	rule powF(F1:Float, F2:Float) => F1 ^Float F2 [concrete]
supplied_semantics	rule	equational	reference-semantics/semantics/float.k:121-121	rule applyBin("**", F1:Float, F2:Float) => powF(F1, F2)
supplied_semantics	syntax	function,total,symbol,no-evaluators	reference-semantics/semantics/float.k:125-125	syntax Bool ::= gtF(Float, Float) [function, total, symbol(gtF), no-evaluators]
supplied_semantics	rule	equational	reference-semantics/semantics/float.k:126-126	rule gtF(F1:Float, F2:Float) => F1 >Float F2 [concrete]
supplied_semantics	rule	equational	reference-semantics/semantics/float.k:127-127	rule applyCmp(">",  F1:Float, F2:Float) => gtF(F1, F2)
supplied_semantics	rule	equational	reference-semantics/semantics/float.k:128-128	rule applyCmp(">=", F1:Float, F2:Float) => notBool floatLt(F1, F2)
supplied_semantics	rule	equational	reference-semantics/semantics/float.k:129-129	rule applyCmp("<=", F1:Float, F2:Float) => notBool gtF(F1, F2)
supplied_semantics	rule	equational	reference-semantics/semantics/float.k:132-132	rule applyBin("**", I:Int, F:Float) => powF(intToF(I), F)
supplied_semantics	rule	equational	reference-semantics/semantics/float.k:133-133	rule applyBin("**", F:Float, I:Int) => powF(F, intToF(I))
supplied_semantics	rule	equational	reference-semantics/semantics/float.k:134-134	rule applyBin("-",  I:Int, F:Float) => subF(intToF(I), F)
supplied_semantics	rule	equational	reference-semantics/semantics/float.k:135-135	rule applyBin("-",  F:Float, I:Int) => subF(F, intToF(I))
supplied_semantics	rule	equational	reference-semantics/semantics/float.k:136-136	rule applyBin("+",  I:Int, F:Float) => addF(intToF(I), F)
supplied_semantics	rule	equational	reference-semantics/semantics/float.k:137-137	rule applyBin("+",  F:Float, I:Int) => addF(F, intToF(I))
supplied_semantics	rule	equational	reference-semantics/semantics/float.k:138-138	rule applyBin("*",  I:Int, F:Float) => mulF(intToF(I), F)
supplied_semantics	rule	equational	reference-semantics/semantics/float.k:139-139	rule applyBin("*",  F:Float, I:Int) => mulF(F, intToF(I))
supplied_semantics	syntax	function,total,symbol,no-evaluators	reference-semantics/semantics/float.k:142-142	syntax Bool ::= eqF(Float, Float) [function, total, symbol(eqF), no-evaluators]
supplied_semantics	rule	equational	reference-semantics/semantics/float.k:143-143	rule eqF(F1:Float, F2:Float) => F1 ==Float F2 [concrete]
supplied_semantics	rule	equational	reference-semantics/semantics/float.k:144-144	rule applyCmp("==", I:Int, F:Float) => eqF(intToF(I), F)
supplied_semantics	rule	equational	reference-semantics/semantics/float.k:145-145	rule applyCmp("==", F:Float, I:Int) => eqF(F, intToF(I))
supplied_semantics	rule	equational	reference-semantics/semantics/float.k:146-146	rule applyCmp("!=", I:Int, F:Float) => notBool eqF(intToF(I), F)
supplied_semantics	rule	equational	reference-semantics/semantics/float.k:147-147	rule applyCmp("!=", F:Float, I:Int) => notBool eqF(F, intToF(I))
supplied_semantics	rule	equational	reference-semantics/semantics/float.k:148-148	rule applyCmp("<",  I:Int, F:Float) => floatLt(intToF(I), F)
supplied_semantics	rule	equational	reference-semantics/semantics/float.k:149-149	rule applyCmp("<",  F:Float, I:Int) => floatLt(F, intToF(I))
supplied_semantics	rule	equational	reference-semantics/semantics/float.k:150-150	rule applyCmp(">",  I:Int, F:Float) => gtF(intToF(I), F)
supplied_semantics	rule	equational	reference-semantics/semantics/float.k:151-151	rule applyCmp(">",  F:Float, I:Int) => gtF(F, intToF(I))
supplied_semantics	rule	equational	reference-semantics/semantics/float.k:154-154	rule applyCmp("==", V:Val, noneV) => V ==K noneV
supplied_semantics	rule	equational	reference-semantics/semantics/float.k:155-155	rule applyCmp("!=", V:Val, noneV) => notBool (V ==K noneV)
supplied_semantics	syntax	function,total,symbol,no-evaluators	reference-semantics/semantics/float.k:160-160	syntax Float ::= decStrToF(IntSeq) [function, total, symbol(decStrToF), no-evaluators]
supplied_semantics	rule	equational	reference-semantics/semantics/float.k:161-161	rule decStrToF(iCons(45, CS:IntSeq)) => 0.0 -Float decStrToF(CS) [concrete]
supplied_semantics	rule	equational	reference-semantics/semantics/float.k:162-164	rule decStrToF(CS:IntSeq) => intToF(intPart(CS)) +Float (intToF(fracPart(CS)) /Float intToF(fracScale(CS))) requires isLen(CS) >Int 0 andBool headIS(CS) =/=Int 45 [concrete]
supplied_semantics	syntax	function	reference-semantics/semantics/float.k:165-165	syntax Int ::= headIS(IntSeq) [function]
supplied_semantics	rule	equational	reference-semantics/semantics/float.k:166-166	rule headIS(iCons(C:Int, _:IntSeq)) => C
supplied_semantics	syntax	function,total	reference-semantics/semantics/float.k:167-167	syntax Int ::= intPart(IntSeq) [function, total] | intPartAcc(IntSeq, Int) [function, total]
supplied_semantics	rule	equational	reference-semantics/semantics/float.k:168-168	rule intPart(CS:IntSeq) => intPartAcc(CS, 0)
supplied_semantics	rule	equational	reference-semantics/semantics/float.k:169-169	rule intPartAcc(.IntSeq, A:Int) => A
supplied_semantics	rule	equational	reference-semantics/semantics/float.k:170-170	rule intPartAcc(iCons(46, _:IntSeq), A:Int) => A
supplied_semantics	rule	equational	reference-semantics/semantics/float.k:171-172	rule intPartAcc(iCons(C:Int, R:IntSeq), A:Int) => intPartAcc(R, A *Int 10 +Int (C -Int 48)) requires C =/=Int 46
supplied_semantics	syntax	function,total	reference-semantics/semantics/float.k:173-173	syntax Int ::= fracPart(IntSeq) [function, total] | fracAcc(IntSeq, Int) [function, total]
supplied_semantics	rule	equational	reference-semantics/semantics/float.k:174-174	rule fracPart(.IntSeq) => 0
supplied_semantics	rule	equational	reference-semantics/semantics/float.k:175-175	rule fracPart(iCons(46, R:IntSeq)) => fracAcc(R, 0)
supplied_semantics	rule	equational	reference-semantics/semantics/float.k:176-176	rule fracPart(iCons(C:Int, R:IntSeq)) => fracPart(R) requires C =/=Int 46
supplied_semantics	rule	equational	reference-semantics/semantics/float.k:177-177	rule fracAcc(.IntSeq, A:Int) => A
supplied_semantics	rule	equational	reference-semantics/semantics/float.k:178-178	rule fracAcc(iCons(C:Int, R:IntSeq), A:Int) => fracAcc(R, A *Int 10 +Int (C -Int 48))
supplied_semantics	syntax	function,total	reference-semantics/semantics/float.k:179-179	syntax Int ::= fracScale(IntSeq) [function, total] | fscAcc(IntSeq, Int) [function, total]
supplied_semantics	rule	equational	reference-semantics/semantics/float.k:180-180	rule fracScale(.IntSeq) => 1
supplied_semantics	rule	equational	reference-semantics/semantics/float.k:181-181	rule fracScale(iCons(46, R:IntSeq)) => fscAcc(R, 1)
supplied_semantics	rule	equational	reference-semantics/semantics/float.k:182-182	rule fracScale(iCons(C:Int, R:IntSeq)) => fracScale(R) requires C =/=Int 46
supplied_semantics	rule	equational	reference-semantics/semantics/float.k:183-183	rule fscAcc(.IntSeq, A:Int) => A
supplied_semantics	rule	equational	reference-semantics/semantics/float.k:184-184	rule fscAcc(iCons(_:Int, R:IntSeq), A:Int) => fscAcc(R, A *Int 10)
supplied_semantics	rule	equational	reference-semantics/semantics/float.k:185-185	rule applyBuiltin("float", str(CS:IntSeq), .Vals) => decStrToF(CS)
supplied_semantics	rule	equational	reference-semantics/semantics/float.k:186-186	rule applyBuiltin("float", I:Int, .Vals)          => intToF(I)
supplied_semantics	rule	equational	reference-semantics/semantics/float.k:187-187	rule applyBuiltin("float", F:Float, .Vals)        => F
supplied_semantics	syntax	function,total,symbol,no-evaluators	reference-semantics/semantics/float.k:190-190	syntax Float ::= divFloatIntV(Float, Int) [function, total, symbol(divFloatIntV), no-evaluators]
supplied_semantics	rule	equational	reference-semantics/semantics/float.k:191-191	rule divFloatIntV(F:Float, I:Int) => F /Float Int2Float(I, 53, 11) [concrete]
supplied_semantics	rule	equational	reference-semantics/semantics/float.k:192-192	rule applyBin("/", F:Float, I:Int) => divFloatIntV(F, I)
supplied_semantics	syntax	function,total,symbol,no-evaluators	reference-semantics/semantics/float.k:195-195	syntax Float ::= intToF(Int) [function, total, symbol(intToF), no-evaluators]
supplied_semantics	rule	equational	reference-semantics/semantics/float.k:196-196	rule intToF(I:Int) => Int2Float(I, 53, 11) [concrete]
supplied_semantics	rule	equational	reference-semantics/semantics/float.k:197-197	rule applyBin("+", I:Int, F:Float) => addF(intToF(I), F)
supplied_semantics	rule	equational	reference-semantics/semantics/float.k:198-198	rule applyBin("+", F:Float, I:Int) => addF(F, intToF(I))
supplied_semantics	rule	equational	reference-semantics/semantics/float.k:199-199	rule applyBin("-", I:Int, F:Float) => subF(intToF(I), F)
supplied_semantics	rule	equational	reference-semantics/semantics/float.k:200-200	rule applyBin("-", F:Float, I:Int) => subF(F, intToF(I))
supplied_semantics	rule	equational	reference-semantics/semantics/float.k:201-201	rule applyBin("*", I:Int, F:Float) => mulF(intToF(I), F)
supplied_semantics	rule	equational	reference-semantics/semantics/float.k:202-202	rule applyBin("*", F:Float, I:Int) => mulF(F, intToF(I))
supplied_semantics	rule	equational	reference-semantics/semantics/float.k:203-203	rule applyCmp("<", I:Int, F:Float) => floatLt(intToF(I), F)
supplied_semantics	rule	equational	reference-semantics/semantics/float.k:204-204	rule applyCmp("<", F:Float, I:Int) => floatLt(F, intToF(I))
supplied_semantics	rule	equational	reference-semantics/semantics/float.k:205-205	rule applyCmp(">", I:Int, F:Float) => gtF(intToF(I), F)
supplied_semantics	rule	equational	reference-semantics/semantics/float.k:206-206	rule applyCmp(">", F:Float, I:Int) => gtF(F, intToF(I))
supplied_semantics	syntax	function,total,symbol,no-evaluators	reference-semantics/semantics/float.k:209-209	syntax Int ::= truncF(Float) [function, total, symbol(truncF), no-evaluators]
supplied_semantics	rule	equational	reference-semantics/semantics/float.k:210-210	rule truncF(F:Float) => #if F >=Float 0.0 #then Float2Int(floorFloat(F)) #else Float2Int(ceilFloat(F)) #fi [concrete]
supplied_semantics	rule	equational	reference-semantics/semantics/float.k:211-211	rule applyBuiltin("int", F:Float, .Vals) => truncF(F)
supplied_semantics	rule	equational	reference-semantics/semantics/float.k:213-213	rule applyBuiltin("float", I:Int, .Vals)   => intToF(I)
supplied_semantics	rule	equational	reference-semantics/semantics/float.k:214-214	rule applyBuiltin("float", F:Float, .Vals) => F
supplied_semantics	syntax	function,total,symbol,no-evaluators	reference-semantics/semantics/float.k:217-217	syntax Int ::= roundF(Float) [function, total, symbol(roundF), no-evaluators]
supplied_semantics	rule	equational	reference-semantics/semantics/float.k:218-222	rule roundF(F:Float) => #if (F -Float floorFloat(F)) ==Float 0.5 #then (#if Float2Int(floorFloat(F)) %Int 2 ==Int 0 #then Float2Int(floorFloat(F)) #else Float2Int(ceilFloat(F)) #fi) #else Float2Int(floorFloat(F +Float 0.5)) #fi [concrete]
supplied_semantics	syntax	function,total,symbol,no-evaluators	reference-semantics/semantics/float.k:223-223	syntax Float ::= roundFN(Float, Int) [function, total, symbol(roundFN), no-evaluators]
supplied_semantics	rule	equational	reference-semantics/semantics/float.k:224-226	rule roundFN(F:Float, N:Int) => Int2Float(roundF(F *Float Int2Float(10 ^Int N, 53, 11)), 53, 11) /Float Int2Float(10 ^Int N, 53, 11) [concrete]
supplied_semantics	rule	equational	reference-semantics/semantics/float.k:227-227	rule applyBuiltin("round", F:Float, .Vals)        => roundF(F)
supplied_semantics	rule	equational	reference-semantics/semantics/float.k:228-228	rule applyBuiltin("round", F:Float, N:Int, .Vals) => roundFN(F, N)
supplied_semantics	syntax	function,total,symbol,no-evaluators	reference-semantics/semantics/float.k:230-230	syntax Float ::= sqrtF(Float) [function, total, symbol(sqrtF), no-evaluators]
supplied_semantics	rule	equational	reference-semantics/semantics/float.k:231-231	rule sqrtF(F:Float) => sqrtFloat(F) [concrete]
supplied_semantics	syntax	-	reference-semantics/semantics/float.k:232-232	syntax KItem ::= "#mathSqrt"
supplied_semantics	rule	priority,operational	reference-semantics/semantics/float.k:233-233	rule <k> Call(Attribute(Name("math"), "sqrt"), (E:Expr, .Exprs)) => E ~> #mathSqrt ... </k> [priority(40)]
supplied_semantics	rule	operational	reference-semantics/semantics/float.k:234-234	rule <k> F:Float ~> #mathSqrt => sqrtF(F) ... </k>
supplied_semantics	rule	operational	reference-semantics/semantics/float.k:235-235	rule <k> I:Int ~> #mathSqrt => sqrtF(intToF(I)) ... </k>
supplied_semantics	syntax	-	reference-semantics/semantics/float.k:243-243	syntax KItem ::= #maxAccF(Iterable, Float) | #maxContF(Float)
supplied_semantics	rule	operational	reference-semantics/semantics/float.k:244-244	rule <k> #iterYield(V:Val, R:Iterable) ~> #maxCont0 => #maxAccF(R, {V}:>Float) ... </k> requires isFloat(V)
supplied_semantics	rule	operational	reference-semantics/semantics/float.k:245-245	rule <k> #maxAccF(IT:Iterable, M:Float) => #iterNext(IT) ~> #maxContF(M) ... </k>
supplied_semantics	rule	operational	reference-semantics/semantics/float.k:246-246	rule <k> #iterDone ~> #maxContF(M:Float) => M ... </k>
supplied_semantics	rule	operational	reference-semantics/semantics/float.k:247-248	rule <k> #iterYield(V:Val, R:Iterable) ~> #maxContF(M:Float) => #maxAccF(R, maxFloat(M, {V}:>Float)) ... </k> requires isFloat(V)
supplied_semantics	syntax	-	reference-semantics/semantics/float.k:250-250	syntax KItem ::= #minAccF(Iterable, Float) | #minContF(Float)
supplied_semantics	rule	operational	reference-semantics/semantics/float.k:251-251	rule <k> #iterYield(V:Val, R:Iterable) ~> #minCont0 => #minAccF(R, {V}:>Float) ... </k> requires isFloat(V)
supplied_semantics	rule	operational	reference-semantics/semantics/float.k:252-252	rule <k> #minAccF(IT:Iterable, M:Float) => #iterNext(IT) ~> #minContF(M) ... </k>
supplied_semantics	rule	operational	reference-semantics/semantics/float.k:253-253	rule <k> #iterDone ~> #minContF(M:Float) => M ... </k>
supplied_semantics	rule	operational	reference-semantics/semantics/float.k:254-255	rule <k> #iterYield(V:Val, R:Iterable) ~> #minContF(M:Float) => #minAccF(R, minFloat(M, {V}:>Float)) ... </k> requires isFloat(V)
supplied_semantics	syntax	-	reference-semantics/semantics/float.k:261-261	syntax KItem ::= #sumAccF(Iterable, Float) | #sumContF(Float)
supplied_semantics	rule	operational	reference-semantics/semantics/float.k:262-264	rule <k> #iterYield(V:Val, R:Iterable) ~> #sumCont(ACC:Int) => #sumAccF(R, addF(intToF(ACC), {V}:>Float)) ... </k> requires isFloat(V) andBool notBool (isInt(V) orBool isBool(V))
supplied_semantics	rule	operational	reference-semantics/semantics/float.k:265-265	rule <k> #sumAccF(IT:Iterable, ACC:Float) => #iterNext(IT) ~> #sumContF(ACC) ... </k>
supplied_semantics	rule	operational	reference-semantics/semantics/float.k:266-266	rule <k> #iterDone ~> #sumContF(ACC:Float) => ACC ... </k>
supplied_semantics	rule	operational	reference-semantics/semantics/float.k:267-269	rule <k> #iterYield(V:Val, R:Iterable) ~> #sumContF(ACC:Float) => #sumAccF(R, addF(ACC, {V}:>Float)) ... </k> requires isFloat(V)
supplied_semantics	rule	operational	reference-semantics/semantics/float.k:270-272	rule <k> #iterYield(V:Val, R:Iterable) ~> #sumContF(ACC:Float) => #sumAccF(R, addF(ACC, intToF(intOf(V)))) ... </k> requires isInt(V) orBool isBool(V)
supplied_semantics	syntax	-	reference-semantics/semantics/functions.k:8-11	syntax KItem ::= frame(continuation: K, callerEnv: Int, savedLoc: Int) | #bindP(ParamNames, Vals) | "#pop" | "#endcall"
supplied_semantics	rule	operational	reference-semantics/semantics/functions.k:14-16	rule <k> FuncDef(F:String, Params(PNS:ParamNames), BODY:Stmts) => .K ... </k> <env> L:Int </env> <scopes> ... L |-> scope(M:Map => M [ F <- closureVal(PNS, BODY, L) ], _) ... </scopes>
supplied_semantics	syntax	-	reference-semantics/semantics/functions.k:18-18	syntax Expr ::= closureExpr(ParamNames, Stmts)
supplied_semantics	rule	operational	reference-semantics/semantics/functions.k:19-20	rule <k> closureExpr(PNS:ParamNames, BODY:Stmts) => closureVal(PNS, BODY, L) ... </k> <env> L:Int </env>
supplied_semantics	syntax	-	reference-semantics/semantics/functions.k:27-27	syntax Val ::= closureValC(ParamNames, ParamNames, Stmts, Map)
supplied_semantics	syntax	-	reference-semantics/semantics/functions.k:31-32	syntax KItem ::= #mkClosure(String, ParamNames, ParamNames, ParamNames, Stmts, Map) | #mkLambda(ParamNames, ParamNames, ParamNames, Stmts, Map)
supplied_semantics	rule	operational	reference-semantics/semantics/functions.k:33-35	rule <k> FuncDef(F:String, Params(PNS:ParamNames), CellVars(CVS:ParamNames), FreeVars(FVS:ParamNames), BODY:Stmts) => #mkClosure(F, PNS, CVS, FVS, BODY, .Map) ... </k>
supplied_semantics	rule	operational	reference-semantics/semantics/functions.k:36-41	rule <k> #mkClosure(F:String, PNS:ParamNames, CVS:ParamNames, (FV:String, FVR:ParamNames), BODY:Stmts, CM:Map) => #mkClosure(F, PNS, CVS, FVR, BODY, CM [ FV <- {M[FV]}:>Val ]) ... </k> <env> L:Int </env> <scopes> ... L |-> scope(M:Map, _) ... </scopes> requires FV in_keys(M)
supplied_semantics	rule	operational	reference-semantics/semantics/functions.k:42-45	rule <k> #mkClosure(F:String, PNS:ParamNames, CVS:ParamNames, .ParamNames, BODY:Stmts, CM:Map) => .K ... </k> <env> L:Int </env> <scopes> ... L |-> scope(M:Map => M [ F <- closureValC(PNS, CVS, BODY, CM) ], _) ... </scopes>
supplied_semantics	rule	operational	reference-semantics/semantics/functions.k:47-49	rule <k> Lambda(Params(PNS:ParamNames), E:Expr) => closureVal(PNS, Return(E) .Stmts, L) ... </k> <env> L:Int </env>
supplied_semantics	rule	operational	reference-semantics/semantics/functions.k:50-52	rule <k> Lambda(Params(PNS:ParamNames), CellVars(CVS:ParamNames), FreeVars(FVS:ParamNames), E:Expr) => #mkLambda(PNS, CVS, FVS, Return(E) .Stmts, .Map) ... </k>
supplied_semantics	rule	operational	reference-semantics/semantics/functions.k:53-58	rule <k> #mkLambda(PNS:ParamNames, CVS:ParamNames, (FV:String, FVR:ParamNames), BODY:Stmts, CM:Map) => #mkLambda(PNS, CVS, FVR, BODY, CM [ FV <- {M[FV]}:>Val ]) ... </k> <env> L:Int </env> <scopes> ... L |-> scope(M:Map, _) ... </scopes> requires FV in_keys(M)
supplied_semantics	rule	operational	reference-semantics/semantics/functions.k:59-60	rule <k> #mkLambda(PNS:ParamNames, CVS:ParamNames, .ParamNames, BODY:Stmts, CM:Map) => closureValC(PNS, CVS, BODY, CM) ... </k>
supplied_semantics	rule	operational	reference-semantics/semantics/functions.k:63-63	rule <k> #bindP(.ParamNames, .Vals) => .K ... </k>
supplied_semantics	rule	operational	reference-semantics/semantics/functions.k:64-66	rule <k> #bindP((P:String, PS:ParamNames), (V:Val, VS:Vals)) => #bindP(PS, VS) ... </k> <env> L:Int </env> <scopes> ... L |-> scope(M:Map => M [ P <- V ], _) ... </scopes>
supplied_semantics	rule	priority,operational	reference-semantics/semantics/functions.k:68-75	rule <k> #bindP((P:String, PS:ParamNames), (V:Val, VS:Vals)) => #cellW({M[P]}:>Val, V) ~> #bindP(PS, VS) ... </k> <env> L:Int </env> <scopes> ... L |-> scope(M:Map, _) ... </scopes> requires "$cells" in_keys(M) andBool pnMember(P, cellsOf({M["$cells"]}:>Val)) andBool P in_keys(M) andBool isCellRef({M[P]}:>Val) [priority(40)]
supplied_semantics	rule	operational	reference-semantics/semantics/functions.k:78-79	rule <k> Return(V:Val) ~> _ => #pop </k> <ret> noRet => retV(V) </ret>
supplied_semantics	rule	operational	reference-semantics/semantics/functions.k:80-81	rule <k> #endcall => #pop ... </k> <ret> noRet => retV(noneV) </ret>
supplied_semantics	rule	operational	reference-semantics/semantics/functions.k:85-90	rule <k> #pop => V ~> CONT </k> <ret>   retV(V) => noRet </ret> <stack> ListItem(frame(CONT:K, CALLERL:Int, SAVEDL:Int)) => .List ... </stack> <env>   L:Int => CALLERL </env> <scopes> SC:Map => SC [ L <- undef ] </scopes> <scopeLoc> _ => SAVEDL </scopeLoc>
supplied_semantics	rule	equational	reference-semantics/semantics/int.k:7-7	rule applyUn("-", I:Int) => 0 -Int I
supplied_semantics	rule	equational	reference-semantics/semantics/int.k:9-9	rule applyBin("+",  I1:Int, I2:Int) => I1 +Int I2
supplied_semantics	rule	equational	reference-semantics/semantics/int.k:11-11	rule applyBin("+",  I:Int, B:Bool) => I +Int #if B #then 1 #else 0 #fi
supplied_semantics	rule	equational	reference-semantics/semantics/int.k:12-12	rule applyBin("+",  B:Bool, I:Int) => #if B #then 1 #else 0 #fi +Int I
supplied_semantics	rule	equational	reference-semantics/semantics/int.k:13-13	rule applyBin("-",  I1:Int, I2:Int) => I1 -Int I2
supplied_semantics	rule	equational	reference-semantics/semantics/int.k:14-14	rule applyBin("*",  I1:Int, I2:Int) => I1 *Int I2
supplied_semantics	rule	equational	reference-semantics/semantics/int.k:15-15	rule applyBin("%",  I1:Int, I2:Int) => pyMod(I1, I2)
supplied_semantics	rule	equational	reference-semantics/semantics/int.k:16-16	rule applyBin("//", I1:Int, I2:Int) => (I1 -Int pyMod(I1, I2)) /Int I2
supplied_semantics	rule	equational	reference-semantics/semantics/int.k:17-17	rule applyBin("**", I1:Int, I2:Int) => I1 ^Int I2 requires I2 >=Int 0
supplied_semantics	syntax	function	reference-semantics/semantics/int.k:19-19	syntax Int ::= pyMod(Int, Int) [function]
supplied_semantics	rule	equational	reference-semantics/semantics/int.k:20-20	rule pyMod(I1:Int, I2:Int) => ((I1 %Int I2) +Int I2) %Int I2
supplied_semantics	rule	equational	reference-semantics/semantics/int.k:22-22	rule applyCmp("<",  I1:Int, I2:Int)   => I1 <Int  I2
supplied_semantics	rule	equational	reference-semantics/semantics/int.k:23-23	rule applyCmp("<=", I1:Int, I2:Int)   => I1 <=Int I2
supplied_semantics	rule	equational	reference-semantics/semantics/int.k:24-24	rule applyCmp(">",  I1:Int, I2:Int)   => I1 >Int  I2
supplied_semantics	rule	equational	reference-semantics/semantics/int.k:25-25	rule applyCmp(">=", I1:Int, I2:Int)   => I1 >=Int I2
supplied_semantics	rule	equational	reference-semantics/semantics/int.k:26-26	rule applyCmp("==", I1:Int, I2:Int)   => I1 ==Int I2
supplied_semantics	rule	equational	reference-semantics/semantics/int.k:27-27	rule applyCmp("!=", I1:Int, I2:Int)   => I1 =/=Int I2
supplied_semantics	syntax	-	reference-semantics/semantics/iter.k:8-8	syntax KItem ::= #iterNext(Iterable) | "#iterDone" | #iterYield(Val, Iterable)
supplied_semantics	rule	operational	reference-semantics/semantics/list.k:9-9	rule <k> #iterNext(list(.ValSeq))                => #iterDone ... </k>
supplied_semantics	rule	operational	reference-semantics/semantics/list.k:10-10	rule <k> #iterNext(list(vCons(V:Val, R:ValSeq))) => #iterYield(V, list(R)) ... </k>
supplied_semantics	syntax	-	reference-semantics/semantics/list.k:13-13	syntax ApplyK ::= "toList"
supplied_semantics	rule	operational	reference-semantics/semantics/list.k:14-14	rule <k> ListExpr(ES:Exprs) => #evalArgs(ES, .Vals, toList) ... </k>
supplied_semantics	rule	operational	reference-semantics/semantics/list.k:15-15	rule <k> #applyK(toList, ACC:Vals) => #alloc(list(vals2valSeq(ACC))) ... </k>
supplied_semantics	syntax	function,total	reference-semantics/semantics/list.k:18-18	syntax ValSeq ::= valSeqConcat(ValSeq, ValSeq) [function, total]
supplied_semantics	rule	equational	reference-semantics/semantics/list.k:19-19	rule valSeqConcat(.ValSeq, T:ValSeq)                => T
supplied_semantics	rule	equational	reference-semantics/semantics/list.k:20-20	rule valSeqConcat(vCons(V:Val, S:ValSeq), T:ValSeq) => vCons(V, valSeqConcat(S, T))
supplied_semantics	rule	priority,operational	reference-semantics/semantics/list.k:24-25	rule <k> BinOp("+", list(A:ValSeq), list(B:ValSeq)) => #alloc(list(valSeqConcat(A, B))) ... </k> [priority(45)]
supplied_semantics	rule	equational	reference-semantics/semantics/list.k:27-27	rule applyCmp("==", list(A:ValSeq), list(B:ValSeq)) => A ==K B
supplied_semantics	rule	equational	reference-semantics/semantics/list.k:28-28	rule applyCmp("!=", list(A:ValSeq), list(B:ValSeq)) => notBool (A ==K B)
supplied_semantics	syntax	function,total	reference-semantics/semantics/list.k:33-33	syntax Bool ::= hasRefVS(ValSeq) [function, total]
supplied_semantics	rule	equational	reference-semantics/semantics/list.k:34-34	rule hasRefVS(.ValSeq)                => false
supplied_semantics	rule	equational	reference-semantics/semantics/list.k:35-35	rule hasRefVS(vCons(V:Val, R:ValSeq)) => isRefV(V) orBool hasRefVS(R)
supplied_semantics	syntax	function	reference-semantics/semantics/list.k:37-38	syntax Bool ::= deepEqVS(ValSeq, ValSeq, Map) [function] | deepEqV(Val, Val, Map)        [function]
supplied_semantics	rule	equational	reference-semantics/semantics/list.k:39-39	rule deepEqVS(.ValSeq, .ValSeq, _:Map)                   => true
supplied_semantics	rule	equational	reference-semantics/semantics/list.k:40-40	rule deepEqVS(.ValSeq, vCons(_:Val, _:ValSeq), _:Map)    => false
supplied_semantics	rule	equational	reference-semantics/semantics/list.k:41-41	rule deepEqVS(vCons(_:Val, _:ValSeq), .ValSeq, _:Map)    => false
supplied_semantics	rule	equational	reference-semantics/semantics/list.k:42-43	rule deepEqVS(vCons(A:Val, As:ValSeq), vCons(B:Val, Bs:ValSeq), HP:Map) => deepEqV(A, B, HP) andBool deepEqVS(As, Bs, HP)
supplied_semantics	rule	equational	reference-semantics/semantics/list.k:45-46	rule deepEqV(ref(H:Int), B:Val, HP:Map) => deepEqV({HP[H]}:>Val, B, HP) requires H in_keys(HP)
supplied_semantics	rule	equational	reference-semantics/semantics/list.k:47-48	rule deepEqV(A:Val, ref(H:Int), HP:Map) => deepEqV(A, {HP[H]}:>Val, HP) requires notBool isRefV(A) andBool H in_keys(HP)
supplied_semantics	rule	equational	reference-semantics/semantics/list.k:49-49	rule deepEqV(list(A:ValSeq), list(B:ValSeq), HP:Map) => deepEqVS(A, B, HP)
supplied_semantics	rule	owise,equational	reference-semantics/semantics/list.k:50-50	rule deepEqV(A:Val, B:Val, _:Map) => A ==K B [owise]
supplied_semantics	rule	priority,operational	reference-semantics/semantics/list.k:53-55	rule <k> #applyK(toCall(boundMethodV(ref(H:Int), "append")), (V:Val, .Vals)) => noneV ... </k> <heap> ... H |-> list(VS:ValSeq => valSeqConcat(VS, vCons(V, .ValSeq))) ... </heap> [priority(40)]
supplied_semantics	syntax	-	reference-semantics/semantics/list.k:58-58	syntax KItem ::= #memberAcc(Val, Iterable) | #memberCont(Val) | "#notB"
supplied_semantics	rule	operational	reference-semantics/semantics/list.k:59-59	rule <k> Compare(LV:Val, CmpOp("in",     list(VS:ValSeq))) => #memberAcc(LV, list(VS)) ... </k>
supplied_semantics	rule	operational	reference-semantics/semantics/list.k:60-60	rule <k> Compare(LV:Val, CmpOp("not in", list(VS:ValSeq))) => #memberAcc(LV, list(VS)) ~> #notB ... </k>
supplied_semantics	rule	operational	reference-semantics/semantics/list.k:61-61	rule <k> #memberAcc(V:Val, IT:Iterable) => #iterNext(IT) ~> #memberCont(V) ... </k>
supplied_semantics	rule	operational	reference-semantics/semantics/list.k:62-62	rule <k> #iterDone ~> #memberCont(_V:Val) => false ... </k>
supplied_semantics	rule	operational	reference-semantics/semantics/list.k:63-64	rule <k> #iterYield(E:Val, _:Iterable) ~> #memberCont(V:Val) => true ... </k> requires E ==K V
supplied_semantics	rule	operational	reference-semantics/semantics/list.k:65-66	rule <k> #iterYield(E:Val, R:Iterable) ~> #memberCont(V:Val) => #memberAcc(V, R) ... </k> requires notBool (E ==K V)
supplied_semantics	rule	operational	reference-semantics/semantics/list.k:67-67	rule <k> B:Bool ~> #notB => notBool B ... </k>
supplied_semantics	syntax	function	reference-semantics/semantics/methods.k:10-10	syntax Val ::= applyMethod(Val, String, Vals) [function]
supplied_semantics	rule	equational	reference-semantics/semantics/methods.k:13-13	rule applyMethod(str(CS:IntSeq), "isupper", .Vals) => hasUpper(CS) andBool notBool hasLower(CS)
supplied_semantics	rule	equational	reference-semantics/semantics/methods.k:14-14	rule applyMethod(str(CS:IntSeq), "islower", .Vals) => hasLower(CS) andBool notBool hasUpper(CS)
supplied_semantics	rule	equational	reference-semantics/semantics/methods.k:15-15	rule applyMethod(str(CS:IntSeq), "isalpha", .Vals) => notBool (CS ==K .IntSeq) andBool allAlpha(CS)
supplied_semantics	rule	equational	reference-semantics/semantics/methods.k:16-16	rule applyMethod(str(CS:IntSeq), "isdigit", .Vals) => notBool (CS ==K .IntSeq) andBool allDigit(CS)
supplied_semantics	rule	equational	reference-semantics/semantics/methods.k:19-19	rule applyMethod(str(CS:IntSeq), "lower",    .Vals) => str(mapLower(CS))
supplied_semantics	rule	equational	reference-semantics/semantics/methods.k:20-20	rule applyMethod(str(CS:IntSeq), "upper",    .Vals) => str(mapUpper(CS))
supplied_semantics	rule	equational	reference-semantics/semantics/methods.k:21-21	rule applyMethod(str(CS:IntSeq), "swapcase", .Vals) => str(mapSwap(CS))
supplied_semantics	rule	equational	reference-semantics/semantics/methods.k:26-26	rule applyMethod(str(SEP:IntSeq), "join", list(VS:ValSeq), .Vals) => str(joinCodes(SEP, VS))
supplied_semantics	syntax	function,total	reference-semantics/semantics/methods.k:27-27	syntax IntSeq ::= joinCodes(IntSeq, ValSeq) [function, total]
supplied_semantics	rule	equational	reference-semantics/semantics/methods.k:28-28	rule joinCodes(_:IntSeq, .ValSeq) => .IntSeq
supplied_semantics	rule	equational	reference-semantics/semantics/methods.k:29-29	rule joinCodes(_:IntSeq, vCons(str(CS:IntSeq), .ValSeq)) => CS
supplied_semantics	rule	equational	reference-semantics/semantics/methods.k:30-31	rule joinCodes(SEP:IntSeq, vCons(str(CS:IntSeq), vCons(V:Val, R:ValSeq))) => seqConcat(CS, seqConcat(SEP, joinCodes(SEP, vCons(V, R))))
supplied_semantics	rule	equational	reference-semantics/semantics/methods.k:34-34	rule applyMethod(str(CS:IntSeq), "count", str(PC:IntSeq), .Vals) => cntSub(CS, PC)
supplied_semantics	syntax	function	reference-semantics/semantics/methods.k:35-35	syntax Int ::= cntSub(IntSeq, IntSeq) [function]
supplied_semantics	rule	equational	reference-semantics/semantics/methods.k:36-36	rule cntSub(.IntSeq, _:IntSeq) => 0
supplied_semantics	rule	equational	reference-semantics/semantics/methods.k:37-38	rule cntSub(iCons(C:Int, R:IntSeq), PC:IntSeq) => 1 +Int cntSub(dropIS(iCons(C, R), isLen(PC)), PC) requires strPrefix(PC, iCons(C, R)) andBool isLen(PC) >Int 0
supplied_semantics	rule	equational	reference-semantics/semantics/methods.k:39-40	rule cntSub(iCons(C:Int, R:IntSeq), PC:IntSeq) => cntSub(R, PC) requires notBool strPrefix(PC, iCons(C, R)) orBool isLen(PC) <=Int 0
supplied_semantics	syntax	function,total	reference-semantics/semantics/methods.k:41-41	syntax IntSeq ::= dropIS(IntSeq, Int) [function, total]
supplied_semantics	rule	equational	reference-semantics/semantics/methods.k:42-42	rule dropIS(S:IntSeq, N:Int) => S requires N <=Int 0
supplied_semantics	rule	owise,equational	reference-semantics/semantics/methods.k:43-43	rule dropIS(.IntSeq, _:Int) => .IntSeq [owise]
supplied_semantics	rule	equational	reference-semantics/semantics/methods.k:44-44	rule dropIS(iCons(_:Int, R:IntSeq), N:Int) => dropIS(R, N -Int 1) requires N >Int 0
supplied_semantics	rule	equational	reference-semantics/semantics/methods.k:47-47	rule applyMethod(str(CS:IntSeq), "strip", .Vals) => str(revIS(trimWS(revIS(trimWS(CS)))))
supplied_semantics	syntax	function,total	reference-semantics/semantics/methods.k:48-48	syntax IntSeq ::= trimWS(IntSeq) [function, total]
supplied_semantics	rule	equational	reference-semantics/semantics/methods.k:49-49	rule trimWS(.IntSeq) => .IntSeq
supplied_semantics	rule	equational	reference-semantics/semantics/methods.k:50-50	rule trimWS(iCons(C:Int, R:IntSeq)) => trimWS(R) requires isWSC(C)
supplied_semantics	rule	equational	reference-semantics/semantics/methods.k:51-51	rule trimWS(iCons(C:Int, R:IntSeq)) => iCons(C, R) requires notBool isWSC(C)
supplied_semantics	syntax	function,total	reference-semantics/semantics/methods.k:52-52	syntax IntSeq ::= revIS(IntSeq) [function, total] | revISAcc(IntSeq, IntSeq) [function, total]
supplied_semantics	rule	equational	reference-semantics/semantics/methods.k:53-53	rule revIS(S:IntSeq) => revISAcc(S, .IntSeq)
supplied_semantics	rule	equational	reference-semantics/semantics/methods.k:54-54	rule revISAcc(.IntSeq, A:IntSeq) => A
supplied_semantics	rule	equational	reference-semantics/semantics/methods.k:55-55	rule revISAcc(iCons(C:Int, R:IntSeq), A:IntSeq) => revISAcc(R, iCons(C, A))
supplied_semantics	rule	equational	reference-semantics/semantics/methods.k:58-58	rule applyMethod(str(CS:IntSeq), "encode", str(_:IntSeq), .Vals) => str(CS)
supplied_semantics	rule	equational	reference-semantics/semantics/methods.k:61-61	rule applyMethod(str(XC:IntSeq), "startswith", str(PC:IntSeq), .Vals) => startsWith(PC, XC)
supplied_semantics	rule	equational	reference-semantics/semantics/methods.k:64-64	rule applyMethod(list(VS:ValSeq), "count", V:Val, .Vals) => cntOccVS(VS, V)
supplied_semantics	syntax	function,total	reference-semantics/semantics/methods.k:65-65	syntax Int ::= cntOccVS(ValSeq, Val) [function, total]
supplied_semantics	rule	equational	reference-semantics/semantics/methods.k:66-66	rule cntOccVS(.ValSeq, _:Val)                => 0
supplied_semantics	rule	equational	reference-semantics/semantics/methods.k:67-67	rule cntOccVS(vCons(A:Val, R:ValSeq), V:Val) => 1 +Int cntOccVS(R, V) requires A ==K V
supplied_semantics	rule	equational	reference-semantics/semantics/methods.k:68-68	rule cntOccVS(vCons(A:Val, R:ValSeq), V:Val) => cntOccVS(R, V)        requires notBool (A ==K V)
supplied_semantics	rule	priority,operational	reference-semantics/semantics/methods.k:72-74	rule <k> #applyK(toCall(boundMethodV(str(CS:IntSeq), "split")), .Vals) => #alloc(list(splitWS(CS, .IntSeq, .ValSeq))) ... </k> [priority(40)]
supplied_semantics	syntax	function	reference-semantics/semantics/methods.k:75-75	syntax ValSeq ::= splitWS(IntSeq, IntSeq, ValSeq) [function]  // remaining, current token, result
supplied_semantics	rule	equational	reference-semantics/semantics/methods.k:76-76	rule splitWS(.IntSeq, CUR:IntSeq, ACC:ValSeq) => flushTok(ACC, CUR)
supplied_semantics	rule	equational	reference-semantics/semantics/methods.k:77-78	rule splitWS(iCons(C:Int, R:IntSeq), CUR:IntSeq, ACC:ValSeq) => splitWS(R, .IntSeq, flushTok(ACC, CUR)) requires isWSC(C)
supplied_semantics	rule	equational	reference-semantics/semantics/methods.k:79-80	rule splitWS(iCons(C:Int, R:IntSeq), CUR:IntSeq, ACC:ValSeq) => splitWS(R, seqConcat(CUR, iCons(C, .IntSeq)), ACC) requires notBool isWSC(C)
supplied_semantics	syntax	function	reference-semantics/semantics/methods.k:82-82	syntax ValSeq ::= flushTok(ValSeq, IntSeq) [function]
supplied_semantics	rule	equational	reference-semantics/semantics/methods.k:83-83	rule flushTok(ACC:ValSeq, .IntSeq)            => ACC
supplied_semantics	rule	equational	reference-semantics/semantics/methods.k:84-84	rule flushTok(ACC:ValSeq, iCons(C:Int, T:IntSeq)) => valSeqConcat(ACC, vCons(str(iCons(C, T)), .ValSeq))
supplied_semantics	syntax	function,total	reference-semantics/semantics/methods.k:85-85	syntax Bool ::= isWSC(Int) [function, total]
supplied_semantics	rule	equational	reference-semantics/semantics/methods.k:86-86	rule isWSC(C:Int) => C ==Int 32 orBool C ==Int 9 orBool C ==Int 10 orBool C ==Int 13
supplied_semantics	rule	priority,operational	reference-semantics/semantics/methods.k:89-91	rule <k> #applyK(toCall(boundMethodV(str(CS:IntSeq), "split")), (kwV("sep", str(S:IntSeq)), .Vals)) => #applyK(toCall(boundMethodV(str(CS), "split")), (str(S), .Vals)) ... </k> [priority(39)]
supplied_semantics	rule	priority,operational	reference-semantics/semantics/methods.k:94-96	rule <k> #applyK(toCall(boundMethodV(str(CS:IntSeq), "split")), (str(iCons(SEP:Int, .IntSeq)), .Vals)) => #alloc(list(splitSep(CS, SEP, .IntSeq))) ... </k> [priority(40)]
supplied_semantics	syntax	function	reference-semantics/semantics/methods.k:97-97	syntax ValSeq ::= splitSep(IntSeq, Int, IntSeq) [function]  // remaining, sep code, current token
supplied_semantics	rule	equational	reference-semantics/semantics/methods.k:98-98	rule splitSep(.IntSeq, _SEP:Int, CUR:IntSeq)              => vCons(str(CUR), .ValSeq)
supplied_semantics	rule	equational	reference-semantics/semantics/methods.k:99-100	rule splitSep(iCons(C:Int, R:IntSeq), SEP:Int, CUR:IntSeq) => vCons(str(CUR), splitSep(R, SEP, .IntSeq)) requires C ==Int SEP
supplied_semantics	rule	equational	reference-semantics/semantics/methods.k:101-102	rule splitSep(iCons(C:Int, R:IntSeq), SEP:Int, CUR:IntSeq) => splitSep(R, SEP, seqConcat(CUR, iCons(C, .IntSeq))) requires notBool (C ==Int SEP)
supplied_semantics	rule	equational	reference-semantics/semantics/methods.k:104-105	rule applyMethod(str(CS:IntSeq), "replace", str(iCons(A:Int, .IntSeq)), str(iCons(B:Int, .IntSeq)), .Vals) => str(replaceC(CS, A, B))
supplied_semantics	syntax	function,total	reference-semantics/semantics/methods.k:106-106	syntax IntSeq ::= replaceC(IntSeq, Int, Int) [function, total]
supplied_semantics	rule	equational	reference-semantics/semantics/methods.k:107-107	rule replaceC(.IntSeq, _:Int, _:Int)             => .IntSeq
supplied_semantics	rule	equational	reference-semantics/semantics/methods.k:108-108	rule replaceC(iCons(C:Int, R:IntSeq), A:Int, B:Int) => iCons(B, replaceC(R, A, B)) requires C ==Int A
supplied_semantics	rule	equational	reference-semantics/semantics/methods.k:109-109	rule replaceC(iCons(C:Int, R:IntSeq), A:Int, B:Int) => iCons(C, replaceC(R, A, B)) requires notBool (C ==Int A)
supplied_semantics	syntax	function,total	reference-semantics/semantics/methods.k:112-112	syntax Bool ::= isUpperC(Int) [function, total]
supplied_semantics	rule	equational	reference-semantics/semantics/methods.k:113-113	rule isUpperC(C:Int) => C >=Int 65 andBool C <=Int 90
supplied_semantics	syntax	function,total	reference-semantics/semantics/methods.k:115-115	syntax Bool ::= isLowerC(Int) [function, total]
supplied_semantics	rule	equational	reference-semantics/semantics/methods.k:116-116	rule isLowerC(C:Int) => C >=Int 97 andBool C <=Int 122
supplied_semantics	syntax	function,total	reference-semantics/semantics/methods.k:118-118	syntax Bool ::= isAlphaC(Int) [function, total]
supplied_semantics	rule	equational	reference-semantics/semantics/methods.k:119-119	rule isAlphaC(C:Int) => isUpperC(C) orBool isLowerC(C)
supplied_semantics	syntax	function,total	reference-semantics/semantics/methods.k:121-121	syntax Bool ::= isDigitC(Int) [function, total]
supplied_semantics	rule	equational	reference-semantics/semantics/methods.k:122-122	rule isDigitC(C:Int) => C >=Int 48 andBool C <=Int 57
supplied_semantics	syntax	function,total	reference-semantics/semantics/methods.k:124-124	syntax Bool ::= hasUpper(IntSeq) [function, total]
supplied_semantics	rule	equational	reference-semantics/semantics/methods.k:125-125	rule hasUpper(.IntSeq) => false
supplied_semantics	rule	equational	reference-semantics/semantics/methods.k:126-126	rule hasUpper(iCons(C:Int, S:IntSeq)) => isUpperC(C) orBool hasUpper(S)
supplied_semantics	syntax	function,total	reference-semantics/semantics/methods.k:128-128	syntax Bool ::= hasLower(IntSeq) [function, total]
supplied_semantics	rule	equational	reference-semantics/semantics/methods.k:129-129	rule hasLower(.IntSeq) => false
supplied_semantics	rule	equational	reference-semantics/semantics/methods.k:130-130	rule hasLower(iCons(C:Int, S:IntSeq)) => isLowerC(C) orBool hasLower(S)
supplied_semantics	syntax	function,total	reference-semantics/semantics/methods.k:132-132	syntax Bool ::= allAlpha(IntSeq) [function, total]
supplied_semantics	rule	equational	reference-semantics/semantics/methods.k:133-133	rule allAlpha(.IntSeq) => true
supplied_semantics	rule	equational	reference-semantics/semantics/methods.k:134-134	rule allAlpha(iCons(C:Int, S:IntSeq)) => isAlphaC(C) andBool allAlpha(S)
supplied_semantics	syntax	function,total	reference-semantics/semantics/methods.k:136-136	syntax Bool ::= allDigit(IntSeq) [function, total]
supplied_semantics	rule	equational	reference-semantics/semantics/methods.k:137-137	rule allDigit(.IntSeq) => true
supplied_semantics	rule	equational	reference-semantics/semantics/methods.k:138-138	rule allDigit(iCons(C:Int, S:IntSeq)) => isDigitC(C) andBool allDigit(S)
supplied_semantics	syntax	function,total	reference-semantics/semantics/methods.k:140-140	syntax Int ::= lowerC(Int) [function, total]
supplied_semantics	rule	equational	reference-semantics/semantics/methods.k:142-142	rule lowerC(C:Int) => C +Int 32 requires isUpperC(C)
supplied_semantics	rule	owise,equational	reference-semantics/semantics/methods.k:143-143	rule lowerC(C:Int) => C         [owise]
supplied_semantics	syntax	function,total	reference-semantics/semantics/methods.k:145-145	syntax Int ::= upperC(Int) [function, total]
supplied_semantics	rule	equational	reference-semantics/semantics/methods.k:146-146	rule upperC(C:Int) => C -Int 32 requires isLowerC(C)
supplied_semantics	rule	owise,equational	reference-semantics/semantics/methods.k:147-147	rule upperC(C:Int) => C         [owise]
supplied_semantics	syntax	function,total	reference-semantics/semantics/methods.k:149-149	syntax Int ::= swapC(Int) [function, total]
supplied_semantics	rule	equational	reference-semantics/semantics/methods.k:150-150	rule swapC(C:Int) => C +Int 32 requires isUpperC(C)
supplied_semantics	rule	equational	reference-semantics/semantics/methods.k:151-151	rule swapC(C:Int) => C -Int 32 requires isLowerC(C)
supplied_semantics	rule	owise,equational	reference-semantics/semantics/methods.k:152-152	rule swapC(C:Int) => C         [owise]
supplied_semantics	syntax	function,total	reference-semantics/semantics/methods.k:154-154	syntax IntSeq ::= mapLower(IntSeq) [function, total]
supplied_semantics	rule	equational	reference-semantics/semantics/methods.k:155-155	rule mapLower(.IntSeq) => .IntSeq
supplied_semantics	rule	equational	reference-semantics/semantics/methods.k:156-156	rule mapLower(iCons(C:Int, S:IntSeq)) => iCons(lowerC(C), mapLower(S))
supplied_semantics	syntax	function,total	reference-semantics/semantics/methods.k:158-158	syntax IntSeq ::= mapUpper(IntSeq) [function, total]
supplied_semantics	rule	equational	reference-semantics/semantics/methods.k:159-159	rule mapUpper(.IntSeq) => .IntSeq
supplied_semantics	rule	equational	reference-semantics/semantics/methods.k:160-160	rule mapUpper(iCons(C:Int, S:IntSeq)) => iCons(upperC(C), mapUpper(S))
supplied_semantics	syntax	function,total	reference-semantics/semantics/methods.k:162-162	syntax IntSeq ::= mapSwap(IntSeq) [function, total]
supplied_semantics	rule	equational	reference-semantics/semantics/methods.k:163-163	rule mapSwap(.IntSeq) => .IntSeq
supplied_semantics	rule	equational	reference-semantics/semantics/methods.k:164-164	rule mapSwap(iCons(C:Int, S:IntSeq)) => iCons(swapC(C), mapSwap(S))
supplied_semantics	syntax	function,total	reference-semantics/semantics/methods.k:166-166	syntax Bool ::= startsWith(IntSeq, IntSeq) [function, total]
supplied_semantics	rule	equational	reference-semantics/semantics/methods.k:167-167	rule startsWith(.IntSeq, _:IntSeq)               => true
supplied_semantics	rule	equational	reference-semantics/semantics/methods.k:168-168	rule startsWith(iCons(_:Int, _:IntSeq), .IntSeq) => false
supplied_semantics	rule	equational	reference-semantics/semantics/methods.k:169-169	rule startsWith(iCons(A:Int, As:IntSeq), iCons(B:Int, Bs:IntSeq)) => A ==Int B andBool startsWith(As, Bs)
supplied_semantics	rule	operational	reference-semantics/semantics/operators.k:10-10	rule <k> UnaryOp(OP:String, V:Val) => applyUn(OP, V) ... </k>
supplied_semantics	rule	operational	reference-semantics/semantics/operators.k:12-12	rule <k> BinOp(OP:String, L:Val, R:Val) => applyBin(OP, L, R) ... </k>
supplied_semantics	context	-	reference-semantics/semantics/operators.k:15-15	context Compare(HOLE, _)
supplied_semantics	context	-	reference-semantics/semantics/operators.k:16-16	context Compare(_:Val, CmpOp(_, HOLE))
supplied_semantics	rule	owise,operational	reference-semantics/semantics/operators.k:17-17	rule <k> Compare(LV:Val, CmpOp(OP:String, RV:Val)) => applyCmp(OP, LV, RV) ... </k> [owise]
supplied_semantics	rule	equational	reference-semantics/semantics/operators.k:19-19	rule applyCmp("is",     V:Val, noneV) => V ==K noneV
supplied_semantics	rule	equational	reference-semantics/semantics/operators.k:20-20	rule applyCmp("is not", V:Val, noneV) => notBool (V ==K noneV)
supplied_semantics	rule	priority,operational	reference-semantics/semantics/operators.k:25-27	rule <k> BinOp(OP:String, ref(H:Int), R:Expr) => BinOp(OP, V, R) ... </k> <heap> ... H |-> V:Val ... </heap> [priority(40)]
supplied_semantics	rule	priority,operational	reference-semantics/semantics/operators.k:28-31	rule <k> BinOp(OP:String, L:Val, ref(H:Int)) => BinOp(OP, L, V) ... </k> <heap> ... H |-> V:Val ... </heap> requires notBool isRefV(L) [priority(40)]
supplied_semantics	rule	priority,operational	reference-semantics/semantics/operators.k:34-37	rule <k> Compare(ref(H:Int), CmpOp(OP:String, R:Expr)) => Compare(V, CmpOp(OP, R)) ... </k> <heap> ... H |-> V:Val ... </heap> requires OP =/=String "in" andBool OP =/=String "not in" [priority(40)]
supplied_semantics	rule	priority,operational	reference-semantics/semantics/operators.k:38-42	rule <k> Compare(L:Val, CmpOp(OP:String, ref(H:Int))) => Compare(L, CmpOp(OP, V)) ... </k> <heap> ... H |-> V:Val ... </heap> requires notBool isRefV(L) orBool OP ==String "in" orBool OP ==String "not in" [priority(40)]
supplied_semantics	rule	priority,operational	reference-semantics/semantics/operators.k:44-46	rule <k> UnaryOp(OP:String, ref(H:Int)) => UnaryOp(OP, V) ... </k> <heap> ... H |-> V:Val ... </heap> [priority(40)]
supplied_semantics	syntax	function,total	reference-semantics/semantics/range.k:9-9	syntax Bool ::= inRange(Int, Int, Int) [function, total]
supplied_semantics	rule	equational	reference-semantics/semantics/range.k:10-10	rule inRange(I:Int, HI:Int, ST:Int) => (ST >Int 0 andBool I <Int HI) orBool (ST <Int 0 andBool I >Int HI)
supplied_semantics	syntax	function	reference-semantics/semantics/range.k:12-12	syntax Int ::= rangeLen(Int, Int, Int) [function]
supplied_semantics	rule	equational	reference-semantics/semantics/range.k:13-14	rule rangeLen(LO:Int, HI:Int, ST:Int) => (HI -Int LO +Int ST -Int 1) /Int ST requires ST >Int 0 andBool HI >Int LO
supplied_semantics	rule	equational	reference-semantics/semantics/range.k:15-16	rule rangeLen(LO:Int, HI:Int, ST:Int) => (LO -Int HI -Int ST -Int 1) /Int (0 -Int ST) requires ST <Int 0 andBool HI <Int LO
supplied_semantics	rule	equational	reference-semantics/semantics/range.k:17-18	rule rangeLen(LO:Int, HI:Int, ST:Int) => 0 requires (ST >Int 0 andBool HI <=Int LO) orBool (ST <Int 0 andBool HI >=Int LO)
supplied_semantics	rule	operational	reference-semantics/semantics/range.k:20-22	rule <k> #iterNext(rangeObj(I:Int, HI:Int, ST:Int)) => #iterYield(I, rangeObj(I +Int ST, HI, ST)) ... </k> requires inRange(I, HI, ST)
supplied_semantics	rule	operational	reference-semantics/semantics/range.k:23-24	rule <k> #iterNext(rangeObj(I:Int, HI:Int, ST:Int)) => #iterDone ... </k> requires notBool inRange(I, HI, ST)
supplied_semantics	syntax	-	reference-semantics/semantics/set.k:8-8	syntax Val ::= setV(IntSeq)
supplied_semantics	syntax	function,total	reference-semantics/semantics/set.k:11-11	syntax Bool ::= codeIn(Int, IntSeq) [function, total]
supplied_semantics	rule	equational	reference-semantics/semantics/set.k:12-12	rule codeIn(_:Int, .IntSeq)                => false
supplied_semantics	rule	equational	reference-semantics/semantics/set.k:13-13	rule codeIn(C:Int, iCons(H:Int, T:IntSeq)) => C ==Int H orBool codeIn(C, T)
supplied_semantics	syntax	function,total	reference-semantics/semantics/set.k:16-17	syntax IntSeq ::= dedupCodes(IntSeq)         [function, total] | dedupFrom(IntSeq, IntSeq)  [function, total]
supplied_semantics	rule	equational	reference-semantics/semantics/set.k:18-18	rule dedupCodes(CS:IntSeq) => dedupFrom(CS, .IntSeq)
supplied_semantics	rule	equational	reference-semantics/semantics/set.k:19-19	rule dedupFrom(.IntSeq, ACC:IntSeq) => ACC
supplied_semantics	rule	equational	reference-semantics/semantics/set.k:20-21	rule dedupFrom(iCons(C:Int, S:IntSeq), ACC:IntSeq) => dedupFrom(S, ACC) requires codeIn(C, ACC)
supplied_semantics	rule	equational	reference-semantics/semantics/set.k:22-23	rule dedupFrom(iCons(C:Int, S:IntSeq), ACC:IntSeq) => dedupFrom(S, snocCode(ACC, C)) requires notBool codeIn(C, ACC)
supplied_semantics	syntax	function,total	reference-semantics/semantics/set.k:25-25	syntax IntSeq ::= snocCode(IntSeq, Int) [function, total]
supplied_semantics	rule	equational	reference-semantics/semantics/set.k:26-26	rule snocCode(.IntSeq, C:Int)                => iCons(C, .IntSeq)
supplied_semantics	rule	equational	reference-semantics/semantics/set.k:27-27	rule snocCode(iCons(H:Int, T:IntSeq), C:Int) => iCons(H, snocCode(T, C))
supplied_semantics	syntax	function,total	reference-semantics/semantics/set.k:31-31	syntax Bool ::= subsetCodes(IntSeq, IntSeq) [function, total]
supplied_semantics	rule	equational	reference-semantics/semantics/set.k:32-32	rule subsetCodes(.IntSeq, _:IntSeq)                => true
supplied_semantics	rule	equational	reference-semantics/semantics/set.k:33-33	rule subsetCodes(iCons(C:Int, S:IntSeq), B:IntSeq) => codeIn(C, B) andBool subsetCodes(S, B)
supplied_semantics	syntax	function,total	reference-semantics/semantics/set.k:35-35	syntax Bool ::= sameSet(IntSeq, IntSeq) [function, total]
supplied_semantics	rule	equational	reference-semantics/semantics/set.k:36-36	rule sameSet(A:IntSeq, B:IntSeq) => subsetCodes(A, B) andBool subsetCodes(B, A)
supplied_semantics	rule	equational	reference-semantics/semantics/set.k:39-39	rule applyCmp("==", setV(A:IntSeq), setV(B:IntSeq)) => sameSet(A, B)
supplied_semantics	syntax	function,total,symbol,no-evaluators	reference-semantics/semantics/sort.k:18-18	syntax ValSeq ::= sortVS(ValSeq) [function, total, symbol(sortVS), no-evaluators]
supplied_semantics	syntax	function	reference-semantics/semantics/sort.k:19-19	syntax ValSeq ::= insVS(Int, ValSeq) [function]
supplied_semantics	rule	equational	reference-semantics/semantics/sort.k:20-20	rule sortVS(.ValSeq)                => .ValSeq          [concrete]
supplied_semantics	rule	equational	reference-semantics/semantics/sort.k:21-21	rule sortVS(vCons(X:Int, R:ValSeq)) => insVS(X, sortVS(R)) [concrete]
supplied_semantics	rule	equational	reference-semantics/semantics/sort.k:22-22	rule insVS(X:Int, .ValSeq)                => vCons(X, .ValSeq) [concrete]
supplied_semantics	rule	equational	reference-semantics/semantics/sort.k:23-23	rule insVS(X:Int, vCons(Y:Int, R:ValSeq)) => vCons(X, vCons(Y, R)) requires X <=Int Y [concrete]
supplied_semantics	rule	equational	reference-semantics/semantics/sort.k:24-24	rule insVS(X:Int, vCons(Y:Int, R:ValSeq)) => vCons(Y, insVS(X, R)) requires X  >Int Y [concrete]
supplied_semantics	syntax	function	reference-semantics/semantics/sort.k:26-26	syntax ValSeq ::= insVSs(IntSeq, ValSeq) [function]
supplied_semantics	rule	equational	reference-semantics/semantics/sort.k:27-27	rule sortVS(vCons(str(CS:IntSeq), R:ValSeq)) => insVSs(CS, sortVS(R)) [concrete]
supplied_semantics	rule	equational	reference-semantics/semantics/sort.k:28-28	rule insVSs(A:IntSeq, .ValSeq) => vCons(str(A), .ValSeq) [concrete]
supplied_semantics	rule	equational	reference-semantics/semantics/sort.k:29-30	rule insVSs(A:IntSeq, vCons(str(B:IntSeq), R:ValSeq)) => vCons(str(A), vCons(str(B), R)) requires strLt(A, B) orBool A ==K B [concrete]
supplied_semantics	rule	equational	reference-semantics/semantics/sort.k:31-32	rule insVSs(A:IntSeq, vCons(str(B:IntSeq), R:ValSeq)) => vCons(str(B), insVSs(A, R)) requires notBool (strLt(A, B) orBool A ==K B) [concrete]
supplied_semantics	rule	operational	reference-semantics/semantics/sort.k:36-37	rule <k> #applyK(toCall(builtinV("sorted")), (list(VS:ValSeq), .Vals)) => #alloc(list(sortVS(VS))) ... </k>
supplied_semantics	rule	priority,operational	reference-semantics/semantics/sort.k:40-42	rule <k> #applyK(toCall(boundMethodV(ref(H:Int), "sort")), .Vals) => noneV ... </k> <heap> ... H |-> list(VS:ValSeq => sortVS(VS)) ... </heap> [priority(40)]
supplied_semantics	syntax	function,total,symbol,no-evaluators	reference-semantics/semantics/sort.k:49-49	syntax ValSeq ::= sortKeyVS(ValSeq, Val) [function, total, symbol(sortKeyVS), no-evaluators]
supplied_semantics	syntax	function,total	reference-semantics/semantics/sort.k:51-52	syntax ValSeq ::= revVS(ValSeq) [function, total] | revVSAcc(ValSeq, ValSeq) [function, total]
supplied_semantics	rule	equational	reference-semantics/semantics/sort.k:53-53	rule revVS(S:ValSeq) => revVSAcc(S, .ValSeq)
supplied_semantics	rule	equational	reference-semantics/semantics/sort.k:54-54	rule revVSAcc(.ValSeq, A:ValSeq) => A
supplied_semantics	rule	equational	reference-semantics/semantics/sort.k:55-55	rule revVSAcc(vCons(V:Val, R:ValSeq), A:ValSeq) => revVSAcc(R, vCons(V, A))
supplied_semantics	syntax	function,total	reference-semantics/semantics/sort.k:57-57	syntax ValSeq ::= condRev(ValSeq, Bool) [function, total]
supplied_semantics	rule	equational	reference-semantics/semantics/sort.k:58-58	rule condRev(S:ValSeq, false) => S
supplied_semantics	rule	equational	reference-semantics/semantics/sort.k:59-59	rule condRev(S:ValSeq, true)  => revVS(S)
supplied_semantics	rule	operational	reference-semantics/semantics/sort.k:61-62	rule <k> #applyK(toCall(builtinV("sorted")), (list(VS:ValSeq), kwV("key", KV:Val), .Vals)) => #alloc(list(sortKeyVS(VS, KV))) ... </k>
supplied_semantics	rule	operational	reference-semantics/semantics/sort.k:63-64	rule <k> #applyK(toCall(builtinV("sorted")), (list(VS:ValSeq), kwV("key", KV:Val), kwV("reverse", RB:Bool), .Vals)) => #alloc(list(condRev(sortKeyVS(VS, KV), RB))) ... </k>
supplied_semantics	rule	operational	reference-semantics/semantics/sort.k:65-66	rule <k> #applyK(toCall(builtinV("sorted")), (list(VS:ValSeq), kwV("reverse", RB:Bool), .Vals)) => #alloc(list(condRev(sortVS(VS), RB))) ... </k>
supplied_semantics	rule	operational	reference-semantics/semantics/str.k:8-8	rule <k> #iterNext(str(.IntSeq))                 => #iterDone ... </k>
supplied_semantics	rule	operational	reference-semantics/semantics/str.k:9-10	rule <k> #iterNext(str(iCons(C:Int, R:IntSeq))) => #iterYield(str(iCons(C, .IntSeq)), str(R)) ... </k>
supplied_semantics	syntax	function	reference-semantics/semantics/str.k:13-13	syntax IntSeq ::= strToCodes(String) [function]
supplied_semantics	rule	operational	reference-semantics/semantics/str.k:14-14	rule <k> Str(S:String) => str(strToCodes(S)) ... </k>
supplied_semantics	rule	equational	reference-semantics/semantics/str.k:15-15	rule strToCodes("") => .IntSeq
supplied_semantics	rule	equational	reference-semantics/semantics/str.k:16-17	rule strToCodes(S:String) => iCons(ordChar(substrString(S, 0, 1)), strToCodes(substrString(S, 1, lengthString(S)))) requires S =/=String "" andBool ordChar(substrString(S, 0, 1)) <Int 128
supplied_semantics	syntax	function,total	reference-semantics/semantics/str.k:20-20	syntax IntSeq ::= seqConcat(IntSeq, IntSeq) [function, total]
supplied_semantics	rule	equational	reference-semantics/semantics/str.k:21-21	rule seqConcat(.IntSeq, T:IntSeq)                => T
supplied_semantics	rule	equational	reference-semantics/semantics/str.k:22-22	rule seqConcat(iCons(I:Int, S:IntSeq), T:IntSeq) => iCons(I, seqConcat(S, T))
supplied_semantics	rule	equational	reference-semantics/semantics/str.k:24-24	rule applyBin("+",  str(A:IntSeq), str(B:IntSeq)) => str(seqConcat(A, B))
supplied_semantics	rule	equational	reference-semantics/semantics/str.k:25-25	rule applyCmp("==", str(A:IntSeq), str(B:IntSeq)) => A ==K B
supplied_semantics	rule	equational	reference-semantics/semantics/str.k:26-26	rule applyCmp("!=", str(A:IntSeq), str(B:IntSeq)) => notBool (A ==K B)
supplied_semantics	rule	equational	reference-semantics/semantics/str.k:29-29	rule applyCmp("in",     str(P:IntSeq), str(X:IntSeq)) => strContains(P, X)
supplied_semantics	rule	equational	reference-semantics/semantics/str.k:30-30	rule applyCmp("not in", str(P:IntSeq), str(X:IntSeq)) => notBool strContains(P, X)
supplied_semantics	syntax	function,total	reference-semantics/semantics/str.k:32-32	syntax Bool ::= strPrefix(IntSeq, IntSeq) [function, total]
supplied_semantics	rule	equational	reference-semantics/semantics/str.k:33-33	rule strPrefix(.IntSeq, _:IntSeq)               => true
supplied_semantics	rule	equational	reference-semantics/semantics/str.k:34-34	rule strPrefix(iCons(_:Int, _:IntSeq), .IntSeq) => false
supplied_semantics	rule	equational	reference-semantics/semantics/str.k:35-35	rule strPrefix(iCons(A:Int, As:IntSeq), iCons(B:Int, Bs:IntSeq)) => A ==Int B andBool strPrefix(As, Bs)
supplied_semantics	syntax	function,total	reference-semantics/semantics/str.k:37-37	syntax Bool ::= strContains(IntSeq, IntSeq) [function, total]
supplied_semantics	rule	equational	reference-semantics/semantics/str.k:38-38	rule strContains(P:IntSeq, X:IntSeq) => true  requires strPrefix(P, X)
supplied_semantics	rule	equational	reference-semantics/semantics/str.k:39-39	rule strContains(P:IntSeq, .IntSeq)  => false requires notBool strPrefix(P, .IntSeq)
supplied_semantics	rule	equational	reference-semantics/semantics/str.k:40-41	rule strContains(P:IntSeq, iCons(C:Int, Xs:IntSeq)) => strContains(P, Xs) requires notBool strPrefix(P, iCons(C, Xs))
supplied_semantics	syntax	function,total	reference-semantics/semantics/str.k:48-48	syntax Bool ::= strLt(IntSeq, IntSeq) [function, total]
supplied_semantics	rule	equational	reference-semantics/semantics/str.k:49-49	rule strLt(.IntSeq, .IntSeq)                => false
supplied_semantics	rule	equational	reference-semantics/semantics/str.k:50-50	rule strLt(.IntSeq, iCons(_:Int, _:IntSeq)) => true
supplied_semantics	rule	equational	reference-semantics/semantics/str.k:51-51	rule strLt(iCons(_:Int, _:IntSeq), .IntSeq) => false
supplied_semantics	rule	equational	reference-semantics/semantics/str.k:52-52	rule strLt(iCons(A:Int, As:IntSeq), iCons(B:Int, Bs:IntSeq)) => true          requires A  <Int B
supplied_semantics	rule	equational	reference-semantics/semantics/str.k:53-53	rule strLt(iCons(A:Int, As:IntSeq), iCons(B:Int, Bs:IntSeq)) => false         requires A  >Int B
supplied_semantics	rule	equational	reference-semantics/semantics/str.k:54-54	rule strLt(iCons(A:Int, As:IntSeq), iCons(B:Int, Bs:IntSeq)) => strLt(As, Bs) requires A ==Int B
supplied_semantics	rule	equational	reference-semantics/semantics/str.k:56-56	rule applyCmp("<",  str(A:IntSeq), str(B:IntSeq)) => strLt(A, B)
supplied_semantics	rule	equational	reference-semantics/semantics/str.k:57-57	rule applyCmp(">",  str(A:IntSeq), str(B:IntSeq)) => strLt(B, A)
supplied_semantics	rule	equational	reference-semantics/semantics/str.k:58-58	rule applyCmp("<=", str(A:IntSeq), str(B:IntSeq)) => notBool strLt(B, A)
supplied_semantics	rule	equational	reference-semantics/semantics/str.k:59-59	rule applyCmp(">=", str(A:IntSeq), str(B:IntSeq)) => notBool strLt(A, B)
supplied_semantics	syntax	function,total	reference-semantics/semantics/subscript.k:11-11	syntax Val ::= valSeqAt(ValSeq, Int) [function, total]
supplied_semantics	rule	equational	reference-semantics/semantics/subscript.k:12-12	rule valSeqAt(vCons(V:Val, _:ValSeq), 0)     => V
supplied_semantics	rule	equational	reference-semantics/semantics/subscript.k:13-14	rule valSeqAt(vCons(_:Val, S:ValSeq), I:Int) => valSeqAt(S, I -Int 1) requires I >Int 0
supplied_semantics	syntax	function	reference-semantics/semantics/subscript.k:16-16	syntax Int ::= intSeqAt(IntSeq, Int) [function]
supplied_semantics	rule	equational	reference-semantics/semantics/subscript.k:17-17	rule intSeqAt(iCons(C:Int, _:IntSeq), 0)     => C
supplied_semantics	rule	equational	reference-semantics/semantics/subscript.k:18-19	rule intSeqAt(iCons(_:Int, S:IntSeq), I:Int) => intSeqAt(S, I -Int 1) requires I >Int 0
supplied_semantics	syntax	function,total	reference-semantics/semantics/subscript.k:21-21	syntax Int ::= normIdx(Int, Int) [function, total]
supplied_semantics	rule	equational	reference-semantics/semantics/subscript.k:22-22	rule normIdx(I:Int, LEN:Int) => I +Int LEN requires I  <Int 0
supplied_semantics	rule	equational	reference-semantics/semantics/subscript.k:23-23	rule normIdx(I:Int, _:Int)   => I          requires I >=Int 0
supplied_semantics	context	-	reference-semantics/semantics/subscript.k:27-27	context Subscript(HOLE, _)
supplied_semantics	context	-	reference-semantics/semantics/subscript.k:28-28	context Subscript(_:Val, HOLE:Expr)
supplied_semantics	rule	priority,operational	reference-semantics/semantics/subscript.k:31-33	rule <k> Subscript(ref(H:Int), IX:Index) => Subscript(V, IX) ... </k> <heap> ... H |-> V:Val ... </heap> [priority(40)]
supplied_semantics	rule	operational	reference-semantics/semantics/subscript.k:35-35	rule <k> Subscript(OBJ:Val, I:Int) => applyIndex(OBJ, I) ... </k>
supplied_semantics	syntax	function	reference-semantics/semantics/subscript.k:37-37	syntax Val ::= applyIndex(Val, Int) [function]
supplied_semantics	rule	equational	reference-semantics/semantics/subscript.k:38-38	rule applyIndex(list(VS:ValSeq),  I:Int) => valSeqAt(VS, normIdx(I, vsLen(VS)))
supplied_semantics	rule	equational	reference-semantics/semantics/subscript.k:39-39	rule applyIndex(tuple(VS:ValSeq), I:Int) => valSeqAt(VS, normIdx(I, vsLen(VS)))
supplied_semantics	rule	equational	reference-semantics/semantics/subscript.k:40-41	rule applyIndex(str(IS:IntSeq),   I:Int) => str(iCons(intSeqAt(IS, normIdx(I, isLen(IS))), .IntSeq))
supplied_semantics	syntax	-	reference-semantics/semantics/subscript.k:44-47	syntax KItem ::= #evalB(Bound) | "#toSome" | #slLo(Val, Bound, Bound) | #slHi(Val, OptInt, Bound) | #slStep(Val, OptInt, OptInt)
supplied_semantics	syntax	-	reference-semantics/semantics/subscript.k:49-49	syntax OptInt ::= "noB" | someB(Int)
supplied_semantics	rule	operational	reference-semantics/semantics/subscript.k:50-50	rule <k> #evalB(NoBound)  => noB ... </k>
supplied_semantics	rule	operational	reference-semantics/semantics/subscript.k:51-51	rule <k> #evalB(E:Expr)   => E ~> #toSome ... </k>
supplied_semantics	rule	operational	reference-semantics/semantics/subscript.k:52-52	rule <k> I:Int ~> #toSome => someB(I) ... </k>
supplied_semantics	rule	operational	reference-semantics/semantics/subscript.k:54-54	rule <k> Subscript(OBJ:Val, Slice(LO:Bound, HI:Bound, ST:Bound)) => #evalB(LO) ~> #slLo(OBJ, HI, ST) ... </k>
supplied_semantics	rule	operational	reference-semantics/semantics/subscript.k:55-55	rule <k> LO:OptInt ~> #slLo(OBJ:Val, HI:Bound, ST:Bound)   => #evalB(HI) ~> #slHi(OBJ, LO, ST) ... </k>
supplied_semantics	rule	operational	reference-semantics/semantics/subscript.k:56-56	rule <k> HI:OptInt ~> #slHi(OBJ:Val, LO:OptInt, ST:Bound)  => #evalB(ST) ~> #slStep(OBJ, LO, HI) ... </k>
supplied_semantics	rule	priority,operational	reference-semantics/semantics/subscript.k:58-60	rule <k> ST:OptInt ~> #slStep(list(VS:ValSeq), LO:OptInt, HI:OptInt) => #alloc(doSlice(list(VS), LO, HI, ST)) ... </k> [priority(45)]
supplied_semantics	rule	operational	reference-semantics/semantics/subscript.k:61-61	rule <k> ST:OptInt ~> #slStep(OBJ:Val, LO:OptInt, HI:OptInt) => doSlice(OBJ, LO, HI, ST) ... </k>
supplied_semantics	syntax	function	reference-semantics/semantics/subscript.k:63-63	syntax Val ::= doSlice(Val, OptInt, OptInt, OptInt) [function]
supplied_semantics	rule	equational	reference-semantics/semantics/subscript.k:64-65	rule doSlice(list(VS:ValSeq), LO:OptInt, HI:OptInt, ST:OptInt) => list(buildVS(VS, slStart(LO, ST, vsLen(VS)), slStop(HI, ST, vsLen(VS)), slStep(ST)))
supplied_semantics	rule	equational	reference-semantics/semantics/subscript.k:66-67	rule doSlice(tuple(VS:ValSeq), LO:OptInt, HI:OptInt, ST:OptInt) => tuple(buildVS(VS, slStart(LO, ST, vsLen(VS)), slStop(HI, ST, vsLen(VS)), slStep(ST)))
supplied_semantics	rule	equational	reference-semantics/semantics/subscript.k:68-69	rule doSlice(str(IS:IntSeq), LO:OptInt, HI:OptInt, ST:OptInt) => str(buildIS(IS, slStart(LO, ST, isLen(IS)), slStop(HI, ST, isLen(IS)), slStep(ST)))
supplied_semantics	syntax	function,total	reference-semantics/semantics/subscript.k:72-72	syntax Int ::= slStep(OptInt) [function, total]
supplied_semantics	rule	equational	reference-semantics/semantics/subscript.k:73-73	rule slStep(noB)          => 1
supplied_semantics	rule	equational	reference-semantics/semantics/subscript.k:74-74	rule slStep(someB(S:Int)) => S
supplied_semantics	syntax	function	reference-semantics/semantics/subscript.k:76-76	syntax Int ::= slStart(OptInt, OptInt, Int) [function]
supplied_semantics	rule	equational	reference-semantics/semantics/subscript.k:77-78	rule slStart(noB,          ST:OptInt, _LEN:Int) => 0 requires slStep(ST) >Int 0
supplied_semantics	rule	equational	reference-semantics/semantics/subscript.k:79-80	rule slStart(noB,          ST:OptInt, LEN:Int)  => LEN -Int 1 requires slStep(ST) <Int 0
supplied_semantics	rule	equational	reference-semantics/semantics/subscript.k:81-81	rule slStart(someB(I:Int), ST:OptInt, LEN:Int)  => slAdjust(I, LEN, slStep(ST))
supplied_semantics	syntax	function	reference-semantics/semantics/subscript.k:83-83	syntax Int ::= slStop(OptInt, OptInt, Int) [function]
supplied_semantics	rule	equational	reference-semantics/semantics/subscript.k:84-85	rule slStop(noB,          ST:OptInt, LEN:Int)  => LEN requires slStep(ST) >Int 0
supplied_semantics	rule	equational	reference-semantics/semantics/subscript.k:86-87	rule slStop(noB,          ST:OptInt, _LEN:Int) => -1 requires slStep(ST) <Int 0
supplied_semantics	rule	equational	reference-semantics/semantics/subscript.k:88-88	rule slStop(someB(I:Int), ST:OptInt, LEN:Int)  => slAdjust(I, LEN, slStep(ST))
supplied_semantics	syntax	function,total	reference-semantics/semantics/subscript.k:90-90	syntax Int ::= slAdjust(Int, Int, Int) [function, total]
supplied_semantics	rule	equational	reference-semantics/semantics/subscript.k:91-92	rule slAdjust(I:Int, LEN:Int, STEP:Int) => clampLo(I +Int LEN, STEP) requires I  <Int 0
supplied_semantics	rule	equational	reference-semantics/semantics/subscript.k:93-94	rule slAdjust(I:Int, LEN:Int, STEP:Int) => clampHi(I, LEN, STEP) requires I >=Int 0
supplied_semantics	syntax	function,total	reference-semantics/semantics/subscript.k:96-96	syntax Int ::= clampLo(Int, Int) [function, total]
supplied_semantics	rule	equational	reference-semantics/semantics/subscript.k:97-98	rule clampLo(J:Int, _STEP:Int) => J requires J >=Int 0
supplied_semantics	rule	equational	reference-semantics/semantics/subscript.k:99-100	rule clampLo(J:Int, STEP:Int)  => #if STEP <Int 0 #then -1 #else 0 #fi requires J <Int 0
supplied_semantics	syntax	function,total	reference-semantics/semantics/subscript.k:102-102	syntax Int ::= clampHi(Int, Int, Int) [function, total]
supplied_semantics	rule	equational	reference-semantics/semantics/subscript.k:103-104	rule clampHi(I:Int, LEN:Int, _STEP:Int) => I requires I  <Int LEN
supplied_semantics	rule	equational	reference-semantics/semantics/subscript.k:105-106	rule clampHi(I:Int, LEN:Int, STEP:Int)  => #if STEP <Int 0 #then LEN -Int 1 #else LEN #fi requires I >=Int LEN
supplied_semantics	syntax	function	reference-semantics/semantics/subscript.k:109-109	syntax ValSeq ::= buildVS(ValSeq, Int, Int, Int) [function]
supplied_semantics	rule	equational	reference-semantics/semantics/subscript.k:110-112	rule buildVS(VS:ValSeq, I:Int, STOP:Int, STEP:Int) => vCons(valSeqAt(VS, I), buildVS(VS, I +Int STEP, STOP, STEP)) requires (STEP >Int 0 andBool I <Int STOP) orBool (STEP <Int 0 andBool I >Int STOP)
supplied_semantics	rule	equational	reference-semantics/semantics/subscript.k:113-114	rule buildVS(_:ValSeq, I:Int, STOP:Int, STEP:Int) => .ValSeq requires notBool ((STEP >Int 0 andBool I <Int STOP) orBool (STEP <Int 0 andBool I >Int STOP))
supplied_semantics	syntax	function	reference-semantics/semantics/subscript.k:116-116	syntax IntSeq ::= buildIS(IntSeq, Int, Int, Int) [function]
supplied_semantics	rule	equational	reference-semantics/semantics/subscript.k:117-119	rule buildIS(IS:IntSeq, I:Int, STOP:Int, STEP:Int) => iCons(intSeqAt(IS, I), buildIS(IS, I +Int STEP, STOP, STEP)) requires (STEP >Int 0 andBool I <Int STOP) orBool (STEP <Int 0 andBool I >Int STOP)
supplied_semantics	rule	equational	reference-semantics/semantics/subscript.k:120-121	rule buildIS(_:IntSeq, I:Int, STOP:Int, STEP:Int) => .IntSeq requires notBool ((STEP >Int 0 andBool I <Int STOP) orBool (STEP <Int 0 andBool I >Int STOP))
supplied_semantics	syntax	macro,strict	reference-semantics/semantics/syntax.k:9-30	syntax Expr ::= "Int"      "(" Int ")" | "Float"    "(" Float ")" | "Bool"     "(" Bool ")" | "Name"     "(" String ")" | "Str"      "(" String ")" | "UnaryOp"  "(" String "," Expr ")" [strict(2)] | "BinOp"    "(" String "," Expr "," Expr ")" [seqstrict(2, 3)] | "BoolOp"    "(" String "," Exprs ")" | "ListExpr"  "(" Exprs ")" | "DictExpr"  "(" Entries ")" | "ListComp"  "(" Expr "," CompFors ")" [macro] | "GenExp"    "(" Expr "," CompFors ")" [macro] | "TupleExpr" "(" Exprs ")" | "Subscript" "(" Expr "," Index ")" | "IfExp"     "(" Expr "," Expr "," Expr ")" [strict(1)] | "Lambda"    "(" Params "," Expr ")" | "KwArg"     "(" String "," Expr ")" | "Lambda"    "(" Params "," CellVars "," FreeVars "," Expr ")" | "NoneVal" | "Call"      "(" Expr "," Exprs ")" | "Attribute" "(" Expr "," String ")" [strict(1)] | "Compare"   "(" Expr "," CmpOp ")"
supplied_semantics	syntax	-	reference-semantics/semantics/syntax.k:32-32	syntax CmpOp    ::= "CmpOp" "(" String "," Expr ")"
supplied_semantics	syntax	-	reference-semantics/semantics/syntax.k:33-33	syntax Entry    ::= "Entry" "(" Expr "," Expr ")"
supplied_semantics	syntax	-	reference-semantics/semantics/syntax.k:34-34	syntax Entries  ::= List{Entry, ","}
supplied_semantics	syntax	-	reference-semantics/semantics/syntax.k:35-35	syntax CompFor  ::= "CompFor" "(" Expr "," Expr "," Exprs ")"
supplied_semantics	syntax	-	reference-semantics/semantics/syntax.k:36-36	syntax CompFors ::= List{CompFor, ""}
supplied_semantics	syntax	-	reference-semantics/semantics/syntax.k:37-37	syntax Exprs    ::= List{Expr, ","}
supplied_semantics	syntax	-	reference-semantics/semantics/syntax.k:38-38	syntax Index    ::= Expr | "Slice" "(" Bound "," Bound "," Bound ")"
supplied_semantics	syntax	-	reference-semantics/semantics/syntax.k:39-39	syntax Bound    ::= Expr | "NoBound"
supplied_semantics	syntax	strict	reference-semantics/semantics/syntax.k:41-54	syntax Stmt ::= "Assign"    "(" Expr "," Expr ")" [strict(2)] | "Import"    "(" String ")" | "ImportFrom" "(" String "," ParamNames ")" | "AugAssign" "(" Expr "," String "," Expr ")" [strict(3)] | "For"       "(" Expr "," Expr "," Stmts ")" [strict(2)] | "While"     "(" Expr "," Stmts ")" | "Break" | "Continue" | "If"        "(" Expr "," Stmts "," Stmts ")" [strict(1)] | "Return"    "(" Expr ")" [strict] | "Assert"    "(" Expr ")" [strict] | "Expr"      "(" Expr ")" [strict] | "FuncDef"   "(" String "," Params "," Stmts ")" | "FuncDef"   "(" String "," Params "," CellVars "," FreeVars "," Stmts ")"
supplied_semantics	syntax	-	reference-semantics/semantics/syntax.k:56-56	syntax Stmts      ::= List{Stmt, ""}
supplied_semantics	syntax	-	reference-semantics/semantics/syntax.k:57-57	syntax Params     ::= "Params" "(" ParamNames ")"
supplied_semantics	syntax	-	reference-semantics/semantics/syntax.k:58-58	syntax CellVars   ::= "CellVars" "(" ParamNames ")"
supplied_semantics	syntax	-	reference-semantics/semantics/syntax.k:59-59	syntax FreeVars   ::= "FreeVars" "(" ParamNames ")"
supplied_semantics	syntax	-	reference-semantics/semantics/syntax.k:60-60	syntax ParamNames ::= List{String, ","}
supplied_semantics	syntax	-	reference-semantics/semantics/syntax.k:61-61	syntax Module     ::= "Module" "(" Stmts ")"
supplied_semantics	rule	operational	reference-semantics/semantics/tuple.k:10-10	rule <k> #iterNext(tuple(.ValSeq))                => #iterDone ... </k>
supplied_semantics	rule	operational	reference-semantics/semantics/tuple.k:11-11	rule <k> #iterNext(tuple(vCons(V:Val, R:ValSeq))) => #iterYield(V, tuple(R)) ... </k>
supplied_semantics	syntax	-	reference-semantics/semantics/tuple.k:14-14	syntax ApplyK ::= "toTuple"
supplied_semantics	rule	operational	reference-semantics/semantics/tuple.k:15-15	rule <k> TupleExpr(ES:Exprs) => #evalArgs(ES, .Vals, toTuple) ... </k>
supplied_semantics	rule	operational	reference-semantics/semantics/tuple.k:16-16	rule <k> #applyK(toTuple, ACC:Vals) => tuple(vals2valSeq(ACC)) ... </k>
supplied_semantics	rule	equational	reference-semantics/semantics/tuple.k:18-18	rule applyCmp("==", tuple(A:ValSeq), tuple(B:ValSeq)) => A ==K B
supplied_semantics	rule	operational	reference-semantics/semantics/tuple.k:20-20	rule <k> Compare(LV:Val, CmpOp("in",     tuple(VS:ValSeq))) => #memberAcc(LV, tuple(VS)) ... </k>
supplied_semantics	rule	operational	reference-semantics/semantics/tuple.k:21-21	rule <k> Compare(LV:Val, CmpOp("not in", tuple(VS:ValSeq))) => #memberAcc(LV, tuple(VS)) ~> #notB ... </k>
supplied_semantics	rule	equational	reference-semantics/semantics/tuple.k:23-23	rule applyMethod(tuple(VS:ValSeq), "index", V:Val, .Vals) => idxOfVS(VS, V, 0)
supplied_semantics	syntax	function	reference-semantics/semantics/tuple.k:24-24	syntax Int ::= idxOfVS(ValSeq, Val, Int) [function]
supplied_semantics	rule	equational	reference-semantics/semantics/tuple.k:25-25	rule idxOfVS(vCons(A:Val, _:ValSeq), V:Val, I:Int) => I requires A ==K V
supplied_semantics	rule	equational	reference-semantics/semantics/tuple.k:26-27	rule idxOfVS(vCons(A:Val, R:ValSeq), V:Val, I:Int) => idxOfVS(R, V, I +Int 1) requires notBool (A ==K V)
supplied_semantics	rule	equational	reference-semantics/semantics/tuple.k:28-28	rule applyCmp("!=", tuple(A:ValSeq), tuple(B:ValSeq)) => notBool (A ==K B)
supplied_semantics	syntax	-	reference-semantics/semantics/tuple.k:31-31	syntax KItem ::= #bindTgt(Expr, Val)
supplied_semantics	rule	operational	reference-semantics/semantics/tuple.k:32-34	rule <k> #bindTgt(Name(X:String), V:Val) => .K ... </k> <env> L:Int </env> <scopes> ... L |-> scope(M:Map => M [ X <- V ], _) ... </scopes>
supplied_semantics	rule	priority,operational	reference-semantics/semantics/tuple.k:35-41	rule <k> #bindTgt(Name(X:String), V:Val) => #cellW({M[X]}:>Val, V) ... </k> <env> L:Int </env> <scopes> ... L |-> scope(M:Map, _) ... </scopes> requires "$cells" in_keys(M) andBool pnMember(X, cellsOf({M["$cells"]}:>Val)) andBool X in_keys(M) andBool isCellRef({M[X]}:>Val) [priority(40)]
supplied_semantics	rule	operational	reference-semantics/semantics/tuple.k:42-42	rule <k> #bindTgt(TupleExpr(TS:Exprs), tuple(VS:ValSeq)) => #unpackSeq(TS, VS) ... </k>
supplied_semantics	rule	operational	reference-semantics/semantics/tuple.k:43-43	rule <k> #bindTgt(TupleExpr(TS:Exprs), list(VS:ValSeq))  => #unpackSeq(TS, VS) ... </k>
supplied_semantics	rule	priority,operational	reference-semantics/semantics/tuple.k:44-46	rule <k> #bindTgt(TupleExpr(TS:Exprs), ref(H:Int)) => #bindTgt(TupleExpr(TS), V) ... </k> <heap> ... H |-> V:Val ... </heap> [priority(40)]
supplied_semantics	syntax	-	reference-semantics/semantics/tuple.k:49-49	syntax KItem ::= #unpackSeq(Exprs, ValSeq)
supplied_semantics	rule	operational	reference-semantics/semantics/tuple.k:50-50	rule <k> Assign(TupleExpr(TS:Exprs), tuple(VS:ValSeq)) => #unpackSeq(TS, VS) ... </k>
supplied_semantics	rule	operational	reference-semantics/semantics/tuple.k:51-51	rule <k> Assign(TupleExpr(TS:Exprs), list(VS:ValSeq))  => #unpackSeq(TS, VS) ... </k>
supplied_semantics	rule	priority,operational	reference-semantics/semantics/tuple.k:52-54	rule <k> Assign(TupleExpr(TS:Exprs), ref(H:Int)) => Assign(TupleExpr(TS), V) ... </k> <heap> ... H |-> V:Val ... </heap> [priority(40)]
supplied_semantics	rule	operational	reference-semantics/semantics/tuple.k:55-56	rule <k> #unpackSeq((T:Expr, TS:Exprs), vCons(V:Val, VS:ValSeq)) => #bindTgt(T, V) ~> #unpackSeq(TS, VS) ... </k>
supplied_semantics	rule	operational	reference-semantics/semantics/tuple.k:57-57	rule <k> #unpackSeq(.Exprs, .ValSeq) => .K ... </k>
proof_extension	syntax	function,total	verification.k:6-6	syntax Bool ::= intsOnly(ValSeq) [function, total]
proof_extension	rule	equational	verification.k:7-7	rule intsOnly(.ValSeq) => true
proof_extension	rule	equational	verification.k:8-9	rule intsOnly(vCons(V:Val, R:ValSeq)) => isInt(V) andBool intsOnly(R)
proof_extension	syntax	function	verification.k:13-13	syntax Int ::= qualifyingSumAcc(Int, ValSeq) [function]
proof_extension	syntax	function,total	verification.k:14-14	syntax Int ::= intValue(Val) [function, total]
proof_extension	rule	equational	verification.k:15-15	rule intValue(I:Int) => I
proof_extension	rule	equational	verification.k:16-16	rule qualifyingSumAcc(A:Int, .ValSeq) => A
proof_extension	rule	equational	verification.k:17-19	rule qualifyingSumAcc(A:Int, vCons(V:Val, R:ValSeq)) => qualifyingSumAcc(A +Int intValue(V), R) requires isInt(V) andBool absInt(intValue(V)) <Int 100
proof_extension	rule	equational	verification.k:20-22	rule qualifyingSumAcc(A:Int, vCons(V:Val, R:ValSeq)) => qualifyingSumAcc(A, R) requires isInt(V) andBool absInt(intValue(V)) >=Int 100
proof_extension	rule	simplification,equational	verification.k:27-30	rule applyBuiltin("abs", V:Val, .Vals) => absInt(intValue(V)) requires isInt(V) [simplification]
proof_extension	rule	simplification,equational	verification.k:31-34	rule applyBin("+", A:Int, V:Val) => A +Int intValue(V) requires isInt(V) [simplification]
proof_extension	rule	simplification,equational	verification.k:39-40	rule K:KItem in_keys(M:Map [ K <- V:KItem ]) => true [simplification]
proof_extension	rule	simplification,equational	verification.k:41-44	rule K1:KItem in_keys(M:Map [ K2:KItem <- V:KItem ]) => K1 in_keys(M) requires K1 =/=K K2 [simplification]
proof_extension	rule	simplification,equational	verification.k:45-46	rule (M:Map [ K:KItem <- V:KItem ]) [ K ] => V [simplification]
proof_extension	rule	simplification,equational	verification.k:47-49	rule (M:Map [ K2:KItem <- V:KItem ]) [ K1:KItem ] => M [ K1 ] requires K1 =/=K K2 [simplification]
proof_extension	rule	simplification,equational	verification.k:54-60	rule slAdjust( vsLen(PREFIX:ValSeq) +Int 1, vsLen(valSeqConcat(PREFIX, SUFFIX:ValSeq)) +Int 1, 1 ) => vsLen(PREFIX) +Int 1 [simplification]
proof_extension	rule	simplification,equational	verification.k:61-68	rule buildVS( vCons(HEAD:Val, valSeqConcat(PREFIX:ValSeq, SUFFIX:ValSeq)), 0, vsLen(PREFIX) +Int 1, 1 ) => vCons(HEAD, PREFIX) [simplification]
proof_claim	claim	total	spec.k:9-49	claim <k> #loop( list(vCons(V:Val, VS:ValSeq)), Name("element"), If( Compare( Call(Name("abs"), Name("element")), CmpOp("<", Int(100)) ), AugAssign(Name("total"), "+", Name("element")), .Stmts ) ) => .K ... </k> <env> 1 </env> <scopes> -1 |-> builtinsScope 0 |-> scope(GLOBALS:Map, parent(-1)) 1 |-> scope( "arr" |-> ARR:Val "k" |-> KARG:Int "total" |-> ACC:Int "element" |-> OLD:Val, parent(0) ) => -1 |-> builtinsScope 0 |-> scope(GLOBALS, parent(-1)) 1 |-> scope( "arr" |-> ARR "k" |-> KARG "total" |-> qualifyingSumAcc(ACC, vCons(V, VS)) "element" |-> ?FINAL:Val, parent(0) ) </scopes> requires notBool "abs" in_keys(GLOBALS) andBool isInt(V) andBool intsOnly(VS)
proof_claim	claim	total	spec.k:54-108	claim <k> Call( closureVal( ("arr", "k", .ParamNames), Assign(Name("total"), Int(0)) For( Name("element"), Subscript( Name("arr"), Slice(NoBound, Name("k"), NoBound) ), If( Compare( Call(Name("abs"), Name("element")), CmpOp("<", Int(100)) ), AugAssign(Name("total"), "+", Name("element")), .Stmts ) ) Return(Name("total")) .Stmts, 0 ), list( valSeqConcat( vCons(HEAD:Val, PREFIX:ValSeq), SUFFIX:ValSeq ) ), vsLen(vCons(HEAD, PREFIX)) ) => qualifyingSumAcc(0, vCons(HEAD, PREFIX)) </k> <env> 0 </env> <scopes> -1 |-> builtinsScope 0 |-> scope(.Map, parent(-1)) </scopes> <scopeLoc> 1 </scopeLoc> <heap> .Map => ?FINALHEAP:Map </heap> <heapLoc> 0 => ?FINALLOC:Int </heapLoc> <stack> .List </stack> <ret> noRet </ret> <exc> NoExc </exc> <exit-code> 0 </exit-code> requires isInt(HEAD) andBool intsOnly(PREFIX) andBool intsOnly(SUFFIX) andBool ( vsLen(vCons(HEAD, PREFIX)) +Int vsLen(SUFFIX) <=Int 100 )
TOTAL_INVENTORIED_DECLARATIONS	947
EXIT_STATUS: 0
