===== reference-semantics/semantics/assert.k =====
counts continuation=3 endmodule=1 import=1 module=1 priority=1 requires-file-or-guard=2 rule=3
0003 [module] module MPY-ASSERT
0004 [import]   imports MPY-CORE
0006 [rule]   rule <k> Assert(V:Val) => .K ... </k>
0007 [requires-file-or-guard]        requires truthy(V)
0008 [rule]   rule <k> Assert(V:Val) ~> _ => .K </k>
0009 [continuation]        <exc> NoExc => AssertionError </exc>
0010 [continuation]        <exit-code> _ => 1 </exit-code>
0011 [requires-file-or-guard]        requires notBool truthy(V)
0013 [rule]   rule <k> Assert(ref(H:Int)) => Assert(V) ... </k>
0014 [continuation]        <heap> ... H |-> V:Val ... </heap>
0015 [priority]        [priority(40)]
0016 [endmodule] endmodule
===== reference-semantics/semantics/bool.k =====
counts context=1 continuation=4 endmodule=1 import=1 module=1 priority=5 requires-file-or-guard=8 rule=13
0005 [module] module MPY-BOOL
0006 [import]   imports MPY-CORE
0008 [rule]   rule applyUn("not", V:Val) => notBool truthy(V)
0010 [rule]   rule applyCmp("==", B1:Bool, B2:Bool) => B1 ==Bool B2
0011 [rule]   rule applyCmp("!=", B1:Bool, B2:Bool) => B1 =/=Bool B2
0016 [context]   context BoolOp(_, (HOLE:Expr, _:Exprs))
0017 [rule]   rule <k> BoolOp(_:String, (V:Val, .Exprs)) => V ... </k>
0018 [rule]   rule <k> BoolOp("and", (V:Val, A:Expr, REST:Exprs)) => BoolOp("and", (A, REST)) ... </k>
0019 [requires-file-or-guard]        requires truthy(V)
0020 [rule]   rule <k> BoolOp("and", (V:Val, _:Expr, _:Exprs)) => V ... </k>
0021 [requires-file-or-guard]        requires notBool truthy(V)
0022 [rule]   rule <k> BoolOp("or",  (V:Val, _:Expr, _:Exprs)) => V ... </k>
0023 [requires-file-or-guard]        requires truthy(V)
0024 [rule]   rule <k> BoolOp("or",  (V:Val, A:Expr, REST:Exprs)) => BoolOp("or", (A, REST)) ... </k>
0025 [requires-file-or-guard]        requires notBool truthy(V)
0029 [rule]   rule <k> BoolOp(_:String, (ref(H:Int), .Exprs)) => ref(H) ... </k>
0030 [priority]        [priority(40)]
0031 [rule]   rule <k> BoolOp("and", (ref(H:Int), A:Expr, REST:Exprs)) => BoolOp("and", (A, REST)) ... </k>
0032 [continuation]        <heap> ... H |-> V:Val ... </heap>
0033 [requires-file-or-guard]        requires truthy(V)
0034 [priority]        [priority(40)]
0035 [rule]   rule <k> BoolOp("and", (ref(H:Int), _:Expr, _:Exprs)) => ref(H) ... </k>
0036 [continuation]        <heap> ... H |-> V:Val ... </heap>
0037 [requires-file-or-guard]        requires notBool truthy(V)
0038 [priority]        [priority(40)]
0039 [rule]   rule <k> BoolOp("or", (ref(H:Int), _:Expr, _:Exprs)) => ref(H) ... </k>
0040 [continuation]        <heap> ... H |-> V:Val ... </heap>
0041 [requires-file-or-guard]        requires truthy(V)
0042 [priority]        [priority(40)]
0043 [rule]   rule <k> BoolOp("or", (ref(H:Int), A:Expr, REST:Exprs)) => BoolOp("or", (A, REST)) ... </k>
0044 [continuation]        <heap> ... H |-> V:Val ... </heap>
0045 [requires-file-or-guard]        requires notBool truthy(V)
0046 [priority]        [priority(40)]
0047 [endmodule] endmodule
===== reference-semantics/semantics/builtins.k =====
counts continuation=14 endmodule=1 function-declaration=30 import=7 module=1 opaque-no-evaluators=1 priority=1 requires-file-or-guard=21 rule=137 symbol=1 syntax=38 syntax-continuation=1 total=23
0003 [module] module MPY-BUILTINS
0004 [import]   imports MPY-CORE
0005 [import]   imports MPY-STR
0006 [import]   imports MPY-SET
0007 [import]   imports MPY-ITER
0008 [import]   imports MPY-RANGE
0009 [import]   imports MPY-INT
0010 [import]   imports MPY-METHODS
0017 [syntax,function-declaration]   syntax Val ::= applyBuiltin(String, Vals) [function]
0020 [syntax,function-declaration]   syntax Int ::= seqLen(Val) [function]
0021 [rule]   rule applyBuiltin("len", OBJ:Val, .Vals) => seqLen(OBJ)
0022 [rule]   rule seqLen(list(VS:ValSeq))                  => vsLen(VS)
0023 [rule]   rule seqLen(tuple(VS:ValSeq))                 => vsLen(VS)
0024 [rule]   rule seqLen(str(IS:IntSeq))                   => isLen(IS)
0025 [rule]   rule seqLen(setV(DS:IntSeq))                  => isLen(DS)
0026 [rule]   rule seqLen(rangeObj(LO:Int, HI:Int, ST:Int)) => rangeLen(LO, HI, ST)
0032 [rule]   rule <k> #applyK(toCall(builtinV("list")), (list(VS:ValSeq),  .Vals)) => #alloc(list(VS)) ... </k>
0033 [rule]   rule <k> #applyK(toCall(builtinV("list")), (tuple(VS:ValSeq), .Vals)) => #alloc(list(VS)) ... </k>
0034 [rule]   rule <k> #applyK(toCall(builtinV("list")), .Vals)                     => #alloc(list(.ValSeq)) ... </k>
0035 [rule]   rule <k> #applyK(toCall(builtinV("list")), (str(CS:IntSeq), .Vals))   => #alloc(list(charsOf(CS))) ... </k>
0036 [syntax,function-declaration,total]   syntax ValSeq ::= charsOf(IntSeq) [function, total]
0037 [rule]   rule charsOf(.IntSeq)                => .ValSeq
0038 [rule]   rule charsOf(iCons(C:Int, R:IntSeq)) => vCons(str(iCons(C, .IntSeq)), charsOf(R))
0041 [rule]   rule applyBuiltin("set", str(CS:IntSeq), .Vals) => setV(dedupCodes(CS))
0044 [rule]   rule applyBuiltin("abs", I:Int, .Vals) => absInt(I)
0047 [syntax]   syntax KItem ::= #sumAcc(Iterable, Int) | #sumCont(Int)
0048 [rule]   rule <k> #sumAcc(IT:Iterable, ACC:Int) => #iterNext(IT) ~> #sumCont(ACC) ... </k>
0049 [rule]   rule <k> #iterDone ~> #sumCont(ACC:Int) => ACC ... </k>
0050 [rule]   rule <k> #iterYield(V:Val, R:Iterable) ~> #sumCont(ACC:Int)
0051 [continuation]         => #sumAcc(R, ACC +Int intOf(V)) ... </k>
0052 [requires-file-or-guard]        requires isInt(V) orBool isBool(V)
0054 [syntax,function-declaration]   syntax Int ::= intOf(Val) [function]
0055 [rule]   rule intOf(I:Int)  => I
0056 [rule]   rule intOf(B:Bool) => #if B #then 1 #else 0 #fi
0059 [syntax]   syntax KItem ::= #allAcc(Iterable) | "#allCont"
0060 [rule]   rule <k> #allAcc(IT:Iterable) => #iterNext(IT) ~> #allCont ... </k>
0061 [rule]   rule <k> #iterDone ~> #allCont => true ... </k>
0062 [rule]   rule <k> #iterYield(V:Val, R:Iterable) ~> #allCont => #allAcc(R) ... </k>
0063 [requires-file-or-guard]        requires truthy(V)
0064 [rule]   rule <k> #iterYield(V:Val, _:Iterable) ~> #allCont => false ... </k>
0065 [requires-file-or-guard]        requires notBool truthy(V)
0067 [syntax]   syntax KItem ::= #anyAcc(Iterable) | "#anyCont"
0068 [rule]   rule <k> #anyAcc(IT:Iterable) => #iterNext(IT) ~> #anyCont ... </k>
0069 [rule]   rule <k> #iterDone ~> #anyCont => false ... </k>
0070 [rule]   rule <k> #iterYield(V:Val, _:Iterable) ~> #anyCont => true ... </k>
0071 [requires-file-or-guard]        requires truthy(V)
0072 [rule]   rule <k> #iterYield(V:Val, R:Iterable) ~> #anyCont => #anyAcc(R) ... </k>
0073 [requires-file-or-guard]        requires notBool truthy(V)
0076 [syntax]   syntax KItem ::= #maxAcc0(Iterable) | "#maxCont0" | #maxAcc(Iterable, Int) | #maxCont(Int)
0077 [rule]   rule <k> #maxAcc0(IT:Iterable) => #iterNext(IT) ~> #maxCont0 ... </k>
0078 [rule]   rule <k> #iterYield(V:Val, R:Iterable) ~> #maxCont0 => #maxAcc(R, {V}:>Int) ... </k>
0079 [requires-file-or-guard]        requires isInt(V)
0080 [rule]   rule <k> #maxAcc(IT:Iterable, M:Int) => #iterNext(IT) ~> #maxCont(M) ... </k>
0081 [rule]   rule <k> #iterDone ~> #maxCont(M:Int) => M ... </k>
0082 [rule]   rule <k> #iterYield(V:Val, R:Iterable) ~> #maxCont(M:Int)
0083 [continuation]         => #maxAcc(R, maxInt(M, {V}:>Int)) ... </k>
0084 [requires-file-or-guard]        requires isInt(V)
0086 [syntax]   syntax KItem ::= #minAcc0(Iterable) | "#minCont0" | #minAcc(Iterable, Int) | #minCont(Int)
0087 [rule]   rule <k> #minAcc0(IT:Iterable) => #iterNext(IT) ~> #minCont0 ... </k>
0088 [rule]   rule <k> #iterYield(V:Val, R:Iterable) ~> #minCont0 => #minAcc(R, {V}:>Int) ... </k>
0089 [requires-file-or-guard]        requires isInt(V)
0090 [rule]   rule <k> #minAcc(IT:Iterable, M:Int) => #iterNext(IT) ~> #minCont(M) ... </k>
0091 [rule]   rule <k> #iterDone ~> #minCont(M:Int) => M ... </k>
0092 [rule]   rule <k> #iterYield(V:Val, R:Iterable) ~> #minCont(M:Int)
0093 [continuation]         => #minAcc(R, minInt(M, {V}:>Int)) ... </k>
0094 [requires-file-or-guard]        requires isInt(V)
0097 [syntax,function-declaration]   syntax Int ::= maxVals(Int, Vals) [function]
0098 [rule]   rule applyBuiltin("max", I:Int, REST:Vals) => maxVals(I, REST)
0099 [rule]   rule maxVals(M:Int, .Vals)           => M
0100 [rule]   rule maxVals(M:Int, (I:Int, R:Vals)) => maxVals(maxInt(M, I), R)
0102 [syntax,function-declaration]   syntax Int ::= minVals(Int, Vals) [function]
0103 [rule]   rule applyBuiltin("min", I:Int, REST:Vals) => minVals(I, REST)
0104 [rule]   rule minVals(M:Int, .Vals)           => M
0105 [rule]   rule minVals(M:Int, (I:Int, R:Vals)) => minVals(minInt(M, I), R)
0108 [rule]   rule applyBuiltin("bin", N:Int, .Vals) => str(iCons(48, iCons(98, binCodes(N))))
0109 [requires-file-or-guard]        requires N >=Int 0
0111 [rule]   rule applyBuiltin("bin", N:Int, .Vals)
0112 [continuation]     => str(iCons(45, iCons(48, iCons(98, binCodes(0 -Int N)))))
0113 [requires-file-or-guard]        requires N <Int 0
0114 [syntax,function-declaration,total]   syntax IntSeq ::= binCodes(Int) [function, total]
0115 [rule]   rule binCodes(0) => iCons(48, .IntSeq)
0116 [rule]   rule binCodes(N:Int) => binAcc(N, .IntSeq) requires N >Int 0
0117 [syntax,function-declaration,total]   syntax IntSeq ::= binAcc(Int, IntSeq) [function, total]
0118 [rule]   rule binAcc(0, ACC:IntSeq) => ACC
0119 [rule]   rule binAcc(N:Int, ACC:IntSeq)
0120 [continuation]     => binAcc((N -Int pyMod(N, 2)) /Int 2, iCons(48 +Int pyMod(N, 2), ACC))
0121 [requires-file-or-guard]        requires N >Int 0
0124 [rule]   rule <k> #applyK(toCall(builtinV("enumerate")), (list(VS:ValSeq), .Vals))
0125 [continuation]         => #alloc(list(enumVS(VS, 0))) ... </k>
0126 [syntax,function-declaration,total]   syntax ValSeq ::= enumVS(ValSeq, Int) [function, total]
0127 [rule]   rule enumVS(.ValSeq, _:Int) => .ValSeq
0128 [rule]   rule enumVS(vCons(V:Val, R:ValSeq), I:Int)
0129 [continuation]     => vCons(tuple(vCons(I, vCons(V, .ValSeq))), enumVS(R, I +Int 1))
0132 [rule]   rule <k> #applyK(toCall(builtinV("map")), (typeV("str"), list(VS:ValSeq), .Vals))
0133 [continuation]         => #alloc(list(mapStrVS(VS))) ... </k>
0134 [syntax,function-declaration,total]   syntax ValSeq ::= mapStrVS(ValSeq) [function, total]
0135 [rule]   rule mapStrVS(.ValSeq) => .ValSeq
0136 [rule]   rule mapStrVS(vCons(I:Int, R:ValSeq)) => vCons(str(strToCodes(Int2String(I))), mapStrVS(R))
0137 [rule]   rule mapStrVS(vCons(str(CS:IntSeq), R:ValSeq)) => vCons(str(CS), mapStrVS(R))
0140 [rule]   rule applyBuiltin("int", I:Int, .Vals) => I
0143 [rule]   rule applyBuiltin("ord", str(iCons(C:Int, .IntSeq)), .Vals) => C
0144 [rule]   rule applyBuiltin("chr", I:Int, .Vals) => str(iCons(I, .IntSeq))
0145 [requires-file-or-guard]        requires 0 <=Int I andBool I <Int 128
0148 [rule]   rule applyBuiltin("str", I:Int, .Vals)       => str(strToCodes(Int2String(I)))
0149 [rule]   rule applyBuiltin("str", str(CS:IntSeq), .Vals) => str(CS)
0152 [rule]   rule applyBuiltin("int", str(iCons(C:Int, .IntSeq)), .Vals) => C -Int 48
0153 [requires-file-or-guard]        requires 48 <=Int C andBool C <=Int 57
0156 [rule]   rule applyBuiltin("int", str(CS:IntSeq), .Vals) => intDigAcc(CS, 0)
0157 [requires-file-or-guard]        requires isLen(CS) >=Int 2
0158 [syntax,function-declaration,total]   syntax Int ::= intDigAcc(IntSeq, Int) [function, total]
0159 [rule]   rule intDigAcc(.IntSeq, ACC:Int)             => ACC
0160 [rule]   rule intDigAcc(iCons(C:Int, R:IntSeq), ACC:Int) => intDigAcc(R, (ACC *Int 10) +Int (C -Int 48))
0163 [rule]   rule applyBuiltin("zip", list(A:ValSeq), list(B:ValSeq), .Vals) => zipObj(A, B)
0164 [rule]   rule applyBuiltin("zip", str(A:IntSeq), str(B:IntSeq), .Vals)   => zipObjS(A, B)
0167 [rule]   rule <k> #iterNext(zipObj(vCons(A:Val, As:ValSeq), vCons(B:Val, Bs:ValSeq)))
0168 [continuation]         => #iterYield(tuple(vCons(A, vCons(B, .ValSeq))), zipObj(As, Bs)) ... </k>
0169 [rule]   rule <k> #iterNext(zipObj(.ValSeq, _:ValSeq))               => #iterDone ... </k>
0170 [rule]   rule <k> #iterNext(zipObj(vCons(_:Val, _:ValSeq), .ValSeq)) => #iterDone ... </k>
0171 [rule]   rule <k> #iterNext(zipObjS(iCons(A:Int, As:IntSeq), iCons(B:Int, Bs:IntSeq)))
0172 [continuation]         => #iterYield(tuple(vCons(str(iCons(A, .IntSeq)), vCons(str(iCons(B, .IntSeq)), .ValSeq))), zipObjS(As, Bs)) ... </k>
0173 [rule]   rule <k> #iterNext(zipObjS(.IntSeq, _:IntSeq))              => #iterDone ... </k>
0174 [rule]   rule <k> #iterNext(zipObjS(iCons(_:Int, _:IntSeq), .IntSeq)) => #iterDone ... </k>
0177 [rule]   rule applyBuiltin("range", I:Int, .Vals)               => rangeObj(0, I, 1)
0178 [rule]   rule applyBuiltin("range", A:Int, B:Int, .Vals)        => rangeObj(A, B, 1)
0179 [rule]   rule applyBuiltin("range", A:Int, B:Int, S:Int, .Vals) => rangeObj(A, B, S)
0180 [requires-file-or-guard]        requires S =/=Int 0
0187 [rule]   rule applyBuiltin("eval", str(CS:IntSeq), .Vals) => evalArith(CS)
0188 [syntax,function-declaration]   syntax Int ::= evalArith(IntSeq) [function]
0189 [rule]   rule evalArith(CS:IntSeq)
0190 [continuation]     => firstNdE(passAddE(passMulE(passPowE(tokOps(CS), tokNds(CS)))))
0192 [syntax]   syntax OpSeq ::= ".OpSeq" | oCons(String, OpSeq)
0194 [syntax,function-declaration,total]   syntax Bool ::= evDigit(Int) [function, total]
0195 [rule]   rule evDigit(C:Int) => C >=Int 48 andBool C <=Int 57
0196 [syntax,function-declaration,total]   syntax Bool ::= evHead42(IntSeq) [function, total]
0197 [rule]   rule evHead42(iCons(42, _:IntSeq)) => true
0198 [rule]   rule evHead42(_:IntSeq)            => false [owise]
0199 [syntax,function-declaration,total]   syntax Bool ::= evHead47(IntSeq) [function, total]
0200 [rule]   rule evHead47(iCons(47, _:IntSeq)) => true
0201 [rule]   rule evHead47(_:IntSeq)            => false [owise]
0203 [syntax,function-declaration,total]   syntax OpSeq ::= tokOps(IntSeq) [function, total]
0204 [rule]   rule tokOps(.IntSeq)                 => .OpSeq
0205 [rule]   rule tokOps(iCons(32, R:IntSeq))     => tokOps(R)
0206 [rule]   rule tokOps(iCons(C:Int, R:IntSeq))  => tokOps(R) requires evDigit(C)
0207 [rule]   rule tokOps(iCons(42, iCons(42, R:IntSeq))) => oCons("**", tokOps(R))
0208 [rule]   rule tokOps(iCons(42, R:IntSeq))     => oCons("*", tokOps(R)) requires notBool evHead42(R)
0209 [rule]   rule tokOps(iCons(47, iCons(47, R:IntSeq))) => oCons("//", tokOps(R))
0210 [rule]   rule tokOps(iCons(47, R:IntSeq))     => oCons("/", tokOps(R)) requires notBool evHead47(R)
0211 [rule]   rule tokOps(iCons(43, R:IntSeq))     => oCons("+", tokOps(R))
0212 [rule]   rule tokOps(iCons(45, R:IntSeq))     => oCons("-", tokOps(R))
0214 [syntax,function-declaration,total]   syntax IntSeq ::= tokNds(IntSeq) [function, total]
0215 [syntax-continuation,function-declaration,total]                   | tokNdAcc(Int, IntSeq) [function, total]
0216 [rule]   rule tokNds(.IntSeq)                => .IntSeq
0217 [rule]   rule tokNds(iCons(32, R:IntSeq))    => tokNds(R)
0218 [rule]   rule tokNds(iCons(C:Int, R:IntSeq)) => tokNdAcc(C -Int 48, R) requires evDigit(C)
0219 [rule]   rule tokNds(iCons(C:Int, R:IntSeq)) => tokNds(R)
0220 [requires-file-or-guard]        requires notBool evDigit(C) andBool C =/=Int 32
0221 [rule]   rule tokNdAcc(A:Int, iCons(C:Int, R:IntSeq)) => tokNdAcc(A *Int 10 +Int (C -Int 48), R)
0222 [requires-file-or-guard]        requires evDigit(C)
0223 [rule]   rule tokNdAcc(A:Int, S:IntSeq) => iCons(A, tokNds(S)) [owise]
0225 [syntax]   syntax EvPair ::= evp(OpSeq, IntSeq)
0226 [syntax,function-declaration,total]   syntax Int ::= firstNdE(EvPair) [function, total]
0227 [rule]   rule firstNdE(evp(_:OpSeq, iCons(N:Int, _:IntSeq))) => N
0228 [rule]   rule firstNdE(_:EvPair) => 0 [owise]
0230 [syntax,function-declaration,total]   syntax Int ::= applyOpE(String, Int, Int) [function, total]
0231 [rule]   rule applyOpE("+",  A:Int, B:Int) => A +Int B
0232 [rule]   rule applyOpE("-",  A:Int, B:Int) => A -Int B
0233 [rule]   rule applyOpE("*",  A:Int, B:Int) => A *Int B
0234 [rule]   rule applyOpE("//", A:Int, B:Int) => A divInt B
0235 [rule]   rule applyOpE("**", A:Int, B:Int) => A ^Int B
0236 [rule]   rule applyOpE(_:String, A:Int, _:Int) => A [owise]
0238 [syntax,function-declaration,total]   syntax EvPair ::= passPowE(OpSeq, IntSeq) [function, total]
0239 [rule]   rule passPowE(.OpSeq, NDS:IntSeq) => evp(.OpSeq, NDS)
0240 [rule]   rule passPowE(oCons("**", OPS:OpSeq), iCons(N:Int, NDS:IntSeq)) => powCombE(N, passPowE(OPS, NDS))
0241 [rule]   rule passPowE(oCons(O:String, OPS:OpSeq), iCons(N:Int, NDS:IntSeq)) => powCarryE(O, N, passPowE(OPS, NDS))
0242 [requires-file-or-guard]        requires O =/=String "**"
0243 [rule]   rule passPowE(_:OpSeq, .IntSeq) => evp(.OpSeq, .IntSeq) [owise]
0244 [syntax,function-declaration,total]   syntax EvPair ::= powCombE(Int, EvPair) [function, total]
0245 [rule]   rule powCombE(N:Int, evp(OPS:OpSeq, iCons(M:Int, REST:IntSeq))) => evp(OPS, iCons(N ^Int M, REST))
0246 [rule]   rule powCombE(N:Int, evp(OPS:OpSeq, .IntSeq)) => evp(OPS, iCons(N, .IntSeq))
0247 [syntax,function-declaration,total]   syntax EvPair ::= powCarryE(String, Int, EvPair) [function, total]
0248 [rule]   rule powCarryE(O:String, N:Int, evp(OPS:OpSeq, NDS:IntSeq)) => evp(oCons(O, OPS), iCons(N, NDS))
0250 [syntax,function-declaration,total]   syntax EvPair ::= passMulE(EvPair) [function, total] | passAddE(EvPair) [function, total]
0251 [rule]   rule passMulE(evp(OPS:OpSeq, iCons(N0:Int, NDS:IntSeq))) => passLGoE("mul", N0, OPS, NDS, .OpSeq, .IntSeq)
0252 [rule]   rule passMulE(evp(OPS:OpSeq, .IntSeq)) => evp(OPS, .IntSeq)
0253 [rule]   rule passAddE(evp(OPS:OpSeq, iCons(N0:Int, NDS:IntSeq))) => passLGoE("add", N0, OPS, NDS, .OpSeq, .IntSeq)
0254 [rule]   rule passAddE(evp(OPS:OpSeq, .IntSeq)) => evp(OPS, .IntSeq)
0255 [syntax,function-declaration,total]   syntax EvPair ::= passLGoE(String, Int, OpSeq, IntSeq, OpSeq, IntSeq) [function, total]
0256 [rule]   rule passLGoE(_:String, CUR:Int, .OpSeq, _:IntSeq, OO:OpSeq, ON:IntSeq) => evp(OO, appendIE(ON, CUR))
0257 [rule]   rule passLGoE(L:String, CUR:Int, oCons(O:String, OPS:OpSeq), iCons(N:Int, NDS:IntSeq), OO:OpSeq, ON:IntSeq)
0258 [continuation]     => passLGoE(L, applyOpE(O, CUR, N), OPS, NDS, OO, ON)
0259 [requires-file-or-guard]        requires inLevelE(L, O)
0260 [rule]   rule passLGoE(L:String, CUR:Int, oCons(O:String, OPS:OpSeq), iCons(N:Int, NDS:IntSeq), OO:OpSeq, ON:IntSeq)
0261 [continuation]     => passLGoE(L, N, OPS, NDS, appendOpE(OO, O), appendIE(ON, CUR))
0262 [requires-file-or-guard]        requires notBool inLevelE(L, O)
0263 [rule]   rule passLGoE(_:String, CUR:Int, oCons(_:String, _:OpSeq), .IntSeq, OO:OpSeq, ON:IntSeq)
0264 [continuation]     => evp(OO, appendIE(ON, CUR)) [owise]
0265 [syntax,function-declaration,total]   syntax Bool ::= inLevelE(String, String) [function, total]
0266 [rule]   rule inLevelE("mul", O:String) => O ==String "*" orBool O ==String "//" orBool O ==String "/"
0267 [rule]   rule inLevelE("add", O:String) => O ==String "+" orBool O ==String "-"
0268 [rule]   rule inLevelE(_:String, _:String) => false [owise]
0269 [syntax,function-declaration,total]   syntax OpSeq ::= appendOpE(OpSeq, String) [function, total]
0270 [rule]   rule appendOpE(.OpSeq, O:String) => oCons(O, .OpSeq)
0271 [rule]   rule appendOpE(oCons(H:String, T:OpSeq), O:String) => oCons(H, appendOpE(T, O))
0272 [syntax,function-declaration,total]   syntax IntSeq ::= appendIE(IntSeq, Int) [function, total]
0273 [rule]   rule appendIE(.IntSeq, N:Int) => iCons(N, .IntSeq)
0274 [rule]   rule appendIE(iCons(H:Int, T:IntSeq), N:Int) => iCons(H, appendIE(T, N))
0279 [syntax]   syntax KItem ::= "#md5"
0280 [rule]   rule <k> Call(Attribute(Name("hashlib"), "md5"), (E:Expr, .Exprs)) => E ~> #md5 ... </k>
0281 [priority]        [priority(40)]
0282 [rule]   rule <k> str(CS:IntSeq) ~> #md5 => md5Obj(CS) ... </k>
0283 [syntax]   syntax Val ::= md5Obj(IntSeq)
0284 [rule]   rule applyMethod(md5Obj(CS:IntSeq), "hexdigest", .Vals) => str(md5hexCodes(CS))
0285 [syntax,function-declaration,total,opaque-no-evaluators,symbol]   syntax IntSeq ::= md5hexCodes(IntSeq) [function, total, symbol(md5hexCodes), no-evaluators]
0291 [rule]   rule applyBuiltin("isinstance", V:Val, typeV("int"), .Vals) => isIntV(V)
0292 [rule]   rule applyBuiltin("isinstance", V:Val, typeV("str"), .Vals) => isStrV(V)
0293 [syntax,function-declaration]   syntax Bool ::= isIntV(Val) [function] | isStrV(Val) [function]
0294 [rule]   rule isIntV(_:Int)         => true
0295 [rule]   rule isIntV(_:Val)         => false [owise]
0296 [rule]   rule isStrV(str(_:IntSeq)) => true
0297 [rule]   rule isStrV(_:Val)         => false [owise]
0298 [endmodule] endmodule
===== reference-semantics/semantics/call.k =====
counts continuation=26 endmodule=1 function-declaration=1 import=3 module=1 priority=5 requires-file-or-guard=4 rule=21 syntax=3 total=1
0010 [module] module MPY-CALL
0011 [import]   imports MPY-METHODS
0012 [import]   imports MPY-BUILTINS
0013 [import]   imports MPY-FUNCTIONS
0016 [rule]   rule <k> Attribute(V:Val, M:String) => boundMethodV(V, M) ... </k>
0019 [syntax]   syntax KItem ::= #callee(Exprs)
0020 [rule]   rule <k> Call(Fe:Expr, ARGS:Exprs) => Fe ~> #callee(ARGS) ... </k> [owise]
0021 [rule]   rule <k> CV:Val ~> #callee(ARGS:Exprs) => #evalArgs(ARGS, .Vals, toCall(CV)) ... </k>
0024 [rule]   rule <k> #applyK(toCall(boundMethodV(OBJ:Val, M:String)), ACC:Vals) => applyMethod(OBJ, M, ACC) ... </k>
0026 [rule]   rule <k> #applyK(toCall(builtinV("sum")), (OBJ:Iterable, .Vals)) => #sumAcc(OBJ, 0) ... </k>
0027 [rule]   rule <k> #applyK(toCall(builtinV("all")), (OBJ:Iterable, .Vals)) => #allAcc(OBJ)    ... </k>
0028 [rule]   rule <k> #applyK(toCall(builtinV("any")), (OBJ:Iterable, .Vals)) => #anyAcc(OBJ)    ... </k>
0029 [rule]   rule <k> #applyK(toCall(builtinV("max")), (OBJ:Iterable, .Vals)) => #maxAcc0(OBJ)   ... </k>
0030 [rule]   rule <k> #applyK(toCall(builtinV("min")), (OBJ:Iterable, .Vals)) => #minAcc0(OBJ)   ... </k>
0031 [rule]   rule <k> #applyK(toCall(builtinV(BN:String)), ACC:Vals) => applyBuiltin(BN, ACC) ... </k> [owise]
0032 [rule]   rule <k> #applyK(toCall(typeV(T:String)),     ACC:Vals) => applyBuiltin(T, ACC)  ... </k>
0038 [rule]   rule <k> #applyK(toCall(builtinV(BN:String)), (ref(H:Int), REST:Vals))
0039 [continuation]         => #applyK(toCall(builtinV(BN)), (V, REST)) ... </k>
0040 [continuation]        <heap> ... H |-> V:Val ... </heap>
0041 [priority]        [priority(40)]
0042 [rule]   rule <k> #applyK(toCall(builtinV(BN:String)), (A:Val, ref(H:Int), REST:Vals))
0043 [continuation]         => #applyK(toCall(builtinV(BN)), (A, V, REST)) ... </k>
0044 [continuation]        <heap> ... H |-> V:Val ... </heap>
0045 [requires-file-or-guard]        requires notBool isRefV(A)
0046 [priority]        [priority(40)]
0047 [rule]   rule <k> #applyK(toCall(typeV(T:String)), (ref(H:Int), REST:Vals))
0048 [continuation]         => #applyK(toCall(typeV(T)), (V, REST)) ... </k>
0049 [continuation]        <heap> ... H |-> V:Val ... </heap>
0050 [priority]        [priority(40)]
0052 [syntax,function-declaration,total]   syntax Bool ::= isMutMethod(String) [function, total]
0053 [rule]   rule isMutMethod(M:String)
0054 [continuation]     => M ==String "append" orBool M ==String "sort" orBool M ==String "extend"
0055 [continuation]        orBool M ==String "insert" orBool M ==String "pop" orBool M ==String "remove"
0056 [rule]   rule <k> #applyK(toCall(boundMethodV(ref(H:Int), M:String)), ACC:Vals)
0057 [continuation]         => #applyK(toCall(boundMethodV(V, M)), ACC) ... </k>
0058 [continuation]        <heap> ... H |-> V:Val ... </heap>
0059 [requires-file-or-guard]        requires notBool isMutMethod(M)
0060 [priority]        [priority(40)]
0063 [rule]   rule <k> #applyK(toCall(boundMethodV(OBJ:Val, M:String)), (ref(H:Int), REST:Vals))
0064 [continuation]         => #applyK(toCall(boundMethodV(OBJ, M)), (V, REST)) ... </k>
0065 [continuation]        <heap> ... H |-> V:Val ... </heap>
0066 [requires-file-or-guard]        requires notBool isMutMethod(M) andBool notBool isRefV(OBJ)
0067 [priority]        [priority(40)]
0069 [rule]   rule <k> #applyK(toCall(closureVal(PNS:ParamNames, BODY:Stmts, DEFL:Int)), ACC:Vals) ~> CONT
0070 [continuation]         => #bindP(PNS, ACC) ~> BODY ~> #endcall </k>
0071 [continuation]        <env>     CALLERL:Int => NEWL </env>
0072 [continuation]        <scopes>   STORE:Map => STORE [ NEWL <- scope(.Map, parent(DEFL)) ] </scopes>
0073 [continuation]        <scopeLoc> NEWL:Int => NEWL +Int 1 </scopeLoc>
0074 [continuation]        <stack>   .List => ListItem(frame(CONT, CALLERL, NEWL)) ... </stack>
0080 [rule]   rule <k> #applyK(toCall(closureValC(PNS:ParamNames, CVS:ParamNames, BODY:Stmts, CM:Map)), ACC:Vals) ~> CONT
0081 [continuation]         => #allocCells(CVS) ~> #bindP(PNS, ACC) ~> BODY ~> #endcall </k>
0082 [continuation]        <env>     CALLERL:Int => NEWL </env>
0083 [continuation]        <scopes>   STORE:Map => STORE [ NEWL <- scope(CM [ "$cells" <- cellsMark(CVS) ], parent(0)) ] </scopes>
0084 [continuation]        <scopeLoc> NEWL:Int => NEWL +Int 1 </scopeLoc>
0085 [continuation]        <stack>   .List => ListItem(frame(CONT, CALLERL, NEWL)) ... </stack>
0087 [syntax]   syntax KItem ::= #allocCells(ParamNames)
0088 [rule]   rule <k> #allocCells(.ParamNames) => .K ... </k>
0089 [rule]   rule <k> #allocCells((CV:String, R:ParamNames)) => #allocCells(R) ... </k>
0090 [continuation]        <env> L:Int </env>
0091 [continuation]        <scopes> ... L |-> scope(M:Map => M [ CV <- cellRef(N) ], _) ... </scopes>
0092 [continuation]        <heap>    H:Map => (N |-> cellV(noneV)) H </heap>
0093 [continuation]        <heapLoc> N:Int => N +Int 1 </heapLoc>
0094 [requires-file-or-guard]        requires notBool N in_keys(H)
0095 [endmodule] endmodule
===== reference-semantics/semantics/comprehension.k =====
counts continuation=3 endmodule=1 import=5 macro-attribute=3 module=1 rule=7 syntax=3
0003 [module] module MPY-COMPREHENSION
0004 [import]   imports MPY-CORE
0005 [import]   imports MPY-OPERATORS
0006 [import]   imports MPY-LIST
0007 [import]   imports MPY-CONTROLS
0008 [import]   imports MPY-FUNCTIONS
0011 [rule]   rule ListComp(ELT:Expr, Gs:CompFors) => Call(closureExpr(.ParamNames, compBody(Gs, ELT)), .Exprs)
0012 [rule]   rule GenExp(ELT:Expr, Gs:CompFors)   => Call(closureExpr(.ParamNames, compBody(Gs, ELT)), .Exprs)
0014 [syntax,macro-attribute]   syntax Stmts ::= compBody(CompFors, Expr) [macro]
0015 [rule]   rule compBody(Gs:CompFors, ELT:Expr)
0016 [continuation]     => Assign(Name("$acc"), ListExpr(.Exprs)) compNest(Gs, ELT) Return(Name("$acc"))
0018 [syntax,macro-attribute]   syntax Stmt ::= compNest(CompFors, Expr) [macro-rec]
0019 [rule]   rule compNest(.CompFors, ELT:Expr)
0020 [continuation]     => Assign(Name("$acc"), BinOp("+", Name("$acc"), ListExpr(ELT)))
0021 [rule]   rule compNest((CompFor(T:Expr, ITER:Expr, Fs:Exprs) GRest:CompFors), ELT:Expr)
0022 [continuation]     => For(T, ITER, If(compGuard(Fs), compNest(GRest, ELT), .Stmts))
0024 [syntax,macro-attribute]   syntax Expr ::= compGuard(Exprs) [macro]
0025 [rule]   rule compGuard(.Exprs)             => Bool(true)
0026 [rule]   rule compGuard((F:Expr, Fs:Exprs)) => BoolOp("and", (F, Fs))
0027 [endmodule] endmodule
===== reference-semantics/semantics/concrete.k =====
counts continuation=9 endmodule=1 function-declaration=3 import=1 module=1 priority=2 requires-file-or-guard=5 rule=16 syntax=5 syntax-continuation=1 total=1
0008 [module] module MPY-CONCRETE
0009 [import]   imports MPY
0013 [rule]   rule <k> Compare(list(A:ValSeq), CmpOp("==", list(B:ValSeq))) => deepEqVS(A, B, HP) ... </k>
0014 [continuation]        <heap> HP:Map </heap>
0015 [requires-file-or-guard]        requires hasRefVS(A) orBool hasRefVS(B)
0016 [rule]   rule <k> Compare(list(A:ValSeq), CmpOp("!=", list(B:ValSeq))) => notBool deepEqVS(A, B, HP) ... </k>
0017 [continuation]        <heap> HP:Map </heap>
0018 [requires-file-or-guard]        requires hasRefVS(A) orBool hasRefVS(B)
0025 [syntax]   syntax Val ::= kvP(Val, Val)
0026 [syntax]   syntax KItem ::= #ksort(ValSeq, Val, ValSeq, Bool)
0027 [syntax-continuation]                  | #ksIns(Val, ValSeq, Val, ValSeq, Bool)
0028 [rule]   rule <k> #applyK(toCall(builtinV("sorted")), (list(VS:ValSeq), kwV("key", KV:Val), .Vals))
0029 [continuation]         => #ksort(VS, KV, .ValSeq, false) ... </k>
0030 [priority]        [priority(40)]
0031 [rule]   rule <k> #applyK(toCall(builtinV("sorted")), (list(VS:ValSeq), kwV("key", KV:Val), kwV("reverse", RB:Bool), .Vals))
0032 [continuation]         => #ksort(VS, KV, .ValSeq, RB) ... </k>
0033 [priority]        [priority(40)]
0034 [rule]   rule <k> #ksort(.ValSeq, _:Val, ACC:ValSeq, RB:Bool)
0035 [continuation]         => #alloc(list(condRev(unpairVS(ACC), RB))) ... </k>
0036 [rule]   rule <k> #ksort(vCons(V:Val, R:ValSeq), KV:Val, ACC:ValSeq, RB:Bool)
0037 [continuation]         => KV ~> #callee((V, .Exprs)) ~> #ksIns(V, R, KV, ACC, RB) ... </k>
0038 [rule]   rule <k> K:Val ~> #ksIns(V:Val, R:ValSeq, KV:Val, ACC:ValSeq, RB:Bool)
0039 [continuation]         => #ksort(R, KV, insPair(ACC, K, V), RB) ... </k>
0040 [requires-file-or-guard]        requires notBool isKwV(K)
0042 [syntax,function-declaration]   syntax ValSeq ::= insPair(ValSeq, Val, Val) [function]
0043 [rule]   rule insPair(.ValSeq, K:Val, V:Val) => vCons(kvP(K, V), .ValSeq)
0044 [rule]   rule insPair(vCons(kvP(K2:Val, V2:Val), R:ValSeq), K:Val, V:Val)
0045 [continuation]     => vCons(kvP(K, V), vCons(kvP(K2, V2), R))
0046 [requires-file-or-guard]        requires kLt(K, K2)
0047 [rule]   rule insPair(vCons(kvP(K2:Val, V2:Val), R:ValSeq), K:Val, V:Val)
0048 [continuation]     => vCons(kvP(K2, V2), insPair(R, K, V))
0049 [requires-file-or-guard]        requires notBool kLt(K, K2)
0051 [syntax,function-declaration]   syntax Bool ::= kLt(Val, Val) [function]
0052 [rule]   rule kLt(I1:Int, I2:Int)             => I1 <Int I2
0053 [rule]   rule kLt(F1:Float, F2:Float)         => F1 <Float F2
0054 [rule]   rule kLt(str(A:IntSeq), str(B:IntSeq)) => strLt(A, B)
0056 [syntax,function-declaration,total]   syntax ValSeq ::= unpairVS(ValSeq) [function, total]
0057 [rule]   rule unpairVS(.ValSeq) => .ValSeq
0058 [rule]   rule unpairVS(vCons(kvP(_:Val, V:Val), R:ValSeq)) => vCons(V, unpairVS(R))
0059 [rule]   rule unpairVS(vCons(V:Val, R:ValSeq)) => vCons(V, unpairVS(R)) [owise]
0060 [endmodule] endmodule
===== reference-semantics/semantics/controls.k =====
counts continuation=17 endmodule=1 import=3 module=1 priority=6 requires-file-or-guard=9 rule=34 syntax=3 syntax-continuation=2
0003 [module] module MPY-CONTROLS
0004 [import]   imports MPY-CORE
0005 [import]   imports MPY-TUPLE
0006 [import]   imports MPY-ITER
0009 [rule]   rule <k> Assign(Name(X:String), V:Val) => .K ... </k>
0010 [continuation]        <env> L:Int </env>
0011 [continuation]        <scopes> ... L |-> scope(M:Map => M [ X <- V ], _) ... </scopes>
0012 [rule]   rule <k> Assign(Name(X:String), V:Val) => #cellW({M[X]}:>Val, V) ... </k>
0013 [continuation]        <env> L:Int </env>
0014 [continuation]        <scopes> ... L |-> scope(M:Map, _) ... </scopes>
0015 [requires-file-or-guard]        requires "$cells" in_keys(M)
0016 [continuation]         andBool pnMember(X, cellsOf({M["$cells"]}:>Val))
0017 [continuation]         andBool X in_keys(M) andBool isCellRef({M[X]}:>Val)
0018 [priority]        [priority(40)]
0020 [rule]   rule <k> AugAssign(Name(X:String), OP:String, V:Val) => .K ... </k>
0021 [continuation]        <env> L:Int </env>
0022 [continuation]        <scopes> ... L |-> scope(M:Map => M [ X <- applyBin(OP, {M[X]}:>Val, V) ], _) ... </scopes>
0023 [requires-file-or-guard]        requires X in_keys(M)
0027 [rule]   rule <k> AugAssign(Name(X:String), OP:String, V:Val) => Assign(Name(X), BinOp(OP, Name(X), V)) ... </k>
0028 [continuation]        <env> L:Int </env>
0029 [continuation]        <scopes> ... L |-> scope(M:Map, _) ... </scopes>
0030 [requires-file-or-guard]        requires X in_keys(M) andBool isRefV({M[X]}:>Val)
0031 [priority]        [priority(40)]
0035 [rule]   rule <k> ImportFrom("math", NS:ParamNames) => #bindImports(NS) ... </k>
0036 [rule]   rule <k> ImportFrom(_:String, _:ParamNames) => .K ... </k> [owise]
0037 [syntax]   syntax KItem ::= #bindImports(ParamNames)
0038 [rule]   rule <k> #bindImports(.ParamNames) => .K ... </k>
0039 [rule]   rule <k> #bindImports((N:String, NS:ParamNames)) => #bindImports(NS) ... </k>
0040 [continuation]        <env> L:Int </env>
0041 [continuation]        <scopes> ... L |-> scope(M:Map => M [ N <- builtinV(N) ], _) ... </scopes>
0042 [requires-file-or-guard]        requires N ==String "floor" orBool N ==String "ceil"
0043 [rule]   rule <k> #bindImports((N:String, NS:ParamNames)) => #bindImports(NS) ... </k>
0044 [requires-file-or-guard]        requires notBool (N ==String "floor" orBool N ==String "ceil")
0048 [rule]   rule <k> Expr(_:Val) => .K ... </k>
0051 [syntax]   syntax KItem ::= #branch(Bool, Stmts, Stmts)
0052 [rule]   rule <k> If(C:Val, T:Stmts, E:Stmts) => #branch(truthy(C), T, E) ... </k>
0053 [rule]   rule <k> #branch(true,  T:Stmts, _:Stmts) => T ... </k>
0054 [rule]   rule <k> #branch(false, _:Stmts, E:Stmts) => E ... </k>
0057 [rule]   rule <k> IfExp(V:Val, T:Expr, _:Expr) => T ... </k>
0058 [requires-file-or-guard]        requires truthy(V)
0059 [rule]   rule <k> IfExp(V:Val, _:Expr, E:Expr) => E ... </k>
0060 [requires-file-or-guard]        requires notBool truthy(V)
0065 [syntax]   syntax KItem ::= #loop(Val, Expr, Stmts) | #loopStep(Expr, Stmts)
0066 [syntax-continuation]                  | #while(Expr, Stmts) | #whileCond(Expr, Stmts)
0067 [syntax-continuation]                  | #loopLbl(K) | "#cont" | "#brk"
0069 [rule]   rule <k> For(T:Expr, OBJ:Val, B:Stmts) => #loop(OBJ, T, B) ... </k>
0071 [rule]   rule <k> #loop(IT:Iterable, T:Expr, B:Stmts) => #iterNext(IT) ~> #loopStep(T, B) ... </k>
0072 [rule]   rule <k> #iterDone ~> #loopStep(_:Expr, _:Stmts) => .K ... </k>
0073 [rule]   rule <k> #iterYield(V:Val, REST:Iterable) ~> #loopStep(T:Expr, B:Stmts)
0074 [continuation]         => #bindTgt(T, V) ~> B ~> #loopLbl(#loop(REST, T, B)) ... </k>
0077 [rule]   rule <k> While(C:Expr, B:Stmts) => #while(C, B) ... </k>
0078 [rule]   rule <k> #while(C:Expr, B:Stmts) => C ~> #whileCond(C, B) ... </k>
0079 [rule]   rule <k> V:Val ~> #whileCond(C:Expr, B:Stmts) => B ~> #loopLbl(#while(C, B)) ... </k>
0080 [requires-file-or-guard]        requires truthy(V)
0081 [rule]   rule <k> V:Val ~> #whileCond(_C:Expr, _B:Stmts) => .K ... </k>
0082 [requires-file-or-guard]        requires notBool truthy(V)
0085 [rule]   rule <k> #loopLbl(NEXT:K) => NEXT ... </k>
0086 [rule]   rule <k> Continue => #cont ... </k>
0087 [rule]   rule <k> Break => #brk ... </k>
0088 [rule]   rule <k> #cont ~> #loopLbl(NEXT:K) => NEXT ... </k>
0089 [rule]   rule <k> #cont ~> (_:KItem => .K) ... </k> [owise]
0090 [rule]   rule <k> #brk ~> #loopLbl(_:K) => .K ... </k>
0091 [rule]   rule <k> #brk ~> (_:KItem => .K) ... </k> [owise]
0095 [rule]   rule <k> If(ref(H:Int), T:Stmts, E:Stmts) => If(V, T, E) ... </k>
0096 [continuation]        <heap> ... H |-> V:Val ... </heap>
0097 [priority]        [priority(40)]
0098 [rule]   rule <k> IfExp(ref(H:Int), T:Expr, E:Expr) => IfExp(V, T, E) ... </k>
0099 [continuation]        <heap> ... H |-> V:Val ... </heap>
0100 [priority]        [priority(40)]
0101 [rule]   rule <k> ref(H:Int) ~> #whileCond(C:Expr, B:Stmts) => V ~> #whileCond(C, B) ... </k>
0102 [continuation]        <heap> ... H |-> V:Val ... </heap>
0103 [priority]        [priority(40)]
0106 [rule]   rule <k> For(T:Expr, ref(H:Int), B:Stmts) => For(T, V, B) ... </k>
0107 [continuation]        <heap> ... H |-> V:Val ... </heap>
0108 [priority]        [priority(40)]
0109 [endmodule] endmodule
===== reference-semantics/semantics/core.k =====
counts continuation=47 endmodule=1 function-declaration=15 import=7 module=1 priority=2 requires-file-or-guard=8 rule=46 syntax=37 syntax-continuation=16 total=10
0003 [module] module MPY-CORE
0004 [import]   imports MPY-SYNTAX
0005 [import]   imports INT
0006 [import]   imports BOOL
0007 [import]   imports STRING
0008 [import]   imports MAP
0009 [import]   imports LIST
0010 [import]   imports K-EQUAL
0013 [syntax]   syntax IntSeq ::= ".IntSeq" | iCons(Int, IntSeq)
0014 [syntax]   syntax ValSeq ::= ".ValSeq" | vCons(Val, ValSeq)
0015 [syntax]   syntax Str    ::= str(IntSeq)
0018 [syntax]   syntax Iterable ::= list(ValSeq)
0019 [syntax-continuation]                     | tuple(ValSeq)
0020 [syntax-continuation]                     | Str
0021 [syntax-continuation]                     | rangeObj(Int, Int, Int)
0022 [syntax-continuation]                     | zipObj(ValSeq, ValSeq)
0023 [syntax-continuation]                     | zipObjS(IntSeq, IntSeq)
0025 [syntax]   syntax Val      ::= Int
0026 [syntax-continuation]                     | Bool
0027 [syntax-continuation]                     | "noneV"
0028 [syntax-continuation]                     | Iterable
0029 [syntax-continuation]                     | ref(Int)          // a heap object: <heap> holds its list(VS)
0030 [syntax-continuation]                     | cellRef(Int)      // a closure cell: <heap> holds cellV(V)
0031 [syntax-continuation]                     | closureVal(ParamNames, Stmts, Int)
0032 [syntax-continuation]                     | typeV(String)     // a type object (int/str), resolved from the builtins frame
0033 [syntax-continuation]                     | builtinV(String)  // a builtin function, resolved like any name (LEGB fallthrough)
0034 [syntax-continuation]                     | boundMethodV(Val, String)   // a cooled Attribute: obj.method
0036 [syntax]   syntax Parent   ::= "root" | parent(Int)
0037 [syntax]   syntax Scope    ::= scope(Map, Parent)
0038 [syntax]   syntax KResult  ::= Val
0039 [syntax]   syntax Expr     ::= Val   // cooling puts results back into expression holes
0040 [syntax]   syntax Vals     ::= List{Val, ","}
0041 [syntax]   syntax Exc      ::= "NoExc" | "AssertionError"
0042 [syntax]   syntax RetState ::= "noRet" | retV(Val)
0049 [continuation]   configuration
0050 [continuation]     <k>       #loadAll($PGM:Module) </k>
0051 [continuation]     <env>     0 </env>
0052 [continuation]     <scopes>   0     |-> scope(.Map, parent(-1))
0053 [continuation]               -1    |-> builtinsScope </scopes>
0054 [continuation]     <scopeLoc> 1 </scopeLoc>
0055 [continuation]     <heap>    .Map </heap>
0056 [continuation]     <heapLoc> 0 </heapLoc>
0057 [continuation]     <stack>   .List </stack>
0058 [continuation]     <ret>     noRet </ret>
0059 [continuation]     <exc>     NoExc </exc>
0060 [continuation]     <exit-code exit=""> 0 </exit-code>
0068 [syntax,function-declaration,total]   syntax Bool ::= isRefV(Val) [function, total]
0069 [rule]   rule isRefV(ref(_:Int)) => true
0070 [rule]   rule isRefV(_:Val)      => false [owise]
0075 [syntax]   syntax HeapVal ::= cellV(Val)
0076 [syntax,function-declaration,total]   syntax Bool ::= isCellRef(Val) [function, total]
0077 [rule]   rule isCellRef(cellRef(_:Int)) => true
0078 [rule]   rule isCellRef(_:Val)          => false [owise]
0085 [rule]   rule <k> cellRef(H:Int) => V ... </k>
0086 [continuation]        <env> L:Int </env>
0087 [continuation]        <scopes> ... L |-> scope(M:Map, _) ... </scopes>
0088 [continuation]        <heap> ... H |-> cellV(V:Val) ... </heap>
0089 [requires-file-or-guard]        requires "$cells" in_keys(M)
0090 [priority]        [priority(40)]
0095 [syntax]   syntax Val ::= kwV(String, Val)
0096 [syntax]   syntax KItem ::= #kwTag(String)
0097 [rule]   rule <k> KwArg(N:String, E:Expr) => E ~> #kwTag(N) ... </k>
0098 [rule]   rule <k> V:Val ~> #kwTag(N:String) => kwV(N, V) ... </k>
0099 [requires-file-or-guard]        requires notBool isKwV(V)
0100 [syntax,function-declaration,total]   syntax Bool ::= isKwV(Val) [function, total]
0101 [rule]   rule isKwV(kwV(_:String, _:Val)) => true
0102 [rule]   rule isKwV(_:Val)                => false [owise]
0106 [syntax]   syntax Val ::= cellsMark(ParamNames)
0107 [syntax,function-declaration]   syntax ParamNames ::= cellsOf(Val) [function]
0108 [rule]   rule cellsOf(cellsMark(CVS:ParamNames)) => CVS
0109 [syntax,function-declaration,total]   syntax Bool ::= pnMember(String, ParamNames) [function, total]
0110 [rule]   rule pnMember(_:String, .ParamNames) => false
0111 [rule]   rule pnMember(X:String, (P:String, R:ParamNames)) => X ==String P orBool pnMember(X, R)
0113 [syntax]   syntax KItem ::= #cellW(Val, Val)
0114 [rule]   rule <k> #cellW(cellRef(H:Int), V:Val) => .K ... </k>
0115 [continuation]        <heap> ... H |-> cellV(_:Val => V) ... </heap>
0117 [syntax]   syntax KItem ::= #alloc(Val)
0118 [rule]   rule <k> #alloc(V:Val) => ref(N) ... </k>
0119 [continuation]        <heap>    H:Map => (N |-> V) H </heap>
0120 [continuation]        <heapLoc> N:Int => N +Int 1 </heapLoc>
0121 [requires-file-or-guard]        requires notBool N in_keys(H)
0124 [syntax]   syntax KItem ::= #loadAll(Module)
0125 [rule]   rule <k> #loadAll(Module(SS:Stmts)) => SS ... </k>
0126 [rule]   rule <k> (S:Stmt SS:Stmts):Stmts => S ~> SS ... </k>
0127 [rule]   rule <k> .Stmts => .K ... </k>
0130 [syntax]   syntax KItem ::= #look(String, Int)
0131 [rule]   rule <k> Name(X:String) => #look(X, L) ... </k> <env> L:Int </env>
0132 [rule]   rule <k> #look(X:String, L:Int) => {M[X]}:>Val ... </k>
0133 [continuation]        <scopes> ... L |-> scope(M:Map, _:Parent) ... </scopes>
0134 [requires-file-or-guard]        requires X in_keys(M)
0145 [rule]   rule <k> #look(X:String, L:Int) => V ... </k>
0146 [continuation]        <scopes> ... L |-> scope(M:Map, _:Parent) ... </scopes>
0147 [continuation]        <heap> ... H |-> cellV(V:Val) ... </heap>
0148 [requires-file-or-guard]        requires X in_keys(M) andBool "$cells" in_keys(M)
0149 [continuation]         andBool pnMember(X, cellsOf({M["$cells"]}:>Val))
0150 [continuation]         andBool {M[X]}:>Val ==K cellRef(H)
0151 [priority]        [priority(40)]
0152 [rule]   rule <k> #look(X:String, L:Int) => #look(X, P) ... </k>
0153 [continuation]        <scopes> ... L |-> scope(M:Map, parent(P:Int)) ... </scopes>
0154 [requires-file-or-guard]        requires notBool (X in_keys(M))
0157 [syntax,function-declaration,total]   syntax Scope ::= "builtinsScope" [function, total]
0158 [rule]   rule builtinsScope
0159 [continuation]     => scope(.Map [ "len"    <- builtinV("len")    ]
0160 [continuation]                   [ "set"    <- builtinV("set")    ]
0161 [continuation]                   [ "sum"    <- builtinV("sum")    ]
0162 [continuation]                   [ "abs"    <- builtinV("abs")    ]
0163 [continuation]                   [ "min"    <- builtinV("min")    ]
0164 [continuation]                   [ "max"    <- builtinV("max")    ]
0165 [continuation]                   [ "ord"    <- builtinV("ord")    ]
0166 [continuation]                   [ "chr"    <- builtinV("chr")    ]
0167 [continuation]                   [ "range"  <- builtinV("range")  ]
0168 [continuation]                   [ "all"    <- builtinV("all")    ]
0169 [continuation]                   [ "any"    <- builtinV("any")    ]
0170 [continuation]                   [ "zip"    <- builtinV("zip")    ]
0171 [continuation]                   [ "isinstance" <- builtinV("isinstance") ]
0172 [continuation]                   [ "sorted" <- builtinV("sorted") ]
0173 [continuation]                   [ "list"   <- builtinV("list")   ]
0174 [continuation]                   [ "round"  <- builtinV("round")  ]
0175 [continuation]                   [ "bin"    <- builtinV("bin")    ]
0176 [continuation]                   [ "enumerate" <- builtinV("enumerate") ]
0177 [continuation]                   [ "map"    <- builtinV("map")    ]
0178 [continuation]                   [ "eval"   <- builtinV("eval")   ]
0179 [continuation]                   [ "int"    <- typeV("int")       ]
0180 [continuation]                   [ "str"    <- typeV("str")       ]
0181 [continuation]                   [ "float"  <- typeV("float")     ], root)
0185 [syntax]   syntax ApplyK ::= toCall(Val)
0186 [syntax]   syntax KItem  ::= #evalArgs(Exprs, Vals, ApplyK)
0187 [syntax-continuation]                   | #evalArgCont(Exprs, Vals, ApplyK)
0188 [syntax-continuation]                   | #applyK(ApplyK, Vals)
0189 [rule]   rule <k> #evalArgs((A:Expr, REST:Exprs), ACC:Vals, K:ApplyK) => A ~> #evalArgCont(REST, ACC, K) ... </k>
0190 [rule]   rule <k> V:Val ~> #evalArgCont(REST:Exprs, ACC:Vals, K:ApplyK) => #evalArgs(REST, appendVal(ACC, V), K) ... </k>
0191 [rule]   rule <k> #evalArgs(.Exprs, ACC:Vals, K:ApplyK) => #applyK(K, ACC) ... </k>
0194 [rule]   rule <k> Int(I:Int)   => I ... </k>
0195 [rule]   rule <k> Bool(B:Bool) => B ... </k>
0196 [rule]   rule <k> NoneVal      => noneV ... </k>
0199 [syntax,function-declaration]   syntax Bool ::= truthy(Val) [function]
0200 [rule]   rule truthy(B:Bool)          => B
0201 [rule]   rule truthy(noneV)           => false
0202 [rule]   rule truthy(I:Int)           => I =/=Int 0
0203 [rule]   rule truthy(str(S:IntSeq))   => notBool (S ==K .IntSeq)
0204 [rule]   rule truthy(list(V:ValSeq))  => notBool (V ==K .ValSeq)
0205 [rule]   rule truthy(tuple(V:ValSeq)) => notBool (V ==K .ValSeq)
0208 [syntax,function-declaration]   syntax Val  ::= applyUn(String, Val) [function]
0209 [syntax,function-declaration]   syntax Val  ::= applyBin(String, Val, Val) [function]
0210 [syntax,function-declaration]   syntax Bool ::= applyCmp(String, Val, Val) [function]
0213 [syntax,function-declaration,total]   syntax Vals ::= appendVal(Vals, Val) [function, total]
0214 [rule]   rule appendVal(.Vals, V:Val)              => V , .Vals
0215 [rule]   rule appendVal((V0:Val, VS:Vals), V:Val)  => V0 , appendVal(VS, V)
0217 [syntax,function-declaration,total]   syntax ValSeq ::= vals2valSeq(Vals) [function, total]
0218 [rule]   rule vals2valSeq(.Vals)            => .ValSeq
0219 [rule]   rule vals2valSeq((V:Val, VS:Vals)) => vCons(V, vals2valSeq(VS))
0223 [syntax,function-declaration,total]   syntax Int ::= vsLen(ValSeq) [function, total]
0224 [rule]   rule vsLen(.ValSeq)                => 0
0225 [rule]   rule vsLen(vCons(_:Val, S:ValSeq)) => 1 +Int vsLen(S)
0227 [syntax,function-declaration,total]   syntax Int ::= isLen(IntSeq) [function, total]
0228 [rule]   rule isLen(.IntSeq)                => 0
0229 [rule]   rule isLen(iCons(_:Int, S:IntSeq)) => 1 +Int isLen(S)
0233 [syntax,function-declaration,total]   syntax ValSeq ::= setVSAt(ValSeq, Int, Val) [function, total]
0234 [rule]   rule setVSAt(.ValSeq, _:Int, _:Val)               => .ValSeq
0235 [rule]   rule setVSAt(vCons(_:Val, S:ValSeq), 0, V:Val)    => vCons(V, S)
0236 [rule]   rule setVSAt(vCons(W:Val, S:ValSeq), I:Int, V:Val) => vCons(W, setVSAt(S, I -Int 1, V))
0237 [requires-file-or-guard]        requires I >Int 0
0238 [rule]   rule setVSAt(VS:ValSeq, I:Int, _:Val)             => VS
0239 [requires-file-or-guard]        requires I <Int 0
0240 [endmodule] endmodule
===== reference-semantics/semantics/dict.k =====
counts continuation=11 endmodule=1 function-declaration=8 import=4 module=1 priority=2 requires-file-or-guard=4 rule=28 syntax=12 syntax-continuation=2 total=4
0013 [module] module MPY-DICT
0014 [import]   imports MPY-CORE
0015 [import]   imports MPY-ITER
0016 [import]   imports MPY-METHODS
0017 [import]   imports MPY-LIST
0020 [syntax]   syntax Val ::= dictV(ValSeq, ValSeq)
0023 [syntax]   syntax KItem ::= #dictAcc(Entries, ValSeq, ValSeq)
0024 [syntax-continuation]                  | #dictKey(Expr, Entries, ValSeq, ValSeq)
0025 [syntax-continuation]                  | #dictVal(Val, Entries, ValSeq, ValSeq)
0026 [rule]   rule <k> DictExpr(ES:Entries) => #dictAcc(ES, .ValSeq, .ValSeq) ... </k>
0027 [rule]   rule <k> #dictAcc(.Entries, KS:ValSeq, VS:ValSeq) => dictV(KS, VS) ... </k>
0028 [rule]   rule <k> #dictAcc((Entry(K:Expr, V:Expr), REST:Entries), KS:ValSeq, VS:ValSeq)
0029 [continuation]         => K ~> #dictKey(V, REST, KS, VS) ... </k>
0030 [rule]   rule <k> KV:Val ~> #dictKey(V:Expr, REST:Entries, KS:ValSeq, VS:ValSeq)
0031 [continuation]         => V ~> #dictVal(KV, REST, KS, VS) ... </k>
0032 [rule]   rule <k> VV:Val ~> #dictVal(KV:Val, REST:Entries, KS:ValSeq, VS:ValSeq)
0033 [continuation]         => #dictAcc(REST, dPutK(KS, KV), dPutV(KS, VS, KV, VV)) ... </k>
0037 [syntax,function-declaration,total]   syntax Bool ::= dHasKey(ValSeq, Val) [function, total]
0038 [rule]   rule dHasKey(.ValSeq, _:Val)                => false
0039 [rule]   rule dHasKey(vCons(A:Val, _:ValSeq), K:Val) => true          requires A ==K K
0040 [rule]   rule dHasKey(vCons(A:Val, R:ValSeq), K:Val) => dHasKey(R, K) requires notBool (A ==K K)
0043 [syntax,function-declaration,total]   syntax ValSeq ::= dPutK(ValSeq, Val) [function, total]
0044 [rule]   rule dPutK(KS:ValSeq, K:Val) => KS                                  requires dHasKey(KS, K)
0045 [rule]   rule dPutK(KS:ValSeq, K:Val) => valSeqConcat(KS, vCons(K, .ValSeq)) requires notBool dHasKey(KS, K)
0049 [syntax,function-declaration,total]   syntax ValSeq ::= dPutV(ValSeq, ValSeq, Val, Val) [function, total]
0050 [rule]   rule dPutV(vCons(A:Val, _:ValSeq), vCons(_:Val, VR:ValSeq), K:Val, V:Val)  => vCons(V, VR)
0051 [requires-file-or-guard]        requires A ==K K
0052 [rule]   rule dPutV(vCons(A:Val, KR:ValSeq), vCons(B:Val, VR:ValSeq), K:Val, V:Val) => vCons(B, dPutV(KR, VR, K, V))
0053 [requires-file-or-guard]        requires notBool (A ==K K)
0054 [rule]   rule dPutV(_KS:ValSeq, VS:ValSeq, _K:Val, V:Val) => valSeqConcat(VS, vCons(V, .ValSeq)) [owise]
0058 [rule]   rule <k> #applyK(toCall(boundMethodV(dictV(KS:ValSeq, _:ValSeq), "keys")), .Vals)
0059 [continuation]         => #alloc(list(KS)) ... </k>
0060 [priority]        [priority(40)]
0063 [rule]   rule applyIndexD(dictV(KS:ValSeq, VS:ValSeq), K:Val) => dGet(KS, VS, K)
0064 [syntax,function-declaration]   syntax Val ::= applyIndexD(Val, Val) [function]
0065 [rule]   rule <k> Subscript(dictV(KS:ValSeq, VS:ValSeq), K:Val) => applyIndexD(dictV(KS, VS), K) ... </k>
0066 [priority]        [priority(45)]
0070 [syntax,function-declaration]   syntax Val ::= dictSet(Val, Val, Val) [function]
0071 [rule]   rule dictSet(dictV(KS:ValSeq, VS:ValSeq), K:Val, V:Val) => dictV(dPutK(KS, K), dPutV(KS, VS, K, V))
0076 [syntax]   syntax KItem ::= #dsetK(String, Val)
0077 [rule]   rule <k> Assign(Subscript(Name(X:String), K:Expr), VV:Val) => K ~> #dsetK(X, VV) ... </k>
0078 [rule]   rule <k> KV:Val ~> #dsetK(X:String, VV:Val) => .K ... </k>
0079 [continuation]        <env> L:Int </env>
0080 [continuation]        <scopes> ... L |-> scope(M:Map => M [ X <- dictSet({M[X]}:>Val, KV, VV) ], _) ... </scopes>
0081 [requires-file-or-guard]        requires X in_keys(M) andBool notBool isRefV({M[X]}:>Val)
0082 [rule]   rule <k> KV:Val ~> #dsetK(X:String, VV:Val) => #dsetV({M[X]}:>Val, KV, VV) ... </k>
0083 [continuation]        <env> L:Int </env>
0084 [continuation]        <scopes> ... L |-> scope(M:Map, _) ... </scopes>
0085 [requires-file-or-guard]        requires X in_keys(M) andBool isRefV({M[X]}:>Val)
0086 [syntax]   syntax KItem ::= #dsetV(Val, Val, Val)
0087 [rule]   rule <k> #dsetV(ref(H:Int), I:Int, VV:Val) => .K ... </k>
0088 [continuation]        <heap> ... H |-> list(VS:ValSeq => setVSAt(VS, normIdxD(I, vsLen(VS)), VV)) ... </heap>
0090 [syntax,function-declaration,total]   syntax Int ::= normIdxD(Int, Int) [function, total]
0091 [rule]   rule normIdxD(I:Int, LEN:Int) => I +Int LEN requires I  <Int 0
0092 [rule]   rule normIdxD(I:Int, _:Int)   => I          requires I >=Int 0
0095 [rule]   rule applyCmp("==", dictV(KS1:ValSeq, VS1:ValSeq), dictV(KS2:ValSeq, VS2:ValSeq))
0096 [continuation]     => (vsLen(KS1) ==Int vsLen(KS2)) andBool dSubset(KS1, VS1, KS2, VS2)
0097 [syntax,function-declaration]   syntax Bool ::= dSubset(ValSeq, ValSeq, ValSeq, ValSeq) [function]
0098 [rule]   rule dSubset(.ValSeq, .ValSeq, _:ValSeq, _:ValSeq) => true
0099 [rule]   rule dSubset(vCons(K:Val, KR:ValSeq), vCons(V:Val, VR:ValSeq), KS2:ValSeq, VS2:ValSeq)
0100 [continuation]     => dHasKey(KS2, K) andBool (dGet(KS2, VS2, K) ==K V) andBool dSubset(KR, VR, KS2, VS2)
0101 [syntax,function-declaration]   syntax Val ::= dGet(ValSeq, ValSeq, Val) [function]
0102 [rule]   rule dGet(vCons(A:Val, _:ValSeq), vCons(B:Val, _:ValSeq), K:Val) => B                requires A ==K K
0103 [rule]   rule dGet(vCons(A:Val, KR:ValSeq), vCons(_:Val, VR:ValSeq), K:Val) => dGet(KR, VR, K) requires notBool (A ==K K)
0104 [endmodule] endmodule
===== reference-semantics/semantics/float.k =====
counts concrete=26 continuation=8 endmodule=1 function-declaration=26 import=3 module=1 opaque-no-evaluators=19 priority=4 requires-file-or-guard=7 rule=121 symbol=22 syntax=34 total=25
0014 [module] module MPY-FLOAT
0015 [import]   imports MPY-OPERATORS
0016 [import]   imports MPY-BUILTINS
0017 [import]   imports FLOAT
0020 [syntax]   syntax Val ::= Float
0021 [rule]   rule <k> Float(F:Float) => F ... </k>
0024 [syntax,function-declaration,total,opaque-no-evaluators,symbol]   syntax Float ::= intFloatDiv(Int, Float) [function, total, symbol(intFloatDiv), no-evaluators]
0025 [rule,concrete]   rule intFloatDiv(I:Int, F:Float) => Int2Float(I, 53, 11) /Float F [concrete]
0027 [rule]   rule applyBin("/", I:Int, F:Float) => intFloatDiv(I, F)
0030 [syntax,function-declaration,total,opaque-no-evaluators,symbol]   syntax Float ::= divII(Int, Int) [function, total, symbol(divII), no-evaluators]
0031 [rule,concrete]   rule divII(I1:Int, I2:Int) => Int2Float(I1, 53, 11) /Float Int2Float(I2, 53, 11) [concrete]
0032 [rule]   rule applyBin("/", I1:Int, I2:Int) => divII(I1, I2)
0037 [syntax,function-declaration,total,opaque-no-evaluators,symbol]   syntax Float ::= floatMod(Float, Float) [function, total, symbol(floatMod), no-evaluators]
0038 [rule,concrete]   rule floatMod(F1:Float, F2:Float) => F1 -Float (floorFloat(F1 /Float F2) *Float F2) [concrete]
0039 [rule]   rule applyBin("%", F1:Float, F2:Float) => floatMod(F1, F2)
0043 [rule]   rule applyCmp("==", F1:Float, F2:Float) => F1 ==Float F2
0044 [rule]   rule applyCmp("!=", F1:Float, F2:Float) => notBool (F1 ==Float F2)
0050 [syntax,function-declaration,total,opaque-no-evaluators,symbol]   syntax Bool ::= floatLt(Float, Float) [function, total, symbol(floatLt), no-evaluators]
0051 [rule,concrete]   rule floatLt(F1:Float, F2:Float) => F1 <Float F2 [concrete]
0052 [rule]   rule applyCmp("<", F1:Float, F2:Float) => floatLt(F1, F2)
0054 [syntax,function-declaration,total,opaque-no-evaluators,symbol]   syntax Float ::= absF(Float) [function, total, symbol(absF), no-evaluators]
0055 [rule,concrete]   rule absF(F:Float) => absFloat(F) [concrete]
0056 [rule]   rule applyBuiltin("abs", F:Float, .Vals) => absF(F)
0061 [rule]   rule <k> Import(_:String) => .K ... </k>
0065 [syntax]   syntax KItem ::= "#mathCeil"
0066 [rule,priority]   rule <k> Call(Attribute(Name("math"), "ceil"), (E:Expr, .Exprs)) => E ~> #mathCeil ... </k> [priority(40)]
0067 [rule]   rule <k> V:Val ~> #mathCeil => ceilF(V) ... </k>
0070 [syntax]   syntax KItem ::= "#mathFloor"
0071 [rule,priority]   rule <k> Call(Attribute(Name("math"), "floor"), (E:Expr, .Exprs)) => E ~> #mathFloor ... </k> [priority(40)]
0072 [rule]   rule <k> V:Val ~> #mathFloor => floorFI(V) ... </k>
0073 [syntax,function-declaration,total,symbol]   syntax Int ::= floorFI(Val) [function, total, symbol(floorFI)]
0074 [rule,concrete]   rule floorFI(I:Int)   => I                        [concrete]
0075 [rule,concrete]   rule floorFI(F:Float) => Float2Int(floorFloat(F)) [concrete]
0078 [rule]   rule applyBuiltin("floor", V:Val, .Vals) => floorFI(V)
0079 [rule]   rule applyBuiltin("ceil",  V:Val, .Vals) => ceilF(V)
0082 [syntax]   syntax KItem ::= #mathPow1(Expr) | #mathPow2(Val)
0083 [rule,priority]   rule <k> Call(Attribute(Name("math"), "pow"), (E1:Expr, E2:Expr, .Exprs)) => E1 ~> #mathPow1(E2) ... </k> [priority(40)]
0084 [rule]   rule <k> V1:Val ~> #mathPow1(E2:Expr) => E2 ~> #mathPow2(V1) ... </k>
0085 [rule]   rule <k> V2:Val ~> #mathPow2(V1:Val) => powF(toF(V1), toF(V2)) ... </k>
0086 [syntax,function-declaration,total,symbol]   syntax Float ::= toF(Val) [function, total, symbol(toF)]
0087 [rule,concrete]   rule toF(F:Float) => F        [concrete]
0088 [rule,concrete]   rule toF(I:Int)   => intToF(I) [concrete]
0093 [syntax,function-declaration,total,symbol]   syntax Int ::= ceilF(Val) [function, total, symbol(ceilF)]
0094 [rule,concrete]   rule ceilF(I:Int)   => I                       [concrete]
0095 [rule,concrete]   rule ceilF(F:Float) => Float2Int(ceilFloat(F)) [concrete]
0099 [rule]   rule applyUn("-", F:Float) => 0.0 -Float F
0103 [syntax,function-declaration,total,opaque-no-evaluators,symbol]   syntax Float ::= subF(Float, Float) [function, total, symbol(subF), no-evaluators]
0104 [rule,concrete]   rule subF(F1:Float, F2:Float) => F1 -Float F2 [concrete]
0105 [rule]   rule applyBin("-", F1:Float, F2:Float) => subF(F1, F2)
0107 [syntax,function-declaration,total,opaque-no-evaluators,symbol]   syntax Float ::= divF(Float, Float) [function, total, symbol(divF), no-evaluators]
0108 [rule,concrete]   rule divF(F1:Float, F2:Float) => F1 /Float F2 [concrete]
0109 [rule]   rule applyBin("/", F1:Float, F2:Float) => divF(F1, F2)
0111 [syntax,function-declaration,total,opaque-no-evaluators,symbol]   syntax Float ::= addF(Float, Float) [function, total, symbol(addF), no-evaluators]
0112 [rule,concrete]   rule addF(F1:Float, F2:Float) => F1 +Float F2 [concrete]
0113 [rule]   rule applyBin("+", F1:Float, F2:Float) => addF(F1, F2)
0115 [syntax,function-declaration,total,opaque-no-evaluators,symbol]   syntax Float ::= mulF(Float, Float) [function, total, symbol(mulF), no-evaluators]
0116 [rule,concrete]   rule mulF(F1:Float, F2:Float) => F1 *Float F2 [concrete]
0117 [rule]   rule applyBin("*", F1:Float, F2:Float) => mulF(F1, F2)
0119 [syntax,function-declaration,total,opaque-no-evaluators,symbol]   syntax Float ::= powF(Float, Float) [function, total, symbol(powF), no-evaluators]
0120 [rule,concrete]   rule powF(F1:Float, F2:Float) => F1 ^Float F2 [concrete]
0121 [rule]   rule applyBin("**", F1:Float, F2:Float) => powF(F1, F2)
0125 [syntax,function-declaration,total,opaque-no-evaluators,symbol]   syntax Bool ::= gtF(Float, Float) [function, total, symbol(gtF), no-evaluators]
0126 [rule,concrete]   rule gtF(F1:Float, F2:Float) => F1 >Float F2 [concrete]
0127 [rule]   rule applyCmp(">",  F1:Float, F2:Float) => gtF(F1, F2)
0128 [rule]   rule applyCmp(">=", F1:Float, F2:Float) => notBool floatLt(F1, F2)
0129 [rule]   rule applyCmp("<=", F1:Float, F2:Float) => notBool gtF(F1, F2)
0132 [rule]   rule applyBin("**", I:Int, F:Float) => powF(intToF(I), F)
0133 [rule]   rule applyBin("**", F:Float, I:Int) => powF(F, intToF(I))
0134 [rule]   rule applyBin("-",  I:Int, F:Float) => subF(intToF(I), F)
0135 [rule]   rule applyBin("-",  F:Float, I:Int) => subF(F, intToF(I))
0136 [rule]   rule applyBin("+",  I:Int, F:Float) => addF(intToF(I), F)
0137 [rule]   rule applyBin("+",  F:Float, I:Int) => addF(F, intToF(I))
0138 [rule]   rule applyBin("*",  I:Int, F:Float) => mulF(intToF(I), F)
0139 [rule]   rule applyBin("*",  F:Float, I:Int) => mulF(F, intToF(I))
0142 [syntax,function-declaration,total,opaque-no-evaluators,symbol]   syntax Bool ::= eqF(Float, Float) [function, total, symbol(eqF), no-evaluators]
0143 [rule,concrete]   rule eqF(F1:Float, F2:Float) => F1 ==Float F2 [concrete]
0144 [rule]   rule applyCmp("==", I:Int, F:Float) => eqF(intToF(I), F)
0145 [rule]   rule applyCmp("==", F:Float, I:Int) => eqF(F, intToF(I))
0146 [rule]   rule applyCmp("!=", I:Int, F:Float) => notBool eqF(intToF(I), F)
0147 [rule]   rule applyCmp("!=", F:Float, I:Int) => notBool eqF(F, intToF(I))
0148 [rule]   rule applyCmp("<",  I:Int, F:Float) => floatLt(intToF(I), F)
0149 [rule]   rule applyCmp("<",  F:Float, I:Int) => floatLt(F, intToF(I))
0150 [rule]   rule applyCmp(">",  I:Int, F:Float) => gtF(intToF(I), F)
0151 [rule]   rule applyCmp(">",  F:Float, I:Int) => gtF(F, intToF(I))
0154 [rule]   rule applyCmp("==", V:Val, noneV) => V ==K noneV
0155 [rule]   rule applyCmp("!=", V:Val, noneV) => notBool (V ==K noneV)
0160 [syntax,function-declaration,total,opaque-no-evaluators,symbol]   syntax Float ::= decStrToF(IntSeq) [function, total, symbol(decStrToF), no-evaluators]
0161 [rule,concrete]   rule decStrToF(iCons(45, CS:IntSeq)) => 0.0 -Float decStrToF(CS) [concrete]
0162 [rule]   rule decStrToF(CS:IntSeq)
0163 [continuation]     => intToF(intPart(CS)) +Float (intToF(fracPart(CS)) /Float intToF(fracScale(CS)))
0164 [requires-file-or-guard,concrete]        requires isLen(CS) >Int 0 andBool headIS(CS) =/=Int 45 [concrete]
0165 [syntax,function-declaration]   syntax Int ::= headIS(IntSeq) [function]
0166 [rule]   rule headIS(iCons(C:Int, _:IntSeq)) => C
0167 [syntax,function-declaration,total]   syntax Int ::= intPart(IntSeq) [function, total] | intPartAcc(IntSeq, Int) [function, total]
0168 [rule]   rule intPart(CS:IntSeq) => intPartAcc(CS, 0)
0169 [rule]   rule intPartAcc(.IntSeq, A:Int) => A
0170 [rule]   rule intPartAcc(iCons(46, _:IntSeq), A:Int) => A
0171 [rule]   rule intPartAcc(iCons(C:Int, R:IntSeq), A:Int) => intPartAcc(R, A *Int 10 +Int (C -Int 48))
0172 [requires-file-or-guard]        requires C =/=Int 46
0173 [syntax,function-declaration,total]   syntax Int ::= fracPart(IntSeq) [function, total] | fracAcc(IntSeq, Int) [function, total]
0174 [rule]   rule fracPart(.IntSeq) => 0
0175 [rule]   rule fracPart(iCons(46, R:IntSeq)) => fracAcc(R, 0)
0176 [rule]   rule fracPart(iCons(C:Int, R:IntSeq)) => fracPart(R) requires C =/=Int 46
0177 [rule]   rule fracAcc(.IntSeq, A:Int) => A
0178 [rule]   rule fracAcc(iCons(C:Int, R:IntSeq), A:Int) => fracAcc(R, A *Int 10 +Int (C -Int 48))
0179 [syntax,function-declaration,total]   syntax Int ::= fracScale(IntSeq) [function, total] | fscAcc(IntSeq, Int) [function, total]
0180 [rule]   rule fracScale(.IntSeq) => 1
0181 [rule]   rule fracScale(iCons(46, R:IntSeq)) => fscAcc(R, 1)
0182 [rule]   rule fracScale(iCons(C:Int, R:IntSeq)) => fracScale(R) requires C =/=Int 46
0183 [rule]   rule fscAcc(.IntSeq, A:Int) => A
0184 [rule]   rule fscAcc(iCons(_:Int, R:IntSeq), A:Int) => fscAcc(R, A *Int 10)
0185 [rule]   rule applyBuiltin("float", str(CS:IntSeq), .Vals) => decStrToF(CS)
0186 [rule]   rule applyBuiltin("float", I:Int, .Vals)          => intToF(I)
0187 [rule]   rule applyBuiltin("float", F:Float, .Vals)        => F
0190 [syntax,function-declaration,total,opaque-no-evaluators,symbol]   syntax Float ::= divFloatIntV(Float, Int) [function, total, symbol(divFloatIntV), no-evaluators]
0191 [rule,concrete]   rule divFloatIntV(F:Float, I:Int) => F /Float Int2Float(I, 53, 11) [concrete]
0192 [rule]   rule applyBin("/", F:Float, I:Int) => divFloatIntV(F, I)
0195 [syntax,function-declaration,total,opaque-no-evaluators,symbol]   syntax Float ::= intToF(Int) [function, total, symbol(intToF), no-evaluators]
0196 [rule,concrete]   rule intToF(I:Int) => Int2Float(I, 53, 11) [concrete]
0197 [rule]   rule applyBin("+", I:Int, F:Float) => addF(intToF(I), F)
0198 [rule]   rule applyBin("+", F:Float, I:Int) => addF(F, intToF(I))
0199 [rule]   rule applyBin("-", I:Int, F:Float) => subF(intToF(I), F)
0200 [rule]   rule applyBin("-", F:Float, I:Int) => subF(F, intToF(I))
0201 [rule]   rule applyBin("*", I:Int, F:Float) => mulF(intToF(I), F)
0202 [rule]   rule applyBin("*", F:Float, I:Int) => mulF(F, intToF(I))
0203 [rule]   rule applyCmp("<", I:Int, F:Float) => floatLt(intToF(I), F)
0204 [rule]   rule applyCmp("<", F:Float, I:Int) => floatLt(F, intToF(I))
0205 [rule]   rule applyCmp(">", I:Int, F:Float) => gtF(intToF(I), F)
0206 [rule]   rule applyCmp(">", F:Float, I:Int) => gtF(F, intToF(I))
0209 [syntax,function-declaration,total,opaque-no-evaluators,symbol]   syntax Int ::= truncF(Float) [function, total, symbol(truncF), no-evaluators]
0210 [rule,concrete]   rule truncF(F:Float) => #if F >=Float 0.0 #then Float2Int(floorFloat(F)) #else Float2Int(ceilFloat(F)) #fi [concrete]
0211 [rule]   rule applyBuiltin("int", F:Float, .Vals) => truncF(F)
0213 [rule]   rule applyBuiltin("float", I:Int, .Vals)   => intToF(I)
0214 [rule]   rule applyBuiltin("float", F:Float, .Vals) => F
0217 [syntax,function-declaration,total,opaque-no-evaluators,symbol]   syntax Int ::= roundF(Float) [function, total, symbol(roundF), no-evaluators]
0218 [rule]   rule roundF(F:Float)
0219 [continuation]     => #if (F -Float floorFloat(F)) ==Float 0.5
0220 [continuation]        #then (#if Float2Int(floorFloat(F)) %Int 2 ==Int 0
0221 [continuation]               #then Float2Int(floorFloat(F)) #else Float2Int(ceilFloat(F)) #fi)
0222 [concrete]        #else Float2Int(floorFloat(F +Float 0.5)) #fi [concrete]
0223 [syntax,function-declaration,total,opaque-no-evaluators,symbol]   syntax Float ::= roundFN(Float, Int) [function, total, symbol(roundFN), no-evaluators]
0224 [rule]   rule roundFN(F:Float, N:Int)
0225 [continuation]     => Int2Float(roundF(F *Float Int2Float(10 ^Int N, 53, 11)), 53, 11)
0226 [concrete]        /Float Int2Float(10 ^Int N, 53, 11) [concrete]
0227 [rule]   rule applyBuiltin("round", F:Float, .Vals)        => roundF(F)
0228 [rule]   rule applyBuiltin("round", F:Float, N:Int, .Vals) => roundFN(F, N)
0230 [syntax,function-declaration,total,opaque-no-evaluators,symbol]   syntax Float ::= sqrtF(Float) [function, total, symbol(sqrtF), no-evaluators]
0231 [rule,concrete]   rule sqrtF(F:Float) => sqrtFloat(F) [concrete]
0232 [syntax]   syntax KItem ::= "#mathSqrt"
0233 [rule,priority]   rule <k> Call(Attribute(Name("math"), "sqrt"), (E:Expr, .Exprs)) => E ~> #mathSqrt ... </k> [priority(40)]
0234 [rule]   rule <k> F:Float ~> #mathSqrt => sqrtF(F) ... </k>
0235 [rule]   rule <k> I:Int ~> #mathSqrt => sqrtF(intToF(I)) ... </k>
0243 [syntax]   syntax KItem ::= #maxAccF(Iterable, Float) | #maxContF(Float)
0244 [rule]   rule <k> #iterYield(V:Val, R:Iterable) ~> #maxCont0 => #maxAccF(R, {V}:>Float) ... </k> requires isFloat(V)
0245 [rule]   rule <k> #maxAccF(IT:Iterable, M:Float) => #iterNext(IT) ~> #maxContF(M) ... </k>
0246 [rule]   rule <k> #iterDone ~> #maxContF(M:Float) => M ... </k>
0247 [rule]   rule <k> #iterYield(V:Val, R:Iterable) ~> #maxContF(M:Float) => #maxAccF(R, maxFloat(M, {V}:>Float)) ... </k>
0248 [requires-file-or-guard]        requires isFloat(V)
0250 [syntax]   syntax KItem ::= #minAccF(Iterable, Float) | #minContF(Float)
0251 [rule]   rule <k> #iterYield(V:Val, R:Iterable) ~> #minCont0 => #minAccF(R, {V}:>Float) ... </k> requires isFloat(V)
0252 [rule]   rule <k> #minAccF(IT:Iterable, M:Float) => #iterNext(IT) ~> #minContF(M) ... </k>
0253 [rule]   rule <k> #iterDone ~> #minContF(M:Float) => M ... </k>
0254 [rule]   rule <k> #iterYield(V:Val, R:Iterable) ~> #minContF(M:Float) => #minAccF(R, minFloat(M, {V}:>Float)) ... </k>
0255 [requires-file-or-guard]        requires isFloat(V)
0261 [syntax]   syntax KItem ::= #sumAccF(Iterable, Float) | #sumContF(Float)
0262 [rule]   rule <k> #iterYield(V:Val, R:Iterable) ~> #sumCont(ACC:Int)
0263 [continuation]         => #sumAccF(R, addF(intToF(ACC), {V}:>Float)) ... </k>
0264 [requires-file-or-guard]        requires isFloat(V) andBool notBool (isInt(V) orBool isBool(V))
0265 [rule]   rule <k> #sumAccF(IT:Iterable, ACC:Float) => #iterNext(IT) ~> #sumContF(ACC) ... </k>
0266 [rule]   rule <k> #iterDone ~> #sumContF(ACC:Float) => ACC ... </k>
0267 [rule]   rule <k> #iterYield(V:Val, R:Iterable) ~> #sumContF(ACC:Float)
0268 [continuation]         => #sumAccF(R, addF(ACC, {V}:>Float)) ... </k>
0269 [requires-file-or-guard]        requires isFloat(V)
0270 [rule]   rule <k> #iterYield(V:Val, R:Iterable) ~> #sumContF(ACC:Float)
0271 [continuation]         => #sumAccF(R, addF(ACC, intToF(intOf(V)))) ... </k>
0272 [requires-file-or-guard]        requires isInt(V) orBool isBool(V)
0273 [endmodule] endmodule
===== reference-semantics/semantics/functions.k =====
counts continuation=35 endmodule=1 import=1 module=1 priority=1 requires-file-or-guard=3 rule=15 syntax=4 syntax-continuation=4
0003 [module] module MPY-FUNCTIONS
0004 [import]   imports MPY-CORE
0008 [syntax]   syntax KItem ::= frame(continuation: K, callerEnv: Int, savedLoc: Int)
0009 [syntax-continuation]                  | #bindP(ParamNames, Vals)
0010 [syntax-continuation]                  | "#pop"
0011 [syntax-continuation]                  | "#endcall"
0014 [rule]   rule <k> FuncDef(F:String, Params(PNS:ParamNames), BODY:Stmts) => .K ... </k>
0015 [continuation]        <env> L:Int </env>
0016 [continuation]        <scopes> ... L |-> scope(M:Map => M [ F <- closureVal(PNS, BODY, L) ], _) ... </scopes>
0018 [syntax]   syntax Expr ::= closureExpr(ParamNames, Stmts)
0019 [rule]   rule <k> closureExpr(PNS:ParamNames, BODY:Stmts) => closureVal(PNS, BODY, L) ... </k>
0020 [continuation]        <env> L:Int </env>
0027 [syntax]   syntax Val ::= closureValC(ParamNames, ParamNames, Stmts, Map)
0031 [syntax]   syntax KItem ::= #mkClosure(String, ParamNames, ParamNames, ParamNames, Stmts, Map)
0032 [syntax-continuation]                  | #mkLambda(ParamNames, ParamNames, ParamNames, Stmts, Map)
0033 [rule]   rule <k> FuncDef(F:String, Params(PNS:ParamNames), CellVars(CVS:ParamNames),
0034 [continuation]                    FreeVars(FVS:ParamNames), BODY:Stmts)
0035 [continuation]         => #mkClosure(F, PNS, CVS, FVS, BODY, .Map) ... </k>
0036 [rule]   rule <k> #mkClosure(F:String, PNS:ParamNames, CVS:ParamNames,
0037 [continuation]                       (FV:String, FVR:ParamNames), BODY:Stmts, CM:Map)
0038 [continuation]         => #mkClosure(F, PNS, CVS, FVR, BODY, CM [ FV <- {M[FV]}:>Val ]) ... </k>
0039 [continuation]        <env> L:Int </env>
0040 [continuation]        <scopes> ... L |-> scope(M:Map, _) ... </scopes>
0041 [requires-file-or-guard]        requires FV in_keys(M)
0042 [rule]   rule <k> #mkClosure(F:String, PNS:ParamNames, CVS:ParamNames,
0043 [continuation]                       .ParamNames, BODY:Stmts, CM:Map) => .K ... </k>
0044 [continuation]        <env> L:Int </env>
0045 [continuation]        <scopes> ... L |-> scope(M:Map => M [ F <- closureValC(PNS, CVS, BODY, CM) ], _) ... </scopes>
0047 [rule]   rule <k> Lambda(Params(PNS:ParamNames), E:Expr)
0048 [continuation]         => closureVal(PNS, Return(E) .Stmts, L) ... </k>
0049 [continuation]        <env> L:Int </env>
0050 [rule]   rule <k> Lambda(Params(PNS:ParamNames), CellVars(CVS:ParamNames),
0051 [continuation]                   FreeVars(FVS:ParamNames), E:Expr)
0052 [continuation]         => #mkLambda(PNS, CVS, FVS, Return(E) .Stmts, .Map) ... </k>
0053 [rule]   rule <k> #mkLambda(PNS:ParamNames, CVS:ParamNames,
0054 [continuation]                      (FV:String, FVR:ParamNames), BODY:Stmts, CM:Map)
0055 [continuation]         => #mkLambda(PNS, CVS, FVR, BODY, CM [ FV <- {M[FV]}:>Val ]) ... </k>
0056 [continuation]        <env> L:Int </env>
0057 [continuation]        <scopes> ... L |-> scope(M:Map, _) ... </scopes>
0058 [requires-file-or-guard]        requires FV in_keys(M)
0059 [rule]   rule <k> #mkLambda(PNS:ParamNames, CVS:ParamNames, .ParamNames, BODY:Stmts, CM:Map)
0060 [continuation]         => closureValC(PNS, CVS, BODY, CM) ... </k>
0063 [rule]   rule <k> #bindP(.ParamNames, .Vals) => .K ... </k>
0064 [rule]   rule <k> #bindP((P:String, PS:ParamNames), (V:Val, VS:Vals)) => #bindP(PS, VS) ... </k>
0065 [continuation]        <env> L:Int </env>
0066 [continuation]        <scopes> ... L |-> scope(M:Map => M [ P <- V ], _) ... </scopes>
0068 [rule]   rule <k> #bindP((P:String, PS:ParamNames), (V:Val, VS:Vals))
0069 [continuation]         => #cellW({M[P]}:>Val, V) ~> #bindP(PS, VS) ... </k>
0070 [continuation]        <env> L:Int </env>
0071 [continuation]        <scopes> ... L |-> scope(M:Map, _) ... </scopes>
0072 [requires-file-or-guard]        requires "$cells" in_keys(M)
0073 [continuation]         andBool pnMember(P, cellsOf({M["$cells"]}:>Val))
0074 [continuation]         andBool P in_keys(M) andBool isCellRef({M[P]}:>Val)
0075 [priority]        [priority(40)]
0078 [rule]   rule <k> Return(V:Val) ~> _ => #pop </k>
0079 [continuation]        <ret> noRet => retV(V) </ret>
0080 [rule]   rule <k> #endcall => #pop ... </k>
0081 [continuation]        <ret> noRet => retV(noneV) </ret>
0085 [rule]   rule <k> #pop => V ~> CONT </k>
0086 [continuation]        <ret>   retV(V) => noRet </ret>
0087 [continuation]        <stack> ListItem(frame(CONT:K, CALLERL:Int, SAVEDL:Int)) => .List ... </stack>
0088 [continuation]        <env>   L:Int => CALLERL </env>
0089 [continuation]        <scopes> SC:Map => SC [ L <- undef ] </scopes>
0090 [continuation]        <scopeLoc> _ => SAVEDL </scopeLoc>
0091 [endmodule] endmodule
===== reference-semantics/semantics/int.k =====
counts endmodule=1 function-declaration=1 import=1 module=1 rule=16 syntax=1
0004 [module] module MPY-INT
0005 [import]   imports MPY-CORE
0007 [rule]   rule applyUn("-", I:Int) => 0 -Int I
0009 [rule]   rule applyBin("+",  I1:Int, I2:Int) => I1 +Int I2
0011 [rule]   rule applyBin("+",  I:Int, B:Bool) => I +Int #if B #then 1 #else 0 #fi
0012 [rule]   rule applyBin("+",  B:Bool, I:Int) => #if B #then 1 #else 0 #fi +Int I
0013 [rule]   rule applyBin("-",  I1:Int, I2:Int) => I1 -Int I2
0014 [rule]   rule applyBin("*",  I1:Int, I2:Int) => I1 *Int I2
0015 [rule]   rule applyBin("%",  I1:Int, I2:Int) => pyMod(I1, I2)
0016 [rule]   rule applyBin("//", I1:Int, I2:Int) => (I1 -Int pyMod(I1, I2)) /Int I2
0017 [rule]   rule applyBin("**", I1:Int, I2:Int) => I1 ^Int I2 requires I2 >=Int 0
0019 [syntax,function-declaration]   syntax Int ::= pyMod(Int, Int) [function]
0020 [rule]   rule pyMod(I1:Int, I2:Int) => ((I1 %Int I2) +Int I2) %Int I2
0022 [rule]   rule applyCmp("<",  I1:Int, I2:Int)   => I1 <Int  I2
0023 [rule]   rule applyCmp("<=", I1:Int, I2:Int)   => I1 <=Int I2
0024 [rule]   rule applyCmp(">",  I1:Int, I2:Int)   => I1 >Int  I2
0025 [rule]   rule applyCmp(">=", I1:Int, I2:Int)   => I1 >=Int I2
0026 [rule]   rule applyCmp("==", I1:Int, I2:Int)   => I1 ==Int I2
0027 [rule]   rule applyCmp("!=", I1:Int, I2:Int)   => I1 =/=Int I2
0028 [endmodule] endmodule
===== reference-semantics/semantics/iter.k =====
counts endmodule=1 import=1 module=1 syntax=1
0006 [module] module MPY-ITER
0007 [import]   imports MPY-CORE
0008 [syntax]   syntax KItem ::= #iterNext(Iterable) | "#iterDone" | #iterYield(Val, Iterable)
0009 [endmodule] endmodule
===== reference-semantics/semantics/list.k =====
counts continuation=2 endmodule=1 function-declaration=4 import=3 module=1 priority=2 requires-file-or-guard=4 rule=27 syntax=5 syntax-continuation=1 total=2
0003 [module] module MPY-LIST
0004 [import]   imports MPY-CORE
0005 [import]   imports MPY-ITER
0006 [import]   imports MPY-OPERATORS
0009 [rule]   rule <k> #iterNext(list(.ValSeq))                => #iterDone ... </k>
0010 [rule]   rule <k> #iterNext(list(vCons(V:Val, R:ValSeq))) => #iterYield(V, list(R)) ... </k>
0013 [syntax]   syntax ApplyK ::= "toList"
0014 [rule]   rule <k> ListExpr(ES:Exprs) => #evalArgs(ES, .Vals, toList) ... </k>
0015 [rule]   rule <k> #applyK(toList, ACC:Vals) => #alloc(list(vals2valSeq(ACC))) ... </k>
0018 [syntax,function-declaration,total]   syntax ValSeq ::= valSeqConcat(ValSeq, ValSeq) [function, total]
0019 [rule]   rule valSeqConcat(.ValSeq, T:ValSeq)                => T
0020 [rule]   rule valSeqConcat(vCons(V:Val, S:ValSeq), T:ValSeq) => vCons(V, valSeqConcat(S, T))
0024 [rule]   rule <k> BinOp("+", list(A:ValSeq), list(B:ValSeq)) => #alloc(list(valSeqConcat(A, B))) ... </k>
0025 [priority]        [priority(45)]
0027 [rule]   rule applyCmp("==", list(A:ValSeq), list(B:ValSeq)) => A ==K B
0028 [rule]   rule applyCmp("!=", list(A:ValSeq), list(B:ValSeq)) => notBool (A ==K B)
0033 [syntax,function-declaration,total]   syntax Bool ::= hasRefVS(ValSeq) [function, total]
0034 [rule]   rule hasRefVS(.ValSeq)                => false
0035 [rule]   rule hasRefVS(vCons(V:Val, R:ValSeq)) => isRefV(V) orBool hasRefVS(R)
0037 [syntax,function-declaration]   syntax Bool ::= deepEqVS(ValSeq, ValSeq, Map) [function]
0038 [syntax-continuation,function-declaration]                 | deepEqV(Val, Val, Map)        [function]
0039 [rule]   rule deepEqVS(.ValSeq, .ValSeq, _:Map)                   => true
0040 [rule]   rule deepEqVS(.ValSeq, vCons(_:Val, _:ValSeq), _:Map)    => false
0041 [rule]   rule deepEqVS(vCons(_:Val, _:ValSeq), .ValSeq, _:Map)    => false
0042 [rule]   rule deepEqVS(vCons(A:Val, As:ValSeq), vCons(B:Val, Bs:ValSeq), HP:Map)
0043 [continuation]     => deepEqV(A, B, HP) andBool deepEqVS(As, Bs, HP)
0045 [rule]   rule deepEqV(ref(H:Int), B:Val, HP:Map) => deepEqV({HP[H]}:>Val, B, HP)
0046 [requires-file-or-guard]        requires H in_keys(HP)
0047 [rule]   rule deepEqV(A:Val, ref(H:Int), HP:Map) => deepEqV(A, {HP[H]}:>Val, HP)
0048 [requires-file-or-guard]        requires notBool isRefV(A) andBool H in_keys(HP)
0049 [rule]   rule deepEqV(list(A:ValSeq), list(B:ValSeq), HP:Map) => deepEqVS(A, B, HP)
0050 [rule]   rule deepEqV(A:Val, B:Val, _:Map) => A ==K B [owise]
0053 [rule]   rule <k> #applyK(toCall(boundMethodV(ref(H:Int), "append")), (V:Val, .Vals)) => noneV ... </k>
0054 [continuation]        <heap> ... H |-> list(VS:ValSeq => valSeqConcat(VS, vCons(V, .ValSeq))) ... </heap>
0055 [priority]        [priority(40)]
0058 [syntax]   syntax KItem ::= #memberAcc(Val, Iterable) | #memberCont(Val) | "#notB"
0059 [rule]   rule <k> Compare(LV:Val, CmpOp("in",     list(VS:ValSeq))) => #memberAcc(LV, list(VS)) ... </k>
0060 [rule]   rule <k> Compare(LV:Val, CmpOp("not in", list(VS:ValSeq))) => #memberAcc(LV, list(VS)) ~> #notB ... </k>
0061 [rule]   rule <k> #memberAcc(V:Val, IT:Iterable) => #iterNext(IT) ~> #memberCont(V) ... </k>
0062 [rule]   rule <k> #iterDone ~> #memberCont(_V:Val) => false ... </k>
0063 [rule]   rule <k> #iterYield(E:Val, _:Iterable) ~> #memberCont(V:Val) => true ... </k>
0064 [requires-file-or-guard]        requires E ==K V
0065 [rule]   rule <k> #iterYield(E:Val, R:Iterable) ~> #memberCont(V:Val) => #memberAcc(V, R) ... </k>
0066 [requires-file-or-guard]        requires notBool (E ==K V)
0067 [rule]   rule <k> B:Bool ~> #notB => notBool B ... </k>
0068 [endmodule] endmodule
===== reference-semantics/semantics/methods.k =====
counts continuation=5 endmodule=1 function-declaration=27 import=4 module=1 priority=3 requires-file-or-guard=6 rule=75 syntax=27 total=22
0003 [module] module MPY-METHODS
0004 [import]   imports MPY-CORE
0005 [import]   imports K-EQUAL
0006 [import]   imports MPY-STR
0007 [import]   imports MPY-LIST
0010 [syntax,function-declaration]   syntax Val ::= applyMethod(Val, String, Vals) [function]
0013 [rule]   rule applyMethod(str(CS:IntSeq), "isupper", .Vals) => hasUpper(CS) andBool notBool hasLower(CS)
0014 [rule]   rule applyMethod(str(CS:IntSeq), "islower", .Vals) => hasLower(CS) andBool notBool hasUpper(CS)
0015 [rule]   rule applyMethod(str(CS:IntSeq), "isalpha", .Vals) => notBool (CS ==K .IntSeq) andBool allAlpha(CS)
0016 [rule]   rule applyMethod(str(CS:IntSeq), "isdigit", .Vals) => notBool (CS ==K .IntSeq) andBool allDigit(CS)
0019 [rule]   rule applyMethod(str(CS:IntSeq), "lower",    .Vals) => str(mapLower(CS))
0020 [rule]   rule applyMethod(str(CS:IntSeq), "upper",    .Vals) => str(mapUpper(CS))
0021 [rule]   rule applyMethod(str(CS:IntSeq), "swapcase", .Vals) => str(mapSwap(CS))
0026 [rule]   rule applyMethod(str(SEP:IntSeq), "join", list(VS:ValSeq), .Vals) => str(joinCodes(SEP, VS))
0027 [syntax,function-declaration,total]   syntax IntSeq ::= joinCodes(IntSeq, ValSeq) [function, total]
0028 [rule]   rule joinCodes(_:IntSeq, .ValSeq) => .IntSeq
0029 [rule]   rule joinCodes(_:IntSeq, vCons(str(CS:IntSeq), .ValSeq)) => CS
0030 [rule]   rule joinCodes(SEP:IntSeq, vCons(str(CS:IntSeq), vCons(V:Val, R:ValSeq)))
0031 [continuation]     => seqConcat(CS, seqConcat(SEP, joinCodes(SEP, vCons(V, R))))
0034 [rule]   rule applyMethod(str(CS:IntSeq), "count", str(PC:IntSeq), .Vals) => cntSub(CS, PC)
0035 [syntax,function-declaration]   syntax Int ::= cntSub(IntSeq, IntSeq) [function]
0036 [rule]   rule cntSub(.IntSeq, _:IntSeq) => 0
0037 [rule]   rule cntSub(iCons(C:Int, R:IntSeq), PC:IntSeq) => 1 +Int cntSub(dropIS(iCons(C, R), isLen(PC)), PC)
0038 [requires-file-or-guard]        requires strPrefix(PC, iCons(C, R)) andBool isLen(PC) >Int 0
0039 [rule]   rule cntSub(iCons(C:Int, R:IntSeq), PC:IntSeq) => cntSub(R, PC)
0040 [requires-file-or-guard]        requires notBool strPrefix(PC, iCons(C, R)) orBool isLen(PC) <=Int 0
0041 [syntax,function-declaration,total]   syntax IntSeq ::= dropIS(IntSeq, Int) [function, total]
0042 [rule]   rule dropIS(S:IntSeq, N:Int) => S requires N <=Int 0
0043 [rule]   rule dropIS(.IntSeq, _:Int) => .IntSeq [owise]
0044 [rule]   rule dropIS(iCons(_:Int, R:IntSeq), N:Int) => dropIS(R, N -Int 1) requires N >Int 0
0047 [rule]   rule applyMethod(str(CS:IntSeq), "strip", .Vals) => str(revIS(trimWS(revIS(trimWS(CS)))))
0048 [syntax,function-declaration,total]   syntax IntSeq ::= trimWS(IntSeq) [function, total]
0049 [rule]   rule trimWS(.IntSeq) => .IntSeq
0050 [rule]   rule trimWS(iCons(C:Int, R:IntSeq)) => trimWS(R) requires isWSC(C)
0051 [rule]   rule trimWS(iCons(C:Int, R:IntSeq)) => iCons(C, R) requires notBool isWSC(C)
0052 [syntax,function-declaration,total]   syntax IntSeq ::= revIS(IntSeq) [function, total] | revISAcc(IntSeq, IntSeq) [function, total]
0053 [rule]   rule revIS(S:IntSeq) => revISAcc(S, .IntSeq)
0054 [rule]   rule revISAcc(.IntSeq, A:IntSeq) => A
0055 [rule]   rule revISAcc(iCons(C:Int, R:IntSeq), A:IntSeq) => revISAcc(R, iCons(C, A))
0058 [rule]   rule applyMethod(str(CS:IntSeq), "encode", str(_:IntSeq), .Vals) => str(CS)
0061 [rule]   rule applyMethod(str(XC:IntSeq), "startswith", str(PC:IntSeq), .Vals) => startsWith(PC, XC)
0064 [rule]   rule applyMethod(list(VS:ValSeq), "count", V:Val, .Vals) => cntOccVS(VS, V)
0065 [syntax,function-declaration,total]   syntax Int ::= cntOccVS(ValSeq, Val) [function, total]
0066 [rule]   rule cntOccVS(.ValSeq, _:Val)                => 0
0067 [rule]   rule cntOccVS(vCons(A:Val, R:ValSeq), V:Val) => 1 +Int cntOccVS(R, V) requires A ==K V
0068 [rule]   rule cntOccVS(vCons(A:Val, R:ValSeq), V:Val) => cntOccVS(R, V)        requires notBool (A ==K V)
0072 [rule]   rule <k> #applyK(toCall(boundMethodV(str(CS:IntSeq), "split")), .Vals)
0073 [continuation]         => #alloc(list(splitWS(CS, .IntSeq, .ValSeq))) ... </k>
0074 [priority]        [priority(40)]
0075 [syntax,function-declaration]   syntax ValSeq ::= splitWS(IntSeq, IntSeq, ValSeq) [function]  // remaining, current token, result
0076 [rule]   rule splitWS(.IntSeq, CUR:IntSeq, ACC:ValSeq) => flushTok(ACC, CUR)
0077 [rule]   rule splitWS(iCons(C:Int, R:IntSeq), CUR:IntSeq, ACC:ValSeq) => splitWS(R, .IntSeq, flushTok(ACC, CUR))
0078 [requires-file-or-guard]        requires isWSC(C)
0079 [rule]   rule splitWS(iCons(C:Int, R:IntSeq), CUR:IntSeq, ACC:ValSeq) => splitWS(R, seqConcat(CUR, iCons(C, .IntSeq)), ACC)
0080 [requires-file-or-guard]        requires notBool isWSC(C)
0082 [syntax,function-declaration]   syntax ValSeq ::= flushTok(ValSeq, IntSeq) [function]
0083 [rule]   rule flushTok(ACC:ValSeq, .IntSeq)            => ACC
0084 [rule]   rule flushTok(ACC:ValSeq, iCons(C:Int, T:IntSeq)) => valSeqConcat(ACC, vCons(str(iCons(C, T)), .ValSeq))
0085 [syntax,function-declaration,total]   syntax Bool ::= isWSC(Int) [function, total]
0086 [rule]   rule isWSC(C:Int) => C ==Int 32 orBool C ==Int 9 orBool C ==Int 10 orBool C ==Int 13
0089 [rule]   rule <k> #applyK(toCall(boundMethodV(str(CS:IntSeq), "split")), (kwV("sep", str(S:IntSeq)), .Vals))
0090 [continuation]         => #applyK(toCall(boundMethodV(str(CS), "split")), (str(S), .Vals)) ... </k>
0091 [priority]        [priority(39)]
0094 [rule]   rule <k> #applyK(toCall(boundMethodV(str(CS:IntSeq), "split")), (str(iCons(SEP:Int, .IntSeq)), .Vals))
0095 [continuation]         => #alloc(list(splitSep(CS, SEP, .IntSeq))) ... </k>
0096 [priority]        [priority(40)]
0097 [syntax,function-declaration]   syntax ValSeq ::= splitSep(IntSeq, Int, IntSeq) [function]  // remaining, sep code, current token
0098 [rule]   rule splitSep(.IntSeq, _SEP:Int, CUR:IntSeq)              => vCons(str(CUR), .ValSeq)
0099 [rule]   rule splitSep(iCons(C:Int, R:IntSeq), SEP:Int, CUR:IntSeq) => vCons(str(CUR), splitSep(R, SEP, .IntSeq))
0100 [requires-file-or-guard]        requires C ==Int SEP
0101 [rule]   rule splitSep(iCons(C:Int, R:IntSeq), SEP:Int, CUR:IntSeq) => splitSep(R, SEP, seqConcat(CUR, iCons(C, .IntSeq)))
0102 [requires-file-or-guard]        requires notBool (C ==Int SEP)
0104 [rule]   rule applyMethod(str(CS:IntSeq), "replace", str(iCons(A:Int, .IntSeq)), str(iCons(B:Int, .IntSeq)), .Vals)
0105 [continuation]     => str(replaceC(CS, A, B))
0106 [syntax,function-declaration,total]   syntax IntSeq ::= replaceC(IntSeq, Int, Int) [function, total]
0107 [rule]   rule replaceC(.IntSeq, _:Int, _:Int)             => .IntSeq
0108 [rule]   rule replaceC(iCons(C:Int, R:IntSeq), A:Int, B:Int) => iCons(B, replaceC(R, A, B)) requires C ==Int A
0109 [rule]   rule replaceC(iCons(C:Int, R:IntSeq), A:Int, B:Int) => iCons(C, replaceC(R, A, B)) requires notBool (C ==Int A)
0112 [syntax,function-declaration,total]   syntax Bool ::= isUpperC(Int) [function, total]
0113 [rule]   rule isUpperC(C:Int) => C >=Int 65 andBool C <=Int 90
0115 [syntax,function-declaration,total]   syntax Bool ::= isLowerC(Int) [function, total]
0116 [rule]   rule isLowerC(C:Int) => C >=Int 97 andBool C <=Int 122
0118 [syntax,function-declaration,total]   syntax Bool ::= isAlphaC(Int) [function, total]
0119 [rule]   rule isAlphaC(C:Int) => isUpperC(C) orBool isLowerC(C)
0121 [syntax,function-declaration,total]   syntax Bool ::= isDigitC(Int) [function, total]
0122 [rule]   rule isDigitC(C:Int) => C >=Int 48 andBool C <=Int 57
0124 [syntax,function-declaration,total]   syntax Bool ::= hasUpper(IntSeq) [function, total]
0125 [rule]   rule hasUpper(.IntSeq) => false
0126 [rule]   rule hasUpper(iCons(C:Int, S:IntSeq)) => isUpperC(C) orBool hasUpper(S)
0128 [syntax,function-declaration,total]   syntax Bool ::= hasLower(IntSeq) [function, total]
0129 [rule]   rule hasLower(.IntSeq) => false
0130 [rule]   rule hasLower(iCons(C:Int, S:IntSeq)) => isLowerC(C) orBool hasLower(S)
0132 [syntax,function-declaration,total]   syntax Bool ::= allAlpha(IntSeq) [function, total]
0133 [rule]   rule allAlpha(.IntSeq) => true
0134 [rule]   rule allAlpha(iCons(C:Int, S:IntSeq)) => isAlphaC(C) andBool allAlpha(S)
0136 [syntax,function-declaration,total]   syntax Bool ::= allDigit(IntSeq) [function, total]
0137 [rule]   rule allDigit(.IntSeq) => true
0138 [rule]   rule allDigit(iCons(C:Int, S:IntSeq)) => isDigitC(C) andBool allDigit(S)
0140 [syntax,function-declaration,total]   syntax Int ::= lowerC(Int) [function, total]
0142 [rule]   rule lowerC(C:Int) => C +Int 32 requires isUpperC(C)
0143 [rule]   rule lowerC(C:Int) => C         [owise]
0145 [syntax,function-declaration,total]   syntax Int ::= upperC(Int) [function, total]
0146 [rule]   rule upperC(C:Int) => C -Int 32 requires isLowerC(C)
0147 [rule]   rule upperC(C:Int) => C         [owise]
0149 [syntax,function-declaration,total]   syntax Int ::= swapC(Int) [function, total]
0150 [rule]   rule swapC(C:Int) => C +Int 32 requires isUpperC(C)
0151 [rule]   rule swapC(C:Int) => C -Int 32 requires isLowerC(C)
0152 [rule]   rule swapC(C:Int) => C         [owise]
0154 [syntax,function-declaration,total]   syntax IntSeq ::= mapLower(IntSeq) [function, total]
0155 [rule]   rule mapLower(.IntSeq) => .IntSeq
0156 [rule]   rule mapLower(iCons(C:Int, S:IntSeq)) => iCons(lowerC(C), mapLower(S))
0158 [syntax,function-declaration,total]   syntax IntSeq ::= mapUpper(IntSeq) [function, total]
0159 [rule]   rule mapUpper(.IntSeq) => .IntSeq
0160 [rule]   rule mapUpper(iCons(C:Int, S:IntSeq)) => iCons(upperC(C), mapUpper(S))
0162 [syntax,function-declaration,total]   syntax IntSeq ::= mapSwap(IntSeq) [function, total]
0163 [rule]   rule mapSwap(.IntSeq) => .IntSeq
0164 [rule]   rule mapSwap(iCons(C:Int, S:IntSeq)) => iCons(swapC(C), mapSwap(S))
0166 [syntax,function-declaration,total]   syntax Bool ::= startsWith(IntSeq, IntSeq) [function, total]
0167 [rule]   rule startsWith(.IntSeq, _:IntSeq)               => true
0168 [rule]   rule startsWith(iCons(_:Int, _:IntSeq), .IntSeq) => false
0169 [rule]   rule startsWith(iCons(A:Int, As:IntSeq), iCons(B:Int, Bs:IntSeq)) => A ==Int B andBool startsWith(As, Bs)
0170 [endmodule] endmodule
===== reference-semantics/semantics/operators.k =====
counts context=2 continuation=6 endmodule=1 import=2 module=1 priority=5 requires-file-or-guard=3 rule=10
0006 [module] module MPY-OPERATORS
0007 [import]   imports MPY-CORE
0008 [import]   imports MPY-ITER
0010 [rule]   rule <k> UnaryOp(OP:String, V:Val) => applyUn(OP, V) ... </k>
0012 [rule]   rule <k> BinOp(OP:String, L:Val, R:Val) => applyBin(OP, L, R) ... </k>
0015 [context]   context Compare(HOLE, _)
0016 [context]   context Compare(_:Val, CmpOp(_, HOLE))
0017 [rule]   rule <k> Compare(LV:Val, CmpOp(OP:String, RV:Val)) => applyCmp(OP, LV, RV) ... </k> [owise]
0019 [rule]   rule applyCmp("is",     V:Val, noneV) => V ==K noneV
0020 [rule]   rule applyCmp("is not", V:Val, noneV) => notBool (V ==K noneV)
0025 [rule]   rule <k> BinOp(OP:String, ref(H:Int), R:Expr) => BinOp(OP, V, R) ... </k>
0026 [continuation]        <heap> ... H |-> V:Val ... </heap>
0027 [priority]        [priority(40)]
0028 [rule]   rule <k> BinOp(OP:String, L:Val, ref(H:Int)) => BinOp(OP, L, V) ... </k>
0029 [continuation]        <heap> ... H |-> V:Val ... </heap>
0030 [requires-file-or-guard]        requires notBool isRefV(L)
0031 [priority]        [priority(40)]
0034 [rule]   rule <k> Compare(ref(H:Int), CmpOp(OP:String, R:Expr)) => Compare(V, CmpOp(OP, R)) ... </k>
0035 [continuation]        <heap> ... H |-> V:Val ... </heap>
0036 [requires-file-or-guard]        requires OP =/=String "in" andBool OP =/=String "not in"
0037 [priority]        [priority(40)]
0038 [rule]   rule <k> Compare(L:Val, CmpOp(OP:String, ref(H:Int))) => Compare(L, CmpOp(OP, V)) ... </k>
0039 [continuation]        <heap> ... H |-> V:Val ... </heap>
0040 [requires-file-or-guard]        requires notBool isRefV(L)
0041 [continuation]         orBool OP ==String "in" orBool OP ==String "not in"
0042 [priority]        [priority(40)]
0044 [rule]   rule <k> UnaryOp(OP:String, ref(H:Int)) => UnaryOp(OP, V) ... </k>
0045 [continuation]        <heap> ... H |-> V:Val ... </heap>
0046 [priority]        [priority(40)]
0047 [endmodule] endmodule
===== reference-semantics/semantics/range.k =====
counts continuation=1 endmodule=1 function-declaration=2 import=2 module=1 requires-file-or-guard=5 rule=6 syntax=2 total=1
0005 [module] module MPY-RANGE
0006 [import]   imports MPY-CORE
0007 [import]   imports MPY-ITER
0009 [syntax,function-declaration,total]   syntax Bool ::= inRange(Int, Int, Int) [function, total]
0010 [rule]   rule inRange(I:Int, HI:Int, ST:Int) => (ST >Int 0 andBool I <Int HI) orBool (ST <Int 0 andBool I >Int HI)
0012 [syntax,function-declaration]   syntax Int ::= rangeLen(Int, Int, Int) [function]
0013 [rule]   rule rangeLen(LO:Int, HI:Int, ST:Int) => (HI -Int LO +Int ST -Int 1) /Int ST
0014 [requires-file-or-guard]        requires ST >Int 0 andBool HI >Int LO
0015 [rule]   rule rangeLen(LO:Int, HI:Int, ST:Int) => (LO -Int HI -Int ST -Int 1) /Int (0 -Int ST)
0016 [requires-file-or-guard]        requires ST <Int 0 andBool HI <Int LO
0017 [rule]   rule rangeLen(LO:Int, HI:Int, ST:Int) => 0
0018 [requires-file-or-guard]        requires (ST >Int 0 andBool HI <=Int LO) orBool (ST <Int 0 andBool HI >=Int LO)
0020 [rule]   rule <k> #iterNext(rangeObj(I:Int, HI:Int, ST:Int))
0021 [continuation]         => #iterYield(I, rangeObj(I +Int ST, HI, ST)) ... </k>
0022 [requires-file-or-guard]        requires inRange(I, HI, ST)
0023 [rule]   rule <k> #iterNext(rangeObj(I:Int, HI:Int, ST:Int)) => #iterDone ... </k>
0024 [requires-file-or-guard]        requires notBool inRange(I, HI, ST)
0025 [endmodule] endmodule
===== reference-semantics/semantics/set.k =====
counts endmodule=1 function-declaration=6 import=1 module=1 requires-file-or-guard=2 rule=12 syntax=6 syntax-continuation=1 total=6
0003 [module] module MPY-SET
0004 [import]   imports MPY-CORE
0008 [syntax]   syntax Val ::= setV(IntSeq)
0011 [syntax,function-declaration,total]   syntax Bool ::= codeIn(Int, IntSeq) [function, total]
0012 [rule]   rule codeIn(_:Int, .IntSeq)                => false
0013 [rule]   rule codeIn(C:Int, iCons(H:Int, T:IntSeq)) => C ==Int H orBool codeIn(C, T)
0016 [syntax,function-declaration,total]   syntax IntSeq ::= dedupCodes(IntSeq)         [function, total]
0017 [syntax-continuation,function-declaration,total]                   | dedupFrom(IntSeq, IntSeq)  [function, total]
0018 [rule]   rule dedupCodes(CS:IntSeq) => dedupFrom(CS, .IntSeq)
0019 [rule]   rule dedupFrom(.IntSeq, ACC:IntSeq) => ACC
0020 [rule]   rule dedupFrom(iCons(C:Int, S:IntSeq), ACC:IntSeq) => dedupFrom(S, ACC)
0021 [requires-file-or-guard]        requires codeIn(C, ACC)
0022 [rule]   rule dedupFrom(iCons(C:Int, S:IntSeq), ACC:IntSeq) => dedupFrom(S, snocCode(ACC, C))
0023 [requires-file-or-guard]        requires notBool codeIn(C, ACC)
0025 [syntax,function-declaration,total]   syntax IntSeq ::= snocCode(IntSeq, Int) [function, total]
0026 [rule]   rule snocCode(.IntSeq, C:Int)                => iCons(C, .IntSeq)
0027 [rule]   rule snocCode(iCons(H:Int, T:IntSeq), C:Int) => iCons(H, snocCode(T, C))
0031 [syntax,function-declaration,total]   syntax Bool ::= subsetCodes(IntSeq, IntSeq) [function, total]
0032 [rule]   rule subsetCodes(.IntSeq, _:IntSeq)                => true
0033 [rule]   rule subsetCodes(iCons(C:Int, S:IntSeq), B:IntSeq) => codeIn(C, B) andBool subsetCodes(S, B)
0035 [syntax,function-declaration,total]   syntax Bool ::= sameSet(IntSeq, IntSeq) [function, total]
0036 [rule]   rule sameSet(A:IntSeq, B:IntSeq) => subsetCodes(A, B) andBool subsetCodes(B, A)
0039 [rule]   rule applyCmp("==", setV(A:IntSeq), setV(B:IntSeq)) => sameSet(A, B)
0040 [endmodule] endmodule
===== reference-semantics/semantics/sort.k =====
counts concrete=9 continuation=5 endmodule=1 function-declaration=7 import=2 module=1 opaque-no-evaluators=2 priority=1 requires-file-or-guard=2 rule=19 symbol=2 syntax=6 syntax-continuation=1 total=5
0010 [module] module MPY-SORT
0011 [import]   imports MPY-BUILTINS
0012 [import]   imports MPY-SUBSCRIPT
0018 [syntax,function-declaration,total,opaque-no-evaluators,symbol]   syntax ValSeq ::= sortVS(ValSeq) [function, total, symbol(sortVS), no-evaluators]
0019 [syntax,function-declaration]   syntax ValSeq ::= insVS(Int, ValSeq) [function]
0020 [rule,concrete]   rule sortVS(.ValSeq)                => .ValSeq          [concrete]
0021 [rule,concrete]   rule sortVS(vCons(X:Int, R:ValSeq)) => insVS(X, sortVS(R)) [concrete]
0022 [rule,concrete]   rule insVS(X:Int, .ValSeq)                => vCons(X, .ValSeq) [concrete]
0023 [rule,concrete]   rule insVS(X:Int, vCons(Y:Int, R:ValSeq)) => vCons(X, vCons(Y, R)) requires X <=Int Y [concrete]
0024 [rule,concrete]   rule insVS(X:Int, vCons(Y:Int, R:ValSeq)) => vCons(Y, insVS(X, R)) requires X  >Int Y [concrete]
0026 [syntax,function-declaration]   syntax ValSeq ::= insVSs(IntSeq, ValSeq) [function]
0027 [rule,concrete]   rule sortVS(vCons(str(CS:IntSeq), R:ValSeq)) => insVSs(CS, sortVS(R)) [concrete]
0028 [rule,concrete]   rule insVSs(A:IntSeq, .ValSeq) => vCons(str(A), .ValSeq) [concrete]
0029 [rule]   rule insVSs(A:IntSeq, vCons(str(B:IntSeq), R:ValSeq)) => vCons(str(A), vCons(str(B), R))
0030 [requires-file-or-guard,concrete]        requires strLt(A, B) orBool A ==K B [concrete]
0031 [rule]   rule insVSs(A:IntSeq, vCons(str(B:IntSeq), R:ValSeq)) => vCons(str(B), insVSs(A, R))
0032 [requires-file-or-guard,concrete]        requires notBool (strLt(A, B) orBool A ==K B) [concrete]
0036 [rule]   rule <k> #applyK(toCall(builtinV("sorted")), (list(VS:ValSeq), .Vals))
0037 [continuation]         => #alloc(list(sortVS(VS))) ... </k>
0040 [rule]   rule <k> #applyK(toCall(boundMethodV(ref(H:Int), "sort")), .Vals) => noneV ... </k>
0041 [continuation]        <heap> ... H |-> list(VS:ValSeq => sortVS(VS)) ... </heap>
0042 [priority]        [priority(40)]
0049 [syntax,function-declaration,total,opaque-no-evaluators,symbol]   syntax ValSeq ::= sortKeyVS(ValSeq, Val) [function, total, symbol(sortKeyVS), no-evaluators]
0051 [syntax,function-declaration,total]   syntax ValSeq ::= revVS(ValSeq) [function, total]
0052 [syntax-continuation,function-declaration,total]                   | revVSAcc(ValSeq, ValSeq) [function, total]
0053 [rule]   rule revVS(S:ValSeq) => revVSAcc(S, .ValSeq)
0054 [rule]   rule revVSAcc(.ValSeq, A:ValSeq) => A
0055 [rule]   rule revVSAcc(vCons(V:Val, R:ValSeq), A:ValSeq) => revVSAcc(R, vCons(V, A))
0057 [syntax,function-declaration,total]   syntax ValSeq ::= condRev(ValSeq, Bool) [function, total]
0058 [rule]   rule condRev(S:ValSeq, false) => S
0059 [rule]   rule condRev(S:ValSeq, true)  => revVS(S)
0061 [rule]   rule <k> #applyK(toCall(builtinV("sorted")), (list(VS:ValSeq), kwV("key", KV:Val), .Vals))
0062 [continuation]         => #alloc(list(sortKeyVS(VS, KV))) ... </k>
0063 [rule]   rule <k> #applyK(toCall(builtinV("sorted")), (list(VS:ValSeq), kwV("key", KV:Val), kwV("reverse", RB:Bool), .Vals))
0064 [continuation]         => #alloc(list(condRev(sortKeyVS(VS, KV), RB))) ... </k>
0065 [rule]   rule <k> #applyK(toCall(builtinV("sorted")), (list(VS:ValSeq), kwV("reverse", RB:Bool), .Vals))
0066 [continuation]         => #alloc(list(condRev(sortVS(VS), RB))) ... </k>
0072 [endmodule] endmodule
===== reference-semantics/semantics/str.k =====
counts continuation=1 endmodule=1 function-declaration=5 import=2 module=1 requires-file-or-guard=2 rule=28 syntax=5 total=4
0003 [module] module MPY-STR
0004 [import]   imports MPY-CORE
0005 [import]   imports MPY-ITER
0008 [rule]   rule <k> #iterNext(str(.IntSeq))                 => #iterDone ... </k>
0009 [rule]   rule <k> #iterNext(str(iCons(C:Int, R:IntSeq)))
0010 [continuation]         => #iterYield(str(iCons(C, .IntSeq)), str(R)) ... </k>
0013 [syntax,function-declaration]   syntax IntSeq ::= strToCodes(String) [function]
0014 [rule]   rule <k> Str(S:String) => str(strToCodes(S)) ... </k>
0015 [rule]   rule strToCodes("") => .IntSeq
0016 [rule]   rule strToCodes(S:String) => iCons(ordChar(substrString(S, 0, 1)), strToCodes(substrString(S, 1, lengthString(S))))
0017 [requires-file-or-guard]     requires S =/=String "" andBool ordChar(substrString(S, 0, 1)) <Int 128
0020 [syntax,function-declaration,total]   syntax IntSeq ::= seqConcat(IntSeq, IntSeq) [function, total]
0021 [rule]   rule seqConcat(.IntSeq, T:IntSeq)                => T
0022 [rule]   rule seqConcat(iCons(I:Int, S:IntSeq), T:IntSeq) => iCons(I, seqConcat(S, T))
0024 [rule]   rule applyBin("+",  str(A:IntSeq), str(B:IntSeq)) => str(seqConcat(A, B))
0025 [rule]   rule applyCmp("==", str(A:IntSeq), str(B:IntSeq)) => A ==K B
0026 [rule]   rule applyCmp("!=", str(A:IntSeq), str(B:IntSeq)) => notBool (A ==K B)
0029 [rule]   rule applyCmp("in",     str(P:IntSeq), str(X:IntSeq)) => strContains(P, X)
0030 [rule]   rule applyCmp("not in", str(P:IntSeq), str(X:IntSeq)) => notBool strContains(P, X)
0032 [syntax,function-declaration,total]   syntax Bool ::= strPrefix(IntSeq, IntSeq) [function, total]
0033 [rule]   rule strPrefix(.IntSeq, _:IntSeq)               => true
0034 [rule]   rule strPrefix(iCons(_:Int, _:IntSeq), .IntSeq) => false
0035 [rule]   rule strPrefix(iCons(A:Int, As:IntSeq), iCons(B:Int, Bs:IntSeq)) => A ==Int B andBool strPrefix(As, Bs)
0037 [syntax,function-declaration,total]   syntax Bool ::= strContains(IntSeq, IntSeq) [function, total]
0038 [rule]   rule strContains(P:IntSeq, X:IntSeq) => true  requires strPrefix(P, X)
0039 [rule]   rule strContains(P:IntSeq, .IntSeq)  => false requires notBool strPrefix(P, .IntSeq)
0040 [rule]   rule strContains(P:IntSeq, iCons(C:Int, Xs:IntSeq)) => strContains(P, Xs)
0041 [requires-file-or-guard]        requires notBool strPrefix(P, iCons(C, Xs))
0048 [syntax,function-declaration,total]   syntax Bool ::= strLt(IntSeq, IntSeq) [function, total]
0049 [rule]   rule strLt(.IntSeq, .IntSeq)                => false
0050 [rule]   rule strLt(.IntSeq, iCons(_:Int, _:IntSeq)) => true
0051 [rule]   rule strLt(iCons(_:Int, _:IntSeq), .IntSeq) => false
0052 [rule]   rule strLt(iCons(A:Int, As:IntSeq), iCons(B:Int, Bs:IntSeq)) => true          requires A  <Int B
0053 [rule]   rule strLt(iCons(A:Int, As:IntSeq), iCons(B:Int, Bs:IntSeq)) => false         requires A  >Int B
0054 [rule]   rule strLt(iCons(A:Int, As:IntSeq), iCons(B:Int, Bs:IntSeq)) => strLt(As, Bs) requires A ==Int B
0056 [rule]   rule applyCmp("<",  str(A:IntSeq), str(B:IntSeq)) => strLt(A, B)
0057 [rule]   rule applyCmp(">",  str(A:IntSeq), str(B:IntSeq)) => strLt(B, A)
0058 [rule]   rule applyCmp("<=", str(A:IntSeq), str(B:IntSeq)) => notBool strLt(B, A)
0059 [rule]   rule applyCmp(">=", str(A:IntSeq), str(B:IntSeq)) => notBool strLt(A, B)
0060 [endmodule] endmodule
===== reference-semantics/semantics/subscript.k =====
counts context=2 continuation=8 endmodule=1 function-declaration=13 import=1 module=1 priority=2 requires-file-or-guard=16 rule=40 syntax=15 syntax-continuation=3 total=6
0003 [module] module MPY-SUBSCRIPT
0004 [import]   imports MPY-CORE
0011 [syntax,function-declaration,total]   syntax Val ::= valSeqAt(ValSeq, Int) [function, total]
0012 [rule]   rule valSeqAt(vCons(V:Val, _:ValSeq), 0)     => V
0013 [rule]   rule valSeqAt(vCons(_:Val, S:ValSeq), I:Int) => valSeqAt(S, I -Int 1)
0014 [requires-file-or-guard]        requires I >Int 0
0016 [syntax,function-declaration]   syntax Int ::= intSeqAt(IntSeq, Int) [function]
0017 [rule]   rule intSeqAt(iCons(C:Int, _:IntSeq), 0)     => C
0018 [rule]   rule intSeqAt(iCons(_:Int, S:IntSeq), I:Int) => intSeqAt(S, I -Int 1)
0019 [requires-file-or-guard]        requires I >Int 0
0021 [syntax,function-declaration,total]   syntax Int ::= normIdx(Int, Int) [function, total]
0022 [rule]   rule normIdx(I:Int, LEN:Int) => I +Int LEN requires I  <Int 0
0023 [rule]   rule normIdx(I:Int, _:Int)   => I          requires I >=Int 0
0027 [context]   context Subscript(HOLE, _)
0028 [context]   context Subscript(_:Val, HOLE:Expr)
0031 [rule]   rule <k> Subscript(ref(H:Int), IX:Index) => Subscript(V, IX) ... </k>
0032 [continuation]        <heap> ... H |-> V:Val ... </heap>
0033 [priority]        [priority(40)]
0035 [rule]   rule <k> Subscript(OBJ:Val, I:Int) => applyIndex(OBJ, I) ... </k>
0037 [syntax,function-declaration]   syntax Val ::= applyIndex(Val, Int) [function]
0038 [rule]   rule applyIndex(list(VS:ValSeq),  I:Int) => valSeqAt(VS, normIdx(I, vsLen(VS)))
0039 [rule]   rule applyIndex(tuple(VS:ValSeq), I:Int) => valSeqAt(VS, normIdx(I, vsLen(VS)))
0040 [rule]   rule applyIndex(str(IS:IntSeq),   I:Int)
0041 [continuation]     => str(iCons(intSeqAt(IS, normIdx(I, isLen(IS))), .IntSeq))
0044 [syntax]   syntax KItem ::= #evalB(Bound) | "#toSome"
0045 [syntax-continuation]                  | #slLo(Val, Bound, Bound)
0046 [syntax-continuation]                  | #slHi(Val, OptInt, Bound)
0047 [syntax-continuation]                  | #slStep(Val, OptInt, OptInt)
0049 [syntax]   syntax OptInt ::= "noB" | someB(Int)
0050 [rule]   rule <k> #evalB(NoBound)  => noB ... </k>
0051 [rule]   rule <k> #evalB(E:Expr)   => E ~> #toSome ... </k>
0052 [rule]   rule <k> I:Int ~> #toSome => someB(I) ... </k>
0054 [rule]   rule <k> Subscript(OBJ:Val, Slice(LO:Bound, HI:Bound, ST:Bound)) => #evalB(LO) ~> #slLo(OBJ, HI, ST) ... </k>
0055 [rule]   rule <k> LO:OptInt ~> #slLo(OBJ:Val, HI:Bound, ST:Bound)   => #evalB(HI) ~> #slHi(OBJ, LO, ST) ... </k>
0056 [rule]   rule <k> HI:OptInt ~> #slHi(OBJ:Val, LO:OptInt, ST:Bound)  => #evalB(ST) ~> #slStep(OBJ, LO, HI) ... </k>
0058 [rule]   rule <k> ST:OptInt ~> #slStep(list(VS:ValSeq), LO:OptInt, HI:OptInt)
0059 [continuation]         => #alloc(doSlice(list(VS), LO, HI, ST)) ... </k>
0060 [priority]        [priority(45)]
0061 [rule]   rule <k> ST:OptInt ~> #slStep(OBJ:Val, LO:OptInt, HI:OptInt) => doSlice(OBJ, LO, HI, ST) ... </k>
0063 [syntax,function-declaration]   syntax Val ::= doSlice(Val, OptInt, OptInt, OptInt) [function]
0064 [rule]   rule doSlice(list(VS:ValSeq), LO:OptInt, HI:OptInt, ST:OptInt)
0065 [continuation]     => list(buildVS(VS, slStart(LO, ST, vsLen(VS)), slStop(HI, ST, vsLen(VS)), slStep(ST)))
0066 [rule]   rule doSlice(tuple(VS:ValSeq), LO:OptInt, HI:OptInt, ST:OptInt)
0067 [continuation]     => tuple(buildVS(VS, slStart(LO, ST, vsLen(VS)), slStop(HI, ST, vsLen(VS)), slStep(ST)))
0068 [rule]   rule doSlice(str(IS:IntSeq), LO:OptInt, HI:OptInt, ST:OptInt)
0069 [continuation]     => str(buildIS(IS, slStart(LO, ST, isLen(IS)), slStop(HI, ST, isLen(IS)), slStep(ST)))
0072 [syntax,function-declaration,total]   syntax Int ::= slStep(OptInt) [function, total]
0073 [rule]   rule slStep(noB)          => 1
0074 [rule]   rule slStep(someB(S:Int)) => S
0076 [syntax,function-declaration]   syntax Int ::= slStart(OptInt, OptInt, Int) [function]
0077 [rule]   rule slStart(noB,          ST:OptInt, _LEN:Int) => 0
0078 [requires-file-or-guard]        requires slStep(ST) >Int 0
0079 [rule]   rule slStart(noB,          ST:OptInt, LEN:Int)  => LEN -Int 1
0080 [requires-file-or-guard]        requires slStep(ST) <Int 0
0081 [rule]   rule slStart(someB(I:Int), ST:OptInt, LEN:Int)  => slAdjust(I, LEN, slStep(ST))
0083 [syntax,function-declaration]   syntax Int ::= slStop(OptInt, OptInt, Int) [function]
0084 [rule]   rule slStop(noB,          ST:OptInt, LEN:Int)  => LEN
0085 [requires-file-or-guard]        requires slStep(ST) >Int 0
0086 [rule]   rule slStop(noB,          ST:OptInt, _LEN:Int) => -1
0087 [requires-file-or-guard]        requires slStep(ST) <Int 0
0088 [rule]   rule slStop(someB(I:Int), ST:OptInt, LEN:Int)  => slAdjust(I, LEN, slStep(ST))
0090 [syntax,function-declaration,total]   syntax Int ::= slAdjust(Int, Int, Int) [function, total]
0091 [rule]   rule slAdjust(I:Int, LEN:Int, STEP:Int) => clampLo(I +Int LEN, STEP)
0092 [requires-file-or-guard]        requires I  <Int 0
0093 [rule]   rule slAdjust(I:Int, LEN:Int, STEP:Int) => clampHi(I, LEN, STEP)
0094 [requires-file-or-guard]        requires I >=Int 0
0096 [syntax,function-declaration,total]   syntax Int ::= clampLo(Int, Int) [function, total]
0097 [rule]   rule clampLo(J:Int, _STEP:Int) => J
0098 [requires-file-or-guard]        requires J >=Int 0
0099 [rule]   rule clampLo(J:Int, STEP:Int)  => #if STEP <Int 0 #then -1 #else 0 #fi
0100 [requires-file-or-guard]        requires J <Int 0
0102 [syntax,function-declaration,total]   syntax Int ::= clampHi(Int, Int, Int) [function, total]
0103 [rule]   rule clampHi(I:Int, LEN:Int, _STEP:Int) => I
0104 [requires-file-or-guard]        requires I  <Int LEN
0105 [rule]   rule clampHi(I:Int, LEN:Int, STEP:Int)  => #if STEP <Int 0 #then LEN -Int 1 #else LEN #fi
0106 [requires-file-or-guard]        requires I >=Int LEN
0109 [syntax,function-declaration]   syntax ValSeq ::= buildVS(ValSeq, Int, Int, Int) [function]
0110 [rule]   rule buildVS(VS:ValSeq, I:Int, STOP:Int, STEP:Int)
0111 [continuation]     => vCons(valSeqAt(VS, I), buildVS(VS, I +Int STEP, STOP, STEP))
0112 [requires-file-or-guard]        requires (STEP >Int 0 andBool I <Int STOP) orBool (STEP <Int 0 andBool I >Int STOP)
0113 [rule]   rule buildVS(_:ValSeq, I:Int, STOP:Int, STEP:Int) => .ValSeq
0114 [requires-file-or-guard]        requires notBool ((STEP >Int 0 andBool I <Int STOP) orBool (STEP <Int 0 andBool I >Int STOP))
0116 [syntax,function-declaration]   syntax IntSeq ::= buildIS(IntSeq, Int, Int, Int) [function]
0117 [rule]   rule buildIS(IS:IntSeq, I:Int, STOP:Int, STEP:Int)
0118 [continuation]     => iCons(intSeqAt(IS, I), buildIS(IS, I +Int STEP, STOP, STEP))
0119 [requires-file-or-guard]        requires (STEP >Int 0 andBool I <Int STOP) orBool (STEP <Int 0 andBool I >Int STOP)
0120 [rule]   rule buildIS(_:IntSeq, I:Int, STOP:Int, STEP:Int) => .IntSeq
0121 [requires-file-or-guard]        requires notBool ((STEP >Int 0 andBool I <Int STOP) orBool (STEP <Int 0 andBool I >Int STOP))
0122 [endmodule] endmodule
===== reference-semantics/semantics/syntax.k =====
counts endmodule=1 evaluation-order=11 import=4 macro-attribute=2 module=1 syntax=16 syntax-continuation=34
0003 [module] module MPY-SYNTAX
0004 [import]   imports INT-SYNTAX
0005 [import]   imports FLOAT-SYNTAX
0006 [import]   imports BOOL-SYNTAX
0007 [import]   imports STRING-SYNTAX
0009 [syntax]   syntax Expr ::= "Int"      "(" Int ")"
0010 [syntax-continuation]                 | "Float"    "(" Float ")"
0011 [syntax-continuation]                 | "Bool"     "(" Bool ")"
0012 [syntax-continuation]                 | "Name"     "(" String ")"
0013 [syntax-continuation]                 | "Str"      "(" String ")"
0014 [syntax-continuation,evaluation-order]                 | "UnaryOp"  "(" String "," Expr ")" [strict(2)]
0015 [syntax-continuation,evaluation-order]                 | "BinOp"    "(" String "," Expr "," Expr ")" [seqstrict(2, 3)]
0016 [syntax-continuation]                 | "BoolOp"    "(" String "," Exprs ")"
0017 [syntax-continuation]                 | "ListExpr"  "(" Exprs ")"
0018 [syntax-continuation]                 | "DictExpr"  "(" Entries ")"
0019 [syntax-continuation,macro-attribute]                 | "ListComp"  "(" Expr "," CompFors ")" [macro]
0020 [syntax-continuation,macro-attribute]                 | "GenExp"    "(" Expr "," CompFors ")" [macro]
0021 [syntax-continuation]                 | "TupleExpr" "(" Exprs ")"
0022 [syntax-continuation]                 | "Subscript" "(" Expr "," Index ")"
0023 [syntax-continuation,evaluation-order]                 | "IfExp"     "(" Expr "," Expr "," Expr ")" [strict(1)]
0024 [syntax-continuation]                 | "Lambda"    "(" Params "," Expr ")"
0025 [syntax-continuation]                 | "KwArg"     "(" String "," Expr ")"
0026 [syntax-continuation]                 | "Lambda"    "(" Params "," CellVars "," FreeVars "," Expr ")"
0027 [syntax-continuation]                 | "NoneVal"
0028 [syntax-continuation]                 | "Call"      "(" Expr "," Exprs ")"
0029 [syntax-continuation,evaluation-order]                 | "Attribute" "(" Expr "," String ")" [strict(1)]
0030 [syntax-continuation]                 | "Compare"   "(" Expr "," CmpOp ")"
0032 [syntax]   syntax CmpOp    ::= "CmpOp" "(" String "," Expr ")"
0033 [syntax]   syntax Entry    ::= "Entry" "(" Expr "," Expr ")"
0034 [syntax]   syntax Entries  ::= List{Entry, ","}
0035 [syntax]   syntax CompFor  ::= "CompFor" "(" Expr "," Expr "," Exprs ")"
0036 [syntax]   syntax CompFors ::= List{CompFor, ""}
0037 [syntax]   syntax Exprs    ::= List{Expr, ","}
0038 [syntax]   syntax Index    ::= Expr | "Slice" "(" Bound "," Bound "," Bound ")"
0039 [syntax]   syntax Bound    ::= Expr | "NoBound"
0041 [syntax,evaluation-order]   syntax Stmt ::= "Assign"    "(" Expr "," Expr ")" [strict(2)]
0042 [syntax-continuation]                 | "Import"    "(" String ")"
0043 [syntax-continuation]                 | "ImportFrom" "(" String "," ParamNames ")"
0044 [syntax-continuation,evaluation-order]                 | "AugAssign" "(" Expr "," String "," Expr ")" [strict(3)]
0045 [syntax-continuation,evaluation-order]                 | "For"       "(" Expr "," Expr "," Stmts ")" [strict(2)]
0046 [syntax-continuation]                 | "While"     "(" Expr "," Stmts ")"
0047 [syntax-continuation]                 | "Break"
0048 [syntax-continuation]                 | "Continue"
0049 [syntax-continuation,evaluation-order]                 | "If"        "(" Expr "," Stmts "," Stmts ")" [strict(1)]
0050 [syntax-continuation,evaluation-order]                 | "Return"    "(" Expr ")" [strict]
0051 [syntax-continuation,evaluation-order]                 | "Assert"    "(" Expr ")" [strict]
0052 [syntax-continuation,evaluation-order]                 | "Expr"      "(" Expr ")" [strict]
0053 [syntax-continuation]                 | "FuncDef"   "(" String "," Params "," Stmts ")"
0054 [syntax-continuation]                 | "FuncDef"   "(" String "," Params "," CellVars "," FreeVars "," Stmts ")"
0056 [syntax]   syntax Stmts      ::= List{Stmt, ""}
0057 [syntax]   syntax Params     ::= "Params" "(" ParamNames ")"
0058 [syntax]   syntax CellVars   ::= "CellVars" "(" ParamNames ")"
0059 [syntax]   syntax FreeVars   ::= "FreeVars" "(" ParamNames ")"
0060 [syntax]   syntax ParamNames ::= List{String, ","}
0061 [syntax]   syntax Module     ::= "Module" "(" Stmts ")"
0062 [endmodule] endmodule
===== reference-semantics/semantics/tuple.k =====
counts continuation=9 endmodule=1 function-declaration=1 import=4 module=1 priority=3 requires-file-or-guard=2 rule=21 syntax=4
0003 [module] module MPY-TUPLE
0004 [import]   imports MPY-CORE
0005 [import]   imports MPY-ITER
0006 [import]   imports MPY-LIST
0007 [import]   imports MPY-METHODS
0010 [rule]   rule <k> #iterNext(tuple(.ValSeq))                => #iterDone ... </k>
0011 [rule]   rule <k> #iterNext(tuple(vCons(V:Val, R:ValSeq))) => #iterYield(V, tuple(R)) ... </k>
0014 [syntax]   syntax ApplyK ::= "toTuple"
0015 [rule]   rule <k> TupleExpr(ES:Exprs) => #evalArgs(ES, .Vals, toTuple) ... </k>
0016 [rule]   rule <k> #applyK(toTuple, ACC:Vals) => tuple(vals2valSeq(ACC)) ... </k>
0018 [rule]   rule applyCmp("==", tuple(A:ValSeq), tuple(B:ValSeq)) => A ==K B
0020 [rule]   rule <k> Compare(LV:Val, CmpOp("in",     tuple(VS:ValSeq))) => #memberAcc(LV, tuple(VS)) ... </k>
0021 [rule]   rule <k> Compare(LV:Val, CmpOp("not in", tuple(VS:ValSeq))) => #memberAcc(LV, tuple(VS)) ~> #notB ... </k>
0023 [rule]   rule applyMethod(tuple(VS:ValSeq), "index", V:Val, .Vals) => idxOfVS(VS, V, 0)
0024 [syntax,function-declaration]   syntax Int ::= idxOfVS(ValSeq, Val, Int) [function]
0025 [rule]   rule idxOfVS(vCons(A:Val, _:ValSeq), V:Val, I:Int) => I requires A ==K V
0026 [rule]   rule idxOfVS(vCons(A:Val, R:ValSeq), V:Val, I:Int) => idxOfVS(R, V, I +Int 1)
0027 [requires-file-or-guard]        requires notBool (A ==K V)
0028 [rule]   rule applyCmp("!=", tuple(A:ValSeq), tuple(B:ValSeq)) => notBool (A ==K B)
0031 [syntax]   syntax KItem ::= #bindTgt(Expr, Val)
0032 [rule]   rule <k> #bindTgt(Name(X:String), V:Val) => .K ... </k>
0033 [continuation]        <env> L:Int </env>
0034 [continuation]        <scopes> ... L |-> scope(M:Map => M [ X <- V ], _) ... </scopes>
0035 [rule]   rule <k> #bindTgt(Name(X:String), V:Val) => #cellW({M[X]}:>Val, V) ... </k>
0036 [continuation]        <env> L:Int </env>
0037 [continuation]        <scopes> ... L |-> scope(M:Map, _) ... </scopes>
0038 [requires-file-or-guard]        requires "$cells" in_keys(M)
0039 [continuation]         andBool pnMember(X, cellsOf({M["$cells"]}:>Val))
0040 [continuation]         andBool X in_keys(M) andBool isCellRef({M[X]}:>Val)
0041 [priority]        [priority(40)]
0042 [rule]   rule <k> #bindTgt(TupleExpr(TS:Exprs), tuple(VS:ValSeq)) => #unpackSeq(TS, VS) ... </k>
0043 [rule]   rule <k> #bindTgt(TupleExpr(TS:Exprs), list(VS:ValSeq))  => #unpackSeq(TS, VS) ... </k>
0044 [rule]   rule <k> #bindTgt(TupleExpr(TS:Exprs), ref(H:Int)) => #bindTgt(TupleExpr(TS), V) ... </k>
0045 [continuation]        <heap> ... H |-> V:Val ... </heap>
0046 [priority]        [priority(40)]
0049 [syntax]   syntax KItem ::= #unpackSeq(Exprs, ValSeq)
0050 [rule]   rule <k> Assign(TupleExpr(TS:Exprs), tuple(VS:ValSeq)) => #unpackSeq(TS, VS) ... </k>
0051 [rule]   rule <k> Assign(TupleExpr(TS:Exprs), list(VS:ValSeq))  => #unpackSeq(TS, VS) ... </k>
0052 [rule]   rule <k> Assign(TupleExpr(TS:Exprs), ref(H:Int)) => Assign(TupleExpr(TS), V) ... </k>
0053 [continuation]        <heap> ... H |-> V:Val ... </heap>
0054 [priority]        [priority(40)]
0055 [rule]   rule <k> #unpackSeq((T:Expr, TS:Exprs), vCons(V:Val, VS:ValSeq))
0056 [continuation]         => #bindTgt(T, V) ~> #unpackSeq(TS, VS) ... </k>
0057 [rule]   rule <k> #unpackSeq(.Exprs, .ValSeq) => .K ... </k>
0058 [endmodule] endmodule
===== reference-semantics/semantics.k =====
counts concrete=1 endmodule=2 import=23 module=2 requires-file-or-guard=23
0034 [requires-file-or-guard] requires "semantics/syntax.k"
0035 [requires-file-or-guard] requires "semantics/core.k"
0036 [requires-file-or-guard] requires "semantics/iter.k"
0037 [requires-file-or-guard] requires "semantics/range.k"
0038 [requires-file-or-guard] requires "semantics/operators.k"
0039 [requires-file-or-guard] requires "semantics/int.k"
0040 [requires-file-or-guard] requires "semantics/bool.k"
0041 [requires-file-or-guard] requires "semantics/float.k"
0042 [requires-file-or-guard] requires "semantics/str.k"
0043 [requires-file-or-guard] requires "semantics/set.k"
0044 [requires-file-or-guard] requires "semantics/list.k"
0045 [requires-file-or-guard] requires "semantics/tuple.k"
0046 [requires-file-or-guard] requires "semantics/subscript.k"
0047 [requires-file-or-guard] requires "semantics/comprehension.k"
0048 [requires-file-or-guard] requires "semantics/methods.k"
0049 [requires-file-or-guard] requires "semantics/controls.k"
0050 [requires-file-or-guard] requires "semantics/functions.k"
0051 [requires-file-or-guard] requires "semantics/builtins.k"
0052 [requires-file-or-guard] requires "semantics/call.k"
0053 [requires-file-or-guard] requires "semantics/sort.k"
0054 [requires-file-or-guard] requires "semantics/assert.k"
0055 [requires-file-or-guard] requires "semantics/dict.k"
0056 [requires-file-or-guard,concrete] requires "semantics/concrete.k"
0058 [module] module MPY
0059 [import]   imports MPY-CORE
0060 [import]   imports MPY-ITER
0061 [import]   imports MPY-RANGE
0062 [import]   imports MPY-OPERATORS
0063 [import]   imports MPY-INT
0064 [import]   imports MPY-BOOL
0065 [import]   imports MPY-FLOAT
0066 [import]   imports MPY-STR
0067 [import]   imports MPY-SET
0068 [import]   imports MPY-LIST
0069 [import]   imports MPY-TUPLE
0070 [import]   imports MPY-SUBSCRIPT
0071 [import]   imports MPY-COMPREHENSION
0072 [import]   imports MPY-METHODS
0073 [import]   imports MPY-CONTROLS
0074 [import]   imports MPY-FUNCTIONS
0075 [import]   imports MPY-BUILTINS
0076 [import]   imports MPY-CALL
0077 [import]   imports MPY-SORT
0078 [import]   imports MPY-ASSERT
0079 [import]   imports MPY-DICT
0080 [endmodule] endmodule
0087 [module] module MPY-KRUN
0088 [import]   imports MPY
0089 [import]   imports MPY-CONCRETE
0090 [endmodule] endmodule
===== verification.k =====
counts endmodule=1 import=1 module=1 requires-file-or-guard=1
0001 [requires-file-or-guard] requires "reference-semantics/semantics.k"
0003 [module] module VERIFICATION
0004 [import]   imports MPY
0005 [endmodule] endmodule
===== spec.k =====
counts claim=4 continuation=100 endmodule=1 import=1 module=1 requires-file-or-guard=1
0001 [requires-file-or-guard] requires "verification.k"
0003 [module] module SPEC
0004 [import]   imports VERIFICATION
0006 [claim]   claim [triangle-area-int-int]:
0007 [continuation]     <k>
0008 [continuation]       (#loadAll(Module(
0009 [continuation]         FuncDef("triangle_area", Params("a", "h"),
0010 [continuation]           Return(BinOp("/", BinOp("*", Name("a"), Name("h")), Float(2.0))))))
0011 [continuation]       ~> Call(Name("triangle_area"), (A:Int, H:Int, .Exprs)))
0012 [continuation]       => intFloatDiv(A *Int H, 2.0) ~> .K
0013 [continuation]     </k>
0014 [continuation]     <env> 0 </env>
0015 [continuation]     <scopes>
0016 [continuation]       0 |-> scope(
0017 [continuation]         .Map
0018 [continuation]         => "triangle_area" |-> closureVal(
0019 [continuation]              ("a", "h"),
0020 [continuation]              Return(BinOp("/", BinOp("*", Name("a"), Name("h")), Float(2.0))),
0021 [continuation]              0),
0022 [continuation]         parent(-1))
0023 [continuation]       -1 |-> builtinsScope
0024 [continuation]     </scopes>
0025 [continuation]     <scopeLoc> 1 </scopeLoc>
0026 [continuation]     <heap> .Map </heap>
0027 [continuation]     <heapLoc> 0 </heapLoc>
0028 [continuation]     <stack> .List </stack>
0029 [continuation]     <ret> noRet </ret>
0030 [continuation]     <exc> NoExc </exc>
0031 [continuation]     <exit-code> 0 </exit-code>
0033 [claim]   claim [triangle-area-int-float]:
0034 [continuation]     <k>
0035 [continuation]       (#loadAll(Module(
0036 [continuation]         FuncDef("triangle_area", Params("a", "h"),
0037 [continuation]           Return(BinOp("/", BinOp("*", Name("a"), Name("h")), Float(2.0))))))
0038 [continuation]       ~> Call(Name("triangle_area"), (A:Int, H:Float, .Exprs)))
0039 [continuation]       => divF(mulF(intToF(A), H), 2.0) ~> .K
0040 [continuation]     </k>
0041 [continuation]     <env> 0 </env>
0042 [continuation]     <scopes>
0043 [continuation]       0 |-> scope(
0044 [continuation]         .Map
0045 [continuation]         => "triangle_area" |-> closureVal(
0046 [continuation]              ("a", "h"),
0047 [continuation]              Return(BinOp("/", BinOp("*", Name("a"), Name("h")), Float(2.0))),
0048 [continuation]              0),
0049 [continuation]         parent(-1))
0050 [continuation]       -1 |-> builtinsScope
0051 [continuation]     </scopes>
0052 [continuation]     <scopeLoc> 1 </scopeLoc>
0053 [continuation]     <heap> .Map </heap>
0054 [continuation]     <heapLoc> 0 </heapLoc>
0055 [continuation]     <stack> .List </stack>
0056 [continuation]     <ret> noRet </ret>
0057 [continuation]     <exc> NoExc </exc>
0058 [continuation]     <exit-code> 0 </exit-code>
0060 [claim]   claim [triangle-area-float-int]:
0061 [continuation]     <k>
0062 [continuation]       (#loadAll(Module(
0063 [continuation]         FuncDef("triangle_area", Params("a", "h"),
0064 [continuation]           Return(BinOp("/", BinOp("*", Name("a"), Name("h")), Float(2.0))))))
0065 [continuation]       ~> Call(Name("triangle_area"), (A:Float, H:Int, .Exprs)))
0066 [continuation]       => divF(mulF(A, intToF(H)), 2.0) ~> .K
0067 [continuation]     </k>
0068 [continuation]     <env> 0 </env>
0069 [continuation]     <scopes>
0070 [continuation]       0 |-> scope(
0071 [continuation]         .Map
0072 [continuation]         => "triangle_area" |-> closureVal(
0073 [continuation]              ("a", "h"),
0074 [continuation]              Return(BinOp("/", BinOp("*", Name("a"), Name("h")), Float(2.0))),
0075 [continuation]              0),
0076 [continuation]         parent(-1))
0077 [continuation]       -1 |-> builtinsScope
0078 [continuation]     </scopes>
0079 [continuation]     <scopeLoc> 1 </scopeLoc>
0080 [continuation]     <heap> .Map </heap>
0081 [continuation]     <heapLoc> 0 </heapLoc>
0082 [continuation]     <stack> .List </stack>
0083 [continuation]     <ret> noRet </ret>
0084 [continuation]     <exc> NoExc </exc>
0085 [continuation]     <exit-code> 0 </exit-code>
0087 [claim]   claim [triangle-area-float-float]:
0088 [continuation]     <k>
0089 [continuation]       (#loadAll(Module(
0090 [continuation]         FuncDef("triangle_area", Params("a", "h"),
0091 [continuation]           Return(BinOp("/", BinOp("*", Name("a"), Name("h")), Float(2.0))))))
0092 [continuation]       ~> Call(Name("triangle_area"), (A:Float, H:Float, .Exprs)))
0093 [continuation]       => divF(mulF(A, H), 2.0) ~> .K
0094 [continuation]     </k>
0095 [continuation]     <env> 0 </env>
0096 [continuation]     <scopes>
0097 [continuation]       0 |-> scope(
0098 [continuation]         .Map
0099 [continuation]         => "triangle_area" |-> closureVal(
0100 [continuation]              ("a", "h"),
0101 [continuation]              Return(BinOp("/", BinOp("*", Name("a"), Name("h")), Float(2.0))),
0102 [continuation]              0),
0103 [continuation]         parent(-1))
0104 [continuation]       -1 |-> builtinsScope
0105 [continuation]     </scopes>
0106 [continuation]     <scopeLoc> 1 </scopeLoc>
0107 [continuation]     <heap> .Map </heap>
0108 [continuation]     <heapLoc> 0 </heapLoc>
0109 [continuation]     <stack> .List </stack>
0110 [continuation]     <ret> noRet </ret>
0111 [continuation]     <exc> NoExc </exc>
0112 [continuation]     <exit-code> 0 </exit-code>
0113 [endmodule] endmodule
===== GLOBAL COUNTS =====
claim=4 concrete=36 context=5 continuation=314 endmodule=27 evaluation-order=11 function-declaration=149 import=88 macro-attribute=5 module=27 opaque-no-evaluators=22 priority=45 requires-file-or-guard=138 rule=695 symbol=25 syntax=227 syntax-continuation=66 total=110
