cwd: /audit-output
command: python3 /audit-output/evidence/k_inventory.py
source_file_count=32
FILE /reference/reference-semantics/semantics/assert.k sha256=4258987a261d24b02ab3abfa52b3b2e013ea6323f9d5eb9a59c8f42cbcba030b constructs=6 counts={'endmodule': 1, 'imports': 1, 'module': 1, 'rule': 3}
FILE /reference/reference-semantics/semantics/bool.k sha256=8d6cfa9cd1ed776e51d776e4d358c418960c57715a6f9654ef9af41aea29f4fd constructs=17 counts={'context': 1, 'endmodule': 1, 'imports': 1, 'module': 1, 'rule': 13}
FILE /reference/reference-semantics/semantics/builtins.k sha256=fa43a855b8a4548f305f3dd210c8f6c6e7aa15b8d1cb0b8296977f061310c2dd constructs=184 counts={'endmodule': 1, 'imports': 7, 'module': 1, 'rule': 137, 'syntax': 38}
FILE /reference/reference-semantics/semantics/call.k sha256=7e4d6c7cabe7bb4ccff52f21c5d5f30920ccb48d42864146ce53146509f736e4 constructs=29 counts={'endmodule': 1, 'imports': 3, 'module': 1, 'rule': 21, 'syntax': 3}
FILE /reference/reference-semantics/semantics/comprehension.k sha256=cf7c38aad5cff698ebb05ecbadf00cbf210ddb2f54ae86f22b328311c027c6a7 constructs=17 counts={'endmodule': 1, 'imports': 5, 'module': 1, 'rule': 7, 'syntax': 3}
FILE /reference/reference-semantics/semantics/concrete.k sha256=1ffea42a32610e9116506d709e9163413aeb5f6deb7824ea554aca8341f2d305 constructs=24 counts={'endmodule': 1, 'imports': 1, 'module': 1, 'rule': 16, 'syntax': 5}
FILE /reference/reference-semantics/semantics/controls.k sha256=325c73757d5a7ccf541b93240accd590a2cee90d84470efa3a4a0a14165aafae constructs=42 counts={'endmodule': 1, 'imports': 3, 'module': 1, 'rule': 34, 'syntax': 3}
FILE /reference/reference-semantics/semantics/core.k sha256=e0fdc11dc2b9cd0acb18fe7c832c1ea1ac0c9e79cadf40c63f34276aca513d7e constructs=93 counts={'configuration': 1, 'endmodule': 1, 'imports': 7, 'module': 1, 'rule': 46, 'syntax': 37}
FILE /reference/reference-semantics/semantics/dict.k sha256=779b06e18162464c8422bbd6ac35fa0b9e34ef82807d5c707c6f4552d63c0580 constructs=46 counts={'endmodule': 1, 'imports': 4, 'module': 1, 'rule': 28, 'syntax': 12}
FILE /reference/reference-semantics/semantics/float.k sha256=5dfeee8700c90c3aa6dc515b15b74283882845fb6cdcc3627d97ef650124b70f constructs=160 counts={'endmodule': 1, 'imports': 3, 'module': 1, 'rule': 121, 'syntax': 34}
FILE /reference/reference-semantics/semantics/functions.k sha256=e4c8f67741117b29703c3c61d48a5b0f92cf7bd531e78e25c03e794a910ac193 constructs=22 counts={'endmodule': 1, 'imports': 1, 'module': 1, 'rule': 15, 'syntax': 4}
FILE /reference/reference-semantics/semantics/int.k sha256=dc2da7d81578370651ecb6905b69cb44443cdd8db3869441242b81420382abe5 constructs=20 counts={'endmodule': 1, 'imports': 1, 'module': 1, 'rule': 16, 'syntax': 1}
FILE /reference/reference-semantics/semantics/iter.k sha256=5085db2fed67b7bbd39f6289ec275905aaee742690895d7b3f843f73bd62f77f constructs=4 counts={'endmodule': 1, 'imports': 1, 'module': 1, 'syntax': 1}
FILE /reference/reference-semantics/semantics/list.k sha256=870c72341c25e2c16283726191a71bf5b571ed2995c8ae12e3e2923cdce5a9aa constructs=37 counts={'endmodule': 1, 'imports': 3, 'module': 1, 'rule': 27, 'syntax': 5}
FILE /reference/reference-semantics/semantics/methods.k sha256=ff9acc6dab2d1cc99ec4f2d234f27ae4526d752aae62bcfd7f9fd2a0399f7743 constructs=108 counts={'endmodule': 1, 'imports': 4, 'module': 1, 'rule': 75, 'syntax': 27}
FILE /reference/reference-semantics/semantics/operators.k sha256=f3d1fd85734f5e1757307e606cbfb8d6d4bf0893ee85ce20ec99606ade910e8b constructs=16 counts={'context': 2, 'endmodule': 1, 'imports': 2, 'module': 1, 'rule': 10}
FILE /reference/reference-semantics/semantics/range.k sha256=810e4c04b757445c03592aef25c97d6b2cc7c6fffa646288bc6cd15a3cae643d constructs=12 counts={'endmodule': 1, 'imports': 2, 'module': 1, 'rule': 6, 'syntax': 2}
FILE /reference/reference-semantics/semantics/set.k sha256=b822c3c6944f9940a4477fa6b7a42490c407663f2a314394e9c146e8951f1ac7 constructs=21 counts={'endmodule': 1, 'imports': 1, 'module': 1, 'rule': 12, 'syntax': 6}
FILE /reference/reference-semantics/semantics/sort.k sha256=df79670e4794a92e96ffc824857fbc34d3a65b6b6a3026d1dcf322128fbaba5a constructs=29 counts={'endmodule': 1, 'imports': 2, 'module': 1, 'rule': 19, 'syntax': 6}
FILE /reference/reference-semantics/semantics/str.k sha256=1bf0abf61d7c5df6301433a89c79d2ef4259d47a68d98385ff74618c4c310e0f constructs=37 counts={'endmodule': 1, 'imports': 2, 'module': 1, 'rule': 28, 'syntax': 5}
FILE /reference/reference-semantics/semantics/subscript.k sha256=dba04c0acf213bef4f9f7b11243ca00a2b3ca5fa8666c544ede7d382d27d36a7 constructs=60 counts={'context': 2, 'endmodule': 1, 'imports': 1, 'module': 1, 'rule': 40, 'syntax': 15}
FILE /reference/reference-semantics/semantics/syntax.k sha256=1e9e629e5e6e14bdd7f4d530375e8655a89366b5ecd0c24a3c57ad3b5708f2a6 constructs=22 counts={'endmodule': 1, 'imports': 4, 'module': 1, 'syntax': 16}
FILE /reference/reference-semantics/semantics/tuple.k sha256=41395a1ec6a58129c78facb15b44206907c54d79e86ea363ae68cb37bfc64abb constructs=31 counts={'endmodule': 1, 'imports': 4, 'module': 1, 'rule': 21, 'syntax': 4}
FILE /reference/reference-semantics/semantics.k sha256=57e8f9f3178639bbb87f95e5cc596bbaa91a6463f965b1965911eff9a0269f97 constructs=50 counts={'endmodule': 2, 'imports': 23, 'module': 2, 'requires': 23}
FILE /candidate/verification-base.k sha256=969100c6b941f15670667abc0348f64701e451161cb434c59e69cc0b3bbc1e91 constructs=20 counts={'endmodule': 2, 'imports': 3, 'module': 2, 'requires': 1, 'rule': 9, 'syntax': 3}
FILE /candidate/connection-rule.k sha256=d350ed4ca7d85607a2805194fa8ead9b98da6dd3b274af1afe8b94e5d87cff1f constructs=5 counts={'endmodule': 1, 'imports': 1, 'module': 1, 'requires': 1, 'rule': 1}
FILE /candidate/verification.k sha256=712698ff263887adafb3ee2c12978495a4f97efbff3aae23d000d16fb4409e9d constructs=4 counts={'endmodule': 1, 'imports': 1, 'module': 1, 'requires': 1}
FILE /candidate/spec.k sha256=ac80dc27add64b3408e90017332c5ffbeeac996c015e02c16ce3146e9bd13561 constructs=5 counts={'claim': 1, 'endmodule': 1, 'imports': 1, 'module': 1, 'requires': 1}
FILE /candidate/connection-spec.k sha256=1689cd58b3a3287b0593cecbb1a0da61d2449ca58b665098b0e4c3fdf1dbb4d5 constructs=5 counts={'claim': 1, 'endmodule': 1, 'imports': 1, 'module': 1, 'requires': 1}
FILE /candidate/source-connection-spec.k sha256=8ccb9208e05253f03f303a06213a28c4bc8b9d8136e80bdd450c27952969bba6 constructs=5 counts={'claim': 1, 'endmodule': 1, 'imports': 1, 'module': 1, 'requires': 1}
FILE /candidate/identity-spec.k sha256=8b343b005ae6d4630d0b5f96421c8c4a9b7c0d77f514028ee9cbe70649369cb6 constructs=5 counts={'claim': 1, 'endmodule': 1, 'imports': 1, 'module': 1, 'requires': 1}
FILE /candidate/ground-value-spec.k sha256=846cc56289a65e5fcc213edf17f9b2103e8b50a341244aa173bc0800e529bfd4 constructs=6 counts={'claim': 2, 'endmodule': 1, 'imports': 1, 'module': 1, 'requires': 1}
TOTAL_COUNTS {'claim': 6, 'configuration': 1, 'context': 5, 'endmodule': 34, 'imports': 96, 'module': 34, 'requires': 31, 'rule': 705, 'syntax': 230}
TOTAL_ATTRIBUTES {'function': 152, 'macro': 4, 'owise': 30, 'priority': 53, 'seqstrict': 1, 'simplification': 2, 'strict': 3, 'symbol': 25, 'total': 113}
BEGIN_EXHAUSTIVE_INVENTORY
ITEM 0001 /reference/reference-semantics/semantics/assert.k:3 kind=module attrs=[]
module MPY-ASSERT
END_ITEM
ITEM 0002 /reference/reference-semantics/semantics/assert.k:4 kind=imports attrs=[]
  imports MPY-CORE
END_ITEM
ITEM 0003 /reference/reference-semantics/semantics/assert.k:6 kind=rule attrs=[]
  rule <k> Assert(V:Val) => .K ... </k>
       requires truthy(V)
END_ITEM
ITEM 0004 /reference/reference-semantics/semantics/assert.k:8 kind=rule attrs=[]
  rule <k> Assert(V:Val) ~> _ => .K </k>
       <exc> NoExc => AssertionError </exc>
       <exit-code> _ => 1 </exit-code>
       requires notBool truthy(V)
END_ITEM
ITEM 0005 /reference/reference-semantics/semantics/assert.k:13 kind=rule attrs=['priority']
  rule <k> Assert(ref(H:Int)) => Assert(V) ... </k>
       <heap> ... H |-> V:Val ... </heap>
       [priority(40)]
END_ITEM
ITEM 0006 /reference/reference-semantics/semantics/assert.k:16 kind=endmodule attrs=[]
endmodule
END_ITEM
ITEM 0007 /reference/reference-semantics/semantics/bool.k:5 kind=module attrs=[]
module MPY-BOOL
END_ITEM
ITEM 0008 /reference/reference-semantics/semantics/bool.k:6 kind=imports attrs=[]
  imports MPY-CORE
END_ITEM
ITEM 0009 /reference/reference-semantics/semantics/bool.k:8 kind=rule attrs=[]
  rule applyUn("not", V:Val) => notBool truthy(V)
END_ITEM
ITEM 0010 /reference/reference-semantics/semantics/bool.k:10 kind=rule attrs=[]
  rule applyCmp("==", B1:Bool, B2:Bool) => B1 ==Bool B2
END_ITEM
ITEM 0011 /reference/reference-semantics/semantics/bool.k:11 kind=rule attrs=[]
  rule applyCmp("!=", B1:Bool, B2:Bool) => B1 =/=Bool B2

  // ==== BoolOp: short-circuit, value-returning and / or =====================
  // the node is its own accumulator: heat the HEAD element only, then either return it
  // (short-circuit) or drop it and continue
END_ITEM
ITEM 0012 /reference/reference-semantics/semantics/bool.k:16 kind=context attrs=[]
  context BoolOp(_, (HOLE:Expr, _:Exprs))
END_ITEM
ITEM 0013 /reference/reference-semantics/semantics/bool.k:17 kind=rule attrs=[]
  rule <k> BoolOp(_:String, (V:Val, .Exprs)) => V ... </k>
END_ITEM
ITEM 0014 /reference/reference-semantics/semantics/bool.k:18 kind=rule attrs=[]
  rule <k> BoolOp("and", (V:Val, A:Expr, REST:Exprs)) => BoolOp("and", (A, REST)) ... </k>
       requires truthy(V)
END_ITEM
ITEM 0015 /reference/reference-semantics/semantics/bool.k:20 kind=rule attrs=[]
  rule <k> BoolOp("and", (V:Val, _:Expr, _:Exprs)) => V ... </k>
       requires notBool truthy(V)
END_ITEM
ITEM 0016 /reference/reference-semantics/semantics/bool.k:22 kind=rule attrs=[]
  rule <k> BoolOp("or",  (V:Val, _:Expr, _:Exprs)) => V ... </k>
       requires truthy(V)
END_ITEM
ITEM 0017 /reference/reference-semantics/semantics/bool.k:24 kind=rule attrs=[]
  rule <k> BoolOp("or",  (V:Val, A:Expr, REST:Exprs)) => BoolOp("or", (A, REST)) ... </k>
       requires notBool truthy(V)

  // ==== heap-object head: decide truthiness THROUGH the heap, never rewrite the
  // operand — and/or return the OBJECT itself (Python identity), not its structure
END_ITEM
ITEM 0018 /reference/reference-semantics/semantics/bool.k:29 kind=rule attrs=['priority']
  rule <k> BoolOp(_:String, (ref(H:Int), .Exprs)) => ref(H) ... </k>
       [priority(40)]
END_ITEM
ITEM 0019 /reference/reference-semantics/semantics/bool.k:31 kind=rule attrs=['priority']
  rule <k> BoolOp("and", (ref(H:Int), A:Expr, REST:Exprs)) => BoolOp("and", (A, REST)) ... </k>
       <heap> ... H |-> V:Val ... </heap>
       requires truthy(V)
       [priority(40)]
END_ITEM
ITEM 0020 /reference/reference-semantics/semantics/bool.k:35 kind=rule attrs=['priority']
  rule <k> BoolOp("and", (ref(H:Int), _:Expr, _:Exprs)) => ref(H) ... </k>
       <heap> ... H |-> V:Val ... </heap>
       requires notBool truthy(V)
       [priority(40)]
END_ITEM
ITEM 0021 /reference/reference-semantics/semantics/bool.k:39 kind=rule attrs=['priority']
  rule <k> BoolOp("or", (ref(H:Int), _:Expr, _:Exprs)) => ref(H) ... </k>
       <heap> ... H |-> V:Val ... </heap>
       requires truthy(V)
       [priority(40)]
END_ITEM
ITEM 0022 /reference/reference-semantics/semantics/bool.k:43 kind=rule attrs=['priority']
  rule <k> BoolOp("or", (ref(H:Int), A:Expr, REST:Exprs)) => BoolOp("or", (A, REST)) ... </k>
       <heap> ... H |-> V:Val ... </heap>
       requires notBool truthy(V)
       [priority(40)]
END_ITEM
ITEM 0023 /reference/reference-semantics/semantics/bool.k:47 kind=endmodule attrs=[]
endmodule
END_ITEM
ITEM 0024 /reference/reference-semantics/semantics/builtins.k:3 kind=module attrs=[]
module MPY-BUILTINS
END_ITEM
ITEM 0025 /reference/reference-semantics/semantics/builtins.k:4 kind=imports attrs=[]
  imports MPY-CORE
END_ITEM
ITEM 0026 /reference/reference-semantics/semantics/builtins.k:5 kind=imports attrs=[]
  imports MPY-STR
END_ITEM
ITEM 0027 /reference/reference-semantics/semantics/builtins.k:6 kind=imports attrs=[]
  imports MPY-SET
END_ITEM
ITEM 0028 /reference/reference-semantics/semantics/builtins.k:7 kind=imports attrs=[]
  imports MPY-ITER
END_ITEM
ITEM 0029 /reference/reference-semantics/semantics/builtins.k:8 kind=imports attrs=[]
  imports MPY-RANGE
END_ITEM
ITEM 0030 /reference/reference-semantics/semantics/builtins.k:9 kind=imports attrs=[]
  imports MPY-INT
END_ITEM
ITEM 0031 /reference/reference-semantics/semantics/builtins.k:10 kind=imports attrs=[]
  imports MPY-METHODS
END_ITEM
ITEM 0032 /reference/reference-semantics/semantics/builtins.k:17 kind=syntax attrs=['function']
  syntax Val ::= applyBuiltin(String, Vals) [function]

  // ==== len(obj) — O(1) per kind ============================================
END_ITEM
ITEM 0033 /reference/reference-semantics/semantics/builtins.k:20 kind=syntax attrs=['function']
  syntax Int ::= seqLen(Val) [function]
END_ITEM
ITEM 0034 /reference/reference-semantics/semantics/builtins.k:21 kind=rule attrs=[]
  rule applyBuiltin("len", OBJ:Val, .Vals) => seqLen(OBJ)
END_ITEM
ITEM 0035 /reference/reference-semantics/semantics/builtins.k:22 kind=rule attrs=[]
  rule seqLen(list(VS:ValSeq))                  => vsLen(VS)
END_ITEM
ITEM 0036 /reference/reference-semantics/semantics/builtins.k:23 kind=rule attrs=[]
  rule seqLen(tuple(VS:ValSeq))                 => vsLen(VS)
END_ITEM
ITEM 0037 /reference/reference-semantics/semantics/builtins.k:24 kind=rule attrs=[]
  rule seqLen(str(IS:IntSeq))                   => isLen(IS)
END_ITEM
ITEM 0038 /reference/reference-semantics/semantics/builtins.k:25 kind=rule attrs=[]
  rule seqLen(setV(DS:IntSeq))                  => isLen(DS)
END_ITEM
ITEM 0039 /reference/reference-semantics/semantics/builtins.k:26 kind=rule attrs=[]
  rule seqLen(rangeObj(LO:Int, HI:Int, ST:Int)) => rangeLen(LO, HI, ST)

  // ==== list(seq) — materialize a list/tuple into a list (e.g. list(d.keys())) ==
  // Minimal: the "copy a sequence" case (list of a list is itself; list of a tuple keeps order).
  // list() of other iterables (str/range/set/zip) is added via the iterator fold when needed.
  // (k-cell — list() constructs a NEW object)
END_ITEM
ITEM 0040 /reference/reference-semantics/semantics/builtins.k:32 kind=rule attrs=[]
  rule <k> #applyK(toCall(builtinV("list")), (list(VS:ValSeq),  .Vals)) => #alloc(list(VS)) ... </k>
END_ITEM
ITEM 0041 /reference/reference-semantics/semantics/builtins.k:33 kind=rule attrs=[]
  rule <k> #applyK(toCall(builtinV("list")), (tuple(VS:ValSeq), .Vals)) => #alloc(list(VS)) ... </k>
END_ITEM
ITEM 0042 /reference/reference-semantics/semantics/builtins.k:34 kind=rule attrs=[]
  rule <k> #applyK(toCall(builtinV("list")), .Vals)                     => #alloc(list(.ValSeq)) ... </k>
END_ITEM
ITEM 0043 /reference/reference-semantics/semantics/builtins.k:35 kind=rule attrs=[]
  rule <k> #applyK(toCall(builtinV("list")), (str(CS:IntSeq), .Vals))   => #alloc(list(charsOf(CS))) ... </k>
END_ITEM
ITEM 0044 /reference/reference-semantics/semantics/builtins.k:36 kind=syntax attrs=['function', 'total']
  syntax ValSeq ::= charsOf(IntSeq) [function, total]
END_ITEM
ITEM 0045 /reference/reference-semantics/semantics/builtins.k:37 kind=rule attrs=[]
  rule charsOf(.IntSeq)                => .ValSeq
END_ITEM
ITEM 0046 /reference/reference-semantics/semantics/builtins.k:38 kind=rule attrs=[]
  rule charsOf(iCons(C:Int, R:IntSeq)) => vCons(str(iCons(C, .IntSeq)), charsOf(R))

  // ==== set(str) — distinct character codes =================================
END_ITEM
ITEM 0047 /reference/reference-semantics/semantics/builtins.k:41 kind=rule attrs=[]
  rule applyBuiltin("set", str(CS:IntSeq), .Vals) => setV(dedupCodes(CS))

  // ==== abs(int) ============================================================
END_ITEM
ITEM 0048 /reference/reference-semantics/semantics/builtins.k:44 kind=rule attrs=[]
  rule applyBuiltin("abs", I:Int, .Vals) => absInt(I)

  // ==== sum(iterable) — one #iterNext fold; intOf = int value of an int/bool ==
END_ITEM
ITEM 0049 /reference/reference-semantics/semantics/builtins.k:47 kind=syntax attrs=[]
  syntax KItem ::= #sumAcc(Iterable, Int) | #sumCont(Int)
END_ITEM
ITEM 0050 /reference/reference-semantics/semantics/builtins.k:48 kind=rule attrs=[]
  rule <k> #sumAcc(IT:Iterable, ACC:Int) => #iterNext(IT) ~> #sumCont(ACC) ... </k>
END_ITEM
ITEM 0051 /reference/reference-semantics/semantics/builtins.k:49 kind=rule attrs=[]
  rule <k> #iterDone ~> #sumCont(ACC:Int) => ACC ... </k>
END_ITEM
ITEM 0052 /reference/reference-semantics/semantics/builtins.k:50 kind=rule attrs=[]
  rule <k> #iterYield(V:Val, R:Iterable) ~> #sumCont(ACC:Int)
        => #sumAcc(R, ACC +Int intOf(V)) ... </k>
       requires isInt(V) orBool isBool(V)
END_ITEM
ITEM 0053 /reference/reference-semantics/semantics/builtins.k:54 kind=syntax attrs=['function']
  syntax Int ::= intOf(Val) [function]
END_ITEM
ITEM 0054 /reference/reference-semantics/semantics/builtins.k:55 kind=rule attrs=[]
  rule intOf(I:Int)  => I
END_ITEM
ITEM 0055 /reference/reference-semantics/semantics/builtins.k:56 kind=rule attrs=[]
  rule intOf(B:Bool) => #if B #then 1 #else 0 #fi

  // ==== all / any (short-circuiting #iterNext folds) ========================
END_ITEM
ITEM 0056 /reference/reference-semantics/semantics/builtins.k:59 kind=syntax attrs=[]
  syntax KItem ::= #allAcc(Iterable) | "#allCont"
END_ITEM
ITEM 0057 /reference/reference-semantics/semantics/builtins.k:60 kind=rule attrs=[]
  rule <k> #allAcc(IT:Iterable) => #iterNext(IT) ~> #allCont ... </k>
END_ITEM
ITEM 0058 /reference/reference-semantics/semantics/builtins.k:61 kind=rule attrs=[]
  rule <k> #iterDone ~> #allCont => true ... </k>
END_ITEM
ITEM 0059 /reference/reference-semantics/semantics/builtins.k:62 kind=rule attrs=[]
  rule <k> #iterYield(V:Val, R:Iterable) ~> #allCont => #allAcc(R) ... </k>
       requires truthy(V)
END_ITEM
ITEM 0060 /reference/reference-semantics/semantics/builtins.k:64 kind=rule attrs=[]
  rule <k> #iterYield(V:Val, _:Iterable) ~> #allCont => false ... </k>
       requires notBool truthy(V)
END_ITEM
ITEM 0061 /reference/reference-semantics/semantics/builtins.k:67 kind=syntax attrs=[]
  syntax KItem ::= #anyAcc(Iterable) | "#anyCont"
END_ITEM
ITEM 0062 /reference/reference-semantics/semantics/builtins.k:68 kind=rule attrs=[]
  rule <k> #anyAcc(IT:Iterable) => #iterNext(IT) ~> #anyCont ... </k>
END_ITEM
ITEM 0063 /reference/reference-semantics/semantics/builtins.k:69 kind=rule attrs=[]
  rule <k> #iterDone ~> #anyCont => false ... </k>
END_ITEM
ITEM 0064 /reference/reference-semantics/semantics/builtins.k:70 kind=rule attrs=[]
  rule <k> #iterYield(V:Val, _:Iterable) ~> #anyCont => true ... </k>
       requires truthy(V)
END_ITEM
ITEM 0065 /reference/reference-semantics/semantics/builtins.k:72 kind=rule attrs=[]
  rule <k> #iterYield(V:Val, R:Iterable) ~> #anyCont => #anyAcc(R) ... </k>
       requires notBool truthy(V)

  // ==== max / min over an iterable (#iterNext folds; first element seeds) ====
END_ITEM
ITEM 0066 /reference/reference-semantics/semantics/builtins.k:76 kind=syntax attrs=[]
  syntax KItem ::= #maxAcc0(Iterable) | "#maxCont0" | #maxAcc(Iterable, Int) | #maxCont(Int)
END_ITEM
ITEM 0067 /reference/reference-semantics/semantics/builtins.k:77 kind=rule attrs=[]
  rule <k> #maxAcc0(IT:Iterable) => #iterNext(IT) ~> #maxCont0 ... </k>
END_ITEM
ITEM 0068 /reference/reference-semantics/semantics/builtins.k:78 kind=rule attrs=[]
  rule <k> #iterYield(V:Val, R:Iterable) ~> #maxCont0 => #maxAcc(R, {V}:>Int) ... </k>
       requires isInt(V)
END_ITEM
ITEM 0069 /reference/reference-semantics/semantics/builtins.k:80 kind=rule attrs=[]
  rule <k> #maxAcc(IT:Iterable, M:Int) => #iterNext(IT) ~> #maxCont(M) ... </k>
END_ITEM
ITEM 0070 /reference/reference-semantics/semantics/builtins.k:81 kind=rule attrs=[]
  rule <k> #iterDone ~> #maxCont(M:Int) => M ... </k>
END_ITEM
ITEM 0071 /reference/reference-semantics/semantics/builtins.k:82 kind=rule attrs=[]
  rule <k> #iterYield(V:Val, R:Iterable) ~> #maxCont(M:Int)
        => #maxAcc(R, maxInt(M, {V}:>Int)) ... </k>
       requires isInt(V)
END_ITEM
ITEM 0072 /reference/reference-semantics/semantics/builtins.k:86 kind=syntax attrs=[]
  syntax KItem ::= #minAcc0(Iterable) | "#minCont0" | #minAcc(Iterable, Int) | #minCont(Int)
END_ITEM
ITEM 0073 /reference/reference-semantics/semantics/builtins.k:87 kind=rule attrs=[]
  rule <k> #minAcc0(IT:Iterable) => #iterNext(IT) ~> #minCont0 ... </k>
END_ITEM
ITEM 0074 /reference/reference-semantics/semantics/builtins.k:88 kind=rule attrs=[]
  rule <k> #iterYield(V:Val, R:Iterable) ~> #minCont0 => #minAcc(R, {V}:>Int) ... </k>
       requires isInt(V)
END_ITEM
ITEM 0075 /reference/reference-semantics/semantics/builtins.k:90 kind=rule attrs=[]
  rule <k> #minAcc(IT:Iterable, M:Int) => #iterNext(IT) ~> #minCont(M) ... </k>
END_ITEM
ITEM 0076 /reference/reference-semantics/semantics/builtins.k:91 kind=rule attrs=[]
  rule <k> #iterDone ~> #minCont(M:Int) => M ... </k>
END_ITEM
ITEM 0077 /reference/reference-semantics/semantics/builtins.k:92 kind=rule attrs=[]
  rule <k> #iterYield(V:Val, R:Iterable) ~> #minCont(M:Int)
        => #minAcc(R, minInt(M, {V}:>Int)) ... </k>
       requires isInt(V)

  // ==== variadic max / min (a Vals fold) ====================================
END_ITEM
ITEM 0078 /reference/reference-semantics/semantics/builtins.k:97 kind=syntax attrs=['function']
  syntax Int ::= maxVals(Int, Vals) [function]
END_ITEM
ITEM 0079 /reference/reference-semantics/semantics/builtins.k:98 kind=rule attrs=[]
  rule applyBuiltin("max", I:Int, REST:Vals) => maxVals(I, REST)
END_ITEM
ITEM 0080 /reference/reference-semantics/semantics/builtins.k:99 kind=rule attrs=[]
  rule maxVals(M:Int, .Vals)           => M
END_ITEM
ITEM 0081 /reference/reference-semantics/semantics/builtins.k:100 kind=rule attrs=[]
  rule maxVals(M:Int, (I:Int, R:Vals)) => maxVals(maxInt(M, I), R)
END_ITEM
ITEM 0082 /reference/reference-semantics/semantics/builtins.k:102 kind=syntax attrs=['function']
  syntax Int ::= minVals(Int, Vals) [function]
END_ITEM
ITEM 0083 /reference/reference-semantics/semantics/builtins.k:103 kind=rule attrs=[]
  rule applyBuiltin("min", I:Int, REST:Vals) => minVals(I, REST)
END_ITEM
ITEM 0084 /reference/reference-semantics/semantics/builtins.k:104 kind=rule attrs=[]
  rule minVals(M:Int, .Vals)           => M
END_ITEM
ITEM 0085 /reference/reference-semantics/semantics/builtins.k:105 kind=rule attrs=[]
  rule minVals(M:Int, (I:Int, R:Vals)) => minVals(minInt(M, I), R)

  // ==== bin(n) — "0b" + binary digit codes (promoted from 103's defined fold) ==
END_ITEM
ITEM 0086 /reference/reference-semantics/semantics/builtins.k:108 kind=rule attrs=[]
  rule applyBuiltin("bin", N:Int, .Vals) => str(iCons(48, iCons(98, binCodes(N))))
       requires N >=Int 0
  // negative operand: the '-' sign prefixes the magnitude's digits
END_ITEM
ITEM 0087 /reference/reference-semantics/semantics/builtins.k:111 kind=rule attrs=[]
  rule applyBuiltin("bin", N:Int, .Vals)
    => str(iCons(45, iCons(48, iCons(98, binCodes(0 -Int N)))))
       requires N <Int 0
END_ITEM
ITEM 0088 /reference/reference-semantics/semantics/builtins.k:114 kind=syntax attrs=['function', 'total']
  syntax IntSeq ::= binCodes(Int) [function, total]
END_ITEM
ITEM 0089 /reference/reference-semantics/semantics/builtins.k:115 kind=rule attrs=[]
  rule binCodes(0) => iCons(48, .IntSeq)
END_ITEM
ITEM 0090 /reference/reference-semantics/semantics/builtins.k:116 kind=rule attrs=[]
  rule binCodes(N:Int) => binAcc(N, .IntSeq) requires N >Int 0
END_ITEM
ITEM 0091 /reference/reference-semantics/semantics/builtins.k:117 kind=syntax attrs=['function', 'total']
  syntax IntSeq ::= binAcc(Int, IntSeq) [function, total]
END_ITEM
ITEM 0092 /reference/reference-semantics/semantics/builtins.k:118 kind=rule attrs=[]
  rule binAcc(0, ACC:IntSeq) => ACC
END_ITEM
ITEM 0093 /reference/reference-semantics/semantics/builtins.k:119 kind=rule attrs=[]
  rule binAcc(N:Int, ACC:IntSeq)
    => binAcc((N -Int pyMod(N, 2)) /Int 2, iCons(48 +Int pyMod(N, 2), ACC))
       requires N >Int 0

  // ==== enumerate(xs) — pairs (i, v); materialized eagerly over a list =========
END_ITEM
ITEM 0094 /reference/reference-semantics/semantics/builtins.k:124 kind=rule attrs=[]
  rule <k> #applyK(toCall(builtinV("enumerate")), (list(VS:ValSeq), .Vals))
        => #alloc(list(enumVS(VS, 0))) ... </k>
END_ITEM
ITEM 0095 /reference/reference-semantics/semantics/builtins.k:126 kind=syntax attrs=['function', 'total']
  syntax ValSeq ::= enumVS(ValSeq, Int) [function, total]
END_ITEM
ITEM 0096 /reference/reference-semantics/semantics/builtins.k:127 kind=rule attrs=[]
  rule enumVS(.ValSeq, _:Int) => .ValSeq
END_ITEM
ITEM 0097 /reference/reference-semantics/semantics/builtins.k:128 kind=rule attrs=[]
  rule enumVS(vCons(V:Val, R:ValSeq), I:Int)
    => vCons(tuple(vCons(I, vCons(V, .ValSeq))), enumVS(R, I +Int 1))

  // ==== map(str, xs) — eager (only the str case is in the subset) =============
END_ITEM
ITEM 0098 /reference/reference-semantics/semantics/builtins.k:132 kind=rule attrs=[]
  rule <k> #applyK(toCall(builtinV("map")), (typeV("str"), list(VS:ValSeq), .Vals))
        => #alloc(list(mapStrVS(VS))) ... </k>
END_ITEM
ITEM 0099 /reference/reference-semantics/semantics/builtins.k:134 kind=syntax attrs=['function', 'total']
  syntax ValSeq ::= mapStrVS(ValSeq) [function, total]
END_ITEM
ITEM 0100 /reference/reference-semantics/semantics/builtins.k:135 kind=rule attrs=[]
  rule mapStrVS(.ValSeq) => .ValSeq
END_ITEM
ITEM 0101 /reference/reference-semantics/semantics/builtins.k:136 kind=rule attrs=[]
  rule mapStrVS(vCons(I:Int, R:ValSeq)) => vCons(str(strToCodes(Int2String(I))), mapStrVS(R))
END_ITEM
ITEM 0102 /reference/reference-semantics/semantics/builtins.k:137 kind=rule attrs=[]
  rule mapStrVS(vCons(str(CS:IntSeq), R:ValSeq)) => vCons(str(CS), mapStrVS(R))

  // ==== int(x) identities (int(round(x)) composes through) ====================
END_ITEM
ITEM 0103 /reference/reference-semantics/semantics/builtins.k:140 kind=rule attrs=[]
  rule applyBuiltin("int", I:Int, .Vals) => I

  // ==== ord / chr ===========================================================
END_ITEM
ITEM 0104 /reference/reference-semantics/semantics/builtins.k:143 kind=rule attrs=[]
  rule applyBuiltin("ord", str(iCons(C:Int, .IntSeq)), .Vals) => C
END_ITEM
ITEM 0105 /reference/reference-semantics/semantics/builtins.k:144 kind=rule attrs=[]
  rule applyBuiltin("chr", I:Int, .Vals) => str(iCons(I, .IntSeq))
       requires 0 <=Int I andBool I <Int 128

  // ==== str(int) / str(str) =================================================
END_ITEM
ITEM 0106 /reference/reference-semantics/semantics/builtins.k:148 kind=rule attrs=[]
  rule applyBuiltin("str", I:Int, .Vals)       => str(strToCodes(Int2String(I)))
END_ITEM
ITEM 0107 /reference/reference-semantics/semantics/builtins.k:149 kind=rule attrs=[]
  rule applyBuiltin("str", str(CS:IntSeq), .Vals) => str(CS)

  // ==== int(str) — a single digit char ('0'..'9', code 48..57) to its value =====
END_ITEM
ITEM 0108 /reference/reference-semantics/semantics/builtins.k:152 kind=rule attrs=[]
  rule applyBuiltin("int", str(iCons(C:Int, .IntSeq)), .Vals) => C -Int 48
       requires 48 <=Int C andBool C <=Int 57

  // ==== int(str) — a multi-digit non-negative numeral (Horner fold; the single-char rule covers len 1)
END_ITEM
ITEM 0109 /reference/reference-semantics/semantics/builtins.k:156 kind=rule attrs=[]
  rule applyBuiltin("int", str(CS:IntSeq), .Vals) => intDigAcc(CS, 0)
       requires isLen(CS) >=Int 2
END_ITEM
ITEM 0110 /reference/reference-semantics/semantics/builtins.k:158 kind=syntax attrs=['function', 'total']
  syntax Int ::= intDigAcc(IntSeq, Int) [function, total]
END_ITEM
ITEM 0111 /reference/reference-semantics/semantics/builtins.k:159 kind=rule attrs=[]
  rule intDigAcc(.IntSeq, ACC:Int)             => ACC
END_ITEM
ITEM 0112 /reference/reference-semantics/semantics/builtins.k:160 kind=rule attrs=[]
  rule intDigAcc(iCons(C:Int, R:IntSeq), ACC:Int) => intDigAcc(R, (ACC *Int 10) +Int (C -Int 48))

  // ==== zip(a, b) — parallel iterable of pairs, truncating to the shorter =====
END_ITEM
ITEM 0113 /reference/reference-semantics/semantics/builtins.k:163 kind=rule attrs=[]
  rule applyBuiltin("zip", list(A:ValSeq), list(B:ValSeq), .Vals) => zipObj(A, B)
END_ITEM
ITEM 0114 /reference/reference-semantics/semantics/builtins.k:164 kind=rule attrs=[]
  rule applyBuiltin("zip", str(A:IntSeq), str(B:IntSeq), .Vals)   => zipObjS(A, B)

  // zip's iterator-protocol cases (zip is created here, so its #iterNext lives here)
END_ITEM
ITEM 0115 /reference/reference-semantics/semantics/builtins.k:167 kind=rule attrs=[]
  rule <k> #iterNext(zipObj(vCons(A:Val, As:ValSeq), vCons(B:Val, Bs:ValSeq)))
        => #iterYield(tuple(vCons(A, vCons(B, .ValSeq))), zipObj(As, Bs)) ... </k>
END_ITEM
ITEM 0116 /reference/reference-semantics/semantics/builtins.k:169 kind=rule attrs=[]
  rule <k> #iterNext(zipObj(.ValSeq, _:ValSeq))               => #iterDone ... </k>
END_ITEM
ITEM 0117 /reference/reference-semantics/semantics/builtins.k:170 kind=rule attrs=[]
  rule <k> #iterNext(zipObj(vCons(_:Val, _:ValSeq), .ValSeq)) => #iterDone ... </k>
END_ITEM
ITEM 0118 /reference/reference-semantics/semantics/builtins.k:171 kind=rule attrs=[]
  rule <k> #iterNext(zipObjS(iCons(A:Int, As:IntSeq), iCons(B:Int, Bs:IntSeq)))
        => #iterYield(tuple(vCons(str(iCons(A, .IntSeq)), vCons(str(iCons(B, .IntSeq)), .ValSeq))), zipObjS(As, Bs)) ... </k>
END_ITEM
ITEM 0119 /reference/reference-semantics/semantics/builtins.k:173 kind=rule attrs=[]
  rule <k> #iterNext(zipObjS(.IntSeq, _:IntSeq))              => #iterDone ... </k>
END_ITEM
ITEM 0120 /reference/reference-semantics/semantics/builtins.k:174 kind=rule attrs=[]
  rule <k> #iterNext(zipObjS(iCons(_:Int, _:IntSeq), .IntSeq)) => #iterDone ... </k>

  // ==== range(stop) / range(start, stop) / range(start, stop, step) =========
END_ITEM
ITEM 0121 /reference/reference-semantics/semantics/builtins.k:177 kind=rule attrs=[]
  rule applyBuiltin("range", I:Int, .Vals)               => rangeObj(0, I, 1)
END_ITEM
ITEM 0122 /reference/reference-semantics/semantics/builtins.k:178 kind=rule attrs=[]
  rule applyBuiltin("range", A:Int, B:Int, .Vals)        => rangeObj(A, B, 1)
END_ITEM
ITEM 0123 /reference/reference-semantics/semantics/builtins.k:179 kind=rule attrs=[]
  rule applyBuiltin("range", A:Int, B:Int, S:Int, .Vals) => rangeObj(A, B, S)
       requires S =/=Int 0

  // ==== eval(str) — arithmetic expressions (ints, + - * // **, spaces) ========
  // Python precedence: ** right-assoc, then * //, then + -. Promoted from 160's
  // trusted pass evaluator, now DEFINED in the reference and driven by a
  // code-level tokenizer. Reduces on concrete strings (krun); a symbolic
  // argument leaves the call unevaluated for problem-level folds.
END_ITEM
ITEM 0124 /reference/reference-semantics/semantics/builtins.k:187 kind=rule attrs=[]
  rule applyBuiltin("eval", str(CS:IntSeq), .Vals) => evalArith(CS)
END_ITEM
ITEM 0125 /reference/reference-semantics/semantics/builtins.k:188 kind=syntax attrs=['function']
  syntax Int ::= evalArith(IntSeq) [function]
END_ITEM
ITEM 0126 /reference/reference-semantics/semantics/builtins.k:189 kind=rule attrs=[]
  rule evalArith(CS:IntSeq)
    => firstNdE(passAddE(passMulE(passPowE(tokOps(CS), tokNds(CS)))))
END_ITEM
ITEM 0127 /reference/reference-semantics/semantics/builtins.k:192 kind=syntax attrs=[]
  syntax OpSeq ::= ".OpSeq" | oCons(String, OpSeq)
END_ITEM
ITEM 0128 /reference/reference-semantics/semantics/builtins.k:194 kind=syntax attrs=['function', 'total']
  syntax Bool ::= evDigit(Int) [function, total]
END_ITEM
ITEM 0129 /reference/reference-semantics/semantics/builtins.k:195 kind=rule attrs=[]
  rule evDigit(C:Int) => C >=Int 48 andBool C <=Int 57
END_ITEM
ITEM 0130 /reference/reference-semantics/semantics/builtins.k:196 kind=syntax attrs=['function', 'total']
  syntax Bool ::= evHead42(IntSeq) [function, total]
END_ITEM
ITEM 0131 /reference/reference-semantics/semantics/builtins.k:197 kind=rule attrs=[]
  rule evHead42(iCons(42, _:IntSeq)) => true
END_ITEM
ITEM 0132 /reference/reference-semantics/semantics/builtins.k:198 kind=rule attrs=['owise']
  rule evHead42(_:IntSeq)            => false [owise]
END_ITEM
ITEM 0133 /reference/reference-semantics/semantics/builtins.k:199 kind=syntax attrs=['function', 'total']
  syntax Bool ::= evHead47(IntSeq) [function, total]
END_ITEM
ITEM 0134 /reference/reference-semantics/semantics/builtins.k:200 kind=rule attrs=[]
  rule evHead47(iCons(47, _:IntSeq)) => true
END_ITEM
ITEM 0135 /reference/reference-semantics/semantics/builtins.k:201 kind=rule attrs=['owise']
  rule evHead47(_:IntSeq)            => false [owise]
END_ITEM
ITEM 0136 /reference/reference-semantics/semantics/builtins.k:203 kind=syntax attrs=['function', 'total']
  syntax OpSeq ::= tokOps(IntSeq) [function, total]
END_ITEM
ITEM 0137 /reference/reference-semantics/semantics/builtins.k:204 kind=rule attrs=[]
  rule tokOps(.IntSeq)                 => .OpSeq
END_ITEM
ITEM 0138 /reference/reference-semantics/semantics/builtins.k:205 kind=rule attrs=[]
  rule tokOps(iCons(32, R:IntSeq))     => tokOps(R)
END_ITEM
ITEM 0139 /reference/reference-semantics/semantics/builtins.k:206 kind=rule attrs=[]
  rule tokOps(iCons(C:Int, R:IntSeq))  => tokOps(R) requires evDigit(C)
END_ITEM
ITEM 0140 /reference/reference-semantics/semantics/builtins.k:207 kind=rule attrs=[]
  rule tokOps(iCons(42, iCons(42, R:IntSeq))) => oCons("**", tokOps(R))
END_ITEM
ITEM 0141 /reference/reference-semantics/semantics/builtins.k:208 kind=rule attrs=[]
  rule tokOps(iCons(42, R:IntSeq))     => oCons("*", tokOps(R)) requires notBool evHead42(R)
END_ITEM
ITEM 0142 /reference/reference-semantics/semantics/builtins.k:209 kind=rule attrs=[]
  rule tokOps(iCons(47, iCons(47, R:IntSeq))) => oCons("//", tokOps(R))
END_ITEM
ITEM 0143 /reference/reference-semantics/semantics/builtins.k:210 kind=rule attrs=[]
  rule tokOps(iCons(47, R:IntSeq))     => oCons("/", tokOps(R)) requires notBool evHead47(R)
END_ITEM
ITEM 0144 /reference/reference-semantics/semantics/builtins.k:211 kind=rule attrs=[]
  rule tokOps(iCons(43, R:IntSeq))     => oCons("+", tokOps(R))
END_ITEM
ITEM 0145 /reference/reference-semantics/semantics/builtins.k:212 kind=rule attrs=[]
  rule tokOps(iCons(45, R:IntSeq))     => oCons("-", tokOps(R))
END_ITEM
ITEM 0146 /reference/reference-semantics/semantics/builtins.k:214 kind=syntax attrs=['function', 'total']
  syntax IntSeq ::= tokNds(IntSeq) [function, total]
                  | tokNdAcc(Int, IntSeq) [function, total]
END_ITEM
ITEM 0147 /reference/reference-semantics/semantics/builtins.k:216 kind=rule attrs=[]
  rule tokNds(.IntSeq)                => .IntSeq
END_ITEM
ITEM 0148 /reference/reference-semantics/semantics/builtins.k:217 kind=rule attrs=[]
  rule tokNds(iCons(32, R:IntSeq))    => tokNds(R)
END_ITEM
ITEM 0149 /reference/reference-semantics/semantics/builtins.k:218 kind=rule attrs=[]
  rule tokNds(iCons(C:Int, R:IntSeq)) => tokNdAcc(C -Int 48, R) requires evDigit(C)
END_ITEM
ITEM 0150 /reference/reference-semantics/semantics/builtins.k:219 kind=rule attrs=[]
  rule tokNds(iCons(C:Int, R:IntSeq)) => tokNds(R)
       requires notBool evDigit(C) andBool C =/=Int 32
END_ITEM
ITEM 0151 /reference/reference-semantics/semantics/builtins.k:221 kind=rule attrs=[]
  rule tokNdAcc(A:Int, iCons(C:Int, R:IntSeq)) => tokNdAcc(A *Int 10 +Int (C -Int 48), R)
       requires evDigit(C)
END_ITEM
ITEM 0152 /reference/reference-semantics/semantics/builtins.k:223 kind=rule attrs=['owise']
  rule tokNdAcc(A:Int, S:IntSeq) => iCons(A, tokNds(S)) [owise]
END_ITEM
ITEM 0153 /reference/reference-semantics/semantics/builtins.k:225 kind=syntax attrs=[]
  syntax EvPair ::= evp(OpSeq, IntSeq)
END_ITEM
ITEM 0154 /reference/reference-semantics/semantics/builtins.k:226 kind=syntax attrs=['function', 'total']
  syntax Int ::= firstNdE(EvPair) [function, total]
END_ITEM
ITEM 0155 /reference/reference-semantics/semantics/builtins.k:227 kind=rule attrs=[]
  rule firstNdE(evp(_:OpSeq, iCons(N:Int, _:IntSeq))) => N
END_ITEM
ITEM 0156 /reference/reference-semantics/semantics/builtins.k:228 kind=rule attrs=['owise']
  rule firstNdE(_:EvPair) => 0 [owise]
END_ITEM
ITEM 0157 /reference/reference-semantics/semantics/builtins.k:230 kind=syntax attrs=['function', 'total']
  syntax Int ::= applyOpE(String, Int, Int) [function, total]
END_ITEM
ITEM 0158 /reference/reference-semantics/semantics/builtins.k:231 kind=rule attrs=[]
  rule applyOpE("+",  A:Int, B:Int) => A +Int B
END_ITEM
ITEM 0159 /reference/reference-semantics/semantics/builtins.k:232 kind=rule attrs=[]
  rule applyOpE("-",  A:Int, B:Int) => A -Int B
END_ITEM
ITEM 0160 /reference/reference-semantics/semantics/builtins.k:233 kind=rule attrs=[]
  rule applyOpE("*",  A:Int, B:Int) => A *Int B
END_ITEM
ITEM 0161 /reference/reference-semantics/semantics/builtins.k:234 kind=rule attrs=[]
  rule applyOpE("//", A:Int, B:Int) => A divInt B
END_ITEM
ITEM 0162 /reference/reference-semantics/semantics/builtins.k:235 kind=rule attrs=[]
  rule applyOpE("**", A:Int, B:Int) => A ^Int B
END_ITEM
ITEM 0163 /reference/reference-semantics/semantics/builtins.k:236 kind=rule attrs=['owise']
  rule applyOpE(_:String, A:Int, _:Int) => A [owise]
END_ITEM
ITEM 0164 /reference/reference-semantics/semantics/builtins.k:238 kind=syntax attrs=['function', 'total']
  syntax EvPair ::= passPowE(OpSeq, IntSeq) [function, total]
END_ITEM
ITEM 0165 /reference/reference-semantics/semantics/builtins.k:239 kind=rule attrs=[]
  rule passPowE(.OpSeq, NDS:IntSeq) => evp(.OpSeq, NDS)
END_ITEM
ITEM 0166 /reference/reference-semantics/semantics/builtins.k:240 kind=rule attrs=[]
  rule passPowE(oCons("**", OPS:OpSeq), iCons(N:Int, NDS:IntSeq)) => powCombE(N, passPowE(OPS, NDS))
END_ITEM
ITEM 0167 /reference/reference-semantics/semantics/builtins.k:241 kind=rule attrs=[]
  rule passPowE(oCons(O:String, OPS:OpSeq), iCons(N:Int, NDS:IntSeq)) => powCarryE(O, N, passPowE(OPS, NDS))
       requires O =/=String "**"
END_ITEM
ITEM 0168 /reference/reference-semantics/semantics/builtins.k:243 kind=rule attrs=['owise']
  rule passPowE(_:OpSeq, .IntSeq) => evp(.OpSeq, .IntSeq) [owise]
END_ITEM
ITEM 0169 /reference/reference-semantics/semantics/builtins.k:244 kind=syntax attrs=['function', 'total']
  syntax EvPair ::= powCombE(Int, EvPair) [function, total]
END_ITEM
ITEM 0170 /reference/reference-semantics/semantics/builtins.k:245 kind=rule attrs=[]
  rule powCombE(N:Int, evp(OPS:OpSeq, iCons(M:Int, REST:IntSeq))) => evp(OPS, iCons(N ^Int M, REST))
END_ITEM
ITEM 0171 /reference/reference-semantics/semantics/builtins.k:246 kind=rule attrs=[]
  rule powCombE(N:Int, evp(OPS:OpSeq, .IntSeq)) => evp(OPS, iCons(N, .IntSeq))
END_ITEM
ITEM 0172 /reference/reference-semantics/semantics/builtins.k:247 kind=syntax attrs=['function', 'total']
  syntax EvPair ::= powCarryE(String, Int, EvPair) [function, total]
END_ITEM
ITEM 0173 /reference/reference-semantics/semantics/builtins.k:248 kind=rule attrs=[]
  rule powCarryE(O:String, N:Int, evp(OPS:OpSeq, NDS:IntSeq)) => evp(oCons(O, OPS), iCons(N, NDS))
END_ITEM
ITEM 0174 /reference/reference-semantics/semantics/builtins.k:250 kind=syntax attrs=['function', 'total']
  syntax EvPair ::= passMulE(EvPair) [function, total] | passAddE(EvPair) [function, total]
END_ITEM
ITEM 0175 /reference/reference-semantics/semantics/builtins.k:251 kind=rule attrs=[]
  rule passMulE(evp(OPS:OpSeq, iCons(N0:Int, NDS:IntSeq))) => passLGoE("mul", N0, OPS, NDS, .OpSeq, .IntSeq)
END_ITEM
ITEM 0176 /reference/reference-semantics/semantics/builtins.k:252 kind=rule attrs=[]
  rule passMulE(evp(OPS:OpSeq, .IntSeq)) => evp(OPS, .IntSeq)
END_ITEM
ITEM 0177 /reference/reference-semantics/semantics/builtins.k:253 kind=rule attrs=[]
  rule passAddE(evp(OPS:OpSeq, iCons(N0:Int, NDS:IntSeq))) => passLGoE("add", N0, OPS, NDS, .OpSeq, .IntSeq)
END_ITEM
ITEM 0178 /reference/reference-semantics/semantics/builtins.k:254 kind=rule attrs=[]
  rule passAddE(evp(OPS:OpSeq, .IntSeq)) => evp(OPS, .IntSeq)
END_ITEM
ITEM 0179 /reference/reference-semantics/semantics/builtins.k:255 kind=syntax attrs=['function', 'total']
  syntax EvPair ::= passLGoE(String, Int, OpSeq, IntSeq, OpSeq, IntSeq) [function, total]
END_ITEM
ITEM 0180 /reference/reference-semantics/semantics/builtins.k:256 kind=rule attrs=[]
  rule passLGoE(_:String, CUR:Int, .OpSeq, _:IntSeq, OO:OpSeq, ON:IntSeq) => evp(OO, appendIE(ON, CUR))
END_ITEM
ITEM 0181 /reference/reference-semantics/semantics/builtins.k:257 kind=rule attrs=[]
  rule passLGoE(L:String, CUR:Int, oCons(O:String, OPS:OpSeq), iCons(N:Int, NDS:IntSeq), OO:OpSeq, ON:IntSeq)
    => passLGoE(L, applyOpE(O, CUR, N), OPS, NDS, OO, ON)
       requires inLevelE(L, O)
END_ITEM
ITEM 0182 /reference/reference-semantics/semantics/builtins.k:260 kind=rule attrs=[]
  rule passLGoE(L:String, CUR:Int, oCons(O:String, OPS:OpSeq), iCons(N:Int, NDS:IntSeq), OO:OpSeq, ON:IntSeq)
    => passLGoE(L, N, OPS, NDS, appendOpE(OO, O), appendIE(ON, CUR))
       requires notBool inLevelE(L, O)
END_ITEM
ITEM 0183 /reference/reference-semantics/semantics/builtins.k:263 kind=rule attrs=['owise']
  rule passLGoE(_:String, CUR:Int, oCons(_:String, _:OpSeq), .IntSeq, OO:OpSeq, ON:IntSeq)
    => evp(OO, appendIE(ON, CUR)) [owise]
END_ITEM
ITEM 0184 /reference/reference-semantics/semantics/builtins.k:265 kind=syntax attrs=['function', 'total']
  syntax Bool ::= inLevelE(String, String) [function, total]
END_ITEM
ITEM 0185 /reference/reference-semantics/semantics/builtins.k:266 kind=rule attrs=[]
  rule inLevelE("mul", O:String) => O ==String "*" orBool O ==String "//" orBool O ==String "/"
END_ITEM
ITEM 0186 /reference/reference-semantics/semantics/builtins.k:267 kind=rule attrs=[]
  rule inLevelE("add", O:String) => O ==String "+" orBool O ==String "-"
END_ITEM
ITEM 0187 /reference/reference-semantics/semantics/builtins.k:268 kind=rule attrs=['owise']
  rule inLevelE(_:String, _:String) => false [owise]
END_ITEM
ITEM 0188 /reference/reference-semantics/semantics/builtins.k:269 kind=syntax attrs=['function', 'total']
  syntax OpSeq ::= appendOpE(OpSeq, String) [function, total]
END_ITEM
ITEM 0189 /reference/reference-semantics/semantics/builtins.k:270 kind=rule attrs=[]
  rule appendOpE(.OpSeq, O:String) => oCons(O, .OpSeq)
END_ITEM
ITEM 0190 /reference/reference-semantics/semantics/builtins.k:271 kind=rule attrs=[]
  rule appendOpE(oCons(H:String, T:OpSeq), O:String) => oCons(H, appendOpE(T, O))
END_ITEM
ITEM 0191 /reference/reference-semantics/semantics/builtins.k:272 kind=syntax attrs=['function', 'total']
  syntax IntSeq ::= appendIE(IntSeq, Int) [function, total]
END_ITEM
ITEM 0192 /reference/reference-semantics/semantics/builtins.k:273 kind=rule attrs=[]
  rule appendIE(.IntSeq, N:Int) => iCons(N, .IntSeq)
END_ITEM
ITEM 0193 /reference/reference-semantics/semantics/builtins.k:274 kind=rule attrs=[]
  rule appendIE(iCons(H:Int, T:IntSeq), N:Int) => iCons(H, appendIE(T, N))

  // ==== hashlib.md5(S).hexdigest() — a trusted opaque digest ==================
  // The md5 value itself is a named shared trust (sortVS-style, no concrete
  // twin); proofs use the length/hex-charset lemmas (lemmas/builtins.k).
END_ITEM
ITEM 0194 /reference/reference-semantics/semantics/builtins.k:279 kind=syntax attrs=[]
  syntax KItem ::= "#md5"
END_ITEM
ITEM 0195 /reference/reference-semantics/semantics/builtins.k:280 kind=rule attrs=['priority']
  rule <k> Call(Attribute(Name("hashlib"), "md5"), (E:Expr, .Exprs)) => E ~> #md5 ... </k>
       [priority(40)]
END_ITEM
ITEM 0196 /reference/reference-semantics/semantics/builtins.k:282 kind=rule attrs=[]
  rule <k> str(CS:IntSeq) ~> #md5 => md5Obj(CS) ... </k>
END_ITEM
ITEM 0197 /reference/reference-semantics/semantics/builtins.k:283 kind=syntax attrs=[]
  syntax Val ::= md5Obj(IntSeq)
END_ITEM
ITEM 0198 /reference/reference-semantics/semantics/builtins.k:284 kind=rule attrs=[]
  rule applyMethod(md5Obj(CS:IntSeq), "hexdigest", .Vals) => str(md5hexCodes(CS))
END_ITEM
ITEM 0199 /reference/reference-semantics/semantics/builtins.k:285 kind=syntax attrs=['function', 'total', 'owise', 'symbol']
  syntax IntSeq ::= md5hexCodes(IntSeq) [function, total, symbol(md5hexCodes), no-evaluators]

  // ==== isinstance(V, int|str) — an ordinary 2-arg builtin ===================
  // The type argument (int/str) is an ordinary name that resolves via the builtins frame to
  // typeV (see core.k's config); no Call-level special case. isIntV/isStrV mirror the old
  // owise-on-Val test (concrete-sort args decide; a symbolic Val stays owise, as before).
END_ITEM
ITEM 0200 /reference/reference-semantics/semantics/builtins.k:291 kind=rule attrs=[]
  rule applyBuiltin("isinstance", V:Val, typeV("int"), .Vals) => isIntV(V)
END_ITEM
ITEM 0201 /reference/reference-semantics/semantics/builtins.k:292 kind=rule attrs=[]
  rule applyBuiltin("isinstance", V:Val, typeV("str"), .Vals) => isStrV(V)
END_ITEM
ITEM 0202 /reference/reference-semantics/semantics/builtins.k:293 kind=syntax attrs=['function']
  syntax Bool ::= isIntV(Val) [function] | isStrV(Val) [function]
END_ITEM
ITEM 0203 /reference/reference-semantics/semantics/builtins.k:294 kind=rule attrs=[]
  rule isIntV(_:Int)         => true
END_ITEM
ITEM 0204 /reference/reference-semantics/semantics/builtins.k:295 kind=rule attrs=['owise']
  rule isIntV(_:Val)         => false [owise]
END_ITEM
ITEM 0205 /reference/reference-semantics/semantics/builtins.k:296 kind=rule attrs=[]
  rule isStrV(str(_:IntSeq)) => true
END_ITEM
ITEM 0206 /reference/reference-semantics/semantics/builtins.k:297 kind=rule attrs=['owise']
  rule isStrV(_:Val)         => false [owise]
END_ITEM
ITEM 0207 /reference/reference-semantics/semantics/builtins.k:298 kind=endmodule attrs=[]
endmodule
END_ITEM
ITEM 0208 /reference/reference-semantics/semantics/call.k:10 kind=module attrs=[]
module MPY-CALL
END_ITEM
ITEM 0209 /reference/reference-semantics/semantics/call.k:11 kind=imports attrs=[]
  imports MPY-METHODS
END_ITEM
ITEM 0210 /reference/reference-semantics/semantics/call.k:12 kind=imports attrs=[]
  imports MPY-BUILTINS
END_ITEM
ITEM 0211 /reference/reference-semantics/semantics/call.k:13 kind=imports attrs=[]
  imports MPY-FUNCTIONS
END_ITEM
ITEM 0212 /reference/reference-semantics/semantics/call.k:16 kind=rule attrs=['owise']
  rule <k> Attribute(V:Val, M:String) => boundMethodV(V, M) ... </k>

  // evaluate callee, then args ([owise]: problem-local Call interceptions beat this)
END_ITEM
ITEM 0213 /reference/reference-semantics/semantics/call.k:19 kind=syntax attrs=[]
  syntax KItem ::= #callee(Exprs)
END_ITEM
ITEM 0214 /reference/reference-semantics/semantics/call.k:20 kind=rule attrs=['owise']
  rule <k> Call(Fe:Expr, ARGS:Exprs) => Fe ~> #callee(ARGS) ... </k> [owise]
END_ITEM
ITEM 0215 /reference/reference-semantics/semantics/call.k:21 kind=rule attrs=[]
  rule <k> CV:Val ~> #callee(ARGS:Exprs) => #evalArgs(ARGS, .Vals, toCall(CV)) ... </k>

  // ==== dispatch on the callee value ========================================
END_ITEM
ITEM 0216 /reference/reference-semantics/semantics/call.k:24 kind=rule attrs=[]
  rule <k> #applyK(toCall(boundMethodV(OBJ:Val, M:String)), ACC:Vals) => applyMethod(OBJ, M, ACC) ... </k>
END_ITEM
ITEM 0217 /reference/reference-semantics/semantics/call.k:26 kind=rule attrs=[]
  rule <k> #applyK(toCall(builtinV("sum")), (OBJ:Iterable, .Vals)) => #sumAcc(OBJ, 0) ... </k>
END_ITEM
ITEM 0218 /reference/reference-semantics/semantics/call.k:27 kind=rule attrs=[]
  rule <k> #applyK(toCall(builtinV("all")), (OBJ:Iterable, .Vals)) => #allAcc(OBJ)    ... </k>
END_ITEM
ITEM 0219 /reference/reference-semantics/semantics/call.k:28 kind=rule attrs=[]
  rule <k> #applyK(toCall(builtinV("any")), (OBJ:Iterable, .Vals)) => #anyAcc(OBJ)    ... </k>
END_ITEM
ITEM 0220 /reference/reference-semantics/semantics/call.k:29 kind=rule attrs=[]
  rule <k> #applyK(toCall(builtinV("max")), (OBJ:Iterable, .Vals)) => #maxAcc0(OBJ)   ... </k>
END_ITEM
ITEM 0221 /reference/reference-semantics/semantics/call.k:30 kind=rule attrs=[]
  rule <k> #applyK(toCall(builtinV("min")), (OBJ:Iterable, .Vals)) => #minAcc0(OBJ)   ... </k>
END_ITEM
ITEM 0222 /reference/reference-semantics/semantics/call.k:31 kind=rule attrs=['owise']
  rule <k> #applyK(toCall(builtinV(BN:String)), ACC:Vals) => applyBuiltin(BN, ACC) ... </k> [owise]
END_ITEM
ITEM 0223 /reference/reference-semantics/semantics/call.k:32 kind=rule attrs=[]
  rule <k> #applyK(toCall(typeV(T:String)),     ACC:Vals) => applyBuiltin(T, ACC)  ... </k>

  // ==== heap-object arguments/receivers =====================================
  // Builtins and type calls READ structure — deref the first two arg positions
  // (covers len/sum/all/any/max/min/sorted/list/set + zip's pair). Mutating list
  // methods take the ref itself; every other method receiver is deref'd.
END_ITEM
ITEM 0224 /reference/reference-semantics/semantics/call.k:38 kind=rule attrs=['priority']
  rule <k> #applyK(toCall(builtinV(BN:String)), (ref(H:Int), REST:Vals))
        => #applyK(toCall(builtinV(BN)), (V, REST)) ... </k>
       <heap> ... H |-> V:Val ... </heap>
       [priority(40)]
END_ITEM
ITEM 0225 /reference/reference-semantics/semantics/call.k:42 kind=rule attrs=['priority']
  rule <k> #applyK(toCall(builtinV(BN:String)), (A:Val, ref(H:Int), REST:Vals))
        => #applyK(toCall(builtinV(BN)), (A, V, REST)) ... </k>
       <heap> ... H |-> V:Val ... </heap>
       requires notBool isRefV(A)
       [priority(40)]
END_ITEM
ITEM 0226 /reference/reference-semantics/semantics/call.k:47 kind=rule attrs=['priority']
  rule <k> #applyK(toCall(typeV(T:String)), (ref(H:Int), REST:Vals))
        => #applyK(toCall(typeV(T)), (V, REST)) ... </k>
       <heap> ... H |-> V:Val ... </heap>
       [priority(40)]
END_ITEM
ITEM 0227 /reference/reference-semantics/semantics/call.k:52 kind=syntax attrs=['function', 'total']
  syntax Bool ::= isMutMethod(String) [function, total]
END_ITEM
ITEM 0228 /reference/reference-semantics/semantics/call.k:53 kind=rule attrs=[]
  rule isMutMethod(M:String)
    => M ==String "append" orBool M ==String "sort" orBool M ==String "extend"
       orBool M ==String "insert" orBool M ==String "pop" orBool M ==String "remove"
END_ITEM
ITEM 0229 /reference/reference-semantics/semantics/call.k:56 kind=rule attrs=['priority']
  rule <k> #applyK(toCall(boundMethodV(ref(H:Int), M:String)), ACC:Vals)
        => #applyK(toCall(boundMethodV(V, M)), ACC) ... </k>
       <heap> ... H |-> V:Val ... </heap>
       requires notBool isMutMethod(M)
       [priority(40)]
  // non-mutating methods READ their heap-object arguments too (join's list);
  // mutators keep refs (append of a list into a list-of-lists stays aliased)
END_ITEM
ITEM 0230 /reference/reference-semantics/semantics/call.k:63 kind=rule attrs=['priority']
  rule <k> #applyK(toCall(boundMethodV(OBJ:Val, M:String)), (ref(H:Int), REST:Vals))
        => #applyK(toCall(boundMethodV(OBJ, M)), (V, REST)) ... </k>
       <heap> ... H |-> V:Val ... </heap>
       requires notBool isMutMethod(M) andBool notBool isRefV(OBJ)
       [priority(40)]
END_ITEM
ITEM 0231 /reference/reference-semantics/semantics/call.k:69 kind=rule attrs=[]
  rule <k> #applyK(toCall(closureVal(PNS:ParamNames, BODY:Stmts, DEFL:Int)), ACC:Vals) ~> CONT
        => #bindP(PNS, ACC) ~> BODY ~> #endcall </k>
       <env>     CALLERL:Int => NEWL </env>
       <scopes>   STORE:Map => STORE [ NEWL <- scope(.Map, parent(DEFL)) ] </scopes>
       <scopeLoc> NEWL:Int => NEWL +Int 1 </scopeLoc>
       <stack>   .List => ListItem(frame(CONT, CALLERL, NEWL)) ... </stack>

  // annotated closure: the frame starts with the captured freevar cells, its
  // parent is the module scope (all enclosing-local reads go through cells),
  // and the cellvars' fresh cells allocate before params bind (a cellvar param
  // then writes through its cell in #bindP).
END_ITEM
ITEM 0232 /reference/reference-semantics/semantics/call.k:80 kind=rule attrs=[]
  rule <k> #applyK(toCall(closureValC(PNS:ParamNames, CVS:ParamNames, BODY:Stmts, CM:Map)), ACC:Vals) ~> CONT
        => #allocCells(CVS) ~> #bindP(PNS, ACC) ~> BODY ~> #endcall </k>
       <env>     CALLERL:Int => NEWL </env>
       <scopes>   STORE:Map => STORE [ NEWL <- scope(CM [ "$cells" <- cellsMark(CVS) ], parent(0)) ] </scopes>
       <scopeLoc> NEWL:Int => NEWL +Int 1 </scopeLoc>
       <stack>   .List => ListItem(frame(CONT, CALLERL, NEWL)) ... </stack>
END_ITEM
ITEM 0233 /reference/reference-semantics/semantics/call.k:87 kind=syntax attrs=[]
  syntax KItem ::= #allocCells(ParamNames)
END_ITEM
ITEM 0234 /reference/reference-semantics/semantics/call.k:88 kind=rule attrs=[]
  rule <k> #allocCells(.ParamNames) => .K ... </k>
END_ITEM
ITEM 0235 /reference/reference-semantics/semantics/call.k:89 kind=rule attrs=[]
  rule <k> #allocCells((CV:String, R:ParamNames)) => #allocCells(R) ... </k>
       <env> L:Int </env>
       <scopes> ... L |-> scope(M:Map => M [ CV <- cellRef(N) ], _) ... </scopes>
       <heap>    H:Map => (N |-> cellV(noneV)) H </heap>
       <heapLoc> N:Int => N +Int 1 </heapLoc>
       requires notBool N in_keys(H)
END_ITEM
ITEM 0236 /reference/reference-semantics/semantics/call.k:95 kind=endmodule attrs=[]
endmodule
END_ITEM
ITEM 0237 /reference/reference-semantics/semantics/comprehension.k:3 kind=module attrs=[]
module MPY-COMPREHENSION
END_ITEM
ITEM 0238 /reference/reference-semantics/semantics/comprehension.k:4 kind=imports attrs=[]
  imports MPY-CORE
END_ITEM
ITEM 0239 /reference/reference-semantics/semantics/comprehension.k:5 kind=imports attrs=[]
  imports MPY-OPERATORS
END_ITEM
ITEM 0240 /reference/reference-semantics/semantics/comprehension.k:6 kind=imports attrs=[]
  imports MPY-LIST
END_ITEM
ITEM 0241 /reference/reference-semantics/semantics/comprehension.k:7 kind=imports attrs=[]
  imports MPY-CONTROLS
END_ITEM
ITEM 0242 /reference/reference-semantics/semantics/comprehension.k:8 kind=imports attrs=[]
  imports MPY-FUNCTIONS
END_ITEM
ITEM 0243 /reference/reference-semantics/semantics/comprehension.k:11 kind=rule attrs=[]
  rule ListComp(ELT:Expr, Gs:CompFors) => Call(closureExpr(.ParamNames, compBody(Gs, ELT)), .Exprs)
END_ITEM
ITEM 0244 /reference/reference-semantics/semantics/comprehension.k:12 kind=rule attrs=[]
  rule GenExp(ELT:Expr, Gs:CompFors)   => Call(closureExpr(.ParamNames, compBody(Gs, ELT)), .Exprs)
END_ITEM
ITEM 0245 /reference/reference-semantics/semantics/comprehension.k:14 kind=syntax attrs=['macro']
  syntax Stmts ::= compBody(CompFors, Expr) [macro]
END_ITEM
ITEM 0246 /reference/reference-semantics/semantics/comprehension.k:15 kind=rule attrs=[]
  rule compBody(Gs:CompFors, ELT:Expr)
    => Assign(Name("$acc"), ListExpr(.Exprs)) compNest(Gs, ELT) Return(Name("$acc"))
END_ITEM
ITEM 0247 /reference/reference-semantics/semantics/comprehension.k:18 kind=syntax attrs=['macro']
  syntax Stmt ::= compNest(CompFors, Expr) [macro-rec]
END_ITEM
ITEM 0248 /reference/reference-semantics/semantics/comprehension.k:19 kind=rule attrs=[]
  rule compNest(.CompFors, ELT:Expr)
    => Assign(Name("$acc"), BinOp("+", Name("$acc"), ListExpr(ELT)))
END_ITEM
ITEM 0249 /reference/reference-semantics/semantics/comprehension.k:21 kind=rule attrs=[]
  rule compNest((CompFor(T:Expr, ITER:Expr, Fs:Exprs) GRest:CompFors), ELT:Expr)
    => For(T, ITER, If(compGuard(Fs), compNest(GRest, ELT), .Stmts))
END_ITEM
ITEM 0250 /reference/reference-semantics/semantics/comprehension.k:24 kind=syntax attrs=['macro']
  syntax Expr ::= compGuard(Exprs) [macro]
END_ITEM
ITEM 0251 /reference/reference-semantics/semantics/comprehension.k:25 kind=rule attrs=[]
  rule compGuard(.Exprs)             => Bool(true)
END_ITEM
ITEM 0252 /reference/reference-semantics/semantics/comprehension.k:26 kind=rule attrs=[]
  rule compGuard((F:Expr, Fs:Exprs)) => BoolOp("and", (F, Fs))
END_ITEM
ITEM 0253 /reference/reference-semantics/semantics/comprehension.k:27 kind=endmodule attrs=[]
endmodule
END_ITEM
ITEM 0254 /reference/reference-semantics/semantics/concrete.k:8 kind=module attrs=[]
module MPY-CONCRETE
END_ITEM
ITEM 0255 /reference/reference-semantics/semantics/concrete.k:9 kind=imports attrs=[]
  imports MPY
END_ITEM
ITEM 0256 /reference/reference-semantics/semantics/concrete.k:13 kind=rule attrs=[]
  rule <k> Compare(list(A:ValSeq), CmpOp("==", list(B:ValSeq))) => deepEqVS(A, B, HP) ... </k>
       <heap> HP:Map </heap>
       requires hasRefVS(A) orBool hasRefVS(B)
END_ITEM
ITEM 0257 /reference/reference-semantics/semantics/concrete.k:16 kind=rule attrs=['priority']
  rule <k> Compare(list(A:ValSeq), CmpOp("!=", list(B:ValSeq))) => notBool deepEqVS(A, B, HP) ... </k>
       <heap> HP:Map </heap>
       requires hasRefVS(A) orBool hasRefVS(B)

  // ==== keyed sort, concrete leg ============================================
  // Computes each key by a REAL call through the uniform #callee machinery
  // (closures, len, type objects all work), stable-inserts on the key, and
  // allocates the result. priority(40) beats sort.k's opaque rules, so krun
  // runs this and proofs (which never see MPY-CONCRETE) keep sortKeyVS.
END_ITEM
ITEM 0258 /reference/reference-semantics/semantics/concrete.k:25 kind=syntax attrs=[]
  syntax Val ::= kvP(Val, Val)
END_ITEM
ITEM 0259 /reference/reference-semantics/semantics/concrete.k:26 kind=syntax attrs=[]
  syntax KItem ::= #ksort(ValSeq, Val, ValSeq, Bool)
                 | #ksIns(Val, ValSeq, Val, ValSeq, Bool)
END_ITEM
ITEM 0260 /reference/reference-semantics/semantics/concrete.k:28 kind=rule attrs=['priority']
  rule <k> #applyK(toCall(builtinV("sorted")), (list(VS:ValSeq), kwV("key", KV:Val), .Vals))
        => #ksort(VS, KV, .ValSeq, false) ... </k>
       [priority(40)]
END_ITEM
ITEM 0261 /reference/reference-semantics/semantics/concrete.k:31 kind=rule attrs=['priority']
  rule <k> #applyK(toCall(builtinV("sorted")), (list(VS:ValSeq), kwV("key", KV:Val), kwV("reverse", RB:Bool), .Vals))
        => #ksort(VS, KV, .ValSeq, RB) ... </k>
       [priority(40)]
END_ITEM
ITEM 0262 /reference/reference-semantics/semantics/concrete.k:34 kind=rule attrs=[]
  rule <k> #ksort(.ValSeq, _:Val, ACC:ValSeq, RB:Bool)
        => #alloc(list(condRev(unpairVS(ACC), RB))) ... </k>
END_ITEM
ITEM 0263 /reference/reference-semantics/semantics/concrete.k:36 kind=rule attrs=[]
  rule <k> #ksort(vCons(V:Val, R:ValSeq), KV:Val, ACC:ValSeq, RB:Bool)
        => KV ~> #callee((V, .Exprs)) ~> #ksIns(V, R, KV, ACC, RB) ... </k>
END_ITEM
ITEM 0264 /reference/reference-semantics/semantics/concrete.k:38 kind=rule attrs=[]
  rule <k> K:Val ~> #ksIns(V:Val, R:ValSeq, KV:Val, ACC:ValSeq, RB:Bool)
        => #ksort(R, KV, insPair(ACC, K, V), RB) ... </k>
       requires notBool isKwV(K)
END_ITEM
ITEM 0265 /reference/reference-semantics/semantics/concrete.k:42 kind=syntax attrs=['function']
  syntax ValSeq ::= insPair(ValSeq, Val, Val) [function]
END_ITEM
ITEM 0266 /reference/reference-semantics/semantics/concrete.k:43 kind=rule attrs=[]
  rule insPair(.ValSeq, K:Val, V:Val) => vCons(kvP(K, V), .ValSeq)
END_ITEM
ITEM 0267 /reference/reference-semantics/semantics/concrete.k:44 kind=rule attrs=[]
  rule insPair(vCons(kvP(K2:Val, V2:Val), R:ValSeq), K:Val, V:Val)
    => vCons(kvP(K, V), vCons(kvP(K2, V2), R))
       requires kLt(K, K2)
END_ITEM
ITEM 0268 /reference/reference-semantics/semantics/concrete.k:47 kind=rule attrs=[]
  rule insPair(vCons(kvP(K2:Val, V2:Val), R:ValSeq), K:Val, V:Val)
    => vCons(kvP(K2, V2), insPair(R, K, V))
       requires notBool kLt(K, K2)
END_ITEM
ITEM 0269 /reference/reference-semantics/semantics/concrete.k:51 kind=syntax attrs=['function']
  syntax Bool ::= kLt(Val, Val) [function]
END_ITEM
ITEM 0270 /reference/reference-semantics/semantics/concrete.k:52 kind=rule attrs=[]
  rule kLt(I1:Int, I2:Int)             => I1 <Int I2
END_ITEM
ITEM 0271 /reference/reference-semantics/semantics/concrete.k:53 kind=rule attrs=[]
  rule kLt(F1:Float, F2:Float)         => F1 <Float F2
END_ITEM
ITEM 0272 /reference/reference-semantics/semantics/concrete.k:54 kind=rule attrs=[]
  rule kLt(str(A:IntSeq), str(B:IntSeq)) => strLt(A, B)
END_ITEM
ITEM 0273 /reference/reference-semantics/semantics/concrete.k:56 kind=syntax attrs=['function', 'total']
  syntax ValSeq ::= unpairVS(ValSeq) [function, total]
END_ITEM
ITEM 0274 /reference/reference-semantics/semantics/concrete.k:57 kind=rule attrs=[]
  rule unpairVS(.ValSeq) => .ValSeq
END_ITEM
ITEM 0275 /reference/reference-semantics/semantics/concrete.k:58 kind=rule attrs=[]
  rule unpairVS(vCons(kvP(_:Val, V:Val), R:ValSeq)) => vCons(V, unpairVS(R))
END_ITEM
ITEM 0276 /reference/reference-semantics/semantics/concrete.k:59 kind=rule attrs=['owise']
  rule unpairVS(vCons(V:Val, R:ValSeq)) => vCons(V, unpairVS(R)) [owise]
END_ITEM
ITEM 0277 /reference/reference-semantics/semantics/concrete.k:60 kind=endmodule attrs=[]
endmodule
END_ITEM
ITEM 0278 /reference/reference-semantics/semantics/controls.k:3 kind=module attrs=[]
module MPY-CONTROLS
END_ITEM
ITEM 0279 /reference/reference-semantics/semantics/controls.k:4 kind=imports attrs=[]
  imports MPY-CORE
END_ITEM
ITEM 0280 /reference/reference-semantics/semantics/controls.k:5 kind=imports attrs=[]
  imports MPY-TUPLE
END_ITEM
ITEM 0281 /reference/reference-semantics/semantics/controls.k:6 kind=imports attrs=[]
  imports MPY-ITER
END_ITEM
ITEM 0282 /reference/reference-semantics/semantics/controls.k:9 kind=rule attrs=[]
  rule <k> Assign(Name(X:String), V:Val) => .K ... </k>
       <env> L:Int </env>
       <scopes> ... L |-> scope(M:Map => M [ X <- V ], _) ... </scopes>
END_ITEM
ITEM 0283 /reference/reference-semantics/semantics/controls.k:12 kind=rule attrs=['priority']
  rule <k> Assign(Name(X:String), V:Val) => #cellW({M[X]}:>Val, V) ... </k>
       <env> L:Int </env>
       <scopes> ... L |-> scope(M:Map, _) ... </scopes>
       requires "$cells" in_keys(M)
        andBool pnMember(X, cellsOf({M["$cells"]}:>Val))
        andBool X in_keys(M) andBool isCellRef({M[X]}:>Val)
       [priority(40)]
END_ITEM
ITEM 0284 /reference/reference-semantics/semantics/controls.k:20 kind=rule attrs=[]
  rule <k> AugAssign(Name(X:String), OP:String, V:Val) => .K ... </k>
       <env> L:Int </env>
       <scopes> ... L |-> scope(M:Map => M [ X <- applyBin(OP, {M[X]}:>Val, V) ], _) ... </scopes>
       requires X in_keys(M)
  // `lst += [..]` where lst is a heap ref: the generic rule leaves applyBin(OP, ref, V) — but the
  // ref-deref preemption is BinOp-level (operators.k), so applyBin never derefs and it sticks. Route
  // the ref case through BinOp so the deref + list-concat + #alloc path fires (result is a fresh ref).
END_ITEM
ITEM 0285 /reference/reference-semantics/semantics/controls.k:27 kind=rule attrs=['priority']
  rule <k> AugAssign(Name(X:String), OP:String, V:Val) => Assign(Name(X), BinOp(OP, Name(X), V)) ... </k>
       <env> L:Int </env>
       <scopes> ... L |-> scope(M:Map, _) ... </scopes>
       requires X in_keys(M) andBool isRefV({M[X]}:>Val)
       [priority(40)]

  // ==== import trivia: `from math import floor, ceil` binds the supported
  // names as builtins in the current scope; every other import is a no-op
END_ITEM
ITEM 0286 /reference/reference-semantics/semantics/controls.k:35 kind=rule attrs=[]
  rule <k> ImportFrom("math", NS:ParamNames) => #bindImports(NS) ... </k>
END_ITEM
ITEM 0287 /reference/reference-semantics/semantics/controls.k:36 kind=rule attrs=['owise']
  rule <k> ImportFrom(_:String, _:ParamNames) => .K ... </k> [owise]
END_ITEM
ITEM 0288 /reference/reference-semantics/semantics/controls.k:37 kind=syntax attrs=[]
  syntax KItem ::= #bindImports(ParamNames)
END_ITEM
ITEM 0289 /reference/reference-semantics/semantics/controls.k:38 kind=rule attrs=[]
  rule <k> #bindImports(.ParamNames) => .K ... </k>
END_ITEM
ITEM 0290 /reference/reference-semantics/semantics/controls.k:39 kind=rule attrs=[]
  rule <k> #bindImports((N:String, NS:ParamNames)) => #bindImports(NS) ... </k>
       <env> L:Int </env>
       <scopes> ... L |-> scope(M:Map => M [ N <- builtinV(N) ], _) ... </scopes>
       requires N ==String "floor" orBool N ==String "ceil"
END_ITEM
ITEM 0291 /reference/reference-semantics/semantics/controls.k:43 kind=rule attrs=[]
  rule <k> #bindImports((N:String, NS:ParamNames)) => #bindImports(NS) ... </k>
       requires notBool (N ==String "floor" orBool N ==String "ceil")

  // ==== Expr statement: evaluate for effect, discard the value ===============
  // (bare calls — mutator methods, docstrings; the WP0 statement-trivia rung)
END_ITEM
ITEM 0292 /reference/reference-semantics/semantics/controls.k:48 kind=rule attrs=[]
  rule <k> Expr(_:Val) => .K ... </k>

  // ==== If (condition evaluated by strictness) ==============================
END_ITEM
ITEM 0293 /reference/reference-semantics/semantics/controls.k:51 kind=syntax attrs=[]
  syntax KItem ::= #branch(Bool, Stmts, Stmts)
END_ITEM
ITEM 0294 /reference/reference-semantics/semantics/controls.k:52 kind=rule attrs=[]
  rule <k> If(C:Val, T:Stmts, E:Stmts) => #branch(truthy(C), T, E) ... </k>
END_ITEM
ITEM 0295 /reference/reference-semantics/semantics/controls.k:53 kind=rule attrs=[]
  rule <k> #branch(true,  T:Stmts, _:Stmts) => T ... </k>
END_ITEM
ITEM 0296 /reference/reference-semantics/semantics/controls.k:54 kind=rule attrs=[]
  rule <k> #branch(false, _:Stmts, E:Stmts) => E ... </k>

  // ==== IfExp: ternary T if C else E ========================================
END_ITEM
ITEM 0297 /reference/reference-semantics/semantics/controls.k:57 kind=rule attrs=[]
  rule <k> IfExp(V:Val, T:Expr, _:Expr) => T ... </k>
       requires truthy(V)
END_ITEM
ITEM 0298 /reference/reference-semantics/semantics/controls.k:59 kind=rule attrs=[]
  rule <k> IfExp(V:Val, _:Expr, E:Expr) => E ... </k>
       requires notBool truthy(V)

  // ==== For: one loop, in-cell continuation, over #iterNext =================
  // (the iterable is evaluated once, by strictness; the protocol stays rewrites —
  // circularities anchor on #loop and narrowing substitutes the structure)
END_ITEM
ITEM 0299 /reference/reference-semantics/semantics/controls.k:65 kind=syntax attrs=[]
  syntax KItem ::= #loop(Val, Expr, Stmts) | #loopStep(Expr, Stmts)
                 | #while(Expr, Stmts) | #whileCond(Expr, Stmts)
                 | #loopLbl(K) | "#cont" | "#brk"
END_ITEM
ITEM 0300 /reference/reference-semantics/semantics/controls.k:69 kind=rule attrs=[]
  rule <k> For(T:Expr, OBJ:Val, B:Stmts) => #loop(OBJ, T, B) ... </k>
END_ITEM
ITEM 0301 /reference/reference-semantics/semantics/controls.k:71 kind=rule attrs=[]
  rule <k> #loop(IT:Iterable, T:Expr, B:Stmts) => #iterNext(IT) ~> #loopStep(T, B) ... </k>
END_ITEM
ITEM 0302 /reference/reference-semantics/semantics/controls.k:72 kind=rule attrs=[]
  rule <k> #iterDone ~> #loopStep(_:Expr, _:Stmts) => .K ... </k>
END_ITEM
ITEM 0303 /reference/reference-semantics/semantics/controls.k:73 kind=rule attrs=[]
  rule <k> #iterYield(V:Val, REST:Iterable) ~> #loopStep(T:Expr, B:Stmts)
        => #bindTgt(T, V) ~> B ~> #loopLbl(#loop(REST, T, B)) ... </k>

  // ==== While ==============================================================
END_ITEM
ITEM 0304 /reference/reference-semantics/semantics/controls.k:77 kind=rule attrs=[]
  rule <k> While(C:Expr, B:Stmts) => #while(C, B) ... </k>
END_ITEM
ITEM 0305 /reference/reference-semantics/semantics/controls.k:78 kind=rule attrs=[]
  rule <k> #while(C:Expr, B:Stmts) => C ~> #whileCond(C, B) ... </k>
END_ITEM
ITEM 0306 /reference/reference-semantics/semantics/controls.k:79 kind=rule attrs=[]
  rule <k> V:Val ~> #whileCond(C:Expr, B:Stmts) => B ~> #loopLbl(#while(C, B)) ... </k>
       requires truthy(V)
END_ITEM
ITEM 0307 /reference/reference-semantics/semantics/controls.k:81 kind=rule attrs=[]
  rule <k> V:Val ~> #whileCond(_C:Expr, _B:Stmts) => .K ... </k>
       requires notBool truthy(V)

  // ==== loop control (break / continue) =====================================
END_ITEM
ITEM 0308 /reference/reference-semantics/semantics/controls.k:85 kind=rule attrs=[]
  rule <k> #loopLbl(NEXT:K) => NEXT ... </k>
END_ITEM
ITEM 0309 /reference/reference-semantics/semantics/controls.k:86 kind=rule attrs=[]
  rule <k> Continue => #cont ... </k>
END_ITEM
ITEM 0310 /reference/reference-semantics/semantics/controls.k:87 kind=rule attrs=[]
  rule <k> Break => #brk ... </k>
END_ITEM
ITEM 0311 /reference/reference-semantics/semantics/controls.k:88 kind=rule attrs=[]
  rule <k> #cont ~> #loopLbl(NEXT:K) => NEXT ... </k>
END_ITEM
ITEM 0312 /reference/reference-semantics/semantics/controls.k:89 kind=rule attrs=['owise']
  rule <k> #cont ~> (_:KItem => .K) ... </k> [owise]
END_ITEM
ITEM 0313 /reference/reference-semantics/semantics/controls.k:90 kind=rule attrs=[]
  rule <k> #brk ~> #loopLbl(_:K) => .K ... </k>
END_ITEM
ITEM 0314 /reference/reference-semantics/semantics/controls.k:91 kind=rule attrs=['priority', 'owise']
  rule <k> #brk ~> (_:KItem => .K) ... </k> [owise]

  // ==== heap-object deref at the truthiness/iteration consumers ==============
  // (priority(40) preempts the generic Val rules so truthy/#loop never see a ref)
END_ITEM
ITEM 0315 /reference/reference-semantics/semantics/controls.k:95 kind=rule attrs=['priority']
  rule <k> If(ref(H:Int), T:Stmts, E:Stmts) => If(V, T, E) ... </k>
       <heap> ... H |-> V:Val ... </heap>
       [priority(40)]
END_ITEM
ITEM 0316 /reference/reference-semantics/semantics/controls.k:98 kind=rule attrs=['priority']
  rule <k> IfExp(ref(H:Int), T:Expr, E:Expr) => IfExp(V, T, E) ... </k>
       <heap> ... H |-> V:Val ... </heap>
       [priority(40)]
END_ITEM
ITEM 0317 /reference/reference-semantics/semantics/controls.k:101 kind=rule attrs=['priority']
  rule <k> ref(H:Int) ~> #whileCond(C:Expr, B:Stmts) => V ~> #whileCond(C, B) ... </k>
       <heap> ... H |-> V:Val ... </heap>
       [priority(40)]
  // For derefs its iterable ONCE at loop start (iteration is over the snapshot;
  // mutating the iterated list inside its own loop is outside the subset)
END_ITEM
ITEM 0318 /reference/reference-semantics/semantics/controls.k:106 kind=rule attrs=['priority']
  rule <k> For(T:Expr, ref(H:Int), B:Stmts) => For(T, V, B) ... </k>
       <heap> ... H |-> V:Val ... </heap>
       [priority(40)]
END_ITEM
ITEM 0319 /reference/reference-semantics/semantics/controls.k:109 kind=endmodule attrs=[]
endmodule
END_ITEM
ITEM 0320 /reference/reference-semantics/semantics/core.k:3 kind=module attrs=[]
module MPY-CORE
END_ITEM
ITEM 0321 /reference/reference-semantics/semantics/core.k:4 kind=imports attrs=[]
  imports MPY-SYNTAX
END_ITEM
ITEM 0322 /reference/reference-semantics/semantics/core.k:5 kind=imports attrs=[]
  imports INT
END_ITEM
ITEM 0323 /reference/reference-semantics/semantics/core.k:6 kind=imports attrs=[]
  imports BOOL
END_ITEM
ITEM 0324 /reference/reference-semantics/semantics/core.k:7 kind=imports attrs=[]
  imports STRING
END_ITEM
ITEM 0325 /reference/reference-semantics/semantics/core.k:8 kind=imports attrs=[]
  imports MAP
END_ITEM
ITEM 0326 /reference/reference-semantics/semantics/core.k:9 kind=imports attrs=[]
  imports LIST
END_ITEM
ITEM 0327 /reference/reference-semantics/semantics/core.k:10 kind=imports attrs=[]
  imports K-EQUAL
END_ITEM
ITEM 0328 /reference/reference-semantics/semantics/core.k:13 kind=syntax attrs=[]
  syntax IntSeq ::= ".IntSeq" | iCons(Int, IntSeq)
END_ITEM
ITEM 0329 /reference/reference-semantics/semantics/core.k:14 kind=syntax attrs=[]
  syntax ValSeq ::= ".ValSeq" | vCons(Val, ValSeq)
END_ITEM
ITEM 0330 /reference/reference-semantics/semantics/core.k:15 kind=syntax attrs=[]
  syntax Str    ::= str(IntSeq)

  // the iterable values, grouped under one sort (typing only — dispatch is <k>-cell)
END_ITEM
ITEM 0331 /reference/reference-semantics/semantics/core.k:18 kind=syntax attrs=[]
  syntax Iterable ::= list(ValSeq)
                    | tuple(ValSeq)
                    | Str
                    | rangeObj(Int, Int, Int)
                    | zipObj(ValSeq, ValSeq)
                    | zipObjS(IntSeq, IntSeq)
END_ITEM
ITEM 0332 /reference/reference-semantics/semantics/core.k:25 kind=syntax attrs=['function']
  syntax Val      ::= Int
                    | Bool
                    | "noneV"
                    | Iterable
                    | ref(Int)          // a heap object: <heap> holds its list(VS)
                    | cellRef(Int)      // a closure cell: <heap> holds cellV(V)
                    | closureVal(ParamNames, Stmts, Int)
                    | typeV(String)     // a type object (int/str), resolved from the builtins frame
                    | builtinV(String)  // a builtin function, resolved like any name (LEGB fallthrough)
                    | boundMethodV(Val, String)   // a cooled Attribute: obj.method
END_ITEM
ITEM 0333 /reference/reference-semantics/semantics/core.k:36 kind=syntax attrs=[]
  syntax Parent   ::= "root" | parent(Int)
END_ITEM
ITEM 0334 /reference/reference-semantics/semantics/core.k:37 kind=syntax attrs=[]
  syntax Scope    ::= scope(Map, Parent)
END_ITEM
ITEM 0335 /reference/reference-semantics/semantics/core.k:38 kind=syntax attrs=[]
  syntax KResult  ::= Val
END_ITEM
ITEM 0336 /reference/reference-semantics/semantics/core.k:39 kind=syntax attrs=[]
  syntax Expr     ::= Val   // cooling puts results back into expression holes
END_ITEM
ITEM 0337 /reference/reference-semantics/semantics/core.k:40 kind=syntax attrs=[]
  syntax Vals     ::= List{Val, ","}
END_ITEM
ITEM 0338 /reference/reference-semantics/semantics/core.k:41 kind=syntax attrs=[]
  syntax Exc      ::= "NoExc" | "AssertionError"
END_ITEM
ITEM 0339 /reference/reference-semantics/semantics/core.k:42 kind=syntax attrs=[]
  syntax RetState ::= "noRet" | retV(Val)

  // ==== configuration =======================================================
  // The builtins namespace is a real scope at reserved location -1 (the bottom of every
  // chain; scopeLoc only allocates >=1, so -1 never collides). The module scope (loc 0)
  // has it as parent, so an unbound name resolves there last — exactly LEGB. `int`/`str`
  // resolve to their type objects; any local/global binding shadows them via normal lookup.
END_ITEM
ITEM 0340 /reference/reference-semantics/semantics/core.k:49 kind=configuration attrs=[]
  configuration
    <k>       #loadAll($PGM:Module) </k>
    <env>     0 </env>
    <scopes>   0     |-> scope(.Map, parent(-1))
              -1    |-> builtinsScope </scopes>
    <scopeLoc> 1 </scopeLoc>
    <heap>    .Map </heap>
    <heapLoc> 0 </heapLoc>
    <stack>   .List </stack>
    <ret>     noRet </ret>
    <exc>     NoExc </exc>
    <exit-code exit=""> 0 </exit-code>

  // ==== heap allocation (constructed lists become objects) ==================
  // Cons-form emission with a freshness guard (the heap-list-probe discipline:
  // an update-form H[N <- _] never re-normalizes symbolically). heapLoc is
  // monotonic — it does NOT wind back at #pop: returned lists escape by ref.
  // A bare list(VS) Val stays legal (read-only inputs in claims flow unboxed);
  // only CONSTRUCTORS in program syntax allocate.
END_ITEM
ITEM 0341 /reference/reference-semantics/semantics/core.k:68 kind=syntax attrs=['function', 'total']
  syntax Bool ::= isRefV(Val) [function, total]
END_ITEM
ITEM 0342 /reference/reference-semantics/semantics/core.k:69 kind=rule attrs=[]
  rule isRefV(ref(_:Int)) => true
END_ITEM
ITEM 0343 /reference/reference-semantics/semantics/core.k:70 kind=rule attrs=['owise']
  rule isRefV(_:Val)      => false [owise]

  // closure cells (Python-faithful capture): the heap holds cellV(V); a
  // cellRef surfacing as the k-redex reads through (lookup is the only use —
  // cellRefs never escape to user-visible values)
END_ITEM
ITEM 0344 /reference/reference-semantics/semantics/core.k:75 kind=syntax attrs=[]
  syntax HeapVal ::= cellV(Val)
END_ITEM
ITEM 0345 /reference/reference-semantics/semantics/core.k:76 kind=syntax attrs=['function', 'total']
  syntax Bool ::= isCellRef(Val) [function, total]
END_ITEM
ITEM 0346 /reference/reference-semantics/semantics/core.k:77 kind=rule attrs=[]
  rule isCellRef(cellRef(_:Int)) => true
END_ITEM
ITEM 0347 /reference/reference-semantics/semantics/core.k:78 kind=rule attrs=['function', 'owise']
  rule isCellRef(_:Val)          => false [owise]
  // k-top deref for cell-bound reads surfacing INSIDE the annotated frame
  // (AugAssign's in-place read and friends). The "$cells" guard keeps this
  // DECIDABLY inapplicable in plain frames — an unguarded rule lets the
  // prover narrow abstract k-top values into cellRef junk (probed on
  // 26-remove-duplicates). Cross-frame reads (a comprehension closure
  // reading the enclosing function's cellvar) deref inside #look instead.
END_ITEM
ITEM 0348 /reference/reference-semantics/semantics/core.k:85 kind=rule attrs=['priority']
  rule <k> cellRef(H:Int) => V ... </k>
       <env> L:Int </env>
       <scopes> ... L |-> scope(M:Map, _) ... </scopes>
       <heap> ... H |-> cellV(V:Val) ... </heap>
       requires "$cells" in_keys(M)
       [priority(40)]

  // write through a cell (Assign / #bindP / #bindTgt dispatch here on
  // cell-bound names)
  // a keyword argument cools to a TAGGED value (consumed by kw-aware builtins)
END_ITEM
ITEM 0349 /reference/reference-semantics/semantics/core.k:95 kind=syntax attrs=[]
  syntax Val ::= kwV(String, Val)
END_ITEM
ITEM 0350 /reference/reference-semantics/semantics/core.k:96 kind=syntax attrs=[]
  syntax KItem ::= #kwTag(String)
END_ITEM
ITEM 0351 /reference/reference-semantics/semantics/core.k:97 kind=rule attrs=[]
  rule <k> KwArg(N:String, E:Expr) => E ~> #kwTag(N) ... </k>
END_ITEM
ITEM 0352 /reference/reference-semantics/semantics/core.k:98 kind=rule attrs=[]
  rule <k> V:Val ~> #kwTag(N:String) => kwV(N, V) ... </k>
       requires notBool isKwV(V)
END_ITEM
ITEM 0353 /reference/reference-semantics/semantics/core.k:100 kind=syntax attrs=['function', 'total']
  syntax Bool ::= isKwV(Val) [function, total]
END_ITEM
ITEM 0354 /reference/reference-semantics/semantics/core.k:101 kind=rule attrs=[]
  rule isKwV(kwV(_:String, _:Val)) => true
END_ITEM
ITEM 0355 /reference/reference-semantics/semantics/core.k:102 kind=rule attrs=['owise']
  rule isKwV(_:Val)                => false [owise]

  // the frame marker carries the CONCRETE cellvar list, so cell-write dispatch
  // decides by pnMember even over an abstract frame rest (no prover branching)
END_ITEM
ITEM 0356 /reference/reference-semantics/semantics/core.k:106 kind=syntax attrs=[]
  syntax Val ::= cellsMark(ParamNames)
END_ITEM
ITEM 0357 /reference/reference-semantics/semantics/core.k:107 kind=syntax attrs=['function']
  syntax ParamNames ::= cellsOf(Val) [function]
END_ITEM
ITEM 0358 /reference/reference-semantics/semantics/core.k:108 kind=rule attrs=[]
  rule cellsOf(cellsMark(CVS:ParamNames)) => CVS
END_ITEM
ITEM 0359 /reference/reference-semantics/semantics/core.k:109 kind=syntax attrs=['function', 'total']
  syntax Bool ::= pnMember(String, ParamNames) [function, total]
END_ITEM
ITEM 0360 /reference/reference-semantics/semantics/core.k:110 kind=rule attrs=[]
  rule pnMember(_:String, .ParamNames) => false
END_ITEM
ITEM 0361 /reference/reference-semantics/semantics/core.k:111 kind=rule attrs=[]
  rule pnMember(X:String, (P:String, R:ParamNames)) => X ==String P orBool pnMember(X, R)
END_ITEM
ITEM 0362 /reference/reference-semantics/semantics/core.k:113 kind=syntax attrs=[]
  syntax KItem ::= #cellW(Val, Val)
END_ITEM
ITEM 0363 /reference/reference-semantics/semantics/core.k:114 kind=rule attrs=[]
  rule <k> #cellW(cellRef(H:Int), V:Val) => .K ... </k>
       <heap> ... H |-> cellV(_:Val => V) ... </heap>
END_ITEM
ITEM 0364 /reference/reference-semantics/semantics/core.k:117 kind=syntax attrs=[]
  syntax KItem ::= #alloc(Val)
END_ITEM
ITEM 0365 /reference/reference-semantics/semantics/core.k:118 kind=rule attrs=[]
  rule <k> #alloc(V:Val) => ref(N) ... </k>
       <heap>    H:Map => (N |-> V) H </heap>
       <heapLoc> N:Int => N +Int 1 </heapLoc>
       requires notBool N in_keys(H)

  // ==== module load + statement sequencing ==================================
END_ITEM
ITEM 0366 /reference/reference-semantics/semantics/core.k:124 kind=syntax attrs=[]
  syntax KItem ::= #loadAll(Module)
END_ITEM
ITEM 0367 /reference/reference-semantics/semantics/core.k:125 kind=rule attrs=[]
  rule <k> #loadAll(Module(SS:Stmts)) => SS ... </k>
END_ITEM
ITEM 0368 /reference/reference-semantics/semantics/core.k:126 kind=rule attrs=[]
  rule <k> (S:Stmt SS:Stmts):Stmts => S ~> SS ... </k>
END_ITEM
ITEM 0369 /reference/reference-semantics/semantics/core.k:127 kind=rule attrs=[]
  rule <k> .Stmts => .K ... </k>

  // ==== Name lookup (walk the scope chain; builtins live in the -1 scope) ====
END_ITEM
ITEM 0370 /reference/reference-semantics/semantics/core.k:130 kind=syntax attrs=[]
  syntax KItem ::= #look(String, Int)
END_ITEM
ITEM 0371 /reference/reference-semantics/semantics/core.k:131 kind=rule attrs=[]
  rule <k> Name(X:String) => #look(X, L) ... </k> <env> L:Int </env>
END_ITEM
ITEM 0372 /reference/reference-semantics/semantics/core.k:132 kind=rule attrs=['function', 'priority']
  rule <k> #look(X:String, L:Int) => {M[X]}:>Val ... </k>
       <scopes> ... L |-> scope(M:Map, _:Parent) ... </scopes>
       requires X in_keys(M)
  // a SYNTACTICALLY cell-bound name reads through the heap cell AT THE
  // LOOKUP (higher priority beats the plain return above on concrete cell
  // bindings; abstract claim values take the plain rule unchanged) — this
  // covers cross-frame cell reads (a comprehension closure reading the
  // enclosing function's cellvar) without a narrowing-prone k-top redex
  // guarded on the FOUND frame's DECLARED cellvars (pnMember over the
  // cellsMark): decidable for every concrete frame pin — plain frames and
  // non-cell names prune outright, so an abstract looked-up value never
  // drags a narrowing cellV heap match along (probed on 5-intersperse and
  // Q4's abstract `numbers` in the annotated frame)
END_ITEM
ITEM 0373 /reference/reference-semantics/semantics/core.k:145 kind=rule attrs=['priority']
  rule <k> #look(X:String, L:Int) => V ... </k>
       <scopes> ... L |-> scope(M:Map, _:Parent) ... </scopes>
       <heap> ... H |-> cellV(V:Val) ... </heap>
       requires X in_keys(M) andBool "$cells" in_keys(M)
        andBool pnMember(X, cellsOf({M["$cells"]}:>Val))
        andBool {M[X]}:>Val ==K cellRef(H)
       [priority(40)]
END_ITEM
ITEM 0374 /reference/reference-semantics/semantics/core.k:152 kind=rule attrs=[]
  rule <k> #look(X:String, L:Int) => #look(X, P) ... </k>
       <scopes> ... L |-> scope(M:Map, parent(P:Int)) ... </scopes>
       requires notBool (X in_keys(M))

  // the ONE predefined builtins scope (the -1 frame; claims write `-1 |-> builtinsScope`)
END_ITEM
ITEM 0375 /reference/reference-semantics/semantics/core.k:157 kind=syntax attrs=['function', 'total']
  syntax Scope ::= "builtinsScope" [function, total]
END_ITEM
ITEM 0376 /reference/reference-semantics/semantics/core.k:158 kind=rule attrs=[]
  rule builtinsScope
    => scope(.Map [ "len"    <- builtinV("len")    ]
                  [ "set"    <- builtinV("set")    ]
                  [ "sum"    <- builtinV("sum")    ]
                  [ "abs"    <- builtinV("abs")    ]
                  [ "min"    <- builtinV("min")    ]
                  [ "max"    <- builtinV("max")    ]
                  [ "ord"    <- builtinV("ord")    ]
                  [ "chr"    <- builtinV("chr")    ]
                  [ "range"  <- builtinV("range")  ]
                  [ "all"    <- builtinV("all")    ]
                  [ "any"    <- builtinV("any")    ]
                  [ "zip"    <- builtinV("zip")    ]
                  [ "isinstance" <- builtinV("isinstance") ]
                  [ "sorted" <- builtinV("sorted") ]
                  [ "list"   <- builtinV("list")   ]
                  [ "round"  <- builtinV("round")  ]
                  [ "bin"    <- builtinV("bin")    ]
                  [ "enumerate" <- builtinV("enumerate") ]
                  [ "map"    <- builtinV("map")    ]
                  [ "eval"   <- builtinV("eval")   ]
                  [ "int"    <- typeV("int")       ]
                  [ "str"    <- typeV("str")       ]
                  [ "float"  <- typeV("float")     ], root)

  // ==== argument/element evaluation: ONE left-to-right loop, tagged by destination ==
  // (list/tuple literals and calls all use it; modules extend ApplyK with their tags)
END_ITEM
ITEM 0377 /reference/reference-semantics/semantics/core.k:185 kind=syntax attrs=[]
  syntax ApplyK ::= toCall(Val)
END_ITEM
ITEM 0378 /reference/reference-semantics/semantics/core.k:186 kind=syntax attrs=[]
  syntax KItem  ::= #evalArgs(Exprs, Vals, ApplyK)
                  | #evalArgCont(Exprs, Vals, ApplyK)
                  | #applyK(ApplyK, Vals)
END_ITEM
ITEM 0379 /reference/reference-semantics/semantics/core.k:189 kind=rule attrs=[]
  rule <k> #evalArgs((A:Expr, REST:Exprs), ACC:Vals, K:ApplyK) => A ~> #evalArgCont(REST, ACC, K) ... </k>
END_ITEM
ITEM 0380 /reference/reference-semantics/semantics/core.k:190 kind=rule attrs=[]
  rule <k> V:Val ~> #evalArgCont(REST:Exprs, ACC:Vals, K:ApplyK) => #evalArgs(REST, appendVal(ACC, V), K) ... </k>
END_ITEM
ITEM 0381 /reference/reference-semantics/semantics/core.k:191 kind=rule attrs=[]
  rule <k> #evalArgs(.Exprs, ACC:Vals, K:ApplyK) => #applyK(K, ACC) ... </k>

  // ==== Int / Bool / None literals ==========================================
END_ITEM
ITEM 0382 /reference/reference-semantics/semantics/core.k:194 kind=rule attrs=[]
  rule <k> Int(I:Int)   => I ... </k>
END_ITEM
ITEM 0383 /reference/reference-semantics/semantics/core.k:195 kind=rule attrs=[]
  rule <k> Bool(B:Bool) => B ... </k>
END_ITEM
ITEM 0384 /reference/reference-semantics/semantics/core.k:196 kind=rule attrs=[]
  rule <k> NoneVal      => noneV ... </k>

  // ==== truthy (If, Assert, BoolOp, IfExp, not, While) ======================
END_ITEM
ITEM 0385 /reference/reference-semantics/semantics/core.k:199 kind=syntax attrs=['function']
  syntax Bool ::= truthy(Val) [function]
END_ITEM
ITEM 0386 /reference/reference-semantics/semantics/core.k:200 kind=rule attrs=[]
  rule truthy(B:Bool)          => B
END_ITEM
ITEM 0387 /reference/reference-semantics/semantics/core.k:201 kind=rule attrs=[]
  rule truthy(noneV)           => false
END_ITEM
ITEM 0388 /reference/reference-semantics/semantics/core.k:202 kind=rule attrs=[]
  rule truthy(I:Int)           => I =/=Int 0
END_ITEM
ITEM 0389 /reference/reference-semantics/semantics/core.k:203 kind=rule attrs=[]
  rule truthy(str(S:IntSeq))   => notBool (S ==K .IntSeq)
END_ITEM
ITEM 0390 /reference/reference-semantics/semantics/core.k:204 kind=rule attrs=[]
  rule truthy(list(V:ValSeq))  => notBool (V ==K .ValSeq)
END_ITEM
ITEM 0391 /reference/reference-semantics/semantics/core.k:205 kind=rule attrs=[]
  rule truthy(tuple(V:ValSeq)) => notBool (V ==K .ValSeq)

  // ==== extensible operator dispatch (cases added by the construct modules) ==
END_ITEM
ITEM 0392 /reference/reference-semantics/semantics/core.k:208 kind=syntax attrs=['function']
  syntax Val  ::= applyUn(String, Val) [function]
END_ITEM
ITEM 0393 /reference/reference-semantics/semantics/core.k:209 kind=syntax attrs=['function']
  syntax Val  ::= applyBin(String, Val, Val) [function]
END_ITEM
ITEM 0394 /reference/reference-semantics/semantics/core.k:210 kind=syntax attrs=['function']
  syntax Bool ::= applyCmp(String, Val, Val) [function]

  // ==== shared list helpers =================================================
END_ITEM
ITEM 0395 /reference/reference-semantics/semantics/core.k:213 kind=syntax attrs=['function', 'total']
  syntax Vals ::= appendVal(Vals, Val) [function, total]
END_ITEM
ITEM 0396 /reference/reference-semantics/semantics/core.k:214 kind=rule attrs=[]
  rule appendVal(.Vals, V:Val)              => V , .Vals
END_ITEM
ITEM 0397 /reference/reference-semantics/semantics/core.k:215 kind=rule attrs=[]
  rule appendVal((V0:Val, VS:Vals), V:Val)  => V0 , appendVal(VS, V)
END_ITEM
ITEM 0398 /reference/reference-semantics/semantics/core.k:217 kind=syntax attrs=['function', 'total']
  syntax ValSeq ::= vals2valSeq(Vals) [function, total]
END_ITEM
ITEM 0399 /reference/reference-semantics/semantics/core.k:218 kind=rule attrs=[]
  rule vals2valSeq(.Vals)            => .ValSeq
END_ITEM
ITEM 0400 /reference/reference-semantics/semantics/core.k:219 kind=rule attrs=[]
  rule vals2valSeq((V:Val, VS:Vals)) => vCons(V, vals2valSeq(VS))

  // ==== shared sequence length (len / summaries across many modules) ========
  // (positional access valSeqAt/intSeqAt + normIdx live in subscript.k)
END_ITEM
ITEM 0401 /reference/reference-semantics/semantics/core.k:223 kind=syntax attrs=['function', 'total']
  syntax Int ::= vsLen(ValSeq) [function, total]
END_ITEM
ITEM 0402 /reference/reference-semantics/semantics/core.k:224 kind=rule attrs=[]
  rule vsLen(.ValSeq)                => 0
END_ITEM
ITEM 0403 /reference/reference-semantics/semantics/core.k:225 kind=rule attrs=[]
  rule vsLen(vCons(_:Val, S:ValSeq)) => 1 +Int vsLen(S)
END_ITEM
ITEM 0404 /reference/reference-semantics/semantics/core.k:227 kind=syntax attrs=['function', 'total']
  syntax Int ::= isLen(IntSeq) [function, total]
END_ITEM
ITEM 0405 /reference/reference-semantics/semantics/core.k:228 kind=rule attrs=[]
  rule isLen(.IntSeq)                => 0
END_ITEM
ITEM 0406 /reference/reference-semantics/semantics/core.k:229 kind=rule attrs=['total']
  rule isLen(iCons(_:Int, S:IntSeq)) => 1 +Int isLen(S)

  // in-bounds positional write (list subscript-assign); OOB leaves the seq unchanged
  // (valid programs write in-bounds — mirrors valSeqAt's total-but-underspecified stance)
END_ITEM
ITEM 0407 /reference/reference-semantics/semantics/core.k:233 kind=syntax attrs=['function', 'total']
  syntax ValSeq ::= setVSAt(ValSeq, Int, Val) [function, total]
END_ITEM
ITEM 0408 /reference/reference-semantics/semantics/core.k:234 kind=rule attrs=[]
  rule setVSAt(.ValSeq, _:Int, _:Val)               => .ValSeq
END_ITEM
ITEM 0409 /reference/reference-semantics/semantics/core.k:235 kind=rule attrs=[]
  rule setVSAt(vCons(_:Val, S:ValSeq), 0, V:Val)    => vCons(V, S)
END_ITEM
ITEM 0410 /reference/reference-semantics/semantics/core.k:236 kind=rule attrs=[]
  rule setVSAt(vCons(W:Val, S:ValSeq), I:Int, V:Val) => vCons(W, setVSAt(S, I -Int 1, V))
       requires I >Int 0
END_ITEM
ITEM 0411 /reference/reference-semantics/semantics/core.k:238 kind=rule attrs=[]
  rule setVSAt(VS:ValSeq, I:Int, _:Val)             => VS
       requires I <Int 0
END_ITEM
ITEM 0412 /reference/reference-semantics/semantics/core.k:240 kind=endmodule attrs=[]
endmodule
END_ITEM
ITEM 0413 /reference/reference-semantics/semantics/dict.k:13 kind=module attrs=[]
module MPY-DICT
END_ITEM
ITEM 0414 /reference/reference-semantics/semantics/dict.k:14 kind=imports attrs=[]
  imports MPY-CORE
END_ITEM
ITEM 0415 /reference/reference-semantics/semantics/dict.k:15 kind=imports attrs=[]
  imports MPY-ITER
END_ITEM
ITEM 0416 /reference/reference-semantics/semantics/dict.k:16 kind=imports attrs=[]
  imports MPY-METHODS
END_ITEM
ITEM 0417 /reference/reference-semantics/semantics/dict.k:17 kind=imports attrs=[]
  imports MPY-LIST
END_ITEM
ITEM 0418 /reference/reference-semantics/semantics/dict.k:20 kind=syntax attrs=[]
  syntax Val ::= dictV(ValSeq, ValSeq)

  // ==== DictExpr: {k: v, ...} literal. Eval each key then value, left to right, insert-with-dedup.
END_ITEM
ITEM 0419 /reference/reference-semantics/semantics/dict.k:23 kind=syntax attrs=[]
  syntax KItem ::= #dictAcc(Entries, ValSeq, ValSeq)
                 | #dictKey(Expr, Entries, ValSeq, ValSeq)
                 | #dictVal(Val, Entries, ValSeq, ValSeq)
END_ITEM
ITEM 0420 /reference/reference-semantics/semantics/dict.k:26 kind=rule attrs=[]
  rule <k> DictExpr(ES:Entries) => #dictAcc(ES, .ValSeq, .ValSeq) ... </k>
END_ITEM
ITEM 0421 /reference/reference-semantics/semantics/dict.k:27 kind=rule attrs=[]
  rule <k> #dictAcc(.Entries, KS:ValSeq, VS:ValSeq) => dictV(KS, VS) ... </k>
END_ITEM
ITEM 0422 /reference/reference-semantics/semantics/dict.k:28 kind=rule attrs=[]
  rule <k> #dictAcc((Entry(K:Expr, V:Expr), REST:Entries), KS:ValSeq, VS:ValSeq)
        => K ~> #dictKey(V, REST, KS, VS) ... </k>
END_ITEM
ITEM 0423 /reference/reference-semantics/semantics/dict.k:30 kind=rule attrs=[]
  rule <k> KV:Val ~> #dictKey(V:Expr, REST:Entries, KS:ValSeq, VS:ValSeq)
        => V ~> #dictVal(KV, REST, KS, VS) ... </k>
END_ITEM
ITEM 0424 /reference/reference-semantics/semantics/dict.k:32 kind=rule attrs=['total']
  rule <k> VV:Val ~> #dictVal(KV:Val, REST:Entries, KS:ValSeq, VS:ValSeq)
        => #dictAcc(REST, dPutK(KS, KV), dPutV(KS, VS, KV, VV)) ... </k>

  // insert-with-dedup helpers (concrete Val key equality via ==K). [total] so buildFold over a dict is
  // total (its #Ceil is #Top) — needed when a symbolic proof carries a built dict as a config value.
END_ITEM
ITEM 0425 /reference/reference-semantics/semantics/dict.k:37 kind=syntax attrs=['function', 'total']
  syntax Bool ::= dHasKey(ValSeq, Val) [function, total]
END_ITEM
ITEM 0426 /reference/reference-semantics/semantics/dict.k:38 kind=rule attrs=[]
  rule dHasKey(.ValSeq, _:Val)                => false
END_ITEM
ITEM 0427 /reference/reference-semantics/semantics/dict.k:39 kind=rule attrs=[]
  rule dHasKey(vCons(A:Val, _:ValSeq), K:Val) => true          requires A ==K K
END_ITEM
ITEM 0428 /reference/reference-semantics/semantics/dict.k:40 kind=rule attrs=[]
  rule dHasKey(vCons(A:Val, R:ValSeq), K:Val) => dHasKey(R, K) requires notBool (A ==K K)

  // dPutK: KS unchanged if K already present, else append K (keep-first-position).
END_ITEM
ITEM 0429 /reference/reference-semantics/semantics/dict.k:43 kind=syntax attrs=['function', 'total']
  syntax ValSeq ::= dPutK(ValSeq, Val) [function, total]
END_ITEM
ITEM 0430 /reference/reference-semantics/semantics/dict.k:44 kind=rule attrs=[]
  rule dPutK(KS:ValSeq, K:Val) => KS                                  requires dHasKey(KS, K)
END_ITEM
ITEM 0431 /reference/reference-semantics/semantics/dict.k:45 kind=rule attrs=['owise']
  rule dPutK(KS:ValSeq, K:Val) => valSeqConcat(KS, vCons(K, .ValSeq)) requires notBool dHasKey(KS, K)

  // dPutV: parallel to KS — set the value at K's position if present, else append V at the end. The
  // [owise] catch-all covers the degenerate mismatched-length case (never reached for a well-formed dict).
END_ITEM
ITEM 0432 /reference/reference-semantics/semantics/dict.k:49 kind=syntax attrs=['function', 'total']
  syntax ValSeq ::= dPutV(ValSeq, ValSeq, Val, Val) [function, total]
END_ITEM
ITEM 0433 /reference/reference-semantics/semantics/dict.k:50 kind=rule attrs=[]
  rule dPutV(vCons(A:Val, _:ValSeq), vCons(_:Val, VR:ValSeq), K:Val, V:Val)  => vCons(V, VR)
       requires A ==K K
END_ITEM
ITEM 0434 /reference/reference-semantics/semantics/dict.k:52 kind=rule attrs=[]
  rule dPutV(vCons(A:Val, KR:ValSeq), vCons(B:Val, VR:ValSeq), K:Val, V:Val) => vCons(B, dPutV(KR, VR, K, V))
       requires notBool (A ==K K)
END_ITEM
ITEM 0435 /reference/reference-semantics/semantics/dict.k:54 kind=rule attrs=['owise']
  rule dPutV(_KS:ValSeq, VS:ValSeq, _K:Val, V:Val) => valSeqConcat(VS, vCons(V, .ValSeq)) [owise]

  // ==== dict methods ========================================================
  // d.keys() -> a FRESH list object of the ordered keys (k-cell: it allocates).
END_ITEM
ITEM 0436 /reference/reference-semantics/semantics/dict.k:58 kind=rule attrs=['priority']
  rule <k> #applyK(toCall(boundMethodV(dictV(KS:ValSeq, _:ValSeq), "keys")), .Vals)
        => #alloc(list(KS)) ... </k>
       [priority(40)]

  // ==== dict subscript READ: d[k] (assoc lookup; KeyError is out of subset) ==
END_ITEM
ITEM 0437 /reference/reference-semantics/semantics/dict.k:63 kind=rule attrs=[]
  rule applyIndexD(dictV(KS:ValSeq, VS:ValSeq), K:Val) => dGet(KS, VS, K)
END_ITEM
ITEM 0438 /reference/reference-semantics/semantics/dict.k:64 kind=syntax attrs=['function']
  syntax Val ::= applyIndexD(Val, Val) [function]
END_ITEM
ITEM 0439 /reference/reference-semantics/semantics/dict.k:65 kind=rule attrs=['priority']
  rule <k> Subscript(dictV(KS:ValSeq, VS:ValSeq), K:Val) => applyIndexD(dictV(KS, VS), K) ... </k>
       [priority(45)]

  // ==== dict subscript-assign: d[k] = v (insert/update in place) =============
  // Only for a LOCAL dict variable X (the current scope holds it). Reuses dPutK/dPutV.
END_ITEM
ITEM 0440 /reference/reference-semantics/semantics/dict.k:70 kind=syntax attrs=['function']
  syntax Val ::= dictSet(Val, Val, Val) [function]
END_ITEM
ITEM 0441 /reference/reference-semantics/semantics/dict.k:71 kind=rule attrs=[]
  rule dictSet(dictV(KS:ValSeq, VS:ValSeq), K:Val, V:Val) => dictV(dPutK(KS, K), dPutV(KS, VS, K, V))

  // RHS evaluates first (Assign strictness), then the key. Dispatch on the scope
  // value: a bare dict updates in the scope (dicts stay values); a ref (a heap
  // list — or a heap dict later) writes the heap in place.
END_ITEM
ITEM 0442 /reference/reference-semantics/semantics/dict.k:76 kind=syntax attrs=[]
  syntax KItem ::= #dsetK(String, Val)
END_ITEM
ITEM 0443 /reference/reference-semantics/semantics/dict.k:77 kind=rule attrs=[]
  rule <k> Assign(Subscript(Name(X:String), K:Expr), VV:Val) => K ~> #dsetK(X, VV) ... </k>
END_ITEM
ITEM 0444 /reference/reference-semantics/semantics/dict.k:78 kind=rule attrs=[]
  rule <k> KV:Val ~> #dsetK(X:String, VV:Val) => .K ... </k>
       <env> L:Int </env>
       <scopes> ... L |-> scope(M:Map => M [ X <- dictSet({M[X]}:>Val, KV, VV) ], _) ... </scopes>
       requires X in_keys(M) andBool notBool isRefV({M[X]}:>Val)
END_ITEM
ITEM 0445 /reference/reference-semantics/semantics/dict.k:82 kind=rule attrs=[]
  rule <k> KV:Val ~> #dsetK(X:String, VV:Val) => #dsetV({M[X]}:>Val, KV, VV) ... </k>
       <env> L:Int </env>
       <scopes> ... L |-> scope(M:Map, _) ... </scopes>
       requires X in_keys(M) andBool isRefV({M[X]}:>Val)
END_ITEM
ITEM 0446 /reference/reference-semantics/semantics/dict.k:86 kind=syntax attrs=[]
  syntax KItem ::= #dsetV(Val, Val, Val)
END_ITEM
ITEM 0447 /reference/reference-semantics/semantics/dict.k:87 kind=rule attrs=[]
  rule <k> #dsetV(ref(H:Int), I:Int, VV:Val) => .K ... </k>
       <heap> ... H |-> list(VS:ValSeq => setVSAt(VS, normIdxD(I, vsLen(VS)), VV)) ... </heap>
  // negative-index normalization local to the write (subscript.k's is not imported here)
END_ITEM
ITEM 0448 /reference/reference-semantics/semantics/dict.k:90 kind=syntax attrs=['function', 'total']
  syntax Int ::= normIdxD(Int, Int) [function, total]
END_ITEM
ITEM 0449 /reference/reference-semantics/semantics/dict.k:91 kind=rule attrs=[]
  rule normIdxD(I:Int, LEN:Int) => I +Int LEN requires I  <Int 0
END_ITEM
ITEM 0450 /reference/reference-semantics/semantics/dict.k:92 kind=rule attrs=[]
  rule normIdxD(I:Int, _:Int)   => I          requires I >=Int 0

  // ==== dict == (order-insensitive: same size + same key->value pairs) =======
END_ITEM
ITEM 0451 /reference/reference-semantics/semantics/dict.k:95 kind=rule attrs=[]
  rule applyCmp("==", dictV(KS1:ValSeq, VS1:ValSeq), dictV(KS2:ValSeq, VS2:ValSeq))
    => (vsLen(KS1) ==Int vsLen(KS2)) andBool dSubset(KS1, VS1, KS2, VS2)
END_ITEM
ITEM 0452 /reference/reference-semantics/semantics/dict.k:97 kind=syntax attrs=['function']
  syntax Bool ::= dSubset(ValSeq, ValSeq, ValSeq, ValSeq) [function]
END_ITEM
ITEM 0453 /reference/reference-semantics/semantics/dict.k:98 kind=rule attrs=[]
  rule dSubset(.ValSeq, .ValSeq, _:ValSeq, _:ValSeq) => true
END_ITEM
ITEM 0454 /reference/reference-semantics/semantics/dict.k:99 kind=rule attrs=[]
  rule dSubset(vCons(K:Val, KR:ValSeq), vCons(V:Val, VR:ValSeq), KS2:ValSeq, VS2:ValSeq)
    => dHasKey(KS2, K) andBool (dGet(KS2, VS2, K) ==K V) andBool dSubset(KR, VR, KS2, VS2)
END_ITEM
ITEM 0455 /reference/reference-semantics/semantics/dict.k:101 kind=syntax attrs=['function']
  syntax Val ::= dGet(ValSeq, ValSeq, Val) [function]
END_ITEM
ITEM 0456 /reference/reference-semantics/semantics/dict.k:102 kind=rule attrs=[]
  rule dGet(vCons(A:Val, _:ValSeq), vCons(B:Val, _:ValSeq), K:Val) => B                requires A ==K K
END_ITEM
ITEM 0457 /reference/reference-semantics/semantics/dict.k:103 kind=rule attrs=[]
  rule dGet(vCons(A:Val, KR:ValSeq), vCons(_:Val, VR:ValSeq), K:Val) => dGet(KR, VR, K) requires notBool (A ==K K)
END_ITEM
ITEM 0458 /reference/reference-semantics/semantics/dict.k:104 kind=endmodule attrs=[]
endmodule
END_ITEM
ITEM 0459 /reference/reference-semantics/semantics/float.k:14 kind=module attrs=[]
module MPY-FLOAT
END_ITEM
ITEM 0460 /reference/reference-semantics/semantics/float.k:15 kind=imports attrs=[]
  imports MPY-OPERATORS
END_ITEM
ITEM 0461 /reference/reference-semantics/semantics/float.k:16 kind=imports attrs=[]
  imports MPY-BUILTINS
END_ITEM
ITEM 0462 /reference/reference-semantics/semantics/float.k:17 kind=imports attrs=[]
  imports FLOAT
END_ITEM
ITEM 0463 /reference/reference-semantics/semantics/float.k:20 kind=syntax attrs=[]
  syntax Val ::= Float
END_ITEM
ITEM 0464 /reference/reference-semantics/semantics/float.k:21 kind=rule attrs=[]
  rule <k> Float(F:Float) => F ... </k>

  // Int / float true division. OPAQUE for kprove (no-evaluators); concrete for krun.
END_ITEM
ITEM 0465 /reference/reference-semantics/semantics/float.k:24 kind=syntax attrs=['function', 'total', 'symbol']
  syntax Float ::= intFloatDiv(Int, Float) [function, total, symbol(intFloatDiv), no-evaluators]
END_ITEM
ITEM 0466 /reference/reference-semantics/semantics/float.k:25 kind=rule attrs=[]
  rule intFloatDiv(I:Int, F:Float) => Int2Float(I, 53, 11) /Float F [concrete]
END_ITEM
ITEM 0467 /reference/reference-semantics/semantics/float.k:27 kind=rule attrs=[]
  rule applyBin("/", I:Int, F:Float) => intFloatDiv(I, F)

  // Int / Int true division (Python: always a float). OPAQUE for kprove; concrete for krun.
END_ITEM
ITEM 0468 /reference/reference-semantics/semantics/float.k:30 kind=syntax attrs=['function', 'total', 'symbol']
  syntax Float ::= divII(Int, Int) [function, total, symbol(divII), no-evaluators]
END_ITEM
ITEM 0469 /reference/reference-semantics/semantics/float.k:31 kind=rule attrs=[]
  rule divII(I1:Int, I2:Int) => Int2Float(I1, 53, 11) /Float Int2Float(I2, 53, 11) [concrete]
END_ITEM
ITEM 0470 /reference/reference-semantics/semantics/float.k:32 kind=rule attrs=[]
  rule applyBin("/", I1:Int, I2:Int) => divII(I1, I2)

  // float % float (e.g. `number % 1.0` = the fractional part). OPAQUE for kprove, concrete for
  // krun. Python's float `%` is floor-based: a % b = a - floor(a/b)*b (K's %Float is IEEE
  // remainder, which differs — 3.5 %Float 1.0 = -0.5 vs Python 0.5 — so it is NOT used).
END_ITEM
ITEM 0471 /reference/reference-semantics/semantics/float.k:37 kind=syntax attrs=['function', 'total', 'symbol']
  syntax Float ::= floatMod(Float, Float) [function, total, symbol(floatMod), no-evaluators]
END_ITEM
ITEM 0472 /reference/reference-semantics/semantics/float.k:38 kind=rule attrs=[]
  rule floatMod(F1:Float, F2:Float) => F1 -Float (floorFloat(F1 /Float F2) *Float F2) [concrete]
END_ITEM
ITEM 0473 /reference/reference-semantics/semantics/float.k:39 kind=rule attrs=[]
  rule applyBin("%", F1:Float, F2:Float) => floatMod(F1, F2)

  // float equality — for concrete krun asserts (e.g. `area == 7.5`); the FLOAT.eq hook is fine on
  // concrete floats. kprove proofs return floats structurally and do not compare them.
END_ITEM
ITEM 0474 /reference/reference-semantics/semantics/float.k:43 kind=rule attrs=[]
  rule applyCmp("==", F1:Float, F2:Float) => F1 ==Float F2
END_ITEM
ITEM 0475 /reference/reference-semantics/semantics/float.k:44 kind=rule attrs=[]
  rule applyCmp("!=", F1:Float, F2:Float) => notBool (F1 ==Float F2)

  // float `<` and abs — OPAQUE for kprove ([no-evaluators], so a SYMBOLIC float compare stays an
  // uninterpreted Bool a proof case-splits on — a SINGLE compare per branch, not a nonlinear cascade),
  // [concrete] for krun. Additive, sort-disjoint from the Int rules. (has_close_elements: the pairwise
  // `abs(a-b) < t` proximity test.)
END_ITEM
ITEM 0476 /reference/reference-semantics/semantics/float.k:50 kind=syntax attrs=['function', 'total', 'symbol']
  syntax Bool ::= floatLt(Float, Float) [function, total, symbol(floatLt), no-evaluators]
END_ITEM
ITEM 0477 /reference/reference-semantics/semantics/float.k:51 kind=rule attrs=[]
  rule floatLt(F1:Float, F2:Float) => F1 <Float F2 [concrete]
END_ITEM
ITEM 0478 /reference/reference-semantics/semantics/float.k:52 kind=rule attrs=[]
  rule applyCmp("<", F1:Float, F2:Float) => floatLt(F1, F2)
END_ITEM
ITEM 0479 /reference/reference-semantics/semantics/float.k:54 kind=syntax attrs=['function', 'total', 'symbol']
  syntax Float ::= absF(Float) [function, total, symbol(absF), no-evaluators]
END_ITEM
ITEM 0480 /reference/reference-semantics/semantics/float.k:55 kind=rule attrs=[]
  rule absF(F:Float) => absFloat(F) [concrete]
END_ITEM
ITEM 0481 /reference/reference-semantics/semantics/float.k:56 kind=rule attrs=[]
  rule applyBuiltin("abs", F:Float, .Vals) => absF(F)

  // ==== math.ceil ===========================================================
  // `import X` is a no-op (we intercept the specific math functions syntactically; `math` itself is
  // never bound as a value).
END_ITEM
ITEM 0482 /reference/reference-semantics/semantics/float.k:61 kind=rule attrs=['priority']
  rule <k> Import(_:String) => .K ... </k>

  // math.ceil(x): ceiling to an int. Intercepted at the Call BEFORE `math` is looked up (higher
  // priority than the generic Attribute/method dispatch in call.k).
END_ITEM
ITEM 0483 /reference/reference-semantics/semantics/float.k:65 kind=syntax attrs=[]
  syntax KItem ::= "#mathCeil"
END_ITEM
ITEM 0484 /reference/reference-semantics/semantics/float.k:66 kind=rule attrs=['priority']
  rule <k> Call(Attribute(Name("math"), "ceil"), (E:Expr, .Exprs)) => E ~> #mathCeil ... </k> [priority(40)]
END_ITEM
ITEM 0485 /reference/reference-semantics/semantics/float.k:67 kind=rule attrs=[]
  rule <k> V:Val ~> #mathCeil => ceilF(V) ... </k>

  // math.floor(x) — same interception shape as math.ceil
END_ITEM
ITEM 0486 /reference/reference-semantics/semantics/float.k:70 kind=syntax attrs=[]
  syntax KItem ::= "#mathFloor"
END_ITEM
ITEM 0487 /reference/reference-semantics/semantics/float.k:71 kind=rule attrs=['priority']
  rule <k> Call(Attribute(Name("math"), "floor"), (E:Expr, .Exprs)) => E ~> #mathFloor ... </k> [priority(40)]
END_ITEM
ITEM 0488 /reference/reference-semantics/semantics/float.k:72 kind=rule attrs=[]
  rule <k> V:Val ~> #mathFloor => floorFI(V) ... </k>
END_ITEM
ITEM 0489 /reference/reference-semantics/semantics/float.k:73 kind=syntax attrs=['function', 'total', 'symbol']
  syntax Int ::= floorFI(Val) [function, total, symbol(floorFI)]
END_ITEM
ITEM 0490 /reference/reference-semantics/semantics/float.k:74 kind=rule attrs=[]
  rule floorFI(I:Int)   => I                        [concrete]
END_ITEM
ITEM 0491 /reference/reference-semantics/semantics/float.k:75 kind=rule attrs=[]
  rule floorFI(F:Float) => Float2Int(floorFloat(F)) [concrete]

  // bare floor/ceil (bound by `from math import floor, ceil`)
END_ITEM
ITEM 0492 /reference/reference-semantics/semantics/float.k:78 kind=rule attrs=[]
  rule applyBuiltin("floor", V:Val, .Vals) => floorFI(V)
END_ITEM
ITEM 0493 /reference/reference-semantics/semantics/float.k:79 kind=rule attrs=[]
  rule applyBuiltin("ceil",  V:Val, .Vals) => ceilF(V)

  // math.pow(x, y) — a two-arg interception onto powF (ints promote)
END_ITEM
ITEM 0494 /reference/reference-semantics/semantics/float.k:82 kind=syntax attrs=[]
  syntax KItem ::= #mathPow1(Expr) | #mathPow2(Val)
END_ITEM
ITEM 0495 /reference/reference-semantics/semantics/float.k:83 kind=rule attrs=['priority']
  rule <k> Call(Attribute(Name("math"), "pow"), (E1:Expr, E2:Expr, .Exprs)) => E1 ~> #mathPow1(E2) ... </k> [priority(40)]
END_ITEM
ITEM 0496 /reference/reference-semantics/semantics/float.k:84 kind=rule attrs=[]
  rule <k> V1:Val ~> #mathPow1(E2:Expr) => E2 ~> #mathPow2(V1) ... </k>
END_ITEM
ITEM 0497 /reference/reference-semantics/semantics/float.k:85 kind=rule attrs=[]
  rule <k> V2:Val ~> #mathPow2(V1:Val) => powF(toF(V1), toF(V2)) ... </k>
END_ITEM
ITEM 0498 /reference/reference-semantics/semantics/float.k:86 kind=syntax attrs=['function', 'total', 'symbol']
  syntax Float ::= toF(Val) [function, total, symbol(toF)]
END_ITEM
ITEM 0499 /reference/reference-semantics/semantics/float.k:87 kind=rule attrs=[]
  rule toF(F:Float) => F        [concrete]
END_ITEM
ITEM 0500 /reference/reference-semantics/semantics/float.k:88 kind=rule attrs=[]
  rule toF(I:Int)   => intToF(I) [concrete]

  // ceilF: math.ceil as an Int. TOTAL (K trusts it; a symbolic list element stays opaque for
  // kprove — structural). [concrete] so the Int2Float/ceilFloat hooks only run for krun (llvm).
  // Matches Python incl. negatives: ceil(-2.4) = -2 = Float2Int(ceilFloat(-2.4)).
END_ITEM
ITEM 0501 /reference/reference-semantics/semantics/float.k:93 kind=syntax attrs=['function', 'total', 'symbol']
  syntax Int ::= ceilF(Val) [function, total, symbol(ceilF)]
END_ITEM
ITEM 0502 /reference/reference-semantics/semantics/float.k:94 kind=rule attrs=[]
  rule ceilF(I:Int)   => I                       [concrete]
END_ITEM
ITEM 0503 /reference/reference-semantics/semantics/float.k:95 kind=rule attrs=[]
  rule ceilF(F:Float) => Float2Int(ceilFloat(F)) [concrete]

  // unary minus on a float (e.g. the literal -2.4 = UnaryOp("-", Float(2.4))). Concrete for krun;
  // proofs use symbolic elements, never a float literal.
END_ITEM
ITEM 0504 /reference/reference-semantics/semantics/float.k:99 kind=rule attrs=[]
  rule applyUn("-", F:Float) => 0.0 -Float F

  // ---- float - / / / + (OPAQUE for kprove [no-evaluators], concrete for krun) — for float-list
  // element maps (x - lo) / (hi - lo). Mirror intFloatDiv: additive, sort-disjoint from the Int rules.
END_ITEM
ITEM 0505 /reference/reference-semantics/semantics/float.k:103 kind=syntax attrs=['function', 'total', 'symbol']
  syntax Float ::= subF(Float, Float) [function, total, symbol(subF), no-evaluators]
END_ITEM
ITEM 0506 /reference/reference-semantics/semantics/float.k:104 kind=rule attrs=[]
  rule subF(F1:Float, F2:Float) => F1 -Float F2 [concrete]
END_ITEM
ITEM 0507 /reference/reference-semantics/semantics/float.k:105 kind=rule attrs=[]
  rule applyBin("-", F1:Float, F2:Float) => subF(F1, F2)
END_ITEM
ITEM 0508 /reference/reference-semantics/semantics/float.k:107 kind=syntax attrs=['function', 'total', 'symbol']
  syntax Float ::= divF(Float, Float) [function, total, symbol(divF), no-evaluators]
END_ITEM
ITEM 0509 /reference/reference-semantics/semantics/float.k:108 kind=rule attrs=[]
  rule divF(F1:Float, F2:Float) => F1 /Float F2 [concrete]
END_ITEM
ITEM 0510 /reference/reference-semantics/semantics/float.k:109 kind=rule attrs=[]
  rule applyBin("/", F1:Float, F2:Float) => divF(F1, F2)
END_ITEM
ITEM 0511 /reference/reference-semantics/semantics/float.k:111 kind=syntax attrs=['function', 'total', 'symbol']
  syntax Float ::= addF(Float, Float) [function, total, symbol(addF), no-evaluators]
END_ITEM
ITEM 0512 /reference/reference-semantics/semantics/float.k:112 kind=rule attrs=[]
  rule addF(F1:Float, F2:Float) => F1 +Float F2 [concrete]
END_ITEM
ITEM 0513 /reference/reference-semantics/semantics/float.k:113 kind=rule attrs=[]
  rule applyBin("+", F1:Float, F2:Float) => addF(F1, F2)
END_ITEM
ITEM 0514 /reference/reference-semantics/semantics/float.k:115 kind=syntax attrs=['function', 'total', 'symbol']
  syntax Float ::= mulF(Float, Float) [function, total, symbol(mulF), no-evaluators]
END_ITEM
ITEM 0515 /reference/reference-semantics/semantics/float.k:116 kind=rule attrs=[]
  rule mulF(F1:Float, F2:Float) => F1 *Float F2 [concrete]
END_ITEM
ITEM 0516 /reference/reference-semantics/semantics/float.k:117 kind=rule attrs=[]
  rule applyBin("*", F1:Float, F2:Float) => mulF(F1, F2)
END_ITEM
ITEM 0517 /reference/reference-semantics/semantics/float.k:119 kind=syntax attrs=['function', 'total', 'symbol']
  syntax Float ::= powF(Float, Float) [function, total, symbol(powF), no-evaluators]
END_ITEM
ITEM 0518 /reference/reference-semantics/semantics/float.k:120 kind=rule attrs=[]
  rule powF(F1:Float, F2:Float) => F1 ^Float F2 [concrete]
END_ITEM
ITEM 0519 /reference/reference-semantics/semantics/float.k:121 kind=rule attrs=[]
  rule applyBin("**", F1:Float, F2:Float) => powF(F1, F2)

  // ---- the remaining comparisons (gtF promoted from find_zero — its summaries
  //      case-split on the atom; >= / <= derive from the two opaque compares) ----
END_ITEM
ITEM 0520 /reference/reference-semantics/semantics/float.k:125 kind=syntax attrs=['function', 'total', 'symbol']
  syntax Bool ::= gtF(Float, Float) [function, total, symbol(gtF), no-evaluators]
END_ITEM
ITEM 0521 /reference/reference-semantics/semantics/float.k:126 kind=rule attrs=[]
  rule gtF(F1:Float, F2:Float) => F1 >Float F2 [concrete]
END_ITEM
ITEM 0522 /reference/reference-semantics/semantics/float.k:127 kind=rule attrs=[]
  rule applyCmp(">",  F1:Float, F2:Float) => gtF(F1, F2)
END_ITEM
ITEM 0523 /reference/reference-semantics/semantics/float.k:128 kind=rule attrs=[]
  rule applyCmp(">=", F1:Float, F2:Float) => notBool floatLt(F1, F2)
END_ITEM
ITEM 0524 /reference/reference-semantics/semantics/float.k:129 kind=rule attrs=[]
  rule applyCmp("<=", F1:Float, F2:Float) => notBool gtF(F1, F2)

  // ---- mixed Int/Float operators promote the Int side (n ** 0.5 etc.) ----
END_ITEM
ITEM 0525 /reference/reference-semantics/semantics/float.k:132 kind=rule attrs=[]
  rule applyBin("**", I:Int, F:Float) => powF(intToF(I), F)
END_ITEM
ITEM 0526 /reference/reference-semantics/semantics/float.k:133 kind=rule attrs=[]
  rule applyBin("**", F:Float, I:Int) => powF(F, intToF(I))
END_ITEM
ITEM 0527 /reference/reference-semantics/semantics/float.k:134 kind=rule attrs=[]
  rule applyBin("-",  I:Int, F:Float) => subF(intToF(I), F)
END_ITEM
ITEM 0528 /reference/reference-semantics/semantics/float.k:135 kind=rule attrs=[]
  rule applyBin("-",  F:Float, I:Int) => subF(F, intToF(I))
END_ITEM
ITEM 0529 /reference/reference-semantics/semantics/float.k:136 kind=rule attrs=[]
  rule applyBin("+",  I:Int, F:Float) => addF(intToF(I), F)
END_ITEM
ITEM 0530 /reference/reference-semantics/semantics/float.k:137 kind=rule attrs=[]
  rule applyBin("+",  F:Float, I:Int) => addF(F, intToF(I))
END_ITEM
ITEM 0531 /reference/reference-semantics/semantics/float.k:138 kind=rule attrs=[]
  rule applyBin("*",  I:Int, F:Float) => mulF(intToF(I), F)
END_ITEM
ITEM 0532 /reference/reference-semantics/semantics/float.k:139 kind=rule attrs=[]
  rule applyBin("*",  F:Float, I:Int) => mulF(F, intToF(I))

  // ---- mixed Int == Float (shared eqF; opaque symbolic / concrete twin) ----
END_ITEM
ITEM 0533 /reference/reference-semantics/semantics/float.k:142 kind=syntax attrs=['function', 'total', 'symbol']
  syntax Bool ::= eqF(Float, Float) [function, total, symbol(eqF), no-evaluators]
END_ITEM
ITEM 0534 /reference/reference-semantics/semantics/float.k:143 kind=rule attrs=[]
  rule eqF(F1:Float, F2:Float) => F1 ==Float F2 [concrete]
END_ITEM
ITEM 0535 /reference/reference-semantics/semantics/float.k:144 kind=rule attrs=[]
  rule applyCmp("==", I:Int, F:Float) => eqF(intToF(I), F)
END_ITEM
ITEM 0536 /reference/reference-semantics/semantics/float.k:145 kind=rule attrs=[]
  rule applyCmp("==", F:Float, I:Int) => eqF(F, intToF(I))
END_ITEM
ITEM 0537 /reference/reference-semantics/semantics/float.k:146 kind=rule attrs=[]
  rule applyCmp("!=", I:Int, F:Float) => notBool eqF(intToF(I), F)
END_ITEM
ITEM 0538 /reference/reference-semantics/semantics/float.k:147 kind=rule attrs=[]
  rule applyCmp("!=", F:Float, I:Int) => notBool eqF(F, intToF(I))
END_ITEM
ITEM 0539 /reference/reference-semantics/semantics/float.k:148 kind=rule attrs=[]
  rule applyCmp("<",  I:Int, F:Float) => floatLt(intToF(I), F)
END_ITEM
ITEM 0540 /reference/reference-semantics/semantics/float.k:149 kind=rule attrs=[]
  rule applyCmp("<",  F:Float, I:Int) => floatLt(F, intToF(I))
END_ITEM
ITEM 0541 /reference/reference-semantics/semantics/float.k:150 kind=rule attrs=[]
  rule applyCmp(">",  I:Int, F:Float) => gtF(intToF(I), F)
END_ITEM
ITEM 0542 /reference/reference-semantics/semantics/float.k:151 kind=rule attrs=[]
  rule applyCmp(">",  F:Float, I:Int) => gtF(F, intToF(I))

  // ---- x == None (promoted from 137; `is` cases live in operators.k) ----
END_ITEM
ITEM 0543 /reference/reference-semantics/semantics/float.k:154 kind=rule attrs=[]
  rule applyCmp("==", V:Val, noneV) => V ==K noneV
END_ITEM
ITEM 0544 /reference/reference-semantics/semantics/float.k:155 kind=rule attrs=[]
  rule applyCmp("!=", V:Val, noneV) => notBool (V ==K noneV)

  // ---- float(str): decimal parse (promoted from 137's defined chain) ----
  // digits '.' digits, optional leading '-'; concrete evaluation only (the
  // symbolic side stays an opaque decStrToF term a proof case-splits on).
END_ITEM
ITEM 0545 /reference/reference-semantics/semantics/float.k:160 kind=syntax attrs=['function', 'total', 'symbol']
  syntax Float ::= decStrToF(IntSeq) [function, total, symbol(decStrToF), no-evaluators]
END_ITEM
ITEM 0546 /reference/reference-semantics/semantics/float.k:161 kind=rule attrs=[]
  rule decStrToF(iCons(45, CS:IntSeq)) => 0.0 -Float decStrToF(CS) [concrete]
END_ITEM
ITEM 0547 /reference/reference-semantics/semantics/float.k:162 kind=rule attrs=[]
  rule decStrToF(CS:IntSeq)
    => intToF(intPart(CS)) +Float (intToF(fracPart(CS)) /Float intToF(fracScale(CS)))
       requires isLen(CS) >Int 0 andBool headIS(CS) =/=Int 45 [concrete]
END_ITEM
ITEM 0548 /reference/reference-semantics/semantics/float.k:165 kind=syntax attrs=['function']
  syntax Int ::= headIS(IntSeq) [function]
END_ITEM
ITEM 0549 /reference/reference-semantics/semantics/float.k:166 kind=rule attrs=[]
  rule headIS(iCons(C:Int, _:IntSeq)) => C
END_ITEM
ITEM 0550 /reference/reference-semantics/semantics/float.k:167 kind=syntax attrs=['function', 'total']
  syntax Int ::= intPart(IntSeq) [function, total] | intPartAcc(IntSeq, Int) [function, total]
END_ITEM
ITEM 0551 /reference/reference-semantics/semantics/float.k:168 kind=rule attrs=[]
  rule intPart(CS:IntSeq) => intPartAcc(CS, 0)
END_ITEM
ITEM 0552 /reference/reference-semantics/semantics/float.k:169 kind=rule attrs=[]
  rule intPartAcc(.IntSeq, A:Int) => A
END_ITEM
ITEM 0553 /reference/reference-semantics/semantics/float.k:170 kind=rule attrs=[]
  rule intPartAcc(iCons(46, _:IntSeq), A:Int) => A
END_ITEM
ITEM 0554 /reference/reference-semantics/semantics/float.k:171 kind=rule attrs=[]
  rule intPartAcc(iCons(C:Int, R:IntSeq), A:Int) => intPartAcc(R, A *Int 10 +Int (C -Int 48))
       requires C =/=Int 46
END_ITEM
ITEM 0555 /reference/reference-semantics/semantics/float.k:173 kind=syntax attrs=['function', 'total']
  syntax Int ::= fracPart(IntSeq) [function, total] | fracAcc(IntSeq, Int) [function, total]
END_ITEM
ITEM 0556 /reference/reference-semantics/semantics/float.k:174 kind=rule attrs=[]
  rule fracPart(.IntSeq) => 0
END_ITEM
ITEM 0557 /reference/reference-semantics/semantics/float.k:175 kind=rule attrs=[]
  rule fracPart(iCons(46, R:IntSeq)) => fracAcc(R, 0)
END_ITEM
ITEM 0558 /reference/reference-semantics/semantics/float.k:176 kind=rule attrs=[]
  rule fracPart(iCons(C:Int, R:IntSeq)) => fracPart(R) requires C =/=Int 46
END_ITEM
ITEM 0559 /reference/reference-semantics/semantics/float.k:177 kind=rule attrs=[]
  rule fracAcc(.IntSeq, A:Int) => A
END_ITEM
ITEM 0560 /reference/reference-semantics/semantics/float.k:178 kind=rule attrs=[]
  rule fracAcc(iCons(C:Int, R:IntSeq), A:Int) => fracAcc(R, A *Int 10 +Int (C -Int 48))
END_ITEM
ITEM 0561 /reference/reference-semantics/semantics/float.k:179 kind=syntax attrs=['function', 'total']
  syntax Int ::= fracScale(IntSeq) [function, total] | fscAcc(IntSeq, Int) [function, total]
END_ITEM
ITEM 0562 /reference/reference-semantics/semantics/float.k:180 kind=rule attrs=[]
  rule fracScale(.IntSeq) => 1
END_ITEM
ITEM 0563 /reference/reference-semantics/semantics/float.k:181 kind=rule attrs=[]
  rule fracScale(iCons(46, R:IntSeq)) => fscAcc(R, 1)
END_ITEM
ITEM 0564 /reference/reference-semantics/semantics/float.k:182 kind=rule attrs=[]
  rule fracScale(iCons(C:Int, R:IntSeq)) => fracScale(R) requires C =/=Int 46
END_ITEM
ITEM 0565 /reference/reference-semantics/semantics/float.k:183 kind=rule attrs=[]
  rule fscAcc(.IntSeq, A:Int) => A
END_ITEM
ITEM 0566 /reference/reference-semantics/semantics/float.k:184 kind=rule attrs=[]
  rule fscAcc(iCons(_:Int, R:IntSeq), A:Int) => fscAcc(R, A *Int 10)
END_ITEM
ITEM 0567 /reference/reference-semantics/semantics/float.k:185 kind=rule attrs=[]
  rule applyBuiltin("float", str(CS:IntSeq), .Vals) => decStrToF(CS)
END_ITEM
ITEM 0568 /reference/reference-semantics/semantics/float.k:186 kind=rule attrs=[]
  rule applyBuiltin("float", I:Int, .Vals)          => intToF(I)
END_ITEM
ITEM 0569 /reference/reference-semantics/semantics/float.k:187 kind=rule attrs=[]
  rule applyBuiltin("float", F:Float, .Vals)        => F

  // ---- float / int division (promoted from mean_absolute_deviation) ----
END_ITEM
ITEM 0570 /reference/reference-semantics/semantics/float.k:190 kind=syntax attrs=['function', 'total', 'symbol']
  syntax Float ::= divFloatIntV(Float, Int) [function, total, symbol(divFloatIntV), no-evaluators]
END_ITEM
ITEM 0571 /reference/reference-semantics/semantics/float.k:191 kind=rule attrs=[]
  rule divFloatIntV(F:Float, I:Int) => F /Float Int2Float(I, 53, 11) [concrete]
END_ITEM
ITEM 0572 /reference/reference-semantics/semantics/float.k:192 kind=rule attrs=[]
  rule applyBin("/", F:Float, I:Int) => divFloatIntV(F, I)

  // ---- int -> float promotion for the remaining mixed arithmetic/compares ----
END_ITEM
ITEM 0573 /reference/reference-semantics/semantics/float.k:195 kind=syntax attrs=['function', 'total', 'symbol']
  syntax Float ::= intToF(Int) [function, total, symbol(intToF), no-evaluators]
END_ITEM
ITEM 0574 /reference/reference-semantics/semantics/float.k:196 kind=rule attrs=[]
  rule intToF(I:Int) => Int2Float(I, 53, 11) [concrete]
END_ITEM
ITEM 0575 /reference/reference-semantics/semantics/float.k:197 kind=rule attrs=[]
  rule applyBin("+", I:Int, F:Float) => addF(intToF(I), F)
END_ITEM
ITEM 0576 /reference/reference-semantics/semantics/float.k:198 kind=rule attrs=[]
  rule applyBin("+", F:Float, I:Int) => addF(F, intToF(I))
END_ITEM
ITEM 0577 /reference/reference-semantics/semantics/float.k:199 kind=rule attrs=[]
  rule applyBin("-", I:Int, F:Float) => subF(intToF(I), F)
END_ITEM
ITEM 0578 /reference/reference-semantics/semantics/float.k:200 kind=rule attrs=[]
  rule applyBin("-", F:Float, I:Int) => subF(F, intToF(I))
END_ITEM
ITEM 0579 /reference/reference-semantics/semantics/float.k:201 kind=rule attrs=[]
  rule applyBin("*", I:Int, F:Float) => mulF(intToF(I), F)
END_ITEM
ITEM 0580 /reference/reference-semantics/semantics/float.k:202 kind=rule attrs=[]
  rule applyBin("*", F:Float, I:Int) => mulF(F, intToF(I))
END_ITEM
ITEM 0581 /reference/reference-semantics/semantics/float.k:203 kind=rule attrs=[]
  rule applyCmp("<", I:Int, F:Float) => floatLt(intToF(I), F)
END_ITEM
ITEM 0582 /reference/reference-semantics/semantics/float.k:204 kind=rule attrs=[]
  rule applyCmp("<", F:Float, I:Int) => floatLt(F, intToF(I))
END_ITEM
ITEM 0583 /reference/reference-semantics/semantics/float.k:205 kind=rule attrs=[]
  rule applyCmp(">", I:Int, F:Float) => gtF(intToF(I), F)
END_ITEM
ITEM 0584 /reference/reference-semantics/semantics/float.k:206 kind=rule attrs=[]
  rule applyCmp(">", F:Float, I:Int) => gtF(F, intToF(I))

  // ---- conversions: int(float) truncates toward zero; float(int); round; math.sqrt ----
END_ITEM
ITEM 0585 /reference/reference-semantics/semantics/float.k:209 kind=syntax attrs=['function', 'total', 'symbol']
  syntax Int ::= truncF(Float) [function, total, symbol(truncF), no-evaluators]
END_ITEM
ITEM 0586 /reference/reference-semantics/semantics/float.k:210 kind=rule attrs=[]
  rule truncF(F:Float) => #if F >=Float 0.0 #then Float2Int(floorFloat(F)) #else Float2Int(ceilFloat(F)) #fi [concrete]
END_ITEM
ITEM 0587 /reference/reference-semantics/semantics/float.k:211 kind=rule attrs=[]
  rule applyBuiltin("int", F:Float, .Vals) => truncF(F)
END_ITEM
ITEM 0588 /reference/reference-semantics/semantics/float.k:213 kind=rule attrs=[]
  rule applyBuiltin("float", I:Int, .Vals)   => intToF(I)
END_ITEM
ITEM 0589 /reference/reference-semantics/semantics/float.k:214 kind=rule attrs=[]
  rule applyBuiltin("float", F:Float, .Vals) => F

  // round: Python half-even (banker's); round(F, N) scales by 10^N
END_ITEM
ITEM 0590 /reference/reference-semantics/semantics/float.k:217 kind=syntax attrs=['function', 'total', 'symbol']
  syntax Int ::= roundF(Float) [function, total, symbol(roundF), no-evaluators]
END_ITEM
ITEM 0591 /reference/reference-semantics/semantics/float.k:218 kind=rule attrs=[]
  rule roundF(F:Float)
    => #if (F -Float floorFloat(F)) ==Float 0.5
       #then (#if Float2Int(floorFloat(F)) %Int 2 ==Int 0
              #then Float2Int(floorFloat(F)) #else Float2Int(ceilFloat(F)) #fi)
       #else Float2Int(floorFloat(F +Float 0.5)) #fi [concrete]
END_ITEM
ITEM 0592 /reference/reference-semantics/semantics/float.k:223 kind=syntax attrs=['function', 'total', 'symbol']
  syntax Float ::= roundFN(Float, Int) [function, total, symbol(roundFN), no-evaluators]
END_ITEM
ITEM 0593 /reference/reference-semantics/semantics/float.k:224 kind=rule attrs=[]
  rule roundFN(F:Float, N:Int)
    => Int2Float(roundF(F *Float Int2Float(10 ^Int N, 53, 11)), 53, 11)
       /Float Int2Float(10 ^Int N, 53, 11) [concrete]
END_ITEM
ITEM 0594 /reference/reference-semantics/semantics/float.k:227 kind=rule attrs=[]
  rule applyBuiltin("round", F:Float, .Vals)        => roundF(F)
END_ITEM
ITEM 0595 /reference/reference-semantics/semantics/float.k:228 kind=rule attrs=[]
  rule applyBuiltin("round", F:Float, N:Int, .Vals) => roundFN(F, N)
END_ITEM
ITEM 0596 /reference/reference-semantics/semantics/float.k:230 kind=syntax attrs=['function', 'total', 'symbol']
  syntax Float ::= sqrtF(Float) [function, total, symbol(sqrtF), no-evaluators]
END_ITEM
ITEM 0597 /reference/reference-semantics/semantics/float.k:231 kind=rule attrs=[]
  rule sqrtF(F:Float) => sqrtFloat(F) [concrete]
END_ITEM
ITEM 0598 /reference/reference-semantics/semantics/float.k:232 kind=syntax attrs=[]
  syntax KItem ::= "#mathSqrt"
END_ITEM
ITEM 0599 /reference/reference-semantics/semantics/float.k:233 kind=rule attrs=['priority']
  rule <k> Call(Attribute(Name("math"), "sqrt"), (E:Expr, .Exprs)) => E ~> #mathSqrt ... </k> [priority(40)]
END_ITEM
ITEM 0600 /reference/reference-semantics/semantics/float.k:234 kind=rule attrs=[]
  rule <k> F:Float ~> #mathSqrt => sqrtF(F) ... </k>
END_ITEM
ITEM 0601 /reference/reference-semantics/semantics/float.k:235 kind=rule attrs=['priority']
  rule <k> I:Int ~> #mathSqrt => sqrtF(intToF(I)) ... </k>

  // ---- min / max over a FLOAT list — FLOAT branch of the shared #minCont0/#maxCont0 folds (which
  // seed/step with `requires isInt(V)`, so they are STUCK on floats). These add the `requires
  // isFloat(V)` seed + a Float-accumulator fold via K's minFloat/maxFloat — concrete for krun. A proof
  // over a SYMBOLIC float list intercepts min/max problem-locally to an opaque minVF/maxVF (at
  // #applyK, priority 40, in its verification.k) BEFORE #minAcc0, so this fold is krun-only. Additive:
  // the isFloat guard is disjoint from the existing isInt one.
END_ITEM
ITEM 0602 /reference/reference-semantics/semantics/float.k:243 kind=syntax attrs=[]
  syntax KItem ::= #maxAccF(Iterable, Float) | #maxContF(Float)
END_ITEM
ITEM 0603 /reference/reference-semantics/semantics/float.k:244 kind=rule attrs=[]
  rule <k> #iterYield(V:Val, R:Iterable) ~> #maxCont0 => #maxAccF(R, {V}:>Float) ... </k> requires isFloat(V)
END_ITEM
ITEM 0604 /reference/reference-semantics/semantics/float.k:245 kind=rule attrs=[]
  rule <k> #maxAccF(IT:Iterable, M:Float) => #iterNext(IT) ~> #maxContF(M) ... </k>
END_ITEM
ITEM 0605 /reference/reference-semantics/semantics/float.k:246 kind=rule attrs=[]
  rule <k> #iterDone ~> #maxContF(M:Float) => M ... </k>
END_ITEM
ITEM 0606 /reference/reference-semantics/semantics/float.k:247 kind=rule attrs=[]
  rule <k> #iterYield(V:Val, R:Iterable) ~> #maxContF(M:Float) => #maxAccF(R, maxFloat(M, {V}:>Float)) ... </k>
       requires isFloat(V)
END_ITEM
ITEM 0607 /reference/reference-semantics/semantics/float.k:250 kind=syntax attrs=[]
  syntax KItem ::= #minAccF(Iterable, Float) | #minContF(Float)
END_ITEM
ITEM 0608 /reference/reference-semantics/semantics/float.k:251 kind=rule attrs=[]
  rule <k> #iterYield(V:Val, R:Iterable) ~> #minCont0 => #minAccF(R, {V}:>Float) ... </k> requires isFloat(V)
END_ITEM
ITEM 0609 /reference/reference-semantics/semantics/float.k:252 kind=rule attrs=[]
  rule <k> #minAccF(IT:Iterable, M:Float) => #iterNext(IT) ~> #minContF(M) ... </k>
END_ITEM
ITEM 0610 /reference/reference-semantics/semantics/float.k:253 kind=rule attrs=[]
  rule <k> #iterDone ~> #minContF(M:Float) => M ... </k>
END_ITEM
ITEM 0611 /reference/reference-semantics/semantics/float.k:254 kind=rule attrs=[]
  rule <k> #iterYield(V:Val, R:Iterable) ~> #minContF(M:Float) => #minAccF(R, minFloat(M, {V}:>Float)) ... </k>
       requires isFloat(V)

  // ---- sum over a float list (krun; mirrors the min/max float paths). The Int-only shared
  // #sumCont sticks on a Float yield; switch to a Float-headed fold via addF (concrete twin).
  // The switch guard carries the SYNTACTIC negation of the Int rule's guard so a symbolic proof
  // with isInt(V) in its path condition refutes this branch without sort reasoning.
END_ITEM
ITEM 0612 /reference/reference-semantics/semantics/float.k:261 kind=syntax attrs=[]
  syntax KItem ::= #sumAccF(Iterable, Float) | #sumContF(Float)
END_ITEM
ITEM 0613 /reference/reference-semantics/semantics/float.k:262 kind=rule attrs=[]
  rule <k> #iterYield(V:Val, R:Iterable) ~> #sumCont(ACC:Int)
        => #sumAccF(R, addF(intToF(ACC), {V}:>Float)) ... </k>
       requires isFloat(V) andBool notBool (isInt(V) orBool isBool(V))
END_ITEM
ITEM 0614 /reference/reference-semantics/semantics/float.k:265 kind=rule attrs=[]
  rule <k> #sumAccF(IT:Iterable, ACC:Float) => #iterNext(IT) ~> #sumContF(ACC) ... </k>
END_ITEM
ITEM 0615 /reference/reference-semantics/semantics/float.k:266 kind=rule attrs=[]
  rule <k> #iterDone ~> #sumContF(ACC:Float) => ACC ... </k>
END_ITEM
ITEM 0616 /reference/reference-semantics/semantics/float.k:267 kind=rule attrs=[]
  rule <k> #iterYield(V:Val, R:Iterable) ~> #sumContF(ACC:Float)
        => #sumAccF(R, addF(ACC, {V}:>Float)) ... </k>
       requires isFloat(V)
END_ITEM
ITEM 0617 /reference/reference-semantics/semantics/float.k:270 kind=rule attrs=[]
  rule <k> #iterYield(V:Val, R:Iterable) ~> #sumContF(ACC:Float)
        => #sumAccF(R, addF(ACC, intToF(intOf(V)))) ... </k>
       requires isInt(V) orBool isBool(V)
END_ITEM
ITEM 0618 /reference/reference-semantics/semantics/float.k:273 kind=endmodule attrs=[]
endmodule
END_ITEM
ITEM 0619 /reference/reference-semantics/semantics/functions.k:3 kind=module attrs=[]
module MPY-FUNCTIONS
END_ITEM
ITEM 0620 /reference/reference-semantics/semantics/functions.k:4 kind=imports attrs=[]
  imports MPY-CORE
END_ITEM
ITEM 0621 /reference/reference-semantics/semantics/functions.k:8 kind=syntax attrs=[]
  syntax KItem ::= frame(continuation: K, callerEnv: Int, savedLoc: Int)
                 | #bindP(ParamNames, Vals)
                 | "#pop"
                 | "#endcall"

  // ==== def / anonymous closure =============================================
END_ITEM
ITEM 0622 /reference/reference-semantics/semantics/functions.k:14 kind=rule attrs=[]
  rule <k> FuncDef(F:String, Params(PNS:ParamNames), BODY:Stmts) => .K ... </k>
       <env> L:Int </env>
       <scopes> ... L |-> scope(M:Map => M [ F <- closureVal(PNS, BODY, L) ], _) ... </scopes>
END_ITEM
ITEM 0623 /reference/reference-semantics/semantics/functions.k:18 kind=syntax attrs=[]
  syntax Expr ::= closureExpr(ParamNames, Stmts)
END_ITEM
ITEM 0624 /reference/reference-semantics/semantics/functions.k:19 kind=rule attrs=[]
  rule <k> closureExpr(PNS:ParamNames, BODY:Stmts) => closureVal(PNS, BODY, L) ... </k>
       <env> L:Int </env>

  // ==== annotated def/lambda (closure cells; spec 2.3) ======================
  // closureValC(params, cellvars, body, captured-cells). No frame anchor: all
  // enclosing-local reads are freevars (symtable-complete) and go through the
  // captured cells; everything else is global/builtin, so the callee frame's
  // parent is the module scope (0) — sound after the defining frame dies.
END_ITEM
ITEM 0625 /reference/reference-semantics/semantics/functions.k:27 kind=syntax attrs=[]
  syntax Val ::= closureValC(ParamNames, ParamNames, Stmts, Map)

  // capture: resolve each freevar to the enclosing frame's cellRef, then bind
  // (FuncDef) or yield (Lambda) the closure value.
END_ITEM
ITEM 0626 /reference/reference-semantics/semantics/functions.k:31 kind=syntax attrs=[]
  syntax KItem ::= #mkClosure(String, ParamNames, ParamNames, ParamNames, Stmts, Map)
                 | #mkLambda(ParamNames, ParamNames, ParamNames, Stmts, Map)
END_ITEM
ITEM 0627 /reference/reference-semantics/semantics/functions.k:33 kind=rule attrs=[]
  rule <k> FuncDef(F:String, Params(PNS:ParamNames), CellVars(CVS:ParamNames),
                   FreeVars(FVS:ParamNames), BODY:Stmts)
        => #mkClosure(F, PNS, CVS, FVS, BODY, .Map) ... </k>
END_ITEM
ITEM 0628 /reference/reference-semantics/semantics/functions.k:36 kind=rule attrs=[]
  rule <k> #mkClosure(F:String, PNS:ParamNames, CVS:ParamNames,
                      (FV:String, FVR:ParamNames), BODY:Stmts, CM:Map)
        => #mkClosure(F, PNS, CVS, FVR, BODY, CM [ FV <- {M[FV]}:>Val ]) ... </k>
       <env> L:Int </env>
       <scopes> ... L |-> scope(M:Map, _) ... </scopes>
       requires FV in_keys(M)
END_ITEM
ITEM 0629 /reference/reference-semantics/semantics/functions.k:42 kind=rule attrs=[]
  rule <k> #mkClosure(F:String, PNS:ParamNames, CVS:ParamNames,
                      .ParamNames, BODY:Stmts, CM:Map) => .K ... </k>
       <env> L:Int </env>
       <scopes> ... L |-> scope(M:Map => M [ F <- closureValC(PNS, CVS, BODY, CM) ], _) ... </scopes>
END_ITEM
ITEM 0630 /reference/reference-semantics/semantics/functions.k:47 kind=rule attrs=[]
  rule <k> Lambda(Params(PNS:ParamNames), E:Expr)
        => closureVal(PNS, Return(E) .Stmts, L) ... </k>
       <env> L:Int </env>
END_ITEM
ITEM 0631 /reference/reference-semantics/semantics/functions.k:50 kind=rule attrs=[]
  rule <k> Lambda(Params(PNS:ParamNames), CellVars(CVS:ParamNames),
                  FreeVars(FVS:ParamNames), E:Expr)
        => #mkLambda(PNS, CVS, FVS, Return(E) .Stmts, .Map) ... </k>
END_ITEM
ITEM 0632 /reference/reference-semantics/semantics/functions.k:53 kind=rule attrs=[]
  rule <k> #mkLambda(PNS:ParamNames, CVS:ParamNames,
                     (FV:String, FVR:ParamNames), BODY:Stmts, CM:Map)
        => #mkLambda(PNS, CVS, FVR, BODY, CM [ FV <- {M[FV]}:>Val ]) ... </k>
       <env> L:Int </env>
       <scopes> ... L |-> scope(M:Map, _) ... </scopes>
       requires FV in_keys(M)
END_ITEM
ITEM 0633 /reference/reference-semantics/semantics/functions.k:59 kind=rule attrs=[]
  rule <k> #mkLambda(PNS:ParamNames, CVS:ParamNames, .ParamNames, BODY:Stmts, CM:Map)
        => closureValC(PNS, CVS, BODY, CM) ... </k>

  // ==== bind params ========================================================
END_ITEM
ITEM 0634 /reference/reference-semantics/semantics/functions.k:63 kind=rule attrs=[]
  rule <k> #bindP(.ParamNames, .Vals) => .K ... </k>
END_ITEM
ITEM 0635 /reference/reference-semantics/semantics/functions.k:64 kind=rule attrs=[]
  rule <k> #bindP((P:String, PS:ParamNames), (V:Val, VS:Vals)) => #bindP(PS, VS) ... </k>
       <env> L:Int </env>
       <scopes> ... L |-> scope(M:Map => M [ P <- V ], _) ... </scopes>
  // a param that is a cellvar was pre-bound to its cell at frame entry
END_ITEM
ITEM 0636 /reference/reference-semantics/semantics/functions.k:68 kind=rule attrs=['priority']
  rule <k> #bindP((P:String, PS:ParamNames), (V:Val, VS:Vals))
        => #cellW({M[P]}:>Val, V) ~> #bindP(PS, VS) ... </k>
       <env> L:Int </env>
       <scopes> ... L |-> scope(M:Map, _) ... </scopes>
       requires "$cells" in_keys(M)
        andBool pnMember(P, cellsOf({M["$cells"]}:>Val))
        andBool P in_keys(M) andBool isCellRef({M[P]}:>Val)
       [priority(40)]

  // ==== return / pop the frame (the returned expr evaluates by strictness) ==
END_ITEM
ITEM 0637 /reference/reference-semantics/semantics/functions.k:78 kind=rule attrs=[]
  rule <k> Return(V:Val) ~> _ => #pop </k>
       <ret> noRet => retV(V) </ret>
END_ITEM
ITEM 0638 /reference/reference-semantics/semantics/functions.k:80 kind=rule attrs=[]
  rule <k> #endcall => #pop ... </k>
       <ret> noRet => retV(noneV) </ret>
  // pop: restore env, DEALLOCATE the callee frame, and wind scopeLoc back (LIFO allocation
  // makes the saved loc the callee frame's own loc). Sound because no closureVal outlives its
  // defining frame (frontend subset: no returned/stored closures; module defs live in loc 0).
END_ITEM
ITEM 0639 /reference/reference-semantics/semantics/functions.k:85 kind=rule attrs=[]
  rule <k> #pop => V ~> CONT </k>
       <ret>   retV(V) => noRet </ret>
       <stack> ListItem(frame(CONT:K, CALLERL:Int, SAVEDL:Int)) => .List ... </stack>
       <env>   L:Int => CALLERL </env>
       <scopes> SC:Map => SC [ L <- undef ] </scopes>
       <scopeLoc> _ => SAVEDL </scopeLoc>
END_ITEM
ITEM 0640 /reference/reference-semantics/semantics/functions.k:91 kind=endmodule attrs=[]
endmodule
END_ITEM
ITEM 0641 /reference/reference-semantics/semantics/int.k:4 kind=module attrs=[]
module MPY-INT
END_ITEM
ITEM 0642 /reference/reference-semantics/semantics/int.k:5 kind=imports attrs=[]
  imports MPY-CORE
END_ITEM
ITEM 0643 /reference/reference-semantics/semantics/int.k:7 kind=rule attrs=[]
  rule applyUn("-", I:Int) => 0 -Int I
END_ITEM
ITEM 0644 /reference/reference-semantics/semantics/int.k:9 kind=rule attrs=[]
  rule applyBin("+",  I1:Int, I2:Int) => I1 +Int I2
  // Bool participates in int arithmetic (x += (a == b))
END_ITEM
ITEM 0645 /reference/reference-semantics/semantics/int.k:11 kind=rule attrs=[]
  rule applyBin("+",  I:Int, B:Bool) => I +Int #if B #then 1 #else 0 #fi
END_ITEM
ITEM 0646 /reference/reference-semantics/semantics/int.k:12 kind=rule attrs=[]
  rule applyBin("+",  B:Bool, I:Int) => #if B #then 1 #else 0 #fi +Int I
END_ITEM
ITEM 0647 /reference/reference-semantics/semantics/int.k:13 kind=rule attrs=[]
  rule applyBin("-",  I1:Int, I2:Int) => I1 -Int I2
END_ITEM
ITEM 0648 /reference/reference-semantics/semantics/int.k:14 kind=rule attrs=[]
  rule applyBin("*",  I1:Int, I2:Int) => I1 *Int I2
END_ITEM
ITEM 0649 /reference/reference-semantics/semantics/int.k:15 kind=rule attrs=[]
  rule applyBin("%",  I1:Int, I2:Int) => pyMod(I1, I2)
END_ITEM
ITEM 0650 /reference/reference-semantics/semantics/int.k:16 kind=rule attrs=[]
  rule applyBin("//", I1:Int, I2:Int) => (I1 -Int pyMod(I1, I2)) /Int I2
END_ITEM
ITEM 0651 /reference/reference-semantics/semantics/int.k:17 kind=rule attrs=[]
  rule applyBin("**", I1:Int, I2:Int) => I1 ^Int I2 requires I2 >=Int 0
END_ITEM
ITEM 0652 /reference/reference-semantics/semantics/int.k:19 kind=syntax attrs=['function']
  syntax Int ::= pyMod(Int, Int) [function]
END_ITEM
ITEM 0653 /reference/reference-semantics/semantics/int.k:20 kind=rule attrs=[]
  rule pyMod(I1:Int, I2:Int) => ((I1 %Int I2) +Int I2) %Int I2
END_ITEM
ITEM 0654 /reference/reference-semantics/semantics/int.k:22 kind=rule attrs=[]
  rule applyCmp("<",  I1:Int, I2:Int)   => I1 <Int  I2
END_ITEM
ITEM 0655 /reference/reference-semantics/semantics/int.k:23 kind=rule attrs=[]
  rule applyCmp("<=", I1:Int, I2:Int)   => I1 <=Int I2
END_ITEM
ITEM 0656 /reference/reference-semantics/semantics/int.k:24 kind=rule attrs=[]
  rule applyCmp(">",  I1:Int, I2:Int)   => I1 >Int  I2
END_ITEM
ITEM 0657 /reference/reference-semantics/semantics/int.k:25 kind=rule attrs=[]
  rule applyCmp(">=", I1:Int, I2:Int)   => I1 >=Int I2
END_ITEM
ITEM 0658 /reference/reference-semantics/semantics/int.k:26 kind=rule attrs=[]
  rule applyCmp("==", I1:Int, I2:Int)   => I1 ==Int I2
END_ITEM
ITEM 0659 /reference/reference-semantics/semantics/int.k:27 kind=rule attrs=[]
  rule applyCmp("!=", I1:Int, I2:Int)   => I1 =/=Int I2
END_ITEM
ITEM 0660 /reference/reference-semantics/semantics/int.k:28 kind=endmodule attrs=[]
endmodule
END_ITEM
ITEM 0661 /reference/reference-semantics/semantics/iter.k:6 kind=module attrs=[]
module MPY-ITER
END_ITEM
ITEM 0662 /reference/reference-semantics/semantics/iter.k:7 kind=imports attrs=[]
  imports MPY-CORE
END_ITEM
ITEM 0663 /reference/reference-semantics/semantics/iter.k:8 kind=syntax attrs=[]
  syntax KItem ::= #iterNext(Iterable) | "#iterDone" | #iterYield(Val, Iterable)
END_ITEM
ITEM 0664 /reference/reference-semantics/semantics/iter.k:9 kind=endmodule attrs=[]
endmodule
END_ITEM
ITEM 0665 /reference/reference-semantics/semantics/list.k:3 kind=module attrs=[]
module MPY-LIST
END_ITEM
ITEM 0666 /reference/reference-semantics/semantics/list.k:4 kind=imports attrs=[]
  imports MPY-CORE
END_ITEM
ITEM 0667 /reference/reference-semantics/semantics/list.k:5 kind=imports attrs=[]
  imports MPY-ITER
END_ITEM
ITEM 0668 /reference/reference-semantics/semantics/list.k:6 kind=imports attrs=[]
  imports MPY-OPERATORS
END_ITEM
ITEM 0669 /reference/reference-semantics/semantics/list.k:9 kind=rule attrs=[]
  rule <k> #iterNext(list(.ValSeq))                => #iterDone ... </k>
END_ITEM
ITEM 0670 /reference/reference-semantics/semantics/list.k:10 kind=rule attrs=[]
  rule <k> #iterNext(list(vCons(V:Val, R:ValSeq))) => #iterYield(V, list(R)) ... </k>

  // ==== ListExpr: [...] literal -> a fresh heap object =======================
END_ITEM
ITEM 0671 /reference/reference-semantics/semantics/list.k:13 kind=syntax attrs=[]
  syntax ApplyK ::= "toList"
END_ITEM
ITEM 0672 /reference/reference-semantics/semantics/list.k:14 kind=rule attrs=[]
  rule <k> ListExpr(ES:Exprs) => #evalArgs(ES, .Vals, toList) ... </k>
END_ITEM
ITEM 0673 /reference/reference-semantics/semantics/list.k:15 kind=rule attrs=[]
  rule <k> #applyK(toList, ACC:Vals) => #alloc(list(vals2valSeq(ACC))) ... </k>

  // ==== list ops: + / == / != ===============================================
END_ITEM
ITEM 0674 /reference/reference-semantics/semantics/list.k:18 kind=syntax attrs=['function', 'total']
  syntax ValSeq ::= valSeqConcat(ValSeq, ValSeq) [function, total]
END_ITEM
ITEM 0675 /reference/reference-semantics/semantics/list.k:19 kind=rule attrs=[]
  rule valSeqConcat(.ValSeq, T:ValSeq)                => T
END_ITEM
ITEM 0676 /reference/reference-semantics/semantics/list.k:20 kind=rule attrs=['priority']
  rule valSeqConcat(vCons(V:Val, S:ValSeq), T:ValSeq) => vCons(V, valSeqConcat(S, T))

  // list + list constructs a NEW object (k-cell — it allocates; operands land here
  // already deref'd). priority(45) beats the generic BinOp dispatch.
END_ITEM
ITEM 0677 /reference/reference-semantics/semantics/list.k:24 kind=rule attrs=['priority']
  rule <k> BinOp("+", list(A:ValSeq), list(B:ValSeq)) => #alloc(list(valSeqConcat(A, B))) ... </k>
       [priority(45)]
END_ITEM
ITEM 0678 /reference/reference-semantics/semantics/list.k:27 kind=rule attrs=[]
  rule applyCmp("==", list(A:ValSeq), list(B:ValSeq)) => A ==K B
END_ITEM
ITEM 0679 /reference/reference-semantics/semantics/list.k:28 kind=rule attrs=[]
  rule applyCmp("!=", list(A:ValSeq), list(B:ValSeq)) => notBool (A ==K B)

  // ==== deep equality when elements are heap objects (list-of-lists) ========
  // Python == is structural at every depth. Fires ONLY when a ref is present
  // (the guard decides on concrete seqs); the plain ==K path above is unchanged.
END_ITEM
ITEM 0680 /reference/reference-semantics/semantics/list.k:33 kind=syntax attrs=['function', 'total']
  syntax Bool ::= hasRefVS(ValSeq) [function, total]
END_ITEM
ITEM 0681 /reference/reference-semantics/semantics/list.k:34 kind=rule attrs=[]
  rule hasRefVS(.ValSeq)                => false
END_ITEM
ITEM 0682 /reference/reference-semantics/semantics/list.k:35 kind=rule attrs=[]
  rule hasRefVS(vCons(V:Val, R:ValSeq)) => isRefV(V) orBool hasRefVS(R)
END_ITEM
ITEM 0683 /reference/reference-semantics/semantics/list.k:37 kind=syntax attrs=['function']
  syntax Bool ::= deepEqVS(ValSeq, ValSeq, Map) [function]
                | deepEqV(Val, Val, Map)        [function]
END_ITEM
ITEM 0684 /reference/reference-semantics/semantics/list.k:39 kind=rule attrs=[]
  rule deepEqVS(.ValSeq, .ValSeq, _:Map)                   => true
END_ITEM
ITEM 0685 /reference/reference-semantics/semantics/list.k:40 kind=rule attrs=[]
  rule deepEqVS(.ValSeq, vCons(_:Val, _:ValSeq), _:Map)    => false
END_ITEM
ITEM 0686 /reference/reference-semantics/semantics/list.k:41 kind=rule attrs=[]
  rule deepEqVS(vCons(_:Val, _:ValSeq), .ValSeq, _:Map)    => false
END_ITEM
ITEM 0687 /reference/reference-semantics/semantics/list.k:42 kind=rule attrs=[]
  rule deepEqVS(vCons(A:Val, As:ValSeq), vCons(B:Val, Bs:ValSeq), HP:Map)
    => deepEqV(A, B, HP) andBool deepEqVS(As, Bs, HP)
END_ITEM
ITEM 0688 /reference/reference-semantics/semantics/list.k:45 kind=rule attrs=[]
  rule deepEqV(ref(H:Int), B:Val, HP:Map) => deepEqV({HP[H]}:>Val, B, HP)
       requires H in_keys(HP)
END_ITEM
ITEM 0689 /reference/reference-semantics/semantics/list.k:47 kind=rule attrs=[]
  rule deepEqV(A:Val, ref(H:Int), HP:Map) => deepEqV(A, {HP[H]}:>Val, HP)
       requires notBool isRefV(A) andBool H in_keys(HP)
END_ITEM
ITEM 0690 /reference/reference-semantics/semantics/list.k:49 kind=rule attrs=[]
  rule deepEqV(list(A:ValSeq), list(B:ValSeq), HP:Map) => deepEqVS(A, B, HP)
END_ITEM
ITEM 0691 /reference/reference-semantics/semantics/list.k:50 kind=rule attrs=['owise']
  rule deepEqV(A:Val, B:Val, _:Map) => A ==K B [owise]

  // ==== mutator: xs.append(v) — an in-place heap write ======================
END_ITEM
ITEM 0692 /reference/reference-semantics/semantics/list.k:53 kind=rule attrs=['priority']
  rule <k> #applyK(toCall(boundMethodV(ref(H:Int), "append")), (V:Val, .Vals)) => noneV ... </k>
       <heap> ... H |-> list(VS:ValSeq => valSeqConcat(VS, vCons(V, .ValSeq))) ... </heap>
       [priority(40)]

  // ==== `x in list` — a <k>-cell fold over #iterNext ========================
END_ITEM
ITEM 0693 /reference/reference-semantics/semantics/list.k:58 kind=syntax attrs=[]
  syntax KItem ::= #memberAcc(Val, Iterable) | #memberCont(Val) | "#notB"
END_ITEM
ITEM 0694 /reference/reference-semantics/semantics/list.k:59 kind=rule attrs=[]
  rule <k> Compare(LV:Val, CmpOp("in",     list(VS:ValSeq))) => #memberAcc(LV, list(VS)) ... </k>
END_ITEM
ITEM 0695 /reference/reference-semantics/semantics/list.k:60 kind=rule attrs=[]
  rule <k> Compare(LV:Val, CmpOp("not in", list(VS:ValSeq))) => #memberAcc(LV, list(VS)) ~> #notB ... </k>
END_ITEM
ITEM 0696 /reference/reference-semantics/semantics/list.k:61 kind=rule attrs=[]
  rule <k> #memberAcc(V:Val, IT:Iterable) => #iterNext(IT) ~> #memberCont(V) ... </k>
END_ITEM
ITEM 0697 /reference/reference-semantics/semantics/list.k:62 kind=rule attrs=[]
  rule <k> #iterDone ~> #memberCont(_V:Val) => false ... </k>
END_ITEM
ITEM 0698 /reference/reference-semantics/semantics/list.k:63 kind=rule attrs=[]
  rule <k> #iterYield(E:Val, _:Iterable) ~> #memberCont(V:Val) => true ... </k>
       requires E ==K V
END_ITEM
ITEM 0699 /reference/reference-semantics/semantics/list.k:65 kind=rule attrs=[]
  rule <k> #iterYield(E:Val, R:Iterable) ~> #memberCont(V:Val) => #memberAcc(V, R) ... </k>
       requires notBool (E ==K V)
END_ITEM
ITEM 0700 /reference/reference-semantics/semantics/list.k:67 kind=rule attrs=[]
  rule <k> B:Bool ~> #notB => notBool B ... </k>
END_ITEM
ITEM 0701 /reference/reference-semantics/semantics/list.k:68 kind=endmodule attrs=[]
endmodule
END_ITEM
ITEM 0702 /reference/reference-semantics/semantics/methods.k:3 kind=module attrs=[]
module MPY-METHODS
END_ITEM
ITEM 0703 /reference/reference-semantics/semantics/methods.k:4 kind=imports attrs=[]
  imports MPY-CORE
END_ITEM
ITEM 0704 /reference/reference-semantics/semantics/methods.k:5 kind=imports attrs=[]
  imports K-EQUAL
END_ITEM
ITEM 0705 /reference/reference-semantics/semantics/methods.k:6 kind=imports attrs=[]
  imports MPY-STR
END_ITEM
ITEM 0706 /reference/reference-semantics/semantics/methods.k:7 kind=imports attrs=[]
  imports MPY-LIST
END_ITEM
ITEM 0707 /reference/reference-semantics/semantics/methods.k:10 kind=syntax attrs=['function']
  syntax Val ::= applyMethod(Val, String, Vals) [function]

  // ==== string predicates (Python semantics) =================================
END_ITEM
ITEM 0708 /reference/reference-semantics/semantics/methods.k:13 kind=rule attrs=[]
  rule applyMethod(str(CS:IntSeq), "isupper", .Vals) => hasUpper(CS) andBool notBool hasLower(CS)
END_ITEM
ITEM 0709 /reference/reference-semantics/semantics/methods.k:14 kind=rule attrs=[]
  rule applyMethod(str(CS:IntSeq), "islower", .Vals) => hasLower(CS) andBool notBool hasUpper(CS)
END_ITEM
ITEM 0710 /reference/reference-semantics/semantics/methods.k:15 kind=rule attrs=[]
  rule applyMethod(str(CS:IntSeq), "isalpha", .Vals) => notBool (CS ==K .IntSeq) andBool allAlpha(CS)
END_ITEM
ITEM 0711 /reference/reference-semantics/semantics/methods.k:16 kind=rule attrs=[]
  rule applyMethod(str(CS:IntSeq), "isdigit", .Vals) => notBool (CS ==K .IntSeq) andBool allDigit(CS)

  // ==== case maps ============================================================
END_ITEM
ITEM 0712 /reference/reference-semantics/semantics/methods.k:19 kind=rule attrs=[]
  rule applyMethod(str(CS:IntSeq), "lower",    .Vals) => str(mapLower(CS))
END_ITEM
ITEM 0713 /reference/reference-semantics/semantics/methods.k:20 kind=rule attrs=[]
  rule applyMethod(str(CS:IntSeq), "upper",    .Vals) => str(mapUpper(CS))
END_ITEM
ITEM 0714 /reference/reference-semantics/semantics/methods.k:21 kind=rule attrs=[]
  rule applyMethod(str(CS:IntSeq), "swapcase", .Vals) => str(mapSwap(CS))

  // ==== join / count / strip / encode ========================================
  // S.join(list-of-str): fold with separator codes (receiver + arg deref'd by
  // the call layer; the result str is a value)
END_ITEM
ITEM 0715 /reference/reference-semantics/semantics/methods.k:26 kind=rule attrs=[]
  rule applyMethod(str(SEP:IntSeq), "join", list(VS:ValSeq), .Vals) => str(joinCodes(SEP, VS))
END_ITEM
ITEM 0716 /reference/reference-semantics/semantics/methods.k:27 kind=syntax attrs=['function', 'total']
  syntax IntSeq ::= joinCodes(IntSeq, ValSeq) [function, total]
END_ITEM
ITEM 0717 /reference/reference-semantics/semantics/methods.k:28 kind=rule attrs=[]
  rule joinCodes(_:IntSeq, .ValSeq) => .IntSeq
END_ITEM
ITEM 0718 /reference/reference-semantics/semantics/methods.k:29 kind=rule attrs=[]
  rule joinCodes(_:IntSeq, vCons(str(CS:IntSeq), .ValSeq)) => CS
END_ITEM
ITEM 0719 /reference/reference-semantics/semantics/methods.k:30 kind=rule attrs=[]
  rule joinCodes(SEP:IntSeq, vCons(str(CS:IntSeq), vCons(V:Val, R:ValSeq)))
    => seqConcat(CS, seqConcat(SEP, joinCodes(SEP, vCons(V, R))))

  // S.count(sub): non-overlapping window scan (Python str.count)
END_ITEM
ITEM 0720 /reference/reference-semantics/semantics/methods.k:34 kind=rule attrs=[]
  rule applyMethod(str(CS:IntSeq), "count", str(PC:IntSeq), .Vals) => cntSub(CS, PC)
END_ITEM
ITEM 0721 /reference/reference-semantics/semantics/methods.k:35 kind=syntax attrs=['function']
  syntax Int ::= cntSub(IntSeq, IntSeq) [function]
END_ITEM
ITEM 0722 /reference/reference-semantics/semantics/methods.k:36 kind=rule attrs=[]
  rule cntSub(.IntSeq, _:IntSeq) => 0
END_ITEM
ITEM 0723 /reference/reference-semantics/semantics/methods.k:37 kind=rule attrs=[]
  rule cntSub(iCons(C:Int, R:IntSeq), PC:IntSeq) => 1 +Int cntSub(dropIS(iCons(C, R), isLen(PC)), PC)
       requires strPrefix(PC, iCons(C, R)) andBool isLen(PC) >Int 0
END_ITEM
ITEM 0724 /reference/reference-semantics/semantics/methods.k:39 kind=rule attrs=[]
  rule cntSub(iCons(C:Int, R:IntSeq), PC:IntSeq) => cntSub(R, PC)
       requires notBool strPrefix(PC, iCons(C, R)) orBool isLen(PC) <=Int 0
END_ITEM
ITEM 0725 /reference/reference-semantics/semantics/methods.k:41 kind=syntax attrs=['function', 'total']
  syntax IntSeq ::= dropIS(IntSeq, Int) [function, total]
END_ITEM
ITEM 0726 /reference/reference-semantics/semantics/methods.k:42 kind=rule attrs=[]
  rule dropIS(S:IntSeq, N:Int) => S requires N <=Int 0
END_ITEM
ITEM 0727 /reference/reference-semantics/semantics/methods.k:43 kind=rule attrs=['owise']
  rule dropIS(.IntSeq, _:Int) => .IntSeq [owise]
END_ITEM
ITEM 0728 /reference/reference-semantics/semantics/methods.k:44 kind=rule attrs=[]
  rule dropIS(iCons(_:Int, R:IntSeq), N:Int) => dropIS(R, N -Int 1) requires N >Int 0

  // S.strip(): trim whitespace runs from both ends
END_ITEM
ITEM 0729 /reference/reference-semantics/semantics/methods.k:47 kind=rule attrs=[]
  rule applyMethod(str(CS:IntSeq), "strip", .Vals) => str(revIS(trimWS(revIS(trimWS(CS)))))
END_ITEM
ITEM 0730 /reference/reference-semantics/semantics/methods.k:48 kind=syntax attrs=['function', 'total']
  syntax IntSeq ::= trimWS(IntSeq) [function, total]
END_ITEM
ITEM 0731 /reference/reference-semantics/semantics/methods.k:49 kind=rule attrs=[]
  rule trimWS(.IntSeq) => .IntSeq
END_ITEM
ITEM 0732 /reference/reference-semantics/semantics/methods.k:50 kind=rule attrs=[]
  rule trimWS(iCons(C:Int, R:IntSeq)) => trimWS(R) requires isWSC(C)
END_ITEM
ITEM 0733 /reference/reference-semantics/semantics/methods.k:51 kind=rule attrs=[]
  rule trimWS(iCons(C:Int, R:IntSeq)) => iCons(C, R) requires notBool isWSC(C)
END_ITEM
ITEM 0734 /reference/reference-semantics/semantics/methods.k:52 kind=syntax attrs=['function', 'total']
  syntax IntSeq ::= revIS(IntSeq) [function, total] | revISAcc(IntSeq, IntSeq) [function, total]
END_ITEM
ITEM 0735 /reference/reference-semantics/semantics/methods.k:53 kind=rule attrs=[]
  rule revIS(S:IntSeq) => revISAcc(S, .IntSeq)
END_ITEM
ITEM 0736 /reference/reference-semantics/semantics/methods.k:54 kind=rule attrs=[]
  rule revISAcc(.IntSeq, A:IntSeq) => A
END_ITEM
ITEM 0737 /reference/reference-semantics/semantics/methods.k:55 kind=rule attrs=[]
  rule revISAcc(iCons(C:Int, R:IntSeq), A:IntSeq) => revISAcc(R, iCons(C, A))

  // S.encode('ascii'): identity on the code-sequence model (bytes == codes)
END_ITEM
ITEM 0738 /reference/reference-semantics/semantics/methods.k:58 kind=rule attrs=[]
  rule applyMethod(str(CS:IntSeq), "encode", str(_:IntSeq), .Vals) => str(CS)

  // ==== prefix ===============================================================
END_ITEM
ITEM 0739 /reference/reference-semantics/semantics/methods.k:61 kind=rule attrs=[]
  rule applyMethod(str(XC:IntSeq), "startswith", str(PC:IntSeq), .Vals) => startsWith(PC, XC)

  // ==== list.count(v) — number of occurrences of v in the list (concrete for krun) ==========
END_ITEM
ITEM 0740 /reference/reference-semantics/semantics/methods.k:64 kind=rule attrs=[]
  rule applyMethod(list(VS:ValSeq), "count", V:Val, .Vals) => cntOccVS(VS, V)
END_ITEM
ITEM 0741 /reference/reference-semantics/semantics/methods.k:65 kind=syntax attrs=['function', 'total']
  syntax Int ::= cntOccVS(ValSeq, Val) [function, total]
END_ITEM
ITEM 0742 /reference/reference-semantics/semantics/methods.k:66 kind=rule attrs=[]
  rule cntOccVS(.ValSeq, _:Val)                => 0
END_ITEM
ITEM 0743 /reference/reference-semantics/semantics/methods.k:67 kind=rule attrs=[]
  rule cntOccVS(vCons(A:Val, R:ValSeq), V:Val) => 1 +Int cntOccVS(R, V) requires A ==K V
END_ITEM
ITEM 0744 /reference/reference-semantics/semantics/methods.k:68 kind=rule attrs=[]
  rule cntOccVS(vCons(A:Val, R:ValSeq), V:Val) => cntOccVS(R, V)        requires notBool (A ==K V)

  // ==== split (no-arg: on whitespace runs, dropping empty tokens) + replace (single char) ==========
  // Concrete string ops for krun. A proof over a symbolic string intercepts the split problem-locally.
END_ITEM
ITEM 0745 /reference/reference-semantics/semantics/methods.k:72 kind=rule attrs=['priority']
  rule <k> #applyK(toCall(boundMethodV(str(CS:IntSeq), "split")), .Vals)
        => #alloc(list(splitWS(CS, .IntSeq, .ValSeq))) ... </k>
       [priority(40)]
END_ITEM
ITEM 0746 /reference/reference-semantics/semantics/methods.k:75 kind=syntax attrs=['function']
  syntax ValSeq ::= splitWS(IntSeq, IntSeq, ValSeq) [function]  // remaining, current token, result
END_ITEM
ITEM 0747 /reference/reference-semantics/semantics/methods.k:76 kind=rule attrs=[]
  rule splitWS(.IntSeq, CUR:IntSeq, ACC:ValSeq) => flushTok(ACC, CUR)
END_ITEM
ITEM 0748 /reference/reference-semantics/semantics/methods.k:77 kind=rule attrs=[]
  rule splitWS(iCons(C:Int, R:IntSeq), CUR:IntSeq, ACC:ValSeq) => splitWS(R, .IntSeq, flushTok(ACC, CUR))
       requires isWSC(C)
END_ITEM
ITEM 0749 /reference/reference-semantics/semantics/methods.k:79 kind=rule attrs=[]
  rule splitWS(iCons(C:Int, R:IntSeq), CUR:IntSeq, ACC:ValSeq) => splitWS(R, seqConcat(CUR, iCons(C, .IntSeq)), ACC)
       requires notBool isWSC(C)
  // flush the current token to the result list iff non-empty.
END_ITEM
ITEM 0750 /reference/reference-semantics/semantics/methods.k:82 kind=syntax attrs=['function']
  syntax ValSeq ::= flushTok(ValSeq, IntSeq) [function]
END_ITEM
ITEM 0751 /reference/reference-semantics/semantics/methods.k:83 kind=rule attrs=[]
  rule flushTok(ACC:ValSeq, .IntSeq)            => ACC
END_ITEM
ITEM 0752 /reference/reference-semantics/semantics/methods.k:84 kind=rule attrs=[]
  rule flushTok(ACC:ValSeq, iCons(C:Int, T:IntSeq)) => valSeqConcat(ACC, vCons(str(iCons(C, T)), .ValSeq))
END_ITEM
ITEM 0753 /reference/reference-semantics/semantics/methods.k:85 kind=syntax attrs=['function', 'total']
  syntax Bool ::= isWSC(Int) [function, total]
END_ITEM
ITEM 0754 /reference/reference-semantics/semantics/methods.k:86 kind=rule attrs=[]
  rule isWSC(C:Int) => C ==Int 32 orBool C ==Int 9 orBool C ==Int 10 orBool C ==Int 13

  // split(sep='x') keyword form delegates to the positional k-cell rule
END_ITEM
ITEM 0755 /reference/reference-semantics/semantics/methods.k:89 kind=rule attrs=['priority']
  rule <k> #applyK(toCall(boundMethodV(str(CS:IntSeq), "split")), (kwV("sep", str(S:IntSeq)), .Vals))
        => #applyK(toCall(boundMethodV(str(CS), "split")), (str(S), .Vals)) ... </k>
       [priority(39)]

  // str.split(sep) — single-char separator, KEEPING empty parts (Python's sep-split; len == #sep + 1).
END_ITEM
ITEM 0756 /reference/reference-semantics/semantics/methods.k:94 kind=rule attrs=['priority']
  rule <k> #applyK(toCall(boundMethodV(str(CS:IntSeq), "split")), (str(iCons(SEP:Int, .IntSeq)), .Vals))
        => #alloc(list(splitSep(CS, SEP, .IntSeq))) ... </k>
       [priority(40)]
END_ITEM
ITEM 0757 /reference/reference-semantics/semantics/methods.k:97 kind=syntax attrs=['function']
  syntax ValSeq ::= splitSep(IntSeq, Int, IntSeq) [function]  // remaining, sep code, current token
END_ITEM
ITEM 0758 /reference/reference-semantics/semantics/methods.k:98 kind=rule attrs=[]
  rule splitSep(.IntSeq, _SEP:Int, CUR:IntSeq)              => vCons(str(CUR), .ValSeq)
END_ITEM
ITEM 0759 /reference/reference-semantics/semantics/methods.k:99 kind=rule attrs=[]
  rule splitSep(iCons(C:Int, R:IntSeq), SEP:Int, CUR:IntSeq) => vCons(str(CUR), splitSep(R, SEP, .IntSeq))
       requires C ==Int SEP
END_ITEM
ITEM 0760 /reference/reference-semantics/semantics/methods.k:101 kind=rule attrs=[]
  rule splitSep(iCons(C:Int, R:IntSeq), SEP:Int, CUR:IntSeq) => splitSep(R, SEP, seqConcat(CUR, iCons(C, .IntSeq)))
       requires notBool (C ==Int SEP)
END_ITEM
ITEM 0761 /reference/reference-semantics/semantics/methods.k:104 kind=rule attrs=[]
  rule applyMethod(str(CS:IntSeq), "replace", str(iCons(A:Int, .IntSeq)), str(iCons(B:Int, .IntSeq)), .Vals)
    => str(replaceC(CS, A, B))
END_ITEM
ITEM 0762 /reference/reference-semantics/semantics/methods.k:106 kind=syntax attrs=['function', 'total']
  syntax IntSeq ::= replaceC(IntSeq, Int, Int) [function, total]
END_ITEM
ITEM 0763 /reference/reference-semantics/semantics/methods.k:107 kind=rule attrs=[]
  rule replaceC(.IntSeq, _:Int, _:Int)             => .IntSeq
END_ITEM
ITEM 0764 /reference/reference-semantics/semantics/methods.k:108 kind=rule attrs=[]
  rule replaceC(iCons(C:Int, R:IntSeq), A:Int, B:Int) => iCons(B, replaceC(R, A, B)) requires C ==Int A
END_ITEM
ITEM 0765 /reference/reference-semantics/semantics/methods.k:109 kind=rule attrs=[]
  rule replaceC(iCons(C:Int, R:IntSeq), A:Int, B:Int) => iCons(C, replaceC(R, A, B)) requires notBool (C ==Int A)

  // ==== char helpers =========================================================
END_ITEM
ITEM 0766 /reference/reference-semantics/semantics/methods.k:112 kind=syntax attrs=['function', 'total']
  syntax Bool ::= isUpperC(Int) [function, total]
END_ITEM
ITEM 0767 /reference/reference-semantics/semantics/methods.k:113 kind=rule attrs=[]
  rule isUpperC(C:Int) => C >=Int 65 andBool C <=Int 90
END_ITEM
ITEM 0768 /reference/reference-semantics/semantics/methods.k:115 kind=syntax attrs=['function', 'total']
  syntax Bool ::= isLowerC(Int) [function, total]
END_ITEM
ITEM 0769 /reference/reference-semantics/semantics/methods.k:116 kind=rule attrs=[]
  rule isLowerC(C:Int) => C >=Int 97 andBool C <=Int 122
END_ITEM
ITEM 0770 /reference/reference-semantics/semantics/methods.k:118 kind=syntax attrs=['function', 'total']
  syntax Bool ::= isAlphaC(Int) [function, total]
END_ITEM
ITEM 0771 /reference/reference-semantics/semantics/methods.k:119 kind=rule attrs=[]
  rule isAlphaC(C:Int) => isUpperC(C) orBool isLowerC(C)
END_ITEM
ITEM 0772 /reference/reference-semantics/semantics/methods.k:121 kind=syntax attrs=['function', 'total']
  syntax Bool ::= isDigitC(Int) [function, total]
END_ITEM
ITEM 0773 /reference/reference-semantics/semantics/methods.k:122 kind=rule attrs=[]
  rule isDigitC(C:Int) => C >=Int 48 andBool C <=Int 57
END_ITEM
ITEM 0774 /reference/reference-semantics/semantics/methods.k:124 kind=syntax attrs=['function', 'total']
  syntax Bool ::= hasUpper(IntSeq) [function, total]
END_ITEM
ITEM 0775 /reference/reference-semantics/semantics/methods.k:125 kind=rule attrs=[]
  rule hasUpper(.IntSeq) => false
END_ITEM
ITEM 0776 /reference/reference-semantics/semantics/methods.k:126 kind=rule attrs=[]
  rule hasUpper(iCons(C:Int, S:IntSeq)) => isUpperC(C) orBool hasUpper(S)
END_ITEM
ITEM 0777 /reference/reference-semantics/semantics/methods.k:128 kind=syntax attrs=['function', 'total']
  syntax Bool ::= hasLower(IntSeq) [function, total]
END_ITEM
ITEM 0778 /reference/reference-semantics/semantics/methods.k:129 kind=rule attrs=[]
  rule hasLower(.IntSeq) => false
END_ITEM
ITEM 0779 /reference/reference-semantics/semantics/methods.k:130 kind=rule attrs=[]
  rule hasLower(iCons(C:Int, S:IntSeq)) => isLowerC(C) orBool hasLower(S)
END_ITEM
ITEM 0780 /reference/reference-semantics/semantics/methods.k:132 kind=syntax attrs=['function', 'total']
  syntax Bool ::= allAlpha(IntSeq) [function, total]
END_ITEM
ITEM 0781 /reference/reference-semantics/semantics/methods.k:133 kind=rule attrs=[]
  rule allAlpha(.IntSeq) => true
END_ITEM
ITEM 0782 /reference/reference-semantics/semantics/methods.k:134 kind=rule attrs=[]
  rule allAlpha(iCons(C:Int, S:IntSeq)) => isAlphaC(C) andBool allAlpha(S)
END_ITEM
ITEM 0783 /reference/reference-semantics/semantics/methods.k:136 kind=syntax attrs=['function', 'total']
  syntax Bool ::= allDigit(IntSeq) [function, total]
END_ITEM
ITEM 0784 /reference/reference-semantics/semantics/methods.k:137 kind=rule attrs=[]
  rule allDigit(.IntSeq) => true
END_ITEM
ITEM 0785 /reference/reference-semantics/semantics/methods.k:138 kind=rule attrs=[]
  rule allDigit(iCons(C:Int, S:IntSeq)) => isDigitC(C) andBool allDigit(S)
END_ITEM
ITEM 0786 /reference/reference-semantics/semantics/methods.k:140 kind=syntax attrs=['function', 'total']
  syntax Int ::= lowerC(Int) [function, total]
END_ITEM
ITEM 0787 /reference/reference-semantics/semantics/methods.k:142 kind=rule attrs=[]
  rule lowerC(C:Int) => C +Int 32 requires isUpperC(C)
END_ITEM
ITEM 0788 /reference/reference-semantics/semantics/methods.k:143 kind=rule attrs=['owise']
  rule lowerC(C:Int) => C         [owise]
END_ITEM
ITEM 0789 /reference/reference-semantics/semantics/methods.k:145 kind=syntax attrs=['function', 'total']
  syntax Int ::= upperC(Int) [function, total]
END_ITEM
ITEM 0790 /reference/reference-semantics/semantics/methods.k:146 kind=rule attrs=[]
  rule upperC(C:Int) => C -Int 32 requires isLowerC(C)
END_ITEM
ITEM 0791 /reference/reference-semantics/semantics/methods.k:147 kind=rule attrs=['owise']
  rule upperC(C:Int) => C         [owise]
END_ITEM
ITEM 0792 /reference/reference-semantics/semantics/methods.k:149 kind=syntax attrs=['function', 'total']
  syntax Int ::= swapC(Int) [function, total]
END_ITEM
ITEM 0793 /reference/reference-semantics/semantics/methods.k:150 kind=rule attrs=[]
  rule swapC(C:Int) => C +Int 32 requires isUpperC(C)
END_ITEM
ITEM 0794 /reference/reference-semantics/semantics/methods.k:151 kind=rule attrs=[]
  rule swapC(C:Int) => C -Int 32 requires isLowerC(C)
END_ITEM
ITEM 0795 /reference/reference-semantics/semantics/methods.k:152 kind=rule attrs=['owise']
  rule swapC(C:Int) => C         [owise]
END_ITEM
ITEM 0796 /reference/reference-semantics/semantics/methods.k:154 kind=syntax attrs=['function', 'total']
  syntax IntSeq ::= mapLower(IntSeq) [function, total]
END_ITEM
ITEM 0797 /reference/reference-semantics/semantics/methods.k:155 kind=rule attrs=[]
  rule mapLower(.IntSeq) => .IntSeq
END_ITEM
ITEM 0798 /reference/reference-semantics/semantics/methods.k:156 kind=rule attrs=[]
  rule mapLower(iCons(C:Int, S:IntSeq)) => iCons(lowerC(C), mapLower(S))
END_ITEM
ITEM 0799 /reference/reference-semantics/semantics/methods.k:158 kind=syntax attrs=['function', 'total']
  syntax IntSeq ::= mapUpper(IntSeq) [function, total]
END_ITEM
ITEM 0800 /reference/reference-semantics/semantics/methods.k:159 kind=rule attrs=[]
  rule mapUpper(.IntSeq) => .IntSeq
END_ITEM
ITEM 0801 /reference/reference-semantics/semantics/methods.k:160 kind=rule attrs=[]
  rule mapUpper(iCons(C:Int, S:IntSeq)) => iCons(upperC(C), mapUpper(S))
END_ITEM
ITEM 0802 /reference/reference-semantics/semantics/methods.k:162 kind=syntax attrs=['function', 'total']
  syntax IntSeq ::= mapSwap(IntSeq) [function, total]
END_ITEM
ITEM 0803 /reference/reference-semantics/semantics/methods.k:163 kind=rule attrs=[]
  rule mapSwap(.IntSeq) => .IntSeq
END_ITEM
ITEM 0804 /reference/reference-semantics/semantics/methods.k:164 kind=rule attrs=[]
  rule mapSwap(iCons(C:Int, S:IntSeq)) => iCons(swapC(C), mapSwap(S))
END_ITEM
ITEM 0805 /reference/reference-semantics/semantics/methods.k:166 kind=syntax attrs=['function', 'total']
  syntax Bool ::= startsWith(IntSeq, IntSeq) [function, total]
END_ITEM
ITEM 0806 /reference/reference-semantics/semantics/methods.k:167 kind=rule attrs=[]
  rule startsWith(.IntSeq, _:IntSeq)               => true
END_ITEM
ITEM 0807 /reference/reference-semantics/semantics/methods.k:168 kind=rule attrs=[]
  rule startsWith(iCons(_:Int, _:IntSeq), .IntSeq) => false
END_ITEM
ITEM 0808 /reference/reference-semantics/semantics/methods.k:169 kind=rule attrs=[]
  rule startsWith(iCons(A:Int, As:IntSeq), iCons(B:Int, Bs:IntSeq)) => A ==Int B andBool startsWith(As, Bs)
END_ITEM
ITEM 0809 /reference/reference-semantics/semantics/methods.k:170 kind=endmodule attrs=[]
endmodule
END_ITEM
ITEM 0810 /reference/reference-semantics/semantics/operators.k:6 kind=module attrs=[]
module MPY-OPERATORS
END_ITEM
ITEM 0811 /reference/reference-semantics/semantics/operators.k:7 kind=imports attrs=[]
  imports MPY-CORE
END_ITEM
ITEM 0812 /reference/reference-semantics/semantics/operators.k:8 kind=imports attrs=[]
  imports MPY-ITER
END_ITEM
ITEM 0813 /reference/reference-semantics/semantics/operators.k:10 kind=rule attrs=[]
  rule <k> UnaryOp(OP:String, V:Val) => applyUn(OP, V) ... </k>
END_ITEM
ITEM 0814 /reference/reference-semantics/semantics/operators.k:12 kind=rule attrs=[]
  rule <k> BinOp(OP:String, L:Val, R:Val) => applyBin(OP, L, R) ... </k>

  // Compare's right operand sits under the CmpOp wrapper — contexts instead of attributes
END_ITEM
ITEM 0815 /reference/reference-semantics/semantics/operators.k:15 kind=context attrs=[]
  context Compare(HOLE, _)
END_ITEM
ITEM 0816 /reference/reference-semantics/semantics/operators.k:16 kind=context attrs=[]
  context Compare(_:Val, CmpOp(_, HOLE))
END_ITEM
ITEM 0817 /reference/reference-semantics/semantics/operators.k:17 kind=rule attrs=['owise']
  rule <k> Compare(LV:Val, CmpOp(OP:String, RV:Val)) => applyCmp(OP, LV, RV) ... </k> [owise]
END_ITEM
ITEM 0818 /reference/reference-semantics/semantics/operators.k:19 kind=rule attrs=[]
  rule applyCmp("is",     V:Val, noneV) => V ==K noneV
END_ITEM
ITEM 0819 /reference/reference-semantics/semantics/operators.k:20 kind=rule attrs=['priority']
  rule applyCmp("is not", V:Val, noneV) => notBool (V ==K noneV)

  // ==== operand deref: heap objects combine/compare by STRUCTURE ============
  // (Python: list == is structural; identity only via `is`.) priority(40)
  // preempts the generic dispatch so applyUn/applyBin/applyCmp never see a ref.
END_ITEM
ITEM 0820 /reference/reference-semantics/semantics/operators.k:25 kind=rule attrs=['priority']
  rule <k> BinOp(OP:String, ref(H:Int), R:Expr) => BinOp(OP, V, R) ... </k>
       <heap> ... H |-> V:Val ... </heap>
       [priority(40)]
END_ITEM
ITEM 0821 /reference/reference-semantics/semantics/operators.k:28 kind=rule attrs=['priority']
  rule <k> BinOp(OP:String, L:Val, ref(H:Int)) => BinOp(OP, L, V) ... </k>
       <heap> ... H |-> V:Val ... </heap>
       requires notBool isRefV(L)
       [priority(40)]

  // the left operand of `in`/`not in` is an ELEMENT (compares by ==K) — never deref'd
END_ITEM
ITEM 0822 /reference/reference-semantics/semantics/operators.k:34 kind=rule attrs=['priority']
  rule <k> Compare(ref(H:Int), CmpOp(OP:String, R:Expr)) => Compare(V, CmpOp(OP, R)) ... </k>
       <heap> ... H |-> V:Val ... </heap>
       requires OP =/=String "in" andBool OP =/=String "not in"
       [priority(40)]
END_ITEM
ITEM 0823 /reference/reference-semantics/semantics/operators.k:38 kind=rule attrs=['priority']
  rule <k> Compare(L:Val, CmpOp(OP:String, ref(H:Int))) => Compare(L, CmpOp(OP, V)) ... </k>
       <heap> ... H |-> V:Val ... </heap>
       requires notBool isRefV(L)
        orBool OP ==String "in" orBool OP ==String "not in"
       [priority(40)]
END_ITEM
ITEM 0824 /reference/reference-semantics/semantics/operators.k:44 kind=rule attrs=['priority']
  rule <k> UnaryOp(OP:String, ref(H:Int)) => UnaryOp(OP, V) ... </k>
       <heap> ... H |-> V:Val ... </heap>
       [priority(40)]
END_ITEM
ITEM 0825 /reference/reference-semantics/semantics/operators.k:47 kind=endmodule attrs=[]
endmodule
END_ITEM
ITEM 0826 /reference/reference-semantics/semantics/range.k:5 kind=module attrs=[]
module MPY-RANGE
END_ITEM
ITEM 0827 /reference/reference-semantics/semantics/range.k:6 kind=imports attrs=[]
  imports MPY-CORE
END_ITEM
ITEM 0828 /reference/reference-semantics/semantics/range.k:7 kind=imports attrs=[]
  imports MPY-ITER
END_ITEM
ITEM 0829 /reference/reference-semantics/semantics/range.k:9 kind=syntax attrs=['function', 'total']
  syntax Bool ::= inRange(Int, Int, Int) [function, total]
END_ITEM
ITEM 0830 /reference/reference-semantics/semantics/range.k:10 kind=rule attrs=[]
  rule inRange(I:Int, HI:Int, ST:Int) => (ST >Int 0 andBool I <Int HI) orBool (ST <Int 0 andBool I >Int HI)
END_ITEM
ITEM 0831 /reference/reference-semantics/semantics/range.k:12 kind=syntax attrs=['function']
  syntax Int ::= rangeLen(Int, Int, Int) [function]
END_ITEM
ITEM 0832 /reference/reference-semantics/semantics/range.k:13 kind=rule attrs=[]
  rule rangeLen(LO:Int, HI:Int, ST:Int) => (HI -Int LO +Int ST -Int 1) /Int ST
       requires ST >Int 0 andBool HI >Int LO
END_ITEM
ITEM 0833 /reference/reference-semantics/semantics/range.k:15 kind=rule attrs=[]
  rule rangeLen(LO:Int, HI:Int, ST:Int) => (LO -Int HI -Int ST -Int 1) /Int (0 -Int ST)
       requires ST <Int 0 andBool HI <Int LO
END_ITEM
ITEM 0834 /reference/reference-semantics/semantics/range.k:17 kind=rule attrs=[]
  rule rangeLen(LO:Int, HI:Int, ST:Int) => 0
       requires (ST >Int 0 andBool HI <=Int LO) orBool (ST <Int 0 andBool HI >=Int LO)
END_ITEM
ITEM 0835 /reference/reference-semantics/semantics/range.k:20 kind=rule attrs=[]
  rule <k> #iterNext(rangeObj(I:Int, HI:Int, ST:Int))
        => #iterYield(I, rangeObj(I +Int ST, HI, ST)) ... </k>
       requires inRange(I, HI, ST)
END_ITEM
ITEM 0836 /reference/reference-semantics/semantics/range.k:23 kind=rule attrs=[]
  rule <k> #iterNext(rangeObj(I:Int, HI:Int, ST:Int)) => #iterDone ... </k>
       requires notBool inRange(I, HI, ST)
END_ITEM
ITEM 0837 /reference/reference-semantics/semantics/range.k:25 kind=endmodule attrs=[]
endmodule
END_ITEM
ITEM 0838 /reference/reference-semantics/semantics/set.k:3 kind=module attrs=[]
module MPY-SET
END_ITEM
ITEM 0839 /reference/reference-semantics/semantics/set.k:4 kind=imports attrs=[]
  imports MPY-CORE
END_ITEM
ITEM 0840 /reference/reference-semantics/semantics/set.k:8 kind=syntax attrs=[]
  syntax Val ::= setV(IntSeq)

  // membership of a code in the accumulated distinct-code sequence
END_ITEM
ITEM 0841 /reference/reference-semantics/semantics/set.k:11 kind=syntax attrs=['function', 'total']
  syntax Bool ::= codeIn(Int, IntSeq) [function, total]
END_ITEM
ITEM 0842 /reference/reference-semantics/semantics/set.k:12 kind=rule attrs=[]
  rule codeIn(_:Int, .IntSeq)                => false
END_ITEM
ITEM 0843 /reference/reference-semantics/semantics/set.k:13 kind=rule attrs=[]
  rule codeIn(C:Int, iCons(H:Int, T:IntSeq)) => C ==Int H orBool codeIn(C, T)

  // the distinct codes of CS (insert-if-absent fold, first-seen order)
END_ITEM
ITEM 0844 /reference/reference-semantics/semantics/set.k:16 kind=syntax attrs=['function', 'total']
  syntax IntSeq ::= dedupCodes(IntSeq)         [function, total]
                  | dedupFrom(IntSeq, IntSeq)  [function, total]
END_ITEM
ITEM 0845 /reference/reference-semantics/semantics/set.k:18 kind=rule attrs=[]
  rule dedupCodes(CS:IntSeq) => dedupFrom(CS, .IntSeq)
END_ITEM
ITEM 0846 /reference/reference-semantics/semantics/set.k:19 kind=rule attrs=[]
  rule dedupFrom(.IntSeq, ACC:IntSeq) => ACC
END_ITEM
ITEM 0847 /reference/reference-semantics/semantics/set.k:20 kind=rule attrs=[]
  rule dedupFrom(iCons(C:Int, S:IntSeq), ACC:IntSeq) => dedupFrom(S, ACC)
       requires codeIn(C, ACC)
END_ITEM
ITEM 0848 /reference/reference-semantics/semantics/set.k:22 kind=rule attrs=[]
  rule dedupFrom(iCons(C:Int, S:IntSeq), ACC:IntSeq) => dedupFrom(S, snocCode(ACC, C))
       requires notBool codeIn(C, ACC)
END_ITEM
ITEM 0849 /reference/reference-semantics/semantics/set.k:25 kind=syntax attrs=['function', 'total']
  syntax IntSeq ::= snocCode(IntSeq, Int) [function, total]
END_ITEM
ITEM 0850 /reference/reference-semantics/semantics/set.k:26 kind=rule attrs=[]
  rule snocCode(.IntSeq, C:Int)                => iCons(C, .IntSeq)
END_ITEM
ITEM 0851 /reference/reference-semantics/semantics/set.k:27 kind=rule attrs=[]
  rule snocCode(iCons(H:Int, T:IntSeq), C:Int) => iCons(H, snocCode(T, C))

  // ==== set equality: two sets are equal iff mutually subsuming ==============
  // subsetCodes(A, B) — every code of A occurs in B (duplicates in A are harmless).
END_ITEM
ITEM 0852 /reference/reference-semantics/semantics/set.k:31 kind=syntax attrs=['function', 'total']
  syntax Bool ::= subsetCodes(IntSeq, IntSeq) [function, total]
END_ITEM
ITEM 0853 /reference/reference-semantics/semantics/set.k:32 kind=rule attrs=[]
  rule subsetCodes(.IntSeq, _:IntSeq)                => true
END_ITEM
ITEM 0854 /reference/reference-semantics/semantics/set.k:33 kind=rule attrs=[]
  rule subsetCodes(iCons(C:Int, S:IntSeq), B:IntSeq) => codeIn(C, B) andBool subsetCodes(S, B)
END_ITEM
ITEM 0855 /reference/reference-semantics/semantics/set.k:35 kind=syntax attrs=['function', 'total']
  syntax Bool ::= sameSet(IntSeq, IntSeq) [function, total]
END_ITEM
ITEM 0856 /reference/reference-semantics/semantics/set.k:36 kind=rule attrs=[]
  rule sameSet(A:IntSeq, B:IntSeq) => subsetCodes(A, B) andBool subsetCodes(B, A)

  // set == set  (the only comparison sets support here)
END_ITEM
ITEM 0857 /reference/reference-semantics/semantics/set.k:39 kind=rule attrs=[]
  rule applyCmp("==", setV(A:IntSeq), setV(B:IntSeq)) => sameSet(A, B)
END_ITEM
ITEM 0858 /reference/reference-semantics/semantics/set.k:40 kind=endmodule attrs=[]
endmodule
END_ITEM
ITEM 0859 /reference/reference-semantics/semantics/sort.k:10 kind=module attrs=[]
module MPY-SORT
END_ITEM
ITEM 0860 /reference/reference-semantics/semantics/sort.k:11 kind=imports attrs=[]
  imports MPY-BUILTINS
END_ITEM
ITEM 0861 /reference/reference-semantics/semantics/sort.k:12 kind=imports attrs=[]
  imports MPY-SUBSCRIPT
END_ITEM
ITEM 0862 /reference/reference-semantics/semantics/sort.k:18 kind=syntax attrs=['function', 'total', 'symbol']
  syntax ValSeq ::= sortVS(ValSeq) [function, total, symbol(sortVS), no-evaluators]
END_ITEM
ITEM 0863 /reference/reference-semantics/semantics/sort.k:19 kind=syntax attrs=['function']
  syntax ValSeq ::= insVS(Int, ValSeq) [function]
END_ITEM
ITEM 0864 /reference/reference-semantics/semantics/sort.k:20 kind=rule attrs=[]
  rule sortVS(.ValSeq)                => .ValSeq          [concrete]
END_ITEM
ITEM 0865 /reference/reference-semantics/semantics/sort.k:21 kind=rule attrs=[]
  rule sortVS(vCons(X:Int, R:ValSeq)) => insVS(X, sortVS(R)) [concrete]
END_ITEM
ITEM 0866 /reference/reference-semantics/semantics/sort.k:22 kind=rule attrs=[]
  rule insVS(X:Int, .ValSeq)                => vCons(X, .ValSeq) [concrete]
END_ITEM
ITEM 0867 /reference/reference-semantics/semantics/sort.k:23 kind=rule attrs=[]
  rule insVS(X:Int, vCons(Y:Int, R:ValSeq)) => vCons(X, vCons(Y, R)) requires X <=Int Y [concrete]
END_ITEM
ITEM 0868 /reference/reference-semantics/semantics/sort.k:24 kind=rule attrs=[]
  rule insVS(X:Int, vCons(Y:Int, R:ValSeq)) => vCons(Y, insVS(X, R)) requires X  >Int Y [concrete]
  // str elements insert by the shared lexicographic strLt (methods.k)
END_ITEM
ITEM 0869 /reference/reference-semantics/semantics/sort.k:26 kind=syntax attrs=['function']
  syntax ValSeq ::= insVSs(IntSeq, ValSeq) [function]
END_ITEM
ITEM 0870 /reference/reference-semantics/semantics/sort.k:27 kind=rule attrs=[]
  rule sortVS(vCons(str(CS:IntSeq), R:ValSeq)) => insVSs(CS, sortVS(R)) [concrete]
END_ITEM
ITEM 0871 /reference/reference-semantics/semantics/sort.k:28 kind=rule attrs=[]
  rule insVSs(A:IntSeq, .ValSeq) => vCons(str(A), .ValSeq) [concrete]
END_ITEM
ITEM 0872 /reference/reference-semantics/semantics/sort.k:29 kind=rule attrs=[]
  rule insVSs(A:IntSeq, vCons(str(B:IntSeq), R:ValSeq)) => vCons(str(A), vCons(str(B), R))
       requires strLt(A, B) orBool A ==K B [concrete]
END_ITEM
ITEM 0873 /reference/reference-semantics/semantics/sort.k:31 kind=rule attrs=['owise']
  rule insVSs(A:IntSeq, vCons(str(B:IntSeq), R:ValSeq)) => vCons(str(B), insVSs(A, R))
       requires notBool (strLt(A, B) orBool A ==K B) [concrete]

  // sorted(list) constructs a NEW object: k-cell pre-dispatch (beats the [owise]
  // applyBuiltin routing in call.k) so the result allocates.
END_ITEM
ITEM 0874 /reference/reference-semantics/semantics/sort.k:36 kind=rule attrs=[]
  rule <k> #applyK(toCall(builtinV("sorted")), (list(VS:ValSeq), .Vals))
        => #alloc(list(sortVS(VS))) ... </k>

  // mutator: xs.sort() — the in-place heap write over the same trusted sortVS
END_ITEM
ITEM 0875 /reference/reference-semantics/semantics/sort.k:40 kind=rule attrs=['priority']
  rule <k> #applyK(toCall(boundMethodV(ref(H:Int), "sort")), .Vals) => noneV ... </k>
       <heap> ... H |-> list(VS:ValSeq => sortVS(VS)) ... </heap>
       [priority(40)]

  // ==== keyed / reversed sorted() (WP2) =====================================
  // sortKeyVS(VS, KV): the stable ascending sort of VS by the key value KV
  // (a closure/builtin/type — anything callable). OPAQUE here; the concrete
  // leg (MPY-CONCRETE, llvm only) computes keys by REAL calls and stable-
  // inserts, at priority(40) over these.
END_ITEM
ITEM 0876 /reference/reference-semantics/semantics/sort.k:49 kind=syntax attrs=['function', 'total', 'symbol']
  syntax ValSeq ::= sortKeyVS(ValSeq, Val) [function, total, symbol(sortKeyVS), no-evaluators]
END_ITEM
ITEM 0877 /reference/reference-semantics/semantics/sort.k:51 kind=syntax attrs=['function', 'total']
  syntax ValSeq ::= revVS(ValSeq) [function, total]
                  | revVSAcc(ValSeq, ValSeq) [function, total]
END_ITEM
ITEM 0878 /reference/reference-semantics/semantics/sort.k:53 kind=rule attrs=[]
  rule revVS(S:ValSeq) => revVSAcc(S, .ValSeq)
END_ITEM
ITEM 0879 /reference/reference-semantics/semantics/sort.k:54 kind=rule attrs=[]
  rule revVSAcc(.ValSeq, A:ValSeq) => A
END_ITEM
ITEM 0880 /reference/reference-semantics/semantics/sort.k:55 kind=rule attrs=[]
  rule revVSAcc(vCons(V:Val, R:ValSeq), A:ValSeq) => revVSAcc(R, vCons(V, A))
END_ITEM
ITEM 0881 /reference/reference-semantics/semantics/sort.k:57 kind=syntax attrs=['function', 'total']
  syntax ValSeq ::= condRev(ValSeq, Bool) [function, total]
END_ITEM
ITEM 0882 /reference/reference-semantics/semantics/sort.k:58 kind=rule attrs=[]
  rule condRev(S:ValSeq, false) => S
END_ITEM
ITEM 0883 /reference/reference-semantics/semantics/sort.k:59 kind=rule attrs=[]
  rule condRev(S:ValSeq, true)  => revVS(S)
END_ITEM
ITEM 0884 /reference/reference-semantics/semantics/sort.k:61 kind=rule attrs=[]
  rule <k> #applyK(toCall(builtinV("sorted")), (list(VS:ValSeq), kwV("key", KV:Val), .Vals))
        => #alloc(list(sortKeyVS(VS, KV))) ... </k>
END_ITEM
ITEM 0885 /reference/reference-semantics/semantics/sort.k:63 kind=rule attrs=[]
  rule <k> #applyK(toCall(builtinV("sorted")), (list(VS:ValSeq), kwV("key", KV:Val), kwV("reverse", RB:Bool), .Vals))
        => #alloc(list(condRev(sortKeyVS(VS, KV), RB))) ... </k>
END_ITEM
ITEM 0886 /reference/reference-semantics/semantics/sort.k:65 kind=rule attrs=['total']
  rule <k> #applyK(toCall(builtinV("sorted")), (list(VS:ValSeq), kwV("reverse", RB:Bool), .Vals))
        => #alloc(list(condRev(sortVS(VS), RB))) ... </k>

  // Indexing the opaque sorted list: `valSeqAt(sortVS(VS), I)` is DEFINED because valSeqAt is
  // [total] (subscript.k) — it stays an abstract total value for a symbolic sort and reduces
  // over the concrete sort for krun. No separate sortedAt indirection is needed; wrappers write
  // their postcondition directly as valSeqAt(sortVS(VS), …).
END_ITEM
ITEM 0887 /reference/reference-semantics/semantics/sort.k:72 kind=endmodule attrs=[]
endmodule
END_ITEM
ITEM 0888 /reference/reference-semantics/semantics/str.k:3 kind=module attrs=[]
module MPY-STR
END_ITEM
ITEM 0889 /reference/reference-semantics/semantics/str.k:4 kind=imports attrs=[]
  imports MPY-CORE
END_ITEM
ITEM 0890 /reference/reference-semantics/semantics/str.k:5 kind=imports attrs=[]
  imports MPY-ITER
END_ITEM
ITEM 0891 /reference/reference-semantics/semantics/str.k:8 kind=rule attrs=[]
  rule <k> #iterNext(str(.IntSeq))                 => #iterDone ... </k>
END_ITEM
ITEM 0892 /reference/reference-semantics/semantics/str.k:9 kind=rule attrs=[]
  rule <k> #iterNext(str(iCons(C:Int, R:IntSeq)))
        => #iterYield(str(iCons(C, .IntSeq)), str(R)) ... </k>

  // ==== str literal (ASCII-only) ============================================
END_ITEM
ITEM 0893 /reference/reference-semantics/semantics/str.k:13 kind=syntax attrs=['function']
  syntax IntSeq ::= strToCodes(String) [function]
END_ITEM
ITEM 0894 /reference/reference-semantics/semantics/str.k:14 kind=rule attrs=[]
  rule <k> Str(S:String) => str(strToCodes(S)) ... </k>
END_ITEM
ITEM 0895 /reference/reference-semantics/semantics/str.k:15 kind=rule attrs=[]
  rule strToCodes("") => .IntSeq
END_ITEM
ITEM 0896 /reference/reference-semantics/semantics/str.k:16 kind=rule attrs=[]
  rule strToCodes(S:String) => iCons(ordChar(substrString(S, 0, 1)), strToCodes(substrString(S, 1, lengthString(S))))
    requires S =/=String "" andBool ordChar(substrString(S, 0, 1)) <Int 128

  // ==== operators: + / == / != / in =========================================
END_ITEM
ITEM 0897 /reference/reference-semantics/semantics/str.k:20 kind=syntax attrs=['function', 'total']
  syntax IntSeq ::= seqConcat(IntSeq, IntSeq) [function, total]
END_ITEM
ITEM 0898 /reference/reference-semantics/semantics/str.k:21 kind=rule attrs=[]
  rule seqConcat(.IntSeq, T:IntSeq)                => T
END_ITEM
ITEM 0899 /reference/reference-semantics/semantics/str.k:22 kind=rule attrs=[]
  rule seqConcat(iCons(I:Int, S:IntSeq), T:IntSeq) => iCons(I, seqConcat(S, T))
END_ITEM
ITEM 0900 /reference/reference-semantics/semantics/str.k:24 kind=rule attrs=[]
  rule applyBin("+",  str(A:IntSeq), str(B:IntSeq)) => str(seqConcat(A, B))
END_ITEM
ITEM 0901 /reference/reference-semantics/semantics/str.k:25 kind=rule attrs=[]
  rule applyCmp("==", str(A:IntSeq), str(B:IntSeq)) => A ==K B
END_ITEM
ITEM 0902 /reference/reference-semantics/semantics/str.k:26 kind=rule attrs=[]
  rule applyCmp("!=", str(A:IntSeq), str(B:IntSeq)) => notBool (A ==K B)

  // substring membership: `P in X` iff the code-seq P occurs contiguously in X
END_ITEM
ITEM 0903 /reference/reference-semantics/semantics/str.k:29 kind=rule attrs=[]
  rule applyCmp("in",     str(P:IntSeq), str(X:IntSeq)) => strContains(P, X)
END_ITEM
ITEM 0904 /reference/reference-semantics/semantics/str.k:30 kind=rule attrs=[]
  rule applyCmp("not in", str(P:IntSeq), str(X:IntSeq)) => notBool strContains(P, X)
END_ITEM
ITEM 0905 /reference/reference-semantics/semantics/str.k:32 kind=syntax attrs=['function', 'total']
  syntax Bool ::= strPrefix(IntSeq, IntSeq) [function, total]
END_ITEM
ITEM 0906 /reference/reference-semantics/semantics/str.k:33 kind=rule attrs=[]
  rule strPrefix(.IntSeq, _:IntSeq)               => true
END_ITEM
ITEM 0907 /reference/reference-semantics/semantics/str.k:34 kind=rule attrs=[]
  rule strPrefix(iCons(_:Int, _:IntSeq), .IntSeq) => false
END_ITEM
ITEM 0908 /reference/reference-semantics/semantics/str.k:35 kind=rule attrs=[]
  rule strPrefix(iCons(A:Int, As:IntSeq), iCons(B:Int, Bs:IntSeq)) => A ==Int B andBool strPrefix(As, Bs)
END_ITEM
ITEM 0909 /reference/reference-semantics/semantics/str.k:37 kind=syntax attrs=['function', 'total']
  syntax Bool ::= strContains(IntSeq, IntSeq) [function, total]
END_ITEM
ITEM 0910 /reference/reference-semantics/semantics/str.k:38 kind=rule attrs=[]
  rule strContains(P:IntSeq, X:IntSeq) => true  requires strPrefix(P, X)
END_ITEM
ITEM 0911 /reference/reference-semantics/semantics/str.k:39 kind=rule attrs=[]
  rule strContains(P:IntSeq, .IntSeq)  => false requires notBool strPrefix(P, .IntSeq)
END_ITEM
ITEM 0912 /reference/reference-semantics/semantics/str.k:40 kind=rule attrs=[]
  rule strContains(P:IntSeq, iCons(C:Int, Xs:IntSeq)) => strContains(P, Xs)
       requires notBool strPrefix(P, iCons(C, Xs))

  // ==== lexicographic order: < / <= / > / >= by code point (= Python str order on the code
  // model). strLt reduces on GROUND code-seqs (krun) but is inert/OPAQUE on symbolic ones
  // (a proof's codesProj(V) is an abstract IntSeq — no constructor rule matches), so a symbolic
  // str `<` stays a trusted opaque term the way sortVS / intFloatDiv do. Additive: fires only on
  // str </<=/>/>= comparisons.
END_ITEM
ITEM 0913 /reference/reference-semantics/semantics/str.k:48 kind=syntax attrs=['function', 'total']
  syntax Bool ::= strLt(IntSeq, IntSeq) [function, total]
END_ITEM
ITEM 0914 /reference/reference-semantics/semantics/str.k:49 kind=rule attrs=[]
  rule strLt(.IntSeq, .IntSeq)                => false
END_ITEM
ITEM 0915 /reference/reference-semantics/semantics/str.k:50 kind=rule attrs=[]
  rule strLt(.IntSeq, iCons(_:Int, _:IntSeq)) => true
END_ITEM
ITEM 0916 /reference/reference-semantics/semantics/str.k:51 kind=rule attrs=[]
  rule strLt(iCons(_:Int, _:IntSeq), .IntSeq) => false
END_ITEM
ITEM 0917 /reference/reference-semantics/semantics/str.k:52 kind=rule attrs=[]
  rule strLt(iCons(A:Int, As:IntSeq), iCons(B:Int, Bs:IntSeq)) => true          requires A  <Int B
END_ITEM
ITEM 0918 /reference/reference-semantics/semantics/str.k:53 kind=rule attrs=[]
  rule strLt(iCons(A:Int, As:IntSeq), iCons(B:Int, Bs:IntSeq)) => false         requires A  >Int B
END_ITEM
ITEM 0919 /reference/reference-semantics/semantics/str.k:54 kind=rule attrs=[]
  rule strLt(iCons(A:Int, As:IntSeq), iCons(B:Int, Bs:IntSeq)) => strLt(As, Bs) requires A ==Int B
END_ITEM
ITEM 0920 /reference/reference-semantics/semantics/str.k:56 kind=rule attrs=[]
  rule applyCmp("<",  str(A:IntSeq), str(B:IntSeq)) => strLt(A, B)
END_ITEM
ITEM 0921 /reference/reference-semantics/semantics/str.k:57 kind=rule attrs=[]
  rule applyCmp(">",  str(A:IntSeq), str(B:IntSeq)) => strLt(B, A)
END_ITEM
ITEM 0922 /reference/reference-semantics/semantics/str.k:58 kind=rule attrs=[]
  rule applyCmp("<=", str(A:IntSeq), str(B:IntSeq)) => notBool strLt(B, A)
END_ITEM
ITEM 0923 /reference/reference-semantics/semantics/str.k:59 kind=rule attrs=[]
  rule applyCmp(">=", str(A:IntSeq), str(B:IntSeq)) => notBool strLt(A, B)
END_ITEM
ITEM 0924 /reference/reference-semantics/semantics/str.k:60 kind=endmodule attrs=[]
endmodule
END_ITEM
ITEM 0925 /reference/reference-semantics/semantics/subscript.k:3 kind=module attrs=[]
module MPY-SUBSCRIPT
END_ITEM
ITEM 0926 /reference/reference-semantics/semantics/subscript.k:4 kind=imports attrs=[]
  imports MPY-CORE
END_ITEM
ITEM 0927 /reference/reference-semantics/semantics/subscript.k:11 kind=syntax attrs=['function', 'total']
  syntax Val ::= valSeqAt(ValSeq, Int) [function, total]
END_ITEM
ITEM 0928 /reference/reference-semantics/semantics/subscript.k:12 kind=rule attrs=[]
  rule valSeqAt(vCons(V:Val, _:ValSeq), 0)     => V
END_ITEM
ITEM 0929 /reference/reference-semantics/semantics/subscript.k:13 kind=rule attrs=[]
  rule valSeqAt(vCons(_:Val, S:ValSeq), I:Int) => valSeqAt(S, I -Int 1)
       requires I >Int 0
END_ITEM
ITEM 0930 /reference/reference-semantics/semantics/subscript.k:16 kind=syntax attrs=['function']
  syntax Int ::= intSeqAt(IntSeq, Int) [function]
END_ITEM
ITEM 0931 /reference/reference-semantics/semantics/subscript.k:17 kind=rule attrs=[]
  rule intSeqAt(iCons(C:Int, _:IntSeq), 0)     => C
END_ITEM
ITEM 0932 /reference/reference-semantics/semantics/subscript.k:18 kind=rule attrs=[]
  rule intSeqAt(iCons(_:Int, S:IntSeq), I:Int) => intSeqAt(S, I -Int 1)
       requires I >Int 0
END_ITEM
ITEM 0933 /reference/reference-semantics/semantics/subscript.k:21 kind=syntax attrs=['function', 'total']
  syntax Int ::= normIdx(Int, Int) [function, total]
END_ITEM
ITEM 0934 /reference/reference-semantics/semantics/subscript.k:22 kind=rule attrs=[]
  rule normIdx(I:Int, LEN:Int) => I +Int LEN requires I  <Int 0
END_ITEM
ITEM 0935 /reference/reference-semantics/semantics/subscript.k:23 kind=rule attrs=['strict']
  rule normIdx(I:Int, _:Int)   => I          requires I >=Int 0

  // ==== Subscript: indexing obj[i] (list / tuple / str) =====================
  // contexts (not strict attrs): the Index slot's Slice alternative must never heat
END_ITEM
ITEM 0936 /reference/reference-semantics/semantics/subscript.k:27 kind=context attrs=[]
  context Subscript(HOLE, _)
END_ITEM
ITEM 0937 /reference/reference-semantics/semantics/subscript.k:28 kind=context attrs=[]
  context Subscript(_:Val, HOLE:Expr)

  // heap-object deref (covers both the index and slice forms via the Index slot)
END_ITEM
ITEM 0938 /reference/reference-semantics/semantics/subscript.k:31 kind=rule attrs=['priority']
  rule <k> Subscript(ref(H:Int), IX:Index) => Subscript(V, IX) ... </k>
       <heap> ... H |-> V:Val ... </heap>
       [priority(40)]
END_ITEM
ITEM 0939 /reference/reference-semantics/semantics/subscript.k:35 kind=rule attrs=[]
  rule <k> Subscript(OBJ:Val, I:Int) => applyIndex(OBJ, I) ... </k>
END_ITEM
ITEM 0940 /reference/reference-semantics/semantics/subscript.k:37 kind=syntax attrs=['function']
  syntax Val ::= applyIndex(Val, Int) [function]
END_ITEM
ITEM 0941 /reference/reference-semantics/semantics/subscript.k:38 kind=rule attrs=[]
  rule applyIndex(list(VS:ValSeq),  I:Int) => valSeqAt(VS, normIdx(I, vsLen(VS)))
END_ITEM
ITEM 0942 /reference/reference-semantics/semantics/subscript.k:39 kind=rule attrs=[]
  rule applyIndex(tuple(VS:ValSeq), I:Int) => valSeqAt(VS, normIdx(I, vsLen(VS)))
END_ITEM
ITEM 0943 /reference/reference-semantics/semantics/subscript.k:40 kind=rule attrs=[]
  rule applyIndex(str(IS:IntSeq),   I:Int)
    => str(iCons(intSeqAt(IS, normIdx(I, isLen(IS))), .IntSeq))

  // ==== Slice: obj[lo:hi:step] (list / str) — CPython slice.indices ==========
END_ITEM
ITEM 0944 /reference/reference-semantics/semantics/subscript.k:44 kind=syntax attrs=[]
  syntax KItem ::= #evalB(Bound) | "#toSome"
                 | #slLo(Val, Bound, Bound)
                 | #slHi(Val, OptInt, Bound)
                 | #slStep(Val, OptInt, OptInt)
END_ITEM
ITEM 0945 /reference/reference-semantics/semantics/subscript.k:49 kind=syntax attrs=[]
  syntax OptInt ::= "noB" | someB(Int)
END_ITEM
ITEM 0946 /reference/reference-semantics/semantics/subscript.k:50 kind=rule attrs=[]
  rule <k> #evalB(NoBound)  => noB ... </k>
END_ITEM
ITEM 0947 /reference/reference-semantics/semantics/subscript.k:51 kind=rule attrs=[]
  rule <k> #evalB(E:Expr)   => E ~> #toSome ... </k>
END_ITEM
ITEM 0948 /reference/reference-semantics/semantics/subscript.k:52 kind=rule attrs=[]
  rule <k> I:Int ~> #toSome => someB(I) ... </k>
END_ITEM
ITEM 0949 /reference/reference-semantics/semantics/subscript.k:54 kind=rule attrs=[]
  rule <k> Subscript(OBJ:Val, Slice(LO:Bound, HI:Bound, ST:Bound)) => #evalB(LO) ~> #slLo(OBJ, HI, ST) ... </k>
END_ITEM
ITEM 0950 /reference/reference-semantics/semantics/subscript.k:55 kind=rule attrs=[]
  rule <k> LO:OptInt ~> #slLo(OBJ:Val, HI:Bound, ST:Bound)   => #evalB(HI) ~> #slHi(OBJ, LO, ST) ... </k>
END_ITEM
ITEM 0951 /reference/reference-semantics/semantics/subscript.k:56 kind=rule attrs=[]
  rule <k> HI:OptInt ~> #slHi(OBJ:Val, LO:OptInt, ST:Bound)  => #evalB(ST) ~> #slStep(OBJ, LO, HI) ... </k>
  // a list slice constructs a NEW object; a str slice stays a value
END_ITEM
ITEM 0952 /reference/reference-semantics/semantics/subscript.k:58 kind=rule attrs=['priority']
  rule <k> ST:OptInt ~> #slStep(list(VS:ValSeq), LO:OptInt, HI:OptInt)
        => #alloc(doSlice(list(VS), LO, HI, ST)) ... </k>
       [priority(45)]
END_ITEM
ITEM 0953 /reference/reference-semantics/semantics/subscript.k:61 kind=rule attrs=[]
  rule <k> ST:OptInt ~> #slStep(OBJ:Val, LO:OptInt, HI:OptInt) => doSlice(OBJ, LO, HI, ST) ... </k>
END_ITEM
ITEM 0954 /reference/reference-semantics/semantics/subscript.k:63 kind=syntax attrs=['function']
  syntax Val ::= doSlice(Val, OptInt, OptInt, OptInt) [function]
END_ITEM
ITEM 0955 /reference/reference-semantics/semantics/subscript.k:64 kind=rule attrs=[]
  rule doSlice(list(VS:ValSeq), LO:OptInt, HI:OptInt, ST:OptInt)
    => list(buildVS(VS, slStart(LO, ST, vsLen(VS)), slStop(HI, ST, vsLen(VS)), slStep(ST)))
END_ITEM
ITEM 0956 /reference/reference-semantics/semantics/subscript.k:66 kind=rule attrs=[]
  rule doSlice(tuple(VS:ValSeq), LO:OptInt, HI:OptInt, ST:OptInt)
    => tuple(buildVS(VS, slStart(LO, ST, vsLen(VS)), slStop(HI, ST, vsLen(VS)), slStep(ST)))
END_ITEM
ITEM 0957 /reference/reference-semantics/semantics/subscript.k:68 kind=rule attrs=[]
  rule doSlice(str(IS:IntSeq), LO:OptInt, HI:OptInt, ST:OptInt)
    => str(buildIS(IS, slStart(LO, ST, isLen(IS)), slStop(HI, ST, isLen(IS)), slStep(ST)))

  // ==== slice.indices: step / start / stop / clamp ==========================
END_ITEM
ITEM 0958 /reference/reference-semantics/semantics/subscript.k:72 kind=syntax attrs=['function', 'total']
  syntax Int ::= slStep(OptInt) [function, total]
END_ITEM
ITEM 0959 /reference/reference-semantics/semantics/subscript.k:73 kind=rule attrs=[]
  rule slStep(noB)          => 1
END_ITEM
ITEM 0960 /reference/reference-semantics/semantics/subscript.k:74 kind=rule attrs=[]
  rule slStep(someB(S:Int)) => S
END_ITEM
ITEM 0961 /reference/reference-semantics/semantics/subscript.k:76 kind=syntax attrs=['function']
  syntax Int ::= slStart(OptInt, OptInt, Int) [function]
END_ITEM
ITEM 0962 /reference/reference-semantics/semantics/subscript.k:77 kind=rule attrs=[]
  rule slStart(noB,          ST:OptInt, _LEN:Int) => 0
       requires slStep(ST) >Int 0
END_ITEM
ITEM 0963 /reference/reference-semantics/semantics/subscript.k:79 kind=rule attrs=[]
  rule slStart(noB,          ST:OptInt, LEN:Int)  => LEN -Int 1
       requires slStep(ST) <Int 0
END_ITEM
ITEM 0964 /reference/reference-semantics/semantics/subscript.k:81 kind=rule attrs=[]
  rule slStart(someB(I:Int), ST:OptInt, LEN:Int)  => slAdjust(I, LEN, slStep(ST))
END_ITEM
ITEM 0965 /reference/reference-semantics/semantics/subscript.k:83 kind=syntax attrs=['function']
  syntax Int ::= slStop(OptInt, OptInt, Int) [function]
END_ITEM
ITEM 0966 /reference/reference-semantics/semantics/subscript.k:84 kind=rule attrs=[]
  rule slStop(noB,          ST:OptInt, LEN:Int)  => LEN
       requires slStep(ST) >Int 0
END_ITEM
ITEM 0967 /reference/reference-semantics/semantics/subscript.k:86 kind=rule attrs=[]
  rule slStop(noB,          ST:OptInt, _LEN:Int) => -1
       requires slStep(ST) <Int 0
END_ITEM
ITEM 0968 /reference/reference-semantics/semantics/subscript.k:88 kind=rule attrs=[]
  rule slStop(someB(I:Int), ST:OptInt, LEN:Int)  => slAdjust(I, LEN, slStep(ST))
END_ITEM
ITEM 0969 /reference/reference-semantics/semantics/subscript.k:90 kind=syntax attrs=['function', 'total']
  syntax Int ::= slAdjust(Int, Int, Int) [function, total]
END_ITEM
ITEM 0970 /reference/reference-semantics/semantics/subscript.k:91 kind=rule attrs=[]
  rule slAdjust(I:Int, LEN:Int, STEP:Int) => clampLo(I +Int LEN, STEP)
       requires I  <Int 0
END_ITEM
ITEM 0971 /reference/reference-semantics/semantics/subscript.k:93 kind=rule attrs=[]
  rule slAdjust(I:Int, LEN:Int, STEP:Int) => clampHi(I, LEN, STEP)
       requires I >=Int 0
END_ITEM
ITEM 0972 /reference/reference-semantics/semantics/subscript.k:96 kind=syntax attrs=['function', 'total']
  syntax Int ::= clampLo(Int, Int) [function, total]
END_ITEM
ITEM 0973 /reference/reference-semantics/semantics/subscript.k:97 kind=rule attrs=[]
  rule clampLo(J:Int, _STEP:Int) => J
       requires J >=Int 0
END_ITEM
ITEM 0974 /reference/reference-semantics/semantics/subscript.k:99 kind=rule attrs=[]
  rule clampLo(J:Int, STEP:Int)  => #if STEP <Int 0 #then -1 #else 0 #fi
       requires J <Int 0
END_ITEM
ITEM 0975 /reference/reference-semantics/semantics/subscript.k:102 kind=syntax attrs=['function', 'total']
  syntax Int ::= clampHi(Int, Int, Int) [function, total]
END_ITEM
ITEM 0976 /reference/reference-semantics/semantics/subscript.k:103 kind=rule attrs=[]
  rule clampHi(I:Int, LEN:Int, _STEP:Int) => I
       requires I  <Int LEN
END_ITEM
ITEM 0977 /reference/reference-semantics/semantics/subscript.k:105 kind=rule attrs=[]
  rule clampHi(I:Int, LEN:Int, STEP:Int)  => #if STEP <Int 0 #then LEN -Int 1 #else LEN #fi
       requires I >=Int LEN

  // ==== build the strided sub-sequence (indices in range by construction) ====
END_ITEM
ITEM 0978 /reference/reference-semantics/semantics/subscript.k:109 kind=syntax attrs=['function']
  syntax ValSeq ::= buildVS(ValSeq, Int, Int, Int) [function]
END_ITEM
ITEM 0979 /reference/reference-semantics/semantics/subscript.k:110 kind=rule attrs=[]
  rule buildVS(VS:ValSeq, I:Int, STOP:Int, STEP:Int)
    => vCons(valSeqAt(VS, I), buildVS(VS, I +Int STEP, STOP, STEP))
       requires (STEP >Int 0 andBool I <Int STOP) orBool (STEP <Int 0 andBool I >Int STOP)
END_ITEM
ITEM 0980 /reference/reference-semantics/semantics/subscript.k:113 kind=rule attrs=[]
  rule buildVS(_:ValSeq, I:Int, STOP:Int, STEP:Int) => .ValSeq
       requires notBool ((STEP >Int 0 andBool I <Int STOP) orBool (STEP <Int 0 andBool I >Int STOP))
END_ITEM
ITEM 0981 /reference/reference-semantics/semantics/subscript.k:116 kind=syntax attrs=['function']
  syntax IntSeq ::= buildIS(IntSeq, Int, Int, Int) [function]
END_ITEM
ITEM 0982 /reference/reference-semantics/semantics/subscript.k:117 kind=rule attrs=[]
  rule buildIS(IS:IntSeq, I:Int, STOP:Int, STEP:Int)
    => iCons(intSeqAt(IS, I), buildIS(IS, I +Int STEP, STOP, STEP))
       requires (STEP >Int 0 andBool I <Int STOP) orBool (STEP <Int 0 andBool I >Int STOP)
END_ITEM
ITEM 0983 /reference/reference-semantics/semantics/subscript.k:120 kind=rule attrs=[]
  rule buildIS(_:IntSeq, I:Int, STOP:Int, STEP:Int) => .IntSeq
       requires notBool ((STEP >Int 0 andBool I <Int STOP) orBool (STEP <Int 0 andBool I >Int STOP))
END_ITEM
ITEM 0984 /reference/reference-semantics/semantics/subscript.k:122 kind=endmodule attrs=[]
endmodule
END_ITEM
ITEM 0985 /reference/reference-semantics/semantics/syntax.k:3 kind=module attrs=[]
module MPY-SYNTAX
END_ITEM
ITEM 0986 /reference/reference-semantics/semantics/syntax.k:4 kind=imports attrs=[]
  imports INT-SYNTAX
END_ITEM
ITEM 0987 /reference/reference-semantics/semantics/syntax.k:5 kind=imports attrs=[]
  imports FLOAT-SYNTAX
END_ITEM
ITEM 0988 /reference/reference-semantics/semantics/syntax.k:6 kind=imports attrs=[]
  imports BOOL-SYNTAX
END_ITEM
ITEM 0989 /reference/reference-semantics/semantics/syntax.k:7 kind=imports attrs=[]
  imports STRING-SYNTAX
END_ITEM
ITEM 0990 /reference/reference-semantics/semantics/syntax.k:9 kind=syntax attrs=['strict', 'seqstrict', 'macro']
  syntax Expr ::= "Int"      "(" Int ")"
                | "Float"    "(" Float ")"
                | "Bool"     "(" Bool ")"
                | "Name"     "(" String ")"
                | "Str"      "(" String ")"
                | "UnaryOp"  "(" String "," Expr ")" [strict(2)]
                | "BinOp"    "(" String "," Expr "," Expr ")" [seqstrict(2, 3)]
                | "BoolOp"    "(" String "," Exprs ")"
                | "ListExpr"  "(" Exprs ")"
                | "DictExpr"  "(" Entries ")"
                | "ListComp"  "(" Expr "," CompFors ")" [macro]
                | "GenExp"    "(" Expr "," CompFors ")" [macro]
                | "TupleExpr" "(" Exprs ")"
                | "Subscript" "(" Expr "," Index ")"
                | "IfExp"     "(" Expr "," Expr "," Expr ")" [strict(1)]
                | "Lambda"    "(" Params "," Expr ")"
                | "KwArg"     "(" String "," Expr ")"
                | "Lambda"    "(" Params "," CellVars "," FreeVars "," Expr ")"
                | "NoneVal"
                | "Call"      "(" Expr "," Exprs ")"
                | "Attribute" "(" Expr "," String ")" [strict(1)]
                | "Compare"   "(" Expr "," CmpOp ")"
END_ITEM
ITEM 0991 /reference/reference-semantics/semantics/syntax.k:32 kind=syntax attrs=[]
  syntax CmpOp    ::= "CmpOp" "(" String "," Expr ")"
END_ITEM
ITEM 0992 /reference/reference-semantics/semantics/syntax.k:33 kind=syntax attrs=[]
  syntax Entry    ::= "Entry" "(" Expr "," Expr ")"
END_ITEM
ITEM 0993 /reference/reference-semantics/semantics/syntax.k:34 kind=syntax attrs=[]
  syntax Entries  ::= List{Entry, ","}
END_ITEM
ITEM 0994 /reference/reference-semantics/semantics/syntax.k:35 kind=syntax attrs=[]
  syntax CompFor  ::= "CompFor" "(" Expr "," Expr "," Exprs ")"
END_ITEM
ITEM 0995 /reference/reference-semantics/semantics/syntax.k:36 kind=syntax attrs=[]
  syntax CompFors ::= List{CompFor, ""}
END_ITEM
ITEM 0996 /reference/reference-semantics/semantics/syntax.k:37 kind=syntax attrs=[]
  syntax Exprs    ::= List{Expr, ","}
END_ITEM
ITEM 0997 /reference/reference-semantics/semantics/syntax.k:38 kind=syntax attrs=[]
  syntax Index    ::= Expr | "Slice" "(" Bound "," Bound "," Bound ")"
END_ITEM
ITEM 0998 /reference/reference-semantics/semantics/syntax.k:39 kind=syntax attrs=[]
  syntax Bound    ::= Expr | "NoBound"
END_ITEM
ITEM 0999 /reference/reference-semantics/semantics/syntax.k:41 kind=syntax attrs=['strict']
  syntax Stmt ::= "Assign"    "(" Expr "," Expr ")" [strict(2)]
                | "Import"    "(" String ")"
                | "ImportFrom" "(" String "," ParamNames ")"
                | "AugAssign" "(" Expr "," String "," Expr ")" [strict(3)]
                | "For"       "(" Expr "," Expr "," Stmts ")" [strict(2)]
                | "While"     "(" Expr "," Stmts ")"
                | "Break"
                | "Continue"
                | "If"        "(" Expr "," Stmts "," Stmts ")" [strict(1)]
                | "Return"    "(" Expr ")" [strict]
                | "Assert"    "(" Expr ")" [strict]
                | "Expr"      "(" Expr ")" [strict]
                | "FuncDef"   "(" String "," Params "," Stmts ")"
                | "FuncDef"   "(" String "," Params "," CellVars "," FreeVars "," Stmts ")"
END_ITEM
ITEM 1000 /reference/reference-semantics/semantics/syntax.k:56 kind=syntax attrs=[]
  syntax Stmts      ::= List{Stmt, ""}
END_ITEM
ITEM 1001 /reference/reference-semantics/semantics/syntax.k:57 kind=syntax attrs=[]
  syntax Params     ::= "Params" "(" ParamNames ")"
END_ITEM
ITEM 1002 /reference/reference-semantics/semantics/syntax.k:58 kind=syntax attrs=[]
  syntax CellVars   ::= "CellVars" "(" ParamNames ")"
END_ITEM
ITEM 1003 /reference/reference-semantics/semantics/syntax.k:59 kind=syntax attrs=[]
  syntax FreeVars   ::= "FreeVars" "(" ParamNames ")"
END_ITEM
ITEM 1004 /reference/reference-semantics/semantics/syntax.k:60 kind=syntax attrs=[]
  syntax ParamNames ::= List{String, ","}
END_ITEM
ITEM 1005 /reference/reference-semantics/semantics/syntax.k:61 kind=syntax attrs=[]
  syntax Module     ::= "Module" "(" Stmts ")"
END_ITEM
ITEM 1006 /reference/reference-semantics/semantics/syntax.k:62 kind=endmodule attrs=[]
endmodule
END_ITEM
ITEM 1007 /reference/reference-semantics/semantics/tuple.k:3 kind=module attrs=[]
module MPY-TUPLE
END_ITEM
ITEM 1008 /reference/reference-semantics/semantics/tuple.k:4 kind=imports attrs=[]
  imports MPY-CORE
END_ITEM
ITEM 1009 /reference/reference-semantics/semantics/tuple.k:5 kind=imports attrs=[]
  imports MPY-ITER
END_ITEM
ITEM 1010 /reference/reference-semantics/semantics/tuple.k:6 kind=imports attrs=[]
  imports MPY-LIST
END_ITEM
ITEM 1011 /reference/reference-semantics/semantics/tuple.k:7 kind=imports attrs=[]
  imports MPY-METHODS
END_ITEM
ITEM 1012 /reference/reference-semantics/semantics/tuple.k:10 kind=rule attrs=[]
  rule <k> #iterNext(tuple(.ValSeq))                => #iterDone ... </k>
END_ITEM
ITEM 1013 /reference/reference-semantics/semantics/tuple.k:11 kind=rule attrs=[]
  rule <k> #iterNext(tuple(vCons(V:Val, R:ValSeq))) => #iterYield(V, tuple(R)) ... </k>

  // ==== TupleExpr: tuple(ValSeq) literal + == != ===========================
END_ITEM
ITEM 1014 /reference/reference-semantics/semantics/tuple.k:14 kind=syntax attrs=[]
  syntax ApplyK ::= "toTuple"
END_ITEM
ITEM 1015 /reference/reference-semantics/semantics/tuple.k:15 kind=rule attrs=[]
  rule <k> TupleExpr(ES:Exprs) => #evalArgs(ES, .Vals, toTuple) ... </k>
END_ITEM
ITEM 1016 /reference/reference-semantics/semantics/tuple.k:16 kind=rule attrs=[]
  rule <k> #applyK(toTuple, ACC:Vals) => tuple(vals2valSeq(ACC)) ... </k>
END_ITEM
ITEM 1017 /reference/reference-semantics/semantics/tuple.k:18 kind=rule attrs=[]
  rule applyCmp("==", tuple(A:ValSeq), tuple(B:ValSeq)) => A ==K B
  // membership routes through the same k-cell fold as lists (list.k)
END_ITEM
ITEM 1018 /reference/reference-semantics/semantics/tuple.k:20 kind=rule attrs=[]
  rule <k> Compare(LV:Val, CmpOp("in",     tuple(VS:ValSeq))) => #memberAcc(LV, tuple(VS)) ... </k>
END_ITEM
ITEM 1019 /reference/reference-semantics/semantics/tuple.k:21 kind=rule attrs=[]
  rule <k> Compare(LV:Val, CmpOp("not in", tuple(VS:ValSeq))) => #memberAcc(LV, tuple(VS)) ~> #notB ... </k>
  // t.index(v): first index of v (ValueError out of subset)
END_ITEM
ITEM 1020 /reference/reference-semantics/semantics/tuple.k:23 kind=rule attrs=[]
  rule applyMethod(tuple(VS:ValSeq), "index", V:Val, .Vals) => idxOfVS(VS, V, 0)
END_ITEM
ITEM 1021 /reference/reference-semantics/semantics/tuple.k:24 kind=syntax attrs=['function']
  syntax Int ::= idxOfVS(ValSeq, Val, Int) [function]
END_ITEM
ITEM 1022 /reference/reference-semantics/semantics/tuple.k:25 kind=rule attrs=[]
  rule idxOfVS(vCons(A:Val, _:ValSeq), V:Val, I:Int) => I requires A ==K V
END_ITEM
ITEM 1023 /reference/reference-semantics/semantics/tuple.k:26 kind=rule attrs=[]
  rule idxOfVS(vCons(A:Val, R:ValSeq), V:Val, I:Int) => idxOfVS(R, V, I +Int 1)
       requires notBool (A ==K V)
END_ITEM
ITEM 1024 /reference/reference-semantics/semantics/tuple.k:28 kind=rule attrs=[]
  rule applyCmp("!=", tuple(A:ValSeq), tuple(B:ValSeq)) => notBool (A ==K B)

  // ==== target binding: bind a Name or a TupleExpr target to a value ========
END_ITEM
ITEM 1025 /reference/reference-semantics/semantics/tuple.k:31 kind=syntax attrs=[]
  syntax KItem ::= #bindTgt(Expr, Val)
END_ITEM
ITEM 1026 /reference/reference-semantics/semantics/tuple.k:32 kind=rule attrs=[]
  rule <k> #bindTgt(Name(X:String), V:Val) => .K ... </k>
       <env> L:Int </env>
       <scopes> ... L |-> scope(M:Map => M [ X <- V ], _) ... </scopes>
END_ITEM
ITEM 1027 /reference/reference-semantics/semantics/tuple.k:35 kind=rule attrs=['priority']
  rule <k> #bindTgt(Name(X:String), V:Val) => #cellW({M[X]}:>Val, V) ... </k>
       <env> L:Int </env>
       <scopes> ... L |-> scope(M:Map, _) ... </scopes>
       requires "$cells" in_keys(M)
        andBool pnMember(X, cellsOf({M["$cells"]}:>Val))
        andBool X in_keys(M) andBool isCellRef({M[X]}:>Val)
       [priority(40)]
END_ITEM
ITEM 1028 /reference/reference-semantics/semantics/tuple.k:42 kind=rule attrs=[]
  rule <k> #bindTgt(TupleExpr(TS:Exprs), tuple(VS:ValSeq)) => #unpackSeq(TS, VS) ... </k>
END_ITEM
ITEM 1029 /reference/reference-semantics/semantics/tuple.k:43 kind=rule attrs=[]
  rule <k> #bindTgt(TupleExpr(TS:Exprs), list(VS:ValSeq))  => #unpackSeq(TS, VS) ... </k>
END_ITEM
ITEM 1030 /reference/reference-semantics/semantics/tuple.k:44 kind=rule attrs=['priority']
  rule <k> #bindTgt(TupleExpr(TS:Exprs), ref(H:Int)) => #bindTgt(TupleExpr(TS), V) ... </k>
       <heap> ... H |-> V:Val ... </heap>
       [priority(40)]

  // ==== unpacking: a, b = <tuple|list> (RHS evaluated by strictness) ========
END_ITEM
ITEM 1031 /reference/reference-semantics/semantics/tuple.k:49 kind=syntax attrs=[]
  syntax KItem ::= #unpackSeq(Exprs, ValSeq)
END_ITEM
ITEM 1032 /reference/reference-semantics/semantics/tuple.k:50 kind=rule attrs=[]
  rule <k> Assign(TupleExpr(TS:Exprs), tuple(VS:ValSeq)) => #unpackSeq(TS, VS) ... </k>
END_ITEM
ITEM 1033 /reference/reference-semantics/semantics/tuple.k:51 kind=rule attrs=[]
  rule <k> Assign(TupleExpr(TS:Exprs), list(VS:ValSeq))  => #unpackSeq(TS, VS) ... </k>
END_ITEM
ITEM 1034 /reference/reference-semantics/semantics/tuple.k:52 kind=rule attrs=['priority']
  rule <k> Assign(TupleExpr(TS:Exprs), ref(H:Int)) => Assign(TupleExpr(TS), V) ... </k>
       <heap> ... H |-> V:Val ... </heap>
       [priority(40)]
END_ITEM
ITEM 1035 /reference/reference-semantics/semantics/tuple.k:55 kind=rule attrs=[]
  rule <k> #unpackSeq((T:Expr, TS:Exprs), vCons(V:Val, VS:ValSeq))
        => #bindTgt(T, V) ~> #unpackSeq(TS, VS) ... </k>
END_ITEM
ITEM 1036 /reference/reference-semantics/semantics/tuple.k:57 kind=rule attrs=[]
  rule <k> #unpackSeq(.Exprs, .ValSeq) => .K ... </k>
END_ITEM
ITEM 1037 /reference/reference-semantics/semantics/tuple.k:58 kind=endmodule attrs=[]
endmodule
END_ITEM
ITEM 1038 /reference/reference-semantics/semantics.k:34 kind=requires attrs=[]
requires "semantics/syntax.k"
END_ITEM
ITEM 1039 /reference/reference-semantics/semantics.k:35 kind=requires attrs=[]
requires "semantics/core.k"
END_ITEM
ITEM 1040 /reference/reference-semantics/semantics.k:36 kind=requires attrs=[]
requires "semantics/iter.k"
END_ITEM
ITEM 1041 /reference/reference-semantics/semantics.k:37 kind=requires attrs=[]
requires "semantics/range.k"
END_ITEM
ITEM 1042 /reference/reference-semantics/semantics.k:38 kind=requires attrs=[]
requires "semantics/operators.k"
END_ITEM
ITEM 1043 /reference/reference-semantics/semantics.k:39 kind=requires attrs=[]
requires "semantics/int.k"
END_ITEM
ITEM 1044 /reference/reference-semantics/semantics.k:40 kind=requires attrs=[]
requires "semantics/bool.k"
END_ITEM
ITEM 1045 /reference/reference-semantics/semantics.k:41 kind=requires attrs=[]
requires "semantics/float.k"
END_ITEM
ITEM 1046 /reference/reference-semantics/semantics.k:42 kind=requires attrs=[]
requires "semantics/str.k"
END_ITEM
ITEM 1047 /reference/reference-semantics/semantics.k:43 kind=requires attrs=[]
requires "semantics/set.k"
END_ITEM
ITEM 1048 /reference/reference-semantics/semantics.k:44 kind=requires attrs=[]
requires "semantics/list.k"
END_ITEM
ITEM 1049 /reference/reference-semantics/semantics.k:45 kind=requires attrs=[]
requires "semantics/tuple.k"
END_ITEM
ITEM 1050 /reference/reference-semantics/semantics.k:46 kind=requires attrs=[]
requires "semantics/subscript.k"
END_ITEM
ITEM 1051 /reference/reference-semantics/semantics.k:47 kind=requires attrs=[]
requires "semantics/comprehension.k"
END_ITEM
ITEM 1052 /reference/reference-semantics/semantics.k:48 kind=requires attrs=[]
requires "semantics/methods.k"
END_ITEM
ITEM 1053 /reference/reference-semantics/semantics.k:49 kind=requires attrs=[]
requires "semantics/controls.k"
END_ITEM
ITEM 1054 /reference/reference-semantics/semantics.k:50 kind=requires attrs=[]
requires "semantics/functions.k"
END_ITEM
ITEM 1055 /reference/reference-semantics/semantics.k:51 kind=requires attrs=[]
requires "semantics/builtins.k"
END_ITEM
ITEM 1056 /reference/reference-semantics/semantics.k:52 kind=requires attrs=[]
requires "semantics/call.k"
END_ITEM
ITEM 1057 /reference/reference-semantics/semantics.k:53 kind=requires attrs=[]
requires "semantics/sort.k"
END_ITEM
ITEM 1058 /reference/reference-semantics/semantics.k:54 kind=requires attrs=[]
requires "semantics/assert.k"
END_ITEM
ITEM 1059 /reference/reference-semantics/semantics.k:55 kind=requires attrs=[]
requires "semantics/dict.k"
END_ITEM
ITEM 1060 /reference/reference-semantics/semantics.k:56 kind=requires attrs=[]
requires "semantics/concrete.k"
END_ITEM
ITEM 1061 /reference/reference-semantics/semantics.k:58 kind=module attrs=[]
module MPY
END_ITEM
ITEM 1062 /reference/reference-semantics/semantics.k:59 kind=imports attrs=[]
  imports MPY-CORE
END_ITEM
ITEM 1063 /reference/reference-semantics/semantics.k:60 kind=imports attrs=[]
  imports MPY-ITER
END_ITEM
ITEM 1064 /reference/reference-semantics/semantics.k:61 kind=imports attrs=[]
  imports MPY-RANGE
END_ITEM
ITEM 1065 /reference/reference-semantics/semantics.k:62 kind=imports attrs=[]
  imports MPY-OPERATORS
END_ITEM
ITEM 1066 /reference/reference-semantics/semantics.k:63 kind=imports attrs=[]
  imports MPY-INT
END_ITEM
ITEM 1067 /reference/reference-semantics/semantics.k:64 kind=imports attrs=[]
  imports MPY-BOOL
END_ITEM
ITEM 1068 /reference/reference-semantics/semantics.k:65 kind=imports attrs=[]
  imports MPY-FLOAT
END_ITEM
ITEM 1069 /reference/reference-semantics/semantics.k:66 kind=imports attrs=[]
  imports MPY-STR
END_ITEM
ITEM 1070 /reference/reference-semantics/semantics.k:67 kind=imports attrs=[]
  imports MPY-SET
END_ITEM
ITEM 1071 /reference/reference-semantics/semantics.k:68 kind=imports attrs=[]
  imports MPY-LIST
END_ITEM
ITEM 1072 /reference/reference-semantics/semantics.k:69 kind=imports attrs=[]
  imports MPY-TUPLE
END_ITEM
ITEM 1073 /reference/reference-semantics/semantics.k:70 kind=imports attrs=[]
  imports MPY-SUBSCRIPT
END_ITEM
ITEM 1074 /reference/reference-semantics/semantics.k:71 kind=imports attrs=[]
  imports MPY-COMPREHENSION
END_ITEM
ITEM 1075 /reference/reference-semantics/semantics.k:72 kind=imports attrs=[]
  imports MPY-METHODS
END_ITEM
ITEM 1076 /reference/reference-semantics/semantics.k:73 kind=imports attrs=[]
  imports MPY-CONTROLS
END_ITEM
ITEM 1077 /reference/reference-semantics/semantics.k:74 kind=imports attrs=[]
  imports MPY-FUNCTIONS
END_ITEM
ITEM 1078 /reference/reference-semantics/semantics.k:75 kind=imports attrs=[]
  imports MPY-BUILTINS
END_ITEM
ITEM 1079 /reference/reference-semantics/semantics.k:76 kind=imports attrs=[]
  imports MPY-CALL
END_ITEM
ITEM 1080 /reference/reference-semantics/semantics.k:77 kind=imports attrs=[]
  imports MPY-SORT
END_ITEM
ITEM 1081 /reference/reference-semantics/semantics.k:78 kind=imports attrs=[]
  imports MPY-ASSERT
END_ITEM
ITEM 1082 /reference/reference-semantics/semantics.k:79 kind=imports attrs=[]
  imports MPY-DICT
END_ITEM
ITEM 1083 /reference/reference-semantics/semantics.k:80 kind=endmodule attrs=[]
endmodule
END_ITEM
ITEM 1084 /reference/reference-semantics/semantics.k:87 kind=module attrs=[]
module MPY-KRUN
END_ITEM
ITEM 1085 /reference/reference-semantics/semantics.k:88 kind=imports attrs=[]
  imports MPY
END_ITEM
ITEM 1086 /reference/reference-semantics/semantics.k:89 kind=imports attrs=[]
  imports MPY-CONCRETE
END_ITEM
ITEM 1087 /reference/reference-semantics/semantics.k:90 kind=endmodule attrs=[]
endmodule
END_ITEM
ITEM 1088 /candidate/verification-base.k:1 kind=requires attrs=[]
requires "reference-semantics/semantics.k"
END_ITEM
ITEM 1089 /candidate/verification-base.k:3 kind=module attrs=[]
module VERIFICATION-SYNTAX
END_ITEM
ITEM 1090 /candidate/verification-base.k:4 kind=imports attrs=[]
  imports MPY-SYNTAX
END_ITEM
ITEM 1091 /candidate/verification-base.k:6 kind=syntax attrs=['function', 'total']
  syntax Int  ::= cubeOf(Int)              [function, total]
END_ITEM
ITEM 1092 /candidate/verification-base.k:7 kind=syntax attrs=['function', 'total']
  syntax Bool ::= cubeSearch(Int, Int)     [function, total]
                | isCubeInt(Int)           [function, total]
END_ITEM
ITEM 1093 /candidate/verification-base.k:9 kind=syntax attrs=['function', 'total']
  syntax Val  ::= "iscubeClosure"          [function, total]
END_ITEM
ITEM 1094 /candidate/verification-base.k:10 kind=endmodule attrs=[]
endmodule
END_ITEM
ITEM 1095 /candidate/verification-base.k:12 kind=module attrs=[]
module VERIFICATION-BASE
END_ITEM
ITEM 1096 /candidate/verification-base.k:13 kind=imports attrs=[]
  imports MPY
END_ITEM
ITEM 1097 /candidate/verification-base.k:14 kind=imports attrs=[]
  imports VERIFICATION-SYNTAX
END_ITEM
ITEM 1098 /candidate/verification-base.k:17 kind=rule attrs=[]
  rule cubeOf(I) => (I *Int I) *Int I

  // Search nonnegative candidates in increasing order.  The three guards are
  // disjoint and exhaustive for mathematical integers.
END_ITEM
ITEM 1099 /candidate/verification-base.k:21 kind=rule attrs=[]
  rule cubeSearch(A, I) => true
    requires cubeOf(I) ==Int A
END_ITEM
ITEM 1100 /candidate/verification-base.k:23 kind=rule attrs=[]
  rule cubeSearch(A, I) => false
    requires cubeOf(I) >Int A
END_ITEM
ITEM 1101 /candidate/verification-base.k:25 kind=rule attrs=[]
  rule cubeSearch(A, I) => cubeSearch(A, I +Int 1)
    requires cubeOf(I) <Int A

  // At loop exit, the Python equality is exactly the search result: if the
  // cube is not below A, it is either equal (both true) or above (both false).
END_ITEM
ITEM 1102 /candidate/verification-base.k:30 kind=rule attrs=['function', 'simplification']
  rule ((I *Int I) *Int I ==Int A) => cubeSearch(A, I)
    requires notBool ((I *Int I) *Int I <Int A)
    [simplification]

  // The function-frame pop in the fixed semantics deletes scope key 1.
  // Normalize that exact symbolic Map update after proving the key is absent
  // from the preserved remainder.
END_ITEM
ITEM 1103 /candidate/verification-base.k:37 kind=rule attrs=['simplification']
  rule ((1 |-> S:Scope) REST:Map) [ 1 <- undef ] => REST
    requires notBool 1 in_keys(REST)
    [simplification]

  // Cubeness is invariant under sign, so search the nonnegative magnitude.
END_ITEM
ITEM 1104 /candidate/verification-base.k:42 kind=rule attrs=[]
  rule isCubeInt(A) => cubeSearch(0 -Int A, 0)
    requires A <Int 0
END_ITEM
ITEM 1105 /candidate/verification-base.k:44 kind=rule attrs=[]
  rule isCubeInt(A) => cubeSearch(A, 0)
    requires A >=Int 0

  // Exact closure produced when solution.mpy is loaded in module scope 0.
  // This is a definitional abbreviation, not an execution shortcut.
END_ITEM
ITEM 1106 /candidate/verification-base.k:49 kind=rule attrs=[]
  rule iscubeClosure
    => closureVal(
         "a",
         If(
           Compare(Name("a"), CmpOp("<", Int(0))),
           Assign(Name("a"), UnaryOp("-", Name("a"))),
           .Stmts)
         Assign(Name("candidate"), Int(0))
         While(
           Compare(
             BinOp(
               "*",
               BinOp("*", Name("candidate"), Name("candidate")),
               Name("candidate")),
             CmpOp("<", Name("a"))),
           AugAssign(Name("candidate"), "+", Int(1)))
         Return(
           Compare(
             BinOp(
               "*",
               BinOp("*", Name("candidate"), Name("candidate")),
               Name("candidate")),
             CmpOp("==", Name("a")))),
         0)
END_ITEM
ITEM 1107 /candidate/verification-base.k:73 kind=endmodule attrs=[]
endmodule
END_ITEM
ITEM 1108 /candidate/connection-rule.k:1 kind=requires attrs=[]
requires "verification-base.k"
END_ITEM
ITEM 1109 /candidate/connection-rule.k:3 kind=module attrs=[]
module CONNECTION-RULE
END_ITEM
ITEM 1110 /candidate/connection-rule.k:4 kind=imports attrs=[]
  imports VERIFICATION-BASE
END_ITEM
ITEM 1111 /candidate/connection-rule.k:8 kind=rule attrs=['priority']
  rule
    <k>
      #while(
        Compare(
          BinOp(
            "*",
            BinOp("*", Name("candidate"), Name("candidate")),
            Name("candidate")),
          CmpOp("<", Name("a"))),
        AugAssign(Name("candidate"), "+", Int(1)))
      ~> (Return(
           Compare(
             BinOp(
               "*",
               BinOp("*", Name("candidate"), Name("candidate")),
               Name("candidate")),
             CmpOp("==", Name("a")))) .Stmts)
      ~> #endcall
      =>
      cubeSearch(A, C)
    </k>
    <env> 1 => 0 </env>
    <scopes>
      ( SC:Map
        1 |-> scope(
               "a"         |-> A:Int
               "candidate" |-> C:Int,
               parent(0))
      =>
        SC
      )
    </scopes>
    <scopeLoc> 2 => 1 </scopeLoc>
    <heap> .Map </heap>
    <heapLoc> 0 </heapLoc>
    <stack> ListItem(frame(.K, 0, 1)) => .List </stack>
    <ret> noRet </ret>
    <exc> NoExc </exc>
    <exit-code> 0 </exit-code>
    [priority(40)]
END_ITEM
ITEM 1112 /candidate/connection-rule.k:48 kind=endmodule attrs=[]
endmodule
END_ITEM
ITEM 1113 /candidate/verification.k:1 kind=requires attrs=[]
requires "connection-rule.k"
END_ITEM
ITEM 1114 /candidate/verification.k:3 kind=module attrs=[]
module VERIFICATION
END_ITEM
ITEM 1115 /candidate/verification.k:4 kind=imports attrs=[]
  imports CONNECTION-RULE
END_ITEM
ITEM 1116 /candidate/verification.k:5 kind=endmodule attrs=[]
endmodule
END_ITEM
ITEM 1117 /candidate/spec.k:1 kind=requires attrs=[]
requires "verification.k"
END_ITEM
ITEM 1118 /candidate/spec.k:3 kind=module attrs=[]
module SPEC
END_ITEM
ITEM 1119 /candidate/spec.k:4 kind=imports attrs=[]
  imports VERIFICATION
END_ITEM
ITEM 1120 /candidate/spec.k:7 kind=claim attrs=[]
  claim [iscube-entry]:
    <k>
      Call(Name("iscube"), Int(INPUT:Int))
      =>
      isCubeInt(INPUT)
    </k>
    <env> 0 </env>
    <scopes>
      -1 |-> builtinsScope
       0 |-> scope("iscube" |-> iscubeClosure, parent(-1))
    </scopes>
    <scopeLoc> 1 </scopeLoc>
    <heap> .Map </heap>
    <heapLoc> 0 </heapLoc>
    <stack> .List </stack>
    <ret> noRet </ret>
    <exc> NoExc </exc>
    <exit-code> 0 </exit-code>
END_ITEM
ITEM 1121 /candidate/spec.k:25 kind=endmodule attrs=[]
endmodule
END_ITEM
ITEM 1122 /candidate/connection-spec.k:1 kind=requires attrs=[]
requires "verification-base.k"
END_ITEM
ITEM 1123 /candidate/connection-spec.k:3 kind=module attrs=[]
module CONNECTION
END_ITEM
ITEM 1124 /candidate/connection-spec.k:4 kind=imports attrs=[]
  imports VERIFICATION-BASE
END_ITEM
ITEM 1125 /candidate/connection-spec.k:9 kind=claim attrs=[]
  claim [search-loop]:
    <k>
      #while(
        Compare(
          BinOp(
            "*",
            BinOp("*", Name("candidate"), Name("candidate")),
            Name("candidate")),
          CmpOp("<", Name("a"))),
        AugAssign(Name("candidate"), "+", Int(1)))
      ~> (Return(
           Compare(
             BinOp(
               "*",
               BinOp("*", Name("candidate"), Name("candidate")),
               Name("candidate")),
             CmpOp("==", Name("a")))) .Stmts)
      ~> #endcall
      =>
      cubeSearch(A, C)
    </k>
    <env> 1 => 0 </env>
    <scopes>
      ( SC:Map
        1 |-> scope(
               "a"         |-> A:Int
               "candidate" |-> C:Int,
               parent(0))
      =>
        SC
      )
    </scopes>
    <scopeLoc> 2 => 1 </scopeLoc>
    <heap> .Map </heap>
    <heapLoc> 0 </heapLoc>
    <stack> ListItem(frame(.K, 0, 1)) => .List </stack>
    <ret> noRet </ret>
    <exc> NoExc </exc>
    <exit-code> 0 </exit-code>
END_ITEM
ITEM 1126 /candidate/connection-spec.k:48 kind=endmodule attrs=[]
endmodule
END_ITEM
ITEM 1127 /candidate/source-connection-spec.k:1 kind=requires attrs=[]
requires "connection-rule.k"
END_ITEM
ITEM 1128 /candidate/source-connection-spec.k:3 kind=module attrs=[]
module SOURCE-CONNECTION
END_ITEM
ITEM 1129 /candidate/source-connection-spec.k:4 kind=imports attrs=[]
  imports CONNECTION-RULE
END_ITEM
ITEM 1130 /candidate/source-connection-spec.k:10 kind=claim attrs=[]
  claim [search-loop-source]:
    <k>
      While(
        Compare(
          BinOp(
            "*",
            BinOp("*", Name("candidate"), Name("candidate")),
            Name("candidate")),
          CmpOp("<", Name("a"))),
        AugAssign(Name("candidate"), "+", Int(1)))
      ~> (Return(
           Compare(
             BinOp(
               "*",
               BinOp("*", Name("candidate"), Name("candidate")),
               Name("candidate")),
             CmpOp("==", Name("a")))) .Stmts)
      ~> #endcall
      =>
      cubeSearch(A, C)
    </k>
    <env> 1 => 0 </env>
    <scopes>
      ( SC:Map
        1 |-> scope(
               "a"         |-> A:Int
               "candidate" |-> C:Int,
               parent(0))
      =>
        SC
      )
    </scopes>
    <scopeLoc> 2 => 1 </scopeLoc>
    <heap> .Map </heap>
    <heapLoc> 0 </heapLoc>
    <stack> ListItem(frame(.K, 0, 1)) => .List </stack>
    <ret> noRet </ret>
    <exc> NoExc </exc>
    <exit-code> 0 </exit-code>
END_ITEM
ITEM 1131 /candidate/source-connection-spec.k:49 kind=endmodule attrs=[]
endmodule
END_ITEM
ITEM 1132 /candidate/identity-spec.k:1 kind=requires attrs=[]
requires "verification-base.k"
END_ITEM
ITEM 1133 /candidate/identity-spec.k:3 kind=module attrs=[]
module IDENTITY
END_ITEM
ITEM 1134 /candidate/identity-spec.k:4 kind=imports attrs=[]
  imports VERIFICATION-BASE
END_ITEM
ITEM 1135 /candidate/identity-spec.k:7 kind=claim attrs=[]
  claim [solution-loads-exact-closure]:
    <k>
      #loadAll(
        Module(
          FuncDef(
            "iscube",
            Params("a"),
            If(
              Compare(Name("a"), CmpOp("<", Int(0))),
              Assign(Name("a"), UnaryOp("-", Name("a"))),
              .Stmts)
            Assign(Name("candidate"), Int(0))
            While(
              Compare(
                BinOp(
                  "*",
                  BinOp("*", Name("candidate"), Name("candidate")),
                  Name("candidate")),
                CmpOp("<", Name("a"))),
              AugAssign(Name("candidate"), "+", Int(1)))
            Return(
              Compare(
                BinOp(
                  "*",
                  BinOp("*", Name("candidate"), Name("candidate")),
                  Name("candidate")),
                CmpOp("==", Name("a")))))))
      =>
      .K
    </k>
    <env> 0 </env>
    <scopes>
      ( -1 |-> builtinsScope
         0 |-> scope(.Map, parent(-1))
      =>
        -1 |-> builtinsScope
         0 |-> scope("iscube" |-> iscubeClosure, parent(-1))
      )
    </scopes>
    <scopeLoc> 1 </scopeLoc>
    <heap> .Map </heap>
    <heapLoc> 0 </heapLoc>
    <stack> .List </stack>
    <ret> noRet </ret>
    <exc> NoExc </exc>
    <exit-code> 0 </exit-code>
END_ITEM
ITEM 1136 /candidate/identity-spec.k:53 kind=endmodule attrs=[]
endmodule
END_ITEM
ITEM 1137 /candidate/ground-value-spec.k:1 kind=requires attrs=[]
requires "verification.k"
END_ITEM
ITEM 1138 /candidate/ground-value-spec.k:3 kind=module attrs=[]
module GROUND-VALUES
END_ITEM
ITEM 1139 /candidate/ground-value-spec.k:4 kind=imports attrs=[]
  imports VERIFICATION
END_ITEM
ITEM 1140 /candidate/ground-value-spec.k:6 kind=claim attrs=[]
  claim [eight]:
    <k> Call(Name("iscube"), Int(8)) => true </k>
    <env> 0 </env>
    <scopes>
      -1 |-> builtinsScope
       0 |-> scope("iscube" |-> iscubeClosure, parent(-1))
    </scopes>
    <scopeLoc> 1 </scopeLoc>
    <heap> .Map </heap>
    <heapLoc> 0 </heapLoc>
    <stack> .List </stack>
    <ret> noRet </ret>
    <exc> NoExc </exc>
    <exit-code> 0 </exit-code>
END_ITEM
ITEM 1141 /candidate/ground-value-spec.k:21 kind=claim attrs=[]
  claim [nine]:
    <k> Call(Name("iscube"), Int(9)) => false </k>
    <env> 0 </env>
    <scopes>
      -1 |-> builtinsScope
       0 |-> scope("iscube" |-> iscubeClosure, parent(-1))
    </scopes>
    <scopeLoc> 1 </scopeLoc>
    <heap> .Map </heap>
    <heapLoc> 0 </heapLoc>
    <stack> .List </stack>
    <ret> noRet </ret>
    <exc> NoExc </exc>
    <exit-code> 0 </exit-code>
END_ITEM
ITEM 1142 /candidate/ground-value-spec.k:35 kind=endmodule attrs=[]
endmodule
END_ITEM
END_EXHAUSTIVE_INVENTORY items=1142
USED_CONSTRUCTORS ['Assign', 'AugAssign', 'BinOp', 'CmpOp', 'Compare', 'FuncDef', 'If', 'Int', 'Module', 'Name', 'Params', 'Return', 'UnaryOp', 'While']
CONSTRUCTOR Assign declarations=0 rule_line_hits=7
  RULE /reference/reference-semantics/semantics/controls.k:9:rule <k> Assign(Name(X:String), V:Val) => .K ... </k>
  RULE /reference/reference-semantics/semantics/controls.k:12:rule <k> Assign(Name(X:String), V:Val) => #cellW({M[X]}:>Val, V) ... </k>
  RULE /reference/reference-semantics/semantics/controls.k:27:rule <k> AugAssign(Name(X:String), OP:String, V:Val) => Assign(Name(X), BinOp(OP, Name(X), V)) ... </k>
  RULE /reference/reference-semantics/semantics/dict.k:77:rule <k> Assign(Subscript(Name(X:String), K:Expr), VV:Val) => K ~> #dsetK(X, VV) ... </k>
  RULE /reference/reference-semantics/semantics/tuple.k:50:rule <k> Assign(TupleExpr(TS:Exprs), tuple(VS:ValSeq)) => #unpackSeq(TS, VS) ... </k>
  RULE /reference/reference-semantics/semantics/tuple.k:51:rule <k> Assign(TupleExpr(TS:Exprs), list(VS:ValSeq))  => #unpackSeq(TS, VS) ... </k>
  RULE /reference/reference-semantics/semantics/tuple.k:52:rule <k> Assign(TupleExpr(TS:Exprs), ref(H:Int)) => Assign(TupleExpr(TS), V) ... </k>
CONSTRUCTOR AugAssign declarations=0 rule_line_hits=2
  RULE /reference/reference-semantics/semantics/controls.k:20:rule <k> AugAssign(Name(X:String), OP:String, V:Val) => .K ... </k>
  RULE /reference/reference-semantics/semantics/controls.k:27:rule <k> AugAssign(Name(X:String), OP:String, V:Val) => Assign(Name(X), BinOp(OP, Name(X), V)) ... </k>
CONSTRUCTOR BinOp declarations=0 rule_line_hits=5
  RULE /reference/reference-semantics/semantics/controls.k:27:rule <k> AugAssign(Name(X:String), OP:String, V:Val) => Assign(Name(X), BinOp(OP, Name(X), V)) ... </k>
  RULE /reference/reference-semantics/semantics/list.k:24:rule <k> BinOp("+", list(A:ValSeq), list(B:ValSeq)) => #alloc(list(valSeqConcat(A, B))) ... </k>
  RULE /reference/reference-semantics/semantics/operators.k:12:rule <k> BinOp(OP:String, L:Val, R:Val) => applyBin(OP, L, R) ... </k>
  RULE /reference/reference-semantics/semantics/operators.k:25:rule <k> BinOp(OP:String, ref(H:Int), R:Expr) => BinOp(OP, V, R) ... </k>
  RULE /reference/reference-semantics/semantics/operators.k:28:rule <k> BinOp(OP:String, L:Val, ref(H:Int)) => BinOp(OP, L, V) ... </k>
CONSTRUCTOR CmpOp declarations=0 rule_line_hits=9
  RULE /reference/reference-semantics/semantics/concrete.k:13:rule <k> Compare(list(A:ValSeq), CmpOp("==", list(B:ValSeq))) => deepEqVS(A, B, HP) ... </k>
  RULE /reference/reference-semantics/semantics/concrete.k:16:rule <k> Compare(list(A:ValSeq), CmpOp("!=", list(B:ValSeq))) => notBool deepEqVS(A, B, HP) ... </k>
  RULE /reference/reference-semantics/semantics/list.k:59:rule <k> Compare(LV:Val, CmpOp("in",     list(VS:ValSeq))) => #memberAcc(LV, list(VS)) ... </k>
  RULE /reference/reference-semantics/semantics/list.k:60:rule <k> Compare(LV:Val, CmpOp("not in", list(VS:ValSeq))) => #memberAcc(LV, list(VS)) ~> #notB ... </k>
  RULE /reference/reference-semantics/semantics/operators.k:17:rule <k> Compare(LV:Val, CmpOp(OP:String, RV:Val)) => applyCmp(OP, LV, RV) ... </k> [owise]
  RULE /reference/reference-semantics/semantics/operators.k:34:rule <k> Compare(ref(H:Int), CmpOp(OP:String, R:Expr)) => Compare(V, CmpOp(OP, R)) ... </k>
  RULE /reference/reference-semantics/semantics/operators.k:38:rule <k> Compare(L:Val, CmpOp(OP:String, ref(H:Int))) => Compare(L, CmpOp(OP, V)) ... </k>
  RULE /reference/reference-semantics/semantics/tuple.k:20:rule <k> Compare(LV:Val, CmpOp("in",     tuple(VS:ValSeq))) => #memberAcc(LV, tuple(VS)) ... </k>
  RULE /reference/reference-semantics/semantics/tuple.k:21:rule <k> Compare(LV:Val, CmpOp("not in", tuple(VS:ValSeq))) => #memberAcc(LV, tuple(VS)) ~> #notB ... </k>
CONSTRUCTOR Compare declarations=0 rule_line_hits=9
  RULE /reference/reference-semantics/semantics/concrete.k:13:rule <k> Compare(list(A:ValSeq), CmpOp("==", list(B:ValSeq))) => deepEqVS(A, B, HP) ... </k>
  RULE /reference/reference-semantics/semantics/concrete.k:16:rule <k> Compare(list(A:ValSeq), CmpOp("!=", list(B:ValSeq))) => notBool deepEqVS(A, B, HP) ... </k>
  RULE /reference/reference-semantics/semantics/list.k:59:rule <k> Compare(LV:Val, CmpOp("in",     list(VS:ValSeq))) => #memberAcc(LV, list(VS)) ... </k>
  RULE /reference/reference-semantics/semantics/list.k:60:rule <k> Compare(LV:Val, CmpOp("not in", list(VS:ValSeq))) => #memberAcc(LV, list(VS)) ~> #notB ... </k>
  RULE /reference/reference-semantics/semantics/operators.k:17:rule <k> Compare(LV:Val, CmpOp(OP:String, RV:Val)) => applyCmp(OP, LV, RV) ... </k> [owise]
  RULE /reference/reference-semantics/semantics/operators.k:34:rule <k> Compare(ref(H:Int), CmpOp(OP:String, R:Expr)) => Compare(V, CmpOp(OP, R)) ... </k>
  RULE /reference/reference-semantics/semantics/operators.k:38:rule <k> Compare(L:Val, CmpOp(OP:String, ref(H:Int))) => Compare(L, CmpOp(OP, V)) ... </k>
  RULE /reference/reference-semantics/semantics/tuple.k:20:rule <k> Compare(LV:Val, CmpOp("in",     tuple(VS:ValSeq))) => #memberAcc(LV, tuple(VS)) ... </k>
  RULE /reference/reference-semantics/semantics/tuple.k:21:rule <k> Compare(LV:Val, CmpOp("not in", tuple(VS:ValSeq))) => #memberAcc(LV, tuple(VS)) ~> #notB ... </k>
CONSTRUCTOR FuncDef declarations=0 rule_line_hits=2
  RULE /reference/reference-semantics/semantics/functions.k:14:rule <k> FuncDef(F:String, Params(PNS:ParamNames), BODY:Stmts) => .K ... </k>
  RULE /reference/reference-semantics/semantics/functions.k:33:rule <k> FuncDef(F:String, Params(PNS:ParamNames), CellVars(CVS:ParamNames),
CONSTRUCTOR If declarations=0 rule_line_hits=2
  RULE /reference/reference-semantics/semantics/controls.k:52:rule <k> If(C:Val, T:Stmts, E:Stmts) => #branch(truthy(C), T, E) ... </k>
  RULE /reference/reference-semantics/semantics/controls.k:95:rule <k> If(ref(H:Int), T:Stmts, E:Stmts) => If(V, T, E) ... </k>
CONSTRUCTOR Int declarations=0 rule_line_hits=6
  RULE /reference/reference-semantics/semantics/builtins.k:160:rule intDigAcc(iCons(C:Int, R:IntSeq), ACC:Int) => intDigAcc(R, (ACC *Int 10) +Int (C -Int 48))
  RULE /reference/reference-semantics/semantics/builtins.k:221:rule tokNdAcc(A:Int, iCons(C:Int, R:IntSeq)) => tokNdAcc(A *Int 10 +Int (C -Int 48), R)
  RULE /reference/reference-semantics/semantics/core.k:194:rule <k> Int(I:Int)   => I ... </k>
  RULE /reference/reference-semantics/semantics/float.k:171:rule intPartAcc(iCons(C:Int, R:IntSeq), A:Int) => intPartAcc(R, A *Int 10 +Int (C -Int 48))
  RULE /reference/reference-semantics/semantics/float.k:178:rule fracAcc(iCons(C:Int, R:IntSeq), A:Int) => fracAcc(R, A *Int 10 +Int (C -Int 48))
  RULE /reference/reference-semantics/semantics/range.k:15:rule rangeLen(LO:Int, HI:Int, ST:Int) => (LO -Int HI -Int ST -Int 1) /Int (0 -Int ST)
CONSTRUCTOR Module declarations=0 rule_line_hits=1
  RULE /reference/reference-semantics/semantics/core.k:125:rule <k> #loadAll(Module(SS:Stmts)) => SS ... </k>
CONSTRUCTOR Name declarations=0 rule_line_hits=13
  RULE /reference/reference-semantics/semantics/builtins.k:280:rule <k> Call(Attribute(Name("hashlib"), "md5"), (E:Expr, .Exprs)) => E ~> #md5 ... </k>
  RULE /reference/reference-semantics/semantics/controls.k:9:rule <k> Assign(Name(X:String), V:Val) => .K ... </k>
  RULE /reference/reference-semantics/semantics/controls.k:12:rule <k> Assign(Name(X:String), V:Val) => #cellW({M[X]}:>Val, V) ... </k>
  RULE /reference/reference-semantics/semantics/controls.k:20:rule <k> AugAssign(Name(X:String), OP:String, V:Val) => .K ... </k>
  RULE /reference/reference-semantics/semantics/controls.k:27:rule <k> AugAssign(Name(X:String), OP:String, V:Val) => Assign(Name(X), BinOp(OP, Name(X), V)) ... </k>
  RULE /reference/reference-semantics/semantics/core.k:131:rule <k> Name(X:String) => #look(X, L) ... </k> <env> L:Int </env>
  RULE /reference/reference-semantics/semantics/dict.k:77:rule <k> Assign(Subscript(Name(X:String), K:Expr), VV:Val) => K ~> #dsetK(X, VV) ... </k>
  RULE /reference/reference-semantics/semantics/float.k:66:rule <k> Call(Attribute(Name("math"), "ceil"), (E:Expr, .Exprs)) => E ~> #mathCeil ... </k> [priority(40)]
  RULE /reference/reference-semantics/semantics/float.k:71:rule <k> Call(Attribute(Name("math"), "floor"), (E:Expr, .Exprs)) => E ~> #mathFloor ... </k> [priority(40)]
  RULE /reference/reference-semantics/semantics/float.k:83:rule <k> Call(Attribute(Name("math"), "pow"), (E1:Expr, E2:Expr, .Exprs)) => E1 ~> #mathPow1(E2) ... </k> [priority(40)]
  RULE /reference/reference-semantics/semantics/float.k:233:rule <k> Call(Attribute(Name("math"), "sqrt"), (E:Expr, .Exprs)) => E ~> #mathSqrt ... </k> [priority(40)]
  RULE /reference/reference-semantics/semantics/tuple.k:32:rule <k> #bindTgt(Name(X:String), V:Val) => .K ... </k>
  RULE /reference/reference-semantics/semantics/tuple.k:35:rule <k> #bindTgt(Name(X:String), V:Val) => #cellW({M[X]}:>Val, V) ... </k>
CONSTRUCTOR Params declarations=0 rule_line_hits=4
  RULE /reference/reference-semantics/semantics/functions.k:14:rule <k> FuncDef(F:String, Params(PNS:ParamNames), BODY:Stmts) => .K ... </k>
  RULE /reference/reference-semantics/semantics/functions.k:33:rule <k> FuncDef(F:String, Params(PNS:ParamNames), CellVars(CVS:ParamNames),
  RULE /reference/reference-semantics/semantics/functions.k:47:rule <k> Lambda(Params(PNS:ParamNames), E:Expr)
  RULE /reference/reference-semantics/semantics/functions.k:50:rule <k> Lambda(Params(PNS:ParamNames), CellVars(CVS:ParamNames),
CONSTRUCTOR Return declarations=0 rule_line_hits=1
  RULE /reference/reference-semantics/semantics/functions.k:78:rule <k> Return(V:Val) ~> _ => #pop </k>
CONSTRUCTOR UnaryOp declarations=0 rule_line_hits=2
  RULE /reference/reference-semantics/semantics/operators.k:10:rule <k> UnaryOp(OP:String, V:Val) => applyUn(OP, V) ... </k>
  RULE /reference/reference-semantics/semantics/operators.k:44:rule <k> UnaryOp(OP:String, ref(H:Int)) => UnaryOp(OP, V) ... </k>
CONSTRUCTOR While declarations=0 rule_line_hits=1
  RULE /reference/reference-semantics/semantics/controls.k:77:rule <k> While(C:Expr, B:Stmts) => #while(C, B) ... </k>
exit_status: 0
