file,line,kind,assessment,basis,source_head
reference-semantics/semantics/assert.k,6,rule,F-UNREACHED,Part of the selected fixed semantics but unreachable from this program AST and entry state; no target claim depends on it.,rule <k> Assert(V:Val) => .K ... </k>
reference-semantics/semantics/assert.k,8,rule,F-UNREACHED,Part of the selected fixed semantics but unreachable from this program AST and entry state; no target claim depends on it.,rule <k> Assert(V:Val) ~> _ => .K </k>
reference-semantics/semantics/assert.k,13,rule,F-UNREACHED,Part of the selected fixed semantics but unreachable from this program AST and entry state; no target claim depends on it.,rule <k> Assert(ref(H:Int)) => Assert(V) ... </k>
reference-semantics/semantics/bool.k,8,rule,F-UNREACHED,Part of the selected fixed semantics but unreachable from this program AST and entry state; no target claim depends on it.,"rule applyUn(""not"", V:Val) => notBool truthy(V)"
reference-semantics/semantics/bool.k,10,rule,F-UNREACHED,Part of the selected fixed semantics but unreachable from this program AST and entry state; no target claim depends on it.,"rule applyCmp(""=="", B1:Bool, B2:Bool) => B1 ==Bool B2"
reference-semantics/semantics/bool.k,11,rule,F-UNREACHED,Part of the selected fixed semantics but unreachable from this program AST and entry state; no target claim depends on it.,"rule applyCmp(""!="", B1:Bool, B2:Bool) => B1 =/=Bool B2"
reference-semantics/semantics/bool.k,16,context,F-UNREACHED,Part of the selected fixed semantics but unreachable from this program AST and entry state; no target claim depends on it.,"context BoolOp(_, (HOLE:Expr, _:Exprs))"
reference-semantics/semantics/bool.k,17,rule,F-UNREACHED,Part of the selected fixed semantics but unreachable from this program AST and entry state; no target claim depends on it.,"rule <k> BoolOp(_:String, (V:Val, .Exprs)) => V ... </k>"
reference-semantics/semantics/bool.k,18,rule,F-UNREACHED,Part of the selected fixed semantics but unreachable from this program AST and entry state; no target claim depends on it.,"rule <k> BoolOp(""and"", (V:Val, A:Expr, REST:Exprs)) => BoolOp(""and"", (A, REST)) ... </k>"
reference-semantics/semantics/bool.k,20,rule,F-UNREACHED,Part of the selected fixed semantics but unreachable from this program AST and entry state; no target claim depends on it.,"rule <k> BoolOp(""and"", (V:Val, _:Expr, _:Exprs)) => V ... </k>"
reference-semantics/semantics/bool.k,22,rule,F-UNREACHED,Part of the selected fixed semantics but unreachable from this program AST and entry state; no target claim depends on it.,"rule <k> BoolOp(""or"",  (V:Val, _:Expr, _:Exprs)) => V ... </k>"
reference-semantics/semantics/bool.k,24,rule,F-UNREACHED,Part of the selected fixed semantics but unreachable from this program AST and entry state; no target claim depends on it.,"rule <k> BoolOp(""or"",  (V:Val, A:Expr, REST:Exprs)) => BoolOp(""or"", (A, REST)) ... </k>"
reference-semantics/semantics/bool.k,29,rule,F-UNREACHED,Part of the selected fixed semantics but unreachable from this program AST and entry state; no target claim depends on it.,"rule <k> BoolOp(_:String, (ref(H:Int), .Exprs)) => ref(H) ... </k>"
reference-semantics/semantics/bool.k,31,rule,F-UNREACHED,Part of the selected fixed semantics but unreachable from this program AST and entry state; no target claim depends on it.,"rule <k> BoolOp(""and"", (ref(H:Int), A:Expr, REST:Exprs)) => BoolOp(""and"", (A, REST)) ... </k>"
reference-semantics/semantics/bool.k,35,rule,F-UNREACHED,Part of the selected fixed semantics but unreachable from this program AST and entry state; no target claim depends on it.,"rule <k> BoolOp(""and"", (ref(H:Int), _:Expr, _:Exprs)) => ref(H) ... </k>"
reference-semantics/semantics/bool.k,39,rule,F-UNREACHED,Part of the selected fixed semantics but unreachable from this program AST and entry state; no target claim depends on it.,"rule <k> BoolOp(""or"", (ref(H:Int), _:Expr, _:Exprs)) => ref(H) ... </k>"
reference-semantics/semantics/bool.k,43,rule,F-UNREACHED,Part of the selected fixed semantics but unreachable from this program AST and entry state; no target claim depends on it.,"rule <k> BoolOp(""or"", (ref(H:Int), A:Expr, REST:Exprs)) => BoolOp(""or"", (A, REST)) ... </k>"
reference-semantics/semantics/builtins.k,17,syntax,F-UNREACHED,Part of the selected fixed semantics but unreachable from this program AST and entry state; no target claim depends on it.,"syntax Val ::= applyBuiltin(String, Vals) [function]"
reference-semantics/semantics/builtins.k,20,syntax,F-UNREACHED,Part of the selected fixed semantics but unreachable from this program AST and entry state; no target claim depends on it.,syntax Int ::= seqLen(Val) [function]
reference-semantics/semantics/builtins.k,21,rule,F-UNREACHED,Part of the selected fixed semantics but unreachable from this program AST and entry state; no target claim depends on it.,"rule applyBuiltin(""len"", OBJ:Val, .Vals) => seqLen(OBJ)"
reference-semantics/semantics/builtins.k,22,rule,F-UNREACHED,Part of the selected fixed semantics but unreachable from this program AST and entry state; no target claim depends on it.,rule seqLen(list(VS:ValSeq))                  => vsLen(VS)
reference-semantics/semantics/builtins.k,23,rule,F-UNREACHED,Part of the selected fixed semantics but unreachable from this program AST and entry state; no target claim depends on it.,rule seqLen(tuple(VS:ValSeq))                 => vsLen(VS)
reference-semantics/semantics/builtins.k,24,rule,F-UNREACHED,Part of the selected fixed semantics but unreachable from this program AST and entry state; no target claim depends on it.,rule seqLen(str(IS:IntSeq))                   => isLen(IS)
reference-semantics/semantics/builtins.k,25,rule,F-UNREACHED,Part of the selected fixed semantics but unreachable from this program AST and entry state; no target claim depends on it.,rule seqLen(setV(DS:IntSeq))                  => isLen(DS)
reference-semantics/semantics/builtins.k,26,rule,F-UNREACHED,Part of the selected fixed semantics but unreachable from this program AST and entry state; no target claim depends on it.,"rule seqLen(rangeObj(LO:Int, HI:Int, ST:Int)) => rangeLen(LO, HI, ST)"
reference-semantics/semantics/builtins.k,32,rule,F-UNREACHED,Part of the selected fixed semantics but unreachable from this program AST and entry state; no target claim depends on it.,"rule <k> #applyK(toCall(builtinV(""list"")), (list(VS:ValSeq),  .Vals)) => #alloc(list(VS)) ... </k>"
reference-semantics/semantics/builtins.k,33,rule,F-UNREACHED,Part of the selected fixed semantics but unreachable from this program AST and entry state; no target claim depends on it.,"rule <k> #applyK(toCall(builtinV(""list"")), (tuple(VS:ValSeq), .Vals)) => #alloc(list(VS)) ... </k>"
reference-semantics/semantics/builtins.k,34,rule,F-UNREACHED,Part of the selected fixed semantics but unreachable from this program AST and entry state; no target claim depends on it.,"rule <k> #applyK(toCall(builtinV(""list"")), .Vals)                     => #alloc(list(.ValSeq)) ... </k>"
reference-semantics/semantics/builtins.k,35,rule,F-UNREACHED,Part of the selected fixed semantics but unreachable from this program AST and entry state; no target claim depends on it.,"rule <k> #applyK(toCall(builtinV(""list"")), (str(CS:IntSeq), .Vals))   => #alloc(list(charsOf(CS))) ... </k>"
reference-semantics/semantics/builtins.k,36,syntax,F-UNREACHED,Part of the selected fixed semantics but unreachable from this program AST and entry state; no target claim depends on it.,"syntax ValSeq ::= charsOf(IntSeq) [function, total]"
reference-semantics/semantics/builtins.k,37,rule,F-UNREACHED,Part of the selected fixed semantics but unreachable from this program AST and entry state; no target claim depends on it.,rule charsOf(.IntSeq)                => .ValSeq
reference-semantics/semantics/builtins.k,38,rule,F-UNREACHED,Part of the selected fixed semantics but unreachable from this program AST and entry state; no target claim depends on it.,"rule charsOf(iCons(C:Int, R:IntSeq)) => vCons(str(iCons(C, .IntSeq)), charsOf(R))"
reference-semantics/semantics/builtins.k,41,rule,F-UNREACHED,Part of the selected fixed semantics but unreachable from this program AST and entry state; no target claim depends on it.,"rule applyBuiltin(""set"", str(CS:IntSeq), .Vals) => setV(dedupCodes(CS))"
reference-semantics/semantics/builtins.k,44,rule,F-UNREACHED,Part of the selected fixed semantics but unreachable from this program AST and entry state; no target claim depends on it.,"rule applyBuiltin(""abs"", I:Int, .Vals) => absInt(I)"
reference-semantics/semantics/builtins.k,47,syntax,F-UNREACHED,Part of the selected fixed semantics but unreachable from this program AST and entry state; no target claim depends on it.,"syntax KItem ::= #sumAcc(Iterable, Int) | #sumCont(Int)"
reference-semantics/semantics/builtins.k,48,rule,F-UNREACHED,Part of the selected fixed semantics but unreachable from this program AST and entry state; no target claim depends on it.,"rule <k> #sumAcc(IT:Iterable, ACC:Int) => #iterNext(IT) ~> #sumCont(ACC) ... </k>"
reference-semantics/semantics/builtins.k,49,rule,F-UNREACHED,Part of the selected fixed semantics but unreachable from this program AST and entry state; no target claim depends on it.,rule <k> #iterDone ~> #sumCont(ACC:Int) => ACC ... </k>
reference-semantics/semantics/builtins.k,50,rule,F-UNREACHED,Part of the selected fixed semantics but unreachable from this program AST and entry state; no target claim depends on it.,"rule <k> #iterYield(V:Val, R:Iterable) ~> #sumCont(ACC:Int)"
reference-semantics/semantics/builtins.k,54,syntax,F-UNREACHED,Part of the selected fixed semantics but unreachable from this program AST and entry state; no target claim depends on it.,syntax Int ::= intOf(Val) [function]
reference-semantics/semantics/builtins.k,55,rule,F-UNREACHED,Part of the selected fixed semantics but unreachable from this program AST and entry state; no target claim depends on it.,rule intOf(I:Int)  => I
reference-semantics/semantics/builtins.k,56,rule,F-UNREACHED,Part of the selected fixed semantics but unreachable from this program AST and entry state; no target claim depends on it.,rule intOf(B:Bool) => #if B #then 1 #else 0 #fi
reference-semantics/semantics/builtins.k,59,syntax,F-UNREACHED,Part of the selected fixed semantics but unreachable from this program AST and entry state; no target claim depends on it.,"syntax KItem ::= #allAcc(Iterable) | ""#allCont"""
reference-semantics/semantics/builtins.k,60,rule,F-UNREACHED,Part of the selected fixed semantics but unreachable from this program AST and entry state; no target claim depends on it.,rule <k> #allAcc(IT:Iterable) => #iterNext(IT) ~> #allCont ... </k>
reference-semantics/semantics/builtins.k,61,rule,F-UNREACHED,Part of the selected fixed semantics but unreachable from this program AST and entry state; no target claim depends on it.,rule <k> #iterDone ~> #allCont => true ... </k>
reference-semantics/semantics/builtins.k,62,rule,F-UNREACHED,Part of the selected fixed semantics but unreachable from this program AST and entry state; no target claim depends on it.,"rule <k> #iterYield(V:Val, R:Iterable) ~> #allCont => #allAcc(R) ... </k>"
reference-semantics/semantics/builtins.k,64,rule,F-UNREACHED,Part of the selected fixed semantics but unreachable from this program AST and entry state; no target claim depends on it.,"rule <k> #iterYield(V:Val, _:Iterable) ~> #allCont => false ... </k>"
reference-semantics/semantics/builtins.k,67,syntax,F-UNREACHED,Part of the selected fixed semantics but unreachable from this program AST and entry state; no target claim depends on it.,"syntax KItem ::= #anyAcc(Iterable) | ""#anyCont"""
reference-semantics/semantics/builtins.k,68,rule,F-UNREACHED,Part of the selected fixed semantics but unreachable from this program AST and entry state; no target claim depends on it.,rule <k> #anyAcc(IT:Iterable) => #iterNext(IT) ~> #anyCont ... </k>
reference-semantics/semantics/builtins.k,69,rule,F-UNREACHED,Part of the selected fixed semantics but unreachable from this program AST and entry state; no target claim depends on it.,rule <k> #iterDone ~> #anyCont => false ... </k>
reference-semantics/semantics/builtins.k,70,rule,F-UNREACHED,Part of the selected fixed semantics but unreachable from this program AST and entry state; no target claim depends on it.,"rule <k> #iterYield(V:Val, _:Iterable) ~> #anyCont => true ... </k>"
reference-semantics/semantics/builtins.k,72,rule,F-UNREACHED,Part of the selected fixed semantics but unreachable from this program AST and entry state; no target claim depends on it.,"rule <k> #iterYield(V:Val, R:Iterable) ~> #anyCont => #anyAcc(R) ... </k>"
reference-semantics/semantics/builtins.k,76,syntax,F-UNREACHED,Part of the selected fixed semantics but unreachable from this program AST and entry state; no target claim depends on it.,"syntax KItem ::= #maxAcc0(Iterable) | ""#maxCont0"" | #maxAcc(Iterable, Int) | #maxCont(Int)"
reference-semantics/semantics/builtins.k,77,rule,F-UNREACHED,Part of the selected fixed semantics but unreachable from this program AST and entry state; no target claim depends on it.,rule <k> #maxAcc0(IT:Iterable) => #iterNext(IT) ~> #maxCont0 ... </k>
reference-semantics/semantics/builtins.k,78,rule,F-UNREACHED,Part of the selected fixed semantics but unreachable from this program AST and entry state; no target claim depends on it.,"rule <k> #iterYield(V:Val, R:Iterable) ~> #maxCont0 => #maxAcc(R, {V}:>Int) ... </k>"
reference-semantics/semantics/builtins.k,80,rule,F-UNREACHED,Part of the selected fixed semantics but unreachable from this program AST and entry state; no target claim depends on it.,"rule <k> #maxAcc(IT:Iterable, M:Int) => #iterNext(IT) ~> #maxCont(M) ... </k>"
reference-semantics/semantics/builtins.k,81,rule,F-UNREACHED,Part of the selected fixed semantics but unreachable from this program AST and entry state; no target claim depends on it.,rule <k> #iterDone ~> #maxCont(M:Int) => M ... </k>
reference-semantics/semantics/builtins.k,82,rule,F-UNREACHED,Part of the selected fixed semantics but unreachable from this program AST and entry state; no target claim depends on it.,"rule <k> #iterYield(V:Val, R:Iterable) ~> #maxCont(M:Int)"
reference-semantics/semantics/builtins.k,86,syntax,F-UNREACHED,Part of the selected fixed semantics but unreachable from this program AST and entry state; no target claim depends on it.,"syntax KItem ::= #minAcc0(Iterable) | ""#minCont0"" | #minAcc(Iterable, Int) | #minCont(Int)"
reference-semantics/semantics/builtins.k,87,rule,F-UNREACHED,Part of the selected fixed semantics but unreachable from this program AST and entry state; no target claim depends on it.,rule <k> #minAcc0(IT:Iterable) => #iterNext(IT) ~> #minCont0 ... </k>
reference-semantics/semantics/builtins.k,88,rule,F-UNREACHED,Part of the selected fixed semantics but unreachable from this program AST and entry state; no target claim depends on it.,"rule <k> #iterYield(V:Val, R:Iterable) ~> #minCont0 => #minAcc(R, {V}:>Int) ... </k>"
reference-semantics/semantics/builtins.k,90,rule,F-UNREACHED,Part of the selected fixed semantics but unreachable from this program AST and entry state; no target claim depends on it.,"rule <k> #minAcc(IT:Iterable, M:Int) => #iterNext(IT) ~> #minCont(M) ... </k>"
reference-semantics/semantics/builtins.k,91,rule,F-UNREACHED,Part of the selected fixed semantics but unreachable from this program AST and entry state; no target claim depends on it.,rule <k> #iterDone ~> #minCont(M:Int) => M ... </k>
reference-semantics/semantics/builtins.k,92,rule,F-UNREACHED,Part of the selected fixed semantics but unreachable from this program AST and entry state; no target claim depends on it.,"rule <k> #iterYield(V:Val, R:Iterable) ~> #minCont(M:Int)"
reference-semantics/semantics/builtins.k,97,syntax,F-UNREACHED,Part of the selected fixed semantics but unreachable from this program AST and entry state; no target claim depends on it.,"syntax Int ::= maxVals(Int, Vals) [function]"
reference-semantics/semantics/builtins.k,98,rule,F-UNREACHED,Part of the selected fixed semantics but unreachable from this program AST and entry state; no target claim depends on it.,"rule applyBuiltin(""max"", I:Int, REST:Vals) => maxVals(I, REST)"
reference-semantics/semantics/builtins.k,99,rule,F-UNREACHED,Part of the selected fixed semantics but unreachable from this program AST and entry state; no target claim depends on it.,"rule maxVals(M:Int, .Vals)           => M"
reference-semantics/semantics/builtins.k,100,rule,F-UNREACHED,Part of the selected fixed semantics but unreachable from this program AST and entry state; no target claim depends on it.,"rule maxVals(M:Int, (I:Int, R:Vals)) => maxVals(maxInt(M, I), R)"
reference-semantics/semantics/builtins.k,102,syntax,F-UNREACHED,Part of the selected fixed semantics but unreachable from this program AST and entry state; no target claim depends on it.,"syntax Int ::= minVals(Int, Vals) [function]"
reference-semantics/semantics/builtins.k,103,rule,F-UNREACHED,Part of the selected fixed semantics but unreachable from this program AST and entry state; no target claim depends on it.,"rule applyBuiltin(""min"", I:Int, REST:Vals) => minVals(I, REST)"
reference-semantics/semantics/builtins.k,104,rule,F-UNREACHED,Part of the selected fixed semantics but unreachable from this program AST and entry state; no target claim depends on it.,"rule minVals(M:Int, .Vals)           => M"
reference-semantics/semantics/builtins.k,105,rule,F-UNREACHED,Part of the selected fixed semantics but unreachable from this program AST and entry state; no target claim depends on it.,"rule minVals(M:Int, (I:Int, R:Vals)) => minVals(minInt(M, I), R)"
reference-semantics/semantics/builtins.k,108,rule,F-UNREACHED,Part of the selected fixed semantics but unreachable from this program AST and entry state; no target claim depends on it.,"rule applyBuiltin(""bin"", N:Int, .Vals) => str(iCons(48, iCons(98, binCodes(N))))"
reference-semantics/semantics/builtins.k,111,rule,F-UNREACHED,Part of the selected fixed semantics but unreachable from this program AST and entry state; no target claim depends on it.,"rule applyBuiltin(""bin"", N:Int, .Vals)"
reference-semantics/semantics/builtins.k,114,syntax,F-UNREACHED,Part of the selected fixed semantics but unreachable from this program AST and entry state; no target claim depends on it.,"syntax IntSeq ::= binCodes(Int) [function, total]"
reference-semantics/semantics/builtins.k,115,rule,F-UNREACHED,Part of the selected fixed semantics but unreachable from this program AST and entry state; no target claim depends on it.,"rule binCodes(0) => iCons(48, .IntSeq)"
reference-semantics/semantics/builtins.k,116,rule,F-UNREACHED,Part of the selected fixed semantics but unreachable from this program AST and entry state; no target claim depends on it.,"rule binCodes(N:Int) => binAcc(N, .IntSeq) requires N >Int 0"
reference-semantics/semantics/builtins.k,117,syntax,F-UNREACHED,Part of the selected fixed semantics but unreachable from this program AST and entry state; no target claim depends on it.,"syntax IntSeq ::= binAcc(Int, IntSeq) [function, total]"
reference-semantics/semantics/builtins.k,118,rule,F-UNREACHED,Part of the selected fixed semantics but unreachable from this program AST and entry state; no target claim depends on it.,"rule binAcc(0, ACC:IntSeq) => ACC"
reference-semantics/semantics/builtins.k,119,rule,F-UNREACHED,Part of the selected fixed semantics but unreachable from this program AST and entry state; no target claim depends on it.,"rule binAcc(N:Int, ACC:IntSeq)"
reference-semantics/semantics/builtins.k,124,rule,F-UNREACHED,Part of the selected fixed semantics but unreachable from this program AST and entry state; no target claim depends on it.,"rule <k> #applyK(toCall(builtinV(""enumerate"")), (list(VS:ValSeq), .Vals))"
reference-semantics/semantics/builtins.k,126,syntax,F-UNREACHED,Part of the selected fixed semantics but unreachable from this program AST and entry state; no target claim depends on it.,"syntax ValSeq ::= enumVS(ValSeq, Int) [function, total]"
reference-semantics/semantics/builtins.k,127,rule,F-UNREACHED,Part of the selected fixed semantics but unreachable from this program AST and entry state; no target claim depends on it.,"rule enumVS(.ValSeq, _:Int) => .ValSeq"
reference-semantics/semantics/builtins.k,128,rule,F-UNREACHED,Part of the selected fixed semantics but unreachable from this program AST and entry state; no target claim depends on it.,"rule enumVS(vCons(V:Val, R:ValSeq), I:Int)"
reference-semantics/semantics/builtins.k,132,rule,F-UNREACHED,Part of the selected fixed semantics but unreachable from this program AST and entry state; no target claim depends on it.,"rule <k> #applyK(toCall(builtinV(""map"")), (typeV(""str""), list(VS:ValSeq), .Vals))"
reference-semantics/semantics/builtins.k,134,syntax,F-UNREACHED,Part of the selected fixed semantics but unreachable from this program AST and entry state; no target claim depends on it.,"syntax ValSeq ::= mapStrVS(ValSeq) [function, total]"
reference-semantics/semantics/builtins.k,135,rule,F-UNREACHED,Part of the selected fixed semantics but unreachable from this program AST and entry state; no target claim depends on it.,rule mapStrVS(.ValSeq) => .ValSeq
reference-semantics/semantics/builtins.k,136,rule,F-UNREACHED,Part of the selected fixed semantics but unreachable from this program AST and entry state; no target claim depends on it.,"rule mapStrVS(vCons(I:Int, R:ValSeq)) => vCons(str(strToCodes(Int2String(I))), mapStrVS(R))"
reference-semantics/semantics/builtins.k,137,rule,F-UNREACHED,Part of the selected fixed semantics but unreachable from this program AST and entry state; no target claim depends on it.,"rule mapStrVS(vCons(str(CS:IntSeq), R:ValSeq)) => vCons(str(CS), mapStrVS(R))"
reference-semantics/semantics/builtins.k,140,rule,F-UNREACHED,Part of the selected fixed semantics but unreachable from this program AST and entry state; no target claim depends on it.,"rule applyBuiltin(""int"", I:Int, .Vals) => I"
reference-semantics/semantics/builtins.k,143,rule,F-UNREACHED,Part of the selected fixed semantics but unreachable from this program AST and entry state; no target claim depends on it.,"rule applyBuiltin(""ord"", str(iCons(C:Int, .IntSeq)), .Vals) => C"
reference-semantics/semantics/builtins.k,144,rule,F-UNREACHED,Part of the selected fixed semantics but unreachable from this program AST and entry state; no target claim depends on it.,"rule applyBuiltin(""chr"", I:Int, .Vals) => str(iCons(I, .IntSeq))"
reference-semantics/semantics/builtins.k,148,rule,F-UNREACHED,Part of the selected fixed semantics but unreachable from this program AST and entry state; no target claim depends on it.,"rule applyBuiltin(""str"", I:Int, .Vals)       => str(strToCodes(Int2String(I)))"
reference-semantics/semantics/builtins.k,149,rule,F-UNREACHED,Part of the selected fixed semantics but unreachable from this program AST and entry state; no target claim depends on it.,"rule applyBuiltin(""str"", str(CS:IntSeq), .Vals) => str(CS)"
reference-semantics/semantics/builtins.k,152,rule,F-UNREACHED,Part of the selected fixed semantics but unreachable from this program AST and entry state; no target claim depends on it.,"rule applyBuiltin(""int"", str(iCons(C:Int, .IntSeq)), .Vals) => C -Int 48"
reference-semantics/semantics/builtins.k,156,rule,F-UNREACHED,Part of the selected fixed semantics but unreachable from this program AST and entry state; no target claim depends on it.,"rule applyBuiltin(""int"", str(CS:IntSeq), .Vals) => intDigAcc(CS, 0)"
reference-semantics/semantics/builtins.k,158,syntax,F-UNREACHED,Part of the selected fixed semantics but unreachable from this program AST and entry state; no target claim depends on it.,"syntax Int ::= intDigAcc(IntSeq, Int) [function, total]"
reference-semantics/semantics/builtins.k,159,rule,F-UNREACHED,Part of the selected fixed semantics but unreachable from this program AST and entry state; no target claim depends on it.,"rule intDigAcc(.IntSeq, ACC:Int)             => ACC"
reference-semantics/semantics/builtins.k,160,rule,F-UNREACHED,Part of the selected fixed semantics but unreachable from this program AST and entry state; no target claim depends on it.,"rule intDigAcc(iCons(C:Int, R:IntSeq), ACC:Int) => intDigAcc(R, (ACC *Int 10) +Int (C -Int 48))"
reference-semantics/semantics/builtins.k,163,rule,F-UNREACHED,Part of the selected fixed semantics but unreachable from this program AST and entry state; no target claim depends on it.,"rule applyBuiltin(""zip"", list(A:ValSeq), list(B:ValSeq), .Vals) => zipObj(A, B)"
reference-semantics/semantics/builtins.k,164,rule,F-UNREACHED,Part of the selected fixed semantics but unreachable from this program AST and entry state; no target claim depends on it.,"rule applyBuiltin(""zip"", str(A:IntSeq), str(B:IntSeq), .Vals)   => zipObjS(A, B)"
reference-semantics/semantics/builtins.k,167,rule,F-UNREACHED,Part of the selected fixed semantics but unreachable from this program AST and entry state; no target claim depends on it.,"rule <k> #iterNext(zipObj(vCons(A:Val, As:ValSeq), vCons(B:Val, Bs:ValSeq)))"
reference-semantics/semantics/builtins.k,169,rule,F-UNREACHED,Part of the selected fixed semantics but unreachable from this program AST and entry state; no target claim depends on it.,"rule <k> #iterNext(zipObj(.ValSeq, _:ValSeq))               => #iterDone ... </k>"
reference-semantics/semantics/builtins.k,170,rule,F-UNREACHED,Part of the selected fixed semantics but unreachable from this program AST and entry state; no target claim depends on it.,"rule <k> #iterNext(zipObj(vCons(_:Val, _:ValSeq), .ValSeq)) => #iterDone ... </k>"
reference-semantics/semantics/builtins.k,171,rule,F-UNREACHED,Part of the selected fixed semantics but unreachable from this program AST and entry state; no target claim depends on it.,"rule <k> #iterNext(zipObjS(iCons(A:Int, As:IntSeq), iCons(B:Int, Bs:IntSeq)))"
reference-semantics/semantics/builtins.k,173,rule,F-UNREACHED,Part of the selected fixed semantics but unreachable from this program AST and entry state; no target claim depends on it.,"rule <k> #iterNext(zipObjS(.IntSeq, _:IntSeq))              => #iterDone ... </k>"
reference-semantics/semantics/builtins.k,174,rule,F-UNREACHED,Part of the selected fixed semantics but unreachable from this program AST and entry state; no target claim depends on it.,"rule <k> #iterNext(zipObjS(iCons(_:Int, _:IntSeq), .IntSeq)) => #iterDone ... </k>"
reference-semantics/semantics/builtins.k,177,rule,F-UNREACHED,Part of the selected fixed semantics but unreachable from this program AST and entry state; no target claim depends on it.,"rule applyBuiltin(""range"", I:Int, .Vals)               => rangeObj(0, I, 1)"
reference-semantics/semantics/builtins.k,178,rule,F-UNREACHED,Part of the selected fixed semantics but unreachable from this program AST and entry state; no target claim depends on it.,"rule applyBuiltin(""range"", A:Int, B:Int, .Vals)        => rangeObj(A, B, 1)"
reference-semantics/semantics/builtins.k,179,rule,F-UNREACHED,Part of the selected fixed semantics but unreachable from this program AST and entry state; no target claim depends on it.,"rule applyBuiltin(""range"", A:Int, B:Int, S:Int, .Vals) => rangeObj(A, B, S)"
reference-semantics/semantics/builtins.k,187,rule,F-UNREACHED,Part of the selected fixed semantics but unreachable from this program AST and entry state; no target claim depends on it.,"rule applyBuiltin(""eval"", str(CS:IntSeq), .Vals) => evalArith(CS)"
reference-semantics/semantics/builtins.k,188,syntax,F-UNREACHED,Part of the selected fixed semantics but unreachable from this program AST and entry state; no target claim depends on it.,syntax Int ::= evalArith(IntSeq) [function]
reference-semantics/semantics/builtins.k,189,rule,F-UNREACHED,Part of the selected fixed semantics but unreachable from this program AST and entry state; no target claim depends on it.,rule evalArith(CS:IntSeq)
reference-semantics/semantics/builtins.k,192,syntax,F-UNREACHED,Part of the selected fixed semantics but unreachable from this program AST and entry state; no target claim depends on it.,"syntax OpSeq ::= "".OpSeq"" | oCons(String, OpSeq)"
reference-semantics/semantics/builtins.k,194,syntax,F-UNREACHED,Part of the selected fixed semantics but unreachable from this program AST and entry state; no target claim depends on it.,"syntax Bool ::= evDigit(Int) [function, total]"
reference-semantics/semantics/builtins.k,195,rule,F-UNREACHED,Part of the selected fixed semantics but unreachable from this program AST and entry state; no target claim depends on it.,rule evDigit(C:Int) => C >=Int 48 andBool C <=Int 57
reference-semantics/semantics/builtins.k,196,syntax,F-UNREACHED,Part of the selected fixed semantics but unreachable from this program AST and entry state; no target claim depends on it.,"syntax Bool ::= evHead42(IntSeq) [function, total]"
reference-semantics/semantics/builtins.k,197,rule,F-UNREACHED,Part of the selected fixed semantics but unreachable from this program AST and entry state; no target claim depends on it.,"rule evHead42(iCons(42, _:IntSeq)) => true"
reference-semantics/semantics/builtins.k,198,rule,F-UNREACHED,Part of the selected fixed semantics but unreachable from this program AST and entry state; no target claim depends on it.,rule evHead42(_:IntSeq)            => false [owise]
reference-semantics/semantics/builtins.k,199,syntax,F-UNREACHED,Part of the selected fixed semantics but unreachable from this program AST and entry state; no target claim depends on it.,"syntax Bool ::= evHead47(IntSeq) [function, total]"
reference-semantics/semantics/builtins.k,200,rule,F-UNREACHED,Part of the selected fixed semantics but unreachable from this program AST and entry state; no target claim depends on it.,"rule evHead47(iCons(47, _:IntSeq)) => true"
reference-semantics/semantics/builtins.k,201,rule,F-UNREACHED,Part of the selected fixed semantics but unreachable from this program AST and entry state; no target claim depends on it.,rule evHead47(_:IntSeq)            => false [owise]
reference-semantics/semantics/builtins.k,203,syntax,F-UNREACHED,Part of the selected fixed semantics but unreachable from this program AST and entry state; no target claim depends on it.,"syntax OpSeq ::= tokOps(IntSeq) [function, total]"
reference-semantics/semantics/builtins.k,204,rule,F-UNREACHED,Part of the selected fixed semantics but unreachable from this program AST and entry state; no target claim depends on it.,rule tokOps(.IntSeq)                 => .OpSeq
reference-semantics/semantics/builtins.k,205,rule,F-UNREACHED,Part of the selected fixed semantics but unreachable from this program AST and entry state; no target claim depends on it.,"rule tokOps(iCons(32, R:IntSeq))     => tokOps(R)"
reference-semantics/semantics/builtins.k,206,rule,F-UNREACHED,Part of the selected fixed semantics but unreachable from this program AST and entry state; no target claim depends on it.,"rule tokOps(iCons(C:Int, R:IntSeq))  => tokOps(R) requires evDigit(C)"
reference-semantics/semantics/builtins.k,207,rule,F-UNREACHED,Part of the selected fixed semantics but unreachable from this program AST and entry state; no target claim depends on it.,"rule tokOps(iCons(42, iCons(42, R:IntSeq))) => oCons(""**"", tokOps(R))"
reference-semantics/semantics/builtins.k,208,rule,F-UNREACHED,Part of the selected fixed semantics but unreachable from this program AST and entry state; no target claim depends on it.,"rule tokOps(iCons(42, R:IntSeq))     => oCons(""*"", tokOps(R)) requires notBool evHead42(R)"
reference-semantics/semantics/builtins.k,209,rule,F-UNREACHED,Part of the selected fixed semantics but unreachable from this program AST and entry state; no target claim depends on it.,"rule tokOps(iCons(47, iCons(47, R:IntSeq))) => oCons(""//"", tokOps(R))"
reference-semantics/semantics/builtins.k,210,rule,F-UNREACHED,Part of the selected fixed semantics but unreachable from this program AST and entry state; no target claim depends on it.,"rule tokOps(iCons(47, R:IntSeq))     => oCons(""/"", tokOps(R)) requires notBool evHead47(R)"
reference-semantics/semantics/builtins.k,211,rule,F-UNREACHED,Part of the selected fixed semantics but unreachable from this program AST and entry state; no target claim depends on it.,"rule tokOps(iCons(43, R:IntSeq))     => oCons(""+"", tokOps(R))"
reference-semantics/semantics/builtins.k,212,rule,F-UNREACHED,Part of the selected fixed semantics but unreachable from this program AST and entry state; no target claim depends on it.,"rule tokOps(iCons(45, R:IntSeq))     => oCons(""-"", tokOps(R))"
reference-semantics/semantics/builtins.k,214,syntax,F-UNREACHED,Part of the selected fixed semantics but unreachable from this program AST and entry state; no target claim depends on it.,"syntax IntSeq ::= tokNds(IntSeq) [function, total]"
reference-semantics/semantics/builtins.k,216,rule,F-UNREACHED,Part of the selected fixed semantics but unreachable from this program AST and entry state; no target claim depends on it.,rule tokNds(.IntSeq)                => .IntSeq
reference-semantics/semantics/builtins.k,217,rule,F-UNREACHED,Part of the selected fixed semantics but unreachable from this program AST and entry state; no target claim depends on it.,"rule tokNds(iCons(32, R:IntSeq))    => tokNds(R)"
reference-semantics/semantics/builtins.k,218,rule,F-UNREACHED,Part of the selected fixed semantics but unreachable from this program AST and entry state; no target claim depends on it.,"rule tokNds(iCons(C:Int, R:IntSeq)) => tokNdAcc(C -Int 48, R) requires evDigit(C)"
reference-semantics/semantics/builtins.k,219,rule,F-UNREACHED,Part of the selected fixed semantics but unreachable from this program AST and entry state; no target claim depends on it.,"rule tokNds(iCons(C:Int, R:IntSeq)) => tokNds(R)"
reference-semantics/semantics/builtins.k,221,rule,F-UNREACHED,Part of the selected fixed semantics but unreachable from this program AST and entry state; no target claim depends on it.,"rule tokNdAcc(A:Int, iCons(C:Int, R:IntSeq)) => tokNdAcc(A *Int 10 +Int (C -Int 48), R)"
reference-semantics/semantics/builtins.k,223,rule,F-UNREACHED,Part of the selected fixed semantics but unreachable from this program AST and entry state; no target claim depends on it.,"rule tokNdAcc(A:Int, S:IntSeq) => iCons(A, tokNds(S)) [owise]"
reference-semantics/semantics/builtins.k,225,syntax,F-UNREACHED,Part of the selected fixed semantics but unreachable from this program AST and entry state; no target claim depends on it.,"syntax EvPair ::= evp(OpSeq, IntSeq)"
reference-semantics/semantics/builtins.k,226,syntax,F-UNREACHED,Part of the selected fixed semantics but unreachable from this program AST and entry state; no target claim depends on it.,"syntax Int ::= firstNdE(EvPair) [function, total]"
reference-semantics/semantics/builtins.k,227,rule,F-UNREACHED,Part of the selected fixed semantics but unreachable from this program AST and entry state; no target claim depends on it.,"rule firstNdE(evp(_:OpSeq, iCons(N:Int, _:IntSeq))) => N"
reference-semantics/semantics/builtins.k,228,rule,F-UNREACHED,Part of the selected fixed semantics but unreachable from this program AST and entry state; no target claim depends on it.,rule firstNdE(_:EvPair) => 0 [owise]
reference-semantics/semantics/builtins.k,230,syntax,F-UNREACHED,Part of the selected fixed semantics but unreachable from this program AST and entry state; no target claim depends on it.,"syntax Int ::= applyOpE(String, Int, Int) [function, total]"
reference-semantics/semantics/builtins.k,231,rule,F-UNREACHED,Part of the selected fixed semantics but unreachable from this program AST and entry state; no target claim depends on it.,"rule applyOpE(""+"",  A:Int, B:Int) => A +Int B"
reference-semantics/semantics/builtins.k,232,rule,F-UNREACHED,Part of the selected fixed semantics but unreachable from this program AST and entry state; no target claim depends on it.,"rule applyOpE(""-"",  A:Int, B:Int) => A -Int B"
reference-semantics/semantics/builtins.k,233,rule,F-UNREACHED,Part of the selected fixed semantics but unreachable from this program AST and entry state; no target claim depends on it.,"rule applyOpE(""*"",  A:Int, B:Int) => A *Int B"
reference-semantics/semantics/builtins.k,234,rule,F-UNREACHED,Part of the selected fixed semantics but unreachable from this program AST and entry state; no target claim depends on it.,"rule applyOpE(""//"", A:Int, B:Int) => A divInt B"
reference-semantics/semantics/builtins.k,235,rule,F-UNREACHED,Part of the selected fixed semantics but unreachable from this program AST and entry state; no target claim depends on it.,"rule applyOpE(""**"", A:Int, B:Int) => A ^Int B"
reference-semantics/semantics/builtins.k,236,rule,F-UNREACHED,Part of the selected fixed semantics but unreachable from this program AST and entry state; no target claim depends on it.,"rule applyOpE(_:String, A:Int, _:Int) => A [owise]"
reference-semantics/semantics/builtins.k,238,syntax,F-UNREACHED,Part of the selected fixed semantics but unreachable from this program AST and entry state; no target claim depends on it.,"syntax EvPair ::= passPowE(OpSeq, IntSeq) [function, total]"
reference-semantics/semantics/builtins.k,239,rule,F-UNREACHED,Part of the selected fixed semantics but unreachable from this program AST and entry state; no target claim depends on it.,"rule passPowE(.OpSeq, NDS:IntSeq) => evp(.OpSeq, NDS)"
reference-semantics/semantics/builtins.k,240,rule,F-UNREACHED,Part of the selected fixed semantics but unreachable from this program AST and entry state; no target claim depends on it.,"rule passPowE(oCons(""**"", OPS:OpSeq), iCons(N:Int, NDS:IntSeq)) => powCombE(N, passPowE(OPS, NDS))"
reference-semantics/semantics/builtins.k,241,rule,F-UNREACHED,Part of the selected fixed semantics but unreachable from this program AST and entry state; no target claim depends on it.,"rule passPowE(oCons(O:String, OPS:OpSeq), iCons(N:Int, NDS:IntSeq)) => powCarryE(O, N, passPowE(OPS, NDS))"
reference-semantics/semantics/builtins.k,243,rule,F-UNREACHED,Part of the selected fixed semantics but unreachable from this program AST and entry state; no target claim depends on it.,"rule passPowE(_:OpSeq, .IntSeq) => evp(.OpSeq, .IntSeq) [owise]"
reference-semantics/semantics/builtins.k,244,syntax,F-UNREACHED,Part of the selected fixed semantics but unreachable from this program AST and entry state; no target claim depends on it.,"syntax EvPair ::= powCombE(Int, EvPair) [function, total]"
reference-semantics/semantics/builtins.k,245,rule,F-UNREACHED,Part of the selected fixed semantics but unreachable from this program AST and entry state; no target claim depends on it.,"rule powCombE(N:Int, evp(OPS:OpSeq, iCons(M:Int, REST:IntSeq))) => evp(OPS, iCons(N ^Int M, REST))"
reference-semantics/semantics/builtins.k,246,rule,F-UNREACHED,Part of the selected fixed semantics but unreachable from this program AST and entry state; no target claim depends on it.,"rule powCombE(N:Int, evp(OPS:OpSeq, .IntSeq)) => evp(OPS, iCons(N, .IntSeq))"
reference-semantics/semantics/builtins.k,247,syntax,F-UNREACHED,Part of the selected fixed semantics but unreachable from this program AST and entry state; no target claim depends on it.,"syntax EvPair ::= powCarryE(String, Int, EvPair) [function, total]"
reference-semantics/semantics/builtins.k,248,rule,F-UNREACHED,Part of the selected fixed semantics but unreachable from this program AST and entry state; no target claim depends on it.,"rule powCarryE(O:String, N:Int, evp(OPS:OpSeq, NDS:IntSeq)) => evp(oCons(O, OPS), iCons(N, NDS))"
reference-semantics/semantics/builtins.k,250,syntax,F-UNREACHED,Part of the selected fixed semantics but unreachable from this program AST and entry state; no target claim depends on it.,"syntax EvPair ::= passMulE(EvPair) [function, total] | passAddE(EvPair) [function, total]"
reference-semantics/semantics/builtins.k,251,rule,F-UNREACHED,Part of the selected fixed semantics but unreachable from this program AST and entry state; no target claim depends on it.,"rule passMulE(evp(OPS:OpSeq, iCons(N0:Int, NDS:IntSeq))) => passLGoE(""mul"", N0, OPS, NDS, .OpSeq, .IntSeq)"
reference-semantics/semantics/builtins.k,252,rule,F-UNREACHED,Part of the selected fixed semantics but unreachable from this program AST and entry state; no target claim depends on it.,"rule passMulE(evp(OPS:OpSeq, .IntSeq)) => evp(OPS, .IntSeq)"
reference-semantics/semantics/builtins.k,253,rule,F-UNREACHED,Part of the selected fixed semantics but unreachable from this program AST and entry state; no target claim depends on it.,"rule passAddE(evp(OPS:OpSeq, iCons(N0:Int, NDS:IntSeq))) => passLGoE(""add"", N0, OPS, NDS, .OpSeq, .IntSeq)"
reference-semantics/semantics/builtins.k,254,rule,F-UNREACHED,Part of the selected fixed semantics but unreachable from this program AST and entry state; no target claim depends on it.,"rule passAddE(evp(OPS:OpSeq, .IntSeq)) => evp(OPS, .IntSeq)"
reference-semantics/semantics/builtins.k,255,syntax,F-UNREACHED,Part of the selected fixed semantics but unreachable from this program AST and entry state; no target claim depends on it.,"syntax EvPair ::= passLGoE(String, Int, OpSeq, IntSeq, OpSeq, IntSeq) [function, total]"
reference-semantics/semantics/builtins.k,256,rule,F-UNREACHED,Part of the selected fixed semantics but unreachable from this program AST and entry state; no target claim depends on it.,"rule passLGoE(_:String, CUR:Int, .OpSeq, _:IntSeq, OO:OpSeq, ON:IntSeq) => evp(OO, appendIE(ON, CUR))"
reference-semantics/semantics/builtins.k,257,rule,F-UNREACHED,Part of the selected fixed semantics but unreachable from this program AST and entry state; no target claim depends on it.,"rule passLGoE(L:String, CUR:Int, oCons(O:String, OPS:OpSeq), iCons(N:Int, NDS:IntSeq), OO:OpSeq, ON:IntSeq)"
reference-semantics/semantics/builtins.k,260,rule,F-UNREACHED,Part of the selected fixed semantics but unreachable from this program AST and entry state; no target claim depends on it.,"rule passLGoE(L:String, CUR:Int, oCons(O:String, OPS:OpSeq), iCons(N:Int, NDS:IntSeq), OO:OpSeq, ON:IntSeq)"
reference-semantics/semantics/builtins.k,263,rule,F-UNREACHED,Part of the selected fixed semantics but unreachable from this program AST and entry state; no target claim depends on it.,"rule passLGoE(_:String, CUR:Int, oCons(_:String, _:OpSeq), .IntSeq, OO:OpSeq, ON:IntSeq)"
reference-semantics/semantics/builtins.k,265,syntax,F-UNREACHED,Part of the selected fixed semantics but unreachable from this program AST and entry state; no target claim depends on it.,"syntax Bool ::= inLevelE(String, String) [function, total]"
reference-semantics/semantics/builtins.k,266,rule,F-UNREACHED,Part of the selected fixed semantics but unreachable from this program AST and entry state; no target claim depends on it.,"rule inLevelE(""mul"", O:String) => O ==String ""*"" orBool O ==String ""//"" orBool O ==String ""/"""
reference-semantics/semantics/builtins.k,267,rule,F-UNREACHED,Part of the selected fixed semantics but unreachable from this program AST and entry state; no target claim depends on it.,"rule inLevelE(""add"", O:String) => O ==String ""+"" orBool O ==String ""-"""
reference-semantics/semantics/builtins.k,268,rule,F-UNREACHED,Part of the selected fixed semantics but unreachable from this program AST and entry state; no target claim depends on it.,"rule inLevelE(_:String, _:String) => false [owise]"
reference-semantics/semantics/builtins.k,269,syntax,F-UNREACHED,Part of the selected fixed semantics but unreachable from this program AST and entry state; no target claim depends on it.,"syntax OpSeq ::= appendOpE(OpSeq, String) [function, total]"
reference-semantics/semantics/builtins.k,270,rule,F-UNREACHED,Part of the selected fixed semantics but unreachable from this program AST and entry state; no target claim depends on it.,"rule appendOpE(.OpSeq, O:String) => oCons(O, .OpSeq)"
reference-semantics/semantics/builtins.k,271,rule,F-UNREACHED,Part of the selected fixed semantics but unreachable from this program AST and entry state; no target claim depends on it.,"rule appendOpE(oCons(H:String, T:OpSeq), O:String) => oCons(H, appendOpE(T, O))"
reference-semantics/semantics/builtins.k,272,syntax,F-UNREACHED,Part of the selected fixed semantics but unreachable from this program AST and entry state; no target claim depends on it.,"syntax IntSeq ::= appendIE(IntSeq, Int) [function, total]"
reference-semantics/semantics/builtins.k,273,rule,F-UNREACHED,Part of the selected fixed semantics but unreachable from this program AST and entry state; no target claim depends on it.,"rule appendIE(.IntSeq, N:Int) => iCons(N, .IntSeq)"
reference-semantics/semantics/builtins.k,274,rule,F-UNREACHED,Part of the selected fixed semantics but unreachable from this program AST and entry state; no target claim depends on it.,"rule appendIE(iCons(H:Int, T:IntSeq), N:Int) => iCons(H, appendIE(T, N))"
reference-semantics/semantics/builtins.k,279,syntax,F-UNREACHED,Part of the selected fixed semantics but unreachable from this program AST and entry state; no target claim depends on it.,"syntax KItem ::= ""#md5"""
reference-semantics/semantics/builtins.k,280,rule,F-UNREACHED,Part of the selected fixed semantics but unreachable from this program AST and entry state; no target claim depends on it.,"rule <k> Call(Attribute(Name(""hashlib""), ""md5""), (E:Expr, .Exprs)) => E ~> #md5 ... </k>"
reference-semantics/semantics/builtins.k,282,rule,F-UNREACHED,Part of the selected fixed semantics but unreachable from this program AST and entry state; no target claim depends on it.,rule <k> str(CS:IntSeq) ~> #md5 => md5Obj(CS) ... </k>
reference-semantics/semantics/builtins.k,283,syntax,F-UNREACHED,Part of the selected fixed semantics but unreachable from this program AST and entry state; no target claim depends on it.,syntax Val ::= md5Obj(IntSeq)
reference-semantics/semantics/builtins.k,284,rule,F-UNREACHED,Part of the selected fixed semantics but unreachable from this program AST and entry state; no target claim depends on it.,"rule applyMethod(md5Obj(CS:IntSeq), ""hexdigest"", .Vals) => str(md5hexCodes(CS))"
reference-semantics/semantics/builtins.k,285,syntax,F-UNREACHED,Part of the selected fixed semantics but unreachable from this program AST and entry state; no target claim depends on it.,"syntax IntSeq ::= md5hexCodes(IntSeq) [function, total, symbol(md5hexCodes), no-evaluators]"
reference-semantics/semantics/builtins.k,291,rule,F-UNREACHED,Part of the selected fixed semantics but unreachable from this program AST and entry state; no target claim depends on it.,"rule applyBuiltin(""isinstance"", V:Val, typeV(""int""), .Vals) => isIntV(V)"
reference-semantics/semantics/builtins.k,292,rule,F-UNREACHED,Part of the selected fixed semantics but unreachable from this program AST and entry state; no target claim depends on it.,"rule applyBuiltin(""isinstance"", V:Val, typeV(""str""), .Vals) => isStrV(V)"
reference-semantics/semantics/builtins.k,293,syntax,F-UNREACHED,Part of the selected fixed semantics but unreachable from this program AST and entry state; no target claim depends on it.,syntax Bool ::= isIntV(Val) [function] | isStrV(Val) [function]
reference-semantics/semantics/builtins.k,294,rule,F-UNREACHED,Part of the selected fixed semantics but unreachable from this program AST and entry state; no target claim depends on it.,rule isIntV(_:Int)         => true
reference-semantics/semantics/builtins.k,295,rule,F-UNREACHED,Part of the selected fixed semantics but unreachable from this program AST and entry state; no target claim depends on it.,rule isIntV(_:Val)         => false [owise]
reference-semantics/semantics/builtins.k,296,rule,F-UNREACHED,Part of the selected fixed semantics but unreachable from this program AST and entry state; no target claim depends on it.,rule isStrV(str(_:IntSeq)) => true
reference-semantics/semantics/builtins.k,297,rule,F-UNREACHED,Part of the selected fixed semantics but unreachable from this program AST and entry state; no target claim depends on it.,rule isStrV(_:Val)         => false [owise]
reference-semantics/semantics/call.k,16,rule,F-USED,Selected supplied-semantics declaration on the submitted execution path or needed for an applicable overlap/priority check.,"rule <k> Attribute(V:Val, M:String) => boundMethodV(V, M) ... </k>"
reference-semantics/semantics/call.k,19,syntax,F-USED,Selected supplied-semantics declaration on the submitted execution path or needed for an applicable overlap/priority check.,syntax KItem ::= #callee(Exprs)
reference-semantics/semantics/call.k,20,rule,F-USED,Selected supplied-semantics declaration on the submitted execution path or needed for an applicable overlap/priority check.,"rule <k> Call(Fe:Expr, ARGS:Exprs) => Fe ~> #callee(ARGS) ... </k> [owise]"
reference-semantics/semantics/call.k,21,rule,F-USED,Selected supplied-semantics declaration on the submitted execution path or needed for an applicable overlap/priority check.,"rule <k> CV:Val ~> #callee(ARGS:Exprs) => #evalArgs(ARGS, .Vals, toCall(CV)) ... </k>"
reference-semantics/semantics/call.k,24,rule,F-USED,Selected supplied-semantics declaration on the submitted execution path or needed for an applicable overlap/priority check.,"rule <k> #applyK(toCall(boundMethodV(OBJ:Val, M:String)), ACC:Vals) => applyMethod(OBJ, M, ACC) ... </k>"
reference-semantics/semantics/call.k,26,rule,F-UNREACHED,Part of the selected fixed semantics but unreachable from this program AST and entry state; no target claim depends on it.,"rule <k> #applyK(toCall(builtinV(""sum"")), (OBJ:Iterable, .Vals)) => #sumAcc(OBJ, 0) ... </k>"
reference-semantics/semantics/call.k,27,rule,F-UNREACHED,Part of the selected fixed semantics but unreachable from this program AST and entry state; no target claim depends on it.,"rule <k> #applyK(toCall(builtinV(""all"")), (OBJ:Iterable, .Vals)) => #allAcc(OBJ)    ... </k>"
reference-semantics/semantics/call.k,28,rule,F-UNREACHED,Part of the selected fixed semantics but unreachable from this program AST and entry state; no target claim depends on it.,"rule <k> #applyK(toCall(builtinV(""any"")), (OBJ:Iterable, .Vals)) => #anyAcc(OBJ)    ... </k>"
reference-semantics/semantics/call.k,29,rule,F-UNREACHED,Part of the selected fixed semantics but unreachable from this program AST and entry state; no target claim depends on it.,"rule <k> #applyK(toCall(builtinV(""max"")), (OBJ:Iterable, .Vals)) => #maxAcc0(OBJ)   ... </k>"
reference-semantics/semantics/call.k,30,rule,F-UNREACHED,Part of the selected fixed semantics but unreachable from this program AST and entry state; no target claim depends on it.,"rule <k> #applyK(toCall(builtinV(""min"")), (OBJ:Iterable, .Vals)) => #minAcc0(OBJ)   ... </k>"
reference-semantics/semantics/call.k,31,rule,F-UNREACHED,Part of the selected fixed semantics but unreachable from this program AST and entry state; no target claim depends on it.,"rule <k> #applyK(toCall(builtinV(BN:String)), ACC:Vals) => applyBuiltin(BN, ACC) ... </k> [owise]"
reference-semantics/semantics/call.k,32,rule,F-UNREACHED,Part of the selected fixed semantics but unreachable from this program AST and entry state; no target claim depends on it.,"rule <k> #applyK(toCall(typeV(T:String)),     ACC:Vals) => applyBuiltin(T, ACC)  ... </k>"
reference-semantics/semantics/call.k,38,rule,F-UNREACHED,Part of the selected fixed semantics but unreachable from this program AST and entry state; no target claim depends on it.,"rule <k> #applyK(toCall(builtinV(BN:String)), (ref(H:Int), REST:Vals))"
reference-semantics/semantics/call.k,42,rule,F-UNREACHED,Part of the selected fixed semantics but unreachable from this program AST and entry state; no target claim depends on it.,"rule <k> #applyK(toCall(builtinV(BN:String)), (A:Val, ref(H:Int), REST:Vals))"
reference-semantics/semantics/call.k,47,rule,F-UNREACHED,Part of the selected fixed semantics but unreachable from this program AST and entry state; no target claim depends on it.,"rule <k> #applyK(toCall(typeV(T:String)), (ref(H:Int), REST:Vals))"
reference-semantics/semantics/call.k,52,syntax,F-USED,Selected supplied-semantics declaration on the submitted execution path or needed for an applicable overlap/priority check.,"syntax Bool ::= isMutMethod(String) [function, total]"
reference-semantics/semantics/call.k,53,rule,F-USED,Selected supplied-semantics declaration on the submitted execution path or needed for an applicable overlap/priority check.,rule isMutMethod(M:String)
reference-semantics/semantics/call.k,56,rule,F-USED,Selected supplied-semantics declaration on the submitted execution path or needed for an applicable overlap/priority check.,"rule <k> #applyK(toCall(boundMethodV(ref(H:Int), M:String)), ACC:Vals)"
reference-semantics/semantics/call.k,63,rule,F-UNREACHED,Part of the selected fixed semantics but unreachable from this program AST and entry state; no target claim depends on it.,"rule <k> #applyK(toCall(boundMethodV(OBJ:Val, M:String)), (ref(H:Int), REST:Vals))"
reference-semantics/semantics/call.k,69,rule,F-USED,Selected supplied-semantics declaration on the submitted execution path or needed for an applicable overlap/priority check.,"rule <k> #applyK(toCall(closureVal(PNS:ParamNames, BODY:Stmts, DEFL:Int)), ACC:Vals) ~> CONT"
reference-semantics/semantics/call.k,80,rule,F-UNREACHED,Part of the selected fixed semantics but unreachable from this program AST and entry state; no target claim depends on it.,"rule <k> #applyK(toCall(closureValC(PNS:ParamNames, CVS:ParamNames, BODY:Stmts, CM:Map)), ACC:Vals) ~> CONT"
reference-semantics/semantics/call.k,87,syntax,F-UNREACHED,Part of the selected fixed semantics but unreachable from this program AST and entry state; no target claim depends on it.,syntax KItem ::= #allocCells(ParamNames)
reference-semantics/semantics/call.k,88,rule,F-UNREACHED,Part of the selected fixed semantics but unreachable from this program AST and entry state; no target claim depends on it.,rule <k> #allocCells(.ParamNames) => .K ... </k>
reference-semantics/semantics/call.k,89,rule,F-UNREACHED,Part of the selected fixed semantics but unreachable from this program AST and entry state; no target claim depends on it.,"rule <k> #allocCells((CV:String, R:ParamNames)) => #allocCells(R) ... </k>"
reference-semantics/semantics/comprehension.k,11,rule,F-UNREACHED,Part of the selected fixed semantics but unreachable from this program AST and entry state; no target claim depends on it.,"rule ListComp(ELT:Expr, Gs:CompFors) => Call(closureExpr(.ParamNames, compBody(Gs, ELT)), .Exprs)"
reference-semantics/semantics/comprehension.k,12,rule,F-UNREACHED,Part of the selected fixed semantics but unreachable from this program AST and entry state; no target claim depends on it.,"rule GenExp(ELT:Expr, Gs:CompFors)   => Call(closureExpr(.ParamNames, compBody(Gs, ELT)), .Exprs)"
reference-semantics/semantics/comprehension.k,14,syntax,F-UNREACHED,Part of the selected fixed semantics but unreachable from this program AST and entry state; no target claim depends on it.,"syntax Stmts ::= compBody(CompFors, Expr) [macro]"
reference-semantics/semantics/comprehension.k,15,rule,F-UNREACHED,Part of the selected fixed semantics but unreachable from this program AST and entry state; no target claim depends on it.,"rule compBody(Gs:CompFors, ELT:Expr)"
reference-semantics/semantics/comprehension.k,18,syntax,F-UNREACHED,Part of the selected fixed semantics but unreachable from this program AST and entry state; no target claim depends on it.,"syntax Stmt ::= compNest(CompFors, Expr) [macro-rec]"
reference-semantics/semantics/comprehension.k,19,rule,F-UNREACHED,Part of the selected fixed semantics but unreachable from this program AST and entry state; no target claim depends on it.,"rule compNest(.CompFors, ELT:Expr)"
reference-semantics/semantics/comprehension.k,21,rule,F-UNREACHED,Part of the selected fixed semantics but unreachable from this program AST and entry state; no target claim depends on it.,"rule compNest((CompFor(T:Expr, ITER:Expr, Fs:Exprs) GRest:CompFors), ELT:Expr)"
reference-semantics/semantics/comprehension.k,24,syntax,F-UNREACHED,Part of the selected fixed semantics but unreachable from this program AST and entry state; no target claim depends on it.,syntax Expr ::= compGuard(Exprs) [macro]
reference-semantics/semantics/comprehension.k,25,rule,F-UNREACHED,Part of the selected fixed semantics but unreachable from this program AST and entry state; no target claim depends on it.,rule compGuard(.Exprs)             => Bool(true)
reference-semantics/semantics/comprehension.k,26,rule,F-UNREACHED,Part of the selected fixed semantics but unreachable from this program AST and entry state; no target claim depends on it.,"rule compGuard((F:Expr, Fs:Exprs)) => BoolOp(""and"", (F, Fs))"
reference-semantics/semantics/concrete.k,13,rule,F-UNREACHED,Part of the selected fixed semantics but unreachable from this program AST and entry state; no target claim depends on it.,"rule <k> Compare(list(A:ValSeq), CmpOp(""=="", list(B:ValSeq))) => deepEqVS(A, B, HP) ... </k>"
reference-semantics/semantics/concrete.k,16,rule,F-UNREACHED,Part of the selected fixed semantics but unreachable from this program AST and entry state; no target claim depends on it.,"rule <k> Compare(list(A:ValSeq), CmpOp(""!="", list(B:ValSeq))) => notBool deepEqVS(A, B, HP) ... </k>"
reference-semantics/semantics/concrete.k,25,syntax,F-UNREACHED,Part of the selected fixed semantics but unreachable from this program AST and entry state; no target claim depends on it.,"syntax Val ::= kvP(Val, Val)"
reference-semantics/semantics/concrete.k,26,syntax,F-UNREACHED,Part of the selected fixed semantics but unreachable from this program AST and entry state; no target claim depends on it.,"syntax KItem ::= #ksort(ValSeq, Val, ValSeq, Bool)"
reference-semantics/semantics/concrete.k,28,rule,F-UNREACHED,Part of the selected fixed semantics but unreachable from this program AST and entry state; no target claim depends on it.,"rule <k> #applyK(toCall(builtinV(""sorted"")), (list(VS:ValSeq), kwV(""key"", KV:Val), .Vals))"
reference-semantics/semantics/concrete.k,31,rule,F-UNREACHED,Part of the selected fixed semantics but unreachable from this program AST and entry state; no target claim depends on it.,"rule <k> #applyK(toCall(builtinV(""sorted"")), (list(VS:ValSeq), kwV(""key"", KV:Val), kwV(""reverse"", RB:Bool), .Vals))"
reference-semantics/semantics/concrete.k,34,rule,F-UNREACHED,Part of the selected fixed semantics but unreachable from this program AST and entry state; no target claim depends on it.,"rule <k> #ksort(.ValSeq, _:Val, ACC:ValSeq, RB:Bool)"
reference-semantics/semantics/concrete.k,36,rule,F-UNREACHED,Part of the selected fixed semantics but unreachable from this program AST and entry state; no target claim depends on it.,"rule <k> #ksort(vCons(V:Val, R:ValSeq), KV:Val, ACC:ValSeq, RB:Bool)"
reference-semantics/semantics/concrete.k,38,rule,F-UNREACHED,Part of the selected fixed semantics but unreachable from this program AST and entry state; no target claim depends on it.,"rule <k> K:Val ~> #ksIns(V:Val, R:ValSeq, KV:Val, ACC:ValSeq, RB:Bool)"
reference-semantics/semantics/concrete.k,42,syntax,F-UNREACHED,Part of the selected fixed semantics but unreachable from this program AST and entry state; no target claim depends on it.,"syntax ValSeq ::= insPair(ValSeq, Val, Val) [function]"
reference-semantics/semantics/concrete.k,43,rule,F-UNREACHED,Part of the selected fixed semantics but unreachable from this program AST and entry state; no target claim depends on it.,"rule insPair(.ValSeq, K:Val, V:Val) => vCons(kvP(K, V), .ValSeq)"
reference-semantics/semantics/concrete.k,44,rule,F-UNREACHED,Part of the selected fixed semantics but unreachable from this program AST and entry state; no target claim depends on it.,"rule insPair(vCons(kvP(K2:Val, V2:Val), R:ValSeq), K:Val, V:Val)"
reference-semantics/semantics/concrete.k,47,rule,F-UNREACHED,Part of the selected fixed semantics but unreachable from this program AST and entry state; no target claim depends on it.,"rule insPair(vCons(kvP(K2:Val, V2:Val), R:ValSeq), K:Val, V:Val)"
reference-semantics/semantics/concrete.k,51,syntax,F-UNREACHED,Part of the selected fixed semantics but unreachable from this program AST and entry state; no target claim depends on it.,"syntax Bool ::= kLt(Val, Val) [function]"
reference-semantics/semantics/concrete.k,52,rule,F-UNREACHED,Part of the selected fixed semantics but unreachable from this program AST and entry state; no target claim depends on it.,"rule kLt(I1:Int, I2:Int)             => I1 <Int I2"
reference-semantics/semantics/concrete.k,53,rule,F-UNREACHED,Part of the selected fixed semantics but unreachable from this program AST and entry state; no target claim depends on it.,"rule kLt(F1:Float, F2:Float)         => F1 <Float F2"
reference-semantics/semantics/concrete.k,54,rule,F-UNREACHED,Part of the selected fixed semantics but unreachable from this program AST and entry state; no target claim depends on it.,"rule kLt(str(A:IntSeq), str(B:IntSeq)) => strLt(A, B)"
reference-semantics/semantics/concrete.k,56,syntax,F-UNREACHED,Part of the selected fixed semantics but unreachable from this program AST and entry state; no target claim depends on it.,"syntax ValSeq ::= unpairVS(ValSeq) [function, total]"
reference-semantics/semantics/concrete.k,57,rule,F-UNREACHED,Part of the selected fixed semantics but unreachable from this program AST and entry state; no target claim depends on it.,rule unpairVS(.ValSeq) => .ValSeq
reference-semantics/semantics/concrete.k,58,rule,F-UNREACHED,Part of the selected fixed semantics but unreachable from this program AST and entry state; no target claim depends on it.,"rule unpairVS(vCons(kvP(_:Val, V:Val), R:ValSeq)) => vCons(V, unpairVS(R))"
reference-semantics/semantics/concrete.k,59,rule,F-UNREACHED,Part of the selected fixed semantics but unreachable from this program AST and entry state; no target claim depends on it.,"rule unpairVS(vCons(V:Val, R:ValSeq)) => vCons(V, unpairVS(R)) [owise]"
reference-semantics/semantics/controls.k,9,rule,F-USED,Selected supplied-semantics declaration on the submitted execution path or needed for an applicable overlap/priority check.,"rule <k> Assign(Name(X:String), V:Val) => .K ... </k>"
reference-semantics/semantics/controls.k,12,rule,F-UNREACHED,Part of the selected fixed semantics but unreachable from this program AST and entry state; no target claim depends on it.,"rule <k> Assign(Name(X:String), V:Val) => #cellW({M[X]}:>Val, V) ... </k>"
reference-semantics/semantics/controls.k,20,rule,F-UNREACHED,Part of the selected fixed semantics but unreachable from this program AST and entry state; no target claim depends on it.,"rule <k> AugAssign(Name(X:String), OP:String, V:Val) => .K ... </k>"
reference-semantics/semantics/controls.k,27,rule,F-UNREACHED,Part of the selected fixed semantics but unreachable from this program AST and entry state; no target claim depends on it.,"rule <k> AugAssign(Name(X:String), OP:String, V:Val) => Assign(Name(X), BinOp(OP, Name(X), V)) ... </k>"
reference-semantics/semantics/controls.k,35,rule,F-UNREACHED,Part of the selected fixed semantics but unreachable from this program AST and entry state; no target claim depends on it.,"rule <k> ImportFrom(""math"", NS:ParamNames) => #bindImports(NS) ... </k>"
reference-semantics/semantics/controls.k,36,rule,F-USED,Selected supplied-semantics declaration on the submitted execution path or needed for an applicable overlap/priority check.,"rule <k> ImportFrom(_:String, _:ParamNames) => .K ... </k> [owise]"
reference-semantics/semantics/controls.k,37,syntax,F-UNREACHED,Part of the selected fixed semantics but unreachable from this program AST and entry state; no target claim depends on it.,syntax KItem ::= #bindImports(ParamNames)
reference-semantics/semantics/controls.k,38,rule,F-UNREACHED,Part of the selected fixed semantics but unreachable from this program AST and entry state; no target claim depends on it.,rule <k> #bindImports(.ParamNames) => .K ... </k>
reference-semantics/semantics/controls.k,39,rule,F-UNREACHED,Part of the selected fixed semantics but unreachable from this program AST and entry state; no target claim depends on it.,"rule <k> #bindImports((N:String, NS:ParamNames)) => #bindImports(NS) ... </k>"
reference-semantics/semantics/controls.k,43,rule,F-UNREACHED,Part of the selected fixed semantics but unreachable from this program AST and entry state; no target claim depends on it.,"rule <k> #bindImports((N:String, NS:ParamNames)) => #bindImports(NS) ... </k>"
reference-semantics/semantics/controls.k,48,rule,F-USED,Selected supplied-semantics declaration on the submitted execution path or needed for an applicable overlap/priority check.,rule <k> Expr(_:Val) => .K ... </k>
reference-semantics/semantics/controls.k,51,syntax,F-USED,Selected supplied-semantics declaration on the submitted execution path or needed for an applicable overlap/priority check.,"syntax KItem ::= #branch(Bool, Stmts, Stmts)"
reference-semantics/semantics/controls.k,52,rule,F-USED,Selected supplied-semantics declaration on the submitted execution path or needed for an applicable overlap/priority check.,"rule <k> If(C:Val, T:Stmts, E:Stmts) => #branch(truthy(C), T, E) ... </k>"
reference-semantics/semantics/controls.k,53,rule,F-USED,Selected supplied-semantics declaration on the submitted execution path or needed for an applicable overlap/priority check.,"rule <k> #branch(true,  T:Stmts, _:Stmts) => T ... </k>"
reference-semantics/semantics/controls.k,54,rule,F-USED,Selected supplied-semantics declaration on the submitted execution path or needed for an applicable overlap/priority check.,"rule <k> #branch(false, _:Stmts, E:Stmts) => E ... </k>"
reference-semantics/semantics/controls.k,57,rule,F-UNREACHED,Part of the selected fixed semantics but unreachable from this program AST and entry state; no target claim depends on it.,"rule <k> IfExp(V:Val, T:Expr, _:Expr) => T ... </k>"
reference-semantics/semantics/controls.k,59,rule,F-UNREACHED,Part of the selected fixed semantics but unreachable from this program AST and entry state; no target claim depends on it.,"rule <k> IfExp(V:Val, _:Expr, E:Expr) => E ... </k>"
reference-semantics/semantics/controls.k,65,syntax,F-USED,Selected supplied-semantics declaration on the submitted execution path or needed for an applicable overlap/priority check.,"syntax KItem ::= #loop(Val, Expr, Stmts) | #loopStep(Expr, Stmts)"
reference-semantics/semantics/controls.k,69,rule,F-USED,Selected supplied-semantics declaration on the submitted execution path or needed for an applicable overlap/priority check.,"rule <k> For(T:Expr, OBJ:Val, B:Stmts) => #loop(OBJ, T, B) ... </k>"
reference-semantics/semantics/controls.k,71,rule,F-USED,Selected supplied-semantics declaration on the submitted execution path or needed for an applicable overlap/priority check.,"rule <k> #loop(IT:Iterable, T:Expr, B:Stmts) => #iterNext(IT) ~> #loopStep(T, B) ... </k>"
reference-semantics/semantics/controls.k,72,rule,F-USED,Selected supplied-semantics declaration on the submitted execution path or needed for an applicable overlap/priority check.,"rule <k> #iterDone ~> #loopStep(_:Expr, _:Stmts) => .K ... </k>"
reference-semantics/semantics/controls.k,73,rule,F-USED,Selected supplied-semantics declaration on the submitted execution path or needed for an applicable overlap/priority check.,"rule <k> #iterYield(V:Val, REST:Iterable) ~> #loopStep(T:Expr, B:Stmts)"
reference-semantics/semantics/controls.k,77,rule,F-UNREACHED,Part of the selected fixed semantics but unreachable from this program AST and entry state; no target claim depends on it.,"rule <k> While(C:Expr, B:Stmts) => #while(C, B) ... </k>"
reference-semantics/semantics/controls.k,78,rule,F-UNREACHED,Part of the selected fixed semantics but unreachable from this program AST and entry state; no target claim depends on it.,"rule <k> #while(C:Expr, B:Stmts) => C ~> #whileCond(C, B) ... </k>"
reference-semantics/semantics/controls.k,79,rule,F-UNREACHED,Part of the selected fixed semantics but unreachable from this program AST and entry state; no target claim depends on it.,"rule <k> V:Val ~> #whileCond(C:Expr, B:Stmts) => B ~> #loopLbl(#while(C, B)) ... </k>"
reference-semantics/semantics/controls.k,81,rule,F-UNREACHED,Part of the selected fixed semantics but unreachable from this program AST and entry state; no target claim depends on it.,"rule <k> V:Val ~> #whileCond(_C:Expr, _B:Stmts) => .K ... </k>"
reference-semantics/semantics/controls.k,85,rule,F-USED,Selected supplied-semantics declaration on the submitted execution path or needed for an applicable overlap/priority check.,rule <k> #loopLbl(NEXT:K) => NEXT ... </k>
reference-semantics/semantics/controls.k,86,rule,F-UNREACHED,Part of the selected fixed semantics but unreachable from this program AST and entry state; no target claim depends on it.,rule <k> Continue => #cont ... </k>
reference-semantics/semantics/controls.k,87,rule,F-UNREACHED,Part of the selected fixed semantics but unreachable from this program AST and entry state; no target claim depends on it.,rule <k> Break => #brk ... </k>
reference-semantics/semantics/controls.k,88,rule,F-UNREACHED,Part of the selected fixed semantics but unreachable from this program AST and entry state; no target claim depends on it.,rule <k> #cont ~> #loopLbl(NEXT:K) => NEXT ... </k>
reference-semantics/semantics/controls.k,89,rule,F-UNREACHED,Part of the selected fixed semantics but unreachable from this program AST and entry state; no target claim depends on it.,rule <k> #cont ~> (_:KItem => .K) ... </k> [owise]
reference-semantics/semantics/controls.k,90,rule,F-UNREACHED,Part of the selected fixed semantics but unreachable from this program AST and entry state; no target claim depends on it.,rule <k> #brk ~> #loopLbl(_:K) => .K ... </k>
reference-semantics/semantics/controls.k,91,rule,F-UNREACHED,Part of the selected fixed semantics but unreachable from this program AST and entry state; no target claim depends on it.,rule <k> #brk ~> (_:KItem => .K) ... </k> [owise]
reference-semantics/semantics/controls.k,95,rule,F-USED,Selected supplied-semantics declaration on the submitted execution path or needed for an applicable overlap/priority check.,"rule <k> If(ref(H:Int), T:Stmts, E:Stmts) => If(V, T, E) ... </k>"
reference-semantics/semantics/controls.k,98,rule,F-UNREACHED,Part of the selected fixed semantics but unreachable from this program AST and entry state; no target claim depends on it.,"rule <k> IfExp(ref(H:Int), T:Expr, E:Expr) => IfExp(V, T, E) ... </k>"
reference-semantics/semantics/controls.k,101,rule,F-UNREACHED,Part of the selected fixed semantics but unreachable from this program AST and entry state; no target claim depends on it.,"rule <k> ref(H:Int) ~> #whileCond(C:Expr, B:Stmts) => V ~> #whileCond(C, B) ... </k>"
reference-semantics/semantics/controls.k,106,rule,F-UNREACHED,Part of the selected fixed semantics but unreachable from this program AST and entry state; no target claim depends on it.,"rule <k> For(T:Expr, ref(H:Int), B:Stmts) => For(T, V, B) ... </k>"
reference-semantics/semantics/core.k,13,syntax,F-UNREACHED,Part of the selected fixed semantics but unreachable from this program AST and entry state; no target claim depends on it.,"syntax IntSeq ::= "".IntSeq"" | iCons(Int, IntSeq)"
reference-semantics/semantics/core.k,14,syntax,F-USED,Selected supplied-semantics declaration on the submitted execution path or needed for an applicable overlap/priority check.,"syntax ValSeq ::= "".ValSeq"" | vCons(Val, ValSeq)"
reference-semantics/semantics/core.k,15,syntax,F-UNREACHED,Part of the selected fixed semantics but unreachable from this program AST and entry state; no target claim depends on it.,syntax Str    ::= str(IntSeq)
reference-semantics/semantics/core.k,18,syntax,F-USED,Selected supplied-semantics declaration on the submitted execution path or needed for an applicable overlap/priority check.,syntax Iterable ::= list(ValSeq)
reference-semantics/semantics/core.k,25,syntax,F-USED,Selected supplied-semantics declaration on the submitted execution path or needed for an applicable overlap/priority check.,syntax Val      ::= Int
reference-semantics/semantics/core.k,36,syntax,F-USED,Selected supplied-semantics declaration on the submitted execution path or needed for an applicable overlap/priority check.,"syntax Parent   ::= ""root"" | parent(Int)"
reference-semantics/semantics/core.k,37,syntax,F-USED,Selected supplied-semantics declaration on the submitted execution path or needed for an applicable overlap/priority check.,"syntax Scope    ::= scope(Map, Parent)"
reference-semantics/semantics/core.k,38,syntax,F-USED,Selected supplied-semantics declaration on the submitted execution path or needed for an applicable overlap/priority check.,syntax KResult  ::= Val
reference-semantics/semantics/core.k,39,syntax,F-USED,Selected supplied-semantics declaration on the submitted execution path or needed for an applicable overlap/priority check.,syntax Expr     ::= Val   // cooling puts results back into expression holes
reference-semantics/semantics/core.k,40,syntax,F-USED,Selected supplied-semantics declaration on the submitted execution path or needed for an applicable overlap/priority check.,"syntax Vals     ::= List{Val, "",""}"
reference-semantics/semantics/core.k,41,syntax,F-USED,Selected supplied-semantics declaration on the submitted execution path or needed for an applicable overlap/priority check.,"syntax Exc      ::= ""NoExc"" | ""AssertionError"""
reference-semantics/semantics/core.k,42,syntax,F-USED,Selected supplied-semantics declaration on the submitted execution path or needed for an applicable overlap/priority check.,"syntax RetState ::= ""noRet"" | retV(Val)"
reference-semantics/semantics/core.k,49,configuration,F-USED,Selected supplied-semantics declaration on the submitted execution path or needed for an applicable overlap/priority check.,configuration
reference-semantics/semantics/core.k,68,syntax,F-UNREACHED,Part of the selected fixed semantics but unreachable from this program AST and entry state; no target claim depends on it.,"syntax Bool ::= isRefV(Val) [function, total]"
reference-semantics/semantics/core.k,69,rule,F-UNREACHED,Part of the selected fixed semantics but unreachable from this program AST and entry state; no target claim depends on it.,rule isRefV(ref(_:Int)) => true
reference-semantics/semantics/core.k,70,rule,F-UNREACHED,Part of the selected fixed semantics but unreachable from this program AST and entry state; no target claim depends on it.,rule isRefV(_:Val)      => false [owise]
reference-semantics/semantics/core.k,75,syntax,F-UNREACHED,Part of the selected fixed semantics but unreachable from this program AST and entry state; no target claim depends on it.,syntax HeapVal ::= cellV(Val)
reference-semantics/semantics/core.k,76,syntax,F-UNREACHED,Part of the selected fixed semantics but unreachable from this program AST and entry state; no target claim depends on it.,"syntax Bool ::= isCellRef(Val) [function, total]"
reference-semantics/semantics/core.k,77,rule,F-UNREACHED,Part of the selected fixed semantics but unreachable from this program AST and entry state; no target claim depends on it.,rule isCellRef(cellRef(_:Int)) => true
reference-semantics/semantics/core.k,78,rule,F-UNREACHED,Part of the selected fixed semantics but unreachable from this program AST and entry state; no target claim depends on it.,rule isCellRef(_:Val)          => false [owise]
reference-semantics/semantics/core.k,85,rule,F-UNREACHED,Part of the selected fixed semantics but unreachable from this program AST and entry state; no target claim depends on it.,rule <k> cellRef(H:Int) => V ... </k>
reference-semantics/semantics/core.k,95,syntax,F-UNREACHED,Part of the selected fixed semantics but unreachable from this program AST and entry state; no target claim depends on it.,"syntax Val ::= kwV(String, Val)"
reference-semantics/semantics/core.k,96,syntax,F-UNREACHED,Part of the selected fixed semantics but unreachable from this program AST and entry state; no target claim depends on it.,syntax KItem ::= #kwTag(String)
reference-semantics/semantics/core.k,97,rule,F-UNREACHED,Part of the selected fixed semantics but unreachable from this program AST and entry state; no target claim depends on it.,"rule <k> KwArg(N:String, E:Expr) => E ~> #kwTag(N) ... </k>"
reference-semantics/semantics/core.k,98,rule,F-UNREACHED,Part of the selected fixed semantics but unreachable from this program AST and entry state; no target claim depends on it.,"rule <k> V:Val ~> #kwTag(N:String) => kwV(N, V) ... </k>"
reference-semantics/semantics/core.k,100,syntax,F-UNREACHED,Part of the selected fixed semantics but unreachable from this program AST and entry state; no target claim depends on it.,"syntax Bool ::= isKwV(Val) [function, total]"
reference-semantics/semantics/core.k,101,rule,F-UNREACHED,Part of the selected fixed semantics but unreachable from this program AST and entry state; no target claim depends on it.,"rule isKwV(kwV(_:String, _:Val)) => true"
reference-semantics/semantics/core.k,102,rule,F-UNREACHED,Part of the selected fixed semantics but unreachable from this program AST and entry state; no target claim depends on it.,rule isKwV(_:Val)                => false [owise]
reference-semantics/semantics/core.k,106,syntax,F-UNREACHED,Part of the selected fixed semantics but unreachable from this program AST and entry state; no target claim depends on it.,syntax Val ::= cellsMark(ParamNames)
reference-semantics/semantics/core.k,107,syntax,F-UNREACHED,Part of the selected fixed semantics but unreachable from this program AST and entry state; no target claim depends on it.,syntax ParamNames ::= cellsOf(Val) [function]
reference-semantics/semantics/core.k,108,rule,F-UNREACHED,Part of the selected fixed semantics but unreachable from this program AST and entry state; no target claim depends on it.,rule cellsOf(cellsMark(CVS:ParamNames)) => CVS
reference-semantics/semantics/core.k,109,syntax,F-UNREACHED,Part of the selected fixed semantics but unreachable from this program AST and entry state; no target claim depends on it.,"syntax Bool ::= pnMember(String, ParamNames) [function, total]"
reference-semantics/semantics/core.k,110,rule,F-UNREACHED,Part of the selected fixed semantics but unreachable from this program AST and entry state; no target claim depends on it.,"rule pnMember(_:String, .ParamNames) => false"
reference-semantics/semantics/core.k,111,rule,F-UNREACHED,Part of the selected fixed semantics but unreachable from this program AST and entry state; no target claim depends on it.,"rule pnMember(X:String, (P:String, R:ParamNames)) => X ==String P orBool pnMember(X, R)"
reference-semantics/semantics/core.k,113,syntax,F-UNREACHED,Part of the selected fixed semantics but unreachable from this program AST and entry state; no target claim depends on it.,"syntax KItem ::= #cellW(Val, Val)"
reference-semantics/semantics/core.k,114,rule,F-UNREACHED,Part of the selected fixed semantics but unreachable from this program AST and entry state; no target claim depends on it.,"rule <k> #cellW(cellRef(H:Int), V:Val) => .K ... </k>"
reference-semantics/semantics/core.k,117,syntax,F-USED,Selected supplied-semantics declaration on the submitted execution path or needed for an applicable overlap/priority check.,syntax KItem ::= #alloc(Val)
reference-semantics/semantics/core.k,118,rule,F-USED,Selected supplied-semantics declaration on the submitted execution path or needed for an applicable overlap/priority check.,rule <k> #alloc(V:Val) => ref(N) ... </k>
reference-semantics/semantics/core.k,124,syntax,F-USED,Selected supplied-semantics declaration on the submitted execution path or needed for an applicable overlap/priority check.,syntax KItem ::= #loadAll(Module)
reference-semantics/semantics/core.k,125,rule,F-USED,Selected supplied-semantics declaration on the submitted execution path or needed for an applicable overlap/priority check.,rule <k> #loadAll(Module(SS:Stmts)) => SS ... </k>
reference-semantics/semantics/core.k,126,rule,F-USED,Selected supplied-semantics declaration on the submitted execution path or needed for an applicable overlap/priority check.,rule <k> (S:Stmt SS:Stmts):Stmts => S ~> SS ... </k>
reference-semantics/semantics/core.k,127,rule,F-USED,Selected supplied-semantics declaration on the submitted execution path or needed for an applicable overlap/priority check.,rule <k> .Stmts => .K ... </k>
reference-semantics/semantics/core.k,130,syntax,F-USED,Selected supplied-semantics declaration on the submitted execution path or needed for an applicable overlap/priority check.,"syntax KItem ::= #look(String, Int)"
reference-semantics/semantics/core.k,131,rule,F-USED,Selected supplied-semantics declaration on the submitted execution path or needed for an applicable overlap/priority check.,"rule <k> Name(X:String) => #look(X, L) ... </k> <env> L:Int </env>"
reference-semantics/semantics/core.k,132,rule,F-USED,Selected supplied-semantics declaration on the submitted execution path or needed for an applicable overlap/priority check.,"rule <k> #look(X:String, L:Int) => {M[X]}:>Val ... </k>"
reference-semantics/semantics/core.k,145,rule,F-UNREACHED,Part of the selected fixed semantics but unreachable from this program AST and entry state; no target claim depends on it.,"rule <k> #look(X:String, L:Int) => V ... </k>"
reference-semantics/semantics/core.k,152,rule,F-UNREACHED,Part of the selected fixed semantics but unreachable from this program AST and entry state; no target claim depends on it.,"rule <k> #look(X:String, L:Int) => #look(X, P) ... </k>"
reference-semantics/semantics/core.k,157,syntax,F-USED,Selected supplied-semantics declaration on the submitted execution path or needed for an applicable overlap/priority check.,"syntax Scope ::= ""builtinsScope"" [function, total]"
reference-semantics/semantics/core.k,158,rule,F-USED,Selected supplied-semantics declaration on the submitted execution path or needed for an applicable overlap/priority check.,rule builtinsScope
reference-semantics/semantics/core.k,185,syntax,F-USED,Selected supplied-semantics declaration on the submitted execution path or needed for an applicable overlap/priority check.,syntax ApplyK ::= toCall(Val)
reference-semantics/semantics/core.k,186,syntax,F-USED,Selected supplied-semantics declaration on the submitted execution path or needed for an applicable overlap/priority check.,"syntax KItem  ::= #evalArgs(Exprs, Vals, ApplyK)"
reference-semantics/semantics/core.k,189,rule,F-USED,Selected supplied-semantics declaration on the submitted execution path or needed for an applicable overlap/priority check.,"rule <k> #evalArgs((A:Expr, REST:Exprs), ACC:Vals, K:ApplyK) => A ~> #evalArgCont(REST, ACC, K) ... </k>"
reference-semantics/semantics/core.k,190,rule,F-USED,Selected supplied-semantics declaration on the submitted execution path or needed for an applicable overlap/priority check.,"rule <k> V:Val ~> #evalArgCont(REST:Exprs, ACC:Vals, K:ApplyK) => #evalArgs(REST, appendVal(ACC, V), K) ... </k>"
reference-semantics/semantics/core.k,191,rule,F-USED,Selected supplied-semantics declaration on the submitted execution path or needed for an applicable overlap/priority check.,"rule <k> #evalArgs(.Exprs, ACC:Vals, K:ApplyK) => #applyK(K, ACC) ... </k>"
reference-semantics/semantics/core.k,194,rule,F-UNREACHED,Part of the selected fixed semantics but unreachable from this program AST and entry state; no target claim depends on it.,rule <k> Int(I:Int)   => I ... </k>
reference-semantics/semantics/core.k,195,rule,F-UNREACHED,Part of the selected fixed semantics but unreachable from this program AST and entry state; no target claim depends on it.,rule <k> Bool(B:Bool) => B ... </k>
reference-semantics/semantics/core.k,196,rule,F-UNREACHED,Part of the selected fixed semantics but unreachable from this program AST and entry state; no target claim depends on it.,rule <k> NoneVal      => noneV ... </k>
reference-semantics/semantics/core.k,199,syntax,F-USED,Selected supplied-semantics declaration on the submitted execution path or needed for an applicable overlap/priority check.,syntax Bool ::= truthy(Val) [function]
reference-semantics/semantics/core.k,200,rule,F-UNREACHED,Part of the selected fixed semantics but unreachable from this program AST and entry state; no target claim depends on it.,rule truthy(B:Bool)          => B
reference-semantics/semantics/core.k,201,rule,F-UNREACHED,Part of the selected fixed semantics but unreachable from this program AST and entry state; no target claim depends on it.,rule truthy(noneV)           => false
reference-semantics/semantics/core.k,202,rule,F-UNREACHED,Part of the selected fixed semantics but unreachable from this program AST and entry state; no target claim depends on it.,rule truthy(I:Int)           => I =/=Int 0
reference-semantics/semantics/core.k,203,rule,F-UNREACHED,Part of the selected fixed semantics but unreachable from this program AST and entry state; no target claim depends on it.,rule truthy(str(S:IntSeq))   => notBool (S ==K .IntSeq)
reference-semantics/semantics/core.k,204,rule,F-USED,Selected supplied-semantics declaration on the submitted execution path or needed for an applicable overlap/priority check.,rule truthy(list(V:ValSeq))  => notBool (V ==K .ValSeq)
reference-semantics/semantics/core.k,205,rule,F-UNREACHED,Part of the selected fixed semantics but unreachable from this program AST and entry state; no target claim depends on it.,rule truthy(tuple(V:ValSeq)) => notBool (V ==K .ValSeq)
reference-semantics/semantics/core.k,208,syntax,F-UNREACHED,Part of the selected fixed semantics but unreachable from this program AST and entry state; no target claim depends on it.,"syntax Val  ::= applyUn(String, Val) [function]"
reference-semantics/semantics/core.k,209,syntax,F-UNREACHED,Part of the selected fixed semantics but unreachable from this program AST and entry state; no target claim depends on it.,"syntax Val  ::= applyBin(String, Val, Val) [function]"
reference-semantics/semantics/core.k,210,syntax,F-UNREACHED,Part of the selected fixed semantics but unreachable from this program AST and entry state; no target claim depends on it.,"syntax Bool ::= applyCmp(String, Val, Val) [function]"
reference-semantics/semantics/core.k,213,syntax,F-USED,Selected supplied-semantics declaration on the submitted execution path or needed for an applicable overlap/priority check.,"syntax Vals ::= appendVal(Vals, Val) [function, total]"
reference-semantics/semantics/core.k,214,rule,F-USED,Selected supplied-semantics declaration on the submitted execution path or needed for an applicable overlap/priority check.,"rule appendVal(.Vals, V:Val)              => V , .Vals"
reference-semantics/semantics/core.k,215,rule,F-USED,Selected supplied-semantics declaration on the submitted execution path or needed for an applicable overlap/priority check.,"rule appendVal((V0:Val, VS:Vals), V:Val)  => V0 , appendVal(VS, V)"
reference-semantics/semantics/core.k,217,syntax,F-USED,Selected supplied-semantics declaration on the submitted execution path or needed for an applicable overlap/priority check.,"syntax ValSeq ::= vals2valSeq(Vals) [function, total]"
reference-semantics/semantics/core.k,218,rule,F-USED,Selected supplied-semantics declaration on the submitted execution path or needed for an applicable overlap/priority check.,rule vals2valSeq(.Vals)            => .ValSeq
reference-semantics/semantics/core.k,219,rule,F-USED,Selected supplied-semantics declaration on the submitted execution path or needed for an applicable overlap/priority check.,"rule vals2valSeq((V:Val, VS:Vals)) => vCons(V, vals2valSeq(VS))"
reference-semantics/semantics/core.k,223,syntax,F-UNREACHED,Part of the selected fixed semantics but unreachable from this program AST and entry state; no target claim depends on it.,"syntax Int ::= vsLen(ValSeq) [function, total]"
reference-semantics/semantics/core.k,224,rule,F-UNREACHED,Part of the selected fixed semantics but unreachable from this program AST and entry state; no target claim depends on it.,rule vsLen(.ValSeq)                => 0
reference-semantics/semantics/core.k,225,rule,F-UNREACHED,Part of the selected fixed semantics but unreachable from this program AST and entry state; no target claim depends on it.,"rule vsLen(vCons(_:Val, S:ValSeq)) => 1 +Int vsLen(S)"
reference-semantics/semantics/core.k,227,syntax,F-UNREACHED,Part of the selected fixed semantics but unreachable from this program AST and entry state; no target claim depends on it.,"syntax Int ::= isLen(IntSeq) [function, total]"
reference-semantics/semantics/core.k,228,rule,F-UNREACHED,Part of the selected fixed semantics but unreachable from this program AST and entry state; no target claim depends on it.,rule isLen(.IntSeq)                => 0
reference-semantics/semantics/core.k,229,rule,F-UNREACHED,Part of the selected fixed semantics but unreachable from this program AST and entry state; no target claim depends on it.,"rule isLen(iCons(_:Int, S:IntSeq)) => 1 +Int isLen(S)"
reference-semantics/semantics/core.k,233,syntax,F-UNREACHED,Part of the selected fixed semantics but unreachable from this program AST and entry state; no target claim depends on it.,"syntax ValSeq ::= setVSAt(ValSeq, Int, Val) [function, total]"
reference-semantics/semantics/core.k,234,rule,F-UNREACHED,Part of the selected fixed semantics but unreachable from this program AST and entry state; no target claim depends on it.,"rule setVSAt(.ValSeq, _:Int, _:Val)               => .ValSeq"
reference-semantics/semantics/core.k,235,rule,F-UNREACHED,Part of the selected fixed semantics but unreachable from this program AST and entry state; no target claim depends on it.,"rule setVSAt(vCons(_:Val, S:ValSeq), 0, V:Val)    => vCons(V, S)"
reference-semantics/semantics/core.k,236,rule,F-UNREACHED,Part of the selected fixed semantics but unreachable from this program AST and entry state; no target claim depends on it.,"rule setVSAt(vCons(W:Val, S:ValSeq), I:Int, V:Val) => vCons(W, setVSAt(S, I -Int 1, V))"
reference-semantics/semantics/core.k,238,rule,F-UNREACHED,Part of the selected fixed semantics but unreachable from this program AST and entry state; no target claim depends on it.,"rule setVSAt(VS:ValSeq, I:Int, _:Val)             => VS"
reference-semantics/semantics/dict.k,20,syntax,F-UNREACHED,Part of the selected fixed semantics but unreachable from this program AST and entry state; no target claim depends on it.,"syntax Val ::= dictV(ValSeq, ValSeq)"
reference-semantics/semantics/dict.k,23,syntax,F-UNREACHED,Part of the selected fixed semantics but unreachable from this program AST and entry state; no target claim depends on it.,"syntax KItem ::= #dictAcc(Entries, ValSeq, ValSeq)"
reference-semantics/semantics/dict.k,26,rule,F-UNREACHED,Part of the selected fixed semantics but unreachable from this program AST and entry state; no target claim depends on it.,"rule <k> DictExpr(ES:Entries) => #dictAcc(ES, .ValSeq, .ValSeq) ... </k>"
reference-semantics/semantics/dict.k,27,rule,F-UNREACHED,Part of the selected fixed semantics but unreachable from this program AST and entry state; no target claim depends on it.,"rule <k> #dictAcc(.Entries, KS:ValSeq, VS:ValSeq) => dictV(KS, VS) ... </k>"
reference-semantics/semantics/dict.k,28,rule,F-UNREACHED,Part of the selected fixed semantics but unreachable from this program AST and entry state; no target claim depends on it.,"rule <k> #dictAcc((Entry(K:Expr, V:Expr), REST:Entries), KS:ValSeq, VS:ValSeq)"
reference-semantics/semantics/dict.k,30,rule,F-UNREACHED,Part of the selected fixed semantics but unreachable from this program AST and entry state; no target claim depends on it.,"rule <k> KV:Val ~> #dictKey(V:Expr, REST:Entries, KS:ValSeq, VS:ValSeq)"
reference-semantics/semantics/dict.k,32,rule,F-UNREACHED,Part of the selected fixed semantics but unreachable from this program AST and entry state; no target claim depends on it.,"rule <k> VV:Val ~> #dictVal(KV:Val, REST:Entries, KS:ValSeq, VS:ValSeq)"
reference-semantics/semantics/dict.k,37,syntax,F-UNREACHED,Part of the selected fixed semantics but unreachable from this program AST and entry state; no target claim depends on it.,"syntax Bool ::= dHasKey(ValSeq, Val) [function, total]"
reference-semantics/semantics/dict.k,38,rule,F-UNREACHED,Part of the selected fixed semantics but unreachable from this program AST and entry state; no target claim depends on it.,"rule dHasKey(.ValSeq, _:Val)                => false"
reference-semantics/semantics/dict.k,39,rule,F-UNREACHED,Part of the selected fixed semantics but unreachable from this program AST and entry state; no target claim depends on it.,"rule dHasKey(vCons(A:Val, _:ValSeq), K:Val) => true          requires A ==K K"
reference-semantics/semantics/dict.k,40,rule,F-UNREACHED,Part of the selected fixed semantics but unreachable from this program AST and entry state; no target claim depends on it.,"rule dHasKey(vCons(A:Val, R:ValSeq), K:Val) => dHasKey(R, K) requires notBool (A ==K K)"
reference-semantics/semantics/dict.k,43,syntax,F-UNREACHED,Part of the selected fixed semantics but unreachable from this program AST and entry state; no target claim depends on it.,"syntax ValSeq ::= dPutK(ValSeq, Val) [function, total]"
reference-semantics/semantics/dict.k,44,rule,F-UNREACHED,Part of the selected fixed semantics but unreachable from this program AST and entry state; no target claim depends on it.,"rule dPutK(KS:ValSeq, K:Val) => KS                                  requires dHasKey(KS, K)"
reference-semantics/semantics/dict.k,45,rule,F-UNREACHED,Part of the selected fixed semantics but unreachable from this program AST and entry state; no target claim depends on it.,"rule dPutK(KS:ValSeq, K:Val) => valSeqConcat(KS, vCons(K, .ValSeq)) requires notBool dHasKey(KS, K)"
reference-semantics/semantics/dict.k,49,syntax,F-UNREACHED,Part of the selected fixed semantics but unreachable from this program AST and entry state; no target claim depends on it.,"syntax ValSeq ::= dPutV(ValSeq, ValSeq, Val, Val) [function, total]"
reference-semantics/semantics/dict.k,50,rule,F-UNREACHED,Part of the selected fixed semantics but unreachable from this program AST and entry state; no target claim depends on it.,"rule dPutV(vCons(A:Val, _:ValSeq), vCons(_:Val, VR:ValSeq), K:Val, V:Val)  => vCons(V, VR)"
reference-semantics/semantics/dict.k,52,rule,F-UNREACHED,Part of the selected fixed semantics but unreachable from this program AST and entry state; no target claim depends on it.,"rule dPutV(vCons(A:Val, KR:ValSeq), vCons(B:Val, VR:ValSeq), K:Val, V:Val) => vCons(B, dPutV(KR, VR, K, V))"
reference-semantics/semantics/dict.k,54,rule,F-UNREACHED,Part of the selected fixed semantics but unreachable from this program AST and entry state; no target claim depends on it.,"rule dPutV(_KS:ValSeq, VS:ValSeq, _K:Val, V:Val) => valSeqConcat(VS, vCons(V, .ValSeq)) [owise]"
reference-semantics/semantics/dict.k,58,rule,F-UNREACHED,Part of the selected fixed semantics but unreachable from this program AST and entry state; no target claim depends on it.,"rule <k> #applyK(toCall(boundMethodV(dictV(KS:ValSeq, _:ValSeq), ""keys"")), .Vals)"
reference-semantics/semantics/dict.k,63,rule,F-UNREACHED,Part of the selected fixed semantics but unreachable from this program AST and entry state; no target claim depends on it.,"rule applyIndexD(dictV(KS:ValSeq, VS:ValSeq), K:Val) => dGet(KS, VS, K)"
reference-semantics/semantics/dict.k,64,syntax,F-UNREACHED,Part of the selected fixed semantics but unreachable from this program AST and entry state; no target claim depends on it.,"syntax Val ::= applyIndexD(Val, Val) [function]"
reference-semantics/semantics/dict.k,65,rule,F-UNREACHED,Part of the selected fixed semantics but unreachable from this program AST and entry state; no target claim depends on it.,"rule <k> Subscript(dictV(KS:ValSeq, VS:ValSeq), K:Val) => applyIndexD(dictV(KS, VS), K) ... </k>"
reference-semantics/semantics/dict.k,70,syntax,F-UNREACHED,Part of the selected fixed semantics but unreachable from this program AST and entry state; no target claim depends on it.,"syntax Val ::= dictSet(Val, Val, Val) [function]"
reference-semantics/semantics/dict.k,71,rule,F-UNREACHED,Part of the selected fixed semantics but unreachable from this program AST and entry state; no target claim depends on it.,"rule dictSet(dictV(KS:ValSeq, VS:ValSeq), K:Val, V:Val) => dictV(dPutK(KS, K), dPutV(KS, VS, K, V))"
reference-semantics/semantics/dict.k,76,syntax,F-UNREACHED,Part of the selected fixed semantics but unreachable from this program AST and entry state; no target claim depends on it.,"syntax KItem ::= #dsetK(String, Val)"
reference-semantics/semantics/dict.k,77,rule,F-UNREACHED,Part of the selected fixed semantics but unreachable from this program AST and entry state; no target claim depends on it.,"rule <k> Assign(Subscript(Name(X:String), K:Expr), VV:Val) => K ~> #dsetK(X, VV) ... </k>"
reference-semantics/semantics/dict.k,78,rule,F-UNREACHED,Part of the selected fixed semantics but unreachable from this program AST and entry state; no target claim depends on it.,"rule <k> KV:Val ~> #dsetK(X:String, VV:Val) => .K ... </k>"
reference-semantics/semantics/dict.k,82,rule,F-UNREACHED,Part of the selected fixed semantics but unreachable from this program AST and entry state; no target claim depends on it.,"rule <k> KV:Val ~> #dsetK(X:String, VV:Val) => #dsetV({M[X]}:>Val, KV, VV) ... </k>"
reference-semantics/semantics/dict.k,86,syntax,F-UNREACHED,Part of the selected fixed semantics but unreachable from this program AST and entry state; no target claim depends on it.,"syntax KItem ::= #dsetV(Val, Val, Val)"
reference-semantics/semantics/dict.k,87,rule,F-UNREACHED,Part of the selected fixed semantics but unreachable from this program AST and entry state; no target claim depends on it.,"rule <k> #dsetV(ref(H:Int), I:Int, VV:Val) => .K ... </k>"
reference-semantics/semantics/dict.k,90,syntax,F-UNREACHED,Part of the selected fixed semantics but unreachable from this program AST and entry state; no target claim depends on it.,"syntax Int ::= normIdxD(Int, Int) [function, total]"
reference-semantics/semantics/dict.k,91,rule,F-UNREACHED,Part of the selected fixed semantics but unreachable from this program AST and entry state; no target claim depends on it.,"rule normIdxD(I:Int, LEN:Int) => I +Int LEN requires I  <Int 0"
reference-semantics/semantics/dict.k,92,rule,F-UNREACHED,Part of the selected fixed semantics but unreachable from this program AST and entry state; no target claim depends on it.,"rule normIdxD(I:Int, _:Int)   => I          requires I >=Int 0"
reference-semantics/semantics/dict.k,95,rule,F-UNREACHED,Part of the selected fixed semantics but unreachable from this program AST and entry state; no target claim depends on it.,"rule applyCmp(""=="", dictV(KS1:ValSeq, VS1:ValSeq), dictV(KS2:ValSeq, VS2:ValSeq))"
reference-semantics/semantics/dict.k,97,syntax,F-UNREACHED,Part of the selected fixed semantics but unreachable from this program AST and entry state; no target claim depends on it.,"syntax Bool ::= dSubset(ValSeq, ValSeq, ValSeq, ValSeq) [function]"
reference-semantics/semantics/dict.k,98,rule,F-UNREACHED,Part of the selected fixed semantics but unreachable from this program AST and entry state; no target claim depends on it.,"rule dSubset(.ValSeq, .ValSeq, _:ValSeq, _:ValSeq) => true"
reference-semantics/semantics/dict.k,99,rule,F-UNREACHED,Part of the selected fixed semantics but unreachable from this program AST and entry state; no target claim depends on it.,"rule dSubset(vCons(K:Val, KR:ValSeq), vCons(V:Val, VR:ValSeq), KS2:ValSeq, VS2:ValSeq)"
reference-semantics/semantics/dict.k,101,syntax,F-UNREACHED,Part of the selected fixed semantics but unreachable from this program AST and entry state; no target claim depends on it.,"syntax Val ::= dGet(ValSeq, ValSeq, Val) [function]"
reference-semantics/semantics/dict.k,102,rule,F-UNREACHED,Part of the selected fixed semantics but unreachable from this program AST and entry state; no target claim depends on it.,"rule dGet(vCons(A:Val, _:ValSeq), vCons(B:Val, _:ValSeq), K:Val) => B                requires A ==K K"
reference-semantics/semantics/dict.k,103,rule,F-UNREACHED,Part of the selected fixed semantics but unreachable from this program AST and entry state; no target claim depends on it.,"rule dGet(vCons(A:Val, KR:ValSeq), vCons(_:Val, VR:ValSeq), K:Val) => dGet(KR, VR, K) requires notBool (A ==K K)"
reference-semantics/semantics/float.k,20,syntax,F-UNREACHED,Part of the selected fixed semantics but unreachable from this program AST and entry state; no target claim depends on it.,syntax Val ::= Float
reference-semantics/semantics/float.k,21,rule,F-UNREACHED,Part of the selected fixed semantics but unreachable from this program AST and entry state; no target claim depends on it.,rule <k> Float(F:Float) => F ... </k>
reference-semantics/semantics/float.k,24,syntax,F-UNREACHED,Part of the selected fixed semantics but unreachable from this program AST and entry state; no target claim depends on it.,"syntax Float ::= intFloatDiv(Int, Float) [function, total, symbol(intFloatDiv), no-evaluators]"
reference-semantics/semantics/float.k,25,rule,F-UNREACHED,Part of the selected fixed semantics but unreachable from this program AST and entry state; no target claim depends on it.,"rule intFloatDiv(I:Int, F:Float) => Int2Float(I, 53, 11) /Float F [concrete]"
reference-semantics/semantics/float.k,27,rule,F-UNREACHED,Part of the selected fixed semantics but unreachable from this program AST and entry state; no target claim depends on it.,"rule applyBin(""/"", I:Int, F:Float) => intFloatDiv(I, F)"
reference-semantics/semantics/float.k,30,syntax,F-UNREACHED,Part of the selected fixed semantics but unreachable from this program AST and entry state; no target claim depends on it.,"syntax Float ::= divII(Int, Int) [function, total, symbol(divII), no-evaluators]"
reference-semantics/semantics/float.k,31,rule,F-UNREACHED,Part of the selected fixed semantics but unreachable from this program AST and entry state; no target claim depends on it.,"rule divII(I1:Int, I2:Int) => Int2Float(I1, 53, 11) /Float Int2Float(I2, 53, 11) [concrete]"
reference-semantics/semantics/float.k,32,rule,F-UNREACHED,Part of the selected fixed semantics but unreachable from this program AST and entry state; no target claim depends on it.,"rule applyBin(""/"", I1:Int, I2:Int) => divII(I1, I2)"
reference-semantics/semantics/float.k,37,syntax,F-UNREACHED,Part of the selected fixed semantics but unreachable from this program AST and entry state; no target claim depends on it.,"syntax Float ::= floatMod(Float, Float) [function, total, symbol(floatMod), no-evaluators]"
reference-semantics/semantics/float.k,38,rule,F-UNREACHED,Part of the selected fixed semantics but unreachable from this program AST and entry state; no target claim depends on it.,"rule floatMod(F1:Float, F2:Float) => F1 -Float (floorFloat(F1 /Float F2) *Float F2) [concrete]"
reference-semantics/semantics/float.k,39,rule,F-UNREACHED,Part of the selected fixed semantics but unreachable from this program AST and entry state; no target claim depends on it.,"rule applyBin(""%"", F1:Float, F2:Float) => floatMod(F1, F2)"
reference-semantics/semantics/float.k,43,rule,F-UNREACHED,Part of the selected fixed semantics but unreachable from this program AST and entry state; no target claim depends on it.,"rule applyCmp(""=="", F1:Float, F2:Float) => F1 ==Float F2"
reference-semantics/semantics/float.k,44,rule,F-UNREACHED,Part of the selected fixed semantics but unreachable from this program AST and entry state; no target claim depends on it.,"rule applyCmp(""!="", F1:Float, F2:Float) => notBool (F1 ==Float F2)"
reference-semantics/semantics/float.k,50,syntax,F-UNREACHED,Part of the selected fixed semantics but unreachable from this program AST and entry state; no target claim depends on it.,"syntax Bool ::= floatLt(Float, Float) [function, total, symbol(floatLt), no-evaluators]"
reference-semantics/semantics/float.k,51,rule,F-UNREACHED,Part of the selected fixed semantics but unreachable from this program AST and entry state; no target claim depends on it.,"rule floatLt(F1:Float, F2:Float) => F1 <Float F2 [concrete]"
reference-semantics/semantics/float.k,52,rule,F-UNREACHED,Part of the selected fixed semantics but unreachable from this program AST and entry state; no target claim depends on it.,"rule applyCmp(""<"", F1:Float, F2:Float) => floatLt(F1, F2)"
reference-semantics/semantics/float.k,54,syntax,F-UNREACHED,Part of the selected fixed semantics but unreachable from this program AST and entry state; no target claim depends on it.,"syntax Float ::= absF(Float) [function, total, symbol(absF), no-evaluators]"
reference-semantics/semantics/float.k,55,rule,F-UNREACHED,Part of the selected fixed semantics but unreachable from this program AST and entry state; no target claim depends on it.,rule absF(F:Float) => absFloat(F) [concrete]
reference-semantics/semantics/float.k,56,rule,F-UNREACHED,Part of the selected fixed semantics but unreachable from this program AST and entry state; no target claim depends on it.,"rule applyBuiltin(""abs"", F:Float, .Vals) => absF(F)"
reference-semantics/semantics/float.k,61,rule,F-UNREACHED,Part of the selected fixed semantics but unreachable from this program AST and entry state; no target claim depends on it.,rule <k> Import(_:String) => .K ... </k>
reference-semantics/semantics/float.k,65,syntax,F-UNREACHED,Part of the selected fixed semantics but unreachable from this program AST and entry state; no target claim depends on it.,"syntax KItem ::= ""#mathCeil"""
reference-semantics/semantics/float.k,66,rule,F-UNREACHED,Part of the selected fixed semantics but unreachable from this program AST and entry state; no target claim depends on it.,"rule <k> Call(Attribute(Name(""math""), ""ceil""), (E:Expr, .Exprs)) => E ~> #mathCeil ... </k> [priority(40)]"
reference-semantics/semantics/float.k,67,rule,F-UNREACHED,Part of the selected fixed semantics but unreachable from this program AST and entry state; no target claim depends on it.,rule <k> V:Val ~> #mathCeil => ceilF(V) ... </k>
reference-semantics/semantics/float.k,70,syntax,F-UNREACHED,Part of the selected fixed semantics but unreachable from this program AST and entry state; no target claim depends on it.,"syntax KItem ::= ""#mathFloor"""
reference-semantics/semantics/float.k,71,rule,F-UNREACHED,Part of the selected fixed semantics but unreachable from this program AST and entry state; no target claim depends on it.,"rule <k> Call(Attribute(Name(""math""), ""floor""), (E:Expr, .Exprs)) => E ~> #mathFloor ... </k> [priority(40)]"
reference-semantics/semantics/float.k,72,rule,F-UNREACHED,Part of the selected fixed semantics but unreachable from this program AST and entry state; no target claim depends on it.,rule <k> V:Val ~> #mathFloor => floorFI(V) ... </k>
reference-semantics/semantics/float.k,73,syntax,F-UNREACHED,Part of the selected fixed semantics but unreachable from this program AST and entry state; no target claim depends on it.,"syntax Int ::= floorFI(Val) [function, total, symbol(floorFI)]"
reference-semantics/semantics/float.k,74,rule,F-UNREACHED,Part of the selected fixed semantics but unreachable from this program AST and entry state; no target claim depends on it.,rule floorFI(I:Int)   => I                        [concrete]
reference-semantics/semantics/float.k,75,rule,F-UNREACHED,Part of the selected fixed semantics but unreachable from this program AST and entry state; no target claim depends on it.,rule floorFI(F:Float) => Float2Int(floorFloat(F)) [concrete]
reference-semantics/semantics/float.k,78,rule,F-UNREACHED,Part of the selected fixed semantics but unreachable from this program AST and entry state; no target claim depends on it.,"rule applyBuiltin(""floor"", V:Val, .Vals) => floorFI(V)"
reference-semantics/semantics/float.k,79,rule,F-UNREACHED,Part of the selected fixed semantics but unreachable from this program AST and entry state; no target claim depends on it.,"rule applyBuiltin(""ceil"",  V:Val, .Vals) => ceilF(V)"
reference-semantics/semantics/float.k,82,syntax,F-UNREACHED,Part of the selected fixed semantics but unreachable from this program AST and entry state; no target claim depends on it.,syntax KItem ::= #mathPow1(Expr) | #mathPow2(Val)
reference-semantics/semantics/float.k,83,rule,F-UNREACHED,Part of the selected fixed semantics but unreachable from this program AST and entry state; no target claim depends on it.,"rule <k> Call(Attribute(Name(""math""), ""pow""), (E1:Expr, E2:Expr, .Exprs)) => E1 ~> #mathPow1(E2) ... </k> [priority(40)]"
reference-semantics/semantics/float.k,84,rule,F-UNREACHED,Part of the selected fixed semantics but unreachable from this program AST and entry state; no target claim depends on it.,rule <k> V1:Val ~> #mathPow1(E2:Expr) => E2 ~> #mathPow2(V1) ... </k>
reference-semantics/semantics/float.k,85,rule,F-UNREACHED,Part of the selected fixed semantics but unreachable from this program AST and entry state; no target claim depends on it.,"rule <k> V2:Val ~> #mathPow2(V1:Val) => powF(toF(V1), toF(V2)) ... </k>"
reference-semantics/semantics/float.k,86,syntax,F-UNREACHED,Part of the selected fixed semantics but unreachable from this program AST and entry state; no target claim depends on it.,"syntax Float ::= toF(Val) [function, total, symbol(toF)]"
reference-semantics/semantics/float.k,87,rule,F-UNREACHED,Part of the selected fixed semantics but unreachable from this program AST and entry state; no target claim depends on it.,rule toF(F:Float) => F        [concrete]
reference-semantics/semantics/float.k,88,rule,F-UNREACHED,Part of the selected fixed semantics but unreachable from this program AST and entry state; no target claim depends on it.,rule toF(I:Int)   => intToF(I) [concrete]
reference-semantics/semantics/float.k,93,syntax,F-UNREACHED,Part of the selected fixed semantics but unreachable from this program AST and entry state; no target claim depends on it.,"syntax Int ::= ceilF(Val) [function, total, symbol(ceilF)]"
reference-semantics/semantics/float.k,94,rule,F-UNREACHED,Part of the selected fixed semantics but unreachable from this program AST and entry state; no target claim depends on it.,rule ceilF(I:Int)   => I                       [concrete]
reference-semantics/semantics/float.k,95,rule,F-UNREACHED,Part of the selected fixed semantics but unreachable from this program AST and entry state; no target claim depends on it.,rule ceilF(F:Float) => Float2Int(ceilFloat(F)) [concrete]
reference-semantics/semantics/float.k,99,rule,F-UNREACHED,Part of the selected fixed semantics but unreachable from this program AST and entry state; no target claim depends on it.,"rule applyUn(""-"", F:Float) => 0.0 -Float F"
reference-semantics/semantics/float.k,103,syntax,F-UNREACHED,Part of the selected fixed semantics but unreachable from this program AST and entry state; no target claim depends on it.,"syntax Float ::= subF(Float, Float) [function, total, symbol(subF), no-evaluators]"
reference-semantics/semantics/float.k,104,rule,F-UNREACHED,Part of the selected fixed semantics but unreachable from this program AST and entry state; no target claim depends on it.,"rule subF(F1:Float, F2:Float) => F1 -Float F2 [concrete]"
reference-semantics/semantics/float.k,105,rule,F-UNREACHED,Part of the selected fixed semantics but unreachable from this program AST and entry state; no target claim depends on it.,"rule applyBin(""-"", F1:Float, F2:Float) => subF(F1, F2)"
reference-semantics/semantics/float.k,107,syntax,F-UNREACHED,Part of the selected fixed semantics but unreachable from this program AST and entry state; no target claim depends on it.,"syntax Float ::= divF(Float, Float) [function, total, symbol(divF), no-evaluators]"
reference-semantics/semantics/float.k,108,rule,F-UNREACHED,Part of the selected fixed semantics but unreachable from this program AST and entry state; no target claim depends on it.,"rule divF(F1:Float, F2:Float) => F1 /Float F2 [concrete]"
reference-semantics/semantics/float.k,109,rule,F-UNREACHED,Part of the selected fixed semantics but unreachable from this program AST and entry state; no target claim depends on it.,"rule applyBin(""/"", F1:Float, F2:Float) => divF(F1, F2)"
reference-semantics/semantics/float.k,111,syntax,F-UNREACHED,Part of the selected fixed semantics but unreachable from this program AST and entry state; no target claim depends on it.,"syntax Float ::= addF(Float, Float) [function, total, symbol(addF), no-evaluators]"
reference-semantics/semantics/float.k,112,rule,F-UNREACHED,Part of the selected fixed semantics but unreachable from this program AST and entry state; no target claim depends on it.,"rule addF(F1:Float, F2:Float) => F1 +Float F2 [concrete]"
reference-semantics/semantics/float.k,113,rule,F-UNREACHED,Part of the selected fixed semantics but unreachable from this program AST and entry state; no target claim depends on it.,"rule applyBin(""+"", F1:Float, F2:Float) => addF(F1, F2)"
reference-semantics/semantics/float.k,115,syntax,F-UNREACHED,Part of the selected fixed semantics but unreachable from this program AST and entry state; no target claim depends on it.,"syntax Float ::= mulF(Float, Float) [function, total, symbol(mulF), no-evaluators]"
reference-semantics/semantics/float.k,116,rule,F-UNREACHED,Part of the selected fixed semantics but unreachable from this program AST and entry state; no target claim depends on it.,"rule mulF(F1:Float, F2:Float) => F1 *Float F2 [concrete]"
reference-semantics/semantics/float.k,117,rule,F-UNREACHED,Part of the selected fixed semantics but unreachable from this program AST and entry state; no target claim depends on it.,"rule applyBin(""*"", F1:Float, F2:Float) => mulF(F1, F2)"
reference-semantics/semantics/float.k,119,syntax,F-UNREACHED,Part of the selected fixed semantics but unreachable from this program AST and entry state; no target claim depends on it.,"syntax Float ::= powF(Float, Float) [function, total, symbol(powF), no-evaluators]"
reference-semantics/semantics/float.k,120,rule,F-UNREACHED,Part of the selected fixed semantics but unreachable from this program AST and entry state; no target claim depends on it.,"rule powF(F1:Float, F2:Float) => F1 ^Float F2 [concrete]"
reference-semantics/semantics/float.k,121,rule,F-UNREACHED,Part of the selected fixed semantics but unreachable from this program AST and entry state; no target claim depends on it.,"rule applyBin(""**"", F1:Float, F2:Float) => powF(F1, F2)"
reference-semantics/semantics/float.k,125,syntax,F-UNREACHED,Part of the selected fixed semantics but unreachable from this program AST and entry state; no target claim depends on it.,"syntax Bool ::= gtF(Float, Float) [function, total, symbol(gtF), no-evaluators]"
reference-semantics/semantics/float.k,126,rule,F-UNREACHED,Part of the selected fixed semantics but unreachable from this program AST and entry state; no target claim depends on it.,"rule gtF(F1:Float, F2:Float) => F1 >Float F2 [concrete]"
reference-semantics/semantics/float.k,127,rule,F-UNREACHED,Part of the selected fixed semantics but unreachable from this program AST and entry state; no target claim depends on it.,"rule applyCmp("">"",  F1:Float, F2:Float) => gtF(F1, F2)"
reference-semantics/semantics/float.k,128,rule,F-UNREACHED,Part of the selected fixed semantics but unreachable from this program AST and entry state; no target claim depends on it.,"rule applyCmp("">="", F1:Float, F2:Float) => notBool floatLt(F1, F2)"
reference-semantics/semantics/float.k,129,rule,F-UNREACHED,Part of the selected fixed semantics but unreachable from this program AST and entry state; no target claim depends on it.,"rule applyCmp(""<="", F1:Float, F2:Float) => notBool gtF(F1, F2)"
reference-semantics/semantics/float.k,132,rule,F-UNREACHED,Part of the selected fixed semantics but unreachable from this program AST and entry state; no target claim depends on it.,"rule applyBin(""**"", I:Int, F:Float) => powF(intToF(I), F)"
reference-semantics/semantics/float.k,133,rule,F-UNREACHED,Part of the selected fixed semantics but unreachable from this program AST and entry state; no target claim depends on it.,"rule applyBin(""**"", F:Float, I:Int) => powF(F, intToF(I))"
reference-semantics/semantics/float.k,134,rule,F-UNREACHED,Part of the selected fixed semantics but unreachable from this program AST and entry state; no target claim depends on it.,"rule applyBin(""-"",  I:Int, F:Float) => subF(intToF(I), F)"
reference-semantics/semantics/float.k,135,rule,F-UNREACHED,Part of the selected fixed semantics but unreachable from this program AST and entry state; no target claim depends on it.,"rule applyBin(""-"",  F:Float, I:Int) => subF(F, intToF(I))"
reference-semantics/semantics/float.k,136,rule,F-UNREACHED,Part of the selected fixed semantics but unreachable from this program AST and entry state; no target claim depends on it.,"rule applyBin(""+"",  I:Int, F:Float) => addF(intToF(I), F)"
reference-semantics/semantics/float.k,137,rule,F-UNREACHED,Part of the selected fixed semantics but unreachable from this program AST and entry state; no target claim depends on it.,"rule applyBin(""+"",  F:Float, I:Int) => addF(F, intToF(I))"
reference-semantics/semantics/float.k,138,rule,F-UNREACHED,Part of the selected fixed semantics but unreachable from this program AST and entry state; no target claim depends on it.,"rule applyBin(""*"",  I:Int, F:Float) => mulF(intToF(I), F)"
reference-semantics/semantics/float.k,139,rule,F-UNREACHED,Part of the selected fixed semantics but unreachable from this program AST and entry state; no target claim depends on it.,"rule applyBin(""*"",  F:Float, I:Int) => mulF(F, intToF(I))"
reference-semantics/semantics/float.k,142,syntax,F-UNREACHED,Part of the selected fixed semantics but unreachable from this program AST and entry state; no target claim depends on it.,"syntax Bool ::= eqF(Float, Float) [function, total, symbol(eqF), no-evaluators]"
reference-semantics/semantics/float.k,143,rule,F-UNREACHED,Part of the selected fixed semantics but unreachable from this program AST and entry state; no target claim depends on it.,"rule eqF(F1:Float, F2:Float) => F1 ==Float F2 [concrete]"
reference-semantics/semantics/float.k,144,rule,F-UNREACHED,Part of the selected fixed semantics but unreachable from this program AST and entry state; no target claim depends on it.,"rule applyCmp(""=="", I:Int, F:Float) => eqF(intToF(I), F)"
reference-semantics/semantics/float.k,145,rule,F-UNREACHED,Part of the selected fixed semantics but unreachable from this program AST and entry state; no target claim depends on it.,"rule applyCmp(""=="", F:Float, I:Int) => eqF(F, intToF(I))"
reference-semantics/semantics/float.k,146,rule,F-UNREACHED,Part of the selected fixed semantics but unreachable from this program AST and entry state; no target claim depends on it.,"rule applyCmp(""!="", I:Int, F:Float) => notBool eqF(intToF(I), F)"
reference-semantics/semantics/float.k,147,rule,F-UNREACHED,Part of the selected fixed semantics but unreachable from this program AST and entry state; no target claim depends on it.,"rule applyCmp(""!="", F:Float, I:Int) => notBool eqF(F, intToF(I))"
reference-semantics/semantics/float.k,148,rule,F-UNREACHED,Part of the selected fixed semantics but unreachable from this program AST and entry state; no target claim depends on it.,"rule applyCmp(""<"",  I:Int, F:Float) => floatLt(intToF(I), F)"
reference-semantics/semantics/float.k,149,rule,F-UNREACHED,Part of the selected fixed semantics but unreachable from this program AST and entry state; no target claim depends on it.,"rule applyCmp(""<"",  F:Float, I:Int) => floatLt(F, intToF(I))"
reference-semantics/semantics/float.k,150,rule,F-UNREACHED,Part of the selected fixed semantics but unreachable from this program AST and entry state; no target claim depends on it.,"rule applyCmp("">"",  I:Int, F:Float) => gtF(intToF(I), F)"
reference-semantics/semantics/float.k,151,rule,F-UNREACHED,Part of the selected fixed semantics but unreachable from this program AST and entry state; no target claim depends on it.,"rule applyCmp("">"",  F:Float, I:Int) => gtF(F, intToF(I))"
reference-semantics/semantics/float.k,154,rule,F-UNREACHED,Part of the selected fixed semantics but unreachable from this program AST and entry state; no target claim depends on it.,"rule applyCmp(""=="", V:Val, noneV) => V ==K noneV"
reference-semantics/semantics/float.k,155,rule,F-UNREACHED,Part of the selected fixed semantics but unreachable from this program AST and entry state; no target claim depends on it.,"rule applyCmp(""!="", V:Val, noneV) => notBool (V ==K noneV)"
reference-semantics/semantics/float.k,160,syntax,F-UNREACHED,Part of the selected fixed semantics but unreachable from this program AST and entry state; no target claim depends on it.,"syntax Float ::= decStrToF(IntSeq) [function, total, symbol(decStrToF), no-evaluators]"
reference-semantics/semantics/float.k,161,rule,F-UNREACHED,Part of the selected fixed semantics but unreachable from this program AST and entry state; no target claim depends on it.,"rule decStrToF(iCons(45, CS:IntSeq)) => 0.0 -Float decStrToF(CS) [concrete]"
reference-semantics/semantics/float.k,162,rule,F-UNREACHED,Part of the selected fixed semantics but unreachable from this program AST and entry state; no target claim depends on it.,rule decStrToF(CS:IntSeq)
reference-semantics/semantics/float.k,165,syntax,F-UNREACHED,Part of the selected fixed semantics but unreachable from this program AST and entry state; no target claim depends on it.,syntax Int ::= headIS(IntSeq) [function]
reference-semantics/semantics/float.k,166,rule,F-UNREACHED,Part of the selected fixed semantics but unreachable from this program AST and entry state; no target claim depends on it.,"rule headIS(iCons(C:Int, _:IntSeq)) => C"
reference-semantics/semantics/float.k,167,syntax,F-UNREACHED,Part of the selected fixed semantics but unreachable from this program AST and entry state; no target claim depends on it.,"syntax Int ::= intPart(IntSeq) [function, total] | intPartAcc(IntSeq, Int) [function, total]"
reference-semantics/semantics/float.k,168,rule,F-UNREACHED,Part of the selected fixed semantics but unreachable from this program AST and entry state; no target claim depends on it.,"rule intPart(CS:IntSeq) => intPartAcc(CS, 0)"
reference-semantics/semantics/float.k,169,rule,F-UNREACHED,Part of the selected fixed semantics but unreachable from this program AST and entry state; no target claim depends on it.,"rule intPartAcc(.IntSeq, A:Int) => A"
reference-semantics/semantics/float.k,170,rule,F-UNREACHED,Part of the selected fixed semantics but unreachable from this program AST and entry state; no target claim depends on it.,"rule intPartAcc(iCons(46, _:IntSeq), A:Int) => A"
reference-semantics/semantics/float.k,171,rule,F-UNREACHED,Part of the selected fixed semantics but unreachable from this program AST and entry state; no target claim depends on it.,"rule intPartAcc(iCons(C:Int, R:IntSeq), A:Int) => intPartAcc(R, A *Int 10 +Int (C -Int 48))"
reference-semantics/semantics/float.k,173,syntax,F-UNREACHED,Part of the selected fixed semantics but unreachable from this program AST and entry state; no target claim depends on it.,"syntax Int ::= fracPart(IntSeq) [function, total] | fracAcc(IntSeq, Int) [function, total]"
reference-semantics/semantics/float.k,174,rule,F-UNREACHED,Part of the selected fixed semantics but unreachable from this program AST and entry state; no target claim depends on it.,rule fracPart(.IntSeq) => 0
reference-semantics/semantics/float.k,175,rule,F-UNREACHED,Part of the selected fixed semantics but unreachable from this program AST and entry state; no target claim depends on it.,"rule fracPart(iCons(46, R:IntSeq)) => fracAcc(R, 0)"
reference-semantics/semantics/float.k,176,rule,F-UNREACHED,Part of the selected fixed semantics but unreachable from this program AST and entry state; no target claim depends on it.,"rule fracPart(iCons(C:Int, R:IntSeq)) => fracPart(R) requires C =/=Int 46"
reference-semantics/semantics/float.k,177,rule,F-UNREACHED,Part of the selected fixed semantics but unreachable from this program AST and entry state; no target claim depends on it.,"rule fracAcc(.IntSeq, A:Int) => A"
reference-semantics/semantics/float.k,178,rule,F-UNREACHED,Part of the selected fixed semantics but unreachable from this program AST and entry state; no target claim depends on it.,"rule fracAcc(iCons(C:Int, R:IntSeq), A:Int) => fracAcc(R, A *Int 10 +Int (C -Int 48))"
reference-semantics/semantics/float.k,179,syntax,F-UNREACHED,Part of the selected fixed semantics but unreachable from this program AST and entry state; no target claim depends on it.,"syntax Int ::= fracScale(IntSeq) [function, total] | fscAcc(IntSeq, Int) [function, total]"
reference-semantics/semantics/float.k,180,rule,F-UNREACHED,Part of the selected fixed semantics but unreachable from this program AST and entry state; no target claim depends on it.,rule fracScale(.IntSeq) => 1
reference-semantics/semantics/float.k,181,rule,F-UNREACHED,Part of the selected fixed semantics but unreachable from this program AST and entry state; no target claim depends on it.,"rule fracScale(iCons(46, R:IntSeq)) => fscAcc(R, 1)"
reference-semantics/semantics/float.k,182,rule,F-UNREACHED,Part of the selected fixed semantics but unreachable from this program AST and entry state; no target claim depends on it.,"rule fracScale(iCons(C:Int, R:IntSeq)) => fracScale(R) requires C =/=Int 46"
reference-semantics/semantics/float.k,183,rule,F-UNREACHED,Part of the selected fixed semantics but unreachable from this program AST and entry state; no target claim depends on it.,"rule fscAcc(.IntSeq, A:Int) => A"
reference-semantics/semantics/float.k,184,rule,F-UNREACHED,Part of the selected fixed semantics but unreachable from this program AST and entry state; no target claim depends on it.,"rule fscAcc(iCons(_:Int, R:IntSeq), A:Int) => fscAcc(R, A *Int 10)"
reference-semantics/semantics/float.k,185,rule,F-UNREACHED,Part of the selected fixed semantics but unreachable from this program AST and entry state; no target claim depends on it.,"rule applyBuiltin(""float"", str(CS:IntSeq), .Vals) => decStrToF(CS)"
reference-semantics/semantics/float.k,186,rule,F-UNREACHED,Part of the selected fixed semantics but unreachable from this program AST and entry state; no target claim depends on it.,"rule applyBuiltin(""float"", I:Int, .Vals)          => intToF(I)"
reference-semantics/semantics/float.k,187,rule,F-UNREACHED,Part of the selected fixed semantics but unreachable from this program AST and entry state; no target claim depends on it.,"rule applyBuiltin(""float"", F:Float, .Vals)        => F"
reference-semantics/semantics/float.k,190,syntax,F-UNREACHED,Part of the selected fixed semantics but unreachable from this program AST and entry state; no target claim depends on it.,"syntax Float ::= divFloatIntV(Float, Int) [function, total, symbol(divFloatIntV), no-evaluators]"
reference-semantics/semantics/float.k,191,rule,F-UNREACHED,Part of the selected fixed semantics but unreachable from this program AST and entry state; no target claim depends on it.,"rule divFloatIntV(F:Float, I:Int) => F /Float Int2Float(I, 53, 11) [concrete]"
reference-semantics/semantics/float.k,192,rule,F-UNREACHED,Part of the selected fixed semantics but unreachable from this program AST and entry state; no target claim depends on it.,"rule applyBin(""/"", F:Float, I:Int) => divFloatIntV(F, I)"
reference-semantics/semantics/float.k,195,syntax,F-UNREACHED,Part of the selected fixed semantics but unreachable from this program AST and entry state; no target claim depends on it.,"syntax Float ::= intToF(Int) [function, total, symbol(intToF), no-evaluators]"
reference-semantics/semantics/float.k,196,rule,F-UNREACHED,Part of the selected fixed semantics but unreachable from this program AST and entry state; no target claim depends on it.,"rule intToF(I:Int) => Int2Float(I, 53, 11) [concrete]"
reference-semantics/semantics/float.k,197,rule,F-UNREACHED,Part of the selected fixed semantics but unreachable from this program AST and entry state; no target claim depends on it.,"rule applyBin(""+"", I:Int, F:Float) => addF(intToF(I), F)"
reference-semantics/semantics/float.k,198,rule,F-UNREACHED,Part of the selected fixed semantics but unreachable from this program AST and entry state; no target claim depends on it.,"rule applyBin(""+"", F:Float, I:Int) => addF(F, intToF(I))"
reference-semantics/semantics/float.k,199,rule,F-UNREACHED,Part of the selected fixed semantics but unreachable from this program AST and entry state; no target claim depends on it.,"rule applyBin(""-"", I:Int, F:Float) => subF(intToF(I), F)"
reference-semantics/semantics/float.k,200,rule,F-UNREACHED,Part of the selected fixed semantics but unreachable from this program AST and entry state; no target claim depends on it.,"rule applyBin(""-"", F:Float, I:Int) => subF(F, intToF(I))"
reference-semantics/semantics/float.k,201,rule,F-UNREACHED,Part of the selected fixed semantics but unreachable from this program AST and entry state; no target claim depends on it.,"rule applyBin(""*"", I:Int, F:Float) => mulF(intToF(I), F)"
reference-semantics/semantics/float.k,202,rule,F-UNREACHED,Part of the selected fixed semantics but unreachable from this program AST and entry state; no target claim depends on it.,"rule applyBin(""*"", F:Float, I:Int) => mulF(F, intToF(I))"
reference-semantics/semantics/float.k,203,rule,F-UNREACHED,Part of the selected fixed semantics but unreachable from this program AST and entry state; no target claim depends on it.,"rule applyCmp(""<"", I:Int, F:Float) => floatLt(intToF(I), F)"
reference-semantics/semantics/float.k,204,rule,F-UNREACHED,Part of the selected fixed semantics but unreachable from this program AST and entry state; no target claim depends on it.,"rule applyCmp(""<"", F:Float, I:Int) => floatLt(F, intToF(I))"
reference-semantics/semantics/float.k,205,rule,F-UNREACHED,Part of the selected fixed semantics but unreachable from this program AST and entry state; no target claim depends on it.,"rule applyCmp("">"", I:Int, F:Float) => gtF(intToF(I), F)"
reference-semantics/semantics/float.k,206,rule,F-UNREACHED,Part of the selected fixed semantics but unreachable from this program AST and entry state; no target claim depends on it.,"rule applyCmp("">"", F:Float, I:Int) => gtF(F, intToF(I))"
reference-semantics/semantics/float.k,209,syntax,F-UNREACHED,Part of the selected fixed semantics but unreachable from this program AST and entry state; no target claim depends on it.,"syntax Int ::= truncF(Float) [function, total, symbol(truncF), no-evaluators]"
reference-semantics/semantics/float.k,210,rule,F-UNREACHED,Part of the selected fixed semantics but unreachable from this program AST and entry state; no target claim depends on it.,rule truncF(F:Float) => #if F >=Float 0.0 #then Float2Int(floorFloat(F)) #else Float2Int(ceilFloat(F)) #fi [concrete]
reference-semantics/semantics/float.k,211,rule,F-UNREACHED,Part of the selected fixed semantics but unreachable from this program AST and entry state; no target claim depends on it.,"rule applyBuiltin(""int"", F:Float, .Vals) => truncF(F)"
reference-semantics/semantics/float.k,213,rule,F-UNREACHED,Part of the selected fixed semantics but unreachable from this program AST and entry state; no target claim depends on it.,"rule applyBuiltin(""float"", I:Int, .Vals)   => intToF(I)"
reference-semantics/semantics/float.k,214,rule,F-UNREACHED,Part of the selected fixed semantics but unreachable from this program AST and entry state; no target claim depends on it.,"rule applyBuiltin(""float"", F:Float, .Vals) => F"
reference-semantics/semantics/float.k,217,syntax,F-UNREACHED,Part of the selected fixed semantics but unreachable from this program AST and entry state; no target claim depends on it.,"syntax Int ::= roundF(Float) [function, total, symbol(roundF), no-evaluators]"
reference-semantics/semantics/float.k,218,rule,F-UNREACHED,Part of the selected fixed semantics but unreachable from this program AST and entry state; no target claim depends on it.,rule roundF(F:Float)
reference-semantics/semantics/float.k,223,syntax,F-UNREACHED,Part of the selected fixed semantics but unreachable from this program AST and entry state; no target claim depends on it.,"syntax Float ::= roundFN(Float, Int) [function, total, symbol(roundFN), no-evaluators]"
reference-semantics/semantics/float.k,224,rule,F-UNREACHED,Part of the selected fixed semantics but unreachable from this program AST and entry state; no target claim depends on it.,"rule roundFN(F:Float, N:Int)"
reference-semantics/semantics/float.k,227,rule,F-UNREACHED,Part of the selected fixed semantics but unreachable from this program AST and entry state; no target claim depends on it.,"rule applyBuiltin(""round"", F:Float, .Vals)        => roundF(F)"
reference-semantics/semantics/float.k,228,rule,F-UNREACHED,Part of the selected fixed semantics but unreachable from this program AST and entry state; no target claim depends on it.,"rule applyBuiltin(""round"", F:Float, N:Int, .Vals) => roundFN(F, N)"
reference-semantics/semantics/float.k,230,syntax,F-UNREACHED,Part of the selected fixed semantics but unreachable from this program AST and entry state; no target claim depends on it.,"syntax Float ::= sqrtF(Float) [function, total, symbol(sqrtF), no-evaluators]"
reference-semantics/semantics/float.k,231,rule,F-UNREACHED,Part of the selected fixed semantics but unreachable from this program AST and entry state; no target claim depends on it.,rule sqrtF(F:Float) => sqrtFloat(F) [concrete]
reference-semantics/semantics/float.k,232,syntax,F-UNREACHED,Part of the selected fixed semantics but unreachable from this program AST and entry state; no target claim depends on it.,"syntax KItem ::= ""#mathSqrt"""
reference-semantics/semantics/float.k,233,rule,F-UNREACHED,Part of the selected fixed semantics but unreachable from this program AST and entry state; no target claim depends on it.,"rule <k> Call(Attribute(Name(""math""), ""sqrt""), (E:Expr, .Exprs)) => E ~> #mathSqrt ... </k> [priority(40)]"
reference-semantics/semantics/float.k,234,rule,F-UNREACHED,Part of the selected fixed semantics but unreachable from this program AST and entry state; no target claim depends on it.,rule <k> F:Float ~> #mathSqrt => sqrtF(F) ... </k>
reference-semantics/semantics/float.k,235,rule,F-UNREACHED,Part of the selected fixed semantics but unreachable from this program AST and entry state; no target claim depends on it.,rule <k> I:Int ~> #mathSqrt => sqrtF(intToF(I)) ... </k>
reference-semantics/semantics/float.k,243,syntax,F-UNREACHED,Part of the selected fixed semantics but unreachable from this program AST and entry state; no target claim depends on it.,"syntax KItem ::= #maxAccF(Iterable, Float) | #maxContF(Float)"
reference-semantics/semantics/float.k,244,rule,F-UNREACHED,Part of the selected fixed semantics but unreachable from this program AST and entry state; no target claim depends on it.,"rule <k> #iterYield(V:Val, R:Iterable) ~> #maxCont0 => #maxAccF(R, {V}:>Float) ... </k> requires isFloat(V)"
reference-semantics/semantics/float.k,245,rule,F-UNREACHED,Part of the selected fixed semantics but unreachable from this program AST and entry state; no target claim depends on it.,"rule <k> #maxAccF(IT:Iterable, M:Float) => #iterNext(IT) ~> #maxContF(M) ... </k>"
reference-semantics/semantics/float.k,246,rule,F-UNREACHED,Part of the selected fixed semantics but unreachable from this program AST and entry state; no target claim depends on it.,rule <k> #iterDone ~> #maxContF(M:Float) => M ... </k>
reference-semantics/semantics/float.k,247,rule,F-UNREACHED,Part of the selected fixed semantics but unreachable from this program AST and entry state; no target claim depends on it.,"rule <k> #iterYield(V:Val, R:Iterable) ~> #maxContF(M:Float) => #maxAccF(R, maxFloat(M, {V}:>Float)) ... </k>"
reference-semantics/semantics/float.k,250,syntax,F-UNREACHED,Part of the selected fixed semantics but unreachable from this program AST and entry state; no target claim depends on it.,"syntax KItem ::= #minAccF(Iterable, Float) | #minContF(Float)"
reference-semantics/semantics/float.k,251,rule,F-UNREACHED,Part of the selected fixed semantics but unreachable from this program AST and entry state; no target claim depends on it.,"rule <k> #iterYield(V:Val, R:Iterable) ~> #minCont0 => #minAccF(R, {V}:>Float) ... </k> requires isFloat(V)"
reference-semantics/semantics/float.k,252,rule,F-UNREACHED,Part of the selected fixed semantics but unreachable from this program AST and entry state; no target claim depends on it.,"rule <k> #minAccF(IT:Iterable, M:Float) => #iterNext(IT) ~> #minContF(M) ... </k>"
reference-semantics/semantics/float.k,253,rule,F-UNREACHED,Part of the selected fixed semantics but unreachable from this program AST and entry state; no target claim depends on it.,rule <k> #iterDone ~> #minContF(M:Float) => M ... </k>
reference-semantics/semantics/float.k,254,rule,F-UNREACHED,Part of the selected fixed semantics but unreachable from this program AST and entry state; no target claim depends on it.,"rule <k> #iterYield(V:Val, R:Iterable) ~> #minContF(M:Float) => #minAccF(R, minFloat(M, {V}:>Float)) ... </k>"
reference-semantics/semantics/float.k,261,syntax,F-UNREACHED,Part of the selected fixed semantics but unreachable from this program AST and entry state; no target claim depends on it.,"syntax KItem ::= #sumAccF(Iterable, Float) | #sumContF(Float)"
reference-semantics/semantics/float.k,262,rule,F-UNREACHED,Part of the selected fixed semantics but unreachable from this program AST and entry state; no target claim depends on it.,"rule <k> #iterYield(V:Val, R:Iterable) ~> #sumCont(ACC:Int)"
reference-semantics/semantics/float.k,265,rule,F-UNREACHED,Part of the selected fixed semantics but unreachable from this program AST and entry state; no target claim depends on it.,"rule <k> #sumAccF(IT:Iterable, ACC:Float) => #iterNext(IT) ~> #sumContF(ACC) ... </k>"
reference-semantics/semantics/float.k,266,rule,F-UNREACHED,Part of the selected fixed semantics but unreachable from this program AST and entry state; no target claim depends on it.,rule <k> #iterDone ~> #sumContF(ACC:Float) => ACC ... </k>
reference-semantics/semantics/float.k,267,rule,F-UNREACHED,Part of the selected fixed semantics but unreachable from this program AST and entry state; no target claim depends on it.,"rule <k> #iterYield(V:Val, R:Iterable) ~> #sumContF(ACC:Float)"
reference-semantics/semantics/float.k,270,rule,F-UNREACHED,Part of the selected fixed semantics but unreachable from this program AST and entry state; no target claim depends on it.,"rule <k> #iterYield(V:Val, R:Iterable) ~> #sumContF(ACC:Float)"
reference-semantics/semantics/functions.k,8,syntax,F-USED,Selected supplied-semantics declaration on the submitted execution path or needed for an applicable overlap/priority check.,"syntax KItem ::= frame(continuation: K, callerEnv: Int, savedLoc: Int)"
reference-semantics/semantics/functions.k,14,rule,F-USED,Selected supplied-semantics declaration on the submitted execution path or needed for an applicable overlap/priority check.,"rule <k> FuncDef(F:String, Params(PNS:ParamNames), BODY:Stmts) => .K ... </k>"
reference-semantics/semantics/functions.k,18,syntax,F-UNREACHED,Part of the selected fixed semantics but unreachable from this program AST and entry state; no target claim depends on it.,"syntax Expr ::= closureExpr(ParamNames, Stmts)"
reference-semantics/semantics/functions.k,19,rule,F-UNREACHED,Part of the selected fixed semantics but unreachable from this program AST and entry state; no target claim depends on it.,"rule <k> closureExpr(PNS:ParamNames, BODY:Stmts) => closureVal(PNS, BODY, L) ... </k>"
reference-semantics/semantics/functions.k,27,syntax,F-UNREACHED,Part of the selected fixed semantics but unreachable from this program AST and entry state; no target claim depends on it.,"syntax Val ::= closureValC(ParamNames, ParamNames, Stmts, Map)"
reference-semantics/semantics/functions.k,31,syntax,F-UNREACHED,Part of the selected fixed semantics but unreachable from this program AST and entry state; no target claim depends on it.,"syntax KItem ::= #mkClosure(String, ParamNames, ParamNames, ParamNames, Stmts, Map)"
reference-semantics/semantics/functions.k,33,rule,F-UNREACHED,Part of the selected fixed semantics but unreachable from this program AST and entry state; no target claim depends on it.,"rule <k> FuncDef(F:String, Params(PNS:ParamNames), CellVars(CVS:ParamNames),"
reference-semantics/semantics/functions.k,36,rule,F-UNREACHED,Part of the selected fixed semantics but unreachable from this program AST and entry state; no target claim depends on it.,"rule <k> #mkClosure(F:String, PNS:ParamNames, CVS:ParamNames,"
reference-semantics/semantics/functions.k,42,rule,F-UNREACHED,Part of the selected fixed semantics but unreachable from this program AST and entry state; no target claim depends on it.,"rule <k> #mkClosure(F:String, PNS:ParamNames, CVS:ParamNames,"
reference-semantics/semantics/functions.k,47,rule,F-UNREACHED,Part of the selected fixed semantics but unreachable from this program AST and entry state; no target claim depends on it.,"rule <k> Lambda(Params(PNS:ParamNames), E:Expr)"
reference-semantics/semantics/functions.k,50,rule,F-UNREACHED,Part of the selected fixed semantics but unreachable from this program AST and entry state; no target claim depends on it.,"rule <k> Lambda(Params(PNS:ParamNames), CellVars(CVS:ParamNames),"
reference-semantics/semantics/functions.k,53,rule,F-UNREACHED,Part of the selected fixed semantics but unreachable from this program AST and entry state; no target claim depends on it.,"rule <k> #mkLambda(PNS:ParamNames, CVS:ParamNames,"
reference-semantics/semantics/functions.k,59,rule,F-UNREACHED,Part of the selected fixed semantics but unreachable from this program AST and entry state; no target claim depends on it.,"rule <k> #mkLambda(PNS:ParamNames, CVS:ParamNames, .ParamNames, BODY:Stmts, CM:Map)"
reference-semantics/semantics/functions.k,63,rule,F-USED,Selected supplied-semantics declaration on the submitted execution path or needed for an applicable overlap/priority check.,"rule <k> #bindP(.ParamNames, .Vals) => .K ... </k>"
reference-semantics/semantics/functions.k,64,rule,F-USED,Selected supplied-semantics declaration on the submitted execution path or needed for an applicable overlap/priority check.,"rule <k> #bindP((P:String, PS:ParamNames), (V:Val, VS:Vals)) => #bindP(PS, VS) ... </k>"
reference-semantics/semantics/functions.k,68,rule,F-UNREACHED,Part of the selected fixed semantics but unreachable from this program AST and entry state; no target claim depends on it.,"rule <k> #bindP((P:String, PS:ParamNames), (V:Val, VS:Vals))"
reference-semantics/semantics/functions.k,78,rule,F-USED,Selected supplied-semantics declaration on the submitted execution path or needed for an applicable overlap/priority check.,rule <k> Return(V:Val) ~> _ => #pop </k>
reference-semantics/semantics/functions.k,80,rule,F-UNREACHED,Part of the selected fixed semantics but unreachable from this program AST and entry state; no target claim depends on it.,rule <k> #endcall => #pop ... </k>
reference-semantics/semantics/functions.k,85,rule,F-USED,Selected supplied-semantics declaration on the submitted execution path or needed for an applicable overlap/priority check.,rule <k> #pop => V ~> CONT </k>
reference-semantics/semantics/int.k,7,rule,F-UNREACHED,Part of the selected fixed semantics but unreachable from this program AST and entry state; no target claim depends on it.,"rule applyUn(""-"", I:Int) => 0 -Int I"
reference-semantics/semantics/int.k,9,rule,F-UNREACHED,Part of the selected fixed semantics but unreachable from this program AST and entry state; no target claim depends on it.,"rule applyBin(""+"",  I1:Int, I2:Int) => I1 +Int I2"
reference-semantics/semantics/int.k,11,rule,F-UNREACHED,Part of the selected fixed semantics but unreachable from this program AST and entry state; no target claim depends on it.,"rule applyBin(""+"",  I:Int, B:Bool) => I +Int #if B #then 1 #else 0 #fi"
reference-semantics/semantics/int.k,12,rule,F-UNREACHED,Part of the selected fixed semantics but unreachable from this program AST and entry state; no target claim depends on it.,"rule applyBin(""+"",  B:Bool, I:Int) => #if B #then 1 #else 0 #fi +Int I"
reference-semantics/semantics/int.k,13,rule,F-UNREACHED,Part of the selected fixed semantics but unreachable from this program AST and entry state; no target claim depends on it.,"rule applyBin(""-"",  I1:Int, I2:Int) => I1 -Int I2"
reference-semantics/semantics/int.k,14,rule,F-UNREACHED,Part of the selected fixed semantics but unreachable from this program AST and entry state; no target claim depends on it.,"rule applyBin(""*"",  I1:Int, I2:Int) => I1 *Int I2"
reference-semantics/semantics/int.k,15,rule,F-UNREACHED,Part of the selected fixed semantics but unreachable from this program AST and entry state; no target claim depends on it.,"rule applyBin(""%"",  I1:Int, I2:Int) => pyMod(I1, I2)"
reference-semantics/semantics/int.k,16,rule,F-UNREACHED,Part of the selected fixed semantics but unreachable from this program AST and entry state; no target claim depends on it.,"rule applyBin(""//"", I1:Int, I2:Int) => (I1 -Int pyMod(I1, I2)) /Int I2"
reference-semantics/semantics/int.k,17,rule,F-UNREACHED,Part of the selected fixed semantics but unreachable from this program AST and entry state; no target claim depends on it.,"rule applyBin(""**"", I1:Int, I2:Int) => I1 ^Int I2 requires I2 >=Int 0"
reference-semantics/semantics/int.k,19,syntax,F-UNREACHED,Part of the selected fixed semantics but unreachable from this program AST and entry state; no target claim depends on it.,"syntax Int ::= pyMod(Int, Int) [function]"
reference-semantics/semantics/int.k,20,rule,F-UNREACHED,Part of the selected fixed semantics but unreachable from this program AST and entry state; no target claim depends on it.,"rule pyMod(I1:Int, I2:Int) => ((I1 %Int I2) +Int I2) %Int I2"
reference-semantics/semantics/int.k,22,rule,F-UNREACHED,Part of the selected fixed semantics but unreachable from this program AST and entry state; no target claim depends on it.,"rule applyCmp(""<"",  I1:Int, I2:Int)   => I1 <Int  I2"
reference-semantics/semantics/int.k,23,rule,F-UNREACHED,Part of the selected fixed semantics but unreachable from this program AST and entry state; no target claim depends on it.,"rule applyCmp(""<="", I1:Int, I2:Int)   => I1 <=Int I2"
reference-semantics/semantics/int.k,24,rule,F-UNREACHED,Part of the selected fixed semantics but unreachable from this program AST and entry state; no target claim depends on it.,"rule applyCmp("">"",  I1:Int, I2:Int)   => I1 >Int  I2"
reference-semantics/semantics/int.k,25,rule,F-UNREACHED,Part of the selected fixed semantics but unreachable from this program AST and entry state; no target claim depends on it.,"rule applyCmp("">="", I1:Int, I2:Int)   => I1 >=Int I2"
reference-semantics/semantics/int.k,26,rule,F-UNREACHED,Part of the selected fixed semantics but unreachable from this program AST and entry state; no target claim depends on it.,"rule applyCmp(""=="", I1:Int, I2:Int)   => I1 ==Int I2"
reference-semantics/semantics/int.k,27,rule,F-UNREACHED,Part of the selected fixed semantics but unreachable from this program AST and entry state; no target claim depends on it.,"rule applyCmp(""!="", I1:Int, I2:Int)   => I1 =/=Int I2"
reference-semantics/semantics/iter.k,8,syntax,F-USED,Selected supplied-semantics declaration on the submitted execution path or needed for an applicable overlap/priority check.,"syntax KItem ::= #iterNext(Iterable) | ""#iterDone"" | #iterYield(Val, Iterable)"
reference-semantics/semantics/list.k,9,rule,F-USED,Selected supplied-semantics declaration on the submitted execution path or needed for an applicable overlap/priority check.,rule <k> #iterNext(list(.ValSeq))                => #iterDone ... </k>
reference-semantics/semantics/list.k,10,rule,F-USED,Selected supplied-semantics declaration on the submitted execution path or needed for an applicable overlap/priority check.,"rule <k> #iterNext(list(vCons(V:Val, R:ValSeq))) => #iterYield(V, list(R)) ... </k>"
reference-semantics/semantics/list.k,13,syntax,F-USED,Selected supplied-semantics declaration on the submitted execution path or needed for an applicable overlap/priority check.,"syntax ApplyK ::= ""toList"""
reference-semantics/semantics/list.k,14,rule,F-USED,Selected supplied-semantics declaration on the submitted execution path or needed for an applicable overlap/priority check.,"rule <k> ListExpr(ES:Exprs) => #evalArgs(ES, .Vals, toList) ... </k>"
reference-semantics/semantics/list.k,15,rule,F-USED,Selected supplied-semantics declaration on the submitted execution path or needed for an applicable overlap/priority check.,"rule <k> #applyK(toList, ACC:Vals) => #alloc(list(vals2valSeq(ACC))) ... </k>"
reference-semantics/semantics/list.k,18,syntax,F-USED,Selected supplied-semantics declaration on the submitted execution path or needed for an applicable overlap/priority check.,"syntax ValSeq ::= valSeqConcat(ValSeq, ValSeq) [function, total]"
reference-semantics/semantics/list.k,19,rule,F-USED,Selected supplied-semantics declaration on the submitted execution path or needed for an applicable overlap/priority check.,"rule valSeqConcat(.ValSeq, T:ValSeq)                => T"
reference-semantics/semantics/list.k,20,rule,F-USED,Selected supplied-semantics declaration on the submitted execution path or needed for an applicable overlap/priority check.,"rule valSeqConcat(vCons(V:Val, S:ValSeq), T:ValSeq) => vCons(V, valSeqConcat(S, T))"
reference-semantics/semantics/list.k,24,rule,F-UNREACHED,Part of the selected fixed semantics but unreachable from this program AST and entry state; no target claim depends on it.,"rule <k> BinOp(""+"", list(A:ValSeq), list(B:ValSeq)) => #alloc(list(valSeqConcat(A, B))) ... </k>"
reference-semantics/semantics/list.k,27,rule,F-UNREACHED,Part of the selected fixed semantics but unreachable from this program AST and entry state; no target claim depends on it.,"rule applyCmp(""=="", list(A:ValSeq), list(B:ValSeq)) => A ==K B"
reference-semantics/semantics/list.k,28,rule,F-UNREACHED,Part of the selected fixed semantics but unreachable from this program AST and entry state; no target claim depends on it.,"rule applyCmp(""!="", list(A:ValSeq), list(B:ValSeq)) => notBool (A ==K B)"
reference-semantics/semantics/list.k,33,syntax,F-UNREACHED,Part of the selected fixed semantics but unreachable from this program AST and entry state; no target claim depends on it.,"syntax Bool ::= hasRefVS(ValSeq) [function, total]"
reference-semantics/semantics/list.k,34,rule,F-UNREACHED,Part of the selected fixed semantics but unreachable from this program AST and entry state; no target claim depends on it.,rule hasRefVS(.ValSeq)                => false
reference-semantics/semantics/list.k,35,rule,F-UNREACHED,Part of the selected fixed semantics but unreachable from this program AST and entry state; no target claim depends on it.,"rule hasRefVS(vCons(V:Val, R:ValSeq)) => isRefV(V) orBool hasRefVS(R)"
reference-semantics/semantics/list.k,37,syntax,F-UNREACHED,Part of the selected fixed semantics but unreachable from this program AST and entry state; no target claim depends on it.,"syntax Bool ::= deepEqVS(ValSeq, ValSeq, Map) [function]"
reference-semantics/semantics/list.k,39,rule,F-UNREACHED,Part of the selected fixed semantics but unreachable from this program AST and entry state; no target claim depends on it.,"rule deepEqVS(.ValSeq, .ValSeq, _:Map)                   => true"
reference-semantics/semantics/list.k,40,rule,F-UNREACHED,Part of the selected fixed semantics but unreachable from this program AST and entry state; no target claim depends on it.,"rule deepEqVS(.ValSeq, vCons(_:Val, _:ValSeq), _:Map)    => false"
reference-semantics/semantics/list.k,41,rule,F-UNREACHED,Part of the selected fixed semantics but unreachable from this program AST and entry state; no target claim depends on it.,"rule deepEqVS(vCons(_:Val, _:ValSeq), .ValSeq, _:Map)    => false"
reference-semantics/semantics/list.k,42,rule,F-UNREACHED,Part of the selected fixed semantics but unreachable from this program AST and entry state; no target claim depends on it.,"rule deepEqVS(vCons(A:Val, As:ValSeq), vCons(B:Val, Bs:ValSeq), HP:Map)"
reference-semantics/semantics/list.k,45,rule,F-UNREACHED,Part of the selected fixed semantics but unreachable from this program AST and entry state; no target claim depends on it.,"rule deepEqV(ref(H:Int), B:Val, HP:Map) => deepEqV({HP[H]}:>Val, B, HP)"
reference-semantics/semantics/list.k,47,rule,F-UNREACHED,Part of the selected fixed semantics but unreachable from this program AST and entry state; no target claim depends on it.,"rule deepEqV(A:Val, ref(H:Int), HP:Map) => deepEqV(A, {HP[H]}:>Val, HP)"
reference-semantics/semantics/list.k,49,rule,F-UNREACHED,Part of the selected fixed semantics but unreachable from this program AST and entry state; no target claim depends on it.,"rule deepEqV(list(A:ValSeq), list(B:ValSeq), HP:Map) => deepEqVS(A, B, HP)"
reference-semantics/semantics/list.k,50,rule,F-UNREACHED,Part of the selected fixed semantics but unreachable from this program AST and entry state; no target claim depends on it.,"rule deepEqV(A:Val, B:Val, _:Map) => A ==K B [owise]"
reference-semantics/semantics/list.k,53,rule,F-USED,Selected supplied-semantics declaration on the submitted execution path or needed for an applicable overlap/priority check.,"rule <k> #applyK(toCall(boundMethodV(ref(H:Int), ""append"")), (V:Val, .Vals)) => noneV ... </k>"
reference-semantics/semantics/list.k,58,syntax,F-UNREACHED,Part of the selected fixed semantics but unreachable from this program AST and entry state; no target claim depends on it.,"syntax KItem ::= #memberAcc(Val, Iterable) | #memberCont(Val) | ""#notB"""
reference-semantics/semantics/list.k,59,rule,F-UNREACHED,Part of the selected fixed semantics but unreachable from this program AST and entry state; no target claim depends on it.,"rule <k> Compare(LV:Val, CmpOp(""in"",     list(VS:ValSeq))) => #memberAcc(LV, list(VS)) ... </k>"
reference-semantics/semantics/list.k,60,rule,F-UNREACHED,Part of the selected fixed semantics but unreachable from this program AST and entry state; no target claim depends on it.,"rule <k> Compare(LV:Val, CmpOp(""not in"", list(VS:ValSeq))) => #memberAcc(LV, list(VS)) ~> #notB ... </k>"
reference-semantics/semantics/list.k,61,rule,F-UNREACHED,Part of the selected fixed semantics but unreachable from this program AST and entry state; no target claim depends on it.,"rule <k> #memberAcc(V:Val, IT:Iterable) => #iterNext(IT) ~> #memberCont(V) ... </k>"
reference-semantics/semantics/list.k,62,rule,F-UNREACHED,Part of the selected fixed semantics but unreachable from this program AST and entry state; no target claim depends on it.,rule <k> #iterDone ~> #memberCont(_V:Val) => false ... </k>
reference-semantics/semantics/list.k,63,rule,F-UNREACHED,Part of the selected fixed semantics but unreachable from this program AST and entry state; no target claim depends on it.,"rule <k> #iterYield(E:Val, _:Iterable) ~> #memberCont(V:Val) => true ... </k>"
reference-semantics/semantics/list.k,65,rule,F-UNREACHED,Part of the selected fixed semantics but unreachable from this program AST and entry state; no target claim depends on it.,"rule <k> #iterYield(E:Val, R:Iterable) ~> #memberCont(V:Val) => #memberAcc(V, R) ... </k>"
reference-semantics/semantics/list.k,67,rule,F-UNREACHED,Part of the selected fixed semantics but unreachable from this program AST and entry state; no target claim depends on it.,rule <k> B:Bool ~> #notB => notBool B ... </k>
reference-semantics/semantics/methods.k,10,syntax,F-UNREACHED,Part of the selected fixed semantics but unreachable from this program AST and entry state; no target claim depends on it.,"syntax Val ::= applyMethod(Val, String, Vals) [function]"
reference-semantics/semantics/methods.k,13,rule,F-UNREACHED,Part of the selected fixed semantics but unreachable from this program AST and entry state; no target claim depends on it.,"rule applyMethod(str(CS:IntSeq), ""isupper"", .Vals) => hasUpper(CS) andBool notBool hasLower(CS)"
reference-semantics/semantics/methods.k,14,rule,F-UNREACHED,Part of the selected fixed semantics but unreachable from this program AST and entry state; no target claim depends on it.,"rule applyMethod(str(CS:IntSeq), ""islower"", .Vals) => hasLower(CS) andBool notBool hasUpper(CS)"
reference-semantics/semantics/methods.k,15,rule,F-UNREACHED,Part of the selected fixed semantics but unreachable from this program AST and entry state; no target claim depends on it.,"rule applyMethod(str(CS:IntSeq), ""isalpha"", .Vals) => notBool (CS ==K .IntSeq) andBool allAlpha(CS)"
reference-semantics/semantics/methods.k,16,rule,F-UNREACHED,Part of the selected fixed semantics but unreachable from this program AST and entry state; no target claim depends on it.,"rule applyMethod(str(CS:IntSeq), ""isdigit"", .Vals) => notBool (CS ==K .IntSeq) andBool allDigit(CS)"
reference-semantics/semantics/methods.k,19,rule,F-UNREACHED,Part of the selected fixed semantics but unreachable from this program AST and entry state; no target claim depends on it.,"rule applyMethod(str(CS:IntSeq), ""lower"",    .Vals) => str(mapLower(CS))"
reference-semantics/semantics/methods.k,20,rule,F-UNREACHED,Part of the selected fixed semantics but unreachable from this program AST and entry state; no target claim depends on it.,"rule applyMethod(str(CS:IntSeq), ""upper"",    .Vals) => str(mapUpper(CS))"
reference-semantics/semantics/methods.k,21,rule,F-UNREACHED,Part of the selected fixed semantics but unreachable from this program AST and entry state; no target claim depends on it.,"rule applyMethod(str(CS:IntSeq), ""swapcase"", .Vals) => str(mapSwap(CS))"
reference-semantics/semantics/methods.k,26,rule,F-UNREACHED,Part of the selected fixed semantics but unreachable from this program AST and entry state; no target claim depends on it.,"rule applyMethod(str(SEP:IntSeq), ""join"", list(VS:ValSeq), .Vals) => str(joinCodes(SEP, VS))"
reference-semantics/semantics/methods.k,27,syntax,F-UNREACHED,Part of the selected fixed semantics but unreachable from this program AST and entry state; no target claim depends on it.,"syntax IntSeq ::= joinCodes(IntSeq, ValSeq) [function, total]"
reference-semantics/semantics/methods.k,28,rule,F-UNREACHED,Part of the selected fixed semantics but unreachable from this program AST and entry state; no target claim depends on it.,"rule joinCodes(_:IntSeq, .ValSeq) => .IntSeq"
reference-semantics/semantics/methods.k,29,rule,F-UNREACHED,Part of the selected fixed semantics but unreachable from this program AST and entry state; no target claim depends on it.,"rule joinCodes(_:IntSeq, vCons(str(CS:IntSeq), .ValSeq)) => CS"
reference-semantics/semantics/methods.k,30,rule,F-UNREACHED,Part of the selected fixed semantics but unreachable from this program AST and entry state; no target claim depends on it.,"rule joinCodes(SEP:IntSeq, vCons(str(CS:IntSeq), vCons(V:Val, R:ValSeq)))"
reference-semantics/semantics/methods.k,34,rule,F-UNREACHED,Part of the selected fixed semantics but unreachable from this program AST and entry state; no target claim depends on it.,"rule applyMethod(str(CS:IntSeq), ""count"", str(PC:IntSeq), .Vals) => cntSub(CS, PC)"
reference-semantics/semantics/methods.k,35,syntax,F-UNREACHED,Part of the selected fixed semantics but unreachable from this program AST and entry state; no target claim depends on it.,"syntax Int ::= cntSub(IntSeq, IntSeq) [function]"
reference-semantics/semantics/methods.k,36,rule,F-UNREACHED,Part of the selected fixed semantics but unreachable from this program AST and entry state; no target claim depends on it.,"rule cntSub(.IntSeq, _:IntSeq) => 0"
reference-semantics/semantics/methods.k,37,rule,F-UNREACHED,Part of the selected fixed semantics but unreachable from this program AST and entry state; no target claim depends on it.,"rule cntSub(iCons(C:Int, R:IntSeq), PC:IntSeq) => 1 +Int cntSub(dropIS(iCons(C, R), isLen(PC)), PC)"
reference-semantics/semantics/methods.k,39,rule,F-UNREACHED,Part of the selected fixed semantics but unreachable from this program AST and entry state; no target claim depends on it.,"rule cntSub(iCons(C:Int, R:IntSeq), PC:IntSeq) => cntSub(R, PC)"
reference-semantics/semantics/methods.k,41,syntax,F-UNREACHED,Part of the selected fixed semantics but unreachable from this program AST and entry state; no target claim depends on it.,"syntax IntSeq ::= dropIS(IntSeq, Int) [function, total]"
reference-semantics/semantics/methods.k,42,rule,F-UNREACHED,Part of the selected fixed semantics but unreachable from this program AST and entry state; no target claim depends on it.,"rule dropIS(S:IntSeq, N:Int) => S requires N <=Int 0"
reference-semantics/semantics/methods.k,43,rule,F-UNREACHED,Part of the selected fixed semantics but unreachable from this program AST and entry state; no target claim depends on it.,"rule dropIS(.IntSeq, _:Int) => .IntSeq [owise]"
reference-semantics/semantics/methods.k,44,rule,F-UNREACHED,Part of the selected fixed semantics but unreachable from this program AST and entry state; no target claim depends on it.,"rule dropIS(iCons(_:Int, R:IntSeq), N:Int) => dropIS(R, N -Int 1) requires N >Int 0"
reference-semantics/semantics/methods.k,47,rule,F-UNREACHED,Part of the selected fixed semantics but unreachable from this program AST and entry state; no target claim depends on it.,"rule applyMethod(str(CS:IntSeq), ""strip"", .Vals) => str(revIS(trimWS(revIS(trimWS(CS)))))"
reference-semantics/semantics/methods.k,48,syntax,F-UNREACHED,Part of the selected fixed semantics but unreachable from this program AST and entry state; no target claim depends on it.,"syntax IntSeq ::= trimWS(IntSeq) [function, total]"
reference-semantics/semantics/methods.k,49,rule,F-UNREACHED,Part of the selected fixed semantics but unreachable from this program AST and entry state; no target claim depends on it.,rule trimWS(.IntSeq) => .IntSeq
reference-semantics/semantics/methods.k,50,rule,F-UNREACHED,Part of the selected fixed semantics but unreachable from this program AST and entry state; no target claim depends on it.,"rule trimWS(iCons(C:Int, R:IntSeq)) => trimWS(R) requires isWSC(C)"
reference-semantics/semantics/methods.k,51,rule,F-UNREACHED,Part of the selected fixed semantics but unreachable from this program AST and entry state; no target claim depends on it.,"rule trimWS(iCons(C:Int, R:IntSeq)) => iCons(C, R) requires notBool isWSC(C)"
reference-semantics/semantics/methods.k,52,syntax,F-UNREACHED,Part of the selected fixed semantics but unreachable from this program AST and entry state; no target claim depends on it.,"syntax IntSeq ::= revIS(IntSeq) [function, total] | revISAcc(IntSeq, IntSeq) [function, total]"
reference-semantics/semantics/methods.k,53,rule,F-UNREACHED,Part of the selected fixed semantics but unreachable from this program AST and entry state; no target claim depends on it.,"rule revIS(S:IntSeq) => revISAcc(S, .IntSeq)"
reference-semantics/semantics/methods.k,54,rule,F-UNREACHED,Part of the selected fixed semantics but unreachable from this program AST and entry state; no target claim depends on it.,"rule revISAcc(.IntSeq, A:IntSeq) => A"
reference-semantics/semantics/methods.k,55,rule,F-UNREACHED,Part of the selected fixed semantics but unreachable from this program AST and entry state; no target claim depends on it.,"rule revISAcc(iCons(C:Int, R:IntSeq), A:IntSeq) => revISAcc(R, iCons(C, A))"
reference-semantics/semantics/methods.k,58,rule,F-UNREACHED,Part of the selected fixed semantics but unreachable from this program AST and entry state; no target claim depends on it.,"rule applyMethod(str(CS:IntSeq), ""encode"", str(_:IntSeq), .Vals) => str(CS)"
reference-semantics/semantics/methods.k,61,rule,F-UNREACHED,Part of the selected fixed semantics but unreachable from this program AST and entry state; no target claim depends on it.,"rule applyMethod(str(XC:IntSeq), ""startswith"", str(PC:IntSeq), .Vals) => startsWith(PC, XC)"
reference-semantics/semantics/methods.k,64,rule,F-UNREACHED,Part of the selected fixed semantics but unreachable from this program AST and entry state; no target claim depends on it.,"rule applyMethod(list(VS:ValSeq), ""count"", V:Val, .Vals) => cntOccVS(VS, V)"
reference-semantics/semantics/methods.k,65,syntax,F-UNREACHED,Part of the selected fixed semantics but unreachable from this program AST and entry state; no target claim depends on it.,"syntax Int ::= cntOccVS(ValSeq, Val) [function, total]"
reference-semantics/semantics/methods.k,66,rule,F-UNREACHED,Part of the selected fixed semantics but unreachable from this program AST and entry state; no target claim depends on it.,"rule cntOccVS(.ValSeq, _:Val)                => 0"
reference-semantics/semantics/methods.k,67,rule,F-UNREACHED,Part of the selected fixed semantics but unreachable from this program AST and entry state; no target claim depends on it.,"rule cntOccVS(vCons(A:Val, R:ValSeq), V:Val) => 1 +Int cntOccVS(R, V) requires A ==K V"
reference-semantics/semantics/methods.k,68,rule,F-UNREACHED,Part of the selected fixed semantics but unreachable from this program AST and entry state; no target claim depends on it.,"rule cntOccVS(vCons(A:Val, R:ValSeq), V:Val) => cntOccVS(R, V)        requires notBool (A ==K V)"
reference-semantics/semantics/methods.k,72,rule,F-UNREACHED,Part of the selected fixed semantics but unreachable from this program AST and entry state; no target claim depends on it.,"rule <k> #applyK(toCall(boundMethodV(str(CS:IntSeq), ""split"")), .Vals)"
reference-semantics/semantics/methods.k,75,syntax,F-UNREACHED,Part of the selected fixed semantics but unreachable from this program AST and entry state; no target claim depends on it.,"syntax ValSeq ::= splitWS(IntSeq, IntSeq, ValSeq) [function]  // remaining, current token, result"
reference-semantics/semantics/methods.k,76,rule,F-UNREACHED,Part of the selected fixed semantics but unreachable from this program AST and entry state; no target claim depends on it.,"rule splitWS(.IntSeq, CUR:IntSeq, ACC:ValSeq) => flushTok(ACC, CUR)"
reference-semantics/semantics/methods.k,77,rule,F-UNREACHED,Part of the selected fixed semantics but unreachable from this program AST and entry state; no target claim depends on it.,"rule splitWS(iCons(C:Int, R:IntSeq), CUR:IntSeq, ACC:ValSeq) => splitWS(R, .IntSeq, flushTok(ACC, CUR))"
reference-semantics/semantics/methods.k,79,rule,F-UNREACHED,Part of the selected fixed semantics but unreachable from this program AST and entry state; no target claim depends on it.,"rule splitWS(iCons(C:Int, R:IntSeq), CUR:IntSeq, ACC:ValSeq) => splitWS(R, seqConcat(CUR, iCons(C, .IntSeq)), ACC)"
reference-semantics/semantics/methods.k,82,syntax,F-UNREACHED,Part of the selected fixed semantics but unreachable from this program AST and entry state; no target claim depends on it.,"syntax ValSeq ::= flushTok(ValSeq, IntSeq) [function]"
reference-semantics/semantics/methods.k,83,rule,F-UNREACHED,Part of the selected fixed semantics but unreachable from this program AST and entry state; no target claim depends on it.,"rule flushTok(ACC:ValSeq, .IntSeq)            => ACC"
reference-semantics/semantics/methods.k,84,rule,F-UNREACHED,Part of the selected fixed semantics but unreachable from this program AST and entry state; no target claim depends on it.,"rule flushTok(ACC:ValSeq, iCons(C:Int, T:IntSeq)) => valSeqConcat(ACC, vCons(str(iCons(C, T)), .ValSeq))"
reference-semantics/semantics/methods.k,85,syntax,F-UNREACHED,Part of the selected fixed semantics but unreachable from this program AST and entry state; no target claim depends on it.,"syntax Bool ::= isWSC(Int) [function, total]"
reference-semantics/semantics/methods.k,86,rule,F-UNREACHED,Part of the selected fixed semantics but unreachable from this program AST and entry state; no target claim depends on it.,rule isWSC(C:Int) => C ==Int 32 orBool C ==Int 9 orBool C ==Int 10 orBool C ==Int 13
reference-semantics/semantics/methods.k,89,rule,F-UNREACHED,Part of the selected fixed semantics but unreachable from this program AST and entry state; no target claim depends on it.,"rule <k> #applyK(toCall(boundMethodV(str(CS:IntSeq), ""split"")), (kwV(""sep"", str(S:IntSeq)), .Vals))"
reference-semantics/semantics/methods.k,94,rule,F-UNREACHED,Part of the selected fixed semantics but unreachable from this program AST and entry state; no target claim depends on it.,"rule <k> #applyK(toCall(boundMethodV(str(CS:IntSeq), ""split"")), (str(iCons(SEP:Int, .IntSeq)), .Vals))"
reference-semantics/semantics/methods.k,97,syntax,F-UNREACHED,Part of the selected fixed semantics but unreachable from this program AST and entry state; no target claim depends on it.,"syntax ValSeq ::= splitSep(IntSeq, Int, IntSeq) [function]  // remaining, sep code, current token"
reference-semantics/semantics/methods.k,98,rule,F-UNREACHED,Part of the selected fixed semantics but unreachable from this program AST and entry state; no target claim depends on it.,"rule splitSep(.IntSeq, _SEP:Int, CUR:IntSeq)              => vCons(str(CUR), .ValSeq)"
reference-semantics/semantics/methods.k,99,rule,F-UNREACHED,Part of the selected fixed semantics but unreachable from this program AST and entry state; no target claim depends on it.,"rule splitSep(iCons(C:Int, R:IntSeq), SEP:Int, CUR:IntSeq) => vCons(str(CUR), splitSep(R, SEP, .IntSeq))"
reference-semantics/semantics/methods.k,101,rule,F-UNREACHED,Part of the selected fixed semantics but unreachable from this program AST and entry state; no target claim depends on it.,"rule splitSep(iCons(C:Int, R:IntSeq), SEP:Int, CUR:IntSeq) => splitSep(R, SEP, seqConcat(CUR, iCons(C, .IntSeq)))"
reference-semantics/semantics/methods.k,104,rule,F-UNREACHED,Part of the selected fixed semantics but unreachable from this program AST and entry state; no target claim depends on it.,"rule applyMethod(str(CS:IntSeq), ""replace"", str(iCons(A:Int, .IntSeq)), str(iCons(B:Int, .IntSeq)), .Vals)"
reference-semantics/semantics/methods.k,106,syntax,F-UNREACHED,Part of the selected fixed semantics but unreachable from this program AST and entry state; no target claim depends on it.,"syntax IntSeq ::= replaceC(IntSeq, Int, Int) [function, total]"
reference-semantics/semantics/methods.k,107,rule,F-UNREACHED,Part of the selected fixed semantics but unreachable from this program AST and entry state; no target claim depends on it.,"rule replaceC(.IntSeq, _:Int, _:Int)             => .IntSeq"
reference-semantics/semantics/methods.k,108,rule,F-UNREACHED,Part of the selected fixed semantics but unreachable from this program AST and entry state; no target claim depends on it.,"rule replaceC(iCons(C:Int, R:IntSeq), A:Int, B:Int) => iCons(B, replaceC(R, A, B)) requires C ==Int A"
reference-semantics/semantics/methods.k,109,rule,F-UNREACHED,Part of the selected fixed semantics but unreachable from this program AST and entry state; no target claim depends on it.,"rule replaceC(iCons(C:Int, R:IntSeq), A:Int, B:Int) => iCons(C, replaceC(R, A, B)) requires notBool (C ==Int A)"
reference-semantics/semantics/methods.k,112,syntax,F-UNREACHED,Part of the selected fixed semantics but unreachable from this program AST and entry state; no target claim depends on it.,"syntax Bool ::= isUpperC(Int) [function, total]"
reference-semantics/semantics/methods.k,113,rule,F-UNREACHED,Part of the selected fixed semantics but unreachable from this program AST and entry state; no target claim depends on it.,rule isUpperC(C:Int) => C >=Int 65 andBool C <=Int 90
reference-semantics/semantics/methods.k,115,syntax,F-UNREACHED,Part of the selected fixed semantics but unreachable from this program AST and entry state; no target claim depends on it.,"syntax Bool ::= isLowerC(Int) [function, total]"
reference-semantics/semantics/methods.k,116,rule,F-UNREACHED,Part of the selected fixed semantics but unreachable from this program AST and entry state; no target claim depends on it.,rule isLowerC(C:Int) => C >=Int 97 andBool C <=Int 122
reference-semantics/semantics/methods.k,118,syntax,F-UNREACHED,Part of the selected fixed semantics but unreachable from this program AST and entry state; no target claim depends on it.,"syntax Bool ::= isAlphaC(Int) [function, total]"
reference-semantics/semantics/methods.k,119,rule,F-UNREACHED,Part of the selected fixed semantics but unreachable from this program AST and entry state; no target claim depends on it.,rule isAlphaC(C:Int) => isUpperC(C) orBool isLowerC(C)
reference-semantics/semantics/methods.k,121,syntax,F-UNREACHED,Part of the selected fixed semantics but unreachable from this program AST and entry state; no target claim depends on it.,"syntax Bool ::= isDigitC(Int) [function, total]"
reference-semantics/semantics/methods.k,122,rule,F-UNREACHED,Part of the selected fixed semantics but unreachable from this program AST and entry state; no target claim depends on it.,rule isDigitC(C:Int) => C >=Int 48 andBool C <=Int 57
reference-semantics/semantics/methods.k,124,syntax,F-UNREACHED,Part of the selected fixed semantics but unreachable from this program AST and entry state; no target claim depends on it.,"syntax Bool ::= hasUpper(IntSeq) [function, total]"
reference-semantics/semantics/methods.k,125,rule,F-UNREACHED,Part of the selected fixed semantics but unreachable from this program AST and entry state; no target claim depends on it.,rule hasUpper(.IntSeq) => false
reference-semantics/semantics/methods.k,126,rule,F-UNREACHED,Part of the selected fixed semantics but unreachable from this program AST and entry state; no target claim depends on it.,"rule hasUpper(iCons(C:Int, S:IntSeq)) => isUpperC(C) orBool hasUpper(S)"
reference-semantics/semantics/methods.k,128,syntax,F-UNREACHED,Part of the selected fixed semantics but unreachable from this program AST and entry state; no target claim depends on it.,"syntax Bool ::= hasLower(IntSeq) [function, total]"
reference-semantics/semantics/methods.k,129,rule,F-UNREACHED,Part of the selected fixed semantics but unreachable from this program AST and entry state; no target claim depends on it.,rule hasLower(.IntSeq) => false
reference-semantics/semantics/methods.k,130,rule,F-UNREACHED,Part of the selected fixed semantics but unreachable from this program AST and entry state; no target claim depends on it.,"rule hasLower(iCons(C:Int, S:IntSeq)) => isLowerC(C) orBool hasLower(S)"
reference-semantics/semantics/methods.k,132,syntax,F-UNREACHED,Part of the selected fixed semantics but unreachable from this program AST and entry state; no target claim depends on it.,"syntax Bool ::= allAlpha(IntSeq) [function, total]"
reference-semantics/semantics/methods.k,133,rule,F-UNREACHED,Part of the selected fixed semantics but unreachable from this program AST and entry state; no target claim depends on it.,rule allAlpha(.IntSeq) => true
reference-semantics/semantics/methods.k,134,rule,F-UNREACHED,Part of the selected fixed semantics but unreachable from this program AST and entry state; no target claim depends on it.,"rule allAlpha(iCons(C:Int, S:IntSeq)) => isAlphaC(C) andBool allAlpha(S)"
reference-semantics/semantics/methods.k,136,syntax,F-UNREACHED,Part of the selected fixed semantics but unreachable from this program AST and entry state; no target claim depends on it.,"syntax Bool ::= allDigit(IntSeq) [function, total]"
reference-semantics/semantics/methods.k,137,rule,F-UNREACHED,Part of the selected fixed semantics but unreachable from this program AST and entry state; no target claim depends on it.,rule allDigit(.IntSeq) => true
reference-semantics/semantics/methods.k,138,rule,F-UNREACHED,Part of the selected fixed semantics but unreachable from this program AST and entry state; no target claim depends on it.,"rule allDigit(iCons(C:Int, S:IntSeq)) => isDigitC(C) andBool allDigit(S)"
reference-semantics/semantics/methods.k,140,syntax,F-UNREACHED,Part of the selected fixed semantics but unreachable from this program AST and entry state; no target claim depends on it.,"syntax Int ::= lowerC(Int) [function, total]"
reference-semantics/semantics/methods.k,142,rule,F-UNREACHED,Part of the selected fixed semantics but unreachable from this program AST and entry state; no target claim depends on it.,rule lowerC(C:Int) => C +Int 32 requires isUpperC(C)
reference-semantics/semantics/methods.k,143,rule,F-UNREACHED,Part of the selected fixed semantics but unreachable from this program AST and entry state; no target claim depends on it.,rule lowerC(C:Int) => C         [owise]
reference-semantics/semantics/methods.k,145,syntax,F-UNREACHED,Part of the selected fixed semantics but unreachable from this program AST and entry state; no target claim depends on it.,"syntax Int ::= upperC(Int) [function, total]"
reference-semantics/semantics/methods.k,146,rule,F-UNREACHED,Part of the selected fixed semantics but unreachable from this program AST and entry state; no target claim depends on it.,rule upperC(C:Int) => C -Int 32 requires isLowerC(C)
reference-semantics/semantics/methods.k,147,rule,F-UNREACHED,Part of the selected fixed semantics but unreachable from this program AST and entry state; no target claim depends on it.,rule upperC(C:Int) => C         [owise]
reference-semantics/semantics/methods.k,149,syntax,F-UNREACHED,Part of the selected fixed semantics but unreachable from this program AST and entry state; no target claim depends on it.,"syntax Int ::= swapC(Int) [function, total]"
reference-semantics/semantics/methods.k,150,rule,F-UNREACHED,Part of the selected fixed semantics but unreachable from this program AST and entry state; no target claim depends on it.,rule swapC(C:Int) => C +Int 32 requires isUpperC(C)
reference-semantics/semantics/methods.k,151,rule,F-UNREACHED,Part of the selected fixed semantics but unreachable from this program AST and entry state; no target claim depends on it.,rule swapC(C:Int) => C -Int 32 requires isLowerC(C)
reference-semantics/semantics/methods.k,152,rule,F-UNREACHED,Part of the selected fixed semantics but unreachable from this program AST and entry state; no target claim depends on it.,rule swapC(C:Int) => C         [owise]
reference-semantics/semantics/methods.k,154,syntax,F-UNREACHED,Part of the selected fixed semantics but unreachable from this program AST and entry state; no target claim depends on it.,"syntax IntSeq ::= mapLower(IntSeq) [function, total]"
reference-semantics/semantics/methods.k,155,rule,F-UNREACHED,Part of the selected fixed semantics but unreachable from this program AST and entry state; no target claim depends on it.,rule mapLower(.IntSeq) => .IntSeq
reference-semantics/semantics/methods.k,156,rule,F-UNREACHED,Part of the selected fixed semantics but unreachable from this program AST and entry state; no target claim depends on it.,"rule mapLower(iCons(C:Int, S:IntSeq)) => iCons(lowerC(C), mapLower(S))"
reference-semantics/semantics/methods.k,158,syntax,F-UNREACHED,Part of the selected fixed semantics but unreachable from this program AST and entry state; no target claim depends on it.,"syntax IntSeq ::= mapUpper(IntSeq) [function, total]"
reference-semantics/semantics/methods.k,159,rule,F-UNREACHED,Part of the selected fixed semantics but unreachable from this program AST and entry state; no target claim depends on it.,rule mapUpper(.IntSeq) => .IntSeq
reference-semantics/semantics/methods.k,160,rule,F-UNREACHED,Part of the selected fixed semantics but unreachable from this program AST and entry state; no target claim depends on it.,"rule mapUpper(iCons(C:Int, S:IntSeq)) => iCons(upperC(C), mapUpper(S))"
reference-semantics/semantics/methods.k,162,syntax,F-UNREACHED,Part of the selected fixed semantics but unreachable from this program AST and entry state; no target claim depends on it.,"syntax IntSeq ::= mapSwap(IntSeq) [function, total]"
reference-semantics/semantics/methods.k,163,rule,F-UNREACHED,Part of the selected fixed semantics but unreachable from this program AST and entry state; no target claim depends on it.,rule mapSwap(.IntSeq) => .IntSeq
reference-semantics/semantics/methods.k,164,rule,F-UNREACHED,Part of the selected fixed semantics but unreachable from this program AST and entry state; no target claim depends on it.,"rule mapSwap(iCons(C:Int, S:IntSeq)) => iCons(swapC(C), mapSwap(S))"
reference-semantics/semantics/methods.k,166,syntax,F-UNREACHED,Part of the selected fixed semantics but unreachable from this program AST and entry state; no target claim depends on it.,"syntax Bool ::= startsWith(IntSeq, IntSeq) [function, total]"
reference-semantics/semantics/methods.k,167,rule,F-UNREACHED,Part of the selected fixed semantics but unreachable from this program AST and entry state; no target claim depends on it.,"rule startsWith(.IntSeq, _:IntSeq)               => true"
reference-semantics/semantics/methods.k,168,rule,F-UNREACHED,Part of the selected fixed semantics but unreachable from this program AST and entry state; no target claim depends on it.,"rule startsWith(iCons(_:Int, _:IntSeq), .IntSeq) => false"
reference-semantics/semantics/methods.k,169,rule,F-UNREACHED,Part of the selected fixed semantics but unreachable from this program AST and entry state; no target claim depends on it.,"rule startsWith(iCons(A:Int, As:IntSeq), iCons(B:Int, Bs:IntSeq)) => A ==Int B andBool startsWith(As, Bs)"
reference-semantics/semantics/operators.k,10,rule,F-UNREACHED,Part of the selected fixed semantics but unreachable from this program AST and entry state; no target claim depends on it.,"rule <k> UnaryOp(OP:String, V:Val) => applyUn(OP, V) ... </k>"
reference-semantics/semantics/operators.k,12,rule,F-UNREACHED,Part of the selected fixed semantics but unreachable from this program AST and entry state; no target claim depends on it.,"rule <k> BinOp(OP:String, L:Val, R:Val) => applyBin(OP, L, R) ... </k>"
reference-semantics/semantics/operators.k,15,context,F-UNREACHED,Part of the selected fixed semantics but unreachable from this program AST and entry state; no target claim depends on it.,"context Compare(HOLE, _)"
reference-semantics/semantics/operators.k,16,context,F-UNREACHED,Part of the selected fixed semantics but unreachable from this program AST and entry state; no target claim depends on it.,"context Compare(_:Val, CmpOp(_, HOLE))"
reference-semantics/semantics/operators.k,17,rule,F-UNREACHED,Part of the selected fixed semantics but unreachable from this program AST and entry state; no target claim depends on it.,"rule <k> Compare(LV:Val, CmpOp(OP:String, RV:Val)) => applyCmp(OP, LV, RV) ... </k> [owise]"
reference-semantics/semantics/operators.k,19,rule,F-UNREACHED,Part of the selected fixed semantics but unreachable from this program AST and entry state; no target claim depends on it.,"rule applyCmp(""is"",     V:Val, noneV) => V ==K noneV"
reference-semantics/semantics/operators.k,20,rule,F-UNREACHED,Part of the selected fixed semantics but unreachable from this program AST and entry state; no target claim depends on it.,"rule applyCmp(""is not"", V:Val, noneV) => notBool (V ==K noneV)"
reference-semantics/semantics/operators.k,25,rule,F-UNREACHED,Part of the selected fixed semantics but unreachable from this program AST and entry state; no target claim depends on it.,"rule <k> BinOp(OP:String, ref(H:Int), R:Expr) => BinOp(OP, V, R) ... </k>"
reference-semantics/semantics/operators.k,28,rule,F-UNREACHED,Part of the selected fixed semantics but unreachable from this program AST and entry state; no target claim depends on it.,"rule <k> BinOp(OP:String, L:Val, ref(H:Int)) => BinOp(OP, L, V) ... </k>"
reference-semantics/semantics/operators.k,34,rule,F-UNREACHED,Part of the selected fixed semantics but unreachable from this program AST and entry state; no target claim depends on it.,"rule <k> Compare(ref(H:Int), CmpOp(OP:String, R:Expr)) => Compare(V, CmpOp(OP, R)) ... </k>"
reference-semantics/semantics/operators.k,38,rule,F-UNREACHED,Part of the selected fixed semantics but unreachable from this program AST and entry state; no target claim depends on it.,"rule <k> Compare(L:Val, CmpOp(OP:String, ref(H:Int))) => Compare(L, CmpOp(OP, V)) ... </k>"
reference-semantics/semantics/operators.k,44,rule,F-UNREACHED,Part of the selected fixed semantics but unreachable from this program AST and entry state; no target claim depends on it.,"rule <k> UnaryOp(OP:String, ref(H:Int)) => UnaryOp(OP, V) ... </k>"
reference-semantics/semantics/range.k,9,syntax,F-UNREACHED,Part of the selected fixed semantics but unreachable from this program AST and entry state; no target claim depends on it.,"syntax Bool ::= inRange(Int, Int, Int) [function, total]"
reference-semantics/semantics/range.k,10,rule,F-UNREACHED,Part of the selected fixed semantics but unreachable from this program AST and entry state; no target claim depends on it.,"rule inRange(I:Int, HI:Int, ST:Int) => (ST >Int 0 andBool I <Int HI) orBool (ST <Int 0 andBool I >Int HI)"
reference-semantics/semantics/range.k,12,syntax,F-UNREACHED,Part of the selected fixed semantics but unreachable from this program AST and entry state; no target claim depends on it.,"syntax Int ::= rangeLen(Int, Int, Int) [function]"
reference-semantics/semantics/range.k,13,rule,F-UNREACHED,Part of the selected fixed semantics but unreachable from this program AST and entry state; no target claim depends on it.,"rule rangeLen(LO:Int, HI:Int, ST:Int) => (HI -Int LO +Int ST -Int 1) /Int ST"
reference-semantics/semantics/range.k,15,rule,F-UNREACHED,Part of the selected fixed semantics but unreachable from this program AST and entry state; no target claim depends on it.,"rule rangeLen(LO:Int, HI:Int, ST:Int) => (LO -Int HI -Int ST -Int 1) /Int (0 -Int ST)"
reference-semantics/semantics/range.k,17,rule,F-UNREACHED,Part of the selected fixed semantics but unreachable from this program AST and entry state; no target claim depends on it.,"rule rangeLen(LO:Int, HI:Int, ST:Int) => 0"
reference-semantics/semantics/range.k,20,rule,F-UNREACHED,Part of the selected fixed semantics but unreachable from this program AST and entry state; no target claim depends on it.,"rule <k> #iterNext(rangeObj(I:Int, HI:Int, ST:Int))"
reference-semantics/semantics/range.k,23,rule,F-UNREACHED,Part of the selected fixed semantics but unreachable from this program AST and entry state; no target claim depends on it.,"rule <k> #iterNext(rangeObj(I:Int, HI:Int, ST:Int)) => #iterDone ... </k>"
reference-semantics/semantics/set.k,8,syntax,F-UNREACHED,Part of the selected fixed semantics but unreachable from this program AST and entry state; no target claim depends on it.,syntax Val ::= setV(IntSeq)
reference-semantics/semantics/set.k,11,syntax,F-UNREACHED,Part of the selected fixed semantics but unreachable from this program AST and entry state; no target claim depends on it.,"syntax Bool ::= codeIn(Int, IntSeq) [function, total]"
reference-semantics/semantics/set.k,12,rule,F-UNREACHED,Part of the selected fixed semantics but unreachable from this program AST and entry state; no target claim depends on it.,"rule codeIn(_:Int, .IntSeq)                => false"
reference-semantics/semantics/set.k,13,rule,F-UNREACHED,Part of the selected fixed semantics but unreachable from this program AST and entry state; no target claim depends on it.,"rule codeIn(C:Int, iCons(H:Int, T:IntSeq)) => C ==Int H orBool codeIn(C, T)"
reference-semantics/semantics/set.k,16,syntax,F-UNREACHED,Part of the selected fixed semantics but unreachable from this program AST and entry state; no target claim depends on it.,"syntax IntSeq ::= dedupCodes(IntSeq)         [function, total]"
reference-semantics/semantics/set.k,18,rule,F-UNREACHED,Part of the selected fixed semantics but unreachable from this program AST and entry state; no target claim depends on it.,"rule dedupCodes(CS:IntSeq) => dedupFrom(CS, .IntSeq)"
reference-semantics/semantics/set.k,19,rule,F-UNREACHED,Part of the selected fixed semantics but unreachable from this program AST and entry state; no target claim depends on it.,"rule dedupFrom(.IntSeq, ACC:IntSeq) => ACC"
reference-semantics/semantics/set.k,20,rule,F-UNREACHED,Part of the selected fixed semantics but unreachable from this program AST and entry state; no target claim depends on it.,"rule dedupFrom(iCons(C:Int, S:IntSeq), ACC:IntSeq) => dedupFrom(S, ACC)"
reference-semantics/semantics/set.k,22,rule,F-UNREACHED,Part of the selected fixed semantics but unreachable from this program AST and entry state; no target claim depends on it.,"rule dedupFrom(iCons(C:Int, S:IntSeq), ACC:IntSeq) => dedupFrom(S, snocCode(ACC, C))"
reference-semantics/semantics/set.k,25,syntax,F-UNREACHED,Part of the selected fixed semantics but unreachable from this program AST and entry state; no target claim depends on it.,"syntax IntSeq ::= snocCode(IntSeq, Int) [function, total]"
reference-semantics/semantics/set.k,26,rule,F-UNREACHED,Part of the selected fixed semantics but unreachable from this program AST and entry state; no target claim depends on it.,"rule snocCode(.IntSeq, C:Int)                => iCons(C, .IntSeq)"
reference-semantics/semantics/set.k,27,rule,F-UNREACHED,Part of the selected fixed semantics but unreachable from this program AST and entry state; no target claim depends on it.,"rule snocCode(iCons(H:Int, T:IntSeq), C:Int) => iCons(H, snocCode(T, C))"
reference-semantics/semantics/set.k,31,syntax,F-UNREACHED,Part of the selected fixed semantics but unreachable from this program AST and entry state; no target claim depends on it.,"syntax Bool ::= subsetCodes(IntSeq, IntSeq) [function, total]"
reference-semantics/semantics/set.k,32,rule,F-UNREACHED,Part of the selected fixed semantics but unreachable from this program AST and entry state; no target claim depends on it.,"rule subsetCodes(.IntSeq, _:IntSeq)                => true"
reference-semantics/semantics/set.k,33,rule,F-UNREACHED,Part of the selected fixed semantics but unreachable from this program AST and entry state; no target claim depends on it.,"rule subsetCodes(iCons(C:Int, S:IntSeq), B:IntSeq) => codeIn(C, B) andBool subsetCodes(S, B)"
reference-semantics/semantics/set.k,35,syntax,F-UNREACHED,Part of the selected fixed semantics but unreachable from this program AST and entry state; no target claim depends on it.,"syntax Bool ::= sameSet(IntSeq, IntSeq) [function, total]"
reference-semantics/semantics/set.k,36,rule,F-UNREACHED,Part of the selected fixed semantics but unreachable from this program AST and entry state; no target claim depends on it.,"rule sameSet(A:IntSeq, B:IntSeq) => subsetCodes(A, B) andBool subsetCodes(B, A)"
reference-semantics/semantics/set.k,39,rule,F-UNREACHED,Part of the selected fixed semantics but unreachable from this program AST and entry state; no target claim depends on it.,"rule applyCmp(""=="", setV(A:IntSeq), setV(B:IntSeq)) => sameSet(A, B)"
reference-semantics/semantics/sort.k,18,syntax,F-UNREACHED,Part of the selected fixed semantics but unreachable from this program AST and entry state; no target claim depends on it.,"syntax ValSeq ::= sortVS(ValSeq) [function, total, symbol(sortVS), no-evaluators]"
reference-semantics/semantics/sort.k,19,syntax,F-UNREACHED,Part of the selected fixed semantics but unreachable from this program AST and entry state; no target claim depends on it.,"syntax ValSeq ::= insVS(Int, ValSeq) [function]"
reference-semantics/semantics/sort.k,20,rule,F-UNREACHED,Part of the selected fixed semantics but unreachable from this program AST and entry state; no target claim depends on it.,rule sortVS(.ValSeq)                => .ValSeq          [concrete]
reference-semantics/semantics/sort.k,21,rule,F-UNREACHED,Part of the selected fixed semantics but unreachable from this program AST and entry state; no target claim depends on it.,"rule sortVS(vCons(X:Int, R:ValSeq)) => insVS(X, sortVS(R)) [concrete]"
reference-semantics/semantics/sort.k,22,rule,F-UNREACHED,Part of the selected fixed semantics but unreachable from this program AST and entry state; no target claim depends on it.,"rule insVS(X:Int, .ValSeq)                => vCons(X, .ValSeq) [concrete]"
reference-semantics/semantics/sort.k,23,rule,F-UNREACHED,Part of the selected fixed semantics but unreachable from this program AST and entry state; no target claim depends on it.,"rule insVS(X:Int, vCons(Y:Int, R:ValSeq)) => vCons(X, vCons(Y, R)) requires X <=Int Y [concrete]"
reference-semantics/semantics/sort.k,24,rule,F-UNREACHED,Part of the selected fixed semantics but unreachable from this program AST and entry state; no target claim depends on it.,"rule insVS(X:Int, vCons(Y:Int, R:ValSeq)) => vCons(Y, insVS(X, R)) requires X  >Int Y [concrete]"
reference-semantics/semantics/sort.k,26,syntax,F-UNREACHED,Part of the selected fixed semantics but unreachable from this program AST and entry state; no target claim depends on it.,"syntax ValSeq ::= insVSs(IntSeq, ValSeq) [function]"
reference-semantics/semantics/sort.k,27,rule,F-UNREACHED,Part of the selected fixed semantics but unreachable from this program AST and entry state; no target claim depends on it.,"rule sortVS(vCons(str(CS:IntSeq), R:ValSeq)) => insVSs(CS, sortVS(R)) [concrete]"
reference-semantics/semantics/sort.k,28,rule,F-UNREACHED,Part of the selected fixed semantics but unreachable from this program AST and entry state; no target claim depends on it.,"rule insVSs(A:IntSeq, .ValSeq) => vCons(str(A), .ValSeq) [concrete]"
reference-semantics/semantics/sort.k,29,rule,F-UNREACHED,Part of the selected fixed semantics but unreachable from this program AST and entry state; no target claim depends on it.,"rule insVSs(A:IntSeq, vCons(str(B:IntSeq), R:ValSeq)) => vCons(str(A), vCons(str(B), R))"
reference-semantics/semantics/sort.k,31,rule,F-UNREACHED,Part of the selected fixed semantics but unreachable from this program AST and entry state; no target claim depends on it.,"rule insVSs(A:IntSeq, vCons(str(B:IntSeq), R:ValSeq)) => vCons(str(B), insVSs(A, R))"
reference-semantics/semantics/sort.k,36,rule,F-UNREACHED,Part of the selected fixed semantics but unreachable from this program AST and entry state; no target claim depends on it.,"rule <k> #applyK(toCall(builtinV(""sorted"")), (list(VS:ValSeq), .Vals))"
reference-semantics/semantics/sort.k,40,rule,F-UNREACHED,Part of the selected fixed semantics but unreachable from this program AST and entry state; no target claim depends on it.,"rule <k> #applyK(toCall(boundMethodV(ref(H:Int), ""sort"")), .Vals) => noneV ... </k>"
reference-semantics/semantics/sort.k,49,syntax,F-UNREACHED,Part of the selected fixed semantics but unreachable from this program AST and entry state; no target claim depends on it.,"syntax ValSeq ::= sortKeyVS(ValSeq, Val) [function, total, symbol(sortKeyVS), no-evaluators]"
reference-semantics/semantics/sort.k,51,syntax,F-UNREACHED,Part of the selected fixed semantics but unreachable from this program AST and entry state; no target claim depends on it.,"syntax ValSeq ::= revVS(ValSeq) [function, total]"
reference-semantics/semantics/sort.k,53,rule,F-UNREACHED,Part of the selected fixed semantics but unreachable from this program AST and entry state; no target claim depends on it.,"rule revVS(S:ValSeq) => revVSAcc(S, .ValSeq)"
reference-semantics/semantics/sort.k,54,rule,F-UNREACHED,Part of the selected fixed semantics but unreachable from this program AST and entry state; no target claim depends on it.,"rule revVSAcc(.ValSeq, A:ValSeq) => A"
reference-semantics/semantics/sort.k,55,rule,F-UNREACHED,Part of the selected fixed semantics but unreachable from this program AST and entry state; no target claim depends on it.,"rule revVSAcc(vCons(V:Val, R:ValSeq), A:ValSeq) => revVSAcc(R, vCons(V, A))"
reference-semantics/semantics/sort.k,57,syntax,F-UNREACHED,Part of the selected fixed semantics but unreachable from this program AST and entry state; no target claim depends on it.,"syntax ValSeq ::= condRev(ValSeq, Bool) [function, total]"
reference-semantics/semantics/sort.k,58,rule,F-UNREACHED,Part of the selected fixed semantics but unreachable from this program AST and entry state; no target claim depends on it.,"rule condRev(S:ValSeq, false) => S"
reference-semantics/semantics/sort.k,59,rule,F-UNREACHED,Part of the selected fixed semantics but unreachable from this program AST and entry state; no target claim depends on it.,"rule condRev(S:ValSeq, true)  => revVS(S)"
reference-semantics/semantics/sort.k,61,rule,F-UNREACHED,Part of the selected fixed semantics but unreachable from this program AST and entry state; no target claim depends on it.,"rule <k> #applyK(toCall(builtinV(""sorted"")), (list(VS:ValSeq), kwV(""key"", KV:Val), .Vals))"
reference-semantics/semantics/sort.k,63,rule,F-UNREACHED,Part of the selected fixed semantics but unreachable from this program AST and entry state; no target claim depends on it.,"rule <k> #applyK(toCall(builtinV(""sorted"")), (list(VS:ValSeq), kwV(""key"", KV:Val), kwV(""reverse"", RB:Bool), .Vals))"
reference-semantics/semantics/sort.k,65,rule,F-UNREACHED,Part of the selected fixed semantics but unreachable from this program AST and entry state; no target claim depends on it.,"rule <k> #applyK(toCall(builtinV(""sorted"")), (list(VS:ValSeq), kwV(""reverse"", RB:Bool), .Vals))"
reference-semantics/semantics/str.k,8,rule,F-UNREACHED,Part of the selected fixed semantics but unreachable from this program AST and entry state; no target claim depends on it.,rule <k> #iterNext(str(.IntSeq))                 => #iterDone ... </k>
reference-semantics/semantics/str.k,9,rule,F-UNREACHED,Part of the selected fixed semantics but unreachable from this program AST and entry state; no target claim depends on it.,"rule <k> #iterNext(str(iCons(C:Int, R:IntSeq)))"
reference-semantics/semantics/str.k,13,syntax,F-UNREACHED,Part of the selected fixed semantics but unreachable from this program AST and entry state; no target claim depends on it.,syntax IntSeq ::= strToCodes(String) [function]
reference-semantics/semantics/str.k,14,rule,F-UNREACHED,Part of the selected fixed semantics but unreachable from this program AST and entry state; no target claim depends on it.,rule <k> Str(S:String) => str(strToCodes(S)) ... </k>
reference-semantics/semantics/str.k,15,rule,F-UNREACHED,Part of the selected fixed semantics but unreachable from this program AST and entry state; no target claim depends on it.,"rule strToCodes("""") => .IntSeq"
reference-semantics/semantics/str.k,16,rule,F-UNREACHED,Part of the selected fixed semantics but unreachable from this program AST and entry state; no target claim depends on it.,"rule strToCodes(S:String) => iCons(ordChar(substrString(S, 0, 1)), strToCodes(substrString(S, 1, lengthString(S))))"
reference-semantics/semantics/str.k,20,syntax,F-UNREACHED,Part of the selected fixed semantics but unreachable from this program AST and entry state; no target claim depends on it.,"syntax IntSeq ::= seqConcat(IntSeq, IntSeq) [function, total]"
reference-semantics/semantics/str.k,21,rule,F-UNREACHED,Part of the selected fixed semantics but unreachable from this program AST and entry state; no target claim depends on it.,"rule seqConcat(.IntSeq, T:IntSeq)                => T"
reference-semantics/semantics/str.k,22,rule,F-UNREACHED,Part of the selected fixed semantics but unreachable from this program AST and entry state; no target claim depends on it.,"rule seqConcat(iCons(I:Int, S:IntSeq), T:IntSeq) => iCons(I, seqConcat(S, T))"
reference-semantics/semantics/str.k,24,rule,F-UNREACHED,Part of the selected fixed semantics but unreachable from this program AST and entry state; no target claim depends on it.,"rule applyBin(""+"",  str(A:IntSeq), str(B:IntSeq)) => str(seqConcat(A, B))"
reference-semantics/semantics/str.k,25,rule,F-UNREACHED,Part of the selected fixed semantics but unreachable from this program AST and entry state; no target claim depends on it.,"rule applyCmp(""=="", str(A:IntSeq), str(B:IntSeq)) => A ==K B"
reference-semantics/semantics/str.k,26,rule,F-UNREACHED,Part of the selected fixed semantics but unreachable from this program AST and entry state; no target claim depends on it.,"rule applyCmp(""!="", str(A:IntSeq), str(B:IntSeq)) => notBool (A ==K B)"
reference-semantics/semantics/str.k,29,rule,F-UNREACHED,Part of the selected fixed semantics but unreachable from this program AST and entry state; no target claim depends on it.,"rule applyCmp(""in"",     str(P:IntSeq), str(X:IntSeq)) => strContains(P, X)"
reference-semantics/semantics/str.k,30,rule,F-UNREACHED,Part of the selected fixed semantics but unreachable from this program AST and entry state; no target claim depends on it.,"rule applyCmp(""not in"", str(P:IntSeq), str(X:IntSeq)) => notBool strContains(P, X)"
reference-semantics/semantics/str.k,32,syntax,F-UNREACHED,Part of the selected fixed semantics but unreachable from this program AST and entry state; no target claim depends on it.,"syntax Bool ::= strPrefix(IntSeq, IntSeq) [function, total]"
reference-semantics/semantics/str.k,33,rule,F-UNREACHED,Part of the selected fixed semantics but unreachable from this program AST and entry state; no target claim depends on it.,"rule strPrefix(.IntSeq, _:IntSeq)               => true"
reference-semantics/semantics/str.k,34,rule,F-UNREACHED,Part of the selected fixed semantics but unreachable from this program AST and entry state; no target claim depends on it.,"rule strPrefix(iCons(_:Int, _:IntSeq), .IntSeq) => false"
reference-semantics/semantics/str.k,35,rule,F-UNREACHED,Part of the selected fixed semantics but unreachable from this program AST and entry state; no target claim depends on it.,"rule strPrefix(iCons(A:Int, As:IntSeq), iCons(B:Int, Bs:IntSeq)) => A ==Int B andBool strPrefix(As, Bs)"
reference-semantics/semantics/str.k,37,syntax,F-UNREACHED,Part of the selected fixed semantics but unreachable from this program AST and entry state; no target claim depends on it.,"syntax Bool ::= strContains(IntSeq, IntSeq) [function, total]"
reference-semantics/semantics/str.k,38,rule,F-UNREACHED,Part of the selected fixed semantics but unreachable from this program AST and entry state; no target claim depends on it.,"rule strContains(P:IntSeq, X:IntSeq) => true  requires strPrefix(P, X)"
reference-semantics/semantics/str.k,39,rule,F-UNREACHED,Part of the selected fixed semantics but unreachable from this program AST and entry state; no target claim depends on it.,"rule strContains(P:IntSeq, .IntSeq)  => false requires notBool strPrefix(P, .IntSeq)"
reference-semantics/semantics/str.k,40,rule,F-UNREACHED,Part of the selected fixed semantics but unreachable from this program AST and entry state; no target claim depends on it.,"rule strContains(P:IntSeq, iCons(C:Int, Xs:IntSeq)) => strContains(P, Xs)"
reference-semantics/semantics/str.k,48,syntax,F-UNREACHED,Part of the selected fixed semantics but unreachable from this program AST and entry state; no target claim depends on it.,"syntax Bool ::= strLt(IntSeq, IntSeq) [function, total]"
reference-semantics/semantics/str.k,49,rule,F-UNREACHED,Part of the selected fixed semantics but unreachable from this program AST and entry state; no target claim depends on it.,"rule strLt(.IntSeq, .IntSeq)                => false"
reference-semantics/semantics/str.k,50,rule,F-UNREACHED,Part of the selected fixed semantics but unreachable from this program AST and entry state; no target claim depends on it.,"rule strLt(.IntSeq, iCons(_:Int, _:IntSeq)) => true"
reference-semantics/semantics/str.k,51,rule,F-UNREACHED,Part of the selected fixed semantics but unreachable from this program AST and entry state; no target claim depends on it.,"rule strLt(iCons(_:Int, _:IntSeq), .IntSeq) => false"
reference-semantics/semantics/str.k,52,rule,F-UNREACHED,Part of the selected fixed semantics but unreachable from this program AST and entry state; no target claim depends on it.,"rule strLt(iCons(A:Int, As:IntSeq), iCons(B:Int, Bs:IntSeq)) => true          requires A  <Int B"
reference-semantics/semantics/str.k,53,rule,F-UNREACHED,Part of the selected fixed semantics but unreachable from this program AST and entry state; no target claim depends on it.,"rule strLt(iCons(A:Int, As:IntSeq), iCons(B:Int, Bs:IntSeq)) => false         requires A  >Int B"
reference-semantics/semantics/str.k,54,rule,F-UNREACHED,Part of the selected fixed semantics but unreachable from this program AST and entry state; no target claim depends on it.,"rule strLt(iCons(A:Int, As:IntSeq), iCons(B:Int, Bs:IntSeq)) => strLt(As, Bs) requires A ==Int B"
reference-semantics/semantics/str.k,56,rule,F-UNREACHED,Part of the selected fixed semantics but unreachable from this program AST and entry state; no target claim depends on it.,"rule applyCmp(""<"",  str(A:IntSeq), str(B:IntSeq)) => strLt(A, B)"
reference-semantics/semantics/str.k,57,rule,F-UNREACHED,Part of the selected fixed semantics but unreachable from this program AST and entry state; no target claim depends on it.,"rule applyCmp("">"",  str(A:IntSeq), str(B:IntSeq)) => strLt(B, A)"
reference-semantics/semantics/str.k,58,rule,F-UNREACHED,Part of the selected fixed semantics but unreachable from this program AST and entry state; no target claim depends on it.,"rule applyCmp(""<="", str(A:IntSeq), str(B:IntSeq)) => notBool strLt(B, A)"
reference-semantics/semantics/str.k,59,rule,F-UNREACHED,Part of the selected fixed semantics but unreachable from this program AST and entry state; no target claim depends on it.,"rule applyCmp("">="", str(A:IntSeq), str(B:IntSeq)) => notBool strLt(A, B)"
reference-semantics/semantics/subscript.k,11,syntax,F-UNREACHED,Part of the selected fixed semantics but unreachable from this program AST and entry state; no target claim depends on it.,"syntax Val ::= valSeqAt(ValSeq, Int) [function, total]"
reference-semantics/semantics/subscript.k,12,rule,F-UNREACHED,Part of the selected fixed semantics but unreachable from this program AST and entry state; no target claim depends on it.,"rule valSeqAt(vCons(V:Val, _:ValSeq), 0)     => V"
reference-semantics/semantics/subscript.k,13,rule,F-UNREACHED,Part of the selected fixed semantics but unreachable from this program AST and entry state; no target claim depends on it.,"rule valSeqAt(vCons(_:Val, S:ValSeq), I:Int) => valSeqAt(S, I -Int 1)"
reference-semantics/semantics/subscript.k,16,syntax,F-UNREACHED,Part of the selected fixed semantics but unreachable from this program AST and entry state; no target claim depends on it.,"syntax Int ::= intSeqAt(IntSeq, Int) [function]"
reference-semantics/semantics/subscript.k,17,rule,F-UNREACHED,Part of the selected fixed semantics but unreachable from this program AST and entry state; no target claim depends on it.,"rule intSeqAt(iCons(C:Int, _:IntSeq), 0)     => C"
reference-semantics/semantics/subscript.k,18,rule,F-UNREACHED,Part of the selected fixed semantics but unreachable from this program AST and entry state; no target claim depends on it.,"rule intSeqAt(iCons(_:Int, S:IntSeq), I:Int) => intSeqAt(S, I -Int 1)"
reference-semantics/semantics/subscript.k,21,syntax,F-UNREACHED,Part of the selected fixed semantics but unreachable from this program AST and entry state; no target claim depends on it.,"syntax Int ::= normIdx(Int, Int) [function, total]"
reference-semantics/semantics/subscript.k,22,rule,F-UNREACHED,Part of the selected fixed semantics but unreachable from this program AST and entry state; no target claim depends on it.,"rule normIdx(I:Int, LEN:Int) => I +Int LEN requires I  <Int 0"
reference-semantics/semantics/subscript.k,23,rule,F-UNREACHED,Part of the selected fixed semantics but unreachable from this program AST and entry state; no target claim depends on it.,"rule normIdx(I:Int, _:Int)   => I          requires I >=Int 0"
reference-semantics/semantics/subscript.k,27,context,F-UNREACHED,Part of the selected fixed semantics but unreachable from this program AST and entry state; no target claim depends on it.,"context Subscript(HOLE, _)"
reference-semantics/semantics/subscript.k,28,context,F-UNREACHED,Part of the selected fixed semantics but unreachable from this program AST and entry state; no target claim depends on it.,"context Subscript(_:Val, HOLE:Expr)"
reference-semantics/semantics/subscript.k,31,rule,F-UNREACHED,Part of the selected fixed semantics but unreachable from this program AST and entry state; no target claim depends on it.,"rule <k> Subscript(ref(H:Int), IX:Index) => Subscript(V, IX) ... </k>"
reference-semantics/semantics/subscript.k,35,rule,F-UNREACHED,Part of the selected fixed semantics but unreachable from this program AST and entry state; no target claim depends on it.,"rule <k> Subscript(OBJ:Val, I:Int) => applyIndex(OBJ, I) ... </k>"
reference-semantics/semantics/subscript.k,37,syntax,F-UNREACHED,Part of the selected fixed semantics but unreachable from this program AST and entry state; no target claim depends on it.,"syntax Val ::= applyIndex(Val, Int) [function]"
reference-semantics/semantics/subscript.k,38,rule,F-UNREACHED,Part of the selected fixed semantics but unreachable from this program AST and entry state; no target claim depends on it.,"rule applyIndex(list(VS:ValSeq),  I:Int) => valSeqAt(VS, normIdx(I, vsLen(VS)))"
reference-semantics/semantics/subscript.k,39,rule,F-UNREACHED,Part of the selected fixed semantics but unreachable from this program AST and entry state; no target claim depends on it.,"rule applyIndex(tuple(VS:ValSeq), I:Int) => valSeqAt(VS, normIdx(I, vsLen(VS)))"
reference-semantics/semantics/subscript.k,40,rule,F-UNREACHED,Part of the selected fixed semantics but unreachable from this program AST and entry state; no target claim depends on it.,"rule applyIndex(str(IS:IntSeq),   I:Int)"
reference-semantics/semantics/subscript.k,44,syntax,F-UNREACHED,Part of the selected fixed semantics but unreachable from this program AST and entry state; no target claim depends on it.,"syntax KItem ::= #evalB(Bound) | ""#toSome"""
reference-semantics/semantics/subscript.k,49,syntax,F-UNREACHED,Part of the selected fixed semantics but unreachable from this program AST and entry state; no target claim depends on it.,"syntax OptInt ::= ""noB"" | someB(Int)"
reference-semantics/semantics/subscript.k,50,rule,F-UNREACHED,Part of the selected fixed semantics but unreachable from this program AST and entry state; no target claim depends on it.,rule <k> #evalB(NoBound)  => noB ... </k>
reference-semantics/semantics/subscript.k,51,rule,F-UNREACHED,Part of the selected fixed semantics but unreachable from this program AST and entry state; no target claim depends on it.,rule <k> #evalB(E:Expr)   => E ~> #toSome ... </k>
reference-semantics/semantics/subscript.k,52,rule,F-UNREACHED,Part of the selected fixed semantics but unreachable from this program AST and entry state; no target claim depends on it.,rule <k> I:Int ~> #toSome => someB(I) ... </k>
reference-semantics/semantics/subscript.k,54,rule,F-UNREACHED,Part of the selected fixed semantics but unreachable from this program AST and entry state; no target claim depends on it.,"rule <k> Subscript(OBJ:Val, Slice(LO:Bound, HI:Bound, ST:Bound)) => #evalB(LO) ~> #slLo(OBJ, HI, ST) ... </k>"
reference-semantics/semantics/subscript.k,55,rule,F-UNREACHED,Part of the selected fixed semantics but unreachable from this program AST and entry state; no target claim depends on it.,"rule <k> LO:OptInt ~> #slLo(OBJ:Val, HI:Bound, ST:Bound)   => #evalB(HI) ~> #slHi(OBJ, LO, ST) ... </k>"
reference-semantics/semantics/subscript.k,56,rule,F-UNREACHED,Part of the selected fixed semantics but unreachable from this program AST and entry state; no target claim depends on it.,"rule <k> HI:OptInt ~> #slHi(OBJ:Val, LO:OptInt, ST:Bound)  => #evalB(ST) ~> #slStep(OBJ, LO, HI) ... </k>"
reference-semantics/semantics/subscript.k,58,rule,F-UNREACHED,Part of the selected fixed semantics but unreachable from this program AST and entry state; no target claim depends on it.,"rule <k> ST:OptInt ~> #slStep(list(VS:ValSeq), LO:OptInt, HI:OptInt)"
reference-semantics/semantics/subscript.k,61,rule,F-UNREACHED,Part of the selected fixed semantics but unreachable from this program AST and entry state; no target claim depends on it.,"rule <k> ST:OptInt ~> #slStep(OBJ:Val, LO:OptInt, HI:OptInt) => doSlice(OBJ, LO, HI, ST) ... </k>"
reference-semantics/semantics/subscript.k,63,syntax,F-UNREACHED,Part of the selected fixed semantics but unreachable from this program AST and entry state; no target claim depends on it.,"syntax Val ::= doSlice(Val, OptInt, OptInt, OptInt) [function]"
reference-semantics/semantics/subscript.k,64,rule,F-UNREACHED,Part of the selected fixed semantics but unreachable from this program AST and entry state; no target claim depends on it.,"rule doSlice(list(VS:ValSeq), LO:OptInt, HI:OptInt, ST:OptInt)"
reference-semantics/semantics/subscript.k,66,rule,F-UNREACHED,Part of the selected fixed semantics but unreachable from this program AST and entry state; no target claim depends on it.,"rule doSlice(tuple(VS:ValSeq), LO:OptInt, HI:OptInt, ST:OptInt)"
reference-semantics/semantics/subscript.k,68,rule,F-UNREACHED,Part of the selected fixed semantics but unreachable from this program AST and entry state; no target claim depends on it.,"rule doSlice(str(IS:IntSeq), LO:OptInt, HI:OptInt, ST:OptInt)"
reference-semantics/semantics/subscript.k,72,syntax,F-UNREACHED,Part of the selected fixed semantics but unreachable from this program AST and entry state; no target claim depends on it.,"syntax Int ::= slStep(OptInt) [function, total]"
reference-semantics/semantics/subscript.k,73,rule,F-UNREACHED,Part of the selected fixed semantics but unreachable from this program AST and entry state; no target claim depends on it.,rule slStep(noB)          => 1
reference-semantics/semantics/subscript.k,74,rule,F-UNREACHED,Part of the selected fixed semantics but unreachable from this program AST and entry state; no target claim depends on it.,rule slStep(someB(S:Int)) => S
reference-semantics/semantics/subscript.k,76,syntax,F-UNREACHED,Part of the selected fixed semantics but unreachable from this program AST and entry state; no target claim depends on it.,"syntax Int ::= slStart(OptInt, OptInt, Int) [function]"
reference-semantics/semantics/subscript.k,77,rule,F-UNREACHED,Part of the selected fixed semantics but unreachable from this program AST and entry state; no target claim depends on it.,"rule slStart(noB,          ST:OptInt, _LEN:Int) => 0"
reference-semantics/semantics/subscript.k,79,rule,F-UNREACHED,Part of the selected fixed semantics but unreachable from this program AST and entry state; no target claim depends on it.,"rule slStart(noB,          ST:OptInt, LEN:Int)  => LEN -Int 1"
reference-semantics/semantics/subscript.k,81,rule,F-UNREACHED,Part of the selected fixed semantics but unreachable from this program AST and entry state; no target claim depends on it.,"rule slStart(someB(I:Int), ST:OptInt, LEN:Int)  => slAdjust(I, LEN, slStep(ST))"
reference-semantics/semantics/subscript.k,83,syntax,F-UNREACHED,Part of the selected fixed semantics but unreachable from this program AST and entry state; no target claim depends on it.,"syntax Int ::= slStop(OptInt, OptInt, Int) [function]"
reference-semantics/semantics/subscript.k,84,rule,F-UNREACHED,Part of the selected fixed semantics but unreachable from this program AST and entry state; no target claim depends on it.,"rule slStop(noB,          ST:OptInt, LEN:Int)  => LEN"
reference-semantics/semantics/subscript.k,86,rule,F-UNREACHED,Part of the selected fixed semantics but unreachable from this program AST and entry state; no target claim depends on it.,"rule slStop(noB,          ST:OptInt, _LEN:Int) => -1"
reference-semantics/semantics/subscript.k,88,rule,F-UNREACHED,Part of the selected fixed semantics but unreachable from this program AST and entry state; no target claim depends on it.,"rule slStop(someB(I:Int), ST:OptInt, LEN:Int)  => slAdjust(I, LEN, slStep(ST))"
reference-semantics/semantics/subscript.k,90,syntax,F-UNREACHED,Part of the selected fixed semantics but unreachable from this program AST and entry state; no target claim depends on it.,"syntax Int ::= slAdjust(Int, Int, Int) [function, total]"
reference-semantics/semantics/subscript.k,91,rule,F-UNREACHED,Part of the selected fixed semantics but unreachable from this program AST and entry state; no target claim depends on it.,"rule slAdjust(I:Int, LEN:Int, STEP:Int) => clampLo(I +Int LEN, STEP)"
reference-semantics/semantics/subscript.k,93,rule,F-UNREACHED,Part of the selected fixed semantics but unreachable from this program AST and entry state; no target claim depends on it.,"rule slAdjust(I:Int, LEN:Int, STEP:Int) => clampHi(I, LEN, STEP)"
reference-semantics/semantics/subscript.k,96,syntax,F-UNREACHED,Part of the selected fixed semantics but unreachable from this program AST and entry state; no target claim depends on it.,"syntax Int ::= clampLo(Int, Int) [function, total]"
reference-semantics/semantics/subscript.k,97,rule,F-UNREACHED,Part of the selected fixed semantics but unreachable from this program AST and entry state; no target claim depends on it.,"rule clampLo(J:Int, _STEP:Int) => J"
reference-semantics/semantics/subscript.k,99,rule,F-UNREACHED,Part of the selected fixed semantics but unreachable from this program AST and entry state; no target claim depends on it.,"rule clampLo(J:Int, STEP:Int)  => #if STEP <Int 0 #then -1 #else 0 #fi"
reference-semantics/semantics/subscript.k,102,syntax,F-UNREACHED,Part of the selected fixed semantics but unreachable from this program AST and entry state; no target claim depends on it.,"syntax Int ::= clampHi(Int, Int, Int) [function, total]"
reference-semantics/semantics/subscript.k,103,rule,F-UNREACHED,Part of the selected fixed semantics but unreachable from this program AST and entry state; no target claim depends on it.,"rule clampHi(I:Int, LEN:Int, _STEP:Int) => I"
reference-semantics/semantics/subscript.k,105,rule,F-UNREACHED,Part of the selected fixed semantics but unreachable from this program AST and entry state; no target claim depends on it.,"rule clampHi(I:Int, LEN:Int, STEP:Int)  => #if STEP <Int 0 #then LEN -Int 1 #else LEN #fi"
reference-semantics/semantics/subscript.k,109,syntax,F-UNREACHED,Part of the selected fixed semantics but unreachable from this program AST and entry state; no target claim depends on it.,"syntax ValSeq ::= buildVS(ValSeq, Int, Int, Int) [function]"
reference-semantics/semantics/subscript.k,110,rule,F-UNREACHED,Part of the selected fixed semantics but unreachable from this program AST and entry state; no target claim depends on it.,"rule buildVS(VS:ValSeq, I:Int, STOP:Int, STEP:Int)"
reference-semantics/semantics/subscript.k,113,rule,F-UNREACHED,Part of the selected fixed semantics but unreachable from this program AST and entry state; no target claim depends on it.,"rule buildVS(_:ValSeq, I:Int, STOP:Int, STEP:Int) => .ValSeq"
reference-semantics/semantics/subscript.k,116,syntax,F-UNREACHED,Part of the selected fixed semantics but unreachable from this program AST and entry state; no target claim depends on it.,"syntax IntSeq ::= buildIS(IntSeq, Int, Int, Int) [function]"
reference-semantics/semantics/subscript.k,117,rule,F-UNREACHED,Part of the selected fixed semantics but unreachable from this program AST and entry state; no target claim depends on it.,"rule buildIS(IS:IntSeq, I:Int, STOP:Int, STEP:Int)"
reference-semantics/semantics/subscript.k,120,rule,F-UNREACHED,Part of the selected fixed semantics but unreachable from this program AST and entry state; no target claim depends on it.,"rule buildIS(_:IntSeq, I:Int, STOP:Int, STEP:Int) => .IntSeq"
reference-semantics/semantics/syntax.k,9,syntax,F-USED,Selected supplied-semantics declaration on the submitted execution path or needed for an applicable overlap/priority check.,"syntax Expr ::= ""Int""      ""("" Int "")"""
reference-semantics/semantics/syntax.k,32,syntax,F-UNREACHED,Part of the selected fixed semantics but unreachable from this program AST and entry state; no target claim depends on it.,"syntax CmpOp    ::= ""CmpOp"" ""("" String "","" Expr "")"""
reference-semantics/semantics/syntax.k,33,syntax,F-UNREACHED,Part of the selected fixed semantics but unreachable from this program AST and entry state; no target claim depends on it.,"syntax Entry    ::= ""Entry"" ""("" Expr "","" Expr "")"""
reference-semantics/semantics/syntax.k,34,syntax,F-UNREACHED,Part of the selected fixed semantics but unreachable from this program AST and entry state; no target claim depends on it.,"syntax Entries  ::= List{Entry, "",""}"
reference-semantics/semantics/syntax.k,35,syntax,F-UNREACHED,Part of the selected fixed semantics but unreachable from this program AST and entry state; no target claim depends on it.,"syntax CompFor  ::= ""CompFor"" ""("" Expr "","" Expr "","" Exprs "")"""
reference-semantics/semantics/syntax.k,36,syntax,F-UNREACHED,Part of the selected fixed semantics but unreachable from this program AST and entry state; no target claim depends on it.,"syntax CompFors ::= List{CompFor, """"}"
reference-semantics/semantics/syntax.k,37,syntax,F-USED,Selected supplied-semantics declaration on the submitted execution path or needed for an applicable overlap/priority check.,"syntax Exprs    ::= List{Expr, "",""}"
reference-semantics/semantics/syntax.k,38,syntax,F-UNREACHED,Part of the selected fixed semantics but unreachable from this program AST and entry state; no target claim depends on it.,"syntax Index    ::= Expr | ""Slice"" ""("" Bound "","" Bound "","" Bound "")"""
reference-semantics/semantics/syntax.k,39,syntax,F-UNREACHED,Part of the selected fixed semantics but unreachable from this program AST and entry state; no target claim depends on it.,"syntax Bound    ::= Expr | ""NoBound"""
reference-semantics/semantics/syntax.k,41,syntax,F-USED,Selected supplied-semantics declaration on the submitted execution path or needed for an applicable overlap/priority check.,"syntax Stmt ::= ""Assign""    ""("" Expr "","" Expr "")"" [strict(2)]"
reference-semantics/semantics/syntax.k,56,syntax,F-USED,Selected supplied-semantics declaration on the submitted execution path or needed for an applicable overlap/priority check.,"syntax Stmts      ::= List{Stmt, """"}"
reference-semantics/semantics/syntax.k,57,syntax,F-USED,Selected supplied-semantics declaration on the submitted execution path or needed for an applicable overlap/priority check.,"syntax Params     ::= ""Params"" ""("" ParamNames "")"""
reference-semantics/semantics/syntax.k,58,syntax,F-UNREACHED,Part of the selected fixed semantics but unreachable from this program AST and entry state; no target claim depends on it.,"syntax CellVars   ::= ""CellVars"" ""("" ParamNames "")"""
reference-semantics/semantics/syntax.k,59,syntax,F-UNREACHED,Part of the selected fixed semantics but unreachable from this program AST and entry state; no target claim depends on it.,"syntax FreeVars   ::= ""FreeVars"" ""("" ParamNames "")"""
reference-semantics/semantics/syntax.k,60,syntax,F-USED,Selected supplied-semantics declaration on the submitted execution path or needed for an applicable overlap/priority check.,"syntax ParamNames ::= List{String, "",""}"
reference-semantics/semantics/syntax.k,61,syntax,F-USED,Selected supplied-semantics declaration on the submitted execution path or needed for an applicable overlap/priority check.,"syntax Module     ::= ""Module"" ""("" Stmts "")"""
reference-semantics/semantics/tuple.k,10,rule,F-UNREACHED,Part of the selected fixed semantics but unreachable from this program AST and entry state; no target claim depends on it.,rule <k> #iterNext(tuple(.ValSeq))                => #iterDone ... </k>
reference-semantics/semantics/tuple.k,11,rule,F-UNREACHED,Part of the selected fixed semantics but unreachable from this program AST and entry state; no target claim depends on it.,"rule <k> #iterNext(tuple(vCons(V:Val, R:ValSeq))) => #iterYield(V, tuple(R)) ... </k>"
reference-semantics/semantics/tuple.k,14,syntax,F-UNREACHED,Part of the selected fixed semantics but unreachable from this program AST and entry state; no target claim depends on it.,"syntax ApplyK ::= ""toTuple"""
reference-semantics/semantics/tuple.k,15,rule,F-UNREACHED,Part of the selected fixed semantics but unreachable from this program AST and entry state; no target claim depends on it.,"rule <k> TupleExpr(ES:Exprs) => #evalArgs(ES, .Vals, toTuple) ... </k>"
reference-semantics/semantics/tuple.k,16,rule,F-UNREACHED,Part of the selected fixed semantics but unreachable from this program AST and entry state; no target claim depends on it.,"rule <k> #applyK(toTuple, ACC:Vals) => tuple(vals2valSeq(ACC)) ... </k>"
reference-semantics/semantics/tuple.k,18,rule,F-UNREACHED,Part of the selected fixed semantics but unreachable from this program AST and entry state; no target claim depends on it.,"rule applyCmp(""=="", tuple(A:ValSeq), tuple(B:ValSeq)) => A ==K B"
reference-semantics/semantics/tuple.k,20,rule,F-UNREACHED,Part of the selected fixed semantics but unreachable from this program AST and entry state; no target claim depends on it.,"rule <k> Compare(LV:Val, CmpOp(""in"",     tuple(VS:ValSeq))) => #memberAcc(LV, tuple(VS)) ... </k>"
reference-semantics/semantics/tuple.k,21,rule,F-UNREACHED,Part of the selected fixed semantics but unreachable from this program AST and entry state; no target claim depends on it.,"rule <k> Compare(LV:Val, CmpOp(""not in"", tuple(VS:ValSeq))) => #memberAcc(LV, tuple(VS)) ~> #notB ... </k>"
reference-semantics/semantics/tuple.k,23,rule,F-UNREACHED,Part of the selected fixed semantics but unreachable from this program AST and entry state; no target claim depends on it.,"rule applyMethod(tuple(VS:ValSeq), ""index"", V:Val, .Vals) => idxOfVS(VS, V, 0)"
reference-semantics/semantics/tuple.k,24,syntax,F-UNREACHED,Part of the selected fixed semantics but unreachable from this program AST and entry state; no target claim depends on it.,"syntax Int ::= idxOfVS(ValSeq, Val, Int) [function]"
reference-semantics/semantics/tuple.k,25,rule,F-UNREACHED,Part of the selected fixed semantics but unreachable from this program AST and entry state; no target claim depends on it.,"rule idxOfVS(vCons(A:Val, _:ValSeq), V:Val, I:Int) => I requires A ==K V"
reference-semantics/semantics/tuple.k,26,rule,F-UNREACHED,Part of the selected fixed semantics but unreachable from this program AST and entry state; no target claim depends on it.,"rule idxOfVS(vCons(A:Val, R:ValSeq), V:Val, I:Int) => idxOfVS(R, V, I +Int 1)"
reference-semantics/semantics/tuple.k,28,rule,F-UNREACHED,Part of the selected fixed semantics but unreachable from this program AST and entry state; no target claim depends on it.,"rule applyCmp(""!="", tuple(A:ValSeq), tuple(B:ValSeq)) => notBool (A ==K B)"
reference-semantics/semantics/tuple.k,31,syntax,F-USED,Selected supplied-semantics declaration on the submitted execution path or needed for an applicable overlap/priority check.,"syntax KItem ::= #bindTgt(Expr, Val)"
reference-semantics/semantics/tuple.k,32,rule,F-USED,Selected supplied-semantics declaration on the submitted execution path or needed for an applicable overlap/priority check.,"rule <k> #bindTgt(Name(X:String), V:Val) => .K ... </k>"
reference-semantics/semantics/tuple.k,35,rule,F-USED,Selected supplied-semantics declaration on the submitted execution path or needed for an applicable overlap/priority check.,"rule <k> #bindTgt(Name(X:String), V:Val) => #cellW({M[X]}:>Val, V) ... </k>"
reference-semantics/semantics/tuple.k,42,rule,F-UNREACHED,Part of the selected fixed semantics but unreachable from this program AST and entry state; no target claim depends on it.,"rule <k> #bindTgt(TupleExpr(TS:Exprs), tuple(VS:ValSeq)) => #unpackSeq(TS, VS) ... </k>"
reference-semantics/semantics/tuple.k,43,rule,F-UNREACHED,Part of the selected fixed semantics but unreachable from this program AST and entry state; no target claim depends on it.,"rule <k> #bindTgt(TupleExpr(TS:Exprs), list(VS:ValSeq))  => #unpackSeq(TS, VS) ... </k>"
reference-semantics/semantics/tuple.k,44,rule,F-UNREACHED,Part of the selected fixed semantics but unreachable from this program AST and entry state; no target claim depends on it.,"rule <k> #bindTgt(TupleExpr(TS:Exprs), ref(H:Int)) => #bindTgt(TupleExpr(TS), V) ... </k>"
reference-semantics/semantics/tuple.k,49,syntax,F-UNREACHED,Part of the selected fixed semantics but unreachable from this program AST and entry state; no target claim depends on it.,"syntax KItem ::= #unpackSeq(Exprs, ValSeq)"
reference-semantics/semantics/tuple.k,50,rule,F-UNREACHED,Part of the selected fixed semantics but unreachable from this program AST and entry state; no target claim depends on it.,"rule <k> Assign(TupleExpr(TS:Exprs), tuple(VS:ValSeq)) => #unpackSeq(TS, VS) ... </k>"
reference-semantics/semantics/tuple.k,51,rule,F-UNREACHED,Part of the selected fixed semantics but unreachable from this program AST and entry state; no target claim depends on it.,"rule <k> Assign(TupleExpr(TS:Exprs), list(VS:ValSeq))  => #unpackSeq(TS, VS) ... </k>"
reference-semantics/semantics/tuple.k,52,rule,F-UNREACHED,Part of the selected fixed semantics but unreachable from this program AST and entry state; no target claim depends on it.,"rule <k> Assign(TupleExpr(TS:Exprs), ref(H:Int)) => Assign(TupleExpr(TS), V) ... </k>"
reference-semantics/semantics/tuple.k,55,rule,F-UNREACHED,Part of the selected fixed semantics but unreachable from this program AST and entry state; no target claim depends on it.,"rule <k> #unpackSeq((T:Expr, TS:Exprs), vCons(V:Val, VS:ValSeq))"
reference-semantics/semantics/tuple.k,57,rule,F-UNREACHED,Part of the selected fixed semantics but unreachable from this program AST and entry state; no target claim depends on it.,"rule <k> #unpackSeq(.Exprs, .ValSeq) => .K ... </k>"
verification.k,6,syntax,P-MATH,Proof-local declaration/equation; disjoint/exhaustive and structurally recursive as detailed in 05_static_assessment.md.,"syntax ValSeq ::= intersperseAcc(ValSeq, ValSeq, Int) [function, total]"
verification.k,7,rule,P-MATH,Proof-local declaration/equation; disjoint/exhaustive and structurally recursive as detailed in 05_static_assessment.md.,"rule intersperseAcc(ACC:ValSeq, .ValSeq, _:Int) => ACC"
verification.k,8,rule,P-MATH,Proof-local declaration/equation; disjoint/exhaustive and structurally recursive as detailed in 05_static_assessment.md.,"rule intersperseAcc(.ValSeq, vCons(V:Val, REST:ValSeq), D:Int)"
verification.k,10,rule,P-MATH,Proof-local declaration/equation; disjoint/exhaustive and structurally recursive as detailed in 05_static_assessment.md.,"rule intersperseAcc(vCons(A:Val, AS:ValSeq),"
verification.k,19,syntax,P-MATH,Proof-local declaration/equation; disjoint/exhaustive and structurally recursive as detailed in 05_static_assessment.md.,"syntax ValSeq ::= intersperseVS(ValSeq, Int) [function, total]"
verification.k,20,rule,P-MATH,Proof-local declaration/equation; disjoint/exhaustive and structurally recursive as detailed in 05_static_assessment.md.,"rule intersperseVS(NUMBERS:ValSeq, D:Int)"
verification.k,23,syntax,P-MATH,Proof-local declaration/equation; disjoint/exhaustive and structurally recursive as detailed in 05_static_assessment.md.,"syntax Val ::= lastNumber(Val, ValSeq) [function, total]"
verification.k,24,rule,P-MATH,Proof-local declaration/equation; disjoint/exhaustive and structurally recursive as detailed in 05_static_assessment.md.,"rule lastNumber(OLD:Val, .ValSeq) => OLD"
verification.k,25,rule,P-MATH,Proof-local declaration/equation; disjoint/exhaustive and structurally recursive as detailed in 05_static_assessment.md.,"rule lastNumber(_:Val, vCons(V:Val, REST:ValSeq))"
