id,path,kind,start_line,end_line,attributes,disposition,rationale,normalized_sha256
semantics.k:34:bd63dc2187be,/reference/reference-semantics/semantics.k,requires,34,34,,STRUCTURAL_SOURCE_SENTENCE,Require/import/module boundary; no rewrite content.,bd63dc2187bec52366768ae5e226469b8a2ad2c4c545712a0aa741516c9edc32
semantics.k:35:8224539e3a3d,/reference/reference-semantics/semantics.k,requires,35,35,,STRUCTURAL_SOURCE_SENTENCE,Require/import/module boundary; no rewrite content.,8224539e3a3db217e66bd2a98ec63461834dc106ed2a29c0444f710fefda65f8
semantics.k:36:1e5b8702816a,/reference/reference-semantics/semantics.k,requires,36,36,,STRUCTURAL_SOURCE_SENTENCE,Require/import/module boundary; no rewrite content.,1e5b8702816aaf910a96fba0d81db1abbb6b851cb951d2599f700d2bc99dc68d
semantics.k:37:aa5f663a5d1a,/reference/reference-semantics/semantics.k,requires,37,37,,STRUCTURAL_SOURCE_SENTENCE,Require/import/module boundary; no rewrite content.,aa5f663a5d1a12851ffd9c30d8f2ea8d3a5f525e2d67b7d0d58f7a8872201e30
semantics.k:38:b194c4171e7a,/reference/reference-semantics/semantics.k,requires,38,38,,STRUCTURAL_SOURCE_SENTENCE,Require/import/module boundary; no rewrite content.,b194c4171e7ae0db64f5e70592f533a037cd2209b2efbffdbdce3f961c1ba8a3
semantics.k:39:821ae9d706d1,/reference/reference-semantics/semantics.k,requires,39,39,,STRUCTURAL_SOURCE_SENTENCE,Require/import/module boundary; no rewrite content.,821ae9d706d11a65db65080f76bf3791956656836d0cd541a1ce2c7a7c0fc866
semantics.k:40:4486f908787b,/reference/reference-semantics/semantics.k,requires,40,40,,STRUCTURAL_SOURCE_SENTENCE,Require/import/module boundary; no rewrite content.,4486f908787bb0107a24b945f3cc04fd35649f6fc896ddfb8287e00541fb24d2
semantics.k:41:c686ca866c6c,/reference/reference-semantics/semantics.k,requires,41,41,,STRUCTURAL_SOURCE_SENTENCE,Require/import/module boundary; no rewrite content.,c686ca866c6c4244284f9c6fee5b4d3f0651dfee6f3b7caffa7acd081eedbf37
semantics.k:42:3e6d049d0d07,/reference/reference-semantics/semantics.k,requires,42,42,,STRUCTURAL_SOURCE_SENTENCE,Require/import/module boundary; no rewrite content.,3e6d049d0d07149d9b7da70a46f30478e3abc80a22c29d1bae5e92eb299269e5
semantics.k:43:28167624a987,/reference/reference-semantics/semantics.k,requires,43,43,,STRUCTURAL_SOURCE_SENTENCE,Require/import/module boundary; no rewrite content.,28167624a9874cf0814cc078c343db574329406ffd94ef33c6a15b3199409955
semantics.k:44:a95bd351b20c,/reference/reference-semantics/semantics.k,requires,44,44,,STRUCTURAL_SOURCE_SENTENCE,Require/import/module boundary; no rewrite content.,a95bd351b20c771469491020adb0ced7ccb5e0d0925e1a2a2afec379202c449d
semantics.k:45:4a702fffa1e1,/reference/reference-semantics/semantics.k,requires,45,45,,STRUCTURAL_SOURCE_SENTENCE,Require/import/module boundary; no rewrite content.,4a702fffa1e16b4e2b9fe67d153dfac3c7e911bfa63b671a3bf13dcb280561fe
semantics.k:46:f795613d9cb1,/reference/reference-semantics/semantics.k,requires,46,46,,STRUCTURAL_SOURCE_SENTENCE,Require/import/module boundary; no rewrite content.,f795613d9cb17629ce078e63a8a9c678058dd096cbc71b8d317b8f6dd90a9d92
semantics.k:47:927b4eb4e3dc,/reference/reference-semantics/semantics.k,requires,47,47,,STRUCTURAL_SOURCE_SENTENCE,Require/import/module boundary; no rewrite content.,927b4eb4e3dce857ba8c6b0c9efa4dcea0bb75262d64b9d8c7acea80340f11d3
semantics.k:48:3708c0fc4fe9,/reference/reference-semantics/semantics.k,requires,48,48,,STRUCTURAL_SOURCE_SENTENCE,Require/import/module boundary; no rewrite content.,3708c0fc4fe99cb67a5e6687f95ab01b6b5c12ce14e46e42eab67de05e8a5d10
semantics.k:49:498f2b091406,/reference/reference-semantics/semantics.k,requires,49,49,,STRUCTURAL_SOURCE_SENTENCE,Require/import/module boundary; no rewrite content.,498f2b091406cd4a46c7abb4ef9bd80af213323fa3c73451330610c725364577
semantics.k:50:bf13fda77786,/reference/reference-semantics/semantics.k,requires,50,50,,STRUCTURAL_SOURCE_SENTENCE,Require/import/module boundary; no rewrite content.,bf13fda77786233dc0dc9153ae8cbafc7f9314e3888571436ecbcf652ed84416
semantics.k:51:9dc1130a72c5,/reference/reference-semantics/semantics.k,requires,51,51,,STRUCTURAL_SOURCE_SENTENCE,Require/import/module boundary; no rewrite content.,9dc1130a72c535f9390df5fdbf23b65d5eb8642149d9228616e15de0b282c1b6
semantics.k:52:666c60af66b9,/reference/reference-semantics/semantics.k,requires,52,52,,STRUCTURAL_SOURCE_SENTENCE,Require/import/module boundary; no rewrite content.,666c60af66b9a9a5e57ee0f3fc2f6b80fa7c40c65237af98051a82e0ae1568e3
semantics.k:53:9879ce98eb66,/reference/reference-semantics/semantics.k,requires,53,53,,STRUCTURAL_SOURCE_SENTENCE,Require/import/module boundary; no rewrite content.,9879ce98eb6621931b97c6d9e8a5fb58ff797bc17ca199f746974bae0dcfbbbf
semantics.k:54:d0eef04114b1,/reference/reference-semantics/semantics.k,requires,54,54,,STRUCTURAL_SOURCE_SENTENCE,Require/import/module boundary; no rewrite content.,d0eef04114b1f5a8e340ed83c998f08e618cdd739a8137db71723d6eafb0d8e3
semantics.k:55:dff85649217f,/reference/reference-semantics/semantics.k,requires,55,55,,STRUCTURAL_SOURCE_SENTENCE,Require/import/module boundary; no rewrite content.,dff85649217fc5c356552912f0333bbf2a1eb50bc7d60382df3ce84a5585d73d
semantics.k:56:f5f94e239ba7,/reference/reference-semantics/semantics.k,requires,56,57,,STRUCTURAL_SOURCE_SENTENCE,Require/import/module boundary; no rewrite content.,f5f94e239ba7397d1ac63fc775155ba549bf099b6f8a4a6036ab6fb3bdecfcb4
semantics.k:58:340f552bdab1,/reference/reference-semantics/semantics.k,module,58,58,,STRUCTURAL_SOURCE_SENTENCE,Require/import/module boundary; no rewrite content.,340f552bdab12916ad400c9c2beec5903f96decc9f651bec2c79ee27125aa80e
semantics.k:59:4258a966960e,/reference/reference-semantics/semantics.k,imports,59,59,,STRUCTURAL_SOURCE_SENTENCE,Require/import/module boundary; no rewrite content.,4258a966960e81238ac1318ebb92f5cd383bcf94ed5077b6dea55341a4254bfd
semantics.k:60:8ad41781e06e,/reference/reference-semantics/semantics.k,imports,60,60,,STRUCTURAL_SOURCE_SENTENCE,Require/import/module boundary; no rewrite content.,8ad41781e06e91093b117ccd78f6f10180a840cf3b4adaa62547edd340b26acc
semantics.k:61:548212ddc441,/reference/reference-semantics/semantics.k,imports,61,61,,STRUCTURAL_SOURCE_SENTENCE,Require/import/module boundary; no rewrite content.,548212ddc441d76983863c9d3376f95c8022ee76d1dcf98dbe9e839a912f1323
semantics.k:62:ee018db6efb0,/reference/reference-semantics/semantics.k,imports,62,62,,STRUCTURAL_SOURCE_SENTENCE,Require/import/module boundary; no rewrite content.,ee018db6efb00ffdd01d59dac03e43be2192505ed7049d1c693197e018cbc088
semantics.k:63:6a7df951c212,/reference/reference-semantics/semantics.k,imports,63,63,,STRUCTURAL_SOURCE_SENTENCE,Require/import/module boundary; no rewrite content.,6a7df951c212c93cd44f9522a2128bbac2f97c6212765bb6d61d30326317e744
semantics.k:64:bdd3eb0c1e7c,/reference/reference-semantics/semantics.k,imports,64,64,,STRUCTURAL_SOURCE_SENTENCE,Require/import/module boundary; no rewrite content.,bdd3eb0c1e7cd57b39439fe4b6b566cfaa33b796f674c16ff6f57b752736478b
semantics.k:65:b6b71fc553a1,/reference/reference-semantics/semantics.k,imports,65,65,,STRUCTURAL_SOURCE_SENTENCE,Require/import/module boundary; no rewrite content.,b6b71fc553a1963619cbab2a492279a95ca1f81cca764d12f5721cea2ce77cfc
semantics.k:66:1c022ad4e0c9,/reference/reference-semantics/semantics.k,imports,66,66,,STRUCTURAL_SOURCE_SENTENCE,Require/import/module boundary; no rewrite content.,1c022ad4e0c945f696aa1f9d78eb4c3caf78ef9d9b46ae55d6fd081ff4264877
semantics.k:67:783147658ae8,/reference/reference-semantics/semantics.k,imports,67,67,,STRUCTURAL_SOURCE_SENTENCE,Require/import/module boundary; no rewrite content.,783147658ae89d8dfd5db1f7498e1994e2d82a87dc70c399891ee2e62d7aa7b6
semantics.k:68:511c798e04e9,/reference/reference-semantics/semantics.k,imports,68,68,,STRUCTURAL_SOURCE_SENTENCE,Require/import/module boundary; no rewrite content.,511c798e04e96a7ad3e9efe5e06eb4804d66d38f1294d62d46068dc7eafb0373
semantics.k:69:b1d1ddeb005d,/reference/reference-semantics/semantics.k,imports,69,69,,STRUCTURAL_SOURCE_SENTENCE,Require/import/module boundary; no rewrite content.,b1d1ddeb005d397d01d2501033a979d991b52ce94dc5c6fcb2c801237e698309
semantics.k:70:e90331404c5d,/reference/reference-semantics/semantics.k,imports,70,70,,STRUCTURAL_SOURCE_SENTENCE,Require/import/module boundary; no rewrite content.,e90331404c5d72894851d971bc8a38fd62bc826e9a92c5ef502548eaf8bcfade
semantics.k:71:18c619c21645,/reference/reference-semantics/semantics.k,imports,71,71,,STRUCTURAL_SOURCE_SENTENCE,Require/import/module boundary; no rewrite content.,18c619c21645e05e9351296d878b165945130c0d89c08db4c496990eb4ff7b23
semantics.k:72:09fe9e0706ae,/reference/reference-semantics/semantics.k,imports,72,72,,STRUCTURAL_SOURCE_SENTENCE,Require/import/module boundary; no rewrite content.,09fe9e0706aef859710b0c5447f1427e859a1a9e9660b612e310bb91d51ec923
semantics.k:73:47dfd92e317b,/reference/reference-semantics/semantics.k,imports,73,73,,STRUCTURAL_SOURCE_SENTENCE,Require/import/module boundary; no rewrite content.,47dfd92e317bb7c0d2b37ea8704d1ebdf3daf5f2ca37f0555105ffde812c5061
semantics.k:74:62b2a9826516,/reference/reference-semantics/semantics.k,imports,74,74,,STRUCTURAL_SOURCE_SENTENCE,Require/import/module boundary; no rewrite content.,62b2a9826516b040855a34fff2e8ca376316ea03367b0f585eae03c0e4e3403c
semantics.k:75:513b07985ad1,/reference/reference-semantics/semantics.k,imports,75,75,,STRUCTURAL_SOURCE_SENTENCE,Require/import/module boundary; no rewrite content.,513b07985ad1b60ab1fc94f4a08021dd25a5b0aa218c3a975ce281a00395ddfa
semantics.k:76:0c52765c8867,/reference/reference-semantics/semantics.k,imports,76,76,,STRUCTURAL_SOURCE_SENTENCE,Require/import/module boundary; no rewrite content.,0c52765c886770ff4ce0300efb451d4b6ed20eb8ff585ae7e98d2be02377229e
semantics.k:77:051aad84a25d,/reference/reference-semantics/semantics.k,imports,77,77,,STRUCTURAL_SOURCE_SENTENCE,Require/import/module boundary; no rewrite content.,051aad84a25d7e3211653f3f83ada310438179bd83d7fa1228a62de6fb19b10b
semantics.k:78:4f603401acfe,/reference/reference-semantics/semantics.k,imports,78,78,,STRUCTURAL_SOURCE_SENTENCE,Require/import/module boundary; no rewrite content.,4f603401acfe25a81aba55de3528db3e1e8e6328b907ba1d69b5ece08a4ffd89
semantics.k:79:4ff989d72f49,/reference/reference-semantics/semantics.k,imports,79,79,,STRUCTURAL_SOURCE_SENTENCE,Require/import/module boundary; no rewrite content.,4ff989d72f496502ff3ea8f84d27b5be72c05433d0f010e8e836c027a180b83d
semantics.k:80:4c5df27adc71,/reference/reference-semantics/semantics.k,endmodule,80,86,,STRUCTURAL_SOURCE_SENTENCE,Require/import/module boundary; no rewrite content.,4c5df27adc717388cee7175c70de02f160d4f9a8e25c48eb0fc23e1968ad13f4
semantics.k:87:3c507e22c3e1,/reference/reference-semantics/semantics.k,module,87,87,,STRUCTURAL_SOURCE_SENTENCE,Require/import/module boundary; no rewrite content.,3c507e22c3e1c073f40583d7461bc43221d4c807fb1114f39c77aace50585bc9
semantics.k:88:6ae4e1db797b,/reference/reference-semantics/semantics.k,imports,88,88,,STRUCTURAL_SOURCE_SENTENCE,Require/import/module boundary; no rewrite content.,6ae4e1db797b2c5a9b115b591095b3516869431c6682a05468cf9bfec87aac66
semantics.k:89:ed62b27710df,/reference/reference-semantics/semantics.k,imports,89,89,,STRUCTURAL_SOURCE_SENTENCE,Require/import/module boundary; no rewrite content.,ed62b27710dfe37a3cb8fc6a56c6f1bce2c878a39d15675f250c57927c4a2018
semantics.k:90:4c5df27adc71,/reference/reference-semantics/semantics.k,endmodule,90,90,,STRUCTURAL_SOURCE_SENTENCE,Require/import/module boundary; no rewrite content.,4c5df27adc717388cee7175c70de02f160d4f9a8e25c48eb0fc23e1968ad13f4
assert.k:3:c9be78fdc587,/reference/reference-semantics/semantics/assert.k,module,3,3,,STRUCTURAL_SOURCE_SENTENCE,Require/import/module boundary; no rewrite content.,c9be78fdc587dd075a47c08e505694a8890633ae600b52f886a4ff33046c24b6
assert.k:4:4258a966960e,/reference/reference-semantics/semantics/assert.k,imports,4,5,,STRUCTURAL_SOURCE_SENTENCE,Require/import/module boundary; no rewrite content.,4258a966960e81238ac1318ebb92f5cd383bcf94ed5077b6dea55341a4254bfd
assert.k:6:90fd8cb48806,/reference/reference-semantics/semantics/assert.k,rule,6,7,,UNREACHABLE_FIXED_SEMANTICS_SENTENCE,Head/construct is absent from the submitted constructor term or is a concrete-only/other-type alternative. It was inventoried and inspected for overlap; it cannot fire on the target proof path.,90fd8cb48806b565c7efda64556bc1f3741e4c215670728e20119ee4302ac5f5
assert.k:8:dfe24d6909ca,/reference/reference-semantics/semantics/assert.k,rule,8,12,,UNREACHABLE_FIXED_SEMANTICS_SENTENCE,Head/construct is absent from the submitted constructor term or is a concrete-only/other-type alternative. It was inventoried and inspected for overlap; it cannot fire on the target proof path.,dfe24d6909cafaa624ffd02ce638b5285dda809ae92d1bf8f64b9ef11388019b
assert.k:13:94ec1f9b3215,/reference/reference-semantics/semantics/assert.k,rule,13,15,priority(40),UNREACHABLE_FIXED_SEMANTICS_SENTENCE,Head/construct is absent from the submitted constructor term or is a concrete-only/other-type alternative. It was inventoried and inspected for overlap; it cannot fire on the target proof path.,94ec1f9b321539df9f19af2581391cdb32c7dc4d56895d3d9732706d61c6e039
assert.k:16:4c5df27adc71,/reference/reference-semantics/semantics/assert.k,endmodule,16,16,,STRUCTURAL_SOURCE_SENTENCE,Require/import/module boundary; no rewrite content.,4c5df27adc717388cee7175c70de02f160d4f9a8e25c48eb0fc23e1968ad13f4
bool.k:5:d0f4ccd7f134,/reference/reference-semantics/semantics/bool.k,module,5,5,,STRUCTURAL_SOURCE_SENTENCE,Require/import/module boundary; no rewrite content.,d0f4ccd7f134c7e028e54d830d022d5ca267e8266c1692006db410b48d14f7c1
bool.k:6:4258a966960e,/reference/reference-semantics/semantics/bool.k,imports,6,7,,STRUCTURAL_SOURCE_SENTENCE,Require/import/module boundary; no rewrite content.,4258a966960e81238ac1318ebb92f5cd383bcf94ed5077b6dea55341a4254bfd
bool.k:8:f6a9f817afd5,/reference/reference-semantics/semantics/bool.k,rule,8,9,,UNREACHABLE_FIXED_SEMANTICS_SENTENCE,Head/construct is absent from the submitted constructor term or is a concrete-only/other-type alternative. It was inventoried and inspected for overlap; it cannot fire on the target proof path.,f6a9f817afd56c9168797a3f098cd08c12966f18447d1e0f9d1a05f16ae677c4
bool.k:10:27c7ab073847,/reference/reference-semantics/semantics/bool.k,rule,10,10,,UNREACHABLE_FIXED_SEMANTICS_SENTENCE,Head/construct is absent from the submitted constructor term or is a concrete-only/other-type alternative. It was inventoried and inspected for overlap; it cannot fire on the target proof path.,27c7ab07384784839a8a863b3f9933be214b73575a7e3e811e125c3d99a0370a
bool.k:11:f0788e13f0ab,/reference/reference-semantics/semantics/bool.k,rule,11,15,,UNREACHABLE_FIXED_SEMANTICS_SENTENCE,Head/construct is absent from the submitted constructor term or is a concrete-only/other-type alternative. It was inventoried and inspected for overlap; it cannot fire on the target proof path.,f0788e13f0abae37612da8abb60d3691cbb09b5d03a086f76272e5f320394b16
bool.k:16:4bad2e2ff81c,/reference/reference-semantics/semantics/bool.k,context,16,16,,UNREACHABLE_FIXED_SEMANTICS_SENTENCE,Head/construct is absent from the submitted constructor term or is a concrete-only/other-type alternative. It was inventoried and inspected for overlap; it cannot fire on the target proof path.,4bad2e2ff81c39e87091eef691d33bff23a6d7adf29b55aafe2a261e9e7aa33a
bool.k:17:dd652a87b566,/reference/reference-semantics/semantics/bool.k,rule,17,17,,UNREACHABLE_FIXED_SEMANTICS_SENTENCE,Head/construct is absent from the submitted constructor term or is a concrete-only/other-type alternative. It was inventoried and inspected for overlap; it cannot fire on the target proof path.,dd652a87b5666794e2e19a88c80917f8819ce783aae50f826a5d468e4a188544
bool.k:18:c903d941fb73,/reference/reference-semantics/semantics/bool.k,rule,18,19,,UNREACHABLE_FIXED_SEMANTICS_SENTENCE,Head/construct is absent from the submitted constructor term or is a concrete-only/other-type alternative. It was inventoried and inspected for overlap; it cannot fire on the target proof path.,c903d941fb7314ce9a808ef44e64dbb8c65585c74cc3935c843f59b30f0db2cb
bool.k:20:609b42dde8ce,/reference/reference-semantics/semantics/bool.k,rule,20,21,,UNREACHABLE_FIXED_SEMANTICS_SENTENCE,Head/construct is absent from the submitted constructor term or is a concrete-only/other-type alternative. It was inventoried and inspected for overlap; it cannot fire on the target proof path.,609b42dde8cecff47044578c95dfa8dfa3b51a7bc1edc878294ab4d92055e5d3
bool.k:22:66ef890f68fe,/reference/reference-semantics/semantics/bool.k,rule,22,23,,UNREACHABLE_FIXED_SEMANTICS_SENTENCE,Head/construct is absent from the submitted constructor term or is a concrete-only/other-type alternative. It was inventoried and inspected for overlap; it cannot fire on the target proof path.,66ef890f68fe08fb9cafa68cd0f292cad9db3d564aa5d15542c90c9baecd8c27
bool.k:24:e45c8c057789,/reference/reference-semantics/semantics/bool.k,rule,24,28,,UNREACHABLE_FIXED_SEMANTICS_SENTENCE,Head/construct is absent from the submitted constructor term or is a concrete-only/other-type alternative. It was inventoried and inspected for overlap; it cannot fire on the target proof path.,e45c8c057789286197d69af32767cdf68380f59b006ded43e79dd0f3a34d2fa3
bool.k:29:570c438ed2f8,/reference/reference-semantics/semantics/bool.k,rule,29,30,priority(40),UNREACHABLE_FIXED_SEMANTICS_SENTENCE,Head/construct is absent from the submitted constructor term or is a concrete-only/other-type alternative. It was inventoried and inspected for overlap; it cannot fire on the target proof path.,570c438ed2f88db94f853171689a61a4a3efbf6632bd00359e59635b287cdd42
bool.k:31:b20811d55420,/reference/reference-semantics/semantics/bool.k,rule,31,34,priority(40),UNREACHABLE_FIXED_SEMANTICS_SENTENCE,Head/construct is absent from the submitted constructor term or is a concrete-only/other-type alternative. It was inventoried and inspected for overlap; it cannot fire on the target proof path.,b20811d55420feb532235075af2164c6b7e8f9483e24f63346f384cc07354bdb
bool.k:35:1da617ae2897,/reference/reference-semantics/semantics/bool.k,rule,35,38,priority(40),UNREACHABLE_FIXED_SEMANTICS_SENTENCE,Head/construct is absent from the submitted constructor term or is a concrete-only/other-type alternative. It was inventoried and inspected for overlap; it cannot fire on the target proof path.,1da617ae289768882fb6780ddef9c967f8b30389f7e29694fbe4143e85146236
bool.k:39:2eb620e8bf34,/reference/reference-semantics/semantics/bool.k,rule,39,42,priority(40),UNREACHABLE_FIXED_SEMANTICS_SENTENCE,Head/construct is absent from the submitted constructor term or is a concrete-only/other-type alternative. It was inventoried and inspected for overlap; it cannot fire on the target proof path.,2eb620e8bf34c458becc919febceee04cab4f37e1a1ed7956f119a8b1265009e
bool.k:43:86c2967b9fc6,/reference/reference-semantics/semantics/bool.k,rule,43,46,priority(40),UNREACHABLE_FIXED_SEMANTICS_SENTENCE,Head/construct is absent from the submitted constructor term or is a concrete-only/other-type alternative. It was inventoried and inspected for overlap; it cannot fire on the target proof path.,86c2967b9fc68899e77c31f07a35e2359123a4ec12bb59c71db0aed88426d464
bool.k:47:4c5df27adc71,/reference/reference-semantics/semantics/bool.k,endmodule,47,47,,STRUCTURAL_SOURCE_SENTENCE,Require/import/module boundary; no rewrite content.,4c5df27adc717388cee7175c70de02f160d4f9a8e25c48eb0fc23e1968ad13f4
builtins.k:3:714fcf7fc40f,/reference/reference-semantics/semantics/builtins.k,module,3,3,,STRUCTURAL_SOURCE_SENTENCE,Require/import/module boundary; no rewrite content.,714fcf7fc40ffcebec2a866bfc219f118a9bee4b47e2010874ca09a12c64884b
builtins.k:4:4258a966960e,/reference/reference-semantics/semantics/builtins.k,imports,4,4,,STRUCTURAL_SOURCE_SENTENCE,Require/import/module boundary; no rewrite content.,4258a966960e81238ac1318ebb92f5cd383bcf94ed5077b6dea55341a4254bfd
builtins.k:5:1c022ad4e0c9,/reference/reference-semantics/semantics/builtins.k,imports,5,5,,STRUCTURAL_SOURCE_SENTENCE,Require/import/module boundary; no rewrite content.,1c022ad4e0c945f696aa1f9d78eb4c3caf78ef9d9b46ae55d6fd081ff4264877
builtins.k:6:783147658ae8,/reference/reference-semantics/semantics/builtins.k,imports,6,6,,STRUCTURAL_SOURCE_SENTENCE,Require/import/module boundary; no rewrite content.,783147658ae89d8dfd5db1f7498e1994e2d82a87dc70c399891ee2e62d7aa7b6
builtins.k:7:8ad41781e06e,/reference/reference-semantics/semantics/builtins.k,imports,7,7,,STRUCTURAL_SOURCE_SENTENCE,Require/import/module boundary; no rewrite content.,8ad41781e06e91093b117ccd78f6f10180a840cf3b4adaa62547edd340b26acc
builtins.k:8:548212ddc441,/reference/reference-semantics/semantics/builtins.k,imports,8,8,,STRUCTURAL_SOURCE_SENTENCE,Require/import/module boundary; no rewrite content.,548212ddc441d76983863c9d3376f95c8022ee76d1dcf98dbe9e839a912f1323
builtins.k:9:6a7df951c212,/reference/reference-semantics/semantics/builtins.k,imports,9,9,,STRUCTURAL_SOURCE_SENTENCE,Require/import/module boundary; no rewrite content.,6a7df951c212c93cd44f9522a2128bbac2f97c6212765bb6d61d30326317e744
builtins.k:10:09fe9e0706ae,/reference/reference-semantics/semantics/builtins.k,imports,10,16,,STRUCTURAL_SOURCE_SENTENCE,Require/import/module boundary; no rewrite content.,09fe9e0706aef859710b0c5447f1427e859a1a9e9660b612e310bb91d51ec923
builtins.k:17:8eb9b94daf32,/reference/reference-semantics/semantics/builtins.k,syntax,17,19,function,UNREACHABLE_FIXED_SEMANTICS_SENTENCE,Head/construct is absent from the submitted constructor term or is a concrete-only/other-type alternative. It was inventoried and inspected for overlap; it cannot fire on the target proof path.,8eb9b94daf324cbcdff3d902ceb5c8dbcc3d289d7d5094d452546c2cee988dbf
builtins.k:20:f6cf3d1713c1,/reference/reference-semantics/semantics/builtins.k,syntax,20,20,function,UNREACHABLE_FIXED_SEMANTICS_SENTENCE,Head/construct is absent from the submitted constructor term or is a concrete-only/other-type alternative. It was inventoried and inspected for overlap; it cannot fire on the target proof path.,f6cf3d1713c13dac8d22e5399684f39be014bb52fc407729a141920e9ac6961a
builtins.k:21:4c33466e09a7,/reference/reference-semantics/semantics/builtins.k,rule,21,21,,UNREACHABLE_FIXED_SEMANTICS_SENTENCE,Head/construct is absent from the submitted constructor term or is a concrete-only/other-type alternative. It was inventoried and inspected for overlap; it cannot fire on the target proof path.,4c33466e09a76b7760813815674e6ffbb94166ddb7069d042ef42b3ce95e3265
builtins.k:22:0aaba3d3b63a,/reference/reference-semantics/semantics/builtins.k,rule,22,22,,UNREACHABLE_FIXED_SEMANTICS_SENTENCE,Head/construct is absent from the submitted constructor term or is a concrete-only/other-type alternative. It was inventoried and inspected for overlap; it cannot fire on the target proof path.,0aaba3d3b63a12047950734de1d7f6d68d726a77712db94d2c7f79f9ee9d9546
builtins.k:23:f5cd3a9a635b,/reference/reference-semantics/semantics/builtins.k,rule,23,23,,UNREACHABLE_FIXED_SEMANTICS_SENTENCE,Head/construct is absent from the submitted constructor term or is a concrete-only/other-type alternative. It was inventoried and inspected for overlap; it cannot fire on the target proof path.,f5cd3a9a635bc85b291d7c33464d791ed4d02eeec6bc95e77180d1ef1e153748
builtins.k:24:d643ec5ddd39,/reference/reference-semantics/semantics/builtins.k,rule,24,24,,UNREACHABLE_FIXED_SEMANTICS_SENTENCE,Head/construct is absent from the submitted constructor term or is a concrete-only/other-type alternative. It was inventoried and inspected for overlap; it cannot fire on the target proof path.,d643ec5ddd399eb71ffb1b400c91340247b2e06423439b55fc984555dfe96583
builtins.k:25:fe3adc7a7e15,/reference/reference-semantics/semantics/builtins.k,rule,25,25,,UNREACHABLE_FIXED_SEMANTICS_SENTENCE,Head/construct is absent from the submitted constructor term or is a concrete-only/other-type alternative. It was inventoried and inspected for overlap; it cannot fire on the target proof path.,fe3adc7a7e150cfcc668226bda4a9a9ff6fc4b01786d0c6f9d7a62c2dfda0bc1
builtins.k:26:b762a4c2dc2a,/reference/reference-semantics/semantics/builtins.k,rule,26,31,,UNREACHABLE_FIXED_SEMANTICS_SENTENCE,Head/construct is absent from the submitted constructor term or is a concrete-only/other-type alternative. It was inventoried and inspected for overlap; it cannot fire on the target proof path.,b762a4c2dc2a978a5b58cf17653c01ed5b351a867462311dab5fe0f48fffd44c
builtins.k:32:200f6d489286,/reference/reference-semantics/semantics/builtins.k,rule,32,32,,UNREACHABLE_FIXED_SEMANTICS_SENTENCE,Head/construct is absent from the submitted constructor term or is a concrete-only/other-type alternative. It was inventoried and inspected for overlap; it cannot fire on the target proof path.,200f6d489286304114b4e127922e5d267a6472b44933e2526b01f03abf54d849
builtins.k:33:d4c8072f0224,/reference/reference-semantics/semantics/builtins.k,rule,33,33,,UNREACHABLE_FIXED_SEMANTICS_SENTENCE,Head/construct is absent from the submitted constructor term or is a concrete-only/other-type alternative. It was inventoried and inspected for overlap; it cannot fire on the target proof path.,d4c8072f0224b4363a94ae3ac318b3b18ad05c41f2b433fe526f8d020ae141b5
builtins.k:34:0b80f78f2b97,/reference/reference-semantics/semantics/builtins.k,rule,34,34,,UNREACHABLE_FIXED_SEMANTICS_SENTENCE,Head/construct is absent from the submitted constructor term or is a concrete-only/other-type alternative. It was inventoried and inspected for overlap; it cannot fire on the target proof path.,0b80f78f2b97822d5ac436de4244defd9d61c478add9ea00843e45329c8953de
builtins.k:35:8b7fa386647f,/reference/reference-semantics/semantics/builtins.k,rule,35,35,,UNREACHABLE_FIXED_SEMANTICS_SENTENCE,Head/construct is absent from the submitted constructor term or is a concrete-only/other-type alternative. It was inventoried and inspected for overlap; it cannot fire on the target proof path.,8b7fa386647f39a38debea703feca31b12a6d50ea85d8dc708c95c98f1d29cf8
builtins.k:36:01aff6eecdd4,/reference/reference-semantics/semantics/builtins.k,syntax,36,36,function|total,UNREACHABLE_FIXED_SEMANTICS_SENTENCE,Head/construct is absent from the submitted constructor term or is a concrete-only/other-type alternative. It was inventoried and inspected for overlap; it cannot fire on the target proof path.,01aff6eecdd49ca279cb4378e0ba39cf9a5e1da377c6bda52586943e73543839
builtins.k:37:b46c475391e5,/reference/reference-semantics/semantics/builtins.k,rule,37,37,,UNREACHABLE_FIXED_SEMANTICS_SENTENCE,Head/construct is absent from the submitted constructor term or is a concrete-only/other-type alternative. It was inventoried and inspected for overlap; it cannot fire on the target proof path.,b46c475391e590ad418923d8208c753f459b5f2ab076283ed1a0377e31df6588
builtins.k:38:a2c1d74e5b75,/reference/reference-semantics/semantics/builtins.k,rule,38,40,,UNREACHABLE_FIXED_SEMANTICS_SENTENCE,Head/construct is absent from the submitted constructor term or is a concrete-only/other-type alternative. It was inventoried and inspected for overlap; it cannot fire on the target proof path.,a2c1d74e5b751f7bfb3585ac3dc7672108ca19a654a1bae5d8f2511b6574dce6
builtins.k:41:9f9f03920225,/reference/reference-semantics/semantics/builtins.k,rule,41,43,,UNREACHABLE_FIXED_SEMANTICS_SENTENCE,Head/construct is absent from the submitted constructor term or is a concrete-only/other-type alternative. It was inventoried and inspected for overlap; it cannot fire on the target proof path.,9f9f03920225a3d36e948401883e4279fdf90907b29131aea12dec5c1ae84228
builtins.k:44:d43957f0423a,/reference/reference-semantics/semantics/builtins.k,rule,44,46,,UNREACHABLE_FIXED_SEMANTICS_SENTENCE,Head/construct is absent from the submitted constructor term or is a concrete-only/other-type alternative. It was inventoried and inspected for overlap; it cannot fire on the target proof path.,d43957f0423a89cd90b617e2424f1c0c53f903e8a496d7350c11f5dccb463b90
builtins.k:47:8faa5250ed2b,/reference/reference-semantics/semantics/builtins.k,syntax,47,47,,UNREACHABLE_FIXED_SEMANTICS_SENTENCE,Head/construct is absent from the submitted constructor term or is a concrete-only/other-type alternative. It was inventoried and inspected for overlap; it cannot fire on the target proof path.,8faa5250ed2b829b2c57a81708a1e0b4c8fc5683bff408e6fae108fe3ec4e60f
builtins.k:48:cd531bdb9afa,/reference/reference-semantics/semantics/builtins.k,rule,48,48,,UNREACHABLE_FIXED_SEMANTICS_SENTENCE,Head/construct is absent from the submitted constructor term or is a concrete-only/other-type alternative. It was inventoried and inspected for overlap; it cannot fire on the target proof path.,cd531bdb9afa464c73c67f8946bbe64957682a3d5dd078d0bf22a556ccc572e6
builtins.k:49:74ff8e8be842,/reference/reference-semantics/semantics/builtins.k,rule,49,49,,UNREACHABLE_FIXED_SEMANTICS_SENTENCE,Head/construct is absent from the submitted constructor term or is a concrete-only/other-type alternative. It was inventoried and inspected for overlap; it cannot fire on the target proof path.,74ff8e8be84218b889ef85b902de5efaea860b572c8a5da8306df05a1b3c4947
builtins.k:50:1ea66d1c87c6,/reference/reference-semantics/semantics/builtins.k,rule,50,53,,UNREACHABLE_FIXED_SEMANTICS_SENTENCE,Head/construct is absent from the submitted constructor term or is a concrete-only/other-type alternative. It was inventoried and inspected for overlap; it cannot fire on the target proof path.,1ea66d1c87c6d6c2367b5978e8c39eabd2c37f53f7517b4ff6a7dd95934f21a0
builtins.k:54:0355f95a50a6,/reference/reference-semantics/semantics/builtins.k,syntax,54,54,function,UNREACHABLE_FIXED_SEMANTICS_SENTENCE,Head/construct is absent from the submitted constructor term or is a concrete-only/other-type alternative. It was inventoried and inspected for overlap; it cannot fire on the target proof path.,0355f95a50a6608682b1c8b9e304799a37a3ed6f4f6f81f8cc0d968f5ff678a4
builtins.k:55:619051750e3b,/reference/reference-semantics/semantics/builtins.k,rule,55,55,,UNREACHABLE_FIXED_SEMANTICS_SENTENCE,Head/construct is absent from the submitted constructor term or is a concrete-only/other-type alternative. It was inventoried and inspected for overlap; it cannot fire on the target proof path.,619051750e3b8e9f67feace8a633ecf86a9daf0eac32615563f871a0069e9e1c
builtins.k:56:39b97d83aa9d,/reference/reference-semantics/semantics/builtins.k,rule,56,58,,UNREACHABLE_FIXED_SEMANTICS_SENTENCE,Head/construct is absent from the submitted constructor term or is a concrete-only/other-type alternative. It was inventoried and inspected for overlap; it cannot fire on the target proof path.,39b97d83aa9d3c94c8143b6537ebc15c6c0513d4fa61118dbea15c2129e10bd2
builtins.k:59:ed695fa0c4db,/reference/reference-semantics/semantics/builtins.k,syntax,59,59,,UNREACHABLE_FIXED_SEMANTICS_SENTENCE,Head/construct is absent from the submitted constructor term or is a concrete-only/other-type alternative. It was inventoried and inspected for overlap; it cannot fire on the target proof path.,ed695fa0c4dbae8a1436b754495b020fb468e206c2b6448c21a61316bf0da571
builtins.k:60:e7fc3b9b3a84,/reference/reference-semantics/semantics/builtins.k,rule,60,60,,UNREACHABLE_FIXED_SEMANTICS_SENTENCE,Head/construct is absent from the submitted constructor term or is a concrete-only/other-type alternative. It was inventoried and inspected for overlap; it cannot fire on the target proof path.,e7fc3b9b3a8439566a4974be9e36608e65f380fca9cc34bcc9c6b41e522e9c16
builtins.k:61:b74e515d3e67,/reference/reference-semantics/semantics/builtins.k,rule,61,61,,UNREACHABLE_FIXED_SEMANTICS_SENTENCE,Head/construct is absent from the submitted constructor term or is a concrete-only/other-type alternative. It was inventoried and inspected for overlap; it cannot fire on the target proof path.,b74e515d3e67d8a52e1d0a061bb0432a2bf1de1b43995cc280a0ee2003d49c36
builtins.k:62:beb3eb90ee0f,/reference/reference-semantics/semantics/builtins.k,rule,62,63,,UNREACHABLE_FIXED_SEMANTICS_SENTENCE,Head/construct is absent from the submitted constructor term or is a concrete-only/other-type alternative. It was inventoried and inspected for overlap; it cannot fire on the target proof path.,beb3eb90ee0ff2e9d13f424eb92b4dc8263fba7700c6690beba2d2aafb4299ad
builtins.k:64:942b3c5ca939,/reference/reference-semantics/semantics/builtins.k,rule,64,66,,UNREACHABLE_FIXED_SEMANTICS_SENTENCE,Head/construct is absent from the submitted constructor term or is a concrete-only/other-type alternative. It was inventoried and inspected for overlap; it cannot fire on the target proof path.,942b3c5ca9399a49d2fbd6ab4fa1a405dd4a7cf4516ff56af02970e4f30aa9a1
builtins.k:67:fbd45cd7894a,/reference/reference-semantics/semantics/builtins.k,syntax,67,67,,UNREACHABLE_FIXED_SEMANTICS_SENTENCE,Head/construct is absent from the submitted constructor term or is a concrete-only/other-type alternative. It was inventoried and inspected for overlap; it cannot fire on the target proof path.,fbd45cd7894ab0316f890fc61b1b5354b41eabbba062394cbcbf820f53d00eb0
builtins.k:68:ca3f3bc3212a,/reference/reference-semantics/semantics/builtins.k,rule,68,68,,UNREACHABLE_FIXED_SEMANTICS_SENTENCE,Head/construct is absent from the submitted constructor term or is a concrete-only/other-type alternative. It was inventoried and inspected for overlap; it cannot fire on the target proof path.,ca3f3bc3212a4bde9db710ca67b9ff4f7372092a568008c9e263f36654c478be
builtins.k:69:c0ee3d29de0f,/reference/reference-semantics/semantics/builtins.k,rule,69,69,,UNREACHABLE_FIXED_SEMANTICS_SENTENCE,Head/construct is absent from the submitted constructor term or is a concrete-only/other-type alternative. It was inventoried and inspected for overlap; it cannot fire on the target proof path.,c0ee3d29de0f584789682596e1516d301ee7f3cd73ca05694f3f10b3a978063a
builtins.k:70:6d518d4a9ce7,/reference/reference-semantics/semantics/builtins.k,rule,70,71,,UNREACHABLE_FIXED_SEMANTICS_SENTENCE,Head/construct is absent from the submitted constructor term or is a concrete-only/other-type alternative. It was inventoried and inspected for overlap; it cannot fire on the target proof path.,6d518d4a9ce768d209c77a938fe801e5d4cb6a5bf65b95ed6c13bd7ec71209b5
builtins.k:72:bad6f62e1278,/reference/reference-semantics/semantics/builtins.k,rule,72,75,,UNREACHABLE_FIXED_SEMANTICS_SENTENCE,Head/construct is absent from the submitted constructor term or is a concrete-only/other-type alternative. It was inventoried and inspected for overlap; it cannot fire on the target proof path.,bad6f62e127821f6a2817452066c9e25d7e239ffd6aca6ee789c523fd7fab761
builtins.k:76:e3461106d962,/reference/reference-semantics/semantics/builtins.k,syntax,76,76,,UNREACHABLE_FIXED_SEMANTICS_SENTENCE,Head/construct is absent from the submitted constructor term or is a concrete-only/other-type alternative. It was inventoried and inspected for overlap; it cannot fire on the target proof path.,e3461106d962a1af387b25dc9d0efaf45f25429c84e747320080d55a256fe3c6
builtins.k:77:59848da8989b,/reference/reference-semantics/semantics/builtins.k,rule,77,77,,UNREACHABLE_FIXED_SEMANTICS_SENTENCE,Head/construct is absent from the submitted constructor term or is a concrete-only/other-type alternative. It was inventoried and inspected for overlap; it cannot fire on the target proof path.,59848da8989bf29361886195ec4d734aee2bb375e15be945b163e8bebe9dc86b
builtins.k:78:ea3939e11fae,/reference/reference-semantics/semantics/builtins.k,rule,78,79,,UNREACHABLE_FIXED_SEMANTICS_SENTENCE,Head/construct is absent from the submitted constructor term or is a concrete-only/other-type alternative. It was inventoried and inspected for overlap; it cannot fire on the target proof path.,ea3939e11faecfbdaf2e2a14e81ed6135343d312f3de159e633f02b0fad02cd1
builtins.k:80:66b9fabf71fa,/reference/reference-semantics/semantics/builtins.k,rule,80,80,,UNREACHABLE_FIXED_SEMANTICS_SENTENCE,Head/construct is absent from the submitted constructor term or is a concrete-only/other-type alternative. It was inventoried and inspected for overlap; it cannot fire on the target proof path.,66b9fabf71fa1c3cb5935e7c758b7835d42c078229bef95a9d00258c2be25942
builtins.k:81:45675f8137ef,/reference/reference-semantics/semantics/builtins.k,rule,81,81,,UNREACHABLE_FIXED_SEMANTICS_SENTENCE,Head/construct is absent from the submitted constructor term or is a concrete-only/other-type alternative. It was inventoried and inspected for overlap; it cannot fire on the target proof path.,45675f8137ef759c03793ddbc5f29ba0c26e9b63dbb20548eff076acbe7f1e57
builtins.k:82:fee6fab3ed0c,/reference/reference-semantics/semantics/builtins.k,rule,82,85,,UNREACHABLE_FIXED_SEMANTICS_SENTENCE,Head/construct is absent from the submitted constructor term or is a concrete-only/other-type alternative. It was inventoried and inspected for overlap; it cannot fire on the target proof path.,fee6fab3ed0c3bb5c60e6322b9837a3f13ea7f3cf846ea670e1197e10b84ddf1
builtins.k:86:612c7bdfd2d3,/reference/reference-semantics/semantics/builtins.k,syntax,86,86,,UNREACHABLE_FIXED_SEMANTICS_SENTENCE,Head/construct is absent from the submitted constructor term or is a concrete-only/other-type alternative. It was inventoried and inspected for overlap; it cannot fire on the target proof path.,612c7bdfd2d38320c9120a5ad0911e5880488eb2a92ab68e87ac7a0a9bdcc60d
builtins.k:87:eb6389d2a176,/reference/reference-semantics/semantics/builtins.k,rule,87,87,,UNREACHABLE_FIXED_SEMANTICS_SENTENCE,Head/construct is absent from the submitted constructor term or is a concrete-only/other-type alternative. It was inventoried and inspected for overlap; it cannot fire on the target proof path.,eb6389d2a176f8e9c2eb65f49175e5c400253651be9a571add590da6ce3ba770
builtins.k:88:626486127c45,/reference/reference-semantics/semantics/builtins.k,rule,88,89,,UNREACHABLE_FIXED_SEMANTICS_SENTENCE,Head/construct is absent from the submitted constructor term or is a concrete-only/other-type alternative. It was inventoried and inspected for overlap; it cannot fire on the target proof path.,626486127c454c5cc6f3c1fdbae17950f6a96239e28e9d72fdd6322a77112532
builtins.k:90:20c0d7b936a1,/reference/reference-semantics/semantics/builtins.k,rule,90,90,,UNREACHABLE_FIXED_SEMANTICS_SENTENCE,Head/construct is absent from the submitted constructor term or is a concrete-only/other-type alternative. It was inventoried and inspected for overlap; it cannot fire on the target proof path.,20c0d7b936a1ae717e1b498c544d3e56d529de8b54a671c87468ea52c0180f02
builtins.k:91:3f472924a83d,/reference/reference-semantics/semantics/builtins.k,rule,91,91,,UNREACHABLE_FIXED_SEMANTICS_SENTENCE,Head/construct is absent from the submitted constructor term or is a concrete-only/other-type alternative. It was inventoried and inspected for overlap; it cannot fire on the target proof path.,3f472924a83dcd925a34d32704d5cb43591b3115643998243b00b590ffd0789e
builtins.k:92:bc45b19ab65f,/reference/reference-semantics/semantics/builtins.k,rule,92,96,,UNREACHABLE_FIXED_SEMANTICS_SENTENCE,Head/construct is absent from the submitted constructor term or is a concrete-only/other-type alternative. It was inventoried and inspected for overlap; it cannot fire on the target proof path.,bc45b19ab65f68a5462d0a1d6a08ebdfe81fe39a215be0fc1f953d0fa64c0f59
builtins.k:97:4282c4747876,/reference/reference-semantics/semantics/builtins.k,syntax,97,97,function,UNREACHABLE_FIXED_SEMANTICS_SENTENCE,Head/construct is absent from the submitted constructor term or is a concrete-only/other-type alternative. It was inventoried and inspected for overlap; it cannot fire on the target proof path.,4282c4747876bd11b0e0b06b2e4a8b6d9a709d9fb7d61a124e4e6e221a9cf49a
builtins.k:98:16f482b70cca,/reference/reference-semantics/semantics/builtins.k,rule,98,98,,UNREACHABLE_FIXED_SEMANTICS_SENTENCE,Head/construct is absent from the submitted constructor term or is a concrete-only/other-type alternative. It was inventoried and inspected for overlap; it cannot fire on the target proof path.,16f482b70cca4e393239fcfc21ef383ea47184220924e70160efcc4f10351c27
builtins.k:99:d3dcf3e3dfc1,/reference/reference-semantics/semantics/builtins.k,rule,99,99,,UNREACHABLE_FIXED_SEMANTICS_SENTENCE,Head/construct is absent from the submitted constructor term or is a concrete-only/other-type alternative. It was inventoried and inspected for overlap; it cannot fire on the target proof path.,d3dcf3e3dfc110b7a7e46a508da6b501013718660c4909102ecb99372daeeb5e
builtins.k:100:f1bf63869c2f,/reference/reference-semantics/semantics/builtins.k,rule,100,101,,UNREACHABLE_FIXED_SEMANTICS_SENTENCE,Head/construct is absent from the submitted constructor term or is a concrete-only/other-type alternative. It was inventoried and inspected for overlap; it cannot fire on the target proof path.,f1bf63869c2f8c3b4f48e5d002007a959d31bd3f9c39589cedd372e8e8c2c1fd
builtins.k:102:8b1e9d6e3b83,/reference/reference-semantics/semantics/builtins.k,syntax,102,102,function,UNREACHABLE_FIXED_SEMANTICS_SENTENCE,Head/construct is absent from the submitted constructor term or is a concrete-only/other-type alternative. It was inventoried and inspected for overlap; it cannot fire on the target proof path.,8b1e9d6e3b83d5fbb06102823efcc1bd5eceebe50248a0519155605df3d8928e
builtins.k:103:92b52ecacf4f,/reference/reference-semantics/semantics/builtins.k,rule,103,103,,UNREACHABLE_FIXED_SEMANTICS_SENTENCE,Head/construct is absent from the submitted constructor term or is a concrete-only/other-type alternative. It was inventoried and inspected for overlap; it cannot fire on the target proof path.,92b52ecacf4f7bcc94c1774bbf2f8c46491933333083bff18d1fba94099a53f7
builtins.k:104:a772c1fa6c19,/reference/reference-semantics/semantics/builtins.k,rule,104,104,,UNREACHABLE_FIXED_SEMANTICS_SENTENCE,Head/construct is absent from the submitted constructor term or is a concrete-only/other-type alternative. It was inventoried and inspected for overlap; it cannot fire on the target proof path.,a772c1fa6c19d7e20de4bfb312290a4fec8361e25da92cf256eec367e779d438
builtins.k:105:e2ec20f0d229,/reference/reference-semantics/semantics/builtins.k,rule,105,107,,UNREACHABLE_FIXED_SEMANTICS_SENTENCE,Head/construct is absent from the submitted constructor term or is a concrete-only/other-type alternative. It was inventoried and inspected for overlap; it cannot fire on the target proof path.,e2ec20f0d229a3fd46d735b18b8a0ee08220b23884f0342f4ab1e7bad1f47fd4
builtins.k:108:f074a4057f89,/reference/reference-semantics/semantics/builtins.k,rule,108,110,,UNREACHABLE_FIXED_SEMANTICS_SENTENCE,Head/construct is absent from the submitted constructor term or is a concrete-only/other-type alternative. It was inventoried and inspected for overlap; it cannot fire on the target proof path.,f074a4057f894d07bdb18c671e40b98ce268cb5f06e178b8b1df0a5ce94d78b1
builtins.k:111:edb0bd1ec983,/reference/reference-semantics/semantics/builtins.k,rule,111,113,,UNREACHABLE_FIXED_SEMANTICS_SENTENCE,Head/construct is absent from the submitted constructor term or is a concrete-only/other-type alternative. It was inventoried and inspected for overlap; it cannot fire on the target proof path.,edb0bd1ec983404de3c2e8d866c12554270e0f9fc01dbc7307d5ba0ff1510fb4
builtins.k:114:c616aba4766f,/reference/reference-semantics/semantics/builtins.k,syntax,114,114,function|total,UNREACHABLE_FIXED_SEMANTICS_SENTENCE,Head/construct is absent from the submitted constructor term or is a concrete-only/other-type alternative. It was inventoried and inspected for overlap; it cannot fire on the target proof path.,c616aba4766ff2aaf0704be23847369aa1831eaf4276066d724101d505f66734
builtins.k:115:4e15dfee6cc6,/reference/reference-semantics/semantics/builtins.k,rule,115,115,,UNREACHABLE_FIXED_SEMANTICS_SENTENCE,Head/construct is absent from the submitted constructor term or is a concrete-only/other-type alternative. It was inventoried and inspected for overlap; it cannot fire on the target proof path.,4e15dfee6cc651ddde7fae203da6c1cac63f9526f0a298a0e12298cece607136
builtins.k:116:7e1227c3ef64,/reference/reference-semantics/semantics/builtins.k,rule,116,116,,UNREACHABLE_FIXED_SEMANTICS_SENTENCE,Head/construct is absent from the submitted constructor term or is a concrete-only/other-type alternative. It was inventoried and inspected for overlap; it cannot fire on the target proof path.,7e1227c3ef64530774984a9128b2c12c553bcb563b0a0b83bc5b6e1c346beaa4
builtins.k:117:939453dbc7b8,/reference/reference-semantics/semantics/builtins.k,syntax,117,117,function|total,UNREACHABLE_FIXED_SEMANTICS_SENTENCE,Head/construct is absent from the submitted constructor term or is a concrete-only/other-type alternative. It was inventoried and inspected for overlap; it cannot fire on the target proof path.,939453dbc7b8105a40a22f0da3eb1cc17b459109ddb7ba032b38664edc20227c
builtins.k:118:7503c649eb67,/reference/reference-semantics/semantics/builtins.k,rule,118,118,,UNREACHABLE_FIXED_SEMANTICS_SENTENCE,Head/construct is absent from the submitted constructor term or is a concrete-only/other-type alternative. It was inventoried and inspected for overlap; it cannot fire on the target proof path.,7503c649eb67d40e57fdd7614dcfa3de4a3e4715eee89ab6ca8ce6dea1dc7de8
builtins.k:119:efeb5c897e84,/reference/reference-semantics/semantics/builtins.k,rule,119,123,,UNREACHABLE_FIXED_SEMANTICS_SENTENCE,Head/construct is absent from the submitted constructor term or is a concrete-only/other-type alternative. It was inventoried and inspected for overlap; it cannot fire on the target proof path.,efeb5c897e8487629a79c256d49983335a83473cf175b0045c4f216205457e64
builtins.k:124:e69569e78ca6,/reference/reference-semantics/semantics/builtins.k,rule,124,125,,UNREACHABLE_FIXED_SEMANTICS_SENTENCE,Head/construct is absent from the submitted constructor term or is a concrete-only/other-type alternative. It was inventoried and inspected for overlap; it cannot fire on the target proof path.,e69569e78ca6c9783320125b87ca20dec101ecd113e50d4ddf36a1172c8a3f10
builtins.k:126:aeb5f1496dff,/reference/reference-semantics/semantics/builtins.k,syntax,126,126,function|total,UNREACHABLE_FIXED_SEMANTICS_SENTENCE,Head/construct is absent from the submitted constructor term or is a concrete-only/other-type alternative. It was inventoried and inspected for overlap; it cannot fire on the target proof path.,aeb5f1496dff1950ec1446b3259063e01a84eb972208b260c0d6f09ce9506bf5
builtins.k:127:4833a908272d,/reference/reference-semantics/semantics/builtins.k,rule,127,127,,UNREACHABLE_FIXED_SEMANTICS_SENTENCE,Head/construct is absent from the submitted constructor term or is a concrete-only/other-type alternative. It was inventoried and inspected for overlap; it cannot fire on the target proof path.,4833a908272d7c487063f0cfa562afde5a3451844e05cf3fe38d54ed348f1bc0
builtins.k:128:0cee6f217128,/reference/reference-semantics/semantics/builtins.k,rule,128,131,,UNREACHABLE_FIXED_SEMANTICS_SENTENCE,Head/construct is absent from the submitted constructor term or is a concrete-only/other-type alternative. It was inventoried and inspected for overlap; it cannot fire on the target proof path.,0cee6f21712826f9e30bfcc68d6c885e40d14b9045c3a333a1e57bbf2c9e9bf8
builtins.k:132:67a2cd9a5933,/reference/reference-semantics/semantics/builtins.k,rule,132,133,,UNREACHABLE_FIXED_SEMANTICS_SENTENCE,Head/construct is absent from the submitted constructor term or is a concrete-only/other-type alternative. It was inventoried and inspected for overlap; it cannot fire on the target proof path.,67a2cd9a593398acdc821b86ca3300583dcd23fa6ba78888d4175a6e18b99b8e
builtins.k:134:0513f86f41d9,/reference/reference-semantics/semantics/builtins.k,syntax,134,134,function|total,UNREACHABLE_FIXED_SEMANTICS_SENTENCE,Head/construct is absent from the submitted constructor term or is a concrete-only/other-type alternative. It was inventoried and inspected for overlap; it cannot fire on the target proof path.,0513f86f41d97840aa4c9001828f9522be7fdfe0d34a81d66b1c7cb69dd19429
builtins.k:135:289c1f881385,/reference/reference-semantics/semantics/builtins.k,rule,135,135,,UNREACHABLE_FIXED_SEMANTICS_SENTENCE,Head/construct is absent from the submitted constructor term or is a concrete-only/other-type alternative. It was inventoried and inspected for overlap; it cannot fire on the target proof path.,289c1f88138532f4849f1759636f258f7a27e847636d3570f4d47118be315292
builtins.k:136:74f471f298ee,/reference/reference-semantics/semantics/builtins.k,rule,136,136,,UNREACHABLE_FIXED_SEMANTICS_SENTENCE,Head/construct is absent from the submitted constructor term or is a concrete-only/other-type alternative. It was inventoried and inspected for overlap; it cannot fire on the target proof path.,74f471f298eebc641fbb40d2d7b15dd6178b5ded64b3cfb82bf8ed4d84d78288
builtins.k:137:8b0d47ce433f,/reference/reference-semantics/semantics/builtins.k,rule,137,139,,UNREACHABLE_FIXED_SEMANTICS_SENTENCE,Head/construct is absent from the submitted constructor term or is a concrete-only/other-type alternative. It was inventoried and inspected for overlap; it cannot fire on the target proof path.,8b0d47ce433fea65abfc5080685dec76b40765ae0f0836606a6466a8f4b6d110
builtins.k:140:b502e27ccb7e,/reference/reference-semantics/semantics/builtins.k,rule,140,142,,UNREACHABLE_FIXED_SEMANTICS_SENTENCE,Head/construct is absent from the submitted constructor term or is a concrete-only/other-type alternative. It was inventoried and inspected for overlap; it cannot fire on the target proof path.,b502e27ccb7e70d3d0a2e09783f066f4a4199bdc131eaa6db5282f73de7bcf42
builtins.k:143:c4bb6edca951,/reference/reference-semantics/semantics/builtins.k,rule,143,143,,UNREACHABLE_FIXED_SEMANTICS_SENTENCE,Head/construct is absent from the submitted constructor term or is a concrete-only/other-type alternative. It was inventoried and inspected for overlap; it cannot fire on the target proof path.,c4bb6edca9516337358f2cb7225d3ce0895ec4e19972031b438ad7517dc71f51
builtins.k:144:565ee223fc87,/reference/reference-semantics/semantics/builtins.k,rule,144,147,,UNREACHABLE_FIXED_SEMANTICS_SENTENCE,Head/construct is absent from the submitted constructor term or is a concrete-only/other-type alternative. It was inventoried and inspected for overlap; it cannot fire on the target proof path.,565ee223fc875740d05f14540260374c2a614be686b7723f6000af374557021c
builtins.k:148:514da827df95,/reference/reference-semantics/semantics/builtins.k,rule,148,148,,UNREACHABLE_FIXED_SEMANTICS_SENTENCE,Head/construct is absent from the submitted constructor term or is a concrete-only/other-type alternative. It was inventoried and inspected for overlap; it cannot fire on the target proof path.,514da827df957adc87a8c30d89c93d9a906eed57147f164b61a8a54c2c49c17f
builtins.k:149:948b6cbe0695,/reference/reference-semantics/semantics/builtins.k,rule,149,151,,UNREACHABLE_FIXED_SEMANTICS_SENTENCE,Head/construct is absent from the submitted constructor term or is a concrete-only/other-type alternative. It was inventoried and inspected for overlap; it cannot fire on the target proof path.,948b6cbe0695cfe94b8a31e2a58d02aa03c8a62802c57ab38a3e80df3efb72a6
builtins.k:152:408dbad09118,/reference/reference-semantics/semantics/builtins.k,rule,152,155,,UNREACHABLE_FIXED_SEMANTICS_SENTENCE,Head/construct is absent from the submitted constructor term or is a concrete-only/other-type alternative. It was inventoried and inspected for overlap; it cannot fire on the target proof path.,408dbad09118e5726d1ddcda09a1e1db36af28cf1ac81ba6dd6dda73cf3e123d
builtins.k:156:4c392478d60e,/reference/reference-semantics/semantics/builtins.k,rule,156,157,,UNREACHABLE_FIXED_SEMANTICS_SENTENCE,Head/construct is absent from the submitted constructor term or is a concrete-only/other-type alternative. It was inventoried and inspected for overlap; it cannot fire on the target proof path.,4c392478d60ededfeaea2f2717127374ee4de6f5a2cee983a551b6a261a62936
builtins.k:158:5400597dd0d2,/reference/reference-semantics/semantics/builtins.k,syntax,158,158,function|total,UNREACHABLE_FIXED_SEMANTICS_SENTENCE,Head/construct is absent from the submitted constructor term or is a concrete-only/other-type alternative. It was inventoried and inspected for overlap; it cannot fire on the target proof path.,5400597dd0d27beb9fb8b90889ee5e284a9ef3f9ae1719cc1cdcf297cc5222df
builtins.k:159:cef2f51a1185,/reference/reference-semantics/semantics/builtins.k,rule,159,159,,UNREACHABLE_FIXED_SEMANTICS_SENTENCE,Head/construct is absent from the submitted constructor term or is a concrete-only/other-type alternative. It was inventoried and inspected for overlap; it cannot fire on the target proof path.,cef2f51a1185af0e38fce7f93e28a99eb22f0be9c4ef005088f534a14a65a1f0
builtins.k:160:dedabaa457bf,/reference/reference-semantics/semantics/builtins.k,rule,160,162,,UNREACHABLE_FIXED_SEMANTICS_SENTENCE,Head/construct is absent from the submitted constructor term or is a concrete-only/other-type alternative. It was inventoried and inspected for overlap; it cannot fire on the target proof path.,dedabaa457bf359116f8d27bebf165da20b17a1e3b75c9c15f8a16c2d3d6c967
builtins.k:163:d3b8ae0c04fe,/reference/reference-semantics/semantics/builtins.k,rule,163,163,,UNREACHABLE_FIXED_SEMANTICS_SENTENCE,Head/construct is absent from the submitted constructor term or is a concrete-only/other-type alternative. It was inventoried and inspected for overlap; it cannot fire on the target proof path.,d3b8ae0c04fe1c9c52482cb2873d5b12f4fc0b6fc09c01fe1cf2ebea8995dfca
builtins.k:164:2cbf6b6b0ab8,/reference/reference-semantics/semantics/builtins.k,rule,164,166,,UNREACHABLE_FIXED_SEMANTICS_SENTENCE,Head/construct is absent from the submitted constructor term or is a concrete-only/other-type alternative. It was inventoried and inspected for overlap; it cannot fire on the target proof path.,2cbf6b6b0ab8eb00f2d03dd679d47dc208a10254ede7888e949ba68bc0f2647d
builtins.k:167:8cb29bfb4210,/reference/reference-semantics/semantics/builtins.k,rule,167,168,,UNREACHABLE_FIXED_SEMANTICS_SENTENCE,Head/construct is absent from the submitted constructor term or is a concrete-only/other-type alternative. It was inventoried and inspected for overlap; it cannot fire on the target proof path.,8cb29bfb42109534d81a22b5819beef8ed9a62984dad98ebe78256c04f9a4b56
builtins.k:169:d3f91e2ffaf3,/reference/reference-semantics/semantics/builtins.k,rule,169,169,,UNREACHABLE_FIXED_SEMANTICS_SENTENCE,Head/construct is absent from the submitted constructor term or is a concrete-only/other-type alternative. It was inventoried and inspected for overlap; it cannot fire on the target proof path.,d3f91e2ffaf39ce4f03a5e18eb107ed02f5379adc28549af9402f06bfd0d7405
builtins.k:170:84cabfd28956,/reference/reference-semantics/semantics/builtins.k,rule,170,170,,UNREACHABLE_FIXED_SEMANTICS_SENTENCE,Head/construct is absent from the submitted constructor term or is a concrete-only/other-type alternative. It was inventoried and inspected for overlap; it cannot fire on the target proof path.,84cabfd28956dc3a489c060c4e01deda2dd393855e02d4eae64649ac5a7a0885
builtins.k:171:b15b1c71a43b,/reference/reference-semantics/semantics/builtins.k,rule,171,172,,UNREACHABLE_FIXED_SEMANTICS_SENTENCE,Head/construct is absent from the submitted constructor term or is a concrete-only/other-type alternative. It was inventoried and inspected for overlap; it cannot fire on the target proof path.,b15b1c71a43b0ecd1a5f031d0b9b6159b355c026147d91a86c62a681c739b4a3
builtins.k:173:33a124c306f4,/reference/reference-semantics/semantics/builtins.k,rule,173,173,,UNREACHABLE_FIXED_SEMANTICS_SENTENCE,Head/construct is absent from the submitted constructor term or is a concrete-only/other-type alternative. It was inventoried and inspected for overlap; it cannot fire on the target proof path.,33a124c306f4818a23bfa8b93078f972ca5fe71009360eb7b42d6c31f47a686f
builtins.k:174:2c19868ffadb,/reference/reference-semantics/semantics/builtins.k,rule,174,176,,UNREACHABLE_FIXED_SEMANTICS_SENTENCE,Head/construct is absent from the submitted constructor term or is a concrete-only/other-type alternative. It was inventoried and inspected for overlap; it cannot fire on the target proof path.,2c19868ffadb8b3b6cf83f9bbbddd427e3f3c07e9eda8f4824232ce673f783b1
builtins.k:177:d63eee230cc9,/reference/reference-semantics/semantics/builtins.k,rule,177,177,,UNREACHABLE_FIXED_SEMANTICS_SENTENCE,Head/construct is absent from the submitted constructor term or is a concrete-only/other-type alternative. It was inventoried and inspected for overlap; it cannot fire on the target proof path.,d63eee230cc9124e2b956cf84c0efc0ef84ef3867b12f9b9df52b748d85d91d9
builtins.k:178:b65792b63b52,/reference/reference-semantics/semantics/builtins.k,rule,178,178,,UNREACHABLE_FIXED_SEMANTICS_SENTENCE,Head/construct is absent from the submitted constructor term or is a concrete-only/other-type alternative. It was inventoried and inspected for overlap; it cannot fire on the target proof path.,b65792b63b52a804483b77517d47b25ef8655aae8d19555474c96a58fbf9ace9
builtins.k:179:1a090f192c71,/reference/reference-semantics/semantics/builtins.k,rule,179,186,,UNREACHABLE_FIXED_SEMANTICS_SENTENCE,Head/construct is absent from the submitted constructor term or is a concrete-only/other-type alternative. It was inventoried and inspected for overlap; it cannot fire on the target proof path.,1a090f192c71906ae8a53a9a17b6af7dd7a7847ec0531efe995d8b63f1fe202d
builtins.k:187:3115789003f5,/reference/reference-semantics/semantics/builtins.k,rule,187,187,,UNREACHABLE_FIXED_SEMANTICS_SENTENCE,Head/construct is absent from the submitted constructor term or is a concrete-only/other-type alternative. It was inventoried and inspected for overlap; it cannot fire on the target proof path.,3115789003f5fd3304efbfa147941564256ce839d48ae9c7ec4ab0817276c8a7
builtins.k:188:ac5c7747453b,/reference/reference-semantics/semantics/builtins.k,syntax,188,188,function,UNREACHABLE_FIXED_SEMANTICS_SENTENCE,Head/construct is absent from the submitted constructor term or is a concrete-only/other-type alternative. It was inventoried and inspected for overlap; it cannot fire on the target proof path.,ac5c7747453bcef9f306787c450027d49b33b7ccc8424f568c0a59340f7be95b
builtins.k:189:05258192fa0b,/reference/reference-semantics/semantics/builtins.k,rule,189,191,,UNREACHABLE_FIXED_SEMANTICS_SENTENCE,Head/construct is absent from the submitted constructor term or is a concrete-only/other-type alternative. It was inventoried and inspected for overlap; it cannot fire on the target proof path.,05258192fa0b32d9593bf71dc22e3c593e89bc6fdaa642ed42a7771ac6d9e9d4
builtins.k:192:82f289aff157,/reference/reference-semantics/semantics/builtins.k,syntax,192,193,,UNREACHABLE_FIXED_SEMANTICS_SENTENCE,Head/construct is absent from the submitted constructor term or is a concrete-only/other-type alternative. It was inventoried and inspected for overlap; it cannot fire on the target proof path.,82f289aff1572a4406a04b267222ab0133343ece15b934ac425fb05cc70ffb83
builtins.k:194:b174a010e1cc,/reference/reference-semantics/semantics/builtins.k,syntax,194,194,function|total,UNREACHABLE_FIXED_SEMANTICS_SENTENCE,Head/construct is absent from the submitted constructor term or is a concrete-only/other-type alternative. It was inventoried and inspected for overlap; it cannot fire on the target proof path.,b174a010e1cc48fc9c87f146d63c9f0b5fe2cc39edccb9bccec656443882ed7e
builtins.k:195:3e38e9b3918a,/reference/reference-semantics/semantics/builtins.k,rule,195,195,,UNREACHABLE_FIXED_SEMANTICS_SENTENCE,Head/construct is absent from the submitted constructor term or is a concrete-only/other-type alternative. It was inventoried and inspected for overlap; it cannot fire on the target proof path.,3e38e9b3918ab5f217a28ee11803a976860adc4a4a43d7e5f0a8dbe20d6f746d
builtins.k:196:7322fabc33c9,/reference/reference-semantics/semantics/builtins.k,syntax,196,196,function|total,UNREACHABLE_FIXED_SEMANTICS_SENTENCE,Head/construct is absent from the submitted constructor term or is a concrete-only/other-type alternative. It was inventoried and inspected for overlap; it cannot fire on the target proof path.,7322fabc33c94db411ece339632320083ba49717b78a26188e9cc33fd0ba692a
builtins.k:197:8943c2a4d630,/reference/reference-semantics/semantics/builtins.k,rule,197,197,,UNREACHABLE_FIXED_SEMANTICS_SENTENCE,Head/construct is absent from the submitted constructor term or is a concrete-only/other-type alternative. It was inventoried and inspected for overlap; it cannot fire on the target proof path.,8943c2a4d63090268d6e9b4908ea537fadc1b77bb23ba953b72c8e042d469510
builtins.k:198:ef5ec403ed14,/reference/reference-semantics/semantics/builtins.k,rule,198,198,owise,UNREACHABLE_FIXED_SEMANTICS_SENTENCE,Head/construct is absent from the submitted constructor term or is a concrete-only/other-type alternative. It was inventoried and inspected for overlap; it cannot fire on the target proof path.,ef5ec403ed147812d1bd9f3325693a9ac662c6a3aef47a6bf14e8d5190abc55f
builtins.k:199:0c7954767f99,/reference/reference-semantics/semantics/builtins.k,syntax,199,199,function|total,UNREACHABLE_FIXED_SEMANTICS_SENTENCE,Head/construct is absent from the submitted constructor term or is a concrete-only/other-type alternative. It was inventoried and inspected for overlap; it cannot fire on the target proof path.,0c7954767f99543b9df8d794bd317db6dd33a660a59579479ada56d88fcac4e4
builtins.k:200:238e1f40d90a,/reference/reference-semantics/semantics/builtins.k,rule,200,200,,UNREACHABLE_FIXED_SEMANTICS_SENTENCE,Head/construct is absent from the submitted constructor term or is a concrete-only/other-type alternative. It was inventoried and inspected for overlap; it cannot fire on the target proof path.,238e1f40d90ae25e3e018df6ad041e714bf374ab5bfa3a169df3a4b92a4fa8d7
builtins.k:201:04deaa8cfac7,/reference/reference-semantics/semantics/builtins.k,rule,201,202,owise,UNREACHABLE_FIXED_SEMANTICS_SENTENCE,Head/construct is absent from the submitted constructor term or is a concrete-only/other-type alternative. It was inventoried and inspected for overlap; it cannot fire on the target proof path.,04deaa8cfac7193805033d5c37fc46a154d3af657a803979e8659429be3ed3f4
builtins.k:203:d6d582239dd5,/reference/reference-semantics/semantics/builtins.k,syntax,203,203,function|total,UNREACHABLE_FIXED_SEMANTICS_SENTENCE,Head/construct is absent from the submitted constructor term or is a concrete-only/other-type alternative. It was inventoried and inspected for overlap; it cannot fire on the target proof path.,d6d582239dd5c12601e35b409a04def1e7d471de1e96122e7a75d07a819d4c1c
builtins.k:204:cad0dda355df,/reference/reference-semantics/semantics/builtins.k,rule,204,204,,UNREACHABLE_FIXED_SEMANTICS_SENTENCE,Head/construct is absent from the submitted constructor term or is a concrete-only/other-type alternative. It was inventoried and inspected for overlap; it cannot fire on the target proof path.,cad0dda355df9f6c2c3fbf0f644adbc93b074ef979896386fd045b8091234f08
builtins.k:205:ac016e542b18,/reference/reference-semantics/semantics/builtins.k,rule,205,205,,UNREACHABLE_FIXED_SEMANTICS_SENTENCE,Head/construct is absent from the submitted constructor term or is a concrete-only/other-type alternative. It was inventoried and inspected for overlap; it cannot fire on the target proof path.,ac016e542b1831592a1a686c1b0a738366687014df9199482098b3e77f6c30e3
builtins.k:206:aeb40dc57a6a,/reference/reference-semantics/semantics/builtins.k,rule,206,206,,UNREACHABLE_FIXED_SEMANTICS_SENTENCE,Head/construct is absent from the submitted constructor term or is a concrete-only/other-type alternative. It was inventoried and inspected for overlap; it cannot fire on the target proof path.,aeb40dc57a6a9ca90fb15f3fcf3fcc10f89ce4d1d4c49272a37a4d8343f060b7
builtins.k:207:011c9edcd2e8,/reference/reference-semantics/semantics/builtins.k,rule,207,207,,UNREACHABLE_FIXED_SEMANTICS_SENTENCE,Head/construct is absent from the submitted constructor term or is a concrete-only/other-type alternative. It was inventoried and inspected for overlap; it cannot fire on the target proof path.,011c9edcd2e8becfa114c58f13dac94960765c17469779243288ff3af8abb706
builtins.k:208:884a4ea6adfc,/reference/reference-semantics/semantics/builtins.k,rule,208,208,,UNREACHABLE_FIXED_SEMANTICS_SENTENCE,Head/construct is absent from the submitted constructor term or is a concrete-only/other-type alternative. It was inventoried and inspected for overlap; it cannot fire on the target proof path.,884a4ea6adfc5704309ee57dbca06b293133aa5b5775c4d95a3a350ed7fc4e68
builtins.k:209:005eaf8a7dd6,/reference/reference-semantics/semantics/builtins.k,rule,209,209,,UNREACHABLE_FIXED_SEMANTICS_SENTENCE,Head/construct is absent from the submitted constructor term or is a concrete-only/other-type alternative. It was inventoried and inspected for overlap; it cannot fire on the target proof path.,005eaf8a7dd6285a798e4e70b662f6a95ea2eabcc597d42dfe99af4f1b29d569
builtins.k:210:edd2b8a2a065,/reference/reference-semantics/semantics/builtins.k,rule,210,210,,UNREACHABLE_FIXED_SEMANTICS_SENTENCE,Head/construct is absent from the submitted constructor term or is a concrete-only/other-type alternative. It was inventoried and inspected for overlap; it cannot fire on the target proof path.,edd2b8a2a0651a0e4b655497b9bf536a4a11f57b4d0cb97754d0f845c043691e
builtins.k:211:f7ba86c9174e,/reference/reference-semantics/semantics/builtins.k,rule,211,211,,UNREACHABLE_FIXED_SEMANTICS_SENTENCE,Head/construct is absent from the submitted constructor term or is a concrete-only/other-type alternative. It was inventoried and inspected for overlap; it cannot fire on the target proof path.,f7ba86c9174eaf528b4f3e33a5846502a86b837eecceb24f00ef5942591d3400
builtins.k:212:bb5f349b145f,/reference/reference-semantics/semantics/builtins.k,rule,212,213,,UNREACHABLE_FIXED_SEMANTICS_SENTENCE,Head/construct is absent from the submitted constructor term or is a concrete-only/other-type alternative. It was inventoried and inspected for overlap; it cannot fire on the target proof path.,bb5f349b145f18042d9eb38d1c2b885bcf7d5fa4c8a17d054ec61880783ff8c8
builtins.k:214:996ffada5296,/reference/reference-semantics/semantics/builtins.k,syntax,214,215,function|total|function|total,UNREACHABLE_FIXED_SEMANTICS_SENTENCE,Head/construct is absent from the submitted constructor term or is a concrete-only/other-type alternative. It was inventoried and inspected for overlap; it cannot fire on the target proof path.,996ffada5296e40c9ff29122dea45b0714f97763abd44a448e4cae918e431124
builtins.k:216:4254b9f7b231,/reference/reference-semantics/semantics/builtins.k,rule,216,216,,UNREACHABLE_FIXED_SEMANTICS_SENTENCE,Head/construct is absent from the submitted constructor term or is a concrete-only/other-type alternative. It was inventoried and inspected for overlap; it cannot fire on the target proof path.,4254b9f7b231f8c53a5ef902854240392e5b7aa9141683eacb32daf4e6d00f8a
builtins.k:217:1f722e6081e1,/reference/reference-semantics/semantics/builtins.k,rule,217,217,,UNREACHABLE_FIXED_SEMANTICS_SENTENCE,Head/construct is absent from the submitted constructor term or is a concrete-only/other-type alternative. It was inventoried and inspected for overlap; it cannot fire on the target proof path.,1f722e6081e13a2c683b2e70fa6a9f75d3dd005bd0291ac24504f408c991231b
builtins.k:218:2378510f6563,/reference/reference-semantics/semantics/builtins.k,rule,218,218,,UNREACHABLE_FIXED_SEMANTICS_SENTENCE,Head/construct is absent from the submitted constructor term or is a concrete-only/other-type alternative. It was inventoried and inspected for overlap; it cannot fire on the target proof path.,2378510f6563de1061f2178b6a21c8a76a60c0e7f601ed9be70103eddf86cf55
builtins.k:219:50035ba8e969,/reference/reference-semantics/semantics/builtins.k,rule,219,220,,UNREACHABLE_FIXED_SEMANTICS_SENTENCE,Head/construct is absent from the submitted constructor term or is a concrete-only/other-type alternative. It was inventoried and inspected for overlap; it cannot fire on the target proof path.,50035ba8e9693ff062b7f58199809435b47b07e07ad6cf5fa711cf0f6116d97a
builtins.k:221:84ee76f78e14,/reference/reference-semantics/semantics/builtins.k,rule,221,222,,UNREACHABLE_FIXED_SEMANTICS_SENTENCE,Head/construct is absent from the submitted constructor term or is a concrete-only/other-type alternative. It was inventoried and inspected for overlap; it cannot fire on the target proof path.,84ee76f78e1498edefe6d1611109aef0d8fd648750f4b4fffaf7c722a42cceb2
builtins.k:223:a5f697b9adb7,/reference/reference-semantics/semantics/builtins.k,rule,223,224,owise,UNREACHABLE_FIXED_SEMANTICS_SENTENCE,Head/construct is absent from the submitted constructor term or is a concrete-only/other-type alternative. It was inventoried and inspected for overlap; it cannot fire on the target proof path.,a5f697b9adb7c8b0ca4ee6f23007fde8a5d61e94f3066d3bc35c79caa8395ade
builtins.k:225:906d0c17f2fb,/reference/reference-semantics/semantics/builtins.k,syntax,225,225,,UNREACHABLE_FIXED_SEMANTICS_SENTENCE,Head/construct is absent from the submitted constructor term or is a concrete-only/other-type alternative. It was inventoried and inspected for overlap; it cannot fire on the target proof path.,906d0c17f2fb826efe4efc82beb72a4d68f990ca14e99999640dfb946f7e6e6e
builtins.k:226:cdf7f8b500cf,/reference/reference-semantics/semantics/builtins.k,syntax,226,226,function|total,UNREACHABLE_FIXED_SEMANTICS_SENTENCE,Head/construct is absent from the submitted constructor term or is a concrete-only/other-type alternative. It was inventoried and inspected for overlap; it cannot fire on the target proof path.,cdf7f8b500cfb4398499c7e394562a0b14477808f647c6ee721f498aa1fb9416
builtins.k:227:493a0efa8ace,/reference/reference-semantics/semantics/builtins.k,rule,227,227,,UNREACHABLE_FIXED_SEMANTICS_SENTENCE,Head/construct is absent from the submitted constructor term or is a concrete-only/other-type alternative. It was inventoried and inspected for overlap; it cannot fire on the target proof path.,493a0efa8ace14cbd61f46bf3d0e7a35639532c12c55fe97b0345c3e214172e5
builtins.k:228:99460cf0fcab,/reference/reference-semantics/semantics/builtins.k,rule,228,229,owise,UNREACHABLE_FIXED_SEMANTICS_SENTENCE,Head/construct is absent from the submitted constructor term or is a concrete-only/other-type alternative. It was inventoried and inspected for overlap; it cannot fire on the target proof path.,99460cf0fcab8942aa7842de35e012e3fdd575d398f6e967cca26cb5484b00d4
builtins.k:230:f15a46d2a884,/reference/reference-semantics/semantics/builtins.k,syntax,230,230,function|total,UNREACHABLE_FIXED_SEMANTICS_SENTENCE,Head/construct is absent from the submitted constructor term or is a concrete-only/other-type alternative. It was inventoried and inspected for overlap; it cannot fire on the target proof path.,f15a46d2a8840cf972edcb93b43af177e7e040743128ac33ac7d277186128d3e
builtins.k:231:f63fbddd4228,/reference/reference-semantics/semantics/builtins.k,rule,231,231,,UNREACHABLE_FIXED_SEMANTICS_SENTENCE,Head/construct is absent from the submitted constructor term or is a concrete-only/other-type alternative. It was inventoried and inspected for overlap; it cannot fire on the target proof path.,f63fbddd422856e31b02a9c40bda9546a7ca97e32f6882614dce3d8b31c510bd
builtins.k:232:f3a95c1d102c,/reference/reference-semantics/semantics/builtins.k,rule,232,232,,UNREACHABLE_FIXED_SEMANTICS_SENTENCE,Head/construct is absent from the submitted constructor term or is a concrete-only/other-type alternative. It was inventoried and inspected for overlap; it cannot fire on the target proof path.,f3a95c1d102c50f4032535bff45410e55febd09f74eb9827e891934b7f295bdd
builtins.k:233:83add421a531,/reference/reference-semantics/semantics/builtins.k,rule,233,233,,UNREACHABLE_FIXED_SEMANTICS_SENTENCE,Head/construct is absent from the submitted constructor term or is a concrete-only/other-type alternative. It was inventoried and inspected for overlap; it cannot fire on the target proof path.,83add421a5319e45071f11d85962bb7bd95b6234a6b3e5dcd5a7ea1413d5fcd0
builtins.k:234:fe469f129f99,/reference/reference-semantics/semantics/builtins.k,rule,234,234,,UNREACHABLE_FIXED_SEMANTICS_SENTENCE,Head/construct is absent from the submitted constructor term or is a concrete-only/other-type alternative. It was inventoried and inspected for overlap; it cannot fire on the target proof path.,fe469f129f991e5bf72cb167734210674f0a824b896f3d490090150f7e8c8ff7
builtins.k:235:45890407b049,/reference/reference-semantics/semantics/builtins.k,rule,235,235,,UNREACHABLE_FIXED_SEMANTICS_SENTENCE,Head/construct is absent from the submitted constructor term or is a concrete-only/other-type alternative. It was inventoried and inspected for overlap; it cannot fire on the target proof path.,45890407b0492b0c493d87a536fe5c8c5b2638dec4e8ca3e6807a4de200feeba
builtins.k:236:77542379cedb,/reference/reference-semantics/semantics/builtins.k,rule,236,237,owise,UNREACHABLE_FIXED_SEMANTICS_SENTENCE,Head/construct is absent from the submitted constructor term or is a concrete-only/other-type alternative. It was inventoried and inspected for overlap; it cannot fire on the target proof path.,77542379cedbe6f215bafd871a01024c1a53e4aaddb0e5c13b5a86a9ea4f4d23
builtins.k:238:7039540535a2,/reference/reference-semantics/semantics/builtins.k,syntax,238,238,function|total,UNREACHABLE_FIXED_SEMANTICS_SENTENCE,Head/construct is absent from the submitted constructor term or is a concrete-only/other-type alternative. It was inventoried and inspected for overlap; it cannot fire on the target proof path.,7039540535a2a934e1476e82610824ca18f40978dc212deea8d2425979e582b3
builtins.k:239:337779ec3207,/reference/reference-semantics/semantics/builtins.k,rule,239,239,,UNREACHABLE_FIXED_SEMANTICS_SENTENCE,Head/construct is absent from the submitted constructor term or is a concrete-only/other-type alternative. It was inventoried and inspected for overlap; it cannot fire on the target proof path.,337779ec32074914e6e27bc5f85de1641f10d2afc874b25642ccdc76406e7431
builtins.k:240:cfc7aaf38685,/reference/reference-semantics/semantics/builtins.k,rule,240,240,,UNREACHABLE_FIXED_SEMANTICS_SENTENCE,Head/construct is absent from the submitted constructor term or is a concrete-only/other-type alternative. It was inventoried and inspected for overlap; it cannot fire on the target proof path.,cfc7aaf386852d921b5c016af8b582faecaf7ed85c957e07e8a45a0a8d382eb4
builtins.k:241:ebdd09e2ea67,/reference/reference-semantics/semantics/builtins.k,rule,241,242,,UNREACHABLE_FIXED_SEMANTICS_SENTENCE,Head/construct is absent from the submitted constructor term or is a concrete-only/other-type alternative. It was inventoried and inspected for overlap; it cannot fire on the target proof path.,ebdd09e2ea6731f368c4b9e8b304b8c76ccf56cd81e1b37f5f296c16fade183c
builtins.k:243:25a4663fe177,/reference/reference-semantics/semantics/builtins.k,rule,243,243,owise,UNREACHABLE_FIXED_SEMANTICS_SENTENCE,Head/construct is absent from the submitted constructor term or is a concrete-only/other-type alternative. It was inventoried and inspected for overlap; it cannot fire on the target proof path.,25a4663fe177b1bb7951e46a96f911fa2cbb67bb09b33e61fd15260ab70bb461
builtins.k:244:6a975303e128,/reference/reference-semantics/semantics/builtins.k,syntax,244,244,function|total,UNREACHABLE_FIXED_SEMANTICS_SENTENCE,Head/construct is absent from the submitted constructor term or is a concrete-only/other-type alternative. It was inventoried and inspected for overlap; it cannot fire on the target proof path.,6a975303e128a6b1b0e7d23b8e37d9f1ae2ad9e69d282f2fa22132f46c7e50ae
builtins.k:245:b0fe3350706d,/reference/reference-semantics/semantics/builtins.k,rule,245,245,,UNREACHABLE_FIXED_SEMANTICS_SENTENCE,Head/construct is absent from the submitted constructor term or is a concrete-only/other-type alternative. It was inventoried and inspected for overlap; it cannot fire on the target proof path.,b0fe3350706d64a2ed9d52bc609d637f07d7662af49a883fd8a47391ce0ee69b
builtins.k:246:2474e1e106b7,/reference/reference-semantics/semantics/builtins.k,rule,246,246,,UNREACHABLE_FIXED_SEMANTICS_SENTENCE,Head/construct is absent from the submitted constructor term or is a concrete-only/other-type alternative. It was inventoried and inspected for overlap; it cannot fire on the target proof path.,2474e1e106b7656c99a940038d99b9f219abc2e34fdc07fc22cc1333f730fd6e
builtins.k:247:ccb2ec4ebb2f,/reference/reference-semantics/semantics/builtins.k,syntax,247,247,function|total,UNREACHABLE_FIXED_SEMANTICS_SENTENCE,Head/construct is absent from the submitted constructor term or is a concrete-only/other-type alternative. It was inventoried and inspected for overlap; it cannot fire on the target proof path.,ccb2ec4ebb2f9efa05e40d029742beb8cfb1dbdf2fff046fcc8a3189f9b95ab3
builtins.k:248:1b1d231b33e5,/reference/reference-semantics/semantics/builtins.k,rule,248,249,,UNREACHABLE_FIXED_SEMANTICS_SENTENCE,Head/construct is absent from the submitted constructor term or is a concrete-only/other-type alternative. It was inventoried and inspected for overlap; it cannot fire on the target proof path.,1b1d231b33e55aff0eed8c4c991c12970b36112c2714d56965864a761949ca78
builtins.k:250:b236e49f85be,/reference/reference-semantics/semantics/builtins.k,syntax,250,250,function|total|function|total,UNREACHABLE_FIXED_SEMANTICS_SENTENCE,Head/construct is absent from the submitted constructor term or is a concrete-only/other-type alternative. It was inventoried and inspected for overlap; it cannot fire on the target proof path.,b236e49f85be5349a9675f896a77076f773e9504b7f97d14a6c867bb11b778eb
builtins.k:251:e5919eeb7c7e,/reference/reference-semantics/semantics/builtins.k,rule,251,251,,UNREACHABLE_FIXED_SEMANTICS_SENTENCE,Head/construct is absent from the submitted constructor term or is a concrete-only/other-type alternative. It was inventoried and inspected for overlap; it cannot fire on the target proof path.,e5919eeb7c7e9743f9ab2b65f117ba635202f5d7d4f266e5f792fd9922c4a5e2
builtins.k:252:6b1d3c71e798,/reference/reference-semantics/semantics/builtins.k,rule,252,252,,UNREACHABLE_FIXED_SEMANTICS_SENTENCE,Head/construct is absent from the submitted constructor term or is a concrete-only/other-type alternative. It was inventoried and inspected for overlap; it cannot fire on the target proof path.,6b1d3c71e798a33a869fa96af0ff246045b0d50f1cbae9d6e0b730faf9318ba3
builtins.k:253:c3f2a5ab71fe,/reference/reference-semantics/semantics/builtins.k,rule,253,253,,UNREACHABLE_FIXED_SEMANTICS_SENTENCE,Head/construct is absent from the submitted constructor term or is a concrete-only/other-type alternative. It was inventoried and inspected for overlap; it cannot fire on the target proof path.,c3f2a5ab71feddf57b9ec4f6ac41ce023d2c3d261b228d3a481ecf75b457f517
builtins.k:254:8842e532de29,/reference/reference-semantics/semantics/builtins.k,rule,254,254,,UNREACHABLE_FIXED_SEMANTICS_SENTENCE,Head/construct is absent from the submitted constructor term or is a concrete-only/other-type alternative. It was inventoried and inspected for overlap; it cannot fire on the target proof path.,8842e532de290ccc6229328d1ff7b4e0a8bb81f4b6833a6abe2359f186fcca76
builtins.k:255:3b8c247c3782,/reference/reference-semantics/semantics/builtins.k,syntax,255,255,function|total,UNREACHABLE_FIXED_SEMANTICS_SENTENCE,Head/construct is absent from the submitted constructor term or is a concrete-only/other-type alternative. It was inventoried and inspected for overlap; it cannot fire on the target proof path.,3b8c247c3782a565e300e94a2fb42976e6b99be17f945b42d7f555f31696d32f
builtins.k:256:1232a86fdb86,/reference/reference-semantics/semantics/builtins.k,rule,256,256,,UNREACHABLE_FIXED_SEMANTICS_SENTENCE,Head/construct is absent from the submitted constructor term or is a concrete-only/other-type alternative. It was inventoried and inspected for overlap; it cannot fire on the target proof path.,1232a86fdb86335bf2e99f4e74879b87030f1e6babb381980e59583e8d66bbbd
builtins.k:257:92900e548ab8,/reference/reference-semantics/semantics/builtins.k,rule,257,259,,UNREACHABLE_FIXED_SEMANTICS_SENTENCE,Head/construct is absent from the submitted constructor term or is a concrete-only/other-type alternative. It was inventoried and inspected for overlap; it cannot fire on the target proof path.,92900e548ab821e30402231e0b637fe980c7ed5e2ebede9607e633fcfe9bbc0b
builtins.k:260:c0996a5da68b,/reference/reference-semantics/semantics/builtins.k,rule,260,262,,UNREACHABLE_FIXED_SEMANTICS_SENTENCE,Head/construct is absent from the submitted constructor term or is a concrete-only/other-type alternative. It was inventoried and inspected for overlap; it cannot fire on the target proof path.,c0996a5da68b6484bf1ac4d41cdc3a32977bc0440dc5f581a55d52c998a9c2fc
builtins.k:263:25373bd79114,/reference/reference-semantics/semantics/builtins.k,rule,263,264,owise,UNREACHABLE_FIXED_SEMANTICS_SENTENCE,Head/construct is absent from the submitted constructor term or is a concrete-only/other-type alternative. It was inventoried and inspected for overlap; it cannot fire on the target proof path.,25373bd79114d67d6211714316bd46dbda4015954530bfc878fcbc55103a98b6
builtins.k:265:241368398e21,/reference/reference-semantics/semantics/builtins.k,syntax,265,265,function|total,UNREACHABLE_FIXED_SEMANTICS_SENTENCE,Head/construct is absent from the submitted constructor term or is a concrete-only/other-type alternative. It was inventoried and inspected for overlap; it cannot fire on the target proof path.,241368398e21fbed55a3fe2220ff3fd74d5176a9b6d12d755f6576d4485dd3c9
builtins.k:266:55734e1ee045,/reference/reference-semantics/semantics/builtins.k,rule,266,266,,UNREACHABLE_FIXED_SEMANTICS_SENTENCE,Head/construct is absent from the submitted constructor term or is a concrete-only/other-type alternative. It was inventoried and inspected for overlap; it cannot fire on the target proof path.,55734e1ee04564bb05f5a1222d96d045ca785db371f0dd1e412700b3137b2e2b
builtins.k:267:d4ca4934e9e1,/reference/reference-semantics/semantics/builtins.k,rule,267,267,,UNREACHABLE_FIXED_SEMANTICS_SENTENCE,Head/construct is absent from the submitted constructor term or is a concrete-only/other-type alternative. It was inventoried and inspected for overlap; it cannot fire on the target proof path.,d4ca4934e9e1b81eff61ec775162bde071bd8f9fb90a53610d86e3fad50df9b9
builtins.k:268:7c8e03ff739b,/reference/reference-semantics/semantics/builtins.k,rule,268,268,owise,UNREACHABLE_FIXED_SEMANTICS_SENTENCE,Head/construct is absent from the submitted constructor term or is a concrete-only/other-type alternative. It was inventoried and inspected for overlap; it cannot fire on the target proof path.,7c8e03ff739bc71b7303f7f870446e7a75c52ec1b6e9ebcb29253ca4d8ee4dd7
builtins.k:269:b9870a621ad1,/reference/reference-semantics/semantics/builtins.k,syntax,269,269,function|total,UNREACHABLE_FIXED_SEMANTICS_SENTENCE,Head/construct is absent from the submitted constructor term or is a concrete-only/other-type alternative. It was inventoried and inspected for overlap; it cannot fire on the target proof path.,b9870a621ad1be4d3a7c365468aea378f44ec26954b7e9c188db758ca114faf5
builtins.k:270:7a7e56f73880,/reference/reference-semantics/semantics/builtins.k,rule,270,270,,UNREACHABLE_FIXED_SEMANTICS_SENTENCE,Head/construct is absent from the submitted constructor term or is a concrete-only/other-type alternative. It was inventoried and inspected for overlap; it cannot fire on the target proof path.,7a7e56f7388050cd1919f7e222333ac3b98c776e784b8539d083a19bb64848f6
builtins.k:271:d0623558f5e8,/reference/reference-semantics/semantics/builtins.k,rule,271,271,,UNREACHABLE_FIXED_SEMANTICS_SENTENCE,Head/construct is absent from the submitted constructor term or is a concrete-only/other-type alternative. It was inventoried and inspected for overlap; it cannot fire on the target proof path.,d0623558f5e85944ab1fcd7335be39840a83c46b7d5428876c7833b4f89b5384
builtins.k:272:5895024c900e,/reference/reference-semantics/semantics/builtins.k,syntax,272,272,function|total,UNREACHABLE_FIXED_SEMANTICS_SENTENCE,Head/construct is absent from the submitted constructor term or is a concrete-only/other-type alternative. It was inventoried and inspected for overlap; it cannot fire on the target proof path.,5895024c900ed926efd37641fc7f49c57eb17dfb01becd0b3a37b5314cd99ee0
builtins.k:273:0a8e13361178,/reference/reference-semantics/semantics/builtins.k,rule,273,273,,UNREACHABLE_FIXED_SEMANTICS_SENTENCE,Head/construct is absent from the submitted constructor term or is a concrete-only/other-type alternative. It was inventoried and inspected for overlap; it cannot fire on the target proof path.,0a8e13361178e515263f1d8ae563297c568b0362c79d97efdfcea3c88117f181
builtins.k:274:2c035f9af86e,/reference/reference-semantics/semantics/builtins.k,rule,274,278,,UNREACHABLE_FIXED_SEMANTICS_SENTENCE,Head/construct is absent from the submitted constructor term or is a concrete-only/other-type alternative. It was inventoried and inspected for overlap; it cannot fire on the target proof path.,2c035f9af86e86c90dceae5d624636087a8c735ce127971a132daf92bdf0615e
builtins.k:279:daf634ba2a45,/reference/reference-semantics/semantics/builtins.k,syntax,279,279,,UNREACHABLE_FIXED_SEMANTICS_SENTENCE,Head/construct is absent from the submitted constructor term or is a concrete-only/other-type alternative. It was inventoried and inspected for overlap; it cannot fire on the target proof path.,daf634ba2a452a465a8979ce59cb66a1fadf69f201135b26bbf668a0b140cee6
builtins.k:280:90e43d1cdca9,/reference/reference-semantics/semantics/builtins.k,rule,280,281,priority(40),UNREACHABLE_FIXED_SEMANTICS_SENTENCE,Head/construct is absent from the submitted constructor term or is a concrete-only/other-type alternative. It was inventoried and inspected for overlap; it cannot fire on the target proof path.,90e43d1cdca9942e8d565f5b758ce9eaca408ff1488d1b026ed7535b2f126c98
builtins.k:282:3dea3e5b7893,/reference/reference-semantics/semantics/builtins.k,rule,282,282,,UNREACHABLE_FIXED_SEMANTICS_SENTENCE,Head/construct is absent from the submitted constructor term or is a concrete-only/other-type alternative. It was inventoried and inspected for overlap; it cannot fire on the target proof path.,3dea3e5b7893d5a8de66b418ef62a7720a4922b0196b3bf6f60da7b3ce209a46
builtins.k:283:697d07fdfb43,/reference/reference-semantics/semantics/builtins.k,syntax,283,283,,UNREACHABLE_FIXED_SEMANTICS_SENTENCE,Head/construct is absent from the submitted constructor term or is a concrete-only/other-type alternative. It was inventoried and inspected for overlap; it cannot fire on the target proof path.,697d07fdfb4368b871b79100399c9f9a6e5a9fe6cabea49f874000787d63e6c6
builtins.k:284:314edc78f759,/reference/reference-semantics/semantics/builtins.k,rule,284,284,,UNREACHABLE_FIXED_SEMANTICS_SENTENCE,Head/construct is absent from the submitted constructor term or is a concrete-only/other-type alternative. It was inventoried and inspected for overlap; it cannot fire on the target proof path.,314edc78f759a075f1de50ee2835fb29fabb540ba0d03224597f229c4569402c
builtins.k:285:a3cdf84d6e5d,/reference/reference-semantics/semantics/builtins.k,syntax,285,290,function|total|symbol(md5hexCodes)|no-evaluators,UNREACHABLE_FIXED_SEMANTICS_SENTENCE,Head/construct is absent from the submitted constructor term or is a concrete-only/other-type alternative. It was inventoried and inspected for overlap; it cannot fire on the target proof path.,a3cdf84d6e5d13f256ac988f2211c33cbc5225e3070fe7f6edd86031ec49d033
builtins.k:291:89ae05ae7446,/reference/reference-semantics/semantics/builtins.k,rule,291,291,,UNREACHABLE_FIXED_SEMANTICS_SENTENCE,Head/construct is absent from the submitted constructor term or is a concrete-only/other-type alternative. It was inventoried and inspected for overlap; it cannot fire on the target proof path.,89ae05ae7446b64459d70500af804820a1dd08a2e026be0482e5c3a785017dc4
builtins.k:292:42f642e09611,/reference/reference-semantics/semantics/builtins.k,rule,292,292,,UNREACHABLE_FIXED_SEMANTICS_SENTENCE,Head/construct is absent from the submitted constructor term or is a concrete-only/other-type alternative. It was inventoried and inspected for overlap; it cannot fire on the target proof path.,42f642e09611be70a172dc68c2006d70fc21a4a1e53a226708cb78c84dba1a46
builtins.k:293:09de746af4b8,/reference/reference-semantics/semantics/builtins.k,syntax,293,293,function|function,UNREACHABLE_FIXED_SEMANTICS_SENTENCE,Head/construct is absent from the submitted constructor term or is a concrete-only/other-type alternative. It was inventoried and inspected for overlap; it cannot fire on the target proof path.,09de746af4b8bd37b0903d806cc36bc62183fa7c6cdd818358b1c420b1dc7ec0
builtins.k:294:2ac5e818e75e,/reference/reference-semantics/semantics/builtins.k,rule,294,294,,UNREACHABLE_FIXED_SEMANTICS_SENTENCE,Head/construct is absent from the submitted constructor term or is a concrete-only/other-type alternative. It was inventoried and inspected for overlap; it cannot fire on the target proof path.,2ac5e818e75ed1e69b10857f6e1ed2743ebfd6951704a2a8d6e3c80587f0c9d7
builtins.k:295:f15a463d63cd,/reference/reference-semantics/semantics/builtins.k,rule,295,295,owise,UNREACHABLE_FIXED_SEMANTICS_SENTENCE,Head/construct is absent from the submitted constructor term or is a concrete-only/other-type alternative. It was inventoried and inspected for overlap; it cannot fire on the target proof path.,f15a463d63cd54777bc476ff03776ffce12d190ab1be45d29626140b9f9050a0
builtins.k:296:d3c0ce1552b2,/reference/reference-semantics/semantics/builtins.k,rule,296,296,,UNREACHABLE_FIXED_SEMANTICS_SENTENCE,Head/construct is absent from the submitted constructor term or is a concrete-only/other-type alternative. It was inventoried and inspected for overlap; it cannot fire on the target proof path.,d3c0ce1552b2b2853fc67dafe979d0d00417538151d66cb0639225f240b23ade
builtins.k:297:2615ec2618f0,/reference/reference-semantics/semantics/builtins.k,rule,297,297,owise,UNREACHABLE_FIXED_SEMANTICS_SENTENCE,Head/construct is absent from the submitted constructor term or is a concrete-only/other-type alternative. It was inventoried and inspected for overlap; it cannot fire on the target proof path.,2615ec2618f0391f9b62aa9efedfcbbcf86240359ce34270a42c1eff00c42f51
builtins.k:298:4c5df27adc71,/reference/reference-semantics/semantics/builtins.k,endmodule,298,298,,STRUCTURAL_SOURCE_SENTENCE,Require/import/module boundary; no rewrite content.,4c5df27adc717388cee7175c70de02f160d4f9a8e25c48eb0fc23e1968ad13f4
call.k:10:876a0ba2b4a1,/reference/reference-semantics/semantics/call.k,module,10,10,,STRUCTURAL_SOURCE_SENTENCE,Require/import/module boundary; no rewrite content.,876a0ba2b4a12f1d7c9d9b9078fa73163bb752f12602c9436ab479a8e7586358
call.k:11:09fe9e0706ae,/reference/reference-semantics/semantics/call.k,imports,11,11,,STRUCTURAL_SOURCE_SENTENCE,Require/import/module boundary; no rewrite content.,09fe9e0706aef859710b0c5447f1427e859a1a9e9660b612e310bb91d51ec923
call.k:12:513b07985ad1,/reference/reference-semantics/semantics/call.k,imports,12,12,,STRUCTURAL_SOURCE_SENTENCE,Require/import/module boundary; no rewrite content.,513b07985ad1b60ab1fc94f4a08021dd25a5b0aa218c3a975ce281a00395ddfa
call.k:13:62b2a9826516,/reference/reference-semantics/semantics/call.k,imports,13,15,,STRUCTURAL_SOURCE_SENTENCE,Require/import/module boundary; no rewrite content.,62b2a9826516b040855a34fff2e8ca376316ea03367b0f585eae03c0e4e3403c
call.k:16:d87ce6dbcf15,/reference/reference-semantics/semantics/call.k,rule,16,18,,REACHABLE_FIXED_SEMANTICS_SOUND_ON_USED_DOMAIN,"Inspected for matching, guards, overlap, evaluation order, control, allocation, and state footprint; agrees with the submitted program's plain-list/int execution path.",d87ce6dbcf1598b90f4bc4f3058c54e69fbde50d90330ae6e3fe492d0738e4f5
call.k:19:2e4b9931b31d,/reference/reference-semantics/semantics/call.k,syntax,19,19,,REACHABLE_FIXED_SEMANTICS_SOUND_ON_USED_DOMAIN,"Inspected for matching, guards, overlap, evaluation order, control, allocation, and state footprint; agrees with the submitted program's plain-list/int execution path.",2e4b9931b31d9e16cfac26853c8ae9d20f6a224c0926e14661fb1687c29a28c5
call.k:20:1e7cf6c3f022,/reference/reference-semantics/semantics/call.k,rule,20,20,owise,REACHABLE_FIXED_SEMANTICS_SOUND_ON_USED_DOMAIN,"Inspected for matching, guards, overlap, evaluation order, control, allocation, and state footprint; agrees with the submitted program's plain-list/int execution path.",1e7cf6c3f022cb177607930a786e4fdcc401edb04cf97903c0420352b69ecead
call.k:21:d344c79af57e,/reference/reference-semantics/semantics/call.k,rule,21,23,,REACHABLE_FIXED_SEMANTICS_SOUND_ON_USED_DOMAIN,"Inspected for matching, guards, overlap, evaluation order, control, allocation, and state footprint; agrees with the submitted program's plain-list/int execution path.",d344c79af57e19c5023e40861264648db2128f01a139e9febfedbc3989375cc4
call.k:24:ba0da2a7daa0,/reference/reference-semantics/semantics/call.k,rule,24,25,,REACHABLE_FIXED_SEMANTICS_SOUND_ON_USED_DOMAIN,"Inspected for matching, guards, overlap, evaluation order, control, allocation, and state footprint; agrees with the submitted program's plain-list/int execution path.",ba0da2a7daa02786dc1db5e4224e2e2046dc13fd8f9cff675b66fa21b3e64cc3
call.k:26:9355577d2cbe,/reference/reference-semantics/semantics/call.k,rule,26,26,,REACHABLE_FIXED_SEMANTICS_SOUND_ON_USED_DOMAIN,"Inspected for matching, guards, overlap, evaluation order, control, allocation, and state footprint; agrees with the submitted program's plain-list/int execution path.",9355577d2cbe61131a734689308fa7e966bed71322d4c012ae085359653437bb
call.k:27:3025de857057,/reference/reference-semantics/semantics/call.k,rule,27,27,,REACHABLE_FIXED_SEMANTICS_SOUND_ON_USED_DOMAIN,"Inspected for matching, guards, overlap, evaluation order, control, allocation, and state footprint; agrees with the submitted program's plain-list/int execution path.",3025de8570574393890a15cd4f12f44326ef7035d98ea1863952a74ca2d7cbc9
call.k:28:1037499b709e,/reference/reference-semantics/semantics/call.k,rule,28,28,,REACHABLE_FIXED_SEMANTICS_SOUND_ON_USED_DOMAIN,"Inspected for matching, guards, overlap, evaluation order, control, allocation, and state footprint; agrees with the submitted program's plain-list/int execution path.",1037499b709e78e085a8b68b9987663bcdf69479642265b39e785065ededf234
call.k:29:02fe785764c6,/reference/reference-semantics/semantics/call.k,rule,29,29,,REACHABLE_FIXED_SEMANTICS_SOUND_ON_USED_DOMAIN,"Inspected for matching, guards, overlap, evaluation order, control, allocation, and state footprint; agrees with the submitted program's plain-list/int execution path.",02fe785764c60fec71b80c32baec17fb47386ffadce73ce8e553347e5a1b256a
call.k:30:74e89a0d00ed,/reference/reference-semantics/semantics/call.k,rule,30,30,,REACHABLE_FIXED_SEMANTICS_SOUND_ON_USED_DOMAIN,"Inspected for matching, guards, overlap, evaluation order, control, allocation, and state footprint; agrees with the submitted program's plain-list/int execution path.",74e89a0d00ed78beed19cdbd21ab3aaa7c5ab7de10987d90eb0aab39276408d6
call.k:31:6240ee6cdac4,/reference/reference-semantics/semantics/call.k,rule,31,31,owise,REACHABLE_FIXED_SEMANTICS_SOUND_ON_USED_DOMAIN,"Inspected for matching, guards, overlap, evaluation order, control, allocation, and state footprint; agrees with the submitted program's plain-list/int execution path.",6240ee6cdac44c092bb0f74980dbda8676b27a5f3bac089732a70dcd47a4c708
call.k:32:3b14275e942a,/reference/reference-semantics/semantics/call.k,rule,32,37,,REACHABLE_FIXED_SEMANTICS_SOUND_ON_USED_DOMAIN,"Inspected for matching, guards, overlap, evaluation order, control, allocation, and state footprint; agrees with the submitted program's plain-list/int execution path.",3b14275e942ad2406e47fafdf0bc5b12c503152bb2458e1d816f05de75d4e76c
call.k:38:ec48bd542daf,/reference/reference-semantics/semantics/call.k,rule,38,41,priority(40),REACHABLE_FIXED_SEMANTICS_SOUND_ON_USED_DOMAIN,"Inspected for matching, guards, overlap, evaluation order, control, allocation, and state footprint; agrees with the submitted program's plain-list/int execution path.",ec48bd542dafde0731f10023c7e8a58229ab63adb1bd359ea5681429656834f0
call.k:42:fb1cf54c5dbf,/reference/reference-semantics/semantics/call.k,rule,42,46,priority(40),REACHABLE_FIXED_SEMANTICS_SOUND_ON_USED_DOMAIN,"Inspected for matching, guards, overlap, evaluation order, control, allocation, and state footprint; agrees with the submitted program's plain-list/int execution path.",fb1cf54c5dbfdb0f99a6409366ad776e35891ccfd2497bccfa83c674b0a2e3a0
call.k:47:a9d4dc84230b,/reference/reference-semantics/semantics/call.k,rule,47,51,priority(40),REACHABLE_FIXED_SEMANTICS_SOUND_ON_USED_DOMAIN,"Inspected for matching, guards, overlap, evaluation order, control, allocation, and state footprint; agrees with the submitted program's plain-list/int execution path.",a9d4dc84230bdfe22c691298fae2d1618f5fc7865a7e0d9d565fac3fdb49d9de
call.k:52:d5c2626ac8a7,/reference/reference-semantics/semantics/call.k,syntax,52,52,function|total,REACHABLE_FIXED_SEMANTICS_SOUND_ON_USED_DOMAIN,"Inspected for matching, guards, overlap, evaluation order, control, allocation, and state footprint; agrees with the submitted program's plain-list/int execution path.",d5c2626ac8a700308c530f067a7ff9b69d436d8a00d27e497c985cb0c3eb667a
call.k:53:a17ba7979cef,/reference/reference-semantics/semantics/call.k,rule,53,55,,REACHABLE_FIXED_SEMANTICS_SOUND_ON_USED_DOMAIN,"Inspected for matching, guards, overlap, evaluation order, control, allocation, and state footprint; agrees with the submitted program's plain-list/int execution path.",a17ba7979cef1d057abc61b1483baeb2ee9d71f001bb8ddf447c76f472cac862
call.k:56:d8161291d409,/reference/reference-semantics/semantics/call.k,rule,56,62,priority(40),REACHABLE_FIXED_SEMANTICS_SOUND_ON_USED_DOMAIN,"Inspected for matching, guards, overlap, evaluation order, control, allocation, and state footprint; agrees with the submitted program's plain-list/int execution path.",d8161291d4091122c816d0f4649fc6a6055f3deb879d9cd7ada7ad8db258da3e
call.k:63:09356ec82fd2,/reference/reference-semantics/semantics/call.k,rule,63,68,priority(40),REACHABLE_FIXED_SEMANTICS_SOUND_ON_USED_DOMAIN,"Inspected for matching, guards, overlap, evaluation order, control, allocation, and state footprint; agrees with the submitted program's plain-list/int execution path.",09356ec82fd2127acd32fe51cc12c08df5f60172d990f6013518fe390a64a805
call.k:69:7fadec633abe,/reference/reference-semantics/semantics/call.k,rule,69,79,,REACHABLE_FIXED_SEMANTICS_SOUND_ON_USED_DOMAIN,"Inspected for matching, guards, overlap, evaluation order, control, allocation, and state footprint; agrees with the submitted program's plain-list/int execution path.",7fadec633abe2d6cc321f466d5542a4882ed2b171584876f4a5503e0f2f0b6dd
call.k:80:7306d2306298,/reference/reference-semantics/semantics/call.k,rule,80,86,,UNREACHABLE_FIXED_SEMANTICS_SENTENCE,Head/construct is absent from the submitted constructor term or is a concrete-only/other-type alternative. It was inventoried and inspected for overlap; it cannot fire on the target proof path.,7306d23062980cefa4e0056c4fe1a45863ac7775e7f649a466aa5dd82a183ad8
call.k:87:66b816d7dbbc,/reference/reference-semantics/semantics/call.k,syntax,87,87,,UNREACHABLE_FIXED_SEMANTICS_SENTENCE,Head/construct is absent from the submitted constructor term or is a concrete-only/other-type alternative. It was inventoried and inspected for overlap; it cannot fire on the target proof path.,66b816d7dbbcb9d731590143b3d24bb779b4f8884fc7b5bb7f970cefaffb7f05
call.k:88:ab5f4beee335,/reference/reference-semantics/semantics/call.k,rule,88,88,,UNREACHABLE_FIXED_SEMANTICS_SENTENCE,Head/construct is absent from the submitted constructor term or is a concrete-only/other-type alternative. It was inventoried and inspected for overlap; it cannot fire on the target proof path.,ab5f4beee335a8e71b2964a9d669bbe365a142f028d53ec7fe526ddc46ec1346
call.k:89:99f0ab53a196,/reference/reference-semantics/semantics/call.k,rule,89,94,,UNREACHABLE_FIXED_SEMANTICS_SENTENCE,Head/construct is absent from the submitted constructor term or is a concrete-only/other-type alternative. It was inventoried and inspected for overlap; it cannot fire on the target proof path.,99f0ab53a196e864a8605f370dc660d907094cb17705130aa9e0412305c41b4e
call.k:95:4c5df27adc71,/reference/reference-semantics/semantics/call.k,endmodule,95,95,,STRUCTURAL_SOURCE_SENTENCE,Require/import/module boundary; no rewrite content.,4c5df27adc717388cee7175c70de02f160d4f9a8e25c48eb0fc23e1968ad13f4
comprehension.k:3:5d080156bedb,/reference/reference-semantics/semantics/comprehension.k,module,3,3,,STRUCTURAL_SOURCE_SENTENCE,Require/import/module boundary; no rewrite content.,5d080156bedbd23cced0d31375ba799d8e28e2b518843fc2cec979392a9af1b3
comprehension.k:4:4258a966960e,/reference/reference-semantics/semantics/comprehension.k,imports,4,4,,STRUCTURAL_SOURCE_SENTENCE,Require/import/module boundary; no rewrite content.,4258a966960e81238ac1318ebb92f5cd383bcf94ed5077b6dea55341a4254bfd
comprehension.k:5:ee018db6efb0,/reference/reference-semantics/semantics/comprehension.k,imports,5,5,,STRUCTURAL_SOURCE_SENTENCE,Require/import/module boundary; no rewrite content.,ee018db6efb00ffdd01d59dac03e43be2192505ed7049d1c693197e018cbc088
comprehension.k:6:511c798e04e9,/reference/reference-semantics/semantics/comprehension.k,imports,6,6,,STRUCTURAL_SOURCE_SENTENCE,Require/import/module boundary; no rewrite content.,511c798e04e96a7ad3e9efe5e06eb4804d66d38f1294d62d46068dc7eafb0373
comprehension.k:7:47dfd92e317b,/reference/reference-semantics/semantics/comprehension.k,imports,7,7,,STRUCTURAL_SOURCE_SENTENCE,Require/import/module boundary; no rewrite content.,47dfd92e317bb7c0d2b37ea8704d1ebdf3daf5f2ca37f0555105ffde812c5061
comprehension.k:8:62b2a9826516,/reference/reference-semantics/semantics/comprehension.k,imports,8,10,,STRUCTURAL_SOURCE_SENTENCE,Require/import/module boundary; no rewrite content.,62b2a9826516b040855a34fff2e8ca376316ea03367b0f585eae03c0e4e3403c
comprehension.k:11:4645372e277c,/reference/reference-semantics/semantics/comprehension.k,rule,11,11,,UNREACHABLE_FIXED_SEMANTICS_SENTENCE,Head/construct is absent from the submitted constructor term or is a concrete-only/other-type alternative. It was inventoried and inspected for overlap; it cannot fire on the target proof path.,4645372e277c8411d291e3fcff391daaf3c5a73e3ef74cbf6ce8cdc816de97ff
comprehension.k:12:dfe1627b5b2d,/reference/reference-semantics/semantics/comprehension.k,rule,12,13,,UNREACHABLE_FIXED_SEMANTICS_SENTENCE,Head/construct is absent from the submitted constructor term or is a concrete-only/other-type alternative. It was inventoried and inspected for overlap; it cannot fire on the target proof path.,dfe1627b5b2d14083bdc7e8e60dc6edade669ab733ae4de7d3d009155bba9b1c
comprehension.k:14:824d607beedb,/reference/reference-semantics/semantics/comprehension.k,syntax,14,14,macro,UNREACHABLE_FIXED_SEMANTICS_SENTENCE,Head/construct is absent from the submitted constructor term or is a concrete-only/other-type alternative. It was inventoried and inspected for overlap; it cannot fire on the target proof path.,824d607beedb6356c5932cea164d2188bc5585db6eb430ba265d3b4c19c55484
comprehension.k:15:815fb636c44d,/reference/reference-semantics/semantics/comprehension.k,rule,15,17,,UNREACHABLE_FIXED_SEMANTICS_SENTENCE,Head/construct is absent from the submitted constructor term or is a concrete-only/other-type alternative. It was inventoried and inspected for overlap; it cannot fire on the target proof path.,815fb636c44d46ef130d1d585ae0f6e7c042c7c23b3138b6b8feebbda26f0016
comprehension.k:18:7d588d134f4b,/reference/reference-semantics/semantics/comprehension.k,syntax,18,18,macro-rec,UNREACHABLE_FIXED_SEMANTICS_SENTENCE,Head/construct is absent from the submitted constructor term or is a concrete-only/other-type alternative. It was inventoried and inspected for overlap; it cannot fire on the target proof path.,7d588d134f4b785d98fc64c4e16c825bbe11c41d9d7d37f0e06cd1f66093fb24
comprehension.k:19:03f45d480d0d,/reference/reference-semantics/semantics/comprehension.k,rule,19,20,,UNREACHABLE_FIXED_SEMANTICS_SENTENCE,Head/construct is absent from the submitted constructor term or is a concrete-only/other-type alternative. It was inventoried and inspected for overlap; it cannot fire on the target proof path.,03f45d480d0d06cf77afcdeb723bc2177d6d2533783069d42825cb413d76531b
comprehension.k:21:671328ad859b,/reference/reference-semantics/semantics/comprehension.k,rule,21,23,,UNREACHABLE_FIXED_SEMANTICS_SENTENCE,Head/construct is absent from the submitted constructor term or is a concrete-only/other-type alternative. It was inventoried and inspected for overlap; it cannot fire on the target proof path.,671328ad859bd1a7e54293519ef2dd7b8f94a3e2eb80653af5d234e41ded35fd
comprehension.k:24:2ecdbee509dd,/reference/reference-semantics/semantics/comprehension.k,syntax,24,24,macro,UNREACHABLE_FIXED_SEMANTICS_SENTENCE,Head/construct is absent from the submitted constructor term or is a concrete-only/other-type alternative. It was inventoried and inspected for overlap; it cannot fire on the target proof path.,2ecdbee509dd4259654a9d1406ac80f7ab26ed49249fa5c649e11cb66b7d4134
comprehension.k:25:7be24aff205f,/reference/reference-semantics/semantics/comprehension.k,rule,25,25,,UNREACHABLE_FIXED_SEMANTICS_SENTENCE,Head/construct is absent from the submitted constructor term or is a concrete-only/other-type alternative. It was inventoried and inspected for overlap; it cannot fire on the target proof path.,7be24aff205ffb3a829f7c70337726d7e6fc199609e4725ea5482bdc37aa6960
comprehension.k:26:93505f664b89,/reference/reference-semantics/semantics/comprehension.k,rule,26,26,,UNREACHABLE_FIXED_SEMANTICS_SENTENCE,Head/construct is absent from the submitted constructor term or is a concrete-only/other-type alternative. It was inventoried and inspected for overlap; it cannot fire on the target proof path.,93505f664b89633f28cdf7cccc72842555b929b721d95b861d75f48ffe8f9c05
comprehension.k:27:4c5df27adc71,/reference/reference-semantics/semantics/comprehension.k,endmodule,27,27,,STRUCTURAL_SOURCE_SENTENCE,Require/import/module boundary; no rewrite content.,4c5df27adc717388cee7175c70de02f160d4f9a8e25c48eb0fc23e1968ad13f4
concrete.k:8:31e028e78e3c,/reference/reference-semantics/semantics/concrete.k,module,8,8,,STRUCTURAL_SOURCE_SENTENCE,Require/import/module boundary; no rewrite content.,31e028e78e3cd17c58c12c312a9b611cc9c541190813a73e485ea085b096dc6b
concrete.k:9:6ae4e1db797b,/reference/reference-semantics/semantics/concrete.k,imports,9,12,,STRUCTURAL_SOURCE_SENTENCE,Require/import/module boundary; no rewrite content.,6ae4e1db797b2c5a9b115b591095b3516869431c6682a05468cf9bfec87aac66
concrete.k:13:78076bacc787,/reference/reference-semantics/semantics/concrete.k,rule,13,15,,UNREACHABLE_FIXED_SEMANTICS_SENTENCE,Head/construct is absent from the submitted constructor term or is a concrete-only/other-type alternative. It was inventoried and inspected for overlap; it cannot fire on the target proof path.,78076bacc78720fc602e7b25b88636bc05c71f4f55ac29db5925d92160d7a201
concrete.k:16:7706073edc7c,/reference/reference-semantics/semantics/concrete.k,rule,16,24,,UNREACHABLE_FIXED_SEMANTICS_SENTENCE,Head/construct is absent from the submitted constructor term or is a concrete-only/other-type alternative. It was inventoried and inspected for overlap; it cannot fire on the target proof path.,7706073edc7c048bc228f39e7645b4da7ce4ef35d29cb580a8973a7fd5fccda9
concrete.k:25:2a9016918418,/reference/reference-semantics/semantics/concrete.k,syntax,25,25,,UNREACHABLE_FIXED_SEMANTICS_SENTENCE,Head/construct is absent from the submitted constructor term or is a concrete-only/other-type alternative. It was inventoried and inspected for overlap; it cannot fire on the target proof path.,2a90169184182c410fe4c2ce341278c2dedd8d7d6f8601a991c3dc2e0b42f634
concrete.k:26:1123d008aaa0,/reference/reference-semantics/semantics/concrete.k,syntax,26,27,,UNREACHABLE_FIXED_SEMANTICS_SENTENCE,Head/construct is absent from the submitted constructor term or is a concrete-only/other-type alternative. It was inventoried and inspected for overlap; it cannot fire on the target proof path.,1123d008aaa05868ae1bd9f44f1bac7b039bcfd54a355e3a6c0524c25f9511c4
concrete.k:28:5caca2001b70,/reference/reference-semantics/semantics/concrete.k,rule,28,30,priority(40),UNREACHABLE_FIXED_SEMANTICS_SENTENCE,Head/construct is absent from the submitted constructor term or is a concrete-only/other-type alternative. It was inventoried and inspected for overlap; it cannot fire on the target proof path.,5caca2001b70c524ea38688e440ed76456f74d57b74521fe63fa22c57282e7fb
concrete.k:31:2c4b50fac01d,/reference/reference-semantics/semantics/concrete.k,rule,31,33,priority(40),UNREACHABLE_FIXED_SEMANTICS_SENTENCE,Head/construct is absent from the submitted constructor term or is a concrete-only/other-type alternative. It was inventoried and inspected for overlap; it cannot fire on the target proof path.,2c4b50fac01d6a9ecc6c1fdf5696919d9b2f327f3a2d7493c862cbc759bff019
concrete.k:34:9a2cac297472,/reference/reference-semantics/semantics/concrete.k,rule,34,35,,UNREACHABLE_FIXED_SEMANTICS_SENTENCE,Head/construct is absent from the submitted constructor term or is a concrete-only/other-type alternative. It was inventoried and inspected for overlap; it cannot fire on the target proof path.,9a2cac29747255880807afe9acc45f2b2e308ac69028e6393d992dd0175f4953
concrete.k:36:1b960e24430b,/reference/reference-semantics/semantics/concrete.k,rule,36,37,,UNREACHABLE_FIXED_SEMANTICS_SENTENCE,Head/construct is absent from the submitted constructor term or is a concrete-only/other-type alternative. It was inventoried and inspected for overlap; it cannot fire on the target proof path.,1b960e24430bc3c08bafcd916076e9f70a53e324baf5eab208a6fa4342b62bcf
concrete.k:38:833a30eb0045,/reference/reference-semantics/semantics/concrete.k,rule,38,41,,UNREACHABLE_FIXED_SEMANTICS_SENTENCE,Head/construct is absent from the submitted constructor term or is a concrete-only/other-type alternative. It was inventoried and inspected for overlap; it cannot fire on the target proof path.,833a30eb0045ffa9f4482cd525f45fec95d0ee22f4acc75221904edaaa8c4f69
concrete.k:42:55dc07274299,/reference/reference-semantics/semantics/concrete.k,syntax,42,42,function,UNREACHABLE_FIXED_SEMANTICS_SENTENCE,Head/construct is absent from the submitted constructor term or is a concrete-only/other-type alternative. It was inventoried and inspected for overlap; it cannot fire on the target proof path.,55dc07274299e7b58a622feb28c763987b5c35ead1b9d2cf9165912436433038
concrete.k:43:1b9c47e83939,/reference/reference-semantics/semantics/concrete.k,rule,43,43,,UNREACHABLE_FIXED_SEMANTICS_SENTENCE,Head/construct is absent from the submitted constructor term or is a concrete-only/other-type alternative. It was inventoried and inspected for overlap; it cannot fire on the target proof path.,1b9c47e83939876546f307ade1ff83df08d7a46c8ba0d6c86b5ae1a324438de2
concrete.k:44:111715f3eff9,/reference/reference-semantics/semantics/concrete.k,rule,44,46,,UNREACHABLE_FIXED_SEMANTICS_SENTENCE,Head/construct is absent from the submitted constructor term or is a concrete-only/other-type alternative. It was inventoried and inspected for overlap; it cannot fire on the target proof path.,111715f3eff9f38ddf862ece9e09eaf0f1f1fa5519269ffa30ff97f1262fd2c5
concrete.k:47:b54f5a2a0368,/reference/reference-semantics/semantics/concrete.k,rule,47,50,,UNREACHABLE_FIXED_SEMANTICS_SENTENCE,Head/construct is absent from the submitted constructor term or is a concrete-only/other-type alternative. It was inventoried and inspected for overlap; it cannot fire on the target proof path.,b54f5a2a0368082cd3815636a2789e87a023e14a1045d731dae576117c2c24ca
concrete.k:51:a74ccb7aaf4f,/reference/reference-semantics/semantics/concrete.k,syntax,51,51,function,UNREACHABLE_FIXED_SEMANTICS_SENTENCE,Head/construct is absent from the submitted constructor term or is a concrete-only/other-type alternative. It was inventoried and inspected for overlap; it cannot fire on the target proof path.,a74ccb7aaf4fb0873480901bff971b092c9dbd03f69b4a4430f9e6813bad457d
concrete.k:52:2123b754255b,/reference/reference-semantics/semantics/concrete.k,rule,52,52,,UNREACHABLE_FIXED_SEMANTICS_SENTENCE,Head/construct is absent from the submitted constructor term or is a concrete-only/other-type alternative. It was inventoried and inspected for overlap; it cannot fire on the target proof path.,2123b754255b1230f17f2af7056ef3e688448f578117a29add63f4f6fe4fdfe1
concrete.k:53:fa99ec9f191b,/reference/reference-semantics/semantics/concrete.k,rule,53,53,,UNREACHABLE_FIXED_SEMANTICS_SENTENCE,Head/construct is absent from the submitted constructor term or is a concrete-only/other-type alternative. It was inventoried and inspected for overlap; it cannot fire on the target proof path.,fa99ec9f191b01e0ecb3f93a16c85f2ffac702c2766211bb459d8f273a015d27
concrete.k:54:608ffd1665ed,/reference/reference-semantics/semantics/concrete.k,rule,54,55,,UNREACHABLE_FIXED_SEMANTICS_SENTENCE,Head/construct is absent from the submitted constructor term or is a concrete-only/other-type alternative. It was inventoried and inspected for overlap; it cannot fire on the target proof path.,608ffd1665edfb59d472955da76f6ec8ad22974711f47c9d1117cc0cb9476b0a
concrete.k:56:4f9bc29fa28a,/reference/reference-semantics/semantics/concrete.k,syntax,56,56,function|total,UNREACHABLE_FIXED_SEMANTICS_SENTENCE,Head/construct is absent from the submitted constructor term or is a concrete-only/other-type alternative. It was inventoried and inspected for overlap; it cannot fire on the target proof path.,4f9bc29fa28a4ee808049a44a900983a4a13f51e3667cf63740414c413645975
concrete.k:57:a2e6dd066c67,/reference/reference-semantics/semantics/concrete.k,rule,57,57,,UNREACHABLE_FIXED_SEMANTICS_SENTENCE,Head/construct is absent from the submitted constructor term or is a concrete-only/other-type alternative. It was inventoried and inspected for overlap; it cannot fire on the target proof path.,a2e6dd066c677c3fbb8ae42e1bb4c4e08b35e98d6758e9817a1c0e32f2ed298d
concrete.k:58:84d1ae0473a1,/reference/reference-semantics/semantics/concrete.k,rule,58,58,,UNREACHABLE_FIXED_SEMANTICS_SENTENCE,Head/construct is absent from the submitted constructor term or is a concrete-only/other-type alternative. It was inventoried and inspected for overlap; it cannot fire on the target proof path.,84d1ae0473a111b622b6e1cdad885d3b2af53ee0c5cea2bb9e91888301892032
concrete.k:59:7ae54fdad398,/reference/reference-semantics/semantics/concrete.k,rule,59,59,owise,UNREACHABLE_FIXED_SEMANTICS_SENTENCE,Head/construct is absent from the submitted constructor term or is a concrete-only/other-type alternative. It was inventoried and inspected for overlap; it cannot fire on the target proof path.,7ae54fdad398cb576570dee684b0148c5f7a140e6fef4af4509048db2f3d63e7
concrete.k:60:4c5df27adc71,/reference/reference-semantics/semantics/concrete.k,endmodule,60,60,,STRUCTURAL_SOURCE_SENTENCE,Require/import/module boundary; no rewrite content.,4c5df27adc717388cee7175c70de02f160d4f9a8e25c48eb0fc23e1968ad13f4
controls.k:3:f64b2208f5bd,/reference/reference-semantics/semantics/controls.k,module,3,3,,STRUCTURAL_SOURCE_SENTENCE,Require/import/module boundary; no rewrite content.,f64b2208f5bd8e4aed5d3dc9982419bc4a18cce867ec3ca3063120a89b7c4f48
controls.k:4:4258a966960e,/reference/reference-semantics/semantics/controls.k,imports,4,4,,STRUCTURAL_SOURCE_SENTENCE,Require/import/module boundary; no rewrite content.,4258a966960e81238ac1318ebb92f5cd383bcf94ed5077b6dea55341a4254bfd
controls.k:5:b1d1ddeb005d,/reference/reference-semantics/semantics/controls.k,imports,5,5,,STRUCTURAL_SOURCE_SENTENCE,Require/import/module boundary; no rewrite content.,b1d1ddeb005d397d01d2501033a979d991b52ce94dc5c6fcb2c801237e698309
controls.k:6:8ad41781e06e,/reference/reference-semantics/semantics/controls.k,imports,6,8,,STRUCTURAL_SOURCE_SENTENCE,Require/import/module boundary; no rewrite content.,8ad41781e06e91093b117ccd78f6f10180a840cf3b4adaa62547edd340b26acc
controls.k:9:a78b31a11fb1,/reference/reference-semantics/semantics/controls.k,rule,9,11,,REACHABLE_FIXED_SEMANTICS_SOUND_ON_USED_DOMAIN,"Inspected for matching, guards, overlap, evaluation order, control, allocation, and state footprint; agrees with the submitted program's plain-list/int execution path.",a78b31a11fb1e616fc20d1b741f692cbede4e634503bf6d86c3e2f97a09b36ca
controls.k:12:46fcacaf0429,/reference/reference-semantics/semantics/controls.k,rule,12,19,priority(40),REACHABLE_FIXED_SEMANTICS_SOUND_ON_USED_DOMAIN,"Inspected for matching, guards, overlap, evaluation order, control, allocation, and state footprint; agrees with the submitted program's plain-list/int execution path.",46fcacaf0429bbd96797c91ccdd68360486d7b3010e19fd46b9b1fc6f7f2ff23
controls.k:20:1e640b8d853e,/reference/reference-semantics/semantics/controls.k,rule,20,26,,REACHABLE_FIXED_SEMANTICS_SOUND_ON_USED_DOMAIN,"Inspected for matching, guards, overlap, evaluation order, control, allocation, and state footprint; agrees with the submitted program's plain-list/int execution path.",1e640b8d853e579664c8c301af0a56de1912bc58c576eae9f925e9c9c6dec3ec
controls.k:27:7147c074cc9c,/reference/reference-semantics/semantics/controls.k,rule,27,34,priority(40),REACHABLE_FIXED_SEMANTICS_SOUND_ON_USED_DOMAIN,"Inspected for matching, guards, overlap, evaluation order, control, allocation, and state footprint; agrees with the submitted program's plain-list/int execution path.",7147c074cc9cb6f74d3ad90db7f0673993fca88868eba320ae3ff6392a144183
controls.k:35:f402a7269397,/reference/reference-semantics/semantics/controls.k,rule,35,35,,UNREACHABLE_FIXED_SEMANTICS_SENTENCE,Head/construct is absent from the submitted constructor term or is a concrete-only/other-type alternative. It was inventoried and inspected for overlap; it cannot fire on the target proof path.,f402a7269397fca0b1ac21aed748b760050ba708a163d261f974e913771da3c2
controls.k:36:52700f6597b2,/reference/reference-semantics/semantics/controls.k,rule,36,36,owise,UNREACHABLE_FIXED_SEMANTICS_SENTENCE,Head/construct is absent from the submitted constructor term or is a concrete-only/other-type alternative. It was inventoried and inspected for overlap; it cannot fire on the target proof path.,52700f6597b29ddb0bc621e8272d2fed465b14604d21641c831c107ffb9411fd
controls.k:37:88b5590c6cf0,/reference/reference-semantics/semantics/controls.k,syntax,37,37,,UNREACHABLE_FIXED_SEMANTICS_SENTENCE,Head/construct is absent from the submitted constructor term or is a concrete-only/other-type alternative. It was inventoried and inspected for overlap; it cannot fire on the target proof path.,88b5590c6cf0d241359de642778c97d21462b7df276d7ff9da14b483221cd040
controls.k:38:775670eae46f,/reference/reference-semantics/semantics/controls.k,rule,38,38,,UNREACHABLE_FIXED_SEMANTICS_SENTENCE,Head/construct is absent from the submitted constructor term or is a concrete-only/other-type alternative. It was inventoried and inspected for overlap; it cannot fire on the target proof path.,775670eae46ffc1b3ac3c61cc6400e6a17c0e758ff2a08cda58bb08045a0ad4d
controls.k:39:16792e79fae5,/reference/reference-semantics/semantics/controls.k,rule,39,42,,UNREACHABLE_FIXED_SEMANTICS_SENTENCE,Head/construct is absent from the submitted constructor term or is a concrete-only/other-type alternative. It was inventoried and inspected for overlap; it cannot fire on the target proof path.,16792e79fae547f357c72fda3710d3fb1eea03d5131e31991975acacb404b3d6
controls.k:43:3234af4514ce,/reference/reference-semantics/semantics/controls.k,rule,43,47,,UNREACHABLE_FIXED_SEMANTICS_SENTENCE,Head/construct is absent from the submitted constructor term or is a concrete-only/other-type alternative. It was inventoried and inspected for overlap; it cannot fire on the target proof path.,3234af4514ced04c4f8b05a1f8085f484ff9c93c612855d95586435d7e5850f6
controls.k:48:eb3ba2f76867,/reference/reference-semantics/semantics/controls.k,rule,48,50,,REACHABLE_FIXED_SEMANTICS_SOUND_ON_USED_DOMAIN,"Inspected for matching, guards, overlap, evaluation order, control, allocation, and state footprint; agrees with the submitted program's plain-list/int execution path.",eb3ba2f76867b95c4abb23256e465f313b6b4ca7174ac2d67d90fcac852634ce
controls.k:51:7b0fe50a6219,/reference/reference-semantics/semantics/controls.k,syntax,51,51,,REACHABLE_FIXED_SEMANTICS_SOUND_ON_USED_DOMAIN,"Inspected for matching, guards, overlap, evaluation order, control, allocation, and state footprint; agrees with the submitted program's plain-list/int execution path.",7b0fe50a62195a3b0fef8fb68b9e36bec75ecac9e75acf69e84b5201a689d177
controls.k:52:cbe0a65ca8b4,/reference/reference-semantics/semantics/controls.k,rule,52,52,,REACHABLE_FIXED_SEMANTICS_SOUND_ON_USED_DOMAIN,"Inspected for matching, guards, overlap, evaluation order, control, allocation, and state footprint; agrees with the submitted program's plain-list/int execution path.",cbe0a65ca8b486f863733c806119e1f4a10dbab29dfe59f18e11ba8a0eba3c24
controls.k:53:590ba86f9c09,/reference/reference-semantics/semantics/controls.k,rule,53,53,,REACHABLE_FIXED_SEMANTICS_SOUND_ON_USED_DOMAIN,"Inspected for matching, guards, overlap, evaluation order, control, allocation, and state footprint; agrees with the submitted program's plain-list/int execution path.",590ba86f9c098d790a320da93c083cc8f802c9ca35711eb1cc2cd74245b5ba9f
controls.k:54:ff7557d947a0,/reference/reference-semantics/semantics/controls.k,rule,54,56,,REACHABLE_FIXED_SEMANTICS_SOUND_ON_USED_DOMAIN,"Inspected for matching, guards, overlap, evaluation order, control, allocation, and state footprint; agrees with the submitted program's plain-list/int execution path.",ff7557d947a08ac40c7ceee538b9daef506db3c2a78baeba82da06f1656f45bc
controls.k:57:7a11b92d5f39,/reference/reference-semantics/semantics/controls.k,rule,57,58,,REACHABLE_FIXED_SEMANTICS_SOUND_ON_USED_DOMAIN,"Inspected for matching, guards, overlap, evaluation order, control, allocation, and state footprint; agrees with the submitted program's plain-list/int execution path.",7a11b92d5f399aa2ed578a0cd9ca0621ef427ca8023e7c60717b9100e28a1915
controls.k:59:2c6960d060e5,/reference/reference-semantics/semantics/controls.k,rule,59,64,,REACHABLE_FIXED_SEMANTICS_SOUND_ON_USED_DOMAIN,"Inspected for matching, guards, overlap, evaluation order, control, allocation, and state footprint; agrees with the submitted program's plain-list/int execution path.",2c6960d060e5fcfe5e42abf4fd64450cf89ef155afcb0dca8235b3f52f500c50
controls.k:65:527ed693357c,/reference/reference-semantics/semantics/controls.k,syntax,65,68,,REACHABLE_FIXED_SEMANTICS_SOUND_ON_USED_DOMAIN,"Inspected for matching, guards, overlap, evaluation order, control, allocation, and state footprint; agrees with the submitted program's plain-list/int execution path.",527ed693357cc917d7a66c85117620efd2d6e9d63fd3c513d857d75f32c5c84e
controls.k:69:54e2c3c93eb9,/reference/reference-semantics/semantics/controls.k,rule,69,70,,REACHABLE_FIXED_SEMANTICS_SOUND_ON_USED_DOMAIN,"Inspected for matching, guards, overlap, evaluation order, control, allocation, and state footprint; agrees with the submitted program's plain-list/int execution path.",54e2c3c93eb9e29b84ab176aea9ecc6ea72a430e4d0191059235eb51231c0480
controls.k:71:f6431203e70c,/reference/reference-semantics/semantics/controls.k,rule,71,71,,REACHABLE_FIXED_SEMANTICS_SOUND_ON_USED_DOMAIN,"Inspected for matching, guards, overlap, evaluation order, control, allocation, and state footprint; agrees with the submitted program's plain-list/int execution path.",f6431203e70c43ecb8a36acee40238048e5ae9c14481a6f5e8cb0b7b1d58b46e
controls.k:72:e22f89d510cf,/reference/reference-semantics/semantics/controls.k,rule,72,72,,REACHABLE_FIXED_SEMANTICS_SOUND_ON_USED_DOMAIN,"Inspected for matching, guards, overlap, evaluation order, control, allocation, and state footprint; agrees with the submitted program's plain-list/int execution path.",e22f89d510cff7d36192b2a2ccfeaaf725796c8c8c827450ae307c7947ef155a
controls.k:73:27623a04cbed,/reference/reference-semantics/semantics/controls.k,rule,73,76,,REACHABLE_FIXED_SEMANTICS_SOUND_ON_USED_DOMAIN,"Inspected for matching, guards, overlap, evaluation order, control, allocation, and state footprint; agrees with the submitted program's plain-list/int execution path.",27623a04cbed0ba606c977978c4830e1e59af1e07b6fec606273bc5bdcb4af68
controls.k:77:cc778d0a7dee,/reference/reference-semantics/semantics/controls.k,rule,77,77,,UNREACHABLE_FIXED_SEMANTICS_SENTENCE,Head/construct is absent from the submitted constructor term or is a concrete-only/other-type alternative. It was inventoried and inspected for overlap; it cannot fire on the target proof path.,cc778d0a7dee57761ad2083c164374f1ca61a417f970a113330d7964d8a869df
controls.k:78:6b4a239ea016,/reference/reference-semantics/semantics/controls.k,rule,78,78,,UNREACHABLE_FIXED_SEMANTICS_SENTENCE,Head/construct is absent from the submitted constructor term or is a concrete-only/other-type alternative. It was inventoried and inspected for overlap; it cannot fire on the target proof path.,6b4a239ea0168f84cd9b863978fae9d5c0b970eabaf77a73c6bbda53ca569539
controls.k:79:7954a0aef082,/reference/reference-semantics/semantics/controls.k,rule,79,80,,UNREACHABLE_FIXED_SEMANTICS_SENTENCE,Head/construct is absent from the submitted constructor term or is a concrete-only/other-type alternative. It was inventoried and inspected for overlap; it cannot fire on the target proof path.,7954a0aef08296979e388406314e89fd6e2dba4ea575dad2bf1408e922ce13cf
controls.k:81:e3419f8eee7f,/reference/reference-semantics/semantics/controls.k,rule,81,84,,UNREACHABLE_FIXED_SEMANTICS_SENTENCE,Head/construct is absent from the submitted constructor term or is a concrete-only/other-type alternative. It was inventoried and inspected for overlap; it cannot fire on the target proof path.,e3419f8eee7f79e8c4514487daf45e1127400563d7aff94b6e8ed3a55819f81f
controls.k:85:bb87d59b209a,/reference/reference-semantics/semantics/controls.k,rule,85,85,,UNREACHABLE_FIXED_SEMANTICS_SENTENCE,Head/construct is absent from the submitted constructor term or is a concrete-only/other-type alternative. It was inventoried and inspected for overlap; it cannot fire on the target proof path.,bb87d59b209abee2097a69ac0521f4f49fc8162769983885860572a9797f7f3a
controls.k:86:7987cb734506,/reference/reference-semantics/semantics/controls.k,rule,86,86,,UNREACHABLE_FIXED_SEMANTICS_SENTENCE,Head/construct is absent from the submitted constructor term or is a concrete-only/other-type alternative. It was inventoried and inspected for overlap; it cannot fire on the target proof path.,7987cb734506ffbd385ee94489bf6138d7d3e170c7e1bcf045a5de280ba0bb83
controls.k:87:0c6690a88f1d,/reference/reference-semantics/semantics/controls.k,rule,87,87,,UNREACHABLE_FIXED_SEMANTICS_SENTENCE,Head/construct is absent from the submitted constructor term or is a concrete-only/other-type alternative. It was inventoried and inspected for overlap; it cannot fire on the target proof path.,0c6690a88f1d95c9312e4548a2245797efb3794c54bd0b998bc299250012679e
controls.k:88:8617466b0146,/reference/reference-semantics/semantics/controls.k,rule,88,88,,UNREACHABLE_FIXED_SEMANTICS_SENTENCE,Head/construct is absent from the submitted constructor term or is a concrete-only/other-type alternative. It was inventoried and inspected for overlap; it cannot fire on the target proof path.,8617466b01468a24391f6c8144aa24fad531384c5ac6b67bf45ac202c9903691
controls.k:89:5cabf37fa715,/reference/reference-semantics/semantics/controls.k,rule,89,89,owise,UNREACHABLE_FIXED_SEMANTICS_SENTENCE,Head/construct is absent from the submitted constructor term or is a concrete-only/other-type alternative. It was inventoried and inspected for overlap; it cannot fire on the target proof path.,5cabf37fa715399227a3a3ac10bbe5848811a4674872d38789dbcaaf8a962b70
controls.k:90:5b9a5f06df03,/reference/reference-semantics/semantics/controls.k,rule,90,90,,UNREACHABLE_FIXED_SEMANTICS_SENTENCE,Head/construct is absent from the submitted constructor term or is a concrete-only/other-type alternative. It was inventoried and inspected for overlap; it cannot fire on the target proof path.,5b9a5f06df03d210661bd4242bc729c182e9d98bf2ac35665f7d2c1cba2048f8
controls.k:91:0b85dbffe432,/reference/reference-semantics/semantics/controls.k,rule,91,94,owise,UNREACHABLE_FIXED_SEMANTICS_SENTENCE,Head/construct is absent from the submitted constructor term or is a concrete-only/other-type alternative. It was inventoried and inspected for overlap; it cannot fire on the target proof path.,0b85dbffe4321627cffb340315f61d81a4a2767a8fa809a199a66008d70b5b51
controls.k:95:ff65bd7ea83d,/reference/reference-semantics/semantics/controls.k,rule,95,97,priority(40),UNREACHABLE_FIXED_SEMANTICS_SENTENCE,Head/construct is absent from the submitted constructor term or is a concrete-only/other-type alternative. It was inventoried and inspected for overlap; it cannot fire on the target proof path.,ff65bd7ea83de9c1aac2201a6aacd05085c15bf4f7a8368a115d11754dd3088a
controls.k:98:a42c32523449,/reference/reference-semantics/semantics/controls.k,rule,98,100,priority(40),UNREACHABLE_FIXED_SEMANTICS_SENTENCE,Head/construct is absent from the submitted constructor term or is a concrete-only/other-type alternative. It was inventoried and inspected for overlap; it cannot fire on the target proof path.,a42c325234497da9c2b931fb7600707181b79378e75ed4242f79fffa971045ec
controls.k:101:3a707c519f21,/reference/reference-semantics/semantics/controls.k,rule,101,105,priority(40),UNREACHABLE_FIXED_SEMANTICS_SENTENCE,Head/construct is absent from the submitted constructor term or is a concrete-only/other-type alternative. It was inventoried and inspected for overlap; it cannot fire on the target proof path.,3a707c519f219172023ab73ba36f7a45ad608c0cbd0ab287d62524bb1619fa8f
controls.k:106:32f13b8026fc,/reference/reference-semantics/semantics/controls.k,rule,106,108,priority(40),UNREACHABLE_FIXED_SEMANTICS_SENTENCE,Head/construct is absent from the submitted constructor term or is a concrete-only/other-type alternative. It was inventoried and inspected for overlap; it cannot fire on the target proof path.,32f13b8026fc2ebda6564a756c9a8580ce60ecbf5ede2d77d9b9482ba95abf50
controls.k:109:4c5df27adc71,/reference/reference-semantics/semantics/controls.k,endmodule,109,109,,STRUCTURAL_SOURCE_SENTENCE,Require/import/module boundary; no rewrite content.,4c5df27adc717388cee7175c70de02f160d4f9a8e25c48eb0fc23e1968ad13f4
core.k:3:6f8de5b25360,/reference/reference-semantics/semantics/core.k,module,3,3,,STRUCTURAL_SOURCE_SENTENCE,Require/import/module boundary; no rewrite content.,6f8de5b253608309bc62e1e06d6c9d794fdc890af16d988e5e49d07a95e3b1df
core.k:4:53e3bff8f927,/reference/reference-semantics/semantics/core.k,imports,4,4,,STRUCTURAL_SOURCE_SENTENCE,Require/import/module boundary; no rewrite content.,53e3bff8f927183283d900a5251fa5e2512a93c8faf32e529621ebe895d93050
core.k:5:e6c6a545c82f,/reference/reference-semantics/semantics/core.k,imports,5,5,,STRUCTURAL_SOURCE_SENTENCE,Require/import/module boundary; no rewrite content.,e6c6a545c82f21825986f4acedb91066255b1648e6ea357da01ee474f877a7ec
core.k:6:a87b57b80409,/reference/reference-semantics/semantics/core.k,imports,6,6,,STRUCTURAL_SOURCE_SENTENCE,Require/import/module boundary; no rewrite content.,a87b57b80409f2a188407cd25e5a2bd9c412a60b8d7e64f7d839e3e9593b8569
core.k:7:0285d3d5d999,/reference/reference-semantics/semantics/core.k,imports,7,7,,STRUCTURAL_SOURCE_SENTENCE,Require/import/module boundary; no rewrite content.,0285d3d5d999f874f605ab7b0a1c28e70d0b96e3b33c6590556e0032fa33fd39
core.k:8:acf7e2a94c16,/reference/reference-semantics/semantics/core.k,imports,8,8,,STRUCTURAL_SOURCE_SENTENCE,Require/import/module boundary; no rewrite content.,acf7e2a94c16324b89d1a51d98c5e05fc55dc40954dc9fcb6723ba7baeb4ec53
core.k:9:82a7d762e104,/reference/reference-semantics/semantics/core.k,imports,9,9,,STRUCTURAL_SOURCE_SENTENCE,Require/import/module boundary; no rewrite content.,82a7d762e10459837802636cd031705c66f6df450b6e63ea0e20f72dc5a6fcd0
core.k:10:5d664c02791d,/reference/reference-semantics/semantics/core.k,imports,10,12,,STRUCTURAL_SOURCE_SENTENCE,Require/import/module boundary; no rewrite content.,5d664c02791debafd1c58c1ef3ced502c6bc84e391ab9bf326e009fc1f3c5ec9
core.k:13:2768b2d6c3a1,/reference/reference-semantics/semantics/core.k,syntax,13,13,,REACHABLE_FIXED_SEMANTICS_SOUND_ON_USED_DOMAIN,"Inspected for matching, guards, overlap, evaluation order, control, allocation, and state footprint; agrees with the submitted program's plain-list/int execution path.",2768b2d6c3a17c8dc96cd3fe2032aaa71938dc7e459f3302d39650b2eb1e8be4
core.k:14:3571b0fa24f6,/reference/reference-semantics/semantics/core.k,syntax,14,14,,REACHABLE_FIXED_SEMANTICS_SOUND_ON_USED_DOMAIN,"Inspected for matching, guards, overlap, evaluation order, control, allocation, and state footprint; agrees with the submitted program's plain-list/int execution path.",3571b0fa24f69901cc16fe43a413976e68db54b0f47c1857bba7bb311aec6578
core.k:15:16488dd30040,/reference/reference-semantics/semantics/core.k,syntax,15,17,,REACHABLE_FIXED_SEMANTICS_SOUND_ON_USED_DOMAIN,"Inspected for matching, guards, overlap, evaluation order, control, allocation, and state footprint; agrees with the submitted program's plain-list/int execution path.",16488dd300402a20f9d382a29903e46194c238e5367cc4b2e92182d7abb0bfa2
core.k:18:2b8233305aea,/reference/reference-semantics/semantics/core.k,syntax,18,24,,REACHABLE_FIXED_SEMANTICS_SOUND_ON_USED_DOMAIN,"Inspected for matching, guards, overlap, evaluation order, control, allocation, and state footprint; agrees with the submitted program's plain-list/int execution path.",2b8233305aeadb8aa309b4bcf0520698e22aaa7d3de66e0d3c007bb3c8dac0f7
core.k:25:e92cb7e4014d,/reference/reference-semantics/semantics/core.k,syntax,25,35,,REACHABLE_FIXED_SEMANTICS_SOUND_ON_USED_DOMAIN,"Inspected for matching, guards, overlap, evaluation order, control, allocation, and state footprint; agrees with the submitted program's plain-list/int execution path.",e92cb7e4014d3d2bd9d2d9b1c6d90b41b3c47f425f665780398dfc7662f232b1
core.k:36:c240ca8787f6,/reference/reference-semantics/semantics/core.k,syntax,36,36,,REACHABLE_FIXED_SEMANTICS_SOUND_ON_USED_DOMAIN,"Inspected for matching, guards, overlap, evaluation order, control, allocation, and state footprint; agrees with the submitted program's plain-list/int execution path.",c240ca8787f6f25f24fbb9d017955e365cc667750c631f7869bfa2650e3482b3
core.k:37:1a4b85e2b644,/reference/reference-semantics/semantics/core.k,syntax,37,37,,REACHABLE_FIXED_SEMANTICS_SOUND_ON_USED_DOMAIN,"Inspected for matching, guards, overlap, evaluation order, control, allocation, and state footprint; agrees with the submitted program's plain-list/int execution path.",1a4b85e2b644f529e4a00633d558310cb6a0598e944493db599c6b028d03d8c2
core.k:38:190af4b16650,/reference/reference-semantics/semantics/core.k,syntax,38,38,,REACHABLE_FIXED_SEMANTICS_SOUND_ON_USED_DOMAIN,"Inspected for matching, guards, overlap, evaluation order, control, allocation, and state footprint; agrees with the submitted program's plain-list/int execution path.",190af4b16650786b1d561fa05c1505a6458261cbbc813b67fce1d8382447ed18
core.k:39:0e85532827dc,/reference/reference-semantics/semantics/core.k,syntax,39,39,,REACHABLE_FIXED_SEMANTICS_SOUND_ON_USED_DOMAIN,"Inspected for matching, guards, overlap, evaluation order, control, allocation, and state footprint; agrees with the submitted program's plain-list/int execution path.",0e85532827dc67c834bad9f81e8121a2914d717bcd0022d47056849294f017bc
core.k:40:c9cee1981af7,/reference/reference-semantics/semantics/core.k,syntax,40,40,,REACHABLE_FIXED_SEMANTICS_SOUND_ON_USED_DOMAIN,"Inspected for matching, guards, overlap, evaluation order, control, allocation, and state footprint; agrees with the submitted program's plain-list/int execution path.",c9cee1981af78d22be358515c3d40c43ddf113a6e501732215323e86c69df803
core.k:41:1a9977b68187,/reference/reference-semantics/semantics/core.k,syntax,41,41,,REACHABLE_FIXED_SEMANTICS_SOUND_ON_USED_DOMAIN,"Inspected for matching, guards, overlap, evaluation order, control, allocation, and state footprint; agrees with the submitted program's plain-list/int execution path.",1a9977b6818762a6c75f12776156fc9cf31d7c72a74adfb8e1e05fc0ecf94339
core.k:42:de0c80b21d8e,/reference/reference-semantics/semantics/core.k,syntax,42,48,,REACHABLE_FIXED_SEMANTICS_SOUND_ON_USED_DOMAIN,"Inspected for matching, guards, overlap, evaluation order, control, allocation, and state footprint; agrees with the submitted program's plain-list/int execution path.",de0c80b21d8eb36cf36d606cf767f2a520411bf5a1d3616806c99a959bbd8f5b
core.k:49:e2e69e72a496,/reference/reference-semantics/semantics/core.k,configuration,49,67,,REACHABLE_FIXED_SEMANTICS_SOUND_ON_USED_DOMAIN,"Inspected for matching, guards, overlap, evaluation order, control, allocation, and state footprint; agrees with the submitted program's plain-list/int execution path.",e2e69e72a4960a3aefd72d7c1b3b75d039e9fff8be3ccccdc17f464c8d395f8b
core.k:68:3338ad77ca00,/reference/reference-semantics/semantics/core.k,syntax,68,68,function|total,REACHABLE_FIXED_SEMANTICS_SOUND_ON_USED_DOMAIN,"Inspected for matching, guards, overlap, evaluation order, control, allocation, and state footprint; agrees with the submitted program's plain-list/int execution path.",3338ad77ca0049a96dfe1eaeb080b4c41c6be71c0c3b3f745920c8a3f234cec0
core.k:69:d1ee5822bc20,/reference/reference-semantics/semantics/core.k,rule,69,69,,REACHABLE_FIXED_SEMANTICS_SOUND_ON_USED_DOMAIN,"Inspected for matching, guards, overlap, evaluation order, control, allocation, and state footprint; agrees with the submitted program's plain-list/int execution path.",d1ee5822bc201a81a9e53ef1bbc95650db6ed80ae67b039110a99e1244587cac
core.k:70:0c7cce155ae3,/reference/reference-semantics/semantics/core.k,rule,70,74,owise,REACHABLE_FIXED_SEMANTICS_SOUND_ON_USED_DOMAIN,"Inspected for matching, guards, overlap, evaluation order, control, allocation, and state footprint; agrees with the submitted program's plain-list/int execution path.",0c7cce155ae3e6320c5d4bd48b2c693b895f7dacaa77c81e46772701bf682ece
core.k:75:21cd98225d72,/reference/reference-semantics/semantics/core.k,syntax,75,75,,UNREACHABLE_FIXED_SEMANTICS_SENTENCE,Head/construct is absent from the submitted constructor term or is a concrete-only/other-type alternative. It was inventoried and inspected for overlap; it cannot fire on the target proof path.,21cd98225d729d9f7639156eab6a245a02779ba0a9d8b21e9f073c0ff26f5274
core.k:76:a9d42f86eb00,/reference/reference-semantics/semantics/core.k,syntax,76,76,function|total,UNREACHABLE_FIXED_SEMANTICS_SENTENCE,Head/construct is absent from the submitted constructor term or is a concrete-only/other-type alternative. It was inventoried and inspected for overlap; it cannot fire on the target proof path.,a9d42f86eb00022dec3e226b09600aaa48f1a7be55f597845133e1bd191296a1
core.k:77:d10f04444db1,/reference/reference-semantics/semantics/core.k,rule,77,77,,UNREACHABLE_FIXED_SEMANTICS_SENTENCE,Head/construct is absent from the submitted constructor term or is a concrete-only/other-type alternative. It was inventoried and inspected for overlap; it cannot fire on the target proof path.,d10f04444db1ef0234b6d965704225f982b943f5f876e0dd2b84ca6cb186d00d
core.k:78:5a8e9cee84f2,/reference/reference-semantics/semantics/core.k,rule,78,84,owise,UNREACHABLE_FIXED_SEMANTICS_SENTENCE,Head/construct is absent from the submitted constructor term or is a concrete-only/other-type alternative. It was inventoried and inspected for overlap; it cannot fire on the target proof path.,5a8e9cee84f2dbf8c0de9a66101d7f454ee0e4ef9387f90a1b3b96d108f076bb
core.k:85:ccbcf54c09d4,/reference/reference-semantics/semantics/core.k,rule,85,94,priority(40),UNREACHABLE_FIXED_SEMANTICS_SENTENCE,Head/construct is absent from the submitted constructor term or is a concrete-only/other-type alternative. It was inventoried and inspected for overlap; it cannot fire on the target proof path.,ccbcf54c09d432d185cd73f66e00b677291ba701494a1d9a9e7fa3b7eb7c5936
core.k:95:746e63785a2a,/reference/reference-semantics/semantics/core.k,syntax,95,95,,UNREACHABLE_FIXED_SEMANTICS_SENTENCE,Head/construct is absent from the submitted constructor term or is a concrete-only/other-type alternative. It was inventoried and inspected for overlap; it cannot fire on the target proof path.,746e63785a2ae3973e73c46044dcbf4775ebee34152fc64892f4b2b789edd83f
core.k:96:7135e0a28684,/reference/reference-semantics/semantics/core.k,syntax,96,96,,UNREACHABLE_FIXED_SEMANTICS_SENTENCE,Head/construct is absent from the submitted constructor term or is a concrete-only/other-type alternative. It was inventoried and inspected for overlap; it cannot fire on the target proof path.,7135e0a28684c3f959f5c02eb7518d47f4673034587be13a48e55a135987f6e2
core.k:97:28d46dc1bd55,/reference/reference-semantics/semantics/core.k,rule,97,97,,UNREACHABLE_FIXED_SEMANTICS_SENTENCE,Head/construct is absent from the submitted constructor term or is a concrete-only/other-type alternative. It was inventoried and inspected for overlap; it cannot fire on the target proof path.,28d46dc1bd55f13049d73cb2bf63a371dc732d4615cdd181645239d4cd5ad537
core.k:98:b16faf57f0a4,/reference/reference-semantics/semantics/core.k,rule,98,99,,UNREACHABLE_FIXED_SEMANTICS_SENTENCE,Head/construct is absent from the submitted constructor term or is a concrete-only/other-type alternative. It was inventoried and inspected for overlap; it cannot fire on the target proof path.,b16faf57f0a4ea99fe0c8f966f92696df0327f139ba5260288a67e046f99a2dc
core.k:100:50eabe9c99f3,/reference/reference-semantics/semantics/core.k,syntax,100,100,function|total,UNREACHABLE_FIXED_SEMANTICS_SENTENCE,Head/construct is absent from the submitted constructor term or is a concrete-only/other-type alternative. It was inventoried and inspected for overlap; it cannot fire on the target proof path.,50eabe9c99f38505cf15bf77c4bac9a1abf4f9b87d14b59bbda92ca979979de1
core.k:101:a1fa116710bd,/reference/reference-semantics/semantics/core.k,rule,101,101,,UNREACHABLE_FIXED_SEMANTICS_SENTENCE,Head/construct is absent from the submitted constructor term or is a concrete-only/other-type alternative. It was inventoried and inspected for overlap; it cannot fire on the target proof path.,a1fa116710bde2dcf3a27bef6ca7c778952c610ebf3439a992d3b795fbb62980
core.k:102:200aa58406d9,/reference/reference-semantics/semantics/core.k,rule,102,105,owise,UNREACHABLE_FIXED_SEMANTICS_SENTENCE,Head/construct is absent from the submitted constructor term or is a concrete-only/other-type alternative. It was inventoried and inspected for overlap; it cannot fire on the target proof path.,200aa58406d99e22d3b9ce9a9ef60d4663b4e18452d09f10c48e045bd68b7760
core.k:106:2285105441dc,/reference/reference-semantics/semantics/core.k,syntax,106,106,,UNREACHABLE_FIXED_SEMANTICS_SENTENCE,Head/construct is absent from the submitted constructor term or is a concrete-only/other-type alternative. It was inventoried and inspected for overlap; it cannot fire on the target proof path.,2285105441dce6794397ba48377014495fd03df64a341f3f38c98e1db8345f5a
core.k:107:ad2441054e7f,/reference/reference-semantics/semantics/core.k,syntax,107,107,function,UNREACHABLE_FIXED_SEMANTICS_SENTENCE,Head/construct is absent from the submitted constructor term or is a concrete-only/other-type alternative. It was inventoried and inspected for overlap; it cannot fire on the target proof path.,ad2441054e7f455725e98d81f76b8fd041bc9ed222e5edb98a5c94ae3839523b
core.k:108:dadd75df5321,/reference/reference-semantics/semantics/core.k,rule,108,108,,UNREACHABLE_FIXED_SEMANTICS_SENTENCE,Head/construct is absent from the submitted constructor term or is a concrete-only/other-type alternative. It was inventoried and inspected for overlap; it cannot fire on the target proof path.,dadd75df53218bc9b64ef8083a5cfdd2ce110ae737320172b4df3b74b49eca81
core.k:109:009b993788c2,/reference/reference-semantics/semantics/core.k,syntax,109,109,function|total,UNREACHABLE_FIXED_SEMANTICS_SENTENCE,Head/construct is absent from the submitted constructor term or is a concrete-only/other-type alternative. It was inventoried and inspected for overlap; it cannot fire on the target proof path.,009b993788c253193b1ce0fa5b061697c6440e0788701a19869c9dab19663ff9
core.k:110:09cb69784187,/reference/reference-semantics/semantics/core.k,rule,110,110,,UNREACHABLE_FIXED_SEMANTICS_SENTENCE,Head/construct is absent from the submitted constructor term or is a concrete-only/other-type alternative. It was inventoried and inspected for overlap; it cannot fire on the target proof path.,09cb69784187ad842a22036b322bfc6e6b6b0146b07291ed5538c1ed17fb12c8
core.k:111:40d3ebcbac2e,/reference/reference-semantics/semantics/core.k,rule,111,112,,UNREACHABLE_FIXED_SEMANTICS_SENTENCE,Head/construct is absent from the submitted constructor term or is a concrete-only/other-type alternative. It was inventoried and inspected for overlap; it cannot fire on the target proof path.,40d3ebcbac2e7febec8650f7bec5a04bd4771fe1fb00b0029b055011e68b54d1
core.k:113:16af91ae2538,/reference/reference-semantics/semantics/core.k,syntax,113,113,,UNREACHABLE_FIXED_SEMANTICS_SENTENCE,Head/construct is absent from the submitted constructor term or is a concrete-only/other-type alternative. It was inventoried and inspected for overlap; it cannot fire on the target proof path.,16af91ae25382cf323fddfcbec2b15113bb7f8e345fc838cffd3d1ea5c48402f
core.k:114:8cd98c73610f,/reference/reference-semantics/semantics/core.k,rule,114,116,,UNREACHABLE_FIXED_SEMANTICS_SENTENCE,Head/construct is absent from the submitted constructor term or is a concrete-only/other-type alternative. It was inventoried and inspected for overlap; it cannot fire on the target proof path.,8cd98c73610f48aa57c981cb37756c66c7690094d14b1d7dd6ecc280118e508b
core.k:117:584583182d33,/reference/reference-semantics/semantics/core.k,syntax,117,117,,REACHABLE_FIXED_SEMANTICS_SOUND_ON_USED_DOMAIN,"Inspected for matching, guards, overlap, evaluation order, control, allocation, and state footprint; agrees with the submitted program's plain-list/int execution path.",584583182d331f98087811d087ed974611dcaaa6ed451b3fd1b5669db71ee113
core.k:118:73c5f2c1164c,/reference/reference-semantics/semantics/core.k,rule,118,123,,REACHABLE_FIXED_SEMANTICS_SOUND_ON_USED_DOMAIN,"Inspected for matching, guards, overlap, evaluation order, control, allocation, and state footprint; agrees with the submitted program's plain-list/int execution path.",73c5f2c1164c99bb4e431aa329b45e3df25a9a3916f4720ae94c4a1a3117a043
core.k:124:40d32b5e1ad1,/reference/reference-semantics/semantics/core.k,syntax,124,124,,REACHABLE_FIXED_SEMANTICS_SOUND_ON_USED_DOMAIN,"Inspected for matching, guards, overlap, evaluation order, control, allocation, and state footprint; agrees with the submitted program's plain-list/int execution path.",40d32b5e1ad10747cb8671cd1e429ea97d3cec1b42c0c51a97d4025ea15ec9d2
core.k:125:831765b43e68,/reference/reference-semantics/semantics/core.k,rule,125,125,,REACHABLE_FIXED_SEMANTICS_SOUND_ON_USED_DOMAIN,"Inspected for matching, guards, overlap, evaluation order, control, allocation, and state footprint; agrees with the submitted program's plain-list/int execution path.",831765b43e688fdf9dd2115a4b939d436706f8c21eec8d12ae58d63460ea64ff
core.k:126:622f8afd4910,/reference/reference-semantics/semantics/core.k,rule,126,126,,REACHABLE_FIXED_SEMANTICS_SOUND_ON_USED_DOMAIN,"Inspected for matching, guards, overlap, evaluation order, control, allocation, and state footprint; agrees with the submitted program's plain-list/int execution path.",622f8afd49106ea25b456b94d71e2824694c02f0a7d79c85174ee0f6bbe5aeb2
core.k:127:913b04bec3e9,/reference/reference-semantics/semantics/core.k,rule,127,129,,REACHABLE_FIXED_SEMANTICS_SOUND_ON_USED_DOMAIN,"Inspected for matching, guards, overlap, evaluation order, control, allocation, and state footprint; agrees with the submitted program's plain-list/int execution path.",913b04bec3e9965c5fccda5c7468146ab7b9b60368e64ca29864c719e88dc4bd
core.k:130:68e17b99a979,/reference/reference-semantics/semantics/core.k,syntax,130,130,,REACHABLE_FIXED_SEMANTICS_SOUND_ON_USED_DOMAIN,"Inspected for matching, guards, overlap, evaluation order, control, allocation, and state footprint; agrees with the submitted program's plain-list/int execution path.",68e17b99a979fdef8ca37621b96b2adca48d3919ab7f1ce5c01b65d55df1c936
core.k:131:4dffd7efda70,/reference/reference-semantics/semantics/core.k,rule,131,131,,REACHABLE_FIXED_SEMANTICS_SOUND_ON_USED_DOMAIN,"Inspected for matching, guards, overlap, evaluation order, control, allocation, and state footprint; agrees with the submitted program's plain-list/int execution path.",4dffd7efda704b7e4db7e1c647183217805e651df4dafc5254bb00bf2fdc9cbe
core.k:132:b29eee0298a0,/reference/reference-semantics/semantics/core.k,rule,132,144,,REACHABLE_FIXED_SEMANTICS_SOUND_ON_USED_DOMAIN,"Inspected for matching, guards, overlap, evaluation order, control, allocation, and state footprint; agrees with the submitted program's plain-list/int execution path.",b29eee0298a0fbd55b27ebbe8c80981c6b4319ab729ec6146f576f5933c18219
core.k:145:3b3293c98073,/reference/reference-semantics/semantics/core.k,rule,145,151,priority(40),REACHABLE_FIXED_SEMANTICS_SOUND_ON_USED_DOMAIN,"Inspected for matching, guards, overlap, evaluation order, control, allocation, and state footprint; agrees with the submitted program's plain-list/int execution path.",3b3293c9807352b0c0c99b7a9b8c613ec00733fdcbd3fde140e26742e2aaa9a2
core.k:152:d805c991ad7d,/reference/reference-semantics/semantics/core.k,rule,152,156,,REACHABLE_FIXED_SEMANTICS_SOUND_ON_USED_DOMAIN,"Inspected for matching, guards, overlap, evaluation order, control, allocation, and state footprint; agrees with the submitted program's plain-list/int execution path.",d805c991ad7d7a3556c12a68451a95bfc8986337fd4c5223a84c747f695d20bf
core.k:157:9b3d6c932d97,/reference/reference-semantics/semantics/core.k,syntax,157,157,function|total,REACHABLE_FIXED_SEMANTICS_SOUND_ON_USED_DOMAIN,"Inspected for matching, guards, overlap, evaluation order, control, allocation, and state footprint; agrees with the submitted program's plain-list/int execution path.",9b3d6c932d97b99118d4972bbf495e2ee6ff961180c802cfc8002ac45499bc28
core.k:158:6bb9401f2285,/reference/reference-semantics/semantics/core.k,rule,158,184,,REACHABLE_FIXED_SEMANTICS_SOUND_ON_USED_DOMAIN,"Inspected for matching, guards, overlap, evaluation order, control, allocation, and state footprint; agrees with the submitted program's plain-list/int execution path.",6bb9401f2285601227a19ab2ad04f9d6d4535937705df26c54aa09559a71180b
core.k:185:0cd464bb92d6,/reference/reference-semantics/semantics/core.k,syntax,185,185,,REACHABLE_FIXED_SEMANTICS_SOUND_ON_USED_DOMAIN,"Inspected for matching, guards, overlap, evaluation order, control, allocation, and state footprint; agrees with the submitted program's plain-list/int execution path.",0cd464bb92d6fbd9eb61627b5a302e8d1419fb60845e61f594eea37e505361c0
core.k:186:4c486ed4a149,/reference/reference-semantics/semantics/core.k,syntax,186,188,,REACHABLE_FIXED_SEMANTICS_SOUND_ON_USED_DOMAIN,"Inspected for matching, guards, overlap, evaluation order, control, allocation, and state footprint; agrees with the submitted program's plain-list/int execution path.",4c486ed4a149e9e305a9176e39ac7f0ff75963f04d2b8be0defa6a4db356524d
core.k:189:e7135690e726,/reference/reference-semantics/semantics/core.k,rule,189,189,,REACHABLE_FIXED_SEMANTICS_SOUND_ON_USED_DOMAIN,"Inspected for matching, guards, overlap, evaluation order, control, allocation, and state footprint; agrees with the submitted program's plain-list/int execution path.",e7135690e7262635dd0046776e8c65541a1b0e833e52085a497abbab22a24c0d
core.k:190:aee090561fe2,/reference/reference-semantics/semantics/core.k,rule,190,190,,REACHABLE_FIXED_SEMANTICS_SOUND_ON_USED_DOMAIN,"Inspected for matching, guards, overlap, evaluation order, control, allocation, and state footprint; agrees with the submitted program's plain-list/int execution path.",aee090561fe2fc878e5922d8eeb9c6b759e0948f8c972db0ec10627a3d75e10a
core.k:191:970d561c7f9c,/reference/reference-semantics/semantics/core.k,rule,191,193,,REACHABLE_FIXED_SEMANTICS_SOUND_ON_USED_DOMAIN,"Inspected for matching, guards, overlap, evaluation order, control, allocation, and state footprint; agrees with the submitted program's plain-list/int execution path.",970d561c7f9c4b8f4a8b0291c59f5f473450c3c0c27124fa6efa204fbc998190
core.k:194:49f810c47c2d,/reference/reference-semantics/semantics/core.k,rule,194,194,,REACHABLE_FIXED_SEMANTICS_SOUND_ON_USED_DOMAIN,"Inspected for matching, guards, overlap, evaluation order, control, allocation, and state footprint; agrees with the submitted program's plain-list/int execution path.",49f810c47c2d98a8109f54c75a88554a078c9de7a27b1c9e98bab7c301f38e4c
core.k:195:28c8aac589eb,/reference/reference-semantics/semantics/core.k,rule,195,195,,REACHABLE_FIXED_SEMANTICS_SOUND_ON_USED_DOMAIN,"Inspected for matching, guards, overlap, evaluation order, control, allocation, and state footprint; agrees with the submitted program's plain-list/int execution path.",28c8aac589ebebb882cb3f121a4017a8cda85f190a8992d2ffac23ca9f423675
core.k:196:8f43f057222f,/reference/reference-semantics/semantics/core.k,rule,196,198,,REACHABLE_FIXED_SEMANTICS_SOUND_ON_USED_DOMAIN,"Inspected for matching, guards, overlap, evaluation order, control, allocation, and state footprint; agrees with the submitted program's plain-list/int execution path.",8f43f057222f9caa18b3df9c3fe8caf3eca8d3dd38d14d265a3a9f1ad1823ae0
core.k:199:c70b8b2eac36,/reference/reference-semantics/semantics/core.k,syntax,199,199,function,UNREACHABLE_FIXED_SEMANTICS_SENTENCE,Head/construct is absent from the submitted constructor term or is a concrete-only/other-type alternative. It was inventoried and inspected for overlap; it cannot fire on the target proof path.,c70b8b2eac36b927650e58afbb71b054cb3bbaaf272b95c269b562f4cca551bf
core.k:200:6a5f897dddf5,/reference/reference-semantics/semantics/core.k,rule,200,200,,UNREACHABLE_FIXED_SEMANTICS_SENTENCE,Head/construct is absent from the submitted constructor term or is a concrete-only/other-type alternative. It was inventoried and inspected for overlap; it cannot fire on the target proof path.,6a5f897dddf50fc1cc333177fd7d58fd05d5d2105120316f6e5a4151303bd335
core.k:201:ce79df9f62d4,/reference/reference-semantics/semantics/core.k,rule,201,201,,UNREACHABLE_FIXED_SEMANTICS_SENTENCE,Head/construct is absent from the submitted constructor term or is a concrete-only/other-type alternative. It was inventoried and inspected for overlap; it cannot fire on the target proof path.,ce79df9f62d4e794695fa9afbce647d0952b63e75c12138ff9c2bd78b074cd9d
core.k:202:028df8cf7244,/reference/reference-semantics/semantics/core.k,rule,202,202,,UNREACHABLE_FIXED_SEMANTICS_SENTENCE,Head/construct is absent from the submitted constructor term or is a concrete-only/other-type alternative. It was inventoried and inspected for overlap; it cannot fire on the target proof path.,028df8cf7244b1e37591ce4395e7e3b07a76ae5a4290f7d0cafdf039fca50fb8
core.k:203:933b3fe9dcab,/reference/reference-semantics/semantics/core.k,rule,203,203,,UNREACHABLE_FIXED_SEMANTICS_SENTENCE,Head/construct is absent from the submitted constructor term or is a concrete-only/other-type alternative. It was inventoried and inspected for overlap; it cannot fire on the target proof path.,933b3fe9dcab3bdf20db8bf4c1a2b3cba08db2f51ccb124b6ba82c35a9515bc5
core.k:204:75c0f2ab15c6,/reference/reference-semantics/semantics/core.k,rule,204,204,,UNREACHABLE_FIXED_SEMANTICS_SENTENCE,Head/construct is absent from the submitted constructor term or is a concrete-only/other-type alternative. It was inventoried and inspected for overlap; it cannot fire on the target proof path.,75c0f2ab15c6fc94075bf8f9cef4918470585c955004634f0c982615be0ae0ae
core.k:205:1660cb202632,/reference/reference-semantics/semantics/core.k,rule,205,207,,UNREACHABLE_FIXED_SEMANTICS_SENTENCE,Head/construct is absent from the submitted constructor term or is a concrete-only/other-type alternative. It was inventoried and inspected for overlap; it cannot fire on the target proof path.,1660cb2026322597104cf4ec33c7388b5fe1da5ffc7ea6acbeb5c45fbab93d91
core.k:208:01c72ea272fe,/reference/reference-semantics/semantics/core.k,syntax,208,208,function,REACHABLE_FIXED_SEMANTICS_SOUND_ON_USED_DOMAIN,"Inspected for matching, guards, overlap, evaluation order, control, allocation, and state footprint; agrees with the submitted program's plain-list/int execution path.",01c72ea272fe77e59dfee2c706b635e11d09b2a04d1d76f98d60659c942fd492
core.k:209:182a981e83f0,/reference/reference-semantics/semantics/core.k,syntax,209,209,function,REACHABLE_FIXED_SEMANTICS_SOUND_ON_USED_DOMAIN,"Inspected for matching, guards, overlap, evaluation order, control, allocation, and state footprint; agrees with the submitted program's plain-list/int execution path.",182a981e83f00c3893b88729b6cf5be5479e21d6f42cdaf842eeeb76affaecf1
core.k:210:da44e152afa8,/reference/reference-semantics/semantics/core.k,syntax,210,212,function,REACHABLE_FIXED_SEMANTICS_SOUND_ON_USED_DOMAIN,"Inspected for matching, guards, overlap, evaluation order, control, allocation, and state footprint; agrees with the submitted program's plain-list/int execution path.",da44e152afa873733ab2dc3148ce50d71b34ecc042e1cf1ccf8c1551df77c27d
core.k:213:763cc5fd6e1a,/reference/reference-semantics/semantics/core.k,syntax,213,213,function|total,REACHABLE_FIXED_SEMANTICS_SOUND_ON_USED_DOMAIN,"Inspected for matching, guards, overlap, evaluation order, control, allocation, and state footprint; agrees with the submitted program's plain-list/int execution path.",763cc5fd6e1abb711ac3c786c23d3e9954aa228ccb4012bbd586bfaa5ba4fadd
core.k:214:60caff7a9f1f,/reference/reference-semantics/semantics/core.k,rule,214,214,,REACHABLE_FIXED_SEMANTICS_SOUND_ON_USED_DOMAIN,"Inspected for matching, guards, overlap, evaluation order, control, allocation, and state footprint; agrees with the submitted program's plain-list/int execution path.",60caff7a9f1fbc6feaab41eb48b1217883a3d6ad60ae5ccc2081ffcaee8d5de9
core.k:215:c67434450dfa,/reference/reference-semantics/semantics/core.k,rule,215,216,,REACHABLE_FIXED_SEMANTICS_SOUND_ON_USED_DOMAIN,"Inspected for matching, guards, overlap, evaluation order, control, allocation, and state footprint; agrees with the submitted program's plain-list/int execution path.",c67434450dfaea990d24b843f34d458858030555acd1f7050ad57b6ec05e65ed
core.k:217:7a97605e841a,/reference/reference-semantics/semantics/core.k,syntax,217,217,function|total,REACHABLE_FIXED_SEMANTICS_SOUND_ON_USED_DOMAIN,"Inspected for matching, guards, overlap, evaluation order, control, allocation, and state footprint; agrees with the submitted program's plain-list/int execution path.",7a97605e841a91e05985c61a14143af9e0f2bfbec36c5c9bd36fc15daf540b31
core.k:218:702ecbf22fe6,/reference/reference-semantics/semantics/core.k,rule,218,218,,REACHABLE_FIXED_SEMANTICS_SOUND_ON_USED_DOMAIN,"Inspected for matching, guards, overlap, evaluation order, control, allocation, and state footprint; agrees with the submitted program's plain-list/int execution path.",702ecbf22fe6f1758f419f11f4435c2105c06424806029125446876b94c85500
core.k:219:e9fb82f13f27,/reference/reference-semantics/semantics/core.k,rule,219,222,,REACHABLE_FIXED_SEMANTICS_SOUND_ON_USED_DOMAIN,"Inspected for matching, guards, overlap, evaluation order, control, allocation, and state footprint; agrees with the submitted program's plain-list/int execution path.",e9fb82f13f27e02f1171f3ff6f4fd08b6f62b8db5925e26bba0d60c5e5856474
core.k:223:dd74bc995871,/reference/reference-semantics/semantics/core.k,syntax,223,223,function|total,REACHABLE_FIXED_SEMANTICS_SOUND_ON_USED_DOMAIN,"Inspected for matching, guards, overlap, evaluation order, control, allocation, and state footprint; agrees with the submitted program's plain-list/int execution path.",dd74bc995871facfa87ea8ae2ecfdd41abc06296c877effa234a3e72b3d18dc0
core.k:224:04fc8b8adecf,/reference/reference-semantics/semantics/core.k,rule,224,224,,REACHABLE_FIXED_SEMANTICS_SOUND_ON_USED_DOMAIN,"Inspected for matching, guards, overlap, evaluation order, control, allocation, and state footprint; agrees with the submitted program's plain-list/int execution path.",04fc8b8adecfcc54620963a8180bac258c092189330857ed93cc23a9f5a19d1e
core.k:225:c1a7ece33229,/reference/reference-semantics/semantics/core.k,rule,225,226,,REACHABLE_FIXED_SEMANTICS_SOUND_ON_USED_DOMAIN,"Inspected for matching, guards, overlap, evaluation order, control, allocation, and state footprint; agrees with the submitted program's plain-list/int execution path.",c1a7ece3322915ef794297b5c75a3938b56e9ca672ce0ac429021ecfc9588598
core.k:227:cefb7744efac,/reference/reference-semantics/semantics/core.k,syntax,227,227,function|total,UNREACHABLE_FIXED_SEMANTICS_SENTENCE,Head/construct is absent from the submitted constructor term or is a concrete-only/other-type alternative. It was inventoried and inspected for overlap; it cannot fire on the target proof path.,cefb7744efac56151396c7b5c9ca84f75f0488d25c2614a59448994443d13dc2
core.k:228:e4e059101c40,/reference/reference-semantics/semantics/core.k,rule,228,228,,UNREACHABLE_FIXED_SEMANTICS_SENTENCE,Head/construct is absent from the submitted constructor term or is a concrete-only/other-type alternative. It was inventoried and inspected for overlap; it cannot fire on the target proof path.,e4e059101c40b9a841f0cba7da287bef20050de08ba733f65680a2ed0ad5317e
core.k:229:71e04135edd8,/reference/reference-semantics/semantics/core.k,rule,229,232,,UNREACHABLE_FIXED_SEMANTICS_SENTENCE,Head/construct is absent from the submitted constructor term or is a concrete-only/other-type alternative. It was inventoried and inspected for overlap; it cannot fire on the target proof path.,71e04135edd8203bb98e5f9629d39d9e3de339d7420839fa40ad625658fdd31b
core.k:233:912ccb9ff6dc,/reference/reference-semantics/semantics/core.k,syntax,233,233,function|total,UNREACHABLE_FIXED_SEMANTICS_SENTENCE,Head/construct is absent from the submitted constructor term or is a concrete-only/other-type alternative. It was inventoried and inspected for overlap; it cannot fire on the target proof path.,912ccb9ff6dc8632845252b58a055e68a16f0a9118db220d4bf8ee08fca756ff
core.k:234:1ac12e956540,/reference/reference-semantics/semantics/core.k,rule,234,234,,UNREACHABLE_FIXED_SEMANTICS_SENTENCE,Head/construct is absent from the submitted constructor term or is a concrete-only/other-type alternative. It was inventoried and inspected for overlap; it cannot fire on the target proof path.,1ac12e956540ee0b2650a26ed63e75a50691abe9faebecbb4344c6e34fc8f0e0
core.k:235:cf509c2667ab,/reference/reference-semantics/semantics/core.k,rule,235,235,,UNREACHABLE_FIXED_SEMANTICS_SENTENCE,Head/construct is absent from the submitted constructor term or is a concrete-only/other-type alternative. It was inventoried and inspected for overlap; it cannot fire on the target proof path.,cf509c2667abf8c2a0a68464517f173c03affc282c5df4724ce0d522e8d2d856
core.k:236:5624986ca9eb,/reference/reference-semantics/semantics/core.k,rule,236,237,,UNREACHABLE_FIXED_SEMANTICS_SENTENCE,Head/construct is absent from the submitted constructor term or is a concrete-only/other-type alternative. It was inventoried and inspected for overlap; it cannot fire on the target proof path.,5624986ca9eb142798b212b86787df4faa532404a194a092d394737c4ad7aa9b
core.k:238:db586ecb1b47,/reference/reference-semantics/semantics/core.k,rule,238,239,,UNREACHABLE_FIXED_SEMANTICS_SENTENCE,Head/construct is absent from the submitted constructor term or is a concrete-only/other-type alternative. It was inventoried and inspected for overlap; it cannot fire on the target proof path.,db586ecb1b4757198c769b8364d2b6845532095de51d5c937193c570eb0ca22a
core.k:240:4c5df27adc71,/reference/reference-semantics/semantics/core.k,endmodule,240,240,,STRUCTURAL_SOURCE_SENTENCE,Require/import/module boundary; no rewrite content.,4c5df27adc717388cee7175c70de02f160d4f9a8e25c48eb0fc23e1968ad13f4
dict.k:13:d48a71acd507,/reference/reference-semantics/semantics/dict.k,module,13,13,,STRUCTURAL_SOURCE_SENTENCE,Require/import/module boundary; no rewrite content.,d48a71acd5079caa73133115bb3e9ea52d81522d0be0b88a52e09f8978d7cb34
dict.k:14:4258a966960e,/reference/reference-semantics/semantics/dict.k,imports,14,14,,STRUCTURAL_SOURCE_SENTENCE,Require/import/module boundary; no rewrite content.,4258a966960e81238ac1318ebb92f5cd383bcf94ed5077b6dea55341a4254bfd
dict.k:15:8ad41781e06e,/reference/reference-semantics/semantics/dict.k,imports,15,15,,STRUCTURAL_SOURCE_SENTENCE,Require/import/module boundary; no rewrite content.,8ad41781e06e91093b117ccd78f6f10180a840cf3b4adaa62547edd340b26acc
dict.k:16:09fe9e0706ae,/reference/reference-semantics/semantics/dict.k,imports,16,16,,STRUCTURAL_SOURCE_SENTENCE,Require/import/module boundary; no rewrite content.,09fe9e0706aef859710b0c5447f1427e859a1a9e9660b612e310bb91d51ec923
dict.k:17:511c798e04e9,/reference/reference-semantics/semantics/dict.k,imports,17,19,,STRUCTURAL_SOURCE_SENTENCE,Require/import/module boundary; no rewrite content.,511c798e04e96a7ad3e9efe5e06eb4804d66d38f1294d62d46068dc7eafb0373
dict.k:20:6df725675f7a,/reference/reference-semantics/semantics/dict.k,syntax,20,22,,UNREACHABLE_FIXED_SEMANTICS_SENTENCE,Head/construct is absent from the submitted constructor term or is a concrete-only/other-type alternative. It was inventoried and inspected for overlap; it cannot fire on the target proof path.,6df725675f7a3fe1fbef1dc1ce5a0adb42736c5da2f9d7288df57ffac9bd48ba
dict.k:23:30be194e1c62,/reference/reference-semantics/semantics/dict.k,syntax,23,25,,UNREACHABLE_FIXED_SEMANTICS_SENTENCE,Head/construct is absent from the submitted constructor term or is a concrete-only/other-type alternative. It was inventoried and inspected for overlap; it cannot fire on the target proof path.,30be194e1c62b3ee9f22057d539d83463709e382c2349504428121466ed73e68
dict.k:26:338fc50af3ec,/reference/reference-semantics/semantics/dict.k,rule,26,26,,UNREACHABLE_FIXED_SEMANTICS_SENTENCE,Head/construct is absent from the submitted constructor term or is a concrete-only/other-type alternative. It was inventoried and inspected for overlap; it cannot fire on the target proof path.,338fc50af3ecaf41411e972eea5912fd2bee7938e1bff6720692e99e334f5fba
dict.k:27:f86750e273ef,/reference/reference-semantics/semantics/dict.k,rule,27,27,,UNREACHABLE_FIXED_SEMANTICS_SENTENCE,Head/construct is absent from the submitted constructor term or is a concrete-only/other-type alternative. It was inventoried and inspected for overlap; it cannot fire on the target proof path.,f86750e273ef1a0279ecf6f61df440040bd682375694808504d2126cfe14f07d
dict.k:28:d45ec799e4cd,/reference/reference-semantics/semantics/dict.k,rule,28,29,,UNREACHABLE_FIXED_SEMANTICS_SENTENCE,Head/construct is absent from the submitted constructor term or is a concrete-only/other-type alternative. It was inventoried and inspected for overlap; it cannot fire on the target proof path.,d45ec799e4cd836f44f484fc1d3628968a5f297cc46f82a202ee6a1dcfdeb42d
dict.k:30:b5cfd3165044,/reference/reference-semantics/semantics/dict.k,rule,30,31,,UNREACHABLE_FIXED_SEMANTICS_SENTENCE,Head/construct is absent from the submitted constructor term or is a concrete-only/other-type alternative. It was inventoried and inspected for overlap; it cannot fire on the target proof path.,b5cfd31650441a30d759997a210bc318f97835e93dfe744fb1e03d0bb48a798c
dict.k:32:a92b0519b082,/reference/reference-semantics/semantics/dict.k,rule,32,36,,UNREACHABLE_FIXED_SEMANTICS_SENTENCE,Head/construct is absent from the submitted constructor term or is a concrete-only/other-type alternative. It was inventoried and inspected for overlap; it cannot fire on the target proof path.,a92b0519b082d218a559af7516cfef9d6dc2d8af618b2adcffa4662bcfbdd134
dict.k:37:b1e4066d0d4a,/reference/reference-semantics/semantics/dict.k,syntax,37,37,function|total,UNREACHABLE_FIXED_SEMANTICS_SENTENCE,Head/construct is absent from the submitted constructor term or is a concrete-only/other-type alternative. It was inventoried and inspected for overlap; it cannot fire on the target proof path.,b1e4066d0d4acd3c64f38780d7aea22278b1bd58e3672a864ff09a7970008697
dict.k:38:a5aab27421b2,/reference/reference-semantics/semantics/dict.k,rule,38,38,,UNREACHABLE_FIXED_SEMANTICS_SENTENCE,Head/construct is absent from the submitted constructor term or is a concrete-only/other-type alternative. It was inventoried and inspected for overlap; it cannot fire on the target proof path.,a5aab27421b2f64c493da6ff97007f44f9d65c869d95728a3dc5e84548241b4b
dict.k:39:140cbc9a1aee,/reference/reference-semantics/semantics/dict.k,rule,39,39,,UNREACHABLE_FIXED_SEMANTICS_SENTENCE,Head/construct is absent from the submitted constructor term or is a concrete-only/other-type alternative. It was inventoried and inspected for overlap; it cannot fire on the target proof path.,140cbc9a1aeed8d176645ace38702c79dc42da15b6e5c8c122a7d6e466494f73
dict.k:40:d5e79e57f442,/reference/reference-semantics/semantics/dict.k,rule,40,42,,UNREACHABLE_FIXED_SEMANTICS_SENTENCE,Head/construct is absent from the submitted constructor term or is a concrete-only/other-type alternative. It was inventoried and inspected for overlap; it cannot fire on the target proof path.,d5e79e57f442c03ff8cc2c715636cf83f11e50ea637471eb603501956edb7c2e
dict.k:43:97a166c788d6,/reference/reference-semantics/semantics/dict.k,syntax,43,43,function|total,UNREACHABLE_FIXED_SEMANTICS_SENTENCE,Head/construct is absent from the submitted constructor term or is a concrete-only/other-type alternative. It was inventoried and inspected for overlap; it cannot fire on the target proof path.,97a166c788d6c17c0b8006da462d27de937efebd9f79b1205190771acf087932
dict.k:44:5164f3d147fc,/reference/reference-semantics/semantics/dict.k,rule,44,44,,UNREACHABLE_FIXED_SEMANTICS_SENTENCE,Head/construct is absent from the submitted constructor term or is a concrete-only/other-type alternative. It was inventoried and inspected for overlap; it cannot fire on the target proof path.,5164f3d147fc1e922aee8ebd927f64a7b22663f1d6062620c758c1cc398edfd1
dict.k:45:e529b1885d79,/reference/reference-semantics/semantics/dict.k,rule,45,48,,UNREACHABLE_FIXED_SEMANTICS_SENTENCE,Head/construct is absent from the submitted constructor term or is a concrete-only/other-type alternative. It was inventoried and inspected for overlap; it cannot fire on the target proof path.,e529b1885d7972576cc7962fca56b22aba2ca21245710a47742ae59505440e2e
dict.k:49:a03444397cd8,/reference/reference-semantics/semantics/dict.k,syntax,49,49,function|total,UNREACHABLE_FIXED_SEMANTICS_SENTENCE,Head/construct is absent from the submitted constructor term or is a concrete-only/other-type alternative. It was inventoried and inspected for overlap; it cannot fire on the target proof path.,a03444397cd8f766654c7e3d429905bf2ef672ac16a3d38004b0ccea0cdf26dc
dict.k:50:2527b32b669f,/reference/reference-semantics/semantics/dict.k,rule,50,51,,UNREACHABLE_FIXED_SEMANTICS_SENTENCE,Head/construct is absent from the submitted constructor term or is a concrete-only/other-type alternative. It was inventoried and inspected for overlap; it cannot fire on the target proof path.,2527b32b669ff89090da46aa23c97bc365387cb62d3ceaf02672f50dcfdb6684
dict.k:52:8b0c3eb1a71c,/reference/reference-semantics/semantics/dict.k,rule,52,53,,UNREACHABLE_FIXED_SEMANTICS_SENTENCE,Head/construct is absent from the submitted constructor term or is a concrete-only/other-type alternative. It was inventoried and inspected for overlap; it cannot fire on the target proof path.,8b0c3eb1a71ca341f00a31aa32ffbb44b4d4c75345582c55bf33700e53537330
dict.k:54:23c2d76a5bb2,/reference/reference-semantics/semantics/dict.k,rule,54,57,owise,UNREACHABLE_FIXED_SEMANTICS_SENTENCE,Head/construct is absent from the submitted constructor term or is a concrete-only/other-type alternative. It was inventoried and inspected for overlap; it cannot fire on the target proof path.,23c2d76a5bb2e7adf9b832aa4300f9d00a0352504136d72fd9e65ac1295d5b27
dict.k:58:c613378f8346,/reference/reference-semantics/semantics/dict.k,rule,58,62,priority(40),UNREACHABLE_FIXED_SEMANTICS_SENTENCE,Head/construct is absent from the submitted constructor term or is a concrete-only/other-type alternative. It was inventoried and inspected for overlap; it cannot fire on the target proof path.,c613378f8346d41e1ff40b094b61688cbb09150d427d757ca7b8ad77ce23ff12
dict.k:63:2e626ca3a0e5,/reference/reference-semantics/semantics/dict.k,rule,63,63,,UNREACHABLE_FIXED_SEMANTICS_SENTENCE,Head/construct is absent from the submitted constructor term or is a concrete-only/other-type alternative. It was inventoried and inspected for overlap; it cannot fire on the target proof path.,2e626ca3a0e5e06a889a4d97406f45d3659087e9efdac24f9037c7b021b61d25
dict.k:64:391e4efc5555,/reference/reference-semantics/semantics/dict.k,syntax,64,64,function,UNREACHABLE_FIXED_SEMANTICS_SENTENCE,Head/construct is absent from the submitted constructor term or is a concrete-only/other-type alternative. It was inventoried and inspected for overlap; it cannot fire on the target proof path.,391e4efc55553a5e694ebaf97dfe170a4a08c60841a9c39d8958cc9545fc76f2
dict.k:65:189b2894f160,/reference/reference-semantics/semantics/dict.k,rule,65,69,priority(45),UNREACHABLE_FIXED_SEMANTICS_SENTENCE,Head/construct is absent from the submitted constructor term or is a concrete-only/other-type alternative. It was inventoried and inspected for overlap; it cannot fire on the target proof path.,189b2894f160ae325fca63d2978357c8101dc743249bca2587aeaa998bc574c0
dict.k:70:31f3f6e36c10,/reference/reference-semantics/semantics/dict.k,syntax,70,70,function,UNREACHABLE_FIXED_SEMANTICS_SENTENCE,Head/construct is absent from the submitted constructor term or is a concrete-only/other-type alternative. It was inventoried and inspected for overlap; it cannot fire on the target proof path.,31f3f6e36c107f354fb41ccfe3cf3cd21869f226637d592051299da74c7cdd2f
dict.k:71:fe76006a41db,/reference/reference-semantics/semantics/dict.k,rule,71,75,,UNREACHABLE_FIXED_SEMANTICS_SENTENCE,Head/construct is absent from the submitted constructor term or is a concrete-only/other-type alternative. It was inventoried and inspected for overlap; it cannot fire on the target proof path.,fe76006a41db9b04182eac0081d2b89f33d9f8612d4df5d59e159f152f21027a
dict.k:76:882d796d0a94,/reference/reference-semantics/semantics/dict.k,syntax,76,76,,UNREACHABLE_FIXED_SEMANTICS_SENTENCE,Head/construct is absent from the submitted constructor term or is a concrete-only/other-type alternative. It was inventoried and inspected for overlap; it cannot fire on the target proof path.,882d796d0a94e03af3316fa067c35a7bb135e1dabf98f9924be715aa1ac35f94
dict.k:77:4bbcefc7ea06,/reference/reference-semantics/semantics/dict.k,rule,77,77,,UNREACHABLE_FIXED_SEMANTICS_SENTENCE,Head/construct is absent from the submitted constructor term or is a concrete-only/other-type alternative. It was inventoried and inspected for overlap; it cannot fire on the target proof path.,4bbcefc7ea06cb0a74912a7e16f43ad37f5b0a3ee22b17219012676ff5ecc3ec
dict.k:78:9d1ff995bd95,/reference/reference-semantics/semantics/dict.k,rule,78,81,,UNREACHABLE_FIXED_SEMANTICS_SENTENCE,Head/construct is absent from the submitted constructor term or is a concrete-only/other-type alternative. It was inventoried and inspected for overlap; it cannot fire on the target proof path.,9d1ff995bd95ac2b3b5da7ff66b2cd5a4b8b73d9fbee973a032feeb27ca15697
dict.k:82:485423180bee,/reference/reference-semantics/semantics/dict.k,rule,82,85,,UNREACHABLE_FIXED_SEMANTICS_SENTENCE,Head/construct is absent from the submitted constructor term or is a concrete-only/other-type alternative. It was inventoried and inspected for overlap; it cannot fire on the target proof path.,485423180beef1651c3f117d2f2892fd603734c3faf88d391b16407ff455af2f
dict.k:86:cfa9005e176e,/reference/reference-semantics/semantics/dict.k,syntax,86,86,,UNREACHABLE_FIXED_SEMANTICS_SENTENCE,Head/construct is absent from the submitted constructor term or is a concrete-only/other-type alternative. It was inventoried and inspected for overlap; it cannot fire on the target proof path.,cfa9005e176ec5b6079b3150ca401aac1e59264561f6ebcd7e0052b2e1767255
dict.k:87:e130e7fd1d40,/reference/reference-semantics/semantics/dict.k,rule,87,89,,UNREACHABLE_FIXED_SEMANTICS_SENTENCE,Head/construct is absent from the submitted constructor term or is a concrete-only/other-type alternative. It was inventoried and inspected for overlap; it cannot fire on the target proof path.,e130e7fd1d40210446c6488920686ffd088444c8696317ea2cc7d191ef53deed
dict.k:90:1c5323bfd95c,/reference/reference-semantics/semantics/dict.k,syntax,90,90,function|total,UNREACHABLE_FIXED_SEMANTICS_SENTENCE,Head/construct is absent from the submitted constructor term or is a concrete-only/other-type alternative. It was inventoried and inspected for overlap; it cannot fire on the target proof path.,1c5323bfd95cd3cb664adcf89003e8bd1edfe2eefca936b6e63553bd03ca2a9b
dict.k:91:458bf70556ac,/reference/reference-semantics/semantics/dict.k,rule,91,91,,UNREACHABLE_FIXED_SEMANTICS_SENTENCE,Head/construct is absent from the submitted constructor term or is a concrete-only/other-type alternative. It was inventoried and inspected for overlap; it cannot fire on the target proof path.,458bf70556ac8c03ed6e21a622a978e5d34be85d627b6d4f58f5f060bc44fde4
dict.k:92:ed050aba2a04,/reference/reference-semantics/semantics/dict.k,rule,92,94,,UNREACHABLE_FIXED_SEMANTICS_SENTENCE,Head/construct is absent from the submitted constructor term or is a concrete-only/other-type alternative. It was inventoried and inspected for overlap; it cannot fire on the target proof path.,ed050aba2a04ed87e8b60acbc92f27d9cc54295f869d22a4720aacd2622971b8
dict.k:95:1c9db57ab415,/reference/reference-semantics/semantics/dict.k,rule,95,96,,UNREACHABLE_FIXED_SEMANTICS_SENTENCE,Head/construct is absent from the submitted constructor term or is a concrete-only/other-type alternative. It was inventoried and inspected for overlap; it cannot fire on the target proof path.,1c9db57ab415b441ba412596dcf280fbe85d60afeea5ba85521b855309f1f5f6
dict.k:97:24fc648b5bc5,/reference/reference-semantics/semantics/dict.k,syntax,97,97,function,UNREACHABLE_FIXED_SEMANTICS_SENTENCE,Head/construct is absent from the submitted constructor term or is a concrete-only/other-type alternative. It was inventoried and inspected for overlap; it cannot fire on the target proof path.,24fc648b5bc5f1b87c0b113593503702ac899646af3d254d731c3d4e5ffc61ae
dict.k:98:38e9c64805ad,/reference/reference-semantics/semantics/dict.k,rule,98,98,,UNREACHABLE_FIXED_SEMANTICS_SENTENCE,Head/construct is absent from the submitted constructor term or is a concrete-only/other-type alternative. It was inventoried and inspected for overlap; it cannot fire on the target proof path.,38e9c64805ad38d661e4e7c2f33c2399b182a2711ca7bc122061e762bf8474ee
dict.k:99:cdfafd7d57f1,/reference/reference-semantics/semantics/dict.k,rule,99,100,,UNREACHABLE_FIXED_SEMANTICS_SENTENCE,Head/construct is absent from the submitted constructor term or is a concrete-only/other-type alternative. It was inventoried and inspected for overlap; it cannot fire on the target proof path.,cdfafd7d57f16e3d35b9c54663a1ba9ff34141422b1f8e6d464f8019530df075
dict.k:101:10fc860d42b9,/reference/reference-semantics/semantics/dict.k,syntax,101,101,function,UNREACHABLE_FIXED_SEMANTICS_SENTENCE,Head/construct is absent from the submitted constructor term or is a concrete-only/other-type alternative. It was inventoried and inspected for overlap; it cannot fire on the target proof path.,10fc860d42b91939926b7ddbf4700aa5545a6754489e58ab76b66d3af6d482a5
dict.k:102:a145c44f31bf,/reference/reference-semantics/semantics/dict.k,rule,102,102,,UNREACHABLE_FIXED_SEMANTICS_SENTENCE,Head/construct is absent from the submitted constructor term or is a concrete-only/other-type alternative. It was inventoried and inspected for overlap; it cannot fire on the target proof path.,a145c44f31bfcd75ef044137ce8d42d976b8bb256225f16e85bbd2a2167205ee
dict.k:103:6971aef40103,/reference/reference-semantics/semantics/dict.k,rule,103,103,,UNREACHABLE_FIXED_SEMANTICS_SENTENCE,Head/construct is absent from the submitted constructor term or is a concrete-only/other-type alternative. It was inventoried and inspected for overlap; it cannot fire on the target proof path.,6971aef401036e46e2e9df3628917fcccf09751381df9430a38bd33284b82f27
dict.k:104:4c5df27adc71,/reference/reference-semantics/semantics/dict.k,endmodule,104,104,,STRUCTURAL_SOURCE_SENTENCE,Require/import/module boundary; no rewrite content.,4c5df27adc717388cee7175c70de02f160d4f9a8e25c48eb0fc23e1968ad13f4
float.k:14:987e02a6cef8,/reference/reference-semantics/semantics/float.k,module,14,14,,STRUCTURAL_SOURCE_SENTENCE,Require/import/module boundary; no rewrite content.,987e02a6cef8bdd2686721dff327d4cb12a797c3844db8cddae4120ffb1035cc
float.k:15:ee018db6efb0,/reference/reference-semantics/semantics/float.k,imports,15,15,,STRUCTURAL_SOURCE_SENTENCE,Require/import/module boundary; no rewrite content.,ee018db6efb00ffdd01d59dac03e43be2192505ed7049d1c693197e018cbc088
float.k:16:513b07985ad1,/reference/reference-semantics/semantics/float.k,imports,16,16,,STRUCTURAL_SOURCE_SENTENCE,Require/import/module boundary; no rewrite content.,513b07985ad1b60ab1fc94f4a08021dd25a5b0aa218c3a975ce281a00395ddfa
float.k:17:c1b3aee64ded,/reference/reference-semantics/semantics/float.k,imports,17,19,,STRUCTURAL_SOURCE_SENTENCE,Require/import/module boundary; no rewrite content.,c1b3aee64dede07aecd37775f8456c05ea73539fbdbd7a84031e8f3b33eabd14
float.k:20:f206c1a5ca92,/reference/reference-semantics/semantics/float.k,syntax,20,20,,UNREACHABLE_FIXED_SEMANTICS_SENTENCE,Head/construct is absent from the submitted constructor term or is a concrete-only/other-type alternative. It was inventoried and inspected for overlap; it cannot fire on the target proof path.,f206c1a5ca92a9a762be3e97c9ab44ee4f72fa5d071bcb8ed4a0aa3b63cb0d34
float.k:21:958c3574357c,/reference/reference-semantics/semantics/float.k,rule,21,23,,UNREACHABLE_FIXED_SEMANTICS_SENTENCE,Head/construct is absent from the submitted constructor term or is a concrete-only/other-type alternative. It was inventoried and inspected for overlap; it cannot fire on the target proof path.,958c3574357c8428d95f6741b6d8187e5e3190138aa0b5187d0b4e1f2b25fc60
float.k:24:f4862b43f760,/reference/reference-semantics/semantics/float.k,syntax,24,24,function|total|symbol(intFloatDiv)|no-evaluators,UNREACHABLE_FIXED_SEMANTICS_SENTENCE,Head/construct is absent from the submitted constructor term or is a concrete-only/other-type alternative. It was inventoried and inspected for overlap; it cannot fire on the target proof path.,f4862b43f760e695beb6727198d6b0bd1486a20fc8ba5871213b46541b77f8dd
float.k:25:be877732fabb,/reference/reference-semantics/semantics/float.k,rule,25,26,concrete,UNREACHABLE_FIXED_SEMANTICS_SENTENCE,Head/construct is absent from the submitted constructor term or is a concrete-only/other-type alternative. It was inventoried and inspected for overlap; it cannot fire on the target proof path.,be877732fabb34242222ef0e2c0fb64b761eece113ce9bbb8de0aeaf9ce64fca
float.k:27:ad4088a17a28,/reference/reference-semantics/semantics/float.k,rule,27,29,,UNREACHABLE_FIXED_SEMANTICS_SENTENCE,Head/construct is absent from the submitted constructor term or is a concrete-only/other-type alternative. It was inventoried and inspected for overlap; it cannot fire on the target proof path.,ad4088a17a289dd488182432542dc1ee4ea6ff870718b65f444010830b897eba
float.k:30:3c7cef5fcc77,/reference/reference-semantics/semantics/float.k,syntax,30,30,function|total|symbol(divII)|no-evaluators,UNREACHABLE_FIXED_SEMANTICS_SENTENCE,Head/construct is absent from the submitted constructor term or is a concrete-only/other-type alternative. It was inventoried and inspected for overlap; it cannot fire on the target proof path.,3c7cef5fcc77371d3654505ea7b198e0da74e7585aa45aca562525a59a63923b
float.k:31:111c0e226da2,/reference/reference-semantics/semantics/float.k,rule,31,31,concrete,UNREACHABLE_FIXED_SEMANTICS_SENTENCE,Head/construct is absent from the submitted constructor term or is a concrete-only/other-type alternative. It was inventoried and inspected for overlap; it cannot fire on the target proof path.,111c0e226da2c6738b3f8b5cec611cb2e1bd07bb09ee056045a36d3d6475f6c7
float.k:32:4f674380fdd4,/reference/reference-semantics/semantics/float.k,rule,32,36,,UNREACHABLE_FIXED_SEMANTICS_SENTENCE,Head/construct is absent from the submitted constructor term or is a concrete-only/other-type alternative. It was inventoried and inspected for overlap; it cannot fire on the target proof path.,4f674380fdd433f56c21e087e38d181af6f79017577d29b997ec82124dc2fef6
float.k:37:26237ef2edca,/reference/reference-semantics/semantics/float.k,syntax,37,37,function|total|symbol(floatMod)|no-evaluators,UNREACHABLE_FIXED_SEMANTICS_SENTENCE,Head/construct is absent from the submitted constructor term or is a concrete-only/other-type alternative. It was inventoried and inspected for overlap; it cannot fire on the target proof path.,26237ef2edca0917e0569815f93385224bbda0fd4d6cc2bc1419ffa94686c7ee
float.k:38:f0f814d6f918,/reference/reference-semantics/semantics/float.k,rule,38,38,concrete,UNREACHABLE_FIXED_SEMANTICS_SENTENCE,Head/construct is absent from the submitted constructor term or is a concrete-only/other-type alternative. It was inventoried and inspected for overlap; it cannot fire on the target proof path.,f0f814d6f918a67f2d1dbe84073ffb15231fd42083b328d44910ae370821cf9c
float.k:39:b992bea3c102,/reference/reference-semantics/semantics/float.k,rule,39,42,,UNREACHABLE_FIXED_SEMANTICS_SENTENCE,Head/construct is absent from the submitted constructor term or is a concrete-only/other-type alternative. It was inventoried and inspected for overlap; it cannot fire on the target proof path.,b992bea3c102cf000d5ff100f2f229847d5ffd8a41282ce665ba69a939bc67a8
float.k:43:ce568cc9c8ae,/reference/reference-semantics/semantics/float.k,rule,43,43,,UNREACHABLE_FIXED_SEMANTICS_SENTENCE,Head/construct is absent from the submitted constructor term or is a concrete-only/other-type alternative. It was inventoried and inspected for overlap; it cannot fire on the target proof path.,ce568cc9c8ae662d6f5e89cde017ce3384e06a48825731fd774752aac5f9ec52
float.k:44:08c0b0dbc97f,/reference/reference-semantics/semantics/float.k,rule,44,49,,UNREACHABLE_FIXED_SEMANTICS_SENTENCE,Head/construct is absent from the submitted constructor term or is a concrete-only/other-type alternative. It was inventoried and inspected for overlap; it cannot fire on the target proof path.,08c0b0dbc97fb2a4d31d378a41c1526e36b68468ebdb67cfe00acebf3309215a
float.k:50:9675cd9c7a22,/reference/reference-semantics/semantics/float.k,syntax,50,50,function|total|symbol(floatLt)|no-evaluators,UNREACHABLE_FIXED_SEMANTICS_SENTENCE,Head/construct is absent from the submitted constructor term or is a concrete-only/other-type alternative. It was inventoried and inspected for overlap; it cannot fire on the target proof path.,9675cd9c7a220914d5e1ac6fd0cea726b7800b8a4e4cc8e3827dab3f1a64e40a
float.k:51:2a8121a4d91f,/reference/reference-semantics/semantics/float.k,rule,51,51,concrete,UNREACHABLE_FIXED_SEMANTICS_SENTENCE,Head/construct is absent from the submitted constructor term or is a concrete-only/other-type alternative. It was inventoried and inspected for overlap; it cannot fire on the target proof path.,2a8121a4d91fa2828c6f00490d4170198174d13b61570468b22f0e42ac18f7ad
float.k:52:c073d8cee697,/reference/reference-semantics/semantics/float.k,rule,52,53,,UNREACHABLE_FIXED_SEMANTICS_SENTENCE,Head/construct is absent from the submitted constructor term or is a concrete-only/other-type alternative. It was inventoried and inspected for overlap; it cannot fire on the target proof path.,c073d8cee697c56f18c7591e4e094442f43e33bde7d1f323b558237de1ec7fb4
float.k:54:12a1faf44cdf,/reference/reference-semantics/semantics/float.k,syntax,54,54,function|total|symbol(absF)|no-evaluators,UNREACHABLE_FIXED_SEMANTICS_SENTENCE,Head/construct is absent from the submitted constructor term or is a concrete-only/other-type alternative. It was inventoried and inspected for overlap; it cannot fire on the target proof path.,12a1faf44cdf66e02b407c54180b85b62a91e0e15d77be9b9e9206ab00a1f8b4
float.k:55:b00b8066b8e9,/reference/reference-semantics/semantics/float.k,rule,55,55,concrete,UNREACHABLE_FIXED_SEMANTICS_SENTENCE,Head/construct is absent from the submitted constructor term or is a concrete-only/other-type alternative. It was inventoried and inspected for overlap; it cannot fire on the target proof path.,b00b8066b8e964faa56e75d261ba728c14a5849399b0c29bf1f32b48ec5eedec
float.k:56:ea3ec435ee8e,/reference/reference-semantics/semantics/float.k,rule,56,60,,UNREACHABLE_FIXED_SEMANTICS_SENTENCE,Head/construct is absent from the submitted constructor term or is a concrete-only/other-type alternative. It was inventoried and inspected for overlap; it cannot fire on the target proof path.,ea3ec435ee8ebe3c96a535cefcd8cb43119d8a7744c9f1b3c8d31f8601b48a5c
float.k:61:b7f366ac2fd2,/reference/reference-semantics/semantics/float.k,rule,61,64,,UNREACHABLE_FIXED_SEMANTICS_SENTENCE,Head/construct is absent from the submitted constructor term or is a concrete-only/other-type alternative. It was inventoried and inspected for overlap; it cannot fire on the target proof path.,b7f366ac2fd217c1eba7cfbefec148a65f8af45d95eaed38990d34ee842a08dd
float.k:65:b46507b52502,/reference/reference-semantics/semantics/float.k,syntax,65,65,,UNREACHABLE_FIXED_SEMANTICS_SENTENCE,Head/construct is absent from the submitted constructor term or is a concrete-only/other-type alternative. It was inventoried and inspected for overlap; it cannot fire on the target proof path.,b46507b52502d69ecd0b28bf99b17d6364e01f0ddfcc14834ec07fcafceb1f78
float.k:66:6731784767d2,/reference/reference-semantics/semantics/float.k,rule,66,66,priority(40),UNREACHABLE_FIXED_SEMANTICS_SENTENCE,Head/construct is absent from the submitted constructor term or is a concrete-only/other-type alternative. It was inventoried and inspected for overlap; it cannot fire on the target proof path.,6731784767d29f257a6e457e28ea5da072a6cdb279502efc86711cf04b62290e
float.k:67:43dd41b1a295,/reference/reference-semantics/semantics/float.k,rule,67,69,,UNREACHABLE_FIXED_SEMANTICS_SENTENCE,Head/construct is absent from the submitted constructor term or is a concrete-only/other-type alternative. It was inventoried and inspected for overlap; it cannot fire on the target proof path.,43dd41b1a295d443dd4cef3af27017a700cb2b3f65093044777707dcb1ee6d07
float.k:70:7182dabba367,/reference/reference-semantics/semantics/float.k,syntax,70,70,,UNREACHABLE_FIXED_SEMANTICS_SENTENCE,Head/construct is absent from the submitted constructor term or is a concrete-only/other-type alternative. It was inventoried and inspected for overlap; it cannot fire on the target proof path.,7182dabba36769b189524af8593436518f2392b447983f4d2982643bf6ca9f6d
float.k:71:8c6ed970676f,/reference/reference-semantics/semantics/float.k,rule,71,71,priority(40),UNREACHABLE_FIXED_SEMANTICS_SENTENCE,Head/construct is absent from the submitted constructor term or is a concrete-only/other-type alternative. It was inventoried and inspected for overlap; it cannot fire on the target proof path.,8c6ed970676f93aca0ee122cdf288baef386e0d235737cd00ef0972d35539986
float.k:72:65f0f3138bd4,/reference/reference-semantics/semantics/float.k,rule,72,72,,UNREACHABLE_FIXED_SEMANTICS_SENTENCE,Head/construct is absent from the submitted constructor term or is a concrete-only/other-type alternative. It was inventoried and inspected for overlap; it cannot fire on the target proof path.,65f0f3138bd4041429d19744d61cd2ab7ae411553229ea4ff3dbdd7b1684509a
float.k:73:bb414e98ce7c,/reference/reference-semantics/semantics/float.k,syntax,73,73,function|total|symbol(floorFI),UNREACHABLE_FIXED_SEMANTICS_SENTENCE,Head/construct is absent from the submitted constructor term or is a concrete-only/other-type alternative. It was inventoried and inspected for overlap; it cannot fire on the target proof path.,bb414e98ce7ce75743ab373e70347f41d2f4ee07ff45aa6580a15966550ccb50
float.k:74:6f2278b445a3,/reference/reference-semantics/semantics/float.k,rule,74,74,concrete,UNREACHABLE_FIXED_SEMANTICS_SENTENCE,Head/construct is absent from the submitted constructor term or is a concrete-only/other-type alternative. It was inventoried and inspected for overlap; it cannot fire on the target proof path.,6f2278b445a3354bce4acb84b19c8366d938c41f0320cc6150412091d50ce376
float.k:75:c5cd79cd77b2,/reference/reference-semantics/semantics/float.k,rule,75,77,concrete,UNREACHABLE_FIXED_SEMANTICS_SENTENCE,Head/construct is absent from the submitted constructor term or is a concrete-only/other-type alternative. It was inventoried and inspected for overlap; it cannot fire on the target proof path.,c5cd79cd77b2b27671c36827b4550154d02326cba2e26a9031b1a2a6fb1304c6
float.k:78:4f4ffc4a6628,/reference/reference-semantics/semantics/float.k,rule,78,78,,UNREACHABLE_FIXED_SEMANTICS_SENTENCE,Head/construct is absent from the submitted constructor term or is a concrete-only/other-type alternative. It was inventoried and inspected for overlap; it cannot fire on the target proof path.,4f4ffc4a6628c5740fa8ade1d51ba965ebb75a520f0dee556a13f5d680058c82
float.k:79:840de0abaf7b,/reference/reference-semantics/semantics/float.k,rule,79,81,,UNREACHABLE_FIXED_SEMANTICS_SENTENCE,Head/construct is absent from the submitted constructor term or is a concrete-only/other-type alternative. It was inventoried and inspected for overlap; it cannot fire on the target proof path.,840de0abaf7b9f0d0b48a1a022bba1b14ac40befb87c135d59dfe3f5dbd98e13
float.k:82:533ce2092684,/reference/reference-semantics/semantics/float.k,syntax,82,82,,UNREACHABLE_FIXED_SEMANTICS_SENTENCE,Head/construct is absent from the submitted constructor term or is a concrete-only/other-type alternative. It was inventoried and inspected for overlap; it cannot fire on the target proof path.,533ce20926848a932096268dcc8d19a7affc311f363f07719348863d48fca5b4
float.k:83:841a8e8cad16,/reference/reference-semantics/semantics/float.k,rule,83,83,priority(40),UNREACHABLE_FIXED_SEMANTICS_SENTENCE,Head/construct is absent from the submitted constructor term or is a concrete-only/other-type alternative. It was inventoried and inspected for overlap; it cannot fire on the target proof path.,841a8e8cad165e0baad70da3e93cd4b35a8e56bf91952b8dd9176dfbcc1fd55a
float.k:84:fbcd9d035631,/reference/reference-semantics/semantics/float.k,rule,84,84,,UNREACHABLE_FIXED_SEMANTICS_SENTENCE,Head/construct is absent from the submitted constructor term or is a concrete-only/other-type alternative. It was inventoried and inspected for overlap; it cannot fire on the target proof path.,fbcd9d035631ab0d6584bf5ad7e731663ca5f847f66a3e2c17f88cc6b8b62f59
float.k:85:f6ee2424cb4d,/reference/reference-semantics/semantics/float.k,rule,85,85,,UNREACHABLE_FIXED_SEMANTICS_SENTENCE,Head/construct is absent from the submitted constructor term or is a concrete-only/other-type alternative. It was inventoried and inspected for overlap; it cannot fire on the target proof path.,f6ee2424cb4d2471040a4178c7b5055007746c94dd088fd5fe295808e4d9ba56
float.k:86:5506be323911,/reference/reference-semantics/semantics/float.k,syntax,86,86,function|total|symbol(toF),UNREACHABLE_FIXED_SEMANTICS_SENTENCE,Head/construct is absent from the submitted constructor term or is a concrete-only/other-type alternative. It was inventoried and inspected for overlap; it cannot fire on the target proof path.,5506be32391181835ed65a75fc4654d2c25ffe352ec3115b3d137d28f495bf73
float.k:87:ed62a3a7f661,/reference/reference-semantics/semantics/float.k,rule,87,87,concrete,UNREACHABLE_FIXED_SEMANTICS_SENTENCE,Head/construct is absent from the submitted constructor term or is a concrete-only/other-type alternative. It was inventoried and inspected for overlap; it cannot fire on the target proof path.,ed62a3a7f661923ba2dc8a8100b240b37581acaf018e91c6d5f0e04b90f1b339
float.k:88:6280627d8549,/reference/reference-semantics/semantics/float.k,rule,88,92,concrete,UNREACHABLE_FIXED_SEMANTICS_SENTENCE,Head/construct is absent from the submitted constructor term or is a concrete-only/other-type alternative. It was inventoried and inspected for overlap; it cannot fire on the target proof path.,6280627d8549da3b1d2864295ac7eb9de21a7f9c44ea0d434f5386bf5c53c887
float.k:93:526754603124,/reference/reference-semantics/semantics/float.k,syntax,93,93,function|total|symbol(ceilF),UNREACHABLE_FIXED_SEMANTICS_SENTENCE,Head/construct is absent from the submitted constructor term or is a concrete-only/other-type alternative. It was inventoried and inspected for overlap; it cannot fire on the target proof path.,52675460312419ec876e710ac18206472fab07ac74a094bd6caa45e1ec0027ed
float.k:94:c5ad02ae1641,/reference/reference-semantics/semantics/float.k,rule,94,94,concrete,UNREACHABLE_FIXED_SEMANTICS_SENTENCE,Head/construct is absent from the submitted constructor term or is a concrete-only/other-type alternative. It was inventoried and inspected for overlap; it cannot fire on the target proof path.,c5ad02ae16417369c8125277af88c6486c901951961ba6b585a296287b4a5be8
float.k:95:01d36090dbec,/reference/reference-semantics/semantics/float.k,rule,95,98,concrete,UNREACHABLE_FIXED_SEMANTICS_SENTENCE,Head/construct is absent from the submitted constructor term or is a concrete-only/other-type alternative. It was inventoried and inspected for overlap; it cannot fire on the target proof path.,01d36090dbecf1863264f62b5f1c732952306657f4b1aa8a3111e2b5032da920
float.k:99:0360ea94a438,/reference/reference-semantics/semantics/float.k,rule,99,102,,UNREACHABLE_FIXED_SEMANTICS_SENTENCE,Head/construct is absent from the submitted constructor term or is a concrete-only/other-type alternative. It was inventoried and inspected for overlap; it cannot fire on the target proof path.,0360ea94a438461024afbf1fbc70e7f4c570550fa97c069197cbab9fb6f1fd9d
float.k:103:bd9289f118f1,/reference/reference-semantics/semantics/float.k,syntax,103,103,function|total|symbol(subF)|no-evaluators,UNREACHABLE_FIXED_SEMANTICS_SENTENCE,Head/construct is absent from the submitted constructor term or is a concrete-only/other-type alternative. It was inventoried and inspected for overlap; it cannot fire on the target proof path.,bd9289f118f1e03fa252abe44e6e1c934c9f1ae015ed8e3fbd4299e7f5c26494
float.k:104:12f60d082454,/reference/reference-semantics/semantics/float.k,rule,104,104,concrete,UNREACHABLE_FIXED_SEMANTICS_SENTENCE,Head/construct is absent from the submitted constructor term or is a concrete-only/other-type alternative. It was inventoried and inspected for overlap; it cannot fire on the target proof path.,12f60d082454bd2b0805c3344bf9ab377c453dcd7d5e9c5b42bf333f5d57edb8
float.k:105:600f864e0d4d,/reference/reference-semantics/semantics/float.k,rule,105,106,,UNREACHABLE_FIXED_SEMANTICS_SENTENCE,Head/construct is absent from the submitted constructor term or is a concrete-only/other-type alternative. It was inventoried and inspected for overlap; it cannot fire on the target proof path.,600f864e0d4d5f3dfe90085090dd70db36baef4d5567bb1aaeef349e99da06db
float.k:107:91e03f2ac9cf,/reference/reference-semantics/semantics/float.k,syntax,107,107,function|total|symbol(divF)|no-evaluators,UNREACHABLE_FIXED_SEMANTICS_SENTENCE,Head/construct is absent from the submitted constructor term or is a concrete-only/other-type alternative. It was inventoried and inspected for overlap; it cannot fire on the target proof path.,91e03f2ac9cf90dce2b3ea5859601973196a3504474c25eb80ec2b21be7ffe57
float.k:108:26654b7bcf19,/reference/reference-semantics/semantics/float.k,rule,108,108,concrete,UNREACHABLE_FIXED_SEMANTICS_SENTENCE,Head/construct is absent from the submitted constructor term or is a concrete-only/other-type alternative. It was inventoried and inspected for overlap; it cannot fire on the target proof path.,26654b7bcf191054c73e2246eb8532b4bd2b7243dfed90f8a8981b961ece60f8
float.k:109:ef46ce780b55,/reference/reference-semantics/semantics/float.k,rule,109,110,,UNREACHABLE_FIXED_SEMANTICS_SENTENCE,Head/construct is absent from the submitted constructor term or is a concrete-only/other-type alternative. It was inventoried and inspected for overlap; it cannot fire on the target proof path.,ef46ce780b55860627d49bf1404f7f29e15fe39b90cd069c1022d94b833e6290
float.k:111:2398531263a9,/reference/reference-semantics/semantics/float.k,syntax,111,111,function|total|symbol(addF)|no-evaluators,UNREACHABLE_FIXED_SEMANTICS_SENTENCE,Head/construct is absent from the submitted constructor term or is a concrete-only/other-type alternative. It was inventoried and inspected for overlap; it cannot fire on the target proof path.,2398531263a97112a72ea01928b6cf992a9f2306201ba7f3170536661db96622
float.k:112:3f45f3747744,/reference/reference-semantics/semantics/float.k,rule,112,112,concrete,UNREACHABLE_FIXED_SEMANTICS_SENTENCE,Head/construct is absent from the submitted constructor term or is a concrete-only/other-type alternative. It was inventoried and inspected for overlap; it cannot fire on the target proof path.,3f45f37477446abb30b2cf45ac67d631b0bf8d597d6dfac37aebfb9494124574
float.k:113:034cf2b77672,/reference/reference-semantics/semantics/float.k,rule,113,114,,UNREACHABLE_FIXED_SEMANTICS_SENTENCE,Head/construct is absent from the submitted constructor term or is a concrete-only/other-type alternative. It was inventoried and inspected for overlap; it cannot fire on the target proof path.,034cf2b7767250b7e2e63618d233e160da84cceb00705122dacb2b21d37f9641
float.k:115:4e0d8b299c85,/reference/reference-semantics/semantics/float.k,syntax,115,115,function|total|symbol(mulF)|no-evaluators,UNREACHABLE_FIXED_SEMANTICS_SENTENCE,Head/construct is absent from the submitted constructor term or is a concrete-only/other-type alternative. It was inventoried and inspected for overlap; it cannot fire on the target proof path.,4e0d8b299c8516d20b15b89833ed1e760641f6fa8ecc8d0069cf24fa804c9c98
float.k:116:46a5b95d90aa,/reference/reference-semantics/semantics/float.k,rule,116,116,concrete,UNREACHABLE_FIXED_SEMANTICS_SENTENCE,Head/construct is absent from the submitted constructor term or is a concrete-only/other-type alternative. It was inventoried and inspected for overlap; it cannot fire on the target proof path.,46a5b95d90aada84fb908fcccfac676a044aaa6b9f76e95e95f4c620acb0278b
float.k:117:7bc5c419eaac,/reference/reference-semantics/semantics/float.k,rule,117,118,,UNREACHABLE_FIXED_SEMANTICS_SENTENCE,Head/construct is absent from the submitted constructor term or is a concrete-only/other-type alternative. It was inventoried and inspected for overlap; it cannot fire on the target proof path.,7bc5c419eaac104d84561c37f738d88864aedb6a8f4fe53efafeaf9213747acd
float.k:119:47a046af374b,/reference/reference-semantics/semantics/float.k,syntax,119,119,function|total|symbol(powF)|no-evaluators,UNREACHABLE_FIXED_SEMANTICS_SENTENCE,Head/construct is absent from the submitted constructor term or is a concrete-only/other-type alternative. It was inventoried and inspected for overlap; it cannot fire on the target proof path.,47a046af374b7333041c374f5e55c9c816bb128c6ec2b425f34da68716e8cea3
float.k:120:88f0b7d20137,/reference/reference-semantics/semantics/float.k,rule,120,120,concrete,UNREACHABLE_FIXED_SEMANTICS_SENTENCE,Head/construct is absent from the submitted constructor term or is a concrete-only/other-type alternative. It was inventoried and inspected for overlap; it cannot fire on the target proof path.,88f0b7d20137e8c6cc512845c967e98e804b4966da1b2ef8eb07db88bae5b8fa
float.k:121:661e867f27fd,/reference/reference-semantics/semantics/float.k,rule,121,124,,UNREACHABLE_FIXED_SEMANTICS_SENTENCE,Head/construct is absent from the submitted constructor term or is a concrete-only/other-type alternative. It was inventoried and inspected for overlap; it cannot fire on the target proof path.,661e867f27fd29596ddc7c8c80254088d059d42967ef244acafd0959e43c965b
float.k:125:9fdcc02ab4ee,/reference/reference-semantics/semantics/float.k,syntax,125,125,function|total|symbol(gtF)|no-evaluators,UNREACHABLE_FIXED_SEMANTICS_SENTENCE,Head/construct is absent from the submitted constructor term or is a concrete-only/other-type alternative. It was inventoried and inspected for overlap; it cannot fire on the target proof path.,9fdcc02ab4ee99148d3e6503c0421d6d40e4c43f206fecef2bf271337906a0c0
float.k:126:088703ce3653,/reference/reference-semantics/semantics/float.k,rule,126,126,concrete,UNREACHABLE_FIXED_SEMANTICS_SENTENCE,Head/construct is absent from the submitted constructor term or is a concrete-only/other-type alternative. It was inventoried and inspected for overlap; it cannot fire on the target proof path.,088703ce3653f7358ab35922090d8b0c6380e7bdabc390bab127a4fb756fe9f9
float.k:127:0288d338940c,/reference/reference-semantics/semantics/float.k,rule,127,127,,UNREACHABLE_FIXED_SEMANTICS_SENTENCE,Head/construct is absent from the submitted constructor term or is a concrete-only/other-type alternative. It was inventoried and inspected for overlap; it cannot fire on the target proof path.,0288d338940c4dc8037d4e03ef5004dce662bd4311b988368300e3b9694a9088
float.k:128:5eb9299eb06c,/reference/reference-semantics/semantics/float.k,rule,128,128,,UNREACHABLE_FIXED_SEMANTICS_SENTENCE,Head/construct is absent from the submitted constructor term or is a concrete-only/other-type alternative. It was inventoried and inspected for overlap; it cannot fire on the target proof path.,5eb9299eb06c3b1274bb92813d634fba7250df5e932e6fbd4f10219082b4e26d
float.k:129:714c6765e587,/reference/reference-semantics/semantics/float.k,rule,129,131,,UNREACHABLE_FIXED_SEMANTICS_SENTENCE,Head/construct is absent from the submitted constructor term or is a concrete-only/other-type alternative. It was inventoried and inspected for overlap; it cannot fire on the target proof path.,714c6765e58708cf37e023afc8269da1f32bd906e0c44f22c339889bb80bf14a
float.k:132:f16ef18fbd1d,/reference/reference-semantics/semantics/float.k,rule,132,132,,UNREACHABLE_FIXED_SEMANTICS_SENTENCE,Head/construct is absent from the submitted constructor term or is a concrete-only/other-type alternative. It was inventoried and inspected for overlap; it cannot fire on the target proof path.,f16ef18fbd1d9024a5bbbb2180e97eb0b9b548b0a53165996dc52bd3db603161
float.k:133:6353492521ad,/reference/reference-semantics/semantics/float.k,rule,133,133,,UNREACHABLE_FIXED_SEMANTICS_SENTENCE,Head/construct is absent from the submitted constructor term or is a concrete-only/other-type alternative. It was inventoried and inspected for overlap; it cannot fire on the target proof path.,6353492521ad97f8b794ad6a43bd8fd197aa82dde113f341a78b56fbcebb6436
float.k:134:7b68c3069735,/reference/reference-semantics/semantics/float.k,rule,134,134,,UNREACHABLE_FIXED_SEMANTICS_SENTENCE,Head/construct is absent from the submitted constructor term or is a concrete-only/other-type alternative. It was inventoried and inspected for overlap; it cannot fire on the target proof path.,7b68c306973586de958d305580b9863c51bc797c0632e645a8be0e4e94ab5f88
float.k:135:1409954604e5,/reference/reference-semantics/semantics/float.k,rule,135,135,,UNREACHABLE_FIXED_SEMANTICS_SENTENCE,Head/construct is absent from the submitted constructor term or is a concrete-only/other-type alternative. It was inventoried and inspected for overlap; it cannot fire on the target proof path.,1409954604e558d1e20ebb673b113bb4e753382700056a9bb050e2f5877f2435
float.k:136:695a4d4bdd54,/reference/reference-semantics/semantics/float.k,rule,136,136,,UNREACHABLE_FIXED_SEMANTICS_SENTENCE,Head/construct is absent from the submitted constructor term or is a concrete-only/other-type alternative. It was inventoried and inspected for overlap; it cannot fire on the target proof path.,695a4d4bdd54bacc726be8bb1b947957b13ac3c1ea85079e6f37f176f5dd1e85
float.k:137:8105c256a812,/reference/reference-semantics/semantics/float.k,rule,137,137,,UNREACHABLE_FIXED_SEMANTICS_SENTENCE,Head/construct is absent from the submitted constructor term or is a concrete-only/other-type alternative. It was inventoried and inspected for overlap; it cannot fire on the target proof path.,8105c256a812da5488c816ddc234cc23a361eaea37ba294397ab351db64ecbe8
float.k:138:74e2f8b58bc6,/reference/reference-semantics/semantics/float.k,rule,138,138,,UNREACHABLE_FIXED_SEMANTICS_SENTENCE,Head/construct is absent from the submitted constructor term or is a concrete-only/other-type alternative. It was inventoried and inspected for overlap; it cannot fire on the target proof path.,74e2f8b58bc61612bd447aba290b62193b7b0a596847a535cef8ecf17013ed6d
float.k:139:de611e1415d1,/reference/reference-semantics/semantics/float.k,rule,139,141,,UNREACHABLE_FIXED_SEMANTICS_SENTENCE,Head/construct is absent from the submitted constructor term or is a concrete-only/other-type alternative. It was inventoried and inspected for overlap; it cannot fire on the target proof path.,de611e1415d1413bffdbb0fc1e35fdc3143eee6a775b9cef2212242ec9d8114a
float.k:142:4d0d2ce425b4,/reference/reference-semantics/semantics/float.k,syntax,142,142,function|total|symbol(eqF)|no-evaluators,UNREACHABLE_FIXED_SEMANTICS_SENTENCE,Head/construct is absent from the submitted constructor term or is a concrete-only/other-type alternative. It was inventoried and inspected for overlap; it cannot fire on the target proof path.,4d0d2ce425b47cbd6bee2f255bcf3d96198d491b336ae2a39b526ef63bea2402
float.k:143:9653dcd55b20,/reference/reference-semantics/semantics/float.k,rule,143,143,concrete,UNREACHABLE_FIXED_SEMANTICS_SENTENCE,Head/construct is absent from the submitted constructor term or is a concrete-only/other-type alternative. It was inventoried and inspected for overlap; it cannot fire on the target proof path.,9653dcd55b20d0e03ba4d3cbe0f0bc8f742986e54a1d18bce5cea115e0effbb2
float.k:144:ac77f892cfc0,/reference/reference-semantics/semantics/float.k,rule,144,144,,UNREACHABLE_FIXED_SEMANTICS_SENTENCE,Head/construct is absent from the submitted constructor term or is a concrete-only/other-type alternative. It was inventoried and inspected for overlap; it cannot fire on the target proof path.,ac77f892cfc0b69b735ac2dedee89bcc32c18ec0b6242435d33e360dc3bdfebc
float.k:145:722beef5b388,/reference/reference-semantics/semantics/float.k,rule,145,145,,UNREACHABLE_FIXED_SEMANTICS_SENTENCE,Head/construct is absent from the submitted constructor term or is a concrete-only/other-type alternative. It was inventoried and inspected for overlap; it cannot fire on the target proof path.,722beef5b388f74df4709c027e46917747d36d8c1d7c43bf20a191f26682e6a0
float.k:146:15bc1d1e3d08,/reference/reference-semantics/semantics/float.k,rule,146,146,,UNREACHABLE_FIXED_SEMANTICS_SENTENCE,Head/construct is absent from the submitted constructor term or is a concrete-only/other-type alternative. It was inventoried and inspected for overlap; it cannot fire on the target proof path.,15bc1d1e3d08b5b6493f5463f32de91bc41aedbc0531460205fa7b219d3a0b6e
float.k:147:330ac8e38f2c,/reference/reference-semantics/semantics/float.k,rule,147,147,,UNREACHABLE_FIXED_SEMANTICS_SENTENCE,Head/construct is absent from the submitted constructor term or is a concrete-only/other-type alternative. It was inventoried and inspected for overlap; it cannot fire on the target proof path.,330ac8e38f2c5dc2e16493d9573956960ac5ac0f1aa2ec0b94a2bab7f4776709
float.k:148:1714c1550770,/reference/reference-semantics/semantics/float.k,rule,148,148,,UNREACHABLE_FIXED_SEMANTICS_SENTENCE,Head/construct is absent from the submitted constructor term or is a concrete-only/other-type alternative. It was inventoried and inspected for overlap; it cannot fire on the target proof path.,1714c1550770bc11884e259edb53966f4938fc04546dd96c773cabee38acab6c
float.k:149:a3b308b7b2c2,/reference/reference-semantics/semantics/float.k,rule,149,149,,UNREACHABLE_FIXED_SEMANTICS_SENTENCE,Head/construct is absent from the submitted constructor term or is a concrete-only/other-type alternative. It was inventoried and inspected for overlap; it cannot fire on the target proof path.,a3b308b7b2c2e9343ae069b0a7bbe47498537cca6859ee92873552c2df50f105
float.k:150:fc6de3b7c2f9,/reference/reference-semantics/semantics/float.k,rule,150,150,,UNREACHABLE_FIXED_SEMANTICS_SENTENCE,Head/construct is absent from the submitted constructor term or is a concrete-only/other-type alternative. It was inventoried and inspected for overlap; it cannot fire on the target proof path.,fc6de3b7c2f96d950f9aaca9f5df3aed76102c3b005e86cef59e2d2bce19afcf
float.k:151:18ff729bf687,/reference/reference-semantics/semantics/float.k,rule,151,153,,UNREACHABLE_FIXED_SEMANTICS_SENTENCE,Head/construct is absent from the submitted constructor term or is a concrete-only/other-type alternative. It was inventoried and inspected for overlap; it cannot fire on the target proof path.,18ff729bf687fd4bce566aec46540f7830a79e48525d2236d2247e5487e70ab2
float.k:154:ed4df68a2d97,/reference/reference-semantics/semantics/float.k,rule,154,154,,UNREACHABLE_FIXED_SEMANTICS_SENTENCE,Head/construct is absent from the submitted constructor term or is a concrete-only/other-type alternative. It was inventoried and inspected for overlap; it cannot fire on the target proof path.,ed4df68a2d974fe706e71c86e88eb3e36801da78a3eaa8c2ecbaa51f6ced123c
float.k:155:2a477f6ab023,/reference/reference-semantics/semantics/float.k,rule,155,159,,UNREACHABLE_FIXED_SEMANTICS_SENTENCE,Head/construct is absent from the submitted constructor term or is a concrete-only/other-type alternative. It was inventoried and inspected for overlap; it cannot fire on the target proof path.,2a477f6ab023d1a0b36361a5a4dccc657f6dac92a02e4e740d92abb1bee2887f
float.k:160:588f5768440e,/reference/reference-semantics/semantics/float.k,syntax,160,160,function|total|symbol(decStrToF)|no-evaluators,UNREACHABLE_FIXED_SEMANTICS_SENTENCE,Head/construct is absent from the submitted constructor term or is a concrete-only/other-type alternative. It was inventoried and inspected for overlap; it cannot fire on the target proof path.,588f5768440e82dbce509dc1072150d464064371a95ab449d306de6c8a1ab71d
float.k:161:32ad68f36a35,/reference/reference-semantics/semantics/float.k,rule,161,161,concrete,UNREACHABLE_FIXED_SEMANTICS_SENTENCE,Head/construct is absent from the submitted constructor term or is a concrete-only/other-type alternative. It was inventoried and inspected for overlap; it cannot fire on the target proof path.,32ad68f36a3579ddde24fed9991e513dbe124c01fa42f3cf8d325c00724072e5
float.k:162:9f3e9336e6d4,/reference/reference-semantics/semantics/float.k,rule,162,164,concrete,UNREACHABLE_FIXED_SEMANTICS_SENTENCE,Head/construct is absent from the submitted constructor term or is a concrete-only/other-type alternative. It was inventoried and inspected for overlap; it cannot fire on the target proof path.,9f3e9336e6d4f17232515b23e758529e9713428bdc07275860865b9fabe9a17e
float.k:165:7ccb5a6fa421,/reference/reference-semantics/semantics/float.k,syntax,165,165,function,UNREACHABLE_FIXED_SEMANTICS_SENTENCE,Head/construct is absent from the submitted constructor term or is a concrete-only/other-type alternative. It was inventoried and inspected for overlap; it cannot fire on the target proof path.,7ccb5a6fa421529eb4d84258e8892a126f17837c883f5f769a46302b9f415a77
float.k:166:87f97131d232,/reference/reference-semantics/semantics/float.k,rule,166,166,,UNREACHABLE_FIXED_SEMANTICS_SENTENCE,Head/construct is absent from the submitted constructor term or is a concrete-only/other-type alternative. It was inventoried and inspected for overlap; it cannot fire on the target proof path.,87f97131d232c3b3fe63af84c485392eb5fa213372961692ad8be1d4e829b6be
float.k:167:81addd4f5596,/reference/reference-semantics/semantics/float.k,syntax,167,167,function|total|function|total,UNREACHABLE_FIXED_SEMANTICS_SENTENCE,Head/construct is absent from the submitted constructor term or is a concrete-only/other-type alternative. It was inventoried and inspected for overlap; it cannot fire on the target proof path.,81addd4f5596f2033c20428b0f7237369100bbb560bee73c96ad21a80d841b50
float.k:168:8628f4bdac5b,/reference/reference-semantics/semantics/float.k,rule,168,168,,UNREACHABLE_FIXED_SEMANTICS_SENTENCE,Head/construct is absent from the submitted constructor term or is a concrete-only/other-type alternative. It was inventoried and inspected for overlap; it cannot fire on the target proof path.,8628f4bdac5b353e03c2bc742851a9bef5270e9f55485b2fd5106110b32c91eb
float.k:169:b0b8a3b71d8b,/reference/reference-semantics/semantics/float.k,rule,169,169,,UNREACHABLE_FIXED_SEMANTICS_SENTENCE,Head/construct is absent from the submitted constructor term or is a concrete-only/other-type alternative. It was inventoried and inspected for overlap; it cannot fire on the target proof path.,b0b8a3b71d8b773e0ac54513c6fc1487bd635290f8b43e0cde2e727212088832
float.k:170:afe4cef68f53,/reference/reference-semantics/semantics/float.k,rule,170,170,,UNREACHABLE_FIXED_SEMANTICS_SENTENCE,Head/construct is absent from the submitted constructor term or is a concrete-only/other-type alternative. It was inventoried and inspected for overlap; it cannot fire on the target proof path.,afe4cef68f539bdd51c1f0a5ae8df7775d90ea5f56b631736fca0c3045775347
float.k:171:449dadad749f,/reference/reference-semantics/semantics/float.k,rule,171,172,,UNREACHABLE_FIXED_SEMANTICS_SENTENCE,Head/construct is absent from the submitted constructor term or is a concrete-only/other-type alternative. It was inventoried and inspected for overlap; it cannot fire on the target proof path.,449dadad749f7ef91ef8e6743696425941aff55a9e7c5e9632f30e047051f33e
float.k:173:89e3dfc58231,/reference/reference-semantics/semantics/float.k,syntax,173,173,function|total|function|total,UNREACHABLE_FIXED_SEMANTICS_SENTENCE,Head/construct is absent from the submitted constructor term or is a concrete-only/other-type alternative. It was inventoried and inspected for overlap; it cannot fire on the target proof path.,89e3dfc58231d5383b1e61b92e817335a29e719d804013b43b7c7441c61c2b6f
float.k:174:63e7386de829,/reference/reference-semantics/semantics/float.k,rule,174,174,,UNREACHABLE_FIXED_SEMANTICS_SENTENCE,Head/construct is absent from the submitted constructor term or is a concrete-only/other-type alternative. It was inventoried and inspected for overlap; it cannot fire on the target proof path.,63e7386de829e297aa3549501083463f674402c03453af6d2af82954ea3ca089
float.k:175:336f8c20b7a9,/reference/reference-semantics/semantics/float.k,rule,175,175,,UNREACHABLE_FIXED_SEMANTICS_SENTENCE,Head/construct is absent from the submitted constructor term or is a concrete-only/other-type alternative. It was inventoried and inspected for overlap; it cannot fire on the target proof path.,336f8c20b7a91aaa9ffeb7e78c4036dc329b5eb2285b828ebdf685de71756ca5
float.k:176:517a796c8a51,/reference/reference-semantics/semantics/float.k,rule,176,176,,UNREACHABLE_FIXED_SEMANTICS_SENTENCE,Head/construct is absent from the submitted constructor term or is a concrete-only/other-type alternative. It was inventoried and inspected for overlap; it cannot fire on the target proof path.,517a796c8a51a532d5deec287622e3fd5c53f114d3c2c4a90d81a38845e188eb
float.k:177:3a7473c8713b,/reference/reference-semantics/semantics/float.k,rule,177,177,,UNREACHABLE_FIXED_SEMANTICS_SENTENCE,Head/construct is absent from the submitted constructor term or is a concrete-only/other-type alternative. It was inventoried and inspected for overlap; it cannot fire on the target proof path.,3a7473c8713b4543d57cb02410dccb5d38aec392bbef467c280296112e6e3f98
float.k:178:a87341fff574,/reference/reference-semantics/semantics/float.k,rule,178,178,,UNREACHABLE_FIXED_SEMANTICS_SENTENCE,Head/construct is absent from the submitted constructor term or is a concrete-only/other-type alternative. It was inventoried and inspected for overlap; it cannot fire on the target proof path.,a87341fff5746e9d5194086ddc44c7ad77a84af986cfb236c0eb82e4803100b8
float.k:179:dffc425acef9,/reference/reference-semantics/semantics/float.k,syntax,179,179,function|total|function|total,UNREACHABLE_FIXED_SEMANTICS_SENTENCE,Head/construct is absent from the submitted constructor term or is a concrete-only/other-type alternative. It was inventoried and inspected for overlap; it cannot fire on the target proof path.,dffc425acef907d2815f3c09cd0f551eb3c0d4d833f812e1fd91fd039a251917
float.k:180:f006d2881246,/reference/reference-semantics/semantics/float.k,rule,180,180,,UNREACHABLE_FIXED_SEMANTICS_SENTENCE,Head/construct is absent from the submitted constructor term or is a concrete-only/other-type alternative. It was inventoried and inspected for overlap; it cannot fire on the target proof path.,f006d2881246b7d3dcd8eaf9d4618941fa02e37bba781cc8bde1ca23cf00abeb
float.k:181:abcd00241d75,/reference/reference-semantics/semantics/float.k,rule,181,181,,UNREACHABLE_FIXED_SEMANTICS_SENTENCE,Head/construct is absent from the submitted constructor term or is a concrete-only/other-type alternative. It was inventoried and inspected for overlap; it cannot fire on the target proof path.,abcd00241d753458f9e3c9c9b4f190a16743b72541923fda31d832a76e6e8c0a
float.k:182:abd5cc4adcbe,/reference/reference-semantics/semantics/float.k,rule,182,182,,UNREACHABLE_FIXED_SEMANTICS_SENTENCE,Head/construct is absent from the submitted constructor term or is a concrete-only/other-type alternative. It was inventoried and inspected for overlap; it cannot fire on the target proof path.,abd5cc4adcbe2ff17a9a65065bab11cb91f71486cec9b3aec6b916a2dadd508f
float.k:183:1e74ce0b2611,/reference/reference-semantics/semantics/float.k,rule,183,183,,UNREACHABLE_FIXED_SEMANTICS_SENTENCE,Head/construct is absent from the submitted constructor term or is a concrete-only/other-type alternative. It was inventoried and inspected for overlap; it cannot fire on the target proof path.,1e74ce0b2611ba03551065586840c66efcef50ec31c87931ea7e1fcdd0c038d5
float.k:184:21eab0b39d56,/reference/reference-semantics/semantics/float.k,rule,184,184,,UNREACHABLE_FIXED_SEMANTICS_SENTENCE,Head/construct is absent from the submitted constructor term or is a concrete-only/other-type alternative. It was inventoried and inspected for overlap; it cannot fire on the target proof path.,21eab0b39d565a3e9d8d58a6a31ae9dc36d9912941fde9c3fde2ba3b0e13a8b1
float.k:185:a528cb142102,/reference/reference-semantics/semantics/float.k,rule,185,185,,UNREACHABLE_FIXED_SEMANTICS_SENTENCE,Head/construct is absent from the submitted constructor term or is a concrete-only/other-type alternative. It was inventoried and inspected for overlap; it cannot fire on the target proof path.,a528cb142102cbb205e5e2a04f502db9659e955dbeb0b957699af3bdbb7e1409
float.k:186:df11945a1b8f,/reference/reference-semantics/semantics/float.k,rule,186,186,,UNREACHABLE_FIXED_SEMANTICS_SENTENCE,Head/construct is absent from the submitted constructor term or is a concrete-only/other-type alternative. It was inventoried and inspected for overlap; it cannot fire on the target proof path.,df11945a1b8f0f7bb66b9095abcda69026b9ee39f08d7621f51584b5193711e3
float.k:187:e38c88c120d0,/reference/reference-semantics/semantics/float.k,rule,187,189,,UNREACHABLE_FIXED_SEMANTICS_SENTENCE,Head/construct is absent from the submitted constructor term or is a concrete-only/other-type alternative. It was inventoried and inspected for overlap; it cannot fire on the target proof path.,e38c88c120d0a5969be48bfcba2276d40c987fdadf7624d349d13a7f3ce00c24
float.k:190:f49cc043a05b,/reference/reference-semantics/semantics/float.k,syntax,190,190,function|total|symbol(divFloatIntV)|no-evaluators,UNREACHABLE_FIXED_SEMANTICS_SENTENCE,Head/construct is absent from the submitted constructor term or is a concrete-only/other-type alternative. It was inventoried and inspected for overlap; it cannot fire on the target proof path.,f49cc043a05b2accf64a4db2d7e01a1b3b2ad8d4c9aac725e410510fe5868681
float.k:191:a71c4a7b3d8c,/reference/reference-semantics/semantics/float.k,rule,191,191,concrete,UNREACHABLE_FIXED_SEMANTICS_SENTENCE,Head/construct is absent from the submitted constructor term or is a concrete-only/other-type alternative. It was inventoried and inspected for overlap; it cannot fire on the target proof path.,a71c4a7b3d8c96c0b1b11e6d910903e91cc245db5c6b79525d6f74e8d046211e
float.k:192:a2200023b7cc,/reference/reference-semantics/semantics/float.k,rule,192,194,,UNREACHABLE_FIXED_SEMANTICS_SENTENCE,Head/construct is absent from the submitted constructor term or is a concrete-only/other-type alternative. It was inventoried and inspected for overlap; it cannot fire on the target proof path.,a2200023b7cc0d4d18376d024441459c53d0edd27611e3800bf0ff4e84749073
float.k:195:4f21c29912e1,/reference/reference-semantics/semantics/float.k,syntax,195,195,function|total|symbol(intToF)|no-evaluators,UNREACHABLE_FIXED_SEMANTICS_SENTENCE,Head/construct is absent from the submitted constructor term or is a concrete-only/other-type alternative. It was inventoried and inspected for overlap; it cannot fire on the target proof path.,4f21c29912e1361d8706f1bf1cde8207bd9e40372f9128ae77571effd103a990
float.k:196:389178d3dfd7,/reference/reference-semantics/semantics/float.k,rule,196,196,concrete,UNREACHABLE_FIXED_SEMANTICS_SENTENCE,Head/construct is absent from the submitted constructor term or is a concrete-only/other-type alternative. It was inventoried and inspected for overlap; it cannot fire on the target proof path.,389178d3dfd7c359c14f9336e08d770f7068b029dbbe053760f92d9769d2781f
float.k:197:695a4d4bdd54,/reference/reference-semantics/semantics/float.k,rule,197,197,,UNREACHABLE_FIXED_SEMANTICS_SENTENCE,Head/construct is absent from the submitted constructor term or is a concrete-only/other-type alternative. It was inventoried and inspected for overlap; it cannot fire on the target proof path.,695a4d4bdd54bacc726be8bb1b947957b13ac3c1ea85079e6f37f176f5dd1e85
float.k:198:8105c256a812,/reference/reference-semantics/semantics/float.k,rule,198,198,,UNREACHABLE_FIXED_SEMANTICS_SENTENCE,Head/construct is absent from the submitted constructor term or is a concrete-only/other-type alternative. It was inventoried and inspected for overlap; it cannot fire on the target proof path.,8105c256a812da5488c816ddc234cc23a361eaea37ba294397ab351db64ecbe8
float.k:199:7b68c3069735,/reference/reference-semantics/semantics/float.k,rule,199,199,,UNREACHABLE_FIXED_SEMANTICS_SENTENCE,Head/construct is absent from the submitted constructor term or is a concrete-only/other-type alternative. It was inventoried and inspected for overlap; it cannot fire on the target proof path.,7b68c306973586de958d305580b9863c51bc797c0632e645a8be0e4e94ab5f88
float.k:200:1409954604e5,/reference/reference-semantics/semantics/float.k,rule,200,200,,UNREACHABLE_FIXED_SEMANTICS_SENTENCE,Head/construct is absent from the submitted constructor term or is a concrete-only/other-type alternative. It was inventoried and inspected for overlap; it cannot fire on the target proof path.,1409954604e558d1e20ebb673b113bb4e753382700056a9bb050e2f5877f2435
float.k:201:74e2f8b58bc6,/reference/reference-semantics/semantics/float.k,rule,201,201,,UNREACHABLE_FIXED_SEMANTICS_SENTENCE,Head/construct is absent from the submitted constructor term or is a concrete-only/other-type alternative. It was inventoried and inspected for overlap; it cannot fire on the target proof path.,74e2f8b58bc61612bd447aba290b62193b7b0a596847a535cef8ecf17013ed6d
float.k:202:de611e1415d1,/reference/reference-semantics/semantics/float.k,rule,202,202,,UNREACHABLE_FIXED_SEMANTICS_SENTENCE,Head/construct is absent from the submitted constructor term or is a concrete-only/other-type alternative. It was inventoried and inspected for overlap; it cannot fire on the target proof path.,de611e1415d1413bffdbb0fc1e35fdc3143eee6a775b9cef2212242ec9d8114a
float.k:203:1714c1550770,/reference/reference-semantics/semantics/float.k,rule,203,203,,UNREACHABLE_FIXED_SEMANTICS_SENTENCE,Head/construct is absent from the submitted constructor term or is a concrete-only/other-type alternative. It was inventoried and inspected for overlap; it cannot fire on the target proof path.,1714c1550770bc11884e259edb53966f4938fc04546dd96c773cabee38acab6c
float.k:204:a3b308b7b2c2,/reference/reference-semantics/semantics/float.k,rule,204,204,,UNREACHABLE_FIXED_SEMANTICS_SENTENCE,Head/construct is absent from the submitted constructor term or is a concrete-only/other-type alternative. It was inventoried and inspected for overlap; it cannot fire on the target proof path.,a3b308b7b2c2e9343ae069b0a7bbe47498537cca6859ee92873552c2df50f105
float.k:205:fc6de3b7c2f9,/reference/reference-semantics/semantics/float.k,rule,205,205,,UNREACHABLE_FIXED_SEMANTICS_SENTENCE,Head/construct is absent from the submitted constructor term or is a concrete-only/other-type alternative. It was inventoried and inspected for overlap; it cannot fire on the target proof path.,fc6de3b7c2f96d950f9aaca9f5df3aed76102c3b005e86cef59e2d2bce19afcf
float.k:206:18ff729bf687,/reference/reference-semantics/semantics/float.k,rule,206,208,,UNREACHABLE_FIXED_SEMANTICS_SENTENCE,Head/construct is absent from the submitted constructor term or is a concrete-only/other-type alternative. It was inventoried and inspected for overlap; it cannot fire on the target proof path.,18ff729bf687fd4bce566aec46540f7830a79e48525d2236d2247e5487e70ab2
float.k:209:11c17aa2d431,/reference/reference-semantics/semantics/float.k,syntax,209,209,function|total|symbol(truncF)|no-evaluators,UNREACHABLE_FIXED_SEMANTICS_SENTENCE,Head/construct is absent from the submitted constructor term or is a concrete-only/other-type alternative. It was inventoried and inspected for overlap; it cannot fire on the target proof path.,11c17aa2d43131ae18ec1be82f27b6922d13447bcdad8aea53515aaf4222e7a0
float.k:210:bee730d1e871,/reference/reference-semantics/semantics/float.k,rule,210,210,concrete,UNREACHABLE_FIXED_SEMANTICS_SENTENCE,Head/construct is absent from the submitted constructor term or is a concrete-only/other-type alternative. It was inventoried and inspected for overlap; it cannot fire on the target proof path.,bee730d1e87168f9dad702b1113b5a919a7ee189741db231857746a167529d25
float.k:211:651a7c3ee92f,/reference/reference-semantics/semantics/float.k,rule,211,212,,UNREACHABLE_FIXED_SEMANTICS_SENTENCE,Head/construct is absent from the submitted constructor term or is a concrete-only/other-type alternative. It was inventoried and inspected for overlap; it cannot fire on the target proof path.,651a7c3ee92f0a9635c032666a3452b3cfa8ca92836f167a48bc06274401d3e0
float.k:213:df11945a1b8f,/reference/reference-semantics/semantics/float.k,rule,213,213,,UNREACHABLE_FIXED_SEMANTICS_SENTENCE,Head/construct is absent from the submitted constructor term or is a concrete-only/other-type alternative. It was inventoried and inspected for overlap; it cannot fire on the target proof path.,df11945a1b8f0f7bb66b9095abcda69026b9ee39f08d7621f51584b5193711e3
float.k:214:e38c88c120d0,/reference/reference-semantics/semantics/float.k,rule,214,216,,UNREACHABLE_FIXED_SEMANTICS_SENTENCE,Head/construct is absent from the submitted constructor term or is a concrete-only/other-type alternative. It was inventoried and inspected for overlap; it cannot fire on the target proof path.,e38c88c120d0a5969be48bfcba2276d40c987fdadf7624d349d13a7f3ce00c24
float.k:217:d0b7f75c69f6,/reference/reference-semantics/semantics/float.k,syntax,217,217,function|total|symbol(roundF)|no-evaluators,UNREACHABLE_FIXED_SEMANTICS_SENTENCE,Head/construct is absent from the submitted constructor term or is a concrete-only/other-type alternative. It was inventoried and inspected for overlap; it cannot fire on the target proof path.,d0b7f75c69f6a7f52a6d150fa1f859c9c843ffefeea29b68a7ef6d619f7a89ba
float.k:218:eb02485bbe26,/reference/reference-semantics/semantics/float.k,rule,218,222,concrete,UNREACHABLE_FIXED_SEMANTICS_SENTENCE,Head/construct is absent from the submitted constructor term or is a concrete-only/other-type alternative. It was inventoried and inspected for overlap; it cannot fire on the target proof path.,eb02485bbe2629074d51e3cdcf92ebd4d3b9ea985bd5c69349a87b2bcf6107db
float.k:223:73ff3255d50d,/reference/reference-semantics/semantics/float.k,syntax,223,223,function|total|symbol(roundFN)|no-evaluators,UNREACHABLE_FIXED_SEMANTICS_SENTENCE,Head/construct is absent from the submitted constructor term or is a concrete-only/other-type alternative. It was inventoried and inspected for overlap; it cannot fire on the target proof path.,73ff3255d50db9ef5ce4e5587a02f3727412ba9e564eb216091a4a44fea04c54
float.k:224:2ae5db0795e6,/reference/reference-semantics/semantics/float.k,rule,224,226,concrete,UNREACHABLE_FIXED_SEMANTICS_SENTENCE,Head/construct is absent from the submitted constructor term or is a concrete-only/other-type alternative. It was inventoried and inspected for overlap; it cannot fire on the target proof path.,2ae5db0795e6706028e1cee0c2674dd3a80f09d61603b97b4c52262edd039e9f
float.k:227:196b869af070,/reference/reference-semantics/semantics/float.k,rule,227,227,,UNREACHABLE_FIXED_SEMANTICS_SENTENCE,Head/construct is absent from the submitted constructor term or is a concrete-only/other-type alternative. It was inventoried and inspected for overlap; it cannot fire on the target proof path.,196b869af0707a66536ccccb9f7ab759877beef029956d5731c92e1c0c669539
float.k:228:053cb084a542,/reference/reference-semantics/semantics/float.k,rule,228,229,,UNREACHABLE_FIXED_SEMANTICS_SENTENCE,Head/construct is absent from the submitted constructor term or is a concrete-only/other-type alternative. It was inventoried and inspected for overlap; it cannot fire on the target proof path.,053cb084a5421b38959bd6e86a7f16795e1408d819c3053e85c24ab6c9bd01f4
float.k:230:ccbc57547039,/reference/reference-semantics/semantics/float.k,syntax,230,230,function|total|symbol(sqrtF)|no-evaluators,UNREACHABLE_FIXED_SEMANTICS_SENTENCE,Head/construct is absent from the submitted constructor term or is a concrete-only/other-type alternative. It was inventoried and inspected for overlap; it cannot fire on the target proof path.,ccbc575470399e30c153b9c247d480371d972bf5c6a908dd1deba29b7a3fb92e
float.k:231:6233ea5230d8,/reference/reference-semantics/semantics/float.k,rule,231,231,concrete,UNREACHABLE_FIXED_SEMANTICS_SENTENCE,Head/construct is absent from the submitted constructor term or is a concrete-only/other-type alternative. It was inventoried and inspected for overlap; it cannot fire on the target proof path.,6233ea5230d8583f4585636e51bd39d973ee97f98281d6711e369677f7fab7c2
float.k:232:cf723364ca5d,/reference/reference-semantics/semantics/float.k,syntax,232,232,,UNREACHABLE_FIXED_SEMANTICS_SENTENCE,Head/construct is absent from the submitted constructor term or is a concrete-only/other-type alternative. It was inventoried and inspected for overlap; it cannot fire on the target proof path.,cf723364ca5d681bba80f43226edcd7e8beea1e13bea0f107f710ad340966933
float.k:233:9708f9876df9,/reference/reference-semantics/semantics/float.k,rule,233,233,priority(40),UNREACHABLE_FIXED_SEMANTICS_SENTENCE,Head/construct is absent from the submitted constructor term or is a concrete-only/other-type alternative. It was inventoried and inspected for overlap; it cannot fire on the target proof path.,9708f9876df9bd54f74a36d6f213af9a101a9064261c6b8717ef86a520e5f151
float.k:234:7e79b6dbd8c0,/reference/reference-semantics/semantics/float.k,rule,234,234,,UNREACHABLE_FIXED_SEMANTICS_SENTENCE,Head/construct is absent from the submitted constructor term or is a concrete-only/other-type alternative. It was inventoried and inspected for overlap; it cannot fire on the target proof path.,7e79b6dbd8c07376bb029b374572020a5420a378a9c49c65d56f1567c002a4c0
float.k:235:c4013b0dca36,/reference/reference-semantics/semantics/float.k,rule,235,242,,UNREACHABLE_FIXED_SEMANTICS_SENTENCE,Head/construct is absent from the submitted constructor term or is a concrete-only/other-type alternative. It was inventoried and inspected for overlap; it cannot fire on the target proof path.,c4013b0dca36c3805769558331af3325e7b71d939c9164b97826f635140691b2
float.k:243:a63f310fdba5,/reference/reference-semantics/semantics/float.k,syntax,243,243,,UNREACHABLE_FIXED_SEMANTICS_SENTENCE,Head/construct is absent from the submitted constructor term or is a concrete-only/other-type alternative. It was inventoried and inspected for overlap; it cannot fire on the target proof path.,a63f310fdba5a6f45aa19461da4b980cdebc96e73ac1a35a94f6c219c4f4ac1f
float.k:244:838b90fdad47,/reference/reference-semantics/semantics/float.k,rule,244,244,,UNREACHABLE_FIXED_SEMANTICS_SENTENCE,Head/construct is absent from the submitted constructor term or is a concrete-only/other-type alternative. It was inventoried and inspected for overlap; it cannot fire on the target proof path.,838b90fdad470a0cb9ec017aca4445c39c79d1400f0c8199bc5e379d1394c6ac
float.k:245:dfa99d6b3002,/reference/reference-semantics/semantics/float.k,rule,245,245,,UNREACHABLE_FIXED_SEMANTICS_SENTENCE,Head/construct is absent from the submitted constructor term or is a concrete-only/other-type alternative. It was inventoried and inspected for overlap; it cannot fire on the target proof path.,dfa99d6b3002d3d181db1c1b740bbb0d365de00515a7b0da3d6ccd418d8ad5f0
float.k:246:35a797d2ae5f,/reference/reference-semantics/semantics/float.k,rule,246,246,,UNREACHABLE_FIXED_SEMANTICS_SENTENCE,Head/construct is absent from the submitted constructor term or is a concrete-only/other-type alternative. It was inventoried and inspected for overlap; it cannot fire on the target proof path.,35a797d2ae5f80419d2f097787037eeac7ac26d46a573a396d00a2c237fe0902
float.k:247:a1f41d00826c,/reference/reference-semantics/semantics/float.k,rule,247,249,,UNREACHABLE_FIXED_SEMANTICS_SENTENCE,Head/construct is absent from the submitted constructor term or is a concrete-only/other-type alternative. It was inventoried and inspected for overlap; it cannot fire on the target proof path.,a1f41d00826cf56a35800be5d846bff2a033b3f6bcaf1397f1dcb67661b49162
float.k:250:cd35b1a80916,/reference/reference-semantics/semantics/float.k,syntax,250,250,,UNREACHABLE_FIXED_SEMANTICS_SENTENCE,Head/construct is absent from the submitted constructor term or is a concrete-only/other-type alternative. It was inventoried and inspected for overlap; it cannot fire on the target proof path.,cd35b1a809162624d97017592cb4c67cfabdc4236752758dfc73e9223f535029
float.k:251:785007e31d6e,/reference/reference-semantics/semantics/float.k,rule,251,251,,UNREACHABLE_FIXED_SEMANTICS_SENTENCE,Head/construct is absent from the submitted constructor term or is a concrete-only/other-type alternative. It was inventoried and inspected for overlap; it cannot fire on the target proof path.,785007e31d6e0716e9e2c2607b7db6ddc091436f5499b86dd575c0fc5b1e1546
float.k:252:6b8405dae8d4,/reference/reference-semantics/semantics/float.k,rule,252,252,,UNREACHABLE_FIXED_SEMANTICS_SENTENCE,Head/construct is absent from the submitted constructor term or is a concrete-only/other-type alternative. It was inventoried and inspected for overlap; it cannot fire on the target proof path.,6b8405dae8d41cf373535771fde16f1e70f4e5c27e9318ec9f469b6c95df0487
float.k:253:700ae0c8579a,/reference/reference-semantics/semantics/float.k,rule,253,253,,UNREACHABLE_FIXED_SEMANTICS_SENTENCE,Head/construct is absent from the submitted constructor term or is a concrete-only/other-type alternative. It was inventoried and inspected for overlap; it cannot fire on the target proof path.,700ae0c8579a15db7131fac162e19ae25bcac57d8cb38ce3275296d31d7d0441
float.k:254:62d7ad6d3b75,/reference/reference-semantics/semantics/float.k,rule,254,260,,UNREACHABLE_FIXED_SEMANTICS_SENTENCE,Head/construct is absent from the submitted constructor term or is a concrete-only/other-type alternative. It was inventoried and inspected for overlap; it cannot fire on the target proof path.,62d7ad6d3b7582fc853d1b4c3073d85cbf15b474b37c6f3f2cce997ed0c1cd2a
float.k:261:0abd52ddf475,/reference/reference-semantics/semantics/float.k,syntax,261,261,,UNREACHABLE_FIXED_SEMANTICS_SENTENCE,Head/construct is absent from the submitted constructor term or is a concrete-only/other-type alternative. It was inventoried and inspected for overlap; it cannot fire on the target proof path.,0abd52ddf475c76be88e36b6ae667fa4b020f936fe9da72fa0159555df394556
float.k:262:2f1184f501b5,/reference/reference-semantics/semantics/float.k,rule,262,264,,UNREACHABLE_FIXED_SEMANTICS_SENTENCE,Head/construct is absent from the submitted constructor term or is a concrete-only/other-type alternative. It was inventoried and inspected for overlap; it cannot fire on the target proof path.,2f1184f501b575d4a8952df05fc121110263a6f198ff344bf2726ed5cfb552cf
float.k:265:65c1e01d9cd3,/reference/reference-semantics/semantics/float.k,rule,265,265,,UNREACHABLE_FIXED_SEMANTICS_SENTENCE,Head/construct is absent from the submitted constructor term or is a concrete-only/other-type alternative. It was inventoried and inspected for overlap; it cannot fire on the target proof path.,65c1e01d9cd3ba0608befb376b26333c0a382f6396af8fad36e39e1ea0018c6c
float.k:266:a39fca22a153,/reference/reference-semantics/semantics/float.k,rule,266,266,,UNREACHABLE_FIXED_SEMANTICS_SENTENCE,Head/construct is absent from the submitted constructor term or is a concrete-only/other-type alternative. It was inventoried and inspected for overlap; it cannot fire on the target proof path.,a39fca22a1537ecfaa404ec9fe4c163ac7600183a1ac70ec53c1f71b2c0cd536
float.k:267:f1353b9a01f4,/reference/reference-semantics/semantics/float.k,rule,267,269,,UNREACHABLE_FIXED_SEMANTICS_SENTENCE,Head/construct is absent from the submitted constructor term or is a concrete-only/other-type alternative. It was inventoried and inspected for overlap; it cannot fire on the target proof path.,f1353b9a01f4ea8a63619a4f791a8a6904388bcec2de6fab1a0f4d467efdafc8
float.k:270:dba3e0024842,/reference/reference-semantics/semantics/float.k,rule,270,272,,UNREACHABLE_FIXED_SEMANTICS_SENTENCE,Head/construct is absent from the submitted constructor term or is a concrete-only/other-type alternative. It was inventoried and inspected for overlap; it cannot fire on the target proof path.,dba3e0024842ced0d7c1cdf793479eaf00fa924fce0cd834d63a596490397345
float.k:273:4c5df27adc71,/reference/reference-semantics/semantics/float.k,endmodule,273,273,,STRUCTURAL_SOURCE_SENTENCE,Require/import/module boundary; no rewrite content.,4c5df27adc717388cee7175c70de02f160d4f9a8e25c48eb0fc23e1968ad13f4
functions.k:3:443014fc6330,/reference/reference-semantics/semantics/functions.k,module,3,3,,STRUCTURAL_SOURCE_SENTENCE,Require/import/module boundary; no rewrite content.,443014fc63307393fbae4cefb1f0e0c1626a46f092c728c97ec64c4e2e9cc71d
functions.k:4:4258a966960e,/reference/reference-semantics/semantics/functions.k,imports,4,7,,STRUCTURAL_SOURCE_SENTENCE,Require/import/module boundary; no rewrite content.,4258a966960e81238ac1318ebb92f5cd383bcf94ed5077b6dea55341a4254bfd
functions.k:8:b8132b426922,/reference/reference-semantics/semantics/functions.k,syntax,8,13,,REACHABLE_FIXED_SEMANTICS_SOUND_ON_USED_DOMAIN,"Inspected for matching, guards, overlap, evaluation order, control, allocation, and state footprint; agrees with the submitted program's plain-list/int execution path.",b8132b42692298e0453e47fcb21d7ecbd51bcfcbaa9539de501a909a178576c3
functions.k:14:f981471f7fe1,/reference/reference-semantics/semantics/functions.k,rule,14,17,,REACHABLE_FIXED_SEMANTICS_SOUND_ON_USED_DOMAIN,"Inspected for matching, guards, overlap, evaluation order, control, allocation, and state footprint; agrees with the submitted program's plain-list/int execution path.",f981471f7fe1d37edc742ee83b218f62160ea0f267c0c7c8eaa419d7ff573576
functions.k:18:a6aeea98e7de,/reference/reference-semantics/semantics/functions.k,syntax,18,18,,REACHABLE_FIXED_SEMANTICS_SOUND_ON_USED_DOMAIN,"Inspected for matching, guards, overlap, evaluation order, control, allocation, and state footprint; agrees with the submitted program's plain-list/int execution path.",a6aeea98e7de047f34a60286bc922b09e47fb2b1ed36e387cb4dd043ab958d97
functions.k:19:b5697d5757d5,/reference/reference-semantics/semantics/functions.k,rule,19,26,,REACHABLE_FIXED_SEMANTICS_SOUND_ON_USED_DOMAIN,"Inspected for matching, guards, overlap, evaluation order, control, allocation, and state footprint; agrees with the submitted program's plain-list/int execution path.",b5697d5757d50f19924daf21c59148c4f0d18162d691743e5f7e25edb0e6542a
functions.k:27:f8d9de7aaced,/reference/reference-semantics/semantics/functions.k,syntax,27,30,,UNREACHABLE_FIXED_SEMANTICS_SENTENCE,Head/construct is absent from the submitted constructor term or is a concrete-only/other-type alternative. It was inventoried and inspected for overlap; it cannot fire on the target proof path.,f8d9de7aacedb88070deb48cf517ad49a811284a400c70ab4ee77abb02c7abad
functions.k:31:adf59ac49fac,/reference/reference-semantics/semantics/functions.k,syntax,31,32,,UNREACHABLE_FIXED_SEMANTICS_SENTENCE,Head/construct is absent from the submitted constructor term or is a concrete-only/other-type alternative. It was inventoried and inspected for overlap; it cannot fire on the target proof path.,adf59ac49fac375fed8b82627c7f2e97361a74ce540c25191e7364c8443683c5
functions.k:33:c7913840b3eb,/reference/reference-semantics/semantics/functions.k,rule,33,35,,UNREACHABLE_FIXED_SEMANTICS_SENTENCE,Head/construct is absent from the submitted constructor term or is a concrete-only/other-type alternative. It was inventoried and inspected for overlap; it cannot fire on the target proof path.,c7913840b3eb69329fe66da5d3c1f4f0a3abc6b814a059ba7855eecbeb837d90
functions.k:36:9260d8509a74,/reference/reference-semantics/semantics/functions.k,rule,36,41,,UNREACHABLE_FIXED_SEMANTICS_SENTENCE,Head/construct is absent from the submitted constructor term or is a concrete-only/other-type alternative. It was inventoried and inspected for overlap; it cannot fire on the target proof path.,9260d8509a74e5602f68966df89b4019a08f945c39f9d9563ecebdd490d0ded2
functions.k:42:79ce8ed09e91,/reference/reference-semantics/semantics/functions.k,rule,42,46,,UNREACHABLE_FIXED_SEMANTICS_SENTENCE,Head/construct is absent from the submitted constructor term or is a concrete-only/other-type alternative. It was inventoried and inspected for overlap; it cannot fire on the target proof path.,79ce8ed09e9100199940db64ea62f6dd5dc3d16997661c87fb4642a5bd2b4a4d
functions.k:47:deda77ab9351,/reference/reference-semantics/semantics/functions.k,rule,47,49,,UNREACHABLE_FIXED_SEMANTICS_SENTENCE,Head/construct is absent from the submitted constructor term or is a concrete-only/other-type alternative. It was inventoried and inspected for overlap; it cannot fire on the target proof path.,deda77ab935136ffc525059ae6f3062f8de96e8d459d155d8ce231e281ab77cb
functions.k:50:37112d13ebff,/reference/reference-semantics/semantics/functions.k,rule,50,52,,UNREACHABLE_FIXED_SEMANTICS_SENTENCE,Head/construct is absent from the submitted constructor term or is a concrete-only/other-type alternative. It was inventoried and inspected for overlap; it cannot fire on the target proof path.,37112d13ebff5c38dbbcc21f3de6bef754075cb2a431f4cbff297fb1d401c072
functions.k:53:ee95b3fb3c96,/reference/reference-semantics/semantics/functions.k,rule,53,58,,UNREACHABLE_FIXED_SEMANTICS_SENTENCE,Head/construct is absent from the submitted constructor term or is a concrete-only/other-type alternative. It was inventoried and inspected for overlap; it cannot fire on the target proof path.,ee95b3fb3c96473b23386b2b24d6b2b1414c69c651ebfb2e896cc40501679e7b
functions.k:59:76bc83655d11,/reference/reference-semantics/semantics/functions.k,rule,59,62,,UNREACHABLE_FIXED_SEMANTICS_SENTENCE,Head/construct is absent from the submitted constructor term or is a concrete-only/other-type alternative. It was inventoried and inspected for overlap; it cannot fire on the target proof path.,76bc83655d11809cd18c182f7e285fa4e0117b4df26508068efc390e89119507
functions.k:63:e3671d9bac62,/reference/reference-semantics/semantics/functions.k,rule,63,63,,REACHABLE_FIXED_SEMANTICS_SOUND_ON_USED_DOMAIN,"Inspected for matching, guards, overlap, evaluation order, control, allocation, and state footprint; agrees with the submitted program's plain-list/int execution path.",e3671d9bac62395286261253cedc1db6b2cc0499988e29cfc0fef9ecb270a51f
functions.k:64:2fb6a38b2f41,/reference/reference-semantics/semantics/functions.k,rule,64,67,,REACHABLE_FIXED_SEMANTICS_SOUND_ON_USED_DOMAIN,"Inspected for matching, guards, overlap, evaluation order, control, allocation, and state footprint; agrees with the submitted program's plain-list/int execution path.",2fb6a38b2f4126f645402c9404a3922c27569eda002ac4571cf37bb101f95a5c
functions.k:68:47a760dbae6d,/reference/reference-semantics/semantics/functions.k,rule,68,77,priority(40),REACHABLE_FIXED_SEMANTICS_SOUND_ON_USED_DOMAIN,"Inspected for matching, guards, overlap, evaluation order, control, allocation, and state footprint; agrees with the submitted program's plain-list/int execution path.",47a760dbae6d703de7bf41b0ac21c3647ea2a6c810d7e328aa96a33ba082eacd
functions.k:78:e32ef37e336c,/reference/reference-semantics/semantics/functions.k,rule,78,79,,REACHABLE_FIXED_SEMANTICS_SOUND_ON_USED_DOMAIN,"Inspected for matching, guards, overlap, evaluation order, control, allocation, and state footprint; agrees with the submitted program's plain-list/int execution path.",e32ef37e336c744611c4b34d811ac7ae4ebf8b5e2de407b6775937770d40a28c
functions.k:80:e89e01d6c452,/reference/reference-semantics/semantics/functions.k,rule,80,84,,REACHABLE_FIXED_SEMANTICS_SOUND_ON_USED_DOMAIN,"Inspected for matching, guards, overlap, evaluation order, control, allocation, and state footprint; agrees with the submitted program's plain-list/int execution path.",e89e01d6c452e67496902442093c95fb823ab8363bd6e7702b25bfe5e000af58
functions.k:85:0976ba92bcac,/reference/reference-semantics/semantics/functions.k,rule,85,90,,REACHABLE_FIXED_SEMANTICS_SOUND_ON_USED_DOMAIN,"Inspected for matching, guards, overlap, evaluation order, control, allocation, and state footprint; agrees with the submitted program's plain-list/int execution path.",0976ba92bcac43fd697edbd1f7198b551a421c797750f89243f796c52dab75ab
functions.k:91:4c5df27adc71,/reference/reference-semantics/semantics/functions.k,endmodule,91,91,,STRUCTURAL_SOURCE_SENTENCE,Require/import/module boundary; no rewrite content.,4c5df27adc717388cee7175c70de02f160d4f9a8e25c48eb0fc23e1968ad13f4
int.k:4:74fc45d7398a,/reference/reference-semantics/semantics/int.k,module,4,4,,STRUCTURAL_SOURCE_SENTENCE,Require/import/module boundary; no rewrite content.,74fc45d7398a54f6acd3ef6f2de6e8aaaa5970993284ffc2414ef9b80f8ee099
int.k:5:4258a966960e,/reference/reference-semantics/semantics/int.k,imports,5,6,,STRUCTURAL_SOURCE_SENTENCE,Require/import/module boundary; no rewrite content.,4258a966960e81238ac1318ebb92f5cd383bcf94ed5077b6dea55341a4254bfd
int.k:7:bea824a9d0c7,/reference/reference-semantics/semantics/int.k,rule,7,8,,UNREACHABLE_FIXED_SEMANTICS_SENTENCE,Head/construct is absent from the submitted constructor term or is a concrete-only/other-type alternative. It was inventoried and inspected for overlap; it cannot fire on the target proof path.,bea824a9d0c76babe487fb83fc65f9325c396843c8776705ff5df097dcbe35ab
int.k:9:8c4c1e8eef61,/reference/reference-semantics/semantics/int.k,rule,9,10,,REACHABLE_FIXED_SEMANTICS_SOUND_ON_USED_DOMAIN,"Inspected for matching, guards, overlap, evaluation order, control, allocation, and state footprint; agrees with the submitted program's plain-list/int execution path.",8c4c1e8eef6166845f5a3f36e2a5898d5f905bfe4c52b48b097c1647940b0309
int.k:11:515cc9110af9,/reference/reference-semantics/semantics/int.k,rule,11,11,,REACHABLE_FIXED_SEMANTICS_SOUND_ON_USED_DOMAIN,"Inspected for matching, guards, overlap, evaluation order, control, allocation, and state footprint; agrees with the submitted program's plain-list/int execution path.",515cc9110af914220fd043ddada48c7f17365a9bfa328efa8ae0919b5473859a
int.k:12:335d0401d429,/reference/reference-semantics/semantics/int.k,rule,12,12,,REACHABLE_FIXED_SEMANTICS_SOUND_ON_USED_DOMAIN,"Inspected for matching, guards, overlap, evaluation order, control, allocation, and state footprint; agrees with the submitted program's plain-list/int execution path.",335d0401d42936641828c8519f03000492eab5fdde729be9ad84a964c192e1ed
int.k:13:045a3b7ba0f8,/reference/reference-semantics/semantics/int.k,rule,13,13,,REACHABLE_FIXED_SEMANTICS_SOUND_ON_USED_DOMAIN,"Inspected for matching, guards, overlap, evaluation order, control, allocation, and state footprint; agrees with the submitted program's plain-list/int execution path.",045a3b7ba0f87b98701c029636a3617c9a7131d9a4011152d4bcca47c54b5501
int.k:14:b25cf4d3a0b2,/reference/reference-semantics/semantics/int.k,rule,14,14,,REACHABLE_FIXED_SEMANTICS_SOUND_ON_USED_DOMAIN,"Inspected for matching, guards, overlap, evaluation order, control, allocation, and state footprint; agrees with the submitted program's plain-list/int execution path.",b25cf4d3a0b2c5705570985e016c6a573c9b1c47be3b9f677993f1c5a998c7a3
int.k:15:7cfc166283c7,/reference/reference-semantics/semantics/int.k,rule,15,15,,REACHABLE_FIXED_SEMANTICS_SOUND_ON_USED_DOMAIN,"Inspected for matching, guards, overlap, evaluation order, control, allocation, and state footprint; agrees with the submitted program's plain-list/int execution path.",7cfc166283c78d7165e4b29b6a7a8af5e7cecf8afe34ef7d32f9fb2313a573f2
int.k:16:85afa4d25d14,/reference/reference-semantics/semantics/int.k,rule,16,16,,REACHABLE_FIXED_SEMANTICS_SOUND_ON_USED_DOMAIN,"Inspected for matching, guards, overlap, evaluation order, control, allocation, and state footprint; agrees with the submitted program's plain-list/int execution path.",85afa4d25d1446e6442d53737a36d1cc763b73b3fc78e5ee581835eea8b7b0f2
int.k:17:614ae406522b,/reference/reference-semantics/semantics/int.k,rule,17,18,,REACHABLE_FIXED_SEMANTICS_SOUND_ON_USED_DOMAIN,"Inspected for matching, guards, overlap, evaluation order, control, allocation, and state footprint; agrees with the submitted program's plain-list/int execution path.",614ae406522ba61d5dafd570459dee468b49b861442a3c456ef857b36c41e18a
int.k:19:c131b0a21233,/reference/reference-semantics/semantics/int.k,syntax,19,19,function,REACHABLE_FIXED_SEMANTICS_SOUND_ON_USED_DOMAIN,"Inspected for matching, guards, overlap, evaluation order, control, allocation, and state footprint; agrees with the submitted program's plain-list/int execution path.",c131b0a212330737a12ec60d92eb60b3277a638e494ba82dba54d486be7e0c1a
int.k:20:e3bb9293bfde,/reference/reference-semantics/semantics/int.k,rule,20,21,,REACHABLE_FIXED_SEMANTICS_SOUND_ON_USED_DOMAIN,"Inspected for matching, guards, overlap, evaluation order, control, allocation, and state footprint; agrees with the submitted program's plain-list/int execution path.",e3bb9293bfdee6b979c9f707348dfd94cb34c6ea9cc50901bfde37efe127d5f7
int.k:22:10360ae8affd,/reference/reference-semantics/semantics/int.k,rule,22,22,,UNREACHABLE_FIXED_SEMANTICS_SENTENCE,Head/construct is absent from the submitted constructor term or is a concrete-only/other-type alternative. It was inventoried and inspected for overlap; it cannot fire on the target proof path.,10360ae8affd8bc7e27f8eb3e84b9a9da97af8c4b1970f529095f4e98af3c2f6
int.k:23:c213716c432e,/reference/reference-semantics/semantics/int.k,rule,23,23,,UNREACHABLE_FIXED_SEMANTICS_SENTENCE,Head/construct is absent from the submitted constructor term or is a concrete-only/other-type alternative. It was inventoried and inspected for overlap; it cannot fire on the target proof path.,c213716c432e960423134537589932a4917bb15ada8af878e32b1f4a71d4cac9
int.k:24:fefdcde2267a,/reference/reference-semantics/semantics/int.k,rule,24,24,,UNREACHABLE_FIXED_SEMANTICS_SENTENCE,Head/construct is absent from the submitted constructor term or is a concrete-only/other-type alternative. It was inventoried and inspected for overlap; it cannot fire on the target proof path.,fefdcde2267af04c1bdeb0961cbc9cb977147b091ffaebf44a694173a23e1516
int.k:25:463b1de8dd3e,/reference/reference-semantics/semantics/int.k,rule,25,25,,UNREACHABLE_FIXED_SEMANTICS_SENTENCE,Head/construct is absent from the submitted constructor term or is a concrete-only/other-type alternative. It was inventoried and inspected for overlap; it cannot fire on the target proof path.,463b1de8dd3e82b0fcd03ee7033dc057a279b2a2be351a7a8b3ce80a42c98227
int.k:26:533193ddf05e,/reference/reference-semantics/semantics/int.k,rule,26,26,,REACHABLE_FIXED_SEMANTICS_SOUND_ON_USED_DOMAIN,"Inspected for matching, guards, overlap, evaluation order, control, allocation, and state footprint; agrees with the submitted program's plain-list/int execution path.",533193ddf05e9682051473e0f142b3e9586ce8088bd6202dca16db0688e93fd1
int.k:27:14ecc12ef5ab,/reference/reference-semantics/semantics/int.k,rule,27,27,,UNREACHABLE_FIXED_SEMANTICS_SENTENCE,Head/construct is absent from the submitted constructor term or is a concrete-only/other-type alternative. It was inventoried and inspected for overlap; it cannot fire on the target proof path.,14ecc12ef5abadb7bac32c0bfe2efbd9eb2f38fd37dfa7a308cec90354697399
int.k:28:4c5df27adc71,/reference/reference-semantics/semantics/int.k,endmodule,28,28,,STRUCTURAL_SOURCE_SENTENCE,Require/import/module boundary; no rewrite content.,4c5df27adc717388cee7175c70de02f160d4f9a8e25c48eb0fc23e1968ad13f4
iter.k:6:65489422ea2a,/reference/reference-semantics/semantics/iter.k,module,6,6,,STRUCTURAL_SOURCE_SENTENCE,Require/import/module boundary; no rewrite content.,65489422ea2a70bfef194feb6c0efcb5208a49917849941598ec8a343e2ece68
iter.k:7:4258a966960e,/reference/reference-semantics/semantics/iter.k,imports,7,7,,STRUCTURAL_SOURCE_SENTENCE,Require/import/module boundary; no rewrite content.,4258a966960e81238ac1318ebb92f5cd383bcf94ed5077b6dea55341a4254bfd
iter.k:8:2fa814827c66,/reference/reference-semantics/semantics/iter.k,syntax,8,8,,REACHABLE_FIXED_SEMANTICS_SOUND_ON_USED_DOMAIN,"Inspected for matching, guards, overlap, evaluation order, control, allocation, and state footprint; agrees with the submitted program's plain-list/int execution path.",2fa814827c664147e6d7c96edd48c3a829a22cd77adc337afbe1fec74dba68ec
iter.k:9:4c5df27adc71,/reference/reference-semantics/semantics/iter.k,endmodule,9,9,,STRUCTURAL_SOURCE_SENTENCE,Require/import/module boundary; no rewrite content.,4c5df27adc717388cee7175c70de02f160d4f9a8e25c48eb0fc23e1968ad13f4
list.k:3:61efb165f96a,/reference/reference-semantics/semantics/list.k,module,3,3,,STRUCTURAL_SOURCE_SENTENCE,Require/import/module boundary; no rewrite content.,61efb165f96a6f5cda9e0ada6aa477f882898ac2258363d4a6911fbe5ca45ee4
list.k:4:4258a966960e,/reference/reference-semantics/semantics/list.k,imports,4,4,,STRUCTURAL_SOURCE_SENTENCE,Require/import/module boundary; no rewrite content.,4258a966960e81238ac1318ebb92f5cd383bcf94ed5077b6dea55341a4254bfd
list.k:5:8ad41781e06e,/reference/reference-semantics/semantics/list.k,imports,5,5,,STRUCTURAL_SOURCE_SENTENCE,Require/import/module boundary; no rewrite content.,8ad41781e06e91093b117ccd78f6f10180a840cf3b4adaa62547edd340b26acc
list.k:6:ee018db6efb0,/reference/reference-semantics/semantics/list.k,imports,6,8,,STRUCTURAL_SOURCE_SENTENCE,Require/import/module boundary; no rewrite content.,ee018db6efb00ffdd01d59dac03e43be2192505ed7049d1c693197e018cbc088
list.k:9:92f64fe67070,/reference/reference-semantics/semantics/list.k,rule,9,9,,REACHABLE_FIXED_SEMANTICS_SOUND_ON_USED_DOMAIN,"Inspected for matching, guards, overlap, evaluation order, control, allocation, and state footprint; agrees with the submitted program's plain-list/int execution path.",92f64fe670702341ba82d9aaa63eca3a1927b56437b86ed5d187461d3f017d83
list.k:10:b39b7937bce1,/reference/reference-semantics/semantics/list.k,rule,10,12,,REACHABLE_FIXED_SEMANTICS_SOUND_ON_USED_DOMAIN,"Inspected for matching, guards, overlap, evaluation order, control, allocation, and state footprint; agrees with the submitted program's plain-list/int execution path.",b39b7937bce1e43be3d25c7e1a583b9d55a0397bad21c5120e7b47d7af9bf947
list.k:13:3d024af826bb,/reference/reference-semantics/semantics/list.k,syntax,13,13,,REACHABLE_FIXED_SEMANTICS_SOUND_ON_USED_DOMAIN,"Inspected for matching, guards, overlap, evaluation order, control, allocation, and state footprint; agrees with the submitted program's plain-list/int execution path.",3d024af826bb0836a06da6fe46f0ff98c9b78f2c58b136c80135b77c71073d7d
list.k:14:f3163ec1febd,/reference/reference-semantics/semantics/list.k,rule,14,14,,REACHABLE_FIXED_SEMANTICS_SOUND_ON_USED_DOMAIN,"Inspected for matching, guards, overlap, evaluation order, control, allocation, and state footprint; agrees with the submitted program's plain-list/int execution path.",f3163ec1febd09901035e7b494bbfc753c89a46a9286d5ed34309f5bf3a03b91
list.k:15:70e0fbd42323,/reference/reference-semantics/semantics/list.k,rule,15,17,,REACHABLE_FIXED_SEMANTICS_SOUND_ON_USED_DOMAIN,"Inspected for matching, guards, overlap, evaluation order, control, allocation, and state footprint; agrees with the submitted program's plain-list/int execution path.",70e0fbd42323504f9643bc0dbe62e8e5fc4e39b2a9b46f9c34de07f8050d28a7
list.k:18:ac8c744da9bb,/reference/reference-semantics/semantics/list.k,syntax,18,18,function|total,REACHABLE_FIXED_SEMANTICS_SOUND_ON_USED_DOMAIN,"Inspected for matching, guards, overlap, evaluation order, control, allocation, and state footprint; agrees with the submitted program's plain-list/int execution path.",ac8c744da9bbc4a3bc2a3f5ce845163aab64e079291f25529f7fea3a7eb17b02
list.k:19:68f539c882c7,/reference/reference-semantics/semantics/list.k,rule,19,19,,REACHABLE_FIXED_SEMANTICS_SOUND_ON_USED_DOMAIN,"Inspected for matching, guards, overlap, evaluation order, control, allocation, and state footprint; agrees with the submitted program's plain-list/int execution path.",68f539c882c79f5546657cc91f8fb71028a6aa18a578a462aa805712c1ca0b1a
list.k:20:89ea4e872855,/reference/reference-semantics/semantics/list.k,rule,20,23,,REACHABLE_FIXED_SEMANTICS_SOUND_ON_USED_DOMAIN,"Inspected for matching, guards, overlap, evaluation order, control, allocation, and state footprint; agrees with the submitted program's plain-list/int execution path.",89ea4e872855ed5d4d0212b9806dbc55fb74d24e1a683dd46becb75f24f236d7
list.k:24:e435eea17b21,/reference/reference-semantics/semantics/list.k,rule,24,26,priority(45),UNREACHABLE_FIXED_SEMANTICS_SENTENCE,Head/construct is absent from the submitted constructor term or is a concrete-only/other-type alternative. It was inventoried and inspected for overlap; it cannot fire on the target proof path.,e435eea17b21e910a9b3b2c2b60e93607bc638e239ecfa7cbcbb94a8bbb946c9
list.k:27:408c1dfb03ff,/reference/reference-semantics/semantics/list.k,rule,27,27,,UNREACHABLE_FIXED_SEMANTICS_SENTENCE,Head/construct is absent from the submitted constructor term or is a concrete-only/other-type alternative. It was inventoried and inspected for overlap; it cannot fire on the target proof path.,408c1dfb03ffb9842e1592e2fc229c8dc323c41b1a08feced658b6845110398c
list.k:28:8b89879a64e7,/reference/reference-semantics/semantics/list.k,rule,28,32,,UNREACHABLE_FIXED_SEMANTICS_SENTENCE,Head/construct is absent from the submitted constructor term or is a concrete-only/other-type alternative. It was inventoried and inspected for overlap; it cannot fire on the target proof path.,8b89879a64e7c08543e67d678d3371d1d46fcb31287619eaac42f552accd7c7d
list.k:33:afe83d38567e,/reference/reference-semantics/semantics/list.k,syntax,33,33,function|total,UNREACHABLE_FIXED_SEMANTICS_SENTENCE,Head/construct is absent from the submitted constructor term or is a concrete-only/other-type alternative. It was inventoried and inspected for overlap; it cannot fire on the target proof path.,afe83d38567e7cd0f351930bbf72bf06852a8be4cd8aa7d3a8a0baedfe69508a
list.k:34:49b8d0595610,/reference/reference-semantics/semantics/list.k,rule,34,34,,UNREACHABLE_FIXED_SEMANTICS_SENTENCE,Head/construct is absent from the submitted constructor term or is a concrete-only/other-type alternative. It was inventoried and inspected for overlap; it cannot fire on the target proof path.,49b8d05956105413ccd74fc8e2dd526afaa36af0f622076cd093caa41bc828a3
list.k:35:3e47ea875f2d,/reference/reference-semantics/semantics/list.k,rule,35,36,,UNREACHABLE_FIXED_SEMANTICS_SENTENCE,Head/construct is absent from the submitted constructor term or is a concrete-only/other-type alternative. It was inventoried and inspected for overlap; it cannot fire on the target proof path.,3e47ea875f2d3db96838bc493159b5314396db5be11a6042c7f37ccc9135968e
list.k:37:a77ca761dd61,/reference/reference-semantics/semantics/list.k,syntax,37,38,function|function,UNREACHABLE_FIXED_SEMANTICS_SENTENCE,Head/construct is absent from the submitted constructor term or is a concrete-only/other-type alternative. It was inventoried and inspected for overlap; it cannot fire on the target proof path.,a77ca761dd61e4592a17190e4d17103c26d555a23af39433a11386cfb680647e
list.k:39:d3fe72f99ea2,/reference/reference-semantics/semantics/list.k,rule,39,39,,UNREACHABLE_FIXED_SEMANTICS_SENTENCE,Head/construct is absent from the submitted constructor term or is a concrete-only/other-type alternative. It was inventoried and inspected for overlap; it cannot fire on the target proof path.,d3fe72f99ea297b17954f4c0408df1a6c642e9b0d041adc503e6d2d57a098d62
list.k:40:c45656fdf64a,/reference/reference-semantics/semantics/list.k,rule,40,40,,UNREACHABLE_FIXED_SEMANTICS_SENTENCE,Head/construct is absent from the submitted constructor term or is a concrete-only/other-type alternative. It was inventoried and inspected for overlap; it cannot fire on the target proof path.,c45656fdf64a83b0f5a7eef7ff708eaf6bd7c3cbbfcb2b5efb6904193eb0c3af
list.k:41:f8711893a8fa,/reference/reference-semantics/semantics/list.k,rule,41,41,,UNREACHABLE_FIXED_SEMANTICS_SENTENCE,Head/construct is absent from the submitted constructor term or is a concrete-only/other-type alternative. It was inventoried and inspected for overlap; it cannot fire on the target proof path.,f8711893a8fa5703490159c88a3ba3325609e1a06a9560189416426704ec2cb0
list.k:42:75597ae93e20,/reference/reference-semantics/semantics/list.k,rule,42,44,,UNREACHABLE_FIXED_SEMANTICS_SENTENCE,Head/construct is absent from the submitted constructor term or is a concrete-only/other-type alternative. It was inventoried and inspected for overlap; it cannot fire on the target proof path.,75597ae93e20789e373193439cd70ef8d7e007de1415e3b9287933e852f53953
list.k:45:c5c0bdde4aba,/reference/reference-semantics/semantics/list.k,rule,45,46,,UNREACHABLE_FIXED_SEMANTICS_SENTENCE,Head/construct is absent from the submitted constructor term or is a concrete-only/other-type alternative. It was inventoried and inspected for overlap; it cannot fire on the target proof path.,c5c0bdde4aba1effd6f4522e38802d04386eea3f37f136b82351ab143641ff93
list.k:47:4eab3bce7e80,/reference/reference-semantics/semantics/list.k,rule,47,48,,UNREACHABLE_FIXED_SEMANTICS_SENTENCE,Head/construct is absent from the submitted constructor term or is a concrete-only/other-type alternative. It was inventoried and inspected for overlap; it cannot fire on the target proof path.,4eab3bce7e801b1bf18fd4ce302aa8cfcc0ca93dbe8068801736b16a00c8d21b
list.k:49:3863900e8a58,/reference/reference-semantics/semantics/list.k,rule,49,49,,UNREACHABLE_FIXED_SEMANTICS_SENTENCE,Head/construct is absent from the submitted constructor term or is a concrete-only/other-type alternative. It was inventoried and inspected for overlap; it cannot fire on the target proof path.,3863900e8a58f55b84dfb8e7bbb5d85873021d96c873b9f9d8df464649e1fe74
list.k:50:5d6c5490e16b,/reference/reference-semantics/semantics/list.k,rule,50,52,owise,UNREACHABLE_FIXED_SEMANTICS_SENTENCE,Head/construct is absent from the submitted constructor term or is a concrete-only/other-type alternative. It was inventoried and inspected for overlap; it cannot fire on the target proof path.,5d6c5490e16bfbd7d875aabe3fe5ac40601718a7b5fa92d3ed7f525a8998bc1b
list.k:53:1a65389c755b,/reference/reference-semantics/semantics/list.k,rule,53,57,priority(40),REACHABLE_FIXED_SEMANTICS_SOUND_ON_USED_DOMAIN,"Inspected for matching, guards, overlap, evaluation order, control, allocation, and state footprint; agrees with the submitted program's plain-list/int execution path.",1a65389c755b4387c77820c38c0725d3bdcf2e864451622caf60b3631f7a5a72
list.k:58:e171041153df,/reference/reference-semantics/semantics/list.k,syntax,58,58,,UNREACHABLE_FIXED_SEMANTICS_SENTENCE,Head/construct is absent from the submitted constructor term or is a concrete-only/other-type alternative. It was inventoried and inspected for overlap; it cannot fire on the target proof path.,e171041153df48d94a2b0f613d3cea691d9708f5a08bc58349b786188006ec0c
list.k:59:816d231c73c9,/reference/reference-semantics/semantics/list.k,rule,59,59,,UNREACHABLE_FIXED_SEMANTICS_SENTENCE,Head/construct is absent from the submitted constructor term or is a concrete-only/other-type alternative. It was inventoried and inspected for overlap; it cannot fire on the target proof path.,816d231c73c9744b6b61bb31856f3bff88956d64926b6a81416e9741e1af22b1
list.k:60:81419bc508ae,/reference/reference-semantics/semantics/list.k,rule,60,60,,UNREACHABLE_FIXED_SEMANTICS_SENTENCE,Head/construct is absent from the submitted constructor term or is a concrete-only/other-type alternative. It was inventoried and inspected for overlap; it cannot fire on the target proof path.,81419bc508aecac692f551f75d6b28b9e01b040d4bc0084db4de317160a54492
list.k:61:e84f869d57a9,/reference/reference-semantics/semantics/list.k,rule,61,61,,UNREACHABLE_FIXED_SEMANTICS_SENTENCE,Head/construct is absent from the submitted constructor term or is a concrete-only/other-type alternative. It was inventoried and inspected for overlap; it cannot fire on the target proof path.,e84f869d57a9b95738d25e2c08fe4c7a9fc5eee5cc83a72dce6b9b077d8e258a
list.k:62:d8442792286c,/reference/reference-semantics/semantics/list.k,rule,62,62,,UNREACHABLE_FIXED_SEMANTICS_SENTENCE,Head/construct is absent from the submitted constructor term or is a concrete-only/other-type alternative. It was inventoried and inspected for overlap; it cannot fire on the target proof path.,d8442792286ce85192874167d4b911992fb7f792c374c8aa1981e75ee444d220
list.k:63:65f8e4204476,/reference/reference-semantics/semantics/list.k,rule,63,64,,UNREACHABLE_FIXED_SEMANTICS_SENTENCE,Head/construct is absent from the submitted constructor term or is a concrete-only/other-type alternative. It was inventoried and inspected for overlap; it cannot fire on the target proof path.,65f8e4204476f1e8a7c3e32409d2953ab02328d8b68c6bb0b571ed40447f714e
list.k:65:8b08b93c8199,/reference/reference-semantics/semantics/list.k,rule,65,66,,UNREACHABLE_FIXED_SEMANTICS_SENTENCE,Head/construct is absent from the submitted constructor term or is a concrete-only/other-type alternative. It was inventoried and inspected for overlap; it cannot fire on the target proof path.,8b08b93c8199fd51dded1e0ee3fd0def15ccb7eed113350ed7ef8bc5e4e3db3a
list.k:67:5511f8c4ec44,/reference/reference-semantics/semantics/list.k,rule,67,67,,UNREACHABLE_FIXED_SEMANTICS_SENTENCE,Head/construct is absent from the submitted constructor term or is a concrete-only/other-type alternative. It was inventoried and inspected for overlap; it cannot fire on the target proof path.,5511f8c4ec4450e21911f2ff0f12e7e5b0efafc30602e42132f5d292d30a5d81
list.k:68:4c5df27adc71,/reference/reference-semantics/semantics/list.k,endmodule,68,68,,STRUCTURAL_SOURCE_SENTENCE,Require/import/module boundary; no rewrite content.,4c5df27adc717388cee7175c70de02f160d4f9a8e25c48eb0fc23e1968ad13f4
methods.k:3:47c4712939d7,/reference/reference-semantics/semantics/methods.k,module,3,3,,STRUCTURAL_SOURCE_SENTENCE,Require/import/module boundary; no rewrite content.,47c4712939d78225ec8e93900e3b20269eb1c602283292296d9d06cac05c2962
methods.k:4:4258a966960e,/reference/reference-semantics/semantics/methods.k,imports,4,4,,STRUCTURAL_SOURCE_SENTENCE,Require/import/module boundary; no rewrite content.,4258a966960e81238ac1318ebb92f5cd383bcf94ed5077b6dea55341a4254bfd
methods.k:5:5d664c02791d,/reference/reference-semantics/semantics/methods.k,imports,5,5,,STRUCTURAL_SOURCE_SENTENCE,Require/import/module boundary; no rewrite content.,5d664c02791debafd1c58c1ef3ced502c6bc84e391ab9bf326e009fc1f3c5ec9
methods.k:6:1c022ad4e0c9,/reference/reference-semantics/semantics/methods.k,imports,6,6,,STRUCTURAL_SOURCE_SENTENCE,Require/import/module boundary; no rewrite content.,1c022ad4e0c945f696aa1f9d78eb4c3caf78ef9d9b46ae55d6fd081ff4264877
methods.k:7:511c798e04e9,/reference/reference-semantics/semantics/methods.k,imports,7,9,,STRUCTURAL_SOURCE_SENTENCE,Require/import/module boundary; no rewrite content.,511c798e04e96a7ad3e9efe5e06eb4804d66d38f1294d62d46068dc7eafb0373
methods.k:10:bcd6321cf1a2,/reference/reference-semantics/semantics/methods.k,syntax,10,12,function,UNREACHABLE_FIXED_SEMANTICS_SENTENCE,Head/construct is absent from the submitted constructor term or is a concrete-only/other-type alternative. It was inventoried and inspected for overlap; it cannot fire on the target proof path.,bcd6321cf1a2aa2dd9eb69867c0344da1df7626efc9ca51b2e5f293ead7b59cd
methods.k:13:328b30a3774c,/reference/reference-semantics/semantics/methods.k,rule,13,13,,UNREACHABLE_FIXED_SEMANTICS_SENTENCE,Head/construct is absent from the submitted constructor term or is a concrete-only/other-type alternative. It was inventoried and inspected for overlap; it cannot fire on the target proof path.,328b30a3774c14efcc41ec3ccafc8b66c15e41138c101b1814f95c16e7d3c3b5
methods.k:14:a6ae81f68d63,/reference/reference-semantics/semantics/methods.k,rule,14,14,,UNREACHABLE_FIXED_SEMANTICS_SENTENCE,Head/construct is absent from the submitted constructor term or is a concrete-only/other-type alternative. It was inventoried and inspected for overlap; it cannot fire on the target proof path.,a6ae81f68d63fdf6ebf7a83e4cebc6a8ea356b697bc7b9e100d0e313713cafea
methods.k:15:eb11f68e6087,/reference/reference-semantics/semantics/methods.k,rule,15,15,,UNREACHABLE_FIXED_SEMANTICS_SENTENCE,Head/construct is absent from the submitted constructor term or is a concrete-only/other-type alternative. It was inventoried and inspected for overlap; it cannot fire on the target proof path.,eb11f68e60879a03923bdb729b6cb65379b96d936aca7636c174815b536d2af1
methods.k:16:03ce90d0bcd9,/reference/reference-semantics/semantics/methods.k,rule,16,18,,UNREACHABLE_FIXED_SEMANTICS_SENTENCE,Head/construct is absent from the submitted constructor term or is a concrete-only/other-type alternative. It was inventoried and inspected for overlap; it cannot fire on the target proof path.,03ce90d0bcd96a745a02728e93a57eb23bf2a117a421098cea7b75a8e2332e61
methods.k:19:d65f50abf047,/reference/reference-semantics/semantics/methods.k,rule,19,19,,UNREACHABLE_FIXED_SEMANTICS_SENTENCE,Head/construct is absent from the submitted constructor term or is a concrete-only/other-type alternative. It was inventoried and inspected for overlap; it cannot fire on the target proof path.,d65f50abf0475fc0549e8fb763ffdc7dff8cf9adbb8d3f0a80ada868ae266892
methods.k:20:1adc9077ccda,/reference/reference-semantics/semantics/methods.k,rule,20,20,,UNREACHABLE_FIXED_SEMANTICS_SENTENCE,Head/construct is absent from the submitted constructor term or is a concrete-only/other-type alternative. It was inventoried and inspected for overlap; it cannot fire on the target proof path.,1adc9077ccda30c6f3fd532b50695c3029e0d9995b42c6db9a0841b79bdb3c4b
methods.k:21:30f5704dc33a,/reference/reference-semantics/semantics/methods.k,rule,21,25,,UNREACHABLE_FIXED_SEMANTICS_SENTENCE,Head/construct is absent from the submitted constructor term or is a concrete-only/other-type alternative. It was inventoried and inspected for overlap; it cannot fire on the target proof path.,30f5704dc33a3d8d524d7463827e058818062ab3fc23769570f8d6f317251315
methods.k:26:7c16ae8ffba7,/reference/reference-semantics/semantics/methods.k,rule,26,26,,UNREACHABLE_FIXED_SEMANTICS_SENTENCE,Head/construct is absent from the submitted constructor term or is a concrete-only/other-type alternative. It was inventoried and inspected for overlap; it cannot fire on the target proof path.,7c16ae8ffba754403e7d8d5b92438d28f400facc922dec2dcfd2f19b2638b867
methods.k:27:8449bace9b91,/reference/reference-semantics/semantics/methods.k,syntax,27,27,function|total,UNREACHABLE_FIXED_SEMANTICS_SENTENCE,Head/construct is absent from the submitted constructor term or is a concrete-only/other-type alternative. It was inventoried and inspected for overlap; it cannot fire on the target proof path.,8449bace9b91c5f0d37c5971d3b28cd1cad5edfa8c5a4b09064e3d0368f9d4c4
methods.k:28:dcb47502ba71,/reference/reference-semantics/semantics/methods.k,rule,28,28,,UNREACHABLE_FIXED_SEMANTICS_SENTENCE,Head/construct is absent from the submitted constructor term or is a concrete-only/other-type alternative. It was inventoried and inspected for overlap; it cannot fire on the target proof path.,dcb47502ba7100828de3ffb17ec481bef2af40dba346ade5600c4ff154b7e376
methods.k:29:f2558775f8da,/reference/reference-semantics/semantics/methods.k,rule,29,29,,UNREACHABLE_FIXED_SEMANTICS_SENTENCE,Head/construct is absent from the submitted constructor term or is a concrete-only/other-type alternative. It was inventoried and inspected for overlap; it cannot fire on the target proof path.,f2558775f8dab0e8cd93a50b44fe41f53fbfa634e3f8bb69170c8354661a39e0
methods.k:30:0edaa0fbba44,/reference/reference-semantics/semantics/methods.k,rule,30,33,,UNREACHABLE_FIXED_SEMANTICS_SENTENCE,Head/construct is absent from the submitted constructor term or is a concrete-only/other-type alternative. It was inventoried and inspected for overlap; it cannot fire on the target proof path.,0edaa0fbba44dc2bf322316303ce9f2a2bd2cfbbb56b0af3dab783b9a316babe
methods.k:34:21c9fe9f7420,/reference/reference-semantics/semantics/methods.k,rule,34,34,,UNREACHABLE_FIXED_SEMANTICS_SENTENCE,Head/construct is absent from the submitted constructor term or is a concrete-only/other-type alternative. It was inventoried and inspected for overlap; it cannot fire on the target proof path.,21c9fe9f742047bb32315eba84888c896b61193306c3c917ee7c909b4828e677
methods.k:35:277077c74e8e,/reference/reference-semantics/semantics/methods.k,syntax,35,35,function,UNREACHABLE_FIXED_SEMANTICS_SENTENCE,Head/construct is absent from the submitted constructor term or is a concrete-only/other-type alternative. It was inventoried and inspected for overlap; it cannot fire on the target proof path.,277077c74e8e5c1c9b55dccc915e494892ca2a34006043a7e2e1b08e7507c261
methods.k:36:f4dfc7d2f461,/reference/reference-semantics/semantics/methods.k,rule,36,36,,UNREACHABLE_FIXED_SEMANTICS_SENTENCE,Head/construct is absent from the submitted constructor term or is a concrete-only/other-type alternative. It was inventoried and inspected for overlap; it cannot fire on the target proof path.,f4dfc7d2f461d391d0196a077c5f476695803634821d0edeccc7045cb02eb5c8
methods.k:37:17286b8b7ff9,/reference/reference-semantics/semantics/methods.k,rule,37,38,,UNREACHABLE_FIXED_SEMANTICS_SENTENCE,Head/construct is absent from the submitted constructor term or is a concrete-only/other-type alternative. It was inventoried and inspected for overlap; it cannot fire on the target proof path.,17286b8b7ff9965b222eadb3e97b25dee5120c8d78a06b9f41176e56335d61e2
methods.k:39:0bf718afc195,/reference/reference-semantics/semantics/methods.k,rule,39,40,,UNREACHABLE_FIXED_SEMANTICS_SENTENCE,Head/construct is absent from the submitted constructor term or is a concrete-only/other-type alternative. It was inventoried and inspected for overlap; it cannot fire on the target proof path.,0bf718afc195d3938512aa55dbdd340f4b08702b50c544a52e4e5ac6428deba6
methods.k:41:121d0c58dbca,/reference/reference-semantics/semantics/methods.k,syntax,41,41,function|total,UNREACHABLE_FIXED_SEMANTICS_SENTENCE,Head/construct is absent from the submitted constructor term or is a concrete-only/other-type alternative. It was inventoried and inspected for overlap; it cannot fire on the target proof path.,121d0c58dbca6c2852abf6c8fbc50c66fa47e0563465d6ee60f128d83e251aa4
methods.k:42:036bd013d44b,/reference/reference-semantics/semantics/methods.k,rule,42,42,,UNREACHABLE_FIXED_SEMANTICS_SENTENCE,Head/construct is absent from the submitted constructor term or is a concrete-only/other-type alternative. It was inventoried and inspected for overlap; it cannot fire on the target proof path.,036bd013d44b4c1edf7a703d1d6db67965c6fa20915eca3d3946a6022c1d2ea9
methods.k:43:f7a542230356,/reference/reference-semantics/semantics/methods.k,rule,43,43,owise,UNREACHABLE_FIXED_SEMANTICS_SENTENCE,Head/construct is absent from the submitted constructor term or is a concrete-only/other-type alternative. It was inventoried and inspected for overlap; it cannot fire on the target proof path.,f7a542230356ebad6029f1716109b7d96c72f11c2d5eeba3c1f490ad8595b4a1
methods.k:44:5f16ac6adf64,/reference/reference-semantics/semantics/methods.k,rule,44,46,,UNREACHABLE_FIXED_SEMANTICS_SENTENCE,Head/construct is absent from the submitted constructor term or is a concrete-only/other-type alternative. It was inventoried and inspected for overlap; it cannot fire on the target proof path.,5f16ac6adf6486e76a1ea4259a23542e58277a75f220157a3f9de4af1c0c79f0
methods.k:47:fc495b2dc6ff,/reference/reference-semantics/semantics/methods.k,rule,47,47,,UNREACHABLE_FIXED_SEMANTICS_SENTENCE,Head/construct is absent from the submitted constructor term or is a concrete-only/other-type alternative. It was inventoried and inspected for overlap; it cannot fire on the target proof path.,fc495b2dc6ff9d31d6c463b238bc6f4493026df5e3b1bdb6a89f40b1df908ecc
methods.k:48:4eeafed3826b,/reference/reference-semantics/semantics/methods.k,syntax,48,48,function|total,UNREACHABLE_FIXED_SEMANTICS_SENTENCE,Head/construct is absent from the submitted constructor term or is a concrete-only/other-type alternative. It was inventoried and inspected for overlap; it cannot fire on the target proof path.,4eeafed3826be8194a981bc1e80c6de26dba5f5a70b2bbac7793fa157606154c
methods.k:49:4291267251ce,/reference/reference-semantics/semantics/methods.k,rule,49,49,,UNREACHABLE_FIXED_SEMANTICS_SENTENCE,Head/construct is absent from the submitted constructor term or is a concrete-only/other-type alternative. It was inventoried and inspected for overlap; it cannot fire on the target proof path.,4291267251cee7ecfdb91403f873109d0c5ef939a1f6251e0a4fedd1156ca37b
methods.k:50:879a0736a8b4,/reference/reference-semantics/semantics/methods.k,rule,50,50,,UNREACHABLE_FIXED_SEMANTICS_SENTENCE,Head/construct is absent from the submitted constructor term or is a concrete-only/other-type alternative. It was inventoried and inspected for overlap; it cannot fire on the target proof path.,879a0736a8b490a2e2b40e4831c2e1462be6bf413bab581ea2fef7fef0e2f13a
methods.k:51:988ee980274c,/reference/reference-semantics/semantics/methods.k,rule,51,51,,UNREACHABLE_FIXED_SEMANTICS_SENTENCE,Head/construct is absent from the submitted constructor term or is a concrete-only/other-type alternative. It was inventoried and inspected for overlap; it cannot fire on the target proof path.,988ee980274cf866a4026887cbba6282e3f7c959e268cc0e188d304b386fe20f
methods.k:52:588afa88ddb7,/reference/reference-semantics/semantics/methods.k,syntax,52,52,function|total|function|total,UNREACHABLE_FIXED_SEMANTICS_SENTENCE,Head/construct is absent from the submitted constructor term or is a concrete-only/other-type alternative. It was inventoried and inspected for overlap; it cannot fire on the target proof path.,588afa88ddb7cf7ccee3e65194d4b948b7144aff2cb57bf1c63a5b88eea31739
methods.k:53:f72cb5914e4a,/reference/reference-semantics/semantics/methods.k,rule,53,53,,UNREACHABLE_FIXED_SEMANTICS_SENTENCE,Head/construct is absent from the submitted constructor term or is a concrete-only/other-type alternative. It was inventoried and inspected for overlap; it cannot fire on the target proof path.,f72cb5914e4ad9c0fb018b845bab1085013c5baa882264e635d565f1ec941aee
methods.k:54:24b1a05b8e5d,/reference/reference-semantics/semantics/methods.k,rule,54,54,,UNREACHABLE_FIXED_SEMANTICS_SENTENCE,Head/construct is absent from the submitted constructor term or is a concrete-only/other-type alternative. It was inventoried and inspected for overlap; it cannot fire on the target proof path.,24b1a05b8e5db65b0005965f6a85b1d0b37681f9aea425a3fd11cfee46934c89
methods.k:55:a743803ce5fe,/reference/reference-semantics/semantics/methods.k,rule,55,57,,UNREACHABLE_FIXED_SEMANTICS_SENTENCE,Head/construct is absent from the submitted constructor term or is a concrete-only/other-type alternative. It was inventoried and inspected for overlap; it cannot fire on the target proof path.,a743803ce5fedca42661b8bf5d8e2559facb8b30e8d8c91ab60250921afd9bbd
methods.k:58:46cee75aa03a,/reference/reference-semantics/semantics/methods.k,rule,58,60,,UNREACHABLE_FIXED_SEMANTICS_SENTENCE,Head/construct is absent from the submitted constructor term or is a concrete-only/other-type alternative. It was inventoried and inspected for overlap; it cannot fire on the target proof path.,46cee75aa03aa7bfbfa482bbb55d7485be47cef0f9f1ce5a58d11b1f58e1f88c
methods.k:61:905e9a90f217,/reference/reference-semantics/semantics/methods.k,rule,61,63,,UNREACHABLE_FIXED_SEMANTICS_SENTENCE,Head/construct is absent from the submitted constructor term or is a concrete-only/other-type alternative. It was inventoried and inspected for overlap; it cannot fire on the target proof path.,905e9a90f21719054e0ef1f6e039b497253fce6d6b613dc4dbb8e92fd97ca399
methods.k:64:bf346f893e63,/reference/reference-semantics/semantics/methods.k,rule,64,64,,UNREACHABLE_FIXED_SEMANTICS_SENTENCE,Head/construct is absent from the submitted constructor term or is a concrete-only/other-type alternative. It was inventoried and inspected for overlap; it cannot fire on the target proof path.,bf346f893e63110f2247b4095f95a28b356af1cec402e140ea43d69c26c85380
methods.k:65:b0bd756c2169,/reference/reference-semantics/semantics/methods.k,syntax,65,65,function|total,UNREACHABLE_FIXED_SEMANTICS_SENTENCE,Head/construct is absent from the submitted constructor term or is a concrete-only/other-type alternative. It was inventoried and inspected for overlap; it cannot fire on the target proof path.,b0bd756c21697bd2cd0656ba80c117936e75820eef660f3bd1ad62020d9d73f6
methods.k:66:99f68ecf56cf,/reference/reference-semantics/semantics/methods.k,rule,66,66,,UNREACHABLE_FIXED_SEMANTICS_SENTENCE,Head/construct is absent from the submitted constructor term or is a concrete-only/other-type alternative. It was inventoried and inspected for overlap; it cannot fire on the target proof path.,99f68ecf56cfdc12342971ad00b9ad222cce7f311f69a37259d0ee04e977c7dc
methods.k:67:87d9bfa2c6dc,/reference/reference-semantics/semantics/methods.k,rule,67,67,,UNREACHABLE_FIXED_SEMANTICS_SENTENCE,Head/construct is absent from the submitted constructor term or is a concrete-only/other-type alternative. It was inventoried and inspected for overlap; it cannot fire on the target proof path.,87d9bfa2c6dc520cacd075a24b600fd6e56f675d04b6531d733a9a0b13ef16fe
methods.k:68:8317513f33a6,/reference/reference-semantics/semantics/methods.k,rule,68,71,,UNREACHABLE_FIXED_SEMANTICS_SENTENCE,Head/construct is absent from the submitted constructor term or is a concrete-only/other-type alternative. It was inventoried and inspected for overlap; it cannot fire on the target proof path.,8317513f33a69d73d30b15dc11457001ab58294a9734e5ee37c790ec7059d39f
methods.k:72:3ffc01180f48,/reference/reference-semantics/semantics/methods.k,rule,72,74,priority(40),UNREACHABLE_FIXED_SEMANTICS_SENTENCE,Head/construct is absent from the submitted constructor term or is a concrete-only/other-type alternative. It was inventoried and inspected for overlap; it cannot fire on the target proof path.,3ffc01180f48516f665143fefab8bc2d10f3a90e4b440dbab43a546c5896b78c
methods.k:75:da1c8e2b2236,/reference/reference-semantics/semantics/methods.k,syntax,75,75,function,UNREACHABLE_FIXED_SEMANTICS_SENTENCE,Head/construct is absent from the submitted constructor term or is a concrete-only/other-type alternative. It was inventoried and inspected for overlap; it cannot fire on the target proof path.,da1c8e2b2236c89788eb2a36f17c5548107c2817bfcdd82164d3300fc6a862ac
methods.k:76:e52130b97cee,/reference/reference-semantics/semantics/methods.k,rule,76,76,,UNREACHABLE_FIXED_SEMANTICS_SENTENCE,Head/construct is absent from the submitted constructor term or is a concrete-only/other-type alternative. It was inventoried and inspected for overlap; it cannot fire on the target proof path.,e52130b97ceec63beef441b26323fc08c38cfe3a90e45c887dc3dc5e1a00b6d4
methods.k:77:c4024da56e0b,/reference/reference-semantics/semantics/methods.k,rule,77,78,,UNREACHABLE_FIXED_SEMANTICS_SENTENCE,Head/construct is absent from the submitted constructor term or is a concrete-only/other-type alternative. It was inventoried and inspected for overlap; it cannot fire on the target proof path.,c4024da56e0b8a5d044270b87973bb28ef152b4fdf599c139531bfd764399696
methods.k:79:895f4b195d1b,/reference/reference-semantics/semantics/methods.k,rule,79,81,,UNREACHABLE_FIXED_SEMANTICS_SENTENCE,Head/construct is absent from the submitted constructor term or is a concrete-only/other-type alternative. It was inventoried and inspected for overlap; it cannot fire on the target proof path.,895f4b195d1b9154c2893374db8f71a98140a50fac6898e14211180dd92dd705
methods.k:82:002dffc41af2,/reference/reference-semantics/semantics/methods.k,syntax,82,82,function,UNREACHABLE_FIXED_SEMANTICS_SENTENCE,Head/construct is absent from the submitted constructor term or is a concrete-only/other-type alternative. It was inventoried and inspected for overlap; it cannot fire on the target proof path.,002dffc41af21f640ec2d6c3961dac9a3d4c9f70cd750b85ea4637646913c277
methods.k:83:7b979b52a546,/reference/reference-semantics/semantics/methods.k,rule,83,83,,UNREACHABLE_FIXED_SEMANTICS_SENTENCE,Head/construct is absent from the submitted constructor term or is a concrete-only/other-type alternative. It was inventoried and inspected for overlap; it cannot fire on the target proof path.,7b979b52a54648dbaaa049ad6a0a93c72745c0cbb0cdfdce36eb0894c104f7fa
methods.k:84:0c970d4acf65,/reference/reference-semantics/semantics/methods.k,rule,84,84,,UNREACHABLE_FIXED_SEMANTICS_SENTENCE,Head/construct is absent from the submitted constructor term or is a concrete-only/other-type alternative. It was inventoried and inspected for overlap; it cannot fire on the target proof path.,0c970d4acf65c9b6165ba1fe9178229acd7b60d37a1f841e0a59864678cb91d1
methods.k:85:37f133bfa155,/reference/reference-semantics/semantics/methods.k,syntax,85,85,function|total,UNREACHABLE_FIXED_SEMANTICS_SENTENCE,Head/construct is absent from the submitted constructor term or is a concrete-only/other-type alternative. It was inventoried and inspected for overlap; it cannot fire on the target proof path.,37f133bfa155728fbce4d8d71377c834d069d72a03b76ab067d8d40e862021b7
methods.k:86:8175fabb1057,/reference/reference-semantics/semantics/methods.k,rule,86,88,,UNREACHABLE_FIXED_SEMANTICS_SENTENCE,Head/construct is absent from the submitted constructor term or is a concrete-only/other-type alternative. It was inventoried and inspected for overlap; it cannot fire on the target proof path.,8175fabb10574b14be50a0ddde58085af67226b3e90a48e925876b328a736602
methods.k:89:3f433049a23e,/reference/reference-semantics/semantics/methods.k,rule,89,93,priority(39),UNREACHABLE_FIXED_SEMANTICS_SENTENCE,Head/construct is absent from the submitted constructor term or is a concrete-only/other-type alternative. It was inventoried and inspected for overlap; it cannot fire on the target proof path.,3f433049a23ebd507ca05e236396f84b4e9c465e79b8ab085ba7cbe17577dc9f
methods.k:94:01261c3f8fa4,/reference/reference-semantics/semantics/methods.k,rule,94,96,priority(40),UNREACHABLE_FIXED_SEMANTICS_SENTENCE,Head/construct is absent from the submitted constructor term or is a concrete-only/other-type alternative. It was inventoried and inspected for overlap; it cannot fire on the target proof path.,01261c3f8fa4d7dfe9acaf5bf8dd34b42df1337d00fc410ea9a8ae86de65e656
methods.k:97:7fe4b6f9e7e8,/reference/reference-semantics/semantics/methods.k,syntax,97,97,function,UNREACHABLE_FIXED_SEMANTICS_SENTENCE,Head/construct is absent from the submitted constructor term or is a concrete-only/other-type alternative. It was inventoried and inspected for overlap; it cannot fire on the target proof path.,7fe4b6f9e7e87fa067caeef5d910c7d9277f58ac5883001af8013aca55e2fe8a
methods.k:98:2d26406190b8,/reference/reference-semantics/semantics/methods.k,rule,98,98,,UNREACHABLE_FIXED_SEMANTICS_SENTENCE,Head/construct is absent from the submitted constructor term or is a concrete-only/other-type alternative. It was inventoried and inspected for overlap; it cannot fire on the target proof path.,2d26406190b8fe4d095469d908ccc588bb8789d747ed0ab811785f67fbd807ca
methods.k:99:83564ea69e6a,/reference/reference-semantics/semantics/methods.k,rule,99,100,,UNREACHABLE_FIXED_SEMANTICS_SENTENCE,Head/construct is absent from the submitted constructor term or is a concrete-only/other-type alternative. It was inventoried and inspected for overlap; it cannot fire on the target proof path.,83564ea69e6a28d64aa789e33d2d724b287ed9ca68e59d12103f3dfd13562b53
methods.k:101:73831c929787,/reference/reference-semantics/semantics/methods.k,rule,101,103,,UNREACHABLE_FIXED_SEMANTICS_SENTENCE,Head/construct is absent from the submitted constructor term or is a concrete-only/other-type alternative. It was inventoried and inspected for overlap; it cannot fire on the target proof path.,73831c9297876f11165c47b33c6f020e6223a81f97af0ba7bbd7f242faf5a821
methods.k:104:83ed72ac9f08,/reference/reference-semantics/semantics/methods.k,rule,104,105,,UNREACHABLE_FIXED_SEMANTICS_SENTENCE,Head/construct is absent from the submitted constructor term or is a concrete-only/other-type alternative. It was inventoried and inspected for overlap; it cannot fire on the target proof path.,83ed72ac9f08df5ffc184930b2a2d967a803bce5c85691948f11bf7475838b25
methods.k:106:6c0dfc288cc6,/reference/reference-semantics/semantics/methods.k,syntax,106,106,function|total,UNREACHABLE_FIXED_SEMANTICS_SENTENCE,Head/construct is absent from the submitted constructor term or is a concrete-only/other-type alternative. It was inventoried and inspected for overlap; it cannot fire on the target proof path.,6c0dfc288cc629a1d6c7002d834de9ab6467f109d87dbf2def009ecf65e4feab
methods.k:107:31431694b27d,/reference/reference-semantics/semantics/methods.k,rule,107,107,,UNREACHABLE_FIXED_SEMANTICS_SENTENCE,Head/construct is absent from the submitted constructor term or is a concrete-only/other-type alternative. It was inventoried and inspected for overlap; it cannot fire on the target proof path.,31431694b27dd91eb6dbd75e188f48cfc5c5a66c6a6f1da80062279242313505
methods.k:108:439491c83162,/reference/reference-semantics/semantics/methods.k,rule,108,108,,UNREACHABLE_FIXED_SEMANTICS_SENTENCE,Head/construct is absent from the submitted constructor term or is a concrete-only/other-type alternative. It was inventoried and inspected for overlap; it cannot fire on the target proof path.,439491c8316246eaa540a332a8b69e523cad49c2c7c4d2d0142a7365c4cf940a
methods.k:109:9e3d155b87f6,/reference/reference-semantics/semantics/methods.k,rule,109,111,,UNREACHABLE_FIXED_SEMANTICS_SENTENCE,Head/construct is absent from the submitted constructor term or is a concrete-only/other-type alternative. It was inventoried and inspected for overlap; it cannot fire on the target proof path.,9e3d155b87f63ef2943ec52b7ec85fd475110f7612968f44a9ce4c57bf92cd86
methods.k:112:d60af3772ac0,/reference/reference-semantics/semantics/methods.k,syntax,112,112,function|total,UNREACHABLE_FIXED_SEMANTICS_SENTENCE,Head/construct is absent from the submitted constructor term or is a concrete-only/other-type alternative. It was inventoried and inspected for overlap; it cannot fire on the target proof path.,d60af3772ac0b1d7afb4df9a5320f88f50130c50810ac094f36f4dea6537df54
methods.k:113:885fc4123b60,/reference/reference-semantics/semantics/methods.k,rule,113,114,,UNREACHABLE_FIXED_SEMANTICS_SENTENCE,Head/construct is absent from the submitted constructor term or is a concrete-only/other-type alternative. It was inventoried and inspected for overlap; it cannot fire on the target proof path.,885fc4123b6066087a19a87a681f895f6a86f9bd1e02f3fb3fc7e1fabb14b2b9
methods.k:115:9dc54db4cfe6,/reference/reference-semantics/semantics/methods.k,syntax,115,115,function|total,UNREACHABLE_FIXED_SEMANTICS_SENTENCE,Head/construct is absent from the submitted constructor term or is a concrete-only/other-type alternative. It was inventoried and inspected for overlap; it cannot fire on the target proof path.,9dc54db4cfe6c121597250d661d41de3feca896e01340e6952fd90fcb31ce21d
methods.k:116:35a981d9ee7c,/reference/reference-semantics/semantics/methods.k,rule,116,117,,UNREACHABLE_FIXED_SEMANTICS_SENTENCE,Head/construct is absent from the submitted constructor term or is a concrete-only/other-type alternative. It was inventoried and inspected for overlap; it cannot fire on the target proof path.,35a981d9ee7cc6a503019df0faf56e3a0884553ea859feb5618daf57b8c6bff0
methods.k:118:219ceeed6ce7,/reference/reference-semantics/semantics/methods.k,syntax,118,118,function|total,UNREACHABLE_FIXED_SEMANTICS_SENTENCE,Head/construct is absent from the submitted constructor term or is a concrete-only/other-type alternative. It was inventoried and inspected for overlap; it cannot fire on the target proof path.,219ceeed6ce776a0cfbb90795c30070c969387af50acdaa041efb347388ebaad
methods.k:119:63bc2def4f48,/reference/reference-semantics/semantics/methods.k,rule,119,120,,UNREACHABLE_FIXED_SEMANTICS_SENTENCE,Head/construct is absent from the submitted constructor term or is a concrete-only/other-type alternative. It was inventoried and inspected for overlap; it cannot fire on the target proof path.,63bc2def4f489009546f9a91e24b3ffa9b670b80bb92ed494d9f785e22e6a388
methods.k:121:86d0c30136f3,/reference/reference-semantics/semantics/methods.k,syntax,121,121,function|total,UNREACHABLE_FIXED_SEMANTICS_SENTENCE,Head/construct is absent from the submitted constructor term or is a concrete-only/other-type alternative. It was inventoried and inspected for overlap; it cannot fire on the target proof path.,86d0c30136f327303a3cc2a5006d27a5df63a97799f3af186fe9019679b73e77
methods.k:122:12088c599f6a,/reference/reference-semantics/semantics/methods.k,rule,122,123,,UNREACHABLE_FIXED_SEMANTICS_SENTENCE,Head/construct is absent from the submitted constructor term or is a concrete-only/other-type alternative. It was inventoried and inspected for overlap; it cannot fire on the target proof path.,12088c599f6ae2e51e489ac82576f0474dcf76486270f1ffaff23590a7bab546
methods.k:124:79b65077c768,/reference/reference-semantics/semantics/methods.k,syntax,124,124,function|total,UNREACHABLE_FIXED_SEMANTICS_SENTENCE,Head/construct is absent from the submitted constructor term or is a concrete-only/other-type alternative. It was inventoried and inspected for overlap; it cannot fire on the target proof path.,79b65077c768714576df510d062c7f8faa40fe671016c74452cd3b326438bd4a
methods.k:125:f3875f726b38,/reference/reference-semantics/semantics/methods.k,rule,125,125,,UNREACHABLE_FIXED_SEMANTICS_SENTENCE,Head/construct is absent from the submitted constructor term or is a concrete-only/other-type alternative. It was inventoried and inspected for overlap; it cannot fire on the target proof path.,f3875f726b38d830797bc05ebd9ea38aeceaa3ff362480e1ec324d01e25f4320
methods.k:126:bb1d921fad33,/reference/reference-semantics/semantics/methods.k,rule,126,127,,UNREACHABLE_FIXED_SEMANTICS_SENTENCE,Head/construct is absent from the submitted constructor term or is a concrete-only/other-type alternative. It was inventoried and inspected for overlap; it cannot fire on the target proof path.,bb1d921fad33840fa9314b732b8ed9dd765886085bed5d9b21fa20b789c14bf7
methods.k:128:6e2fe9388187,/reference/reference-semantics/semantics/methods.k,syntax,128,128,function|total,UNREACHABLE_FIXED_SEMANTICS_SENTENCE,Head/construct is absent from the submitted constructor term or is a concrete-only/other-type alternative. It was inventoried and inspected for overlap; it cannot fire on the target proof path.,6e2fe9388187f1af6d0cf6bdcea2ad9ae2e428d0d55469410899d36935ee8028
methods.k:129:abfddcd09b06,/reference/reference-semantics/semantics/methods.k,rule,129,129,,UNREACHABLE_FIXED_SEMANTICS_SENTENCE,Head/construct is absent from the submitted constructor term or is a concrete-only/other-type alternative. It was inventoried and inspected for overlap; it cannot fire on the target proof path.,abfddcd09b065362b502cf7768f28f8ee5f6d898a45f56d45c8bfbc53a8ba812
methods.k:130:92b0385b9092,/reference/reference-semantics/semantics/methods.k,rule,130,131,,UNREACHABLE_FIXED_SEMANTICS_SENTENCE,Head/construct is absent from the submitted constructor term or is a concrete-only/other-type alternative. It was inventoried and inspected for overlap; it cannot fire on the target proof path.,92b0385b90924f1ce474b41530a85aa81e35ee0483da7c4a5c61c6d90fb8654b
methods.k:132:436a79dc0dbd,/reference/reference-semantics/semantics/methods.k,syntax,132,132,function|total,UNREACHABLE_FIXED_SEMANTICS_SENTENCE,Head/construct is absent from the submitted constructor term or is a concrete-only/other-type alternative. It was inventoried and inspected for overlap; it cannot fire on the target proof path.,436a79dc0dbd23f2ea8e95271377a016097e63ec1ecb5b86f931f66254a7a8a2
methods.k:133:2c1e5b1f9b4f,/reference/reference-semantics/semantics/methods.k,rule,133,133,,UNREACHABLE_FIXED_SEMANTICS_SENTENCE,Head/construct is absent from the submitted constructor term or is a concrete-only/other-type alternative. It was inventoried and inspected for overlap; it cannot fire on the target proof path.,2c1e5b1f9b4f6cc557d89df272622562ec767c1ca8c2ec9d8fcf085fa517a4f0
methods.k:134:5e18a35dd26e,/reference/reference-semantics/semantics/methods.k,rule,134,135,,UNREACHABLE_FIXED_SEMANTICS_SENTENCE,Head/construct is absent from the submitted constructor term or is a concrete-only/other-type alternative. It was inventoried and inspected for overlap; it cannot fire on the target proof path.,5e18a35dd26e8c9cb3e89130f9750947ca76c88f34f983ab0751c48b4a5473f9
methods.k:136:1f98366143eb,/reference/reference-semantics/semantics/methods.k,syntax,136,136,function|total,UNREACHABLE_FIXED_SEMANTICS_SENTENCE,Head/construct is absent from the submitted constructor term or is a concrete-only/other-type alternative. It was inventoried and inspected for overlap; it cannot fire on the target proof path.,1f98366143eb8709385692f7c489f3d72f2146ce57ccd75f9c27f47831343b0e
methods.k:137:f2d51c623b4f,/reference/reference-semantics/semantics/methods.k,rule,137,137,,UNREACHABLE_FIXED_SEMANTICS_SENTENCE,Head/construct is absent from the submitted constructor term or is a concrete-only/other-type alternative. It was inventoried and inspected for overlap; it cannot fire on the target proof path.,f2d51c623b4f2e0ea5399348883dbdc07255c9149ba598c76056243e453f9bd6
methods.k:138:5aeec07d2a56,/reference/reference-semantics/semantics/methods.k,rule,138,139,,UNREACHABLE_FIXED_SEMANTICS_SENTENCE,Head/construct is absent from the submitted constructor term or is a concrete-only/other-type alternative. It was inventoried and inspected for overlap; it cannot fire on the target proof path.,5aeec07d2a569d8b38690fc423330e53e233eec18bbe87600b6fa028e54285ff
methods.k:140:6bbb30e0ba93,/reference/reference-semantics/semantics/methods.k,syntax,140,141,function|total,UNREACHABLE_FIXED_SEMANTICS_SENTENCE,Head/construct is absent from the submitted constructor term or is a concrete-only/other-type alternative. It was inventoried and inspected for overlap; it cannot fire on the target proof path.,6bbb30e0ba93ff7cbd72b0ca2116bad44a072d06879d4c5892bd5800df4b53b2
methods.k:142:16ec3ccc73d9,/reference/reference-semantics/semantics/methods.k,rule,142,142,,UNREACHABLE_FIXED_SEMANTICS_SENTENCE,Head/construct is absent from the submitted constructor term or is a concrete-only/other-type alternative. It was inventoried and inspected for overlap; it cannot fire on the target proof path.,16ec3ccc73d9d1c032b0b52705b63c081ad99d9d02564e45a35458fb98a66b24
methods.k:143:90acf91ce794,/reference/reference-semantics/semantics/methods.k,rule,143,144,owise,UNREACHABLE_FIXED_SEMANTICS_SENTENCE,Head/construct is absent from the submitted constructor term or is a concrete-only/other-type alternative. It was inventoried and inspected for overlap; it cannot fire on the target proof path.,90acf91ce79484f7d21db17b777db5b8e116cff0e1e2e3dccbeb234c9add0508
methods.k:145:b6e1b4db46d4,/reference/reference-semantics/semantics/methods.k,syntax,145,145,function|total,UNREACHABLE_FIXED_SEMANTICS_SENTENCE,Head/construct is absent from the submitted constructor term or is a concrete-only/other-type alternative. It was inventoried and inspected for overlap; it cannot fire on the target proof path.,b6e1b4db46d46812d2d9e708dcbcc28ed0c9fa23966a9b5c1035a57b5ef6ca17
methods.k:146:36f1da2397a7,/reference/reference-semantics/semantics/methods.k,rule,146,146,,UNREACHABLE_FIXED_SEMANTICS_SENTENCE,Head/construct is absent from the submitted constructor term or is a concrete-only/other-type alternative. It was inventoried and inspected for overlap; it cannot fire on the target proof path.,36f1da2397a7408e107373eaac1feb468111c8e72ed831db508700e91ed6ab22
methods.k:147:786ab98c703f,/reference/reference-semantics/semantics/methods.k,rule,147,148,owise,UNREACHABLE_FIXED_SEMANTICS_SENTENCE,Head/construct is absent from the submitted constructor term or is a concrete-only/other-type alternative. It was inventoried and inspected for overlap; it cannot fire on the target proof path.,786ab98c703f00112b7a6a04ac841fbff13154c44dea0eb9f47aa6fec9988345
methods.k:149:3d8ce436184a,/reference/reference-semantics/semantics/methods.k,syntax,149,149,function|total,UNREACHABLE_FIXED_SEMANTICS_SENTENCE,Head/construct is absent from the submitted constructor term or is a concrete-only/other-type alternative. It was inventoried and inspected for overlap; it cannot fire on the target proof path.,3d8ce436184a4c4495b0b26833fb2a717cbd1270b0934f7734dbacb108d11a6a
methods.k:150:ec05513118cd,/reference/reference-semantics/semantics/methods.k,rule,150,150,,UNREACHABLE_FIXED_SEMANTICS_SENTENCE,Head/construct is absent from the submitted constructor term or is a concrete-only/other-type alternative. It was inventoried and inspected for overlap; it cannot fire on the target proof path.,ec05513118cd81cddd31f795a5d04a9f9b8a10f18de362f897479bb0cf8e312c
methods.k:151:960de195b818,/reference/reference-semantics/semantics/methods.k,rule,151,151,,UNREACHABLE_FIXED_SEMANTICS_SENTENCE,Head/construct is absent from the submitted constructor term or is a concrete-only/other-type alternative. It was inventoried and inspected for overlap; it cannot fire on the target proof path.,960de195b818c1402cb93fbbe2472de8a315493bc6e31dd6c2b7d78de68bf879
methods.k:152:88a95ca55d3e,/reference/reference-semantics/semantics/methods.k,rule,152,153,owise,UNREACHABLE_FIXED_SEMANTICS_SENTENCE,Head/construct is absent from the submitted constructor term or is a concrete-only/other-type alternative. It was inventoried and inspected for overlap; it cannot fire on the target proof path.,88a95ca55d3e2dd34b64c5eca2f9079cee35b0d23e1a859d38d7c1881a5830eb
methods.k:154:0fb973df4891,/reference/reference-semantics/semantics/methods.k,syntax,154,154,function|total,UNREACHABLE_FIXED_SEMANTICS_SENTENCE,Head/construct is absent from the submitted constructor term or is a concrete-only/other-type alternative. It was inventoried and inspected for overlap; it cannot fire on the target proof path.,0fb973df4891969082e7f1d3cf1e9f88b6a17a0c072021a4189f7793642d418b
methods.k:155:5cd9c020c2bd,/reference/reference-semantics/semantics/methods.k,rule,155,155,,UNREACHABLE_FIXED_SEMANTICS_SENTENCE,Head/construct is absent from the submitted constructor term or is a concrete-only/other-type alternative. It was inventoried and inspected for overlap; it cannot fire on the target proof path.,5cd9c020c2bdc744cad3eb03c33a9cb4f5218be4399bf62ab8f2ec83bcc8fd6c
methods.k:156:da21f8430ee4,/reference/reference-semantics/semantics/methods.k,rule,156,157,,UNREACHABLE_FIXED_SEMANTICS_SENTENCE,Head/construct is absent from the submitted constructor term or is a concrete-only/other-type alternative. It was inventoried and inspected for overlap; it cannot fire on the target proof path.,da21f8430ee48bda4a7b47ed0a026e86f516a8e0b9ec9a783e3d195cfe6b1bfc
methods.k:158:82523acd09b2,/reference/reference-semantics/semantics/methods.k,syntax,158,158,function|total,UNREACHABLE_FIXED_SEMANTICS_SENTENCE,Head/construct is absent from the submitted constructor term or is a concrete-only/other-type alternative. It was inventoried and inspected for overlap; it cannot fire on the target proof path.,82523acd09b2270edd4b6be02553a0cbb2ba2c922402a18b1a9e0423720d0da7
methods.k:159:b31cc456b204,/reference/reference-semantics/semantics/methods.k,rule,159,159,,UNREACHABLE_FIXED_SEMANTICS_SENTENCE,Head/construct is absent from the submitted constructor term or is a concrete-only/other-type alternative. It was inventoried and inspected for overlap; it cannot fire on the target proof path.,b31cc456b204df571c2fa73c6fcff30f4d4c7482f5dccce7ba3dda73b929a5f2
methods.k:160:2c01ef3cfffe,/reference/reference-semantics/semantics/methods.k,rule,160,161,,UNREACHABLE_FIXED_SEMANTICS_SENTENCE,Head/construct is absent from the submitted constructor term or is a concrete-only/other-type alternative. It was inventoried and inspected for overlap; it cannot fire on the target proof path.,2c01ef3cfffe93f5acb69b81b093ff77bc4328522f80f09fbbfad0c7f482a87c
methods.k:162:39e9100dbb4b,/reference/reference-semantics/semantics/methods.k,syntax,162,162,function|total,UNREACHABLE_FIXED_SEMANTICS_SENTENCE,Head/construct is absent from the submitted constructor term or is a concrete-only/other-type alternative. It was inventoried and inspected for overlap; it cannot fire on the target proof path.,39e9100dbb4b6a5bd52d0d8d277ad0bb5d62b70091df8e253bd378d08a6799e1
methods.k:163:6de81779e3a0,/reference/reference-semantics/semantics/methods.k,rule,163,163,,UNREACHABLE_FIXED_SEMANTICS_SENTENCE,Head/construct is absent from the submitted constructor term or is a concrete-only/other-type alternative. It was inventoried and inspected for overlap; it cannot fire on the target proof path.,6de81779e3a07c5a099b1102e3b61d790bbc2ca485d70dc6e23b26707eb7b546
methods.k:164:039a7b17bd02,/reference/reference-semantics/semantics/methods.k,rule,164,165,,UNREACHABLE_FIXED_SEMANTICS_SENTENCE,Head/construct is absent from the submitted constructor term or is a concrete-only/other-type alternative. It was inventoried and inspected for overlap; it cannot fire on the target proof path.,039a7b17bd0223be5271105c7dfc0ca12d94b194b82a63cdafdbd3a81980c73d
methods.k:166:6f6a4aa0687d,/reference/reference-semantics/semantics/methods.k,syntax,166,166,function|total,UNREACHABLE_FIXED_SEMANTICS_SENTENCE,Head/construct is absent from the submitted constructor term or is a concrete-only/other-type alternative. It was inventoried and inspected for overlap; it cannot fire on the target proof path.,6f6a4aa0687d9e9c143e72eb2b0b1f23855f06d49db9aa9ba2692155c087e32e
methods.k:167:7e2343bdac73,/reference/reference-semantics/semantics/methods.k,rule,167,167,,UNREACHABLE_FIXED_SEMANTICS_SENTENCE,Head/construct is absent from the submitted constructor term or is a concrete-only/other-type alternative. It was inventoried and inspected for overlap; it cannot fire on the target proof path.,7e2343bdac73058ce3e7d7332d71fc6fa6353475fcfaefb08b7b378e68bfe493
methods.k:168:c22b5ffce270,/reference/reference-semantics/semantics/methods.k,rule,168,168,,UNREACHABLE_FIXED_SEMANTICS_SENTENCE,Head/construct is absent from the submitted constructor term or is a concrete-only/other-type alternative. It was inventoried and inspected for overlap; it cannot fire on the target proof path.,c22b5ffce270c2c5a950eb89cd6c83284507f173b95439017116cd2bba8a05a3
methods.k:169:4e5497c6f435,/reference/reference-semantics/semantics/methods.k,rule,169,169,,UNREACHABLE_FIXED_SEMANTICS_SENTENCE,Head/construct is absent from the submitted constructor term or is a concrete-only/other-type alternative. It was inventoried and inspected for overlap; it cannot fire on the target proof path.,4e5497c6f435ecbdd36b9d4489a31b6d6ebcdc34f56c48531301b97a31b0ff0a
methods.k:170:4c5df27adc71,/reference/reference-semantics/semantics/methods.k,endmodule,170,170,,STRUCTURAL_SOURCE_SENTENCE,Require/import/module boundary; no rewrite content.,4c5df27adc717388cee7175c70de02f160d4f9a8e25c48eb0fc23e1968ad13f4
operators.k:6:45e2448ad0cc,/reference/reference-semantics/semantics/operators.k,module,6,6,,STRUCTURAL_SOURCE_SENTENCE,Require/import/module boundary; no rewrite content.,45e2448ad0cc46cb22870ee06d94f85e37bb4b1d5cd0a61f153e870e11385a1e
operators.k:7:4258a966960e,/reference/reference-semantics/semantics/operators.k,imports,7,7,,STRUCTURAL_SOURCE_SENTENCE,Require/import/module boundary; no rewrite content.,4258a966960e81238ac1318ebb92f5cd383bcf94ed5077b6dea55341a4254bfd
operators.k:8:8ad41781e06e,/reference/reference-semantics/semantics/operators.k,imports,8,9,,STRUCTURAL_SOURCE_SENTENCE,Require/import/module boundary; no rewrite content.,8ad41781e06e91093b117ccd78f6f10180a840cf3b4adaa62547edd340b26acc
operators.k:10:ec04b29e2d1b,/reference/reference-semantics/semantics/operators.k,rule,10,11,,REACHABLE_FIXED_SEMANTICS_SOUND_ON_USED_DOMAIN,"Inspected for matching, guards, overlap, evaluation order, control, allocation, and state footprint; agrees with the submitted program's plain-list/int execution path.",ec04b29e2d1b46254cb3f8a70fed7bc53b6920095b428522d967063442fc073b
operators.k:12:df8d1cba28a9,/reference/reference-semantics/semantics/operators.k,rule,12,14,,REACHABLE_FIXED_SEMANTICS_SOUND_ON_USED_DOMAIN,"Inspected for matching, guards, overlap, evaluation order, control, allocation, and state footprint; agrees with the submitted program's plain-list/int execution path.",df8d1cba28a9335e4a3d90133a44a2a4a208dc62b7f72991dc4316221969aa85
operators.k:15:e4932b24484a,/reference/reference-semantics/semantics/operators.k,context,15,15,,REACHABLE_FIXED_SEMANTICS_SOUND_ON_USED_DOMAIN,"Inspected for matching, guards, overlap, evaluation order, control, allocation, and state footprint; agrees with the submitted program's plain-list/int execution path.",e4932b24484a885d34b3f53705eeeb1fed84fc516b3ed52d0654f78929b823f1
operators.k:16:ca9e40a2c27b,/reference/reference-semantics/semantics/operators.k,context,16,16,,REACHABLE_FIXED_SEMANTICS_SOUND_ON_USED_DOMAIN,"Inspected for matching, guards, overlap, evaluation order, control, allocation, and state footprint; agrees with the submitted program's plain-list/int execution path.",ca9e40a2c27b7a232b7510b580b93e5ae8114c5866de16dfeea069acb5d453d0
operators.k:17:262226c0a44f,/reference/reference-semantics/semantics/operators.k,rule,17,18,owise,REACHABLE_FIXED_SEMANTICS_SOUND_ON_USED_DOMAIN,"Inspected for matching, guards, overlap, evaluation order, control, allocation, and state footprint; agrees with the submitted program's plain-list/int execution path.",262226c0a44f44c7a4f1da356324355babc5b5d4fb8f040deb3476d6fcd78288
operators.k:19:8ccf167a4ebc,/reference/reference-semantics/semantics/operators.k,rule,19,19,,UNREACHABLE_FIXED_SEMANTICS_SENTENCE,Head/construct is absent from the submitted constructor term or is a concrete-only/other-type alternative. It was inventoried and inspected for overlap; it cannot fire on the target proof path.,8ccf167a4ebcff08513286fa040a242f6d1106362b2089afb114a4f4098ad409
operators.k:20:e6679786edcc,/reference/reference-semantics/semantics/operators.k,rule,20,24,,UNREACHABLE_FIXED_SEMANTICS_SENTENCE,Head/construct is absent from the submitted constructor term or is a concrete-only/other-type alternative. It was inventoried and inspected for overlap; it cannot fire on the target proof path.,e6679786edcc1fc5dfb541f59fe30e7c327a5755ef33eace2cd8d769ca9e678e
operators.k:25:5a6092f742c5,/reference/reference-semantics/semantics/operators.k,rule,25,27,priority(40),UNREACHABLE_FIXED_SEMANTICS_SENTENCE,Head/construct is absent from the submitted constructor term or is a concrete-only/other-type alternative. It was inventoried and inspected for overlap; it cannot fire on the target proof path.,5a6092f742c5bd0605c3a52addd5182891cc94460efd44cdc226d58664d70230
operators.k:28:20e54d3a51f2,/reference/reference-semantics/semantics/operators.k,rule,28,33,priority(40),UNREACHABLE_FIXED_SEMANTICS_SENTENCE,Head/construct is absent from the submitted constructor term or is a concrete-only/other-type alternative. It was inventoried and inspected for overlap; it cannot fire on the target proof path.,20e54d3a51f2a4cc9e88f70e1a9b09109dcc430acdf4002f6497b5cfb068975e
operators.k:34:d56481fd1327,/reference/reference-semantics/semantics/operators.k,rule,34,37,priority(40),UNREACHABLE_FIXED_SEMANTICS_SENTENCE,Head/construct is absent from the submitted constructor term or is a concrete-only/other-type alternative. It was inventoried and inspected for overlap; it cannot fire on the target proof path.,d56481fd1327961bcc7dfabad56a78e9d80287e9bb4b71e8ed42450c3069408b
operators.k:38:575d5da0be9c,/reference/reference-semantics/semantics/operators.k,rule,38,43,priority(40),UNREACHABLE_FIXED_SEMANTICS_SENTENCE,Head/construct is absent from the submitted constructor term or is a concrete-only/other-type alternative. It was inventoried and inspected for overlap; it cannot fire on the target proof path.,575d5da0be9c5a705af46eb426acc0945a7e57c4f8dd33f85024a9f42c205773
operators.k:44:0d606e97b2da,/reference/reference-semantics/semantics/operators.k,rule,44,46,priority(40),UNREACHABLE_FIXED_SEMANTICS_SENTENCE,Head/construct is absent from the submitted constructor term or is a concrete-only/other-type alternative. It was inventoried and inspected for overlap; it cannot fire on the target proof path.,0d606e97b2daea643faef6251047b6cd1f4acd6b86eb37b1102069ab9e66d79d
operators.k:47:4c5df27adc71,/reference/reference-semantics/semantics/operators.k,endmodule,47,47,,STRUCTURAL_SOURCE_SENTENCE,Require/import/module boundary; no rewrite content.,4c5df27adc717388cee7175c70de02f160d4f9a8e25c48eb0fc23e1968ad13f4
range.k:5:3245f59acaa6,/reference/reference-semantics/semantics/range.k,module,5,5,,STRUCTURAL_SOURCE_SENTENCE,Require/import/module boundary; no rewrite content.,3245f59acaa6746804c8828bc1367c52002d920809be287b0ba05af1d0e0aabf
range.k:6:4258a966960e,/reference/reference-semantics/semantics/range.k,imports,6,6,,STRUCTURAL_SOURCE_SENTENCE,Require/import/module boundary; no rewrite content.,4258a966960e81238ac1318ebb92f5cd383bcf94ed5077b6dea55341a4254bfd
range.k:7:8ad41781e06e,/reference/reference-semantics/semantics/range.k,imports,7,8,,STRUCTURAL_SOURCE_SENTENCE,Require/import/module boundary; no rewrite content.,8ad41781e06e91093b117ccd78f6f10180a840cf3b4adaa62547edd340b26acc
range.k:9:dec39b9740c8,/reference/reference-semantics/semantics/range.k,syntax,9,9,function|total,UNREACHABLE_FIXED_SEMANTICS_SENTENCE,Head/construct is absent from the submitted constructor term or is a concrete-only/other-type alternative. It was inventoried and inspected for overlap; it cannot fire on the target proof path.,dec39b9740c8dd9d0236a292381d109809f8767a4531aef24a40002ccc2123ea
range.k:10:f93b1245c723,/reference/reference-semantics/semantics/range.k,rule,10,11,,UNREACHABLE_FIXED_SEMANTICS_SENTENCE,Head/construct is absent from the submitted constructor term or is a concrete-only/other-type alternative. It was inventoried and inspected for overlap; it cannot fire on the target proof path.,f93b1245c72320e5aa7cbc51256b44d4efb5755c048893f6ba2f6d35d191c295
range.k:12:9f9f1aaeaee2,/reference/reference-semantics/semantics/range.k,syntax,12,12,function,UNREACHABLE_FIXED_SEMANTICS_SENTENCE,Head/construct is absent from the submitted constructor term or is a concrete-only/other-type alternative. It was inventoried and inspected for overlap; it cannot fire on the target proof path.,9f9f1aaeaee29256645f794ab24ac2a68d22b03a0716b38717979c26620d48f6
range.k:13:9af49b302485,/reference/reference-semantics/semantics/range.k,rule,13,14,,UNREACHABLE_FIXED_SEMANTICS_SENTENCE,Head/construct is absent from the submitted constructor term or is a concrete-only/other-type alternative. It was inventoried and inspected for overlap; it cannot fire on the target proof path.,9af49b302485c841cd923ccba6b67e7d286f4b61b934bf2401585a37d520a5c7
range.k:15:d5350a65a2ba,/reference/reference-semantics/semantics/range.k,rule,15,16,,UNREACHABLE_FIXED_SEMANTICS_SENTENCE,Head/construct is absent from the submitted constructor term or is a concrete-only/other-type alternative. It was inventoried and inspected for overlap; it cannot fire on the target proof path.,d5350a65a2baba91f97b52d175ef4ca5dd5b2f8d7bf75a90ffec26e884280e69
range.k:17:80ff51ad0241,/reference/reference-semantics/semantics/range.k,rule,17,19,,UNREACHABLE_FIXED_SEMANTICS_SENTENCE,Head/construct is absent from the submitted constructor term or is a concrete-only/other-type alternative. It was inventoried and inspected for overlap; it cannot fire on the target proof path.,80ff51ad02417a4598d4431b9f0ddf671f442ade49c6a07519d95c3064f1f290
range.k:20:55e600477e36,/reference/reference-semantics/semantics/range.k,rule,20,22,,UNREACHABLE_FIXED_SEMANTICS_SENTENCE,Head/construct is absent from the submitted constructor term or is a concrete-only/other-type alternative. It was inventoried and inspected for overlap; it cannot fire on the target proof path.,55e600477e369ffe6f7e93603b422c0207a0d4dbab23094a49d82b531277c8a4
range.k:23:c4b766816492,/reference/reference-semantics/semantics/range.k,rule,23,24,,UNREACHABLE_FIXED_SEMANTICS_SENTENCE,Head/construct is absent from the submitted constructor term or is a concrete-only/other-type alternative. It was inventoried and inspected for overlap; it cannot fire on the target proof path.,c4b7668164923fa9a010dec9a8bb69d36f63e776e24deb0c489f3901f90b1f65
range.k:25:4c5df27adc71,/reference/reference-semantics/semantics/range.k,endmodule,25,25,,STRUCTURAL_SOURCE_SENTENCE,Require/import/module boundary; no rewrite content.,4c5df27adc717388cee7175c70de02f160d4f9a8e25c48eb0fc23e1968ad13f4
set.k:3:a61579bc570f,/reference/reference-semantics/semantics/set.k,module,3,3,,STRUCTURAL_SOURCE_SENTENCE,Require/import/module boundary; no rewrite content.,a61579bc570f8ff47f9955153b49516c35a9ec599610a638f928f0e7cc5ea32b
set.k:4:4258a966960e,/reference/reference-semantics/semantics/set.k,imports,4,7,,STRUCTURAL_SOURCE_SENTENCE,Require/import/module boundary; no rewrite content.,4258a966960e81238ac1318ebb92f5cd383bcf94ed5077b6dea55341a4254bfd
set.k:8:ceff1f1bd25d,/reference/reference-semantics/semantics/set.k,syntax,8,10,,UNREACHABLE_FIXED_SEMANTICS_SENTENCE,Head/construct is absent from the submitted constructor term or is a concrete-only/other-type alternative. It was inventoried and inspected for overlap; it cannot fire on the target proof path.,ceff1f1bd25d9a267f856c441976bb7adac099e229836c7b32ec2f12aa014dcf
set.k:11:be0ae2291d5d,/reference/reference-semantics/semantics/set.k,syntax,11,11,function|total,UNREACHABLE_FIXED_SEMANTICS_SENTENCE,Head/construct is absent from the submitted constructor term or is a concrete-only/other-type alternative. It was inventoried and inspected for overlap; it cannot fire on the target proof path.,be0ae2291d5d6df7e27aeb082308a7eef47f89db683207f1bf0a156860e1c128
set.k:12:f60a50831160,/reference/reference-semantics/semantics/set.k,rule,12,12,,UNREACHABLE_FIXED_SEMANTICS_SENTENCE,Head/construct is absent from the submitted constructor term or is a concrete-only/other-type alternative. It was inventoried and inspected for overlap; it cannot fire on the target proof path.,f60a5083116078439f260e8947e8e121be108610461db1e62e5dde42edec6d9f
set.k:13:df05d7c47e63,/reference/reference-semantics/semantics/set.k,rule,13,15,,UNREACHABLE_FIXED_SEMANTICS_SENTENCE,Head/construct is absent from the submitted constructor term or is a concrete-only/other-type alternative. It was inventoried and inspected for overlap; it cannot fire on the target proof path.,df05d7c47e63fce0ac7da73741aab9e90b5ac7bc34226ef508129f43d45cc207
set.k:16:dae5291dcfaa,/reference/reference-semantics/semantics/set.k,syntax,16,17,function|total|function|total,UNREACHABLE_FIXED_SEMANTICS_SENTENCE,Head/construct is absent from the submitted constructor term or is a concrete-only/other-type alternative. It was inventoried and inspected for overlap; it cannot fire on the target proof path.,dae5291dcfaa5bfe81733d0e0c7161c7d4784f6ef84f0ae162e6ef6e915130ba
set.k:18:d766b83ec2d8,/reference/reference-semantics/semantics/set.k,rule,18,18,,UNREACHABLE_FIXED_SEMANTICS_SENTENCE,Head/construct is absent from the submitted constructor term or is a concrete-only/other-type alternative. It was inventoried and inspected for overlap; it cannot fire on the target proof path.,d766b83ec2d86623c34078fd5baac96439ef9df58e2905582ef9572bf4141f92
set.k:19:43f63938c987,/reference/reference-semantics/semantics/set.k,rule,19,19,,UNREACHABLE_FIXED_SEMANTICS_SENTENCE,Head/construct is absent from the submitted constructor term or is a concrete-only/other-type alternative. It was inventoried and inspected for overlap; it cannot fire on the target proof path.,43f63938c9877ea6964a01be9a0975520ad7bcd1547963caf64819fb8899825e
set.k:20:045bd0dd1ac5,/reference/reference-semantics/semantics/set.k,rule,20,21,,UNREACHABLE_FIXED_SEMANTICS_SENTENCE,Head/construct is absent from the submitted constructor term or is a concrete-only/other-type alternative. It was inventoried and inspected for overlap; it cannot fire on the target proof path.,045bd0dd1ac5c844b07bb281dcaf17d59728efd2d9558f6845debf02614419a9
set.k:22:af80178bc6f5,/reference/reference-semantics/semantics/set.k,rule,22,24,,UNREACHABLE_FIXED_SEMANTICS_SENTENCE,Head/construct is absent from the submitted constructor term or is a concrete-only/other-type alternative. It was inventoried and inspected for overlap; it cannot fire on the target proof path.,af80178bc6f52f381da6ad70967e436e533c9e0328e8253018f434fa2dbbc055
set.k:25:c59b599a912d,/reference/reference-semantics/semantics/set.k,syntax,25,25,function|total,UNREACHABLE_FIXED_SEMANTICS_SENTENCE,Head/construct is absent from the submitted constructor term or is a concrete-only/other-type alternative. It was inventoried and inspected for overlap; it cannot fire on the target proof path.,c59b599a912dfbe757f346db515843be1349471c0c709ed66b796ec08ec1cdd1
set.k:26:c906946c4c7d,/reference/reference-semantics/semantics/set.k,rule,26,26,,UNREACHABLE_FIXED_SEMANTICS_SENTENCE,Head/construct is absent from the submitted constructor term or is a concrete-only/other-type alternative. It was inventoried and inspected for overlap; it cannot fire on the target proof path.,c906946c4c7df0578465aadaa39fda1399e11d26a08b9c1d9157e1052febcf72
set.k:27:0caac9972e04,/reference/reference-semantics/semantics/set.k,rule,27,30,,UNREACHABLE_FIXED_SEMANTICS_SENTENCE,Head/construct is absent from the submitted constructor term or is a concrete-only/other-type alternative. It was inventoried and inspected for overlap; it cannot fire on the target proof path.,0caac9972e0456dc13b96000d1e7220398d8ec94af95dfe37a67f527142e1aa3
set.k:31:b1d04ee84fab,/reference/reference-semantics/semantics/set.k,syntax,31,31,function|total,UNREACHABLE_FIXED_SEMANTICS_SENTENCE,Head/construct is absent from the submitted constructor term or is a concrete-only/other-type alternative. It was inventoried and inspected for overlap; it cannot fire on the target proof path.,b1d04ee84fabe3f58ed28b05901d2634c5c530b5391f4673cdf9b2dedafdacc7
set.k:32:fb4a56d463fb,/reference/reference-semantics/semantics/set.k,rule,32,32,,UNREACHABLE_FIXED_SEMANTICS_SENTENCE,Head/construct is absent from the submitted constructor term or is a concrete-only/other-type alternative. It was inventoried and inspected for overlap; it cannot fire on the target proof path.,fb4a56d463fb7ae7e7343b070a815f4e3f405282ea8c247dd34df6c5ace2051a
set.k:33:850be538170a,/reference/reference-semantics/semantics/set.k,rule,33,34,,UNREACHABLE_FIXED_SEMANTICS_SENTENCE,Head/construct is absent from the submitted constructor term or is a concrete-only/other-type alternative. It was inventoried and inspected for overlap; it cannot fire on the target proof path.,850be538170a9edb22a44a4ce2568f35b29fa79f58888e09984a4033d6aebbaf
set.k:35:6156266fe9d9,/reference/reference-semantics/semantics/set.k,syntax,35,35,function|total,UNREACHABLE_FIXED_SEMANTICS_SENTENCE,Head/construct is absent from the submitted constructor term or is a concrete-only/other-type alternative. It was inventoried and inspected for overlap; it cannot fire on the target proof path.,6156266fe9d9b07a383778418b8a8a6b768dca1807dfad3ee0498cff0ecc75f7
set.k:36:973ec0dc7d1d,/reference/reference-semantics/semantics/set.k,rule,36,38,,UNREACHABLE_FIXED_SEMANTICS_SENTENCE,Head/construct is absent from the submitted constructor term or is a concrete-only/other-type alternative. It was inventoried and inspected for overlap; it cannot fire on the target proof path.,973ec0dc7d1dd25b63211ec2796093a030819e8f10bf596c532e825544016a15
set.k:39:7a5ed6b4e8d6,/reference/reference-semantics/semantics/set.k,rule,39,39,,UNREACHABLE_FIXED_SEMANTICS_SENTENCE,Head/construct is absent from the submitted constructor term or is a concrete-only/other-type alternative. It was inventoried and inspected for overlap; it cannot fire on the target proof path.,7a5ed6b4e8d675889fbd0c888e0097b0f319b6b1c37872ccf6716c2f2afc0565
set.k:40:4c5df27adc71,/reference/reference-semantics/semantics/set.k,endmodule,40,40,,STRUCTURAL_SOURCE_SENTENCE,Require/import/module boundary; no rewrite content.,4c5df27adc717388cee7175c70de02f160d4f9a8e25c48eb0fc23e1968ad13f4
sort.k:10:2324159bdf28,/reference/reference-semantics/semantics/sort.k,module,10,10,,STRUCTURAL_SOURCE_SENTENCE,Require/import/module boundary; no rewrite content.,2324159bdf28df653f286067082feb187a9e02a44c740456dae31b27022b595d
sort.k:11:513b07985ad1,/reference/reference-semantics/semantics/sort.k,imports,11,11,,STRUCTURAL_SOURCE_SENTENCE,Require/import/module boundary; no rewrite content.,513b07985ad1b60ab1fc94f4a08021dd25a5b0aa218c3a975ce281a00395ddfa
sort.k:12:e90331404c5d,/reference/reference-semantics/semantics/sort.k,imports,12,17,,SUPPLIED_TRUSTED_SORT_BOUNDARY,Fixed semantics intentionally treats sortVS as an opaque total sorted primitive in symbolic proofs and gives ground Int/str insertion-sort equations plus the real allocating call/mutator transitions.,e90331404c5d72894851d971bc8a38fd62bc826e9a92c5ef502548eaf8bcfade
sort.k:18:c6d761b986e3,/reference/reference-semantics/semantics/sort.k,syntax,18,18,function|total|symbol(sortVS)|no-evaluators,SUPPLIED_TRUSTED_SORT_BOUNDARY,Fixed semantics intentionally treats sortVS as an opaque total sorted primitive in symbolic proofs and gives ground Int/str insertion-sort equations plus the real allocating call/mutator transitions.,c6d761b986e34bb35057126ad5885215fea615a238764749865f535e470fa43b
sort.k:19:0a76cca66b26,/reference/reference-semantics/semantics/sort.k,syntax,19,19,function,REACHABLE_FIXED_SEMANTICS_SOUND_ON_USED_DOMAIN,"Inspected for matching, guards, overlap, evaluation order, control, allocation, and state footprint; agrees with the submitted program's plain-list/int execution path.",0a76cca66b26bec5620b0fa0900cfbae5de0d5c61ed2c375e74ec5aed8aacf19
sort.k:20:6bd401e364fe,/reference/reference-semantics/semantics/sort.k,rule,20,20,concrete,SUPPLIED_TRUSTED_SORT_BOUNDARY,Fixed semantics intentionally treats sortVS as an opaque total sorted primitive in symbolic proofs and gives ground Int/str insertion-sort equations plus the real allocating call/mutator transitions.,6bd401e364fe74eb4cae6d3763a8f7e2d4d3982191aa427f54e6b11a4b4c2475
sort.k:21:afe20c3cfa1a,/reference/reference-semantics/semantics/sort.k,rule,21,21,concrete,SUPPLIED_TRUSTED_SORT_BOUNDARY,Fixed semantics intentionally treats sortVS as an opaque total sorted primitive in symbolic proofs and gives ground Int/str insertion-sort equations plus the real allocating call/mutator transitions.,afe20c3cfa1af6db4fd20a8050faf019552807fa0b01572e504e92491be14b63
sort.k:22:0e61d8cbcf24,/reference/reference-semantics/semantics/sort.k,rule,22,22,concrete,REACHABLE_FIXED_SEMANTICS_SOUND_ON_USED_DOMAIN,"Inspected for matching, guards, overlap, evaluation order, control, allocation, and state footprint; agrees with the submitted program's plain-list/int execution path.",0e61d8cbcf2421314bfb6e247679e9540c25158a77c3032126b86ab622ffe70c
sort.k:23:e38dbfdea30a,/reference/reference-semantics/semantics/sort.k,rule,23,23,concrete,REACHABLE_FIXED_SEMANTICS_SOUND_ON_USED_DOMAIN,"Inspected for matching, guards, overlap, evaluation order, control, allocation, and state footprint; agrees with the submitted program's plain-list/int execution path.",e38dbfdea30a930ec41dc76e1fc86def100bfbfcfd88853d63d1fd9597a78ee5
sort.k:24:7c122d7cb921,/reference/reference-semantics/semantics/sort.k,rule,24,25,concrete,REACHABLE_FIXED_SEMANTICS_SOUND_ON_USED_DOMAIN,"Inspected for matching, guards, overlap, evaluation order, control, allocation, and state footprint; agrees with the submitted program's plain-list/int execution path.",7c122d7cb92134d1be973e74dc0de1b66e2d62021f3701fb8f03feb67179ca1d
sort.k:26:f778a322aece,/reference/reference-semantics/semantics/sort.k,syntax,26,26,function,REACHABLE_FIXED_SEMANTICS_SOUND_ON_USED_DOMAIN,"Inspected for matching, guards, overlap, evaluation order, control, allocation, and state footprint; agrees with the submitted program's plain-list/int execution path.",f778a322aece37266d282b5757dcb47aa66fbd6bcd3cb99133579990e1ea7411
sort.k:27:f56269f2805f,/reference/reference-semantics/semantics/sort.k,rule,27,27,concrete,SUPPLIED_TRUSTED_SORT_BOUNDARY,Fixed semantics intentionally treats sortVS as an opaque total sorted primitive in symbolic proofs and gives ground Int/str insertion-sort equations plus the real allocating call/mutator transitions.,f56269f2805fdf6e8a4ee27fc629bc2b5ad70b59c74649375bb93f7ddd171898
sort.k:28:1f2df95775eb,/reference/reference-semantics/semantics/sort.k,rule,28,28,concrete,REACHABLE_FIXED_SEMANTICS_SOUND_ON_USED_DOMAIN,"Inspected for matching, guards, overlap, evaluation order, control, allocation, and state footprint; agrees with the submitted program's plain-list/int execution path.",1f2df95775eb233969123f430eb5df8ccfc8e3c063894b7b20733a158307ff84
sort.k:29:302f44585998,/reference/reference-semantics/semantics/sort.k,rule,29,30,concrete,REACHABLE_FIXED_SEMANTICS_SOUND_ON_USED_DOMAIN,"Inspected for matching, guards, overlap, evaluation order, control, allocation, and state footprint; agrees with the submitted program's plain-list/int execution path.",302f445859987e6c1b7aeafc49449d0e468c659b7c6d3b14ba52a771f210f519
sort.k:31:8a5909d32106,/reference/reference-semantics/semantics/sort.k,rule,31,35,concrete,REACHABLE_FIXED_SEMANTICS_SOUND_ON_USED_DOMAIN,"Inspected for matching, guards, overlap, evaluation order, control, allocation, and state footprint; agrees with the submitted program's plain-list/int execution path.",8a5909d32106d68003f029eee09394c33085e7e2d1d359e31ed9b357636b5dec
sort.k:36:85de54880bd4,/reference/reference-semantics/semantics/sort.k,rule,36,39,,SUPPLIED_TRUSTED_SORT_BOUNDARY,Fixed semantics intentionally treats sortVS as an opaque total sorted primitive in symbolic proofs and gives ground Int/str insertion-sort equations plus the real allocating call/mutator transitions.,85de54880bd40fd5e01185f6f1d442971b4569881794f1cb887ee53e60a272d9
sort.k:40:251a2da82e1a,/reference/reference-semantics/semantics/sort.k,rule,40,48,priority(40),SUPPLIED_TRUSTED_SORT_BOUNDARY,Fixed semantics intentionally treats sortVS as an opaque total sorted primitive in symbolic proofs and gives ground Int/str insertion-sort equations plus the real allocating call/mutator transitions.,251a2da82e1ab24eef7671ee11ba4cebb379a1c22384e9f98cb370d1cad720ce
sort.k:49:f2ac55ee34d8,/reference/reference-semantics/semantics/sort.k,syntax,49,50,function|total|symbol(sortKeyVS)|no-evaluators,UNREACHABLE_FIXED_SEMANTICS_SENTENCE,Head/construct is absent from the submitted constructor term or is a concrete-only/other-type alternative. It was inventoried and inspected for overlap; it cannot fire on the target proof path.,f2ac55ee34d899f8dea02d048fbe04c31e9380eb65b24fe7a665a4c459a47fce
sort.k:51:da8fbe9dd99b,/reference/reference-semantics/semantics/sort.k,syntax,51,52,function|total|function|total,UNREACHABLE_FIXED_SEMANTICS_SENTENCE,Head/construct is absent from the submitted constructor term or is a concrete-only/other-type alternative. It was inventoried and inspected for overlap; it cannot fire on the target proof path.,da8fbe9dd99b0d35fe225182a9017408c9cbe8a36110d0f6205ae6896c20bb27
sort.k:53:ce0aa18a5360,/reference/reference-semantics/semantics/sort.k,rule,53,53,,UNREACHABLE_FIXED_SEMANTICS_SENTENCE,Head/construct is absent from the submitted constructor term or is a concrete-only/other-type alternative. It was inventoried and inspected for overlap; it cannot fire on the target proof path.,ce0aa18a536023617b5fa012c4896693902eb851d32017e9e0add330616fdfbd
sort.k:54:726a2866a59e,/reference/reference-semantics/semantics/sort.k,rule,54,54,,UNREACHABLE_FIXED_SEMANTICS_SENTENCE,Head/construct is absent from the submitted constructor term or is a concrete-only/other-type alternative. It was inventoried and inspected for overlap; it cannot fire on the target proof path.,726a2866a59e53374aab2b1bed31946a74b1866463d1adc19b016a7017ae08fd
sort.k:55:5fd679052347,/reference/reference-semantics/semantics/sort.k,rule,55,56,,UNREACHABLE_FIXED_SEMANTICS_SENTENCE,Head/construct is absent from the submitted constructor term or is a concrete-only/other-type alternative. It was inventoried and inspected for overlap; it cannot fire on the target proof path.,5fd679052347f58f5e3637566616cd1304da061a3232edc871028bc59707c5f3
sort.k:57:7e8ff8d017c7,/reference/reference-semantics/semantics/sort.k,syntax,57,57,function|total,UNREACHABLE_FIXED_SEMANTICS_SENTENCE,Head/construct is absent from the submitted constructor term or is a concrete-only/other-type alternative. It was inventoried and inspected for overlap; it cannot fire on the target proof path.,7e8ff8d017c7edb7bd2d8f72a2de7fb5fcf8c1afde10e1aa97a2656fb519c6d3
sort.k:58:a1e37b0851c3,/reference/reference-semantics/semantics/sort.k,rule,58,58,,UNREACHABLE_FIXED_SEMANTICS_SENTENCE,Head/construct is absent from the submitted constructor term or is a concrete-only/other-type alternative. It was inventoried and inspected for overlap; it cannot fire on the target proof path.,a1e37b0851c34a5eb84ec7d35cfb0b013cf9a4c94a656167b6fbc8fbe0204cea
sort.k:59:b59c3f4a824c,/reference/reference-semantics/semantics/sort.k,rule,59,60,,UNREACHABLE_FIXED_SEMANTICS_SENTENCE,Head/construct is absent from the submitted constructor term or is a concrete-only/other-type alternative. It was inventoried and inspected for overlap; it cannot fire on the target proof path.,b59c3f4a824c81f6f9f14886f3458aa04d45bfce3feccec9077e43f9707b9305
sort.k:61:72cacce57534,/reference/reference-semantics/semantics/sort.k,rule,61,62,,UNREACHABLE_FIXED_SEMANTICS_SENTENCE,Head/construct is absent from the submitted constructor term or is a concrete-only/other-type alternative. It was inventoried and inspected for overlap; it cannot fire on the target proof path.,72cacce57534e83f92e153d66b43090b202234e875e5d0f24f69fcc6d4b6709e
sort.k:63:9934b02daf55,/reference/reference-semantics/semantics/sort.k,rule,63,64,,UNREACHABLE_FIXED_SEMANTICS_SENTENCE,Head/construct is absent from the submitted constructor term or is a concrete-only/other-type alternative. It was inventoried and inspected for overlap; it cannot fire on the target proof path.,9934b02daf557e7c112bf5a5b8e9e08b538570f16ce23b53fc1fb4df695dec9c
sort.k:65:70d7393a6bf6,/reference/reference-semantics/semantics/sort.k,rule,65,71,,SUPPLIED_TRUSTED_SORT_BOUNDARY,Fixed semantics intentionally treats sortVS as an opaque total sorted primitive in symbolic proofs and gives ground Int/str insertion-sort equations plus the real allocating call/mutator transitions.,70d7393a6bf6ecc809590c2c8812a95458fabf855ba6b0dded04d01b5c572e0f
sort.k:72:4c5df27adc71,/reference/reference-semantics/semantics/sort.k,endmodule,72,72,,STRUCTURAL_SOURCE_SENTENCE,Require/import/module boundary; no rewrite content.,4c5df27adc717388cee7175c70de02f160d4f9a8e25c48eb0fc23e1968ad13f4
str.k:3:6e503b11331c,/reference/reference-semantics/semantics/str.k,module,3,3,,STRUCTURAL_SOURCE_SENTENCE,Require/import/module boundary; no rewrite content.,6e503b11331c16b57328e9bf82938cba732cd5f1a51afa54ca44810b505a770a
str.k:4:4258a966960e,/reference/reference-semantics/semantics/str.k,imports,4,4,,STRUCTURAL_SOURCE_SENTENCE,Require/import/module boundary; no rewrite content.,4258a966960e81238ac1318ebb92f5cd383bcf94ed5077b6dea55341a4254bfd
str.k:5:8ad41781e06e,/reference/reference-semantics/semantics/str.k,imports,5,7,,STRUCTURAL_SOURCE_SENTENCE,Require/import/module boundary; no rewrite content.,8ad41781e06e91093b117ccd78f6f10180a840cf3b4adaa62547edd340b26acc
str.k:8:c96529154572,/reference/reference-semantics/semantics/str.k,rule,8,8,,UNREACHABLE_FIXED_SEMANTICS_SENTENCE,Head/construct is absent from the submitted constructor term or is a concrete-only/other-type alternative. It was inventoried and inspected for overlap; it cannot fire on the target proof path.,c96529154572047b7a2cf28199875992fd3580e240d1dfcd1ce795c5d718fa31
str.k:9:388678fa55bb,/reference/reference-semantics/semantics/str.k,rule,9,12,,UNREACHABLE_FIXED_SEMANTICS_SENTENCE,Head/construct is absent from the submitted constructor term or is a concrete-only/other-type alternative. It was inventoried and inspected for overlap; it cannot fire on the target proof path.,388678fa55bb1f8b9638c641a4c7aad1e1c080ba007768feb77b6e65564cce7b
str.k:13:4c7f66efcd88,/reference/reference-semantics/semantics/str.k,syntax,13,13,function,REACHABLE_FIXED_SEMANTICS_SOUND_ON_USED_DOMAIN,"Inspected for matching, guards, overlap, evaluation order, control, allocation, and state footprint; agrees with the submitted program's plain-list/int execution path.",4c7f66efcd88665dff4c35a17dc03b67c9783ab5b67b51e3f1f429be8c12c225
str.k:14:70d0a8a99357,/reference/reference-semantics/semantics/str.k,rule,14,14,,REACHABLE_FIXED_SEMANTICS_SOUND_ON_USED_DOMAIN,"Inspected for matching, guards, overlap, evaluation order, control, allocation, and state footprint; agrees with the submitted program's plain-list/int execution path.",70d0a8a9935761aeff6d90853c1ce79fe6b2d3d84e32ade7a48810ae01e1c6bc
str.k:15:c7b4b4fc80bd,/reference/reference-semantics/semantics/str.k,rule,15,15,,REACHABLE_FIXED_SEMANTICS_SOUND_ON_USED_DOMAIN,"Inspected for matching, guards, overlap, evaluation order, control, allocation, and state footprint; agrees with the submitted program's plain-list/int execution path.",c7b4b4fc80bd1dab004d1c0cff5999112395445d816bdc9b0edecc99a8798b39
str.k:16:72f87a35b152,/reference/reference-semantics/semantics/str.k,rule,16,19,,REACHABLE_FIXED_SEMANTICS_SOUND_ON_USED_DOMAIN,"Inspected for matching, guards, overlap, evaluation order, control, allocation, and state footprint; agrees with the submitted program's plain-list/int execution path.",72f87a35b152a52689ee89f78f8ff922704af2d9e8a80bc99e0c9d00333c5e43
str.k:20:4dcfe32d71db,/reference/reference-semantics/semantics/str.k,syntax,20,20,function|total,UNREACHABLE_FIXED_SEMANTICS_SENTENCE,Head/construct is absent from the submitted constructor term or is a concrete-only/other-type alternative. It was inventoried and inspected for overlap; it cannot fire on the target proof path.,4dcfe32d71db24ec5955e3d81daa08ca2c8c1c4249a4a4c3817f846f0b17c0f5
str.k:21:1bc8690035f0,/reference/reference-semantics/semantics/str.k,rule,21,21,,UNREACHABLE_FIXED_SEMANTICS_SENTENCE,Head/construct is absent from the submitted constructor term or is a concrete-only/other-type alternative. It was inventoried and inspected for overlap; it cannot fire on the target proof path.,1bc8690035f06e8c955b45eed00c60d116bdfdc1c944476306b32dc8e906e093
str.k:22:b8aaa07a8414,/reference/reference-semantics/semantics/str.k,rule,22,23,,UNREACHABLE_FIXED_SEMANTICS_SENTENCE,Head/construct is absent from the submitted constructor term or is a concrete-only/other-type alternative. It was inventoried and inspected for overlap; it cannot fire on the target proof path.,b8aaa07a8414960ab2e09a7e8d287988619c5616b854d3a0fa67a9011c4c911d
str.k:24:6b69c6c1fd75,/reference/reference-semantics/semantics/str.k,rule,24,24,,UNREACHABLE_FIXED_SEMANTICS_SENTENCE,Head/construct is absent from the submitted constructor term or is a concrete-only/other-type alternative. It was inventoried and inspected for overlap; it cannot fire on the target proof path.,6b69c6c1fd75e820f054be1bbfabbbb714742e62d4a49b6d3a9735edf52858e1
str.k:25:8039b62069c1,/reference/reference-semantics/semantics/str.k,rule,25,25,,UNREACHABLE_FIXED_SEMANTICS_SENTENCE,Head/construct is absent from the submitted constructor term or is a concrete-only/other-type alternative. It was inventoried and inspected for overlap; it cannot fire on the target proof path.,8039b62069c1e72239f18ede04a673fdc8c5822d023118b6a05d14faaa5bd94e
str.k:26:efca9467c64c,/reference/reference-semantics/semantics/str.k,rule,26,28,,UNREACHABLE_FIXED_SEMANTICS_SENTENCE,Head/construct is absent from the submitted constructor term or is a concrete-only/other-type alternative. It was inventoried and inspected for overlap; it cannot fire on the target proof path.,efca9467c64ccf47dec48d4105bdbf713e56b92ef1d6e93ea96101096ab05b2d
str.k:29:44d8a30fde58,/reference/reference-semantics/semantics/str.k,rule,29,29,,UNREACHABLE_FIXED_SEMANTICS_SENTENCE,Head/construct is absent from the submitted constructor term or is a concrete-only/other-type alternative. It was inventoried and inspected for overlap; it cannot fire on the target proof path.,44d8a30fde58d7208121984e832bbe657faef28a89c2af536a1a04cf95e95e56
str.k:30:b646f3d3387b,/reference/reference-semantics/semantics/str.k,rule,30,31,,UNREACHABLE_FIXED_SEMANTICS_SENTENCE,Head/construct is absent from the submitted constructor term or is a concrete-only/other-type alternative. It was inventoried and inspected for overlap; it cannot fire on the target proof path.,b646f3d3387b9d153ef8f01453f878e378af6f9923a2fa437887132d7ff05e8f
str.k:32:0c2a240d2f88,/reference/reference-semantics/semantics/str.k,syntax,32,32,function|total,UNREACHABLE_FIXED_SEMANTICS_SENTENCE,Head/construct is absent from the submitted constructor term or is a concrete-only/other-type alternative. It was inventoried and inspected for overlap; it cannot fire on the target proof path.,0c2a240d2f88394551e618a37947d5264f22335393502b4e0b535fe4ee17b42e
str.k:33:57c619a4cc23,/reference/reference-semantics/semantics/str.k,rule,33,33,,UNREACHABLE_FIXED_SEMANTICS_SENTENCE,Head/construct is absent from the submitted constructor term or is a concrete-only/other-type alternative. It was inventoried and inspected for overlap; it cannot fire on the target proof path.,57c619a4cc231d9095f54d25d8702d98126dd6137c9ed395b54d94d7cf232e61
str.k:34:0e758c7b129d,/reference/reference-semantics/semantics/str.k,rule,34,34,,UNREACHABLE_FIXED_SEMANTICS_SENTENCE,Head/construct is absent from the submitted constructor term or is a concrete-only/other-type alternative. It was inventoried and inspected for overlap; it cannot fire on the target proof path.,0e758c7b129dc20e372ee10b7d456c59868ce228e665daed0b04bd14738c35df
str.k:35:d6816398ab16,/reference/reference-semantics/semantics/str.k,rule,35,36,,UNREACHABLE_FIXED_SEMANTICS_SENTENCE,Head/construct is absent from the submitted constructor term or is a concrete-only/other-type alternative. It was inventoried and inspected for overlap; it cannot fire on the target proof path.,d6816398ab1624e9bdb2e81cae94e7049aa5a1faab17f799f6e2d0563a83f669
str.k:37:e5d82a70ec2a,/reference/reference-semantics/semantics/str.k,syntax,37,37,function|total,UNREACHABLE_FIXED_SEMANTICS_SENTENCE,Head/construct is absent from the submitted constructor term or is a concrete-only/other-type alternative. It was inventoried and inspected for overlap; it cannot fire on the target proof path.,e5d82a70ec2aaeff27e0dbaebe4f7c40ff0ac2535c50906ea65726e53c9f7851
str.k:38:fe5302406eba,/reference/reference-semantics/semantics/str.k,rule,38,38,,UNREACHABLE_FIXED_SEMANTICS_SENTENCE,Head/construct is absent from the submitted constructor term or is a concrete-only/other-type alternative. It was inventoried and inspected for overlap; it cannot fire on the target proof path.,fe5302406eba932257f5c94d088471ffedb1134a437eb3b947f53f4da407978b
str.k:39:6c197a2767cc,/reference/reference-semantics/semantics/str.k,rule,39,39,,UNREACHABLE_FIXED_SEMANTICS_SENTENCE,Head/construct is absent from the submitted constructor term or is a concrete-only/other-type alternative. It was inventoried and inspected for overlap; it cannot fire on the target proof path.,6c197a2767cc14fc11dc5cbc1358ddfd15d76a2b6ddf5eb092b8f67d513e10a2
str.k:40:40835cd00b16,/reference/reference-semantics/semantics/str.k,rule,40,47,,UNREACHABLE_FIXED_SEMANTICS_SENTENCE,Head/construct is absent from the submitted constructor term or is a concrete-only/other-type alternative. It was inventoried and inspected for overlap; it cannot fire on the target proof path.,40835cd00b164d7799801762c5bc87fd05ea89fd9c1306154d74f48b7f0e6bd7
str.k:48:e6a79420c495,/reference/reference-semantics/semantics/str.k,syntax,48,48,function|total,UNREACHABLE_FIXED_SEMANTICS_SENTENCE,Head/construct is absent from the submitted constructor term or is a concrete-only/other-type alternative. It was inventoried and inspected for overlap; it cannot fire on the target proof path.,e6a79420c495be30ba61123f1b16b3235ce1737390d5e7d920ed4d34624726c2
str.k:49:d9faa5615105,/reference/reference-semantics/semantics/str.k,rule,49,49,,UNREACHABLE_FIXED_SEMANTICS_SENTENCE,Head/construct is absent from the submitted constructor term or is a concrete-only/other-type alternative. It was inventoried and inspected for overlap; it cannot fire on the target proof path.,d9faa5615105aeee1bec17ec6cd1a3d566adb7b531d78fb3619243c63425f62a
str.k:50:1d055a6c97d4,/reference/reference-semantics/semantics/str.k,rule,50,50,,UNREACHABLE_FIXED_SEMANTICS_SENTENCE,Head/construct is absent from the submitted constructor term or is a concrete-only/other-type alternative. It was inventoried and inspected for overlap; it cannot fire on the target proof path.,1d055a6c97d452ded1f5b8522897bd99bfa0dd9ba3d5bab09339e76d0f414fbc
str.k:51:d1e1c922c4b2,/reference/reference-semantics/semantics/str.k,rule,51,51,,UNREACHABLE_FIXED_SEMANTICS_SENTENCE,Head/construct is absent from the submitted constructor term or is a concrete-only/other-type alternative. It was inventoried and inspected for overlap; it cannot fire on the target proof path.,d1e1c922c4b206ef8c71888f6f964968eb7bc34ab9c172778c6243675c445926
str.k:52:a15116dcda03,/reference/reference-semantics/semantics/str.k,rule,52,52,,UNREACHABLE_FIXED_SEMANTICS_SENTENCE,Head/construct is absent from the submitted constructor term or is a concrete-only/other-type alternative. It was inventoried and inspected for overlap; it cannot fire on the target proof path.,a15116dcda039e8bc63b028465b2952534a8b734cb0a7557e99625bf38c45aae
str.k:53:7c98b79b0e03,/reference/reference-semantics/semantics/str.k,rule,53,53,,UNREACHABLE_FIXED_SEMANTICS_SENTENCE,Head/construct is absent from the submitted constructor term or is a concrete-only/other-type alternative. It was inventoried and inspected for overlap; it cannot fire on the target proof path.,7c98b79b0e03f30301eaf288d846a7fc26ea5866562926bd94dd2e8c26a1ba26
str.k:54:d72e4a9c68cd,/reference/reference-semantics/semantics/str.k,rule,54,55,,UNREACHABLE_FIXED_SEMANTICS_SENTENCE,Head/construct is absent from the submitted constructor term or is a concrete-only/other-type alternative. It was inventoried and inspected for overlap; it cannot fire on the target proof path.,d72e4a9c68cd264b7906d638a49bcf274a4fae7e0c350f191081f81696042a79
str.k:56:3f16844c8a96,/reference/reference-semantics/semantics/str.k,rule,56,56,,UNREACHABLE_FIXED_SEMANTICS_SENTENCE,Head/construct is absent from the submitted constructor term or is a concrete-only/other-type alternative. It was inventoried and inspected for overlap; it cannot fire on the target proof path.,3f16844c8a96e226925c07325a24c28ae0dc01bd05d6b97ffc08534e62789bbd
str.k:57:d14e65d751c2,/reference/reference-semantics/semantics/str.k,rule,57,57,,UNREACHABLE_FIXED_SEMANTICS_SENTENCE,Head/construct is absent from the submitted constructor term or is a concrete-only/other-type alternative. It was inventoried and inspected for overlap; it cannot fire on the target proof path.,d14e65d751c2eb72a84110b0da37606308ef5eaf2af2c9f0b4686be52ed69e3b
str.k:58:fd8254e2aad6,/reference/reference-semantics/semantics/str.k,rule,58,58,,UNREACHABLE_FIXED_SEMANTICS_SENTENCE,Head/construct is absent from the submitted constructor term or is a concrete-only/other-type alternative. It was inventoried and inspected for overlap; it cannot fire on the target proof path.,fd8254e2aad6ddc722ec79acfc57d3d9f56eeb5a7cedabedeb40aab07d805865
str.k:59:0bb37c9e5117,/reference/reference-semantics/semantics/str.k,rule,59,59,,UNREACHABLE_FIXED_SEMANTICS_SENTENCE,Head/construct is absent from the submitted constructor term or is a concrete-only/other-type alternative. It was inventoried and inspected for overlap; it cannot fire on the target proof path.,0bb37c9e5117e140f89907947627e32d6756cc5e18e9518e3823c2710a62fc6c
str.k:60:4c5df27adc71,/reference/reference-semantics/semantics/str.k,endmodule,60,60,,STRUCTURAL_SOURCE_SENTENCE,Require/import/module boundary; no rewrite content.,4c5df27adc717388cee7175c70de02f160d4f9a8e25c48eb0fc23e1968ad13f4
subscript.k:3:a6d1f94e4e77,/reference/reference-semantics/semantics/subscript.k,module,3,3,,STRUCTURAL_SOURCE_SENTENCE,Require/import/module boundary; no rewrite content.,a6d1f94e4e770f9c24016905d16a5d2ab9f0dcb7ac9955f1d47d6bd6fd7e4ded
subscript.k:4:4258a966960e,/reference/reference-semantics/semantics/subscript.k,imports,4,10,,SUPPLIED_TOTAL_ACCESS_BOUNDARY,Constructor equations are correct for nonnegative in-bounds indexes; [total] leaves opaque/OOB cases abstract. Actual program indexes are nonnegative and in bounds conditional on sortVS preserving length.,4258a966960e81238ac1318ebb92f5cd383bcf94ed5077b6dea55341a4254bfd
subscript.k:11:92dd5a3cbdae,/reference/reference-semantics/semantics/subscript.k,syntax,11,11,function|total,SUPPLIED_TOTAL_ACCESS_BOUNDARY,Constructor equations are correct for nonnegative in-bounds indexes; [total] leaves opaque/OOB cases abstract. Actual program indexes are nonnegative and in bounds conditional on sortVS preserving length.,92dd5a3cbdae995653f421008f9fa2c2f911d143c899dee80374413a92482473
subscript.k:12:5efae5e63665,/reference/reference-semantics/semantics/subscript.k,rule,12,12,,SUPPLIED_TOTAL_ACCESS_BOUNDARY,Constructor equations are correct for nonnegative in-bounds indexes; [total] leaves opaque/OOB cases abstract. Actual program indexes are nonnegative and in bounds conditional on sortVS preserving length.,5efae5e636659046dd3ad38178f893753f16c5b26ea08cfe11b0f323d3990453
subscript.k:13:463bd5d63df5,/reference/reference-semantics/semantics/subscript.k,rule,13,15,,SUPPLIED_TOTAL_ACCESS_BOUNDARY,Constructor equations are correct for nonnegative in-bounds indexes; [total] leaves opaque/OOB cases abstract. Actual program indexes are nonnegative and in bounds conditional on sortVS preserving length.,463bd5d63df534f3d4cc313ec80e81f0c7c645e266732d113ea8b10dbac478d1
subscript.k:16:d573fee41395,/reference/reference-semantics/semantics/subscript.k,syntax,16,16,function,REACHABLE_FIXED_SEMANTICS_SOUND_ON_USED_DOMAIN,"Inspected for matching, guards, overlap, evaluation order, control, allocation, and state footprint; agrees with the submitted program's plain-list/int execution path.",d573fee41395263868cfcc4fbae6df6d4a3bcc1a7bca14e633a30ec4f77887a1
subscript.k:17:8eb9da7cc045,/reference/reference-semantics/semantics/subscript.k,rule,17,17,,REACHABLE_FIXED_SEMANTICS_SOUND_ON_USED_DOMAIN,"Inspected for matching, guards, overlap, evaluation order, control, allocation, and state footprint; agrees with the submitted program's plain-list/int execution path.",8eb9da7cc0451bafd5812077c689538105618e705c93eb17820917ff139bbc4c
subscript.k:18:a89deb267298,/reference/reference-semantics/semantics/subscript.k,rule,18,20,,REACHABLE_FIXED_SEMANTICS_SOUND_ON_USED_DOMAIN,"Inspected for matching, guards, overlap, evaluation order, control, allocation, and state footprint; agrees with the submitted program's plain-list/int execution path.",a89deb267298a13e5d86fa826aa9f476cc9f836461b46ade60423a8f364bdd37
subscript.k:21:8d0629ddf60a,/reference/reference-semantics/semantics/subscript.k,syntax,21,21,function|total,REACHABLE_FIXED_SEMANTICS_SOUND_ON_USED_DOMAIN,"Inspected for matching, guards, overlap, evaluation order, control, allocation, and state footprint; agrees with the submitted program's plain-list/int execution path.",8d0629ddf60abdd87d1319c61a91897635eaf44a195cae23c3e4a9059fb8d475
subscript.k:22:0398dfbaabb1,/reference/reference-semantics/semantics/subscript.k,rule,22,22,,REACHABLE_FIXED_SEMANTICS_SOUND_ON_USED_DOMAIN,"Inspected for matching, guards, overlap, evaluation order, control, allocation, and state footprint; agrees with the submitted program's plain-list/int execution path.",0398dfbaabb1dbe0748c4a93874c453d7143a94e0f0d3d18c8b11359439b2c9a
subscript.k:23:7ba2c056b69d,/reference/reference-semantics/semantics/subscript.k,rule,23,26,,REACHABLE_FIXED_SEMANTICS_SOUND_ON_USED_DOMAIN,"Inspected for matching, guards, overlap, evaluation order, control, allocation, and state footprint; agrees with the submitted program's plain-list/int execution path.",7ba2c056b69d0deead32ca025bc6cddf3f281ed5b87a62dcb6d148a1afcf38fb
subscript.k:27:e235a553cf79,/reference/reference-semantics/semantics/subscript.k,context,27,27,,REACHABLE_FIXED_SEMANTICS_SOUND_ON_USED_DOMAIN,"Inspected for matching, guards, overlap, evaluation order, control, allocation, and state footprint; agrees with the submitted program's plain-list/int execution path.",e235a553cf7939b217e6aad3c563f19136b897acadf2bfa842db991933f28e85
subscript.k:28:0ea5351709e9,/reference/reference-semantics/semantics/subscript.k,context,28,30,,REACHABLE_FIXED_SEMANTICS_SOUND_ON_USED_DOMAIN,"Inspected for matching, guards, overlap, evaluation order, control, allocation, and state footprint; agrees with the submitted program's plain-list/int execution path.",0ea5351709e9231f1e957adc2a438215860b2e7e7ff51f177407dd170e6bf752
subscript.k:31:ba2015156656,/reference/reference-semantics/semantics/subscript.k,rule,31,34,priority(40),REACHABLE_FIXED_SEMANTICS_SOUND_ON_USED_DOMAIN,"Inspected for matching, guards, overlap, evaluation order, control, allocation, and state footprint; agrees with the submitted program's plain-list/int execution path.",ba2015156656f7c6f341b0f480baae5329d86ae155b09fbc73a635bdcd103d67
subscript.k:35:e2cbe99533f0,/reference/reference-semantics/semantics/subscript.k,rule,35,36,,REACHABLE_FIXED_SEMANTICS_SOUND_ON_USED_DOMAIN,"Inspected for matching, guards, overlap, evaluation order, control, allocation, and state footprint; agrees with the submitted program's plain-list/int execution path.",e2cbe99533f0bbd2f5a28abaaea776b05e2d8eb2f238a9406b0c9ab6b8287633
subscript.k:37:83aa86951e42,/reference/reference-semantics/semantics/subscript.k,syntax,37,37,function,REACHABLE_FIXED_SEMANTICS_SOUND_ON_USED_DOMAIN,"Inspected for matching, guards, overlap, evaluation order, control, allocation, and state footprint; agrees with the submitted program's plain-list/int execution path.",83aa86951e423ee652f166e56f679403febdfb828febf5216d59b54bda2753a5
subscript.k:38:c494188c31ef,/reference/reference-semantics/semantics/subscript.k,rule,38,38,,SUPPLIED_TOTAL_ACCESS_BOUNDARY,Constructor equations are correct for nonnegative in-bounds indexes; [total] leaves opaque/OOB cases abstract. Actual program indexes are nonnegative and in bounds conditional on sortVS preserving length.,c494188c31ef997e96906aae550573a54345c081fe24563a1f05a92f0396ffed
subscript.k:39:52ab84557b24,/reference/reference-semantics/semantics/subscript.k,rule,39,39,,SUPPLIED_TOTAL_ACCESS_BOUNDARY,Constructor equations are correct for nonnegative in-bounds indexes; [total] leaves opaque/OOB cases abstract. Actual program indexes are nonnegative and in bounds conditional on sortVS preserving length.,52ab84557b24a72bd0e049cec6cb67ec53e2d262f19c93e2abec650a0e856c1e
subscript.k:40:bc2eddc3f7ce,/reference/reference-semantics/semantics/subscript.k,rule,40,43,,REACHABLE_FIXED_SEMANTICS_SOUND_ON_USED_DOMAIN,"Inspected for matching, guards, overlap, evaluation order, control, allocation, and state footprint; agrees with the submitted program's plain-list/int execution path.",bc2eddc3f7ce8f77c32fb18bbf36c1c7c538e0e664e441898ffa1d9683894006
subscript.k:44:3586c0bf2e67,/reference/reference-semantics/semantics/subscript.k,syntax,44,48,,REACHABLE_FIXED_SEMANTICS_SOUND_ON_USED_DOMAIN,"Inspected for matching, guards, overlap, evaluation order, control, allocation, and state footprint; agrees with the submitted program's plain-list/int execution path.",3586c0bf2e67a9c1eb55c902a81beaed999d84bf8ceb386870415106ecc297be
subscript.k:49:560ebb71a2e1,/reference/reference-semantics/semantics/subscript.k,syntax,49,49,,REACHABLE_FIXED_SEMANTICS_SOUND_ON_USED_DOMAIN,"Inspected for matching, guards, overlap, evaluation order, control, allocation, and state footprint; agrees with the submitted program's plain-list/int execution path.",560ebb71a2e12f9a78694f384d19cb1d73190b6c9e724c4bdc202b583f111b3f
subscript.k:50:260093ac1ada,/reference/reference-semantics/semantics/subscript.k,rule,50,50,,REACHABLE_FIXED_SEMANTICS_SOUND_ON_USED_DOMAIN,"Inspected for matching, guards, overlap, evaluation order, control, allocation, and state footprint; agrees with the submitted program's plain-list/int execution path.",260093ac1ada7ada03d8f9e469670753e5253e805768f1d008f660cfdbdc34ab
subscript.k:51:c05e824ec7d0,/reference/reference-semantics/semantics/subscript.k,rule,51,51,,REACHABLE_FIXED_SEMANTICS_SOUND_ON_USED_DOMAIN,"Inspected for matching, guards, overlap, evaluation order, control, allocation, and state footprint; agrees with the submitted program's plain-list/int execution path.",c05e824ec7d02b0ff48467bfe475709470965fc34d4376b8c53afcd4dee95f9d
subscript.k:52:55c49487ba78,/reference/reference-semantics/semantics/subscript.k,rule,52,53,,REACHABLE_FIXED_SEMANTICS_SOUND_ON_USED_DOMAIN,"Inspected for matching, guards, overlap, evaluation order, control, allocation, and state footprint; agrees with the submitted program's plain-list/int execution path.",55c49487ba7821307656b279fb60c670618fe70606d57783c776ef4b2986550c
subscript.k:54:b39cd50c6c41,/reference/reference-semantics/semantics/subscript.k,rule,54,54,,REACHABLE_FIXED_SEMANTICS_SOUND_ON_USED_DOMAIN,"Inspected for matching, guards, overlap, evaluation order, control, allocation, and state footprint; agrees with the submitted program's plain-list/int execution path.",b39cd50c6c413a35564da1aa0434956df105d8e124a63f8867bec71c7c410abd
subscript.k:55:ba8162a4d944,/reference/reference-semantics/semantics/subscript.k,rule,55,55,,REACHABLE_FIXED_SEMANTICS_SOUND_ON_USED_DOMAIN,"Inspected for matching, guards, overlap, evaluation order, control, allocation, and state footprint; agrees with the submitted program's plain-list/int execution path.",ba8162a4d94407c48b3a07a2686d8691c56de9280ab431f061eb6defe0ddfd8c
subscript.k:56:9ab3eb142d12,/reference/reference-semantics/semantics/subscript.k,rule,56,57,,REACHABLE_FIXED_SEMANTICS_SOUND_ON_USED_DOMAIN,"Inspected for matching, guards, overlap, evaluation order, control, allocation, and state footprint; agrees with the submitted program's plain-list/int execution path.",9ab3eb142d12d98094d2c11403d8f5711ab2b79c337b17046d56f4a76948370c
subscript.k:58:8d45174aef87,/reference/reference-semantics/semantics/subscript.k,rule,58,60,priority(45),REACHABLE_FIXED_SEMANTICS_SOUND_ON_USED_DOMAIN,"Inspected for matching, guards, overlap, evaluation order, control, allocation, and state footprint; agrees with the submitted program's plain-list/int execution path.",8d45174aef8739b21b538bb13740c6b0c0c0936fed9723b9adf51b3f8297d642
subscript.k:61:4b6c937f1b27,/reference/reference-semantics/semantics/subscript.k,rule,61,62,,REACHABLE_FIXED_SEMANTICS_SOUND_ON_USED_DOMAIN,"Inspected for matching, guards, overlap, evaluation order, control, allocation, and state footprint; agrees with the submitted program's plain-list/int execution path.",4b6c937f1b27b309ca57781e12cde5632c9fe631b46769f8b5fb2ae27e5d3559
subscript.k:63:35803b4f4140,/reference/reference-semantics/semantics/subscript.k,syntax,63,63,function,REACHABLE_FIXED_SEMANTICS_SOUND_ON_USED_DOMAIN,"Inspected for matching, guards, overlap, evaluation order, control, allocation, and state footprint; agrees with the submitted program's plain-list/int execution path.",35803b4f4140c58723c0e31492a1715f532186e38b4e9b68650e58ae677e48dd
subscript.k:64:f98c4d73aaf2,/reference/reference-semantics/semantics/subscript.k,rule,64,65,,REACHABLE_FIXED_SEMANTICS_SOUND_ON_USED_DOMAIN,"Inspected for matching, guards, overlap, evaluation order, control, allocation, and state footprint; agrees with the submitted program's plain-list/int execution path.",f98c4d73aaf2650365e7250aa3b8f9de0da52a8d7e678ad474769b372db234fd
subscript.k:66:6e8f59ed2ecb,/reference/reference-semantics/semantics/subscript.k,rule,66,67,,REACHABLE_FIXED_SEMANTICS_SOUND_ON_USED_DOMAIN,"Inspected for matching, guards, overlap, evaluation order, control, allocation, and state footprint; agrees with the submitted program's plain-list/int execution path.",6e8f59ed2ecb112dbbdd350b1235fec686f6ea424b8654ce5e02cc6e21fa3fcc
subscript.k:68:0b5e5f8da08f,/reference/reference-semantics/semantics/subscript.k,rule,68,71,,REACHABLE_FIXED_SEMANTICS_SOUND_ON_USED_DOMAIN,"Inspected for matching, guards, overlap, evaluation order, control, allocation, and state footprint; agrees with the submitted program's plain-list/int execution path.",0b5e5f8da08f08d46a3f42f731b25aa5402c716061aa75d97008a2ace7a3bf56
subscript.k:72:3673727509ac,/reference/reference-semantics/semantics/subscript.k,syntax,72,72,function|total,REACHABLE_FIXED_SEMANTICS_SOUND_ON_USED_DOMAIN,"Inspected for matching, guards, overlap, evaluation order, control, allocation, and state footprint; agrees with the submitted program's plain-list/int execution path.",3673727509ac1987488ad8a299c7a4a1ed9143e108520907ed8ae746269699c8
subscript.k:73:080183421a02,/reference/reference-semantics/semantics/subscript.k,rule,73,73,,REACHABLE_FIXED_SEMANTICS_SOUND_ON_USED_DOMAIN,"Inspected for matching, guards, overlap, evaluation order, control, allocation, and state footprint; agrees with the submitted program's plain-list/int execution path.",080183421a02aea58098f319cf047707ed71b0951438d28d977948f4e0d478a2
subscript.k:74:38520b2d08df,/reference/reference-semantics/semantics/subscript.k,rule,74,75,,REACHABLE_FIXED_SEMANTICS_SOUND_ON_USED_DOMAIN,"Inspected for matching, guards, overlap, evaluation order, control, allocation, and state footprint; agrees with the submitted program's plain-list/int execution path.",38520b2d08df510dd573e03a40c5d25b7f8b89388b18d9d7aec6e9196ba1f6a1
subscript.k:76:12940b25c9d8,/reference/reference-semantics/semantics/subscript.k,syntax,76,76,function,REACHABLE_FIXED_SEMANTICS_SOUND_ON_USED_DOMAIN,"Inspected for matching, guards, overlap, evaluation order, control, allocation, and state footprint; agrees with the submitted program's plain-list/int execution path.",12940b25c9d85c4c575623a2d2085f8f09acda4390e58e7e27114df698e02858
subscript.k:77:f071f630a8f9,/reference/reference-semantics/semantics/subscript.k,rule,77,78,,REACHABLE_FIXED_SEMANTICS_SOUND_ON_USED_DOMAIN,"Inspected for matching, guards, overlap, evaluation order, control, allocation, and state footprint; agrees with the submitted program's plain-list/int execution path.",f071f630a8f9d29c647b36ce94d423b9fbf40e83a653df82f1c26b442e07bcf9
subscript.k:79:9a3afd20003e,/reference/reference-semantics/semantics/subscript.k,rule,79,80,,REACHABLE_FIXED_SEMANTICS_SOUND_ON_USED_DOMAIN,"Inspected for matching, guards, overlap, evaluation order, control, allocation, and state footprint; agrees with the submitted program's plain-list/int execution path.",9a3afd20003e73154e811d7548e5a7375c143659696969695a76a6249e1197e1
subscript.k:81:2e19a63f1664,/reference/reference-semantics/semantics/subscript.k,rule,81,82,,REACHABLE_FIXED_SEMANTICS_SOUND_ON_USED_DOMAIN,"Inspected for matching, guards, overlap, evaluation order, control, allocation, and state footprint; agrees with the submitted program's plain-list/int execution path.",2e19a63f1664fef54fab562622ede417ba53fd30ced6cdedcde492feccb68677
subscript.k:83:def902114717,/reference/reference-semantics/semantics/subscript.k,syntax,83,83,function,REACHABLE_FIXED_SEMANTICS_SOUND_ON_USED_DOMAIN,"Inspected for matching, guards, overlap, evaluation order, control, allocation, and state footprint; agrees with the submitted program's plain-list/int execution path.",def902114717732bd04bddb5459b883a7e72943d9905a006fa2908eeda667d1b
subscript.k:84:f8868ca0ab86,/reference/reference-semantics/semantics/subscript.k,rule,84,85,,REACHABLE_FIXED_SEMANTICS_SOUND_ON_USED_DOMAIN,"Inspected for matching, guards, overlap, evaluation order, control, allocation, and state footprint; agrees with the submitted program's plain-list/int execution path.",f8868ca0ab86614540c4f1dd48f166d89ac29e79ec0ddfd95983531c1f8a92fa
subscript.k:86:fde349e77a3a,/reference/reference-semantics/semantics/subscript.k,rule,86,87,,REACHABLE_FIXED_SEMANTICS_SOUND_ON_USED_DOMAIN,"Inspected for matching, guards, overlap, evaluation order, control, allocation, and state footprint; agrees with the submitted program's plain-list/int execution path.",fde349e77a3a9bdf581389ada6da29e7655b032852946cc55dd6d0fe7e6ebd17
subscript.k:88:8422a8ba8f8d,/reference/reference-semantics/semantics/subscript.k,rule,88,89,,REACHABLE_FIXED_SEMANTICS_SOUND_ON_USED_DOMAIN,"Inspected for matching, guards, overlap, evaluation order, control, allocation, and state footprint; agrees with the submitted program's plain-list/int execution path.",8422a8ba8f8d7ea7a1411c4e9c0a955a66108a5220822111d4bc6be937bd70b9
subscript.k:90:9ec1896aa81d,/reference/reference-semantics/semantics/subscript.k,syntax,90,90,function|total,REACHABLE_FIXED_SEMANTICS_SOUND_ON_USED_DOMAIN,"Inspected for matching, guards, overlap, evaluation order, control, allocation, and state footprint; agrees with the submitted program's plain-list/int execution path.",9ec1896aa81dbda8d1ea3e6687ee086beea967bc3822cd10a318a2f04b3aa7bd
subscript.k:91:58c9216d8b6d,/reference/reference-semantics/semantics/subscript.k,rule,91,92,,REACHABLE_FIXED_SEMANTICS_SOUND_ON_USED_DOMAIN,"Inspected for matching, guards, overlap, evaluation order, control, allocation, and state footprint; agrees with the submitted program's plain-list/int execution path.",58c9216d8b6d4a214dea9e45411319b249515ac57ddfabc8f134b0b9ee6a0273
subscript.k:93:1c4d6ca3d353,/reference/reference-semantics/semantics/subscript.k,rule,93,95,,REACHABLE_FIXED_SEMANTICS_SOUND_ON_USED_DOMAIN,"Inspected for matching, guards, overlap, evaluation order, control, allocation, and state footprint; agrees with the submitted program's plain-list/int execution path.",1c4d6ca3d3534697cd74873e69461efdcea7866ec6b97a95f3557568bf626378
subscript.k:96:74b1e671d5bc,/reference/reference-semantics/semantics/subscript.k,syntax,96,96,function|total,REACHABLE_FIXED_SEMANTICS_SOUND_ON_USED_DOMAIN,"Inspected for matching, guards, overlap, evaluation order, control, allocation, and state footprint; agrees with the submitted program's plain-list/int execution path.",74b1e671d5bc2675c57a6e37b0517ae907a75fd226523c01205ef0a8bd3ac2f3
subscript.k:97:a2e92eace44c,/reference/reference-semantics/semantics/subscript.k,rule,97,98,,REACHABLE_FIXED_SEMANTICS_SOUND_ON_USED_DOMAIN,"Inspected for matching, guards, overlap, evaluation order, control, allocation, and state footprint; agrees with the submitted program's plain-list/int execution path.",a2e92eace44c06709afc4171de72f4f7aa640e356954efd5daa3b03cda75b4c1
subscript.k:99:0a357da8ed32,/reference/reference-semantics/semantics/subscript.k,rule,99,101,,REACHABLE_FIXED_SEMANTICS_SOUND_ON_USED_DOMAIN,"Inspected for matching, guards, overlap, evaluation order, control, allocation, and state footprint; agrees with the submitted program's plain-list/int execution path.",0a357da8ed32fb6e8c29409f20c6100498859b45a42da73570dd2d839e702e0f
subscript.k:102:cf49fd584aa0,/reference/reference-semantics/semantics/subscript.k,syntax,102,102,function|total,REACHABLE_FIXED_SEMANTICS_SOUND_ON_USED_DOMAIN,"Inspected for matching, guards, overlap, evaluation order, control, allocation, and state footprint; agrees with the submitted program's plain-list/int execution path.",cf49fd584aa0aaff635d15fbfb5b3e627a19462ba2e20a330262744fbc4167da
subscript.k:103:706a4096d6ec,/reference/reference-semantics/semantics/subscript.k,rule,103,104,,REACHABLE_FIXED_SEMANTICS_SOUND_ON_USED_DOMAIN,"Inspected for matching, guards, overlap, evaluation order, control, allocation, and state footprint; agrees with the submitted program's plain-list/int execution path.",706a4096d6eca2beac22bf86a9339c5af4255e57fc45f3205b67b0348c58b94a
subscript.k:105:23b66755d1bc,/reference/reference-semantics/semantics/subscript.k,rule,105,108,,REACHABLE_FIXED_SEMANTICS_SOUND_ON_USED_DOMAIN,"Inspected for matching, guards, overlap, evaluation order, control, allocation, and state footprint; agrees with the submitted program's plain-list/int execution path.",23b66755d1bc5837766bf28000a8c6d63de91eba12e4b18b73682920d78c2419
subscript.k:109:328023ed0539,/reference/reference-semantics/semantics/subscript.k,syntax,109,109,function,REACHABLE_FIXED_SEMANTICS_SOUND_ON_USED_DOMAIN,"Inspected for matching, guards, overlap, evaluation order, control, allocation, and state footprint; agrees with the submitted program's plain-list/int execution path.",328023ed05394848428d502f2282a83f2f6fce266a9ff7c7187134b098872146
subscript.k:110:d6ecccf0b62d,/reference/reference-semantics/semantics/subscript.k,rule,110,112,,SUPPLIED_TOTAL_ACCESS_BOUNDARY,Constructor equations are correct for nonnegative in-bounds indexes; [total] leaves opaque/OOB cases abstract. Actual program indexes are nonnegative and in bounds conditional on sortVS preserving length.,d6ecccf0b62d26633cbbbc1872d4e8696544682181c2fc2edc10eaada63d4aaa
subscript.k:113:0150c19c3715,/reference/reference-semantics/semantics/subscript.k,rule,113,115,,REACHABLE_FIXED_SEMANTICS_SOUND_ON_USED_DOMAIN,"Inspected for matching, guards, overlap, evaluation order, control, allocation, and state footprint; agrees with the submitted program's plain-list/int execution path.",0150c19c37152837babd9486a766951b2129d60e7537092d2eaa38a9e16453e5
subscript.k:116:0a55bc39332c,/reference/reference-semantics/semantics/subscript.k,syntax,116,116,function,UNREACHABLE_FIXED_SEMANTICS_SENTENCE,Head/construct is absent from the submitted constructor term or is a concrete-only/other-type alternative. It was inventoried and inspected for overlap; it cannot fire on the target proof path.,0a55bc39332ca672124112c173cf443fc87f1059e0eab1577ce827bbbc559228
subscript.k:117:723e67f7af3e,/reference/reference-semantics/semantics/subscript.k,rule,117,119,,UNREACHABLE_FIXED_SEMANTICS_SENTENCE,Head/construct is absent from the submitted constructor term or is a concrete-only/other-type alternative. It was inventoried and inspected for overlap; it cannot fire on the target proof path.,723e67f7af3e57e507162191080547158653bebe4dbd6fdb322201406c8852e1
subscript.k:120:68b366dedd7d,/reference/reference-semantics/semantics/subscript.k,rule,120,121,,UNREACHABLE_FIXED_SEMANTICS_SENTENCE,Head/construct is absent from the submitted constructor term or is a concrete-only/other-type alternative. It was inventoried and inspected for overlap; it cannot fire on the target proof path.,68b366dedd7d79096626e82fbaa88bc954129111f50f44fe8e7be568f11ea4a2
subscript.k:122:4c5df27adc71,/reference/reference-semantics/semantics/subscript.k,endmodule,122,122,,STRUCTURAL_SOURCE_SENTENCE,Require/import/module boundary; no rewrite content.,4c5df27adc717388cee7175c70de02f160d4f9a8e25c48eb0fc23e1968ad13f4
syntax.k:3:f08baa14168e,/reference/reference-semantics/semantics/syntax.k,module,3,3,,STRUCTURAL_SOURCE_SENTENCE,Require/import/module boundary; no rewrite content.,f08baa14168e33e40c6ea094538294709ff69e62fe8705a5b36d30f64f9b9e58
syntax.k:4:549ff9577e48,/reference/reference-semantics/semantics/syntax.k,imports,4,4,,STRUCTURAL_SOURCE_SENTENCE,Require/import/module boundary; no rewrite content.,549ff9577e48f84166cff97c44b34be0e7224b138ffc651802ef6e9dcfde5500
syntax.k:5:57afda1786d2,/reference/reference-semantics/semantics/syntax.k,imports,5,5,,STRUCTURAL_SOURCE_SENTENCE,Require/import/module boundary; no rewrite content.,57afda1786d22d995573523f49342280f158fcd841d333439b17a44120be7b40
syntax.k:6:53df7c7bde97,/reference/reference-semantics/semantics/syntax.k,imports,6,6,,STRUCTURAL_SOURCE_SENTENCE,Require/import/module boundary; no rewrite content.,53df7c7bde9742b651b6208bf2d29aed7e6cfec6eeed12c7af5ebc790e3c8608
syntax.k:7:5a171c0d093c,/reference/reference-semantics/semantics/syntax.k,imports,7,8,,STRUCTURAL_SOURCE_SENTENCE,Require/import/module boundary; no rewrite content.,5a171c0d093c3345d9e07e15e5f3768211a92909782e475d3d50063a338f319c
syntax.k:9:970a5d907eb7,/reference/reference-semantics/semantics/syntax.k,syntax,9,31,"strict(2)|seqstrict(2, 3)|macro|macro|strict(1)|strict(1)",REACHABLE_FIXED_SEMANTICS_SOUND_ON_USED_DOMAIN,"Inspected for matching, guards, overlap, evaluation order, control, allocation, and state footprint; agrees with the submitted program's plain-list/int execution path.",970a5d907eb7e8719c2231b6232969f2dc9f205fd1d7c210c1529f39ef36afe0
syntax.k:32:31fa5777bd64,/reference/reference-semantics/semantics/syntax.k,syntax,32,32,,REACHABLE_FIXED_SEMANTICS_SOUND_ON_USED_DOMAIN,"Inspected for matching, guards, overlap, evaluation order, control, allocation, and state footprint; agrees with the submitted program's plain-list/int execution path.",31fa5777bd647a4f25c58d68c85eb6c09619c01637f6df1bab48dc8b483e1a58
syntax.k:33:3bf94dbad23a,/reference/reference-semantics/semantics/syntax.k,syntax,33,33,,REACHABLE_FIXED_SEMANTICS_SOUND_ON_USED_DOMAIN,"Inspected for matching, guards, overlap, evaluation order, control, allocation, and state footprint; agrees with the submitted program's plain-list/int execution path.",3bf94dbad23a84b43e9aa25c15c21623947d6e776c73abfcae7187615db19847
syntax.k:34:0e6de400c483,/reference/reference-semantics/semantics/syntax.k,syntax,34,34,,REACHABLE_FIXED_SEMANTICS_SOUND_ON_USED_DOMAIN,"Inspected for matching, guards, overlap, evaluation order, control, allocation, and state footprint; agrees with the submitted program's plain-list/int execution path.",0e6de400c48346b7d36a41e6bd8bf0980e98ec9480c37c9e1447cdd6f20eeee0
syntax.k:35:5bb59c5f0dc1,/reference/reference-semantics/semantics/syntax.k,syntax,35,35,,REACHABLE_FIXED_SEMANTICS_SOUND_ON_USED_DOMAIN,"Inspected for matching, guards, overlap, evaluation order, control, allocation, and state footprint; agrees with the submitted program's plain-list/int execution path.",5bb59c5f0dc165e1a3c95708cf38f932c8f75c3f79b40696254c91e9ce14d48c
syntax.k:36:76d2ff7278fb,/reference/reference-semantics/semantics/syntax.k,syntax,36,36,,REACHABLE_FIXED_SEMANTICS_SOUND_ON_USED_DOMAIN,"Inspected for matching, guards, overlap, evaluation order, control, allocation, and state footprint; agrees with the submitted program's plain-list/int execution path.",76d2ff7278fb79223076a48063fb3990b4456a793dc2ebc0dae8979f1c8a8177
syntax.k:37:5d0831f6c932,/reference/reference-semantics/semantics/syntax.k,syntax,37,37,,REACHABLE_FIXED_SEMANTICS_SOUND_ON_USED_DOMAIN,"Inspected for matching, guards, overlap, evaluation order, control, allocation, and state footprint; agrees with the submitted program's plain-list/int execution path.",5d0831f6c932f17e2c6a98fb109159767a6973adcf6c887c24f437ca5bac1a8e
syntax.k:38:2d7648621bd0,/reference/reference-semantics/semantics/syntax.k,syntax,38,38,,REACHABLE_FIXED_SEMANTICS_SOUND_ON_USED_DOMAIN,"Inspected for matching, guards, overlap, evaluation order, control, allocation, and state footprint; agrees with the submitted program's plain-list/int execution path.",2d7648621bd02a753995ccf8dc080239ab17e1e24b7d352f86ca59e91a27e7c8
syntax.k:39:0a207e7f6805,/reference/reference-semantics/semantics/syntax.k,syntax,39,40,,REACHABLE_FIXED_SEMANTICS_SOUND_ON_USED_DOMAIN,"Inspected for matching, guards, overlap, evaluation order, control, allocation, and state footprint; agrees with the submitted program's plain-list/int execution path.",0a207e7f6805a1fa7e9f84cb33748203011d32695e6a85d35c0ad0a2dd9da87c
syntax.k:41:1fdf12132fa6,/reference/reference-semantics/semantics/syntax.k,syntax,41,55,strict(2)|strict(3)|strict(2)|strict(1)|strict|strict|strict,REACHABLE_FIXED_SEMANTICS_SOUND_ON_USED_DOMAIN,"Inspected for matching, guards, overlap, evaluation order, control, allocation, and state footprint; agrees with the submitted program's plain-list/int execution path.",1fdf12132fa6e34f9320cff44f77ddd81272816de7922284fab69897bf43f4db
syntax.k:56:a815785974c2,/reference/reference-semantics/semantics/syntax.k,syntax,56,56,,REACHABLE_FIXED_SEMANTICS_SOUND_ON_USED_DOMAIN,"Inspected for matching, guards, overlap, evaluation order, control, allocation, and state footprint; agrees with the submitted program's plain-list/int execution path.",a815785974c2b381c1312f576d97ec94ebca743960cc443c92b8f44c8a0d74fe
syntax.k:57:f9fd64833dd1,/reference/reference-semantics/semantics/syntax.k,syntax,57,57,,REACHABLE_FIXED_SEMANTICS_SOUND_ON_USED_DOMAIN,"Inspected for matching, guards, overlap, evaluation order, control, allocation, and state footprint; agrees with the submitted program's plain-list/int execution path.",f9fd64833dd16dab12d5564129d63d642aefec063a071b470a02478201643b04
syntax.k:58:19c7da008dd6,/reference/reference-semantics/semantics/syntax.k,syntax,58,58,,REACHABLE_FIXED_SEMANTICS_SOUND_ON_USED_DOMAIN,"Inspected for matching, guards, overlap, evaluation order, control, allocation, and state footprint; agrees with the submitted program's plain-list/int execution path.",19c7da008dd612726936901b0d383a1c69bae9bb11460463187ccbc85b485212
syntax.k:59:ff2cf5e4bb87,/reference/reference-semantics/semantics/syntax.k,syntax,59,59,,REACHABLE_FIXED_SEMANTICS_SOUND_ON_USED_DOMAIN,"Inspected for matching, guards, overlap, evaluation order, control, allocation, and state footprint; agrees with the submitted program's plain-list/int execution path.",ff2cf5e4bb8759039c00ed5554e68f13d9298d8895d0d4df552558eeac2195bf
syntax.k:60:8788a8da7c08,/reference/reference-semantics/semantics/syntax.k,syntax,60,60,,REACHABLE_FIXED_SEMANTICS_SOUND_ON_USED_DOMAIN,"Inspected for matching, guards, overlap, evaluation order, control, allocation, and state footprint; agrees with the submitted program's plain-list/int execution path.",8788a8da7c08b959b55f76539af04c5a55abe26a1584ada00a2820ee79b3501e
syntax.k:61:8da28960d4db,/reference/reference-semantics/semantics/syntax.k,syntax,61,61,,REACHABLE_FIXED_SEMANTICS_SOUND_ON_USED_DOMAIN,"Inspected for matching, guards, overlap, evaluation order, control, allocation, and state footprint; agrees with the submitted program's plain-list/int execution path.",8da28960d4db086d4929161f541cf022015dc577e72bf3fa9a3c5249ddb90cdb
syntax.k:62:4c5df27adc71,/reference/reference-semantics/semantics/syntax.k,endmodule,62,62,,STRUCTURAL_SOURCE_SENTENCE,Require/import/module boundary; no rewrite content.,4c5df27adc717388cee7175c70de02f160d4f9a8e25c48eb0fc23e1968ad13f4
tuple.k:3:a660cd1e92e2,/reference/reference-semantics/semantics/tuple.k,module,3,3,,STRUCTURAL_SOURCE_SENTENCE,Require/import/module boundary; no rewrite content.,a660cd1e92e23d91d092c593b0d7ec83407e40b5085309e11090d5b01bc4f030
tuple.k:4:4258a966960e,/reference/reference-semantics/semantics/tuple.k,imports,4,4,,STRUCTURAL_SOURCE_SENTENCE,Require/import/module boundary; no rewrite content.,4258a966960e81238ac1318ebb92f5cd383bcf94ed5077b6dea55341a4254bfd
tuple.k:5:8ad41781e06e,/reference/reference-semantics/semantics/tuple.k,imports,5,5,,STRUCTURAL_SOURCE_SENTENCE,Require/import/module boundary; no rewrite content.,8ad41781e06e91093b117ccd78f6f10180a840cf3b4adaa62547edd340b26acc
tuple.k:6:511c798e04e9,/reference/reference-semantics/semantics/tuple.k,imports,6,6,,STRUCTURAL_SOURCE_SENTENCE,Require/import/module boundary; no rewrite content.,511c798e04e96a7ad3e9efe5e06eb4804d66d38f1294d62d46068dc7eafb0373
tuple.k:7:09fe9e0706ae,/reference/reference-semantics/semantics/tuple.k,imports,7,9,,STRUCTURAL_SOURCE_SENTENCE,Require/import/module boundary; no rewrite content.,09fe9e0706aef859710b0c5447f1427e859a1a9e9660b612e310bb91d51ec923
tuple.k:10:6088fae06255,/reference/reference-semantics/semantics/tuple.k,rule,10,10,,UNREACHABLE_FIXED_SEMANTICS_SENTENCE,Head/construct is absent from the submitted constructor term or is a concrete-only/other-type alternative. It was inventoried and inspected for overlap; it cannot fire on the target proof path.,6088fae06255bb7360c99a675f37b1b629f669561408698b684244d07f7f15cb
tuple.k:11:d8c8d186a0d0,/reference/reference-semantics/semantics/tuple.k,rule,11,13,,UNREACHABLE_FIXED_SEMANTICS_SENTENCE,Head/construct is absent from the submitted constructor term or is a concrete-only/other-type alternative. It was inventoried and inspected for overlap; it cannot fire on the target proof path.,d8c8d186a0d0dea5a4e118c70b52af3609edfabd17970d55303510cfd041e188
tuple.k:14:508a95f61aed,/reference/reference-semantics/semantics/tuple.k,syntax,14,14,,UNREACHABLE_FIXED_SEMANTICS_SENTENCE,Head/construct is absent from the submitted constructor term or is a concrete-only/other-type alternative. It was inventoried and inspected for overlap; it cannot fire on the target proof path.,508a95f61aed6d1129b9e3f84b2cc6d4021eb25accb256e816573049feff554b
tuple.k:15:ff193ea2849e,/reference/reference-semantics/semantics/tuple.k,rule,15,15,,UNREACHABLE_FIXED_SEMANTICS_SENTENCE,Head/construct is absent from the submitted constructor term or is a concrete-only/other-type alternative. It was inventoried and inspected for overlap; it cannot fire on the target proof path.,ff193ea2849e97ee999677d4a6b7f490cbe8fd917a21c5b418eb6620def33124
tuple.k:16:b0d84d481730,/reference/reference-semantics/semantics/tuple.k,rule,16,17,,UNREACHABLE_FIXED_SEMANTICS_SENTENCE,Head/construct is absent from the submitted constructor term or is a concrete-only/other-type alternative. It was inventoried and inspected for overlap; it cannot fire on the target proof path.,b0d84d481730d06c5882783cccdcdbaf7a0b81c185e990531bf607fc1dc9b01d
tuple.k:18:25153c3caf4c,/reference/reference-semantics/semantics/tuple.k,rule,18,19,,UNREACHABLE_FIXED_SEMANTICS_SENTENCE,Head/construct is absent from the submitted constructor term or is a concrete-only/other-type alternative. It was inventoried and inspected for overlap; it cannot fire on the target proof path.,25153c3caf4c231c39cf912a4a670df203f58cc9ac4e01dcb6383f28400a9ed6
tuple.k:20:4e02486b9482,/reference/reference-semantics/semantics/tuple.k,rule,20,20,,UNREACHABLE_FIXED_SEMANTICS_SENTENCE,Head/construct is absent from the submitted constructor term or is a concrete-only/other-type alternative. It was inventoried and inspected for overlap; it cannot fire on the target proof path.,4e02486b9482d2cace94eb83c1cb2c6dfa8fda78806420970245c05e9408c1cd
tuple.k:21:49fb4172dbeb,/reference/reference-semantics/semantics/tuple.k,rule,21,22,,UNREACHABLE_FIXED_SEMANTICS_SENTENCE,Head/construct is absent from the submitted constructor term or is a concrete-only/other-type alternative. It was inventoried and inspected for overlap; it cannot fire on the target proof path.,49fb4172dbeb8e8b160b7081e58ae5f55fc5fe8e35bc64980d7e8badc0f8ec54
tuple.k:23:bd7254bbf110,/reference/reference-semantics/semantics/tuple.k,rule,23,23,,UNREACHABLE_FIXED_SEMANTICS_SENTENCE,Head/construct is absent from the submitted constructor term or is a concrete-only/other-type alternative. It was inventoried and inspected for overlap; it cannot fire on the target proof path.,bd7254bbf1105af77c015d6c37e329774f93ff7da7628dac38536f793e7eaf75
tuple.k:24:df13ef70912b,/reference/reference-semantics/semantics/tuple.k,syntax,24,24,function,UNREACHABLE_FIXED_SEMANTICS_SENTENCE,Head/construct is absent from the submitted constructor term or is a concrete-only/other-type alternative. It was inventoried and inspected for overlap; it cannot fire on the target proof path.,df13ef70912b4ded4f2c2f97e50011c9ef936dff982309cfb623b77d247755d2
tuple.k:25:663f7ddf889d,/reference/reference-semantics/semantics/tuple.k,rule,25,25,,UNREACHABLE_FIXED_SEMANTICS_SENTENCE,Head/construct is absent from the submitted constructor term or is a concrete-only/other-type alternative. It was inventoried and inspected for overlap; it cannot fire on the target proof path.,663f7ddf889dc5c9c1fd12455b160afe66ad15883ae2930da18fb89d423d57ce
tuple.k:26:11dc3e7b5407,/reference/reference-semantics/semantics/tuple.k,rule,26,27,,UNREACHABLE_FIXED_SEMANTICS_SENTENCE,Head/construct is absent from the submitted constructor term or is a concrete-only/other-type alternative. It was inventoried and inspected for overlap; it cannot fire on the target proof path.,11dc3e7b5407cf8290d6db0b5c907d3d24396c53d91de763f2e5262412fc95d2
tuple.k:28:aef9af9e2003,/reference/reference-semantics/semantics/tuple.k,rule,28,30,,UNREACHABLE_FIXED_SEMANTICS_SENTENCE,Head/construct is absent from the submitted constructor term or is a concrete-only/other-type alternative. It was inventoried and inspected for overlap; it cannot fire on the target proof path.,aef9af9e20033b3370e23e53369cc2dcbde9d967ed9a0314e2cb2ef5e5c9a059
tuple.k:31:98b229b9b432,/reference/reference-semantics/semantics/tuple.k,syntax,31,31,,REACHABLE_FIXED_SEMANTICS_SOUND_ON_USED_DOMAIN,"Inspected for matching, guards, overlap, evaluation order, control, allocation, and state footprint; agrees with the submitted program's plain-list/int execution path.",98b229b9b4321ace7e17cbcc2dc0408fe6d1dfad46dffa400d30f3c40ccaad7d
tuple.k:32:c3fab775730b,/reference/reference-semantics/semantics/tuple.k,rule,32,34,,REACHABLE_FIXED_SEMANTICS_SOUND_ON_USED_DOMAIN,"Inspected for matching, guards, overlap, evaluation order, control, allocation, and state footprint; agrees with the submitted program's plain-list/int execution path.",c3fab775730b56fa281ed34cd936ba5a5b472887c8359d897366a7399e4ec366
tuple.k:35:bc76f6241e7d,/reference/reference-semantics/semantics/tuple.k,rule,35,41,priority(40),REACHABLE_FIXED_SEMANTICS_SOUND_ON_USED_DOMAIN,"Inspected for matching, guards, overlap, evaluation order, control, allocation, and state footprint; agrees with the submitted program's plain-list/int execution path.",bc76f6241e7dc38c889bd7385b99c3b84b3c97ab0caccdc38cc73a989f9b5068
tuple.k:42:0d5b4092fa17,/reference/reference-semantics/semantics/tuple.k,rule,42,42,,UNREACHABLE_FIXED_SEMANTICS_SENTENCE,Head/construct is absent from the submitted constructor term or is a concrete-only/other-type alternative. It was inventoried and inspected for overlap; it cannot fire on the target proof path.,0d5b4092fa171333cbf5df6b548b5769cbb17dc4e57757e026b955c62cd7a9f3
tuple.k:43:a816acd68173,/reference/reference-semantics/semantics/tuple.k,rule,43,43,,UNREACHABLE_FIXED_SEMANTICS_SENTENCE,Head/construct is absent from the submitted constructor term or is a concrete-only/other-type alternative. It was inventoried and inspected for overlap; it cannot fire on the target proof path.,a816acd68173f30a351177661e1ba49e2973160662cab9411e1a005ba8fd01c5
tuple.k:44:59e31bc4012c,/reference/reference-semantics/semantics/tuple.k,rule,44,48,priority(40),UNREACHABLE_FIXED_SEMANTICS_SENTENCE,Head/construct is absent from the submitted constructor term or is a concrete-only/other-type alternative. It was inventoried and inspected for overlap; it cannot fire on the target proof path.,59e31bc4012c3b5ce874435d4ab90d2e927d6ef521ec6ed5da59856e7dddbfa8
tuple.k:49:7dbe45ad3aa2,/reference/reference-semantics/semantics/tuple.k,syntax,49,49,,UNREACHABLE_FIXED_SEMANTICS_SENTENCE,Head/construct is absent from the submitted constructor term or is a concrete-only/other-type alternative. It was inventoried and inspected for overlap; it cannot fire on the target proof path.,7dbe45ad3aa2cd3bf8ecd6f3515826ea6cbe564d227a73d51ed9eb4c590411e1
tuple.k:50:3187abeadb72,/reference/reference-semantics/semantics/tuple.k,rule,50,50,,UNREACHABLE_FIXED_SEMANTICS_SENTENCE,Head/construct is absent from the submitted constructor term or is a concrete-only/other-type alternative. It was inventoried and inspected for overlap; it cannot fire on the target proof path.,3187abeadb723949255c0b48fe693a94615b14483be47e07de1b13b7a83b4a5c
tuple.k:51:441a29fab67a,/reference/reference-semantics/semantics/tuple.k,rule,51,51,,UNREACHABLE_FIXED_SEMANTICS_SENTENCE,Head/construct is absent from the submitted constructor term or is a concrete-only/other-type alternative. It was inventoried and inspected for overlap; it cannot fire on the target proof path.,441a29fab67a3f419ca7d4e56794565181965d88658ae3d0aee1955872cc8c5c
tuple.k:52:f7778b444162,/reference/reference-semantics/semantics/tuple.k,rule,52,54,priority(40),UNREACHABLE_FIXED_SEMANTICS_SENTENCE,Head/construct is absent from the submitted constructor term or is a concrete-only/other-type alternative. It was inventoried and inspected for overlap; it cannot fire on the target proof path.,f7778b4441622195b3db508c4c0c2de69955765341598d49a4776dee3790868f
tuple.k:55:d538f44e4a19,/reference/reference-semantics/semantics/tuple.k,rule,55,56,,UNREACHABLE_FIXED_SEMANTICS_SENTENCE,Head/construct is absent from the submitted constructor term or is a concrete-only/other-type alternative. It was inventoried and inspected for overlap; it cannot fire on the target proof path.,d538f44e4a19103a092dbf9a77a9075f2ee785584b073b22709dbccb1d090415
tuple.k:57:2377fb943da1,/reference/reference-semantics/semantics/tuple.k,rule,57,57,,UNREACHABLE_FIXED_SEMANTICS_SENTENCE,Head/construct is absent from the submitted constructor term or is a concrete-only/other-type alternative. It was inventoried and inspected for overlap; it cannot fire on the target proof path.,2377fb943da101e36f2c0d35e43554ee1815fe1b1fe043893a271defc9620fd7
tuple.k:58:4c5df27adc71,/reference/reference-semantics/semantics/tuple.k,endmodule,58,58,,STRUCTURAL_SOURCE_SENTENCE,Require/import/module boundary; no rewrite content.,4c5df27adc717388cee7175c70de02f160d4f9a8e25c48eb0fc23e1968ad13f4
verification.k:1:1c2b9a0599db,/candidate/verification.k,requires,1,2,,CANDIDATE_DECLARATION_OR_MODULE,Local declaration/import only; no operational <k> rewrite or simplification.,1c2b9a0599db3b222eb2fb8233fe3d4a55cced9a6f48ad7da66751161e12d634
verification.k:3:9dda73b03276,/candidate/verification.k,module,3,3,,CANDIDATE_DECLARATION_OR_MODULE,Local declaration/import only; no operational <k> rewrite or simplification.,9dda73b03276745b904150a0076f9ff4fd15320b17685603e1aba2a99a8200b2
verification.k:4:6ae4e1db797b,/candidate/verification.k,imports,4,5,,CANDIDATE_DECLARATION_OR_MODULE,Local declaration/import only; no operational <k> rewrite or simplification.,6ae4e1db797b2c5a9b115b591095b3516869431c6682a05468cf9bfec87aac66
verification.k:6:8b615d3d2c64,/candidate/verification.k,syntax,6,6,function|total,CANDIDATE_DECLARATION_OR_MODULE,Local declaration/import only; no operational <k> rewrite or simplification.,8b615d3d2c648f52220042a74bdfe40c77ff4b157b932a830a766679fe6c7c37
verification.k:7:30f896f4a787,/candidate/verification.k,rule,7,22,,CANDIDATE_EXACT_CONSTRUCTOR_DEFINITION,Expands a name to the submitted statement/body/closure/module term; the independent pinning claim checks constructor identity.,30f896f4a78788a4df1bfd241f27a89c6a07e729eefa54e20e31be5cceb2c6bb
verification.k:23:eebb46287d6b,/candidate/verification.k,syntax,23,23,function|total,CANDIDATE_DECLARATION_OR_MODULE,Local declaration/import only; no operational <k> rewrite or simplification.,eebb46287d6bd1c82685c3ee10abb935d94698c5c2b9e7ed543bca585c42337f
verification.k:24:21093175dbb8,/candidate/verification.k,rule,24,37,,CANDIDATE_EXACT_CONSTRUCTOR_DEFINITION,Expands a name to the submitted statement/body/closure/module term; the independent pinning claim checks constructor identity.,21093175dbb8f2943626cf550979b0da747b2af38d29798aa0321b8a05e4bb0c
verification.k:38:dffae89bb963,/candidate/verification.k,syntax,38,38,function|total,CANDIDATE_DECLARATION_OR_MODULE,Local declaration/import only; no operational <k> rewrite or simplification.,dffae89bb9632d9b7a422463a617e33c0efad779f64e66f1b2b4dd041ba397a6
verification.k:39:7c593d3abb10,/candidate/verification.k,rule,39,43,,CANDIDATE_EXACT_CONSTRUCTOR_DEFINITION,Expands a name to the submitted statement/body/closure/module term; the independent pinning claim checks constructor identity.,7c593d3abb10208b9212ec827fa30fc4ff49f3dfa4acc1d6d12a35777a7a8b39
verification.k:44:ef563bc7a940,/candidate/verification.k,syntax,44,44,function|total,CANDIDATE_DECLARATION_OR_MODULE,Local declaration/import only; no operational <k> rewrite or simplification.,ef563bc7a9403717d0994529119a1a220c4de287ee5d2594fdbde36f302cd976
verification.k:45:10b3747ff64f,/candidate/verification.k,rule,45,54,,CANDIDATE_EXACT_CONSTRUCTOR_DEFINITION,Expands a name to the submitted statement/body/closure/module term; the independent pinning claim checks constructor identity.,10b3747ff64f7edc5c2b2739b560b4381fc410dad54630e3f5c2a3f0a1b3d3de
verification.k:55:8425b19e14db,/candidate/verification.k,syntax,55,55,function|total,CANDIDATE_DECLARATION_OR_MODULE,Local declaration/import only; no operational <k> rewrite or simplification.,8425b19e14db697c7c602d1c23ba62bbf3801a399aa9981af9a1191f4448545a
verification.k:56:6bf57cc70b11,/candidate/verification.k,rule,56,58,,CANDIDATE_TRUE_GUARDED_EQUATION,The pyMod==0 and pyMod=/=0 guards are disjoint and exhaustive; the selected index is Python floor division on the used I>=0 domain.,6bf57cc70b116bf57d62cb53019c3bc3a8afd519690929ee08b6bb00a2334384
verification.k:59:d67c9157105f,/candidate/verification.k,rule,59,61,,CANDIDATE_TRUE_GUARDED_EQUATION,The pyMod==0 and pyMod=/=0 guards are disjoint and exhaustive; the selected index is Python floor division on the used I>=0 domain.,d67c9157105f75b20f186a8416a8374e66a206669477ae93c784de085518a12d
verification.k:62:bc54d84d4aeb,/candidate/verification.k,syntax,62,63,function|total,CANDIDATE_DECLARATION_OR_MODULE,Local declaration/import only; no operational <k> rewrite or simplification.,bc54d84d4aeb9ba5ad4c0b2442c5232d1479809a778d73e49fc01a91f99fcfae
verification.k:64:265d11e00e4f,/candidate/verification.k,rule,64,64,,CANDIDATE_TRUE_STRUCTURAL_DEFINITION,"Base/constructor equations are disjoint, structurally descending, and define only the mathematical result summary.",265d11e00e4fbf524925232abb23c7127d163ff9a4a0fb40c8dd70453168070e
verification.k:65:48d8e0a8b825,/candidate/verification.k,rule,65,74,,CANDIDATE_TRUE_STRUCTURAL_DEFINITION,"Base/constructor equations are disjoint, structurally descending, and define only the mathematical result summary.",48d8e0a8b82574ed851e8ab7b2c422bde84aba1f278d3e73a9ee43b27ebff908
verification.k:75:32301b944227,/candidate/verification.k,syntax,75,75,function|total,CANDIDATE_DECLARATION_OR_MODULE,Local declaration/import only; no operational <k> rewrite or simplification.,32301b944227a5c2ebfdf087bf3c23039cce622e5af15d3411f17aa5839fce67
verification.k:76:5003da3d7156,/candidate/verification.k,rule,76,76,,CANDIDATE_TRUE_STRUCTURAL_DEFINITION,"Base/constructor equations are disjoint, structurally descending, and define only the mathematical result summary.",5003da3d7156c8d67318d1d506c428d29a27f6057012a2b10ef5b4a0bc66f7a0
verification.k:77:7b6f7fc609a2,/candidate/verification.k,rule,77,79,,CANDIDATE_TRUE_STRUCTURAL_DEFINITION,"Base/constructor equations are disjoint, structurally descending, and define only the mathematical result summary.",7b6f7fc609a2303132cffc76dbf0fb13227389bda8ad1906153b016750d88a66
verification.k:80:a0aca2f1d8a4,/candidate/verification.k,syntax,80,80,function|total,CANDIDATE_DECLARATION_OR_MODULE,Local declaration/import only; no operational <k> rewrite or simplification.,a0aca2f1d8a4e182998bedd765d9c401dc5e9e262d51f487dbe411e2526cc905
verification.k:81:784a582d08c3,/candidate/verification.k,rule,81,86,,CANDIDATE_TRUE_STRUCTURAL_DEFINITION,"Base/constructor equations are disjoint, structurally descending, and define only the mathematical result summary.",784a582d08c3bf5c89efdcf597adcf9e84c7d8e69114ac1324c993790561826b
verification.k:87:4c5df27adc71,/candidate/verification.k,endmodule,87,87,,CANDIDATE_DECLARATION_OR_MODULE,Local declaration/import only; no operational <k> rewrite or simplification.,4c5df27adc717388cee7175c70de02f160d4f9a8e25c48eb0fc23e1968ad13f4
spec.k:1:570d3928c063,/candidate/spec.k,requires,1,2,,SPEC_STRUCTURE,Spec require/import/module boundary.,570d3928c063038a6634bd975a1bbfddbc2f4b3918c5f0bb9b2c8356310bfcd2
spec.k:3:c6567408bb5c,/candidate/spec.k,module,3,3,,SPEC_STRUCTURE,Spec require/import/module boundary.,c6567408bb5c38e7013f6daa38b909379d4edf5653f933dc6606de6284e37144
spec.k:4:c9ea3dd45f20,/candidate/spec.k,imports,4,8,,SPEC_STRUCTURE,Spec require/import/module boundary.,c9ea3dd45f204446d73a7c80562ae112680efac12dabb8fbabe9fe20dfbe5ec4
spec.k:9:fee3d9637066,/candidate/spec.k,claim,9,38,label(sort-third-loop),PROOF_OBLIGATION,"Reachability claim, not an assumed equation; reconstructed by kprove.",fee3d96370668007405d31c5866de31b76f78e3e2a68b20e33e66a9694ac2aa4
spec.k:39:769658c5d508,/candidate/spec.k,claim,39,65,label(sort-third-correct),PROOF_OBLIGATION,"Reachability claim, not an assumed equation; reconstructed by kprove.",769658c5d508bccd95a0a4f39b73382d265a9c8d4981b435c61f3f06eda62be0
spec.k:66:4c5df27adc71,/candidate/spec.k,endmodule,66,66,,SPEC_STRUCTURE,Spec require/import/module boundary.,4c5df27adc717388cee7175c70de02f160d4f9a8e25c48eb0fc23e1968ad13f4
