id	file	start_line	end_line	kind	attributes	reachable_path	disposition	first_line_json
K0001	/reference/reference-semantics/semantics.k	34	34	requires	-	yes	FIXED_SUPPLIED_SEMANTICS_USED_AND_REVIEWED_SOUND_ON_MATCH_DOMAIN	"""requires \""semantics/syntax.k\"""""
K0002	/reference/reference-semantics/semantics.k	35	35	requires	-	yes	FIXED_SUPPLIED_SEMANTICS_USED_AND_REVIEWED_SOUND_ON_MATCH_DOMAIN	"""requires \""semantics/core.k\"""""
K0003	/reference/reference-semantics/semantics.k	36	36	requires	-	yes	FIXED_SUPPLIED_SEMANTICS_USED_AND_REVIEWED_SOUND_ON_MATCH_DOMAIN	"""requires \""semantics/iter.k\"""""
K0004	/reference/reference-semantics/semantics.k	37	37	requires	-	yes	FIXED_SUPPLIED_SEMANTICS_USED_AND_REVIEWED_SOUND_ON_MATCH_DOMAIN	"""requires \""semantics/range.k\"""""
K0005	/reference/reference-semantics/semantics.k	38	38	requires	-	yes	FIXED_SUPPLIED_SEMANTICS_USED_AND_REVIEWED_SOUND_ON_MATCH_DOMAIN	"""requires \""semantics/operators.k\"""""
K0006	/reference/reference-semantics/semantics.k	39	39	requires	-	yes	FIXED_SUPPLIED_SEMANTICS_USED_AND_REVIEWED_SOUND_ON_MATCH_DOMAIN	"""requires \""semantics/int.k\"""""
K0007	/reference/reference-semantics/semantics.k	40	40	requires	-	yes	FIXED_SUPPLIED_SEMANTICS_USED_AND_REVIEWED_SOUND_ON_MATCH_DOMAIN	"""requires \""semantics/bool.k\"""""
K0008	/reference/reference-semantics/semantics.k	41	41	requires	-	yes	FIXED_SUPPLIED_SEMANTICS_USED_AND_REVIEWED_SOUND_ON_MATCH_DOMAIN	"""requires \""semantics/float.k\"""""
K0009	/reference/reference-semantics/semantics.k	42	42	requires	-	yes	FIXED_SUPPLIED_SEMANTICS_USED_AND_REVIEWED_SOUND_ON_MATCH_DOMAIN	"""requires \""semantics/str.k\"""""
K0010	/reference/reference-semantics/semantics.k	43	43	requires	-	yes	FIXED_SUPPLIED_SEMANTICS_USED_AND_REVIEWED_SOUND_ON_MATCH_DOMAIN	"""requires \""semantics/set.k\"""""
K0011	/reference/reference-semantics/semantics.k	44	44	requires	-	yes	FIXED_SUPPLIED_SEMANTICS_USED_AND_REVIEWED_SOUND_ON_MATCH_DOMAIN	"""requires \""semantics/list.k\"""""
K0012	/reference/reference-semantics/semantics.k	45	45	requires	-	yes	FIXED_SUPPLIED_SEMANTICS_USED_AND_REVIEWED_SOUND_ON_MATCH_DOMAIN	"""requires \""semantics/tuple.k\"""""
K0013	/reference/reference-semantics/semantics.k	46	46	requires	-	yes	FIXED_SUPPLIED_SEMANTICS_USED_AND_REVIEWED_SOUND_ON_MATCH_DOMAIN	"""requires \""semantics/subscript.k\"""""
K0014	/reference/reference-semantics/semantics.k	47	47	requires	-	yes	FIXED_SUPPLIED_SEMANTICS_USED_AND_REVIEWED_SOUND_ON_MATCH_DOMAIN	"""requires \""semantics/comprehension.k\"""""
K0015	/reference/reference-semantics/semantics.k	48	48	requires	-	yes	FIXED_SUPPLIED_SEMANTICS_USED_AND_REVIEWED_SOUND_ON_MATCH_DOMAIN	"""requires \""semantics/methods.k\"""""
K0016	/reference/reference-semantics/semantics.k	49	49	requires	-	yes	FIXED_SUPPLIED_SEMANTICS_USED_AND_REVIEWED_SOUND_ON_MATCH_DOMAIN	"""requires \""semantics/controls.k\"""""
K0017	/reference/reference-semantics/semantics.k	50	50	requires	-	yes	FIXED_SUPPLIED_SEMANTICS_USED_AND_REVIEWED_SOUND_ON_MATCH_DOMAIN	"""requires \""semantics/functions.k\"""""
K0018	/reference/reference-semantics/semantics.k	51	51	requires	-	yes	FIXED_SUPPLIED_SEMANTICS_USED_AND_REVIEWED_SOUND_ON_MATCH_DOMAIN	"""requires \""semantics/builtins.k\"""""
K0019	/reference/reference-semantics/semantics.k	52	52	requires	-	yes	FIXED_SUPPLIED_SEMANTICS_USED_AND_REVIEWED_SOUND_ON_MATCH_DOMAIN	"""requires \""semantics/call.k\"""""
K0020	/reference/reference-semantics/semantics.k	53	53	requires	-	yes	FIXED_SUPPLIED_SEMANTICS_USED_AND_REVIEWED_SOUND_ON_MATCH_DOMAIN	"""requires \""semantics/sort.k\"""""
K0021	/reference/reference-semantics/semantics.k	54	54	requires	-	yes	FIXED_SUPPLIED_SEMANTICS_USED_AND_REVIEWED_SOUND_ON_MATCH_DOMAIN	"""requires \""semantics/assert.k\"""""
K0022	/reference/reference-semantics/semantics.k	55	55	requires	-	yes	FIXED_SUPPLIED_SEMANTICS_USED_AND_REVIEWED_SOUND_ON_MATCH_DOMAIN	"""requires \""semantics/dict.k\"""""
K0023	/reference/reference-semantics/semantics.k	56	56	requires	-	yes	FIXED_SUPPLIED_SEMANTICS_USED_AND_REVIEWED_SOUND_ON_MATCH_DOMAIN	"""requires \""semantics/concrete.k\"""""
K0024	/reference/reference-semantics/semantics.k	58	58	module	-	yes	FIXED_SUPPLIED_SEMANTICS_USED_AND_REVIEWED_SOUND_ON_MATCH_DOMAIN	"""module MPY"""
K0025	/reference/reference-semantics/semantics.k	59	59	imports	-	yes	FIXED_SUPPLIED_SEMANTICS_USED_AND_REVIEWED_SOUND_ON_MATCH_DOMAIN	"""imports MPY-CORE"""
K0026	/reference/reference-semantics/semantics.k	60	60	imports	-	yes	FIXED_SUPPLIED_SEMANTICS_USED_AND_REVIEWED_SOUND_ON_MATCH_DOMAIN	"""imports MPY-ITER"""
K0027	/reference/reference-semantics/semantics.k	61	61	imports	-	yes	FIXED_SUPPLIED_SEMANTICS_USED_AND_REVIEWED_SOUND_ON_MATCH_DOMAIN	"""imports MPY-RANGE"""
K0028	/reference/reference-semantics/semantics.k	62	62	imports	-	yes	FIXED_SUPPLIED_SEMANTICS_USED_AND_REVIEWED_SOUND_ON_MATCH_DOMAIN	"""imports MPY-OPERATORS"""
K0029	/reference/reference-semantics/semantics.k	63	63	imports	-	yes	FIXED_SUPPLIED_SEMANTICS_USED_AND_REVIEWED_SOUND_ON_MATCH_DOMAIN	"""imports MPY-INT"""
K0030	/reference/reference-semantics/semantics.k	64	64	imports	-	yes	FIXED_SUPPLIED_SEMANTICS_USED_AND_REVIEWED_SOUND_ON_MATCH_DOMAIN	"""imports MPY-BOOL"""
K0031	/reference/reference-semantics/semantics.k	65	65	imports	-	yes	FIXED_SUPPLIED_SEMANTICS_USED_AND_REVIEWED_SOUND_ON_MATCH_DOMAIN	"""imports MPY-FLOAT"""
K0032	/reference/reference-semantics/semantics.k	66	66	imports	-	yes	FIXED_SUPPLIED_SEMANTICS_USED_AND_REVIEWED_SOUND_ON_MATCH_DOMAIN	"""imports MPY-STR"""
K0033	/reference/reference-semantics/semantics.k	67	67	imports	-	yes	FIXED_SUPPLIED_SEMANTICS_USED_AND_REVIEWED_SOUND_ON_MATCH_DOMAIN	"""imports MPY-SET"""
K0034	/reference/reference-semantics/semantics.k	68	68	imports	-	yes	FIXED_SUPPLIED_SEMANTICS_USED_AND_REVIEWED_SOUND_ON_MATCH_DOMAIN	"""imports MPY-LIST"""
K0035	/reference/reference-semantics/semantics.k	69	69	imports	-	yes	FIXED_SUPPLIED_SEMANTICS_USED_AND_REVIEWED_SOUND_ON_MATCH_DOMAIN	"""imports MPY-TUPLE"""
K0036	/reference/reference-semantics/semantics.k	70	70	imports	-	yes	FIXED_SUPPLIED_SEMANTICS_USED_AND_REVIEWED_SOUND_ON_MATCH_DOMAIN	"""imports MPY-SUBSCRIPT"""
K0037	/reference/reference-semantics/semantics.k	71	71	imports	-	yes	FIXED_SUPPLIED_SEMANTICS_USED_AND_REVIEWED_SOUND_ON_MATCH_DOMAIN	"""imports MPY-COMPREHENSION"""
K0038	/reference/reference-semantics/semantics.k	72	72	imports	-	yes	FIXED_SUPPLIED_SEMANTICS_USED_AND_REVIEWED_SOUND_ON_MATCH_DOMAIN	"""imports MPY-METHODS"""
K0039	/reference/reference-semantics/semantics.k	73	73	imports	-	yes	FIXED_SUPPLIED_SEMANTICS_USED_AND_REVIEWED_SOUND_ON_MATCH_DOMAIN	"""imports MPY-CONTROLS"""
K0040	/reference/reference-semantics/semantics.k	74	74	imports	-	yes	FIXED_SUPPLIED_SEMANTICS_USED_AND_REVIEWED_SOUND_ON_MATCH_DOMAIN	"""imports MPY-FUNCTIONS"""
K0041	/reference/reference-semantics/semantics.k	75	75	imports	-	yes	FIXED_SUPPLIED_SEMANTICS_USED_AND_REVIEWED_SOUND_ON_MATCH_DOMAIN	"""imports MPY-BUILTINS"""
K0042	/reference/reference-semantics/semantics.k	76	76	imports	-	yes	FIXED_SUPPLIED_SEMANTICS_USED_AND_REVIEWED_SOUND_ON_MATCH_DOMAIN	"""imports MPY-CALL"""
K0043	/reference/reference-semantics/semantics.k	77	77	imports	-	yes	FIXED_SUPPLIED_SEMANTICS_USED_AND_REVIEWED_SOUND_ON_MATCH_DOMAIN	"""imports MPY-SORT"""
K0044	/reference/reference-semantics/semantics.k	78	78	imports	-	yes	FIXED_SUPPLIED_SEMANTICS_USED_AND_REVIEWED_SOUND_ON_MATCH_DOMAIN	"""imports MPY-ASSERT"""
K0045	/reference/reference-semantics/semantics.k	79	79	imports	-	yes	FIXED_SUPPLIED_SEMANTICS_USED_AND_REVIEWED_SOUND_ON_MATCH_DOMAIN	"""imports MPY-DICT"""
K0046	/reference/reference-semantics/semantics.k	80	80	endmodule	-	yes	FIXED_SUPPLIED_SEMANTICS_USED_AND_REVIEWED_SOUND_ON_MATCH_DOMAIN	"""endmodule"""
K0047	/reference/reference-semantics/semantics.k	87	87	module	-	yes	FIXED_SUPPLIED_SEMANTICS_USED_AND_REVIEWED_SOUND_ON_MATCH_DOMAIN	"""module MPY-KRUN"""
K0048	/reference/reference-semantics/semantics.k	88	88	imports	-	yes	FIXED_SUPPLIED_SEMANTICS_USED_AND_REVIEWED_SOUND_ON_MATCH_DOMAIN	"""imports MPY"""
K0049	/reference/reference-semantics/semantics.k	89	89	imports	-	yes	FIXED_SUPPLIED_SEMANTICS_USED_AND_REVIEWED_SOUND_ON_MATCH_DOMAIN	"""imports MPY-CONCRETE"""
K0050	/reference/reference-semantics/semantics.k	90	90	endmodule	-	yes	FIXED_SUPPLIED_SEMANTICS_USED_AND_REVIEWED_SOUND_ON_MATCH_DOMAIN	"""endmodule"""
K0051	/reference/reference-semantics/semantics/assert.k	3	3	module	-	no	FIXED_SUPPLIED_DECLARATION_OR_ASSEMBLY_INERT_OR_WELL_FORMED	"""module MPY-ASSERT"""
K0052	/reference/reference-semantics/semantics/assert.k	4	4	imports	-	no	FIXED_SUPPLIED_DECLARATION_OR_ASSEMBLY_INERT_OR_WELL_FORMED	"""imports MPY-CORE"""
K0053	/reference/reference-semantics/semantics/assert.k	6	7	rule	-	no	FIXED_SUPPLIED_RULE_UNREACHABLE_FROM_SUBMITTED_PROGRAM	"""rule <k> Assert(V:Val) => .K ... </k>"""
K0054	/reference/reference-semantics/semantics/assert.k	8	11	rule	-	no	FIXED_SUPPLIED_RULE_UNREACHABLE_FROM_SUBMITTED_PROGRAM	"""rule <k> Assert(V:Val) ~> _ => .K </k>"""
K0055	/reference/reference-semantics/semantics/assert.k	13	15	rule	priority	no	FIXED_SUPPLIED_RULE_UNREACHABLE_FROM_SUBMITTED_PROGRAM	"""rule <k> Assert(ref(H:Int)) => Assert(V) ... </k>"""
K0056	/reference/reference-semantics/semantics/assert.k	16	16	endmodule	-	no	FIXED_SUPPLIED_DECLARATION_OR_ASSEMBLY_INERT_OR_WELL_FORMED	"""endmodule"""
K0057	/reference/reference-semantics/semantics/bool.k	5	5	module	-	no	FIXED_SUPPLIED_DECLARATION_OR_ASSEMBLY_INERT_OR_WELL_FORMED	"""module MPY-BOOL"""
K0058	/reference/reference-semantics/semantics/bool.k	6	6	imports	-	no	FIXED_SUPPLIED_DECLARATION_OR_ASSEMBLY_INERT_OR_WELL_FORMED	"""imports MPY-CORE"""
K0059	/reference/reference-semantics/semantics/bool.k	8	8	rule	-	no	FIXED_SUPPLIED_RULE_UNREACHABLE_FROM_SUBMITTED_PROGRAM	"""rule applyUn(\""not\"", V:Val) => notBool truthy(V)"""
K0060	/reference/reference-semantics/semantics/bool.k	10	10	rule	-	no	FIXED_SUPPLIED_RULE_UNREACHABLE_FROM_SUBMITTED_PROGRAM	"""rule applyCmp(\""==\"", B1:Bool, B2:Bool) => B1 ==Bool B2"""
K0061	/reference/reference-semantics/semantics/bool.k	11	11	rule	-	no	FIXED_SUPPLIED_RULE_UNREACHABLE_FROM_SUBMITTED_PROGRAM	"""rule applyCmp(\""!=\"", B1:Bool, B2:Bool) => B1 =/=Bool B2"""
K0062	/reference/reference-semantics/semantics/bool.k	16	16	context	-	yes	FIXED_SUPPLIED_SEMANTICS_USED_AND_REVIEWED_SOUND_ON_MATCH_DOMAIN	"""context BoolOp(_, (HOLE:Expr, _:Exprs))"""
K0063	/reference/reference-semantics/semantics/bool.k	17	17	rule	-	yes	FIXED_SUPPLIED_SEMANTICS_USED_AND_REVIEWED_SOUND_ON_MATCH_DOMAIN	"""rule <k> BoolOp(_:String, (V:Val, .Exprs)) => V ... </k>"""
K0064	/reference/reference-semantics/semantics/bool.k	18	19	rule	-	yes	FIXED_SUPPLIED_SEMANTICS_USED_AND_REVIEWED_SOUND_ON_MATCH_DOMAIN	"""rule <k> BoolOp(\""and\"", (V:Val, A:Expr, REST:Exprs)) => BoolOp(\""and\"", (A, REST)) ... </k>"""
K0065	/reference/reference-semantics/semantics/bool.k	20	21	rule	-	yes	FIXED_SUPPLIED_SEMANTICS_USED_AND_REVIEWED_SOUND_ON_MATCH_DOMAIN	"""rule <k> BoolOp(\""and\"", (V:Val, _:Expr, _:Exprs)) => V ... </k>"""
K0066	/reference/reference-semantics/semantics/bool.k	22	23	rule	-	yes	FIXED_SUPPLIED_SEMANTICS_USED_AND_REVIEWED_SOUND_ON_MATCH_DOMAIN	"""rule <k> BoolOp(\""or\"",  (V:Val, _:Expr, _:Exprs)) => V ... </k>"""
K0067	/reference/reference-semantics/semantics/bool.k	24	25	rule	-	yes	FIXED_SUPPLIED_SEMANTICS_USED_AND_REVIEWED_SOUND_ON_MATCH_DOMAIN	"""rule <k> BoolOp(\""or\"",  (V:Val, A:Expr, REST:Exprs)) => BoolOp(\""or\"", (A, REST)) ... </k>"""
K0068	/reference/reference-semantics/semantics/bool.k	29	30	rule	priority	yes	FIXED_SUPPLIED_SEMANTICS_USED_AND_REVIEWED_SOUND_ON_MATCH_DOMAIN	"""rule <k> BoolOp(_:String, (ref(H:Int), .Exprs)) => ref(H) ... </k>"""
K0069	/reference/reference-semantics/semantics/bool.k	31	34	rule	priority	yes	FIXED_SUPPLIED_SEMANTICS_USED_AND_REVIEWED_SOUND_ON_MATCH_DOMAIN	"""rule <k> BoolOp(\""and\"", (ref(H:Int), A:Expr, REST:Exprs)) => BoolOp(\""and\"", (A, REST)) ... </k>"""
K0070	/reference/reference-semantics/semantics/bool.k	35	38	rule	priority	yes	FIXED_SUPPLIED_SEMANTICS_USED_AND_REVIEWED_SOUND_ON_MATCH_DOMAIN	"""rule <k> BoolOp(\""and\"", (ref(H:Int), _:Expr, _:Exprs)) => ref(H) ... </k>"""
K0071	/reference/reference-semantics/semantics/bool.k	39	42	rule	priority	yes	FIXED_SUPPLIED_SEMANTICS_USED_AND_REVIEWED_SOUND_ON_MATCH_DOMAIN	"""rule <k> BoolOp(\""or\"", (ref(H:Int), _:Expr, _:Exprs)) => ref(H) ... </k>"""
K0072	/reference/reference-semantics/semantics/bool.k	43	46	rule	priority	yes	FIXED_SUPPLIED_SEMANTICS_USED_AND_REVIEWED_SOUND_ON_MATCH_DOMAIN	"""rule <k> BoolOp(\""or\"", (ref(H:Int), A:Expr, REST:Exprs)) => BoolOp(\""or\"", (A, REST)) ... </k>"""
K0073	/reference/reference-semantics/semantics/bool.k	47	47	endmodule	-	no	FIXED_SUPPLIED_DECLARATION_OR_ASSEMBLY_INERT_OR_WELL_FORMED	"""endmodule"""
K0074	/reference/reference-semantics/semantics/builtins.k	3	3	module	-	no	FIXED_SUPPLIED_DECLARATION_OR_ASSEMBLY_INERT_OR_WELL_FORMED	"""module MPY-BUILTINS"""
K0075	/reference/reference-semantics/semantics/builtins.k	4	4	imports	-	no	FIXED_SUPPLIED_DECLARATION_OR_ASSEMBLY_INERT_OR_WELL_FORMED	"""imports MPY-CORE"""
K0076	/reference/reference-semantics/semantics/builtins.k	5	5	imports	-	no	FIXED_SUPPLIED_DECLARATION_OR_ASSEMBLY_INERT_OR_WELL_FORMED	"""imports MPY-STR"""
K0077	/reference/reference-semantics/semantics/builtins.k	6	6	imports	-	no	FIXED_SUPPLIED_DECLARATION_OR_ASSEMBLY_INERT_OR_WELL_FORMED	"""imports MPY-SET"""
K0078	/reference/reference-semantics/semantics/builtins.k	7	7	imports	-	no	FIXED_SUPPLIED_DECLARATION_OR_ASSEMBLY_INERT_OR_WELL_FORMED	"""imports MPY-ITER"""
K0079	/reference/reference-semantics/semantics/builtins.k	8	8	imports	-	no	FIXED_SUPPLIED_DECLARATION_OR_ASSEMBLY_INERT_OR_WELL_FORMED	"""imports MPY-RANGE"""
K0080	/reference/reference-semantics/semantics/builtins.k	9	9	imports	-	no	FIXED_SUPPLIED_DECLARATION_OR_ASSEMBLY_INERT_OR_WELL_FORMED	"""imports MPY-INT"""
K0081	/reference/reference-semantics/semantics/builtins.k	10	10	imports	-	no	FIXED_SUPPLIED_DECLARATION_OR_ASSEMBLY_INERT_OR_WELL_FORMED	"""imports MPY-METHODS"""
K0082	/reference/reference-semantics/semantics/builtins.k	17	17	syntax	function	no	FIXED_SUPPLIED_DECLARATION_OR_ASSEMBLY_INERT_OR_WELL_FORMED	"""syntax Val ::= applyBuiltin(String, Vals) [function]"""
K0083	/reference/reference-semantics/semantics/builtins.k	20	20	syntax	function	no	FIXED_SUPPLIED_DECLARATION_OR_ASSEMBLY_INERT_OR_WELL_FORMED	"""syntax Int ::= seqLen(Val) [function]"""
K0084	/reference/reference-semantics/semantics/builtins.k	21	21	rule	-	no	FIXED_SUPPLIED_RULE_UNREACHABLE_FROM_SUBMITTED_PROGRAM	"""rule applyBuiltin(\""len\"", OBJ:Val, .Vals) => seqLen(OBJ)"""
K0085	/reference/reference-semantics/semantics/builtins.k	22	22	rule	-	no	FIXED_SUPPLIED_RULE_UNREACHABLE_FROM_SUBMITTED_PROGRAM	"""rule seqLen(list(VS:ValSeq))                  => vsLen(VS)"""
K0086	/reference/reference-semantics/semantics/builtins.k	23	23	rule	-	no	FIXED_SUPPLIED_RULE_UNREACHABLE_FROM_SUBMITTED_PROGRAM	"""rule seqLen(tuple(VS:ValSeq))                 => vsLen(VS)"""
K0087	/reference/reference-semantics/semantics/builtins.k	24	24	rule	-	no	FIXED_SUPPLIED_RULE_UNREACHABLE_FROM_SUBMITTED_PROGRAM	"""rule seqLen(str(IS:IntSeq))                   => isLen(IS)"""
K0088	/reference/reference-semantics/semantics/builtins.k	25	25	rule	-	no	FIXED_SUPPLIED_RULE_UNREACHABLE_FROM_SUBMITTED_PROGRAM	"""rule seqLen(setV(DS:IntSeq))                  => isLen(DS)"""
K0089	/reference/reference-semantics/semantics/builtins.k	26	26	rule	-	no	FIXED_SUPPLIED_RULE_UNREACHABLE_FROM_SUBMITTED_PROGRAM	"""rule seqLen(rangeObj(LO:Int, HI:Int, ST:Int)) => rangeLen(LO, HI, ST)"""
K0090	/reference/reference-semantics/semantics/builtins.k	32	32	rule	-	no	FIXED_SUPPLIED_RULE_UNREACHABLE_FROM_SUBMITTED_PROGRAM	"""rule <k> #applyK(toCall(builtinV(\""list\"")), (list(VS:ValSeq),  .Vals)) => #alloc(list(VS)) ... </k>"""
K0091	/reference/reference-semantics/semantics/builtins.k	33	33	rule	-	no	FIXED_SUPPLIED_RULE_UNREACHABLE_FROM_SUBMITTED_PROGRAM	"""rule <k> #applyK(toCall(builtinV(\""list\"")), (tuple(VS:ValSeq), .Vals)) => #alloc(list(VS)) ... </k>"""
K0092	/reference/reference-semantics/semantics/builtins.k	34	34	rule	-	no	FIXED_SUPPLIED_RULE_UNREACHABLE_FROM_SUBMITTED_PROGRAM	"""rule <k> #applyK(toCall(builtinV(\""list\"")), .Vals)                     => #alloc(list(.ValSeq)) ... </k>"""
K0093	/reference/reference-semantics/semantics/builtins.k	35	35	rule	-	no	FIXED_SUPPLIED_RULE_UNREACHABLE_FROM_SUBMITTED_PROGRAM	"""rule <k> #applyK(toCall(builtinV(\""list\"")), (str(CS:IntSeq), .Vals))   => #alloc(list(charsOf(CS))) ... </k>"""
K0094	/reference/reference-semantics/semantics/builtins.k	36	36	syntax	function,total	no	FIXED_SUPPLIED_DECLARATION_OR_ASSEMBLY_INERT_OR_WELL_FORMED	"""syntax ValSeq ::= charsOf(IntSeq) [function, total]"""
K0095	/reference/reference-semantics/semantics/builtins.k	37	37	rule	-	no	FIXED_SUPPLIED_RULE_UNREACHABLE_FROM_SUBMITTED_PROGRAM	"""rule charsOf(.IntSeq)                => .ValSeq"""
K0096	/reference/reference-semantics/semantics/builtins.k	38	38	rule	-	no	FIXED_SUPPLIED_RULE_UNREACHABLE_FROM_SUBMITTED_PROGRAM	"""rule charsOf(iCons(C:Int, R:IntSeq)) => vCons(str(iCons(C, .IntSeq)), charsOf(R))"""
K0097	/reference/reference-semantics/semantics/builtins.k	41	41	rule	-	no	FIXED_SUPPLIED_RULE_UNREACHABLE_FROM_SUBMITTED_PROGRAM	"""rule applyBuiltin(\""set\"", str(CS:IntSeq), .Vals) => setV(dedupCodes(CS))"""
K0098	/reference/reference-semantics/semantics/builtins.k	44	44	rule	-	no	FIXED_SUPPLIED_RULE_UNREACHABLE_FROM_SUBMITTED_PROGRAM	"""rule applyBuiltin(\""abs\"", I:Int, .Vals) => absInt(I)"""
K0099	/reference/reference-semantics/semantics/builtins.k	47	47	syntax	-	no	FIXED_SUPPLIED_DECLARATION_OR_ASSEMBLY_INERT_OR_WELL_FORMED	"""syntax KItem ::= #sumAcc(Iterable, Int) | #sumCont(Int)"""
K0100	/reference/reference-semantics/semantics/builtins.k	48	48	rule	-	no	FIXED_SUPPLIED_RULE_UNREACHABLE_FROM_SUBMITTED_PROGRAM	"""rule <k> #sumAcc(IT:Iterable, ACC:Int) => #iterNext(IT) ~> #sumCont(ACC) ... </k>"""
K0101	/reference/reference-semantics/semantics/builtins.k	49	49	rule	-	no	FIXED_SUPPLIED_RULE_UNREACHABLE_FROM_SUBMITTED_PROGRAM	"""rule <k> #iterDone ~> #sumCont(ACC:Int) => ACC ... </k>"""
K0102	/reference/reference-semantics/semantics/builtins.k	50	52	rule	-	no	FIXED_SUPPLIED_RULE_UNREACHABLE_FROM_SUBMITTED_PROGRAM	"""rule <k> #iterYield(V:Val, R:Iterable) ~> #sumCont(ACC:Int)"""
K0103	/reference/reference-semantics/semantics/builtins.k	54	54	syntax	function	no	FIXED_SUPPLIED_DECLARATION_OR_ASSEMBLY_INERT_OR_WELL_FORMED	"""syntax Int ::= intOf(Val) [function]"""
K0104	/reference/reference-semantics/semantics/builtins.k	55	55	rule	-	no	FIXED_SUPPLIED_RULE_UNREACHABLE_FROM_SUBMITTED_PROGRAM	"""rule intOf(I:Int)  => I"""
K0105	/reference/reference-semantics/semantics/builtins.k	56	56	rule	-	no	FIXED_SUPPLIED_RULE_UNREACHABLE_FROM_SUBMITTED_PROGRAM	"""rule intOf(B:Bool) => #if B #then 1 #else 0 #fi"""
K0106	/reference/reference-semantics/semantics/builtins.k	59	59	syntax	-	no	FIXED_SUPPLIED_DECLARATION_OR_ASSEMBLY_INERT_OR_WELL_FORMED	"""syntax KItem ::= #allAcc(Iterable) | \""#allCont\"""""
K0107	/reference/reference-semantics/semantics/builtins.k	60	60	rule	-	no	FIXED_SUPPLIED_RULE_UNREACHABLE_FROM_SUBMITTED_PROGRAM	"""rule <k> #allAcc(IT:Iterable) => #iterNext(IT) ~> #allCont ... </k>"""
K0108	/reference/reference-semantics/semantics/builtins.k	61	61	rule	-	no	FIXED_SUPPLIED_RULE_UNREACHABLE_FROM_SUBMITTED_PROGRAM	"""rule <k> #iterDone ~> #allCont => true ... </k>"""
K0109	/reference/reference-semantics/semantics/builtins.k	62	63	rule	-	no	FIXED_SUPPLIED_RULE_UNREACHABLE_FROM_SUBMITTED_PROGRAM	"""rule <k> #iterYield(V:Val, R:Iterable) ~> #allCont => #allAcc(R) ... </k>"""
K0110	/reference/reference-semantics/semantics/builtins.k	64	65	rule	-	no	FIXED_SUPPLIED_RULE_UNREACHABLE_FROM_SUBMITTED_PROGRAM	"""rule <k> #iterYield(V:Val, _:Iterable) ~> #allCont => false ... </k>"""
K0111	/reference/reference-semantics/semantics/builtins.k	67	67	syntax	-	no	FIXED_SUPPLIED_DECLARATION_OR_ASSEMBLY_INERT_OR_WELL_FORMED	"""syntax KItem ::= #anyAcc(Iterable) | \""#anyCont\"""""
K0112	/reference/reference-semantics/semantics/builtins.k	68	68	rule	-	no	FIXED_SUPPLIED_RULE_UNREACHABLE_FROM_SUBMITTED_PROGRAM	"""rule <k> #anyAcc(IT:Iterable) => #iterNext(IT) ~> #anyCont ... </k>"""
K0113	/reference/reference-semantics/semantics/builtins.k	69	69	rule	-	no	FIXED_SUPPLIED_RULE_UNREACHABLE_FROM_SUBMITTED_PROGRAM	"""rule <k> #iterDone ~> #anyCont => false ... </k>"""
K0114	/reference/reference-semantics/semantics/builtins.k	70	71	rule	-	no	FIXED_SUPPLIED_RULE_UNREACHABLE_FROM_SUBMITTED_PROGRAM	"""rule <k> #iterYield(V:Val, _:Iterable) ~> #anyCont => true ... </k>"""
K0115	/reference/reference-semantics/semantics/builtins.k	72	73	rule	-	no	FIXED_SUPPLIED_RULE_UNREACHABLE_FROM_SUBMITTED_PROGRAM	"""rule <k> #iterYield(V:Val, R:Iterable) ~> #anyCont => #anyAcc(R) ... </k>"""
K0116	/reference/reference-semantics/semantics/builtins.k	76	76	syntax	-	no	FIXED_SUPPLIED_DECLARATION_OR_ASSEMBLY_INERT_OR_WELL_FORMED	"""syntax KItem ::= #maxAcc0(Iterable) | \""#maxCont0\"" | #maxAcc(Iterable, Int) | #maxCont(Int)"""
K0117	/reference/reference-semantics/semantics/builtins.k	77	77	rule	-	no	FIXED_SUPPLIED_RULE_UNREACHABLE_FROM_SUBMITTED_PROGRAM	"""rule <k> #maxAcc0(IT:Iterable) => #iterNext(IT) ~> #maxCont0 ... </k>"""
K0118	/reference/reference-semantics/semantics/builtins.k	78	79	rule	-	no	FIXED_SUPPLIED_RULE_UNREACHABLE_FROM_SUBMITTED_PROGRAM	"""rule <k> #iterYield(V:Val, R:Iterable) ~> #maxCont0 => #maxAcc(R, {V}:>Int) ... </k>"""
K0119	/reference/reference-semantics/semantics/builtins.k	80	80	rule	-	no	FIXED_SUPPLIED_RULE_UNREACHABLE_FROM_SUBMITTED_PROGRAM	"""rule <k> #maxAcc(IT:Iterable, M:Int) => #iterNext(IT) ~> #maxCont(M) ... </k>"""
K0120	/reference/reference-semantics/semantics/builtins.k	81	81	rule	-	no	FIXED_SUPPLIED_RULE_UNREACHABLE_FROM_SUBMITTED_PROGRAM	"""rule <k> #iterDone ~> #maxCont(M:Int) => M ... </k>"""
K0121	/reference/reference-semantics/semantics/builtins.k	82	84	rule	-	no	FIXED_SUPPLIED_RULE_UNREACHABLE_FROM_SUBMITTED_PROGRAM	"""rule <k> #iterYield(V:Val, R:Iterable) ~> #maxCont(M:Int)"""
K0122	/reference/reference-semantics/semantics/builtins.k	86	86	syntax	-	no	FIXED_SUPPLIED_DECLARATION_OR_ASSEMBLY_INERT_OR_WELL_FORMED	"""syntax KItem ::= #minAcc0(Iterable) | \""#minCont0\"" | #minAcc(Iterable, Int) | #minCont(Int)"""
K0123	/reference/reference-semantics/semantics/builtins.k	87	87	rule	-	no	FIXED_SUPPLIED_RULE_UNREACHABLE_FROM_SUBMITTED_PROGRAM	"""rule <k> #minAcc0(IT:Iterable) => #iterNext(IT) ~> #minCont0 ... </k>"""
K0124	/reference/reference-semantics/semantics/builtins.k	88	89	rule	-	no	FIXED_SUPPLIED_RULE_UNREACHABLE_FROM_SUBMITTED_PROGRAM	"""rule <k> #iterYield(V:Val, R:Iterable) ~> #minCont0 => #minAcc(R, {V}:>Int) ... </k>"""
K0125	/reference/reference-semantics/semantics/builtins.k	90	90	rule	-	no	FIXED_SUPPLIED_RULE_UNREACHABLE_FROM_SUBMITTED_PROGRAM	"""rule <k> #minAcc(IT:Iterable, M:Int) => #iterNext(IT) ~> #minCont(M) ... </k>"""
K0126	/reference/reference-semantics/semantics/builtins.k	91	91	rule	-	no	FIXED_SUPPLIED_RULE_UNREACHABLE_FROM_SUBMITTED_PROGRAM	"""rule <k> #iterDone ~> #minCont(M:Int) => M ... </k>"""
K0127	/reference/reference-semantics/semantics/builtins.k	92	94	rule	-	no	FIXED_SUPPLIED_RULE_UNREACHABLE_FROM_SUBMITTED_PROGRAM	"""rule <k> #iterYield(V:Val, R:Iterable) ~> #minCont(M:Int)"""
K0128	/reference/reference-semantics/semantics/builtins.k	97	97	syntax	function	no	FIXED_SUPPLIED_DECLARATION_OR_ASSEMBLY_INERT_OR_WELL_FORMED	"""syntax Int ::= maxVals(Int, Vals) [function]"""
K0129	/reference/reference-semantics/semantics/builtins.k	98	98	rule	-	no	FIXED_SUPPLIED_RULE_UNREACHABLE_FROM_SUBMITTED_PROGRAM	"""rule applyBuiltin(\""max\"", I:Int, REST:Vals) => maxVals(I, REST)"""
K0130	/reference/reference-semantics/semantics/builtins.k	99	99	rule	-	no	FIXED_SUPPLIED_RULE_UNREACHABLE_FROM_SUBMITTED_PROGRAM	"""rule maxVals(M:Int, .Vals)           => M"""
K0131	/reference/reference-semantics/semantics/builtins.k	100	100	rule	-	no	FIXED_SUPPLIED_RULE_UNREACHABLE_FROM_SUBMITTED_PROGRAM	"""rule maxVals(M:Int, (I:Int, R:Vals)) => maxVals(maxInt(M, I), R)"""
K0132	/reference/reference-semantics/semantics/builtins.k	102	102	syntax	function	no	FIXED_SUPPLIED_DECLARATION_OR_ASSEMBLY_INERT_OR_WELL_FORMED	"""syntax Int ::= minVals(Int, Vals) [function]"""
K0133	/reference/reference-semantics/semantics/builtins.k	103	103	rule	-	no	FIXED_SUPPLIED_RULE_UNREACHABLE_FROM_SUBMITTED_PROGRAM	"""rule applyBuiltin(\""min\"", I:Int, REST:Vals) => minVals(I, REST)"""
K0134	/reference/reference-semantics/semantics/builtins.k	104	104	rule	-	no	FIXED_SUPPLIED_RULE_UNREACHABLE_FROM_SUBMITTED_PROGRAM	"""rule minVals(M:Int, .Vals)           => M"""
K0135	/reference/reference-semantics/semantics/builtins.k	105	105	rule	-	no	FIXED_SUPPLIED_RULE_UNREACHABLE_FROM_SUBMITTED_PROGRAM	"""rule minVals(M:Int, (I:Int, R:Vals)) => minVals(minInt(M, I), R)"""
K0136	/reference/reference-semantics/semantics/builtins.k	108	109	rule	-	no	FIXED_SUPPLIED_RULE_UNREACHABLE_FROM_SUBMITTED_PROGRAM	"""rule applyBuiltin(\""bin\"", N:Int, .Vals) => str(iCons(48, iCons(98, binCodes(N))))"""
K0137	/reference/reference-semantics/semantics/builtins.k	111	113	rule	-	no	FIXED_SUPPLIED_RULE_UNREACHABLE_FROM_SUBMITTED_PROGRAM	"""rule applyBuiltin(\""bin\"", N:Int, .Vals)"""
K0138	/reference/reference-semantics/semantics/builtins.k	114	114	syntax	function,total	no	FIXED_SUPPLIED_DECLARATION_OR_ASSEMBLY_INERT_OR_WELL_FORMED	"""syntax IntSeq ::= binCodes(Int) [function, total]"""
K0139	/reference/reference-semantics/semantics/builtins.k	115	115	rule	-	no	FIXED_SUPPLIED_RULE_UNREACHABLE_FROM_SUBMITTED_PROGRAM	"""rule binCodes(0) => iCons(48, .IntSeq)"""
K0140	/reference/reference-semantics/semantics/builtins.k	116	116	rule	-	no	FIXED_SUPPLIED_RULE_UNREACHABLE_FROM_SUBMITTED_PROGRAM	"""rule binCodes(N:Int) => binAcc(N, .IntSeq) requires N >Int 0"""
K0141	/reference/reference-semantics/semantics/builtins.k	117	117	syntax	function,total	no	FIXED_SUPPLIED_DECLARATION_OR_ASSEMBLY_INERT_OR_WELL_FORMED	"""syntax IntSeq ::= binAcc(Int, IntSeq) [function, total]"""
K0142	/reference/reference-semantics/semantics/builtins.k	118	118	rule	-	no	FIXED_SUPPLIED_RULE_UNREACHABLE_FROM_SUBMITTED_PROGRAM	"""rule binAcc(0, ACC:IntSeq) => ACC"""
K0143	/reference/reference-semantics/semantics/builtins.k	119	121	rule	-	no	FIXED_SUPPLIED_RULE_UNREACHABLE_FROM_SUBMITTED_PROGRAM	"""rule binAcc(N:Int, ACC:IntSeq)"""
K0144	/reference/reference-semantics/semantics/builtins.k	124	125	rule	-	no	FIXED_SUPPLIED_RULE_UNREACHABLE_FROM_SUBMITTED_PROGRAM	"""rule <k> #applyK(toCall(builtinV(\""enumerate\"")), (list(VS:ValSeq), .Vals))"""
K0145	/reference/reference-semantics/semantics/builtins.k	126	126	syntax	function,total	no	FIXED_SUPPLIED_DECLARATION_OR_ASSEMBLY_INERT_OR_WELL_FORMED	"""syntax ValSeq ::= enumVS(ValSeq, Int) [function, total]"""
K0146	/reference/reference-semantics/semantics/builtins.k	127	127	rule	-	no	FIXED_SUPPLIED_RULE_UNREACHABLE_FROM_SUBMITTED_PROGRAM	"""rule enumVS(.ValSeq, _:Int) => .ValSeq"""
K0147	/reference/reference-semantics/semantics/builtins.k	128	129	rule	-	no	FIXED_SUPPLIED_RULE_UNREACHABLE_FROM_SUBMITTED_PROGRAM	"""rule enumVS(vCons(V:Val, R:ValSeq), I:Int)"""
K0148	/reference/reference-semantics/semantics/builtins.k	132	133	rule	-	no	FIXED_SUPPLIED_RULE_UNREACHABLE_FROM_SUBMITTED_PROGRAM	"""rule <k> #applyK(toCall(builtinV(\""map\"")), (typeV(\""str\""), list(VS:ValSeq), .Vals))"""
K0149	/reference/reference-semantics/semantics/builtins.k	134	134	syntax	function,total	no	FIXED_SUPPLIED_DECLARATION_OR_ASSEMBLY_INERT_OR_WELL_FORMED	"""syntax ValSeq ::= mapStrVS(ValSeq) [function, total]"""
K0150	/reference/reference-semantics/semantics/builtins.k	135	135	rule	-	no	FIXED_SUPPLIED_RULE_UNREACHABLE_FROM_SUBMITTED_PROGRAM	"""rule mapStrVS(.ValSeq) => .ValSeq"""
K0151	/reference/reference-semantics/semantics/builtins.k	136	136	rule	-	no	FIXED_SUPPLIED_RULE_UNREACHABLE_FROM_SUBMITTED_PROGRAM	"""rule mapStrVS(vCons(I:Int, R:ValSeq)) => vCons(str(strToCodes(Int2String(I))), mapStrVS(R))"""
K0152	/reference/reference-semantics/semantics/builtins.k	137	137	rule	-	no	FIXED_SUPPLIED_RULE_UNREACHABLE_FROM_SUBMITTED_PROGRAM	"""rule mapStrVS(vCons(str(CS:IntSeq), R:ValSeq)) => vCons(str(CS), mapStrVS(R))"""
K0153	/reference/reference-semantics/semantics/builtins.k	140	140	rule	-	no	FIXED_SUPPLIED_RULE_UNREACHABLE_FROM_SUBMITTED_PROGRAM	"""rule applyBuiltin(\""int\"", I:Int, .Vals) => I"""
K0154	/reference/reference-semantics/semantics/builtins.k	143	143	rule	-	no	FIXED_SUPPLIED_RULE_UNREACHABLE_FROM_SUBMITTED_PROGRAM	"""rule applyBuiltin(\""ord\"", str(iCons(C:Int, .IntSeq)), .Vals) => C"""
K0155	/reference/reference-semantics/semantics/builtins.k	144	145	rule	-	no	FIXED_SUPPLIED_RULE_UNREACHABLE_FROM_SUBMITTED_PROGRAM	"""rule applyBuiltin(\""chr\"", I:Int, .Vals) => str(iCons(I, .IntSeq))"""
K0156	/reference/reference-semantics/semantics/builtins.k	148	148	rule	-	no	FIXED_SUPPLIED_RULE_UNREACHABLE_FROM_SUBMITTED_PROGRAM	"""rule applyBuiltin(\""str\"", I:Int, .Vals)       => str(strToCodes(Int2String(I)))"""
K0157	/reference/reference-semantics/semantics/builtins.k	149	149	rule	-	no	FIXED_SUPPLIED_RULE_UNREACHABLE_FROM_SUBMITTED_PROGRAM	"""rule applyBuiltin(\""str\"", str(CS:IntSeq), .Vals) => str(CS)"""
K0158	/reference/reference-semantics/semantics/builtins.k	152	153	rule	-	no	FIXED_SUPPLIED_RULE_UNREACHABLE_FROM_SUBMITTED_PROGRAM	"""rule applyBuiltin(\""int\"", str(iCons(C:Int, .IntSeq)), .Vals) => C -Int 48"""
K0159	/reference/reference-semantics/semantics/builtins.k	156	157	rule	-	no	FIXED_SUPPLIED_RULE_UNREACHABLE_FROM_SUBMITTED_PROGRAM	"""rule applyBuiltin(\""int\"", str(CS:IntSeq), .Vals) => intDigAcc(CS, 0)"""
K0160	/reference/reference-semantics/semantics/builtins.k	158	158	syntax	function,total	no	FIXED_SUPPLIED_DECLARATION_OR_ASSEMBLY_INERT_OR_WELL_FORMED	"""syntax Int ::= intDigAcc(IntSeq, Int) [function, total]"""
K0161	/reference/reference-semantics/semantics/builtins.k	159	159	rule	-	no	FIXED_SUPPLIED_RULE_UNREACHABLE_FROM_SUBMITTED_PROGRAM	"""rule intDigAcc(.IntSeq, ACC:Int)             => ACC"""
K0162	/reference/reference-semantics/semantics/builtins.k	160	160	rule	-	no	FIXED_SUPPLIED_RULE_UNREACHABLE_FROM_SUBMITTED_PROGRAM	"""rule intDigAcc(iCons(C:Int, R:IntSeq), ACC:Int) => intDigAcc(R, (ACC *Int 10) +Int (C -Int 48))"""
K0163	/reference/reference-semantics/semantics/builtins.k	163	163	rule	-	no	FIXED_SUPPLIED_RULE_UNREACHABLE_FROM_SUBMITTED_PROGRAM	"""rule applyBuiltin(\""zip\"", list(A:ValSeq), list(B:ValSeq), .Vals) => zipObj(A, B)"""
K0164	/reference/reference-semantics/semantics/builtins.k	164	164	rule	-	no	FIXED_SUPPLIED_RULE_UNREACHABLE_FROM_SUBMITTED_PROGRAM	"""rule applyBuiltin(\""zip\"", str(A:IntSeq), str(B:IntSeq), .Vals)   => zipObjS(A, B)"""
K0165	/reference/reference-semantics/semantics/builtins.k	167	168	rule	-	no	FIXED_SUPPLIED_RULE_UNREACHABLE_FROM_SUBMITTED_PROGRAM	"""rule <k> #iterNext(zipObj(vCons(A:Val, As:ValSeq), vCons(B:Val, Bs:ValSeq)))"""
K0166	/reference/reference-semantics/semantics/builtins.k	169	169	rule	-	no	FIXED_SUPPLIED_RULE_UNREACHABLE_FROM_SUBMITTED_PROGRAM	"""rule <k> #iterNext(zipObj(.ValSeq, _:ValSeq))               => #iterDone ... </k>"""
K0167	/reference/reference-semantics/semantics/builtins.k	170	170	rule	-	no	FIXED_SUPPLIED_RULE_UNREACHABLE_FROM_SUBMITTED_PROGRAM	"""rule <k> #iterNext(zipObj(vCons(_:Val, _:ValSeq), .ValSeq)) => #iterDone ... </k>"""
K0168	/reference/reference-semantics/semantics/builtins.k	171	172	rule	-	no	FIXED_SUPPLIED_RULE_UNREACHABLE_FROM_SUBMITTED_PROGRAM	"""rule <k> #iterNext(zipObjS(iCons(A:Int, As:IntSeq), iCons(B:Int, Bs:IntSeq)))"""
K0169	/reference/reference-semantics/semantics/builtins.k	173	173	rule	-	no	FIXED_SUPPLIED_RULE_UNREACHABLE_FROM_SUBMITTED_PROGRAM	"""rule <k> #iterNext(zipObjS(.IntSeq, _:IntSeq))              => #iterDone ... </k>"""
K0170	/reference/reference-semantics/semantics/builtins.k	174	174	rule	-	no	FIXED_SUPPLIED_RULE_UNREACHABLE_FROM_SUBMITTED_PROGRAM	"""rule <k> #iterNext(zipObjS(iCons(_:Int, _:IntSeq), .IntSeq)) => #iterDone ... </k>"""
K0171	/reference/reference-semantics/semantics/builtins.k	177	177	rule	-	no	FIXED_SUPPLIED_RULE_UNREACHABLE_FROM_SUBMITTED_PROGRAM	"""rule applyBuiltin(\""range\"", I:Int, .Vals)               => rangeObj(0, I, 1)"""
K0172	/reference/reference-semantics/semantics/builtins.k	178	178	rule	-	no	FIXED_SUPPLIED_RULE_UNREACHABLE_FROM_SUBMITTED_PROGRAM	"""rule applyBuiltin(\""range\"", A:Int, B:Int, .Vals)        => rangeObj(A, B, 1)"""
K0173	/reference/reference-semantics/semantics/builtins.k	179	180	rule	-	no	FIXED_SUPPLIED_RULE_UNREACHABLE_FROM_SUBMITTED_PROGRAM	"""rule applyBuiltin(\""range\"", A:Int, B:Int, S:Int, .Vals) => rangeObj(A, B, S)"""
K0174	/reference/reference-semantics/semantics/builtins.k	187	187	rule	-	no	FIXED_SUPPLIED_RULE_UNREACHABLE_FROM_SUBMITTED_PROGRAM	"""rule applyBuiltin(\""eval\"", str(CS:IntSeq), .Vals) => evalArith(CS)"""
K0175	/reference/reference-semantics/semantics/builtins.k	188	188	syntax	function	no	FIXED_SUPPLIED_DECLARATION_OR_ASSEMBLY_INERT_OR_WELL_FORMED	"""syntax Int ::= evalArith(IntSeq) [function]"""
K0176	/reference/reference-semantics/semantics/builtins.k	189	190	rule	-	no	FIXED_SUPPLIED_RULE_UNREACHABLE_FROM_SUBMITTED_PROGRAM	"""rule evalArith(CS:IntSeq)"""
K0177	/reference/reference-semantics/semantics/builtins.k	192	192	syntax	-	no	FIXED_SUPPLIED_DECLARATION_OR_ASSEMBLY_INERT_OR_WELL_FORMED	"""syntax OpSeq ::= \"".OpSeq\"" | oCons(String, OpSeq)"""
K0178	/reference/reference-semantics/semantics/builtins.k	194	194	syntax	function,total	no	FIXED_SUPPLIED_DECLARATION_OR_ASSEMBLY_INERT_OR_WELL_FORMED	"""syntax Bool ::= evDigit(Int) [function, total]"""
K0179	/reference/reference-semantics/semantics/builtins.k	195	195	rule	-	no	FIXED_SUPPLIED_RULE_UNREACHABLE_FROM_SUBMITTED_PROGRAM	"""rule evDigit(C:Int) => C >=Int 48 andBool C <=Int 57"""
K0180	/reference/reference-semantics/semantics/builtins.k	196	196	syntax	function,total	no	FIXED_SUPPLIED_DECLARATION_OR_ASSEMBLY_INERT_OR_WELL_FORMED	"""syntax Bool ::= evHead42(IntSeq) [function, total]"""
K0181	/reference/reference-semantics/semantics/builtins.k	197	197	rule	-	no	FIXED_SUPPLIED_RULE_UNREACHABLE_FROM_SUBMITTED_PROGRAM	"""rule evHead42(iCons(42, _:IntSeq)) => true"""
K0182	/reference/reference-semantics/semantics/builtins.k	198	198	rule	owise	no	FIXED_SUPPLIED_RULE_UNREACHABLE_FROM_SUBMITTED_PROGRAM	"""rule evHead42(_:IntSeq)            => false [owise]"""
K0183	/reference/reference-semantics/semantics/builtins.k	199	199	syntax	function,total	no	FIXED_SUPPLIED_DECLARATION_OR_ASSEMBLY_INERT_OR_WELL_FORMED	"""syntax Bool ::= evHead47(IntSeq) [function, total]"""
K0184	/reference/reference-semantics/semantics/builtins.k	200	200	rule	-	no	FIXED_SUPPLIED_RULE_UNREACHABLE_FROM_SUBMITTED_PROGRAM	"""rule evHead47(iCons(47, _:IntSeq)) => true"""
K0185	/reference/reference-semantics/semantics/builtins.k	201	201	rule	owise	no	FIXED_SUPPLIED_RULE_UNREACHABLE_FROM_SUBMITTED_PROGRAM	"""rule evHead47(_:IntSeq)            => false [owise]"""
K0186	/reference/reference-semantics/semantics/builtins.k	203	203	syntax	function,total	no	FIXED_SUPPLIED_DECLARATION_OR_ASSEMBLY_INERT_OR_WELL_FORMED	"""syntax OpSeq ::= tokOps(IntSeq) [function, total]"""
K0187	/reference/reference-semantics/semantics/builtins.k	204	204	rule	-	no	FIXED_SUPPLIED_RULE_UNREACHABLE_FROM_SUBMITTED_PROGRAM	"""rule tokOps(.IntSeq)                 => .OpSeq"""
K0188	/reference/reference-semantics/semantics/builtins.k	205	205	rule	-	no	FIXED_SUPPLIED_RULE_UNREACHABLE_FROM_SUBMITTED_PROGRAM	"""rule tokOps(iCons(32, R:IntSeq))     => tokOps(R)"""
K0189	/reference/reference-semantics/semantics/builtins.k	206	206	rule	-	no	FIXED_SUPPLIED_RULE_UNREACHABLE_FROM_SUBMITTED_PROGRAM	"""rule tokOps(iCons(C:Int, R:IntSeq))  => tokOps(R) requires evDigit(C)"""
K0190	/reference/reference-semantics/semantics/builtins.k	207	207	rule	-	no	FIXED_SUPPLIED_RULE_UNREACHABLE_FROM_SUBMITTED_PROGRAM	"""rule tokOps(iCons(42, iCons(42, R:IntSeq))) => oCons(\""**\"", tokOps(R))"""
K0191	/reference/reference-semantics/semantics/builtins.k	208	208	rule	-	no	FIXED_SUPPLIED_RULE_UNREACHABLE_FROM_SUBMITTED_PROGRAM	"""rule tokOps(iCons(42, R:IntSeq))     => oCons(\""*\"", tokOps(R)) requires notBool evHead42(R)"""
K0192	/reference/reference-semantics/semantics/builtins.k	209	209	rule	-	no	FIXED_SUPPLIED_RULE_UNREACHABLE_FROM_SUBMITTED_PROGRAM	"""rule tokOps(iCons(47, iCons(47, R:IntSeq))) => oCons(\""//\"", tokOps(R))"""
K0193	/reference/reference-semantics/semantics/builtins.k	210	210	rule	-	no	FIXED_SUPPLIED_RULE_UNREACHABLE_FROM_SUBMITTED_PROGRAM	"""rule tokOps(iCons(47, R:IntSeq))     => oCons(\""/\"", tokOps(R)) requires notBool evHead47(R)"""
K0194	/reference/reference-semantics/semantics/builtins.k	211	211	rule	-	no	FIXED_SUPPLIED_RULE_UNREACHABLE_FROM_SUBMITTED_PROGRAM	"""rule tokOps(iCons(43, R:IntSeq))     => oCons(\""+\"", tokOps(R))"""
K0195	/reference/reference-semantics/semantics/builtins.k	212	212	rule	-	no	FIXED_SUPPLIED_RULE_UNREACHABLE_FROM_SUBMITTED_PROGRAM	"""rule tokOps(iCons(45, R:IntSeq))     => oCons(\""-\"", tokOps(R))"""
K0196	/reference/reference-semantics/semantics/builtins.k	214	215	syntax	function,total	no	FIXED_SUPPLIED_DECLARATION_OR_ASSEMBLY_INERT_OR_WELL_FORMED	"""syntax IntSeq ::= tokNds(IntSeq) [function, total]"""
K0197	/reference/reference-semantics/semantics/builtins.k	216	216	rule	-	no	FIXED_SUPPLIED_RULE_UNREACHABLE_FROM_SUBMITTED_PROGRAM	"""rule tokNds(.IntSeq)                => .IntSeq"""
K0198	/reference/reference-semantics/semantics/builtins.k	217	217	rule	-	no	FIXED_SUPPLIED_RULE_UNREACHABLE_FROM_SUBMITTED_PROGRAM	"""rule tokNds(iCons(32, R:IntSeq))    => tokNds(R)"""
K0199	/reference/reference-semantics/semantics/builtins.k	218	218	rule	-	no	FIXED_SUPPLIED_RULE_UNREACHABLE_FROM_SUBMITTED_PROGRAM	"""rule tokNds(iCons(C:Int, R:IntSeq)) => tokNdAcc(C -Int 48, R) requires evDigit(C)"""
K0200	/reference/reference-semantics/semantics/builtins.k	219	220	rule	-	no	FIXED_SUPPLIED_RULE_UNREACHABLE_FROM_SUBMITTED_PROGRAM	"""rule tokNds(iCons(C:Int, R:IntSeq)) => tokNds(R)"""
K0201	/reference/reference-semantics/semantics/builtins.k	221	222	rule	-	no	FIXED_SUPPLIED_RULE_UNREACHABLE_FROM_SUBMITTED_PROGRAM	"""rule tokNdAcc(A:Int, iCons(C:Int, R:IntSeq)) => tokNdAcc(A *Int 10 +Int (C -Int 48), R)"""
K0202	/reference/reference-semantics/semantics/builtins.k	223	223	rule	owise	no	FIXED_SUPPLIED_RULE_UNREACHABLE_FROM_SUBMITTED_PROGRAM	"""rule tokNdAcc(A:Int, S:IntSeq) => iCons(A, tokNds(S)) [owise]"""
K0203	/reference/reference-semantics/semantics/builtins.k	225	225	syntax	-	no	FIXED_SUPPLIED_DECLARATION_OR_ASSEMBLY_INERT_OR_WELL_FORMED	"""syntax EvPair ::= evp(OpSeq, IntSeq)"""
K0204	/reference/reference-semantics/semantics/builtins.k	226	226	syntax	function,total	no	FIXED_SUPPLIED_DECLARATION_OR_ASSEMBLY_INERT_OR_WELL_FORMED	"""syntax Int ::= firstNdE(EvPair) [function, total]"""
K0205	/reference/reference-semantics/semantics/builtins.k	227	227	rule	-	no	FIXED_SUPPLIED_RULE_UNREACHABLE_FROM_SUBMITTED_PROGRAM	"""rule firstNdE(evp(_:OpSeq, iCons(N:Int, _:IntSeq))) => N"""
K0206	/reference/reference-semantics/semantics/builtins.k	228	228	rule	owise	no	FIXED_SUPPLIED_RULE_UNREACHABLE_FROM_SUBMITTED_PROGRAM	"""rule firstNdE(_:EvPair) => 0 [owise]"""
K0207	/reference/reference-semantics/semantics/builtins.k	230	230	syntax	function,total	no	FIXED_SUPPLIED_DECLARATION_OR_ASSEMBLY_INERT_OR_WELL_FORMED	"""syntax Int ::= applyOpE(String, Int, Int) [function, total]"""
K0208	/reference/reference-semantics/semantics/builtins.k	231	231	rule	-	no	FIXED_SUPPLIED_RULE_UNREACHABLE_FROM_SUBMITTED_PROGRAM	"""rule applyOpE(\""+\"",  A:Int, B:Int) => A +Int B"""
K0209	/reference/reference-semantics/semantics/builtins.k	232	232	rule	-	no	FIXED_SUPPLIED_RULE_UNREACHABLE_FROM_SUBMITTED_PROGRAM	"""rule applyOpE(\""-\"",  A:Int, B:Int) => A -Int B"""
K0210	/reference/reference-semantics/semantics/builtins.k	233	233	rule	-	no	FIXED_SUPPLIED_RULE_UNREACHABLE_FROM_SUBMITTED_PROGRAM	"""rule applyOpE(\""*\"",  A:Int, B:Int) => A *Int B"""
K0211	/reference/reference-semantics/semantics/builtins.k	234	234	rule	-	no	FIXED_SUPPLIED_RULE_UNREACHABLE_FROM_SUBMITTED_PROGRAM	"""rule applyOpE(\""//\"", A:Int, B:Int) => A divInt B"""
K0212	/reference/reference-semantics/semantics/builtins.k	235	235	rule	-	no	FIXED_SUPPLIED_RULE_UNREACHABLE_FROM_SUBMITTED_PROGRAM	"""rule applyOpE(\""**\"", A:Int, B:Int) => A ^Int B"""
K0213	/reference/reference-semantics/semantics/builtins.k	236	236	rule	owise	no	FIXED_SUPPLIED_RULE_UNREACHABLE_FROM_SUBMITTED_PROGRAM	"""rule applyOpE(_:String, A:Int, _:Int) => A [owise]"""
K0214	/reference/reference-semantics/semantics/builtins.k	238	238	syntax	function,total	no	FIXED_SUPPLIED_DECLARATION_OR_ASSEMBLY_INERT_OR_WELL_FORMED	"""syntax EvPair ::= passPowE(OpSeq, IntSeq) [function, total]"""
K0215	/reference/reference-semantics/semantics/builtins.k	239	239	rule	-	no	FIXED_SUPPLIED_RULE_UNREACHABLE_FROM_SUBMITTED_PROGRAM	"""rule passPowE(.OpSeq, NDS:IntSeq) => evp(.OpSeq, NDS)"""
K0216	/reference/reference-semantics/semantics/builtins.k	240	240	rule	-	no	FIXED_SUPPLIED_RULE_UNREACHABLE_FROM_SUBMITTED_PROGRAM	"""rule passPowE(oCons(\""**\"", OPS:OpSeq), iCons(N:Int, NDS:IntSeq)) => powCombE(N, passPowE(OPS, NDS))"""
K0217	/reference/reference-semantics/semantics/builtins.k	241	242	rule	-	no	FIXED_SUPPLIED_RULE_UNREACHABLE_FROM_SUBMITTED_PROGRAM	"""rule passPowE(oCons(O:String, OPS:OpSeq), iCons(N:Int, NDS:IntSeq)) => powCarryE(O, N, passPowE(OPS, NDS))"""
K0218	/reference/reference-semantics/semantics/builtins.k	243	243	rule	owise	no	FIXED_SUPPLIED_RULE_UNREACHABLE_FROM_SUBMITTED_PROGRAM	"""rule passPowE(_:OpSeq, .IntSeq) => evp(.OpSeq, .IntSeq) [owise]"""
K0219	/reference/reference-semantics/semantics/builtins.k	244	244	syntax	function,total	no	FIXED_SUPPLIED_DECLARATION_OR_ASSEMBLY_INERT_OR_WELL_FORMED	"""syntax EvPair ::= powCombE(Int, EvPair) [function, total]"""
K0220	/reference/reference-semantics/semantics/builtins.k	245	245	rule	-	no	FIXED_SUPPLIED_RULE_UNREACHABLE_FROM_SUBMITTED_PROGRAM	"""rule powCombE(N:Int, evp(OPS:OpSeq, iCons(M:Int, REST:IntSeq))) => evp(OPS, iCons(N ^Int M, REST))"""
K0221	/reference/reference-semantics/semantics/builtins.k	246	246	rule	-	no	FIXED_SUPPLIED_RULE_UNREACHABLE_FROM_SUBMITTED_PROGRAM	"""rule powCombE(N:Int, evp(OPS:OpSeq, .IntSeq)) => evp(OPS, iCons(N, .IntSeq))"""
K0222	/reference/reference-semantics/semantics/builtins.k	247	247	syntax	function,total	no	FIXED_SUPPLIED_DECLARATION_OR_ASSEMBLY_INERT_OR_WELL_FORMED	"""syntax EvPair ::= powCarryE(String, Int, EvPair) [function, total]"""
K0223	/reference/reference-semantics/semantics/builtins.k	248	248	rule	-	no	FIXED_SUPPLIED_RULE_UNREACHABLE_FROM_SUBMITTED_PROGRAM	"""rule powCarryE(O:String, N:Int, evp(OPS:OpSeq, NDS:IntSeq)) => evp(oCons(O, OPS), iCons(N, NDS))"""
K0224	/reference/reference-semantics/semantics/builtins.k	250	250	syntax	function,total	no	FIXED_SUPPLIED_DECLARATION_OR_ASSEMBLY_INERT_OR_WELL_FORMED	"""syntax EvPair ::= passMulE(EvPair) [function, total] | passAddE(EvPair) [function, total]"""
K0225	/reference/reference-semantics/semantics/builtins.k	251	251	rule	-	no	FIXED_SUPPLIED_RULE_UNREACHABLE_FROM_SUBMITTED_PROGRAM	"""rule passMulE(evp(OPS:OpSeq, iCons(N0:Int, NDS:IntSeq))) => passLGoE(\""mul\"", N0, OPS, NDS, .OpSeq, .IntSeq)"""
K0226	/reference/reference-semantics/semantics/builtins.k	252	252	rule	-	no	FIXED_SUPPLIED_RULE_UNREACHABLE_FROM_SUBMITTED_PROGRAM	"""rule passMulE(evp(OPS:OpSeq, .IntSeq)) => evp(OPS, .IntSeq)"""
K0227	/reference/reference-semantics/semantics/builtins.k	253	253	rule	-	no	FIXED_SUPPLIED_RULE_UNREACHABLE_FROM_SUBMITTED_PROGRAM	"""rule passAddE(evp(OPS:OpSeq, iCons(N0:Int, NDS:IntSeq))) => passLGoE(\""add\"", N0, OPS, NDS, .OpSeq, .IntSeq)"""
K0228	/reference/reference-semantics/semantics/builtins.k	254	254	rule	-	no	FIXED_SUPPLIED_RULE_UNREACHABLE_FROM_SUBMITTED_PROGRAM	"""rule passAddE(evp(OPS:OpSeq, .IntSeq)) => evp(OPS, .IntSeq)"""
K0229	/reference/reference-semantics/semantics/builtins.k	255	255	syntax	function,total	no	FIXED_SUPPLIED_DECLARATION_OR_ASSEMBLY_INERT_OR_WELL_FORMED	"""syntax EvPair ::= passLGoE(String, Int, OpSeq, IntSeq, OpSeq, IntSeq) [function, total]"""
K0230	/reference/reference-semantics/semantics/builtins.k	256	256	rule	-	no	FIXED_SUPPLIED_RULE_UNREACHABLE_FROM_SUBMITTED_PROGRAM	"""rule passLGoE(_:String, CUR:Int, .OpSeq, _:IntSeq, OO:OpSeq, ON:IntSeq) => evp(OO, appendIE(ON, CUR))"""
K0231	/reference/reference-semantics/semantics/builtins.k	257	259	rule	-	no	FIXED_SUPPLIED_RULE_UNREACHABLE_FROM_SUBMITTED_PROGRAM	"""rule passLGoE(L:String, CUR:Int, oCons(O:String, OPS:OpSeq), iCons(N:Int, NDS:IntSeq), OO:OpSeq, ON:IntSeq)"""
K0232	/reference/reference-semantics/semantics/builtins.k	260	262	rule	-	no	FIXED_SUPPLIED_RULE_UNREACHABLE_FROM_SUBMITTED_PROGRAM	"""rule passLGoE(L:String, CUR:Int, oCons(O:String, OPS:OpSeq), iCons(N:Int, NDS:IntSeq), OO:OpSeq, ON:IntSeq)"""
K0233	/reference/reference-semantics/semantics/builtins.k	263	264	rule	owise	no	FIXED_SUPPLIED_RULE_UNREACHABLE_FROM_SUBMITTED_PROGRAM	"""rule passLGoE(_:String, CUR:Int, oCons(_:String, _:OpSeq), .IntSeq, OO:OpSeq, ON:IntSeq)"""
K0234	/reference/reference-semantics/semantics/builtins.k	265	265	syntax	function,total	no	FIXED_SUPPLIED_DECLARATION_OR_ASSEMBLY_INERT_OR_WELL_FORMED	"""syntax Bool ::= inLevelE(String, String) [function, total]"""
K0235	/reference/reference-semantics/semantics/builtins.k	266	266	rule	-	no	FIXED_SUPPLIED_RULE_UNREACHABLE_FROM_SUBMITTED_PROGRAM	"""rule inLevelE(\""mul\"", O:String) => O ==String \""*\"" orBool O ==String \""//\"" orBool O ==String \""/\"""""
K0236	/reference/reference-semantics/semantics/builtins.k	267	267	rule	-	no	FIXED_SUPPLIED_RULE_UNREACHABLE_FROM_SUBMITTED_PROGRAM	"""rule inLevelE(\""add\"", O:String) => O ==String \""+\"" orBool O ==String \""-\"""""
K0237	/reference/reference-semantics/semantics/builtins.k	268	268	rule	owise	no	FIXED_SUPPLIED_RULE_UNREACHABLE_FROM_SUBMITTED_PROGRAM	"""rule inLevelE(_:String, _:String) => false [owise]"""
K0238	/reference/reference-semantics/semantics/builtins.k	269	269	syntax	function,total	no	FIXED_SUPPLIED_DECLARATION_OR_ASSEMBLY_INERT_OR_WELL_FORMED	"""syntax OpSeq ::= appendOpE(OpSeq, String) [function, total]"""
K0239	/reference/reference-semantics/semantics/builtins.k	270	270	rule	-	no	FIXED_SUPPLIED_RULE_UNREACHABLE_FROM_SUBMITTED_PROGRAM	"""rule appendOpE(.OpSeq, O:String) => oCons(O, .OpSeq)"""
K0240	/reference/reference-semantics/semantics/builtins.k	271	271	rule	-	no	FIXED_SUPPLIED_RULE_UNREACHABLE_FROM_SUBMITTED_PROGRAM	"""rule appendOpE(oCons(H:String, T:OpSeq), O:String) => oCons(H, appendOpE(T, O))"""
K0241	/reference/reference-semantics/semantics/builtins.k	272	272	syntax	function,total	no	FIXED_SUPPLIED_DECLARATION_OR_ASSEMBLY_INERT_OR_WELL_FORMED	"""syntax IntSeq ::= appendIE(IntSeq, Int) [function, total]"""
K0242	/reference/reference-semantics/semantics/builtins.k	273	273	rule	-	no	FIXED_SUPPLIED_RULE_UNREACHABLE_FROM_SUBMITTED_PROGRAM	"""rule appendIE(.IntSeq, N:Int) => iCons(N, .IntSeq)"""
K0243	/reference/reference-semantics/semantics/builtins.k	274	274	rule	-	no	FIXED_SUPPLIED_RULE_UNREACHABLE_FROM_SUBMITTED_PROGRAM	"""rule appendIE(iCons(H:Int, T:IntSeq), N:Int) => iCons(H, appendIE(T, N))"""
K0244	/reference/reference-semantics/semantics/builtins.k	279	279	syntax	-	no	FIXED_SUPPLIED_DECLARATION_OR_ASSEMBLY_INERT_OR_WELL_FORMED	"""syntax KItem ::= \""#md5\"""""
K0245	/reference/reference-semantics/semantics/builtins.k	280	281	rule	priority	no	FIXED_SUPPLIED_RULE_UNREACHABLE_FROM_SUBMITTED_PROGRAM	"""rule <k> Call(Attribute(Name(\""hashlib\""), \""md5\""), (E:Expr, .Exprs)) => E ~> #md5 ... </k>"""
K0246	/reference/reference-semantics/semantics/builtins.k	282	282	rule	-	no	FIXED_SUPPLIED_RULE_UNREACHABLE_FROM_SUBMITTED_PROGRAM	"""rule <k> str(CS:IntSeq) ~> #md5 => md5Obj(CS) ... </k>"""
K0247	/reference/reference-semantics/semantics/builtins.k	283	283	syntax	-	no	FIXED_SUPPLIED_DECLARATION_OR_ASSEMBLY_INERT_OR_WELL_FORMED	"""syntax Val ::= md5Obj(IntSeq)"""
K0248	/reference/reference-semantics/semantics/builtins.k	284	284	rule	-	no	FIXED_SUPPLIED_RULE_UNREACHABLE_FROM_SUBMITTED_PROGRAM	"""rule applyMethod(md5Obj(CS:IntSeq), \""hexdigest\"", .Vals) => str(md5hexCodes(CS))"""
K0249	/reference/reference-semantics/semantics/builtins.k	285	285	syntax	function,total,symbol,no-evaluators	no	UNUSED_EXTERNAL_TRUST_BOUNDARY_INERT_FOR_THIS_PROGRAM	"""syntax IntSeq ::= md5hexCodes(IntSeq) [function, total, symbol(md5hexCodes), no-evaluators]"""
K0250	/reference/reference-semantics/semantics/builtins.k	291	291	rule	-	no	FIXED_SUPPLIED_RULE_UNREACHABLE_FROM_SUBMITTED_PROGRAM	"""rule applyBuiltin(\""isinstance\"", V:Val, typeV(\""int\""), .Vals) => isIntV(V)"""
K0251	/reference/reference-semantics/semantics/builtins.k	292	292	rule	-	no	FIXED_SUPPLIED_RULE_UNREACHABLE_FROM_SUBMITTED_PROGRAM	"""rule applyBuiltin(\""isinstance\"", V:Val, typeV(\""str\""), .Vals) => isStrV(V)"""
K0252	/reference/reference-semantics/semantics/builtins.k	293	293	syntax	function	no	FIXED_SUPPLIED_DECLARATION_OR_ASSEMBLY_INERT_OR_WELL_FORMED	"""syntax Bool ::= isIntV(Val) [function] | isStrV(Val) [function]"""
K0253	/reference/reference-semantics/semantics/builtins.k	294	294	rule	-	no	FIXED_SUPPLIED_RULE_UNREACHABLE_FROM_SUBMITTED_PROGRAM	"""rule isIntV(_:Int)         => true"""
K0254	/reference/reference-semantics/semantics/builtins.k	295	295	rule	owise	no	FIXED_SUPPLIED_RULE_UNREACHABLE_FROM_SUBMITTED_PROGRAM	"""rule isIntV(_:Val)         => false [owise]"""
K0255	/reference/reference-semantics/semantics/builtins.k	296	296	rule	-	no	FIXED_SUPPLIED_RULE_UNREACHABLE_FROM_SUBMITTED_PROGRAM	"""rule isStrV(str(_:IntSeq)) => true"""
K0256	/reference/reference-semantics/semantics/builtins.k	297	297	rule	owise	no	FIXED_SUPPLIED_RULE_UNREACHABLE_FROM_SUBMITTED_PROGRAM	"""rule isStrV(_:Val)         => false [owise]"""
K0257	/reference/reference-semantics/semantics/builtins.k	298	298	endmodule	-	no	FIXED_SUPPLIED_DECLARATION_OR_ASSEMBLY_INERT_OR_WELL_FORMED	"""endmodule"""
K0258	/reference/reference-semantics/semantics/call.k	10	10	module	-	yes	FIXED_SUPPLIED_SEMANTICS_USED_AND_REVIEWED_SOUND_ON_MATCH_DOMAIN	"""module MPY-CALL"""
K0259	/reference/reference-semantics/semantics/call.k	11	11	imports	-	yes	FIXED_SUPPLIED_SEMANTICS_USED_AND_REVIEWED_SOUND_ON_MATCH_DOMAIN	"""imports MPY-METHODS"""
K0260	/reference/reference-semantics/semantics/call.k	12	12	imports	-	yes	FIXED_SUPPLIED_SEMANTICS_USED_AND_REVIEWED_SOUND_ON_MATCH_DOMAIN	"""imports MPY-BUILTINS"""
K0261	/reference/reference-semantics/semantics/call.k	13	13	imports	-	yes	FIXED_SUPPLIED_SEMANTICS_USED_AND_REVIEWED_SOUND_ON_MATCH_DOMAIN	"""imports MPY-FUNCTIONS"""
K0262	/reference/reference-semantics/semantics/call.k	16	16	rule	-	yes	FIXED_SUPPLIED_SEMANTICS_USED_AND_REVIEWED_SOUND_ON_MATCH_DOMAIN	"""rule <k> Attribute(V:Val, M:String) => boundMethodV(V, M) ... </k>"""
K0263	/reference/reference-semantics/semantics/call.k	19	19	syntax	-	yes	FIXED_SUPPLIED_SEMANTICS_USED_AND_REVIEWED_SOUND_ON_MATCH_DOMAIN	"""syntax KItem ::= #callee(Exprs)"""
K0264	/reference/reference-semantics/semantics/call.k	20	20	rule	owise	yes	FIXED_SUPPLIED_SEMANTICS_USED_AND_REVIEWED_SOUND_ON_MATCH_DOMAIN	"""rule <k> Call(Fe:Expr, ARGS:Exprs) => Fe ~> #callee(ARGS) ... </k> [owise]"""
K0265	/reference/reference-semantics/semantics/call.k	21	21	rule	-	yes	FIXED_SUPPLIED_SEMANTICS_USED_AND_REVIEWED_SOUND_ON_MATCH_DOMAIN	"""rule <k> CV:Val ~> #callee(ARGS:Exprs) => #evalArgs(ARGS, .Vals, toCall(CV)) ... </k>"""
K0266	/reference/reference-semantics/semantics/call.k	24	24	rule	-	yes	FIXED_SUPPLIED_SEMANTICS_USED_AND_REVIEWED_SOUND_ON_MATCH_DOMAIN	"""rule <k> #applyK(toCall(boundMethodV(OBJ:Val, M:String)), ACC:Vals) => applyMethod(OBJ, M, ACC) ... </k>"""
K0267	/reference/reference-semantics/semantics/call.k	26	26	rule	-	yes	FIXED_SUPPLIED_SEMANTICS_USED_AND_REVIEWED_SOUND_ON_MATCH_DOMAIN	"""rule <k> #applyK(toCall(builtinV(\""sum\"")), (OBJ:Iterable, .Vals)) => #sumAcc(OBJ, 0) ... </k>"""
K0268	/reference/reference-semantics/semantics/call.k	27	27	rule	-	yes	FIXED_SUPPLIED_SEMANTICS_USED_AND_REVIEWED_SOUND_ON_MATCH_DOMAIN	"""rule <k> #applyK(toCall(builtinV(\""all\"")), (OBJ:Iterable, .Vals)) => #allAcc(OBJ)    ... </k>"""
K0269	/reference/reference-semantics/semantics/call.k	28	28	rule	-	yes	FIXED_SUPPLIED_SEMANTICS_USED_AND_REVIEWED_SOUND_ON_MATCH_DOMAIN	"""rule <k> #applyK(toCall(builtinV(\""any\"")), (OBJ:Iterable, .Vals)) => #anyAcc(OBJ)    ... </k>"""
K0270	/reference/reference-semantics/semantics/call.k	29	29	rule	-	yes	FIXED_SUPPLIED_SEMANTICS_USED_AND_REVIEWED_SOUND_ON_MATCH_DOMAIN	"""rule <k> #applyK(toCall(builtinV(\""max\"")), (OBJ:Iterable, .Vals)) => #maxAcc0(OBJ)   ... </k>"""
K0271	/reference/reference-semantics/semantics/call.k	30	30	rule	-	yes	FIXED_SUPPLIED_SEMANTICS_USED_AND_REVIEWED_SOUND_ON_MATCH_DOMAIN	"""rule <k> #applyK(toCall(builtinV(\""min\"")), (OBJ:Iterable, .Vals)) => #minAcc0(OBJ)   ... </k>"""
K0272	/reference/reference-semantics/semantics/call.k	31	31	rule	owise	yes	FIXED_SUPPLIED_SEMANTICS_USED_AND_REVIEWED_SOUND_ON_MATCH_DOMAIN	"""rule <k> #applyK(toCall(builtinV(BN:String)), ACC:Vals) => applyBuiltin(BN, ACC) ... </k> [owise]"""
K0273	/reference/reference-semantics/semantics/call.k	32	32	rule	-	yes	FIXED_SUPPLIED_SEMANTICS_USED_AND_REVIEWED_SOUND_ON_MATCH_DOMAIN	"""rule <k> #applyK(toCall(typeV(T:String)),     ACC:Vals) => applyBuiltin(T, ACC)  ... </k>"""
K0274	/reference/reference-semantics/semantics/call.k	38	41	rule	priority	yes	FIXED_SUPPLIED_SEMANTICS_USED_AND_REVIEWED_SOUND_ON_MATCH_DOMAIN	"""rule <k> #applyK(toCall(builtinV(BN:String)), (ref(H:Int), REST:Vals))"""
K0275	/reference/reference-semantics/semantics/call.k	42	46	rule	priority	yes	FIXED_SUPPLIED_SEMANTICS_USED_AND_REVIEWED_SOUND_ON_MATCH_DOMAIN	"""rule <k> #applyK(toCall(builtinV(BN:String)), (A:Val, ref(H:Int), REST:Vals))"""
K0276	/reference/reference-semantics/semantics/call.k	47	50	rule	priority	yes	FIXED_SUPPLIED_SEMANTICS_USED_AND_REVIEWED_SOUND_ON_MATCH_DOMAIN	"""rule <k> #applyK(toCall(typeV(T:String)), (ref(H:Int), REST:Vals))"""
K0277	/reference/reference-semantics/semantics/call.k	52	52	syntax	function,total	yes	FIXED_SUPPLIED_SEMANTICS_USED_AND_REVIEWED_SOUND_ON_MATCH_DOMAIN	"""syntax Bool ::= isMutMethod(String) [function, total]"""
K0278	/reference/reference-semantics/semantics/call.k	53	55	rule	-	yes	FIXED_SUPPLIED_SEMANTICS_USED_AND_REVIEWED_SOUND_ON_MATCH_DOMAIN	"""rule isMutMethod(M:String)"""
K0279	/reference/reference-semantics/semantics/call.k	56	60	rule	priority	yes	FIXED_SUPPLIED_SEMANTICS_USED_AND_REVIEWED_SOUND_ON_MATCH_DOMAIN	"""rule <k> #applyK(toCall(boundMethodV(ref(H:Int), M:String)), ACC:Vals)"""
K0280	/reference/reference-semantics/semantics/call.k	63	67	rule	priority	yes	FIXED_SUPPLIED_SEMANTICS_USED_AND_REVIEWED_SOUND_ON_MATCH_DOMAIN	"""rule <k> #applyK(toCall(boundMethodV(OBJ:Val, M:String)), (ref(H:Int), REST:Vals))"""
K0281	/reference/reference-semantics/semantics/call.k	69	74	rule	-	yes	FIXED_SUPPLIED_SEMANTICS_USED_AND_REVIEWED_SOUND_ON_MATCH_DOMAIN	"""rule <k> #applyK(toCall(closureVal(PNS:ParamNames, BODY:Stmts, DEFL:Int)), ACC:Vals) ~> CONT"""
K0282	/reference/reference-semantics/semantics/call.k	80	85	rule	-	no	FIXED_SUPPLIED_RULE_UNREACHABLE_FROM_SUBMITTED_PROGRAM	"""rule <k> #applyK(toCall(closureValC(PNS:ParamNames, CVS:ParamNames, BODY:Stmts, CM:Map)), ACC:Vals) ~> CONT"""
K0283	/reference/reference-semantics/semantics/call.k	87	87	syntax	-	no	FIXED_SUPPLIED_DECLARATION_OR_ASSEMBLY_INERT_OR_WELL_FORMED	"""syntax KItem ::= #allocCells(ParamNames)"""
K0284	/reference/reference-semantics/semantics/call.k	88	88	rule	-	no	FIXED_SUPPLIED_RULE_UNREACHABLE_FROM_SUBMITTED_PROGRAM	"""rule <k> #allocCells(.ParamNames) => .K ... </k>"""
K0285	/reference/reference-semantics/semantics/call.k	89	94	rule	-	no	FIXED_SUPPLIED_RULE_UNREACHABLE_FROM_SUBMITTED_PROGRAM	"""rule <k> #allocCells((CV:String, R:ParamNames)) => #allocCells(R) ... </k>"""
K0286	/reference/reference-semantics/semantics/call.k	95	95	endmodule	-	no	FIXED_SUPPLIED_DECLARATION_OR_ASSEMBLY_INERT_OR_WELL_FORMED	"""endmodule"""
K0287	/reference/reference-semantics/semantics/comprehension.k	3	3	module	-	no	FIXED_SUPPLIED_DECLARATION_OR_ASSEMBLY_INERT_OR_WELL_FORMED	"""module MPY-COMPREHENSION"""
K0288	/reference/reference-semantics/semantics/comprehension.k	4	4	imports	-	no	FIXED_SUPPLIED_DECLARATION_OR_ASSEMBLY_INERT_OR_WELL_FORMED	"""imports MPY-CORE"""
K0289	/reference/reference-semantics/semantics/comprehension.k	5	5	imports	-	no	FIXED_SUPPLIED_DECLARATION_OR_ASSEMBLY_INERT_OR_WELL_FORMED	"""imports MPY-OPERATORS"""
K0290	/reference/reference-semantics/semantics/comprehension.k	6	6	imports	-	no	FIXED_SUPPLIED_DECLARATION_OR_ASSEMBLY_INERT_OR_WELL_FORMED	"""imports MPY-LIST"""
K0291	/reference/reference-semantics/semantics/comprehension.k	7	7	imports	-	no	FIXED_SUPPLIED_DECLARATION_OR_ASSEMBLY_INERT_OR_WELL_FORMED	"""imports MPY-CONTROLS"""
K0292	/reference/reference-semantics/semantics/comprehension.k	8	8	imports	-	no	FIXED_SUPPLIED_DECLARATION_OR_ASSEMBLY_INERT_OR_WELL_FORMED	"""imports MPY-FUNCTIONS"""
K0293	/reference/reference-semantics/semantics/comprehension.k	11	11	rule	-	no	FIXED_SUPPLIED_RULE_UNREACHABLE_FROM_SUBMITTED_PROGRAM	"""rule ListComp(ELT:Expr, Gs:CompFors) => Call(closureExpr(.ParamNames, compBody(Gs, ELT)), .Exprs)"""
K0294	/reference/reference-semantics/semantics/comprehension.k	12	12	rule	-	no	FIXED_SUPPLIED_RULE_UNREACHABLE_FROM_SUBMITTED_PROGRAM	"""rule GenExp(ELT:Expr, Gs:CompFors)   => Call(closureExpr(.ParamNames, compBody(Gs, ELT)), .Exprs)"""
K0295	/reference/reference-semantics/semantics/comprehension.k	14	14	syntax	macro	no	FIXED_SUPPLIED_DECLARATION_OR_ASSEMBLY_INERT_OR_WELL_FORMED	"""syntax Stmts ::= compBody(CompFors, Expr) [macro]"""
K0296	/reference/reference-semantics/semantics/comprehension.k	15	16	rule	-	no	FIXED_SUPPLIED_RULE_UNREACHABLE_FROM_SUBMITTED_PROGRAM	"""rule compBody(Gs:CompFors, ELT:Expr)"""
K0297	/reference/reference-semantics/semantics/comprehension.k	18	18	syntax	-	no	FIXED_SUPPLIED_DECLARATION_OR_ASSEMBLY_INERT_OR_WELL_FORMED	"""syntax Stmt ::= compNest(CompFors, Expr) [macro-rec]"""
K0298	/reference/reference-semantics/semantics/comprehension.k	19	20	rule	-	no	FIXED_SUPPLIED_RULE_UNREACHABLE_FROM_SUBMITTED_PROGRAM	"""rule compNest(.CompFors, ELT:Expr)"""
K0299	/reference/reference-semantics/semantics/comprehension.k	21	22	rule	-	no	FIXED_SUPPLIED_RULE_UNREACHABLE_FROM_SUBMITTED_PROGRAM	"""rule compNest((CompFor(T:Expr, ITER:Expr, Fs:Exprs) GRest:CompFors), ELT:Expr)"""
K0300	/reference/reference-semantics/semantics/comprehension.k	24	24	syntax	macro	no	FIXED_SUPPLIED_DECLARATION_OR_ASSEMBLY_INERT_OR_WELL_FORMED	"""syntax Expr ::= compGuard(Exprs) [macro]"""
K0301	/reference/reference-semantics/semantics/comprehension.k	25	25	rule	-	no	FIXED_SUPPLIED_RULE_UNREACHABLE_FROM_SUBMITTED_PROGRAM	"""rule compGuard(.Exprs)             => Bool(true)"""
K0302	/reference/reference-semantics/semantics/comprehension.k	26	26	rule	-	no	FIXED_SUPPLIED_RULE_UNREACHABLE_FROM_SUBMITTED_PROGRAM	"""rule compGuard((F:Expr, Fs:Exprs)) => BoolOp(\""and\"", (F, Fs))"""
K0303	/reference/reference-semantics/semantics/comprehension.k	27	27	endmodule	-	no	FIXED_SUPPLIED_DECLARATION_OR_ASSEMBLY_INERT_OR_WELL_FORMED	"""endmodule"""
K0304	/reference/reference-semantics/semantics/concrete.k	8	8	module	-	no	FIXED_SUPPLIED_DECLARATION_OR_ASSEMBLY_INERT_OR_WELL_FORMED	"""module MPY-CONCRETE"""
K0305	/reference/reference-semantics/semantics/concrete.k	9	9	imports	-	no	FIXED_SUPPLIED_DECLARATION_OR_ASSEMBLY_INERT_OR_WELL_FORMED	"""imports MPY"""
K0306	/reference/reference-semantics/semantics/concrete.k	13	15	rule	-	no	FIXED_SUPPLIED_RULE_UNREACHABLE_FROM_SUBMITTED_PROGRAM	"""rule <k> Compare(list(A:ValSeq), CmpOp(\""==\"", list(B:ValSeq))) => deepEqVS(A, B, HP) ... </k>"""
K0307	/reference/reference-semantics/semantics/concrete.k	16	18	rule	-	no	FIXED_SUPPLIED_RULE_UNREACHABLE_FROM_SUBMITTED_PROGRAM	"""rule <k> Compare(list(A:ValSeq), CmpOp(\""!=\"", list(B:ValSeq))) => notBool deepEqVS(A, B, HP) ... </k>"""
K0308	/reference/reference-semantics/semantics/concrete.k	25	25	syntax	-	no	FIXED_SUPPLIED_DECLARATION_OR_ASSEMBLY_INERT_OR_WELL_FORMED	"""syntax Val ::= kvP(Val, Val)"""
K0309	/reference/reference-semantics/semantics/concrete.k	26	27	syntax	-	no	FIXED_SUPPLIED_DECLARATION_OR_ASSEMBLY_INERT_OR_WELL_FORMED	"""syntax KItem ::= #ksort(ValSeq, Val, ValSeq, Bool)"""
K0310	/reference/reference-semantics/semantics/concrete.k	28	30	rule	priority	no	FIXED_SUPPLIED_RULE_UNREACHABLE_FROM_SUBMITTED_PROGRAM	"""rule <k> #applyK(toCall(builtinV(\""sorted\"")), (list(VS:ValSeq), kwV(\""key\"", KV:Val), .Vals))"""
K0311	/reference/reference-semantics/semantics/concrete.k	31	33	rule	priority	no	FIXED_SUPPLIED_RULE_UNREACHABLE_FROM_SUBMITTED_PROGRAM	"""rule <k> #applyK(toCall(builtinV(\""sorted\"")), (list(VS:ValSeq), kwV(\""key\"", KV:Val), kwV(\""reverse\"", RB:Bool), .Vals))"""
K0312	/reference/reference-semantics/semantics/concrete.k	34	35	rule	-	no	FIXED_SUPPLIED_RULE_UNREACHABLE_FROM_SUBMITTED_PROGRAM	"""rule <k> #ksort(.ValSeq, _:Val, ACC:ValSeq, RB:Bool)"""
K0313	/reference/reference-semantics/semantics/concrete.k	36	37	rule	-	no	FIXED_SUPPLIED_RULE_UNREACHABLE_FROM_SUBMITTED_PROGRAM	"""rule <k> #ksort(vCons(V:Val, R:ValSeq), KV:Val, ACC:ValSeq, RB:Bool)"""
K0314	/reference/reference-semantics/semantics/concrete.k	38	40	rule	-	no	FIXED_SUPPLIED_RULE_UNREACHABLE_FROM_SUBMITTED_PROGRAM	"""rule <k> K:Val ~> #ksIns(V:Val, R:ValSeq, KV:Val, ACC:ValSeq, RB:Bool)"""
K0315	/reference/reference-semantics/semantics/concrete.k	42	42	syntax	function	no	FIXED_SUPPLIED_DECLARATION_OR_ASSEMBLY_INERT_OR_WELL_FORMED	"""syntax ValSeq ::= insPair(ValSeq, Val, Val) [function]"""
K0316	/reference/reference-semantics/semantics/concrete.k	43	43	rule	-	no	FIXED_SUPPLIED_RULE_UNREACHABLE_FROM_SUBMITTED_PROGRAM	"""rule insPair(.ValSeq, K:Val, V:Val) => vCons(kvP(K, V), .ValSeq)"""
K0317	/reference/reference-semantics/semantics/concrete.k	44	46	rule	-	no	FIXED_SUPPLIED_RULE_UNREACHABLE_FROM_SUBMITTED_PROGRAM	"""rule insPair(vCons(kvP(K2:Val, V2:Val), R:ValSeq), K:Val, V:Val)"""
K0318	/reference/reference-semantics/semantics/concrete.k	47	49	rule	-	no	FIXED_SUPPLIED_RULE_UNREACHABLE_FROM_SUBMITTED_PROGRAM	"""rule insPair(vCons(kvP(K2:Val, V2:Val), R:ValSeq), K:Val, V:Val)"""
K0319	/reference/reference-semantics/semantics/concrete.k	51	51	syntax	function	no	FIXED_SUPPLIED_DECLARATION_OR_ASSEMBLY_INERT_OR_WELL_FORMED	"""syntax Bool ::= kLt(Val, Val) [function]"""
K0320	/reference/reference-semantics/semantics/concrete.k	52	52	rule	-	no	FIXED_SUPPLIED_RULE_UNREACHABLE_FROM_SUBMITTED_PROGRAM	"""rule kLt(I1:Int, I2:Int)             => I1 <Int I2"""
K0321	/reference/reference-semantics/semantics/concrete.k	53	53	rule	-	no	FIXED_SUPPLIED_RULE_UNREACHABLE_FROM_SUBMITTED_PROGRAM	"""rule kLt(F1:Float, F2:Float)         => F1 <Float F2"""
K0322	/reference/reference-semantics/semantics/concrete.k	54	54	rule	-	no	FIXED_SUPPLIED_RULE_UNREACHABLE_FROM_SUBMITTED_PROGRAM	"""rule kLt(str(A:IntSeq), str(B:IntSeq)) => strLt(A, B)"""
K0323	/reference/reference-semantics/semantics/concrete.k	56	56	syntax	function,total	no	FIXED_SUPPLIED_DECLARATION_OR_ASSEMBLY_INERT_OR_WELL_FORMED	"""syntax ValSeq ::= unpairVS(ValSeq) [function, total]"""
K0324	/reference/reference-semantics/semantics/concrete.k	57	57	rule	-	no	FIXED_SUPPLIED_RULE_UNREACHABLE_FROM_SUBMITTED_PROGRAM	"""rule unpairVS(.ValSeq) => .ValSeq"""
K0325	/reference/reference-semantics/semantics/concrete.k	58	58	rule	-	no	FIXED_SUPPLIED_RULE_UNREACHABLE_FROM_SUBMITTED_PROGRAM	"""rule unpairVS(vCons(kvP(_:Val, V:Val), R:ValSeq)) => vCons(V, unpairVS(R))"""
K0326	/reference/reference-semantics/semantics/concrete.k	59	59	rule	owise	no	FIXED_SUPPLIED_RULE_UNREACHABLE_FROM_SUBMITTED_PROGRAM	"""rule unpairVS(vCons(V:Val, R:ValSeq)) => vCons(V, unpairVS(R)) [owise]"""
K0327	/reference/reference-semantics/semantics/concrete.k	60	60	endmodule	-	no	FIXED_SUPPLIED_DECLARATION_OR_ASSEMBLY_INERT_OR_WELL_FORMED	"""endmodule"""
K0328	/reference/reference-semantics/semantics/controls.k	3	3	module	-	yes	FIXED_SUPPLIED_SEMANTICS_USED_AND_REVIEWED_SOUND_ON_MATCH_DOMAIN	"""module MPY-CONTROLS"""
K0329	/reference/reference-semantics/semantics/controls.k	4	4	imports	-	yes	FIXED_SUPPLIED_SEMANTICS_USED_AND_REVIEWED_SOUND_ON_MATCH_DOMAIN	"""imports MPY-CORE"""
K0330	/reference/reference-semantics/semantics/controls.k	5	5	imports	-	yes	FIXED_SUPPLIED_SEMANTICS_USED_AND_REVIEWED_SOUND_ON_MATCH_DOMAIN	"""imports MPY-TUPLE"""
K0331	/reference/reference-semantics/semantics/controls.k	6	6	imports	-	yes	FIXED_SUPPLIED_SEMANTICS_USED_AND_REVIEWED_SOUND_ON_MATCH_DOMAIN	"""imports MPY-ITER"""
K0332	/reference/reference-semantics/semantics/controls.k	9	11	rule	-	yes	FIXED_SUPPLIED_SEMANTICS_USED_AND_REVIEWED_SOUND_ON_MATCH_DOMAIN	"""rule <k> Assign(Name(X:String), V:Val) => .K ... </k>"""
K0333	/reference/reference-semantics/semantics/controls.k	12	18	rule	priority	yes	FIXED_SUPPLIED_SEMANTICS_USED_AND_REVIEWED_SOUND_ON_MATCH_DOMAIN	"""rule <k> Assign(Name(X:String), V:Val) => #cellW({M[X]}:>Val, V) ... </k>"""
K0334	/reference/reference-semantics/semantics/controls.k	20	23	rule	-	no	FIXED_SUPPLIED_RULE_UNREACHABLE_FROM_SUBMITTED_PROGRAM	"""rule <k> AugAssign(Name(X:String), OP:String, V:Val) => .K ... </k>"""
K0335	/reference/reference-semantics/semantics/controls.k	27	31	rule	priority	no	FIXED_SUPPLIED_RULE_UNREACHABLE_FROM_SUBMITTED_PROGRAM	"""rule <k> AugAssign(Name(X:String), OP:String, V:Val) => Assign(Name(X), BinOp(OP, Name(X), V)) ... </k>"""
K0336	/reference/reference-semantics/semantics/controls.k	35	35	rule	-	no	FIXED_SUPPLIED_RULE_UNREACHABLE_FROM_SUBMITTED_PROGRAM	"""rule <k> ImportFrom(\""math\"", NS:ParamNames) => #bindImports(NS) ... </k>"""
K0337	/reference/reference-semantics/semantics/controls.k	36	36	rule	owise	no	FIXED_SUPPLIED_RULE_UNREACHABLE_FROM_SUBMITTED_PROGRAM	"""rule <k> ImportFrom(_:String, _:ParamNames) => .K ... </k> [owise]"""
K0338	/reference/reference-semantics/semantics/controls.k	37	37	syntax	-	no	FIXED_SUPPLIED_DECLARATION_OR_ASSEMBLY_INERT_OR_WELL_FORMED	"""syntax KItem ::= #bindImports(ParamNames)"""
K0339	/reference/reference-semantics/semantics/controls.k	38	38	rule	-	no	FIXED_SUPPLIED_RULE_UNREACHABLE_FROM_SUBMITTED_PROGRAM	"""rule <k> #bindImports(.ParamNames) => .K ... </k>"""
K0340	/reference/reference-semantics/semantics/controls.k	39	42	rule	-	no	FIXED_SUPPLIED_RULE_UNREACHABLE_FROM_SUBMITTED_PROGRAM	"""rule <k> #bindImports((N:String, NS:ParamNames)) => #bindImports(NS) ... </k>"""
K0341	/reference/reference-semantics/semantics/controls.k	43	44	rule	-	no	FIXED_SUPPLIED_RULE_UNREACHABLE_FROM_SUBMITTED_PROGRAM	"""rule <k> #bindImports((N:String, NS:ParamNames)) => #bindImports(NS) ... </k>"""
K0342	/reference/reference-semantics/semantics/controls.k	48	48	rule	-	yes	FIXED_SUPPLIED_SEMANTICS_USED_AND_REVIEWED_SOUND_ON_MATCH_DOMAIN	"""rule <k> Expr(_:Val) => .K ... </k>"""
K0343	/reference/reference-semantics/semantics/controls.k	51	51	syntax	-	yes	FIXED_SUPPLIED_SEMANTICS_USED_AND_REVIEWED_SOUND_ON_MATCH_DOMAIN	"""syntax KItem ::= #branch(Bool, Stmts, Stmts)"""
K0344	/reference/reference-semantics/semantics/controls.k	52	52	rule	-	yes	FIXED_SUPPLIED_SEMANTICS_USED_AND_REVIEWED_SOUND_ON_MATCH_DOMAIN	"""rule <k> If(C:Val, T:Stmts, E:Stmts) => #branch(truthy(C), T, E) ... </k>"""
K0345	/reference/reference-semantics/semantics/controls.k	53	53	rule	-	yes	FIXED_SUPPLIED_SEMANTICS_USED_AND_REVIEWED_SOUND_ON_MATCH_DOMAIN	"""rule <k> #branch(true,  T:Stmts, _:Stmts) => T ... </k>"""
K0346	/reference/reference-semantics/semantics/controls.k	54	54	rule	-	yes	FIXED_SUPPLIED_SEMANTICS_USED_AND_REVIEWED_SOUND_ON_MATCH_DOMAIN	"""rule <k> #branch(false, _:Stmts, E:Stmts) => E ... </k>"""
K0347	/reference/reference-semantics/semantics/controls.k	57	58	rule	-	yes	FIXED_SUPPLIED_SEMANTICS_USED_AND_REVIEWED_SOUND_ON_MATCH_DOMAIN	"""rule <k> IfExp(V:Val, T:Expr, _:Expr) => T ... </k>"""
K0348	/reference/reference-semantics/semantics/controls.k	59	60	rule	-	yes	FIXED_SUPPLIED_SEMANTICS_USED_AND_REVIEWED_SOUND_ON_MATCH_DOMAIN	"""rule <k> IfExp(V:Val, _:Expr, E:Expr) => E ... </k>"""
K0349	/reference/reference-semantics/semantics/controls.k	65	67	syntax	-	yes	FIXED_SUPPLIED_SEMANTICS_USED_AND_REVIEWED_SOUND_ON_MATCH_DOMAIN	"""syntax KItem ::= #loop(Val, Expr, Stmts) | #loopStep(Expr, Stmts)"""
K0350	/reference/reference-semantics/semantics/controls.k	69	69	rule	-	yes	FIXED_SUPPLIED_SEMANTICS_USED_AND_REVIEWED_SOUND_ON_MATCH_DOMAIN	"""rule <k> For(T:Expr, OBJ:Val, B:Stmts) => #loop(OBJ, T, B) ... </k>"""
K0351	/reference/reference-semantics/semantics/controls.k	71	71	rule	-	yes	FIXED_SUPPLIED_SEMANTICS_USED_AND_REVIEWED_SOUND_ON_MATCH_DOMAIN	"""rule <k> #loop(IT:Iterable, T:Expr, B:Stmts) => #iterNext(IT) ~> #loopStep(T, B) ... </k>"""
K0352	/reference/reference-semantics/semantics/controls.k	72	72	rule	-	yes	FIXED_SUPPLIED_SEMANTICS_USED_AND_REVIEWED_SOUND_ON_MATCH_DOMAIN	"""rule <k> #iterDone ~> #loopStep(_:Expr, _:Stmts) => .K ... </k>"""
K0353	/reference/reference-semantics/semantics/controls.k	73	74	rule	-	yes	FIXED_SUPPLIED_SEMANTICS_USED_AND_REVIEWED_SOUND_ON_MATCH_DOMAIN	"""rule <k> #iterYield(V:Val, REST:Iterable) ~> #loopStep(T:Expr, B:Stmts)"""
K0354	/reference/reference-semantics/semantics/controls.k	77	77	rule	-	no	FIXED_SUPPLIED_RULE_UNREACHABLE_FROM_SUBMITTED_PROGRAM	"""rule <k> While(C:Expr, B:Stmts) => #while(C, B) ... </k>"""
K0355	/reference/reference-semantics/semantics/controls.k	78	78	rule	-	no	FIXED_SUPPLIED_RULE_UNREACHABLE_FROM_SUBMITTED_PROGRAM	"""rule <k> #while(C:Expr, B:Stmts) => C ~> #whileCond(C, B) ... </k>"""
K0356	/reference/reference-semantics/semantics/controls.k	79	80	rule	-	no	FIXED_SUPPLIED_RULE_UNREACHABLE_FROM_SUBMITTED_PROGRAM	"""rule <k> V:Val ~> #whileCond(C:Expr, B:Stmts) => B ~> #loopLbl(#while(C, B)) ... </k>"""
K0357	/reference/reference-semantics/semantics/controls.k	81	82	rule	-	no	FIXED_SUPPLIED_RULE_UNREACHABLE_FROM_SUBMITTED_PROGRAM	"""rule <k> V:Val ~> #whileCond(_C:Expr, _B:Stmts) => .K ... </k>"""
K0358	/reference/reference-semantics/semantics/controls.k	85	85	rule	-	no	FIXED_SUPPLIED_RULE_UNREACHABLE_FROM_SUBMITTED_PROGRAM	"""rule <k> #loopLbl(NEXT:K) => NEXT ... </k>"""
K0359	/reference/reference-semantics/semantics/controls.k	86	86	rule	-	no	FIXED_SUPPLIED_RULE_UNREACHABLE_FROM_SUBMITTED_PROGRAM	"""rule <k> Continue => #cont ... </k>"""
K0360	/reference/reference-semantics/semantics/controls.k	87	87	rule	-	no	FIXED_SUPPLIED_RULE_UNREACHABLE_FROM_SUBMITTED_PROGRAM	"""rule <k> Break => #brk ... </k>"""
K0361	/reference/reference-semantics/semantics/controls.k	88	88	rule	-	no	FIXED_SUPPLIED_RULE_UNREACHABLE_FROM_SUBMITTED_PROGRAM	"""rule <k> #cont ~> #loopLbl(NEXT:K) => NEXT ... </k>"""
K0362	/reference/reference-semantics/semantics/controls.k	89	89	rule	owise	no	FIXED_SUPPLIED_RULE_UNREACHABLE_FROM_SUBMITTED_PROGRAM	"""rule <k> #cont ~> (_:KItem => .K) ... </k> [owise]"""
K0363	/reference/reference-semantics/semantics/controls.k	90	90	rule	-	no	FIXED_SUPPLIED_RULE_UNREACHABLE_FROM_SUBMITTED_PROGRAM	"""rule <k> #brk ~> #loopLbl(_:K) => .K ... </k>"""
K0364	/reference/reference-semantics/semantics/controls.k	91	91	rule	owise	no	FIXED_SUPPLIED_RULE_UNREACHABLE_FROM_SUBMITTED_PROGRAM	"""rule <k> #brk ~> (_:KItem => .K) ... </k> [owise]"""
K0365	/reference/reference-semantics/semantics/controls.k	95	97	rule	priority	no	FIXED_SUPPLIED_RULE_UNREACHABLE_FROM_SUBMITTED_PROGRAM	"""rule <k> If(ref(H:Int), T:Stmts, E:Stmts) => If(V, T, E) ... </k>"""
K0366	/reference/reference-semantics/semantics/controls.k	98	100	rule	priority	no	FIXED_SUPPLIED_RULE_UNREACHABLE_FROM_SUBMITTED_PROGRAM	"""rule <k> IfExp(ref(H:Int), T:Expr, E:Expr) => IfExp(V, T, E) ... </k>"""
K0367	/reference/reference-semantics/semantics/controls.k	101	103	rule	priority	no	FIXED_SUPPLIED_RULE_UNREACHABLE_FROM_SUBMITTED_PROGRAM	"""rule <k> ref(H:Int) ~> #whileCond(C:Expr, B:Stmts) => V ~> #whileCond(C, B) ... </k>"""
K0368	/reference/reference-semantics/semantics/controls.k	106	108	rule	priority	no	FIXED_SUPPLIED_RULE_UNREACHABLE_FROM_SUBMITTED_PROGRAM	"""rule <k> For(T:Expr, ref(H:Int), B:Stmts) => For(T, V, B) ... </k>"""
K0369	/reference/reference-semantics/semantics/controls.k	109	109	endmodule	-	no	FIXED_SUPPLIED_DECLARATION_OR_ASSEMBLY_INERT_OR_WELL_FORMED	"""endmodule"""
K0370	/reference/reference-semantics/semantics/core.k	3	3	module	-	yes	FIXED_SUPPLIED_SEMANTICS_USED_AND_REVIEWED_SOUND_ON_MATCH_DOMAIN	"""module MPY-CORE"""
K0371	/reference/reference-semantics/semantics/core.k	4	4	imports	-	yes	FIXED_SUPPLIED_SEMANTICS_USED_AND_REVIEWED_SOUND_ON_MATCH_DOMAIN	"""imports MPY-SYNTAX"""
K0372	/reference/reference-semantics/semantics/core.k	5	5	imports	-	yes	FIXED_SUPPLIED_SEMANTICS_USED_AND_REVIEWED_SOUND_ON_MATCH_DOMAIN	"""imports INT"""
K0373	/reference/reference-semantics/semantics/core.k	6	6	imports	-	yes	FIXED_SUPPLIED_SEMANTICS_USED_AND_REVIEWED_SOUND_ON_MATCH_DOMAIN	"""imports BOOL"""
K0374	/reference/reference-semantics/semantics/core.k	7	7	imports	-	yes	FIXED_SUPPLIED_SEMANTICS_USED_AND_REVIEWED_SOUND_ON_MATCH_DOMAIN	"""imports STRING"""
K0375	/reference/reference-semantics/semantics/core.k	8	8	imports	-	yes	FIXED_SUPPLIED_SEMANTICS_USED_AND_REVIEWED_SOUND_ON_MATCH_DOMAIN	"""imports MAP"""
K0376	/reference/reference-semantics/semantics/core.k	9	9	imports	-	yes	FIXED_SUPPLIED_SEMANTICS_USED_AND_REVIEWED_SOUND_ON_MATCH_DOMAIN	"""imports LIST"""
K0377	/reference/reference-semantics/semantics/core.k	10	10	imports	-	yes	FIXED_SUPPLIED_SEMANTICS_USED_AND_REVIEWED_SOUND_ON_MATCH_DOMAIN	"""imports K-EQUAL"""
K0378	/reference/reference-semantics/semantics/core.k	13	13	syntax	-	yes	FIXED_SUPPLIED_SEMANTICS_USED_AND_REVIEWED_SOUND_ON_MATCH_DOMAIN	"""syntax IntSeq ::= \"".IntSeq\"" | iCons(Int, IntSeq)"""
K0379	/reference/reference-semantics/semantics/core.k	14	14	syntax	-	yes	FIXED_SUPPLIED_SEMANTICS_USED_AND_REVIEWED_SOUND_ON_MATCH_DOMAIN	"""syntax ValSeq ::= \"".ValSeq\"" | vCons(Val, ValSeq)"""
K0380	/reference/reference-semantics/semantics/core.k	15	15	syntax	-	yes	FIXED_SUPPLIED_SEMANTICS_USED_AND_REVIEWED_SOUND_ON_MATCH_DOMAIN	"""syntax Str    ::= str(IntSeq)"""
K0381	/reference/reference-semantics/semantics/core.k	18	23	syntax	-	yes	FIXED_SUPPLIED_SEMANTICS_USED_AND_REVIEWED_SOUND_ON_MATCH_DOMAIN	"""syntax Iterable ::= list(ValSeq)"""
K0382	/reference/reference-semantics/semantics/core.k	25	34	syntax	-	yes	FIXED_SUPPLIED_SEMANTICS_USED_AND_REVIEWED_SOUND_ON_MATCH_DOMAIN	"""syntax Val      ::= Int"""
K0383	/reference/reference-semantics/semantics/core.k	36	36	syntax	-	yes	FIXED_SUPPLIED_SEMANTICS_USED_AND_REVIEWED_SOUND_ON_MATCH_DOMAIN	"""syntax Parent   ::= \""root\"" | parent(Int)"""
K0384	/reference/reference-semantics/semantics/core.k	37	37	syntax	-	yes	FIXED_SUPPLIED_SEMANTICS_USED_AND_REVIEWED_SOUND_ON_MATCH_DOMAIN	"""syntax Scope    ::= scope(Map, Parent)"""
K0385	/reference/reference-semantics/semantics/core.k	38	38	syntax	-	yes	FIXED_SUPPLIED_SEMANTICS_USED_AND_REVIEWED_SOUND_ON_MATCH_DOMAIN	"""syntax KResult  ::= Val"""
K0386	/reference/reference-semantics/semantics/core.k	39	39	syntax	-	yes	FIXED_SUPPLIED_SEMANTICS_USED_AND_REVIEWED_SOUND_ON_MATCH_DOMAIN	"""syntax Expr     ::= Val   // cooling puts results back into expression holes"""
K0387	/reference/reference-semantics/semantics/core.k	40	40	syntax	-	yes	FIXED_SUPPLIED_SEMANTICS_USED_AND_REVIEWED_SOUND_ON_MATCH_DOMAIN	"""syntax Vals     ::= List{Val, \"",\""}"""
K0388	/reference/reference-semantics/semantics/core.k	41	41	syntax	-	yes	FIXED_SUPPLIED_SEMANTICS_USED_AND_REVIEWED_SOUND_ON_MATCH_DOMAIN	"""syntax Exc      ::= \""NoExc\"" | \""AssertionError\"""""
K0389	/reference/reference-semantics/semantics/core.k	42	42	syntax	-	yes	FIXED_SUPPLIED_SEMANTICS_USED_AND_REVIEWED_SOUND_ON_MATCH_DOMAIN	"""syntax RetState ::= \""noRet\"" | retV(Val)"""
K0390	/reference/reference-semantics/semantics/core.k	49	60	configuration	-	yes	FIXED_SUPPLIED_SEMANTICS_USED_AND_REVIEWED_SOUND_ON_MATCH_DOMAIN	"""configuration"""
K0391	/reference/reference-semantics/semantics/core.k	68	68	syntax	function,total	yes	FIXED_SUPPLIED_SEMANTICS_USED_AND_REVIEWED_SOUND_ON_MATCH_DOMAIN	"""syntax Bool ::= isRefV(Val) [function, total]"""
K0392	/reference/reference-semantics/semantics/core.k	69	69	rule	-	yes	FIXED_SUPPLIED_SEMANTICS_USED_AND_REVIEWED_SOUND_ON_MATCH_DOMAIN	"""rule isRefV(ref(_:Int)) => true"""
K0393	/reference/reference-semantics/semantics/core.k	70	70	rule	owise	yes	FIXED_SUPPLIED_SEMANTICS_USED_AND_REVIEWED_SOUND_ON_MATCH_DOMAIN	"""rule isRefV(_:Val)      => false [owise]"""
K0394	/reference/reference-semantics/semantics/core.k	75	75	syntax	-	no	FIXED_SUPPLIED_DECLARATION_OR_ASSEMBLY_INERT_OR_WELL_FORMED	"""syntax HeapVal ::= cellV(Val)"""
K0395	/reference/reference-semantics/semantics/core.k	76	76	syntax	function,total	no	FIXED_SUPPLIED_DECLARATION_OR_ASSEMBLY_INERT_OR_WELL_FORMED	"""syntax Bool ::= isCellRef(Val) [function, total]"""
K0396	/reference/reference-semantics/semantics/core.k	77	77	rule	-	no	FIXED_SUPPLIED_RULE_UNREACHABLE_FROM_SUBMITTED_PROGRAM	"""rule isCellRef(cellRef(_:Int)) => true"""
K0397	/reference/reference-semantics/semantics/core.k	78	78	rule	owise	no	FIXED_SUPPLIED_RULE_UNREACHABLE_FROM_SUBMITTED_PROGRAM	"""rule isCellRef(_:Val)          => false [owise]"""
K0398	/reference/reference-semantics/semantics/core.k	85	90	rule	priority	no	FIXED_SUPPLIED_RULE_UNREACHABLE_FROM_SUBMITTED_PROGRAM	"""rule <k> cellRef(H:Int) => V ... </k>"""
K0399	/reference/reference-semantics/semantics/core.k	95	95	syntax	-	no	FIXED_SUPPLIED_DECLARATION_OR_ASSEMBLY_INERT_OR_WELL_FORMED	"""syntax Val ::= kwV(String, Val)"""
K0400	/reference/reference-semantics/semantics/core.k	96	96	syntax	-	no	FIXED_SUPPLIED_DECLARATION_OR_ASSEMBLY_INERT_OR_WELL_FORMED	"""syntax KItem ::= #kwTag(String)"""
K0401	/reference/reference-semantics/semantics/core.k	97	97	rule	-	no	FIXED_SUPPLIED_RULE_UNREACHABLE_FROM_SUBMITTED_PROGRAM	"""rule <k> KwArg(N:String, E:Expr) => E ~> #kwTag(N) ... </k>"""
K0402	/reference/reference-semantics/semantics/core.k	98	99	rule	-	no	FIXED_SUPPLIED_RULE_UNREACHABLE_FROM_SUBMITTED_PROGRAM	"""rule <k> V:Val ~> #kwTag(N:String) => kwV(N, V) ... </k>"""
K0403	/reference/reference-semantics/semantics/core.k	100	100	syntax	function,total	no	FIXED_SUPPLIED_DECLARATION_OR_ASSEMBLY_INERT_OR_WELL_FORMED	"""syntax Bool ::= isKwV(Val) [function, total]"""
K0404	/reference/reference-semantics/semantics/core.k	101	101	rule	-	no	FIXED_SUPPLIED_RULE_UNREACHABLE_FROM_SUBMITTED_PROGRAM	"""rule isKwV(kwV(_:String, _:Val)) => true"""
K0405	/reference/reference-semantics/semantics/core.k	102	102	rule	owise	no	FIXED_SUPPLIED_RULE_UNREACHABLE_FROM_SUBMITTED_PROGRAM	"""rule isKwV(_:Val)                => false [owise]"""
K0406	/reference/reference-semantics/semantics/core.k	106	106	syntax	-	no	FIXED_SUPPLIED_DECLARATION_OR_ASSEMBLY_INERT_OR_WELL_FORMED	"""syntax Val ::= cellsMark(ParamNames)"""
K0407	/reference/reference-semantics/semantics/core.k	107	107	syntax	function	no	FIXED_SUPPLIED_DECLARATION_OR_ASSEMBLY_INERT_OR_WELL_FORMED	"""syntax ParamNames ::= cellsOf(Val) [function]"""
K0408	/reference/reference-semantics/semantics/core.k	108	108	rule	-	no	FIXED_SUPPLIED_RULE_UNREACHABLE_FROM_SUBMITTED_PROGRAM	"""rule cellsOf(cellsMark(CVS:ParamNames)) => CVS"""
K0409	/reference/reference-semantics/semantics/core.k	109	109	syntax	function,total	no	FIXED_SUPPLIED_DECLARATION_OR_ASSEMBLY_INERT_OR_WELL_FORMED	"""syntax Bool ::= pnMember(String, ParamNames) [function, total]"""
K0410	/reference/reference-semantics/semantics/core.k	110	110	rule	-	no	FIXED_SUPPLIED_RULE_UNREACHABLE_FROM_SUBMITTED_PROGRAM	"""rule pnMember(_:String, .ParamNames) => false"""
K0411	/reference/reference-semantics/semantics/core.k	111	111	rule	-	no	FIXED_SUPPLIED_RULE_UNREACHABLE_FROM_SUBMITTED_PROGRAM	"""rule pnMember(X:String, (P:String, R:ParamNames)) => X ==String P orBool pnMember(X, R)"""
K0412	/reference/reference-semantics/semantics/core.k	113	113	syntax	-	no	FIXED_SUPPLIED_DECLARATION_OR_ASSEMBLY_INERT_OR_WELL_FORMED	"""syntax KItem ::= #cellW(Val, Val)"""
K0413	/reference/reference-semantics/semantics/core.k	114	115	rule	-	no	FIXED_SUPPLIED_RULE_UNREACHABLE_FROM_SUBMITTED_PROGRAM	"""rule <k> #cellW(cellRef(H:Int), V:Val) => .K ... </k>"""
K0414	/reference/reference-semantics/semantics/core.k	117	117	syntax	-	yes	FIXED_SUPPLIED_SEMANTICS_USED_AND_REVIEWED_SOUND_ON_MATCH_DOMAIN	"""syntax KItem ::= #alloc(Val)"""
K0415	/reference/reference-semantics/semantics/core.k	118	121	rule	-	yes	FIXED_SUPPLIED_SEMANTICS_USED_AND_REVIEWED_SOUND_ON_MATCH_DOMAIN	"""rule <k> #alloc(V:Val) => ref(N) ... </k>"""
K0416	/reference/reference-semantics/semantics/core.k	124	124	syntax	-	yes	FIXED_SUPPLIED_SEMANTICS_USED_AND_REVIEWED_SOUND_ON_MATCH_DOMAIN	"""syntax KItem ::= #loadAll(Module)"""
K0417	/reference/reference-semantics/semantics/core.k	125	125	rule	-	yes	FIXED_SUPPLIED_SEMANTICS_USED_AND_REVIEWED_SOUND_ON_MATCH_DOMAIN	"""rule <k> #loadAll(Module(SS:Stmts)) => SS ... </k>"""
K0418	/reference/reference-semantics/semantics/core.k	126	126	rule	-	yes	FIXED_SUPPLIED_SEMANTICS_USED_AND_REVIEWED_SOUND_ON_MATCH_DOMAIN	"""rule <k> (S:Stmt SS:Stmts):Stmts => S ~> SS ... </k>"""
K0419	/reference/reference-semantics/semantics/core.k	127	127	rule	-	yes	FIXED_SUPPLIED_SEMANTICS_USED_AND_REVIEWED_SOUND_ON_MATCH_DOMAIN	"""rule <k> .Stmts => .K ... </k>"""
K0420	/reference/reference-semantics/semantics/core.k	130	130	syntax	-	yes	FIXED_SUPPLIED_SEMANTICS_USED_AND_REVIEWED_SOUND_ON_MATCH_DOMAIN	"""syntax KItem ::= #look(String, Int)"""
K0421	/reference/reference-semantics/semantics/core.k	131	131	rule	-	yes	FIXED_SUPPLIED_SEMANTICS_USED_AND_REVIEWED_SOUND_ON_MATCH_DOMAIN	"""rule <k> Name(X:String) => #look(X, L) ... </k> <env> L:Int </env>"""
K0422	/reference/reference-semantics/semantics/core.k	132	134	rule	-	yes	FIXED_SUPPLIED_SEMANTICS_USED_AND_REVIEWED_SOUND_ON_MATCH_DOMAIN	"""rule <k> #look(X:String, L:Int) => {M[X]}:>Val ... </k>"""
K0423	/reference/reference-semantics/semantics/core.k	145	151	rule	priority	yes	FIXED_SUPPLIED_SEMANTICS_USED_AND_REVIEWED_SOUND_ON_MATCH_DOMAIN	"""rule <k> #look(X:String, L:Int) => V ... </k>"""
K0424	/reference/reference-semantics/semantics/core.k	152	154	rule	-	yes	FIXED_SUPPLIED_SEMANTICS_USED_AND_REVIEWED_SOUND_ON_MATCH_DOMAIN	"""rule <k> #look(X:String, L:Int) => #look(X, P) ... </k>"""
K0425	/reference/reference-semantics/semantics/core.k	157	157	syntax	function,total	yes	FIXED_SUPPLIED_SEMANTICS_USED_AND_REVIEWED_SOUND_ON_MATCH_DOMAIN	"""syntax Scope ::= \""builtinsScope\"" [function, total]"""
K0426	/reference/reference-semantics/semantics/core.k	158	181	rule	-	yes	FIXED_SUPPLIED_SEMANTICS_USED_AND_REVIEWED_SOUND_ON_MATCH_DOMAIN	"""rule builtinsScope"""
K0427	/reference/reference-semantics/semantics/core.k	185	185	syntax	-	yes	FIXED_SUPPLIED_SEMANTICS_USED_AND_REVIEWED_SOUND_ON_MATCH_DOMAIN	"""syntax ApplyK ::= toCall(Val)"""
K0428	/reference/reference-semantics/semantics/core.k	186	188	syntax	-	yes	FIXED_SUPPLIED_SEMANTICS_USED_AND_REVIEWED_SOUND_ON_MATCH_DOMAIN	"""syntax KItem  ::= #evalArgs(Exprs, Vals, ApplyK)"""
K0429	/reference/reference-semantics/semantics/core.k	189	189	rule	-	yes	FIXED_SUPPLIED_SEMANTICS_USED_AND_REVIEWED_SOUND_ON_MATCH_DOMAIN	"""rule <k> #evalArgs((A:Expr, REST:Exprs), ACC:Vals, K:ApplyK) => A ~> #evalArgCont(REST, ACC, K) ... </k>"""
K0430	/reference/reference-semantics/semantics/core.k	190	190	rule	-	yes	FIXED_SUPPLIED_SEMANTICS_USED_AND_REVIEWED_SOUND_ON_MATCH_DOMAIN	"""rule <k> V:Val ~> #evalArgCont(REST:Exprs, ACC:Vals, K:ApplyK) => #evalArgs(REST, appendVal(ACC, V), K) ... </k>"""
K0431	/reference/reference-semantics/semantics/core.k	191	191	rule	-	yes	FIXED_SUPPLIED_SEMANTICS_USED_AND_REVIEWED_SOUND_ON_MATCH_DOMAIN	"""rule <k> #evalArgs(.Exprs, ACC:Vals, K:ApplyK) => #applyK(K, ACC) ... </k>"""
K0432	/reference/reference-semantics/semantics/core.k	194	194	rule	-	yes	FIXED_SUPPLIED_SEMANTICS_USED_AND_REVIEWED_SOUND_ON_MATCH_DOMAIN	"""rule <k> Int(I:Int)   => I ... </k>"""
K0433	/reference/reference-semantics/semantics/core.k	195	195	rule	-	yes	FIXED_SUPPLIED_SEMANTICS_USED_AND_REVIEWED_SOUND_ON_MATCH_DOMAIN	"""rule <k> Bool(B:Bool) => B ... </k>"""
K0434	/reference/reference-semantics/semantics/core.k	196	196	rule	-	yes	FIXED_SUPPLIED_SEMANTICS_USED_AND_REVIEWED_SOUND_ON_MATCH_DOMAIN	"""rule <k> NoneVal      => noneV ... </k>"""
K0435	/reference/reference-semantics/semantics/core.k	199	199	syntax	function	yes	FIXED_SUPPLIED_SEMANTICS_USED_AND_REVIEWED_SOUND_ON_MATCH_DOMAIN	"""syntax Bool ::= truthy(Val) [function]"""
K0436	/reference/reference-semantics/semantics/core.k	200	200	rule	-	yes	FIXED_SUPPLIED_SEMANTICS_USED_AND_REVIEWED_SOUND_ON_MATCH_DOMAIN	"""rule truthy(B:Bool)          => B"""
K0437	/reference/reference-semantics/semantics/core.k	201	201	rule	-	yes	FIXED_SUPPLIED_SEMANTICS_USED_AND_REVIEWED_SOUND_ON_MATCH_DOMAIN	"""rule truthy(noneV)           => false"""
K0438	/reference/reference-semantics/semantics/core.k	202	202	rule	-	yes	FIXED_SUPPLIED_SEMANTICS_USED_AND_REVIEWED_SOUND_ON_MATCH_DOMAIN	"""rule truthy(I:Int)           => I =/=Int 0"""
K0439	/reference/reference-semantics/semantics/core.k	203	203	rule	-	yes	FIXED_SUPPLIED_SEMANTICS_USED_AND_REVIEWED_SOUND_ON_MATCH_DOMAIN	"""rule truthy(str(S:IntSeq))   => notBool (S ==K .IntSeq)"""
K0440	/reference/reference-semantics/semantics/core.k	204	204	rule	-	yes	FIXED_SUPPLIED_SEMANTICS_USED_AND_REVIEWED_SOUND_ON_MATCH_DOMAIN	"""rule truthy(list(V:ValSeq))  => notBool (V ==K .ValSeq)"""
K0441	/reference/reference-semantics/semantics/core.k	205	205	rule	-	yes	FIXED_SUPPLIED_SEMANTICS_USED_AND_REVIEWED_SOUND_ON_MATCH_DOMAIN	"""rule truthy(tuple(V:ValSeq)) => notBool (V ==K .ValSeq)"""
K0442	/reference/reference-semantics/semantics/core.k	208	208	syntax	function	yes	FIXED_SUPPLIED_SEMANTICS_USED_AND_REVIEWED_SOUND_ON_MATCH_DOMAIN	"""syntax Val  ::= applyUn(String, Val) [function]"""
K0443	/reference/reference-semantics/semantics/core.k	209	209	syntax	function	yes	FIXED_SUPPLIED_SEMANTICS_USED_AND_REVIEWED_SOUND_ON_MATCH_DOMAIN	"""syntax Val  ::= applyBin(String, Val, Val) [function]"""
K0444	/reference/reference-semantics/semantics/core.k	210	210	syntax	function	yes	FIXED_SUPPLIED_SEMANTICS_USED_AND_REVIEWED_SOUND_ON_MATCH_DOMAIN	"""syntax Bool ::= applyCmp(String, Val, Val) [function]"""
K0445	/reference/reference-semantics/semantics/core.k	213	213	syntax	function,total	yes	FIXED_SUPPLIED_SEMANTICS_USED_AND_REVIEWED_SOUND_ON_MATCH_DOMAIN	"""syntax Vals ::= appendVal(Vals, Val) [function, total]"""
K0446	/reference/reference-semantics/semantics/core.k	214	214	rule	-	yes	FIXED_SUPPLIED_SEMANTICS_USED_AND_REVIEWED_SOUND_ON_MATCH_DOMAIN	"""rule appendVal(.Vals, V:Val)              => V , .Vals"""
K0447	/reference/reference-semantics/semantics/core.k	215	215	rule	-	yes	FIXED_SUPPLIED_SEMANTICS_USED_AND_REVIEWED_SOUND_ON_MATCH_DOMAIN	"""rule appendVal((V0:Val, VS:Vals), V:Val)  => V0 , appendVal(VS, V)"""
K0448	/reference/reference-semantics/semantics/core.k	217	217	syntax	function,total	yes	FIXED_SUPPLIED_SEMANTICS_USED_AND_REVIEWED_SOUND_ON_MATCH_DOMAIN	"""syntax ValSeq ::= vals2valSeq(Vals) [function, total]"""
K0449	/reference/reference-semantics/semantics/core.k	218	218	rule	-	yes	FIXED_SUPPLIED_SEMANTICS_USED_AND_REVIEWED_SOUND_ON_MATCH_DOMAIN	"""rule vals2valSeq(.Vals)            => .ValSeq"""
K0450	/reference/reference-semantics/semantics/core.k	219	219	rule	-	yes	FIXED_SUPPLIED_SEMANTICS_USED_AND_REVIEWED_SOUND_ON_MATCH_DOMAIN	"""rule vals2valSeq((V:Val, VS:Vals)) => vCons(V, vals2valSeq(VS))"""
K0451	/reference/reference-semantics/semantics/core.k	223	223	syntax	function,total	yes	FIXED_SUPPLIED_SEMANTICS_USED_AND_REVIEWED_SOUND_ON_MATCH_DOMAIN	"""syntax Int ::= vsLen(ValSeq) [function, total]"""
K0452	/reference/reference-semantics/semantics/core.k	224	224	rule	-	yes	FIXED_SUPPLIED_SEMANTICS_USED_AND_REVIEWED_SOUND_ON_MATCH_DOMAIN	"""rule vsLen(.ValSeq)                => 0"""
K0453	/reference/reference-semantics/semantics/core.k	225	225	rule	-	yes	FIXED_SUPPLIED_SEMANTICS_USED_AND_REVIEWED_SOUND_ON_MATCH_DOMAIN	"""rule vsLen(vCons(_:Val, S:ValSeq)) => 1 +Int vsLen(S)"""
K0454	/reference/reference-semantics/semantics/core.k	227	227	syntax	function,total	no	FIXED_SUPPLIED_DECLARATION_OR_ASSEMBLY_INERT_OR_WELL_FORMED	"""syntax Int ::= isLen(IntSeq) [function, total]"""
K0455	/reference/reference-semantics/semantics/core.k	228	228	rule	-	no	FIXED_SUPPLIED_RULE_UNREACHABLE_FROM_SUBMITTED_PROGRAM	"""rule isLen(.IntSeq)                => 0"""
K0456	/reference/reference-semantics/semantics/core.k	229	229	rule	-	no	FIXED_SUPPLIED_RULE_UNREACHABLE_FROM_SUBMITTED_PROGRAM	"""rule isLen(iCons(_:Int, S:IntSeq)) => 1 +Int isLen(S)"""
K0457	/reference/reference-semantics/semantics/core.k	233	233	syntax	function,total	no	FIXED_SUPPLIED_DECLARATION_OR_ASSEMBLY_INERT_OR_WELL_FORMED	"""syntax ValSeq ::= setVSAt(ValSeq, Int, Val) [function, total]"""
K0458	/reference/reference-semantics/semantics/core.k	234	234	rule	-	no	FIXED_SUPPLIED_RULE_UNREACHABLE_FROM_SUBMITTED_PROGRAM	"""rule setVSAt(.ValSeq, _:Int, _:Val)               => .ValSeq"""
K0459	/reference/reference-semantics/semantics/core.k	235	235	rule	-	no	FIXED_SUPPLIED_RULE_UNREACHABLE_FROM_SUBMITTED_PROGRAM	"""rule setVSAt(vCons(_:Val, S:ValSeq), 0, V:Val)    => vCons(V, S)"""
K0460	/reference/reference-semantics/semantics/core.k	236	237	rule	-	no	FIXED_SUPPLIED_RULE_UNREACHABLE_FROM_SUBMITTED_PROGRAM	"""rule setVSAt(vCons(W:Val, S:ValSeq), I:Int, V:Val) => vCons(W, setVSAt(S, I -Int 1, V))"""
K0461	/reference/reference-semantics/semantics/core.k	238	239	rule	-	no	FIXED_SUPPLIED_RULE_UNREACHABLE_FROM_SUBMITTED_PROGRAM	"""rule setVSAt(VS:ValSeq, I:Int, _:Val)             => VS"""
K0462	/reference/reference-semantics/semantics/core.k	240	240	endmodule	-	no	FIXED_SUPPLIED_DECLARATION_OR_ASSEMBLY_INERT_OR_WELL_FORMED	"""endmodule"""
K0463	/reference/reference-semantics/semantics/dict.k	13	13	module	-	no	FIXED_SUPPLIED_DECLARATION_OR_ASSEMBLY_INERT_OR_WELL_FORMED	"""module MPY-DICT"""
K0464	/reference/reference-semantics/semantics/dict.k	14	14	imports	-	no	FIXED_SUPPLIED_DECLARATION_OR_ASSEMBLY_INERT_OR_WELL_FORMED	"""imports MPY-CORE"""
K0465	/reference/reference-semantics/semantics/dict.k	15	15	imports	-	no	FIXED_SUPPLIED_DECLARATION_OR_ASSEMBLY_INERT_OR_WELL_FORMED	"""imports MPY-ITER"""
K0466	/reference/reference-semantics/semantics/dict.k	16	16	imports	-	no	FIXED_SUPPLIED_DECLARATION_OR_ASSEMBLY_INERT_OR_WELL_FORMED	"""imports MPY-METHODS"""
K0467	/reference/reference-semantics/semantics/dict.k	17	17	imports	-	no	FIXED_SUPPLIED_DECLARATION_OR_ASSEMBLY_INERT_OR_WELL_FORMED	"""imports MPY-LIST"""
K0468	/reference/reference-semantics/semantics/dict.k	20	20	syntax	-	no	FIXED_SUPPLIED_DECLARATION_OR_ASSEMBLY_INERT_OR_WELL_FORMED	"""syntax Val ::= dictV(ValSeq, ValSeq)"""
K0469	/reference/reference-semantics/semantics/dict.k	23	25	syntax	-	no	FIXED_SUPPLIED_DECLARATION_OR_ASSEMBLY_INERT_OR_WELL_FORMED	"""syntax KItem ::= #dictAcc(Entries, ValSeq, ValSeq)"""
K0470	/reference/reference-semantics/semantics/dict.k	26	26	rule	-	no	FIXED_SUPPLIED_RULE_UNREACHABLE_FROM_SUBMITTED_PROGRAM	"""rule <k> DictExpr(ES:Entries) => #dictAcc(ES, .ValSeq, .ValSeq) ... </k>"""
K0471	/reference/reference-semantics/semantics/dict.k	27	27	rule	-	no	FIXED_SUPPLIED_RULE_UNREACHABLE_FROM_SUBMITTED_PROGRAM	"""rule <k> #dictAcc(.Entries, KS:ValSeq, VS:ValSeq) => dictV(KS, VS) ... </k>"""
K0472	/reference/reference-semantics/semantics/dict.k	28	29	rule	-	no	FIXED_SUPPLIED_RULE_UNREACHABLE_FROM_SUBMITTED_PROGRAM	"""rule <k> #dictAcc((Entry(K:Expr, V:Expr), REST:Entries), KS:ValSeq, VS:ValSeq)"""
K0473	/reference/reference-semantics/semantics/dict.k	30	31	rule	-	no	FIXED_SUPPLIED_RULE_UNREACHABLE_FROM_SUBMITTED_PROGRAM	"""rule <k> KV:Val ~> #dictKey(V:Expr, REST:Entries, KS:ValSeq, VS:ValSeq)"""
K0474	/reference/reference-semantics/semantics/dict.k	32	33	rule	-	no	FIXED_SUPPLIED_RULE_UNREACHABLE_FROM_SUBMITTED_PROGRAM	"""rule <k> VV:Val ~> #dictVal(KV:Val, REST:Entries, KS:ValSeq, VS:ValSeq)"""
K0475	/reference/reference-semantics/semantics/dict.k	37	37	syntax	function,total	no	FIXED_SUPPLIED_DECLARATION_OR_ASSEMBLY_INERT_OR_WELL_FORMED	"""syntax Bool ::= dHasKey(ValSeq, Val) [function, total]"""
K0476	/reference/reference-semantics/semantics/dict.k	38	38	rule	-	no	FIXED_SUPPLIED_RULE_UNREACHABLE_FROM_SUBMITTED_PROGRAM	"""rule dHasKey(.ValSeq, _:Val)                => false"""
K0477	/reference/reference-semantics/semantics/dict.k	39	39	rule	-	no	FIXED_SUPPLIED_RULE_UNREACHABLE_FROM_SUBMITTED_PROGRAM	"""rule dHasKey(vCons(A:Val, _:ValSeq), K:Val) => true          requires A ==K K"""
K0478	/reference/reference-semantics/semantics/dict.k	40	40	rule	-	no	FIXED_SUPPLIED_RULE_UNREACHABLE_FROM_SUBMITTED_PROGRAM	"""rule dHasKey(vCons(A:Val, R:ValSeq), K:Val) => dHasKey(R, K) requires notBool (A ==K K)"""
K0479	/reference/reference-semantics/semantics/dict.k	43	43	syntax	function,total	no	FIXED_SUPPLIED_DECLARATION_OR_ASSEMBLY_INERT_OR_WELL_FORMED	"""syntax ValSeq ::= dPutK(ValSeq, Val) [function, total]"""
K0480	/reference/reference-semantics/semantics/dict.k	44	44	rule	-	no	FIXED_SUPPLIED_RULE_UNREACHABLE_FROM_SUBMITTED_PROGRAM	"""rule dPutK(KS:ValSeq, K:Val) => KS                                  requires dHasKey(KS, K)"""
K0481	/reference/reference-semantics/semantics/dict.k	45	45	rule	-	no	FIXED_SUPPLIED_RULE_UNREACHABLE_FROM_SUBMITTED_PROGRAM	"""rule dPutK(KS:ValSeq, K:Val) => valSeqConcat(KS, vCons(K, .ValSeq)) requires notBool dHasKey(KS, K)"""
K0482	/reference/reference-semantics/semantics/dict.k	49	49	syntax	function,total	no	FIXED_SUPPLIED_DECLARATION_OR_ASSEMBLY_INERT_OR_WELL_FORMED	"""syntax ValSeq ::= dPutV(ValSeq, ValSeq, Val, Val) [function, total]"""
K0483	/reference/reference-semantics/semantics/dict.k	50	51	rule	-	no	FIXED_SUPPLIED_RULE_UNREACHABLE_FROM_SUBMITTED_PROGRAM	"""rule dPutV(vCons(A:Val, _:ValSeq), vCons(_:Val, VR:ValSeq), K:Val, V:Val)  => vCons(V, VR)"""
K0484	/reference/reference-semantics/semantics/dict.k	52	53	rule	-	no	FIXED_SUPPLIED_RULE_UNREACHABLE_FROM_SUBMITTED_PROGRAM	"""rule dPutV(vCons(A:Val, KR:ValSeq), vCons(B:Val, VR:ValSeq), K:Val, V:Val) => vCons(B, dPutV(KR, VR, K, V))"""
K0485	/reference/reference-semantics/semantics/dict.k	54	54	rule	owise	no	FIXED_SUPPLIED_RULE_UNREACHABLE_FROM_SUBMITTED_PROGRAM	"""rule dPutV(_KS:ValSeq, VS:ValSeq, _K:Val, V:Val) => valSeqConcat(VS, vCons(V, .ValSeq)) [owise]"""
K0486	/reference/reference-semantics/semantics/dict.k	58	60	rule	priority	no	FIXED_SUPPLIED_RULE_UNREACHABLE_FROM_SUBMITTED_PROGRAM	"""rule <k> #applyK(toCall(boundMethodV(dictV(KS:ValSeq, _:ValSeq), \""keys\"")), .Vals)"""
K0487	/reference/reference-semantics/semantics/dict.k	63	63	rule	-	no	FIXED_SUPPLIED_RULE_UNREACHABLE_FROM_SUBMITTED_PROGRAM	"""rule applyIndexD(dictV(KS:ValSeq, VS:ValSeq), K:Val) => dGet(KS, VS, K)"""
K0488	/reference/reference-semantics/semantics/dict.k	64	64	syntax	function	no	FIXED_SUPPLIED_DECLARATION_OR_ASSEMBLY_INERT_OR_WELL_FORMED	"""syntax Val ::= applyIndexD(Val, Val) [function]"""
K0489	/reference/reference-semantics/semantics/dict.k	65	66	rule	priority	no	FIXED_SUPPLIED_RULE_UNREACHABLE_FROM_SUBMITTED_PROGRAM	"""rule <k> Subscript(dictV(KS:ValSeq, VS:ValSeq), K:Val) => applyIndexD(dictV(KS, VS), K) ... </k>"""
K0490	/reference/reference-semantics/semantics/dict.k	70	70	syntax	function	no	FIXED_SUPPLIED_DECLARATION_OR_ASSEMBLY_INERT_OR_WELL_FORMED	"""syntax Val ::= dictSet(Val, Val, Val) [function]"""
K0491	/reference/reference-semantics/semantics/dict.k	71	71	rule	-	no	FIXED_SUPPLIED_RULE_UNREACHABLE_FROM_SUBMITTED_PROGRAM	"""rule dictSet(dictV(KS:ValSeq, VS:ValSeq), K:Val, V:Val) => dictV(dPutK(KS, K), dPutV(KS, VS, K, V))"""
K0492	/reference/reference-semantics/semantics/dict.k	76	76	syntax	-	no	FIXED_SUPPLIED_DECLARATION_OR_ASSEMBLY_INERT_OR_WELL_FORMED	"""syntax KItem ::= #dsetK(String, Val)"""
K0493	/reference/reference-semantics/semantics/dict.k	77	77	rule	-	no	FIXED_SUPPLIED_RULE_UNREACHABLE_FROM_SUBMITTED_PROGRAM	"""rule <k> Assign(Subscript(Name(X:String), K:Expr), VV:Val) => K ~> #dsetK(X, VV) ... </k>"""
K0494	/reference/reference-semantics/semantics/dict.k	78	81	rule	-	no	FIXED_SUPPLIED_RULE_UNREACHABLE_FROM_SUBMITTED_PROGRAM	"""rule <k> KV:Val ~> #dsetK(X:String, VV:Val) => .K ... </k>"""
K0495	/reference/reference-semantics/semantics/dict.k	82	85	rule	-	no	FIXED_SUPPLIED_RULE_UNREACHABLE_FROM_SUBMITTED_PROGRAM	"""rule <k> KV:Val ~> #dsetK(X:String, VV:Val) => #dsetV({M[X]}:>Val, KV, VV) ... </k>"""
K0496	/reference/reference-semantics/semantics/dict.k	86	86	syntax	-	no	FIXED_SUPPLIED_DECLARATION_OR_ASSEMBLY_INERT_OR_WELL_FORMED	"""syntax KItem ::= #dsetV(Val, Val, Val)"""
K0497	/reference/reference-semantics/semantics/dict.k	87	88	rule	-	no	FIXED_SUPPLIED_RULE_UNREACHABLE_FROM_SUBMITTED_PROGRAM	"""rule <k> #dsetV(ref(H:Int), I:Int, VV:Val) => .K ... </k>"""
K0498	/reference/reference-semantics/semantics/dict.k	90	90	syntax	function,total	no	FIXED_SUPPLIED_DECLARATION_OR_ASSEMBLY_INERT_OR_WELL_FORMED	"""syntax Int ::= normIdxD(Int, Int) [function, total]"""
K0499	/reference/reference-semantics/semantics/dict.k	91	91	rule	-	no	FIXED_SUPPLIED_RULE_UNREACHABLE_FROM_SUBMITTED_PROGRAM	"""rule normIdxD(I:Int, LEN:Int) => I +Int LEN requires I  <Int 0"""
K0500	/reference/reference-semantics/semantics/dict.k	92	92	rule	-	no	FIXED_SUPPLIED_RULE_UNREACHABLE_FROM_SUBMITTED_PROGRAM	"""rule normIdxD(I:Int, _:Int)   => I          requires I >=Int 0"""
K0501	/reference/reference-semantics/semantics/dict.k	95	96	rule	-	no	FIXED_SUPPLIED_RULE_UNREACHABLE_FROM_SUBMITTED_PROGRAM	"""rule applyCmp(\""==\"", dictV(KS1:ValSeq, VS1:ValSeq), dictV(KS2:ValSeq, VS2:ValSeq))"""
K0502	/reference/reference-semantics/semantics/dict.k	97	97	syntax	function	no	FIXED_SUPPLIED_DECLARATION_OR_ASSEMBLY_INERT_OR_WELL_FORMED	"""syntax Bool ::= dSubset(ValSeq, ValSeq, ValSeq, ValSeq) [function]"""
K0503	/reference/reference-semantics/semantics/dict.k	98	98	rule	-	no	FIXED_SUPPLIED_RULE_UNREACHABLE_FROM_SUBMITTED_PROGRAM	"""rule dSubset(.ValSeq, .ValSeq, _:ValSeq, _:ValSeq) => true"""
K0504	/reference/reference-semantics/semantics/dict.k	99	100	rule	-	no	FIXED_SUPPLIED_RULE_UNREACHABLE_FROM_SUBMITTED_PROGRAM	"""rule dSubset(vCons(K:Val, KR:ValSeq), vCons(V:Val, VR:ValSeq), KS2:ValSeq, VS2:ValSeq)"""
K0505	/reference/reference-semantics/semantics/dict.k	101	101	syntax	function	no	FIXED_SUPPLIED_DECLARATION_OR_ASSEMBLY_INERT_OR_WELL_FORMED	"""syntax Val ::= dGet(ValSeq, ValSeq, Val) [function]"""
K0506	/reference/reference-semantics/semantics/dict.k	102	102	rule	-	no	FIXED_SUPPLIED_RULE_UNREACHABLE_FROM_SUBMITTED_PROGRAM	"""rule dGet(vCons(A:Val, _:ValSeq), vCons(B:Val, _:ValSeq), K:Val) => B                requires A ==K K"""
K0507	/reference/reference-semantics/semantics/dict.k	103	103	rule	-	no	FIXED_SUPPLIED_RULE_UNREACHABLE_FROM_SUBMITTED_PROGRAM	"""rule dGet(vCons(A:Val, KR:ValSeq), vCons(_:Val, VR:ValSeq), K:Val) => dGet(KR, VR, K) requires notBool (A ==K K)"""
K0508	/reference/reference-semantics/semantics/dict.k	104	104	endmodule	-	no	FIXED_SUPPLIED_DECLARATION_OR_ASSEMBLY_INERT_OR_WELL_FORMED	"""endmodule"""
K0509	/reference/reference-semantics/semantics/float.k	14	14	module	-	no	FIXED_SUPPLIED_DECLARATION_OR_ASSEMBLY_INERT_OR_WELL_FORMED	"""module MPY-FLOAT"""
K0510	/reference/reference-semantics/semantics/float.k	15	15	imports	-	no	FIXED_SUPPLIED_DECLARATION_OR_ASSEMBLY_INERT_OR_WELL_FORMED	"""imports MPY-OPERATORS"""
K0511	/reference/reference-semantics/semantics/float.k	16	16	imports	-	no	FIXED_SUPPLIED_DECLARATION_OR_ASSEMBLY_INERT_OR_WELL_FORMED	"""imports MPY-BUILTINS"""
K0512	/reference/reference-semantics/semantics/float.k	17	17	imports	-	no	FIXED_SUPPLIED_DECLARATION_OR_ASSEMBLY_INERT_OR_WELL_FORMED	"""imports FLOAT"""
K0513	/reference/reference-semantics/semantics/float.k	20	20	syntax	-	no	FIXED_SUPPLIED_DECLARATION_OR_ASSEMBLY_INERT_OR_WELL_FORMED	"""syntax Val ::= Float"""
K0514	/reference/reference-semantics/semantics/float.k	21	21	rule	-	no	FIXED_SUPPLIED_RULE_UNREACHABLE_FROM_SUBMITTED_PROGRAM	"""rule <k> Float(F:Float) => F ... </k>"""
K0515	/reference/reference-semantics/semantics/float.k	24	24	syntax	function,total,symbol,no-evaluators	no	UNUSED_EXTERNAL_TRUST_BOUNDARY_INERT_FOR_THIS_PROGRAM	"""syntax Float ::= intFloatDiv(Int, Float) [function, total, symbol(intFloatDiv), no-evaluators]"""
K0516	/reference/reference-semantics/semantics/float.k	25	25	rule	concrete	no	CONCRETE_ONLY_RULE_INERT_FOR_SYMBOLIC_PROOF	"""rule intFloatDiv(I:Int, F:Float) => Int2Float(I, 53, 11) /Float F [concrete]"""
K0517	/reference/reference-semantics/semantics/float.k	27	27	rule	-	no	FIXED_SUPPLIED_RULE_UNREACHABLE_FROM_SUBMITTED_PROGRAM	"""rule applyBin(\""/\"", I:Int, F:Float) => intFloatDiv(I, F)"""
K0518	/reference/reference-semantics/semantics/float.k	30	30	syntax	function,total,symbol,no-evaluators	no	UNUSED_EXTERNAL_TRUST_BOUNDARY_INERT_FOR_THIS_PROGRAM	"""syntax Float ::= divII(Int, Int) [function, total, symbol(divII), no-evaluators]"""
K0519	/reference/reference-semantics/semantics/float.k	31	31	rule	concrete	no	CONCRETE_ONLY_RULE_INERT_FOR_SYMBOLIC_PROOF	"""rule divII(I1:Int, I2:Int) => Int2Float(I1, 53, 11) /Float Int2Float(I2, 53, 11) [concrete]"""
K0520	/reference/reference-semantics/semantics/float.k	32	32	rule	-	no	FIXED_SUPPLIED_RULE_UNREACHABLE_FROM_SUBMITTED_PROGRAM	"""rule applyBin(\""/\"", I1:Int, I2:Int) => divII(I1, I2)"""
K0521	/reference/reference-semantics/semantics/float.k	37	37	syntax	function,total,symbol,no-evaluators	no	UNUSED_EXTERNAL_TRUST_BOUNDARY_INERT_FOR_THIS_PROGRAM	"""syntax Float ::= floatMod(Float, Float) [function, total, symbol(floatMod), no-evaluators]"""
K0522	/reference/reference-semantics/semantics/float.k	38	38	rule	concrete	no	CONCRETE_ONLY_RULE_INERT_FOR_SYMBOLIC_PROOF	"""rule floatMod(F1:Float, F2:Float) => F1 -Float (floorFloat(F1 /Float F2) *Float F2) [concrete]"""
K0523	/reference/reference-semantics/semantics/float.k	39	39	rule	-	no	FIXED_SUPPLIED_RULE_UNREACHABLE_FROM_SUBMITTED_PROGRAM	"""rule applyBin(\""%\"", F1:Float, F2:Float) => floatMod(F1, F2)"""
K0524	/reference/reference-semantics/semantics/float.k	43	43	rule	-	no	FIXED_SUPPLIED_RULE_UNREACHABLE_FROM_SUBMITTED_PROGRAM	"""rule applyCmp(\""==\"", F1:Float, F2:Float) => F1 ==Float F2"""
K0525	/reference/reference-semantics/semantics/float.k	44	44	rule	-	no	FIXED_SUPPLIED_RULE_UNREACHABLE_FROM_SUBMITTED_PROGRAM	"""rule applyCmp(\""!=\"", F1:Float, F2:Float) => notBool (F1 ==Float F2)"""
K0526	/reference/reference-semantics/semantics/float.k	50	50	syntax	function,total,symbol,no-evaluators	no	UNUSED_EXTERNAL_TRUST_BOUNDARY_INERT_FOR_THIS_PROGRAM	"""syntax Bool ::= floatLt(Float, Float) [function, total, symbol(floatLt), no-evaluators]"""
K0527	/reference/reference-semantics/semantics/float.k	51	51	rule	concrete	no	CONCRETE_ONLY_RULE_INERT_FOR_SYMBOLIC_PROOF	"""rule floatLt(F1:Float, F2:Float) => F1 <Float F2 [concrete]"""
K0528	/reference/reference-semantics/semantics/float.k	52	52	rule	-	no	FIXED_SUPPLIED_RULE_UNREACHABLE_FROM_SUBMITTED_PROGRAM	"""rule applyCmp(\""<\"", F1:Float, F2:Float) => floatLt(F1, F2)"""
K0529	/reference/reference-semantics/semantics/float.k	54	54	syntax	function,total,symbol,no-evaluators	no	UNUSED_EXTERNAL_TRUST_BOUNDARY_INERT_FOR_THIS_PROGRAM	"""syntax Float ::= absF(Float) [function, total, symbol(absF), no-evaluators]"""
K0530	/reference/reference-semantics/semantics/float.k	55	55	rule	concrete	no	CONCRETE_ONLY_RULE_INERT_FOR_SYMBOLIC_PROOF	"""rule absF(F:Float) => absFloat(F) [concrete]"""
K0531	/reference/reference-semantics/semantics/float.k	56	56	rule	-	no	FIXED_SUPPLIED_RULE_UNREACHABLE_FROM_SUBMITTED_PROGRAM	"""rule applyBuiltin(\""abs\"", F:Float, .Vals) => absF(F)"""
K0532	/reference/reference-semantics/semantics/float.k	61	61	rule	-	no	FIXED_SUPPLIED_RULE_UNREACHABLE_FROM_SUBMITTED_PROGRAM	"""rule <k> Import(_:String) => .K ... </k>"""
K0533	/reference/reference-semantics/semantics/float.k	65	65	syntax	-	no	FIXED_SUPPLIED_DECLARATION_OR_ASSEMBLY_INERT_OR_WELL_FORMED	"""syntax KItem ::= \""#mathCeil\"""""
K0534	/reference/reference-semantics/semantics/float.k	66	66	rule	priority	no	FIXED_SUPPLIED_RULE_UNREACHABLE_FROM_SUBMITTED_PROGRAM	"""rule <k> Call(Attribute(Name(\""math\""), \""ceil\""), (E:Expr, .Exprs)) => E ~> #mathCeil ... </k> [priority(40)]"""
K0535	/reference/reference-semantics/semantics/float.k	67	67	rule	-	no	FIXED_SUPPLIED_RULE_UNREACHABLE_FROM_SUBMITTED_PROGRAM	"""rule <k> V:Val ~> #mathCeil => ceilF(V) ... </k>"""
K0536	/reference/reference-semantics/semantics/float.k	70	70	syntax	-	no	FIXED_SUPPLIED_DECLARATION_OR_ASSEMBLY_INERT_OR_WELL_FORMED	"""syntax KItem ::= \""#mathFloor\"""""
K0537	/reference/reference-semantics/semantics/float.k	71	71	rule	priority	no	FIXED_SUPPLIED_RULE_UNREACHABLE_FROM_SUBMITTED_PROGRAM	"""rule <k> Call(Attribute(Name(\""math\""), \""floor\""), (E:Expr, .Exprs)) => E ~> #mathFloor ... </k> [priority(40)]"""
K0538	/reference/reference-semantics/semantics/float.k	72	72	rule	-	no	FIXED_SUPPLIED_RULE_UNREACHABLE_FROM_SUBMITTED_PROGRAM	"""rule <k> V:Val ~> #mathFloor => floorFI(V) ... </k>"""
K0539	/reference/reference-semantics/semantics/float.k	73	73	syntax	function,total,symbol	no	FIXED_SUPPLIED_DECLARATION_OR_ASSEMBLY_INERT_OR_WELL_FORMED	"""syntax Int ::= floorFI(Val) [function, total, symbol(floorFI)]"""
K0540	/reference/reference-semantics/semantics/float.k	74	74	rule	concrete	no	CONCRETE_ONLY_RULE_INERT_FOR_SYMBOLIC_PROOF	"""rule floorFI(I:Int)   => I                        [concrete]"""
K0541	/reference/reference-semantics/semantics/float.k	75	75	rule	concrete	no	CONCRETE_ONLY_RULE_INERT_FOR_SYMBOLIC_PROOF	"""rule floorFI(F:Float) => Float2Int(floorFloat(F)) [concrete]"""
K0542	/reference/reference-semantics/semantics/float.k	78	78	rule	-	no	FIXED_SUPPLIED_RULE_UNREACHABLE_FROM_SUBMITTED_PROGRAM	"""rule applyBuiltin(\""floor\"", V:Val, .Vals) => floorFI(V)"""
K0543	/reference/reference-semantics/semantics/float.k	79	79	rule	-	no	FIXED_SUPPLIED_RULE_UNREACHABLE_FROM_SUBMITTED_PROGRAM	"""rule applyBuiltin(\""ceil\"",  V:Val, .Vals) => ceilF(V)"""
K0544	/reference/reference-semantics/semantics/float.k	82	82	syntax	-	no	FIXED_SUPPLIED_DECLARATION_OR_ASSEMBLY_INERT_OR_WELL_FORMED	"""syntax KItem ::= #mathPow1(Expr) | #mathPow2(Val)"""
K0545	/reference/reference-semantics/semantics/float.k	83	83	rule	priority	no	FIXED_SUPPLIED_RULE_UNREACHABLE_FROM_SUBMITTED_PROGRAM	"""rule <k> Call(Attribute(Name(\""math\""), \""pow\""), (E1:Expr, E2:Expr, .Exprs)) => E1 ~> #mathPow1(E2) ... </k> [priority(40)]"""
K0546	/reference/reference-semantics/semantics/float.k	84	84	rule	-	no	FIXED_SUPPLIED_RULE_UNREACHABLE_FROM_SUBMITTED_PROGRAM	"""rule <k> V1:Val ~> #mathPow1(E2:Expr) => E2 ~> #mathPow2(V1) ... </k>"""
K0547	/reference/reference-semantics/semantics/float.k	85	85	rule	-	no	FIXED_SUPPLIED_RULE_UNREACHABLE_FROM_SUBMITTED_PROGRAM	"""rule <k> V2:Val ~> #mathPow2(V1:Val) => powF(toF(V1), toF(V2)) ... </k>"""
K0548	/reference/reference-semantics/semantics/float.k	86	86	syntax	function,total,symbol	no	FIXED_SUPPLIED_DECLARATION_OR_ASSEMBLY_INERT_OR_WELL_FORMED	"""syntax Float ::= toF(Val) [function, total, symbol(toF)]"""
K0549	/reference/reference-semantics/semantics/float.k	87	87	rule	concrete	no	CONCRETE_ONLY_RULE_INERT_FOR_SYMBOLIC_PROOF	"""rule toF(F:Float) => F        [concrete]"""
K0550	/reference/reference-semantics/semantics/float.k	88	88	rule	concrete	no	CONCRETE_ONLY_RULE_INERT_FOR_SYMBOLIC_PROOF	"""rule toF(I:Int)   => intToF(I) [concrete]"""
K0551	/reference/reference-semantics/semantics/float.k	93	93	syntax	function,total,symbol	no	FIXED_SUPPLIED_DECLARATION_OR_ASSEMBLY_INERT_OR_WELL_FORMED	"""syntax Int ::= ceilF(Val) [function, total, symbol(ceilF)]"""
K0552	/reference/reference-semantics/semantics/float.k	94	94	rule	concrete	no	CONCRETE_ONLY_RULE_INERT_FOR_SYMBOLIC_PROOF	"""rule ceilF(I:Int)   => I                       [concrete]"""
K0553	/reference/reference-semantics/semantics/float.k	95	95	rule	concrete	no	CONCRETE_ONLY_RULE_INERT_FOR_SYMBOLIC_PROOF	"""rule ceilF(F:Float) => Float2Int(ceilFloat(F)) [concrete]"""
K0554	/reference/reference-semantics/semantics/float.k	99	99	rule	-	no	FIXED_SUPPLIED_RULE_UNREACHABLE_FROM_SUBMITTED_PROGRAM	"""rule applyUn(\""-\"", F:Float) => 0.0 -Float F"""
K0555	/reference/reference-semantics/semantics/float.k	103	103	syntax	function,total,symbol,no-evaluators	no	UNUSED_EXTERNAL_TRUST_BOUNDARY_INERT_FOR_THIS_PROGRAM	"""syntax Float ::= subF(Float, Float) [function, total, symbol(subF), no-evaluators]"""
K0556	/reference/reference-semantics/semantics/float.k	104	104	rule	concrete	no	CONCRETE_ONLY_RULE_INERT_FOR_SYMBOLIC_PROOF	"""rule subF(F1:Float, F2:Float) => F1 -Float F2 [concrete]"""
K0557	/reference/reference-semantics/semantics/float.k	105	105	rule	-	no	FIXED_SUPPLIED_RULE_UNREACHABLE_FROM_SUBMITTED_PROGRAM	"""rule applyBin(\""-\"", F1:Float, F2:Float) => subF(F1, F2)"""
K0558	/reference/reference-semantics/semantics/float.k	107	107	syntax	function,total,symbol,no-evaluators	no	UNUSED_EXTERNAL_TRUST_BOUNDARY_INERT_FOR_THIS_PROGRAM	"""syntax Float ::= divF(Float, Float) [function, total, symbol(divF), no-evaluators]"""
K0559	/reference/reference-semantics/semantics/float.k	108	108	rule	concrete	no	CONCRETE_ONLY_RULE_INERT_FOR_SYMBOLIC_PROOF	"""rule divF(F1:Float, F2:Float) => F1 /Float F2 [concrete]"""
K0560	/reference/reference-semantics/semantics/float.k	109	109	rule	-	no	FIXED_SUPPLIED_RULE_UNREACHABLE_FROM_SUBMITTED_PROGRAM	"""rule applyBin(\""/\"", F1:Float, F2:Float) => divF(F1, F2)"""
K0561	/reference/reference-semantics/semantics/float.k	111	111	syntax	function,total,symbol,no-evaluators	no	UNUSED_EXTERNAL_TRUST_BOUNDARY_INERT_FOR_THIS_PROGRAM	"""syntax Float ::= addF(Float, Float) [function, total, symbol(addF), no-evaluators]"""
K0562	/reference/reference-semantics/semantics/float.k	112	112	rule	concrete	no	CONCRETE_ONLY_RULE_INERT_FOR_SYMBOLIC_PROOF	"""rule addF(F1:Float, F2:Float) => F1 +Float F2 [concrete]"""
K0563	/reference/reference-semantics/semantics/float.k	113	113	rule	-	no	FIXED_SUPPLIED_RULE_UNREACHABLE_FROM_SUBMITTED_PROGRAM	"""rule applyBin(\""+\"", F1:Float, F2:Float) => addF(F1, F2)"""
K0564	/reference/reference-semantics/semantics/float.k	115	115	syntax	function,total,symbol,no-evaluators	no	UNUSED_EXTERNAL_TRUST_BOUNDARY_INERT_FOR_THIS_PROGRAM	"""syntax Float ::= mulF(Float, Float) [function, total, symbol(mulF), no-evaluators]"""
K0565	/reference/reference-semantics/semantics/float.k	116	116	rule	concrete	no	CONCRETE_ONLY_RULE_INERT_FOR_SYMBOLIC_PROOF	"""rule mulF(F1:Float, F2:Float) => F1 *Float F2 [concrete]"""
K0566	/reference/reference-semantics/semantics/float.k	117	117	rule	-	no	FIXED_SUPPLIED_RULE_UNREACHABLE_FROM_SUBMITTED_PROGRAM	"""rule applyBin(\""*\"", F1:Float, F2:Float) => mulF(F1, F2)"""
K0567	/reference/reference-semantics/semantics/float.k	119	119	syntax	function,total,symbol,no-evaluators	no	UNUSED_EXTERNAL_TRUST_BOUNDARY_INERT_FOR_THIS_PROGRAM	"""syntax Float ::= powF(Float, Float) [function, total, symbol(powF), no-evaluators]"""
K0568	/reference/reference-semantics/semantics/float.k	120	120	rule	concrete	no	CONCRETE_ONLY_RULE_INERT_FOR_SYMBOLIC_PROOF	"""rule powF(F1:Float, F2:Float) => F1 ^Float F2 [concrete]"""
K0569	/reference/reference-semantics/semantics/float.k	121	121	rule	-	no	FIXED_SUPPLIED_RULE_UNREACHABLE_FROM_SUBMITTED_PROGRAM	"""rule applyBin(\""**\"", F1:Float, F2:Float) => powF(F1, F2)"""
K0570	/reference/reference-semantics/semantics/float.k	125	125	syntax	function,total,symbol,no-evaluators	no	UNUSED_EXTERNAL_TRUST_BOUNDARY_INERT_FOR_THIS_PROGRAM	"""syntax Bool ::= gtF(Float, Float) [function, total, symbol(gtF), no-evaluators]"""
K0571	/reference/reference-semantics/semantics/float.k	126	126	rule	concrete	no	CONCRETE_ONLY_RULE_INERT_FOR_SYMBOLIC_PROOF	"""rule gtF(F1:Float, F2:Float) => F1 >Float F2 [concrete]"""
K0572	/reference/reference-semantics/semantics/float.k	127	127	rule	-	no	FIXED_SUPPLIED_RULE_UNREACHABLE_FROM_SUBMITTED_PROGRAM	"""rule applyCmp(\"">\"",  F1:Float, F2:Float) => gtF(F1, F2)"""
K0573	/reference/reference-semantics/semantics/float.k	128	128	rule	-	no	FIXED_SUPPLIED_RULE_UNREACHABLE_FROM_SUBMITTED_PROGRAM	"""rule applyCmp(\"">=\"", F1:Float, F2:Float) => notBool floatLt(F1, F2)"""
K0574	/reference/reference-semantics/semantics/float.k	129	129	rule	-	no	FIXED_SUPPLIED_RULE_UNREACHABLE_FROM_SUBMITTED_PROGRAM	"""rule applyCmp(\""<=\"", F1:Float, F2:Float) => notBool gtF(F1, F2)"""
K0575	/reference/reference-semantics/semantics/float.k	132	132	rule	-	no	FIXED_SUPPLIED_RULE_UNREACHABLE_FROM_SUBMITTED_PROGRAM	"""rule applyBin(\""**\"", I:Int, F:Float) => powF(intToF(I), F)"""
K0576	/reference/reference-semantics/semantics/float.k	133	133	rule	-	no	FIXED_SUPPLIED_RULE_UNREACHABLE_FROM_SUBMITTED_PROGRAM	"""rule applyBin(\""**\"", F:Float, I:Int) => powF(F, intToF(I))"""
K0577	/reference/reference-semantics/semantics/float.k	134	134	rule	-	no	FIXED_SUPPLIED_RULE_UNREACHABLE_FROM_SUBMITTED_PROGRAM	"""rule applyBin(\""-\"",  I:Int, F:Float) => subF(intToF(I), F)"""
K0578	/reference/reference-semantics/semantics/float.k	135	135	rule	-	no	FIXED_SUPPLIED_RULE_UNREACHABLE_FROM_SUBMITTED_PROGRAM	"""rule applyBin(\""-\"",  F:Float, I:Int) => subF(F, intToF(I))"""
K0579	/reference/reference-semantics/semantics/float.k	136	136	rule	-	no	FIXED_SUPPLIED_RULE_UNREACHABLE_FROM_SUBMITTED_PROGRAM	"""rule applyBin(\""+\"",  I:Int, F:Float) => addF(intToF(I), F)"""
K0580	/reference/reference-semantics/semantics/float.k	137	137	rule	-	no	FIXED_SUPPLIED_RULE_UNREACHABLE_FROM_SUBMITTED_PROGRAM	"""rule applyBin(\""+\"",  F:Float, I:Int) => addF(F, intToF(I))"""
K0581	/reference/reference-semantics/semantics/float.k	138	138	rule	-	no	FIXED_SUPPLIED_RULE_UNREACHABLE_FROM_SUBMITTED_PROGRAM	"""rule applyBin(\""*\"",  I:Int, F:Float) => mulF(intToF(I), F)"""
K0582	/reference/reference-semantics/semantics/float.k	139	139	rule	-	no	FIXED_SUPPLIED_RULE_UNREACHABLE_FROM_SUBMITTED_PROGRAM	"""rule applyBin(\""*\"",  F:Float, I:Int) => mulF(F, intToF(I))"""
K0583	/reference/reference-semantics/semantics/float.k	142	142	syntax	function,total,symbol,no-evaluators	no	UNUSED_EXTERNAL_TRUST_BOUNDARY_INERT_FOR_THIS_PROGRAM	"""syntax Bool ::= eqF(Float, Float) [function, total, symbol(eqF), no-evaluators]"""
K0584	/reference/reference-semantics/semantics/float.k	143	143	rule	concrete	no	CONCRETE_ONLY_RULE_INERT_FOR_SYMBOLIC_PROOF	"""rule eqF(F1:Float, F2:Float) => F1 ==Float F2 [concrete]"""
K0585	/reference/reference-semantics/semantics/float.k	144	144	rule	-	no	FIXED_SUPPLIED_RULE_UNREACHABLE_FROM_SUBMITTED_PROGRAM	"""rule applyCmp(\""==\"", I:Int, F:Float) => eqF(intToF(I), F)"""
K0586	/reference/reference-semantics/semantics/float.k	145	145	rule	-	no	FIXED_SUPPLIED_RULE_UNREACHABLE_FROM_SUBMITTED_PROGRAM	"""rule applyCmp(\""==\"", F:Float, I:Int) => eqF(F, intToF(I))"""
K0587	/reference/reference-semantics/semantics/float.k	146	146	rule	-	no	FIXED_SUPPLIED_RULE_UNREACHABLE_FROM_SUBMITTED_PROGRAM	"""rule applyCmp(\""!=\"", I:Int, F:Float) => notBool eqF(intToF(I), F)"""
K0588	/reference/reference-semantics/semantics/float.k	147	147	rule	-	no	FIXED_SUPPLIED_RULE_UNREACHABLE_FROM_SUBMITTED_PROGRAM	"""rule applyCmp(\""!=\"", F:Float, I:Int) => notBool eqF(F, intToF(I))"""
K0589	/reference/reference-semantics/semantics/float.k	148	148	rule	-	no	FIXED_SUPPLIED_RULE_UNREACHABLE_FROM_SUBMITTED_PROGRAM	"""rule applyCmp(\""<\"",  I:Int, F:Float) => floatLt(intToF(I), F)"""
K0590	/reference/reference-semantics/semantics/float.k	149	149	rule	-	no	FIXED_SUPPLIED_RULE_UNREACHABLE_FROM_SUBMITTED_PROGRAM	"""rule applyCmp(\""<\"",  F:Float, I:Int) => floatLt(F, intToF(I))"""
K0591	/reference/reference-semantics/semantics/float.k	150	150	rule	-	no	FIXED_SUPPLIED_RULE_UNREACHABLE_FROM_SUBMITTED_PROGRAM	"""rule applyCmp(\"">\"",  I:Int, F:Float) => gtF(intToF(I), F)"""
K0592	/reference/reference-semantics/semantics/float.k	151	151	rule	-	no	FIXED_SUPPLIED_RULE_UNREACHABLE_FROM_SUBMITTED_PROGRAM	"""rule applyCmp(\"">\"",  F:Float, I:Int) => gtF(F, intToF(I))"""
K0593	/reference/reference-semantics/semantics/float.k	154	154	rule	-	no	FIXED_SUPPLIED_RULE_UNREACHABLE_FROM_SUBMITTED_PROGRAM	"""rule applyCmp(\""==\"", V:Val, noneV) => V ==K noneV"""
K0594	/reference/reference-semantics/semantics/float.k	155	155	rule	-	no	FIXED_SUPPLIED_RULE_UNREACHABLE_FROM_SUBMITTED_PROGRAM	"""rule applyCmp(\""!=\"", V:Val, noneV) => notBool (V ==K noneV)"""
K0595	/reference/reference-semantics/semantics/float.k	160	160	syntax	function,total,symbol,no-evaluators	no	UNUSED_EXTERNAL_TRUST_BOUNDARY_INERT_FOR_THIS_PROGRAM	"""syntax Float ::= decStrToF(IntSeq) [function, total, symbol(decStrToF), no-evaluators]"""
K0596	/reference/reference-semantics/semantics/float.k	161	161	rule	concrete	no	CONCRETE_ONLY_RULE_INERT_FOR_SYMBOLIC_PROOF	"""rule decStrToF(iCons(45, CS:IntSeq)) => 0.0 -Float decStrToF(CS) [concrete]"""
K0597	/reference/reference-semantics/semantics/float.k	162	164	rule	concrete	no	CONCRETE_ONLY_RULE_INERT_FOR_SYMBOLIC_PROOF	"""rule decStrToF(CS:IntSeq)"""
K0598	/reference/reference-semantics/semantics/float.k	165	165	syntax	function	no	FIXED_SUPPLIED_DECLARATION_OR_ASSEMBLY_INERT_OR_WELL_FORMED	"""syntax Int ::= headIS(IntSeq) [function]"""
K0599	/reference/reference-semantics/semantics/float.k	166	166	rule	-	no	FIXED_SUPPLIED_RULE_UNREACHABLE_FROM_SUBMITTED_PROGRAM	"""rule headIS(iCons(C:Int, _:IntSeq)) => C"""
K0600	/reference/reference-semantics/semantics/float.k	167	167	syntax	function,total	no	FIXED_SUPPLIED_DECLARATION_OR_ASSEMBLY_INERT_OR_WELL_FORMED	"""syntax Int ::= intPart(IntSeq) [function, total] | intPartAcc(IntSeq, Int) [function, total]"""
K0601	/reference/reference-semantics/semantics/float.k	168	168	rule	-	no	FIXED_SUPPLIED_RULE_UNREACHABLE_FROM_SUBMITTED_PROGRAM	"""rule intPart(CS:IntSeq) => intPartAcc(CS, 0)"""
K0602	/reference/reference-semantics/semantics/float.k	169	169	rule	-	no	FIXED_SUPPLIED_RULE_UNREACHABLE_FROM_SUBMITTED_PROGRAM	"""rule intPartAcc(.IntSeq, A:Int) => A"""
K0603	/reference/reference-semantics/semantics/float.k	170	170	rule	-	no	FIXED_SUPPLIED_RULE_UNREACHABLE_FROM_SUBMITTED_PROGRAM	"""rule intPartAcc(iCons(46, _:IntSeq), A:Int) => A"""
K0604	/reference/reference-semantics/semantics/float.k	171	172	rule	-	no	FIXED_SUPPLIED_RULE_UNREACHABLE_FROM_SUBMITTED_PROGRAM	"""rule intPartAcc(iCons(C:Int, R:IntSeq), A:Int) => intPartAcc(R, A *Int 10 +Int (C -Int 48))"""
K0605	/reference/reference-semantics/semantics/float.k	173	173	syntax	function,total	no	FIXED_SUPPLIED_DECLARATION_OR_ASSEMBLY_INERT_OR_WELL_FORMED	"""syntax Int ::= fracPart(IntSeq) [function, total] | fracAcc(IntSeq, Int) [function, total]"""
K0606	/reference/reference-semantics/semantics/float.k	174	174	rule	-	no	FIXED_SUPPLIED_RULE_UNREACHABLE_FROM_SUBMITTED_PROGRAM	"""rule fracPart(.IntSeq) => 0"""
K0607	/reference/reference-semantics/semantics/float.k	175	175	rule	-	no	FIXED_SUPPLIED_RULE_UNREACHABLE_FROM_SUBMITTED_PROGRAM	"""rule fracPart(iCons(46, R:IntSeq)) => fracAcc(R, 0)"""
K0608	/reference/reference-semantics/semantics/float.k	176	176	rule	-	no	FIXED_SUPPLIED_RULE_UNREACHABLE_FROM_SUBMITTED_PROGRAM	"""rule fracPart(iCons(C:Int, R:IntSeq)) => fracPart(R) requires C =/=Int 46"""
K0609	/reference/reference-semantics/semantics/float.k	177	177	rule	-	no	FIXED_SUPPLIED_RULE_UNREACHABLE_FROM_SUBMITTED_PROGRAM	"""rule fracAcc(.IntSeq, A:Int) => A"""
K0610	/reference/reference-semantics/semantics/float.k	178	178	rule	-	no	FIXED_SUPPLIED_RULE_UNREACHABLE_FROM_SUBMITTED_PROGRAM	"""rule fracAcc(iCons(C:Int, R:IntSeq), A:Int) => fracAcc(R, A *Int 10 +Int (C -Int 48))"""
K0611	/reference/reference-semantics/semantics/float.k	179	179	syntax	function,total	no	FIXED_SUPPLIED_DECLARATION_OR_ASSEMBLY_INERT_OR_WELL_FORMED	"""syntax Int ::= fracScale(IntSeq) [function, total] | fscAcc(IntSeq, Int) [function, total]"""
K0612	/reference/reference-semantics/semantics/float.k	180	180	rule	-	no	FIXED_SUPPLIED_RULE_UNREACHABLE_FROM_SUBMITTED_PROGRAM	"""rule fracScale(.IntSeq) => 1"""
K0613	/reference/reference-semantics/semantics/float.k	181	181	rule	-	no	FIXED_SUPPLIED_RULE_UNREACHABLE_FROM_SUBMITTED_PROGRAM	"""rule fracScale(iCons(46, R:IntSeq)) => fscAcc(R, 1)"""
K0614	/reference/reference-semantics/semantics/float.k	182	182	rule	-	no	FIXED_SUPPLIED_RULE_UNREACHABLE_FROM_SUBMITTED_PROGRAM	"""rule fracScale(iCons(C:Int, R:IntSeq)) => fracScale(R) requires C =/=Int 46"""
K0615	/reference/reference-semantics/semantics/float.k	183	183	rule	-	no	FIXED_SUPPLIED_RULE_UNREACHABLE_FROM_SUBMITTED_PROGRAM	"""rule fscAcc(.IntSeq, A:Int) => A"""
K0616	/reference/reference-semantics/semantics/float.k	184	184	rule	-	no	FIXED_SUPPLIED_RULE_UNREACHABLE_FROM_SUBMITTED_PROGRAM	"""rule fscAcc(iCons(_:Int, R:IntSeq), A:Int) => fscAcc(R, A *Int 10)"""
K0617	/reference/reference-semantics/semantics/float.k	185	185	rule	-	no	FIXED_SUPPLIED_RULE_UNREACHABLE_FROM_SUBMITTED_PROGRAM	"""rule applyBuiltin(\""float\"", str(CS:IntSeq), .Vals) => decStrToF(CS)"""
K0618	/reference/reference-semantics/semantics/float.k	186	186	rule	-	no	FIXED_SUPPLIED_RULE_UNREACHABLE_FROM_SUBMITTED_PROGRAM	"""rule applyBuiltin(\""float\"", I:Int, .Vals)          => intToF(I)"""
K0619	/reference/reference-semantics/semantics/float.k	187	187	rule	-	no	FIXED_SUPPLIED_RULE_UNREACHABLE_FROM_SUBMITTED_PROGRAM	"""rule applyBuiltin(\""float\"", F:Float, .Vals)        => F"""
K0620	/reference/reference-semantics/semantics/float.k	190	190	syntax	function,total,symbol,no-evaluators	no	UNUSED_EXTERNAL_TRUST_BOUNDARY_INERT_FOR_THIS_PROGRAM	"""syntax Float ::= divFloatIntV(Float, Int) [function, total, symbol(divFloatIntV), no-evaluators]"""
K0621	/reference/reference-semantics/semantics/float.k	191	191	rule	concrete	no	CONCRETE_ONLY_RULE_INERT_FOR_SYMBOLIC_PROOF	"""rule divFloatIntV(F:Float, I:Int) => F /Float Int2Float(I, 53, 11) [concrete]"""
K0622	/reference/reference-semantics/semantics/float.k	192	192	rule	-	no	FIXED_SUPPLIED_RULE_UNREACHABLE_FROM_SUBMITTED_PROGRAM	"""rule applyBin(\""/\"", F:Float, I:Int) => divFloatIntV(F, I)"""
K0623	/reference/reference-semantics/semantics/float.k	195	195	syntax	function,total,symbol,no-evaluators	no	UNUSED_EXTERNAL_TRUST_BOUNDARY_INERT_FOR_THIS_PROGRAM	"""syntax Float ::= intToF(Int) [function, total, symbol(intToF), no-evaluators]"""
K0624	/reference/reference-semantics/semantics/float.k	196	196	rule	concrete	no	CONCRETE_ONLY_RULE_INERT_FOR_SYMBOLIC_PROOF	"""rule intToF(I:Int) => Int2Float(I, 53, 11) [concrete]"""
K0625	/reference/reference-semantics/semantics/float.k	197	197	rule	-	no	FIXED_SUPPLIED_RULE_UNREACHABLE_FROM_SUBMITTED_PROGRAM	"""rule applyBin(\""+\"", I:Int, F:Float) => addF(intToF(I), F)"""
K0626	/reference/reference-semantics/semantics/float.k	198	198	rule	-	no	FIXED_SUPPLIED_RULE_UNREACHABLE_FROM_SUBMITTED_PROGRAM	"""rule applyBin(\""+\"", F:Float, I:Int) => addF(F, intToF(I))"""
K0627	/reference/reference-semantics/semantics/float.k	199	199	rule	-	no	FIXED_SUPPLIED_RULE_UNREACHABLE_FROM_SUBMITTED_PROGRAM	"""rule applyBin(\""-\"", I:Int, F:Float) => subF(intToF(I), F)"""
K0628	/reference/reference-semantics/semantics/float.k	200	200	rule	-	no	FIXED_SUPPLIED_RULE_UNREACHABLE_FROM_SUBMITTED_PROGRAM	"""rule applyBin(\""-\"", F:Float, I:Int) => subF(F, intToF(I))"""
K0629	/reference/reference-semantics/semantics/float.k	201	201	rule	-	no	FIXED_SUPPLIED_RULE_UNREACHABLE_FROM_SUBMITTED_PROGRAM	"""rule applyBin(\""*\"", I:Int, F:Float) => mulF(intToF(I), F)"""
K0630	/reference/reference-semantics/semantics/float.k	202	202	rule	-	no	FIXED_SUPPLIED_RULE_UNREACHABLE_FROM_SUBMITTED_PROGRAM	"""rule applyBin(\""*\"", F:Float, I:Int) => mulF(F, intToF(I))"""
K0631	/reference/reference-semantics/semantics/float.k	203	203	rule	-	no	FIXED_SUPPLIED_RULE_UNREACHABLE_FROM_SUBMITTED_PROGRAM	"""rule applyCmp(\""<\"", I:Int, F:Float) => floatLt(intToF(I), F)"""
K0632	/reference/reference-semantics/semantics/float.k	204	204	rule	-	no	FIXED_SUPPLIED_RULE_UNREACHABLE_FROM_SUBMITTED_PROGRAM	"""rule applyCmp(\""<\"", F:Float, I:Int) => floatLt(F, intToF(I))"""
K0633	/reference/reference-semantics/semantics/float.k	205	205	rule	-	no	FIXED_SUPPLIED_RULE_UNREACHABLE_FROM_SUBMITTED_PROGRAM	"""rule applyCmp(\"">\"", I:Int, F:Float) => gtF(intToF(I), F)"""
K0634	/reference/reference-semantics/semantics/float.k	206	206	rule	-	no	FIXED_SUPPLIED_RULE_UNREACHABLE_FROM_SUBMITTED_PROGRAM	"""rule applyCmp(\"">\"", F:Float, I:Int) => gtF(F, intToF(I))"""
K0635	/reference/reference-semantics/semantics/float.k	209	209	syntax	function,total,symbol,no-evaluators	no	UNUSED_EXTERNAL_TRUST_BOUNDARY_INERT_FOR_THIS_PROGRAM	"""syntax Int ::= truncF(Float) [function, total, symbol(truncF), no-evaluators]"""
K0636	/reference/reference-semantics/semantics/float.k	210	210	rule	concrete	no	CONCRETE_ONLY_RULE_INERT_FOR_SYMBOLIC_PROOF	"""rule truncF(F:Float) => #if F >=Float 0.0 #then Float2Int(floorFloat(F)) #else Float2Int(ceilFloat(F)) #fi [concrete]"""
K0637	/reference/reference-semantics/semantics/float.k	211	211	rule	-	no	FIXED_SUPPLIED_RULE_UNREACHABLE_FROM_SUBMITTED_PROGRAM	"""rule applyBuiltin(\""int\"", F:Float, .Vals) => truncF(F)"""
K0638	/reference/reference-semantics/semantics/float.k	213	213	rule	-	no	FIXED_SUPPLIED_RULE_UNREACHABLE_FROM_SUBMITTED_PROGRAM	"""rule applyBuiltin(\""float\"", I:Int, .Vals)   => intToF(I)"""
K0639	/reference/reference-semantics/semantics/float.k	214	214	rule	-	no	FIXED_SUPPLIED_RULE_UNREACHABLE_FROM_SUBMITTED_PROGRAM	"""rule applyBuiltin(\""float\"", F:Float, .Vals) => F"""
K0640	/reference/reference-semantics/semantics/float.k	217	217	syntax	function,total,symbol,no-evaluators	no	UNUSED_EXTERNAL_TRUST_BOUNDARY_INERT_FOR_THIS_PROGRAM	"""syntax Int ::= roundF(Float) [function, total, symbol(roundF), no-evaluators]"""
K0641	/reference/reference-semantics/semantics/float.k	218	222	rule	concrete	no	CONCRETE_ONLY_RULE_INERT_FOR_SYMBOLIC_PROOF	"""rule roundF(F:Float)"""
K0642	/reference/reference-semantics/semantics/float.k	223	223	syntax	function,total,symbol,no-evaluators	no	UNUSED_EXTERNAL_TRUST_BOUNDARY_INERT_FOR_THIS_PROGRAM	"""syntax Float ::= roundFN(Float, Int) [function, total, symbol(roundFN), no-evaluators]"""
K0643	/reference/reference-semantics/semantics/float.k	224	226	rule	concrete	no	CONCRETE_ONLY_RULE_INERT_FOR_SYMBOLIC_PROOF	"""rule roundFN(F:Float, N:Int)"""
K0644	/reference/reference-semantics/semantics/float.k	227	227	rule	-	no	FIXED_SUPPLIED_RULE_UNREACHABLE_FROM_SUBMITTED_PROGRAM	"""rule applyBuiltin(\""round\"", F:Float, .Vals)        => roundF(F)"""
K0645	/reference/reference-semantics/semantics/float.k	228	228	rule	-	no	FIXED_SUPPLIED_RULE_UNREACHABLE_FROM_SUBMITTED_PROGRAM	"""rule applyBuiltin(\""round\"", F:Float, N:Int, .Vals) => roundFN(F, N)"""
K0646	/reference/reference-semantics/semantics/float.k	230	230	syntax	function,total,symbol,no-evaluators	no	UNUSED_EXTERNAL_TRUST_BOUNDARY_INERT_FOR_THIS_PROGRAM	"""syntax Float ::= sqrtF(Float) [function, total, symbol(sqrtF), no-evaluators]"""
K0647	/reference/reference-semantics/semantics/float.k	231	231	rule	concrete	no	CONCRETE_ONLY_RULE_INERT_FOR_SYMBOLIC_PROOF	"""rule sqrtF(F:Float) => sqrtFloat(F) [concrete]"""
K0648	/reference/reference-semantics/semantics/float.k	232	232	syntax	-	no	FIXED_SUPPLIED_DECLARATION_OR_ASSEMBLY_INERT_OR_WELL_FORMED	"""syntax KItem ::= \""#mathSqrt\"""""
K0649	/reference/reference-semantics/semantics/float.k	233	233	rule	priority	no	FIXED_SUPPLIED_RULE_UNREACHABLE_FROM_SUBMITTED_PROGRAM	"""rule <k> Call(Attribute(Name(\""math\""), \""sqrt\""), (E:Expr, .Exprs)) => E ~> #mathSqrt ... </k> [priority(40)]"""
K0650	/reference/reference-semantics/semantics/float.k	234	234	rule	-	no	FIXED_SUPPLIED_RULE_UNREACHABLE_FROM_SUBMITTED_PROGRAM	"""rule <k> F:Float ~> #mathSqrt => sqrtF(F) ... </k>"""
K0651	/reference/reference-semantics/semantics/float.k	235	235	rule	-	no	FIXED_SUPPLIED_RULE_UNREACHABLE_FROM_SUBMITTED_PROGRAM	"""rule <k> I:Int ~> #mathSqrt => sqrtF(intToF(I)) ... </k>"""
K0652	/reference/reference-semantics/semantics/float.k	243	243	syntax	-	no	FIXED_SUPPLIED_DECLARATION_OR_ASSEMBLY_INERT_OR_WELL_FORMED	"""syntax KItem ::= #maxAccF(Iterable, Float) | #maxContF(Float)"""
K0653	/reference/reference-semantics/semantics/float.k	244	244	rule	-	no	FIXED_SUPPLIED_RULE_UNREACHABLE_FROM_SUBMITTED_PROGRAM	"""rule <k> #iterYield(V:Val, R:Iterable) ~> #maxCont0 => #maxAccF(R, {V}:>Float) ... </k> requires isFloat(V)"""
K0654	/reference/reference-semantics/semantics/float.k	245	245	rule	-	no	FIXED_SUPPLIED_RULE_UNREACHABLE_FROM_SUBMITTED_PROGRAM	"""rule <k> #maxAccF(IT:Iterable, M:Float) => #iterNext(IT) ~> #maxContF(M) ... </k>"""
K0655	/reference/reference-semantics/semantics/float.k	246	246	rule	-	no	FIXED_SUPPLIED_RULE_UNREACHABLE_FROM_SUBMITTED_PROGRAM	"""rule <k> #iterDone ~> #maxContF(M:Float) => M ... </k>"""
K0656	/reference/reference-semantics/semantics/float.k	247	248	rule	-	no	FIXED_SUPPLIED_RULE_UNREACHABLE_FROM_SUBMITTED_PROGRAM	"""rule <k> #iterYield(V:Val, R:Iterable) ~> #maxContF(M:Float) => #maxAccF(R, maxFloat(M, {V}:>Float)) ... </k>"""
K0657	/reference/reference-semantics/semantics/float.k	250	250	syntax	-	no	FIXED_SUPPLIED_DECLARATION_OR_ASSEMBLY_INERT_OR_WELL_FORMED	"""syntax KItem ::= #minAccF(Iterable, Float) | #minContF(Float)"""
K0658	/reference/reference-semantics/semantics/float.k	251	251	rule	-	no	FIXED_SUPPLIED_RULE_UNREACHABLE_FROM_SUBMITTED_PROGRAM	"""rule <k> #iterYield(V:Val, R:Iterable) ~> #minCont0 => #minAccF(R, {V}:>Float) ... </k> requires isFloat(V)"""
K0659	/reference/reference-semantics/semantics/float.k	252	252	rule	-	no	FIXED_SUPPLIED_RULE_UNREACHABLE_FROM_SUBMITTED_PROGRAM	"""rule <k> #minAccF(IT:Iterable, M:Float) => #iterNext(IT) ~> #minContF(M) ... </k>"""
K0660	/reference/reference-semantics/semantics/float.k	253	253	rule	-	no	FIXED_SUPPLIED_RULE_UNREACHABLE_FROM_SUBMITTED_PROGRAM	"""rule <k> #iterDone ~> #minContF(M:Float) => M ... </k>"""
K0661	/reference/reference-semantics/semantics/float.k	254	255	rule	-	no	FIXED_SUPPLIED_RULE_UNREACHABLE_FROM_SUBMITTED_PROGRAM	"""rule <k> #iterYield(V:Val, R:Iterable) ~> #minContF(M:Float) => #minAccF(R, minFloat(M, {V}:>Float)) ... </k>"""
K0662	/reference/reference-semantics/semantics/float.k	261	261	syntax	-	no	FIXED_SUPPLIED_DECLARATION_OR_ASSEMBLY_INERT_OR_WELL_FORMED	"""syntax KItem ::= #sumAccF(Iterable, Float) | #sumContF(Float)"""
K0663	/reference/reference-semantics/semantics/float.k	262	264	rule	-	no	FIXED_SUPPLIED_RULE_UNREACHABLE_FROM_SUBMITTED_PROGRAM	"""rule <k> #iterYield(V:Val, R:Iterable) ~> #sumCont(ACC:Int)"""
K0664	/reference/reference-semantics/semantics/float.k	265	265	rule	-	no	FIXED_SUPPLIED_RULE_UNREACHABLE_FROM_SUBMITTED_PROGRAM	"""rule <k> #sumAccF(IT:Iterable, ACC:Float) => #iterNext(IT) ~> #sumContF(ACC) ... </k>"""
K0665	/reference/reference-semantics/semantics/float.k	266	266	rule	-	no	FIXED_SUPPLIED_RULE_UNREACHABLE_FROM_SUBMITTED_PROGRAM	"""rule <k> #iterDone ~> #sumContF(ACC:Float) => ACC ... </k>"""
K0666	/reference/reference-semantics/semantics/float.k	267	269	rule	-	no	FIXED_SUPPLIED_RULE_UNREACHABLE_FROM_SUBMITTED_PROGRAM	"""rule <k> #iterYield(V:Val, R:Iterable) ~> #sumContF(ACC:Float)"""
K0667	/reference/reference-semantics/semantics/float.k	270	272	rule	-	no	FIXED_SUPPLIED_RULE_UNREACHABLE_FROM_SUBMITTED_PROGRAM	"""rule <k> #iterYield(V:Val, R:Iterable) ~> #sumContF(ACC:Float)"""
K0668	/reference/reference-semantics/semantics/float.k	273	273	endmodule	-	no	FIXED_SUPPLIED_DECLARATION_OR_ASSEMBLY_INERT_OR_WELL_FORMED	"""endmodule"""
K0669	/reference/reference-semantics/semantics/functions.k	3	3	module	-	yes	FIXED_SUPPLIED_SEMANTICS_USED_AND_REVIEWED_SOUND_ON_MATCH_DOMAIN	"""module MPY-FUNCTIONS"""
K0670	/reference/reference-semantics/semantics/functions.k	4	4	imports	-	yes	FIXED_SUPPLIED_SEMANTICS_USED_AND_REVIEWED_SOUND_ON_MATCH_DOMAIN	"""imports MPY-CORE"""
K0671	/reference/reference-semantics/semantics/functions.k	8	11	syntax	-	yes	FIXED_SUPPLIED_SEMANTICS_USED_AND_REVIEWED_SOUND_ON_MATCH_DOMAIN	"""syntax KItem ::= frame(continuation: K, callerEnv: Int, savedLoc: Int)"""
K0672	/reference/reference-semantics/semantics/functions.k	14	16	rule	-	yes	FIXED_SUPPLIED_SEMANTICS_USED_AND_REVIEWED_SOUND_ON_MATCH_DOMAIN	"""rule <k> FuncDef(F:String, Params(PNS:ParamNames), BODY:Stmts) => .K ... </k>"""
K0673	/reference/reference-semantics/semantics/functions.k	18	18	syntax	-	yes	FIXED_SUPPLIED_SEMANTICS_USED_AND_REVIEWED_SOUND_ON_MATCH_DOMAIN	"""syntax Expr ::= closureExpr(ParamNames, Stmts)"""
K0674	/reference/reference-semantics/semantics/functions.k	19	20	rule	-	yes	FIXED_SUPPLIED_SEMANTICS_USED_AND_REVIEWED_SOUND_ON_MATCH_DOMAIN	"""rule <k> closureExpr(PNS:ParamNames, BODY:Stmts) => closureVal(PNS, BODY, L) ... </k>"""
K0675	/reference/reference-semantics/semantics/functions.k	27	27	syntax	-	no	FIXED_SUPPLIED_DECLARATION_OR_ASSEMBLY_INERT_OR_WELL_FORMED	"""syntax Val ::= closureValC(ParamNames, ParamNames, Stmts, Map)"""
K0676	/reference/reference-semantics/semantics/functions.k	31	32	syntax	-	no	FIXED_SUPPLIED_DECLARATION_OR_ASSEMBLY_INERT_OR_WELL_FORMED	"""syntax KItem ::= #mkClosure(String, ParamNames, ParamNames, ParamNames, Stmts, Map)"""
K0677	/reference/reference-semantics/semantics/functions.k	33	35	rule	-	no	FIXED_SUPPLIED_RULE_UNREACHABLE_FROM_SUBMITTED_PROGRAM	"""rule <k> FuncDef(F:String, Params(PNS:ParamNames), CellVars(CVS:ParamNames),"""
K0678	/reference/reference-semantics/semantics/functions.k	36	41	rule	-	no	FIXED_SUPPLIED_RULE_UNREACHABLE_FROM_SUBMITTED_PROGRAM	"""rule <k> #mkClosure(F:String, PNS:ParamNames, CVS:ParamNames,"""
K0679	/reference/reference-semantics/semantics/functions.k	42	45	rule	-	no	FIXED_SUPPLIED_RULE_UNREACHABLE_FROM_SUBMITTED_PROGRAM	"""rule <k> #mkClosure(F:String, PNS:ParamNames, CVS:ParamNames,"""
K0680	/reference/reference-semantics/semantics/functions.k	47	49	rule	-	no	FIXED_SUPPLIED_RULE_UNREACHABLE_FROM_SUBMITTED_PROGRAM	"""rule <k> Lambda(Params(PNS:ParamNames), E:Expr)"""
K0681	/reference/reference-semantics/semantics/functions.k	50	52	rule	-	no	FIXED_SUPPLIED_RULE_UNREACHABLE_FROM_SUBMITTED_PROGRAM	"""rule <k> Lambda(Params(PNS:ParamNames), CellVars(CVS:ParamNames),"""
K0682	/reference/reference-semantics/semantics/functions.k	53	58	rule	-	no	FIXED_SUPPLIED_RULE_UNREACHABLE_FROM_SUBMITTED_PROGRAM	"""rule <k> #mkLambda(PNS:ParamNames, CVS:ParamNames,"""
K0683	/reference/reference-semantics/semantics/functions.k	59	60	rule	-	no	FIXED_SUPPLIED_RULE_UNREACHABLE_FROM_SUBMITTED_PROGRAM	"""rule <k> #mkLambda(PNS:ParamNames, CVS:ParamNames, .ParamNames, BODY:Stmts, CM:Map)"""
K0684	/reference/reference-semantics/semantics/functions.k	63	63	rule	-	yes	FIXED_SUPPLIED_SEMANTICS_USED_AND_REVIEWED_SOUND_ON_MATCH_DOMAIN	"""rule <k> #bindP(.ParamNames, .Vals) => .K ... </k>"""
K0685	/reference/reference-semantics/semantics/functions.k	64	66	rule	-	yes	FIXED_SUPPLIED_SEMANTICS_USED_AND_REVIEWED_SOUND_ON_MATCH_DOMAIN	"""rule <k> #bindP((P:String, PS:ParamNames), (V:Val, VS:Vals)) => #bindP(PS, VS) ... </k>"""
K0686	/reference/reference-semantics/semantics/functions.k	68	75	rule	priority	yes	FIXED_SUPPLIED_SEMANTICS_USED_AND_REVIEWED_SOUND_ON_MATCH_DOMAIN	"""rule <k> #bindP((P:String, PS:ParamNames), (V:Val, VS:Vals))"""
K0687	/reference/reference-semantics/semantics/functions.k	78	79	rule	-	yes	FIXED_SUPPLIED_SEMANTICS_USED_AND_REVIEWED_SOUND_ON_MATCH_DOMAIN	"""rule <k> Return(V:Val) ~> _ => #pop </k>"""
K0688	/reference/reference-semantics/semantics/functions.k	80	81	rule	-	yes	FIXED_SUPPLIED_SEMANTICS_USED_AND_REVIEWED_SOUND_ON_MATCH_DOMAIN	"""rule <k> #endcall => #pop ... </k>"""
K0689	/reference/reference-semantics/semantics/functions.k	85	90	rule	-	yes	FIXED_SUPPLIED_SEMANTICS_USED_AND_REVIEWED_SOUND_ON_MATCH_DOMAIN	"""rule <k> #pop => V ~> CONT </k>"""
K0690	/reference/reference-semantics/semantics/functions.k	91	91	endmodule	-	yes	FIXED_SUPPLIED_SEMANTICS_USED_AND_REVIEWED_SOUND_ON_MATCH_DOMAIN	"""endmodule"""
K0691	/reference/reference-semantics/semantics/int.k	4	4	module	-	no	FIXED_SUPPLIED_DECLARATION_OR_ASSEMBLY_INERT_OR_WELL_FORMED	"""module MPY-INT"""
K0692	/reference/reference-semantics/semantics/int.k	5	5	imports	-	no	FIXED_SUPPLIED_DECLARATION_OR_ASSEMBLY_INERT_OR_WELL_FORMED	"""imports MPY-CORE"""
K0693	/reference/reference-semantics/semantics/int.k	7	7	rule	-	no	FIXED_SUPPLIED_RULE_UNREACHABLE_FROM_SUBMITTED_PROGRAM	"""rule applyUn(\""-\"", I:Int) => 0 -Int I"""
K0694	/reference/reference-semantics/semantics/int.k	9	9	rule	-	no	FIXED_SUPPLIED_RULE_UNREACHABLE_FROM_SUBMITTED_PROGRAM	"""rule applyBin(\""+\"",  I1:Int, I2:Int) => I1 +Int I2"""
K0695	/reference/reference-semantics/semantics/int.k	11	11	rule	-	no	FIXED_SUPPLIED_RULE_UNREACHABLE_FROM_SUBMITTED_PROGRAM	"""rule applyBin(\""+\"",  I:Int, B:Bool) => I +Int #if B #then 1 #else 0 #fi"""
K0696	/reference/reference-semantics/semantics/int.k	12	12	rule	-	no	FIXED_SUPPLIED_RULE_UNREACHABLE_FROM_SUBMITTED_PROGRAM	"""rule applyBin(\""+\"",  B:Bool, I:Int) => #if B #then 1 #else 0 #fi +Int I"""
K0697	/reference/reference-semantics/semantics/int.k	13	13	rule	-	no	FIXED_SUPPLIED_RULE_UNREACHABLE_FROM_SUBMITTED_PROGRAM	"""rule applyBin(\""-\"",  I1:Int, I2:Int) => I1 -Int I2"""
K0698	/reference/reference-semantics/semantics/int.k	14	14	rule	-	no	FIXED_SUPPLIED_RULE_UNREACHABLE_FROM_SUBMITTED_PROGRAM	"""rule applyBin(\""*\"",  I1:Int, I2:Int) => I1 *Int I2"""
K0699	/reference/reference-semantics/semantics/int.k	15	15	rule	-	no	FIXED_SUPPLIED_RULE_UNREACHABLE_FROM_SUBMITTED_PROGRAM	"""rule applyBin(\""%\"",  I1:Int, I2:Int) => pyMod(I1, I2)"""
K0700	/reference/reference-semantics/semantics/int.k	16	16	rule	-	no	FIXED_SUPPLIED_RULE_UNREACHABLE_FROM_SUBMITTED_PROGRAM	"""rule applyBin(\""//\"", I1:Int, I2:Int) => (I1 -Int pyMod(I1, I2)) /Int I2"""
K0701	/reference/reference-semantics/semantics/int.k	17	17	rule	-	no	FIXED_SUPPLIED_RULE_UNREACHABLE_FROM_SUBMITTED_PROGRAM	"""rule applyBin(\""**\"", I1:Int, I2:Int) => I1 ^Int I2 requires I2 >=Int 0"""
K0702	/reference/reference-semantics/semantics/int.k	19	19	syntax	function	no	FIXED_SUPPLIED_DECLARATION_OR_ASSEMBLY_INERT_OR_WELL_FORMED	"""syntax Int ::= pyMod(Int, Int) [function]"""
K0703	/reference/reference-semantics/semantics/int.k	20	20	rule	-	no	FIXED_SUPPLIED_RULE_UNREACHABLE_FROM_SUBMITTED_PROGRAM	"""rule pyMod(I1:Int, I2:Int) => ((I1 %Int I2) +Int I2) %Int I2"""
K0704	/reference/reference-semantics/semantics/int.k	22	22	rule	-	no	FIXED_SUPPLIED_RULE_UNREACHABLE_FROM_SUBMITTED_PROGRAM	"""rule applyCmp(\""<\"",  I1:Int, I2:Int)   => I1 <Int  I2"""
K0705	/reference/reference-semantics/semantics/int.k	23	23	rule	-	no	FIXED_SUPPLIED_RULE_UNREACHABLE_FROM_SUBMITTED_PROGRAM	"""rule applyCmp(\""<=\"", I1:Int, I2:Int)   => I1 <=Int I2"""
K0706	/reference/reference-semantics/semantics/int.k	24	24	rule	-	no	FIXED_SUPPLIED_RULE_UNREACHABLE_FROM_SUBMITTED_PROGRAM	"""rule applyCmp(\"">\"",  I1:Int, I2:Int)   => I1 >Int  I2"""
K0707	/reference/reference-semantics/semantics/int.k	25	25	rule	-	no	FIXED_SUPPLIED_RULE_UNREACHABLE_FROM_SUBMITTED_PROGRAM	"""rule applyCmp(\"">=\"", I1:Int, I2:Int)   => I1 >=Int I2"""
K0708	/reference/reference-semantics/semantics/int.k	26	26	rule	-	no	FIXED_SUPPLIED_RULE_UNREACHABLE_FROM_SUBMITTED_PROGRAM	"""rule applyCmp(\""==\"", I1:Int, I2:Int)   => I1 ==Int I2"""
K0709	/reference/reference-semantics/semantics/int.k	27	27	rule	-	no	FIXED_SUPPLIED_RULE_UNREACHABLE_FROM_SUBMITTED_PROGRAM	"""rule applyCmp(\""!=\"", I1:Int, I2:Int)   => I1 =/=Int I2"""
K0710	/reference/reference-semantics/semantics/int.k	28	28	endmodule	-	no	FIXED_SUPPLIED_DECLARATION_OR_ASSEMBLY_INERT_OR_WELL_FORMED	"""endmodule"""
K0711	/reference/reference-semantics/semantics/iter.k	6	6	module	-	yes	FIXED_SUPPLIED_SEMANTICS_USED_AND_REVIEWED_SOUND_ON_MATCH_DOMAIN	"""module MPY-ITER"""
K0712	/reference/reference-semantics/semantics/iter.k	7	7	imports	-	yes	FIXED_SUPPLIED_SEMANTICS_USED_AND_REVIEWED_SOUND_ON_MATCH_DOMAIN	"""imports MPY-CORE"""
K0713	/reference/reference-semantics/semantics/iter.k	8	8	syntax	-	yes	FIXED_SUPPLIED_SEMANTICS_USED_AND_REVIEWED_SOUND_ON_MATCH_DOMAIN	"""syntax KItem ::= #iterNext(Iterable) | \""#iterDone\"" | #iterYield(Val, Iterable)"""
K0714	/reference/reference-semantics/semantics/iter.k	9	9	endmodule	-	yes	FIXED_SUPPLIED_SEMANTICS_USED_AND_REVIEWED_SOUND_ON_MATCH_DOMAIN	"""endmodule"""
K0715	/reference/reference-semantics/semantics/list.k	3	3	module	-	yes	FIXED_SUPPLIED_SEMANTICS_USED_AND_REVIEWED_SOUND_ON_MATCH_DOMAIN	"""module MPY-LIST"""
K0716	/reference/reference-semantics/semantics/list.k	4	4	imports	-	yes	FIXED_SUPPLIED_SEMANTICS_USED_AND_REVIEWED_SOUND_ON_MATCH_DOMAIN	"""imports MPY-CORE"""
K0717	/reference/reference-semantics/semantics/list.k	5	5	imports	-	yes	FIXED_SUPPLIED_SEMANTICS_USED_AND_REVIEWED_SOUND_ON_MATCH_DOMAIN	"""imports MPY-ITER"""
K0718	/reference/reference-semantics/semantics/list.k	6	6	imports	-	yes	FIXED_SUPPLIED_SEMANTICS_USED_AND_REVIEWED_SOUND_ON_MATCH_DOMAIN	"""imports MPY-OPERATORS"""
K0719	/reference/reference-semantics/semantics/list.k	9	9	rule	-	yes	FIXED_SUPPLIED_SEMANTICS_USED_AND_REVIEWED_SOUND_ON_MATCH_DOMAIN	"""rule <k> #iterNext(list(.ValSeq))                => #iterDone ... </k>"""
K0720	/reference/reference-semantics/semantics/list.k	10	10	rule	-	yes	FIXED_SUPPLIED_SEMANTICS_USED_AND_REVIEWED_SOUND_ON_MATCH_DOMAIN	"""rule <k> #iterNext(list(vCons(V:Val, R:ValSeq))) => #iterYield(V, list(R)) ... </k>"""
K0721	/reference/reference-semantics/semantics/list.k	13	13	syntax	-	yes	FIXED_SUPPLIED_SEMANTICS_USED_AND_REVIEWED_SOUND_ON_MATCH_DOMAIN	"""syntax ApplyK ::= \""toList\"""""
K0722	/reference/reference-semantics/semantics/list.k	14	14	rule	-	yes	FIXED_SUPPLIED_SEMANTICS_USED_AND_REVIEWED_SOUND_ON_MATCH_DOMAIN	"""rule <k> ListExpr(ES:Exprs) => #evalArgs(ES, .Vals, toList) ... </k>"""
K0723	/reference/reference-semantics/semantics/list.k	15	15	rule	-	yes	FIXED_SUPPLIED_SEMANTICS_USED_AND_REVIEWED_SOUND_ON_MATCH_DOMAIN	"""rule <k> #applyK(toList, ACC:Vals) => #alloc(list(vals2valSeq(ACC))) ... </k>"""
K0724	/reference/reference-semantics/semantics/list.k	18	18	syntax	function,total	yes	FIXED_SUPPLIED_SEMANTICS_USED_AND_REVIEWED_SOUND_ON_MATCH_DOMAIN	"""syntax ValSeq ::= valSeqConcat(ValSeq, ValSeq) [function, total]"""
K0725	/reference/reference-semantics/semantics/list.k	19	19	rule	-	yes	FIXED_SUPPLIED_SEMANTICS_USED_AND_REVIEWED_SOUND_ON_MATCH_DOMAIN	"""rule valSeqConcat(.ValSeq, T:ValSeq)                => T"""
K0726	/reference/reference-semantics/semantics/list.k	20	20	rule	-	yes	FIXED_SUPPLIED_SEMANTICS_USED_AND_REVIEWED_SOUND_ON_MATCH_DOMAIN	"""rule valSeqConcat(vCons(V:Val, S:ValSeq), T:ValSeq) => vCons(V, valSeqConcat(S, T))"""
K0727	/reference/reference-semantics/semantics/list.k	24	25	rule	priority	no	FIXED_SUPPLIED_RULE_UNREACHABLE_FROM_SUBMITTED_PROGRAM	"""rule <k> BinOp(\""+\"", list(A:ValSeq), list(B:ValSeq)) => #alloc(list(valSeqConcat(A, B))) ... </k>"""
K0728	/reference/reference-semantics/semantics/list.k	27	27	rule	-	no	FIXED_SUPPLIED_RULE_UNREACHABLE_FROM_SUBMITTED_PROGRAM	"""rule applyCmp(\""==\"", list(A:ValSeq), list(B:ValSeq)) => A ==K B"""
K0729	/reference/reference-semantics/semantics/list.k	28	28	rule	-	no	FIXED_SUPPLIED_RULE_UNREACHABLE_FROM_SUBMITTED_PROGRAM	"""rule applyCmp(\""!=\"", list(A:ValSeq), list(B:ValSeq)) => notBool (A ==K B)"""
K0730	/reference/reference-semantics/semantics/list.k	33	33	syntax	function,total	no	FIXED_SUPPLIED_DECLARATION_OR_ASSEMBLY_INERT_OR_WELL_FORMED	"""syntax Bool ::= hasRefVS(ValSeq) [function, total]"""
K0731	/reference/reference-semantics/semantics/list.k	34	34	rule	-	no	FIXED_SUPPLIED_RULE_UNREACHABLE_FROM_SUBMITTED_PROGRAM	"""rule hasRefVS(.ValSeq)                => false"""
K0732	/reference/reference-semantics/semantics/list.k	35	35	rule	-	no	FIXED_SUPPLIED_RULE_UNREACHABLE_FROM_SUBMITTED_PROGRAM	"""rule hasRefVS(vCons(V:Val, R:ValSeq)) => isRefV(V) orBool hasRefVS(R)"""
K0733	/reference/reference-semantics/semantics/list.k	37	38	syntax	function	no	FIXED_SUPPLIED_DECLARATION_OR_ASSEMBLY_INERT_OR_WELL_FORMED	"""syntax Bool ::= deepEqVS(ValSeq, ValSeq, Map) [function]"""
K0734	/reference/reference-semantics/semantics/list.k	39	39	rule	-	no	FIXED_SUPPLIED_RULE_UNREACHABLE_FROM_SUBMITTED_PROGRAM	"""rule deepEqVS(.ValSeq, .ValSeq, _:Map)                   => true"""
K0735	/reference/reference-semantics/semantics/list.k	40	40	rule	-	no	FIXED_SUPPLIED_RULE_UNREACHABLE_FROM_SUBMITTED_PROGRAM	"""rule deepEqVS(.ValSeq, vCons(_:Val, _:ValSeq), _:Map)    => false"""
K0736	/reference/reference-semantics/semantics/list.k	41	41	rule	-	no	FIXED_SUPPLIED_RULE_UNREACHABLE_FROM_SUBMITTED_PROGRAM	"""rule deepEqVS(vCons(_:Val, _:ValSeq), .ValSeq, _:Map)    => false"""
K0737	/reference/reference-semantics/semantics/list.k	42	43	rule	-	no	FIXED_SUPPLIED_RULE_UNREACHABLE_FROM_SUBMITTED_PROGRAM	"""rule deepEqVS(vCons(A:Val, As:ValSeq), vCons(B:Val, Bs:ValSeq), HP:Map)"""
K0738	/reference/reference-semantics/semantics/list.k	45	46	rule	-	no	FIXED_SUPPLIED_RULE_UNREACHABLE_FROM_SUBMITTED_PROGRAM	"""rule deepEqV(ref(H:Int), B:Val, HP:Map) => deepEqV({HP[H]}:>Val, B, HP)"""
K0739	/reference/reference-semantics/semantics/list.k	47	48	rule	-	no	FIXED_SUPPLIED_RULE_UNREACHABLE_FROM_SUBMITTED_PROGRAM	"""rule deepEqV(A:Val, ref(H:Int), HP:Map) => deepEqV(A, {HP[H]}:>Val, HP)"""
K0740	/reference/reference-semantics/semantics/list.k	49	49	rule	-	no	FIXED_SUPPLIED_RULE_UNREACHABLE_FROM_SUBMITTED_PROGRAM	"""rule deepEqV(list(A:ValSeq), list(B:ValSeq), HP:Map) => deepEqVS(A, B, HP)"""
K0741	/reference/reference-semantics/semantics/list.k	50	50	rule	owise	no	FIXED_SUPPLIED_RULE_UNREACHABLE_FROM_SUBMITTED_PROGRAM	"""rule deepEqV(A:Val, B:Val, _:Map) => A ==K B [owise]"""
K0742	/reference/reference-semantics/semantics/list.k	53	55	rule	priority	yes	FIXED_SUPPLIED_SEMANTICS_USED_AND_REVIEWED_SOUND_ON_MATCH_DOMAIN	"""rule <k> #applyK(toCall(boundMethodV(ref(H:Int), \""append\"")), (V:Val, .Vals)) => noneV ... </k>"""
K0743	/reference/reference-semantics/semantics/list.k	58	58	syntax	-	yes	FIXED_SUPPLIED_SEMANTICS_USED_AND_REVIEWED_SOUND_ON_MATCH_DOMAIN	"""syntax KItem ::= #memberAcc(Val, Iterable) | #memberCont(Val) | \""#notB\"""""
K0744	/reference/reference-semantics/semantics/list.k	59	59	rule	-	yes	FIXED_SUPPLIED_SEMANTICS_USED_AND_REVIEWED_SOUND_ON_MATCH_DOMAIN	"""rule <k> Compare(LV:Val, CmpOp(\""in\"",     list(VS:ValSeq))) => #memberAcc(LV, list(VS)) ... </k>"""
K0745	/reference/reference-semantics/semantics/list.k	60	60	rule	-	yes	FIXED_SUPPLIED_SEMANTICS_USED_AND_REVIEWED_SOUND_ON_MATCH_DOMAIN	"""rule <k> Compare(LV:Val, CmpOp(\""not in\"", list(VS:ValSeq))) => #memberAcc(LV, list(VS)) ~> #notB ... </k>"""
K0746	/reference/reference-semantics/semantics/list.k	61	61	rule	-	yes	FIXED_SUPPLIED_SEMANTICS_USED_AND_REVIEWED_SOUND_ON_MATCH_DOMAIN	"""rule <k> #memberAcc(V:Val, IT:Iterable) => #iterNext(IT) ~> #memberCont(V) ... </k>"""
K0747	/reference/reference-semantics/semantics/list.k	62	62	rule	-	yes	FIXED_SUPPLIED_SEMANTICS_USED_AND_REVIEWED_SOUND_ON_MATCH_DOMAIN	"""rule <k> #iterDone ~> #memberCont(_V:Val) => false ... </k>"""
K0748	/reference/reference-semantics/semantics/list.k	63	64	rule	-	yes	USED_MODELING_MISMATCH_PYTHON_CROSS_NUMERIC_EQUALITY_FALSE_WITNESS	"""rule <k> #iterYield(E:Val, _:Iterable) ~> #memberCont(V:Val) => true ... </k>"""
K0749	/reference/reference-semantics/semantics/list.k	65	66	rule	-	yes	USED_MODELING_MISMATCH_PYTHON_CROSS_NUMERIC_EQUALITY_FALSE_WITNESS	"""rule <k> #iterYield(E:Val, R:Iterable) ~> #memberCont(V:Val) => #memberAcc(V, R) ... </k>"""
K0750	/reference/reference-semantics/semantics/list.k	67	67	rule	-	yes	FIXED_SUPPLIED_SEMANTICS_USED_AND_REVIEWED_SOUND_ON_MATCH_DOMAIN	"""rule <k> B:Bool ~> #notB => notBool B ... </k>"""
K0751	/reference/reference-semantics/semantics/list.k	68	68	endmodule	-	yes	FIXED_SUPPLIED_SEMANTICS_USED_AND_REVIEWED_SOUND_ON_MATCH_DOMAIN	"""endmodule"""
K0752	/reference/reference-semantics/semantics/methods.k	3	3	module	-	no	FIXED_SUPPLIED_DECLARATION_OR_ASSEMBLY_INERT_OR_WELL_FORMED	"""module MPY-METHODS"""
K0753	/reference/reference-semantics/semantics/methods.k	4	4	imports	-	no	FIXED_SUPPLIED_DECLARATION_OR_ASSEMBLY_INERT_OR_WELL_FORMED	"""imports MPY-CORE"""
K0754	/reference/reference-semantics/semantics/methods.k	5	5	imports	-	no	FIXED_SUPPLIED_DECLARATION_OR_ASSEMBLY_INERT_OR_WELL_FORMED	"""imports K-EQUAL"""
K0755	/reference/reference-semantics/semantics/methods.k	6	6	imports	-	no	FIXED_SUPPLIED_DECLARATION_OR_ASSEMBLY_INERT_OR_WELL_FORMED	"""imports MPY-STR"""
K0756	/reference/reference-semantics/semantics/methods.k	7	7	imports	-	no	FIXED_SUPPLIED_DECLARATION_OR_ASSEMBLY_INERT_OR_WELL_FORMED	"""imports MPY-LIST"""
K0757	/reference/reference-semantics/semantics/methods.k	10	10	syntax	function	no	FIXED_SUPPLIED_DECLARATION_OR_ASSEMBLY_INERT_OR_WELL_FORMED	"""syntax Val ::= applyMethod(Val, String, Vals) [function]"""
K0758	/reference/reference-semantics/semantics/methods.k	13	13	rule	-	no	FIXED_SUPPLIED_RULE_UNREACHABLE_FROM_SUBMITTED_PROGRAM	"""rule applyMethod(str(CS:IntSeq), \""isupper\"", .Vals) => hasUpper(CS) andBool notBool hasLower(CS)"""
K0759	/reference/reference-semantics/semantics/methods.k	14	14	rule	-	no	FIXED_SUPPLIED_RULE_UNREACHABLE_FROM_SUBMITTED_PROGRAM	"""rule applyMethod(str(CS:IntSeq), \""islower\"", .Vals) => hasLower(CS) andBool notBool hasUpper(CS)"""
K0760	/reference/reference-semantics/semantics/methods.k	15	15	rule	-	no	FIXED_SUPPLIED_RULE_UNREACHABLE_FROM_SUBMITTED_PROGRAM	"""rule applyMethod(str(CS:IntSeq), \""isalpha\"", .Vals) => notBool (CS ==K .IntSeq) andBool allAlpha(CS)"""
K0761	/reference/reference-semantics/semantics/methods.k	16	16	rule	-	no	FIXED_SUPPLIED_RULE_UNREACHABLE_FROM_SUBMITTED_PROGRAM	"""rule applyMethod(str(CS:IntSeq), \""isdigit\"", .Vals) => notBool (CS ==K .IntSeq) andBool allDigit(CS)"""
K0762	/reference/reference-semantics/semantics/methods.k	19	19	rule	-	no	FIXED_SUPPLIED_RULE_UNREACHABLE_FROM_SUBMITTED_PROGRAM	"""rule applyMethod(str(CS:IntSeq), \""lower\"",    .Vals) => str(mapLower(CS))"""
K0763	/reference/reference-semantics/semantics/methods.k	20	20	rule	-	no	FIXED_SUPPLIED_RULE_UNREACHABLE_FROM_SUBMITTED_PROGRAM	"""rule applyMethod(str(CS:IntSeq), \""upper\"",    .Vals) => str(mapUpper(CS))"""
K0764	/reference/reference-semantics/semantics/methods.k	21	21	rule	-	no	FIXED_SUPPLIED_RULE_UNREACHABLE_FROM_SUBMITTED_PROGRAM	"""rule applyMethod(str(CS:IntSeq), \""swapcase\"", .Vals) => str(mapSwap(CS))"""
K0765	/reference/reference-semantics/semantics/methods.k	26	26	rule	-	no	FIXED_SUPPLIED_RULE_UNREACHABLE_FROM_SUBMITTED_PROGRAM	"""rule applyMethod(str(SEP:IntSeq), \""join\"", list(VS:ValSeq), .Vals) => str(joinCodes(SEP, VS))"""
K0766	/reference/reference-semantics/semantics/methods.k	27	27	syntax	function,total	no	FIXED_SUPPLIED_DECLARATION_OR_ASSEMBLY_INERT_OR_WELL_FORMED	"""syntax IntSeq ::= joinCodes(IntSeq, ValSeq) [function, total]"""
K0767	/reference/reference-semantics/semantics/methods.k	28	28	rule	-	no	FIXED_SUPPLIED_RULE_UNREACHABLE_FROM_SUBMITTED_PROGRAM	"""rule joinCodes(_:IntSeq, .ValSeq) => .IntSeq"""
K0768	/reference/reference-semantics/semantics/methods.k	29	29	rule	-	no	FIXED_SUPPLIED_RULE_UNREACHABLE_FROM_SUBMITTED_PROGRAM	"""rule joinCodes(_:IntSeq, vCons(str(CS:IntSeq), .ValSeq)) => CS"""
K0769	/reference/reference-semantics/semantics/methods.k	30	31	rule	-	no	FIXED_SUPPLIED_RULE_UNREACHABLE_FROM_SUBMITTED_PROGRAM	"""rule joinCodes(SEP:IntSeq, vCons(str(CS:IntSeq), vCons(V:Val, R:ValSeq)))"""
K0770	/reference/reference-semantics/semantics/methods.k	34	34	rule	-	no	FIXED_SUPPLIED_RULE_UNREACHABLE_FROM_SUBMITTED_PROGRAM	"""rule applyMethod(str(CS:IntSeq), \""count\"", str(PC:IntSeq), .Vals) => cntSub(CS, PC)"""
K0771	/reference/reference-semantics/semantics/methods.k	35	35	syntax	function	no	FIXED_SUPPLIED_DECLARATION_OR_ASSEMBLY_INERT_OR_WELL_FORMED	"""syntax Int ::= cntSub(IntSeq, IntSeq) [function]"""
K0772	/reference/reference-semantics/semantics/methods.k	36	36	rule	-	no	FIXED_SUPPLIED_RULE_UNREACHABLE_FROM_SUBMITTED_PROGRAM	"""rule cntSub(.IntSeq, _:IntSeq) => 0"""
K0773	/reference/reference-semantics/semantics/methods.k	37	38	rule	-	no	FIXED_SUPPLIED_RULE_UNREACHABLE_FROM_SUBMITTED_PROGRAM	"""rule cntSub(iCons(C:Int, R:IntSeq), PC:IntSeq) => 1 +Int cntSub(dropIS(iCons(C, R), isLen(PC)), PC)"""
K0774	/reference/reference-semantics/semantics/methods.k	39	40	rule	-	no	FIXED_SUPPLIED_RULE_UNREACHABLE_FROM_SUBMITTED_PROGRAM	"""rule cntSub(iCons(C:Int, R:IntSeq), PC:IntSeq) => cntSub(R, PC)"""
K0775	/reference/reference-semantics/semantics/methods.k	41	41	syntax	function,total	no	FIXED_SUPPLIED_DECLARATION_OR_ASSEMBLY_INERT_OR_WELL_FORMED	"""syntax IntSeq ::= dropIS(IntSeq, Int) [function, total]"""
K0776	/reference/reference-semantics/semantics/methods.k	42	42	rule	-	no	FIXED_SUPPLIED_RULE_UNREACHABLE_FROM_SUBMITTED_PROGRAM	"""rule dropIS(S:IntSeq, N:Int) => S requires N <=Int 0"""
K0777	/reference/reference-semantics/semantics/methods.k	43	43	rule	owise	no	FIXED_SUPPLIED_RULE_UNREACHABLE_FROM_SUBMITTED_PROGRAM	"""rule dropIS(.IntSeq, _:Int) => .IntSeq [owise]"""
K0778	/reference/reference-semantics/semantics/methods.k	44	44	rule	-	no	FIXED_SUPPLIED_RULE_UNREACHABLE_FROM_SUBMITTED_PROGRAM	"""rule dropIS(iCons(_:Int, R:IntSeq), N:Int) => dropIS(R, N -Int 1) requires N >Int 0"""
K0779	/reference/reference-semantics/semantics/methods.k	47	47	rule	-	no	FIXED_SUPPLIED_RULE_UNREACHABLE_FROM_SUBMITTED_PROGRAM	"""rule applyMethod(str(CS:IntSeq), \""strip\"", .Vals) => str(revIS(trimWS(revIS(trimWS(CS)))))"""
K0780	/reference/reference-semantics/semantics/methods.k	48	48	syntax	function,total	no	FIXED_SUPPLIED_DECLARATION_OR_ASSEMBLY_INERT_OR_WELL_FORMED	"""syntax IntSeq ::= trimWS(IntSeq) [function, total]"""
K0781	/reference/reference-semantics/semantics/methods.k	49	49	rule	-	no	FIXED_SUPPLIED_RULE_UNREACHABLE_FROM_SUBMITTED_PROGRAM	"""rule trimWS(.IntSeq) => .IntSeq"""
K0782	/reference/reference-semantics/semantics/methods.k	50	50	rule	-	no	FIXED_SUPPLIED_RULE_UNREACHABLE_FROM_SUBMITTED_PROGRAM	"""rule trimWS(iCons(C:Int, R:IntSeq)) => trimWS(R) requires isWSC(C)"""
K0783	/reference/reference-semantics/semantics/methods.k	51	51	rule	-	no	FIXED_SUPPLIED_RULE_UNREACHABLE_FROM_SUBMITTED_PROGRAM	"""rule trimWS(iCons(C:Int, R:IntSeq)) => iCons(C, R) requires notBool isWSC(C)"""
K0784	/reference/reference-semantics/semantics/methods.k	52	52	syntax	function,total	no	FIXED_SUPPLIED_DECLARATION_OR_ASSEMBLY_INERT_OR_WELL_FORMED	"""syntax IntSeq ::= revIS(IntSeq) [function, total] | revISAcc(IntSeq, IntSeq) [function, total]"""
K0785	/reference/reference-semantics/semantics/methods.k	53	53	rule	-	no	FIXED_SUPPLIED_RULE_UNREACHABLE_FROM_SUBMITTED_PROGRAM	"""rule revIS(S:IntSeq) => revISAcc(S, .IntSeq)"""
K0786	/reference/reference-semantics/semantics/methods.k	54	54	rule	-	no	FIXED_SUPPLIED_RULE_UNREACHABLE_FROM_SUBMITTED_PROGRAM	"""rule revISAcc(.IntSeq, A:IntSeq) => A"""
K0787	/reference/reference-semantics/semantics/methods.k	55	55	rule	-	no	FIXED_SUPPLIED_RULE_UNREACHABLE_FROM_SUBMITTED_PROGRAM	"""rule revISAcc(iCons(C:Int, R:IntSeq), A:IntSeq) => revISAcc(R, iCons(C, A))"""
K0788	/reference/reference-semantics/semantics/methods.k	58	58	rule	-	no	FIXED_SUPPLIED_RULE_UNREACHABLE_FROM_SUBMITTED_PROGRAM	"""rule applyMethod(str(CS:IntSeq), \""encode\"", str(_:IntSeq), .Vals) => str(CS)"""
K0789	/reference/reference-semantics/semantics/methods.k	61	61	rule	-	no	FIXED_SUPPLIED_RULE_UNREACHABLE_FROM_SUBMITTED_PROGRAM	"""rule applyMethod(str(XC:IntSeq), \""startswith\"", str(PC:IntSeq), .Vals) => startsWith(PC, XC)"""
K0790	/reference/reference-semantics/semantics/methods.k	64	64	rule	-	no	FIXED_SUPPLIED_RULE_UNREACHABLE_FROM_SUBMITTED_PROGRAM	"""rule applyMethod(list(VS:ValSeq), \""count\"", V:Val, .Vals) => cntOccVS(VS, V)"""
K0791	/reference/reference-semantics/semantics/methods.k	65	65	syntax	function,total	no	FIXED_SUPPLIED_DECLARATION_OR_ASSEMBLY_INERT_OR_WELL_FORMED	"""syntax Int ::= cntOccVS(ValSeq, Val) [function, total]"""
K0792	/reference/reference-semantics/semantics/methods.k	66	66	rule	-	no	FIXED_SUPPLIED_RULE_UNREACHABLE_FROM_SUBMITTED_PROGRAM	"""rule cntOccVS(.ValSeq, _:Val)                => 0"""
K0793	/reference/reference-semantics/semantics/methods.k	67	67	rule	-	no	FIXED_SUPPLIED_RULE_UNREACHABLE_FROM_SUBMITTED_PROGRAM	"""rule cntOccVS(vCons(A:Val, R:ValSeq), V:Val) => 1 +Int cntOccVS(R, V) requires A ==K V"""
K0794	/reference/reference-semantics/semantics/methods.k	68	68	rule	-	no	FIXED_SUPPLIED_RULE_UNREACHABLE_FROM_SUBMITTED_PROGRAM	"""rule cntOccVS(vCons(A:Val, R:ValSeq), V:Val) => cntOccVS(R, V)        requires notBool (A ==K V)"""
K0795	/reference/reference-semantics/semantics/methods.k	72	74	rule	priority	no	FIXED_SUPPLIED_RULE_UNREACHABLE_FROM_SUBMITTED_PROGRAM	"""rule <k> #applyK(toCall(boundMethodV(str(CS:IntSeq), \""split\"")), .Vals)"""
K0796	/reference/reference-semantics/semantics/methods.k	75	75	syntax	function	no	FIXED_SUPPLIED_DECLARATION_OR_ASSEMBLY_INERT_OR_WELL_FORMED	"""syntax ValSeq ::= splitWS(IntSeq, IntSeq, ValSeq) [function]  // remaining, current token, result"""
K0797	/reference/reference-semantics/semantics/methods.k	76	76	rule	-	no	FIXED_SUPPLIED_RULE_UNREACHABLE_FROM_SUBMITTED_PROGRAM	"""rule splitWS(.IntSeq, CUR:IntSeq, ACC:ValSeq) => flushTok(ACC, CUR)"""
K0798	/reference/reference-semantics/semantics/methods.k	77	78	rule	-	no	FIXED_SUPPLIED_RULE_UNREACHABLE_FROM_SUBMITTED_PROGRAM	"""rule splitWS(iCons(C:Int, R:IntSeq), CUR:IntSeq, ACC:ValSeq) => splitWS(R, .IntSeq, flushTok(ACC, CUR))"""
K0799	/reference/reference-semantics/semantics/methods.k	79	80	rule	-	no	FIXED_SUPPLIED_RULE_UNREACHABLE_FROM_SUBMITTED_PROGRAM	"""rule splitWS(iCons(C:Int, R:IntSeq), CUR:IntSeq, ACC:ValSeq) => splitWS(R, seqConcat(CUR, iCons(C, .IntSeq)), ACC)"""
K0800	/reference/reference-semantics/semantics/methods.k	82	82	syntax	function	no	FIXED_SUPPLIED_DECLARATION_OR_ASSEMBLY_INERT_OR_WELL_FORMED	"""syntax ValSeq ::= flushTok(ValSeq, IntSeq) [function]"""
K0801	/reference/reference-semantics/semantics/methods.k	83	83	rule	-	no	FIXED_SUPPLIED_RULE_UNREACHABLE_FROM_SUBMITTED_PROGRAM	"""rule flushTok(ACC:ValSeq, .IntSeq)            => ACC"""
K0802	/reference/reference-semantics/semantics/methods.k	84	84	rule	-	no	FIXED_SUPPLIED_RULE_UNREACHABLE_FROM_SUBMITTED_PROGRAM	"""rule flushTok(ACC:ValSeq, iCons(C:Int, T:IntSeq)) => valSeqConcat(ACC, vCons(str(iCons(C, T)), .ValSeq))"""
K0803	/reference/reference-semantics/semantics/methods.k	85	85	syntax	function,total	no	FIXED_SUPPLIED_DECLARATION_OR_ASSEMBLY_INERT_OR_WELL_FORMED	"""syntax Bool ::= isWSC(Int) [function, total]"""
K0804	/reference/reference-semantics/semantics/methods.k	86	86	rule	-	no	FIXED_SUPPLIED_RULE_UNREACHABLE_FROM_SUBMITTED_PROGRAM	"""rule isWSC(C:Int) => C ==Int 32 orBool C ==Int 9 orBool C ==Int 10 orBool C ==Int 13"""
K0805	/reference/reference-semantics/semantics/methods.k	89	91	rule	priority	no	FIXED_SUPPLIED_RULE_UNREACHABLE_FROM_SUBMITTED_PROGRAM	"""rule <k> #applyK(toCall(boundMethodV(str(CS:IntSeq), \""split\"")), (kwV(\""sep\"", str(S:IntSeq)), .Vals))"""
K0806	/reference/reference-semantics/semantics/methods.k	94	96	rule	priority	no	FIXED_SUPPLIED_RULE_UNREACHABLE_FROM_SUBMITTED_PROGRAM	"""rule <k> #applyK(toCall(boundMethodV(str(CS:IntSeq), \""split\"")), (str(iCons(SEP:Int, .IntSeq)), .Vals))"""
K0807	/reference/reference-semantics/semantics/methods.k	97	97	syntax	function	no	FIXED_SUPPLIED_DECLARATION_OR_ASSEMBLY_INERT_OR_WELL_FORMED	"""syntax ValSeq ::= splitSep(IntSeq, Int, IntSeq) [function]  // remaining, sep code, current token"""
K0808	/reference/reference-semantics/semantics/methods.k	98	98	rule	-	no	FIXED_SUPPLIED_RULE_UNREACHABLE_FROM_SUBMITTED_PROGRAM	"""rule splitSep(.IntSeq, _SEP:Int, CUR:IntSeq)              => vCons(str(CUR), .ValSeq)"""
K0809	/reference/reference-semantics/semantics/methods.k	99	100	rule	-	no	FIXED_SUPPLIED_RULE_UNREACHABLE_FROM_SUBMITTED_PROGRAM	"""rule splitSep(iCons(C:Int, R:IntSeq), SEP:Int, CUR:IntSeq) => vCons(str(CUR), splitSep(R, SEP, .IntSeq))"""
K0810	/reference/reference-semantics/semantics/methods.k	101	102	rule	-	no	FIXED_SUPPLIED_RULE_UNREACHABLE_FROM_SUBMITTED_PROGRAM	"""rule splitSep(iCons(C:Int, R:IntSeq), SEP:Int, CUR:IntSeq) => splitSep(R, SEP, seqConcat(CUR, iCons(C, .IntSeq)))"""
K0811	/reference/reference-semantics/semantics/methods.k	104	105	rule	-	no	FIXED_SUPPLIED_RULE_UNREACHABLE_FROM_SUBMITTED_PROGRAM	"""rule applyMethod(str(CS:IntSeq), \""replace\"", str(iCons(A:Int, .IntSeq)), str(iCons(B:Int, .IntSeq)), .Vals)"""
K0812	/reference/reference-semantics/semantics/methods.k	106	106	syntax	function,total	no	FIXED_SUPPLIED_DECLARATION_OR_ASSEMBLY_INERT_OR_WELL_FORMED	"""syntax IntSeq ::= replaceC(IntSeq, Int, Int) [function, total]"""
K0813	/reference/reference-semantics/semantics/methods.k	107	107	rule	-	no	FIXED_SUPPLIED_RULE_UNREACHABLE_FROM_SUBMITTED_PROGRAM	"""rule replaceC(.IntSeq, _:Int, _:Int)             => .IntSeq"""
K0814	/reference/reference-semantics/semantics/methods.k	108	108	rule	-	no	FIXED_SUPPLIED_RULE_UNREACHABLE_FROM_SUBMITTED_PROGRAM	"""rule replaceC(iCons(C:Int, R:IntSeq), A:Int, B:Int) => iCons(B, replaceC(R, A, B)) requires C ==Int A"""
K0815	/reference/reference-semantics/semantics/methods.k	109	109	rule	-	no	FIXED_SUPPLIED_RULE_UNREACHABLE_FROM_SUBMITTED_PROGRAM	"""rule replaceC(iCons(C:Int, R:IntSeq), A:Int, B:Int) => iCons(C, replaceC(R, A, B)) requires notBool (C ==Int A)"""
K0816	/reference/reference-semantics/semantics/methods.k	112	112	syntax	function,total	no	FIXED_SUPPLIED_DECLARATION_OR_ASSEMBLY_INERT_OR_WELL_FORMED	"""syntax Bool ::= isUpperC(Int) [function, total]"""
K0817	/reference/reference-semantics/semantics/methods.k	113	113	rule	-	no	FIXED_SUPPLIED_RULE_UNREACHABLE_FROM_SUBMITTED_PROGRAM	"""rule isUpperC(C:Int) => C >=Int 65 andBool C <=Int 90"""
K0818	/reference/reference-semantics/semantics/methods.k	115	115	syntax	function,total	no	FIXED_SUPPLIED_DECLARATION_OR_ASSEMBLY_INERT_OR_WELL_FORMED	"""syntax Bool ::= isLowerC(Int) [function, total]"""
K0819	/reference/reference-semantics/semantics/methods.k	116	116	rule	-	no	FIXED_SUPPLIED_RULE_UNREACHABLE_FROM_SUBMITTED_PROGRAM	"""rule isLowerC(C:Int) => C >=Int 97 andBool C <=Int 122"""
K0820	/reference/reference-semantics/semantics/methods.k	118	118	syntax	function,total	no	FIXED_SUPPLIED_DECLARATION_OR_ASSEMBLY_INERT_OR_WELL_FORMED	"""syntax Bool ::= isAlphaC(Int) [function, total]"""
K0821	/reference/reference-semantics/semantics/methods.k	119	119	rule	-	no	FIXED_SUPPLIED_RULE_UNREACHABLE_FROM_SUBMITTED_PROGRAM	"""rule isAlphaC(C:Int) => isUpperC(C) orBool isLowerC(C)"""
K0822	/reference/reference-semantics/semantics/methods.k	121	121	syntax	function,total	no	FIXED_SUPPLIED_DECLARATION_OR_ASSEMBLY_INERT_OR_WELL_FORMED	"""syntax Bool ::= isDigitC(Int) [function, total]"""
K0823	/reference/reference-semantics/semantics/methods.k	122	122	rule	-	no	FIXED_SUPPLIED_RULE_UNREACHABLE_FROM_SUBMITTED_PROGRAM	"""rule isDigitC(C:Int) => C >=Int 48 andBool C <=Int 57"""
K0824	/reference/reference-semantics/semantics/methods.k	124	124	syntax	function,total	no	FIXED_SUPPLIED_DECLARATION_OR_ASSEMBLY_INERT_OR_WELL_FORMED	"""syntax Bool ::= hasUpper(IntSeq) [function, total]"""
K0825	/reference/reference-semantics/semantics/methods.k	125	125	rule	-	no	FIXED_SUPPLIED_RULE_UNREACHABLE_FROM_SUBMITTED_PROGRAM	"""rule hasUpper(.IntSeq) => false"""
K0826	/reference/reference-semantics/semantics/methods.k	126	126	rule	-	no	FIXED_SUPPLIED_RULE_UNREACHABLE_FROM_SUBMITTED_PROGRAM	"""rule hasUpper(iCons(C:Int, S:IntSeq)) => isUpperC(C) orBool hasUpper(S)"""
K0827	/reference/reference-semantics/semantics/methods.k	128	128	syntax	function,total	no	FIXED_SUPPLIED_DECLARATION_OR_ASSEMBLY_INERT_OR_WELL_FORMED	"""syntax Bool ::= hasLower(IntSeq) [function, total]"""
K0828	/reference/reference-semantics/semantics/methods.k	129	129	rule	-	no	FIXED_SUPPLIED_RULE_UNREACHABLE_FROM_SUBMITTED_PROGRAM	"""rule hasLower(.IntSeq) => false"""
K0829	/reference/reference-semantics/semantics/methods.k	130	130	rule	-	no	FIXED_SUPPLIED_RULE_UNREACHABLE_FROM_SUBMITTED_PROGRAM	"""rule hasLower(iCons(C:Int, S:IntSeq)) => isLowerC(C) orBool hasLower(S)"""
K0830	/reference/reference-semantics/semantics/methods.k	132	132	syntax	function,total	no	FIXED_SUPPLIED_DECLARATION_OR_ASSEMBLY_INERT_OR_WELL_FORMED	"""syntax Bool ::= allAlpha(IntSeq) [function, total]"""
K0831	/reference/reference-semantics/semantics/methods.k	133	133	rule	-	no	FIXED_SUPPLIED_RULE_UNREACHABLE_FROM_SUBMITTED_PROGRAM	"""rule allAlpha(.IntSeq) => true"""
K0832	/reference/reference-semantics/semantics/methods.k	134	134	rule	-	no	FIXED_SUPPLIED_RULE_UNREACHABLE_FROM_SUBMITTED_PROGRAM	"""rule allAlpha(iCons(C:Int, S:IntSeq)) => isAlphaC(C) andBool allAlpha(S)"""
K0833	/reference/reference-semantics/semantics/methods.k	136	136	syntax	function,total	no	FIXED_SUPPLIED_DECLARATION_OR_ASSEMBLY_INERT_OR_WELL_FORMED	"""syntax Bool ::= allDigit(IntSeq) [function, total]"""
K0834	/reference/reference-semantics/semantics/methods.k	137	137	rule	-	no	FIXED_SUPPLIED_RULE_UNREACHABLE_FROM_SUBMITTED_PROGRAM	"""rule allDigit(.IntSeq) => true"""
K0835	/reference/reference-semantics/semantics/methods.k	138	138	rule	-	no	FIXED_SUPPLIED_RULE_UNREACHABLE_FROM_SUBMITTED_PROGRAM	"""rule allDigit(iCons(C:Int, S:IntSeq)) => isDigitC(C) andBool allDigit(S)"""
K0836	/reference/reference-semantics/semantics/methods.k	140	140	syntax	function,total	no	FIXED_SUPPLIED_DECLARATION_OR_ASSEMBLY_INERT_OR_WELL_FORMED	"""syntax Int ::= lowerC(Int) [function, total]"""
K0837	/reference/reference-semantics/semantics/methods.k	142	142	rule	-	no	FIXED_SUPPLIED_RULE_UNREACHABLE_FROM_SUBMITTED_PROGRAM	"""rule lowerC(C:Int) => C +Int 32 requires isUpperC(C)"""
K0838	/reference/reference-semantics/semantics/methods.k	143	143	rule	owise	no	FIXED_SUPPLIED_RULE_UNREACHABLE_FROM_SUBMITTED_PROGRAM	"""rule lowerC(C:Int) => C         [owise]"""
K0839	/reference/reference-semantics/semantics/methods.k	145	145	syntax	function,total	no	FIXED_SUPPLIED_DECLARATION_OR_ASSEMBLY_INERT_OR_WELL_FORMED	"""syntax Int ::= upperC(Int) [function, total]"""
K0840	/reference/reference-semantics/semantics/methods.k	146	146	rule	-	no	FIXED_SUPPLIED_RULE_UNREACHABLE_FROM_SUBMITTED_PROGRAM	"""rule upperC(C:Int) => C -Int 32 requires isLowerC(C)"""
K0841	/reference/reference-semantics/semantics/methods.k	147	147	rule	owise	no	FIXED_SUPPLIED_RULE_UNREACHABLE_FROM_SUBMITTED_PROGRAM	"""rule upperC(C:Int) => C         [owise]"""
K0842	/reference/reference-semantics/semantics/methods.k	149	149	syntax	function,total	no	FIXED_SUPPLIED_DECLARATION_OR_ASSEMBLY_INERT_OR_WELL_FORMED	"""syntax Int ::= swapC(Int) [function, total]"""
K0843	/reference/reference-semantics/semantics/methods.k	150	150	rule	-	no	FIXED_SUPPLIED_RULE_UNREACHABLE_FROM_SUBMITTED_PROGRAM	"""rule swapC(C:Int) => C +Int 32 requires isUpperC(C)"""
K0844	/reference/reference-semantics/semantics/methods.k	151	151	rule	-	no	FIXED_SUPPLIED_RULE_UNREACHABLE_FROM_SUBMITTED_PROGRAM	"""rule swapC(C:Int) => C -Int 32 requires isLowerC(C)"""
K0845	/reference/reference-semantics/semantics/methods.k	152	152	rule	owise	no	FIXED_SUPPLIED_RULE_UNREACHABLE_FROM_SUBMITTED_PROGRAM	"""rule swapC(C:Int) => C         [owise]"""
K0846	/reference/reference-semantics/semantics/methods.k	154	154	syntax	function,total	no	FIXED_SUPPLIED_DECLARATION_OR_ASSEMBLY_INERT_OR_WELL_FORMED	"""syntax IntSeq ::= mapLower(IntSeq) [function, total]"""
K0847	/reference/reference-semantics/semantics/methods.k	155	155	rule	-	no	FIXED_SUPPLIED_RULE_UNREACHABLE_FROM_SUBMITTED_PROGRAM	"""rule mapLower(.IntSeq) => .IntSeq"""
K0848	/reference/reference-semantics/semantics/methods.k	156	156	rule	-	no	FIXED_SUPPLIED_RULE_UNREACHABLE_FROM_SUBMITTED_PROGRAM	"""rule mapLower(iCons(C:Int, S:IntSeq)) => iCons(lowerC(C), mapLower(S))"""
K0849	/reference/reference-semantics/semantics/methods.k	158	158	syntax	function,total	no	FIXED_SUPPLIED_DECLARATION_OR_ASSEMBLY_INERT_OR_WELL_FORMED	"""syntax IntSeq ::= mapUpper(IntSeq) [function, total]"""
K0850	/reference/reference-semantics/semantics/methods.k	159	159	rule	-	no	FIXED_SUPPLIED_RULE_UNREACHABLE_FROM_SUBMITTED_PROGRAM	"""rule mapUpper(.IntSeq) => .IntSeq"""
K0851	/reference/reference-semantics/semantics/methods.k	160	160	rule	-	no	FIXED_SUPPLIED_RULE_UNREACHABLE_FROM_SUBMITTED_PROGRAM	"""rule mapUpper(iCons(C:Int, S:IntSeq)) => iCons(upperC(C), mapUpper(S))"""
K0852	/reference/reference-semantics/semantics/methods.k	162	162	syntax	function,total	no	FIXED_SUPPLIED_DECLARATION_OR_ASSEMBLY_INERT_OR_WELL_FORMED	"""syntax IntSeq ::= mapSwap(IntSeq) [function, total]"""
K0853	/reference/reference-semantics/semantics/methods.k	163	163	rule	-	no	FIXED_SUPPLIED_RULE_UNREACHABLE_FROM_SUBMITTED_PROGRAM	"""rule mapSwap(.IntSeq) => .IntSeq"""
K0854	/reference/reference-semantics/semantics/methods.k	164	164	rule	-	no	FIXED_SUPPLIED_RULE_UNREACHABLE_FROM_SUBMITTED_PROGRAM	"""rule mapSwap(iCons(C:Int, S:IntSeq)) => iCons(swapC(C), mapSwap(S))"""
K0855	/reference/reference-semantics/semantics/methods.k	166	166	syntax	function,total	no	FIXED_SUPPLIED_DECLARATION_OR_ASSEMBLY_INERT_OR_WELL_FORMED	"""syntax Bool ::= startsWith(IntSeq, IntSeq) [function, total]"""
K0856	/reference/reference-semantics/semantics/methods.k	167	167	rule	-	no	FIXED_SUPPLIED_RULE_UNREACHABLE_FROM_SUBMITTED_PROGRAM	"""rule startsWith(.IntSeq, _:IntSeq)               => true"""
K0857	/reference/reference-semantics/semantics/methods.k	168	168	rule	-	no	FIXED_SUPPLIED_RULE_UNREACHABLE_FROM_SUBMITTED_PROGRAM	"""rule startsWith(iCons(_:Int, _:IntSeq), .IntSeq) => false"""
K0858	/reference/reference-semantics/semantics/methods.k	169	169	rule	-	no	FIXED_SUPPLIED_RULE_UNREACHABLE_FROM_SUBMITTED_PROGRAM	"""rule startsWith(iCons(A:Int, As:IntSeq), iCons(B:Int, Bs:IntSeq)) => A ==Int B andBool startsWith(As, Bs)"""
K0859	/reference/reference-semantics/semantics/methods.k	170	170	endmodule	-	no	FIXED_SUPPLIED_DECLARATION_OR_ASSEMBLY_INERT_OR_WELL_FORMED	"""endmodule"""
K0860	/reference/reference-semantics/semantics/operators.k	6	6	module	-	yes	FIXED_SUPPLIED_SEMANTICS_USED_AND_REVIEWED_SOUND_ON_MATCH_DOMAIN	"""module MPY-OPERATORS"""
K0861	/reference/reference-semantics/semantics/operators.k	7	7	imports	-	yes	FIXED_SUPPLIED_SEMANTICS_USED_AND_REVIEWED_SOUND_ON_MATCH_DOMAIN	"""imports MPY-CORE"""
K0862	/reference/reference-semantics/semantics/operators.k	8	8	imports	-	yes	FIXED_SUPPLIED_SEMANTICS_USED_AND_REVIEWED_SOUND_ON_MATCH_DOMAIN	"""imports MPY-ITER"""
K0863	/reference/reference-semantics/semantics/operators.k	10	10	rule	-	yes	FIXED_SUPPLIED_SEMANTICS_USED_AND_REVIEWED_SOUND_ON_MATCH_DOMAIN	"""rule <k> UnaryOp(OP:String, V:Val) => applyUn(OP, V) ... </k>"""
K0864	/reference/reference-semantics/semantics/operators.k	12	12	rule	-	yes	FIXED_SUPPLIED_SEMANTICS_USED_AND_REVIEWED_SOUND_ON_MATCH_DOMAIN	"""rule <k> BinOp(OP:String, L:Val, R:Val) => applyBin(OP, L, R) ... </k>"""
K0865	/reference/reference-semantics/semantics/operators.k	15	15	context	-	yes	FIXED_SUPPLIED_SEMANTICS_USED_AND_REVIEWED_SOUND_ON_MATCH_DOMAIN	"""context Compare(HOLE, _)"""
K0866	/reference/reference-semantics/semantics/operators.k	16	16	context	-	yes	FIXED_SUPPLIED_SEMANTICS_USED_AND_REVIEWED_SOUND_ON_MATCH_DOMAIN	"""context Compare(_:Val, CmpOp(_, HOLE))"""
K0867	/reference/reference-semantics/semantics/operators.k	17	17	rule	owise	yes	FIXED_SUPPLIED_SEMANTICS_USED_AND_REVIEWED_SOUND_ON_MATCH_DOMAIN	"""rule <k> Compare(LV:Val, CmpOp(OP:String, RV:Val)) => applyCmp(OP, LV, RV) ... </k> [owise]"""
K0868	/reference/reference-semantics/semantics/operators.k	19	19	rule	-	yes	FIXED_SUPPLIED_SEMANTICS_USED_AND_REVIEWED_SOUND_ON_MATCH_DOMAIN	"""rule applyCmp(\""is\"",     V:Val, noneV) => V ==K noneV"""
K0869	/reference/reference-semantics/semantics/operators.k	20	20	rule	-	yes	FIXED_SUPPLIED_SEMANTICS_USED_AND_REVIEWED_SOUND_ON_MATCH_DOMAIN	"""rule applyCmp(\""is not\"", V:Val, noneV) => notBool (V ==K noneV)"""
K0870	/reference/reference-semantics/semantics/operators.k	25	27	rule	priority	yes	FIXED_SUPPLIED_SEMANTICS_USED_AND_REVIEWED_SOUND_ON_MATCH_DOMAIN	"""rule <k> BinOp(OP:String, ref(H:Int), R:Expr) => BinOp(OP, V, R) ... </k>"""
K0871	/reference/reference-semantics/semantics/operators.k	28	31	rule	priority	yes	FIXED_SUPPLIED_SEMANTICS_USED_AND_REVIEWED_SOUND_ON_MATCH_DOMAIN	"""rule <k> BinOp(OP:String, L:Val, ref(H:Int)) => BinOp(OP, L, V) ... </k>"""
K0872	/reference/reference-semantics/semantics/operators.k	34	37	rule	priority	yes	FIXED_SUPPLIED_SEMANTICS_USED_AND_REVIEWED_SOUND_ON_MATCH_DOMAIN	"""rule <k> Compare(ref(H:Int), CmpOp(OP:String, R:Expr)) => Compare(V, CmpOp(OP, R)) ... </k>"""
K0873	/reference/reference-semantics/semantics/operators.k	38	42	rule	priority	yes	FIXED_SUPPLIED_SEMANTICS_USED_AND_REVIEWED_SOUND_ON_MATCH_DOMAIN	"""rule <k> Compare(L:Val, CmpOp(OP:String, ref(H:Int))) => Compare(L, CmpOp(OP, V)) ... </k>"""
K0874	/reference/reference-semantics/semantics/operators.k	44	46	rule	priority	no	FIXED_SUPPLIED_RULE_UNREACHABLE_FROM_SUBMITTED_PROGRAM	"""rule <k> UnaryOp(OP:String, ref(H:Int)) => UnaryOp(OP, V) ... </k>"""
K0875	/reference/reference-semantics/semantics/operators.k	47	47	endmodule	-	no	FIXED_SUPPLIED_DECLARATION_OR_ASSEMBLY_INERT_OR_WELL_FORMED	"""endmodule"""
K0876	/reference/reference-semantics/semantics/range.k	5	5	module	-	no	FIXED_SUPPLIED_DECLARATION_OR_ASSEMBLY_INERT_OR_WELL_FORMED	"""module MPY-RANGE"""
K0877	/reference/reference-semantics/semantics/range.k	6	6	imports	-	no	FIXED_SUPPLIED_DECLARATION_OR_ASSEMBLY_INERT_OR_WELL_FORMED	"""imports MPY-CORE"""
K0878	/reference/reference-semantics/semantics/range.k	7	7	imports	-	no	FIXED_SUPPLIED_DECLARATION_OR_ASSEMBLY_INERT_OR_WELL_FORMED	"""imports MPY-ITER"""
K0879	/reference/reference-semantics/semantics/range.k	9	9	syntax	function,total	no	FIXED_SUPPLIED_DECLARATION_OR_ASSEMBLY_INERT_OR_WELL_FORMED	"""syntax Bool ::= inRange(Int, Int, Int) [function, total]"""
K0880	/reference/reference-semantics/semantics/range.k	10	10	rule	-	no	FIXED_SUPPLIED_RULE_UNREACHABLE_FROM_SUBMITTED_PROGRAM	"""rule inRange(I:Int, HI:Int, ST:Int) => (ST >Int 0 andBool I <Int HI) orBool (ST <Int 0 andBool I >Int HI)"""
K0881	/reference/reference-semantics/semantics/range.k	12	12	syntax	function	no	FIXED_SUPPLIED_DECLARATION_OR_ASSEMBLY_INERT_OR_WELL_FORMED	"""syntax Int ::= rangeLen(Int, Int, Int) [function]"""
K0882	/reference/reference-semantics/semantics/range.k	13	14	rule	-	no	FIXED_SUPPLIED_RULE_UNREACHABLE_FROM_SUBMITTED_PROGRAM	"""rule rangeLen(LO:Int, HI:Int, ST:Int) => (HI -Int LO +Int ST -Int 1) /Int ST"""
K0883	/reference/reference-semantics/semantics/range.k	15	16	rule	-	no	FIXED_SUPPLIED_RULE_UNREACHABLE_FROM_SUBMITTED_PROGRAM	"""rule rangeLen(LO:Int, HI:Int, ST:Int) => (LO -Int HI -Int ST -Int 1) /Int (0 -Int ST)"""
K0884	/reference/reference-semantics/semantics/range.k	17	18	rule	-	no	FIXED_SUPPLIED_RULE_UNREACHABLE_FROM_SUBMITTED_PROGRAM	"""rule rangeLen(LO:Int, HI:Int, ST:Int) => 0"""
K0885	/reference/reference-semantics/semantics/range.k	20	22	rule	-	no	FIXED_SUPPLIED_RULE_UNREACHABLE_FROM_SUBMITTED_PROGRAM	"""rule <k> #iterNext(rangeObj(I:Int, HI:Int, ST:Int))"""
K0886	/reference/reference-semantics/semantics/range.k	23	24	rule	-	no	FIXED_SUPPLIED_RULE_UNREACHABLE_FROM_SUBMITTED_PROGRAM	"""rule <k> #iterNext(rangeObj(I:Int, HI:Int, ST:Int)) => #iterDone ... </k>"""
K0887	/reference/reference-semantics/semantics/range.k	25	25	endmodule	-	no	FIXED_SUPPLIED_DECLARATION_OR_ASSEMBLY_INERT_OR_WELL_FORMED	"""endmodule"""
K0888	/reference/reference-semantics/semantics/set.k	3	3	module	-	no	FIXED_SUPPLIED_DECLARATION_OR_ASSEMBLY_INERT_OR_WELL_FORMED	"""module MPY-SET"""
K0889	/reference/reference-semantics/semantics/set.k	4	4	imports	-	no	FIXED_SUPPLIED_DECLARATION_OR_ASSEMBLY_INERT_OR_WELL_FORMED	"""imports MPY-CORE"""
K0890	/reference/reference-semantics/semantics/set.k	8	8	syntax	-	no	FIXED_SUPPLIED_DECLARATION_OR_ASSEMBLY_INERT_OR_WELL_FORMED	"""syntax Val ::= setV(IntSeq)"""
K0891	/reference/reference-semantics/semantics/set.k	11	11	syntax	function,total	no	FIXED_SUPPLIED_DECLARATION_OR_ASSEMBLY_INERT_OR_WELL_FORMED	"""syntax Bool ::= codeIn(Int, IntSeq) [function, total]"""
K0892	/reference/reference-semantics/semantics/set.k	12	12	rule	-	no	FIXED_SUPPLIED_RULE_UNREACHABLE_FROM_SUBMITTED_PROGRAM	"""rule codeIn(_:Int, .IntSeq)                => false"""
K0893	/reference/reference-semantics/semantics/set.k	13	13	rule	-	no	FIXED_SUPPLIED_RULE_UNREACHABLE_FROM_SUBMITTED_PROGRAM	"""rule codeIn(C:Int, iCons(H:Int, T:IntSeq)) => C ==Int H orBool codeIn(C, T)"""
K0894	/reference/reference-semantics/semantics/set.k	16	17	syntax	function,total	no	FIXED_SUPPLIED_DECLARATION_OR_ASSEMBLY_INERT_OR_WELL_FORMED	"""syntax IntSeq ::= dedupCodes(IntSeq)         [function, total]"""
K0895	/reference/reference-semantics/semantics/set.k	18	18	rule	-	no	FIXED_SUPPLIED_RULE_UNREACHABLE_FROM_SUBMITTED_PROGRAM	"""rule dedupCodes(CS:IntSeq) => dedupFrom(CS, .IntSeq)"""
K0896	/reference/reference-semantics/semantics/set.k	19	19	rule	-	no	FIXED_SUPPLIED_RULE_UNREACHABLE_FROM_SUBMITTED_PROGRAM	"""rule dedupFrom(.IntSeq, ACC:IntSeq) => ACC"""
K0897	/reference/reference-semantics/semantics/set.k	20	21	rule	-	no	FIXED_SUPPLIED_RULE_UNREACHABLE_FROM_SUBMITTED_PROGRAM	"""rule dedupFrom(iCons(C:Int, S:IntSeq), ACC:IntSeq) => dedupFrom(S, ACC)"""
K0898	/reference/reference-semantics/semantics/set.k	22	23	rule	-	no	FIXED_SUPPLIED_RULE_UNREACHABLE_FROM_SUBMITTED_PROGRAM	"""rule dedupFrom(iCons(C:Int, S:IntSeq), ACC:IntSeq) => dedupFrom(S, snocCode(ACC, C))"""
K0899	/reference/reference-semantics/semantics/set.k	25	25	syntax	function,total	no	FIXED_SUPPLIED_DECLARATION_OR_ASSEMBLY_INERT_OR_WELL_FORMED	"""syntax IntSeq ::= snocCode(IntSeq, Int) [function, total]"""
K0900	/reference/reference-semantics/semantics/set.k	26	26	rule	-	no	FIXED_SUPPLIED_RULE_UNREACHABLE_FROM_SUBMITTED_PROGRAM	"""rule snocCode(.IntSeq, C:Int)                => iCons(C, .IntSeq)"""
K0901	/reference/reference-semantics/semantics/set.k	27	27	rule	-	no	FIXED_SUPPLIED_RULE_UNREACHABLE_FROM_SUBMITTED_PROGRAM	"""rule snocCode(iCons(H:Int, T:IntSeq), C:Int) => iCons(H, snocCode(T, C))"""
K0902	/reference/reference-semantics/semantics/set.k	31	31	syntax	function,total	no	FIXED_SUPPLIED_DECLARATION_OR_ASSEMBLY_INERT_OR_WELL_FORMED	"""syntax Bool ::= subsetCodes(IntSeq, IntSeq) [function, total]"""
K0903	/reference/reference-semantics/semantics/set.k	32	32	rule	-	no	FIXED_SUPPLIED_RULE_UNREACHABLE_FROM_SUBMITTED_PROGRAM	"""rule subsetCodes(.IntSeq, _:IntSeq)                => true"""
K0904	/reference/reference-semantics/semantics/set.k	33	33	rule	-	no	FIXED_SUPPLIED_RULE_UNREACHABLE_FROM_SUBMITTED_PROGRAM	"""rule subsetCodes(iCons(C:Int, S:IntSeq), B:IntSeq) => codeIn(C, B) andBool subsetCodes(S, B)"""
K0905	/reference/reference-semantics/semantics/set.k	35	35	syntax	function,total	no	FIXED_SUPPLIED_DECLARATION_OR_ASSEMBLY_INERT_OR_WELL_FORMED	"""syntax Bool ::= sameSet(IntSeq, IntSeq) [function, total]"""
K0906	/reference/reference-semantics/semantics/set.k	36	36	rule	-	no	FIXED_SUPPLIED_RULE_UNREACHABLE_FROM_SUBMITTED_PROGRAM	"""rule sameSet(A:IntSeq, B:IntSeq) => subsetCodes(A, B) andBool subsetCodes(B, A)"""
K0907	/reference/reference-semantics/semantics/set.k	39	39	rule	-	no	FIXED_SUPPLIED_RULE_UNREACHABLE_FROM_SUBMITTED_PROGRAM	"""rule applyCmp(\""==\"", setV(A:IntSeq), setV(B:IntSeq)) => sameSet(A, B)"""
K0908	/reference/reference-semantics/semantics/set.k	40	40	endmodule	-	no	FIXED_SUPPLIED_DECLARATION_OR_ASSEMBLY_INERT_OR_WELL_FORMED	"""endmodule"""
K0909	/reference/reference-semantics/semantics/sort.k	10	10	module	-	yes	FIXED_SUPPLIED_SEMANTICS_USED_AND_REVIEWED_SOUND_ON_MATCH_DOMAIN	"""module MPY-SORT"""
K0910	/reference/reference-semantics/semantics/sort.k	11	11	imports	-	yes	FIXED_SUPPLIED_SEMANTICS_USED_AND_REVIEWED_SOUND_ON_MATCH_DOMAIN	"""imports MPY-BUILTINS"""
K0911	/reference/reference-semantics/semantics/sort.k	12	12	imports	-	yes	FIXED_SUPPLIED_SEMANTICS_USED_AND_REVIEWED_SOUND_ON_MATCH_DOMAIN	"""imports MPY-SUBSCRIPT"""
K0912	/reference/reference-semantics/semantics/sort.k	18	18	syntax	function,total,symbol,no-evaluators	yes	USED_EXTERNAL_TRUST_BOUNDARY_SORTVS	"""syntax ValSeq ::= sortVS(ValSeq) [function, total, symbol(sortVS), no-evaluators]"""
K0913	/reference/reference-semantics/semantics/sort.k	19	19	syntax	function	yes	FIXED_SUPPLIED_SEMANTICS_USED_AND_REVIEWED_SOUND_ON_MATCH_DOMAIN	"""syntax ValSeq ::= insVS(Int, ValSeq) [function]"""
K0914	/reference/reference-semantics/semantics/sort.k	20	20	rule	concrete	yes	CONCRETE_VALIDATION_RULE_USED_FOR_GROUND_INT_SORT	"""rule sortVS(.ValSeq)                => .ValSeq          [concrete]"""
K0915	/reference/reference-semantics/semantics/sort.k	21	21	rule	concrete	yes	CONCRETE_VALIDATION_RULE_USED_FOR_GROUND_INT_SORT	"""rule sortVS(vCons(X:Int, R:ValSeq)) => insVS(X, sortVS(R)) [concrete]"""
K0916	/reference/reference-semantics/semantics/sort.k	22	22	rule	concrete	yes	CONCRETE_VALIDATION_RULE_USED_FOR_GROUND_INT_SORT	"""rule insVS(X:Int, .ValSeq)                => vCons(X, .ValSeq) [concrete]"""
K0917	/reference/reference-semantics/semantics/sort.k	23	23	rule	concrete	yes	CONCRETE_VALIDATION_RULE_USED_FOR_GROUND_INT_SORT	"""rule insVS(X:Int, vCons(Y:Int, R:ValSeq)) => vCons(X, vCons(Y, R)) requires X <=Int Y [concrete]"""
K0918	/reference/reference-semantics/semantics/sort.k	24	24	rule	concrete	yes	CONCRETE_VALIDATION_RULE_USED_FOR_GROUND_INT_SORT	"""rule insVS(X:Int, vCons(Y:Int, R:ValSeq)) => vCons(Y, insVS(X, R)) requires X  >Int Y [concrete]"""
K0919	/reference/reference-semantics/semantics/sort.k	26	26	syntax	function	yes	FIXED_SUPPLIED_SEMANTICS_USED_AND_REVIEWED_SOUND_ON_MATCH_DOMAIN	"""syntax ValSeq ::= insVSs(IntSeq, ValSeq) [function]"""
K0920	/reference/reference-semantics/semantics/sort.k	27	27	rule	concrete	yes	CONCRETE_VALIDATION_RULE_USED_FOR_GROUND_INT_SORT	"""rule sortVS(vCons(str(CS:IntSeq), R:ValSeq)) => insVSs(CS, sortVS(R)) [concrete]"""
K0921	/reference/reference-semantics/semantics/sort.k	28	28	rule	concrete	yes	CONCRETE_VALIDATION_RULE_USED_FOR_GROUND_INT_SORT	"""rule insVSs(A:IntSeq, .ValSeq) => vCons(str(A), .ValSeq) [concrete]"""
K0922	/reference/reference-semantics/semantics/sort.k	29	30	rule	concrete	yes	CONCRETE_VALIDATION_RULE_USED_FOR_GROUND_INT_SORT	"""rule insVSs(A:IntSeq, vCons(str(B:IntSeq), R:ValSeq)) => vCons(str(A), vCons(str(B), R))"""
K0923	/reference/reference-semantics/semantics/sort.k	31	32	rule	concrete	yes	CONCRETE_VALIDATION_RULE_USED_FOR_GROUND_INT_SORT	"""rule insVSs(A:IntSeq, vCons(str(B:IntSeq), R:ValSeq)) => vCons(str(B), insVSs(A, R))"""
K0924	/reference/reference-semantics/semantics/sort.k	36	37	rule	-	yes	FIXED_SUPPLIED_SEMANTICS_USED_AND_REVIEWED_SOUND_ON_MATCH_DOMAIN	"""rule <k> #applyK(toCall(builtinV(\""sorted\"")), (list(VS:ValSeq), .Vals))"""
K0925	/reference/reference-semantics/semantics/sort.k	40	42	rule	priority	no	FIXED_SUPPLIED_RULE_UNREACHABLE_FROM_SUBMITTED_PROGRAM	"""rule <k> #applyK(toCall(boundMethodV(ref(H:Int), \""sort\"")), .Vals) => noneV ... </k>"""
K0926	/reference/reference-semantics/semantics/sort.k	49	49	syntax	function,total,symbol,no-evaluators	no	UNUSED_EXTERNAL_TRUST_BOUNDARY_INERT_FOR_THIS_PROGRAM	"""syntax ValSeq ::= sortKeyVS(ValSeq, Val) [function, total, symbol(sortKeyVS), no-evaluators]"""
K0927	/reference/reference-semantics/semantics/sort.k	51	52	syntax	function,total	no	FIXED_SUPPLIED_DECLARATION_OR_ASSEMBLY_INERT_OR_WELL_FORMED	"""syntax ValSeq ::= revVS(ValSeq) [function, total]"""
K0928	/reference/reference-semantics/semantics/sort.k	53	53	rule	-	no	FIXED_SUPPLIED_RULE_UNREACHABLE_FROM_SUBMITTED_PROGRAM	"""rule revVS(S:ValSeq) => revVSAcc(S, .ValSeq)"""
K0929	/reference/reference-semantics/semantics/sort.k	54	54	rule	-	no	FIXED_SUPPLIED_RULE_UNREACHABLE_FROM_SUBMITTED_PROGRAM	"""rule revVSAcc(.ValSeq, A:ValSeq) => A"""
K0930	/reference/reference-semantics/semantics/sort.k	55	55	rule	-	no	FIXED_SUPPLIED_RULE_UNREACHABLE_FROM_SUBMITTED_PROGRAM	"""rule revVSAcc(vCons(V:Val, R:ValSeq), A:ValSeq) => revVSAcc(R, vCons(V, A))"""
K0931	/reference/reference-semantics/semantics/sort.k	57	57	syntax	function,total	no	FIXED_SUPPLIED_DECLARATION_OR_ASSEMBLY_INERT_OR_WELL_FORMED	"""syntax ValSeq ::= condRev(ValSeq, Bool) [function, total]"""
K0932	/reference/reference-semantics/semantics/sort.k	58	58	rule	-	no	FIXED_SUPPLIED_RULE_UNREACHABLE_FROM_SUBMITTED_PROGRAM	"""rule condRev(S:ValSeq, false) => S"""
K0933	/reference/reference-semantics/semantics/sort.k	59	59	rule	-	no	FIXED_SUPPLIED_RULE_UNREACHABLE_FROM_SUBMITTED_PROGRAM	"""rule condRev(S:ValSeq, true)  => revVS(S)"""
K0934	/reference/reference-semantics/semantics/sort.k	61	62	rule	-	no	FIXED_SUPPLIED_RULE_UNREACHABLE_FROM_SUBMITTED_PROGRAM	"""rule <k> #applyK(toCall(builtinV(\""sorted\"")), (list(VS:ValSeq), kwV(\""key\"", KV:Val), .Vals))"""
K0935	/reference/reference-semantics/semantics/sort.k	63	64	rule	-	no	FIXED_SUPPLIED_RULE_UNREACHABLE_FROM_SUBMITTED_PROGRAM	"""rule <k> #applyK(toCall(builtinV(\""sorted\"")), (list(VS:ValSeq), kwV(\""key\"", KV:Val), kwV(\""reverse\"", RB:Bool), .Vals))"""
K0936	/reference/reference-semantics/semantics/sort.k	65	66	rule	-	no	FIXED_SUPPLIED_RULE_UNREACHABLE_FROM_SUBMITTED_PROGRAM	"""rule <k> #applyK(toCall(builtinV(\""sorted\"")), (list(VS:ValSeq), kwV(\""reverse\"", RB:Bool), .Vals))"""
K0937	/reference/reference-semantics/semantics/sort.k	72	72	endmodule	-	no	FIXED_SUPPLIED_DECLARATION_OR_ASSEMBLY_INERT_OR_WELL_FORMED	"""endmodule"""
K0938	/reference/reference-semantics/semantics/str.k	3	3	module	-	no	FIXED_SUPPLIED_DECLARATION_OR_ASSEMBLY_INERT_OR_WELL_FORMED	"""module MPY-STR"""
K0939	/reference/reference-semantics/semantics/str.k	4	4	imports	-	no	FIXED_SUPPLIED_DECLARATION_OR_ASSEMBLY_INERT_OR_WELL_FORMED	"""imports MPY-CORE"""
K0940	/reference/reference-semantics/semantics/str.k	5	5	imports	-	no	FIXED_SUPPLIED_DECLARATION_OR_ASSEMBLY_INERT_OR_WELL_FORMED	"""imports MPY-ITER"""
K0941	/reference/reference-semantics/semantics/str.k	8	8	rule	-	no	FIXED_SUPPLIED_RULE_UNREACHABLE_FROM_SUBMITTED_PROGRAM	"""rule <k> #iterNext(str(.IntSeq))                 => #iterDone ... </k>"""
K0942	/reference/reference-semantics/semantics/str.k	9	10	rule	-	no	FIXED_SUPPLIED_RULE_UNREACHABLE_FROM_SUBMITTED_PROGRAM	"""rule <k> #iterNext(str(iCons(C:Int, R:IntSeq)))"""
K0943	/reference/reference-semantics/semantics/str.k	13	13	syntax	function	no	FIXED_SUPPLIED_DECLARATION_OR_ASSEMBLY_INERT_OR_WELL_FORMED	"""syntax IntSeq ::= strToCodes(String) [function]"""
K0944	/reference/reference-semantics/semantics/str.k	14	14	rule	-	no	FIXED_SUPPLIED_RULE_UNREACHABLE_FROM_SUBMITTED_PROGRAM	"""rule <k> Str(S:String) => str(strToCodes(S)) ... </k>"""
K0945	/reference/reference-semantics/semantics/str.k	15	15	rule	-	no	FIXED_SUPPLIED_RULE_UNREACHABLE_FROM_SUBMITTED_PROGRAM	"""rule strToCodes(\""\"") => .IntSeq"""
K0946	/reference/reference-semantics/semantics/str.k	16	17	rule	-	no	FIXED_SUPPLIED_RULE_UNREACHABLE_FROM_SUBMITTED_PROGRAM	"""rule strToCodes(S:String) => iCons(ordChar(substrString(S, 0, 1)), strToCodes(substrString(S, 1, lengthString(S))))"""
K0947	/reference/reference-semantics/semantics/str.k	20	20	syntax	function,total	no	FIXED_SUPPLIED_DECLARATION_OR_ASSEMBLY_INERT_OR_WELL_FORMED	"""syntax IntSeq ::= seqConcat(IntSeq, IntSeq) [function, total]"""
K0948	/reference/reference-semantics/semantics/str.k	21	21	rule	-	no	FIXED_SUPPLIED_RULE_UNREACHABLE_FROM_SUBMITTED_PROGRAM	"""rule seqConcat(.IntSeq, T:IntSeq)                => T"""
K0949	/reference/reference-semantics/semantics/str.k	22	22	rule	-	no	FIXED_SUPPLIED_RULE_UNREACHABLE_FROM_SUBMITTED_PROGRAM	"""rule seqConcat(iCons(I:Int, S:IntSeq), T:IntSeq) => iCons(I, seqConcat(S, T))"""
K0950	/reference/reference-semantics/semantics/str.k	24	24	rule	-	no	FIXED_SUPPLIED_RULE_UNREACHABLE_FROM_SUBMITTED_PROGRAM	"""rule applyBin(\""+\"",  str(A:IntSeq), str(B:IntSeq)) => str(seqConcat(A, B))"""
K0951	/reference/reference-semantics/semantics/str.k	25	25	rule	-	no	FIXED_SUPPLIED_RULE_UNREACHABLE_FROM_SUBMITTED_PROGRAM	"""rule applyCmp(\""==\"", str(A:IntSeq), str(B:IntSeq)) => A ==K B"""
K0952	/reference/reference-semantics/semantics/str.k	26	26	rule	-	no	FIXED_SUPPLIED_RULE_UNREACHABLE_FROM_SUBMITTED_PROGRAM	"""rule applyCmp(\""!=\"", str(A:IntSeq), str(B:IntSeq)) => notBool (A ==K B)"""
K0953	/reference/reference-semantics/semantics/str.k	29	29	rule	-	no	FIXED_SUPPLIED_RULE_UNREACHABLE_FROM_SUBMITTED_PROGRAM	"""rule applyCmp(\""in\"",     str(P:IntSeq), str(X:IntSeq)) => strContains(P, X)"""
K0954	/reference/reference-semantics/semantics/str.k	30	30	rule	-	no	FIXED_SUPPLIED_RULE_UNREACHABLE_FROM_SUBMITTED_PROGRAM	"""rule applyCmp(\""not in\"", str(P:IntSeq), str(X:IntSeq)) => notBool strContains(P, X)"""
K0955	/reference/reference-semantics/semantics/str.k	32	32	syntax	function,total	no	FIXED_SUPPLIED_DECLARATION_OR_ASSEMBLY_INERT_OR_WELL_FORMED	"""syntax Bool ::= strPrefix(IntSeq, IntSeq) [function, total]"""
K0956	/reference/reference-semantics/semantics/str.k	33	33	rule	-	no	FIXED_SUPPLIED_RULE_UNREACHABLE_FROM_SUBMITTED_PROGRAM	"""rule strPrefix(.IntSeq, _:IntSeq)               => true"""
K0957	/reference/reference-semantics/semantics/str.k	34	34	rule	-	no	FIXED_SUPPLIED_RULE_UNREACHABLE_FROM_SUBMITTED_PROGRAM	"""rule strPrefix(iCons(_:Int, _:IntSeq), .IntSeq) => false"""
K0958	/reference/reference-semantics/semantics/str.k	35	35	rule	-	no	FIXED_SUPPLIED_RULE_UNREACHABLE_FROM_SUBMITTED_PROGRAM	"""rule strPrefix(iCons(A:Int, As:IntSeq), iCons(B:Int, Bs:IntSeq)) => A ==Int B andBool strPrefix(As, Bs)"""
K0959	/reference/reference-semantics/semantics/str.k	37	37	syntax	function,total	no	FIXED_SUPPLIED_DECLARATION_OR_ASSEMBLY_INERT_OR_WELL_FORMED	"""syntax Bool ::= strContains(IntSeq, IntSeq) [function, total]"""
K0960	/reference/reference-semantics/semantics/str.k	38	38	rule	-	no	FIXED_SUPPLIED_RULE_UNREACHABLE_FROM_SUBMITTED_PROGRAM	"""rule strContains(P:IntSeq, X:IntSeq) => true  requires strPrefix(P, X)"""
K0961	/reference/reference-semantics/semantics/str.k	39	39	rule	-	no	FIXED_SUPPLIED_RULE_UNREACHABLE_FROM_SUBMITTED_PROGRAM	"""rule strContains(P:IntSeq, .IntSeq)  => false requires notBool strPrefix(P, .IntSeq)"""
K0962	/reference/reference-semantics/semantics/str.k	40	41	rule	-	no	FIXED_SUPPLIED_RULE_UNREACHABLE_FROM_SUBMITTED_PROGRAM	"""rule strContains(P:IntSeq, iCons(C:Int, Xs:IntSeq)) => strContains(P, Xs)"""
K0963	/reference/reference-semantics/semantics/str.k	48	48	syntax	function,total	no	FIXED_SUPPLIED_DECLARATION_OR_ASSEMBLY_INERT_OR_WELL_FORMED	"""syntax Bool ::= strLt(IntSeq, IntSeq) [function, total]"""
K0964	/reference/reference-semantics/semantics/str.k	49	49	rule	-	no	FIXED_SUPPLIED_RULE_UNREACHABLE_FROM_SUBMITTED_PROGRAM	"""rule strLt(.IntSeq, .IntSeq)                => false"""
K0965	/reference/reference-semantics/semantics/str.k	50	50	rule	-	no	FIXED_SUPPLIED_RULE_UNREACHABLE_FROM_SUBMITTED_PROGRAM	"""rule strLt(.IntSeq, iCons(_:Int, _:IntSeq)) => true"""
K0966	/reference/reference-semantics/semantics/str.k	51	51	rule	-	no	FIXED_SUPPLIED_RULE_UNREACHABLE_FROM_SUBMITTED_PROGRAM	"""rule strLt(iCons(_:Int, _:IntSeq), .IntSeq) => false"""
K0967	/reference/reference-semantics/semantics/str.k	52	52	rule	-	no	FIXED_SUPPLIED_RULE_UNREACHABLE_FROM_SUBMITTED_PROGRAM	"""rule strLt(iCons(A:Int, As:IntSeq), iCons(B:Int, Bs:IntSeq)) => true          requires A  <Int B"""
K0968	/reference/reference-semantics/semantics/str.k	53	53	rule	-	no	FIXED_SUPPLIED_RULE_UNREACHABLE_FROM_SUBMITTED_PROGRAM	"""rule strLt(iCons(A:Int, As:IntSeq), iCons(B:Int, Bs:IntSeq)) => false         requires A  >Int B"""
K0969	/reference/reference-semantics/semantics/str.k	54	54	rule	-	no	FIXED_SUPPLIED_RULE_UNREACHABLE_FROM_SUBMITTED_PROGRAM	"""rule strLt(iCons(A:Int, As:IntSeq), iCons(B:Int, Bs:IntSeq)) => strLt(As, Bs) requires A ==Int B"""
K0970	/reference/reference-semantics/semantics/str.k	56	56	rule	-	no	FIXED_SUPPLIED_RULE_UNREACHABLE_FROM_SUBMITTED_PROGRAM	"""rule applyCmp(\""<\"",  str(A:IntSeq), str(B:IntSeq)) => strLt(A, B)"""
K0971	/reference/reference-semantics/semantics/str.k	57	57	rule	-	no	FIXED_SUPPLIED_RULE_UNREACHABLE_FROM_SUBMITTED_PROGRAM	"""rule applyCmp(\"">\"",  str(A:IntSeq), str(B:IntSeq)) => strLt(B, A)"""
K0972	/reference/reference-semantics/semantics/str.k	58	58	rule	-	no	FIXED_SUPPLIED_RULE_UNREACHABLE_FROM_SUBMITTED_PROGRAM	"""rule applyCmp(\""<=\"", str(A:IntSeq), str(B:IntSeq)) => notBool strLt(B, A)"""
K0973	/reference/reference-semantics/semantics/str.k	59	59	rule	-	no	FIXED_SUPPLIED_RULE_UNREACHABLE_FROM_SUBMITTED_PROGRAM	"""rule applyCmp(\"">=\"", str(A:IntSeq), str(B:IntSeq)) => notBool strLt(A, B)"""
K0974	/reference/reference-semantics/semantics/str.k	60	60	endmodule	-	no	FIXED_SUPPLIED_DECLARATION_OR_ASSEMBLY_INERT_OR_WELL_FORMED	"""endmodule"""
K0975	/reference/reference-semantics/semantics/subscript.k	3	3	module	-	no	FIXED_SUPPLIED_DECLARATION_OR_ASSEMBLY_INERT_OR_WELL_FORMED	"""module MPY-SUBSCRIPT"""
K0976	/reference/reference-semantics/semantics/subscript.k	4	4	imports	-	no	FIXED_SUPPLIED_DECLARATION_OR_ASSEMBLY_INERT_OR_WELL_FORMED	"""imports MPY-CORE"""
K0977	/reference/reference-semantics/semantics/subscript.k	11	11	syntax	function,total	no	FIXED_SUPPLIED_DECLARATION_OR_ASSEMBLY_INERT_OR_WELL_FORMED	"""syntax Val ::= valSeqAt(ValSeq, Int) [function, total]"""
K0978	/reference/reference-semantics/semantics/subscript.k	12	12	rule	-	no	FIXED_SUPPLIED_RULE_UNREACHABLE_FROM_SUBMITTED_PROGRAM	"""rule valSeqAt(vCons(V:Val, _:ValSeq), 0)     => V"""
K0979	/reference/reference-semantics/semantics/subscript.k	13	14	rule	-	no	FIXED_SUPPLIED_RULE_UNREACHABLE_FROM_SUBMITTED_PROGRAM	"""rule valSeqAt(vCons(_:Val, S:ValSeq), I:Int) => valSeqAt(S, I -Int 1)"""
K0980	/reference/reference-semantics/semantics/subscript.k	16	16	syntax	function	no	FIXED_SUPPLIED_DECLARATION_OR_ASSEMBLY_INERT_OR_WELL_FORMED	"""syntax Int ::= intSeqAt(IntSeq, Int) [function]"""
K0981	/reference/reference-semantics/semantics/subscript.k	17	17	rule	-	no	FIXED_SUPPLIED_RULE_UNREACHABLE_FROM_SUBMITTED_PROGRAM	"""rule intSeqAt(iCons(C:Int, _:IntSeq), 0)     => C"""
K0982	/reference/reference-semantics/semantics/subscript.k	18	19	rule	-	no	FIXED_SUPPLIED_RULE_UNREACHABLE_FROM_SUBMITTED_PROGRAM	"""rule intSeqAt(iCons(_:Int, S:IntSeq), I:Int) => intSeqAt(S, I -Int 1)"""
K0983	/reference/reference-semantics/semantics/subscript.k	21	21	syntax	function,total	no	FIXED_SUPPLIED_DECLARATION_OR_ASSEMBLY_INERT_OR_WELL_FORMED	"""syntax Int ::= normIdx(Int, Int) [function, total]"""
K0984	/reference/reference-semantics/semantics/subscript.k	22	22	rule	-	no	FIXED_SUPPLIED_RULE_UNREACHABLE_FROM_SUBMITTED_PROGRAM	"""rule normIdx(I:Int, LEN:Int) => I +Int LEN requires I  <Int 0"""
K0985	/reference/reference-semantics/semantics/subscript.k	23	23	rule	-	no	FIXED_SUPPLIED_RULE_UNREACHABLE_FROM_SUBMITTED_PROGRAM	"""rule normIdx(I:Int, _:Int)   => I          requires I >=Int 0"""
K0986	/reference/reference-semantics/semantics/subscript.k	27	27	context	-	no	FIXED_SUPPLIED_DECLARATION_OR_ASSEMBLY_INERT_OR_WELL_FORMED	"""context Subscript(HOLE, _)"""
K0987	/reference/reference-semantics/semantics/subscript.k	28	28	context	-	no	FIXED_SUPPLIED_DECLARATION_OR_ASSEMBLY_INERT_OR_WELL_FORMED	"""context Subscript(_:Val, HOLE:Expr)"""
K0988	/reference/reference-semantics/semantics/subscript.k	31	33	rule	priority	no	FIXED_SUPPLIED_RULE_UNREACHABLE_FROM_SUBMITTED_PROGRAM	"""rule <k> Subscript(ref(H:Int), IX:Index) => Subscript(V, IX) ... </k>"""
K0989	/reference/reference-semantics/semantics/subscript.k	35	35	rule	-	no	FIXED_SUPPLIED_RULE_UNREACHABLE_FROM_SUBMITTED_PROGRAM	"""rule <k> Subscript(OBJ:Val, I:Int) => applyIndex(OBJ, I) ... </k>"""
K0990	/reference/reference-semantics/semantics/subscript.k	37	37	syntax	function	no	FIXED_SUPPLIED_DECLARATION_OR_ASSEMBLY_INERT_OR_WELL_FORMED	"""syntax Val ::= applyIndex(Val, Int) [function]"""
K0991	/reference/reference-semantics/semantics/subscript.k	38	38	rule	-	no	FIXED_SUPPLIED_RULE_UNREACHABLE_FROM_SUBMITTED_PROGRAM	"""rule applyIndex(list(VS:ValSeq),  I:Int) => valSeqAt(VS, normIdx(I, vsLen(VS)))"""
K0992	/reference/reference-semantics/semantics/subscript.k	39	39	rule	-	no	FIXED_SUPPLIED_RULE_UNREACHABLE_FROM_SUBMITTED_PROGRAM	"""rule applyIndex(tuple(VS:ValSeq), I:Int) => valSeqAt(VS, normIdx(I, vsLen(VS)))"""
K0993	/reference/reference-semantics/semantics/subscript.k	40	41	rule	-	no	FIXED_SUPPLIED_RULE_UNREACHABLE_FROM_SUBMITTED_PROGRAM	"""rule applyIndex(str(IS:IntSeq),   I:Int)"""
K0994	/reference/reference-semantics/semantics/subscript.k	44	47	syntax	-	no	FIXED_SUPPLIED_DECLARATION_OR_ASSEMBLY_INERT_OR_WELL_FORMED	"""syntax KItem ::= #evalB(Bound) | \""#toSome\"""""
K0995	/reference/reference-semantics/semantics/subscript.k	49	49	syntax	-	no	FIXED_SUPPLIED_DECLARATION_OR_ASSEMBLY_INERT_OR_WELL_FORMED	"""syntax OptInt ::= \""noB\"" | someB(Int)"""
K0996	/reference/reference-semantics/semantics/subscript.k	50	50	rule	-	no	FIXED_SUPPLIED_RULE_UNREACHABLE_FROM_SUBMITTED_PROGRAM	"""rule <k> #evalB(NoBound)  => noB ... </k>"""
K0997	/reference/reference-semantics/semantics/subscript.k	51	51	rule	-	no	FIXED_SUPPLIED_RULE_UNREACHABLE_FROM_SUBMITTED_PROGRAM	"""rule <k> #evalB(E:Expr)   => E ~> #toSome ... </k>"""
K0998	/reference/reference-semantics/semantics/subscript.k	52	52	rule	-	no	FIXED_SUPPLIED_RULE_UNREACHABLE_FROM_SUBMITTED_PROGRAM	"""rule <k> I:Int ~> #toSome => someB(I) ... </k>"""
K0999	/reference/reference-semantics/semantics/subscript.k	54	54	rule	-	no	FIXED_SUPPLIED_RULE_UNREACHABLE_FROM_SUBMITTED_PROGRAM	"""rule <k> Subscript(OBJ:Val, Slice(LO:Bound, HI:Bound, ST:Bound)) => #evalB(LO) ~> #slLo(OBJ, HI, ST) ... </k>"""
K1000	/reference/reference-semantics/semantics/subscript.k	55	55	rule	-	no	FIXED_SUPPLIED_RULE_UNREACHABLE_FROM_SUBMITTED_PROGRAM	"""rule <k> LO:OptInt ~> #slLo(OBJ:Val, HI:Bound, ST:Bound)   => #evalB(HI) ~> #slHi(OBJ, LO, ST) ... </k>"""
K1001	/reference/reference-semantics/semantics/subscript.k	56	56	rule	-	no	FIXED_SUPPLIED_RULE_UNREACHABLE_FROM_SUBMITTED_PROGRAM	"""rule <k> HI:OptInt ~> #slHi(OBJ:Val, LO:OptInt, ST:Bound)  => #evalB(ST) ~> #slStep(OBJ, LO, HI) ... </k>"""
K1002	/reference/reference-semantics/semantics/subscript.k	58	60	rule	priority	no	FIXED_SUPPLIED_RULE_UNREACHABLE_FROM_SUBMITTED_PROGRAM	"""rule <k> ST:OptInt ~> #slStep(list(VS:ValSeq), LO:OptInt, HI:OptInt)"""
K1003	/reference/reference-semantics/semantics/subscript.k	61	61	rule	-	no	FIXED_SUPPLIED_RULE_UNREACHABLE_FROM_SUBMITTED_PROGRAM	"""rule <k> ST:OptInt ~> #slStep(OBJ:Val, LO:OptInt, HI:OptInt) => doSlice(OBJ, LO, HI, ST) ... </k>"""
K1004	/reference/reference-semantics/semantics/subscript.k	63	63	syntax	function	no	FIXED_SUPPLIED_DECLARATION_OR_ASSEMBLY_INERT_OR_WELL_FORMED	"""syntax Val ::= doSlice(Val, OptInt, OptInt, OptInt) [function]"""
K1005	/reference/reference-semantics/semantics/subscript.k	64	65	rule	-	no	FIXED_SUPPLIED_RULE_UNREACHABLE_FROM_SUBMITTED_PROGRAM	"""rule doSlice(list(VS:ValSeq), LO:OptInt, HI:OptInt, ST:OptInt)"""
K1006	/reference/reference-semantics/semantics/subscript.k	66	67	rule	-	no	FIXED_SUPPLIED_RULE_UNREACHABLE_FROM_SUBMITTED_PROGRAM	"""rule doSlice(tuple(VS:ValSeq), LO:OptInt, HI:OptInt, ST:OptInt)"""
K1007	/reference/reference-semantics/semantics/subscript.k	68	69	rule	-	no	FIXED_SUPPLIED_RULE_UNREACHABLE_FROM_SUBMITTED_PROGRAM	"""rule doSlice(str(IS:IntSeq), LO:OptInt, HI:OptInt, ST:OptInt)"""
K1008	/reference/reference-semantics/semantics/subscript.k	72	72	syntax	function,total	no	FIXED_SUPPLIED_DECLARATION_OR_ASSEMBLY_INERT_OR_WELL_FORMED	"""syntax Int ::= slStep(OptInt) [function, total]"""
K1009	/reference/reference-semantics/semantics/subscript.k	73	73	rule	-	no	FIXED_SUPPLIED_RULE_UNREACHABLE_FROM_SUBMITTED_PROGRAM	"""rule slStep(noB)          => 1"""
K1010	/reference/reference-semantics/semantics/subscript.k	74	74	rule	-	no	FIXED_SUPPLIED_RULE_UNREACHABLE_FROM_SUBMITTED_PROGRAM	"""rule slStep(someB(S:Int)) => S"""
K1011	/reference/reference-semantics/semantics/subscript.k	76	76	syntax	function	no	FIXED_SUPPLIED_DECLARATION_OR_ASSEMBLY_INERT_OR_WELL_FORMED	"""syntax Int ::= slStart(OptInt, OptInt, Int) [function]"""
K1012	/reference/reference-semantics/semantics/subscript.k	77	78	rule	-	no	FIXED_SUPPLIED_RULE_UNREACHABLE_FROM_SUBMITTED_PROGRAM	"""rule slStart(noB,          ST:OptInt, _LEN:Int) => 0"""
K1013	/reference/reference-semantics/semantics/subscript.k	79	80	rule	-	no	FIXED_SUPPLIED_RULE_UNREACHABLE_FROM_SUBMITTED_PROGRAM	"""rule slStart(noB,          ST:OptInt, LEN:Int)  => LEN -Int 1"""
K1014	/reference/reference-semantics/semantics/subscript.k	81	81	rule	-	no	FIXED_SUPPLIED_RULE_UNREACHABLE_FROM_SUBMITTED_PROGRAM	"""rule slStart(someB(I:Int), ST:OptInt, LEN:Int)  => slAdjust(I, LEN, slStep(ST))"""
K1015	/reference/reference-semantics/semantics/subscript.k	83	83	syntax	function	no	FIXED_SUPPLIED_DECLARATION_OR_ASSEMBLY_INERT_OR_WELL_FORMED	"""syntax Int ::= slStop(OptInt, OptInt, Int) [function]"""
K1016	/reference/reference-semantics/semantics/subscript.k	84	85	rule	-	no	FIXED_SUPPLIED_RULE_UNREACHABLE_FROM_SUBMITTED_PROGRAM	"""rule slStop(noB,          ST:OptInt, LEN:Int)  => LEN"""
K1017	/reference/reference-semantics/semantics/subscript.k	86	87	rule	-	no	FIXED_SUPPLIED_RULE_UNREACHABLE_FROM_SUBMITTED_PROGRAM	"""rule slStop(noB,          ST:OptInt, _LEN:Int) => -1"""
K1018	/reference/reference-semantics/semantics/subscript.k	88	88	rule	-	no	FIXED_SUPPLIED_RULE_UNREACHABLE_FROM_SUBMITTED_PROGRAM	"""rule slStop(someB(I:Int), ST:OptInt, LEN:Int)  => slAdjust(I, LEN, slStep(ST))"""
K1019	/reference/reference-semantics/semantics/subscript.k	90	90	syntax	function,total	no	FIXED_SUPPLIED_DECLARATION_OR_ASSEMBLY_INERT_OR_WELL_FORMED	"""syntax Int ::= slAdjust(Int, Int, Int) [function, total]"""
K1020	/reference/reference-semantics/semantics/subscript.k	91	92	rule	-	no	FIXED_SUPPLIED_RULE_UNREACHABLE_FROM_SUBMITTED_PROGRAM	"""rule slAdjust(I:Int, LEN:Int, STEP:Int) => clampLo(I +Int LEN, STEP)"""
K1021	/reference/reference-semantics/semantics/subscript.k	93	94	rule	-	no	FIXED_SUPPLIED_RULE_UNREACHABLE_FROM_SUBMITTED_PROGRAM	"""rule slAdjust(I:Int, LEN:Int, STEP:Int) => clampHi(I, LEN, STEP)"""
K1022	/reference/reference-semantics/semantics/subscript.k	96	96	syntax	function,total	no	FIXED_SUPPLIED_DECLARATION_OR_ASSEMBLY_INERT_OR_WELL_FORMED	"""syntax Int ::= clampLo(Int, Int) [function, total]"""
K1023	/reference/reference-semantics/semantics/subscript.k	97	98	rule	-	no	FIXED_SUPPLIED_RULE_UNREACHABLE_FROM_SUBMITTED_PROGRAM	"""rule clampLo(J:Int, _STEP:Int) => J"""
K1024	/reference/reference-semantics/semantics/subscript.k	99	100	rule	-	no	FIXED_SUPPLIED_RULE_UNREACHABLE_FROM_SUBMITTED_PROGRAM	"""rule clampLo(J:Int, STEP:Int)  => #if STEP <Int 0 #then -1 #else 0 #fi"""
K1025	/reference/reference-semantics/semantics/subscript.k	102	102	syntax	function,total	no	FIXED_SUPPLIED_DECLARATION_OR_ASSEMBLY_INERT_OR_WELL_FORMED	"""syntax Int ::= clampHi(Int, Int, Int) [function, total]"""
K1026	/reference/reference-semantics/semantics/subscript.k	103	104	rule	-	no	FIXED_SUPPLIED_RULE_UNREACHABLE_FROM_SUBMITTED_PROGRAM	"""rule clampHi(I:Int, LEN:Int, _STEP:Int) => I"""
K1027	/reference/reference-semantics/semantics/subscript.k	105	106	rule	-	no	FIXED_SUPPLIED_RULE_UNREACHABLE_FROM_SUBMITTED_PROGRAM	"""rule clampHi(I:Int, LEN:Int, STEP:Int)  => #if STEP <Int 0 #then LEN -Int 1 #else LEN #fi"""
K1028	/reference/reference-semantics/semantics/subscript.k	109	109	syntax	function	no	FIXED_SUPPLIED_DECLARATION_OR_ASSEMBLY_INERT_OR_WELL_FORMED	"""syntax ValSeq ::= buildVS(ValSeq, Int, Int, Int) [function]"""
K1029	/reference/reference-semantics/semantics/subscript.k	110	112	rule	-	no	FIXED_SUPPLIED_RULE_UNREACHABLE_FROM_SUBMITTED_PROGRAM	"""rule buildVS(VS:ValSeq, I:Int, STOP:Int, STEP:Int)"""
K1030	/reference/reference-semantics/semantics/subscript.k	113	114	rule	-	no	FIXED_SUPPLIED_RULE_UNREACHABLE_FROM_SUBMITTED_PROGRAM	"""rule buildVS(_:ValSeq, I:Int, STOP:Int, STEP:Int) => .ValSeq"""
K1031	/reference/reference-semantics/semantics/subscript.k	116	116	syntax	function	no	FIXED_SUPPLIED_DECLARATION_OR_ASSEMBLY_INERT_OR_WELL_FORMED	"""syntax IntSeq ::= buildIS(IntSeq, Int, Int, Int) [function]"""
K1032	/reference/reference-semantics/semantics/subscript.k	117	119	rule	-	no	FIXED_SUPPLIED_RULE_UNREACHABLE_FROM_SUBMITTED_PROGRAM	"""rule buildIS(IS:IntSeq, I:Int, STOP:Int, STEP:Int)"""
K1033	/reference/reference-semantics/semantics/subscript.k	120	121	rule	-	no	FIXED_SUPPLIED_RULE_UNREACHABLE_FROM_SUBMITTED_PROGRAM	"""rule buildIS(_:IntSeq, I:Int, STOP:Int, STEP:Int) => .IntSeq"""
K1034	/reference/reference-semantics/semantics/subscript.k	122	122	endmodule	-	no	FIXED_SUPPLIED_DECLARATION_OR_ASSEMBLY_INERT_OR_WELL_FORMED	"""endmodule"""
K1035	/reference/reference-semantics/semantics/syntax.k	3	3	module	-	yes	FIXED_SUPPLIED_SEMANTICS_USED_AND_REVIEWED_SOUND_ON_MATCH_DOMAIN	"""module MPY-SYNTAX"""
K1036	/reference/reference-semantics/semantics/syntax.k	4	4	imports	-	yes	FIXED_SUPPLIED_SEMANTICS_USED_AND_REVIEWED_SOUND_ON_MATCH_DOMAIN	"""imports INT-SYNTAX"""
K1037	/reference/reference-semantics/semantics/syntax.k	5	5	imports	-	yes	FIXED_SUPPLIED_SEMANTICS_USED_AND_REVIEWED_SOUND_ON_MATCH_DOMAIN	"""imports FLOAT-SYNTAX"""
K1038	/reference/reference-semantics/semantics/syntax.k	6	6	imports	-	yes	FIXED_SUPPLIED_SEMANTICS_USED_AND_REVIEWED_SOUND_ON_MATCH_DOMAIN	"""imports BOOL-SYNTAX"""
K1039	/reference/reference-semantics/semantics/syntax.k	7	7	imports	-	yes	FIXED_SUPPLIED_SEMANTICS_USED_AND_REVIEWED_SOUND_ON_MATCH_DOMAIN	"""imports STRING-SYNTAX"""
K1040	/reference/reference-semantics/semantics/syntax.k	9	30	syntax	macro,strict,seqstrict	yes	FIXED_SUPPLIED_SEMANTICS_USED_AND_REVIEWED_SOUND_ON_MATCH_DOMAIN	"""syntax Expr ::= \""Int\""      \""(\"" Int \"")\"""""
K1041	/reference/reference-semantics/semantics/syntax.k	32	32	syntax	-	yes	FIXED_SUPPLIED_SEMANTICS_USED_AND_REVIEWED_SOUND_ON_MATCH_DOMAIN	"""syntax CmpOp    ::= \""CmpOp\"" \""(\"" String \"",\"" Expr \"")\"""""
K1042	/reference/reference-semantics/semantics/syntax.k	33	33	syntax	-	yes	FIXED_SUPPLIED_SEMANTICS_USED_AND_REVIEWED_SOUND_ON_MATCH_DOMAIN	"""syntax Entry    ::= \""Entry\"" \""(\"" Expr \"",\"" Expr \"")\"""""
K1043	/reference/reference-semantics/semantics/syntax.k	34	34	syntax	-	yes	FIXED_SUPPLIED_SEMANTICS_USED_AND_REVIEWED_SOUND_ON_MATCH_DOMAIN	"""syntax Entries  ::= List{Entry, \"",\""}"""
K1044	/reference/reference-semantics/semantics/syntax.k	35	35	syntax	-	yes	FIXED_SUPPLIED_SEMANTICS_USED_AND_REVIEWED_SOUND_ON_MATCH_DOMAIN	"""syntax CompFor  ::= \""CompFor\"" \""(\"" Expr \"",\"" Expr \"",\"" Exprs \"")\"""""
K1045	/reference/reference-semantics/semantics/syntax.k	36	36	syntax	-	yes	FIXED_SUPPLIED_SEMANTICS_USED_AND_REVIEWED_SOUND_ON_MATCH_DOMAIN	"""syntax CompFors ::= List{CompFor, \""\""}"""
K1046	/reference/reference-semantics/semantics/syntax.k	37	37	syntax	-	yes	FIXED_SUPPLIED_SEMANTICS_USED_AND_REVIEWED_SOUND_ON_MATCH_DOMAIN	"""syntax Exprs    ::= List{Expr, \"",\""}"""
K1047	/reference/reference-semantics/semantics/syntax.k	38	38	syntax	-	yes	FIXED_SUPPLIED_SEMANTICS_USED_AND_REVIEWED_SOUND_ON_MATCH_DOMAIN	"""syntax Index    ::= Expr | \""Slice\"" \""(\"" Bound \"",\"" Bound \"",\"" Bound \"")\"""""
K1048	/reference/reference-semantics/semantics/syntax.k	39	39	syntax	-	yes	FIXED_SUPPLIED_SEMANTICS_USED_AND_REVIEWED_SOUND_ON_MATCH_DOMAIN	"""syntax Bound    ::= Expr | \""NoBound\"""""
K1049	/reference/reference-semantics/semantics/syntax.k	41	54	syntax	strict	yes	FIXED_SUPPLIED_SEMANTICS_USED_AND_REVIEWED_SOUND_ON_MATCH_DOMAIN	"""syntax Stmt ::= \""Assign\""    \""(\"" Expr \"",\"" Expr \"")\"" [strict(2)]"""
K1050	/reference/reference-semantics/semantics/syntax.k	56	56	syntax	-	yes	FIXED_SUPPLIED_SEMANTICS_USED_AND_REVIEWED_SOUND_ON_MATCH_DOMAIN	"""syntax Stmts      ::= List{Stmt, \""\""}"""
K1051	/reference/reference-semantics/semantics/syntax.k	57	57	syntax	-	yes	FIXED_SUPPLIED_SEMANTICS_USED_AND_REVIEWED_SOUND_ON_MATCH_DOMAIN	"""syntax Params     ::= \""Params\"" \""(\"" ParamNames \"")\"""""
K1052	/reference/reference-semantics/semantics/syntax.k	58	58	syntax	-	yes	FIXED_SUPPLIED_SEMANTICS_USED_AND_REVIEWED_SOUND_ON_MATCH_DOMAIN	"""syntax CellVars   ::= \""CellVars\"" \""(\"" ParamNames \"")\"""""
K1053	/reference/reference-semantics/semantics/syntax.k	59	59	syntax	-	yes	FIXED_SUPPLIED_SEMANTICS_USED_AND_REVIEWED_SOUND_ON_MATCH_DOMAIN	"""syntax FreeVars   ::= \""FreeVars\"" \""(\"" ParamNames \"")\"""""
K1054	/reference/reference-semantics/semantics/syntax.k	60	60	syntax	-	yes	FIXED_SUPPLIED_SEMANTICS_USED_AND_REVIEWED_SOUND_ON_MATCH_DOMAIN	"""syntax ParamNames ::= List{String, \"",\""}"""
K1055	/reference/reference-semantics/semantics/syntax.k	61	61	syntax	-	yes	FIXED_SUPPLIED_SEMANTICS_USED_AND_REVIEWED_SOUND_ON_MATCH_DOMAIN	"""syntax Module     ::= \""Module\"" \""(\"" Stmts \"")\"""""
K1056	/reference/reference-semantics/semantics/syntax.k	62	62	endmodule	-	yes	FIXED_SUPPLIED_SEMANTICS_USED_AND_REVIEWED_SOUND_ON_MATCH_DOMAIN	"""endmodule"""
K1057	/reference/reference-semantics/semantics/tuple.k	3	3	module	-	no	FIXED_SUPPLIED_DECLARATION_OR_ASSEMBLY_INERT_OR_WELL_FORMED	"""module MPY-TUPLE"""
K1058	/reference/reference-semantics/semantics/tuple.k	4	4	imports	-	no	FIXED_SUPPLIED_DECLARATION_OR_ASSEMBLY_INERT_OR_WELL_FORMED	"""imports MPY-CORE"""
K1059	/reference/reference-semantics/semantics/tuple.k	5	5	imports	-	no	FIXED_SUPPLIED_DECLARATION_OR_ASSEMBLY_INERT_OR_WELL_FORMED	"""imports MPY-ITER"""
K1060	/reference/reference-semantics/semantics/tuple.k	6	6	imports	-	no	FIXED_SUPPLIED_DECLARATION_OR_ASSEMBLY_INERT_OR_WELL_FORMED	"""imports MPY-LIST"""
K1061	/reference/reference-semantics/semantics/tuple.k	7	7	imports	-	no	FIXED_SUPPLIED_DECLARATION_OR_ASSEMBLY_INERT_OR_WELL_FORMED	"""imports MPY-METHODS"""
K1062	/reference/reference-semantics/semantics/tuple.k	10	10	rule	-	no	FIXED_SUPPLIED_RULE_UNREACHABLE_FROM_SUBMITTED_PROGRAM	"""rule <k> #iterNext(tuple(.ValSeq))                => #iterDone ... </k>"""
K1063	/reference/reference-semantics/semantics/tuple.k	11	11	rule	-	no	FIXED_SUPPLIED_RULE_UNREACHABLE_FROM_SUBMITTED_PROGRAM	"""rule <k> #iterNext(tuple(vCons(V:Val, R:ValSeq))) => #iterYield(V, tuple(R)) ... </k>"""
K1064	/reference/reference-semantics/semantics/tuple.k	14	14	syntax	-	no	FIXED_SUPPLIED_DECLARATION_OR_ASSEMBLY_INERT_OR_WELL_FORMED	"""syntax ApplyK ::= \""toTuple\"""""
K1065	/reference/reference-semantics/semantics/tuple.k	15	15	rule	-	no	FIXED_SUPPLIED_RULE_UNREACHABLE_FROM_SUBMITTED_PROGRAM	"""rule <k> TupleExpr(ES:Exprs) => #evalArgs(ES, .Vals, toTuple) ... </k>"""
K1066	/reference/reference-semantics/semantics/tuple.k	16	16	rule	-	no	FIXED_SUPPLIED_RULE_UNREACHABLE_FROM_SUBMITTED_PROGRAM	"""rule <k> #applyK(toTuple, ACC:Vals) => tuple(vals2valSeq(ACC)) ... </k>"""
K1067	/reference/reference-semantics/semantics/tuple.k	18	18	rule	-	no	FIXED_SUPPLIED_RULE_UNREACHABLE_FROM_SUBMITTED_PROGRAM	"""rule applyCmp(\""==\"", tuple(A:ValSeq), tuple(B:ValSeq)) => A ==K B"""
K1068	/reference/reference-semantics/semantics/tuple.k	20	20	rule	-	no	FIXED_SUPPLIED_RULE_UNREACHABLE_FROM_SUBMITTED_PROGRAM	"""rule <k> Compare(LV:Val, CmpOp(\""in\"",     tuple(VS:ValSeq))) => #memberAcc(LV, tuple(VS)) ... </k>"""
K1069	/reference/reference-semantics/semantics/tuple.k	21	21	rule	-	no	FIXED_SUPPLIED_RULE_UNREACHABLE_FROM_SUBMITTED_PROGRAM	"""rule <k> Compare(LV:Val, CmpOp(\""not in\"", tuple(VS:ValSeq))) => #memberAcc(LV, tuple(VS)) ~> #notB ... </k>"""
K1070	/reference/reference-semantics/semantics/tuple.k	23	23	rule	-	no	FIXED_SUPPLIED_RULE_UNREACHABLE_FROM_SUBMITTED_PROGRAM	"""rule applyMethod(tuple(VS:ValSeq), \""index\"", V:Val, .Vals) => idxOfVS(VS, V, 0)"""
K1071	/reference/reference-semantics/semantics/tuple.k	24	24	syntax	function	no	FIXED_SUPPLIED_DECLARATION_OR_ASSEMBLY_INERT_OR_WELL_FORMED	"""syntax Int ::= idxOfVS(ValSeq, Val, Int) [function]"""
K1072	/reference/reference-semantics/semantics/tuple.k	25	25	rule	-	no	FIXED_SUPPLIED_RULE_UNREACHABLE_FROM_SUBMITTED_PROGRAM	"""rule idxOfVS(vCons(A:Val, _:ValSeq), V:Val, I:Int) => I requires A ==K V"""
K1073	/reference/reference-semantics/semantics/tuple.k	26	27	rule	-	no	FIXED_SUPPLIED_RULE_UNREACHABLE_FROM_SUBMITTED_PROGRAM	"""rule idxOfVS(vCons(A:Val, R:ValSeq), V:Val, I:Int) => idxOfVS(R, V, I +Int 1)"""
K1074	/reference/reference-semantics/semantics/tuple.k	28	28	rule	-	no	FIXED_SUPPLIED_RULE_UNREACHABLE_FROM_SUBMITTED_PROGRAM	"""rule applyCmp(\""!=\"", tuple(A:ValSeq), tuple(B:ValSeq)) => notBool (A ==K B)"""
K1075	/reference/reference-semantics/semantics/tuple.k	31	31	syntax	-	yes	FIXED_SUPPLIED_SEMANTICS_USED_AND_REVIEWED_SOUND_ON_MATCH_DOMAIN	"""syntax KItem ::= #bindTgt(Expr, Val)"""
K1076	/reference/reference-semantics/semantics/tuple.k	32	34	rule	-	yes	FIXED_SUPPLIED_SEMANTICS_USED_AND_REVIEWED_SOUND_ON_MATCH_DOMAIN	"""rule <k> #bindTgt(Name(X:String), V:Val) => .K ... </k>"""
K1077	/reference/reference-semantics/semantics/tuple.k	35	41	rule	priority	yes	FIXED_SUPPLIED_SEMANTICS_USED_AND_REVIEWED_SOUND_ON_MATCH_DOMAIN	"""rule <k> #bindTgt(Name(X:String), V:Val) => #cellW({M[X]}:>Val, V) ... </k>"""
K1078	/reference/reference-semantics/semantics/tuple.k	42	42	rule	-	no	FIXED_SUPPLIED_RULE_UNREACHABLE_FROM_SUBMITTED_PROGRAM	"""rule <k> #bindTgt(TupleExpr(TS:Exprs), tuple(VS:ValSeq)) => #unpackSeq(TS, VS) ... </k>"""
K1079	/reference/reference-semantics/semantics/tuple.k	43	43	rule	-	no	FIXED_SUPPLIED_RULE_UNREACHABLE_FROM_SUBMITTED_PROGRAM	"""rule <k> #bindTgt(TupleExpr(TS:Exprs), list(VS:ValSeq))  => #unpackSeq(TS, VS) ... </k>"""
K1080	/reference/reference-semantics/semantics/tuple.k	44	46	rule	priority	no	FIXED_SUPPLIED_RULE_UNREACHABLE_FROM_SUBMITTED_PROGRAM	"""rule <k> #bindTgt(TupleExpr(TS:Exprs), ref(H:Int)) => #bindTgt(TupleExpr(TS), V) ... </k>"""
K1081	/reference/reference-semantics/semantics/tuple.k	49	49	syntax	-	no	FIXED_SUPPLIED_DECLARATION_OR_ASSEMBLY_INERT_OR_WELL_FORMED	"""syntax KItem ::= #unpackSeq(Exprs, ValSeq)"""
K1082	/reference/reference-semantics/semantics/tuple.k	50	50	rule	-	no	FIXED_SUPPLIED_RULE_UNREACHABLE_FROM_SUBMITTED_PROGRAM	"""rule <k> Assign(TupleExpr(TS:Exprs), tuple(VS:ValSeq)) => #unpackSeq(TS, VS) ... </k>"""
K1083	/reference/reference-semantics/semantics/tuple.k	51	51	rule	-	no	FIXED_SUPPLIED_RULE_UNREACHABLE_FROM_SUBMITTED_PROGRAM	"""rule <k> Assign(TupleExpr(TS:Exprs), list(VS:ValSeq))  => #unpackSeq(TS, VS) ... </k>"""
K1084	/reference/reference-semantics/semantics/tuple.k	52	54	rule	priority	no	FIXED_SUPPLIED_RULE_UNREACHABLE_FROM_SUBMITTED_PROGRAM	"""rule <k> Assign(TupleExpr(TS:Exprs), ref(H:Int)) => Assign(TupleExpr(TS), V) ... </k>"""
K1085	/reference/reference-semantics/semantics/tuple.k	55	56	rule	-	no	FIXED_SUPPLIED_RULE_UNREACHABLE_FROM_SUBMITTED_PROGRAM	"""rule <k> #unpackSeq((T:Expr, TS:Exprs), vCons(V:Val, VS:ValSeq))"""
K1086	/reference/reference-semantics/semantics/tuple.k	57	57	rule	-	no	FIXED_SUPPLIED_RULE_UNREACHABLE_FROM_SUBMITTED_PROGRAM	"""rule <k> #unpackSeq(.Exprs, .ValSeq) => .K ... </k>"""
K1087	/reference/reference-semantics/semantics/tuple.k	58	58	endmodule	-	no	FIXED_SUPPLIED_DECLARATION_OR_ASSEMBLY_INERT_OR_WELL_FORMED	"""endmodule"""
K1088	/candidate/verification.k	1	1	requires	-	yes	PROOF_LOCAL_TERMINATING_MATH_DEFINITION_SOUND	"""requires \""reference-semantics/semantics.k\"""""
K1089	/candidate/verification.k	3	3	module	-	yes	PROOF_LOCAL_TERMINATING_MATH_DEFINITION_SOUND	"""module VERIFICATION"""
K1090	/candidate/verification.k	4	4	imports	-	yes	PROOF_LOCAL_TERMINATING_MATH_DEFINITION_SOUND	"""imports MPY"""
K1091	/candidate/verification.k	8	8	syntax	macro	yes	PROOF_LOCAL_EXACT_PROGRAM_MACRO_SOUND	"""syntax Stmts ::= \""commonLoopBody\"" [macro]"""
K1092	/candidate/verification.k	9	18	rule	-	yes	PROOF_LOCAL_EXACT_PROGRAM_MACRO_SOUND	"""rule commonLoopBody =>"""
K1093	/candidate/verification.k	20	20	syntax	macro	yes	PROOF_LOCAL_EXACT_PROGRAM_MACRO_SOUND	"""syntax Stmts ::= \""commonBody\"" [macro]"""
K1094	/candidate/verification.k	21	25	rule	-	yes	PROOF_LOCAL_EXACT_PROGRAM_MACRO_SOUND	"""rule commonBody =>"""
K1095	/candidate/verification.k	27	27	syntax	macro	yes	PROOF_LOCAL_EXACT_PROGRAM_MACRO_SOUND	"""syntax Stmt ::= \""commonDefinition\"" [macro]"""
K1096	/candidate/verification.k	28	29	rule	-	yes	PROOF_LOCAL_EXACT_PROGRAM_MACRO_SOUND	"""rule commonDefinition =>"""
K1097	/candidate/verification.k	33	33	syntax	function,total	yes	PROOF_LOCAL_TERMINATING_MATH_DEFINITION_SOUND	"""syntax Bool ::= memberVS(Val, ValSeq) [function, total]"""
K1098	/candidate/verification.k	34	34	rule	simplification	yes	PROOF_LOCAL_TERMINATING_MATH_DEFINITION_SOUND	"""rule memberVS(_:Val, .ValSeq) => false [simplification]"""
K1099	/candidate/verification.k	35	37	rule	simplification	yes	PROOF_LOCAL_TERMINATING_MATH_DEFINITION_SOUND	"""rule memberVS(V:Val, vCons(E:Val, _:ValSeq)) => true"""
K1100	/candidate/verification.k	38	41	rule	simplification	yes	PROOF_LOCAL_TERMINATING_MATH_DEFINITION_SOUND	"""rule memberVS(V:Val, vCons(E:Val, REST:ValSeq)) =>"""
K1101	/candidate/verification.k	43	43	syntax	function,total	yes	PROOF_LOCAL_TERMINATING_MATH_DEFINITION_SOUND	"""syntax Bool ::= shouldAdd(Val, ValSeq, ValSeq) [function, total]"""
K1102	/candidate/verification.k	44	45	rule	-	yes	PROOF_LOCAL_TERMINATING_MATH_DEFINITION_SOUND	"""rule shouldAdd(V:Val, SECOND:ValSeq, ACC:ValSeq) =>"""
K1103	/candidate/verification.k	49	49	syntax	function,total	yes	PROOF_LOCAL_TERMINATING_MATH_DEFINITION_SOUND	"""syntax ValSeq ::= commonAcc(ValSeq, ValSeq, ValSeq) [function, total]"""
K1104	/candidate/verification.k	50	50	rule	-	yes	PROOF_LOCAL_TERMINATING_MATH_DEFINITION_SOUND	"""rule commonAcc(.ValSeq, _:ValSeq, ACC:ValSeq) => ACC"""
K1105	/candidate/verification.k	51	60	rule	-	yes	PROOF_LOCAL_TERMINATING_MATH_DEFINITION_SOUND	"""rule commonAcc(vCons(V:Val, REST:ValSeq), SECOND:ValSeq, ACC:ValSeq) =>"""
K1106	/candidate/verification.k	62	62	syntax	function,total	yes	PROOF_LOCAL_TERMINATING_MATH_DEFINITION_SOUND	"""syntax ValSeq ::= commonSpec(ValSeq, ValSeq) [function, total]"""
K1107	/candidate/verification.k	63	64	rule	-	yes	PROOF_LOCAL_TERMINATING_MATH_DEFINITION_SOUND	"""rule commonSpec(FIRST:ValSeq, SECOND:ValSeq) =>"""
K1108	/candidate/verification.k	68	68	syntax	function,total	yes	PROOF_LOCAL_TERMINATING_MATH_DEFINITION_SOUND	"""syntax Val ::= lastAfter(ValSeq, Val) [function, total]"""
K1109	/candidate/verification.k	69	69	rule	-	yes	PROOF_LOCAL_TERMINATING_MATH_DEFINITION_SOUND	"""rule lastAfter(.ValSeq, OLD:Val) => OLD"""
K1110	/candidate/verification.k	70	71	rule	-	yes	PROOF_LOCAL_TERMINATING_MATH_DEFINITION_SOUND	"""rule lastAfter(vCons(V:Val, REST:ValSeq), _:Val) =>"""
K1111	/candidate/verification.k	72	72	endmodule	-	yes	PROOF_LOCAL_TERMINATING_MATH_DEFINITION_SOUND	"""endmodule"""
K1112	/candidate/spec.k	1	1	requires	-	yes	SPEC_ASSEMBLY_DECLARATION	"""requires \""verification.k\"""""
K1113	/candidate/spec.k	3	3	module	-	yes	SPEC_ASSEMBLY_DECLARATION	"""module SPEC"""
K1114	/candidate/spec.k	4	4	imports	-	yes	SPEC_ASSEMBLY_DECLARATION	"""imports VERIFICATION"""
K1115	/candidate/spec.k	6	11	claim	-	yes	REACHABILITY_CLAIM_AUDITED_SOUND_AND_RESULT_CONSTRAINING	"""claim [member-fold]:"""
K1116	/candidate/spec.k	15	37	claim	-	yes	REACHABILITY_CLAIM_AUDITED_SOUND_AND_RESULT_CONSTRAINING	"""claim [common-loop]:"""
K1117	/candidate/spec.k	42	77	claim	-	yes	REACHABILITY_CLAIM_AUDITED_SOUND_AND_RESULT_CONSTRAINING	"""claim [common-function]:"""
K1118	/candidate/spec.k	78	78	endmodule	-	yes	SPEC_ASSEMBLY_DECLARATION	"""endmodule"""
