Script started on 2026-07-24 06:44:12-05:00 [<not executed on terminal>]
$ bash -c python3\ /audit-output/evidence/inventory_k.py\ \>\ /audit-output/evidence/rule_inventory.md
[exit 0]
$ wc -l -c /audit-output/evidence/rule_inventory.md
 11531 374399 /audit-output/evidence/rule_inventory.md
[exit 0]
$ rg -n \^Total\ inventoried\ statements:\|\^\\\\\|\ \`.\*\\\\.k\`\ \\\\\| /audit-output/evidence/rule_inventory.md
1:# Exhaustive K rule and declaration inventory
2:
3:Generated independently from the trusted supplied semantics and the submitted proof/spec sources. `Entry slice` marks constructs that can participate in the single submitted claim; all other rules were checked for sort/guard/priority separation from that slice.
4:
5:Total inventoried statements: **931**
6:
7:| Source | Syntax | Rules | Configurations | Contexts | Claims |
8:|---|---:|---:|---:|---:|---:|
9:| `semantics.k` | 0 | 0 | 0 | 0 | 0 |
10:| `semantics/assert.k` | 0 | 3 | 0 | 0 | 0 |
11:| `semantics/bool.k` | 0 | 13 | 0 | 1 | 0 |
12:| `semantics/builtins.k` | 38 | 137 | 0 | 0 | 0 |
13:| `semantics/call.k` | 3 | 21 | 0 | 0 | 0 |
14:| `semantics/comprehension.k` | 3 | 7 | 0 | 0 | 0 |
15:| `semantics/concrete.k` | 5 | 16 | 0 | 0 | 0 |
16:| `semantics/controls.k` | 3 | 34 | 0 | 0 | 0 |
17:| `semantics/core.k` | 37 | 46 | 1 | 0 | 0 |
18:| `semantics/dict.k` | 12 | 28 | 0 | 0 | 0 |
19:| `semantics/float.k` | 34 | 121 | 0 | 0 | 0 |
20:| `semantics/functions.k` | 4 | 15 | 0 | 0 | 0 |
21:| `semantics/int.k` | 1 | 16 | 0 | 0 | 0 |
22:| `semantics/iter.k` | 1 | 0 | 0 | 0 | 0 |
23:| `semantics/list.k` | 5 | 27 | 0 | 0 | 0 |
24:| `semantics/methods.k` | 27 | 75 | 0 | 0 | 0 |
25:| `semantics/operators.k` | 0 | 10 | 0 | 2 | 0 |
26:| `semantics/range.k` | 2 | 6 | 0 | 0 | 0 |
27:| `semantics/set.k` | 6 | 12 | 0 | 0 | 0 |
28:| `semantics/sort.k` | 6 | 19 | 0 | 0 | 0 |
29:| `semantics/str.k` | 5 | 28 | 0 | 0 | 0 |
30:| `semantics/subscript.k` | 15 | 40 | 0 | 2 | 0 |
31:| `semantics/syntax.k` | 16 | 0 | 0 | 0 | 0 |
32:| `semantics/tuple.k` | 4 | 21 | 0 | 0 | 0 |
33:| `verification.k` | 1 | 1 | 0 | 0 | 0 |
34:| `spec.k` | 0 | 0 | 0 | 0 | 1 |
35:
36:## Statement-by-statement inventory
37:
38:### K-0001 — `semantics/assert.k:6`
39:
40:- Lines: 6–6
41:- Classification: ordinary operational semantic rule
42:- Attributes: none
43:- Entry slice: no
44:- Audit decision: ACCEPT_OUT_OF_SLICE — supplied fixed-semantics declaration/rule; guard/sort/priority reviewed and no match or dependency on this entry claim
45:
46:```k
47:  rule <k> Assert(V:Val) => .K ... </k>
48:```
49:
50:### K-0002 — `semantics/assert.k:8`
51:
52:- Lines: 8–10
53:- Classification: ordinary operational semantic rule
54:- Attributes: none
55:- Entry slice: no
56:- Audit decision: ACCEPT_OUT_OF_SLICE — supplied fixed-semantics declaration/rule; guard/sort/priority reviewed and no match or dependency on this entry claim
57:
58:```k
59:  rule <k> Assert(V:Val) ~> _ => .K </k>
60:       <exc> NoExc => AssertionError </exc>
61:       <exit-code> _ => 1 </exit-code>
62:```
63:
64:### K-0003 — `semantics/assert.k:13`
65:
66:- Lines: 13–15
67:- Classification: ordinary operational semantic rule; priority rule
68:- Attributes: priority
69:- Entry slice: no
70:- Audit decision: ACCEPT_OUT_OF_SLICE — supplied fixed-semantics declaration/rule; guard/sort/priority reviewed and no match or dependency on this entry claim
71:
72:```k
73:  rule <k> Assert(ref(H:Int)) => Assert(V) ... </k>
74:       <heap> ... H |-> V:Val ... </heap>
75:       [priority(40)]
76:```
77:
78:### K-0004 — `semantics/bool.k:8`
79:
80:- Lines: 8–8
81:- Classification: function/equational rule
82:- Attributes: none
83:- Entry slice: no
84:- Audit decision: ACCEPT_OUT_OF_SLICE — supplied fixed-semantics declaration/rule; guard/sort/priority reviewed and no match or dependency on this entry claim
85:
86:```k
87:  rule applyUn("not", V:Val) => notBool truthy(V)
88:```
89:
90:### K-0005 — `semantics/bool.k:10`
91:
92:- Lines: 10–10
93:- Classification: function/equational rule
94:- Attributes: none
95:- Entry slice: no
96:- Audit decision: ACCEPT_OUT_OF_SLICE — supplied fixed-semantics declaration/rule; guard/sort/priority reviewed and no match or dependency on this entry claim
97:
98:```k
99:  rule applyCmp("==", B1:Bool, B2:Bool) => B1 ==Bool B2
100:```
101:
102:### K-0006 — `semantics/bool.k:11`
103:
104:- Lines: 11–11
105:- Classification: function/equational rule
106:- Attributes: none
107:- Entry slice: no
108:- Audit decision: ACCEPT_OUT_OF_SLICE — supplied fixed-semantics declaration/rule; guard/sort/priority reviewed and no match or dependency on this entry claim
109:
110:```k
111:  rule applyCmp("!=", B1:Bool, B2:Bool) => B1 =/=Bool B2
112:```
113:
114:### K-0007 — `semantics/bool.k:16`
115:
116:- Lines: 16–16
117:- Classification: evaluation context
118:- Attributes: none
119:- Entry slice: no
120:- Audit decision: ACCEPT_OUT_OF_SLICE — supplied fixed-semantics declaration/rule; guard/sort/priority reviewed and no match or dependency on this entry claim
121:
122:```k
123:  context BoolOp(_, (HOLE:Expr, _:Exprs))
124:```
125:
126:### K-0008 — `semantics/bool.k:17`
127:
128:- Lines: 17–17
129:- Classification: ordinary operational semantic rule
130:- Attributes: none
131:- Entry slice: no
132:- Audit decision: ACCEPT_OUT_OF_SLICE — supplied fixed-semantics declaration/rule; guard/sort/priority reviewed and no match or dependency on this entry claim
133:
134:```k
135:  rule <k> BoolOp(_:String, (V:Val, .Exprs)) => V ... </k>
136:```
137:
138:### K-0009 — `semantics/bool.k:18`
139:
140:- Lines: 18–18
141:- Classification: ordinary operational semantic rule
142:- Attributes: none
143:- Entry slice: no
144:- Audit decision: ACCEPT_OUT_OF_SLICE — supplied fixed-semantics declaration/rule; guard/sort/priority reviewed and no match or dependency on this entry claim
145:
146:```k
147:  rule <k> BoolOp("and", (V:Val, A:Expr, REST:Exprs)) => BoolOp("and", (A, REST)) ... </k>
148:```
149:
150:### K-0010 — `semantics/bool.k:20`
151:
152:- Lines: 20–20
153:- Classification: ordinary operational semantic rule
154:- Attributes: none
155:- Entry slice: no
156:- Audit decision: ACCEPT_OUT_OF_SLICE — supplied fixed-semantics declaration/rule; guard/sort/priority reviewed and no match or dependency on this entry claim
157:
158:```k
159:  rule <k> BoolOp("and", (V:Val, _:Expr, _:Exprs)) => V ... </k>
160:```
161:
162:### K-0011 — `semantics/bool.k:22`
163:
164:- Lines: 22–22
165:- Classification: ordinary operational semantic rule
166:- Attributes: none
167:- Entry slice: no
168:- Audit decision: ACCEPT_OUT_OF_SLICE — supplied fixed-semantics declaration/rule; guard/sort/priority reviewed and no match or dependency on this entry claim
169:
170:```k
171:  rule <k> BoolOp("or",  (V:Val, _:Expr, _:Exprs)) => V ... </k>
172:```
173:
174:### K-0012 — `semantics/bool.k:24`
175:
176:- Lines: 24–24
177:- Classification: ordinary operational semantic rule
178:- Attributes: none
179:- Entry slice: no
180:- Audit decision: ACCEPT_OUT_OF_SLICE — supplied fixed-semantics declaration/rule; guard/sort/priority reviewed and no match or dependency on this entry claim
181:
182:```k
183:  rule <k> BoolOp("or",  (V:Val, A:Expr, REST:Exprs)) => BoolOp("or", (A, REST)) ... </k>
184:```
185:
186:### K-0013 — `semantics/bool.k:29`
187:
188:- Lines: 29–30
189:- Classification: ordinary operational semantic rule; priority rule
190:- Attributes: priority
191:- Entry slice: no
192:- Audit decision: ACCEPT_OUT_OF_SLICE — supplied fixed-semantics declaration/rule; guard/sort/priority reviewed and no match or dependency on this entry claim
193:
194:```k
195:  rule <k> BoolOp(_:String, (ref(H:Int), .Exprs)) => ref(H) ... </k>
196:       [priority(40)]
197:```
198:
199:### K-0014 — `semantics/bool.k:31`
200:
201:- Lines: 31–32
202:- Classification: ordinary operational semantic rule
203:- Attributes: none
204:- Entry slice: no
205:- Audit decision: ACCEPT_OUT_OF_SLICE — supplied fixed-semantics declaration/rule; guard/sort/priority reviewed and no match or dependency on this entry claim
206:
207:```k
208:  rule <k> BoolOp("and", (ref(H:Int), A:Expr, REST:Exprs)) => BoolOp("and", (A, REST)) ... </k>
209:       <heap> ... H |-> V:Val ... </heap>
210:```
211:
212:### K-0015 — `semantics/bool.k:35`
213:
214:- Lines: 35–36
215:- Classification: ordinary operational semantic rule
216:- Attributes: none
217:- Entry slice: no
218:- Audit decision: ACCEPT_OUT_OF_SLICE — supplied fixed-semantics declaration/rule; guard/sort/priority reviewed and no match or dependency on this entry claim
219:
220:```k
221:  rule <k> BoolOp("and", (ref(H:Int), _:Expr, _:Exprs)) => ref(H) ... </k>
222:       <heap> ... H |-> V:Val ... </heap>
223:```
224:
225:### K-0016 — `semantics/bool.k:39`
226:
227:- Lines: 39–40
228:- Classification: ordinary operational semantic rule
229:- Attributes: none
230:- Entry slice: no
231:- Audit decision: ACCEPT_OUT_OF_SLICE — supplied fixed-semantics declaration/rule; guard/sort/priority reviewed and no match or dependency on this entry claim
232:
233:```k
234:  rule <k> BoolOp("or", (ref(H:Int), _:Expr, _:Exprs)) => ref(H) ... </k>
235:       <heap> ... H |-> V:Val ... </heap>
236:```
237:
238:### K-0017 — `semantics/bool.k:43`
239:
240:- Lines: 43–44
241:- Classification: ordinary operational semantic rule
242:- Attributes: none
243:- Entry slice: no
244:- Audit decision: ACCEPT_OUT_OF_SLICE — supplied fixed-semantics declaration/rule; guard/sort/priority reviewed and no match or dependency on this entry claim
245:
246:```k
247:  rule <k> BoolOp("or", (ref(H:Int), A:Expr, REST:Exprs)) => BoolOp("or", (A, REST)) ... </k>
248:       <heap> ... H |-> V:Val ... </heap>
249:```
250:
251:### K-0018 — `semantics/builtins.k:17`
252:
253:- Lines: 17–17
254:- Classification: local syntax/function declaration
255:- Attributes: function
256:- Entry slice: no
257:- Audit decision: ACCEPT_OUT_OF_SLICE — supplied fixed-semantics declaration/rule; guard/sort/priority reviewed and no match or dependency on this entry claim
258:
259:```k
260:  syntax Val ::= applyBuiltin(String, Vals) [function]
261:```
262:
263:### K-0019 — `semantics/builtins.k:20`
264:
265:- Lines: 20–20
266:- Classification: local syntax/function declaration
267:- Attributes: function
268:- Entry slice: no
269:- Audit decision: ACCEPT_OUT_OF_SLICE — supplied fixed-semantics declaration/rule; guard/sort/priority reviewed and no match or dependency on this entry claim
270:
271:```k
272:  syntax Int ::= seqLen(Val) [function]
273:```
274:
275:### K-0020 — `semantics/builtins.k:21`
276:
277:- Lines: 21–21
278:- Classification: function/equational rule
279:- Attributes: none
280:- Entry slice: no
281:- Audit decision: ACCEPT_OUT_OF_SLICE — supplied fixed-semantics declaration/rule; guard/sort/priority reviewed and no match or dependency on this entry claim
282:
283:```k
284:  rule applyBuiltin("len", OBJ:Val, .Vals) => seqLen(OBJ)
285:```
286:
287:### K-0021 — `semantics/builtins.k:22`
288:
289:- Lines: 22–22
290:- Classification: function/equational rule
291:- Attributes: none
292:- Entry slice: no
293:- Audit decision: ACCEPT_OUT_OF_SLICE — supplied fixed-semantics declaration/rule; guard/sort/priority reviewed and no match or dependency on this entry claim
294:
295:```k
296:  rule seqLen(list(VS:ValSeq))                  => vsLen(VS)
297:```
298:
299:### K-0022 — `semantics/builtins.k:23`
300:
301:- Lines: 23–23
302:- Classification: function/equational rule
303:- Attributes: none
304:- Entry slice: no
305:- Audit decision: ACCEPT_OUT_OF_SLICE — supplied fixed-semantics declaration/rule; guard/sort/priority reviewed and no match or dependency on this entry claim
306:
307:```k
308:  rule seqLen(tuple(VS:ValSeq))                 => vsLen(VS)
309:```
310:
311:### K-0023 — `semantics/builtins.k:24`
312:
313:- Lines: 24–24
314:- Classification: function/equational rule
315:- Attributes: none
316:- Entry slice: no
317:- Audit decision: ACCEPT_OUT_OF_SLICE — supplied fixed-semantics declaration/rule; guard/sort/priority reviewed and no match or dependency on this entry claim
318:
319:```k
320:  rule seqLen(str(IS:IntSeq))                   => isLen(IS)
321:```
322:
323:### K-0024 — `semantics/builtins.k:25`
324:
325:- Lines: 25–25
326:- Classification: function/equational rule
327:- Attributes: none
328:- Entry slice: no
329:- Audit decision: ACCEPT_OUT_OF_SLICE — supplied fixed-semantics declaration/rule; guard/sort/priority reviewed and no match or dependency on this entry claim
330:
331:```k
332:  rule seqLen(setV(DS:IntSeq))                  => isLen(DS)
333:```
334:
335:### K-0025 — `semantics/builtins.k:26`
336:
337:- Lines: 26–26
338:- Classification: function/equational rule
339:- Attributes: none
340:- Entry slice: no
341:- Audit decision: ACCEPT_OUT_OF_SLICE — supplied fixed-semantics declaration/rule; guard/sort/priority reviewed and no match or dependency on this entry claim
342:
343:```k
344:  rule seqLen(rangeObj(LO:Int, HI:Int, ST:Int)) => rangeLen(LO, HI, ST)
345:```
346:
347:### K-0026 — `semantics/builtins.k:32`
348:
349:- Lines: 32–32
350:- Classification: ordinary operational semantic rule
351:- Attributes: none
352:- Entry slice: no
353:- Audit decision: ACCEPT_OUT_OF_SLICE — supplied fixed-semantics declaration/rule; guard/sort/priority reviewed and no match or dependency on this entry claim
354:
355:```k
356:  rule <k> #applyK(toCall(builtinV("list")), (list(VS:ValSeq),  .Vals)) => #alloc(list(VS)) ... </k>
357:```
358:
359:### K-0027 — `semantics/builtins.k:33`
360:
361:- Lines: 33–33
362:- Classification: ordinary operational semantic rule
363:- Attributes: none
364:- Entry slice: no
365:- Audit decision: ACCEPT_OUT_OF_SLICE — supplied fixed-semantics declaration/rule; guard/sort/priority reviewed and no match or dependency on this entry claim
366:
367:```k
368:  rule <k> #applyK(toCall(builtinV("list")), (tuple(VS:ValSeq), .Vals)) => #alloc(list(VS)) ... </k>
369:```
370:
371:### K-0028 — `semantics/builtins.k:34`
372:
373:- Lines: 34–34
374:- Classification: ordinary operational semantic rule
375:- Attributes: none
376:- Entry slice: no
377:- Audit decision: ACCEPT_OUT_OF_SLICE — supplied fixed-semantics declaration/rule; guard/sort/priority reviewed and no match or dependency on this entry claim
378:
379:```k
380:  rule <k> #applyK(toCall(builtinV("list")), .Vals)                     => #alloc(list(.ValSeq)) ... </k>
381:```
382:
383:### K-0029 — `semantics/builtins.k:35`
384:
385:- Lines: 35–35
386:- Classification: ordinary operational semantic rule
387:- Attributes: none
388:- Entry slice: no
389:- Audit decision: ACCEPT_OUT_OF_SLICE — supplied fixed-semantics declaration/rule; guard/sort/priority reviewed and no match or dependency on this entry claim
390:
391:```k
392:  rule <k> #applyK(toCall(builtinV("list")), (str(CS:IntSeq), .Vals))   => #alloc(list(charsOf(CS))) ... </k>
393:```
394:
395:### K-0030 — `semantics/builtins.k:36`
396:
397:- Lines: 36–36
398:- Classification: local syntax/function declaration
399:- Attributes: function, total
400:- Entry slice: no
401:- Audit decision: ACCEPT_OUT_OF_SLICE — supplied fixed-semantics declaration/rule; guard/sort/priority reviewed and no match or dependency on this entry claim
402:
403:```k
404:  syntax ValSeq ::= charsOf(IntSeq) [function, total]
405:```
406:
407:### K-0031 — `semantics/builtins.k:37`
408:
409:- Lines: 37–37
410:- Classification: function/equational rule
411:- Attributes: none
412:- Entry slice: no
413:- Audit decision: ACCEPT_OUT_OF_SLICE — supplied fixed-semantics declaration/rule; guard/sort/priority reviewed and no match or dependency on this entry claim
414:
415:```k
416:  rule charsOf(.IntSeq)                => .ValSeq
417:```
418:
419:### K-0032 — `semantics/builtins.k:38`
420:
421:- Lines: 38–38
422:- Classification: function/equational rule
423:- Attributes: none
424:- Entry slice: no
425:- Audit decision: ACCEPT_OUT_OF_SLICE — supplied fixed-semantics declaration/rule; guard/sort/priority reviewed and no match or dependency on this entry claim
426:
427:```k
428:  rule charsOf(iCons(C:Int, R:IntSeq)) => vCons(str(iCons(C, .IntSeq)), charsOf(R))
429:```
430:
431:### K-0033 — `semantics/builtins.k:41`
432:
433:- Lines: 41–41
434:- Classification: function/equational rule
435:- Attributes: none
436:- Entry slice: no
437:- Audit decision: ACCEPT_OUT_OF_SLICE — supplied fixed-semantics declaration/rule; guard/sort/priority reviewed and no match or dependency on this entry claim
438:
439:```k
440:  rule applyBuiltin("set", str(CS:IntSeq), .Vals) => setV(dedupCodes(CS))
441:```
442:
443:### K-0034 — `semantics/builtins.k:44`
444:
445:- Lines: 44–44
446:- Classification: function/equational rule
447:- Attributes: none
448:- Entry slice: no
449:- Audit decision: ACCEPT_OUT_OF_SLICE — supplied fixed-semantics declaration/rule; guard/sort/priority reviewed and no match or dependency on this entry claim
450:
451:```k
452:  rule applyBuiltin("abs", I:Int, .Vals) => absInt(I)
453:```
454:
455:### K-0035 — `semantics/builtins.k:47`
456:
457:- Lines: 47–47
458:- Classification: local syntax/function declaration
459:- Attributes: none
460:- Entry slice: no
461:- Audit decision: ACCEPT_OUT_OF_SLICE — supplied fixed-semantics declaration/rule; guard/sort/priority reviewed and no match or dependency on this entry claim
462:
463:```k
464:  syntax KItem ::= #sumAcc(Iterable, Int) | #sumCont(Int)
465:```
466:
467:### K-0036 — `semantics/builtins.k:48`
468:
469:- Lines: 48–48
470:- Classification: ordinary operational semantic rule
471:- Attributes: none
472:- Entry slice: no
473:- Audit decision: ACCEPT_OUT_OF_SLICE — supplied fixed-semantics declaration/rule; guard/sort/priority reviewed and no match or dependency on this entry claim
474:
475:```k
476:  rule <k> #sumAcc(IT:Iterable, ACC:Int) => #iterNext(IT) ~> #sumCont(ACC) ... </k>
477:```
478:
479:### K-0037 — `semantics/builtins.k:49`
480:
481:- Lines: 49–49
482:- Classification: ordinary operational semantic rule
483:- Attributes: none
484:- Entry slice: no
485:- Audit decision: ACCEPT_OUT_OF_SLICE — supplied fixed-semantics declaration/rule; guard/sort/priority reviewed and no match or dependency on this entry claim
486:
487:```k
488:  rule <k> #iterDone ~> #sumCont(ACC:Int) => ACC ... </k>
489:```
490:
491:### K-0038 — `semantics/builtins.k:50`
492:
493:- Lines: 50–51
494:- Classification: ordinary operational semantic rule
495:- Attributes: none
496:- Entry slice: no
497:- Audit decision: ACCEPT_OUT_OF_SLICE — supplied fixed-semantics declaration/rule; guard/sort/priority reviewed and no match or dependency on this entry claim
498:
499:```k
500:  rule <k> #iterYield(V:Val, R:Iterable) ~> #sumCont(ACC:Int)
501:        => #sumAcc(R, ACC +Int intOf(V)) ... </k>
502:```
503:
504:### K-0039 — `semantics/builtins.k:54`
505:
506:- Lines: 54–54
507:- Classification: local syntax/function declaration
508:- Attributes: function
509:- Entry slice: no
510:- Audit decision: ACCEPT_OUT_OF_SLICE — supplied fixed-semantics declaration/rule; guard/sort/priority reviewed and no match or dependency on this entry claim
511:
512:```k
513:  syntax Int ::= intOf(Val) [function]
514:```
515:
516:### K-0040 — `semantics/builtins.k:55`
517:
518:- Lines: 55–55
519:- Classification: function/equational rule
520:- Attributes: none
521:- Entry slice: no
522:- Audit decision: ACCEPT_OUT_OF_SLICE — supplied fixed-semantics declaration/rule; guard/sort/priority reviewed and no match or dependency on this entry claim
523:
524:```k
525:  rule intOf(I:Int)  => I
526:```
527:
528:### K-0041 — `semantics/builtins.k:56`
529:
530:- Lines: 56–56
531:- Classification: function/equational rule
532:- Attributes: none
533:- Entry slice: no
534:- Audit decision: ACCEPT_OUT_OF_SLICE — supplied fixed-semantics declaration/rule; guard/sort/priority reviewed and no match or dependency on this entry claim
535:
536:```k
537:  rule intOf(B:Bool) => #if B #then 1 #else 0 #fi
538:```
539:
540:### K-0042 — `semantics/builtins.k:59`
541:
542:- Lines: 59–59
543:- Classification: local syntax/function declaration
544:- Attributes: none
545:- Entry slice: no
546:- Audit decision: ACCEPT_OUT_OF_SLICE — supplied fixed-semantics declaration/rule; guard/sort/priority reviewed and no match or dependency on this entry claim
547:
548:```k
549:  syntax KItem ::= #allAcc(Iterable) | "#allCont"
550:```
551:
552:### K-0043 — `semantics/builtins.k:60`
553:
554:- Lines: 60–60
555:- Classification: ordinary operational semantic rule
556:- Attributes: none
557:- Entry slice: no
558:- Audit decision: ACCEPT_OUT_OF_SLICE — supplied fixed-semantics declaration/rule; guard/sort/priority reviewed and no match or dependency on this entry claim
559:
560:```k
561:  rule <k> #allAcc(IT:Iterable) => #iterNext(IT) ~> #allCont ... </k>
562:```
563:
564:### K-0044 — `semantics/builtins.k:61`
565:
566:- Lines: 61–61
567:- Classification: ordinary operational semantic rule
568:- Attributes: none
569:- Entry slice: no
570:- Audit decision: ACCEPT_OUT_OF_SLICE — supplied fixed-semantics declaration/rule; guard/sort/priority reviewed and no match or dependency on this entry claim
571:
572:```k
573:  rule <k> #iterDone ~> #allCont => true ... </k>
574:```
575:
576:### K-0045 — `semantics/builtins.k:62`
577:
578:- Lines: 62–62
579:- Classification: ordinary operational semantic rule
580:- Attributes: none
581:- Entry slice: no
582:- Audit decision: ACCEPT_OUT_OF_SLICE — supplied fixed-semantics declaration/rule; guard/sort/priority reviewed and no match or dependency on this entry claim
583:
584:```k
585:  rule <k> #iterYield(V:Val, R:Iterable) ~> #allCont => #allAcc(R) ... </k>
586:```
587:
588:### K-0046 — `semantics/builtins.k:64`
589:
590:- Lines: 64–64
591:- Classification: ordinary operational semantic rule
592:- Attributes: none
593:- Entry slice: no
594:- Audit decision: ACCEPT_OUT_OF_SLICE — supplied fixed-semantics declaration/rule; guard/sort/priority reviewed and no match or dependency on this entry claim
595:
596:```k
597:  rule <k> #iterYield(V:Val, _:Iterable) ~> #allCont => false ... </k>
598:```
599:
600:### K-0047 — `semantics/builtins.k:67`
601:
602:- Lines: 67–67
603:- Classification: local syntax/function declaration
604:- Attributes: none
605:- Entry slice: no
606:- Audit decision: ACCEPT_OUT_OF_SLICE — supplied fixed-semantics declaration/rule; guard/sort/priority reviewed and no match or dependency on this entry claim
607:
608:```k
609:  syntax KItem ::= #anyAcc(Iterable) | "#anyCont"
610:```
611:
612:### K-0048 — `semantics/builtins.k:68`
613:
614:- Lines: 68–68
615:- Classification: ordinary operational semantic rule
616:- Attributes: none
617:- Entry slice: no
618:- Audit decision: ACCEPT_OUT_OF_SLICE — supplied fixed-semantics declaration/rule; guard/sort/priority reviewed and no match or dependency on this entry claim
619:
620:```k
621:  rule <k> #anyAcc(IT:Iterable) => #iterNext(IT) ~> #anyCont ... </k>
622:```
623:
624:### K-0049 — `semantics/builtins.k:69`
625:
626:- Lines: 69–69
627:- Classification: ordinary operational semantic rule
628:- Attributes: none
629:- Entry slice: no
630:- Audit decision: ACCEPT_OUT_OF_SLICE — supplied fixed-semantics declaration/rule; guard/sort/priority reviewed and no match or dependency on this entry claim
631:
632:```k
633:  rule <k> #iterDone ~> #anyCont => false ... </k>
634:```
635:
636:### K-0050 — `semantics/builtins.k:70`
637:
638:- Lines: 70–70
639:- Classification: ordinary operational semantic rule
640:- Attributes: none
641:- Entry slice: no
642:- Audit decision: ACCEPT_OUT_OF_SLICE — supplied fixed-semantics declaration/rule; guard/sort/priority reviewed and no match or dependency on this entry claim
643:
644:```k
645:  rule <k> #iterYield(V:Val, _:Iterable) ~> #anyCont => true ... </k>
646:```
647:
648:### K-0051 — `semantics/builtins.k:72`
649:
650:- Lines: 72–72
651:- Classification: ordinary operational semantic rule
652:- Attributes: none
653:- Entry slice: no
654:- Audit decision: ACCEPT_OUT_OF_SLICE — supplied fixed-semantics declaration/rule; guard/sort/priority reviewed and no match or dependency on this entry claim
655:
656:```k
657:  rule <k> #iterYield(V:Val, R:Iterable) ~> #anyCont => #anyAcc(R) ... </k>
658:```
659:
660:### K-0052 — `semantics/builtins.k:76`
661:
662:- Lines: 76–76
663:- Classification: local syntax/function declaration
664:- Attributes: none
665:- Entry slice: no
666:- Audit decision: ACCEPT_OUT_OF_SLICE — supplied fixed-semantics declaration/rule; guard/sort/priority reviewed and no match or dependency on this entry claim
667:
668:```k
669:  syntax KItem ::= #maxAcc0(Iterable) | "#maxCont0" | #maxAcc(Iterable, Int) | #maxCont(Int)
670:```
671:
672:### K-0053 — `semantics/builtins.k:77`
673:
674:- Lines: 77–77
675:- Classification: ordinary operational semantic rule
676:- Attributes: none
677:- Entry slice: no
678:- Audit decision: ACCEPT_OUT_OF_SLICE — supplied fixed-semantics declaration/rule; guard/sort/priority reviewed and no match or dependency on this entry claim
679:
680:```k
681:  rule <k> #maxAcc0(IT:Iterable) => #iterNext(IT) ~> #maxCont0 ... </k>
682:```
683:
684:### K-0054 — `semantics/builtins.k:78`
685:
686:- Lines: 78–78
687:- Classification: ordinary operational semantic rule
688:- Attributes: none
689:- Entry slice: no
690:- Audit decision: ACCEPT_OUT_OF_SLICE — supplied fixed-semantics declaration/rule; guard/sort/priority reviewed and no match or dependency on this entry claim
691:
692:```k
693:  rule <k> #iterYield(V:Val, R:Iterable) ~> #maxCont0 => #maxAcc(R, {V}:>Int) ... </k>
694:```
695:
696:### K-0055 — `semantics/builtins.k:80`
697:
698:- Lines: 80–80
699:- Classification: ordinary operational semantic rule
700:- Attributes: none
701:- Entry slice: no
702:- Audit decision: ACCEPT_OUT_OF_SLICE — supplied fixed-semantics declaration/rule; guard/sort/priority reviewed and no match or dependency on this entry claim
703:
704:```k
705:  rule <k> #maxAcc(IT:Iterable, M:Int) => #iterNext(IT) ~> #maxCont(M) ... </k>
706:```
707:
708:### K-0056 — `semantics/builtins.k:81`
709:
710:- Lines: 81–81
711:- Classification: ordinary operational semantic rule
712:- Attributes: none
713:- Entry slice: no
714:- Audit decision: ACCEPT_OUT_OF_SLICE — supplied fixed-semantics declaration/rule; guard/sort/priority reviewed and no match or dependency on this entry claim
715:
716:```k
717:  rule <k> #iterDone ~> #maxCont(M:Int) => M ... </k>
718:```
719:
720:### K-0057 — `semantics/builtins.k:82`
721:
722:- Lines: 82–83
723:- Classification: ordinary operational semantic rule
724:- Attributes: none
725:- Entry slice: no
726:- Audit decision: ACCEPT_OUT_OF_SLICE — supplied fixed-semantics declaration/rule; guard/sort/priority reviewed and no match or dependency on this entry claim
727:
728:```k
729:  rule <k> #iterYield(V:Val, R:Iterable) ~> #maxCont(M:Int)
730:        => #maxAcc(R, maxInt(M, {V}:>Int)) ... </k>
731:```
732:
733:### K-0058 — `semantics/builtins.k:86`
734:
735:- Lines: 86–86
736:- Classification: local syntax/function declaration
737:- Attributes: none
738:- Entry slice: no
739:- Audit decision: ACCEPT_OUT_OF_SLICE — supplied fixed-semantics declaration/rule; guard/sort/priority reviewed and no match or dependency on this entry claim
740:
741:```k
742:  syntax KItem ::= #minAcc0(Iterable) | "#minCont0" | #minAcc(Iterable, Int) | #minCont(Int)
743:```
744:
745:### K-0059 — `semantics/builtins.k:87`
746:
747:- Lines: 87–87
748:- Classification: ordinary operational semantic rule
749:- Attributes: none
750:- Entry slice: no
751:- Audit decision: ACCEPT_OUT_OF_SLICE — supplied fixed-semantics declaration/rule; guard/sort/priority reviewed and no match or dependency on this entry claim
752:
753:```k
754:  rule <k> #minAcc0(IT:Iterable) => #iterNext(IT) ~> #minCont0 ... </k>
755:```
756:
757:### K-0060 — `semantics/builtins.k:88`
758:
759:- Lines: 88–88
760:- Classification: ordinary operational semantic rule
761:- Attributes: none
762:- Entry slice: no
763:- Audit decision: ACCEPT_OUT_OF_SLICE — supplied fixed-semantics declaration/rule; guard/sort/priority reviewed and no match or dependency on this entry claim
764:
765:```k
766:  rule <k> #iterYield(V:Val, R:Iterable) ~> #minCont0 => #minAcc(R, {V}:>Int) ... </k>
767:```
768:
769:### K-0061 — `semantics/builtins.k:90`
770:
771:- Lines: 90–90
772:- Classification: ordinary operational semantic rule
773:- Attributes: none
774:- Entry slice: no
775:- Audit decision: ACCEPT_OUT_OF_SLICE — supplied fixed-semantics declaration/rule; guard/sort/priority reviewed and no match or dependency on this entry claim
776:
777:```k
778:  rule <k> #minAcc(IT:Iterable, M:Int) => #iterNext(IT) ~> #minCont(M) ... </k>
779:```
780:
781:### K-0062 — `semantics/builtins.k:91`
782:
783:- Lines: 91–91
784:- Classification: ordinary operational semantic rule
785:- Attributes: none
786:- Entry slice: no
787:- Audit decision: ACCEPT_OUT_OF_SLICE — supplied fixed-semantics declaration/rule; guard/sort/priority reviewed and no match or dependency on this entry claim
788:
789:```k
790:  rule <k> #iterDone ~> #minCont(M:Int) => M ... </k>
791:```
792:
793:### K-0063 — `semantics/builtins.k:92`
794:
795:- Lines: 92–93
796:- Classification: ordinary operational semantic rule
797:- Attributes: none
798:- Entry slice: no
799:- Audit decision: ACCEPT_OUT_OF_SLICE — supplied fixed-semantics declaration/rule; guard/sort/priority reviewed and no match or dependency on this entry claim
800:
801:```k
802:  rule <k> #iterYield(V:Val, R:Iterable) ~> #minCont(M:Int)
803:        => #minAcc(R, minInt(M, {V}:>Int)) ... </k>
804:```
805:
806:### K-0064 — `semantics/builtins.k:97`
807:
808:- Lines: 97–97
809:- Classification: local syntax/function declaration
810:- Attributes: function
811:- Entry slice: no
812:- Audit decision: ACCEPT_OUT_OF_SLICE — supplied fixed-semantics declaration/rule; guard/sort/priority reviewed and no match or dependency on this entry claim
813:
814:```k
815:  syntax Int ::= maxVals(Int, Vals) [function]
816:```
817:
818:### K-0065 — `semantics/builtins.k:98`
819:
820:- Lines: 98–98
821:- Classification: function/equational rule
822:- Attributes: none
823:- Entry slice: no
824:- Audit decision: ACCEPT_OUT_OF_SLICE — supplied fixed-semantics declaration/rule; guard/sort/priority reviewed and no match or dependency on this entry claim
825:
826:```k
827:  rule applyBuiltin("max", I:Int, REST:Vals) => maxVals(I, REST)
828:```
829:
830:### K-0066 — `semantics/builtins.k:99`
831:
832:- Lines: 99–99
833:- Classification: function/equational rule
834:- Attributes: none
835:- Entry slice: no
836:- Audit decision: ACCEPT_OUT_OF_SLICE — supplied fixed-semantics declaration/rule; guard/sort/priority reviewed and no match or dependency on this entry claim
837:
838:```k
839:  rule maxVals(M:Int, .Vals)           => M
840:```
841:
842:### K-0067 — `semantics/builtins.k:100`
843:
844:- Lines: 100–100
845:- Classification: function/equational rule
846:- Attributes: none
847:- Entry slice: no
848:- Audit decision: ACCEPT_OUT_OF_SLICE — supplied fixed-semantics declaration/rule; guard/sort/priority reviewed and no match or dependency on this entry claim
849:
850:```k
851:  rule maxVals(M:Int, (I:Int, R:Vals)) => maxVals(maxInt(M, I), R)
852:```
853:
854:### K-0068 — `semantics/builtins.k:102`
855:
856:- Lines: 102–102
857:- Classification: local syntax/function declaration
858:- Attributes: function
859:- Entry slice: no
860:- Audit decision: ACCEPT_OUT_OF_SLICE — supplied fixed-semantics declaration/rule; guard/sort/priority reviewed and no match or dependency on this entry claim
861:
862:```k
863:  syntax Int ::= minVals(Int, Vals) [function]
864:```
865:
866:### K-0069 — `semantics/builtins.k:103`
867:
868:- Lines: 103–103
869:- Classification: function/equational rule
870:- Attributes: none
871:- Entry slice: no
872:- Audit decision: ACCEPT_OUT_OF_SLICE — supplied fixed-semantics declaration/rule; guard/sort/priority reviewed and no match or dependency on this entry claim
873:
874:```k
875:  rule applyBuiltin("min", I:Int, REST:Vals) => minVals(I, REST)
876:```
877:
878:### K-0070 — `semantics/builtins.k:104`
879:
880:- Lines: 104–104
881:- Classification: function/equational rule
882:- Attributes: none
883:- Entry slice: no
884:- Audit decision: ACCEPT_OUT_OF_SLICE — supplied fixed-semantics declaration/rule; guard/sort/priority reviewed and no match or dependency on this entry claim
885:
886:```k
887:  rule minVals(M:Int, .Vals)           => M
888:```
889:
890:### K-0071 — `semantics/builtins.k:105`
891:
892:- Lines: 105–105
893:- Classification: function/equational rule
894:- Attributes: none
895:- Entry slice: no
896:- Audit decision: ACCEPT_OUT_OF_SLICE — supplied fixed-semantics declaration/rule; guard/sort/priority reviewed and no match or dependency on this entry claim
897:
898:```k
899:  rule minVals(M:Int, (I:Int, R:Vals)) => minVals(minInt(M, I), R)
900:```
901:
902:### K-0072 — `semantics/builtins.k:108`
903:
904:- Lines: 108–108
905:- Classification: function/equational rule
906:- Attributes: none
907:- Entry slice: no
908:- Audit decision: ACCEPT_OUT_OF_SLICE — supplied fixed-semantics declaration/rule; guard/sort/priority reviewed and no match or dependency on this entry claim
909:
910:```k
911:  rule applyBuiltin("bin", N:Int, .Vals) => str(iCons(48, iCons(98, binCodes(N))))
912:```
913:
914:### K-0073 — `semantics/builtins.k:111`
915:
916:- Lines: 111–112
917:- Classification: function/equational rule
918:- Attributes: none
919:- Entry slice: no
920:- Audit decision: ACCEPT_OUT_OF_SLICE — supplied fixed-semantics declaration/rule; guard/sort/priority reviewed and no match or dependency on this entry claim
921:
922:```k
923:  rule applyBuiltin("bin", N:Int, .Vals)
924:    => str(iCons(45, iCons(48, iCons(98, binCodes(0 -Int N)))))
925:```
926:
927:### K-0074 — `semantics/builtins.k:114`
928:
929:- Lines: 114–114
930:- Classification: local syntax/function declaration
931:- Attributes: function, total
932:- Entry slice: no
933:- Audit decision: ACCEPT_OUT_OF_SLICE — supplied fixed-semantics declaration/rule; guard/sort/priority reviewed and no match or dependency on this entry claim
934:
935:```k
936:  syntax IntSeq ::= binCodes(Int) [function, total]
937:```
938:
939:### K-0075 — `semantics/builtins.k:115`
940:
941:- Lines: 115–115
942:- Classification: function/equational rule
943:- Attributes: none
944:- Entry slice: no
945:- Audit decision: ACCEPT_OUT_OF_SLICE — supplied fixed-semantics declaration/rule; guard/sort/priority reviewed and no match or dependency on this entry claim
946:
947:```k
948:  rule binCodes(0) => iCons(48, .IntSeq)
949:```
950:
951:### K-0076 — `semantics/builtins.k:116`
952:
953:- Lines: 116–116
954:- Classification: function/equational rule
955:- Attributes: none
956:- Entry slice: no
957:- Audit decision: ACCEPT_OUT_OF_SLICE — supplied fixed-semantics declaration/rule; guard/sort/priority reviewed and no match or dependency on this entry claim
958:
959:```k
960:  rule binCodes(N:Int) => binAcc(N, .IntSeq) requires N >Int 0
961:```
962:
963:### K-0077 — `semantics/builtins.k:117`
964:
965:- Lines: 117–117
966:- Classification: local syntax/function declaration
967:- Attributes: function, total
968:- Entry slice: no
969:- Audit decision: ACCEPT_OUT_OF_SLICE — supplied fixed-semantics declaration/rule; guard/sort/priority reviewed and no match or dependency on this entry claim
970:
971:```k
972:  syntax IntSeq ::= binAcc(Int, IntSeq) [function, total]
973:```
974:
975:### K-0078 — `semantics/builtins.k:118`
976:
977:- Lines: 118–118
978:- Classification: function/equational rule
979:- Attributes: none
980:- Entry slice: no
981:- Audit decision: ACCEPT_OUT_OF_SLICE — supplied fixed-semantics declaration/rule; guard/sort/priority reviewed and no match or dependency on this entry claim
982:
983:```k
984:  rule binAcc(0, ACC:IntSeq) => ACC
985:```
986:
987:### K-0079 — `semantics/builtins.k:119`
988:
989:- Lines: 119–120
990:- Classification: function/equational rule
991:- Attributes: none
992:- Entry slice: no
993:- Audit decision: ACCEPT_OUT_OF_SLICE — supplied fixed-semantics declaration/rule; guard/sort/priority reviewed and no match or dependency on this entry claim
994:
995:```k
996:  rule binAcc(N:Int, ACC:IntSeq)
997:    => binAcc((N -Int pyMod(N, 2)) /Int 2, iCons(48 +Int pyMod(N, 2), ACC))
998:```
999:
1000:### K-0080 — `semantics/builtins.k:124`
1001:
1002:- Lines: 124–125
1003:- Classification: ordinary operational semantic rule
1004:- Attributes: none
1005:- Entry slice: no
1006:- Audit decision: ACCEPT_OUT_OF_SLICE — supplied fixed-semantics declaration/rule; guard/sort/priority reviewed and no match or dependency on this entry claim
1007:
1008:```k
1009:  rule <k> #applyK(toCall(builtinV("enumerate")), (list(VS:ValSeq), .Vals))
1010:        => #alloc(list(enumVS(VS, 0))) ... </k>
1011:```
1012:
1013:### K-0081 — `semantics/builtins.k:126`
1014:
1015:- Lines: 126–126
1016:- Classification: local syntax/function declaration
1017:- Attributes: function, total
1018:- Entry slice: no
1019:- Audit decision: ACCEPT_OUT_OF_SLICE — supplied fixed-semantics declaration/rule; guard/sort/priority reviewed and no match or dependency on this entry claim
1020:
1021:```k
1022:  syntax ValSeq ::= enumVS(ValSeq, Int) [function, total]
1023:```
1024:
1025:### K-0082 — `semantics/builtins.k:127`
1026:
1027:- Lines: 127–127
1028:- Classification: function/equational rule
1029:- Attributes: none
1030:- Entry slice: no
1031:- Audit decision: ACCEPT_OUT_OF_SLICE — supplied fixed-semantics declaration/rule; guard/sort/priority reviewed and no match or dependency on this entry claim
1032:
1033:```k
1034:  rule enumVS(.ValSeq, _:Int) => .ValSeq
1035:```
1036:
1037:### K-0083 — `semantics/builtins.k:128`
1038:
1039:- Lines: 128–129
1040:- Classification: function/equational rule
1041:- Attributes: none
1042:- Entry slice: no
1043:- Audit decision: ACCEPT_OUT_OF_SLICE — supplied fixed-semantics declaration/rule; guard/sort/priority reviewed and no match or dependency on this entry claim
1044:
1045:```k
1046:  rule enumVS(vCons(V:Val, R:ValSeq), I:Int)
1047:    => vCons(tuple(vCons(I, vCons(V, .ValSeq))), enumVS(R, I +Int 1))
1048:```
1049:
1050:### K-0084 — `semantics/builtins.k:132`
1051:
1052:- Lines: 132–133
1053:- Classification: ordinary operational semantic rule
1054:- Attributes: none
1055:- Entry slice: no
1056:- Audit decision: ACCEPT_OUT_OF_SLICE — supplied fixed-semantics declaration/rule; guard/sort/priority reviewed and no match or dependency on this entry claim
1057:
1058:```k
1059:  rule <k> #applyK(toCall(builtinV("map")), (typeV("str"), list(VS:ValSeq), .Vals))
1060:        => #alloc(list(mapStrVS(VS))) ... </k>
1061:```
1062:
1063:### K-0085 — `semantics/builtins.k:134`
1064:
1065:- Lines: 134–134
1066:- Classification: local syntax/function declaration
1067:- Attributes: function, total
1068:- Entry slice: no
1069:- Audit decision: ACCEPT_OUT_OF_SLICE — supplied fixed-semantics declaration/rule; guard/sort/priority reviewed and no match or dependency on this entry claim
1070:
1071:```k
1072:  syntax ValSeq ::= mapStrVS(ValSeq) [function, total]
1073:```
1074:
1075:### K-0086 — `semantics/builtins.k:135`
1076:
1077:- Lines: 135–135
1078:- Classification: function/equational rule
1079:- Attributes: none
1080:- Entry slice: no
1081:- Audit decision: ACCEPT_OUT_OF_SLICE — supplied fixed-semantics declaration/rule; guard/sort/priority reviewed and no match or dependency on this entry claim
1082:
1083:```k
1084:  rule mapStrVS(.ValSeq) => .ValSeq
1085:```
1086:
1087:### K-0087 — `semantics/builtins.k:136`
1088:
1089:- Lines: 136–136
1090:- Classification: function/equational rule
1091:- Attributes: none
1092:- Entry slice: no
1093:- Audit decision: ACCEPT_OUT_OF_SLICE — supplied fixed-semantics declaration/rule; guard/sort/priority reviewed and no match or dependency on this entry claim
1094:
1095:```k
1096:  rule mapStrVS(vCons(I:Int, R:ValSeq)) => vCons(str(strToCodes(Int2String(I))), mapStrVS(R))
1097:```
1098:
1099:### K-0088 — `semantics/builtins.k:137`
1100:
1101:- Lines: 137–137
1102:- Classification: function/equational rule
1103:- Attributes: none
1104:- Entry slice: no
1105:- Audit decision: ACCEPT_OUT_OF_SLICE — supplied fixed-semantics declaration/rule; guard/sort/priority reviewed and no match or dependency on this entry claim
1106:
1107:```k
1108:  rule mapStrVS(vCons(str(CS:IntSeq), R:ValSeq)) => vCons(str(CS), mapStrVS(R))
1109:```
1110:
1111:### K-0089 — `semantics/builtins.k:140`
1112:
1113:- Lines: 140–140
1114:- Classification: function/equational rule
1115:- Attributes: none
1116:- Entry slice: no
1117:- Audit decision: ACCEPT_OUT_OF_SLICE — supplied fixed-semantics declaration/rule; guard/sort/priority reviewed and no match or dependency on this entry claim
1118:
1119:```k
1120:  rule applyBuiltin("int", I:Int, .Vals) => I
1121:```
1122:
1123:### K-0090 — `semantics/builtins.k:143`
1124:
1125:- Lines: 143–143
1126:- Classification: function/equational rule
1127:- Attributes: none
1128:- Entry slice: no
1129:- Audit decision: ACCEPT_OUT_OF_SLICE — supplied fixed-semantics declaration/rule; guard/sort/priority reviewed and no match or dependency on this entry claim
1130:
1131:```k
1132:  rule applyBuiltin("ord", str(iCons(C:Int, .IntSeq)), .Vals) => C
1133:```
1134:
1135:### K-0091 — `semantics/builtins.k:144`
1136:
1137:- Lines: 144–144
1138:- Classification: function/equational rule
1139:- Attributes: none
1140:- Entry slice: no
1141:- Audit decision: ACCEPT_OUT_OF_SLICE — supplied fixed-semantics declaration/rule; guard/sort/priority reviewed and no match or dependency on this entry claim
1142:
1143:```k
1144:  rule applyBuiltin("chr", I:Int, .Vals) => str(iCons(I, .IntSeq))
1145:```
1146:
1147:### K-0092 — `semantics/builtins.k:148`
1148:
1149:- Lines: 148–148
1150:- Classification: function/equational rule
1151:- Attributes: none
1152:- Entry slice: no
1153:- Audit decision: ACCEPT_OUT_OF_SLICE — supplied fixed-semantics declaration/rule; guard/sort/priority reviewed and no match or dependency on this entry claim
1154:
1155:```k
1156:  rule applyBuiltin("str", I:Int, .Vals)       => str(strToCodes(Int2String(I)))
1157:```
1158:
1159:### K-0093 — `semantics/builtins.k:149`
1160:
1161:- Lines: 149–149
1162:- Classification: function/equational rule
1163:- Attributes: none
1164:- Entry slice: no
1165:- Audit decision: ACCEPT_OUT_OF_SLICE — supplied fixed-semantics declaration/rule; guard/sort/priority reviewed and no match or dependency on this entry claim
1166:
1167:```k
1168:  rule applyBuiltin("str", str(CS:IntSeq), .Vals) => str(CS)
1169:```
1170:
1171:### K-0094 — `semantics/builtins.k:152`
1172:
1173:- Lines: 152–152
1174:- Classification: function/equational rule
1175:- Attributes: none
1176:- Entry slice: no
1177:- Audit decision: ACCEPT_OUT_OF_SLICE — supplied fixed-semantics declaration/rule; guard/sort/priority reviewed and no match or dependency on this entry claim
1178:
1179:```k
1180:  rule applyBuiltin("int", str(iCons(C:Int, .IntSeq)), .Vals) => C -Int 48
1181:```
1182:
1183:### K-0095 — `semantics/builtins.k:156`
1184:
1185:- Lines: 156–156
1186:- Classification: function/equational rule
1187:- Attributes: none
1188:- Entry slice: no
1189:- Audit decision: ACCEPT_OUT_OF_SLICE — supplied fixed-semantics declaration/rule; guard/sort/priority reviewed and no match or dependency on this entry claim
1190:
1191:```k
1192:  rule applyBuiltin("int", str(CS:IntSeq), .Vals) => intDigAcc(CS, 0)
1193:```
1194:
1195:### K-0096 — `semantics/builtins.k:158`
1196:
1197:- Lines: 158–158
1198:- Classification: local syntax/function declaration
1199:- Attributes: function, total
1200:- Entry slice: no
1201:- Audit decision: ACCEPT_OUT_OF_SLICE — supplied fixed-semantics declaration/rule; guard/sort/priority reviewed and no match or dependency on this entry claim
1202:
1203:```k
1204:  syntax Int ::= intDigAcc(IntSeq, Int) [function, total]
1205:```
1206:
1207:### K-0097 — `semantics/builtins.k:159`
1208:
1209:- Lines: 159–159
1210:- Classification: function/equational rule
1211:- Attributes: none
1212:- Entry slice: no
1213:- Audit decision: ACCEPT_OUT_OF_SLICE — supplied fixed-semantics declaration/rule; guard/sort/priority reviewed and no match or dependency on this entry claim
1214:
1215:```k
1216:  rule intDigAcc(.IntSeq, ACC:Int)             => ACC
1217:```
1218:
1219:### K-0098 — `semantics/builtins.k:160`
1220:
1221:- Lines: 160–160
1222:- Classification: function/equational rule
1223:- Attributes: none
1224:- Entry slice: no
1225:- Audit decision: ACCEPT_OUT_OF_SLICE — supplied fixed-semantics declaration/rule; guard/sort/priority reviewed and no match or dependency on this entry claim
1226:
1227:```k
1228:  rule intDigAcc(iCons(C:Int, R:IntSeq), ACC:Int) => intDigAcc(R, (ACC *Int 10) +Int (C -Int 48))
1229:```
1230:
1231:### K-0099 — `semantics/builtins.k:163`
1232:
1233:- Lines: 163–163
1234:- Classification: function/equational rule
1235:- Attributes: none
1236:- Entry slice: no
1237:- Audit decision: ACCEPT_OUT_OF_SLICE — supplied fixed-semantics declaration/rule; guard/sort/priority reviewed and no match or dependency on this entry claim
1238:
1239:```k
1240:  rule applyBuiltin("zip", list(A:ValSeq), list(B:ValSeq), .Vals) => zipObj(A, B)
1241:```
1242:
1243:### K-0100 — `semantics/builtins.k:164`
1244:
1245:- Lines: 164–164
1246:- Classification: function/equational rule
1247:- Attributes: none
1248:- Entry slice: no
1249:- Audit decision: ACCEPT_OUT_OF_SLICE — supplied fixed-semantics declaration/rule; guard/sort/priority reviewed and no match or dependency on this entry claim
1250:
1251:```k
1252:  rule applyBuiltin("zip", str(A:IntSeq), str(B:IntSeq), .Vals)   => zipObjS(A, B)
1253:```
1254:
1255:### K-0101 — `semantics/builtins.k:167`
1256:
1257:- Lines: 167–168
1258:- Classification: ordinary operational semantic rule
1259:- Attributes: none
1260:- Entry slice: no
1261:- Audit decision: ACCEPT_OUT_OF_SLICE — supplied fixed-semantics declaration/rule; guard/sort/priority reviewed and no match or dependency on this entry claim
1262:
1263:```k
1264:  rule <k> #iterNext(zipObj(vCons(A:Val, As:ValSeq), vCons(B:Val, Bs:ValSeq)))
1265:        => #iterYield(tuple(vCons(A, vCons(B, .ValSeq))), zipObj(As, Bs)) ... </k>
1266:```
1267:
1268:### K-0102 — `semantics/builtins.k:169`
1269:
1270:- Lines: 169–169
1271:- Classification: ordinary operational semantic rule
1272:- Attributes: none
1273:- Entry slice: no
1274:- Audit decision: ACCEPT_OUT_OF_SLICE — supplied fixed-semantics declaration/rule; guard/sort/priority reviewed and no match or dependency on this entry claim
1275:
1276:```k
1277:  rule <k> #iterNext(zipObj(.ValSeq, _:ValSeq))               => #iterDone ... </k>
1278:```
1279:
1280:### K-0103 — `semantics/builtins.k:170`
1281:
1282:- Lines: 170–170
1283:- Classification: ordinary operational semantic rule
1284:- Attributes: none
1285:- Entry slice: no
1286:- Audit decision: ACCEPT_OUT_OF_SLICE — supplied fixed-semantics declaration/rule; guard/sort/priority reviewed and no match or dependency on this entry claim
1287:
1288:```k
1289:  rule <k> #iterNext(zipObj(vCons(_:Val, _:ValSeq), .ValSeq)) => #iterDone ... </k>
1290:```
1291:
1292:### K-0104 — `semantics/builtins.k:171`
1293:
1294:- Lines: 171–172
1295:- Classification: ordinary operational semantic rule
1296:- Attributes: none
1297:- Entry slice: no
1298:- Audit decision: ACCEPT_OUT_OF_SLICE — supplied fixed-semantics declaration/rule; guard/sort/priority reviewed and no match or dependency on this entry claim
1299:
1300:```k
1301:  rule <k> #iterNext(zipObjS(iCons(A:Int, As:IntSeq), iCons(B:Int, Bs:IntSeq)))
1302:        => #iterYield(tuple(vCons(str(iCons(A, .IntSeq)), vCons(str(iCons(B, .IntSeq)), .ValSeq))), zipObjS(As, Bs)) ... </k>
1303:```
1304:
1305:### K-0105 — `semantics/builtins.k:173`
1306:
1307:- Lines: 173–173
1308:- Classification: ordinary operational semantic rule
1309:- Attributes: none
1310:- Entry slice: no
1311:- Audit decision: ACCEPT_OUT_OF_SLICE — supplied fixed-semantics declaration/rule; guard/sort/priority reviewed and no match or dependency on this entry claim
1312:
1313:```k
1314:  rule <k> #iterNext(zipObjS(.IntSeq, _:IntSeq))              => #iterDone ... </k>
1315:```
1316:
1317:### K-0106 — `semantics/builtins.k:174`
1318:
1319:- Lines: 174–174
1320:- Classification: ordinary operational semantic rule
1321:- Attributes: none
1322:- Entry slice: no
1323:- Audit decision: ACCEPT_OUT_OF_SLICE — supplied fixed-semantics declaration/rule; guard/sort/priority reviewed and no match or dependency on this entry claim
1324:
1325:```k
1326:  rule <k> #iterNext(zipObjS(iCons(_:Int, _:IntSeq), .IntSeq)) => #iterDone ... </k>
1327:```
1328:
1329:### K-0107 — `semantics/builtins.k:177`
1330:
1331:- Lines: 177–177
1332:- Classification: function/equational rule
1333:- Attributes: none
1334:- Entry slice: no
1335:- Audit decision: ACCEPT_OUT_OF_SLICE — supplied fixed-semantics declaration/rule; guard/sort/priority reviewed and no match or dependency on this entry claim
1336:
1337:```k
1338:  rule applyBuiltin("range", I:Int, .Vals)               => rangeObj(0, I, 1)
1339:```
1340:
1341:### K-0108 — `semantics/builtins.k:178`
1342:
1343:- Lines: 178–178
1344:- Classification: function/equational rule
1345:- Attributes: none
1346:- Entry slice: no
1347:- Audit decision: ACCEPT_OUT_OF_SLICE — supplied fixed-semantics declaration/rule; guard/sort/priority reviewed and no match or dependency on this entry claim
1348:
1349:```k
1350:  rule applyBuiltin("range", A:Int, B:Int, .Vals)        => rangeObj(A, B, 1)
1351:```
1352:
1353:### K-0109 — `semantics/builtins.k:179`
1354:
1355:- Lines: 179–179
1356:- Classification: function/equational rule
1357:- Attributes: none
1358:- Entry slice: no
1359:- Audit decision: ACCEPT_OUT_OF_SLICE — supplied fixed-semantics declaration/rule; guard/sort/priority reviewed and no match or dependency on this entry claim
1360:
1361:```k
1362:  rule applyBuiltin("range", A:Int, B:Int, S:Int, .Vals) => rangeObj(A, B, S)
1363:```
1364:
1365:### K-0110 — `semantics/builtins.k:187`
1366:
1367:- Lines: 187–187
1368:- Classification: function/equational rule
1369:- Attributes: none
1370:- Entry slice: no
1371:- Audit decision: ACCEPT_OUT_OF_SLICE — supplied fixed-semantics declaration/rule; guard/sort/priority reviewed and no match or dependency on this entry claim
1372:
1373:```k
1374:  rule applyBuiltin("eval", str(CS:IntSeq), .Vals) => evalArith(CS)
1375:```
1376:
1377:### K-0111 — `semantics/builtins.k:188`
1378:
1379:- Lines: 188–188
1380:- Classification: local syntax/function declaration
1381:- Attributes: function
1382:- Entry slice: no
1383:- Audit decision: ACCEPT_OUT_OF_SLICE — supplied fixed-semantics declaration/rule; guard/sort/priority reviewed and no match or dependency on this entry claim
1384:
1385:```k
1386:  syntax Int ::= evalArith(IntSeq) [function]
1387:```
1388:
1389:### K-0112 — `semantics/builtins.k:189`
1390:
1391:- Lines: 189–190
1392:- Classification: function/equational rule
1393:- Attributes: none
1394:- Entry slice: no
1395:- Audit decision: ACCEPT_OUT_OF_SLICE — supplied fixed-semantics declaration/rule; guard/sort/priority reviewed and no match or dependency on this entry claim
1396:
1397:```k
1398:  rule evalArith(CS:IntSeq)
1399:    => firstNdE(passAddE(passMulE(passPowE(tokOps(CS), tokNds(CS)))))
1400:```
1401:
1402:### K-0113 — `semantics/builtins.k:192`
1403:
1404:- Lines: 192–192
1405:- Classification: local syntax/function declaration
1406:- Attributes: none
1407:- Entry slice: no
1408:- Audit decision: ACCEPT_OUT_OF_SLICE — supplied fixed-semantics declaration/rule; guard/sort/priority reviewed and no match or dependency on this entry claim
1409:
1410:```k
1411:  syntax OpSeq ::= ".OpSeq" | oCons(String, OpSeq)
1412:```
1413:
1414:### K-0114 — `semantics/builtins.k:194`
1415:
1416:- Lines: 194–194
1417:- Classification: local syntax/function declaration
1418:- Attributes: function, total
1419:- Entry slice: no
1420:- Audit decision: ACCEPT_OUT_OF_SLICE — supplied fixed-semantics declaration/rule; guard/sort/priority reviewed and no match or dependency on this entry claim
1421:
1422:```k
1423:  syntax Bool ::= evDigit(Int) [function, total]
1424:```
1425:
1426:### K-0115 — `semantics/builtins.k:195`
1427:
1428:- Lines: 195–195
1429:- Classification: function/equational rule
1430:- Attributes: none
1431:- Entry slice: no
1432:- Audit decision: ACCEPT_OUT_OF_SLICE — supplied fixed-semantics declaration/rule; guard/sort/priority reviewed and no match or dependency on this entry claim
1433:
1434:```k
1435:  rule evDigit(C:Int) => C >=Int 48 andBool C <=Int 57
1436:```
1437:
1438:### K-0116 — `semantics/builtins.k:196`
1439:
1440:- Lines: 196–196
1441:- Classification: local syntax/function declaration
1442:- Attributes: function, total
1443:- Entry slice: no
1444:- Audit decision: ACCEPT_OUT_OF_SLICE — supplied fixed-semantics declaration/rule; guard/sort/priority reviewed and no match or dependency on this entry claim
1445:
1446:```k
1447:  syntax Bool ::= evHead42(IntSeq) [function, total]
1448:```
1449:
1450:### K-0117 — `semantics/builtins.k:197`
1451:
1452:- Lines: 197–197
1453:- Classification: function/equational rule
1454:- Attributes: none
1455:- Entry slice: no
1456:- Audit decision: ACCEPT_OUT_OF_SLICE — supplied fixed-semantics declaration/rule; guard/sort/priority reviewed and no match or dependency on this entry claim
1457:
1458:```k
1459:  rule evHead42(iCons(42, _:IntSeq)) => true
1460:```
1461:
1462:### K-0118 — `semantics/builtins.k:198`
1463:
1464:- Lines: 198–198
1465:- Classification: function/equational rule
1466:- Attributes: owise
1467:- Entry slice: no
1468:- Audit decision: ACCEPT_OUT_OF_SLICE — supplied fixed-semantics declaration/rule; guard/sort/priority reviewed and no match or dependency on this entry claim
1469:
1470:```k
1471:  rule evHead42(_:IntSeq)            => false [owise]
1472:```
1473:
1474:### K-0119 — `semantics/builtins.k:199`
1475:
1476:- Lines: 199–199
1477:- Classification: local syntax/function declaration
1478:- Attributes: function, total
1479:- Entry slice: no
1480:- Audit decision: ACCEPT_OUT_OF_SLICE — supplied fixed-semantics declaration/rule; guard/sort/priority reviewed and no match or dependency on this entry claim
1481:
1482:```k
1483:  syntax Bool ::= evHead47(IntSeq) [function, total]
1484:```
1485:
1486:### K-0120 — `semantics/builtins.k:200`
1487:
1488:- Lines: 200–200
1489:- Classification: function/equational rule
1490:- Attributes: none
1491:- Entry slice: no
1492:- Audit decision: ACCEPT_OUT_OF_SLICE — supplied fixed-semantics declaration/rule; guard/sort/priority reviewed and no match or dependency on this entry claim
1493:
1494:```k
1495:  rule evHead47(iCons(47, _:IntSeq)) => true
1496:```
1497:
1498:### K-0121 — `semantics/builtins.k:201`
1499:
1500:- Lines: 201–201
1501:- Classification: function/equational rule
1502:- Attributes: owise
1503:- Entry slice: no
1504:- Audit decision: ACCEPT_OUT_OF_SLICE — supplied fixed-semantics declaration/rule; guard/sort/priority reviewed and no match or dependency on this entry claim
1505:
1506:```k
1507:  rule evHead47(_:IntSeq)            => false [owise]
1508:```
1509:
1510:### K-0122 — `semantics/builtins.k:203`
1511:
1512:- Lines: 203–203
1513:- Classification: local syntax/function declaration
1514:- Attributes: function, total
1515:- Entry slice: no
1516:- Audit decision: ACCEPT_OUT_OF_SLICE — supplied fixed-semantics declaration/rule; guard/sort/priority reviewed and no match or dependency on this entry claim
1517:
1518:```k
1519:  syntax OpSeq ::= tokOps(IntSeq) [function, total]
1520:```
1521:
1522:### K-0123 — `semantics/builtins.k:204`
1523:
1524:- Lines: 204–204
1525:- Classification: function/equational rule
1526:- Attributes: none
1527:- Entry slice: no
1528:- Audit decision: ACCEPT_OUT_OF_SLICE — supplied fixed-semantics declaration/rule; guard/sort/priority reviewed and no match or dependency on this entry claim
1529:
1530:```k
1531:  rule tokOps(.IntSeq)                 => .OpSeq
1532:```
1533:
1534:### K-0124 — `semantics/builtins.k:205`
1535:
1536:- Lines: 205–205
1537:- Classification: function/equational rule
1538:- Attributes: none
1539:- Entry slice: no
1540:- Audit decision: ACCEPT_OUT_OF_SLICE — supplied fixed-semantics declaration/rule; guard/sort/priority reviewed and no match or dependency on this entry claim
1541:
1542:```k
1543:  rule tokOps(iCons(32, R:IntSeq))     => tokOps(R)
1544:```
1545:
1546:### K-0125 — `semantics/builtins.k:206`
1547:
1548:- Lines: 206–206
1549:- Classification: function/equational rule
1550:- Attributes: none
1551:- Entry slice: no
1552:- Audit decision: ACCEPT_OUT_OF_SLICE — supplied fixed-semantics declaration/rule; guard/sort/priority reviewed and no match or dependency on this entry claim
1553:
1554:```k
1555:  rule tokOps(iCons(C:Int, R:IntSeq))  => tokOps(R) requires evDigit(C)
1556:```
1557:
1558:### K-0126 — `semantics/builtins.k:207`
1559:
1560:- Lines: 207–207
1561:- Classification: function/equational rule
1562:- Attributes: none
1563:- Entry slice: no
1564:- Audit decision: ACCEPT_OUT_OF_SLICE — supplied fixed-semantics declaration/rule; guard/sort/priority reviewed and no match or dependency on this entry claim
1565:
1566:```k
1567:  rule tokOps(iCons(42, iCons(42, R:IntSeq))) => oCons("**", tokOps(R))
1568:```
1569:
1570:### K-0127 — `semantics/builtins.k:208`
1571:
1572:- Lines: 208–208
1573:- Classification: function/equational rule
1574:- Attributes: none
1575:- Entry slice: no
1576:- Audit decision: ACCEPT_OUT_OF_SLICE — supplied fixed-semantics declaration/rule; guard/sort/priority reviewed and no match or dependency on this entry claim
1577:
1578:```k
1579:  rule tokOps(iCons(42, R:IntSeq))     => oCons("*", tokOps(R)) requires notBool evHead42(R)
1580:```
1581:
1582:### K-0128 — `semantics/builtins.k:209`
1583:
1584:- Lines: 209–209
1585:- Classification: function/equational rule
1586:- Attributes: none
1587:- Entry slice: no
1588:- Audit decision: ACCEPT_OUT_OF_SLICE — supplied fixed-semantics declaration/rule; guard/sort/priority reviewed and no match or dependency on this entry claim
1589:
1590:```k
1591:  rule tokOps(iCons(47, iCons(47, R:IntSeq))) => oCons("//", tokOps(R))
1592:```
1593:
1594:### K-0129 — `semantics/builtins.k:210`
1595:
1596:- Lines: 210–210
1597:- Classification: function/equational rule
1598:- Attributes: none
1599:- Entry slice: no
1600:- Audit decision: ACCEPT_OUT_OF_SLICE — supplied fixed-semantics declaration/rule; guard/sort/priority reviewed and no match or dependency on this entry claim
1601:
1602:```k
1603:  rule tokOps(iCons(47, R:IntSeq))     => oCons("/", tokOps(R)) requires notBool evHead47(R)
1604:```
1605:
1606:### K-0130 — `semantics/builtins.k:211`
1607:
1608:- Lines: 211–211
1609:- Classification: function/equational rule
1610:- Attributes: none
1611:- Entry slice: no
1612:- Audit decision: ACCEPT_OUT_OF_SLICE — supplied fixed-semantics declaration/rule; guard/sort/priority reviewed and no match or dependency on this entry claim
1613:
1614:```k
1615:  rule tokOps(iCons(43, R:IntSeq))     => oCons("+", tokOps(R))
1616:```
1617:
1618:### K-0131 — `semantics/builtins.k:212`
1619:
1620:- Lines: 212–212
1621:- Classification: function/equational rule
1622:- Attributes: none
1623:- Entry slice: no
1624:- Audit decision: ACCEPT_OUT_OF_SLICE — supplied fixed-semantics declaration/rule; guard/sort/priority reviewed and no match or dependency on this entry claim
1625:
1626:```k
1627:  rule tokOps(iCons(45, R:IntSeq))     => oCons("-", tokOps(R))
1628:```
1629:
1630:### K-0132 — `semantics/builtins.k:214`
1631:
1632:- Lines: 214–215
1633:- Classification: local syntax/function declaration
1634:- Attributes: function, total
1635:- Entry slice: no
1636:- Audit decision: ACCEPT_OUT_OF_SLICE — supplied fixed-semantics declaration/rule; guard/sort/priority reviewed and no match or dependency on this entry claim
1637:
1638:```k
1639:  syntax IntSeq ::= tokNds(IntSeq) [function, total]
1640:                  | tokNdAcc(Int, IntSeq) [function, total]
1641:```
1642:
1643:### K-0133 — `semantics/builtins.k:216`
1644:
1645:- Lines: 216–216
1646:- Classification: function/equational rule
1647:- Attributes: none
1648:- Entry slice: no
1649:- Audit decision: ACCEPT_OUT_OF_SLICE — supplied fixed-semantics declaration/rule; guard/sort/priority reviewed and no match or dependency on this entry claim
1650:
1651:```k
1652:  rule tokNds(.IntSeq)                => .IntSeq
1653:```
1654:
1655:### K-0134 — `semantics/builtins.k:217`
1656:
1657:- Lines: 217–217
1658:- Classification: function/equational rule
1659:- Attributes: none
1660:- Entry slice: no
1661:- Audit decision: ACCEPT_OUT_OF_SLICE — supplied fixed-semantics declaration/rule; guard/sort/priority reviewed and no match or dependency on this entry claim
1662:
1663:```k
1664:  rule tokNds(iCons(32, R:IntSeq))    => tokNds(R)
1665:```
1666:
1667:### K-0135 — `semantics/builtins.k:218`
1668:
1669:- Lines: 218–218
1670:- Classification: function/equational rule
1671:- Attributes: none
1672:- Entry slice: no
1673:- Audit decision: ACCEPT_OUT_OF_SLICE — supplied fixed-semantics declaration/rule; guard/sort/priority reviewed and no match or dependency on this entry claim
1674:
1675:```k
1676:  rule tokNds(iCons(C:Int, R:IntSeq)) => tokNdAcc(C -Int 48, R) requires evDigit(C)
1677:```
1678:
1679:### K-0136 — `semantics/builtins.k:219`
1680:
1681:- Lines: 219–219
1682:- Classification: function/equational rule
1683:- Attributes: none
1684:- Entry slice: no
1685:- Audit decision: ACCEPT_OUT_OF_SLICE — supplied fixed-semantics declaration/rule; guard/sort/priority reviewed and no match or dependency on this entry claim
1686:
1687:```k
1688:  rule tokNds(iCons(C:Int, R:IntSeq)) => tokNds(R)
1689:```
1690:
1691:### K-0137 — `semantics/builtins.k:221`
1692:
1693:- Lines: 221–221
1694:- Classification: function/equational rule
1695:- Attributes: none
1696:- Entry slice: no
1697:- Audit decision: ACCEPT_OUT_OF_SLICE — supplied fixed-semantics declaration/rule; guard/sort/priority reviewed and no match or dependency on this entry claim
1698:
1699:```k
1700:  rule tokNdAcc(A:Int, iCons(C:Int, R:IntSeq)) => tokNdAcc(A *Int 10 +Int (C -Int 48), R)
1701:```
1702:
1703:### K-0138 — `semantics/builtins.k:223`
1704:
1705:- Lines: 223–223
1706:- Classification: function/equational rule
1707:- Attributes: owise
1708:- Entry slice: no
1709:- Audit decision: ACCEPT_OUT_OF_SLICE — supplied fixed-semantics declaration/rule; guard/sort/priority reviewed and no match or dependency on this entry claim
1710:
1711:```k
1712:  rule tokNdAcc(A:Int, S:IntSeq) => iCons(A, tokNds(S)) [owise]
1713:```
1714:
1715:### K-0139 — `semantics/builtins.k:225`
1716:
1717:- Lines: 225–225
1718:- Classification: local syntax/function declaration
1719:- Attributes: none
1720:- Entry slice: no
1721:- Audit decision: ACCEPT_OUT_OF_SLICE — supplied fixed-semantics declaration/rule; guard/sort/priority reviewed and no match or dependency on this entry claim
1722:
1723:```k
1724:  syntax EvPair ::= evp(OpSeq, IntSeq)
1725:```
1726:
1727:### K-0140 — `semantics/builtins.k:226`
1728:
1729:- Lines: 226–226
1730:- Classification: local syntax/function declaration
1731:- Attributes: function, total
1732:- Entry slice: no
1733:- Audit decision: ACCEPT_OUT_OF_SLICE — supplied fixed-semantics declaration/rule; guard/sort/priority reviewed and no match or dependency on this entry claim
1734:
1735:```k
1736:  syntax Int ::= firstNdE(EvPair) [function, total]
1737:```
1738:
1739:### K-0141 — `semantics/builtins.k:227`
1740:
1741:- Lines: 227–227
1742:- Classification: function/equational rule
1743:- Attributes: none
1744:- Entry slice: no
1745:- Audit decision: ACCEPT_OUT_OF_SLICE — supplied fixed-semantics declaration/rule; guard/sort/priority reviewed and no match or dependency on this entry claim
1746:
1747:```k
1748:  rule firstNdE(evp(_:OpSeq, iCons(N:Int, _:IntSeq))) => N
1749:```
1750:
1751:### K-0142 — `semantics/builtins.k:228`
1752:
1753:- Lines: 228–228
1754:- Classification: function/equational rule
1755:- Attributes: owise
1756:- Entry slice: no
1757:- Audit decision: ACCEPT_OUT_OF_SLICE — supplied fixed-semantics declaration/rule; guard/sort/priority reviewed and no match or dependency on this entry claim
1758:
1759:```k
1760:  rule firstNdE(_:EvPair) => 0 [owise]
1761:```
1762:
1763:### K-0143 — `semantics/builtins.k:230`
1764:
1765:- Lines: 230–230
1766:- Classification: local syntax/function declaration
1767:- Attributes: function, total
1768:- Entry slice: no
1769:- Audit decision: ACCEPT_OUT_OF_SLICE — supplied fixed-semantics declaration/rule; guard/sort/priority reviewed and no match or dependency on this entry claim
1770:
1771:```k
1772:  syntax Int ::= applyOpE(String, Int, Int) [function, total]
1773:```
1774:
1775:### K-0144 — `semantics/builtins.k:231`
1776:
1777:- Lines: 231–231
1778:- Classification: function/equational rule
1779:- Attributes: none
1780:- Entry slice: no
1781:- Audit decision: ACCEPT_OUT_OF_SLICE — supplied fixed-semantics declaration/rule; guard/sort/priority reviewed and no match or dependency on this entry claim
1782:
1783:```k
1784:  rule applyOpE("+",  A:Int, B:Int) => A +Int B
1785:```
1786:
1787:### K-0145 — `semantics/builtins.k:232`
1788:
1789:- Lines: 232–232
1790:- Classification: function/equational rule
1791:- Attributes: none
1792:- Entry slice: no
1793:- Audit decision: ACCEPT_OUT_OF_SLICE — supplied fixed-semantics declaration/rule; guard/sort/priority reviewed and no match or dependency on this entry claim
1794:
1795:```k
1796:  rule applyOpE("-",  A:Int, B:Int) => A -Int B
1797:```
1798:
1799:### K-0146 — `semantics/builtins.k:233`
1800:
1801:- Lines: 233–233
1802:- Classification: function/equational rule
1803:- Attributes: none
1804:- Entry slice: no
1805:- Audit decision: ACCEPT_OUT_OF_SLICE — supplied fixed-semantics declaration/rule; guard/sort/priority reviewed and no match or dependency on this entry claim
1806:
1807:```k
1808:  rule applyOpE("*",  A:Int, B:Int) => A *Int B
1809:```
1810:
1811:### K-0147 — `semantics/builtins.k:234`
1812:
1813:- Lines: 234–234
1814:- Classification: function/equational rule
1815:- Attributes: none
1816:- Entry slice: no
1817:- Audit decision: ACCEPT_OUT_OF_SLICE — supplied fixed-semantics declaration/rule; guard/sort/priority reviewed and no match or dependency on this entry claim
1818:
1819:```k
1820:  rule applyOpE("//", A:Int, B:Int) => A divInt B
1821:```
1822:
1823:### K-0148 — `semantics/builtins.k:235`
1824:
1825:- Lines: 235–235
1826:- Classification: function/equational rule
1827:- Attributes: none
1828:- Entry slice: no
1829:- Audit decision: ACCEPT_OUT_OF_SLICE — supplied fixed-semantics declaration/rule; guard/sort/priority reviewed and no match or dependency on this entry claim
1830:
1831:```k
1832:  rule applyOpE("**", A:Int, B:Int) => A ^Int B
1833:```
1834:
1835:### K-0149 — `semantics/builtins.k:236`
1836:
1837:- Lines: 236–236
1838:- Classification: function/equational rule
1839:- Attributes: owise
1840:- Entry slice: no
1841:- Audit decision: ACCEPT_OUT_OF_SLICE — supplied fixed-semantics declaration/rule; guard/sort/priority reviewed and no match or dependency on this entry claim
1842:
1843:```k
1844:  rule applyOpE(_:String, A:Int, _:Int) => A [owise]
1845:```
1846:
1847:### K-0150 — `semantics/builtins.k:238`
1848:
1849:- Lines: 238–238
1850:- Classification: local syntax/function declaration
1851:- Attributes: function, total
1852:- Entry slice: no
1853:- Audit decision: ACCEPT_OUT_OF_SLICE — supplied fixed-semantics declaration/rule; guard/sort/priority reviewed and no match or dependency on this entry claim
1854:
1855:```k
1856:  syntax EvPair ::= passPowE(OpSeq, IntSeq) [function, total]
1857:```
1858:
1859:### K-0151 — `semantics/builtins.k:239`
1860:
1861:- Lines: 239–239
1862:- Classification: function/equational rule
1863:- Attributes: none
1864:- Entry slice: no
1865:- Audit decision: ACCEPT_OUT_OF_SLICE — supplied fixed-semantics declaration/rule; guard/sort/priority reviewed and no match or dependency on this entry claim
1866:
1867:```k
1868:  rule passPowE(.OpSeq, NDS:IntSeq) => evp(.OpSeq, NDS)
1869:```
1870:
1871:### K-0152 — `semantics/builtins.k:240`
1872:
1873:- Lines: 240–240
1874:- Classification: function/equational rule
1875:- Attributes: none
1876:- Entry slice: no
1877:- Audit decision: ACCEPT_OUT_OF_SLICE — supplied fixed-semantics declaration/rule; guard/sort/priority reviewed and no match or dependency on this entry claim
1878:
1879:```k
1880:  rule passPowE(oCons("**", OPS:OpSeq), iCons(N:Int, NDS:IntSeq)) => powCombE(N, passPowE(OPS, NDS))
1881:```
1882:
1883:### K-0153 — `semantics/builtins.k:241`
1884:
1885:- Lines: 241–241
1886:- Classification: function/equational rule
1887:- Attributes: none
1888:- Entry slice: no
1889:- Audit decision: ACCEPT_OUT_OF_SLICE — supplied fixed-semantics declaration/rule; guard/sort/priority reviewed and no match or dependency on this entry claim
1890:
1891:```k
1892:  rule passPowE(oCons(O:String, OPS:OpSeq), iCons(N:Int, NDS:IntSeq)) => powCarryE(O, N, passPowE(OPS, NDS))
1893:```
1894:
1895:### K-0154 — `semantics/builtins.k:243`
1896:
1897:- Lines: 243–243
1898:- Classification: function/equational rule
1899:- Attributes: owise
1900:- Entry slice: no
1901:- Audit decision: ACCEPT_OUT_OF_SLICE — supplied fixed-semantics declaration/rule; guard/sort/priority reviewed and no match or dependency on this entry claim
1902:
1903:```k
1904:  rule passPowE(_:OpSeq, .IntSeq) => evp(.OpSeq, .IntSeq) [owise]
1905:```
1906:
1907:### K-0155 — `semantics/builtins.k:244`
1908:
1909:- Lines: 244–244
1910:- Classification: local syntax/function declaration
1911:- Attributes: function, total
1912:- Entry slice: no
1913:- Audit decision: ACCEPT_OUT_OF_SLICE — supplied fixed-semantics declaration/rule; guard/sort/priority reviewed and no match or dependency on this entry claim
1914:
1915:```k
1916:  syntax EvPair ::= powCombE(Int, EvPair) [function, total]
1917:```
1918:
1919:### K-0156 — `semantics/builtins.k:245`
1920:
1921:- Lines: 245–245
1922:- Classification: function/equational rule
1923:- Attributes: none
1924:- Entry slice: no
1925:- Audit decision: ACCEPT_OUT_OF_SLICE — supplied fixed-semantics declaration/rule; guard/sort/priority reviewed and no match or dependency on this entry claim
1926:
1927:```k
1928:  rule powCombE(N:Int, evp(OPS:OpSeq, iCons(M:Int, REST:IntSeq))) => evp(OPS, iCons(N ^Int M, REST))
1929:```
1930:
1931:### K-0157 — `semantics/builtins.k:246`
1932:
1933:- Lines: 246–246
1934:- Classification: function/equational rule
1935:- Attributes: none
1936:- Entry slice: no
1937:- Audit decision: ACCEPT_OUT_OF_SLICE — supplied fixed-semantics declaration/rule; guard/sort/priority reviewed and no match or dependency on this entry claim
1938:
1939:```k
1940:  rule powCombE(N:Int, evp(OPS:OpSeq, .IntSeq)) => evp(OPS, iCons(N, .IntSeq))
1941:```
1942:
1943:### K-0158 — `semantics/builtins.k:247`
1944:
1945:- Lines: 247–247
1946:- Classification: local syntax/function declaration
1947:- Attributes: function, total
1948:- Entry slice: no
1949:- Audit decision: ACCEPT_OUT_OF_SLICE — supplied fixed-semantics declaration/rule; guard/sort/priority reviewed and no match or dependency on this entry claim
1950:
1951:```k
1952:  syntax EvPair ::= powCarryE(String, Int, EvPair) [function, total]
1953:```
1954:
1955:### K-0159 — `semantics/builtins.k:248`
1956:
1957:- Lines: 248–248
1958:- Classification: function/equational rule
1959:- Attributes: none
1960:- Entry slice: no
1961:- Audit decision: ACCEPT_OUT_OF_SLICE — supplied fixed-semantics declaration/rule; guard/sort/priority reviewed and no match or dependency on this entry claim
1962:
1963:```k
1964:  rule powCarryE(O:String, N:Int, evp(OPS:OpSeq, NDS:IntSeq)) => evp(oCons(O, OPS), iCons(N, NDS))
1965:```
1966:
1967:### K-0160 — `semantics/builtins.k:250`
1968:
1969:- Lines: 250–250
1970:- Classification: local syntax/function declaration
1971:- Attributes: function, total
1972:- Entry slice: no
1973:- Audit decision: ACCEPT_OUT_OF_SLICE — supplied fixed-semantics declaration/rule; guard/sort/priority reviewed and no match or dependency on this entry claim
1974:
1975:```k
1976:  syntax EvPair ::= passMulE(EvPair) [function, total] | passAddE(EvPair) [function, total]
1977:```
1978:
1979:### K-0161 — `semantics/builtins.k:251`
1980:
1981:- Lines: 251–251
1982:- Classification: function/equational rule
1983:- Attributes: none
1984:- Entry slice: no
1985:- Audit decision: ACCEPT_OUT_OF_SLICE — supplied fixed-semantics declaration/rule; guard/sort/priority reviewed and no match or dependency on this entry claim
1986:
1987:```k
1988:  rule passMulE(evp(OPS:OpSeq, iCons(N0:Int, NDS:IntSeq))) => passLGoE("mul", N0, OPS, NDS, .OpSeq, .IntSeq)
1989:```
1990:
1991:### K-0162 — `semantics/builtins.k:252`
1992:
1993:- Lines: 252–252
1994:- Classification: function/equational rule
1995:- Attributes: none
1996:- Entry slice: no
1997:- Audit decision: ACCEPT_OUT_OF_SLICE — supplied fixed-semantics declaration/rule; guard/sort/priority reviewed and no match or dependency on this entry claim
1998:
1999:```k
2000:  rule passMulE(evp(OPS:OpSeq, .IntSeq)) => evp(OPS, .IntSeq)
2001:```
2002:
2003:### K-0163 — `semantics/builtins.k:253`
2004:
2005:- Lines: 253–253
2006:- Classification: function/equational rule
2007:- Attributes: none
2008:- Entry slice: no
2009:- Audit decision: ACCEPT_OUT_OF_SLICE — supplied fixed-semantics declaration/rule; guard/sort/priority reviewed and no match or dependency on this entry claim
2010:
2011:```k
2012:  rule passAddE(evp(OPS:OpSeq, iCons(N0:Int, NDS:IntSeq))) => passLGoE("add", N0, OPS, NDS, .OpSeq, .IntSeq)
2013:```
2014:
2015:### K-0164 — `semantics/builtins.k:254`
2016:
2017:- Lines: 254–254
2018:- Classification: function/equational rule
2019:- Attributes: none
2020:- Entry slice: no
2021:- Audit decision: ACCEPT_OUT_OF_SLICE — supplied fixed-semantics declaration/rule; guard/sort/priority reviewed and no match or dependency on this entry claim
2022:
2023:```k
2024:  rule passAddE(evp(OPS:OpSeq, .IntSeq)) => evp(OPS, .IntSeq)
2025:```
2026:
2027:### K-0165 — `semantics/builtins.k:255`
2028:
2029:- Lines: 255–255
2030:- Classification: local syntax/function declaration
2031:- Attributes: function, total
2032:- Entry slice: no
2033:- Audit decision: ACCEPT_OUT_OF_SLICE — supplied fixed-semantics declaration/rule; guard/sort/priority reviewed and no match or dependency on this entry claim
2034:
2035:```k
2036:  syntax EvPair ::= passLGoE(String, Int, OpSeq, IntSeq, OpSeq, IntSeq) [function, total]
2037:```
2038:
2039:### K-0166 — `semantics/builtins.k:256`
2040:
2041:- Lines: 256–256
2042:- Classification: function/equational rule
2043:- Attributes: none
2044:- Entry slice: no
2045:- Audit decision: ACCEPT_OUT_OF_SLICE — supplied fixed-semantics declaration/rule; guard/sort/priority reviewed and no match or dependency on this entry claim
2046:
2047:```k
2048:  rule passLGoE(_:String, CUR:Int, .OpSeq, _:IntSeq, OO:OpSeq, ON:IntSeq) => evp(OO, appendIE(ON, CUR))
2049:```
2050:
2051:### K-0167 — `semantics/builtins.k:257`
2052:
2053:- Lines: 257–258
2054:- Classification: function/equational rule
2055:- Attributes: none
2056:- Entry slice: no
2057:- Audit decision: ACCEPT_OUT_OF_SLICE — supplied fixed-semantics declaration/rule; guard/sort/priority reviewed and no match or dependency on this entry claim
2058:
2059:```k
2060:  rule passLGoE(L:String, CUR:Int, oCons(O:String, OPS:OpSeq), iCons(N:Int, NDS:IntSeq), OO:OpSeq, ON:IntSeq)
2061:    => passLGoE(L, applyOpE(O, CUR, N), OPS, NDS, OO, ON)
2062:```
2063:
2064:### K-0168 — `semantics/builtins.k:260`
2065:
2066:- Lines: 260–261
2067:- Classification: function/equational rule
2068:- Attributes: none
2069:- Entry slice: no
2070:- Audit decision: ACCEPT_OUT_OF_SLICE — supplied fixed-semantics declaration/rule; guard/sort/priority reviewed and no match or dependency on this entry claim
2071:
2072:```k
2073:  rule passLGoE(L:String, CUR:Int, oCons(O:String, OPS:OpSeq), iCons(N:Int, NDS:IntSeq), OO:OpSeq, ON:IntSeq)
2074:    => passLGoE(L, N, OPS, NDS, appendOpE(OO, O), appendIE(ON, CUR))
2075:```
2076:
2077:### K-0169 — `semantics/builtins.k:263`
2078:
2079:- Lines: 263–264
2080:- Classification: function/equational rule
2081:- Attributes: owise
2082:- Entry slice: no
2083:- Audit decision: ACCEPT_OUT_OF_SLICE — supplied fixed-semantics declaration/rule; guard/sort/priority reviewed and no match or dependency on this entry claim
2084:
2085:```k
2086:  rule passLGoE(_:String, CUR:Int, oCons(_:String, _:OpSeq), .IntSeq, OO:OpSeq, ON:IntSeq)
2087:    => evp(OO, appendIE(ON, CUR)) [owise]
2088:```
2089:
2090:### K-0170 — `semantics/builtins.k:265`
2091:
2092:- Lines: 265–265
2093:- Classification: local syntax/function declaration
2094:- Attributes: function, total
2095:- Entry slice: no
2096:- Audit decision: ACCEPT_OUT_OF_SLICE — supplied fixed-semantics declaration/rule; guard/sort/priority reviewed and no match or dependency on this entry claim
2097:
2098:```k
2099:  syntax Bool ::= inLevelE(String, String) [function, total]
2100:```
2101:
2102:### K-0171 — `semantics/builtins.k:266`
2103:
2104:- Lines: 266–266
2105:- Classification: function/equational rule
2106:- Attributes: none
2107:- Entry slice: no
2108:- Audit decision: ACCEPT_OUT_OF_SLICE — supplied fixed-semantics declaration/rule; guard/sort/priority reviewed and no match or dependency on this entry claim
2109:
2110:```k
2111:  rule inLevelE("mul", O:String) => O ==String "*" orBool O ==String "//" orBool O ==String "/"
2112:```
2113:
2114:### K-0172 — `semantics/builtins.k:267`
2115:
2116:- Lines: 267–267
2117:- Classification: function/equational rule
2118:- Attributes: none
2119:- Entry slice: no
2120:- Audit decision: ACCEPT_OUT_OF_SLICE — supplied fixed-semantics declaration/rule; guard/sort/priority reviewed and no match or dependency on this entry claim
2121:
2122:```k
2123:  rule inLevelE("add", O:String) => O ==String "+" orBool O ==String "-"
2124:```
2125:
2126:### K-0173 — `semantics/builtins.k:268`
2127:
2128:- Lines: 268–268
2129:- Classification: function/equational rule
2130:- Attributes: owise
2131:- Entry slice: no
2132:- Audit decision: ACCEPT_OUT_OF_SLICE — supplied fixed-semantics declaration/rule; guard/sort/priority reviewed and no match or dependency on this entry claim
2133:
2134:```k
2135:  rule inLevelE(_:String, _:String) => false [owise]
2136:```
2137:
2138:### K-0174 — `semantics/builtins.k:269`
2139:
2140:- Lines: 269–269
2141:- Classification: local syntax/function declaration
2142:- Attributes: function, total
2143:- Entry slice: no
2144:- Audit decision: ACCEPT_OUT_OF_SLICE — supplied fixed-semantics declaration/rule; guard/sort/priority reviewed and no match or dependency on this entry claim
2145:
2146:```k
2147:  syntax OpSeq ::= appendOpE(OpSeq, String) [function, total]
2148:```
2149:
2150:### K-0175 — `semantics/builtins.k:270`
2151:
2152:- Lines: 270–270
2153:- Classification: function/equational rule
2154:- Attributes: none
2155:- Entry slice: no
2156:- Audit decision: ACCEPT_OUT_OF_SLICE — supplied fixed-semantics declaration/rule; guard/sort/priority reviewed and no match or dependency on this entry claim
2157:
2158:```k
2159:  rule appendOpE(.OpSeq, O:String) => oCons(O, .OpSeq)
2160:```
2161:
2162:### K-0176 — `semantics/builtins.k:271`
2163:
2164:- Lines: 271–271
2165:- Classification: function/equational rule
2166:- Attributes: none
2167:- Entry slice: no
2168:- Audit decision: ACCEPT_OUT_OF_SLICE — supplied fixed-semantics declaration/rule; guard/sort/priority reviewed and no match or dependency on this entry claim
2169:
2170:```k
2171:  rule appendOpE(oCons(H:String, T:OpSeq), O:String) => oCons(H, appendOpE(T, O))
2172:```
2173:
2174:### K-0177 — `semantics/builtins.k:272`
2175:
2176:- Lines: 272–272
2177:- Classification: local syntax/function declaration
2178:- Attributes: function, total
2179:- Entry slice: no
2180:- Audit decision: ACCEPT_OUT_OF_SLICE — supplied fixed-semantics declaration/rule; guard/sort/priority reviewed and no match or dependency on this entry claim
2181:
2182:```k
2183:  syntax IntSeq ::= appendIE(IntSeq, Int) [function, total]
2184:```
2185:
2186:### K-0178 — `semantics/builtins.k:273`
2187:
2188:- Lines: 273–273
2189:- Classification: function/equational rule
2190:- Attributes: none
2191:- Entry slice: no
2192:- Audit decision: ACCEPT_OUT_OF_SLICE — supplied fixed-semantics declaration/rule; guard/sort/priority reviewed and no match or dependency on this entry claim
2193:
2194:```k
2195:  rule appendIE(.IntSeq, N:Int) => iCons(N, .IntSeq)
2196:```
2197:
2198:### K-0179 — `semantics/builtins.k:274`
2199:
2200:- Lines: 274–274
2201:- Classification: function/equational rule
2202:- Attributes: none
2203:- Entry slice: no
2204:- Audit decision: ACCEPT_OUT_OF_SLICE — supplied fixed-semantics declaration/rule; guard/sort/priority reviewed and no match or dependency on this entry claim
2205:
2206:```k
2207:  rule appendIE(iCons(H:Int, T:IntSeq), N:Int) => iCons(H, appendIE(T, N))
2208:```
2209:
2210:### K-0180 — `semantics/builtins.k:279`
2211:
2212:- Lines: 279–279
2213:- Classification: local syntax/function declaration
2214:- Attributes: none
2215:- Entry slice: no
2216:- Audit decision: ACCEPT_OUT_OF_SLICE — supplied fixed-semantics declaration/rule; guard/sort/priority reviewed and no match or dependency on this entry claim
2217:
2218:```k
2219:  syntax KItem ::= "#md5"
2220:```
2221:
2222:### K-0181 — `semantics/builtins.k:280`
2223:
2224:- Lines: 280–281
2225:- Classification: ordinary operational semantic rule; priority rule
2226:- Attributes: priority
2227:- Entry slice: no
2228:- Audit decision: ACCEPT_OUT_OF_SLICE — supplied fixed-semantics declaration/rule; guard/sort/priority reviewed and no match or dependency on this entry claim
2229:
2230:```k
2231:  rule <k> Call(Attribute(Name("hashlib"), "md5"), (E:Expr, .Exprs)) => E ~> #md5 ... </k>
2232:       [priority(40)]
2233:```
2234:
2235:### K-0182 — `semantics/builtins.k:282`
2236:
2237:- Lines: 282–282
2238:- Classification: ordinary operational semantic rule
2239:- Attributes: none
2240:- Entry slice: no
2241:- Audit decision: ACCEPT_OUT_OF_SLICE — supplied fixed-semantics declaration/rule; guard/sort/priority reviewed and no match or dependency on this entry claim
2242:
2243:```k
2244:  rule <k> str(CS:IntSeq) ~> #md5 => md5Obj(CS) ... </k>
2245:```
2246:
2247:### K-0183 — `semantics/builtins.k:283`
2248:
2249:- Lines: 283–283
2250:- Classification: local syntax/function declaration
2251:- Attributes: none
2252:- Entry slice: no
2253:- Audit decision: ACCEPT_OUT_OF_SLICE — supplied fixed-semantics declaration/rule; guard/sort/priority reviewed and no match or dependency on this entry claim
2254:
2255:```k
2256:  syntax Val ::= md5Obj(IntSeq)
2257:```
2258:
2259:### K-0184 — `semantics/builtins.k:284`
2260:
2261:- Lines: 284–284
2262:- Classification: function/equational rule
2263:- Attributes: none
2264:- Entry slice: no
2265:- Audit decision: ACCEPT_OUT_OF_SLICE — supplied fixed-semantics declaration/rule; guard/sort/priority reviewed and no match or dependency on this entry claim
2266:
2267:```k
2268:  rule applyMethod(md5Obj(CS:IntSeq), "hexdigest", .Vals) => str(md5hexCodes(CS))
2269:```
2270:
2271:### K-0185 — `semantics/builtins.k:285`
2272:
2273:- Lines: 285–285
2274:- Classification: local syntax/function declaration
2275:- Attributes: function, total, symbol, no-evaluators
2276:- Entry slice: no
2277:- Audit decision: ACCEPT_OUT_OF_SLICE — supplied fixed-semantics declaration/rule; guard/sort/priority reviewed and no match or dependency on this entry claim
2278:
2279:```k
2280:  syntax IntSeq ::= md5hexCodes(IntSeq) [function, total, symbol(md5hexCodes), no-evaluators]
2281:```
2282:
2283:### K-0186 — `semantics/builtins.k:291`
2284:
2285:- Lines: 291–291
2286:- Classification: function/equational rule
2287:- Attributes: none
2288:- Entry slice: no
2289:- Audit decision: ACCEPT_OUT_OF_SLICE — supplied fixed-semantics declaration/rule; guard/sort/priority reviewed and no match or dependency on this entry claim
2290:
2291:```k
2292:  rule applyBuiltin("isinstance", V:Val, typeV("int"), .Vals) => isIntV(V)
2293:```
2294:
2295:### K-0187 — `semantics/builtins.k:292`
2296:
2297:- Lines: 292–292
2298:- Classification: function/equational rule
2299:- Attributes: none
2300:- Entry slice: no
2301:- Audit decision: ACCEPT_OUT_OF_SLICE — supplied fixed-semantics declaration/rule; guard/sort/priority reviewed and no match or dependency on this entry claim
2302:
2303:```k
2304:  rule applyBuiltin("isinstance", V:Val, typeV("str"), .Vals) => isStrV(V)
2305:```
2306:
2307:### K-0188 — `semantics/builtins.k:293`
2308:
2309:- Lines: 293–293
2310:- Classification: local syntax/function declaration
2311:- Attributes: function
2312:- Entry slice: no
2313:- Audit decision: ACCEPT_OUT_OF_SLICE — supplied fixed-semantics declaration/rule; guard/sort/priority reviewed and no match or dependency on this entry claim
2314:
2315:```k
2316:  syntax Bool ::= isIntV(Val) [function] | isStrV(Val) [function]
2317:```
2318:
2319:### K-0189 — `semantics/builtins.k:294`
2320:
2321:- Lines: 294–294
2322:- Classification: function/equational rule
2323:- Attributes: none
2324:- Entry slice: no
2325:- Audit decision: ACCEPT_OUT_OF_SLICE — supplied fixed-semantics declaration/rule; guard/sort/priority reviewed and no match or dependency on this entry claim
2326:
2327:```k
2328:  rule isIntV(_:Int)         => true
2329:```
2330:
2331:### K-0190 — `semantics/builtins.k:295`
2332:
2333:- Lines: 295–295
2334:- Classification: function/equational rule
2335:- Attributes: owise
2336:- Entry slice: no
2337:- Audit decision: ACCEPT_OUT_OF_SLICE — supplied fixed-semantics declaration/rule; guard/sort/priority reviewed and no match or dependency on this entry claim
2338:
2339:```k
2340:  rule isIntV(_:Val)         => false [owise]
2341:```
2342:
2343:### K-0191 — `semantics/builtins.k:296`
2344:
2345:- Lines: 296–296
2346:- Classification: function/equational rule
2347:- Attributes: none
2348:- Entry slice: no
2349:- Audit decision: ACCEPT_OUT_OF_SLICE — supplied fixed-semantics declaration/rule; guard/sort/priority reviewed and no match or dependency on this entry claim
2350:
2351:```k
2352:  rule isStrV(str(_:IntSeq)) => true
2353:```
2354:
2355:### K-0192 — `semantics/builtins.k:297`
2356:
2357:- Lines: 297–297
2358:- Classification: function/equational rule
2359:- Attributes: owise
2360:- Entry slice: no
2361:- Audit decision: ACCEPT_OUT_OF_SLICE — supplied fixed-semantics declaration/rule; guard/sort/priority reviewed and no match or dependency on this entry claim
2362:
2363:```k
2364:  rule isStrV(_:Val)         => false [owise]
2365:```
2366:
2367:### K-0193 — `semantics/call.k:16`
2368:
2369:- Lines: 16–16
2370:- Classification: ordinary operational semantic rule
2371:- Attributes: none
2372:- Entry slice: no
2373:- Audit decision: ACCEPT_OUT_OF_SLICE — supplied fixed-semantics declaration/rule; guard/sort/priority reviewed and no match or dependency on this entry claim
2374:
2375:```k
2376:  rule <k> Attribute(V:Val, M:String) => boundMethodV(V, M) ... </k>
2377:```
2378:
2379:### K-0194 — `semantics/call.k:19`
2380:
2381:- Lines: 19–19
2382:- Classification: local syntax/function declaration
2383:- Attributes: none
2384:- Entry slice: yes
2385:- Audit decision: ACCEPT_USED — checked on the entry execution slice for binding, evaluation order, control/state footprint, and result flow
2386:
2387:```k
2388:  syntax KItem ::= #callee(Exprs)
2389:```
2390:
2391:### K-0195 — `semantics/call.k:20`
2392:
2393:- Lines: 20–20
2394:- Classification: ordinary operational semantic rule
2395:- Attributes: owise
2396:- Entry slice: yes
2397:- Audit decision: ACCEPT_USED — checked on the entry execution slice for binding, evaluation order, control/state footprint, and result flow
2398:
2399:```k
2400:  rule <k> Call(Fe:Expr, ARGS:Exprs) => Fe ~> #callee(ARGS) ... </k> [owise]
2401:```
2402:
2403:### K-0196 — `semantics/call.k:21`
2404:
2405:- Lines: 21–21
2406:- Classification: ordinary operational semantic rule
2407:- Attributes: none
2408:- Entry slice: yes
2409:- Audit decision: ACCEPT_USED — checked on the entry execution slice for binding, evaluation order, control/state footprint, and result flow
2410:
2411:```k
2412:  rule <k> CV:Val ~> #callee(ARGS:Exprs) => #evalArgs(ARGS, .Vals, toCall(CV)) ... </k>
2413:```
2414:
2415:### K-0197 — `semantics/call.k:24`
2416:
2417:- Lines: 24–24
2418:- Classification: ordinary operational semantic rule
2419:- Attributes: none
2420:- Entry slice: no
2421:- Audit decision: ACCEPT_OUT_OF_SLICE — supplied fixed-semantics declaration/rule; guard/sort/priority reviewed and no match or dependency on this entry claim
2422:
2423:```k
2424:  rule <k> #applyK(toCall(boundMethodV(OBJ:Val, M:String)), ACC:Vals) => applyMethod(OBJ, M, ACC) ... </k>
2425:```
2426:
2427:### K-0198 — `semantics/call.k:26`
2428:
2429:- Lines: 26–26
2430:- Classification: ordinary operational semantic rule
2431:- Attributes: none
2432:- Entry slice: no
2433:- Audit decision: ACCEPT_OUT_OF_SLICE — supplied fixed-semantics declaration/rule; guard/sort/priority reviewed and no match or dependency on this entry claim
2434:
2435:```k
2436:  rule <k> #applyK(toCall(builtinV("sum")), (OBJ:Iterable, .Vals)) => #sumAcc(OBJ, 0) ... </k>
2437:```
2438:
2439:### K-0199 — `semantics/call.k:27`
2440:
2441:- Lines: 27–27
2442:- Classification: ordinary operational semantic rule
2443:- Attributes: none
2444:- Entry slice: no
2445:- Audit decision: ACCEPT_OUT_OF_SLICE — supplied fixed-semantics declaration/rule; guard/sort/priority reviewed and no match or dependency on this entry claim
2446:
2447:```k
2448:  rule <k> #applyK(toCall(builtinV("all")), (OBJ:Iterable, .Vals)) => #allAcc(OBJ)    ... </k>
2449:```
2450:
2451:### K-0200 — `semantics/call.k:28`
2452:
2453:- Lines: 28–28
2454:- Classification: ordinary operational semantic rule
2455:- Attributes: none
2456:- Entry slice: no
2457:- Audit decision: ACCEPT_OUT_OF_SLICE — supplied fixed-semantics declaration/rule; guard/sort/priority reviewed and no match or dependency on this entry claim
2458:
2459:```k
2460:  rule <k> #applyK(toCall(builtinV("any")), (OBJ:Iterable, .Vals)) => #anyAcc(OBJ)    ... </k>
2461:```
2462:
2463:### K-0201 — `semantics/call.k:29`
2464:
2465:- Lines: 29–29
2466:- Classification: ordinary operational semantic rule
2467:- Attributes: none
2468:- Entry slice: no
2469:- Audit decision: ACCEPT_OUT_OF_SLICE — supplied fixed-semantics declaration/rule; guard/sort/priority reviewed and no match or dependency on this entry claim
2470:
2471:```k
2472:  rule <k> #applyK(toCall(builtinV("max")), (OBJ:Iterable, .Vals)) => #maxAcc0(OBJ)   ... </k>
2473:```
2474:
2475:### K-0202 — `semantics/call.k:30`
2476:
2477:- Lines: 30–30
2478:- Classification: ordinary operational semantic rule
2479:- Attributes: none
2480:- Entry slice: no
2481:- Audit decision: ACCEPT_OUT_OF_SLICE — supplied fixed-semantics declaration/rule; guard/sort/priority reviewed and no match or dependency on this entry claim
2482:
2483:```k
2484:  rule <k> #applyK(toCall(builtinV("min")), (OBJ:Iterable, .Vals)) => #minAcc0(OBJ)   ... </k>
2485:```
2486:
2487:### K-0203 — `semantics/call.k:31`
2488:
2489:- Lines: 31–31
2490:- Classification: ordinary operational semantic rule
2491:- Attributes: owise
2492:- Entry slice: no
2493:- Audit decision: ACCEPT_OUT_OF_SLICE — supplied fixed-semantics declaration/rule; guard/sort/priority reviewed and no match or dependency on this entry claim
2494:
2495:```k
2496:  rule <k> #applyK(toCall(builtinV(BN:String)), ACC:Vals) => applyBuiltin(BN, ACC) ... </k> [owise]
2497:```
2498:
2499:### K-0204 — `semantics/call.k:32`
2500:
2501:- Lines: 32–32
2502:- Classification: ordinary operational semantic rule
2503:- Attributes: none
2504:- Entry slice: no
2505:- Audit decision: ACCEPT_OUT_OF_SLICE — supplied fixed-semantics declaration/rule; guard/sort/priority reviewed and no match or dependency on this entry claim
2506:
2507:```k
2508:  rule <k> #applyK(toCall(typeV(T:String)),     ACC:Vals) => applyBuiltin(T, ACC)  ... </k>
2509:```
2510:
2511:### K-0205 — `semantics/call.k:38`
2512:
2513:- Lines: 38–41
2514:- Classification: ordinary operational semantic rule; priority rule
2515:- Attributes: priority
2516:- Entry slice: no
2517:- Audit decision: ACCEPT_OUT_OF_SLICE — supplied fixed-semantics declaration/rule; guard/sort/priority reviewed and no match or dependency on this entry claim
2518:
2519:```k
2520:  rule <k> #applyK(toCall(builtinV(BN:String)), (ref(H:Int), REST:Vals))
2521:        => #applyK(toCall(builtinV(BN)), (V, REST)) ... </k>
2522:       <heap> ... H |-> V:Val ... </heap>
2523:       [priority(40)]
2524:```
2525:
2526:### K-0206 — `semantics/call.k:42`
2527:
2528:- Lines: 42–44
2529:- Classification: ordinary operational semantic rule
2530:- Attributes: none
2531:- Entry slice: no
2532:- Audit decision: ACCEPT_OUT_OF_SLICE — supplied fixed-semantics declaration/rule; guard/sort/priority reviewed and no match or dependency on this entry claim
2533:
2534:```k
2535:  rule <k> #applyK(toCall(builtinV(BN:String)), (A:Val, ref(H:Int), REST:Vals))
2536:        => #applyK(toCall(builtinV(BN)), (A, V, REST)) ... </k>
2537:       <heap> ... H |-> V:Val ... </heap>
2538:```
2539:
2540:### K-0207 — `semantics/call.k:47`
2541:
2542:- Lines: 47–50
2543:- Classification: ordinary operational semantic rule; priority rule
2544:- Attributes: priority
2545:- Entry slice: no
2546:- Audit decision: ACCEPT_OUT_OF_SLICE — supplied fixed-semantics declaration/rule; guard/sort/priority reviewed and no match or dependency on this entry claim
2547:
2548:```k
2549:  rule <k> #applyK(toCall(typeV(T:String)), (ref(H:Int), REST:Vals))
2550:        => #applyK(toCall(typeV(T)), (V, REST)) ... </k>
2551:       <heap> ... H |-> V:Val ... </heap>
2552:       [priority(40)]
2553:```
2554:
2555:### K-0208 — `semantics/call.k:52`
2556:
2557:- Lines: 52–52
2558:- Classification: local syntax/function declaration
2559:- Attributes: function, total
2560:- Entry slice: no
2561:- Audit decision: ACCEPT_OUT_OF_SLICE — supplied fixed-semantics declaration/rule; guard/sort/priority reviewed and no match or dependency on this entry claim
2562:
2563:```k
2564:  syntax Bool ::= isMutMethod(String) [function, total]
2565:```
2566:
2567:### K-0209 — `semantics/call.k:53`
2568:
2569:- Lines: 53–55
2570:- Classification: function/equational rule
2571:- Attributes: none
2572:- Entry slice: no
2573:- Audit decision: ACCEPT_OUT_OF_SLICE — supplied fixed-semantics declaration/rule; guard/sort/priority reviewed and no match or dependency on this entry claim
2574:
2575:```k
2576:  rule isMutMethod(M:String)
2577:    => M ==String "append" orBool M ==String "sort" orBool M ==String "extend"
2578:       orBool M ==String "insert" orBool M ==String "pop" orBool M ==String "remove"
2579:```
2580:
2581:### K-0210 — `semantics/call.k:56`
2582:
2583:- Lines: 56–58
2584:- Classification: ordinary operational semantic rule
2585:- Attributes: none
2586:- Entry slice: no
2587:- Audit decision: ACCEPT_OUT_OF_SLICE — supplied fixed-semantics declaration/rule; guard/sort/priority reviewed and no match or dependency on this entry claim
2588:
2589:```k
2590:  rule <k> #applyK(toCall(boundMethodV(ref(H:Int), M:String)), ACC:Vals)
2591:        => #applyK(toCall(boundMethodV(V, M)), ACC) ... </k>
2592:       <heap> ... H |-> V:Val ... </heap>
2593:```
2594:
2595:### K-0211 — `semantics/call.k:63`
2596:
2597:- Lines: 63–65
2598:- Classification: ordinary operational semantic rule
2599:- Attributes: none
2600:- Entry slice: no
2601:- Audit decision: ACCEPT_OUT_OF_SLICE — supplied fixed-semantics declaration/rule; guard/sort/priority reviewed and no match or dependency on this entry claim
2602:
2603:```k
2604:  rule <k> #applyK(toCall(boundMethodV(OBJ:Val, M:String)), (ref(H:Int), REST:Vals))
2605:        => #applyK(toCall(boundMethodV(OBJ, M)), (V, REST)) ... </k>
2606:       <heap> ... H |-> V:Val ... </heap>
2607:```
2608:
2609:### K-0212 — `semantics/call.k:69`
2610:
2611:- Lines: 69–74
2612:- Classification: ordinary operational semantic rule
2613:- Attributes: none
2614:- Entry slice: yes
2615:- Audit decision: ACCEPT_USED — checked on the entry execution slice for binding, evaluation order, control/state footprint, and result flow
2616:
2617:```k
2618:  rule <k> #applyK(toCall(closureVal(PNS:ParamNames, BODY:Stmts, DEFL:Int)), ACC:Vals) ~> CONT
2619:        => #bindP(PNS, ACC) ~> BODY ~> #endcall </k>
2620:       <env>     CALLERL:Int => NEWL </env>
2621:       <scopes>   STORE:Map => STORE [ NEWL <- scope(.Map, parent(DEFL)) ] </scopes>
2622:       <scopeLoc> NEWL:Int => NEWL +Int 1 </scopeLoc>
2623:       <stack>   .List => ListItem(frame(CONT, CALLERL, NEWL)) ... </stack>
2624:```
2625:
2626:### K-0213 — `semantics/call.k:80`
2627:
2628:- Lines: 80–85
2629:- Classification: ordinary operational semantic rule
2630:- Attributes: none
2631:- Entry slice: no
2632:- Audit decision: ACCEPT_OUT_OF_SLICE — supplied fixed-semantics declaration/rule; guard/sort/priority reviewed and no match or dependency on this entry claim
2633:
2634:```k
2635:  rule <k> #applyK(toCall(closureValC(PNS:ParamNames, CVS:ParamNames, BODY:Stmts, CM:Map)), ACC:Vals) ~> CONT
2636:        => #allocCells(CVS) ~> #bindP(PNS, ACC) ~> BODY ~> #endcall </k>
2637:       <env>     CALLERL:Int => NEWL </env>
2638:       <scopes>   STORE:Map => STORE [ NEWL <- scope(CM [ "$cells" <- cellsMark(CVS) ], parent(0)) ] </scopes>
2639:       <scopeLoc> NEWL:Int => NEWL +Int 1 </scopeLoc>
2640:       <stack>   .List => ListItem(frame(CONT, CALLERL, NEWL)) ... </stack>
2641:```
2642:
2643:### K-0214 — `semantics/call.k:87`
2644:
2645:- Lines: 87–87
2646:- Classification: local syntax/function declaration
2647:- Attributes: none
2648:- Entry slice: no
2649:- Audit decision: ACCEPT_OUT_OF_SLICE — supplied fixed-semantics declaration/rule; guard/sort/priority reviewed and no match or dependency on this entry claim
2650:
2651:```k
2652:  syntax KItem ::= #allocCells(ParamNames)
2653:```
2654:
2655:### K-0215 — `semantics/call.k:88`
2656:
2657:- Lines: 88–88
2658:- Classification: ordinary operational semantic rule
2659:- Attributes: none
2660:- Entry slice: no
2661:- Audit decision: ACCEPT_OUT_OF_SLICE — supplied fixed-semantics declaration/rule; guard/sort/priority reviewed and no match or dependency on this entry claim
2662:
2663:```k
2664:  rule <k> #allocCells(.ParamNames) => .K ... </k>
2665:```
2666:
2667:### K-0216 — `semantics/call.k:89`
2668:
2669:- Lines: 89–93
2670:- Classification: ordinary operational semantic rule
2671:- Attributes: none
2672:- Entry slice: no
2673:- Audit decision: ACCEPT_OUT_OF_SLICE — supplied fixed-semantics declaration/rule; guard/sort/priority reviewed and no match or dependency on this entry claim
2674:
2675:```k
2676:  rule <k> #allocCells((CV:String, R:ParamNames)) => #allocCells(R) ... </k>
2677:       <env> L:Int </env>
2678:       <scopes> ... L |-> scope(M:Map => M [ CV <- cellRef(N) ], _) ... </scopes>
2679:       <heap>    H:Map => (N |-> cellV(noneV)) H </heap>
2680:       <heapLoc> N:Int => N +Int 1 </heapLoc>
2681:```
2682:
2683:### K-0217 — `semantics/comprehension.k:11`
2684:
2685:- Lines: 11–11
2686:- Classification: function/equational rule
2687:- Attributes: none
2688:- Entry slice: no
2689:- Audit decision: ACCEPT_OUT_OF_SLICE — supplied fixed-semantics declaration/rule; guard/sort/priority reviewed and no match or dependency on this entry claim
2690:
2691:```k
2692:  rule ListComp(ELT:Expr, Gs:CompFors) => Call(closureExpr(.ParamNames, compBody(Gs, ELT)), .Exprs)
2693:```
2694:
2695:### K-0218 — `semantics/comprehension.k:12`
2696:
2697:- Lines: 12–12
2698:- Classification: function/equational rule
2699:- Attributes: none
2700:- Entry slice: no
2701:- Audit decision: ACCEPT_OUT_OF_SLICE — supplied fixed-semantics declaration/rule; guard/sort/priority reviewed and no match or dependency on this entry claim
2702:
2703:```k
2704:  rule GenExp(ELT:Expr, Gs:CompFors)   => Call(closureExpr(.ParamNames, compBody(Gs, ELT)), .Exprs)
2705:```
2706:
2707:### K-0219 — `semantics/comprehension.k:14`
2708:
2709:- Lines: 14–14
2710:- Classification: local syntax/function declaration
2711:- Attributes: macro
2712:- Entry slice: no
2713:- Audit decision: ACCEPT_OUT_OF_SLICE — supplied fixed-semantics declaration/rule; guard/sort/priority reviewed and no match or dependency on this entry claim
2714:
2715:```k
2716:  syntax Stmts ::= compBody(CompFors, Expr) [macro]
2717:```
2718:
2719:### K-0220 — `semantics/comprehension.k:15`
2720:
2721:- Lines: 15–16
2722:- Classification: function/equational rule
2723:- Attributes: none
2724:- Entry slice: no
2725:- Audit decision: ACCEPT_OUT_OF_SLICE — supplied fixed-semantics declaration/rule; guard/sort/priority reviewed and no match or dependency on this entry claim
2726:
2727:```k
2728:  rule compBody(Gs:CompFors, ELT:Expr)
2729:    => Assign(Name("$acc"), ListExpr(.Exprs)) compNest(Gs, ELT) Return(Name("$acc"))
2730:```
2731:
2732:### K-0221 — `semantics/comprehension.k:18`
2733:
2734:- Lines: 18–18
2735:- Classification: local syntax/function declaration
2736:- Attributes: macro, macro-rec
2737:- Entry slice: no
2738:- Audit decision: ACCEPT_OUT_OF_SLICE — supplied fixed-semantics declaration/rule; guard/sort/priority reviewed and no match or dependency on this entry claim
2739:
2740:```k
2741:  syntax Stmt ::= compNest(CompFors, Expr) [macro-rec]
2742:```
2743:
2744:### K-0222 — `semantics/comprehension.k:19`
2745:
2746:- Lines: 19–20
2747:- Classification: function/equational rule
2748:- Attributes: none
2749:- Entry slice: no
2750:- Audit decision: ACCEPT_OUT_OF_SLICE — supplied fixed-semantics declaration/rule; guard/sort/priority reviewed and no match or dependency on this entry claim
2751:
2752:```k
2753:  rule compNest(.CompFors, ELT:Expr)
2754:    => Assign(Name("$acc"), BinOp("+", Name("$acc"), ListExpr(ELT)))
2755:```
2756:
2757:### K-0223 — `semantics/comprehension.k:21`
2758:
2759:- Lines: 21–22
2760:- Classification: function/equational rule
2761:- Attributes: none
2762:- Entry slice: no
2763:- Audit decision: ACCEPT_OUT_OF_SLICE — supplied fixed-semantics declaration/rule; guard/sort/priority reviewed and no match or dependency on this entry claim
2764:
2765:```k
2766:  rule compNest((CompFor(T:Expr, ITER:Expr, Fs:Exprs) GRest:CompFors), ELT:Expr)
2767:    => For(T, ITER, If(compGuard(Fs), compNest(GRest, ELT), .Stmts))
2768:```
2769:
2770:### K-0224 — `semantics/comprehension.k:24`
2771:
2772:- Lines: 24–24
2773:- Classification: local syntax/function declaration
2774:- Attributes: macro
2775:- Entry slice: no
2776:- Audit decision: ACCEPT_OUT_OF_SLICE — supplied fixed-semantics declaration/rule; guard/sort/priority reviewed and no match or dependency on this entry claim
2777:
2778:```k
2779:  syntax Expr ::= compGuard(Exprs) [macro]
2780:```
2781:
2782:### K-0225 — `semantics/comprehension.k:25`
2783:
2784:- Lines: 25–25
2785:- Classification: function/equational rule
2786:- Attributes: none
2787:- Entry slice: no
2788:- Audit decision: ACCEPT_OUT_OF_SLICE — supplied fixed-semantics declaration/rule; guard/sort/priority reviewed and no match or dependency on this entry claim
2789:
2790:```k
2791:  rule compGuard(.Exprs)             => Bool(true)
2792:```
2793:
2794:### K-0226 — `semantics/comprehension.k:26`
2795:
2796:- Lines: 26–26
2797:- Classification: function/equational rule
2798:- Attributes: none
2799:- Entry slice: no
2800:- Audit decision: ACCEPT_OUT_OF_SLICE — supplied fixed-semantics declaration/rule; guard/sort/priority reviewed and no match or dependency on this entry claim
2801:
2802:```k
2803:  rule compGuard((F:Expr, Fs:Exprs)) => BoolOp("and", (F, Fs))
2804:```
2805:
2806:### K-0227 — `semantics/concrete.k:13`
2807:
2808:- Lines: 13–14
2809:- Classification: ordinary operational semantic rule
2810:- Attributes: none
2811:- Entry slice: no
2812:- Audit decision: ACCEPT_OUT_OF_SLICE — supplied fixed-semantics declaration/rule; guard/sort/priority reviewed and no match or dependency on this entry claim
2813:
2814:```k
2815:  rule <k> Compare(list(A:ValSeq), CmpOp("==", list(B:ValSeq))) => deepEqVS(A, B, HP) ... </k>
2816:       <heap> HP:Map </heap>
2817:```
2818:
2819:### K-0228 — `semantics/concrete.k:16`
2820:
2821:- Lines: 16–17
2822:- Classification: ordinary operational semantic rule
2823:- Attributes: none
2824:- Entry slice: no
2825:- Audit decision: ACCEPT_OUT_OF_SLICE — supplied fixed-semantics declaration/rule; guard/sort/priority reviewed and no match or dependency on this entry claim
2826:
2827:```k
2828:  rule <k> Compare(list(A:ValSeq), CmpOp("!=", list(B:ValSeq))) => notBool deepEqVS(A, B, HP) ... </k>
2829:       <heap> HP:Map </heap>
2830:```
2831:
2832:### K-0229 — `semantics/concrete.k:25`
2833:
2834:- Lines: 25–25
2835:- Classification: local syntax/function declaration
2836:- Attributes: none
2837:- Entry slice: no
2838:- Audit decision: ACCEPT_OUT_OF_SLICE — supplied fixed-semantics declaration/rule; guard/sort/priority reviewed and no match or dependency on this entry claim
2839:
2840:```k
2841:  syntax Val ::= kvP(Val, Val)
2842:```
2843:
2844:### K-0230 — `semantics/concrete.k:26`
2845:
2846:- Lines: 26–27
2847:- Classification: local syntax/function declaration
2848:- Attributes: none
2849:- Entry slice: no
2850:- Audit decision: ACCEPT_OUT_OF_SLICE — supplied fixed-semantics declaration/rule; guard/sort/priority reviewed and no match or dependency on this entry claim
2851:
2852:```k
2853:  syntax KItem ::= #ksort(ValSeq, Val, ValSeq, Bool)
2854:                 | #ksIns(Val, ValSeq, Val, ValSeq, Bool)
2855:```
2856:
2857:### K-0231 — `semantics/concrete.k:28`
2858:
2859:- Lines: 28–30
2860:- Classification: ordinary operational semantic rule; priority rule
2861:- Attributes: priority
2862:- Entry slice: no
2863:- Audit decision: ACCEPT_OUT_OF_SLICE — supplied fixed-semantics declaration/rule; guard/sort/priority reviewed and no match or dependency on this entry claim
2864:
2865:```k
2866:  rule <k> #applyK(toCall(builtinV("sorted")), (list(VS:ValSeq), kwV("key", KV:Val), .Vals))
2867:        => #ksort(VS, KV, .ValSeq, false) ... </k>
2868:       [priority(40)]
2869:```
2870:
2871:### K-0232 — `semantics/concrete.k:31`
2872:
2873:- Lines: 31–33
2874:- Classification: ordinary operational semantic rule; priority rule
2875:- Attributes: priority
2876:- Entry slice: no
2877:- Audit decision: ACCEPT_OUT_OF_SLICE — supplied fixed-semantics declaration/rule; guard/sort/priority reviewed and no match or dependency on this entry claim
2878:
2879:```k
2880:  rule <k> #applyK(toCall(builtinV("sorted")), (list(VS:ValSeq), kwV("key", KV:Val), kwV("reverse", RB:Bool), .Vals))
2881:        => #ksort(VS, KV, .ValSeq, RB) ... </k>
2882:       [priority(40)]
2883:```
2884:
2885:### K-0233 — `semantics/concrete.k:34`
2886:
2887:- Lines: 34–35
2888:- Classification: ordinary operational semantic rule
2889:- Attributes: none
2890:- Entry slice: no
2891:- Audit decision: ACCEPT_OUT_OF_SLICE — supplied fixed-semantics declaration/rule; guard/sort/priority reviewed and no match or dependency on this entry claim
2892:
2893:```k
2894:  rule <k> #ksort(.ValSeq, _:Val, ACC:ValSeq, RB:Bool)
2895:        => #alloc(list(condRev(unpairVS(ACC), RB))) ... </k>
2896:```
2897:
2898:### K-0234 — `semantics/concrete.k:36`
2899:
2900:- Lines: 36–37
2901:- Classification: ordinary operational semantic rule
2902:- Attributes: none
2903:- Entry slice: no
2904:- Audit decision: ACCEPT_OUT_OF_SLICE — supplied fixed-semantics declaration/rule; guard/sort/priority reviewed and no match or dependency on this entry claim
2905:
2906:```k
2907:  rule <k> #ksort(vCons(V:Val, R:ValSeq), KV:Val, ACC:ValSeq, RB:Bool)
2908:        => KV ~> #callee((V, .Exprs)) ~> #ksIns(V, R, KV, ACC, RB) ... </k>
2909:```
2910:
2911:### K-0235 — `semantics/concrete.k:38`
2912:
2913:- Lines: 38–39
2914:- Classification: ordinary operational semantic rule
2915:- Attributes: none
2916:- Entry slice: no
2917:- Audit decision: ACCEPT_OUT_OF_SLICE — supplied fixed-semantics declaration/rule; guard/sort/priority reviewed and no match or dependency on this entry claim
2918:
2919:```k
2920:  rule <k> K:Val ~> #ksIns(V:Val, R:ValSeq, KV:Val, ACC:ValSeq, RB:Bool)
2921:        => #ksort(R, KV, insPair(ACC, K, V), RB) ... </k>
2922:```
2923:
2924:### K-0236 — `semantics/concrete.k:42`
2925:
2926:- Lines: 42–42
2927:- Classification: local syntax/function declaration
2928:- Attributes: function
2929:- Entry slice: no
2930:- Audit decision: ACCEPT_OUT_OF_SLICE — supplied fixed-semantics declaration/rule; guard/sort/priority reviewed and no match or dependency on this entry claim
2931:
2932:```k
2933:  syntax ValSeq ::= insPair(ValSeq, Val, Val) [function]
2934:```
2935:
2936:### K-0237 — `semantics/concrete.k:43`
2937:
2938:- Lines: 43–43
2939:- Classification: function/equational rule
2940:- Attributes: none
2941:- Entry slice: no
2942:- Audit decision: ACCEPT_OUT_OF_SLICE — supplied fixed-semantics declaration/rule; guard/sort/priority reviewed and no match or dependency on this entry claim
2943:
2944:```k
2945:  rule insPair(.ValSeq, K:Val, V:Val) => vCons(kvP(K, V), .ValSeq)
2946:```
2947:
2948:### K-0238 — `semantics/concrete.k:44`
2949:
2950:- Lines: 44–45
2951:- Classification: function/equational rule
2952:- Attributes: none
2953:- Entry slice: no
2954:- Audit decision: ACCEPT_OUT_OF_SLICE — supplied fixed-semantics declaration/rule; guard/sort/priority reviewed and no match or dependency on this entry claim
2955:
2956:```k
2957:  rule insPair(vCons(kvP(K2:Val, V2:Val), R:ValSeq), K:Val, V:Val)
2958:    => vCons(kvP(K, V), vCons(kvP(K2, V2), R))
2959:```
2960:
2961:### K-0239 — `semantics/concrete.k:47`
2962:
2963:- Lines: 47–48
2964:- Classification: function/equational rule
2965:- Attributes: none
2966:- Entry slice: no
2967:- Audit decision: ACCEPT_OUT_OF_SLICE — supplied fixed-semantics declaration/rule; guard/sort/priority reviewed and no match or dependency on this entry claim
2968:
2969:```k
2970:  rule insPair(vCons(kvP(K2:Val, V2:Val), R:ValSeq), K:Val, V:Val)
2971:    => vCons(kvP(K2, V2), insPair(R, K, V))
2972:```
2973:
2974:### K-0240 — `semantics/concrete.k:51`
2975:
2976:- Lines: 51–51
2977:- Classification: local syntax/function declaration
2978:- Attributes: function
2979:- Entry slice: no
2980:- Audit decision: ACCEPT_OUT_OF_SLICE — supplied fixed-semantics declaration/rule; guard/sort/priority reviewed and no match or dependency on this entry claim
2981:
2982:```k
2983:  syntax Bool ::= kLt(Val, Val) [function]
2984:```
2985:
2986:### K-0241 — `semantics/concrete.k:52`
2987:
2988:- Lines: 52–52
2989:- Classification: function/equational rule
2990:- Attributes: none
2991:- Entry slice: no
2992:- Audit decision: ACCEPT_OUT_OF_SLICE — supplied fixed-semantics declaration/rule; guard/sort/priority reviewed and no match or dependency on this entry claim
2993:
2994:```k
2995:  rule kLt(I1:Int, I2:Int)             => I1 <Int I2
2996:```
2997:
2998:### K-0242 — `semantics/concrete.k:53`
2999:
3000:- Lines: 53–53
3001:- Classification: function/equational rule
3002:- Attributes: none
3003:- Entry slice: no
3004:- Audit decision: ACCEPT_OUT_OF_SLICE — supplied fixed-semantics declaration/rule; guard/sort/priority reviewed and no match or dependency on this entry claim
3005:
3006:```k
3007:  rule kLt(F1:Float, F2:Float)         => F1 <Float F2
3008:```
3009:
3010:### K-0243 — `semantics/concrete.k:54`
3011:
3012:- Lines: 54–54
3013:- Classification: function/equational rule
3014:- Attributes: none
3015:- Entry slice: no
3016:- Audit decision: ACCEPT_OUT_OF_SLICE — supplied fixed-semantics declaration/rule; guard/sort/priority reviewed and no match or dependency on this entry claim
3017:
3018:```k
3019:  rule kLt(str(A:IntSeq), str(B:IntSeq)) => strLt(A, B)
3020:```
3021:
3022:### K-0244 — `semantics/concrete.k:56`
3023:
3024:- Lines: 56–56
3025:- Classification: local syntax/function declaration
3026:- Attributes: function, total
3027:- Entry slice: no
3028:- Audit decision: ACCEPT_OUT_OF_SLICE — supplied fixed-semantics declaration/rule; guard/sort/priority reviewed and no match or dependency on this entry claim
3029:
3030:```k
3031:  syntax ValSeq ::= unpairVS(ValSeq) [function, total]
3032:```
3033:
3034:### K-0245 — `semantics/concrete.k:57`
3035:
3036:- Lines: 57–57
3037:- Classification: function/equational rule
3038:- Attributes: none
3039:- Entry slice: no
3040:- Audit decision: ACCEPT_OUT_OF_SLICE — supplied fixed-semantics declaration/rule; guard/sort/priority reviewed and no match or dependency on this entry claim
3041:
3042:```k
3043:  rule unpairVS(.ValSeq) => .ValSeq
3044:```
3045:
3046:### K-0246 — `semantics/concrete.k:58`
3047:
3048:- Lines: 58–58
3049:- Classification: function/equational rule
3050:- Attributes: none
3051:- Entry slice: no
3052:- Audit decision: ACCEPT_OUT_OF_SLICE — supplied fixed-semantics declaration/rule; guard/sort/priority reviewed and no match or dependency on this entry claim
3053:
3054:```k
3055:  rule unpairVS(vCons(kvP(_:Val, V:Val), R:ValSeq)) => vCons(V, unpairVS(R))
3056:```
3057:
3058:### K-0247 — `semantics/concrete.k:59`
3059:
3060:- Lines: 59–59
3061:- Classification: function/equational rule
3062:- Attributes: owise
3063:- Entry slice: no
3064:- Audit decision: ACCEPT_OUT_OF_SLICE — supplied fixed-semantics declaration/rule; guard/sort/priority reviewed and no match or dependency on this entry claim
3065:
3066:```k
3067:  rule unpairVS(vCons(V:Val, R:ValSeq)) => vCons(V, unpairVS(R)) [owise]
3068:```
3069:
3070:### K-0248 — `semantics/controls.k:9`
3071:
3072:- Lines: 9–11
3073:- Classification: ordinary operational semantic rule
3074:- Attributes: none
3075:- Entry slice: no
3076:- Audit decision: ACCEPT_OUT_OF_SLICE — supplied fixed-semantics declaration/rule; guard/sort/priority reviewed and no match or dependency on this entry claim
3077:
3078:```k
3079:  rule <k> Assign(Name(X:String), V:Val) => .K ... </k>
3080:       <env> L:Int </env>
3081:       <scopes> ... L |-> scope(M:Map => M [ X <- V ], _) ... </scopes>
3082:```
3083:
3084:### K-0249 — `semantics/controls.k:12`
3085:
3086:- Lines: 12–14
3087:- Classification: ordinary operational semantic rule
3088:- Attributes: none
3089:- Entry slice: no
3090:- Audit decision: ACCEPT_OUT_OF_SLICE — supplied fixed-semantics declaration/rule; guard/sort/priority reviewed and no match or dependency on this entry claim
3091:
3092:```k
3093:  rule <k> Assign(Name(X:String), V:Val) => #cellW({M[X]}:>Val, V) ... </k>
3094:       <env> L:Int </env>
3095:       <scopes> ... L |-> scope(M:Map, _) ... </scopes>
3096:```
3097:
3098:### K-0250 — `semantics/controls.k:20`
3099:
3100:- Lines: 20–22
3101:- Classification: ordinary operational semantic rule
3102:- Attributes: none
3103:- Entry slice: no
3104:- Audit decision: ACCEPT_OUT_OF_SLICE — supplied fixed-semantics declaration/rule; guard/sort/priority reviewed and no match or dependency on this entry claim
3105:
3106:```k
3107:  rule <k> AugAssign(Name(X:String), OP:String, V:Val) => .K ... </k>
3108:       <env> L:Int </env>
3109:       <scopes> ... L |-> scope(M:Map => M [ X <- applyBin(OP, {M[X]}:>Val, V) ], _) ... </scopes>
3110:```
3111:
3112:### K-0251 — `semantics/controls.k:27`
3113:
3114:- Lines: 27–29
3115:- Classification: ordinary operational semantic rule
3116:- Attributes: none
3117:- Entry slice: no
3118:- Audit decision: ACCEPT_OUT_OF_SLICE — supplied fixed-semantics declaration/rule; guard/sort/priority reviewed and no match or dependency on this entry claim
3119:
3120:```k
3121:  rule <k> AugAssign(Name(X:String), OP:String, V:Val) => Assign(Name(X), BinOp(OP, Name(X), V)) ... </k>
3122:       <env> L:Int </env>
3123:       <scopes> ... L |-> scope(M:Map, _) ... </scopes>
3124:```
3125:
3126:### K-0252 — `semantics/controls.k:35`
3127:
3128:- Lines: 35–35
3129:- Classification: ordinary operational semantic rule
3130:- Attributes: none
3131:- Entry slice: no
3132:- Audit decision: ACCEPT_OUT_OF_SLICE — supplied fixed-semantics declaration/rule; guard/sort/priority reviewed and no match or dependency on this entry claim
3133:
3134:```k
3135:  rule <k> ImportFrom("math", NS:ParamNames) => #bindImports(NS) ... </k>
3136:```
3137:
3138:### K-0253 — `semantics/controls.k:36`
3139:
3140:- Lines: 36–36
3141:- Classification: ordinary operational semantic rule
3142:- Attributes: owise
3143:- Entry slice: no
3144:- Audit decision: ACCEPT_OUT_OF_SLICE — supplied fixed-semantics declaration/rule; guard/sort/priority reviewed and no match or dependency on this entry claim
3145:
3146:```k
3147:  rule <k> ImportFrom(_:String, _:ParamNames) => .K ... </k> [owise]
3148:```
3149:
3150:### K-0254 — `semantics/controls.k:37`
3151:
3152:- Lines: 37–37
3153:- Classification: local syntax/function declaration
3154:- Attributes: none
3155:- Entry slice: no
3156:- Audit decision: ACCEPT_OUT_OF_SLICE — supplied fixed-semantics declaration/rule; guard/sort/priority reviewed and no match or dependency on this entry claim
3157:
3158:```k
3159:  syntax KItem ::= #bindImports(ParamNames)
3160:```
3161:
3162:### K-0255 — `semantics/controls.k:38`
3163:
3164:- Lines: 38–38
3165:- Classification: ordinary operational semantic rule
3166:- Attributes: none
3167:- Entry slice: no
3168:- Audit decision: ACCEPT_OUT_OF_SLICE — supplied fixed-semantics declaration/rule; guard/sort/priority reviewed and no match or dependency on this entry claim
3169:
3170:```k
3171:  rule <k> #bindImports(.ParamNames) => .K ... </k>
3172:```
3173:
3174:### K-0256 — `semantics/controls.k:39`
3175:
3176:- Lines: 39–41
3177:- Classification: ordinary operational semantic rule
3178:- Attributes: none
3179:- Entry slice: no
3180:- Audit decision: ACCEPT_OUT_OF_SLICE — supplied fixed-semantics declaration/rule; guard/sort/priority reviewed and no match or dependency on this entry claim
3181:
3182:```k
3183:  rule <k> #bindImports((N:String, NS:ParamNames)) => #bindImports(NS) ... </k>
3184:       <env> L:Int </env>
3185:       <scopes> ... L |-> scope(M:Map => M [ N <- builtinV(N) ], _) ... </scopes>
3186:```
3187:
3188:### K-0257 — `semantics/controls.k:43`
3189:
3190:- Lines: 43–43
3191:- Classification: ordinary operational semantic rule
3192:- Attributes: none
3193:- Entry slice: no
3194:- Audit decision: ACCEPT_OUT_OF_SLICE — supplied fixed-semantics declaration/rule; guard/sort/priority reviewed and no match or dependency on this entry claim
3195:
3196:```k
3197:  rule <k> #bindImports((N:String, NS:ParamNames)) => #bindImports(NS) ... </k>
3198:```
3199:
3200:### K-0258 — `semantics/controls.k:48`
3201:
3202:- Lines: 48–48
3203:- Classification: ordinary operational semantic rule
3204:- Attributes: none
3205:- Entry slice: no
3206:- Audit decision: ACCEPT_OUT_OF_SLICE — supplied fixed-semantics declaration/rule; guard/sort/priority reviewed and no match or dependency on this entry claim
3207:
3208:```k
3209:  rule <k> Expr(_:Val) => .K ... </k>
3210:```
3211:
3212:### K-0259 — `semantics/controls.k:51`
3213:
3214:- Lines: 51–51
3215:- Classification: local syntax/function declaration
3216:- Attributes: none
3217:- Entry slice: no
3218:- Audit decision: ACCEPT_OUT_OF_SLICE — supplied fixed-semantics declaration/rule; guard/sort/priority reviewed and no match or dependency on this entry claim
3219:
3220:```k
3221:  syntax KItem ::= #branch(Bool, Stmts, Stmts)
3222:```
3223:
3224:### K-0260 — `semantics/controls.k:52`
3225:
3226:- Lines: 52–52
3227:- Classification: ordinary operational semantic rule
3228:- Attributes: none
3229:- Entry slice: no
3230:- Audit decision: ACCEPT_OUT_OF_SLICE — supplied fixed-semantics declaration/rule; guard/sort/priority reviewed and no match or dependency on this entry claim
3231:
3232:```k
3233:  rule <k> If(C:Val, T:Stmts, E:Stmts) => #branch(truthy(C), T, E) ... </k>
3234:```
3235:
3236:### K-0261 — `semantics/controls.k:53`
3237:
3238:- Lines: 53–53
3239:- Classification: ordinary operational semantic rule
3240:- Attributes: none
3241:- Entry slice: no
3242:- Audit decision: ACCEPT_OUT_OF_SLICE — supplied fixed-semantics declaration/rule; guard/sort/priority reviewed and no match or dependency on this entry claim
3243:
3244:```k
3245:  rule <k> #branch(true,  T:Stmts, _:Stmts) => T ... </k>
3246:```
3247:
3248:### K-0262 — `semantics/controls.k:54`
3249:
3250:- Lines: 54–54
3251:- Classification: ordinary operational semantic rule
3252:- Attributes: none
3253:- Entry slice: no
3254:- Audit decision: ACCEPT_OUT_OF_SLICE — supplied fixed-semantics declaration/rule; guard/sort/priority reviewed and no match or dependency on this entry claim
3255:
3256:```k
3257:  rule <k> #branch(false, _:Stmts, E:Stmts) => E ... </k>
3258:```
3259:
3260:### K-0263 — `semantics/controls.k:57`
3261:
3262:- Lines: 57–57
3263:- Classification: ordinary operational semantic rule
3264:- Attributes: none
3265:- Entry slice: no
3266:- Audit decision: ACCEPT_OUT_OF_SLICE — supplied fixed-semantics declaration/rule; guard/sort/priority reviewed and no match or dependency on this entry claim
3267:
3268:```k
3269:  rule <k> IfExp(V:Val, T:Expr, _:Expr) => T ... </k>
3270:```
3271:
3272:### K-0264 — `semantics/controls.k:59`
3273:
3274:- Lines: 59–59
3275:- Classification: ordinary operational semantic rule
3276:- Attributes: none
3277:- Entry slice: no
3278:- Audit decision: ACCEPT_OUT_OF_SLICE — supplied fixed-semantics declaration/rule; guard/sort/priority reviewed and no match or dependency on this entry claim
3279:
3280:```k
3281:  rule <k> IfExp(V:Val, _:Expr, E:Expr) => E ... </k>
3282:```
3283:
3284:### K-0265 — `semantics/controls.k:65`
3285:
3286:- Lines: 65–67
3287:- Classification: local syntax/function declaration
3288:- Attributes: none
3289:- Entry slice: no
3290:- Audit decision: ACCEPT_OUT_OF_SLICE — supplied fixed-semantics declaration/rule; guard/sort/priority reviewed and no match or dependency on this entry claim
3291:
3292:```k
3293:  syntax KItem ::= #loop(Val, Expr, Stmts) | #loopStep(Expr, Stmts)
3294:                 | #while(Expr, Stmts) | #whileCond(Expr, Stmts)
3295:                 | #loopLbl(K) | "#cont" | "#brk"
3296:```
3297:
3298:### K-0266 — `semantics/controls.k:69`
3299:
3300:- Lines: 69–69
3301:- Classification: ordinary operational semantic rule
3302:- Attributes: none
3303:- Entry slice: no
3304:- Audit decision: ACCEPT_OUT_OF_SLICE — supplied fixed-semantics declaration/rule; guard/sort/priority reviewed and no match or dependency on this entry claim
3305:
3306:```k
3307:  rule <k> For(T:Expr, OBJ:Val, B:Stmts) => #loop(OBJ, T, B) ... </k>
3308:```
3309:
3310:### K-0267 — `semantics/controls.k:71`
3311:
3312:- Lines: 71–71
3313:- Classification: ordinary operational semantic rule
3314:- Attributes: none
3315:- Entry slice: no
3316:- Audit decision: ACCEPT_OUT_OF_SLICE — supplied fixed-semantics declaration/rule; guard/sort/priority reviewed and no match or dependency on this entry claim
3317:
3318:```k
3319:  rule <k> #loop(IT:Iterable, T:Expr, B:Stmts) => #iterNext(IT) ~> #loopStep(T, B) ... </k>
3320:```
3321:
3322:### K-0268 — `semantics/controls.k:72`
3323:
3324:- Lines: 72–72
3325:- Classification: ordinary operational semantic rule
3326:- Attributes: none
3327:- Entry slice: no
3328:- Audit decision: ACCEPT_OUT_OF_SLICE — supplied fixed-semantics declaration/rule; guard/sort/priority reviewed and no match or dependency on this entry claim
3329:
3330:```k
3331:  rule <k> #iterDone ~> #loopStep(_:Expr, _:Stmts) => .K ... </k>
3332:```
3333:
3334:### K-0269 — `semantics/controls.k:73`
3335:
3336:- Lines: 73–74
3337:- Classification: ordinary operational semantic rule
3338:- Attributes: none
3339:- Entry slice: no
3340:- Audit decision: ACCEPT_OUT_OF_SLICE — supplied fixed-semantics declaration/rule; guard/sort/priority reviewed and no match or dependency on this entry claim
3341:
3342:```k
3343:  rule <k> #iterYield(V:Val, REST:Iterable) ~> #loopStep(T:Expr, B:Stmts)
3344:        => #bindTgt(T, V) ~> B ~> #loopLbl(#loop(REST, T, B)) ... </k>
3345:```
3346:
3347:### K-0270 — `semantics/controls.k:77`
3348:
3349:- Lines: 77–77
3350:- Classification: ordinary operational semantic rule
3351:- Attributes: none
3352:- Entry slice: no
3353:- Audit decision: ACCEPT_OUT_OF_SLICE — supplied fixed-semantics declaration/rule; guard/sort/priority reviewed and no match or dependency on this entry claim
3354:
3355:```k
3356:  rule <k> While(C:Expr, B:Stmts) => #while(C, B) ... </k>
3357:```
3358:
3359:### K-0271 — `semantics/controls.k:78`
3360:
3361:- Lines: 78–78
3362:- Classification: ordinary operational semantic rule
3363:- Attributes: none
3364:- Entry slice: no
3365:- Audit decision: ACCEPT_OUT_OF_SLICE — supplied fixed-semantics declaration/rule; guard/sort/priority reviewed and no match or dependency on this entry claim
3366:
3367:```k
3368:  rule <k> #while(C:Expr, B:Stmts) => C ~> #whileCond(C, B) ... </k>
3369:```
3370:
3371:### K-0272 — `semantics/controls.k:79`
3372:
3373:- Lines: 79–79
3374:- Classification: ordinary operational semantic rule
3375:- Attributes: none
3376:- Entry slice: no
3377:- Audit decision: ACCEPT_OUT_OF_SLICE — supplied fixed-semantics declaration/rule; guard/sort/priority reviewed and no match or dependency on this entry claim
3378:
3379:```k
3380:  rule <k> V:Val ~> #whileCond(C:Expr, B:Stmts) => B ~> #loopLbl(#while(C, B)) ... </k>
3381:```
3382:
3383:### K-0273 — `semantics/controls.k:81`
3384:
3385:- Lines: 81–81
3386:- Classification: ordinary operational semantic rule
3387:- Attributes: none
3388:- Entry slice: no
3389:- Audit decision: ACCEPT_OUT_OF_SLICE — supplied fixed-semantics declaration/rule; guard/sort/priority reviewed and no match or dependency on this entry claim
3390:
3391:```k
3392:  rule <k> V:Val ~> #whileCond(_C:Expr, _B:Stmts) => .K ... </k>
3393:```
3394:
3395:### K-0274 — `semantics/controls.k:85`
3396:
3397:- Lines: 85–85
3398:- Classification: ordinary operational semantic rule
3399:- Attributes: none
3400:- Entry slice: no
3401:- Audit decision: ACCEPT_OUT_OF_SLICE — supplied fixed-semantics declaration/rule; guard/sort/priority reviewed and no match or dependency on this entry claim
3402:
3403:```k
3404:  rule <k> #loopLbl(NEXT:K) => NEXT ... </k>
3405:```
3406:
3407:### K-0275 — `semantics/controls.k:86`
3408:
3409:- Lines: 86–86
3410:- Classification: ordinary operational semantic rule
3411:- Attributes: none
3412:- Entry slice: no
3413:- Audit decision: ACCEPT_OUT_OF_SLICE — supplied fixed-semantics declaration/rule; guard/sort/priority reviewed and no match or dependency on this entry claim
3414:
3415:```k
3416:  rule <k> Continue => #cont ... </k>
3417:```
3418:
3419:### K-0276 — `semantics/controls.k:87`
3420:
3421:- Lines: 87–87
3422:- Classification: ordinary operational semantic rule
3423:- Attributes: none
3424:- Entry slice: no
3425:- Audit decision: ACCEPT_OUT_OF_SLICE — supplied fixed-semantics declaration/rule; guard/sort/priority reviewed and no match or dependency on this entry claim
3426:
3427:```k
3428:  rule <k> Break => #brk ... </k>
3429:```
3430:
3431:### K-0277 — `semantics/controls.k:88`
3432:
3433:- Lines: 88–88
3434:- Classification: ordinary operational semantic rule
3435:- Attributes: none
3436:- Entry slice: no
3437:- Audit decision: ACCEPT_OUT_OF_SLICE — supplied fixed-semantics declaration/rule; guard/sort/priority reviewed and no match or dependency on this entry claim
3438:
3439:```k
3440:  rule <k> #cont ~> #loopLbl(NEXT:K) => NEXT ... </k>
3441:```
3442:
3443:### K-0278 — `semantics/controls.k:89`
3444:
3445:- Lines: 89–89
3446:- Classification: ordinary operational semantic rule
3447:- Attributes: owise
3448:- Entry slice: no
3449:- Audit decision: ACCEPT_OUT_OF_SLICE — supplied fixed-semantics declaration/rule; guard/sort/priority reviewed and no match or dependency on this entry claim
3450:
3451:```k
3452:  rule <k> #cont ~> (_:KItem => .K) ... </k> [owise]
3453:```
3454:
3455:### K-0279 — `semantics/controls.k:90`
3456:
3457:- Lines: 90–90
3458:- Classification: ordinary operational semantic rule
3459:- Attributes: none
3460:- Entry slice: no
3461:- Audit decision: ACCEPT_OUT_OF_SLICE — supplied fixed-semantics declaration/rule; guard/sort/priority reviewed and no match or dependency on this entry claim
3462:
3463:```k
3464:  rule <k> #brk ~> #loopLbl(_:K) => .K ... </k>
3465:```
3466:
3467:### K-0280 — `semantics/controls.k:91`
3468:
3469:- Lines: 91–91
3470:- Classification: ordinary operational semantic rule
3471:- Attributes: owise
3472:- Entry slice: no
3473:- Audit decision: ACCEPT_OUT_OF_SLICE — supplied fixed-semantics declaration/rule; guard/sort/priority reviewed and no match or dependency on this entry claim
3474:
3475:```k
3476:  rule <k> #brk ~> (_:KItem => .K) ... </k> [owise]
3477:```
3478:
3479:### K-0281 — `semantics/controls.k:95`
3480:
3481:- Lines: 95–97
3482:- Classification: ordinary operational semantic rule; priority rule
3483:- Attributes: priority
3484:- Entry slice: no
3485:- Audit decision: ACCEPT_OUT_OF_SLICE — supplied fixed-semantics declaration/rule; guard/sort/priority reviewed and no match or dependency on this entry claim
3486:
3487:```k
3488:  rule <k> If(ref(H:Int), T:Stmts, E:Stmts) => If(V, T, E) ... </k>
3489:       <heap> ... H |-> V:Val ... </heap>
3490:       [priority(40)]
3491:```
3492:
3493:### K-0282 — `semantics/controls.k:98`
3494:
3495:- Lines: 98–100
3496:- Classification: ordinary operational semantic rule; priority rule
3497:- Attributes: priority
3498:- Entry slice: no
3499:- Audit decision: ACCEPT_OUT_OF_SLICE — supplied fixed-semantics declaration/rule; guard/sort/priority reviewed and no match or dependency on this entry claim
3500:
3501:```k
3502:  rule <k> IfExp(ref(H:Int), T:Expr, E:Expr) => IfExp(V, T, E) ... </k>
3503:       <heap> ... H |-> V:Val ... </heap>
3504:       [priority(40)]
3505:```
3506:
3507:### K-0283 — `semantics/controls.k:101`
3508:
3509:- Lines: 101–103
3510:- Classification: ordinary operational semantic rule; priority rule
3511:- Attributes: priority
3512:- Entry slice: no
3513:- Audit decision: ACCEPT_OUT_OF_SLICE — supplied fixed-semantics declaration/rule; guard/sort/priority reviewed and no match or dependency on this entry claim
3514:
3515:```k
3516:  rule <k> ref(H:Int) ~> #whileCond(C:Expr, B:Stmts) => V ~> #whileCond(C, B) ... </k>
3517:       <heap> ... H |-> V:Val ... </heap>
3518:       [priority(40)]
3519:```
3520:
3521:### K-0284 — `semantics/controls.k:106`
3522:
3523:- Lines: 106–108
3524:- Classification: ordinary operational semantic rule; priority rule
3525:- Attributes: priority
3526:- Entry slice: no
3527:- Audit decision: ACCEPT_OUT_OF_SLICE — supplied fixed-semantics declaration/rule; guard/sort/priority reviewed and no match or dependency on this entry claim
3528:
3529:```k
3530:  rule <k> For(T:Expr, ref(H:Int), B:Stmts) => For(T, V, B) ... </k>
3531:       <heap> ... H |-> V:Val ... </heap>
3532:       [priority(40)]
3533:```
3534:
3535:### K-0285 — `semantics/core.k:13`
3536:
3537:- Lines: 13–13
3538:- Classification: local syntax/function declaration
3539:- Attributes: none
3540:- Entry slice: yes
3541:- Audit decision: ACCEPT_USED — checked on the entry execution slice for binding, evaluation order, control/state footprint, and result flow
3542:
3543:```k
3544:  syntax IntSeq ::= ".IntSeq" | iCons(Int, IntSeq)
3545:```
3546:
3547:### K-0286 — `semantics/core.k:14`
3548:
3549:- Lines: 14–14
3550:- Classification: local syntax/function declaration
3551:- Attributes: none
3552:- Entry slice: yes
3553:- Audit decision: ACCEPT_USED — checked on the entry execution slice for binding, evaluation order, control/state footprint, and result flow
3554:
3555:```k
3556:  syntax ValSeq ::= ".ValSeq" | vCons(Val, ValSeq)
3557:```
3558:
3559:### K-0287 — `semantics/core.k:15`
3560:
3561:- Lines: 15–15
3562:- Classification: local syntax/function declaration
3563:- Attributes: none
3564:- Entry slice: yes
3565:- Audit decision: ACCEPT_USED — checked on the entry execution slice for binding, evaluation order, control/state footprint, and result flow
3566:
3567:```k
3568:  syntax Str    ::= str(IntSeq)
3569:```
3570:
3571:### K-0288 — `semantics/core.k:18`
3572:
3573:- Lines: 18–23
3574:- Classification: local syntax/function declaration
3575:- Attributes: none
3576:- Entry slice: yes
3577:- Audit decision: ACCEPT_USED — checked on the entry execution slice for binding, evaluation order, control/state footprint, and result flow
3578:
3579:```k
3580:  syntax Iterable ::= list(ValSeq)
3581:                    | tuple(ValSeq)
3582:                    | Str
3583:                    | rangeObj(Int, Int, Int)
3584:                    | zipObj(ValSeq, ValSeq)
3585:                    | zipObjS(IntSeq, IntSeq)
3586:```
3587:
3588:### K-0289 — `semantics/core.k:25`
3589:
3590:- Lines: 25–34
3591:- Classification: local syntax/function declaration
3592:- Attributes: function
3593:- Entry slice: yes
3594:- Audit decision: ACCEPT_USED — checked on the entry execution slice for binding, evaluation order, control/state footprint, and result flow
3595:
3596:```k
3597:  syntax Val      ::= Int
3598:                    | Bool
3599:                    | "noneV"
3600:                    | Iterable
3601:                    | ref(Int)          // a heap object: <heap> holds its list(VS)
3602:                    | cellRef(Int)      // a closure cell: <heap> holds cellV(V)
3603:                    | closureVal(ParamNames, Stmts, Int)
3604:                    | typeV(String)     // a type object (int/str), resolved from the builtins frame
3605:                    | builtinV(String)  // a builtin function, resolved like any name (LEGB fallthrough)
3606:                    | boundMethodV(Val, String)   // a cooled Attribute: obj.method
3607:```
3608:
3609:### K-0290 — `semantics/core.k:36`
3610:
3611:- Lines: 36–36
3612:- Classification: local syntax/function declaration
3613:- Attributes: none
3614:- Entry slice: yes
3615:- Audit decision: ACCEPT_USED — checked on the entry execution slice for binding, evaluation order, control/state footprint, and result flow
3616:
3617:```k
3618:  syntax Parent   ::= "root" | parent(Int)
3619:```
3620:
3621:### K-0291 — `semantics/core.k:37`
3622:
3623:- Lines: 37–37
3624:- Classification: local syntax/function declaration
3625:- Attributes: none
3626:- Entry slice: yes
3627:- Audit decision: ACCEPT_USED — checked on the entry execution slice for binding, evaluation order, control/state footprint, and result flow
3628:
3629:```k
3630:  syntax Scope    ::= scope(Map, Parent)
3631:```
3632:
3633:### K-0292 — `semantics/core.k:38`
3634:
3635:- Lines: 38–38
3636:- Classification: local syntax/function declaration
3637:- Attributes: none
3638:- Entry slice: yes
3639:- Audit decision: ACCEPT_USED — checked on the entry execution slice for binding, evaluation order, control/state footprint, and result flow
3640:
3641:```k
3642:  syntax KResult  ::= Val
3643:```
3644:
3645:### K-0293 — `semantics/core.k:39`
3646:
3647:- Lines: 39–39
3648:- Classification: local syntax/function declaration
3649:- Attributes: none
3650:- Entry slice: yes
3651:- Audit decision: ACCEPT_USED — checked on the entry execution slice for binding, evaluation order, control/state footprint, and result flow
3652:
3653:```k
3654:  syntax Expr     ::= Val   // cooling puts results back into expression holes
3655:```
3656:
3657:### K-0294 — `semantics/core.k:40`
3658:
3659:- Lines: 40–40
3660:- Classification: local syntax/function declaration
3661:- Attributes: none
3662:- Entry slice: yes
3663:- Audit decision: ACCEPT_USED — checked on the entry execution slice for binding, evaluation order, control/state footprint, and result flow
3664:
3665:```k
3666:  syntax Vals     ::= List{Val, ","}
3667:```
3668:
3669:### K-0295 — `semantics/core.k:41`
3670:
3671:- Lines: 41–41
3672:- Classification: local syntax/function declaration
3673:- Attributes: none
3674:- Entry slice: yes
3675:- Audit decision: ACCEPT_USED — checked on the entry execution slice for binding, evaluation order, control/state footprint, and result flow
3676:
3677:```k
3678:  syntax Exc      ::= "NoExc" | "AssertionError"
3679:```
3680:
3681:### K-0296 — `semantics/core.k:42`
3682:
3683:- Lines: 42–42
3684:- Classification: local syntax/function declaration
3685:- Attributes: none
3686:- Entry slice: yes
3687:- Audit decision: ACCEPT_USED — checked on the entry execution slice for binding, evaluation order, control/state footprint, and result flow
3688:
3689:```k
3690:  syntax RetState ::= "noRet" | retV(Val)
3691:```
3692:
3693:### K-0297 — `semantics/core.k:49`
3694:
3695:- Lines: 49–60
3696:- Classification: configuration
3697:- Attributes: none
3698:- Entry slice: yes
3699:- Audit decision: ACCEPT_USED — checked on the entry execution slice for binding, evaluation order, control/state footprint, and result flow
3700:
3701:```k
3702:  configuration
3703:    <k>       #loadAll($PGM:Module) </k>
3704:    <env>     0 </env>
3705:    <scopes>   0     |-> scope(.Map, parent(-1))
3706:              -1    |-> builtinsScope </scopes>
3707:    <scopeLoc> 1 </scopeLoc>
3708:    <heap>    .Map </heap>
3709:    <heapLoc> 0 </heapLoc>
3710:    <stack>   .List </stack>
3711:    <ret>     noRet </ret>
3712:    <exc>     NoExc </exc>
3713:    <exit-code exit=""> 0 </exit-code>
3714:```
3715:
3716:### K-0298 — `semantics/core.k:68`
3717:
3718:- Lines: 68–68
3719:- Classification: local syntax/function declaration
3720:- Attributes: function, total
3721:- Entry slice: no
3722:- Audit decision: ACCEPT_OUT_OF_SLICE — supplied fixed-semantics declaration/rule; guard/sort/priority reviewed and no match or dependency on this entry claim
3723:
3724:```k
3725:  syntax Bool ::= isRefV(Val) [function, total]
3726:```
3727:
3728:### K-0299 — `semantics/core.k:69`
3729:
3730:- Lines: 69–69
3731:- Classification: function/equational rule
3732:- Attributes: none
3733:- Entry slice: no
3734:- Audit decision: ACCEPT_OUT_OF_SLICE — supplied fixed-semantics declaration/rule; guard/sort/priority reviewed and no match or dependency on this entry claim
3735:
3736:```k
3737:  rule isRefV(ref(_:Int)) => true
3738:```
3739:
3740:### K-0300 — `semantics/core.k:70`
3741:
3742:- Lines: 70–70
3743:- Classification: function/equational rule
3744:- Attributes: owise
3745:- Entry slice: no
3746:- Audit decision: ACCEPT_OUT_OF_SLICE — supplied fixed-semantics declaration/rule; guard/sort/priority reviewed and no match or dependency on this entry claim
3747:
3748:```k
3749:  rule isRefV(_:Val)      => false [owise]
3750:```
3751:
3752:### K-0301 — `semantics/core.k:75`
3753:
3754:- Lines: 75–75
3755:- Classification: local syntax/function declaration
3756:- Attributes: none
3757:- Entry slice: no
3758:- Audit decision: ACCEPT_OUT_OF_SLICE — supplied fixed-semantics declaration/rule; guard/sort/priority reviewed and no match or dependency on this entry claim
3759:
3760:```k
3761:  syntax HeapVal ::= cellV(Val)
3762:```
3763:
3764:### K-0302 — `semantics/core.k:76`
3765:
3766:- Lines: 76–76
3767:- Classification: local syntax/function declaration
3768:- Attributes: function, total
3769:- Entry slice: no
3770:- Audit decision: ACCEPT_OUT_OF_SLICE — supplied fixed-semantics declaration/rule; guard/sort/priority reviewed and no match or dependency on this entry claim
3771:
3772:```k
3773:  syntax Bool ::= isCellRef(Val) [function, total]
3774:```
3775:
3776:### K-0303 — `semantics/core.k:77`
3777:
3778:- Lines: 77–77
3779:- Classification: function/equational rule
3780:- Attributes: none
3781:- Entry slice: no
3782:- Audit decision: ACCEPT_OUT_OF_SLICE — supplied fixed-semantics declaration/rule; guard/sort/priority reviewed and no match or dependency on this entry claim
3783:
3784:```k
3785:  rule isCellRef(cellRef(_:Int)) => true
3786:```
3787:
3788:### K-0304 — `semantics/core.k:78`
3789:
3790:- Lines: 78–78
3791:- Classification: function/equational rule
3792:- Attributes: owise
3793:- Entry slice: no
3794:- Audit decision: ACCEPT_OUT_OF_SLICE — supplied fixed-semantics declaration/rule; guard/sort/priority reviewed and no match or dependency on this entry claim
3795:
3796:```k
3797:  rule isCellRef(_:Val)          => false [owise]
3798:```
3799:
3800:### K-0305 — `semantics/core.k:85`
3801:
3802:- Lines: 85–88
3803:- Classification: ordinary operational semantic rule
3804:- Attributes: none
3805:- Entry slice: no
3806:- Audit decision: ACCEPT_OUT_OF_SLICE — supplied fixed-semantics declaration/rule; guard/sort/priority reviewed and no match or dependency on this entry claim
3807:
3808:```k
3809:  rule <k> cellRef(H:Int) => V ... </k>
3810:       <env> L:Int </env>
3811:       <scopes> ... L |-> scope(M:Map, _) ... </scopes>
3812:       <heap> ... H |-> cellV(V:Val) ... </heap>
3813:```
3814:
3815:### K-0306 — `semantics/core.k:95`
3816:
3817:- Lines: 95–95
3818:- Classification: local syntax/function declaration
3819:- Attributes: none
3820:- Entry slice: no
3821:- Audit decision: ACCEPT_OUT_OF_SLICE — supplied fixed-semantics declaration/rule; guard/sort/priority reviewed and no match or dependency on this entry claim
3822:
3823:```k
3824:  syntax Val ::= kwV(String, Val)
3825:```
3826:
3827:### K-0307 — `semantics/core.k:96`
3828:
3829:- Lines: 96–96
3830:- Classification: local syntax/function declaration
3831:- Attributes: none
3832:- Entry slice: no
3833:- Audit decision: ACCEPT_OUT_OF_SLICE — supplied fixed-semantics declaration/rule; guard/sort/priority reviewed and no match or dependency on this entry claim
3834:
3835:```k
3836:  syntax KItem ::= #kwTag(String)
3837:```
3838:
3839:### K-0308 — `semantics/core.k:97`
3840:
3841:- Lines: 97–97
3842:- Classification: ordinary operational semantic rule
3843:- Attributes: none
3844:- Entry slice: no
3845:- Audit decision: ACCEPT_OUT_OF_SLICE — supplied fixed-semantics declaration/rule; guard/sort/priority reviewed and no match or dependency on this entry claim
3846:
3847:```k
3848:  rule <k> KwArg(N:String, E:Expr) => E ~> #kwTag(N) ... </k>
3849:```
3850:
3851:### K-0309 — `semantics/core.k:98`
3852:
3853:- Lines: 98–98
3854:- Classification: ordinary operational semantic rule
3855:- Attributes: none
3856:- Entry slice: no
3857:- Audit decision: ACCEPT_OUT_OF_SLICE — supplied fixed-semantics declaration/rule; guard/sort/priority reviewed and no match or dependency on this entry claim
3858:
3859:```k
3860:  rule <k> V:Val ~> #kwTag(N:String) => kwV(N, V) ... </k>
3861:```
3862:
3863:### K-0310 — `semantics/core.k:100`
3864:
3865:- Lines: 100–100
3866:- Classification: local syntax/function declaration
3867:- Attributes: function, total
3868:- Entry slice: no
3869:- Audit decision: ACCEPT_OUT_OF_SLICE — supplied fixed-semantics declaration/rule; guard/sort/priority reviewed and no match or dependency on this entry claim
3870:
3871:```k
3872:  syntax Bool ::= isKwV(Val) [function, total]
3873:```
3874:
3875:### K-0311 — `semantics/core.k:101`
3876:
3877:- Lines: 101–101
3878:- Classification: function/equational rule
3879:- Attributes: none
3880:- Entry slice: no
3881:- Audit decision: ACCEPT_OUT_OF_SLICE — supplied fixed-semantics declaration/rule; guard/sort/priority reviewed and no match or dependency on this entry claim
3882:
3883:```k
3884:  rule isKwV(kwV(_:String, _:Val)) => true
3885:```
3886:
3887:### K-0312 — `semantics/core.k:102`
3888:
3889:- Lines: 102–102
3890:- Classification: function/equational rule
3891:- Attributes: owise
3892:- Entry slice: no
3893:- Audit decision: ACCEPT_OUT_OF_SLICE — supplied fixed-semantics declaration/rule; guard/sort/priority reviewed and no match or dependency on this entry claim
3894:
3895:```k
3896:  rule isKwV(_:Val)                => false [owise]
3897:```
3898:
3899:### K-0313 — `semantics/core.k:106`
3900:
3901:- Lines: 106–106
3902:- Classification: local syntax/function declaration
3903:- Attributes: none
3904:- Entry slice: no
3905:- Audit decision: ACCEPT_OUT_OF_SLICE — supplied fixed-semantics declaration/rule; guard/sort/priority reviewed and no match or dependency on this entry claim
3906:
3907:```k
3908:  syntax Val ::= cellsMark(ParamNames)
3909:```
3910:
3911:### K-0314 — `semantics/core.k:107`
3912:
3913:- Lines: 107–107
3914:- Classification: local syntax/function declaration
3915:- Attributes: function
3916:- Entry slice: no
3917:- Audit decision: ACCEPT_OUT_OF_SLICE — supplied fixed-semantics declaration/rule; guard/sort/priority reviewed and no match or dependency on this entry claim
3918:
3919:```k
3920:  syntax ParamNames ::= cellsOf(Val) [function]
3921:```
3922:
3923:### K-0315 — `semantics/core.k:108`
3924:
3925:- Lines: 108–108
3926:- Classification: function/equational rule
3927:- Attributes: none
3928:- Entry slice: no
3929:- Audit decision: ACCEPT_OUT_OF_SLICE — supplied fixed-semantics declaration/rule; guard/sort/priority reviewed and no match or dependency on this entry claim
3930:
3931:```k
3932:  rule cellsOf(cellsMark(CVS:ParamNames)) => CVS
3933:```
3934:
3935:### K-0316 — `semantics/core.k:109`
3936:
3937:- Lines: 109–109
3938:- Classification: local syntax/function declaration
3939:- Attributes: function, total
3940:- Entry slice: no
3941:- Audit decision: ACCEPT_OUT_OF_SLICE — supplied fixed-semantics declaration/rule; guard/sort/priority reviewed and no match or dependency on this entry claim
3942:
3943:```k
3944:  syntax Bool ::= pnMember(String, ParamNames) [function, total]
3945:```
3946:
3947:### K-0317 — `semantics/core.k:110`
3948:
3949:- Lines: 110–110
3950:- Classification: function/equational rule
3951:- Attributes: none
3952:- Entry slice: no
3953:- Audit decision: ACCEPT_OUT_OF_SLICE — supplied fixed-semantics declaration/rule; guard/sort/priority reviewed and no match or dependency on this entry claim
3954:
3955:```k
3956:  rule pnMember(_:String, .ParamNames) => false
3957:```
3958:
3959:### K-0318 — `semantics/core.k:111`
3960:
3961:- Lines: 111–111
3962:- Classification: function/equational rule
3963:- Attributes: none
3964:- Entry slice: no
3965:- Audit decision: ACCEPT_OUT_OF_SLICE — supplied fixed-semantics declaration/rule; guard/sort/priority reviewed and no match or dependency on this entry claim
3966:
3967:```k
3968:  rule pnMember(X:String, (P:String, R:ParamNames)) => X ==String P orBool pnMember(X, R)
3969:```
3970:
3971:### K-0319 — `semantics/core.k:113`
3972:
3973:- Lines: 113–113
3974:- Classification: local syntax/function declaration
3975:- Attributes: none
3976:- Entry slice: no
3977:- Audit decision: ACCEPT_OUT_OF_SLICE — supplied fixed-semantics declaration/rule; guard/sort/priority reviewed and no match or dependency on this entry claim
3978:
3979:```k
3980:  syntax KItem ::= #cellW(Val, Val)
3981:```
3982:
3983:### K-0320 — `semantics/core.k:114`
3984:
3985:- Lines: 114–115
3986:- Classification: ordinary operational semantic rule
3987:- Attributes: none
3988:- Entry slice: no
3989:- Audit decision: ACCEPT_OUT_OF_SLICE — supplied fixed-semantics declaration/rule; guard/sort/priority reviewed and no match or dependency on this entry claim
3990:
3991:```k
3992:  rule <k> #cellW(cellRef(H:Int), V:Val) => .K ... </k>
3993:       <heap> ... H |-> cellV(_:Val => V) ... </heap>
3994:```
3995:
3996:### K-0321 — `semantics/core.k:117`
3997:
3998:- Lines: 117–117
3999:- Classification: local syntax/function declaration
4000:- Attributes: none
4001:- Entry slice: no
4002:- Audit decision: ACCEPT_OUT_OF_SLICE — supplied fixed-semantics declaration/rule; guard/sort/priority reviewed and no match or dependency on this entry claim
4003:
4004:```k
4005:  syntax KItem ::= #alloc(Val)
4006:```
4007:
4008:### K-0322 — `semantics/core.k:118`
4009:
4010:- Lines: 118–120
4011:- Classification: ordinary operational semantic rule
4012:- Attributes: none
4013:- Entry slice: no
4014:- Audit decision: ACCEPT_OUT_OF_SLICE — supplied fixed-semantics declaration/rule; guard/sort/priority reviewed and no match or dependency on this entry claim
4015:
4016:```k
4017:  rule <k> #alloc(V:Val) => ref(N) ... </k>
4018:       <heap>    H:Map => (N |-> V) H </heap>
4019:       <heapLoc> N:Int => N +Int 1 </heapLoc>
4020:```
4021:
4022:### K-0323 — `semantics/core.k:124`
4023:
4024:- Lines: 124–124
4025:- Classification: local syntax/function declaration
4026:- Attributes: none
4027:- Entry slice: yes
4028:- Audit decision: ACCEPT_USED — checked on the entry execution slice for binding, evaluation order, control/state footprint, and result flow
4029:
4030:```k
4031:  syntax KItem ::= #loadAll(Module)
4032:```
4033:
4034:### K-0324 — `semantics/core.k:125`
4035:
4036:- Lines: 125–125
4037:- Classification: ordinary operational semantic rule
4038:- Attributes: none
4039:- Entry slice: yes
4040:- Audit decision: ACCEPT_USED — checked on the entry execution slice for binding, evaluation order, control/state footprint, and result flow
4041:
4042:```k
4043:  rule <k> #loadAll(Module(SS:Stmts)) => SS ... </k>
4044:```
4045:
4046:### K-0325 — `semantics/core.k:126`
4047:
4048:- Lines: 126–126
4049:- Classification: ordinary operational semantic rule
4050:- Attributes: none
4051:- Entry slice: yes
4052:- Audit decision: ACCEPT_USED — checked on the entry execution slice for binding, evaluation order, control/state footprint, and result flow
4053:
4054:```k
4055:  rule <k> (S:Stmt SS:Stmts):Stmts => S ~> SS ... </k>
4056:```
4057:
4058:### K-0326 — `semantics/core.k:127`
4059:
4060:- Lines: 127–127
4061:- Classification: ordinary operational semantic rule
4062:- Attributes: none
4063:- Entry slice: yes
4064:- Audit decision: ACCEPT_USED — checked on the entry execution slice for binding, evaluation order, control/state footprint, and result flow
4065:
4066:```k
4067:  rule <k> .Stmts => .K ... </k>
4068:```
4069:
4070:### K-0327 — `semantics/core.k:130`
4071:
4072:- Lines: 130–130
4073:- Classification: local syntax/function declaration
4074:- Attributes: none
4075:- Entry slice: yes
4076:- Audit decision: ACCEPT_USED — checked on the entry execution slice for binding, evaluation order, control/state footprint, and result flow
4077:
4078:```k
4079:  syntax KItem ::= #look(String, Int)
4080:```
4081:
4082:### K-0328 — `semantics/core.k:131`
4083:
4084:- Lines: 131–131
4085:- Classification: ordinary operational semantic rule
4086:- Attributes: none
4087:- Entry slice: yes
4088:- Audit decision: ACCEPT_USED — checked on the entry execution slice for binding, evaluation order, control/state footprint, and result flow
4089:
4090:```k
4091:  rule <k> Name(X:String) => #look(X, L) ... </k> <env> L:Int </env>
4092:```
4093:
4094:### K-0329 — `semantics/core.k:132`
4095:
4096:- Lines: 132–133
4097:- Classification: ordinary operational semantic rule
4098:- Attributes: none
4099:- Entry slice: yes
4100:- Audit decision: ACCEPT_USED — checked on the entry execution slice for binding, evaluation order, control/state footprint, and result flow
4101:
4102:```k
4103:  rule <k> #look(X:String, L:Int) => {M[X]}:>Val ... </k>
4104:       <scopes> ... L |-> scope(M:Map, _:Parent) ... </scopes>
4105:```
4106:
4107:### K-0330 — `semantics/core.k:145`
4108:
4109:- Lines: 145–147
4110:- Classification: ordinary operational semantic rule
4111:- Attributes: none
4112:- Entry slice: no
4113:- Audit decision: ACCEPT_OUT_OF_SLICE — supplied fixed-semantics declaration/rule; guard/sort/priority reviewed and no match or dependency on this entry claim
4114:
4115:```k
4116:  rule <k> #look(X:String, L:Int) => V ... </k>
4117:       <scopes> ... L |-> scope(M:Map, _:Parent) ... </scopes>
4118:       <heap> ... H |-> cellV(V:Val) ... </heap>
4119:```
4120:
4121:### K-0331 — `semantics/core.k:152`
4122:
4123:- Lines: 152–153
4124:- Classification: ordinary operational semantic rule
4125:- Attributes: none
4126:- Entry slice: no
4127:- Audit decision: ACCEPT_OUT_OF_SLICE — supplied fixed-semantics declaration/rule; guard/sort/priority reviewed and no match or dependency on this entry claim
4128:
4129:```k
4130:  rule <k> #look(X:String, L:Int) => #look(X, P) ... </k>
4131:       <scopes> ... L |-> scope(M:Map, parent(P:Int)) ... </scopes>
4132:```
4133:
4134:### K-0332 — `semantics/core.k:157`
4135:
4136:- Lines: 157–157
4137:- Classification: local syntax/function declaration
4138:- Attributes: function, total
4139:- Entry slice: yes
4140:- Audit decision: ACCEPT_USED — checked on the entry execution slice for binding, evaluation order, control/state footprint, and result flow
4141:
4142:```k
4143:  syntax Scope ::= "builtinsScope" [function, total]
4144:```
4145:
4146:### K-0333 — `semantics/core.k:158`
4147:
4148:- Lines: 158–181
4149:- Classification: function/equational rule
4150:- Attributes: none
4151:- Entry slice: yes
4152:- Audit decision: ACCEPT_USED — checked on the entry execution slice for binding, evaluation order, control/state footprint, and result flow
4153:
4154:```k
4155:  rule builtinsScope
4156:    => scope(.Map [ "len"    <- builtinV("len")    ]
4157:                  [ "set"    <- builtinV("set")    ]
4158:                  [ "sum"    <- builtinV("sum")    ]
4159:                  [ "abs"    <- builtinV("abs")    ]
4160:                  [ "min"    <- builtinV("min")    ]
4161:                  [ "max"    <- builtinV("max")    ]
4162:                  [ "ord"    <- builtinV("ord")    ]
4163:                  [ "chr"    <- builtinV("chr")    ]
4164:                  [ "range"  <- builtinV("range")  ]
4165:                  [ "all"    <- builtinV("all")    ]
4166:                  [ "any"    <- builtinV("any")    ]
4167:                  [ "zip"    <- builtinV("zip")    ]
4168:                  [ "isinstance" <- builtinV("isinstance") ]
4169:                  [ "sorted" <- builtinV("sorted") ]
4170:                  [ "list"   <- builtinV("list")   ]
4171:                  [ "round"  <- builtinV("round")  ]
4172:                  [ "bin"    <- builtinV("bin")    ]
4173:                  [ "enumerate" <- builtinV("enumerate") ]
4174:                  [ "map"    <- builtinV("map")    ]
4175:                  [ "eval"   <- builtinV("eval")   ]
4176:                  [ "int"    <- typeV("int")       ]
4177:                  [ "str"    <- typeV("str")       ]
4178:                  [ "float"  <- typeV("float")     ], root)
4179:```
4180:
4181:### K-0334 — `semantics/core.k:185`
4182:
4183:- Lines: 185–185
4184:- Classification: local syntax/function declaration
4185:- Attributes: none
4186:- Entry slice: yes
4187:- Audit decision: ACCEPT_USED — checked on the entry execution slice for binding, evaluation order, control/state footprint, and result flow
4188:
4189:```k
4190:  syntax ApplyK ::= toCall(Val)
4191:```
4192:
4193:### K-0335 — `semantics/core.k:186`
4194:
4195:- Lines: 186–188
4196:- Classification: local syntax/function declaration
4197:- Attributes: none
4198:- Entry slice: yes
4199:- Audit decision: ACCEPT_USED — checked on the entry execution slice for binding, evaluation order, control/state footprint, and result flow
4200:
4201:```k
4202:  syntax KItem  ::= #evalArgs(Exprs, Vals, ApplyK)
4203:                  | #evalArgCont(Exprs, Vals, ApplyK)
4204:                  | #applyK(ApplyK, Vals)
4205:```
4206:
4207:### K-0336 — `semantics/core.k:189`
4208:
4209:- Lines: 189–189
4210:- Classification: ordinary operational semantic rule
4211:- Attributes: none
4212:- Entry slice: yes
4213:- Audit decision: ACCEPT_USED — checked on the entry execution slice for binding, evaluation order, control/state footprint, and result flow
4214:
4215:```k
4216:  rule <k> #evalArgs((A:Expr, REST:Exprs), ACC:Vals, K:ApplyK) => A ~> #evalArgCont(REST, ACC, K) ... </k>
4217:```
4218:
4219:### K-0337 — `semantics/core.k:190`
4220:
4221:- Lines: 190–190
4222:- Classification: ordinary operational semantic rule
4223:- Attributes: none
4224:- Entry slice: yes
4225:- Audit decision: ACCEPT_USED — checked on the entry execution slice for binding, evaluation order, control/state footprint, and result flow
4226:
4227:```k
4228:  rule <k> V:Val ~> #evalArgCont(REST:Exprs, ACC:Vals, K:ApplyK) => #evalArgs(REST, appendVal(ACC, V), K) ... </k>
4229:```
4230:
4231:### K-0338 — `semantics/core.k:191`
4232:
4233:- Lines: 191–191
4234:- Classification: ordinary operational semantic rule
4235:- Attributes: none
4236:- Entry slice: yes
4237:- Audit decision: ACCEPT_USED — checked on the entry execution slice for binding, evaluation order, control/state footprint, and result flow
4238:
4239:```k
4240:  rule <k> #evalArgs(.Exprs, ACC:Vals, K:ApplyK) => #applyK(K, ACC) ... </k>
4241:```
4242:
4243:### K-0339 — `semantics/core.k:194`
4244:
4245:- Lines: 194–194
4246:- Classification: ordinary operational semantic rule
4247:- Attributes: none
4248:- Entry slice: no
4249:- Audit decision: ACCEPT_OUT_OF_SLICE — supplied fixed-semantics declaration/rule; guard/sort/priority reviewed and no match or dependency on this entry claim
4250:
4251:```k
4252:  rule <k> Int(I:Int)   => I ... </k>
4253:```
4254:
4255:### K-0340 — `semantics/core.k:195`
4256:
4257:- Lines: 195–195
4258:- Classification: ordinary operational semantic rule
4259:- Attributes: none
4260:- Entry slice: no
4261:- Audit decision: ACCEPT_OUT_OF_SLICE — supplied fixed-semantics declaration/rule; guard/sort/priority reviewed and no match or dependency on this entry claim
4262:
4263:```k
4264:  rule <k> Bool(B:Bool) => B ... </k>
4265:```
4266:
4267:### K-0341 — `semantics/core.k:196`
4268:
4269:- Lines: 196–196
4270:- Classification: ordinary operational semantic rule
4271:- Attributes: none
4272:- Entry slice: no
4273:- Audit decision: ACCEPT_OUT_OF_SLICE — supplied fixed-semantics declaration/rule; guard/sort/priority reviewed and no match or dependency on this entry claim
4274:
4275:```k
4276:  rule <k> NoneVal      => noneV ... </k>
4277:```
4278:
4279:### K-0342 — `semantics/core.k:199`
4280:
4281:- Lines: 199–199
4282:- Classification: local syntax/function declaration
4283:- Attributes: function
4284:- Entry slice: no
4285:- Audit decision: ACCEPT_OUT_OF_SLICE — supplied fixed-semantics declaration/rule; guard/sort/priority reviewed and no match or dependency on this entry claim
4286:
4287:```k
4288:  syntax Bool ::= truthy(Val) [function]
4289:```
4290:
4291:### K-0343 — `semantics/core.k:200`
4292:
4293:- Lines: 200–200
4294:- Classification: function/equational rule
4295:- Attributes: none
4296:- Entry slice: no
4297:- Audit decision: ACCEPT_OUT_OF_SLICE — supplied fixed-semantics declaration/rule; guard/sort/priority reviewed and no match or dependency on this entry claim
4298:
4299:```k
4300:  rule truthy(B:Bool)          => B
4301:```
4302:
4303:### K-0344 — `semantics/core.k:201`
4304:
4305:- Lines: 201–201
4306:- Classification: function/equational rule
4307:- Attributes: none
4308:- Entry slice: no
4309:- Audit decision: ACCEPT_OUT_OF_SLICE — supplied fixed-semantics declaration/rule; guard/sort/priority reviewed and no match or dependency on this entry claim
4310:
4311:```k
4312:  rule truthy(noneV)           => false
4313:```
4314:
4315:### K-0345 — `semantics/core.k:202`
4316:
4317:- Lines: 202–202
4318:- Classification: function/equational rule
4319:- Attributes: none
4320:- Entry slice: no
4321:- Audit decision: ACCEPT_OUT_OF_SLICE — supplied fixed-semantics declaration/rule; guard/sort/priority reviewed and no match or dependency on this entry claim
4322:
4323:```k
4324:  rule truthy(I:Int)           => I =/=Int 0
4325:```
4326:
4327:### K-0346 — `semantics/core.k:203`
4328:
4329:- Lines: 203–203
4330:- Classification: function/equational rule
4331:- Attributes: none
4332:- Entry slice: no
4333:- Audit decision: ACCEPT_OUT_OF_SLICE — supplied fixed-semantics declaration/rule; guard/sort/priority reviewed and no match or dependency on this entry claim
4334:
4335:```k
4336:  rule truthy(str(S:IntSeq))   => notBool (S ==K .IntSeq)
4337:```
4338:
4339:### K-0347 — `semantics/core.k:204`
4340:
4341:- Lines: 204–204
4342:- Classification: function/equational rule
4343:- Attributes: none
4344:- Entry slice: no
4345:- Audit decision: ACCEPT_OUT_OF_SLICE — supplied fixed-semantics declaration/rule; guard/sort/priority reviewed and no match or dependency on this entry claim
4346:
4347:```k
4348:  rule truthy(list(V:ValSeq))  => notBool (V ==K .ValSeq)
4349:```
4350:
4351:### K-0348 — `semantics/core.k:205`
4352:
4353:- Lines: 205–205
4354:- Classification: function/equational rule
4355:- Attributes: none
4356:- Entry slice: no
4357:- Audit decision: ACCEPT_OUT_OF_SLICE — supplied fixed-semantics declaration/rule; guard/sort/priority reviewed and no match or dependency on this entry claim
4358:
4359:```k
4360:  rule truthy(tuple(V:ValSeq)) => notBool (V ==K .ValSeq)
4361:```
4362:
4363:### K-0349 — `semantics/core.k:208`
4364:
4365:- Lines: 208–208
4366:- Classification: local syntax/function declaration
4367:- Attributes: function
4368:- Entry slice: no
4369:- Audit decision: ACCEPT_OUT_OF_SLICE — supplied fixed-semantics declaration/rule; guard/sort/priority reviewed and no match or dependency on this entry claim
4370:
4371:```k
4372:  syntax Val  ::= applyUn(String, Val) [function]
4373:```
4374:
4375:### K-0350 — `semantics/core.k:209`
4376:
4377:- Lines: 209–209
4378:- Classification: local syntax/function declaration
4379:- Attributes: function
4380:- Entry slice: no
4381:- Audit decision: ACCEPT_OUT_OF_SLICE — supplied fixed-semantics declaration/rule; guard/sort/priority reviewed and no match or dependency on this entry claim
4382:
4383:```k
4384:  syntax Val  ::= applyBin(String, Val, Val) [function]
4385:```
4386:
4387:### K-0351 — `semantics/core.k:210`
4388:
4389:- Lines: 210–210
4390:- Classification: local syntax/function declaration
4391:- Attributes: function
4392:- Entry slice: no
4393:- Audit decision: ACCEPT_OUT_OF_SLICE — supplied fixed-semantics declaration/rule; guard/sort/priority reviewed and no match or dependency on this entry claim
4394:
4395:```k
4396:  syntax Bool ::= applyCmp(String, Val, Val) [function]
4397:```
4398:
4399:### K-0352 — `semantics/core.k:213`
4400:
4401:- Lines: 213–213
4402:- Classification: local syntax/function declaration
4403:- Attributes: function, total
4404:- Entry slice: no
4405:- Audit decision: ACCEPT_OUT_OF_SLICE — supplied fixed-semantics declaration/rule; guard/sort/priority reviewed and no match or dependency on this entry claim
4406:
4407:```k
4408:  syntax Vals ::= appendVal(Vals, Val) [function, total]
4409:```
4410:
4411:### K-0353 — `semantics/core.k:214`
4412:
4413:- Lines: 214–214
4414:- Classification: function/equational rule
4415:- Attributes: none
4416:- Entry slice: no
4417:- Audit decision: ACCEPT_OUT_OF_SLICE — supplied fixed-semantics declaration/rule; guard/sort/priority reviewed and no match or dependency on this entry claim
4418:
4419:```k
4420:  rule appendVal(.Vals, V:Val)              => V , .Vals
4421:```
4422:
4423:### K-0354 — `semantics/core.k:215`
4424:
4425:- Lines: 215–215
4426:- Classification: function/equational rule
4427:- Attributes: none
4428:- Entry slice: no
4429:- Audit decision: ACCEPT_OUT_OF_SLICE — supplied fixed-semantics declaration/rule; guard/sort/priority reviewed and no match or dependency on this entry claim
4430:
4431:```k
4432:  rule appendVal((V0:Val, VS:Vals), V:Val)  => V0 , appendVal(VS, V)
4433:```
4434:
4435:### K-0355 — `semantics/core.k:217`
4436:
4437:- Lines: 217–217
4438:- Classification: local syntax/function declaration
4439:- Attributes: function, total
4440:- Entry slice: no
4441:- Audit decision: ACCEPT_OUT_OF_SLICE — supplied fixed-semantics declaration/rule; guard/sort/priority reviewed and no match or dependency on this entry claim
4442:
4443:```k
4444:  syntax ValSeq ::= vals2valSeq(Vals) [function, total]
4445:```
4446:
4447:### K-0356 — `semantics/core.k:218`
4448:
4449:- Lines: 218–218
4450:- Classification: function/equational rule
4451:- Attributes: none
4452:- Entry slice: no
4453:- Audit decision: ACCEPT_OUT_OF_SLICE — supplied fixed-semantics declaration/rule; guard/sort/priority reviewed and no match or dependency on this entry claim
4454:
4455:```k
4456:  rule vals2valSeq(.Vals)            => .ValSeq
4457:```
4458:
4459:### K-0357 — `semantics/core.k:219`
4460:
4461:- Lines: 219–219
4462:- Classification: function/equational rule
4463:- Attributes: none
4464:- Entry slice: no
4465:- Audit decision: ACCEPT_OUT_OF_SLICE — supplied fixed-semantics declaration/rule; guard/sort/priority reviewed and no match or dependency on this entry claim
4466:
4467:```k
4468:  rule vals2valSeq((V:Val, VS:Vals)) => vCons(V, vals2valSeq(VS))
4469:```
4470:
4471:### K-0358 — `semantics/core.k:223`
4472:
4473:- Lines: 223–223
4474:- Classification: local syntax/function declaration
4475:- Attributes: function, total
4476:- Entry slice: no
4477:- Audit decision: ACCEPT_OUT_OF_SLICE — supplied fixed-semantics declaration/rule; guard/sort/priority reviewed and no match or dependency on this entry claim
4478:
4479:```k
4480:  syntax Int ::= vsLen(ValSeq) [function, total]
4481:```
4482:
4483:### K-0359 — `semantics/core.k:224`
4484:
4485:- Lines: 224–224
4486:- Classification: function/equational rule
4487:- Attributes: none
4488:- Entry slice: no
4489:- Audit decision: ACCEPT_OUT_OF_SLICE — supplied fixed-semantics declaration/rule; guard/sort/priority reviewed and no match or dependency on this entry claim
4490:
4491:```k
4492:  rule vsLen(.ValSeq)                => 0
4493:```
4494:
4495:### K-0360 — `semantics/core.k:225`
4496:
4497:- Lines: 225–225
4498:- Classification: function/equational rule
4499:- Attributes: none
4500:- Entry slice: no
4501:- Audit decision: ACCEPT_OUT_OF_SLICE — supplied fixed-semantics declaration/rule; guard/sort/priority reviewed and no match or dependency on this entry claim
4502:
4503:```k
4504:  rule vsLen(vCons(_:Val, S:ValSeq)) => 1 +Int vsLen(S)
4505:```
4506:
4507:### K-0361 — `semantics/core.k:227`
4508:
4509:- Lines: 227–227
4510:- Classification: local syntax/function declaration
4511:- Attributes: function, total
4512:- Entry slice: no
4513:- Audit decision: ACCEPT_OUT_OF_SLICE — supplied fixed-semantics declaration/rule; guard/sort/priority reviewed and no match or dependency on this entry claim
4514:
4515:```k
4516:  syntax Int ::= isLen(IntSeq) [function, total]
4517:```
4518:
4519:### K-0362 — `semantics/core.k:228`
4520:
4521:- Lines: 228–228
4522:- Classification: function/equational rule
4523:- Attributes: none
4524:- Entry slice: no
4525:- Audit decision: ACCEPT_OUT_OF_SLICE — supplied fixed-semantics declaration/rule; guard/sort/priority reviewed and no match or dependency on this entry claim
4526:
4527:```k
4528:  rule isLen(.IntSeq)                => 0
4529:```
4530:
4531:### K-0363 — `semantics/core.k:229`
4532:
4533:- Lines: 229–229
4534:- Classification: function/equational rule
4535:- Attributes: none
4536:- Entry slice: no
4537:- Audit decision: ACCEPT_OUT_OF_SLICE — supplied fixed-semantics declaration/rule; guard/sort/priority reviewed and no match or dependency on this entry claim
4538:
4539:```k
4540:  rule isLen(iCons(_:Int, S:IntSeq)) => 1 +Int isLen(S)
4541:```
4542:
4543:### K-0364 — `semantics/core.k:233`
4544:
4545:- Lines: 233–233
4546:- Classification: local syntax/function declaration
4547:- Attributes: function, total
4548:- Entry slice: no
4549:- Audit decision: ACCEPT_OUT_OF_SLICE — supplied fixed-semantics declaration/rule; guard/sort/priority reviewed and no match or dependency on this entry claim
4550:
4551:```k
4552:  syntax ValSeq ::= setVSAt(ValSeq, Int, Val) [function, total]
4553:```
4554:
4555:### K-0365 — `semantics/core.k:234`
4556:
4557:- Lines: 234–234
4558:- Classification: function/equational rule
4559:- Attributes: none
4560:- Entry slice: no
4561:- Audit decision: ACCEPT_OUT_OF_SLICE — supplied fixed-semantics declaration/rule; guard/sort/priority reviewed and no match or dependency on this entry claim
4562:
4563:```k
4564:  rule setVSAt(.ValSeq, _:Int, _:Val)               => .ValSeq
4565:```
4566:
4567:### K-0366 — `semantics/core.k:235`
4568:
4569:- Lines: 235–235
4570:- Classification: function/equational rule
4571:- Attributes: none
4572:- Entry slice: no
4573:- Audit decision: ACCEPT_OUT_OF_SLICE — supplied fixed-semantics declaration/rule; guard/sort/priority reviewed and no match or dependency on this entry claim
4574:
4575:```k
4576:  rule setVSAt(vCons(_:Val, S:ValSeq), 0, V:Val)    => vCons(V, S)
4577:```
4578:
4579:### K-0367 — `semantics/core.k:236`
4580:
4581:- Lines: 236–236
4582:- Classification: function/equational rule
4583:- Attributes: none
4584:- Entry slice: no
4585:- Audit decision: ACCEPT_OUT_OF_SLICE — supplied fixed-semantics declaration/rule; guard/sort/priority reviewed and no match or dependency on this entry claim
4586:
4587:```k
4588:  rule setVSAt(vCons(W:Val, S:ValSeq), I:Int, V:Val) => vCons(W, setVSAt(S, I -Int 1, V))
4589:```
4590:
4591:### K-0368 — `semantics/core.k:238`
4592:
4593:- Lines: 238–238
4594:- Classification: function/equational rule
4595:- Attributes: none
4596:- Entry slice: no
4597:- Audit decision: ACCEPT_OUT_OF_SLICE — supplied fixed-semantics declaration/rule; guard/sort/priority reviewed and no match or dependency on this entry claim
4598:
4599:```k
4600:  rule setVSAt(VS:ValSeq, I:Int, _:Val)             => VS
4601:```
4602:
4603:### K-0369 — `semantics/dict.k:20`
4604:
4605:- Lines: 20–20
4606:- Classification: local syntax/function declaration
4607:- Attributes: none
4608:- Entry slice: no
4609:- Audit decision: ACCEPT_OUT_OF_SLICE — supplied fixed-semantics declaration/rule; guard/sort/priority reviewed and no match or dependency on this entry claim
4610:
4611:```k
4612:  syntax Val ::= dictV(ValSeq, ValSeq)
4613:```
4614:
4615:### K-0370 — `semantics/dict.k:23`
4616:
4617:- Lines: 23–25
4618:- Classification: local syntax/function declaration
4619:- Attributes: none
4620:- Entry slice: no
4621:- Audit decision: ACCEPT_OUT_OF_SLICE — supplied fixed-semantics declaration/rule; guard/sort/priority reviewed and no match or dependency on this entry claim
4622:
4623:```k
4624:  syntax KItem ::= #dictAcc(Entries, ValSeq, ValSeq)
4625:                 | #dictKey(Expr, Entries, ValSeq, ValSeq)
4626:                 | #dictVal(Val, Entries, ValSeq, ValSeq)
4627:```
4628:
4629:### K-0371 — `semantics/dict.k:26`
4630:
4631:- Lines: 26–26
4632:- Classification: ordinary operational semantic rule
4633:- Attributes: none
4634:- Entry slice: no
4635:- Audit decision: ACCEPT_OUT_OF_SLICE — supplied fixed-semantics declaration/rule; guard/sort/priority reviewed and no match or dependency on this entry claim
4636:
4637:```k
4638:  rule <k> DictExpr(ES:Entries) => #dictAcc(ES, .ValSeq, .ValSeq) ... </k>
4639:```
4640:
4641:### K-0372 — `semantics/dict.k:27`
4642:
4643:- Lines: 27–27
4644:- Classification: ordinary operational semantic rule
4645:- Attributes: none
4646:- Entry slice: no
4647:- Audit decision: ACCEPT_OUT_OF_SLICE — supplied fixed-semantics declaration/rule; guard/sort/priority reviewed and no match or dependency on this entry claim
4648:
4649:```k
4650:  rule <k> #dictAcc(.Entries, KS:ValSeq, VS:ValSeq) => dictV(KS, VS) ... </k>
4651:```
4652:
4653:### K-0373 — `semantics/dict.k:28`
4654:
4655:- Lines: 28–29
4656:- Classification: ordinary operational semantic rule
4657:- Attributes: none
4658:- Entry slice: no
4659:- Audit decision: ACCEPT_OUT_OF_SLICE — supplied fixed-semantics declaration/rule; guard/sort/priority reviewed and no match or dependency on this entry claim
4660:
4661:```k
4662:  rule <k> #dictAcc((Entry(K:Expr, V:Expr), REST:Entries), KS:ValSeq, VS:ValSeq)
4663:        => K ~> #dictKey(V, REST, KS, VS) ... </k>
4664:```
4665:
4666:### K-0374 — `semantics/dict.k:30`
4667:
4668:- Lines: 30–31
4669:- Classification: ordinary operational semantic rule
4670:- Attributes: none
4671:- Entry slice: no
4672:- Audit decision: ACCEPT_OUT_OF_SLICE — supplied fixed-semantics declaration/rule; guard/sort/priority reviewed and no match or dependency on this entry claim
4673:
4674:```k
4675:  rule <k> KV:Val ~> #dictKey(V:Expr, REST:Entries, KS:ValSeq, VS:ValSeq)
4676:        => V ~> #dictVal(KV, REST, KS, VS) ... </k>
4677:```
4678:
4679:### K-0375 — `semantics/dict.k:32`
4680:
4681:- Lines: 32–33
4682:- Classification: ordinary operational semantic rule
4683:- Attributes: none
4684:- Entry slice: no
4685:- Audit decision: ACCEPT_OUT_OF_SLICE — supplied fixed-semantics declaration/rule; guard/sort/priority reviewed and no match or dependency on this entry claim
4686:
4687:```k
4688:  rule <k> VV:Val ~> #dictVal(KV:Val, REST:Entries, KS:ValSeq, VS:ValSeq)
4689:        => #dictAcc(REST, dPutK(KS, KV), dPutV(KS, VS, KV, VV)) ... </k>
4690:```
4691:
4692:### K-0376 — `semantics/dict.k:37`
4693:
4694:- Lines: 37–37
4695:- Classification: local syntax/function declaration
4696:- Attributes: function, total
4697:- Entry slice: no
4698:- Audit decision: ACCEPT_OUT_OF_SLICE — supplied fixed-semantics declaration/rule; guard/sort/priority reviewed and no match or dependency on this entry claim
4699:
4700:```k
4701:  syntax Bool ::= dHasKey(ValSeq, Val) [function, total]
4702:```
4703:
4704:### K-0377 — `semantics/dict.k:38`
4705:
4706:- Lines: 38–38
4707:- Classification: function/equational rule
4708:- Attributes: none
4709:- Entry slice: no
4710:- Audit decision: ACCEPT_OUT_OF_SLICE — supplied fixed-semantics declaration/rule; guard/sort/priority reviewed and no match or dependency on this entry claim
4711:
4712:```k
4713:  rule dHasKey(.ValSeq, _:Val)                => false
4714:```
4715:
4716:### K-0378 — `semantics/dict.k:39`
4717:
4718:- Lines: 39–39
4719:- Classification: function/equational rule
4720:- Attributes: none
4721:- Entry slice: no
4722:- Audit decision: ACCEPT_OUT_OF_SLICE — supplied fixed-semantics declaration/rule; guard/sort/priority reviewed and no match or dependency on this entry claim
4723:
4724:```k
4725:  rule dHasKey(vCons(A:Val, _:ValSeq), K:Val) => true          requires A ==K K
4726:```
4727:
4728:### K-0379 — `semantics/dict.k:40`
4729:
4730:- Lines: 40–40
4731:- Classification: function/equational rule
4732:- Attributes: none
4733:- Entry slice: no
4734:- Audit decision: ACCEPT_OUT_OF_SLICE — supplied fixed-semantics declaration/rule; guard/sort/priority reviewed and no match or dependency on this entry claim
4735:
4736:```k
4737:  rule dHasKey(vCons(A:Val, R:ValSeq), K:Val) => dHasKey(R, K) requires notBool (A ==K K)
4738:```
4739:
4740:### K-0380 — `semantics/dict.k:43`
4741:
4742:- Lines: 43–43
4743:- Classification: local syntax/function declaration
4744:- Attributes: function, total
4745:- Entry slice: no
4746:- Audit decision: ACCEPT_OUT_OF_SLICE — supplied fixed-semantics declaration/rule; guard/sort/priority reviewed and no match or dependency on this entry claim
4747:
4748:```k
4749:  syntax ValSeq ::= dPutK(ValSeq, Val) [function, total]
4750:```
4751:
4752:### K-0381 — `semantics/dict.k:44`
4753:
4754:- Lines: 44–44
4755:- Classification: function/equational rule
4756:- Attributes: none
4757:- Entry slice: no
4758:- Audit decision: ACCEPT_OUT_OF_SLICE — supplied fixed-semantics declaration/rule; guard/sort/priority reviewed and no match or dependency on this entry claim
4759:
4760:```k
4761:  rule dPutK(KS:ValSeq, K:Val) => KS                                  requires dHasKey(KS, K)
4762:```
4763:
4764:### K-0382 — `semantics/dict.k:45`
4765:
4766:- Lines: 45–45
4767:- Classification: function/equational rule
4768:- Attributes: none
4769:- Entry slice: no
4770:- Audit decision: ACCEPT_OUT_OF_SLICE — supplied fixed-semantics declaration/rule; guard/sort/priority reviewed and no match or dependency on this entry claim
4771:
4772:```k
4773:  rule dPutK(KS:ValSeq, K:Val) => valSeqConcat(KS, vCons(K, .ValSeq)) requires notBool dHasKey(KS, K)
4774:```
4775:
4776:### K-0383 — `semantics/dict.k:49`
4777:
4778:- Lines: 49–49
4779:- Classification: local syntax/function declaration
4780:- Attributes: function, total
4781:- Entry slice: no
4782:- Audit decision: ACCEPT_OUT_OF_SLICE — supplied fixed-semantics declaration/rule; guard/sort/priority reviewed and no match or dependency on this entry claim
4783:
4784:```k
4785:  syntax ValSeq ::= dPutV(ValSeq, ValSeq, Val, Val) [function, total]
4786:```
4787:
4788:### K-0384 — `semantics/dict.k:50`
4789:
4790:- Lines: 50–50
4791:- Classification: function/equational rule
4792:- Attributes: none
4793:- Entry slice: no
4794:- Audit decision: ACCEPT_OUT_OF_SLICE — supplied fixed-semantics declaration/rule; guard/sort/priority reviewed and no match or dependency on this entry claim
4795:
4796:```k
4797:  rule dPutV(vCons(A:Val, _:ValSeq), vCons(_:Val, VR:ValSeq), K:Val, V:Val)  => vCons(V, VR)
4798:```
4799:
4800:### K-0385 — `semantics/dict.k:52`
4801:
4802:- Lines: 52–52
4803:- Classification: function/equational rule
4804:- Attributes: none
4805:- Entry slice: no
4806:- Audit decision: ACCEPT_OUT_OF_SLICE — supplied fixed-semantics declaration/rule; guard/sort/priority reviewed and no match or dependency on this entry claim
4807:
4808:```k
4809:  rule dPutV(vCons(A:Val, KR:ValSeq), vCons(B:Val, VR:ValSeq), K:Val, V:Val) => vCons(B, dPutV(KR, VR, K, V))
4810:```
4811:
4812:### K-0386 — `semantics/dict.k:54`
4813:
4814:- Lines: 54–54
4815:- Classification: function/equational rule
4816:- Attributes: owise
4817:- Entry slice: no
4818:- Audit decision: ACCEPT_OUT_OF_SLICE — supplied fixed-semantics declaration/rule; guard/sort/priority reviewed and no match or dependency on this entry claim
4819:
4820:```k
4821:  rule dPutV(_KS:ValSeq, VS:ValSeq, _K:Val, V:Val) => valSeqConcat(VS, vCons(V, .ValSeq)) [owise]
4822:```
4823:
4824:### K-0387 — `semantics/dict.k:58`
4825:
4826:- Lines: 58–60
4827:- Classification: ordinary operational semantic rule; priority rule
4828:- Attributes: priority
4829:- Entry slice: no
4830:- Audit decision: ACCEPT_OUT_OF_SLICE — supplied fixed-semantics declaration/rule; guard/sort/priority reviewed and no match or dependency on this entry claim
4831:
4832:```k
4833:  rule <k> #applyK(toCall(boundMethodV(dictV(KS:ValSeq, _:ValSeq), "keys")), .Vals)
4834:        => #alloc(list(KS)) ... </k>
4835:       [priority(40)]
4836:```
4837:
4838:### K-0388 — `semantics/dict.k:63`
4839:
4840:- Lines: 63–63
4841:- Classification: function/equational rule
4842:- Attributes: none
4843:- Entry slice: no
4844:- Audit decision: ACCEPT_OUT_OF_SLICE — supplied fixed-semantics declaration/rule; guard/sort/priority reviewed and no match or dependency on this entry claim
4845:
4846:```k
4847:  rule applyIndexD(dictV(KS:ValSeq, VS:ValSeq), K:Val) => dGet(KS, VS, K)
4848:```
4849:
4850:### K-0389 — `semantics/dict.k:64`
4851:
4852:- Lines: 64–64
4853:- Classification: local syntax/function declaration
4854:- Attributes: function
4855:- Entry slice: no
4856:- Audit decision: ACCEPT_OUT_OF_SLICE — supplied fixed-semantics declaration/rule; guard/sort/priority reviewed and no match or dependency on this entry claim
4857:
4858:```k
4859:  syntax Val ::= applyIndexD(Val, Val) [function]
4860:```
4861:
4862:### K-0390 — `semantics/dict.k:65`
4863:
4864:- Lines: 65–66
4865:- Classification: ordinary operational semantic rule; priority rule
4866:- Attributes: priority
4867:- Entry slice: no
4868:- Audit decision: ACCEPT_OUT_OF_SLICE — supplied fixed-semantics declaration/rule; guard/sort/priority reviewed and no match or dependency on this entry claim
4869:
4870:```k
4871:  rule <k> Subscript(dictV(KS:ValSeq, VS:ValSeq), K:Val) => applyIndexD(dictV(KS, VS), K) ... </k>
4872:       [priority(45)]
4873:```
4874:
4875:### K-0391 — `semantics/dict.k:70`
4876:
4877:- Lines: 70–70
4878:- Classification: local syntax/function declaration
4879:- Attributes: function
4880:- Entry slice: no
4881:- Audit decision: ACCEPT_OUT_OF_SLICE — supplied fixed-semantics declaration/rule; guard/sort/priority reviewed and no match or dependency on this entry claim
4882:
4883:```k
4884:  syntax Val ::= dictSet(Val, Val, Val) [function]
4885:```
4886:
4887:### K-0392 — `semantics/dict.k:71`
4888:
4889:- Lines: 71–71
4890:- Classification: function/equational rule
4891:- Attributes: none
4892:- Entry slice: no
4893:- Audit decision: ACCEPT_OUT_OF_SLICE — supplied fixed-semantics declaration/rule; guard/sort/priority reviewed and no match or dependency on this entry claim
4894:
4895:```k
4896:  rule dictSet(dictV(KS:ValSeq, VS:ValSeq), K:Val, V:Val) => dictV(dPutK(KS, K), dPutV(KS, VS, K, V))
4897:```
4898:
4899:### K-0393 — `semantics/dict.k:76`
4900:
4901:- Lines: 76–76
4902:- Classification: local syntax/function declaration
4903:- Attributes: none
4904:- Entry slice: no
4905:- Audit decision: ACCEPT_OUT_OF_SLICE — supplied fixed-semantics declaration/rule; guard/sort/priority reviewed and no match or dependency on this entry claim
4906:
4907:```k
4908:  syntax KItem ::= #dsetK(String, Val)
4909:```
4910:
4911:### K-0394 — `semantics/dict.k:77`
4912:
4913:- Lines: 77–77
4914:- Classification: ordinary operational semantic rule
4915:- Attributes: none
4916:- Entry slice: no
4917:- Audit decision: ACCEPT_OUT_OF_SLICE — supplied fixed-semantics declaration/rule; guard/sort/priority reviewed and no match or dependency on this entry claim
4918:
4919:```k
4920:  rule <k> Assign(Subscript(Name(X:String), K:Expr), VV:Val) => K ~> #dsetK(X, VV) ... </k>
4921:```
4922:
4923:### K-0395 — `semantics/dict.k:78`
4924:
4925:- Lines: 78–80
4926:- Classification: ordinary operational semantic rule
4927:- Attributes: none
4928:- Entry slice: no
4929:- Audit decision: ACCEPT_OUT_OF_SLICE — supplied fixed-semantics declaration/rule; guard/sort/priority reviewed and no match or dependency on this entry claim
4930:
4931:```k
4932:  rule <k> KV:Val ~> #dsetK(X:String, VV:Val) => .K ... </k>
4933:       <env> L:Int </env>
4934:       <scopes> ... L |-> scope(M:Map => M [ X <- dictSet({M[X]}:>Val, KV, VV) ], _) ... </scopes>
4935:```
4936:
4937:### K-0396 — `semantics/dict.k:82`
4938:
4939:- Lines: 82–84
4940:- Classification: ordinary operational semantic rule
4941:- Attributes: none
4942:- Entry slice: no
4943:- Audit decision: ACCEPT_OUT_OF_SLICE — supplied fixed-semantics declaration/rule; guard/sort/priority reviewed and no match or dependency on this entry claim
4944:
4945:```k
4946:  rule <k> KV:Val ~> #dsetK(X:String, VV:Val) => #dsetV({M[X]}:>Val, KV, VV) ... </k>
4947:       <env> L:Int </env>
4948:       <scopes> ... L |-> scope(M:Map, _) ... </scopes>
4949:```
4950:
4951:### K-0397 — `semantics/dict.k:86`
4952:
4953:- Lines: 86–86
4954:- Classification: local syntax/function declaration
4955:- Attributes: none
4956:- Entry slice: no
4957:- Audit decision: ACCEPT_OUT_OF_SLICE — supplied fixed-semantics declaration/rule; guard/sort/priority reviewed and no match or dependency on this entry claim
4958:
4959:```k
4960:  syntax KItem ::= #dsetV(Val, Val, Val)
4961:```
4962:
4963:### K-0398 — `semantics/dict.k:87`
4964:
4965:- Lines: 87–88
4966:- Classification: ordinary operational semantic rule
4967:- Attributes: none
4968:- Entry slice: no
4969:- Audit decision: ACCEPT_OUT_OF_SLICE — supplied fixed-semantics declaration/rule; guard/sort/priority reviewed and no match or dependency on this entry claim
4970:
4971:```k
4972:  rule <k> #dsetV(ref(H:Int), I:Int, VV:Val) => .K ... </k>
4973:       <heap> ... H |-> list(VS:ValSeq => setVSAt(VS, normIdxD(I, vsLen(VS)), VV)) ... </heap>
4974:```
4975:
4976:### K-0399 — `semantics/dict.k:90`
4977:
4978:- Lines: 90–90
4979:- Classification: local syntax/function declaration
4980:- Attributes: function, total
4981:- Entry slice: no
4982:- Audit decision: ACCEPT_OUT_OF_SLICE — supplied fixed-semantics declaration/rule; guard/sort/priority reviewed and no match or dependency on this entry claim
4983:
4984:```k
4985:  syntax Int ::= normIdxD(Int, Int) [function, total]
4986:```
4987:
4988:### K-0400 — `semantics/dict.k:91`
4989:
4990:- Lines: 91–91
4991:- Classification: function/equational rule
4992:- Attributes: none
4993:- Entry slice: no
4994:- Audit decision: ACCEPT_OUT_OF_SLICE — supplied fixed-semantics declaration/rule; guard/sort/priority reviewed and no match or dependency on this entry claim
4995:
4996:```k
4997:  rule normIdxD(I:Int, LEN:Int) => I +Int LEN requires I  <Int 0
4998:```
4999:
5000:### K-0401 — `semantics/dict.k:92`
5001:
5002:- Lines: 92–92
5003:- Classification: function/equational rule
5004:- Attributes: none
5005:- Entry slice: no
5006:- Audit decision: ACCEPT_OUT_OF_SLICE — supplied fixed-semantics declaration/rule; guard/sort/priority reviewed and no match or dependency on this entry claim
5007:
5008:```k
5009:  rule normIdxD(I:Int, _:Int)   => I          requires I >=Int 0
5010:```
5011:
5012:### K-0402 — `semantics/dict.k:95`
5013:
5014:- Lines: 95–96
5015:- Classification: function/equational rule
5016:- Attributes: none
5017:- Entry slice: no
5018:- Audit decision: ACCEPT_OUT_OF_SLICE — supplied fixed-semantics declaration/rule; guard/sort/priority reviewed and no match or dependency on this entry claim
5019:
5020:```k
5021:  rule applyCmp("==", dictV(KS1:ValSeq, VS1:ValSeq), dictV(KS2:ValSeq, VS2:ValSeq))
5022:    => (vsLen(KS1) ==Int vsLen(KS2)) andBool dSubset(KS1, VS1, KS2, VS2)
5023:```
5024:
5025:### K-0403 — `semantics/dict.k:97`
5026:
5027:- Lines: 97–97
5028:- Classification: local syntax/function declaration
5029:- Attributes: function
5030:- Entry slice: no
5031:- Audit decision: ACCEPT_OUT_OF_SLICE — supplied fixed-semantics declaration/rule; guard/sort/priority reviewed and no match or dependency on this entry claim
5032:
5033:```k
5034:  syntax Bool ::= dSubset(ValSeq, ValSeq, ValSeq, ValSeq) [function]
5035:```
5036:
5037:### K-0404 — `semantics/dict.k:98`
5038:
5039:- Lines: 98–98
5040:- Classification: function/equational rule
5041:- Attributes: none
5042:- Entry slice: no
5043:- Audit decision: ACCEPT_OUT_OF_SLICE — supplied fixed-semantics declaration/rule; guard/sort/priority reviewed and no match or dependency on this entry claim
5044:
5045:```k
5046:  rule dSubset(.ValSeq, .ValSeq, _:ValSeq, _:ValSeq) => true
5047:```
5048:
5049:### K-0405 — `semantics/dict.k:99`
5050:
5051:- Lines: 99–100
5052:- Classification: function/equational rule
5053:- Attributes: none
5054:- Entry slice: no
5055:- Audit decision: ACCEPT_OUT_OF_SLICE — supplied fixed-semantics declaration/rule; guard/sort/priority reviewed and no match or dependency on this entry claim
5056:
5057:```k
5058:  rule dSubset(vCons(K:Val, KR:ValSeq), vCons(V:Val, VR:ValSeq), KS2:ValSeq, VS2:ValSeq)
5059:    => dHasKey(KS2, K) andBool (dGet(KS2, VS2, K) ==K V) andBool dSubset(KR, VR, KS2, VS2)
5060:```
5061:
5062:### K-0406 — `semantics/dict.k:101`
5063:
5064:- Lines: 101–101
5065:- Classification: local syntax/function declaration
5066:- Attributes: function
5067:- Entry slice: no
5068:- Audit decision: ACCEPT_OUT_OF_SLICE — supplied fixed-semantics declaration/rule; guard/sort/priority reviewed and no match or dependency on this entry claim
5069:
5070:```k
5071:  syntax Val ::= dGet(ValSeq, ValSeq, Val) [function]
5072:```
5073:
5074:### K-0407 — `semantics/dict.k:102`
5075:
5076:- Lines: 102–102
5077:- Classification: function/equational rule
5078:- Attributes: none
5079:- Entry slice: no
5080:- Audit decision: ACCEPT_OUT_OF_SLICE — supplied fixed-semantics declaration/rule; guard/sort/priority reviewed and no match or dependency on this entry claim
5081:
5082:```k
5083:  rule dGet(vCons(A:Val, _:ValSeq), vCons(B:Val, _:ValSeq), K:Val) => B                requires A ==K K
5084:```
5085:
5086:### K-0408 — `semantics/dict.k:103`
5087:
5088:- Lines: 103–103
5089:- Classification: function/equational rule
5090:- Attributes: none
5091:- Entry slice: no
5092:- Audit decision: ACCEPT_OUT_OF_SLICE — supplied fixed-semantics declaration/rule; guard/sort/priority reviewed and no match or dependency on this entry claim
5093:
5094:```k
5095:  rule dGet(vCons(A:Val, KR:ValSeq), vCons(_:Val, VR:ValSeq), K:Val) => dGet(KR, VR, K) requires notBool (A ==K K)
5096:```
5097:
5098:### K-0409 — `semantics/float.k:20`
5099:
5100:- Lines: 20–20
5101:- Classification: local syntax/function declaration
5102:- Attributes: none
5103:- Entry slice: yes
5104:- Audit decision: ACCEPT_USED — checked on the entry execution slice for binding, evaluation order, control/state footprint, and result flow
5105:
5106:```k
5107:  syntax Val ::= Float
5108:```
5109:
5110:### K-0410 — `semantics/float.k:21`
5111:
5112:- Lines: 21–21
5113:- Classification: ordinary operational semantic rule
5114:- Attributes: none
5115:- Entry slice: yes
5116:- Audit decision: ACCEPT_USED — checked on the entry execution slice for binding, evaluation order, control/state footprint, and result flow
5117:
5118:```k
5119:  rule <k> Float(F:Float) => F ... </k>
5120:```
5121:
5122:### K-0411 — `semantics/float.k:24`
5123:
5124:- Lines: 24–24
5125:- Classification: local syntax/function declaration
5126:- Attributes: function, total, symbol, no-evaluators
5127:- Entry slice: no
5128:- Audit decision: ACCEPT_OUT_OF_SLICE — supplied fixed-semantics declaration/rule; guard/sort/priority reviewed and no match or dependency on this entry claim
5129:
5130:```k
5131:  syntax Float ::= intFloatDiv(Int, Float) [function, total, symbol(intFloatDiv), no-evaluators]
5132:```
5133:
5134:### K-0412 — `semantics/float.k:25`
5135:
5136:- Lines: 25–25
5137:- Classification: function/equational rule; concrete-only equation
5138:- Attributes: concrete
5139:- Entry slice: no
5140:- Audit decision: ACCEPT_OUT_OF_SLICE — supplied fixed-semantics declaration/rule; guard/sort/priority reviewed and no match or dependency on this entry claim
5141:
5142:```k
5143:  rule intFloatDiv(I:Int, F:Float) => Int2Float(I, 53, 11) /Float F [concrete]
5144:```
5145:
5146:### K-0413 — `semantics/float.k:27`
5147:
5148:- Lines: 27–27
5149:- Classification: function/equational rule
5150:- Attributes: none
5151:- Entry slice: no
5152:- Audit decision: ACCEPT_OUT_OF_SLICE — supplied fixed-semantics declaration/rule; guard/sort/priority reviewed and no match or dependency on this entry claim
5153:
5154:```k
5155:  rule applyBin("/", I:Int, F:Float) => intFloatDiv(I, F)
5156:```
5157:
5158:### K-0414 — `semantics/float.k:30`
5159:
5160:- Lines: 30–30
5161:- Classification: local syntax/function declaration
5162:- Attributes: function, total, symbol, no-evaluators
5163:- Entry slice: no
5164:- Audit decision: ACCEPT_OUT_OF_SLICE — supplied fixed-semantics declaration/rule; guard/sort/priority reviewed and no match or dependency on this entry claim
5165:
5166:```k
5167:  syntax Float ::= divII(Int, Int) [function, total, symbol(divII), no-evaluators]
5168:```
5169:
5170:### K-0415 — `semantics/float.k:31`
5171:
5172:- Lines: 31–31
5173:- Classification: function/equational rule; concrete-only equation
5174:- Attributes: concrete
5175:- Entry slice: no
5176:- Audit decision: ACCEPT_OUT_OF_SLICE — supplied fixed-semantics declaration/rule; guard/sort/priority reviewed and no match or dependency on this entry claim
5177:
5178:```k
5179:  rule divII(I1:Int, I2:Int) => Int2Float(I1, 53, 11) /Float Int2Float(I2, 53, 11) [concrete]
5180:```
5181:
5182:### K-0416 — `semantics/float.k:32`
5183:
5184:- Lines: 32–32
5185:- Classification: function/equational rule
5186:- Attributes: none
5187:- Entry slice: no
5188:- Audit decision: ACCEPT_OUT_OF_SLICE — supplied fixed-semantics declaration/rule; guard/sort/priority reviewed and no match or dependency on this entry claim
5189:
5190:```k
5191:  rule applyBin("/", I1:Int, I2:Int) => divII(I1, I2)
5192:```
5193:
5194:### K-0417 — `semantics/float.k:37`
5195:
5196:- Lines: 37–37
5197:- Classification: local syntax/function declaration
5198:- Attributes: function, total, symbol, no-evaluators
5199:- Entry slice: yes
5200:- Audit decision: ACCEPT_USED — checked on the entry execution slice for binding, evaluation order, control/state footprint, and result flow
5201:
5202:```k
5203:  syntax Float ::= floatMod(Float, Float) [function, total, symbol(floatMod), no-evaluators]
5204:```
5205:
5206:### K-0418 — `semantics/float.k:38`
5207:
5208:- Lines: 38–38
5209:- Classification: function/equational rule; concrete-only equation
5210:- Attributes: concrete
5211:- Entry slice: yes
5212:- Audit decision: ACCEPT_USED — checked on the entry execution slice for binding, evaluation order, control/state footprint, and result flow
5213:
5214:```k
5215:  rule floatMod(F1:Float, F2:Float) => F1 -Float (floorFloat(F1 /Float F2) *Float F2) [concrete]
5216:```
5217:
5218:### K-0419 — `semantics/float.k:39`
5219:
5220:- Lines: 39–39
5221:- Classification: function/equational rule
5222:- Attributes: none
5223:- Entry slice: yes
5224:- Audit decision: ACCEPT_USED — checked on the entry execution slice for binding, evaluation order, control/state footprint, and result flow
5225:
5226:```k
5227:  rule applyBin("%", F1:Float, F2:Float) => floatMod(F1, F2)
5228:```
5229:
5230:### K-0420 — `semantics/float.k:43`
5231:
5232:- Lines: 43–43
5233:- Classification: function/equational rule
5234:- Attributes: none
5235:- Entry slice: no
5236:- Audit decision: ACCEPT_OUT_OF_SLICE — supplied fixed-semantics declaration/rule; guard/sort/priority reviewed and no match or dependency on this entry claim
5237:
5238:```k
5239:  rule applyCmp("==", F1:Float, F2:Float) => F1 ==Float F2
5240:```
5241:
5242:### K-0421 — `semantics/float.k:44`
5243:
5244:- Lines: 44–44
5245:- Classification: function/equational rule
5246:- Attributes: none
5247:- Entry slice: no
5248:- Audit decision: ACCEPT_OUT_OF_SLICE — supplied fixed-semantics declaration/rule; guard/sort/priority reviewed and no match or dependency on this entry claim
5249:
5250:```k
5251:  rule applyCmp("!=", F1:Float, F2:Float) => notBool (F1 ==Float F2)
5252:```
5253:
5254:### K-0422 — `semantics/float.k:50`
5255:
5256:- Lines: 50–50
5257:- Classification: local syntax/function declaration
5258:- Attributes: function, total, symbol, no-evaluators
5259:- Entry slice: no
5260:- Audit decision: ACCEPT_OUT_OF_SLICE — supplied fixed-semantics declaration/rule; guard/sort/priority reviewed and no match or dependency on this entry claim
5261:
5262:```k
5263:  syntax Bool ::= floatLt(Float, Float) [function, total, symbol(floatLt), no-evaluators]
5264:```
5265:
5266:### K-0423 — `semantics/float.k:51`
5267:
5268:- Lines: 51–51
5269:- Classification: function/equational rule; concrete-only equation
5270:- Attributes: concrete
5271:- Entry slice: no
5272:- Audit decision: ACCEPT_OUT_OF_SLICE — supplied fixed-semantics declaration/rule; guard/sort/priority reviewed and no match or dependency on this entry claim
5273:
5274:```k
5275:  rule floatLt(F1:Float, F2:Float) => F1 <Float F2 [concrete]
5276:```
5277:
5278:### K-0424 — `semantics/float.k:52`
5279:
5280:- Lines: 52–52
5281:- Classification: function/equational rule
5282:- Attributes: none
5283:- Entry slice: no
5284:- Audit decision: ACCEPT_OUT_OF_SLICE — supplied fixed-semantics declaration/rule; guard/sort/priority reviewed and no match or dependency on this entry claim
5285:
5286:```k
5287:  rule applyCmp("<", F1:Float, F2:Float) => floatLt(F1, F2)
5288:```
5289:
5290:### K-0425 — `semantics/float.k:54`
5291:
5292:- Lines: 54–54
5293:- Classification: local syntax/function declaration
5294:- Attributes: function, total, symbol, no-evaluators
5295:- Entry slice: no
5296:- Audit decision: ACCEPT_OUT_OF_SLICE — supplied fixed-semantics declaration/rule; guard/sort/priority reviewed and no match or dependency on this entry claim
5297:
5298:```k
5299:  syntax Float ::= absF(Float) [function, total, symbol(absF), no-evaluators]
5300:```
5301:
5302:### K-0426 — `semantics/float.k:55`
5303:
5304:- Lines: 55–55
5305:- Classification: function/equational rule; concrete-only equation
5306:- Attributes: concrete
5307:- Entry slice: no
5308:- Audit decision: ACCEPT_OUT_OF_SLICE — supplied fixed-semantics declaration/rule; guard/sort/priority reviewed and no match or dependency on this entry claim
5309:
5310:```k
5311:  rule absF(F:Float) => absFloat(F) [concrete]
5312:```
5313:
5314:### K-0427 — `semantics/float.k:56`
5315:
5316:- Lines: 56–56
5317:- Classification: function/equational rule
5318:- Attributes: none
5319:- Entry slice: no
5320:- Audit decision: ACCEPT_OUT_OF_SLICE — supplied fixed-semantics declaration/rule; guard/sort/priority reviewed and no match or dependency on this entry claim
5321:
5322:```k
5323:  rule applyBuiltin("abs", F:Float, .Vals) => absF(F)
5324:```
5325:
5326:### K-0428 — `semantics/float.k:61`
5327:
5328:- Lines: 61–61
5329:- Classification: ordinary operational semantic rule
5330:- Attributes: none
5331:- Entry slice: no
5332:- Audit decision: ACCEPT_OUT_OF_SLICE — supplied fixed-semantics declaration/rule; guard/sort/priority reviewed and no match or dependency on this entry claim
5333:
5334:```k
5335:  rule <k> Import(_:String) => .K ... </k>
5336:```
5337:
5338:### K-0429 — `semantics/float.k:65`
5339:
5340:- Lines: 65–65
5341:- Classification: local syntax/function declaration
5342:- Attributes: none
5343:- Entry slice: no
5344:- Audit decision: ACCEPT_OUT_OF_SLICE — supplied fixed-semantics declaration/rule; guard/sort/priority reviewed and no match or dependency on this entry claim
5345:
5346:```k
5347:  syntax KItem ::= "#mathCeil"
5348:```
5349:
5350:### K-0430 — `semantics/float.k:66`
5351:
5352:- Lines: 66–66
5353:- Classification: ordinary operational semantic rule; priority rule
5354:- Attributes: priority
5355:- Entry slice: no
5356:- Audit decision: ACCEPT_OUT_OF_SLICE — supplied fixed-semantics declaration/rule; guard/sort/priority reviewed and no match or dependency on this entry claim
5357:
5358:```k
5359:  rule <k> Call(Attribute(Name("math"), "ceil"), (E:Expr, .Exprs)) => E ~> #mathCeil ... </k> [priority(40)]
5360:```
5361:
5362:### K-0431 — `semantics/float.k:67`
5363:
5364:- Lines: 67–67
5365:- Classification: ordinary operational semantic rule
5366:- Attributes: none
5367:- Entry slice: no
5368:- Audit decision: ACCEPT_OUT_OF_SLICE — supplied fixed-semantics declaration/rule; guard/sort/priority reviewed and no match or dependency on this entry claim
5369:
5370:```k
5371:  rule <k> V:Val ~> #mathCeil => ceilF(V) ... </k>
5372:```
5373:
5374:### K-0432 — `semantics/float.k:70`
5375:
5376:- Lines: 70–70
5377:- Classification: local syntax/function declaration
5378:- Attributes: none
5379:- Entry slice: no
5380:- Audit decision: ACCEPT_OUT_OF_SLICE — supplied fixed-semantics declaration/rule; guard/sort/priority reviewed and no match or dependency on this entry claim
5381:
5382:```k
5383:  syntax KItem ::= "#mathFloor"
5384:```
5385:
5386:### K-0433 — `semantics/float.k:71`
5387:
5388:- Lines: 71–71
5389:- Classification: ordinary operational semantic rule; priority rule
5390:- Attributes: priority
5391:- Entry slice: no
5392:- Audit decision: ACCEPT_OUT_OF_SLICE — supplied fixed-semantics declaration/rule; guard/sort/priority reviewed and no match or dependency on this entry claim
5393:
5394:```k
5395:  rule <k> Call(Attribute(Name("math"), "floor"), (E:Expr, .Exprs)) => E ~> #mathFloor ... </k> [priority(40)]
5396:```
5397:
5398:### K-0434 — `semantics/float.k:72`
5399:
5400:- Lines: 72–72
5401:- Classification: ordinary operational semantic rule
5402:- Attributes: none
5403:- Entry slice: no
5404:- Audit decision: ACCEPT_OUT_OF_SLICE — supplied fixed-semantics declaration/rule; guard/sort/priority reviewed and no match or dependency on this entry claim
5405:
5406:```k
5407:  rule <k> V:Val ~> #mathFloor => floorFI(V) ... </k>
5408:```
5409:
5410:### K-0435 — `semantics/float.k:73`
5411:
5412:- Lines: 73–73
5413:- Classification: local syntax/function declaration
5414:- Attributes: function, total, symbol
5415:- Entry slice: no
5416:- Audit decision: ACCEPT_OUT_OF_SLICE — supplied fixed-semantics declaration/rule; guard/sort/priority reviewed and no match or dependency on this entry claim
5417:
5418:```k
5419:  syntax Int ::= floorFI(Val) [function, total, symbol(floorFI)]
5420:```
5421:
5422:### K-0436 — `semantics/float.k:74`
5423:
5424:- Lines: 74–74
5425:- Classification: function/equational rule; concrete-only equation
5426:- Attributes: concrete
5427:- Entry slice: no
5428:- Audit decision: ACCEPT_OUT_OF_SLICE — supplied fixed-semantics declaration/rule; guard/sort/priority reviewed and no match or dependency on this entry claim
5429:
5430:```k
5431:  rule floorFI(I:Int)   => I                        [concrete]
5432:```
5433:
5434:### K-0437 — `semantics/float.k:75`
5435:
5436:- Lines: 75–75
5437:- Classification: function/equational rule; concrete-only equation
5438:- Attributes: concrete
5439:- Entry slice: no
5440:- Audit decision: ACCEPT_OUT_OF_SLICE — supplied fixed-semantics declaration/rule; guard/sort/priority reviewed and no match or dependency on this entry claim
5441:
5442:```k
5443:  rule floorFI(F:Float) => Float2Int(floorFloat(F)) [concrete]
5444:```
5445:
5446:### K-0438 — `semantics/float.k:78`
5447:
5448:- Lines: 78–78
5449:- Classification: function/equational rule
5450:- Attributes: none
5451:- Entry slice: no
5452:- Audit decision: ACCEPT_OUT_OF_SLICE — supplied fixed-semantics declaration/rule; guard/sort/priority reviewed and no match or dependency on this entry claim
5453:
5454:```k
5455:  rule applyBuiltin("floor", V:Val, .Vals) => floorFI(V)
5456:```
5457:
5458:### K-0439 — `semantics/float.k:79`
5459:
5460:- Lines: 79–79
5461:- Classification: function/equational rule
5462:- Attributes: none
5463:- Entry slice: no
5464:- Audit decision: ACCEPT_OUT_OF_SLICE — supplied fixed-semantics declaration/rule; guard/sort/priority reviewed and no match or dependency on this entry claim
5465:
5466:```k
5467:  rule applyBuiltin("ceil",  V:Val, .Vals) => ceilF(V)
5468:```
5469:
5470:### K-0440 — `semantics/float.k:82`
5471:
5472:- Lines: 82–82
5473:- Classification: local syntax/function declaration
5474:- Attributes: none
5475:- Entry slice: no
5476:- Audit decision: ACCEPT_OUT_OF_SLICE — supplied fixed-semantics declaration/rule; guard/sort/priority reviewed and no match or dependency on this entry claim
5477:
5478:```k
5479:  syntax KItem ::= #mathPow1(Expr) | #mathPow2(Val)
5480:```
5481:
5482:### K-0441 — `semantics/float.k:83`
5483:
5484:- Lines: 83–83
5485:- Classification: ordinary operational semantic rule; priority rule
5486:- Attributes: priority
5487:- Entry slice: no
5488:- Audit decision: ACCEPT_OUT_OF_SLICE — supplied fixed-semantics declaration/rule; guard/sort/priority reviewed and no match or dependency on this entry claim
5489:
5490:```k
5491:  rule <k> Call(Attribute(Name("math"), "pow"), (E1:Expr, E2:Expr, .Exprs)) => E1 ~> #mathPow1(E2) ... </k> [priority(40)]
5492:```
5493:
5494:### K-0442 — `semantics/float.k:84`
5495:
5496:- Lines: 84–84
5497:- Classification: ordinary operational semantic rule
5498:- Attributes: none
5499:- Entry slice: no
5500:- Audit decision: ACCEPT_OUT_OF_SLICE — supplied fixed-semantics declaration/rule; guard/sort/priority reviewed and no match or dependency on this entry claim
5501:
5502:```k
5503:  rule <k> V1:Val ~> #mathPow1(E2:Expr) => E2 ~> #mathPow2(V1) ... </k>
5504:```
5505:
5506:### K-0443 — `semantics/float.k:85`
5507:
5508:- Lines: 85–85
5509:- Classification: ordinary operational semantic rule
5510:- Attributes: none
5511:- Entry slice: no
5512:- Audit decision: ACCEPT_OUT_OF_SLICE — supplied fixed-semantics declaration/rule; guard/sort/priority reviewed and no match or dependency on this entry claim
5513:
5514:```k
5515:  rule <k> V2:Val ~> #mathPow2(V1:Val) => powF(toF(V1), toF(V2)) ... </k>
5516:```
5517:
5518:### K-0444 — `semantics/float.k:86`
5519:
5520:- Lines: 86–86
5521:- Classification: local syntax/function declaration
5522:- Attributes: function, total, symbol
5523:- Entry slice: no
5524:- Audit decision: ACCEPT_OUT_OF_SLICE — supplied fixed-semantics declaration/rule; guard/sort/priority reviewed and no match or dependency on this entry claim
5525:
5526:```k
5527:  syntax Float ::= toF(Val) [function, total, symbol(toF)]
5528:```
5529:
5530:### K-0445 — `semantics/float.k:87`
5531:
5532:- Lines: 87–87
5533:- Classification: function/equational rule; concrete-only equation
5534:- Attributes: concrete
5535:- Entry slice: no
5536:- Audit decision: ACCEPT_OUT_OF_SLICE — supplied fixed-semantics declaration/rule; guard/sort/priority reviewed and no match or dependency on this entry claim
5537:
5538:```k
5539:  rule toF(F:Float) => F        [concrete]
5540:```
5541:
5542:### K-0446 — `semantics/float.k:88`
5543:
5544:- Lines: 88–88
5545:- Classification: function/equational rule; concrete-only equation
5546:- Attributes: concrete
5547:- Entry slice: no
5548:- Audit decision: ACCEPT_OUT_OF_SLICE — supplied fixed-semantics declaration/rule; guard/sort/priority reviewed and no match or dependency on this entry claim
5549:
5550:```k
5551:  rule toF(I:Int)   => intToF(I) [concrete]
5552:```
5553:
5554:### K-0447 — `semantics/float.k:93`
5555:
5556:- Lines: 93–93
5557:- Classification: local syntax/function declaration
5558:- Attributes: function, total, symbol
5559:- Entry slice: no
5560:- Audit decision: ACCEPT_OUT_OF_SLICE — supplied fixed-semantics declaration/rule; guard/sort/priority reviewed and no match or dependency on this entry claim
5561:
5562:```k
5563:  syntax Int ::= ceilF(Val) [function, total, symbol(ceilF)]
5564:```
5565:
5566:### K-0448 — `semantics/float.k:94`
5567:
5568:- Lines: 94–94
5569:- Classification: function/equational rule; concrete-only equation
5570:- Attributes: concrete
5571:- Entry slice: no
5572:- Audit decision: ACCEPT_OUT_OF_SLICE — supplied fixed-semantics declaration/rule; guard/sort/priority reviewed and no match or dependency on this entry claim
5573:
5574:```k
5575:  rule ceilF(I:Int)   => I                       [concrete]
5576:```
5577:
5578:### K-0449 — `semantics/float.k:95`
5579:
5580:- Lines: 95–95
5581:- Classification: function/equational rule; concrete-only equation
5582:- Attributes: concrete
5583:- Entry slice: no
5584:- Audit decision: ACCEPT_OUT_OF_SLICE — supplied fixed-semantics declaration/rule; guard/sort/priority reviewed and no match or dependency on this entry claim
5585:
5586:```k
5587:  rule ceilF(F:Float) => Float2Int(ceilFloat(F)) [concrete]
5588:```
5589:
5590:### K-0450 — `semantics/float.k:99`
5591:
5592:- Lines: 99–99
5593:- Classification: function/equational rule
5594:- Attributes: none
5595:- Entry slice: no
5596:- Audit decision: ACCEPT_OUT_OF_SLICE — supplied fixed-semantics declaration/rule; guard/sort/priority reviewed and no match or dependency on this entry claim
5597:
5598:```k
5599:  rule applyUn("-", F:Float) => 0.0 -Float F
5600:```
5601:
5602:### K-0451 — `semantics/float.k:103`
5603:
5604:- Lines: 103–103
5605:- Classification: local syntax/function declaration
5606:- Attributes: function, total, symbol, no-evaluators
5607:- Entry slice: no
5608:- Audit decision: ACCEPT_OUT_OF_SLICE — supplied fixed-semantics declaration/rule; guard/sort/priority reviewed and no match or dependency on this entry claim
5609:
5610:```k
5611:  syntax Float ::= subF(Float, Float) [function, total, symbol(subF), no-evaluators]
5612:```
5613:
5614:### K-0452 — `semantics/float.k:104`
5615:
5616:- Lines: 104–104
5617:- Classification: function/equational rule; concrete-only equation
5618:- Attributes: concrete
5619:- Entry slice: no
5620:- Audit decision: ACCEPT_OUT_OF_SLICE — supplied fixed-semantics declaration/rule; guard/sort/priority reviewed and no match or dependency on this entry claim
5621:
5622:```k
5623:  rule subF(F1:Float, F2:Float) => F1 -Float F2 [concrete]
5624:```
5625:
5626:### K-0453 — `semantics/float.k:105`
5627:
5628:- Lines: 105–105
5629:- Classification: function/equational rule
5630:- Attributes: none
5631:- Entry slice: no
5632:- Audit decision: ACCEPT_OUT_OF_SLICE — supplied fixed-semantics declaration/rule; guard/sort/priority reviewed and no match or dependency on this entry claim
5633:
5634:```k
5635:  rule applyBin("-", F1:Float, F2:Float) => subF(F1, F2)
5636:```
5637:
5638:### K-0454 — `semantics/float.k:107`
5639:
5640:- Lines: 107–107
5641:- Classification: local syntax/function declaration
5642:- Attributes: function, total, symbol, no-evaluators
5643:- Entry slice: no
5644:- Audit decision: ACCEPT_OUT_OF_SLICE — supplied fixed-semantics declaration/rule; guard/sort/priority reviewed and no match or dependency on this entry claim
5645:
5646:```k
5647:  syntax Float ::= divF(Float, Float) [function, total, symbol(divF), no-evaluators]
5648:```
5649:
5650:### K-0455 — `semantics/float.k:108`
5651:
5652:- Lines: 108–108
5653:- Classification: function/equational rule; concrete-only equation
5654:- Attributes: concrete
5655:- Entry slice: no
5656:- Audit decision: ACCEPT_OUT_OF_SLICE — supplied fixed-semantics declaration/rule; guard/sort/priority reviewed and no match or dependency on this entry claim
5657:
5658:```k
5659:  rule divF(F1:Float, F2:Float) => F1 /Float F2 [concrete]
5660:```
5661:
5662:### K-0456 — `semantics/float.k:109`
5663:
5664:- Lines: 109–109
5665:- Classification: function/equational rule
5666:- Attributes: none
5667:- Entry slice: no
5668:- Audit decision: ACCEPT_OUT_OF_SLICE — supplied fixed-semantics declaration/rule; guard/sort/priority reviewed and no match or dependency on this entry claim
5669:
5670:```k
5671:  rule applyBin("/", F1:Float, F2:Float) => divF(F1, F2)
5672:```
5673:
5674:### K-0457 — `semantics/float.k:111`
5675:
5676:- Lines: 111–111
5677:- Classification: local syntax/function declaration
5678:- Attributes: function, total, symbol, no-evaluators
5679:- Entry slice: no
5680:- Audit decision: ACCEPT_OUT_OF_SLICE — supplied fixed-semantics declaration/rule; guard/sort/priority reviewed and no match or dependency on this entry claim
5681:
5682:```k
5683:  syntax Float ::= addF(Float, Float) [function, total, symbol(addF), no-evaluators]
5684:```
5685:
5686:### K-0458 — `semantics/float.k:112`
5687:
5688:- Lines: 112–112
5689:- Classification: function/equational rule; concrete-only equation
5690:- Attributes: concrete
5691:- Entry slice: no
5692:- Audit decision: ACCEPT_OUT_OF_SLICE — supplied fixed-semantics declaration/rule; guard/sort/priority reviewed and no match or dependency on this entry claim
5693:
5694:```k
5695:  rule addF(F1:Float, F2:Float) => F1 +Float F2 [concrete]
5696:```
5697:
5698:### K-0459 — `semantics/float.k:113`
5699:
5700:- Lines: 113–113
5701:- Classification: function/equational rule
5702:- Attributes: none
5703:- Entry slice: no
5704:- Audit decision: ACCEPT_OUT_OF_SLICE — supplied fixed-semantics declaration/rule; guard/sort/priority reviewed and no match or dependency on this entry claim
5705:
5706:```k
5707:  rule applyBin("+", F1:Float, F2:Float) => addF(F1, F2)
5708:```
5709:
5710:### K-0460 — `semantics/float.k:115`
5711:
5712:- Lines: 115–115
5713:- Classification: local syntax/function declaration
5714:- Attributes: function, total, symbol, no-evaluators
5715:- Entry slice: no
5716:- Audit decision: ACCEPT_OUT_OF_SLICE — supplied fixed-semantics declaration/rule; guard/sort/priority reviewed and no match or dependency on this entry claim
5717:
5718:```k
5719:  syntax Float ::= mulF(Float, Float) [function, total, symbol(mulF), no-evaluators]
5720:```
5721:
5722:### K-0461 — `semantics/float.k:116`
5723:
5724:- Lines: 116–116
5725:- Classification: function/equational rule; concrete-only equation
5726:- Attributes: concrete
5727:- Entry slice: no
5728:- Audit decision: ACCEPT_OUT_OF_SLICE — supplied fixed-semantics declaration/rule; guard/sort/priority reviewed and no match or dependency on this entry claim
5729:
5730:```k
5731:  rule mulF(F1:Float, F2:Float) => F1 *Float F2 [concrete]
5732:```
5733:
5734:### K-0462 — `semantics/float.k:117`
5735:
5736:- Lines: 117–117
5737:- Classification: function/equational rule
5738:- Attributes: none
5739:- Entry slice: no
5740:- Audit decision: ACCEPT_OUT_OF_SLICE — supplied fixed-semantics declaration/rule; guard/sort/priority reviewed and no match or dependency on this entry claim
5741:
5742:```k
5743:  rule applyBin("*", F1:Float, F2:Float) => mulF(F1, F2)
5744:```
5745:
5746:### K-0463 — `semantics/float.k:119`
5747:
5748:- Lines: 119–119
5749:- Classification: local syntax/function declaration
5750:- Attributes: function, total, symbol, no-evaluators
5751:- Entry slice: no
5752:- Audit decision: ACCEPT_OUT_OF_SLICE — supplied fixed-semantics declaration/rule; guard/sort/priority reviewed and no match or dependency on this entry claim
5753:
5754:```k
5755:  syntax Float ::= powF(Float, Float) [function, total, symbol(powF), no-evaluators]
5756:```
5757:
5758:### K-0464 — `semantics/float.k:120`
5759:
5760:- Lines: 120–120
5761:- Classification: function/equational rule; concrete-only equation
5762:- Attributes: concrete
5763:- Entry slice: no
5764:- Audit decision: ACCEPT_OUT_OF_SLICE — supplied fixed-semantics declaration/rule; guard/sort/priority reviewed and no match or dependency on this entry claim
5765:
5766:```k
5767:  rule powF(F1:Float, F2:Float) => F1 ^Float F2 [concrete]
5768:```
5769:
5770:### K-0465 — `semantics/float.k:121`
5771:
5772:- Lines: 121–121
5773:- Classification: function/equational rule
5774:- Attributes: none
5775:- Entry slice: no
5776:- Audit decision: ACCEPT_OUT_OF_SLICE — supplied fixed-semantics declaration/rule; guard/sort/priority reviewed and no match or dependency on this entry claim
5777:
5778:```k
5779:  rule applyBin("**", F1:Float, F2:Float) => powF(F1, F2)
5780:```
5781:
5782:### K-0466 — `semantics/float.k:125`
5783:
5784:- Lines: 125–125
5785:- Classification: local syntax/function declaration
5786:- Attributes: function, total, symbol, no-evaluators
5787:- Entry slice: no
5788:- Audit decision: ACCEPT_OUT_OF_SLICE — supplied fixed-semantics declaration/rule; guard/sort/priority reviewed and no match or dependency on this entry claim
5789:
5790:```k
5791:  syntax Bool ::= gtF(Float, Float) [function, total, symbol(gtF), no-evaluators]
5792:```
5793:
5794:### K-0467 — `semantics/float.k:126`
5795:
5796:- Lines: 126–126
5797:- Classification: function/equational rule; concrete-only equation
5798:- Attributes: concrete
5799:- Entry slice: no
5800:- Audit decision: ACCEPT_OUT_OF_SLICE — supplied fixed-semantics declaration/rule; guard/sort/priority reviewed and no match or dependency on this entry claim
5801:
5802:```k
5803:  rule gtF(F1:Float, F2:Float) => F1 >Float F2 [concrete]
5804:```
5805:
5806:### K-0468 — `semantics/float.k:127`
5807:
5808:- Lines: 127–127
5809:- Classification: function/equational rule
5810:- Attributes: none
5811:- Entry slice: no
5812:- Audit decision: ACCEPT_OUT_OF_SLICE — supplied fixed-semantics declaration/rule; guard/sort/priority reviewed and no match or dependency on this entry claim
5813:
5814:```k
5815:  rule applyCmp(">",  F1:Float, F2:Float) => gtF(F1, F2)
5816:```
5817:
5818:### K-0469 — `semantics/float.k:128`
5819:
5820:- Lines: 128–128
5821:- Classification: function/equational rule
5822:- Attributes: none
5823:- Entry slice: no
5824:- Audit decision: ACCEPT_OUT_OF_SLICE — supplied fixed-semantics declaration/rule; guard/sort/priority reviewed and no match or dependency on this entry claim
5825:
5826:```k
5827:  rule applyCmp(">=", F1:Float, F2:Float) => notBool floatLt(F1, F2)
5828:```
5829:
5830:### K-0470 — `semantics/float.k:129`
5831:
5832:- Lines: 129–129
5833:- Classification: function/equational rule
5834:- Attributes: none
5835:- Entry slice: no
5836:- Audit decision: ACCEPT_OUT_OF_SLICE — supplied fixed-semantics declaration/rule; guard/sort/priority reviewed and no match or dependency on this entry claim
5837:
5838:```k
5839:  rule applyCmp("<=", F1:Float, F2:Float) => notBool gtF(F1, F2)
5840:```
5841:
5842:### K-0471 — `semantics/float.k:132`
5843:
5844:- Lines: 132–132
5845:- Classification: function/equational rule
5846:- Attributes: none
5847:- Entry slice: no
5848:- Audit decision: ACCEPT_OUT_OF_SLICE — supplied fixed-semantics declaration/rule; guard/sort/priority reviewed and no match or dependency on this entry claim
5849:
5850:```k
5851:  rule applyBin("**", I:Int, F:Float) => powF(intToF(I), F)
5852:```
5853:
5854:### K-0472 — `semantics/float.k:133`
5855:
5856:- Lines: 133–133
5857:- Classification: function/equational rule
5858:- Attributes: none
5859:- Entry slice: no
5860:- Audit decision: ACCEPT_OUT_OF_SLICE — supplied fixed-semantics declaration/rule; guard/sort/priority reviewed and no match or dependency on this entry claim
5861:
5862:```k
5863:  rule applyBin("**", F:Float, I:Int) => powF(F, intToF(I))
5864:```
5865:
5866:### K-0473 — `semantics/float.k:134`
5867:
5868:- Lines: 134–134
5869:- Classification: function/equational rule
5870:- Attributes: none
5871:- Entry slice: no
5872:- Audit decision: ACCEPT_OUT_OF_SLICE — supplied fixed-semantics declaration/rule; guard/sort/priority reviewed and no match or dependency on this entry claim
5873:
5874:```k
5875:  rule applyBin("-",  I:Int, F:Float) => subF(intToF(I), F)
5876:```
5877:
5878:### K-0474 — `semantics/float.k:135`
5879:
5880:- Lines: 135–135
5881:- Classification: function/equational rule
5882:- Attributes: none
5883:- Entry slice: no
5884:- Audit decision: ACCEPT_OUT_OF_SLICE — supplied fixed-semantics declaration/rule; guard/sort/priority reviewed and no match or dependency on this entry claim
5885:
5886:```k
5887:  rule applyBin("-",  F:Float, I:Int) => subF(F, intToF(I))
5888:```
5889:
5890:### K-0475 — `semantics/float.k:136`
5891:
5892:- Lines: 136–136
5893:- Classification: function/equational rule
5894:- Attributes: none
5895:- Entry slice: no
5896:- Audit decision: ACCEPT_OUT_OF_SLICE — supplied fixed-semantics declaration/rule; guard/sort/priority reviewed and no match or dependency on this entry claim
5897:
5898:```k
5899:  rule applyBin("+",  I:Int, F:Float) => addF(intToF(I), F)
5900:```
5901:
5902:### K-0476 — `semantics/float.k:137`
5903:
5904:- Lines: 137–137
5905:- Classification: function/equational rule
5906:- Attributes: none
5907:- Entry slice: no
5908:- Audit decision: ACCEPT_OUT_OF_SLICE — supplied fixed-semantics declaration/rule; guard/sort/priority reviewed and no match or dependency on this entry claim
5909:
5910:```k
5911:  rule applyBin("+",  F:Float, I:Int) => addF(F, intToF(I))
5912:```
5913:
5914:### K-0477 — `semantics/float.k:138`
5915:
5916:- Lines: 138–138
5917:- Classification: function/equational rule
5918:- Attributes: none
5919:- Entry slice: no
5920:- Audit decision: ACCEPT_OUT_OF_SLICE — supplied fixed-semantics declaration/rule; guard/sort/priority reviewed and no match or dependency on this entry claim
5921:
5922:```k
5923:  rule applyBin("*",  I:Int, F:Float) => mulF(intToF(I), F)
5924:```
5925:
5926:### K-0478 — `semantics/float.k:139`
5927:
5928:- Lines: 139–139
5929:- Classification: function/equational rule
5930:- Attributes: none
5931:- Entry slice: no
5932:- Audit decision: ACCEPT_OUT_OF_SLICE — supplied fixed-semantics declaration/rule; guard/sort/priority reviewed and no match or dependency on this entry claim
5933:
5934:```k
5935:  rule applyBin("*",  F:Float, I:Int) => mulF(F, intToF(I))
5936:```
5937:
5938:### K-0479 — `semantics/float.k:142`
5939:
5940:- Lines: 142–142
5941:- Classification: local syntax/function declaration
5942:- Attributes: function, total, symbol, no-evaluators
5943:- Entry slice: no
5944:- Audit decision: ACCEPT_OUT_OF_SLICE — supplied fixed-semantics declaration/rule; guard/sort/priority reviewed and no match or dependency on this entry claim
5945:
5946:```k
5947:  syntax Bool ::= eqF(Float, Float) [function, total, symbol(eqF), no-evaluators]
5948:```
5949:
5950:### K-0480 — `semantics/float.k:143`
5951:
5952:- Lines: 143–143
5953:- Classification: function/equational rule; concrete-only equation
5954:- Attributes: concrete
5955:- Entry slice: no
5956:- Audit decision: ACCEPT_OUT_OF_SLICE — supplied fixed-semantics declaration/rule; guard/sort/priority reviewed and no match or dependency on this entry claim
5957:
5958:```k
5959:  rule eqF(F1:Float, F2:Float) => F1 ==Float F2 [concrete]
5960:```
5961:
5962:### K-0481 — `semantics/float.k:144`
5963:
5964:- Lines: 144–144
5965:- Classification: function/equational rule
5966:- Attributes: none
5967:- Entry slice: no
5968:- Audit decision: ACCEPT_OUT_OF_SLICE — supplied fixed-semantics declaration/rule; guard/sort/priority reviewed and no match or dependency on this entry claim
5969:
5970:```k
5971:  rule applyCmp("==", I:Int, F:Float) => eqF(intToF(I), F)
5972:```
5973:
5974:### K-0482 — `semantics/float.k:145`
5975:
5976:- Lines: 145–145
5977:- Classification: function/equational rule
5978:- Attributes: none
5979:- Entry slice: no
5980:- Audit decision: ACCEPT_OUT_OF_SLICE — supplied fixed-semantics declaration/rule; guard/sort/priority reviewed and no match or dependency on this entry claim
5981:
5982:```k
5983:  rule applyCmp("==", F:Float, I:Int) => eqF(F, intToF(I))
5984:```
5985:
5986:### K-0483 — `semantics/float.k:146`
5987:
5988:- Lines: 146–146
5989:- Classification: function/equational rule
5990:- Attributes: none
5991:- Entry slice: no
5992:- Audit decision: ACCEPT_OUT_OF_SLICE — supplied fixed-semantics declaration/rule; guard/sort/priority reviewed and no match or dependency on this entry claim
5993:
5994:```k
5995:  rule applyCmp("!=", I:Int, F:Float) => notBool eqF(intToF(I), F)
5996:```
5997:
5998:### K-0484 — `semantics/float.k:147`
5999:
6000:- Lines: 147–147
6001:- Classification: function/equational rule
6002:- Attributes: none
6003:- Entry slice: no
6004:- Audit decision: ACCEPT_OUT_OF_SLICE — supplied fixed-semantics declaration/rule; guard/sort/priority reviewed and no match or dependency on this entry claim
6005:
6006:```k
6007:  rule applyCmp("!=", F:Float, I:Int) => notBool eqF(F, intToF(I))
6008:```
6009:
6010:### K-0485 — `semantics/float.k:148`
6011:
6012:- Lines: 148–148
6013:- Classification: function/equational rule
6014:- Attributes: none
6015:- Entry slice: no
6016:- Audit decision: ACCEPT_OUT_OF_SLICE — supplied fixed-semantics declaration/rule; guard/sort/priority reviewed and no match or dependency on this entry claim
6017:
6018:```k
6019:  rule applyCmp("<",  I:Int, F:Float) => floatLt(intToF(I), F)
6020:```
6021:
6022:### K-0486 — `semantics/float.k:149`
6023:
6024:- Lines: 149–149
6025:- Classification: function/equational rule
6026:- Attributes: none
6027:- Entry slice: no
6028:- Audit decision: ACCEPT_OUT_OF_SLICE — supplied fixed-semantics declaration/rule; guard/sort/priority reviewed and no match or dependency on this entry claim
6029:
6030:```k
6031:  rule applyCmp("<",  F:Float, I:Int) => floatLt(F, intToF(I))
6032:```
6033:
6034:### K-0487 — `semantics/float.k:150`
6035:
6036:- Lines: 150–150
6037:- Classification: function/equational rule
6038:- Attributes: none
6039:- Entry slice: no
6040:- Audit decision: ACCEPT_OUT_OF_SLICE — supplied fixed-semantics declaration/rule; guard/sort/priority reviewed and no match or dependency on this entry claim
6041:
6042:```k
6043:  rule applyCmp(">",  I:Int, F:Float) => gtF(intToF(I), F)
6044:```
6045:
6046:### K-0488 — `semantics/float.k:151`
6047:
6048:- Lines: 151–151
6049:- Classification: function/equational rule
6050:- Attributes: none
6051:- Entry slice: no
6052:- Audit decision: ACCEPT_OUT_OF_SLICE — supplied fixed-semantics declaration/rule; guard/sort/priority reviewed and no match or dependency on this entry claim
6053:
6054:```k
6055:  rule applyCmp(">",  F:Float, I:Int) => gtF(F, intToF(I))
6056:```
6057:
6058:### K-0489 — `semantics/float.k:154`
6059:
6060:- Lines: 154–154
6061:- Classification: function/equational rule
6062:- Attributes: none
6063:- Entry slice: no
6064:- Audit decision: ACCEPT_OUT_OF_SLICE — supplied fixed-semantics declaration/rule; guard/sort/priority reviewed and no match or dependency on this entry claim
6065:
6066:```k
6067:  rule applyCmp("==", V:Val, noneV) => V ==K noneV
6068:```
6069:
6070:### K-0490 — `semantics/float.k:155`
6071:
6072:- Lines: 155–155
6073:- Classification: function/equational rule
6074:- Attributes: none
6075:- Entry slice: no
6076:- Audit decision: ACCEPT_OUT_OF_SLICE — supplied fixed-semantics declaration/rule; guard/sort/priority reviewed and no match or dependency on this entry claim
6077:
6078:```k
6079:  rule applyCmp("!=", V:Val, noneV) => notBool (V ==K noneV)
6080:```
6081:
6082:### K-0491 — `semantics/float.k:160`
6083:
6084:- Lines: 160–160
6085:- Classification: local syntax/function declaration
6086:- Attributes: function, total, symbol, no-evaluators
6087:- Entry slice: no
6088:- Audit decision: ACCEPT_OUT_OF_SLICE — supplied fixed-semantics declaration/rule; guard/sort/priority reviewed and no match or dependency on this entry claim
6089:
6090:```k
6091:  syntax Float ::= decStrToF(IntSeq) [function, total, symbol(decStrToF), no-evaluators]
6092:```
6093:
6094:### K-0492 — `semantics/float.k:161`
6095:
6096:- Lines: 161–161
6097:- Classification: function/equational rule; concrete-only equation
6098:- Attributes: concrete
6099:- Entry slice: no
6100:- Audit decision: ACCEPT_OUT_OF_SLICE — supplied fixed-semantics declaration/rule; guard/sort/priority reviewed and no match or dependency on this entry claim
6101:
6102:```k
6103:  rule decStrToF(iCons(45, CS:IntSeq)) => 0.0 -Float decStrToF(CS) [concrete]
6104:```
6105:
6106:### K-0493 — `semantics/float.k:162`
6107:
6108:- Lines: 162–163
6109:- Classification: function/equational rule
6110:- Attributes: none
6111:- Entry slice: no
6112:- Audit decision: ACCEPT_OUT_OF_SLICE — supplied fixed-semantics declaration/rule; guard/sort/priority reviewed and no match or dependency on this entry claim
6113:
6114:```k
6115:  rule decStrToF(CS:IntSeq)
6116:    => intToF(intPart(CS)) +Float (intToF(fracPart(CS)) /Float intToF(fracScale(CS)))
6117:```
6118:
6119:### K-0494 — `semantics/float.k:165`
6120:
6121:- Lines: 165–165
6122:- Classification: local syntax/function declaration
6123:- Attributes: function
6124:- Entry slice: no
6125:- Audit decision: ACCEPT_OUT_OF_SLICE — supplied fixed-semantics declaration/rule; guard/sort/priority reviewed and no match or dependency on this entry claim
6126:
6127:```k
6128:  syntax Int ::= headIS(IntSeq) [function]
6129:```
6130:
6131:### K-0495 — `semantics/float.k:166`
6132:
6133:- Lines: 166–166
6134:- Classification: function/equational rule
6135:- Attributes: none
6136:- Entry slice: no
6137:- Audit decision: ACCEPT_OUT_OF_SLICE — supplied fixed-semantics declaration/rule; guard/sort/priority reviewed and no match or dependency on this entry claim
6138:
6139:```k
6140:  rule headIS(iCons(C:Int, _:IntSeq)) => C
6141:```
6142:
6143:### K-0496 — `semantics/float.k:167`
6144:
6145:- Lines: 167–167
6146:- Classification: local syntax/function declaration
6147:- Attributes: function, total
6148:- Entry slice: no
6149:- Audit decision: ACCEPT_OUT_OF_SLICE — supplied fixed-semantics declaration/rule; guard/sort/priority reviewed and no match or dependency on this entry claim
6150:
6151:```k
6152:  syntax Int ::= intPart(IntSeq) [function, total] | intPartAcc(IntSeq, Int) [function, total]
6153:```
6154:
6155:### K-0497 — `semantics/float.k:168`
6156:
6157:- Lines: 168–168
6158:- Classification: function/equational rule
6159:- Attributes: none
6160:- Entry slice: no
6161:- Audit decision: ACCEPT_OUT_OF_SLICE — supplied fixed-semantics declaration/rule; guard/sort/priority reviewed and no match or dependency on this entry claim
6162:
6163:```k
6164:  rule intPart(CS:IntSeq) => intPartAcc(CS, 0)
6165:```
6166:
6167:### K-0498 — `semantics/float.k:169`
6168:
6169:- Lines: 169–169
6170:- Classification: function/equational rule
6171:- Attributes: none
6172:- Entry slice: no
6173:- Audit decision: ACCEPT_OUT_OF_SLICE — supplied fixed-semantics declaration/rule; guard/sort/priority reviewed and no match or dependency on this entry claim
6174:
6175:```k
6176:  rule intPartAcc(.IntSeq, A:Int) => A
6177:```
6178:
6179:### K-0499 — `semantics/float.k:170`
6180:
6181:- Lines: 170–170
6182:- Classification: function/equational rule
6183:- Attributes: none
6184:- Entry slice: no
6185:- Audit decision: ACCEPT_OUT_OF_SLICE — supplied fixed-semantics declaration/rule; guard/sort/priority reviewed and no match or dependency on this entry claim
6186:
6187:```k
6188:  rule intPartAcc(iCons(46, _:IntSeq), A:Int) => A
6189:```
6190:
6191:### K-0500 — `semantics/float.k:171`
6192:
6193:- Lines: 171–171
6194:- Classification: function/equational rule
6195:- Attributes: none
6196:- Entry slice: no
6197:- Audit decision: ACCEPT_OUT_OF_SLICE — supplied fixed-semantics declaration/rule; guard/sort/priority reviewed and no match or dependency on this entry claim
6198:
6199:```k
6200:  rule intPartAcc(iCons(C:Int, R:IntSeq), A:Int) => intPartAcc(R, A *Int 10 +Int (C -Int 48))
6201:```
6202:
6203:### K-0501 — `semantics/float.k:173`
6204:
6205:- Lines: 173–173
6206:- Classification: local syntax/function declaration
6207:- Attributes: function, total
6208:- Entry slice: no
6209:- Audit decision: ACCEPT_OUT_OF_SLICE — supplied fixed-semantics declaration/rule; guard/sort/priority reviewed and no match or dependency on this entry claim
6210:
6211:```k
6212:  syntax Int ::= fracPart(IntSeq) [function, total] | fracAcc(IntSeq, Int) [function, total]
6213:```
6214:
6215:### K-0502 — `semantics/float.k:174`
6216:
6217:- Lines: 174–174
6218:- Classification: function/equational rule
6219:- Attributes: none
6220:- Entry slice: no
6221:- Audit decision: ACCEPT_OUT_OF_SLICE — supplied fixed-semantics declaration/rule; guard/sort/priority reviewed and no match or dependency on this entry claim
6222:
6223:```k
6224:  rule fracPart(.IntSeq) => 0
6225:```
6226:
6227:### K-0503 — `semantics/float.k:175`
6228:
6229:- Lines: 175–175
6230:- Classification: function/equational rule
6231:- Attributes: none
6232:- Entry slice: no
6233:- Audit decision: ACCEPT_OUT_OF_SLICE — supplied fixed-semantics declaration/rule; guard/sort/priority reviewed and no match or dependency on this entry claim
6234:
6235:```k
6236:  rule fracPart(iCons(46, R:IntSeq)) => fracAcc(R, 0)
6237:```
6238:
6239:### K-0504 — `semantics/float.k:176`
6240:
6241:- Lines: 176–176
6242:- Classification: function/equational rule
6243:- Attributes: none
6244:- Entry slice: no
6245:- Audit decision: ACCEPT_OUT_OF_SLICE — supplied fixed-semantics declaration/rule; guard/sort/priority reviewed and no match or dependency on this entry claim
6246:
6247:```k
6248:  rule fracPart(iCons(C:Int, R:IntSeq)) => fracPart(R) requires C =/=Int 46
6249:```
6250:
6251:### K-0505 — `semantics/float.k:177`
6252:
6253:- Lines: 177–177
6254:- Classification: function/equational rule
6255:- Attributes: none
6256:- Entry slice: no
6257:- Audit decision: ACCEPT_OUT_OF_SLICE — supplied fixed-semantics declaration/rule; guard/sort/priority reviewed and no match or dependency on this entry claim
6258:
6259:```k
6260:  rule fracAcc(.IntSeq, A:Int) => A
6261:```
6262:
6263:### K-0506 — `semantics/float.k:178`
6264:
6265:- Lines: 178–178
6266:- Classification: function/equational rule
6267:- Attributes: none
6268:- Entry slice: no
6269:- Audit decision: ACCEPT_OUT_OF_SLICE — supplied fixed-semantics declaration/rule; guard/sort/priority reviewed and no match or dependency on this entry claim
6270:
6271:```k
6272:  rule fracAcc(iCons(C:Int, R:IntSeq), A:Int) => fracAcc(R, A *Int 10 +Int (C -Int 48))
6273:```
6274:
6275:### K-0507 — `semantics/float.k:179`
6276:
6277:- Lines: 179–179
6278:- Classification: local syntax/function declaration
6279:- Attributes: function, total
6280:- Entry slice: no
6281:- Audit decision: ACCEPT_OUT_OF_SLICE — supplied fixed-semantics declaration/rule; guard/sort/priority reviewed and no match or dependency on this entry claim
6282:
6283:```k
6284:  syntax Int ::= fracScale(IntSeq) [function, total] | fscAcc(IntSeq, Int) [function, total]
6285:```
6286:
6287:### K-0508 — `semantics/float.k:180`
6288:
6289:- Lines: 180–180
6290:- Classification: function/equational rule
6291:- Attributes: none
6292:- Entry slice: no
6293:- Audit decision: ACCEPT_OUT_OF_SLICE — supplied fixed-semantics declaration/rule; guard/sort/priority reviewed and no match or dependency on this entry claim
6294:
6295:```k
6296:  rule fracScale(.IntSeq) => 1
6297:```
6298:
6299:### K-0509 — `semantics/float.k:181`
6300:
6301:- Lines: 181–181
6302:- Classification: function/equational rule
6303:- Attributes: none
6304:- Entry slice: no
6305:- Audit decision: ACCEPT_OUT_OF_SLICE — supplied fixed-semantics declaration/rule; guard/sort/priority reviewed and no match or dependency on this entry claim
6306:
6307:```k
6308:  rule fracScale(iCons(46, R:IntSeq)) => fscAcc(R, 1)
6309:```
6310:
6311:### K-0510 — `semantics/float.k:182`
6312:
6313:- Lines: 182–182
6314:- Classification: function/equational rule
6315:- Attributes: none
6316:- Entry slice: no
6317:- Audit decision: ACCEPT_OUT_OF_SLICE — supplied fixed-semantics declaration/rule; guard/sort/priority reviewed and no match or dependency on this entry claim
6318:
6319:```k
6320:  rule fracScale(iCons(C:Int, R:IntSeq)) => fracScale(R) requires C =/=Int 46
6321:```
6322:
6323:### K-0511 — `semantics/float.k:183`
6324:
6325:- Lines: 183–183
6326:- Classification: function/equational rule
6327:- Attributes: none
6328:- Entry slice: no
6329:- Audit decision: ACCEPT_OUT_OF_SLICE — supplied fixed-semantics declaration/rule; guard/sort/priority reviewed and no match or dependency on this entry claim
6330:
6331:```k
6332:  rule fscAcc(.IntSeq, A:Int) => A
6333:```
6334:
6335:### K-0512 — `semantics/float.k:184`
6336:
6337:- Lines: 184–184
6338:- Classification: function/equational rule
6339:- Attributes: none
6340:- Entry slice: no
6341:- Audit decision: ACCEPT_OUT_OF_SLICE — supplied fixed-semantics declaration/rule; guard/sort/priority reviewed and no match or dependency on this entry claim
6342:
6343:```k
6344:  rule fscAcc(iCons(_:Int, R:IntSeq), A:Int) => fscAcc(R, A *Int 10)
6345:```
6346:
6347:### K-0513 — `semantics/float.k:185`
6348:
6349:- Lines: 185–185
6350:- Classification: function/equational rule
6351:- Attributes: none
6352:- Entry slice: no
6353:- Audit decision: ACCEPT_OUT_OF_SLICE — supplied fixed-semantics declaration/rule; guard/sort/priority reviewed and no match or dependency on this entry claim
6354:
6355:```k
6356:  rule applyBuiltin("float", str(CS:IntSeq), .Vals) => decStrToF(CS)
6357:```
6358:
6359:### K-0514 — `semantics/float.k:186`
6360:
6361:- Lines: 186–186
6362:- Classification: function/equational rule
6363:- Attributes: none
6364:- Entry slice: no
6365:- Audit decision: ACCEPT_OUT_OF_SLICE — supplied fixed-semantics declaration/rule; guard/sort/priority reviewed and no match or dependency on this entry claim
6366:
6367:```k
6368:  rule applyBuiltin("float", I:Int, .Vals)          => intToF(I)
6369:```
6370:
6371:### K-0515 — `semantics/float.k:187`
6372:
6373:- Lines: 187–187
6374:- Classification: function/equational rule
6375:- Attributes: none
6376:- Entry slice: no
6377:- Audit decision: ACCEPT_OUT_OF_SLICE — supplied fixed-semantics declaration/rule; guard/sort/priority reviewed and no match or dependency on this entry claim
6378:
6379:```k
6380:  rule applyBuiltin("float", F:Float, .Vals)        => F
6381:```
6382:
6383:### K-0516 — `semantics/float.k:190`
6384:
6385:- Lines: 190–190
6386:- Classification: local syntax/function declaration
6387:- Attributes: function, total, symbol, no-evaluators
6388:- Entry slice: no
6389:- Audit decision: ACCEPT_OUT_OF_SLICE — supplied fixed-semantics declaration/rule; guard/sort/priority reviewed and no match or dependency on this entry claim
6390:
6391:```k
6392:  syntax Float ::= divFloatIntV(Float, Int) [function, total, symbol(divFloatIntV), no-evaluators]
6393:```
6394:
6395:### K-0517 — `semantics/float.k:191`
6396:
6397:- Lines: 191–191
6398:- Classification: function/equational rule; concrete-only equation
6399:- Attributes: concrete
6400:- Entry slice: no
6401:- Audit decision: ACCEPT_OUT_OF_SLICE — supplied fixed-semantics declaration/rule; guard/sort/priority reviewed and no match or dependency on this entry claim
6402:
6403:```k
6404:  rule divFloatIntV(F:Float, I:Int) => F /Float Int2Float(I, 53, 11) [concrete]
6405:```
6406:
6407:### K-0518 — `semantics/float.k:192`
6408:
6409:- Lines: 192–192
6410:- Classification: function/equational rule
6411:- Attributes: none
6412:- Entry slice: no
6413:- Audit decision: ACCEPT_OUT_OF_SLICE — supplied fixed-semantics declaration/rule; guard/sort/priority reviewed and no match or dependency on this entry claim
6414:
6415:```k
6416:  rule applyBin("/", F:Float, I:Int) => divFloatIntV(F, I)
6417:```
6418:
6419:### K-0519 — `semantics/float.k:195`
6420:
6421:- Lines: 195–195
6422:- Classification: local syntax/function declaration
6423:- Attributes: function, total, symbol, no-evaluators
6424:- Entry slice: no
6425:- Audit decision: ACCEPT_OUT_OF_SLICE — supplied fixed-semantics declaration/rule; guard/sort/priority reviewed and no match or dependency on this entry claim
6426:
6427:```k
6428:  syntax Float ::= intToF(Int) [function, total, symbol(intToF), no-evaluators]
6429:```
6430:
6431:### K-0520 — `semantics/float.k:196`
6432:
6433:- Lines: 196–196
6434:- Classification: function/equational rule; concrete-only equation
6435:- Attributes: concrete
6436:- Entry slice: no
6437:- Audit decision: ACCEPT_OUT_OF_SLICE — supplied fixed-semantics declaration/rule; guard/sort/priority reviewed and no match or dependency on this entry claim
6438:
6439:```k
6440:  rule intToF(I:Int) => Int2Float(I, 53, 11) [concrete]
6441:```
6442:
6443:### K-0521 — `semantics/float.k:197`
6444:
6445:- Lines: 197–197
6446:- Classification: function/equational rule
6447:- Attributes: none
6448:- Entry slice: no
6449:- Audit decision: ACCEPT_OUT_OF_SLICE — supplied fixed-semantics declaration/rule; guard/sort/priority reviewed and no match or dependency on this entry claim
6450:
6451:```k
6452:  rule applyBin("+", I:Int, F:Float) => addF(intToF(I), F)
6453:```
6454:
6455:### K-0522 — `semantics/float.k:198`
6456:
6457:- Lines: 198–198
6458:- Classification: function/equational rule
6459:- Attributes: none
6460:- Entry slice: no
6461:- Audit decision: ACCEPT_OUT_OF_SLICE — supplied fixed-semantics declaration/rule; guard/sort/priority reviewed and no match or dependency on this entry claim
6462:
6463:```k
6464:  rule applyBin("+", F:Float, I:Int) => addF(F, intToF(I))
6465:```
6466:
6467:### K-0523 — `semantics/float.k:199`
6468:
6469:- Lines: 199–199
6470:- Classification: function/equational rule
6471:- Attributes: none
6472:- Entry slice: no
6473:- Audit decision: ACCEPT_OUT_OF_SLICE — supplied fixed-semantics declaration/rule; guard/sort/priority reviewed and no match or dependency on this entry claim
6474:
6475:```k
6476:  rule applyBin("-", I:Int, F:Float) => subF(intToF(I), F)
6477:```
6478:
6479:### K-0524 — `semantics/float.k:200`
6480:
6481:- Lines: 200–200
6482:- Classification: function/equational rule
6483:- Attributes: none
6484:- Entry slice: no
6485:- Audit decision: ACCEPT_OUT_OF_SLICE — supplied fixed-semantics declaration/rule; guard/sort/priority reviewed and no match or dependency on this entry claim
6486:
6487:```k
6488:  rule applyBin("-", F:Float, I:Int) => subF(F, intToF(I))
6489:```
6490:
6491:### K-0525 — `semantics/float.k:201`
6492:
6493:- Lines: 201–201
6494:- Classification: function/equational rule
6495:- Attributes: none
6496:- Entry slice: no
6497:- Audit decision: ACCEPT_OUT_OF_SLICE — supplied fixed-semantics declaration/rule; guard/sort/priority reviewed and no match or dependency on this entry claim
6498:
6499:```k
6500:  rule applyBin("*", I:Int, F:Float) => mulF(intToF(I), F)
6501:```
6502:
6503:### K-0526 — `semantics/float.k:202`
6504:
6505:- Lines: 202–202
6506:- Classification: function/equational rule
6507:- Attributes: none
6508:- Entry slice: no
6509:- Audit decision: ACCEPT_OUT_OF_SLICE — supplied fixed-semantics declaration/rule; guard/sort/priority reviewed and no match or dependency on this entry claim
6510:
6511:```k
6512:  rule applyBin("*", F:Float, I:Int) => mulF(F, intToF(I))
6513:```
6514:
6515:### K-0527 — `semantics/float.k:203`
6516:
6517:- Lines: 203–203
6518:- Classification: function/equational rule
6519:- Attributes: none
6520:- Entry slice: no
6521:- Audit decision: ACCEPT_OUT_OF_SLICE — supplied fixed-semantics declaration/rule; guard/sort/priority reviewed and no match or dependency on this entry claim
6522:
6523:```k
6524:  rule applyCmp("<", I:Int, F:Float) => floatLt(intToF(I), F)
6525:```
6526:
6527:### K-0528 — `semantics/float.k:204`
6528:
6529:- Lines: 204–204
6530:- Classification: function/equational rule
6531:- Attributes: none
6532:- Entry slice: no
6533:- Audit decision: ACCEPT_OUT_OF_SLICE — supplied fixed-semantics declaration/rule; guard/sort/priority reviewed and no match or dependency on this entry claim
6534:
6535:```k
6536:  rule applyCmp("<", F:Float, I:Int) => floatLt(F, intToF(I))
6537:```
6538:
6539:### K-0529 — `semantics/float.k:205`
6540:
6541:- Lines: 205–205
6542:- Classification: function/equational rule
6543:- Attributes: none
6544:- Entry slice: no
6545:- Audit decision: ACCEPT_OUT_OF_SLICE — supplied fixed-semantics declaration/rule; guard/sort/priority reviewed and no match or dependency on this entry claim
6546:
6547:```k
6548:  rule applyCmp(">", I:Int, F:Float) => gtF(intToF(I), F)
6549:```
6550:
6551:### K-0530 — `semantics/float.k:206`
6552:
6553:- Lines: 206–206
6554:- Classification: function/equational rule
6555:- Attributes: none
6556:- Entry slice: no
6557:- Audit decision: ACCEPT_OUT_OF_SLICE — supplied fixed-semantics declaration/rule; guard/sort/priority reviewed and no match or dependency on this entry claim
6558:
6559:```k
6560:  rule applyCmp(">", F:Float, I:Int) => gtF(F, intToF(I))
6561:```
6562:
6563:### K-0531 — `semantics/float.k:209`
6564:
6565:- Lines: 209–209
6566:- Classification: local syntax/function declaration
6567:- Attributes: function, total, symbol, no-evaluators
6568:- Entry slice: no
6569:- Audit decision: ACCEPT_OUT_OF_SLICE — supplied fixed-semantics declaration/rule; guard/sort/priority reviewed and no match or dependency on this entry claim
6570:
6571:```k
6572:  syntax Int ::= truncF(Float) [function, total, symbol(truncF), no-evaluators]
6573:```
6574:
6575:### K-0532 — `semantics/float.k:210`
6576:
6577:- Lines: 210–210
6578:- Classification: function/equational rule; concrete-only equation
6579:- Attributes: concrete
6580:- Entry slice: no
6581:- Audit decision: ACCEPT_OUT_OF_SLICE — supplied fixed-semantics declaration/rule; guard/sort/priority reviewed and no match or dependency on this entry claim
6582:
6583:```k
6584:  rule truncF(F:Float) => #if F >=Float 0.0 #then Float2Int(floorFloat(F)) #else Float2Int(ceilFloat(F)) #fi [concrete]
6585:```
6586:
6587:### K-0533 — `semantics/float.k:211`
6588:
6589:- Lines: 211–211
6590:- Classification: function/equational rule
6591:- Attributes: none
6592:- Entry slice: no
6593:- Audit decision: ACCEPT_OUT_OF_SLICE — supplied fixed-semantics declaration/rule; guard/sort/priority reviewed and no match or dependency on this entry claim
6594:
6595:```k
6596:  rule applyBuiltin("int", F:Float, .Vals) => truncF(F)
6597:```
6598:
6599:### K-0534 — `semantics/float.k:213`
6600:
6601:- Lines: 213–213
6602:- Classification: function/equational rule
6603:- Attributes: none
6604:- Entry slice: no
6605:- Audit decision: ACCEPT_OUT_OF_SLICE — supplied fixed-semantics declaration/rule; guard/sort/priority reviewed and no match or dependency on this entry claim
6606:
6607:```k
6608:  rule applyBuiltin("float", I:Int, .Vals)   => intToF(I)
6609:```
6610:
6611:### K-0535 — `semantics/float.k:214`
6612:
6613:- Lines: 214–214
6614:- Classification: function/equational rule
6615:- Attributes: none
6616:- Entry slice: no
6617:- Audit decision: ACCEPT_OUT_OF_SLICE — supplied fixed-semantics declaration/rule; guard/sort/priority reviewed and no match or dependency on this entry claim
6618:
6619:```k
6620:  rule applyBuiltin("float", F:Float, .Vals) => F
6621:```
6622:
6623:### K-0536 — `semantics/float.k:217`
6624:
6625:- Lines: 217–217
6626:- Classification: local syntax/function declaration
6627:- Attributes: function, total, symbol, no-evaluators
6628:- Entry slice: no
6629:- Audit decision: ACCEPT_OUT_OF_SLICE — supplied fixed-semantics declaration/rule; guard/sort/priority reviewed and no match or dependency on this entry claim
6630:
6631:```k
6632:  syntax Int ::= roundF(Float) [function, total, symbol(roundF), no-evaluators]
6633:```
6634:
6635:### K-0537 — `semantics/float.k:218`
6636:
6637:- Lines: 218–222
6638:- Classification: function/equational rule; concrete-only equation
6639:- Attributes: concrete
6640:- Entry slice: no
6641:- Audit decision: ACCEPT_OUT_OF_SLICE — supplied fixed-semantics declaration/rule; guard/sort/priority reviewed and no match or dependency on this entry claim
6642:
6643:```k
6644:  rule roundF(F:Float)
6645:    => #if (F -Float floorFloat(F)) ==Float 0.5
6646:       #then (#if Float2Int(floorFloat(F)) %Int 2 ==Int 0
6647:              #then Float2Int(floorFloat(F)) #else Float2Int(ceilFloat(F)) #fi)
6648:       #else Float2Int(floorFloat(F +Float 0.5)) #fi [concrete]
6649:```
6650:
6651:### K-0538 — `semantics/float.k:223`
6652:
6653:- Lines: 223–223
6654:- Classification: local syntax/function declaration
6655:- Attributes: function, total, symbol, no-evaluators
6656:- Entry slice: no
6657:- Audit decision: ACCEPT_OUT_OF_SLICE — supplied fixed-semantics declaration/rule; guard/sort/priority reviewed and no match or dependency on this entry claim
6658:
6659:```k
6660:  syntax Float ::= roundFN(Float, Int) [function, total, symbol(roundFN), no-evaluators]
6661:```
6662:
6663:### K-0539 — `semantics/float.k:224`
6664:
6665:- Lines: 224–226
6666:- Classification: function/equational rule; concrete-only equation
6667:- Attributes: concrete
6668:- Entry slice: no
6669:- Audit decision: ACCEPT_OUT_OF_SLICE — supplied fixed-semantics declaration/rule; guard/sort/priority reviewed and no match or dependency on this entry claim
6670:
6671:```k
6672:  rule roundFN(F:Float, N:Int)
6673:    => Int2Float(roundF(F *Float Int2Float(10 ^Int N, 53, 11)), 53, 11)
6674:       /Float Int2Float(10 ^Int N, 53, 11) [concrete]
6675:```
6676:
6677:### K-0540 — `semantics/float.k:227`
6678:
6679:- Lines: 227–227
6680:- Classification: function/equational rule
6681:- Attributes: none
6682:- Entry slice: no
6683:- Audit decision: ACCEPT_OUT_OF_SLICE — supplied fixed-semantics declaration/rule; guard/sort/priority reviewed and no match or dependency on this entry claim
6684:
6685:```k
6686:  rule applyBuiltin("round", F:Float, .Vals)        => roundF(F)
6687:```
6688:
6689:### K-0541 — `semantics/float.k:228`
6690:
6691:- Lines: 228–228
6692:- Classification: function/equational rule
6693:- Attributes: none
6694:- Entry slice: no
6695:- Audit decision: ACCEPT_OUT_OF_SLICE — supplied fixed-semantics declaration/rule; guard/sort/priority reviewed and no match or dependency on this entry claim
6696:
6697:```k
6698:  rule applyBuiltin("round", F:Float, N:Int, .Vals) => roundFN(F, N)
6699:```
6700:
6701:### K-0542 — `semantics/float.k:230`
6702:
6703:- Lines: 230–230
6704:- Classification: local syntax/function declaration
6705:- Attributes: function, total, symbol, no-evaluators
6706:- Entry slice: no
6707:- Audit decision: ACCEPT_OUT_OF_SLICE — supplied fixed-semantics declaration/rule; guard/sort/priority reviewed and no match or dependency on this entry claim
6708:
6709:```k
6710:  syntax Float ::= sqrtF(Float) [function, total, symbol(sqrtF), no-evaluators]
6711:```
6712:
6713:### K-0543 — `semantics/float.k:231`
6714:
6715:- Lines: 231–231
6716:- Classification: function/equational rule; concrete-only equation
6717:- Attributes: concrete
6718:- Entry slice: no
6719:- Audit decision: ACCEPT_OUT_OF_SLICE — supplied fixed-semantics declaration/rule; guard/sort/priority reviewed and no match or dependency on this entry claim
6720:
6721:```k
6722:  rule sqrtF(F:Float) => sqrtFloat(F) [concrete]
6723:```
6724:
6725:### K-0544 — `semantics/float.k:232`
6726:
6727:- Lines: 232–232
6728:- Classification: local syntax/function declaration
6729:- Attributes: none
6730:- Entry slice: no
6731:- Audit decision: ACCEPT_OUT_OF_SLICE — supplied fixed-semantics declaration/rule; guard/sort/priority reviewed and no match or dependency on this entry claim
6732:
6733:```k
6734:  syntax KItem ::= "#mathSqrt"
6735:```
6736:
6737:### K-0545 — `semantics/float.k:233`
6738:
6739:- Lines: 233–233
6740:- Classification: ordinary operational semantic rule; priority rule
6741:- Attributes: priority
6742:- Entry slice: no
6743:- Audit decision: ACCEPT_OUT_OF_SLICE — supplied fixed-semantics declaration/rule; guard/sort/priority reviewed and no match or dependency on this entry claim
6744:
6745:```k
6746:  rule <k> Call(Attribute(Name("math"), "sqrt"), (E:Expr, .Exprs)) => E ~> #mathSqrt ... </k> [priority(40)]
6747:```
6748:
6749:### K-0546 — `semantics/float.k:234`
6750:
6751:- Lines: 234–234
6752:- Classification: ordinary operational semantic rule
6753:- Attributes: none
6754:- Entry slice: no
6755:- Audit decision: ACCEPT_OUT_OF_SLICE — supplied fixed-semantics declaration/rule; guard/sort/priority reviewed and no match or dependency on this entry claim
6756:
6757:```k
6758:  rule <k> F:Float ~> #mathSqrt => sqrtF(F) ... </k>
6759:```
6760:
6761:### K-0547 — `semantics/float.k:235`
6762:
6763:- Lines: 235–235
6764:- Classification: ordinary operational semantic rule
6765:- Attributes: none
6766:- Entry slice: no
6767:- Audit decision: ACCEPT_OUT_OF_SLICE — supplied fixed-semantics declaration/rule; guard/sort/priority reviewed and no match or dependency on this entry claim
6768:
6769:```k
6770:  rule <k> I:Int ~> #mathSqrt => sqrtF(intToF(I)) ... </k>
6771:```
6772:
6773:### K-0548 — `semantics/float.k:243`
6774:
6775:- Lines: 243–243
6776:- Classification: local syntax/function declaration
6777:- Attributes: none
6778:- Entry slice: no
6779:- Audit decision: ACCEPT_OUT_OF_SLICE — supplied fixed-semantics declaration/rule; guard/sort/priority reviewed and no match or dependency on this entry claim
6780:
6781:```k
6782:  syntax KItem ::= #maxAccF(Iterable, Float) | #maxContF(Float)
6783:```
6784:
6785:### K-0549 — `semantics/float.k:244`
6786:
6787:- Lines: 244–244
6788:- Classification: ordinary operational semantic rule
6789:- Attributes: none
6790:- Entry slice: no
6791:- Audit decision: ACCEPT_OUT_OF_SLICE — supplied fixed-semantics declaration/rule; guard/sort/priority reviewed and no match or dependency on this entry claim
6792:
6793:```k
6794:  rule <k> #iterYield(V:Val, R:Iterable) ~> #maxCont0 => #maxAccF(R, {V}:>Float) ... </k> requires isFloat(V)
6795:```
6796:
6797:### K-0550 — `semantics/float.k:245`
6798:
6799:- Lines: 245–245
6800:- Classification: ordinary operational semantic rule
6801:- Attributes: none
6802:- Entry slice: no
6803:- Audit decision: ACCEPT_OUT_OF_SLICE — supplied fixed-semantics declaration/rule; guard/sort/priority reviewed and no match or dependency on this entry claim
6804:
6805:```k
6806:  rule <k> #maxAccF(IT:Iterable, M:Float) => #iterNext(IT) ~> #maxContF(M) ... </k>
6807:```
6808:
6809:### K-0551 — `semantics/float.k:246`
6810:
6811:- Lines: 246–246
6812:- Classification: ordinary operational semantic rule
6813:- Attributes: none
6814:- Entry slice: no
6815:- Audit decision: ACCEPT_OUT_OF_SLICE — supplied fixed-semantics declaration/rule; guard/sort/priority reviewed and no match or dependency on this entry claim
6816:
6817:```k
6818:  rule <k> #iterDone ~> #maxContF(M:Float) => M ... </k>
6819:```
6820:
6821:### K-0552 — `semantics/float.k:247`
6822:
6823:- Lines: 247–247
6824:- Classification: ordinary operational semantic rule
6825:- Attributes: none
6826:- Entry slice: no
6827:- Audit decision: ACCEPT_OUT_OF_SLICE — supplied fixed-semantics declaration/rule; guard/sort/priority reviewed and no match or dependency on this entry claim
6828:
6829:```k
6830:  rule <k> #iterYield(V:Val, R:Iterable) ~> #maxContF(M:Float) => #maxAccF(R, maxFloat(M, {V}:>Float)) ... </k>
6831:```
6832:
6833:### K-0553 — `semantics/float.k:250`
6834:
6835:- Lines: 250–250
6836:- Classification: local syntax/function declaration
6837:- Attributes: none
6838:- Entry slice: no
6839:- Audit decision: ACCEPT_OUT_OF_SLICE — supplied fixed-semantics declaration/rule; guard/sort/priority reviewed and no match or dependency on this entry claim
6840:
6841:```k
6842:  syntax KItem ::= #minAccF(Iterable, Float) | #minContF(Float)
6843:```
6844:
6845:### K-0554 — `semantics/float.k:251`
6846:
6847:- Lines: 251–251
6848:- Classification: ordinary operational semantic rule
6849:- Attributes: none
6850:- Entry slice: no
6851:- Audit decision: ACCEPT_OUT_OF_SLICE — supplied fixed-semantics declaration/rule; guard/sort/priority reviewed and no match or dependency on this entry claim
6852:
6853:```k
6854:  rule <k> #iterYield(V:Val, R:Iterable) ~> #minCont0 => #minAccF(R, {V}:>Float) ... </k> requires isFloat(V)
6855:```
6856:
6857:### K-0555 — `semantics/float.k:252`
6858:
6859:- Lines: 252–252
6860:- Classification: ordinary operational semantic rule
6861:- Attributes: none
6862:- Entry slice: no
6863:- Audit decision: ACCEPT_OUT_OF_SLICE — supplied fixed-semantics declaration/rule; guard/sort/priority reviewed and no match or dependency on this entry claim
6864:
6865:```k
6866:  rule <k> #minAccF(IT:Iterable, M:Float) => #iterNext(IT) ~> #minContF(M) ... </k>
6867:```
6868:
6869:### K-0556 — `semantics/float.k:253`
6870:
6871:- Lines: 253–253
6872:- Classification: ordinary operational semantic rule
6873:- Attributes: none
6874:- Entry slice: no
6875:- Audit decision: ACCEPT_OUT_OF_SLICE — supplied fixed-semantics declaration/rule; guard/sort/priority reviewed and no match or dependency on this entry claim
6876:
6877:```k
6878:  rule <k> #iterDone ~> #minContF(M:Float) => M ... </k>
6879:```
6880:
6881:### K-0557 — `semantics/float.k:254`
6882:
6883:- Lines: 254–254
6884:- Classification: ordinary operational semantic rule
6885:- Attributes: none
6886:- Entry slice: no
6887:- Audit decision: ACCEPT_OUT_OF_SLICE — supplied fixed-semantics declaration/rule; guard/sort/priority reviewed and no match or dependency on this entry claim
6888:
6889:```k
6890:  rule <k> #iterYield(V:Val, R:Iterable) ~> #minContF(M:Float) => #minAccF(R, minFloat(M, {V}:>Float)) ... </k>
6891:```
6892:
6893:### K-0558 — `semantics/float.k:261`
6894:
6895:- Lines: 261–261
6896:- Classification: local syntax/function declaration
6897:- Attributes: none
6898:- Entry slice: no
6899:- Audit decision: ACCEPT_OUT_OF_SLICE — supplied fixed-semantics declaration/rule; guard/sort/priority reviewed and no match or dependency on this entry claim
6900:
6901:```k
6902:  syntax KItem ::= #sumAccF(Iterable, Float) | #sumContF(Float)
6903:```
6904:
6905:### K-0559 — `semantics/float.k:262`
6906:
6907:- Lines: 262–263
6908:- Classification: ordinary operational semantic rule
6909:- Attributes: none
6910:- Entry slice: no
6911:- Audit decision: ACCEPT_OUT_OF_SLICE — supplied fixed-semantics declaration/rule; guard/sort/priority reviewed and no match or dependency on this entry claim
6912:
6913:```k
6914:  rule <k> #iterYield(V:Val, R:Iterable) ~> #sumCont(ACC:Int)
6915:        => #sumAccF(R, addF(intToF(ACC), {V}:>Float)) ... </k>
6916:```
6917:
6918:### K-0560 — `semantics/float.k:265`
6919:
6920:- Lines: 265–265
6921:- Classification: ordinary operational semantic rule
6922:- Attributes: none
6923:- Entry slice: no
6924:- Audit decision: ACCEPT_OUT_OF_SLICE — supplied fixed-semantics declaration/rule; guard/sort/priority reviewed and no match or dependency on this entry claim
6925:
6926:```k
6927:  rule <k> #sumAccF(IT:Iterable, ACC:Float) => #iterNext(IT) ~> #sumContF(ACC) ... </k>
6928:```
6929:
6930:### K-0561 — `semantics/float.k:266`
6931:
6932:- Lines: 266–266
6933:- Classification: ordinary operational semantic rule
6934:- Attributes: none
6935:- Entry slice: no
6936:- Audit decision: ACCEPT_OUT_OF_SLICE — supplied fixed-semantics declaration/rule; guard/sort/priority reviewed and no match or dependency on this entry claim
6937:
6938:```k
6939:  rule <k> #iterDone ~> #sumContF(ACC:Float) => ACC ... </k>
6940:```
6941:
6942:### K-0562 — `semantics/float.k:267`
6943:
6944:- Lines: 267–268
6945:- Classification: ordinary operational semantic rule
6946:- Attributes: none
6947:- Entry slice: no
6948:- Audit decision: ACCEPT_OUT_OF_SLICE — supplied fixed-semantics declaration/rule; guard/sort/priority reviewed and no match or dependency on this entry claim
6949:
6950:```k
6951:  rule <k> #iterYield(V:Val, R:Iterable) ~> #sumContF(ACC:Float)
6952:        => #sumAccF(R, addF(ACC, {V}:>Float)) ... </k>
6953:```
6954:
6955:### K-0563 — `semantics/float.k:270`
6956:
6957:- Lines: 270–271
6958:- Classification: ordinary operational semantic rule
6959:- Attributes: none
6960:- Entry slice: no
6961:- Audit decision: ACCEPT_OUT_OF_SLICE — supplied fixed-semantics declaration/rule; guard/sort/priority reviewed and no match or dependency on this entry claim
6962:
6963:```k
6964:  rule <k> #iterYield(V:Val, R:Iterable) ~> #sumContF(ACC:Float)
6965:        => #sumAccF(R, addF(ACC, intToF(intOf(V)))) ... </k>
6966:```
6967:
6968:### K-0564 — `semantics/functions.k:8`
6969:
6970:- Lines: 8–11
6971:- Classification: local syntax/function declaration
6972:- Attributes: none
6973:- Entry slice: yes
6974:- Audit decision: ACCEPT_USED — checked on the entry execution slice for binding, evaluation order, control/state footprint, and result flow
6975:
6976:```k
6977:  syntax KItem ::= frame(continuation: K, callerEnv: Int, savedLoc: Int)
6978:                 | #bindP(ParamNames, Vals)
6979:                 | "#pop"
6980:                 | "#endcall"
6981:```
6982:
6983:### K-0565 — `semantics/functions.k:14`
6984:
6985:- Lines: 14–16
6986:- Classification: ordinary operational semantic rule
6987:- Attributes: none
6988:- Entry slice: yes
6989:- Audit decision: ACCEPT_USED — checked on the entry execution slice for binding, evaluation order, control/state footprint, and result flow
6990:
6991:```k
6992:  rule <k> FuncDef(F:String, Params(PNS:ParamNames), BODY:Stmts) => .K ... </k>
6993:       <env> L:Int </env>
6994:       <scopes> ... L |-> scope(M:Map => M [ F <- closureVal(PNS, BODY, L) ], _) ... </scopes>
6995:```
6996:
6997:### K-0566 — `semantics/functions.k:18`
6998:
6999:- Lines: 18–18
7000:- Classification: local syntax/function declaration
7001:- Attributes: none
7002:- Entry slice: no
7003:- Audit decision: ACCEPT_OUT_OF_SLICE — supplied fixed-semantics declaration/rule; guard/sort/priority reviewed and no match or dependency on this entry claim
7004:
7005:```k
7006:  syntax Expr ::= closureExpr(ParamNames, Stmts)
7007:```
7008:
7009:### K-0567 — `semantics/functions.k:19`
7010:
7011:- Lines: 19–20
7012:- Classification: ordinary operational semantic rule
7013:- Attributes: none
7014:- Entry slice: no
7015:- Audit decision: ACCEPT_OUT_OF_SLICE — supplied fixed-semantics declaration/rule; guard/sort/priority reviewed and no match or dependency on this entry claim
7016:
7017:```k
7018:  rule <k> closureExpr(PNS:ParamNames, BODY:Stmts) => closureVal(PNS, BODY, L) ... </k>
7019:       <env> L:Int </env>
7020:```
7021:
7022:### K-0568 — `semantics/functions.k:27`
7023:
7024:- Lines: 27–27
7025:- Classification: local syntax/function declaration
7026:- Attributes: none
7027:- Entry slice: no
7028:- Audit decision: ACCEPT_OUT_OF_SLICE — supplied fixed-semantics declaration/rule; guard/sort/priority reviewed and no match or dependency on this entry claim
7029:
7030:```k
7031:  syntax Val ::= closureValC(ParamNames, ParamNames, Stmts, Map)
7032:```
7033:
7034:### K-0569 — `semantics/functions.k:31`
7035:
7036:- Lines: 31–32
7037:- Classification: local syntax/function declaration
7038:- Attributes: none
7039:- Entry slice: no
7040:- Audit decision: ACCEPT_OUT_OF_SLICE — supplied fixed-semantics declaration/rule; guard/sort/priority reviewed and no match or dependency on this entry claim
7041:
7042:```k
7043:  syntax KItem ::= #mkClosure(String, ParamNames, ParamNames, ParamNames, Stmts, Map)
7044:                 | #mkLambda(ParamNames, ParamNames, ParamNames, Stmts, Map)
7045:```
7046:
7047:### K-0570 — `semantics/functions.k:33`
7048:
7049:- Lines: 33–35
7050:- Classification: ordinary operational semantic rule
7051:- Attributes: none
7052:- Entry slice: no
7053:- Audit decision: ACCEPT_OUT_OF_SLICE — supplied fixed-semantics declaration/rule; guard/sort/priority reviewed and no match or dependency on this entry claim
7054:
7055:```k
7056:  rule <k> FuncDef(F:String, Params(PNS:ParamNames), CellVars(CVS:ParamNames),
7057:                   FreeVars(FVS:ParamNames), BODY:Stmts)
7058:        => #mkClosure(F, PNS, CVS, FVS, BODY, .Map) ... </k>
7059:```
7060:
7061:### K-0571 — `semantics/functions.k:36`
7062:
7063:- Lines: 36–40
7064:- Classification: ordinary operational semantic rule
7065:- Attributes: none
7066:- Entry slice: no
7067:- Audit decision: ACCEPT_OUT_OF_SLICE — supplied fixed-semantics declaration/rule; guard/sort/priority reviewed and no match or dependency on this entry claim
7068:
7069:```k
7070:  rule <k> #mkClosure(F:String, PNS:ParamNames, CVS:ParamNames,
7071:                      (FV:String, FVR:ParamNames), BODY:Stmts, CM:Map)
7072:        => #mkClosure(F, PNS, CVS, FVR, BODY, CM [ FV <- {M[FV]}:>Val ]) ... </k>
7073:       <env> L:Int </env>
7074:       <scopes> ... L |-> scope(M:Map, _) ... </scopes>
7075:```
7076:
7077:### K-0572 — `semantics/functions.k:42`
7078:
7079:- Lines: 42–45
7080:- Classification: ordinary operational semantic rule
7081:- Attributes: none
7082:- Entry slice: no
7083:- Audit decision: ACCEPT_OUT_OF_SLICE — supplied fixed-semantics declaration/rule; guard/sort/priority reviewed and no match or dependency on this entry claim
7084:
7085:```k
7086:  rule <k> #mkClosure(F:String, PNS:ParamNames, CVS:ParamNames,
7087:                      .ParamNames, BODY:Stmts, CM:Map) => .K ... </k>
7088:       <env> L:Int </env>
7089:       <scopes> ... L |-> scope(M:Map => M [ F <- closureValC(PNS, CVS, BODY, CM) ], _) ... </scopes>
7090:```
7091:
7092:### K-0573 — `semantics/functions.k:47`
7093:
7094:- Lines: 47–49
7095:- Classification: ordinary operational semantic rule
7096:- Attributes: none
7097:- Entry slice: no
7098:- Audit decision: ACCEPT_OUT_OF_SLICE — supplied fixed-semantics declaration/rule; guard/sort/priority reviewed and no match or dependency on this entry claim
7099:
7100:```k
7101:  rule <k> Lambda(Params(PNS:ParamNames), E:Expr)
7102:        => closureVal(PNS, Return(E) .Stmts, L) ... </k>
7103:       <env> L:Int </env>
7104:```
7105:
7106:### K-0574 — `semantics/functions.k:50`
7107:
7108:- Lines: 50–52
7109:- Classification: ordinary operational semantic rule
7110:- Attributes: none
7111:- Entry slice: no
7112:- Audit decision: ACCEPT_OUT_OF_SLICE — supplied fixed-semantics declaration/rule; guard/sort/priority reviewed and no match or dependency on this entry claim
7113:
7114:```k
7115:  rule <k> Lambda(Params(PNS:ParamNames), CellVars(CVS:ParamNames),
7116:                  FreeVars(FVS:ParamNames), E:Expr)
7117:        => #mkLambda(PNS, CVS, FVS, Return(E) .Stmts, .Map) ... </k>
7118:```
7119:
7120:### K-0575 — `semantics/functions.k:53`
7121:
7122:- Lines: 53–57
7123:- Classification: ordinary operational semantic rule
7124:- Attributes: none
7125:- Entry slice: no
7126:- Audit decision: ACCEPT_OUT_OF_SLICE — supplied fixed-semantics declaration/rule; guard/sort/priority reviewed and no match or dependency on this entry claim
7127:
7128:```k
7129:  rule <k> #mkLambda(PNS:ParamNames, CVS:ParamNames,
7130:                     (FV:String, FVR:ParamNames), BODY:Stmts, CM:Map)
7131:        => #mkLambda(PNS, CVS, FVR, BODY, CM [ FV <- {M[FV]}:>Val ]) ... </k>
7132:       <env> L:Int </env>
7133:       <scopes> ... L |-> scope(M:Map, _) ... </scopes>
7134:```
7135:
7136:### K-0576 — `semantics/functions.k:59`
7137:
7138:- Lines: 59–60
7139:- Classification: ordinary operational semantic rule
7140:- Attributes: none
7141:- Entry slice: no
7142:- Audit decision: ACCEPT_OUT_OF_SLICE — supplied fixed-semantics declaration/rule; guard/sort/priority reviewed and no match or dependency on this entry claim
7143:
7144:```k
7145:  rule <k> #mkLambda(PNS:ParamNames, CVS:ParamNames, .ParamNames, BODY:Stmts, CM:Map)
7146:        => closureValC(PNS, CVS, BODY, CM) ... </k>
7147:```
7148:
7149:### K-0577 — `semantics/functions.k:63`
7150:
7151:- Lines: 63–63
7152:- Classification: ordinary operational semantic rule
7153:- Attributes: none
7154:- Entry slice: yes
7155:- Audit decision: ACCEPT_USED — checked on the entry execution slice for binding, evaluation order, control/state footprint, and result flow
7156:
7157:```k
7158:  rule <k> #bindP(.ParamNames, .Vals) => .K ... </k>
7159:```
7160:
7161:### K-0578 — `semantics/functions.k:64`
7162:
7163:- Lines: 64–66
7164:- Classification: ordinary operational semantic rule
7165:- Attributes: none
7166:- Entry slice: yes
7167:- Audit decision: ACCEPT_USED — checked on the entry execution slice for binding, evaluation order, control/state footprint, and result flow
7168:
7169:```k
7170:  rule <k> #bindP((P:String, PS:ParamNames), (V:Val, VS:Vals)) => #bindP(PS, VS) ... </k>
7171:       <env> L:Int </env>
7172:       <scopes> ... L |-> scope(M:Map => M [ P <- V ], _) ... </scopes>
7173:```
7174:
7175:### K-0579 — `semantics/functions.k:68`
7176:
7177:- Lines: 68–71
7178:- Classification: ordinary operational semantic rule
7179:- Attributes: none
7180:- Entry slice: yes
7181:- Audit decision: ACCEPT_USED — checked on the entry execution slice for binding, evaluation order, control/state footprint, and result flow
7182:
7183:```k
7184:  rule <k> #bindP((P:String, PS:ParamNames), (V:Val, VS:Vals))
7185:        => #cellW({M[P]}:>Val, V) ~> #bindP(PS, VS) ... </k>
7186:       <env> L:Int </env>
7187:       <scopes> ... L |-> scope(M:Map, _) ... </scopes>
7188:```
7189:
7190:### K-0580 — `semantics/functions.k:78`
7191:
7192:- Lines: 78–79
7193:- Classification: ordinary operational semantic rule
7194:- Attributes: none
7195:- Entry slice: yes
7196:- Audit decision: ACCEPT_USED — checked on the entry execution slice for binding, evaluation order, control/state footprint, and result flow
7197:
7198:```k
7199:  rule <k> Return(V:Val) ~> _ => #pop </k>
7200:       <ret> noRet => retV(V) </ret>
7201:```
7202:
7203:### K-0581 — `semantics/functions.k:80`
7204:
7205:- Lines: 80–81
7206:- Classification: ordinary operational semantic rule
7207:- Attributes: none
7208:- Entry slice: yes
7209:- Audit decision: ACCEPT_USED — checked on the entry execution slice for binding, evaluation order, control/state footprint, and result flow
7210:
7211:```k
7212:  rule <k> #endcall => #pop ... </k>
7213:       <ret> noRet => retV(noneV) </ret>
7214:```
7215:
7216:### K-0582 — `semantics/functions.k:85`
7217:
7218:- Lines: 85–90
7219:- Classification: ordinary operational semantic rule
7220:- Attributes: none
7221:- Entry slice: yes
7222:- Audit decision: ACCEPT_USED — checked on the entry execution slice for binding, evaluation order, control/state footprint, and result flow
7223:
7224:```k
7225:  rule <k> #pop => V ~> CONT </k>
7226:       <ret>   retV(V) => noRet </ret>
7227:       <stack> ListItem(frame(CONT:K, CALLERL:Int, SAVEDL:Int)) => .List ... </stack>
7228:       <env>   L:Int => CALLERL </env>
7229:       <scopes> SC:Map => SC [ L <- undef ] </scopes>
7230:       <scopeLoc> _ => SAVEDL </scopeLoc>
7231:```
7232:
7233:### K-0583 — `semantics/int.k:7`
7234:
7235:- Lines: 7–7
7236:- Classification: function/equational rule
7237:- Attributes: none
7238:- Entry slice: no
7239:- Audit decision: ACCEPT_OUT_OF_SLICE — supplied fixed-semantics declaration/rule; guard/sort/priority reviewed and no match or dependency on this entry claim
7240:
7241:```k
7242:  rule applyUn("-", I:Int) => 0 -Int I
7243:```
7244:
7245:### K-0584 — `semantics/int.k:9`
7246:
7247:- Lines: 9–9
7248:- Classification: function/equational rule
7249:- Attributes: none
7250:- Entry slice: no
7251:- Audit decision: ACCEPT_OUT_OF_SLICE — supplied fixed-semantics declaration/rule; guard/sort/priority reviewed and no match or dependency on this entry claim
7252:
7253:```k
7254:  rule applyBin("+",  I1:Int, I2:Int) => I1 +Int I2
7255:```
7256:
7257:### K-0585 — `semantics/int.k:11`
7258:
7259:- Lines: 11–11
7260:- Classification: function/equational rule
7261:- Attributes: none
7262:- Entry slice: no
7263:- Audit decision: ACCEPT_OUT_OF_SLICE — supplied fixed-semantics declaration/rule; guard/sort/priority reviewed and no match or dependency on this entry claim
7264:
7265:```k
7266:  rule applyBin("+",  I:Int, B:Bool) => I +Int #if B #then 1 #else 0 #fi
7267:```
7268:
7269:### K-0586 — `semantics/int.k:12`
7270:
7271:- Lines: 12–12
7272:- Classification: function/equational rule
7273:- Attributes: none
7274:- Entry slice: no
7275:- Audit decision: ACCEPT_OUT_OF_SLICE — supplied fixed-semantics declaration/rule; guard/sort/priority reviewed and no match or dependency on this entry claim
7276:
7277:```k
7278:  rule applyBin("+",  B:Bool, I:Int) => #if B #then 1 #else 0 #fi +Int I
7279:```
7280:
7281:### K-0587 — `semantics/int.k:13`
7282:
7283:- Lines: 13–13
7284:- Classification: function/equational rule
7285:- Attributes: none
7286:- Entry slice: no
7287:- Audit decision: ACCEPT_OUT_OF_SLICE — supplied fixed-semantics declaration/rule; guard/sort/priority reviewed and no match or dependency on this entry claim
7288:
7289:```k
7290:  rule applyBin("-",  I1:Int, I2:Int) => I1 -Int I2
7291:```
7292:
7293:### K-0588 — `semantics/int.k:14`
7294:
7295:- Lines: 14–14
7296:- Classification: function/equational rule
7297:- Attributes: none
7298:- Entry slice: no
7299:- Audit decision: ACCEPT_OUT_OF_SLICE — supplied fixed-semantics declaration/rule; guard/sort/priority reviewed and no match or dependency on this entry claim
7300:
7301:```k
7302:  rule applyBin("*",  I1:Int, I2:Int) => I1 *Int I2
7303:```
7304:
7305:### K-0589 — `semantics/int.k:15`
7306:
7307:- Lines: 15–15
7308:- Classification: function/equational rule
7309:- Attributes: none
7310:- Entry slice: no
7311:- Audit decision: ACCEPT_OUT_OF_SLICE — supplied fixed-semantics declaration/rule; guard/sort/priority reviewed and no match or dependency on this entry claim
7312:
7313:```k
7314:  rule applyBin("%",  I1:Int, I2:Int) => pyMod(I1, I2)
7315:```
7316:
7317:### K-0590 — `semantics/int.k:16`
7318:
7319:- Lines: 16–16
7320:- Classification: function/equational rule
7321:- Attributes: none
7322:- Entry slice: no
7323:- Audit decision: ACCEPT_OUT_OF_SLICE — supplied fixed-semantics declaration/rule; guard/sort/priority reviewed and no match or dependency on this entry claim
7324:
7325:```k
7326:  rule applyBin("//", I1:Int, I2:Int) => (I1 -Int pyMod(I1, I2)) /Int I2
7327:```
7328:
7329:### K-0591 — `semantics/int.k:17`
7330:
7331:- Lines: 17–17
7332:- Classification: function/equational rule
7333:- Attributes: none
7334:- Entry slice: no
7335:- Audit decision: ACCEPT_OUT_OF_SLICE — supplied fixed-semantics declaration/rule; guard/sort/priority reviewed and no match or dependency on this entry claim
7336:
7337:```k
7338:  rule applyBin("**", I1:Int, I2:Int) => I1 ^Int I2 requires I2 >=Int 0
7339:```
7340:
7341:### K-0592 — `semantics/int.k:19`
7342:
7343:- Lines: 19–19
7344:- Classification: local syntax/function declaration
7345:- Attributes: function
7346:- Entry slice: no
7347:- Audit decision: ACCEPT_OUT_OF_SLICE — supplied fixed-semantics declaration/rule; guard/sort/priority reviewed and no match or dependency on this entry claim
7348:
7349:```k
7350:  syntax Int ::= pyMod(Int, Int) [function]
7351:```
7352:
7353:### K-0593 — `semantics/int.k:20`
7354:
7355:- Lines: 20–20
7356:- Classification: function/equational rule
7357:- Attributes: none
7358:- Entry slice: no
7359:- Audit decision: ACCEPT_OUT_OF_SLICE — supplied fixed-semantics declaration/rule; guard/sort/priority reviewed and no match or dependency on this entry claim
7360:
7361:```k
7362:  rule pyMod(I1:Int, I2:Int) => ((I1 %Int I2) +Int I2) %Int I2
7363:```
7364:
7365:### K-0594 — `semantics/int.k:22`
7366:
7367:- Lines: 22–22
7368:- Classification: function/equational rule
7369:- Attributes: none
7370:- Entry slice: no
7371:- Audit decision: ACCEPT_OUT_OF_SLICE — supplied fixed-semantics declaration/rule; guard/sort/priority reviewed and no match or dependency on this entry claim
7372:
7373:```k
7374:  rule applyCmp("<",  I1:Int, I2:Int)   => I1 <Int  I2
7375:```
7376:
7377:### K-0595 — `semantics/int.k:23`
7378:
7379:- Lines: 23–23
7380:- Classification: function/equational rule
7381:- Attributes: none
7382:- Entry slice: no
7383:- Audit decision: ACCEPT_OUT_OF_SLICE — supplied fixed-semantics declaration/rule; guard/sort/priority reviewed and no match or dependency on this entry claim
7384:
7385:```k
7386:  rule applyCmp("<=", I1:Int, I2:Int)   => I1 <=Int I2
7387:```
7388:
7389:### K-0596 — `semantics/int.k:24`
7390:
7391:- Lines: 24–24
7392:- Classification: function/equational rule
7393:- Attributes: none
7394:- Entry slice: no
7395:- Audit decision: ACCEPT_OUT_OF_SLICE — supplied fixed-semantics declaration/rule; guard/sort/priority reviewed and no match or dependency on this entry claim
7396:
7397:```k
7398:  rule applyCmp(">",  I1:Int, I2:Int)   => I1 >Int  I2
7399:```
7400:
7401:### K-0597 — `semantics/int.k:25`
7402:
7403:- Lines: 25–25
7404:- Classification: function/equational rule
7405:- Attributes: none
7406:- Entry slice: no
7407:- Audit decision: ACCEPT_OUT_OF_SLICE — supplied fixed-semantics declaration/rule; guard/sort/priority reviewed and no match or dependency on this entry claim
7408:
7409:```k
7410:  rule applyCmp(">=", I1:Int, I2:Int)   => I1 >=Int I2
7411:```
7412:
7413:### K-0598 — `semantics/int.k:26`
7414:
7415:- Lines: 26–26
7416:- Classification: function/equational rule
7417:- Attributes: none
7418:- Entry slice: no
7419:- Audit decision: ACCEPT_OUT_OF_SLICE — supplied fixed-semantics declaration/rule; guard/sort/priority reviewed and no match or dependency on this entry claim
7420:
7421:```k
7422:  rule applyCmp("==", I1:Int, I2:Int)   => I1 ==Int I2
7423:```
7424:
7425:### K-0599 — `semantics/int.k:27`
7426:
7427:- Lines: 27–27
7428:- Classification: function/equational rule
7429:- Attributes: none
7430:- Entry slice: no
7431:- Audit decision: ACCEPT_OUT_OF_SLICE — supplied fixed-semantics declaration/rule; guard/sort/priority reviewed and no match or dependency on this entry claim
7432:
7433:```k
7434:  rule applyCmp("!=", I1:Int, I2:Int)   => I1 =/=Int I2
7435:```
7436:
7437:### K-0600 — `semantics/iter.k:8`
7438:
7439:- Lines: 8–8
7440:- Classification: local syntax/function declaration
7441:- Attributes: none
7442:- Entry slice: no
7443:- Audit decision: ACCEPT_OUT_OF_SLICE — supplied fixed-semantics declaration/rule; guard/sort/priority reviewed and no match or dependency on this entry claim
7444:
7445:```k
7446:  syntax KItem ::= #iterNext(Iterable) | "#iterDone" | #iterYield(Val, Iterable)
7447:```
7448:
7449:### K-0601 — `semantics/list.k:9`
7450:
7451:- Lines: 9–9
7452:- Classification: ordinary operational semantic rule
7453:- Attributes: none
7454:- Entry slice: no
7455:- Audit decision: ACCEPT_OUT_OF_SLICE — supplied fixed-semantics declaration/rule; guard/sort/priority reviewed and no match or dependency on this entry claim
7456:
7457:```k
7458:  rule <k> #iterNext(list(.ValSeq))                => #iterDone ... </k>
7459:```
7460:
7461:### K-0602 — `semantics/list.k:10`
7462:
7463:- Lines: 10–10
7464:- Classification: ordinary operational semantic rule
7465:- Attributes: none
7466:- Entry slice: no
7467:- Audit decision: ACCEPT_OUT_OF_SLICE — supplied fixed-semantics declaration/rule; guard/sort/priority reviewed and no match or dependency on this entry claim
7468:
7469:```k
7470:  rule <k> #iterNext(list(vCons(V:Val, R:ValSeq))) => #iterYield(V, list(R)) ... </k>
7471:```
7472:
7473:### K-0603 — `semantics/list.k:13`
7474:
7475:- Lines: 13–13
7476:- Classification: local syntax/function declaration
7477:- Attributes: none
7478:- Entry slice: no
7479:- Audit decision: ACCEPT_OUT_OF_SLICE — supplied fixed-semantics declaration/rule; guard/sort/priority reviewed and no match or dependency on this entry claim
7480:
7481:```k
7482:  syntax ApplyK ::= "toList"
7483:```
7484:
7485:### K-0604 — `semantics/list.k:14`
7486:
7487:- Lines: 14–14
7488:- Classification: ordinary operational semantic rule
7489:- Attributes: none
7490:- Entry slice: no
7491:- Audit decision: ACCEPT_OUT_OF_SLICE — supplied fixed-semantics declaration/rule; guard/sort/priority reviewed and no match or dependency on this entry claim
7492:
7493:```k
7494:  rule <k> ListExpr(ES:Exprs) => #evalArgs(ES, .Vals, toList) ... </k>
7495:```
7496:
7497:### K-0605 — `semantics/list.k:15`
7498:
7499:- Lines: 15–15
7500:- Classification: ordinary operational semantic rule
7501:- Attributes: none
7502:- Entry slice: no
7503:- Audit decision: ACCEPT_OUT_OF_SLICE — supplied fixed-semantics declaration/rule; guard/sort/priority reviewed and no match or dependency on this entry claim
7504:
7505:```k
7506:  rule <k> #applyK(toList, ACC:Vals) => #alloc(list(vals2valSeq(ACC))) ... </k>
7507:```
7508:
7509:### K-0606 — `semantics/list.k:18`
7510:
7511:- Lines: 18–18
7512:- Classification: local syntax/function declaration
7513:- Attributes: function, total
7514:- Entry slice: no
7515:- Audit decision: ACCEPT_OUT_OF_SLICE — supplied fixed-semantics declaration/rule; guard/sort/priority reviewed and no match or dependency on this entry claim
7516:
7517:```k
7518:  syntax ValSeq ::= valSeqConcat(ValSeq, ValSeq) [function, total]
7519:```
7520:
7521:### K-0607 — `semantics/list.k:19`
7522:
7523:- Lines: 19–19
7524:- Classification: function/equational rule
7525:- Attributes: none
7526:- Entry slice: no
7527:- Audit decision: ACCEPT_OUT_OF_SLICE — supplied fixed-semantics declaration/rule; guard/sort/priority reviewed and no match or dependency on this entry claim
7528:
7529:```k
7530:  rule valSeqConcat(.ValSeq, T:ValSeq)                => T
7531:```
7532:
7533:### K-0608 — `semantics/list.k:20`
7534:
7535:- Lines: 20–20
7536:- Classification: function/equational rule
7537:- Attributes: none
7538:- Entry slice: no
7539:- Audit decision: ACCEPT_OUT_OF_SLICE — supplied fixed-semantics declaration/rule; guard/sort/priority reviewed and no match or dependency on this entry claim
7540:
7541:```k
7542:  rule valSeqConcat(vCons(V:Val, S:ValSeq), T:ValSeq) => vCons(V, valSeqConcat(S, T))
7543:```
7544:
7545:### K-0609 — `semantics/list.k:24`
7546:
7547:- Lines: 24–25
7548:- Classification: ordinary operational semantic rule; priority rule
7549:- Attributes: priority
7550:- Entry slice: no
7551:- Audit decision: ACCEPT_OUT_OF_SLICE — supplied fixed-semantics declaration/rule; guard/sort/priority reviewed and no match or dependency on this entry claim
7552:
7553:```k
7554:  rule <k> BinOp("+", list(A:ValSeq), list(B:ValSeq)) => #alloc(list(valSeqConcat(A, B))) ... </k>
7555:       [priority(45)]
7556:```
7557:
7558:### K-0610 — `semantics/list.k:27`
7559:
7560:- Lines: 27–27
7561:- Classification: function/equational rule
7562:- Attributes: none
7563:- Entry slice: no
7564:- Audit decision: ACCEPT_OUT_OF_SLICE — supplied fixed-semantics declaration/rule; guard/sort/priority reviewed and no match or dependency on this entry claim
7565:
7566:```k
7567:  rule applyCmp("==", list(A:ValSeq), list(B:ValSeq)) => A ==K B
7568:```
7569:
7570:### K-0611 — `semantics/list.k:28`
7571:
7572:- Lines: 28–28
7573:- Classification: function/equational rule
7574:- Attributes: none
7575:- Entry slice: no
7576:- Audit decision: ACCEPT_OUT_OF_SLICE — supplied fixed-semantics declaration/rule; guard/sort/priority reviewed and no match or dependency on this entry claim
7577:
7578:```k
7579:  rule applyCmp("!=", list(A:ValSeq), list(B:ValSeq)) => notBool (A ==K B)
7580:```
7581:
7582:### K-0612 — `semantics/list.k:33`
7583:
7584:- Lines: 33–33
7585:- Classification: local syntax/function declaration
7586:- Attributes: function, total
7587:- Entry slice: no
7588:- Audit decision: ACCEPT_OUT_OF_SLICE — supplied fixed-semantics declaration/rule; guard/sort/priority reviewed and no match or dependency on this entry claim
7589:
7590:```k
7591:  syntax Bool ::= hasRefVS(ValSeq) [function, total]
7592:```
7593:
7594:### K-0613 — `semantics/list.k:34`
7595:
7596:- Lines: 34–34
7597:- Classification: function/equational rule
7598:- Attributes: none
7599:- Entry slice: no
7600:- Audit decision: ACCEPT_OUT_OF_SLICE — supplied fixed-semantics declaration/rule; guard/sort/priority reviewed and no match or dependency on this entry claim
7601:
7602:```k
7603:  rule hasRefVS(.ValSeq)                => false
7604:```
7605:
7606:### K-0614 — `semantics/list.k:35`
7607:
7608:- Lines: 35–35
7609:- Classification: function/equational rule
7610:- Attributes: none
7611:- Entry slice: no
7612:- Audit decision: ACCEPT_OUT_OF_SLICE — supplied fixed-semantics declaration/rule; guard/sort/priority reviewed and no match or dependency on this entry claim
7613:
7614:```k
7615:  rule hasRefVS(vCons(V:Val, R:ValSeq)) => isRefV(V) orBool hasRefVS(R)
7616:```
7617:
7618:### K-0615 — `semantics/list.k:37`
7619:
7620:- Lines: 37–38
7621:- Classification: local syntax/function declaration
7622:- Attributes: function
7623:- Entry slice: no
7624:- Audit decision: ACCEPT_OUT_OF_SLICE — supplied fixed-semantics declaration/rule; guard/sort/priority reviewed and no match or dependency on this entry claim
7625:
7626:```k
7627:  syntax Bool ::= deepEqVS(ValSeq, ValSeq, Map) [function]
7628:                | deepEqV(Val, Val, Map)        [function]
7629:```
7630:
7631:### K-0616 — `semantics/list.k:39`
7632:
7633:- Lines: 39–39
7634:- Classification: function/equational rule
7635:- Attributes: none
7636:- Entry slice: no
7637:- Audit decision: ACCEPT_OUT_OF_SLICE — supplied fixed-semantics declaration/rule; guard/sort/priority reviewed and no match or dependency on this entry claim
7638:
7639:```k
7640:  rule deepEqVS(.ValSeq, .ValSeq, _:Map)                   => true
7641:```
7642:
7643:### K-0617 — `semantics/list.k:40`
7644:
7645:- Lines: 40–40
7646:- Classification: function/equational rule
7647:- Attributes: none
7648:- Entry slice: no
7649:- Audit decision: ACCEPT_OUT_OF_SLICE — supplied fixed-semantics declaration/rule; guard/sort/priority reviewed and no match or dependency on this entry claim
7650:
7651:```k
7652:  rule deepEqVS(.ValSeq, vCons(_:Val, _:ValSeq), _:Map)    => false
7653:```
7654:
7655:### K-0618 — `semantics/list.k:41`
7656:
7657:- Lines: 41–41
7658:- Classification: function/equational rule
7659:- Attributes: none
7660:- Entry slice: no
7661:- Audit decision: ACCEPT_OUT_OF_SLICE — supplied fixed-semantics declaration/rule; guard/sort/priority reviewed and no match or dependency on this entry claim
7662:
7663:```k
7664:  rule deepEqVS(vCons(_:Val, _:ValSeq), .ValSeq, _:Map)    => false
7665:```
7666:
7667:### K-0619 — `semantics/list.k:42`
7668:
7669:- Lines: 42–43
7670:- Classification: function/equational rule
7671:- Attributes: none
7672:- Entry slice: no
7673:- Audit decision: ACCEPT_OUT_OF_SLICE — supplied fixed-semantics declaration/rule; guard/sort/priority reviewed and no match or dependency on this entry claim
7674:
7675:```k
7676:  rule deepEqVS(vCons(A:Val, As:ValSeq), vCons(B:Val, Bs:ValSeq), HP:Map)
7677:    => deepEqV(A, B, HP) andBool deepEqVS(As, Bs, HP)
7678:```
7679:
7680:### K-0620 — `semantics/list.k:45`
7681:
7682:- Lines: 45–45
7683:- Classification: function/equational rule
7684:- Attributes: none
7685:- Entry slice: no
7686:- Audit decision: ACCEPT_OUT_OF_SLICE — supplied fixed-semantics declaration/rule; guard/sort/priority reviewed and no match or dependency on this entry claim
7687:
7688:```k
7689:  rule deepEqV(ref(H:Int), B:Val, HP:Map) => deepEqV({HP[H]}:>Val, B, HP)
7690:```
7691:
7692:### K-0621 — `semantics/list.k:47`
7693:
7694:- Lines: 47–47
7695:- Classification: function/equational rule
7696:- Attributes: none
7697:- Entry slice: no
7698:- Audit decision: ACCEPT_OUT_OF_SLICE — supplied fixed-semantics declaration/rule; guard/sort/priority reviewed and no match or dependency on this entry claim
7699:
7700:```k
7701:  rule deepEqV(A:Val, ref(H:Int), HP:Map) => deepEqV(A, {HP[H]}:>Val, HP)
7702:```
7703:
7704:### K-0622 — `semantics/list.k:49`
7705:
7706:- Lines: 49–49
7707:- Classification: function/equational rule
7708:- Attributes: none
7709:- Entry slice: no
7710:- Audit decision: ACCEPT_OUT_OF_SLICE — supplied fixed-semantics declaration/rule; guard/sort/priority reviewed and no match or dependency on this entry claim
7711:
7712:```k
7713:  rule deepEqV(list(A:ValSeq), list(B:ValSeq), HP:Map) => deepEqVS(A, B, HP)
7714:```
7715:
7716:### K-0623 — `semantics/list.k:50`
7717:
7718:- Lines: 50–50
7719:- Classification: function/equational rule
7720:- Attributes: owise
7721:- Entry slice: no
7722:- Audit decision: ACCEPT_OUT_OF_SLICE — supplied fixed-semantics declaration/rule; guard/sort/priority reviewed and no match or dependency on this entry claim
7723:
7724:```k
7725:  rule deepEqV(A:Val, B:Val, _:Map) => A ==K B [owise]
7726:```
7727:
7728:### K-0624 — `semantics/list.k:53`
7729:
7730:- Lines: 53–55
7731:- Classification: ordinary operational semantic rule; priority rule
7732:- Attributes: priority
7733:- Entry slice: no
7734:- Audit decision: ACCEPT_OUT_OF_SLICE — supplied fixed-semantics declaration/rule; guard/sort/priority reviewed and no match or dependency on this entry claim
7735:
7736:```k
7737:  rule <k> #applyK(toCall(boundMethodV(ref(H:Int), "append")), (V:Val, .Vals)) => noneV ... </k>
7738:       <heap> ... H |-> list(VS:ValSeq => valSeqConcat(VS, vCons(V, .ValSeq))) ... </heap>
7739:       [priority(40)]
7740:```
7741:
7742:### K-0625 — `semantics/list.k:58`
7743:
7744:- Lines: 58–58
7745:- Classification: local syntax/function declaration
7746:- Attributes: none
7747:- Entry slice: no
7748:- Audit decision: ACCEPT_OUT_OF_SLICE — supplied fixed-semantics declaration/rule; guard/sort/priority reviewed and no match or dependency on this entry claim
7749:
7750:```k
7751:  syntax KItem ::= #memberAcc(Val, Iterable) | #memberCont(Val) | "#notB"
7752:```
7753:
7754:### K-0626 — `semantics/list.k:59`
7755:
7756:- Lines: 59–59
7757:- Classification: ordinary operational semantic rule
7758:- Attributes: none
7759:- Entry slice: no
7760:- Audit decision: ACCEPT_OUT_OF_SLICE — supplied fixed-semantics declaration/rule; guard/sort/priority reviewed and no match or dependency on this entry claim
7761:
7762:```k
7763:  rule <k> Compare(LV:Val, CmpOp("in",     list(VS:ValSeq))) => #memberAcc(LV, list(VS)) ... </k>
7764:```
7765:
7766:### K-0627 — `semantics/list.k:60`
7767:
7768:- Lines: 60–60
7769:- Classification: ordinary operational semantic rule
7770:- Attributes: none
7771:- Entry slice: no
7772:- Audit decision: ACCEPT_OUT_OF_SLICE — supplied fixed-semantics declaration/rule; guard/sort/priority reviewed and no match or dependency on this entry claim
7773:
7774:```k
7775:  rule <k> Compare(LV:Val, CmpOp("not in", list(VS:ValSeq))) => #memberAcc(LV, list(VS)) ~> #notB ... </k>
7776:```
7777:
7778:### K-0628 — `semantics/list.k:61`
7779:
7780:- Lines: 61–61
7781:- Classification: ordinary operational semantic rule
7782:- Attributes: none
7783:- Entry slice: no
7784:- Audit decision: ACCEPT_OUT_OF_SLICE — supplied fixed-semantics declaration/rule; guard/sort/priority reviewed and no match or dependency on this entry claim
7785:
7786:```k
7787:  rule <k> #memberAcc(V:Val, IT:Iterable) => #iterNext(IT) ~> #memberCont(V) ... </k>
7788:```
7789:
7790:### K-0629 — `semantics/list.k:62`
7791:
7792:- Lines: 62–62
7793:- Classification: ordinary operational semantic rule
7794:- Attributes: none
7795:- Entry slice: no
7796:- Audit decision: ACCEPT_OUT_OF_SLICE — supplied fixed-semantics declaration/rule; guard/sort/priority reviewed and no match or dependency on this entry claim
7797:
7798:```k
7799:  rule <k> #iterDone ~> #memberCont(_V:Val) => false ... </k>
7800:```
7801:
7802:### K-0630 — `semantics/list.k:63`
7803:
7804:- Lines: 63–63
7805:- Classification: ordinary operational semantic rule
7806:- Attributes: none
7807:- Entry slice: no
7808:- Audit decision: ACCEPT_OUT_OF_SLICE — supplied fixed-semantics declaration/rule; guard/sort/priority reviewed and no match or dependency on this entry claim
7809:
7810:```k
7811:  rule <k> #iterYield(E:Val, _:Iterable) ~> #memberCont(V:Val) => true ... </k>
7812:```
7813:
7814:### K-0631 — `semantics/list.k:65`
7815:
7816:- Lines: 65–65
7817:- Classification: ordinary operational semantic rule
7818:- Attributes: none
7819:- Entry slice: no
7820:- Audit decision: ACCEPT_OUT_OF_SLICE — supplied fixed-semantics declaration/rule; guard/sort/priority reviewed and no match or dependency on this entry claim
7821:
7822:```k
7823:  rule <k> #iterYield(E:Val, R:Iterable) ~> #memberCont(V:Val) => #memberAcc(V, R) ... </k>
7824:```
7825:
7826:### K-0632 — `semantics/list.k:67`
7827:
7828:- Lines: 67–67
7829:- Classification: ordinary operational semantic rule
7830:- Attributes: none
7831:- Entry slice: no
7832:- Audit decision: ACCEPT_OUT_OF_SLICE — supplied fixed-semantics declaration/rule; guard/sort/priority reviewed and no match or dependency on this entry claim
7833:
7834:```k
7835:  rule <k> B:Bool ~> #notB => notBool B ... </k>
7836:```
7837:
7838:### K-0633 — `semantics/methods.k:10`
7839:
7840:- Lines: 10–10
7841:- Classification: local syntax/function declaration
7842:- Attributes: function
7843:- Entry slice: no
7844:- Audit decision: ACCEPT_OUT_OF_SLICE — supplied fixed-semantics declaration/rule; guard/sort/priority reviewed and no match or dependency on this entry claim
7845:
7846:```k
7847:  syntax Val ::= applyMethod(Val, String, Vals) [function]
7848:```
7849:
7850:### K-0634 — `semantics/methods.k:13`
7851:
7852:- Lines: 13–13
7853:- Classification: function/equational rule
7854:- Attributes: none
7855:- Entry slice: no
7856:- Audit decision: ACCEPT_OUT_OF_SLICE — supplied fixed-semantics declaration/rule; guard/sort/priority reviewed and no match or dependency on this entry claim
7857:
7858:```k
7859:  rule applyMethod(str(CS:IntSeq), "isupper", .Vals) => hasUpper(CS) andBool notBool hasLower(CS)
7860:```
7861:
7862:### K-0635 — `semantics/methods.k:14`
7863:
7864:- Lines: 14–14
7865:- Classification: function/equational rule
7866:- Attributes: none
7867:- Entry slice: no
7868:- Audit decision: ACCEPT_OUT_OF_SLICE — supplied fixed-semantics declaration/rule; guard/sort/priority reviewed and no match or dependency on this entry claim
7869:
7870:```k
7871:  rule applyMethod(str(CS:IntSeq), "islower", .Vals) => hasLower(CS) andBool notBool hasUpper(CS)
7872:```
7873:
7874:### K-0636 — `semantics/methods.k:15`
7875:
7876:- Lines: 15–15
7877:- Classification: function/equational rule
7878:- Attributes: none
7879:- Entry slice: no
7880:- Audit decision: ACCEPT_OUT_OF_SLICE — supplied fixed-semantics declaration/rule; guard/sort/priority reviewed and no match or dependency on this entry claim
7881:
7882:```k
7883:  rule applyMethod(str(CS:IntSeq), "isalpha", .Vals) => notBool (CS ==K .IntSeq) andBool allAlpha(CS)
7884:```
7885:
7886:### K-0637 — `semantics/methods.k:16`
7887:
7888:- Lines: 16–16
7889:- Classification: function/equational rule
7890:- Attributes: none
7891:- Entry slice: no
7892:- Audit decision: ACCEPT_OUT_OF_SLICE — supplied fixed-semantics declaration/rule; guard/sort/priority reviewed and no match or dependency on this entry claim
7893:
7894:```k
7895:  rule applyMethod(str(CS:IntSeq), "isdigit", .Vals) => notBool (CS ==K .IntSeq) andBool allDigit(CS)
7896:```
7897:
7898:### K-0638 — `semantics/methods.k:19`
7899:
7900:- Lines: 19–19
7901:- Classification: function/equational rule
7902:- Attributes: none
7903:- Entry slice: no
7904:- Audit decision: ACCEPT_OUT_OF_SLICE — supplied fixed-semantics declaration/rule; guard/sort/priority reviewed and no match or dependency on this entry claim
7905:
7906:```k
7907:  rule applyMethod(str(CS:IntSeq), "lower",    .Vals) => str(mapLower(CS))
7908:```
7909:
7910:### K-0639 — `semantics/methods.k:20`
7911:
7912:- Lines: 20–20
7913:- Classification: function/equational rule
7914:- Attributes: none
7915:- Entry slice: no
7916:- Audit decision: ACCEPT_OUT_OF_SLICE — supplied fixed-semantics declaration/rule; guard/sort/priority reviewed and no match or dependency on this entry claim
7917:
7918:```k
7919:  rule applyMethod(str(CS:IntSeq), "upper",    .Vals) => str(mapUpper(CS))
7920:```
7921:
7922:### K-0640 — `semantics/methods.k:21`
7923:
7924:- Lines: 21–21
7925:- Classification: function/equational rule
7926:- Attributes: none
7927:- Entry slice: no
7928:- Audit decision: ACCEPT_OUT_OF_SLICE — supplied fixed-semantics declaration/rule; guard/sort/priority reviewed and no match or dependency on this entry claim
7929:
7930:```k
7931:  rule applyMethod(str(CS:IntSeq), "swapcase", .Vals) => str(mapSwap(CS))
7932:```
7933:
7934:### K-0641 — `semantics/methods.k:26`
7935:
7936:- Lines: 26–26
7937:- Classification: function/equational rule
7938:- Attributes: none
7939:- Entry slice: no
7940:- Audit decision: ACCEPT_OUT_OF_SLICE — supplied fixed-semantics declaration/rule; guard/sort/priority reviewed and no match or dependency on this entry claim
7941:
7942:```k
7943:  rule applyMethod(str(SEP:IntSeq), "join", list(VS:ValSeq), .Vals) => str(joinCodes(SEP, VS))
7944:```
7945:
7946:### K-0642 — `semantics/methods.k:27`
7947:
7948:- Lines: 27–27
7949:- Classification: local syntax/function declaration
7950:- Attributes: function, total
7951:- Entry slice: no
7952:- Audit decision: ACCEPT_OUT_OF_SLICE — supplied fixed-semantics declaration/rule; guard/sort/priority reviewed and no match or dependency on this entry claim
7953:
7954:```k
7955:  syntax IntSeq ::= joinCodes(IntSeq, ValSeq) [function, total]
7956:```
7957:
7958:### K-0643 — `semantics/methods.k:28`
7959:
7960:- Lines: 28–28
7961:- Classification: function/equational rule
7962:- Attributes: none
7963:- Entry slice: no
7964:- Audit decision: ACCEPT_OUT_OF_SLICE — supplied fixed-semantics declaration/rule; guard/sort/priority reviewed and no match or dependency on this entry claim
7965:
7966:```k
7967:  rule joinCodes(_:IntSeq, .ValSeq) => .IntSeq
7968:```
7969:
7970:### K-0644 — `semantics/methods.k:29`
7971:
7972:- Lines: 29–29
7973:- Classification: function/equational rule
7974:- Attributes: none
7975:- Entry slice: no
7976:- Audit decision: ACCEPT_OUT_OF_SLICE — supplied fixed-semantics declaration/rule; guard/sort/priority reviewed and no match or dependency on this entry claim
7977:
7978:```k
7979:  rule joinCodes(_:IntSeq, vCons(str(CS:IntSeq), .ValSeq)) => CS
7980:```
7981:
7982:### K-0645 — `semantics/methods.k:30`
7983:
7984:- Lines: 30–31
7985:- Classification: function/equational rule
7986:- Attributes: none
7987:- Entry slice: no
7988:- Audit decision: ACCEPT_OUT_OF_SLICE — supplied fixed-semantics declaration/rule; guard/sort/priority reviewed and no match or dependency on this entry claim
7989:
7990:```k
7991:  rule joinCodes(SEP:IntSeq, vCons(str(CS:IntSeq), vCons(V:Val, R:ValSeq)))
7992:    => seqConcat(CS, seqConcat(SEP, joinCodes(SEP, vCons(V, R))))
7993:```
7994:
7995:### K-0646 — `semantics/methods.k:34`
7996:
7997:- Lines: 34–34
7998:- Classification: function/equational rule
7999:- Attributes: none
8000:- Entry slice: no
8001:- Audit decision: ACCEPT_OUT_OF_SLICE — supplied fixed-semantics declaration/rule; guard/sort/priority reviewed and no match or dependency on this entry claim
8002:
8003:```k
8004:  rule applyMethod(str(CS:IntSeq), "count", str(PC:IntSeq), .Vals) => cntSub(CS, PC)
8005:```
8006:
8007:### K-0647 — `semantics/methods.k:35`
8008:
8009:- Lines: 35–35
8010:- Classification: local syntax/function declaration
8011:- Attributes: function
8012:- Entry slice: no
8013:- Audit decision: ACCEPT_OUT_OF_SLICE — supplied fixed-semantics declaration/rule; guard/sort/priority reviewed and no match or dependency on this entry claim
8014:
8015:```k
8016:  syntax Int ::= cntSub(IntSeq, IntSeq) [function]
8017:```
8018:
8019:### K-0648 — `semantics/methods.k:36`
8020:
8021:- Lines: 36–36
8022:- Classification: function/equational rule
8023:- Attributes: none
8024:- Entry slice: no
8025:- Audit decision: ACCEPT_OUT_OF_SLICE — supplied fixed-semantics declaration/rule; guard/sort/priority reviewed and no match or dependency on this entry claim
8026:
8027:```k
8028:  rule cntSub(.IntSeq, _:IntSeq) => 0
8029:```
8030:
8031:### K-0649 — `semantics/methods.k:37`
8032:
8033:- Lines: 37–37
8034:- Classification: function/equational rule
8035:- Attributes: none
8036:- Entry slice: no
8037:- Audit decision: ACCEPT_OUT_OF_SLICE — supplied fixed-semantics declaration/rule; guard/sort/priority reviewed and no match or dependency on this entry claim
8038:
8039:```k
8040:  rule cntSub(iCons(C:Int, R:IntSeq), PC:IntSeq) => 1 +Int cntSub(dropIS(iCons(C, R), isLen(PC)), PC)
8041:```
8042:
8043:### K-0650 — `semantics/methods.k:39`
8044:
8045:- Lines: 39–39
8046:- Classification: function/equational rule
8047:- Attributes: none
8048:- Entry slice: no
8049:- Audit decision: ACCEPT_OUT_OF_SLICE — supplied fixed-semantics declaration/rule; guard/sort/priority reviewed and no match or dependency on this entry claim
8050:
8051:```k
8052:  rule cntSub(iCons(C:Int, R:IntSeq), PC:IntSeq) => cntSub(R, PC)
8053:```
8054:
8055:### K-0651 — `semantics/methods.k:41`
8056:
8057:- Lines: 41–41
8058:- Classification: local syntax/function declaration
8059:- Attributes: function, total
8060:- Entry slice: no
8061:- Audit decision: ACCEPT_OUT_OF_SLICE — supplied fixed-semantics declaration/rule; guard/sort/priority reviewed and no match or dependency on this entry claim
8062:
8063:```k
8064:  syntax IntSeq ::= dropIS(IntSeq, Int) [function, total]
8065:```
8066:
8067:### K-0652 — `semantics/methods.k:42`
8068:
8069:- Lines: 42–42
8070:- Classification: function/equational rule
8071:- Attributes: none
8072:- Entry slice: no
8073:- Audit decision: ACCEPT_OUT_OF_SLICE — supplied fixed-semantics declaration/rule; guard/sort/priority reviewed and no match or dependency on this entry claim
8074:
8075:```k
8076:  rule dropIS(S:IntSeq, N:Int) => S requires N <=Int 0
8077:```
8078:
8079:### K-0653 — `semantics/methods.k:43`
8080:
8081:- Lines: 43–43
8082:- Classification: function/equational rule
8083:- Attributes: owise
8084:- Entry slice: no
8085:- Audit decision: ACCEPT_OUT_OF_SLICE — supplied fixed-semantics declaration/rule; guard/sort/priority reviewed and no match or dependency on this entry claim
8086:
8087:```k
8088:  rule dropIS(.IntSeq, _:Int) => .IntSeq [owise]
8089:```
8090:
8091:### K-0654 — `semantics/methods.k:44`
8092:
8093:- Lines: 44–44
8094:- Classification: function/equational rule
8095:- Attributes: none
8096:- Entry slice: no
8097:- Audit decision: ACCEPT_OUT_OF_SLICE — supplied fixed-semantics declaration/rule; guard/sort/priority reviewed and no match or dependency on this entry claim
8098:
8099:```k
8100:  rule dropIS(iCons(_:Int, R:IntSeq), N:Int) => dropIS(R, N -Int 1) requires N >Int 0
8101:```
8102:
8103:### K-0655 — `semantics/methods.k:47`
8104:
8105:- Lines: 47–47
8106:- Classification: function/equational rule
8107:- Attributes: none
8108:- Entry slice: no
8109:- Audit decision: ACCEPT_OUT_OF_SLICE — supplied fixed-semantics declaration/rule; guard/sort/priority reviewed and no match or dependency on this entry claim
8110:
8111:```k
8112:  rule applyMethod(str(CS:IntSeq), "strip", .Vals) => str(revIS(trimWS(revIS(trimWS(CS)))))
8113:```
8114:
8115:### K-0656 — `semantics/methods.k:48`
8116:
8117:- Lines: 48–48
8118:- Classification: local syntax/function declaration
8119:- Attributes: function, total
8120:- Entry slice: no
8121:- Audit decision: ACCEPT_OUT_OF_SLICE — supplied fixed-semantics declaration/rule; guard/sort/priority reviewed and no match or dependency on this entry claim
8122:
8123:```k
8124:  syntax IntSeq ::= trimWS(IntSeq) [function, total]
8125:```
8126:
8127:### K-0657 — `semantics/methods.k:49`
8128:
8129:- Lines: 49–49
8130:- Classification: function/equational rule
8131:- Attributes: none
8132:- Entry slice: no
8133:- Audit decision: ACCEPT_OUT_OF_SLICE — supplied fixed-semantics declaration/rule; guard/sort/priority reviewed and no match or dependency on this entry claim
8134:
8135:```k
8136:  rule trimWS(.IntSeq) => .IntSeq
8137:```
8138:
8139:### K-0658 — `semantics/methods.k:50`
8140:
8141:- Lines: 50–50
8142:- Classification: function/equational rule
8143:- Attributes: none
8144:- Entry slice: no
8145:- Audit decision: ACCEPT_OUT_OF_SLICE — supplied fixed-semantics declaration/rule; guard/sort/priority reviewed and no match or dependency on this entry claim
8146:
8147:```k
8148:  rule trimWS(iCons(C:Int, R:IntSeq)) => trimWS(R) requires isWSC(C)
8149:```
8150:
8151:### K-0659 — `semantics/methods.k:51`
8152:
8153:- Lines: 51–51
8154:- Classification: function/equational rule
8155:- Attributes: none
8156:- Entry slice: no
8157:- Audit decision: ACCEPT_OUT_OF_SLICE — supplied fixed-semantics declaration/rule; guard/sort/priority reviewed and no match or dependency on this entry claim
8158:
8159:```k
8160:  rule trimWS(iCons(C:Int, R:IntSeq)) => iCons(C, R) requires notBool isWSC(C)
8161:```
8162:
8163:### K-0660 — `semantics/methods.k:52`
8164:
8165:- Lines: 52–52
8166:- Classification: local syntax/function declaration
8167:- Attributes: function, total
8168:- Entry slice: no
8169:- Audit decision: ACCEPT_OUT_OF_SLICE — supplied fixed-semantics declaration/rule; guard/sort/priority reviewed and no match or dependency on this entry claim
8170:
8171:```k
8172:  syntax IntSeq ::= revIS(IntSeq) [function, total] | revISAcc(IntSeq, IntSeq) [function, total]
8173:```
8174:
8175:### K-0661 — `semantics/methods.k:53`
8176:
8177:- Lines: 53–53
8178:- Classification: function/equational rule
8179:- Attributes: none
8180:- Entry slice: no
8181:- Audit decision: ACCEPT_OUT_OF_SLICE — supplied fixed-semantics declaration/rule; guard/sort/priority reviewed and no match or dependency on this entry claim
8182:
8183:```k
8184:  rule revIS(S:IntSeq) => revISAcc(S, .IntSeq)
8185:```
8186:
8187:### K-0662 — `semantics/methods.k:54`
8188:
8189:- Lines: 54–54
8190:- Classification: function/equational rule
8191:- Attributes: none
8192:- Entry slice: no
8193:- Audit decision: ACCEPT_OUT_OF_SLICE — supplied fixed-semantics declaration/rule; guard/sort/priority reviewed and no match or dependency on this entry claim
8194:
8195:```k
8196:  rule revISAcc(.IntSeq, A:IntSeq) => A
8197:```
8198:
8199:### K-0663 — `semantics/methods.k:55`
8200:
8201:- Lines: 55–55
8202:- Classification: function/equational rule
8203:- Attributes: none
8204:- Entry slice: no
8205:- Audit decision: ACCEPT_OUT_OF_SLICE — supplied fixed-semantics declaration/rule; guard/sort/priority reviewed and no match or dependency on this entry claim
8206:
8207:```k
8208:  rule revISAcc(iCons(C:Int, R:IntSeq), A:IntSeq) => revISAcc(R, iCons(C, A))
8209:```
8210:
8211:### K-0664 — `semantics/methods.k:58`
8212:
8213:- Lines: 58–58
8214:- Classification: function/equational rule
8215:- Attributes: none
8216:- Entry slice: no
8217:- Audit decision: ACCEPT_OUT_OF_SLICE — supplied fixed-semantics declaration/rule; guard/sort/priority reviewed and no match or dependency on this entry claim
8218:
8219:```k
8220:  rule applyMethod(str(CS:IntSeq), "encode", str(_:IntSeq), .Vals) => str(CS)
8221:```
8222:
8223:### K-0665 — `semantics/methods.k:61`
8224:
8225:- Lines: 61–61
8226:- Classification: function/equational rule
8227:- Attributes: none
8228:- Entry slice: no
8229:- Audit decision: ACCEPT_OUT_OF_SLICE — supplied fixed-semantics declaration/rule; guard/sort/priority reviewed and no match or dependency on this entry claim
8230:
8231:```k
8232:  rule applyMethod(str(XC:IntSeq), "startswith", str(PC:IntSeq), .Vals) => startsWith(PC, XC)
8233:```
8234:
8235:### K-0666 — `semantics/methods.k:64`
8236:
8237:- Lines: 64–64
8238:- Classification: function/equational rule
8239:- Attributes: none
8240:- Entry slice: no
8241:- Audit decision: ACCEPT_OUT_OF_SLICE — supplied fixed-semantics declaration/rule; guard/sort/priority reviewed and no match or dependency on this entry claim
8242:
8243:```k
8244:  rule applyMethod(list(VS:ValSeq), "count", V:Val, .Vals) => cntOccVS(VS, V)
8245:```
8246:
8247:### K-0667 — `semantics/methods.k:65`
8248:
8249:- Lines: 65–65
8250:- Classification: local syntax/function declaration
8251:- Attributes: function, total
8252:- Entry slice: no
8253:- Audit decision: ACCEPT_OUT_OF_SLICE — supplied fixed-semantics declaration/rule; guard/sort/priority reviewed and no match or dependency on this entry claim
8254:
8255:```k
8256:  syntax Int ::= cntOccVS(ValSeq, Val) [function, total]
8257:```
8258:
8259:### K-0668 — `semantics/methods.k:66`
8260:
8261:- Lines: 66–66
8262:- Classification: function/equational rule
8263:- Attributes: none
8264:- Entry slice: no
8265:- Audit decision: ACCEPT_OUT_OF_SLICE — supplied fixed-semantics declaration/rule; guard/sort/priority reviewed and no match or dependency on this entry claim
8266:
8267:```k
8268:  rule cntOccVS(.ValSeq, _:Val)                => 0
8269:```
8270:
8271:### K-0669 — `semantics/methods.k:67`
8272:
8273:- Lines: 67–67
8274:- Classification: function/equational rule
8275:- Attributes: none
8276:- Entry slice: no
8277:- Audit decision: ACCEPT_OUT_OF_SLICE — supplied fixed-semantics declaration/rule; guard/sort/priority reviewed and no match or dependency on this entry claim
8278:
8279:```k
8280:  rule cntOccVS(vCons(A:Val, R:ValSeq), V:Val) => 1 +Int cntOccVS(R, V) requires A ==K V
8281:```
8282:
8283:### K-0670 — `semantics/methods.k:68`
8284:
8285:- Lines: 68–68
8286:- Classification: function/equational rule
8287:- Attributes: none
8288:- Entry slice: no
8289:- Audit decision: ACCEPT_OUT_OF_SLICE — supplied fixed-semantics declaration/rule; guard/sort/priority reviewed and no match or dependency on this entry claim
8290:
8291:```k
8292:  rule cntOccVS(vCons(A:Val, R:ValSeq), V:Val) => cntOccVS(R, V)        requires notBool (A ==K V)
8293:```
8294:
8295:### K-0671 — `semantics/methods.k:72`
8296:
8297:- Lines: 72–74
8298:- Classification: ordinary operational semantic rule; priority rule
8299:- Attributes: priority
8300:- Entry slice: no
8301:- Audit decision: ACCEPT_OUT_OF_SLICE — supplied fixed-semantics declaration/rule; guard/sort/priority reviewed and no match or dependency on this entry claim
8302:
8303:```k
8304:  rule <k> #applyK(toCall(boundMethodV(str(CS:IntSeq), "split")), .Vals)
8305:        => #alloc(list(splitWS(CS, .IntSeq, .ValSeq))) ... </k>
8306:       [priority(40)]
8307:```
8308:
8309:### K-0672 — `semantics/methods.k:75`
8310:
8311:- Lines: 75–75
8312:- Classification: local syntax/function declaration
8313:- Attributes: function
8314:- Entry slice: no
8315:- Audit decision: ACCEPT_OUT_OF_SLICE — supplied fixed-semantics declaration/rule; guard/sort/priority reviewed and no match or dependency on this entry claim
8316:
8317:```k
8318:  syntax ValSeq ::= splitWS(IntSeq, IntSeq, ValSeq) [function]  // remaining, current token, result
8319:```
8320:
8321:### K-0673 — `semantics/methods.k:76`
8322:
8323:- Lines: 76–76
8324:- Classification: function/equational rule
8325:- Attributes: none
8326:- Entry slice: no
8327:- Audit decision: ACCEPT_OUT_OF_SLICE — supplied fixed-semantics declaration/rule; guard/sort/priority reviewed and no match or dependency on this entry claim
8328:
8329:```k
8330:  rule splitWS(.IntSeq, CUR:IntSeq, ACC:ValSeq) => flushTok(ACC, CUR)
8331:```
8332:
8333:### K-0674 — `semantics/methods.k:77`
8334:
8335:- Lines: 77–77
8336:- Classification: function/equational rule
8337:- Attributes: none
8338:- Entry slice: no
8339:- Audit decision: ACCEPT_OUT_OF_SLICE — supplied fixed-semantics declaration/rule; guard/sort/priority reviewed and no match or dependency on this entry claim
8340:
8341:```k
8342:  rule splitWS(iCons(C:Int, R:IntSeq), CUR:IntSeq, ACC:ValSeq) => splitWS(R, .IntSeq, flushTok(ACC, CUR))
8343:```
8344:
8345:### K-0675 — `semantics/methods.k:79`
8346:
8347:- Lines: 79–79
8348:- Classification: function/equational rule
8349:- Attributes: none
8350:- Entry slice: no
8351:- Audit decision: ACCEPT_OUT_OF_SLICE — supplied fixed-semantics declaration/rule; guard/sort/priority reviewed and no match or dependency on this entry claim
8352:
8353:```k
8354:  rule splitWS(iCons(C:Int, R:IntSeq), CUR:IntSeq, ACC:ValSeq) => splitWS(R, seqConcat(CUR, iCons(C, .IntSeq)), ACC)
8355:```
8356:
8357:### K-0676 — `semantics/methods.k:82`
8358:
8359:- Lines: 82–82
8360:- Classification: local syntax/function declaration
8361:- Attributes: function
8362:- Entry slice: no
8363:- Audit decision: ACCEPT_OUT_OF_SLICE — supplied fixed-semantics declaration/rule; guard/sort/priority reviewed and no match or dependency on this entry claim
8364:
8365:```k
8366:  syntax ValSeq ::= flushTok(ValSeq, IntSeq) [function]
8367:```
8368:
8369:### K-0677 — `semantics/methods.k:83`
8370:
8371:- Lines: 83–83
8372:- Classification: function/equational rule
8373:- Attributes: none
8374:- Entry slice: no
8375:- Audit decision: ACCEPT_OUT_OF_SLICE — supplied fixed-semantics declaration/rule; guard/sort/priority reviewed and no match or dependency on this entry claim
8376:
8377:```k
8378:  rule flushTok(ACC:ValSeq, .IntSeq)            => ACC
8379:```
8380:
8381:### K-0678 — `semantics/methods.k:84`
8382:
8383:- Lines: 84–84
8384:- Classification: function/equational rule
8385:- Attributes: none
8386:- Entry slice: no
8387:- Audit decision: ACCEPT_OUT_OF_SLICE — supplied fixed-semantics declaration/rule; guard/sort/priority reviewed and no match or dependency on this entry claim
8388:
8389:```k
8390:  rule flushTok(ACC:ValSeq, iCons(C:Int, T:IntSeq)) => valSeqConcat(ACC, vCons(str(iCons(C, T)), .ValSeq))
8391:```
8392:
8393:### K-0679 — `semantics/methods.k:85`
8394:
8395:- Lines: 85–85
8396:- Classification: local syntax/function declaration
8397:- Attributes: function, total
8398:- Entry slice: no
8399:- Audit decision: ACCEPT_OUT_OF_SLICE — supplied fixed-semantics declaration/rule; guard/sort/priority reviewed and no match or dependency on this entry claim
8400:
8401:```k
8402:  syntax Bool ::= isWSC(Int) [function, total]
8403:```
8404:
8405:### K-0680 — `semantics/methods.k:86`
8406:
8407:- Lines: 86–86
8408:- Classification: function/equational rule
8409:- Attributes: none
8410:- Entry slice: no
8411:- Audit decision: ACCEPT_OUT_OF_SLICE — supplied fixed-semantics declaration/rule; guard/sort/priority reviewed and no match or dependency on this entry claim
8412:
8413:```k
8414:  rule isWSC(C:Int) => C ==Int 32 orBool C ==Int 9 orBool C ==Int 10 orBool C ==Int 13
8415:```
8416:
8417:### K-0681 — `semantics/methods.k:89`
8418:
8419:- Lines: 89–91
8420:- Classification: ordinary operational semantic rule; priority rule
8421:- Attributes: priority
8422:- Entry slice: no
8423:- Audit decision: ACCEPT_OUT_OF_SLICE — supplied fixed-semantics declaration/rule; guard/sort/priority reviewed and no match or dependency on this entry claim
8424:
8425:```k
8426:  rule <k> #applyK(toCall(boundMethodV(str(CS:IntSeq), "split")), (kwV("sep", str(S:IntSeq)), .Vals))
8427:        => #applyK(toCall(boundMethodV(str(CS), "split")), (str(S), .Vals)) ... </k>
8428:       [priority(39)]
8429:```
8430:
8431:### K-0682 — `semantics/methods.k:94`
8432:
8433:- Lines: 94–96
8434:- Classification: ordinary operational semantic rule; priority rule
8435:- Attributes: priority
8436:- Entry slice: no
8437:- Audit decision: ACCEPT_OUT_OF_SLICE — supplied fixed-semantics declaration/rule; guard/sort/priority reviewed and no match or dependency on this entry claim
8438:
8439:```k
8440:  rule <k> #applyK(toCall(boundMethodV(str(CS:IntSeq), "split")), (str(iCons(SEP:Int, .IntSeq)), .Vals))
8441:        => #alloc(list(splitSep(CS, SEP, .IntSeq))) ... </k>
8442:       [priority(40)]
8443:```
8444:
8445:### K-0683 — `semantics/methods.k:97`
8446:
8447:- Lines: 97–97
8448:- Classification: local syntax/function declaration
8449:- Attributes: function
8450:- Entry slice: no
8451:- Audit decision: ACCEPT_OUT_OF_SLICE — supplied fixed-semantics declaration/rule; guard/sort/priority reviewed and no match or dependency on this entry claim
8452:
8453:```k
8454:  syntax ValSeq ::= splitSep(IntSeq, Int, IntSeq) [function]  // remaining, sep code, current token
8455:```
8456:
8457:### K-0684 — `semantics/methods.k:98`
8458:
8459:- Lines: 98–98
8460:- Classification: function/equational rule
8461:- Attributes: none
8462:- Entry slice: no
8463:- Audit decision: ACCEPT_OUT_OF_SLICE — supplied fixed-semantics declaration/rule; guard/sort/priority reviewed and no match or dependency on this entry claim
8464:
8465:```k
8466:  rule splitSep(.IntSeq, _SEP:Int, CUR:IntSeq)              => vCons(str(CUR), .ValSeq)
8467:```
8468:
8469:### K-0685 — `semantics/methods.k:99`
8470:
8471:- Lines: 99–99
8472:- Classification: function/equational rule
8473:- Attributes: none
8474:- Entry slice: no
8475:- Audit decision: ACCEPT_OUT_OF_SLICE — supplied fixed-semantics declaration/rule; guard/sort/priority reviewed and no match or dependency on this entry claim
8476:
8477:```k
8478:  rule splitSep(iCons(C:Int, R:IntSeq), SEP:Int, CUR:IntSeq) => vCons(str(CUR), splitSep(R, SEP, .IntSeq))
8479:```
8480:
8481:### K-0686 — `semantics/methods.k:101`
8482:
8483:- Lines: 101–101
8484:- Classification: function/equational rule
8485:- Attributes: none
8486:- Entry slice: no
8487:- Audit decision: ACCEPT_OUT_OF_SLICE — supplied fixed-semantics declaration/rule; guard/sort/priority reviewed and no match or dependency on this entry claim
8488:
8489:```k
8490:  rule splitSep(iCons(C:Int, R:IntSeq), SEP:Int, CUR:IntSeq) => splitSep(R, SEP, seqConcat(CUR, iCons(C, .IntSeq)))
8491:```
8492:
8493:### K-0687 — `semantics/methods.k:104`
8494:
8495:- Lines: 104–105
8496:- Classification: function/equational rule
8497:- Attributes: none
8498:- Entry slice: no
8499:- Audit decision: ACCEPT_OUT_OF_SLICE — supplied fixed-semantics declaration/rule; guard/sort/priority reviewed and no match or dependency on this entry claim
8500:
8501:```k
8502:  rule applyMethod(str(CS:IntSeq), "replace", str(iCons(A:Int, .IntSeq)), str(iCons(B:Int, .IntSeq)), .Vals)
8503:    => str(replaceC(CS, A, B))
8504:```
8505:
8506:### K-0688 — `semantics/methods.k:106`
8507:
8508:- Lines: 106–106
8509:- Classification: local syntax/function declaration
8510:- Attributes: function, total
8511:- Entry slice: no
8512:- Audit decision: ACCEPT_OUT_OF_SLICE — supplied fixed-semantics declaration/rule; guard/sort/priority reviewed and no match or dependency on this entry claim
8513:
8514:```k
8515:  syntax IntSeq ::= replaceC(IntSeq, Int, Int) [function, total]
8516:```
8517:
8518:### K-0689 — `semantics/methods.k:107`
8519:
8520:- Lines: 107–107
8521:- Classification: function/equational rule
8522:- Attributes: none
8523:- Entry slice: no
8524:- Audit decision: ACCEPT_OUT_OF_SLICE — supplied fixed-semantics declaration/rule; guard/sort/priority reviewed and no match or dependency on this entry claim
8525:
8526:```k
8527:  rule replaceC(.IntSeq, _:Int, _:Int)             => .IntSeq
8528:```
8529:
8530:### K-0690 — `semantics/methods.k:108`
8531:
8532:- Lines: 108–108
8533:- Classification: function/equational rule
8534:- Attributes: none
8535:- Entry slice: no
8536:- Audit decision: ACCEPT_OUT_OF_SLICE — supplied fixed-semantics declaration/rule; guard/sort/priority reviewed and no match or dependency on this entry claim
8537:
8538:```k
8539:  rule replaceC(iCons(C:Int, R:IntSeq), A:Int, B:Int) => iCons(B, replaceC(R, A, B)) requires C ==Int A
8540:```
8541:
8542:### K-0691 — `semantics/methods.k:109`
8543:
8544:- Lines: 109–109
8545:- Classification: function/equational rule
8546:- Attributes: none
8547:- Entry slice: no
8548:- Audit decision: ACCEPT_OUT_OF_SLICE — supplied fixed-semantics declaration/rule; guard/sort/priority reviewed and no match or dependency on this entry claim
8549:
8550:```k
8551:  rule replaceC(iCons(C:Int, R:IntSeq), A:Int, B:Int) => iCons(C, replaceC(R, A, B)) requires notBool (C ==Int A)
8552:```
8553:
8554:### K-0692 — `semantics/methods.k:112`
8555:
8556:- Lines: 112–112
8557:- Classification: local syntax/function declaration
8558:- Attributes: function, total
8559:- Entry slice: no
8560:- Audit decision: ACCEPT_OUT_OF_SLICE — supplied fixed-semantics declaration/rule; guard/sort/priority reviewed and no match or dependency on this entry claim
8561:
8562:```k
8563:  syntax Bool ::= isUpperC(Int) [function, total]
8564:```
8565:
8566:### K-0693 — `semantics/methods.k:113`
8567:
8568:- Lines: 113–113
8569:- Classification: function/equational rule
8570:- Attributes: none
8571:- Entry slice: no
8572:- Audit decision: ACCEPT_OUT_OF_SLICE — supplied fixed-semantics declaration/rule; guard/sort/priority reviewed and no match or dependency on this entry claim
8573:
8574:```k
8575:  rule isUpperC(C:Int) => C >=Int 65 andBool C <=Int 90
8576:```
8577:
8578:### K-0694 — `semantics/methods.k:115`
8579:
8580:- Lines: 115–115
8581:- Classification: local syntax/function declaration
8582:- Attributes: function, total
8583:- Entry slice: no
8584:- Audit decision: ACCEPT_OUT_OF_SLICE — supplied fixed-semantics declaration/rule; guard/sort/priority reviewed and no match or dependency on this entry claim
8585:
8586:```k
8587:  syntax Bool ::= isLowerC(Int) [function, total]
8588:```
8589:
8590:### K-0695 — `semantics/methods.k:116`
8591:
8592:- Lines: 116–116
8593:- Classification: function/equational rule
8594:- Attributes: none
8595:- Entry slice: no
8596:- Audit decision: ACCEPT_OUT_OF_SLICE — supplied fixed-semantics declaration/rule; guard/sort/priority reviewed and no match or dependency on this entry claim
8597:
8598:```k
8599:  rule isLowerC(C:Int) => C >=Int 97 andBool C <=Int 122
8600:```
8601:
8602:### K-0696 — `semantics/methods.k:118`
8603:
8604:- Lines: 118–118
8605:- Classification: local syntax/function declaration
8606:- Attributes: function, total
8607:- Entry slice: no
8608:- Audit decision: ACCEPT_OUT_OF_SLICE — supplied fixed-semantics declaration/rule; guard/sort/priority reviewed and no match or dependency on this entry claim
8609:
8610:```k
8611:  syntax Bool ::= isAlphaC(Int) [function, total]
8612:```
8613:
8614:### K-0697 — `semantics/methods.k:119`
8615:
8616:- Lines: 119–119
8617:- Classification: function/equational rule
8618:- Attributes: none
8619:- Entry slice: no
8620:- Audit decision: ACCEPT_OUT_OF_SLICE — supplied fixed-semantics declaration/rule; guard/sort/priority reviewed and no match or dependency on this entry claim
8621:
8622:```k
8623:  rule isAlphaC(C:Int) => isUpperC(C) orBool isLowerC(C)
8624:```
8625:
8626:### K-0698 — `semantics/methods.k:121`
8627:
8628:- Lines: 121–121
8629:- Classification: local syntax/function declaration
8630:- Attributes: function, total
8631:- Entry slice: no
8632:- Audit decision: ACCEPT_OUT_OF_SLICE — supplied fixed-semantics declaration/rule; guard/sort/priority reviewed and no match or dependency on this entry claim
8633:
8634:```k
8635:  syntax Bool ::= isDigitC(Int) [function, total]
8636:```
8637:
8638:### K-0699 — `semantics/methods.k:122`
8639:
8640:- Lines: 122–122
8641:- Classification: function/equational rule
8642:- Attributes: none
8643:- Entry slice: no
8644:- Audit decision: ACCEPT_OUT_OF_SLICE — supplied fixed-semantics declaration/rule; guard/sort/priority reviewed and no match or dependency on this entry claim
8645:
8646:```k
8647:  rule isDigitC(C:Int) => C >=Int 48 andBool C <=Int 57
8648:```
8649:
8650:### K-0700 — `semantics/methods.k:124`
8651:
8652:- Lines: 124–124
8653:- Classification: local syntax/function declaration
8654:- Attributes: function, total
8655:- Entry slice: no
8656:- Audit decision: ACCEPT_OUT_OF_SLICE — supplied fixed-semantics declaration/rule; guard/sort/priority reviewed and no match or dependency on this entry claim
8657:
8658:```k
8659:  syntax Bool ::= hasUpper(IntSeq) [function, total]
8660:```
8661:
8662:### K-0701 — `semantics/methods.k:125`
8663:
8664:- Lines: 125–125
8665:- Classification: function/equational rule
8666:- Attributes: none
8667:- Entry slice: no
8668:- Audit decision: ACCEPT_OUT_OF_SLICE — supplied fixed-semantics declaration/rule; guard/sort/priority reviewed and no match or dependency on this entry claim
8669:
8670:```k
8671:  rule hasUpper(.IntSeq) => false
8672:```
8673:
8674:### K-0702 — `semantics/methods.k:126`
8675:
8676:- Lines: 126–126
8677:- Classification: function/equational rule
8678:- Attributes: none
8679:- Entry slice: no
8680:- Audit decision: ACCEPT_OUT_OF_SLICE — supplied fixed-semantics declaration/rule; guard/sort/priority reviewed and no match or dependency on this entry claim
8681:
8682:```k
8683:  rule hasUpper(iCons(C:Int, S:IntSeq)) => isUpperC(C) orBool hasUpper(S)
8684:```
8685:
8686:### K-0703 — `semantics/methods.k:128`
8687:
8688:- Lines: 128–128
8689:- Classification: local syntax/function declaration
8690:- Attributes: function, total
8691:- Entry slice: no
8692:- Audit decision: ACCEPT_OUT_OF_SLICE — supplied fixed-semantics declaration/rule; guard/sort/priority reviewed and no match or dependency on this entry claim
8693:
8694:```k
8695:  syntax Bool ::= hasLower(IntSeq) [function, total]
8696:```
8697:
8698:### K-0704 — `semantics/methods.k:129`
8699:
8700:- Lines: 129–129
8701:- Classification: function/equational rule
8702:- Attributes: none
8703:- Entry slice: no
8704:- Audit decision: ACCEPT_OUT_OF_SLICE — supplied fixed-semantics declaration/rule; guard/sort/priority reviewed and no match or dependency on this entry claim
8705:
8706:```k
8707:  rule hasLower(.IntSeq) => false
8708:```
8709:
8710:### K-0705 — `semantics/methods.k:130`
8711:
8712:- Lines: 130–130
8713:- Classification: function/equational rule
8714:- Attributes: none
8715:- Entry slice: no
8716:- Audit decision: ACCEPT_OUT_OF_SLICE — supplied fixed-semantics declaration/rule; guard/sort/priority reviewed and no match or dependency on this entry claim
8717:
8718:```k
8719:  rule hasLower(iCons(C:Int, S:IntSeq)) => isLowerC(C) orBool hasLower(S)
8720:```
8721:
8722:### K-0706 — `semantics/methods.k:132`
8723:
8724:- Lines: 132–132
8725:- Classification: local syntax/function declaration
8726:- Attributes: function, total
8727:- Entry slice: no
8728:- Audit decision: ACCEPT_OUT_OF_SLICE — supplied fixed-semantics declaration/rule; guard/sort/priority reviewed and no match or dependency on this entry claim
8729:
8730:```k
8731:  syntax Bool ::= allAlpha(IntSeq) [function, total]
8732:```
8733:
8734:### K-0707 — `semantics/methods.k:133`
8735:
8736:- Lines: 133–133
8737:- Classification: function/equational rule
8738:- Attributes: none
8739:- Entry slice: no
8740:- Audit decision: ACCEPT_OUT_OF_SLICE — supplied fixed-semantics declaration/rule; guard/sort/priority reviewed and no match or dependency on this entry claim
8741:
8742:```k
8743:  rule allAlpha(.IntSeq) => true
8744:```
8745:
8746:### K-0708 — `semantics/methods.k:134`
8747:
8748:- Lines: 134–134
8749:- Classification: function/equational rule
8750:- Attributes: none
8751:- Entry slice: no
8752:- Audit decision: ACCEPT_OUT_OF_SLICE — supplied fixed-semantics declaration/rule; guard/sort/priority reviewed and no match or dependency on this entry claim
8753:
8754:```k
8755:  rule allAlpha(iCons(C:Int, S:IntSeq)) => isAlphaC(C) andBool allAlpha(S)
8756:```
8757:
8758:### K-0709 — `semantics/methods.k:136`
8759:
8760:- Lines: 136–136
8761:- Classification: local syntax/function declaration
8762:- Attributes: function, total
8763:- Entry slice: no
8764:- Audit decision: ACCEPT_OUT_OF_SLICE — supplied fixed-semantics declaration/rule; guard/sort/priority reviewed and no match or dependency on this entry claim
8765:
8766:```k
8767:  syntax Bool ::= allDigit(IntSeq) [function, total]
8768:```
8769:
8770:### K-0710 — `semantics/methods.k:137`
8771:
8772:- Lines: 137–137
8773:- Classification: function/equational rule
8774:- Attributes: none
8775:- Entry slice: no
8776:- Audit decision: ACCEPT_OUT_OF_SLICE — supplied fixed-semantics declaration/rule; guard/sort/priority reviewed and no match or dependency on this entry claim
8777:
8778:```k
8779:  rule allDigit(.IntSeq) => true
8780:```
8781:
8782:### K-0711 — `semantics/methods.k:138`
8783:
8784:- Lines: 138–138
8785:- Classification: function/equational rule
8786:- Attributes: none
8787:- Entry slice: no
8788:- Audit decision: ACCEPT_OUT_OF_SLICE — supplied fixed-semantics declaration/rule; guard/sort/priority reviewed and no match or dependency on this entry claim
8789:
8790:```k
8791:  rule allDigit(iCons(C:Int, S:IntSeq)) => isDigitC(C) andBool allDigit(S)
8792:```
8793:
8794:### K-0712 — `semantics/methods.k:140`
8795:
8796:- Lines: 140–140
8797:- Classification: local syntax/function declaration
8798:- Attributes: function, total
8799:- Entry slice: no
8800:- Audit decision: ACCEPT_OUT_OF_SLICE — supplied fixed-semantics declaration/rule; guard/sort/priority reviewed and no match or dependency on this entry claim
8801:
8802:```k
8803:  syntax Int ::= lowerC(Int) [function, total]
8804:```
8805:
8806:### K-0713 — `semantics/methods.k:142`
8807:
8808:- Lines: 142–142
8809:- Classification: function/equational rule
8810:- Attributes: none
8811:- Entry slice: no
8812:- Audit decision: ACCEPT_OUT_OF_SLICE — supplied fixed-semantics declaration/rule; guard/sort/priority reviewed and no match or dependency on this entry claim
8813:
8814:```k
8815:  rule lowerC(C:Int) => C +Int 32 requires isUpperC(C)
8816:```
8817:
8818:### K-0714 — `semantics/methods.k:143`
8819:
8820:- Lines: 143–143
8821:- Classification: function/equational rule
8822:- Attributes: owise
8823:- Entry slice: no
8824:- Audit decision: ACCEPT_OUT_OF_SLICE — supplied fixed-semantics declaration/rule; guard/sort/priority reviewed and no match or dependency on this entry claim
8825:
8826:```k
8827:  rule lowerC(C:Int) => C         [owise]
8828:```
8829:
8830:### K-0715 — `semantics/methods.k:145`
8831:
8832:- Lines: 145–145
8833:- Classification: local syntax/function declaration
8834:- Attributes: function, total
8835:- Entry slice: no
8836:- Audit decision: ACCEPT_OUT_OF_SLICE — supplied fixed-semantics declaration/rule; guard/sort/priority reviewed and no match or dependency on this entry claim
8837:
8838:```k
8839:  syntax Int ::= upperC(Int) [function, total]
8840:```
8841:
8842:### K-0716 — `semantics/methods.k:146`
8843:
8844:- Lines: 146–146
8845:- Classification: function/equational rule
8846:- Attributes: none
8847:- Entry slice: no
8848:- Audit decision: ACCEPT_OUT_OF_SLICE — supplied fixed-semantics declaration/rule; guard/sort/priority reviewed and no match or dependency on this entry claim
8849:
8850:```k
8851:  rule upperC(C:Int) => C -Int 32 requires isLowerC(C)
8852:```
8853:
8854:### K-0717 — `semantics/methods.k:147`
8855:
8856:- Lines: 147–147
8857:- Classification: function/equational rule
8858:- Attributes: owise
8859:- Entry slice: no
8860:- Audit decision: ACCEPT_OUT_OF_SLICE — supplied fixed-semantics declaration/rule; guard/sort/priority reviewed and no match or dependency on this entry claim
8861:
8862:```k
8863:  rule upperC(C:Int) => C         [owise]
8864:```
8865:
8866:### K-0718 — `semantics/methods.k:149`
8867:
8868:- Lines: 149–149
8869:- Classification: local syntax/function declaration
8870:- Attributes: function, total
8871:- Entry slice: no
8872:- Audit decision: ACCEPT_OUT_OF_SLICE — supplied fixed-semantics declaration/rule; guard/sort/priority reviewed and no match or dependency on this entry claim
8873:
8874:```k
8875:  syntax Int ::= swapC(Int) [function, total]
8876:```
8877:
8878:### K-0719 — `semantics/methods.k:150`
8879:
8880:- Lines: 150–150
8881:- Classification: function/equational rule
8882:- Attributes: none
8883:- Entry slice: no
8884:- Audit decision: ACCEPT_OUT_OF_SLICE — supplied fixed-semantics declaration/rule; guard/sort/priority reviewed and no match or dependency on this entry claim
8885:
8886:```k
8887:  rule swapC(C:Int) => C +Int 32 requires isUpperC(C)
8888:```
8889:
8890:### K-0720 — `semantics/methods.k:151`
8891:
8892:- Lines: 151–151
8893:- Classification: function/equational rule
8894:- Attributes: none
8895:- Entry slice: no
8896:- Audit decision: ACCEPT_OUT_OF_SLICE — supplied fixed-semantics declaration/rule; guard/sort/priority reviewed and no match or dependency on this entry claim
8897:
8898:```k
8899:  rule swapC(C:Int) => C -Int 32 requires isLowerC(C)
8900:```
8901:
8902:### K-0721 — `semantics/methods.k:152`
8903:
8904:- Lines: 152–152
8905:- Classification: function/equational rule
8906:- Attributes: owise
8907:- Entry slice: no
8908:- Audit decision: ACCEPT_OUT_OF_SLICE — supplied fixed-semantics declaration/rule; guard/sort/priority reviewed and no match or dependency on this entry claim
8909:
8910:```k
8911:  rule swapC(C:Int) => C         [owise]
8912:```
8913:
8914:### K-0722 — `semantics/methods.k:154`
8915:
8916:- Lines: 154–154
8917:- Classification: local syntax/function declaration
8918:- Attributes: function, total
8919:- Entry slice: no
8920:- Audit decision: ACCEPT_OUT_OF_SLICE — supplied fixed-semantics declaration/rule; guard/sort/priority reviewed and no match or dependency on this entry claim
8921:
8922:```k
8923:  syntax IntSeq ::= mapLower(IntSeq) [function, total]
8924:```
8925:
8926:### K-0723 — `semantics/methods.k:155`
8927:
8928:- Lines: 155–155
8929:- Classification: function/equational rule
8930:- Attributes: none
8931:- Entry slice: no
8932:- Audit decision: ACCEPT_OUT_OF_SLICE — supplied fixed-semantics declaration/rule; guard/sort/priority reviewed and no match or dependency on this entry claim
8933:
8934:```k
8935:  rule mapLower(.IntSeq) => .IntSeq
8936:```
8937:
8938:### K-0724 — `semantics/methods.k:156`
8939:
8940:- Lines: 156–156
8941:- Classification: function/equational rule
8942:- Attributes: none
8943:- Entry slice: no
8944:- Audit decision: ACCEPT_OUT_OF_SLICE — supplied fixed-semantics declaration/rule; guard/sort/priority reviewed and no match or dependency on this entry claim
8945:
8946:```k
8947:  rule mapLower(iCons(C:Int, S:IntSeq)) => iCons(lowerC(C), mapLower(S))
8948:```
8949:
8950:### K-0725 — `semantics/methods.k:158`
8951:
8952:- Lines: 158–158
8953:- Classification: local syntax/function declaration
8954:- Attributes: function, total
8955:- Entry slice: no
8956:- Audit decision: ACCEPT_OUT_OF_SLICE — supplied fixed-semantics declaration/rule; guard/sort/priority reviewed and no match or dependency on this entry claim
8957:
8958:```k
8959:  syntax IntSeq ::= mapUpper(IntSeq) [function, total]
8960:```
8961:
8962:### K-0726 — `semantics/methods.k:159`
8963:
8964:- Lines: 159–159
8965:- Classification: function/equational rule
8966:- Attributes: none
8967:- Entry slice: no
8968:- Audit decision: ACCEPT_OUT_OF_SLICE — supplied fixed-semantics declaration/rule; guard/sort/priority reviewed and no match or dependency on this entry claim
8969:
8970:```k
8971:  rule mapUpper(.IntSeq) => .IntSeq
8972:```
8973:
8974:### K-0727 — `semantics/methods.k:160`
8975:
8976:- Lines: 160–160
8977:- Classification: function/equational rule
8978:- Attributes: none
8979:- Entry slice: no
8980:- Audit decision: ACCEPT_OUT_OF_SLICE — supplied fixed-semantics declaration/rule; guard/sort/priority reviewed and no match or dependency on this entry claim
8981:
8982:```k
8983:  rule mapUpper(iCons(C:Int, S:IntSeq)) => iCons(upperC(C), mapUpper(S))
8984:```
8985:
8986:### K-0728 — `semantics/methods.k:162`
8987:
8988:- Lines: 162–162
8989:- Classification: local syntax/function declaration
8990:- Attributes: function, total
8991:- Entry slice: no
8992:- Audit decision: ACCEPT_OUT_OF_SLICE — supplied fixed-semantics declaration/rule; guard/sort/priority reviewed and no match or dependency on this entry claim
8993:
8994:```k
8995:  syntax IntSeq ::= mapSwap(IntSeq) [function, total]
8996:```
8997:
8998:### K-0729 — `semantics/methods.k:163`
8999:
9000:- Lines: 163–163
9001:- Classification: function/equational rule
9002:- Attributes: none
9003:- Entry slice: no
9004:- Audit decision: ACCEPT_OUT_OF_SLICE — supplied fixed-semantics declaration/rule; guard/sort/priority reviewed and no match or dependency on this entry claim
9005:
9006:```k
9007:  rule mapSwap(.IntSeq) => .IntSeq
9008:```
9009:
9010:### K-0730 — `semantics/methods.k:164`
9011:
9012:- Lines: 164–164
9013:- Classification: function/equational rule
9014:- Attributes: none
9015:- Entry slice: no
9016:- Audit decision: ACCEPT_OUT_OF_SLICE — supplied fixed-semantics declaration/rule; guard/sort/priority reviewed and no match or dependency on this entry claim
9017:
9018:```k
9019:  rule mapSwap(iCons(C:Int, S:IntSeq)) => iCons(swapC(C), mapSwap(S))
9020:```
9021:
9022:### K-0731 — `semantics/methods.k:166`
9023:
9024:- Lines: 166–166
9025:- Classification: local syntax/function declaration
9026:- Attributes: function, total
9027:- Entry slice: no
9028:- Audit decision: ACCEPT_OUT_OF_SLICE — supplied fixed-semantics declaration/rule; guard/sort/priority reviewed and no match or dependency on this entry claim
9029:
9030:```k
9031:  syntax Bool ::= startsWith(IntSeq, IntSeq) [function, total]
9032:```
9033:
9034:### K-0732 — `semantics/methods.k:167`
9035:
9036:- Lines: 167–167
9037:- Classification: function/equational rule
9038:- Attributes: none
9039:- Entry slice: no
9040:- Audit decision: ACCEPT_OUT_OF_SLICE — supplied fixed-semantics declaration/rule; guard/sort/priority reviewed and no match or dependency on this entry claim
9041:
9042:```k
9043:  rule startsWith(.IntSeq, _:IntSeq)               => true
9044:```
9045:
9046:### K-0733 — `semantics/methods.k:168`
9047:
9048:- Lines: 168–168
9049:- Classification: function/equational rule
9050:- Attributes: none
9051:- Entry slice: no
9052:- Audit decision: ACCEPT_OUT_OF_SLICE — supplied fixed-semantics declaration/rule; guard/sort/priority reviewed and no match or dependency on this entry claim
9053:
9054:```k
9055:  rule startsWith(iCons(_:Int, _:IntSeq), .IntSeq) => false
9056:```
9057:
9058:### K-0734 — `semantics/methods.k:169`
9059:
9060:- Lines: 169–169
9061:- Classification: function/equational rule
9062:- Attributes: none
9063:- Entry slice: no
9064:- Audit decision: ACCEPT_OUT_OF_SLICE — supplied fixed-semantics declaration/rule; guard/sort/priority reviewed and no match or dependency on this entry claim
9065:
9066:```k
9067:  rule startsWith(iCons(A:Int, As:IntSeq), iCons(B:Int, Bs:IntSeq)) => A ==Int B andBool startsWith(As, Bs)
9068:```
9069:
9070:### K-0735 — `semantics/operators.k:10`
9071:
9072:- Lines: 10–10
9073:- Classification: ordinary operational semantic rule
9074:- Attributes: none
9075:- Entry slice: yes
9076:- Audit decision: ACCEPT_USED — checked on the entry execution slice for binding, evaluation order, control/state footprint, and result flow
9077:
9078:```k
9079:  rule <k> UnaryOp(OP:String, V:Val) => applyUn(OP, V) ... </k>
9080:```
9081:
9082:### K-0736 — `semantics/operators.k:12`
9083:
9084:- Lines: 12–12
9085:- Classification: ordinary operational semantic rule
9086:- Attributes: none
9087:- Entry slice: yes
9088:- Audit decision: ACCEPT_USED — checked on the entry execution slice for binding, evaluation order, control/state footprint, and result flow
9089:
9090:```k
9091:  rule <k> BinOp(OP:String, L:Val, R:Val) => applyBin(OP, L, R) ... </k>
9092:```
9093:
9094:### K-0737 — `semantics/operators.k:15`
9095:
9096:- Lines: 15–15
9097:- Classification: evaluation context
9098:- Attributes: none
9099:- Entry slice: yes
9100:- Audit decision: ACCEPT_USED — checked on the entry execution slice for binding, evaluation order, control/state footprint, and result flow
9101:
9102:```k
9103:  context Compare(HOLE, _)
9104:```
9105:
9106:### K-0738 — `semantics/operators.k:16`
9107:
9108:- Lines: 16–16
9109:- Classification: evaluation context
9110:- Attributes: none
9111:- Entry slice: yes
9112:- Audit decision: ACCEPT_USED — checked on the entry execution slice for binding, evaluation order, control/state footprint, and result flow
9113:
9114:```k
9115:  context Compare(_:Val, CmpOp(_, HOLE))
9116:```
9117:
9118:### K-0739 — `semantics/operators.k:17`
9119:
9120:- Lines: 17–17
9121:- Classification: ordinary operational semantic rule
9122:- Attributes: owise
9123:- Entry slice: yes
9124:- Audit decision: ACCEPT_USED — checked on the entry execution slice for binding, evaluation order, control/state footprint, and result flow
9125:
9126:```k
9127:  rule <k> Compare(LV:Val, CmpOp(OP:String, RV:Val)) => applyCmp(OP, LV, RV) ... </k> [owise]
9128:```
9129:
9130:### K-0740 — `semantics/operators.k:19`
9131:
9132:- Lines: 19–19
9133:- Classification: function/equational rule
9134:- Attributes: none
9135:- Entry slice: no
9136:- Audit decision: ACCEPT_OUT_OF_SLICE — supplied fixed-semantics declaration/rule; guard/sort/priority reviewed and no match or dependency on this entry claim
9137:
9138:```k
9139:  rule applyCmp("is",     V:Val, noneV) => V ==K noneV
9140:```
9141:
9142:### K-0741 — `semantics/operators.k:20`
9143:
9144:- Lines: 20–20
9145:- Classification: function/equational rule
9146:- Attributes: none
9147:- Entry slice: no
9148:- Audit decision: ACCEPT_OUT_OF_SLICE — supplied fixed-semantics declaration/rule; guard/sort/priority reviewed and no match or dependency on this entry claim
9149:
9150:```k
9151:  rule applyCmp("is not", V:Val, noneV) => notBool (V ==K noneV)
9152:```
9153:
9154:### K-0742 — `semantics/operators.k:25`
9155:
9156:- Lines: 25–27
9157:- Classification: ordinary operational semantic rule; priority rule
9158:- Attributes: priority
9159:- Entry slice: no
9160:- Audit decision: ACCEPT_OUT_OF_SLICE — supplied fixed-semantics declaration/rule; guard/sort/priority reviewed and no match or dependency on this entry claim
9161:
9162:```k
9163:  rule <k> BinOp(OP:String, ref(H:Int), R:Expr) => BinOp(OP, V, R) ... </k>
9164:       <heap> ... H |-> V:Val ... </heap>
9165:       [priority(40)]
9166:```
9167:
9168:### K-0743 — `semantics/operators.k:28`
9169:
9170:- Lines: 28–29
9171:- Classification: ordinary operational semantic rule
9172:- Attributes: none
9173:- Entry slice: no
9174:- Audit decision: ACCEPT_OUT_OF_SLICE — supplied fixed-semantics declaration/rule; guard/sort/priority reviewed and no match or dependency on this entry claim
9175:
9176:```k
9177:  rule <k> BinOp(OP:String, L:Val, ref(H:Int)) => BinOp(OP, L, V) ... </k>
9178:       <heap> ... H |-> V:Val ... </heap>
9179:```
9180:
9181:### K-0744 — `semantics/operators.k:34`
9182:
9183:- Lines: 34–35
9184:- Classification: ordinary operational semantic rule
9185:- Attributes: none
9186:- Entry slice: no
9187:- Audit decision: ACCEPT_OUT_OF_SLICE — supplied fixed-semantics declaration/rule; guard/sort/priority reviewed and no match or dependency on this entry claim
9188:
9189:```k
9190:  rule <k> Compare(ref(H:Int), CmpOp(OP:String, R:Expr)) => Compare(V, CmpOp(OP, R)) ... </k>
9191:       <heap> ... H |-> V:Val ... </heap>
9192:```
9193:
9194:### K-0745 — `semantics/operators.k:38`
9195:
9196:- Lines: 38–39
9197:- Classification: ordinary operational semantic rule
9198:- Attributes: none
9199:- Entry slice: no
9200:- Audit decision: ACCEPT_OUT_OF_SLICE — supplied fixed-semantics declaration/rule; guard/sort/priority reviewed and no match or dependency on this entry claim
9201:
9202:```k
9203:  rule <k> Compare(L:Val, CmpOp(OP:String, ref(H:Int))) => Compare(L, CmpOp(OP, V)) ... </k>
9204:       <heap> ... H |-> V:Val ... </heap>
9205:```
9206:
9207:### K-0746 — `semantics/operators.k:44`
9208:
9209:- Lines: 44–46
9210:- Classification: ordinary operational semantic rule; priority rule
9211:- Attributes: priority
9212:- Entry slice: no
9213:- Audit decision: ACCEPT_OUT_OF_SLICE — supplied fixed-semantics declaration/rule; guard/sort/priority reviewed and no match or dependency on this entry claim
9214:
9215:```k
9216:  rule <k> UnaryOp(OP:String, ref(H:Int)) => UnaryOp(OP, V) ... </k>
9217:       <heap> ... H |-> V:Val ... </heap>
9218:       [priority(40)]
9219:```
9220:
9221:### K-0747 — `semantics/range.k:9`
9222:
9223:- Lines: 9–9
9224:- Classification: local syntax/function declaration
9225:- Attributes: function, total
9226:- Entry slice: no
9227:- Audit decision: ACCEPT_OUT_OF_SLICE — supplied fixed-semantics declaration/rule; guard/sort/priority reviewed and no match or dependency on this entry claim
9228:
9229:```k
9230:  syntax Bool ::= inRange(Int, Int, Int) [function, total]
9231:```
9232:
9233:### K-0748 — `semantics/range.k:10`
9234:
9235:- Lines: 10–10
9236:- Classification: function/equational rule
9237:- Attributes: none
9238:- Entry slice: no
9239:- Audit decision: ACCEPT_OUT_OF_SLICE — supplied fixed-semantics declaration/rule; guard/sort/priority reviewed and no match or dependency on this entry claim
9240:
9241:```k
9242:  rule inRange(I:Int, HI:Int, ST:Int) => (ST >Int 0 andBool I <Int HI) orBool (ST <Int 0 andBool I >Int HI)
9243:```
9244:
9245:### K-0749 — `semantics/range.k:12`
9246:
9247:- Lines: 12–12
9248:- Classification: local syntax/function declaration
9249:- Attributes: function
9250:- Entry slice: no
9251:- Audit decision: ACCEPT_OUT_OF_SLICE — supplied fixed-semantics declaration/rule; guard/sort/priority reviewed and no match or dependency on this entry claim
9252:
9253:```k
9254:  syntax Int ::= rangeLen(Int, Int, Int) [function]
9255:```
9256:
9257:### K-0750 — `semantics/range.k:13`
9258:
9259:- Lines: 13–13
9260:- Classification: function/equational rule
9261:- Attributes: none
9262:- Entry slice: no
9263:- Audit decision: ACCEPT_OUT_OF_SLICE — supplied fixed-semantics declaration/rule; guard/sort/priority reviewed and no match or dependency on this entry claim
9264:
9265:```k
9266:  rule rangeLen(LO:Int, HI:Int, ST:Int) => (HI -Int LO +Int ST -Int 1) /Int ST
9267:```
9268:
9269:### K-0751 — `semantics/range.k:15`
9270:
9271:- Lines: 15–15
9272:- Classification: function/equational rule
9273:- Attributes: none
9274:- Entry slice: no
9275:- Audit decision: ACCEPT_OUT_OF_SLICE — supplied fixed-semantics declaration/rule; guard/sort/priority reviewed and no match or dependency on this entry claim
9276:
9277:```k
9278:  rule rangeLen(LO:Int, HI:Int, ST:Int) => (LO -Int HI -Int ST -Int 1) /Int (0 -Int ST)
9279:```
9280:
9281:### K-0752 — `semantics/range.k:17`
9282:
9283:- Lines: 17–17
9284:- Classification: function/equational rule
9285:- Attributes: none
9286:- Entry slice: no
9287:- Audit decision: ACCEPT_OUT_OF_SLICE — supplied fixed-semantics declaration/rule; guard/sort/priority reviewed and no match or dependency on this entry claim
9288:
9289:```k
9290:  rule rangeLen(LO:Int, HI:Int, ST:Int) => 0
9291:```
9292:
9293:### K-0753 — `semantics/range.k:20`
9294:
9295:- Lines: 20–21
9296:- Classification: ordinary operational semantic rule
9297:- Attributes: none
9298:- Entry slice: no
9299:- Audit decision: ACCEPT_OUT_OF_SLICE — supplied fixed-semantics declaration/rule; guard/sort/priority reviewed and no match or dependency on this entry claim
9300:
9301:```k
9302:  rule <k> #iterNext(rangeObj(I:Int, HI:Int, ST:Int))
9303:        => #iterYield(I, rangeObj(I +Int ST, HI, ST)) ... </k>
9304:```
9305:
9306:### K-0754 — `semantics/range.k:23`
9307:
9308:- Lines: 23–23
9309:- Classification: ordinary operational semantic rule
9310:- Attributes: none
9311:- Entry slice: no
9312:- Audit decision: ACCEPT_OUT_OF_SLICE — supplied fixed-semantics declaration/rule; guard/sort/priority reviewed and no match or dependency on this entry claim
9313:
9314:```k
9315:  rule <k> #iterNext(rangeObj(I:Int, HI:Int, ST:Int)) => #iterDone ... </k>
9316:```
9317:
9318:### K-0755 — `semantics/set.k:8`
9319:
9320:- Lines: 8–8
9321:- Classification: local syntax/function declaration
9322:- Attributes: none
9323:- Entry slice: no
9324:- Audit decision: ACCEPT_OUT_OF_SLICE — supplied fixed-semantics declaration/rule; guard/sort/priority reviewed and no match or dependency on this entry claim
9325:
9326:```k
9327:  syntax Val ::= setV(IntSeq)
9328:```
9329:
9330:### K-0756 — `semantics/set.k:11`
9331:
9332:- Lines: 11–11
9333:- Classification: local syntax/function declaration
9334:- Attributes: function, total
9335:- Entry slice: no
9336:- Audit decision: ACCEPT_OUT_OF_SLICE — supplied fixed-semantics declaration/rule; guard/sort/priority reviewed and no match or dependency on this entry claim
9337:
9338:```k
9339:  syntax Bool ::= codeIn(Int, IntSeq) [function, total]
9340:```
9341:
9342:### K-0757 — `semantics/set.k:12`
9343:
9344:- Lines: 12–12
9345:- Classification: function/equational rule
9346:- Attributes: none
9347:- Entry slice: no
9348:- Audit decision: ACCEPT_OUT_OF_SLICE — supplied fixed-semantics declaration/rule; guard/sort/priority reviewed and no match or dependency on this entry claim
9349:
9350:```k
9351:  rule codeIn(_:Int, .IntSeq)                => false
9352:```
9353:
9354:### K-0758 — `semantics/set.k:13`
9355:
9356:- Lines: 13–13
9357:- Classification: function/equational rule
9358:- Attributes: none
9359:- Entry slice: no
9360:- Audit decision: ACCEPT_OUT_OF_SLICE — supplied fixed-semantics declaration/rule; guard/sort/priority reviewed and no match or dependency on this entry claim
9361:
9362:```k
9363:  rule codeIn(C:Int, iCons(H:Int, T:IntSeq)) => C ==Int H orBool codeIn(C, T)
9364:```
9365:
9366:### K-0759 — `semantics/set.k:16`
9367:
9368:- Lines: 16–17
9369:- Classification: local syntax/function declaration
9370:- Attributes: function, total
9371:- Entry slice: no
9372:- Audit decision: ACCEPT_OUT_OF_SLICE — supplied fixed-semantics declaration/rule; guard/sort/priority reviewed and no match or dependency on this entry claim
9373:
9374:```k
9375:  syntax IntSeq ::= dedupCodes(IntSeq)         [function, total]
9376:                  | dedupFrom(IntSeq, IntSeq)  [function, total]
9377:```
9378:
9379:### K-0760 — `semantics/set.k:18`
9380:
9381:- Lines: 18–18
9382:- Classification: function/equational rule
9383:- Attributes: none
9384:- Entry slice: no
9385:- Audit decision: ACCEPT_OUT_OF_SLICE — supplied fixed-semantics declaration/rule; guard/sort/priority reviewed and no match or dependency on this entry claim
9386:
9387:```k
9388:  rule dedupCodes(CS:IntSeq) => dedupFrom(CS, .IntSeq)
9389:```
9390:
9391:### K-0761 — `semantics/set.k:19`
9392:
9393:- Lines: 19–19
9394:- Classification: function/equational rule
9395:- Attributes: none
9396:- Entry slice: no
9397:- Audit decision: ACCEPT_OUT_OF_SLICE — supplied fixed-semantics declaration/rule; guard/sort/priority reviewed and no match or dependency on this entry claim
9398:
9399:```k
9400:  rule dedupFrom(.IntSeq, ACC:IntSeq) => ACC
9401:```
9402:
9403:### K-0762 — `semantics/set.k:20`
9404:
9405:- Lines: 20–20
9406:- Classification: function/equational rule
9407:- Attributes: none
9408:- Entry slice: no
9409:- Audit decision: ACCEPT_OUT_OF_SLICE — supplied fixed-semantics declaration/rule; guard/sort/priority reviewed and no match or dependency on this entry claim
9410:
9411:```k
9412:  rule dedupFrom(iCons(C:Int, S:IntSeq), ACC:IntSeq) => dedupFrom(S, ACC)
9413:```
9414:
9415:### K-0763 — `semantics/set.k:22`
9416:
9417:- Lines: 22–22
9418:- Classification: function/equational rule
9419:- Attributes: none
9420:- Entry slice: no
9421:- Audit decision: ACCEPT_OUT_OF_SLICE — supplied fixed-semantics declaration/rule; guard/sort/priority reviewed and no match or dependency on this entry claim
9422:
9423:```k
9424:  rule dedupFrom(iCons(C:Int, S:IntSeq), ACC:IntSeq) => dedupFrom(S, snocCode(ACC, C))
9425:```
9426:
9427:### K-0764 — `semantics/set.k:25`
9428:
9429:- Lines: 25–25
9430:- Classification: local syntax/function declaration
9431:- Attributes: function, total
9432:- Entry slice: no
9433:- Audit decision: ACCEPT_OUT_OF_SLICE — supplied fixed-semantics declaration/rule; guard/sort/priority reviewed and no match or dependency on this entry claim
9434:
9435:```k
9436:  syntax IntSeq ::= snocCode(IntSeq, Int) [function, total]
9437:```
9438:
9439:### K-0765 — `semantics/set.k:26`
9440:
9441:- Lines: 26–26
9442:- Classification: function/equational rule
9443:- Attributes: none
9444:- Entry slice: no
9445:- Audit decision: ACCEPT_OUT_OF_SLICE — supplied fixed-semantics declaration/rule; guard/sort/priority reviewed and no match or dependency on this entry claim
9446:
9447:```k
9448:  rule snocCode(.IntSeq, C:Int)                => iCons(C, .IntSeq)
9449:```
9450:
9451:### K-0766 — `semantics/set.k:27`
9452:
9453:- Lines: 27–27
9454:- Classification: function/equational rule
9455:- Attributes: none
9456:- Entry slice: no
9457:- Audit decision: ACCEPT_OUT_OF_SLICE — supplied fixed-semantics declaration/rule; guard/sort/priority reviewed and no match or dependency on this entry claim
9458:
9459:```k
9460:  rule snocCode(iCons(H:Int, T:IntSeq), C:Int) => iCons(H, snocCode(T, C))
9461:```
9462:
9463:### K-0767 — `semantics/set.k:31`
9464:
9465:- Lines: 31–31
9466:- Classification: local syntax/function declaration
9467:- Attributes: function, total
9468:- Entry slice: no
9469:- Audit decision: ACCEPT_OUT_OF_SLICE — supplied fixed-semantics declaration/rule; guard/sort/priority reviewed and no match or dependency on this entry claim
9470:
9471:```k
9472:  syntax Bool ::= subsetCodes(IntSeq, IntSeq) [function, total]
9473:```
9474:
9475:### K-0768 — `semantics/set.k:32`
9476:
9477:- Lines: 32–32
9478:- Classification: function/equational rule
9479:- Attributes: none
9480:- Entry slice: no
9481:- Audit decision: ACCEPT_OUT_OF_SLICE — supplied fixed-semantics declaration/rule; guard/sort/priority reviewed and no match or dependency on this entry claim
9482:
9483:```k
9484:  rule subsetCodes(.IntSeq, _:IntSeq)                => true
9485:```
9486:
9487:### K-0769 — `semantics/set.k:33`
9488:
9489:- Lines: 33–33
9490:- Classification: function/equational rule
9491:- Attributes: none
9492:- Entry slice: no
9493:- Audit decision: ACCEPT_OUT_OF_SLICE — supplied fixed-semantics declaration/rule; guard/sort/priority reviewed and no match or dependency on this entry claim
9494:
9495:```k
9496:  rule subsetCodes(iCons(C:Int, S:IntSeq), B:IntSeq) => codeIn(C, B) andBool subsetCodes(S, B)
9497:```
9498:
9499:### K-0770 — `semantics/set.k:35`
9500:
9501:- Lines: 35–35
9502:- Classification: local syntax/function declaration
9503:- Attributes: function, total
9504:- Entry slice: no
9505:- Audit decision: ACCEPT_OUT_OF_SLICE — supplied fixed-semantics declaration/rule; guard/sort/priority reviewed and no match or dependency on this entry claim
9506:
9507:```k
9508:  syntax Bool ::= sameSet(IntSeq, IntSeq) [function, total]
9509:```
9510:
9511:### K-0771 — `semantics/set.k:36`
9512:
9513:- Lines: 36–36
9514:- Classification: function/equational rule
9515:- Attributes: none
9516:- Entry slice: no
9517:- Audit decision: ACCEPT_OUT_OF_SLICE — supplied fixed-semantics declaration/rule; guard/sort/priority reviewed and no match or dependency on this entry claim
9518:
9519:```k
9520:  rule sameSet(A:IntSeq, B:IntSeq) => subsetCodes(A, B) andBool subsetCodes(B, A)
9521:```
9522:
9523:### K-0772 — `semantics/set.k:39`
9524:
9525:- Lines: 39–39
9526:- Classification: function/equational rule
9527:- Attributes: none
9528:- Entry slice: no
9529:- Audit decision: ACCEPT_OUT_OF_SLICE — supplied fixed-semantics declaration/rule; guard/sort/priority reviewed and no match or dependency on this entry claim
9530:
9531:```k
9532:  rule applyCmp("==", setV(A:IntSeq), setV(B:IntSeq)) => sameSet(A, B)
9533:```
9534:
9535:### K-0773 — `semantics/sort.k:18`
9536:
9537:- Lines: 18–18
9538:- Classification: local syntax/function declaration
9539:- Attributes: function, total, symbol, no-evaluators
9540:- Entry slice: no
9541:- Audit decision: ACCEPT_OUT_OF_SLICE — supplied fixed-semantics declaration/rule; guard/sort/priority reviewed and no match or dependency on this entry claim
9542:
9543:```k
9544:  syntax ValSeq ::= sortVS(ValSeq) [function, total, symbol(sortVS), no-evaluators]
9545:```
9546:
9547:### K-0774 — `semantics/sort.k:19`
9548:
9549:- Lines: 19–19
9550:- Classification: local syntax/function declaration
9551:- Attributes: function
9552:- Entry slice: no
9553:- Audit decision: ACCEPT_OUT_OF_SLICE — supplied fixed-semantics declaration/rule; guard/sort/priority reviewed and no match or dependency on this entry claim
9554:
9555:```k
9556:  syntax ValSeq ::= insVS(Int, ValSeq) [function]
9557:```
9558:
9559:### K-0775 — `semantics/sort.k:20`
9560:
9561:- Lines: 20–20
9562:- Classification: function/equational rule; concrete-only equation
9563:- Attributes: concrete
9564:- Entry slice: no
9565:- Audit decision: ACCEPT_OUT_OF_SLICE — supplied fixed-semantics declaration/rule; guard/sort/priority reviewed and no match or dependency on this entry claim
9566:
9567:```k
9568:  rule sortVS(.ValSeq)                => .ValSeq          [concrete]
9569:```
9570:
9571:### K-0776 — `semantics/sort.k:21`
9572:
9573:- Lines: 21–21
9574:- Classification: function/equational rule; concrete-only equation
9575:- Attributes: concrete
9576:- Entry slice: no
9577:- Audit decision: ACCEPT_OUT_OF_SLICE — supplied fixed-semantics declaration/rule; guard/sort/priority reviewed and no match or dependency on this entry claim
9578:
9579:```k
9580:  rule sortVS(vCons(X:Int, R:ValSeq)) => insVS(X, sortVS(R)) [concrete]
9581:```
9582:
9583:### K-0777 — `semantics/sort.k:22`
9584:
9585:- Lines: 22–22
9586:- Classification: function/equational rule; concrete-only equation
9587:- Attributes: concrete
9588:- Entry slice: no
9589:- Audit decision: ACCEPT_OUT_OF_SLICE — supplied fixed-semantics declaration/rule; guard/sort/priority reviewed and no match or dependency on this entry claim
9590:
9591:```k
9592:  rule insVS(X:Int, .ValSeq)                => vCons(X, .ValSeq) [concrete]
9593:```
9594:
9595:### K-0778 — `semantics/sort.k:23`
9596:
9597:- Lines: 23–23
9598:- Classification: function/equational rule; concrete-only equation
9599:- Attributes: concrete
9600:- Entry slice: no
9601:- Audit decision: ACCEPT_OUT_OF_SLICE — supplied fixed-semantics declaration/rule; guard/sort/priority reviewed and no match or dependency on this entry claim
9602:
9603:```k
9604:  rule insVS(X:Int, vCons(Y:Int, R:ValSeq)) => vCons(X, vCons(Y, R)) requires X <=Int Y [concrete]
9605:```
9606:
9607:### K-0779 — `semantics/sort.k:24`
9608:
9609:- Lines: 24–24
9610:- Classification: function/equational rule; concrete-only equation
9611:- Attributes: concrete
9612:- Entry slice: no
9613:- Audit decision: ACCEPT_OUT_OF_SLICE — supplied fixed-semantics declaration/rule; guard/sort/priority reviewed and no match or dependency on this entry claim
9614:
9615:```k
9616:  rule insVS(X:Int, vCons(Y:Int, R:ValSeq)) => vCons(Y, insVS(X, R)) requires X  >Int Y [concrete]
9617:```
9618:
9619:### K-0780 — `semantics/sort.k:26`
9620:
9621:- Lines: 26–26
9622:- Classification: local syntax/function declaration
9623:- Attributes: function
9624:- Entry slice: no
9625:- Audit decision: ACCEPT_OUT_OF_SLICE — supplied fixed-semantics declaration/rule; guard/sort/priority reviewed and no match or dependency on this entry claim
9626:
9627:```k
9628:  syntax ValSeq ::= insVSs(IntSeq, ValSeq) [function]
9629:```
9630:
9631:### K-0781 — `semantics/sort.k:27`
9632:
9633:- Lines: 27–27
9634:- Classification: function/equational rule; concrete-only equation
9635:- Attributes: concrete
9636:- Entry slice: no
9637:- Audit decision: ACCEPT_OUT_OF_SLICE — supplied fixed-semantics declaration/rule; guard/sort/priority reviewed and no match or dependency on this entry claim
9638:
9639:```k
9640:  rule sortVS(vCons(str(CS:IntSeq), R:ValSeq)) => insVSs(CS, sortVS(R)) [concrete]
9641:```
9642:
9643:### K-0782 — `semantics/sort.k:28`
9644:
9645:- Lines: 28–28
9646:- Classification: function/equational rule; concrete-only equation
9647:- Attributes: concrete
9648:- Entry slice: no
9649:- Audit decision: ACCEPT_OUT_OF_SLICE — supplied fixed-semantics declaration/rule; guard/sort/priority reviewed and no match or dependency on this entry claim
9650:
9651:```k
9652:  rule insVSs(A:IntSeq, .ValSeq) => vCons(str(A), .ValSeq) [concrete]
9653:```
9654:
9655:### K-0783 — `semantics/sort.k:29`
9656:
9657:- Lines: 29–29
9658:- Classification: function/equational rule
9659:- Attributes: none
9660:- Entry slice: no
9661:- Audit decision: ACCEPT_OUT_OF_SLICE — supplied fixed-semantics declaration/rule; guard/sort/priority reviewed and no match or dependency on this entry claim
9662:
9663:```k
9664:  rule insVSs(A:IntSeq, vCons(str(B:IntSeq), R:ValSeq)) => vCons(str(A), vCons(str(B), R))
9665:```
9666:
9667:### K-0784 — `semantics/sort.k:31`
9668:
9669:- Lines: 31–31
9670:- Classification: function/equational rule
9671:- Attributes: none
9672:- Entry slice: no
9673:- Audit decision: ACCEPT_OUT_OF_SLICE — supplied fixed-semantics declaration/rule; guard/sort/priority reviewed and no match or dependency on this entry claim
9674:
9675:```k
9676:  rule insVSs(A:IntSeq, vCons(str(B:IntSeq), R:ValSeq)) => vCons(str(B), insVSs(A, R))
9677:```
9678:
9679:### K-0785 — `semantics/sort.k:36`
9680:
9681:- Lines: 36–37
9682:- Classification: ordinary operational semantic rule
9683:- Attributes: none
9684:- Entry slice: no
9685:- Audit decision: ACCEPT_OUT_OF_SLICE — supplied fixed-semantics declaration/rule; guard/sort/priority reviewed and no match or dependency on this entry claim
9686:
9687:```k
9688:  rule <k> #applyK(toCall(builtinV("sorted")), (list(VS:ValSeq), .Vals))
9689:        => #alloc(list(sortVS(VS))) ... </k>
9690:```
9691:
9692:### K-0786 — `semantics/sort.k:40`
9693:
9694:- Lines: 40–42
9695:- Classification: ordinary operational semantic rule; priority rule
9696:- Attributes: priority
9697:- Entry slice: no
9698:- Audit decision: ACCEPT_OUT_OF_SLICE — supplied fixed-semantics declaration/rule; guard/sort/priority reviewed and no match or dependency on this entry claim
9699:
9700:```k
9701:  rule <k> #applyK(toCall(boundMethodV(ref(H:Int), "sort")), .Vals) => noneV ... </k>
9702:       <heap> ... H |-> list(VS:ValSeq => sortVS(VS)) ... </heap>
9703:       [priority(40)]
9704:```
9705:
9706:### K-0787 — `semantics/sort.k:49`
9707:
9708:- Lines: 49–49
9709:- Classification: local syntax/function declaration
9710:- Attributes: function, total, symbol, no-evaluators
9711:- Entry slice: no
9712:- Audit decision: ACCEPT_OUT_OF_SLICE — supplied fixed-semantics declaration/rule; guard/sort/priority reviewed and no match or dependency on this entry claim
9713:
9714:```k
9715:  syntax ValSeq ::= sortKeyVS(ValSeq, Val) [function, total, symbol(sortKeyVS), no-evaluators]
9716:```
9717:
9718:### K-0788 — `semantics/sort.k:51`
9719:
9720:- Lines: 51–52
9721:- Classification: local syntax/function declaration
9722:- Attributes: function, total
9723:- Entry slice: no
9724:- Audit decision: ACCEPT_OUT_OF_SLICE — supplied fixed-semantics declaration/rule; guard/sort/priority reviewed and no match or dependency on this entry claim
9725:
9726:```k
9727:  syntax ValSeq ::= revVS(ValSeq) [function, total]
9728:                  | revVSAcc(ValSeq, ValSeq) [function, total]
9729:```
9730:
9731:### K-0789 — `semantics/sort.k:53`
9732:
9733:- Lines: 53–53
9734:- Classification: function/equational rule
9735:- Attributes: none
9736:- Entry slice: no
9737:- Audit decision: ACCEPT_OUT_OF_SLICE — supplied fixed-semantics declaration/rule; guard/sort/priority reviewed and no match or dependency on this entry claim
9738:
9739:```k
9740:  rule revVS(S:ValSeq) => revVSAcc(S, .ValSeq)
9741:```
9742:
9743:### K-0790 — `semantics/sort.k:54`
9744:
9745:- Lines: 54–54
9746:- Classification: function/equational rule
9747:- Attributes: none
9748:- Entry slice: no
9749:- Audit decision: ACCEPT_OUT_OF_SLICE — supplied fixed-semantics declaration/rule; guard/sort/priority reviewed and no match or dependency on this entry claim
9750:
9751:```k
9752:  rule revVSAcc(.ValSeq, A:ValSeq) => A
9753:```
9754:
9755:### K-0791 — `semantics/sort.k:55`
9756:
9757:- Lines: 55–55
9758:- Classification: function/equational rule
9759:- Attributes: none
9760:- Entry slice: no
9761:- Audit decision: ACCEPT_OUT_OF_SLICE — supplied fixed-semantics declaration/rule; guard/sort/priority reviewed and no match or dependency on this entry claim
9762:
9763:```k
9764:  rule revVSAcc(vCons(V:Val, R:ValSeq), A:ValSeq) => revVSAcc(R, vCons(V, A))
9765:```
9766:
9767:### K-0792 — `semantics/sort.k:57`
9768:
9769:- Lines: 57–57
9770:- Classification: local syntax/function declaration
9771:- Attributes: function, total
9772:- Entry slice: no
9773:- Audit decision: ACCEPT_OUT_OF_SLICE — supplied fixed-semantics declaration/rule; guard/sort/priority reviewed and no match or dependency on this entry claim
9774:
9775:```k
9776:  syntax ValSeq ::= condRev(ValSeq, Bool) [function, total]
9777:```
9778:
9779:### K-0793 — `semantics/sort.k:58`
9780:
9781:- Lines: 58–58
9782:- Classification: function/equational rule
9783:- Attributes: none
9784:- Entry slice: no
9785:- Audit decision: ACCEPT_OUT_OF_SLICE — supplied fixed-semantics declaration/rule; guard/sort/priority reviewed and no match or dependency on this entry claim
9786:
9787:```k
9788:  rule condRev(S:ValSeq, false) => S
9789:```
9790:
9791:### K-0794 — `semantics/sort.k:59`
9792:
9793:- Lines: 59–59
9794:- Classification: function/equational rule
9795:- Attributes: none
9796:- Entry slice: no
9797:- Audit decision: ACCEPT_OUT_OF_SLICE — supplied fixed-semantics declaration/rule; guard/sort/priority reviewed and no match or dependency on this entry claim
9798:
9799:```k
9800:  rule condRev(S:ValSeq, true)  => revVS(S)
9801:```
9802:
9803:### K-0795 — `semantics/sort.k:61`
9804:
9805:- Lines: 61–62
9806:- Classification: ordinary operational semantic rule
9807:- Attributes: none
9808:- Entry slice: no
9809:- Audit decision: ACCEPT_OUT_OF_SLICE — supplied fixed-semantics declaration/rule; guard/sort/priority reviewed and no match or dependency on this entry claim
9810:
9811:```k
9812:  rule <k> #applyK(toCall(builtinV("sorted")), (list(VS:ValSeq), kwV("key", KV:Val), .Vals))
9813:        => #alloc(list(sortKeyVS(VS, KV))) ... </k>
9814:```
9815:
9816:### K-0796 — `semantics/sort.k:63`
9817:
9818:- Lines: 63–64
9819:- Classification: ordinary operational semantic rule
9820:- Attributes: none
9821:- Entry slice: no
9822:- Audit decision: ACCEPT_OUT_OF_SLICE — supplied fixed-semantics declaration/rule; guard/sort/priority reviewed and no match or dependency on this entry claim
9823:
9824:```k
9825:  rule <k> #applyK(toCall(builtinV("sorted")), (list(VS:ValSeq), kwV("key", KV:Val), kwV("reverse", RB:Bool), .Vals))
9826:        => #alloc(list(condRev(sortKeyVS(VS, KV), RB))) ... </k>
9827:```
9828:
9829:### K-0797 — `semantics/sort.k:65`
9830:
9831:- Lines: 65–66
9832:- Classification: ordinary operational semantic rule
9833:- Attributes: none
9834:- Entry slice: no
9835:- Audit decision: ACCEPT_OUT_OF_SLICE — supplied fixed-semantics declaration/rule; guard/sort/priority reviewed and no match or dependency on this entry claim
9836:
9837:```k
9838:  rule <k> #applyK(toCall(builtinV("sorted")), (list(VS:ValSeq), kwV("reverse", RB:Bool), .Vals))
9839:        => #alloc(list(condRev(sortVS(VS), RB))) ... </k>
9840:```
9841:
9842:### K-0798 — `semantics/str.k:8`
9843:
9844:- Lines: 8–8
9845:- Classification: ordinary operational semantic rule
9846:- Attributes: none
9847:- Entry slice: no
9848:- Audit decision: ACCEPT_OUT_OF_SLICE — supplied fixed-semantics declaration/rule; guard/sort/priority reviewed and no match or dependency on this entry claim
9849:
9850:```k
9851:  rule <k> #iterNext(str(.IntSeq))                 => #iterDone ... </k>
9852:```
9853:
9854:### K-0799 — `semantics/str.k:9`
9855:
9856:- Lines: 9–10
9857:- Classification: ordinary operational semantic rule
9858:- Attributes: none
9859:- Entry slice: no
9860:- Audit decision: ACCEPT_OUT_OF_SLICE — supplied fixed-semantics declaration/rule; guard/sort/priority reviewed and no match or dependency on this entry claim
9861:
9862:```k
9863:  rule <k> #iterNext(str(iCons(C:Int, R:IntSeq)))
9864:        => #iterYield(str(iCons(C, .IntSeq)), str(R)) ... </k>
9865:```
9866:
9867:### K-0800 — `semantics/str.k:13`
9868:
9869:- Lines: 13–13
9870:- Classification: local syntax/function declaration
9871:- Attributes: function
9872:- Entry slice: no
9873:- Audit decision: ACCEPT_OUT_OF_SLICE — supplied fixed-semantics declaration/rule; guard/sort/priority reviewed and no match or dependency on this entry claim
9874:
9875:```k
9876:  syntax IntSeq ::= strToCodes(String) [function]
9877:```
9878:
9879:### K-0801 — `semantics/str.k:14`
9880:
9881:- Lines: 14–14
9882:- Classification: ordinary operational semantic rule
9883:- Attributes: none
9884:- Entry slice: no
9885:- Audit decision: ACCEPT_OUT_OF_SLICE — supplied fixed-semantics declaration/rule; guard/sort/priority reviewed and no match or dependency on this entry claim
9886:
9887:```k
9888:  rule <k> Str(S:String) => str(strToCodes(S)) ... </k>
9889:```
9890:
9891:### K-0802 — `semantics/str.k:15`
9892:
9893:- Lines: 15–15
9894:- Classification: function/equational rule
9895:- Attributes: none
9896:- Entry slice: no
9897:- Audit decision: ACCEPT_OUT_OF_SLICE — supplied fixed-semantics declaration/rule; guard/sort/priority reviewed and no match or dependency on this entry claim
9898:
9899:```k
9900:  rule strToCodes("") => .IntSeq
9901:```
9902:
9903:### K-0803 — `semantics/str.k:16`
9904:
9905:- Lines: 16–16
9906:- Classification: function/equational rule
9907:- Attributes: none
9908:- Entry slice: no
9909:- Audit decision: ACCEPT_OUT_OF_SLICE — supplied fixed-semantics declaration/rule; guard/sort/priority reviewed and no match or dependency on this entry claim
9910:
9911:```k
9912:  rule strToCodes(S:String) => iCons(ordChar(substrString(S, 0, 1)), strToCodes(substrString(S, 1, lengthString(S))))
9913:```
9914:
9915:### K-0804 — `semantics/str.k:20`
9916:
9917:- Lines: 20–20
9918:- Classification: local syntax/function declaration
9919:- Attributes: function, total
9920:- Entry slice: no
9921:- Audit decision: ACCEPT_OUT_OF_SLICE — supplied fixed-semantics declaration/rule; guard/sort/priority reviewed and no match or dependency on this entry claim
9922:
9923:```k
9924:  syntax IntSeq ::= seqConcat(IntSeq, IntSeq) [function, total]
9925:```
9926:
9927:### K-0805 — `semantics/str.k:21`
9928:
9929:- Lines: 21–21
9930:- Classification: function/equational rule
9931:- Attributes: none
9932:- Entry slice: no
9933:- Audit decision: ACCEPT_OUT_OF_SLICE — supplied fixed-semantics declaration/rule; guard/sort/priority reviewed and no match or dependency on this entry claim
9934:
9935:```k
9936:  rule seqConcat(.IntSeq, T:IntSeq)                => T
9937:```
9938:
9939:### K-0806 — `semantics/str.k:22`
9940:
9941:- Lines: 22–22
9942:- Classification: function/equational rule
9943:- Attributes: none
9944:- Entry slice: no
9945:- Audit decision: ACCEPT_OUT_OF_SLICE — supplied fixed-semantics declaration/rule; guard/sort/priority reviewed and no match or dependency on this entry claim
9946:
9947:```k
9948:  rule seqConcat(iCons(I:Int, S:IntSeq), T:IntSeq) => iCons(I, seqConcat(S, T))
9949:```
9950:
9951:### K-0807 — `semantics/str.k:24`
9952:
9953:- Lines: 24–24
9954:- Classification: function/equational rule
9955:- Attributes: none
9956:- Entry slice: no
9957:- Audit decision: ACCEPT_OUT_OF_SLICE — supplied fixed-semantics declaration/rule; guard/sort/priority reviewed and no match or dependency on this entry claim
9958:
9959:```k
9960:  rule applyBin("+",  str(A:IntSeq), str(B:IntSeq)) => str(seqConcat(A, B))
9961:```
9962:
9963:### K-0808 — `semantics/str.k:25`
9964:
9965:- Lines: 25–25
9966:- Classification: function/equational rule
9967:- Attributes: none
9968:- Entry slice: no
9969:- Audit decision: ACCEPT_OUT_OF_SLICE — supplied fixed-semantics declaration/rule; guard/sort/priority reviewed and no match or dependency on this entry claim
9970:
9971:```k
9972:  rule applyCmp("==", str(A:IntSeq), str(B:IntSeq)) => A ==K B
9973:```
9974:
9975:### K-0809 — `semantics/str.k:26`
9976:
9977:- Lines: 26–26
9978:- Classification: function/equational rule
9979:- Attributes: none
9980:- Entry slice: no
9981:- Audit decision: ACCEPT_OUT_OF_SLICE — supplied fixed-semantics declaration/rule; guard/sort/priority reviewed and no match or dependency on this entry claim
9982:
9983:```k
9984:  rule applyCmp("!=", str(A:IntSeq), str(B:IntSeq)) => notBool (A ==K B)
9985:```
9986:
9987:### K-0810 — `semantics/str.k:29`
9988:
9989:- Lines: 29–29
9990:- Classification: function/equational rule
9991:- Attributes: none
9992:- Entry slice: no
9993:- Audit decision: ACCEPT_OUT_OF_SLICE — supplied fixed-semantics declaration/rule; guard/sort/priority reviewed and no match or dependency on this entry claim
9994:
9995:```k
9996:  rule applyCmp("in",     str(P:IntSeq), str(X:IntSeq)) => strContains(P, X)
9997:```
9998:
9999:### K-0811 — `semantics/str.k:30`
10000:
10001:- Lines: 30–30
10002:- Classification: function/equational rule
10003:- Attributes: none
10004:- Entry slice: no
10005:- Audit decision: ACCEPT_OUT_OF_SLICE — supplied fixed-semantics declaration/rule; guard/sort/priority reviewed and no match or dependency on this entry claim
10006:
10007:```k
10008:  rule applyCmp("not in", str(P:IntSeq), str(X:IntSeq)) => notBool strContains(P, X)
10009:```
10010:
10011:### K-0812 — `semantics/str.k:32`
10012:
10013:- Lines: 32–32
10014:- Classification: local syntax/function declaration
10015:- Attributes: function, total
10016:- Entry slice: no
10017:- Audit decision: ACCEPT_OUT_OF_SLICE — supplied fixed-semantics declaration/rule; guard/sort/priority reviewed and no match or dependency on this entry claim
10018:
10019:```k
10020:  syntax Bool ::= strPrefix(IntSeq, IntSeq) [function, total]
10021:```
10022:
10023:### K-0813 — `semantics/str.k:33`
10024:
10025:- Lines: 33–33
10026:- Classification: function/equational rule
10027:- Attributes: none
10028:- Entry slice: no
10029:- Audit decision: ACCEPT_OUT_OF_SLICE — supplied fixed-semantics declaration/rule; guard/sort/priority reviewed and no match or dependency on this entry claim
10030:
10031:```k
10032:  rule strPrefix(.IntSeq, _:IntSeq)               => true
10033:```
10034:
10035:### K-0814 — `semantics/str.k:34`
10036:
10037:- Lines: 34–34
10038:- Classification: function/equational rule
10039:- Attributes: none
10040:- Entry slice: no
10041:- Audit decision: ACCEPT_OUT_OF_SLICE — supplied fixed-semantics declaration/rule; guard/sort/priority reviewed and no match or dependency on this entry claim
10042:
10043:```k
10044:  rule strPrefix(iCons(_:Int, _:IntSeq), .IntSeq) => false
10045:```
10046:
10047:### K-0815 — `semantics/str.k:35`
10048:
10049:- Lines: 35–35
10050:- Classification: function/equational rule
10051:- Attributes: none
10052:- Entry slice: no
10053:- Audit decision: ACCEPT_OUT_OF_SLICE — supplied fixed-semantics declaration/rule; guard/sort/priority reviewed and no match or dependency on this entry claim
10054:
10055:```k
10056:  rule strPrefix(iCons(A:Int, As:IntSeq), iCons(B:Int, Bs:IntSeq)) => A ==Int B andBool strPrefix(As, Bs)
10057:```
10058:
10059:### K-0816 — `semantics/str.k:37`
10060:
10061:- Lines: 37–37
10062:- Classification: local syntax/function declaration
10063:- Attributes: function, total
10064:- Entry slice: no
10065:- Audit decision: ACCEPT_OUT_OF_SLICE — supplied fixed-semantics declaration/rule; guard/sort/priority reviewed and no match or dependency on this entry claim
10066:
10067:```k
10068:  syntax Bool ::= strContains(IntSeq, IntSeq) [function, total]
10069:```
10070:
10071:### K-0817 — `semantics/str.k:38`
10072:
10073:- Lines: 38–38
10074:- Classification: function/equational rule
10075:- Attributes: none
10076:- Entry slice: no
10077:- Audit decision: ACCEPT_OUT_OF_SLICE — supplied fixed-semantics declaration/rule; guard/sort/priority reviewed and no match or dependency on this entry claim
10078:
10079:```k
10080:  rule strContains(P:IntSeq, X:IntSeq) => true  requires strPrefix(P, X)
10081:```
10082:
10083:### K-0818 — `semantics/str.k:39`
10084:
10085:- Lines: 39–39
10086:- Classification: function/equational rule
10087:- Attributes: none
10088:- Entry slice: no
10089:- Audit decision: ACCEPT_OUT_OF_SLICE — supplied fixed-semantics declaration/rule; guard/sort/priority reviewed and no match or dependency on this entry claim
10090:
10091:```k
10092:  rule strContains(P:IntSeq, .IntSeq)  => false requires notBool strPrefix(P, .IntSeq)
10093:```
10094:
10095:### K-0819 — `semantics/str.k:40`
10096:
10097:- Lines: 40–40
10098:- Classification: function/equational rule
10099:- Attributes: none
10100:- Entry slice: no
10101:- Audit decision: ACCEPT_OUT_OF_SLICE — supplied fixed-semantics declaration/rule; guard/sort/priority reviewed and no match or dependency on this entry claim
10102:
10103:```k
10104:  rule strContains(P:IntSeq, iCons(C:Int, Xs:IntSeq)) => strContains(P, Xs)
10105:```
10106:
10107:### K-0820 — `semantics/str.k:48`
10108:
10109:- Lines: 48–48
10110:- Classification: local syntax/function declaration
10111:- Attributes: function, total
10112:- Entry slice: no
10113:- Audit decision: ACCEPT_OUT_OF_SLICE — supplied fixed-semantics declaration/rule; guard/sort/priority reviewed and no match or dependency on this entry claim
10114:
10115:```k
10116:  syntax Bool ::= strLt(IntSeq, IntSeq) [function, total]
10117:```
10118:
10119:### K-0821 — `semantics/str.k:49`
10120:
10121:- Lines: 49–49
10122:- Classification: function/equational rule
10123:- Attributes: none
10124:- Entry slice: no
10125:- Audit decision: ACCEPT_OUT_OF_SLICE — supplied fixed-semantics declaration/rule; guard/sort/priority reviewed and no match or dependency on this entry claim
10126:
10127:```k
10128:  rule strLt(.IntSeq, .IntSeq)                => false
10129:```
10130:
10131:### K-0822 — `semantics/str.k:50`
10132:
10133:- Lines: 50–50
10134:- Classification: function/equational rule
10135:- Attributes: none
10136:- Entry slice: no
10137:- Audit decision: ACCEPT_OUT_OF_SLICE — supplied fixed-semantics declaration/rule; guard/sort/priority reviewed and no match or dependency on this entry claim
10138:
10139:```k
10140:  rule strLt(.IntSeq, iCons(_:Int, _:IntSeq)) => true
10141:```
10142:
10143:### K-0823 — `semantics/str.k:51`
10144:
10145:- Lines: 51–51
10146:- Classification: function/equational rule
10147:- Attributes: none
10148:- Entry slice: no
10149:- Audit decision: ACCEPT_OUT_OF_SLICE — supplied fixed-semantics declaration/rule; guard/sort/priority reviewed and no match or dependency on this entry claim
10150:
10151:```k
10152:  rule strLt(iCons(_:Int, _:IntSeq), .IntSeq) => false
10153:```
10154:
10155:### K-0824 — `semantics/str.k:52`
10156:
10157:- Lines: 52–52
10158:- Classification: function/equational rule
10159:- Attributes: none
10160:- Entry slice: no
10161:- Audit decision: ACCEPT_OUT_OF_SLICE — supplied fixed-semantics declaration/rule; guard/sort/priority reviewed and no match or dependency on this entry claim
10162:
10163:```k
10164:  rule strLt(iCons(A:Int, As:IntSeq), iCons(B:Int, Bs:IntSeq)) => true          requires A  <Int B
10165:```
10166:
10167:### K-0825 — `semantics/str.k:53`
10168:
10169:- Lines: 53–53
10170:- Classification: function/equational rule
10171:- Attributes: none
10172:- Entry slice: no
10173:- Audit decision: ACCEPT_OUT_OF_SLICE — supplied fixed-semantics declaration/rule; guard/sort/priority reviewed and no match or dependency on this entry claim
10174:
10175:```k
10176:  rule strLt(iCons(A:Int, As:IntSeq), iCons(B:Int, Bs:IntSeq)) => false         requires A  >Int B
10177:```
10178:
10179:### K-0826 — `semantics/str.k:54`
10180:
10181:- Lines: 54–54
10182:- Classification: function/equational rule
10183:- Attributes: none
10184:- Entry slice: no
10185:- Audit decision: ACCEPT_OUT_OF_SLICE — supplied fixed-semantics declaration/rule; guard/sort/priority reviewed and no match or dependency on this entry claim
10186:
10187:```k
10188:  rule strLt(iCons(A:Int, As:IntSeq), iCons(B:Int, Bs:IntSeq)) => strLt(As, Bs) requires A ==Int B
10189:```
10190:
10191:### K-0827 — `semantics/str.k:56`
10192:
10193:- Lines: 56–56
10194:- Classification: function/equational rule
10195:- Attributes: none
10196:- Entry slice: no
10197:- Audit decision: ACCEPT_OUT_OF_SLICE — supplied fixed-semantics declaration/rule; guard/sort/priority reviewed and no match or dependency on this entry claim
10198:
10199:```k
10200:  rule applyCmp("<",  str(A:IntSeq), str(B:IntSeq)) => strLt(A, B)
10201:```
10202:
10203:### K-0828 — `semantics/str.k:57`
10204:
10205:- Lines: 57–57
10206:- Classification: function/equational rule
10207:- Attributes: none
10208:- Entry slice: no
10209:- Audit decision: ACCEPT_OUT_OF_SLICE — supplied fixed-semantics declaration/rule; guard/sort/priority reviewed and no match or dependency on this entry claim
10210:
10211:```k
10212:  rule applyCmp(">",  str(A:IntSeq), str(B:IntSeq)) => strLt(B, A)
10213:```
10214:
10215:### K-0829 — `semantics/str.k:58`
10216:
10217:- Lines: 58–58
10218:- Classification: function/equational rule
10219:- Attributes: none
10220:- Entry slice: no
10221:- Audit decision: ACCEPT_OUT_OF_SLICE — supplied fixed-semantics declaration/rule; guard/sort/priority reviewed and no match or dependency on this entry claim
10222:
10223:```k
10224:  rule applyCmp("<=", str(A:IntSeq), str(B:IntSeq)) => notBool strLt(B, A)
10225:```
10226:
10227:### K-0830 — `semantics/str.k:59`
10228:
10229:- Lines: 59–59
10230:- Classification: function/equational rule
10231:- Attributes: none
10232:- Entry slice: no
10233:- Audit decision: ACCEPT_OUT_OF_SLICE — supplied fixed-semantics declaration/rule; guard/sort/priority reviewed and no match or dependency on this entry claim
10234:
10235:```k
10236:  rule applyCmp(">=", str(A:IntSeq), str(B:IntSeq)) => notBool strLt(A, B)
10237:```
10238:
10239:### K-0831 — `semantics/subscript.k:11`
10240:
10241:- Lines: 11–11
10242:- Classification: local syntax/function declaration
10243:- Attributes: function, total
10244:- Entry slice: no
10245:- Audit decision: ACCEPT_OUT_OF_SLICE — supplied fixed-semantics declaration/rule; guard/sort/priority reviewed and no match or dependency on this entry claim
10246:
10247:```k
10248:  syntax Val ::= valSeqAt(ValSeq, Int) [function, total]
10249:```
10250:
10251:### K-0832 — `semantics/subscript.k:12`
10252:
10253:- Lines: 12–12
10254:- Classification: function/equational rule
10255:- Attributes: none
10256:- Entry slice: no
10257:- Audit decision: ACCEPT_OUT_OF_SLICE — supplied fixed-semantics declaration/rule; guard/sort/priority reviewed and no match or dependency on this entry claim
10258:
10259:```k
10260:  rule valSeqAt(vCons(V:Val, _:ValSeq), 0)     => V
10261:```
10262:
10263:### K-0833 — `semantics/subscript.k:13`
10264:
10265:- Lines: 13–13
10266:- Classification: function/equational rule
10267:- Attributes: none
10268:- Entry slice: no
10269:- Audit decision: ACCEPT_OUT_OF_SLICE — supplied fixed-semantics declaration/rule; guard/sort/priority reviewed and no match or dependency on this entry claim
10270:
10271:```k
10272:  rule valSeqAt(vCons(_:Val, S:ValSeq), I:Int) => valSeqAt(S, I -Int 1)
10273:```
10274:
10275:### K-0834 — `semantics/subscript.k:16`
10276:
10277:- Lines: 16–16
10278:- Classification: local syntax/function declaration
10279:- Attributes: function
10280:- Entry slice: no
10281:- Audit decision: ACCEPT_OUT_OF_SLICE — supplied fixed-semantics declaration/rule; guard/sort/priority reviewed and no match or dependency on this entry claim
10282:
10283:```k
10284:  syntax Int ::= intSeqAt(IntSeq, Int) [function]
10285:```
10286:
10287:### K-0835 — `semantics/subscript.k:17`
10288:
10289:- Lines: 17–17
10290:- Classification: function/equational rule
10291:- Attributes: none
10292:- Entry slice: no
10293:- Audit decision: ACCEPT_OUT_OF_SLICE — supplied fixed-semantics declaration/rule; guard/sort/priority reviewed and no match or dependency on this entry claim
10294:
10295:```k
10296:  rule intSeqAt(iCons(C:Int, _:IntSeq), 0)     => C
10297:```
10298:
10299:### K-0836 — `semantics/subscript.k:18`
10300:
10301:- Lines: 18–18
10302:- Classification: function/equational rule
10303:- Attributes: none
10304:- Entry slice: no
10305:- Audit decision: ACCEPT_OUT_OF_SLICE — supplied fixed-semantics declaration/rule; guard/sort/priority reviewed and no match or dependency on this entry claim
10306:
10307:```k
10308:  rule intSeqAt(iCons(_:Int, S:IntSeq), I:Int) => intSeqAt(S, I -Int 1)
10309:```
10310:
10311:### K-0837 — `semantics/subscript.k:21`
10312:
10313:- Lines: 21–21
10314:- Classification: local syntax/function declaration
10315:- Attributes: function, total
10316:- Entry slice: no
10317:- Audit decision: ACCEPT_OUT_OF_SLICE — supplied fixed-semantics declaration/rule; guard/sort/priority reviewed and no match or dependency on this entry claim
10318:
10319:```k
10320:  syntax Int ::= normIdx(Int, Int) [function, total]
10321:```
10322:
10323:### K-0838 — `semantics/subscript.k:22`
10324:
10325:- Lines: 22–22
10326:- Classification: function/equational rule
10327:- Attributes: none
10328:- Entry slice: no
10329:- Audit decision: ACCEPT_OUT_OF_SLICE — supplied fixed-semantics declaration/rule; guard/sort/priority reviewed and no match or dependency on this entry claim
10330:
10331:```k
10332:  rule normIdx(I:Int, LEN:Int) => I +Int LEN requires I  <Int 0
10333:```
10334:
10335:### K-0839 — `semantics/subscript.k:23`
10336:
10337:- Lines: 23–23
10338:- Classification: function/equational rule
10339:- Attributes: none
10340:- Entry slice: no
10341:- Audit decision: ACCEPT_OUT_OF_SLICE — supplied fixed-semantics declaration/rule; guard/sort/priority reviewed and no match or dependency on this entry claim
10342:
10343:```k
10344:  rule normIdx(I:Int, _:Int)   => I          requires I >=Int 0
10345:```
10346:
10347:### K-0840 — `semantics/subscript.k:27`
10348:
10349:- Lines: 27–27
10350:- Classification: evaluation context
10351:- Attributes: none
10352:- Entry slice: no
10353:- Audit decision: ACCEPT_OUT_OF_SLICE — supplied fixed-semantics declaration/rule; guard/sort/priority reviewed and no match or dependency on this entry claim
10354:
10355:```k
10356:  context Subscript(HOLE, _)
10357:```
10358:
10359:### K-0841 — `semantics/subscript.k:28`
10360:
10361:- Lines: 28–28
10362:- Classification: evaluation context
10363:- Attributes: none
10364:- Entry slice: no
10365:- Audit decision: ACCEPT_OUT_OF_SLICE — supplied fixed-semantics declaration/rule; guard/sort/priority reviewed and no match or dependency on this entry claim
10366:
10367:```k
10368:  context Subscript(_:Val, HOLE:Expr)
10369:```
10370:
10371:### K-0842 — `semantics/subscript.k:31`
10372:
10373:- Lines: 31–33
10374:- Classification: ordinary operational semantic rule; priority rule
10375:- Attributes: priority
10376:- Entry slice: no
10377:- Audit decision: ACCEPT_OUT_OF_SLICE — supplied fixed-semantics declaration/rule; guard/sort/priority reviewed and no match or dependency on this entry claim
10378:
10379:```k
10380:  rule <k> Subscript(ref(H:Int), IX:Index) => Subscript(V, IX) ... </k>
10381:       <heap> ... H |-> V:Val ... </heap>
10382:       [priority(40)]
10383:```
10384:
10385:### K-0843 — `semantics/subscript.k:35`
10386:
10387:- Lines: 35–35
10388:- Classification: ordinary operational semantic rule
10389:- Attributes: none
10390:- Entry slice: no
10391:- Audit decision: ACCEPT_OUT_OF_SLICE — supplied fixed-semantics declaration/rule; guard/sort/priority reviewed and no match or dependency on this entry claim
10392:
10393:```k
10394:  rule <k> Subscript(OBJ:Val, I:Int) => applyIndex(OBJ, I) ... </k>
10395:```
10396:
10397:### K-0844 — `semantics/subscript.k:37`
10398:
10399:- Lines: 37–37
10400:- Classification: local syntax/function declaration
10401:- Attributes: function
10402:- Entry slice: no
10403:- Audit decision: ACCEPT_OUT_OF_SLICE — supplied fixed-semantics declaration/rule; guard/sort/priority reviewed and no match or dependency on this entry claim
10404:
10405:```k
10406:  syntax Val ::= applyIndex(Val, Int) [function]
10407:```
10408:
10409:### K-0845 — `semantics/subscript.k:38`
10410:
10411:- Lines: 38–38
10412:- Classification: function/equational rule
10413:- Attributes: none
10414:- Entry slice: no
10415:- Audit decision: ACCEPT_OUT_OF_SLICE — supplied fixed-semantics declaration/rule; guard/sort/priority reviewed and no match or dependency on this entry claim
10416:
10417:```k
10418:  rule applyIndex(list(VS:ValSeq),  I:Int) => valSeqAt(VS, normIdx(I, vsLen(VS)))
10419:```
10420:
10421:### K-0846 — `semantics/subscript.k:39`
10422:
10423:- Lines: 39–39
10424:- Classification: function/equational rule
10425:- Attributes: none
10426:- Entry slice: no
10427:- Audit decision: ACCEPT_OUT_OF_SLICE — supplied fixed-semantics declaration/rule; guard/sort/priority reviewed and no match or dependency on this entry claim
10428:
10429:```k
10430:  rule applyIndex(tuple(VS:ValSeq), I:Int) => valSeqAt(VS, normIdx(I, vsLen(VS)))
10431:```
10432:
10433:### K-0847 — `semantics/subscript.k:40`
10434:
10435:- Lines: 40–41
10436:- Classification: function/equational rule
10437:- Attributes: none
10438:- Entry slice: no
10439:- Audit decision: ACCEPT_OUT_OF_SLICE — supplied fixed-semantics declaration/rule; guard/sort/priority reviewed and no match or dependency on this entry claim
10440:
10441:```k
10442:  rule applyIndex(str(IS:IntSeq),   I:Int)
10443:    => str(iCons(intSeqAt(IS, normIdx(I, isLen(IS))), .IntSeq))
10444:```
10445:
10446:### K-0848 — `semantics/subscript.k:44`
10447:
10448:- Lines: 44–47
10449:- Classification: local syntax/function declaration
10450:- Attributes: none
10451:- Entry slice: no
10452:- Audit decision: ACCEPT_OUT_OF_SLICE — supplied fixed-semantics declaration/rule; guard/sort/priority reviewed and no match or dependency on this entry claim
10453:
10454:```k
10455:  syntax KItem ::= #evalB(Bound) | "#toSome"
10456:                 | #slLo(Val, Bound, Bound)
10457:                 | #slHi(Val, OptInt, Bound)
10458:                 | #slStep(Val, OptInt, OptInt)
10459:```
10460:
10461:### K-0849 — `semantics/subscript.k:49`
10462:
10463:- Lines: 49–49
10464:- Classification: local syntax/function declaration
10465:- Attributes: none
10466:- Entry slice: no
10467:- Audit decision: ACCEPT_OUT_OF_SLICE — supplied fixed-semantics declaration/rule; guard/sort/priority reviewed and no match or dependency on this entry claim
10468:
10469:```k
10470:  syntax OptInt ::= "noB" | someB(Int)
10471:```
10472:
10473:### K-0850 — `semantics/subscript.k:50`
10474:
10475:- Lines: 50–50
10476:- Classification: ordinary operational semantic rule
10477:- Attributes: none
10478:- Entry slice: no
10479:- Audit decision: ACCEPT_OUT_OF_SLICE — supplied fixed-semantics declaration/rule; guard/sort/priority reviewed and no match or dependency on this entry claim
10480:
10481:```k
10482:  rule <k> #evalB(NoBound)  => noB ... </k>
10483:```
10484:
10485:### K-0851 — `semantics/subscript.k:51`
10486:
10487:- Lines: 51–51
10488:- Classification: ordinary operational semantic rule
10489:- Attributes: none
10490:- Entry slice: no
10491:- Audit decision: ACCEPT_OUT_OF_SLICE — supplied fixed-semantics declaration/rule; guard/sort/priority reviewed and no match or dependency on this entry claim
10492:
10493:```k
10494:  rule <k> #evalB(E:Expr)   => E ~> #toSome ... </k>
10495:```
10496:
10497:### K-0852 — `semantics/subscript.k:52`
10498:
10499:- Lines: 52–52
10500:- Classification: ordinary operational semantic rule
10501:- Attributes: none
10502:- Entry slice: no
10503:- Audit decision: ACCEPT_OUT_OF_SLICE — supplied fixed-semantics declaration/rule; guard/sort/priority reviewed and no match or dependency on this entry claim
10504:
10505:```k
10506:  rule <k> I:Int ~> #toSome => someB(I) ... </k>
10507:```
10508:
10509:### K-0853 — `semantics/subscript.k:54`
10510:
10511:- Lines: 54–54
10512:- Classification: ordinary operational semantic rule
10513:- Attributes: none
10514:- Entry slice: no
10515:- Audit decision: ACCEPT_OUT_OF_SLICE — supplied fixed-semantics declaration/rule; guard/sort/priority reviewed and no match or dependency on this entry claim
10516:
10517:```k
10518:  rule <k> Subscript(OBJ:Val, Slice(LO:Bound, HI:Bound, ST:Bound)) => #evalB(LO) ~> #slLo(OBJ, HI, ST) ... </k>
10519:```
10520:
10521:### K-0854 — `semantics/subscript.k:55`
10522:
10523:- Lines: 55–55
10524:- Classification: ordinary operational semantic rule
10525:- Attributes: none
10526:- Entry slice: no
10527:- Audit decision: ACCEPT_OUT_OF_SLICE — supplied fixed-semantics declaration/rule; guard/sort/priority reviewed and no match or dependency on this entry claim
10528:
10529:```k
10530:  rule <k> LO:OptInt ~> #slLo(OBJ:Val, HI:Bound, ST:Bound)   => #evalB(HI) ~> #slHi(OBJ, LO, ST) ... </k>
10531:```
10532:
10533:### K-0855 — `semantics/subscript.k:56`
10534:
10535:- Lines: 56–56
10536:- Classification: ordinary operational semantic rule
10537:- Attributes: none
10538:- Entry slice: no
10539:- Audit decision: ACCEPT_OUT_OF_SLICE — supplied fixed-semantics declaration/rule; guard/sort/priority reviewed and no match or dependency on this entry claim
10540:
10541:```k
10542:  rule <k> HI:OptInt ~> #slHi(OBJ:Val, LO:OptInt, ST:Bound)  => #evalB(ST) ~> #slStep(OBJ, LO, HI) ... </k>
10543:```
10544:
10545:### K-0856 — `semantics/subscript.k:58`
10546:
10547:- Lines: 58–60
10548:- Classification: ordinary operational semantic rule; priority rule
10549:- Attributes: priority
10550:- Entry slice: no
10551:- Audit decision: ACCEPT_OUT_OF_SLICE — supplied fixed-semantics declaration/rule; guard/sort/priority reviewed and no match or dependency on this entry claim
10552:
10553:```k
10554:  rule <k> ST:OptInt ~> #slStep(list(VS:ValSeq), LO:OptInt, HI:OptInt)
10555:        => #alloc(doSlice(list(VS), LO, HI, ST)) ... </k>
10556:       [priority(45)]
10557:```
10558:
10559:### K-0857 — `semantics/subscript.k:61`
10560:
10561:- Lines: 61–61
10562:- Classification: ordinary operational semantic rule
10563:- Attributes: none
10564:- Entry slice: no
10565:- Audit decision: ACCEPT_OUT_OF_SLICE — supplied fixed-semantics declaration/rule; guard/sort/priority reviewed and no match or dependency on this entry claim
10566:
10567:```k
10568:  rule <k> ST:OptInt ~> #slStep(OBJ:Val, LO:OptInt, HI:OptInt) => doSlice(OBJ, LO, HI, ST) ... </k>
10569:```
10570:
10571:### K-0858 — `semantics/subscript.k:63`
10572:
10573:- Lines: 63–63
10574:- Classification: local syntax/function declaration
10575:- Attributes: function
10576:- Entry slice: no
10577:- Audit decision: ACCEPT_OUT_OF_SLICE — supplied fixed-semantics declaration/rule; guard/sort/priority reviewed and no match or dependency on this entry claim
10578:
10579:```k
10580:  syntax Val ::= doSlice(Val, OptInt, OptInt, OptInt) [function]
10581:```
10582:
10583:### K-0859 — `semantics/subscript.k:64`
10584:
10585:- Lines: 64–65
10586:- Classification: function/equational rule
10587:- Attributes: none
10588:- Entry slice: no
10589:- Audit decision: ACCEPT_OUT_OF_SLICE — supplied fixed-semantics declaration/rule; guard/sort/priority reviewed and no match or dependency on this entry claim
10590:
10591:```k
10592:  rule doSlice(list(VS:ValSeq), LO:OptInt, HI:OptInt, ST:OptInt)
10593:    => list(buildVS(VS, slStart(LO, ST, vsLen(VS)), slStop(HI, ST, vsLen(VS)), slStep(ST)))
10594:```
10595:
10596:### K-0860 — `semantics/subscript.k:66`
10597:
10598:- Lines: 66–67
10599:- Classification: function/equational rule
10600:- Attributes: none
10601:- Entry slice: no
10602:- Audit decision: ACCEPT_OUT_OF_SLICE — supplied fixed-semantics declaration/rule; guard/sort/priority reviewed and no match or dependency on this entry claim
10603:
10604:```k
10605:  rule doSlice(tuple(VS:ValSeq), LO:OptInt, HI:OptInt, ST:OptInt)
10606:    => tuple(buildVS(VS, slStart(LO, ST, vsLen(VS)), slStop(HI, ST, vsLen(VS)), slStep(ST)))
10607:```
10608:
10609:### K-0861 — `semantics/subscript.k:68`
10610:
10611:- Lines: 68–69
10612:- Classification: function/equational rule
10613:- Attributes: none
10614:- Entry slice: no
10615:- Audit decision: ACCEPT_OUT_OF_SLICE — supplied fixed-semantics declaration/rule; guard/sort/priority reviewed and no match or dependency on this entry claim
10616:
10617:```k
10618:  rule doSlice(str(IS:IntSeq), LO:OptInt, HI:OptInt, ST:OptInt)
10619:    => str(buildIS(IS, slStart(LO, ST, isLen(IS)), slStop(HI, ST, isLen(IS)), slStep(ST)))
10620:```
10621:
10622:### K-0862 — `semantics/subscript.k:72`
10623:
10624:- Lines: 72–72
10625:- Classification: local syntax/function declaration
10626:- Attributes: function, total
10627:- Entry slice: no
10628:- Audit decision: ACCEPT_OUT_OF_SLICE — supplied fixed-semantics declaration/rule; guard/sort/priority reviewed and no match or dependency on this entry claim
10629:
10630:```k
10631:  syntax Int ::= slStep(OptInt) [function, total]
10632:```
10633:
10634:### K-0863 — `semantics/subscript.k:73`
10635:
10636:- Lines: 73–73
10637:- Classification: function/equational rule
10638:- Attributes: none
10639:- Entry slice: no
10640:- Audit decision: ACCEPT_OUT_OF_SLICE — supplied fixed-semantics declaration/rule; guard/sort/priority reviewed and no match or dependency on this entry claim
10641:
10642:```k
10643:  rule slStep(noB)          => 1
10644:```
10645:
10646:### K-0864 — `semantics/subscript.k:74`
10647:
10648:- Lines: 74–74
10649:- Classification: function/equational rule
10650:- Attributes: none
10651:- Entry slice: no
10652:- Audit decision: ACCEPT_OUT_OF_SLICE — supplied fixed-semantics declaration/rule; guard/sort/priority reviewed and no match or dependency on this entry claim
10653:
10654:```k
10655:  rule slStep(someB(S:Int)) => S
10656:```
10657:
10658:### K-0865 — `semantics/subscript.k:76`
10659:
10660:- Lines: 76–76
10661:- Classification: local syntax/function declaration
10662:- Attributes: function
10663:- Entry slice: no
10664:- Audit decision: ACCEPT_OUT_OF_SLICE — supplied fixed-semantics declaration/rule; guard/sort/priority reviewed and no match or dependency on this entry claim
10665:
10666:```k
10667:  syntax Int ::= slStart(OptInt, OptInt, Int) [function]
10668:```
10669:
10670:### K-0866 — `semantics/subscript.k:77`
10671:
10672:- Lines: 77–77
10673:- Classification: function/equational rule
10674:- Attributes: none
10675:- Entry slice: no
10676:- Audit decision: ACCEPT_OUT_OF_SLICE — supplied fixed-semantics declaration/rule; guard/sort/priority reviewed and no match or dependency on this entry claim
10677:
10678:```k
10679:  rule slStart(noB,          ST:OptInt, _LEN:Int) => 0
10680:```
10681:
10682:### K-0867 — `semantics/subscript.k:79`
10683:
10684:- Lines: 79–79
10685:- Classification: function/equational rule
10686:- Attributes: none
10687:- Entry slice: no
10688:- Audit decision: ACCEPT_OUT_OF_SLICE — supplied fixed-semantics declaration/rule; guard/sort/priority reviewed and no match or dependency on this entry claim
10689:
10690:```k
10691:  rule slStart(noB,          ST:OptInt, LEN:Int)  => LEN -Int 1
10692:```
10693:
10694:### K-0868 — `semantics/subscript.k:81`
10695:
10696:- Lines: 81–81
10697:- Classification: function/equational rule
10698:- Attributes: none
10699:- Entry slice: no
10700:- Audit decision: ACCEPT_OUT_OF_SLICE — supplied fixed-semantics declaration/rule; guard/sort/priority reviewed and no match or dependency on this entry claim
10701:
10702:```k
10703:  rule slStart(someB(I:Int), ST:OptInt, LEN:Int)  => slAdjust(I, LEN, slStep(ST))
10704:```
10705:
10706:### K-0869 — `semantics/subscript.k:83`
10707:
10708:- Lines: 83–83
10709:- Classification: local syntax/function declaration
10710:- Attributes: function
10711:- Entry slice: no
10712:- Audit decision: ACCEPT_OUT_OF_SLICE — supplied fixed-semantics declaration/rule; guard/sort/priority reviewed and no match or dependency on this entry claim
10713:
10714:```k
10715:  syntax Int ::= slStop(OptInt, OptInt, Int) [function]
10716:```
10717:
10718:### K-0870 — `semantics/subscript.k:84`
10719:
10720:- Lines: 84–84
10721:- Classification: function/equational rule
10722:- Attributes: none
10723:- Entry slice: no
10724:- Audit decision: ACCEPT_OUT_OF_SLICE — supplied fixed-semantics declaration/rule; guard/sort/priority reviewed and no match or dependency on this entry claim
10725:
10726:```k
10727:  rule slStop(noB,          ST:OptInt, LEN:Int)  => LEN
10728:```
10729:
10730:### K-0871 — `semantics/subscript.k:86`
10731:
10732:- Lines: 86–86
10733:- Classification: function/equational rule
10734:- Attributes: none
10735:- Entry slice: no
10736:- Audit decision: ACCEPT_OUT_OF_SLICE — supplied fixed-semantics declaration/rule; guard/sort/priority reviewed and no match or dependency on this entry claim
10737:
10738:```k
10739:  rule slStop(noB,          ST:OptInt, _LEN:Int) => -1
10740:```
10741:
10742:### K-0872 — `semantics/subscript.k:88`
10743:
10744:- Lines: 88–88
10745:- Classification: function/equational rule
10746:- Attributes: none
10747:- Entry slice: no
10748:- Audit decision: ACCEPT_OUT_OF_SLICE — supplied fixed-semantics declaration/rule; guard/sort/priority reviewed and no match or dependency on this entry claim
10749:
10750:```k
10751:  rule slStop(someB(I:Int), ST:OptInt, LEN:Int)  => slAdjust(I, LEN, slStep(ST))
10752:```
10753:
10754:### K-0873 — `semantics/subscript.k:90`
10755:
10756:- Lines: 90–90
10757:- Classification: local syntax/function declaration
10758:- Attributes: function, total
10759:- Entry slice: no
10760:- Audit decision: ACCEPT_OUT_OF_SLICE — supplied fixed-semantics declaration/rule; guard/sort/priority reviewed and no match or dependency on this entry claim
10761:
10762:```k
10763:  syntax Int ::= slAdjust(Int, Int, Int) [function, total]
10764:```
10765:
10766:### K-0874 — `semantics/subscript.k:91`
10767:
10768:- Lines: 91–91
10769:- Classification: function/equational rule
10770:- Attributes: none
10771:- Entry slice: no
10772:- Audit decision: ACCEPT_OUT_OF_SLICE — supplied fixed-semantics declaration/rule; guard/sort/priority reviewed and no match or dependency on this entry claim
10773:
10774:```k
10775:  rule slAdjust(I:Int, LEN:Int, STEP:Int) => clampLo(I +Int LEN, STEP)
10776:```
10777:
10778:### K-0875 — `semantics/subscript.k:93`
10779:
10780:- Lines: 93–93
10781:- Classification: function/equational rule
10782:- Attributes: none
10783:- Entry slice: no
10784:- Audit decision: ACCEPT_OUT_OF_SLICE — supplied fixed-semantics declaration/rule; guard/sort/priority reviewed and no match or dependency on this entry claim
10785:
10786:```k
10787:  rule slAdjust(I:Int, LEN:Int, STEP:Int) => clampHi(I, LEN, STEP)
10788:```
10789:
10790:### K-0876 — `semantics/subscript.k:96`
10791:
10792:- Lines: 96–96
10793:- Classification: local syntax/function declaration
10794:- Attributes: function, total
10795:- Entry slice: no
10796:- Audit decision: ACCEPT_OUT_OF_SLICE — supplied fixed-semantics declaration/rule; guard/sort/priority reviewed and no match or dependency on this entry claim
10797:
10798:```k
10799:  syntax Int ::= clampLo(Int, Int) [function, total]
10800:```
10801:
10802:### K-0877 — `semantics/subscript.k:97`
10803:
10804:- Lines: 97–97
10805:- Classification: function/equational rule
10806:- Attributes: none
10807:- Entry slice: no
10808:- Audit decision: ACCEPT_OUT_OF_SLICE — supplied fixed-semantics declaration/rule; guard/sort/priority reviewed and no match or dependency on this entry claim
10809:
10810:```k
10811:  rule clampLo(J:Int, _STEP:Int) => J
10812:```
10813:
10814:### K-0878 — `semantics/subscript.k:99`
10815:
10816:- Lines: 99–99
10817:- Classification: function/equational rule
10818:- Attributes: none
10819:- Entry slice: no
10820:- Audit decision: ACCEPT_OUT_OF_SLICE — supplied fixed-semantics declaration/rule; guard/sort/priority reviewed and no match or dependency on this entry claim
10821:
10822:```k
10823:  rule clampLo(J:Int, STEP:Int)  => #if STEP <Int 0 #then -1 #else 0 #fi
10824:```
10825:
10826:### K-0879 — `semantics/subscript.k:102`
10827:
10828:- Lines: 102–102
10829:- Classification: local syntax/function declaration
10830:- Attributes: function, total
10831:- Entry slice: no
10832:- Audit decision: ACCEPT_OUT_OF_SLICE — supplied fixed-semantics declaration/rule; guard/sort/priority reviewed and no match or dependency on this entry claim
10833:
10834:```k
10835:  syntax Int ::= clampHi(Int, Int, Int) [function, total]
10836:```
10837:
10838:### K-0880 — `semantics/subscript.k:103`
10839:
10840:- Lines: 103–103
10841:- Classification: function/equational rule
10842:- Attributes: none
10843:- Entry slice: no
10844:- Audit decision: ACCEPT_OUT_OF_SLICE — supplied fixed-semantics declaration/rule; guard/sort/priority reviewed and no match or dependency on this entry claim
10845:
10846:```k
10847:  rule clampHi(I:Int, LEN:Int, _STEP:Int) => I
10848:```
10849:
10850:### K-0881 — `semantics/subscript.k:105`
10851:
10852:- Lines: 105–105
10853:- Classification: function/equational rule
10854:- Attributes: none
10855:- Entry slice: no
10856:- Audit decision: ACCEPT_OUT_OF_SLICE — supplied fixed-semantics declaration/rule; guard/sort/priority reviewed and no match or dependency on this entry claim
10857:
10858:```k
10859:  rule clampHi(I:Int, LEN:Int, STEP:Int)  => #if STEP <Int 0 #then LEN -Int 1 #else LEN #fi
10860:```
10861:
10862:### K-0882 — `semantics/subscript.k:109`
10863:
10864:- Lines: 109–109
10865:- Classification: local syntax/function declaration
10866:- Attributes: function
10867:- Entry slice: no
10868:- Audit decision: ACCEPT_OUT_OF_SLICE — supplied fixed-semantics declaration/rule; guard/sort/priority reviewed and no match or dependency on this entry claim
10869:
10870:```k
10871:  syntax ValSeq ::= buildVS(ValSeq, Int, Int, Int) [function]
10872:```
10873:
10874:### K-0883 — `semantics/subscript.k:110`
10875:
10876:- Lines: 110–111
10877:- Classification: function/equational rule
10878:- Attributes: none
10879:- Entry slice: no
10880:- Audit decision: ACCEPT_OUT_OF_SLICE — supplied fixed-semantics declaration/rule; guard/sort/priority reviewed and no match or dependency on this entry claim
10881:
10882:```k
10883:  rule buildVS(VS:ValSeq, I:Int, STOP:Int, STEP:Int)
10884:    => vCons(valSeqAt(VS, I), buildVS(VS, I +Int STEP, STOP, STEP))
10885:```
10886:
10887:### K-0884 — `semantics/subscript.k:113`
10888:
10889:- Lines: 113–113
10890:- Classification: function/equational rule
10891:- Attributes: none
10892:- Entry slice: no
10893:- Audit decision: ACCEPT_OUT_OF_SLICE — supplied fixed-semantics declaration/rule; guard/sort/priority reviewed and no match or dependency on this entry claim
10894:
10895:```k
10896:  rule buildVS(_:ValSeq, I:Int, STOP:Int, STEP:Int) => .ValSeq
10897:```
10898:
10899:### K-0885 — `semantics/subscript.k:116`
10900:
10901:- Lines: 116–116
10902:- Classification: local syntax/function declaration
10903:- Attributes: function
10904:- Entry slice: no
10905:- Audit decision: ACCEPT_OUT_OF_SLICE — supplied fixed-semantics declaration/rule; guard/sort/priority reviewed and no match or dependency on this entry claim
10906:
10907:```k
10908:  syntax IntSeq ::= buildIS(IntSeq, Int, Int, Int) [function]
10909:```
10910:
10911:### K-0886 — `semantics/subscript.k:117`
10912:
10913:- Lines: 117–118
10914:- Classification: function/equational rule
10915:- Attributes: none
10916:- Entry slice: no
10917:- Audit decision: ACCEPT_OUT_OF_SLICE — supplied fixed-semantics declaration/rule; guard/sort/priority reviewed and no match or dependency on this entry claim
10918:
10919:```k
10920:  rule buildIS(IS:IntSeq, I:Int, STOP:Int, STEP:Int)
10921:    => iCons(intSeqAt(IS, I), buildIS(IS, I +Int STEP, STOP, STEP))
10922:```
10923:
10924:### K-0887 — `semantics/subscript.k:120`
10925:
10926:- Lines: 120–120
10927:- Classification: function/equational rule
10928:- Attributes: none
10929:- Entry slice: no
10930:- Audit decision: ACCEPT_OUT_OF_SLICE — supplied fixed-semantics declaration/rule; guard/sort/priority reviewed and no match or dependency on this entry claim
10931:
10932:```k
10933:  rule buildIS(_:IntSeq, I:Int, STOP:Int, STEP:Int) => .IntSeq
10934:```
10935:
10936:### K-0888 — `semantics/syntax.k:9`
10937:
10938:- Lines: 9–30
10939:- Classification: local syntax/function declaration
10940:- Attributes: macro, strict, seqstrict
10941:- Entry slice: yes
10942:- Audit decision: ACCEPT_USED — checked on the entry execution slice for binding, evaluation order, control/state footprint, and result flow
10943:
10944:```k
10945:  syntax Expr ::= "Int"      "(" Int ")"
10946:                | "Float"    "(" Float ")"
10947:                | "Bool"     "(" Bool ")"
10948:                | "Name"     "(" String ")"
10949:                | "Str"      "(" String ")"
10950:                | "UnaryOp"  "(" String "," Expr ")" [strict(2)]
10951:                | "BinOp"    "(" String "," Expr "," Expr ")" [seqstrict(2, 3)]
10952:                | "BoolOp"    "(" String "," Exprs ")"
10953:                | "ListExpr"  "(" Exprs ")"
10954:                | "DictExpr"  "(" Entries ")"
10955:                | "ListComp"  "(" Expr "," CompFors ")" [macro]
10956:                | "GenExp"    "(" Expr "," CompFors ")" [macro]
10957:                | "TupleExpr" "(" Exprs ")"
10958:                | "Subscript" "(" Expr "," Index ")"
10959:                | "IfExp"     "(" Expr "," Expr "," Expr ")" [strict(1)]
10960:                | "Lambda"    "(" Params "," Expr ")"
10961:                | "KwArg"     "(" String "," Expr ")"
10962:                | "Lambda"    "(" Params "," CellVars "," FreeVars "," Expr ")"
10963:                | "NoneVal"
10964:                | "Call"      "(" Expr "," Exprs ")"
10965:                | "Attribute" "(" Expr "," String ")" [strict(1)]
10966:                | "Compare"   "(" Expr "," CmpOp ")"
10967:```
10968:
10969:### K-0889 — `semantics/syntax.k:32`
10970:
10971:- Lines: 32–32
10972:- Classification: local syntax/function declaration
10973:- Attributes: none
10974:- Entry slice: no
10975:- Audit decision: ACCEPT_OUT_OF_SLICE — supplied fixed-semantics declaration/rule; guard/sort/priority reviewed and no match or dependency on this entry claim
10976:
10977:```k
10978:  syntax CmpOp    ::= "CmpOp" "(" String "," Expr ")"
10979:```
10980:
10981:### K-0890 — `semantics/syntax.k:33`
10982:
10983:- Lines: 33–33
10984:- Classification: local syntax/function declaration
10985:- Attributes: none
10986:- Entry slice: no
10987:- Audit decision: ACCEPT_OUT_OF_SLICE — supplied fixed-semantics declaration/rule; guard/sort/priority reviewed and no match or dependency on this entry claim
10988:
10989:```k
10990:  syntax Entry    ::= "Entry" "(" Expr "," Expr ")"
10991:```
10992:
10993:### K-0891 — `semantics/syntax.k:34`
10994:
10995:- Lines: 34–34
10996:- Classification: local syntax/function declaration
10997:- Attributes: none
10998:- Entry slice: no
10999:- Audit decision: ACCEPT_OUT_OF_SLICE — supplied fixed-semantics declaration/rule; guard/sort/priority reviewed and no match or dependency on this entry claim
11000:
11001:```k
11002:  syntax Entries  ::= List{Entry, ","}
11003:```
11004:
11005:### K-0892 — `semantics/syntax.k:35`
11006:
11007:- Lines: 35–35
11008:- Classification: local syntax/function declaration
11009:- Attributes: none
11010:- Entry slice: no
11011:- Audit decision: ACCEPT_OUT_OF_SLICE — supplied fixed-semantics declaration/rule; guard/sort/priority reviewed and no match or dependency on this entry claim
11012:
11013:```k
11014:  syntax CompFor  ::= "CompFor" "(" Expr "," Expr "," Exprs ")"
11015:```
11016:
11017:### K-0893 — `semantics/syntax.k:36`
11018:
11019:- Lines: 36–36
11020:- Classification: local syntax/function declaration
11021:- Attributes: none
11022:- Entry slice: no
11023:- Audit decision: ACCEPT_OUT_OF_SLICE — supplied fixed-semantics declaration/rule; guard/sort/priority reviewed and no match or dependency on this entry claim
11024:
11025:```k
11026:  syntax CompFors ::= List{CompFor, ""}
11027:```
11028:
11029:### K-0894 — `semantics/syntax.k:37`
11030:
11031:- Lines: 37–37
11032:- Classification: local syntax/function declaration
11033:- Attributes: none
11034:- Entry slice: no
11035:- Audit decision: ACCEPT_OUT_OF_SLICE — supplied fixed-semantics declaration/rule; guard/sort/priority reviewed and no match or dependency on this entry claim
11036:
11037:```k
11038:  syntax Exprs    ::= List{Expr, ","}
11039:```
11040:
11041:### K-0895 — `semantics/syntax.k:38`
11042:
11043:- Lines: 38–38
11044:- Classification: local syntax/function declaration
11045:- Attributes: none
11046:- Entry slice: no
11047:- Audit decision: ACCEPT_OUT_OF_SLICE — supplied fixed-semantics declaration/rule; guard/sort/priority reviewed and no match or dependency on this entry claim
11048:
11049:```k
11050:  syntax Index    ::= Expr | "Slice" "(" Bound "," Bound "," Bound ")"
11051:```
11052:
11053:### K-0896 — `semantics/syntax.k:39`
11054:
11055:- Lines: 39–39
11056:- Classification: local syntax/function declaration
11057:- Attributes: none
11058:- Entry slice: no
11059:- Audit decision: ACCEPT_OUT_OF_SLICE — supplied fixed-semantics declaration/rule; guard/sort/priority reviewed and no match or dependency on this entry claim
11060:
11061:```k
11062:  syntax Bound    ::= Expr | "NoBound"
11063:```
11064:
11065:### K-0897 — `semantics/syntax.k:41`
11066:
11067:- Lines: 41–54
11068:- Classification: local syntax/function declaration
11069:- Attributes: strict
11070:- Entry slice: yes
11071:- Audit decision: ACCEPT_USED — checked on the entry execution slice for binding, evaluation order, control/state footprint, and result flow
11072:
11073:```k
11074:  syntax Stmt ::= "Assign"    "(" Expr "," Expr ")" [strict(2)]
11075:                | "Import"    "(" String ")"
11076:                | "ImportFrom" "(" String "," ParamNames ")"
11077:                | "AugAssign" "(" Expr "," String "," Expr ")" [strict(3)]
11078:                | "For"       "(" Expr "," Expr "," Stmts ")" [strict(2)]
11079:                | "While"     "(" Expr "," Stmts ")"
11080:                | "Break"
11081:                | "Continue"
11082:                | "If"        "(" Expr "," Stmts "," Stmts ")" [strict(1)]
11083:                | "Return"    "(" Expr ")" [strict]
11084:                | "Assert"    "(" Expr ")" [strict]
11085:                | "Expr"      "(" Expr ")" [strict]
11086:                | "FuncDef"   "(" String "," Params "," Stmts ")"
11087:                | "FuncDef"   "(" String "," Params "," CellVars "," FreeVars "," Stmts ")"
11088:```
11089:
11090:### K-0898 — `semantics/syntax.k:56`
11091:
11092:- Lines: 56–56
11093:- Classification: local syntax/function declaration
11094:- Attributes: none
11095:- Entry slice: yes
11096:- Audit decision: ACCEPT_USED — checked on the entry execution slice for binding, evaluation order, control/state footprint, and result flow
11097:
11098:```k
11099:  syntax Stmts      ::= List{Stmt, ""}
11100:```
11101:
11102:### K-0899 — `semantics/syntax.k:57`
11103:
11104:- Lines: 57–57
11105:- Classification: local syntax/function declaration
11106:- Attributes: none
11107:- Entry slice: yes
11108:- Audit decision: ACCEPT_USED — checked on the entry execution slice for binding, evaluation order, control/state footprint, and result flow
11109:
11110:```k
11111:  syntax Params     ::= "Params" "(" ParamNames ")"
11112:```
11113:
11114:### K-0900 — `semantics/syntax.k:58`
11115:
11116:- Lines: 58–58
11117:- Classification: local syntax/function declaration
11118:- Attributes: none
11119:- Entry slice: yes
11120:- Audit decision: ACCEPT_USED — checked on the entry execution slice for binding, evaluation order, control/state footprint, and result flow
11121:
11122:```k
11123:  syntax CellVars   ::= "CellVars" "(" ParamNames ")"
11124:```
11125:
11126:### K-0901 — `semantics/syntax.k:59`
11127:
11128:- Lines: 59–59
11129:- Classification: local syntax/function declaration
11130:- Attributes: none
11131:- Entry slice: yes
11132:- Audit decision: ACCEPT_USED — checked on the entry execution slice for binding, evaluation order, control/state footprint, and result flow
11133:
11134:```k
11135:  syntax FreeVars   ::= "FreeVars" "(" ParamNames ")"
11136:```
11137:
11138:### K-0902 — `semantics/syntax.k:60`
11139:
11140:- Lines: 60–60
11141:- Classification: local syntax/function declaration
11142:- Attributes: none
11143:- Entry slice: yes
11144:- Audit decision: ACCEPT_USED — checked on the entry execution slice for binding, evaluation order, control/state footprint, and result flow
11145:
11146:```k
11147:  syntax ParamNames ::= List{String, ","}
11148:```
11149:
11150:### K-0903 — `semantics/syntax.k:61`
11151:
11152:- Lines: 61–61
11153:- Classification: local syntax/function declaration
11154:- Attributes: none
11155:- Entry slice: yes
11156:- Audit decision: ACCEPT_USED — checked on the entry execution slice for binding, evaluation order, control/state footprint, and result flow
11157:
11158:```k
11159:  syntax Module     ::= "Module" "(" Stmts ")"
11160:```
11161:
11162:### K-0904 — `semantics/tuple.k:10`
11163:
11164:- Lines: 10–10
11165:- Classification: ordinary operational semantic rule
11166:- Attributes: none
11167:- Entry slice: no
11168:- Audit decision: ACCEPT_OUT_OF_SLICE — supplied fixed-semantics declaration/rule; guard/sort/priority reviewed and no match or dependency on this entry claim
11169:
11170:```k
11171:  rule <k> #iterNext(tuple(.ValSeq))                => #iterDone ... </k>
11172:```
11173:
11174:### K-0905 — `semantics/tuple.k:11`
11175:
11176:- Lines: 11–11
11177:- Classification: ordinary operational semantic rule
11178:- Attributes: none
11179:- Entry slice: no
11180:- Audit decision: ACCEPT_OUT_OF_SLICE — supplied fixed-semantics declaration/rule; guard/sort/priority reviewed and no match or dependency on this entry claim
11181:
11182:```k
11183:  rule <k> #iterNext(tuple(vCons(V:Val, R:ValSeq))) => #iterYield(V, tuple(R)) ... </k>
11184:```
11185:
11186:### K-0906 — `semantics/tuple.k:14`
11187:
11188:- Lines: 14–14
11189:- Classification: local syntax/function declaration
11190:- Attributes: none
11191:- Entry slice: no
11192:- Audit decision: ACCEPT_OUT_OF_SLICE — supplied fixed-semantics declaration/rule; guard/sort/priority reviewed and no match or dependency on this entry claim
11193:
11194:```k
11195:  syntax ApplyK ::= "toTuple"
11196:```
11197:
11198:### K-0907 — `semantics/tuple.k:15`
11199:
11200:- Lines: 15–15
11201:- Classification: ordinary operational semantic rule
11202:- Attributes: none
11203:- Entry slice: no
11204:- Audit decision: ACCEPT_OUT_OF_SLICE — supplied fixed-semantics declaration/rule; guard/sort/priority reviewed and no match or dependency on this entry claim
11205:
11206:```k
11207:  rule <k> TupleExpr(ES:Exprs) => #evalArgs(ES, .Vals, toTuple) ... </k>
11208:```
11209:
11210:### K-0908 — `semantics/tuple.k:16`
11211:
11212:- Lines: 16–16
11213:- Classification: ordinary operational semantic rule
11214:- Attributes: none
11215:- Entry slice: no
11216:- Audit decision: ACCEPT_OUT_OF_SLICE — supplied fixed-semantics declaration/rule; guard/sort/priority reviewed and no match or dependency on this entry claim
11217:
11218:```k
11219:  rule <k> #applyK(toTuple, ACC:Vals) => tuple(vals2valSeq(ACC)) ... </k>
11220:```
11221:
11222:### K-0909 — `semantics/tuple.k:18`
11223:
11224:- Lines: 18–18
11225:- Classification: function/equational rule
11226:- Attributes: none
11227:- Entry slice: no
11228:- Audit decision: ACCEPT_OUT_OF_SLICE — supplied fixed-semantics declaration/rule; guard/sort/priority reviewed and no match or dependency on this entry claim
11229:
11230:```k
11231:  rule applyCmp("==", tuple(A:ValSeq), tuple(B:ValSeq)) => A ==K B
11232:```
11233:
11234:### K-0910 — `semantics/tuple.k:20`
11235:
11236:- Lines: 20–20
11237:- Classification: ordinary operational semantic rule
11238:- Attributes: none
11239:- Entry slice: no
11240:- Audit decision: ACCEPT_OUT_OF_SLICE — supplied fixed-semantics declaration/rule; guard/sort/priority reviewed and no match or dependency on this entry claim
11241:
11242:```k
11243:  rule <k> Compare(LV:Val, CmpOp("in",     tuple(VS:ValSeq))) => #memberAcc(LV, tuple(VS)) ... </k>
11244:```
11245:
11246:### K-0911 — `semantics/tuple.k:21`
11247:
11248:- Lines: 21–21
11249:- Classification: ordinary operational semantic rule
11250:- Attributes: none
11251:- Entry slice: no
11252:- Audit decision: ACCEPT_OUT_OF_SLICE — supplied fixed-semantics declaration/rule; guard/sort/priority reviewed and no match or dependency on this entry claim
11253:
11254:```k
11255:  rule <k> Compare(LV:Val, CmpOp("not in", tuple(VS:ValSeq))) => #memberAcc(LV, tuple(VS)) ~> #notB ... </k>
11256:```
11257:
11258:### K-0912 — `semantics/tuple.k:23`
11259:
11260:- Lines: 23–23
11261:- Classification: function/equational rule
11262:- Attributes: none
11263:- Entry slice: no
11264:- Audit decision: ACCEPT_OUT_OF_SLICE — supplied fixed-semantics declaration/rule; guard/sort/priority reviewed and no match or dependency on this entry claim
11265:
11266:```k
11267:  rule applyMethod(tuple(VS:ValSeq), "index", V:Val, .Vals) => idxOfVS(VS, V, 0)
11268:```
11269:
11270:### K-0913 — `semantics/tuple.k:24`
11271:
11272:- Lines: 24–24
11273:- Classification: local syntax/function declaration
11274:- Attributes: function
11275:- Entry slice: no
11276:- Audit decision: ACCEPT_OUT_OF_SLICE — supplied fixed-semantics declaration/rule; guard/sort/priority reviewed and no match or dependency on this entry claim
11277:
11278:```k
11279:  syntax Int ::= idxOfVS(ValSeq, Val, Int) [function]
11280:```
11281:
11282:### K-0914 — `semantics/tuple.k:25`
11283:
11284:- Lines: 25–25
11285:- Classification: function/equational rule
11286:- Attributes: none
11287:- Entry slice: no
11288:- Audit decision: ACCEPT_OUT_OF_SLICE — supplied fixed-semantics declaration/rule; guard/sort/priority reviewed and no match or dependency on this entry claim
11289:
11290:```k
11291:  rule idxOfVS(vCons(A:Val, _:ValSeq), V:Val, I:Int) => I requires A ==K V
11292:```
11293:
11294:### K-0915 — `semantics/tuple.k:26`
11295:
11296:- Lines: 26–26
11297:- Classification: function/equational rule
11298:- Attributes: none
11299:- Entry slice: no
11300:- Audit decision: ACCEPT_OUT_OF_SLICE — supplied fixed-semantics declaration/rule; guard/sort/priority reviewed and no match or dependency on this entry claim
11301:
11302:```k
11303:  rule idxOfVS(vCons(A:Val, R:ValSeq), V:Val, I:Int) => idxOfVS(R, V, I +Int 1)
11304:```
11305:
11306:### K-0916 — `semantics/tuple.k:28`
11307:
11308:- Lines: 28–28
11309:- Classification: function/equational rule
11310:- Attributes: none
11311:- Entry slice: no
11312:- Audit decision: ACCEPT_OUT_OF_SLICE — supplied fixed-semantics declaration/rule; guard/sort/priority reviewed and no match or dependency on this entry claim
11313:
11314:```k
11315:  rule applyCmp("!=", tuple(A:ValSeq), tuple(B:ValSeq)) => notBool (A ==K B)
11316:```
11317:
11318:### K-0917 — `semantics/tuple.k:31`
11319:
11320:- Lines: 31–31
11321:- Classification: local syntax/function declaration
11322:- Attributes: none
11323:- Entry slice: no
11324:- Audit decision: ACCEPT_OUT_OF_SLICE — supplied fixed-semantics declaration/rule; guard/sort/priority reviewed and no match or dependency on this entry claim
11325:
11326:```k
11327:  syntax KItem ::= #bindTgt(Expr, Val)
11328:```
11329:
11330:### K-0918 — `semantics/tuple.k:32`
11331:
11332:- Lines: 32–34
11333:- Classification: ordinary operational semantic rule
11334:- Attributes: none
11335:- Entry slice: no
11336:- Audit decision: ACCEPT_OUT_OF_SLICE — supplied fixed-semantics declaration/rule; guard/sort/priority reviewed and no match or dependency on this entry claim
11337:
11338:```k
11339:  rule <k> #bindTgt(Name(X:String), V:Val) => .K ... </k>
11340:       <env> L:Int </env>
11341:       <scopes> ... L |-> scope(M:Map => M [ X <- V ], _) ... </scopes>
11342:```
11343:
11344:### K-0919 — `semantics/tuple.k:35`
11345:
11346:- Lines: 35–37
11347:- Classification: ordinary operational semantic rule
11348:- Attributes: none
11349:- Entry slice: no
11350:- Audit decision: ACCEPT_OUT_OF_SLICE — supplied fixed-semantics declaration/rule; guard/sort/priority reviewed and no match or dependency on this entry claim
11351:
11352:```k
11353:  rule <k> #bindTgt(Name(X:String), V:Val) => #cellW({M[X]}:>Val, V) ... </k>
11354:       <env> L:Int </env>
11355:       <scopes> ... L |-> scope(M:Map, _) ... </scopes>
11356:```
11357:
11358:### K-0920 — `semantics/tuple.k:42`
11359:
11360:- Lines: 42–42
11361:- Classification: ordinary operational semantic rule
11362:- Attributes: none
11363:- Entry slice: no
11364:- Audit decision: ACCEPT_OUT_OF_SLICE — supplied fixed-semantics declaration/rule; guard/sort/priority reviewed and no match or dependency on this entry claim
11365:
11366:```k
11367:  rule <k> #bindTgt(TupleExpr(TS:Exprs), tuple(VS:ValSeq)) => #unpackSeq(TS, VS) ... </k>
11368:```
11369:
11370:### K-0921 — `semantics/tuple.k:43`
11371:
11372:- Lines: 43–43
11373:- Classification: ordinary operational semantic rule
11374:- Attributes: none
11375:- Entry slice: no
11376:- Audit decision: ACCEPT_OUT_OF_SLICE — supplied fixed-semantics declaration/rule; guard/sort/priority reviewed and no match or dependency on this entry claim
11377:
11378:```k
11379:  rule <k> #bindTgt(TupleExpr(TS:Exprs), list(VS:ValSeq))  => #unpackSeq(TS, VS) ... </k>
11380:```
11381:
11382:### K-0922 — `semantics/tuple.k:44`
11383:
11384:- Lines: 44–46
11385:- Classification: ordinary operational semantic rule; priority rule
11386:- Attributes: priority
11387:- Entry slice: no
11388:- Audit decision: ACCEPT_OUT_OF_SLICE — supplied fixed-semantics declaration/rule; guard/sort/priority reviewed and no match or dependency on this entry claim
11389:
11390:```k
11391:  rule <k> #bindTgt(TupleExpr(TS:Exprs), ref(H:Int)) => #bindTgt(TupleExpr(TS), V) ... </k>
11392:       <heap> ... H |-> V:Val ... </heap>
11393:       [priority(40)]
11394:```
11395:
11396:### K-0923 — `semantics/tuple.k:49`
11397:
11398:- Lines: 49–49
11399:- Classification: local syntax/function declaration
11400:- Attributes: none
11401:- Entry slice: no
11402:- Audit decision: ACCEPT_OUT_OF_SLICE — supplied fixed-semantics declaration/rule; guard/sort/priority reviewed and no match or dependency on this entry claim
11403:
11404:```k
11405:  syntax KItem ::= #unpackSeq(Exprs, ValSeq)
11406:```
11407:
11408:### K-0924 — `semantics/tuple.k:50`
11409:
11410:- Lines: 50–50
11411:- Classification: ordinary operational semantic rule
11412:- Attributes: none
11413:- Entry slice: no
11414:- Audit decision: ACCEPT_OUT_OF_SLICE — supplied fixed-semantics declaration/rule; guard/sort/priority reviewed and no match or dependency on this entry claim
11415:
11416:```k
11417:  rule <k> Assign(TupleExpr(TS:Exprs), tuple(VS:ValSeq)) => #unpackSeq(TS, VS) ... </k>
11418:```
11419:
11420:### K-0925 — `semantics/tuple.k:51`
11421:
11422:- Lines: 51–51
11423:- Classification: ordinary operational semantic rule
11424:- Attributes: none
11425:- Entry slice: no
11426:- Audit decision: ACCEPT_OUT_OF_SLICE — supplied fixed-semantics declaration/rule; guard/sort/priority reviewed and no match or dependency on this entry claim
11427:
11428:```k
11429:  rule <k> Assign(TupleExpr(TS:Exprs), list(VS:ValSeq))  => #unpackSeq(TS, VS) ... </k>
11430:```
11431:
11432:### K-0926 — `semantics/tuple.k:52`
11433:
11434:- Lines: 52–54
11435:- Classification: ordinary operational semantic rule; priority rule
11436:- Attributes: priority
11437:- Entry slice: no
11438:- Audit decision: ACCEPT_OUT_OF_SLICE — supplied fixed-semantics declaration/rule; guard/sort/priority reviewed and no match or dependency on this entry claim
11439:
11440:```k
11441:  rule <k> Assign(TupleExpr(TS:Exprs), ref(H:Int)) => Assign(TupleExpr(TS), V) ... </k>
11442:       <heap> ... H |-> V:Val ... </heap>
11443:       [priority(40)]
11444:```
11445:
11446:### K-0927 — `semantics/tuple.k:55`
11447:
11448:- Lines: 55–56
11449:- Classification: ordinary operational semantic rule
11450:- Attributes: none
11451:- Entry slice: no
11452:- Audit decision: ACCEPT_OUT_OF_SLICE — supplied fixed-semantics declaration/rule; guard/sort/priority reviewed and no match or dependency on this entry claim
11453:
11454:```k
11455:  rule <k> #unpackSeq((T:Expr, TS:Exprs), vCons(V:Val, VS:ValSeq))
11456:        => #bindTgt(T, V) ~> #unpackSeq(TS, VS) ... </k>
11457:```
11458:
11459:### K-0928 — `semantics/tuple.k:57`
11460:
11461:- Lines: 57–57
11462:- Classification: ordinary operational semantic rule
11463:- Attributes: none
11464:- Entry slice: no
11465:- Audit decision: ACCEPT_OUT_OF_SLICE — supplied fixed-semantics declaration/rule; guard/sort/priority reviewed and no match or dependency on this entry claim
11466:
11467:```k
11468:  rule <k> #unpackSeq(.Exprs, .ValSeq) => .K ... </k>
11469:```
11470:
11471:### K-0929 — `verification.k:8`
11472:
11473:- Lines: 8–8
11474:- Classification: local syntax/function declaration
11475:- Attributes: macro
11476:- Entry slice: yes
11477:- Audit decision: ACCEPT_USED — exact submitted AST macro; expands syntax and leaves all program control/value computation to fixed semantics
11478:
11479:```k
11480:  syntax Module ::= "solutionProgram" [macro]
11481:```
11482:
11483:### K-0930 — `verification.k:9`
11484:
11485:- Lines: 9–12
11486:- Classification: function/equational rule
11487:- Attributes: none
11488:- Entry slice: yes
11489:- Audit decision: ACCEPT_USED — exact submitted AST macro; expands syntax and leaves all program control/value computation to fixed semantics
11490:
11491:```k
11492:  rule solutionProgram
11493:    => Module(
11494:         FuncDef("truncate_number", Params("number"),
11495:           Return(BinOp("%", Name("number"), Float(1.0)))))
11496:```
11497:
11498:### K-0931 — `spec.k:10`
11499:
11500:- Lines: 10–32
11501:- Classification: positive reachability claim
11502:- Attributes: none
11503:- Entry slice: yes
11504:- Audit decision: ACCEPT_WITH_BOUNDARY — satisfiable and result-constraining; the floatMod-to-human-decimal bridge remains a named primitive contract
11505:
11506:```k
11507:  claim
11508:    <k> #loadAll(solutionProgram)
11509:         ~> Call(Name("truncate_number"), (Float(N:Float), .Exprs))
11510:      => floatMod(N, 1.0) </k>
11511:    <env> 0 </env>
11512:    <scopes>
11513:      0 |-> scope(.Map, parent(-1))
11514:      -1 |-> builtinsScope
11515:      => 0 |-> scope(
11516:           "truncate_number" |-> closureVal(
11517:             ("number", .ParamNames),
11518:             Return(BinOp("%", Name("number"), Float(1.0))) .Stmts,
11519:             0),
11520:           parent(-1))
11521:         -1 |-> builtinsScope
11522:    </scopes>
11523:    <scopeLoc> 1 </scopeLoc>
11524:    <heap> .Map </heap>
11525:    <heapLoc> 0 </heapLoc>
11526:    <stack> .List </stack>
11527:    <ret> noRet </ret>
11528:    <exc> NoExc </exc>
11529:    <exit-code> 0 </exit-code>
11530:```
11531:
[exit 0]
$ rg -c \^###\ K-\[0-9\]\{4\} /audit-output/evidence/rule_inventory.md
931
[exit 0]

Script done on 2026-07-24 06:44:12-05:00 [COMMAND_EXIT_CODE="0"]
